frame,time,actual_video_time,faces_detected_count,face_0_tl_x,face_0_tl_y,face_0_br_x,face_0_br_y,face_1_tl_x,face_1_tl_y,face_1_br_x,face_1_br_y,face_2_tl_x,face_2_tl_y,face_2_br_x,face_2_br_y
17269,09:27.000,09:27.030,1,-54.0,989.0,80.0,1167.0,,,,,,,,
17284,09:27.500,09:27.530,0,,,,,,,,,,,,
17299,09:28.000,09:28.030,0,,,,,,,,,,,,
17314,09:28.500,09:28.530,0,,,,,,,,,,,,
17329,09:29.000,09:29.030,0,,,,,,,,,,,,
17344,09:29.500,09:29.530,0,,,,,,,,,,,,
17359,09:30.000,09:30.032,0,,,,,,,,,,,,
17374,09:30.500,09:30.532,0,,,,,,,,,,,,
17389,09:31.000,09:31.032,0,,,,,,,,,,,,
17404,09:31.500,09:31.532,0,,,,,,,,,,,,
17419,09:32.000,09:32.032,0,,,,,,,,,,,,
17434,09:32.500,09:32.532,0,,,,,,,,,,,,
17449,09:33.000,09:33.023,0,,,,,,,,,,,,
17464,09:33.500,09:33.523,0,,,,,,,,,,,,
17479,09:34.000,09:34.025,0,,,,,,,,,,,,
17494,09:34.500,09:34.525,0,,,,,,,,,,,,
17509,09:35.000,09:35.025,0,,,,,,,,,,,,
17524,09:35.500,09:35.525,0,,,,,,,,,,,,
17539,09:36.000,09:36.025,0,,,,,,,,,,,,
17554,09:36.500,09:36.525,0,,,,,,,,,,,,
17569,09:37.000,09:37.025,0,,,,,,,,,,,,
17584,09:37.500,09:37.525,0,,,,,,,,,,,,
17599,09:38.000,09:38.025,0,,,,,,,,,,,,
17614,09:38.500,09:38.527,0,,,,,,,,,,,,
17629,09:39.000,09:39.027,0,,,,,,,,,,,,
17644,09:39.500,09:39.527,0,,,,,,,,,,,,
17659,09:40.000,09:40.027,1,477.0,1081.0,590.0,1238.0,,,,,,,,
17674,09:40.500,09:40.527,1,571.0,1124.0,679.0,1279.0,,,,,,,,
17689,09:41.000,09:41.027,1,481.0,1126.0,595.0,1286.0,,,,,,,,
17704,09:41.500,09:41.527,1,145.0,1027.0,278.0,1197.0,,,,,,,,
17719,09:42.000,09:42.027,1,-2.0,1023.0,134.0,1200.0,,,,,,,,
17734,09:42.500,09:42.528,1,-54.0,1056.0,78.0,1233.0,,,,,,,,
17749,09:43.000,09:43.028,0,,,,,,,,,,,,
17764,09:43.500,09:43.528,0,,,,,,,,,,,,
17779,09:44.000,09:44.028,0,,,,,,,,,,,,
17794,09:44.500,09:44.528,0,,,,,,,,,,,,
17809,09:45.000,09:45.028,0,,,,,,,,,,,,
17824,09:45.500,09:45.528,0,,,,,,,,,,,,
17839,09:46.000,09:46.028,0,,,,,,,,,,,,
17855,09:46.500,09:46.528,0,,,,,,,,,,,,
17870,09:47.000,09:47.030,0,,,,,,,,,,,,
17885,09:47.500,09:47.530,0,,,,,,,,,,,,
17900,09:48.000,09:48.030,0,,,,,,,,,,,,
17915,09:48.500,09:48.530,1,25.0,925.0,171.0,1100.0,,,,,,,,
17930,09:49.000,09:49.030,1,239.0,898.0,372.0,1062.0,,,,,,,,
17945,09:49.500,09:49.530,1,315.0,931.0,441.0,1089.0,,,,,,,,
17960,09:50.000,09:50.030,1,297.0,891.0,433.0,1053.0,,,,,,,,
17975,09:50.500,09:50.530,1,474.0,1045.0,606.0,1201.0,,,,,,,,
17990,09:51.000,09:51.032,1,697.0,1046.0,818.0,1196.0,,,,,,,,
18005,09:51.500,09:51.532,2,798.0,1044.0,909.0,1191.0,-9.0,1032.0,157.0,1335.0,,,,
18020,09:52.000,09:52.032,2,827.0,1052.0,939.0,1202.0,29.0,1037.0,192.0,1343.0,,,,
18035,09:52.500,09:52.532,2,795.0,1049.0,910.0,1202.0,-43.0,1040.0,131.0,1341.0,,,,
18050,09:53.000,09:53.023,2,822.0,1039.0,933.0,1190.0,-13.0,1041.0,155.0,1343.0,,,,
18065,09:53.500,09:53.515,2,854.0,1069.0,963.0,1219.0,8.0,1062.0,177.0,1364.0,,,,
18081,09:54.000,09:54.023,2,824.0,1049.0,933.0,1198.0,-34.0,1033.0,136.0,1346.0,,,,
18096,09:54.500,09:54.523,2,806.0,1047.0,916.0,1195.0,-61.0,1034.0,124.0,1344.0,,,,
18111,09:55.000,09:55.023,1,794.0,1055.0,906.0,1204.0,,,,,,,,
18126,09:55.500,09:55.525,1,748.0,1060.0,863.0,1210.0,,,,,,,,
18141,09:56.000,09:56.025,1,702.0,1061.0,818.0,1211.0,,,,,,,,
18156,09:56.500,09:56.525,1,677.0,1056.0,793.0,1212.0,,,,,,,,
18171,09:57.000,09:57.025,1,685.0,1066.0,801.0,1221.0,,,,,,,,
18186,09:57.500,09:57.525,1,702.0,1065.0,819.0,1219.0,,,,,,,,
18201,09:58.000,09:58.025,1,700.0,1065.0,816.0,1221.0,,,,,,,,
18216,09:58.500,09:58.525,1,724.0,1066.0,839.0,1219.0,,,,,,,,
18231,09:59.000,09:59.025,1,726.0,1061.0,840.0,1210.0,,,,,,,,
18246,09:59.500,09:59.527,1,724.0,1056.0,838.0,1207.0,,,,,,,,
18261,10:00.000,10:00.027,1,725.0,1031.0,838.0,1181.0,,,,,,,,
18276,10:00.500,10:00.527,1,721.0,1034.0,837.0,1188.0,,,,,,,,
18291,10:01.000,10:01.027,1,707.0,1034.0,823.0,1191.0,,,,,,,,
18306,10:01.500,10:01.527,1,696.0,1033.0,812.0,1197.0,,,,,,,,
18321,10:02.000,10:02.027,1,694.0,1036.0,809.0,1196.0,,,,,,,,
18336,10:02.500,10:02.527,1,692.0,1048.0,808.0,1204.0,,,,,,,,
18351,10:03.000,10:03.027,1,688.0,1052.0,805.0,1210.0,,,,,,,,
18366,10:03.500,10:03.527,1,687.0,1053.0,804.0,1211.0,,,,,,,,
18381,10:04.000,10:04.028,1,683.0,1052.0,801.0,1208.0,,,,,,,,
18396,10:04.500,10:04.528,1,693.0,1072.0,809.0,1232.0,,,,,,,,
18411,10:05.000,10:05.028,1,715.0,1068.0,831.0,1223.0,,,,,,,,
18426,10:05.500,10:05.528,1,726.0,1032.0,841.0,1189.0,,,,,,,,
18441,10:06.000,10:06.028,1,724.0,1019.0,839.0,1177.0,,,,,,,,
18456,10:06.500,10:06.528,1,723.0,1030.0,838.0,1182.0,,,,,,,,
18471,10:07.000,10:07.028,1,718.0,1025.0,833.0,1178.0,,,,,,,,
18486,10:07.500,10:07.528,1,731.0,1046.0,846.0,1201.0,,,,,,,,
18501,10:08.000,10:08.030,2,881.0,1030.0,991.0,1178.0,42.0,1021.0,200.0,1331.0,,,,
18516,10:08.500,10:08.530,2,798.0,794.0,908.0,936.0,-50.0,814.0,110.0,1099.0,,,,
18531,10:09.000,10:09.030,2,907.0,931.0,1016.0,1079.0,103.0,965.0,256.0,1260.0,,,,
18546,10:09.500,10:09.530,2,891.0,944.0,1001.0,1088.0,91.0,916.0,244.0,1207.0,,,,
18561,10:10.000,10:10.030,2,860.0,1043.0,971.0,1193.0,-86.0,1004.0,153.0,1350.0,,,,
18576,10:10.500,10:10.530,1,841.0,979.0,952.0,1129.0,,,,,,,,
18591,10:11.000,10:11.030,1,758.0,920.0,872.0,1070.0,,,,,,,,
18606,10:11.500,10:11.530,1,93.0,1079.0,255.0,1265.0,,,,,,,,
18621,10:12.000,10:12.030,1,620.0,1073.0,743.0,1231.0,,,,,,,,
18636,10:12.500,10:12.523,1,742.0,1034.0,856.0,1186.0,,,,,,,,
18651,10:13.000,10:13.023,2,894.0,911.0,1002.0,1057.0,-115.0,880.0,151.0,1232.0,,,,
18666,10:13.500,10:13.523,1,889.0,947.0,997.0,1094.0,,,,,,,,
18681,10:14.000,10:14.023,1,877.0,1009.0,987.0,1157.0,,,,,,,,
18696,10:14.500,10:14.523,1,625.0,1117.0,745.0,1278.0,,,,,,,,
18711,10:15.000,10:15.023,2,858.0,1040.0,969.0,1194.0,20.0,1034.0,175.0,1325.0,,,,
18726,10:15.500,10:15.523,1,418.0,1253.0,557.0,1439.0,,,,,,,,
18741,10:16.000,10:16.023,0,,,,,,,,,,,,
18756,10:16.500,10:16.525,0,,,,,,,,,,,,
18771,10:17.000,10:17.025,2,852.0,1008.0,962.0,1165.0,-20.0,952.0,145.0,1250.0,,,,
18786,10:17.500,10:17.525,1,832.0,980.0,945.0,1131.0,,,,,,,,
18801,10:18.000,10:18.025,1,357.0,1082.0,498.0,1257.0,,,,,,,,
18816,10:18.500,10:18.525,1,134.0,1113.0,298.0,1308.0,,,,,,,,
18831,10:19.000,10:19.025,1,34.0,1209.0,211.0,1419.0,,,,,,,,
18846,10:19.500,10:19.525,1,36.0,1253.0,215.0,1453.0,,,,,,,,
18861,10:20.000,10:20.025,1,25.0,1216.0,196.0,1416.0,,,,,,,,
18876,10:20.500,10:20.525,1,43.0,1221.0,214.0,1420.0,,,,,,,,
18891,10:21.000,10:21.027,1,46.0,1185.0,208.0,1375.0,,,,,,,,
18906,10:21.500,10:21.527,1,81.0,1151.0,217.0,1337.0,,,,,,,,
18921,10:22.000,10:22.027,1,23.0,1174.0,169.0,1361.0,,,,,,,,
18936,10:22.500,10:22.527,1,19.0,1179.0,161.0,1367.0,,,,,,,,
18951,10:23.000,10:23.027,1,-3.0,1196.0,135.0,1384.0,,,,,,,,
18966,10:23.500,10:23.527,0,,,,,,,,,,,,
18981,10:24.000,10:24.027,0,,,,,,,,,,,,
18996,10:24.500,10:24.527,0,,,,,,,,,,,,
19011,10:25.000,10:25.028,0,,,,,,,,,,,,
19026,10:25.500,10:25.528,0,,,,,,,,,,,,
19041,10:26.000,10:26.028,0,,,,,,,,,,,,
19056,10:26.500,10:26.528,0,,,,,,,,,,,,
19071,10:27.000,10:27.028,0,,,,,,,,,,,,
19086,10:27.500,10:27.528,1,-28.0,1173.0,113.0,1358.0,,,,,,,,
19101,10:28.000,10:28.028,1,-53.0,1205.0,88.0,1398.0,,,,,,,,
19116,10:28.500,10:28.528,1,-53.0,1219.0,80.0,1412.0,,,,,,,,
19131,10:29.000,10:29.028,0,,,,,,,,,,,,
19146,10:29.500,10:29.530,0,,,,,,,,,,,,
19161,10:30.000,10:30.030,0,,,,,,,,,,,,
19176,10:30.500,10:30.530,0,,,,,,,,,,,,
19191,10:31.000,10:31.030,0,,,,,,,,,,,,
19206,10:31.500,10:31.530,0,,,,,,,,,,,,
19221,10:32.000,10:32.030,1,-55.0,1233.0,92.0,1423.0,,,,,,,,
19236,10:32.500,10:32.530,1,-58.0,1218.0,100.0,1413.0,,,,,,,,
19251,10:33.000,10:33.022,1,-16.0,1199.0,154.0,1389.0,,,,,,,,
19266,10:33.500,10:33.522,1,15.0,1192.0,185.0,1380.0,,,,,,,,
19281,10:34.000,10:34.023,1,12.0,1184.0,183.0,1375.0,,,,,,,,
19296,10:34.500,10:34.523,1,32.0,1170.0,198.0,1360.0,,,,,,,,
19311,10:35.000,10:35.023,1,21.0,1171.0,190.0,1360.0,,,,,,,,
19326,10:35.500,10:35.523,1,643.0,1132.0,763.0,1286.0,,,,,,,,
19341,10:36.000,10:36.023,2,980.0,1083.0,1089.0,1229.0,97.0,1019.0,324.0,1340.0,,,,
19356,10:36.500,10:36.523,1,655.0,1075.0,775.0,1225.0,,,,,,,,
19371,10:37.000,10:37.023,1,275.0,1079.0,420.0,1248.0,,,,,,,,
19386,10:37.500,10:37.523,1,109.0,1079.0,267.0,1259.0,,,,,,,,
19401,10:38.000,10:38.025,1,85.0,1067.0,247.0,1247.0,,,,,,,,
19416,10:38.500,10:38.525,1,90.0,1055.0,249.0,1233.0,,,,,,,,
19431,10:39.000,10:39.025,1,78.0,1064.0,241.0,1243.0,,,,,,,,
19446,10:39.500,10:39.525,1,6.0,1064.0,173.0,1249.0,,,,,,,,
19461,10:40.000,10:40.025,1,-43.0,1080.0,129.0,1265.0,,,,,,,,
19476,10:40.500,10:40.525,1,-45.0,1095.0,108.0,1276.0,,,,,,,,
19491,10:41.000,10:41.025,0,,,,,,,,,,,,
19506,10:41.500,10:41.525,0,,,,,,,,,,,,
19521,10:42.000,10:42.025,1,-58.0,1133.0,83.0,1313.0,,,,,,,,
19536,10:42.500,10:42.527,0,,,,,,,,,,,,
19551,10:43.000,10:43.027,0,,,,,,,,,,,,
19566,10:43.500,10:43.527,0,,,,,,,,,,,,
19581,10:44.000,10:44.027,0,,,,,,,,,,,,
19596,10:44.500,10:44.527,0,,,,,,,,,,,,
19611,10:45.000,10:45.027,0,,,,,,,,,,,,
19626,10:45.500,10:45.527,0,,,,,,,,,,,,
19641,10:46.000,10:46.027,0,,,,,,,,,,,,
19656,10:46.500,10:46.528,0,,,,,,,,,,,,
19671,10:47.000,10:47.028,0,,,,,,,,,,,,
19686,10:47.500,10:47.528,0,,,,,,,,,,,,
19701,10:48.000,10:48.028,0,,,,,,,,,,,,
19716,10:48.500,10:48.528,1,53.0,1168.0,225.0,1358.0,,,,,,,,
19731,10:49.000,10:49.028,2,-9.0,901.0,275.0,1244.0,949.0,1010.0,1058.0,1155.0,,,,
19746,10:49.500,10:49.528,1,1556.0,813.0,1781.0,1141.0,,,,,,,,
19761,10:50.000,10:50.028,1,1489.0,797.0,1707.0,1126.0,,,,,,,,
19776,10:50.500,10:50.528,1,1511.0,853.0,1721.0,1181.0,,,,,,,,
19791,10:51.000,10:51.030,1,1513.0,862.0,1717.0,1183.0,,,,,,,,
19806,10:51.500,10:51.530,1,1481.0,875.0,1683.0,1190.0,,,,,,,,
19821,10:52.000,10:52.030,1,1507.0,877.0,1711.0,1196.0,,,,,,,,
19836,10:52.500,10:52.530,1,1569.0,869.0,1777.0,1191.0,,,,,,,,
19851,10:53.000,10:53.022,0,,,,,,,,,,,,
19866,10:53.500,10:53.522,1,2163.0,816.0,2432.0,1193.0,,,,,,,,
19881,10:54.000,10:54.022,1,370.0,1020.0,502.0,1181.0,,,,,,,,
19896,10:54.500,10:54.522,1,613.0,940.0,729.0,1086.0,,,,,,,,
19911,10:55.000,10:55.023,1,2024.0,855.0,2309.0,1233.0,,,,,,,,
19926,10:55.500,10:55.523,1,1536.0,907.0,1752.0,1238.0,,,,,,,,
19941,10:56.000,10:56.023,1,1496.0,865.0,1702.0,1192.0,,,,,,,,
19956,10:56.500,10:56.523,1,1514.0,848.0,1726.0,1171.0,,,,,,,,
19971,10:57.000,10:57.023,1,1558.0,847.0,1770.0,1174.0,,,,,,,,
19986,10:57.500,10:57.523,1,1582.0,854.0,1797.0,1180.0,,,,,,,,
20001,10:58.000,10:58.023,1,1900.0,820.0,2163.0,1175.0,,,,,,,,
20016,10:58.500,10:58.523,1,2074.0,826.0,2364.0,1201.0,,,,,,,,
20031,10:59.000,10:59.023,1,2176.0,806.0,2458.0,1203.0,,,,,,,,
20046,10:59.500,10:59.525,1,2225.0,819.0,2513.0,1209.0,,,,,,,,
20061,11:00.000,11:00.025,0,,,,,,,,,,,,
20076,11:00.500,11:00.525,0,,,,,,,,,,,,
20091,11:01.000,11:01.025,1,599.0,1039.0,717.0,1195.0,,,,,,,,
20106,11:01.500,11:01.525,2,1120.0,1060.0,1224.0,1200.0,348.0,1018.0,539.0,1307.0,,,,
20121,11:02.000,11:02.025,2,1409.0,1105.0,1517.0,1254.0,698.0,1078.0,866.0,1352.0,,,,
20136,11:02.500,11:02.525,2,771.0,1039.0,927.0,1310.0,1468.0,1069.0,1577.0,1217.0,,,,
20151,11:03.000,11:03.025,2,751.0,995.0,912.0,1261.0,1448.0,1012.0,1557.0,1158.0,,,,
20166,11:03.500,11:03.527,2,1384.0,994.0,1493.0,1141.0,680.0,966.0,850.0,1239.0,,,,
20181,11:04.000,11:04.027,2,626.0,1016.0,788.0,1290.0,1333.0,1035.0,1440.0,1184.0,,,,
20196,11:04.500,11:04.527,2,614.0,1020.0,774.0,1290.0,1316.0,1035.0,1422.0,1179.0,,,,
20211,11:05.000,11:05.027,2,1308.0,1022.0,1412.0,1166.0,612.0,1011.0,767.0,1277.0,,,,
20226,11:05.500,11:05.527,2,605.0,996.0,757.0,1264.0,1299.0,1011.0,1405.0,1159.0,,,,
20241,11:06.000,11:06.027,2,1327.0,1029.0,1433.0,1171.0,639.0,1003.0,789.0,1271.0,,,,
20256,11:06.500,11:06.527,2,1341.0,1045.0,1448.0,1190.0,652.0,1025.0,804.0,1293.0,,,,
20271,11:07.000,11:07.027,2,1348.0,1037.0,1455.0,1182.0,651.0,1011.0,806.0,1295.0,,,,
20286,11:07.500,11:07.527,2,1344.0,1037.0,1450.0,1180.0,615.0,1022.0,795.0,1302.0,,,,
20301,11:08.000,11:08.028,2,1343.0,1033.0,1448.0,1175.0,609.0,1014.0,792.0,1298.0,,,,
20316,11:08.500,11:08.528,2,573.0,1033.0,770.0,1314.0,1331.0,1036.0,1439.0,1179.0,,,,
20331,11:09.000,11:09.028,2,477.0,1043.0,686.0,1331.0,1264.0,1044.0,1370.0,1195.0,,,,
20346,11:09.500,11:09.528,2,141.0,1014.0,395.0,1322.0,1029.0,1018.0,1136.0,1168.0,,,,
20361,11:10.000,11:10.028,0,,,,,,,,,,,,
20376,11:10.500,11:10.528,1,1938.0,921.0,2212.0,1314.0,,,,,,,,
20391,11:11.000,11:11.028,1,2049.0,957.0,2356.0,1355.0,,,,,,,,
20406,11:11.500,11:11.528,1,2223.0,945.0,2524.0,1360.0,,,,,,,,
20421,11:12.000,11:12.030,0,,,,,,,,,,,,
20436,11:12.500,11:12.530,0,,,,,,,,,,,,
20451,11:13.000,11:13.030,0,,,,,,,,,,,,
20466,11:13.500,11:13.522,0,,,,,,,,,,,,
20481,11:14.000,11:14.022,0,,,,,,,,,,,,
20496,11:14.500,11:14.522,0,,,,,,,,,,,,
20511,11:15.000,11:15.022,0,,,,,,,,,,,,
20526,11:15.500,11:15.522,0,,,,,,,,,,,,
20541,11:16.000,11:16.022,0,,,,,,,,,,,,
20556,11:16.500,11:16.523,0,,,,,,,,,,,,
20571,11:17.000,11:17.023,0,,,,,,,,,,,,
20586,11:17.500,11:17.523,1,624.0,1025.0,732.0,1178.0,,,,,,,,
20601,11:18.000,11:18.023,1,672.0,1031.0,784.0,1186.0,,,,,,,,
20616,11:18.500,11:18.523,1,672.0,1016.0,785.0,1174.0,,,,,,,,
20631,11:19.000,11:19.023,1,656.0,1021.0,768.0,1174.0,,,,,,,,
20646,11:19.500,11:19.523,1,650.0,1026.0,761.0,1179.0,,,,,,,,
20661,11:20.000,11:20.023,1,644.0,1027.0,755.0,1181.0,,,,,,,,
20676,11:20.500,11:20.525,1,627.0,1025.0,739.0,1182.0,,,,,,,,
20691,11:21.000,11:21.025,1,619.0,1024.0,731.0,1180.0,,,,,,,,
20706,11:21.500,11:21.525,1,612.0,1031.0,724.0,1189.0,,,,,,,,
20721,11:22.000,11:22.025,1,614.0,1035.0,717.0,1188.0,,,,,,,,
20736,11:22.500,11:22.525,1,612.0,1037.0,713.0,1190.0,,,,,,,,
20751,11:23.000,11:23.025,1,607.0,1036.0,707.0,1190.0,,,,,,,,
20766,11:23.500,11:23.525,1,600.0,1035.0,702.0,1188.0,,,,,,,,
20781,11:24.000,11:24.025,1,601.0,1029.0,703.0,1181.0,,,,,,,,
20796,11:24.500,11:24.525,1,577.0,1031.0,688.0,1186.0,,,,,,,,
20811,11:25.000,11:25.027,1,558.0,1033.0,675.0,1191.0,,,,,,,,
20826,11:25.500,11:25.527,1,541.0,1039.0,659.0,1199.0,,,,,,,,
20841,11:26.000,11:26.027,1,538.0,1035.0,655.0,1197.0,,,,,,,,
20856,11:26.500,11:26.527,1,546.0,1036.0,664.0,1194.0,,,,,,,,
20871,11:27.000,11:27.027,1,615.0,1047.0,730.0,1201.0,,,,,,,,
20886,11:27.500,11:27.527,1,603.0,1050.0,719.0,1206.0,,,,,,,,
20901,11:28.000,11:28.027,1,620.0,1054.0,738.0,1213.0,,,,,,,,
20916,11:28.500,11:28.527,1,607.0,1052.0,728.0,1212.0,,,,,,,,
20931,11:29.000,11:29.028,1,599.0,1046.0,723.0,1220.0,,,,,,,,
20946,11:29.500,11:29.528,1,598.0,1063.0,726.0,1223.0,,,,,,,,
20961,11:30.000,11:30.028,1,527.0,1071.0,657.0,1233.0,,,,,,,,
20976,11:30.500,11:30.528,1,431.0,1099.0,569.0,1265.0,,,,,,,,
20991,11:31.000,11:31.028,1,324.0,1113.0,477.0,1285.0,,,,,,,,
21006,11:31.500,11:31.528,1,301.0,1114.0,453.0,1283.0,,,,,,,,
21021,11:32.000,11:32.028,1,358.0,1140.0,508.0,1307.0,,,,,,,,
21036,11:32.500,11:32.528,1,274.0,1132.0,423.0,1302.0,,,,,,,,
21051,11:33.000,11:33.028,1,349.0,1126.0,491.0,1295.0,,,,,,,,
21066,11:33.500,11:33.530,1,562.0,1100.0,690.0,1264.0,,,,,,,,
21081,11:34.000,11:34.022,1,428.0,1130.0,564.0,1298.0,,,,,,,,
21096,11:34.500,11:34.522,0,,,,,,,,,,,,
21111,11:35.000,11:35.022,0,,,,,,,,,,,,
21126,11:35.500,11:35.522,0,,,,,,,,,,,,
21141,11:36.000,11:36.022,0,,,,,,,,,,,,
21156,11:36.500,11:36.522,0,,,,,,,,,,,,
21171,11:37.000,11:37.022,0,,,,,,,,,,,,
21186,11:37.500,11:37.522,0,,,,,,,,,,,,
21202,11:38.000,11:38.023,0,,,,,,,,,,,,
21217,11:38.500,11:38.523,0,,,,,,,,,,,,
21232,11:39.000,11:39.023,0,,,,,,,,,,,,
21247,11:39.500,11:39.523,0,,,,,,,,,,,,
21262,11:40.000,11:40.023,0,,,,,,,,,,,,
21277,11:40.500,11:40.523,0,,,,,,,,,,,,
21292,11:41.000,11:41.023,0,,,,,,,,,,,,
21307,11:41.500,11:41.523,0,,,,,,,,,,,,
21322,11:42.000,11:42.025,0,,,,,,,,,,,,
21337,11:42.500,11:42.525,0,,,,,,,,,,,,
21352,11:43.000,11:43.025,0,,,,,,,,,,,,
21367,11:43.500,11:43.525,0,,,,,,,,,,,,
21382,11:44.000,11:44.025,0,,,,,,,,,,,,
21397,11:44.500,11:44.525,0,,,,,,,,,,,,
21412,11:45.000,11:45.025,0,,,,,,,,,,,,
21427,11:45.500,11:45.525,0,,,,,,,,,,,,
21442,11:46.000,11:46.025,0,,,,,,,,,,,,
21457,11:46.500,11:46.527,0,,,,,,,,,,,,
21472,11:47.000,11:47.027,0,,,,,,,,,,,,
21487,11:47.500,11:47.527,0,,,,,,,,,,,,
21502,11:48.000,11:48.027,0,,,,,,,,,,,,
21517,11:48.500,11:48.527,0,,,,,,,,,,,,
21532,11:49.000,11:49.027,0,,,,,,,,,,,,
21547,11:49.500,11:49.527,0,,,,,,,,,,,,
21562,11:50.000,11:50.027,0,,,,,,,,,,,,
21577,11:50.500,11:50.528,0,,,,,,,,,,,,
21592,11:51.000,11:51.028,0,,,,,,,,,,,,
21607,11:51.500,11:51.528,0,,,,,,,,,,,,
21622,11:52.000,11:52.028,0,,,,,,,,,,,,
21637,11:52.500,11:52.528,0,,,,,,,,,,,,
21652,11:53.000,11:53.028,0,,,,,,,,,,,,
21667,11:53.500,11:53.528,0,,,,,,,,,,,,
21682,11:54.000,11:54.028,0,,,,,,,,,,,,
21697,11:54.500,11:54.520,0,,,,,,,,,,,,
21712,11:55.000,11:55.022,0,,,,,,,,,,,,
21727,11:55.500,11:55.522,0,,,,,,,,,,,,
21742,11:56.000,11:56.022,0,,,,,,,,,,,,
21757,11:56.500,11:56.522,0,,,,,,,,,,,,
21772,11:57.000,11:57.022,0,,,,,,,,,,,,
21787,11:57.500,11:57.522,0,,,,,,,,,,,,
21802,11:58.000,11:58.022,0,,,,,,,,,,,,
21817,11:58.500,11:58.522,0,,,,,,,,,,,,
21832,11:59.000,11:59.023,0,,,,,,,,,,,,
21847,11:59.500,11:59.523,0,,,,,,,,,,,,
21862,12:00.000,12:00.023,0,,,,,,,,,,,,
21877,12:00.500,12:00.523,0,,,,,,,,,,,,
21892,12:01.000,12:01.023,2,889.0,1113.0,1001.0,1263.0,-110.0,1054.0,148.0,1412.0,,,,
21907,12:01.500,12:01.523,2,-13.0,1068.0,258.0,1419.0,961.0,1127.0,1071.0,1274.0,,,,
21922,12:02.000,12:02.023,2,1007.0,1131.0,1115.0,1276.0,46.0,1076.0,327.0,1427.0,,,,
21937,12:02.500,12:02.523,1,1905.0,834.0,2170.0,1193.0,,,,,,,,
21952,12:03.000,12:03.023,1,1646.0,922.0,1869.0,1270.0,,,,,,,,
21967,12:03.500,12:03.525,1,1627.0,908.0,1848.0,1243.0,,,,,,,,
21982,12:04.000,12:04.025,1,1649.0,889.0,1876.0,1233.0,,,,,,,,
21997,12:04.500,12:04.525,1,1651.0,886.0,1880.0,1229.0,,,,,,,,
22012,12:05.000,12:05.025,1,1658.0,892.0,1887.0,1231.0,,,,,,,,
22027,12:05.500,12:05.525,1,1714.0,892.0,1950.0,1237.0,,,,,,,,
22042,12:06.000,12:06.025,1,2102.0,950.0,2394.0,1340.0,,,,,,,,
22057,12:06.500,12:06.525,0,,,,,,,,,,,,
22072,12:07.000,12:07.025,0,,,,,,,,,,,,
22087,12:07.500,12:07.527,0,,,,,,,,,,,,
22102,12:08.000,12:08.027,0,,,,,,,,,,,,
22117,12:08.500,12:08.527,0,,,,,,,,,,,,
22132,12:09.000,12:09.027,0,,,,,,,,,,,,
22147,12:09.500,12:09.527,0,,,,,,,,,,,,
22162,12:10.000,12:10.027,0,,,,,,,,,,,,
22177,12:10.500,12:10.527,0,,,,,,,,,,,,
22192,12:11.000,12:11.027,0,,,,,,,,,,,,
22207,12:11.500,12:11.527,1,-21.0,1158.0,160.0,1357.0,,,,,,,,
22222,12:12.000,12:12.028,1,694.0,1100.0,819.0,1259.0,,,,,,,,
22237,12:12.500,12:12.528,2,503.0,1040.0,668.0,1309.0,1230.0,1088.0,1339.0,1234.0,,,,
22252,12:13.000,12:13.028,2,1268.0,1080.0,1378.0,1229.0,552.0,1039.0,715.0,1307.0,,,,
22267,12:13.500,12:13.528,2,1250.0,1095.0,1359.0,1243.0,531.0,1043.0,693.0,1322.0,,,,
22282,12:14.000,12:14.028,2,1254.0,1095.0,1363.0,1241.0,536.0,1045.0,699.0,1316.0,,,,
22297,12:14.500,12:14.528,2,1249.0,1093.0,1358.0,1235.0,491.0,1038.0,678.0,1314.0,,,,
22312,12:15.000,12:15.028,2,436.0,1040.0,652.0,1336.0,1237.0,1095.0,1349.0,1236.0,,,,
22327,12:15.500,12:15.520,2,430.0,1042.0,647.0,1338.0,1220.0,1101.0,1329.0,1247.0,,,,
22342,12:16.000,12:16.022,2,418.0,1039.0,631.0,1332.0,1208.0,1094.0,1320.0,1237.0,,,,
22357,12:16.500,12:16.522,2,393.0,1034.0,611.0,1325.0,1206.0,1083.0,1316.0,1229.0,,,,
22372,12:17.000,12:17.022,2,380.0,1031.0,599.0,1322.0,1202.0,1088.0,1311.0,1233.0,,,,
22387,12:17.500,12:17.522,2,286.0,1026.0,522.0,1331.0,1131.0,1084.0,1241.0,1227.0,,,,
22402,12:18.000,12:18.022,2,242.0,1029.0,475.0,1331.0,1096.0,1079.0,1203.0,1227.0,,,,
22417,12:18.500,12:18.522,2,1081.0,1064.0,1191.0,1208.0,267.0,1010.0,478.0,1310.0,,,,
22432,12:19.000,12:19.022,2,225.0,1013.0,439.0,1313.0,1054.0,1075.0,1165.0,1215.0,,,,
22447,12:19.500,12:19.522,2,174.0,1001.0,391.0,1302.0,1018.0,1076.0,1132.0,1211.0,,,,
22462,12:20.000,12:20.022,2,968.0,1199.0,1088.0,1349.0,42.0,1172.0,288.0,1500.0,,,,
22477,12:20.500,12:20.523,1,680.0,1246.0,806.0,1404.0,,,,,,,,
22492,12:21.000,12:21.023,0,,,,,,,,,,,,
22507,12:21.500,12:21.523,1,503.0,1245.0,644.0,1405.0,,,,,,,,
22522,12:22.000,12:22.023,1,602.0,1154.0,727.0,1311.0,,,,,,,,
22537,12:22.500,12:22.523,1,582.0,1079.0,707.0,1231.0,,,,,,,,
22552,12:23.000,12:23.023,1,670.0,1066.0,790.0,1221.0,,,,,,,,
22567,12:23.500,12:23.523,1,700.0,1003.0,817.0,1150.0,,,,,,,,
22582,12:24.000,12:24.023,1,755.0,953.0,869.0,1101.0,,,,,,,,
22597,12:24.500,12:24.525,1,748.0,951.0,861.0,1099.0,,,,,,,,
22612,12:25.000,12:25.025,1,734.0,975.0,850.0,1124.0,,,,,,,,
22627,12:25.500,12:25.525,1,709.0,992.0,823.0,1143.0,,,,,,,,
22642,12:26.000,12:26.025,1,-39.0,999.0,133.0,1185.0,,,,,,,,
22657,12:26.500,12:26.525,1,-44.0,968.0,124.0,1153.0,,,,,,,,
22672,12:27.000,12:27.025,1,623.0,1005.0,740.0,1157.0,,,,,,,,
22687,12:27.500,12:27.525,1,287.0,971.0,428.0,1141.0,,,,,,,,
22702,12:28.000,12:28.025,0,,,,,,,,,,,,
22717,12:28.500,12:28.525,1,2025.0,840.0,2306.0,1207.0,,,,,,,,
22732,12:29.000,12:29.027,0,,,,,,,,,,,,
22747,12:29.500,12:29.527,0,,,,,,,,,,,,
22762,12:30.000,12:30.027,0,,,,,,,,,,,,
22777,12:30.500,12:30.527,0,,,,,,,,,,,,
22792,12:31.000,12:31.027,0,,,,,,,,,,,,
22807,12:31.500,12:31.527,0,,,,,,,,,,,,
22822,12:32.000,12:32.027,0,,,,,,,,,,,,
22837,12:32.500,12:32.527,0,,,,,,,,,,,,
22852,12:33.000,12:33.027,0,,,,,,,,,,,,
22867,12:33.500,12:33.528,0,,,,,,,,,,,,
22882,12:34.000,12:34.028,0,,,,,,,,,,,,
22897,12:34.500,12:34.528,1,1443.0,951.0,1650.0,1265.0,,,,,,,,
22912,12:35.000,12:35.028,1,1830.0,949.0,2085.0,1300.0,,,,,,,,
22927,12:35.500,12:35.528,1,596.0,1185.0,723.0,1350.0,,,,,,,,
22942,12:36.000,12:36.020,2,929.0,1163.0,1043.0,1325.0,23.0,1108.0,288.0,1442.0,,,,
22957,12:36.500,12:36.520,2,1020.0,1080.0,1136.0,1240.0,36.0,1045.0,305.0,1379.0,,,,
22972,12:37.000,12:37.020,1,875.0,1074.0,998.0,1240.0,,,,,,,,
22987,12:37.500,12:37.522,1,762.0,1067.0,881.0,1222.0,,,,,,,,
23002,12:38.000,12:38.022,1,725.0,1069.0,841.0,1218.0,,,,,,,,
23017,12:38.500,12:38.522,1,690.0,1071.0,808.0,1222.0,,,,,,,,
23032,12:39.000,12:39.022,1,680.0,1081.0,798.0,1227.0,,,,,,,,
23047,12:39.500,12:39.522,1,431.0,1095.0,562.0,1248.0,,,,,,,,
23062,12:40.000,12:40.022,1,361.0,975.0,497.0,1130.0,,,,,,,,
23077,12:40.500,12:40.522,1,490.0,850.0,618.0,1000.0,,,,,,,,
23092,12:41.000,12:41.022,1,546.0,842.0,669.0,987.0,,,,,,,,
23107,12:41.500,12:41.522,1,322.0,809.0,462.0,969.0,,,,,,,,
23122,12:42.000,12:42.023,1,1648.0,772.0,1864.0,1087.0,,,,,,,,
23137,12:42.500,12:42.523,1,2055.0,669.0,2331.0,1034.0,,,,,,,,
23152,12:43.000,12:43.023,0,,,,,,,,,,,,
23167,12:43.500,12:43.523,0,,,,,,,,,,,,
23182,12:44.000,12:44.023,0,,,,,,,,,,,,
23197,12:44.500,12:44.523,0,,,,,,,,,,,,
23212,12:45.000,12:45.023,0,,,,,,,,,,,,
23227,12:45.500,12:45.523,0,,,,,,,,,,,,
23242,12:46.000,12:46.025,0,,,,,,,,,,,,
23257,12:46.500,12:46.525,0,,,,,,,,,,,,
23272,12:47.000,12:47.025,0,,,,,,,,,,,,
23287,12:47.500,12:47.525,0,,,,,,,,,,,,
23302,12:48.000,12:48.025,0,,,,,,,,,,,,
23317,12:48.500,12:48.525,0,,,,,,,,,,,,
23332,12:49.000,12:49.025,0,,,,,,,,,,,,
23347,12:49.500,12:49.525,0,,,,,,,,,,,,
23362,12:50.000,12:50.025,0,,,,,,,,,,,,
23377,12:50.500,12:50.527,0,,,,,,,,,,,,
23392,12:51.000,12:51.027,0,,,,,,,,,,,,
23407,12:51.500,12:51.527,0,,,,,,,,,,,,
23422,12:52.000,12:52.027,0,,,,,,,,,,,,
23437,12:52.500,12:52.527,0,,,,,,,,,,,,
23452,12:53.000,12:53.027,0,,,,,,,,,,,,
23467,12:53.500,12:53.527,0,,,,,,,,,,,,
23482,12:54.000,12:54.027,0,,,,,,,,,,,,
23496,12:54.500,12:54.528,0,,,,,,,,,,,,
23511,12:55.000,12:55.028,2,2183.0,872.0,2411.0,1172.0,1053.0,947.0,1171.0,1109.0,,,,
23527,12:55.500,12:55.528,2,1110.0,952.0,1225.0,1110.0,2262.0,893.0,2485.0,1190.0,,,,
23542,12:56.000,12:56.028,2,604.0,898.0,763.0,1134.0,1818.0,878.0,1955.0,1042.0,,,,
23557,12:56.500,12:56.528,2,850.0,931.0,1000.0,1159.0,2110.0,932.0,2266.0,1110.0,,,,
23572,12:57.000,12:57.020,2,830.0,953.0,980.0,1193.0,2077.0,931.0,2234.0,1105.0,,,,
23587,12:57.500,12:57.520,2,812.0,983.0,965.0,1227.0,2000.0,963.0,2156.0,1139.0,,,,
23602,12:58.000,12:58.020,2,1940.0,971.0,2086.0,1143.0,790.0,978.0,931.0,1203.0,,,,
23617,12:58.500,12:58.520,2,1391.0,977.0,1510.0,1132.0,174.0,1027.0,363.0,1294.0,,,,
23632,12:59.000,12:59.022,2,1648.0,899.0,1829.0,1163.0,487.0,1025.0,621.0,1198.0,,,,
23647,12:59.500,12:59.522,2,1591.0,786.0,1761.0,1037.0,403.0,895.0,546.0,1065.0,,,,
23662,13:00.000,13:00.022,2,2039.0,758.0,2253.0,1035.0,823.0,876.0,945.0,1029.0,,,,
23677,13:00.500,13:00.522,2,934.0,858.0,1054.0,1017.0,2191.0,759.0,2406.0,1057.0,,,,
23692,13:01.000,13:01.022,2,959.0,864.0,1077.0,1016.0,2257.0,738.0,2490.0,1050.0,,,,
23707,13:01.500,13:01.522,1,996.0,863.0,1111.0,1013.0,,,,,,,,
23722,13:02.000,13:02.022,1,1021.0,917.0,1138.0,1070.0,,,,,,,,
23737,13:02.500,13:02.522,1,1046.0,972.0,1170.0,1123.0,,,,,,,,
23752,13:03.000,13:03.023,1,1093.0,1053.0,1222.0,1207.0,,,,,,,,
23767,13:03.500,13:03.523,1,1117.0,890.0,1246.0,1044.0,,,,,,,,
23782,13:04.000,13:04.023,1,1089.0,936.0,1215.0,1085.0,,,,,,,,
23797,13:04.500,13:04.523,1,1113.0,915.0,1238.0,1070.0,,,,,,,,
23812,13:05.000,13:05.023,1,1121.0,765.0,1240.0,912.0,,,,,,,,
23827,13:05.500,13:05.523,1,1138.0,960.0,1251.0,1112.0,,,,,,,,
23842,13:06.000,13:06.023,1,1156.0,893.0,1266.0,1036.0,,,,,,,,
23857,13:06.500,13:06.523,1,1157.0,920.0,1269.0,1070.0,,,,,,,,
23872,13:07.000,13:07.023,1,1138.0,977.0,1248.0,1119.0,,,,,,,,
23887,13:07.500,13:07.525,1,1136.0,968.0,1247.0,1110.0,,,,,,,,
23902,13:08.000,13:08.025,2,775.0,929.0,893.0,1077.0,1892.0,895.0,2065.0,1161.0,,,,
23917,13:08.500,13:08.525,2,1022.0,949.0,1135.0,1098.0,2212.0,903.0,2412.0,1202.0,,,,
23932,13:09.000,13:09.025,1,1050.0,965.0,1165.0,1114.0,,,,,,,,
23947,13:09.500,13:09.525,1,1045.0,991.0,1163.0,1148.0,,,,,,,,
23962,13:10.000,13:10.025,1,1058.0,976.0,1178.0,1134.0,,,,,,,,
23977,13:10.500,13:10.525,1,1075.0,1060.0,1198.0,1217.0,,,,,,,,
23992,13:11.000,13:11.025,1,1084.0,1007.0,1206.0,1165.0,,,,,,,,
24007,13:11.500,13:11.527,1,1073.0,1026.0,1192.0,1177.0,,,,,,,,
24022,13:12.000,13:12.027,1,1052.0,1085.0,1169.0,1241.0,,,,,,,,
24037,13:12.500,13:12.527,1,1107.0,1077.0,1219.0,1232.0,,,,,,,,
24052,13:13.000,13:13.027,2,1077.0,1034.0,1189.0,1183.0,2263.0,962.0,2461.0,1251.0,,,,
24067,13:13.500,13:13.527,2,1057.0,1059.0,1170.0,1207.0,2212.0,955.0,2417.0,1249.0,,,,
24082,13:14.000,13:14.027,1,1101.0,1075.0,1215.0,1232.0,,,,,,,,
24097,13:14.500,13:14.527,1,1118.0,1031.0,1232.0,1193.0,,,,,,,,
24112,13:15.000,13:15.027,1,1134.0,1009.0,1247.0,1167.0,,,,,,,,
24127,13:15.500,13:15.527,1,1132.0,1007.0,1246.0,1166.0,,,,,,,,
24142,13:16.000,13:16.028,1,1145.0,1065.0,1259.0,1223.0,,,,,,,,
24157,13:16.500,13:16.528,1,1131.0,1037.0,1244.0,1178.0,,,,,,,,
24172,13:17.000,13:17.028,1,1126.0,1000.0,1240.0,1150.0,,,,,,,,
24187,13:17.500,13:17.520,1,1118.0,1042.0,1229.0,1198.0,,,,,,,,
24202,13:18.000,13:18.020,1,1122.0,1001.0,1232.0,1151.0,,,,,,,,
24217,13:18.500,13:18.520,1,1127.0,992.0,1236.0,1138.0,,,,,,,,
24232,13:19.000,13:19.020,1,1127.0,1012.0,1237.0,1154.0,,,,,,,,
24247,13:19.500,13:19.520,1,1117.0,1047.0,1230.0,1188.0,,,,,,,,
24262,13:20.000,13:20.022,1,1121.0,1053.0,1231.0,1187.0,,,,,,,,
24277,13:20.500,13:20.522,1,1116.0,1047.0,1229.0,1188.0,,,,,,,,
24292,13:21.000,13:21.022,1,1120.0,1062.0,1236.0,1195.0,,,,,,,,
24308,13:21.500,13:21.522,1,1129.0,1066.0,1243.0,1203.0,,,,,,,,
24324,13:22.000,13:22.022,1,1215.0,1019.0,1327.0,1147.0,,,,,,,,
24340,13:22.500,13:22.522,1,1237.0,1023.0,1353.0,1161.0,,,,,,,,
24356,13:23.000,13:23.022,1,1178.0,1158.0,1295.0,1302.0,,,,,,,,
24371,13:23.500,13:23.522,1,1149.0,1110.0,1265.0,1254.0,,,,,,,,
24389,13:24.000,13:24.022,1,1145.0,1065.0,1261.0,1217.0,,,,,,,,
24405,13:24.500,13:24.523,1,1156.0,1064.0,1270.0,1213.0,,,,,,,,
24420,13:25.000,13:25.023,1,1167.0,1045.0,1279.0,1195.0,,,,,,,,
24436,13:25.500,13:25.523,1,1146.0,1139.0,1258.0,1296.0,,,,,,,,
24464,13:26.000,13:26.015,1,1154.0,876.0,1257.0,1025.0,,,,,,,,
24494,13:26.500,13:26.515,1,1283.0,962.0,1392.0,1112.0,,,,,,,,
24524,13:27.000,13:27.015,2,1042.0,914.0,1153.0,1063.0,2160.0,813.0,2390.0,1107.0,,,,
24553,13:27.500,13:27.507,2,1651.0,796.0,1823.0,1050.0,625.0,890.0,746.0,1047.0,,,,
24583,13:28.000,13:28.007,2,1572.0,806.0,1742.0,1051.0,534.0,887.0,660.0,1048.0,,,,
24612,13:28.500,13:28.500,2,1546.0,822.0,1711.0,1071.0,475.0,908.0,609.0,1071.0,,,,
24640,13:29.000,13:29.025,2,1544.0,823.0,1707.0,1075.0,463.0,911.0,597.0,1075.0,,,,
24656,13:29.500,13:29.525,2,1634.0,834.0,1804.0,1087.0,564.0,915.0,693.0,1076.0,,,,
24671,13:30.000,13:30.025,2,856.0,936.0,970.0,1091.0,1948.0,866.0,2149.0,1131.0,,,,
24686,13:30.500,13:30.525,2,895.0,842.0,1007.0,990.0,1996.0,790.0,2205.0,1057.0,,,,
24701,13:31.000,13:31.025,2,1013.0,796.0,1122.0,942.0,2159.0,737.0,2383.0,1029.0,,,,
24716,13:31.500,13:31.525,2,1049.0,688.0,1158.0,836.0,2229.0,626.0,2456.0,923.0,,,,
24731,13:32.000,13:32.025,1,1159.0,623.0,1263.0,762.0,,,,,,,,
24746,13:32.500,13:32.525,1,1189.0,725.0,1296.0,866.0,,,,,,,,
24761,13:33.000,13:33.027,1,1146.0,762.0,1255.0,909.0,,,,,,,,
24776,13:33.500,13:33.527,1,1183.0,770.0,1294.0,916.0,,,,,,,,
24791,13:34.000,13:34.027,1,1307.0,805.0,1418.0,953.0,,,,,,,,
24806,13:34.500,13:34.527,2,1735.0,926.0,1862.0,1092.0,456.0,951.0,641.0,1204.0,,,,
24821,13:35.000,13:35.027,2,783.0,888.0,950.0,1117.0,2071.0,803.0,2230.0,977.0,,,,
24836,13:35.500,13:35.527,2,943.0,1049.0,1100.0,1283.0,2281.0,971.0,2444.0,1151.0,,,,
24851,13:36.000,13:36.027,2,683.0,949.0,855.0,1184.0,1919.0,773.0,2068.0,946.0,,,,
24866,13:36.500,13:36.527,2,1409.0,768.0,1531.0,920.0,177.0,1066.0,358.0,1325.0,,,,
24881,13:37.000,13:37.028,2,1290.0,733.0,1407.0,884.0,-49.0,940.0,140.0,1207.0,,,,
24896,13:37.500,13:37.528,1,1158.0,662.0,1271.0,809.0,,,,,,,,
24911,13:38.000,13:38.028,1,1169.0,671.0,1283.0,820.0,,,,,,,,
24926,13:38.500,13:38.520,1,1154.0,697.0,1266.0,849.0,,,,,,,,
24941,13:39.000,13:39.020,1,1137.0,759.0,1249.0,910.0,,,,,,,,
24956,13:39.500,13:39.520,2,1123.0,810.0,1233.0,962.0,2258.0,609.0,2464.0,911.0,,,,
24971,13:40.000,13:40.020,1,1184.0,868.0,1295.0,1023.0,,,,,,,,
24986,13:40.500,13:40.520,1,1165.0,873.0,1275.0,1020.0,,,,,,,,
25001,13:41.000,13:41.020,1,1155.0,848.0,1261.0,991.0,,,,,,,,
25016,13:41.500,13:41.522,1,1172.0,844.0,1277.0,989.0,,,,,,,,
25031,13:42.000,13:42.022,1,1236.0,835.0,1344.0,985.0,,,,,,,,
25046,13:42.500,13:42.522,2,923.0,839.0,1042.0,988.0,2055.0,706.0,2280.0,1000.0,,,,
25061,13:43.000,13:43.022,2,1543.0,798.0,1706.0,1045.0,418.0,863.0,566.0,1027.0,,,,
25076,13:43.500,13:43.522,2,932.0,875.0,1059.0,1020.0,2103.0,773.0,2333.0,1064.0,,,,
25091,13:44.000,13:44.022,2,963.0,850.0,1085.0,995.0,2125.0,754.0,2348.0,1038.0,,,,
25106,13:44.500,13:44.522,2,2121.0,747.0,2336.0,1033.0,970.0,839.0,1087.0,989.0,,,,
25121,13:45.000,13:45.022,2,973.0,848.0,1091.0,990.0,2115.0,749.0,2332.0,1034.0,,,,
25136,13:45.500,13:45.522,2,979.0,850.0,1097.0,993.0,2118.0,754.0,2334.0,1036.0,,,,
25151,13:46.000,13:46.023,2,2118.0,761.0,2331.0,1045.0,979.0,865.0,1096.0,1007.0,,,,
25166,13:46.500,13:46.523,2,1016.0,865.0,1132.0,1016.0,2170.0,769.0,2375.0,1058.0,,,,
25181,13:47.000,13:47.023,2,1027.0,853.0,1144.0,997.0,2195.0,750.0,2397.0,1044.0,,,,
25196,13:47.500,13:47.523,2,1036.0,859.0,1156.0,999.0,2222.0,755.0,2429.0,1049.0,,,,
25211,13:48.000,13:48.023,2,1015.0,900.0,1146.0,1037.0,2225.0,793.0,2434.0,1085.0,,,,
25226,13:48.500,13:48.523,2,1013.0,896.0,1139.0,1039.0,2217.0,784.0,2425.0,1079.0,,,,
25241,13:49.000,13:49.023,2,1006.0,899.0,1126.0,1046.0,2211.0,768.0,2414.0,1070.0,,,,
25256,13:49.500,13:49.523,2,2191.0,755.0,2396.0,1048.0,985.0,888.0,1120.0,1033.0,,,,
25271,13:50.000,13:50.025,1,1152.0,541.0,1278.0,693.0,,,,,,,,
25286,13:50.500,13:50.525,2,1292.0,429.0,1416.0,590.0,24.0,429.0,221.0,708.0,,,,
25301,13:51.000,13:51.025,2,1331.0,473.0,1441.0,625.0,-6.0,459.0,195.0,741.0,,,,
25316,13:51.500,13:51.525,2,1088.0,754.0,1196.0,901.0,2271.0,689.0,2478.0,982.0,,,,
25331,13:52.000,13:52.025,1,1169.0,791.0,1277.0,937.0,,,,,,,,
25346,13:52.500,13:52.525,1,1214.0,757.0,1321.0,904.0,,,,,,,,
25361,13:53.000,13:53.025,1,1200.0,801.0,1306.0,942.0,,,,,,,,
25376,13:53.500,13:53.525,1,1174.0,793.0,1281.0,933.0,,,,,,,,
25391,13:54.000,13:54.025,1,1114.0,812.0,1223.0,954.0,,,,,,,,
25406,13:54.500,13:54.527,1,1048.0,811.0,1157.0,960.0,,,,,,,,
25421,13:55.000,13:55.027,2,1925.0,809.0,2123.0,1074.0,795.0,823.0,910.0,968.0,,,,
25436,13:55.500,13:55.527,2,1800.0,816.0,1970.0,1062.0,724.0,859.0,840.0,1006.0,,,,
25451,13:56.000,13:56.027,2,784.0,843.0,901.0,994.0,1863.0,779.0,2037.0,1037.0,,,,
25466,13:56.500,13:56.527,2,857.0,843.0,973.0,992.0,1953.0,780.0,2145.0,1041.0,,,,
25481,13:57.000,13:57.027,2,988.0,805.0,1099.0,953.0,2118.0,757.0,2330.0,1027.0,,,,
25496,13:57.500,13:57.527,2,1037.0,815.0,1144.0,957.0,2168.0,764.0,2379.0,1037.0,,,,
25511,13:58.000,13:58.027,2,1051.0,814.0,1156.0,957.0,2189.0,757.0,2394.0,1036.0,,,,
25526,13:58.500,13:58.520,2,2229.0,768.0,2438.0,1049.0,1079.0,832.0,1184.0,978.0,,,,
25541,13:59.000,13:59.020,2,1089.0,829.0,1194.0,979.0,2246.0,770.0,2446.0,1046.0,,,,
25556,13:59.500,13:59.520,2,1099.0,825.0,1201.0,971.0,2251.0,765.0,2457.0,1043.0,,,,
25571,14:00.000,14:00.020,2,1102.0,848.0,1205.0,995.0,2244.0,780.0,2449.0,1061.0,,,,
25586,14:00.500,14:00.520,2,1090.0,857.0,1196.0,1005.0,2237.0,783.0,2443.0,1060.0,,,,
25601,14:01.000,14:01.020,2,1059.0,871.0,1167.0,1016.0,2222.0,784.0,2430.0,1067.0,,,,
25616,14:01.500,14:01.520,2,1082.0,876.0,1191.0,1020.0,2271.0,797.0,2470.0,1087.0,,,,
25631,14:02.000,14:02.020,2,1254.0,921.0,1363.0,1077.0,-35.0,888.0,146.0,1168.0,,,,
25646,14:02.500,14:02.520,2,1268.0,953.0,1380.0,1102.0,-32.0,888.0,150.0,1171.0,,,,
25661,14:03.000,14:03.022,2,1251.0,1010.0,1363.0,1166.0,-67.0,945.0,113.0,1227.0,,,,
25676,14:03.500,14:03.522,1,1223.0,1038.0,1338.0,1191.0,,,,,,,,
25691,14:04.000,14:04.022,1,1172.0,1012.0,1284.0,1161.0,,,,,,,,
25706,14:04.500,14:04.522,2,1088.0,947.0,1203.0,1082.0,2218.0,809.0,2422.0,1093.0,,,,
25721,14:05.000,14:05.022,2,2128.0,790.0,2343.0,1069.0,957.0,945.0,1085.0,1090.0,,,,
25736,14:05.500,14:05.522,2,1081.0,974.0,1198.0,1126.0,2258.0,869.0,2467.0,1157.0,,,,
25751,14:06.000,14:06.022,1,1226.0,1066.0,1336.0,1219.0,,,,,,,,
25766,14:06.500,14:06.522,2,1329.0,1105.0,1443.0,1265.0,-8.0,1155.0,177.0,1448.0,,,,
25781,14:07.000,14:07.023,2,1409.0,1266.0,1528.0,1433.0,-5.0,1297.0,213.0,1516.0,,,,
25796,14:07.500,14:07.523,0,,,,,,,,,,,,
25811,14:08.000,14:08.023,0,,,,,,,,,,,,
25826,14:08.500,14:08.523,0,,,,,,,,,,,,
25841,14:09.000,14:09.023,0,,,,,,,,,,,,
25856,14:09.500,14:09.523,1,1155.0,1373.0,1271.0,1502.0,,,,,,,,
25871,14:10.000,14:10.023,1,1102.0,1138.0,1216.0,1296.0,,,,,,,,
25886,14:10.500,14:10.523,2,673.0,810.0,843.0,1047.0,1942.0,839.0,2088.0,1008.0,,,,
25901,14:11.000,14:11.023,2,1939.0,798.0,2082.0,967.0,663.0,822.0,838.0,1062.0,,,,
25916,14:11.500,14:11.525,1,1239.0,834.0,1350.0,984.0,,,,,,,,
25931,14:12.000,14:12.025,1,1130.0,881.0,1240.0,1031.0,,,,,,,,
25946,14:12.500,14:12.525,1,1204.0,891.0,1316.0,1044.0,,,,,,,,
25961,14:13.000,14:13.025,1,1202.0,923.0,1310.0,1069.0,,,,,,,,
25976,14:13.500,14:13.525,1,1218.0,889.0,1330.0,1041.0,,,,,,,,
25991,14:14.000,14:14.025,2,1368.0,986.0,1483.0,1141.0,112.0,976.0,331.0,1248.0,,,,
26006,14:14.500,14:14.525,2,35.0,1103.0,266.0,1395.0,1322.0,1061.0,1438.0,1223.0,,,,
26021,14:15.000,14:15.025,2,1275.0,1072.0,1392.0,1233.0,-27.0,1099.0,193.0,1402.0,,,,
26036,14:15.500,14:15.527,2,1382.0,1039.0,1496.0,1194.0,120.0,1052.0,338.0,1331.0,,,,
26051,14:16.000,14:16.027,2,426.0,1051.0,611.0,1311.0,1600.0,1092.0,1723.0,1256.0,,,,
26066,14:16.500,14:16.527,2,786.0,991.0,943.0,1228.0,1933.0,996.0,2076.0,1167.0,,,,
26081,14:17.000,14:17.027,2,812.0,935.0,971.0,1169.0,1962.0,924.0,2106.0,1094.0,,,,
26096,14:17.500,14:17.527,2,814.0,944.0,964.0,1175.0,1954.0,915.0,2096.0,1083.0,,,,
26111,14:18.000,14:18.027,2,823.0,932.0,974.0,1162.0,1965.0,908.0,2106.0,1076.0,,,,
26126,14:18.500,14:18.518,2,795.0,937.0,958.0,1174.0,1955.0,919.0,2097.0,1087.0,,,,
26141,14:19.000,14:19.018,2,560.0,883.0,745.0,1127.0,1744.0,866.0,1871.0,1026.0,,,,
26156,14:19.500,14:19.518,2,633.0,898.0,810.0,1141.0,1805.0,872.0,1938.0,1036.0,,,,
26171,14:20.000,14:20.020,2,709.0,871.0,880.0,1108.0,1882.0,837.0,2018.0,1000.0,,,,
26186,14:20.500,14:20.520,2,750.0,871.0,919.0,1107.0,1930.0,830.0,2071.0,999.0,,,,
26201,14:21.000,14:21.020,2,780.0,928.0,946.0,1154.0,1958.0,883.0,2102.0,1052.0,,,,
26216,14:21.500,14:21.520,2,812.0,990.0,971.0,1223.0,1996.0,941.0,2145.0,1113.0,,,,
26231,14:22.000,14:22.020,2,818.0,954.0,970.0,1184.0,1982.0,938.0,2126.0,1107.0,,,,
26246,14:22.500,14:22.520,2,827.0,966.0,979.0,1196.0,1985.0,944.0,2135.0,1116.0,,,,
26261,14:23.000,14:23.020,2,837.0,961.0,988.0,1197.0,1992.0,944.0,2140.0,1116.0,,,,
26276,14:23.500,14:23.520,2,817.0,961.0,969.0,1192.0,1987.0,943.0,2136.0,1115.0,,,,
26291,14:24.000,14:24.022,2,2040.0,929.0,2187.0,1100.0,859.0,964.0,1010.0,1196.0,,,,
26306,14:24.500,14:24.522,2,521.0,1010.0,698.0,1271.0,1669.0,976.0,1787.0,1134.0,,,,
26321,14:25.000,14:25.022,2,1639.0,885.0,1811.0,1140.0,506.0,976.0,630.0,1136.0,,,,
26336,14:25.500,14:25.522,2,579.0,1043.0,751.0,1300.0,1744.0,1147.0,1875.0,1314.0,,,,
26351,14:26.000,14:26.022,2,2014.0,1133.0,2162.0,1306.0,846.0,1050.0,996.0,1282.0,,,,
26366,14:26.500,14:26.522,2,2001.0,1101.0,2146.0,1268.0,841.0,1024.0,986.0,1265.0,,,,
26381,14:27.000,14:27.022,2,1953.0,959.0,2093.0,1120.0,811.0,905.0,950.0,1136.0,,,,
26396,14:27.500,14:27.522,2,1994.0,943.0,2139.0,1113.0,860.0,909.0,997.0,1135.0,,,,
26411,14:28.000,14:28.022,2,1987.0,939.0,2131.0,1105.0,855.0,912.0,993.0,1137.0,,,,
26426,14:28.500,14:28.523,2,1969.0,939.0,2112.0,1108.0,841.0,922.0,975.0,1142.0,,,,
26441,14:29.000,14:29.023,2,1968.0,1035.0,2112.0,1206.0,838.0,1003.0,972.0,1231.0,,,,
26456,14:29.500,14:29.523,2,1960.0,1013.0,2105.0,1186.0,841.0,993.0,972.0,1217.0,,,,
26471,14:30.000,14:30.023,2,1932.0,983.0,2074.0,1151.0,836.0,971.0,960.0,1196.0,,,,
26486,14:30.500,14:30.523,2,1914.0,972.0,2052.0,1137.0,813.0,958.0,946.0,1182.0,,,,
26501,14:31.000,14:31.023,2,1895.0,961.0,2030.0,1124.0,800.0,949.0,935.0,1177.0,,,,
26516,14:31.500,14:31.523,2,1880.0,964.0,2014.0,1125.0,765.0,945.0,912.0,1177.0,,,,
26531,14:32.000,14:32.023,2,1851.0,964.0,1982.0,1125.0,732.0,948.0,884.0,1185.0,,,,
26546,14:32.500,14:32.525,2,1686.0,889.0,1862.0,1138.0,516.0,965.0,646.0,1126.0,,,,
26561,14:33.000,14:33.025,2,1511.0,890.0,1678.0,1136.0,318.0,975.0,462.0,1147.0,,,,
26576,14:33.500,14:33.525,2,1540.0,892.0,1704.0,1146.0,358.0,964.0,497.0,1135.0,,,,
26591,14:34.000,14:34.025,2,1537.0,873.0,1703.0,1123.0,355.0,955.0,491.0,1123.0,,,,
26606,14:34.500,14:34.525,2,1507.0,881.0,1672.0,1131.0,317.0,963.0,457.0,1133.0,,,,
26621,14:35.000,14:35.025,2,1465.0,890.0,1628.0,1140.0,270.0,971.0,408.0,1139.0,,,,
26636,14:35.500,14:35.525,2,1440.0,890.0,1601.0,1142.0,226.0,989.0,373.0,1163.0,,,,
26651,14:36.000,14:36.025,2,1435.0,892.0,1597.0,1138.0,224.0,1007.0,369.0,1183.0,,,,
26666,14:36.500,14:36.525,2,1392.0,919.0,1554.0,1161.0,156.0,1055.0,309.0,1235.0,,,,
26681,14:37.000,14:37.027,2,1395.0,924.0,1558.0,1165.0,160.0,1056.0,312.0,1238.0,,,,
26696,14:37.500,14:37.527,2,1428.0,930.0,1590.0,1172.0,206.0,1056.0,353.0,1234.0,,,,
26711,14:38.000,14:38.027,2,1560.0,921.0,1729.0,1169.0,385.0,1031.0,516.0,1195.0,,,,
26726,14:38.500,14:38.527,2,1428.0,952.0,1591.0,1200.0,202.0,1064.0,350.0,1241.0,,,,
26741,14:39.000,14:39.018,2,1406.0,954.0,1569.0,1210.0,176.0,1089.0,326.0,1265.0,,,,
26756,14:39.500,14:39.518,2,1596.0,944.0,1769.0,1202.0,430.0,1051.0,561.0,1219.0,,,,
26771,14:40.000,14:40.018,2,1640.0,947.0,1817.0,1200.0,481.0,1059.0,608.0,1227.0,,,,
26786,14:40.500,14:40.518,2,1600.0,952.0,1773.0,1210.0,436.0,1063.0,567.0,1229.0,,,,
26801,14:41.000,14:41.018,2,1613.0,952.0,1785.0,1207.0,455.0,1056.0,581.0,1223.0,,,,
26816,14:41.500,14:41.520,2,1632.0,954.0,1805.0,1214.0,480.0,1061.0,607.0,1223.0,,,,
26831,14:42.000,14:42.020,2,1593.0,965.0,1761.0,1222.0,430.0,1072.0,560.0,1239.0,,,,
26846,14:42.500,14:42.520,2,1548.0,960.0,1717.0,1221.0,380.0,1087.0,515.0,1253.0,,,,
26861,14:43.000,14:43.020,2,1555.0,964.0,1724.0,1225.0,389.0,1087.0,521.0,1253.0,,,,
26876,14:43.500,14:43.520,2,1563.0,959.0,1731.0,1218.0,396.0,1084.0,529.0,1251.0,,,,
26891,14:44.000,14:44.020,2,1578.0,959.0,1748.0,1214.0,402.0,1067.0,537.0,1235.0,,,,
26906,14:44.500,14:44.520,2,1581.0,959.0,1750.0,1209.0,375.0,1070.0,521.0,1238.0,,,,
26921,14:45.000,14:45.020,2,1585.0,956.0,1755.0,1211.0,383.0,1068.0,525.0,1234.0,,,,
26936,14:45.500,14:45.522,2,1582.0,950.0,1749.0,1195.0,404.0,1059.0,538.0,1226.0,,,,
26951,14:46.000,14:46.022,2,1550.0,954.0,1710.0,1205.0,411.0,1058.0,543.0,1226.0,,,,
26966,14:46.500,14:46.522,2,1539.0,955.0,1689.0,1200.0,409.0,1056.0,542.0,1225.0,,,,
26981,14:47.000,14:47.022,2,411.0,1056.0,546.0,1226.0,1527.0,966.0,1675.0,1208.0,,,,
26996,14:47.500,14:47.522,2,385.0,1067.0,520.0,1235.0,1502.0,993.0,1653.0,1228.0,,,,
27011,14:48.000,14:48.022,2,1568.0,987.0,1721.0,1226.0,468.0,1064.0,596.0,1231.0,,,,
27026,14:48.500,14:48.522,2,31.0,1113.0,249.0,1401.0,1349.0,1100.0,1455.0,1252.0,,,,
27041,14:49.000,14:49.022,2,1397.0,1107.0,1509.0,1260.0,117.0,1128.0,325.0,1407.0,,,,
27056,14:49.500,14:49.522,2,1409.0,1151.0,1519.0,1306.0,135.0,1168.0,347.0,1459.0,,,,
27071,14:50.000,14:50.023,2,1401.0,1168.0,1514.0,1324.0,131.0,1181.0,339.0,1476.0,,,,
27086,14:50.500,14:50.523,2,1397.0,1162.0,1511.0,1320.0,127.0,1177.0,337.0,1471.0,,,,
27101,14:51.000,14:51.023,2,1395.0,1160.0,1506.0,1318.0,132.0,1177.0,343.0,1476.0,,,,
27116,14:51.500,14:51.523,2,126.0,1173.0,336.0,1468.0,1394.0,1159.0,1504.0,1316.0,,,,
27131,14:52.000,14:52.023,2,1366.0,1161.0,1477.0,1318.0,83.0,1184.0,293.0,1475.0,,,,
27146,14:52.500,14:52.523,2,1353.0,1160.0,1464.0,1319.0,62.0,1184.0,275.0,1482.0,,,,
27161,14:53.000,14:53.023,2,1339.0,1155.0,1449.0,1312.0,38.0,1188.0,254.0,1482.0,,,,
27176,14:53.500,14:53.523,2,36.0,1185.0,251.0,1480.0,1337.0,1152.0,1444.0,1307.0,,,,
27191,14:54.000,14:54.025,2,36.0,912.0,243.0,1182.0,1296.0,892.0,1401.0,1041.0,,,,
27206,14:54.500,14:54.525,2,3.0,864.0,209.0,1135.0,1272.0,841.0,1375.0,987.0,,,,
27221,14:55.000,14:55.025,2,1221.0,468.0,1328.0,618.0,-84.0,484.0,109.0,767.0,,,,
27236,14:55.500,14:55.525,2,1261.0,362.0,1371.0,519.0,-58.0,380.0,152.0,669.0,,,,
27251,14:56.000,14:56.025,2,1241.0,330.0,1353.0,492.0,-80.0,365.0,114.0,647.0,,,,
27266,14:56.500,14:56.525,1,1199.0,352.0,1307.0,510.0,,,,,,,,
27281,14:57.000,14:57.025,1,1041.0,304.0,1155.0,467.0,,,,,,,,
27296,14:57.500,14:57.525,2,1803.0,229.0,1987.0,521.0,613.0,300.0,739.0,473.0,,,,
27311,14:58.000,14:58.025,2,1935.0,215.0,2140.0,519.0,732.0,306.0,854.0,475.0,,,,
27326,14:58.500,14:58.527,2,2001.0,223.0,2212.0,534.0,788.0,345.0,910.0,509.0,,,,
27341,14:59.000,14:59.027,2,806.0,359.0,927.0,523.0,2055.0,234.0,2279.0,546.0,,,,
27356,14:59.500,14:59.527,2,2053.0,241.0,2277.0,560.0,814.0,364.0,935.0,529.0,,,,
27371,15:00.000,15:00.018,2,2058.0,272.0,2281.0,577.0,824.0,374.0,940.0,538.0,,,,
27386,15:00.500,15:00.518,2,2088.0,298.0,2321.0,621.0,834.0,403.0,948.0,565.0,,,,
27401,15:01.000,15:01.018,2,-12.0,680.0,191.0,953.0,1277.0,620.0,1384.0,768.0,,,,
27416,15:01.500,15:01.518,2,58.0,639.0,268.0,910.0,1332.0,605.0,1439.0,754.0,,,,
27431,15:02.000,15:02.018,2,61.0,619.0,267.0,890.0,1336.0,592.0,1442.0,737.0,,,,
27446,15:02.500,15:02.520,2,1325.0,603.0,1432.0,752.0,43.0,638.0,252.0,909.0,,,,
27461,15:03.000,15:03.020,2,1262.0,623.0,1367.0,767.0,-48.0,655.0,146.0,930.0,,,,
27476,15:03.500,15:03.520,2,1225.0,641.0,1333.0,785.0,-86.0,673.0,102.0,956.0,,,,
27491,15:04.000,15:04.020,1,1207.0,678.0,1313.0,823.0,,,,,,,,
27506,15:04.500,15:04.520,1,1190.0,711.0,1293.0,854.0,,,,,,,,
27521,15:05.000,15:05.020,1,1177.0,725.0,1282.0,870.0,,,,,,,,
27536,15:05.500,15:05.520,1,1211.0,741.0,1316.0,888.0,,,,,,,,
27551,15:06.000,15:06.020,2,1256.0,757.0,1361.0,900.0,-27.0,784.0,171.0,1063.0,,,,
27566,15:06.500,15:06.520,2,1241.0,766.0,1346.0,914.0,-65.0,784.0,139.0,1066.0,,,,
27581,15:07.000,15:07.022,2,1220.0,779.0,1325.0,927.0,-90.0,802.0,102.0,1087.0,,,,
27596,15:07.500,15:07.522,1,1219.0,787.0,1325.0,934.0,,,,,,,,
27611,15:08.000,15:08.022,1,1222.0,790.0,1328.0,940.0,,,,,,,,
27626,15:08.500,15:08.522,1,1217.0,798.0,1323.0,948.0,,,,,,,,
27641,15:09.000,15:09.022,1,1218.0,798.0,1325.0,950.0,,,,,,,,
27656,15:09.500,15:09.522,2,1225.0,800.0,1331.0,951.0,-89.0,830.0,104.0,1110.0,,,,
27671,15:10.000,15:10.022,1,1222.0,810.0,1327.0,957.0,,,,,,,,
27686,15:10.500,15:10.522,1,1219.0,807.0,1324.0,957.0,,,,,,,,
27701,15:11.000,15:11.023,1,1218.0,806.0,1322.0,955.0,,,,,,,,
27716,15:11.500,15:11.523,2,1212.0,805.0,1319.0,956.0,-66.0,840.0,114.0,1113.0,,,,
27731,15:12.000,15:12.023,2,1211.0,810.0,1319.0,958.0,-57.0,839.0,121.0,1114.0,,,,
27746,15:12.500,15:12.523,2,1222.0,812.0,1332.0,966.0,-55.0,842.0,123.0,1116.0,,,,
27761,15:13.000,15:13.023,2,1223.0,818.0,1329.0,959.0,-50.0,842.0,126.0,1118.0,,,,
27776,15:13.500,15:13.523,2,1225.0,817.0,1332.0,961.0,-55.0,843.0,122.0,1121.0,,,,
27791,15:14.000,15:14.023,2,1231.0,816.0,1336.0,961.0,-58.0,844.0,119.0,1118.0,,,,
27806,15:14.500,15:14.523,1,1215.0,804.0,1323.0,954.0,,,,,,,,
27821,15:15.000,15:15.023,1,1187.0,826.0,1297.0,976.0,,,,,,,,
27836,15:15.500,15:15.525,1,1154.0,799.0,1264.0,952.0,,,,,,,,
27851,15:16.000,15:16.025,1,1174.0,822.0,1283.0,969.0,,,,,,,,
27866,15:16.500,15:16.525,1,1186.0,778.0,1297.0,928.0,,,,,,,,
27881,15:17.000,15:17.025,1,1177.0,806.0,1288.0,958.0,,,,,,,,
27896,15:17.500,15:17.525,1,1198.0,763.0,1307.0,910.0,,,,,,,,
27911,15:18.000,15:18.025,1,1187.0,766.0,1298.0,915.0,,,,,,,,
27926,15:18.500,15:18.525,1,1182.0,781.0,1293.0,931.0,,,,,,,,
27941,15:19.000,15:19.025,1,1185.0,791.0,1294.0,937.0,,,,,,,,
27956,15:19.500,15:19.527,1,1179.0,793.0,1289.0,939.0,,,,,,,,
27971,15:20.000,15:20.018,1,1171.0,769.0,1281.0,919.0,,,,,,,,
27986,15:20.500,15:20.518,1,1164.0,757.0,1274.0,907.0,,,,,,,,
28001,15:21.000,15:21.018,1,1200.0,749.0,1311.0,899.0,,,,,,,,
28016,15:21.500,15:21.518,1,1205.0,677.0,1314.0,825.0,,,,,,,,
28031,15:22.000,15:22.018,2,811.0,519.0,931.0,679.0,2061.0,236.0,2314.0,568.0,,,,
28046,15:22.500,15:22.518,1,1112.0,699.0,1222.0,844.0,,,,,,,,
28061,15:23.000,15:23.018,1,1096.0,934.0,1206.0,1084.0,,,,,,,,
28076,15:23.500,15:23.518,1,1149.0,1070.0,1261.0,1225.0,,,,,,,,
28091,15:24.000,15:24.020,1,1179.0,1029.0,1289.0,1180.0,,,,,,,,
28106,15:24.500,15:24.520,1,1094.0,888.0,1204.0,1033.0,,,,,,,,
28121,15:25.000,15:25.020,1,1145.0,895.0,1255.0,1044.0,,,,,,,,
28136,15:25.500,15:25.520,2,1706.0,838.0,1896.0,1110.0,530.0,917.0,659.0,1079.0,,,,
28151,15:26.000,15:26.020,2,937.0,895.0,1053.0,1053.0,2174.0,806.0,2430.0,1112.0,,,,
28166,15:26.500,15:26.520,1,999.0,919.0,1112.0,1072.0,,,,,,,,
28181,15:27.000,15:27.020,2,1052.0,921.0,1164.0,1072.0,2259.0,824.0,2471.0,1125.0,,,,
28196,15:27.500,15:27.520,2,1057.0,946.0,1167.0,1099.0,2253.0,864.0,2464.0,1158.0,,,,
28211,15:28.000,15:28.022,1,1062.0,958.0,1174.0,1112.0,,,,,,,,
28226,15:28.500,15:28.522,1,1040.0,964.0,1155.0,1119.0,,,,,,,,
28241,15:29.000,15:29.022,2,1032.0,1001.0,1152.0,1161.0,2204.0,990.0,2477.0,1259.0,,,,
28256,15:29.500,15:29.522,2,934.0,938.0,1051.0,1101.0,2080.0,881.0,2339.0,1191.0,,,,
28271,15:30.000,15:30.022,2,1008.0,860.0,1123.0,1014.0,2217.0,743.0,2474.0,1072.0,,,,
28286,15:30.500,15:30.522,1,1091.0,932.0,1204.0,1087.0,,,,,,,,
28301,15:31.000,15:31.022,1,1160.0,1006.0,1273.0,1163.0,,,,,,,,
28316,15:31.500,15:31.522,1,1208.0,1003.0,1321.0,1158.0,,,,,,,,
28331,15:32.000,15:32.022,1,1221.0,992.0,1333.0,1145.0,,,,,,,,
28346,15:32.500,15:32.523,1,1207.0,1007.0,1318.0,1162.0,,,,,,,,
28361,15:33.000,15:33.023,1,1170.0,996.0,1281.0,1151.0,,,,,,,,
28376,15:33.500,15:33.523,1,1188.0,1040.0,1301.0,1198.0,,,,,,,,
28391,15:34.000,15:34.023,1,1228.0,808.0,1339.0,959.0,,,,,,,,
28406,15:34.500,15:34.523,1,1215.0,746.0,1330.0,901.0,,,,,,,,
28421,15:35.000,15:35.023,1,1154.0,737.0,1269.0,893.0,,,,,,,,
28436,15:35.500,15:35.523,1,1109.0,756.0,1222.0,908.0,,,,,,,,
28451,15:36.000,15:36.023,1,1126.0,774.0,1240.0,926.0,,,,,,,,
28466,15:36.500,15:36.523,1,1148.0,1178.0,1266.0,1342.0,,,,,,,,
28481,15:37.000,15:37.025,1,1172.0,1252.0,1289.0,1422.0,,,,,,,,
28496,15:37.500,15:37.525,2,1546.0,1225.0,1673.0,1396.0,217.0,1247.0,424.0,1506.0,,,,
28511,15:38.000,15:38.025,1,1875.0,1328.0,2015.0,1505.0,,,,,,,,
28526,15:38.500,15:38.525,1,1135.0,1305.0,1247.0,1471.0,,,,,,,,
28541,15:39.000,15:39.025,2,456.0,989.0,629.0,1238.0,1694.0,998.0,1815.0,1160.0,,,,
28556,15:39.500,15:39.525,2,781.0,988.0,938.0,1223.0,2046.0,987.0,2197.0,1167.0,,,,
28571,15:40.000,15:40.017,2,2067.0,959.0,2217.0,1136.0,812.0,977.0,961.0,1204.0,,,,
28586,15:40.500,15:40.517,2,863.0,991.0,1010.0,1222.0,2126.0,933.0,2282.0,1118.0,,,,
28601,15:41.000,15:41.018,2,2124.0,920.0,2274.0,1101.0,858.0,981.0,1004.0,1206.0,,,,
28616,15:41.500,15:41.518,2,840.0,981.0,989.0,1210.0,2108.0,924.0,2257.0,1107.0,,,,
28631,15:42.000,15:42.018,2,835.0,994.0,981.0,1224.0,2099.0,948.0,2249.0,1129.0,,,,
28646,15:42.500,15:42.518,2,821.0,1014.0,968.0,1243.0,2091.0,973.0,2239.0,1155.0,,,,
28661,15:43.000,15:43.018,2,714.0,1108.0,877.0,1350.0,1996.0,1093.0,2144.0,1271.0,,,,
28676,15:43.500,15:43.518,2,55.0,1010.0,270.0,1279.0,1423.0,975.0,1533.0,1126.0,,,,
28691,15:44.000,15:44.018,2,1359.0,932.0,1468.0,1086.0,-14.0,993.0,184.0,1267.0,,,,
28706,15:44.500,15:44.518,2,19.0,1012.0,234.0,1290.0,1397.0,968.0,1511.0,1119.0,,,,
28721,15:45.000,15:45.018,2,1637.0,936.0,1756.0,1093.0,380.0,954.0,556.0,1199.0,,,,
28736,15:45.500,15:45.520,2,2007.0,895.0,2150.0,1068.0,785.0,902.0,931.0,1137.0,,,,
28751,15:46.000,15:46.020,2,785.0,858.0,934.0,1085.0,2013.0,849.0,2162.0,1021.0,,,,
28766,15:46.500,15:46.520,2,861.0,908.0,1008.0,1128.0,2128.0,943.0,2290.0,1125.0,,,,
28781,15:47.000,15:47.020,1,1177.0,945.0,1290.0,1098.0,,,,,,,,
28796,15:47.500,15:47.520,2,1686.0,881.0,1865.0,1145.0,603.0,913.0,735.0,1078.0,,,,
28811,15:48.000,15:48.020,2,1521.0,801.0,1689.0,1058.0,429.0,885.0,569.0,1054.0,,,,
28826,15:48.500,15:48.520,2,534.0,837.0,668.0,1000.0,1616.0,778.0,1788.0,1042.0,,,,
28841,15:49.000,15:49.020,2,1663.0,799.0,1837.0,1059.0,584.0,847.0,713.0,1004.0,,,,
28856,15:49.500,15:49.522,2,1587.0,769.0,1757.0,1021.0,500.0,836.0,635.0,1000.0,,,,
28871,15:50.000,15:50.022,2,1502.0,830.0,1664.0,1085.0,402.0,903.0,541.0,1071.0,,,,
28886,15:50.500,15:50.522,2,1465.0,859.0,1629.0,1108.0,361.0,941.0,503.0,1116.0,,,,
28901,15:51.000,15:51.022,2,1450.0,917.0,1613.0,1166.0,341.0,1022.0,484.0,1195.0,,,,
28916,15:51.500,15:51.522,2,1437.0,981.0,1604.0,1233.0,320.0,1080.0,464.0,1256.0,,,,
28931,15:52.000,15:52.022,2,1438.0,963.0,1604.0,1221.0,324.0,1060.0,467.0,1239.0,,,,
28946,15:52.500,15:52.522,2,1442.0,971.0,1608.0,1231.0,321.0,1066.0,466.0,1246.0,,,,
28961,15:53.000,15:53.022,2,1441.0,964.0,1606.0,1234.0,322.0,1063.0,465.0,1241.0,,,,
28976,15:53.500,15:53.522,2,1446.0,961.0,1613.0,1224.0,329.0,1059.0,470.0,1237.0,,,,
28991,15:54.000,15:54.023,2,1455.0,961.0,1622.0,1218.0,335.0,1060.0,478.0,1237.0,,,,
29006,15:54.500,15:54.523,2,1446.0,951.0,1612.0,1222.0,335.0,1052.0,475.0,1226.0,,,,
29021,15:55.000,15:55.023,2,1449.0,952.0,1613.0,1213.0,334.0,1050.0,475.0,1225.0,,,,
29036,15:55.500,15:55.523,2,1444.0,944.0,1610.0,1201.0,333.0,1043.0,475.0,1220.0,,,,
29051,15:56.000,15:56.023,2,1447.0,944.0,1613.0,1201.0,340.0,1044.0,481.0,1220.0,,,,
29066,15:56.500,15:56.523,2,1456.0,946.0,1624.0,1202.0,349.0,1055.0,490.0,1230.0,,,,
29081,15:57.000,15:57.023,2,1464.0,906.0,1630.0,1163.0,360.0,1012.0,502.0,1187.0,,,,
29096,15:57.500,15:57.523,2,1434.0,928.0,1599.0,1185.0,320.0,1045.0,464.0,1223.0,,,,
29111,15:58.000,15:58.025,2,1442.0,929.0,1608.0,1181.0,330.0,1036.0,473.0,1216.0,,,,
29126,15:58.500,15:58.525,2,1452.0,923.0,1620.0,1174.0,344.0,1031.0,486.0,1206.0,,,,
29141,15:59.000,15:59.025,2,1518.0,917.0,1690.0,1177.0,429.0,1019.0,564.0,1189.0,,,,
29156,15:59.500,15:59.525,2,1509.0,909.0,1677.0,1165.0,414.0,1009.0,551.0,1182.0,,,,
29171,16:00.000,16:00.025,2,1507.0,909.0,1675.0,1165.0,411.0,1012.0,548.0,1185.0,,,,
29186,16:00.500,16:00.517,2,1509.0,907.0,1674.0,1164.0,410.0,1012.0,548.0,1184.0,,,,
29201,16:01.000,16:01.017,2,1971.0,899.0,2188.0,1187.0,870.0,1005.0,983.0,1162.0,,,,
29216,16:01.500,16:01.517,2,808.0,908.0,923.0,1061.0,1885.0,821.0,2077.0,1081.0,,,,
29231,16:02.000,16:02.017,2,1619.0,878.0,1787.0,1131.0,550.0,939.0,679.0,1100.0,,,,
29246,16:02.500,16:02.518,2,1565.0,878.0,1733.0,1128.0,491.0,985.0,625.0,1151.0,,,,
29261,16:03.000,16:03.018,2,1510.0,923.0,1675.0,1172.0,427.0,1034.0,566.0,1207.0,,,,
29276,16:03.500,16:03.518,2,1509.0,928.0,1675.0,1180.0,427.0,1035.0,567.0,1206.0,,,,
29291,16:04.000,16:04.018,2,1510.0,978.0,1676.0,1231.0,422.0,1078.0,560.0,1251.0,,,,
29306,16:04.500,16:04.518,2,1690.0,963.0,1872.0,1224.0,614.0,1054.0,742.0,1215.0,,,,
29321,16:05.000,16:05.018,2,1855.0,869.0,2051.0,1135.0,767.0,986.0,886.0,1142.0,,,,
29336,16:05.500,16:05.518,2,1913.0,785.0,2125.0,1059.0,815.0,956.0,935.0,1113.0,,,,
29351,16:06.000,16:06.018,2,1999.0,837.0,2222.0,1121.0,877.0,956.0,994.0,1109.0,,,,
29366,16:06.500,16:06.520,2,1779.0,920.0,1973.0,1193.0,674.0,1006.0,799.0,1166.0,,,,
29381,16:07.000,16:07.020,2,1549.0,930.0,1722.0,1194.0,416.0,1002.0,557.0,1175.0,,,,
29396,16:07.500,16:07.520,2,1506.0,929.0,1679.0,1192.0,364.0,1004.0,510.0,1180.0,,,,
29411,16:08.000,16:08.020,2,1499.0,908.0,1662.0,1163.0,357.0,994.0,503.0,1168.0,,,,
29426,16:08.500,16:08.520,2,1614.0,956.0,1788.0,1224.0,517.0,1031.0,652.0,1197.0,,,,
29441,16:09.000,16:09.020,2,1984.0,987.0,2199.0,1279.0,863.0,1013.0,981.0,1170.0,,,,
29456,16:09.500,16:09.520,2,1892.0,1049.0,2100.0,1330.0,779.0,1094.0,900.0,1257.0,,,,
29471,16:10.000,16:10.020,2,1565.0,1042.0,1738.0,1306.0,449.0,1126.0,590.0,1299.0,,,,
29486,16:10.500,16:10.520,2,1518.0,1004.0,1687.0,1268.0,393.0,1086.0,538.0,1264.0,,,,
29501,16:11.000,16:11.022,2,1579.0,1018.0,1749.0,1275.0,461.0,1086.0,600.0,1255.0,,,,
29516,16:11.500,16:11.522,2,1867.0,1028.0,2073.0,1306.0,769.0,1070.0,890.0,1236.0,,,,
29530,16:12.000,16:12.022,0,,,,,,,,,,,,
29545,16:12.500,16:12.522,2,1102.0,1106.0,1185.0,1227.0,1788.0,1040.0,1908.0,1198.0,,,,
29560,16:13.000,16:13.022,1,1970.0,1085.0,2077.0,1226.0,,,,,,,,
29575,16:13.500,16:13.522,1,2032.0,1149.0,2144.0,1293.0,,,,,,,,
29590,16:14.000,16:14.022,1,1911.0,1121.0,2014.0,1262.0,,,,,,,,
29606,16:14.500,16:14.522,3,1857.0,907.0,2089.0,1228.0,1176.0,1001.0,1280.0,1133.0,474.0,1093.0,572.0,1227.0
29621,16:15.000,16:15.023,3,1705.0,912.0,1919.0,1221.0,1038.0,1005.0,1139.0,1139.0,302.0,1111.0,410.0,1252.0
29636,16:15.500,16:15.523,2,952.0,1095.0,1034.0,1215.0,1592.0,998.0,1690.0,1139.0,,,,
29651,16:16.000,16:16.015,2,1317.0,1085.0,1399.0,1208.0,2026.0,1005.0,2140.0,1165.0,,,,
29667,16:16.500,16:16.523,2,1200.0,1061.0,1277.0,1179.0,1882.0,971.0,1971.0,1117.0,,,,
29682,16:17.000,16:17.023,2,1207.0,1058.0,1286.0,1175.0,1901.0,951.0,1989.0,1095.0,,,,
29697,16:17.500,16:17.523,2,1378.0,1000.0,1455.0,1117.0,2136.0,903.0,2253.0,1064.0,,,,
29712,16:18.000,16:18.023,1,1716.0,1002.0,1803.0,1130.0,,,,,,,,
29727,16:18.500,16:18.523,1,1924.0,1007.0,2017.0,1136.0,,,,,,,,
29742,16:19.000,16:19.023,1,1967.0,997.0,2066.0,1130.0,,,,,,,,
29757,16:19.500,16:19.525,1,2018.0,1050.0,2120.0,1182.0,,,,,,,,
29772,16:20.000,16:20.025,1,2094.0,1116.0,2202.0,1258.0,,,,,,,,
29787,16:20.500,16:20.525,0,,,,,,,,,,,,
29802,16:21.000,16:21.017,0,,,,,,,,,,,,
29817,16:21.500,16:21.517,0,,,,,,,,,,,,
29832,16:22.000,16:22.017,0,,,,,,,,,,,,
29847,16:22.500,16:22.517,0,,,,,,,,,,,,
29862,16:23.000,16:23.017,0,,,,,,,,,,,,
29877,16:23.500,16:23.518,0,,,,,,,,,,,,
29892,16:24.000,16:24.018,0,,,,,,,,,,,,
29907,16:24.500,16:24.518,1,2292.0,1147.0,2405.0,1293.0,,,,,,,,
29922,16:25.000,16:25.018,1,2293.0,1161.0,2406.0,1306.0,,,,,,,,
29937,16:25.500,16:25.518,1,2290.0,1152.0,2403.0,1299.0,,,,,,,,
29952,16:26.000,16:26.018,1,2262.0,1146.0,2384.0,1296.0,,,,,,,,
29967,16:26.500,16:26.518,1,2209.0,1120.0,2332.0,1269.0,,,,,,,,
29983,16:27.000,16:27.018,1,2170.0,1108.0,2289.0,1257.0,,,,,,,,
29998,16:27.500,16:27.518,1,2166.0,1105.0,2286.0,1254.0,,,,,,,,
30013,16:28.000,16:28.020,1,2167.0,1106.0,2286.0,1255.0,,,,,,,,
30028,16:28.500,16:28.520,1,2164.0,1101.0,2285.0,1249.0,,,,,,,,
30043,16:29.000,16:29.020,1,2153.0,1100.0,2271.0,1247.0,,,,,,,,
30058,16:29.500,16:29.520,1,2164.0,1096.0,2282.0,1243.0,,,,,,,,
30073,16:30.000,16:30.020,1,2173.0,953.0,2288.0,1098.0,,,,,,,,
30088,16:30.500,16:30.520,1,2177.0,911.0,2292.0,1049.0,,,,,,,,
30103,16:31.000,16:31.020,1,2172.0,914.0,2289.0,1051.0,,,,,,,,
30118,16:31.500,16:31.520,1,2172.0,914.0,2289.0,1052.0,,,,,,,,
30133,16:32.000,16:32.020,1,2173.0,893.0,2285.0,1029.0,,,,,,,,
30148,16:32.500,16:32.522,1,2172.0,899.0,2283.0,1036.0,,,,,,,,
30163,16:33.000,16:33.022,1,2163.0,878.0,2276.0,1015.0,,,,,,,,
30178,16:33.500,16:33.522,1,2135.0,722.0,2243.0,858.0,,,,,,,,
30193,16:34.000,16:34.022,1,2111.0,724.0,2220.0,859.0,,,,,,,,
30208,16:34.500,16:34.522,1,2100.0,728.0,2208.0,865.0,,,,,,,,
30223,16:35.000,16:35.022,1,2106.0,737.0,2213.0,870.0,,,,,,,,
30238,16:35.500,16:35.522,1,2099.0,741.0,2208.0,876.0,,,,,,,,
30253,16:36.000,16:36.022,1,2094.0,752.0,2201.0,885.0,,,,,,,,
30268,16:36.500,16:36.523,1,1961.0,527.0,2061.0,656.0,,,,,,,,
30283,16:37.000,16:37.023,1,1859.0,520.0,1955.0,649.0,,,,,,,,
30298,16:37.500,16:37.523,1,1854.0,520.0,1947.0,647.0,,,,,,,,
30327,16:38.000,16:38.015,0,,,,,,,,,,,,
30357,16:38.500,16:38.515,1,1849.0,540.0,1943.0,668.0,,,,,,,,
30387,16:39.000,16:39.015,1,1836.0,558.0,1929.0,686.0,,,,,,,,
30407,16:39.500,16:39.523,1,1832.0,564.0,1925.0,691.0,,,,,,,,
30422,16:40.000,16:40.023,1,1833.0,572.0,1925.0,699.0,,,,,,,,
30437,16:40.500,16:40.523,1,1833.0,570.0,1926.0,699.0,,,,,,,,
30452,16:41.000,16:41.017,1,1832.0,569.0,1925.0,697.0,,,,,,,,
30467,16:41.500,16:41.517,1,1834.0,570.0,1927.0,699.0,,,,,,,,
30482,16:42.000,16:42.017,1,1826.0,603.0,1918.0,730.0,,,,,,,,
30497,16:42.500,16:42.517,2,1358.0,1179.0,1438.0,1304.0,2174.0,1115.0,2314.0,1286.0,,,,
30512,16:43.000,16:43.017,3,1295.0,1095.0,1396.0,1233.0,1990.0,1039.0,2246.0,1375.0,572.0,1173.0,663.0,1303.0
30527,16:43.500,16:43.517,2,1912.0,1088.0,2041.0,1248.0,1203.0,1141.0,1284.0,1266.0,,,,
30542,16:44.000,16:44.017,0,,,,,,,,,,,,
30557,16:44.500,16:44.517,0,,,,,,,,,,,,
30572,16:45.000,16:45.018,0,,,,,,,,,,,,
30587,16:45.500,16:45.518,0,,,,,,,,,,,,
30602,16:46.000,16:46.018,0,,,,,,,,,,,,
30617,16:46.500,16:46.518,0,,,,,,,,,,,,
30632,16:47.000,16:47.018,0,,,,,,,,,,,,
30647,16:47.500,16:47.518,0,,,,,,,,,,,,
30662,16:48.000,16:48.018,0,,,,,,,,,,,,
30677,16:48.500,16:48.518,0,,,,,,,,,,,,
30692,16:49.000,16:49.018,1,2227.0,1034.0,2349.0,1178.0,,,,,,,,
30707,16:49.500,16:49.520,1,2209.0,906.0,2324.0,1043.0,,,,,,,,
30722,16:50.000,16:50.020,1,2151.0,912.0,2265.0,1050.0,,,,,,,,
30737,16:50.500,16:50.520,1,2155.0,973.0,2271.0,1116.0,,,,,,,,
30752,16:51.000,16:51.020,1,2170.0,1050.0,2287.0,1192.0,,,,,,,,
30767,16:51.500,16:51.520,1,2164.0,1047.0,2282.0,1190.0,,,,,,,,
30782,16:52.000,16:52.020,1,2146.0,1055.0,2261.0,1198.0,,,,,,,,
30798,16:52.500,16:52.520,1,2208.0,1156.0,2330.0,1303.0,,,,,,,,
30813,16:53.000,16:53.020,1,2190.0,1244.0,2314.0,1396.0,,,,,,,,
30828,16:53.500,16:53.522,1,2181.0,1234.0,2302.0,1388.0,,,,,,,,
30843,16:54.000,16:54.022,1,2174.0,1220.0,2294.0,1373.0,,,,,,,,
30858,16:54.500,16:54.522,1,2156.0,1239.0,2276.0,1391.0,,,,,,,,
30873,16:55.000,16:55.022,1,2148.0,1242.0,2267.0,1394.0,,,,,,,,
30888,16:55.500,16:55.522,1,2119.0,1229.0,2234.0,1380.0,,,,,,,,
30903,16:56.000,16:56.022,1,2049.0,1219.0,2160.0,1364.0,,,,,,,,
30918,16:56.500,16:56.522,1,1974.0,1188.0,2080.0,1329.0,,,,,,,,
30933,16:57.000,16:57.022,1,1979.0,1208.0,2087.0,1351.0,,,,,,,,
30948,16:57.500,16:57.522,1,2002.0,1218.0,2108.0,1362.0,,,,,,,,
30963,16:58.000,16:58.023,1,2001.0,1201.0,2108.0,1344.0,,,,,,,,
30978,16:58.500,16:58.523,1,2007.0,1204.0,2114.0,1347.0,,,,,,,,
30993,16:59.000,16:59.023,1,2002.0,1204.0,2110.0,1347.0,,,,,,,,
31008,16:59.500,16:59.523,1,2003.0,1206.0,2110.0,1347.0,,,,,,,,
31023,17:00.000,17:00.023,1,2005.0,1208.0,2112.0,1349.0,,,,,,,,
31038,17:00.500,17:00.523,1,2005.0,1207.0,2112.0,1349.0,,,,,,,,
31053,17:01.000,17:01.023,1,2005.0,1207.0,2112.0,1352.0,,,,,,,,
31068,17:01.500,17:01.523,1,2003.0,1209.0,2111.0,1355.0,,,,,,,,
31083,17:02.000,17:02.025,1,2003.0,1210.0,2111.0,1357.0,,,,,,,,
31098,17:02.500,17:02.517,1,2003.0,1210.0,2111.0,1356.0,,,,,,,,
31113,17:03.000,17:03.017,1,2002.0,1210.0,2110.0,1356.0,,,,,,,,
31128,17:03.500,17:03.517,1,2003.0,1214.0,2109.0,1357.0,,,,,,,,
31143,17:04.000,17:04.017,1,2006.0,1217.0,2113.0,1360.0,,,,,,,,
31158,17:04.500,17:04.517,1,2006.0,1217.0,2113.0,1360.0,,,,,,,,
31173,17:05.000,17:05.017,1,2011.0,1223.0,2121.0,1365.0,,,,,,,,
31188,17:05.500,17:05.517,1,2010.0,1223.0,2121.0,1366.0,,,,,,,,
31203,17:06.000,17:06.017,1,2007.0,1221.0,2117.0,1365.0,,,,,,,,
31218,17:06.500,17:06.518,1,2008.0,1221.0,2118.0,1363.0,,,,,,,,
31233,17:07.000,17:07.018,1,2005.0,1219.0,2114.0,1362.0,,,,,,,,
31248,17:07.500,17:07.518,1,2000.0,1216.0,2108.0,1359.0,,,,,,,,
31263,17:08.000,17:08.018,1,2003.0,1216.0,2110.0,1360.0,,,,,,,,
31278,17:08.500,17:08.518,1,2004.0,1222.0,2112.0,1364.0,,,,,,,,
31293,17:09.000,17:09.018,1,2002.0,1217.0,2109.0,1360.0,,,,,,,,
31308,17:09.500,17:09.518,1,2003.0,1214.0,2111.0,1359.0,,,,,,,,
31323,17:10.000,17:10.018,1,2004.0,1215.0,2111.0,1359.0,,,,,,,,
31338,17:10.500,17:10.520,1,2003.0,1215.0,2110.0,1359.0,,,,,,,,
31353,17:11.000,17:11.020,1,2006.0,1216.0,2115.0,1359.0,,,,,,,,
31368,17:11.500,17:11.520,1,2006.0,1219.0,2114.0,1361.0,,,,,,,,
31383,17:12.000,17:12.020,1,2003.0,1216.0,2112.0,1360.0,,,,,,,,
31398,17:12.500,17:12.520,1,2005.0,1216.0,2111.0,1359.0,,,,,,,,
31413,17:13.000,17:13.020,1,2005.0,1222.0,2112.0,1364.0,,,,,,,,
31428,17:13.500,17:13.520,1,2002.0,1221.0,2109.0,1363.0,,,,,,,,
31443,17:14.000,17:14.020,1,2005.0,1213.0,2113.0,1358.0,,,,,,,,
31458,17:14.500,17:14.520,1,2005.0,1213.0,2114.0,1356.0,,,,,,,,
31473,17:15.000,17:15.022,1,2005.0,1210.0,2113.0,1357.0,,,,,,,,
31488,17:15.500,17:15.522,1,2002.0,1208.0,2111.0,1355.0,,,,,,,,
31503,17:16.000,17:16.022,1,2002.0,1206.0,2110.0,1351.0,,,,,,,,
31518,17:16.500,17:16.522,1,2002.0,1205.0,2109.0,1349.0,,,,,,,,
31533,17:17.000,17:17.022,1,2002.0,1204.0,2108.0,1347.0,,,,,,,,
31548,17:17.500,17:17.522,1,2001.0,1205.0,2109.0,1348.0,,,,,,,,
31563,17:18.000,17:18.022,1,2001.0,1205.0,2108.0,1349.0,,,,,,,,
31578,17:18.500,17:18.522,1,2004.0,1206.0,2110.0,1348.0,,,,,,,,
31593,17:19.000,17:19.023,1,2004.0,1202.0,2110.0,1344.0,,,,,,,,
31608,17:19.500,17:19.523,1,2003.0,1202.0,2110.0,1343.0,,,,,,,,
31623,17:20.000,17:20.023,1,2006.0,1205.0,2112.0,1345.0,,,,,,,,
31638,17:20.500,17:20.523,1,2006.0,1205.0,2112.0,1345.0,,,,,,,,
31653,17:21.000,17:21.023,1,2005.0,1200.0,2111.0,1343.0,,,,,,,,
31668,17:21.500,17:21.523,1,2006.0,1199.0,2114.0,1343.0,,,,,,,,
31683,17:22.000,17:22.023,1,2007.0,1201.0,2116.0,1343.0,,,,,,,,
31698,17:22.500,17:22.523,1,2007.0,1198.0,2115.0,1340.0,,,,,,,,
31713,17:23.000,17:23.015,1,2009.0,1197.0,2119.0,1341.0,,,,,,,,
31728,17:23.500,17:23.517,1,1983.0,1198.0,2090.0,1341.0,,,,,,,,
31743,17:24.000,17:24.017,1,1990.0,1198.0,2097.0,1341.0,,,,,,,,
31758,17:24.500,17:24.517,1,1992.0,1199.0,2099.0,1342.0,,,,,,,,
31773,17:25.000,17:25.017,1,1995.0,1202.0,2102.0,1346.0,,,,,,,,
31788,17:25.500,17:25.517,1,1995.0,1200.0,2102.0,1343.0,,,,,,,,
31803,17:26.000,17:26.017,1,1997.0,1199.0,2103.0,1339.0,,,,,,,,
31818,17:26.500,17:26.517,1,1988.0,1191.0,2095.0,1332.0,,,,,,,,
31833,17:27.000,17:27.017,1,1990.0,1198.0,2096.0,1340.0,,,,,,,,
31848,17:27.500,17:27.517,1,1993.0,1199.0,2099.0,1339.0,,,,,,,,
31863,17:28.000,17:28.018,1,1987.0,1201.0,2095.0,1343.0,,,,,,,,
31878,17:28.500,17:28.518,1,1989.0,1201.0,2096.0,1344.0,,,,,,,,
31893,17:29.000,17:29.018,1,1993.0,1195.0,2101.0,1336.0,,,,,,,,
31908,17:29.500,17:29.518,1,1992.0,1193.0,2098.0,1332.0,,,,,,,,
31923,17:30.000,17:30.018,1,1992.0,1190.0,2098.0,1328.0,,,,,,,,
31938,17:30.500,17:30.518,1,1991.0,1185.0,2097.0,1325.0,,,,,,,,
31953,17:31.000,17:31.018,1,1990.0,1179.0,2097.0,1319.0,,,,,,,,
31968,17:31.500,17:31.518,1,1988.0,1183.0,2094.0,1324.0,,,,,,,,
31983,17:32.000,17:32.020,1,1993.0,1173.0,2099.0,1314.0,,,,,,,,
31998,17:32.500,17:32.520,1,1989.0,1182.0,2095.0,1322.0,,,,,,,,
32013,17:33.000,17:33.020,1,1973.0,1155.0,2077.0,1294.0,,,,,,,,
32028,17:33.500,17:33.520,1,1977.0,1143.0,2082.0,1280.0,,,,,,,,
32043,17:34.000,17:34.020,1,1974.0,1138.0,2078.0,1276.0,,,,,,,,
32058,17:34.500,17:34.520,1,1947.0,1128.0,2052.0,1264.0,,,,,,,,
32073,17:35.000,17:35.020,1,1874.0,1150.0,1974.0,1287.0,,,,,,,,
32088,17:35.500,17:35.520,1,1595.0,1113.0,1683.0,1240.0,,,,,,,,
32103,17:36.000,17:36.020,1,1579.0,1105.0,1665.0,1228.0,,,,,,,,
32118,17:36.500,17:36.522,1,1589.0,1114.0,1676.0,1240.0,,,,,,,,
32133,17:37.000,17:37.022,2,1602.0,1056.0,1686.0,1201.0,937.0,1152.0,1018.0,1273.0,,,,
32148,17:37.500,17:37.522,2,1541.0,1061.0,1630.0,1201.0,866.0,1151.0,949.0,1272.0,,,,
32163,17:38.000,17:38.022,2,892.0,1153.0,975.0,1275.0,1573.0,1067.0,1667.0,1213.0,,,,
32178,17:38.500,17:38.522,2,884.0,1161.0,969.0,1283.0,1567.0,1082.0,1665.0,1228.0,,,,
32193,17:39.000,17:39.022,2,1580.0,1078.0,1679.0,1226.0,901.0,1152.0,984.0,1276.0,,,,
32208,17:39.500,17:39.522,2,1615.0,1075.0,1715.0,1225.0,938.0,1154.0,1020.0,1274.0,,,,
32223,17:40.000,17:40.022,2,1702.0,1079.0,1805.0,1228.0,1024.0,1139.0,1106.0,1259.0,,,,
32238,17:40.500,17:40.523,2,1047.0,1130.0,1129.0,1250.0,1734.0,1071.0,1839.0,1225.0,,,,
32253,17:41.000,17:41.023,2,1042.0,1140.0,1123.0,1259.0,1733.0,1078.0,1839.0,1229.0,,,,
32268,17:41.500,17:41.523,2,1744.0,1082.0,1854.0,1234.0,1046.0,1144.0,1125.0,1265.0,,,,
32283,17:42.000,17:42.023,2,1751.0,1087.0,1861.0,1238.0,1048.0,1142.0,1128.0,1269.0,,,,
32298,17:42.500,17:42.523,2,1755.0,1094.0,1863.0,1243.0,1050.0,1148.0,1131.0,1273.0,,,,
32313,17:43.000,17:43.015,2,1760.0,1100.0,1871.0,1252.0,1061.0,1151.0,1140.0,1272.0,,,,
32329,17:43.500,17:43.515,2,1067.0,1147.0,1147.0,1268.0,1766.0,1098.0,1880.0,1247.0,,,,
32344,17:44.000,17:44.015,2,1778.0,1094.0,1887.0,1242.0,1077.0,1144.0,1156.0,1265.0,,,,
32359,17:44.500,17:44.515,2,1797.0,1098.0,1908.0,1252.0,1094.0,1149.0,1173.0,1271.0,,,,
32374,17:45.000,17:45.017,2,1101.0,1149.0,1180.0,1270.0,1800.0,1099.0,1910.0,1252.0,,,,
32389,17:45.500,17:45.517,2,1104.0,1145.0,1182.0,1265.0,1807.0,1097.0,1919.0,1247.0,,,,
32404,17:46.000,17:46.017,2,1816.0,1097.0,1930.0,1245.0,1107.0,1145.0,1185.0,1267.0,,,,
32419,17:46.500,17:46.517,2,1132.0,1157.0,1210.0,1280.0,1844.0,1093.0,1959.0,1246.0,,,,
32434,17:47.000,17:47.017,2,1856.0,1091.0,1973.0,1243.0,1142.0,1154.0,1223.0,1277.0,,,,
32449,17:47.500,17:47.517,2,1871.0,1091.0,1988.0,1242.0,1157.0,1146.0,1237.0,1269.0,,,,
32464,17:48.000,17:48.017,2,1883.0,1081.0,2001.0,1235.0,1167.0,1141.0,1245.0,1260.0,,,,
32479,17:48.500,17:48.517,2,1884.0,1082.0,2001.0,1235.0,1168.0,1138.0,1246.0,1258.0,,,,
32494,17:49.000,17:49.018,2,1884.0,1080.0,2002.0,1233.0,1169.0,1137.0,1247.0,1257.0,,,,
32509,17:49.500,17:49.518,2,1893.0,1080.0,2009.0,1233.0,1176.0,1136.0,1255.0,1256.0,,,,
32524,17:50.000,17:50.018,2,1902.0,1084.0,2020.0,1240.0,1188.0,1137.0,1267.0,1257.0,,,,
32539,17:50.500,17:50.518,2,1912.0,1093.0,2031.0,1245.0,1200.0,1138.0,1284.0,1267.0,,,,
32554,17:51.000,17:51.018,2,1212.0,1147.0,1295.0,1271.0,1920.0,1094.0,2039.0,1247.0,,,,
32569,17:51.500,17:51.518,2,1216.0,1143.0,1299.0,1266.0,1925.0,1090.0,2044.0,1242.0,,,,
32584,17:52.000,17:52.018,2,1219.0,1143.0,1300.0,1265.0,1928.0,1090.0,2046.0,1242.0,,,,
32599,17:52.500,17:52.518,2,1933.0,1094.0,2050.0,1245.0,1223.0,1144.0,1304.0,1265.0,,,,
32614,17:53.000,17:53.018,2,1935.0,1092.0,2051.0,1244.0,1227.0,1142.0,1308.0,1265.0,,,,
32629,17:53.500,17:53.520,2,1236.0,1151.0,1318.0,1275.0,1951.0,1099.0,2068.0,1256.0,,,,
32644,17:54.000,17:54.020,2,1241.0,1135.0,1324.0,1257.0,1956.0,1084.0,2074.0,1240.0,,,,
32659,17:54.500,17:54.520,2,1242.0,1148.0,1325.0,1272.0,1956.0,1097.0,2078.0,1258.0,,,,
32674,17:55.000,17:55.020,2,1244.0,1166.0,1326.0,1289.0,1958.0,1115.0,2079.0,1272.0,,,,
32689,17:55.500,17:55.520,2,1265.0,1147.0,1348.0,1272.0,1985.0,1099.0,2109.0,1260.0,,,,
32704,17:56.000,17:56.020,2,1495.0,1183.0,1582.0,1312.0,2319.0,1160.0,2435.0,1316.0,,,,
32719,17:56.500,17:56.520,1,1541.0,1199.0,1629.0,1330.0,,,,,,,,
32734,17:57.000,17:57.020,1,1540.0,1208.0,1628.0,1338.0,,,,,,,,
32749,17:57.500,17:57.522,1,1538.0,1200.0,1627.0,1330.0,,,,,,,,
32764,17:58.000,17:58.022,1,1540.0,1183.0,1628.0,1313.0,,,,,,,,
32779,17:58.500,17:58.522,1,1528.0,1176.0,1615.0,1303.0,,,,,,,,
32794,17:59.000,17:59.022,1,1505.0,1181.0,1588.0,1305.0,,,,,,,,
32809,17:59.500,17:59.522,1,1492.0,1170.0,1577.0,1299.0,,,,,,,,
32824,18:00.000,18:00.022,1,1486.0,1168.0,1575.0,1292.0,,,,,,,,
32839,18:00.500,18:00.522,1,1483.0,1165.0,1570.0,1288.0,,,,,,,,
32854,18:01.000,18:01.022,1,1484.0,1166.0,1571.0,1288.0,,,,,,,,
32869,18:01.500,18:01.522,1,1484.0,1165.0,1571.0,1288.0,,,,,,,,
32884,18:02.000,18:02.023,1,1486.0,1143.0,1572.0,1267.0,,,,,,,,
32899,18:02.500,18:02.523,1,1483.0,1138.0,1569.0,1261.0,,,,,,,,
32914,18:03.000,18:03.015,1,1479.0,1127.0,1564.0,1251.0,,,,,,,,
32929,18:03.500,18:03.515,1,1475.0,1124.0,1559.0,1245.0,,,,,,,,
32944,18:04.000,18:04.015,1,1471.0,1123.0,1556.0,1244.0,,,,,,,,
32959,18:04.500,18:04.515,1,1466.0,1113.0,1552.0,1237.0,,,,,,,,
32974,18:05.000,18:05.015,2,1462.0,1112.0,1547.0,1230.0,2320.0,1071.0,2442.0,1241.0,,,,
32989,18:05.500,18:05.515,2,1458.0,1107.0,1542.0,1224.0,2315.0,1063.0,2440.0,1238.0,,,,
33004,18:06.000,18:06.015,2,1445.0,1118.0,1528.0,1239.0,2303.0,1072.0,2429.0,1240.0,,,,
33019,18:06.500,18:06.517,2,2291.0,1075.0,2420.0,1244.0,1438.0,1121.0,1524.0,1245.0,,,,
33034,18:07.000,18:07.017,2,2284.0,1071.0,2417.0,1240.0,1434.0,1120.0,1518.0,1240.0,,,,
33049,18:07.500,18:07.517,2,2263.0,1064.0,2394.0,1230.0,1421.0,1114.0,1509.0,1236.0,,,,
33064,18:08.000,18:08.017,2,1389.0,1115.0,1474.0,1235.0,2210.0,1058.0,2349.0,1226.0,,,,
33079,18:08.500,18:08.517,2,2196.0,1056.0,2333.0,1223.0,1377.0,1113.0,1462.0,1235.0,,,,
33094,18:09.000,18:09.017,2,1375.0,1115.0,1458.0,1233.0,2186.0,1054.0,2322.0,1220.0,,,,
33109,18:09.500,18:09.517,2,1354.0,1116.0,1438.0,1236.0,2157.0,1052.0,2290.0,1217.0,,,,
33124,18:10.000,18:10.017,2,1357.0,1116.0,1441.0,1236.0,2161.0,1052.0,2295.0,1219.0,,,,
33139,18:10.500,18:10.518,2,1332.0,1087.0,1415.0,1210.0,2123.0,1027.0,2253.0,1191.0,,,,
33154,18:11.000,18:11.018,2,1154.0,1055.0,1234.0,1172.0,1881.0,978.0,1993.0,1127.0,,,,
33169,18:11.500,18:11.518,2,1772.0,984.0,1880.0,1134.0,1086.0,1066.0,1163.0,1190.0,,,,
33184,18:12.000,18:12.018,2,1759.0,990.0,1867.0,1139.0,1080.0,1080.0,1157.0,1198.0,,,,
33199,18:12.500,18:12.518,2,1768.0,996.0,1877.0,1142.0,1089.0,1080.0,1167.0,1199.0,,,,
33214,18:13.000,18:13.018,2,1095.0,1094.0,1172.0,1212.0,1778.0,1007.0,1888.0,1159.0,,,,
33229,18:13.500,18:13.518,2,1795.0,1013.0,1903.0,1165.0,1108.0,1099.0,1185.0,1213.0,,,,
33244,18:14.000,18:14.018,2,1102.0,1103.0,1180.0,1217.0,1789.0,1010.0,1898.0,1165.0,,,,
33259,18:14.500,18:14.518,2,1785.0,1016.0,1895.0,1169.0,1099.0,1109.0,1177.0,1223.0,,,,
33274,18:15.000,18:15.020,2,1099.0,1111.0,1178.0,1227.0,1790.0,1016.0,1898.0,1168.0,,,,
33289,18:15.500,18:15.520,2,1103.0,1104.0,1182.0,1222.0,1795.0,1012.0,1902.0,1165.0,,,,
33304,18:16.000,18:16.020,2,1112.0,1105.0,1190.0,1221.0,1808.0,1013.0,1917.0,1166.0,,,,
33319,18:16.500,18:16.520,2,1811.0,1018.0,1920.0,1170.0,1116.0,1110.0,1194.0,1224.0,,,,
33334,18:17.000,18:17.020,2,1119.0,1100.0,1197.0,1218.0,1814.0,1009.0,1924.0,1165.0,,,,
33349,18:17.500,18:17.520,2,1120.0,1096.0,1198.0,1213.0,1815.0,1006.0,1925.0,1160.0,,,,
33364,18:18.000,18:18.020,2,1124.0,1093.0,1201.0,1212.0,1818.0,1008.0,1926.0,1160.0,,,,
33379,18:18.500,18:18.520,2,1817.0,1009.0,1927.0,1163.0,1124.0,1097.0,1201.0,1214.0,,,,
33394,18:19.000,18:19.022,2,1128.0,1094.0,1205.0,1212.0,1825.0,1009.0,1935.0,1164.0,,,,
33409,18:19.500,18:19.522,2,1131.0,1094.0,1208.0,1212.0,1829.0,1008.0,1939.0,1162.0,,,,
33424,18:20.000,18:20.022,2,1138.0,1093.0,1214.0,1210.0,1837.0,1006.0,1949.0,1157.0,,,,
33439,18:20.500,18:20.522,2,1835.0,1006.0,1945.0,1157.0,1138.0,1088.0,1214.0,1208.0,,,,
33454,18:21.000,18:21.022,2,1136.0,1094.0,1211.0,1211.0,1830.0,1007.0,1942.0,1158.0,,,,
33469,18:21.500,18:21.522,2,1137.0,1095.0,1212.0,1213.0,1834.0,1007.0,1944.0,1160.0,,,,
33484,18:22.000,18:22.022,2,1134.0,1093.0,1211.0,1210.0,1830.0,1007.0,1942.0,1157.0,,,,
33499,18:22.500,18:22.522,2,1801.0,977.0,1912.0,1122.0,1112.0,1070.0,1190.0,1188.0,,,,
33514,18:23.000,18:23.013,2,1807.0,975.0,1915.0,1120.0,1117.0,1065.0,1195.0,1183.0,,,,
33529,18:23.500,18:23.515,2,1119.0,1064.0,1196.0,1184.0,1812.0,975.0,1919.0,1122.0,,,,
33544,18:24.000,18:24.015,2,1119.0,1080.0,1197.0,1195.0,1816.0,980.0,1924.0,1131.0,,,,
33559,18:24.500,18:24.515,2,1108.0,1081.0,1185.0,1196.0,1804.0,981.0,1913.0,1134.0,,,,
33574,18:25.000,18:25.015,2,1115.0,1084.0,1192.0,1198.0,1813.0,989.0,1923.0,1140.0,,,,
33589,18:25.500,18:25.515,2,1807.0,988.0,1917.0,1146.0,1107.0,1089.0,1183.0,1205.0,,,,
33604,18:26.000,18:26.015,2,959.0,1116.0,1037.0,1231.0,1643.0,1007.0,1744.0,1156.0,,,,
33619,18:26.500,18:26.515,2,1597.0,1016.0,1699.0,1166.0,915.0,1125.0,994.0,1245.0,,,,
33634,18:27.000,18:27.015,2,1612.0,1027.0,1714.0,1176.0,929.0,1130.0,1008.0,1250.0,,,,
33649,18:27.500,18:27.517,2,952.0,1130.0,1031.0,1252.0,1641.0,1037.0,1742.0,1183.0,,,,
33664,18:28.000,18:28.017,2,954.0,1127.0,1032.0,1249.0,1640.0,1022.0,1739.0,1170.0,,,,
33679,18:28.500,18:28.517,2,955.0,1129.0,1033.0,1251.0,1630.0,1022.0,1731.0,1171.0,,,,
33694,18:29.000,18:29.017,2,953.0,1129.0,1032.0,1249.0,1607.0,1020.0,1711.0,1171.0,,,,
33709,18:29.500,18:29.517,2,960.0,1133.0,1038.0,1251.0,1626.0,1029.0,1727.0,1181.0,,,,
33724,18:30.000,18:30.017,2,966.0,1131.0,1044.0,1252.0,1639.0,1028.0,1740.0,1179.0,,,,
33739,18:30.500,18:30.517,2,969.0,1136.0,1048.0,1256.0,1642.0,1030.0,1740.0,1183.0,,,,
33754,18:31.000,18:31.017,2,970.0,1131.0,1047.0,1253.0,1642.0,1031.0,1742.0,1185.0,,,,
33769,18:31.500,18:31.517,2,962.0,1139.0,1040.0,1257.0,1633.0,1037.0,1732.0,1190.0,,,,
33784,18:32.000,18:32.018,2,963.0,1139.0,1041.0,1257.0,1635.0,1038.0,1732.0,1194.0,,,,
33799,18:32.500,18:32.518,2,965.0,1141.0,1044.0,1260.0,1634.0,1039.0,1732.0,1194.0,,,,
33814,18:33.000,18:33.018,2,967.0,1139.0,1046.0,1259.0,1631.0,1035.0,1726.0,1189.0,,,,
33829,18:33.500,18:33.518,2,970.0,1130.0,1049.0,1254.0,1636.0,1029.0,1737.0,1180.0,,,,
33844,18:34.000,18:34.018,2,970.0,1133.0,1049.0,1255.0,1636.0,1033.0,1741.0,1181.0,,,,
33859,18:34.500,18:34.518,2,1633.0,1026.0,1739.0,1177.0,965.0,1129.0,1046.0,1251.0,,,,
33874,18:35.000,18:35.018,2,1640.0,1022.0,1745.0,1171.0,966.0,1130.0,1046.0,1252.0,,,,
33889,18:35.500,18:35.518,2,1649.0,1019.0,1753.0,1169.0,973.0,1131.0,1052.0,1254.0,,,,
33904,18:36.000,18:36.020,2,1648.0,1016.0,1752.0,1166.0,975.0,1127.0,1055.0,1251.0,,,,
33919,18:36.500,18:36.520,2,982.0,1130.0,1061.0,1252.0,1652.0,1021.0,1756.0,1169.0,,,,
33934,18:37.000,18:37.020,2,988.0,1137.0,1069.0,1256.0,1664.0,1021.0,1771.0,1173.0,,,,
33949,18:37.500,18:37.520,2,993.0,1146.0,1075.0,1268.0,1673.0,1037.0,1777.0,1189.0,,,,
33964,18:38.000,18:38.020,2,1674.0,1023.0,1778.0,1174.0,990.0,1138.0,1072.0,1263.0,,,,
33979,18:38.500,18:38.512,2,1674.0,1022.0,1779.0,1173.0,987.0,1138.0,1069.0,1257.0,,,,
33994,18:39.000,18:39.020,2,1665.0,1022.0,1774.0,1172.0,991.0,1136.0,1072.0,1255.0,,,,
34009,18:39.500,18:39.520,2,1664.0,1023.0,1771.0,1173.0,988.0,1136.0,1070.0,1257.0,,,,
34024,18:40.000,18:40.020,2,983.0,1150.0,1063.0,1269.0,1665.0,1032.0,1767.0,1182.0,,,,
34039,18:40.500,18:40.522,2,1006.0,1147.0,1089.0,1269.0,1683.0,1010.0,1787.0,1160.0,,,,
34054,18:41.000,18:41.022,2,1709.0,965.0,1812.0,1114.0,1028.0,1086.0,1111.0,1203.0,,,,
34069,18:41.500,18:41.522,2,1040.0,1097.0,1121.0,1215.0,1721.0,978.0,1823.0,1129.0,,,,
34084,18:42.000,18:42.022,2,1032.0,1112.0,1115.0,1229.0,1714.0,986.0,1812.0,1136.0,,,,
34099,18:42.500,18:42.522,2,1030.0,1132.0,1113.0,1252.0,1710.0,1006.0,1808.0,1153.0,,,,
34114,18:43.000,18:43.013,2,1018.0,1142.0,1102.0,1264.0,1697.0,1007.0,1797.0,1157.0,,,,
34129,18:43.500,18:43.513,2,1014.0,1149.0,1097.0,1272.0,1692.0,1010.0,1793.0,1161.0,,,,
34144,18:44.000,18:44.013,2,1011.0,1151.0,1093.0,1273.0,1687.0,1010.0,1788.0,1161.0,,,,
34159,18:44.500,18:44.515,2,1008.0,1155.0,1091.0,1277.0,1683.0,1012.0,1784.0,1163.0,,,,
34174,18:45.000,18:45.015,2,1004.0,1157.0,1088.0,1279.0,1679.0,1013.0,1780.0,1164.0,,,,
34189,18:45.500,18:45.515,2,999.0,1157.0,1082.0,1277.0,1672.0,1010.0,1776.0,1162.0,,,,
34204,18:46.000,18:46.015,2,976.0,1183.0,1060.0,1305.0,1653.0,1030.0,1754.0,1180.0,,,,
34219,18:46.500,18:46.515,2,1637.0,1024.0,1740.0,1175.0,963.0,1187.0,1048.0,1308.0,,,,
34234,18:47.000,18:47.015,2,964.0,1191.0,1047.0,1312.0,1638.0,1029.0,1739.0,1178.0,,,,
34249,18:47.500,18:47.515,2,957.0,1204.0,1036.0,1321.0,1637.0,1035.0,1736.0,1186.0,,,,
34264,18:48.000,18:48.015,2,1630.0,1028.0,1730.0,1177.0,942.0,1200.0,1024.0,1316.0,,,,
34279,18:48.500,18:48.515,2,1629.0,1028.0,1729.0,1177.0,940.0,1203.0,1020.0,1322.0,,,,
34294,18:49.000,18:49.017,2,1624.0,1031.0,1725.0,1180.0,936.0,1201.0,1020.0,1323.0,,,,
34309,18:49.500,18:49.517,2,1631.0,1029.0,1733.0,1179.0,958.0,1194.0,1044.0,1317.0,,,,
34324,18:50.000,18:50.017,2,1636.0,1025.0,1739.0,1176.0,961.0,1193.0,1047.0,1314.0,,,,
34339,18:50.500,18:50.517,2,1637.0,1020.0,1738.0,1170.0,963.0,1186.0,1049.0,1308.0,,,,
34354,18:51.000,18:51.017,2,1629.0,1023.0,1731.0,1172.0,959.0,1197.0,1045.0,1317.0,,,,
34369,18:51.500,18:51.517,2,1634.0,1027.0,1737.0,1177.0,963.0,1214.0,1049.0,1329.0,,,,
34384,18:52.000,18:52.017,2,1641.0,1025.0,1743.0,1174.0,972.0,1223.0,1057.0,1332.0,,,,
34399,18:52.500,18:52.517,2,976.0,1227.0,1060.0,1334.0,1638.0,1020.0,1740.0,1170.0,,,,
34414,18:53.000,18:53.018,2,974.0,1229.0,1058.0,1339.0,1637.0,1023.0,1740.0,1173.0,,,,
34429,18:53.500,18:53.518,2,1633.0,1023.0,1736.0,1173.0,976.0,1228.0,1061.0,1338.0,,,,
34444,18:54.000,18:54.018,2,982.0,1228.0,1066.0,1339.0,1635.0,1026.0,1739.0,1176.0,,,,
34459,18:54.500,18:54.518,2,1644.0,1028.0,1748.0,1178.0,989.0,1228.0,1073.0,1339.0,,,,
34474,18:55.000,18:55.018,2,987.0,1232.0,1070.0,1343.0,1640.0,1034.0,1745.0,1181.0,,,,
34489,18:55.500,18:55.518,2,984.0,1225.0,1067.0,1333.0,1634.0,1026.0,1739.0,1174.0,,,,
34504,18:56.000,18:56.018,2,1634.0,1025.0,1737.0,1175.0,982.0,1225.0,1064.0,1332.0,,,,
34519,18:56.500,18:56.518,2,1633.0,1025.0,1736.0,1175.0,984.0,1224.0,1067.0,1334.0,,,,
34534,18:57.000,18:57.018,2,990.0,1224.0,1073.0,1336.0,1640.0,1025.0,1743.0,1173.0,,,,
34549,18:57.500,18:57.520,2,990.0,1227.0,1074.0,1334.0,1638.0,1025.0,1741.0,1174.0,,,,
34564,18:58.000,18:58.020,2,1643.0,1024.0,1747.0,1173.0,986.0,1203.0,1067.0,1322.0,,,,
34579,18:58.500,18:58.520,2,1663.0,1049.0,1769.0,1196.0,992.0,1204.0,1070.0,1324.0,,,,
34594,18:59.000,18:59.020,1,1702.0,1084.0,1790.0,1211.0,,,,,,,,
34609,18:59.500,18:59.520,0,,,,,,,,,,,,
34624,19:00.000,19:00.020,0,,,,,,,,,,,,
34639,19:00.500,19:00.520,1,2247.0,947.0,2363.0,1085.0,,,,,,,,
34654,19:01.000,19:01.020,1,2230.0,948.0,2346.0,1087.0,,,,,,,,
34669,19:01.500,19:01.522,1,2033.0,971.0,2137.0,1102.0,,,,,,,,
34684,19:02.000,19:02.022,1,1982.0,1030.0,2080.0,1162.0,,,,,,,,
34699,19:02.500,19:02.522,1,1944.0,1049.0,2039.0,1180.0,,,,,,,,
34714,19:03.000,19:03.022,1,1911.0,1059.0,2007.0,1187.0,,,,,,,,
34729,19:03.500,19:03.513,1,1978.0,1037.0,2077.0,1166.0,,,,,,,,
34745,19:04.000,19:04.013,1,1936.0,1028.0,2039.0,1165.0,,,,,,,,
34760,19:04.500,19:04.513,1,1879.0,1016.0,1979.0,1148.0,,,,,,,,
34775,19:05.000,19:05.013,1,1967.0,1003.0,2074.0,1140.0,,,,,,,,
34790,19:05.500,19:05.513,1,1983.0,1108.0,2092.0,1249.0,,,,,,,,
34805,19:06.000,19:06.015,1,1968.0,1023.0,2075.0,1158.0,,,,,,,,
34820,19:06.500,19:06.515,1,1917.0,945.0,2018.0,1077.0,,,,,,,,
34835,19:07.000,19:07.015,1,1924.0,962.0,2028.0,1093.0,,,,,,,,
34850,19:07.500,19:07.515,1,1932.0,972.0,2033.0,1103.0,,,,,,,,
34865,19:08.000,19:08.015,1,1923.0,1012.0,2026.0,1144.0,,,,,,,,
34880,19:08.500,19:08.515,2,1418.0,894.0,1499.0,1011.0,2171.0,742.0,2326.0,908.0,,,,
34895,19:09.000,19:09.015,2,1880.0,1070.0,2013.0,1235.0,1180.0,1166.0,1261.0,1286.0,,,,
34910,19:09.500,19:09.515,2,1177.0,1143.0,1259.0,1267.0,1862.0,1031.0,1993.0,1192.0,,,,
34925,19:10.000,19:10.015,2,1973.0,1074.0,2107.0,1237.0,1260.0,1169.0,1338.0,1288.0,,,,
34940,19:10.500,19:10.517,2,2078.0,1132.0,2220.0,1300.0,1334.0,1228.0,1415.0,1351.0,,,,
34955,19:11.000,19:11.017,2,1350.0,1199.0,1433.0,1325.0,2092.0,1095.0,2236.0,1261.0,,,,
34970,19:11.500,19:11.517,2,1349.0,1168.0,1428.0,1288.0,2088.0,1057.0,2228.0,1223.0,,,,
34985,19:12.000,19:12.017,1,1796.0,1207.0,1891.0,1344.0,,,,,,,,
35000,19:12.500,19:12.517,1,1949.0,1179.0,2055.0,1318.0,,,,,,,,
35015,19:13.000,19:13.017,1,1980.0,1111.0,2087.0,1250.0,,,,,,,,
35030,19:13.500,19:13.517,1,1936.0,1088.0,2035.0,1225.0,,,,,,,,
35045,19:14.000,19:14.017,1,1617.0,1073.0,1700.0,1193.0,,,,,,,,
35060,19:14.500,19:14.518,1,1546.0,1071.0,1629.0,1192.0,,,,,,,,
35075,19:15.000,19:15.018,2,1493.0,1116.0,1574.0,1237.0,2298.0,983.0,2435.0,1141.0,,,,
35090,19:15.500,19:15.518,2,1465.0,1144.0,1546.0,1266.0,2259.0,1001.0,2406.0,1171.0,,,,
35105,19:16.000,19:16.018,2,1444.0,1091.0,1524.0,1212.0,2223.0,945.0,2380.0,1111.0,,,,
35120,19:16.500,19:16.518,2,1445.0,1083.0,1526.0,1205.0,2224.0,935.0,2379.0,1098.0,,,,
35135,19:17.000,19:17.018,2,2231.0,953.0,2382.0,1118.0,1445.0,1090.0,1527.0,1212.0,,,,
35150,19:17.500,19:17.518,2,1439.0,1096.0,1524.0,1219.0,2211.0,965.0,2359.0,1128.0,,,,
35165,19:18.000,19:18.018,2,1450.0,1091.0,1535.0,1212.0,2219.0,960.0,2368.0,1127.0,,,,
35180,19:18.500,19:18.518,2,1455.0,1095.0,1539.0,1217.0,2223.0,965.0,2373.0,1131.0,,,,
35195,19:19.000,19:19.020,2,1449.0,1116.0,1533.0,1241.0,2202.0,996.0,2350.0,1164.0,,,,
35210,19:19.500,19:19.520,2,1433.0,1099.0,1516.0,1224.0,2176.0,981.0,2314.0,1148.0,,,,
35225,19:20.000,19:20.020,2,1413.0,1059.0,1495.0,1178.0,2153.0,939.0,2294.0,1103.0,,,,
35240,19:20.500,19:20.520,2,1354.0,959.0,1432.0,1073.0,2080.0,828.0,2214.0,989.0,,,,
35255,19:21.000,19:21.020,2,1344.0,944.0,1421.0,1060.0,2067.0,816.0,2196.0,972.0,,,,
35270,19:21.500,19:21.520,2,2063.0,816.0,2194.0,971.0,1342.0,945.0,1419.0,1061.0,,,,
35285,19:22.000,19:22.020,2,1342.0,941.0,1419.0,1058.0,2066.0,813.0,2196.0,969.0,,,,
35300,19:22.500,19:22.520,2,2075.0,817.0,2205.0,975.0,1345.0,945.0,1421.0,1062.0,,,,
35315,19:23.000,19:23.022,2,2087.0,811.0,2216.0,972.0,1349.0,944.0,1427.0,1063.0,,,,
35330,19:23.500,19:23.522,2,2088.0,820.0,2217.0,977.0,1349.0,952.0,1426.0,1068.0,,,,
35345,19:24.000,19:24.013,2,2085.0,820.0,2215.0,976.0,1350.0,952.0,1426.0,1067.0,,,,
35360,19:24.500,19:24.513,2,1352.0,956.0,1429.0,1071.0,2085.0,823.0,2216.0,979.0,,,,
35375,19:25.000,19:25.013,2,2083.0,819.0,2209.0,978.0,1350.0,951.0,1427.0,1068.0,,,,
35390,19:25.500,19:25.513,2,2080.0,814.0,2209.0,974.0,1347.0,948.0,1422.0,1064.0,,,,
35405,19:26.000,19:26.013,2,1338.0,961.0,1414.0,1077.0,2071.0,830.0,2200.0,988.0,,,,
35420,19:26.500,19:26.513,2,1330.0,950.0,1406.0,1068.0,2058.0,826.0,2189.0,982.0,,,,
35435,19:27.000,19:27.013,2,2054.0,823.0,2183.0,977.0,1328.0,947.0,1404.0,1063.0,,,,
35450,19:27.500,19:27.515,2,2064.0,837.0,2190.0,992.0,1334.0,960.0,1409.0,1076.0,,,,
35465,19:28.000,19:28.015,2,1343.0,954.0,1419.0,1071.0,2075.0,832.0,2200.0,989.0,,,,
35480,19:28.500,19:28.515,2,1346.0,951.0,1422.0,1068.0,2077.0,834.0,2188.0,989.0,,,,
35495,19:29.000,19:29.015,2,1347.0,954.0,1423.0,1070.0,2074.0,836.0,2175.0,990.0,,,,
35510,19:29.500,19:29.515,2,1347.0,951.0,1423.0,1066.0,2073.0,827.0,2171.0,984.0,,,,
35525,19:30.000,19:30.015,2,1350.0,949.0,1426.0,1064.0,2076.0,826.0,2173.0,985.0,,,,
35540,19:30.500,19:30.515,2,1350.0,949.0,1428.0,1066.0,2078.0,827.0,2178.0,986.0,,,,
35555,19:31.000,19:31.015,2,1349.0,950.0,1426.0,1066.0,2077.0,828.0,2176.0,987.0,,,,
35570,19:31.500,19:31.517,2,1348.0,950.0,1424.0,1064.0,2076.0,826.0,2175.0,985.0,,,,
35585,19:32.000,19:32.017,2,1348.0,949.0,1424.0,1061.0,2075.0,825.0,2171.0,982.0,,,,
35600,19:32.500,19:32.517,2,1353.0,950.0,1434.0,1068.0,2078.0,823.0,2177.0,980.0,,,,
35615,19:33.000,19:33.017,2,1359.0,949.0,1439.0,1070.0,2075.0,824.0,2174.0,981.0,,,,
35630,19:33.500,19:33.517,2,1356.0,951.0,1437.0,1071.0,2071.0,832.0,2173.0,986.0,,,,
35645,19:34.000,19:34.017,2,1360.0,951.0,1440.0,1071.0,2077.0,832.0,2198.0,988.0,,,,
35660,19:34.500,19:34.517,2,1359.0,953.0,1441.0,1073.0,2069.0,830.0,2207.0,988.0,,,,
35675,19:35.000,19:35.017,2,1358.0,954.0,1439.0,1072.0,2076.0,824.0,2226.0,985.0,,,,
35690,19:35.500,19:35.517,2,1361.0,951.0,1440.0,1069.0,2101.0,819.0,2251.0,982.0,,,,
35705,19:36.000,19:36.018,2,1361.0,950.0,1441.0,1069.0,2106.0,817.0,2255.0,981.0,,,,
35720,19:36.500,19:36.518,2,1362.0,952.0,1442.0,1070.0,2106.0,819.0,2255.0,984.0,,,,
35735,19:37.000,19:37.018,2,2097.0,812.0,2247.0,976.0,1356.0,947.0,1436.0,1064.0,,,,
35750,19:37.500,19:37.518,2,1354.0,955.0,1434.0,1072.0,2092.0,818.0,2242.0,981.0,,,,
35765,19:38.000,19:38.018,2,1346.0,983.0,1427.0,1102.0,2076.0,850.0,2226.0,1013.0,,,,
35780,19:38.500,19:38.518,2,1339.0,1044.0,1420.0,1164.0,2065.0,896.0,2217.0,1062.0,,,,
35795,19:39.000,19:39.018,2,1290.0,999.0,1371.0,1118.0,1993.0,854.0,2138.0,1015.0,,,,
35810,19:39.500,19:39.518,2,1292.0,938.0,1372.0,1054.0,1982.0,793.0,2128.0,953.0,,,,
35825,19:40.000,19:40.020,2,1086.0,920.0,1164.0,1034.0,1720.0,800.0,1847.0,952.0,,,,
35840,19:40.500,19:40.520,2,1012.0,934.0,1090.0,1047.0,1642.0,827.0,1764.0,975.0,,,,
35855,19:41.000,19:41.020,2,1012.0,935.0,1091.0,1048.0,1646.0,824.0,1766.0,972.0,,,,
35870,19:41.500,19:41.520,2,1641.0,811.0,1761.0,959.0,1007.0,924.0,1086.0,1037.0,,,,
35885,19:42.000,19:42.020,2,1647.0,813.0,1764.0,958.0,999.0,924.0,1074.0,1039.0,,,,
35900,19:42.500,19:42.520,2,1649.0,815.0,1765.0,958.0,1004.0,930.0,1080.0,1042.0,,,,
35915,19:43.000,19:43.020,2,1642.0,830.0,1759.0,965.0,998.0,946.0,1079.0,1057.0,,,,
35930,19:43.500,19:43.520,2,1006.0,981.0,1086.0,1077.0,1624.0,835.0,1740.0,971.0,,,,
35945,19:44.000,19:44.020,2,1010.0,985.0,1090.0,1083.0,1627.0,842.0,1747.0,977.0,,,,
35960,19:44.500,19:44.513,2,1020.0,983.0,1099.0,1084.0,1645.0,847.0,1764.0,981.0,,,,
35975,19:45.000,19:45.013,2,1017.0,974.0,1097.0,1076.0,1652.0,846.0,1770.0,981.0,,,,
35990,19:45.500,19:45.513,2,1021.0,952.0,1101.0,1064.0,1652.0,847.0,1771.0,982.0,,,,
36005,19:46.000,19:46.013,2,1021.0,956.0,1102.0,1068.0,1651.0,859.0,1771.0,994.0,,,,
36020,19:46.500,19:46.513,2,1016.0,973.0,1097.0,1085.0,1645.0,877.0,1764.0,1012.0,,,,
36035,19:47.000,19:47.013,2,1008.0,972.0,1090.0,1084.0,1636.0,884.0,1754.0,1017.0,,,,
36050,19:47.500,19:47.513,2,1012.0,965.0,1092.0,1074.0,1634.0,876.0,1754.0,1011.0,,,,
36065,19:48.000,19:48.013,2,1009.0,963.0,1093.0,1073.0,1641.0,872.0,1763.0,1009.0,,,,
36080,19:48.500,19:48.515,2,1012.0,970.0,1096.0,1078.0,1652.0,877.0,1770.0,1010.0,,,,
36095,19:49.000,19:49.015,1,1953.0,1044.0,2069.0,1176.0,,,,,,,,
36110,19:49.500,19:49.515,1,2036.0,1090.0,2157.0,1228.0,,,,,,,,
36125,19:50.000,19:50.015,1,2046.0,1106.0,2156.0,1242.0,,,,,,,,
36140,19:50.500,19:50.515,1,2033.0,1115.0,2140.0,1253.0,,,,,,,,
36155,19:51.000,19:51.015,1,2012.0,1120.0,2118.0,1257.0,,,,,,,,
36170,19:51.500,19:51.515,1,2015.0,1121.0,2124.0,1259.0,,,,,,,,
36185,19:52.000,19:52.015,1,2034.0,1131.0,2146.0,1270.0,,,,,,,,
36200,19:52.500,19:52.515,1,2005.0,1088.0,2117.0,1226.0,,,,,,,,
36215,19:53.000,19:53.017,1,1997.0,1071.0,2107.0,1205.0,,,,,,,,
36230,19:53.500,19:53.517,1,2004.0,1064.0,2113.0,1200.0,,,,,,,,
36245,19:54.000,19:54.017,1,2004.0,1072.0,2113.0,1209.0,,,,,,,,
36260,19:54.500,19:54.517,1,2008.0,1085.0,2118.0,1220.0,,,,,,,,
36275,19:55.000,19:55.017,1,2001.0,1070.0,2110.0,1206.0,,,,,,,,
36290,19:55.500,19:55.517,1,1998.0,1072.0,2108.0,1207.0,,,,,,,,
36305,19:56.000,19:56.017,1,2002.0,1074.0,2112.0,1209.0,,,,,,,,
36320,19:56.500,19:56.517,1,2004.0,1073.0,2112.0,1208.0,,,,,,,,
36335,19:57.000,19:57.018,1,2032.0,1067.0,2134.0,1203.0,,,,,,,,
36350,19:57.500,19:57.518,1,2039.0,1073.0,2143.0,1210.0,,,,,,,,
36365,19:58.000,19:58.018,1,2044.0,1080.0,2150.0,1219.0,,,,,,,,
36380,19:58.500,19:58.518,1,2022.0,1077.0,2135.0,1214.0,,,,,,,,
36395,19:59.000,19:59.018,1,1982.0,1071.0,2087.0,1206.0,,,,,,,,
36410,19:59.500,19:59.518,1,1987.0,1069.0,2091.0,1204.0,,,,,,,,
36425,20:00.000,20:00.018,1,1980.0,975.0,2084.0,1106.0,,,,,,,,
36440,20:00.500,20:00.552,1,2017.0,941.0,2125.0,1073.0,,,,,,,,
36454,20:01.000,20:01.018,0,,,,,,,,,,,,
36469,20:01.500,20:01.520,2,438.0,1192.0,596.0,1451.0,1636.0,1068.0,1779.0,1247.0,,,,
36485,20:02.000,20:02.020,1,1233.0,1045.0,1354.0,1206.0,,,,,,,,
36500,20:02.500,20:02.520,1,1197.0,1010.0,1312.0,1169.0,,,,,,,,
36515,20:03.000,20:03.020,1,1166.0,530.0,1272.0,684.0,,,,,,,,
36530,20:03.500,20:03.520,2,1642.0,657.0,1819.0,920.0,446.0,735.0,590.0,909.0,,,,
36545,20:04.000,20:04.020,2,1483.0,746.0,1650.0,993.0,264.0,827.0,427.0,1009.0,,,,
36560,20:04.500,20:04.520,1,1054.0,858.0,1165.0,1013.0,,,,,,,,
36575,20:05.000,20:05.012,1,1207.0,919.0,1319.0,1078.0,,,,,,,,
36590,20:05.500,20:05.512,2,1507.0,875.0,1680.0,1135.0,237.0,975.0,397.0,1159.0,,,,
36605,20:06.000,20:06.013,2,2032.0,833.0,2256.0,1137.0,773.0,940.0,894.0,1098.0,,,,
36620,20:06.500,20:06.513,2,765.0,959.0,922.0,1193.0,1994.0,958.0,2153.0,1143.0,,,,
36635,20:07.000,20:07.013,2,857.0,951.0,1011.0,1181.0,2109.0,923.0,2276.0,1108.0,,,,
36650,20:07.500,20:07.513,2,827.0,970.0,980.0,1197.0,2056.0,925.0,2224.0,1110.0,,,,
36665,20:08.000,20:08.013,2,797.0,966.0,952.0,1191.0,2038.0,921.0,2203.0,1114.0,,,,
36680,20:08.500,20:08.513,2,1437.0,948.0,1563.0,1117.0,121.0,1014.0,339.0,1285.0,,,,
36695,20:09.000,20:09.013,1,1230.0,994.0,1354.0,1159.0,,,,,,,,
36710,20:09.500,20:09.513,1,1210.0,972.0,1336.0,1136.0,,,,,,,,
36725,20:10.000,20:10.015,1,1169.0,968.0,1295.0,1131.0,,,,,,,,
36740,20:10.500,20:10.515,1,1147.0,992.0,1275.0,1155.0,,,,,,,,
36755,20:11.000,20:11.015,1,1134.0,987.0,1265.0,1153.0,,,,,,,,
36770,20:11.500,20:11.515,1,1129.0,986.0,1258.0,1150.0,,,,,,,,
36785,20:12.000,20:12.015,1,1129.0,1013.0,1260.0,1178.0,,,,,,,,
36800,20:12.500,20:12.515,1,1155.0,1015.0,1275.0,1184.0,,,,,,,,
36815,20:13.000,20:13.015,1,1166.0,1030.0,1280.0,1191.0,,,,,,,,
36830,20:13.500,20:13.515,1,1113.0,1043.0,1235.0,1208.0,,,,,,,,
36845,20:14.000,20:14.015,1,1103.0,1038.0,1226.0,1205.0,,,,,,,,
36860,20:14.500,20:14.517,1,1123.0,1037.0,1244.0,1205.0,,,,,,,,
36875,20:15.000,20:15.017,1,1096.0,1036.0,1226.0,1206.0,,,,,,,,
36890,20:15.500,20:15.517,1,1098.0,1030.0,1225.0,1203.0,,,,,,,,
36905,20:16.000,20:16.017,1,1102.0,1034.0,1230.0,1210.0,,,,,,,,
36920,20:16.500,20:16.517,1,1106.0,1023.0,1237.0,1198.0,,,,,,,,
36935,20:17.000,20:17.017,1,1122.0,1016.0,1247.0,1184.0,,,,,,,,
36950,20:17.500,20:17.517,1,1131.0,1005.0,1255.0,1181.0,,,,,,,,
36965,20:18.000,20:18.017,1,1126.0,1015.0,1249.0,1178.0,,,,,,,,
36980,20:18.500,20:18.518,1,1059.0,1043.0,1184.0,1211.0,,,,,,,,
36995,20:19.000,20:19.018,2,1064.0,1052.0,1185.0,1218.0,2250.0,920.0,2472.0,1220.0,,,,
37010,20:19.500,20:19.518,2,1073.0,1044.0,1191.0,1221.0,2250.0,918.0,2473.0,1218.0,,,,
37025,20:20.000,20:20.018,1,1095.0,1029.0,1209.0,1198.0,,,,,,,,
37040,20:20.500,20:20.518,1,1094.0,1034.0,1212.0,1199.0,,,,,,,,
37055,20:21.000,20:21.018,1,1134.0,1035.0,1259.0,1207.0,,,,,,,,
37070,20:21.500,20:21.518,2,1352.0,1147.0,1480.0,1324.0,-11.0,1235.0,178.0,1508.0,,,,
37085,20:22.000,20:22.018,1,1642.0,1295.0,1790.0,1485.0,,,,,,,,
37100,20:22.500,20:22.518,0,,,,,,,,,,,,
37115,20:23.000,20:23.020,1,1655.0,1395.0,1807.0,1512.0,,,,,,,,
37130,20:23.500,20:23.520,2,2067.0,1205.0,2285.0,1506.0,854.0,1382.0,995.0,1505.0,,,,
37145,20:24.000,20:24.020,2,2012.0,1242.0,2224.0,1510.0,798.0,1399.0,936.0,1515.0,,,,
37160,20:24.500,20:24.520,2,2047.0,1272.0,2266.0,1521.0,820.0,1406.0,956.0,1516.0,,,,
37175,20:25.000,20:25.020,2,2047.0,1240.0,2267.0,1510.0,854.0,1367.0,983.0,1510.0,,,,
37190,20:25.500,20:25.512,2,2038.0,1247.0,2256.0,1515.0,847.0,1374.0,971.0,1509.0,,,,
37205,20:26.000,20:26.012,2,2039.0,1256.0,2258.0,1515.0,831.0,1384.0,962.0,1510.0,,,,
37220,20:26.500,20:26.512,2,2042.0,1255.0,2259.0,1515.0,840.0,1383.0,967.0,1509.0,,,,
37235,20:27.000,20:27.013,1,2059.0,1279.0,2279.0,1522.0,,,,,,,,
37250,20:27.500,20:27.513,1,2065.0,1272.0,2317.0,1518.0,,,,,,,,
37265,20:28.000,20:28.013,1,2077.0,1257.0,2351.0,1515.0,,,,,,,,
37280,20:28.500,20:28.513,2,2177.0,1281.0,2432.0,1511.0,975.0,1400.0,1098.0,1509.0,,,,
37295,20:29.000,20:29.013,2,999.0,1201.0,1122.0,1374.0,2210.0,1125.0,2490.0,1452.0,,,,
37310,20:29.500,20:29.513,2,896.0,1168.0,1023.0,1338.0,2020.0,965.0,2274.0,1260.0,,,,
37325,20:30.000,20:30.013,2,870.0,1211.0,996.0,1386.0,1995.0,1063.0,2249.0,1371.0,,,,
37340,20:30.500,20:30.513,2,924.0,1276.0,1052.0,1456.0,2102.0,1138.0,2382.0,1469.0,,,,
37355,20:31.000,20:31.013,2,939.0,1267.0,1067.0,1443.0,2137.0,1129.0,2412.0,1463.0,,,,
37370,20:31.500,20:31.515,2,1023.0,1140.0,1146.0,1308.0,2226.0,999.0,2489.0,1309.0,,,,
37385,20:32.000,20:32.015,2,985.0,1077.0,1106.0,1241.0,2177.0,964.0,2450.0,1271.0,,,,
37400,20:32.500,20:32.515,2,999.0,1089.0,1120.0,1254.0,2185.0,960.0,2456.0,1274.0,,,,
37415,20:33.000,20:33.015,1,1097.0,1157.0,1218.0,1327.0,,,,,,,,
37430,20:33.500,20:33.515,2,1019.0,1000.0,1139.0,1159.0,2199.0,846.0,2468.0,1156.0,,,,
37445,20:34.000,20:34.015,2,943.0,824.0,1063.0,976.0,2089.0,652.0,2341.0,949.0,,,,
37460,20:34.500,20:34.515,2,1029.0,628.0,1147.0,781.0,2244.0,445.0,2494.0,754.0,,,,
37475,20:35.000,20:35.015,1,1204.0,652.0,1321.0,811.0,,,,,,,,
37490,20:35.500,20:35.517,1,1150.0,733.0,1265.0,887.0,,,,,,,,
37505,20:36.000,20:36.017,2,997.0,815.0,1117.0,969.0,2161.0,599.0,2425.0,902.0,,,,
37520,20:36.500,20:36.517,1,1113.0,755.0,1231.0,909.0,,,,,,,,
37535,20:37.000,20:37.017,1,1104.0,765.0,1222.0,920.0,,,,,,,,
37550,20:37.500,20:37.517,1,1090.0,809.0,1208.0,967.0,,,,,,,,
37565,20:38.000,20:38.017,1,1090.0,821.0,1208.0,975.0,,,,,,,,
37580,20:38.500,20:38.517,1,1086.0,892.0,1203.0,1049.0,,,,,,,,
37595,20:39.000,20:39.017,1,1115.0,889.0,1232.0,1044.0,,,,,,,,
37610,20:39.500,20:39.517,1,1226.0,887.0,1343.0,1044.0,,,,,,,,
37625,20:40.000,20:40.018,1,1129.0,1005.0,1247.0,1169.0,,,,,,,,
37640,20:40.500,20:40.518,1,1108.0,1074.0,1228.0,1241.0,,,,,,,,
37655,20:41.000,20:41.018,1,1108.0,1051.0,1227.0,1214.0,,,,,,,,
37670,20:41.500,20:41.518,1,1125.0,969.0,1245.0,1129.0,,,,,,,,
37685,20:42.000,20:42.018,1,1139.0,992.0,1260.0,1157.0,,,,,,,,
37700,20:42.500,20:42.518,1,1148.0,1058.0,1269.0,1228.0,,,,,,,,
37715,20:43.000,20:43.018,1,1182.0,1026.0,1301.0,1188.0,,,,,,,,
37730,20:43.500,20:43.518,1,1118.0,1130.0,1240.0,1299.0,,,,,,,,
37745,20:44.000,20:44.018,1,1114.0,1198.0,1236.0,1368.0,,,,,,,,
37760,20:44.500,20:44.520,1,1220.0,1114.0,1341.0,1281.0,,,,,,,,
37775,20:45.000,20:45.020,2,-44.0,915.0,190.0,1203.0,1426.0,855.0,1546.0,1016.0,,,,
37790,20:45.500,20:45.512,1,1323.0,925.0,1443.0,1088.0,,,,,,,,
37805,20:46.000,20:46.012,1,1300.0,948.0,1419.0,1111.0,,,,,,,,
37820,20:46.500,20:46.512,1,1291.0,942.0,1411.0,1102.0,,,,,,,,
37835,20:47.000,20:47.012,1,1284.0,950.0,1401.0,1109.0,,,,,,,,
37850,20:47.500,20:47.512,1,1375.0,977.0,1497.0,1143.0,,,,,,,,
37865,20:48.000,20:48.012,2,1395.0,1000.0,1515.0,1169.0,-103.0,1067.0,124.0,1379.0,,,,
37880,20:48.500,20:48.513,1,1378.0,1011.0,1501.0,1178.0,,,,,,,,
37895,20:49.000,20:49.013,1,1383.0,1044.0,1505.0,1208.0,,,,,,,,
37910,20:49.500,20:49.513,1,1319.0,1037.0,1440.0,1203.0,,,,,,,,
37925,20:50.000,20:50.013,1,1341.0,1033.0,1462.0,1201.0,,,,,,,,
37940,20:50.500,20:50.513,1,1331.0,1064.0,1452.0,1232.0,,,,,,,,
37955,20:51.000,20:51.013,1,1351.0,1052.0,1473.0,1217.0,,,,,,,,
37970,20:51.500,20:51.513,1,1343.0,1023.0,1465.0,1188.0,,,,,,,,
37986,20:52.000,20:52.013,1,1269.0,1004.0,1388.0,1169.0,,,,,,,,
38001,20:52.500,20:52.513,1,1152.0,1031.0,1269.0,1190.0,,,,,,,,
38016,20:53.000,20:53.015,2,1607.0,903.0,1798.0,1165.0,524.0,1103.0,659.0,1278.0,,,,
38031,20:53.500,20:53.515,2,1378.0,907.0,1552.0,1161.0,252.0,1139.0,401.0,1324.0,,,,
38046,20:54.000,20:54.015,2,1363.0,913.0,1540.0,1165.0,238.0,1142.0,389.0,1331.0,,,,
38061,20:54.500,20:54.515,2,1359.0,893.0,1528.0,1149.0,230.0,1140.0,383.0,1328.0,,,,
38076,20:55.000,20:55.015,2,1386.0,874.0,1561.0,1127.0,275.0,1097.0,421.0,1277.0,,,,
38091,20:55.500,20:55.515,2,1399.0,876.0,1574.0,1125.0,281.0,1086.0,428.0,1268.0,,,,
38106,20:56.000,20:56.015,2,1413.0,879.0,1590.0,1138.0,272.0,1094.0,419.0,1277.0,,,,
38121,20:56.500,20:56.515,2,1504.0,969.0,1690.0,1238.0,367.0,1146.0,512.0,1329.0,,,,
38136,20:57.000,20:57.017,2,2033.0,906.0,2276.0,1210.0,892.0,1041.0,1008.0,1202.0,,,,
38151,20:57.500,20:57.517,2,2147.0,900.0,2390.0,1208.0,963.0,1028.0,1084.0,1197.0,,,,
38166,20:58.000,20:58.017,1,1186.0,1001.0,1296.0,1164.0,,,,,,,,
38181,20:58.500,20:58.517,2,646.0,1002.0,816.0,1239.0,1946.0,1012.0,2082.0,1196.0,,,,
38196,20:59.000,20:59.017,1,1225.0,1024.0,1334.0,1186.0,,,,,,,,
38211,20:59.500,20:59.517,1,1096.0,1059.0,1207.0,1228.0,,,,,,,,
38226,21:00.000,21:00.017,1,1160.0,1120.0,1278.0,1288.0,,,,,,,,
38241,21:00.500,21:00.517,1,1085.0,894.0,1204.0,1057.0,,,,,,,,
38256,21:01.000,21:01.017,1,1255.0,863.0,1372.0,1024.0,,,,,,,,
38271,21:01.500,21:01.518,2,1017.0,882.0,1137.0,1041.0,2212.0,677.0,2461.0,1005.0,,,,
38286,21:02.000,21:02.018,2,1981.0,1021.0,2207.0,1324.0,819.0,1101.0,948.0,1277.0,,,,
38301,21:02.500,21:02.518,1,1106.0,1317.0,1232.0,1491.0,,,,,,,,
38316,21:03.000,21:03.018,2,983.0,1074.0,1103.0,1239.0,2156.0,983.0,2389.0,1284.0,,,,
38331,21:03.500,21:03.518,2,1496.0,903.0,1665.0,1152.0,373.0,995.0,521.0,1176.0,,,,
38346,21:04.000,21:04.018,2,1476.0,871.0,1644.0,1121.0,356.0,960.0,505.0,1141.0,,,,
38361,21:04.500,21:04.518,2,1965.0,909.0,2183.0,1193.0,843.0,985.0,966.0,1151.0,,,,
38376,21:05.000,21:05.018,2,1008.0,1067.0,1128.0,1233.0,2211.0,962.0,2454.0,1276.0,,,,
38391,21:05.500,21:05.520,1,1056.0,1168.0,1178.0,1341.0,,,,,,,,
38406,21:06.000,21:06.020,1,1047.0,1263.0,1172.0,1438.0,,,,,,,,
38421,21:06.500,21:06.512,1,1042.0,1302.0,1169.0,1475.0,,,,,,,,
38436,21:07.000,21:07.012,1,1042.0,1295.0,1169.0,1468.0,,,,,,,,
38451,21:07.500,21:07.512,1,1026.0,1250.0,1153.0,1427.0,,,,,,,,
38466,21:08.000,21:08.012,2,1030.0,1112.0,1152.0,1277.0,2251.0,978.0,2498.0,1289.0,,,,
38481,21:08.500,21:08.512,1,1087.0,1120.0,1208.0,1290.0,,,,,,,,
38496,21:09.000,21:09.012,1,1090.0,1145.0,1212.0,1314.0,,,,,,,,
38511,21:09.500,21:09.512,1,1096.0,1128.0,1217.0,1297.0,,,,,,,,
38526,21:10.000,21:10.013,1,1084.0,1127.0,1205.0,1297.0,,,,,,,,
38541,21:10.500,21:10.513,2,1045.0,996.0,1165.0,1157.0,2265.0,881.0,2500.0,1181.0,,,,
38556,21:11.000,21:11.013,1,1054.0,886.0,1172.0,1046.0,,,,,,,,
38571,21:11.500,21:11.513,1,1109.0,912.0,1228.0,1074.0,,,,,,,,
38586,21:12.000,21:12.013,1,1173.0,951.0,1293.0,1115.0,,,,,,,,
38601,21:12.500,21:12.513,1,1235.0,926.0,1354.0,1086.0,,,,,,,,
38616,21:13.000,21:13.013,1,1345.0,998.0,1465.0,1159.0,,,,,,,,
38631,21:13.500,21:13.513,1,1092.0,947.0,1212.0,1110.0,,,,,,,,
38646,21:14.000,21:14.015,2,1800.0,970.0,2002.0,1252.0,668.0,1029.0,798.0,1201.0,,,,
38661,21:14.500,21:14.515,2,1631.0,973.0,1815.0,1238.0,501.0,1082.0,643.0,1254.0,,,,
38676,21:15.000,21:15.015,2,2075.0,1009.0,2308.0,1311.0,923.0,1043.0,1045.0,1209.0,,,,
38691,21:15.500,21:15.515,2,741.0,1014.0,926.0,1244.0,1955.0,1041.0,2108.0,1224.0,,,,
38706,21:16.000,21:16.015,2,799.0,877.0,965.0,1116.0,2042.0,947.0,2197.0,1132.0,,,,
38721,21:16.500,21:16.515,2,838.0,893.0,1000.0,1132.0,2094.0,964.0,2253.0,1155.0,,,,
38736,21:17.000,21:17.015,2,837.0,887.0,999.0,1120.0,2095.0,943.0,2250.0,1128.0,,,,
38751,21:17.500,21:17.515,2,820.0,879.0,976.0,1111.0,2091.0,943.0,2245.0,1130.0,,,,
38766,21:18.000,21:18.015,2,806.0,866.0,964.0,1100.0,2076.0,934.0,2232.0,1122.0,,,,
38781,21:18.500,21:18.517,2,778.0,868.0,938.0,1099.0,2048.0,928.0,2200.0,1111.0,,,,
38796,21:19.000,21:19.017,2,771.0,875.0,930.0,1103.0,2031.0,926.0,2183.0,1107.0,,,,
38811,21:19.500,21:19.517,2,751.0,856.0,910.0,1085.0,2017.0,914.0,2169.0,1093.0,,,,
38826,21:20.000,21:20.017,2,767.0,846.0,908.0,1076.0,2000.0,900.0,2149.0,1079.0,,,,
38841,21:20.500,21:20.517,2,1959.0,907.0,2103.0,1085.0,732.0,879.0,875.0,1101.0,,,,
38856,21:21.000,21:21.017,2,1452.0,1004.0,1578.0,1172.0,106.0,1078.0,299.0,1358.0,,,,
38871,21:21.500,21:21.517,1,1276.0,975.0,1399.0,1138.0,,,,,,,,
38886,21:22.000,21:22.017,1,1213.0,947.0,1333.0,1113.0,,,,,,,,
38901,21:22.500,21:22.518,1,1200.0,940.0,1321.0,1104.0,,,,,,,,
38916,21:23.000,21:23.018,1,1198.0,928.0,1317.0,1089.0,,,,,,,,
38931,21:23.500,21:23.518,1,1179.0,915.0,1299.0,1075.0,,,,,,,,
38946,21:24.000,21:24.018,1,1148.0,914.0,1269.0,1074.0,,,,,,,,
38961,21:24.500,21:24.518,1,1135.0,914.0,1259.0,1073.0,,,,,,,,
38976,21:25.000,21:25.018,1,1114.0,911.0,1235.0,1070.0,,,,,,,,
38991,21:25.500,21:25.518,1,1110.0,917.0,1234.0,1079.0,,,,,,,,
39006,21:26.000,21:26.018,1,1113.0,897.0,1233.0,1058.0,,,,,,,,
39021,21:26.500,21:26.518,1,1166.0,1109.0,1290.0,1286.0,,,,,,,,
39036,21:27.000,21:27.012,1,1225.0,1021.0,1351.0,1189.0,,,,,,,,
39051,21:27.500,21:27.512,1,1204.0,946.0,1328.0,1114.0,,,,,,,,
39066,21:28.000,21:28.012,1,1133.0,977.0,1256.0,1143.0,,,,,,,,
39081,21:28.500,21:28.512,2,1430.0,976.0,1559.0,1147.0,98.0,1347.0,340.0,1521.0,,,,
39096,21:29.000,21:29.012,1,1581.0,866.0,1730.0,1034.0,,,,,,,,
39111,21:29.500,21:29.512,1,1584.0,870.0,1737.0,1039.0,,,,,,,,
39126,21:30.000,21:30.012,2,1385.0,1006.0,1511.0,1178.0,34.0,1336.0,283.0,1531.0,,,,
39141,21:30.500,21:30.512,1,1034.0,811.0,1157.0,967.0,,,,,,,,
39156,21:31.000,21:31.013,1,986.0,831.0,1111.0,994.0,,,,,,,,
39171,21:31.500,21:31.513,1,1068.0,876.0,1189.0,1035.0,,,,,,,,
39186,21:32.000,21:32.013,1,1189.0,850.0,1313.0,1011.0,,,,,,,,
39201,21:32.500,21:32.513,1,1214.0,858.0,1338.0,1026.0,,,,,,,,
39216,21:33.000,21:33.013,1,1209.0,865.0,1331.0,1030.0,,,,,,,,
39231,21:33.500,21:33.513,2,1279.0,863.0,1402.0,1030.0,-85.0,1187.0,158.0,1491.0,,,,
39246,21:34.000,21:34.013,1,1242.0,875.0,1365.0,1037.0,,,,,,,,
39261,21:34.500,21:34.513,2,1271.0,874.0,1395.0,1039.0,-94.0,1195.0,136.0,1495.0,,,,
39276,21:35.000,21:35.013,2,1277.0,917.0,1403.0,1085.0,-101.0,1227.0,132.0,1515.0,,,,
39291,21:35.500,21:35.515,2,1613.0,790.0,1806.0,1049.0,401.0,1001.0,553.0,1197.0,,,,
39306,21:36.000,21:36.015,2,1936.0,819.0,2158.0,1100.0,735.0,987.0,867.0,1164.0,,,,
39321,21:36.500,21:36.515,2,547.0,1034.0,727.0,1280.0,1749.0,1041.0,1891.0,1224.0,,,,
39336,21:37.000,21:37.015,2,97.0,1090.0,325.0,1368.0,1397.0,1004.0,1524.0,1177.0,,,,
39351,21:37.500,21:37.515,1,1185.0,998.0,1317.0,1168.0,,,,,,,,
39366,21:38.000,21:38.015,1,1163.0,988.0,1291.0,1152.0,,,,,,,,
39381,21:38.500,21:38.515,1,1154.0,977.0,1282.0,1147.0,,,,,,,,
39396,21:39.000,21:39.015,1,1171.0,971.0,1295.0,1137.0,,,,,,,,
39411,21:39.500,21:39.515,1,1172.0,967.0,1296.0,1136.0,,,,,,,,
39426,21:40.000,21:40.017,1,1179.0,967.0,1306.0,1140.0,,,,,,,,
39441,21:40.500,21:40.517,1,1223.0,976.0,1345.0,1141.0,,,,,,,,
39456,21:41.000,21:41.017,2,1295.0,1004.0,1420.0,1175.0,-61.0,1060.0,138.0,1338.0,,,,
39471,21:41.500,21:41.517,2,1314.0,1006.0,1442.0,1174.0,-50.0,1056.0,155.0,1336.0,,,,
39486,21:42.000,21:42.017,2,1304.0,1004.0,1434.0,1171.0,-68.0,1049.0,135.0,1332.0,,,,
39501,21:42.500,21:42.517,1,1251.0,1004.0,1384.0,1172.0,,,,,,,,
39516,21:43.000,21:43.017,1,1241.0,999.0,1375.0,1171.0,,,,,,,,
39531,21:43.500,21:43.517,1,1209.0,1004.0,1338.0,1174.0,,,,,,,,
39546,21:44.000,21:44.018,1,1222.0,1004.0,1349.0,1172.0,,,,,,,,
39561,21:44.500,21:44.518,1,1251.0,969.0,1366.0,1130.0,,,,,,,,
39576,21:45.000,21:45.018,1,1215.0,859.0,1324.0,1017.0,,,,,,,,
39591,21:45.500,21:45.518,2,2038.0,755.0,2274.0,1044.0,904.0,904.0,1025.0,1065.0,,,,
39606,21:46.000,21:46.018,1,1074.0,892.0,1186.0,1051.0,,,,,,,,
39621,21:46.500,21:46.518,1,1193.0,913.0,1303.0,1072.0,,,,,,,,
39637,21:47.000,21:47.018,1,1248.0,854.0,1363.0,1011.0,,,,,,,,
39652,21:47.500,21:47.510,1,1259.0,830.0,1374.0,984.0,,,,,,,,
39667,21:48.000,21:48.010,1,1280.0,812.0,1394.0,967.0,,,,,,,,
39682,21:48.500,21:48.512,1,1251.0,805.0,1364.0,959.0,,,,,,,,
39697,21:49.000,21:49.012,1,1302.0,824.0,1418.0,976.0,,,,,,,,
39712,21:49.500,21:49.512,2,395.0,911.0,586.0,1158.0,1669.0,859.0,1798.0,1026.0,,,,
39727,21:50.000,21:50.012,2,-1.0,1042.0,231.0,1321.0,1400.0,925.0,1520.0,1083.0,,,,
39742,21:50.500,21:50.512,2,1350.0,928.0,1466.0,1087.0,-67.0,1012.0,160.0,1303.0,,,,
39757,21:51.000,21:51.012,1,1267.0,950.0,1385.0,1111.0,,,,,,,,
39772,21:51.500,21:51.512,1,1132.0,962.0,1241.0,1120.0,,,,,,,,
39787,21:52.000,21:52.012,2,2184.0,845.0,2409.0,1145.0,1064.0,963.0,1167.0,1124.0,,,,
39802,21:52.500,21:52.513,2,1627.0,887.0,1807.0,1143.0,590.0,1026.0,706.0,1193.0,,,,
39817,21:53.000,21:53.013,2,1578.0,871.0,1746.0,1127.0,550.0,1000.0,668.0,1171.0,,,,
39832,21:53.500,21:53.513,2,1613.0,865.0,1783.0,1123.0,582.0,980.0,709.0,1150.0,,,,
39847,21:54.000,21:54.013,2,1517.0,891.0,1680.0,1147.0,473.0,1001.0,607.0,1179.0,,,,
39862,21:54.500,21:54.513,2,1514.0,881.0,1681.0,1134.0,442.0,986.0,578.0,1164.0,,,,
39877,21:55.000,21:55.013,2,1475.0,902.0,1643.0,1157.0,370.0,1006.0,512.0,1187.0,,,,
39892,21:55.500,21:55.513,2,1486.0,891.0,1654.0,1143.0,362.0,975.0,510.0,1159.0,,,,
39907,21:56.000,21:56.013,2,1467.0,902.0,1634.0,1159.0,329.0,985.0,485.0,1173.0,,,,
39922,21:56.500,21:56.513,2,1473.0,892.0,1639.0,1153.0,344.0,974.0,496.0,1159.0,,,,
39937,21:57.000,21:57.015,2,1486.0,899.0,1654.0,1153.0,359.0,971.0,509.0,1156.0,,,,
39952,21:57.500,21:57.515,2,1475.0,903.0,1641.0,1158.0,338.0,971.0,491.0,1157.0,,,,
39967,21:58.000,21:58.015,2,1465.0,902.0,1631.0,1161.0,322.0,971.0,476.0,1157.0,,,,
39982,21:58.500,21:58.515,2,1472.0,903.0,1639.0,1157.0,334.0,968.0,488.0,1152.0,,,,
39997,21:59.000,21:59.015,2,1457.0,903.0,1619.0,1157.0,351.0,974.0,500.0,1157.0,,,,
40012,21:59.500,21:59.515,2,1466.0,916.0,1625.0,1168.0,377.0,973.0,523.0,1154.0,,,,
40027,22:00.000,22:00.015,2,1473.0,920.0,1634.0,1167.0,388.0,974.0,529.0,1151.0,,,,
40042,22:00.500,22:00.515,2,1489.0,918.0,1657.0,1166.0,388.0,977.0,529.0,1157.0,,,,
40057,22:01.000,22:01.017,2,1472.0,932.0,1641.0,1180.0,358.0,989.0,504.0,1172.0,,,,
40072,22:01.500,22:01.517,2,1464.0,935.0,1630.0,1188.0,343.0,992.0,489.0,1173.0,,,,
40087,22:02.000,22:02.017,2,1439.0,962.0,1606.0,1223.0,307.0,1030.0,456.0,1215.0,,,,
40102,22:02.500,22:02.517,2,1788.0,883.0,1987.0,1158.0,719.0,1063.0,840.0,1227.0,,,,
40117,22:03.000,22:03.017,2,1342.0,1099.0,1460.0,1262.0,-53.0,1104.0,158.0,1395.0,,,,
40132,22:03.500,22:03.517,1,1195.0,1123.0,1313.0,1288.0,,,,,,,,
40147,22:04.000,22:04.017,2,1579.0,1046.0,1759.0,1305.0,443.0,1169.0,590.0,1358.0,,,,
40162,22:04.500,22:04.517,2,1465.0,1075.0,1628.0,1337.0,311.0,1236.0,468.0,1427.0,,,,
40177,22:05.000,22:05.017,2,1468.0,1050.0,1651.0,1314.0,288.0,1209.0,445.0,1399.0,,,,
40192,22:05.500,22:05.518,2,1479.0,1028.0,1651.0,1284.0,301.0,1171.0,456.0,1360.0,,,,
40207,22:06.000,22:06.018,2,1481.0,1013.0,1653.0,1271.0,319.0,1138.0,471.0,1326.0,,,,
40222,22:06.500,22:06.518,2,1505.0,992.0,1683.0,1255.0,336.0,1116.0,486.0,1300.0,,,,
40237,22:07.000,22:07.018,2,1509.0,993.0,1683.0,1257.0,342.0,1114.0,493.0,1299.0,,,,
40252,22:07.500,22:07.510,2,1517.0,982.0,1690.0,1242.0,355.0,1106.0,508.0,1292.0,,,,
40267,22:08.000,22:08.010,2,1509.0,987.0,1678.0,1250.0,346.0,1107.0,502.0,1295.0,,,,
40282,22:08.500,22:08.510,2,1521.0,990.0,1688.0,1250.0,365.0,1112.0,518.0,1297.0,,,,
40297,22:09.000,22:09.010,2,1514.0,997.0,1682.0,1251.0,356.0,1120.0,512.0,1306.0,,,,
40312,22:09.500,22:09.512,2,1548.0,998.0,1726.0,1267.0,383.0,1109.0,535.0,1293.0,,,,
40327,22:10.000,22:10.012,2,1577.0,1003.0,1758.0,1271.0,410.0,1113.0,557.0,1295.0,,,,
40342,22:10.500,22:10.512,2,1565.0,995.0,1740.0,1256.0,408.0,1115.0,556.0,1295.0,,,,
40357,22:11.000,22:11.012,2,1547.0,996.0,1705.0,1256.0,439.0,1112.0,585.0,1293.0,,,,
40372,22:11.500,22:11.512,2,1585.0,996.0,1762.0,1259.0,452.0,1105.0,601.0,1285.0,,,,
40387,22:12.000,22:12.012,2,1606.0,1002.0,1787.0,1266.0,473.0,1104.0,619.0,1283.0,,,,
40402,22:12.500,22:12.512,2,1626.0,999.0,1808.0,1263.0,495.0,1097.0,640.0,1278.0,,,,
40417,22:13.000,22:13.012,2,1618.0,990.0,1798.0,1253.0,484.0,1091.0,630.0,1267.0,,,,
40432,22:13.500,22:13.512,2,1583.0,987.0,1760.0,1253.0,440.0,1089.0,591.0,1270.0,,,,
40447,22:14.000,22:14.013,2,1582.0,986.0,1759.0,1250.0,440.0,1089.0,589.0,1271.0,,,,
40462,22:14.500,22:14.513,2,107.0,1088.0,328.0,1364.0,1467.0,1084.0,1596.0,1255.0,,,,
40477,22:15.000,22:15.013,2,676.0,1053.0,841.0,1299.0,1938.0,1094.0,2102.0,1286.0,,,,
40492,22:15.500,22:15.513,2,358.0,1058.0,547.0,1315.0,1643.0,1047.0,1780.0,1220.0,,,,
40507,22:16.000,22:16.013,2,1781.0,894.0,1975.0,1161.0,667.0,1007.0,798.0,1175.0,,,,
40522,22:16.500,22:16.513,2,1449.0,994.0,1620.0,1252.0,274.0,1137.0,438.0,1328.0,,,,
40537,22:17.000,22:17.013,2,1445.0,969.0,1613.0,1228.0,271.0,1099.0,435.0,1286.0,,,,
40552,22:17.500,22:17.513,2,1442.0,963.0,1613.0,1218.0,267.0,1100.0,433.0,1287.0,,,,
40567,22:18.000,22:18.015,2,1441.0,957.0,1610.0,1211.0,269.0,1091.0,433.0,1274.0,,,,
40582,22:18.500,22:18.515,2,1450.0,955.0,1621.0,1211.0,283.0,1080.0,444.0,1265.0,,,,
40597,22:19.000,22:19.015,2,1455.0,960.0,1627.0,1213.0,293.0,1080.0,452.0,1266.0,,,,
40612,22:19.500,22:19.515,2,1475.0,957.0,1647.0,1216.0,320.0,1075.0,477.0,1262.0,,,,
40627,22:20.000,22:20.015,2,1960.0,782.0,2174.0,1065.0,828.0,855.0,952.0,1014.0,,,,
40642,22:20.500,22:20.515,2,2017.0,727.0,2238.0,1009.0,870.0,823.0,993.0,984.0,,,,
40657,22:21.000,22:21.015,2,2112.0,798.0,2354.0,1105.0,937.0,875.0,1056.0,1037.0,,,,
40672,22:21.500,22:21.515,2,1967.0,626.0,2184.0,918.0,824.0,729.0,949.0,889.0,,,,
40687,22:22.000,22:22.015,2,2037.0,207.0,2269.0,528.0,829.0,368.0,960.0,537.0,,,,
40702,22:22.500,22:22.517,2,2104.0,298.0,2347.0,619.0,899.0,464.0,1024.0,629.0,,,,
40717,22:23.000,22:23.017,1,1065.0,552.0,1184.0,709.0,,,,,,,,
40732,22:23.500,22:23.517,1,1095.0,498.0,1209.0,656.0,,,,,,,,
40747,22:24.000,22:24.017,1,1133.0,580.0,1246.0,733.0,,,,,,,,
40762,22:24.500,22:24.517,1,1111.0,583.0,1224.0,735.0,,,,,,,,
40777,22:25.000,22:25.017,1,1083.0,576.0,1198.0,732.0,,,,,,,,
40792,22:25.500,22:25.517,1,1064.0,569.0,1183.0,729.0,,,,,,,,
40807,22:26.000,22:26.017,1,1054.0,576.0,1174.0,735.0,,,,,,,,
40822,22:26.500,22:26.517,2,1044.0,623.0,1165.0,779.0,2226.0,447.0,2453.0,760.0,,,,
40837,22:27.000,22:27.018,1,1042.0,698.0,1164.0,851.0,,,,,,,,
40852,22:27.500,22:27.518,1,1026.0,651.0,1147.0,811.0,,,,,,,,
40867,22:28.000,22:28.010,1,1028.0,615.0,1149.0,775.0,,,,,,,,
40882,22:28.500,22:28.510,1,1046.0,629.0,1167.0,790.0,,,,,,,,
40897,22:29.000,22:29.010,2,1054.0,655.0,1176.0,815.0,2272.0,470.0,2480.0,778.0,,,,
40912,22:29.500,22:29.510,2,1058.0,692.0,1180.0,847.0,2229.0,518.0,2444.0,815.0,,,,
40927,22:30.000,22:30.010,2,1028.0,712.0,1151.0,872.0,2178.0,535.0,2385.0,835.0,,,,
40942,22:30.500,22:30.510,2,1011.0,736.0,1136.0,894.0,2154.0,557.0,2366.0,856.0,,,,
40957,22:31.000,22:31.012,2,979.0,759.0,1108.0,921.0,2115.0,550.0,2334.0,843.0,,,,
40972,22:31.500,22:31.512,2,984.0,774.0,1114.0,937.0,2122.0,564.0,2341.0,856.0,,,,
40987,22:32.000,22:32.012,2,972.0,773.0,1105.0,932.0,2129.0,564.0,2349.0,855.0,,,,
41002,22:32.500,22:32.512,2,990.0,784.0,1123.0,942.0,2142.0,565.0,2359.0,860.0,,,,
41017,22:33.000,22:33.012,2,976.0,778.0,1110.0,938.0,2131.0,561.0,2353.0,854.0,,,,
41032,22:33.500,22:33.512,2,979.0,787.0,1111.0,938.0,2124.0,565.0,2345.0,856.0,,,,
41047,22:34.000,22:34.012,2,1014.0,979.0,1141.0,1145.0,2201.0,913.0,2419.0,1215.0,,,,
41062,22:34.500,22:34.512,1,1250.0,938.0,1380.0,1097.0,,,,,,,,
41077,22:35.000,22:35.012,1,1177.0,963.0,1312.0,1126.0,,,,,,,,
41092,22:35.500,22:35.513,1,1138.0,929.0,1274.0,1091.0,,,,,,,,
41107,22:36.000,22:36.013,1,1117.0,945.0,1252.0,1111.0,,,,,,,,
41122,22:36.500,22:36.513,2,1032.0,982.0,1154.0,1152.0,2233.0,757.0,2481.0,1073.0,,,,
41137,22:37.000,22:37.013,2,1717.0,852.0,1911.0,1122.0,616.0,1019.0,754.0,1196.0,,,,
41152,22:37.500,22:37.513,2,832.0,1069.0,956.0,1244.0,1930.0,909.0,2155.0,1199.0,,,,
41167,22:38.000,22:38.013,2,990.0,1073.0,1112.0,1247.0,2153.0,975.0,2394.0,1288.0,,,,
41182,22:38.500,22:38.513,1,1205.0,1129.0,1331.0,1309.0,,,,,,,,
41197,22:39.000,22:39.013,1,1244.0,1066.0,1366.0,1244.0,,,,,,,,
41212,22:39.500,22:39.515,1,1188.0,994.0,1313.0,1168.0,,,,,,,,
41227,22:40.000,22:40.015,1,1206.0,1037.0,1331.0,1212.0,,,,,,,,
41242,22:40.500,22:40.515,2,1699.0,937.0,1890.0,1208.0,601.0,1033.0,740.0,1212.0,,,,
41257,22:41.000,22:41.015,2,1584.0,932.0,1765.0,1196.0,480.0,1028.0,627.0,1210.0,,,,
41272,22:41.500,22:41.515,2,994.0,1136.0,1120.0,1313.0,2175.0,976.0,2409.0,1296.0,,,,
41287,22:42.000,22:42.015,2,1015.0,1135.0,1140.0,1313.0,2209.0,995.0,2460.0,1316.0,,,,
41302,22:42.500,22:42.515,2,1034.0,1132.0,1158.0,1308.0,2259.0,959.0,2502.0,1256.0,,,,
41317,22:43.000,22:43.015,2,1053.0,948.0,1173.0,1114.0,2263.0,733.0,2500.0,1034.0,,,,
41332,22:43.500,22:43.515,2,1043.0,961.0,1164.0,1128.0,2253.0,777.0,2495.0,1081.0,,,,
41347,22:44.000,22:44.017,2,1042.0,940.0,1161.0,1105.0,2251.0,770.0,2494.0,1079.0,,,,
41362,22:44.500,22:44.517,2,1034.0,873.0,1153.0,1038.0,2243.0,693.0,2496.0,1005.0,,,,
41377,22:45.000,22:45.017,1,1054.0,812.0,1173.0,971.0,,,,,,,,
41392,22:45.500,22:45.517,1,1088.0,845.0,1206.0,1007.0,,,,,,,,
41407,22:46.000,22:46.017,1,1149.0,881.0,1269.0,1045.0,,,,,,,,
41422,22:46.500,22:46.517,1,1135.0,867.0,1253.0,1028.0,,,,,,,,
41437,22:47.000,22:47.017,1,1337.0,895.0,1457.0,1059.0,,,,,,,,
41452,22:47.500,22:47.517,2,397.0,1034.0,584.0,1287.0,1724.0,1000.0,1865.0,1184.0,,,,
41467,22:48.000,22:48.018,2,1403.0,1216.0,1535.0,1410.0,-83.0,1201.0,141.0,1496.0,,,,
41482,22:48.500,22:48.518,2,86.0,1003.0,309.0,1278.0,1412.0,967.0,1541.0,1145.0,,,,
41497,22:49.000,22:49.010,2,73.0,1018.0,295.0,1293.0,1385.0,969.0,1511.0,1139.0,,,,
41512,22:49.500,22:49.510,2,198.0,1014.0,373.0,1275.0,1419.0,996.0,1551.0,1176.0,,,,
41527,22:50.000,22:50.010,2,208.0,1013.0,384.0,1277.0,1472.0,969.0,1616.0,1168.0,,,,
41542,22:50.500,22:50.510,2,1303.0,910.0,1444.0,1099.0,-75.0,1116.0,147.0,1413.0,,,,
41557,22:51.000,22:51.010,2,1310.0,877.0,1434.0,1044.0,-40.0,1051.0,179.0,1349.0,,,,
41572,22:51.500,22:51.510,2,1325.0,947.0,1446.0,1112.0,-73.0,1095.0,169.0,1395.0,,,,
41587,22:52.000,22:52.010,1,1269.0,787.0,1387.0,944.0,,,,,,,,
41602,22:52.500,22:52.512,1,1283.0,838.0,1401.0,998.0,,,,,,,,
41617,22:53.000,22:53.012,2,1316.0,851.0,1436.0,1009.0,-74.0,985.0,165.0,1274.0,,,,
41632,22:53.500,22:53.512,2,-36.0,988.0,169.0,1266.0,1306.0,854.0,1426.0,1016.0,,,,
41647,22:54.000,22:54.012,2,-21.0,987.0,184.0,1264.0,1309.0,870.0,1431.0,1025.0,,,,
41662,22:54.500,22:54.512,1,1186.0,929.0,1309.0,1078.0,,,,,,,,
41677,22:55.000,22:55.012,2,1542.0,981.0,1713.0,1241.0,321.0,1055.0,481.0,1222.0,,,,
41692,22:55.500,22:55.512,2,1358.0,1002.0,1519.0,1257.0,93.0,1165.0,265.0,1356.0,,,,
41707,22:56.000,22:56.012,2,1329.0,944.0,1489.0,1195.0,65.0,1061.0,231.0,1252.0,,,,
41722,22:56.500,22:56.513,2,1331.0,927.0,1494.0,1180.0,62.0,1023.0,226.0,1213.0,,,,
41737,22:57.000,22:57.013,2,1457.0,978.0,1629.0,1246.0,248.0,1082.0,398.0,1263.0,,,,
41752,22:57.500,22:57.513,2,2024.0,908.0,2260.0,1215.0,832.0,1028.0,951.0,1195.0,,,,
41767,22:58.000,22:58.013,1,1099.0,987.0,1220.0,1152.0,,,,,,,,
41782,22:58.500,22:58.513,1,1178.0,999.0,1297.0,1168.0,,,,,,,,
41797,22:59.000,22:59.013,1,1184.0,1060.0,1306.0,1228.0,,,,,,,,
41812,22:59.500,22:59.513,1,1192.0,1111.0,1313.0,1280.0,,,,,,,,
41827,23:00.000,23:00.013,2,505.0,1083.0,676.0,1333.0,1811.0,1097.0,1959.0,1281.0,,,,
41842,23:00.500,23:00.513,2,861.0,1073.0,1012.0,1310.0,2191.0,1043.0,2368.0,1241.0,,,,
41857,23:01.000,23:01.015,2,860.0,1034.0,1007.0,1265.0,2172.0,945.0,2347.0,1143.0,,,,
41872,23:01.500,23:01.515,2,859.0,1046.0,1010.0,1281.0,2175.0,947.0,2349.0,1146.0,,,,
41887,23:02.000,23:02.015,2,838.0,934.0,988.0,1157.0,2128.0,813.0,2296.0,1009.0,,,,
41902,23:02.500,23:02.515,2,802.0,980.0,951.0,1208.0,2092.0,899.0,2257.0,1088.0,,,,
41917,23:03.000,23:03.015,2,809.0,992.0,959.0,1221.0,2107.0,919.0,2276.0,1111.0,,,,
41932,23:03.500,23:03.515,2,773.0,998.0,926.0,1225.0,2064.0,933.0,2230.0,1125.0,,,,
41947,23:04.000,23:04.015,2,776.0,995.0,932.0,1223.0,2070.0,929.0,2232.0,1116.0,,,,
41962,23:04.500,23:04.515,2,768.0,996.0,920.0,1224.0,2054.0,924.0,2219.0,1111.0,,,,
41977,23:05.000,23:05.017,2,760.0,1008.0,910.0,1239.0,2045.0,935.0,2209.0,1125.0,,,,
41992,23:05.500,23:05.517,2,777.0,1013.0,930.0,1246.0,2070.0,939.0,2233.0,1128.0,,,,
42007,23:06.000,23:06.017,2,784.0,1027.0,938.0,1268.0,2079.0,949.0,2250.0,1141.0,,,,
42022,23:06.500,23:06.517,2,863.0,1051.0,1014.0,1284.0,2179.0,893.0,2364.0,1087.0,,,,
42037,23:07.000,23:07.017,2,2165.0,905.0,2345.0,1099.0,854.0,1039.0,1004.0,1267.0,,,,
42052,23:07.500,23:07.517,2,2155.0,912.0,2332.0,1107.0,847.0,1040.0,997.0,1267.0,,,,
42067,23:08.000,23:08.017,2,2140.0,912.0,2315.0,1107.0,833.0,1029.0,980.0,1262.0,,,,
42082,23:08.500,23:08.517,2,2136.0,916.0,2312.0,1110.0,824.0,1024.0,973.0,1256.0,,,,
42097,23:09.000,23:09.008,2,786.0,1019.0,937.0,1254.0,2081.0,914.0,2252.0,1102.0,,,,
42112,23:09.500,23:09.510,1,1291.0,896.0,1410.0,1059.0,,,,,,,,
42127,23:10.000,23:10.010,1,1193.0,949.0,1311.0,1111.0,,,,,,,,
42142,23:10.500,23:10.510,1,1166.0,972.0,1284.0,1129.0,,,,,,,,
42157,23:11.000,23:11.010,1,1149.0,968.0,1267.0,1127.0,,,,,,,,
42172,23:11.500,23:11.510,1,1158.0,1063.0,1281.0,1232.0,,,,,,,,
42187,23:12.000,23:12.010,1,1220.0,1047.0,1345.0,1211.0,,,,,,,,
42202,23:12.500,23:12.510,1,1084.0,933.0,1215.0,1092.0,,,,,,,,
42217,23:13.000,23:13.010,2,1954.0,547.0,2166.0,843.0,841.0,755.0,980.0,917.0,,,,
42232,23:13.500,23:13.512,2,851.0,874.0,991.0,1037.0,1948.0,615.0,2154.0,903.0,,,,
42247,23:14.000,23:14.012,1,1137.0,954.0,1258.0,1117.0,,,,,,,,
42262,23:14.500,23:14.512,1,1117.0,834.0,1240.0,994.0,,,,,,,,
42277,23:15.000,23:15.012,1,1183.0,863.0,1307.0,1022.0,,,,,,,,
42292,23:15.500,23:15.512,1,1137.0,978.0,1263.0,1141.0,,,,,,,,
42307,23:16.000,23:16.012,1,1085.0,1014.0,1209.0,1179.0,,,,,,,,
42322,23:16.500,23:16.512,1,1128.0,1045.0,1253.0,1214.0,,,,,,,,
42337,23:17.000,23:17.012,1,1189.0,916.0,1313.0,1088.0,,,,,,,,
42352,23:17.500,23:17.512,1,1340.0,889.0,1462.0,1057.0,,,,,,,,
42367,23:18.000,23:18.013,2,845.0,748.0,978.0,911.0,1994.0,530.0,2234.0,834.0,,,,
42382,23:18.500,23:18.513,2,2063.0,749.0,2315.0,1057.0,903.0,961.0,1036.0,1122.0,,,,
42397,23:19.000,23:19.013,1,1087.0,1003.0,1212.0,1166.0,,,,,,,,
42412,23:19.500,23:19.513,1,1169.0,998.0,1294.0,1161.0,,,,,,,,
42427,23:20.000,23:20.013,1,1192.0,1030.0,1322.0,1204.0,,,,,,,,
42442,23:20.500,23:20.513,1,1194.0,1081.0,1325.0,1252.0,,,,,,,,
42457,23:21.000,23:21.013,1,1201.0,1097.0,1329.0,1271.0,,,,,,,,
42472,23:21.500,23:21.513,1,1154.0,1145.0,1281.0,1311.0,,,,,,,,
42487,23:22.000,23:22.013,1,1174.0,1087.0,1299.0,1254.0,,,,,,,,
42502,23:22.500,23:22.515,1,1128.0,846.0,1250.0,999.0,,,,,,,,
42517,23:23.000,23:23.015,1,1108.0,885.0,1231.0,1041.0,,,,,,,,
42532,23:23.500,23:23.515,1,1095.0,861.0,1218.0,1020.0,,,,,,,,
42547,23:24.000,23:24.015,2,1436.0,1035.0,1559.0,1205.0,102.0,921.0,300.0,1201.0,,,,
42562,23:24.500,23:24.515,2,1519.0,967.0,1643.0,1136.0,229.0,850.0,436.0,1113.0,,,,
42577,23:25.000,23:25.015,1,1171.0,1063.0,1302.0,1232.0,,,,,,,,
42592,23:25.500,23:25.515,1,1181.0,1204.0,1309.0,1376.0,,,,,,,,
42607,23:26.000,23:26.015,1,1171.0,991.0,1296.0,1153.0,,,,,,,,
42622,23:26.500,23:26.517,1,1143.0,961.0,1267.0,1117.0,,,,,,,,
42637,23:27.000,23:27.017,1,1223.0,803.0,1339.0,958.0,,,,,,,,
42652,23:27.500,23:27.517,2,1578.0,991.0,1750.0,1254.0,414.0,963.0,553.0,1135.0,,,,
42667,23:28.000,23:28.017,2,1677.0,989.0,1854.0,1255.0,546.0,1000.0,683.0,1178.0,,,,
42682,23:28.500,23:28.517,2,981.0,918.0,1098.0,1075.0,2126.0,954.0,2357.0,1245.0,,,,
42697,23:29.000,23:29.017,2,1045.0,949.0,1164.0,1108.0,2230.0,1012.0,2449.0,1304.0,,,,
42712,23:29.500,23:29.508,2,1030.0,990.0,1152.0,1149.0,2232.0,1035.0,2453.0,1329.0,,,,
42727,23:30.000,23:30.008,2,1042.0,1032.0,1168.0,1200.0,2251.0,1061.0,2468.0,1360.0,,,,
42742,23:30.500,23:30.508,1,1059.0,1026.0,1190.0,1192.0,,,,,,,,
42757,23:31.000,23:31.010,1,1061.0,1007.0,1190.0,1170.0,,,,,,,,
42772,23:31.500,23:31.510,1,1055.0,1032.0,1178.0,1193.0,,,,,,,,
42787,23:32.000,23:32.010,2,1028.0,1000.0,1149.0,1161.0,2218.0,1028.0,2437.0,1328.0,,,,
42802,23:32.500,23:32.510,2,1033.0,1003.0,1156.0,1168.0,2226.0,1033.0,2440.0,1331.0,,,,
42817,23:33.000,23:33.010,1,1080.0,1000.0,1202.0,1163.0,,,,,,,,
42832,23:33.500,23:33.510,2,1000.0,1002.0,1123.0,1163.0,2228.0,984.0,2490.0,1316.0,,,,
42847,23:34.000,23:34.010,2,1674.0,963.0,1862.0,1242.0,524.0,977.0,664.0,1153.0,,,,
42862,23:34.500,23:34.510,2,1501.0,1016.0,1678.0,1289.0,318.0,1001.0,473.0,1190.0,,,,
42877,23:35.000,23:35.012,2,1532.0,979.0,1702.0,1245.0,395.0,989.0,538.0,1169.0,,,,
42892,23:35.500,23:35.512,2,1426.0,959.0,1588.0,1216.0,286.0,959.0,434.0,1141.0,,,,
42907,23:36.000,23:36.012,2,1437.0,946.0,1600.0,1198.0,309.0,941.0,456.0,1123.0,,,,
42922,23:36.500,23:36.512,2,1446.0,941.0,1610.0,1194.0,323.0,940.0,467.0,1120.0,,,,
42937,23:37.000,23:37.012,2,1574.0,941.0,1748.0,1195.0,475.0,1009.0,611.0,1185.0,,,,
42952,23:37.500,23:37.512,2,599.0,899.0,730.0,1066.0,1684.0,866.0,1866.0,1132.0,,,,
42967,23:38.000,23:38.012,2,1666.0,886.0,1846.0,1150.0,569.0,904.0,703.0,1075.0,,,,
42982,23:38.500,23:38.512,2,2086.0,994.0,2317.0,1296.0,958.0,974.0,1085.0,1136.0,,,,
42997,23:39.000,23:39.012,2,1061.0,1010.0,1190.0,1177.0,2234.0,1054.0,2463.0,1371.0,,,,
43012,23:39.500,23:39.513,1,1209.0,1042.0,1333.0,1200.0,,,,,,,,
43027,23:40.000,23:40.013,1,1181.0,1017.0,1307.0,1178.0,,,,,,,,
43042,23:40.500,23:40.513,2,2004.0,1012.0,2221.0,1303.0,906.0,1010.0,1024.0,1177.0,,,,
43057,23:41.000,23:41.013,2,1536.0,1012.0,1705.0,1281.0,454.0,1078.0,593.0,1255.0,,,,
43072,23:41.500,23:41.513,2,1412.0,1059.0,1574.0,1315.0,299.0,1116.0,448.0,1304.0,,,,
43087,23:42.000,23:42.013,2,1355.0,1037.0,1518.0,1290.0,228.0,1105.0,381.0,1288.0,,,,
43102,23:42.500,23:42.513,2,1344.0,1026.0,1504.0,1289.0,199.0,1099.0,357.0,1286.0,,,,
43117,23:43.000,23:43.013,2,1329.0,1016.0,1486.0,1279.0,167.0,1093.0,326.0,1281.0,,,,
43132,23:43.500,23:43.515,2,1323.0,1016.0,1482.0,1268.0,104.0,1078.0,263.0,1268.0,,,,
43147,23:44.000,23:44.015,2,1327.0,1013.0,1489.0,1267.0,64.0,1077.0,229.0,1269.0,,,,
43162,23:44.500,23:44.515,2,1330.0,1016.0,1491.0,1282.0,54.0,1082.0,222.0,1275.0,,,,
43177,23:45.000,23:45.015,2,1346.0,1011.0,1506.0,1267.0,56.0,1080.0,224.0,1273.0,,,,
43192,23:45.500,23:45.515,2,1338.0,1009.0,1501.0,1267.0,56.0,1070.0,222.0,1262.0,,,,
43207,23:46.000,23:46.015,2,1337.0,1008.0,1500.0,1264.0,62.0,1062.0,230.0,1255.0,,,,
43222,23:46.500,23:46.515,2,1378.0,988.0,1544.0,1240.0,140.0,1041.0,300.0,1229.0,,,,
43237,23:47.000,23:47.015,2,1372.0,994.0,1537.0,1243.0,121.0,1041.0,284.0,1229.0,,,,
43252,23:47.500,23:47.515,2,1457.0,974.0,1625.0,1231.0,250.0,1027.0,402.0,1210.0,,,,
43267,23:48.000,23:48.017,2,1498.0,930.0,1666.0,1181.0,309.0,990.0,451.0,1170.0,,,,
43282,23:48.500,23:48.517,2,1490.0,930.0,1658.0,1180.0,293.0,984.0,441.0,1167.0,,,,
43297,23:49.000,23:49.017,2,1662.0,923.0,1840.0,1179.0,494.0,988.0,631.0,1163.0,,,,
43312,23:49.500,23:49.517,2,1480.0,905.0,1652.0,1156.0,267.0,1031.0,426.0,1215.0,,,,
43327,23:50.000,23:50.008,2,1423.0,895.0,1590.0,1148.0,171.0,1013.0,343.0,1200.0,,,,
43342,23:50.500,23:50.508,2,1428.0,902.0,1597.0,1156.0,179.0,1010.0,349.0,1196.0,,,,
43357,23:51.000,23:51.008,2,1564.0,920.0,1738.0,1182.0,354.0,954.0,507.0,1136.0,,,,
43372,23:51.500,23:51.508,2,2104.0,874.0,2341.0,1176.0,871.0,878.0,993.0,1040.0,,,,
43387,23:52.000,23:52.010,2,1716.0,841.0,1905.0,1108.0,527.0,898.0,668.0,1068.0,,,,
43402,23:52.500,23:52.510,2,1866.0,834.0,2077.0,1120.0,697.0,885.0,821.0,1050.0,,,,
43417,23:53.000,23:53.010,2,1999.0,844.0,2222.0,1137.0,813.0,877.0,932.0,1039.0,,,,
43432,23:53.500,23:53.510,2,2086.0,842.0,2323.0,1145.0,888.0,860.0,1009.0,1022.0,,,,
43447,23:54.000,23:54.010,2,988.0,858.0,1107.0,1022.0,2239.0,849.0,2471.0,1158.0,,,,
43462,23:54.500,23:54.510,1,1009.0,856.0,1130.0,1019.0,,,,,,,,
43477,23:55.000,23:55.010,1,1017.0,850.0,1136.0,1014.0,,,,,,,,
43492,23:55.500,23:55.510,1,1026.0,835.0,1146.0,998.0,,,,,,,,
43507,23:56.000,23:56.010,1,1018.0,825.0,1138.0,991.0,,,,,,,,
43522,23:56.500,23:56.512,1,1155.0,829.0,1274.0,995.0,,,,,,,,
43537,23:57.000,23:57.012,1,1193.0,871.0,1312.0,1034.0,,,,,,,,
43552,23:57.500,23:57.512,1,1207.0,907.0,1326.0,1069.0,,,,,,,,
43567,23:58.000,23:58.012,1,1199.0,884.0,1318.0,1048.0,,,,,,,,
43582,23:58.500,23:58.512,1,1149.0,851.0,1270.0,1020.0,,,,,,,,
43597,23:59.000,23:59.012,1,1098.0,827.0,1218.0,993.0,,,,,,,,
43612,23:59.500,23:59.512,1,1123.0,677.0,1242.0,840.0,,,,,,,,
43627,24:00.000,24:00.012,1,1122.0,733.0,1241.0,899.0,,,,,,,,
43642,24:00.500,24:00.512,2,1555.0,814.0,1678.0,978.0,282.0,867.0,491.0,1126.0,,,,
43657,24:01.000,24:01.013,2,1557.0,853.0,1679.0,1022.0,285.0,910.0,494.0,1162.0,,,,
43672,24:01.500,24:01.513,2,1581.0,838.0,1755.0,1097.0,425.0,920.0,562.0,1094.0,,,,
43687,24:02.000,24:02.013,2,1446.0,828.0,1612.0,1079.0,253.0,894.0,405.0,1075.0,,,,
43702,24:02.500,24:02.513,2,1385.0,824.0,1548.0,1072.0,155.0,880.0,315.0,1070.0,,,,
43717,24:03.000,24:03.013,2,1350.0,781.0,1513.0,1032.0,106.0,850.0,270.0,1038.0,,,,
43732,24:03.500,24:03.513,2,1354.0,784.0,1517.0,1040.0,118.0,850.0,282.0,1043.0,,,,
43747,24:04.000,24:04.013,2,1345.0,777.0,1509.0,1025.0,107.0,846.0,271.0,1034.0,,,,
43762,24:04.500,24:04.513,2,1351.0,775.0,1512.0,1026.0,115.0,845.0,279.0,1031.0,,,,
43777,24:05.000,24:05.015,2,1343.0,758.0,1505.0,1001.0,99.0,819.0,262.0,1011.0,,,,
43792,24:05.500,24:05.515,2,1367.0,768.0,1530.0,1016.0,131.0,831.0,297.0,1018.0,,,,
43807,24:06.000,24:06.015,2,1411.0,801.0,1577.0,1049.0,202.0,862.0,357.0,1046.0,,,,
43822,24:06.500,24:06.515,2,1463.0,770.0,1632.0,1014.0,268.0,829.0,419.0,1010.0,,,,
43837,24:07.000,24:07.015,2,1433.0,728.0,1608.0,983.0,193.0,796.0,356.0,982.0,,,,
43852,24:07.500,24:07.515,2,1447.0,728.0,1622.0,982.0,206.0,794.0,373.0,975.0,,,,
43867,24:08.000,24:08.015,2,1465.0,749.0,1640.0,1004.0,225.0,816.0,387.0,1002.0,,,,
43882,24:08.500,24:08.515,2,1485.0,761.0,1659.0,1021.0,259.0,833.0,422.0,1016.0,,,,
43897,24:09.000,24:09.015,2,1483.0,755.0,1655.0,1018.0,271.0,821.0,430.0,1002.0,,,,
43912,24:09.500,24:09.517,2,1525.0,740.0,1697.0,995.0,325.0,804.0,484.0,983.0,,,,
43927,24:10.000,24:10.017,2,1647.0,747.0,1825.0,1007.0,467.0,801.0,615.0,979.0,,,,
43942,24:10.500,24:10.517,2,1649.0,669.0,1822.0,933.0,503.0,720.0,649.0,891.0,,,,
43957,24:11.000,24:11.008,2,684.0,745.0,820.0,915.0,1825.0,735.0,2013.0,1001.0,,,,
43972,24:11.500,24:11.508,1,1033.0,943.0,1161.0,1103.0,,,,,,,,
43987,24:12.000,24:12.008,1,1149.0,1000.0,1280.0,1163.0,,,,,,,,
44002,24:12.500,24:12.508,2,1266.0,1064.0,1405.0,1237.0,-63.0,1099.0,130.0,1393.0,,,,
44017,24:13.000,24:13.008,1,1218.0,1047.0,1358.0,1215.0,,,,,,,,
44032,24:13.500,24:13.510,1,1159.0,1123.0,1298.0,1295.0,,,,,,,,
44047,24:14.000,24:14.010,1,1213.0,948.0,1340.0,1114.0,,,,,,,,
44062,24:14.500,24:14.510,1,1194.0,977.0,1323.0,1146.0,,,,,,,,
44077,24:15.000,24:15.010,1,1170.0,960.0,1302.0,1128.0,,,,,,,,
44092,24:15.500,24:15.510,1,1131.0,854.0,1261.0,1013.0,,,,,,,,
44107,24:16.000,24:16.010,1,1109.0,843.0,1240.0,1002.0,,,,,,,,
44122,24:16.500,24:16.510,1,1108.0,842.0,1238.0,1000.0,,,,,,,,
44137,24:17.000,24:17.010,1,1100.0,851.0,1232.0,1010.0,,,,,,,,
44152,24:17.500,24:17.510,1,1094.0,855.0,1224.0,1017.0,,,,,,,,
44167,24:18.000,24:18.012,1,1073.0,869.0,1205.0,1029.0,,,,,,,,
44182,24:18.500,24:18.512,1,1078.0,867.0,1210.0,1030.0,,,,,,,,
44197,24:19.000,24:19.012,1,1082.0,865.0,1215.0,1029.0,,,,,,,,
44212,24:19.500,24:19.512,1,1095.0,861.0,1223.0,1023.0,,,,,,,,
44227,24:20.000,24:20.012,1,1109.0,862.0,1232.0,1025.0,,,,,,,,
44242,24:20.500,24:20.512,1,1111.0,910.0,1229.0,1069.0,,,,,,,,
44257,24:21.000,24:21.012,1,1125.0,908.0,1242.0,1069.0,,,,,,,,
44272,24:21.500,24:21.512,1,1123.0,906.0,1237.0,1065.0,,,,,,,,
44287,24:22.000,24:22.013,1,1143.0,907.0,1258.0,1062.0,,,,,,,,
44302,24:22.500,24:22.513,1,1146.0,916.0,1261.0,1076.0,,,,,,,,
44317,24:23.000,24:23.013,1,1152.0,913.0,1268.0,1073.0,,,,,,,,
44332,24:23.500,24:23.513,1,1168.0,915.0,1290.0,1078.0,,,,,,,,
44347,24:24.000,24:24.013,1,1166.0,914.0,1285.0,1075.0,,,,,,,,
44362,24:24.500,24:24.513,1,1161.0,920.0,1280.0,1082.0,,,,,,,,
44377,24:25.000,24:25.013,1,1224.0,947.0,1345.0,1109.0,,,,,,,,
44392,24:25.500,24:25.513,1,1277.0,964.0,1396.0,1127.0,,,,,,,,
44407,24:26.000,24:26.013,2,1347.0,955.0,1468.0,1117.0,-94.0,1001.0,117.0,1303.0,,,,
44422,24:26.500,24:26.515,1,1342.0,970.0,1462.0,1130.0,,,,,,,,
44437,24:27.000,24:27.015,2,1407.0,1035.0,1530.0,1203.0,-29.0,1018.0,189.0,1312.0,,,,
44452,24:27.500,24:27.515,2,73.0,1106.0,294.0,1390.0,1498.0,1094.0,1622.0,1265.0,,,,
44467,24:28.000,24:28.015,2,133.0,1089.0,351.0,1362.0,1542.0,1075.0,1669.0,1249.0,,,,
44482,24:28.500,24:28.515,2,187.0,1144.0,394.0,1419.0,1576.0,1063.0,1703.0,1235.0,,,,
44497,24:29.000,24:29.015,2,1600.0,1009.0,1727.0,1180.0,284.0,1195.0,462.0,1474.0,,,,
44512,24:29.500,24:29.515,2,1556.0,931.0,1675.0,1095.0,253.0,1159.0,435.0,1431.0,,,,
44527,24:30.000,24:30.015,2,1459.0,788.0,1580.0,943.0,158.0,1321.0,392.0,1520.0,,,,
44542,24:30.500,24:30.517,1,1414.0,869.0,1540.0,1029.0,,,,,,,,
44557,24:31.000,24:31.017,1,1421.0,1008.0,1546.0,1171.0,,,,,,,,
44572,24:31.500,24:31.508,1,1427.0,1000.0,1552.0,1160.0,,,,,,,,
44587,24:32.000,24:32.008,2,1434.0,973.0,1557.0,1134.0,8.0,1350.0,255.0,1547.0,,,,
44602,24:32.500,24:32.508,2,25.0,1179.0,271.0,1463.0,1454.0,885.0,1575.0,1048.0,,,,
44617,24:33.000,24:33.008,1,1135.0,841.0,1251.0,997.0,,,,,,,,
44632,24:33.500,24:33.508,1,1103.0,714.0,1216.0,872.0,,,,,,,,
44647,24:34.000,24:34.008,2,1063.0,736.0,1180.0,894.0,2251.0,589.0,2487.0,903.0,,,,
44662,24:34.500,24:34.508,2,957.0,629.0,1075.0,788.0,2113.0,472.0,2358.0,794.0,,,,
44677,24:35.000,24:35.010,2,838.0,549.0,961.0,711.0,1976.0,349.0,2209.0,664.0,,,,
44692,24:35.500,24:35.510,2,1992.0,353.0,2228.0,670.0,851.0,548.0,974.0,713.0,,,,
44707,24:36.000,24:36.010,2,2042.0,514.0,2277.0,815.0,914.0,697.0,1033.0,856.0,,,,
44722,24:36.500,24:36.510,2,955.0,566.0,1073.0,727.0,2096.0,343.0,2337.0,672.0,,,,
44737,24:37.000,24:37.010,2,944.0,560.0,1064.0,719.0,2066.0,347.0,2299.0,676.0,,,,
44752,24:37.500,24:37.510,2,973.0,562.0,1093.0,721.0,2120.0,361.0,2370.0,685.0,,,,
44767,24:38.000,24:38.010,2,1007.0,551.0,1127.0,711.0,2173.0,340.0,2411.0,667.0,,,,
44782,24:38.500,24:38.510,2,1067.0,567.0,1180.0,724.0,2238.0,355.0,2472.0,674.0,,,,
44797,24:39.000,24:39.012,2,1082.0,564.0,1193.0,720.0,2250.0,355.0,2475.0,674.0,,,,
44812,24:39.500,24:39.512,2,1092.0,562.0,1203.0,720.0,2263.0,355.0,2482.0,683.0,,,,
44827,24:40.000,24:40.012,1,1094.0,574.0,1207.0,731.0,,,,,,,,
44842,24:40.500,24:40.512,1,1103.0,587.0,1217.0,740.0,,,,,,,,
44857,24:41.000,24:41.012,1,1102.0,591.0,1214.0,746.0,,,,,,,,
44872,24:41.500,24:41.512,1,1103.0,593.0,1216.0,748.0,,,,,,,,
44887,24:42.000,24:42.012,1,1147.0,655.0,1257.0,813.0,,,,,,,,
44902,24:42.500,24:42.512,2,1095.0,693.0,1207.0,846.0,2259.0,476.0,2480.0,788.0,,,,
44917,24:43.000,24:43.012,1,1102.0,687.0,1214.0,840.0,,,,,,,,
44932,24:43.500,24:43.513,1,1100.0,686.0,1212.0,840.0,,,,,,,,
44947,24:44.000,24:44.013,1,1087.0,685.0,1203.0,841.0,,,,,,,,
44962,24:44.500,24:44.513,1,1069.0,700.0,1188.0,852.0,,,,,,,,
44977,24:45.000,24:45.013,1,1064.0,697.0,1182.0,851.0,,,,,,,,
44992,24:45.500,24:45.513,1,1062.0,698.0,1183.0,852.0,,,,,,,,
45007,24:46.000,24:46.013,1,1062.0,699.0,1187.0,848.0,,,,,,,,
45022,24:46.500,24:46.513,1,1050.0,703.0,1179.0,853.0,,,,,,,,
45037,24:47.000,24:47.013,1,1044.0,701.0,1172.0,851.0,,,,,,,,
45052,24:47.500,24:47.513,1,1044.0,690.0,1172.0,842.0,,,,,,,,
45067,24:48.000,24:48.015,1,1084.0,710.0,1209.0,867.0,,,,,,,,
45082,24:48.500,24:48.515,1,1258.0,746.0,1375.0,903.0,,,,,,,,
45097,24:49.000,24:49.015,2,1414.0,717.0,1546.0,876.0,102.0,1349.0,342.0,1523.0,,,,
45112,24:49.500,24:49.515,1,1297.0,774.0,1427.0,931.0,,,,,,,,
45127,24:50.000,24:50.015,1,1323.0,768.0,1457.0,928.0,,,,,,,,
45142,24:50.500,24:50.515,1,1308.0,738.0,1439.0,899.0,,,,,,,,
45157,24:51.000,24:51.015,1,1288.0,737.0,1422.0,895.0,,,,,,,,
45172,24:51.500,24:51.507,1,1293.0,738.0,1427.0,897.0,,,,,,,,
45187,24:52.000,24:52.008,1,1289.0,742.0,1422.0,899.0,,,,,,,,
45202,24:52.500,24:52.508,1,1282.0,743.0,1412.0,903.0,,,,,,,,
45217,24:53.000,24:53.008,1,1276.0,739.0,1407.0,896.0,,,,,,,,
45232,24:53.500,24:53.508,1,1280.0,735.0,1412.0,888.0,,,,,,,,
45247,24:54.000,24:54.008,1,1270.0,725.0,1401.0,879.0,,,,,,,,
45262,24:54.500,24:54.508,1,1267.0,736.0,1399.0,896.0,,,,,,,,
45277,24:55.000,24:55.008,1,1281.0,742.0,1410.0,898.0,,,,,,,,
45292,24:55.500,24:55.508,1,1289.0,754.0,1420.0,910.0,,,,,,,,
45307,24:56.000,24:56.008,1,1277.0,772.0,1408.0,929.0,,,,,,,,
45322,24:56.500,24:56.510,1,1314.0,778.0,1446.0,935.0,,,,,,,,
45337,24:57.000,24:57.010,1,1305.0,777.0,1436.0,934.0,,,,,,,,
45352,24:57.500,24:57.510,1,1304.0,787.0,1439.0,943.0,,,,,,,,
45364,24:58.000,24:58.052,1,1315.0,810.0,1446.0,969.0,,,,,,,,
45379,24:58.500,24:58.510,1,1299.0,790.0,1428.0,945.0,,,,,,,,
45394,24:59.000,24:59.010,1,1276.0,745.0,1405.0,903.0,,,,,,,,
45409,24:59.500,24:59.510,1,1259.0,796.0,1385.0,952.0,,,,,,,,
45424,25:00.000,25:00.010,1,1266.0,852.0,1393.0,1007.0,,,,,,,,
45439,25:00.500,25:00.512,2,1409.0,751.0,1536.0,909.0,-3.0,1152.0,229.0,1436.0,,,,
45454,25:01.000,25:01.012,2,1337.0,736.0,1465.0,890.0,-91.0,1164.0,137.0,1462.0,,,,
45469,25:01.500,25:01.512,1,1285.0,713.0,1409.0,870.0,,,,,,,,
45484,25:02.000,25:02.012,1,1291.0,605.0,1414.0,762.0,,,,,,,,
45499,25:02.500,25:02.512,1,1277.0,652.0,1403.0,814.0,,,,,,,,
45514,25:03.000,25:03.012,1,1288.0,675.0,1413.0,832.0,,,,,,,,
45529,25:03.500,25:03.512,2,1420.0,539.0,1546.0,700.0,7.0,848.0,241.0,1115.0,,,,
45544,25:04.000,25:04.012,2,1372.0,505.0,1497.0,671.0,-70.0,781.0,152.0,1059.0,,,,
45559,25:04.500,25:04.512,2,1359.0,525.0,1482.0,686.0,-90.0,799.0,130.0,1077.0,,,,
45574,25:05.000,25:05.013,2,1389.0,402.0,1514.0,570.0,-61.0,655.0,167.0,934.0,,,,
45589,25:05.500,25:05.513,2,1364.0,465.0,1491.0,632.0,-84.0,729.0,131.0,1007.0,,,,
45604,25:06.000,25:06.013,1,1334.0,500.0,1458.0,662.0,,,,,,,,
45619,25:06.500,25:06.513,2,1339.0,519.0,1463.0,677.0,-101.0,821.0,121.0,1105.0,,,,
45634,25:07.000,25:07.013,1,1211.0,651.0,1337.0,805.0,,,,,,,,
45649,25:07.500,25:07.513,1,1246.0,561.0,1373.0,715.0,,,,,,,,
45664,25:08.000,25:08.013,1,1262.0,544.0,1389.0,698.0,,,,,,,,
45679,25:08.500,25:08.513,1,1220.0,560.0,1347.0,717.0,,,,,,,,
45694,25:09.000,25:09.015,1,1201.0,545.0,1330.0,698.0,,,,,,,,
45709,25:09.500,25:09.515,1,1196.0,552.0,1324.0,702.0,,,,,,,,
45724,25:10.000,25:10.015,1,1201.0,557.0,1325.0,709.0,,,,,,,,
45739,25:10.500,25:10.515,1,1177.0,590.0,1301.0,741.0,,,,,,,,
45754,25:11.000,25:11.015,1,1127.0,604.0,1252.0,755.0,,,,,,,,
45769,25:11.500,25:11.507,1,1103.0,640.0,1231.0,790.0,,,,,,,,
45784,25:12.000,25:12.007,2,1759.0,710.0,1963.0,994.0,678.0,937.0,815.0,1099.0,,,,
45799,25:12.500,25:12.507,2,1584.0,750.0,1767.0,1013.0,506.0,933.0,643.0,1104.0,,,,
45814,25:13.000,25:13.007,2,1478.0,765.0,1655.0,1032.0,401.0,990.0,545.0,1166.0,,,,
45829,25:13.500,25:13.508,2,1408.0,783.0,1583.0,1042.0,328.0,1039.0,477.0,1224.0,,,,
45844,25:14.000,25:14.008,2,1421.0,765.0,1595.0,1029.0,339.0,1020.0,492.0,1198.0,,,,
45859,25:14.500,25:14.508,2,1445.0,822.0,1618.0,1079.0,353.0,1076.0,511.0,1256.0,,,,
45874,25:15.000,25:15.008,2,1467.0,824.0,1644.0,1083.0,375.0,1048.0,530.0,1229.0,,,,
45889,25:15.500,25:15.508,2,1506.0,805.0,1686.0,1062.0,417.0,1020.0,568.0,1196.0,,,,
45904,25:16.000,25:16.008,2,1485.0,804.0,1664.0,1062.0,388.0,1018.0,543.0,1196.0,,,,
45919,25:16.500,25:16.508,2,1477.0,879.0,1659.0,1147.0,366.0,1123.0,525.0,1306.0,,,,
45934,25:17.000,25:17.008,2,1392.0,910.0,1566.0,1164.0,241.0,1081.0,410.0,1262.0,,,,
45949,25:17.500,25:17.510,2,1415.0,1056.0,1582.0,1309.0,245.0,1123.0,410.0,1317.0,,,,
45964,25:18.000,25:18.010,2,1549.0,1020.0,1723.0,1289.0,425.0,1078.0,571.0,1257.0,,,,
45979,25:18.500,25:18.510,2,1728.0,996.0,1915.0,1268.0,625.0,1063.0,760.0,1239.0,,,,
45994,25:19.000,25:19.010,2,1608.0,967.0,1787.0,1233.0,505.0,1053.0,646.0,1228.0,,,,
46009,25:19.500,25:19.510,2,1615.0,965.0,1801.0,1238.0,479.0,1066.0,624.0,1241.0,,,,
46024,25:20.000,25:20.010,2,1929.0,906.0,2150.0,1197.0,783.0,1001.0,909.0,1170.0,,,,
46039,25:20.500,25:20.510,2,2020.0,933.0,2250.0,1226.0,843.0,1034.0,970.0,1203.0,,,,
46054,25:21.000,25:21.010,2,2029.0,944.0,2258.0,1242.0,873.0,1035.0,999.0,1202.0,,,,
46069,25:21.500,25:21.510,2,2020.0,937.0,2243.0,1224.0,882.0,1031.0,1008.0,1196.0,,,,
46084,25:22.000,25:22.012,2,1966.0,914.0,2185.0,1201.0,847.0,1000.0,973.0,1169.0,,,,
46099,25:22.500,25:22.512,2,2004.0,864.0,2224.0,1156.0,875.0,941.0,998.0,1104.0,,,,
46114,25:23.000,25:23.012,2,2104.0,897.0,2342.0,1200.0,944.0,975.0,1068.0,1141.0,,,,
46129,25:23.500,25:23.512,2,956.0,1000.0,1079.0,1165.0,2124.0,915.0,2368.0,1222.0,,,,
46144,25:24.000,25:24.012,2,961.0,974.0,1083.0,1140.0,2125.0,886.0,2362.0,1197.0,,,,
46159,25:24.500,25:24.512,2,955.0,975.0,1078.0,1141.0,2071.0,895.0,2294.0,1185.0,,,,
46174,25:25.000,25:25.012,1,1098.0,1031.0,1221.0,1193.0,,,,,,,,
46189,25:25.500,25:25.512,1,1107.0,986.0,1229.0,1149.0,,,,,,,,
46204,25:26.000,25:26.012,1,1061.0,915.0,1187.0,1077.0,,,,,,,,
46219,25:26.500,25:26.513,2,978.0,615.0,1104.0,767.0,2207.0,436.0,2467.0,766.0,,,,
46234,25:27.000,25:27.013,2,2144.0,364.0,2401.0,689.0,929.0,590.0,1059.0,748.0,,,,
46249,25:27.500,25:27.513,2,965.0,607.0,1094.0,762.0,2201.0,405.0,2458.0,724.0,,,,
46264,25:28.000,25:28.013,2,980.0,637.0,1107.0,791.0,2211.0,435.0,2460.0,749.0,,,,
46279,25:28.500,25:28.513,2,1007.0,675.0,1131.0,826.0,2230.0,460.0,2484.0,772.0,,,,
46294,25:29.000,25:29.013,2,2183.0,457.0,2414.0,772.0,1005.0,679.0,1130.0,831.0,,,,
46309,25:29.500,25:29.513,2,2158.0,572.0,2397.0,893.0,1004.0,770.0,1129.0,917.0,,,,
46324,25:30.000,25:30.013,2,1998.0,703.0,2234.0,998.0,901.0,837.0,1026.0,990.0,,,,
46339,25:30.500,25:30.515,2,1700.0,789.0,1887.0,1053.0,637.0,912.0,775.0,1070.0,,,,
46354,25:31.000,25:31.015,2,641.0,924.0,779.0,1085.0,1698.0,808.0,1867.0,1067.0,,,,
46369,25:31.500,25:31.515,2,1982.0,797.0,2195.0,1078.0,886.0,919.0,1013.0,1078.0,,,,
46384,25:32.000,25:32.007,2,2027.0,762.0,2254.0,1054.0,902.0,885.0,1029.0,1045.0,,,,
46399,25:32.500,25:32.507,2,2041.0,757.0,2268.0,1050.0,906.0,883.0,1034.0,1040.0,,,,
46414,25:33.000,25:33.007,2,911.0,902.0,1036.0,1060.0,2016.0,768.0,2231.0,1053.0,,,,
46429,25:33.500,25:33.507,2,935.0,928.0,1060.0,1084.0,2036.0,787.0,2249.0,1077.0,,,,
46444,25:34.000,25:34.007,2,1016.0,915.0,1137.0,1074.0,2134.0,784.0,2357.0,1080.0,,,,
46459,25:34.500,25:34.507,2,1036.0,961.0,1158.0,1119.0,2150.0,798.0,2370.0,1094.0,,,,
46474,25:35.000,25:35.008,2,1023.0,956.0,1147.0,1118.0,2113.0,787.0,2334.0,1080.0,,,,
46489,25:35.500,25:35.508,2,2119.0,788.0,2338.0,1080.0,1026.0,948.0,1149.0,1112.0,,,,
46504,25:36.000,25:36.008,2,2109.0,815.0,2330.0,1101.0,1020.0,973.0,1143.0,1135.0,,,,
46519,25:36.500,25:36.508,2,2113.0,815.0,2334.0,1100.0,1007.0,973.0,1132.0,1133.0,,,,
46534,25:37.000,25:37.008,2,2118.0,815.0,2337.0,1101.0,1003.0,971.0,1128.0,1131.0,,,,
46549,25:37.500,25:37.508,2,1025.0,965.0,1147.0,1125.0,2136.0,827.0,2352.0,1116.0,,,,
46564,25:38.000,25:38.008,2,2133.0,833.0,2360.0,1129.0,1041.0,974.0,1153.0,1135.0,,,,
46579,25:38.500,25:38.508,2,1052.0,976.0,1163.0,1138.0,2137.0,831.0,2364.0,1131.0,,,,
46594,25:39.000,25:39.010,2,2138.0,836.0,2363.0,1136.0,1029.0,976.0,1146.0,1136.0,,,,
46609,25:39.500,25:39.510,2,1027.0,973.0,1145.0,1136.0,2139.0,830.0,2365.0,1135.0,,,,
46624,25:40.000,25:40.010,2,1057.0,931.0,1174.0,1090.0,2182.0,801.0,2390.0,1102.0,,,,
46640,25:40.500,25:40.510,2,1087.0,941.0,1204.0,1105.0,2196.0,765.0,2412.0,1078.0,,,,
46655,25:41.000,25:41.010,2,1059.0,932.0,1185.0,1093.0,2213.0,758.0,2435.0,1070.0,,,,
46670,25:41.500,25:41.510,2,1022.0,934.0,1153.0,1092.0,2217.0,774.0,2438.0,1070.0,,,,
46685,25:42.000,25:42.010,2,1021.0,936.0,1142.0,1092.0,2218.0,776.0,2441.0,1072.0,,,,
46700,25:42.500,25:42.510,2,1032.0,932.0,1149.0,1093.0,2207.0,770.0,2427.0,1077.0,,,,
46715,25:43.000,25:43.010,2,1049.0,943.0,1162.0,1101.0,2212.0,790.0,2433.0,1089.0,,,,
46730,25:43.500,25:43.512,2,1061.0,939.0,1174.0,1097.0,2220.0,788.0,2445.0,1094.0,,,,
46745,25:44.000,25:44.012,1,1101.0,883.0,1216.0,1036.0,,,,,,,,
46760,25:44.500,25:44.512,1,1134.0,927.0,1251.0,1086.0,,,,,,,,
46775,25:45.000,25:45.012,1,1110.0,960.0,1222.0,1119.0,,,,,,,,
46790,25:45.500,25:45.512,2,1466.0,905.0,1631.0,1164.0,343.0,1004.0,489.0,1187.0,,,,
46805,25:46.000,25:46.012,2,1466.0,903.0,1633.0,1162.0,347.0,1003.0,493.0,1187.0,,,,
46820,25:46.500,25:46.512,2,1470.0,895.0,1638.0,1159.0,333.0,998.0,485.0,1183.0,,,,
46835,25:47.000,25:47.012,2,1483.0,887.0,1650.0,1143.0,349.0,991.0,497.0,1173.0,,,,
46850,25:47.500,25:47.513,2,1472.0,891.0,1640.0,1144.0,337.0,997.0,487.0,1177.0,,,,
46865,25:48.000,25:48.013,2,1464.0,892.0,1631.0,1142.0,335.0,1000.0,483.0,1182.0,,,,
46880,25:48.500,25:48.513,2,1469.0,890.0,1638.0,1145.0,335.0,993.0,480.0,1172.0,,,,
46895,25:49.000,25:49.013,2,1802.0,842.0,2001.0,1118.0,679.0,954.0,805.0,1117.0,,,,
46910,25:49.500,25:49.513,2,1980.0,937.0,2202.0,1235.0,819.0,1024.0,943.0,1186.0,,,,
46925,25:50.000,25:50.013,2,1997.0,939.0,2219.0,1229.0,810.0,1018.0,949.0,1180.0,,,,
46940,25:50.500,25:50.513,1,1163.0,1118.0,1295.0,1287.0,,,,,,,,
46955,25:51.000,25:51.013,1,1164.0,986.0,1298.0,1143.0,,,,,,,,
46970,25:51.500,25:51.513,1,1091.0,883.0,1225.0,1035.0,,,,,,,,
46985,25:52.000,25:52.007,1,1082.0,811.0,1216.0,964.0,,,,,,,,
47000,25:52.500,25:52.507,1,1097.0,827.0,1230.0,977.0,,,,,,,,
47015,25:53.000,25:53.007,1,1091.0,817.0,1224.0,967.0,,,,,,,,
47030,25:53.500,25:53.507,1,1071.0,825.0,1207.0,982.0,,,,,,,,
47045,25:54.000,25:54.007,1,1070.0,828.0,1208.0,988.0,,,,,,,,
47060,25:54.500,25:54.507,1,1072.0,846.0,1206.0,1001.0,,,,,,,,
47075,25:55.000,25:55.007,1,1065.0,862.0,1201.0,1016.0,,,,,,,,
47090,25:55.500,25:55.507,1,1056.0,847.0,1196.0,999.0,,,,,,,,
47105,25:56.000,25:56.008,1,1126.0,839.0,1263.0,990.0,,,,,,,,
47120,25:56.500,25:56.508,1,1134.0,844.0,1280.0,997.0,,,,,,,,
47135,25:57.000,25:57.008,1,1130.0,870.0,1269.0,1020.0,,,,,,,,
47150,25:57.500,25:57.508,1,1112.0,878.0,1254.0,1031.0,,,,,,,,
47165,25:58.000,25:58.008,1,1111.0,884.0,1256.0,1045.0,,,,,,,,
47180,25:58.500,25:58.508,1,1117.0,976.0,1265.0,1132.0,,,,,,,,
47195,25:59.000,25:59.008,1,1130.0,1010.0,1287.0,1171.0,,,,,,,,
47210,25:59.500,25:59.508,1,1139.0,943.0,1292.0,1105.0,,,,,,,,
47225,26:00.000,26:00.008,1,1215.0,998.0,1364.0,1155.0,,,,,,,,
47240,26:00.500,26:00.510,2,108.0,1101.0,294.0,1377.0,1383.0,1120.0,1522.0,1293.0,,,,
47255,26:01.000,26:01.010,2,260.0,1201.0,434.0,1472.0,1483.0,1057.0,1632.0,1232.0,,,,
47270,26:01.500,26:01.510,2,172.0,1185.0,353.0,1460.0,1406.0,1004.0,1557.0,1171.0,,,,
47285,26:02.000,26:02.010,2,14.0,1122.0,208.0,1404.0,1305.0,945.0,1447.0,1105.0,,,,
47300,26:02.500,26:02.510,1,1083.0,1031.0,1218.0,1200.0,,,,,,,,
47315,26:03.000,26:03.010,1,1075.0,1052.0,1214.0,1229.0,,,,,,,,
47330,26:03.500,26:03.510,1,1050.0,1041.0,1190.0,1210.0,,,,,,,,
47345,26:04.000,26:04.010,1,1190.0,1056.0,1329.0,1222.0,,,,,,,,
47360,26:04.500,26:04.512,2,503.0,1062.0,656.0,1306.0,1691.0,1015.0,1841.0,1198.0,,,,
47375,26:05.000,26:05.012,2,40.0,1104.0,269.0,1385.0,1391.0,1002.0,1525.0,1178.0,,,,
47390,26:05.500,26:05.512,2,-26.0,1114.0,185.0,1405.0,1320.0,996.0,1446.0,1176.0,,,,
47405,26:06.000,26:06.012,1,1240.0,1002.0,1366.0,1176.0,,,,,,,,
47420,26:06.500,26:06.512,1,1219.0,997.0,1345.0,1172.0,,,,,,,,
47435,26:07.000,26:07.012,1,1220.0,988.0,1346.0,1163.0,,,,,,,,
47450,26:07.500,26:07.512,1,1216.0,979.0,1343.0,1162.0,,,,,,,,
47465,26:08.000,26:08.012,1,1214.0,983.0,1339.0,1159.0,,,,,,,,
47480,26:08.500,26:08.512,1,1190.0,955.0,1316.0,1130.0,,,,,,,,
47495,26:09.000,26:09.013,1,1173.0,918.0,1298.0,1087.0,,,,,,,,
47510,26:09.500,26:09.513,1,1165.0,888.0,1289.0,1057.0,,,,,,,,
47525,26:10.000,26:10.013,1,1154.0,890.0,1276.0,1060.0,,,,,,,,
47540,26:10.500,26:10.513,1,1163.0,872.0,1287.0,1042.0,,,,,,,,
47555,26:11.000,26:11.013,1,1158.0,862.0,1281.0,1032.0,,,,,,,,
47570,26:11.500,26:11.513,1,1156.0,871.0,1280.0,1038.0,,,,,,,,
47585,26:12.000,26:12.013,1,1151.0,860.0,1275.0,1032.0,,,,,,,,
47600,26:12.500,26:12.513,1,1142.0,868.0,1265.0,1037.0,,,,,,,,
47615,26:13.000,26:13.013,1,1143.0,867.0,1265.0,1034.0,,,,,,,,
47630,26:13.500,26:13.507,1,1148.0,874.0,1270.0,1041.0,,,,,,,,
47645,26:14.000,26:14.007,1,1115.0,881.0,1237.0,1053.0,,,,,,,,
47660,26:14.500,26:14.507,2,1505.0,800.0,1685.0,1051.0,277.0,951.0,443.0,1144.0,,,,
47675,26:15.000,26:15.007,2,1718.0,795.0,1908.0,1062.0,588.0,936.0,722.0,1112.0,,,,
47690,26:15.500,26:15.507,2,301.0,1147.0,516.0,1398.0,1564.0,1096.0,1693.0,1277.0,,,,
47705,26:16.000,26:16.007,2,458.0,1111.0,648.0,1352.0,1670.0,1064.0,1805.0,1247.0,,,,
47720,26:16.500,26:16.507,2,326.0,1086.0,524.0,1338.0,1553.0,1003.0,1687.0,1183.0,,,,
47735,26:17.000,26:17.007,2,568.0,1064.0,741.0,1309.0,1774.0,1027.0,1921.0,1220.0,,,,
47750,26:17.500,26:17.508,2,563.0,1090.0,737.0,1335.0,1760.0,1064.0,1905.0,1255.0,,,,
47765,26:18.000,26:18.008,2,596.0,1073.0,762.0,1319.0,1767.0,1056.0,1911.0,1248.0,,,,
47780,26:18.500,26:18.508,2,419.0,1039.0,603.0,1289.0,1615.0,1066.0,1748.0,1251.0,,,,
47795,26:19.000,26:19.008,2,296.0,987.0,491.0,1238.0,1523.0,996.0,1647.0,1168.0,,,,
47810,26:19.500,26:19.508,2,182.0,922.0,400.0,1180.0,1457.0,923.0,1580.0,1093.0,,,,
47825,26:20.000,26:20.008,2,147.0,1000.0,367.0,1271.0,1450.0,973.0,1578.0,1149.0,,,,
47840,26:20.500,26:20.508,2,1407.0,895.0,1531.0,1062.0,108.0,955.0,326.0,1217.0,,,,
47855,26:21.000,26:21.008,2,241.0,932.0,451.0,1180.0,1500.0,861.0,1627.0,1034.0,,,,
47870,26:21.500,26:21.508,2,601.0,891.0,773.0,1122.0,1793.0,859.0,1937.0,1039.0,,,,
47885,26:22.000,26:22.010,2,17.0,1016.0,260.0,1295.0,1373.0,882.0,1496.0,1051.0,,,,
47900,26:22.500,26:22.510,2,972.0,1036.0,1098.0,1215.0,2261.0,1104.0,2481.0,1419.0,,,,
47915,26:23.000,26:23.010,2,1628.0,898.0,1807.0,1156.0,473.0,955.0,619.0,1141.0,,,,
47930,26:23.500,26:23.510,2,939.0,1096.0,1066.0,1274.0,2193.0,1172.0,2425.0,1488.0,,,,
47945,26:24.000,26:24.010,2,1000.0,1019.0,1124.0,1194.0,2267.0,1059.0,2479.0,1370.0,,,,
47960,26:24.500,26:24.510,1,1039.0,969.0,1162.0,1137.0,,,,,,,,
47975,26:25.000,26:25.010,2,885.0,931.0,1011.0,1097.0,2089.0,938.0,2323.0,1234.0,,,,
47990,26:25.500,26:25.510,2,994.0,960.0,1118.0,1133.0,2248.0,971.0,2472.0,1282.0,,,,
48005,26:26.000,26:26.012,1,1015.0,954.0,1140.0,1129.0,,,,,,,,
48020,26:26.500,26:26.512,1,1034.0,965.0,1158.0,1136.0,,,,,,,,
48035,26:27.000,26:27.012,1,1058.0,994.0,1180.0,1166.0,,,,,,,,
48050,26:27.500,26:27.512,1,1064.0,978.0,1187.0,1154.0,,,,,,,,
48065,26:28.000,26:28.012,1,1057.0,960.0,1179.0,1131.0,,,,,,,,
48080,26:28.500,26:28.512,1,1063.0,973.0,1186.0,1143.0,,,,,,,,
48095,26:29.000,26:29.012,1,1055.0,973.0,1178.0,1144.0,,,,,,,,
48110,26:29.500,26:29.512,1,1046.0,947.0,1169.0,1122.0,,,,,,,,
48125,26:30.000,26:30.012,2,1037.0,920.0,1159.0,1097.0,2258.0,968.0,2477.0,1279.0,,,,
48140,26:30.500,26:30.513,2,1040.0,930.0,1162.0,1096.0,2264.0,996.0,2475.0,1291.0,,,,
48155,26:31.000,26:31.013,2,990.0,977.0,1112.0,1148.0,2193.0,994.0,2407.0,1293.0,,,,
48170,26:31.500,26:31.513,2,822.0,808.0,949.0,977.0,1947.0,776.0,2160.0,1047.0,,,,
48185,26:32.000,26:32.013,2,1989.0,822.0,2205.0,1098.0,880.0,847.0,1003.0,1012.0,,,,
48200,26:32.500,26:32.513,2,842.0,782.0,967.0,946.0,1919.0,752.0,2124.0,1023.0,,,,
48215,26:33.000,26:33.013,2,834.0,786.0,959.0,949.0,1898.0,755.0,2104.0,1022.0,,,,
48230,26:33.500,26:33.513,2,852.0,772.0,976.0,937.0,1921.0,739.0,2128.0,1013.0,,,,
48245,26:34.000,26:34.005,2,1947.0,723.0,2161.0,1003.0,876.0,764.0,999.0,931.0,,,,
48260,26:34.500,26:34.507,2,1659.0,627.0,1837.0,883.0,608.0,706.0,747.0,881.0,,,,
48275,26:35.000,26:35.007,2,1546.0,534.0,1720.0,799.0,487.0,647.0,636.0,823.0,,,,
48290,26:35.500,26:35.507,2,1589.0,525.0,1769.0,792.0,534.0,636.0,676.0,813.0,,,,
48305,26:36.000,26:36.007,2,1626.0,538.0,1808.0,807.0,567.0,663.0,710.0,835.0,,,,
48320,26:36.500,26:36.507,2,621.0,628.0,752.0,796.0,1687.0,497.0,1874.0,768.0,,,,
48335,26:37.000,26:37.007,2,1669.0,471.0,1859.0,749.0,599.0,610.0,729.0,777.0,,,,
48350,26:37.500,26:37.507,2,1681.0,470.0,1866.0,746.0,607.0,607.0,738.0,775.0,,,,
48365,26:38.000,26:38.007,2,1671.0,464.0,1860.0,741.0,601.0,595.0,732.0,761.0,,,,
48380,26:38.500,26:38.507,2,2036.0,808.0,2269.0,1100.0,935.0,911.0,1053.0,1075.0,,,,
48395,26:39.000,26:39.008,2,1090.0,865.0,1205.0,1022.0,2234.0,816.0,2462.0,1112.0,,,,
48410,26:39.500,26:39.508,2,1043.0,843.0,1160.0,1000.0,2148.0,785.0,2379.0,1079.0,,,,
48425,26:40.000,26:40.008,2,1018.0,891.0,1136.0,1054.0,2110.0,846.0,2346.0,1142.0,,,,
48440,26:40.500,26:40.508,2,973.0,950.0,1091.0,1114.0,2039.0,907.0,2269.0,1199.0,,,,
48455,26:41.000,26:41.008,1,1131.0,902.0,1248.0,1060.0,,,,,,,,
48470,26:41.500,26:41.508,1,1126.0,921.0,1243.0,1082.0,,,,,,,,
48485,26:42.000,26:42.008,2,1106.0,902.0,1223.0,1062.0,2239.0,870.0,2469.0,1163.0,,,,
48500,26:42.500,26:42.508,2,1103.0,898.0,1219.0,1058.0,2227.0,863.0,2456.0,1160.0,,,,
48515,26:43.000,26:43.010,2,1095.0,987.0,1212.0,1150.0,2196.0,864.0,2419.0,1169.0,,,,
48530,26:43.500,26:43.510,2,2115.0,690.0,2353.0,975.0,1050.0,802.0,1164.0,958.0,,,,
48545,26:44.000,26:44.010,2,1078.0,814.0,1194.0,967.0,2163.0,708.0,2393.0,1002.0,,,,
48560,26:44.500,26:44.510,2,2174.0,734.0,2402.0,1029.0,1084.0,823.0,1202.0,986.0,,,,
48575,26:45.000,26:45.010,2,1077.0,847.0,1196.0,1004.0,2151.0,743.0,2383.0,1038.0,,,,
48590,26:45.500,26:45.510,2,1063.0,853.0,1181.0,1006.0,2130.0,740.0,2365.0,1032.0,,,,
48605,26:46.000,26:46.010,2,1058.0,868.0,1175.0,1020.0,2137.0,743.0,2372.0,1035.0,,,,
48620,26:46.500,26:46.510,2,1048.0,862.0,1162.0,1016.0,2142.0,746.0,2375.0,1037.0,,,,
48635,26:47.000,26:47.010,2,2140.0,745.0,2375.0,1036.0,1035.0,855.0,1153.0,1010.0,,,,
48650,26:47.500,26:47.512,2,1015.0,850.0,1141.0,1004.0,2140.0,748.0,2372.0,1039.0,,,,
48665,26:48.000,26:48.012,2,1007.0,857.0,1137.0,1017.0,2149.0,766.0,2381.0,1053.0,,,,
48680,26:48.500,26:48.512,2,1031.0,832.0,1161.0,988.0,2189.0,737.0,2412.0,1030.0,,,,
48695,26:49.000,26:49.012,2,1058.0,834.0,1186.0,992.0,2252.0,748.0,2471.0,1044.0,,,,
48710,26:49.500,26:49.512,1,1178.0,876.0,1307.0,1037.0,,,,,,,,
48725,26:50.000,26:50.012,1,1159.0,943.0,1290.0,1098.0,,,,,,,,
48740,26:50.500,26:50.512,1,1102.0,959.0,1234.0,1113.0,,,,,,,,
48755,26:51.000,26:51.012,1,1077.0,960.0,1208.0,1118.0,,,,,,,,
48770,26:51.500,26:51.512,1,1040.0,1005.0,1169.0,1164.0,,,,,,,,
48785,26:52.000,26:52.013,1,1062.0,995.0,1190.0,1158.0,,,,,,,,
48800,26:52.500,26:52.513,1,1015.0,1094.0,1141.0,1262.0,,,,,,,,
48815,26:53.000,26:53.013,2,1010.0,1160.0,1135.0,1330.0,2279.0,1287.0,2461.0,1538.0,,,,
48830,26:53.500,26:53.513,1,1026.0,1176.0,1150.0,1352.0,,,,,,,,
48845,26:54.000,26:54.005,1,1032.0,1153.0,1155.0,1329.0,,,,,,,,
48860,26:54.500,26:54.505,1,1033.0,1148.0,1156.0,1317.0,,,,,,,,
48875,26:55.000,26:55.005,1,1033.0,1130.0,1156.0,1305.0,,,,,,,,
48890,26:55.500,26:55.505,1,1024.0,1129.0,1151.0,1306.0,,,,,,,,
48905,26:56.000,26:56.007,1,1026.0,1121.0,1153.0,1293.0,,,,,,,,
48920,26:56.500,26:56.507,1,1031.0,1125.0,1156.0,1294.0,,,,,,,,
48935,26:57.000,26:57.007,1,1033.0,1121.0,1158.0,1287.0,,,,,,,,
48950,26:57.500,26:57.507,1,1032.0,1114.0,1155.0,1278.0,,,,,,,,
48965,26:58.000,26:58.007,1,1037.0,1128.0,1162.0,1295.0,,,,,,,,
48980,26:58.500,26:58.507,1,953.0,1120.0,1078.0,1285.0,,,,,,,,
48995,26:59.000,26:59.007,1,943.0,1120.0,1067.0,1286.0,,,,,,,,
49010,26:59.500,26:59.507,1,944.0,1113.0,1069.0,1283.0,,,,,,,,
49025,27:00.000,27:00.007,1,962.0,1125.0,1076.0,1293.0,,,,,,,,
49040,27:00.500,27:00.508,1,960.0,1119.0,1077.0,1290.0,,,,,,,,
49055,27:01.000,27:01.008,1,925.0,1113.0,1045.0,1283.0,,,,,,,,
49070,27:01.500,27:01.508,1,912.0,1113.0,1032.0,1287.0,,,,,,,,
49085,27:02.000,27:02.008,1,937.0,1115.0,1060.0,1288.0,,,,,,,,
49100,27:02.500,27:02.508,2,1680.0,1112.0,1873.0,1397.0,430.0,1032.0,572.0,1213.0,,,,
49115,27:03.000,27:03.008,2,1555.0,1080.0,1735.0,1350.0,300.0,1036.0,451.0,1223.0,,,,
49130,27:03.500,27:03.508,2,1490.0,1075.0,1663.0,1352.0,211.0,1055.0,370.0,1251.0,,,,
49145,27:04.000,27:04.008,2,1470.0,1069.0,1639.0,1341.0,181.0,1074.0,340.0,1267.0,,,,
49160,27:04.500,27:04.510,2,1469.0,1063.0,1639.0,1328.0,183.0,1067.0,342.0,1262.0,,,,
49175,27:05.000,27:05.010,2,1472.0,1064.0,1643.0,1330.0,185.0,1064.0,344.0,1258.0,,,,
49190,27:05.500,27:05.510,2,1491.0,1067.0,1666.0,1336.0,209.0,1063.0,367.0,1258.0,,,,
49205,27:06.000,27:06.010,2,1494.0,1062.0,1667.0,1330.0,213.0,1069.0,370.0,1262.0,,,,
49220,27:06.500,27:06.510,2,1492.0,1063.0,1666.0,1326.0,217.0,1066.0,371.0,1260.0,,,,
49235,27:07.000,27:07.010,2,1501.0,1065.0,1675.0,1332.0,229.0,1071.0,382.0,1260.0,,,,
49250,27:07.500,27:07.510,2,1566.0,1075.0,1744.0,1346.0,304.0,1079.0,456.0,1270.0,,,,
49265,27:08.000,27:08.010,2,1927.0,1085.0,2142.0,1386.0,688.0,1081.0,813.0,1255.0,,,,
49280,27:08.500,27:08.510,2,1946.0,1098.0,2160.0,1397.0,692.0,1079.0,821.0,1255.0,,,,
49295,27:09.000,27:09.012,2,1934.0,1086.0,2147.0,1383.0,684.0,1072.0,813.0,1250.0,,,,
49310,27:09.500,27:09.512,2,1676.0,1106.0,1859.0,1380.0,421.0,1094.0,567.0,1283.0,,,,
49325,27:10.000,27:10.012,2,1604.0,1099.0,1781.0,1372.0,334.0,1099.0,487.0,1294.0,,,,
49340,27:10.500,27:10.512,2,1593.0,1091.0,1774.0,1369.0,325.0,1098.0,478.0,1291.0,,,,
49355,27:11.000,27:11.012,2,1595.0,1089.0,1774.0,1362.0,325.0,1101.0,478.0,1294.0,,,,
49370,27:11.500,27:11.512,2,1597.0,1092.0,1778.0,1374.0,325.0,1112.0,478.0,1304.0,,,,
49385,27:12.000,27:12.012,2,1549.0,1075.0,1724.0,1344.0,264.0,1094.0,423.0,1291.0,,,,
49400,27:12.500,27:12.512,2,1537.0,1074.0,1712.0,1342.0,252.0,1095.0,410.0,1291.0,,,,
49415,27:13.000,27:13.013,2,1526.0,1072.0,1695.0,1337.0,238.0,1092.0,400.0,1288.0,,,,
49430,27:13.500,27:13.513,2,1533.0,1071.0,1705.0,1338.0,236.0,1098.0,399.0,1292.0,,,,
49445,27:14.000,27:14.013,2,1551.0,1069.0,1728.0,1338.0,225.0,1100.0,386.0,1295.0,,,,
49460,27:14.500,27:14.505,2,1527.0,1070.0,1693.0,1332.0,225.0,1099.0,387.0,1292.0,,,,
49475,27:15.000,27:15.005,2,1550.0,1070.0,1728.0,1342.0,238.0,1090.0,400.0,1286.0,,,,
49490,27:15.500,27:15.505,2,1559.0,1072.0,1743.0,1353.0,240.0,1091.0,403.0,1288.0,,,,
49505,27:16.000,27:16.005,2,1935.0,1111.0,2162.0,1416.0,631.0,1099.0,770.0,1283.0,,,,
49520,27:16.500,27:16.505,2,810.0,1057.0,940.0,1234.0,2165.0,1104.0,2422.0,1434.0,,,,
49535,27:17.000,27:17.005,2,1261.0,1048.0,1385.0,1222.0,-94.0,1021.0,111.0,1314.0,,,,
49550,27:17.500,27:17.507,2,-8.0,1022.0,229.0,1313.0,1355.0,1057.0,1481.0,1232.0,,,,
49565,27:18.000,27:18.007,1,1217.0,1007.0,1338.0,1179.0,,,,,,,,
49580,27:18.500,27:18.507,1,1235.0,967.0,1354.0,1134.0,,,,,,,,
49595,27:19.000,27:19.007,1,1229.0,943.0,1350.0,1109.0,,,,,,,,
49610,27:19.500,27:19.507,1,1207.0,911.0,1329.0,1075.0,,,,,,,,
49625,27:20.000,27:20.007,1,1215.0,893.0,1336.0,1059.0,,,,,,,,
49640,27:20.500,27:20.507,1,1200.0,915.0,1323.0,1084.0,,,,,,,,
49655,27:21.000,27:21.007,1,1185.0,930.0,1308.0,1096.0,,,,,,,,
49670,27:21.500,27:21.508,1,1149.0,937.0,1281.0,1103.0,,,,,,,,
49685,27:22.000,27:22.008,1,1153.0,1032.0,1283.0,1202.0,,,,,,,,
49700,27:22.500,27:22.508,1,1150.0,1057.0,1279.0,1229.0,,,,,,,,
49715,27:23.000,27:23.008,1,1150.0,1036.0,1276.0,1208.0,,,,,,,,
49730,27:23.500,27:23.508,1,1155.0,1032.0,1281.0,1203.0,,,,,,,,
49745,27:24.000,27:24.008,1,1141.0,1008.0,1265.0,1179.0,,,,,,,,
49760,27:24.500,27:24.508,1,1127.0,1012.0,1252.0,1185.0,,,,,,,,
49775,27:25.000,27:25.008,1,1087.0,1028.0,1214.0,1203.0,,,,,,,,
49790,27:25.500,27:25.508,1,1080.0,1048.0,1207.0,1225.0,,,,,,,,
49805,27:26.000,27:26.010,1,1084.0,1049.0,1210.0,1223.0,,,,,,,,
49820,27:26.500,27:26.510,1,1101.0,1007.0,1225.0,1185.0,,,,,,,,
49835,27:27.000,27:27.010,1,1100.0,996.0,1222.0,1167.0,,,,,,,,
49850,27:27.500,27:27.510,1,1089.0,969.0,1211.0,1140.0,,,,,,,,
49865,27:28.000,27:28.010,1,1005.0,899.0,1127.0,1066.0,,,,,,,,
49880,27:28.500,27:28.510,1,1033.0,887.0,1155.0,1054.0,,,,,,,,
49896,27:29.000,27:29.010,1,1033.0,893.0,1155.0,1066.0,,,,,,,,
49911,27:29.500,27:29.510,1,1040.0,884.0,1162.0,1055.0,,,,,,,,
49926,27:30.000,27:30.010,1,1055.0,932.0,1176.0,1098.0,,,,,,,,
49942,27:30.500,27:30.512,1,1047.0,936.0,1170.0,1104.0,,,,,,,,
49957,27:31.000,27:31.012,1,1054.0,988.0,1177.0,1157.0,,,,,,,,
49972,27:31.500,27:31.512,1,1057.0,1037.0,1183.0,1213.0,,,,,,,,
49987,27:32.000,27:32.012,1,1035.0,1069.0,1164.0,1244.0,,,,,,,,
50002,27:32.500,27:32.512,1,1028.0,1061.0,1156.0,1233.0,,,,,,,,
50017,27:33.000,27:33.012,1,1021.0,1049.0,1157.0,1230.0,,,,,,,,
50032,27:33.500,27:33.512,1,1016.0,1054.0,1154.0,1224.0,,,,,,,,
50047,27:34.000,27:34.012,1,1019.0,1043.0,1156.0,1218.0,,,,,,,,
50062,27:34.500,27:34.513,1,1009.0,1047.0,1148.0,1220.0,,,,,,,,
50077,27:35.000,27:35.005,1,1007.0,1047.0,1146.0,1214.0,,,,,,,,
50092,27:35.500,27:35.505,1,1008.0,1048.0,1147.0,1219.0,,,,,,,,
50107,27:36.000,27:36.005,1,992.0,1063.0,1134.0,1238.0,,,,,,,,
50122,27:36.500,27:36.505,1,1011.0,1039.0,1148.0,1211.0,,,,,,,,
50137,27:37.000,27:37.005,1,1035.0,1035.0,1168.0,1207.0,,,,,,,,
50152,27:37.500,27:37.505,1,1018.0,963.0,1152.0,1127.0,,,,,,,,
50167,27:38.000,27:38.005,1,1017.0,957.0,1150.0,1122.0,,,,,,,,
50182,27:38.500,27:38.505,1,1020.0,961.0,1154.0,1127.0,,,,,,,,
50197,27:39.000,27:39.007,1,1020.0,955.0,1153.0,1121.0,,,,,,,,
50212,27:39.500,27:39.507,1,1016.0,958.0,1153.0,1129.0,,,,,,,,
50227,27:40.000,27:40.007,1,1017.0,965.0,1153.0,1137.0,,,,,,,,
50242,27:40.500,27:40.507,1,1014.0,979.0,1150.0,1148.0,,,,,,,,
50257,27:41.000,27:41.007,1,1012.0,990.0,1148.0,1157.0,,,,,,,,
50272,27:41.500,27:41.507,1,1002.0,1008.0,1135.0,1178.0,,,,,,,,
50287,27:42.000,27:42.007,2,928.0,1056.0,1062.0,1228.0,2263.0,1021.0,2489.0,1309.0,,,,
50302,27:42.500,27:42.507,1,946.0,1051.0,1081.0,1223.0,,,,,,,,
50317,27:43.000,27:43.008,2,224.0,1155.0,417.0,1433.0,1469.0,1092.0,1605.0,1272.0,,,,
50332,27:43.500,27:43.508,2,315.0,1174.0,496.0,1445.0,1524.0,1107.0,1662.0,1287.0,,,,
50347,27:44.000,27:44.008,2,1533.0,1099.0,1666.0,1278.0,331.0,1162.0,509.0,1442.0,,,,
50362,27:44.500,27:44.508,2,319.0,1165.0,498.0,1436.0,1525.0,1092.0,1653.0,1266.0,,,,
50377,27:45.000,27:45.008,2,188.0,1137.0,383.0,1421.0,1429.0,1055.0,1556.0,1227.0,,,,
50392,27:45.500,27:45.508,2,104.0,1112.0,309.0,1400.0,1385.0,1009.0,1513.0,1186.0,,,,
50407,27:46.000,27:46.008,2,95.0,1109.0,299.0,1401.0,1386.0,1013.0,1513.0,1192.0,,,,
50422,27:46.500,27:46.508,2,1378.0,1009.0,1505.0,1187.0,77.0,1104.0,282.0,1397.0,,,,
50437,27:47.000,27:47.008,2,77.0,1118.0,279.0,1414.0,1373.0,1017.0,1501.0,1195.0,,,,
50452,27:47.500,27:47.510,2,1365.0,1014.0,1491.0,1188.0,58.0,1112.0,269.0,1406.0,,,,
50467,27:48.000,27:48.010,2,21.0,1074.0,230.0,1366.0,1335.0,970.0,1459.0,1138.0,,,,
50482,27:48.500,27:48.510,2,6.0,1078.0,219.0,1380.0,1322.0,968.0,1446.0,1136.0,,,,
50497,27:49.000,27:49.010,2,1313.0,970.0,1436.0,1138.0,-8.0,1079.0,199.0,1377.0,,,,
50512,27:49.500,27:49.510,2,1304.0,976.0,1429.0,1147.0,-15.0,1085.0,188.0,1388.0,,,,
50527,27:50.000,27:50.010,2,-20.0,1082.0,184.0,1385.0,1296.0,971.0,1420.0,1139.0,,,,
50542,27:50.500,27:50.510,2,1293.0,935.0,1414.0,1098.0,-17.0,1042.0,187.0,1337.0,,,,
50557,27:51.000,27:51.010,2,1289.0,945.0,1410.0,1112.0,-26.0,1050.0,173.0,1353.0,,,,
50572,27:51.500,27:51.512,2,6.0,984.0,215.0,1279.0,1306.0,882.0,1429.0,1047.0,,,,
50587,27:52.000,27:52.012,2,1335.0,870.0,1459.0,1039.0,55.0,971.0,259.0,1251.0,,,,
50602,27:52.500,27:52.512,2,1388.0,808.0,1512.0,976.0,145.0,884.0,331.0,1156.0,,,,
50617,27:53.000,27:53.012,2,1487.0,735.0,1614.0,908.0,293.0,798.0,460.0,1055.0,,,,
50632,27:53.500,27:53.512,2,1350.0,668.0,1473.0,836.0,79.0,735.0,273.0,1008.0,,,,
50647,27:54.000,27:54.012,2,1253.0,732.0,1375.0,900.0,-69.0,807.0,115.0,1085.0,,,,
50662,27:54.500,27:54.512,1,1234.0,687.0,1359.0,855.0,,,,,,,,
50677,27:55.000,27:55.012,1,1207.0,704.0,1334.0,863.0,,,,,,,,
50692,27:55.500,27:55.503,1,1181.0,702.0,1311.0,862.0,,,,,,,,
50707,27:56.000,27:56.005,1,1151.0,708.0,1283.0,877.0,,,,,,,,
50722,27:56.500,27:56.505,1,1153.0,714.0,1286.0,889.0,,,,,,,,
50737,27:57.000,27:57.005,1,1158.0,730.0,1288.0,901.0,,,,,,,,
50752,27:57.500,27:57.505,1,1149.0,706.0,1274.0,873.0,,,,,,,,
50767,27:58.000,27:58.005,1,1164.0,705.0,1288.0,873.0,,,,,,,,
50782,27:58.500,27:58.505,1,1177.0,712.0,1299.0,878.0,,,,,,,,
50797,27:59.000,27:59.005,1,1191.0,707.0,1314.0,868.0,,,,,,,,
50812,27:59.500,27:59.505,1,1197.0,704.0,1322.0,867.0,,,,,,,,
50827,28:00.000,28:00.007,1,1203.0,692.0,1325.0,856.0,,,,,,,,
50842,28:00.500,28:00.507,1,1210.0,699.0,1331.0,860.0,,,,,,,,
50857,28:01.000,28:01.007,1,1210.0,705.0,1332.0,866.0,,,,,,,,
50872,28:01.500,28:01.507,1,1225.0,706.0,1334.0,863.0,,,,,,,,
50887,28:02.000,28:02.007,1,1208.0,705.0,1327.0,863.0,,,,,,,,
50902,28:02.500,28:02.507,1,1199.0,707.0,1321.0,867.0,,,,,,,,
50917,28:03.000,28:03.007,1,1223.0,714.0,1345.0,874.0,,,,,,,,
50932,28:03.500,28:03.507,2,575.0,909.0,741.0,1145.0,1822.0,791.0,1971.0,974.0,,,,
50947,28:04.000,28:04.007,2,1599.0,835.0,1774.0,1097.0,425.0,856.0,576.0,1042.0,,,,
50962,28:04.500,28:04.508,2,1410.0,862.0,1573.0,1111.0,153.0,926.0,317.0,1122.0,,,,
50977,28:05.000,28:05.008,2,1396.0,856.0,1559.0,1107.0,114.0,923.0,280.0,1121.0,,,,
50992,28:05.500,28:05.508,2,1397.0,854.0,1559.0,1105.0,111.0,927.0,274.0,1122.0,,,,
51007,28:06.000,28:06.008,2,1394.0,860.0,1559.0,1105.0,113.0,920.0,278.0,1118.0,,,,
51022,28:06.500,28:06.508,2,1270.0,795.0,1429.0,1037.0,-54.0,851.0,89.0,1049.0,,,,
51037,28:07.000,28:07.008,2,1280.0,763.0,1438.0,1006.0,-44.0,806.0,105.0,1006.0,,,,
51052,28:07.500,28:07.508,2,1328.0,760.0,1489.0,1003.0,1.0,788.0,168.0,992.0,,,,
51067,28:08.000,28:08.008,2,1316.0,759.0,1476.0,999.0,-12.0,797.0,153.0,999.0,,,,
51082,28:08.500,28:08.510,2,1322.0,769.0,1485.0,1017.0,0.0,814.0,165.0,1014.0,,,,
51097,28:09.000,28:09.010,2,1331.0,787.0,1491.0,1033.0,6.0,830.0,176.0,1030.0,,,,
51112,28:09.500,28:09.510,2,1323.0,788.0,1485.0,1037.0,1.0,841.0,167.0,1045.0,,,,
51127,28:10.000,28:10.010,2,1310.0,809.0,1471.0,1053.0,-18.0,862.0,148.0,1065.0,,,,
51142,28:10.500,28:10.510,2,1311.0,809.0,1473.0,1057.0,-24.0,864.0,142.0,1068.0,,,,
51157,28:11.000,28:11.010,2,1303.0,820.0,1461.0,1062.0,-37.0,874.0,131.0,1080.0,,,,
51172,28:11.500,28:11.510,2,1313.0,820.0,1474.0,1065.0,-23.0,867.0,145.0,1071.0,,,,
51187,28:12.000,28:12.010,2,1422.0,809.0,1588.0,1053.0,137.0,903.0,307.0,1099.0,,,,
51202,28:12.500,28:12.510,2,1369.0,811.0,1538.0,1061.0,39.0,905.0,217.0,1108.0,,,,
51217,28:13.000,28:13.012,2,1385.0,663.0,1551.0,917.0,44.0,727.0,220.0,931.0,,,,
51232,28:13.500,28:13.512,2,1463.0,782.0,1629.0,1040.0,173.0,864.0,340.0,1060.0,,,,
51247,28:14.000,28:14.012,2,1379.0,822.0,1540.0,1067.0,37.0,875.0,216.0,1078.0,,,,
51262,28:14.500,28:14.512,2,1380.0,843.0,1543.0,1089.0,48.0,906.0,224.0,1110.0,,,,
51277,28:15.000,28:15.012,2,1383.0,860.0,1547.0,1113.0,45.0,943.0,223.0,1147.0,,,,
51292,28:15.500,28:15.512,2,1875.0,1064.0,2093.0,1376.0,617.0,1138.0,757.0,1330.0,,,,
51307,28:16.000,28:16.003,2,2088.0,1118.0,2338.0,1458.0,787.0,1172.0,921.0,1361.0,,,,
51322,28:16.500,28:16.503,2,874.0,1129.0,1002.0,1297.0,2196.0,1083.0,2439.0,1423.0,,,,
51337,28:17.000,28:17.003,2,894.0,1088.0,1025.0,1260.0,2224.0,1049.0,2478.0,1384.0,,,,
51352,28:17.500,28:17.505,1,922.0,1074.0,1052.0,1249.0,,,,,,,,
51367,28:18.000,28:18.005,2,1906.0,1061.0,2114.0,1343.0,686.0,1118.0,823.0,1301.0,,,,
51382,28:18.500,28:18.505,2,1328.0,939.0,1505.0,1195.0,-57.0,1124.0,131.0,1349.0,,,,
51397,28:19.000,28:19.005,1,1270.0,817.0,1444.0,1070.0,,,,,,,,
51412,28:19.500,28:19.505,1,1258.0,827.0,1428.0,1083.0,,,,,,,,
51427,28:20.000,28:20.005,2,1325.0,1005.0,1490.0,1264.0,-58.0,1115.0,127.0,1335.0,,,,
51442,28:20.500,28:20.505,2,1367.0,928.0,1532.0,1178.0,21.0,996.0,214.0,1211.0,,,,
51457,28:21.000,28:21.005,2,1641.0,837.0,1820.0,1105.0,409.0,906.0,563.0,1100.0,,,,
51472,28:21.500,28:21.507,2,1666.0,865.0,1846.0,1121.0,436.0,901.0,588.0,1088.0,,,,
51487,28:22.000,28:22.007,2,1440.0,901.0,1604.0,1155.0,156.0,964.0,335.0,1170.0,,,,
51502,28:22.500,28:22.507,2,1455.0,920.0,1620.0,1169.0,148.0,967.0,328.0,1174.0,,,,
51517,28:23.000,28:23.007,2,1461.0,932.0,1625.0,1182.0,128.0,972.0,311.0,1184.0,,,,
51532,28:23.500,28:23.507,2,1462.0,916.0,1627.0,1172.0,132.0,970.0,314.0,1181.0,,,,
51547,28:24.000,28:24.007,2,1478.0,909.0,1646.0,1168.0,156.0,976.0,334.0,1184.0,,,,
51562,28:24.500,28:24.507,2,190.0,977.0,365.0,1183.0,1464.0,915.0,1630.0,1170.0,,,,
51577,28:25.000,28:25.007,2,288.0,983.0,450.0,1184.0,1528.0,918.0,1695.0,1176.0,,,,
51592,28:25.500,28:25.507,2,1495.0,898.0,1662.0,1152.0,248.0,965.0,419.0,1165.0,,,,
51607,28:26.000,28:26.008,2,1489.0,898.0,1657.0,1150.0,243.0,966.0,416.0,1167.0,,,,
51622,28:26.500,28:26.508,2,1498.0,900.0,1664.0,1153.0,253.0,969.0,424.0,1170.0,,,,
51637,28:27.000,28:27.008,2,1499.0,896.0,1665.0,1151.0,248.0,968.0,419.0,1170.0,,,,
51652,28:27.500,28:27.508,2,1500.0,890.0,1670.0,1150.0,256.0,963.0,426.0,1161.0,,,,
51667,28:28.000,28:28.008,2,1504.0,899.0,1675.0,1163.0,254.0,967.0,425.0,1168.0,,,,
51682,28:28.500,28:28.508,2,1493.0,896.0,1665.0,1155.0,241.0,975.0,415.0,1177.0,,,,
51697,28:29.000,28:29.008,2,1483.0,895.0,1653.0,1149.0,230.0,986.0,399.0,1186.0,,,,
51712,28:29.500,28:29.508,2,1668.0,936.0,1849.0,1193.0,450.0,992.0,605.0,1186.0,,,,
51728,28:30.000,28:30.010,1,1091.0,908.0,1216.0,1078.0,,,,,,,,
51743,28:30.500,28:30.510,2,754.0,930.0,901.0,1157.0,1936.0,934.0,2094.0,1128.0,,,,
51758,28:31.000,28:31.010,2,1358.0,988.0,1484.0,1163.0,52.0,1065.0,273.0,1348.0,,,,
51773,28:31.500,28:31.510,1,1234.0,981.0,1359.0,1161.0,,,,,,,,
51788,28:32.000,28:32.010,1,1204.0,977.0,1329.0,1158.0,,,,,,,,
51803,28:32.500,28:32.510,2,348.0,1008.0,549.0,1260.0,1570.0,992.0,1702.0,1172.0,,,,
51818,28:33.000,28:33.010,2,635.0,1051.0,812.0,1287.0,1806.0,1054.0,1956.0,1246.0,,,,
51833,28:33.500,28:33.510,2,290.0,1138.0,495.0,1406.0,1520.0,1091.0,1649.0,1269.0,,,,
51848,28:34.000,28:34.010,2,1269.0,1078.0,1400.0,1256.0,-55.0,1187.0,159.0,1489.0,,,,
51863,28:34.500,28:34.512,1,1238.0,1041.0,1372.0,1218.0,,,,,,,,
51878,28:35.000,28:35.012,1,1223.0,1057.0,1358.0,1234.0,,,,,,,,
51893,28:35.500,28:35.512,1,1241.0,1066.0,1363.0,1237.0,,,,,,,,
51908,28:36.000,28:36.003,1,1236.0,1064.0,1354.0,1237.0,,,,,,,,
51923,28:36.500,28:36.503,1,1227.0,1076.0,1355.0,1251.0,,,,,,,,
51938,28:37.000,28:37.003,1,1201.0,1151.0,1335.0,1335.0,,,,,,,,
51953,28:37.500,28:37.503,1,1190.0,1200.0,1326.0,1380.0,,,,,,,,
51968,28:38.000,28:38.003,1,1224.0,1151.0,1359.0,1328.0,,,,,,,,
51983,28:38.500,28:38.505,1,1209.0,1170.0,1350.0,1347.0,,,,,,,,
51998,28:39.000,28:39.005,1,1166.0,1147.0,1301.0,1323.0,,,,,,,,
52013,28:39.500,28:39.505,1,1154.0,1089.0,1287.0,1254.0,,,,,,,,
52028,28:40.000,28:40.005,1,1159.0,1057.0,1292.0,1223.0,,,,,,,,
52043,28:40.500,28:40.505,1,1159.0,1065.0,1292.0,1239.0,,,,,,,,
52058,28:41.000,28:41.005,1,1173.0,1084.0,1307.0,1254.0,,,,,,,,
52073,28:41.500,28:41.505,1,1234.0,1061.0,1363.0,1234.0,,,,,,,,
52088,28:42.000,28:42.005,1,1238.0,1034.0,1368.0,1204.0,,,,,,,,
52103,28:42.500,28:42.505,1,1207.0,970.0,1335.0,1138.0,,,,,,,,
52118,28:43.000,28:43.007,1,1210.0,975.0,1339.0,1149.0,,,,,,,,
52133,28:43.500,28:43.507,1,1213.0,970.0,1343.0,1145.0,,,,,,,,
52148,28:44.000,28:44.007,1,1204.0,971.0,1336.0,1141.0,,,,,,,,
52163,28:44.500,28:44.507,1,1191.0,970.0,1321.0,1140.0,,,,,,,,
52178,28:45.000,28:45.007,2,556.0,1073.0,735.0,1323.0,1793.0,986.0,1945.0,1168.0,,,,
52193,28:45.500,28:45.507,2,694.0,1077.0,851.0,1316.0,1899.0,999.0,2062.0,1192.0,,,,
52208,28:46.000,28:46.007,2,1421.0,1012.0,1549.0,1183.0,169.0,1075.0,344.0,1340.0,,,,
52223,28:46.500,28:46.507,2,24.0,1115.0,212.0,1402.0,1333.0,1029.0,1460.0,1201.0,,,,
52238,28:47.000,28:47.008,2,1339.0,1026.0,1465.0,1193.0,30.0,1100.0,221.0,1386.0,,,,
52253,28:47.500,28:47.500,2,16.0,1111.0,208.0,1392.0,1328.0,1034.0,1454.0,1209.0,,,,
52269,28:48.000,28:48.008,2,1313.0,1044.0,1441.0,1216.0,-2.0,1125.0,181.0,1409.0,,,,
52284,28:48.500,28:48.508,2,1312.0,1058.0,1444.0,1230.0,-16.0,1128.0,170.0,1419.0,,,,
52299,28:49.000,28:49.008,2,1310.0,1094.0,1448.0,1272.0,-13.0,1158.0,176.0,1452.0,,,,
52314,28:49.500,28:49.508,2,1347.0,1022.0,1482.0,1197.0,53.0,1085.0,244.0,1360.0,,,,
52329,28:50.000,28:50.008,2,28.0,1072.0,224.0,1353.0,1336.0,996.0,1468.0,1173.0,,,,
52344,28:50.500,28:50.508,2,1285.0,1017.0,1424.0,1189.0,-25.0,1097.0,157.0,1382.0,,,,
52359,28:51.000,28:51.008,1,1244.0,1031.0,1382.0,1197.0,,,,,,,,
52374,28:51.500,28:51.510,1,1232.0,1038.0,1371.0,1210.0,,,,,,,,
52389,28:52.000,28:52.010,1,1216.0,1060.0,1356.0,1229.0,,,,,,,,
52404,28:52.500,28:52.510,1,1219.0,1066.0,1358.0,1238.0,,,,,,,,
52419,28:53.000,28:53.010,1,1220.0,1068.0,1357.0,1238.0,,,,,,,,
52434,28:53.500,28:53.510,1,1220.0,1052.0,1359.0,1221.0,,,,,,,,
52449,28:54.000,28:54.010,1,1228.0,1041.0,1365.0,1216.0,,,,,,,,
52464,28:54.500,28:54.510,1,1223.0,1030.0,1358.0,1195.0,,,,,,,,
52479,28:55.000,28:55.010,1,1204.0,1031.0,1340.0,1205.0,,,,,,,,
52494,28:55.500,28:55.510,1,1199.0,1046.0,1337.0,1221.0,,,,,,,,
52509,28:56.000,28:56.012,1,1287.0,1009.0,1421.0,1181.0,,,,,,,,
52524,28:56.500,28:56.512,2,727.0,1086.0,884.0,1323.0,1995.0,994.0,2154.0,1182.0,,,,
52539,28:57.000,28:57.003,2,757.0,1082.0,911.0,1321.0,2034.0,978.0,2187.0,1164.0,,,,
52554,28:57.500,28:57.503,2,641.0,1126.0,802.0,1368.0,1924.0,1034.0,2065.0,1218.0,,,,
52569,28:58.000,28:58.003,2,1432.0,1084.0,1550.0,1254.0,-8.0,1199.0,213.0,1493.0,,,,
52584,28:58.500,28:58.503,1,1233.0,940.0,1354.0,1100.0,,,,,,,,
52599,28:59.000,28:59.003,2,1447.0,847.0,1625.0,1104.0,378.0,1012.0,518.0,1193.0,,,,
52614,28:59.500,28:59.503,2,1299.0,982.0,1471.0,1238.0,148.0,1133.0,309.0,1328.0,,,,
52629,29:00.000,29:00.005,2,1276.0,973.0,1449.0,1230.0,114.0,1112.0,280.0,1311.0,,,,
52644,29:00.500,29:00.505,2,1311.0,971.0,1482.0,1226.0,160.0,1100.0,324.0,1299.0,,,,
52659,29:01.000,29:01.005,2,1332.0,955.0,1499.0,1209.0,192.0,1084.0,353.0,1278.0,,,,
52674,29:01.500,29:01.505,2,1339.0,956.0,1508.0,1210.0,204.0,1085.0,365.0,1278.0,,,,
52689,29:02.000,29:02.005,2,1346.0,955.0,1515.0,1207.0,209.0,1081.0,370.0,1274.0,,,,
52704,29:02.500,29:02.505,2,1338.0,954.0,1510.0,1203.0,200.0,1088.0,362.0,1282.0,,,,
52719,29:03.000,29:03.005,2,1323.0,960.0,1486.0,1223.0,195.0,1093.0,356.0,1285.0,,,,
52734,29:03.500,29:03.505,2,1330.0,942.0,1493.0,1191.0,209.0,1061.0,371.0,1253.0,,,,
52749,29:04.000,29:04.005,2,1335.0,944.0,1505.0,1192.0,211.0,1065.0,371.0,1256.0,,,,
52764,29:04.500,29:04.507,2,1345.0,941.0,1515.0,1194.0,208.0,1059.0,372.0,1252.0,,,,
52779,29:05.000,29:05.007,2,1348.0,942.0,1516.0,1186.0,206.0,1063.0,368.0,1254.0,,,,
52794,29:05.500,29:05.507,2,1351.0,947.0,1518.0,1198.0,214.0,1074.0,375.0,1265.0,,,,
52809,29:06.000,29:06.007,2,1344.0,954.0,1511.0,1215.0,211.0,1080.0,375.0,1273.0,,,,
52824,29:06.500,29:06.507,2,1352.0,956.0,1521.0,1216.0,209.0,1080.0,373.0,1271.0,,,,
52839,29:07.000,29:07.007,2,1363.0,957.0,1534.0,1212.0,212.0,1080.0,375.0,1270.0,,,,
52854,29:07.500,29:07.507,2,1357.0,954.0,1527.0,1216.0,213.0,1077.0,374.0,1265.0,,,,
52869,29:08.000,29:08.007,2,1349.0,957.0,1523.0,1212.0,214.0,1073.0,373.0,1262.0,,,,
52884,29:08.500,29:08.508,2,1383.0,952.0,1551.0,1219.0,214.0,1076.0,375.0,1263.0,,,,
52899,29:09.000,29:09.008,2,1395.0,958.0,1565.0,1218.0,227.0,1075.0,387.0,1261.0,,,,
52914,29:09.500,29:09.508,2,1412.0,961.0,1580.0,1221.0,235.0,1073.0,396.0,1258.0,,,,
52929,29:10.000,29:10.008,2,2154.0,977.0,2394.0,1295.0,964.0,1054.0,1088.0,1223.0,,,,
52944,29:10.500,29:10.508,2,2113.0,958.0,2351.0,1268.0,929.0,1029.0,1054.0,1200.0,,,,
52959,29:11.000,29:11.008,2,2121.0,964.0,2363.0,1275.0,936.0,1031.0,1059.0,1202.0,,,,
52974,29:11.500,29:11.508,2,2108.0,963.0,2351.0,1275.0,926.0,1029.0,1050.0,1198.0,,,,
52989,29:12.000,29:12.008,2,2115.0,964.0,2358.0,1284.0,917.0,1033.0,1041.0,1203.0,,,,
53004,29:12.500,29:12.508,2,2144.0,964.0,2388.0,1282.0,919.0,1032.0,1043.0,1202.0,,,,
53019,29:13.000,29:13.010,2,916.0,1049.0,1039.0,1217.0,2116.0,995.0,2355.0,1304.0,,,,
53034,29:13.500,29:13.510,2,954.0,1038.0,1078.0,1208.0,2111.0,978.0,2352.0,1278.0,,,,
53049,29:14.000,29:14.010,2,936.0,1012.0,1058.0,1179.0,2133.0,944.0,2387.0,1260.0,,,,
53064,29:14.500,29:14.510,2,943.0,1007.0,1065.0,1176.0,2167.0,946.0,2428.0,1263.0,,,,
53079,29:15.000,29:15.010,2,2095.0,900.0,2342.0,1220.0,895.0,970.0,1019.0,1138.0,,,,
53094,29:15.500,29:15.510,2,2062.0,894.0,2308.0,1202.0,871.0,968.0,995.0,1134.0,,,,
53109,29:16.000,29:16.010,2,2084.0,898.0,2330.0,1210.0,886.0,977.0,1011.0,1144.0,,,,
53124,29:16.500,29:16.510,2,1580.0,926.0,1762.0,1200.0,403.0,1008.0,555.0,1197.0,,,,
53139,29:17.000,29:17.003,1,1224.0,1000.0,1346.0,1173.0,,,,,,,,
53154,29:17.500,29:17.503,2,487.0,1021.0,664.0,1263.0,1782.0,988.0,1925.0,1174.0,,,,
53169,29:18.000,29:18.003,2,241.0,1110.0,446.0,1372.0,1611.0,1093.0,1748.0,1279.0,,,,
53184,29:18.500,29:18.503,2,1379.0,1120.0,1505.0,1301.0,-96.0,1158.0,119.0,1460.0,,,,
53199,29:19.000,29:19.003,2,1448.0,1119.0,1576.0,1302.0,-9.0,1135.0,210.0,1426.0,,,,
53214,29:19.500,29:19.503,2,1361.0,956.0,1485.0,1121.0,-76.0,1007.0,123.0,1287.0,,,,
53229,29:20.000,29:20.003,1,1225.0,947.0,1347.0,1115.0,,,,,,,,
53244,29:20.500,29:20.503,1,1199.0,859.0,1319.0,1025.0,,,,,,,,
53259,29:21.000,29:21.003,1,1205.0,851.0,1324.0,1016.0,,,,,,,,
53274,29:21.500,29:21.505,1,1201.0,853.0,1321.0,1025.0,,,,,,,,
53289,29:22.000,29:22.005,1,1161.0,882.0,1282.0,1046.0,,,,,,,,
53304,29:22.500,29:22.505,1,1144.0,880.0,1269.0,1046.0,,,,,,,,
53319,29:23.000,29:23.005,1,1138.0,880.0,1264.0,1041.0,,,,,,,,
53334,29:23.500,29:23.505,1,1140.0,874.0,1267.0,1045.0,,,,,,,,
53349,29:24.000,29:24.005,1,1139.0,860.0,1265.0,1025.0,,,,,,,,
53364,29:24.500,29:24.505,1,1114.0,906.0,1242.0,1075.0,,,,,,,,
53379,29:25.000,29:25.005,1,1113.0,915.0,1252.0,1084.0,,,,,,,,
53394,29:25.500,29:25.507,1,1140.0,934.0,1274.0,1104.0,,,,,,,,
53409,29:26.000,29:26.007,1,1217.0,1081.0,1352.0,1254.0,,,,,,,,
53424,29:26.500,29:26.507,1,1114.0,587.0,1245.0,749.0,,,,,,,,
53439,29:27.000,29:27.007,1,1092.0,666.0,1227.0,827.0,,,,,,,,
53454,29:27.500,29:27.507,1,1072.0,1058.0,1203.0,1236.0,,,,,,,,
53469,29:28.000,29:28.007,2,1941.0,1121.0,2154.0,1418.0,793.0,1112.0,929.0,1290.0,,,,
53484,29:28.500,29:28.507,2,1536.0,882.0,1705.0,1132.0,415.0,950.0,575.0,1135.0,,,,
53499,29:29.000,29:29.007,2,1786.0,904.0,1978.0,1180.0,683.0,961.0,823.0,1136.0,,,,
53514,29:29.500,29:29.507,1,1242.0,804.0,1368.0,968.0,,,,,,,,
53529,29:30.000,29:30.008,1,1254.0,816.0,1382.0,978.0,,,,,,,,
53544,29:30.500,29:30.508,1,1190.0,848.0,1317.0,1010.0,,,,,,,,
53559,29:31.000,29:31.008,1,1193.0,676.0,1320.0,841.0,,,,,,,,
53574,29:31.500,29:31.508,1,1285.0,672.0,1413.0,838.0,,,,,,,,
53589,29:32.000,29:32.008,1,1221.0,669.0,1348.0,829.0,,,,,,,,
53604,29:32.500,29:32.508,1,1178.0,623.0,1306.0,788.0,,,,,,,,
53619,29:33.000,29:33.008,1,1050.0,530.0,1182.0,695.0,,,,,,,,
53634,29:33.500,29:33.508,1,1099.0,526.0,1230.0,694.0,,,,,,,,
53649,29:34.000,29:34.010,1,1123.0,674.0,1251.0,834.0,,,,,,,,
53664,29:34.500,29:34.510,2,2130.0,406.0,2385.0,730.0,905.0,553.0,1040.0,719.0,,,,
53679,29:35.000,29:35.010,2,2056.0,238.0,2304.0,563.0,826.0,338.0,966.0,522.0,,,,
53694,29:35.500,29:35.510,2,1026.0,735.0,1153.0,902.0,2247.0,658.0,2459.0,956.0,,,,
53709,29:36.000,29:36.010,1,1132.0,881.0,1257.0,1054.0,,,,,,,,
53724,29:36.500,29:36.510,1,1221.0,1032.0,1351.0,1208.0,,,,,,,,
53739,29:37.000,29:37.010,1,1189.0,1099.0,1317.0,1276.0,,,,,,,,
53754,29:37.500,29:37.502,1,1180.0,1126.0,1308.0,1306.0,,,,,,,,
53769,29:38.000,29:38.002,1,1135.0,1144.0,1263.0,1322.0,,,,,,,,
53784,29:38.500,29:38.503,1,1276.0,1069.0,1404.0,1248.0,,,,,,,,
53799,29:39.000,29:39.003,1,1312.0,1098.0,1442.0,1278.0,,,,,,,,
53814,29:39.500,29:39.503,1,1313.0,1030.0,1440.0,1203.0,,,,,,,,
53829,29:40.000,29:40.003,1,1328.0,1121.0,1456.0,1300.0,,,,,,,,
53844,29:40.500,29:40.503,1,1341.0,1050.0,1470.0,1221.0,,,,,,,,
53859,29:41.000,29:41.003,1,1291.0,1048.0,1421.0,1223.0,,,,,,,,
53874,29:41.500,29:41.503,1,1244.0,1044.0,1372.0,1218.0,,,,,,,,
53889,29:42.000,29:42.003,1,1201.0,1031.0,1326.0,1204.0,,,,,,,,
53904,29:42.500,29:42.503,1,1168.0,1028.0,1294.0,1203.0,,,,,,,,
53919,29:43.000,29:43.005,1,1154.0,1029.0,1282.0,1200.0,,,,,,,,
53934,29:43.500,29:43.505,1,1149.0,1006.0,1276.0,1178.0,,,,,,,,
53949,29:44.000,29:44.005,1,1125.0,1067.0,1250.0,1243.0,,,,,,,,
53964,29:44.500,29:44.505,1,1230.0,1123.0,1363.0,1300.0,,,,,,,,
53979,29:45.000,29:45.005,1,1208.0,874.0,1331.0,1039.0,,,,,,,,
53994,29:45.500,29:45.505,1,1230.0,887.0,1345.0,1052.0,,,,,,,,
54009,29:46.000,29:46.005,1,1190.0,980.0,1320.0,1153.0,,,,,,,,
54024,29:46.500,29:46.505,1,1146.0,911.0,1271.0,1079.0,,,,,,,,
54039,29:47.000,29:47.007,1,1175.0,915.0,1299.0,1085.0,,,,,,,,
54054,29:47.500,29:47.507,1,1263.0,834.0,1385.0,999.0,,,,,,,,
54069,29:48.000,29:48.007,1,1276.0,816.0,1400.0,977.0,,,,,,,,
54084,29:48.500,29:48.507,1,1161.0,741.0,1287.0,904.0,,,,,,,,
54099,29:49.000,29:49.007,1,1224.0,808.0,1348.0,968.0,,,,,,,,
54114,29:49.500,29:49.507,2,976.0,719.0,1098.0,882.0,2098.0,709.0,2318.0,996.0,,,,
54129,29:50.000,29:50.007,1,1184.0,768.0,1306.0,931.0,,,,,,,,
54144,29:50.500,29:50.507,1,1217.0,764.0,1339.0,924.0,,,,,,,,
54159,29:51.000,29:51.007,2,1322.0,842.0,1444.0,1005.0,-92.0,882.0,128.0,1170.0,,,,
54174,29:51.500,29:51.508,2,1876.0,908.0,2078.0,1180.0,788.0,926.0,917.0,1092.0,,,,
54189,29:52.000,29:52.008,2,1602.0,932.0,1770.0,1179.0,516.0,932.0,660.0,1109.0,,,,
54204,29:52.500,29:52.508,2,996.0,953.0,1118.0,1120.0,2148.0,991.0,2375.0,1280.0,,,,
54219,29:53.000,29:53.008,2,545.0,916.0,721.0,1158.0,1820.0,988.0,1969.0,1175.0,,,,
54234,29:53.500,29:53.508,1,1002.0,974.0,1152.0,1199.0,,,,,,,,
54249,29:54.000,29:54.008,1,935.0,965.0,1087.0,1203.0,,,,,,,,
54264,29:54.500,29:54.508,2,589.0,983.0,755.0,1231.0,1856.0,958.0,2001.0,1141.0,,,,
54279,29:55.000,29:55.008,1,1310.0,986.0,1423.0,1152.0,,,,,,,,
54294,29:55.500,29:55.510,1,1186.0,1006.0,1301.0,1175.0,,,,,,,,
54309,29:56.000,29:56.010,2,1690.0,963.0,1872.0,1221.0,614.0,1042.0,739.0,1222.0,,,,
54324,29:56.500,29:56.510,2,1548.0,941.0,1719.0,1191.0,461.0,1033.0,593.0,1212.0,,,,
54339,29:57.000,29:57.010,2,1872.0,1009.0,2073.0,1280.0,785.0,1062.0,902.0,1232.0,,,,
54354,29:57.500,29:57.510,2,2082.0,963.0,2310.0,1252.0,957.0,1000.0,1076.0,1168.0,,,,
54369,29:58.000,29:58.002,2,1022.0,986.0,1145.0,1157.0,2159.0,964.0,2385.0,1259.0,,,,
54384,29:58.500,29:58.502,2,641.0,941.0,801.0,1173.0,1919.0,982.0,2077.0,1173.0,,,,
54399,29:59.000,29:59.002,2,1743.0,1035.0,1884.0,1215.0,441.0,961.0,619.0,1209.0,,,,
54414,29:59.500,29:59.502,2,1582.0,1021.0,1754.0,1281.0,485.0,1018.0,629.0,1200.0,,,,
54429,30:00.000,30:00.003,2,1538.0,1002.0,1705.0,1266.0,434.0,997.0,583.0,1183.0,,,,
54444,30:00.500,30:00.503,2,1546.0,1017.0,1716.0,1273.0,440.0,997.0,583.0,1183.0,,,,
54459,30:01.000,30:01.003,2,1792.0,1037.0,1982.0,1307.0,655.0,989.0,786.0,1163.0,,,,
54474,30:01.500,30:01.503,2,1941.0,1057.0,2147.0,1337.0,782.0,993.0,907.0,1168.0,,,,
54489,30:02.000,30:02.003,2,1959.0,1050.0,2165.0,1335.0,815.0,994.0,939.0,1163.0,,,,
54504,30:02.500,30:02.503,2,1609.0,1040.0,1783.0,1295.0,493.0,1000.0,631.0,1176.0,,,,
54519,30:03.000,30:03.003,2,686.0,992.0,812.0,1160.0,1792.0,1026.0,1982.0,1298.0,,,,
54534,30:03.500,30:03.503,2,448.0,1015.0,609.0,1260.0,1680.0,1010.0,1810.0,1182.0,,,,
54549,30:04.000,30:04.005,2,1792.0,1020.0,1930.0,1195.0,575.0,1034.0,725.0,1266.0,,,,
54564,30:04.500,30:04.505,2,1695.0,999.0,1829.0,1180.0,478.0,1022.0,628.0,1260.0,,,,
54579,30:05.000,30:05.005,2,147.0,1065.0,332.0,1335.0,1443.0,988.0,1571.0,1151.0,,,,
54594,30:05.500,30:05.505,2,1480.0,1025.0,1608.0,1188.0,161.0,1031.0,381.0,1293.0,,,,
54609,30:06.000,30:06.005,2,169.0,1118.0,381.0,1393.0,1499.0,1126.0,1630.0,1301.0,,,,
54624,30:06.500,30:06.505,2,1367.0,1188.0,1505.0,1364.0,36.0,1192.0,230.0,1488.0,,,,
54639,30:07.000,30:07.005,1,1250.0,1157.0,1388.0,1325.0,,,,,,,,
54654,30:07.500,30:07.505,1,1220.0,1129.0,1355.0,1296.0,,,,,,,,
54669,30:08.000,30:08.005,1,1188.0,1095.0,1320.0,1273.0,,,,,,,,
54684,30:08.500,30:08.507,1,1191.0,1142.0,1322.0,1317.0,,,,,,,,
54699,30:09.000,30:09.007,1,1205.0,1293.0,1344.0,1480.0,,,,,,,,
54714,30:09.500,30:09.507,1,1260.0,1257.0,1398.0,1451.0,,,,,,,,
54729,30:10.000,30:10.007,2,1321.0,980.0,1440.0,1150.0,-74.0,1015.0,119.0,1312.0,,,,
54744,30:10.500,30:10.507,1,1250.0,943.0,1367.0,1105.0,,,,,,,,
54759,30:11.000,30:11.007,1,1258.0,971.0,1377.0,1141.0,,,,,,,,
54774,30:11.500,30:11.507,1,1366.0,1093.0,1497.0,1275.0,,,,,,,,
54789,30:12.000,30:12.007,2,1437.0,1122.0,1570.0,1313.0,-22.0,1120.0,186.0,1417.0,,,,
54804,30:12.500,30:12.508,2,-1.0,1076.0,227.0,1372.0,1450.0,1084.0,1582.0,1264.0,,,,
54819,30:13.000,30:13.008,2,1423.0,1023.0,1552.0,1197.0,-18.0,1011.0,195.0,1303.0,,,,
54834,30:13.500,30:13.508,2,-32.0,985.0,176.0,1278.0,1411.0,997.0,1540.0,1172.0,,,,
54849,30:14.000,30:14.008,2,1509.0,949.0,1641.0,1128.0,97.0,977.0,312.0,1248.0,,,,
54864,30:14.500,30:14.508,2,63.0,931.0,297.0,1213.0,1509.0,905.0,1640.0,1078.0,,,,
54879,30:15.000,30:15.008,2,45.0,883.0,285.0,1172.0,1496.0,877.0,1624.0,1051.0,,,,
54894,30:15.500,30:15.508,2,605.0,869.0,779.0,1110.0,1920.0,876.0,2079.0,1071.0,,,,
54909,30:16.000,30:16.008,1,1344.0,840.0,1469.0,1013.0,,,,,,,,
54924,30:16.500,30:16.508,2,1825.0,835.0,2023.0,1103.0,761.0,852.0,888.0,1019.0,,,,
54939,30:17.000,30:17.010,1,1303.0,896.0,1422.0,1060.0,,,,,,,,
54954,30:17.500,30:17.510,2,724.0,924.0,881.0,1152.0,2016.0,954.0,2179.0,1140.0,,,,
54969,30:18.000,30:18.010,2,812.0,931.0,965.0,1162.0,2087.0,954.0,2258.0,1147.0,,,,
54984,30:18.500,30:18.502,2,830.0,944.0,978.0,1174.0,2093.0,979.0,2255.0,1170.0,,,,
54999,30:19.000,30:19.002,2,829.0,948.0,970.0,1182.0,2088.0,992.0,2250.0,1184.0,,,,
55014,30:19.500,30:19.502,2,810.0,931.0,956.0,1164.0,2057.0,978.0,2216.0,1162.0,,,,
55029,30:20.000,30:20.002,2,796.0,936.0,944.0,1168.0,2043.0,985.0,2200.0,1173.0,,,,
55044,30:20.500,30:20.502,2,791.0,940.0,936.0,1166.0,2032.0,977.0,2191.0,1167.0,,,,
55059,30:21.000,30:21.002,2,2001.0,975.0,2155.0,1159.0,800.0,949.0,931.0,1167.0,,,,
55074,30:21.500,30:21.503,2,767.0,949.0,909.0,1179.0,1989.0,969.0,2140.0,1149.0,,,,
55089,30:22.000,30:22.003,2,482.0,995.0,651.0,1234.0,1711.0,996.0,1847.0,1172.0,,,,
55104,30:22.500,30:22.503,2,1703.0,861.0,1834.0,1030.0,494.0,838.0,658.0,1073.0,,,,
55119,30:23.000,30:23.003,2,1669.0,866.0,1800.0,1034.0,449.0,847.0,615.0,1089.0,,,,
55134,30:23.500,30:23.503,2,612.0,850.0,766.0,1077.0,1822.0,849.0,1965.0,1024.0,,,,
55149,30:24.000,30:24.003,2,636.0,864.0,791.0,1093.0,1848.0,863.0,1996.0,1043.0,,,,
55164,30:24.500,30:24.503,2,1833.0,896.0,1978.0,1069.0,626.0,894.0,773.0,1122.0,,,,
55179,30:25.000,30:25.003,2,79.0,916.0,277.0,1183.0,1414.0,915.0,1540.0,1083.0,,,,
55194,30:25.500,30:25.505,2,1324.0,915.0,1445.0,1073.0,-59.0,933.0,127.0,1205.0,,,,
55209,30:26.000,30:26.005,1,1286.0,915.0,1410.0,1076.0,,,,,,,,
55224,30:26.500,30:26.505,1,1227.0,945.0,1355.0,1114.0,,,,,,,,
55239,30:27.000,30:27.005,1,1189.0,962.0,1316.0,1122.0,,,,,,,,
55254,30:27.500,30:27.505,1,1164.0,980.0,1291.0,1143.0,,,,,,,,
55269,30:28.000,30:28.005,1,1187.0,1011.0,1315.0,1175.0,,,,,,,,
55284,30:28.500,30:28.505,1,1228.0,892.0,1355.0,1054.0,,,,,,,,
55299,30:29.000,30:29.005,1,1158.0,915.0,1287.0,1071.0,,,,,,,,
55314,30:29.500,30:29.505,2,2106.0,559.0,2342.0,850.0,911.0,704.0,1047.0,859.0,,,,
55329,30:30.000,30:30.007,1,1010.0,1063.0,1136.0,1234.0,,,,,,,,
55344,30:30.500,30:30.507,1,1215.0,1120.0,1340.0,1298.0,,,,,,,,
55359,30:31.000,30:31.007,1,1207.0,1056.0,1328.0,1226.0,,,,,,,,
55374,30:31.500,30:31.507,1,1206.0,1004.0,1325.0,1170.0,,,,,,,,
55389,30:32.000,30:32.007,1,1182.0,1008.0,1301.0,1171.0,,,,,,,,
55404,30:32.500,30:32.507,1,1185.0,1013.0,1306.0,1181.0,,,,,,,,
55419,30:33.000,30:33.007,1,1173.0,1005.0,1294.0,1173.0,,,,,,,,
55434,30:33.500,30:33.507,1,1173.0,998.0,1294.0,1162.0,,,,,,,,
55449,30:34.000,30:34.008,1,1168.0,979.0,1289.0,1142.0,,,,,,,,
55464,30:34.500,30:34.508,1,1139.0,980.0,1270.0,1144.0,,,,,,,,
55479,30:35.000,30:35.008,1,1122.0,971.0,1254.0,1137.0,,,,,,,,
55494,30:35.500,30:35.508,1,1123.0,971.0,1254.0,1134.0,,,,,,,,
55509,30:36.000,30:36.008,1,1145.0,983.0,1273.0,1149.0,,,,,,,,
55524,30:36.500,30:36.508,1,1147.0,975.0,1273.0,1138.0,,,,,,,,
55539,30:37.000,30:37.008,1,1149.0,978.0,1274.0,1143.0,,,,,,,,
55554,30:37.500,30:37.508,1,1164.0,995.0,1290.0,1171.0,,,,,,,,
55569,30:38.000,30:38.008,1,1146.0,1086.0,1273.0,1251.0,,,,,,,,
55584,30:38.500,30:38.502,1,1096.0,1132.0,1227.0,1302.0,,,,,,,,
55599,30:39.000,30:39.002,1,1073.0,1143.0,1208.0,1324.0,,,,,,,,
55614,30:39.500,30:39.502,1,1092.0,1136.0,1230.0,1307.0,,,,,,,,
55629,30:40.000,30:40.002,1,1194.0,1108.0,1326.0,1277.0,,,,,,,,
55644,30:40.500,30:40.502,1,1221.0,1058.0,1348.0,1221.0,,,,,,,,
55659,30:41.000,30:41.002,1,1221.0,1034.0,1346.0,1195.0,,,,,,,,
55674,30:41.500,30:41.502,1,1171.0,1015.0,1306.0,1181.0,,,,,,,,
55689,30:42.000,30:42.002,1,1137.0,1023.0,1269.0,1185.0,,,,,,,,
55704,30:42.500,30:42.503,1,1134.0,1057.0,1271.0,1225.0,,,,,,,,
55719,30:43.000,30:43.003,1,1130.0,1066.0,1263.0,1234.0,,,,,,,,
55734,30:43.500,30:43.503,1,1137.0,1025.0,1267.0,1189.0,,,,,,,,
55749,30:44.000,30:44.003,1,1117.0,1279.0,1251.0,1455.0,,,,,,,,
55764,30:44.500,30:44.503,0,,,,,,,,,,,,
55779,30:45.000,30:45.003,0,,,,,,,,,,,,
55794,30:45.500,30:45.503,0,,,,,,,,,,,,
55809,30:46.000,30:46.003,2,1388.0,1271.0,1516.0,1446.0,83.0,1194.0,329.0,1488.0,,,,
55824,30:46.500,30:46.503,2,1321.0,608.0,1445.0,765.0,40.0,598.0,273.0,865.0,,,,
55839,30:47.000,30:47.005,2,1261.0,726.0,1382.0,879.0,-44.0,712.0,186.0,993.0,,,,
55854,30:47.500,30:47.505,2,1209.0,950.0,1333.0,1111.0,-94.0,997.0,124.0,1287.0,,,,
55869,30:48.000,30:48.005,1,1114.0,863.0,1239.0,1022.0,,,,,,,,
55884,30:48.500,30:48.505,1,1166.0,992.0,1299.0,1159.0,,,,,,,,
55899,30:49.000,30:49.005,2,236.0,932.0,435.0,1182.0,1371.0,955.0,1509.0,1115.0,,,,
55914,30:49.500,30:49.505,2,1202.0,921.0,1338.0,1080.0,-14.0,959.0,186.0,1232.0,,,,
55929,30:50.000,30:50.005,2,1177.0,934.0,1312.0,1093.0,-66.0,973.0,138.0,1251.0,,,,
55944,30:50.500,30:50.505,1,1161.0,911.0,1294.0,1064.0,,,,,,,,
55959,30:51.000,30:51.007,1,1128.0,850.0,1260.0,1001.0,,,,,,,,
55974,30:51.500,30:51.507,1,1132.0,853.0,1251.0,1005.0,,,,,,,,
55989,30:52.000,30:52.007,1,1121.0,881.0,1235.0,1035.0,,,,,,,,
56004,30:52.500,30:52.507,1,1106.0,901.0,1219.0,1056.0,,,,,,,,
56019,30:53.000,30:53.007,1,1088.0,1003.0,1207.0,1170.0,,,,,,,,
56034,30:53.500,30:53.507,1,1081.0,994.0,1203.0,1156.0,,,,,,,,
56049,30:54.000,30:54.007,1,1084.0,977.0,1205.0,1139.0,,,,,,,,
56064,30:54.500,30:54.507,1,1115.0,910.0,1235.0,1075.0,,,,,,,,
56079,30:55.000,30:55.007,1,1133.0,886.0,1253.0,1044.0,,,,,,,,
56094,30:55.500,30:55.508,1,1111.0,832.0,1233.0,990.0,,,,,,,,
56109,30:56.000,30:56.008,1,1046.0,826.0,1168.0,981.0,,,,,,,,
56124,30:56.500,30:56.508,2,954.0,829.0,1079.0,994.0,2242.0,818.0,2461.0,1106.0,,,,
56139,30:57.000,30:57.008,2,894.0,818.0,1017.0,982.0,2182.0,852.0,2397.0,1143.0,,,,
56154,30:57.500,30:57.508,2,899.0,901.0,1021.0,1067.0,2203.0,994.0,2419.0,1289.0,,,,
56169,30:58.000,30:58.008,1,962.0,1130.0,1087.0,1305.0,,,,,,,,
56184,30:58.500,30:58.500,2,1708.0,1062.0,1893.0,1325.0,450.0,1064.0,598.0,1252.0,,,,
56199,30:59.000,30:59.000,2,1499.0,981.0,1666.0,1231.0,201.0,966.0,370.0,1160.0,,,,
56214,30:59.500,30:59.502,2,1433.0,1042.0,1594.0,1289.0,100.0,940.0,276.0,1142.0,,,,
56229,31:00.000,31:00.002,2,913.0,973.0,1037.0,1143.0,2223.0,967.0,2459.0,1268.0,,,,
56244,31:00.500,31:00.502,2,1751.0,940.0,1939.0,1198.0,523.0,962.0,664.0,1139.0,,,,
56259,31:01.000,31:01.002,2,1549.0,962.0,1712.0,1209.0,296.0,981.0,453.0,1166.0,,,,
56274,31:01.500,31:01.502,2,300.0,936.0,490.0,1192.0,1477.0,1048.0,1601.0,1219.0,,,,
56289,31:02.000,31:02.002,2,2177.0,1130.0,2360.0,1336.0,968.0,1035.0,1113.0,1262.0,,,,
56304,31:02.500,31:02.502,2,2214.0,1091.0,2398.0,1296.0,999.0,1006.0,1140.0,1229.0,,,,
56319,31:03.000,31:03.002,2,2174.0,1137.0,2357.0,1344.0,970.0,1034.0,1114.0,1258.0,,,,
56334,31:03.500,31:03.502,2,960.0,1060.0,1106.0,1288.0,2141.0,1106.0,2319.0,1309.0,,,,
56349,31:04.000,31:04.003,2,2098.0,1089.0,2269.0,1285.0,926.0,1042.0,1075.0,1268.0,,,,
56364,31:04.500,31:04.503,2,2104.0,1052.0,2276.0,1252.0,923.0,1008.0,1073.0,1235.0,,,,
56379,31:05.000,31:05.003,2,2133.0,1045.0,2310.0,1247.0,939.0,998.0,1085.0,1221.0,,,,
56396,31:05.500,31:05.503,2,716.0,969.0,870.0,1197.0,1871.0,1026.0,2019.0,1213.0,,,,
56411,31:06.000,31:06.003,2,1378.0,943.0,1503.0,1113.0,188.0,939.0,356.0,1192.0,,,,
56426,31:06.500,31:06.503,2,1326.0,944.0,1447.0,1115.0,109.0,927.0,284.0,1194.0,,,,
56441,31:07.000,31:07.003,2,1302.0,940.0,1423.0,1100.0,62.0,937.0,246.0,1198.0,,,,
56456,31:07.500,31:07.503,2,786.0,1006.0,946.0,1239.0,1971.0,1008.0,2127.0,1196.0,,,,
56471,31:08.000,31:08.003,2,984.0,852.0,1131.0,1068.0,2214.0,830.0,2390.0,1024.0,,,,
56486,31:08.500,31:08.505,2,994.0,860.0,1139.0,1079.0,2241.0,826.0,2422.0,1026.0,,,,
56501,31:09.000,31:09.005,2,2167.0,880.0,2351.0,1080.0,956.0,928.0,1095.0,1141.0,,,,
56516,31:09.500,31:09.505,2,25.0,999.0,219.0,1270.0,1301.0,945.0,1426.0,1108.0,,,,
56531,31:10.000,31:10.005,2,-7.0,986.0,179.0,1260.0,1281.0,941.0,1407.0,1110.0,,,,
56546,31:10.500,31:10.505,2,-42.0,994.0,168.0,1275.0,1282.0,946.0,1408.0,1114.0,,,,
56561,31:11.000,31:11.005,2,1272.0,954.0,1397.0,1120.0,-44.0,995.0,163.0,1275.0,,,,
56576,31:11.500,31:11.505,2,1268.0,953.0,1394.0,1123.0,-42.0,980.0,165.0,1259.0,,,,
56591,31:12.000,31:12.005,1,1220.0,889.0,1343.0,1058.0,,,,,,,,
56606,31:12.500,31:12.507,1,1203.0,899.0,1327.0,1064.0,,,,,,,,
56621,31:13.000,31:13.007,1,1221.0,904.0,1343.0,1064.0,,,,,,,,
56636,31:13.500,31:13.507,2,1249.0,925.0,1375.0,1091.0,-83.0,1027.0,128.0,1313.0,,,,
56651,31:14.000,31:14.007,2,1232.0,910.0,1355.0,1080.0,-92.0,991.0,104.0,1279.0,,,,
56666,31:14.500,31:14.507,1,1226.0,910.0,1350.0,1071.0,,,,,,,,
56681,31:15.000,31:15.007,1,1223.0,914.0,1347.0,1080.0,,,,,,,,
56696,31:15.500,31:15.507,2,892.0,928.0,1029.0,1094.0,2196.0,885.0,2426.0,1190.0,,,,
56712,31:16.000,31:16.007,2,1409.0,1000.0,1578.0,1252.0,55.0,1025.0,252.0,1234.0,,,,
56727,31:16.500,31:16.507,2,98.0,1016.0,286.0,1226.0,1431.0,1006.0,1600.0,1263.0,,,,
56742,31:17.000,31:17.008,1,1005.0,945.0,1140.0,1105.0,,,,,,,,
56757,31:17.500,31:17.508,1,1070.0,934.0,1208.0,1096.0,,,,,,,,
56772,31:18.000,31:18.008,1,1087.0,855.0,1220.0,1016.0,,,,,,,,
56787,31:18.500,31:18.508,1,1203.0,946.0,1345.0,1117.0,,,,,,,,
56802,31:19.000,31:19.008,1,1163.0,1300.0,1306.0,1495.0,,,,,,,,
56817,31:19.500,31:19.500,0,,,,,,,,,,,,
56832,31:20.000,31:20.000,0,,,,,,,,,,,,
56847,31:20.500,31:20.500,0,,,,,,,,,,,,
56862,31:21.000,31:21.002,0,,,,,,,,,,,,
56877,31:21.500,31:21.502,0,,,,,,,,,,,,
56892,31:22.000,31:22.002,0,,,,,,,,,,,,
56907,31:22.500,31:22.502,0,,,,,,,,,,,,
56922,31:23.000,31:23.002,0,,,,,,,,,,,,
56937,31:23.500,31:23.502,0,,,,,,,,,,,,
56952,31:24.000,31:24.002,0,,,,,,,,,,,,
56967,31:24.500,31:24.502,0,,,,,,,,,,,,
56982,31:25.000,31:25.002,0,,,,,,,,,,,,
56997,31:25.500,31:25.503,0,,,,,,,,,,,,
57012,31:26.000,31:26.003,1,1177.0,1315.0,1312.0,1505.0,,,,,,,,
57027,31:26.500,31:26.503,1,1207.0,1341.0,1328.0,1508.0,,,,,,,,
57042,31:27.000,31:27.003,1,1221.0,833.0,1317.0,1001.0,,,,,,,,
57057,31:27.500,31:27.503,1,1257.0,500.0,1355.0,676.0,,,,,,,,
57072,31:28.000,31:28.003,1,1208.0,788.0,1301.0,952.0,,,,,,,,
57087,31:28.500,31:28.503,1,1162.0,917.0,1256.0,1085.0,,,,,,,,
57102,31:29.000,31:29.003,1,1120.0,1037.0,1224.0,1216.0,,,,,,,,
57117,31:29.500,31:29.505,1,1139.0,1042.0,1247.0,1223.0,,,,,,,,
57132,31:30.000,31:30.005,1,1156.0,1054.0,1268.0,1231.0,,,,,,,,
57147,31:30.500,31:30.505,1,1125.0,1008.0,1249.0,1191.0,,,,,,,,
57162,31:31.000,31:31.005,1,1109.0,1030.0,1242.0,1218.0,,,,,,,,
57177,31:31.500,31:31.505,1,1114.0,1019.0,1248.0,1207.0,,,,,,,,
57192,31:32.000,31:32.005,1,1143.0,987.0,1275.0,1168.0,,,,,,,,
57207,31:32.500,31:32.505,1,1237.0,994.0,1371.0,1182.0,,,,,,,,
57222,31:33.000,31:33.005,1,1287.0,1019.0,1420.0,1202.0,,,,,,,,
57237,31:33.500,31:33.505,2,386.0,1015.0,574.0,1262.0,1622.0,1064.0,1768.0,1258.0,,,,
57252,31:34.000,31:34.007,2,667.0,1019.0,834.0,1252.0,1884.0,1104.0,2047.0,1308.0,,,,
57267,31:34.500,31:34.507,2,593.0,1038.0,763.0,1275.0,1818.0,1091.0,1974.0,1295.0,,,,
57282,31:35.000,31:35.007,2,551.0,1048.0,726.0,1290.0,1785.0,1083.0,1941.0,1283.0,,,,
57297,31:35.500,31:35.507,2,624.0,1053.0,792.0,1293.0,1861.0,1089.0,2025.0,1294.0,,,,
57312,31:36.000,31:36.007,2,596.0,1057.0,765.0,1295.0,1836.0,1093.0,1999.0,1297.0,,,,
57327,31:36.500,31:36.507,2,1806.0,1099.0,1969.0,1305.0,582.0,1067.0,752.0,1309.0,,,,
57342,31:37.000,31:37.007,2,519.0,1054.0,694.0,1296.0,1743.0,1073.0,1899.0,1275.0,,,,
57357,31:37.500,31:37.507,2,454.0,1020.0,640.0,1261.0,1701.0,1040.0,1854.0,1239.0,,,,
57372,31:38.000,31:38.008,2,429.0,1019.0,618.0,1264.0,1683.0,1047.0,1836.0,1245.0,,,,
57387,31:38.500,31:38.508,2,534.0,1025.0,714.0,1266.0,1777.0,1058.0,1936.0,1258.0,,,,
57402,31:39.000,31:39.008,2,621.0,1023.0,794.0,1258.0,1867.0,1032.0,2033.0,1242.0,,,,
57417,31:39.500,31:39.508,2,527.0,1015.0,709.0,1256.0,1779.0,1009.0,1939.0,1208.0,,,,
57432,31:40.000,31:40.000,1,1274.0,1010.0,1411.0,1198.0,,,,,,,,
57447,31:40.500,31:40.500,1,1205.0,1001.0,1339.0,1192.0,,,,,,,,
57462,31:41.000,31:41.000,1,1210.0,990.0,1345.0,1175.0,,,,,,,,
57477,31:41.500,31:41.500,1,1218.0,992.0,1350.0,1182.0,,,,,,,,
57492,31:42.000,31:42.000,1,1222.0,986.0,1355.0,1168.0,,,,,,,,
57507,31:42.500,31:42.502,1,1246.0,982.0,1380.0,1165.0,,,,,,,,
57522,31:43.000,31:43.002,1,1249.0,986.0,1382.0,1173.0,,,,,,,,
57537,31:43.500,31:43.502,1,1244.0,969.0,1377.0,1156.0,,,,,,,,
57552,31:44.000,31:44.002,1,1226.0,982.0,1359.0,1168.0,,,,,,,,
57567,31:44.500,31:44.502,1,1218.0,988.0,1353.0,1178.0,,,,,,,,
57582,31:45.000,31:45.002,1,1206.0,981.0,1341.0,1169.0,,,,,,,,
57597,31:45.500,31:45.502,1,1207.0,1005.0,1338.0,1193.0,,,,,,,,
57612,31:46.000,31:46.002,1,1224.0,1055.0,1351.0,1241.0,,,,,,,,
57627,31:46.500,31:46.502,1,1212.0,1019.0,1337.0,1203.0,,,,,,,,
57642,31:47.000,31:47.003,1,1223.0,1051.0,1352.0,1235.0,,,,,,,,
57657,31:47.500,31:47.503,1,1218.0,1053.0,1348.0,1240.0,,,,,,,,
57672,31:48.000,31:48.003,1,1214.0,1362.0,1343.0,1515.0,,,,,,,,
57687,31:48.500,31:48.503,1,1262.0,1289.0,1392.0,1486.0,,,,,,,,
57702,31:49.000,31:49.003,0,,,,,,,,,,,,
57717,31:49.500,31:49.503,0,,,,,,,,,,,,
57732,31:50.000,31:50.003,0,,,,,,,,,,,,
57747,31:50.500,31:50.503,0,,,,,,,,,,,,
57762,31:51.000,31:51.005,1,1290.0,1325.0,1405.0,1505.0,,,,,,,,
57777,31:51.500,31:51.505,1,1200.0,999.0,1307.0,1174.0,,,,,,,,
57792,31:52.000,31:52.005,1,1107.0,719.0,1218.0,888.0,,,,,,,,
57807,31:52.500,31:52.505,1,1104.0,774.0,1231.0,951.0,,,,,,,,
57822,31:53.000,31:53.005,1,1088.0,759.0,1219.0,939.0,,,,,,,,
57837,31:53.500,31:53.505,1,1116.0,843.0,1251.0,1018.0,,,,,,,,
57852,31:54.000,31:54.005,1,1126.0,858.0,1267.0,1040.0,,,,,,,,
57867,31:54.500,31:54.505,1,1147.0,853.0,1288.0,1035.0,,,,,,,,
57882,31:55.000,31:55.005,1,1183.0,855.0,1319.0,1034.0,,,,,,,,
57897,31:55.500,31:55.507,1,1159.0,868.0,1300.0,1047.0,,,,,,,,
57912,31:56.000,31:56.007,1,1115.0,882.0,1266.0,1062.0,,,,,,,,
57927,31:56.500,31:56.507,1,1103.0,1138.0,1246.0,1324.0,,,,,,,,
57942,31:57.000,31:57.007,1,1160.0,827.0,1290.0,992.0,,,,,,,,
57957,31:57.500,31:57.507,1,1159.0,803.0,1282.0,959.0,,,,,,,,
57972,31:58.000,31:58.007,1,1152.0,884.0,1274.0,1041.0,,,,,,,,
57987,31:58.500,31:58.507,1,1124.0,786.0,1244.0,938.0,,,,,,,,
58002,31:59.000,31:59.007,1,1094.0,832.0,1215.0,988.0,,,,,,,,
58017,31:59.500,31:59.508,1,1058.0,827.0,1180.0,975.0,,,,,,,,
58032,32:00.000,32:00.000,1,1067.0,799.0,1186.0,946.0,,,,,,,,
58047,32:00.500,32:00.500,1,1100.0,735.0,1219.0,886.0,,,,,,,,
58062,32:01.000,32:01.000,1,1120.0,763.0,1242.0,916.0,,,,,,,,
58077,32:01.500,32:01.500,1,1094.0,703.0,1218.0,855.0,,,,,,,,
58092,32:02.000,32:02.000,1,1113.0,611.0,1236.0,768.0,,,,,,,,
58107,32:02.500,32:02.500,1,1080.0,659.0,1200.0,816.0,,,,,,,,
58122,32:03.000,32:03.000,1,1114.0,589.0,1233.0,747.0,,,,,,,,
58137,32:03.500,32:03.500,1,1173.0,608.0,1292.0,764.0,,,,,,,,
58152,32:04.000,32:04.002,1,1191.0,768.0,1311.0,924.0,,,,,,,,
58167,32:04.500,32:04.502,1,1136.0,839.0,1252.0,994.0,,,,,,,,
58182,32:05.000,32:05.002,1,1195.0,819.0,1310.0,971.0,,,,,,,,
58197,32:05.500,32:05.502,1,1166.0,828.0,1282.0,987.0,,,,,,,,
58212,32:06.000,32:06.002,1,1131.0,593.0,1248.0,749.0,,,,,,,,
58227,32:06.500,32:06.502,1,1172.0,637.0,1289.0,792.0,,,,,,,,
58242,32:07.000,32:07.002,1,1185.0,562.0,1303.0,721.0,,,,,,,,
58257,32:07.500,32:07.502,1,1184.0,527.0,1302.0,686.0,,,,,,,,
58272,32:08.000,32:08.003,1,1203.0,523.0,1319.0,680.0,,,,,,,,
58287,32:08.500,32:08.503,1,1160.0,525.0,1277.0,681.0,,,,,,,,
58302,32:09.000,32:09.003,1,1117.0,359.0,1236.0,522.0,,,,,,,,
58317,32:09.500,32:09.503,1,1144.0,587.0,1260.0,742.0,,,,,,,,
58332,32:10.000,32:10.003,1,1225.0,811.0,1340.0,967.0,,,,,,,,
58347,32:10.500,32:10.503,1,1351.0,794.0,1468.0,952.0,,,,,,,,
58362,32:11.000,32:11.003,1,1277.0,786.0,1393.0,944.0,,,,,,,,
58377,32:11.500,32:11.503,1,1238.0,763.0,1355.0,923.0,,,,,,,,
58392,32:12.000,32:12.003,1,1232.0,876.0,1348.0,1035.0,,,,,,,,
58407,32:12.500,32:12.505,2,1017.0,913.0,1135.0,1070.0,2178.0,859.0,2405.0,1163.0,,,,
58422,32:13.000,32:13.005,1,1093.0,934.0,1210.0,1092.0,,,,,,,,
58437,32:13.500,32:13.505,1,1168.0,973.0,1286.0,1130.0,,,,,,,,
58452,32:14.000,32:14.005,1,1176.0,1033.0,1296.0,1199.0,,,,,,,,
58467,32:14.500,32:14.505,1,1164.0,1040.0,1289.0,1211.0,,,,,,,,
58482,32:15.000,32:15.005,1,1177.0,1012.0,1301.0,1172.0,,,,,,,,
58497,32:15.500,32:15.505,1,1182.0,1004.0,1307.0,1166.0,,,,,,,,
58512,32:16.000,32:16.005,1,1176.0,977.0,1297.0,1135.0,,,,,,,,
58527,32:16.500,32:16.507,1,1101.0,965.0,1218.0,1120.0,,,,,,,,
58542,32:17.000,32:17.007,1,1150.0,917.0,1268.0,1075.0,,,,,,,,
58557,32:17.500,32:17.507,1,1155.0,912.0,1271.0,1067.0,,,,,,,,
58572,32:18.000,32:18.007,1,1164.0,909.0,1281.0,1068.0,,,,,,,,
58587,32:18.500,32:18.507,1,1168.0,917.0,1284.0,1074.0,,,,,,,,
58602,32:19.000,32:19.007,1,1319.0,1054.0,1440.0,1215.0,,,,,,,,
58617,32:19.500,32:19.507,1,1288.0,1025.0,1408.0,1188.0,,,,,,,,
58632,32:20.000,32:20.007,1,1255.0,939.0,1373.0,1092.0,,,,,,,,
58647,32:20.500,32:20.507,1,1214.0,888.0,1330.0,1049.0,,,,,,,,
58662,32:21.000,32:21.000,1,1198.0,880.0,1316.0,1043.0,,,,,,,,
58677,32:21.500,32:21.500,1,1177.0,873.0,1295.0,1035.0,,,,,,,,
58692,32:22.000,32:22.000,1,1171.0,892.0,1288.0,1056.0,,,,,,,,
58707,32:22.500,32:22.500,1,1151.0,931.0,1269.0,1095.0,,,,,,,,
58722,32:23.000,32:23.000,1,1130.0,945.0,1247.0,1106.0,,,,,,,,
58737,32:23.500,32:23.500,1,1122.0,952.0,1241.0,1103.0,,,,,,,,
58752,32:24.000,32:24.000,1,1142.0,931.0,1259.0,1088.0,,,,,,,,
58767,32:24.500,32:24.500,1,1132.0,966.0,1251.0,1135.0,,,,,,,,
58782,32:25.000,32:25.002,1,1137.0,859.0,1253.0,1019.0,,,,,,,,
58797,32:25.500,32:25.502,2,1114.0,830.0,1229.0,989.0,2264.0,840.0,2472.0,1143.0,,,,
58812,32:26.000,32:26.002,2,1089.0,786.0,1205.0,941.0,2257.0,790.0,2469.0,1091.0,,,,
58827,32:26.500,32:26.502,1,1090.0,778.0,1204.0,935.0,,,,,,,,
58842,32:27.000,32:27.002,1,1100.0,791.0,1213.0,946.0,,,,,,,,
58857,32:27.500,32:27.502,1,1098.0,795.0,1214.0,952.0,,,,,,,,
58872,32:28.000,32:28.002,2,1658.0,956.0,1791.0,1130.0,341.0,965.0,501.0,1214.0,,,,
58887,32:28.500,32:28.502,2,2192.0,1119.0,2374.0,1325.0,822.0,1072.0,965.0,1309.0,,,,
58902,32:29.000,32:29.002,1,1316.0,979.0,1436.0,1144.0,,,,,,,,
58917,32:29.500,32:29.503,1,1218.0,1102.0,1339.0,1271.0,,,,,,,,
58932,32:30.000,32:30.003,1,1172.0,1092.0,1294.0,1266.0,,,,,,,,
58947,32:30.500,32:30.503,1,1162.0,1067.0,1285.0,1233.0,,,,,,,,
58962,32:31.000,32:31.003,1,1175.0,1060.0,1296.0,1227.0,,,,,,,,
58977,32:31.500,32:31.503,1,1181.0,1061.0,1303.0,1223.0,,,,,,,,
58992,32:32.000,32:32.003,1,1351.0,1090.0,1486.0,1253.0,,,,,,,,
59007,32:32.500,32:32.503,1,1364.0,1093.0,1501.0,1267.0,,,,,,,,
59022,32:33.000,32:33.003,1,1389.0,1111.0,1526.0,1284.0,,,,,,,,
59037,32:33.500,32:33.503,2,1470.0,1090.0,1602.0,1260.0,73.0,1308.0,248.0,1509.0,,,,
59052,32:34.000,32:34.005,2,1473.0,1098.0,1605.0,1268.0,74.0,1303.0,250.0,1511.0,,,,
59067,32:34.500,32:34.505,2,1458.0,1092.0,1591.0,1263.0,67.0,1283.0,251.0,1519.0,,,,
59082,32:35.000,32:35.005,2,1459.0,1090.0,1590.0,1260.0,72.0,1276.0,259.0,1517.0,,,,
59097,32:35.500,32:35.505,2,1443.0,1100.0,1575.0,1270.0,53.0,1287.0,238.0,1515.0,,,,
59112,32:36.000,32:36.005,2,1427.0,1104.0,1551.0,1275.0,35.0,1294.0,213.0,1516.0,,,,
59127,32:36.500,32:36.505,2,1421.0,1110.0,1549.0,1278.0,26.0,1286.0,201.0,1519.0,,,,
59142,32:37.000,32:37.005,2,1397.0,1113.0,1524.0,1282.0,-57.0,1302.0,118.0,1538.0,,,,
59157,32:37.500,32:37.505,1,1401.0,1129.0,1523.0,1319.0,,,,,,,,
59172,32:38.000,32:38.007,2,1443.0,1130.0,1562.0,1305.0,-41.0,1290.0,136.0,1529.0,,,,
59187,32:38.500,32:38.507,1,864.0,1254.0,1004.0,1494.0,,,,,,,,
59202,32:39.000,32:39.007,1,1217.0,1296.0,1344.0,1510.0,,,,,,,,
59217,32:39.500,32:39.507,1,1194.0,1291.0,1324.0,1506.0,,,,,,,,
59232,32:40.000,32:40.007,1,1176.0,1275.0,1308.0,1501.0,,,,,,,,
59247,32:40.500,32:40.507,1,1160.0,1266.0,1292.0,1499.0,,,,,,,,
59263,32:41.000,32:41.032,1,1159.0,1274.0,1292.0,1502.0,,,,,,,,
59278,32:41.500,32:41.532,1,1162.0,1263.0,1295.0,1499.0,,,,,,,,
59293,32:42.000,32:42.032,1,1130.0,1257.0,1263.0,1498.0,,,,,,,,
59307,32:42.500,32:42.500,2,1649.0,1064.0,1788.0,1243.0,319.0,1235.0,490.0,1498.0,,,,
59322,32:43.000,32:43.000,1,1106.0,1056.0,1231.0,1238.0,,,,,,,,
59337,32:43.500,32:43.500,1,1071.0,1100.0,1206.0,1279.0,,,,,,,,
59352,32:44.000,32:44.000,1,1083.0,1103.0,1212.0,1274.0,,,,,,,,
59367,32:44.500,32:44.500,1,1127.0,1096.0,1257.0,1267.0,,,,,,,,
59382,32:45.000,32:45.000,1,1127.0,1147.0,1264.0,1318.0,,,,,,,,
59397,32:45.500,32:45.500,1,1138.0,1161.0,1274.0,1332.0,,,,,,,,
59412,32:46.000,32:46.000,1,1260.0,1120.0,1388.0,1300.0,,,,,,,,
59427,32:46.500,32:46.502,1,1134.0,1204.0,1262.0,1383.0,,,,,,,,
59442,32:47.000,32:47.002,1,1101.0,1183.0,1230.0,1358.0,,,,,,,,
59457,32:47.500,32:47.502,1,1130.0,1205.0,1256.0,1375.0,,,,,,,,
59472,32:48.000,32:48.002,1,1154.0,1186.0,1277.0,1360.0,,,,,,,,
59487,32:48.500,32:48.502,1,1162.0,1212.0,1284.0,1382.0,,,,,,,,
59502,32:49.000,32:49.002,1,1144.0,1054.0,1266.0,1214.0,,,,,,,,
59517,32:49.500,32:49.502,1,1193.0,1042.0,1315.0,1208.0,,,,,,,,
59532,32:50.000,32:50.002,1,1157.0,1058.0,1277.0,1216.0,,,,,,,,
59547,32:50.500,32:50.502,1,1082.0,1074.0,1202.0,1238.0,,,,,,,,
59562,32:51.000,32:51.003,1,1069.0,1090.0,1190.0,1249.0,,,,,,,,
59577,32:51.500,32:51.503,1,1091.0,1095.0,1213.0,1260.0,,,,,,,,
59592,32:52.000,32:52.003,1,1129.0,1029.0,1249.0,1188.0,,,,,,,,
59607,32:52.500,32:52.503,1,1149.0,1025.0,1270.0,1187.0,,,,,,,,
59622,32:53.000,32:53.003,1,1174.0,984.0,1295.0,1145.0,,,,,,,,
59637,32:53.500,32:53.503,1,1190.0,990.0,1312.0,1152.0,,,,,,,,
59652,32:54.000,32:54.003,1,1177.0,995.0,1301.0,1160.0,,,,,,,,
59667,32:54.500,32:54.503,1,1180.0,971.0,1302.0,1136.0,,,,,,,,
59682,32:55.000,32:55.005,1,1170.0,939.0,1291.0,1090.0,,,,,,,,
59697,32:55.500,32:55.505,1,1169.0,931.0,1293.0,1088.0,,,,,,,,
59712,32:56.000,32:56.005,1,1172.0,928.0,1294.0,1083.0,,,,,,,,
59727,32:56.500,32:56.505,1,1168.0,891.0,1288.0,1057.0,,,,,,,,
59742,32:57.000,32:57.005,1,1140.0,919.0,1243.0,1074.0,,,,,,,,
59757,32:57.500,32:57.505,1,1142.0,950.0,1233.0,1112.0,,,,,,,,
59772,32:58.000,32:58.005,1,1259.0,918.0,1355.0,1079.0,,,,,,,,
59787,32:58.500,32:58.505,1,1252.0,935.0,1352.0,1099.0,,,,,,,,
59802,32:59.000,32:59.005,1,1303.0,951.0,1391.0,1106.0,,,,,,,,
59817,32:59.500,32:59.507,2,-82.0,981.0,135.0,1265.0,1357.0,1012.0,1443.0,1171.0,,,,
59832,33:00.000,33:00.007,2,11.0,1093.0,242.0,1374.0,1439.0,1048.0,1532.0,1214.0,,,,
59847,33:00.500,33:00.507,2,82.0,1029.0,280.0,1292.0,1450.0,992.0,1538.0,1154.0,,,,
59863,33:01.000,33:01.032,2,215.0,852.0,373.0,1092.0,1495.0,870.0,1576.0,1023.0,,,,
59878,33:01.500,33:01.532,2,387.0,981.0,532.0,1210.0,1629.0,970.0,1721.0,1137.0,,,,
59893,33:02.000,33:02.032,2,298.0,1056.0,458.0,1303.0,1568.0,959.0,1660.0,1128.0,,,,
59908,33:02.500,33:02.532,1,1125.0,934.0,1210.0,1090.0,,,,,,,,
59923,33:03.000,33:03.032,2,1699.0,834.0,1888.0,1095.0,580.0,1012.0,678.0,1176.0,,,,
59937,33:03.500,33:03.500,2,1951.0,1068.0,2172.0,1360.0,776.0,1106.0,868.0,1274.0,,,,
59952,33:04.000,33:04.000,1,1079.0,997.0,1164.0,1155.0,,,,,,,,
59967,33:04.500,33:04.500,2,313.0,913.0,491.0,1161.0,1602.0,939.0,1694.0,1102.0,,,,
59982,33:05.000,33:05.000,2,307.0,1016.0,487.0,1266.0,1621.0,1033.0,1719.0,1202.0,,,,
59997,33:05.500,33:05.500,2,329.0,1046.0,507.0,1293.0,1648.0,1069.0,1774.0,1245.0,,,,
60012,33:06.000,33:06.000,2,317.0,1009.0,498.0,1257.0,1646.0,1036.0,1778.0,1212.0,,,,
60027,33:06.500,33:06.500,2,269.0,1023.0,457.0,1277.0,1611.0,1059.0,1736.0,1238.0,,,,
60042,33:07.000,33:07.000,2,269.0,1065.0,459.0,1320.0,1614.0,1106.0,1737.0,1281.0,,,,
60057,33:07.500,33:07.500,2,285.0,1050.0,475.0,1303.0,1639.0,1114.0,1762.0,1287.0,,,,
60072,33:08.000,33:08.002,2,391.0,1076.0,569.0,1325.0,1727.0,1142.0,1857.0,1321.0,,,,
60087,33:08.500,33:08.502,2,402.0,1047.0,578.0,1288.0,1735.0,1093.0,1867.0,1274.0,,,,
60102,33:09.000,33:09.002,2,641.0,1008.0,813.0,1234.0,1994.0,1048.0,2153.0,1238.0,,,,
60117,33:09.500,33:09.502,2,675.0,1000.0,848.0,1232.0,2038.0,1034.0,2203.0,1226.0,,,,
60132,33:10.000,33:10.002,2,565.0,1000.0,748.0,1234.0,1945.0,1092.0,2105.0,1281.0,,,,
60147,33:10.500,33:10.502,2,507.0,968.0,691.0,1205.0,1874.0,999.0,2024.0,1183.0,,,,
60162,33:11.000,33:11.002,2,522.0,881.0,702.0,1113.0,1876.0,903.0,2024.0,1078.0,,,,
60177,33:11.500,33:11.502,2,697.0,924.0,864.0,1149.0,2066.0,931.0,2232.0,1119.0,,,,
60192,33:12.000,33:12.002,2,684.0,915.0,853.0,1140.0,2047.0,922.0,2213.0,1108.0,,,,
60207,33:12.500,33:12.503,2,695.0,904.0,844.0,1132.0,2032.0,908.0,2197.0,1094.0,,,,
60222,33:13.000,33:13.003,2,95.0,923.0,280.0,1181.0,1484.0,885.0,1608.0,1047.0,,,,
60235,33:13.500,33:13.553,0,,,,,,,,,,,,
60249,33:14.000,33:14.003,1,554.0,919.0,670.0,1068.0,,,,,,,,
60264,33:14.500,33:14.503,1,305.0,918.0,434.0,1079.0,,,,,,,,
60279,33:15.000,33:15.003,1,306.0,917.0,419.0,1077.0,,,,,,,,
60294,33:15.500,33:15.503,1,280.0,911.0,410.0,1074.0,,,,,,,,
60309,33:16.000,33:16.003,1,230.0,911.0,378.0,1079.0,,,,,,,,
60324,33:16.500,33:16.505,1,208.0,911.0,356.0,1080.0,,,,,,,,
60339,33:17.000,33:17.005,1,177.0,911.0,326.0,1080.0,,,,,,,,
60354,33:17.500,33:17.505,1,158.0,925.0,308.0,1094.0,,,,,,,,
60369,33:18.000,33:18.005,1,62.0,901.0,222.0,1078.0,,,,,,,,
60384,33:18.500,33:18.505,1,-41.0,855.0,107.0,1030.0,,,,,,,,
60399,33:19.000,33:19.005,0,,,,,,,,,,,,
60414,33:19.500,33:19.505,1,2106.0,739.0,2377.0,1096.0,,,,,,,,
60429,33:20.000,33:20.005,1,1738.0,830.0,1952.0,1150.0,,,,,,,,
60444,33:20.500,33:20.505,1,1926.0,870.0,2162.0,1206.0,,,,,,,,
60460,33:21.000,33:21.007,0,,,,,,,,,,,,
60476,33:21.500,33:21.532,0,,,,,,,,,,,,
60491,33:22.000,33:22.032,0,,,,,,,,,,,,
60506,33:22.500,33:22.532,0,,,,,,,,,,,,
60521,33:23.000,33:23.032,0,,,,,,,,,,,,
60536,33:23.500,33:23.532,0,,,,,,,,,,,,
60551,33:24.000,33:24.032,0,,,,,,,,,,,,
60566,33:24.500,33:24.532,0,,,,,,,,,,,,
60580,33:25.000,33:25.000,1,318.0,1023.0,449.0,1178.0,,,,,,,,
60595,33:25.500,33:25.500,1,6.0,1063.0,178.0,1235.0,,,,,,,,
60610,33:26.000,33:26.000,0,,,,,,,,,,,,
60625,33:26.500,33:26.500,0,,,,,,,,,,,,
60640,33:27.000,33:27.000,0,,,,,,,,,,,,
60655,33:27.500,33:27.500,1,-49.0,1198.0,78.0,1377.0,,,,,,,,
60670,33:28.000,33:28.000,0,,,,,,,,,,,,
60685,33:28.500,33:28.500,0,,,,,,,,,,,,
60700,33:29.000,33:29.000,0,,,,,,,,,,,,
60715,33:29.500,33:29.502,0,,,,,,,,,,,,
60730,33:30.000,33:30.002,0,,,,,,,,,,,,
60745,33:30.500,33:30.502,0,,,,,,,,,,,,
60760,33:31.000,33:31.002,0,,,,,,,,,,,,
60775,33:31.500,33:31.502,0,,,,,,,,,,,,
60790,33:32.000,33:32.002,0,,,,,,,,,,,,
60805,33:32.500,33:32.502,0,,,,,,,,,,,,
60820,33:33.000,33:33.002,0,,,,,,,,,,,,
60835,33:33.500,33:33.503,0,,,,,,,,,,,,
60850,33:34.000,33:34.003,0,,,,,,,,,,,,
60865,33:34.500,33:34.503,0,,,,,,,,,,,,
60880,33:35.000,33:35.003,0,,,,,,,,,,,,
60895,33:35.500,33:35.503,0,,,,,,,,,,,,
60910,33:36.000,33:36.003,0,,,,,,,,,,,,
60925,33:36.500,33:36.503,0,,,,,,,,,,,,
60940,33:37.000,33:37.003,0,,,,,,,,,,,,
60955,33:37.500,33:37.503,0,,,,,,,,,,,,
60970,33:38.000,33:38.005,0,,,,,,,,,,,,
60985,33:38.500,33:38.505,0,,,,,,,,,,,,
61000,33:39.000,33:39.005,0,,,,,,,,,,,,
61015,33:39.500,33:39.505,0,,,,,,,,,,,,
61030,33:40.000,33:40.005,0,,,,,,,,,,,,
61045,33:40.500,33:40.505,0,,,,,,,,,,,,
61060,33:41.000,33:41.005,0,,,,,,,,,,,,
61075,33:41.500,33:41.505,0,,,,,,,,,,,,
61090,33:42.000,33:42.007,0,,,,,,,,,,,,
61106,33:42.500,33:42.532,0,,,,,,,,,,,,
61121,33:43.000,33:43.032,0,,,,,,,,,,,,
61136,33:43.500,33:43.532,0,,,,,,,,,,,,
61151,33:44.000,33:44.032,0,,,,,,,,,,,,
61166,33:44.500,33:44.532,0,,,,,,,,,,,,
61181,33:45.000,33:45.032,0,,,,,,,,,,,,
61196,33:45.500,33:45.532,0,,,,,,,,,,,,
61211,33:46.000,33:46.032,0,,,,,,,,,,,,
61225,33:46.500,33:46.500,0,,,,,,,,,,,,
61240,33:47.000,33:47.000,0,,,,,,,,,,,,
61255,33:47.500,33:47.500,0,,,,,,,,,,,,
61270,33:48.000,33:48.000,0,,,,,,,,,,,,
61285,33:48.500,33:48.500,0,,,,,,,,,,,,
61300,33:49.000,33:49.000,0,,,,,,,,,,,,
61315,33:49.500,33:49.500,0,,,,,,,,,,,,
61330,33:50.000,33:50.000,0,,,,,,,,,,,,
61345,33:50.500,33:50.500,0,,,,,,,,,,,,
61360,33:51.000,33:51.002,0,,,,,,,,,,,,
61375,33:51.500,33:51.502,0,,,,,,,,,,,,
61390,33:52.000,33:52.002,0,,,,,,,,,,,,
61405,33:52.500,33:52.502,0,,,,,,,,,,,,
61420,33:53.000,33:53.002,0,,,,,,,,,,,,
61435,33:53.500,33:53.502,1,1491.0,672.0,1540.0,735.0,,,,,,,,
61450,33:54.000,33:54.002,1,1473.0,681.0,1520.0,742.0,,,,,,,,
61465,33:54.500,33:54.502,1,1327.0,852.0,1377.0,917.0,,,,,,,,
61480,33:55.000,33:55.003,1,1489.0,952.0,1536.0,1015.0,,,,,,,,
61495,33:55.500,33:55.503,1,1388.0,1003.0,1437.0,1066.0,,,,,,,,
61510,33:56.000,33:56.003,1,1363.0,978.0,1411.0,1039.0,,,,,,,,
61525,33:56.500,33:56.503,1,1365.0,975.0,1410.0,1035.0,,,,,,,,
61540,33:57.000,33:57.003,1,1375.0,949.0,1423.0,1014.0,,,,,,,,
61555,33:57.500,33:57.503,0,,,,,,,,,,,,
61570,33:58.000,33:58.003,1,1413.0,892.0,1460.0,957.0,,,,,,,,
61585,33:58.500,33:58.503,1,1423.0,880.0,1471.0,943.0,,,,,,,,
61600,33:59.000,33:59.003,1,1429.0,872.0,1476.0,933.0,,,,,,,,
61617,33:59.500,33:59.505,0,,,,,,,,,,,,
61632,34:00.000,34:00.005,2,946.0,739.0,1063.0,896.0,2185.0,713.0,2412.0,1014.0,,,,
61647,34:00.500,34:00.505,2,939.0,747.0,1058.0,901.0,2169.0,711.0,2405.0,1008.0,,,,
61662,34:01.000,34:01.005,2,940.0,756.0,1059.0,908.0,2183.0,728.0,2415.0,1003.0,,,,
61677,34:01.500,34:01.505,1,952.0,757.0,1072.0,908.0,,,,,,,,
61692,34:02.000,34:02.005,1,955.0,751.0,1075.0,913.0,,,,,,,,
61707,34:02.500,34:02.505,1,621.0,746.0,750.0,909.0,,,,,,,,
61723,34:03.000,34:03.030,1,722.0,683.0,850.0,848.0,,,,,,,,
61738,34:03.500,34:03.532,0,,,,,,,,,,,,
61753,34:04.000,34:04.032,0,,,,,,,,,,,,
61768,34:04.500,34:04.532,0,,,,,,,,,,,,
61783,34:05.000,34:05.032,0,,,,,,,,,,,,
61798,34:05.500,34:05.532,0,,,,,,,,,,,,
61813,34:06.000,34:06.032,0,,,,,,,,,,,,
61828,34:06.500,34:06.532,0,,,,,,,,,,,,
61843,34:07.000,34:07.032,0,,,,,,,,,,,,
61859,34:07.500,34:07.532,0,,,,,,,,,,,,
61873,34:08.000,34:08.000,0,,,,,,,,,,,,
61888,34:08.500,34:08.500,0,,,,,,,,,,,,
61903,34:09.000,34:09.000,0,,,,,,,,,,,,
61923,34:09.500,34:09.617,0,,,,,,,,,,,,
61933,34:10.000,34:10.008,0,,,,,,,,,,,,
61962,34:10.500,34:10.500,0,,,,,,,,,,,,
