frame,time,actual_video_time,faces_detected_count,face_0_tl_x,face_0_tl_y,face_0_br_x,face_0_br_y,face_1_tl_x,face_1_tl_y,face_1_br_x,face_1_br_y,face_2_tl_x,face_2_tl_y,face_2_br_x,face_2_br_y
25434,13:17.000,27:22.115,3,611.0,587.0,785.0,826.0,1182.0,706.0,1342.0,931.0,1630.0,690.0,1797.0,894.0
25435,13:17.500,27:22.148,3,612.0,584.0,787.0,825.0,1184.0,701.0,1344.0,928.0,1632.0,689.0,1800.0,892.0
25436,13:18.000,27:22.182,3,614.0,583.0,789.0,825.0,1634.0,687.0,1803.0,891.0,1186.0,701.0,1346.0,927.0
25437,13:18.500,27:22.215,3,615.0,582.0,790.0,824.0,1636.0,683.0,1805.0,889.0,1187.0,700.0,1347.0,927.0
25438,13:19.000,27:22.248,3,616.0,582.0,791.0,824.0,1638.0,677.0,1806.0,888.0,1188.0,699.0,1348.0,926.0
25439,13:19.500,27:22.282,3,616.0,583.0,791.0,825.0,1188.0,698.0,1348.0,927.0,1639.0,677.0,1807.0,887.0
25440,13:20.000,27:22.315,3,616.0,581.0,791.0,822.0,1188.0,696.0,1347.0,926.0,1639.0,671.0,1806.0,884.0
25441,13:20.500,27:22.348,3,616.0,582.0,791.0,823.0,1189.0,695.0,1348.0,925.0,1639.0,671.0,1806.0,883.0
25442,13:21.000,27:22.382,3,1192.0,722.0,1350.0,953.0,1640.0,699.0,1809.0,908.0,619.0,617.0,794.0,854.0
25443,13:21.500,27:22.415,3,627.0,700.0,800.0,938.0,1646.0,777.0,1816.0,987.0,1197.0,804.0,1357.0,1033.0
25444,13:22.000,27:22.448,3,1205.0,878.0,1368.0,1122.0,639.0,792.0,810.0,1027.0,1660.0,856.0,1830.0,1070.0
25445,13:22.500,27:22.482,3,1675.0,885.0,1847.0,1104.0,653.0,826.0,825.0,1065.0,1220.0,919.0,1383.0,1159.0
25446,13:23.000,27:22.515,3,1234.0,890.0,1395.0,1130.0,670.0,802.0,841.0,1036.0,1689.0,869.0,1863.0,1077.0
25447,13:23.500,27:22.548,3,1244.0,831.0,1405.0,1066.0,683.0,740.0,853.0,973.0,1700.0,814.0,1870.0,1017.0
25448,13:24.000,27:22.582,3,692.0,652.0,858.0,888.0,1252.0,752.0,1411.0,982.0,1706.0,727.0,1877.0,936.0
25449,13:24.500,27:22.615,3,696.0,571.0,862.0,805.0,1713.0,640.0,1885.0,849.0,1255.0,665.0,1417.0,900.0
25450,13:25.000,27:22.648,3,688.0,545.0,857.0,780.0,1707.0,606.0,1881.0,817.0,1251.0,634.0,1413.0,870.0
25451,13:25.500,27:22.682,3,1691.0,643.0,1864.0,859.0,674.0,595.0,843.0,832.0,1237.0,680.0,1399.0,911.0
25452,13:26.000,27:22.715,3,656.0,667.0,826.0,902.0,1673.0,713.0,1843.0,922.0,1221.0,749.0,1382.0,978.0
25453,13:26.500,27:22.748,3,1208.0,788.0,1371.0,1021.0,1660.0,754.0,1829.0,963.0,643.0,706.0,815.0,941.0
25454,13:27.000,27:22.782,3,1652.0,735.0,1819.0,946.0,635.0,684.0,807.0,917.0,1202.0,769.0,1362.0,996.0
25455,13:27.500,27:22.815,3,628.0,610.0,801.0,843.0,1197.0,702.0,1357.0,928.0,1647.0,663.0,1815.0,878.0
25456,13:28.000,27:22.848,3,622.0,564.0,796.0,803.0,1194.0,655.0,1354.0,887.0,1645.0,628.0,1812.0,834.0
25457,13:28.500,27:22.882,3,615.0,607.0,791.0,845.0,1639.0,657.0,1806.0,870.0,1188.0,697.0,1347.0,926.0
25458,13:29.000,27:22.915,3,1637.0,713.0,1806.0,923.0,615.0,668.0,791.0,906.0,1187.0,752.0,1347.0,983.0
25459,13:29.500,27:22.948,3,624.0,695.0,797.0,930.0,1194.0,776.0,1355.0,1008.0,1645.0,739.0,1812.0,947.0
25460,13:30.000,27:22.982,3,639.0,666.0,809.0,901.0,1203.0,748.0,1364.0,977.0,1655.0,715.0,1825.0,922.0
25461,13:30.500,27:23.015,3,1211.0,703.0,1373.0,936.0,1666.0,666.0,1835.0,880.0,648.0,621.0,820.0,856.0
25462,13:31.000,27:23.048,3,1210.0,713.0,1372.0,945.0,645.0,632.0,818.0,866.0,1666.0,677.0,1834.0,888.0
25463,13:31.500,27:23.082,3,1205.0,750.0,1367.0,981.0,642.0,669.0,813.0,905.0,1660.0,716.0,1829.0,923.0
25464,13:32.000,27:23.115,3,1204.0,762.0,1365.0,996.0,641.0,687.0,811.0,918.0,1658.0,729.0,1827.0,941.0
25465,13:32.500,27:23.148,3,641.0,657.0,812.0,896.0,1205.0,744.0,1365.0,974.0,1658.0,709.0,1827.0,918.0
25466,13:33.000,27:23.182,3,1205.0,709.0,1366.0,941.0,642.0,627.0,812.0,860.0,1660.0,674.0,1828.0,886.0
25467,13:33.500,27:23.215,3,637.0,632.0,807.0,866.0,1201.0,716.0,1360.0,946.0,1655.0,679.0,1822.0,891.0
25468,13:34.000,27:23.248,3,630.0,658.0,801.0,895.0,1198.0,746.0,1358.0,973.0,1649.0,710.0,1817.0,917.0
25469,13:34.500,27:23.282,3,627.0,668.0,799.0,904.0,1195.0,755.0,1355.0,983.0,1646.0,720.0,1814.0,925.0
25470,13:35.000,27:23.315,3,628.0,643.0,800.0,883.0,1194.0,732.0,1354.0,959.0,1646.0,697.0,1815.0,904.0
25471,13:35.500,27:23.348,3,1196.0,708.0,1356.0,931.0,1648.0,665.0,1817.0,881.0,627.0,617.0,801.0,851.0
25472,13:36.000,27:23.382,3,1195.0,711.0,1356.0,934.0,1648.0,670.0,1815.0,885.0,625.0,620.0,799.0,856.0
25473,13:36.500,27:23.415,3,625.0,636.0,797.0,877.0,1193.0,728.0,1353.0,955.0,1645.0,693.0,1814.0,900.0
25474,13:37.000,27:23.448,3,626.0,646.0,798.0,885.0,1647.0,704.0,1815.0,910.0,1194.0,735.0,1354.0,961.0
25475,13:37.500,27:23.482,3,629.0,634.0,801.0,874.0,1196.0,729.0,1358.0,955.0,1648.0,694.0,1817.0,901.0
25476,13:38.000,27:23.515,3,1653.0,674.0,1820.0,887.0,1200.0,710.0,1360.0,937.0,631.0,619.0,805.0,856.0
25477,13:38.500,27:23.548,3,1203.0,701.0,1362.0,931.0,639.0,612.0,809.0,849.0,1658.0,666.0,1825.0,883.0
25478,13:39.000,27:23.582,3,1205.0,710.0,1366.0,942.0,641.0,628.0,811.0,860.0,1661.0,676.0,1829.0,887.0
25479,13:39.500,27:23.615,3,1206.0,731.0,1367.0,962.0,641.0,647.0,812.0,884.0,1660.0,696.0,1830.0,905.0
25480,13:40.000,27:23.648,3,642.0,659.0,813.0,897.0,1662.0,710.0,1832.0,919.0,1206.0,745.0,1368.0,975.0
25481,13:40.500,27:23.682,3,1207.0,753.0,1368.0,984.0,643.0,669.0,814.0,904.0,1663.0,717.0,1833.0,928.0
25482,13:41.000,27:23.715,3,1207.0,756.0,1369.0,988.0,644.0,671.0,815.0,906.0,1664.0,722.0,1833.0,933.0
25483,13:41.500,27:23.748,3,645.0,670.0,816.0,904.0,1207.0,756.0,1370.0,988.0,1665.0,724.0,1834.0,934.0
25484,13:42.000,27:23.782,3,643.0,663.0,815.0,900.0,1208.0,753.0,1369.0,984.0,1665.0,721.0,1833.0,931.0
25485,13:42.500,27:23.815,3,1206.0,749.0,1367.0,980.0,642.0,660.0,813.0,897.0,1663.0,717.0,1833.0,928.0
25486,13:43.000,27:23.848,3,639.0,655.0,810.0,893.0,1205.0,747.0,1365.0,975.0,1661.0,715.0,1830.0,923.0
25487,13:43.500,27:23.882,3,1203.0,731.0,1363.0,962.0,1659.0,701.0,1828.0,909.0,637.0,639.0,808.0,879.0
25488,13:44.000,27:23.915,3,1204.0,705.0,1364.0,935.0,1662.0,671.0,1830.0,885.0,638.0,616.0,809.0,850.0
25489,13:44.500,27:23.948,3,1207.0,668.0,1367.0,897.0,640.0,575.0,811.0,811.0,1663.0,634.0,1834.0,847.0
25490,13:45.000,27:23.982,3,1208.0,658.0,1369.0,892.0,642.0,571.0,813.0,805.0,1666.0,630.0,1834.0,841.0
25491,13:45.500,27:24.015,3,1202.0,704.0,1361.0,933.0,635.0,615.0,807.0,849.0,1659.0,669.0,1826.0,884.0
25492,13:46.000,27:24.048,3,1194.0,763.0,1355.0,990.0,627.0,667.0,799.0,904.0,1648.0,730.0,1815.0,937.0
25493,13:46.500,27:24.082,3,624.0,708.0,797.0,946.0,1645.0,772.0,1812.0,981.0,1192.0,804.0,1351.0,1032.0
25494,13:47.000,27:24.115,3,626.0,732.0,797.0,964.0,1192.0,832.0,1351.0,1054.0,1645.0,799.0,1811.0,1005.0
25495,13:47.500,27:24.148,3,630.0,731.0,802.0,964.0,1195.0,834.0,1354.0,1057.0,1647.0,803.0,1814.0,1010.0
25496,13:48.000,27:24.182,3,1200.0,811.0,1360.0,1038.0,1652.0,780.0,1820.0,992.0,639.0,708.0,809.0,944.0
25497,13:48.500,27:24.215,3,1203.0,756.0,1362.0,985.0,645.0,655.0,814.0,891.0,1657.0,733.0,1823.0,943.0
25498,13:49.000,27:24.248,3,647.0,582.0,819.0,817.0,1207.0,686.0,1367.0,910.0,1661.0,658.0,1829.0,868.0
25499,13:49.500,27:24.282,3,1210.0,627.0,1371.0,856.0,649.0,526.0,819.0,766.0,1665.0,602.0,1833.0,811.0
25500,13:50.000,27:24.315,3,1208.0,583.0,1370.0,816.0,645.0,489.0,817.0,726.0,1665.0,557.0,1834.0,769.0
25501,13:50.500,27:24.348,3,1204.0,567.0,1364.0,795.0,637.0,467.0,808.0,707.0,1661.0,536.0,1830.0,749.0
25502,13:51.000,27:24.382,3,627.0,475.0,799.0,714.0,1198.0,574.0,1358.0,803.0,1651.0,538.0,1820.0,754.0
25503,13:51.500,27:24.415,3,1191.0,599.0,1349.0,827.0,1643.0,570.0,1810.0,777.0,618.0,502.0,792.0,742.0
25504,13:52.000,27:24.448,3,613.0,539.0,786.0,780.0,1184.0,637.0,1343.0,866.0,1635.0,610.0,1802.0,817.0
25505,13:52.500,27:24.482,3,609.0,581.0,782.0,818.0,1630.0,648.0,1796.0,855.0,1180.0,681.0,1339.0,903.0
25506,13:53.000,27:24.515,3,607.0,617.0,782.0,856.0,1179.0,718.0,1337.0,943.0,1628.0,688.0,1794.0,891.0
25507,13:53.500,27:24.548,3,609.0,645.0,781.0,883.0,1628.0,715.0,1793.0,920.0,1178.0,747.0,1338.0,972.0
25508,13:54.000,27:24.582,3,611.0,664.0,783.0,901.0,1179.0,765.0,1339.0,990.0,1630.0,734.0,1795.0,942.0
25509,13:54.500,27:24.615,3,615.0,665.0,788.0,902.0,1184.0,768.0,1343.0,994.0,1634.0,736.0,1802.0,946.0
25510,13:55.000,27:24.648,3,624.0,646.0,796.0,883.0,1191.0,751.0,1349.0,979.0,1643.0,725.0,1809.0,932.0
25511,13:55.500,27:24.682,3,634.0,610.0,804.0,843.0,1198.0,717.0,1357.0,946.0,1650.0,697.0,1819.0,903.0
25512,13:56.000,27:24.715,3,640.0,570.0,809.0,801.0,1656.0,662.0,1823.0,872.0,1201.0,683.0,1361.0,908.0
25513,13:56.500,27:24.748,3,639.0,529.0,808.0,765.0,1201.0,647.0,1359.0,876.0,1656.0,634.0,1822.0,843.0
25514,13:57.000,27:24.782,3,1199.0,620.0,1358.0,850.0,1654.0,611.0,1820.0,821.0,633.0,499.0,805.0,738.0
25515,13:57.500,27:24.815,3,629.0,470.0,800.0,710.0,1197.0,593.0,1356.0,824.0,1652.0,583.0,1819.0,793.0
25516,13:58.000,27:24.848,3,1651.0,549.0,1820.0,764.0,624.0,437.0,797.0,679.0,1197.0,566.0,1356.0,794.0
25517,13:58.500,27:24.882,3,624.0,424.0,797.0,665.0,1652.0,540.0,1821.0,751.0,1196.0,550.0,1354.0,780.0
25518,13:59.000,27:24.915,3,1199.0,567.0,1358.0,797.0,1653.0,551.0,1821.0,765.0,624.0,440.0,798.0,682.0
25519,13:59.500,27:24.948,3,627.0,477.0,800.0,718.0,1197.0,600.0,1357.0,831.0,1654.0,587.0,1820.0,797.0
25520,14:00.000,27:24.982,3,629.0,526.0,800.0,765.0,1196.0,647.0,1357.0,874.0,1650.0,635.0,1818.0,841.0
25521,14:00.500,27:25.015,3,630.0,577.0,802.0,813.0,1195.0,696.0,1355.0,924.0,1649.0,675.0,1817.0,887.0
25522,14:01.000,27:25.048,3,1648.0,723.0,1817.0,929.0,1196.0,734.0,1355.0,963.0,631.0,621.0,802.0,858.0
25523,14:01.500,27:25.083,3,636.0,652.0,806.0,887.0,1198.0,767.0,1359.0,995.0,1651.0,750.0,1818.0,958.0
25524,14:02.000,27:25.117,3,641.0,671.0,810.0,903.0,1201.0,782.0,1362.0,1013.0,1656.0,767.0,1823.0,974.0
25525,14:02.500,27:25.150,3,645.0,672.0,815.0,904.0,1205.0,781.0,1364.0,1012.0,1660.0,767.0,1827.0,975.0
25526,14:03.000,27:25.183,3,1206.0,766.0,1369.0,999.0,650.0,656.0,818.0,891.0,1662.0,750.0,1831.0,962.0
25527,14:03.500,27:25.217,3,1666.0,727.0,1834.0,936.0,1209.0,740.0,1372.0,970.0,654.0,628.0,823.0,863.0
25528,14:04.000,27:25.250,3,1212.0,698.0,1373.0,926.0,656.0,580.0,826.0,814.0,1671.0,687.0,1837.0,892.0
25529,14:04.500,27:25.283,3,657.0,532.0,825.0,770.0,1215.0,651.0,1378.0,881.0,1673.0,637.0,1841.0,849.0
25530,14:05.000,27:25.317,3,659.0,506.0,828.0,744.0,1676.0,610.0,1845.0,824.0,1217.0,623.0,1380.0,856.0
25531,14:05.500,27:25.350,3,1677.0,607.0,1847.0,820.0,660.0,503.0,829.0,741.0,1221.0,621.0,1381.0,853.0
25532,14:06.000,27:25.383,3,660.0,514.0,829.0,751.0,1676.0,616.0,1847.0,828.0,1220.0,630.0,1381.0,862.0
25533,14:06.500,27:25.417,3,659.0,528.0,828.0,767.0,1219.0,644.0,1380.0,875.0,1676.0,633.0,1844.0,841.0
25534,14:07.000,27:25.450,3,658.0,551.0,828.0,788.0,1675.0,647.0,1843.0,860.0,1217.0,663.0,1377.0,893.0
25535,14:07.500,27:25.483,3,658.0,574.0,827.0,808.0,1674.0,662.0,1843.0,878.0,1217.0,685.0,1378.0,913.0
25536,14:08.000,27:25.517,3,657.0,594.0,826.0,832.0,1218.0,705.0,1378.0,935.0,1674.0,694.0,1843.0,899.0
25537,14:08.500,27:25.550,3,1216.0,720.0,1377.0,952.0,657.0,613.0,827.0,852.0,1675.0,707.0,1842.0,915.0
25538,14:09.000,27:25.583,3,1672.0,721.0,1840.0,928.0,655.0,630.0,825.0,866.0,1216.0,736.0,1376.0,965.0
25539,14:09.500,27:25.617,3,1671.0,723.0,1839.0,934.0,654.0,638.0,823.0,873.0,1213.0,742.0,1376.0,972.0
25540,14:10.000,27:25.650,3,1670.0,723.0,1837.0,933.0,651.0,637.0,822.0,873.0,1212.0,741.0,1375.0,971.0
25541,14:10.500,27:25.683,3,1211.0,732.0,1372.0,963.0,1669.0,718.0,1835.0,925.0,648.0,632.0,820.0,868.0
25542,14:11.000,27:25.717,3,1210.0,717.0,1371.0,950.0,1666.0,702.0,1835.0,910.0,646.0,622.0,817.0,856.0
25543,14:11.500,27:25.750,3,1208.0,699.0,1369.0,930.0,643.0,603.0,814.0,839.0,1665.0,679.0,1833.0,889.0
25544,14:12.000,27:25.783,3,1663.0,659.0,1832.0,871.0,1207.0,684.0,1367.0,910.0,639.0,583.0,809.0,821.0
25545,14:12.500,27:25.817,3,1206.0,664.0,1365.0,894.0,636.0,569.0,807.0,805.0,1662.0,645.0,1830.0,856.0
25546,14:13.000,27:25.850,3,1205.0,666.0,1364.0,895.0,635.0,569.0,806.0,805.0,1661.0,648.0,1828.0,857.0
25547,14:13.500,27:25.883,3,633.0,582.0,803.0,822.0,1204.0,688.0,1363.0,912.0,1659.0,664.0,1826.0,875.0
25548,14:14.000,27:25.917,3,629.0,607.0,800.0,842.0,1200.0,710.0,1360.0,936.0,1654.0,693.0,1821.0,898.0
25549,14:14.500,27:25.950,3,1650.0,720.0,1819.0,925.0,626.0,631.0,796.0,866.0,1197.0,733.0,1357.0,961.0
25550,14:15.000,27:25.983,3,624.0,648.0,796.0,889.0,1195.0,755.0,1355.0,986.0,1648.0,741.0,1815.0,949.0
25551,14:15.500,27:26.017,3,623.0,666.0,794.0,904.0,1194.0,776.0,1354.0,1002.0,1645.0,759.0,1814.0,965.0
25552,14:16.000,27:26.050,3,1646.0,770.0,1813.0,979.0,1193.0,786.0,1351.0,1014.0,622.0,679.0,794.0,917.0
25553,14:16.500,27:26.083,3,624.0,687.0,796.0,923.0,1646.0,775.0,1813.0,985.0,1194.0,791.0,1353.0,1018.0
25554,14:17.000,27:26.117,3,1648.0,776.0,1816.0,984.0,626.0,685.0,797.0,922.0,1195.0,790.0,1354.0,1016.0
25555,14:17.500,27:26.150,3,1651.0,768.0,1818.0,978.0,1198.0,785.0,1359.0,1013.0,628.0,677.0,801.0,915.0
25556,14:18.000,27:26.183,3,631.0,666.0,802.0,900.0,1201.0,772.0,1361.0,999.0,1654.0,754.0,1820.0,967.0
25557,14:18.500,27:26.217,3,634.0,644.0,803.0,883.0,1202.0,752.0,1362.0,982.0,1655.0,738.0,1820.0,948.0
25558,14:19.000,27:26.250,3,1656.0,721.0,1821.0,926.0,1203.0,729.0,1362.0,958.0,634.0,626.0,803.0,859.0
25559,14:19.500,27:26.283,3,634.0,597.0,803.0,833.0,1204.0,703.0,1363.0,932.0,1656.0,695.0,1822.0,900.0
25560,14:20.000,27:26.317,3,1205.0,693.0,1363.0,919.0,633.0,582.0,803.0,821.0,1658.0,677.0,1824.0,886.0
25561,14:20.500,27:26.350,3,632.0,595.0,799.0,833.0,1203.0,702.0,1362.0,931.0,1656.0,693.0,1822.0,898.0
25562,14:21.000,27:26.383,3,1654.0,708.0,1819.0,916.0,1200.0,722.0,1360.0,950.0,625.0,616.0,796.0,852.0
25563,14:21.500,27:26.417,3,622.0,633.0,793.0,869.0,1648.0,727.0,1816.0,934.0,1197.0,740.0,1355.0,966.0
25564,14:22.000,27:26.450,3,618.0,646.0,789.0,884.0,1645.0,741.0,1812.0,950.0,1193.0,757.0,1352.0,984.0
25565,14:22.500,27:26.483,3,615.0,657.0,787.0,895.0,1191.0,770.0,1351.0,994.0,1643.0,754.0,1810.0,960.0
25566,14:23.000,27:26.517,3,614.0,664.0,785.0,901.0,1642.0,757.0,1809.0,967.0,1189.0,775.0,1348.0,1001.0
25567,14:23.500,27:26.550,3,614.0,666.0,784.0,903.0,1641.0,759.0,1808.0,967.0,1188.0,777.0,1347.0,1003.0
25568,14:24.000,27:26.583,3,612.0,666.0,783.0,903.0,1639.0,757.0,1806.0,965.0,1186.0,775.0,1346.0,1002.0
25569,14:24.500,27:26.617,3,609.0,663.0,779.0,900.0,1182.0,772.0,1342.0,996.0,1633.0,754.0,1802.0,958.0
25570,14:25.000,27:26.650,3,602.0,655.0,773.0,894.0,1176.0,764.0,1335.0,988.0,1627.0,748.0,1793.0,950.0
25571,14:25.500,27:26.683,3,594.0,644.0,764.0,884.0,1620.0,731.0,1785.0,939.0,1170.0,753.0,1329.0,978.0
25572,14:26.000,27:26.717,3,1614.0,721.0,1779.0,923.0,586.0,634.0,759.0,872.0,1164.0,745.0,1323.0,962.0
25573,14:26.500,27:26.750,3,580.0,624.0,751.0,860.0,1157.0,729.0,1317.0,951.0,1611.0,712.0,1773.0,910.0
25574,14:27.000,27:26.783,3,575.0,610.0,748.0,849.0,1155.0,713.0,1315.0,938.0,1606.0,698.0,1768.0,897.0
25575,14:27.500,27:26.817,3,573.0,594.0,745.0,833.0,1152.0,701.0,1312.0,924.0,1605.0,677.0,1767.0,884.0
25576,14:28.000,27:26.850,3,574.0,586.0,746.0,827.0,1153.0,692.0,1313.0,918.0,1605.0,664.0,1771.0,876.0
25577,14:28.500,27:26.883,3,574.0,594.0,747.0,833.0,1154.0,701.0,1314.0,924.0,1607.0,674.0,1771.0,881.0
25578,14:29.000,27:26.917,3,575.0,613.0,748.0,852.0,1156.0,715.0,1316.0,941.0,1608.0,698.0,1770.0,897.0
25579,14:29.500,27:26.950,3,577.0,636.0,749.0,872.0,1608.0,720.0,1772.0,919.0,1157.0,740.0,1316.0,962.0
25580,14:30.000,27:26.983,3,579.0,653.0,751.0,890.0,1158.0,760.0,1318.0,983.0,1610.0,734.0,1774.0,940.0
25581,14:30.500,27:27.017,3,581.0,669.0,754.0,905.0,1159.0,772.0,1319.0,996.0,1612.0,749.0,1774.0,953.0
25582,14:31.000,27:27.050,3,582.0,674.0,754.0,913.0,1160.0,778.0,1320.0,1004.0,1611.0,750.0,1775.0,960.0
25583,14:31.500,27:27.083,3,584.0,672.0,756.0,909.0,1161.0,776.0,1320.0,1001.0,1612.0,752.0,1775.0,959.0
25584,14:32.000,27:27.117,3,585.0,665.0,757.0,901.0,1161.0,770.0,1320.0,993.0,1613.0,749.0,1775.0,952.0
25585,14:32.500,27:27.150,3,586.0,648.0,757.0,886.0,1161.0,761.0,1319.0,980.0,1611.0,733.0,1775.0,940.0
25586,14:33.000,27:27.183,3,582.0,637.0,754.0,875.0,1607.0,722.0,1772.0,927.0,1157.0,748.0,1317.0,969.0
25587,14:33.500,27:27.217,3,570.0,638.0,743.0,877.0,1147.0,749.0,1306.0,969.0,1596.0,725.0,1759.0,927.0
25588,14:34.000,27:27.250,3,553.0,653.0,730.0,894.0,1135.0,763.0,1294.0,985.0,1583.0,735.0,1746.0,939.0
25589,14:34.500,27:27.283,3,539.0,667.0,714.0,908.0,1123.0,772.0,1281.0,995.0,1569.0,748.0,1731.0,949.0
25590,14:35.000,27:27.317,3,527.0,664.0,705.0,908.0,1112.0,770.0,1272.0,995.0,1560.0,747.0,1722.0,948.0
25591,14:35.500,27:27.350,3,522.0,653.0,700.0,895.0,1110.0,757.0,1267.0,984.0,1556.0,731.0,1716.0,936.0
25592,14:36.000,27:27.383,3,522.0,636.0,701.0,880.0,1557.0,718.0,1718.0,921.0,1110.0,745.0,1269.0,966.0
25593,14:36.500,27:27.417,3,524.0,632.0,702.0,874.0,1559.0,709.0,1720.0,913.0,1112.0,737.0,1271.0,959.0
25594,14:37.000,27:27.450,3,527.0,631.0,705.0,873.0,1562.0,709.0,1722.0,911.0,1114.0,733.0,1273.0,958.0
25595,14:37.500,27:27.483,3,529.0,633.0,707.0,876.0,1565.0,712.0,1724.0,913.0,1116.0,737.0,1274.0,959.0
25596,14:38.000,27:27.517,3,532.0,635.0,709.0,879.0,1565.0,716.0,1726.0,918.0,1117.0,741.0,1275.0,962.0
25597,14:38.500,27:27.550,3,533.0,637.0,710.0,882.0,1567.0,721.0,1728.0,922.0,1117.0,745.0,1276.0,966.0
25598,14:39.000,27:27.583,3,534.0,642.0,712.0,887.0,1568.0,726.0,1729.0,926.0,1119.0,750.0,1278.0,973.0
25599,14:39.500,27:27.617,3,537.0,648.0,714.0,894.0,1120.0,752.0,1280.0,978.0,1571.0,730.0,1731.0,931.0
25600,14:40.000,27:27.650,3,539.0,655.0,716.0,898.0,1122.0,758.0,1281.0,983.0,1573.0,732.0,1734.0,936.0
25601,14:40.500,27:27.683,3,542.0,662.0,718.0,904.0,1124.0,763.0,1282.0,985.0,1575.0,737.0,1738.0,940.0
25602,14:41.000,27:27.717,3,544.0,664.0,719.0,908.0,1125.0,764.0,1283.0,987.0,1576.0,739.0,1739.0,942.0
25603,14:41.500,27:27.750,3,544.0,666.0,720.0,910.0,1125.0,767.0,1283.0,988.0,1577.0,744.0,1739.0,944.0
25604,14:42.000,27:27.783,3,544.0,667.0,720.0,911.0,1124.0,766.0,1282.0,989.0,1576.0,744.0,1739.0,945.0
25605,14:42.500,27:27.817,3,543.0,667.0,719.0,911.0,1124.0,766.0,1282.0,989.0,1576.0,746.0,1738.0,946.0
25606,14:43.000,27:27.850,3,543.0,668.0,719.0,912.0,1124.0,767.0,1281.0,990.0,1576.0,748.0,1739.0,947.0
25607,14:43.500,27:27.883,3,545.0,663.0,720.0,906.0,1125.0,765.0,1283.0,986.0,1579.0,743.0,1741.0,944.0
25608,14:44.000,27:27.917,3,548.0,665.0,723.0,908.0,1128.0,767.0,1285.0,989.0,1583.0,745.0,1746.0,946.0
25609,14:44.500,27:27.950,3,551.0,661.0,726.0,904.0,1131.0,766.0,1289.0,987.0,1587.0,742.0,1749.0,945.0
25610,14:45.000,27:27.983,3,554.0,661.0,730.0,903.0,1135.0,767.0,1293.0,988.0,1591.0,742.0,1754.0,947.0
25611,14:45.500,27:28.017,3,560.0,661.0,733.0,901.0,1140.0,766.0,1297.0,986.0,1596.0,739.0,1759.0,945.0
25612,14:46.000,27:28.050,3,565.0,660.0,738.0,900.0,1143.0,760.0,1302.0,986.0,1601.0,739.0,1764.0,945.0
25613,14:46.500,27:28.083,3,569.0,655.0,742.0,896.0,1147.0,760.0,1306.0,983.0,1606.0,735.0,1772.0,943.0
25614,14:47.000,27:28.117,3,572.0,653.0,745.0,892.0,1148.0,757.0,1309.0,979.0,1610.0,730.0,1774.0,939.0
25615,14:47.500,27:28.150,3,574.0,651.0,746.0,889.0,1150.0,754.0,1310.0,977.0,1611.0,726.0,1776.0,935.0
25616,14:48.000,27:28.183,3,575.0,649.0,748.0,888.0,1153.0,755.0,1313.0,977.0,1613.0,726.0,1778.0,933.0
25617,14:48.500,27:28.217,3,576.0,647.0,749.0,887.0,1153.0,753.0,1313.0,976.0,1614.0,724.0,1780.0,932.0
25618,14:49.000,27:28.250,3,577.0,650.0,749.0,887.0,1154.0,756.0,1314.0,977.0,1616.0,726.0,1781.0,932.0
25619,14:49.500,27:28.283,3,577.0,643.0,750.0,884.0,1617.0,722.0,1781.0,927.0,1153.0,752.0,1314.0,972.0
25620,14:50.000,27:28.317,3,577.0,643.0,750.0,883.0,1153.0,752.0,1314.0,972.0,1616.0,721.0,1781.0,927.0
25621,14:50.500,27:28.350,3,577.0,641.0,750.0,879.0,1153.0,752.0,1313.0,971.0,1617.0,722.0,1782.0,927.0
25622,14:51.000,27:28.383,3,1619.0,723.0,1784.0,927.0,580.0,640.0,754.0,879.0,1156.0,752.0,1315.0,972.0
25623,14:51.500,27:28.417,3,1625.0,726.0,1789.0,929.0,586.0,638.0,760.0,879.0,1162.0,753.0,1320.0,973.0
25624,14:52.000,27:28.450,3,590.0,639.0,764.0,878.0,1629.0,729.0,1794.0,931.0,1165.0,756.0,1324.0,972.0
25625,14:52.500,27:28.483,3,591.0,639.0,766.0,877.0,1630.0,729.0,1795.0,931.0,1168.0,755.0,1326.0,973.0
25626,14:53.000,27:28.517,3,591.0,638.0,766.0,876.0,1629.0,728.0,1794.0,930.0,1167.0,754.0,1326.0,972.0
25627,14:53.500,27:28.550,3,589.0,637.0,765.0,876.0,1628.0,728.0,1792.0,929.0,1166.0,751.0,1325.0,971.0
25628,14:54.000,27:28.583,3,1625.0,726.0,1790.0,927.0,587.0,634.0,763.0,876.0,1164.0,750.0,1325.0,971.0
25629,14:54.500,27:28.617,3,1625.0,725.0,1789.0,925.0,587.0,634.0,763.0,874.0,1165.0,748.0,1326.0,970.0
25630,14:55.000,27:28.650,3,1625.0,722.0,1790.0,924.0,588.0,634.0,764.0,873.0,1166.0,746.0,1326.0,968.0
25631,14:55.500,27:28.675,3,1625.0,722.0,1790.0,924.0,588.0,634.0,764.0,873.0,1166.0,746.0,1326.0,968.0
25632,14:56.000,27:28.692,3,590.0,635.0,766.0,871.0,1626.0,722.0,1791.0,922.0,1168.0,746.0,1328.0,967.0
25633,14:56.500,27:28.717,3,590.0,635.0,766.0,871.0,1627.0,721.0,1791.0,921.0,1170.0,747.0,1329.0,966.0
25634,14:57.000,27:28.750,3,591.0,635.0,767.0,871.0,1627.0,721.0,1792.0,920.0,1171.0,747.0,1329.0,965.0
25635,14:57.500,27:28.783,3,593.0,634.0,768.0,870.0,1629.0,720.0,1794.0,918.0,1173.0,745.0,1331.0,963.0
25636,14:58.000,27:28.817,3,594.0,627.0,769.0,866.0,1632.0,714.0,1797.0,914.0,1174.0,740.0,1332.0,958.0
25637,14:58.500,27:28.850,3,595.0,627.0,770.0,866.0,1632.0,713.0,1798.0,914.0,1175.0,740.0,1333.0,958.0
25638,14:59.000,27:28.883,3,1633.0,713.0,1798.0,913.0,595.0,624.0,770.0,865.0,1176.0,737.0,1333.0,958.0
25639,14:59.500,27:28.917,3,1633.0,713.0,1799.0,911.0,596.0,622.0,771.0,863.0,1176.0,735.0,1334.0,956.0
25640,15:00.000,27:28.950,3,1633.0,713.0,1799.0,911.0,597.0,621.0,771.0,862.0,1176.0,736.0,1334.0,956.0
25641,15:00.500,27:28.983,3,1634.0,712.0,1800.0,911.0,597.0,622.0,772.0,862.0,1176.0,736.0,1334.0,956.0
25642,15:01.000,27:29.017,3,1634.0,713.0,1800.0,912.0,598.0,623.0,772.0,863.0,1177.0,736.0,1334.0,956.0
25643,15:01.500,27:29.050,3,1634.0,712.0,1801.0,910.0,1177.0,734.0,1335.0,956.0,599.0,623.0,772.0,862.0
25644,15:02.000,27:29.083,3,1635.0,711.0,1803.0,910.0,1178.0,734.0,1337.0,955.0,600.0,622.0,773.0,862.0
25645,15:02.500,27:29.117,3,1640.0,709.0,1806.0,909.0,1181.0,735.0,1339.0,956.0,603.0,624.0,777.0,864.0
25646,15:03.000,27:29.150,3,607.0,627.0,780.0,866.0,1184.0,734.0,1343.0,955.0,1644.0,709.0,1810.0,909.0
25647,15:03.500,27:29.183,3,611.0,632.0,785.0,871.0,1647.0,709.0,1814.0,908.0,1188.0,733.0,1346.0,956.0
25648,15:04.000,27:29.217,3,615.0,634.0,787.0,875.0,1653.0,709.0,1818.0,909.0,1192.0,736.0,1350.0,957.0
25649,15:04.500,27:29.252,3,620.0,640.0,793.0,878.0,1658.0,715.0,1825.0,913.0,1198.0,741.0,1356.0,962.0
25650,15:05.000,27:29.285,3,634.0,650.0,804.0,886.0,1667.0,723.0,1835.0,926.0,1208.0,752.0,1367.0,975.0
25651,15:05.500,27:29.318,3,652.0,657.0,821.0,894.0,1223.0,757.0,1384.0,985.0,1685.0,736.0,1853.0,940.0
25652,15:06.000,27:29.352,3,672.0,659.0,840.0,894.0,1702.0,740.0,1873.0,948.0,1241.0,764.0,1401.0,988.0
25653,15:06.500,27:29.385,3,687.0,656.0,853.0,888.0,1718.0,742.0,1888.0,949.0,1253.0,760.0,1415.0,986.0
25654,15:07.000,27:29.418,3,695.0,647.0,860.0,882.0,1261.0,756.0,1420.0,981.0,1724.0,739.0,1897.0,943.0
25655,15:07.500,27:29.452,3,1723.0,724.0,1895.0,931.0,692.0,637.0,859.0,874.0,1260.0,746.0,1419.0,970.0
25656,15:08.000,27:29.485,3,1714.0,720.0,1885.0,925.0,682.0,637.0,850.0,871.0,1250.0,742.0,1410.0,964.0
25657,15:08.500,27:29.518,3,1701.0,715.0,1872.0,921.0,672.0,639.0,839.0,874.0,1242.0,744.0,1401.0,963.0
25658,15:09.000,27:29.552,3,1690.0,719.0,1859.0,920.0,658.0,641.0,827.0,876.0,1231.0,743.0,1390.0,965.0
25659,15:09.500,27:29.585,3,1679.0,720.0,1847.0,921.0,650.0,643.0,820.0,877.0,1223.0,745.0,1384.0,967.0
25660,15:10.000,27:29.618,3,1674.0,719.0,1842.0,919.0,645.0,643.0,817.0,878.0,1219.0,745.0,1378.0,965.0
25661,15:10.500,27:29.652,3,1670.0,716.0,1839.0,916.0,643.0,642.0,811.0,877.0,1215.0,743.0,1375.0,963.0
25662,15:11.000,27:29.685,3,1667.0,713.0,1837.0,913.0,640.0,637.0,808.0,874.0,1212.0,739.0,1372.0,960.0
25663,15:11.500,27:29.718,3,1666.0,709.0,1835.0,909.0,638.0,635.0,807.0,870.0,1211.0,736.0,1369.0,956.0
25664,15:12.000,27:29.752,3,1666.0,702.0,1835.0,904.0,1211.0,730.0,1369.0,950.0,638.0,631.0,807.0,863.0
25665,15:12.500,27:29.785,3,1211.0,721.0,1370.0,943.0,1667.0,695.0,1835.0,896.0,639.0,622.0,808.0,856.0
25666,15:13.000,27:29.818,3,1211.0,715.0,1370.0,934.0,1667.0,689.0,1834.0,889.0,638.0,616.0,808.0,850.0
25667,15:13.500,27:29.852,3,1208.0,710.0,1365.0,930.0,634.0,610.0,805.0,844.0,1664.0,680.0,1832.0,883.0
25668,15:14.000,27:29.885,3,1204.0,705.0,1361.0,927.0,628.0,606.0,799.0,840.0,1661.0,673.0,1828.0,880.0
25669,15:14.500,27:29.918,3,1200.0,704.0,1358.0,923.0,624.0,603.0,794.0,839.0,1656.0,670.0,1822.0,876.0
25670,15:15.000,27:29.952,3,620.0,602.0,792.0,838.0,1197.0,702.0,1355.0,922.0,1653.0,669.0,1819.0,875.0
25671,15:15.500,27:29.985,3,619.0,601.0,791.0,837.0,1196.0,701.0,1355.0,923.0,1652.0,668.0,1818.0,875.0
25672,15:16.000,27:30.018,3,622.0,601.0,792.0,839.0,1198.0,702.0,1356.0,924.0,1654.0,668.0,1820.0,876.0
25673,15:16.500,27:30.052,3,1200.0,705.0,1358.0,926.0,624.0,604.0,794.0,840.0,1657.0,673.0,1823.0,879.0
25674,15:17.000,27:30.085,3,1202.0,708.0,1359.0,929.0,627.0,610.0,797.0,843.0,1659.0,676.0,1826.0,881.0
25675,15:17.500,27:30.118,3,1203.0,712.0,1360.0,931.0,628.0,613.0,798.0,846.0,1660.0,678.0,1827.0,883.0
25676,15:18.000,27:30.152,3,1202.0,712.0,1359.0,931.0,627.0,614.0,797.0,847.0,1659.0,678.0,1827.0,883.0
25677,15:18.500,27:30.185,3,1201.0,710.0,1358.0,930.0,625.0,612.0,795.0,846.0,1658.0,675.0,1825.0,881.0
25678,15:19.000,27:30.218,3,1199.0,710.0,1358.0,929.0,622.0,610.0,794.0,846.0,1657.0,675.0,1823.0,879.0
25679,15:19.500,27:30.252,3,1198.0,709.0,1357.0,929.0,621.0,611.0,794.0,846.0,1656.0,674.0,1822.0,879.0
25680,15:20.000,27:30.285,3,1199.0,709.0,1358.0,929.0,622.0,611.0,794.0,846.0,1657.0,675.0,1823.0,880.0
25681,15:20.500,27:30.318,3,1201.0,711.0,1358.0,930.0,625.0,613.0,795.0,847.0,1658.0,676.0,1825.0,881.0
25682,15:21.000,27:30.352,3,1202.0,711.0,1359.0,931.0,626.0,615.0,797.0,847.0,1659.0,676.0,1826.0,882.0
25683,15:21.500,27:30.385,3,1202.0,712.0,1359.0,931.0,626.0,616.0,797.0,848.0,1658.0,677.0,1826.0,882.0
25684,15:22.000,27:30.418,3,1201.0,712.0,1359.0,931.0,625.0,617.0,796.0,848.0,1658.0,677.0,1825.0,882.0
25685,15:22.500,27:30.452,3,1200.0,713.0,1358.0,932.0,624.0,617.0,796.0,849.0,1657.0,677.0,1824.0,882.0
25686,15:23.000,27:30.485,3,1199.0,714.0,1358.0,932.0,624.0,618.0,795.0,850.0,1657.0,677.0,1824.0,882.0
25687,15:23.500,27:30.518,3,1200.0,715.0,1358.0,932.0,1658.0,678.0,1825.0,883.0,624.0,619.0,796.0,850.0
25688,15:24.000,27:30.552,3,1201.0,714.0,1358.0,932.0,625.0,619.0,796.0,850.0,1658.0,678.0,1825.0,883.0
25689,15:24.500,27:30.585,3,1201.0,712.0,1358.0,931.0,625.0,618.0,796.0,850.0,1658.0,677.0,1825.0,881.0
25690,15:25.000,27:30.618,3,1201.0,711.0,1358.0,930.0,625.0,616.0,796.0,849.0,1658.0,676.0,1825.0,880.0
25691,15:25.500,27:30.652,3,1199.0,710.0,1358.0,930.0,623.0,614.0,795.0,848.0,1657.0,674.0,1824.0,879.0
25692,15:26.000,27:30.685,3,1198.0,709.0,1357.0,929.0,621.0,614.0,793.0,847.0,1656.0,672.0,1822.0,878.0
25693,15:26.500,27:30.718,3,1197.0,709.0,1357.0,928.0,620.0,613.0,793.0,847.0,1655.0,672.0,1821.0,877.0
25694,15:27.000,27:30.752,3,1197.0,708.0,1357.0,927.0,620.0,611.0,793.0,846.0,1655.0,671.0,1821.0,877.0
25695,15:27.500,27:30.785,3,1197.0,707.0,1357.0,926.0,620.0,610.0,793.0,845.0,1655.0,671.0,1821.0,876.0
25696,15:28.000,27:30.818,3,1198.0,706.0,1357.0,926.0,621.0,611.0,794.0,845.0,1656.0,670.0,1822.0,875.0
25697,15:28.500,27:30.852,3,1199.0,706.0,1358.0,926.0,622.0,610.0,794.0,844.0,1656.0,670.0,1823.0,874.0
25698,15:29.000,27:30.885,3,1200.0,706.0,1358.0,926.0,623.0,609.0,794.0,844.0,1657.0,670.0,1823.0,874.0
25699,15:29.500,27:30.918,3,1200.0,705.0,1358.0,926.0,624.0,608.0,795.0,843.0,1658.0,668.0,1824.0,873.0
25700,15:30.000,27:30.952,3,1201.0,704.0,1358.0,925.0,624.0,606.0,794.0,841.0,1657.0,666.0,1824.0,871.0
25701,15:30.500,27:30.985,3,1201.0,703.0,1358.0,925.0,624.0,607.0,794.0,841.0,1658.0,666.0,1824.0,871.0
25702,15:31.000,27:31.018,3,623.0,606.0,794.0,840.0,1200.0,704.0,1358.0,924.0,1657.0,668.0,1823.0,871.0
25703,15:31.500,27:31.052,3,624.0,603.0,794.0,838.0,1201.0,701.0,1358.0,920.0,1658.0,665.0,1824.0,868.0
25704,15:32.000,27:31.085,3,1201.0,704.0,1359.0,925.0,625.0,608.0,795.0,841.0,1659.0,669.0,1825.0,872.0
25705,15:32.500,27:31.118,3,1203.0,711.0,1359.0,930.0,626.0,616.0,797.0,848.0,1660.0,678.0,1827.0,880.0
25706,15:33.000,27:31.152,3,1203.0,716.0,1361.0,936.0,1661.0,685.0,1828.0,886.0,628.0,624.0,800.0,855.0
25707,15:33.500,27:31.185,3,1204.0,724.0,1362.0,947.0,1662.0,697.0,1830.0,894.0,631.0,631.0,801.0,864.0
25708,15:34.000,27:31.218,3,1205.0,729.0,1364.0,949.0,632.0,633.0,803.0,866.0,1664.0,700.0,1831.0,897.0
25709,15:34.500,27:31.252,3,1207.0,727.0,1364.0,949.0,633.0,632.0,804.0,865.0,1664.0,699.0,1832.0,897.0
25710,15:35.000,27:31.285,3,1207.0,721.0,1364.0,943.0,1665.0,692.0,1832.0,893.0,633.0,627.0,804.0,859.0
25711,15:35.500,27:31.318,3,1207.0,715.0,1365.0,935.0,1665.0,686.0,1832.0,887.0,634.0,619.0,805.0,853.0
25712,15:36.000,27:31.352,3,1207.0,713.0,1365.0,933.0,1665.0,683.0,1832.0,885.0,634.0,619.0,805.0,852.0
25713,15:36.500,27:31.385,3,1206.0,714.0,1364.0,935.0,1664.0,684.0,1831.0,886.0,633.0,619.0,804.0,854.0
25714,15:37.000,27:31.418,3,1205.0,714.0,1362.0,932.0,1663.0,680.0,1831.0,884.0,631.0,619.0,802.0,852.0
25715,15:37.500,27:31.452,3,1201.0,715.0,1359.0,933.0,1659.0,679.0,1826.0,884.0,626.0,619.0,798.0,852.0
25716,15:38.000,27:31.485,3,1197.0,719.0,1357.0,937.0,1655.0,685.0,1821.0,887.0,621.0,623.0,794.0,855.0
25717,15:38.500,27:31.518,3,621.0,629.0,793.0,862.0,1196.0,725.0,1355.0,943.0,1654.0,695.0,1819.0,893.0
25718,15:39.000,27:31.552,3,620.0,631.0,793.0,866.0,1196.0,730.0,1354.0,947.0,1653.0,700.0,1818.0,896.0
25719,15:39.500,27:31.585,3,621.0,631.0,795.0,866.0,1197.0,731.0,1355.0,948.0,1655.0,701.0,1820.0,898.0
25720,15:40.000,27:31.618,3,1197.0,725.0,1356.0,942.0,623.0,628.0,795.0,860.0,1655.0,696.0,1820.0,893.0
25721,15:40.500,27:31.652,3,1195.0,717.0,1354.0,932.0,619.0,616.0,792.0,848.0,1652.0,678.0,1818.0,884.0
25722,15:41.000,27:31.685,3,613.0,601.0,785.0,838.0,1644.0,660.0,1810.0,870.0,1187.0,702.0,1347.0,918.0
25723,15:41.500,27:31.718,3,599.0,590.0,772.0,828.0,1633.0,657.0,1798.0,860.0,1178.0,691.0,1336.0,908.0
25724,15:42.000,27:31.752,3,1617.0,649.0,1781.0,855.0,585.0,587.0,759.0,825.0,1164.0,685.0,1324.0,906.0
25725,15:42.500,27:31.785,3,573.0,587.0,747.0,827.0,1605.0,650.0,1770.0,854.0,1152.0,686.0,1311.0,906.0
25726,15:43.000,27:31.818,3,560.0,592.0,735.0,831.0,1597.0,651.0,1758.0,857.0,1144.0,687.0,1302.0,908.0
25727,15:43.500,27:31.852,3,553.0,592.0,728.0,833.0,1586.0,650.0,1749.0,859.0,1137.0,689.0,1295.0,908.0
25728,15:44.000,27:31.885,3,546.0,591.0,722.0,833.0,1581.0,651.0,1744.0,860.0,1131.0,690.0,1290.0,911.0
25729,15:44.500,27:31.918,3,543.0,593.0,720.0,835.0,1578.0,656.0,1741.0,864.0,1128.0,693.0,1287.0,915.0
25730,15:45.000,27:31.952,3,542.0,597.0,717.0,838.0,1126.0,699.0,1285.0,918.0,1577.0,664.0,1738.0,868.0
25731,15:45.500,27:31.985,3,542.0,598.0,718.0,839.0,1125.0,700.0,1284.0,921.0,1577.0,668.0,1738.0,872.0
25732,15:46.000,27:32.018,3,543.0,594.0,719.0,835.0,1126.0,699.0,1285.0,919.0,1578.0,667.0,1739.0,871.0
25733,15:46.500,27:32.052,3,543.0,590.0,719.0,831.0,1579.0,662.0,1740.0,868.0,1128.0,695.0,1286.0,916.0
25734,15:47.000,27:32.085,3,542.0,590.0,718.0,830.0,1578.0,659.0,1739.0,867.0,1127.0,695.0,1285.0,916.0
25735,15:47.500,27:32.118,3,540.0,594.0,716.0,833.0,1577.0,662.0,1738.0,868.0,1124.0,697.0,1283.0,917.0
25736,15:48.000,27:32.152,3,537.0,595.0,713.0,835.0,1122.0,699.0,1280.0,920.0,1573.0,670.0,1734.0,871.0
25737,15:48.500,27:32.185,3,536.0,597.0,713.0,836.0,1121.0,699.0,1279.0,921.0,1573.0,671.0,1733.0,873.0
25738,15:49.000,27:32.218,3,538.0,598.0,715.0,837.0,1122.0,700.0,1280.0,922.0,1574.0,671.0,1735.0,874.0
25739,15:49.500,27:32.252,3,542.0,597.0,719.0,838.0,1126.0,701.0,1284.0,922.0,1578.0,669.0,1739.0,874.0
25740,15:50.000,27:32.285,3,547.0,596.0,723.0,837.0,1130.0,699.0,1289.0,920.0,1582.0,665.0,1743.0,874.0
25741,15:50.500,27:32.318,3,551.0,594.0,726.0,835.0,1585.0,658.0,1747.0,871.0,1134.0,697.0,1292.0,919.0
25742,15:51.000,27:32.352,3,553.0,594.0,727.0,834.0,1586.0,657.0,1748.0,869.0,1135.0,695.0,1293.0,918.0
25743,15:51.500,27:32.385,3,551.0,593.0,726.0,833.0,1586.0,656.0,1747.0,867.0,1135.0,693.0,1292.0,916.0
25744,15:52.000,27:32.418,3,548.0,588.0,723.0,830.0,1583.0,655.0,1745.0,863.0,1131.0,692.0,1289.0,913.0
25745,15:52.500,27:32.452,3,543.0,586.0,718.0,828.0,1581.0,653.0,1742.0,861.0,1128.0,690.0,1287.0,910.0
25746,15:53.000,27:32.485,3,540.0,586.0,716.0,829.0,1578.0,653.0,1740.0,860.0,1126.0,691.0,1285.0,910.0
25747,15:53.500,27:32.518,3,539.0,589.0,715.0,830.0,1577.0,653.0,1740.0,860.0,1126.0,691.0,1284.0,910.0
25748,15:54.000,27:32.552,3,539.0,587.0,715.0,830.0,1578.0,652.0,1740.0,857.0,1126.0,690.0,1285.0,908.0
25749,15:54.500,27:32.585,3,539.0,584.0,716.0,825.0,1579.0,646.0,1742.0,854.0,1126.0,683.0,1285.0,905.0
25750,15:55.000,27:32.618,3,540.0,580.0,716.0,821.0,1128.0,677.0,1286.0,900.0,1582.0,642.0,1743.0,849.0
25751,15:55.500,27:32.652,3,541.0,578.0,717.0,817.0,1128.0,673.0,1287.0,895.0,1582.0,634.0,1745.0,844.0
25752,15:56.000,27:32.685,3,542.0,575.0,717.0,813.0,1130.0,666.0,1287.0,889.0,1583.0,631.0,1746.0,836.0
25753,15:56.500,27:32.718,3,542.0,570.0,718.0,810.0,1130.0,661.0,1288.0,885.0,1583.0,628.0,1747.0,831.0
25754,15:57.000,27:32.752,3,543.0,565.0,718.0,807.0,1130.0,656.0,1289.0,883.0,1583.0,626.0,1747.0,829.0
25755,15:57.500,27:32.785,3,543.0,561.0,720.0,804.0,1130.0,653.0,1290.0,880.0,1584.0,625.0,1748.0,828.0
25756,15:58.000,27:32.818,3,544.0,557.0,722.0,802.0,1131.0,651.0,1291.0,878.0,1585.0,622.0,1749.0,826.0
25757,15:58.500,27:32.852,3,545.0,553.0,723.0,799.0,1133.0,649.0,1292.0,876.0,1587.0,617.0,1751.0,825.0
25758,15:59.000,27:32.885,3,547.0,550.0,724.0,795.0,1134.0,647.0,1293.0,874.0,1588.0,612.0,1752.0,824.0
25759,15:59.500,27:32.918,3,547.0,549.0,725.0,794.0,1134.0,644.0,1294.0,873.0,1589.0,612.0,1752.0,822.0
25760,16:00.000,27:32.952,3,548.0,548.0,725.0,792.0,1135.0,642.0,1294.0,869.0,1590.0,610.0,1753.0,820.0
25761,16:00.500,27:32.985,3,548.0,547.0,726.0,791.0,1135.0,641.0,1294.0,868.0,1590.0,608.0,1753.0,819.0
25762,16:01.000,27:33.018,3,549.0,545.0,727.0,789.0,1136.0,639.0,1295.0,866.0,1590.0,608.0,1753.0,816.0
25763,16:01.500,27:33.052,3,549.0,543.0,727.0,788.0,1136.0,637.0,1295.0,866.0,1591.0,608.0,1753.0,815.0
25764,16:02.000,27:33.085,3,551.0,538.0,727.0,783.0,1137.0,634.0,1296.0,864.0,1593.0,606.0,1755.0,811.0
25765,16:02.500,27:33.118,3,553.0,538.0,729.0,783.0,1139.0,634.0,1297.0,864.0,1595.0,607.0,1757.0,811.0
25766,16:03.000,27:33.152,3,554.0,539.0,731.0,783.0,1140.0,636.0,1298.0,865.0,1596.0,610.0,1759.0,811.0
25767,16:03.500,27:33.185,3,556.0,538.0,733.0,782.0,1142.0,635.0,1299.0,865.0,1598.0,610.0,1761.0,811.0
25768,16:04.000,27:33.218,3,556.0,537.0,733.0,780.0,1142.0,634.0,1300.0,864.0,1599.0,609.0,1762.0,810.0
25769,16:04.500,27:33.252,3,557.0,536.0,733.0,779.0,1143.0,633.0,1301.0,861.0,1600.0,605.0,1763.0,808.0
25770,16:05.000,27:33.285,3,557.0,536.0,734.0,779.0,1143.0,632.0,1301.0,861.0,1601.0,604.0,1763.0,808.0
25771,16:05.500,27:33.318,3,557.0,537.0,733.0,780.0,1143.0,632.0,1301.0,861.0,1601.0,604.0,1763.0,807.0
25772,16:06.000,27:33.352,3,556.0,540.0,733.0,782.0,1143.0,633.0,1301.0,862.0,1600.0,607.0,1763.0,808.0
25773,16:06.500,27:33.385,3,555.0,540.0,732.0,784.0,1142.0,634.0,1301.0,863.0,1600.0,608.0,1762.0,809.0
25774,16:07.000,27:33.420,3,554.0,540.0,732.0,784.0,1142.0,634.0,1300.0,864.0,1599.0,608.0,1762.0,809.0
25775,16:07.500,27:33.453,3,554.0,540.0,732.0,783.0,1142.0,634.0,1300.0,864.0,1599.0,608.0,1762.0,809.0
25776,16:08.000,27:33.487,3,554.0,539.0,731.0,782.0,1141.0,634.0,1299.0,864.0,1599.0,608.0,1761.0,809.0
25777,16:08.500,27:33.520,3,553.0,538.0,731.0,781.0,1141.0,634.0,1299.0,865.0,1598.0,608.0,1761.0,810.0
25778,16:09.000,27:33.553,3,552.0,538.0,729.0,782.0,1140.0,635.0,1298.0,865.0,1598.0,610.0,1761.0,810.0
25779,16:09.500,27:33.587,3,551.0,538.0,729.0,782.0,1140.0,633.0,1298.0,863.0,1598.0,608.0,1761.0,810.0
25780,16:10.000,27:33.620,3,551.0,538.0,730.0,782.0,1140.0,632.0,1299.0,861.0,1599.0,607.0,1762.0,809.0
25781,16:10.500,27:33.653,3,551.0,538.0,730.0,782.0,1141.0,630.0,1299.0,859.0,1599.0,605.0,1762.0,808.0
25782,16:11.000,27:33.687,3,550.0,538.0,728.0,782.0,1140.0,628.0,1299.0,856.0,1598.0,603.0,1762.0,807.0
25783,16:11.500,27:33.720,3,549.0,537.0,727.0,782.0,1140.0,628.0,1297.0,856.0,1598.0,603.0,1761.0,806.0
25784,16:12.000,27:33.753,3,547.0,536.0,725.0,781.0,1138.0,628.0,1296.0,857.0,1597.0,601.0,1760.0,807.0
25785,16:12.500,27:33.787,3,546.0,535.0,725.0,780.0,1137.0,629.0,1295.0,858.0,1596.0,602.0,1759.0,809.0
25786,16:13.000,27:33.820,3,547.0,535.0,724.0,783.0,1137.0,630.0,1295.0,859.0,1596.0,602.0,1759.0,809.0
25787,16:13.500,27:33.853,3,546.0,534.0,724.0,784.0,1137.0,632.0,1295.0,860.0,1596.0,603.0,1759.0,808.0
25788,16:14.000,27:33.887,3,546.0,535.0,723.0,783.0,1137.0,633.0,1295.0,862.0,1595.0,603.0,1758.0,808.0
25789,16:14.500,27:33.920,3,545.0,537.0,722.0,783.0,1137.0,635.0,1295.0,864.0,1594.0,604.0,1757.0,810.0
25790,16:15.000,27:33.953,3,542.0,537.0,720.0,783.0,1136.0,636.0,1294.0,864.0,1593.0,604.0,1756.0,811.0
25791,16:15.500,27:33.987,3,540.0,537.0,717.0,784.0,1592.0,602.0,1755.0,812.0,1135.0,635.0,1292.0,863.0
25792,16:16.000,27:34.020,3,538.0,536.0,716.0,783.0,1590.0,600.0,1753.0,810.0,1133.0,635.0,1291.0,862.0
25793,16:16.500,27:34.053,3,536.0,535.0,714.0,782.0,1588.0,598.0,1752.0,807.0,1132.0,634.0,1290.0,860.0
25794,16:17.000,27:34.087,3,534.0,534.0,712.0,781.0,1587.0,597.0,1750.0,805.0,1131.0,633.0,1289.0,858.0
25795,16:17.500,27:34.120,3,532.0,532.0,711.0,779.0,1585.0,597.0,1749.0,805.0,1130.0,632.0,1288.0,857.0
25796,16:18.000,27:34.153,3,532.0,532.0,710.0,778.0,1585.0,597.0,1748.0,808.0,1129.0,631.0,1287.0,856.0
25797,16:18.500,27:34.187,3,531.0,531.0,709.0,776.0,1584.0,595.0,1748.0,809.0,1128.0,630.0,1287.0,856.0
25798,16:19.000,27:34.220,3,531.0,531.0,707.0,775.0,1584.0,596.0,1747.0,807.0,1128.0,630.0,1287.0,857.0
25799,16:19.500,27:34.253,3,529.0,529.0,706.0,773.0,1583.0,597.0,1745.0,804.0,1127.0,630.0,1286.0,857.0
25800,16:20.000,27:34.287,3,528.0,527.0,703.0,771.0,1581.0,595.0,1744.0,802.0,1126.0,631.0,1284.0,857.0
25801,16:20.500,27:34.320,3,526.0,526.0,702.0,770.0,1581.0,597.0,1743.0,800.0,1124.0,629.0,1283.0,857.0
25802,16:21.000,27:34.353,3,523.0,525.0,700.0,769.0,1579.0,597.0,1741.0,801.0,1123.0,629.0,1282.0,857.0
25803,16:21.500,27:34.387,3,522.0,525.0,700.0,770.0,1578.0,598.0,1740.0,804.0,1122.0,629.0,1281.0,856.0
25804,16:22.000,27:34.420,3,521.0,526.0,699.0,770.0,1577.0,598.0,1739.0,806.0,1121.0,629.0,1280.0,855.0
25805,16:22.500,27:34.453,3,519.0,525.0,698.0,769.0,1576.0,598.0,1737.0,803.0,1121.0,628.0,1278.0,854.0
25806,16:23.000,27:34.487,3,517.0,526.0,696.0,768.0,1576.0,600.0,1736.0,800.0,1120.0,628.0,1277.0,853.0
25807,16:23.500,27:34.520,3,517.0,525.0,695.0,767.0,1573.0,600.0,1736.0,798.0,1120.0,627.0,1277.0,850.0
25808,16:24.000,27:34.553,3,516.0,524.0,695.0,767.0,1573.0,600.0,1736.0,798.0,1120.0,628.0,1277.0,851.0
25809,16:24.500,27:34.587,3,516.0,523.0,695.0,767.0,1576.0,600.0,1738.0,798.0,1120.0,628.0,1277.0,851.0
25810,16:25.000,27:34.620,3,515.0,523.0,694.0,767.0,1576.0,600.0,1738.0,797.0,1120.0,628.0,1277.0,852.0
25811,16:25.500,27:34.653,3,513.0,523.0,692.0,767.0,1575.0,599.0,1737.0,797.0,1119.0,628.0,1276.0,853.0
25812,16:26.000,27:34.687,3,511.0,522.0,689.0,766.0,1571.0,597.0,1734.0,797.0,1118.0,628.0,1275.0,855.0
25813,16:26.500,27:34.720,3,510.0,521.0,687.0,765.0,1571.0,598.0,1733.0,797.0,1118.0,628.0,1275.0,855.0
25814,16:27.000,27:34.753,3,509.0,521.0,685.0,765.0,1571.0,597.0,1733.0,797.0,1118.0,629.0,1275.0,855.0
25815,16:27.500,27:34.787,3,508.0,520.0,684.0,763.0,1572.0,597.0,1735.0,797.0,1119.0,630.0,1276.0,855.0
25816,16:28.000,27:34.820,3,507.0,519.0,684.0,762.0,1572.0,599.0,1735.0,797.0,1119.0,629.0,1276.0,854.0
25817,16:28.500,27:34.853,3,507.0,518.0,684.0,760.0,1573.0,600.0,1736.0,798.0,1120.0,629.0,1277.0,853.0
25818,16:29.000,27:34.887,3,506.0,517.0,683.0,758.0,1576.0,599.0,1738.0,798.0,1121.0,628.0,1278.0,852.0
25819,16:29.500,27:34.920,3,505.0,515.0,682.0,756.0,1576.0,599.0,1739.0,797.0,1121.0,627.0,1279.0,850.0
25820,16:30.000,27:34.953,3,503.0,514.0,681.0,753.0,1577.0,599.0,1739.0,797.0,1122.0,626.0,1279.0,849.0
25821,16:30.500,27:34.987,3,501.0,513.0,679.0,751.0,1576.0,598.0,1739.0,797.0,1122.0,626.0,1279.0,849.0
25822,16:31.000,27:35.020,3,499.0,511.0,677.0,751.0,1576.0,599.0,1739.0,797.0,1121.0,626.0,1279.0,849.0
25823,16:31.500,27:35.053,3,496.0,509.0,676.0,748.0,1576.0,600.0,1739.0,797.0,1121.0,626.0,1278.0,850.0
25824,16:32.000,27:35.087,3,495.0,507.0,675.0,746.0,1576.0,601.0,1738.0,797.0,1121.0,626.0,1278.0,849.0
25825,16:32.500,27:35.120,3,493.0,506.0,674.0,744.0,1576.0,600.0,1738.0,800.0,1120.0,627.0,1277.0,851.0
25826,16:33.000,27:35.153,3,492.0,504.0,673.0,743.0,1576.0,600.0,1738.0,801.0,1120.0,628.0,1277.0,852.0
25827,16:33.500,27:35.187,3,492.0,501.0,672.0,741.0,1576.0,600.0,1738.0,802.0,1120.0,628.0,1277.0,852.0
25828,16:34.000,27:35.220,3,491.0,500.0,670.0,738.0,1576.0,599.0,1738.0,801.0,1120.0,627.0,1277.0,850.0
25829,16:34.500,27:35.253,3,490.0,499.0,670.0,736.0,1576.0,599.0,1738.0,800.0,1120.0,625.0,1276.0,849.0
25830,16:35.000,27:35.287,3,490.0,498.0,669.0,736.0,1576.0,600.0,1738.0,800.0,1119.0,625.0,1276.0,848.0
25831,16:35.500,27:35.320,3,489.0,497.0,668.0,734.0,1575.0,599.0,1738.0,799.0,1119.0,625.0,1276.0,846.0
25832,16:36.000,27:35.353,3,488.0,495.0,666.0,731.0,1573.0,599.0,1736.0,798.0,1118.0,623.0,1275.0,845.0
25833,16:36.500,27:35.387,3,487.0,494.0,664.0,730.0,1572.0,598.0,1735.0,797.0,1117.0,622.0,1275.0,845.0
25834,16:37.000,27:35.420,3,485.0,493.0,662.0,729.0,1572.0,598.0,1735.0,797.0,1117.0,622.0,1275.0,845.0
25835,16:37.500,27:35.453,3,484.0,492.0,661.0,728.0,1572.0,600.0,1736.0,797.0,1117.0,622.0,1275.0,845.0
25836,16:38.000,27:35.487,3,482.0,492.0,660.0,727.0,1573.0,600.0,1736.0,798.0,1118.0,623.0,1275.0,845.0
25837,16:38.500,27:35.520,3,480.0,490.0,655.0,726.0,1573.0,600.0,1736.0,798.0,1118.0,623.0,1275.0,846.0
25838,16:39.000,27:35.553,3,478.0,489.0,654.0,726.0,1572.0,600.0,1735.0,798.0,1117.0,623.0,1275.0,846.0
25839,16:39.500,27:35.587,3,476.0,487.0,653.0,723.0,1572.0,600.0,1735.0,798.0,1116.0,624.0,1274.0,846.0
25840,16:40.000,27:35.620,3,475.0,486.0,650.0,723.0,1572.0,600.0,1735.0,798.0,1116.0,622.0,1274.0,846.0
25841,16:40.500,27:35.653,3,474.0,485.0,648.0,721.0,1572.0,599.0,1735.0,797.0,1116.0,622.0,1274.0,846.0
25842,16:41.000,27:35.687,3,472.0,484.0,647.0,721.0,1572.0,600.0,1735.0,796.0,1116.0,622.0,1273.0,845.0
25843,16:41.500,27:35.720,3,470.0,484.0,645.0,720.0,1572.0,600.0,1734.0,796.0,1115.0,621.0,1273.0,845.0
25844,16:42.000,27:35.753,3,467.0,483.0,642.0,720.0,1571.0,600.0,1733.0,796.0,1114.0,621.0,1272.0,845.0
25845,16:42.500,27:35.787,3,464.0,484.0,640.0,721.0,1570.0,599.0,1732.0,796.0,1113.0,620.0,1271.0,845.0
25846,16:43.000,27:35.820,3,461.0,482.0,637.0,720.0,1568.0,598.0,1730.0,796.0,1112.0,620.0,1270.0,845.0
25847,16:43.500,27:35.853,3,459.0,481.0,634.0,721.0,1568.0,597.0,1729.0,796.0,1111.0,620.0,1270.0,845.0
25848,16:44.000,27:35.887,3,457.0,479.0,633.0,721.0,1567.0,596.0,1729.0,796.0,1110.0,620.0,1269.0,845.0
25849,16:44.500,27:35.920,3,455.0,478.0,631.0,721.0,1567.0,596.0,1728.0,796.0,1109.0,619.0,1269.0,845.0
25850,16:45.000,27:35.953,3,453.0,478.0,629.0,721.0,1566.0,597.0,1727.0,798.0,1108.0,619.0,1268.0,845.0
25851,16:45.500,27:35.987,3,451.0,477.0,627.0,721.0,1566.0,596.0,1726.0,800.0,1107.0,619.0,1268.0,846.0
25852,16:46.000,27:36.020,3,449.0,477.0,627.0,721.0,1565.0,596.0,1725.0,801.0,1106.0,619.0,1267.0,846.0
25853,16:46.500,27:36.053,3,1564.0,595.0,1724.0,803.0,448.0,478.0,626.0,722.0,1106.0,620.0,1267.0,847.0
25854,16:47.000,27:36.087,3,446.0,478.0,625.0,721.0,1563.0,594.0,1723.0,798.0,1105.0,620.0,1267.0,846.0
25855,16:47.500,27:36.120,3,445.0,478.0,625.0,720.0,1562.0,593.0,1723.0,797.0,1105.0,619.0,1267.0,846.0
25856,16:48.000,27:36.153,3,447.0,479.0,628.0,720.0,1563.0,594.0,1723.0,796.0,1106.0,619.0,1267.0,846.0
25857,16:48.500,27:36.187,3,452.0,481.0,632.0,721.0,1563.0,597.0,1724.0,797.0,1107.0,619.0,1268.0,847.0
25858,16:49.000,27:36.220,3,455.0,482.0,638.0,723.0,1564.0,598.0,1724.0,798.0,1107.0,620.0,1268.0,847.0
25859,16:49.500,27:36.253,3,461.0,485.0,644.0,725.0,1565.0,600.0,1725.0,799.0,1108.0,621.0,1269.0,848.0
25860,16:50.000,27:36.287,3,468.0,487.0,651.0,728.0,1565.0,600.0,1726.0,801.0,1109.0,621.0,1269.0,849.0
25861,16:50.500,27:36.320,3,475.0,489.0,657.0,728.0,1566.0,600.0,1726.0,801.0,1109.0,621.0,1269.0,848.0
25862,16:51.000,27:36.353,3,483.0,489.0,666.0,727.0,1566.0,600.0,1726.0,800.0,1109.0,620.0,1269.0,847.0
25863,16:51.500,27:36.387,3,490.0,491.0,673.0,727.0,1566.0,600.0,1727.0,799.0,1109.0,620.0,1269.0,847.0
25864,16:52.000,27:36.420,3,498.0,490.0,680.0,728.0,1566.0,600.0,1727.0,799.0,1110.0,620.0,1269.0,846.0
25865,16:52.500,27:36.445,3,504.0,490.0,688.0,729.0,1566.0,600.0,1727.0,798.0,1110.0,620.0,1269.0,846.0
25866,16:53.000,27:36.478,3,511.0,489.0,694.0,729.0,1566.0,599.0,1727.0,798.0,1109.0,620.0,1269.0,846.0
25867,16:53.500,27:36.512,3,518.0,488.0,701.0,731.0,1566.0,600.0,1727.0,798.0,1109.0,620.0,1269.0,847.0
25868,16:54.000,27:36.545,3,524.0,489.0,705.0,732.0,1566.0,600.0,1727.0,801.0,1109.0,621.0,1269.0,847.0
25869,16:54.500,27:36.578,3,1566.0,598.0,1727.0,806.0,530.0,490.0,710.0,733.0,1109.0,621.0,1269.0,847.0
25870,16:55.000,27:36.612,3,1566.0,598.0,1727.0,807.0,534.0,489.0,714.0,733.0,1110.0,621.0,1269.0,847.0
25871,16:55.500,27:36.645,3,1566.0,598.0,1727.0,807.0,538.0,489.0,715.0,731.0,1109.0,622.0,1269.0,847.0
25872,16:56.000,27:36.678,3,1566.0,599.0,1727.0,807.0,538.0,489.0,715.0,731.0,1109.0,622.0,1269.0,847.0
25873,16:56.500,27:36.695,3,1566.0,599.0,1727.0,807.0,538.0,489.0,715.0,731.0,1109.0,622.0,1269.0,847.0
25874,16:57.000,27:36.712,3,540.0,487.0,718.0,729.0,1565.0,598.0,1725.0,798.0,1107.0,621.0,1268.0,847.0
25875,16:57.500,27:36.745,3,541.0,487.0,719.0,728.0,1564.0,597.0,1725.0,798.0,1107.0,620.0,1268.0,847.0
25876,16:58.000,27:36.778,3,541.0,487.0,719.0,728.0,1564.0,597.0,1725.0,797.0,1107.0,620.0,1268.0,847.0
25877,16:58.500,27:36.812,3,540.0,487.0,720.0,728.0,1564.0,597.0,1724.0,797.0,1107.0,620.0,1268.0,847.0
25878,16:59.000,27:36.845,3,540.0,488.0,718.0,729.0,1564.0,597.0,1724.0,797.0,1107.0,620.0,1268.0,847.0
25879,16:59.500,27:36.878,3,540.0,488.0,717.0,729.0,1563.0,598.0,1723.0,797.0,1107.0,619.0,1268.0,846.0
25880,17:00.000,27:36.912,3,539.0,490.0,717.0,731.0,1563.0,598.0,1723.0,798.0,1107.0,619.0,1268.0,846.0
25881,17:00.500,27:36.945,3,1564.0,598.0,1724.0,802.0,538.0,491.0,717.0,733.0,1108.0,620.0,1269.0,846.0
25882,17:01.000,27:36.978,3,1565.0,597.0,1726.0,804.0,539.0,493.0,717.0,736.0,1111.0,621.0,1270.0,847.0
25883,17:01.500,27:37.012,3,1565.0,597.0,1726.0,801.0,538.0,494.0,717.0,738.0,1112.0,621.0,1270.0,847.0
25884,17:02.000,27:37.045,3,1566.0,599.0,1726.0,799.0,537.0,495.0,714.0,740.0,1112.0,621.0,1270.0,846.0
25885,17:02.500,27:37.078,3,534.0,496.0,713.0,740.0,1566.0,598.0,1726.0,799.0,1112.0,621.0,1270.0,846.0
25886,17:03.000,27:37.112,3,532.0,497.0,711.0,739.0,1566.0,598.0,1727.0,798.0,1112.0,620.0,1270.0,845.0
25887,17:03.500,27:37.145,3,529.0,496.0,708.0,738.0,1566.0,598.0,1727.0,797.0,1112.0,620.0,1270.0,845.0
25888,17:04.000,27:37.178,3,527.0,495.0,707.0,737.0,1566.0,597.0,1727.0,796.0,1112.0,619.0,1270.0,844.0
25889,17:04.500,27:37.212,3,526.0,495.0,705.0,738.0,1566.0,597.0,1727.0,797.0,1112.0,618.0,1270.0,843.0
25890,17:05.000,27:37.245,3,525.0,495.0,705.0,738.0,1567.0,596.0,1727.0,797.0,1112.0,618.0,1270.0,843.0
25891,17:05.500,27:37.278,3,1567.0,596.0,1728.0,799.0,524.0,496.0,704.0,739.0,1111.0,618.0,1270.0,843.0
25892,17:06.000,27:37.312,3,1566.0,596.0,1727.0,798.0,524.0,498.0,704.0,739.0,1111.0,618.0,1269.0,843.0
25893,17:06.500,27:37.345,3,1566.0,596.0,1727.0,797.0,524.0,498.0,704.0,740.0,1110.0,618.0,1269.0,844.0
25894,17:07.000,27:37.378,3,525.0,498.0,705.0,740.0,1566.0,596.0,1728.0,796.0,1110.0,619.0,1269.0,844.0
25895,17:07.500,27:37.412,3,526.0,499.0,705.0,740.0,1567.0,597.0,1728.0,795.0,1110.0,619.0,1269.0,844.0
25896,17:08.000,27:37.445,3,528.0,499.0,707.0,740.0,1567.0,596.0,1728.0,795.0,1111.0,620.0,1270.0,844.0
25897,17:08.500,27:37.478,3,531.0,500.0,708.0,740.0,1568.0,596.0,1729.0,795.0,1112.0,620.0,1270.0,845.0
25898,17:09.000,27:37.512,3,533.0,500.0,711.0,740.0,1569.0,596.0,1730.0,796.0,1112.0,620.0,1270.0,845.0
25899,17:09.500,27:37.545,3,535.0,500.0,712.0,740.0,1569.0,596.0,1730.0,796.0,1113.0,620.0,1271.0,845.0
25900,17:10.000,27:37.580,3,536.0,500.0,714.0,741.0,1569.0,596.0,1730.0,796.0,1113.0,620.0,1271.0,844.0
25901,17:10.500,27:37.613,3,537.0,500.0,716.0,741.0,1569.0,595.0,1730.0,795.0,1113.0,619.0,1271.0,844.0
25902,17:11.000,27:37.647,3,536.0,499.0,716.0,742.0,1569.0,595.0,1731.0,795.0,1113.0,619.0,1271.0,844.0
25903,17:11.500,27:37.680,3,537.0,501.0,717.0,743.0,1569.0,595.0,1730.0,796.0,1113.0,618.0,1271.0,843.0
25904,17:12.000,27:37.713,3,1569.0,595.0,1730.0,796.0,535.0,501.0,716.0,743.0,1113.0,617.0,1271.0,842.0
25905,17:12.500,27:37.747,3,1569.0,594.0,1730.0,795.0,537.0,500.0,715.0,741.0,1112.0,616.0,1270.0,842.0
25906,17:13.000,27:37.780,3,536.0,499.0,714.0,740.0,1568.0,593.0,1729.0,794.0,1112.0,615.0,1270.0,841.0
25907,17:13.500,27:37.813,3,534.0,495.0,713.0,740.0,1569.0,593.0,1729.0,794.0,1112.0,614.0,1270.0,841.0
25908,17:14.000,27:37.847,3,533.0,494.0,711.0,739.0,1569.0,592.0,1729.0,793.0,1112.0,615.0,1270.0,841.0
25909,17:14.500,27:37.880,3,531.0,494.0,709.0,739.0,1569.0,592.0,1729.0,792.0,1113.0,615.0,1270.0,840.0
25910,17:15.000,27:37.913,3,528.0,495.0,707.0,739.0,1568.0,592.0,1728.0,792.0,1112.0,615.0,1270.0,841.0
25911,17:15.500,27:37.947,3,528.0,496.0,706.0,740.0,1568.0,592.0,1728.0,793.0,1112.0,615.0,1270.0,841.0
25912,17:16.000,27:37.980,3,527.0,496.0,705.0,740.0,1568.0,590.0,1728.0,792.0,1112.0,615.0,1270.0,840.0
25913,17:16.500,27:38.013,3,528.0,499.0,706.0,741.0,1568.0,590.0,1728.0,792.0,1112.0,615.0,1270.0,840.0
25914,17:17.000,27:38.047,3,527.0,498.0,706.0,741.0,1568.0,590.0,1728.0,791.0,1112.0,614.0,1269.0,839.0
25915,17:17.500,27:38.080,3,526.0,495.0,705.0,741.0,1568.0,587.0,1728.0,790.0,1112.0,613.0,1270.0,839.0
25916,17:18.000,27:38.113,3,526.0,497.0,705.0,741.0,1568.0,587.0,1728.0,790.0,1112.0,613.0,1270.0,839.0
25917,17:18.500,27:38.147,3,525.0,497.0,705.0,741.0,1568.0,588.0,1728.0,791.0,1111.0,613.0,1270.0,839.0
25918,17:19.000,27:38.180,3,1567.0,588.0,1728.0,792.0,523.0,496.0,704.0,740.0,1110.0,613.0,1269.0,839.0
25919,17:19.500,27:38.213,3,1567.0,589.0,1728.0,793.0,523.0,496.0,703.0,740.0,1110.0,614.0,1269.0,839.0
25920,17:20.000,27:38.247,3,523.0,496.0,703.0,741.0,1568.0,589.0,1728.0,792.0,1111.0,614.0,1269.0,839.0
25921,17:20.500,27:38.280,3,523.0,495.0,703.0,741.0,1568.0,589.0,1729.0,791.0,1112.0,613.0,1270.0,839.0
25922,17:21.000,27:38.313,3,522.0,493.0,703.0,740.0,1569.0,588.0,1729.0,791.0,1112.0,613.0,1270.0,839.0
25923,17:21.500,27:38.347,3,522.0,492.0,703.0,740.0,1569.0,589.0,1729.0,791.0,1112.0,613.0,1270.0,838.0
25924,17:22.000,27:38.380,3,521.0,492.0,703.0,740.0,1569.0,589.0,1730.0,790.0,1113.0,613.0,1270.0,838.0
25925,17:22.500,27:38.413,3,520.0,491.0,702.0,740.0,1569.0,589.0,1730.0,789.0,1113.0,613.0,1270.0,837.0
25926,17:23.000,27:38.447,3,519.0,491.0,702.0,740.0,1568.0,589.0,1730.0,789.0,1112.0,612.0,1270.0,837.0
25927,17:23.500,27:38.480,3,519.0,492.0,701.0,740.0,1568.0,588.0,1729.0,788.0,1112.0,611.0,1270.0,836.0
25928,17:24.000,27:38.513,3,519.0,493.0,701.0,740.0,1568.0,587.0,1729.0,788.0,1112.0,611.0,1270.0,836.0
25929,17:24.500,27:38.547,3,518.0,494.0,700.0,741.0,1567.0,586.0,1729.0,788.0,1112.0,611.0,1270.0,836.0
25930,17:25.000,27:38.580,3,517.0,494.0,699.0,741.0,1567.0,586.0,1728.0,788.0,1111.0,610.0,1270.0,836.0
25931,17:25.500,27:38.613,3,515.0,493.0,698.0,741.0,1567.0,585.0,1728.0,788.0,1111.0,610.0,1269.0,836.0
25932,17:26.000,27:38.647,3,515.0,494.0,698.0,741.0,1567.0,585.0,1728.0,788.0,1111.0,610.0,1269.0,836.0
25933,17:26.500,27:38.680,3,515.0,494.0,699.0,742.0,1567.0,587.0,1728.0,789.0,1112.0,612.0,1270.0,837.0
25934,17:27.000,27:38.713,3,516.0,499.0,699.0,742.0,1567.0,588.0,1729.0,789.0,1112.0,613.0,1270.0,839.0
25935,17:27.500,27:38.747,3,515.0,507.0,698.0,749.0,1565.0,596.0,1727.0,796.0,1111.0,620.0,1270.0,845.0
25936,17:28.000,27:38.780,3,509.0,521.0,692.0,767.0,1561.0,609.0,1721.0,812.0,1106.0,634.0,1265.0,864.0
25937,17:28.500,27:38.813,3,493.0,578.0,680.0,821.0,1547.0,657.0,1709.0,863.0,1093.0,693.0,1252.0,916.0
25938,17:29.000,27:38.847,3,463.0,661.0,649.0,910.0,1066.0,778.0,1225.0,1003.0,1518.0,749.0,1678.0,947.0
25939,17:29.500,27:38.880,3,414.0,745.0,607.0,995.0,1029.0,850.0,1188.0,1079.0,1482.0,821.0,1637.0,1017.0
25940,17:30.000,27:38.913,3,365.0,785.0,563.0,1036.0,993.0,882.0,1154.0,1117.0,1447.0,848.0,1600.0,1051.0
25941,17:30.500,27:38.947,3,327.0,780.0,529.0,1031.0,964.0,882.0,1124.0,1114.0,1417.0,844.0,1570.0,1049.0
25942,17:31.000,27:38.980,3,298.0,748.0,501.0,1005.0,941.0,858.0,1104.0,1086.0,1393.0,822.0,1546.0,1022.0
25943,17:31.500,27:39.013,3,279.0,703.0,485.0,958.0,926.0,813.0,1089.0,1043.0,1378.0,776.0,1531.0,978.0
25944,17:32.000,27:39.047,3,269.0,640.0,474.0,895.0,917.0,752.0,1080.0,979.0,1369.0,721.0,1522.0,915.0
25945,17:32.500,27:39.080,3,264.0,566.0,467.0,822.0,914.0,674.0,1077.0,905.0,1366.0,640.0,1519.0,843.0
25946,17:33.000,27:39.113,3,263.0,499.0,467.0,760.0,918.0,613.0,1080.0,841.0,1370.0,578.0,1524.0,778.0
25947,17:33.500,27:39.147,3,262.0,482.0,465.0,747.0,918.0,596.0,1081.0,824.0,1372.0,560.0,1526.0,761.0
25948,17:34.000,27:39.180,3,264.0,512.0,467.0,772.0,918.0,621.0,1081.0,849.0,1370.0,584.0,1524.0,779.0
25949,17:34.500,27:39.213,3,268.0,557.0,472.0,813.0,920.0,653.0,1083.0,883.0,1372.0,615.0,1525.0,813.0
25950,17:35.000,27:39.247,3,276.0,594.0,478.0,852.0,925.0,692.0,1088.0,920.0,1375.0,644.0,1529.0,847.0
25951,17:35.500,27:39.280,3,285.0,627.0,490.0,881.0,932.0,723.0,1093.0,948.0,1382.0,673.0,1535.0,873.0
25952,17:36.000,27:39.313,3,296.0,637.0,495.0,895.0,939.0,736.0,1101.0,958.0,1389.0,692.0,1541.0,887.0
25953,17:36.500,27:39.347,3,307.0,626.0,508.0,881.0,947.0,723.0,1108.0,946.0,1394.0,674.0,1548.0,872.0
25954,17:37.000,27:39.380,3,323.0,592.0,521.0,842.0,959.0,688.0,1120.0,910.0,1406.0,635.0,1560.0,838.0
25955,17:37.500,27:39.413,3,969.0,639.0,1129.0,869.0,335.0,547.0,531.0,803.0,1419.0,595.0,1573.0,798.0
25956,17:38.000,27:39.447,3,348.0,545.0,543.0,800.0,977.0,635.0,1139.0,863.0,1427.0,587.0,1584.0,789.0
25957,17:38.500,27:39.480,3,355.0,572.0,553.0,822.0,984.0,654.0,1143.0,882.0,1432.0,604.0,1587.0,805.0
25958,17:39.000,27:39.513,3,358.0,603.0,553.0,850.0,984.0,689.0,1145.0,911.0,1433.0,632.0,1586.0,835.0
25959,17:39.500,27:39.547,3,357.0,625.0,553.0,874.0,983.0,712.0,1144.0,934.0,1431.0,657.0,1587.0,858.0
25960,17:40.000,27:39.580,3,355.0,629.0,553.0,881.0,982.0,719.0,1142.0,941.0,1430.0,662.0,1585.0,866.0
25961,17:40.500,27:39.613,3,352.0,618.0,549.0,867.0,979.0,707.0,1140.0,932.0,1427.0,656.0,1584.0,856.0
25962,17:41.000,27:39.647,3,349.0,595.0,545.0,840.0,978.0,683.0,1139.0,907.0,1426.0,635.0,1581.0,834.0
25963,17:41.500,27:39.680,3,347.0,573.0,545.0,823.0,978.0,658.0,1138.0,887.0,1426.0,613.0,1580.0,815.0
25964,17:42.000,27:39.713,3,347.0,582.0,546.0,831.0,979.0,665.0,1140.0,896.0,1426.0,623.0,1581.0,822.0
25965,17:42.500,27:39.747,3,352.0,600.0,549.0,846.0,981.0,688.0,1141.0,911.0,1426.0,635.0,1582.0,838.0
25966,17:43.000,27:39.780,3,355.0,610.0,552.0,861.0,984.0,698.0,1144.0,923.0,1427.0,648.0,1585.0,849.0
25967,17:43.500,27:39.813,3,360.0,608.0,554.0,859.0,986.0,695.0,1147.0,921.0,1430.0,647.0,1587.0,849.0
25968,17:44.000,27:39.847,3,365.0,599.0,556.0,845.0,989.0,685.0,1150.0,909.0,1435.0,635.0,1589.0,838.0
25969,17:44.500,27:39.880,3,365.0,585.0,556.0,834.0,991.0,669.0,1150.0,898.0,1435.0,627.0,1591.0,827.0
25970,17:45.000,27:39.913,3,366.0,590.0,557.0,837.0,992.0,671.0,1151.0,899.0,1435.0,627.0,1590.0,828.0
25971,17:45.500,27:39.947,3,366.0,601.0,557.0,847.0,992.0,686.0,1152.0,910.0,1435.0,634.0,1590.0,839.0
25972,17:46.000,27:39.980,3,367.0,610.0,560.0,861.0,994.0,694.0,1153.0,921.0,1435.0,644.0,1592.0,848.0
25973,17:46.500,27:40.013,3,369.0,615.0,564.0,863.0,997.0,699.0,1155.0,925.0,1437.0,649.0,1592.0,853.0
25974,17:47.000,27:40.047,3,373.0,614.0,566.0,861.0,999.0,698.0,1157.0,924.0,1439.0,651.0,1594.0,852.0
25975,17:47.500,27:40.080,3,377.0,604.0,569.0,853.0,1000.0,692.0,1161.0,918.0,1442.0,644.0,1597.0,847.0
25976,17:48.000,27:40.113,3,382.0,595.0,573.0,842.0,1003.0,685.0,1163.0,908.0,1445.0,635.0,1600.0,839.0
25977,17:48.500,27:40.147,3,385.0,590.0,578.0,839.0,1005.0,682.0,1165.0,906.0,1447.0,633.0,1601.0,837.0
25978,17:49.000,27:40.180,3,387.0,593.0,580.0,842.0,1006.0,687.0,1167.0,911.0,1446.0,636.0,1603.0,842.0
25979,17:49.500,27:40.213,3,389.0,599.0,581.0,847.0,1007.0,693.0,1168.0,916.0,1447.0,642.0,1603.0,848.0
25980,17:50.000,27:40.247,3,391.0,604.0,582.0,857.0,1010.0,698.0,1170.0,923.0,1448.0,651.0,1603.0,854.0
25981,17:50.500,27:40.280,3,393.0,599.0,583.0,851.0,1011.0,694.0,1171.0,919.0,1448.0,650.0,1604.0,850.0
25982,17:51.000,27:40.313,3,395.0,597.0,585.0,846.0,1013.0,692.0,1172.0,917.0,1449.0,647.0,1606.0,849.0
25983,17:51.500,27:40.347,3,397.0,595.0,586.0,843.0,1015.0,690.0,1173.0,914.0,1450.0,640.0,1608.0,847.0
25984,17:52.000,27:40.380,3,397.0,594.0,587.0,842.0,1016.0,689.0,1174.0,914.0,1451.0,640.0,1608.0,847.0
25985,17:52.500,27:40.413,3,400.0,592.0,588.0,841.0,1017.0,688.0,1175.0,912.0,1452.0,641.0,1609.0,846.0
25986,17:53.000,27:40.447,3,400.0,590.0,590.0,839.0,1017.0,685.0,1176.0,910.0,1453.0,640.0,1611.0,845.0
25987,17:53.500,27:40.480,3,402.0,588.0,591.0,836.0,1018.0,682.0,1178.0,907.0,1454.0,639.0,1612.0,844.0
25988,17:54.000,27:40.513,3,403.0,587.0,593.0,836.0,1020.0,681.0,1179.0,905.0,1455.0,640.0,1613.0,844.0
25989,17:54.500,27:40.547,3,404.0,588.0,594.0,837.0,1020.0,678.0,1179.0,902.0,1457.0,641.0,1614.0,844.0
25990,17:55.000,27:40.580,3,405.0,590.0,593.0,838.0,1020.0,674.0,1179.0,901.0,1457.0,641.0,1614.0,844.0
25991,17:55.500,27:40.613,3,405.0,589.0,592.0,838.0,1019.0,672.0,1178.0,898.0,1457.0,640.0,1614.0,843.0
25992,17:56.000,27:40.647,3,404.0,588.0,592.0,836.0,1018.0,670.0,1177.0,896.0,1457.0,640.0,1614.0,841.0
25993,17:56.500,27:40.680,3,405.0,586.0,593.0,832.0,1018.0,669.0,1177.0,895.0,1459.0,638.0,1615.0,839.0
25994,17:57.000,27:40.713,3,406.0,584.0,596.0,830.0,1019.0,669.0,1178.0,895.0,1459.0,637.0,1617.0,840.0
25995,17:57.500,27:40.747,3,408.0,582.0,598.0,829.0,1021.0,671.0,1179.0,897.0,1461.0,638.0,1619.0,842.0
25996,17:58.000,27:40.780,3,411.0,581.0,600.0,830.0,1023.0,670.0,1182.0,898.0,1463.0,639.0,1621.0,843.0
25997,17:58.500,27:40.813,3,414.0,580.0,603.0,831.0,1025.0,669.0,1184.0,895.0,1466.0,640.0,1623.0,846.0
25998,17:59.000,27:40.847,3,415.0,580.0,604.0,830.0,1027.0,667.0,1186.0,893.0,1466.0,640.0,1624.0,846.0
25999,17:59.500,27:40.880,3,415.0,580.0,604.0,829.0,1028.0,665.0,1186.0,890.0,1466.0,639.0,1624.0,845.0
26000,18:00.000,27:40.913,3,415.0,579.0,605.0,828.0,1029.0,664.0,1188.0,890.0,1467.0,637.0,1625.0,844.0
26001,18:00.500,27:40.947,3,415.0,578.0,605.0,826.0,1030.0,664.0,1190.0,889.0,1468.0,636.0,1626.0,843.0
26002,18:01.000,27:40.980,3,418.0,577.0,608.0,825.0,1033.0,663.0,1194.0,887.0,1471.0,637.0,1627.0,842.0
26003,18:01.500,27:41.013,3,420.0,577.0,611.0,825.0,1036.0,663.0,1198.0,886.0,1473.0,636.0,1630.0,841.0
26004,18:02.000,27:41.047,3,423.0,576.0,612.0,824.0,1038.0,663.0,1201.0,886.0,1475.0,637.0,1632.0,841.0
26005,18:02.500,27:41.080,3,425.0,576.0,614.0,822.0,1040.0,665.0,1203.0,885.0,1476.0,638.0,1634.0,841.0
26006,18:03.000,27:41.113,3,427.0,575.0,615.0,822.0,1041.0,665.0,1206.0,885.0,1478.0,638.0,1636.0,842.0
26007,18:03.500,27:41.147,3,428.0,574.0,617.0,821.0,1043.0,664.0,1208.0,884.0,1479.0,639.0,1638.0,842.0
26008,18:04.000,27:41.180,3,431.0,574.0,619.0,820.0,1045.0,665.0,1209.0,884.0,1481.0,640.0,1640.0,843.0
26009,18:04.500,27:41.213,3,434.0,573.0,622.0,821.0,1045.0,665.0,1211.0,884.0,1483.0,641.0,1642.0,843.0
26010,18:05.000,27:41.247,3,437.0,572.0,624.0,819.0,1046.0,663.0,1212.0,884.0,1484.0,640.0,1644.0,841.0
26011,18:05.500,27:41.280,3,441.0,571.0,626.0,819.0,1047.0,664.0,1213.0,883.0,1487.0,639.0,1646.0,840.0
26012,18:06.000,27:41.313,3,444.0,570.0,627.0,818.0,1049.0,665.0,1215.0,883.0,1488.0,638.0,1648.0,839.0
26013,18:06.500,27:41.347,3,445.0,569.0,628.0,818.0,1049.0,665.0,1216.0,883.0,1489.0,638.0,1649.0,840.0
26014,18:07.000,27:41.380,3,445.0,569.0,628.0,816.0,1049.0,667.0,1217.0,884.0,1490.0,637.0,1650.0,840.0
26015,18:07.500,27:41.413,3,445.0,568.0,629.0,814.0,1049.0,668.0,1217.0,885.0,1491.0,636.0,1650.0,839.0
26016,18:08.000,27:41.447,3,446.0,568.0,629.0,813.0,1050.0,669.0,1217.0,884.0,1491.0,635.0,1651.0,838.0
26017,18:08.500,27:41.480,3,446.0,568.0,629.0,812.0,1050.0,669.0,1218.0,884.0,1492.0,630.0,1651.0,838.0
26018,18:09.000,27:41.513,3,446.0,568.0,630.0,812.0,1051.0,670.0,1218.0,885.0,1493.0,632.0,1652.0,838.0
26019,18:09.500,27:41.547,3,447.0,568.0,630.0,812.0,1051.0,670.0,1218.0,885.0,1493.0,631.0,1653.0,837.0
26020,18:10.000,27:41.580,3,446.0,568.0,630.0,812.0,1051.0,669.0,1217.0,885.0,1493.0,631.0,1652.0,838.0
26021,18:10.500,27:41.613,3,447.0,569.0,630.0,813.0,1050.0,670.0,1216.0,888.0,1493.0,637.0,1651.0,838.0
26022,18:11.000,27:41.647,3,447.0,569.0,630.0,813.0,1050.0,671.0,1216.0,889.0,1493.0,639.0,1650.0,838.0
26023,18:11.500,27:41.680,3,447.0,569.0,630.0,814.0,1049.0,673.0,1215.0,889.0,1493.0,639.0,1650.0,838.0
26024,18:12.000,27:41.713,3,447.0,570.0,631.0,814.0,1049.0,675.0,1215.0,891.0,1493.0,639.0,1651.0,839.0
26025,18:12.500,27:41.748,3,447.0,571.0,631.0,815.0,1048.0,677.0,1214.0,891.0,1492.0,639.0,1650.0,840.0
26026,18:13.000,27:41.782,3,447.0,573.0,630.0,817.0,1047.0,678.0,1213.0,892.0,1491.0,641.0,1650.0,841.0
26027,18:13.500,27:41.815,3,446.0,574.0,630.0,819.0,1046.0,678.0,1211.0,893.0,1491.0,641.0,1649.0,842.0
26028,18:14.000,27:41.848,3,444.0,576.0,629.0,823.0,1490.0,643.0,1648.0,846.0,1043.0,679.0,1209.0,894.0
26029,18:14.500,27:41.882,3,443.0,578.0,627.0,826.0,1487.0,647.0,1646.0,850.0,1041.0,681.0,1208.0,896.0
26030,18:15.000,27:41.915,3,441.0,578.0,626.0,827.0,1486.0,648.0,1646.0,850.0,1040.0,681.0,1206.0,897.0
26031,18:15.500,27:41.948,3,440.0,577.0,626.0,826.0,1486.0,645.0,1645.0,847.0,1039.0,680.0,1205.0,895.0
26032,18:16.000,27:41.982,3,439.0,575.0,626.0,822.0,1486.0,642.0,1645.0,842.0,1037.0,675.0,1204.0,892.0
26033,18:16.500,27:42.015,3,437.0,572.0,624.0,819.0,1036.0,671.0,1201.0,888.0,1486.0,640.0,1644.0,841.0
26034,18:17.000,27:42.048,3,433.0,569.0,622.0,818.0,1483.0,634.0,1642.0,840.0,1034.0,671.0,1197.0,885.0
26035,18:17.500,27:42.082,3,429.0,569.0,618.0,816.0,1032.0,669.0,1194.0,882.0,1479.0,633.0,1638.0,837.0
26036,18:18.000,27:42.115,3,426.0,568.0,615.0,815.0,1029.0,667.0,1191.0,881.0,1477.0,631.0,1635.0,834.0
26037,18:18.500,27:42.148,3,424.0,567.0,614.0,815.0,1027.0,667.0,1190.0,881.0,1475.0,631.0,1632.0,832.0
26038,18:19.000,27:42.182,3,423.0,568.0,613.0,817.0,1026.0,668.0,1189.0,882.0,1475.0,630.0,1631.0,835.0
26039,18:19.500,27:42.215,3,423.0,570.0,613.0,820.0,1026.0,669.0,1188.0,883.0,1475.0,630.0,1631.0,835.0
26040,18:20.000,27:42.248,3,425.0,571.0,614.0,825.0,1027.0,672.0,1188.0,884.0,1475.0,631.0,1631.0,836.0
26041,18:20.500,27:42.282,3,426.0,573.0,614.0,826.0,1028.0,671.0,1189.0,884.0,1475.0,631.0,1632.0,836.0
26042,18:21.000,27:42.315,3,426.0,573.0,614.0,828.0,1029.0,670.0,1189.0,883.0,1475.0,631.0,1632.0,836.0
26043,18:21.500,27:42.348,3,427.0,574.0,614.0,829.0,1030.0,672.0,1189.0,883.0,1476.0,633.0,1632.0,837.0
26044,18:22.000,27:42.382,3,428.0,574.0,615.0,829.0,1032.0,671.0,1190.0,883.0,1476.0,635.0,1632.0,838.0
26045,18:22.500,27:42.415,3,430.0,575.0,616.0,830.0,1476.0,636.0,1632.0,836.0,1034.0,672.0,1191.0,883.0
26046,18:23.000,27:42.448,3,432.0,576.0,618.0,831.0,1476.0,639.0,1632.0,837.0,1035.0,674.0,1192.0,884.0
26047,18:23.500,27:42.482,3,432.0,578.0,618.0,833.0,1036.0,676.0,1192.0,885.0,1476.0,641.0,1632.0,839.0
26048,18:24.000,27:42.515,3,432.0,578.0,618.0,835.0,1474.0,643.0,1630.0,843.0,1035.0,678.0,1191.0,885.0
26049,18:24.500,27:42.548,3,431.0,578.0,617.0,836.0,1473.0,644.0,1628.0,846.0,1034.0,679.0,1190.0,886.0
26050,18:25.000,27:42.582,3,430.0,577.0,616.0,835.0,1471.0,641.0,1626.0,846.0,1033.0,679.0,1189.0,885.0
26051,18:25.500,27:42.615,3,429.0,576.0,615.0,834.0,1469.0,641.0,1625.0,845.0,1032.0,677.0,1189.0,884.0
26052,18:26.000,27:42.648,3,428.0,576.0,615.0,833.0,1468.0,639.0,1624.0,843.0,1032.0,676.0,1188.0,884.0
26053,18:26.500,27:42.682,3,427.0,576.0,614.0,833.0,1031.0,674.0,1188.0,883.0,1466.0,639.0,1622.0,838.0
26054,18:27.000,27:42.715,3,427.0,576.0,613.0,833.0,1030.0,674.0,1187.0,883.0,1465.0,639.0,1622.0,837.0
26055,18:27.500,27:42.748,3,426.0,576.0,612.0,835.0,1028.0,674.0,1187.0,883.0,1464.0,638.0,1621.0,836.0
26056,18:28.000,27:42.782,3,425.0,577.0,612.0,835.0,1027.0,673.0,1185.0,884.0,1463.0,639.0,1620.0,836.0
26057,18:28.500,27:42.815,3,424.0,576.0,611.0,836.0,1025.0,673.0,1183.0,884.0,1461.0,640.0,1618.0,836.0
26058,18:29.000,27:42.848,3,422.0,577.0,609.0,838.0,1023.0,674.0,1182.0,885.0,1459.0,640.0,1614.0,836.0
26059,18:29.500,27:42.882,3,420.0,577.0,607.0,838.0,1022.0,674.0,1180.0,884.0,1457.0,639.0,1613.0,835.0
26060,18:30.000,27:42.915,3,418.0,576.0,605.0,837.0,1019.0,672.0,1178.0,884.0,1455.0,639.0,1612.0,835.0
26061,18:30.500,27:42.948,3,416.0,574.0,604.0,836.0,1019.0,670.0,1177.0,883.0,1453.0,639.0,1610.0,834.0
26062,18:31.000,27:42.982,3,415.0,574.0,603.0,834.0,1018.0,669.0,1177.0,882.0,1453.0,639.0,1609.0,834.0
26063,18:31.500,27:43.015,3,415.0,574.0,603.0,835.0,1019.0,668.0,1177.0,882.0,1453.0,637.0,1609.0,835.0
26064,18:32.000,27:43.048,3,416.0,574.0,604.0,835.0,1019.0,669.0,1177.0,882.0,1453.0,638.0,1609.0,836.0
26065,18:32.500,27:43.082,3,417.0,575.0,604.0,837.0,1020.0,671.0,1179.0,884.0,1455.0,639.0,1611.0,837.0
26066,18:33.000,27:43.115,3,418.0,577.0,604.0,837.0,1021.0,671.0,1179.0,885.0,1455.0,639.0,1610.0,838.0
26067,18:33.500,27:43.148,3,417.0,577.0,605.0,836.0,1021.0,673.0,1179.0,887.0,1457.0,641.0,1610.0,840.0
26068,18:34.000,27:43.182,3,416.0,579.0,604.0,835.0,1021.0,674.0,1178.0,888.0,1456.0,641.0,1609.0,841.0
26069,18:34.500,27:43.215,3,414.0,579.0,602.0,834.0,1020.0,675.0,1178.0,889.0,1454.0,642.0,1609.0,841.0
26070,18:35.000,27:43.248,3,413.0,579.0,600.0,836.0,1019.0,674.0,1177.0,889.0,1453.0,640.0,1608.0,842.0
26071,18:35.500,27:43.282,3,412.0,581.0,600.0,841.0,1020.0,674.0,1178.0,889.0,1455.0,642.0,1609.0,842.0
26072,18:36.000,27:43.315,3,413.0,581.0,601.0,840.0,1021.0,673.0,1178.0,888.0,1457.0,642.0,1610.0,842.0
26073,18:36.500,27:43.348,3,414.0,581.0,601.0,838.0,1023.0,672.0,1181.0,888.0,1458.0,643.0,1611.0,843.0
26074,18:37.000,27:43.382,3,414.0,582.0,601.0,837.0,1023.0,672.0,1182.0,889.0,1458.0,642.0,1612.0,845.0
26075,18:37.500,27:43.415,3,414.0,583.0,601.0,837.0,1024.0,672.0,1182.0,889.0,1458.0,643.0,1613.0,847.0
26076,18:38.000,27:43.448,3,413.0,583.0,600.0,837.0,1458.0,642.0,1612.0,848.0,1023.0,672.0,1182.0,889.0
26077,18:38.500,27:43.482,3,411.0,583.0,599.0,834.0,1022.0,671.0,1181.0,889.0,1458.0,641.0,1612.0,848.0
26078,18:39.000,27:43.515,3,409.0,581.0,599.0,832.0,1021.0,670.0,1178.0,888.0,1457.0,641.0,1612.0,845.0
26079,18:39.500,27:43.548,3,408.0,580.0,598.0,830.0,1020.0,670.0,1178.0,887.0,1457.0,638.0,1612.0,842.0
26080,18:40.000,27:43.582,3,407.0,579.0,597.0,829.0,1020.0,669.0,1178.0,886.0,1457.0,639.0,1612.0,838.0
26081,18:40.500,27:43.615,3,408.0,579.0,597.0,828.0,1020.0,668.0,1178.0,885.0,1457.0,639.0,1612.0,837.0
26082,18:41.000,27:43.648,3,408.0,579.0,598.0,828.0,1020.0,667.0,1179.0,885.0,1458.0,639.0,1613.0,837.0
26083,18:41.500,27:43.673,3,408.0,579.0,598.0,828.0,1020.0,667.0,1179.0,885.0,1458.0,639.0,1613.0,837.0
26084,18:42.000,27:43.690,3,408.0,579.0,598.0,828.0,1020.0,667.0,1179.0,885.0,1458.0,639.0,1613.0,837.0
26085,18:42.500,27:43.715,3,411.0,579.0,600.0,829.0,1023.0,668.0,1183.0,886.0,1460.0,639.0,1614.0,842.0
26086,18:43.000,27:43.748,3,412.0,579.0,600.0,829.0,1024.0,667.0,1183.0,885.0,1461.0,640.0,1615.0,844.0
26087,18:43.500,27:43.782,3,412.0,579.0,600.0,829.0,1025.0,667.0,1183.0,886.0,1461.0,639.0,1615.0,845.0
26088,18:44.000,27:43.815,3,413.0,579.0,601.0,829.0,1025.0,667.0,1184.0,886.0,1462.0,638.0,1617.0,847.0
26089,18:44.500,27:43.848,3,414.0,579.0,602.0,829.0,1026.0,667.0,1185.0,886.0,1463.0,638.0,1618.0,849.0
26090,18:45.000,27:43.882,3,415.0,579.0,603.0,829.0,1027.0,666.0,1186.0,886.0,1463.0,639.0,1619.0,847.0
26091,18:45.500,27:43.915,3,417.0,579.0,604.0,830.0,1028.0,666.0,1187.0,886.0,1465.0,638.0,1621.0,843.0
26092,18:46.000,27:43.948,3,418.0,579.0,606.0,829.0,1028.0,665.0,1188.0,885.0,1465.0,637.0,1622.0,841.0
26093,18:46.500,27:43.982,3,418.0,577.0,606.0,828.0,1028.0,665.0,1189.0,883.0,1465.0,637.0,1623.0,839.0
26094,18:47.000,27:44.015,3,417.0,576.0,605.0,827.0,1027.0,663.0,1187.0,882.0,1464.0,635.0,1620.0,837.0
26095,18:47.500,27:44.048,3,415.0,575.0,603.0,826.0,1025.0,662.0,1185.0,880.0,1462.0,634.0,1619.0,836.0
26096,18:48.000,27:44.082,3,413.0,575.0,601.0,826.0,1024.0,661.0,1184.0,879.0,1461.0,634.0,1617.0,836.0
26097,18:48.500,27:44.115,3,413.0,575.0,602.0,825.0,1024.0,661.0,1184.0,879.0,1462.0,634.0,1618.0,836.0
26098,18:49.000,27:44.148,3,417.0,574.0,605.0,824.0,1025.0,660.0,1186.0,878.0,1463.0,634.0,1621.0,835.0
26099,18:49.500,27:44.182,3,419.0,574.0,607.0,824.0,1027.0,658.0,1188.0,878.0,1465.0,633.0,1623.0,834.0
26100,18:50.000,27:44.215,3,420.0,575.0,609.0,823.0,1027.0,657.0,1189.0,877.0,1466.0,633.0,1625.0,834.0
26101,18:50.500,27:44.248,3,420.0,574.0,609.0,822.0,1028.0,655.0,1188.0,875.0,1467.0,632.0,1625.0,834.0
26102,18:51.000,27:44.282,3,420.0,574.0,609.0,822.0,1027.0,654.0,1187.0,875.0,1466.0,632.0,1625.0,833.0
26103,18:51.500,27:44.315,3,419.0,574.0,608.0,823.0,1026.0,654.0,1184.0,875.0,1466.0,632.0,1624.0,833.0
26104,18:52.000,27:44.348,3,419.0,575.0,607.0,823.0,1024.0,654.0,1182.0,877.0,1466.0,633.0,1624.0,834.0
26105,18:52.500,27:44.382,3,418.0,574.0,606.0,824.0,1019.0,655.0,1181.0,879.0,1466.0,633.0,1623.0,836.0
26106,18:53.000,27:44.415,3,417.0,574.0,606.0,824.0,1017.0,657.0,1178.0,880.0,1465.0,633.0,1624.0,837.0
26107,18:53.500,27:44.448,3,417.0,575.0,606.0,824.0,1015.0,658.0,1176.0,882.0,1467.0,633.0,1625.0,837.0
26108,18:54.000,27:44.482,3,418.0,575.0,606.0,824.0,1013.0,659.0,1172.0,883.0,1468.0,631.0,1626.0,837.0
26109,18:54.500,27:44.515,3,419.0,574.0,607.0,824.0,1012.0,660.0,1170.0,885.0,1471.0,631.0,1627.0,838.0
26110,18:55.000,27:44.548,3,419.0,574.0,608.0,823.0,1006.0,661.0,1165.0,886.0,1472.0,630.0,1628.0,839.0
26111,18:55.500,27:44.582,3,419.0,574.0,607.0,822.0,1002.0,661.0,1160.0,886.0,1473.0,631.0,1628.0,839.0
26112,18:56.000,27:44.615,3,419.0,574.0,607.0,821.0,996.0,661.0,1155.0,887.0,1474.0,630.0,1629.0,838.0
26113,18:56.500,27:44.648,3,419.0,573.0,607.0,819.0,990.0,659.0,1150.0,888.0,1475.0,629.0,1630.0,835.0
26114,18:57.000,27:44.682,3,418.0,571.0,607.0,818.0,985.0,659.0,1144.0,888.0,1475.0,629.0,1631.0,833.0
26115,18:57.500,27:44.715,3,419.0,569.0,607.0,816.0,981.0,660.0,1140.0,888.0,1476.0,628.0,1632.0,830.0
26116,18:58.000,27:44.748,3,420.0,567.0,608.0,815.0,977.0,661.0,1137.0,888.0,1477.0,626.0,1634.0,827.0
26117,18:58.500,27:44.782,3,421.0,566.0,610.0,813.0,976.0,661.0,1135.0,887.0,1478.0,624.0,1636.0,826.0
26118,18:59.000,27:44.815,3,422.0,565.0,612.0,812.0,975.0,661.0,1134.0,888.0,1479.0,623.0,1638.0,826.0
26119,18:59.500,27:44.848,3,424.0,566.0,613.0,812.0,974.0,663.0,1133.0,888.0,1481.0,623.0,1640.0,826.0
26120,19:00.000,27:44.882,3,425.0,566.0,614.0,812.0,973.0,664.0,1133.0,888.0,1481.0,624.0,1640.0,828.0
26121,19:00.500,27:44.915,3,425.0,565.0,614.0,811.0,972.0,665.0,1132.0,889.0,1482.0,625.0,1640.0,828.0
26122,19:01.000,27:44.948,3,425.0,564.0,614.0,810.0,972.0,665.0,1131.0,890.0,1481.0,626.0,1640.0,828.0
26123,19:01.500,27:44.982,3,426.0,565.0,614.0,810.0,972.0,666.0,1131.0,891.0,1482.0,626.0,1640.0,827.0
26124,19:02.000,27:45.015,3,426.0,564.0,614.0,810.0,973.0,666.0,1131.0,892.0,1482.0,625.0,1641.0,825.0
26125,19:02.500,27:45.048,3,427.0,563.0,615.0,809.0,974.0,667.0,1131.0,893.0,1482.0,623.0,1641.0,823.0
26126,19:03.000,27:45.082,3,427.0,562.0,614.0,808.0,974.0,668.0,1131.0,894.0,1482.0,623.0,1641.0,823.0
26127,19:03.500,27:45.115,3,427.0,562.0,614.0,808.0,974.0,669.0,1131.0,896.0,1482.0,623.0,1641.0,823.0
26128,19:04.000,27:45.148,3,427.0,562.0,614.0,808.0,973.0,669.0,1131.0,896.0,1482.0,623.0,1641.0,823.0
26129,19:04.500,27:45.182,3,427.0,561.0,614.0,807.0,973.0,669.0,1131.0,897.0,1482.0,622.0,1641.0,823.0
26130,19:05.000,27:45.215,3,428.0,560.0,614.0,806.0,974.0,669.0,1131.0,896.0,1483.0,620.0,1641.0,824.0
26131,19:05.500,27:45.248,3,427.0,559.0,614.0,805.0,973.0,669.0,1130.0,896.0,1483.0,618.0,1641.0,822.0
26132,19:06.000,27:45.282,3,425.0,558.0,613.0,805.0,970.0,668.0,1128.0,896.0,1482.0,617.0,1640.0,821.0
26133,19:06.500,27:45.315,3,423.0,558.0,612.0,805.0,968.0,668.0,1126.0,896.0,1481.0,618.0,1640.0,819.0
26134,19:07.000,27:45.348,3,422.0,557.0,611.0,805.0,966.0,668.0,1124.0,895.0,1481.0,616.0,1640.0,819.0
26135,19:07.500,27:45.382,3,421.0,558.0,610.0,806.0,964.0,669.0,1122.0,896.0,1481.0,616.0,1639.0,820.0
26136,19:08.000,27:45.415,3,422.0,558.0,610.0,806.0,963.0,670.0,1121.0,897.0,1483.0,615.0,1640.0,822.0
26137,19:08.500,27:45.448,3,422.0,559.0,611.0,806.0,963.0,670.0,1120.0,898.0,1484.0,614.0,1641.0,825.0
26138,19:09.000,27:45.482,3,422.0,559.0,611.0,806.0,962.0,670.0,1120.0,898.0,1485.0,614.0,1642.0,827.0
26139,19:09.500,27:45.515,3,422.0,558.0,611.0,806.0,960.0,671.0,1119.0,898.0,1485.0,615.0,1642.0,825.0
26140,19:10.000,27:45.548,3,422.0,558.0,611.0,806.0,958.0,671.0,1118.0,899.0,1485.0,615.0,1642.0,823.0
26141,19:10.500,27:45.582,3,422.0,558.0,611.0,806.0,957.0,671.0,1118.0,902.0,1485.0,615.0,1642.0,822.0
26142,19:11.000,27:45.615,3,423.0,558.0,611.0,806.0,956.0,671.0,1117.0,902.0,1485.0,616.0,1643.0,821.0
26143,19:11.500,27:45.648,3,424.0,559.0,612.0,806.0,958.0,672.0,1119.0,902.0,1486.0,616.0,1643.0,821.0
26144,19:12.000,27:45.682,3,424.0,559.0,612.0,806.0,960.0,672.0,1119.0,902.0,1486.0,615.0,1643.0,821.0
26145,19:12.500,27:45.715,3,423.0,557.0,612.0,804.0,959.0,670.0,1119.0,900.0,1485.0,614.0,1642.0,822.0
26146,19:13.000,27:45.748,3,422.0,555.0,610.0,804.0,958.0,671.0,1118.0,899.0,1485.0,613.0,1641.0,822.0
26147,19:13.500,27:45.782,3,422.0,555.0,610.0,804.0,958.0,670.0,1119.0,898.0,1484.0,612.0,1641.0,821.0
26148,19:14.000,27:45.815,3,422.0,556.0,611.0,804.0,959.0,671.0,1119.0,899.0,1485.0,613.0,1641.0,818.0
26149,19:14.500,27:45.848,3,424.0,556.0,612.0,804.0,961.0,671.0,1120.0,899.0,1486.0,613.0,1642.0,817.0
26150,19:15.000,27:45.882,3,425.0,556.0,613.0,804.0,963.0,673.0,1121.0,899.0,1487.0,613.0,1644.0,818.0
26151,19:15.500,27:45.917,3,426.0,557.0,614.0,804.0,964.0,673.0,1123.0,901.0,1489.0,613.0,1646.0,819.0
26152,19:16.000,27:45.950,3,427.0,559.0,614.0,805.0,966.0,675.0,1124.0,903.0,1489.0,612.0,1646.0,820.0
26153,19:16.500,27:45.983,3,426.0,565.0,614.0,811.0,966.0,682.0,1125.0,910.0,1490.0,616.0,1646.0,823.0
26154,19:17.000,27:46.017,3,427.0,578.0,614.0,827.0,966.0,697.0,1127.0,925.0,1490.0,624.0,1647.0,835.0
26155,19:17.500,27:46.050,3,430.0,605.0,616.0,853.0,973.0,720.0,1132.0,948.0,1492.0,647.0,1650.0,852.0
26156,19:18.000,27:46.083,3,433.0,634.0,621.0,886.0,976.0,747.0,1137.0,974.0,1496.0,668.0,1653.0,873.0
26157,19:18.500,27:46.117,3,434.0,665.0,620.0,911.0,979.0,764.0,1139.0,994.0,1498.0,689.0,1654.0,887.0
26158,19:19.000,27:46.150,3,428.0,710.0,613.0,957.0,972.0,806.0,1136.0,1034.0,1489.0,719.0,1646.0,920.0
26159,19:19.500,27:46.183,3,406.0,797.0,594.0,1039.0,958.0,878.0,1123.0,1112.0,1475.0,791.0,1630.0,998.0
26160,19:20.000,27:46.217,3,372.0,874.0,567.0,1130.0,938.0,965.0,1103.0,1201.0,1454.0,870.0,1610.0,1083.0
26161,19:20.500,27:46.250,3,344.0,935.0,542.0,1187.0,919.0,1019.0,1086.0,1261.0,1437.0,929.0,1591.0,1137.0
26162,19:21.000,27:46.283,3,907.0,1026.0,1073.0,1264.0,328.0,931.0,525.0,1187.0,1423.0,936.0,1577.0,1144.0
26163,19:21.500,27:46.317,3,903.0,974.0,1070.0,1212.0,327.0,869.0,524.0,1126.0,1418.0,893.0,1571.0,1102.0
26164,19:22.000,27:46.350,3,912.0,885.0,1077.0,1120.0,341.0,776.0,536.0,1025.0,1421.0,817.0,1573.0,1019.0
26165,19:22.500,27:46.383,3,361.0,672.0,552.0,920.0,927.0,783.0,1091.0,1013.0,1433.0,716.0,1587.0,916.0
26166,19:23.000,27:46.417,3,374.0,583.0,567.0,829.0,944.0,692.0,1106.0,922.0,1447.0,620.0,1602.0,828.0
26167,19:23.500,27:46.450,3,388.0,544.0,577.0,797.0,956.0,656.0,1118.0,885.0,1461.0,586.0,1614.0,789.0
26168,19:24.000,27:46.483,3,961.0,680.0,1121.0,909.0,393.0,574.0,582.0,821.0,1463.0,603.0,1618.0,807.0
26169,19:24.500,27:46.517,3,963.0,724.0,1124.0,954.0,398.0,621.0,586.0,865.0,1464.0,643.0,1619.0,849.0
26170,19:25.000,27:46.550,3,965.0,765.0,1129.0,997.0,401.0,656.0,588.0,903.0,1467.0,695.0,1621.0,892.0
26171,19:25.500,27:46.583,3,968.0,792.0,1130.0,1024.0,404.0,685.0,591.0,927.0,1468.0,721.0,1623.0,923.0
26172,19:26.000,27:46.617,3,968.0,794.0,1130.0,1024.0,404.0,681.0,590.0,925.0,1469.0,725.0,1622.0,924.0
26173,19:26.500,27:46.650,3,966.0,760.0,1129.0,994.0,401.0,642.0,588.0,892.0,1467.0,698.0,1621.0,894.0
26174,19:27.000,27:46.683,3,396.0,597.0,584.0,844.0,964.0,721.0,1127.0,952.0,1464.0,649.0,1620.0,855.0
26175,19:27.500,27:46.717,3,387.0,585.0,576.0,833.0,957.0,705.0,1120.0,935.0,1458.0,634.0,1612.0,839.0
26176,19:28.000,27:46.750,3,371.0,602.0,565.0,848.0,949.0,721.0,1111.0,953.0,1448.0,652.0,1601.0,854.0
26177,19:28.500,27:46.783,3,361.0,623.0,555.0,874.0,940.0,747.0,1103.0,978.0,1437.0,675.0,1593.0,877.0
26178,19:29.000,27:46.817,3,348.0,637.0,544.0,889.0,930.0,764.0,1095.0,994.0,1429.0,694.0,1582.0,894.0
26179,19:29.500,27:46.850,3,925.0,768.0,1090.0,997.0,340.0,639.0,537.0,892.0,1422.0,702.0,1575.0,898.0
26180,19:30.000,27:46.883,3,921.0,755.0,1087.0,984.0,336.0,628.0,530.0,877.0,1418.0,690.0,1572.0,887.0
26181,19:30.500,27:46.917,3,332.0,603.0,527.0,856.0,920.0,733.0,1085.0,960.0,1417.0,654.0,1570.0,865.0
26182,19:31.000,27:46.950,3,330.0,604.0,525.0,856.0,919.0,730.0,1084.0,957.0,1416.0,653.0,1567.0,861.0
26183,19:31.500,27:46.983,3,915.0,748.0,1082.0,979.0,326.0,625.0,522.0,875.0,1412.0,672.0,1563.0,876.0
26184,19:32.000,27:47.017,3,916.0,766.0,1082.0,999.0,327.0,645.0,522.0,899.0,1411.0,698.0,1562.0,893.0
26185,19:32.500,27:47.050,3,328.0,658.0,524.0,910.0,917.0,781.0,1083.0,1010.0,1413.0,710.0,1564.0,904.0
26186,19:33.000,27:47.083,3,922.0,777.0,1088.0,1008.0,332.0,654.0,527.0,904.0,1416.0,707.0,1568.0,902.0
26187,19:33.500,27:47.117,3,927.0,763.0,1093.0,993.0,338.0,636.0,534.0,890.0,1419.0,696.0,1574.0,889.0
26188,19:34.000,27:47.150,3,347.0,624.0,541.0,874.0,933.0,745.0,1097.0,977.0,1424.0,673.0,1578.0,880.0
26189,19:34.500,27:47.183,3,353.0,633.0,547.0,884.0,937.0,753.0,1100.0,986.0,1428.0,685.0,1582.0,886.0
26190,19:35.000,27:47.217,3,938.0,781.0,1102.0,1013.0,356.0,663.0,549.0,912.0,1429.0,709.0,1582.0,909.0
26191,19:35.500,27:47.250,3,359.0,688.0,553.0,936.0,940.0,802.0,1104.0,1035.0,1430.0,726.0,1582.0,927.0
26192,19:36.000,27:47.283,3,361.0,689.0,555.0,936.0,942.0,803.0,1106.0,1036.0,1432.0,728.0,1586.0,928.0
26193,19:36.500,27:47.317,3,364.0,665.0,555.0,917.0,944.0,787.0,1106.0,1017.0,1433.0,712.0,1588.0,911.0
26194,19:37.000,27:47.350,3,366.0,641.0,556.0,892.0,946.0,765.0,1109.0,994.0,1436.0,690.0,1590.0,889.0
26195,19:37.500,27:47.383,3,367.0,643.0,558.0,893.0,947.0,764.0,1111.0,994.0,1437.0,689.0,1591.0,890.0
26196,19:38.000,27:47.417,3,368.0,660.0,560.0,911.0,949.0,780.0,1111.0,1010.0,1437.0,703.0,1591.0,903.0
26197,19:38.500,27:47.450,3,371.0,688.0,563.0,932.0,952.0,796.0,1115.0,1029.0,1440.0,717.0,1594.0,921.0
26198,19:39.000,27:47.483,3,375.0,699.0,567.0,948.0,956.0,809.0,1120.0,1043.0,1444.0,729.0,1597.0,932.0
26199,19:39.500,27:47.517,3,960.0,809.0,1124.0,1041.0,383.0,699.0,573.0,945.0,1447.0,727.0,1599.0,929.0
26200,19:40.000,27:47.550,3,963.0,789.0,1126.0,1022.0,386.0,679.0,577.0,925.0,1450.0,714.0,1604.0,911.0
26201,19:40.500,27:47.583,3,390.0,654.0,579.0,903.0,965.0,771.0,1130.0,1004.0,1452.0,696.0,1606.0,894.0
26202,19:41.000,27:47.617,3,965.0,779.0,1129.0,1011.0,388.0,665.0,578.0,916.0,1453.0,700.0,1606.0,899.0
26203,19:41.500,27:47.650,3,963.0,797.0,1127.0,1028.0,387.0,688.0,575.0,933.0,1449.0,717.0,1603.0,916.0
26204,19:42.000,27:47.683,3,961.0,809.0,1125.0,1042.0,384.0,700.0,573.0,946.0,1447.0,726.0,1600.0,929.0
26205,19:42.500,27:47.717,3,379.0,698.0,570.0,946.0,959.0,808.0,1123.0,1041.0,1445.0,727.0,1598.0,929.0
26206,19:43.000,27:47.750,3,377.0,690.0,568.0,936.0,958.0,795.0,1121.0,1029.0,1444.0,716.0,1597.0,919.0
26207,19:43.500,27:47.783,3,373.0,670.0,564.0,920.0,955.0,782.0,1118.0,1014.0,1443.0,705.0,1596.0,904.0
26208,19:44.000,27:47.817,3,370.0,666.0,563.0,917.0,955.0,779.0,1118.0,1010.0,1440.0,699.0,1595.0,900.0
26209,19:44.500,27:47.850,3,369.0,669.0,561.0,920.0,954.0,782.0,1116.0,1014.0,1439.0,704.0,1593.0,904.0
26210,19:45.000,27:47.883,3,370.0,677.0,562.0,923.0,953.0,787.0,1116.0,1019.0,1439.0,710.0,1593.0,911.0
26211,19:45.500,27:47.917,3,370.0,678.0,562.0,923.0,953.0,789.0,1115.0,1021.0,1440.0,712.0,1594.0,913.0
26212,19:46.000,27:47.950,3,369.0,669.0,561.0,920.0,953.0,786.0,1115.0,1017.0,1440.0,709.0,1593.0,909.0
26213,19:46.500,27:47.983,3,370.0,663.0,563.0,912.0,954.0,780.0,1116.0,1012.0,1440.0,701.0,1594.0,902.0
26214,19:47.000,27:48.017,3,372.0,651.0,564.0,904.0,955.0,772.0,1119.0,1005.0,1442.0,695.0,1596.0,894.0
26215,19:47.500,27:48.050,3,375.0,647.0,566.0,900.0,957.0,769.0,1120.0,1001.0,1444.0,695.0,1597.0,894.0
26216,19:48.000,27:48.083,3,378.0,647.0,570.0,899.0,958.0,772.0,1122.0,1003.0,1446.0,695.0,1599.0,894.0
26217,19:48.500,27:48.117,3,383.0,649.0,573.0,900.0,961.0,774.0,1126.0,1005.0,1449.0,696.0,1602.0,896.0
26218,19:49.000,27:48.150,3,387.0,648.0,578.0,900.0,964.0,772.0,1129.0,1006.0,1451.0,698.0,1605.0,897.0
26219,19:49.500,27:48.183,3,967.0,765.0,1133.0,1001.0,391.0,643.0,581.0,895.0,1454.0,697.0,1608.0,893.0
26220,19:50.000,27:48.217,3,969.0,756.0,1134.0,991.0,392.0,636.0,583.0,889.0,1456.0,691.0,1612.0,884.0
26221,19:50.500,27:48.250,3,970.0,750.0,1133.0,985.0,392.0,631.0,582.0,882.0,1455.0,684.0,1612.0,880.0
26222,19:51.000,27:48.283,3,966.0,755.0,1131.0,988.0,389.0,638.0,580.0,890.0,1451.0,687.0,1608.0,885.0
26223,19:51.500,27:48.317,3,381.0,653.0,571.0,904.0,962.0,770.0,1127.0,999.0,1447.0,696.0,1601.0,894.0
26224,19:52.000,27:48.350,3,372.0,673.0,563.0,921.0,957.0,783.0,1121.0,1015.0,1440.0,705.0,1594.0,905.0
26225,19:52.500,27:48.383,3,368.0,688.0,559.0,933.0,953.0,792.0,1116.0,1024.0,1434.0,713.0,1589.0,913.0
26226,19:53.000,27:48.417,3,366.0,691.0,557.0,935.0,951.0,796.0,1114.0,1029.0,1433.0,718.0,1587.0,916.0
26227,19:53.500,27:48.450,3,365.0,687.0,556.0,931.0,950.0,798.0,1112.0,1029.0,1431.0,720.0,1586.0,915.0
26228,19:54.000,27:48.483,3,361.0,669.0,553.0,919.0,947.0,792.0,1111.0,1021.0,1428.0,712.0,1584.0,910.0
26229,19:54.500,27:48.517,3,360.0,646.0,550.0,893.0,947.0,773.0,1109.0,1004.0,1427.0,691.0,1581.0,890.0
26230,19:55.000,27:48.550,3,357.0,617.0,549.0,862.0,946.0,742.0,1109.0,972.0,1427.0,657.0,1581.0,863.0
26231,19:55.500,27:48.583,3,358.0,578.0,549.0,823.0,950.0,702.0,1112.0,931.0,1430.0,623.0,1584.0,826.0
26232,19:56.000,27:48.617,3,360.0,530.0,548.0,780.0,955.0,658.0,1116.0,891.0,1434.0,585.0,1590.0,783.0
26233,19:56.500,27:48.650,3,361.0,508.0,553.0,760.0,959.0,631.0,1122.0,868.0,1440.0,555.0,1597.0,762.0
26234,19:57.000,27:48.683,3,363.0,507.0,554.0,757.0,964.0,625.0,1126.0,859.0,1446.0,547.0,1602.0,758.0
26235,19:57.500,27:48.717,3,969.0,634.0,1132.0,867.0,367.0,515.0,554.0,768.0,1449.0,557.0,1608.0,765.0
26236,19:58.000,27:48.750,3,370.0,531.0,556.0,782.0,972.0,644.0,1138.0,880.0,1453.0,574.0,1611.0,777.0
26237,19:58.500,27:48.783,3,371.0,551.0,557.0,801.0,978.0,665.0,1139.0,898.0,1457.0,595.0,1615.0,793.0
26238,19:59.000,27:48.817,3,375.0,571.0,562.0,814.0,981.0,684.0,1144.0,916.0,1461.0,608.0,1619.0,808.0
26239,19:59.500,27:48.850,3,378.0,582.0,562.0,825.0,985.0,695.0,1148.0,933.0,1464.0,623.0,1623.0,824.0
26240,20:00.000,27:48.883,3,987.0,706.0,1152.0,942.0,382.0,591.0,564.0,835.0,1467.0,629.0,1626.0,835.0
26241,20:00.500,27:48.917,3,993.0,709.0,1156.0,943.0,387.0,587.0,569.0,831.0,1471.0,628.0,1630.0,838.0
26242,20:01.000,27:48.950,3,999.0,700.0,1161.0,930.0,394.0,578.0,576.0,820.0,1477.0,627.0,1637.0,832.0
26243,20:01.500,27:48.983,3,1006.0,689.0,1168.0,920.0,401.0,571.0,583.0,808.0,1483.0,619.0,1644.0,823.0
26244,20:02.000,27:49.017,3,412.0,562.0,590.0,799.0,1014.0,678.0,1176.0,910.0,1493.0,608.0,1653.0,813.0
26245,20:02.500,27:49.050,3,1023.0,678.0,1184.0,908.0,1502.0,601.0,1661.0,810.0,423.0,561.0,601.0,802.0
26246,20:03.000,27:49.083,3,438.0,575.0,613.0,811.0,1033.0,686.0,1195.0,918.0,1511.0,605.0,1673.0,816.0
26247,20:03.500,27:49.117,3,1045.0,699.0,1207.0,927.0,452.0,586.0,627.0,822.0,1523.0,614.0,1685.0,824.0
26248,20:04.000,27:49.150,3,1055.0,703.0,1215.0,932.0,1534.0,617.0,1696.0,828.0,465.0,596.0,638.0,829.0
26249,20:04.500,27:49.183,3,1063.0,703.0,1224.0,931.0,1542.0,619.0,1706.0,830.0,475.0,596.0,645.0,828.0
26250,20:05.000,27:49.217,3,1069.0,703.0,1230.0,930.0,482.0,591.0,653.0,824.0,1550.0,618.0,1713.0,828.0
26251,20:05.500,27:49.250,3,485.0,590.0,658.0,822.0,1074.0,700.0,1234.0,930.0,1556.0,621.0,1717.0,829.0
26252,20:06.000,27:49.283,3,1075.0,702.0,1237.0,934.0,487.0,593.0,660.0,824.0,1559.0,626.0,1723.0,834.0
26253,20:06.500,27:49.317,3,1076.0,710.0,1238.0,941.0,491.0,598.0,665.0,831.0,1559.0,628.0,1724.0,840.0
26254,20:07.000,27:49.350,3,493.0,606.0,666.0,840.0,1077.0,721.0,1239.0,951.0,1564.0,636.0,1725.0,851.0
26255,20:07.500,27:49.383,3,1077.0,726.0,1238.0,959.0,495.0,618.0,668.0,847.0,1565.0,646.0,1726.0,858.0
26256,20:08.000,27:49.417,3,1078.0,732.0,1240.0,963.0,1565.0,650.0,1728.0,865.0,495.0,625.0,668.0,854.0
26257,20:08.500,27:49.450,3,1078.0,732.0,1240.0,963.0,1565.0,649.0,1728.0,865.0,495.0,625.0,668.0,853.0
26258,20:09.000,27:49.483,3,1078.0,730.0,1239.0,961.0,1565.0,646.0,1728.0,864.0,498.0,620.0,669.0,848.0
26259,20:09.500,27:49.517,3,1077.0,728.0,1238.0,956.0,497.0,616.0,669.0,844.0,1565.0,647.0,1727.0,858.0
26260,20:10.000,27:49.550,3,494.0,606.0,668.0,841.0,1076.0,722.0,1237.0,950.0,1564.0,640.0,1725.0,854.0
26261,20:10.500,27:49.583,3,491.0,599.0,665.0,834.0,1074.0,714.0,1235.0,944.0,1562.0,633.0,1723.0,846.0
26262,20:11.000,27:49.617,3,486.0,597.0,660.0,831.0,1072.0,708.0,1232.0,936.0,1559.0,628.0,1722.0,838.0
26263,20:11.500,27:49.650,3,483.0,594.0,655.0,827.0,1068.0,707.0,1228.0,932.0,1557.0,624.0,1719.0,834.0
26264,20:12.000,27:49.683,3,1064.0,703.0,1226.0,931.0,480.0,593.0,651.0,827.0,1553.0,620.0,1714.0,830.0
26265,20:12.500,27:49.717,3,1063.0,707.0,1224.0,932.0,477.0,596.0,650.0,830.0,1551.0,624.0,1713.0,832.0
26266,20:13.000,27:49.750,3,1062.0,710.0,1222.0,939.0,474.0,601.0,647.0,836.0,1549.0,622.0,1711.0,835.0
26267,20:13.500,27:49.783,3,1060.0,714.0,1221.0,945.0,471.0,605.0,645.0,839.0,1547.0,625.0,1709.0,839.0
26268,20:14.000,27:49.817,3,1058.0,719.0,1220.0,948.0,470.0,607.0,644.0,841.0,1547.0,633.0,1709.0,844.0
26269,20:14.500,27:49.850,3,1058.0,721.0,1220.0,950.0,470.0,610.0,644.0,843.0,1546.0,636.0,1709.0,848.0
26270,20:15.000,27:49.883,3,1059.0,722.0,1221.0,950.0,471.0,609.0,644.0,843.0,1549.0,634.0,1711.0,848.0
26271,20:15.500,27:49.917,3,1060.0,723.0,1222.0,950.0,472.0,609.0,645.0,843.0,1550.0,634.0,1712.0,848.0
26272,20:16.000,27:49.950,3,1060.0,724.0,1222.0,950.0,472.0,609.0,645.0,843.0,1551.0,634.0,1713.0,849.0
26273,20:16.500,27:49.983,3,1060.0,725.0,1222.0,950.0,472.0,610.0,645.0,844.0,1550.0,636.0,1712.0,850.0
26274,20:17.000,27:50.017,3,1059.0,727.0,1221.0,951.0,472.0,613.0,644.0,844.0,1550.0,640.0,1711.0,851.0
26275,20:17.500,27:50.050,3,1059.0,726.0,1221.0,951.0,471.0,611.0,644.0,844.0,1550.0,640.0,1711.0,851.0
26276,20:18.000,27:50.085,3,1059.0,721.0,1221.0,948.0,471.0,606.0,644.0,840.0,1550.0,638.0,1711.0,848.0
26277,20:18.500,27:50.118,3,1060.0,714.0,1220.0,942.0,472.0,601.0,645.0,835.0,1550.0,629.0,1712.0,842.0
26278,20:19.000,27:50.152,3,1060.0,710.0,1220.0,935.0,472.0,596.0,645.0,828.0,1551.0,627.0,1712.0,836.0
26279,20:19.500,27:50.185,3,1059.0,710.0,1220.0,934.0,1551.0,626.0,1712.0,836.0,471.0,595.0,645.0,828.0
26280,20:20.000,27:50.218,3,1057.0,719.0,1218.0,947.0,468.0,602.0,642.0,838.0,1549.0,636.0,1710.0,846.0
26281,20:20.500,27:50.252,3,464.0,620.0,640.0,852.0,1544.0,649.0,1707.0,860.0,1053.0,735.0,1214.0,959.0
26282,20:21.000,27:50.285,3,1046.0,757.0,1208.0,983.0,455.0,637.0,633.0,873.0,1539.0,684.0,1700.0,884.0
26283,20:21.500,27:50.318,3,1033.0,783.0,1196.0,1010.0,441.0,664.0,616.0,902.0,1526.0,706.0,1686.0,906.0
26284,20:22.000,27:50.352,3,1018.0,786.0,1180.0,1015.0,425.0,673.0,601.0,914.0,1510.0,703.0,1667.0,908.0
26285,20:22.500,27:50.385,3,1005.0,752.0,1167.0,983.0,1497.0,669.0,1656.0,876.0,406.0,640.0,585.0,881.0
26286,20:23.000,27:50.418,3,999.0,698.0,1160.0,929.0,394.0,587.0,577.0,826.0,1491.0,622.0,1649.0,825.0
26287,20:23.500,27:50.452,3,998.0,646.0,1159.0,882.0,392.0,528.0,575.0,773.0,1492.0,572.0,1649.0,776.0
26288,20:24.000,27:50.485,3,1001.0,608.0,1164.0,839.0,1497.0,531.0,1656.0,742.0,396.0,480.0,578.0,726.0
26289,20:24.500,27:50.518,3,1010.0,591.0,1170.0,823.0,407.0,467.0,587.0,710.0,1507.0,518.0,1666.0,727.0
26290,20:25.000,27:50.552,3,1018.0,599.0,1178.0,832.0,420.0,474.0,597.0,721.0,1515.0,527.0,1676.0,736.0
26291,20:25.500,27:50.585,3,1024.0,614.0,1185.0,846.0,1522.0,533.0,1682.0,747.0,429.0,492.0,607.0,735.0
26292,20:26.000,27:50.618,3,1027.0,630.0,1189.0,860.0,434.0,509.0,612.0,746.0,1526.0,548.0,1686.0,761.0
26293,20:26.500,27:50.652,3,1028.0,637.0,1188.0,867.0,434.0,515.0,612.0,755.0,1526.0,559.0,1686.0,768.0
26294,20:27.000,27:50.685,3,1027.0,640.0,1188.0,871.0,434.0,518.0,612.0,758.0,1525.0,567.0,1685.0,773.0
26295,20:27.500,27:50.718,3,1026.0,640.0,1187.0,872.0,433.0,519.0,611.0,760.0,1524.0,570.0,1684.0,774.0
26296,20:28.000,27:50.752,3,1026.0,642.0,1187.0,873.0,432.0,521.0,610.0,762.0,1524.0,570.0,1684.0,774.0
26297,20:28.500,27:50.785,3,1026.0,641.0,1186.0,871.0,430.0,519.0,610.0,762.0,1523.0,570.0,1683.0,771.0
26298,20:29.000,27:50.818,3,1026.0,635.0,1186.0,863.0,430.0,513.0,610.0,755.0,1524.0,551.0,1683.0,762.0
26299,20:29.500,27:50.852,3,1026.0,615.0,1187.0,844.0,1525.0,529.0,1684.0,743.0,431.0,498.0,609.0,741.0
26300,20:30.000,27:50.885,3,429.0,484.0,607.0,728.0,1025.0,599.0,1186.0,830.0,1525.0,515.0,1685.0,723.0
26301,20:30.500,27:50.918,3,427.0,480.0,602.0,725.0,1023.0,594.0,1183.0,827.0,1522.0,513.0,1681.0,718.0
26302,20:31.000,27:50.952,3,1019.0,607.0,1182.0,839.0,424.0,492.0,600.0,740.0,1520.0,525.0,1679.0,734.0
26303,20:31.500,27:50.985,3,1019.0,630.0,1181.0,862.0,1517.0,551.0,1676.0,757.0,422.0,515.0,599.0,757.0
26304,20:32.000,27:51.018,3,1017.0,647.0,1180.0,878.0,421.0,526.0,599.0,770.0,1515.0,574.0,1674.0,775.0
26305,20:32.500,27:51.052,3,1018.0,660.0,1180.0,891.0,422.0,530.0,601.0,776.0,1517.0,595.0,1675.0,793.0
26306,20:33.000,27:51.085,3,1016.0,659.0,1178.0,889.0,420.0,523.0,599.0,765.0,1514.0,602.0,1673.0,800.0
26307,20:33.500,27:51.118,3,1016.0,650.0,1178.0,881.0,419.0,508.0,603.0,751.0,1516.0,599.0,1676.0,798.0
26308,20:34.000,27:51.152,3,1019.0,631.0,1182.0,866.0,425.0,483.0,603.0,727.0,1522.0,584.0,1681.0,784.0
26309,20:34.500,27:51.185,3,1023.0,606.0,1185.0,836.0,1527.0,546.0,1687.0,758.0,425.0,459.0,607.0,700.0
26310,20:35.000,27:51.218,3,1028.0,585.0,1192.0,818.0,1534.0,531.0,1694.0,739.0,432.0,445.0,613.0,685.0
26311,20:35.500,27:51.252,3,1033.0,584.0,1197.0,815.0,439.0,445.0,617.0,684.0,1541.0,526.0,1702.0,732.0
26312,20:36.000,27:51.285,3,1036.0,589.0,1199.0,820.0,441.0,452.0,619.0,691.0,1542.0,527.0,1704.0,737.0
26313,20:36.500,27:51.318,3,1036.0,604.0,1199.0,836.0,442.0,466.0,618.0,706.0,1542.0,541.0,1702.0,749.0
26314,20:37.000,27:51.352,3,1035.0,625.0,1198.0,857.0,441.0,484.0,618.0,723.0,1541.0,566.0,1701.0,769.0
26315,20:37.500,27:51.385,3,1031.0,639.0,1195.0,870.0,438.0,503.0,617.0,741.0,1538.0,585.0,1697.0,780.0
26316,20:38.000,27:51.418,3,1029.0,639.0,1192.0,870.0,434.0,505.0,613.0,742.0,1534.0,580.0,1693.0,779.0
26317,20:38.500,27:51.452,3,1027.0,627.0,1189.0,860.0,430.0,489.0,609.0,733.0,1531.0,565.0,1691.0,769.0
26318,20:39.000,27:51.485,3,1026.0,603.0,1188.0,836.0,1531.0,537.0,1691.0,746.0,424.0,469.0,604.0,711.0
26319,20:39.500,27:51.518,3,1027.0,591.0,1189.0,826.0,1533.0,524.0,1693.0,736.0,426.0,457.0,606.0,700.0
26320,20:40.000,27:51.552,3,1029.0,595.0,1193.0,829.0,1537.0,528.0,1697.0,737.0,428.0,461.0,609.0,704.0
26321,20:40.500,27:51.585,3,437.0,475.0,614.0,717.0,1033.0,609.0,1197.0,842.0,1540.0,540.0,1700.0,747.0
26322,20:41.000,27:51.618,3,1035.0,626.0,1199.0,858.0,440.0,492.0,615.0,734.0,1542.0,556.0,1702.0,763.0
26323,20:41.500,27:51.652,3,1035.0,636.0,1199.0,869.0,443.0,506.0,620.0,744.0,1543.0,571.0,1704.0,773.0
26324,20:42.000,27:51.685,3,1034.0,640.0,1198.0,872.0,441.0,508.0,619.0,747.0,1542.0,578.0,1703.0,778.0
26325,20:42.500,27:51.718,3,1031.0,634.0,1194.0,867.0,436.0,503.0,614.0,741.0,1538.0,570.0,1698.0,773.0
26326,20:43.000,27:51.752,3,1028.0,628.0,1191.0,860.0,432.0,491.0,611.0,734.0,1534.0,560.0,1695.0,767.0
26327,20:43.500,27:51.785,3,430.0,488.0,609.0,732.0,1027.0,625.0,1190.0,857.0,1534.0,550.0,1693.0,764.0
26328,20:44.000,27:51.818,3,431.0,488.0,610.0,732.0,1028.0,624.0,1191.0,856.0,1534.0,549.0,1694.0,762.0
26329,20:44.500,27:51.852,3,434.0,489.0,612.0,731.0,1030.0,624.0,1193.0,857.0,1537.0,549.0,1697.0,761.0
26330,20:45.000,27:51.885,3,437.0,488.0,614.0,728.0,1032.0,622.0,1196.0,855.0,1539.0,550.0,1699.0,758.0
26331,20:45.500,27:51.918,3,438.0,485.0,614.0,726.0,1033.0,621.0,1197.0,852.0,1541.0,549.0,1700.0,754.0
26332,20:46.000,27:51.952,3,438.0,482.0,614.0,723.0,1033.0,617.0,1197.0,850.0,1539.0,545.0,1699.0,751.0
26333,20:46.500,27:51.985,3,437.0,481.0,613.0,722.0,1032.0,616.0,1196.0,848.0,1538.0,544.0,1697.0,751.0
26334,20:47.000,27:52.018,3,436.0,482.0,613.0,724.0,1031.0,618.0,1195.0,849.0,1537.0,544.0,1696.0,751.0
26335,20:47.500,27:52.052,3,435.0,483.0,613.0,724.0,1031.0,617.0,1195.0,849.0,1536.0,542.0,1696.0,751.0
26336,20:48.000,27:52.085,3,434.0,480.0,612.0,723.0,1030.0,616.0,1194.0,848.0,1535.0,541.0,1696.0,751.0
26337,20:48.500,27:52.118,3,433.0,478.0,611.0,722.0,1029.0,615.0,1194.0,846.0,1534.0,539.0,1694.0,750.0
26338,20:49.000,27:52.152,3,1028.0,613.0,1193.0,845.0,432.0,476.0,610.0,721.0,1533.0,536.0,1694.0,750.0
26339,20:49.500,27:52.185,3,1532.0,536.0,1693.0,751.0,1028.0,612.0,1192.0,844.0,431.0,475.0,610.0,721.0
26340,20:50.000,27:52.218,3,1531.0,535.0,1693.0,752.0,1027.0,612.0,1191.0,844.0,431.0,475.0,609.0,720.0
26341,20:50.500,27:52.252,3,1531.0,535.0,1692.0,752.0,1027.0,612.0,1191.0,844.0,432.0,475.0,610.0,721.0
26342,20:51.000,27:52.285,3,433.0,479.0,610.0,724.0,1532.0,539.0,1693.0,754.0,1028.0,616.0,1192.0,846.0
26343,20:51.500,27:52.318,3,1029.0,637.0,1193.0,870.0,436.0,509.0,614.0,746.0,1533.0,569.0,1693.0,774.0
26344,20:52.000,27:52.352,3,1033.0,690.0,1196.0,918.0,1535.0,610.0,1694.0,824.0,443.0,564.0,621.0,799.0
26345,20:52.500,27:52.385,3,1039.0,769.0,1202.0,999.0,451.0,644.0,630.0,881.0,1539.0,697.0,1698.0,899.0
26346,20:53.000,27:52.418,3,1047.0,847.0,1211.0,1075.0,1545.0,762.0,1706.0,972.0,461.0,723.0,640.0,955.0
26347,20:53.500,27:52.452,3,1057.0,871.0,1220.0,1105.0,474.0,754.0,653.0,987.0,1556.0,793.0,1717.0,1004.0
26348,20:54.000,27:52.485,3,490.0,739.0,664.0,968.0,1564.0,776.0,1723.0,988.0,1066.0,858.0,1228.0,1089.0
26349,20:54.500,27:52.518,3,499.0,698.0,674.0,929.0,1074.0,821.0,1236.0,1049.0,1569.0,746.0,1732.0,952.0
26350,20:55.000,27:52.552,3,513.0,644.0,684.0,873.0,1082.0,767.0,1243.0,994.0,1580.0,698.0,1740.0,899.0
26351,20:55.500,27:52.585,3,1090.0,714.0,1253.0,943.0,1589.0,640.0,1752.0,850.0,520.0,591.0,693.0,822.0
26352,20:56.000,27:52.618,3,529.0,543.0,699.0,777.0,1099.0,667.0,1260.0,900.0,1599.0,603.0,1761.0,807.0
26353,20:56.500,27:52.652,3,1107.0,631.0,1269.0,865.0,536.0,509.0,707.0,740.0,1608.0,570.0,1772.0,774.0
26354,20:57.000,27:52.685,3,1618.0,554.0,1782.0,764.0,545.0,487.0,713.0,724.0,1116.0,621.0,1277.0,852.0
26355,20:57.500,27:52.718,3,1628.0,556.0,1796.0,765.0,554.0,485.0,724.0,722.0,1124.0,620.0,1286.0,851.0
26356,20:58.000,27:52.752,3,1132.0,627.0,1293.0,860.0,561.0,496.0,730.0,726.0,1637.0,565.0,1806.0,771.0
26357,20:58.500,27:52.785,3,1134.0,635.0,1297.0,872.0,564.0,510.0,734.0,740.0,1641.0,576.0,1809.0,783.0
26358,20:59.000,27:52.818,3,1643.0,591.0,1811.0,800.0,1136.0,653.0,1299.0,887.0,568.0,524.0,735.0,755.0
26359,20:59.500,27:52.852,3,1137.0,677.0,1301.0,908.0,1644.0,606.0,1812.0,821.0,567.0,543.0,736.0,778.0
26360,21:00.000,27:52.885,3,1137.0,696.0,1300.0,926.0,570.0,571.0,738.0,796.0,1644.0,625.0,1812.0,835.0
26361,21:00.500,27:52.918,3,1138.0,706.0,1301.0,935.0,570.0,579.0,739.0,806.0,1644.0,635.0,1812.0,848.0
26362,21:01.000,27:52.952,3,1646.0,642.0,1813.0,855.0,570.0,581.0,739.0,808.0,1138.0,711.0,1301.0,939.0
26363,21:01.500,27:52.985,3,1643.0,643.0,1811.0,855.0,569.0,578.0,738.0,803.0,1136.0,709.0,1299.0,938.0
26364,21:02.000,27:53.018,3,1640.0,655.0,1807.0,863.0,566.0,582.0,735.0,808.0,1134.0,716.0,1296.0,946.0
26365,21:02.500,27:53.052,3,566.0,591.0,735.0,816.0,1134.0,723.0,1294.0,955.0,1639.0,663.0,1805.0,873.0
26366,21:03.000,27:53.085,3,1133.0,734.0,1295.0,965.0,565.0,599.0,735.0,827.0,1639.0,677.0,1806.0,882.0
26367,21:03.500,27:53.118,3,1134.0,741.0,1296.0,973.0,565.0,607.0,736.0,835.0,1638.0,688.0,1806.0,887.0
26368,21:04.000,27:53.152,3,1135.0,745.0,1296.0,976.0,566.0,613.0,736.0,838.0,1638.0,689.0,1806.0,890.0
26369,21:04.500,27:53.185,3,1135.0,745.0,1295.0,975.0,565.0,613.0,736.0,838.0,1637.0,689.0,1805.0,889.0
26370,21:05.000,27:53.218,3,1133.0,739.0,1294.0,972.0,565.0,608.0,734.0,835.0,1636.0,686.0,1803.0,885.0
26371,21:05.500,27:53.252,3,1131.0,735.0,1293.0,966.0,563.0,602.0,734.0,829.0,1636.0,678.0,1801.0,882.0
26372,21:06.000,27:53.285,3,1130.0,732.0,1293.0,963.0,564.0,598.0,734.0,826.0,1634.0,676.0,1800.0,880.0
26373,21:06.500,27:53.318,3,1132.0,731.0,1293.0,962.0,565.0,597.0,734.0,825.0,1636.0,674.0,1803.0,880.0
26374,21:07.000,27:53.352,3,1133.0,730.0,1295.0,962.0,567.0,597.0,735.0,823.0,1638.0,673.0,1805.0,880.0
26375,21:07.500,27:53.385,3,1135.0,728.0,1296.0,960.0,569.0,597.0,737.0,821.0,1640.0,673.0,1806.0,879.0
26376,21:08.000,27:53.418,3,1136.0,725.0,1297.0,955.0,572.0,592.0,741.0,816.0,1642.0,666.0,1809.0,876.0
26377,21:08.500,27:53.452,3,1644.0,662.0,1812.0,873.0,1138.0,723.0,1299.0,951.0,574.0,589.0,745.0,812.0
26378,21:09.000,27:53.485,3,1646.0,658.0,1813.0,870.0,1140.0,722.0,1302.0,951.0,575.0,588.0,746.0,811.0
26379,21:09.500,27:53.518,3,1644.0,657.0,1811.0,869.0,1139.0,722.0,1301.0,951.0,574.0,590.0,744.0,813.0
26380,21:10.000,27:53.552,3,1640.0,659.0,1808.0,867.0,1137.0,722.0,1298.0,950.0,572.0,591.0,739.0,813.0
26381,21:10.500,27:53.585,3,1636.0,658.0,1804.0,864.0,569.0,590.0,735.0,814.0,1134.0,720.0,1294.0,947.0
26382,21:11.000,27:53.618,3,564.0,588.0,732.0,815.0,1634.0,655.0,1800.0,861.0,1131.0,715.0,1291.0,946.0
26383,21:11.500,27:53.652,3,560.0,586.0,730.0,815.0,1632.0,653.0,1798.0,860.0,1128.0,715.0,1289.0,946.0
26384,21:12.000,27:53.685,3,1126.0,719.0,1287.0,948.0,558.0,589.0,728.0,817.0,1629.0,656.0,1793.0,863.0
26385,21:12.500,27:53.718,3,1124.0,722.0,1286.0,950.0,1627.0,656.0,1791.0,865.0,556.0,592.0,727.0,820.0
26386,21:13.000,27:53.752,3,1123.0,724.0,1286.0,952.0,1627.0,656.0,1791.0,866.0,556.0,593.0,726.0,821.0
26387,21:13.500,27:53.785,3,1123.0,723.0,1286.0,951.0,1627.0,655.0,1791.0,865.0,556.0,592.0,726.0,820.0
26388,21:14.000,27:53.818,3,1124.0,720.0,1286.0,949.0,1627.0,654.0,1791.0,864.0,556.0,590.0,726.0,819.0
26389,21:14.500,27:53.852,3,1124.0,720.0,1286.0,949.0,1627.0,653.0,1791.0,864.0,556.0,590.0,727.0,819.0
26390,21:15.000,27:53.885,3,1124.0,718.0,1286.0,948.0,1627.0,652.0,1791.0,863.0,556.0,587.0,727.0,817.0
26391,21:15.500,27:53.918,3,1125.0,716.0,1287.0,947.0,1627.0,652.0,1792.0,861.0,556.0,586.0,727.0,816.0
26392,21:16.000,27:53.952,3,555.0,584.0,727.0,813.0,1125.0,714.0,1287.0,944.0,1627.0,651.0,1793.0,858.0
26393,21:16.500,27:53.985,3,556.0,581.0,727.0,810.0,1628.0,649.0,1793.0,856.0,1125.0,712.0,1287.0,941.0
26394,21:17.000,27:54.018,3,556.0,581.0,727.0,810.0,1629.0,648.0,1794.0,855.0,1125.0,712.0,1287.0,940.0
26395,21:17.500,27:54.052,3,555.0,580.0,726.0,809.0,1628.0,644.0,1793.0,853.0,1125.0,709.0,1286.0,937.0
26396,21:18.000,27:54.085,3,555.0,579.0,724.0,808.0,1625.0,640.0,1789.0,850.0,1123.0,707.0,1285.0,934.0
26397,21:18.500,27:54.118,3,1623.0,642.0,1787.0,852.0,1121.0,709.0,1283.0,937.0,551.0,580.0,722.0,810.0
26398,21:19.000,27:54.152,3,1118.0,711.0,1280.0,942.0,1619.0,642.0,1783.0,854.0,547.0,586.0,718.0,812.0
26399,21:19.500,27:54.185,3,1115.0,720.0,1276.0,951.0,1615.0,653.0,1780.0,863.0,545.0,596.0,715.0,823.0
26400,21:20.000,27:54.218,3,547.0,605.0,716.0,836.0,1616.0,662.0,1779.0,873.0,1114.0,733.0,1276.0,961.0
26401,21:20.500,27:54.253,3,1615.0,673.0,1779.0,881.0,548.0,613.0,716.0,841.0,1114.0,739.0,1276.0,970.0
26402,21:21.000,27:54.287,3,547.0,620.0,716.0,850.0,1114.0,745.0,1275.0,979.0,1614.0,686.0,1777.0,887.0
26403,21:21.500,27:54.320,3,1115.0,753.0,1275.0,986.0,546.0,631.0,719.0,861.0,1615.0,693.0,1778.0,894.0
26404,21:22.000,27:54.353,3,1115.0,757.0,1275.0,989.0,548.0,634.0,720.0,867.0,1615.0,697.0,1779.0,898.0
26405,21:22.500,27:54.387,3,1114.0,760.0,1275.0,993.0,547.0,640.0,719.0,869.0,1613.0,699.0,1778.0,899.0
26406,21:23.000,27:54.420,3,1112.0,756.0,1273.0,990.0,545.0,638.0,716.0,868.0,1611.0,696.0,1774.0,896.0
26407,21:23.500,27:54.453,3,1108.0,751.0,1271.0,985.0,542.0,635.0,712.0,862.0,1607.0,685.0,1770.0,888.0
26408,21:24.000,27:54.487,3,539.0,629.0,708.0,857.0,1105.0,746.0,1268.0,976.0,1603.0,674.0,1767.0,880.0
26409,21:24.500,27:54.520,3,538.0,627.0,706.0,851.0,1603.0,666.0,1765.0,873.0,1104.0,741.0,1268.0,970.0
26410,21:25.000,27:54.553,3,538.0,627.0,707.0,852.0,1603.0,667.0,1765.0,875.0,1104.0,741.0,1268.0,971.0
26411,21:25.500,27:54.587,3,538.0,631.0,707.0,858.0,1105.0,746.0,1268.0,976.0,1602.0,674.0,1765.0,880.0
26412,21:26.000,27:54.620,3,538.0,629.0,707.0,856.0,1602.0,671.0,1765.0,879.0,1105.0,744.0,1267.0,974.0
26413,21:26.500,27:54.653,3,539.0,630.0,708.0,858.0,1602.0,670.0,1767.0,879.0,1105.0,745.0,1268.0,976.0
26414,21:27.000,27:54.687,3,539.0,629.0,707.0,855.0,1603.0,669.0,1767.0,877.0,1105.0,743.0,1268.0,973.0
26415,21:27.500,27:54.720,3,540.0,627.0,709.0,853.0,1604.0,665.0,1767.0,875.0,1105.0,741.0,1269.0,972.0
26416,21:28.000,27:54.753,3,1605.0,661.0,1769.0,872.0,542.0,622.0,708.0,850.0,1106.0,740.0,1270.0,969.0
26417,21:28.500,27:54.787,3,1606.0,661.0,1770.0,870.0,544.0,621.0,710.0,848.0,1107.0,738.0,1271.0,968.0
26418,21:29.000,27:54.820,3,1609.0,658.0,1773.0,871.0,546.0,618.0,714.0,847.0,1109.0,737.0,1272.0,967.0
26419,21:29.500,27:54.853,3,1609.0,659.0,1773.0,870.0,547.0,618.0,715.0,846.0,1110.0,736.0,1273.0,965.0
26420,21:30.000,27:54.887,3,1608.0,659.0,1772.0,868.0,546.0,617.0,714.0,846.0,1109.0,734.0,1272.0,964.0
26421,21:30.500,27:54.920,3,1607.0,659.0,1771.0,868.0,545.0,616.0,713.0,846.0,1108.0,735.0,1271.0,965.0
26422,21:31.000,27:54.953,3,1607.0,658.0,1771.0,867.0,545.0,618.0,711.0,846.0,1108.0,734.0,1271.0,964.0
26423,21:31.500,27:54.987,3,1607.0,656.0,1772.0,866.0,545.0,615.0,711.0,845.0,1108.0,731.0,1271.0,963.0
26424,21:32.000,27:55.020,3,1608.0,654.0,1773.0,865.0,545.0,613.0,711.0,843.0,1109.0,731.0,1271.0,962.0
26425,21:32.500,27:55.053,3,1607.0,655.0,1773.0,864.0,545.0,611.0,711.0,842.0,1109.0,730.0,1271.0,961.0
26426,21:33.000,27:55.087,3,1607.0,654.0,1773.0,864.0,1108.0,728.0,1271.0,960.0,544.0,611.0,711.0,842.0
26427,21:33.500,27:55.120,3,1108.0,727.0,1271.0,960.0,1608.0,654.0,1774.0,863.0,544.0,609.0,711.0,842.0
26428,21:34.000,27:55.153,3,1108.0,727.0,1271.0,960.0,1608.0,655.0,1774.0,864.0,543.0,608.0,711.0,842.0
26429,21:34.500,27:55.187,3,1609.0,653.0,1775.0,864.0,1109.0,728.0,1271.0,960.0,544.0,608.0,712.0,841.0
26430,21:35.000,27:55.220,3,1610.0,652.0,1776.0,864.0,1110.0,728.0,1272.0,960.0,545.0,607.0,713.0,840.0
26431,21:35.500,27:55.253,3,1612.0,653.0,1777.0,865.0,1112.0,729.0,1273.0,959.0,547.0,608.0,715.0,840.0
26432,21:36.000,27:55.287,3,1613.0,655.0,1777.0,866.0,1112.0,730.0,1274.0,960.0,547.0,610.0,715.0,841.0
26433,21:36.500,27:55.320,3,1612.0,655.0,1777.0,866.0,1111.0,730.0,1273.0,960.0,546.0,610.0,714.0,841.0
26434,21:37.000,27:55.353,3,1610.0,654.0,1776.0,864.0,1109.0,726.0,1271.0,959.0,543.0,607.0,712.0,840.0
26435,21:37.500,27:55.387,3,1107.0,727.0,1270.0,957.0,1609.0,653.0,1775.0,863.0,542.0,606.0,710.0,840.0
26436,21:38.000,27:55.420,3,1107.0,725.0,1270.0,955.0,1609.0,654.0,1774.0,862.0,541.0,604.0,709.0,838.0
26437,21:38.500,27:55.453,3,1107.0,722.0,1270.0,952.0,540.0,600.0,707.0,835.0,1607.0,651.0,1772.0,857.0
26438,21:39.000,27:55.487,3,1105.0,719.0,1266.0,947.0,1605.0,646.0,1770.0,854.0,537.0,597.0,705.0,830.0
26439,21:39.500,27:55.520,3,1100.0,711.0,1262.0,939.0,1601.0,641.0,1766.0,849.0,532.0,588.0,702.0,822.0
26440,21:40.000,27:55.553,3,1095.0,700.0,1257.0,929.0,527.0,575.0,698.0,809.0,1597.0,630.0,1761.0,837.0
26441,21:40.500,27:55.587,3,1596.0,613.0,1760.0,825.0,1095.0,680.0,1257.0,909.0,526.0,542.0,698.0,782.0
26442,21:41.000,27:55.620,3,1097.0,660.0,1259.0,892.0,1601.0,604.0,1764.0,809.0,528.0,523.0,701.0,760.0
26443,21:41.500,27:55.653,3,1104.0,649.0,1266.0,883.0,1606.0,600.0,1772.0,803.0,537.0,516.0,709.0,751.0
26444,21:42.000,27:55.687,3,1110.0,643.0,1273.0,879.0,1613.0,595.0,1779.0,795.0,543.0,515.0,716.0,749.0
26445,21:42.500,27:55.720,3,1619.0,582.0,1784.0,790.0,1117.0,639.0,1278.0,872.0,551.0,511.0,723.0,748.0
26446,21:43.000,27:55.753,3,1622.0,580.0,1787.0,788.0,556.0,512.0,727.0,747.0,1120.0,640.0,1281.0,871.0
26447,21:43.500,27:55.787,3,1621.0,580.0,1785.0,789.0,556.0,513.0,727.0,748.0,1120.0,640.0,1281.0,872.0
26448,21:44.000,27:55.820,3,1118.0,641.0,1278.0,874.0,1617.0,580.0,1782.0,789.0,556.0,515.0,727.0,753.0
26449,21:44.500,27:55.853,3,1614.0,584.0,1778.0,789.0,1114.0,640.0,1275.0,875.0,554.0,514.0,726.0,756.0
26450,21:45.000,27:55.887,3,1112.0,638.0,1273.0,875.0,553.0,512.0,727.0,756.0,1611.0,581.0,1775.0,787.0
26451,21:45.500,27:55.920,3,553.0,514.0,730.0,759.0,1111.0,643.0,1273.0,881.0,1609.0,589.0,1774.0,794.0
26452,21:46.000,27:55.953,3,1111.0,652.0,1272.0,888.0,556.0,520.0,731.0,766.0,1608.0,596.0,1774.0,800.0
26453,21:46.500,27:55.987,3,557.0,531.0,731.0,777.0,1607.0,598.0,1773.0,809.0,1110.0,663.0,1271.0,896.0
26454,21:47.000,27:56.020,3,556.0,535.0,731.0,783.0,1606.0,606.0,1771.0,817.0,1108.0,671.0,1271.0,903.0
26455,21:47.500,27:56.053,3,559.0,534.0,733.0,782.0,1602.0,604.0,1766.0,812.0,1107.0,667.0,1268.0,901.0
26456,21:48.000,27:56.087,3,556.0,529.0,732.0,779.0,1105.0,661.0,1266.0,895.0,1598.0,602.0,1762.0,806.0
26457,21:48.500,27:56.120,3,554.0,519.0,732.0,771.0,1101.0,653.0,1262.0,887.0,1597.0,593.0,1759.0,798.0
26458,21:49.000,27:56.153,3,555.0,514.0,732.0,766.0,1100.0,646.0,1262.0,882.0,1596.0,586.0,1758.0,793.0
26459,21:49.500,27:56.187,3,559.0,514.0,733.0,763.0,1100.0,644.0,1262.0,880.0,1595.0,584.0,1759.0,790.0
26460,21:50.000,27:56.220,3,564.0,519.0,736.0,767.0,1100.0,650.0,1261.0,884.0,1594.0,590.0,1756.0,795.0
26461,21:50.500,27:56.253,3,565.0,525.0,738.0,777.0,1098.0,659.0,1260.0,894.0,1591.0,600.0,1755.0,806.0
26462,21:51.000,27:56.287,3,566.0,535.0,739.0,781.0,1589.0,605.0,1753.0,813.0,1098.0,668.0,1259.0,901.0
26463,21:51.500,27:56.320,3,566.0,538.0,740.0,782.0,1096.0,671.0,1257.0,905.0,1588.0,608.0,1751.0,817.0
26464,21:52.000,27:56.345,3,567.0,531.0,742.0,780.0,1096.0,666.0,1257.0,901.0,1588.0,607.0,1751.0,814.0
26465,21:52.500,27:56.378,3,572.0,518.0,746.0,770.0,1097.0,656.0,1259.0,890.0,1590.0,600.0,1754.0,806.0
26466,21:53.000,27:56.412,3,1102.0,645.0,1265.0,882.0,580.0,510.0,753.0,761.0,1597.0,593.0,1760.0,799.0
26467,21:53.500,27:56.445,3,1107.0,642.0,1271.0,881.0,585.0,507.0,761.0,758.0,1601.0,594.0,1767.0,795.0
26468,21:54.000,27:56.478,3,1111.0,645.0,1273.0,882.0,590.0,512.0,764.0,762.0,1604.0,595.0,1770.0,797.0
26469,21:54.500,27:56.512,3,1110.0,648.0,1272.0,887.0,589.0,515.0,763.0,768.0,1604.0,597.0,1769.0,799.0
26470,21:55.000,27:56.545,3,1106.0,648.0,1268.0,885.0,585.0,515.0,760.0,769.0,1601.0,596.0,1765.0,799.0
26471,21:55.500,27:56.578,3,1102.0,651.0,1263.0,886.0,1597.0,596.0,1761.0,804.0,582.0,517.0,758.0,773.0
26472,21:56.000,27:56.612,3,1099.0,655.0,1260.0,889.0,1594.0,599.0,1758.0,806.0,580.0,520.0,755.0,776.0
26473,21:56.500,27:56.645,3,1099.0,655.0,1260.0,889.0,1595.0,600.0,1758.0,807.0,580.0,520.0,755.0,776.0
26474,21:57.000,27:56.678,3,1102.0,655.0,1263.0,889.0,584.0,519.0,757.0,776.0,1597.0,601.0,1760.0,806.0
26475,21:57.500,27:56.712,3,1105.0,654.0,1266.0,888.0,585.0,519.0,759.0,775.0,1600.0,600.0,1763.0,805.0
26476,21:58.000,27:56.745,3,1107.0,654.0,1269.0,889.0,588.0,521.0,761.0,775.0,1602.0,600.0,1766.0,806.0
26477,21:58.500,27:56.778,3,1107.0,656.0,1269.0,891.0,588.0,521.0,761.0,776.0,1603.0,599.0,1766.0,806.0
26478,21:59.000,27:56.812,3,1107.0,655.0,1269.0,891.0,588.0,520.0,761.0,776.0,1602.0,600.0,1766.0,806.0
26479,21:59.500,27:56.845,3,1106.0,654.0,1268.0,890.0,587.0,520.0,760.0,775.0,1602.0,600.0,1765.0,806.0
26480,22:00.000,27:56.878,3,1105.0,653.0,1267.0,888.0,586.0,519.0,759.0,775.0,1601.0,600.0,1765.0,805.0
26481,22:00.500,27:56.912,3,1104.0,650.0,1266.0,886.0,585.0,518.0,758.0,774.0,1600.0,598.0,1764.0,802.0
26482,22:01.000,27:56.945,3,1104.0,649.0,1265.0,885.0,584.0,517.0,758.0,773.0,1600.0,597.0,1764.0,800.0
26483,22:01.500,27:56.978,3,1100.0,654.0,1262.0,888.0,1597.0,599.0,1760.0,805.0,582.0,519.0,756.0,777.0
26484,22:02.000,27:57.012,3,1096.0,659.0,1258.0,894.0,1591.0,602.0,1755.0,810.0,577.0,523.0,750.0,780.0
26485,22:02.500,27:57.045,3,570.0,525.0,743.0,782.0,1091.0,660.0,1253.0,894.0,1584.0,602.0,1748.0,811.0
26486,22:03.000,27:57.078,3,1087.0,663.0,1246.0,897.0,561.0,530.0,735.0,784.0,1579.0,607.0,1742.0,813.0
26487,22:03.500,27:57.112,3,1081.0,663.0,1242.0,898.0,557.0,530.0,732.0,786.0,1572.0,610.0,1737.0,816.0
26488,22:04.000,27:57.145,3,1080.0,661.0,1242.0,895.0,555.0,528.0,731.0,784.0,1572.0,609.0,1735.0,813.0
26489,22:04.500,27:57.178,3,1082.0,659.0,1243.0,894.0,556.0,527.0,732.0,783.0,1573.0,608.0,1736.0,812.0
26490,22:05.000,27:57.212,3,558.0,528.0,733.0,784.0,1085.0,660.0,1245.0,894.0,1575.0,608.0,1738.0,814.0
26491,22:05.500,27:57.245,3,1087.0,661.0,1247.0,895.0,560.0,529.0,734.0,784.0,1577.0,609.0,1739.0,814.0
26492,22:06.000,27:57.278,3,1086.0,660.0,1246.0,894.0,559.0,528.0,733.0,784.0,1576.0,606.0,1739.0,813.0
26493,22:06.500,27:57.312,3,556.0,525.0,731.0,781.0,1084.0,658.0,1244.0,891.0,1573.0,605.0,1736.0,809.0
26494,22:07.000,27:57.345,3,1571.0,602.0,1733.0,807.0,554.0,524.0,729.0,779.0,1081.0,656.0,1241.0,890.0
26495,22:07.500,27:57.378,3,1569.0,602.0,1730.0,807.0,552.0,523.0,728.0,781.0,1079.0,657.0,1239.0,890.0
26496,22:08.000,27:57.412,3,546.0,526.0,723.0,786.0,1565.0,604.0,1726.0,810.0,1076.0,660.0,1236.0,894.0
26497,22:08.500,27:57.462,3,541.0,533.0,719.0,790.0,1072.0,666.0,1232.0,898.0,1561.0,607.0,1721.0,814.0
26498,22:09.000,27:57.478,3,537.0,536.0,714.0,794.0,1066.0,671.0,1229.0,901.0,1555.0,608.0,1718.0,818.0
26499,22:09.500,27:57.512,3,535.0,537.0,712.0,795.0,1064.0,671.0,1227.0,901.0,1553.0,608.0,1716.0,818.0
26500,22:10.000,27:57.545,3,535.0,535.0,712.0,795.0,1064.0,670.0,1226.0,900.0,1553.0,606.0,1715.0,817.0
26501,22:10.500,27:57.578,3,1065.0,668.0,1227.0,899.0,536.0,534.0,713.0,794.0,1554.0,606.0,1716.0,815.0
26502,22:11.000,27:57.612,3,538.0,533.0,716.0,794.0,1067.0,666.0,1228.0,898.0,1555.0,606.0,1718.0,814.0
26503,22:11.500,27:57.645,3,540.0,533.0,718.0,793.0,1069.0,665.0,1230.0,897.0,1557.0,605.0,1719.0,814.0
26504,22:12.000,27:57.678,3,541.0,533.0,720.0,793.0,1070.0,665.0,1231.0,897.0,1559.0,605.0,1720.0,814.0
26505,22:12.500,27:57.712,3,542.0,534.0,720.0,794.0,1071.0,665.0,1232.0,898.0,1560.0,607.0,1721.0,815.0
26506,22:13.000,27:57.745,3,541.0,536.0,719.0,795.0,1070.0,666.0,1231.0,898.0,1558.0,608.0,1721.0,815.0
26507,22:13.500,27:57.778,3,538.0,538.0,716.0,797.0,1068.0,668.0,1229.0,900.0,1556.0,608.0,1719.0,816.0
26508,22:14.000,27:57.812,3,534.0,540.0,713.0,802.0,1064.0,669.0,1227.0,900.0,1553.0,607.0,1716.0,816.0
26509,22:14.500,27:57.845,3,531.0,541.0,709.0,807.0,1062.0,672.0,1225.0,900.0,1551.0,608.0,1714.0,818.0
26510,22:15.000,27:57.878,3,530.0,542.0,708.0,809.0,1061.0,672.0,1224.0,902.0,1550.0,609.0,1713.0,819.0
26511,22:15.500,27:57.912,3,530.0,543.0,708.0,810.0,1061.0,673.0,1224.0,902.0,1550.0,609.0,1714.0,820.0
26512,22:16.000,27:57.945,3,531.0,543.0,710.0,810.0,1062.0,674.0,1225.0,903.0,1551.0,611.0,1715.0,821.0
26513,22:16.500,27:57.978,3,533.0,543.0,712.0,808.0,1064.0,675.0,1226.0,903.0,1553.0,611.0,1716.0,821.0
26514,22:17.000,27:58.012,3,535.0,543.0,713.0,808.0,1065.0,677.0,1227.0,902.0,1554.0,611.0,1717.0,821.0
26515,22:17.500,27:58.045,3,536.0,543.0,714.0,807.0,1066.0,677.0,1227.0,903.0,1555.0,612.0,1718.0,821.0
26516,22:18.000,27:58.078,3,536.0,542.0,714.0,806.0,1065.0,676.0,1228.0,902.0,1554.0,611.0,1717.0,821.0
26517,22:18.500,27:58.112,3,536.0,541.0,714.0,805.0,1065.0,673.0,1227.0,901.0,1554.0,609.0,1717.0,820.0
26518,22:19.000,27:58.145,3,536.0,540.0,714.0,803.0,1065.0,670.0,1228.0,900.0,1554.0,608.0,1716.0,818.0
26519,22:19.500,27:58.178,3,1066.0,668.0,1228.0,900.0,537.0,538.0,715.0,799.0,1555.0,607.0,1717.0,817.0
26520,22:20.000,27:58.212,3,539.0,537.0,716.0,796.0,1068.0,666.0,1229.0,899.0,1556.0,606.0,1719.0,816.0
26521,22:20.500,27:58.245,3,540.0,536.0,718.0,794.0,1070.0,664.0,1231.0,897.0,1559.0,606.0,1720.0,813.0
26522,22:21.000,27:58.278,3,541.0,534.0,719.0,792.0,1070.0,663.0,1231.0,896.0,1559.0,605.0,1720.0,812.0
26523,22:21.500,27:58.312,3,540.0,532.0,719.0,789.0,1071.0,663.0,1231.0,895.0,1559.0,604.0,1719.0,811.0
26524,22:22.000,27:58.345,3,539.0,528.0,718.0,789.0,1071.0,661.0,1231.0,894.0,1558.0,603.0,1719.0,811.0
26525,22:22.500,27:58.378,3,537.0,527.0,717.0,789.0,1071.0,660.0,1231.0,893.0,1558.0,603.0,1719.0,810.0
26526,22:23.000,27:58.412,3,536.0,526.0,716.0,790.0,1070.0,659.0,1231.0,892.0,1557.0,602.0,1718.0,810.0
26527,22:23.500,27:58.447,3,535.0,526.0,715.0,790.0,1070.0,659.0,1231.0,892.0,1557.0,602.0,1718.0,811.0
26528,22:24.000,27:58.480,3,534.0,526.0,714.0,791.0,1070.0,659.0,1231.0,892.0,1557.0,602.0,1719.0,811.0
26529,22:24.500,27:58.513,3,534.0,526.0,713.0,792.0,1557.0,600.0,1718.0,809.0,1071.0,659.0,1231.0,892.0
26530,22:25.000,27:58.547,3,533.0,526.0,712.0,793.0,1556.0,600.0,1718.0,807.0,1071.0,659.0,1231.0,892.0
26531,22:25.500,27:58.580,3,533.0,525.0,712.0,793.0,1556.0,600.0,1718.0,808.0,1071.0,659.0,1231.0,892.0
26532,22:26.000,27:58.613,3,533.0,526.0,711.0,791.0,1557.0,599.0,1718.0,808.0,1071.0,659.0,1231.0,892.0
26533,22:26.500,27:58.647,3,533.0,523.0,711.0,787.0,1557.0,599.0,1718.0,809.0,1071.0,658.0,1232.0,892.0
26534,22:27.000,27:58.680,3,533.0,522.0,711.0,788.0,1557.0,598.0,1719.0,808.0,1072.0,658.0,1232.0,892.0
26535,22:27.500,27:58.713,3,533.0,521.0,712.0,787.0,1557.0,599.0,1719.0,807.0,1072.0,658.0,1233.0,893.0
26536,22:28.000,27:58.747,3,534.0,521.0,713.0,788.0,1558.0,599.0,1720.0,807.0,1073.0,659.0,1233.0,895.0
26537,22:28.500,27:58.780,3,535.0,521.0,713.0,789.0,1559.0,600.0,1721.0,808.0,1074.0,658.0,1234.0,895.0
26538,22:29.000,27:58.813,3,535.0,521.0,714.0,790.0,1559.0,600.0,1721.0,808.0,1074.0,658.0,1234.0,895.0
26539,22:29.500,27:58.847,3,536.0,521.0,714.0,786.0,1559.0,599.0,1721.0,807.0,1075.0,657.0,1235.0,893.0
26540,22:30.000,27:58.880,3,536.0,521.0,714.0,784.0,1559.0,599.0,1721.0,807.0,1075.0,657.0,1236.0,892.0
26541,22:30.500,27:58.913,3,536.0,520.0,713.0,782.0,1559.0,598.0,1721.0,807.0,1076.0,657.0,1236.0,891.0
26542,22:31.000,27:58.947,3,536.0,520.0,713.0,780.0,1560.0,598.0,1721.0,808.0,1076.0,656.0,1237.0,890.0
26543,22:31.500,27:58.980,3,537.0,519.0,713.0,779.0,1561.0,599.0,1721.0,810.0,1076.0,655.0,1237.0,890.0
26544,22:32.000,27:59.013,3,537.0,518.0,713.0,777.0,1561.0,599.0,1722.0,811.0,1076.0,655.0,1237.0,889.0
26545,22:32.500,27:59.047,3,537.0,517.0,713.0,776.0,1561.0,598.0,1722.0,808.0,1076.0,655.0,1237.0,889.0
26546,22:33.000,27:59.080,3,536.0,516.0,712.0,773.0,1560.0,600.0,1722.0,806.0,1076.0,654.0,1237.0,888.0
26547,22:33.500,27:59.113,3,536.0,515.0,712.0,770.0,1560.0,601.0,1722.0,805.0,1075.0,653.0,1237.0,886.0
26548,22:34.000,27:59.147,3,537.0,514.0,713.0,767.0,1561.0,599.0,1723.0,805.0,1076.0,652.0,1238.0,886.0
26549,22:34.500,27:59.180,3,540.0,513.0,715.0,767.0,1564.0,597.0,1726.0,806.0,1079.0,652.0,1241.0,887.0
26550,22:35.000,27:59.213,3,544.0,514.0,721.0,767.0,1569.0,600.0,1731.0,810.0,1084.0,653.0,1244.0,887.0
26551,22:35.500,27:59.247,3,551.0,522.0,729.0,771.0,1090.0,664.0,1252.0,894.0,1577.0,607.0,1742.0,816.0
26552,22:36.000,27:59.280,3,562.0,540.0,736.0,784.0,1585.0,623.0,1749.0,830.0,1100.0,682.0,1261.0,909.0
26553,22:36.500,27:59.313,3,575.0,564.0,748.0,804.0,1108.0,698.0,1270.0,929.0,1597.0,642.0,1761.0,848.0
26554,22:37.000,27:59.347,3,588.0,602.0,761.0,838.0,1118.0,731.0,1280.0,959.0,1606.0,663.0,1773.0,879.0
26555,22:37.500,27:59.380,3,597.0,621.0,768.0,862.0,1125.0,755.0,1287.0,984.0,1615.0,696.0,1781.0,901.0
26556,22:38.000,27:59.413,3,603.0,631.0,774.0,869.0,1622.0,705.0,1786.0,911.0,1132.0,764.0,1293.0,992.0
26557,22:38.500,27:59.447,3,606.0,620.0,780.0,859.0,1135.0,754.0,1296.0,983.0,1626.0,698.0,1790.0,901.0
26558,22:39.000,27:59.480,3,607.0,601.0,780.0,836.0,1134.0,734.0,1295.0,961.0,1626.0,675.0,1793.0,884.0
26559,22:39.500,27:59.513,3,608.0,581.0,782.0,817.0,1136.0,711.0,1298.0,938.0,1627.0,650.0,1793.0,862.0
26560,22:40.000,27:59.547,3,609.0,573.0,782.0,806.0,1136.0,700.0,1298.0,928.0,1628.0,639.0,1795.0,850.0
26561,22:40.500,27:59.580,3,607.0,560.0,780.0,797.0,1136.0,693.0,1297.0,917.0,1628.0,627.0,1795.0,836.0
26562,22:41.000,27:59.613,3,604.0,546.0,776.0,786.0,1133.0,679.0,1294.0,904.0,1627.0,611.0,1793.0,824.0
26563,22:41.500,27:59.647,3,600.0,532.0,772.0,776.0,1625.0,600.0,1790.0,812.0,1131.0,670.0,1291.0,896.0
26564,22:42.000,27:59.680,3,598.0,528.0,771.0,769.0,1624.0,596.0,1788.0,807.0,1128.0,665.0,1289.0,893.0
26565,22:42.500,27:59.713,3,596.0,525.0,769.0,767.0,1623.0,594.0,1787.0,806.0,1128.0,661.0,1288.0,891.0
26566,22:43.000,27:59.747,3,595.0,523.0,769.0,764.0,1623.0,593.0,1787.0,801.0,1128.0,657.0,1288.0,888.0
26567,22:43.500,27:59.780,3,594.0,524.0,768.0,765.0,1623.0,594.0,1787.0,803.0,1128.0,656.0,1288.0,888.0
26568,22:44.000,27:59.813,3,594.0,530.0,768.0,770.0,1624.0,596.0,1788.0,807.0,1128.0,661.0,1288.0,891.0
26569,22:44.500,27:59.847,3,593.0,545.0,767.0,782.0,1623.0,606.0,1789.0,818.0,1126.0,673.0,1288.0,900.0
26570,22:45.000,27:59.880,3,594.0,558.0,767.0,795.0,1622.0,619.0,1790.0,831.0,1126.0,688.0,1287.0,914.0
26571,22:45.500,27:59.913,3,595.0,572.0,770.0,808.0,1125.0,700.0,1287.0,926.0,1624.0,633.0,1789.0,842.0
26572,22:46.000,27:59.947,3,597.0,583.0,772.0,819.0,1127.0,710.0,1288.0,936.0,1624.0,645.0,1789.0,854.0
26573,22:46.500,27:59.980,3,599.0,592.0,773.0,828.0,1624.0,654.0,1788.0,865.0,1127.0,720.0,1288.0,949.0
26574,22:47.000,28:00.013,3,598.0,601.0,772.0,837.0,1624.0,656.0,1788.0,871.0,1126.0,730.0,1288.0,956.0
26575,22:47.500,28:00.047,3,599.0,610.0,772.0,842.0,1125.0,734.0,1288.0,961.0,1623.0,663.0,1787.0,876.0
26576,22:48.000,28:00.080,3,599.0,612.0,771.0,845.0,1124.0,736.0,1287.0,963.0,1621.0,667.0,1787.0,880.0
26577,22:48.500,28:00.113,3,599.0,612.0,770.0,846.0,1124.0,738.0,1286.0,963.0,1619.0,668.0,1785.0,880.0
26578,22:49.000,28:00.147,3,599.0,611.0,771.0,845.0,1124.0,736.0,1286.0,962.0,1620.0,667.0,1786.0,879.0
26579,22:49.500,28:00.180,3,600.0,609.0,771.0,842.0,1125.0,734.0,1287.0,960.0,1622.0,663.0,1786.0,875.0
26580,22:50.000,28:00.213,3,601.0,602.0,772.0,837.0,1127.0,730.0,1287.0,953.0,1623.0,656.0,1787.0,870.0
26581,22:50.500,28:00.247,3,603.0,591.0,774.0,829.0,1624.0,650.0,1788.0,864.0,1130.0,719.0,1289.0,944.0
26582,22:51.000,28:00.280,3,605.0,579.0,776.0,814.0,1131.0,704.0,1292.0,928.0,1627.0,639.0,1794.0,850.0
26583,22:51.500,28:00.313,3,606.0,559.0,780.0,795.0,1135.0,686.0,1296.0,909.0,1629.0,620.0,1798.0,831.0
26584,22:52.000,28:00.347,3,608.0,535.0,781.0,774.0,1138.0,664.0,1299.0,892.0,1634.0,599.0,1804.0,812.0
26585,22:52.500,28:00.380,3,609.0,519.0,783.0,760.0,1139.0,646.0,1300.0,876.0,1638.0,589.0,1808.0,800.0
26586,22:53.000,28:00.413,3,1140.0,638.0,1302.0,868.0,609.0,512.0,784.0,750.0,1641.0,580.0,1810.0,791.0
26587,22:53.500,28:00.447,3,1140.0,631.0,1303.0,862.0,608.0,504.0,782.0,743.0,1641.0,574.0,1812.0,783.0
26588,22:54.000,28:00.480,3,1139.0,627.0,1301.0,858.0,604.0,499.0,779.0,740.0,1640.0,568.0,1809.0,777.0
26589,22:54.500,28:00.513,3,1137.0,621.0,1299.0,852.0,602.0,499.0,775.0,740.0,1637.0,563.0,1807.0,775.0
26590,22:55.000,28:00.547,3,1134.0,620.0,1295.0,850.0,600.0,499.0,771.0,741.0,1633.0,566.0,1804.0,776.0
26591,22:55.500,28:00.580,3,1131.0,623.0,1292.0,849.0,597.0,500.0,768.0,742.0,1630.0,566.0,1800.0,776.0
26592,22:56.000,28:00.613,3,1128.0,622.0,1290.0,848.0,594.0,500.0,766.0,741.0,1628.0,565.0,1797.0,777.0
26593,22:56.500,28:00.647,3,1127.0,623.0,1288.0,847.0,593.0,500.0,765.0,741.0,1628.0,566.0,1795.0,777.0
26594,22:57.000,28:00.680,3,592.0,500.0,765.0,740.0,1126.0,622.0,1287.0,847.0,1627.0,566.0,1794.0,777.0
26595,22:57.500,28:00.713,3,590.0,499.0,764.0,739.0,1124.0,620.0,1286.0,847.0,1626.0,566.0,1792.0,777.0
26596,22:58.000,28:00.747,3,590.0,499.0,763.0,739.0,1123.0,620.0,1285.0,846.0,1624.0,567.0,1791.0,776.0
26597,22:58.500,28:00.780,3,588.0,498.0,762.0,737.0,1122.0,619.0,1284.0,844.0,1622.0,566.0,1790.0,775.0
26598,22:59.000,28:00.813,3,588.0,499.0,762.0,738.0,1122.0,620.0,1283.0,845.0,1622.0,566.0,1789.0,776.0
26599,22:59.500,28:00.847,3,589.0,500.0,763.0,740.0,1123.0,623.0,1283.0,847.0,1622.0,568.0,1789.0,777.0
26600,23:00.000,28:00.880,3,1124.0,624.0,1284.0,849.0,590.0,500.0,764.0,741.0,1623.0,569.0,1790.0,778.0
26601,23:00.500,28:00.913,3,1124.0,627.0,1285.0,852.0,591.0,501.0,765.0,741.0,1624.0,571.0,1790.0,780.0
26602,23:01.000,28:00.947,3,1125.0,627.0,1285.0,852.0,592.0,500.0,765.0,741.0,1624.0,572.0,1790.0,780.0
26603,23:01.500,28:00.980,3,1125.0,627.0,1286.0,852.0,592.0,498.0,765.0,740.0,1624.0,573.0,1790.0,780.0
26604,23:02.000,28:01.013,3,594.0,496.0,767.0,736.0,1127.0,622.0,1288.0,849.0,1625.0,570.0,1791.0,779.0
26605,23:02.500,28:01.047,3,595.0,493.0,767.0,732.0,1126.0,617.0,1288.0,844.0,1625.0,565.0,1792.0,776.0
26606,23:03.000,28:01.080,3,595.0,490.0,767.0,727.0,1127.0,614.0,1289.0,840.0,1625.0,560.0,1793.0,772.0
26607,23:03.500,28:01.113,3,594.0,487.0,766.0,725.0,1126.0,612.0,1288.0,837.0,1624.0,553.0,1792.0,769.0
26608,23:04.000,28:01.147,3,593.0,490.0,766.0,726.0,1125.0,612.0,1288.0,838.0,1622.0,554.0,1790.0,768.0
26609,23:04.500,28:01.180,3,593.0,494.0,766.0,733.0,1125.0,617.0,1287.0,842.0,1620.0,564.0,1788.0,773.0
26610,23:05.000,28:01.213,3,1126.0,628.0,1287.0,852.0,594.0,503.0,766.0,742.0,1619.0,573.0,1786.0,781.0
26611,23:05.500,28:01.247,3,1127.0,637.0,1288.0,861.0,596.0,511.0,770.0,750.0,1620.0,580.0,1786.0,790.0
26612,23:06.000,28:01.280,3,1132.0,644.0,1293.0,867.0,602.0,519.0,775.0,760.0,1623.0,594.0,1789.0,800.0
26613,23:06.500,28:01.313,3,607.0,529.0,780.0,767.0,1135.0,649.0,1296.0,875.0,1626.0,596.0,1792.0,807.0
26614,23:07.000,28:01.347,3,608.0,532.0,782.0,770.0,1628.0,599.0,1795.0,810.0,1138.0,654.0,1298.0,878.0
26615,23:07.500,28:01.380,3,609.0,538.0,782.0,775.0,1628.0,603.0,1795.0,815.0,1139.0,662.0,1299.0,886.0
26616,23:08.000,28:01.413,3,607.0,540.0,778.0,777.0,1626.0,604.0,1793.0,817.0,1137.0,665.0,1296.0,888.0
26617,23:08.500,28:01.447,3,604.0,541.0,775.0,777.0,1623.0,604.0,1790.0,818.0,1134.0,666.0,1292.0,888.0
26618,23:09.000,28:01.480,3,602.0,541.0,774.0,777.0,1622.0,605.0,1789.0,817.0,1133.0,666.0,1291.0,887.0
26619,23:09.500,28:01.513,3,602.0,544.0,774.0,779.0,1622.0,607.0,1789.0,821.0,1132.0,669.0,1291.0,890.0
26620,23:10.000,28:01.547,3,605.0,545.0,775.0,781.0,1623.0,609.0,1791.0,823.0,1134.0,673.0,1293.0,893.0
26621,23:10.500,28:01.580,3,607.0,545.0,777.0,781.0,1136.0,671.0,1295.0,892.0,1626.0,609.0,1793.0,823.0
26622,23:11.000,28:01.613,3,609.0,543.0,779.0,780.0,1137.0,670.0,1297.0,891.0,1627.0,608.0,1795.0,821.0
26623,23:11.500,28:01.647,3,609.0,542.0,782.0,777.0,1138.0,667.0,1297.0,889.0,1628.0,605.0,1796.0,818.0
26624,23:12.000,28:01.672,3,609.0,542.0,782.0,777.0,1138.0,667.0,1297.0,889.0,1628.0,605.0,1796.0,818.0
26625,23:12.500,28:01.688,3,609.0,539.0,783.0,776.0,1137.0,665.0,1298.0,888.0,1629.0,601.0,1796.0,815.0
26626,23:13.000,28:01.713,3,610.0,537.0,781.0,776.0,1137.0,664.0,1298.0,886.0,1629.0,599.0,1797.0,814.0
26627,23:13.500,28:01.747,3,611.0,544.0,783.0,780.0,1138.0,668.0,1298.0,889.0,1630.0,602.0,1797.0,816.0
26628,23:14.000,28:01.780,3,611.0,545.0,783.0,781.0,1137.0,668.0,1298.0,889.0,1630.0,602.0,1797.0,816.0
26629,23:14.500,28:01.813,3,611.0,545.0,781.0,782.0,1629.0,603.0,1797.0,817.0,1136.0,669.0,1296.0,889.0
26630,23:15.000,28:01.847,3,611.0,549.0,782.0,784.0,1136.0,671.0,1296.0,892.0,1630.0,604.0,1798.0,819.0
26631,23:15.500,28:01.880,3,611.0,552.0,782.0,789.0,1630.0,608.0,1797.0,820.0,1136.0,673.0,1295.0,894.0
26632,23:16.000,28:01.913,3,609.0,552.0,782.0,789.0,1628.0,606.0,1796.0,818.0,1134.0,671.0,1293.0,892.0
26633,23:16.500,28:01.947,3,609.0,552.0,782.0,790.0,1628.0,604.0,1795.0,816.0,1134.0,671.0,1292.0,892.0
26634,23:17.000,28:01.980,3,609.0,548.0,782.0,786.0,1628.0,600.0,1795.0,813.0,1132.0,668.0,1291.0,890.0
26635,23:17.500,28:02.013,3,609.0,558.0,784.0,793.0,1628.0,605.0,1796.0,819.0,1133.0,674.0,1292.0,895.0
26636,23:18.000,28:02.047,3,611.0,558.0,787.0,792.0,1631.0,605.0,1799.0,819.0,1135.0,674.0,1294.0,895.0
26637,23:18.500,28:02.080,3,611.0,561.0,786.0,795.0,1630.0,607.0,1797.0,821.0,1133.0,675.0,1293.0,897.0
26638,23:19.000,28:02.113,3,609.0,562.0,784.0,796.0,1629.0,610.0,1796.0,822.0,1131.0,678.0,1291.0,899.0
26639,23:19.500,28:02.147,3,607.0,559.0,782.0,795.0,1628.0,608.0,1795.0,822.0,1129.0,677.0,1289.0,898.0
26640,23:20.000,28:02.180,3,608.0,555.0,783.0,792.0,1628.0,602.0,1796.0,818.0,1131.0,673.0,1289.0,895.0
26641,23:20.500,28:02.213,3,610.0,558.0,786.0,793.0,1132.0,675.0,1291.0,896.0,1630.0,605.0,1798.0,820.0
26642,23:21.000,28:02.247,3,1136.0,674.0,1295.0,896.0,614.0,558.0,790.0,791.0,1635.0,603.0,1803.0,819.0
26643,23:21.500,28:02.280,3,1138.0,674.0,1297.0,896.0,616.0,561.0,791.0,794.0,1637.0,603.0,1805.0,818.0
26644,23:22.000,28:02.313,3,1138.0,676.0,1298.0,899.0,616.0,570.0,790.0,801.0,1636.0,602.0,1804.0,817.0
26645,23:22.500,28:02.347,3,612.0,575.0,786.0,807.0,1633.0,601.0,1802.0,815.0,1136.0,680.0,1295.0,902.0
26646,23:23.000,28:02.380,3,610.0,585.0,782.0,819.0,1629.0,601.0,1796.0,815.0,1133.0,688.0,1293.0,907.0
26647,23:23.500,28:02.413,3,604.0,591.0,776.0,825.0,1626.0,604.0,1791.0,814.0,1129.0,694.0,1289.0,910.0
26648,23:24.000,28:02.447,3,603.0,591.0,775.0,825.0,1625.0,608.0,1790.0,818.0,1127.0,695.0,1288.0,914.0
26649,23:24.500,28:02.480,3,606.0,584.0,778.0,818.0,1627.0,608.0,1793.0,821.0,1129.0,693.0,1289.0,911.0
26650,23:25.000,28:02.513,3,610.0,576.0,783.0,808.0,1133.0,688.0,1293.0,906.0,1631.0,614.0,1798.0,824.0
26651,23:25.500,28:02.547,3,1137.0,679.0,1297.0,901.0,615.0,561.0,790.0,796.0,1638.0,613.0,1805.0,822.0
26652,23:26.000,28:02.580,3,1138.0,672.0,1298.0,896.0,617.0,553.0,791.0,788.0,1640.0,610.0,1808.0,820.0
26653,23:26.500,28:02.615,3,613.0,549.0,787.0,786.0,1135.0,671.0,1294.0,894.0,1636.0,605.0,1804.0,818.0
26654,23:27.000,28:02.648,3,606.0,545.0,779.0,784.0,1628.0,601.0,1795.0,812.0,1127.0,668.0,1287.0,890.0
26655,23:27.500,28:02.682,3,592.0,538.0,767.0,777.0,1619.0,593.0,1783.0,801.0,1119.0,654.0,1279.0,882.0
26656,23:28.000,28:02.715,3,1110.0,643.0,1271.0,875.0,581.0,530.0,757.0,774.0,1609.0,586.0,1775.0,792.0
26657,23:28.500,28:02.748,3,572.0,525.0,747.0,766.0,1100.0,639.0,1263.0,870.0,1601.0,582.0,1767.0,789.0
26658,23:29.000,28:02.782,3,1096.0,636.0,1258.0,863.0,565.0,517.0,742.0,759.0,1598.0,572.0,1761.0,780.0
26659,23:29.500,28:02.815,3,562.0,513.0,740.0,753.0,1096.0,626.0,1258.0,855.0,1596.0,562.0,1759.0,770.0
26660,23:30.000,28:02.848,3,1098.0,617.0,1259.0,846.0,1597.0,546.0,1761.0,762.0,564.0,506.0,742.0,745.0
26661,23:30.500,28:02.882,3,1602.0,547.0,1768.0,762.0,1104.0,617.0,1265.0,845.0,570.0,504.0,747.0,744.0
26662,23:31.000,28:02.915,3,582.0,512.0,759.0,751.0,1611.0,563.0,1775.0,772.0,1114.0,625.0,1273.0,856.0
26663,23:31.500,28:02.948,3,1120.0,638.0,1281.0,866.0,1620.0,578.0,1784.0,785.0,591.0,522.0,767.0,762.0
26664,23:32.000,28:02.982,3,599.0,533.0,773.0,772.0,1625.0,594.0,1788.0,798.0,1126.0,650.0,1287.0,877.0
26665,23:32.500,28:03.015,3,605.0,536.0,777.0,775.0,1629.0,599.0,1793.0,805.0,1130.0,658.0,1290.0,882.0
26666,23:33.000,28:03.048,3,605.0,528.0,779.0,769.0,1132.0,650.0,1292.0,877.0,1631.0,597.0,1797.0,802.0
26667,23:33.500,28:03.082,3,607.0,519.0,780.0,758.0,1133.0,640.0,1295.0,867.0,1633.0,583.0,1801.0,793.0
26668,23:34.000,28:03.115,3,606.0,515.0,778.0,753.0,1134.0,637.0,1294.0,861.0,1632.0,577.0,1801.0,784.0
26669,23:34.500,28:03.148,3,1132.0,631.0,1293.0,856.0,604.0,510.0,776.0,749.0,1632.0,569.0,1800.0,777.0
26670,23:35.000,28:03.182,3,1128.0,628.0,1289.0,853.0,599.0,507.0,772.0,746.0,1629.0,567.0,1796.0,775.0
26671,23:35.500,28:03.215,3,596.0,511.0,769.0,748.0,1125.0,630.0,1287.0,855.0,1626.0,567.0,1792.0,776.0
26672,23:36.000,28:03.248,3,593.0,512.0,768.0,749.0,1123.0,630.0,1285.0,857.0,1625.0,566.0,1789.0,777.0
26673,23:36.500,28:03.282,3,1122.0,633.0,1283.0,860.0,591.0,514.0,767.0,752.0,1623.0,569.0,1788.0,780.0
26674,23:37.000,28:03.315,3,1121.0,634.0,1283.0,860.0,590.0,514.0,767.0,752.0,1623.0,570.0,1787.0,781.0
26675,23:37.500,28:03.348,3,1122.0,636.0,1283.0,862.0,591.0,515.0,768.0,753.0,1624.0,572.0,1788.0,784.0
26676,23:38.000,28:03.382,3,1124.0,635.0,1285.0,861.0,594.0,514.0,769.0,751.0,1626.0,573.0,1790.0,782.0
26677,23:38.500,28:03.415,3,1126.0,633.0,1288.0,859.0,597.0,513.0,771.0,750.0,1629.0,573.0,1794.0,780.0
26678,23:39.000,28:03.448,3,1128.0,636.0,1289.0,860.0,600.0,513.0,773.0,751.0,1630.0,574.0,1797.0,780.0
26679,23:39.500,28:03.482,3,601.0,516.0,775.0,754.0,1129.0,639.0,1291.0,864.0,1630.0,576.0,1798.0,786.0
26680,23:40.000,28:03.515,3,604.0,518.0,777.0,758.0,1632.0,579.0,1800.0,791.0,1131.0,641.0,1293.0,868.0
26681,23:40.500,28:03.548,3,606.0,523.0,779.0,763.0,1634.0,584.0,1802.0,797.0,1133.0,645.0,1294.0,874.0
26682,23:41.000,28:03.582,3,609.0,528.0,782.0,769.0,1636.0,591.0,1804.0,801.0,1135.0,649.0,1296.0,877.0
26683,23:41.500,28:03.615,3,1637.0,593.0,1805.0,804.0,611.0,532.0,785.0,773.0,1136.0,654.0,1297.0,881.0
26684,23:42.000,28:03.648,3,1637.0,590.0,1806.0,810.0,612.0,536.0,785.0,775.0,1137.0,656.0,1298.0,884.0
26685,23:42.500,28:03.682,3,1637.0,591.0,1806.0,810.0,612.0,537.0,785.0,776.0,1137.0,657.0,1298.0,885.0
26686,23:43.000,28:03.715,3,609.0,534.0,783.0,775.0,1635.0,591.0,1804.0,807.0,1135.0,655.0,1295.0,882.0
26687,23:43.500,28:03.748,3,604.0,531.0,779.0,773.0,1633.0,591.0,1800.0,803.0,1132.0,651.0,1292.0,879.0
26688,23:44.000,28:03.782,3,602.0,530.0,776.0,772.0,1631.0,592.0,1799.0,802.0,1130.0,650.0,1291.0,878.0
26689,23:44.500,28:03.815,3,604.0,530.0,778.0,772.0,1633.0,591.0,1801.0,801.0,1132.0,650.0,1293.0,879.0
26690,23:45.000,28:03.848,3,607.0,532.0,781.0,773.0,1634.0,592.0,1803.0,803.0,1134.0,654.0,1295.0,880.0
26691,23:45.500,28:03.882,3,610.0,533.0,783.0,774.0,1637.0,591.0,1805.0,804.0,1136.0,656.0,1297.0,884.0
26692,23:46.000,28:03.915,3,612.0,534.0,784.0,775.0,1638.0,591.0,1807.0,804.0,1138.0,657.0,1299.0,885.0
26693,23:46.500,28:03.948,3,612.0,537.0,785.0,776.0,1638.0,591.0,1808.0,808.0,1139.0,658.0,1300.0,886.0
26694,23:47.000,28:03.982,3,1639.0,593.0,1808.0,809.0,612.0,538.0,785.0,777.0,1140.0,660.0,1300.0,887.0
26695,23:47.500,28:04.015,3,611.0,538.0,783.0,778.0,1638.0,591.0,1808.0,809.0,1140.0,660.0,1300.0,888.0
26696,23:48.000,28:04.048,3,610.0,537.0,782.0,777.0,1637.0,591.0,1807.0,808.0,1139.0,660.0,1300.0,888.0
26697,23:48.500,28:04.082,3,609.0,537.0,781.0,777.0,1637.0,590.0,1807.0,807.0,1139.0,660.0,1300.0,888.0
26698,23:49.000,28:04.115,3,609.0,537.0,780.0,778.0,1637.0,591.0,1807.0,806.0,1139.0,660.0,1300.0,886.0
26699,23:49.500,28:04.148,3,608.0,537.0,780.0,777.0,1636.0,591.0,1806.0,805.0,1139.0,660.0,1300.0,886.0
26700,23:50.000,28:04.182,3,608.0,538.0,780.0,777.0,1637.0,591.0,1806.0,805.0,1139.0,660.0,1300.0,887.0
26701,23:50.500,28:04.215,3,608.0,540.0,779.0,779.0,1637.0,591.0,1807.0,806.0,1140.0,662.0,1301.0,889.0
26702,23:51.000,28:04.248,3,608.0,540.0,780.0,780.0,1638.0,591.0,1808.0,806.0,1141.0,662.0,1302.0,889.0
26703,23:51.500,28:04.282,3,609.0,541.0,780.0,782.0,1639.0,595.0,1806.0,807.0,1141.0,662.0,1301.0,889.0
26704,23:52.000,28:04.315,3,609.0,542.0,780.0,782.0,1640.0,594.0,1807.0,808.0,1142.0,663.0,1301.0,889.0
26705,23:52.500,28:04.348,3,610.0,542.0,781.0,782.0,1640.0,595.0,1808.0,809.0,1143.0,665.0,1303.0,890.0
26706,23:53.000,28:04.382,3,1641.0,595.0,1809.0,810.0,611.0,544.0,783.0,782.0,1144.0,665.0,1304.0,890.0
26707,23:53.500,28:04.415,3,1640.0,595.0,1809.0,810.0,611.0,544.0,783.0,782.0,1144.0,665.0,1305.0,891.0
26708,23:54.000,28:04.448,3,611.0,545.0,783.0,782.0,1640.0,595.0,1808.0,809.0,1144.0,665.0,1305.0,891.0
26709,23:54.500,28:04.482,3,611.0,544.0,783.0,783.0,1639.0,594.0,1807.0,808.0,1144.0,665.0,1304.0,891.0
26710,23:55.000,28:04.515,3,611.0,543.0,783.0,782.0,1637.0,594.0,1805.0,808.0,1143.0,665.0,1304.0,890.0
26711,23:55.500,28:04.548,3,611.0,545.0,783.0,783.0,1637.0,596.0,1805.0,810.0,1144.0,667.0,1304.0,892.0
26712,23:56.000,28:04.582,3,612.0,548.0,784.0,785.0,1637.0,600.0,1805.0,816.0,1145.0,671.0,1305.0,894.0
26713,23:56.500,28:04.615,3,613.0,550.0,785.0,787.0,1145.0,673.0,1306.0,896.0,1637.0,602.0,1804.0,819.0
26714,23:57.000,28:04.648,3,614.0,552.0,786.0,789.0,1146.0,677.0,1306.0,898.0,1636.0,604.0,1804.0,820.0
26715,23:57.500,28:04.682,3,615.0,554.0,788.0,790.0,1147.0,679.0,1307.0,901.0,1637.0,605.0,1805.0,819.0
26716,23:58.000,28:04.715,3,1147.0,679.0,1308.0,901.0,616.0,555.0,789.0,790.0,1638.0,606.0,1805.0,819.0
26717,23:58.500,28:04.748,3,1147.0,680.0,1308.0,902.0,616.0,555.0,789.0,790.0,1637.0,607.0,1805.0,819.0
26718,23:59.000,28:04.782,3,1147.0,680.0,1308.0,902.0,617.0,555.0,789.0,790.0,1637.0,608.0,1805.0,820.0
26719,23:59.500,28:04.815,3,1147.0,680.0,1308.0,903.0,617.0,555.0,789.0,791.0,1638.0,609.0,1805.0,820.0
26720,24:00.000,28:04.848,3,1147.0,681.0,1309.0,903.0,617.0,556.0,790.0,791.0,1638.0,609.0,1805.0,821.0
26721,24:00.500,28:04.882,3,1148.0,680.0,1310.0,904.0,618.0,556.0,790.0,791.0,1639.0,608.0,1806.0,823.0
26722,24:01.000,28:04.915,3,1148.0,680.0,1310.0,904.0,618.0,556.0,790.0,791.0,1639.0,609.0,1806.0,822.0
26723,24:01.500,28:04.948,3,1147.0,679.0,1309.0,904.0,618.0,555.0,790.0,791.0,1639.0,609.0,1806.0,820.0
26724,24:02.000,28:04.982,3,1147.0,680.0,1308.0,903.0,617.0,554.0,789.0,791.0,1638.0,609.0,1806.0,820.0
26725,24:02.500,28:05.015,3,1147.0,680.0,1308.0,903.0,617.0,554.0,789.0,791.0,1639.0,610.0,1806.0,820.0
26726,24:03.000,28:05.048,3,1147.0,680.0,1308.0,903.0,617.0,556.0,789.0,791.0,1639.0,611.0,1806.0,821.0
26727,24:03.500,28:05.082,3,1147.0,680.0,1309.0,904.0,617.0,556.0,789.0,791.0,1640.0,611.0,1807.0,821.0
26728,24:04.000,28:05.115,3,1147.0,680.0,1308.0,904.0,617.0,556.0,789.0,792.0,1640.0,611.0,1807.0,822.0
26729,24:04.500,28:05.148,3,1146.0,681.0,1307.0,904.0,616.0,557.0,789.0,792.0,1640.0,612.0,1807.0,821.0
26730,24:05.000,28:05.182,3,616.0,557.0,789.0,792.0,1146.0,684.0,1307.0,904.0,1640.0,611.0,1807.0,820.0
26731,24:05.500,28:05.215,3,1146.0,682.0,1306.0,904.0,616.0,557.0,789.0,792.0,1639.0,610.0,1807.0,820.0
26732,24:06.000,28:05.248,3,616.0,557.0,789.0,792.0,1146.0,683.0,1307.0,904.0,1640.0,612.0,1807.0,821.0
26733,24:06.500,28:05.282,3,1146.0,684.0,1307.0,903.0,617.0,557.0,789.0,791.0,1640.0,611.0,1808.0,821.0
26734,24:07.000,28:05.315,3,1146.0,682.0,1308.0,903.0,617.0,556.0,789.0,791.0,1640.0,611.0,1808.0,820.0
26735,24:07.500,28:05.348,3,1146.0,682.0,1308.0,903.0,617.0,556.0,789.0,791.0,1640.0,611.0,1808.0,820.0
26736,24:08.000,28:05.382,3,1146.0,681.0,1308.0,903.0,617.0,555.0,789.0,790.0,1641.0,611.0,1808.0,820.0
26737,24:08.500,28:05.415,3,1146.0,681.0,1307.0,903.0,617.0,554.0,789.0,790.0,1640.0,611.0,1808.0,819.0
26738,24:09.000,28:05.448,3,617.0,553.0,788.0,789.0,1146.0,680.0,1307.0,902.0,1640.0,609.0,1808.0,819.0
26739,24:09.500,28:05.482,3,617.0,552.0,788.0,789.0,1146.0,680.0,1307.0,902.0,1640.0,607.0,1808.0,818.0
26740,24:10.000,28:05.515,3,617.0,552.0,789.0,789.0,1146.0,680.0,1307.0,902.0,1640.0,606.0,1808.0,818.0
26741,24:10.500,28:05.548,3,617.0,552.0,789.0,789.0,1146.0,680.0,1307.0,902.0,1640.0,605.0,1808.0,818.0
26742,24:11.000,28:05.582,3,617.0,553.0,789.0,789.0,1146.0,680.0,1307.0,902.0,1641.0,605.0,1809.0,818.0
26743,24:11.500,28:05.615,3,1146.0,679.0,1307.0,903.0,618.0,553.0,789.0,789.0,1641.0,608.0,1809.0,818.0
26744,24:12.000,28:05.648,3,1146.0,679.0,1307.0,903.0,618.0,554.0,789.0,789.0,1641.0,611.0,1809.0,819.0
26745,24:12.500,28:05.673,3,1146.0,679.0,1307.0,903.0,618.0,554.0,789.0,789.0,1641.0,611.0,1809.0,819.0
26746,24:13.000,28:05.690,3,1146.0,680.0,1307.0,903.0,618.0,554.0,789.0,790.0,1642.0,612.0,1809.0,820.0
26747,24:13.500,28:05.715,3,1146.0,681.0,1307.0,903.0,619.0,554.0,790.0,790.0,1642.0,612.0,1810.0,820.0
26748,24:14.000,28:05.748,3,1146.0,680.0,1308.0,904.0,619.0,555.0,790.0,790.0,1643.0,609.0,1810.0,821.0
26749,24:14.500,28:05.782,3,1146.0,679.0,1307.0,903.0,618.0,555.0,790.0,790.0,1643.0,611.0,1810.0,820.0
26750,24:15.000,28:05.815,3,1145.0,679.0,1306.0,903.0,618.0,554.0,789.0,790.0,1643.0,610.0,1809.0,820.0
26751,24:15.500,28:05.848,3,1145.0,678.0,1306.0,902.0,618.0,552.0,789.0,789.0,1643.0,610.0,1809.0,819.0
26752,24:16.000,28:05.882,3,618.0,551.0,789.0,788.0,1146.0,676.0,1307.0,901.0,1643.0,606.0,1810.0,818.0
26753,24:16.500,28:05.915,3,1148.0,674.0,1309.0,899.0,619.0,550.0,790.0,787.0,1645.0,602.0,1812.0,817.0
26754,24:17.000,28:05.948,3,1147.0,679.0,1309.0,903.0,619.0,556.0,790.0,791.0,1645.0,610.0,1812.0,823.0
26755,24:17.500,28:05.982,3,1138.0,692.0,1300.0,916.0,609.0,569.0,780.0,804.0,1634.0,626.0,1802.0,830.0
26756,24:18.000,28:06.015,3,1113.0,700.0,1273.0,931.0,580.0,583.0,752.0,821.0,1607.0,636.0,1773.0,843.0
26757,24:18.500,28:06.048,3,535.0,608.0,711.0,846.0,1567.0,654.0,1726.0,862.0,1076.0,726.0,1239.0,954.0
26758,24:19.000,28:06.082,3,488.0,623.0,668.0,864.0,1038.0,743.0,1201.0,966.0,1527.0,662.0,1686.0,873.0
26759,24:19.500,28:06.115,3,1005.0,741.0,1168.0,968.0,447.0,621.0,631.0,865.0,1493.0,667.0,1652.0,875.0
26760,24:20.000,28:06.148,3,418.0,614.0,605.0,860.0,1471.0,653.0,1627.0,866.0,983.0,729.0,1146.0,961.0
26761,24:20.500,28:06.182,3,407.0,604.0,596.0,852.0,974.0,726.0,1139.0,954.0,1463.0,650.0,1618.0,859.0
26762,24:21.000,28:06.215,3,417.0,603.0,602.0,848.0,980.0,719.0,1144.0,950.0,1469.0,646.0,1625.0,855.0
26763,24:21.500,28:06.248,3,440.0,600.0,624.0,844.0,1000.0,716.0,1163.0,948.0,1488.0,647.0,1647.0,851.0
26764,24:22.000,28:06.282,3,468.0,595.0,651.0,839.0,1023.0,710.0,1184.0,939.0,1511.0,639.0,1670.0,845.0
26765,24:22.500,28:06.315,3,495.0,591.0,675.0,833.0,1043.0,709.0,1205.0,934.0,1535.0,637.0,1693.0,840.0
26766,24:23.000,28:06.348,3,516.0,589.0,693.0,831.0,1060.0,705.0,1223.0,932.0,1551.0,631.0,1713.0,839.0
26767,24:23.500,28:06.382,3,531.0,584.0,708.0,827.0,1073.0,705.0,1235.0,931.0,1566.0,632.0,1726.0,839.0
26768,24:24.000,28:06.415,3,544.0,584.0,720.0,827.0,1082.0,701.0,1243.0,932.0,1575.0,633.0,1738.0,841.0
26769,24:24.500,28:06.448,3,1089.0,702.0,1254.0,933.0,555.0,588.0,730.0,827.0,1584.0,632.0,1749.0,843.0
26770,24:25.000,28:06.482,3,566.0,588.0,738.0,828.0,1098.0,703.0,1261.0,934.0,1597.0,635.0,1759.0,845.0
26771,24:25.500,28:06.515,3,577.0,589.0,749.0,829.0,1109.0,700.0,1270.0,930.0,1604.0,633.0,1770.0,844.0
26772,24:26.000,28:06.548,3,1118.0,699.0,1278.0,926.0,587.0,588.0,759.0,826.0,1614.0,630.0,1780.0,840.0
26773,24:26.500,28:06.582,3,593.0,584.0,765.0,822.0,1124.0,699.0,1285.0,921.0,1621.0,629.0,1787.0,836.0
26774,24:27.000,28:06.615,3,599.0,581.0,770.0,819.0,1129.0,696.0,1290.0,918.0,1625.0,622.0,1793.0,835.0
26775,24:27.500,28:06.648,3,603.0,580.0,775.0,818.0,1132.0,696.0,1293.0,918.0,1628.0,619.0,1796.0,831.0
26776,24:28.000,28:06.682,3,605.0,579.0,777.0,817.0,1135.0,695.0,1296.0,918.0,1630.0,620.0,1798.0,828.0
26777,24:28.500,28:06.715,3,607.0,576.0,778.0,812.0,1137.0,692.0,1298.0,916.0,1633.0,615.0,1800.0,826.0
26778,24:29.000,28:06.748,3,1140.0,698.0,1301.0,924.0,611.0,581.0,783.0,817.0,1637.0,623.0,1805.0,832.0
26779,24:29.500,28:06.783,3,1145.0,701.0,1305.0,927.0,617.0,582.0,790.0,818.0,1643.0,625.0,1810.0,836.0
26780,24:30.000,28:06.817,3,1150.0,702.0,1312.0,927.0,626.0,582.0,796.0,818.0,1651.0,624.0,1818.0,838.0
26781,24:30.500,28:06.850,3,635.0,586.0,804.0,819.0,1157.0,705.0,1319.0,928.0,1659.0,628.0,1827.0,841.0
26782,24:31.000,28:06.883,3,1165.0,705.0,1326.0,930.0,1663.0,632.0,1833.0,843.0,641.0,587.0,811.0,822.0
26783,24:31.500,28:06.917,3,1168.0,709.0,1331.0,935.0,1666.0,637.0,1836.0,850.0,645.0,595.0,814.0,827.0
26784,24:32.000,28:06.950,3,1170.0,715.0,1331.0,940.0,1667.0,639.0,1837.0,854.0,647.0,600.0,815.0,832.0
26785,24:32.500,28:06.983,3,1669.0,642.0,1839.0,856.0,1171.0,718.0,1332.0,945.0,649.0,602.0,817.0,834.0
26786,24:33.000,28:07.017,3,1670.0,643.0,1840.0,859.0,651.0,604.0,820.0,836.0,1173.0,724.0,1334.0,948.0
26787,24:33.500,28:07.050,3,655.0,603.0,823.0,836.0,1672.0,640.0,1842.0,857.0,1176.0,722.0,1337.0,948.0
26788,24:34.000,28:07.083,3,657.0,604.0,824.0,836.0,1674.0,637.0,1844.0,855.0,1178.0,721.0,1339.0,947.0
26789,24:34.500,28:07.117,3,658.0,604.0,825.0,836.0,1675.0,638.0,1845.0,854.0,1179.0,719.0,1341.0,947.0
26790,24:35.000,28:07.150,3,661.0,610.0,828.0,842.0,1677.0,639.0,1847.0,857.0,1183.0,724.0,1345.0,950.0
26791,24:35.500,28:07.175,3,661.0,610.0,828.0,842.0,1677.0,639.0,1847.0,857.0,1183.0,723.0,1345.0,950.0
26792,24:36.000,28:07.192,3,1682.0,644.0,1851.0,865.0,1185.0,729.0,1349.0,956.0,665.0,624.0,832.0,854.0
26793,24:36.500,28:07.250,3,1688.0,653.0,1860.0,877.0,672.0,636.0,839.0,866.0,1192.0,737.0,1355.0,966.0
26794,24:37.000,28:07.283,3,674.0,638.0,842.0,871.0,1691.0,658.0,1863.0,883.0,1196.0,743.0,1358.0,972.0
26795,24:37.500,28:07.317,3,675.0,639.0,844.0,870.0,1693.0,657.0,1865.0,883.0,1198.0,743.0,1360.0,974.0
26796,24:38.000,28:07.350,3,1696.0,654.0,1869.0,881.0,678.0,638.0,846.0,868.0,1200.0,743.0,1362.0,975.0
26797,24:38.500,28:07.383,3,1699.0,655.0,1872.0,880.0,1202.0,743.0,1364.0,976.0,682.0,637.0,848.0,867.0
26798,24:39.000,28:07.417,3,1702.0,657.0,1874.0,884.0,684.0,637.0,851.0,869.0,1204.0,744.0,1366.0,978.0
26799,24:39.500,28:07.450,3,1704.0,660.0,1878.0,885.0,686.0,636.0,853.0,869.0,1207.0,743.0,1369.0,977.0
26800,24:40.000,28:07.483,3,1708.0,665.0,1880.0,887.0,690.0,638.0,855.0,871.0,1210.0,746.0,1372.0,979.0
26801,24:40.500,28:07.517,3,1713.0,658.0,1886.0,883.0,694.0,635.0,858.0,867.0,1213.0,742.0,1377.0,975.0
26802,24:41.000,28:07.550,3,1716.0,653.0,1891.0,874.0,698.0,630.0,862.0,861.0,1215.0,736.0,1380.0,969.0
26803,24:41.500,28:07.583,3,1715.0,651.0,1890.0,871.0,1216.0,733.0,1380.0,967.0,698.0,628.0,862.0,859.0
26804,24:42.000,28:07.617,3,1715.0,651.0,1891.0,870.0,1216.0,733.0,1380.0,967.0,698.0,627.0,862.0,858.0
26805,24:42.500,28:07.650,3,1717.0,652.0,1892.0,872.0,700.0,629.0,864.0,860.0,1217.0,737.0,1381.0,970.0
26806,24:43.000,28:07.683,3,1720.0,653.0,1895.0,872.0,702.0,629.0,867.0,859.0,1220.0,738.0,1385.0,969.0
26807,24:43.500,28:07.717,3,1724.0,650.0,1899.0,868.0,705.0,627.0,870.0,855.0,1224.0,732.0,1388.0,965.0
26808,24:44.000,28:07.750,3,1725.0,644.0,1901.0,863.0,1226.0,727.0,1389.0,959.0,707.0,623.0,872.0,851.0
26809,24:44.500,28:07.783,3,1727.0,640.0,1901.0,856.0,1226.0,723.0,1390.0,954.0,706.0,618.0,871.0,848.0
26810,24:45.000,28:07.817,3,1726.0,636.0,1902.0,852.0,1225.0,722.0,1389.0,952.0,705.0,618.0,870.0,847.0
26811,24:45.500,28:07.850,3,1722.0,634.0,1898.0,849.0,1219.0,719.0,1383.0,951.0,701.0,617.0,865.0,846.0
26812,24:46.000,28:07.883,3,1720.0,633.0,1895.0,847.0,1215.0,719.0,1379.0,950.0,697.0,615.0,861.0,844.0
26813,24:46.500,28:07.917,3,1718.0,628.0,1893.0,844.0,1213.0,717.0,1377.0,951.0,694.0,614.0,858.0,842.0
26814,24:47.000,28:07.950,3,1715.0,629.0,1889.0,845.0,1210.0,719.0,1373.0,953.0,690.0,615.0,855.0,846.0
26815,24:47.500,28:07.983,3,1712.0,630.0,1885.0,847.0,1207.0,720.0,1369.0,954.0,686.0,619.0,853.0,850.0
26816,24:48.000,28:08.017,3,1710.0,633.0,1883.0,852.0,1205.0,725.0,1367.0,959.0,684.0,625.0,850.0,856.0
26817,24:48.500,28:08.050,3,1708.0,636.0,1882.0,855.0,1203.0,725.0,1366.0,963.0,682.0,629.0,849.0,859.0
26818,24:49.000,28:08.083,3,1202.0,730.0,1366.0,965.0,1708.0,639.0,1881.0,857.0,682.0,631.0,849.0,862.0
26819,24:49.500,28:08.117,3,1710.0,642.0,1882.0,860.0,1203.0,733.0,1366.0,969.0,682.0,632.0,849.0,864.0
26820,24:50.000,28:08.150,3,1711.0,646.0,1883.0,862.0,1203.0,738.0,1366.0,972.0,683.0,634.0,850.0,864.0
26821,24:50.500,28:08.183,3,1713.0,646.0,1885.0,863.0,1203.0,738.0,1367.0,973.0,684.0,633.0,851.0,865.0
26822,24:51.000,28:08.217,3,1715.0,644.0,1887.0,858.0,1204.0,734.0,1367.0,969.0,684.0,631.0,851.0,863.0
26823,24:51.500,28:08.250,3,1716.0,638.0,1889.0,852.0,1206.0,727.0,1369.0,963.0,684.0,624.0,851.0,856.0
26824,24:52.000,28:08.283,3,1207.0,718.0,1369.0,954.0,1718.0,629.0,1893.0,844.0,685.0,614.0,852.0,847.0
26825,24:52.500,28:08.317,3,1207.0,711.0,1372.0,947.0,1718.0,621.0,1894.0,839.0,686.0,606.0,851.0,838.0
26826,24:53.000,28:08.350,3,1208.0,706.0,1373.0,940.0,1719.0,619.0,1895.0,832.0,686.0,602.0,851.0,833.0
26827,24:53.500,28:08.383,3,1207.0,702.0,1372.0,936.0,1720.0,613.0,1895.0,830.0,683.0,600.0,850.0,832.0
26828,24:54.000,28:08.417,3,1205.0,700.0,1368.0,934.0,1718.0,610.0,1894.0,828.0,681.0,597.0,848.0,829.0
26829,24:54.500,28:08.450,3,1203.0,700.0,1366.0,934.0,678.0,597.0,845.0,829.0,1716.0,608.0,1891.0,827.0
26830,24:55.000,28:08.483,3,676.0,598.0,843.0,829.0,1201.0,700.0,1364.0,933.0,1714.0,610.0,1888.0,827.0
26831,24:55.500,28:08.517,3,676.0,592.0,843.0,826.0,1201.0,696.0,1364.0,931.0,1713.0,606.0,1888.0,826.0
26832,24:56.000,28:08.550,3,1201.0,694.0,1364.0,928.0,675.0,588.0,843.0,822.0,1714.0,604.0,1889.0,825.0
26833,24:56.500,28:08.583,3,1201.0,690.0,1364.0,924.0,675.0,584.0,843.0,817.0,1715.0,600.0,1890.0,818.0
26834,24:57.000,28:08.617,3,1202.0,689.0,1365.0,920.0,1716.0,596.0,1891.0,814.0,675.0,580.0,843.0,814.0
26835,24:57.500,28:08.650,3,1201.0,690.0,1363.0,921.0,674.0,583.0,843.0,817.0,1715.0,598.0,1888.0,815.0
26836,24:58.000,28:08.683,3,1199.0,692.0,1362.0,925.0,672.0,583.0,842.0,819.0,1711.0,600.0,1886.0,817.0
26837,24:58.500,28:08.717,3,670.0,588.0,839.0,823.0,1195.0,696.0,1360.0,927.0,1708.0,605.0,1882.0,823.0
26838,24:59.000,28:08.750,3,667.0,593.0,836.0,829.0,1705.0,608.0,1878.0,826.0,1191.0,700.0,1356.0,932.0
26839,24:59.500,28:08.783,3,666.0,597.0,834.0,831.0,1704.0,612.0,1876.0,830.0,1190.0,706.0,1353.0,935.0
26840,25:00.000,28:08.817,3,667.0,600.0,834.0,834.0,1703.0,621.0,1875.0,833.0,1190.0,708.0,1353.0,937.0
26841,25:00.500,28:08.850,3,668.0,606.0,835.0,838.0,1702.0,626.0,1875.0,836.0,1191.0,714.0,1353.0,943.0
26842,25:01.000,28:08.883,3,1190.0,724.0,1353.0,957.0,667.0,622.0,834.0,852.0,1703.0,636.0,1874.0,850.0
26843,25:01.500,28:08.917,3,667.0,635.0,833.0,867.0,1701.0,648.0,1871.0,865.0,1187.0,740.0,1351.0,970.0
26844,25:02.000,28:08.950,3,666.0,650.0,833.0,883.0,1698.0,661.0,1868.0,879.0,1186.0,756.0,1350.0,986.0
26845,25:02.500,28:08.983,3,664.0,669.0,830.0,899.0,1695.0,685.0,1866.0,894.0,1185.0,772.0,1349.0,1003.0
26846,25:03.000,28:09.017,3,662.0,679.0,827.0,909.0,1183.0,781.0,1345.0,1012.0,1691.0,691.0,1864.0,902.0
26847,25:03.500,28:09.050,3,661.0,663.0,825.0,894.0,1691.0,679.0,1865.0,889.0,1184.0,768.0,1346.0,997.0
26848,25:04.000,28:09.083,3,1694.0,642.0,1867.0,860.0,662.0,632.0,827.0,864.0,1184.0,735.0,1347.0,967.0
26849,25:04.500,28:09.117,3,660.0,614.0,827.0,846.0,1183.0,718.0,1346.0,949.0,1693.0,630.0,1866.0,841.0
26850,25:05.000,28:09.150,3,1689.0,638.0,1861.0,856.0,654.0,630.0,822.0,860.0,1180.0,730.0,1342.0,962.0
26851,25:05.500,28:09.183,3,653.0,648.0,821.0,878.0,1689.0,656.0,1858.0,873.0,1178.0,749.0,1339.0,982.0
26852,25:06.000,28:09.217,3,1690.0,670.0,1861.0,886.0,655.0,657.0,823.0,890.0,1179.0,761.0,1340.0,992.0
26853,25:06.500,28:09.250,3,660.0,658.0,826.0,892.0,1182.0,765.0,1344.0,996.0,1694.0,682.0,1866.0,890.0
26854,25:07.000,28:09.283,3,665.0,652.0,831.0,885.0,1703.0,676.0,1873.0,888.0,1185.0,759.0,1348.0,992.0
26855,25:07.500,28:09.317,3,668.0,646.0,836.0,878.0,1709.0,670.0,1879.0,886.0,1189.0,755.0,1352.0,987.0
26856,25:08.000,28:09.350,3,670.0,642.0,838.0,873.0,1711.0,662.0,1882.0,883.0,1191.0,750.0,1354.0,983.0
26857,25:08.500,28:09.383,3,671.0,642.0,839.0,874.0,1192.0,749.0,1354.0,982.0,1714.0,662.0,1884.0,881.0
26858,25:09.000,28:09.417,3,670.0,644.0,839.0,876.0,1191.0,750.0,1354.0,983.0,1714.0,661.0,1884.0,880.0
26859,25:09.500,28:09.450,3,670.0,643.0,839.0,875.0,1190.0,749.0,1353.0,983.0,1714.0,661.0,1884.0,879.0
26860,25:10.000,28:09.483,3,671.0,639.0,839.0,871.0,1716.0,657.0,1886.0,873.0,1190.0,746.0,1353.0,979.0
26861,25:10.500,28:09.517,3,672.0,636.0,840.0,868.0,1717.0,655.0,1888.0,870.0,1192.0,743.0,1355.0,976.0
26862,25:11.000,28:09.550,3,673.0,636.0,842.0,867.0,1718.0,654.0,1890.0,871.0,1193.0,743.0,1356.0,976.0
26863,25:11.500,28:09.583,3,673.0,635.0,843.0,867.0,1719.0,653.0,1891.0,872.0,1193.0,743.0,1356.0,977.0
26864,25:12.000,28:09.617,3,674.0,634.0,844.0,866.0,1720.0,653.0,1892.0,872.0,1193.0,742.0,1357.0,975.0
26865,25:12.500,28:09.650,3,675.0,633.0,844.0,864.0,1720.0,652.0,1892.0,870.0,1193.0,740.0,1357.0,974.0
26866,25:13.000,28:09.683,3,675.0,631.0,845.0,863.0,1720.0,652.0,1892.0,868.0,1192.0,737.0,1356.0,971.0
26867,25:13.500,28:09.717,3,1192.0,735.0,1356.0,968.0,1720.0,649.0,1893.0,865.0,676.0,628.0,845.0,860.0
26868,25:14.000,28:09.750,3,1191.0,733.0,1355.0,967.0,1719.0,648.0,1891.0,863.0,675.0,627.0,844.0,859.0
26869,25:14.500,28:09.783,3,1190.0,732.0,1353.0,966.0,1718.0,647.0,1888.0,862.0,673.0,626.0,841.0,856.0
26870,25:15.000,28:09.817,3,1716.0,644.0,1886.0,862.0,1187.0,731.0,1352.0,966.0,671.0,623.0,840.0,855.0
26871,25:15.500,28:09.850,3,1715.0,645.0,1885.0,862.0,1187.0,731.0,1352.0,966.0,670.0,623.0,840.0,854.0
26872,25:16.000,28:09.883,3,1715.0,647.0,1886.0,865.0,1187.0,735.0,1351.0,968.0,671.0,627.0,839.0,857.0
26873,25:16.500,28:09.917,3,1714.0,649.0,1885.0,866.0,671.0,630.0,839.0,860.0,1187.0,737.0,1350.0,971.0
26874,25:17.000,28:09.950,3,1711.0,647.0,1882.0,866.0,669.0,632.0,836.0,860.0,1185.0,739.0,1348.0,970.0
26875,25:17.500,28:09.983,3,1707.0,643.0,1879.0,863.0,1183.0,738.0,1346.0,968.0,664.0,628.0,832.0,855.0
26876,25:18.000,28:10.017,3,1705.0,639.0,1877.0,859.0,1181.0,733.0,1344.0,965.0,662.0,622.0,831.0,852.0
26877,25:18.500,28:10.050,3,660.0,616.0,830.0,848.0,1703.0,638.0,1876.0,857.0,1179.0,728.0,1342.0,960.0
26878,25:19.000,28:10.083,3,661.0,612.0,830.0,843.0,1178.0,728.0,1342.0,959.0,1704.0,638.0,1876.0,857.0
26879,25:19.500,28:10.117,3,662.0,610.0,830.0,841.0,1180.0,730.0,1343.0,959.0,1706.0,637.0,1877.0,858.0
26880,25:20.000,28:10.150,3,663.0,610.0,831.0,839.0,1181.0,731.0,1344.0,960.0,1708.0,639.0,1879.0,858.0
26881,25:20.500,28:10.183,3,665.0,610.0,833.0,838.0,1711.0,639.0,1880.0,858.0,1182.0,731.0,1346.0,959.0
26882,25:21.000,28:10.217,3,667.0,607.0,835.0,837.0,1714.0,641.0,1884.0,858.0,1184.0,729.0,1349.0,959.0
26883,25:21.500,28:10.250,3,669.0,608.0,837.0,839.0,1717.0,646.0,1887.0,859.0,1187.0,732.0,1350.0,961.0
26884,25:22.000,28:10.283,3,670.0,608.0,838.0,840.0,1189.0,729.0,1352.0,963.0,1718.0,646.0,1889.0,859.0
26885,25:22.500,28:10.317,3,670.0,607.0,838.0,839.0,1191.0,728.0,1352.0,962.0,1719.0,647.0,1891.0,859.0
26886,25:23.000,28:10.350,3,670.0,604.0,837.0,836.0,1719.0,645.0,1890.0,858.0,1191.0,727.0,1352.0,960.0
26887,25:23.500,28:10.383,3,668.0,602.0,835.0,833.0,1718.0,644.0,1888.0,858.0,1191.0,726.0,1351.0,959.0
26888,25:24.000,28:10.417,3,666.0,602.0,833.0,833.0,1717.0,646.0,1887.0,860.0,1189.0,729.0,1350.0,960.0
26889,25:24.500,28:10.450,3,665.0,602.0,833.0,832.0,1716.0,648.0,1887.0,862.0,1189.0,729.0,1350.0,961.0
26890,25:25.000,28:10.483,3,669.0,601.0,836.0,832.0,1718.0,646.0,1890.0,862.0,1191.0,729.0,1351.0,960.0
26891,25:25.500,28:10.517,3,672.0,599.0,840.0,834.0,1193.0,727.0,1354.0,960.0,1721.0,647.0,1894.0,863.0
26892,25:26.000,28:10.550,3,1725.0,649.0,1898.0,865.0,1196.0,726.0,1357.0,961.0,675.0,601.0,844.0,836.0
26893,25:26.500,28:10.583,3,1725.0,649.0,1898.0,865.0,1197.0,726.0,1358.0,962.0,675.0,603.0,846.0,836.0
26894,25:27.000,28:10.617,3,1195.0,728.0,1357.0,962.0,675.0,605.0,845.0,839.0,1724.0,648.0,1897.0,865.0
26895,25:27.500,28:10.650,3,1195.0,729.0,1356.0,963.0,674.0,606.0,845.0,842.0,1722.0,649.0,1895.0,865.0
26896,25:28.000,28:10.683,3,1193.0,730.0,1355.0,963.0,674.0,608.0,846.0,843.0,1722.0,650.0,1894.0,865.0
26897,25:28.500,28:10.717,3,1194.0,730.0,1356.0,963.0,675.0,610.0,847.0,846.0,1722.0,650.0,1895.0,865.0
26898,25:29.000,28:10.750,3,1196.0,729.0,1358.0,963.0,1724.0,650.0,1897.0,866.0,676.0,613.0,849.0,848.0
26899,25:29.500,28:10.783,3,1197.0,729.0,1360.0,963.0,1726.0,652.0,1898.0,866.0,679.0,615.0,851.0,848.0
26900,25:30.000,28:10.817,3,1199.0,729.0,1362.0,964.0,1727.0,651.0,1900.0,867.0,681.0,616.0,852.0,849.0
26901,25:30.500,28:10.850,3,1200.0,730.0,1363.0,965.0,1728.0,652.0,1901.0,867.0,682.0,620.0,853.0,851.0
26902,25:31.000,28:10.883,3,1201.0,730.0,1364.0,965.0,1728.0,652.0,1902.0,868.0,683.0,621.0,853.0,852.0
26903,25:31.500,28:10.917,3,1202.0,729.0,1364.0,965.0,1728.0,652.0,1902.0,867.0,684.0,620.0,854.0,851.0
26904,25:32.000,28:10.952,3,1202.0,727.0,1365.0,963.0,1729.0,650.0,1903.0,866.0,684.0,617.0,854.0,849.0
26905,25:32.500,28:10.985,3,1729.0,649.0,1904.0,866.0,1203.0,726.0,1365.0,963.0,685.0,615.0,854.0,848.0
26906,25:33.000,28:11.018,3,1729.0,649.0,1904.0,866.0,1203.0,726.0,1365.0,963.0,685.0,615.0,854.0,847.0
26907,25:33.500,28:11.052,3,1729.0,648.0,1903.0,865.0,1203.0,726.0,1365.0,962.0,685.0,614.0,855.0,847.0
26908,25:34.000,28:11.085,3,1729.0,647.0,1903.0,865.0,1203.0,726.0,1365.0,961.0,686.0,613.0,855.0,846.0
26909,25:34.500,28:11.118,3,1729.0,647.0,1903.0,865.0,1203.0,725.0,1365.0,962.0,688.0,613.0,856.0,845.0
26910,25:35.000,28:11.152,3,1730.0,647.0,1904.0,865.0,1203.0,724.0,1365.0,961.0,689.0,611.0,857.0,843.0
26911,25:35.500,28:11.185,3,1730.0,647.0,1905.0,864.0,1204.0,724.0,1366.0,960.0,692.0,608.0,859.0,840.0
26912,25:36.000,28:11.218,3,1730.0,648.0,1904.0,863.0,1204.0,722.0,1366.0,959.0,695.0,606.0,861.0,839.0
26913,25:36.500,28:11.252,3,1730.0,645.0,1903.0,861.0,1202.0,720.0,1365.0,956.0,696.0,603.0,862.0,837.0
26914,25:37.000,28:11.285,3,1729.0,645.0,1902.0,859.0,1201.0,719.0,1364.0,955.0,698.0,600.0,863.0,833.0
26915,25:37.500,28:11.318,3,1201.0,718.0,1363.0,954.0,1728.0,645.0,1901.0,857.0,700.0,598.0,866.0,831.0
26916,25:38.000,28:11.352,3,1728.0,646.0,1901.0,858.0,1201.0,719.0,1364.0,954.0,702.0,600.0,869.0,832.0
26917,25:38.500,28:11.385,3,1728.0,646.0,1901.0,859.0,1202.0,719.0,1364.0,955.0,704.0,600.0,871.0,833.0
26918,25:39.000,28:11.418,3,1726.0,646.0,1900.0,859.0,1202.0,719.0,1364.0,955.0,706.0,600.0,874.0,834.0
26919,25:39.500,28:11.452,3,1201.0,720.0,1364.0,956.0,1725.0,646.0,1899.0,859.0,707.0,600.0,875.0,835.0
26920,25:40.000,28:11.485,3,1200.0,725.0,1363.0,962.0,706.0,607.0,874.0,840.0,1723.0,649.0,1897.0,865.0
26921,25:40.500,28:11.518,3,1200.0,736.0,1362.0,973.0,1720.0,655.0,1893.0,872.0,706.0,618.0,872.0,850.0
26922,25:41.000,28:11.552,3,1197.0,748.0,1360.0,985.0,1717.0,670.0,1889.0,885.0,704.0,634.0,871.0,865.0
26923,25:41.500,28:11.585,3,1195.0,759.0,1358.0,993.0,704.0,642.0,870.0,877.0,1715.0,686.0,1886.0,894.0
26924,25:42.000,28:11.618,3,1714.0,696.0,1885.0,904.0,1195.0,769.0,1357.0,1005.0,703.0,654.0,870.0,885.0
26925,25:42.500,28:11.652,3,1713.0,707.0,1884.0,913.0,703.0,664.0,870.0,899.0,1195.0,779.0,1356.0,1013.0
26926,25:43.000,28:11.685,3,1195.0,784.0,1357.0,1018.0,1711.0,710.0,1883.0,918.0,703.0,673.0,869.0,905.0
26927,25:43.500,28:11.718,3,1195.0,786.0,1357.0,1021.0,1710.0,711.0,1881.0,920.0,703.0,675.0,869.0,907.0
26928,25:44.000,28:11.752,3,1194.0,785.0,1357.0,1020.0,1709.0,710.0,1880.0,919.0,702.0,674.0,869.0,906.0
26929,25:44.500,28:11.785,3,1195.0,785.0,1357.0,1020.0,1709.0,709.0,1880.0,919.0,702.0,673.0,869.0,905.0
26930,25:45.000,28:11.818,3,1194.0,784.0,1357.0,1018.0,1709.0,708.0,1880.0,917.0,702.0,672.0,868.0,902.0
26931,25:45.500,28:11.852,3,1710.0,705.0,1880.0,915.0,1195.0,783.0,1357.0,1016.0,702.0,670.0,869.0,901.0
26932,25:46.000,28:11.885,3,1196.0,782.0,1357.0,1015.0,703.0,668.0,870.0,900.0,1710.0,705.0,1881.0,914.0
26933,25:46.500,28:11.918,3,703.0,666.0,871.0,899.0,1710.0,703.0,1881.0,913.0,1196.0,785.0,1357.0,1015.0
26934,25:47.000,28:11.952,3,704.0,664.0,872.0,898.0,1711.0,703.0,1882.0,912.0,1197.0,784.0,1358.0,1014.0
26935,25:47.500,28:11.985,3,705.0,663.0,873.0,895.0,1712.0,703.0,1882.0,911.0,1196.0,784.0,1357.0,1012.0
26936,25:48.000,28:12.018,3,706.0,657.0,873.0,893.0,1713.0,703.0,1882.0,909.0,1197.0,782.0,1357.0,1010.0
26937,25:48.500,28:12.052,3,707.0,656.0,875.0,889.0,1713.0,700.0,1882.0,907.0,1197.0,781.0,1359.0,1009.0
26938,25:49.000,28:12.085,3,708.0,653.0,876.0,886.0,1714.0,700.0,1883.0,906.0,1198.0,779.0,1359.0,1009.0
26939,25:49.500,28:12.118,3,709.0,652.0,876.0,884.0,1198.0,776.0,1360.0,1007.0,1714.0,699.0,1884.0,903.0
26940,25:50.000,28:12.152,3,1198.0,773.0,1360.0,1006.0,709.0,648.0,877.0,882.0,1714.0,695.0,1883.0,901.0
26941,25:50.500,28:12.185,3,1198.0,771.0,1360.0,1005.0,708.0,648.0,876.0,880.0,1711.0,692.0,1881.0,900.0
26942,25:51.000,28:12.218,3,1197.0,771.0,1359.0,1002.0,707.0,643.0,876.0,874.0,1710.0,689.0,1880.0,898.0
26943,25:51.500,28:12.252,3,1196.0,767.0,1359.0,997.0,707.0,639.0,874.0,867.0,1709.0,684.0,1880.0,895.0
26944,25:52.000,28:12.285,3,1197.0,765.0,1359.0,995.0,706.0,637.0,874.0,864.0,1709.0,682.0,1880.0,894.0
26945,25:52.500,28:12.318,3,1197.0,764.0,1359.0,994.0,1709.0,682.0,1880.0,893.0,706.0,634.0,874.0,861.0
26946,25:53.000,28:12.352,3,1197.0,762.0,1359.0,994.0,1709.0,680.0,1880.0,892.0,706.0,632.0,873.0,859.0
26947,25:53.500,28:12.385,3,1197.0,761.0,1359.0,994.0,1709.0,680.0,1880.0,893.0,706.0,631.0,873.0,857.0
26948,25:54.000,28:12.418,3,1198.0,760.0,1360.0,992.0,1709.0,680.0,1880.0,892.0,706.0,630.0,873.0,856.0
26949,25:54.500,28:12.452,3,1198.0,757.0,1360.0,992.0,1710.0,677.0,1880.0,891.0,707.0,629.0,873.0,855.0
26950,25:55.000,28:12.485,3,1199.0,756.0,1361.0,991.0,1711.0,675.0,1881.0,890.0,707.0,627.0,873.0,853.0
26951,25:55.500,28:12.518,3,1199.0,755.0,1361.0,991.0,1711.0,676.0,1881.0,890.0,707.0,627.0,872.0,854.0
26952,25:56.000,28:12.552,3,1199.0,753.0,1361.0,990.0,1711.0,676.0,1881.0,890.0,706.0,627.0,871.0,854.0
26953,25:56.500,28:12.585,3,1198.0,753.0,1361.0,989.0,1710.0,676.0,1880.0,889.0,704.0,627.0,869.0,854.0
26954,25:57.000,28:12.618,3,1198.0,754.0,1361.0,989.0,1709.0,673.0,1880.0,889.0,702.0,628.0,867.0,854.0
26955,25:57.500,28:12.652,3,1198.0,754.0,1361.0,989.0,1710.0,673.0,1880.0,889.0,700.0,627.0,866.0,854.0
26956,25:58.000,28:12.685,3,1198.0,753.0,1361.0,989.0,1710.0,672.0,1881.0,889.0,699.0,627.0,864.0,855.0
26957,25:58.500,28:12.718,3,1198.0,753.0,1361.0,988.0,1710.0,669.0,1881.0,888.0,697.0,628.0,862.0,855.0
26958,25:59.000,28:12.752,3,1199.0,752.0,1361.0,989.0,1711.0,672.0,1882.0,888.0,696.0,630.0,861.0,859.0
26959,25:59.500,28:12.785,3,1199.0,752.0,1361.0,989.0,1711.0,671.0,1882.0,888.0,694.0,630.0,861.0,862.0
26960,26:00.000,28:12.818,3,1199.0,753.0,1361.0,988.0,1711.0,669.0,1882.0,887.0,693.0,631.0,861.0,864.0
26961,26:00.500,28:12.852,3,1199.0,749.0,1362.0,985.0,1710.0,664.0,1883.0,884.0,692.0,628.0,860.0,862.0
26962,26:01.000,28:12.885,3,1200.0,747.0,1362.0,982.0,1713.0,662.0,1885.0,882.0,694.0,629.0,861.0,861.0
26963,26:01.500,28:12.918,3,1202.0,745.0,1364.0,979.0,1715.0,657.0,1888.0,878.0,697.0,628.0,864.0,858.0
26964,26:02.000,28:12.952,3,1204.0,740.0,1366.0,976.0,1718.0,652.0,1891.0,871.0,701.0,630.0,867.0,858.0
26965,26:02.500,28:12.985,3,1719.0,653.0,1892.0,868.0,702.0,633.0,869.0,862.0,1206.0,741.0,1368.0,975.0
26966,26:03.000,28:13.018,3,1203.0,739.0,1365.0,974.0,1715.0,653.0,1887.0,866.0,700.0,634.0,867.0,866.0
26967,26:03.500,28:13.052,3,1200.0,748.0,1362.0,982.0,1712.0,658.0,1883.0,875.0,699.0,643.0,866.0,880.0
26968,26:04.000,28:13.085,3,1197.0,753.0,1360.0,988.0,696.0,652.0,864.0,887.0,1708.0,666.0,1878.0,884.0
26969,26:04.500,28:13.118,3,1194.0,772.0,1356.0,1005.0,693.0,673.0,862.0,907.0,1705.0,688.0,1875.0,895.0
26970,26:05.000,28:13.152,3,1191.0,790.0,1353.0,1020.0,1702.0,703.0,1871.0,911.0,690.0,692.0,861.0,926.0
26971,26:05.500,28:13.185,3,1695.0,712.0,1865.0,920.0,686.0,704.0,856.0,940.0,1185.0,799.0,1348.0,1030.0
26972,26:06.000,28:13.218,3,1686.0,716.0,1855.0,927.0,679.0,713.0,849.0,949.0,1179.0,808.0,1342.0,1037.0
26973,26:06.500,28:13.252,3,1681.0,720.0,1847.0,929.0,672.0,715.0,843.0,955.0,1173.0,809.0,1335.0,1041.0
26974,26:07.000,28:13.285,3,665.0,714.0,837.0,953.0,1674.0,720.0,1841.0,929.0,1167.0,809.0,1330.0,1040.0
26975,26:07.500,28:13.318,3,661.0,707.0,833.0,947.0,1670.0,715.0,1840.0,924.0,1164.0,805.0,1328.0,1035.0
26976,26:08.000,28:13.352,3,660.0,697.0,833.0,936.0,1670.0,704.0,1839.0,911.0,1163.0,792.0,1327.0,1022.0
26977,26:08.500,28:13.385,3,1669.0,679.0,1838.0,890.0,1162.0,771.0,1325.0,999.0,659.0,677.0,833.0,915.0
26978,26:09.000,28:13.418,3,658.0,655.0,830.0,893.0,1669.0,649.0,1838.0,866.0,1161.0,750.0,1324.0,977.0
26979,26:09.500,28:13.452,3,654.0,637.0,829.0,872.0,1160.0,727.0,1324.0,956.0,1669.0,630.0,1839.0,845.0
26980,26:10.000,28:13.485,3,653.0,614.0,829.0,852.0,1158.0,705.0,1322.0,935.0,1669.0,613.0,1839.0,826.0
26981,26:10.500,28:13.518,3,1669.0,592.0,1841.0,804.0,652.0,588.0,828.0,828.0,1161.0,684.0,1324.0,913.0
26982,26:11.000,28:13.543,3,1669.0,592.0,1841.0,804.0,652.0,588.0,828.0,828.0,1161.0,684.0,1324.0,913.0
26983,26:11.500,28:13.585,3,1170.0,654.0,1332.0,887.0,660.0,556.0,835.0,798.0,1683.0,566.0,1854.0,780.0
26984,26:12.000,28:13.618,3,1175.0,644.0,1338.0,878.0,666.0,547.0,840.0,791.0,1690.0,559.0,1862.0,774.0
26985,26:12.500,28:13.652,3,672.0,543.0,846.0,785.0,1181.0,641.0,1344.0,875.0,1697.0,560.0,1869.0,772.0
26986,26:13.000,28:13.685,3,674.0,542.0,848.0,783.0,1183.0,642.0,1347.0,876.0,1700.0,562.0,1873.0,773.0
26987,26:13.500,28:13.718,3,677.0,542.0,851.0,783.0,1705.0,562.0,1878.0,775.0,1187.0,642.0,1349.0,877.0
26988,26:14.000,28:13.752,3,680.0,542.0,853.0,782.0,1189.0,641.0,1354.0,877.0,1710.0,566.0,1882.0,776.0
26989,26:14.500,28:13.785,3,683.0,544.0,855.0,783.0,1193.0,644.0,1357.0,878.0,1715.0,565.0,1887.0,779.0
26990,26:15.000,28:13.818,3,684.0,544.0,857.0,783.0,1194.0,641.0,1359.0,878.0,1717.0,565.0,1889.0,779.0
26991,26:15.500,28:13.852,3,1194.0,646.0,1359.0,885.0,685.0,548.0,857.0,786.0,1718.0,570.0,1890.0,784.0
26992,26:16.000,28:13.885,3,1717.0,575.0,1889.0,788.0,1195.0,651.0,1358.0,889.0,684.0,554.0,857.0,790.0
26993,26:16.500,28:13.918,3,1717.0,580.0,1888.0,792.0,1194.0,654.0,1356.0,891.0,684.0,558.0,857.0,794.0
26994,26:17.000,28:13.952,3,1717.0,584.0,1888.0,795.0,1194.0,658.0,1357.0,894.0,684.0,560.0,857.0,798.0
26995,26:17.500,28:13.985,3,1195.0,659.0,1358.0,895.0,1717.0,585.0,1889.0,796.0,685.0,562.0,857.0,799.0
26996,26:18.000,28:14.018,3,1195.0,661.0,1358.0,896.0,1718.0,587.0,1890.0,797.0,687.0,563.0,858.0,801.0
26997,26:18.500,28:14.052,3,1195.0,662.0,1358.0,899.0,1717.0,588.0,1889.0,798.0,687.0,566.0,857.0,803.0
26998,26:19.000,28:14.085,3,1194.0,664.0,1357.0,900.0,1716.0,590.0,1888.0,799.0,686.0,568.0,857.0,804.0
26999,26:19.500,28:14.118,3,1194.0,663.0,1357.0,899.0,1716.0,589.0,1888.0,798.0,686.0,567.0,856.0,803.0
27000,26:20.000,28:14.152,3,1193.0,661.0,1357.0,897.0,1716.0,588.0,1888.0,797.0,686.0,564.0,856.0,801.0
27001,26:20.500,28:14.185,3,1195.0,659.0,1357.0,895.0,1718.0,585.0,1889.0,795.0,685.0,561.0,856.0,799.0
27002,26:21.000,28:14.210,3,1195.0,659.0,1357.0,895.0,1718.0,585.0,1889.0,795.0,685.0,561.0,856.0,799.0
27003,26:21.500,28:14.252,3,1720.0,581.0,1891.0,792.0,1196.0,655.0,1359.0,893.0,687.0,559.0,858.0,796.0
27004,26:22.000,28:14.285,3,1197.0,660.0,1360.0,897.0,1721.0,586.0,1893.0,796.0,689.0,564.0,860.0,801.0
27005,26:22.500,28:14.318,3,1197.0,667.0,1360.0,902.0,1720.0,591.0,1892.0,800.0,689.0,572.0,860.0,808.0
27006,26:23.000,28:14.352,3,1194.0,677.0,1358.0,909.0,1716.0,595.0,1887.0,806.0,687.0,579.0,858.0,816.0
27007,26:23.500,28:14.385,3,682.0,590.0,853.0,825.0,1189.0,685.0,1353.0,917.0,1710.0,599.0,1881.0,811.0
27008,26:24.000,28:14.418,3,1701.0,599.0,1873.0,815.0,1183.0,689.0,1346.0,921.0,676.0,598.0,846.0,833.0
27009,26:24.500,28:14.452,3,1179.0,690.0,1342.0,923.0,1696.0,599.0,1868.0,816.0,673.0,600.0,842.0,837.0
27010,26:25.000,28:14.485,3,1695.0,598.0,1867.0,814.0,1179.0,688.0,1342.0,922.0,672.0,599.0,842.0,836.0
27011,26:25.500,28:14.518,3,1180.0,689.0,1343.0,922.0,1696.0,599.0,1869.0,815.0,673.0,599.0,843.0,835.0
27012,26:26.000,28:14.552,3,1697.0,598.0,1869.0,815.0,1180.0,689.0,1343.0,920.0,673.0,597.0,843.0,832.0
27013,26:26.500,28:14.585,3,1181.0,691.0,1344.0,922.0,1699.0,602.0,1871.0,818.0,675.0,598.0,845.0,832.0
27014,26:27.000,28:14.618,3,1186.0,691.0,1350.0,923.0,680.0,597.0,850.0,831.0,1705.0,603.0,1877.0,820.0
27015,26:27.500,28:14.652,3,687.0,590.0,857.0,825.0,1194.0,686.0,1357.0,919.0,1714.0,600.0,1884.0,816.0
27016,26:28.000,28:14.685,3,1199.0,673.0,1362.0,906.0,1720.0,595.0,1892.0,805.0,693.0,576.0,863.0,814.0
27017,26:28.500,28:14.718,3,1202.0,647.0,1364.0,885.0,1724.0,569.0,1896.0,779.0,694.0,555.0,864.0,794.0
27018,26:29.000,28:14.752,3,1725.0,530.0,1898.0,746.0,1204.0,618.0,1366.0,853.0,693.0,523.0,864.0,764.0
27019,26:29.500,28:14.785,3,1203.0,591.0,1365.0,830.0,1725.0,509.0,1902.0,723.0,690.0,501.0,862.0,742.0
27020,26:30.000,28:14.818,3,1729.0,497.0,1905.0,716.0,1205.0,581.0,1369.0,820.0,693.0,491.0,864.0,730.0
27021,26:30.500,28:14.852,3,1208.0,581.0,1373.0,819.0,1734.0,503.0,1909.0,719.0,698.0,487.0,869.0,728.0
27022,26:31.000,28:14.885,3,704.0,486.0,875.0,726.0,1213.0,584.0,1379.0,820.0,1739.0,512.0,1917.0,723.0
27023,26:31.500,28:14.918,3,709.0,486.0,880.0,727.0,1218.0,587.0,1382.0,823.0,1746.0,512.0,1923.0,729.0
27024,26:32.000,28:14.952,3,710.0,488.0,882.0,729.0,1219.0,588.0,1384.0,826.0,1748.0,516.0,1924.0,731.0
27025,26:32.500,28:14.985,3,1216.0,596.0,1382.0,833.0,1744.0,524.0,1921.0,740.0,709.0,495.0,879.0,735.0
27026,26:33.000,28:15.018,3,1738.0,529.0,1915.0,743.0,1213.0,599.0,1378.0,835.0,705.0,496.0,876.0,738.0
27027,26:33.500,28:15.052,3,1733.0,535.0,1907.0,748.0,1210.0,604.0,1374.0,842.0,702.0,506.0,871.0,744.0
27028,26:34.000,28:15.085,3,1207.0,609.0,1370.0,846.0,1729.0,534.0,1903.0,753.0,698.0,510.0,867.0,748.0
27029,26:34.500,28:15.120,3,1724.0,539.0,1898.0,760.0,1203.0,616.0,1366.0,852.0,694.0,513.0,864.0,752.0
27030,26:35.000,28:15.153,3,1723.0,549.0,1895.0,765.0,1201.0,622.0,1363.0,858.0,692.0,516.0,862.0,758.0
27031,26:35.500,28:15.187,3,1200.0,626.0,1363.0,862.0,1721.0,553.0,1894.0,767.0,691.0,521.0,862.0,763.0
27032,26:36.000,28:15.220,3,1201.0,628.0,1364.0,866.0,693.0,526.0,863.0,766.0,1722.0,557.0,1894.0,770.0
27033,26:36.500,28:15.253,3,1203.0,629.0,1365.0,867.0,1723.0,557.0,1895.0,771.0,695.0,526.0,865.0,767.0
27034,26:37.000,28:15.287,3,1725.0,558.0,1898.0,774.0,1205.0,631.0,1367.0,868.0,697.0,528.0,867.0,770.0
27035,26:37.500,28:15.320,3,1726.0,558.0,1899.0,774.0,1205.0,631.0,1368.0,869.0,698.0,528.0,869.0,771.0
27036,26:38.000,28:15.353,3,1726.0,558.0,1899.0,774.0,1206.0,631.0,1368.0,869.0,698.0,528.0,869.0,770.0
27037,26:38.500,28:15.387,3,1726.0,560.0,1899.0,775.0,1206.0,632.0,1368.0,870.0,698.0,529.0,868.0,772.0
27038,26:39.000,28:15.420,3,1726.0,561.0,1899.0,775.0,1205.0,632.0,1368.0,871.0,698.0,529.0,868.0,772.0
27039,26:39.500,28:15.453,3,1726.0,566.0,1900.0,777.0,1206.0,634.0,1369.0,872.0,699.0,531.0,869.0,774.0
27040,26:40.000,28:15.487,3,1206.0,643.0,1371.0,880.0,701.0,542.0,870.0,782.0,1727.0,574.0,1902.0,787.0
27041,26:40.500,28:15.520,3,1727.0,588.0,1901.0,802.0,1208.0,658.0,1370.0,894.0,702.0,558.0,870.0,797.0
27042,26:41.000,28:15.553,3,1208.0,669.0,1371.0,904.0,1727.0,597.0,1902.0,813.0,703.0,571.0,873.0,805.0
27043,26:41.500,28:15.587,3,1206.0,663.0,1367.0,900.0,1726.0,596.0,1900.0,810.0,700.0,564.0,870.0,800.0
27044,26:42.000,28:15.620,3,1722.0,585.0,1894.0,794.0,694.0,545.0,864.0,782.0,1200.0,646.0,1362.0,885.0
27045,26:42.500,28:15.653,3,1196.0,629.0,1360.0,867.0,687.0,525.0,858.0,766.0,1717.0,561.0,1889.0,774.0
27046,26:43.000,28:15.687,3,1712.0,544.0,1886.0,765.0,1192.0,621.0,1356.0,858.0,681.0,517.0,854.0,759.0
27047,26:43.500,28:15.720,3,1712.0,542.0,1886.0,765.0,1192.0,622.0,1356.0,858.0,681.0,519.0,854.0,760.0
27048,26:44.000,28:15.753,3,1196.0,624.0,1360.0,860.0,1717.0,546.0,1891.0,765.0,687.0,520.0,858.0,761.0
27049,26:44.500,28:15.787,3,1200.0,622.0,1362.0,859.0,1722.0,541.0,1895.0,763.0,691.0,519.0,862.0,762.0
27050,26:45.000,28:15.820,3,1722.0,536.0,1895.0,758.0,1200.0,617.0,1363.0,856.0,691.0,516.0,862.0,758.0
27051,26:45.500,28:15.853,3,1197.0,619.0,1361.0,856.0,687.0,516.0,859.0,758.0,1718.0,538.0,1892.0,760.0
27052,26:46.000,28:15.887,3,1192.0,620.0,1357.0,857.0,1713.0,541.0,1886.0,763.0,682.0,517.0,855.0,760.0
27053,26:46.500,28:15.920,3,1710.0,538.0,1882.0,759.0,1188.0,616.0,1352.0,854.0,678.0,515.0,851.0,758.0
27054,26:47.000,28:15.953,3,1706.0,533.0,1880.0,756.0,1186.0,615.0,1350.0,851.0,675.0,514.0,847.0,757.0
27055,26:47.500,28:15.987,3,1703.0,531.0,1878.0,754.0,1185.0,613.0,1349.0,849.0,673.0,512.0,846.0,755.0
27056,26:48.000,28:16.020,3,1184.0,607.0,1348.0,844.0,1702.0,527.0,1877.0,747.0,672.0,509.0,845.0,749.0
27057,26:48.500,28:16.053,3,1184.0,604.0,1348.0,841.0,1702.0,524.0,1877.0,745.0,672.0,506.0,845.0,746.0
27058,26:49.000,28:16.087,3,1185.0,605.0,1350.0,842.0,1704.0,527.0,1879.0,746.0,674.0,506.0,847.0,745.0
27059,26:49.500,28:16.120,3,1190.0,606.0,1354.0,844.0,1711.0,530.0,1884.0,749.0,680.0,507.0,854.0,747.0
27060,26:50.000,28:16.153,3,1198.0,609.0,1361.0,847.0,1719.0,534.0,1893.0,754.0,689.0,508.0,860.0,748.0
27061,26:50.500,28:16.187,3,1205.0,617.0,1368.0,854.0,1725.0,541.0,1900.0,761.0,697.0,511.0,867.0,752.0
27062,26:51.000,28:16.212,3,1731.0,547.0,1905.0,765.0,703.0,515.0,873.0,753.0,1210.0,619.0,1374.0,858.0
27063,26:51.500,28:16.245,3,1734.0,547.0,1907.0,765.0,705.0,515.0,876.0,752.0,1211.0,619.0,1376.0,857.0
27064,26:52.000,28:16.278,3,1733.0,546.0,1906.0,765.0,705.0,513.0,876.0,750.0,1211.0,618.0,1376.0,855.0
27065,26:52.500,28:16.312,3,1730.0,546.0,1903.0,763.0,1209.0,617.0,1373.0,855.0,703.0,513.0,873.0,749.0
27066,26:53.000,28:16.345,3,1728.0,545.0,1902.0,764.0,1208.0,618.0,1372.0,855.0,702.0,512.0,871.0,750.0
27067,26:53.500,28:16.378,3,1726.0,545.0,1901.0,765.0,1207.0,618.0,1371.0,855.0,701.0,512.0,870.0,751.0
27068,26:54.000,28:16.412,3,1726.0,546.0,1900.0,765.0,1206.0,619.0,1370.0,856.0,700.0,512.0,869.0,751.0
27069,26:54.500,28:16.445,3,1726.0,548.0,1900.0,766.0,700.0,513.0,869.0,752.0,1206.0,619.0,1369.0,858.0
27070,26:55.000,28:16.478,3,1725.0,551.0,1899.0,767.0,700.0,514.0,869.0,753.0,1206.0,619.0,1369.0,858.0
27071,26:55.500,28:16.512,3,1725.0,551.0,1899.0,767.0,701.0,514.0,870.0,752.0,1207.0,619.0,1370.0,858.0
27072,26:56.000,28:16.545,3,1725.0,551.0,1899.0,766.0,701.0,513.0,870.0,752.0,1206.0,620.0,1369.0,858.0
27073,26:56.500,28:16.578,3,1726.0,550.0,1899.0,766.0,701.0,513.0,870.0,751.0,1206.0,619.0,1370.0,857.0
27074,26:57.000,28:16.612,3,1725.0,551.0,1898.0,766.0,1206.0,619.0,1370.0,856.0,700.0,514.0,869.0,751.0
27075,26:57.500,28:16.645,3,1724.0,552.0,1897.0,767.0,1205.0,620.0,1368.0,856.0,699.0,514.0,867.0,753.0
27076,26:58.000,28:16.678,3,1723.0,556.0,1895.0,767.0,1204.0,620.0,1367.0,856.0,697.0,515.0,867.0,755.0
27077,26:58.500,28:16.712,3,1721.0,553.0,1894.0,767.0,1204.0,619.0,1366.0,856.0,696.0,515.0,866.0,755.0
27078,26:59.000,28:16.745,3,1203.0,620.0,1366.0,856.0,1721.0,556.0,1893.0,769.0,696.0,516.0,865.0,756.0
27079,26:59.500,28:16.778,3,1203.0,621.0,1365.0,857.0,1720.0,558.0,1893.0,770.0,696.0,516.0,865.0,757.0
27080,27:00.000,28:16.812,3,1202.0,623.0,1365.0,860.0,1720.0,557.0,1893.0,772.0,696.0,516.0,865.0,758.0
27081,27:00.500,28:16.845,3,1202.0,625.0,1364.0,861.0,1719.0,558.0,1892.0,774.0,695.0,516.0,864.0,758.0
27082,27:01.000,28:16.878,3,1202.0,625.0,1363.0,861.0,1718.0,557.0,1891.0,775.0,695.0,516.0,863.0,757.0
27083,27:01.500,28:16.912,3,1201.0,625.0,1363.0,861.0,1717.0,555.0,1889.0,773.0,693.0,514.0,863.0,756.0
27084,27:02.000,28:16.945,3,1201.0,624.0,1363.0,861.0,1717.0,555.0,1888.0,771.0,692.0,513.0,863.0,754.0
27085,27:02.500,28:16.978,3,1201.0,623.0,1363.0,861.0,1716.0,553.0,1889.0,769.0,692.0,513.0,862.0,753.0
27086,27:03.000,28:17.012,3,1201.0,623.0,1364.0,861.0,1716.0,551.0,1889.0,768.0,692.0,512.0,863.0,752.0
27087,27:03.500,28:17.045,3,1202.0,623.0,1364.0,862.0,1716.0,551.0,1890.0,768.0,692.0,512.0,863.0,752.0
27088,27:04.000,28:17.078,3,1717.0,551.0,1891.0,768.0,1204.0,622.0,1365.0,861.0,693.0,512.0,863.0,752.0
27089,27:04.500,28:17.112,3,1717.0,551.0,1891.0,768.0,1204.0,621.0,1366.0,860.0,693.0,513.0,863.0,752.0
27090,27:05.000,28:17.145,3,1716.0,550.0,1890.0,767.0,1205.0,620.0,1367.0,859.0,693.0,512.0,863.0,753.0
27091,27:05.500,28:17.178,3,1715.0,549.0,1887.0,767.0,1204.0,619.0,1366.0,858.0,692.0,513.0,862.0,754.0
27092,27:06.000,28:17.212,3,1713.0,550.0,1885.0,768.0,1203.0,619.0,1365.0,857.0,691.0,514.0,861.0,756.0
27093,27:06.500,28:17.245,3,1711.0,549.0,1883.0,769.0,1202.0,619.0,1364.0,857.0,690.0,516.0,861.0,758.0
27094,27:07.000,28:17.278,3,1202.0,622.0,1364.0,858.0,1710.0,552.0,1882.0,770.0,689.0,517.0,860.0,760.0
27095,27:07.500,28:17.312,3,1200.0,625.0,1363.0,860.0,1709.0,558.0,1880.0,774.0,688.0,521.0,858.0,762.0
27096,27:08.000,28:17.345,3,1199.0,626.0,1362.0,860.0,686.0,524.0,856.0,765.0,1707.0,561.0,1879.0,777.0
27097,27:08.500,28:17.378,3,1198.0,628.0,1361.0,862.0,684.0,527.0,855.0,768.0,1706.0,565.0,1877.0,781.0
27098,27:09.000,28:17.412,3,1197.0,631.0,1361.0,863.0,683.0,532.0,854.0,771.0,1704.0,570.0,1876.0,784.0
27099,27:09.500,28:17.445,3,1196.0,632.0,1360.0,864.0,682.0,534.0,852.0,773.0,1701.0,572.0,1874.0,786.0
27100,27:10.000,28:17.478,3,1195.0,634.0,1359.0,864.0,679.0,536.0,851.0,774.0,1700.0,575.0,1871.0,786.0
27101,27:10.500,28:17.512,3,1193.0,637.0,1357.0,864.0,676.0,537.0,847.0,775.0,1696.0,574.0,1868.0,787.0
27102,27:11.000,28:17.545,3,673.0,538.0,845.0,776.0,1191.0,638.0,1354.0,863.0,1692.0,576.0,1864.0,788.0
27103,27:11.500,28:17.578,3,671.0,537.0,843.0,778.0,1191.0,639.0,1354.0,864.0,1691.0,576.0,1863.0,789.0
27104,27:12.000,28:17.612,3,670.0,539.0,842.0,779.0,1690.0,578.0,1861.0,789.0,1191.0,641.0,1355.0,865.0
27105,27:12.500,28:17.645,3,670.0,540.0,842.0,780.0,1194.0,640.0,1358.0,867.0,1690.0,581.0,1862.0,791.0
27106,27:13.000,28:17.678,3,670.0,541.0,842.0,782.0,1196.0,641.0,1359.0,867.0,1691.0,582.0,1863.0,791.0
27107,27:13.500,28:17.712,3,671.0,542.0,842.0,783.0,1197.0,641.0,1360.0,868.0,1692.0,583.0,1863.0,792.0
27108,27:14.000,28:17.745,3,1198.0,642.0,1361.0,868.0,671.0,542.0,843.0,783.0,1692.0,583.0,1864.0,793.0
27109,27:14.500,28:17.778,3,1200.0,642.0,1362.0,868.0,672.0,542.0,844.0,783.0,1694.0,584.0,1866.0,793.0
27110,27:15.000,28:17.812,3,1201.0,643.0,1363.0,869.0,673.0,541.0,846.0,784.0,1697.0,587.0,1868.0,794.0
27111,27:15.500,28:17.845,3,1203.0,643.0,1365.0,870.0,675.0,543.0,848.0,784.0,1699.0,588.0,1870.0,794.0
27112,27:16.000,28:17.878,3,1205.0,644.0,1366.0,871.0,677.0,544.0,850.0,785.0,1701.0,589.0,1872.0,795.0
27113,27:16.500,28:17.912,3,1206.0,645.0,1369.0,873.0,679.0,546.0,851.0,786.0,1703.0,590.0,1874.0,796.0
27114,27:17.000,28:17.945,3,1207.0,646.0,1371.0,875.0,681.0,547.0,853.0,787.0,1704.0,591.0,1875.0,798.0
27115,27:17.500,28:17.978,3,1208.0,648.0,1372.0,876.0,1705.0,591.0,1878.0,800.0,683.0,551.0,853.0,788.0
27116,27:18.000,28:18.012,3,1210.0,649.0,1373.0,877.0,1707.0,592.0,1880.0,802.0,685.0,551.0,855.0,789.0
27117,27:18.500,28:18.045,3,1210.0,649.0,1374.0,878.0,1709.0,595.0,1881.0,803.0,686.0,552.0,856.0,790.0
27118,27:19.000,28:18.078,3,1211.0,650.0,1374.0,880.0,1710.0,595.0,1882.0,803.0,686.0,554.0,857.0,791.0
27119,27:19.500,28:18.112,3,1211.0,651.0,1374.0,880.0,1709.0,596.0,1882.0,803.0,686.0,555.0,857.0,792.0
27120,27:20.000,28:18.145,3,1210.0,651.0,1373.0,880.0,1708.0,595.0,1881.0,804.0,685.0,556.0,856.0,794.0
27121,27:20.500,28:18.178,3,1209.0,651.0,1372.0,881.0,1706.0,593.0,1879.0,803.0,684.0,558.0,855.0,796.0
27122,27:21.000,28:18.212,3,1704.0,594.0,1877.0,804.0,1207.0,653.0,1369.0,883.0,682.0,560.0,854.0,797.0
27123,27:21.500,28:18.245,3,1700.0,596.0,1874.0,805.0,1204.0,657.0,1365.0,884.0,680.0,563.0,852.0,801.0
27124,27:22.000,28:18.278,3,1697.0,597.0,1871.0,806.0,1202.0,659.0,1363.0,888.0,677.0,566.0,850.0,803.0
27125,27:22.500,28:18.312,3,674.0,569.0,847.0,804.0,1694.0,599.0,1867.0,809.0,1200.0,665.0,1360.0,890.0
27126,27:23.000,28:18.345,3,672.0,573.0,844.0,807.0,1692.0,598.0,1864.0,813.0,1198.0,668.0,1357.0,892.0
27127,27:23.500,28:18.378,3,670.0,575.0,842.0,808.0,1690.0,601.0,1861.0,814.0,1196.0,668.0,1357.0,893.0
27128,27:24.000,28:18.412,3,669.0,575.0,841.0,808.0,1688.0,602.0,1858.0,814.0,1195.0,670.0,1356.0,893.0
27129,27:24.500,28:18.445,3,1686.0,601.0,1856.0,814.0,668.0,573.0,838.0,808.0,1194.0,668.0,1353.0,892.0
27130,27:25.000,28:18.478,3,1686.0,600.0,1856.0,813.0,667.0,572.0,838.0,807.0,1193.0,668.0,1353.0,892.0
27131,27:25.500,28:18.512,3,1686.0,598.0,1856.0,812.0,668.0,572.0,839.0,807.0,1194.0,667.0,1353.0,891.0
27132,27:26.000,28:18.545,3,1686.0,598.0,1857.0,812.0,668.0,572.0,840.0,806.0,1194.0,667.0,1355.0,892.0
27133,27:26.500,28:18.578,3,1686.0,597.0,1857.0,812.0,668.0,572.0,840.0,806.0,1194.0,667.0,1355.0,892.0
27134,27:27.000,28:18.612,3,1686.0,596.0,1857.0,812.0,668.0,571.0,839.0,806.0,1194.0,667.0,1355.0,891.0
27135,27:27.500,28:18.645,3,1686.0,596.0,1856.0,811.0,667.0,570.0,839.0,805.0,1194.0,667.0,1354.0,891.0
27136,27:28.000,28:18.678,3,1686.0,596.0,1856.0,810.0,667.0,568.0,839.0,804.0,1194.0,666.0,1355.0,889.0
27137,27:28.500,28:18.712,3,1687.0,597.0,1857.0,810.0,667.0,568.0,839.0,803.0,1195.0,666.0,1356.0,889.0
27138,27:29.000,28:18.745,3,668.0,568.0,840.0,803.0,1687.0,597.0,1858.0,810.0,1196.0,666.0,1357.0,889.0
27139,27:29.500,28:18.778,3,668.0,568.0,840.0,803.0,1689.0,597.0,1861.0,809.0,1196.0,665.0,1357.0,889.0
27140,27:30.000,28:18.812,3,668.0,568.0,840.0,804.0,1688.0,597.0,1859.0,810.0,1196.0,666.0,1357.0,889.0
27141,27:30.500,28:18.845,3,1687.0,597.0,1858.0,811.0,667.0,569.0,840.0,805.0,1195.0,668.0,1355.0,892.0
27142,27:31.000,28:18.878,3,1686.0,600.0,1856.0,811.0,666.0,569.0,837.0,805.0,1193.0,668.0,1353.0,891.0
27143,27:31.500,28:18.912,3,1685.0,603.0,1854.0,814.0,665.0,571.0,836.0,806.0,1192.0,669.0,1352.0,893.0
27144,27:32.000,28:18.945,3,1684.0,603.0,1853.0,817.0,664.0,571.0,835.0,807.0,1191.0,670.0,1351.0,894.0
27145,27:32.500,28:18.978,3,1684.0,603.0,1853.0,820.0,664.0,572.0,834.0,808.0,1190.0,671.0,1350.0,894.0
27146,27:33.000,28:19.012,3,1684.0,603.0,1853.0,820.0,664.0,572.0,835.0,807.0,1191.0,671.0,1350.0,894.0
27147,27:33.500,28:19.045,3,1685.0,603.0,1854.0,820.0,665.0,572.0,835.0,807.0,1191.0,671.0,1350.0,894.0
27148,27:34.000,28:19.078,3,1685.0,603.0,1854.0,820.0,664.0,572.0,835.0,807.0,1191.0,671.0,1350.0,894.0
27149,27:34.500,28:19.112,3,1684.0,603.0,1852.0,818.0,663.0,571.0,833.0,807.0,1189.0,670.0,1349.0,894.0
27150,27:35.000,28:19.145,3,1681.0,604.0,1849.0,817.0,660.0,570.0,831.0,807.0,1187.0,671.0,1347.0,894.0
27151,27:35.500,28:19.178,3,1678.0,603.0,1847.0,815.0,657.0,571.0,829.0,806.0,1185.0,672.0,1345.0,894.0
27152,27:36.000,28:19.212,3,1675.0,604.0,1845.0,816.0,655.0,570.0,827.0,806.0,1181.0,671.0,1343.0,894.0
27153,27:36.500,28:19.245,3,1674.0,602.0,1843.0,820.0,1180.0,671.0,1342.0,894.0,653.0,571.0,826.0,806.0
27154,27:37.000,28:19.280,3,1674.0,604.0,1842.0,823.0,1179.0,671.0,1342.0,895.0,653.0,573.0,826.0,807.0
27155,27:37.500,28:19.313,3,1674.0,605.0,1841.0,824.0,1179.0,671.0,1341.0,895.0,652.0,575.0,825.0,808.0
27156,27:38.000,28:19.347,3,1673.0,604.0,1841.0,822.0,652.0,575.0,825.0,808.0,1178.0,670.0,1340.0,895.0
27157,27:38.500,28:19.380,3,1672.0,604.0,1839.0,821.0,1178.0,671.0,1340.0,895.0,651.0,576.0,824.0,809.0
27158,27:39.000,28:19.413,3,1672.0,605.0,1838.0,821.0,1178.0,672.0,1339.0,897.0,650.0,576.0,823.0,810.0
27159,27:39.500,28:19.447,3,1671.0,608.0,1838.0,822.0,650.0,578.0,823.0,811.0,1178.0,675.0,1339.0,898.0
27160,27:40.000,28:19.480,3,1671.0,608.0,1839.0,822.0,1178.0,676.0,1340.0,898.0,651.0,579.0,824.0,813.0
27161,27:40.500,28:19.513,3,1672.0,609.0,1839.0,822.0,1179.0,676.0,1341.0,898.0,652.0,579.0,825.0,813.0
27162,27:41.000,28:19.547,3,1673.0,609.0,1841.0,822.0,1181.0,675.0,1343.0,898.0,653.0,578.0,827.0,812.0
27163,27:41.500,28:19.580,3,656.0,578.0,829.0,812.0,1675.0,609.0,1844.0,822.0,1184.0,675.0,1345.0,898.0
27164,27:42.000,28:19.613,3,660.0,577.0,831.0,811.0,1678.0,608.0,1847.0,820.0,1187.0,675.0,1347.0,898.0
27165,27:42.500,28:19.647,3,665.0,576.0,835.0,810.0,1683.0,608.0,1851.0,820.0,1190.0,673.0,1350.0,897.0
27166,27:43.000,28:19.680,3,1687.0,608.0,1857.0,823.0,668.0,575.0,838.0,809.0,1194.0,671.0,1354.0,896.0
27167,27:43.500,28:19.713,3,1689.0,607.0,1859.0,824.0,670.0,576.0,842.0,808.0,1196.0,671.0,1356.0,895.0
27168,27:44.000,28:19.747,3,1689.0,606.0,1859.0,824.0,670.0,576.0,841.0,808.0,1196.0,670.0,1356.0,895.0
27169,27:44.500,28:19.780,3,1687.0,607.0,1857.0,823.0,668.0,574.0,837.0,808.0,1194.0,670.0,1354.0,895.0
27170,27:45.000,28:19.813,3,1684.0,605.0,1852.0,820.0,663.0,572.0,833.0,808.0,1190.0,671.0,1350.0,896.0
27171,27:45.500,28:19.847,3,1680.0,606.0,1847.0,816.0,659.0,572.0,829.0,806.0,1186.0,670.0,1347.0,896.0
27172,27:46.000,28:19.880,3,1676.0,605.0,1844.0,814.0,655.0,571.0,825.0,806.0,1183.0,671.0,1344.0,895.0
27173,27:46.500,28:19.913,3,1674.0,605.0,1842.0,813.0,651.0,571.0,823.0,805.0,1180.0,670.0,1342.0,894.0
27174,27:47.000,28:19.947,3,650.0,571.0,822.0,805.0,1672.0,605.0,1842.0,815.0,1180.0,670.0,1342.0,894.0
27175,27:47.500,28:19.980,3,650.0,572.0,821.0,806.0,1180.0,671.0,1342.0,894.0,1673.0,606.0,1842.0,816.0
27176,27:48.000,28:20.013,3,650.0,573.0,821.0,806.0,1181.0,671.0,1343.0,895.0,1674.0,607.0,1843.0,815.0
27177,27:48.500,28:20.047,3,1675.0,605.0,1844.0,815.0,651.0,572.0,822.0,805.0,1182.0,672.0,1344.0,895.0
27178,27:49.000,28:20.080,3,1676.0,605.0,1845.0,816.0,652.0,572.0,823.0,806.0,1184.0,672.0,1345.0,895.0
27179,27:49.500,28:20.113,3,1679.0,606.0,1847.0,816.0,655.0,573.0,825.0,806.0,1186.0,672.0,1347.0,897.0
27180,27:50.000,28:20.147,3,1686.0,606.0,1855.0,819.0,662.0,572.0,830.0,807.0,1191.0,671.0,1351.0,896.0
27181,27:50.500,28:20.180,3,1699.0,607.0,1869.0,821.0,1202.0,671.0,1364.0,896.0,674.0,575.0,844.0,809.0
27182,27:51.000,28:20.213,3,696.0,576.0,863.0,808.0,1721.0,613.0,1893.0,826.0,1222.0,674.0,1384.0,898.0
27183,27:51.500,28:20.247,3,1745.0,613.0,1919.0,826.0,1245.0,679.0,1407.0,900.0,722.0,577.0,887.0,811.0
27184,27:52.000,28:20.280,3,743.0,582.0,910.0,814.0,1770.0,613.0,1945.0,829.0,1264.0,685.0,1427.0,905.0
27185,27:52.500,28:20.313,3,1788.0,616.0,1969.0,834.0,763.0,587.0,927.0,815.0,1281.0,687.0,1447.0,907.0
27186,27:53.000,28:20.347,3,1802.0,619.0,1982.0,835.0,776.0,587.0,940.0,818.0,1293.0,687.0,1456.0,909.0
27187,27:53.500,28:20.380,3,1803.0,620.0,1984.0,835.0,777.0,588.0,940.0,818.0,1294.0,688.0,1457.0,910.0
27188,27:54.000,28:20.413,3,1786.0,618.0,1968.0,834.0,762.0,587.0,927.0,818.0,1280.0,691.0,1446.0,910.0
27189,27:54.500,28:20.447,3,734.0,584.0,903.0,819.0,1257.0,689.0,1421.0,909.0,1760.0,617.0,1936.0,831.0
27190,27:55.000,28:20.480,3,1729.0,623.0,1904.0,834.0,706.0,584.0,873.0,818.0,1230.0,685.0,1393.0,909.0
27191,27:55.500,28:20.513,3,674.0,583.0,844.0,821.0,1204.0,686.0,1365.0,910.0,1698.0,622.0,1869.0,833.0
27192,27:56.000,28:20.547,3,1669.0,620.0,1837.0,834.0,644.0,585.0,816.0,823.0,1177.0,689.0,1337.0,912.0
27193,27:56.500,28:20.580,3,611.0,585.0,786.0,826.0,1149.0,691.0,1311.0,910.0,1638.0,619.0,1805.0,828.0
27194,27:57.000,28:20.613,3,582.0,583.0,759.0,826.0,1611.0,616.0,1774.0,826.0,1125.0,686.0,1286.0,910.0
27195,27:57.500,28:20.647,3,551.0,581.0,730.0,826.0,1583.0,613.0,1745.0,820.0,1099.0,681.0,1260.0,908.0
27196,27:58.000,28:20.680,3,1554.0,606.0,1715.0,813.0,1074.0,676.0,1233.0,904.0,519.0,581.0,701.0,825.0
27197,27:58.500,28:20.713,3,482.0,575.0,666.0,823.0,1523.0,597.0,1681.0,804.0,1044.0,676.0,1205.0,897.0
27198,27:59.000,28:20.747,3,438.0,573.0,626.0,820.0,1012.0,667.0,1171.0,894.0,1488.0,596.0,1646.0,797.0
27199,27:59.500,28:20.780,3,397.0,567.0,590.0,820.0,978.0,664.0,1140.0,892.0,1453.0,594.0,1609.0,794.0
27200,28:00.000,28:20.813,3,354.0,567.0,551.0,821.0,947.0,662.0,1108.0,892.0,1422.0,592.0,1577.0,792.0
27201,28:00.500,28:20.847,3,315.0,564.0,516.0,821.0,917.0,661.0,1081.0,892.0,1392.0,591.0,1546.0,789.0
27202,28:01.000,28:20.880,3,281.0,563.0,488.0,825.0,893.0,661.0,1057.0,892.0,1370.0,590.0,1523.0,789.0
27203,28:01.500,28:20.913,3,874.0,658.0,1038.0,893.0,254.0,563.0,464.0,826.0,1353.0,590.0,1504.0,787.0
27204,28:02.000,28:20.947,3,235.0,563.0,448.0,827.0,860.0,659.0,1026.0,892.0,1340.0,592.0,1490.0,788.0
27205,28:02.500,28:20.980,3,854.0,659.0,1020.0,894.0,226.0,563.0,441.0,828.0,1332.0,589.0,1484.0,787.0
27206,28:03.000,28:21.013,3,854.0,658.0,1020.0,893.0,226.0,562.0,441.0,828.0,1333.0,588.0,1484.0,787.0
27207,28:03.500,28:21.047,3,231.0,562.0,445.0,826.0,858.0,657.0,1022.0,891.0,1337.0,585.0,1488.0,786.0
27208,28:04.000,28:21.080,3,241.0,560.0,451.0,823.0,864.0,657.0,1030.0,890.0,1345.0,587.0,1493.0,782.0
27209,28:04.500,28:21.113,3,871.0,651.0,1036.0,886.0,251.0,556.0,460.0,820.0,1350.0,580.0,1501.0,778.0
27210,28:05.000,28:21.147,3,876.0,648.0,1042.0,882.0,257.0,550.0,467.0,817.0,1357.0,573.0,1508.0,775.0
27211,28:05.500,28:21.180,3,880.0,648.0,1046.0,878.0,262.0,548.0,472.0,814.0,1360.0,571.0,1511.0,775.0
27212,28:06.000,28:21.213,3,882.0,647.0,1047.0,879.0,265.0,547.0,474.0,814.0,1361.0,570.0,1514.0,775.0
27213,28:06.500,28:21.247,3,266.0,547.0,475.0,814.0,883.0,647.0,1048.0,879.0,1363.0,574.0,1514.0,777.0
27214,28:07.000,28:21.280,3,267.0,547.0,475.0,813.0,884.0,647.0,1049.0,879.0,1363.0,576.0,1515.0,779.0
27215,28:07.500,28:21.313,3,269.0,546.0,476.0,812.0,885.0,647.0,1050.0,879.0,1364.0,576.0,1516.0,779.0
27216,28:08.000,28:21.347,3,271.0,546.0,477.0,811.0,886.0,647.0,1051.0,879.0,1366.0,576.0,1517.0,780.0
27217,28:08.500,28:21.380,3,272.0,546.0,477.0,810.0,886.0,647.0,1051.0,879.0,1366.0,576.0,1518.0,780.0
27218,28:09.000,28:21.413,3,272.0,546.0,478.0,809.0,886.0,647.0,1051.0,877.0,1366.0,576.0,1518.0,780.0
27219,28:09.500,28:21.447,3,271.0,544.0,478.0,807.0,885.0,644.0,1050.0,875.0,1365.0,570.0,1518.0,777.0
27220,28:10.000,28:21.480,3,270.0,540.0,477.0,803.0,884.0,641.0,1049.0,870.0,1365.0,564.0,1518.0,771.0
27221,28:10.500,28:21.513,3,268.0,536.0,476.0,801.0,882.0,638.0,1048.0,868.0,1364.0,561.0,1518.0,768.0
27222,28:11.000,28:21.547,3,268.0,536.0,476.0,801.0,882.0,638.0,1048.0,868.0,1364.0,561.0,1518.0,767.0
27223,28:11.500,28:21.580,3,271.0,537.0,477.0,801.0,883.0,638.0,1049.0,868.0,1366.0,560.0,1519.0,767.0
27224,28:12.000,28:21.613,3,275.0,537.0,479.0,802.0,887.0,639.0,1052.0,867.0,1369.0,558.0,1521.0,767.0
27225,28:12.500,28:21.647,3,279.0,536.0,483.0,802.0,890.0,637.0,1056.0,866.0,1373.0,560.0,1524.0,765.0
27226,28:13.000,28:21.680,3,893.0,634.0,1060.0,865.0,282.0,534.0,487.0,799.0,1376.0,558.0,1529.0,764.0
27227,28:13.500,28:21.713,3,895.0,633.0,1062.0,863.0,284.0,529.0,490.0,795.0,1378.0,554.0,1532.0,762.0
27228,28:14.000,28:21.747,3,898.0,629.0,1063.0,860.0,286.0,525.0,494.0,792.0,1381.0,549.0,1534.0,759.0
27229,28:14.500,28:21.780,3,290.0,522.0,497.0,788.0,901.0,625.0,1065.0,854.0,1384.0,543.0,1536.0,755.0
27230,28:15.000,28:21.813,3,296.0,521.0,502.0,787.0,905.0,624.0,1068.0,853.0,1388.0,541.0,1539.0,754.0
27231,28:15.500,28:21.847,3,304.0,522.0,508.0,788.0,910.0,626.0,1075.0,855.0,1391.0,543.0,1544.0,755.0
27232,28:16.000,28:21.880,3,312.0,525.0,514.0,788.0,915.0,629.0,1079.0,859.0,1397.0,545.0,1551.0,757.0
27233,28:16.500,28:21.913,3,319.0,525.0,521.0,788.0,920.0,633.0,1085.0,861.0,1404.0,549.0,1558.0,757.0
27234,28:17.000,28:21.947,3,328.0,526.0,528.0,789.0,926.0,635.0,1091.0,863.0,1412.0,547.0,1565.0,759.0
27235,28:17.500,28:21.980,3,335.0,528.0,536.0,791.0,933.0,634.0,1096.0,862.0,1417.0,550.0,1571.0,761.0
27236,28:18.000,28:22.013,3,341.0,529.0,539.0,791.0,937.0,632.0,1100.0,863.0,1421.0,553.0,1575.0,760.0
27237,28:18.500,28:22.047,3,344.0,529.0,543.0,791.0,940.0,632.0,1103.0,863.0,1424.0,553.0,1579.0,760.0
27238,28:19.000,28:22.080,3,348.0,530.0,548.0,793.0,942.0,635.0,1106.0,864.0,1427.0,555.0,1582.0,761.0
27239,28:19.500,28:22.113,3,353.0,533.0,552.0,795.0,946.0,638.0,1109.0,865.0,1431.0,558.0,1585.0,763.0
27240,28:20.000,28:22.147,3,357.0,537.0,555.0,799.0,949.0,639.0,1113.0,866.0,1433.0,561.0,1589.0,765.0
27241,28:20.500,28:22.180,3,363.0,541.0,560.0,802.0,954.0,641.0,1119.0,869.0,1439.0,566.0,1594.0,769.0
27242,28:21.000,28:22.213,3,372.0,550.0,568.0,806.0,960.0,646.0,1123.0,876.0,1446.0,574.0,1599.0,775.0
27243,28:21.500,28:22.247,3,969.0,654.0,1133.0,888.0,385.0,558.0,581.0,815.0,1453.0,582.0,1607.0,784.0
27244,28:22.000,28:22.280,3,403.0,573.0,598.0,827.0,983.0,667.0,1145.0,897.0,1467.0,590.0,1622.0,797.0
27251,28:22.500,28:22.513,3,522.0,618.0,703.0,862.0,1074.0,716.0,1235.0,937.0,1561.0,632.0,1721.0,840.0
27266,28:23.000,28:23.013,3,1095.0,701.0,1256.0,926.0,551.0,610.0,730.0,854.0,1582.0,617.0,1745.0,825.0
27281,28:23.500,28:23.515,3,569.0,600.0,747.0,842.0,1107.0,696.0,1268.0,921.0,1597.0,613.0,1758.0,823.0
27296,28:24.000,28:24.015,3,1630.0,721.0,1792.0,927.0,612.0,694.0,788.0,933.0,1141.0,794.0,1302.0,1017.0
27311,28:24.500,28:24.515,3,1263.0,818.0,1430.0,1039.0,768.0,679.0,934.0,908.0,1772.0,787.0,1944.0,999.0
27326,28:25.000,28:25.015,3,1704.0,767.0,1872.0,975.0,703.0,676.0,872.0,910.0,1209.0,803.0,1374.0,1028.0
27341,28:25.500,28:25.515,3,1176.0,754.0,1338.0,981.0,654.0,638.0,826.0,877.0,1669.0,706.0,1835.0,912.0
27356,28:26.000,28:26.015,3,652.0,673.0,825.0,909.0,1173.0,773.0,1335.0,997.0,1663.0,710.0,1830.0,914.0
27371,28:26.500,28:26.515,3,1170.0,726.0,1333.0,948.0,646.0,630.0,818.0,863.0,1659.0,651.0,1825.0,863.0
27386,28:27.000,28:27.015,3,644.0,635.0,817.0,868.0,1663.0,656.0,1830.0,870.0,1172.0,738.0,1333.0,958.0
27401,28:27.500,28:27.515,3,1175.0,736.0,1336.0,956.0,648.0,633.0,821.0,866.0,1665.0,655.0,1833.0,865.0
27416,28:28.000,28:28.017,3,642.0,625.0,814.0,860.0,1174.0,733.0,1335.0,954.0,1664.0,654.0,1832.0,862.0
27431,28:28.500,28:28.517,3,1179.0,728.0,1341.0,953.0,1671.0,653.0,1839.0,864.0,642.0,619.0,814.0,851.0
27446,28:29.000,28:29.017,3,1201.0,753.0,1363.0,981.0,668.0,645.0,837.0,881.0,1696.0,695.0,1866.0,895.0
27461,28:29.500,28:29.517,3,1235.0,706.0,1399.0,934.0,1739.0,657.0,1910.0,864.0,712.0,586.0,882.0,824.0
27476,28:30.000,28:30.017,3,1210.0,700.0,1373.0,929.0,1713.0,650.0,1883.0,859.0,690.0,579.0,859.0,817.0
27491,28:30.500,28:30.517,3,1217.0,696.0,1381.0,923.0,699.0,574.0,866.0,808.0,1721.0,648.0,1893.0,855.0
27506,28:31.000,28:31.017,3,1224.0,697.0,1388.0,925.0,705.0,573.0,874.0,805.0,1730.0,645.0,1901.0,855.0
27521,28:31.500,28:31.517,3,1231.0,696.0,1394.0,926.0,709.0,567.0,876.0,801.0,1735.0,647.0,1906.0,855.0
27536,28:32.000,28:32.018,3,1945.0,682.0,2138.0,899.0,1404.0,733.0,1574.0,964.0,896.0,608.0,1054.0,832.0
27551,28:32.500,28:32.518,3,1292.0,728.0,1458.0,954.0,773.0,613.0,934.0,840.0,1803.0,662.0,1981.0,877.0
27566,28:33.000,28:33.018,3,1214.0,687.0,1376.0,919.0,681.0,572.0,849.0,804.0,1712.0,623.0,1883.0,833.0
27581,28:33.500,28:33.518,3,657.0,567.0,825.0,801.0,1685.0,617.0,1855.0,831.0,1194.0,686.0,1356.0,912.0
27596,28:34.000,28:34.018,3,219.0,567.0,430.0,832.0,858.0,670.0,1025.0,906.0,1331.0,593.0,1482.0,793.0
27611,28:34.500,28:34.518,3,257.0,585.0,464.0,843.0,887.0,686.0,1051.0,919.0,1358.0,604.0,1508.0,804.0
27626,28:35.000,28:35.018,3,906.0,694.0,1069.0,925.0,287.0,596.0,491.0,849.0,1377.0,614.0,1531.0,815.0
27641,28:35.500,28:35.518,3,296.0,587.0,497.0,843.0,913.0,691.0,1077.0,921.0,1386.0,608.0,1538.0,809.0
27656,28:36.000,28:36.020,3,299.0,575.0,500.0,832.0,915.0,676.0,1080.0,909.0,1388.0,598.0,1540.0,800.0
27671,28:36.500,28:36.520,3,300.0,569.0,500.0,826.0,917.0,675.0,1081.0,907.0,1388.0,598.0,1541.0,799.0
27686,28:37.000,28:37.012,3,300.0,563.0,499.0,816.0,916.0,671.0,1081.0,901.0,1390.0,597.0,1543.0,798.0
27701,28:37.500,28:37.512,3,305.0,566.0,504.0,818.0,919.0,674.0,1083.0,903.0,1397.0,596.0,1550.0,800.0
27716,28:38.000,28:38.012,3,304.0,562.0,503.0,816.0,919.0,672.0,1083.0,902.0,1393.0,595.0,1546.0,798.0
27731,28:38.500,28:38.512,3,310.0,565.0,508.0,816.0,924.0,675.0,1089.0,903.0,1394.0,597.0,1548.0,797.0
27746,28:39.000,28:39.012,3,311.0,561.0,510.0,815.0,925.0,671.0,1090.0,901.0,1395.0,597.0,1548.0,796.0
27761,28:39.500,28:39.512,3,308.0,553.0,509.0,807.0,925.0,662.0,1090.0,896.0,1394.0,594.0,1548.0,796.0
27776,28:40.000,28:40.012,3,308.0,552.0,508.0,806.0,926.0,662.0,1091.0,895.0,1399.0,593.0,1551.0,790.0
27791,28:40.500,28:40.513,3,927.0,663.0,1092.0,895.0,306.0,551.0,508.0,807.0,1394.0,588.0,1548.0,788.0
27806,28:41.000,28:41.013,3,918.0,660.0,1083.0,893.0,285.0,545.0,486.0,802.0,1388.0,588.0,1541.0,786.0
27821,28:41.500,28:41.513,3,906.0,785.0,1070.0,1021.0,264.0,724.0,464.0,980.0,1364.0,676.0,1517.0,879.0
27836,28:42.000,28:42.013,3,905.0,754.0,1068.0,989.0,261.0,686.0,463.0,935.0,1363.0,646.0,1517.0,850.0
27851,28:42.500,28:42.513,3,297.0,684.0,494.0,935.0,930.0,757.0,1093.0,989.0,1383.0,657.0,1537.0,858.0
27866,28:43.000,28:43.013,3,444.0,642.0,627.0,891.0,1502.0,656.0,1658.0,866.0,1037.0,746.0,1200.0,975.0
27881,28:43.500,28:43.513,3,466.0,599.0,644.0,840.0,1069.0,700.0,1233.0,928.0,1536.0,618.0,1700.0,827.0
27896,28:44.000,28:44.013,3,1267.0,747.0,1432.0,977.0,1752.0,667.0,1931.0,881.0,699.0,660.0,854.0,887.0
27911,28:44.500,28:44.515,3,1186.0,735.0,1349.0,963.0,1662.0,658.0,1832.0,882.0,602.0,648.0,765.0,871.0
27926,28:45.000,28:45.015,3,1036.0,711.0,1199.0,939.0,1500.0,649.0,1659.0,856.0,418.0,608.0,596.0,846.0
27941,28:45.500,28:45.515,3,987.0,711.0,1151.0,941.0,1446.0,646.0,1603.0,855.0,353.0,612.0,537.0,851.0
27956,28:46.000,28:46.015,3,375.0,714.0,553.0,953.0,1000.0,806.0,1162.0,1037.0,1461.0,739.0,1618.0,941.0
27971,28:46.500,28:46.515,3,995.0,842.0,1158.0,1074.0,366.0,757.0,548.0,997.0,1464.0,765.0,1619.0,973.0
27986,28:47.000,28:47.015,3,1019.0,826.0,1182.0,1056.0,395.0,727.0,575.0,970.0,1493.0,759.0,1651.0,962.0
28001,28:47.500,28:47.515,3,433.0,696.0,610.0,933.0,1046.0,800.0,1210.0,1025.0,1524.0,734.0,1685.0,937.0
28016,28:48.000,28:48.015,3,1950.0,672.0,2146.0,896.0,1416.0,745.0,1584.0,978.0,858.0,653.0,1007.0,869.0
28031,28:48.500,28:48.517,3,2033.0,654.0,2244.0,882.0,1488.0,737.0,1661.0,978.0,930.0,661.0,1080.0,880.0
28046,28:49.000,28:49.017,3,1458.0,722.0,1630.0,959.0,2001.0,641.0,2207.0,865.0,955.0,634.0,1116.0,864.0
28061,28:49.500,28:49.517,3,1987.0,648.0,2189.0,868.0,1442.0,722.0,1613.0,959.0,919.0,632.0,1078.0,857.0
28076,28:50.000,28:50.017,3,1987.0,649.0,2192.0,871.0,1442.0,723.0,1613.0,958.0,898.0,644.0,1047.0,859.0
28091,28:50.500,28:50.517,3,1754.0,805.0,1929.0,1012.0,1248.0,826.0,1412.0,1054.0,698.0,683.0,858.0,903.0
28106,28:51.000,28:51.017,3,1120.0,760.0,1282.0,991.0,543.0,650.0,711.0,892.0,1603.0,704.0,1768.0,908.0
28121,28:51.500,28:51.517,3,1598.0,654.0,1762.0,868.0,1114.0,734.0,1274.0,961.0,531.0,641.0,702.0,876.0
28136,28:52.000,28:52.017,3,1120.0,733.0,1283.0,961.0,1607.0,651.0,1772.0,863.0,542.0,639.0,712.0,874.0
28151,28:52.500,28:52.517,3,1151.0,712.0,1314.0,941.0,1643.0,642.0,1809.0,850.0,576.0,618.0,744.0,851.0
28166,28:53.000,28:53.018,3,1227.0,717.0,1391.0,950.0,1727.0,648.0,1901.0,857.0,670.0,621.0,835.0,852.0
28181,28:53.500,28:53.518,3,1222.0,717.0,1384.0,947.0,1719.0,647.0,1893.0,855.0,664.0,615.0,824.0,848.0
28196,28:54.000,28:54.018,3,1226.0,718.0,1390.0,949.0,671.0,614.0,835.0,848.0,1723.0,652.0,1897.0,858.0
28211,28:54.500,28:54.518,3,1228.0,713.0,1392.0,947.0,1724.0,650.0,1898.0,857.0,686.0,622.0,852.0,856.0
28226,28:55.000,28:55.018,3,1139.0,758.0,1302.0,990.0,1631.0,721.0,1794.0,931.0,612.0,628.0,788.0,864.0
28241,28:55.500,28:55.518,3,975.0,707.0,1141.0,940.0,406.0,595.0,597.0,845.0,1469.0,647.0,1625.0,849.0
28256,28:56.000,28:56.018,3,437.0,592.0,624.0,843.0,988.0,716.0,1153.0,950.0,1487.0,656.0,1645.0,860.0
28272,28:56.500,28:56.518,3,423.0,594.0,611.0,845.0,983.0,720.0,1148.0,955.0,1481.0,656.0,1638.0,865.0
28287,28:57.000,28:57.020,3,428.0,629.0,616.0,876.0,988.0,748.0,1152.0,982.0,1485.0,683.0,1642.0,889.0
28302,28:57.500,28:57.512,3,1018.0,814.0,1182.0,1043.0,469.0,702.0,653.0,949.0,1511.0,743.0,1671.0,944.0
28317,28:58.000,28:58.012,3,1529.0,717.0,1688.0,925.0,1032.0,793.0,1197.0,1025.0,497.0,680.0,680.0,924.0
28332,28:58.500,28:58.512,3,1026.0,782.0,1188.0,1015.0,492.0,673.0,676.0,921.0,1519.0,712.0,1677.0,913.0
28347,28:59.000,28:59.012,3,1032.0,702.0,1197.0,933.0,505.0,585.0,686.0,833.0,1533.0,629.0,1693.0,836.0
28362,28:59.500,28:59.512,3,1051.0,699.0,1213.0,931.0,529.0,580.0,707.0,827.0,1557.0,628.0,1717.0,840.0
28377,29:00.000,29:00.012,3,1049.0,699.0,1212.0,932.0,526.0,580.0,705.0,827.0,1554.0,631.0,1715.0,843.0
28392,29:00.500,29:00.512,3,1051.0,690.0,1213.0,927.0,528.0,564.0,706.0,809.0,1554.0,624.0,1715.0,836.0
28407,29:01.000,29:01.013,3,1001.0,698.0,1165.0,931.0,464.0,566.0,645.0,813.0,1504.0,631.0,1662.0,839.0
28422,29:01.500,29:01.513,3,999.0,686.0,1163.0,918.0,1501.0,626.0,1658.0,836.0,474.0,553.0,657.0,806.0
28437,29:02.000,29:02.013,3,1022.0,747.0,1185.0,978.0,508.0,629.0,686.0,874.0,1514.0,676.0,1674.0,882.0
28452,29:02.500,29:02.513,3,485.0,648.0,666.0,899.0,1006.0,772.0,1170.0,1006.0,1499.0,709.0,1655.0,910.0
28467,29:03.000,29:03.013,3,1034.0,813.0,1200.0,1043.0,523.0,691.0,700.0,938.0,1531.0,747.0,1690.0,948.0
28482,29:03.500,29:03.513,3,1012.0,783.0,1176.0,1021.0,495.0,660.0,674.0,911.0,1508.0,721.0,1666.0,926.0
28497,29:04.000,29:04.013,3,1059.0,724.0,1225.0,959.0,554.0,603.0,730.0,851.0,1561.0,656.0,1722.0,870.0
28512,29:04.500,29:04.513,3,1090.0,709.0,1255.0,944.0,1595.0,644.0,1759.0,856.0,589.0,593.0,761.0,837.0
28527,29:05.000,29:05.013,3,1097.0,696.0,1262.0,932.0,592.0,577.0,766.0,821.0,1601.0,631.0,1765.0,841.0
28542,29:05.500,29:05.515,3,1106.0,580.0,1271.0,817.0,1617.0,515.0,1782.0,729.0,594.0,459.0,771.0,710.0
28557,29:06.000,29:06.015,3,1613.0,555.0,1777.0,766.0,592.0,503.0,765.0,748.0,1100.0,619.0,1266.0,856.0
28572,29:06.500,29:06.515,3,593.0,505.0,766.0,748.0,1613.0,556.0,1778.0,766.0,1104.0,619.0,1269.0,855.0
28587,29:07.000,29:07.015,3,1109.0,634.0,1272.0,874.0,596.0,525.0,770.0,771.0,1613.0,577.0,1777.0,784.0
28602,29:07.500,29:07.515,3,1111.0,595.0,1275.0,831.0,599.0,479.0,773.0,728.0,1616.0,528.0,1781.0,741.0
28617,29:08.000,29:08.015,3,1087.0,546.0,1251.0,789.0,566.0,428.0,742.0,678.0,1592.0,485.0,1758.0,701.0
28632,29:08.500,29:08.515,3,1070.0,571.0,1236.0,808.0,544.0,457.0,725.0,712.0,1577.0,495.0,1744.0,705.0
28647,29:09.000,29:09.015,3,581.0,420.0,756.0,674.0,1611.0,473.0,1780.0,688.0,1100.0,539.0,1267.0,781.0
28662,29:09.500,29:09.517,3,599.0,416.0,773.0,670.0,1115.0,543.0,1279.0,781.0,1631.0,479.0,1799.0,698.0
28677,29:10.000,29:10.017,3,1624.0,493.0,1793.0,713.0,590.0,436.0,764.0,687.0,1107.0,559.0,1273.0,798.0
28692,29:10.500,29:10.517,3,1611.0,487.0,1777.0,704.0,573.0,437.0,748.0,686.0,1093.0,557.0,1260.0,795.0
28707,29:11.000,29:11.017,3,552.0,435.0,735.0,683.0,1601.0,495.0,1767.0,708.0,1086.0,561.0,1251.0,798.0
28722,29:11.500,29:11.517,3,546.0,423.0,725.0,672.0,1089.0,545.0,1253.0,788.0,1601.0,479.0,1768.0,695.0
28737,29:12.000,29:12.017,3,1025.0,633.0,1189.0,864.0,466.0,530.0,653.0,777.0,1522.0,530.0,1684.0,743.0
28752,29:12.500,29:12.517,3,1051.0,603.0,1216.0,840.0,499.0,505.0,682.0,748.0,1551.0,514.0,1715.0,722.0
28767,29:13.000,29:13.017,3,1047.0,592.0,1213.0,828.0,493.0,497.0,676.0,744.0,1546.0,497.0,1710.0,708.0
28782,29:13.500,29:13.518,3,495.0,514.0,679.0,760.0,1553.0,516.0,1716.0,729.0,1048.0,615.0,1215.0,849.0
28797,29:14.000,29:14.018,3,508.0,544.0,689.0,787.0,1058.0,647.0,1222.0,882.0,1560.0,548.0,1722.0,765.0
28812,29:14.500,29:14.518,3,482.0,528.0,666.0,775.0,1040.0,641.0,1206.0,874.0,1540.0,546.0,1702.0,761.0
28827,29:15.000,29:15.018,3,489.0,516.0,669.0,759.0,1044.0,637.0,1209.0,872.0,1544.0,546.0,1706.0,764.0
28842,29:15.500,29:15.518,3,522.0,484.0,699.0,723.0,1039.0,632.0,1204.0,865.0,1541.0,539.0,1703.0,755.0
28857,29:16.000,29:16.018,3,529.0,491.0,697.0,718.0,1054.0,655.0,1218.0,894.0,1555.0,581.0,1717.0,783.0
28872,29:16.500,29:16.518,3,1146.0,691.0,1309.0,918.0,1654.0,601.0,1823.0,810.0,638.0,520.0,798.0,742.0
28887,29:17.000,29:17.018,3,1882.0,618.0,2072.0,839.0,847.0,580.0,1013.0,811.0,1338.0,707.0,1506.0,944.0
28902,29:17.500,29:17.510,3,1887.0,615.0,2079.0,837.0,863.0,574.0,1029.0,805.0,1344.0,702.0,1514.0,939.0
28917,29:18.000,29:18.012,3,1884.0,605.0,2076.0,828.0,1342.0,695.0,1511.0,932.0,844.0,551.0,1004.0,782.0
28932,29:18.500,29:18.512,3,1826.0,613.0,2011.0,832.0,1295.0,703.0,1460.0,938.0,807.0,572.0,971.0,800.0
28947,29:19.000,29:19.012,3,787.0,556.0,953.0,792.0,1802.0,599.0,1983.0,819.0,1272.0,694.0,1439.0,924.0
28962,29:19.500,29:19.512,3,1774.0,580.0,1950.0,795.0,1238.0,663.0,1405.0,899.0,750.0,528.0,921.0,767.0
28977,29:20.000,29:20.012,3,1780.0,576.0,1958.0,790.0,1241.0,655.0,1408.0,891.0,749.0,516.0,917.0,753.0
28992,29:20.500,29:20.512,3,706.0,478.0,879.0,720.0,1744.0,532.0,1921.0,751.0,1207.0,617.0,1373.0,853.0
29007,29:21.000,29:21.012,3,1206.0,599.0,1370.0,837.0,1744.0,522.0,1922.0,739.0,703.0,462.0,876.0,707.0
29022,29:21.500,29:21.512,3,1744.0,530.0,1921.0,751.0,705.0,494.0,877.0,735.0,1206.0,619.0,1373.0,856.0
29037,29:22.000,29:22.013,3,1737.0,505.0,1914.0,720.0,1198.0,586.0,1362.0,825.0,692.0,459.0,865.0,704.0
29052,29:22.500,29:22.513,3,1719.0,502.0,1894.0,719.0,1183.0,584.0,1349.0,824.0,672.0,456.0,846.0,702.0
29067,29:23.000,29:23.013,3,1689.0,503.0,1862.0,719.0,643.0,462.0,818.0,707.0,1156.0,597.0,1322.0,829.0
29082,29:23.500,29:23.513,3,1685.0,482.0,1856.0,702.0,1151.0,573.0,1315.0,809.0,634.0,441.0,811.0,685.0
29097,29:24.000,29:24.013,3,630.0,412.0,807.0,661.0,1150.0,545.0,1316.0,786.0,1690.0,457.0,1863.0,679.0
29112,29:24.500,29:24.513,3,645.0,478.0,819.0,720.0,1694.0,522.0,1866.0,741.0,1156.0,614.0,1323.0,846.0
29127,29:25.000,29:25.013,3,676.0,546.0,850.0,787.0,1718.0,598.0,1889.0,807.0,1180.0,681.0,1345.0,909.0
29142,29:25.500,29:25.513,3,677.0,605.0,849.0,843.0,1712.0,656.0,1881.0,870.0,1177.0,742.0,1341.0,969.0
29157,29:26.000,29:26.015,3,673.0,643.0,843.0,878.0,1173.0,770.0,1336.0,1002.0,1705.0,695.0,1875.0,900.0
29172,29:26.500,29:26.515,3,672.0,632.0,842.0,865.0,1172.0,753.0,1334.0,989.0,1704.0,678.0,1874.0,887.0
29187,29:27.000,29:27.015,3,678.0,655.0,848.0,891.0,1174.0,780.0,1339.0,1017.0,1709.0,706.0,1880.0,913.0
29202,29:27.500,29:27.515,3,677.0,610.0,850.0,848.0,1712.0,654.0,1881.0,868.0,1177.0,739.0,1340.0,974.0
29218,29:28.000,29:28.015,3,1725.0,650.0,1898.0,863.0,1187.0,735.0,1354.0,973.0,686.0,613.0,857.0,849.0
29233,29:28.500,29:28.515,3,605.0,655.0,781.0,895.0,1121.0,767.0,1286.0,999.0,1645.0,662.0,1809.0,875.0
29248,29:29.000,29:29.015,3,612.0,636.0,786.0,877.0,1124.0,764.0,1288.0,995.0,1652.0,685.0,1816.0,888.0
29263,29:29.500,29:29.515,3,1137.0,760.0,1300.0,991.0,1665.0,678.0,1831.0,885.0,628.0,631.0,801.0,866.0
29278,29:30.000,29:30.015,3,1182.0,781.0,1353.0,1018.0,675.0,690.0,846.0,922.0,1716.0,665.0,1885.0,881.0
29293,29:30.500,29:30.517,3,610.0,647.0,785.0,888.0,1130.0,761.0,1297.0,988.0,1657.0,652.0,1822.0,860.0
29308,29:31.000,29:31.017,3,1678.0,638.0,1847.0,853.0,644.0,642.0,817.0,882.0,1158.0,752.0,1324.0,982.0
29323,29:31.500,29:31.517,3,1201.0,714.0,1367.0,949.0,1722.0,607.0,1897.0,822.0,688.0,610.0,859.0,848.0
29338,29:32.000,29:32.017,3,1708.0,612.0,1881.0,828.0,672.0,612.0,845.0,852.0,1184.0,712.0,1353.0,951.0
29353,29:32.500,29:32.517,3,636.0,608.0,808.0,846.0,1152.0,720.0,1318.0,954.0,1668.0,625.0,1836.0,836.0
29368,29:33.000,29:33.017,3,1141.0,727.0,1306.0,962.0,623.0,614.0,799.0,849.0,1648.0,636.0,1815.0,841.0
29383,29:33.500,29:33.517,3,1139.0,731.0,1305.0,963.0,621.0,615.0,798.0,851.0,1656.0,638.0,1821.0,844.0
29398,29:34.000,29:34.017,3,1139.0,741.0,1306.0,970.0,1661.0,644.0,1828.0,855.0,624.0,622.0,799.0,859.0
29413,29:34.500,29:34.518,3,1141.0,745.0,1306.0,972.0,1667.0,647.0,1834.0,858.0,625.0,625.0,800.0,860.0
29428,29:35.000,29:35.018,3,1667.0,644.0,1834.0,857.0,1136.0,741.0,1302.0,970.0,619.0,619.0,796.0,854.0
29443,29:35.500,29:35.518,3,1141.0,733.0,1306.0,964.0,625.0,614.0,800.0,848.0,1673.0,642.0,1840.0,855.0
29458,29:36.000,29:36.018,3,621.0,601.0,794.0,836.0,1136.0,720.0,1300.0,951.0,1672.0,632.0,1839.0,840.0
29473,29:36.500,29:36.518,3,625.0,664.0,797.0,901.0,1133.0,794.0,1299.0,1027.0,1670.0,712.0,1836.0,923.0
29488,29:37.000,29:37.018,3,609.0,633.0,784.0,872.0,1122.0,758.0,1285.0,991.0,1657.0,678.0,1820.0,886.0
29503,29:37.500,29:37.518,3,610.0,623.0,785.0,863.0,1121.0,748.0,1287.0,982.0,1659.0,663.0,1824.0,880.0
29518,29:38.000,29:38.018,3,586.0,706.0,763.0,949.0,1095.0,834.0,1262.0,1069.0,1632.0,760.0,1796.0,962.0
29533,29:38.500,29:38.512,3,590.0,722.0,765.0,960.0,1640.0,766.0,1807.0,983.0,1095.0,845.0,1261.0,1082.0
29548,29:39.000,29:39.012,3,1121.0,812.0,1287.0,1040.0,623.0,687.0,797.0,920.0,1657.0,723.0,1823.0,936.0
29563,29:39.500,29:39.512,3,1075.0,873.0,1240.0,1108.0,1597.0,798.0,1760.0,1015.0,569.0,742.0,747.0,981.0
29578,29:40.000,29:40.012,3,606.0,757.0,779.0,993.0,1611.0,839.0,1775.0,1052.0,1103.0,899.0,1268.0,1136.0
29593,29:40.500,29:40.512,3,1028.0,824.0,1194.0,1054.0,509.0,673.0,690.0,916.0,1506.0,760.0,1667.0,966.0
29608,29:41.000,29:41.012,3,502.0,650.0,682.0,895.0,1023.0,807.0,1189.0,1031.0,1499.0,737.0,1660.0,944.0
29623,29:41.500,29:41.512,3,539.0,659.0,717.0,902.0,1533.0,733.0,1697.0,946.0,1057.0,804.0,1224.0,1031.0
29638,29:42.000,29:42.012,3,540.0,640.0,718.0,883.0,1535.0,718.0,1698.0,925.0,1055.0,777.0,1224.0,1014.0
29653,29:42.500,29:42.512,3,1519.0,711.0,1682.0,916.0,1041.0,779.0,1208.0,1011.0,521.0,638.0,702.0,881.0
29668,29:43.000,29:43.013,3,516.0,648.0,694.0,891.0,1515.0,720.0,1677.0,925.0,1040.0,789.0,1207.0,1020.0
29683,29:43.500,29:43.513,3,519.0,653.0,697.0,896.0,1505.0,723.0,1667.0,928.0,1041.0,796.0,1208.0,1025.0
29698,29:44.000,29:44.013,3,524.0,660.0,703.0,903.0,1503.0,727.0,1667.0,934.0,1043.0,806.0,1210.0,1038.0
29713,29:44.500,29:44.513,3,533.0,649.0,714.0,892.0,1517.0,730.0,1682.0,937.0,1052.0,805.0,1218.0,1039.0
29728,29:45.000,29:45.013,3,1685.0,742.0,1861.0,959.0,719.0,683.0,887.0,913.0,1207.0,828.0,1373.0,1059.0
29743,29:45.500,29:45.513,3,712.0,681.0,882.0,912.0,1676.0,744.0,1850.0,958.0,1198.0,824.0,1364.0,1058.0
29758,29:46.000,29:46.013,3,472.0,725.0,659.0,969.0,1452.0,766.0,1615.0,978.0,987.0,861.0,1158.0,1093.0
29773,29:46.500,29:46.513,3,532.0,730.0,712.0,971.0,1509.0,759.0,1671.0,973.0,1037.0,856.0,1205.0,1091.0
29788,29:47.000,29:47.015,3,680.0,703.0,849.0,930.0,1162.0,841.0,1330.0,1077.0,1641.0,754.0,1812.0,966.0
29803,29:47.500,29:47.515,3,568.0,712.0,746.0,950.0,1067.0,839.0,1238.0,1078.0,1535.0,741.0,1698.0,956.0
29818,29:48.000,29:48.015,3,441.0,651.0,628.0,900.0,963.0,783.0,1135.0,1023.0,1425.0,676.0,1586.0,890.0
29833,29:48.500,29:48.515,3,457.0,600.0,641.0,848.0,988.0,739.0,1159.0,966.0,1456.0,621.0,1616.0,838.0
29848,29:49.000,29:49.015,3,447.0,614.0,633.0,860.0,1457.0,642.0,1615.0,860.0,985.0,748.0,1155.0,979.0
29863,29:49.500,29:49.515,3,429.0,629.0,615.0,877.0,971.0,760.0,1140.0,993.0,1468.0,652.0,1625.0,867.0
29878,29:50.000,29:50.015,3,417.0,618.0,607.0,870.0,963.0,752.0,1132.0,988.0,1469.0,652.0,1627.0,864.0
29893,29:50.500,29:50.515,3,367.0,645.0,562.0,900.0,923.0,783.0,1094.0,1017.0,1426.0,691.0,1582.0,890.0
29908,29:51.000,29:51.015,3,932.0,756.0,1101.0,995.0,378.0,615.0,570.0,866.0,1444.0,677.0,1599.0,882.0
29923,29:51.500,29:51.517,3,356.0,616.0,552.0,872.0,915.0,761.0,1084.0,997.0,1442.0,674.0,1596.0,880.0
29938,29:52.000,29:52.017,3,361.0,596.0,556.0,846.0,920.0,747.0,1089.0,980.0,1446.0,660.0,1598.0,866.0
29953,29:52.500,29:52.517,3,306.0,687.0,506.0,937.0,882.0,784.0,1059.0,1016.0,1398.0,650.0,1551.0,855.0
29968,29:53.000,29:53.017,3,381.0,650.0,575.0,901.0,942.0,757.0,1114.0,989.0,1458.0,637.0,1613.0,842.0
29983,29:53.500,29:53.517,3,409.0,637.0,601.0,889.0,965.0,753.0,1137.0,985.0,1476.0,632.0,1632.0,840.0
29998,29:54.000,29:54.017,3,414.0,620.0,606.0,871.0,968.0,735.0,1139.0,972.0,1475.0,624.0,1632.0,834.0
30013,29:54.500,29:54.517,3,434.0,640.0,621.0,891.0,983.0,750.0,1153.0,984.0,1493.0,630.0,1652.0,840.0
30028,29:55.000,29:55.017,3,436.0,654.0,623.0,901.0,979.0,761.0,1148.0,998.0,1486.0,649.0,1646.0,856.0
30043,29:55.500,29:55.518,3,452.0,645.0,640.0,895.0,983.0,759.0,1151.0,995.0,1489.0,648.0,1648.0,856.0
30058,29:56.000,29:56.018,3,461.0,640.0,647.0,890.0,986.0,753.0,1156.0,987.0,1495.0,647.0,1651.0,848.0
30073,29:56.500,29:56.518,3,460.0,634.0,648.0,886.0,990.0,749.0,1161.0,980.0,1505.0,646.0,1662.0,848.0
30088,29:57.000,29:57.018,3,467.0,632.0,654.0,877.0,999.0,743.0,1168.0,972.0,1521.0,637.0,1678.0,834.0
30103,29:57.500,29:57.518,3,463.0,632.0,652.0,879.0,996.0,745.0,1165.0,976.0,1518.0,637.0,1674.0,837.0
30118,29:58.000,29:58.010,3,463.0,629.0,649.0,875.0,996.0,744.0,1164.0,971.0,1518.0,638.0,1674.0,835.0
30133,29:58.500,29:58.510,3,471.0,636.0,660.0,881.0,1001.0,749.0,1171.0,979.0,1526.0,638.0,1684.0,840.0
30148,29:59.000,29:59.010,3,561.0,660.0,736.0,900.0,1071.0,770.0,1239.0,1009.0,1601.0,672.0,1762.0,878.0
30163,29:59.500,29:59.512,3,518.0,669.0,697.0,908.0,1031.0,791.0,1199.0,1024.0,1575.0,690.0,1736.0,892.0
30178,30:00.000,30:00.012,3,1241.0,901.0,1413.0,1143.0,1821.0,823.0,2001.0,1039.0,764.0,770.0,930.0,998.0
30193,30:00.500,30:00.512,3,613.0,732.0,787.0,966.0,1104.0,868.0,1270.0,1109.0,1648.0,805.0,1812.0,1012.0
30208,30:01.000,30:01.012,3,1106.0,871.0,1273.0,1111.0,615.0,739.0,790.0,970.0,1649.0,811.0,1809.0,1011.0
30223,30:01.500,30:01.512,3,641.0,747.0,810.0,979.0,1084.0,867.0,1248.0,1099.0,1674.0,824.0,1830.0,1022.0
30238,30:02.000,30:02.012,3,660.0,711.0,831.0,943.0,1016.0,833.0,1176.0,1053.0,1697.0,791.0,1854.0,1003.0
30253,30:02.500,30:02.512,3,615.0,674.0,790.0,910.0,990.0,803.0,1148.0,1026.0,1667.0,747.0,1823.0,950.0
30268,30:03.000,30:03.012,3,417.0,576.0,608.0,831.0,885.0,724.0,1048.0,955.0,1516.0,664.0,1668.0,869.0
30283,30:03.500,30:03.512,3,375.0,511.0,569.0,771.0,918.0,657.0,1082.0,892.0,1483.0,616.0,1633.0,816.0
30298,30:04.000,30:04.013,3,948.0,659.0,1110.0,892.0,390.0,509.0,581.0,767.0,1493.0,634.0,1643.0,829.0
30313,30:04.500,30:04.513,3,954.0,665.0,1116.0,896.0,399.0,515.0,591.0,770.0,1495.0,633.0,1646.0,825.0
30328,30:05.000,30:05.013,3,948.0,661.0,1110.0,894.0,367.0,514.0,553.0,763.0,1492.0,613.0,1642.0,810.0
30343,30:05.500,30:05.513,2,1999.0,774.0,2221.0,1041.0,1426.0,630.0,1584.0,850.0,,,,
30358,30:06.000,30:06.013,0,,,,,,,,,,,,
30373,30:06.500,30:06.513,0,,,,,,,,,,,,
30388,30:07.000,30:07.013,1,1829.0,663.0,2017.0,914.0,,,,,,,,
30403,30:07.500,30:07.513,1,539.0,744.0,697.0,953.0,,,,,,,,
30418,30:08.000,30:08.015,0,,,,,,,,,,,,
30433,30:08.500,30:08.515,0,,,,,,,,,,,,
30448,30:09.000,30:09.015,1,10.0,796.0,204.0,1028.0,,,,,,,,
30463,30:09.500,30:09.515,3,1198.0,766.0,1356.0,993.0,1780.0,679.0,1941.0,884.0,644.0,675.0,801.0,899.0
30478,30:10.000,30:10.015,3,1728.0,660.0,1900.0,868.0,1192.0,751.0,1353.0,979.0,644.0,657.0,798.0,888.0
30493,30:10.500,30:10.515,3,1742.0,671.0,1913.0,882.0,1201.0,755.0,1359.0,982.0,655.0,656.0,809.0,886.0
30508,30:11.000,30:11.015,3,1182.0,718.0,1342.0,947.0,1728.0,671.0,1900.0,871.0,634.0,630.0,792.0,859.0
30523,30:11.500,30:11.515,3,1253.0,736.0,1414.0,967.0,760.0,630.0,925.0,858.0,1834.0,749.0,2008.0,940.0
30538,30:12.000,30:12.017,3,821.0,700.0,983.0,925.0,1290.0,803.0,1451.0,1034.0,1880.0,828.0,2062.0,1020.0
30553,30:12.500,30:12.517,3,1256.0,821.0,1416.0,1049.0,792.0,706.0,956.0,934.0,1872.0,808.0,2048.0,1003.0
30568,30:13.000,30:13.017,3,709.0,684.0,877.0,915.0,1180.0,790.0,1339.0,1018.0,1765.0,749.0,1931.0,948.0
30583,30:13.500,30:13.517,3,726.0,698.0,890.0,925.0,1742.0,737.0,1912.0,946.0,1215.0,792.0,1373.0,1019.0
30598,30:14.000,30:14.017,3,746.0,728.0,911.0,955.0,1761.0,763.0,1935.0,976.0,1306.0,821.0,1462.0,1033.0
30613,30:14.500,30:14.517,3,1724.0,721.0,1894.0,931.0,709.0,683.0,877.0,914.0,1345.0,803.0,1495.0,1010.0
30628,30:15.000,30:15.017,3,687.0,634.0,855.0,868.0,1704.0,666.0,1873.0,882.0,1258.0,762.0,1411.0,972.0
30643,30:15.500,30:15.517,3,1722.0,668.0,1892.0,883.0,705.0,626.0,872.0,862.0,1246.0,729.0,1405.0,950.0
30658,30:16.000,30:16.017,3,745.0,637.0,910.0,866.0,1765.0,701.0,1941.0,903.0,1269.0,756.0,1426.0,975.0
30673,30:16.500,30:16.518,3,1668.0,669.0,1836.0,893.0,667.0,628.0,837.0,862.0,1193.0,748.0,1354.0,969.0
30688,30:17.000,30:17.018,3,612.0,620.0,786.0,855.0,1153.0,730.0,1314.0,956.0,1613.0,659.0,1773.0,867.0
30703,30:17.500,30:17.510,3,631.0,563.0,805.0,799.0,1172.0,687.0,1334.0,905.0,1645.0,624.0,1802.0,825.0
30718,30:18.000,30:18.010,3,634.0,556.0,806.0,791.0,1181.0,684.0,1341.0,904.0,1659.0,617.0,1818.0,826.0
30733,30:18.500,30:18.510,3,601.0,601.0,774.0,841.0,1649.0,656.0,1817.0,868.0,1156.0,726.0,1316.0,951.0
30748,30:19.000,30:19.010,3,563.0,470.0,741.0,719.0,1150.0,588.0,1309.0,815.0,1649.0,510.0,1817.0,721.0
30763,30:19.500,30:19.510,3,566.0,471.0,744.0,719.0,1156.0,575.0,1316.0,802.0,1656.0,485.0,1823.0,703.0
30778,30:20.000,30:20.010,3,1653.0,523.0,1819.0,734.0,568.0,492.0,747.0,740.0,1155.0,600.0,1315.0,826.0
30793,30:20.500,30:20.512,3,1636.0,529.0,1801.0,742.0,1145.0,605.0,1303.0,834.0,561.0,500.0,739.0,746.0
30808,30:21.000,30:21.012,3,482.0,449.0,671.0,703.0,1085.0,564.0,1245.0,796.0,1576.0,490.0,1739.0,701.0
30823,30:21.500,30:21.512,3,478.0,457.0,667.0,715.0,1085.0,570.0,1244.0,801.0,1575.0,492.0,1737.0,700.0
30838,30:22.000,30:22.012,3,1602.0,530.0,1765.0,743.0,1110.0,607.0,1269.0,839.0,512.0,495.0,695.0,749.0
30853,30:22.500,30:22.512,3,507.0,518.0,690.0,767.0,1597.0,533.0,1757.0,749.0,1102.0,623.0,1265.0,851.0
30868,30:23.000,30:23.012,3,451.0,537.0,638.0,792.0,1059.0,644.0,1217.0,870.0,1539.0,561.0,1700.0,767.0
30883,30:23.500,30:23.512,3,462.0,544.0,649.0,796.0,1067.0,651.0,1228.0,878.0,1541.0,567.0,1702.0,774.0
30898,30:24.000,30:24.012,3,416.0,567.0,606.0,819.0,1029.0,681.0,1190.0,905.0,1497.0,596.0,1654.0,801.0
30913,30:24.500,30:24.513,3,447.0,543.0,637.0,796.0,1030.0,689.0,1193.0,916.0,1506.0,613.0,1664.0,818.0
30928,30:25.000,30:25.013,3,431.0,528.0,619.0,779.0,1028.0,688.0,1190.0,909.0,1501.0,611.0,1657.0,817.0
30943,30:25.500,30:25.513,3,423.0,539.0,612.0,790.0,1024.0,688.0,1186.0,912.0,1505.0,609.0,1661.0,813.0
30958,30:26.000,30:26.013,3,420.0,550.0,608.0,802.0,1018.0,693.0,1179.0,918.0,1498.0,618.0,1655.0,821.0
30973,30:26.500,30:26.513,3,429.0,555.0,616.0,804.0,1025.0,694.0,1186.0,919.0,1513.0,615.0,1669.0,813.0
30988,30:27.000,30:27.013,3,229.0,512.0,438.0,780.0,878.0,662.0,1044.0,896.0,1369.0,594.0,1520.0,788.0
31003,30:27.500,30:27.513,3,250.0,590.0,459.0,850.0,897.0,696.0,1063.0,931.0,1378.0,600.0,1530.0,805.0
31018,30:28.000,30:28.013,3,330.0,539.0,533.0,803.0,1405.0,535.0,1561.0,751.0,949.0,643.0,1114.0,876.0
31033,30:28.500,30:28.513,3,946.0,676.0,1111.0,909.0,328.0,563.0,530.0,821.0,1401.0,591.0,1556.0,792.0
31048,30:29.000,30:29.015,3,423.0,583.0,614.0,836.0,1020.0,699.0,1181.0,929.0,1477.0,629.0,1636.0,827.0
31063,30:29.500,30:29.515,3,900.0,699.0,1062.0,930.0,268.0,562.0,474.0,822.0,1344.0,657.0,1482.0,843.0
31078,30:30.000,30:30.015,3,387.0,529.0,581.0,787.0,993.0,657.0,1152.0,885.0,1412.0,608.0,1550.0,798.0
31093,30:30.500,30:30.515,3,448.0,580.0,637.0,828.0,1050.0,693.0,1209.0,917.0,1445.0,610.0,1574.0,810.0
31108,30:31.000,30:31.015,3,434.0,560.0,623.0,810.0,1043.0,689.0,1202.0,912.0,1441.0,614.0,1567.0,809.0
31123,30:31.500,30:31.515,3,431.0,549.0,620.0,802.0,1042.0,683.0,1204.0,904.0,1443.0,604.0,1571.0,806.0
31138,30:32.000,30:32.015,3,412.0,615.0,604.0,869.0,1011.0,753.0,1172.0,973.0,1454.0,696.0,1597.0,894.0
31153,30:32.500,30:32.515,3,143.0,673.0,365.0,939.0,844.0,807.0,1007.0,1034.0,1301.0,775.0,1450.0,959.0
31168,30:33.000,30:33.017,3,477.0,594.0,660.0,842.0,1073.0,726.0,1232.0,946.0,1571.0,736.0,1729.0,919.0
31183,30:33.500,30:33.517,3,509.0,621.0,689.0,864.0,1122.0,750.0,1279.0,964.0,1578.0,693.0,1738.0,901.0
31198,30:34.000,30:34.017,3,506.0,623.0,687.0,864.0,1565.0,669.0,1725.0,881.0,1108.0,738.0,1265.0,957.0
31213,30:34.500,30:34.517,3,502.0,706.0,681.0,949.0,1112.0,817.0,1268.0,1042.0,1554.0,728.0,1715.0,936.0
31228,30:35.000,30:35.017,3,527.0,608.0,705.0,849.0,1141.0,736.0,1298.0,953.0,1580.0,629.0,1743.0,844.0
31243,30:35.500,30:35.517,3,539.0,599.0,719.0,842.0,1143.0,722.0,1301.0,944.0,1586.0,607.0,1750.0,822.0
31258,30:36.000,30:36.017,3,584.0,599.0,759.0,840.0,1181.0,737.0,1343.0,954.0,1632.0,637.0,1792.0,845.0
31273,30:36.500,30:36.517,3,590.0,620.0,764.0,856.0,1612.0,653.0,1776.0,860.0,1182.0,752.0,1343.0,965.0
31288,30:37.000,30:37.018,3,583.0,595.0,758.0,837.0,1605.0,636.0,1769.0,848.0,1176.0,731.0,1335.0,948.0
31303,30:37.500,30:37.510,3,591.0,518.0,768.0,772.0,1627.0,584.0,1793.0,791.0,1187.0,663.0,1348.0,884.0
31318,30:38.000,30:38.010,3,344.0,599.0,540.0,858.0,1414.0,663.0,1572.0,872.0,987.0,748.0,1149.0,969.0
31333,30:38.500,30:38.510,3,553.0,618.0,730.0,862.0,1600.0,658.0,1763.0,872.0,1158.0,751.0,1319.0,969.0
31348,30:39.000,30:39.010,3,1080.0,759.0,1240.0,978.0,460.0,634.0,645.0,883.0,1514.0,659.0,1674.0,868.0
31363,30:39.500,30:39.510,3,423.0,654.0,611.0,908.0,1487.0,681.0,1645.0,886.0,1012.0,745.0,1170.0,968.0
31378,30:40.000,30:40.010,3,367.0,643.0,564.0,904.0,1448.0,656.0,1603.0,868.0,949.0,719.0,1108.0,940.0
31393,30:40.500,30:40.510,3,449.0,758.0,631.0,1002.0,1001.0,849.0,1159.0,1070.0,1495.0,781.0,1654.0,994.0
31408,30:41.000,30:41.010,3,510.0,783.0,687.0,1018.0,1542.0,833.0,1702.0,1039.0,1041.0,889.0,1197.0,1105.0
31423,30:41.500,30:41.512,3,578.0,751.0,749.0,983.0,1092.0,847.0,1248.0,1072.0,1600.0,803.0,1762.0,1013.0
31438,30:42.000,30:42.012,3,1571.0,776.0,1731.0,986.0,1070.0,829.0,1228.0,1046.0,571.0,749.0,748.0,985.0
31453,30:42.500,30:42.512,3,593.0,746.0,769.0,982.0,1597.0,766.0,1758.0,973.0,1095.0,817.0,1252.0,1033.0
31468,30:43.000,30:43.012,3,587.0,735.0,764.0,970.0,1093.0,801.0,1252.0,1018.0,1595.0,753.0,1755.0,956.0
31483,30:43.500,30:43.512,3,320.0,748.0,520.0,995.0,884.0,805.0,1044.0,1027.0,1378.0,751.0,1529.0,949.0
31498,30:44.000,30:44.012,3,387.0,672.0,578.0,924.0,936.0,742.0,1093.0,962.0,1430.0,691.0,1584.0,889.0
31513,30:44.500,30:44.512,3,410.0,667.0,599.0,922.0,951.0,744.0,1110.0,966.0,1450.0,695.0,1602.0,898.0
31528,30:45.000,30:45.012,3,417.0,671.0,609.0,923.0,963.0,747.0,1121.0,969.0,1454.0,692.0,1608.0,898.0
31543,30:45.500,30:45.513,3,404.0,680.0,595.0,929.0,959.0,752.0,1116.0,972.0,1448.0,691.0,1602.0,895.0
31558,30:46.000,30:46.013,3,415.0,730.0,602.0,978.0,963.0,796.0,1121.0,1023.0,1459.0,748.0,1615.0,946.0
31573,30:46.500,30:46.513,3,440.0,675.0,626.0,921.0,1484.0,693.0,1641.0,898.0,984.0,751.0,1142.0,974.0
31588,30:47.000,30:47.013,3,430.0,581.0,614.0,833.0,978.0,663.0,1136.0,889.0,1480.0,615.0,1636.0,822.0
31603,30:47.500,30:47.513,3,471.0,573.0,655.0,817.0,1512.0,602.0,1670.0,808.0,1011.0,654.0,1167.0,874.0
31618,30:48.000,30:48.013,3,470.0,567.0,655.0,812.0,1509.0,603.0,1665.0,808.0,1010.0,651.0,1167.0,871.0
31633,30:48.500,30:48.513,3,477.0,561.0,660.0,808.0,1513.0,602.0,1671.0,805.0,1018.0,649.0,1174.0,866.0
31648,30:49.000,30:49.013,3,464.0,549.0,648.0,802.0,1505.0,591.0,1663.0,794.0,1009.0,638.0,1166.0,858.0
31663,30:49.500,30:49.515,3,466.0,546.0,650.0,798.0,1507.0,591.0,1664.0,794.0,1010.0,637.0,1167.0,856.0
31678,30:50.000,30:50.015,3,461.0,603.0,643.0,846.0,1005.0,687.0,1162.0,904.0,1499.0,634.0,1656.0,838.0
31693,30:50.500,30:50.515,3,452.0,607.0,636.0,850.0,1488.0,636.0,1647.0,837.0,999.0,687.0,1155.0,906.0
31708,30:51.000,30:51.015,3,421.0,621.0,609.0,865.0,975.0,694.0,1132.0,917.0,1465.0,639.0,1621.0,839.0
31723,30:51.500,30:51.515,3,404.0,655.0,593.0,902.0,1455.0,658.0,1609.0,866.0,961.0,724.0,1118.0,948.0
31738,30:52.000,30:52.015,3,426.0,663.0,611.0,911.0,979.0,742.0,1137.0,966.0,1465.0,689.0,1622.0,891.0
31753,30:52.500,30:52.515,3,738.0,736.0,904.0,969.0,94.0,727.0,319.0,989.0,1226.0,628.0,1376.0,826.0
31768,30:53.000,30:53.015,3,345.0,763.0,541.0,1013.0,917.0,820.0,1075.0,1038.0,1405.0,739.0,1555.0,934.0
31783,30:53.500,30:53.515,3,378.0,737.0,568.0,982.0,941.0,802.0,1099.0,1022.0,1425.0,739.0,1580.0,939.0
31798,30:54.000,30:54.017,3,388.0,670.0,578.0,920.0,948.0,748.0,1107.0,968.0,1429.0,688.0,1583.0,888.0
31813,30:54.500,30:54.517,3,459.0,717.0,642.0,960.0,1005.0,769.0,1162.0,991.0,1478.0,683.0,1634.0,890.0
31828,30:55.000,30:55.017,3,520.0,707.0,698.0,947.0,1052.0,787.0,1207.0,1007.0,1531.0,729.0,1689.0,930.0
31843,30:55.500,30:55.517,3,498.0,696.0,678.0,932.0,1036.0,772.0,1193.0,990.0,1518.0,718.0,1674.0,916.0
31858,30:56.000,30:56.017,3,529.0,783.0,705.0,1022.0,1538.0,814.0,1699.0,1017.0,1059.0,856.0,1214.0,1079.0
31873,30:56.500,30:56.517,3,556.0,695.0,732.0,932.0,1081.0,767.0,1237.0,992.0,1563.0,749.0,1726.0,944.0
31888,30:57.000,30:57.017,3,565.0,667.0,743.0,907.0,1085.0,742.0,1241.0,965.0,1582.0,709.0,1744.0,908.0
31903,30:57.500,30:57.517,3,1088.0,698.0,1244.0,919.0,1598.0,653.0,1759.0,865.0,571.0,621.0,748.0,855.0
31918,30:58.000,30:58.010,3,625.0,637.0,800.0,871.0,1645.0,659.0,1810.0,871.0,1135.0,713.0,1290.0,929.0
31933,30:58.500,30:58.510,3,592.0,663.0,768.0,900.0,1614.0,682.0,1776.0,889.0,1106.0,734.0,1262.0,956.0
31948,30:59.000,30:59.010,3,487.0,655.0,670.0,898.0,1018.0,730.0,1174.0,947.0,1520.0,677.0,1676.0,877.0
31963,30:59.500,30:59.510,3,1692.0,642.0,1858.0,859.0,681.0,666.0,850.0,896.0,1179.0,717.0,1334.0,936.0
31978,31:00.000,31:00.010,3,681.0,645.0,849.0,875.0,1691.0,633.0,1856.0,844.0,1179.0,699.0,1332.0,921.0
31993,31:00.500,31:00.510,3,687.0,631.0,856.0,861.0,1698.0,624.0,1867.0,834.0,1185.0,693.0,1339.0,907.0
32008,31:01.000,31:01.010,3,1703.0,618.0,1872.0,830.0,691.0,629.0,859.0,855.0,1191.0,683.0,1346.0,903.0
32023,31:01.500,31:01.510,3,1691.0,618.0,1864.0,827.0,1187.0,682.0,1341.0,901.0,689.0,625.0,858.0,853.0
32038,31:02.000,31:02.012,3,1686.0,620.0,1856.0,825.0,685.0,626.0,854.0,854.0,1183.0,685.0,1336.0,900.0
32053,31:02.500,31:02.512,3,1686.0,616.0,1857.0,823.0,686.0,625.0,854.0,854.0,1182.0,683.0,1336.0,900.0
32068,31:03.000,31:03.012,3,661.0,726.0,829.0,953.0,1661.0,719.0,1829.0,920.0,1162.0,781.0,1317.0,999.0
32083,31:03.500,31:03.512,3,1647.0,651.0,1813.0,860.0,635.0,653.0,806.0,888.0,1142.0,722.0,1297.0,937.0
32098,31:04.000,31:04.012,3,1664.0,701.0,1832.0,904.0,645.0,698.0,814.0,931.0,1151.0,764.0,1304.0,981.0
32113,31:04.500,31:04.512,3,683.0,704.0,849.0,931.0,1703.0,708.0,1870.0,908.0,1186.0,767.0,1339.0,985.0
32128,31:05.000,31:05.012,3,666.0,698.0,833.0,930.0,1685.0,696.0,1851.0,904.0,1172.0,762.0,1325.0,982.0
32143,31:05.500,31:05.512,3,1669.0,711.0,1837.0,916.0,659.0,705.0,825.0,937.0,1158.0,769.0,1314.0,986.0
32158,31:06.000,31:06.012,3,1669.0,713.0,1837.0,916.0,657.0,698.0,823.0,927.0,1163.0,769.0,1315.0,984.0
32173,31:06.500,31:06.513,3,461.0,782.0,644.0,1026.0,1495.0,770.0,1651.0,974.0,1002.0,843.0,1158.0,1066.0
32188,31:07.000,31:07.013,3,603.0,743.0,772.0,975.0,1617.0,749.0,1780.0,958.0,1116.0,809.0,1270.0,1027.0
32203,31:07.500,31:07.513,3,1625.0,769.0,1787.0,975.0,607.0,738.0,780.0,974.0,1118.0,818.0,1271.0,1038.0
32218,31:08.000,31:08.013,3,607.0,721.0,778.0,956.0,1622.0,736.0,1786.0,948.0,1112.0,792.0,1266.0,1014.0
32233,31:08.500,31:08.513,3,620.0,712.0,792.0,946.0,1122.0,786.0,1278.0,1006.0,1631.0,734.0,1799.0,939.0
32248,31:09.000,31:09.013,3,619.0,714.0,790.0,946.0,1123.0,784.0,1278.0,1006.0,1631.0,737.0,1798.0,939.0
32263,31:09.500,31:09.513,3,618.0,709.0,789.0,942.0,1629.0,726.0,1793.0,928.0,1122.0,774.0,1276.0,998.0
32278,31:10.000,31:10.013,3,622.0,699.0,794.0,930.0,1634.0,723.0,1801.0,924.0,1126.0,774.0,1280.0,991.0
32293,31:10.500,31:10.515,3,1671.0,713.0,1840.0,915.0,678.0,693.0,846.0,928.0,1169.0,762.0,1324.0,984.0
32308,31:11.000,31:11.015,3,1740.0,695.0,1914.0,896.0,750.0,674.0,914.0,898.0,1236.0,744.0,1392.0,964.0
32323,31:11.500,31:11.515,3,1739.0,691.0,1914.0,895.0,750.0,677.0,915.0,900.0,1236.0,744.0,1392.0,964.0
32338,31:12.000,31:12.015,3,1985.0,871.0,2192.0,1090.0,1440.0,911.0,1603.0,1143.0,966.0,839.0,1121.0,1062.0
32353,31:12.500,31:12.515,3,1941.0,782.0,2137.0,1008.0,1404.0,828.0,1565.0,1053.0,931.0,745.0,1089.0,968.0
32368,31:13.000,31:13.015,3,1885.0,631.0,2073.0,852.0,1345.0,660.0,1504.0,888.0,870.0,578.0,1029.0,802.0
32383,31:13.500,31:13.515,3,1883.0,703.0,2070.0,909.0,861.0,665.0,1021.0,887.0,1343.0,741.0,1501.0,964.0
32398,31:14.000,31:14.015,3,1876.0,717.0,2065.0,925.0,854.0,669.0,1015.0,894.0,1342.0,752.0,1499.0,974.0
32413,31:14.500,31:14.517,3,1849.0,709.0,2034.0,923.0,833.0,673.0,990.0,897.0,1322.0,749.0,1481.0,969.0
32428,31:15.000,31:15.017,3,1822.0,712.0,2004.0,920.0,812.0,661.0,971.0,889.0,1304.0,743.0,1461.0,962.0
32443,31:15.500,31:15.517,3,1797.0,684.0,1979.0,896.0,788.0,640.0,949.0,868.0,1284.0,724.0,1439.0,943.0
32458,31:16.000,31:16.017,3,745.0,591.0,909.0,821.0,1757.0,633.0,1935.0,842.0,1246.0,675.0,1400.0,891.0
32473,31:16.500,31:16.517,3,721.0,572.0,885.0,802.0,1750.0,609.0,1926.0,826.0,1224.0,652.0,1379.0,874.0
32488,31:17.000,31:17.017,3,719.0,573.0,883.0,804.0,1734.0,625.0,1907.0,835.0,1221.0,654.0,1376.0,875.0
32503,31:17.500,31:17.517,3,721.0,571.0,885.0,802.0,1746.0,620.0,1921.0,832.0,1224.0,652.0,1380.0,874.0
32518,31:18.000,31:18.008,3,1743.0,607.0,1919.0,824.0,722.0,563.0,885.0,795.0,1226.0,643.0,1382.0,867.0
32533,31:18.500,31:18.508,3,722.0,557.0,886.0,792.0,1738.0,596.0,1911.0,813.0,1226.0,638.0,1383.0,863.0
32548,31:19.000,31:19.010,3,715.0,561.0,880.0,793.0,1735.0,598.0,1907.0,812.0,1221.0,641.0,1376.0,865.0
32563,31:19.500,31:19.510,3,720.0,560.0,883.0,791.0,1737.0,595.0,1910.0,811.0,1223.0,638.0,1378.0,862.0
32578,31:20.000,31:20.010,3,1698.0,610.0,1871.0,827.0,681.0,585.0,849.0,819.0,1189.0,665.0,1343.0,886.0
32593,31:20.500,31:20.510,3,1717.0,458.0,1891.0,686.0,662.0,449.0,833.0,702.0,1183.0,521.0,1342.0,758.0
32608,31:21.000,31:21.010,3,1856.0,609.0,2042.0,834.0,816.0,582.0,978.0,811.0,1312.0,670.0,1469.0,900.0
32623,31:21.500,31:21.510,3,1975.0,677.0,2180.0,904.0,947.0,653.0,1103.0,877.0,1416.0,742.0,1578.0,975.0
32638,31:22.000,31:22.010,3,1933.0,647.0,2135.0,872.0,1380.0,712.0,1541.0,939.0,933.0,631.0,1093.0,865.0
32653,31:22.500,31:22.510,3,1909.0,628.0,2103.0,848.0,897.0,616.0,1056.0,843.0,1350.0,692.0,1509.0,922.0
32668,31:23.000,31:23.012,3,1776.0,574.0,1952.0,786.0,770.0,551.0,938.0,787.0,1240.0,632.0,1398.0,860.0
32683,31:23.500,31:23.512,3,1699.0,591.0,1870.0,802.0,1174.0,645.0,1330.0,875.0,691.0,561.0,863.0,798.0
32698,31:24.000,31:24.012,3,1675.0,610.0,1846.0,823.0,681.0,569.0,853.0,805.0,1170.0,661.0,1326.0,888.0
32713,31:24.500,31:24.512,3,672.0,576.0,844.0,818.0,1667.0,621.0,1835.0,832.0,1163.0,673.0,1318.0,895.0
32728,31:25.000,31:25.012,3,1629.0,956.0,1799.0,1173.0,629.0,919.0,804.0,1159.0,1129.0,1019.0,1287.0,1251.0
32743,31:25.500,31:25.512,3,1748.0,919.0,1923.0,1137.0,750.0,864.0,913.0,1088.0,1233.0,972.0,1391.0,1203.0
32758,31:26.000,31:26.012,3,659.0,726.0,828.0,957.0,1668.0,749.0,1837.0,955.0,1160.0,820.0,1315.0,1040.0
32773,31:26.500,31:26.512,3,713.0,662.0,880.0,899.0,1708.0,671.0,1881.0,883.0,1220.0,740.0,1380.0,968.0
32788,31:27.000,31:27.013,3,601.0,751.0,773.0,991.0,1622.0,736.0,1789.0,946.0,1142.0,821.0,1300.0,1039.0
32803,31:27.500,31:27.513,3,328.0,892.0,527.0,1156.0,943.0,947.0,1105.0,1184.0,1444.0,858.0,1600.0,1067.0
32818,31:28.000,31:28.013,3,513.0,717.0,694.0,962.0,1578.0,705.0,1738.0,907.0,1071.0,782.0,1227.0,1006.0
32833,31:28.500,31:28.513,3,532.0,726.0,711.0,967.0,1597.0,715.0,1759.0,928.0,1084.0,780.0,1239.0,1004.0
32848,31:29.000,31:29.013,3,539.0,636.0,719.0,881.0,1088.0,705.0,1245.0,928.0,1602.0,638.0,1767.0,848.0
32863,31:29.500,31:29.513,3,578.0,660.0,751.0,901.0,1116.0,735.0,1273.0,956.0,1636.0,666.0,1801.0,877.0
32878,31:30.000,31:30.013,3,575.0,570.0,750.0,809.0,1634.0,581.0,1800.0,793.0,1112.0,636.0,1269.0,863.0
32893,31:30.500,31:30.513,3,567.0,601.0,741.0,842.0,1624.0,606.0,1787.0,816.0,1103.0,671.0,1260.0,894.0
32908,31:31.000,31:31.013,3,569.0,574.0,743.0,817.0,1113.0,650.0,1272.0,882.0,1629.0,589.0,1789.0,794.0
32923,31:31.500,31:31.515,3,578.0,562.0,752.0,803.0,1634.0,577.0,1796.0,787.0,1119.0,640.0,1275.0,868.0
32938,31:32.000,31:32.015,3,572.0,566.0,748.0,808.0,1108.0,632.0,1265.0,860.0,1629.0,576.0,1790.0,785.0
32953,31:32.500,31:32.515,3,580.0,520.0,757.0,767.0,1638.0,528.0,1803.0,743.0,1096.0,589.0,1258.0,812.0
32968,31:33.000,31:33.015,3,1641.0,534.0,1806.0,749.0,585.0,523.0,759.0,766.0,1120.0,596.0,1275.0,815.0
32983,31:33.500,31:33.515,3,597.0,539.0,770.0,783.0,1118.0,609.0,1277.0,833.0,1646.0,559.0,1812.0,768.0
32998,31:34.000,31:34.015,3,592.0,550.0,764.0,793.0,1130.0,621.0,1287.0,840.0,1644.0,571.0,1810.0,778.0
33013,31:34.500,31:34.515,3,597.0,540.0,770.0,783.0,1138.0,611.0,1294.0,833.0,1650.0,563.0,1815.0,773.0
33028,31:35.000,31:35.015,3,1667.0,526.0,1836.0,741.0,1149.0,580.0,1304.0,797.0,627.0,505.0,805.0,746.0
33043,31:35.500,31:35.517,3,1669.0,534.0,1838.0,753.0,1153.0,595.0,1311.0,812.0,635.0,516.0,807.0,758.0
33058,31:36.000,31:36.017,3,1669.0,537.0,1837.0,757.0,637.0,521.0,809.0,762.0,1152.0,599.0,1308.0,816.0
33073,31:36.500,31:36.517,3,1672.0,536.0,1840.0,759.0,638.0,518.0,811.0,759.0,1153.0,599.0,1310.0,816.0
33088,31:37.000,31:37.017,3,1671.0,545.0,1840.0,765.0,638.0,527.0,810.0,767.0,1153.0,608.0,1310.0,822.0
33103,31:37.500,31:37.517,3,1668.0,446.0,1840.0,671.0,616.0,432.0,796.0,679.0,1143.0,506.0,1301.0,733.0
33118,31:38.000,31:38.017,3,1661.0,526.0,1828.0,738.0,1151.0,585.0,1309.0,806.0,620.0,508.0,797.0,747.0
33133,31:38.500,31:38.508,3,1650.0,525.0,1819.0,738.0,618.0,504.0,794.0,749.0,1132.0,589.0,1291.0,810.0
33148,31:39.000,31:39.008,3,1129.0,583.0,1290.0,805.0,1650.0,516.0,1820.0,733.0,617.0,498.0,795.0,741.0
33163,31:39.500,31:39.510,3,613.0,491.0,792.0,735.0,1136.0,577.0,1295.0,797.0,1656.0,511.0,1824.0,725.0
33178,31:40.000,31:40.010,3,1669.0,505.0,1842.0,719.0,612.0,487.0,790.0,731.0,1136.0,571.0,1294.0,795.0
33193,31:40.500,31:40.510,3,598.0,454.0,774.0,698.0,1659.0,473.0,1832.0,690.0,1125.0,535.0,1285.0,762.0
33208,31:41.000,31:41.010,3,603.0,539.0,778.0,783.0,1650.0,571.0,1819.0,780.0,1122.0,631.0,1279.0,853.0
33223,31:41.500,31:41.510,3,600.0,541.0,775.0,788.0,1646.0,571.0,1814.0,782.0,1117.0,630.0,1274.0,855.0
33238,31:42.000,31:42.010,3,612.0,534.0,785.0,776.0,1658.0,552.0,1827.0,769.0,1126.0,621.0,1283.0,843.0
33253,31:42.500,31:42.510,3,587.0,453.0,767.0,697.0,1648.0,499.0,1817.0,714.0,1112.0,550.0,1270.0,778.0
33268,31:43.000,31:43.010,3,1626.0,530.0,1795.0,742.0,571.0,482.0,749.0,728.0,1095.0,580.0,1253.0,807.0
33283,31:43.500,31:43.510,3,1615.0,525.0,1782.0,742.0,562.0,482.0,740.0,729.0,1089.0,579.0,1246.0,809.0
33298,31:44.000,31:44.012,3,647.0,488.0,821.0,731.0,1679.0,522.0,1851.0,742.0,1160.0,577.0,1319.0,803.0
33313,31:44.500,31:44.512,3,1617.0,528.0,1781.0,740.0,574.0,506.0,751.0,748.0,1103.0,587.0,1262.0,819.0
33328,31:45.000,31:45.012,3,519.0,520.0,700.0,771.0,1563.0,573.0,1722.0,777.0,1051.0,619.0,1211.0,844.0
33343,31:45.500,31:45.512,3,534.0,503.0,714.0,748.0,1063.0,608.0,1224.0,836.0,1575.0,575.0,1735.0,774.0
33358,31:46.000,31:46.012,3,601.0,618.0,776.0,862.0,1640.0,657.0,1804.0,863.0,1116.0,708.0,1273.0,930.0
33373,31:46.500,31:46.512,3,531.0,559.0,714.0,806.0,1586.0,590.0,1749.0,800.0,1066.0,653.0,1226.0,882.0
33388,31:47.000,31:47.012,3,524.0,574.0,704.0,816.0,1075.0,683.0,1233.0,913.0,1583.0,634.0,1744.0,835.0
33403,31:47.500,31:47.512,3,556.0,581.0,732.0,823.0,1084.0,684.0,1242.0,912.0,1603.0,635.0,1765.0,838.0
33418,31:48.000,31:48.013,3,583.0,556.0,759.0,803.0,1626.0,602.0,1788.0,809.0,1097.0,659.0,1255.0,881.0
33433,31:48.500,31:48.513,3,581.0,574.0,757.0,816.0,1622.0,607.0,1783.0,816.0,1099.0,665.0,1256.0,897.0
33448,31:49.000,31:49.013,3,1634.0,532.0,1801.0,751.0,1104.0,591.0,1265.0,819.0,578.0,503.0,756.0,750.0
33463,31:49.500,31:49.513,3,476.0,425.0,667.0,683.0,1554.0,474.0,1716.0,682.0,1031.0,517.0,1189.0,742.0
33478,31:50.000,31:50.013,3,424.0,388.0,619.0,652.0,1006.0,477.0,1166.0,708.0,1522.0,429.0,1685.0,652.0
33493,31:50.500,31:50.513,3,563.0,427.0,743.0,683.0,1124.0,517.0,1284.0,748.0,1644.0,455.0,1811.0,669.0
33508,31:51.000,31:51.013,3,1723.0,484.0,1894.0,703.0,658.0,483.0,828.0,729.0,1202.0,558.0,1360.0,790.0
33523,31:51.500,31:51.513,3,243.0,529.0,451.0,797.0,856.0,623.0,1021.0,855.0,1365.0,568.0,1517.0,769.0
33538,31:52.000,31:52.015,3,775.0,591.0,945.0,828.0,1296.0,535.0,1447.0,753.0,135.0,485.0,358.0,764.0
33553,31:52.500,31:52.515,3,780.0,606.0,951.0,842.0,151.0,501.0,368.0,775.0,1303.0,559.0,1456.0,767.0
33568,31:53.000,31:53.015,3,155.0,511.0,374.0,783.0,781.0,621.0,952.0,857.0,1308.0,579.0,1460.0,780.0
33583,31:53.500,31:53.515,3,154.0,598.0,370.0,863.0,775.0,699.0,946.0,932.0,1301.0,653.0,1452.0,857.0
33598,31:54.000,31:54.015,3,764.0,612.0,937.0,846.0,133.0,525.0,355.0,799.0,1288.0,550.0,1439.0,759.0
33613,31:54.500,31:54.515,3,863.0,693.0,1027.0,921.0,274.0,611.0,476.0,870.0,1380.0,634.0,1533.0,836.0
33628,31:55.000,31:55.015,3,421.0,752.0,612.0,1006.0,967.0,869.0,1127.0,1100.0,1483.0,837.0,1639.0,1044.0
33643,31:55.500,31:55.515,3,1617.0,521.0,1786.0,743.0,552.0,313.0,738.0,569.0,1090.0,489.0,1250.0,729.0
33658,31:56.000,31:56.015,3,780.0,177.0,962.0,441.0,1796.0,494.0,1986.0,726.0,1261.0,414.0,1427.0,652.0
33673,31:56.500,31:56.517,3,386.0,406.0,582.0,668.0,926.0,584.0,1087.0,812.0,1437.0,601.0,1589.0,803.0
33688,31:57.000,31:57.017,3,1139.0,244.0,1305.0,496.0,1690.0,243.0,1865.0,469.0,610.0,95.0,795.0,361.0
33703,31:57.500,31:57.517,3,726.0,426.0,895.0,668.0,1783.0,532.0,1955.0,748.0,1216.0,555.0,1373.0,782.0
33719,31:58.000,31:58.017,3,1764.0,665.0,1933.0,878.0,711.0,634.0,880.0,865.0,1206.0,729.0,1362.0,958.0
33734,31:58.500,31:58.517,3,1668.0,539.0,1838.0,765.0,601.0,522.0,779.0,767.0,1118.0,625.0,1277.0,855.0
33749,31:59.000,31:59.008,3,430.0,568.0,622.0,819.0,977.0,664.0,1140.0,897.0,1505.0,589.0,1663.0,795.0
33764,31:59.500,31:59.508,3,229.0,633.0,438.0,902.0,820.0,736.0,987.0,970.0,1337.0,661.0,1487.0,864.0
33779,32:00.000,32:00.008,3,765.0,723.0,934.0,957.0,163.0,615.0,380.0,884.0,1298.0,662.0,1445.0,860.0
33794,32:00.500,32:00.510,3,104.0,617.0,331.0,892.0,735.0,736.0,906.0,972.0,1266.0,688.0,1412.0,882.0
33809,32:01.000,32:01.010,3,157.0,584.0,376.0,847.0,774.0,715.0,940.0,947.0,1299.0,680.0,1448.0,877.0
33824,32:01.500,32:01.510,3,268.0,536.0,473.0,799.0,856.0,654.0,1020.0,885.0,1405.0,616.0,1549.0,809.0
33839,32:02.000,32:02.010,3,599.0,596.0,774.0,830.0,1674.0,598.0,1833.0,795.0,1118.0,671.0,1276.0,891.0
33854,32:02.500,32:02.510,3,677.0,653.0,846.0,886.0,1187.0,755.0,1346.0,981.0,1751.0,696.0,1917.0,897.0
33869,32:03.000,32:03.010,3,749.0,641.0,910.0,864.0,1247.0,757.0,1406.0,979.0,1805.0,688.0,1963.0,894.0
33884,32:03.500,32:03.510,3,729.0,613.0,889.0,826.0,1248.0,736.0,1407.0,959.0,1767.0,683.0,1918.0,884.0
33899,32:04.000,32:04.010,3,1253.0,718.0,1414.0,937.0,748.0,581.0,906.0,792.0,1745.0,689.0,1892.0,880.0
33914,32:04.500,32:04.512,3,1211.0,725.0,1371.0,943.0,717.0,585.0,871.0,804.0,1714.0,677.0,1861.0,876.0
33929,32:05.000,32:05.012,3,149.0,641.0,351.0,889.0,774.0,806.0,941.0,1030.0,1292.0,769.0,1429.0,956.0
33944,32:05.500,32:05.512,3,733.0,757.0,901.0,992.0,69.0,595.0,286.0,861.0,1262.0,748.0,1405.0,935.0
33959,32:06.000,32:06.012,3,56.0,579.0,270.0,837.0,723.0,739.0,892.0,972.0,1256.0,735.0,1400.0,920.0
33974,32:06.500,32:06.512,3,34.0,563.0,257.0,826.0,701.0,713.0,871.0,944.0,1229.0,737.0,1375.0,917.0
33989,32:07.000,32:07.012,3,697.0,715.0,868.0,944.0,27.0,608.0,258.0,875.0,1246.0,725.0,1394.0,927.0
34004,32:07.500,32:07.512,2,440.0,918.0,643.0,1156.0,1087.0,858.0,1234.0,1058.0,,,,
34019,32:08.000,32:08.012,2,539.0,724.0,740.0,949.0,1178.0,665.0,1328.0,868.0,,,,
34034,32:08.500,32:08.512,2,543.0,726.0,742.0,930.0,1188.0,652.0,1338.0,855.0,,,,
34049,32:09.000,32:09.013,2,1165.0,633.0,1315.0,834.0,548.0,768.0,739.0,938.0,,,,
34064,32:09.500,32:09.513,2,1167.0,625.0,1318.0,825.0,559.0,766.0,748.0,934.0,,,,
34079,32:10.000,32:10.013,2,571.0,643.0,759.0,894.0,1186.0,639.0,1325.0,834.0,,,,
34094,32:10.500,32:10.513,3,1122.0,616.0,1279.0,833.0,567.0,538.0,725.0,761.0,1740.0,570.0,1883.0,773.0
34109,32:11.000,32:11.013,3,956.0,649.0,1113.0,868.0,365.0,538.0,542.0,775.0,1551.0,631.0,1683.0,828.0
34124,32:11.500,32:11.513,3,793.0,672.0,957.0,889.0,135.0,559.0,331.0,805.0,1370.0,646.0,1496.0,837.0
34139,32:12.000,32:12.013,1,290.0,715.0,464.0,929.0,,,,,,,,
34154,32:12.500,32:12.513,1,178.0,687.0,377.0,912.0,,,,,,,,
34169,32:13.000,32:13.015,3,395.0,527.0,571.0,765.0,990.0,622.0,1149.0,842.0,1506.0,571.0,1658.0,771.0
34184,32:13.500,32:13.515,1,2117.0,803.0,2332.0,1059.0,,,,,,,,
34199,32:14.000,32:14.015,1,2168.0,841.0,2392.0,1099.0,,,,,,,,
34214,32:14.500,32:14.515,1,1995.0,820.0,2194.0,1066.0,,,,,,,,
34229,32:15.000,32:15.015,3,221.0,808.0,421.0,1062.0,835.0,885.0,1001.0,1117.0,1392.0,807.0,1542.0,1013.0
34244,32:15.500,32:15.515,3,550.0,932.0,729.0,1175.0,1616.0,857.0,1775.0,1078.0,1077.0,981.0,1241.0,1215.0
34259,32:16.000,32:16.015,3,1726.0,861.0,1898.0,1083.0,726.0,943.0,895.0,1178.0,1212.0,983.0,1374.0,1220.0
34274,32:16.500,32:16.515,3,1802.0,801.0,1982.0,1023.0,1285.0,892.0,1445.0,1120.0,838.0,845.0,993.0,1061.0
34289,32:17.000,32:17.015,3,1645.0,783.0,1813.0,992.0,706.0,817.0,867.0,1038.0,1172.0,865.0,1328.0,1087.0
34304,32:17.500,32:17.517,3,1614.0,854.0,1781.0,1063.0,1136.0,937.0,1293.0,1160.0,655.0,892.0,822.0,1121.0
34319,32:18.000,32:18.017,3,1583.0,849.0,1748.0,1057.0,626.0,900.0,792.0,1134.0,1108.0,934.0,1263.0,1158.0
34334,32:18.500,32:18.517,3,1602.0,840.0,1766.0,1060.0,640.0,915.0,802.0,1139.0,1115.0,936.0,1270.0,1161.0
34349,32:19.000,32:19.008,3,1656.0,860.0,1821.0,1076.0,1153.0,962.0,1310.0,1187.0,679.0,946.0,842.0,1175.0
34364,32:19.500,32:19.508,3,1843.0,562.0,2027.0,787.0,1304.0,648.0,1464.0,871.0,851.0,613.0,1005.0,834.0
34379,32:20.000,32:20.008,2,1924.0,175.0,2145.0,466.0,1405.0,148.0,1567.0,394.0,,,,
34394,32:20.500,32:20.508,1,1183.0,79.0,1349.0,307.0,,,,,,,,
34409,32:21.000,32:21.008,1,1165.0,78.0,1333.0,314.0,,,,,,,,
34424,32:21.500,32:21.510,1,1134.0,73.0,1303.0,292.0,,,,,,,,
34439,32:22.000,32:22.010,1,1136.0,90.0,1304.0,329.0,,,,,,,,
34454,32:22.500,32:22.510,3,648.0,481.0,809.0,718.0,1110.0,557.0,1263.0,777.0,1672.0,537.0,1820.0,739.0
34469,32:23.000,32:23.010,3,617.0,453.0,787.0,691.0,1098.0,538.0,1252.0,762.0,1661.0,515.0,1808.0,719.0
34484,32:23.500,32:23.510,3,618.0,588.0,784.0,817.0,1095.0,670.0,1249.0,888.0,1656.0,634.0,1795.0,840.0
34499,32:24.000,32:24.010,3,1076.0,706.0,1234.0,926.0,625.0,634.0,791.0,860.0,1631.0,658.0,1776.0,868.0
34514,32:24.500,32:24.510,3,1063.0,670.0,1222.0,890.0,624.0,590.0,789.0,822.0,1600.0,601.0,1747.0,807.0
34529,32:25.000,32:25.010,3,1054.0,685.0,1214.0,902.0,615.0,601.0,784.0,835.0,1574.0,626.0,1732.0,828.0
34544,32:25.500,32:25.512,3,1570.0,621.0,1732.0,825.0,1056.0,685.0,1215.0,904.0,612.0,598.0,782.0,831.0
34559,32:26.000,32:26.012,3,1057.0,684.0,1215.0,901.0,612.0,595.0,780.0,826.0,1574.0,618.0,1714.0,817.0
34574,32:26.500,32:26.512,3,1058.0,683.0,1217.0,901.0,600.0,596.0,765.0,828.0,1594.0,621.0,1733.0,817.0
34589,32:27.000,32:27.012,3,530.0,586.0,704.0,827.0,1053.0,682.0,1209.0,900.0,1600.0,617.0,1732.0,810.0
34604,32:27.500,32:27.512,3,688.0,655.0,858.0,889.0,19.0,541.0,251.0,811.0,1260.0,617.0,1381.0,802.0
34619,32:28.000,32:28.012,3,1561.0,772.0,1732.0,1007.0,1069.0,691.0,1221.0,905.0,2262.0,717.0,2445.0,952.0
34634,32:28.500,32:28.512,0,,,,,,,,,,,,
34649,32:29.000,32:29.012,0,,,,,,,,,,,,
34664,32:29.500,32:29.512,2,1522.0,760.0,1679.0,969.0,2224.0,910.0,2470.0,1199.0,,,,
34679,32:30.000,32:30.013,3,0.0,699.0,205.0,962.0,769.0,822.0,926.0,1052.0,1300.0,792.0,1426.0,978.0
34694,32:30.500,32:30.513,1,501.0,832.0,643.0,1035.0,,,,,,,,
34709,32:31.000,32:31.013,0,,,,,,,,,,,,
34724,32:31.500,32:31.513,0,,,,,,,,,,,,
34739,32:32.000,32:32.013,0,,,,,,,,,,,,
34754,32:32.500,32:32.513,1,-42.0,553.0,155.0,795.0,,,,,,,,
34769,32:33.000,32:33.013,1,-20.0,580.0,175.0,819.0,,,,,,,,
34784,32:33.500,32:33.513,1,-23.0,565.0,174.0,798.0,,,,,,,,
34799,32:34.000,32:34.015,3,1197.0,788.0,1349.0,1007.0,587.0,648.0,748.0,872.0,1732.0,752.0,1878.0,950.0
34814,32:34.500,32:34.515,3,1248.0,758.0,1403.0,984.0,652.0,630.0,808.0,849.0,1797.0,724.0,1944.0,926.0
34829,32:35.000,32:35.015,2,387.0,721.0,585.0,976.0,999.0,674.0,1126.0,857.0,,,,
34844,32:35.500,32:35.515,0,,,,,,,,,,,,
34859,32:36.000,32:36.015,0,,,,,,,,,,,,
34874,32:36.500,32:36.515,0,,,,,,,,,,,,
34889,32:37.000,32:37.015,0,,,,,,,,,,,,
34904,32:37.500,32:37.515,0,,,,,,,,,,,,
34919,32:38.000,32:38.017,2,298.0,747.0,483.0,998.0,1056.0,715.0,1164.0,894.0,,,,
34934,32:38.500,32:38.517,3,1387.0,791.0,1533.0,1013.0,2165.0,764.0,2318.0,980.0,878.0,652.0,1019.0,860.0
34949,32:39.000,32:39.008,2,1512.0,909.0,1670.0,1141.0,1000.0,775.0,1140.0,984.0,,,,
34964,32:39.500,32:39.508,3,1254.0,611.0,1398.0,831.0,735.0,487.0,881.0,701.0,1973.0,553.0,2113.0,766.0
34979,32:40.000,32:40.008,3,868.0,619.0,1027.0,839.0,1974.0,675.0,2155.0,893.0,1316.0,734.0,1464.0,952.0
34994,32:40.500,32:40.508,3,1945.0,617.0,2140.0,840.0,923.0,582.0,1075.0,804.0,1312.0,690.0,1461.0,907.0
35009,32:41.000,32:41.008,3,1534.0,612.0,1694.0,818.0,945.0,684.0,1098.0,902.0,604.0,581.0,758.0,809.0
35024,32:41.500,32:41.508,3,547.0,672.0,725.0,906.0,148.0,565.0,325.0,816.0,1166.0,579.0,1312.0,780.0
35039,32:42.000,32:42.008,2,-14.0,713.0,229.0,988.0,757.0,613.0,914.0,814.0,,,,
35054,32:42.500,32:42.510,1,623.0,695.0,787.0,892.0,,,,,,,,
35069,32:43.000,32:43.010,2,46.0,797.0,278.0,1072.0,791.0,742.0,948.0,937.0,,,,
35084,32:43.500,32:43.510,2,8.0,823.0,247.0,1107.0,771.0,825.0,926.0,1005.0,,,,
35099,32:44.000,32:44.010,0,,,,,,,,,,,,
35114,32:44.500,32:44.510,0,,,,,,,,,,,,
35129,32:45.000,32:45.010,0,,,,,,,,,,,,
35144,32:45.500,32:45.510,0,,,,,,,,,,,,
35159,32:46.000,32:46.010,2,136.0,783.0,336.0,1051.0,751.0,704.0,903.0,901.0,,,,
35174,32:46.500,32:46.512,2,867.0,729.0,1016.0,926.0,356.0,816.0,501.0,1054.0,,,,
35189,32:47.000,32:47.012,2,851.0,717.0,996.0,915.0,348.0,817.0,477.0,1046.0,,,,
35204,32:47.500,32:47.512,2,857.0,718.0,1004.0,905.0,352.0,820.0,480.0,1048.0,,,,
35219,32:48.000,32:48.012,2,841.0,732.0,979.0,921.0,306.0,843.0,441.0,1070.0,,,,
35234,32:48.500,32:48.512,2,825.0,731.0,968.0,922.0,299.0,843.0,439.0,1069.0,,,,
35249,32:49.000,32:49.012,2,811.0,726.0,960.0,919.0,294.0,842.0,436.0,1072.0,,,,
35264,32:49.500,32:49.512,2,711.0,720.0,866.0,923.0,132.0,826.0,303.0,1082.0,,,,
35279,32:50.000,32:50.012,1,536.0,661.0,702.0,877.0,,,,,,,,
35294,32:50.500,32:50.513,1,337.0,631.0,518.0,843.0,,,,,,,,
35309,32:51.000,32:51.013,1,205.0,622.0,400.0,841.0,,,,,,,,
35324,32:51.500,32:51.513,1,208.0,611.0,405.0,833.0,,,,,,,,
35339,32:52.000,32:52.013,1,206.0,614.0,404.0,837.0,,,,,,,,
35354,32:52.500,32:52.513,1,175.0,600.0,388.0,830.0,,,,,,,,
35369,32:53.000,32:53.013,3,796.0,747.0,961.0,977.0,290.0,609.0,488.0,867.0,1331.0,716.0,1481.0,912.0
35384,32:53.500,32:53.513,3,2015.0,780.0,2220.0,1008.0,1409.0,767.0,1573.0,997.0,1021.0,627.0,1175.0,855.0
35399,32:54.000,32:54.013,3,1362.0,734.0,1525.0,961.0,1971.0,743.0,2168.0,962.0,981.0,608.0,1135.0,834.0
35414,32:54.500,32:54.513,3,1027.0,698.0,1186.0,922.0,1588.0,684.0,1750.0,891.0,620.0,573.0,791.0,812.0
35429,32:55.000,32:55.015,2,209.0,610.0,434.0,882.0,898.0,572.0,1048.0,775.0,,,,
35444,32:55.500,32:55.515,3,439.0,626.0,637.0,880.0,1068.0,595.0,1214.0,799.0,-79.0,493.0,138.0,785.0
35459,32:56.000,32:56.015,3,461.0,727.0,656.0,982.0,1086.0,716.0,1231.0,909.0,-21.0,596.0,188.0,879.0
35474,32:56.500,32:56.515,3,482.0,724.0,678.0,975.0,-7.0,624.0,211.0,900.0,1103.0,660.0,1248.0,863.0
35489,32:57.000,32:57.015,3,517.0,707.0,707.0,955.0,31.0,591.0,249.0,870.0,1131.0,658.0,1277.0,862.0
35504,32:57.500,32:57.515,1,517.0,642.0,687.0,853.0,,,,,,,,
35519,32:58.000,32:58.015,1,333.0,612.0,522.0,838.0,,,,,,,,
35534,32:58.500,32:58.515,1,305.0,628.0,497.0,855.0,,,,,,,,
35549,32:59.000,32:59.008,1,250.0,638.0,450.0,865.0,,,,,,,,
35564,32:59.500,32:59.508,1,310.0,786.0,488.0,1016.0,,,,,,,,
35579,33:00.000,33:00.008,3,960.0,808.0,1124.0,1034.0,584.0,733.0,742.0,960.0,1498.0,740.0,1642.0,937.0
35594,33:00.500,33:00.508,2,2009.0,822.0,2233.0,1088.0,1597.0,708.0,1758.0,936.0,,,,
35609,33:01.000,33:01.008,0,,,,,,,,,,,,
35624,33:01.500,33:01.508,1,2174.0,670.0,2400.0,939.0,,,,,,,,
35639,33:02.000,33:02.008,3,1032.0,640.0,1194.0,865.0,1609.0,600.0,1773.0,811.0,393.0,532.0,563.0,773.0
35654,33:02.500,33:02.508,2,-13.0,598.0,235.0,893.0,745.0,582.0,905.0,790.0,,,,
35669,33:03.000,33:03.010,1,596.0,619.0,767.0,835.0,,,,,,,,
35684,33:03.500,33:03.510,1,547.0,623.0,718.0,836.0,,,,,,,,
35699,33:04.000,33:04.010,1,497.0,625.0,674.0,855.0,,,,,,,,
35714,33:04.500,33:04.510,1,233.0,677.0,434.0,907.0,,,,,,,,
35729,33:05.000,33:05.010,2,424.0,784.0,623.0,1037.0,1038.0,722.0,1185.0,925.0,,,,
35744,33:05.500,33:05.510,2,644.0,772.0,821.0,1009.0,1212.0,726.0,1359.0,924.0,,,,
35759,33:06.000,33:06.010,3,958.0,950.0,1121.0,1191.0,1502.0,879.0,1658.0,1095.0,304.0,995.0,507.0,1199.0
35774,33:06.500,33:06.510,3,1798.0,721.0,1980.0,943.0,1246.0,775.0,1406.0,999.0,668.0,791.0,841.0,971.0
35789,33:07.000,33:07.010,3,626.0,811.0,798.0,1035.0,1718.0,850.0,1890.0,1056.0,1186.0,858.0,1344.0,1085.0
35804,33:07.500,33:07.512,3,201.0,856.0,405.0,1114.0,854.0,927.0,1018.0,1158.0,1375.0,917.0,1524.0,1104.0
35819,33:08.000,33:08.012,3,1005.0,885.0,1164.0,1111.0,400.0,822.0,576.0,1058.0,1526.0,864.0,1681.0,1054.0
35834,33:08.500,33:08.512,3,1039.0,788.0,1198.0,1010.0,1566.0,728.0,1725.0,930.0,425.0,711.0,592.0,946.0
35849,33:09.000,33:09.012,3,991.0,785.0,1149.0,1006.0,370.0,698.0,543.0,935.0,1514.0,721.0,1669.0,916.0
35864,33:09.500,33:09.512,3,1630.0,660.0,1791.0,870.0,1085.0,719.0,1241.0,942.0,496.0,619.0,658.0,847.0
35879,33:10.000,33:10.012,2,1889.0,731.0,2095.0,989.0,1299.0,640.0,1439.0,851.0,,,,
35894,33:10.500,33:10.512,2,2047.0,712.0,2275.0,987.0,1422.0,639.0,1566.0,852.0,,,,
35909,33:11.000,33:11.012,2,2107.0,688.0,2344.0,968.0,1468.0,616.0,1617.0,832.0,,,,
35924,33:11.500,33:11.513,1,1647.0,679.0,1805.0,899.0,,,,,,,,
35939,33:12.000,33:12.013,2,1842.0,713.0,2042.0,964.0,1278.0,630.0,1421.0,843.0,,,,
35954,33:12.500,33:12.513,3,1932.0,512.0,2126.0,736.0,1332.0,573.0,1495.0,801.0,806.0,464.0,957.0,689.0
35970,33:13.000,33:13.013,3,1769.0,545.0,1944.0,769.0,1199.0,603.0,1357.0,830.0,646.0,478.0,809.0,704.0
35985,33:13.500,33:13.513,3,1664.0,642.0,1833.0,855.0,1130.0,703.0,1286.0,914.0,546.0,591.0,712.0,806.0
36000,33:14.000,33:14.013,3,1711.0,694.0,1878.0,900.0,1234.0,771.0,1399.0,979.0,602.0,640.0,760.0,851.0
36015,33:14.500,33:14.513,2,1714.0,806.0,1916.0,1027.0,1081.0,654.0,1215.0,848.0,,,,
36030,33:15.000,33:15.013,2,2067.0,794.0,2320.0,1048.0,1353.0,663.0,1469.0,850.0,,,,
36045,33:15.500,33:15.515,1,2043.0,737.0,2274.0,1005.0,,,,,,,,
36060,33:16.000,33:16.015,2,1839.0,556.0,2022.0,774.0,1290.0,578.0,1444.0,803.0,,,,
36075,33:16.500,33:16.515,2,581.0,498.0,761.0,743.0,1121.0,464.0,1271.0,666.0,,,,
36090,33:17.000,33:17.015,2,659.0,428.0,836.0,674.0,1179.0,391.0,1330.0,600.0,,,,
36105,33:17.500,33:17.515,3,15.0,344.0,270.0,643.0,685.0,437.0,861.0,677.0,1195.0,397.0,1334.0,599.0
36120,33:18.000,33:18.015,3,677.0,499.0,849.0,736.0,65.0,419.0,311.0,720.0,1178.0,460.0,1321.0,662.0
36135,33:18.500,33:18.507,3,121.0,511.0,361.0,797.0,670.0,566.0,841.0,799.0,1180.0,541.0,1330.0,738.0
36150,33:19.000,33:19.007,3,645.0,572.0,817.0,805.0,66.0,511.0,315.0,805.0,1170.0,555.0,1319.0,753.0
36165,33:19.500,33:19.507,3,666.0,567.0,838.0,802.0,91.0,513.0,333.0,804.0,1202.0,566.0,1351.0,759.0
36180,33:20.000,33:20.008,3,836.0,548.0,998.0,778.0,324.0,492.0,536.0,764.0,1359.0,548.0,1510.0,740.0
36195,33:20.500,33:20.508,3,838.0,543.0,999.0,776.0,282.0,448.0,492.0,720.0,1359.0,518.0,1510.0,719.0
36210,33:21.000,33:21.008,3,791.0,537.0,956.0,772.0,190.0,422.0,401.0,693.0,1308.0,497.0,1457.0,699.0
36225,33:21.500,33:21.508,3,793.0,504.0,960.0,741.0,189.0,381.0,400.0,653.0,1313.0,462.0,1463.0,660.0
36240,33:22.000,33:22.008,3,774.0,377.0,943.0,625.0,142.0,248.0,370.0,533.0,1300.0,332.0,1454.0,550.0
36255,33:22.500,33:22.508,3,775.0,532.0,941.0,770.0,160.0,411.0,379.0,683.0,1292.0,483.0,1442.0,688.0
36270,33:23.000,33:23.008,3,783.0,544.0,949.0,778.0,173.0,422.0,386.0,691.0,1287.0,511.0,1441.0,710.0
36285,33:23.500,33:23.508,3,918.0,754.0,1079.0,980.0,366.0,626.0,562.0,877.0,1414.0,715.0,1569.0,910.0
36300,33:24.000,33:24.010,3,1715.0,763.0,1886.0,972.0,1195.0,801.0,1353.0,1030.0,748.0,699.0,900.0,912.0
36315,33:24.500,33:24.510,3,1566.0,730.0,1723.0,934.0,1057.0,802.0,1216.0,1017.0,605.0,686.0,761.0,907.0
36330,33:25.000,33:25.010,3,330.0,798.0,509.0,1042.0,884.0,927.0,1042.0,1135.0,1357.0,843.0,1504.0,1040.0
36345,33:25.500,33:25.510,3,761.0,716.0,921.0,930.0,73.0,616.0,294.0,880.0,1209.0,653.0,1353.0,856.0
36360,33:26.000,33:26.010,3,680.0,831.0,855.0,1051.0,1.0,745.0,225.0,1010.0,1163.0,760.0,1310.0,962.0
36375,33:26.500,33:26.510,3,1205.0,760.0,1364.0,976.0,1700.0,735.0,1870.0,945.0,702.0,658.0,861.0,885.0
36389,33:27.000,33:27.127,2,2082.0,845.0,2315.0,1118.0,1503.0,747.0,1663.0,968.0,,,,
36401,33:27.500,33:27.510,1,1628.0,728.0,1806.0,966.0,,,,,,,,
36416,33:28.000,33:28.012,1,1711.0,705.0,1895.0,950.0,,,,,,,,
36431,33:28.500,33:28.512,0,,,,,,,,,,,,
36446,33:29.000,33:29.012,0,,,,,,,,,,,,
36461,33:29.500,33:29.512,0,,,,,,,,,,,,
36476,33:30.000,33:30.012,0,,,,,,,,,,,,
36491,33:30.500,33:30.512,1,1695.0,582.0,1862.0,793.0,,,,,,,,
36506,33:31.000,33:31.012,2,1612.0,517.0,1784.0,741.0,2232.0,725.0,2461.0,1000.0,,,,
36521,33:31.500,33:31.512,1,1634.0,547.0,1806.0,775.0,,,,,,,,
36536,33:32.000,33:32.012,1,1710.0,721.0,1883.0,955.0,,,,,,,,
36551,33:32.500,33:32.513,1,1719.0,795.0,1899.0,1034.0,,,,,,,,
36566,33:33.000,33:33.013,1,1704.0,837.0,1879.0,1070.0,,,,,,,,
36581,33:33.500,33:33.513,1,1687.0,841.0,1865.0,1073.0,,,,,,,,
36596,33:34.000,33:34.013,3,592.0,854.0,758.0,1082.0,1204.0,932.0,1359.0,1154.0,1679.0,864.0,1829.0,1069.0
36611,33:34.500,33:34.513,3,404.0,848.0,590.0,1103.0,1042.0,923.0,1197.0,1145.0,1494.0,857.0,1630.0,1050.0
36626,33:35.000,33:35.013,2,88.0,881.0,318.0,1159.0,727.0,818.0,880.0,1010.0,,,,
36641,33:35.500,33:35.513,1,433.0,729.0,607.0,931.0,,,,,,,,
36656,33:36.000,33:36.013,1,258.0,699.0,449.0,908.0,,,,,,,,
36671,33:36.500,33:36.515,1,242.0,751.0,422.0,967.0,,,,,,,,
36686,33:37.000,33:37.015,2,442.0,840.0,630.0,1082.0,1017.0,788.0,1145.0,973.0,,,,
36701,33:37.500,33:37.515,3,701.0,869.0,868.0,1099.0,1230.0,789.0,1356.0,971.0,-94.0,831.0,160.0,1131.0
36716,33:38.000,33:38.015,3,672.0,861.0,843.0,1091.0,1189.0,771.0,1316.0,956.0,-104.0,828.0,140.0,1125.0
36731,33:38.500,33:38.507,3,658.0,865.0,827.0,1101.0,1144.0,781.0,1287.0,981.0,-111.0,821.0,139.0,1137.0
36746,33:39.000,33:39.007,3,691.0,846.0,857.0,1072.0,1168.0,778.0,1311.0,977.0,-127.0,814.0,162.0,1167.0
36761,33:39.500,33:39.507,3,1028.0,1027.0,1185.0,1254.0,367.0,984.0,566.0,1258.0,1484.0,944.0,1641.0,1150.0
36776,33:40.000,33:40.007,3,1915.0,1100.0,2117.0,1341.0,1423.0,1219.0,1592.0,1462.0,848.0,1172.0,1022.0,1414.0
36791,33:40.500,33:40.508,3,1947.0,1164.0,2154.0,1409.0,860.0,1182.0,1032.0,1420.0,1443.0,1271.0,1614.0,1502.0
36806,33:41.000,33:41.008,3,1932.0,1165.0,2137.0,1411.0,1431.0,1255.0,1603.0,1497.0,851.0,1153.0,1018.0,1389.0
36821,33:41.500,33:41.508,3,1696.0,1248.0,1875.0,1495.0,562.0,1239.0,738.0,1496.0,1221.0,1358.0,1379.0,1502.0
36836,33:42.000,33:42.008,3,1783.0,1231.0,1973.0,1477.0,640.0,1227.0,810.0,1480.0,1287.0,1339.0,1451.0,1499.0
36851,33:42.500,33:42.508,3,1957.0,1217.0,2172.0,1470.0,800.0,1264.0,959.0,1504.0,1443.0,1350.0,1612.0,1508.0
36866,33:43.000,33:43.008,3,2104.0,1063.0,2324.0,1316.0,1570.0,1193.0,1747.0,1450.0,947.0,1131.0,1096.0,1361.0
36881,33:43.500,33:43.508,3,1987.0,956.0,2196.0,1188.0,1497.0,1066.0,1666.0,1296.0,901.0,994.0,1044.0,1206.0
36896,33:44.000,33:44.008,3,2068.0,985.0,2284.0,1217.0,1551.0,1077.0,1724.0,1314.0,955.0,985.0,1100.0,1201.0
36911,33:44.500,33:44.508,3,1630.0,1009.0,1807.0,1242.0,2175.0,904.0,2404.0,1152.0,1031.0,918.0,1176.0,1133.0
36926,33:45.000,33:45.010,3,1626.0,1003.0,1803.0,1237.0,2183.0,896.0,2408.0,1143.0,1029.0,920.0,1174.0,1134.0
36941,33:45.500,33:45.510,3,1851.0,955.0,2038.0,1174.0,1375.0,1040.0,1536.0,1265.0,782.0,948.0,932.0,1171.0
36956,33:46.000,33:46.010,3,1900.0,963.0,2094.0,1189.0,1402.0,1039.0,1565.0,1267.0,816.0,946.0,965.0,1164.0
36971,33:46.500,33:46.510,3,1975.0,948.0,2171.0,1173.0,1431.0,1026.0,1596.0,1253.0,850.0,941.0,1002.0,1153.0
36986,33:47.000,33:47.010,3,1912.0,1009.0,2110.0,1223.0,1403.0,1039.0,1566.0,1267.0,829.0,945.0,984.0,1164.0
37001,33:47.500,33:47.510,3,1384.0,946.0,1544.0,1170.0,803.0,844.0,960.0,1065.0,1888.0,968.0,2080.0,1163.0
37016,33:48.000,33:48.010,3,1448.0,943.0,1613.0,1175.0,883.0,839.0,1033.0,1057.0,1997.0,1013.0,2203.0,1200.0
37031,33:48.500,33:48.510,3,1418.0,957.0,1580.0,1183.0,850.0,843.0,1002.0,1058.0,1964.0,1001.0,2161.0,1204.0
37046,33:49.000,33:49.012,3,1925.0,959.0,2120.0,1175.0,1394.0,993.0,1559.0,1227.0,829.0,879.0,981.0,1094.0
37061,33:49.500,33:49.512,3,1906.0,906.0,2094.0,1137.0,1380.0,980.0,1541.0,1213.0,806.0,874.0,961.0,1091.0
37076,33:50.000,33:50.012,3,1953.0,927.0,2132.0,1151.0,1385.0,970.0,1547.0,1201.0,811.0,865.0,964.0,1081.0
37091,33:50.500,33:50.512,3,1367.0,968.0,1527.0,1199.0,1968.0,936.0,2146.0,1160.0,790.0,863.0,943.0,1078.0
37106,33:51.000,33:51.012,3,1334.0,943.0,1495.0,1168.0,1949.0,954.0,2134.0,1162.0,740.0,839.0,878.0,1045.0
37121,33:51.500,33:51.512,3,1245.0,832.0,1400.0,1049.0,1798.0,892.0,1978.0,1066.0,639.0,728.0,782.0,941.0
37136,33:52.000,33:52.012,3,690.0,718.0,848.0,937.0,1255.0,819.0,1409.0,1033.0,1801.0,896.0,1980.0,1065.0
37151,33:52.500,33:52.512,3,709.0,699.0,870.0,920.0,1267.0,802.0,1420.0,1018.0,1804.0,887.0,1984.0,1060.0
37166,33:53.000,33:53.013,3,705.0,698.0,864.0,915.0,1262.0,796.0,1416.0,1013.0,1797.0,883.0,1978.0,1058.0
37181,33:53.500,33:53.513,3,706.0,695.0,864.0,913.0,1811.0,775.0,1989.0,1000.0,1263.0,793.0,1417.0,1010.0
37196,33:54.000,33:54.013,3,707.0,698.0,866.0,917.0,1833.0,759.0,1996.0,976.0,1264.0,800.0,1418.0,1013.0
37211,33:54.500,33:54.513,3,706.0,695.0,863.0,914.0,1261.0,795.0,1416.0,1011.0,1847.0,754.0,2006.0,974.0
37226,33:55.000,33:55.013,3,706.0,692.0,863.0,906.0,1261.0,791.0,1415.0,1007.0,1850.0,752.0,2009.0,965.0
37241,33:55.500,33:55.513,3,609.0,584.0,773.0,809.0,1178.0,698.0,1329.0,914.0,1727.0,668.0,1885.0,882.0
37256,33:56.000,33:56.013,3,1696.0,769.0,1868.0,987.0,637.0,681.0,797.0,903.0,1197.0,804.0,1349.0,1017.0
37271,33:56.500,33:56.513,3,1696.0,788.0,1865.0,1003.0,1200.0,816.0,1353.0,1029.0,639.0,685.0,802.0,906.0
37286,33:57.000,33:57.013,3,558.0,737.0,728.0,962.0,1616.0,856.0,1779.0,1066.0,1126.0,875.0,1279.0,1090.0
37301,33:57.500,33:57.515,3,588.0,696.0,756.0,920.0,1644.0,826.0,1807.0,1039.0,1147.0,838.0,1299.0,1054.0
37316,33:58.000,33:58.015,3,601.0,638.0,764.0,857.0,1666.0,762.0,1832.0,975.0,1155.0,783.0,1307.0,990.0
37331,33:58.500,33:58.515,3,1673.0,881.0,1838.0,1101.0,606.0,797.0,769.0,1025.0,1163.0,925.0,1322.0,1139.0
37346,33:59.000,33:59.007,3,558.0,793.0,733.0,1031.0,1636.0,863.0,1802.0,1073.0,1132.0,914.0,1287.0,1137.0
37361,33:59.500,33:59.507,3,588.0,738.0,761.0,971.0,1658.0,829.0,1822.0,1040.0,1150.0,873.0,1305.0,1090.0
37376,34:00.000,34:00.007,3,380.0,689.0,569.0,927.0,1471.0,780.0,1624.0,986.0,971.0,823.0,1127.0,1036.0
37391,34:00.500,34:00.507,3,394.0,585.0,583.0,831.0,974.0,760.0,1130.0,972.0,1479.0,748.0,1632.0,949.0
37406,34:01.000,34:01.007,3,447.0,572.0,631.0,811.0,1010.0,756.0,1166.0,962.0,1513.0,754.0,1668.0,951.0
37421,34:01.500,34:01.508,3,431.0,665.0,616.0,913.0,1505.0,768.0,1658.0,970.0,1006.0,812.0,1163.0,1018.0
37436,34:02.000,34:02.008,3,422.0,658.0,607.0,901.0,1002.0,776.0,1160.0,989.0,1503.0,720.0,1657.0,924.0
37451,34:02.500,34:02.508,3,416.0,627.0,602.0,874.0,996.0,752.0,1153.0,966.0,1510.0,698.0,1664.0,903.0
37466,34:03.000,34:03.008,3,301.0,716.0,494.0,963.0,903.0,838.0,1061.0,1050.0,1406.0,773.0,1554.0,978.0
37481,34:03.500,34:03.508,3,358.0,636.0,550.0,885.0,947.0,761.0,1106.0,971.0,1453.0,707.0,1606.0,907.0
37496,34:04.000,34:04.008,3,359.0,576.0,551.0,823.0,950.0,702.0,1110.0,914.0,1462.0,650.0,1611.0,854.0
37511,34:04.500,34:04.508,3,343.0,578.0,535.0,820.0,938.0,694.0,1096.0,906.0,1448.0,647.0,1598.0,842.0
37526,34:05.000,34:05.008,3,375.0,583.0,565.0,828.0,965.0,698.0,1125.0,910.0,1484.0,646.0,1640.0,849.0
37541,34:05.500,34:05.510,3,405.0,534.0,592.0,782.0,991.0,663.0,1147.0,879.0,1518.0,616.0,1673.0,819.0
37556,34:06.000,34:06.010,3,1927.0,704.0,2113.0,919.0,827.0,614.0,982.0,833.0,1348.0,734.0,1507.0,952.0
37571,34:06.500,34:06.510,2,1877.0,797.0,2075.0,1035.0,1314.0,669.0,1464.0,882.0,,,,
37586,34:07.000,34:07.010,3,1649.0,650.0,1813.0,865.0,550.0,593.0,719.0,822.0,1115.0,706.0,1274.0,919.0
37601,34:07.500,34:07.510,3,557.0,596.0,726.0,827.0,1661.0,656.0,1824.0,866.0,1122.0,711.0,1278.0,924.0
37616,34:08.000,34:08.010,2,386.0,832.0,594.0,1079.0,1002.0,771.0,1147.0,970.0,,,,
37631,34:08.500,34:08.510,2,666.0,740.0,830.0,950.0,-61.0,791.0,185.0,1067.0,,,,
37646,34:09.000,34:09.010,2,-4.0,705.0,251.0,982.0,705.0,670.0,867.0,884.0,,,,
37661,34:09.500,34:09.510,3,977.0,778.0,1143.0,993.0,361.0,702.0,540.0,938.0,1505.0,699.0,1661.0,902.0
37676,34:10.000,34:10.012,3,1058.0,723.0,1219.0,936.0,1606.0,670.0,1766.0,879.0,468.0,605.0,638.0,838.0
37691,34:10.500,34:10.512,3,1085.0,705.0,1243.0,919.0,1630.0,654.0,1789.0,858.0,496.0,588.0,665.0,820.0
37706,34:11.000,34:11.012,3,1088.0,705.0,1247.0,919.0,1629.0,654.0,1788.0,857.0,504.0,586.0,671.0,817.0
37721,34:11.500,34:11.512,3,1538.0,656.0,1692.0,867.0,406.0,573.0,582.0,808.0,1015.0,709.0,1172.0,918.0
37736,34:12.000,34:12.012,3,1563.0,660.0,1719.0,874.0,449.0,634.0,614.0,864.0,1045.0,735.0,1207.0,945.0
37751,34:12.500,34:12.512,3,1062.0,552.0,1225.0,774.0,1596.0,506.0,1759.0,715.0,459.0,428.0,627.0,668.0
37766,34:13.000,34:13.012,3,1744.0,507.0,1922.0,733.0,1177.0,549.0,1344.0,779.0,578.0,416.0,744.0,658.0
37781,34:13.500,34:13.512,3,1251.0,480.0,1420.0,718.0,1876.0,440.0,2069.0,684.0,636.0,347.0,802.0,593.0
37796,34:14.000,34:14.013,3,1259.0,439.0,1432.0,679.0,1902.0,402.0,2101.0,644.0,637.0,290.0,805.0,545.0
37811,34:14.500,34:14.513,3,1263.0,451.0,1427.0,679.0,1889.0,424.0,2070.0,651.0,673.0,301.0,836.0,543.0
37826,34:15.000,34:15.013,3,1263.0,425.0,1423.0,652.0,1861.0,386.0,2047.0,616.0,689.0,287.0,845.0,523.0
37841,34:15.500,34:15.513,3,1797.0,415.0,1982.0,648.0,1239.0,464.0,1401.0,690.0,668.0,342.0,825.0,572.0
37856,34:16.000,34:16.013,3,1234.0,541.0,1392.0,764.0,1774.0,482.0,1952.0,709.0,667.0,417.0,823.0,650.0
37871,34:16.500,34:16.513,3,1864.0,569.0,2047.0,783.0,1312.0,619.0,1471.0,842.0,762.0,512.0,910.0,727.0
37886,34:17.000,34:17.013,1,1598.0,708.0,1756.0,924.0,,,,,,,,
37901,34:17.500,34:17.513,2,2043.0,750.0,2264.0,1012.0,1385.0,682.0,1530.0,894.0,,,,
37916,34:18.000,34:18.015,3,1138.0,701.0,1293.0,916.0,517.0,609.0,679.0,839.0,1614.0,625.0,1771.0,831.0
37931,34:18.500,34:18.515,3,480.0,595.0,646.0,824.0,1111.0,693.0,1264.0,907.0,1585.0,626.0,1744.0,828.0
37946,34:19.000,34:19.015,3,491.0,581.0,658.0,807.0,1599.0,631.0,1762.0,831.0,1143.0,671.0,1291.0,886.0
37961,34:19.500,34:19.507,3,500.0,614.0,664.0,842.0,1145.0,711.0,1296.0,922.0,1623.0,722.0,1786.0,901.0
37976,34:20.000,34:20.007,3,516.0,595.0,678.0,827.0,1157.0,685.0,1309.0,899.0,1652.0,710.0,1818.0,898.0
37991,34:20.500,34:20.507,3,502.0,621.0,666.0,853.0,1143.0,708.0,1295.0,923.0,1632.0,720.0,1796.0,903.0
38006,34:21.000,34:21.007,3,519.0,641.0,687.0,873.0,1637.0,678.0,1806.0,879.0,1161.0,729.0,1314.0,941.0
38021,34:21.500,34:21.507,3,1626.0,645.0,1795.0,857.0,513.0,646.0,674.0,875.0,1155.0,725.0,1307.0,939.0
38036,34:22.000,34:22.007,3,1650.0,651.0,1818.0,861.0,537.0,653.0,698.0,882.0,1146.0,745.0,1303.0,958.0
38052,34:22.500,34:22.508,3,1655.0,658.0,1824.0,867.0,1159.0,760.0,1316.0,972.0,545.0,663.0,704.0,889.0
38067,34:23.000,34:23.008,3,1661.0,669.0,1828.0,884.0,553.0,658.0,714.0,882.0,1164.0,757.0,1321.0,971.0
38082,34:23.500,34:23.508,3,1685.0,662.0,1851.0,872.0,1184.0,748.0,1342.0,961.0,583.0,641.0,744.0,866.0
38097,34:24.000,34:24.008,1,1950.0,722.0,2141.0,965.0,,,,,,,,
38112,34:24.500,34:24.508,0,,,,,,,,,,,,
38127,34:25.000,34:25.008,0,,,,,,,,,,,,
38142,34:25.500,34:25.508,0,,,,,,,,,,,,
38157,34:26.000,34:26.008,1,1938.0,607.0,2138.0,862.0,,,,,,,,
38172,34:26.500,34:26.510,3,1834.0,296.0,2027.0,535.0,676.0,274.0,849.0,528.0,1256.0,366.0,1419.0,603.0
38187,34:27.000,34:27.010,2,606.0,413.0,790.0,660.0,1165.0,358.0,1316.0,568.0,,,,
38202,34:27.500,34:27.510,2,277.0,537.0,492.0,798.0,892.0,475.0,1047.0,679.0,,,,
38217,34:28.000,34:28.010,3,587.0,739.0,757.0,971.0,1151.0,658.0,1294.0,851.0,-113.0,712.0,156.0,1039.0
38232,34:28.500,34:28.510,2,275.0,808.0,475.0,1055.0,915.0,699.0,1062.0,895.0,,,,
38247,34:29.000,34:29.010,1,-91.0,777.0,109.0,1045.0,,,,,,,,
38262,34:29.500,34:29.510,0,,,,,,,,,,,,
38277,34:30.000,34:30.010,1,-67.0,802.0,109.0,1042.0,,,,,,,,
38292,34:30.500,34:30.512,1,32.0,773.0,248.0,1014.0,,,,,,,,
38307,34:31.000,34:31.012,1,14.0,785.0,238.0,1031.0,,,,,,,,
38322,34:31.500,34:31.512,2,381.0,1006.0,549.0,1258.0,1009.0,923.0,1154.0,1121.0,,,,
38337,34:32.000,34:32.012,3,1415.0,1067.0,1563.0,1278.0,430.0,1046.0,582.0,1284.0,859.0,1158.0,1005.0,1396.0
38352,34:32.500,34:32.512,3,1461.0,1085.0,1615.0,1300.0,906.0,1169.0,1053.0,1405.0,486.0,1046.0,637.0,1285.0
38367,34:33.000,34:33.012,3,909.0,1126.0,1055.0,1355.0,1459.0,1045.0,1611.0,1255.0,483.0,1005.0,638.0,1240.0
38382,34:33.500,34:33.512,3,908.0,974.0,1069.0,1197.0,1415.0,899.0,1565.0,1110.0,450.0,859.0,605.0,1093.0
38397,34:34.000,34:34.012,3,928.0,801.0,1087.0,1016.0,1419.0,750.0,1572.0,946.0,473.0,670.0,623.0,900.0
38412,34:34.500,34:34.512,3,823.0,768.0,988.0,988.0,315.0,640.0,488.0,883.0,1324.0,704.0,1470.0,899.0
38427,34:35.000,34:35.013,3,685.0,564.0,863.0,795.0,1205.0,487.0,1352.0,691.0,122.0,445.0,321.0,705.0
38442,34:35.500,34:35.513,3,627.0,511.0,810.0,752.0,18.0,389.0,238.0,669.0,1133.0,426.0,1284.0,641.0
38457,34:36.000,34:36.013,3,624.0,514.0,808.0,753.0,1159.0,421.0,1307.0,627.0,10.0,388.0,234.0,674.0
38472,34:36.500,34:36.513,3,633.0,545.0,815.0,786.0,25.0,430.0,246.0,703.0,1169.0,457.0,1314.0,663.0
38487,34:37.000,34:37.013,3,719.0,756.0,885.0,986.0,118.0,620.0,325.0,882.0,1235.0,691.0,1380.0,894.0
38502,34:37.500,34:37.513,3,780.0,689.0,942.0,916.0,177.0,552.0,376.0,813.0,1267.0,626.0,1414.0,829.0
38517,34:38.000,34:38.013,3,781.0,694.0,943.0,920.0,1248.0,625.0,1397.0,836.0,181.0,560.0,382.0,819.0
38532,34:38.500,34:38.513,3,857.0,753.0,1017.0,975.0,1327.0,675.0,1480.0,885.0,307.0,638.0,492.0,885.0
38547,34:39.000,34:39.015,3,967.0,780.0,1123.0,1001.0,1495.0,705.0,1645.0,904.0,482.0,682.0,648.0,916.0
38562,34:39.500,34:39.515,3,1531.0,667.0,1683.0,868.0,519.0,630.0,686.0,861.0,1017.0,749.0,1170.0,959.0
38577,34:40.000,34:40.015,3,1030.0,715.0,1181.0,925.0,539.0,607.0,707.0,839.0,1529.0,653.0,1680.0,849.0
38592,34:40.500,34:40.507,3,538.0,589.0,706.0,815.0,1038.0,698.0,1191.0,904.0,1531.0,651.0,1684.0,844.0
38607,34:41.000,34:41.007,3,540.0,585.0,709.0,812.0,1044.0,693.0,1194.0,901.0,1541.0,689.0,1700.0,872.0
38622,34:41.500,34:41.507,3,533.0,573.0,704.0,801.0,1039.0,680.0,1191.0,889.0,1567.0,700.0,1724.0,883.0
38637,34:42.000,34:42.007,3,525.0,572.0,696.0,799.0,1037.0,681.0,1187.0,886.0,1546.0,649.0,1701.0,842.0
38652,34:42.500,34:42.507,3,512.0,567.0,683.0,800.0,1033.0,680.0,1184.0,889.0,1516.0,617.0,1665.0,815.0
38667,34:43.000,34:43.008,3,494.0,583.0,668.0,818.0,1020.0,700.0,1169.0,906.0,1502.0,640.0,1649.0,837.0
38682,34:43.500,34:43.508,3,398.0,638.0,580.0,877.0,947.0,748.0,1099.0,959.0,1420.0,687.0,1568.0,880.0
38697,34:44.000,34:44.008,3,326.0,667.0,510.0,912.0,891.0,777.0,1047.0,993.0,1403.0,699.0,1552.0,898.0
38712,34:44.500,34:44.508,3,201.0,644.0,401.0,896.0,809.0,754.0,970.0,967.0,1335.0,680.0,1481.0,879.0
38727,34:45.000,34:45.008,3,162.0,597.0,367.0,854.0,793.0,702.0,956.0,920.0,1325.0,640.0,1467.0,831.0
38742,34:45.500,34:45.508,3,114.0,560.0,339.0,827.0,779.0,694.0,941.0,918.0,1294.0,650.0,1438.0,847.0
38757,34:46.000,34:46.008,3,99.0,568.0,318.0,833.0,782.0,716.0,943.0,935.0,1288.0,661.0,1432.0,862.0
38772,34:46.500,34:46.508,3,-12.0,655.0,220.0,924.0,710.0,794.0,874.0,1016.0,1201.0,735.0,1346.0,927.0
38787,34:47.000,34:47.008,3,-19.0,554.0,204.0,824.0,712.0,697.0,877.0,916.0,1176.0,684.0,1323.0,860.0
38802,34:47.500,34:47.510,3,65.0,481.0,285.0,753.0,781.0,628.0,943.0,850.0,1243.0,651.0,1391.0,824.0
38817,34:48.000,34:48.010,3,137.0,607.0,347.0,862.0,828.0,715.0,988.0,934.0,1299.0,721.0,1447.0,903.0
38832,34:48.500,34:48.510,3,213.0,691.0,416.0,934.0,884.0,779.0,1041.0,1001.0,1384.0,732.0,1527.0,923.0
38847,34:49.000,34:49.010,3,308.0,774.0,490.0,1021.0,961.0,880.0,1116.0,1101.0,1442.0,798.0,1592.0,1004.0
38862,34:49.500,34:49.510,3,380.0,781.0,558.0,1022.0,1022.0,886.0,1177.0,1106.0,1474.0,802.0,1629.0,1012.0
38877,34:50.000,34:50.010,3,74.0,861.0,286.0,1127.0,804.0,969.0,971.0,1202.0,1270.0,887.0,1421.0,1087.0
38892,34:50.500,34:50.510,2,663.0,454.0,838.0,700.0,1185.0,413.0,1338.0,627.0,,,,
38907,34:51.000,34:51.010,2,992.0,173.0,1162.0,417.0,1535.0,102.0,1713.0,338.0,,,,
38922,34:51.500,34:51.512,3,782.0,465.0,949.0,703.0,10.0,300.0,236.0,577.0,1299.0,411.0,1451.0,628.0
38937,34:52.000,34:52.012,3,783.0,591.0,948.0,819.0,26.0,449.0,248.0,712.0,1320.0,544.0,1466.0,742.0
38952,34:52.500,34:52.512,3,946.0,356.0,1108.0,591.0,240.0,218.0,445.0,480.0,1529.0,310.0,1679.0,525.0
38967,34:53.000,34:53.012,2,1093.0,175.0,1261.0,417.0,1720.0,127.0,1888.0,362.0,,,,
38982,34:53.500,34:53.512,2,279.0,401.0,494.0,666.0,987.0,407.0,1126.0,596.0,,,,
38997,34:54.000,34:54.012,1,529.0,565.0,686.0,742.0,,,,,,,,
39012,34:54.500,34:54.512,1,444.0,589.0,620.0,760.0,,,,,,,,
39027,34:55.000,34:55.012,1,197.0,591.0,399.0,767.0,,,,,,,,
39042,34:55.500,34:55.513,0,,,,,,,,,,,,
39057,34:56.000,34:56.013,0,,,,,,,,,,,,
39072,34:56.500,34:56.513,0,,,,,,,,,,,,
39087,34:57.000,34:57.013,0,,,,,,,,,,,,
39102,34:57.500,34:57.513,0,,,,,,,,,,,,
39117,34:58.000,34:58.013,2,608.0,684.0,774.0,891.0,-26.0,722.0,200.0,993.0,,,,
39132,34:58.500,34:58.513,2,-15.0,753.0,215.0,1018.0,637.0,709.0,798.0,913.0,,,,
39147,34:59.000,34:59.013,2,73.0,743.0,304.0,1010.0,713.0,703.0,871.0,901.0,,,,
39162,34:59.500,34:59.513,1,279.0,758.0,467.0,979.0,,,,,,,,
39177,35:00.000,35:00.007,1,9.0,653.0,229.0,894.0,,,,,,,,
39192,35:00.500,35:00.507,1,530.0,658.0,697.0,880.0,,,,,,,,
39207,35:01.000,35:01.007,2,180.0,674.0,400.0,928.0,803.0,660.0,955.0,862.0,,,,
39222,35:01.500,35:01.507,3,1673.0,736.0,1836.0,939.0,1171.0,743.0,1329.0,954.0,497.0,612.0,656.0,838.0
39237,35:02.000,35:02.007,2,1467.0,639.0,1628.0,861.0,2180.0,731.0,2424.0,1000.0,,,,
39252,35:02.500,35:02.507,1,1680.0,645.0,1853.0,882.0,,,,,,,,
39267,35:03.000,35:03.007,1,1589.0,696.0,1754.0,914.0,,,,,,,,
39282,35:03.500,35:03.507,3,1643.0,749.0,1826.0,983.0,1030.0,657.0,1181.0,877.0,2210.0,711.0,2407.0,947.0
39297,35:04.000,35:04.008,3,638.0,610.0,803.0,837.0,1261.0,722.0,1426.0,938.0,1738.0,721.0,1902.0,922.0
39312,35:04.500,35:04.508,3,401.0,522.0,584.0,769.0,1076.0,641.0,1238.0,857.0,1530.0,637.0,1682.0,830.0
39327,35:05.000,35:05.008,3,214.0,455.0,419.0,713.0,941.0,583.0,1105.0,799.0,1388.0,578.0,1539.0,775.0
39342,35:05.500,35:05.508,3,308.0,256.0,512.0,526.0,972.0,396.0,1137.0,631.0,1473.0,404.0,1625.0,609.0
39357,35:06.000,35:06.008,3,634.0,209.0,812.0,462.0,1244.0,341.0,1410.0,583.0,1771.0,368.0,1946.0,587.0
39372,35:06.500,35:06.508,3,669.0,137.0,848.0,382.0,1278.0,253.0,1451.0,505.0,1841.0,330.0,2032.0,554.0
39387,35:07.000,35:07.008,3,558.0,143.0,743.0,396.0,1182.0,269.0,1351.0,518.0,1742.0,338.0,1923.0,549.0
39402,35:07.500,35:07.508,3,1145.0,280.0,1318.0,527.0,1715.0,325.0,1889.0,533.0,502.0,136.0,670.0,382.0
39417,35:08.000,35:08.010,3,1165.0,312.0,1334.0,536.0,1738.0,291.0,1930.0,511.0,473.0,135.0,628.0,374.0
39432,35:08.500,35:08.510,3,1718.0,280.0,1910.0,510.0,1141.0,345.0,1308.0,561.0,456.0,160.0,645.0,417.0
39447,35:09.000,35:09.010,3,1113.0,296.0,1283.0,524.0,1717.0,221.0,1893.0,454.0,414.0,126.0,605.0,380.0
39462,35:09.500,35:09.510,1,1123.0,152.0,1295.0,374.0,,,,,,,,
39477,35:10.000,35:10.010,0,,,,,,,,,,,,
39492,35:10.500,35:10.510,3,1681.0,187.0,1864.0,423.0,1136.0,288.0,1304.0,518.0,458.0,104.0,653.0,364.0
39507,35:11.000,35:11.010,3,1858.0,292.0,2051.0,530.0,674.0,173.0,842.0,416.0,1294.0,374.0,1462.0,595.0
39522,35:11.500,35:11.510,1,1642.0,164.0,1833.0,410.0,,,,,,,,
39537,35:12.000,35:12.010,3,1440.0,237.0,1603.0,456.0,166.0,121.0,377.0,392.0,909.0,340.0,1082.0,562.0
39552,35:12.500,35:12.512,3,448.0,615.0,621.0,841.0,1577.0,656.0,1738.0,869.0,1071.0,785.0,1234.0,988.0
39567,35:13.000,35:13.012,3,436.0,750.0,612.0,976.0,1059.0,897.0,1221.0,1119.0,1571.0,809.0,1731.0,1013.0
39582,35:13.500,35:13.512,3,455.0,820.0,629.0,1051.0,1587.0,884.0,1749.0,1097.0,1085.0,1019.0,1242.0,1222.0
39597,35:14.000,35:14.012,3,593.0,756.0,756.0,974.0,1702.0,857.0,1869.0,1054.0,1208.0,983.0,1366.0,1155.0
39612,35:14.500,35:14.512,3,370.0,599.0,551.0,834.0,1511.0,681.0,1667.0,874.0,1039.0,795.0,1195.0,979.0
39627,35:15.000,35:15.012,3,359.0,124.0,555.0,387.0,1581.0,268.0,1751.0,480.0,1072.0,374.0,1235.0,578.0
39642,35:15.500,35:15.512,3,1676.0,237.0,1851.0,456.0,546.0,118.0,727.0,385.0,1153.0,347.0,1319.0,557.0
39657,35:16.000,35:16.012,3,1867.0,611.0,2051.0,815.0,787.0,511.0,946.0,736.0,1327.0,700.0,1487.0,895.0
39672,35:16.500,35:16.513,3,2004.0,679.0,2209.0,896.0,853.0,615.0,1008.0,830.0,1436.0,782.0,1598.0,987.0
39687,35:17.000,35:17.013,3,1646.0,809.0,1824.0,1017.0,1050.0,628.0,1199.0,840.0,2284.0,704.0,2483.0,947.0
39702,35:17.500,35:17.513,1,1967.0,641.0,2168.0,900.0,,,,,,,,
39717,35:18.000,35:18.013,2,1481.0,648.0,1641.0,875.0,2192.0,770.0,2427.0,1055.0,,,,
39732,35:18.500,35:18.513,1,404.0,530.0,590.0,755.0,,,,,,,,
39747,35:19.000,35:19.013,1,518.0,522.0,695.0,738.0,,,,,,,,
39762,35:19.500,35:19.513,1,497.0,508.0,680.0,728.0,,,,,,,,
39777,35:20.000,35:20.005,1,518.0,493.0,695.0,716.0,,,,,,,,
39792,35:20.500,35:20.505,1,552.0,489.0,727.0,710.0,,,,,,,,
39807,35:21.000,35:21.007,1,524.0,495.0,696.0,716.0,,,,,,,,
39822,35:21.500,35:21.507,1,513.0,512.0,686.0,725.0,,,,,,,,
39837,35:22.000,35:22.007,1,515.0,499.0,687.0,717.0,,,,,,,,
39852,35:22.500,35:22.507,1,612.0,619.0,778.0,831.0,,,,,,,,
39867,35:23.000,35:23.007,1,1250.0,1308.0,1399.0,1502.0,,,,,,,,
39882,35:23.500,35:23.507,0,,,,,,,,,,,,
39897,35:24.000,35:24.007,0,,,,,,,,,,,,
39912,35:24.500,35:24.507,0,,,,,,,,,,,,
39927,35:25.000,35:25.008,0,,,,,,,,,,,,
39942,35:25.500,35:25.508,0,,,,,,,,,,,,
39957,35:26.000,35:26.008,0,,,,,,,,,,,,
39972,35:26.500,35:26.508,0,,,,,,,,,,,,
39987,35:27.000,35:27.008,0,,,,,,,,,,,,
40002,35:27.500,35:27.508,2,1738.0,1032.0,1919.0,1245.0,992.0,962.0,1149.0,1182.0,,,,
40017,35:28.000,35:28.008,0,,,,,,,,,,,,
40032,35:28.500,35:28.508,0,,,,,,,,,,,,
40047,35:29.000,35:29.010,2,2081.0,671.0,2309.0,909.0,1431.0,569.0,1597.0,791.0,,,,
40062,35:29.500,35:29.510,1,535.0,574.0,698.0,794.0,,,,,,,,
40077,35:30.000,35:30.010,0,,,,,,,,,,,,
40092,35:30.500,35:30.510,1,579.0,699.0,741.0,910.0,,,,,,,,
40107,35:31.000,35:31.010,2,605.0,694.0,781.0,919.0,-100.0,855.0,139.0,1136.0,,,,
40122,35:31.500,35:31.510,1,522.0,710.0,712.0,939.0,,,,,,,,
40137,35:32.000,35:32.010,1,404.0,722.0,612.0,951.0,,,,,,,,
40152,35:32.500,35:32.510,1,450.0,709.0,654.0,928.0,,,,,,,,
40167,35:33.000,35:33.010,1,466.0,707.0,670.0,938.0,,,,,,,,
40182,35:33.500,35:33.512,2,464.0,707.0,668.0,936.0,-101.0,862.0,129.0,1157.0,,,,
40197,35:34.000,35:34.012,2,562.0,759.0,756.0,973.0,162.0,904.0,324.0,1157.0,,,,
40212,35:34.500,35:34.512,2,575.0,661.0,770.0,887.0,210.0,821.0,337.0,1054.0,,,,
40227,35:35.000,35:35.012,2,575.0,653.0,767.0,878.0,192.0,806.0,323.0,1039.0,,,,
40242,35:35.500,35:35.512,2,576.0,652.0,767.0,870.0,172.0,798.0,317.0,1036.0,,,,
40257,35:36.000,35:36.012,2,574.0,647.0,766.0,862.0,141.0,781.0,314.0,1035.0,,,,
40272,35:36.500,35:36.512,2,569.0,640.0,762.0,864.0,44.0,769.0,274.0,1048.0,,,,
40287,35:37.000,35:37.012,2,571.0,639.0,764.0,858.0,-34.0,778.0,231.0,1057.0,,,,
40302,35:37.500,35:37.513,2,575.0,638.0,768.0,855.0,-41.0,785.0,226.0,1066.0,,,,
40317,35:38.000,35:38.013,2,570.0,640.0,763.0,860.0,-44.0,768.0,228.0,1059.0,,,,
40332,35:38.500,35:38.513,2,315.0,850.0,539.0,1115.0,869.0,819.0,1035.0,1028.0,,,,
40347,35:39.000,35:39.013,3,590.0,691.0,760.0,917.0,1654.0,765.0,1817.0,964.0,1176.0,724.0,1322.0,942.0
40362,35:39.500,35:39.513,3,469.0,764.0,644.0,1000.0,1550.0,859.0,1708.0,1062.0,1063.0,828.0,1193.0,1044.0
40377,35:40.000,35:40.013,3,422.0,382.0,608.0,630.0,1552.0,483.0,1713.0,702.0,1051.0,488.0,1184.0,722.0
40392,35:40.500,35:40.513,3,400.0,180.0,595.0,442.0,1572.0,275.0,1728.0,500.0,1072.0,291.0,1211.0,537.0
40407,35:41.000,35:41.005,3,493.0,509.0,670.0,741.0,1573.0,593.0,1718.0,796.0,1119.0,605.0,1253.0,832.0
40422,35:41.500,35:41.507,3,470.0,583.0,645.0,817.0,1542.0,668.0,1685.0,874.0,1103.0,689.0,1237.0,904.0
40437,35:42.000,35:42.007,3,452.0,574.0,628.0,808.0,1092.0,676.0,1231.0,894.0,1523.0,654.0,1658.0,858.0
40452,35:42.500,35:42.507,3,432.0,573.0,613.0,811.0,1103.0,674.0,1262.0,894.0,1501.0,655.0,1638.0,858.0
40467,35:43.000,35:43.007,3,436.0,571.0,620.0,812.0,1091.0,675.0,1249.0,897.0,1480.0,665.0,1618.0,865.0
40482,35:43.500,35:43.507,3,459.0,585.0,634.0,820.0,1051.0,687.0,1209.0,901.0,1444.0,674.0,1579.0,869.0
40497,35:44.000,35:44.007,3,480.0,639.0,653.0,871.0,1060.0,743.0,1216.0,958.0,1455.0,726.0,1591.0,924.0
40512,35:44.500,35:44.507,3,1157.0,741.0,1315.0,959.0,633.0,648.0,787.0,869.0,1558.0,727.0,1700.0,923.0
40527,35:45.000,35:45.007,3,1254.0,730.0,1409.0,948.0,759.0,643.0,906.0,857.0,1674.0,713.0,1821.0,907.0
40542,35:45.500,35:45.507,3,1063.0,697.0,1222.0,910.0,525.0,600.0,690.0,828.0,1504.0,655.0,1646.0,857.0
40557,35:46.000,35:46.008,3,1022.0,663.0,1182.0,891.0,460.0,579.0,632.0,811.0,1472.0,632.0,1612.0,835.0
40572,35:46.500,35:46.508,3,1012.0,660.0,1171.0,885.0,446.0,576.0,619.0,806.0,1467.0,625.0,1600.0,829.0
40587,35:47.000,35:47.008,3,923.0,618.0,1088.0,844.0,326.0,515.0,512.0,763.0,1374.0,587.0,1507.0,777.0
40602,35:47.500,35:47.508,1,2004.0,782.0,2220.0,1047.0,,,,,,,,
40617,35:48.000,35:48.008,2,215.0,865.0,434.0,1140.0,777.0,819.0,911.0,1017.0,,,,
40632,35:48.500,35:48.508,0,,,,,,,,,,,,
40647,35:49.000,35:49.008,0,,,,,,,,,,,,
40662,35:49.500,35:49.508,1,-59.0,951.0,174.0,1207.0,,,,,,,,
40677,35:50.000,35:50.010,0,,,,,,,,,,,,
40692,35:50.500,35:50.510,0,,,,,,,,,,,,
40707,35:51.000,35:51.010,0,,,,,,,,,,,,
40722,35:51.500,35:51.510,0,,,,,,,,,,,,
40737,35:52.000,35:52.010,0,,,,,,,,,,,,
40752,35:52.500,35:52.510,0,,,,,,,,,,,,
40767,35:53.000,35:53.010,0,,,,,,,,,,,,
40782,35:53.500,35:53.510,1,466.0,871.0,651.0,1091.0,,,,,,,,
40797,35:54.000,35:54.012,1,559.0,749.0,738.0,967.0,,,,,,,,
40812,35:54.500,35:54.512,1,414.0,791.0,596.0,1022.0,,,,,,,,
40827,35:55.000,35:55.012,0,,,,,,,,,,,,
40842,35:55.500,35:55.512,1,420.0,332.0,588.0,560.0,,,,,,,,
40857,35:56.000,35:56.012,2,239.0,160.0,451.0,399.0,1048.0,126.0,1180.0,332.0,,,,
40872,35:56.500,35:56.512,2,-55.0,201.0,183.0,461.0,843.0,198.0,973.0,413.0,,,,
40887,35:57.000,35:57.012,0,,,,,,,,,,,,
40902,35:57.500,35:57.512,1,3.0,180.0,207.0,435.0,,,,,,,,
40917,35:58.000,35:58.012,0,,,,,,,,,,,,
40933,35:58.500,35:58.513,0,,,,,,,,,,,,
40948,35:59.000,35:59.013,0,,,,,,,,,,,,
40963,35:59.500,35:59.513,0,,,,,,,,,,,,
40978,36:00.000,36:00.013,0,,,,,,,,,,,,
40993,36:00.500,36:00.513,0,,,,,,,,,,,,
41009,36:01.000,36:01.013,0,,,,,,,,,,,,
41024,36:01.500,36:01.513,1,-48.0,726.0,188.0,886.0,,,,,,,,
41039,36:02.000,36:02.005,1,324.0,828.0,499.0,967.0,,,,,,,,
41054,36:02.500,36:02.507,1,724.0,829.0,848.0,996.0,,,,,,,,
41069,36:03.000,36:03.007,1,726.0,778.0,828.0,949.0,,,,,,,,
41084,36:03.500,36:03.507,1,681.0,727.0,783.0,901.0,,,,,,,,
41099,36:04.000,36:04.007,1,664.0,716.0,765.0,893.0,,,,,,,,
41114,36:04.500,36:04.507,1,658.0,687.0,756.0,866.0,,,,,,,,
41129,36:05.000,36:05.007,2,736.0,710.0,832.0,891.0,12.0,887.0,152.0,1132.0,,,,
41144,36:05.500,36:05.507,2,770.0,650.0,860.0,829.0,62.0,856.0,188.0,1080.0,,,,
41159,36:06.000,36:06.007,2,766.0,605.0,858.0,787.0,15.0,777.0,162.0,1032.0,,,,
41174,36:06.500,36:06.508,2,770.0,604.0,865.0,786.0,11.0,776.0,149.0,1002.0,,,,
41189,36:07.000,36:07.008,2,759.0,603.0,861.0,789.0,11.0,775.0,159.0,1006.0,,,,
41204,36:07.500,36:07.508,2,468.0,842.0,616.0,1074.0,1110.0,753.0,1215.0,934.0,,,,
41219,36:08.000,36:08.008,3,497.0,1007.0,682.0,1260.0,1020.0,1063.0,1171.0,1296.0,1704.0,1066.0,1821.0,1273.0
41234,36:08.500,36:08.508,3,749.0,1083.0,918.0,1322.0,1241.0,1144.0,1399.0,1378.0,1912.0,1138.0,2078.0,1375.0
41249,36:09.000,36:09.008,3,719.0,1148.0,890.0,1402.0,1260.0,1206.0,1420.0,1451.0,1816.0,1169.0,1995.0,1398.0
41264,36:09.500,36:09.508,3,433.0,1133.0,603.0,1382.0,2070.0,1123.0,2253.0,1355.0,987.0,1184.0,1142.0,1427.0
41279,36:10.000,36:10.008,2,532.0,1015.0,702.0,1259.0,1615.0,959.0,1760.0,1161.0,,,,
41294,36:10.500,36:10.508,2,146.0,1071.0,360.0,1341.0,1375.0,999.0,1508.0,1197.0,,,,
41309,36:11.000,36:11.010,1,1102.0,1059.0,1234.0,1259.0,,,,,,,,
41324,36:11.500,36:11.510,2,1226.0,920.0,1356.0,1114.0,-80.0,879.0,167.0,1182.0,,,,
41339,36:12.000,36:12.010,2,-31.0,722.0,205.0,1015.0,1318.0,841.0,1453.0,1044.0,,,,
41354,36:12.500,36:12.510,2,281.0,722.0,488.0,990.0,1566.0,794.0,1708.0,1003.0,,,,
41369,36:13.000,36:13.010,3,16.0,630.0,227.0,891.0,594.0,687.0,762.0,922.0,1712.0,650.0,1858.0,864.0
41384,36:13.500,36:13.510,3,591.0,724.0,762.0,962.0,1651.0,716.0,1795.0,922.0,-79.0,641.0,132.0,914.0
41399,36:14.000,36:14.010,3,535.0,753.0,707.0,990.0,-67.0,685.0,139.0,953.0,1633.0,744.0,1778.0,941.0
41414,36:14.500,36:14.510,3,476.0,695.0,658.0,934.0,1639.0,674.0,1782.0,876.0,-76.0,632.0,129.0,899.0
41429,36:15.000,36:15.012,2,485.0,667.0,671.0,916.0,1645.0,643.0,1790.0,845.0,,,,
41444,36:15.500,36:15.512,2,424.0,738.0,611.0,979.0,1572.0,679.0,1714.0,877.0,,,,
41459,36:16.000,36:16.012,2,418.0,762.0,605.0,1004.0,1564.0,705.0,1704.0,905.0,,,,
41474,36:16.500,36:16.512,2,404.0,738.0,595.0,979.0,1549.0,680.0,1687.0,876.0,,,,
41489,36:17.000,36:17.012,2,408.0,733.0,598.0,977.0,1549.0,679.0,1686.0,872.0,,,,
41504,36:17.500,36:17.512,2,405.0,733.0,595.0,979.0,1544.0,681.0,1681.0,874.0,,,,
41519,36:18.000,36:18.012,2,396.0,736.0,584.0,983.0,1536.0,674.0,1679.0,877.0,,,,
41534,36:18.500,36:18.512,2,406.0,735.0,594.0,979.0,1547.0,673.0,1686.0,869.0,,,,
41549,36:19.000,36:19.013,2,416.0,728.0,603.0,973.0,1561.0,670.0,1701.0,871.0,,,,
41564,36:19.500,36:19.513,2,396.0,976.0,582.0,1230.0,1552.0,946.0,1692.0,1148.0,,,,
41579,36:20.000,36:20.013,2,443.0,709.0,626.0,951.0,1581.0,687.0,1721.0,883.0,,,,
41594,36:20.500,36:20.513,2,451.0,751.0,631.0,995.0,1570.0,718.0,1712.0,920.0,,,,
41609,36:21.000,36:21.013,2,438.0,781.0,620.0,1019.0,1551.0,763.0,1695.0,964.0,,,,
41624,36:21.500,36:21.513,2,435.0,797.0,616.0,1037.0,1537.0,769.0,1681.0,973.0,,,,
41639,36:22.000,36:22.013,2,418.0,762.0,598.0,1002.0,1530.0,755.0,1673.0,960.0,,,,
41654,36:22.500,36:22.505,2,434.0,715.0,611.0,953.0,1536.0,727.0,1677.0,925.0,,,,
41669,36:23.000,36:23.005,2,434.0,754.0,618.0,998.0,1533.0,727.0,1674.0,918.0,,,,
41684,36:23.500,36:23.507,2,422.0,756.0,613.0,1010.0,1537.0,712.0,1677.0,906.0,,,,
41699,36:24.000,36:24.007,2,418.0,756.0,613.0,1014.0,1541.0,727.0,1677.0,919.0,,,,
41714,36:24.500,36:24.507,2,419.0,757.0,616.0,1017.0,1541.0,719.0,1679.0,910.0,,,,
41729,36:25.000,36:25.007,2,422.0,763.0,619.0,1024.0,1544.0,715.0,1680.0,904.0,,,,
41744,36:25.500,36:25.507,2,445.0,756.0,639.0,1015.0,1562.0,711.0,1701.0,905.0,,,,
41759,36:26.000,36:26.007,2,464.0,747.0,655.0,1003.0,1580.0,718.0,1717.0,902.0,,,,
41774,36:26.500,36:26.507,2,488.0,747.0,675.0,1002.0,1593.0,709.0,1733.0,900.0,,,,
41789,36:27.000,36:27.007,2,515.0,756.0,700.0,1011.0,1617.0,713.0,1759.0,902.0,,,,
41804,36:27.500,36:27.508,2,520.0,764.0,705.0,1018.0,1622.0,702.0,1763.0,888.0,,,,
41819,36:28.000,36:28.008,2,510.0,766.0,695.0,1021.0,1615.0,698.0,1753.0,883.0,,,,
41834,36:28.500,36:28.508,3,576.0,751.0,757.0,1002.0,-33.0,656.0,170.0,913.0,1674.0,686.0,1819.0,881.0
41849,36:29.000,36:29.008,3,2090.0,747.0,2273.0,954.0,948.0,805.0,1108.0,1037.0,466.0,707.0,626.0,937.0
41864,36:29.500,36:29.508,2,471.0,803.0,660.0,1058.0,1579.0,752.0,1709.0,920.0,,,,
41879,36:30.000,36:30.008,2,338.0,784.0,539.0,1045.0,1489.0,726.0,1614.0,876.0,,,,
41894,36:30.500,36:30.508,2,386.0,769.0,583.0,1028.0,1507.0,719.0,1628.0,894.0,,,,
41909,36:31.000,36:31.008,2,435.0,766.0,629.0,1021.0,1527.0,725.0,1649.0,912.0,,,,
41924,36:31.500,36:31.510,2,437.0,768.0,630.0,1021.0,1504.0,740.0,1620.0,928.0,,,,
41939,36:32.000,36:32.010,2,471.0,724.0,661.0,982.0,1530.0,689.0,1640.0,888.0,,,,
41954,36:32.500,36:32.510,2,519.0,741.0,702.0,991.0,1593.0,682.0,1681.0,862.0,,,,
41969,36:33.000,36:33.010,1,529.0,635.0,712.0,892.0,,,,,,,,
41984,36:33.500,36:33.510,2,539.0,652.0,721.0,903.0,-86.0,567.0,117.0,824.0,,,,
41999,36:34.000,36:34.010,2,547.0,677.0,727.0,924.0,-76.0,575.0,132.0,838.0,,,,
42014,36:34.500,36:34.510,3,546.0,633.0,727.0,883.0,1673.0,525.0,1802.0,716.0,-83.0,532.0,129.0,796.0
42029,36:35.000,36:35.010,3,542.0,620.0,726.0,870.0,-76.0,515.0,129.0,776.0,1676.0,525.0,1821.0,723.0
42044,36:35.500,36:35.510,3,540.0,618.0,725.0,868.0,1640.0,512.0,1788.0,717.0,-80.0,511.0,130.0,778.0
42059,36:36.000,36:36.012,3,562.0,622.0,744.0,867.0,1650.0,529.0,1799.0,738.0,-42.0,506.0,158.0,778.0
42074,36:36.500,36:36.512,3,591.0,617.0,771.0,867.0,-6.0,506.0,196.0,764.0,1681.0,528.0,1831.0,736.0
42089,36:37.000,36:37.012,3,-8.0,512.0,195.0,769.0,591.0,622.0,769.0,870.0,1686.0,531.0,1836.0,734.0
42104,36:37.500,36:37.512,3,1437.0,530.0,1595.0,747.0,863.0,616.0,1034.0,860.0,302.0,503.0,499.0,752.0
42119,36:38.000,36:38.012,3,884.0,608.0,1051.0,841.0,324.0,488.0,522.0,741.0,1430.0,527.0,1588.0,738.0
42134,36:38.500,36:38.512,3,943.0,614.0,1107.0,847.0,404.0,496.0,592.0,745.0,1486.0,537.0,1645.0,748.0
42149,36:39.000,36:39.012,3,967.0,623.0,1128.0,859.0,1507.0,552.0,1669.0,765.0,434.0,502.0,618.0,747.0
42164,36:39.500,36:39.512,3,960.0,617.0,1123.0,847.0,430.0,491.0,614.0,740.0,1502.0,551.0,1660.0,763.0
42179,36:40.000,36:40.013,3,958.0,632.0,1122.0,868.0,429.0,509.0,613.0,755.0,1500.0,578.0,1658.0,781.0
42194,36:40.500,36:40.505,3,1018.0,605.0,1179.0,838.0,504.0,477.0,682.0,723.0,1562.0,543.0,1725.0,763.0
42209,36:41.000,36:41.005,3,541.0,472.0,716.0,718.0,1048.0,606.0,1209.0,838.0,1593.0,556.0,1756.0,767.0
42224,36:41.500,36:41.505,3,1100.0,635.0,1260.0,866.0,1646.0,589.0,1813.0,797.0,604.0,501.0,775.0,739.0
42239,36:42.000,36:42.005,3,1258.0,749.0,1421.0,984.0,1828.0,701.0,2012.0,918.0,771.0,631.0,931.0,857.0
42254,36:42.500,36:42.505,3,1117.0,625.0,1281.0,868.0,1675.0,563.0,1850.0,793.0,585.0,503.0,760.0,750.0
42269,36:43.000,36:43.005,3,1621.0,526.0,1789.0,752.0,540.0,453.0,716.0,705.0,1072.0,590.0,1232.0,825.0
42284,36:43.500,36:43.505,3,1629.0,544.0,1799.0,769.0,561.0,483.0,734.0,730.0,1063.0,618.0,1223.0,847.0
42299,36:44.000,36:44.007,3,1705.0,590.0,1879.0,808.0,1128.0,658.0,1285.0,888.0,645.0,538.0,814.0,772.0
42314,36:44.500,36:44.507,3,1676.0,532.0,1845.0,758.0,1092.0,630.0,1252.0,862.0,604.0,509.0,775.0,751.0
42329,36:45.000,36:45.007,3,1681.0,532.0,1850.0,757.0,1088.0,634.0,1248.0,867.0,597.0,519.0,771.0,766.0
42344,36:45.500,36:45.507,3,1610.0,782.0,1775.0,999.0,516.0,805.0,695.0,1046.0,1023.0,896.0,1184.0,1133.0
42364,36:46.000,36:46.057,0,,,,,,,,,,,,
42391,36:46.500,36:46.748,0,,,,,,,,,,,,
42392,36:47.000,36:47.040,0,,,,,,,,,,,,
42420,36:47.500,36:47.515,0,,,,,,,,,,,,
42450,36:48.000,36:48.015,0,,,,,,,,,,,,
42479,36:48.500,36:48.500,0,,,,,,,,,,,,
42509,36:49.000,36:49.000,0,,,,,,,,,,,,
42539,36:49.500,36:49.500,0,,,,,,,,,,,,
42569,36:50.000,36:50.000,0,,,,,,,,,,,,
