frame,time,actual_video_time,faces_detected_count,face_0_tl_x,face_0_tl_y,face_0_br_x,face_0_br_y,face_1_tl_x,face_1_tl_y,face_1_br_x,face_1_br_y,face_2_tl_x,face_2_tl_y,face_2_br_x,face_2_br_y
8757,04:26.000,04:26.028,1,1163.0,683.0,1244.0,796.0,,,,,,,,
8772,04:26.500,04:26.528,1,1160.0,688.0,1243.0,805.0,,,,,,,,
8787,04:27.000,04:27.028,1,1165.0,712.0,1245.0,825.0,,,,,,,,
8802,04:27.500,04:27.528,1,1166.0,723.0,1246.0,837.0,,,,,,,,
8817,04:28.000,04:28.028,1,1197.0,731.0,1280.0,849.0,,,,,,,,
8832,04:28.500,04:28.530,1,1178.0,750.0,1257.0,862.0,,,,,,,,
8847,04:29.000,04:29.030,1,1167.0,732.0,1248.0,850.0,,,,,,,,
8862,04:29.500,04:29.530,1,1172.0,738.0,1253.0,852.0,,,,,,,,
8877,04:30.000,04:30.030,2,1170.0,757.0,1251.0,868.0,1816.0,792.0,1915.0,930.0,,,,
8892,04:30.500,04:30.530,2,1164.0,753.0,1246.0,867.0,1809.0,790.0,1913.0,926.0,,,,
8907,04:31.000,04:31.030,2,1154.0,751.0,1235.0,861.0,1796.0,780.0,1903.0,921.0,,,,
8922,04:31.500,04:31.530,2,1807.0,764.0,1911.0,901.0,1163.0,727.0,1244.0,839.0,,,,
8937,04:32.000,04:32.030,2,1173.0,729.0,1253.0,842.0,1816.0,770.0,1920.0,908.0,,,,
8952,04:32.500,04:32.532,2,915.0,761.0,999.0,877.0,1533.0,782.0,1627.0,917.0,,,,
8967,04:33.000,04:33.032,2,583.0,824.0,682.0,959.0,1409.0,609.0,1585.0,848.0,,,,
8982,04:33.500,04:33.532,3,2095.0,542.0,2344.0,825.0,523.0,753.0,623.0,877.0,1181.0,754.0,1269.0,880.0
8997,04:34.000,04:34.032,2,1092.0,679.0,1176.0,791.0,1733.0,686.0,1826.0,823.0,,,,
9012,04:34.500,04:34.532,2,1106.0,672.0,1192.0,787.0,1751.0,670.0,1849.0,807.0,,,,
9027,04:35.000,04:35.032,1,1028.0,638.0,1113.0,745.0,,,,,,,,
9042,04:35.500,04:35.532,1,1026.0,661.0,1110.0,771.0,,,,,,,,
9057,04:36.000,04:36.032,1,986.0,677.0,1070.0,790.0,,,,,,,,
9071,04:36.500,04:36.500,1,935.0,707.0,1021.0,823.0,,,,,,,,
9086,04:37.000,04:37.000,1,943.0,747.0,1031.0,859.0,,,,,,,,
9101,04:37.500,04:37.500,1,925.0,765.0,1012.0,875.0,,,,,,,,
9116,04:38.000,04:38.000,1,938.0,742.0,1025.0,854.0,,,,,,,,
9131,04:38.500,04:38.500,1,951.0,740.0,1037.0,853.0,,,,,,,,
9146,04:39.000,04:39.000,1,946.0,733.0,1033.0,847.0,,,,,,,,
9161,04:39.500,04:39.500,1,944.0,732.0,1031.0,845.0,,,,,,,,
9176,04:40.000,04:40.000,1,963.0,728.0,1048.0,840.0,,,,,,,,
9191,04:40.500,04:40.502,1,956.0,770.0,1041.0,882.0,,,,,,,,
9206,04:41.000,04:41.002,1,913.0,804.0,1002.0,920.0,,,,,,,,
9222,04:41.500,04:41.502,1,874.0,837.0,963.0,949.0,,,,,,,,
9239,04:42.000,04:42.002,1,890.0,833.0,977.0,945.0,,,,,,,,
9255,04:42.500,04:42.502,1,935.0,803.0,1023.0,920.0,,,,,,,,
9271,04:43.000,04:43.002,1,1141.0,675.0,1226.0,790.0,,,,,,,,
9287,04:43.500,04:43.502,1,1219.0,715.0,1303.0,829.0,,,,,,,,
9304,04:44.000,04:44.027,1,1283.0,726.0,1366.0,843.0,,,,,,,,
9319,04:44.500,04:44.528,1,1195.0,633.0,1278.0,746.0,,,,,,,,
9334,04:45.000,04:45.028,1,767.0,767.0,858.0,885.0,,,,,,,,
9349,04:45.500,04:45.528,1,850.0,746.0,939.0,862.0,,,,,,,,
9364,04:46.000,04:46.028,1,1067.0,813.0,1150.0,926.0,,,,,,,,
9379,04:46.500,04:46.528,1,1097.0,890.0,1181.0,1008.0,,,,,,,,
9394,04:47.000,04:47.028,1,1200.0,664.0,1283.0,778.0,,,,,,,,
9410,04:47.500,04:47.528,1,1280.0,516.0,1365.0,630.0,,,,,,,,
9426,04:48.000,04:48.028,1,1253.0,584.0,1336.0,696.0,,,,,,,,
9442,04:48.500,04:48.530,1,1240.0,640.0,1323.0,754.0,,,,,,,,
9458,04:49.000,04:49.030,1,1238.0,669.0,1320.0,783.0,,,,,,,,
9475,04:49.500,04:49.530,1,1257.0,726.0,1339.0,845.0,,,,,,,,
9491,04:50.000,04:50.013,1,1265.0,774.0,1350.0,891.0,,,,,,,,
9507,04:50.500,04:50.530,1,1290.0,855.0,1375.0,971.0,,,,,,,,
9522,04:51.000,04:51.030,1,1270.0,873.0,1354.0,987.0,,,,,,,,
9537,04:51.500,04:51.530,1,1313.0,698.0,1397.0,817.0,,,,,,,,
9552,04:52.000,04:52.030,1,1206.0,624.0,1291.0,738.0,,,,,,,,
9567,04:52.500,04:52.532,1,1179.0,527.0,1267.0,644.0,,,,,,,,
9582,04:53.000,04:53.032,1,1159.0,559.0,1244.0,673.0,,,,,,,,
9597,04:53.500,04:53.532,1,1182.0,583.0,1267.0,698.0,,,,,,,,
9612,04:54.000,04:54.032,1,1363.0,630.0,1447.0,742.0,,,,,,,,
9627,04:54.500,04:54.532,1,1328.0,694.0,1412.0,805.0,,,,,,,,
9642,04:55.000,04:55.032,1,1288.0,744.0,1371.0,854.0,,,,,,,,
9657,04:55.500,04:55.532,1,1298.0,757.0,1379.0,870.0,,,,,,,,
9672,04:56.000,04:56.032,1,1295.0,763.0,1379.0,877.0,,,,,,,,
9686,04:56.500,04:56.500,1,1298.0,766.0,1381.0,881.0,,,,,,,,
9701,04:57.000,04:57.000,1,1299.0,765.0,1382.0,885.0,,,,,,,,
9716,04:57.500,04:57.500,1,1298.0,769.0,1380.0,883.0,,,,,,,,
9731,04:58.000,04:58.000,1,1299.0,776.0,1382.0,892.0,,,,,,,,
9746,04:58.500,04:58.500,1,1272.0,782.0,1353.0,896.0,,,,,,,,
9761,04:59.000,04:59.000,1,1246.0,816.0,1326.0,927.0,,,,,,,,
9776,04:59.500,04:59.500,1,1123.0,644.0,1206.0,757.0,,,,,,,,
9791,05:00.000,05:00.000,1,1105.0,665.0,1185.0,776.0,,,,,,,,
9806,05:00.500,05:00.502,1,1170.0,663.0,1251.0,775.0,,,,,,,,
9821,05:01.000,05:01.002,1,1175.0,659.0,1257.0,780.0,,,,,,,,
9836,05:01.500,05:01.502,1,1134.0,672.0,1214.0,784.0,,,,,,,,
9851,05:02.000,05:02.002,2,239.0,744.0,356.0,878.0,1768.0,574.0,1908.0,828.0,,,,
9866,05:02.500,05:02.502,2,145.0,749.0,270.0,886.0,1688.0,552.0,1826.0,802.0,,,,
9881,05:03.000,05:03.002,2,230.0,761.0,347.0,892.0,1747.0,548.0,1889.0,803.0,,,,
9897,05:03.500,05:03.527,2,270.0,760.0,383.0,895.0,1779.0,553.0,1929.0,807.0,,,,
9912,05:04.000,05:04.027,2,277.0,771.0,391.0,906.0,1783.0,554.0,1935.0,808.0,,,,
9927,05:04.500,05:04.528,2,278.0,766.0,393.0,903.0,1785.0,544.0,1934.0,800.0,,,,
9942,05:05.000,05:05.028,2,276.0,761.0,390.0,899.0,1785.0,540.0,1930.0,795.0,,,,
9957,05:05.500,05:05.528,2,280.0,774.0,395.0,908.0,1787.0,549.0,1929.0,802.0,,,,
9972,05:06.000,05:06.028,2,283.0,765.0,399.0,901.0,1789.0,542.0,1930.0,797.0,,,,
9987,05:06.500,05:06.528,2,286.0,766.0,400.0,899.0,1792.0,538.0,1934.0,796.0,,,,
10002,05:07.000,05:07.028,2,294.0,773.0,405.0,904.0,1796.0,542.0,1939.0,801.0,,,,
10017,05:07.500,05:07.528,2,306.0,762.0,419.0,899.0,1807.0,535.0,1954.0,794.0,,,,
10032,05:08.000,05:08.028,2,229.0,789.0,348.0,922.0,1743.0,542.0,1886.0,801.0,,,,
10047,05:08.500,05:08.530,1,1346.0,734.0,1465.0,963.0,,,,,,,,
10062,05:09.000,05:09.030,3,120.0,843.0,243.0,982.0,901.0,848.0,982.0,972.0,1669.0,695.0,1803.0,935.0
10077,05:09.500,05:09.530,2,1487.0,774.0,1578.0,906.0,853.0,770.0,939.0,884.0,,,,
10093,05:10.000,05:10.030,2,1278.0,737.0,1362.0,851.0,1976.0,745.0,2087.0,888.0,,,,
10108,05:10.500,05:10.530,2,1957.0,767.0,2069.0,911.0,1265.0,761.0,1347.0,875.0,,,,
10123,05:11.000,05:11.030,2,1247.0,772.0,1330.0,884.0,1935.0,774.0,2044.0,915.0,,,,
10138,05:11.500,05:11.530,2,1927.0,786.0,2036.0,925.0,1241.0,776.0,1323.0,887.0,,,,
10153,05:12.000,05:12.030,2,1218.0,783.0,1299.0,892.0,1896.0,794.0,2003.0,929.0,,,,
10168,05:12.500,05:12.532,2,1156.0,790.0,1236.0,897.0,1819.0,785.0,1922.0,921.0,,,,
10183,05:13.000,05:13.032,2,1167.0,793.0,1250.0,908.0,1833.0,803.0,1937.0,940.0,,,,
10198,05:13.500,05:13.532,2,1166.0,804.0,1249.0,918.0,1831.0,818.0,1933.0,953.0,,,,
10213,05:14.000,05:14.032,2,1132.0,802.0,1213.0,913.0,1790.0,810.0,1891.0,943.0,,,,
10228,05:14.500,05:14.532,2,1776.0,804.0,1877.0,937.0,1121.0,797.0,1202.0,909.0,,,,
10243,05:15.000,05:15.032,2,1119.0,803.0,1200.0,912.0,1774.0,806.0,1876.0,944.0,,,,
10258,05:15.500,05:15.532,2,1094.0,802.0,1177.0,915.0,1746.0,805.0,1846.0,936.0,,,,
10273,05:16.000,05:16.033,3,1002.0,866.0,1087.0,988.0,1772.0,667.0,1959.0,911.0,267.0,907.0,384.0,1043.0
10287,05:16.500,05:16.500,3,671.0,804.0,762.0,920.0,1319.0,771.0,1403.0,894.0,2194.0,555.0,2363.0,828.0
10302,05:17.000,05:17.000,2,1059.0,672.0,1144.0,787.0,1713.0,658.0,1810.0,791.0,,,,
10317,05:17.500,05:17.500,2,1109.0,633.0,1193.0,741.0,1772.0,631.0,1869.0,764.0,,,,
10332,05:18.000,05:18.000,2,1082.0,654.0,1163.0,762.0,1739.0,635.0,1833.0,769.0,,,,
10347,05:18.500,05:18.500,2,1081.0,642.0,1165.0,755.0,1740.0,627.0,1835.0,761.0,,,,
10362,05:19.000,05:19.000,2,1047.0,657.0,1129.0,765.0,1698.0,625.0,1792.0,761.0,,,,
10377,05:19.500,05:19.500,2,1019.0,677.0,1103.0,788.0,1665.0,639.0,1760.0,774.0,,,,
10392,05:20.000,05:20.002,1,987.0,695.0,1072.0,802.0,,,,,,,,
10407,05:20.500,05:20.502,1,994.0,694.0,1076.0,800.0,,,,,,,,
10422,05:21.000,05:21.002,1,1003.0,696.0,1085.0,805.0,,,,,,,,
10437,05:21.500,05:21.502,1,1002.0,731.0,1082.0,836.0,,,,,,,,
10452,05:22.000,05:22.002,1,985.0,752.0,1064.0,859.0,,,,,,,,
10467,05:22.500,05:22.502,1,1107.0,721.0,1186.0,828.0,,,,,,,,
10483,05:23.000,05:23.027,1,1202.0,720.0,1281.0,826.0,,,,,,,,
10498,05:23.500,05:23.527,1,1139.0,717.0,1217.0,826.0,,,,,,,,
10513,05:24.000,05:24.028,1,1150.0,731.0,1231.0,840.0,,,,,,,,
10528,05:24.500,05:24.528,2,1776.0,752.0,1872.0,884.0,1145.0,731.0,1223.0,836.0,,,,
10543,05:25.000,05:25.028,2,1618.0,733.0,1713.0,863.0,1002.0,743.0,1081.0,850.0,,,,
10558,05:25.500,05:25.528,3,1306.0,771.0,1391.0,895.0,688.0,796.0,772.0,909.0,2186.0,548.0,2349.0,826.0
10573,05:26.000,05:26.028,3,706.0,819.0,791.0,929.0,1328.0,802.0,1414.0,926.0,2220.0,597.0,2385.0,876.0
10588,05:26.500,05:26.528,3,699.0,851.0,788.0,965.0,1328.0,840.0,1414.0,962.0,2212.0,642.0,2379.0,922.0
10603,05:27.000,05:27.028,2,1773.0,817.0,1873.0,946.0,1138.0,809.0,1216.0,918.0,,,,
10618,05:27.500,05:27.528,2,1825.0,880.0,1926.0,1013.0,1183.0,822.0,1263.0,936.0,,,,
10633,05:28.000,05:28.030,2,1816.0,863.0,1917.0,999.0,1175.0,819.0,1254.0,929.0,,,,
10648,05:28.500,05:28.538,2,1174.0,821.0,1253.0,932.0,1815.0,870.0,1917.0,1005.0,,,,
10660,05:29.000,05:29.030,2,1144.0,834.0,1225.0,946.0,1794.0,873.0,1894.0,1005.0,,,,
10675,05:29.500,05:29.530,2,1137.0,834.0,1218.0,947.0,1794.0,875.0,1895.0,1006.0,,,,
10690,05:30.000,05:30.030,2,1136.0,835.0,1217.0,948.0,1789.0,875.0,1890.0,1005.0,,,,
10705,05:30.500,05:30.530,2,1134.0,846.0,1215.0,958.0,1786.0,882.0,1886.0,1013.0,,,,
10720,05:31.000,05:31.030,2,1136.0,841.0,1216.0,953.0,1788.0,881.0,1888.0,1013.0,,,,
10735,05:31.500,05:31.530,2,1792.0,861.0,1890.0,992.0,1137.0,820.0,1218.0,934.0,,,,
10750,05:32.000,05:32.032,2,1142.0,812.0,1223.0,922.0,1798.0,853.0,1897.0,982.0,,,,
10765,05:32.500,05:32.532,2,1139.0,813.0,1221.0,922.0,1795.0,854.0,1895.0,983.0,,,,
10780,05:33.000,05:33.032,2,1145.0,800.0,1225.0,911.0,1799.0,846.0,1899.0,975.0,,,,
10795,05:33.500,05:33.532,2,1139.0,803.0,1220.0,915.0,1793.0,845.0,1893.0,975.0,,,,
10810,05:34.000,05:34.032,2,1137.0,798.0,1218.0,911.0,1791.0,839.0,1890.0,969.0,,,,
10825,05:34.500,05:34.532,2,1139.0,803.0,1219.0,914.0,1791.0,843.0,1891.0,973.0,,,,
10840,05:35.000,05:35.032,2,1140.0,793.0,1220.0,905.0,1791.0,833.0,1890.0,966.0,,,,
10856,05:35.500,05:35.532,2,1796.0,832.0,1894.0,963.0,1141.0,790.0,1223.0,902.0,,,,
10870,05:36.000,05:36.000,2,1793.0,831.0,1892.0,963.0,1140.0,790.0,1221.0,904.0,,,,
10885,05:36.500,05:36.500,2,1786.0,835.0,1884.0,966.0,1136.0,792.0,1217.0,906.0,,,,
10901,05:37.000,05:37.000,2,1783.0,837.0,1882.0,966.0,1133.0,795.0,1213.0,908.0,,,,
10916,05:37.500,05:37.500,2,1793.0,795.0,1892.0,923.0,1139.0,759.0,1220.0,869.0,,,,
10931,05:38.000,05:38.000,2,1795.0,814.0,1895.0,946.0,1140.0,791.0,1220.0,902.0,,,,
10946,05:38.500,05:38.500,2,1126.0,738.0,1207.0,849.0,1780.0,762.0,1876.0,895.0,,,,
10961,05:39.000,05:39.000,2,1131.0,733.0,1212.0,846.0,1787.0,758.0,1886.0,889.0,,,,
10976,05:39.500,05:39.500,2,1129.0,734.0,1212.0,848.0,1784.0,758.0,1884.0,890.0,,,,
10991,05:40.000,05:40.002,3,610.0,781.0,704.0,898.0,1265.0,776.0,1347.0,898.0,2162.0,591.0,2394.0,870.0
11006,05:40.500,05:40.502,3,1149.0,734.0,1234.0,855.0,1995.0,517.0,2214.0,784.0,472.0,763.0,574.0,888.0
11021,05:41.000,05:41.002,3,1164.0,736.0,1251.0,857.0,492.0,766.0,592.0,891.0,2019.0,509.0,2250.0,781.0
11036,05:41.500,05:41.502,3,1182.0,728.0,1267.0,846.0,2043.0,487.0,2279.0,769.0,513.0,758.0,613.0,881.0
11051,05:42.000,05:42.002,3,1188.0,716.0,1273.0,838.0,521.0,753.0,620.0,872.0,2053.0,477.0,2293.0,761.0
11067,05:42.500,05:42.527,3,1195.0,718.0,1279.0,838.0,531.0,754.0,628.0,873.0,2061.0,478.0,2303.0,762.0
11082,05:43.000,05:43.027,3,1244.0,719.0,1328.0,842.0,586.0,751.0,683.0,868.0,2134.0,490.0,2381.0,774.0
11097,05:43.500,05:43.527,2,1048.0,721.0,1132.0,833.0,1694.0,727.0,1790.0,857.0,,,,
11112,05:44.000,05:44.028,2,1154.0,731.0,1233.0,842.0,1813.0,763.0,1914.0,894.0,,,,
11127,05:44.500,05:44.528,2,1796.0,791.0,1898.0,922.0,1138.0,761.0,1220.0,874.0,,,,
11142,05:45.000,05:45.028,2,959.0,778.0,1042.0,889.0,1603.0,791.0,1700.0,922.0,,,,
11157,05:45.500,05:45.528,2,1456.0,746.0,1549.0,870.0,812.0,758.0,896.0,872.0,,,,
11172,05:46.000,05:46.028,3,967.0,793.0,1058.0,915.0,1771.0,597.0,1973.0,855.0,212.0,813.0,329.0,950.0
11185,05:46.500,05:46.528,3,1275.0,759.0,1363.0,881.0,615.0,760.0,709.0,878.0,2186.0,574.0,2408.0,857.0
11201,05:47.000,05:47.028,2,1336.0,686.0,1419.0,797.0,2057.0,674.0,2180.0,815.0,,,,
11216,05:47.500,05:47.528,2,1969.0,676.0,2085.0,814.0,1270.0,687.0,1352.0,797.0,,,,
11231,05:48.000,05:48.030,2,1230.0,694.0,1313.0,803.0,1916.0,686.0,2028.0,821.0,,,,
11246,05:48.500,05:48.530,2,1885.0,669.0,1995.0,802.0,1203.0,673.0,1285.0,785.0,,,,
11261,05:49.000,05:49.030,2,1855.0,649.0,1964.0,786.0,1178.0,661.0,1261.0,770.0,,,,
11276,05:49.500,05:49.530,2,1128.0,645.0,1210.0,753.0,1795.0,623.0,1901.0,758.0,,,,
11291,05:50.000,05:50.030,2,1120.0,651.0,1203.0,759.0,1783.0,632.0,1889.0,763.0,,,,
11306,05:50.500,05:50.530,2,1124.0,649.0,1208.0,760.0,1789.0,632.0,1893.0,765.0,,,,
11321,05:51.000,05:51.030,2,1779.0,634.0,1884.0,763.0,1115.0,647.0,1199.0,759.0,,,,
11336,05:51.500,05:51.530,2,1786.0,650.0,1891.0,781.0,1122.0,657.0,1205.0,770.0,,,,
11351,05:52.000,05:52.032,2,1797.0,644.0,1902.0,776.0,1131.0,650.0,1214.0,764.0,,,,
11366,05:52.500,05:52.532,2,1793.0,646.0,1897.0,778.0,1129.0,653.0,1210.0,768.0,,,,
11381,05:53.000,05:53.032,2,1794.0,641.0,1899.0,773.0,1128.0,647.0,1210.0,759.0,,,,
11396,05:53.500,05:53.532,2,1795.0,646.0,1899.0,777.0,1129.0,652.0,1211.0,764.0,,,,
11411,05:54.000,05:54.032,2,1128.0,663.0,1210.0,772.0,1791.0,654.0,1889.0,786.0,,,,
11426,05:54.500,05:54.532,2,1794.0,674.0,1893.0,804.0,1130.0,679.0,1212.0,791.0,,,,
11441,05:55.000,05:55.032,2,1131.0,672.0,1213.0,780.0,1793.0,669.0,1893.0,798.0,,,,
11456,05:55.500,05:55.532,2,1131.0,682.0,1213.0,794.0,1790.0,677.0,1886.0,808.0,,,,
11470,05:56.000,05:56.000,1,1122.0,641.0,1203.0,746.0,,,,,,,,
11485,05:56.500,05:56.500,1,1122.0,641.0,1205.0,749.0,,,,,,,,
11500,05:57.000,05:57.000,1,1108.0,656.0,1191.0,767.0,,,,,,,,
11515,05:57.500,05:57.500,1,1100.0,669.0,1183.0,784.0,,,,,,,,
11530,05:58.000,05:58.000,1,893.0,706.0,979.0,820.0,,,,,,,,
11545,05:58.500,05:58.500,2,685.0,741.0,777.0,858.0,2259.0,467.0,2471.0,752.0,,,,
11560,05:59.000,05:59.000,1,699.0,734.0,794.0,855.0,,,,,,,,
11575,05:59.500,05:59.500,1,711.0,735.0,804.0,852.0,,,,,,,,
11591,06:00.000,06:00.002,1,711.0,743.0,802.0,857.0,,,,,,,,
11606,06:00.500,06:00.502,1,710.0,743.0,801.0,859.0,,,,,,,,
11621,06:01.000,06:01.002,1,709.0,737.0,801.0,855.0,,,,,,,,
11636,06:01.500,06:01.502,2,1728.0,532.0,1928.0,794.0,190.0,807.0,311.0,943.0,,,,
11651,06:02.000,06:02.002,2,1618.0,549.0,1802.0,803.0,50.0,806.0,178.0,942.0,,,,
11667,06:02.500,06:02.527,2,1647.0,563.0,1834.0,812.0,86.0,805.0,215.0,946.0,,,,
11682,06:03.000,06:03.027,2,1935.0,537.0,2153.0,815.0,423.0,754.0,526.0,881.0,,,,
11697,06:03.500,06:03.527,1,1048.0,613.0,1134.0,727.0,,,,,,,,
11712,06:04.000,06:04.028,1,1101.0,610.0,1185.0,721.0,,,,,,,,
11727,06:04.500,06:04.528,1,1077.0,622.0,1162.0,731.0,,,,,,,,
11742,06:05.000,06:05.028,1,1044.0,623.0,1128.0,733.0,,,,,,,,
11757,06:05.500,06:05.528,1,1040.0,624.0,1126.0,739.0,,,,,,,,
11772,06:06.000,06:06.028,1,1028.0,637.0,1114.0,743.0,,,,,,,,
11787,06:06.500,06:06.528,1,1026.0,638.0,1111.0,744.0,,,,,,,,
11802,06:07.000,06:07.028,1,1025.0,635.0,1112.0,742.0,,,,,,,,
11817,06:07.500,06:07.528,1,1024.0,639.0,1104.0,743.0,,,,,,,,
11832,06:08.000,06:08.030,1,1027.0,634.0,1107.0,739.0,,,,,,,,
11847,06:08.500,06:08.530,1,1025.0,637.0,1105.0,740.0,,,,,,,,
11862,06:09.000,06:09.030,1,1028.0,642.0,1108.0,745.0,,,,,,,,
11877,06:09.500,06:09.530,1,1024.0,641.0,1105.0,748.0,,,,,,,,
11892,06:10.000,06:10.030,1,1015.0,649.0,1100.0,758.0,,,,,,,,
11907,06:10.500,06:10.530,1,1053.0,669.0,1136.0,784.0,,,,,,,,
11922,06:11.000,06:11.030,1,1131.0,697.0,1213.0,809.0,,,,,,,,
11937,06:11.500,06:11.530,1,1135.0,723.0,1216.0,834.0,,,,,,,,
11952,06:12.000,06:12.032,1,1126.0,709.0,1208.0,821.0,,,,,,,,
11967,06:12.500,06:12.532,1,1145.0,712.0,1228.0,822.0,,,,,,,,
11982,06:13.000,06:13.032,1,1127.0,731.0,1209.0,841.0,,,,,,,,
11997,06:13.500,06:13.532,1,1123.0,734.0,1206.0,848.0,,,,,,,,
12012,06:14.000,06:14.032,1,1124.0,735.0,1206.0,849.0,,,,,,,,
12027,06:14.500,06:14.532,1,1115.0,729.0,1199.0,846.0,,,,,,,,
12042,06:15.000,06:15.032,1,1110.0,728.0,1194.0,845.0,,,,,,,,
12057,06:15.500,06:15.532,1,1068.0,745.0,1149.0,857.0,,,,,,,,
12071,06:16.000,06:16.000,2,1022.0,763.0,1103.0,873.0,1667.0,767.0,1756.0,897.0,,,,
12086,06:16.500,06:16.500,2,984.0,777.0,1066.0,886.0,1624.0,776.0,1716.0,904.0,,,,
12101,06:17.000,06:17.000,2,1571.0,763.0,1663.0,889.0,932.0,794.0,1018.0,906.0,,,,
12116,06:17.500,06:17.500,2,960.0,788.0,1045.0,897.0,1596.0,757.0,1689.0,882.0,,,,
12131,06:18.000,06:18.000,2,1610.0,802.0,1704.0,935.0,969.0,832.0,1053.0,943.0,,,,
12146,06:18.500,06:18.500,2,1127.0,708.0,1211.0,816.0,1792.0,684.0,1897.0,816.0,,,,
12161,06:19.000,06:19.000,2,1172.0,667.0,1256.0,780.0,1845.0,652.0,1958.0,792.0,,,,
12176,06:19.500,06:19.500,2,1156.0,740.0,1241.0,856.0,1826.0,725.0,1936.0,858.0,,,,
12191,06:20.000,06:20.002,2,1698.0,766.0,1801.0,900.0,1051.0,796.0,1136.0,911.0,,,,
12206,06:20.500,06:20.502,2,1005.0,768.0,1091.0,880.0,1650.0,739.0,1752.0,867.0,,,,
12221,06:21.000,06:21.002,2,957.0,859.0,1042.0,975.0,1598.0,835.0,1698.0,964.0,,,,
12236,06:21.500,06:21.502,2,1154.0,641.0,1239.0,757.0,1830.0,691.0,1940.0,829.0,,,,
12251,06:22.000,06:22.002,2,1226.0,567.0,1311.0,683.0,1928.0,616.0,2045.0,760.0,,,,
12267,06:22.500,06:22.527,2,1247.0,717.0,1331.0,827.0,1947.0,711.0,2065.0,854.0,,,,
12282,06:23.000,06:23.027,2,1913.0,787.0,2027.0,926.0,1226.0,798.0,1311.0,910.0,,,,
12297,06:23.500,06:23.527,2,1885.0,804.0,1996.0,942.0,1204.0,788.0,1288.0,903.0,,,,
12312,06:24.000,06:24.028,2,1880.0,827.0,1993.0,961.0,1201.0,799.0,1283.0,910.0,,,,
12327,06:24.500,06:24.528,2,1862.0,801.0,1973.0,936.0,1186.0,769.0,1270.0,883.0,,,,
12342,06:25.000,06:25.028,2,1470.0,772.0,1556.0,886.0,2246.0,809.0,2382.0,962.0,,,,
12357,06:25.500,06:25.528,2,1320.0,783.0,1403.0,894.0,2033.0,751.0,2159.0,896.0,,,,
12372,06:26.000,06:26.028,2,1886.0,736.0,2000.0,872.0,1205.0,793.0,1294.0,908.0,,,,
12387,06:26.500,06:26.528,2,1912.0,814.0,2026.0,952.0,1227.0,838.0,1313.0,950.0,,,,
12402,06:27.000,06:27.028,2,1214.0,842.0,1300.0,952.0,1896.0,808.0,2012.0,944.0,,,,
12417,06:27.500,06:27.528,2,1906.0,831.0,2022.0,967.0,1220.0,848.0,1307.0,959.0,,,,
12432,06:28.000,06:28.030,2,1209.0,752.0,1295.0,862.0,1895.0,728.0,2010.0,865.0,,,,
12447,06:28.500,06:28.530,2,1857.0,675.0,1968.0,812.0,1173.0,709.0,1260.0,822.0,,,,
12462,06:29.000,06:29.030,2,1164.0,744.0,1251.0,857.0,1851.0,714.0,1966.0,855.0,,,,
12477,06:29.500,06:29.530,2,1070.0,618.0,1158.0,731.0,1745.0,577.0,1851.0,713.0,,,,
12492,06:30.000,06:30.030,2,1126.0,587.0,1213.0,702.0,1806.0,561.0,1917.0,701.0,,,,
12507,06:30.500,06:30.530,2,1632.0,606.0,1734.0,739.0,969.0,675.0,1060.0,789.0,,,,
12522,06:31.000,06:31.030,2,1078.0,618.0,1165.0,730.0,1754.0,594.0,1862.0,730.0,,,,
12537,06:31.500,06:31.530,2,1253.0,532.0,1338.0,648.0,1966.0,563.0,2087.0,715.0,,,,
12552,06:32.000,06:32.032,2,929.0,537.0,1019.0,649.0,1591.0,489.0,1694.0,629.0,,,,
12567,06:32.500,06:32.532,2,978.0,551.0,1068.0,666.0,1630.0,506.0,1734.0,644.0,,,,
12582,06:33.000,06:33.032,2,1212.0,594.0,1295.0,710.0,1898.0,631.0,2012.0,775.0,,,,
12597,06:33.500,06:33.532,2,1377.0,586.0,1466.0,710.0,2108.0,705.0,2236.0,855.0,,,,
12612,06:34.000,06:34.032,2,1344.0,590.0,1429.0,708.0,2070.0,660.0,2198.0,807.0,,,,
12627,06:34.500,06:34.532,2,1856.0,764.0,1966.0,901.0,1183.0,774.0,1269.0,888.0,,,,
12642,06:35.000,06:35.032,2,1208.0,779.0,1291.0,892.0,1880.0,836.0,1988.0,971.0,,,,
12657,06:35.500,06:35.532,2,1190.0,811.0,1275.0,924.0,1859.0,839.0,1972.0,974.0,,,,
12671,06:36.000,06:36.000,2,1636.0,834.0,1738.0,962.0,989.0,854.0,1075.0,962.0,,,,
12686,06:36.500,06:36.500,2,1764.0,831.0,1872.0,958.0,1111.0,814.0,1196.0,926.0,,,,
12701,06:37.000,06:37.000,2,1877.0,820.0,1988.0,953.0,1206.0,784.0,1289.0,894.0,,,,
12716,06:37.500,06:37.500,2,1201.0,802.0,1283.0,914.0,1868.0,837.0,1978.0,968.0,,,,
12731,06:38.000,06:38.000,2,1173.0,825.0,1256.0,938.0,1835.0,846.0,1936.0,981.0,,,,
12746,06:38.500,06:38.500,2,1009.0,832.0,1091.0,944.0,1644.0,828.0,1734.0,954.0,,,,
12761,06:39.000,06:39.000,2,987.0,821.0,1073.0,933.0,1624.0,804.0,1709.0,935.0,,,,
12776,06:39.500,06:39.500,2,1661.0,813.0,1748.0,938.0,1022.0,820.0,1105.0,927.0,,,,
12791,06:40.000,06:40.002,2,1029.0,823.0,1114.0,938.0,1670.0,824.0,1757.0,946.0,,,,
12806,06:40.500,06:40.502,2,1034.0,821.0,1119.0,939.0,1677.0,825.0,1769.0,949.0,,,,
12821,06:41.000,06:41.002,2,1670.0,824.0,1766.0,948.0,1029.0,829.0,1113.0,939.0,,,,
12837,06:41.500,06:41.527,2,1680.0,821.0,1773.0,946.0,1036.0,818.0,1120.0,935.0,,,,
12852,06:42.000,06:42.027,2,1690.0,822.0,1785.0,951.0,1047.0,819.0,1132.0,936.0,,,,
12867,06:42.500,06:42.527,2,1694.0,820.0,1787.0,946.0,1050.0,815.0,1135.0,937.0,,,,
12882,06:43.000,06:43.027,2,1694.0,823.0,1786.0,950.0,1051.0,819.0,1136.0,936.0,,,,
12897,06:43.500,06:43.527,2,1063.0,810.0,1146.0,924.0,1698.0,822.0,1781.0,948.0,,,,
12912,06:44.000,06:44.028,2,1064.0,805.0,1147.0,918.0,1697.0,811.0,1777.0,938.0,,,,
12927,06:44.500,06:44.528,2,1063.0,813.0,1146.0,926.0,1700.0,822.0,1785.0,955.0,,,,
12942,06:45.000,06:45.028,2,1061.0,807.0,1143.0,920.0,1699.0,811.0,1790.0,947.0,,,,
12957,06:45.500,06:45.528,2,1073.0,811.0,1157.0,926.0,1713.0,822.0,1804.0,955.0,,,,
12972,06:46.000,06:46.028,2,1070.0,810.0,1153.0,921.0,1708.0,816.0,1802.0,952.0,,,,
12987,06:46.500,06:46.528,2,1726.0,796.0,1818.0,935.0,1083.0,787.0,1167.0,905.0,,,,
13002,06:47.000,06:47.028,2,1096.0,792.0,1179.0,907.0,1741.0,804.0,1834.0,939.0,,,,
13017,06:47.500,06:47.530,2,1094.0,799.0,1177.0,916.0,1739.0,810.0,1835.0,945.0,,,,
13032,06:48.000,06:48.030,2,1702.0,813.0,1802.0,945.0,1061.0,805.0,1145.0,920.0,,,,
13047,06:48.500,06:48.530,2,1677.0,792.0,1779.0,924.0,1030.0,803.0,1113.0,914.0,,,,
13062,06:49.000,06:49.030,2,1479.0,812.0,1574.0,944.0,840.0,790.0,926.0,907.0,,,,
13077,06:49.500,06:49.530,3,2088.0,634.0,2328.0,916.0,1228.0,842.0,1318.0,965.0,563.0,846.0,660.0,967.0
13092,06:50.000,06:50.030,3,559.0,850.0,655.0,970.0,1221.0,852.0,1314.0,975.0,2086.0,654.0,2328.0,936.0
13107,06:50.500,06:50.530,3,574.0,869.0,668.0,989.0,2103.0,677.0,2339.0,957.0,1230.0,872.0,1320.0,997.0
13122,06:51.000,06:51.030,3,1238.0,876.0,1328.0,1001.0,2113.0,677.0,2354.0,958.0,583.0,877.0,678.0,998.0
13137,06:51.500,06:51.532,3,1267.0,868.0,1357.0,991.0,2151.0,652.0,2389.0,933.0,615.0,881.0,711.0,1001.0
13152,06:52.000,06:52.032,3,1288.0,857.0,1379.0,980.0,639.0,865.0,731.0,983.0,2188.0,646.0,2405.0,928.0
13167,06:52.500,06:52.532,3,640.0,872.0,733.0,988.0,1291.0,864.0,1381.0,984.0,2195.0,656.0,2403.0,935.0
13182,06:53.000,06:53.032,3,1970.0,644.0,2195.0,913.0,1138.0,865.0,1228.0,988.0,456.0,885.0,559.0,1014.0
13197,06:53.500,06:53.532,3,819.0,845.0,914.0,964.0,7.0,910.0,145.0,1051.0,1580.0,607.0,1762.0,841.0
13212,06:54.000,06:54.032,3,824.0,837.0,919.0,956.0,1583.0,588.0,1771.0,825.0,7.0,912.0,146.0,1056.0
13227,06:54.500,06:54.532,3,1563.0,587.0,1746.0,823.0,802.0,845.0,897.0,964.0,-12.0,931.0,123.0,1073.0
13242,06:55.000,06:55.032,3,248.0,855.0,363.0,989.0,958.0,793.0,1051.0,916.0,1760.0,528.0,1956.0,785.0
13256,06:55.500,06:55.500,3,972.0,793.0,1063.0,914.0,271.0,850.0,385.0,982.0,1780.0,524.0,1976.0,785.0
13271,06:56.000,06:56.000,3,966.0,811.0,1057.0,930.0,269.0,867.0,383.0,999.0,1777.0,526.0,1973.0,786.0
13286,06:56.500,06:56.500,3,265.0,858.0,381.0,991.0,961.0,813.0,1054.0,932.0,1779.0,523.0,1977.0,785.0
13301,06:57.000,06:57.000,3,1190.0,789.0,1280.0,908.0,2104.0,546.0,2344.0,832.0,564.0,785.0,661.0,908.0
13316,06:57.500,06:57.500,2,707.0,736.0,797.0,851.0,1313.0,782.0,1403.0,903.0,,,,
13331,06:58.000,06:58.000,3,783.0,820.0,880.0,947.0,1618.0,636.0,1798.0,883.0,1.0,803.0,135.0,945.0
13346,06:58.500,06:58.500,3,839.0,824.0,934.0,946.0,1671.0,625.0,1860.0,867.0,79.0,813.0,210.0,953.0
13361,06:59.000,06:59.000,2,1419.0,732.0,1514.0,853.0,819.0,710.0,906.0,825.0,,,,
13376,06:59.500,06:59.502,2,1686.0,698.0,1791.0,827.0,1076.0,672.0,1160.0,784.0,,,,
13391,07:00.000,07:00.002,2,1346.0,732.0,1437.0,854.0,736.0,729.0,827.0,841.0,,,,
13406,07:00.500,07:00.502,3,749.0,834.0,845.0,955.0,1571.0,585.0,1755.0,827.0,-44.0,869.0,80.0,1013.0
13422,07:01.000,07:01.027,3,751.0,792.0,849.0,915.0,1571.0,533.0,1755.0,786.0,-46.0,845.0,81.0,988.0
13437,07:01.500,07:01.527,3,1791.0,471.0,1994.0,731.0,920.0,731.0,1016.0,852.0,219.0,726.0,341.0,862.0
13452,07:02.000,07:02.027,2,1356.0,724.0,1449.0,845.0,761.0,714.0,851.0,828.0,,,,
13467,07:02.500,07:02.527,2,1638.0,699.0,1738.0,824.0,1036.0,670.0,1119.0,780.0,,,,
13482,07:03.000,07:03.027,2,986.0,638.0,1070.0,746.0,1583.0,661.0,1676.0,788.0,,,,
13497,07:03.500,07:03.528,2,964.0,663.0,1050.0,770.0,1558.0,663.0,1650.0,791.0,,,,
13512,07:04.000,07:04.028,2,1554.0,654.0,1638.0,781.0,959.0,654.0,1043.0,766.0,,,,
13527,07:04.500,07:04.528,2,946.0,655.0,1033.0,771.0,1545.0,649.0,1633.0,779.0,,,,
13542,07:05.000,07:05.028,2,952.0,659.0,1039.0,769.0,1551.0,649.0,1639.0,775.0,,,,
13557,07:05.500,07:05.528,2,1561.0,650.0,1649.0,778.0,961.0,657.0,1047.0,769.0,,,,
13572,07:06.000,07:06.028,2,937.0,666.0,1023.0,772.0,1535.0,651.0,1625.0,779.0,,,,
13587,07:06.500,07:06.528,2,942.0,657.0,1029.0,768.0,1540.0,648.0,1628.0,777.0,,,,
13602,07:07.000,07:07.028,2,1520.0,652.0,1608.0,782.0,924.0,666.0,1010.0,775.0,,,,
13617,07:07.500,07:07.530,2,929.0,665.0,1016.0,775.0,1528.0,653.0,1615.0,784.0,,,,
13632,07:08.000,07:08.030,3,1927.0,496.0,2161.0,777.0,1082.0,759.0,1164.0,881.0,431.0,783.0,539.0,908.0
13647,07:08.500,07:08.530,3,569.0,711.0,668.0,828.0,2102.0,388.0,2362.0,693.0,1193.0,676.0,1279.0,805.0
13662,07:09.000,07:09.030,2,1362.0,709.0,1446.0,836.0,759.0,738.0,851.0,848.0,,,,
13677,07:09.500,07:09.530,2,1365.0,738.0,1451.0,866.0,765.0,767.0,858.0,881.0,,,,
13692,07:10.000,07:10.030,2,799.0,812.0,890.0,924.0,1393.0,781.0,1479.0,911.0,,,,
13707,07:10.500,07:10.530,2,902.0,764.0,989.0,876.0,1495.0,764.0,1581.0,887.0,,,,
13722,07:11.000,07:11.030,2,867.0,804.0,954.0,916.0,1458.0,784.0,1544.0,914.0,,,,
13737,07:11.500,07:11.532,2,1390.0,712.0,1476.0,840.0,794.0,737.0,886.0,849.0,,,,
13752,07:12.000,07:12.032,2,1678.0,768.0,1771.0,902.0,1075.0,765.0,1160.0,873.0,,,,
13767,07:12.500,07:12.532,2,1969.0,767.0,2076.0,908.0,1327.0,672.0,1410.0,787.0,,,,
13782,07:13.000,07:13.032,2,1171.0,704.0,1254.0,819.0,1787.0,771.0,1886.0,909.0,,,,
13797,07:13.500,07:13.532,3,652.0,660.0,748.0,771.0,1266.0,644.0,1352.0,767.0,2226.0,379.0,2455.0,681.0
13812,07:14.000,07:14.032,3,927.0,637.0,1018.0,758.0,205.0,662.0,333.0,796.0,1757.0,371.0,1972.0,647.0
13827,07:14.500,07:14.532,3,1125.0,590.0,1216.0,715.0,459.0,634.0,569.0,757.0,2001.0,288.0,2239.0,588.0
13842,07:15.000,07:15.032,2,1681.0,650.0,1787.0,782.0,1050.0,642.0,1134.0,749.0,,,,
13856,07:15.500,07:15.500,2,1642.0,694.0,1745.0,826.0,1016.0,732.0,1103.0,835.0,,,,
13871,07:16.000,07:16.000,2,1170.0,697.0,1258.0,807.0,1810.0,654.0,1923.0,794.0,,,,
13886,07:16.500,07:16.500,2,1830.0,704.0,1944.0,838.0,1188.0,709.0,1275.0,824.0,,,,
13901,07:17.000,07:17.000,2,1979.0,638.0,2104.0,787.0,1317.0,562.0,1402.0,678.0,,,,
13916,07:17.500,07:17.500,2,1989.0,760.0,2112.0,903.0,1345.0,613.0,1429.0,728.0,,,,
13931,07:18.000,07:18.000,2,1372.0,677.0,1456.0,796.0,2007.0,856.0,2125.0,997.0,,,,
13946,07:18.500,07:18.500,2,1909.0,907.0,2019.0,1041.0,1280.0,795.0,1362.0,911.0,,,,
13961,07:19.000,07:19.000,2,1865.0,878.0,1974.0,1011.0,1236.0,826.0,1321.0,943.0,,,,
13976,07:19.500,07:19.502,2,1866.0,876.0,1977.0,1014.0,1239.0,822.0,1323.0,938.0,,,,
13991,07:20.000,07:20.002,2,1230.0,812.0,1314.0,923.0,1853.0,868.0,1961.0,1001.0,,,,
14007,07:20.500,07:20.527,2,1219.0,815.0,1303.0,930.0,1842.0,865.0,1951.0,998.0,,,,
14022,07:21.000,07:21.027,2,1824.0,863.0,1929.0,995.0,1207.0,815.0,1290.0,929.0,,,,
14037,07:21.500,07:21.527,2,1212.0,820.0,1296.0,931.0,1828.0,866.0,1935.0,1000.0,,,,
14052,07:22.000,07:22.027,2,1831.0,872.0,1936.0,1003.0,1216.0,824.0,1299.0,937.0,,,,
14067,07:22.500,07:22.527,2,1830.0,884.0,1934.0,1018.0,1216.0,838.0,1297.0,950.0,,,,
14082,07:23.000,07:23.027,2,1830.0,888.0,1935.0,1024.0,1215.0,846.0,1297.0,955.0,,,,
14097,07:23.500,07:23.528,2,1831.0,884.0,1934.0,1017.0,1214.0,841.0,1296.0,952.0,,,,
14112,07:24.000,07:24.028,2,1078.0,834.0,1162.0,948.0,1674.0,870.0,1770.0,996.0,,,,
14127,07:24.500,07:24.528,3,1318.0,827.0,1404.0,950.0,728.0,829.0,819.0,941.0,2188.0,601.0,2429.0,905.0
14142,07:25.000,07:25.028,3,1321.0,825.0,1410.0,947.0,733.0,829.0,824.0,942.0,2175.0,599.0,2410.0,899.0
14157,07:25.500,07:25.528,3,1334.0,821.0,1423.0,939.0,748.0,820.0,836.0,930.0,2193.0,603.0,2425.0,907.0
14172,07:26.000,07:26.028,3,1363.0,811.0,1450.0,931.0,777.0,807.0,866.0,920.0,2251.0,608.0,2485.0,922.0
14187,07:26.500,07:26.528,3,1359.0,807.0,1447.0,930.0,774.0,812.0,863.0,921.0,2254.0,606.0,2472.0,903.0
14202,07:27.000,07:27.028,3,1359.0,790.0,1449.0,917.0,770.0,798.0,860.0,909.0,2250.0,588.0,2472.0,889.0
14217,07:27.500,07:27.530,3,829.0,831.0,922.0,949.0,1557.0,617.0,1750.0,868.0,92.0,860.0,222.0,999.0
14232,07:28.000,07:28.038,2,1415.0,730.0,1506.0,843.0,828.0,781.0,919.0,889.0,,,,
14247,07:28.500,07:28.530,2,1721.0,721.0,1822.0,847.0,1114.0,745.0,1198.0,850.0,,,,
14262,07:29.000,07:29.030,2,1896.0,782.0,2004.0,917.0,1265.0,730.0,1349.0,845.0,,,,
14277,07:29.500,07:29.530,2,1881.0,819.0,1987.0,952.0,1256.0,760.0,1338.0,873.0,,,,
14292,07:30.000,07:30.030,2,1886.0,917.0,1995.0,1052.0,1256.0,859.0,1338.0,975.0,,,,
14307,07:30.500,07:30.530,2,1245.0,879.0,1326.0,989.0,1870.0,934.0,1977.0,1066.0,,,,
14322,07:31.000,07:31.030,2,1877.0,944.0,1985.0,1074.0,1248.0,889.0,1331.0,1003.0,,,,
14337,07:31.500,07:31.532,2,1847.0,909.0,1953.0,1043.0,1223.0,878.0,1306.0,990.0,,,,
14352,07:32.000,07:32.032,2,1849.0,909.0,1954.0,1042.0,1224.0,879.0,1307.0,989.0,,,,
14367,07:32.500,07:32.532,2,1830.0,891.0,1937.0,1029.0,1210.0,874.0,1292.0,981.0,,,,
14382,07:33.000,07:33.032,2,1214.0,871.0,1296.0,978.0,1834.0,895.0,1941.0,1028.0,,,,
14397,07:33.500,07:33.532,2,1218.0,875.0,1299.0,984.0,1841.0,900.0,1946.0,1034.0,,,,
14412,07:34.000,07:34.032,2,1216.0,878.0,1298.0,989.0,1839.0,902.0,1944.0,1038.0,,,,
14427,07:34.500,07:34.532,2,1210.0,875.0,1293.0,982.0,1833.0,900.0,1938.0,1032.0,,,,
14442,07:35.000,07:35.032,2,1214.0,878.0,1296.0,986.0,1839.0,903.0,1945.0,1037.0,,,,
14456,07:35.500,07:35.500,2,1853.0,912.0,1958.0,1044.0,1226.0,875.0,1308.0,985.0,,,,
14471,07:36.000,07:36.000,2,1849.0,887.0,1955.0,1020.0,1221.0,850.0,1304.0,962.0,,,,
14486,07:36.500,07:36.500,2,1225.0,831.0,1306.0,943.0,1853.0,864.0,1958.0,998.0,,,,
14501,07:37.000,07:37.000,2,1853.0,857.0,1958.0,990.0,1223.0,823.0,1306.0,943.0,,,,
14516,07:37.500,07:37.500,2,1846.0,859.0,1953.0,990.0,1220.0,824.0,1302.0,939.0,,,,
14531,07:38.000,07:38.000,2,1849.0,855.0,1955.0,985.0,1224.0,820.0,1306.0,932.0,,,,
14546,07:38.500,07:38.500,2,1850.0,858.0,1957.0,995.0,1227.0,824.0,1308.0,935.0,,,,
14561,07:39.000,07:39.000,2,1852.0,856.0,1958.0,987.0,1229.0,819.0,1311.0,933.0,,,,
14575,07:39.500,07:39.502,2,1854.0,857.0,1956.0,991.0,1230.0,822.0,1313.0,941.0,,,,
14590,07:40.000,07:40.002,1,976.0,906.0,1078.0,1033.0,,,,,,,,
14605,07:40.500,07:40.502,2,975.0,885.0,1082.0,1024.0,2200.0,740.0,2416.0,1002.0,,,,
14621,07:41.000,07:41.027,2,1800.0,755.0,1924.0,908.0,592.0,635.0,765.0,861.0,,,,
14636,07:41.500,07:41.527,2,795.0,578.0,961.0,805.0,2029.0,764.0,2176.0,928.0,,,,
14651,07:42.000,07:42.027,2,788.0,576.0,953.0,796.0,2015.0,768.0,2161.0,938.0,,,,
14666,07:42.500,07:42.527,2,697.0,546.0,871.0,773.0,1914.0,767.0,2049.0,926.0,,,,
14681,07:43.000,07:43.027,2,1933.0,806.0,2068.0,968.0,694.0,607.0,864.0,833.0,,,,
14696,07:43.500,07:43.528,1,1197.0,724.0,1301.0,865.0,,,,,,,,
14711,07:44.000,07:44.028,2,1722.0,576.0,1912.0,821.0,582.0,773.0,702.0,923.0,,,,
14726,07:44.500,07:44.528,2,95.0,848.0,252.0,1024.0,1314.0,632.0,1454.0,846.0,,,,
14741,07:45.000,07:45.028,2,192.0,854.0,342.0,1025.0,1366.0,630.0,1510.0,844.0,,,,
14756,07:45.500,07:45.528,2,973.0,757.0,1077.0,898.0,2145.0,558.0,2354.0,823.0,,,,
14771,07:46.000,07:46.028,2,2042.0,770.0,2179.0,939.0,815.0,620.0,962.0,833.0,,,,
14786,07:46.500,07:46.528,2,2017.0,797.0,2156.0,961.0,809.0,630.0,952.0,841.0,,,,
14801,07:47.000,07:47.028,2,2012.0,970.0,2153.0,1135.0,842.0,690.0,981.0,896.0,,,,
14816,07:47.500,07:47.530,2,2047.0,902.0,2192.0,1069.0,838.0,635.0,998.0,846.0,,,,
14831,07:48.000,07:48.030,2,892.0,822.0,1000.0,965.0,2054.0,652.0,2262.0,909.0,,,,
14846,07:48.500,07:48.530,2,279.0,900.0,425.0,1060.0,1432.0,651.0,1580.0,866.0,,,,
14861,07:49.000,07:49.047,2,730.0,801.0,844.0,945.0,1852.0,588.0,2031.0,825.0,,,,
14876,07:49.500,07:49.530,2,1703.0,567.0,1899.0,807.0,547.0,767.0,670.0,916.0,,,,
14891,07:50.000,07:50.030,2,1349.0,556.0,1512.0,771.0,114.0,857.0,270.0,1030.0,,,,
14906,07:50.500,07:50.530,2,134.0,794.0,287.0,968.0,1380.0,525.0,1539.0,722.0,,,,
14921,07:51.000,07:51.030,2,1396.0,417.0,1558.0,610.0,162.0,730.0,316.0,902.0,,,,
14936,07:51.500,07:51.532,2,732.0,593.0,846.0,740.0,1915.0,218.0,2128.0,457.0,,,,
14951,07:52.000,07:52.032,2,714.0,667.0,893.0,879.0,2000.0,702.0,2146.0,866.0,,,,
14966,07:52.500,07:52.532,1,919.0,1155.0,1091.0,1384.0,,,,,,,,
14981,07:53.000,07:53.032,0,,,,,,,,,,,,
14996,07:53.500,07:53.532,2,760.0,1086.0,924.0,1315.0,2027.0,1173.0,2176.0,1342.0,,,,
15011,07:54.000,07:54.032,2,809.0,1020.0,973.0,1244.0,2076.0,1169.0,2226.0,1345.0,,,,
15026,07:54.500,07:54.532,2,847.0,976.0,1019.0,1199.0,2168.0,1165.0,2326.0,1343.0,,,,
15041,07:55.000,07:55.032,2,899.0,931.0,1066.0,1146.0,2237.0,1113.0,2397.0,1296.0,,,,
15055,07:55.500,07:55.500,2,895.0,918.0,1061.0,1131.0,2234.0,1090.0,2396.0,1272.0,,,,
15070,07:56.000,07:56.000,0,,,,,,,,,,,,
15085,07:56.500,07:56.500,0,,,,,,,,,,,,
15100,07:57.000,07:57.000,0,,,,,,,,,,,,
15115,07:57.500,07:57.500,1,1205.0,1082.0,1308.0,1219.0,,,,,,,,
15130,07:58.000,07:58.000,2,1953.0,968.0,2095.0,1126.0,722.0,912.0,862.0,1105.0,,,,
15145,07:58.500,07:58.500,1,2069.0,959.0,2221.0,1125.0,,,,,,,,
15159,07:59.000,07:59.000,1,1283.0,912.0,1386.0,1045.0,,,,,,,,
15174,07:59.500,07:59.502,1,1481.0,892.0,1591.0,1035.0,,,,,,,,
15189,08:00.000,08:00.002,1,1845.0,873.0,1941.0,1024.0,,,,,,,,
15205,08:00.500,08:00.527,0,,,,,,,,,,,,
15220,08:01.000,08:01.027,0,,,,,,,,,,,,
15236,08:01.500,08:01.527,0,,,,,,,,,,,,
15251,08:02.000,08:02.027,0,,,,,,,,,,,,
15266,08:02.500,08:02.527,0,,,,,,,,,,,,
15281,08:03.000,08:03.028,1,2117.0,1276.0,2342.0,1521.0,,,,,,,,
15296,08:03.500,08:03.528,1,1364.0,933.0,1552.0,1165.0,,,,,,,,
15311,08:04.000,08:04.028,2,1003.0,808.0,1159.0,1017.0,2262.0,862.0,2423.0,1059.0,,,,
15326,08:04.500,08:04.528,2,1792.0,871.0,1918.0,1023.0,643.0,824.0,807.0,1064.0,,,,
15341,08:05.000,08:05.028,2,1787.0,755.0,1913.0,908.0,662.0,671.0,809.0,915.0,,,,
15356,08:05.500,08:05.528,2,1918.0,424.0,2126.0,670.0,842.0,619.0,955.0,762.0,,,,
15371,08:06.000,08:06.028,2,1328.0,571.0,1489.0,787.0,193.0,732.0,344.0,903.0,,,,
15386,08:06.500,08:06.528,2,1355.0,582.0,1519.0,801.0,218.0,760.0,368.0,929.0,,,,
15401,08:07.000,08:07.030,2,1332.0,614.0,1488.0,824.0,188.0,787.0,336.0,954.0,,,,
15416,08:07.500,08:07.530,2,1749.0,603.0,1930.0,830.0,691.0,768.0,805.0,916.0,,,,
15430,08:08.000,08:08.030,2,887.0,574.0,1070.0,827.0,1979.0,830.0,2120.0,991.0,,,,
15445,08:08.500,08:08.530,2,1382.0,753.0,1487.0,895.0,110.0,607.0,379.0,902.0,,,,
15460,08:09.000,08:09.030,2,-20.0,683.0,247.0,994.0,1329.0,812.0,1434.0,949.0,,,,
15475,08:09.500,08:09.530,2,858.0,674.0,1043.0,917.0,2079.0,817.0,2227.0,983.0,,,,
15490,08:10.000,08:10.030,2,840.0,691.0,1025.0,936.0,2042.0,926.0,2187.0,1097.0,,,,
15505,08:10.500,08:10.530,2,819.0,598.0,1006.0,848.0,2015.0,851.0,2156.0,1015.0,,,,
15520,08:11.000,08:11.030,2,828.0,623.0,1013.0,869.0,2029.0,875.0,2174.0,1043.0,,,,
15535,08:11.500,08:11.532,2,769.0,611.0,959.0,862.0,1977.0,789.0,2113.0,950.0,,,,
15550,08:12.000,08:12.032,2,754.0,593.0,946.0,846.0,1957.0,752.0,2092.0,918.0,,,,
15565,08:12.500,08:12.532,2,737.0,639.0,930.0,886.0,1944.0,728.0,2079.0,894.0,,,,
15580,08:13.000,08:13.032,2,1894.0,747.0,2027.0,907.0,744.0,666.0,914.0,904.0,,,,
15595,08:13.500,08:13.532,2,751.0,667.0,924.0,904.0,1914.0,743.0,2047.0,905.0,,,,
15610,08:14.000,08:14.032,2,1908.0,750.0,2043.0,911.0,735.0,656.0,902.0,895.0,,,,
15625,08:14.500,08:14.532,2,1830.0,751.0,1960.0,909.0,714.0,662.0,860.0,898.0,,,,
15640,08:15.000,08:15.033,2,1454.0,761.0,1563.0,909.0,262.0,649.0,456.0,910.0,,,,
15654,08:15.500,08:15.500,2,1698.0,780.0,1819.0,934.0,548.0,714.0,726.0,959.0,,,,
15669,08:16.000,08:16.000,2,541.0,620.0,725.0,875.0,1694.0,769.0,1814.0,923.0,,,,
15684,08:16.500,08:16.500,2,506.0,825.0,630.0,979.0,1604.0,654.0,1771.0,876.0,,,,
15699,08:17.000,08:17.000,2,1334.0,668.0,1490.0,878.0,161.0,879.0,316.0,1056.0,,,,
15714,08:17.500,08:17.500,2,269.0,867.0,415.0,1036.0,1407.0,628.0,1568.0,839.0,,,,
15729,08:18.000,08:18.000,1,1218.0,716.0,1325.0,857.0,,,,,,,,
15744,08:18.500,08:18.500,2,847.0,659.0,1023.0,865.0,2075.0,756.0,2222.0,928.0,,,,
15759,08:19.000,08:19.002,2,904.0,680.0,1065.0,907.0,2048.0,772.0,2197.0,942.0,,,,
15775,08:19.500,08:19.527,2,2015.0,774.0,2158.0,943.0,876.0,682.0,1036.0,916.0,,,,
15790,08:20.000,08:20.027,2,852.0,706.0,1015.0,939.0,1991.0,798.0,2133.0,963.0,,,,
15805,08:20.500,08:20.527,2,810.0,694.0,976.0,928.0,1918.0,754.0,2051.0,915.0,,,,
15820,08:21.000,08:21.027,2,798.0,691.0,967.0,931.0,1914.0,753.0,2046.0,913.0,,,,
15835,08:21.500,08:21.527,2,926.0,727.0,1033.0,868.0,2085.0,528.0,2303.0,777.0,,,,
15850,08:22.000,08:22.027,2,1366.0,574.0,1524.0,789.0,188.0,792.0,342.0,967.0,,,,
15865,08:22.500,08:22.527,2,271.0,776.0,416.0,946.0,1409.0,568.0,1569.0,780.0,,,,
15880,08:23.000,08:23.028,2,257.0,801.0,399.0,969.0,1383.0,580.0,1538.0,799.0,,,,
15895,08:23.500,08:23.528,2,1046.0,703.0,1149.0,837.0,2229.0,486.0,2440.0,739.0,,,,
15910,08:24.000,08:24.028,2,951.0,583.0,1117.0,832.0,2141.0,713.0,2301.0,892.0,,,,
15925,08:24.500,08:24.528,2,957.0,571.0,1118.0,819.0,2098.0,697.0,2250.0,870.0,,,,
15940,08:25.000,08:25.028,2,1454.0,694.0,1562.0,837.0,288.0,557.0,498.0,824.0,,,,
15955,08:25.500,08:25.528,2,561.0,532.0,745.0,785.0,1678.0,592.0,1799.0,746.0,,,,
15970,08:26.000,08:26.028,2,702.0,520.0,877.0,767.0,1810.0,583.0,1938.0,741.0,,,,
15985,08:26.500,08:26.528,2,702.0,525.0,877.0,769.0,1813.0,582.0,1940.0,741.0,,,,
16000,08:27.000,08:27.030,2,1808.0,575.0,1936.0,734.0,665.0,523.0,845.0,771.0,,,,
16015,08:27.500,08:27.530,2,1654.0,549.0,1820.0,774.0,530.0,707.0,653.0,863.0,,,,
16030,08:28.000,08:28.030,2,1272.0,582.0,1426.0,794.0,30.0,767.0,197.0,953.0,,,,
16045,08:28.500,08:28.530,2,1265.0,587.0,1416.0,801.0,67.0,767.0,226.0,944.0,,,,
16060,08:29.000,08:29.030,2,455.0,729.0,582.0,884.0,1548.0,544.0,1713.0,770.0,,,,
16074,08:29.500,08:29.530,2,1509.0,694.0,1622.0,847.0,284.0,629.0,506.0,889.0,,,,
16089,08:30.000,08:30.030,1,1201.0,694.0,1304.0,839.0,,,,,,,,
16104,08:30.500,08:30.530,2,1231.0,683.0,1335.0,824.0,-98.0,616.0,140.0,914.0,,,,
16119,08:31.000,08:31.032,2,1235.0,678.0,1340.0,824.0,-93.0,616.0,152.0,924.0,,,,
16134,08:31.500,08:31.532,2,1742.0,678.0,1864.0,832.0,600.0,659.0,786.0,900.0,,,,
16149,08:32.000,08:32.032,2,1846.0,682.0,1972.0,839.0,700.0,632.0,877.0,863.0,,,,
16164,08:32.500,08:32.532,2,695.0,625.0,877.0,857.0,1843.0,681.0,1969.0,839.0,,,,
16179,08:33.000,08:33.032,2,1855.0,680.0,1983.0,834.0,678.0,614.0,858.0,852.0,,,,
16194,08:33.500,08:33.532,2,1850.0,681.0,1979.0,837.0,688.0,624.0,868.0,858.0,,,,
16209,08:34.000,08:34.032,2,697.0,620.0,878.0,851.0,1863.0,685.0,1992.0,840.0,,,,
16224,08:34.500,08:34.532,2,752.0,620.0,930.0,853.0,1920.0,720.0,2055.0,882.0,,,,
16238,08:35.000,08:35.000,2,1751.0,680.0,1934.0,908.0,652.0,830.0,767.0,984.0,,,,
16253,08:35.500,08:35.500,2,1343.0,707.0,1502.0,919.0,154.0,914.0,307.0,1087.0,,,,
16268,08:36.000,08:36.000,2,392.0,864.0,523.0,1027.0,1516.0,674.0,1682.0,899.0,,,,
16283,08:36.500,08:36.500,2,1725.0,779.0,1847.0,931.0,598.0,666.0,772.0,905.0,,,,
16298,08:37.000,08:37.000,2,1437.0,790.0,1545.0,932.0,258.0,668.0,463.0,936.0,,,,
16313,08:37.500,08:37.500,2,1511.0,633.0,1684.0,853.0,388.0,909.0,521.0,1070.0,,,,
16328,08:38.000,08:38.000,2,1553.0,616.0,1727.0,837.0,441.0,917.0,572.0,1076.0,,,,
16343,08:38.500,08:38.500,2,1606.0,576.0,1786.0,807.0,500.0,889.0,627.0,1047.0,,,,
16359,08:39.000,08:39.027,2,516.0,861.0,643.0,1025.0,1590.0,520.0,1770.0,747.0,,,,
16374,08:39.500,08:39.527,1,1136.0,681.0,1240.0,827.0,,,,,,,,
16389,08:40.000,08:40.027,2,884.0,474.0,1071.0,737.0,2172.0,740.0,2340.0,919.0,,,,
16404,08:40.500,08:40.527,2,792.0,511.0,977.0,778.0,2038.0,748.0,2190.0,926.0,,,,
16419,08:41.000,08:41.027,1,1211.0,713.0,1318.0,856.0,,,,,,,,
16434,08:41.500,08:41.527,2,748.0,673.0,862.0,821.0,1867.0,413.0,2079.0,676.0,,,,
16449,08:42.000,08:42.027,2,601.0,780.0,722.0,934.0,1692.0,545.0,1875.0,781.0,,,,
16464,08:42.500,08:42.527,2,578.0,797.0,701.0,955.0,1664.0,564.0,1817.0,787.0,,,,
16479,08:43.000,08:43.028,2,916.0,800.0,1023.0,941.0,2054.0,567.0,2248.0,822.0,,,,
16494,08:43.500,08:43.528,2,655.0,814.0,822.0,1040.0,1790.0,915.0,1917.0,1067.0,,,,
16509,08:44.000,08:44.028,2,1860.0,897.0,1990.0,1054.0,701.0,772.0,868.0,993.0,,,,
16524,08:44.500,08:44.528,2,1291.0,853.0,1396.0,996.0,-33.0,750.0,187.0,1034.0,,,,
16539,08:45.000,08:45.028,2,1365.0,740.0,1522.0,953.0,183.0,838.0,332.0,1013.0,,,,
16554,08:45.500,08:45.528,2,1357.0,731.0,1512.0,943.0,163.0,881.0,317.0,1056.0,,,,
16569,08:46.000,08:46.028,2,1399.0,701.0,1555.0,914.0,240.0,846.0,383.0,1018.0,,,,
16584,08:46.500,08:46.528,2,315.0,828.0,458.0,993.0,1452.0,694.0,1610.0,902.0,,,,
16598,08:47.000,08:47.047,2,1478.0,763.0,1588.0,910.0,267.0,654.0,473.0,910.0,,,,
16613,08:47.500,08:47.530,2,1904.0,819.0,2033.0,975.0,756.0,649.0,921.0,873.0,,,,
16628,08:48.000,08:48.030,2,737.0,641.0,908.0,865.0,1894.0,811.0,2026.0,967.0,,,,
16643,08:48.500,08:48.530,2,696.0,640.0,866.0,859.0,1869.0,795.0,1998.0,945.0,,,,
16658,08:49.000,08:49.030,2,679.0,646.0,849.0,874.0,1844.0,802.0,1971.0,955.0,,,,
16673,08:49.500,08:49.530,1,1219.0,784.0,1320.0,922.0,,,,,,,,
16688,08:50.000,08:50.030,2,1568.0,648.0,1745.0,875.0,454.0,870.0,581.0,1024.0,,,,
16703,08:50.500,08:50.530,2,1523.0,657.0,1697.0,881.0,398.0,865.0,529.0,1025.0,,,,
16718,08:51.000,08:51.032,2,1570.0,648.0,1746.0,871.0,459.0,855.0,587.0,1015.0,,,,
16733,08:51.500,08:51.532,2,992.0,796.0,1096.0,936.0,2176.0,615.0,2412.0,877.0,,,,
16748,08:52.000,08:52.032,2,635.0,649.0,821.0,887.0,1850.0,833.0,1982.0,988.0,,,,
16763,08:52.500,08:52.532,2,637.0,649.0,822.0,885.0,1848.0,855.0,1977.0,1012.0,,,,
16778,08:53.000,08:53.032,2,674.0,653.0,856.0,882.0,1879.0,859.0,2012.0,1028.0,,,,
16793,08:53.500,08:53.532,2,8.0,656.0,265.0,944.0,1363.0,858.0,1474.0,1003.0,,,,
16808,08:54.000,08:54.032,1,1247.0,828.0,1353.0,970.0,,,,,,,,
16823,08:54.500,08:54.532,1,1226.0,832.0,1332.0,973.0,,,,,,,,
16837,08:55.000,08:55.000,1,1206.0,833.0,1313.0,970.0,,,,,,,,
16852,08:55.500,08:55.500,1,1147.0,825.0,1253.0,962.0,,,,,,,,
16867,08:56.000,08:56.000,1,1107.0,834.0,1213.0,974.0,,,,,,,,
16882,08:56.500,08:56.500,2,1524.0,661.0,1699.0,889.0,391.0,920.0,527.0,1081.0,,,,
16897,08:57.000,08:57.000,2,1497.0,650.0,1670.0,877.0,366.0,917.0,505.0,1085.0,,,,
16912,08:57.500,08:57.500,2,1517.0,646.0,1688.0,866.0,394.0,902.0,529.0,1062.0,,,,
16927,08:58.000,08:58.000,2,1572.0,629.0,1746.0,852.0,448.0,854.0,578.0,1014.0,,,,
16943,08:58.500,08:58.525,2,614.0,677.0,800.0,914.0,1815.0,835.0,1944.0,993.0,,,,
16958,08:59.000,08:59.027,2,652.0,665.0,835.0,891.0,1859.0,845.0,1989.0,1001.0,,,,
16973,08:59.500,08:59.527,2,666.0,664.0,848.0,889.0,1875.0,858.0,2008.0,1016.0,,,,
16988,09:00.000,09:00.027,2,664.0,677.0,845.0,920.0,1866.0,865.0,2001.0,1023.0,,,,
17003,09:00.500,09:00.527,2,654.0,676.0,840.0,918.0,1863.0,878.0,1993.0,1034.0,,,,
17018,09:01.000,09:01.027,2,700.0,679.0,881.0,908.0,1900.0,886.0,2036.0,1044.0,,,,
17033,09:01.500,09:01.527,2,853.0,641.0,1026.0,865.0,2079.0,843.0,2230.0,1011.0,,,,
17048,09:02.000,09:02.027,2,858.0,619.0,1032.0,843.0,2084.0,811.0,2235.0,980.0,,,,
17063,09:02.500,09:02.527,2,812.0,622.0,988.0,845.0,2052.0,787.0,2202.0,954.0,,,,
17078,09:03.000,09:03.028,2,814.0,660.0,989.0,880.0,2061.0,818.0,2211.0,988.0,,,,
17093,09:03.500,09:03.528,2,802.0,612.0,978.0,843.0,2030.0,759.0,2179.0,927.0,,,,
17108,09:04.000,09:04.028,2,809.0,634.0,985.0,855.0,2048.0,758.0,2198.0,928.0,,,,
17123,09:04.500,09:04.528,2,808.0,631.0,985.0,854.0,2043.0,738.0,2192.0,909.0,,,,
17138,09:05.000,09:05.028,2,766.0,636.0,944.0,864.0,1989.0,734.0,2133.0,897.0,,,,
17153,09:05.500,09:05.528,2,619.0,712.0,809.0,944.0,1834.0,733.0,1964.0,891.0,,,,
17168,09:06.000,09:06.028,2,1047.0,910.0,1160.0,1044.0,2086.0,289.0,2330.0,554.0,,,,
17183,09:06.500,09:06.528,2,621.0,1033.0,753.0,1182.0,1538.0,408.0,1715.0,630.0,,,,
17198,09:07.000,09:07.030,2,932.0,958.0,1051.0,1108.0,1898.0,355.0,2094.0,597.0,,,,
17213,09:07.500,09:07.530,2,1439.0,759.0,1551.0,901.0,258.0,921.0,438.0,1163.0,,,,
17228,09:08.000,09:08.030,2,1638.0,713.0,1755.0,864.0,490.0,640.0,655.0,882.0,,,,
17243,09:08.500,09:08.530,2,2039.0,561.0,2256.0,821.0,898.0,744.0,1006.0,890.0,,,,
17258,09:09.000,09:09.030,2,252.0,801.0,397.0,971.0,1393.0,601.0,1552.0,820.0,,,,
17273,09:09.500,09:09.530,2,1568.0,587.0,1742.0,816.0,466.0,768.0,598.0,925.0,,,,
17288,09:10.000,09:10.030,2,548.0,599.0,737.0,841.0,1741.0,823.0,1867.0,977.0,,,,
17303,09:10.500,09:10.530,2,696.0,619.0,876.0,847.0,1894.0,893.0,2032.0,1055.0,,,,
17318,09:11.000,09:11.032,2,1046.0,840.0,1150.0,980.0,2116.0,712.0,2296.0,966.0,,,,
17333,09:11.500,09:11.532,2,566.0,920.0,691.0,1071.0,1537.0,717.0,1665.0,937.0,,,,
17348,09:12.000,09:12.032,2,902.0,880.0,1010.0,1024.0,1906.0,746.0,2056.0,984.0,,,,
17363,09:12.500,09:12.532,2,1265.0,863.0,1370.0,1007.0,-77.0,579.0,156.0,868.0,,,,
17378,09:13.000,09:13.032,2,1554.0,718.0,1736.0,950.0,533.0,875.0,658.0,1028.0,,,,
17393,09:13.500,09:13.532,2,618.0,822.0,739.0,970.0,1626.0,633.0,1813.0,861.0,,,,
17408,09:14.000,09:14.032,2,444.0,542.0,649.0,788.0,1695.0,713.0,1819.0,867.0,,,,
17423,09:14.500,09:14.532,2,652.0,477.0,840.0,718.0,1888.0,737.0,2024.0,899.0,,,,
17437,09:15.000,09:15.000,2,1668.0,702.0,1789.0,852.0,383.0,506.0,599.0,757.0,,,,
17452,09:15.500,09:15.500,2,1385.0,663.0,1495.0,806.0,-32.0,540.0,231.0,836.0,,,,
17467,09:16.000,09:16.000,1,1271.0,638.0,1379.0,779.0,,,,,,,,
17482,09:16.500,09:16.500,2,716.0,856.0,834.0,1002.0,1696.0,693.0,1858.0,918.0,,,,
17497,09:17.000,09:17.000,2,957.0,783.0,1067.0,926.0,1970.0,647.0,2151.0,896.0,,,,
17512,09:17.500,09:17.500,1,1242.0,720.0,1351.0,859.0,,,,,,,,
17528,09:18.000,09:18.025,2,1305.0,717.0,1412.0,857.0,-61.0,533.0,157.0,818.0,,,,
17543,09:18.500,09:18.525,2,1864.0,716.0,2002.0,878.0,659.0,578.0,827.0,814.0,,,,
17558,09:19.000,09:19.027,2,803.0,567.0,968.0,794.0,2033.0,745.0,2184.0,921.0,,,,
17573,09:19.500,09:19.527,2,791.0,581.0,954.0,810.0,2016.0,766.0,2165.0,938.0,,,,
17588,09:20.000,09:20.027,2,767.0,580.0,929.0,807.0,1989.0,753.0,2133.0,921.0,,,,
17603,09:20.500,09:20.527,2,784.0,571.0,948.0,797.0,2003.0,757.0,2145.0,924.0,,,,
17618,09:21.000,09:21.027,2,770.0,576.0,933.0,806.0,1988.0,757.0,2130.0,924.0,,,,
17633,09:21.500,09:21.527,2,441.0,813.0,570.0,971.0,1499.0,660.0,1657.0,879.0,,,,
17648,09:22.000,09:22.027,2,1228.0,653.0,1382.0,865.0,72.0,887.0,235.0,1071.0,,,,
17662,09:22.500,09:22.502,2,1329.0,662.0,1488.0,884.0,193.0,892.0,348.0,1068.0,,,,
17678,09:23.000,09:23.028,2,1396.0,668.0,1566.0,892.0,241.0,895.0,389.0,1069.0,,,,
17693,09:23.500,09:23.528,2,1405.0,710.0,1575.0,932.0,261.0,940.0,406.0,1114.0,,,,
17708,09:24.000,09:24.028,2,1444.0,643.0,1609.0,867.0,326.0,849.0,467.0,1017.0,,,,
17721,09:24.500,09:24.503,2,631.0,802.0,751.0,953.0,1703.0,593.0,1886.0,827.0,,,,
17738,09:25.000,09:25.028,1,1223.0,691.0,1328.0,832.0,,,,,,,,
17753,09:25.500,09:25.528,1,1303.0,619.0,1411.0,761.0,,,,,,,,
17768,09:26.000,09:26.028,2,1314.0,615.0,1422.0,759.0,-91.0,412.0,117.0,701.0,,,,
17783,09:26.500,09:26.528,1,1245.0,680.0,1352.0,822.0,,,,,,,,
17798,09:27.000,09:27.030,1,1203.0,742.0,1308.0,882.0,,,,,,,,
17813,09:27.500,09:27.530,1,1207.0,743.0,1314.0,882.0,,,,,,,,
17828,09:28.000,09:28.030,1,1214.0,752.0,1320.0,889.0,,,,,,,,
17843,09:28.500,09:28.530,2,347.0,635.0,561.0,882.0,1640.0,802.0,1759.0,947.0,,,,
17858,09:29.000,09:29.030,2,1422.0,819.0,1531.0,957.0,19.0,639.0,280.0,915.0,,,,
17873,09:29.500,09:29.530,1,1273.0,823.0,1380.0,960.0,,,,,,,,
17888,09:30.000,09:30.030,2,529.0,910.0,655.0,1062.0,1576.0,674.0,1759.0,902.0,,,,
17903,09:30.500,09:30.532,2,2032.0,577.0,2265.0,842.0,933.0,769.0,1040.0,911.0,,,,
17918,09:31.000,09:31.032,1,1163.0,843.0,1267.0,983.0,,,,,,,,
17933,09:31.500,09:31.532,1,1182.0,772.0,1288.0,913.0,,,,,,,,
17948,09:32.000,09:32.032,1,1267.0,752.0,1374.0,894.0,,,,,,,,
17963,09:32.500,09:32.532,1,1249.0,777.0,1354.0,917.0,,,,,,,,
17978,09:33.000,09:33.032,1,1225.0,799.0,1332.0,941.0,,,,,,,,
17993,09:33.500,09:33.532,1,1268.0,771.0,1374.0,912.0,,,,,,,,
18008,09:34.000,09:34.032,2,20.0,601.0,222.0,871.0,1356.0,744.0,1465.0,886.0,,,,
18022,09:34.500,09:34.500,2,1819.0,696.0,1948.0,851.0,617.0,644.0,770.0,863.0,,,,
18037,09:35.000,09:35.000,2,229.0,686.0,414.0,933.0,1493.0,742.0,1606.0,889.0,,,,
18052,09:35.500,09:35.500,2,1275.0,833.0,1382.0,974.0,-86.0,876.0,107.0,1144.0,,,,
18067,09:36.000,09:36.000,1,1160.0,885.0,1265.0,1026.0,,,,,,,,
18082,09:36.500,09:36.500,1,1157.0,866.0,1262.0,1009.0,,,,,,,,
18097,09:37.000,09:37.000,1,1181.0,844.0,1288.0,981.0,,,,,,,,
18113,09:37.500,09:37.525,1,1188.0,832.0,1293.0,969.0,,,,,,,,
18128,09:38.000,09:38.025,1,1223.0,804.0,1330.0,950.0,,,,,,,,
18143,09:38.500,09:38.527,1,1240.0,801.0,1345.0,944.0,,,,,,,,
18158,09:39.000,09:39.027,1,1207.0,881.0,1315.0,1024.0,,,,,,,,
18173,09:39.500,09:39.527,2,1191.0,873.0,1295.0,1015.0,2156.0,819.0,2331.0,1100.0,,,,
18188,09:40.000,09:40.027,2,1142.0,873.0,1246.0,1017.0,2045.0,794.0,2217.0,1074.0,,,,
18203,09:40.500,09:40.527,1,1187.0,786.0,1292.0,927.0,,,,,,,,
18218,09:41.000,09:41.027,2,1300.0,729.0,1408.0,876.0,-94.0,435.0,122.0,734.0,,,,
18233,09:41.500,09:41.527,2,1353.0,762.0,1462.0,908.0,11.0,541.0,223.0,826.0,,,,
18248,09:42.000,09:42.027,1,1190.0,769.0,1296.0,912.0,,,,,,,,
18263,09:42.500,09:42.528,2,1145.0,795.0,1252.0,937.0,2235.0,639.0,2410.0,911.0,,,,
18278,09:43.000,09:43.028,2,1071.0,722.0,1180.0,866.0,2141.0,512.0,2332.0,804.0,,,,
18293,09:43.500,09:43.528,2,932.0,732.0,1040.0,877.0,1962.0,552.0,2140.0,839.0,,,,
18308,09:44.000,09:44.028,2,902.0,753.0,1010.0,897.0,1933.0,544.0,2108.0,823.0,,,,
18323,09:44.500,09:44.528,2,542.0,824.0,668.0,979.0,1541.0,608.0,1693.0,856.0,,,,
18338,09:45.000,09:45.028,2,563.0,787.0,688.0,942.0,1558.0,581.0,1703.0,823.0,,,,
18353,09:45.500,09:45.528,2,953.0,902.0,1061.0,1045.0,1976.0,718.0,2155.0,994.0,,,,
18368,09:46.000,09:46.028,2,1144.0,856.0,1251.0,1000.0,2246.0,719.0,2440.0,1005.0,,,,
18383,09:46.500,09:46.530,1,1203.0,775.0,1310.0,918.0,,,,,,,,
18398,09:47.000,09:47.030,1,1246.0,794.0,1352.0,937.0,,,,,,,,
18413,09:47.500,09:47.530,1,1284.0,703.0,1392.0,845.0,,,,,,,,
18428,09:48.000,09:48.030,1,1232.0,743.0,1337.0,889.0,,,,,,,,
18443,09:48.500,09:48.530,1,1208.0,758.0,1314.0,900.0,,,,,,,,
18458,09:49.000,09:49.030,1,1196.0,751.0,1301.0,893.0,,,,,,,,
18473,09:49.500,09:49.530,1,1192.0,745.0,1297.0,890.0,,,,,,,,
18488,09:50.000,09:50.030,1,1196.0,732.0,1303.0,878.0,,,,,,,,
18503,09:50.500,09:50.532,1,1214.0,744.0,1323.0,893.0,,,,,,,,
18518,09:51.000,09:51.032,1,1218.0,817.0,1324.0,966.0,,,,,,,,
18533,09:51.500,09:51.532,1,1170.0,795.0,1275.0,938.0,,,,,,,,
18548,09:52.000,09:52.032,1,1176.0,802.0,1281.0,946.0,,,,,,,,
18563,09:52.500,09:52.532,1,1155.0,810.0,1261.0,954.0,,,,,,,,
18578,09:53.000,09:53.032,1,1218.0,779.0,1325.0,927.0,,,,,,,,
18593,09:53.500,09:53.532,1,1228.0,888.0,1338.0,1035.0,,,,,,,,
18608,09:54.000,09:54.032,1,1222.0,836.0,1331.0,982.0,,,,,,,,
18622,09:54.500,09:54.500,1,1235.0,802.0,1344.0,949.0,,,,,,,,
18637,09:55.000,09:55.000,1,1165.0,818.0,1272.0,958.0,,,,,,,,
18652,09:55.500,09:55.500,1,1225.0,784.0,1331.0,928.0,,,,,,,,
18667,09:56.000,09:56.000,1,1155.0,767.0,1263.0,915.0,,,,,,,,
18682,09:56.500,09:56.500,1,1171.0,671.0,1281.0,819.0,,,,,,,,
18697,09:57.000,09:57.000,1,1206.0,666.0,1316.0,811.0,,,,,,,,
18713,09:57.500,09:57.525,2,1383.0,936.0,1494.0,1083.0,77.0,828.0,279.0,1110.0,,,,
18728,09:58.000,09:58.025,1,1237.0,958.0,1346.0,1106.0,,,,,,,,
18743,09:58.500,09:58.527,1,1235.0,936.0,1344.0,1087.0,,,,,,,,
18758,09:59.000,09:59.027,1,1214.0,576.0,1324.0,727.0,,,,,,,,
18773,09:59.500,09:59.527,1,1172.0,500.0,1283.0,654.0,,,,,,,,
18788,10:00.000,10:00.027,1,1142.0,608.0,1253.0,758.0,,,,,,,,
18803,10:00.500,10:00.527,1,1202.0,804.0,1308.0,951.0,,,,,,,,
18818,10:01.000,10:01.027,2,1126.0,823.0,1232.0,968.0,2275.0,620.0,2467.0,921.0,,,,
18833,10:01.500,10:01.527,1,1129.0,788.0,1236.0,932.0,,,,,,,,
18848,10:02.000,10:02.027,1,1128.0,771.0,1235.0,917.0,,,,,,,,
18863,10:02.500,10:02.528,1,1118.0,765.0,1224.0,910.0,,,,,,,,
18878,10:03.000,10:03.028,2,981.0,817.0,1089.0,963.0,2067.0,655.0,2271.0,960.0,,,,
18893,10:03.500,10:03.528,2,1082.0,749.0,1192.0,894.0,2223.0,631.0,2423.0,932.0,,,,
18908,10:04.000,10:04.028,1,1137.0,759.0,1245.0,905.0,,,,,,,,
18923,10:04.500,10:04.528,2,1104.0,810.0,1213.0,954.0,2223.0,665.0,2425.0,958.0,,,,
18938,10:05.000,10:05.028,2,1104.0,844.0,1212.0,985.0,2204.0,690.0,2405.0,999.0,,,,
18953,10:05.500,10:05.528,2,1129.0,859.0,1237.0,1003.0,2205.0,782.0,2405.0,1112.0,,,,
18968,10:06.000,10:06.028,1,1200.0,866.0,1305.0,1012.0,,,,,,,,
18983,10:06.500,10:06.530,1,1210.0,848.0,1318.0,997.0,,,,,,,,
18998,10:07.000,10:07.030,1,1323.0,837.0,1432.0,983.0,,,,,,,,
19013,10:07.500,10:07.530,2,849.0,564.0,1028.0,798.0,2166.0,819.0,2336.0,996.0,,,,
19028,10:08.000,10:08.030,2,854.0,628.0,1033.0,858.0,2183.0,837.0,2353.0,1019.0,,,,
19043,10:08.500,10:08.530,2,870.0,731.0,1048.0,963.0,2191.0,1065.0,2366.0,1255.0,,,,
19058,10:09.000,10:09.030,2,891.0,706.0,1064.0,935.0,2180.0,1081.0,2353.0,1269.0,,,,
19073,10:09.500,10:09.530,2,868.0,764.0,1045.0,1002.0,2136.0,1103.0,2298.0,1291.0,,,,
19088,10:10.000,10:10.030,2,957.0,678.0,1130.0,914.0,2284.0,941.0,2443.0,1131.0,,,,
19104,10:10.500,10:10.532,2,930.0,622.0,1106.0,855.0,2163.0,1061.0,2328.0,1244.0,,,,
19120,10:11.000,10:11.032,2,977.0,698.0,1155.0,929.0,2229.0,1145.0,2392.0,1333.0,,,,
19135,10:11.500,10:11.532,2,883.0,612.0,1061.0,847.0,2099.0,1005.0,2257.0,1186.0,,,,
19151,10:12.000,10:12.032,2,886.0,594.0,1062.0,827.0,2096.0,1012.0,2252.0,1187.0,,,,
19167,10:12.500,10:12.532,2,841.0,612.0,1017.0,843.0,2078.0,955.0,2232.0,1130.0,,,,
19183,10:13.000,10:13.032,2,878.0,622.0,1055.0,856.0,2129.0,957.0,2287.0,1138.0,,,,
19199,10:13.500,10:13.532,2,893.0,588.0,1073.0,822.0,2136.0,912.0,2295.0,1091.0,,,,
19214,10:14.000,10:14.032,2,880.0,656.0,1056.0,881.0,2133.0,953.0,2292.0,1131.0,,,,
19229,10:14.500,10:14.500,2,774.0,824.0,952.0,1055.0,2033.0,1004.0,2179.0,1178.0,,,,
19244,10:15.000,10:15.000,2,433.0,823.0,646.0,1077.0,1732.0,1011.0,1861.0,1170.0,,,,
19259,10:15.500,10:15.500,2,1333.0,821.0,1442.0,965.0,-73.0,716.0,191.0,1014.0,,,,
19274,10:16.000,10:16.000,2,874.0,871.0,987.0,1020.0,2030.0,441.0,2328.0,781.0,,,,
19289,10:16.500,10:16.500,2,2135.0,561.0,2403.0,881.0,949.0,862.0,1059.0,1009.0,,,,
19305,10:17.000,10:17.025,2,769.0,747.0,947.0,975.0,2021.0,908.0,2171.0,1080.0,,,,
19320,10:17.500,10:17.525,2,898.0,687.0,1075.0,913.0,2148.0,1008.0,2311.0,1187.0,,,,
19335,10:18.000,10:18.025,2,723.0,704.0,907.0,940.0,1934.0,1004.0,2075.0,1169.0,,,,
19350,10:18.500,10:18.527,2,519.0,693.0,715.0,933.0,1742.0,945.0,1866.0,1096.0,,,,
19365,10:19.000,10:19.027,2,401.0,776.0,608.0,1023.0,1640.0,1010.0,1759.0,1158.0,,,,
19380,10:19.500,10:19.527,2,1376.0,1062.0,1484.0,1203.0,9.0,897.0,264.0,1185.0,,,,
19395,10:20.000,10:20.027,2,180.0,877.0,413.0,1141.0,1481.0,1045.0,1593.0,1191.0,,,,
19410,10:20.500,10:20.527,2,166.0,776.0,397.0,1041.0,1479.0,960.0,1591.0,1105.0,,,,
19425,10:21.000,10:21.027,2,631.0,733.0,814.0,964.0,1836.0,963.0,1968.0,1124.0,,,,
19440,10:21.500,10:21.527,2,617.0,665.0,803.0,901.0,1839.0,883.0,1969.0,1044.0,,,,
19455,10:22.000,10:22.027,2,405.0,573.0,610.0,825.0,1646.0,826.0,1764.0,975.0,,,,
19470,10:22.500,10:22.528,1,1127.0,490.0,1235.0,639.0,,,,,,,,
19485,10:23.000,10:23.028,1,908.0,363.0,1028.0,522.0,,,,,,,,
19500,10:23.500,10:23.528,2,889.0,376.0,1078.0,611.0,2286.0,270.0,2456.0,473.0,,,,
19515,10:24.000,10:24.028,1,913.0,408.0,1107.0,648.0,,,,,,,,
19530,10:24.500,10:24.528,2,980.0,597.0,1152.0,824.0,2302.0,813.0,2455.0,1000.0,,,,
19545,10:25.000,10:25.028,2,925.0,589.0,1099.0,817.0,2232.0,800.0,2395.0,984.0,,,,
19560,10:25.500,10:25.528,2,885.0,692.0,1056.0,909.0,2161.0,943.0,2323.0,1122.0,,,,
19575,10:26.000,10:26.028,2,758.0,763.0,935.0,987.0,2001.0,925.0,2143.0,1092.0,,,,
19590,10:26.500,10:26.530,2,698.0,755.0,878.0,978.0,1932.0,843.0,2068.0,1005.0,,,,
19605,10:27.000,10:27.030,2,755.0,810.0,923.0,1033.0,1941.0,917.0,2074.0,1086.0,,,,
19620,10:27.500,10:27.530,2,748.0,739.0,927.0,971.0,1988.0,864.0,2135.0,1039.0,,,,
19635,10:28.000,10:28.030,2,1453.0,757.0,1565.0,906.0,88.0,741.0,338.0,1020.0,,,,
19650,10:28.500,10:28.530,2,0.0,731.0,259.0,1024.0,1386.0,756.0,1498.0,899.0,,,,
19665,10:29.000,10:29.030,2,675.0,703.0,862.0,947.0,1921.0,882.0,2062.0,1048.0,,,,
19680,10:29.500,10:29.530,2,163.0,715.0,400.0,995.0,1483.0,920.0,1596.0,1066.0,,,,
19694,10:30.000,10:30.005,2,1461.0,496.0,1667.0,775.0,243.0,826.0,395.0,1001.0,,,,
19710,10:30.500,10:30.532,2,1351.0,472.0,1547.0,740.0,109.0,787.0,272.0,972.0,,,,
19725,10:31.000,10:31.032,2,1360.0,843.0,1470.0,990.0,-11.0,708.0,231.0,994.0,,,,
19740,10:31.500,10:31.532,2,843.0,683.0,1017.0,924.0,2109.0,949.0,2273.0,1129.0,,,,
19755,10:32.000,10:32.032,2,852.0,702.0,1030.0,939.0,2061.0,987.0,2213.0,1163.0,,,,
19770,10:32.500,10:32.532,2,756.0,740.0,934.0,973.0,1916.0,992.0,2052.0,1164.0,,,,
19785,10:33.000,10:33.032,2,656.0,756.0,842.0,993.0,1793.0,1063.0,1921.0,1232.0,,,,
19800,10:33.500,10:33.532,2,661.0,794.0,846.0,1030.0,1799.0,1100.0,1927.0,1271.0,,,,
19815,10:34.000,10:34.032,2,810.0,668.0,986.0,898.0,1973.0,903.0,2112.0,1072.0,,,,
19829,10:34.500,10:34.500,2,756.0,580.0,941.0,824.0,1991.0,833.0,2130.0,1003.0,,,,
19844,10:35.000,10:35.000,2,1480.0,600.0,1686.0,872.0,415.0,814.0,547.0,974.0,,,,
19859,10:35.500,10:35.500,2,1364.0,629.0,1561.0,886.0,359.0,877.0,498.0,1043.0,,,,
19874,10:36.000,10:36.000,2,1738.0,555.0,1934.0,806.0,791.0,734.0,905.0,887.0,,,,
19889,10:36.500,10:36.500,2,1139.0,776.0,1245.0,923.0,2187.0,634.0,2420.0,907.0,,,,
19905,10:37.000,10:37.025,2,385.0,521.0,601.0,785.0,1641.0,736.0,1760.0,892.0,,,,
19919,10:37.500,10:37.500,2,705.0,510.0,896.0,758.0,1925.0,788.0,2061.0,954.0,,,,
19935,10:38.000,10:38.025,2,680.0,600.0,865.0,842.0,1870.0,818.0,2001.0,971.0,,,,
19950,10:38.500,10:38.527,2,967.0,760.0,1137.0,984.0,2224.0,946.0,2386.0,1128.0,,,,
19965,10:39.000,10:39.027,2,964.0,779.0,1115.0,995.0,2178.0,898.0,2339.0,1074.0,,,,
19980,10:39.500,10:39.527,2,1173.0,821.0,1276.0,956.0,2251.0,639.0,2476.0,910.0,,,,
19995,10:40.000,10:40.027,2,1601.0,540.0,1788.0,779.0,658.0,797.0,775.0,946.0,,,,
20010,10:40.500,10:40.527,2,564.0,813.0,687.0,960.0,1521.0,585.0,1677.0,810.0,,,,
20023,10:41.000,10:41.010,2,765.0,784.0,878.0,930.0,1711.0,603.0,1871.0,835.0,,,,
20039,10:41.500,10:41.527,2,478.0,650.0,663.0,900.0,1665.0,831.0,1786.0,984.0,,,,
20054,10:42.000,10:42.027,2,667.0,647.0,857.0,886.0,1896.0,844.0,2033.0,1007.0,,,,
20069,10:42.500,10:42.528,2,646.0,635.0,834.0,872.0,1890.0,817.0,2026.0,976.0,,,,
20083,10:43.000,10:43.012,2,1571.0,616.0,1757.0,846.0,599.0,808.0,719.0,959.0,,,,
20099,10:43.500,10:43.528,2,470.0,820.0,599.0,974.0,1435.0,625.0,1589.0,843.0,,,,
20114,10:44.000,10:44.028,2,557.0,799.0,681.0,948.0,1479.0,636.0,1625.0,853.0,,,,
20129,10:44.500,10:44.528,2,530.0,860.0,656.0,1015.0,1430.0,644.0,1565.0,859.0,,,,
20144,10:45.000,10:45.028,2,552.0,843.0,677.0,991.0,1466.0,620.0,1584.0,835.0,,,,
20159,10:45.500,10:45.528,2,565.0,848.0,690.0,996.0,1485.0,623.0,1600.0,834.0,,,,
20174,10:46.000,10:46.028,2,816.0,813.0,929.0,954.0,1726.0,614.0,1849.0,834.0,,,,
20189,10:46.500,10:46.530,2,611.0,641.0,796.0,873.0,1856.0,735.0,1990.0,900.0,,,,
20204,10:47.000,10:47.030,2,642.0,624.0,830.0,856.0,1924.0,752.0,2064.0,919.0,,,,
20219,10:47.500,10:47.530,2,541.0,647.0,732.0,886.0,1788.0,765.0,1918.0,922.0,,,,
20234,10:48.000,10:48.030,2,1542.0,623.0,1728.0,860.0,585.0,805.0,711.0,957.0,,,,
20249,10:48.500,10:48.530,2,1304.0,620.0,1481.0,846.0,311.0,847.0,455.0,1013.0,,,,
20264,10:49.000,10:49.030,2,1293.0,651.0,1469.0,877.0,302.0,878.0,446.0,1046.0,,,,
20279,10:49.500,10:49.530,2,1309.0,644.0,1481.0,866.0,337.0,906.0,478.0,1070.0,,,,
20294,10:50.000,10:50.030,2,1311.0,650.0,1484.0,873.0,325.0,908.0,471.0,1073.0,,,,
20309,10:50.500,10:50.515,2,1314.0,662.0,1486.0,887.0,329.0,925.0,472.0,1089.0,,,,
20324,10:51.000,10:51.032,2,708.0,766.0,802.0,885.0,2091.0,455.0,2348.0,750.0,,,,
20339,10:51.500,10:51.532,2,854.0,736.0,946.0,852.0,1515.0,691.0,1600.0,816.0,,,,
20354,10:52.000,10:52.032,1,1874.0,704.0,1982.0,835.0,,,,,,,,
20369,10:52.500,10:52.532,2,2195.0,698.0,2324.0,848.0,1416.0,701.0,1504.0,823.0,,,,
20384,10:53.000,10:53.032,2,2111.0,704.0,2236.0,850.0,1352.0,710.0,1439.0,827.0,,,,
20399,10:53.500,10:53.532,2,1359.0,661.0,1446.0,783.0,2133.0,660.0,2259.0,809.0,,,,
20414,10:54.000,10:54.032,2,1339.0,679.0,1427.0,795.0,2106.0,676.0,2238.0,823.0,,,,
20428,10:54.500,10:54.500,2,1340.0,678.0,1427.0,795.0,2110.0,670.0,2244.0,818.0,,,,
20443,10:55.000,10:55.000,2,1311.0,665.0,1398.0,779.0,2073.0,651.0,2200.0,799.0,,,,
20458,10:55.500,10:55.500,2,1792.0,652.0,1895.0,789.0,1092.0,679.0,1178.0,798.0,,,,
20474,10:56.000,10:56.025,2,1615.0,703.0,1708.0,825.0,964.0,729.0,1051.0,839.0,,,,
20489,10:56.500,10:56.525,2,1741.0,798.0,1831.0,924.0,1098.0,762.0,1183.0,881.0,,,,
20504,10:57.000,10:57.025,2,1115.0,799.0,1200.0,920.0,1758.0,817.0,1854.0,943.0,,,,
20519,10:57.500,10:57.525,2,869.0,858.0,958.0,971.0,1488.0,807.0,1578.0,929.0,,,,
20534,10:58.000,10:58.025,3,1130.0,814.0,1215.0,926.0,461.0,886.0,570.0,1017.0,1824.0,531.0,1977.0,774.0
20549,10:58.500,10:58.527,3,881.0,865.0,970.0,977.0,95.0,923.0,229.0,1064.0,1574.0,612.0,1711.0,852.0
20564,10:59.000,10:59.027,2,989.0,772.0,1075.0,886.0,1622.0,788.0,1714.0,912.0,,,,
20579,10:59.500,10:59.527,2,1338.0,711.0,1423.0,831.0,2022.0,825.0,2135.0,962.0,,,,
20594,11:00.000,11:00.027,2,1335.0,680.0,1419.0,799.0,2024.0,774.0,2137.0,914.0,,,,
20609,11:00.500,11:00.527,2,1260.0,661.0,1345.0,772.0,1941.0,667.0,2049.0,801.0,,,,
20624,11:01.000,11:01.027,2,1836.0,669.0,1939.0,799.0,1177.0,673.0,1262.0,785.0,,,,
20639,11:01.500,11:01.527,2,1161.0,672.0,1249.0,784.0,1816.0,666.0,1920.0,794.0,,,,
20654,11:02.000,11:02.028,2,1096.0,637.0,1181.0,746.0,1741.0,626.0,1840.0,760.0,,,,
20669,11:02.500,11:02.528,2,1139.0,632.0,1225.0,741.0,1795.0,629.0,1896.0,760.0,,,,
20684,11:03.000,11:03.028,2,1834.0,649.0,1937.0,780.0,1176.0,648.0,1261.0,761.0,,,,
20699,11:03.500,11:03.528,2,1840.0,651.0,1944.0,784.0,1180.0,652.0,1266.0,768.0,,,,
20714,11:04.000,11:04.028,2,1826.0,675.0,1927.0,806.0,1169.0,679.0,1253.0,791.0,,,,
20729,11:04.500,11:04.528,2,1177.0,692.0,1263.0,803.0,1838.0,691.0,1941.0,821.0,,,,
20744,11:05.000,11:05.028,2,1182.0,690.0,1269.0,805.0,1844.0,695.0,1948.0,824.0,,,,
20759,11:05.500,11:05.528,2,1189.0,688.0,1275.0,801.0,1849.0,691.0,1952.0,820.0,,,,
20774,11:06.000,11:06.030,2,1860.0,682.0,1965.0,812.0,1197.0,681.0,1282.0,796.0,,,,
20789,11:06.500,11:06.530,2,1865.0,686.0,1969.0,815.0,1203.0,682.0,1286.0,798.0,,,,
20804,11:07.000,11:07.030,2,1864.0,682.0,1968.0,811.0,1204.0,680.0,1288.0,792.0,,,,
20819,11:07.500,11:07.530,2,1203.0,687.0,1288.0,799.0,1862.0,688.0,1967.0,818.0,,,,
20834,11:08.000,11:08.030,2,1205.0,691.0,1290.0,802.0,1866.0,692.0,1970.0,822.0,,,,
20849,11:08.500,11:08.530,2,1872.0,680.0,1978.0,810.0,1209.0,674.0,1296.0,790.0,,,,
20864,11:09.000,11:09.030,2,1867.0,675.0,1971.0,807.0,1205.0,676.0,1290.0,789.0,,,,
20879,11:09.500,11:09.530,2,1874.0,675.0,1980.0,805.0,1210.0,672.0,1297.0,785.0,,,,
20894,11:10.000,11:10.032,2,1877.0,685.0,1981.0,812.0,1211.0,677.0,1300.0,792.0,,,,
20909,11:10.500,11:10.532,2,1877.0,686.0,1981.0,813.0,1211.0,680.0,1297.0,793.0,,,,
20924,11:11.000,11:11.032,2,1881.0,681.0,1984.0,810.0,1214.0,673.0,1300.0,790.0,,,,
20939,11:11.500,11:11.532,2,1878.0,674.0,1983.0,804.0,1214.0,669.0,1299.0,785.0,,,,
20954,11:12.000,11:12.032,2,1215.0,664.0,1299.0,775.0,1879.0,668.0,1982.0,798.0,,,,
20969,11:12.500,11:12.532,2,1212.0,658.0,1298.0,773.0,1880.0,663.0,1991.0,796.0,,,,
20984,11:13.000,11:13.032,2,1888.0,667.0,2003.0,800.0,1214.0,661.0,1299.0,774.0,,,,
20999,11:13.500,11:13.532,2,1886.0,674.0,2000.0,806.0,1219.0,665.0,1306.0,783.0,,,,
21013,11:14.000,11:14.000,2,1222.0,657.0,1307.0,769.0,1884.0,670.0,1998.0,801.0,,,,
21028,11:14.500,11:14.500,2,1221.0,657.0,1305.0,770.0,1885.0,668.0,1998.0,798.0,,,,
21043,11:15.000,11:15.000,2,1220.0,659.0,1304.0,770.0,1885.0,668.0,1999.0,799.0,,,,
21059,11:15.500,11:15.525,2,1886.0,663.0,2000.0,794.0,1222.0,657.0,1305.0,766.0,,,,
21074,11:16.000,11:16.025,2,1883.0,675.0,1989.0,805.0,1223.0,662.0,1309.0,773.0,,,,
21089,11:16.500,11:16.525,2,1880.0,681.0,1984.0,808.0,1226.0,661.0,1313.0,771.0,,,,
21104,11:17.000,11:17.025,2,1885.0,673.0,1990.0,801.0,1232.0,656.0,1316.0,765.0,,,,
21119,11:17.500,11:17.525,2,1885.0,666.0,1991.0,798.0,1232.0,653.0,1316.0,765.0,,,,
21134,11:18.000,11:18.027,2,1229.0,647.0,1315.0,758.0,1882.0,657.0,1985.0,794.0,,,,
21149,11:18.500,11:18.527,2,1887.0,658.0,1993.0,791.0,1235.0,646.0,1318.0,756.0,,,,
21164,11:19.000,11:19.027,2,1890.0,666.0,1995.0,797.0,1237.0,651.0,1322.0,761.0,,,,
21179,11:19.500,11:19.527,2,1900.0,668.0,2005.0,799.0,1243.0,647.0,1329.0,759.0,,,,
21194,11:20.000,11:20.027,2,1240.0,643.0,1326.0,753.0,1897.0,658.0,2003.0,790.0,,,,
21209,11:20.500,11:20.527,2,1241.0,638.0,1326.0,747.0,1897.0,655.0,2004.0,787.0,,,,
21224,11:21.000,11:21.027,2,1242.0,642.0,1327.0,750.0,1897.0,657.0,2005.0,789.0,,,,
21239,11:21.500,11:21.527,2,1243.0,635.0,1327.0,745.0,1898.0,654.0,2005.0,787.0,,,,
21254,11:22.000,11:22.028,2,1249.0,641.0,1332.0,751.0,1906.0,662.0,2013.0,794.0,,,,
21269,11:22.500,11:22.528,2,1248.0,643.0,1332.0,750.0,1904.0,663.0,2011.0,796.0,,,,
21284,11:23.000,11:23.028,2,1251.0,631.0,1335.0,740.0,1910.0,650.0,2017.0,783.0,,,,
21299,11:23.500,11:23.528,2,1912.0,646.0,2018.0,779.0,1252.0,626.0,1335.0,735.0,,,,
21314,11:24.000,11:24.028,2,1913.0,643.0,2019.0,778.0,1251.0,625.0,1334.0,734.0,,,,
21329,11:24.500,11:24.528,2,1254.0,627.0,1338.0,737.0,1916.0,645.0,2022.0,781.0,,,,
21344,11:25.000,11:25.028,2,1256.0,633.0,1340.0,737.0,1917.0,646.0,2025.0,783.0,,,,
21359,11:25.500,11:25.528,2,1256.0,639.0,1341.0,746.0,1918.0,657.0,2025.0,793.0,,,,
21374,11:26.000,11:26.030,2,1254.0,641.0,1337.0,749.0,1914.0,660.0,2021.0,795.0,,,,
21389,11:26.500,11:26.530,2,1255.0,634.0,1341.0,743.0,1917.0,654.0,2025.0,789.0,,,,
21404,11:27.000,11:27.030,2,1257.0,633.0,1342.0,742.0,1920.0,653.0,2028.0,789.0,,,,
21420,11:27.500,11:27.513,2,1257.0,633.0,1342.0,744.0,1919.0,656.0,2027.0,791.0,,,,
21436,11:28.000,11:28.030,2,1252.0,630.0,1335.0,739.0,1911.0,644.0,2020.0,788.0,,,,
21451,11:28.500,11:28.530,2,1914.0,652.0,2021.0,787.0,1253.0,633.0,1337.0,741.0,,,,
21467,11:29.000,11:29.030,2,1927.0,645.0,2034.0,779.0,1262.0,621.0,1346.0,731.0,,,,
21482,11:29.500,11:29.530,2,1929.0,645.0,2038.0,782.0,1265.0,621.0,1349.0,732.0,,,,
21498,11:30.000,11:30.032,2,1263.0,619.0,1346.0,730.0,1927.0,643.0,2035.0,777.0,,,,
21513,11:30.500,11:30.532,2,1934.0,651.0,2043.0,785.0,1269.0,622.0,1355.0,734.0,,,,
21529,11:31.000,11:31.032,2,1932.0,647.0,2041.0,785.0,1267.0,624.0,1352.0,735.0,,,,
21544,11:31.500,11:31.532,2,1937.0,641.0,2043.0,777.0,1270.0,617.0,1356.0,728.0,,,,
21559,11:32.000,11:32.032,2,1943.0,644.0,2050.0,777.0,1272.0,611.0,1359.0,727.0,,,,
21574,11:32.500,11:32.532,2,1270.0,614.0,1357.0,731.0,1940.0,648.0,2049.0,782.0,,,,
21589,11:33.000,11:33.032,2,1937.0,643.0,2044.0,779.0,1268.0,612.0,1355.0,728.0,,,,
21604,11:33.500,11:33.532,2,1262.0,628.0,1347.0,739.0,1927.0,656.0,2035.0,792.0,,,,
21618,11:34.000,11:34.000,2,1260.0,631.0,1345.0,741.0,1926.0,662.0,2033.0,795.0,,,,
21633,11:34.500,11:34.500,2,1262.0,630.0,1347.0,741.0,1928.0,660.0,2036.0,797.0,,,,
21649,11:35.000,11:35.025,2,1912.0,679.0,2019.0,810.0,1253.0,643.0,1338.0,757.0,,,,
21664,11:35.500,11:35.525,2,1234.0,696.0,1315.0,804.0,1878.0,730.0,1981.0,856.0,,,,
21679,11:36.000,11:36.025,2,1276.0,716.0,1360.0,826.0,1932.0,715.0,2042.0,838.0,,,,
21694,11:36.500,11:36.525,2,1921.0,730.0,2028.0,860.0,1265.0,732.0,1350.0,837.0,,,,
21709,11:37.000,11:37.025,2,1273.0,721.0,1357.0,830.0,1930.0,725.0,2039.0,852.0,,,,
21724,11:37.500,11:37.525,2,1273.0,716.0,1359.0,828.0,1930.0,720.0,2040.0,848.0,,,,
21739,11:38.000,11:38.027,2,1928.0,717.0,2034.0,845.0,1268.0,711.0,1354.0,823.0,,,,
21754,11:38.500,11:38.527,2,1948.0,709.0,2055.0,837.0,1285.0,698.0,1369.0,810.0,,,,
21769,11:39.000,11:39.027,2,1954.0,716.0,2063.0,844.0,1289.0,705.0,1373.0,818.0,,,,
21784,11:39.500,11:39.527,2,1295.0,703.0,1379.0,818.0,1958.0,718.0,2070.0,848.0,,,,
21799,11:40.000,11:40.027,2,1297.0,701.0,1383.0,820.0,1963.0,719.0,2074.0,850.0,,,,
21814,11:40.500,11:40.527,2,1967.0,717.0,2078.0,849.0,1300.0,698.0,1387.0,817.0,,,,
21829,11:41.000,11:41.027,2,1304.0,706.0,1389.0,820.0,1970.0,722.0,2081.0,852.0,,,,
21844,11:41.500,11:41.527,2,1307.0,707.0,1391.0,822.0,1975.0,725.0,2084.0,856.0,,,,
21859,11:42.000,11:42.028,2,1974.0,716.0,2085.0,849.0,1306.0,700.0,1390.0,814.0,,,,
21874,11:42.500,11:42.528,2,1975.0,711.0,2084.0,843.0,1307.0,696.0,1391.0,809.0,,,,
21889,11:43.000,11:43.028,2,1975.0,710.0,2084.0,842.0,1307.0,695.0,1391.0,810.0,,,,
21904,11:43.500,11:43.528,2,1975.0,708.0,2084.0,840.0,1305.0,692.0,1390.0,806.0,,,,
21919,11:44.000,11:44.028,2,1972.0,711.0,2082.0,843.0,1302.0,693.0,1387.0,806.0,,,,
21934,11:44.500,11:44.528,2,924.0,740.0,1010.0,851.0,1534.0,733.0,1627.0,852.0,,,,
21949,11:45.000,11:45.028,3,800.0,773.0,890.0,885.0,1406.0,735.0,1495.0,843.0,2252.0,420.0,2474.0,736.0
21964,11:45.500,11:45.528,2,1428.0,728.0,1518.0,841.0,821.0,763.0,913.0,879.0,,,,
21979,11:46.000,11:46.030,2,857.0,751.0,948.0,862.0,1465.0,722.0,1555.0,835.0,,,,
21994,11:46.500,11:46.530,2,1517.0,693.0,1608.0,811.0,908.0,719.0,996.0,828.0,,,,
22009,11:47.000,11:47.030,2,925.0,707.0,1013.0,818.0,1535.0,686.0,1624.0,804.0,,,,
22024,11:47.500,11:47.530,2,1538.0,681.0,1629.0,801.0,929.0,701.0,1016.0,815.0,,,,
22039,11:48.000,11:48.030,2,1539.0,681.0,1629.0,801.0,929.0,704.0,1016.0,816.0,,,,
22054,11:48.500,11:48.530,2,1543.0,677.0,1632.0,797.0,932.0,701.0,1019.0,812.0,,,,
22069,11:49.000,11:49.030,2,932.0,700.0,1018.0,808.0,1541.0,673.0,1631.0,796.0,,,,
22084,11:49.500,11:49.530,2,1545.0,673.0,1633.0,790.0,934.0,697.0,1022.0,806.0,,,,
22099,11:50.000,11:50.032,2,938.0,694.0,1027.0,804.0,1551.0,674.0,1642.0,791.0,,,,
22114,11:50.500,11:50.532,2,1560.0,679.0,1650.0,802.0,948.0,700.0,1035.0,811.0,,,,
22129,11:51.000,11:51.032,2,950.0,688.0,1038.0,800.0,1562.0,674.0,1654.0,790.0,,,,
22144,11:51.500,11:51.532,2,950.0,683.0,1037.0,791.0,1561.0,658.0,1654.0,784.0,,,,
22159,11:52.000,11:52.032,2,948.0,676.0,1036.0,787.0,1560.0,654.0,1652.0,779.0,,,,
22174,11:52.500,11:52.532,2,1568.0,652.0,1661.0,774.0,958.0,671.0,1040.0,780.0,,,,
22189,11:53.000,11:53.032,2,1580.0,645.0,1673.0,765.0,965.0,659.0,1053.0,768.0,,,,
22204,11:53.500,11:53.523,2,1581.0,645.0,1673.0,762.0,967.0,659.0,1054.0,769.0,,,,
22219,11:54.000,11:54.025,2,1580.0,643.0,1671.0,761.0,966.0,658.0,1052.0,768.0,,,,
22234,11:54.500,11:54.525,2,962.0,660.0,1049.0,771.0,1576.0,642.0,1670.0,768.0,,,,
22249,11:55.000,11:55.025,2,1582.0,641.0,1674.0,759.0,967.0,651.0,1056.0,763.0,,,,
22264,11:55.500,11:55.525,2,1600.0,631.0,1691.0,752.0,982.0,640.0,1069.0,748.0,,,,
22279,11:56.000,11:56.025,2,1602.0,623.0,1696.0,745.0,986.0,634.0,1072.0,741.0,,,,
22294,11:56.500,11:56.525,2,999.0,616.0,1086.0,724.0,1620.0,612.0,1711.0,733.0,,,,
22309,11:57.000,11:57.025,2,1005.0,609.0,1091.0,718.0,1627.0,603.0,1721.0,725.0,,,,
22324,11:57.500,11:57.525,2,1632.0,596.0,1724.0,719.0,1009.0,605.0,1095.0,713.0,,,,
22339,11:58.000,11:58.027,2,1666.0,625.0,1763.0,746.0,1044.0,627.0,1128.0,734.0,,,,
22354,11:58.500,11:58.527,2,1737.0,591.0,1833.0,720.0,1103.0,585.0,1188.0,694.0,,,,
22369,11:59.000,11:59.027,2,1128.0,588.0,1213.0,699.0,1765.0,608.0,1863.0,732.0,,,,
22384,11:59.500,11:59.527,2,1771.0,592.0,1869.0,720.0,1132.0,574.0,1218.0,684.0,,,,
22399,12:00.000,12:00.027,2,1772.0,582.0,1869.0,710.0,1131.0,568.0,1214.0,677.0,,,,
22414,12:00.500,12:00.527,2,1774.0,576.0,1873.0,704.0,1133.0,563.0,1218.0,671.0,,,,
22429,12:01.000,12:01.027,2,1775.0,577.0,1875.0,703.0,1136.0,563.0,1219.0,671.0,,,,
22444,12:01.500,12:01.527,2,1778.0,581.0,1878.0,708.0,1138.0,568.0,1221.0,676.0,,,,
22459,12:02.000,12:02.028,2,1784.0,584.0,1883.0,710.0,1145.0,568.0,1229.0,675.0,,,,
22474,12:02.500,12:02.528,2,1787.0,587.0,1887.0,715.0,1147.0,571.0,1231.0,679.0,,,,
22489,12:03.000,12:03.028,2,1794.0,586.0,1893.0,714.0,1151.0,568.0,1236.0,674.0,,,,
22504,12:03.500,12:03.528,2,1792.0,584.0,1893.0,709.0,1153.0,562.0,1238.0,672.0,,,,
22519,12:04.000,12:04.028,2,1795.0,582.0,1894.0,708.0,1156.0,560.0,1240.0,671.0,,,,
22534,12:04.500,12:04.528,2,1157.0,554.0,1242.0,664.0,1799.0,572.0,1897.0,701.0,,,,
22549,12:05.000,12:05.028,2,1159.0,551.0,1243.0,663.0,1800.0,571.0,1898.0,699.0,,,,
22564,12:05.500,12:05.528,2,1799.0,578.0,1898.0,705.0,1158.0,558.0,1243.0,668.0,,,,
22579,12:06.000,12:06.030,2,1158.0,557.0,1242.0,668.0,1799.0,578.0,1897.0,705.0,,,,
22594,12:06.500,12:06.530,2,1157.0,547.0,1241.0,659.0,1799.0,565.0,1898.0,696.0,,,,
22609,12:07.000,12:07.030,2,1160.0,543.0,1246.0,657.0,1803.0,564.0,1902.0,695.0,,,,
22624,12:07.500,12:07.530,2,1162.0,547.0,1248.0,659.0,1804.0,570.0,1905.0,698.0,,,,
22639,12:08.000,12:08.030,2,1158.0,548.0,1243.0,659.0,1800.0,564.0,1898.0,698.0,,,,
22654,12:08.500,12:08.530,2,1814.0,626.0,1914.0,757.0,1176.0,586.0,1261.0,700.0,,,,
22669,12:09.000,12:09.030,2,1218.0,611.0,1300.0,720.0,1862.0,654.0,1963.0,787.0,,,,
22684,12:09.500,12:09.530,2,1880.0,641.0,1983.0,771.0,1231.0,584.0,1314.0,698.0,,,,
22699,12:10.000,12:10.032,2,1224.0,590.0,1307.0,702.0,1872.0,641.0,1974.0,773.0,,,,
22714,12:10.500,12:10.532,2,1220.0,584.0,1305.0,697.0,1870.0,635.0,1972.0,767.0,,,,
22729,12:11.000,12:11.032,2,1220.0,589.0,1304.0,701.0,1869.0,638.0,1970.0,768.0,,,,
22744,12:11.500,12:11.532,2,1225.0,583.0,1310.0,695.0,1874.0,631.0,1977.0,764.0,,,,
22759,12:12.000,12:12.032,2,1225.0,601.0,1309.0,707.0,1873.0,640.0,1976.0,776.0,,,,
22774,12:12.500,12:12.532,2,1222.0,593.0,1305.0,703.0,1870.0,640.0,1973.0,772.0,,,,
22789,12:13.000,12:13.032,2,1225.0,590.0,1307.0,701.0,1873.0,639.0,1976.0,772.0,,,,
22804,12:13.500,12:13.532,2,1225.0,586.0,1310.0,698.0,1874.0,638.0,1978.0,768.0,,,,
22819,12:14.000,12:14.025,2,1879.0,644.0,1982.0,773.0,1229.0,593.0,1313.0,704.0,,,,
22834,12:14.500,12:14.525,2,1882.0,640.0,1983.0,770.0,1230.0,589.0,1314.0,701.0,,,,
22849,12:15.000,12:15.025,2,1878.0,640.0,1980.0,770.0,1228.0,592.0,1311.0,703.0,,,,
22864,12:15.500,12:15.525,2,1236.0,578.0,1320.0,688.0,1889.0,625.0,1992.0,757.0,,,,
22879,12:16.000,12:16.025,2,1883.0,702.0,1984.0,827.0,1234.0,651.0,1317.0,762.0,,,,
22894,12:16.500,12:16.525,2,1206.0,648.0,1289.0,760.0,1848.0,691.0,1948.0,824.0,,,,
22909,12:17.000,12:17.025,2,1188.0,662.0,1271.0,774.0,1827.0,707.0,1924.0,832.0,,,,
22924,12:17.500,12:17.525,2,1841.0,696.0,1941.0,823.0,1199.0,649.0,1283.0,762.0,,,,
22939,12:18.000,12:18.027,2,1843.0,698.0,1943.0,824.0,1200.0,645.0,1285.0,758.0,,,,
22954,12:18.500,12:18.527,2,1186.0,644.0,1271.0,759.0,1828.0,693.0,1927.0,819.0,,,,
22969,12:19.000,12:19.027,2,1829.0,676.0,1927.0,806.0,1188.0,632.0,1271.0,743.0,,,,
22984,12:19.500,12:19.527,2,1827.0,689.0,1927.0,816.0,1186.0,639.0,1271.0,755.0,,,,
22999,12:20.000,12:20.027,2,1814.0,686.0,1913.0,813.0,1177.0,640.0,1260.0,752.0,,,,
23014,12:20.500,12:20.527,2,1168.0,635.0,1254.0,745.0,1806.0,677.0,1905.0,806.0,,,,
23029,12:21.000,12:21.027,2,1173.0,636.0,1258.0,746.0,1812.0,674.0,1912.0,802.0,,,,
23044,12:21.500,12:21.528,2,1803.0,674.0,1903.0,804.0,1164.0,641.0,1250.0,753.0,,,,
23059,12:22.000,12:22.028,2,1816.0,676.0,1916.0,804.0,1175.0,641.0,1259.0,752.0,,,,
23074,12:22.500,12:22.528,2,1181.0,630.0,1265.0,739.0,1823.0,667.0,1922.0,796.0,,,,
23089,12:23.000,12:23.028,2,1180.0,626.0,1266.0,737.0,1822.0,665.0,1922.0,795.0,,,,
23104,12:23.500,12:23.528,2,1179.0,626.0,1264.0,737.0,1821.0,660.0,1921.0,794.0,,,,
23119,12:24.000,12:24.028,2,1182.0,629.0,1266.0,740.0,1826.0,667.0,1924.0,797.0,,,,
23134,12:24.500,12:24.528,2,1828.0,675.0,1926.0,804.0,1185.0,636.0,1269.0,746.0,,,,
23149,12:25.000,12:25.028,2,1828.0,673.0,1926.0,802.0,1184.0,637.0,1267.0,744.0,,,,
23164,12:25.500,12:25.530,2,1828.0,668.0,1926.0,797.0,1184.0,629.0,1268.0,740.0,,,,
23179,12:26.000,12:26.030,2,1830.0,668.0,1928.0,798.0,1187.0,629.0,1270.0,740.0,,,,
23194,12:26.500,12:26.530,2,1186.0,628.0,1268.0,739.0,1829.0,666.0,1928.0,795.0,,,,
23209,12:27.000,12:27.030,2,1175.0,628.0,1259.0,735.0,1815.0,656.0,1916.0,789.0,,,,
23224,12:27.500,12:27.530,2,1802.0,682.0,1905.0,807.0,1168.0,651.0,1252.0,760.0,,,,
23239,12:28.000,12:28.030,2,1766.0,664.0,1871.0,787.0,1136.0,633.0,1223.0,743.0,,,,
23254,12:28.500,12:28.530,3,1994.0,521.0,2230.0,813.0,623.0,750.0,721.0,868.0,1246.0,753.0,1336.0,868.0
23269,12:29.000,12:29.030,3,1030.0,790.0,1119.0,896.0,363.0,809.0,475.0,937.0,1708.0,541.0,1882.0,814.0
23284,12:29.500,12:29.532,3,444.0,791.0,552.0,918.0,1084.0,772.0,1173.0,884.0,1758.0,560.0,1903.0,813.0
23299,12:30.000,12:30.032,3,1404.0,744.0,1492.0,857.0,815.0,732.0,905.0,848.0,2211.0,537.0,2388.0,825.0
23314,12:30.500,12:30.532,2,1774.0,815.0,1871.0,933.0,1169.0,693.0,1252.0,812.0,,,,
23329,12:31.000,12:31.032,2,1275.0,681.0,1358.0,801.0,1899.0,852.0,2003.0,981.0,,,,
23344,12:31.500,12:31.532,2,1288.0,682.0,1371.0,800.0,1915.0,848.0,2019.0,977.0,,,,
23359,12:32.000,12:32.032,2,1927.0,846.0,2032.0,975.0,1293.0,671.0,1377.0,791.0,,,,
23374,12:32.500,12:32.532,2,1299.0,656.0,1383.0,775.0,1935.0,839.0,2038.0,969.0,,,,
23389,12:33.000,12:33.032,2,1940.0,820.0,2043.0,949.0,1303.0,638.0,1385.0,753.0,,,,
23404,12:33.500,12:33.525,2,1299.0,633.0,1381.0,748.0,1937.0,815.0,2038.0,941.0,,,,
23419,12:34.000,12:34.025,2,1299.0,632.0,1383.0,748.0,1938.0,815.0,2041.0,942.0,,,,
23434,12:34.500,12:34.525,2,1309.0,607.0,1392.0,727.0,1948.0,793.0,2053.0,923.0,,,,
23449,12:35.000,12:35.025,2,1310.0,602.0,1393.0,717.0,1949.0,786.0,2056.0,920.0,,,,
23464,12:35.500,12:35.525,2,1303.0,596.0,1387.0,714.0,1946.0,777.0,2051.0,910.0,,,,
23479,12:36.000,12:36.025,2,1934.0,765.0,2041.0,896.0,1294.0,589.0,1378.0,707.0,,,,
23494,12:36.500,12:36.525,2,1932.0,766.0,2039.0,898.0,1295.0,590.0,1379.0,708.0,,,,
23509,12:37.000,12:37.025,2,1933.0,765.0,2039.0,897.0,1295.0,587.0,1380.0,707.0,,,,
23524,12:37.500,12:37.527,2,1931.0,770.0,2036.0,902.0,1293.0,595.0,1378.0,712.0,,,,
23539,12:38.000,12:38.027,2,1295.0,598.0,1378.0,714.0,1934.0,770.0,2038.0,904.0,,,,
23554,12:38.500,12:38.527,2,1292.0,595.0,1376.0,713.0,1930.0,765.0,2036.0,898.0,,,,
23569,12:39.000,12:39.027,2,1292.0,593.0,1376.0,707.0,1932.0,764.0,2037.0,895.0,,,,
23584,12:39.500,12:39.527,2,1289.0,592.0,1373.0,707.0,1931.0,761.0,2036.0,893.0,,,,
23599,12:40.000,12:40.027,2,1289.0,592.0,1373.0,707.0,1930.0,763.0,2033.0,893.0,,,,
23614,12:40.500,12:40.527,2,1285.0,597.0,1368.0,712.0,1927.0,761.0,2030.0,896.0,,,,
23629,12:41.000,12:41.027,2,1284.0,603.0,1365.0,716.0,1925.0,762.0,2030.0,898.0,,,,
23644,12:41.500,12:41.528,2,1286.0,595.0,1368.0,710.0,1926.0,757.0,2031.0,890.0,,,,
23659,12:42.000,12:42.028,2,1284.0,594.0,1366.0,709.0,1923.0,756.0,2027.0,888.0,,,,
23674,12:42.500,12:42.528,2,1282.0,592.0,1363.0,705.0,1922.0,754.0,2025.0,884.0,,,,
23689,12:43.000,12:43.028,2,1283.0,589.0,1364.0,705.0,1922.0,753.0,2027.0,882.0,,,,
23704,12:43.500,12:43.528,2,1283.0,591.0,1365.0,704.0,1923.0,753.0,2028.0,883.0,,,,
23719,12:44.000,12:44.028,2,1281.0,594.0,1363.0,709.0,1921.0,755.0,2025.0,887.0,,,,
23734,12:44.500,12:44.528,2,1274.0,601.0,1357.0,716.0,1914.0,761.0,2018.0,890.0,,,,
23749,12:45.000,12:45.028,2,1225.0,602.0,1308.0,715.0,1858.0,740.0,1958.0,872.0,,,,
23764,12:45.500,12:45.530,2,848.0,635.0,935.0,746.0,1459.0,709.0,1543.0,828.0,,,,
23779,12:46.000,12:46.030,3,691.0,652.0,784.0,769.0,1317.0,700.0,1399.0,816.0,2077.0,543.0,2250.0,840.0
23794,12:46.500,12:46.530,3,1313.0,704.0,1397.0,818.0,687.0,660.0,780.0,775.0,2065.0,557.0,2237.0,841.0
23809,12:47.000,12:47.030,3,694.0,650.0,787.0,770.0,1321.0,700.0,1404.0,813.0,2081.0,545.0,2250.0,839.0
23824,12:47.500,12:47.530,3,703.0,644.0,795.0,761.0,1328.0,689.0,1411.0,809.0,2092.0,531.0,2267.0,831.0
23839,12:48.000,12:48.030,3,1329.0,686.0,1413.0,806.0,714.0,638.0,806.0,754.0,2095.0,525.0,2290.0,825.0
23854,12:48.500,12:48.530,3,703.0,640.0,795.0,756.0,1322.0,688.0,1405.0,805.0,2083.0,525.0,2318.0,834.0
23869,12:49.000,12:49.030,3,697.0,644.0,790.0,762.0,1318.0,693.0,1398.0,809.0,2065.0,538.0,2240.0,831.0
23884,12:49.500,12:49.532,3,695.0,646.0,787.0,763.0,1314.0,692.0,1396.0,808.0,2057.0,537.0,2234.0,831.0
23899,12:50.000,12:50.032,3,1311.0,684.0,1394.0,802.0,694.0,640.0,786.0,755.0,2062.0,529.0,2242.0,826.0
23914,12:50.500,12:50.532,3,694.0,636.0,785.0,747.0,2064.0,523.0,2248.0,818.0,1314.0,675.0,1395.0,794.0
23929,12:51.000,12:51.032,3,687.0,635.0,780.0,747.0,1309.0,672.0,1390.0,791.0,2056.0,518.0,2234.0,810.0
23944,12:51.500,12:51.532,3,691.0,638.0,782.0,751.0,2062.0,529.0,2287.0,823.0,1312.0,675.0,1395.0,801.0
23959,12:52.000,12:52.032,3,1061.0,720.0,1141.0,835.0,1733.0,569.0,1927.0,835.0,382.0,692.0,490.0,817.0
23974,12:52.500,12:52.532,3,921.0,768.0,1005.0,883.0,199.0,750.0,319.0,885.0,1587.0,595.0,1784.0,856.0
23989,12:53.000,12:53.023,3,195.0,766.0,316.0,906.0,918.0,787.0,1003.0,901.0,1590.0,620.0,1787.0,873.0
24004,12:53.500,12:53.525,3,916.0,790.0,1000.0,904.0,1585.0,617.0,1781.0,872.0,188.0,774.0,310.0,912.0
24019,12:54.000,12:54.025,3,209.0,773.0,330.0,910.0,1605.0,611.0,1799.0,870.0,928.0,788.0,1013.0,904.0
24034,12:54.500,12:54.525,3,329.0,759.0,442.0,894.0,1702.0,613.0,1904.0,876.0,1016.0,781.0,1100.0,901.0
24049,12:55.000,12:55.025,2,1795.0,802.0,1892.0,926.0,1166.0,714.0,1248.0,829.0,,,,
24064,12:55.500,12:55.525,2,1524.0,720.0,1611.0,840.0,2243.0,926.0,2368.0,1073.0,,,,
24079,12:56.000,12:56.025,0,,,,,,,,,,,,
24094,12:56.500,12:56.525,0,,,,,,,,,,,,
24109,12:57.000,12:57.025,0,,,,,,,,,,,,
24124,12:57.500,12:57.527,0,,,,,,,,,,,,
24139,12:58.000,12:58.027,0,,,,,,,,,,,,
24154,12:58.500,12:58.527,0,,,,,,,,,,,,
24169,12:59.000,12:59.027,0,,,,,,,,,,,,
24184,12:59.500,12:59.527,3,731.0,820.0,824.0,935.0,1349.0,828.0,1433.0,949.0,2144.0,616.0,2363.0,921.0
24199,13:00.000,13:00.027,3,1315.0,807.0,1397.0,925.0,694.0,768.0,787.0,885.0,2100.0,625.0,2323.0,934.0
24214,13:00.500,13:00.527,3,684.0,821.0,777.0,939.0,1313.0,855.0,1392.0,972.0,2069.0,689.0,2289.0,988.0
24229,13:01.000,13:01.027,3,681.0,862.0,774.0,979.0,2059.0,726.0,2271.0,1029.0,1375.0,873.0,1464.0,999.0
24244,13:01.500,13:01.528,3,785.0,810.0,874.0,926.0,1499.0,857.0,1588.0,981.0,2207.0,712.0,2418.0,1019.0
24259,13:02.000,13:02.028,2,1194.0,785.0,1278.0,898.0,1958.0,884.0,2070.0,1022.0,,,,
24274,13:02.500,13:02.528,2,1279.0,759.0,1361.0,872.0,2041.0,916.0,2156.0,1060.0,,,,
24289,13:03.000,13:03.028,2,2023.0,914.0,2134.0,1056.0,1266.0,745.0,1350.0,860.0,,,,
24304,13:03.500,13:03.528,2,1260.0,728.0,1344.0,844.0,2008.0,901.0,2120.0,1044.0,,,,
24319,13:04.000,13:04.028,2,1249.0,722.0,1333.0,838.0,1994.0,893.0,2105.0,1034.0,,,,
24334,13:04.500,13:04.528,2,1235.0,725.0,1320.0,842.0,1977.0,884.0,2088.0,1027.0,,,,
24349,13:05.000,13:05.028,2,1979.0,885.0,2089.0,1028.0,1237.0,729.0,1320.0,844.0,,,,
24364,13:05.500,13:05.530,2,1231.0,740.0,1315.0,854.0,1974.0,893.0,2083.0,1033.0,,,,
24379,13:06.000,13:06.030,2,1231.0,739.0,1315.0,854.0,1974.0,894.0,2084.0,1034.0,,,,
24394,13:06.500,13:06.530,2,1938.0,874.0,2046.0,1010.0,1203.0,728.0,1287.0,842.0,,,,
24409,13:07.000,13:07.030,2,833.0,734.0,922.0,849.0,1529.0,827.0,1619.0,952.0,,,,
24424,13:07.500,13:07.530,3,1090.0,884.0,1178.0,1001.0,305.0,854.0,418.0,987.0,1697.0,673.0,1896.0,946.0
24439,13:08.000,13:08.030,2,790.0,946.0,883.0,1061.0,1362.0,715.0,1540.0,960.0,,,,
24454,13:08.500,13:08.530,3,1855.0,647.0,2080.0,921.0,496.0,865.0,601.0,987.0,1232.0,878.0,1318.0,988.0
24469,13:09.000,13:09.030,1,1813.0,750.0,1916.0,873.0,,,,,,,,
24484,13:09.500,13:09.532,1,1890.0,718.0,1999.0,846.0,,,,,,,,
24499,13:10.000,13:10.032,1,1863.0,708.0,1969.0,834.0,,,,,,,,
24514,13:10.500,13:10.532,1,1615.0,841.0,1711.0,958.0,,,,,,,,
24529,13:11.000,13:11.032,2,1286.0,528.0,1374.0,642.0,2087.0,556.0,2209.0,707.0,,,,
24544,13:11.500,13:11.532,2,2023.0,848.0,2140.0,984.0,1240.0,797.0,1326.0,915.0,,,,
24559,13:12.000,13:12.023,2,897.0,694.0,985.0,808.0,1619.0,750.0,1714.0,882.0,,,,
24574,13:12.500,13:12.523,3,711.0,770.0,801.0,887.0,1432.0,824.0,1522.0,946.0,2130.0,571.0,2375.0,879.0
24589,13:13.000,13:13.023,3,1489.0,828.0,1577.0,953.0,775.0,785.0,865.0,899.0,2221.0,573.0,2441.0,878.0
24604,13:13.500,13:13.525,2,822.0,751.0,913.0,867.0,1538.0,809.0,1630.0,934.0,,,,
24619,13:14.000,13:14.025,2,836.0,751.0,925.0,865.0,1552.0,811.0,1643.0,937.0,,,,
24634,13:14.500,13:14.525,2,817.0,761.0,906.0,876.0,1530.0,813.0,1624.0,938.0,,,,
24649,13:15.000,13:15.025,2,815.0,758.0,905.0,872.0,1531.0,809.0,1621.0,933.0,,,,
24664,13:15.500,13:15.525,2,1530.0,801.0,1621.0,928.0,815.0,756.0,904.0,868.0,,,,
24679,13:16.000,13:16.025,2,811.0,750.0,901.0,862.0,1527.0,795.0,1620.0,920.0,,,,
24694,13:16.500,13:16.525,2,820.0,742.0,909.0,856.0,1538.0,786.0,1627.0,911.0,,,,
24709,13:17.000,13:17.025,2,819.0,740.0,910.0,856.0,1537.0,783.0,1630.0,909.0,,,,
24724,13:17.500,13:17.527,2,821.0,744.0,912.0,861.0,1540.0,788.0,1633.0,912.0,,,,
24739,13:18.000,13:18.027,2,822.0,750.0,912.0,866.0,1541.0,791.0,1633.0,918.0,,,,
24754,13:18.500,13:18.527,2,819.0,752.0,909.0,866.0,1537.0,792.0,1630.0,918.0,,,,
24769,13:19.000,13:19.027,2,818.0,750.0,907.0,864.0,1534.0,790.0,1628.0,915.0,,,,
24784,13:19.500,13:19.527,2,828.0,742.0,918.0,858.0,1544.0,787.0,1634.0,912.0,,,,
24799,13:20.000,13:20.027,2,830.0,738.0,919.0,854.0,1546.0,784.0,1637.0,907.0,,,,
24814,13:20.500,13:20.527,2,833.0,733.0,923.0,849.0,1551.0,780.0,1641.0,904.0,,,,
24829,13:21.000,13:21.027,2,834.0,734.0,923.0,849.0,1552.0,778.0,1642.0,902.0,,,,
24844,13:21.500,13:21.528,2,833.0,736.0,923.0,851.0,1551.0,779.0,1640.0,902.0,,,,
24859,13:22.000,13:22.028,2,1547.0,774.0,1636.0,897.0,829.0,735.0,920.0,849.0,,,,
24874,13:22.500,13:22.528,2,1546.0,771.0,1637.0,895.0,830.0,730.0,920.0,846.0,,,,
24890,13:23.000,13:23.028,2,832.0,725.0,923.0,839.0,1551.0,770.0,1642.0,892.0,,,,
24905,13:23.500,13:23.528,2,843.0,728.0,933.0,842.0,1561.0,772.0,1652.0,896.0,,,,
24920,13:24.000,13:24.028,2,841.0,735.0,932.0,853.0,1560.0,778.0,1652.0,904.0,,,,
24935,13:24.500,13:24.528,2,843.0,741.0,933.0,858.0,1559.0,786.0,1651.0,910.0,,,,
24950,13:25.000,13:25.028,2,838.0,750.0,927.0,864.0,1553.0,789.0,1647.0,918.0,,,,
24965,13:25.500,13:25.530,2,838.0,748.0,926.0,860.0,1554.0,785.0,1645.0,910.0,,,,
24980,13:26.000,13:26.030,2,856.0,734.0,946.0,852.0,1573.0,781.0,1664.0,905.0,,,,
24996,13:26.500,13:26.530,2,1565.0,773.0,1658.0,899.0,847.0,732.0,937.0,848.0,,,,
25013,13:27.000,13:27.030,2,842.0,722.0,933.0,834.0,1561.0,765.0,1653.0,888.0,,,,
25029,13:27.500,13:27.530,2,903.0,737.0,993.0,851.0,1624.0,780.0,1718.0,907.0,,,,
25045,13:28.000,13:28.030,2,1089.0,756.0,1175.0,866.0,1830.0,817.0,1933.0,952.0,,,,
25061,13:28.500,13:28.513,2,1041.0,765.0,1126.0,879.0,1773.0,816.0,1873.0,945.0,,,,
25077,13:29.000,13:29.030,1,602.0,933.0,714.0,1081.0,,,,,,,,
25092,13:29.500,13:29.532,2,1835.0,521.0,2036.0,766.0,697.0,859.0,810.0,1002.0,,,,
25107,13:30.000,13:30.032,1,1042.0,707.0,1143.0,844.0,,,,,,,,
25122,13:30.500,13:30.532,2,107.0,432.0,355.0,712.0,1456.0,755.0,1561.0,894.0,,,,
25137,13:31.000,13:31.032,2,715.0,531.0,896.0,764.0,1931.0,915.0,2066.0,1073.0,,,,
25152,13:31.500,13:31.523,2,1620.0,934.0,1732.0,1081.0,378.0,588.0,586.0,832.0,,,,
25167,13:32.000,13:32.023,1,1253.0,946.0,1355.0,1082.0,,,,,,,,
25182,13:32.500,13:32.523,2,1945.0,629.0,2157.0,872.0,819.0,966.0,927.0,1107.0,,,,
25197,13:33.000,13:33.023,2,1622.0,591.0,1809.0,821.0,531.0,1030.0,655.0,1178.0,,,,
25212,13:33.500,13:33.525,2,1552.0,533.0,1733.0,764.0,459.0,1008.0,588.0,1161.0,,,,
25227,13:34.000,13:34.025,2,1505.0,510.0,1690.0,731.0,428.0,1008.0,557.0,1160.0,,,,
25242,13:34.500,13:34.525,2,1692.0,485.0,1885.0,718.0,607.0,931.0,726.0,1075.0,,,,
25257,13:35.000,13:35.025,1,1114.0,800.0,1213.0,937.0,,,,,,,,
25272,13:35.500,13:35.525,2,667.0,569.0,846.0,802.0,1879.0,916.0,2007.0,1075.0,,,,
25287,13:36.000,13:36.025,2,182.0,521.0,415.0,783.0,1499.0,818.0,1602.0,958.0,,,,
25302,13:36.500,13:36.525,2,1318.0,828.0,1420.0,966.0,-79.0,549.0,155.0,838.0,,,,
25318,13:37.000,13:37.025,1,1214.0,864.0,1315.0,1002.0,,,,,,,,
25333,13:37.500,13:37.527,2,965.0,881.0,1070.0,1019.0,2167.0,539.0,2396.0,806.0,,,,
25348,13:38.000,13:38.027,2,1678.0,572.0,1863.0,806.0,567.0,942.0,687.0,1091.0,,,,
25364,13:38.500,13:38.527,2,2149.0,516.0,2386.0,788.0,959.0,863.0,1062.0,1001.0,,,,
25379,13:39.000,13:39.027,2,968.0,828.0,1072.0,962.0,2178.0,517.0,2395.0,785.0,,,,
25394,13:39.500,13:39.527,2,1575.0,574.0,1748.0,800.0,456.0,947.0,584.0,1099.0,,,,
25409,13:40.000,13:40.027,2,454.0,957.0,582.0,1108.0,1573.0,580.0,1749.0,801.0,,,,
25424,13:40.500,13:40.527,2,432.0,999.0,562.0,1151.0,1554.0,608.0,1734.0,830.0,,,,
25439,13:41.000,13:41.027,2,405.0,997.0,537.0,1149.0,1535.0,618.0,1712.0,838.0,,,,
25454,13:41.500,13:41.528,2,1551.0,619.0,1726.0,838.0,426.0,984.0,555.0,1137.0,,,,
25469,13:42.000,13:42.028,2,1552.0,613.0,1726.0,841.0,435.0,977.0,564.0,1130.0,,,,
25484,13:42.500,13:42.528,2,1567.0,611.0,1747.0,836.0,460.0,974.0,588.0,1126.0,,,,
25499,13:43.000,13:43.028,2,498.0,961.0,624.0,1112.0,1600.0,605.0,1776.0,832.0,,,,
25514,13:43.500,13:43.528,2,492.0,967.0,618.0,1116.0,1593.0,598.0,1771.0,835.0,,,,
25529,13:44.000,13:44.028,2,1584.0,601.0,1758.0,831.0,484.0,970.0,608.0,1120.0,,,,
25544,13:44.500,13:44.528,2,483.0,967.0,608.0,1118.0,1582.0,597.0,1756.0,825.0,,,,
25559,13:45.000,13:45.028,2,1585.0,594.0,1771.0,828.0,488.0,973.0,611.0,1122.0,,,,
25574,13:45.500,13:45.530,2,1655.0,590.0,1842.0,824.0,567.0,963.0,685.0,1106.0,,,,
25589,13:46.000,13:46.030,2,1963.0,603.0,2176.0,854.0,821.0,880.0,928.0,1020.0,,,,
25604,13:46.500,13:46.530,2,1648.0,590.0,1834.0,825.0,551.0,957.0,671.0,1100.0,,,,
25619,13:47.000,13:47.030,2,1587.0,599.0,1770.0,830.0,494.0,997.0,620.0,1143.0,,,,
25634,13:47.500,13:47.530,2,1642.0,476.0,1830.0,716.0,568.0,888.0,686.0,1031.0,,,,
25649,13:48.000,13:48.030,2,1542.0,513.0,1717.0,743.0,450.0,901.0,577.0,1049.0,,,,
25664,13:48.500,13:48.530,2,1396.0,546.0,1564.0,771.0,292.0,971.0,432.0,1130.0,,,,
25679,13:49.000,13:49.032,2,1428.0,552.0,1597.0,783.0,336.0,940.0,471.0,1099.0,,,,
25694,13:49.500,13:49.532,2,1447.0,576.0,1620.0,801.0,359.0,927.0,490.0,1082.0,,,,
25709,13:50.000,13:50.032,2,347.0,933.0,482.0,1089.0,1439.0,585.0,1611.0,809.0,,,,
25724,13:50.500,13:50.532,2,361.0,927.0,492.0,1082.0,1446.0,583.0,1615.0,809.0,,,,
25739,13:51.000,13:51.023,2,1458.0,591.0,1628.0,817.0,369.0,921.0,502.0,1079.0,,,,
25753,13:51.500,13:51.523,2,840.0,882.0,946.0,1021.0,1925.0,574.0,2139.0,827.0,,,,
25768,13:52.000,13:52.023,2,1325.0,800.0,1426.0,936.0,-42.0,512.0,187.0,795.0,,,,
25783,13:52.500,13:52.523,2,23.0,512.0,278.0,785.0,1394.0,805.0,1495.0,942.0,,,,
25798,13:53.000,13:53.025,2,726.0,583.0,904.0,816.0,1951.0,870.0,2082.0,1027.0,,,,
25813,13:53.500,13:53.525,2,1910.0,867.0,2038.0,1022.0,683.0,615.0,860.0,838.0,,,,
25828,13:54.000,13:54.025,2,1957.0,907.0,2091.0,1063.0,737.0,615.0,913.0,841.0,,,,
25843,13:54.500,13:54.525,2,590.0,614.0,777.0,842.0,1807.0,888.0,1930.0,1043.0,,,,
25858,13:55.000,13:55.025,2,1305.0,845.0,1407.0,985.0,-84.0,605.0,145.0,891.0,,,,
25873,13:55.500,13:55.525,2,1405.0,872.0,1508.0,1011.0,41.0,642.0,287.0,914.0,,,,
25888,13:56.000,13:56.025,2,572.0,631.0,757.0,857.0,1786.0,906.0,1907.0,1059.0,,,,
25903,13:56.500,13:56.525,2,1827.0,931.0,1949.0,1086.0,619.0,641.0,803.0,868.0,,,,
25918,13:57.000,13:57.027,2,638.0,637.0,817.0,862.0,1835.0,929.0,1956.0,1084.0,,,,
25933,13:57.500,13:57.527,2,623.0,639.0,805.0,863.0,1824.0,919.0,1945.0,1074.0,,,,
25948,13:58.000,13:58.027,2,274.0,675.0,485.0,926.0,1543.0,862.0,1651.0,1005.0,,,,
25963,13:58.500,13:58.527,2,625.0,674.0,805.0,900.0,1846.0,861.0,1970.0,1014.0,,,,
25978,13:59.000,13:59.027,2,636.0,643.0,817.0,871.0,1854.0,855.0,1978.0,1009.0,,,,
25993,13:59.500,13:59.527,2,616.0,629.0,800.0,854.0,1831.0,840.0,1954.0,992.0,,,,
26008,14:00.000,14:00.027,2,593.0,623.0,777.0,858.0,1810.0,824.0,1931.0,974.0,,,,
26023,14:00.500,14:00.527,2,323.0,731.0,531.0,976.0,1568.0,975.0,1675.0,1120.0,,,,
26038,14:01.000,14:01.028,1,1260.0,1013.0,1362.0,1155.0,,,,,,,,
26053,14:01.500,14:01.528,1,1189.0,966.0,1289.0,1102.0,,,,,,,,
26068,14:02.000,14:02.028,1,1217.0,946.0,1318.0,1083.0,,,,,,,,
26083,14:02.500,14:02.528,1,1228.0,944.0,1326.0,1078.0,,,,,,,,
26098,14:03.000,14:03.028,2,264.0,779.0,438.0,1024.0,1467.0,1001.0,1572.0,1144.0,,,,
26113,14:03.500,14:03.528,2,1472.0,913.0,1576.0,1055.0,284.0,659.0,458.0,907.0,,,,
26128,14:04.000,14:04.028,1,1210.0,954.0,1313.0,1094.0,,,,,,,,
26143,14:04.500,14:04.528,1,1226.0,943.0,1326.0,1076.0,,,,,,,,
26158,14:05.000,14:05.030,1,1234.0,932.0,1334.0,1072.0,,,,,,,,
26173,14:05.500,14:05.530,2,1233.0,931.0,1334.0,1069.0,-86.0,743.0,98.0,1025.0,,,,
26188,14:06.000,14:06.030,1,1226.0,927.0,1327.0,1062.0,,,,,,,,
26203,14:06.500,14:06.530,1,1229.0,915.0,1330.0,1054.0,,,,,,,,
26218,14:07.000,14:07.030,2,2007.0,667.0,2202.0,925.0,907.0,935.0,1011.0,1073.0,,,,
26233,14:07.500,14:07.530,2,1683.0,657.0,1844.0,892.0,622.0,981.0,738.0,1128.0,,,,
26248,14:08.000,14:08.030,2,1945.0,634.0,2139.0,883.0,863.0,978.0,971.0,1121.0,,,,
26263,14:08.500,14:08.530,2,1028.0,829.0,1131.0,966.0,2171.0,532.0,2372.0,804.0,,,,
26278,14:09.000,14:09.032,2,1062.0,780.0,1165.0,920.0,2235.0,588.0,2427.0,845.0,,,,
26293,14:09.500,14:09.532,2,678.0,834.0,790.0,973.0,1760.0,572.0,1924.0,809.0,,,,
26308,14:10.000,14:10.032,2,1064.0,658.0,1164.0,798.0,2269.0,510.0,2459.0,769.0,,,,
26323,14:10.500,14:10.523,1,1137.0,668.0,1240.0,808.0,,,,,,,,
26338,14:11.000,14:11.023,1,1127.0,700.0,1229.0,835.0,,,,,,,,
26353,14:11.500,14:11.523,1,1134.0,707.0,1236.0,848.0,,,,,,,,
26368,14:12.000,14:12.023,1,1147.0,911.0,1247.0,1051.0,,,,,,,,
26383,14:12.500,14:12.523,2,992.0,959.0,1094.0,1100.0,2147.0,829.0,2360.0,1097.0,,,,
26398,14:13.000,14:13.025,2,2163.0,787.0,2390.0,1054.0,1003.0,937.0,1110.0,1076.0,,,,
26413,14:13.500,14:13.525,2,646.0,934.0,761.0,1078.0,1710.0,651.0,1891.0,895.0,,,,
26428,14:14.000,14:14.025,2,1780.0,631.0,1962.0,874.0,725.0,924.0,836.0,1067.0,,,,
26443,14:14.500,14:14.525,2,1924.0,590.0,2117.0,847.0,853.0,887.0,958.0,1028.0,,,,
26458,14:15.000,14:15.025,2,2005.0,622.0,2213.0,879.0,908.0,885.0,1013.0,1022.0,,,,
26473,14:15.500,14:15.525,2,2092.0,661.0,2315.0,927.0,970.0,885.0,1072.0,1024.0,,,,
26488,14:16.000,14:16.025,2,1884.0,621.0,2085.0,872.0,814.0,891.0,924.0,1033.0,,,,
26503,14:16.500,14:16.525,2,1728.0,622.0,1911.0,858.0,694.0,962.0,808.0,1105.0,,,,
26518,14:17.000,14:17.027,2,777.0,904.0,886.0,1043.0,1794.0,514.0,1987.0,759.0,,,,
26533,14:17.500,14:17.527,2,1084.0,863.0,1186.0,999.0,2246.0,570.0,2441.0,829.0,,,,
26548,14:18.000,14:18.027,2,2073.0,910.0,2215.0,1076.0,923.0,650.0,1058.0,865.0,,,,
26563,14:18.500,14:18.527,2,2056.0,890.0,2197.0,1054.0,916.0,618.0,1052.0,826.0,,,,
26578,14:19.000,14:19.027,2,1708.0,824.0,1821.0,972.0,591.0,582.0,740.0,816.0,,,,
26593,14:19.500,14:19.527,2,1302.0,789.0,1403.0,926.0,25.0,606.0,226.0,878.0,,,,
26608,14:20.000,14:20.027,2,1246.0,792.0,1347.0,932.0,-63.0,626.0,121.0,897.0,,,,
26623,14:20.500,14:20.527,1,1274.0,802.0,1374.0,940.0,,,,,,,,
26638,14:21.000,14:21.028,2,638.0,642.0,819.0,876.0,1828.0,881.0,1948.0,1031.0,,,,
26653,14:21.500,14:21.528,2,695.0,638.0,871.0,862.0,1874.0,904.0,2001.0,1060.0,,,,
26668,14:22.000,14:22.028,2,435.0,647.0,630.0,885.0,1644.0,885.0,1756.0,1030.0,,,,
26683,14:22.500,14:22.528,2,1692.0,959.0,1806.0,1112.0,498.0,674.0,688.0,915.0,,,,
26698,14:23.000,14:23.028,2,168.0,586.0,393.0,849.0,1436.0,918.0,1538.0,1061.0,,,,
26713,14:23.500,14:23.528,2,106.0,608.0,342.0,877.0,1407.0,924.0,1509.0,1063.0,,,,
26728,14:24.000,14:24.028,2,1396.0,912.0,1498.0,1052.0,83.0,603.0,322.0,874.0,,,,
26743,14:24.500,14:24.528,2,48.0,626.0,291.0,900.0,1379.0,919.0,1481.0,1057.0,,,,
26758,14:25.000,14:25.030,2,1315.0,906.0,1416.0,1044.0,-56.0,631.0,189.0,914.0,,,,
26773,14:25.500,14:25.530,1,1255.0,903.0,1356.0,1039.0,,,,,,,,
26787,14:26.000,14:26.005,2,1654.0,641.0,1844.0,885.0,580.0,978.0,699.0,1123.0,,,,
26803,14:26.500,14:26.530,2,1554.0,645.0,1736.0,882.0,470.0,986.0,596.0,1138.0,,,,
26818,14:27.000,14:27.030,2,1994.0,553.0,2227.0,831.0,918.0,991.0,1023.0,1128.0,,,,
26833,14:27.500,14:27.530,2,912.0,977.0,1020.0,1118.0,1984.0,551.0,2218.0,824.0,,,,
26848,14:28.000,14:28.030,2,1979.0,545.0,2212.0,813.0,907.0,968.0,1013.0,1106.0,,,,
26863,14:28.500,14:28.530,2,1975.0,537.0,2209.0,802.0,904.0,956.0,1012.0,1093.0,,,,
26878,14:29.000,14:29.032,2,1979.0,526.0,2209.0,795.0,918.0,943.0,1023.0,1083.0,,,,
26893,14:29.500,14:29.532,2,1983.0,531.0,2208.0,796.0,925.0,939.0,1029.0,1074.0,,,,
26908,14:30.000,14:30.032,2,1989.0,531.0,2216.0,798.0,930.0,939.0,1035.0,1074.0,,,,
26923,14:30.500,14:30.523,2,1984.0,533.0,2205.0,800.0,928.0,939.0,1030.0,1073.0,,,,
26938,14:31.000,14:31.023,2,857.0,949.0,964.0,1086.0,1873.0,559.0,2048.0,807.0,,,,
26953,14:31.500,14:31.523,2,843.0,939.0,951.0,1075.0,1862.0,553.0,2041.0,806.0,,,,
26968,14:32.000,14:32.023,2,873.0,936.0,982.0,1075.0,1908.0,575.0,2089.0,824.0,,,,
26983,14:32.500,14:32.523,2,1064.0,941.0,1166.0,1076.0,2207.0,694.0,2397.0,959.0,,,,
26998,14:33.000,14:33.025,2,1300.0,876.0,1401.0,1015.0,-67.0,549.0,164.0,832.0,,,,
27013,14:33.500,14:33.525,2,469.0,899.0,596.0,1052.0,1548.0,690.0,1713.0,922.0,,,,
27028,14:34.000,14:34.025,2,1382.0,665.0,1550.0,897.0,255.0,928.0,396.0,1091.0,,,,
27043,14:34.500,14:34.525,2,1382.0,661.0,1547.0,890.0,261.0,931.0,401.0,1094.0,,,,
27058,14:35.000,14:35.025,2,1522.0,588.0,1701.0,831.0,456.0,961.0,585.0,1114.0,,,,
27073,14:35.500,14:35.525,2,1847.0,415.0,2057.0,686.0,751.0,733.0,862.0,877.0,,,,
27088,14:36.000,14:36.025,2,1043.0,745.0,1145.0,884.0,2236.0,568.0,2439.0,832.0,,,,
27103,14:36.500,14:36.525,1,1149.0,782.0,1248.0,918.0,,,,,,,,
27118,14:37.000,14:37.027,1,1183.0,798.0,1285.0,934.0,,,,,,,,
27133,14:37.500,14:37.527,1,1177.0,795.0,1278.0,932.0,,,,,,,,
27148,14:38.000,14:38.027,1,1181.0,787.0,1282.0,925.0,,,,,,,,
27163,14:38.500,14:38.527,1,1121.0,869.0,1223.0,1006.0,,,,,,,,
27178,14:39.000,14:39.027,2,1613.0,703.0,1791.0,943.0,526.0,985.0,650.0,1135.0,,,,
27193,14:39.500,14:39.527,2,1513.0,688.0,1699.0,932.0,411.0,1003.0,539.0,1159.0,,,,
27208,14:40.000,14:40.027,2,1574.0,655.0,1762.0,898.0,488.0,973.0,613.0,1128.0,,,,
27222,14:40.500,14:40.527,1,1080.0,814.0,1179.0,952.0,,,,,,,,
27237,14:41.000,14:41.028,2,1888.0,626.0,2087.0,876.0,785.0,829.0,893.0,968.0,,,,
27252,14:41.500,14:41.528,2,1536.0,630.0,1688.0,867.0,461.0,891.0,588.0,1043.0,,,,
27267,14:42.000,14:42.028,2,520.0,878.0,642.0,1026.0,1597.0,628.0,1760.0,861.0,,,,
27282,14:42.500,14:42.528,2,467.0,738.0,657.0,964.0,1699.0,899.0,1816.0,1050.0,,,,
27297,14:43.000,14:43.028,2,685.0,693.0,863.0,915.0,1884.0,953.0,2016.0,1118.0,,,,
27312,14:43.500,14:43.528,2,689.0,668.0,869.0,889.0,1876.0,949.0,2006.0,1116.0,,,,
27327,14:44.000,14:44.028,2,1697.0,912.0,1816.0,1064.0,502.0,693.0,698.0,929.0,,,,
27342,14:44.500,14:44.528,1,1247.0,920.0,1350.0,1065.0,,,,,,,,
27357,14:45.000,14:45.030,1,1263.0,889.0,1366.0,1032.0,,,,,,,,
27372,14:45.500,14:45.530,2,1268.0,893.0,1372.0,1036.0,-101.0,649.0,122.0,951.0,,,,
27387,14:46.000,14:46.030,2,1308.0,904.0,1412.0,1047.0,-64.0,648.0,189.0,941.0,,,,
27402,14:46.500,14:46.530,2,1297.0,899.0,1401.0,1043.0,-75.0,647.0,168.0,938.0,,,,
27417,14:47.000,14:47.030,2,-17.0,632.0,223.0,914.0,1330.0,887.0,1434.0,1030.0,,,,
27432,14:47.500,14:47.530,2,4.0,608.0,255.0,888.0,1360.0,861.0,1466.0,1005.0,,,,
27447,14:48.000,14:48.030,2,-1.0,616.0,247.0,898.0,1356.0,864.0,1462.0,1007.0,,,,
27462,14:48.500,14:48.530,2,599.0,652.0,784.0,890.0,1788.0,952.0,1915.0,1107.0,,,,
27477,14:49.000,14:49.032,2,563.0,650.0,752.0,882.0,1752.0,961.0,1874.0,1113.0,,,,
27492,14:49.500,14:49.532,2,564.0,644.0,753.0,876.0,1756.0,945.0,1878.0,1098.0,,,,
27507,14:50.000,14:50.032,2,2167.0,794.0,2397.0,1081.0,963.0,892.0,1068.0,1036.0,,,,
27522,14:50.500,14:50.523,2,1417.0,750.0,1593.0,983.0,233.0,985.0,379.0,1156.0,,,,
27537,14:51.000,14:51.023,2,1472.0,725.0,1648.0,962.0,307.0,948.0,448.0,1117.0,,,,
27552,14:51.500,14:51.523,2,711.0,916.0,823.0,1062.0,1832.0,714.0,2037.0,973.0,,,,
27567,14:52.000,14:52.023,1,1191.0,862.0,1294.0,1005.0,,,,,,,,
27582,14:52.500,14:52.523,2,880.0,641.0,1048.0,861.0,2100.0,942.0,2253.0,1111.0,,,,
27597,14:53.000,14:53.025,2,831.0,633.0,1003.0,853.0,2043.0,911.0,2191.0,1084.0,,,,
27612,14:53.500,14:53.525,2,332.0,596.0,540.0,842.0,1553.0,877.0,1664.0,1026.0,,,,
27627,14:54.000,14:54.025,2,1428.0,759.0,1532.0,902.0,106.0,534.0,346.0,809.0,,,,
27642,14:54.500,14:54.525,2,1021.0,766.0,1124.0,909.0,2262.0,634.0,2471.0,915.0,,,,
27657,14:55.000,14:55.025,2,1358.0,601.0,1528.0,841.0,141.0,830.0,296.0,1009.0,,,,
27672,14:55.500,14:55.525,2,1449.0,577.0,1627.0,827.0,276.0,794.0,418.0,967.0,,,,
27687,14:56.000,14:56.025,2,1436.0,561.0,1613.0,804.0,234.0,805.0,378.0,978.0,,,,
27702,14:56.500,14:56.525,2,1396.0,561.0,1572.0,801.0,201.0,825.0,349.0,995.0,,,,
27717,14:57.000,14:57.027,2,1485.0,595.0,1663.0,836.0,319.0,853.0,457.0,1019.0,,,,
27732,14:57.500,14:57.527,2,1811.0,619.0,2017.0,878.0,676.0,829.0,791.0,980.0,,,,
27747,14:58.000,14:58.027,2,1496.0,595.0,1679.0,838.0,342.0,884.0,479.0,1049.0,,,,
27762,14:58.500,14:58.527,1,1111.0,838.0,1216.0,981.0,,,,,,,,
27777,14:59.000,14:59.027,2,707.0,760.0,883.0,977.0,1932.0,855.0,2063.0,1013.0,,,,
27792,14:59.500,14:59.527,2,706.0,762.0,881.0,977.0,1933.0,880.0,2065.0,1036.0,,,,
27807,15:00.000,15:00.027,2,1670.0,851.0,1788.0,997.0,429.0,711.0,627.0,949.0,,,,
27822,15:00.500,15:00.527,1,1091.0,824.0,1194.0,964.0,,,,,,,,
27837,15:01.000,15:01.028,2,609.0,871.0,727.0,1021.0,1721.0,621.0,1919.0,874.0,,,,
27852,15:01.500,15:01.528,2,1661.0,659.0,1848.0,905.0,556.0,929.0,678.0,1081.0,,,,
27867,15:02.000,15:02.028,2,1700.0,654.0,1895.0,902.0,591.0,921.0,710.0,1073.0,,,,
27882,15:02.500,15:02.528,2,1862.0,689.0,2073.0,943.0,741.0,922.0,853.0,1063.0,,,,
27897,15:03.000,15:03.028,1,1095.0,858.0,1197.0,998.0,,,,,,,,
27912,15:03.500,15:03.528,1,1098.0,877.0,1199.0,1014.0,,,,,,,,
27927,15:04.000,15:04.028,1,1114.0,822.0,1215.0,956.0,,,,,,,,
27942,15:04.500,15:04.528,1,1121.0,819.0,1224.0,959.0,,,,,,,,
27957,15:05.000,15:05.030,1,1045.0,751.0,1147.0,891.0,,,,,,,,
27972,15:05.500,15:05.530,2,1684.0,349.0,1887.0,607.0,565.0,643.0,686.0,794.0,,,,
27987,15:06.000,15:06.030,2,2014.0,456.0,2251.0,732.0,879.0,775.0,987.0,920.0,,,,
28001,15:06.500,15:06.530,2,1738.0,823.0,1856.0,970.0,539.0,696.0,727.0,927.0,,,,
28016,15:07.000,15:07.030,2,1394.0,731.0,1499.0,874.0,58.0,548.0,307.0,821.0,,,,
28031,15:07.500,15:07.530,2,594.0,609.0,780.0,836.0,1809.0,753.0,1933.0,906.0,,,,
28046,15:08.000,15:08.030,2,710.0,603.0,887.0,824.0,1917.0,774.0,2046.0,931.0,,,,
28061,15:08.500,15:08.530,2,684.0,615.0,864.0,836.0,1888.0,793.0,2018.0,948.0,,,,
28076,15:09.000,15:09.032,2,1405.0,832.0,1510.0,974.0,119.0,545.0,353.0,824.0,,,,
28091,15:09.500,15:09.523,2,1315.0,841.0,1417.0,980.0,-38.0,611.0,209.0,893.0,,,,
28106,15:10.000,15:10.023,2,1436.0,689.0,1614.0,925.0,281.0,967.0,423.0,1134.0,,,,
28120,15:10.500,15:10.515,2,849.0,1025.0,959.0,1166.0,1980.0,782.0,2215.0,1056.0,,,,
28136,15:11.000,15:11.023,2,601.0,729.0,784.0,954.0,1752.0,1049.0,1873.0,1202.0,,,,
28151,15:11.500,15:11.523,2,594.0,683.0,776.0,913.0,1747.0,987.0,1867.0,1143.0,,,,
28166,15:12.000,15:12.057,2,1720.0,959.0,1837.0,1109.0,558.0,690.0,742.0,917.0,,,,
28181,15:12.500,15:12.523,2,414.0,694.0,610.0,930.0,1604.0,941.0,1715.0,1085.0,,,,
28196,15:13.000,15:13.025,2,1527.0,901.0,1635.0,1042.0,307.0,674.0,516.0,917.0,,,,
28211,15:13.500,15:13.525,2,1445.0,879.0,1551.0,1021.0,180.0,659.0,404.0,917.0,,,,
28226,15:14.000,15:14.025,2,1489.0,677.0,1667.0,908.0,366.0,934.0,498.0,1095.0,,,,
28241,15:14.500,15:14.525,2,132.0,967.0,287.0,1146.0,1277.0,690.0,1419.0,904.0,,,,
28256,15:15.000,15:15.025,2,167.0,964.0,316.0,1136.0,1300.0,671.0,1440.0,891.0,,,,
28271,15:15.500,15:15.525,2,1314.0,645.0,1474.0,868.0,179.0,943.0,326.0,1118.0,,,,
28286,15:16.000,15:16.025,2,1339.0,649.0,1510.0,879.0,211.0,972.0,356.0,1150.0,,,,
28301,15:16.500,15:16.527,2,1619.0,616.0,1809.0,859.0,533.0,954.0,657.0,1106.0,,,,
28316,15:17.000,15:17.027,2,1534.0,537.0,1716.0,785.0,444.0,892.0,572.0,1047.0,,,,
28330,15:17.500,15:17.510,2,1930.0,543.0,2156.0,818.0,819.0,811.0,927.0,955.0,,,,
28346,15:18.000,15:18.027,2,1943.0,575.0,2167.0,842.0,798.0,695.0,910.0,837.0,,,,
28361,15:18.500,15:18.527,2,1548.0,549.0,1729.0,793.0,428.0,752.0,554.0,911.0,,,,
28376,15:19.000,15:19.027,2,2013.0,542.0,2248.0,807.0,864.0,697.0,969.0,840.0,,,,
28391,15:19.500,15:19.527,2,844.0,690.0,950.0,830.0,1978.0,549.0,2192.0,810.0,,,,
28406,15:20.000,15:20.027,2,851.0,683.0,959.0,825.0,1959.0,551.0,2147.0,809.0,,,,
28421,15:20.500,15:20.528,2,852.0,774.0,962.0,915.0,1979.0,613.0,2176.0,873.0,,,,
28436,15:21.000,15:21.028,2,2055.0,742.0,2267.0,1017.0,886.0,1005.0,996.0,1154.0,,,,
28451,15:21.500,15:21.528,2,2026.0,1001.0,2175.0,1174.0,855.0,701.0,1000.0,915.0,,,,
28466,15:22.000,15:22.028,2,1763.0,927.0,1886.0,1089.0,647.0,617.0,796.0,842.0,,,,
28481,15:22.500,15:22.528,2,1267.0,840.0,1374.0,983.0,-25.0,591.0,158.0,861.0,,,,
28496,15:23.000,15:23.028,2,877.0,943.0,986.0,1088.0,2025.0,803.0,2231.0,1060.0,,,,
28511,15:23.500,15:23.528,2,1579.0,706.0,1747.0,940.0,475.0,921.0,600.0,1075.0,,,,
28526,15:24.000,15:24.028,2,468.0,911.0,596.0,1069.0,1587.0,696.0,1765.0,929.0,,,,
28541,15:24.500,15:24.530,2,1573.0,671.0,1753.0,905.0,428.0,917.0,559.0,1077.0,,,,
28556,15:25.000,15:25.030,2,1543.0,670.0,1721.0,904.0,395.0,915.0,528.0,1080.0,,,,
28571,15:25.500,15:25.530,2,1542.0,646.0,1719.0,883.0,405.0,883.0,538.0,1048.0,,,,
28585,15:26.000,15:26.030,2,994.0,854.0,1093.0,994.0,2184.0,651.0,2420.0,928.0,,,,
28600,15:26.500,15:26.530,1,1202.0,813.0,1306.0,953.0,,,,,,,,
28615,15:27.000,15:27.030,2,1251.0,821.0,1355.0,959.0,-89.0,594.0,122.0,880.0,,,,
28630,15:27.500,15:27.530,2,1821.0,636.0,2026.0,893.0,695.0,858.0,808.0,1004.0,,,,
28645,15:28.000,15:28.030,2,1520.0,634.0,1705.0,873.0,378.0,920.0,511.0,1083.0,,,,
28660,15:28.500,15:28.532,2,576.0,942.0,696.0,1092.0,1697.0,687.0,1892.0,931.0,,,,
28675,15:29.000,15:29.023,2,265.0,656.0,478.0,901.0,1499.0,891.0,1606.0,1033.0,,,,
28690,15:29.500,15:29.523,2,297.0,647.0,509.0,895.0,1530.0,878.0,1638.0,1020.0,,,,
28705,15:30.000,15:30.023,2,217.0,674.0,435.0,927.0,1480.0,898.0,1589.0,1042.0,,,,
28720,15:30.500,15:30.523,2,149.0,649.0,377.0,907.0,1441.0,871.0,1546.0,1014.0,,,,
28735,15:31.000,15:31.023,2,63.0,637.0,307.0,899.0,1387.0,852.0,1492.0,994.0,,,,
28750,15:31.500,15:31.523,2,-32.0,631.0,211.0,905.0,1327.0,837.0,1432.0,976.0,,,,
28765,15:32.000,15:32.023,2,1322.0,832.0,1424.0,972.0,-40.0,630.0,203.0,908.0,,,,
28780,15:32.500,15:32.525,2,1321.0,833.0,1424.0,974.0,-41.0,635.0,201.0,913.0,,,,
28795,15:33.000,15:33.025,2,1321.0,835.0,1425.0,976.0,-38.0,637.0,204.0,916.0,,,,
28810,15:33.500,15:33.525,2,1332.0,876.0,1435.0,1017.0,-12.0,659.0,227.0,935.0,,,,
28825,15:34.000,15:34.025,2,1380.0,851.0,1483.0,990.0,53.0,616.0,297.0,890.0,,,,
28840,15:34.500,15:34.525,2,1320.0,876.0,1421.0,1014.0,-26.0,660.0,210.0,942.0,,,,
28855,15:35.000,15:35.025,2,1264.0,880.0,1366.0,1019.0,-100.0,672.0,125.0,964.0,,,,
28870,15:35.500,15:35.525,1,1241.0,880.0,1343.0,1019.0,,,,,,,,
28885,15:36.000,15:36.025,1,1116.0,856.0,1219.0,999.0,,,,,,,,
28900,15:36.500,15:36.527,1,1201.0,815.0,1301.0,955.0,,,,,,,,
28915,15:37.000,15:37.027,2,523.0,556.0,713.0,790.0,1700.0,861.0,1820.0,1012.0,,,,
28930,15:37.500,15:37.527,2,586.0,566.0,772.0,795.0,1744.0,911.0,1865.0,1061.0,,,,
28945,15:38.000,15:38.027,2,549.0,497.0,737.0,734.0,1692.0,856.0,1812.0,1010.0,,,,
28960,15:38.500,15:38.527,2,348.0,498.0,557.0,751.0,1536.0,841.0,1646.0,986.0,,,,
28975,15:39.000,15:39.027,2,1388.0,767.0,1491.0,908.0,100.0,492.0,340.0,765.0,,,,
28990,15:39.500,15:39.527,2,10.0,521.0,256.0,803.0,1331.0,768.0,1434.0,910.0,,,,
29005,15:40.000,15:40.027,2,2158.0,565.0,2394.0,840.0,948.0,773.0,1052.0,915.0,,,,
29020,15:40.500,15:40.528,2,341.0,901.0,476.0,1062.0,1487.0,599.0,1654.0,830.0,,,,
29035,15:41.000,15:41.028,2,324.0,915.0,462.0,1078.0,1468.0,625.0,1631.0,846.0,,,,
29050,15:41.500,15:41.528,2,376.0,897.0,508.0,1056.0,1507.0,614.0,1660.0,840.0,,,,
29065,15:42.000,15:42.028,2,452.0,882.0,578.0,1040.0,1568.0,619.0,1722.0,843.0,,,,
29080,15:42.500,15:42.528,2,523.0,854.0,646.0,1005.0,1639.0,602.0,1802.0,839.0,,,,
29095,15:43.000,15:43.028,2,521.0,851.0,644.0,1003.0,1639.0,596.0,1803.0,832.0,,,,
29110,15:43.500,15:43.528,2,1661.0,597.0,1845.0,840.0,532.0,857.0,652.0,1010.0,,,,
29125,15:44.000,15:44.028,0,,,,,,,,,,,,
29140,15:44.500,15:44.530,0,,,,,,,,,,,,
29155,15:45.000,15:45.030,0,,,,,,,,,,,,
29170,15:45.500,15:45.530,1,1048.0,478.0,1153.0,625.0,,,,,,,,
29184,15:46.000,15:46.022,2,367.0,783.0,498.0,942.0,1527.0,550.0,1707.0,795.0,,,,
29200,15:46.500,15:46.530,2,1375.0,570.0,1544.0,801.0,177.0,819.0,326.0,986.0,,,,
29215,15:47.000,15:47.030,2,1425.0,565.0,1599.0,799.0,259.0,813.0,400.0,983.0,,,,
29229,15:47.500,15:47.505,2,1722.0,568.0,1917.0,818.0,613.0,769.0,729.0,915.0,,,,
29245,15:48.000,15:48.030,1,1126.0,756.0,1228.0,892.0,,,,,,,,
29260,15:48.500,15:48.532,2,258.0,531.0,469.0,784.0,1485.0,807.0,1592.0,949.0,,,,
29275,15:49.000,15:49.032,2,360.0,556.0,561.0,798.0,1562.0,832.0,1670.0,978.0,,,,
29290,15:49.500,15:49.523,2,347.0,570.0,549.0,815.0,1544.0,828.0,1652.0,972.0,,,,
29305,15:50.000,15:50.023,2,325.0,583.0,529.0,827.0,1531.0,829.0,1638.0,971.0,,,,
29320,15:50.500,15:50.523,2,335.0,595.0,537.0,843.0,1536.0,840.0,1644.0,983.0,,,,
29335,15:51.000,15:51.023,2,341.0,613.0,541.0,858.0,1535.0,851.0,1643.0,994.0,,,,
29350,15:51.500,15:51.523,2,1541.0,848.0,1649.0,994.0,347.0,610.0,548.0,857.0,,,,
29365,15:52.000,15:52.023,2,343.0,614.0,544.0,859.0,1543.0,844.0,1650.0,990.0,,,,
29380,15:52.500,15:52.525,2,326.0,603.0,528.0,850.0,1533.0,835.0,1640.0,977.0,,,,
29395,15:53.000,15:53.025,2,1520.0,824.0,1626.0,962.0,302.0,593.0,507.0,843.0,,,,
29410,15:53.500,15:53.525,2,300.0,574.0,510.0,821.0,1531.0,801.0,1638.0,945.0,,,,
29425,15:54.000,15:54.025,2,1519.0,795.0,1627.0,937.0,290.0,573.0,501.0,825.0,,,,
29440,15:54.500,15:54.525,2,321.0,579.0,523.0,819.0,1529.0,789.0,1635.0,930.0,,,,
29455,15:55.000,15:55.025,2,1514.0,787.0,1618.0,930.0,310.0,584.0,510.0,828.0,,,,
29470,15:55.500,15:55.525,2,284.0,579.0,490.0,825.0,1502.0,777.0,1609.0,922.0,,,,
29485,15:56.000,15:56.025,2,275.0,576.0,479.0,822.0,1501.0,771.0,1606.0,916.0,,,,
29500,15:56.500,15:56.527,2,294.0,574.0,495.0,824.0,1510.0,773.0,1618.0,918.0,,,,
29515,15:57.000,15:57.027,2,292.0,581.0,494.0,830.0,1510.0,780.0,1617.0,924.0,,,,
29530,15:57.500,15:57.527,2,1508.0,783.0,1616.0,927.0,288.0,584.0,491.0,831.0,,,,
29545,15:58.000,15:58.027,2,279.0,584.0,483.0,832.0,1512.0,784.0,1618.0,927.0,,,,
29560,15:58.500,15:58.527,2,262.0,590.0,466.0,834.0,1499.0,779.0,1606.0,923.0,,,,
29575,15:59.000,15:59.027,2,247.0,584.0,460.0,833.0,1496.0,772.0,1602.0,916.0,,,,
29590,15:59.500,15:59.527,2,241.0,580.0,458.0,828.0,1498.0,772.0,1605.0,916.0,,,,
29605,16:00.000,16:00.027,2,243.0,591.0,457.0,842.0,1495.0,779.0,1600.0,922.0,,,,
29620,16:00.500,16:00.528,2,265.0,601.0,473.0,842.0,1503.0,783.0,1610.0,926.0,,,,
29635,16:01.000,16:01.028,2,1508.0,786.0,1617.0,932.0,335.0,611.0,512.0,845.0,,,,
29650,16:01.500,16:01.528,2,1492.0,776.0,1600.0,917.0,320.0,606.0,495.0,845.0,,,,
29665,16:02.000,16:02.028,2,1486.0,766.0,1593.0,909.0,322.0,601.0,493.0,840.0,,,,
29680,16:02.500,16:02.528,2,1480.0,766.0,1586.0,909.0,312.0,604.0,484.0,845.0,,,,
29695,16:03.000,16:03.028,2,1217.0,770.0,1320.0,912.0,-84.0,658.0,105.0,924.0,,,,
29710,16:03.500,16:03.528,2,975.0,798.0,1080.0,940.0,2148.0,516.0,2376.0,781.0,,,,
29724,16:04.000,16:04.003,2,515.0,863.0,641.0,1015.0,1616.0,575.0,1797.0,812.0,,,,
29740,16:04.500,16:04.530,2,1404.0,641.0,1574.0,865.0,240.0,928.0,385.0,1096.0,,,,
29755,16:05.000,16:05.030,2,1420.0,656.0,1592.0,887.0,262.0,956.0,405.0,1122.0,,,,
29770,16:05.500,16:05.530,2,1943.0,1139.0,2083.0,1308.0,789.0,938.0,932.0,1146.0,,,,
29785,16:06.000,16:06.030,1,1108.0,1000.0,1245.0,1207.0,,,,,,,,
29800,16:06.500,16:06.530,1,1104.0,1009.0,1243.0,1215.0,,,,,,,,
29815,16:07.000,16:07.030,1,1095.0,1011.0,1230.0,1215.0,,,,,,,,
29830,16:07.500,16:07.530,1,1078.0,1006.0,1212.0,1215.0,,,,,,,,
29845,16:08.000,16:08.030,2,1663.0,1044.0,1780.0,1198.0,496.0,883.0,656.0,1112.0,,,,
29860,16:08.500,16:08.532,2,1652.0,973.0,1768.0,1122.0,485.0,867.0,646.0,1086.0,,,,
29875,16:09.000,16:09.023,2,1621.0,983.0,1737.0,1131.0,450.0,886.0,613.0,1112.0,,,,
29890,16:09.500,16:09.523,2,409.0,903.0,606.0,1137.0,1642.0,1008.0,1758.0,1157.0,,,,
29905,16:10.000,16:10.023,2,435.0,883.0,635.0,1114.0,1686.0,1004.0,1804.0,1152.0,,,,
29920,16:10.500,16:10.523,2,233.0,873.0,455.0,1116.0,1527.0,980.0,1636.0,1122.0,,,,
29935,16:11.000,16:11.023,2,123.0,867.0,357.0,1120.0,1450.0,954.0,1556.0,1095.0,,,,
29950,16:11.500,16:11.523,2,185.0,851.0,405.0,1100.0,1478.0,950.0,1587.0,1095.0,,,,
29965,16:12.000,16:12.023,2,226.0,813.0,446.0,1062.0,1500.0,921.0,1608.0,1065.0,,,,
29980,16:12.500,16:12.525,2,640.0,819.0,815.0,1039.0,1846.0,893.0,1972.0,1047.0,,,,
29995,16:13.000,16:13.025,2,645.0,762.0,824.0,980.0,1861.0,824.0,1989.0,980.0,,,,
30010,16:13.500,16:13.525,2,594.0,778.0,776.0,1002.0,1813.0,838.0,1937.0,988.0,,,,
30025,16:14.000,16:14.025,1,1005.0,652.0,1111.0,791.0,,,,,,,,
30040,16:14.500,16:14.525,2,636.0,485.0,763.0,639.0,1819.0,50.0,2056.0,344.0,,,,
30055,16:15.000,16:15.025,2,1539.0,360.0,1737.0,618.0,374.0,703.0,510.0,861.0,,,,
30070,16:15.500,16:15.525,2,880.0,750.0,988.0,892.0,2070.0,425.0,2328.0,714.0,,,,
30085,16:16.000,16:16.025,2,19.0,822.0,276.0,1095.0,1381.0,936.0,1485.0,1074.0,,,,
30100,16:16.500,16:16.527,2,1455.0,1029.0,1562.0,1170.0,161.0,877.0,395.0,1138.0,,,,
30115,16:17.000,16:17.027,2,32.0,993.0,289.0,1282.0,1388.0,1176.0,1497.0,1321.0,,,,
30130,16:17.500,16:17.527,2,1300.0,1150.0,1406.0,1298.0,-82.0,1002.0,158.0,1309.0,,,,
30145,16:18.000,16:18.027,1,1185.0,143.0,1300.0,300.0,,,,,,,,
30160,16:18.500,16:18.527,0,,,,,,,,,,,,
30175,16:19.000,16:19.027,0,,,,,,,,,,,,
30190,16:19.500,16:19.527,0,,,,,,,,,,,,
30205,16:20.000,16:20.027,0,,,,,,,,,,,,
30220,16:20.500,16:20.528,0,,,,,,,,,,,,
30235,16:21.000,16:21.028,0,,,,,,,,,,,,
30250,16:21.500,16:21.528,0,,,,,,,,,,,,
30265,16:22.000,16:22.028,0,,,,,,,,,,,,
30280,16:22.500,16:22.528,1,1056.0,406.0,1167.0,556.0,,,,,,,,
30295,16:23.000,16:23.028,2,1642.0,348.0,1841.0,602.0,468.0,617.0,596.0,775.0,,,,
30310,16:23.500,16:23.528,2,1570.0,694.0,1682.0,840.0,310.0,511.0,523.0,755.0,,,,
30325,16:24.000,16:24.028,2,779.0,401.0,953.0,641.0,1994.0,697.0,2134.0,860.0,,,,
30340,16:24.500,16:24.530,2,1950.0,1020.0,2088.0,1185.0,721.0,863.0,891.0,1084.0,,,,
30355,16:25.000,16:25.030,2,682.0,1045.0,857.0,1274.0,1942.0,1146.0,2084.0,1318.0,,,,
30370,16:25.500,16:25.530,2,593.0,1076.0,774.0,1311.0,1856.0,1170.0,1986.0,1337.0,,,,
30385,16:26.000,16:26.030,2,600.0,1054.0,785.0,1290.0,1820.0,1103.0,1950.0,1266.0,,,,
30400,16:26.500,16:26.530,2,618.0,1034.0,797.0,1269.0,1827.0,1103.0,1959.0,1267.0,,,,
30415,16:27.000,16:27.030,2,608.0,1015.0,791.0,1247.0,1820.0,1089.0,1951.0,1253.0,,,,
30430,16:27.500,16:27.530,2,607.0,999.0,784.0,1228.0,1819.0,1065.0,1950.0,1230.0,,,,
30445,16:28.000,16:28.030,2,1822.0,1049.0,1951.0,1208.0,677.0,987.0,821.0,1201.0,,,,
30460,16:28.500,16:28.523,2,1823.0,1049.0,1952.0,1203.0,675.0,979.0,819.0,1201.0,,,,
30475,16:29.000,16:29.023,2,1818.0,1041.0,1948.0,1202.0,670.0,973.0,814.0,1197.0,,,,
30490,16:29.500,16:29.523,2,1804.0,1018.0,1930.0,1181.0,636.0,960.0,789.0,1181.0,,,,
30505,16:30.000,16:30.023,2,1798.0,1003.0,1924.0,1158.0,625.0,952.0,778.0,1174.0,,,,
30520,16:30.500,16:30.523,2,1796.0,995.0,1921.0,1151.0,640.0,948.0,785.0,1168.0,,,,
30535,16:31.000,16:31.023,2,1786.0,981.0,1912.0,1137.0,607.0,946.0,766.0,1163.0,,,,
30550,16:31.500,16:31.523,2,1785.0,977.0,1910.0,1130.0,617.0,942.0,770.0,1160.0,,,,
30565,16:32.000,16:32.023,2,1780.0,969.0,1907.0,1124.0,610.0,939.0,767.0,1159.0,,,,
30580,16:32.500,16:32.525,2,1775.0,969.0,1902.0,1126.0,611.0,937.0,767.0,1159.0,,,,
30595,16:33.000,16:33.025,2,1777.0,966.0,1903.0,1119.0,612.0,938.0,770.0,1160.0,,,,
30610,16:33.500,16:33.525,2,1787.0,960.0,1915.0,1119.0,636.0,937.0,788.0,1153.0,,,,
30625,16:34.000,16:34.025,2,1795.0,958.0,1921.0,1112.0,637.0,932.0,789.0,1148.0,,,,
30640,16:34.500,16:34.525,2,1789.0,951.0,1918.0,1106.0,634.0,924.0,782.0,1145.0,,,,
30655,16:35.000,16:35.025,2,1774.0,952.0,1897.0,1109.0,635.0,923.0,784.0,1145.0,,,,
30670,16:35.500,16:35.525,2,1777.0,955.0,1901.0,1114.0,638.0,922.0,788.0,1144.0,,,,
30685,16:36.000,16:36.025,2,1775.0,964.0,1899.0,1123.0,632.0,922.0,783.0,1145.0,,,,
30700,16:36.500,16:36.527,2,1772.0,960.0,1897.0,1116.0,612.0,923.0,775.0,1147.0,,,,
30715,16:37.000,16:37.027,2,1765.0,948.0,1894.0,1103.0,615.0,926.0,773.0,1155.0,,,,
30730,16:37.500,16:37.527,2,1759.0,943.0,1885.0,1095.0,626.0,915.0,780.0,1139.0,,,,
30745,16:38.000,16:38.027,2,1766.0,943.0,1890.0,1099.0,602.0,911.0,762.0,1139.0,,,,
30760,16:38.500,16:38.527,2,1765.0,935.0,1888.0,1091.0,594.0,907.0,758.0,1132.0,,,,
30775,16:39.000,16:39.027,2,1767.0,941.0,1891.0,1097.0,598.0,914.0,762.0,1137.0,,,,
30790,16:39.500,16:39.527,2,1770.0,953.0,1895.0,1109.0,605.0,919.0,768.0,1140.0,,,,
30805,16:40.000,16:40.027,2,1770.0,940.0,1895.0,1096.0,602.0,910.0,766.0,1132.0,,,,
30820,16:40.500,16:40.528,2,1750.0,933.0,1875.0,1087.0,592.0,907.0,756.0,1130.0,,,,
30835,16:41.000,16:41.028,2,969.0,885.0,1078.0,1034.0,2217.0,698.0,2406.0,960.0,,,,
30850,16:41.500,16:41.528,2,1383.0,729.0,1530.0,957.0,103.0,866.0,261.0,1047.0,,,,
30865,16:42.000,16:42.028,2,-13.0,982.0,154.0,1176.0,1303.0,766.0,1449.0,987.0,,,,
30880,16:42.500,16:42.528,2,1316.0,782.0,1478.0,1015.0,-11.0,1029.0,152.0,1223.0,,,,
30895,16:43.000,16:43.028,2,1333.0,782.0,1502.0,1010.0,-1.0,1037.0,165.0,1231.0,,,,
30910,16:43.500,16:43.528,2,1335.0,787.0,1502.0,1016.0,11.0,1031.0,181.0,1221.0,,,,
30925,16:44.000,16:44.028,2,1333.0,794.0,1498.0,1024.0,32.0,1045.0,199.0,1236.0,,,,
30940,16:44.500,16:44.530,2,1339.0,793.0,1485.0,1014.0,65.0,1022.0,229.0,1207.0,,,,
30955,16:45.000,16:45.030,2,1362.0,779.0,1511.0,1007.0,97.0,1006.0,256.0,1191.0,,,,
30970,16:45.500,16:45.530,2,1370.0,784.0,1519.0,1012.0,104.0,1002.0,262.0,1187.0,,,,
30985,16:46.000,16:46.030,2,1371.0,784.0,1523.0,1014.0,115.0,997.0,273.0,1182.0,,,,
31000,16:46.500,16:46.530,2,1396.0,758.0,1546.0,984.0,144.0,950.0,300.0,1133.0,,,,
31015,16:47.000,16:47.030,2,1418.0,751.0,1570.0,977.0,172.0,928.0,326.0,1107.0,,,,
31030,16:47.500,16:47.530,2,184.0,917.0,335.0,1096.0,1427.0,753.0,1578.0,978.0,,,,
31045,16:48.000,16:48.023,2,1419.0,750.0,1571.0,979.0,182.0,923.0,333.0,1101.0,,,,
31060,16:48.500,16:48.523,2,1430.0,757.0,1581.0,985.0,193.0,927.0,343.0,1100.0,,,,
31075,16:49.000,16:49.023,2,1443.0,747.0,1597.0,972.0,208.0,907.0,361.0,1080.0,,,,
31090,16:49.500,16:49.523,2,212.0,886.0,364.0,1068.0,1445.0,729.0,1597.0,964.0,,,,
31105,16:50.000,16:50.023,2,1451.0,723.0,1602.0,954.0,221.0,882.0,371.0,1060.0,,,,
31120,16:50.500,16:50.548,2,619.0,853.0,739.0,1007.0,1788.0,707.0,1964.0,948.0,,,,
31135,16:51.000,16:51.023,2,1966.0,928.0,2108.0,1096.0,814.0,749.0,964.0,960.0,,,,
31150,16:51.500,16:51.523,2,896.0,728.0,1045.0,936.0,2057.0,969.0,2210.0,1144.0,,,,
31165,16:52.000,16:52.025,2,2027.0,962.0,2174.0,1136.0,865.0,733.0,1012.0,943.0,,,,
31180,16:52.500,16:52.525,2,856.0,736.0,1002.0,946.0,2008.0,972.0,2157.0,1145.0,,,,
31195,16:53.000,16:53.025,2,2006.0,974.0,2155.0,1148.0,863.0,741.0,1005.0,947.0,,,,
31210,16:53.500,16:53.525,2,2008.0,987.0,2152.0,1158.0,839.0,741.0,993.0,953.0,,,,
31225,16:54.000,16:54.025,2,838.0,746.0,995.0,958.0,2007.0,993.0,2152.0,1162.0,,,,
31240,16:54.500,16:54.525,2,829.0,754.0,985.0,963.0,2002.0,992.0,2146.0,1163.0,,,,
31255,16:55.000,16:55.025,2,1996.0,980.0,2140.0,1152.0,824.0,744.0,979.0,955.0,,,,
31270,16:55.500,16:55.525,2,1993.0,986.0,2138.0,1157.0,825.0,746.0,977.0,956.0,,,,
31285,16:56.000,16:56.027,2,1988.0,987.0,2131.0,1155.0,822.0,747.0,974.0,958.0,,,,
31300,16:56.500,16:56.527,2,832.0,755.0,988.0,963.0,1998.0,994.0,2142.0,1164.0,,,,
31315,16:57.000,16:57.027,2,1998.0,999.0,2142.0,1170.0,837.0,758.0,993.0,965.0,,,,
31330,16:57.500,16:57.527,2,831.0,753.0,987.0,965.0,1997.0,993.0,2142.0,1162.0,,,,
31345,16:58.000,16:58.027,2,1993.0,989.0,2138.0,1158.0,834.0,755.0,990.0,961.0,,,,
31360,16:58.500,16:58.527,2,842.0,733.0,997.0,947.0,2002.0,972.0,2149.0,1140.0,,,,
31375,16:59.000,16:59.027,1,1641.0,893.0,1804.0,1122.0,,,,,,,,
31390,16:59.500,16:59.527,0,,,,,,,,,,,,
31405,17:00.000,17:00.028,0,,,,,,,,,,,,
31420,17:00.500,17:00.528,0,,,,,,,,,,,,
31435,17:01.000,17:01.028,0,,,,,,,,,,,,
31450,17:01.500,17:01.528,1,1021.0,961.0,1135.0,1104.0,,,,,,,,
31465,17:02.000,17:02.028,1,1020.0,941.0,1129.0,1075.0,,,,,,,,
31480,17:02.500,17:02.528,2,1910.0,844.0,2048.0,1007.0,753.0,801.0,908.0,1019.0,,,,
31495,17:03.000,17:03.028,2,733.0,715.0,891.0,934.0,1899.0,735.0,2037.0,903.0,,,,
31510,17:03.500,17:03.528,2,1845.0,670.0,1978.0,831.0,676.0,648.0,840.0,873.0,,,,
31525,17:04.000,17:04.030,2,1764.0,600.0,1893.0,761.0,590.0,581.0,757.0,810.0,,,,
31540,17:04.500,17:04.530,2,1744.0,590.0,1872.0,753.0,586.0,567.0,745.0,795.0,,,,
31555,17:05.000,17:05.030,2,1764.0,583.0,1894.0,745.0,600.0,550.0,761.0,778.0,,,,
31570,17:05.500,17:05.530,2,1777.0,574.0,1908.0,737.0,612.0,540.0,771.0,766.0,,,,
31585,17:06.000,17:06.030,2,1790.0,562.0,1920.0,727.0,607.0,528.0,771.0,754.0,,,,
31600,17:06.500,17:06.530,2,1789.0,563.0,1919.0,728.0,572.0,529.0,749.0,759.0,,,,
31615,17:07.000,17:07.022,2,561.0,523.0,742.0,753.0,1789.0,553.0,1917.0,717.0,,,,
31630,17:07.500,17:07.522,2,555.0,524.0,735.0,757.0,1782.0,555.0,1909.0,717.0,,,,
31645,17:08.000,17:08.023,2,555.0,521.0,739.0,755.0,1780.0,552.0,1911.0,716.0,,,,
31660,17:08.500,17:08.523,2,1780.0,549.0,1911.0,713.0,549.0,518.0,734.0,754.0,,,,
31675,17:09.000,17:09.023,2,552.0,522.0,732.0,758.0,1778.0,553.0,1907.0,717.0,,,,
31690,17:09.500,17:09.523,2,1766.0,559.0,1894.0,721.0,549.0,528.0,730.0,766.0,,,,
31705,17:10.000,17:10.023,2,564.0,522.0,742.0,757.0,1771.0,550.0,1901.0,713.0,,,,
31720,17:10.500,17:10.523,2,570.0,524.0,745.0,754.0,1770.0,550.0,1900.0,714.0,,,,
31735,17:11.000,17:11.023,2,1282.0,663.0,1389.0,808.0,-86.0,603.0,138.0,887.0,,,,
31749,17:11.500,17:11.532,2,1289.0,659.0,1438.0,893.0,-54.0,940.0,113.0,1137.0,,,,
31765,17:12.000,17:12.025,1,1256.0,678.0,1409.0,905.0,,,,,,,,
31780,17:12.500,17:12.525,2,1281.0,662.0,1432.0,894.0,-37.0,1006.0,127.0,1202.0,,,,
31793,17:13.000,17:13.000,2,434.0,886.0,569.0,1056.0,1629.0,621.0,1799.0,861.0,,,,
31810,17:13.500,17:13.525,1,1125.0,831.0,1235.0,977.0,,,,,,,,
31825,17:14.000,17:14.025,2,1261.0,859.0,1369.0,1005.0,-26.0,484.0,183.0,760.0,,,,
31840,17:14.500,17:14.525,2,1252.0,868.0,1360.0,1014.0,-7.0,503.0,193.0,769.0,,,,
31855,17:15.000,17:15.025,2,1253.0,874.0,1362.0,1019.0,-7.0,514.0,193.0,783.0,,,,
31870,17:15.500,17:15.525,2,1247.0,883.0,1357.0,1028.0,-10.0,523.0,187.0,788.0,,,,
31885,17:16.000,17:16.027,2,1268.0,882.0,1377.0,1032.0,2.0,516.0,207.0,783.0,,,,
31900,17:16.500,17:16.527,2,1256.0,879.0,1369.0,1021.0,-20.0,515.0,178.0,783.0,,,,
31915,17:17.000,17:17.027,2,1266.0,875.0,1376.0,1024.0,0.0,490.0,205.0,760.0,,,,
31930,17:17.500,17:17.527,2,1282.0,877.0,1391.0,1026.0,26.0,478.0,239.0,746.0,,,,
31945,17:18.000,17:18.027,2,1286.0,883.0,1396.0,1030.0,13.0,485.0,230.0,756.0,,,,
31960,17:18.500,17:18.527,2,1263.0,889.0,1374.0,1034.0,-23.0,500.0,184.0,776.0,,,,
31975,17:19.000,17:19.027,2,817.0,936.0,930.0,1083.0,2019.0,800.0,2231.0,1061.0,,,,
31990,17:19.500,17:19.527,2,1482.0,743.0,1641.0,970.0,318.0,1082.0,458.0,1254.0,,,,
32005,17:20.000,17:20.028,2,1475.0,708.0,1632.0,937.0,301.0,1059.0,444.0,1233.0,,,,
32020,17:20.500,17:20.528,2,458.0,991.0,587.0,1153.0,1596.0,662.0,1761.0,898.0,,,,
32035,17:21.000,17:21.028,1,1009.0,847.0,1117.0,999.0,,,,,,,,
32050,17:21.500,17:21.528,2,1457.0,854.0,1574.0,1004.0,280.0,549.0,468.0,799.0,,,,
32065,17:22.000,17:22.028,2,272.0,570.0,460.0,819.0,1449.0,859.0,1566.0,1010.0,,,,
32080,17:22.500,17:22.528,2,1432.0,864.0,1547.0,1015.0,247.0,576.0,437.0,825.0,,,,
32095,17:23.000,17:23.028,2,1408.0,842.0,1521.0,990.0,212.0,583.0,402.0,836.0,,,,
32110,17:23.500,17:23.528,2,1391.0,845.0,1504.0,998.0,193.0,603.0,385.0,856.0,,,,
32125,17:24.000,17:24.030,2,1371.0,815.0,1482.0,967.0,171.0,592.0,365.0,843.0,,,,
32140,17:24.500,17:24.530,2,1360.0,809.0,1468.0,959.0,126.0,584.0,342.0,843.0,,,,
32155,17:25.000,17:25.030,2,1378.0,805.0,1488.0,956.0,142.0,584.0,355.0,841.0,,,,
32170,17:25.500,17:25.530,2,1706.0,856.0,1832.0,1020.0,560.0,650.0,733.0,880.0,,,,
32185,17:26.000,17:26.030,2,1712.0,886.0,1839.0,1047.0,572.0,666.0,739.0,893.0,,,,
32200,17:26.500,17:26.522,2,751.0,872.0,867.0,1023.0,1940.0,687.0,2125.0,954.0,,,,
32215,17:27.000,17:27.022,2,1383.0,712.0,1540.0,954.0,118.0,980.0,277.0,1167.0,,,,
32230,17:27.500,17:27.522,2,1388.0,710.0,1537.0,947.0,121.0,987.0,280.0,1171.0,,,,
32245,17:28.000,17:28.023,2,1390.0,710.0,1547.0,952.0,126.0,1000.0,286.0,1185.0,,,,
32260,17:28.500,17:28.523,2,1399.0,697.0,1558.0,937.0,141.0,997.0,299.0,1183.0,,,,
32275,17:29.000,17:29.023,2,1610.0,689.0,1775.0,933.0,404.0,966.0,540.0,1135.0,,,,
32290,17:29.500,17:29.523,1,1018.0,862.0,1126.0,1011.0,,,,,,,,
32305,17:30.000,17:30.023,2,786.0,893.0,901.0,1044.0,2008.0,671.0,2220.0,937.0,,,,
32320,17:30.500,17:30.523,2,515.0,974.0,641.0,1136.0,1695.0,684.0,1870.0,938.0,,,,
32335,17:31.000,17:31.023,2,513.0,989.0,640.0,1149.0,1715.0,670.0,1928.0,933.0,,,,
32350,17:31.500,17:31.523,2,1676.0,696.0,1876.0,953.0,484.0,1012.0,612.0,1178.0,,,,
32365,17:32.000,17:32.025,2,1667.0,669.0,1866.0,921.0,485.0,998.0,613.0,1160.0,,,,
32379,17:32.500,17:32.525,2,788.0,907.0,903.0,1053.0,1991.0,609.0,2224.0,889.0,,,,
32394,17:33.000,17:33.025,2,524.0,1043.0,654.0,1211.0,1708.0,773.0,1888.0,1022.0,,,,
32409,17:33.500,17:33.525,2,1615.0,743.0,1802.0,988.0,451.0,1099.0,584.0,1267.0,,,,
32424,17:34.000,17:34.025,2,1579.0,676.0,1782.0,935.0,402.0,1084.0,538.0,1253.0,,,,
32439,17:34.500,17:34.525,2,1566.0,692.0,1745.0,946.0,396.0,1065.0,532.0,1239.0,,,,
32454,17:35.000,17:35.025,2,405.0,1053.0,541.0,1222.0,1569.0,683.0,1729.0,918.0,,,,
32469,17:35.500,17:35.525,2,402.0,1057.0,537.0,1229.0,1568.0,677.0,1730.0,909.0,,,,
32484,17:36.000,17:36.027,2,400.0,1054.0,536.0,1224.0,1578.0,657.0,1743.0,898.0,,,,
32499,17:36.500,17:36.527,2,1595.0,651.0,1770.0,891.0,391.0,1066.0,527.0,1238.0,,,,
32514,17:37.000,17:37.027,2,385.0,1061.0,522.0,1236.0,1579.0,657.0,1744.0,895.0,,,,
32529,17:37.500,17:37.527,2,390.0,1049.0,527.0,1220.0,1579.0,654.0,1741.0,894.0,,,,
32544,17:38.000,17:38.027,2,442.0,1015.0,575.0,1179.0,1630.0,639.0,1799.0,875.0,,,,
32559,17:38.500,17:38.527,2,903.0,892.0,1012.0,1038.0,2186.0,631.0,2397.0,905.0,,,,
32574,17:39.000,17:39.027,1,1009.0,852.0,1117.0,997.0,,,,,,,,
32589,17:39.500,17:39.527,2,-5.0,665.0,252.0,940.0,1343.0,864.0,1453.0,1011.0,,,,
32604,17:40.000,17:40.028,2,557.0,901.0,681.0,1059.0,1769.0,618.0,1957.0,867.0,,,,
32619,17:40.500,17:40.528,2,1612.0,629.0,1784.0,864.0,401.0,961.0,538.0,1131.0,,,,
32634,17:41.000,17:41.028,1,952.0,815.0,1061.0,961.0,,,,,,,,
32649,17:41.500,17:41.528,2,1841.0,870.0,1973.0,1036.0,655.0,685.0,837.0,910.0,,,,
32664,17:42.000,17:42.028,2,669.0,693.0,846.0,918.0,1842.0,885.0,1973.0,1054.0,,,,
32679,17:42.500,17:42.528,2,682.0,703.0,860.0,929.0,1858.0,906.0,1991.0,1070.0,,,,
32694,17:43.000,17:43.028,2,640.0,705.0,821.0,929.0,1816.0,881.0,1947.0,1050.0,,,,
32709,17:43.500,17:43.528,2,642.0,708.0,823.0,934.0,1821.0,884.0,1951.0,1052.0,,,,
32724,17:44.000,17:44.030,2,1822.0,891.0,1953.0,1060.0,647.0,712.0,828.0,943.0,,,,
32739,17:44.500,17:44.530,2,504.0,719.0,698.0,959.0,1684.0,894.0,1807.0,1054.0,,,,
32754,17:45.000,17:45.030,2,730.0,970.0,848.0,1121.0,1944.0,609.0,2157.0,873.0,,,,
32769,17:45.500,17:45.522,2,1600.0,606.0,1778.0,844.0,438.0,1066.0,573.0,1232.0,,,,
32784,17:46.000,17:46.022,2,460.0,1037.0,591.0,1205.0,1617.0,558.0,1796.0,809.0,,,,
32799,17:46.500,17:46.522,2,1624.0,540.0,1808.0,788.0,476.0,1027.0,608.0,1192.0,,,,
32814,17:47.000,17:47.022,2,501.0,1016.0,627.0,1179.0,1649.0,532.0,1832.0,783.0,,,,
32829,17:47.500,17:47.522,2,1630.0,618.0,1808.0,854.0,428.0,991.0,563.0,1158.0,,,,
32844,17:48.000,17:48.023,2,407.0,1021.0,543.0,1192.0,1644.0,778.0,1819.0,1017.0,,,,
32859,17:48.500,17:48.523,2,1541.0,773.0,1718.0,1006.0,305.0,1130.0,448.0,1310.0,,,,
32874,17:49.000,17:49.023,2,1531.0,758.0,1719.0,990.0,301.0,1167.0,446.0,1346.0,,,,
32888,17:49.500,17:49.523,2,2049.0,522.0,2297.0,805.0,811.0,886.0,923.0,1034.0,,,,
32903,17:50.000,17:50.023,1,981.0,764.0,1090.0,912.0,,,,,,,,
32918,17:50.500,17:50.523,2,1674.0,440.0,1878.0,702.0,423.0,776.0,558.0,942.0,,,,
32933,17:51.000,17:51.023,2,400.0,926.0,537.0,1099.0,1620.0,585.0,1793.0,823.0,,,,
32947,17:51.500,17:51.523,2,480.0,730.0,677.0,967.0,1666.0,828.0,1788.0,985.0,,,,
32962,17:52.000,17:52.025,2,797.0,693.0,968.0,912.0,1957.0,863.0,2098.0,1036.0,,,,
32977,17:52.500,17:52.525,2,813.0,715.0,982.0,930.0,1959.0,962.0,2102.0,1130.0,,,,
32992,17:53.000,17:53.025,2,870.0,742.0,1034.0,959.0,2033.0,952.0,2186.0,1130.0,,,,
33007,17:53.500,17:53.525,2,875.0,742.0,1038.0,959.0,2039.0,937.0,2189.0,1111.0,,,,
33022,17:54.000,17:54.025,2,748.0,752.0,918.0,972.0,1896.0,911.0,2026.0,1076.0,,,,
33037,17:54.500,17:54.525,2,-38.0,774.0,194.0,1054.0,1252.0,893.0,1363.0,1034.0,,,,
33052,17:55.000,17:55.025,2,1627.0,654.0,1791.0,887.0,425.0,1011.0,565.0,1167.0,,,,
33067,17:55.500,17:55.525,2,491.0,926.0,627.0,1086.0,1718.0,646.0,1891.0,885.0,,,,
33082,17:56.000,17:56.027,1,1183.0,816.0,1290.0,957.0,,,,,,,,
33097,17:56.500,17:56.527,2,710.0,659.0,890.0,882.0,1867.0,884.0,2000.0,1044.0,,,,
33112,17:57.000,17:57.027,2,756.0,699.0,929.0,922.0,1925.0,874.0,2064.0,1041.0,,,,
33127,17:57.500,17:57.527,2,805.0,688.0,980.0,912.0,1982.0,911.0,2124.0,1075.0,,,,
33142,17:58.000,17:58.027,2,801.0,663.0,976.0,889.0,1974.0,944.0,2121.0,1116.0,,,,
33157,17:58.500,17:58.535,2,1735.0,836.0,1861.0,997.0,558.0,655.0,750.0,889.0,,,,
33172,17:59.000,17:59.027,1,1140.0,812.0,1247.0,959.0,,,,,,,,
33187,17:59.500,17:59.527,2,1576.0,573.0,1775.0,819.0,413.0,885.0,552.0,1049.0,,,,
33201,18:00.000,18:00.028,2,831.0,706.0,945.0,851.0,2058.0,463.0,2339.0,762.0,,,,
33216,18:00.500,18:00.528,1,1150.0,714.0,1259.0,861.0,,,,,,,,
33231,18:01.000,18:01.028,2,1787.0,904.0,1916.0,1066.0,670.0,562.0,849.0,799.0,,,,
33246,18:01.500,18:01.528,2,195.0,693.0,420.0,948.0,1438.0,876.0,1549.0,1026.0,,,,
33261,18:02.000,18:02.028,2,1533.0,696.0,1716.0,939.0,279.0,1024.0,430.0,1206.0,,,,
33274,18:02.500,18:02.512,2,657.0,906.0,777.0,1062.0,1889.0,658.0,2105.0,921.0,,,,
33290,18:03.000,18:03.028,2,473.0,638.0,669.0,877.0,1627.0,833.0,1746.0,990.0,,,,
33305,18:03.500,18:03.530,2,479.0,639.0,674.0,884.0,1641.0,797.0,1760.0,953.0,,,,
33320,18:04.000,18:04.030,2,331.0,612.0,540.0,862.0,1513.0,758.0,1626.0,909.0,,,,
33335,18:04.500,18:04.530,2,1241.0,746.0,1350.0,895.0,-70.0,650.0,164.0,942.0,,,,
33350,18:05.000,18:05.022,1,1059.0,772.0,1168.0,921.0,,,,,,,,
33365,18:05.500,18:05.522,1,1147.0,772.0,1256.0,919.0,,,,,,,,
33380,18:06.000,18:06.022,2,743.0,612.0,912.0,839.0,1886.0,619.0,2023.0,786.0,,,,
33395,18:06.500,18:06.522,2,1851.0,635.0,1986.0,797.0,714.0,598.0,885.0,823.0,,,,
33410,18:07.000,18:07.022,2,661.0,596.0,845.0,826.0,1820.0,657.0,1952.0,820.0,,,,
33425,18:07.500,18:07.523,2,1838.0,667.0,1972.0,830.0,666.0,595.0,851.0,826.0,,,,
33440,18:08.000,18:08.023,2,513.0,615.0,710.0,850.0,1691.0,676.0,1814.0,837.0,,,,
33455,18:08.500,18:08.523,2,1338.0,735.0,1447.0,882.0,40.0,701.0,286.0,970.0,,,,
33470,18:09.000,18:09.023,2,1591.0,589.0,1770.0,832.0,388.0,914.0,524.0,1082.0,,,,
33485,18:09.500,18:09.523,2,1512.0,583.0,1684.0,821.0,292.0,916.0,436.0,1086.0,,,,
33500,18:10.000,18:10.023,2,424.0,781.0,559.0,943.0,1620.0,445.0,1804.0,692.0,,,,
33515,18:10.500,18:10.523,2,1557.0,460.0,1737.0,698.0,361.0,829.0,501.0,1000.0,,,,
33530,18:11.000,18:11.023,2,1490.0,512.0,1667.0,747.0,292.0,913.0,438.0,1085.0,,,,
33545,18:11.500,18:11.525,2,1488.0,477.0,1667.0,715.0,285.0,882.0,433.0,1054.0,,,,
33560,18:12.000,18:12.025,2,514.0,781.0,643.0,935.0,1700.0,414.0,1891.0,667.0,,,,
33575,18:12.500,18:12.525,2,781.0,713.0,898.0,861.0,2060.0,421.0,2293.0,693.0,,,,
33590,18:13.000,18:13.025,2,2121.0,457.0,2351.0,739.0,824.0,714.0,939.0,865.0,,,,
33605,18:13.500,18:13.525,2,830.0,734.0,949.0,884.0,2120.0,464.0,2352.0,741.0,,,,
33620,18:14.000,18:14.025,1,933.0,713.0,1046.0,861.0,,,,,,,,
33635,18:14.500,18:14.525,1,931.0,715.0,1043.0,862.0,,,,,,,,
33650,18:15.000,18:15.025,1,1000.0,723.0,1112.0,871.0,,,,,,,,
33665,18:15.500,18:15.525,1,1047.0,729.0,1156.0,874.0,,,,,,,,
33680,18:16.000,18:16.027,1,1081.0,743.0,1189.0,890.0,,,,,,,,
33695,18:16.500,18:16.527,1,1082.0,741.0,1193.0,889.0,,,,,,,,
33710,18:17.000,18:17.027,2,1288.0,733.0,1396.0,878.0,6.0,552.0,253.0,830.0,,,,
33725,18:17.500,18:17.527,2,1289.0,763.0,1397.0,908.0,15.0,546.0,262.0,827.0,,,,
33740,18:18.000,18:18.027,2,303.0,921.0,452.0,1095.0,1561.0,661.0,1723.0,901.0,,,,
33755,18:18.500,18:18.527,2,1549.0,665.0,1709.0,896.0,304.0,931.0,452.0,1103.0,,,,
33768,18:19.000,18:19.027,1,1149.0,855.0,1257.0,998.0,,,,,,,,
33783,18:19.500,18:19.528,2,1391.0,671.0,1501.0,821.0,207.0,437.0,425.0,704.0,,,,
33798,18:20.000,18:20.028,2,1283.0,817.0,1389.0,957.0,97.0,570.0,301.0,836.0,,,,
33813,18:20.500,18:20.528,2,1168.0,706.0,1274.0,851.0,-82.0,481.0,116.0,762.0,,,,
33828,18:21.000,18:21.028,2,904.0,830.0,1015.0,976.0,2204.0,668.0,2393.0,950.0,,,,
33843,18:21.500,18:21.528,2,908.0,825.0,1020.0,974.0,2221.0,621.0,2404.0,900.0,,,,
33858,18:22.000,18:22.028,2,1298.0,742.0,1407.0,892.0,95.0,540.0,310.0,808.0,,,,
33873,18:22.500,18:22.528,2,1327.0,736.0,1435.0,886.0,106.0,507.0,335.0,774.0,,,,
33888,18:23.000,18:23.028,2,117.0,519.0,343.0,784.0,1337.0,738.0,1446.0,886.0,,,,
33903,18:23.500,18:23.530,2,46.0,523.0,281.0,797.0,1297.0,737.0,1404.0,883.0,,,,
33917,18:24.000,18:24.030,2,351.0,913.0,494.0,1088.0,1575.0,687.0,1733.0,920.0,,,,
33932,18:24.500,18:24.530,2,1615.0,685.0,1791.0,927.0,397.0,941.0,537.0,1114.0,,,,
33946,18:25.000,18:25.022,1,1028.0,811.0,1134.0,959.0,,,,,,,,
33961,18:25.500,18:25.522,1,1035.0,791.0,1141.0,937.0,,,,,,,,
33976,18:26.000,18:26.022,1,1054.0,778.0,1161.0,926.0,,,,,,,,
33991,18:26.500,18:26.522,2,1496.0,884.0,1608.0,1036.0,309.0,647.0,523.0,895.0,,,,
34006,18:27.000,18:27.022,2,1503.0,784.0,1658.0,1018.0,202.0,1125.0,363.0,1309.0,,,,
34021,18:27.500,18:27.523,2,1526.0,774.0,1685.0,1010.0,222.0,1103.0,384.0,1281.0,,,,
34036,18:28.000,18:28.023,2,1498.0,777.0,1655.0,1013.0,200.0,1152.0,364.0,1336.0,,,,
34051,18:28.500,18:28.523,2,1489.0,777.0,1647.0,1013.0,186.0,1165.0,351.0,1349.0,,,,
34066,18:29.000,18:29.023,2,1576.0,743.0,1749.0,976.0,323.0,1103.0,472.0,1279.0,,,,
34080,18:29.500,18:29.523,2,1275.0,822.0,1382.0,969.0,-13.0,587.0,234.0,873.0,,,,
34095,18:30.000,18:30.023,2,474.0,537.0,670.0,791.0,1572.0,855.0,1689.0,1011.0,,,,
34110,18:30.500,18:30.523,2,339.0,578.0,551.0,833.0,1471.0,894.0,1582.0,1048.0,,,,
34125,18:31.000,18:31.023,2,1217.0,892.0,1325.0,1042.0,-74.0,611.0,182.0,914.0,,,,
34140,18:31.500,18:31.525,2,1885.0,797.0,2095.0,1049.0,631.0,1031.0,755.0,1192.0,,,,
34155,18:32.000,18:32.025,2,1698.0,769.0,1904.0,1023.0,443.0,1080.0,582.0,1246.0,,,,
34170,18:32.500,18:32.525,2,1654.0,764.0,1848.0,1005.0,397.0,1070.0,539.0,1239.0,,,,
34185,18:33.000,18:33.025,2,1596.0,799.0,1780.0,1033.0,327.0,1092.0,474.0,1267.0,,,,
34200,18:33.500,18:33.525,2,475.0,989.0,607.0,1153.0,1738.0,797.0,1929.0,1040.0,,,,
34214,18:34.000,18:34.025,1,1170.0,1019.0,1279.0,1172.0,,,,,,,,
34229,18:34.500,18:34.525,2,822.0,901.0,994.0,1122.0,1932.0,1059.0,2082.0,1245.0,,,,
34244,18:35.000,18:35.025,2,870.0,856.0,1037.0,1076.0,1952.0,1087.0,2101.0,1269.0,,,,
34259,18:35.500,18:35.527,2,883.0,843.0,1050.0,1063.0,1965.0,1085.0,2113.0,1265.0,,,,
34274,18:36.000,18:36.027,2,880.0,844.0,1048.0,1062.0,1970.0,1087.0,2116.0,1268.0,,,,
34289,18:36.500,18:36.527,2,961.0,812.0,1126.0,1031.0,2069.0,1069.0,2228.0,1262.0,,,,
34304,18:37.000,18:37.027,1,1226.0,602.0,1393.0,826.0,,,,,,,,
34319,18:37.500,18:37.527,1,1220.0,547.0,1392.0,771.0,,,,,,,,
34334,18:38.000,18:38.027,1,1207.0,539.0,1379.0,769.0,,,,,,,,
34349,18:38.500,18:38.527,1,1208.0,535.0,1380.0,767.0,,,,,,,,
34364,18:39.000,18:39.027,1,1187.0,534.0,1360.0,766.0,,,,,,,,
34379,18:39.500,18:39.528,1,1145.0,524.0,1319.0,753.0,,,,,,,,
34394,18:40.000,18:40.028,2,1109.0,511.0,1283.0,744.0,2302.0,780.0,2459.0,977.0,,,,
34409,18:40.500,18:40.528,2,864.0,513.0,1044.0,745.0,1980.0,736.0,2131.0,908.0,,,,
34424,18:41.000,18:41.028,2,1343.0,746.0,1458.0,894.0,107.0,597.0,366.0,871.0,,,,
34439,18:41.500,18:41.528,2,1267.0,782.0,1382.0,925.0,-33.0,679.0,231.0,965.0,,,,
34454,18:42.000,18:42.028,2,1268.0,781.0,1383.0,928.0,-17.0,688.0,247.0,974.0,,,,
34469,18:42.500,18:42.528,2,746.0,872.0,870.0,1023.0,2042.0,555.0,2267.0,835.0,,,,
34484,18:43.000,18:43.028,2,577.0,966.0,713.0,1123.0,1824.0,587.0,2020.0,843.0,,,,
34499,18:43.500,18:43.530,2,763.0,763.0,937.0,989.0,1849.0,943.0,1986.0,1111.0,,,,
34514,18:44.000,18:44.030,2,938.0,713.0,1106.0,932.0,2026.0,999.0,2179.0,1182.0,,,,
34529,18:44.500,18:44.522,2,910.0,766.0,1081.0,995.0,1998.0,1082.0,2149.0,1265.0,,,,
34544,18:45.000,18:45.022,2,943.0,678.0,1113.0,899.0,2019.0,1000.0,2171.0,1183.0,,,,
34559,18:45.500,18:45.522,2,1000.0,554.0,1168.0,779.0,2106.0,852.0,2265.0,1035.0,,,,
34574,18:46.000,18:46.022,2,966.0,491.0,1138.0,723.0,2082.0,753.0,2238.0,932.0,,,,
34589,18:46.500,18:46.522,2,554.0,512.0,746.0,759.0,1646.0,737.0,1769.0,892.0,,,,
34604,18:47.000,18:47.022,2,804.0,858.0,925.0,1007.0,2123.0,561.0,2339.0,837.0,,,,
34619,18:47.500,18:47.523,2,1436.0,636.0,1593.0,864.0,116.0,1062.0,293.0,1244.0,,,,
34634,18:48.000,18:48.023,2,1400.0,637.0,1556.0,866.0,101.0,1081.0,281.0,1262.0,,,,
34649,18:48.500,18:48.523,2,1387.0,604.0,1551.0,837.0,106.0,1074.0,285.0,1256.0,,,,
34664,18:49.000,18:49.023,2,1397.0,596.0,1553.0,828.0,138.0,1059.0,311.0,1240.0,,,,
34679,18:49.500,18:49.523,2,1555.0,666.0,1741.0,915.0,322.0,1082.0,478.0,1258.0,,,,
34694,18:50.000,18:50.023,2,910.0,952.0,1025.0,1102.0,2239.0,684.0,2468.0,977.0,,,,
34709,18:50.500,18:50.523,1,1004.0,843.0,1116.0,991.0,,,,,,,,
34724,18:51.000,18:51.023,1,951.0,841.0,1064.0,993.0,,,,,,,,
34739,18:51.500,18:51.525,1,937.0,845.0,1052.0,996.0,,,,,,,,
34754,18:52.000,18:52.025,1,939.0,836.0,1054.0,986.0,,,,,,,,
34769,18:52.500,18:52.525,1,939.0,841.0,1054.0,990.0,,,,,,,,
34784,18:53.000,18:53.025,1,937.0,846.0,1052.0,995.0,,,,,,,,
34799,18:53.500,18:53.525,1,970.0,859.0,1082.0,1008.0,,,,,,,,
34814,18:54.000,18:54.025,2,821.0,933.0,938.0,1088.0,2095.0,678.0,2325.0,950.0,,,,
34829,18:54.500,18:54.525,2,1662.0,682.0,1853.0,925.0,440.0,994.0,578.0,1159.0,,,,
34844,18:55.000,18:55.025,2,1567.0,686.0,1767.0,933.0,324.0,1100.0,472.0,1278.0,,,,
34859,18:55.500,18:55.527,2,1489.0,606.0,1678.0,848.0,245.0,1075.0,403.0,1252.0,,,,
34874,18:56.000,18:56.027,2,1671.0,557.0,1876.0,813.0,453.0,963.0,588.0,1130.0,,,,
34889,18:56.500,18:56.527,2,1937.0,535.0,2176.0,813.0,701.0,868.0,817.0,1020.0,,,,
34904,18:57.000,18:57.027,1,1006.0,738.0,1114.0,883.0,,,,,,,,
34919,18:57.500,18:57.527,1,1094.0,543.0,1203.0,696.0,,,,,,,,
34934,18:58.000,18:58.027,2,651.0,522.0,835.0,758.0,1776.0,735.0,1904.0,896.0,,,,
34949,18:58.500,18:58.527,2,844.0,780.0,956.0,930.0,2142.0,655.0,2359.0,934.0,,,,
34964,18:59.000,18:59.027,2,1463.0,695.0,1621.0,926.0,155.0,918.0,313.0,1099.0,,,,
34979,18:59.500,18:59.528,2,1468.0,726.0,1632.0,955.0,198.0,1057.0,357.0,1242.0,,,,
34994,19:00.000,19:00.028,2,1476.0,732.0,1639.0,963.0,206.0,1053.0,361.0,1240.0,,,,
35009,19:00.500,19:00.528,2,1477.0,726.0,1640.0,955.0,207.0,1042.0,362.0,1224.0,,,,
35024,19:01.000,19:01.028,2,1472.0,715.0,1634.0,944.0,201.0,1030.0,355.0,1211.0,,,,
35039,19:01.500,19:01.528,2,1479.0,702.0,1643.0,934.0,208.0,1016.0,361.0,1196.0,,,,
35054,19:02.000,19:02.028,2,1484.0,705.0,1649.0,939.0,221.0,1001.0,371.0,1181.0,,,,
35069,19:02.500,19:02.528,2,1485.0,693.0,1651.0,926.0,222.0,977.0,375.0,1157.0,,,,
35084,19:03.000,19:03.028,2,1492.0,690.0,1655.0,916.0,226.0,976.0,378.0,1152.0,,,,
35099,19:03.500,19:03.530,2,1519.0,671.0,1683.0,902.0,262.0,933.0,409.0,1111.0,,,,
35114,19:04.000,19:04.022,2,1515.0,665.0,1678.0,898.0,252.0,933.0,400.0,1110.0,,,,
35129,19:04.500,19:04.522,2,1536.0,667.0,1701.0,900.0,277.0,929.0,423.0,1104.0,,,,
35144,19:05.000,19:05.022,2,1546.0,778.0,1713.0,1018.0,299.0,1127.0,446.0,1308.0,,,,
35159,19:05.500,19:05.522,2,1544.0,744.0,1721.0,976.0,301.0,1058.0,445.0,1238.0,,,,
35174,19:06.000,19:06.022,2,1543.0,715.0,1732.0,956.0,290.0,1050.0,437.0,1228.0,,,,
35189,19:06.500,19:06.522,2,1505.0,724.0,1684.0,956.0,292.0,1042.0,438.0,1219.0,,,,
35204,19:07.000,19:07.022,2,1486.0,748.0,1663.0,978.0,289.0,1056.0,438.0,1238.0,,,,
35219,19:07.500,19:07.523,2,1506.0,840.0,1680.0,1082.0,299.0,1153.0,448.0,1339.0,,,,
35234,19:08.000,19:08.023,2,553.0,1105.0,682.0,1269.0,1720.0,845.0,1904.0,1088.0,,,,
35249,19:08.500,19:08.523,2,1844.0,832.0,2049.0,1093.0,642.0,1031.0,763.0,1192.0,,,,
35264,19:09.000,19:09.023,2,1540.0,767.0,1728.0,1007.0,344.0,1116.0,489.0,1292.0,,,,
35279,19:09.500,19:09.523,2,1498.0,836.0,1673.0,1075.0,301.0,1213.0,451.0,1399.0,,,,
35294,19:10.000,19:10.023,2,1476.0,781.0,1648.0,1018.0,272.0,1151.0,423.0,1335.0,,,,
35309,19:10.500,19:10.523,2,1481.0,769.0,1653.0,1001.0,284.0,1133.0,435.0,1312.0,,,,
35324,19:11.000,19:11.023,2,1470.0,756.0,1642.0,987.0,279.0,1137.0,429.0,1320.0,,,,
35339,19:11.500,19:11.525,2,1476.0,733.0,1650.0,971.0,280.0,1118.0,429.0,1296.0,,,,
35354,19:12.000,19:12.025,2,1475.0,742.0,1649.0,967.0,288.0,1121.0,438.0,1300.0,,,,
35369,19:12.500,19:12.525,2,1619.0,881.0,1789.0,1117.0,424.0,1045.0,558.0,1217.0,,,,
35383,19:13.000,19:13.025,2,409.0,536.0,617.0,780.0,1506.0,931.0,1620.0,1086.0,,,,
35398,19:13.500,19:13.525,2,612.0,555.0,801.0,792.0,1715.0,880.0,1841.0,1040.0,,,,
35413,19:14.000,19:14.025,2,764.0,537.0,944.0,767.0,1922.0,737.0,2063.0,908.0,,,,
35428,19:14.500,19:14.525,2,665.0,584.0,852.0,825.0,1837.0,785.0,1971.0,953.0,,,,
35443,19:15.000,19:15.025,1,1101.0,629.0,1209.0,775.0,,,,,,,,
35458,19:15.500,19:15.527,2,1578.0,352.0,1777.0,616.0,333.0,682.0,483.0,860.0,,,,
35473,19:16.000,19:16.027,2,1743.0,294.0,1965.0,568.0,549.0,703.0,679.0,863.0,,,,
35487,19:16.500,19:16.527,2,1586.0,741.0,1703.0,898.0,428.0,562.0,624.0,807.0,,,,
35502,19:17.000,19:17.027,2,597.0,597.0,779.0,832.0,1713.0,799.0,1838.0,961.0,,,,
35517,19:17.500,19:17.527,2,561.0,583.0,748.0,819.0,1676.0,797.0,1799.0,958.0,,,,
35532,19:18.000,19:18.027,2,1435.0,674.0,1547.0,824.0,219.0,523.0,445.0,788.0,,,,
35547,19:18.500,19:18.527,2,957.0,718.0,1067.0,866.0,2082.0,419.0,2317.0,680.0,,,,
35562,19:19.000,19:19.027,2,1792.0,484.0,2010.0,726.0,771.0,881.0,892.0,1030.0,,,,
35577,19:19.500,19:19.528,1,1130.0,780.0,1237.0,924.0,,,,,,,,
35592,19:20.000,19:20.028,1,1140.0,793.0,1248.0,941.0,,,,,,,,
35607,19:20.500,19:20.528,2,1692.0,406.0,1895.0,663.0,543.0,715.0,674.0,876.0,,,,
35622,19:21.000,19:21.028,2,866.0,619.0,978.0,772.0,2069.0,388.0,2296.0,657.0,,,,
35637,19:21.500,19:21.528,2,1592.0,692.0,1711.0,849.0,444.0,526.0,629.0,768.0,,,,
35652,19:22.000,19:22.028,2,1372.0,726.0,1482.0,874.0,223.0,510.0,410.0,755.0,,,,
35667,19:22.500,19:22.528,2,1187.0,735.0,1291.0,882.0,-72.0,543.0,121.0,823.0,,,,
35682,19:23.000,19:23.020,2,1180.0,736.0,1286.0,883.0,-78.0,505.0,118.0,780.0,,,,
35697,19:23.500,19:23.522,2,946.0,952.0,1058.0,1105.0,2189.0,753.0,2397.0,1033.0,,,,
35713,19:24.000,19:24.022,2,838.0,841.0,951.0,996.0,2035.0,618.0,2253.0,890.0,,,,
35728,19:24.500,19:24.522,2,877.0,788.0,991.0,949.0,2120.0,600.0,2379.0,889.0,,,,
35743,19:25.000,19:25.022,2,1716.0,532.0,1917.0,784.0,580.0,897.0,710.0,1058.0,,,,
35758,19:25.500,19:25.522,2,782.0,915.0,899.0,1065.0,1913.0,613.0,2109.0,871.0,,,,
35773,19:26.000,19:26.022,2,1232.0,838.0,1342.0,987.0,-21.0,639.0,171.0,910.0,,,,
35788,19:26.500,19:26.522,2,1202.0,920.0,1310.0,1068.0,-62.0,647.0,136.0,918.0,,,,
35803,19:27.000,19:27.022,1,1003.0,914.0,1114.0,1064.0,,,,,,,,
35818,19:27.500,19:27.523,2,903.0,873.0,1014.0,1023.0,2126.0,649.0,2374.0,922.0,,,,
35833,19:28.000,19:28.023,2,1876.0,571.0,2092.0,828.0,723.0,880.0,839.0,1034.0,,,,
35848,19:28.500,19:28.523,2,192.0,577.0,410.0,830.0,1422.0,800.0,1532.0,945.0,,,,
35863,19:29.000,19:29.023,2,587.0,620.0,777.0,851.0,1737.0,921.0,1866.0,1077.0,,,,
35878,19:29.500,19:29.523,2,1875.0,873.0,2009.0,1038.0,693.0,646.0,879.0,876.0,,,,
35893,19:30.000,19:30.023,2,705.0,608.0,888.0,840.0,1865.0,907.0,2001.0,1071.0,,,,
35906,19:30.500,19:30.523,2,1345.0,784.0,1454.0,933.0,29.0,594.0,290.0,872.0,,,,
35921,19:31.000,19:31.023,2,606.0,886.0,726.0,1043.0,1670.0,683.0,1845.0,918.0,,,,
35936,19:31.500,19:31.525,2,594.0,878.0,715.0,1032.0,1658.0,650.0,1827.0,891.0,,,,
35951,19:32.000,19:32.025,2,2004.0,648.0,2206.0,909.0,871.0,740.0,979.0,888.0,,,,
35966,19:32.500,19:32.525,2,346.0,726.0,484.0,893.0,1474.0,609.0,1630.0,838.0,,,,
35981,19:33.000,19:33.025,2,343.0,779.0,481.0,951.0,1464.0,636.0,1620.0,863.0,,,,
35996,19:33.500,19:33.525,2,430.0,771.0,561.0,936.0,1552.0,605.0,1730.0,841.0,,,,
36011,19:34.000,19:34.025,2,2092.0,617.0,2336.0,890.0,925.0,773.0,1030.0,920.0,,,,
36026,19:34.500,19:34.525,2,1600.0,908.0,1718.0,1060.0,456.0,682.0,651.0,926.0,,,,
36041,19:35.000,19:35.027,2,500.0,673.0,692.0,915.0,1627.0,954.0,1748.0,1108.0,,,,
36056,19:35.500,19:35.527,2,1368.0,889.0,1478.0,1036.0,156.0,614.0,381.0,870.0,,,,
36071,19:36.000,19:36.027,1,1046.0,849.0,1154.0,989.0,,,,,,,,
36086,19:36.500,19:36.527,1,1091.0,886.0,1197.0,1028.0,,,,,,,,
36101,19:37.000,19:37.027,1,1084.0,880.0,1191.0,1024.0,,,,,,,,
36116,19:37.500,19:37.527,1,1074.0,895.0,1180.0,1036.0,,,,,,,,
36131,19:38.000,19:38.027,0,,,,,,,,,,,,
36146,19:38.500,19:38.527,0,,,,,,,,,,,,
36161,19:39.000,19:39.028,0,,,,,,,,,,,,
36176,19:39.500,19:39.528,1,352.0,611.0,549.0,856.0,,,,,,,,
36191,19:40.000,19:40.028,1,804.0,623.0,971.0,842.0,,,,,,,,
36206,19:40.500,19:40.528,1,82.0,570.0,315.0,843.0,,,,,,,,
36221,19:41.000,19:41.028,0,,,,,,,,,,,,
36236,19:41.500,19:41.528,0,,,,,,,,,,,,
36251,19:42.000,19:42.028,0,,,,,,,,,,,,
36266,19:42.500,19:42.528,0,,,,,,,,,,,,
36281,19:43.000,19:43.022,0,,,,,,,,,,,,
36296,19:43.500,19:43.522,0,,,,,,,,,,,,
36311,19:44.000,19:44.022,0,,,,,,,,,,,,
36326,19:44.500,19:44.522,0,,,,,,,,,,,,
36341,19:45.000,19:45.030,1,1543.0,522.0,1733.0,769.0,,,,,,,,
36356,19:45.500,19:45.522,1,1540.0,585.0,1723.0,825.0,,,,,,,,
36370,19:46.000,19:46.022,0,,,,,,,,,,,,
36385,19:46.500,19:46.522,1,779.0,664.0,951.0,892.0,,,,,,,,
36400,19:47.000,19:47.023,1,74.0,619.0,321.0,888.0,,,,,,,,
36415,19:47.500,19:47.523,1,1643.0,717.0,1835.0,964.0,,,,,,,,
36430,19:48.000,19:48.023,1,1576.0,713.0,1759.0,947.0,,,,,,,,
36445,19:48.500,19:48.523,1,1541.0,740.0,1719.0,974.0,,,,,,,,
36460,19:49.000,19:49.023,1,1569.0,738.0,1745.0,971.0,,,,,,,,
36475,19:49.500,19:49.523,1,1566.0,735.0,1740.0,966.0,,,,,,,,
36490,19:50.000,19:50.023,1,1475.0,773.0,1647.0,1009.0,,,,,,,,
36505,19:50.500,19:50.523,1,1446.0,727.0,1618.0,959.0,,,,,,,,
36520,19:51.000,19:51.025,1,1752.0,693.0,1948.0,934.0,,,,,,,,
36535,19:51.500,19:51.525,0,,,,,,,,,,,,
36550,19:52.000,19:52.025,1,-15.0,472.0,241.0,759.0,,,,,,,,
36565,19:52.500,19:52.525,1,707.0,619.0,888.0,852.0,,,,,,,,
36580,19:53.000,19:53.025,1,373.0,484.0,586.0,737.0,,,,,,,,
36595,19:53.500,19:53.525,0,,,,,,,,,,,,
36610,19:54.000,19:54.025,1,2266.0,680.0,2472.0,961.0,,,,,,,,
36625,19:54.500,19:54.525,1,2211.0,616.0,2443.0,899.0,,,,,,,,
36640,19:55.000,19:55.027,0,,,,,,,,,,,,
36655,19:55.500,19:55.527,1,4.0,443.0,264.0,739.0,,,,,,,,
36670,19:56.000,19:56.027,0,,,,,,,,,,,,
36685,19:56.500,19:56.527,0,,,,,,,,,,,,
36700,19:57.000,19:57.027,0,,,,,,,,,,,,
36715,19:57.500,19:57.527,0,,,,,,,,,,,,
36730,19:58.000,19:58.027,0,,,,,,,,,,,,
36745,19:58.500,19:58.527,0,,,,,,,,,,,,
36760,19:59.000,19:59.028,0,,,,,,,,,,,,
36775,19:59.500,19:59.528,0,,,,,,,,,,,,
36790,20:00.000,20:00.028,1,111.0,464.0,355.0,740.0,,,,,,,,
36805,20:00.500,20:00.528,1,377.0,555.0,584.0,800.0,,,,,,,,
36820,20:01.000,20:01.028,1,757.0,579.0,934.0,805.0,,,,,,,,
36835,20:01.500,20:01.528,1,639.0,414.0,827.0,653.0,,,,,,,,
36850,20:02.000,20:02.028,1,869.0,496.0,1042.0,713.0,,,,,,,,
36865,20:02.500,20:02.520,1,884.0,509.0,1055.0,736.0,,,,,,,,
36880,20:03.000,20:03.022,1,804.0,526.0,980.0,752.0,,,,,,,,
36895,20:03.500,20:03.522,0,,,,,,,,,,,,
36910,20:04.000,20:04.022,1,1637.0,549.0,1834.0,797.0,,,,,,,,
36925,20:04.500,20:04.522,1,1465.0,565.0,1651.0,801.0,,,,,,,,
36940,20:05.000,20:05.022,1,1425.0,538.0,1609.0,777.0,,,,,,,,
36955,20:05.500,20:05.522,1,1385.0,574.0,1569.0,812.0,,,,,,,,
36970,20:06.000,20:06.022,1,1371.0,566.0,1554.0,801.0,,,,,,,,
36985,20:06.500,20:06.522,1,1407.0,544.0,1591.0,782.0,,,,,,,,
37000,20:07.000,20:07.023,1,1423.0,546.0,1608.0,787.0,,,,,,,,
37015,20:07.500,20:07.523,1,1583.0,519.0,1778.0,772.0,,,,,,,,
37030,20:08.000,20:08.023,1,1618.0,541.0,1811.0,789.0,,,,,,,,
37044,20:08.500,20:08.507,1,1717.0,539.0,1919.0,794.0,,,,,,,,
37060,20:09.000,20:09.023,1,1799.0,520.0,2007.0,775.0,,,,,,,,
37075,20:09.500,20:09.523,1,1680.0,553.0,1870.0,796.0,,,,,,,,
37090,20:10.000,20:10.023,1,1964.0,597.0,2200.0,873.0,,,,,,,,
37105,20:10.500,20:10.523,1,-65.0,689.0,182.0,984.0,,,,,,,,
37120,20:11.000,20:11.025,2,-17.0,650.0,229.0,933.0,1268.0,974.0,1366.0,1109.0,,,,
37135,20:11.500,20:11.525,1,1167.0,765.0,1271.0,910.0,,,,,,,,
37150,20:12.000,20:12.025,1,1164.0,790.0,1269.0,932.0,,,,,,,,
37165,20:12.500,20:12.525,1,1123.0,817.0,1228.0,963.0,,,,,,,,
37180,20:13.000,20:13.025,1,1107.0,804.0,1212.0,951.0,,,,,,,,
37195,20:13.500,20:13.525,1,1112.0,784.0,1218.0,930.0,,,,,,,,
37210,20:14.000,20:14.025,2,506.0,468.0,704.0,711.0,1662.0,739.0,1782.0,895.0,,,,
37225,20:14.500,20:14.525,2,1788.0,719.0,1917.0,881.0,660.0,375.0,845.0,618.0,,,,
37240,20:15.000,20:15.027,2,727.0,418.0,908.0,654.0,1860.0,756.0,1992.0,918.0,,,,
37255,20:15.500,20:15.527,2,720.0,424.0,901.0,666.0,1851.0,759.0,1984.0,923.0,,,,
37270,20:16.000,20:16.027,2,706.0,432.0,885.0,664.0,1830.0,756.0,1959.0,917.0,,,,
37285,20:16.500,20:16.527,2,623.0,387.0,814.0,633.0,1760.0,711.0,1887.0,866.0,,,,
37300,20:17.000,20:17.027,2,497.0,411.0,698.0,657.0,1657.0,706.0,1777.0,859.0,,,,
37315,20:17.500,20:17.527,2,491.0,417.0,690.0,666.0,1651.0,709.0,1769.0,863.0,,,,
37330,20:18.000,20:18.027,2,499.0,432.0,696.0,680.0,1654.0,720.0,1773.0,873.0,,,,
37345,20:18.500,20:18.527,2,1502.0,666.0,1611.0,815.0,291.0,393.0,511.0,657.0,,,,
37360,20:19.000,20:19.028,2,1274.0,737.0,1380.0,882.0,-19.0,497.0,214.0,782.0,,,,
37375,20:19.500,20:19.528,2,417.0,865.0,550.0,1027.0,1519.0,675.0,1683.0,895.0,,,,
37390,20:20.000,20:20.028,2,1466.0,640.0,1628.0,856.0,362.0,859.0,499.0,1029.0,,,,
37405,20:20.500,20:20.528,2,550.0,814.0,676.0,973.0,1631.0,609.0,1803.0,841.0,,,,
37420,20:21.000,20:21.028,2,1594.0,599.0,1789.0,837.0,488.0,819.0,618.0,983.0,,,,
37435,20:21.500,20:21.528,2,1648.0,596.0,1835.0,836.0,543.0,803.0,667.0,962.0,,,,
37450,20:22.000,20:22.020,2,418.0,643.0,614.0,888.0,1562.0,835.0,1674.0,988.0,,,,
37465,20:22.500,20:22.520,2,625.0,605.0,809.0,837.0,1739.0,874.0,1863.0,1037.0,,,,
37480,20:23.000,20:23.022,2,706.0,478.0,885.0,715.0,1830.0,771.0,1960.0,934.0,,,,
37495,20:23.500,20:23.522,2,774.0,440.0,952.0,668.0,1879.0,760.0,2009.0,921.0,,,,
37510,20:24.000,20:24.022,2,1292.0,762.0,1397.0,905.0,13.0,488.0,262.0,768.0,,,,
37525,20:24.500,20:24.522,1,1207.0,791.0,1311.0,936.0,,,,,,,,
37540,20:25.000,20:25.022,2,1395.0,785.0,1502.0,932.0,162.0,586.0,395.0,853.0,,,,
37555,20:25.500,20:25.522,2,796.0,660.0,972.0,885.0,1959.0,823.0,2099.0,994.0,,,,
37570,20:26.000,20:26.022,2,888.0,591.0,1062.0,820.0,2076.0,770.0,2229.0,945.0,,,,
37585,20:26.500,20:26.522,2,858.0,624.0,1031.0,850.0,2023.0,797.0,2171.0,975.0,,,,
37600,20:27.000,20:27.023,2,809.0,652.0,984.0,880.0,1970.0,814.0,2112.0,981.0,,,,
37615,20:27.500,20:27.523,2,799.0,667.0,972.0,892.0,1952.0,824.0,2092.0,993.0,,,,
37630,20:28.000,20:28.023,2,784.0,674.0,954.0,895.0,1922.0,833.0,2060.0,998.0,,,,
37645,20:28.500,20:28.523,2,1925.0,840.0,2063.0,1004.0,792.0,672.0,961.0,892.0,,,,
37660,20:29.000,20:29.023,2,1922.0,838.0,2059.0,1005.0,790.0,678.0,958.0,901.0,,,,
37675,20:29.500,20:29.523,2,795.0,687.0,965.0,911.0,1922.0,858.0,2059.0,1025.0,,,,
37690,20:30.000,20:30.023,2,736.0,691.0,915.0,918.0,1892.0,862.0,2027.0,1028.0,,,,
37705,20:30.500,20:30.523,2,647.0,701.0,833.0,931.0,1804.0,858.0,1932.0,1020.0,,,,
37720,20:31.000,20:31.025,2,1238.0,812.0,1345.0,959.0,-112.0,741.0,131.0,1044.0,,,,
37735,20:31.500,20:31.525,2,1892.0,623.0,2121.0,881.0,788.0,901.0,901.0,1051.0,,,,
37750,20:32.000,20:32.025,2,1527.0,655.0,1721.0,894.0,430.0,992.0,566.0,1156.0,,,,
37764,20:32.500,20:32.525,2,220.0,757.0,451.0,1012.0,1461.0,862.0,1572.0,1013.0,,,,
37779,20:33.000,20:33.025,2,1845.0,869.0,1975.0,1034.0,683.0,638.0,870.0,874.0,,,,
37794,20:33.500,20:33.525,2,730.0,617.0,911.0,848.0,1888.0,849.0,2023.0,1016.0,,,,
37809,20:34.000,20:34.025,2,699.0,575.0,878.0,810.0,1841.0,768.0,1973.0,936.0,,,,
37824,20:34.500,20:34.525,2,8.0,700.0,253.0,985.0,1293.0,712.0,1406.0,859.0,,,,
37839,20:35.000,20:35.027,2,1222.0,736.0,1333.0,882.0,-82.0,805.0,157.0,1092.0,,,,
37854,20:35.500,20:35.527,2,1637.0,723.0,1759.0,871.0,488.0,702.0,686.0,939.0,,,,
37869,20:36.000,20:36.027,2,695.0,645.0,878.0,874.0,1793.0,908.0,1920.0,1068.0,,,,
37884,20:36.500,20:36.527,2,852.0,618.0,1026.0,841.0,1891.0,1036.0,2024.0,1204.0,,,,
37899,20:37.000,20:37.027,2,1381.0,960.0,1487.0,1108.0,249.0,613.0,466.0,863.0,,,,
37914,20:37.500,20:37.527,2,1822.0,893.0,2027.0,1149.0,709.0,981.0,826.0,1135.0,,,,
37929,20:38.000,20:38.027,2,1036.0,967.0,1141.0,1111.0,2237.0,854.0,2465.0,1132.0,,,,
37944,20:38.500,20:38.543,2,1599.0,926.0,1720.0,1080.0,605.0,457.0,797.0,690.0,,,,
37959,20:39.000,20:39.045,2,1509.0,928.0,1622.0,1078.0,492.0,486.0,689.0,721.0,,,,
37974,20:39.500,20:39.528,2,1515.0,855.0,1691.0,1084.0,364.0,894.0,499.0,1062.0,,,,
37989,20:40.000,20:40.028,2,1468.0,761.0,1645.0,987.0,311.0,877.0,449.0,1048.0,,,,
38004,20:40.500,20:40.528,2,1505.0,740.0,1681.0,970.0,358.0,865.0,494.0,1032.0,,,,
38018,20:41.000,20:41.028,2,1951.0,718.0,2173.0,972.0,809.0,836.0,918.0,983.0,,,,
38033,20:41.500,20:41.520,2,1017.0,848.0,1122.0,992.0,2228.0,758.0,2452.0,1029.0,,,,
38048,20:42.000,20:42.020,2,1970.0,744.0,2188.0,1005.0,830.0,891.0,942.0,1037.0,,,,
38063,20:42.500,20:42.520,2,1542.0,752.0,1717.0,976.0,427.0,948.0,559.0,1111.0,,,,
38078,20:43.000,20:43.022,2,1577.0,724.0,1753.0,953.0,466.0,912.0,596.0,1076.0,,,,
38093,20:43.500,20:43.522,2,1567.0,696.0,1747.0,923.0,457.0,894.0,583.0,1055.0,,,,
38108,20:44.000,20:44.022,2,539.0,871.0,662.0,1027.0,1654.0,671.0,1841.0,910.0,,,,
38123,20:44.500,20:44.522,2,1620.0,674.0,1805.0,907.0,507.0,879.0,633.0,1036.0,,,,
38138,20:45.000,20:45.022,2,1679.0,668.0,1865.0,903.0,568.0,865.0,688.0,1018.0,,,,
38152,20:45.500,20:45.522,2,991.0,777.0,1096.0,922.0,2189.0,622.0,2417.0,892.0,,,,
38167,20:46.000,20:46.022,2,1211.0,744.0,1316.0,884.0,-71.0,550.0,149.0,832.0,,,,
38182,20:46.500,20:46.522,2,1194.0,742.0,1300.0,884.0,-83.0,552.0,131.0,836.0,,,,
38197,20:47.000,20:47.023,2,1991.0,671.0,2221.0,934.0,812.0,852.0,926.0,1000.0,,,,
38212,20:47.500,20:47.523,2,1502.0,641.0,1688.0,876.0,323.0,933.0,468.0,1098.0,,,,
38225,20:48.000,20:48.023,2,278.0,746.0,478.0,990.0,1425.0,829.0,1537.0,974.0,,,,
38240,20:48.500,20:48.523,2,1915.0,843.0,2054.0,1009.0,828.0,686.0,985.0,902.0,,,,
38255,20:49.000,20:49.023,2,1924.0,838.0,2061.0,1003.0,834.0,653.0,993.0,869.0,,,,
38270,20:49.500,20:49.523,2,1894.0,807.0,2029.0,973.0,807.0,631.0,968.0,845.0,,,,
38285,20:50.000,20:50.023,2,1840.0,773.0,1971.0,935.0,752.0,602.0,915.0,826.0,,,,
38300,20:50.500,20:50.523,2,1622.0,790.0,1739.0,947.0,509.0,588.0,692.0,824.0,,,,
38315,20:51.000,20:51.025,2,1544.0,801.0,1657.0,954.0,398.0,626.0,592.0,865.0,,,,
38330,20:51.500,20:51.525,2,1508.0,781.0,1622.0,932.0,360.0,613.0,555.0,856.0,,,,
38345,20:52.000,20:52.025,2,1585.0,778.0,1700.0,936.0,443.0,630.0,632.0,864.0,,,,
38360,20:52.500,20:52.525,2,1704.0,814.0,1824.0,972.0,584.0,629.0,760.0,858.0,,,,
38375,20:53.000,20:53.025,2,1369.0,813.0,1476.0,963.0,138.0,669.0,360.0,926.0,,,,
38389,20:53.500,20:53.508,2,1621.0,700.0,1804.0,936.0,447.0,928.0,581.0,1093.0,,,,
38405,20:54.000,20:54.025,2,1538.0,665.0,1720.0,900.0,376.0,962.0,516.0,1130.0,,,,
38419,20:54.500,20:54.500,2,1527.0,654.0,1709.0,894.0,391.0,1015.0,527.0,1180.0,,,,
38435,20:55.000,20:55.110,2,1730.0,613.0,1929.0,860.0,623.0,973.0,746.0,1128.0,,,,
38449,20:55.500,20:55.527,2,1676.0,848.0,1800.0,1001.0,554.0,983.0,733.0,1203.0,,,,
38464,20:56.000,20:56.027,2,650.0,908.0,823.0,1121.0,1767.0,827.0,1895.0,985.0,,,,
38479,20:56.500,20:56.527,2,572.0,896.0,751.0,1119.0,1688.0,796.0,1812.0,954.0,,,,
38494,20:57.000,20:57.027,2,1423.0,812.0,1539.0,955.0,253.0,1032.0,468.0,1275.0,,,,
38509,20:57.500,20:57.527,2,1208.0,884.0,1320.0,1025.0,-93.0,1064.0,126.0,1346.0,,,,
38524,20:58.000,20:58.027,2,1618.0,590.0,1811.0,834.0,510.0,1003.0,641.0,1163.0,,,,
38539,20:58.500,20:58.527,2,1624.0,616.0,1818.0,853.0,521.0,1020.0,650.0,1178.0,,,,
38554,20:59.000,20:59.028,2,2061.0,579.0,2298.0,857.0,879.0,833.0,989.0,980.0,,,,
38569,20:59.500,20:59.528,2,1002.0,711.0,1108.0,856.0,2238.0,703.0,2453.0,969.0,,,,
38584,21:00.000,21:00.028,1,1041.0,704.0,1146.0,846.0,,,,,,,,
38599,21:00.500,21:00.528,1,1038.0,738.0,1140.0,882.0,,,,,,,,
38614,21:01.000,21:01.020,2,912.0,761.0,1020.0,909.0,2119.0,682.0,2366.0,957.0,,,,
38629,21:01.500,21:01.520,2,1775.0,653.0,1975.0,898.0,634.0,824.0,753.0,983.0,,,,
38644,21:02.000,21:02.020,2,1788.0,632.0,1989.0,888.0,648.0,805.0,767.0,965.0,,,,
38659,21:02.500,21:02.522,2,1792.0,642.0,1988.0,891.0,663.0,807.0,778.0,966.0,,,,
38674,21:03.000,21:03.022,2,2118.0,650.0,2334.0,911.0,935.0,774.0,1043.0,919.0,,,,
38689,21:03.500,21:03.522,2,1207.0,764.0,1312.0,906.0,-99.0,488.0,123.0,778.0,,,,
38704,21:04.000,21:04.022,2,1323.0,824.0,1431.0,964.0,67.0,531.0,302.0,807.0,,,,
38719,21:04.500,21:04.522,2,612.0,545.0,794.0,775.0,1723.0,828.0,1849.0,989.0,,,,
38734,21:05.000,21:05.022,2,595.0,569.0,777.0,798.0,1712.0,831.0,1836.0,989.0,,,,
38749,21:05.500,21:05.522,2,1720.0,835.0,1843.0,997.0,610.0,565.0,789.0,797.0,,,,
38764,21:06.000,21:06.022,2,611.0,570.0,789.0,796.0,1715.0,847.0,1837.0,1004.0,,,,
38779,21:06.500,21:06.523,2,602.0,568.0,783.0,801.0,1705.0,852.0,1822.0,1009.0,,,,
38794,21:07.000,21:07.023,2,1600.0,838.0,1717.0,993.0,485.0,551.0,675.0,785.0,,,,
38809,21:07.500,21:07.523,2,1574.0,843.0,1689.0,996.0,450.0,560.0,642.0,800.0,,,,
38824,21:08.000,21:08.023,2,1552.0,846.0,1665.0,997.0,410.0,558.0,611.0,799.0,,,,
38839,21:08.500,21:08.523,2,1555.0,841.0,1669.0,992.0,407.0,551.0,607.0,797.0,,,,
38854,21:09.000,21:09.023,2,1546.0,838.0,1661.0,989.0,398.0,553.0,598.0,799.0,,,,
38869,21:09.500,21:09.523,2,1565.0,838.0,1680.0,992.0,426.0,547.0,625.0,795.0,,,,
38884,21:10.000,21:10.023,2,750.0,637.0,922.0,866.0,1863.0,920.0,1997.0,1086.0,,,,
38899,21:10.500,21:10.525,2,1005.0,713.0,1166.0,928.0,2150.0,1067.0,2308.0,1255.0,,,,
38914,21:11.000,21:11.025,2,995.0,782.0,1156.0,997.0,2122.0,1145.0,2276.0,1336.0,,,,
38929,21:11.500,21:11.525,2,1350.0,365.0,1464.0,525.0,-3.0,195.0,259.0,507.0,,,,
38944,21:12.000,21:12.025,1,1140.0,345.0,1254.0,501.0,,,,,,,,
38959,21:12.500,21:12.525,1,1131.0,318.0,1243.0,476.0,,,,,,,,
38974,21:13.000,21:13.025,1,1134.0,318.0,1247.0,475.0,,,,,,,,
38989,21:13.500,21:13.525,1,1133.0,341.0,1245.0,497.0,,,,,,,,
39004,21:14.000,21:14.025,1,1078.0,349.0,1190.0,509.0,,,,,,,,
39019,21:14.500,21:14.543,2,1533.0,466.0,1722.0,715.0,351.0,686.0,490.0,859.0,,,,
39034,21:15.000,21:15.027,2,1463.0,490.0,1647.0,731.0,278.0,730.0,423.0,903.0,,,,
39049,21:15.500,21:15.527,2,1454.0,490.0,1638.0,725.0,270.0,742.0,414.0,914.0,,,,
39064,21:16.000,21:16.027,2,1481.0,491.0,1666.0,730.0,303.0,735.0,446.0,910.0,,,,
39078,21:16.500,21:16.527,2,2022.0,511.0,2259.0,786.0,837.0,712.0,948.0,857.0,,,,
39093,21:17.000,21:17.027,2,1890.0,483.0,2116.0,749.0,728.0,715.0,843.0,868.0,,,,
39108,21:17.500,21:17.527,2,-17.0,681.0,220.0,954.0,1302.0,736.0,1405.0,880.0,,,,
39123,21:18.000,21:18.027,2,793.0,660.0,965.0,884.0,1950.0,795.0,2092.0,967.0,,,,
39138,21:18.500,21:18.528,2,735.0,681.0,910.0,905.0,1884.0,831.0,2016.0,994.0,,,,
39153,21:19.000,21:19.028,2,492.0,642.0,685.0,877.0,1653.0,803.0,1770.0,953.0,,,,
39168,21:19.500,21:19.528,2,1516.0,788.0,1627.0,937.0,315.0,661.0,524.0,903.0,,,,
39184,21:20.000,21:20.028,2,346.0,667.0,552.0,913.0,1538.0,787.0,1652.0,938.0,,,,
39199,21:20.500,21:20.520,2,1518.0,786.0,1630.0,937.0,315.0,660.0,524.0,905.0,,,,
39215,21:21.000,21:21.020,2,1441.0,792.0,1550.0,939.0,208.0,669.0,431.0,924.0,,,,
39230,21:21.500,21:21.520,1,1172.0,589.0,1277.0,734.0,,,,,,,,
39245,21:22.000,21:22.020,1,1004.0,426.0,1114.0,580.0,,,,,,,,
39260,21:22.500,21:22.522,1,1001.0,440.0,1110.0,592.0,,,,,,,,
39275,21:23.000,21:23.022,2,952.0,561.0,1060.0,709.0,2208.0,317.0,2444.0,607.0,,,,
39290,21:23.500,21:23.522,2,952.0,622.0,1059.0,769.0,2200.0,408.0,2441.0,693.0,,,,
39305,21:24.000,21:24.022,2,958.0,662.0,1064.0,806.0,2194.0,516.0,2434.0,799.0,,,,
39320,21:24.500,21:24.522,2,984.0,655.0,1090.0,802.0,2244.0,543.0,2482.0,817.0,,,,
39335,21:25.000,21:25.022,1,1052.0,674.0,1158.0,821.0,,,,,,,,
39350,21:25.500,21:25.522,2,613.0,540.0,795.0,772.0,1755.0,766.0,1880.0,924.0,,,,
39365,21:26.000,21:26.022,2,1785.0,777.0,1913.0,936.0,647.0,523.0,828.0,757.0,,,,
39380,21:26.500,21:26.523,2,1583.0,777.0,1698.0,927.0,412.0,571.0,611.0,813.0,,,,
39395,21:27.000,21:27.023,2,504.0,397.0,701.0,646.0,1683.0,599.0,1805.0,754.0,,,,
39410,21:27.500,21:27.523,2,1732.0,727.0,1858.0,887.0,593.0,504.0,776.0,736.0,,,,
39425,21:28.000,21:28.023,2,627.0,472.0,809.0,706.0,1773.0,688.0,1901.0,848.0,,,,
39440,21:28.500,21:28.523,2,1773.0,690.0,1900.0,851.0,625.0,484.0,807.0,719.0,,,,
39451,21:29.000,21:29.023,2,541.0,508.0,729.0,744.0,1693.0,724.0,1813.0,880.0,,,,
39466,21:29.500,21:29.523,2,1407.0,737.0,1515.0,883.0,164.0,558.0,392.0,815.0,,,,
39481,21:30.000,21:30.023,2,2034.0,684.0,2268.0,955.0,847.0,841.0,957.0,988.0,,,,
39496,21:30.500,21:30.525,2,1317.0,764.0,1490.0,990.0,59.0,1055.0,227.0,1247.0,,,,
39511,21:31.000,21:31.025,2,1454.0,850.0,1637.0,1081.0,244.0,1085.0,394.0,1267.0,,,,
39526,21:31.500,21:31.525,2,1455.0,836.0,1635.0,1064.0,249.0,1067.0,398.0,1249.0,,,,
39541,21:32.000,21:32.025,1,1119.0,876.0,1225.0,1019.0,,,,,,,,
39557,21:32.500,21:32.525,2,758.0,591.0,929.0,816.0,1883.0,856.0,2019.0,1020.0,,,,
39572,21:33.000,21:33.025,2,758.0,590.0,929.0,814.0,1879.0,859.0,2014.0,1023.0,,,,
39587,21:33.500,21:33.525,2,741.0,585.0,915.0,815.0,1864.0,851.0,1995.0,1014.0,,,,
39602,21:34.000,21:34.025,2,694.0,605.0,867.0,827.0,1819.0,853.0,1948.0,1011.0,,,,
39617,21:34.500,21:34.527,2,679.0,606.0,854.0,831.0,1808.0,855.0,1936.0,1011.0,,,,
39632,21:35.000,21:35.027,2,1803.0,843.0,1931.0,999.0,671.0,592.0,848.0,822.0,,,,
39647,21:35.500,21:35.527,2,1806.0,839.0,1934.0,999.0,678.0,590.0,856.0,818.0,,,,
39662,21:36.000,21:36.027,2,677.0,591.0,853.0,819.0,1804.0,833.0,1932.0,995.0,,,,
39677,21:36.500,21:36.527,2,635.0,599.0,813.0,825.0,1765.0,823.0,1892.0,982.0,,,,
39692,21:37.000,21:37.027,2,779.0,869.0,890.0,1020.0,1953.0,729.0,2181.0,991.0,,,,
39707,21:37.500,21:37.527,2,1575.0,720.0,1764.0,956.0,419.0,966.0,553.0,1134.0,,,,
39722,21:38.000,21:38.027,2,1620.0,701.0,1810.0,936.0,474.0,935.0,604.0,1101.0,,,,
39736,21:38.500,21:38.528,1,1232.0,591.0,1339.0,739.0,,,,,,,,
39751,21:39.000,21:39.028,2,1365.0,723.0,1472.0,869.0,95.0,498.0,337.0,765.0,,,,
39766,21:39.500,21:39.528,2,361.0,525.0,567.0,774.0,1546.0,732.0,1660.0,882.0,,,,
39781,21:40.000,21:40.028,2,1807.0,784.0,1935.0,944.0,667.0,559.0,848.0,785.0,,,,
39796,21:40.500,21:40.520,2,1718.0,748.0,1843.0,908.0,572.0,545.0,757.0,779.0,,,,
39811,21:41.000,21:41.020,2,507.0,521.0,701.0,758.0,1665.0,719.0,1785.0,875.0,,,,
39826,21:41.500,21:41.520,2,1656.0,702.0,1774.0,856.0,495.0,515.0,686.0,755.0,,,,
39841,21:42.000,21:42.020,2,438.0,541.0,635.0,782.0,1607.0,715.0,1723.0,868.0,,,,
39856,21:42.500,21:42.522,2,181.0,591.0,404.0,855.0,1419.0,736.0,1528.0,884.0,,,,
39871,21:43.000,21:43.022,2,470.0,812.0,661.0,1047.0,1622.0,998.0,1739.0,1152.0,,,,
39886,21:43.500,21:43.522,2,1796.0,635.0,1925.0,797.0,627.0,433.0,814.0,672.0,,,,
39901,21:44.000,21:44.022,2,676.0,581.0,854.0,807.0,1821.0,800.0,1951.0,964.0,,,,
39916,21:44.500,21:44.522,2,1323.0,629.0,1429.0,772.0,-12.0,478.0,232.0,762.0,,,,
39931,21:45.000,21:45.022,1,1116.0,636.0,1219.0,780.0,,,,,,,,
39946,21:45.500,21:45.522,1,1087.0,653.0,1192.0,798.0,,,,,,,,
39961,21:46.000,21:46.022,1,1089.0,672.0,1194.0,818.0,,,,,,,,
39976,21:46.500,21:46.523,1,1091.0,671.0,1196.0,819.0,,,,,,,,
39991,21:47.000,21:47.023,1,1090.0,669.0,1193.0,812.0,,,,,,,,
40006,21:47.500,21:47.523,1,1069.0,683.0,1172.0,829.0,,,,,,,,
40021,21:48.000,21:48.023,1,1065.0,703.0,1167.0,847.0,,,,,,,,
40036,21:48.500,21:48.523,2,2066.0,462.0,2279.0,722.0,903.0,720.0,1007.0,865.0,,,,
40051,21:49.000,21:49.023,2,1698.0,510.0,1873.0,748.0,619.0,835.0,734.0,986.0,,,,
40066,21:49.500,21:49.523,2,757.0,786.0,870.0,940.0,1857.0,468.0,2046.0,718.0,,,,
40081,21:50.000,21:50.023,2,773.0,784.0,882.0,931.0,1878.0,467.0,2070.0,714.0,,,,
40096,21:50.500,21:50.525,2,1843.0,459.0,2061.0,724.0,721.0,819.0,832.0,967.0,,,,
40111,21:51.000,21:51.025,2,1680.0,514.0,1877.0,762.0,567.0,884.0,686.0,1038.0,,,,
40126,21:51.500,21:51.525,2,564.0,879.0,684.0,1031.0,1656.0,529.0,1837.0,770.0,,,,
40141,21:52.000,21:52.025,2,567.0,852.0,687.0,1006.0,1654.0,516.0,1821.0,752.0,,,,
40156,21:52.500,21:52.525,2,1817.0,519.0,2000.0,763.0,713.0,831.0,827.0,981.0,,,,
40171,21:53.000,21:53.025,2,895.0,850.0,1001.0,998.0,2078.0,597.0,2298.0,865.0,,,,
40186,21:53.500,21:53.533,2,654.0,904.0,772.0,1058.0,1788.0,625.0,1993.0,880.0,,,,
40201,21:54.000,21:54.025,2,1869.0,590.0,2092.0,855.0,718.0,869.0,832.0,1019.0,,,,
40216,21:54.500,21:54.527,1,1013.0,869.0,1117.0,1014.0,,,,,,,,
40231,21:55.000,21:55.027,1,1058.0,884.0,1164.0,1030.0,,,,,,,,
40246,21:55.500,21:55.527,2,252.0,668.0,470.0,920.0,1476.0,892.0,1588.0,1041.0,,,,
40261,21:56.000,21:56.027,2,698.0,660.0,877.0,888.0,1846.0,946.0,1979.0,1108.0,,,,
40276,21:56.500,21:56.527,2,464.0,675.0,659.0,915.0,1637.0,912.0,1753.0,1063.0,,,,
40291,21:57.000,21:57.027,2,1432.0,846.0,1538.0,990.0,182.0,643.0,409.0,897.0,,,,
40306,21:57.500,21:57.527,2,1379.0,843.0,1485.0,986.0,93.0,683.0,336.0,945.0,,,,
40321,21:58.000,21:58.027,1,1058.0,609.0,1164.0,750.0,,,,,,,,
40336,21:58.500,21:58.528,2,638.0,631.0,759.0,784.0,1790.0,330.0,2001.0,588.0,,,,
40351,21:59.000,21:59.028,2,782.0,620.0,893.0,770.0,1950.0,271.0,2178.0,553.0,,,,
40366,21:59.500,21:59.528,2,1822.0,327.0,2050.0,604.0,655.0,628.0,773.0,778.0,,,,
40381,22:00.000,22:00.020,2,1382.0,486.0,1532.0,717.0,227.0,730.0,375.0,903.0,,,,
40396,22:00.500,22:00.570,2,676.0,769.0,793.0,918.0,1787.0,526.0,1953.0,764.0,,,,
40410,22:01.000,22:01.020,2,1002.0,797.0,1110.0,944.0,2204.0,601.0,2396.0,871.0,,,,
40425,22:01.500,22:01.520,2,73.0,580.0,277.0,844.0,1312.0,652.0,1420.0,797.0,,,,
40440,22:02.000,22:02.020,2,552.0,543.0,741.0,776.0,1707.0,795.0,1830.0,954.0,,,,
40455,22:02.500,22:02.522,2,1210.0,770.0,1316.0,916.0,2276.0,680.0,2469.0,978.0,,,,
40470,22:03.000,22:03.022,2,1118.0,709.0,1223.0,851.0,2243.0,552.0,2468.0,860.0,,,,
40485,22:03.500,22:03.522,2,1264.0,702.0,1371.0,846.0,-75.0,643.0,169.0,930.0,,,,
40500,22:04.000,22:04.022,2,1683.0,809.0,1805.0,966.0,553.0,633.0,740.0,864.0,,,,
40515,22:04.500,22:04.522,2,183.0,587.0,405.0,847.0,1380.0,781.0,1486.0,927.0,,,,
40530,22:05.000,22:05.022,2,1686.0,833.0,1807.0,989.0,603.0,700.0,767.0,924.0,,,,
40545,22:05.500,22:05.522,2,2035.0,687.0,2289.0,986.0,994.0,836.0,1101.0,978.0,,,,
40560,22:06.000,22:06.022,2,1380.0,674.0,1565.0,924.0,268.0,954.0,412.0,1128.0,,,,
40575,22:06.500,22:06.523,2,1357.0,615.0,1536.0,837.0,301.0,1081.0,448.0,1255.0,,,,
40590,22:07.000,22:07.023,2,1315.0,598.0,1485.0,826.0,279.0,1082.0,431.0,1253.0,,,,
40605,22:07.500,22:07.523,2,1312.0,571.0,1495.0,809.0,294.0,1112.0,443.0,1284.0,,,,
40620,22:08.000,22:08.023,2,1291.0,632.0,1475.0,875.0,239.0,1121.0,388.0,1298.0,,,,
40635,22:08.500,22:08.523,2,1273.0,637.0,1456.0,880.0,296.0,1114.0,443.0,1288.0,,,,
40650,22:09.000,22:09.023,2,343.0,1044.0,486.0,1214.0,1319.0,638.0,1475.0,874.0,,,,
40665,22:09.500,22:09.565,2,1178.0,939.0,1282.0,1077.0,2257.0,631.0,2476.0,918.0,,,,
40680,22:10.000,22:10.023,2,520.0,765.0,703.0,993.0,1627.0,1057.0,1746.0,1210.0,,,,
40695,22:10.500,22:10.525,2,561.0,690.0,743.0,917.0,1655.0,1032.0,1777.0,1187.0,,,,
40710,22:11.000,22:11.025,2,1496.0,936.0,1610.0,1078.0,360.0,594.0,558.0,835.0,,,,
40725,22:11.500,22:11.525,2,342.0,607.0,546.0,851.0,1483.0,948.0,1597.0,1098.0,,,,
40740,22:12.000,22:12.025,2,1561.0,965.0,1676.0,1116.0,430.0,606.0,627.0,853.0,,,,
40755,22:12.500,22:12.525,2,515.0,576.0,712.0,818.0,1658.0,956.0,1780.0,1112.0,,,,
40770,22:13.000,22:13.025,2,1605.0,927.0,1722.0,1077.0,442.0,585.0,645.0,824.0,,,,
40785,22:13.500,22:13.525,2,1583.0,914.0,1701.0,1063.0,410.0,575.0,618.0,819.0,,,,
40800,22:14.000,22:14.025,2,479.0,571.0,679.0,817.0,1639.0,919.0,1758.0,1070.0,,,,
40815,22:14.500,22:14.527,2,467.0,578.0,670.0,826.0,1629.0,929.0,1748.0,1078.0,,,,
40830,22:15.000,22:15.027,2,1622.0,932.0,1740.0,1082.0,463.0,584.0,665.0,830.0,,,,
40845,22:15.500,22:15.527,2,432.0,595.0,632.0,837.0,1590.0,928.0,1709.0,1079.0,,,,
40860,22:16.000,22:16.027,2,435.0,592.0,636.0,837.0,1594.0,922.0,1710.0,1073.0,,,,
40875,22:16.500,22:16.527,2,434.0,596.0,635.0,840.0,1592.0,925.0,1710.0,1078.0,,,,
40890,22:17.000,22:17.027,2,419.0,594.0,623.0,842.0,1584.0,919.0,1700.0,1072.0,,,,
40905,22:17.500,22:17.527,2,420.0,602.0,619.0,844.0,1581.0,926.0,1697.0,1076.0,,,,
40920,22:18.000,22:18.027,2,1578.0,931.0,1693.0,1082.0,408.0,607.0,606.0,846.0,,,,
40935,22:18.500,22:18.528,2,411.0,592.0,613.0,838.0,1585.0,926.0,1701.0,1077.0,,,,
40950,22:19.000,22:19.028,2,1591.0,935.0,1706.0,1086.0,424.0,600.0,625.0,842.0,,,,
40965,22:19.500,22:19.520,2,157.0,593.0,393.0,859.0,1407.0,920.0,1515.0,1068.0,,,,
40980,22:20.000,22:20.020,2,1261.0,857.0,1440.0,1103.0,174.0,1085.0,327.0,1267.0,,,,
40994,22:20.500,22:20.578,2,1755.0,785.0,1975.0,1060.0,761.0,974.0,875.0,1123.0,,,,
41008,22:21.000,22:21.020,2,1565.0,878.0,1679.0,1031.0,371.0,706.0,570.0,946.0,,,,
41023,22:21.500,22:21.520,2,1449.0,709.0,1640.0,968.0,434.0,900.0,562.0,1060.0,,,,
41038,22:22.000,22:22.020,2,819.0,753.0,927.0,897.0,1830.0,611.0,2049.0,888.0,,,,
41053,22:22.500,22:22.522,2,1070.0,694.0,1173.0,836.0,2109.0,648.0,2329.0,937.0,,,,
41068,22:23.000,22:23.022,2,1156.0,652.0,1261.0,798.0,2231.0,659.0,2443.0,945.0,,,,
41083,22:23.500,22:23.522,3,1173.0,630.0,1277.0,771.0,2270.0,645.0,2468.0,925.0,-83.0,274.0,105.0,551.0
41098,22:24.000,22:24.022,2,1179.0,598.0,1284.0,743.0,-62.0,241.0,128.0,523.0,,,,
41113,22:24.500,22:24.522,2,1179.0,586.0,1284.0,731.0,-72.0,248.0,118.0,532.0,,,,
41128,22:25.000,22:25.022,2,1165.0,589.0,1269.0,730.0,-87.0,270.0,99.0,550.0,,,,
41143,22:25.500,22:25.522,1,1154.0,588.0,1260.0,733.0,,,,,,,,
41158,22:26.000,22:26.022,2,1061.0,849.0,1165.0,989.0,2119.0,761.0,2353.0,1046.0,,,,
41173,22:26.500,22:26.523,2,1000.0,872.0,1105.0,1015.0,2035.0,756.0,2258.0,1038.0,,,,
41188,22:27.000,22:27.023,2,986.0,966.0,1091.0,1110.0,2012.0,857.0,2237.0,1137.0,,,,
41203,22:27.500,22:27.523,2,1019.0,923.0,1124.0,1069.0,2060.0,813.0,2294.0,1105.0,,,,
41218,22:28.000,22:28.023,2,1030.0,878.0,1135.0,1023.0,2086.0,779.0,2329.0,1079.0,,,,
41233,22:28.500,22:28.523,2,1004.0,875.0,1108.0,1020.0,2052.0,775.0,2291.0,1066.0,,,,
41248,22:29.000,22:29.023,2,965.0,854.0,1072.0,1000.0,2032.0,746.0,2267.0,1033.0,,,,
41263,22:29.500,22:29.523,2,2035.0,747.0,2272.0,1037.0,957.0,865.0,1068.0,1013.0,,,,
41278,22:30.000,22:30.023,2,1106.0,841.0,1209.0,985.0,2243.0,778.0,2462.0,1071.0,,,,
41292,22:30.500,22:30.500,2,1149.0,894.0,1255.0,1041.0,-58.0,582.0,133.0,844.0,,,,
41308,22:31.000,22:31.025,2,1201.0,919.0,1307.0,1064.0,32.0,560.0,237.0,823.0,,,,
41323,22:31.500,22:31.525,2,1175.0,834.0,1285.0,978.0,-8.0,506.0,184.0,771.0,,,,
41338,22:32.000,22:32.025,2,1157.0,793.0,1264.0,939.0,-65.0,487.0,130.0,762.0,,,,
41353,22:32.500,22:32.525,2,1179.0,772.0,1284.0,920.0,-69.0,473.0,124.0,739.0,,,,
41368,22:33.000,22:33.025,2,1187.0,784.0,1292.0,932.0,-90.0,504.0,102.0,782.0,,,,
41382,22:33.500,22:33.500,2,969.0,831.0,1075.0,971.0,2001.0,675.0,2237.0,959.0,,,,
41398,22:34.000,22:34.025,2,1555.0,629.0,1743.0,885.0,604.0,862.0,724.0,1016.0,,,,
41413,22:34.500,22:34.527,2,591.0,807.0,711.0,966.0,1543.0,589.0,1721.0,838.0,,,,
41428,22:35.000,22:35.027,2,559.0,804.0,680.0,959.0,1537.0,584.0,1722.0,838.0,,,,
41443,22:35.500,22:35.527,2,1846.0,569.0,2061.0,843.0,852.0,767.0,962.0,918.0,,,,
41458,22:36.000,22:36.027,2,452.0,693.0,633.0,932.0,1623.0,886.0,1736.0,1038.0,,,,
41473,22:36.500,22:36.527,2,1851.0,979.0,1981.0,1149.0,701.0,733.0,865.0,960.0,,,,
41488,22:37.000,22:37.027,2,729.0,725.0,896.0,949.0,1889.0,957.0,2022.0,1125.0,,,,
41503,22:37.500,22:37.527,2,740.0,731.0,908.0,953.0,1899.0,973.0,2033.0,1144.0,,,,
41518,22:38.000,22:38.028,2,733.0,720.0,909.0,943.0,1918.0,977.0,2053.0,1147.0,,,,
41533,22:38.500,22:38.520,2,586.0,739.0,770.0,965.0,1749.0,1041.0,1875.0,1203.0,,,,
41548,22:39.000,22:39.020,2,1314.0,920.0,1422.0,1066.0,-19.0,720.0,221.0,996.0,,,,
41564,22:39.500,22:39.520,2,1115.0,991.0,1220.0,1130.0,2109.0,666.0,2380.0,963.0,,,,
41579,22:40.000,22:40.020,2,1949.0,684.0,2202.0,975.0,975.0,980.0,1083.0,1122.0,,,,
41594,22:40.500,22:40.520,2,1944.0,628.0,2200.0,927.0,934.0,907.0,1040.0,1048.0,,,,
41609,22:41.000,22:41.020,2,923.0,839.0,1031.0,981.0,1945.0,588.0,2199.0,883.0,,,,
41624,22:41.500,22:41.520,2,908.0,790.0,1017.0,938.0,1933.0,523.0,2193.0,827.0,,,,
41639,22:42.000,22:42.022,2,1747.0,585.0,1978.0,860.0,750.0,837.0,864.0,986.0,,,,
41654,22:42.500,22:42.522,2,1681.0,581.0,1909.0,855.0,683.0,847.0,800.0,998.0,,,,
41669,22:43.000,22:43.022,2,1685.0,577.0,1907.0,848.0,682.0,842.0,799.0,993.0,,,,
41684,22:43.500,22:43.522,2,754.0,778.0,868.0,931.0,1777.0,538.0,2005.0,815.0,,,,
41699,22:44.000,22:44.022,2,756.0,727.0,871.0,880.0,1790.0,495.0,2020.0,771.0,,,,
41714,22:44.500,22:44.522,2,1643.0,500.0,1861.0,775.0,626.0,766.0,748.0,921.0,,,,
41729,22:45.000,22:45.022,2,1642.0,525.0,1855.0,797.0,628.0,798.0,748.0,952.0,,,,
41744,22:45.500,22:45.522,2,510.0,698.0,702.0,932.0,1697.0,888.0,1821.0,1045.0,,,,
41759,22:46.000,22:46.023,2,355.0,617.0,563.0,859.0,1552.0,894.0,1671.0,1041.0,,,,
41774,22:46.500,22:46.523,2,341.0,626.0,551.0,872.0,1520.0,893.0,1638.0,1046.0,,,,
41789,22:47.000,22:47.023,2,1474.0,824.0,1591.0,976.0,254.0,574.0,473.0,825.0,,,,
41804,22:47.500,22:47.523,2,1464.0,686.0,1579.0,832.0,151.0,439.0,389.0,709.0,,,,
41819,22:48.000,22:48.023,2,1345.0,687.0,1454.0,832.0,-10.0,472.0,244.0,753.0,,,,
41834,22:48.500,22:48.523,1,1122.0,595.0,1230.0,739.0,,,,,,,,
41849,22:49.000,22:49.023,1,1139.0,654.0,1246.0,800.0,,,,,,,,
41864,22:49.500,22:49.523,1,1146.0,726.0,1250.0,869.0,,,,,,,,
41879,22:50.000,22:50.025,2,609.0,442.0,795.0,680.0,1802.0,670.0,1931.0,827.0,,,,
41894,22:50.500,22:50.525,2,797.0,471.0,973.0,707.0,2006.0,709.0,2154.0,881.0,,,,
41909,22:51.000,22:51.025,2,790.0,491.0,963.0,724.0,1998.0,720.0,2143.0,890.0,,,,
41924,22:51.500,22:51.525,2,766.0,486.0,942.0,718.0,1975.0,717.0,2118.0,888.0,,,,
41939,22:52.000,22:52.025,2,1555.0,699.0,1675.0,855.0,232.0,505.0,463.0,759.0,,,,
41954,22:52.500,22:52.525,2,1185.0,735.0,1289.0,881.0,2256.0,491.0,2449.0,771.0,,,,
41969,22:53.000,22:53.025,1,1144.0,725.0,1246.0,866.0,,,,,,,,
41984,22:53.500,22:53.525,1,1113.0,747.0,1215.0,892.0,,,,,,,,
41999,22:54.000,22:54.027,2,803.0,713.0,912.0,864.0,1813.0,393.0,1988.0,659.0,,,,
42014,22:54.500,22:54.527,2,1027.0,726.0,1133.0,876.0,2107.0,450.0,2310.0,726.0,,,,
42029,22:55.000,22:55.035,2,56.0,530.0,313.0,809.0,1401.0,620.0,1513.0,770.0,,,,
42044,22:55.500,22:55.527,2,1446.0,704.0,1560.0,856.0,153.0,534.0,394.0,804.0,,,,
42058,22:56.000,22:56.027,2,1049.0,786.0,1156.0,930.0,2183.0,486.0,2459.0,819.0,,,,
42074,22:56.500,22:56.527,2,1581.0,542.0,1795.0,812.0,571.0,885.0,695.0,1041.0,,,,
42089,22:57.000,22:57.027,2,1482.0,700.0,1595.0,851.0,204.0,557.0,441.0,817.0,,,,
42104,22:57.500,22:57.527,2,730.0,577.0,909.0,810.0,1879.0,849.0,2014.0,1013.0,,,,
42118,22:58.000,22:58.028,2,190.0,582.0,422.0,847.0,1432.0,806.0,1543.0,956.0,,,,
42133,22:58.500,22:58.520,2,1480.0,839.0,1593.0,989.0,237.0,670.0,461.0,928.0,,,,
42148,22:59.000,22:59.020,2,105.0,688.0,347.0,951.0,1397.0,866.0,1507.0,1009.0,,,,
42163,22:59.500,22:59.520,2,1335.0,719.0,1442.0,864.0,-5.0,539.0,250.0,820.0,,,,
42178,23:00.000,23:00.020,2,1360.0,766.0,1468.0,916.0,32.0,591.0,285.0,864.0,,,,
42193,23:00.500,23:00.520,2,1009.0,840.0,1116.0,981.0,2160.0,602.0,2406.0,915.0,,,,
42208,23:01.000,23:01.020,2,1616.0,621.0,1823.0,893.0,560.0,865.0,685.0,1017.0,,,,
42223,23:01.500,23:01.520,2,1862.0,582.0,2091.0,861.0,783.0,782.0,895.0,931.0,,,,
42238,23:02.000,23:02.022,2,1687.0,535.0,1901.0,807.0,620.0,776.0,741.0,929.0,,,,
42253,23:02.500,23:02.522,2,533.0,777.0,659.0,938.0,1594.0,513.0,1798.0,780.0,,,,
42268,23:03.000,23:03.022,2,1582.0,498.0,1803.0,773.0,517.0,789.0,643.0,951.0,,,,
42283,23:03.500,23:03.522,2,1624.0,501.0,1848.0,775.0,558.0,779.0,684.0,934.0,,,,
42298,23:04.000,23:04.022,2,1031.0,730.0,1138.0,868.0,2190.0,494.0,2444.0,808.0,,,,
42313,23:04.500,23:04.522,2,1036.0,740.0,1143.0,880.0,2197.0,516.0,2448.0,826.0,,,,
42328,23:05.000,23:05.022,2,938.0,751.0,1045.0,902.0,2058.0,489.0,2334.0,807.0,,,,
42343,23:05.500,23:05.522,2,897.0,764.0,1006.0,910.0,2029.0,456.0,2300.0,761.0,,,,
42358,23:06.000,23:06.023,2,1979.0,471.0,2224.0,761.0,884.0,758.0,994.0,904.0,,,,
42373,23:06.500,23:06.523,2,935.0,755.0,1041.0,899.0,1999.0,463.0,2252.0,758.0,,,,
42388,23:07.000,23:07.023,2,1104.0,718.0,1209.0,861.0,2133.0,456.0,2402.0,797.0,,,,
42403,23:07.500,23:07.523,1,1217.0,707.0,1322.0,850.0,,,,,,,,
42418,23:08.000,23:08.023,2,912.0,755.0,1021.0,905.0,1983.0,545.0,2226.0,830.0,,,,
42433,23:08.500,23:08.523,2,787.0,716.0,901.0,868.0,1827.0,441.0,2049.0,718.0,,,,
42449,23:09.000,23:09.023,2,666.0,782.0,784.0,939.0,1685.0,513.0,1892.0,778.0,,,,
42464,23:09.500,23:09.523,2,1503.0,518.0,1695.0,770.0,475.0,817.0,605.0,982.0,,,,
42479,23:10.000,23:10.025,2,1478.0,530.0,1676.0,785.0,460.0,864.0,592.0,1028.0,,,,
42494,23:10.500,23:10.525,2,1501.0,603.0,1690.0,856.0,469.0,864.0,600.0,1030.0,,,,
42509,23:11.000,23:11.025,2,1802.0,707.0,2013.0,968.0,767.0,899.0,881.0,1050.0,,,,
42524,23:11.500,23:11.525,1,1229.0,879.0,1334.0,1023.0,,,,,,,,
42539,23:12.000,23:12.025,2,1669.0,753.0,1866.0,1004.0,647.0,953.0,768.0,1108.0,,,,
42554,23:12.500,23:12.525,2,1559.0,727.0,1752.0,966.0,553.0,988.0,679.0,1146.0,,,,
42569,23:13.000,23:13.025,2,1526.0,709.0,1727.0,957.0,519.0,958.0,643.0,1115.0,,,,
42584,23:13.500,23:13.525,2,1489.0,694.0,1689.0,946.0,464.0,964.0,591.0,1125.0,,,,
42599,23:14.000,23:14.027,2,1436.0,682.0,1624.0,929.0,430.0,964.0,559.0,1127.0,,,,
42613,23:14.500,23:14.527,2,1918.0,673.0,2143.0,945.0,878.0,833.0,988.0,979.0,,,,
42628,23:15.000,23:15.027,2,1749.0,533.0,1952.0,801.0,715.0,688.0,832.0,837.0,,,,
42643,23:15.500,23:15.527,2,808.0,422.0,920.0,576.0,1902.0,188.0,2134.0,501.0,,,,
42658,23:16.000,23:16.027,0,,,,,,,,,,,,
42673,23:16.500,23:16.527,0,,,,,,,,,,,,
42688,23:17.000,23:17.027,0,,,,,,,,,,,,
42703,23:17.500,23:17.527,0,,,,,,,,,,,,
42718,23:18.000,23:18.028,0,,,,,,,,,,,,
42733,23:18.500,23:18.528,0,,,,,,,,,,,,
42748,23:19.000,23:19.020,0,,,,,,,,,,,,
42763,23:19.500,23:19.520,0,,,,,,,,,,,,
42778,23:20.000,23:20.020,0,,,,,,,,,,,,
42793,23:20.500,23:20.520,0,,,,,,,,,,,,
42808,23:21.000,23:21.020,0,,,,,,,,,,,,
42823,23:21.500,23:21.520,0,,,,,,,,,,,,
42838,23:22.000,23:22.022,0,,,,,,,,,,,,
42853,23:22.500,23:22.522,0,,,,,,,,,,,,
42868,23:23.000,23:23.022,0,,,,,,,,,,,,
42883,23:23.500,23:23.522,0,,,,,,,,,,,,
42898,23:24.000,23:24.022,0,,,,,,,,,,,,
42913,23:24.500,23:24.522,0,,,,,,,,,,,,
42928,23:25.000,23:25.022,0,,,,,,,,,,,,
42943,23:25.500,23:25.522,0,,,,,,,,,,,,
42958,23:26.000,23:26.023,0,,,,,,,,,,,,
42973,23:26.500,23:26.523,0,,,,,,,,,,,,
42988,23:27.000,23:27.023,0,,,,,,,,,,,,
43003,23:27.500,23:27.523,1,1185.0,282.0,1299.0,445.0,,,,,,,,
43018,23:28.000,23:28.023,2,1472.0,558.0,1585.0,709.0,158.0,506.0,399.0,764.0,,,,
43033,23:28.500,23:28.523,2,1835.0,655.0,1971.0,818.0,625.0,646.0,814.0,867.0,,,,
43048,23:29.000,23:29.023,1,1241.0,760.0,1347.0,905.0,,,,,,,,
43063,23:29.500,23:29.523,1,1195.0,772.0,1301.0,919.0,,,,,,,,
43078,23:30.000,23:30.025,1,1171.0,914.0,1278.0,1061.0,,,,,,,,
43093,23:30.500,23:30.525,2,980.0,735.0,1088.0,879.0,2024.0,667.0,2300.0,875.0,,,,
43108,23:31.000,23:31.025,1,1037.0,711.0,1144.0,856.0,,,,,,,,
43123,23:31.500,23:31.525,1,1064.0,819.0,1173.0,961.0,,,,,,,,
43138,23:32.000,23:32.025,1,1118.0,766.0,1224.0,913.0,,,,,,,,
43153,23:32.500,23:32.525,1,1120.0,764.0,1228.0,912.0,,,,,,,,
43168,23:33.000,23:33.025,1,1123.0,750.0,1231.0,896.0,,,,,,,,
43183,23:33.500,23:33.525,1,1159.0,524.0,1268.0,677.0,,,,,,,,
43198,23:34.000,23:34.027,1,1174.0,443.0,1283.0,597.0,,,,,,,,
43213,23:34.500,23:34.527,0,,,,,,,,,,,,
43228,23:35.000,23:35.027,0,,,,,,,,,,,,
43243,23:35.500,23:35.527,0,,,,,,,,,,,,
43258,23:36.000,23:36.027,0,,,,,,,,,,,,
43273,23:36.500,23:36.527,0,,,,,,,,,,,,
43288,23:37.000,23:37.027,0,,,,,,,,,,,,
43303,23:37.500,23:37.527,0,,,,,,,,,,,,
43318,23:38.000,23:38.028,0,,,,,,,,,,,,
43333,23:38.500,23:38.520,0,,,,,,,,,,,,
43348,23:39.000,23:39.020,0,,,,,,,,,,,,
43363,23:39.500,23:39.520,0,,,,,,,,,,,,
43378,23:40.000,23:40.020,0,,,,,,,,,,,,
43393,23:40.500,23:40.520,0,,,,,,,,,,,,
43408,23:41.000,23:41.020,0,,,,,,,,,,,,
43423,23:41.500,23:41.520,0,,,,,,,,,,,,
43438,23:42.000,23:42.022,0,,,,,,,,,,,,
43453,23:42.500,23:42.522,0,,,,,,,,,,,,
43468,23:43.000,23:43.022,0,,,,,,,,,,,,
43483,23:43.500,23:43.522,0,,,,,,,,,,,,
43498,23:44.000,23:44.022,0,,,,,,,,,,,,
43513,23:44.500,23:44.522,0,,,,,,,,,,,,
43528,23:45.000,23:45.022,0,,,,,,,,,,,,
43543,23:45.500,23:45.522,0,,,,,,,,,,,,
43558,23:46.000,23:46.023,0,,,,,,,,,,,,
43573,23:46.500,23:46.523,0,,,,,,,,,,,,
43588,23:47.000,23:47.023,0,,,,,,,,,,,,
43603,23:47.500,23:47.523,0,,,,,,,,,,,,
43618,23:48.000,23:48.023,0,,,,,,,,,,,,
43633,23:48.500,23:48.523,1,1104.0,407.0,1216.0,570.0,,,,,,,,
43648,23:49.000,23:49.023,1,1160.0,445.0,1268.0,605.0,,,,,,,,
43663,23:49.500,23:49.523,2,1671.0,587.0,1794.0,751.0,404.0,432.0,619.0,683.0,,,,
43678,23:50.000,23:50.025,2,632.0,344.0,827.0,598.0,1866.0,579.0,2007.0,751.0,,,,
43693,23:50.500,23:50.525,2,919.0,483.0,1094.0,713.0,2186.0,680.0,2354.0,858.0,,,,
43708,23:51.000,23:51.025,2,800.0,630.0,980.0,859.0,2042.0,677.0,2196.0,853.0,,,,
43723,23:51.500,23:51.525,2,711.0,647.0,897.0,877.0,1940.0,668.0,2082.0,838.0,,,,
43738,23:52.000,23:52.025,2,656.0,651.0,848.0,887.0,1883.0,626.0,2021.0,795.0,,,,
43753,23:52.500,23:52.525,2,743.0,395.0,934.0,641.0,1984.0,578.0,2134.0,750.0,,,,
43768,23:53.000,23:53.025,2,895.0,404.0,1075.0,650.0,2143.0,658.0,2307.0,841.0,,,,
43783,23:53.500,23:53.525,2,1004.0,452.0,1178.0,686.0,2273.0,751.0,2443.0,938.0,,,,
43798,23:54.000,23:54.027,2,935.0,639.0,1107.0,856.0,2196.0,766.0,2362.0,947.0,,,,
43813,23:54.500,23:54.527,2,842.0,639.0,1020.0,865.0,2083.0,753.0,2237.0,930.0,,,,
43828,23:55.000,23:55.027,2,663.0,585.0,857.0,821.0,1875.0,692.0,2010.0,856.0,,,,
43843,23:55.500,23:55.527,2,1786.0,542.0,1917.0,706.0,554.0,503.0,758.0,736.0,,,,
43858,23:56.000,23:56.027,2,1822.0,569.0,1956.0,735.0,598.0,499.0,797.0,738.0,,,,
43873,23:56.500,23:56.527,2,610.0,529.0,808.0,768.0,1827.0,614.0,1961.0,776.0,,,,
43888,23:57.000,23:57.018,2,921.0,781.0,1032.0,925.0,2020.0,570.0,2291.0,871.0,,,,
43903,23:57.500,23:57.518,2,734.0,837.0,853.0,987.0,1789.0,567.0,2013.0,841.0,,,,
43918,23:58.000,23:58.020,2,875.0,708.0,989.0,853.0,1967.0,436.0,2216.0,731.0,,,,
43933,23:58.500,23:58.520,1,1074.0,615.0,1183.0,760.0,,,,,,,,
43948,23:59.000,23:59.020,2,1367.0,610.0,1480.0,761.0,-31.0,341.0,236.0,645.0,,,,
43963,23:59.500,23:59.520,2,201.0,455.0,449.0,733.0,1510.0,657.0,1627.0,806.0,,,,
43978,24:00.000,24:00.020,2,823.0,533.0,1004.0,766.0,2036.0,795.0,2188.0,970.0,,,,
43993,24:00.500,24:00.520,2,785.0,681.0,967.0,913.0,1992.0,827.0,2140.0,998.0,,,,
44008,24:01.000,24:01.020,2,695.0,805.0,880.0,1044.0,1889.0,1059.0,2030.0,1230.0,,,,
44023,24:01.500,24:01.520,2,221.0,762.0,451.0,1018.0,1474.0,975.0,1590.0,1129.0,,,,
44038,24:02.000,24:02.022,2,1062.0,1125.0,1176.0,1277.0,2235.0,862.0,2504.0,1201.0,,,,
44053,24:02.500,24:02.522,2,615.0,803.0,798.0,1036.0,1757.0,1097.0,1887.0,1268.0,,,,
44068,24:03.000,24:03.022,2,691.0,540.0,875.0,776.0,1850.0,817.0,1986.0,982.0,,,,
44083,24:03.500,24:03.522,2,652.0,591.0,840.0,835.0,1850.0,716.0,1988.0,882.0,,,,
44098,24:04.000,24:04.022,2,758.0,545.0,942.0,794.0,1953.0,733.0,2101.0,907.0,,,,
44113,24:04.500,24:04.522,2,746.0,493.0,928.0,726.0,1928.0,683.0,2072.0,851.0,,,,
44128,24:05.000,24:05.022,2,731.0,476.0,913.0,713.0,1899.0,707.0,2040.0,879.0,,,,
44143,24:05.500,24:05.522,2,711.0,526.0,895.0,757.0,1886.0,717.0,2025.0,887.0,,,,
44158,24:06.000,24:06.023,2,713.0,520.0,895.0,752.0,1881.0,721.0,2018.0,888.0,,,,
44173,24:06.500,24:06.523,2,714.0,560.0,895.0,788.0,1888.0,695.0,2027.0,861.0,,,,
44188,24:07.000,24:07.023,2,1890.0,651.0,2029.0,817.0,698.0,552.0,875.0,785.0,,,,
44203,24:07.500,24:07.523,2,696.0,533.0,876.0,768.0,1901.0,639.0,2040.0,805.0,,,,
44218,24:08.000,24:08.023,2,684.0,536.0,864.0,770.0,1884.0,639.0,2023.0,804.0,,,,
44233,24:08.500,24:08.523,2,707.0,566.0,886.0,801.0,1913.0,668.0,2054.0,837.0,,,,
44248,24:09.000,24:09.023,2,689.0,575.0,866.0,813.0,1872.0,716.0,2008.0,883.0,,,,
44263,24:09.500,24:09.525,2,1823.0,777.0,1954.0,940.0,656.0,610.0,835.0,837.0,,,,
44278,24:10.000,24:10.025,2,1784.0,807.0,1913.0,973.0,642.0,588.0,823.0,824.0,,,,
44293,24:10.500,24:10.525,2,781.0,604.0,950.0,831.0,1944.0,782.0,2083.0,953.0,,,,
44308,24:11.000,24:11.025,2,826.0,584.0,1000.0,816.0,2024.0,716.0,2174.0,894.0,,,,
44323,24:11.500,24:11.525,2,708.0,593.0,891.0,822.0,1915.0,622.0,2058.0,790.0,,,,
44338,24:12.000,24:12.025,2,555.0,591.0,747.0,825.0,1755.0,673.0,1883.0,839.0,,,,
44353,24:12.500,24:12.525,2,617.0,545.0,800.0,786.0,1799.0,710.0,1931.0,876.0,,,,
44368,24:13.000,24:13.025,2,656.0,549.0,838.0,783.0,1829.0,732.0,1963.0,898.0,,,,
44383,24:13.500,24:13.527,2,663.0,530.0,844.0,768.0,1840.0,732.0,1972.0,897.0,,,,
44398,24:14.000,24:14.027,2,674.0,525.0,854.0,766.0,1851.0,731.0,1987.0,896.0,,,,
44413,24:14.500,24:14.527,2,663.0,530.0,841.0,762.0,1836.0,723.0,1969.0,890.0,,,,
44428,24:15.000,24:15.027,2,630.0,510.0,811.0,757.0,1812.0,705.0,1940.0,867.0,,,,
44443,24:15.500,24:15.527,2,630.0,522.0,812.0,753.0,1809.0,710.0,1939.0,871.0,,,,
44458,24:16.000,24:16.018,2,627.0,501.0,810.0,739.0,1806.0,709.0,1935.0,871.0,,,,
44473,24:16.500,24:16.518,2,647.0,513.0,824.0,747.0,1826.0,713.0,1958.0,875.0,,,,
44488,24:17.000,24:17.018,1,657.0,514.0,836.0,745.0,,,,,,,,
44503,24:17.500,24:17.520,1,654.0,506.0,834.0,737.0,,,,,,,,
44518,24:18.000,24:18.020,1,642.0,494.0,821.0,729.0,,,,,,,,
44533,24:18.500,24:18.520,1,639.0,487.0,819.0,724.0,,,,,,,,
44548,24:19.000,24:19.020,1,633.0,487.0,814.0,722.0,,,,,,,,
44563,24:19.500,24:19.520,1,635.0,485.0,813.0,717.0,,,,,,,,
44578,24:20.000,24:20.020,1,639.0,488.0,819.0,719.0,,,,,,,,
44593,24:20.500,24:20.520,1,636.0,483.0,814.0,718.0,,,,,,,,
44608,24:21.000,24:21.020,1,633.0,488.0,813.0,723.0,,,,,,,,
44623,24:21.500,24:21.522,1,636.0,473.0,814.0,709.0,,,,,,,,
44638,24:22.000,24:22.022,1,630.0,498.0,811.0,739.0,,,,,,,,
44653,24:22.500,24:22.522,1,603.0,535.0,786.0,772.0,,,,,,,,
44668,24:23.000,24:23.022,1,592.0,504.0,775.0,737.0,,,,,,,,
44683,24:23.500,24:23.522,1,588.0,507.0,773.0,739.0,,,,,,,,
44698,24:24.000,24:24.022,1,585.0,506.0,770.0,737.0,,,,,,,,
44713,24:24.500,24:24.522,1,586.0,505.0,768.0,740.0,,,,,,,,
44728,24:25.000,24:25.022,1,597.0,500.0,779.0,735.0,,,,,,,,
44743,24:25.500,24:25.523,1,597.0,500.0,780.0,734.0,,,,,,,,
44758,24:26.000,24:26.023,1,594.0,497.0,779.0,732.0,,,,,,,,
44773,24:26.500,24:26.523,1,596.0,498.0,780.0,731.0,,,,,,,,
44788,24:27.000,24:27.023,1,594.0,499.0,776.0,737.0,,,,,,,,
44803,24:27.500,24:27.523,1,581.0,504.0,766.0,745.0,,,,,,,,
44818,24:28.000,24:28.023,1,583.0,502.0,768.0,734.0,,,,,,,,
44833,24:28.500,24:28.523,1,581.0,498.0,765.0,730.0,,,,,,,,
44848,24:29.000,24:29.023,1,581.0,495.0,764.0,737.0,,,,,,,,
44863,24:29.500,24:29.525,1,580.0,492.0,771.0,730.0,,,,,,,,
44878,24:30.000,24:30.025,1,572.0,497.0,765.0,736.0,,,,,,,,
44893,24:30.500,24:30.525,1,583.0,491.0,775.0,726.0,,,,,,,,
44908,24:31.000,24:31.025,1,576.0,561.0,765.0,799.0,,,,,,,,
44923,24:31.500,24:31.525,1,568.0,503.0,761.0,742.0,,,,,,,,
44938,24:32.000,24:32.025,1,565.0,498.0,756.0,739.0,,,,,,,,
44953,24:32.500,24:32.525,1,240.0,558.0,465.0,811.0,,,,,,,,
44968,24:33.000,24:33.025,0,,,,,,,,,,,,
44983,24:33.500,24:33.527,1,1697.0,553.0,1926.0,828.0,,,,,,,,
44998,24:34.000,24:34.027,1,1577.0,572.0,1795.0,835.0,,,,,,,,
45013,24:34.500,24:34.527,1,1635.0,579.0,1842.0,850.0,,,,,,,,
45027,24:35.000,24:35.018,1,785.0,702.0,959.0,930.0,,,,,,,,
45042,24:35.500,24:35.518,1,868.0,683.0,1036.0,899.0,,,,,,,,
45057,24:36.000,24:36.018,1,858.0,678.0,1028.0,889.0,,,,,,,,
45072,24:36.500,24:36.518,1,853.0,674.0,1021.0,900.0,,,,,,,,
45087,24:37.000,24:37.018,1,844.0,677.0,1014.0,891.0,,,,,,,,
45102,24:37.500,24:37.520,1,843.0,666.0,1013.0,885.0,,,,,,,,
45117,24:38.000,24:38.020,1,823.0,664.0,998.0,883.0,,,,,,,,
45132,24:38.500,24:38.520,1,788.0,669.0,961.0,892.0,,,,,,,,
45147,24:39.000,24:39.020,1,785.0,674.0,954.0,894.0,,,,,,,,
45162,24:39.500,24:39.520,1,771.0,676.0,943.0,896.0,,,,,,,,
45177,24:40.000,24:40.020,1,750.0,681.0,925.0,905.0,,,,,,,,
45192,24:40.500,24:40.520,1,755.0,679.0,927.0,903.0,,,,,,,,
45207,24:41.000,24:41.020,1,747.0,684.0,919.0,909.0,,,,,,,,
45222,24:41.500,24:41.522,1,747.0,682.0,920.0,901.0,,,,,,,,
45237,24:42.000,24:42.022,1,754.0,679.0,927.0,899.0,,,,,,,,
45252,24:42.500,24:42.522,1,729.0,690.0,904.0,920.0,,,,,,,,
45267,24:43.000,24:43.022,2,1357.0,679.0,1465.0,833.0,-17.0,590.0,237.0,870.0,,,,
45282,24:43.500,24:43.522,1,1018.0,109.0,1141.0,256.0,,,,,,,,
45297,24:44.000,24:44.022,0,,,,,,,,,,,,
45312,24:44.500,24:44.522,0,,,,,,,,,,,,
45327,24:45.000,24:45.022,0,,,,,,,,,,,,
45342,24:45.500,24:45.523,0,,,,,,,,,,,,
45357,24:46.000,24:46.023,0,,,,,,,,,,,,
45372,24:46.500,24:46.523,0,,,,,,,,,,,,
45387,24:47.000,24:47.023,1,1112.0,106.0,1236.0,263.0,,,,,,,,
45402,24:47.500,24:47.523,1,1142.0,120.0,1263.0,281.0,,,,,,,,
45417,24:48.000,24:48.023,0,,,,,,,,,,,,
45432,24:48.500,24:48.523,0,,,,,,,,,,,,
45447,24:49.000,24:49.023,0,,,,,,,,,,,,
45462,24:49.500,24:49.525,0,,,,,,,,,,,,
45477,24:50.000,24:50.025,0,,,,,,,,,,,,
45492,24:50.500,24:50.525,0,,,,,,,,,,,,
45507,24:51.000,24:51.025,0,,,,,,,,,,,,
45522,24:51.500,24:51.525,0,,,,,,,,,,,,
45537,24:52.000,24:52.025,0,,,,,,,,,,,,
45552,24:52.500,24:52.525,0,,,,,,,,,,,,
45567,24:53.000,24:53.025,0,,,,,,,,,,,,
45582,24:53.500,24:53.527,0,,,,,,,,,,,,
45597,24:54.000,24:54.018,0,,,,,,,,,,,,
45612,24:54.500,24:54.518,0,,,,,,,,,,,,
45627,24:55.000,24:55.018,0,,,,,,,,,,,,
45642,24:55.500,24:55.518,0,,,,,,,,,,,,
45657,24:56.000,24:56.018,0,,,,,,,,,,,,
45672,24:56.500,24:56.518,0,,,,,,,,,,,,
45687,24:57.000,24:57.018,0,,,,,,,,,,,,
45702,24:57.500,24:57.520,0,,,,,,,,,,,,
45717,24:58.000,24:58.020,0,,,,,,,,,,,,
45732,24:58.500,24:58.520,0,,,,,,,,,,,,
45747,24:59.000,24:59.020,0,,,,,,,,,,,,
45762,24:59.500,24:59.520,0,,,,,,,,,,,,
45777,25:00.000,25:00.020,2,1526.0,111.0,1657.0,277.0,7.0,52.0,306.0,377.0,,,,
45792,25:00.500,25:00.520,2,672.0,354.0,873.0,602.0,2028.0,233.0,2194.0,434.0,,,,
45807,25:01.000,25:01.020,2,1375.0,506.0,1490.0,658.0,-87.0,430.0,169.0,731.0,,,,
45822,25:01.500,25:01.522,2,1289.0,429.0,1505.0,708.0,62.0,684.0,233.0,871.0,,,,
45837,25:02.000,25:02.022,2,1234.0,454.0,1450.0,729.0,-6.0,733.0,168.0,922.0,,,,
45852,25:02.500,25:02.522,2,1247.0,510.0,1463.0,784.0,23.0,856.0,202.0,1038.0,,,,
45867,25:03.000,25:03.022,2,1370.0,429.0,1599.0,709.0,227.0,793.0,384.0,970.0,,,,
45882,25:03.500,25:03.522,1,1155.0,664.0,1268.0,807.0,,,,,,,,
45897,25:04.000,25:04.022,2,1609.0,544.0,1732.0,707.0,257.0,348.0,492.0,630.0,,,,
45912,25:04.500,25:04.522,2,663.0,341.0,860.0,609.0,1965.0,529.0,2120.0,712.0,,,,
45927,25:05.000,25:05.022,2,650.0,406.0,845.0,670.0,1936.0,591.0,2081.0,769.0,,,,
45942,25:05.500,25:05.523,2,830.0,684.0,941.0,836.0,1981.0,483.0,2261.0,798.0,,,,
45957,25:06.000,25:06.023,2,1354.0,572.0,1566.0,848.0,167.0,757.0,324.0,939.0,,,,
45972,25:06.500,25:06.523,2,1356.0,522.0,1573.0,802.0,165.0,718.0,323.0,900.0,,,,
45987,25:07.000,25:07.023,2,1360.0,495.0,1577.0,777.0,151.0,688.0,314.0,873.0,,,,
46002,25:07.500,25:07.523,2,486.0,648.0,619.0,818.0,1620.0,480.0,1848.0,777.0,,,,
46017,25:08.000,25:08.023,2,977.0,637.0,1088.0,789.0,2193.0,495.0,2460.0,833.0,,,,
46032,25:08.500,25:08.523,1,1040.0,627.0,1150.0,775.0,,,,,,,,
46047,25:09.000,25:09.023,1,1049.0,634.0,1158.0,784.0,,,,,,,,
46062,25:09.500,25:09.525,1,1066.0,612.0,1175.0,761.0,,,,,,,,
46077,25:10.000,25:10.025,1,1061.0,548.0,1172.0,695.0,,,,,,,,
46092,25:10.500,25:10.525,1,1083.0,492.0,1195.0,644.0,,,,,,,,
46107,25:11.000,25:11.025,1,1066.0,458.0,1178.0,610.0,,,,,,,,
46122,25:11.500,25:11.525,1,1020.0,404.0,1136.0,562.0,,,,,,,,
46137,25:12.000,25:12.025,1,1169.0,382.0,1283.0,543.0,,,,,,,,
46152,25:12.500,25:12.525,2,611.0,243.0,819.0,514.0,1971.0,313.0,2127.0,499.0,,,,
46167,25:13.000,25:13.025,2,707.0,355.0,902.0,606.0,2050.0,406.0,2213.0,594.0,,,,
46182,25:13.500,25:13.518,2,732.0,397.0,925.0,644.0,2061.0,472.0,2223.0,656.0,,,,
46197,25:14.000,25:14.018,2,721.0,432.0,910.0,676.0,2039.0,524.0,2196.0,707.0,,,,
46212,25:14.500,25:14.518,2,721.0,441.0,908.0,680.0,2039.0,541.0,2196.0,720.0,,,,
46227,25:15.000,25:15.018,2,703.0,448.0,893.0,688.0,2016.0,546.0,2171.0,727.0,,,,
46242,25:15.500,25:15.518,2,514.0,415.0,715.0,664.0,1803.0,544.0,1939.0,715.0,,,,
46257,25:16.000,25:16.018,2,300.0,397.0,527.0,659.0,1634.0,498.0,1760.0,665.0,,,,
46272,25:16.500,25:16.518,2,274.0,385.0,505.0,645.0,1618.0,494.0,1742.0,662.0,,,,
46287,25:17.000,25:17.018,2,1418.0,513.0,1534.0,664.0,-23.0,398.0,243.0,686.0,,,,
46302,25:17.500,25:17.520,1,1277.0,536.0,1389.0,689.0,,,,,,,,
46317,25:18.000,25:18.020,1,1057.0,801.0,1166.0,953.0,,,,,,,,
46332,25:18.500,25:18.520,2,511.0,977.0,645.0,1147.0,1737.0,692.0,1992.0,1008.0,,,,
46347,25:19.000,25:19.020,2,1538.0,699.0,1766.0,987.0,345.0,997.0,490.0,1178.0,,,,
46362,25:19.500,25:19.520,2,1538.0,613.0,1754.0,897.0,359.0,900.0,501.0,1078.0,,,,
46377,25:20.000,25:20.020,2,406.0,779.0,545.0,953.0,1594.0,508.0,1816.0,795.0,,,,
46392,25:20.500,25:20.520,2,1889.0,440.0,2148.0,756.0,703.0,732.0,824.0,891.0,,,,
46407,25:21.000,25:21.020,1,1008.0,695.0,1116.0,844.0,,,,,,,,
46422,25:21.500,25:21.522,1,1047.0,686.0,1154.0,835.0,,,,,,,,
46437,25:22.000,25:22.022,2,663.0,782.0,785.0,940.0,1840.0,485.0,2099.0,811.0,,,,
46452,25:22.500,25:22.522,2,1377.0,574.0,1587.0,855.0,159.0,916.0,319.0,1101.0,,,,
46467,25:23.000,25:23.022,2,1350.0,586.0,1557.0,862.0,138.0,950.0,299.0,1134.0,,,,
46482,25:23.500,25:23.522,2,1349.0,599.0,1563.0,875.0,160.0,966.0,321.0,1151.0,,,,
46496,25:24.000,25:24.022,2,1952.0,673.0,2238.0,1004.0,808.0,980.0,923.0,1133.0,,,,
46511,25:24.500,25:24.522,2,986.0,1005.0,1096.0,1157.0,2236.0,863.0,2505.0,1220.0,,,,
46526,25:25.000,25:25.022,2,797.0,1213.0,917.0,1385.0,2017.0,1096.0,2312.0,1459.0,,,,
46541,25:25.500,25:25.523,1,1252.0,1051.0,1361.0,1203.0,,,,,,,,
46556,25:26.000,25:26.023,2,1346.0,879.0,1454.0,1028.0,4.0,490.0,255.0,774.0,,,,
46571,25:26.500,25:26.523,1,1101.0,355.0,1215.0,522.0,,,,,,,,
46586,25:27.000,25:27.023,1,1079.0,143.0,1200.0,309.0,,,,,,,,
46601,25:27.500,25:27.523,1,1130.0,112.0,1251.0,269.0,,,,,,,,
46616,25:28.000,25:28.023,1,1138.0,106.0,1262.0,267.0,,,,,,,,
46631,25:28.500,25:28.523,1,1163.0,140.0,1287.0,301.0,,,,,,,,
46646,25:29.000,25:29.023,1,1182.0,134.0,1305.0,298.0,,,,,,,,
46661,25:29.500,25:29.525,1,1192.0,113.0,1312.0,266.0,,,,,,,,
46676,25:30.000,25:30.025,1,1153.0,121.0,1279.0,288.0,,,,,,,,
46691,25:30.500,25:30.525,1,1131.0,183.0,1251.0,355.0,,,,,,,,
46706,25:31.000,25:31.025,1,1112.0,185.0,1233.0,357.0,,,,,,,,
46721,25:31.500,25:31.525,1,1106.0,280.0,1223.0,448.0,,,,,,,,
46736,25:32.000,25:32.025,2,911.0,521.0,1027.0,675.0,2202.0,331.0,2444.0,679.0,,,,
46751,25:32.500,25:32.525,2,640.0,499.0,769.0,667.0,1893.0,397.0,2150.0,725.0,,,,
46766,25:33.000,25:33.025,2,1496.0,533.0,1709.0,828.0,239.0,678.0,393.0,861.0,,,,
46781,25:33.500,25:33.527,2,1446.0,592.0,1655.0,871.0,211.0,803.0,365.0,982.0,,,,
46796,25:34.000,25:34.027,2,1538.0,524.0,1752.0,818.0,320.0,731.0,467.0,905.0,,,,
46811,25:34.500,25:34.518,2,981.0,850.0,1090.0,999.0,2242.0,636.0,2496.0,983.0,,,,
46826,25:35.000,25:35.018,1,1103.0,870.0,1211.0,1015.0,,,,,,,,
46841,25:35.500,25:35.518,1,1056.0,868.0,1165.0,1016.0,,,,,,,,
46856,25:36.000,25:36.018,1,1031.0,855.0,1141.0,1002.0,,,,,,,,
46871,25:36.500,25:36.518,1,1018.0,838.0,1127.0,985.0,,,,,,,,
46886,25:37.000,25:37.020,1,1009.0,835.0,1119.0,984.0,,,,,,,,
46901,25:37.500,25:37.520,1,1080.0,512.0,1191.0,663.0,,,,,,,,
46916,25:38.000,25:38.020,1,1298.0,299.0,1416.0,464.0,,,,,,,,
46931,25:38.500,25:38.520,0,,,,,,,,,,,,
46946,25:39.000,25:39.020,0,,,,,,,,,,,,
46961,25:39.500,25:39.520,0,,,,,,,,,,,,
46976,25:40.000,25:40.020,1,1251.0,112.0,1372.0,260.0,,,,,,,,
46991,25:40.500,25:40.520,1,1214.0,117.0,1330.0,253.0,,,,,,,,
47006,25:41.000,25:41.022,0,,,,,,,,,,,,
47021,25:41.500,25:41.522,1,1220.0,114.0,1342.0,269.0,,,,,,,,
47036,25:42.000,25:42.022,1,1204.0,114.0,1329.0,275.0,,,,,,,,
47051,25:42.500,25:42.522,1,1179.0,221.0,1298.0,392.0,,,,,,,,
47066,25:43.000,25:43.038,1,956.0,403.0,1075.0,560.0,,,,,,,,
47081,25:43.500,25:43.522,2,1610.0,428.0,1846.0,734.0,383.0,553.0,527.0,727.0,,,,
47096,25:44.000,25:44.022,2,867.0,601.0,981.0,752.0,2116.0,445.0,2404.0,779.0,,,,
47111,25:44.500,25:44.522,2,729.0,573.0,850.0,727.0,1948.0,429.0,2229.0,763.0,,,,
47126,25:45.000,25:45.023,2,1873.0,491.0,2142.0,807.0,686.0,652.0,806.0,808.0,,,,
47141,25:45.500,25:45.523,2,589.0,691.0,717.0,851.0,1770.0,530.0,2022.0,839.0,,,,
47156,25:46.000,25:46.023,2,1686.0,523.0,1931.0,825.0,507.0,677.0,639.0,842.0,,,,
47171,25:46.500,25:46.523,2,1733.0,508.0,1981.0,819.0,554.0,688.0,683.0,848.0,,,,
47186,25:47.000,25:47.023,2,1611.0,720.0,1730.0,877.0,308.0,543.0,528.0,801.0,,,,
47201,25:47.500,25:47.523,2,443.0,526.0,649.0,776.0,1714.0,727.0,1843.0,888.0,,,,
47216,25:48.000,25:48.023,1,-8.0,517.0,250.0,803.0,,,,,,,,
47231,25:48.500,25:48.523,0,,,,,,,,,,,,
47246,25:49.000,25:49.025,0,,,,,,,,,,,,
47261,25:49.500,25:49.525,0,,,,,,,,,,,,
47276,25:50.000,25:50.025,0,,,,,,,,,,,,
47291,25:50.500,25:50.525,0,,,,,,,,,,,,
47306,25:51.000,25:51.025,0,,,,,,,,,,,,
47321,25:51.500,25:51.525,1,560.0,382.0,759.0,632.0,,,,,,,,
47336,25:52.000,25:52.025,1,908.0,459.0,1081.0,695.0,,,,,,,,
47351,25:52.500,25:52.525,1,890.0,491.0,1062.0,719.0,,,,,,,,
47366,25:53.000,25:53.027,1,860.0,492.0,1035.0,726.0,,,,,,,,
47381,25:53.500,25:53.527,1,791.0,456.0,969.0,694.0,,,,,,,,
47396,25:54.000,25:54.018,1,758.0,479.0,937.0,718.0,,,,,,,,
47411,25:54.500,25:54.518,1,726.0,464.0,907.0,707.0,,,,,,,,
47426,25:55.000,25:55.018,1,727.0,477.0,908.0,718.0,,,,,,,,
47441,25:55.500,25:55.518,1,407.0,453.0,616.0,713.0,,,,,,,,
47456,25:56.000,25:56.018,0,,,,,,,,,,,,
47471,25:56.500,25:56.518,1,1914.0,608.0,2109.0,890.0,,,,,,,,
47486,25:57.000,25:57.020,1,1811.0,648.0,1964.0,873.0,,,,,,,,
47501,25:57.500,25:57.520,1,2096.0,591.0,2242.0,857.0,,,,,,,,
47516,25:58.000,25:58.020,1,730.0,708.0,908.0,942.0,,,,,,,,
47531,25:58.500,25:58.520,1,773.0,684.0,949.0,909.0,,,,,,,,
47546,25:59.000,25:59.020,1,716.0,668.0,895.0,899.0,,,,,,,,
47561,25:59.500,25:59.520,0,,,,,,,,,,,,
47576,26:00.000,26:00.020,1,1447.0,584.0,1641.0,826.0,,,,,,,,
47591,26:00.500,26:00.520,1,1416.0,590.0,1599.0,822.0,,,,,,,,
47606,26:01.000,26:01.022,1,1416.0,604.0,1596.0,833.0,,,,,,,,
47621,26:01.500,26:01.522,1,1424.0,594.0,1602.0,822.0,,,,,,,,
47636,26:02.000,26:02.022,1,1436.0,607.0,1615.0,831.0,,,,,,,,
47651,26:02.500,26:02.522,1,1424.0,625.0,1602.0,851.0,,,,,,,,
47666,26:03.000,26:03.022,1,1317.0,651.0,1489.0,868.0,,,,,,,,
47681,26:03.500,26:03.522,1,1317.0,636.0,1492.0,853.0,,,,,,,,
47696,26:04.000,26:04.022,1,1354.0,619.0,1528.0,838.0,,,,,,,,
47711,26:04.500,26:04.522,1,1503.0,618.0,1679.0,834.0,,,,,,,,
47726,26:05.000,26:05.023,1,1386.0,602.0,1557.0,826.0,,,,,,,,
47741,26:05.500,26:05.523,1,1430.0,647.0,1605.0,865.0,,,,,,,,
47756,26:06.000,26:06.023,1,1343.0,619.0,1516.0,840.0,,,,,,,,
47771,26:06.500,26:06.523,1,1281.0,593.0,1452.0,809.0,,,,,,,,
47786,26:07.000,26:07.023,1,1253.0,581.0,1427.0,802.0,,,,,,,,
47801,26:07.500,26:07.523,1,1246.0,549.0,1417.0,768.0,,,,,,,,
47816,26:08.000,26:08.023,1,1262.0,517.0,1434.0,743.0,,,,,,,,
47831,26:08.500,26:08.523,1,1303.0,553.0,1479.0,783.0,,,,,,,,
47846,26:09.000,26:09.025,0,,,,,,,,,,,,
47862,26:09.500,26:09.525,1,422.0,473.0,631.0,734.0,,,,,,,,
47877,26:10.000,26:10.025,1,732.0,584.0,916.0,819.0,,,,,,,,
47892,26:10.500,26:10.525,1,692.0,627.0,875.0,849.0,,,,,,,,
47906,26:11.000,26:11.025,1,211.0,578.0,439.0,840.0,,,,,,,,
47921,26:11.500,26:11.525,1,1513.0,556.0,1694.0,788.0,,,,,,,,
47936,26:12.000,26:12.025,1,1414.0,568.0,1591.0,788.0,,,,,,,,
47951,26:12.500,26:12.525,1,1390.0,558.0,1564.0,773.0,,,,,,,,
47966,26:13.000,26:13.027,1,1405.0,545.0,1574.0,765.0,,,,,,,,
47981,26:13.500,26:13.518,1,1359.0,548.0,1540.0,767.0,,,,,,,,
47996,26:14.000,26:14.018,1,1299.0,573.0,1476.0,770.0,,,,,,,,
48011,26:14.500,26:14.518,1,1343.0,661.0,1515.0,849.0,,,,,,,,
48026,26:15.000,26:15.018,1,1436.0,718.0,1619.0,937.0,,,,,,,,
48041,26:15.500,26:15.518,1,1344.0,692.0,1526.0,921.0,,,,,,,,
48056,26:16.000,26:16.018,1,1308.0,687.0,1489.0,917.0,,,,,,,,
48071,26:16.500,26:16.518,1,1393.0,634.0,1574.0,869.0,,,,,,,,
48086,26:17.000,26:17.020,1,362.0,526.0,573.0,779.0,,,,,,,,
48101,26:17.500,26:17.520,1,985.0,354.0,1161.0,591.0,,,,,,,,
48116,26:18.000,26:18.020,1,938.0,394.0,1111.0,629.0,,,,,,,,
48131,26:18.500,26:18.520,1,743.0,305.0,932.0,560.0,,,,,,,,
48146,26:19.000,26:19.020,1,922.0,629.0,1095.0,851.0,,,,,,,,
48161,26:19.500,26:19.520,1,553.0,783.0,746.0,1029.0,,,,,,,,
48176,26:20.000,26:20.020,1,-21.0,697.0,224.0,978.0,,,,,,,,
48191,26:20.500,26:20.520,1,45.0,602.0,292.0,874.0,,,,,,,,
48206,26:21.000,26:21.022,1,547.0,588.0,727.0,827.0,,,,,,,,
48221,26:21.500,26:21.522,1,597.0,551.0,780.0,787.0,,,,,,,,
48236,26:22.000,26:22.022,1,627.0,553.0,813.0,793.0,,,,,,,,
48251,26:22.500,26:22.522,1,346.0,796.0,554.0,1048.0,,,,,,,,
48266,26:23.000,26:23.022,1,1119.0,780.0,1281.0,988.0,,,,,,,,
48281,26:23.500,26:23.522,1,1964.0,770.0,2189.0,1019.0,,,,,,,,
48296,26:24.000,26:24.022,1,1953.0,807.0,2174.0,1058.0,,,,,,,,
48311,26:24.500,26:24.522,1,1636.0,893.0,1820.0,1106.0,,,,,,,,
48323,26:25.000,26:25.023,1,1330.0,1109.0,1510.0,1270.0,,,,,,,,
48338,26:25.500,26:25.523,1,1193.0,1138.0,1368.0,1282.0,,,,,,,,
48353,26:26.000,26:26.023,1,1176.0,1099.0,1347.0,1256.0,,,,,,,,
48368,26:26.500,26:26.523,1,1163.0,1040.0,1318.0,1239.0,,,,,,,,
48381,26:27.000,26:27.023,1,2117.0,629.0,2332.0,899.0,,,,,,,,
48396,26:27.500,26:27.523,1,1759.0,345.0,1935.0,605.0,,,,,,,,
48411,26:28.000,26:28.023,1,1764.0,303.0,1937.0,568.0,,,,,,,,
48426,26:28.500,26:28.523,1,1805.0,314.0,1987.0,574.0,,,,,,,,
48441,26:29.000,26:29.025,1,2051.0,389.0,2247.0,656.0,,,,,,,,
48456,26:29.500,26:29.525,1,2074.0,401.0,2279.0,674.0,,,,,,,,
48471,26:30.000,26:30.025,1,2122.0,405.0,2334.0,680.0,,,,,,,,
48486,26:30.500,26:30.525,1,597.0,630.0,760.0,847.0,,,,,,,,
48501,26:31.000,26:31.025,1,1143.0,720.0,1284.0,928.0,,,,,,,,
48516,26:31.500,26:31.525,1,1111.0,726.0,1254.0,921.0,,,,,,,,
48531,26:32.000,26:32.025,1,1024.0,492.0,1174.0,714.0,,,,,,,,
48546,26:32.500,26:32.517,1,1035.0,524.0,1186.0,746.0,,,,,,,,
48561,26:33.000,26:33.018,1,979.0,555.0,1135.0,770.0,,,,,,,,
48576,26:33.500,26:33.518,1,963.0,465.0,1137.0,696.0,,,,,,,,
48591,26:34.000,26:34.018,1,934.0,415.0,1111.0,650.0,,,,,,,,
48607,26:34.500,26:34.518,1,907.0,474.0,1085.0,706.0,,,,,,,,
48623,26:35.000,26:35.002,1,789.0,531.0,966.0,760.0,,,,,,,,
48639,26:35.500,26:35.518,1,399.0,577.0,613.0,824.0,,,,,,,,
48654,26:36.000,26:36.018,0,,,,,,,,,,,,
48670,26:36.500,26:36.518,0,,,,,,,,,,,,
48685,26:37.000,26:37.020,1,-73.0,573.0,184.0,845.0,,,,,,,,
48700,26:37.500,26:37.520,1,765.0,494.0,945.0,721.0,,,,,,,,
48715,26:38.000,26:38.020,1,852.0,653.0,1027.0,877.0,,,,,,,,
48730,26:38.500,26:38.520,1,871.0,629.0,1038.0,838.0,,,,,,,,
48745,26:39.000,26:39.020,1,839.0,548.0,1011.0,767.0,,,,,,,,
48760,26:39.500,26:39.520,1,863.0,507.0,1037.0,729.0,,,,,,,,
48775,26:40.000,26:40.003,1,833.0,544.0,1006.0,766.0,,,,,,,,
48791,26:40.500,26:40.520,1,836.0,542.0,1009.0,763.0,,,,,,,,
48807,26:41.000,26:41.038,1,845.0,536.0,1017.0,762.0,,,,,,,,
48823,26:41.500,26:41.522,0,,,,,,,,,,,,
48838,26:42.000,26:42.022,1,84.0,528.0,346.0,830.0,,,,,,,,
48853,26:42.500,26:42.522,1,15.0,562.0,277.0,866.0,,,,,,,,
48868,26:43.000,26:43.022,0,,,,,,,,,,,,
48883,26:43.500,26:43.522,0,,,,,,,,,,,,
48898,26:44.000,26:44.022,0,,,,,,,,,,,,
48913,26:44.500,26:44.522,0,,,,,,,,,,,,
48928,26:45.000,26:45.023,0,,,,,,,,,,,,
48943,26:45.500,26:45.523,0,,,,,,,,,,,,
48958,26:46.000,26:46.023,0,,,,,,,,,,,,
48973,26:46.500,26:46.523,0,,,,,,,,,,,,
48988,26:47.000,26:47.023,0,,,,,,,,,,,,
49003,26:47.500,26:47.523,0,,,,,,,,,,,,
49018,26:48.000,26:48.023,0,,,,,,,,,,,,
49033,26:48.500,26:48.523,0,,,,,,,,,,,,
49048,26:49.000,26:49.025,0,,,,,,,,,,,,
49063,26:49.500,26:49.525,0,,,,,,,,,,,,
49078,26:50.000,26:50.025,0,,,,,,,,,,,,
49093,26:50.500,26:50.525,0,,,,,,,,,,,,
49108,26:51.000,26:51.025,0,,,,,,,,,,,,
49123,26:51.500,26:51.525,1,1637.0,596.0,1874.0,901.0,,,,,,,,
49138,26:52.000,26:52.025,1,1168.0,687.0,1368.0,966.0,,,,,,,,
49153,26:52.500,26:52.525,1,783.0,700.0,990.0,982.0,,,,,,,,
49168,26:53.000,26:53.018,1,727.0,712.0,938.0,1001.0,,,,,,,,
49183,26:53.500,26:53.518,1,864.0,706.0,1062.0,991.0,,,,,,,,
49198,26:54.000,26:54.018,0,,,,,,,,,,,,
49213,26:54.500,26:54.518,1,1079.0,650.0,1220.0,900.0,,,,,,,,
49228,26:55.000,26:55.018,1,1003.0,662.0,1150.0,915.0,,,,,,,,
49243,26:55.500,26:55.518,1,1000.0,676.0,1144.0,926.0,,,,,,,,
49258,26:56.000,26:56.018,1,972.0,676.0,1121.0,937.0,,,,,,,,
49273,26:56.500,26:56.518,1,964.0,680.0,1113.0,935.0,,,,,,,,
49288,26:57.000,26:57.020,1,963.0,675.0,1109.0,932.0,,,,,,,,
49303,26:57.500,26:57.520,1,960.0,676.0,1104.0,931.0,,,,,,,,
49319,26:58.000,26:58.020,1,956.0,674.0,1101.0,936.0,,,,,,,,
49334,26:58.500,26:58.520,1,958.0,675.0,1104.0,934.0,,,,,,,,
49349,26:59.000,26:59.020,1,954.0,678.0,1099.0,936.0,,,,,,,,
49364,26:59.500,26:59.520,1,949.0,688.0,1094.0,944.0,,,,,,,,
49379,27:00.000,27:00.020,1,945.0,693.0,1090.0,948.0,,,,,,,,
49394,27:00.500,27:00.520,1,934.0,693.0,1080.0,945.0,,,,,,,,
49409,27:01.000,27:01.022,1,926.0,682.0,1075.0,942.0,,,,,,,,
49424,27:01.500,27:01.522,1,927.0,675.0,1076.0,938.0,,,,,,,,
49439,27:02.000,27:02.022,1,919.0,675.0,1070.0,937.0,,,,,,,,
49454,27:02.500,27:02.522,1,914.0,678.0,1067.0,935.0,,,,,,,,
49469,27:03.000,27:03.022,1,908.0,677.0,1062.0,935.0,,,,,,,,
49484,27:03.500,27:03.522,1,903.0,679.0,1057.0,944.0,,,,,,,,
49499,27:04.000,27:04.022,1,891.0,675.0,1039.0,938.0,,,,,,,,
49514,27:04.500,27:04.523,1,868.0,683.0,1022.0,940.0,,,,,,,,
49529,27:05.000,27:05.023,1,630.0,646.0,796.0,916.0,,,,,,,,
49542,27:05.500,27:05.507,0,,,,,,,,,,,,
49558,27:06.000,27:06.023,1,2039.0,177.0,2355.0,517.0,,,,,,,,
49573,27:06.500,27:06.523,1,1268.0,503.0,1476.0,779.0,,,,,,,,
49588,27:07.000,27:07.023,1,1129.0,552.0,1335.0,828.0,,,,,,,,
49602,27:07.500,27:07.523,1,1145.0,541.0,1353.0,799.0,,,,,,,,
49618,27:08.000,27:08.073,1,741.0,575.0,919.0,798.0,,,,,,,,
49632,27:08.500,27:08.525,1,1356.0,607.0,1525.0,831.0,,,,,,,,
49647,27:09.000,27:09.025,1,1163.0,564.0,1331.0,789.0,,,,,,,,
49662,27:09.500,27:09.525,1,1109.0,541.0,1277.0,775.0,,,,,,,,
49677,27:10.000,27:10.025,1,1100.0,555.0,1267.0,787.0,,,,,,,,
49692,27:10.500,27:10.525,1,969.0,575.0,1139.0,806.0,,,,,,,,
49707,27:11.000,27:11.025,2,1898.0,576.0,2094.0,790.0,76.0,602.0,330.0,882.0,,,,
49722,27:11.500,27:11.525,1,1281.0,637.0,1430.0,824.0,,,,,,,,
49738,27:12.000,27:12.025,2,1748.0,545.0,1920.0,756.0,-55.0,605.0,172.0,891.0,,,,
49753,27:12.500,27:12.518,1,896.0,559.0,1070.0,790.0,,,,,,,,
49769,27:13.000,27:13.018,1,1022.0,555.0,1187.0,785.0,,,,,,,,
49784,27:13.500,27:13.518,1,947.0,540.0,1116.0,777.0,,,,,,,,
49799,27:14.000,27:14.018,2,1794.0,503.0,1964.0,710.0,-73.0,471.0,185.0,781.0,,,,
49814,27:14.500,27:14.518,2,1798.0,429.0,1970.0,639.0,-68.0,419.0,187.0,736.0,,,,
49830,27:15.000,27:15.018,1,502.0,392.0,703.0,661.0,,,,,,,,
49845,27:15.500,27:15.518,1,645.0,334.0,837.0,601.0,,,,,,,,
49861,27:16.000,27:16.018,1,714.0,349.0,903.0,621.0,,,,,,,,
49878,27:16.500,27:16.520,1,687.0,766.0,868.0,1026.0,,,,,,,,
49899,27:17.000,27:17.003,0,,,,,,,,,,,,
49913,27:17.500,27:17.537,0,,,,,,,,,,,,
49940,27:18.000,27:18.003,0,,,,,,,,,,,,
49970,27:18.500,27:18.512,0,,,,,,,,,,,,
