frame,time,faces_detected_count,039_detected,039_tl_x,039_tl_y,039_br_x,039_br_y,040_detected,040_tl_x,040_tl_y,040_br_x,040_br_y,041_detected,041_tl_x,041_tl_y,041_br_x,041_br_y,UNKNOWN_detected,UNKNOWN_tl_x,UNKNOWN_tl_y,UNKNOWN_br_x,UNKNOWN_br_y
15486,08:31.982,1,False,,,,,True,1976,915,2109,1078,False,,,,,False,,,,
15501,08:32.478,1,False,,,,,True,1971,914,2105,1077,False,,,,,False,,,,
15516,08:32.974,1,False,,,,,True,1970,913,2102,1074,False,,,,,False,,,,
15531,08:33.469,1,False,,,,,True,1967,908,2099,1069,False,,,,,False,,,,
15546,08:33.965,1,False,,,,,True,1967,913,2098,1074,False,,,,,False,,,,
15561,08:34.461,1,False,,,,,True,1965,915,2097,1078,False,,,,,False,,,,
15576,08:34.957,1,False,,,,,True,1964,921,2098,1082,False,,,,,False,,,,
15591,08:35.453,1,False,,,,,True,1967,917,2102,1082,False,,,,,False,,,,
15606,08:35.949,1,False,,,,,True,1965,915,2097,1076,False,,,,,False,,,,
15621,08:36.445,1,False,,,,,True,1963,918,2096,1081,False,,,,,False,,,,
15636,08:36.941,1,False,,,,,True,1966,914,2098,1077,False,,,,,False,,,,
15651,08:37.437,1,False,,,,,True,1966,915,2098,1079,False,,,,,False,,,,
15666,08:37.933,1,False,,,,,True,1953,925,2086,1090,False,,,,,False,,,,
15681,08:38.429,1,False,,,,,True,1877,732,2000,890,False,,,,,False,,,,
15696,08:38.925,1,False,,,,,True,1743,792,1856,940,False,,,,,False,,,,
15711,08:39.420,1,False,,,,,True,1616,887,1725,1035,False,,,,,False,,,,
15726,08:39.916,1,False,,,,,True,1722,792,1834,937,False,,,,,False,,,,
15741,08:40.412,1,False,,,,,True,1883,811,2009,964,False,,,,,False,,,,
15756,08:40.908,1,False,,,,,True,1966,767,2101,929,False,,,,,False,,,,
15771,08:41.404,1,False,,,,,True,1890,769,2020,928,False,,,,,False,,,,
15786,08:41.900,1,False,,,,,True,1832,834,1955,988,False,,,,,False,,,,
15801,08:42.396,1,False,,,,,True,1649,890,1764,1038,False,,,,,False,,,,
15816,08:42.892,1,False,,,,,True,1683,872,1801,1026,False,,,,,False,,,,
15831,08:43.388,1,False,,,,,True,1765,850,1878,999,False,,,,,False,,,,
15846,08:43.884,1,False,,,,,True,1997,804,2128,968,False,,,,,False,,,,
15861,08:44.380,1,False,,,,,True,2018,787,2149,950,False,,,,,False,,,,
15876,08:44.875,1,False,,,,,True,2061,785,2199,950,False,,,,,False,,,,
15891,08:45.371,1,False,,,,,True,2142,775,2289,946,False,,,,,False,,,,
15906,08:45.867,1,False,,,,,True,2163,761,2311,933,False,,,,,False,,,,
15921,08:46.363,1,False,,,,,True,2164,766,2315,939,False,,,,,False,,,,
15936,08:46.859,1,False,,,,,True,2166,772,2317,942,False,,,,,False,,,,
15951,08:47.355,1,False,,,,,True,2162,775,2313,950,False,,,,,False,,,,
15966,08:47.851,1,False,,,,,True,2159,776,2308,950,False,,,,,False,,,,
15981,08:48.347,1,False,,,,,True,2157,784,2304,955,False,,,,,False,,,,
15996,08:48.843,1,False,,,,,True,2160,783,2308,956,False,,,,,False,,,,
16011,08:49.339,1,False,,,,,True,2155,785,2303,957,False,,,,,False,,,,
16026,08:49.835,1,False,,,,,True,2151,787,2298,958,False,,,,,False,,,,
16041,08:50.331,1,False,,,,,True,2158,779,2306,950,False,,,,,False,,,,
16056,08:50.826,1,False,,,,,True,2152,824,2304,996,False,,,,,False,,,,
16071,08:51.322,1,False,,,,,True,2161,793,2311,965,False,,,,,False,,,,
16086,08:51.818,1,False,,,,,True,2161,810,2311,980,False,,,,,False,,,,
16101,08:52.314,1,False,,,,,True,2156,805,2305,975,False,,,,,False,,,,
16116,08:52.810,1,False,,,,,True,2158,808,2307,979,False,,,,,False,,,,
16131,08:53.306,1,False,,,,,True,2153,809,2301,977,False,,,,,False,,,,
16146,08:53.802,0,False,,,,,False,,,,,False,,,,,False,,,,
16161,08:54.298,1,False,,,,,True,986,887,1130,1082,False,,,,,False,,,,
16176,08:54.794,1,False,,,,,True,973,898,1116,1097,False,,,,,False,,,,
16191,08:55.290,1,False,,,,,True,906,890,1052,1092,False,,,,,False,,,,
16206,08:55.786,1,False,,,,,True,755,917,906,1121,False,,,,,False,,,,
16221,08:56.281,2,True,2121,768,2336,1037,True,501,956,658,1158,False,,,,,False,,,,
16236,08:56.777,2,True,2003,773,2199,1030,True,400,965,565,1177,False,,,,,False,,,,
16251,08:57.273,2,True,1918,781,2104,1028,True,270,978,462,1207,False,,,,,False,,,,
16266,08:57.769,2,True,1851,781,2031,1026,True,193,996,395,1231,False,,,,,False,,,,
16281,08:58.265,2,True,1843,785,2027,1032,True,182,1012,388,1252,False,,,,,False,,,,
16296,08:58.761,2,True,1849,786,2035,1032,True,224,1024,405,1254,False,,,,,False,,,,
16311,08:59.257,2,True,1819,776,2005,1024,True,169,1017,356,1249,False,,,,,False,,,,
16326,08:59.753,2,True,1771,770,1953,1015,True,113,1033,300,1269,False,,,,,False,,,,
16341,09:00.249,2,True,1780,807,1969,1057,True,120,1088,306,1326,False,,,,,False,,,,
16356,09:00.745,2,True,2140,726,2375,999,True,517,969,666,1171,False,,,,,False,,,,
16371,09:01.241,2,True,2166,701,2395,971,True,526,930,680,1136,False,,,,,False,,,,
16386,09:01.737,2,True,2093,703,2323,972,True,409,947,592,1164,False,,,,,False,,,,
16401,09:02.232,2,True,2092,684,2320,959,True,405,928,586,1147,False,,,,,False,,,,
16416,09:02.728,2,True,1812,707,2005,959,True,85,976,303,1222,False,,,,,False,,,,
16431,09:03.224,2,True,1765,704,1948,959,True,13,942,241,1192,False,,,,,False,,,,
16446,09:03.720,2,True,2044,748,2252,1004,True,376,948,564,1168,False,,,,,False,,,,
16461,09:04.216,1,False,,,,,True,652,891,816,1099,False,,,,,False,,,,
16476,09:04.712,1,False,,,,,True,604,891,769,1101,False,,,,,False,,,,
16491,09:05.208,2,True,1953,760,2161,1018,True,261,943,460,1171,False,,,,,False,,,,
16506,09:05.704,2,True,1969,793,2174,1058,True,282,954,477,1184,False,,,,,False,,,,
16521,09:06.200,2,True,2028,783,2235,1048,True,363,935,548,1162,False,,,,,False,,,,
16536,09:06.696,2,True,1979,779,2174,1035,True,318,940,508,1162,False,,,,,False,,,,
16551,09:07.192,2,True,1981,784,2184,1043,True,323,948,514,1171,False,,,,,False,,,,
16566,09:07.688,2,True,2002,781,2205,1038,True,350,947,532,1166,False,,,,,False,,,,
16581,09:08.183,1,False,,,,,True,865,806,1014,1002,False,,,,,False,,,,
16596,09:08.679,1,False,,,,,True,960,749,1108,951,False,,,,,False,,,,
16611,09:09.175,1,False,,,,,True,1077,834,1224,1029,False,,,,,False,,,,
16626,09:09.671,1,False,,,,,True,961,877,1110,1078,False,,,,,False,,,,
16641,09:10.167,1,False,,,,,True,674,908,835,1114,False,,,,,False,,,,
16656,09:10.663,2,True,2164,699,2396,970,True,485,888,659,1107,False,,,,,False,,,,
16671,09:11.159,2,True,2077,715,2308,983,True,406,935,590,1153,False,,,,,False,,,,
16686,09:11.655,2,True,2004,714,2226,975,True,340,969,527,1194,False,,,,,False,,,,
16701,09:12.151,2,True,2001,691,2221,953,True,329,915,519,1144,False,,,,,False,,,,
16716,09:12.647,2,True,2046,622,2272,887,True,402,855,585,1070,False,,,,,False,,,,
16731,09:13.143,2,True,2091,767,2325,1041,True,484,911,683,1121,False,,,,,False,,,,
16746,09:13.638,2,True,1708,689,1891,930,True,-13,831,219,1076,False,,,,,False,,,,
16761,09:14.134,2,True,1674,682,1851,924,True,-92,848,114,1103,False,,,,,False,,,,
16776,09:14.630,1,True,1633,701,1811,942,False,,,,,False,,,,,False,,,,
16791,09:15.126,1,True,1643,758,1818,998,False,,,,,False,,,,,False,,,,
16806,09:15.622,2,True,1695,713,1877,959,True,-57,960,155,1214,False,,,,,False,,,,
16821,09:16.118,2,True,2022,708,2241,971,True,347,900,536,1127,False,,,,,False,,,,
16836,09:16.614,2,True,1930,699,2140,949,True,257,919,455,1151,False,,,,,False,,,,
16851,09:17.110,2,True,1707,740,1888,983,True,-46,944,178,1200,False,,,,,False,,,,
16866,09:17.606,2,True,1697,739,1878,982,True,-54,945,162,1199,False,,,,,False,,,,
16881,09:18.102,2,True,1716,720,1900,966,True,-29,939,195,1194,False,,,,,False,,,,
16896,09:18.598,2,True,1660,720,1838,964,True,-91,963,119,1220,False,,,,,False,,,,
16911,09:19.094,2,True,1677,748,1858,991,True,-79,982,132,1236,False,,,,,False,,,,
16926,09:19.589,2,True,1658,741,1836,980,True,-93,965,112,1224,False,,,,,False,,,,
16941,09:20.085,2,True,1701,729,1883,973,True,-66,960,152,1214,False,,,,,False,,,,
16956,09:20.581,2,True,1697,741,1876,982,True,-81,887,137,1137,False,,,,,False,,,,
16971,09:21.077,2,True,1714,746,1893,989,True,-37,936,182,1185,False,,,,,False,,,,
16986,09:21.573,2,True,1745,742,1929,988,True,11,936,239,1184,False,,,,,False,,,,
17001,09:22.069,2,True,1765,742,1945,988,True,40,938,267,1193,False,,,,,False,,,,
17016,09:22.565,2,True,1749,729,1930,977,True,21,939,247,1192,False,,,,,False,,,,
17031,09:23.061,2,True,1834,727,2022,979,True,143,945,354,1180,False,,,,,False,,,,
17046,09:23.557,1,False,,,,,True,897,871,1046,1073,False,,,,,False,,,,
17061,09:24.053,1,False,,,,,True,937,870,1083,1071,False,,,,,False,,,,
17076,09:24.549,1,False,,,,,True,963,891,1110,1100,False,,,,,False,,,,
17091,09:25.045,1,False,,,,,True,947,881,1096,1083,False,,,,,False,,,,
17106,09:25.540,1,False,,,,,True,935,893,1083,1097,False,,,,,False,,,,
17121,09:26.036,2,True,2251,752,2468,1023,True,590,924,749,1132,False,,,,,False,,,,
17136,09:26.532,2,True,1977,771,2184,1028,True,338,932,513,1154,False,,,,,False,,,,
17151,09:27.028,2,True,1744,791,1910,1030,True,52,946,263,1191,False,,,,,False,,,,
17166,09:27.524,2,True,1751,782,1924,1027,True,67,956,268,1200,False,,,,,False,,,,
17181,09:28.020,2,True,1765,781,1937,1029,True,55,965,254,1208,False,,,,,False,,,,
17196,09:28.516,2,True,1749,775,1929,1021,True,-2,971,199,1220,False,,,,,False,,,,
17211,09:29.012,2,True,1740,768,1925,1022,True,-10,978,192,1228,False,,,,,False,,,,
17226,09:29.508,2,True,1726,776,1914,1030,True,-2,1001,202,1251,False,,,,,False,,,,
17241,09:30.004,2,True,1729,770,1916,1029,True,-6,988,194,1239,False,,,,,False,,,,
17256,09:30.500,2,True,1750,768,1937,1021,True,6,997,209,1248,False,,,,,False,,,,
17271,09:30.995,2,True,1767,771,1958,1024,True,76,1004,269,1246,False,,,,,False,,,,
17286,09:31.491,2,True,1806,777,2004,1031,True,134,1008,324,1251,False,,,,,False,,,,
17301,09:31.987,2,True,1804,783,2000,1041,True,77,1023,300,1284,False,,,,,False,,,,
17316,09:32.483,2,True,1870,811,2082,1068,True,141,1094,363,1354,False,,,,,False,,,,
17331,09:32.979,2,True,1904,704,2118,972,True,199,1057,412,1305,False,,,,,False,,,,
17346,09:33.475,2,True,1923,769,2138,1033,True,209,1090,422,1342,False,,,,,False,,,,
17361,09:33.971,2,True,1682,791,1864,1037,False,,,,,False,,,,,True,-96,1098,111,1374
17376,09:34.467,1,True,1595,791,1775,1035,False,,,,,False,,,,,False,,,,
17391,09:34.963,1,True,1647,817,1828,1063,False,,,,,False,,,,,False,,,,
17406,09:35.459,2,True,1661,810,1836,1052,True,-88,1125,117,1403,False,,,,,False,,,,
17421,09:35.955,2,True,1963,766,2171,1023,True,292,1064,485,1308,False,,,,,False,,,,
17436,09:36.451,2,True,1760,777,1950,1028,True,17,1068,240,1336,False,,,,,False,,,,
17451,09:36.946,2,True,1761,804,1951,1055,True,15,1068,235,1332,False,,,,,False,,,,
17466,09:37.442,2,True,1820,816,2018,1074,True,70,1072,302,1343,False,,,,,False,,,,
17481,09:37.938,2,True,2196,730,2445,1011,True,522,1176,702,1412,False,,,,,False,,,,
17496,09:38.434,2,True,2219,862,2459,1149,True,498,1079,677,1308,False,,,,,False,,,,
17511,09:38.930,1,False,,,,,True,953,865,1105,1067,False,,,,,False,,,,
17526,09:39.426,1,False,,,,,True,988,857,1137,1055,False,,,,,False,,,,
17541,09:39.922,1,False,,,,,True,999,866,1150,1068,False,,,,,False,,,,
17556,09:40.418,1,False,,,,,True,981,1071,1135,1276,False,,,,,False,,,,
17571,09:40.914,1,False,,,,,True,761,977,921,1187,False,,,,,False,,,,
17586,09:41.410,2,True,2164,801,2384,1073,True,496,1027,675,1256,False,,,,,False,,,,
17601,09:41.906,2,True,2115,790,2359,1062,True,444,1080,631,1308,False,,,,,False,,,,
17616,09:42.402,2,True,2111,729,2357,1001,True,456,1051,638,1277,False,,,,,False,,,,
17631,09:42.897,2,True,2099,740,2345,1016,True,449,1071,634,1302,False,,,,,False,,,,
17646,09:43.393,2,True,2078,749,2321,1024,True,431,1084,617,1316,False,,,,,False,,,,
17661,09:43.889,2,True,1977,754,2200,1021,True,330,1102,527,1340,False,,,,,False,,,,
17676,09:44.385,2,True,1943,759,2166,1018,True,288,1073,490,1318,False,,,,,False,,,,
17691,09:44.881,2,True,1764,743,1948,994,True,71,1049,297,1302,False,,,,,False,,,,
17706,09:45.377,1,True,1559,719,1726,960,False,,,,,False,,,,,False,,,,
17721,09:45.873,1,True,1538,750,1704,987,False,,,,,False,,,,,False,,,,
17736,09:46.369,1,True,1525,776,1688,1013,False,,,,,False,,,,,False,,,,
17751,09:46.865,1,True,1531,812,1696,1050,False,,,,,False,,,,,False,,,,
17766,09:47.361,1,True,1526,811,1690,1047,False,,,,,False,,,,,False,,,,
17781,09:47.857,1,True,1543,827,1709,1069,False,,,,,False,,,,,False,,,,
17796,09:48.352,2,True,1859,774,2054,1030,True,195,1010,378,1240,False,,,,,False,,,,
17811,09:48.848,2,True,1946,975,2154,1228,True,259,1103,439,1339,False,,,,,False,,,,
17826,09:49.344,2,True,1929,758,2145,1016,True,286,1161,487,1412,False,,,,,False,,,,
17841,09:49.840,2,True,1862,737,2070,999,True,175,1152,391,1405,False,,,,,False,,,,
17856,09:50.336,2,True,1942,736,2145,995,True,293,999,489,1231,False,,,,,False,,,,
17871,09:50.832,2,True,1699,762,1879,1002,True,-23,979,198,1237,False,,,,,False,,,,
17886,09:51.328,1,True,1615,738,1796,982,False,,,,,False,,,,,False,,,,
17901,09:51.824,2,True,1806,807,1987,1047,True,127,1076,346,1330,False,,,,,False,,,,
17916,09:52.320,2,True,1840,811,2026,1057,True,202,1199,414,1454,False,,,,,False,,,,
17931,09:52.816,2,True,1917,828,2123,1087,True,274,1204,479,1457,False,,,,,False,,,,
17946,09:53.312,2,True,1906,916,2115,1174,True,226,1222,435,1482,False,,,,,False,,,,
17961,09:53.808,2,True,1891,900,2102,1155,True,217,1199,427,1452,False,,,,,False,,,,
17976,09:54.303,1,True,1575,921,1749,1161,False,,,,,False,,,,,False,,,,
17991,09:54.799,1,True,1580,845,1762,1094,False,,,,,False,,,,,False,,,,
18006,09:55.295,1,True,1588,744,1768,988,False,,,,,False,,,,,False,,,,
18021,09:55.791,1,True,1576,719,1758,964,False,,,,,False,,,,,False,,,,
18036,09:56.287,1,True,1586,771,1768,1016,False,,,,,False,,,,,False,,,,
18051,09:56.783,1,True,1595,820,1770,1057,False,,,,,False,,,,,False,,,,
18066,09:57.279,2,True,1643,780,1815,1017,True,-94,1018,127,1289,False,,,,,False,,,,
18081,09:57.775,2,True,1888,813,2097,1066,True,235,1044,437,1281,False,,,,,False,,,,
18096,09:58.271,2,True,1966,808,2187,1065,True,325,1075,522,1310,False,,,,,False,,,,
18111,09:58.767,2,True,2020,812,2245,1075,True,379,1101,569,1332,False,,,,,False,,,,
18126,09:59.263,2,True,2088,771,2326,1040,True,452,1039,633,1263,False,,,,,False,,,,
18141,09:59.758,2,True,2043,757,2275,1019,True,408,1047,595,1272,False,,,,,False,,,,
18156,10:00.254,2,True,1670,727,1855,965,True,-31,1117,188,1381,False,,,,,False,,,,
18171,10:00.750,1,True,1599,766,1776,1003,False,,,,,False,,,,,False,,,,
18186,10:01.246,2,True,1635,763,1815,1001,True,-88,1067,128,1337,False,,,,,False,,,,
18201,10:01.742,1,False,,,,,True,766,874,923,1086,False,,,,,False,,,,
18216,10:02.238,1,False,,,,,True,833,882,987,1084,False,,,,,False,,,,
18231,10:02.734,1,False,,,,,True,971,873,1118,1075,False,,,,,False,,,,
18246,10:03.230,1,False,,,,,True,984,879,1132,1084,False,,,,,False,,,,
18261,10:03.726,1,False,,,,,True,989,879,1136,1081,False,,,,,False,,,,
18276,10:04.222,1,False,,,,,True,993,883,1131,1085,False,,,,,False,,,,
18291,10:04.718,1,False,,,,,True,962,893,1110,1099,False,,,,,False,,,,
18306,10:05.214,1,False,,,,,True,960,912,1109,1112,False,,,,,False,,,,
18321,10:05.709,1,False,,,,,True,671,1135,849,1372,False,,,,,False,,,,
18336,10:06.205,1,False,,,,,True,945,918,1083,1120,False,,,,,False,,,,
18351,10:06.701,1,False,,,,,True,854,920,989,1111,False,,,,,False,,,,
18366,10:07.197,1,False,,,,,True,937,929,1066,1124,False,,,,,False,,,,
18381,10:07.693,1,False,,,,,True,946,876,1074,1075,False,,,,,False,,,,
18396,10:08.189,2,True,1959,810,2162,1061,True,374,1015,532,1242,False,,,,,False,,,,
18411,10:08.685,2,True,1849,806,2034,1057,True,239,1017,410,1249,False,,,,,False,,,,
18426,10:09.181,2,True,1895,809,2086,1059,True,300,1030,465,1263,False,,,,,False,,,,
18441,10:09.677,1,False,,,,,True,675,921,837,1133,False,,,,,False,,,,
18456,10:10.173,1,False,,,,,True,684,919,845,1130,False,,,,,False,,,,
18471,10:10.669,1,False,,,,,True,675,936,837,1144,False,,,,,False,,,,
18486,10:11.165,1,False,,,,,True,671,955,834,1159,False,,,,,False,,,,
18501,10:11.660,1,False,,,,,True,685,1140,852,1365,False,,,,,False,,,,
18516,10:12.156,2,True,2123,869,2368,1146,True,465,1098,645,1316,False,,,,,False,,,,
18531,10:12.652,2,True,2101,883,2344,1158,True,432,1063,617,1291,False,,,,,False,,,,
18546,10:13.148,2,True,1642,797,1821,1044,True,-88,1026,124,1297,False,,,,,False,,,,
18561,10:13.644,1,True,1610,766,1787,1004,False,,,,,False,,,,,False,,,,
18576,10:14.140,2,True,1766,805,1956,1054,True,66,1043,290,1298,False,,,,,False,,,,
18591,10:14.636,2,True,1993,835,2216,1105,True,335,1049,528,1285,False,,,,,False,,,,
18606,10:15.132,2,True,1808,829,2001,1094,True,126,1021,338,1270,False,,,,,False,,,,
18621,10:15.628,2,True,1684,801,1867,1041,True,0,1004,202,1249,False,,,,,False,,,,
18636,10:16.124,2,True,1729,796,1907,1044,True,60,1009,261,1252,False,,,,,False,,,,
18651,10:16.620,2,True,1721,804,1891,1047,True,59,1018,257,1258,False,,,,,False,,,,
18666,10:17.115,2,True,2096,749,2324,1014,True,493,972,648,1179,False,,,,,False,,,,
18681,10:17.611,2,True,2272,760,2496,1045,True,627,960,771,1170,False,,,,,False,,,,
18696,10:18.107,1,False,,,,,True,642,995,788,1206,False,,,,,False,,,,
18711,10:18.603,2,True,2264,796,2467,1071,True,633,1009,775,1224,False,,,,,False,,,,
18726,10:19.099,2,True,2256,798,2462,1067,True,626,1013,770,1225,False,,,,,False,,,,
18741,10:19.595,2,True,2246,808,2451,1076,True,613,1036,760,1250,False,,,,,False,,,,
18756,10:20.091,2,True,2243,753,2469,1031,True,615,1070,764,1283,False,,,,,False,,,,
18771,10:20.587,1,False,,,,,True,637,1020,786,1231,False,,,,,False,,,,
18786,10:21.083,1,False,,,,,True,596,1007,764,1225,False,,,,,False,,,,
18801,10:21.579,1,False,,,,,True,604,995,771,1212,False,,,,,False,,,,
18816,10:22.075,2,True,2266,752,2501,1048,True,581,1000,750,1216,False,,,,,False,,,,
18831,10:22.571,2,True,2261,762,2495,1043,True,579,994,748,1211,False,,,,,False,,,,
18846,10:23.066,2,True,2251,772,2485,1052,True,571,994,743,1212,False,,,,,False,,,,
18861,10:23.562,2,True,2253,759,2479,1038,True,572,985,743,1200,False,,,,,False,,,,
18876,10:24.058,2,True,2232,770,2475,1060,True,558,991,730,1211,False,,,,,False,,,,
18891,10:24.554,2,True,2250,781,2482,1061,True,568,992,738,1209,False,,,,,False,,,,
18906,10:25.050,1,False,,,,,True,584,999,755,1213,False,,,,,False,,,,
18921,10:25.546,1,False,,,,,True,597,924,766,1135,False,,,,,False,,,,
18936,10:26.042,2,True,2115,741,2367,1021,True,448,974,630,1195,False,,,,,False,,,,
18951,10:26.538,2,True,1670,756,1858,1005,True,-69,1014,145,1276,False,,,,,False,,,,
18966,10:27.034,2,True,1743,759,1938,1010,True,14,993,247,1248,False,,,,,False,,,,
18981,10:27.530,2,True,1725,791,1917,1042,True,-15,999,219,1255,False,,,,,False,,,,
18996,10:28.026,2,True,1737,806,1923,1055,True,7,997,243,1251,False,,,,,False,,,,
19011,10:28.522,2,True,1879,787,2084,1037,True,212,971,421,1205,False,,,,,False,,,,
19026,10:29.017,1,False,,,,,True,698,891,858,1102,False,,,,,False,,,,
19041,10:29.513,1,False,,,,,True,847,855,999,1053,False,,,,,False,,,,
19056,10:30.009,2,True,2059,757,2281,1018,True,433,918,611,1137,False,,,,,False,,,,
19071,10:30.505,2,True,1655,776,1830,1022,True,-7,987,185,1226,False,,,,,False,,,,
19086,10:31.001,1,True,1589,788,1757,1029,False,,,,,False,,,,,False,,,,
19101,10:31.497,1,True,1577,787,1745,1025,False,,,,,False,,,,,False,,,,
19116,10:31.993,2,True,1621,789,1791,1025,True,-58,977,128,1215,False,,,,,False,,,,
19131,10:32.489,2,True,1640,781,1813,1027,True,-29,987,162,1233,False,,,,,False,,,,
19146,10:32.985,2,True,1644,778,1814,1025,True,-24,993,165,1236,False,,,,,False,,,,
19161,10:33.481,2,True,1673,778,1853,1021,True,-4,997,192,1235,False,,,,,False,,,,
19176,10:33.977,2,True,1689,783,1875,1034,True,18,1015,214,1257,False,,,,,False,,,,
19191,10:34.472,2,True,1715,788,1903,1037,True,46,1020,246,1263,False,,,,,False,,,,
19206,10:34.968,2,True,2057,803,2303,1075,True,458,1177,628,1408,False,,,,,False,,,,
19221,10:35.464,2,True,2016,749,2249,1019,True,384,1052,566,1275,False,,,,,False,,,,
19236,10:35.960,2,True,2026,809,2254,1083,True,373,1035,556,1264,False,,,,,False,,,,
19251,10:36.456,2,True,2008,807,2226,1071,True,358,1004,543,1225,False,,,,,False,,,,
19266,10:36.952,2,True,2038,775,2255,1044,True,396,979,574,1202,False,,,,,False,,,,
19281,10:37.448,2,True,1860,766,2049,1014,True,186,950,391,1187,False,,,,,False,,,,
19296,10:37.944,2,True,1786,769,1968,1008,True,91,945,307,1185,False,,,,,False,,,,
19311,10:38.440,2,True,1912,817,2110,1067,True,245,1001,445,1237,False,,,,,False,,,,
19326,10:38.936,2,True,2082,866,2304,1131,True,428,1034,609,1263,False,,,,,False,,,,
19341,10:39.432,2,True,2098,875,2328,1143,True,440,1025,619,1252,False,,,,,False,,,,
19356,10:39.928,2,True,2135,865,2363,1139,True,472,994,649,1208,False,,,,,False,,,,
19371,10:40.423,2,True,2144,862,2369,1133,True,481,993,657,1206,False,,,,,False,,,,
19386,10:40.919,2,True,2147,842,2379,1116,True,490,988,662,1200,False,,,,,False,,,,
19401,10:41.415,2,True,1966,836,2170,1093,True,310,992,500,1218,False,,,,,False,,,,
19416,10:41.911,2,True,2044,834,2266,1105,True,391,1007,577,1232,False,,,,,False,,,,
19431,10:42.407,1,False,,,,,True,713,1081,871,1288,False,,,,,False,,,,
19446,10:42.903,1,False,,,,,True,1068,1093,1211,1294,False,,,,,False,,,,
19461,10:43.399,1,False,,,,,True,1100,1143,1247,1351,False,,,,,False,,,,
19476,10:43.895,1,False,,,,,True,1083,1131,1229,1336,False,,,,,False,,,,
19491,10:44.391,1,False,,,,,True,1035,1144,1184,1354,False,,,,,False,,,,
19506,10:44.887,1,False,,,,,True,1000,1115,1147,1319,False,,,,,False,,,,
19521,10:45.383,1,False,,,,,True,946,1082,1094,1282,False,,,,,False,,,,
19536,10:45.879,1,False,,,,,True,743,1124,900,1337,False,,,,,False,,,,
19551,10:46.374,2,True,2115,844,2355,1119,True,442,1071,625,1295,False,,,,,False,,,,
19566,10:46.870,2,True,1712,776,1893,1024,True,-20,1006,201,1263,False,,,,,False,,,,
19581,10:47.366,2,True,1711,805,1892,1048,True,-23,1043,200,1306,False,,,,,False,,,,
19596,10:47.862,2,True,1699,800,1876,1044,True,-29,1058,185,1326,False,,,,,False,,,,
19611,10:48.358,2,True,1749,816,1931,1060,True,23,1046,247,1304,False,,,,,False,,,,
19626,10:48.854,2,True,1917,817,2117,1074,True,237,981,436,1212,False,,,,,False,,,,
19641,10:49.350,2,True,1793,811,1980,1062,True,77,985,294,1232,False,,,,,False,,,,
19656,10:49.846,2,True,1761,778,1944,1025,True,34,974,259,1227,False,,,,,False,,,,
19671,10:50.342,2,True,1798,780,1982,1021,True,90,973,304,1216,False,,,,,False,,,,
19686,10:50.838,2,True,1824,784,2014,1031,True,130,979,339,1225,False,,,,,False,,,,
19701,10:51.334,1,False,,,,,True,694,910,851,1122,False,,,,,False,,,,
19716,10:51.829,1,False,,,,,True,785,890,937,1098,False,,,,,False,,,,
19731,10:52.325,1,False,,,,,True,787,885,939,1098,False,,,,,False,,,,
19746,10:52.821,1,False,,,,,True,790,887,941,1097,False,,,,,False,,,,
19761,10:53.317,1,False,,,,,True,779,892,933,1100,False,,,,,False,,,,
19776,10:53.813,1,False,,,,,True,770,894,926,1103,False,,,,,False,,,,
19791,10:54.309,1,False,,,,,True,754,905,911,1111,False,,,,,False,,,,
19806,10:54.805,1,False,,,,,True,756,904,913,1113,False,,,,,False,,,,
19821,10:55.301,1,False,,,,,True,767,894,925,1100,False,,,,,False,,,,
19836,10:55.797,1,False,,,,,True,780,880,928,1087,False,,,,,False,,,,
19851,10:56.293,1,False,,,,,True,859,881,1012,1084,False,,,,,False,,,,
19866,10:56.789,1,False,,,,,True,848,884,1002,1089,False,,,,,False,,,,
19881,10:57.285,1,False,,,,,True,848,888,999,1092,False,,,,,False,,,,
19896,10:57.780,1,False,,,,,True,853,887,1003,1093,False,,,,,False,,,,
19911,10:58.276,2,True,2169,750,2389,1020,True,524,926,689,1136,False,,,,,False,,,,
19926,10:58.772,2,True,2117,764,2347,1031,True,490,942,649,1149,False,,,,,False,,,,
19941,10:59.268,2,True,2127,765,2357,1036,True,499,950,655,1159,False,,,,,False,,,,
19956,10:59.764,2,True,2168,765,2394,1037,True,537,951,691,1162,False,,,,,False,,,,
19971,11:00.260,2,True,2188,766,2402,1036,True,530,957,689,1163,False,,,,,False,,,,
19986,11:00.756,2,True,2197,775,2424,1045,True,530,955,695,1162,False,,,,,False,,,,
20001,11:01.252,2,True,2207,776,2438,1052,True,536,951,702,1161,False,,,,,False,,,,
20016,11:01.748,2,True,2275,774,2495,1050,True,597,937,756,1145,False,,,,,False,,,,
20031,11:02.244,1,False,,,,,True,607,938,766,1145,False,,,,,False,,,,
20046,11:02.740,2,True,2257,771,2465,1041,True,589,942,754,1151,False,,,,,False,,,,
20061,11:03.236,2,True,2251,773,2462,1042,True,586,951,751,1158,False,,,,,False,,,,
20076,11:03.731,2,True,2251,770,2463,1041,True,624,949,768,1153,False,,,,,False,,,,
20091,11:04.227,2,True,2260,763,2469,1032,True,625,935,770,1139,False,,,,,False,,,,
20106,11:04.723,2,True,2258,767,2470,1038,True,624,937,769,1143,False,,,,,False,,,,
20121,11:05.219,2,True,2262,773,2472,1043,True,621,946,768,1152,False,,,,,False,,,,
20136,11:05.715,2,True,2254,779,2469,1059,True,616,961,762,1163,False,,,,,False,,,,
20151,11:06.211,1,False,,,,,True,635,1039,781,1253,False,,,,,False,,,,
20166,11:06.707,1,False,,,,,True,665,1017,823,1230,False,,,,,False,,,,
20181,11:07.203,1,False,,,,,True,634,980,798,1189,False,,,,,False,,,,
20196,11:07.699,1,False,,,,,True,635,948,798,1153,False,,,,,False,,,,
20211,11:08.195,2,True,1957,816,2168,1078,True,287,990,484,1218,False,,,,,False,,,,
20226,11:08.691,2,True,2122,881,2357,1158,True,447,991,629,1214,False,,,,,False,,,,
20241,11:09.186,1,False,,,,,True,668,836,828,1039,False,,,,,False,,,,
20256,11:09.682,1,False,,,,,True,701,867,860,1069,False,,,,,False,,,,
20271,11:10.178,1,False,,,,,True,709,876,869,1085,False,,,,,False,,,,
20286,11:10.674,1,False,,,,,True,690,856,849,1057,False,,,,,False,,,,
20301,11:11.170,1,False,,,,,True,714,862,872,1065,False,,,,,False,,,,
20316,11:11.666,1,False,,,,,True,702,858,862,1058,False,,,,,False,,,,
20331,11:12.162,1,False,,,,,True,611,857,775,1062,False,,,,,False,,,,
20346,11:12.658,2,True,2243,778,2467,1056,True,556,862,726,1070,False,,,,,False,,,,
20361,11:13.154,2,True,2234,788,2463,1065,True,545,870,715,1081,False,,,,,False,,,,
20376,11:13.650,2,True,2231,794,2464,1072,True,551,886,720,1099,False,,,,,False,,,,
20391,11:14.146,2,True,2145,794,2379,1068,True,475,887,652,1106,False,,,,,False,,,,
20406,11:14.642,2,True,2173,799,2395,1071,True,507,892,682,1109,False,,,,,False,,,,
20421,11:15.137,2,True,2205,799,2431,1067,True,537,881,708,1092,False,,,,,False,,,,
20436,11:15.633,2,True,2182,791,2400,1058,True,526,885,695,1096,False,,,,,False,,,,
20451,11:16.129,1,False,,,,,True,605,940,769,1146,False,,,,,False,,,,
20466,11:16.625,1,False,,,,,True,725,885,879,1085,False,,,,,False,,,,
20481,11:17.121,1,False,,,,,True,701,869,860,1075,False,,,,,False,,,,
20496,11:17.617,1,False,,,,,True,676,878,837,1084,False,,,,,False,,,,
20511,11:18.113,1,False,,,,,True,691,884,848,1091,False,,,,,False,,,,
20526,11:18.609,1,False,,,,,True,681,864,841,1067,False,,,,,False,,,,
20541,11:19.105,1,False,,,,,True,675,856,838,1060,False,,,,,False,,,,
20556,11:19.601,1,False,,,,,True,696,866,854,1066,False,,,,,False,,,,
20571,11:20.097,1,False,,,,,True,618,880,782,1092,False,,,,,False,,,,
20586,11:20.592,2,True,2078,809,2303,1080,True,423,912,604,1132,False,,,,,False,,,,
20601,11:21.088,2,True,1973,812,2182,1077,True,329,927,516,1146,False,,,,,False,,,,
20616,11:21.584,2,True,2009,822,2228,1087,True,369,917,554,1141,False,,,,,False,,,,
20631,11:22.080,2,True,1962,823,2167,1085,True,318,930,507,1153,False,,,,,False,,,,
20646,11:22.576,2,True,1975,812,2183,1076,True,339,925,522,1145,False,,,,,False,,,,
20661,11:23.072,2,True,2079,821,2302,1086,True,457,920,619,1135,False,,,,,False,,,,
20676,11:23.568,2,True,2142,819,2370,1087,True,527,916,681,1125,False,,,,,False,,,,
20691,11:24.064,2,True,2201,821,2422,1093,True,568,908,725,1121,False,,,,,False,,,,
20706,11:24.560,1,False,,,,,True,663,929,825,1135,False,,,,,False,,,,
20721,11:25.056,1,False,,,,,True,741,919,898,1123,False,,,,,False,,,,
20736,11:25.552,1,False,,,,,True,799,908,951,1115,False,,,,,False,,,,
20751,11:26.048,1,False,,,,,True,829,911,980,1115,False,,,,,False,,,,
20766,11:26.543,1,False,,,,,True,787,904,941,1111,False,,,,,False,,,,
20781,11:27.039,1,False,,,,,True,792,908,949,1118,False,,,,,False,,,,
20796,11:27.535,1,False,,,,,True,802,918,958,1131,False,,,,,False,,,,
20811,11:28.031,1,False,,,,,True,794,918,946,1128,False,,,,,False,,,,
20826,11:28.527,1,False,,,,,True,761,935,919,1141,False,,,,,False,,,,
20841,11:29.023,1,False,,,,,True,762,940,922,1141,False,,,,,False,,,,
20856,11:29.519,1,False,,,,,True,778,945,935,1146,False,,,,,False,,,,
20871,11:30.015,1,False,,,,,True,753,963,915,1171,False,,,,,False,,,,
20886,11:30.511,1,False,,,,,True,780,976,940,1182,False,,,,,False,,,,
20901,11:31.007,1,False,,,,,True,767,1012,927,1227,False,,,,,False,,,,
20916,11:31.503,1,False,,,,,True,758,1006,920,1216,False,,,,,False,,,,
20931,11:31.999,1,False,,,,,True,757,1052,920,1255,False,,,,,False,,,,
20946,11:32.494,1,False,,,,,True,762,1080,926,1267,False,,,,,False,,,,
20961,11:32.990,1,False,,,,,True,721,1044,885,1235,False,,,,,False,,,,
20976,11:33.486,1,False,,,,,True,732,1025,894,1218,False,,,,,False,,,,
20991,11:33.982,1,False,,,,,True,751,1032,911,1225,False,,,,,False,,,,
21006,11:34.478,1,False,,,,,True,727,976,891,1166,False,,,,,False,,,,
21021,11:34.974,2,True,1788,801,1969,1041,True,112,966,335,1203,False,,,,,False,,,,
21036,11:35.470,2,True,1778,820,1967,1068,True,85,978,293,1220,False,,,,,False,,,,
21051,11:35.966,2,True,1714,822,1895,1065,True,24,953,228,1193,False,,,,,False,,,,
21066,11:36.462,2,True,1714,829,1893,1075,True,24,997,224,1234,False,,,,,False,,,,
21081,11:36.958,2,True,1982,833,2187,1097,True,365,972,531,1188,False,,,,,False,,,,
21096,11:37.454,1,False,,,,,True,621,939,789,1145,False,,,,,False,,,,
21111,11:37.949,1,False,,,,,True,631,980,799,1187,False,,,,,False,,,,
21126,11:38.445,1,False,,,,,True,642,965,809,1172,False,,,,,False,,,,
21141,11:38.941,1,False,,,,,True,668,791,832,995,False,,,,,False,,,,
21156,11:39.437,1,False,,,,,True,697,903,863,1106,False,,,,,False,,,,
21171,11:39.933,1,False,,,,,True,693,931,857,1132,False,,,,,False,,,,
21186,11:40.429,1,False,,,,,True,676,881,838,1090,False,,,,,False,,,,
21201,11:40.925,1,False,,,,,True,648,894,815,1107,False,,,,,False,,,,
21216,11:41.421,1,False,,,,,True,638,903,801,1115,False,,,,,False,,,,
21231,11:41.917,2,True,1867,849,2066,1102,True,163,908,373,1150,False,,,,,False,,,,
21246,11:42.413,2,True,1880,839,2077,1093,True,183,903,394,1144,False,,,,,False,,,,
21261,11:42.909,2,True,1925,861,2131,1119,True,236,935,439,1166,False,,,,,False,,,,
21276,11:43.405,2,True,1803,800,1990,1052,True,112,859,326,1102,False,,,,,False,,,,
21291,11:43.900,2,True,1891,810,2077,1056,True,230,873,422,1107,False,,,,,False,,,,
21306,11:44.396,1,False,,,,,True,650,909,815,1117,False,,,,,False,,,,
21321,11:44.892,1,False,,,,,True,762,882,919,1087,False,,,,,False,,,,
21336,11:45.388,1,False,,,,,True,767,876,925,1086,False,,,,,False,,,,
21351,11:45.884,1,False,,,,,True,782,853,940,1053,False,,,,,False,,,,
21366,11:46.380,1,False,,,,,True,793,880,948,1079,False,,,,,False,,,,
21381,11:46.876,1,False,,,,,True,787,883,941,1084,False,,,,,False,,,,
21396,11:47.372,1,False,,,,,True,783,887,939,1094,False,,,,,False,,,,
21411,11:47.868,1,False,,,,,True,784,890,939,1094,False,,,,,False,,,,
21426,11:48.364,1,False,,,,,True,767,888,927,1094,False,,,,,False,,,,
21441,11:48.860,1,False,,,,,True,759,898,918,1103,False,,,,,False,,,,
21456,11:49.356,1,False,,,,,True,773,876,931,1081,False,,,,,False,,,,
21471,11:49.851,1,False,,,,,True,772,859,929,1060,False,,,,,False,,,,
21486,11:50.347,1,False,,,,,True,784,871,939,1079,False,,,,,False,,,,
21501,11:50.843,1,False,,,,,True,794,881,948,1085,False,,,,,False,,,,
21516,11:51.339,1,False,,,,,True,795,903,940,1104,False,,,,,False,,,,
21531,11:51.835,1,False,,,,,True,795,919,930,1118,False,,,,,False,,,,
21546,11:52.331,1,False,,,,,True,770,918,907,1122,False,,,,,False,,,,
21561,11:52.827,1,False,,,,,True,687,935,827,1142,False,,,,,False,,,,
21576,11:53.323,2,True,2056,840,2283,1114,True,375,962,538,1185,False,,,,,False,,,,
21591,11:53.819,2,True,2003,841,2220,1111,True,322,970,494,1201,False,,,,,False,,,,
21606,11:54.315,2,True,1930,828,2139,1091,True,240,980,417,1215,False,,,,,False,,,,
21621,11:54.811,2,True,1929,829,2136,1091,True,252,980,427,1212,False,,,,,False,,,,
21636,11:55.306,2,True,1946,831,2155,1096,True,270,982,441,1206,False,,,,,False,,,,
21651,11:55.802,2,True,1959,836,2169,1100,True,277,976,445,1198,False,,,,,False,,,,
21666,11:56.298,2,True,1964,842,2174,1104,True,261,982,434,1210,False,,,,,False,,,,
21681,11:56.794,2,True,1966,843,2177,1103,True,259,978,433,1209,False,,,,,False,,,,
21696,11:57.290,2,True,1965,838,2174,1102,True,257,980,431,1210,False,,,,,False,,,,
21711,11:57.786,2,True,1978,842,2195,1110,True,245,984,425,1217,False,,,,,False,,,,
21726,11:58.282,2,True,2036,860,2259,1122,True,274,996,454,1224,False,,,,,False,,,,
21741,11:58.778,2,True,2068,857,2297,1123,True,347,984,512,1207,False,,,,,False,,,,
21756,11:59.274,2,True,2068,856,2297,1117,True,443,973,598,1181,False,,,,,False,,,,
21771,11:59.770,2,True,2052,853,2279,1120,True,447,988,604,1198,False,,,,,False,,,,
21786,12:00.266,2,True,2051,849,2277,1114,True,435,1001,595,1219,False,,,,,False,,,,
21801,12:00.762,2,True,2063,882,2294,1142,True,441,1021,606,1245,False,,,,,False,,,,
21816,12:01.257,2,True,2261,1063,2481,1342,True,550,1081,720,1304,False,,,,,False,,,,
21831,12:01.753,2,True,2243,996,2474,1281,True,527,1061,704,1275,False,,,,,False,,,,
21846,12:02.249,2,True,2261,923,2478,1199,True,571,1077,744,1292,False,,,,,False,,,,
21861,12:02.745,1,False,,,,,True,1016,1081,1166,1278,False,,,,,False,,,,
21876,12:03.241,1,False,,,,,True,1013,1086,1162,1281,False,,,,,False,,,,
21891,12:03.737,1,False,,,,,True,1041,1138,1198,1319,False,,,,,False,,,,
21906,12:04.233,1,False,,,,,True,913,1115,1070,1310,False,,,,,False,,,,
21921,12:04.729,1,False,,,,,True,674,1055,843,1277,False,,,,,False,,,,
21936,12:05.225,2,True,2248,837,2477,1111,True,570,1047,741,1264,False,,,,,False,,,,
21951,12:05.721,2,True,2267,838,2489,1112,True,577,1005,749,1225,False,,,,,False,,,,
21966,12:06.217,2,True,2244,802,2469,1078,True,550,952,726,1167,False,,,,,False,,,,
21981,12:06.713,2,True,2244,799,2466,1075,True,557,934,729,1146,False,,,,,False,,,,
21996,12:07.208,2,True,2265,789,2482,1068,True,575,925,745,1136,False,,,,,False,,,,
22011,12:07.704,2,True,2224,735,2450,1010,True,545,889,716,1098,False,,,,,False,,,,
22026,12:08.200,2,True,2228,774,2459,1056,True,539,913,712,1125,False,,,,,False,,,,
22041,12:08.696,2,True,2271,806,2482,1084,True,586,939,756,1152,False,,,,,False,,,,
22056,12:09.192,2,True,2262,802,2479,1081,True,578,943,748,1151,False,,,,,False,,,,
22071,12:09.688,2,True,2270,804,2483,1084,True,585,961,755,1169,False,,,,,False,,,,
22086,12:10.184,1,False,,,,,True,614,959,781,1159,False,,,,,False,,,,
22101,12:10.680,1,False,,,,,True,602,975,770,1183,False,,,,,False,,,,
22116,12:11.176,2,True,2242,770,2473,1050,True,571,971,742,1188,False,,,,,False,,,,
22131,12:11.672,2,True,2222,781,2458,1063,True,552,987,724,1205,False,,,,,False,,,,
22146,12:12.168,2,True,2232,786,2468,1065,True,560,999,731,1215,False,,,,,False,,,,
22161,12:12.663,2,True,2231,792,2465,1071,True,562,993,733,1210,False,,,,,False,,,,
22176,12:13.159,2,True,2204,793,2434,1063,True,537,980,711,1195,False,,,,,False,,,,
22191,12:13.655,2,True,2230,797,2458,1071,True,551,954,726,1171,False,,,,,False,,,,
22206,12:14.151,2,True,2235,803,2467,1081,True,554,973,727,1187,False,,,,,False,,,,
22221,12:14.647,2,True,2156,800,2388,1083,True,488,975,665,1188,False,,,,,False,,,,
22236,12:15.143,2,True,2085,813,2315,1086,True,422,967,603,1186,False,,,,,False,,,,
22251,12:15.639,2,True,2105,805,2341,1084,True,444,958,626,1175,False,,,,,False,,,,
22266,12:16.135,2,True,2201,829,2426,1109,True,520,953,693,1160,False,,,,,False,,,,
22281,12:16.631,2,True,2230,813,2460,1088,True,542,925,713,1137,False,,,,,False,,,,
22296,12:17.127,2,True,2040,819,2260,1091,True,370,944,554,1161,False,,,,,False,,,,
22311,12:17.623,2,True,1908,847,2107,1099,True,220,938,424,1168,False,,,,,False,,,,
22326,12:18.119,2,True,1984,833,2198,1097,True,308,917,504,1155,False,,,,,False,,,,
22341,12:18.614,2,True,2063,824,2286,1084,True,402,910,588,1133,False,,,,,False,,,,
22356,12:19.110,2,True,2062,817,2269,1082,True,408,906,594,1131,False,,,,,False,,,,
22371,12:19.606,2,True,2062,810,2271,1072,True,410,909,596,1130,False,,,,,False,,,,
22386,12:20.102,2,True,2058,805,2268,1064,True,406,904,594,1128,False,,,,,False,,,,
22401,12:20.598,2,True,2061,805,2275,1067,True,405,913,589,1136,False,,,,,False,,,,
22416,12:21.094,2,True,2059,803,2275,1061,True,431,912,599,1133,False,,,,,False,,,,
22431,12:21.590,2,True,2047,803,2264,1063,True,447,917,605,1135,False,,,,,False,,,,
22446,12:22.086,2,True,2050,801,2267,1063,True,449,914,606,1131,False,,,,,False,,,,
22461,12:22.582,2,True,2049,805,2258,1063,True,462,920,616,1141,False,,,,,False,,,,
22476,12:23.078,2,True,2043,801,2257,1063,True,455,920,610,1141,False,,,,,False,,,,
22491,12:23.574,2,True,2041,793,2251,1062,True,442,919,599,1136,False,,,,,False,,,,
22506,12:24.069,2,True,2056,790,2273,1054,True,443,920,599,1139,False,,,,,False,,,,
22521,12:24.565,2,True,2066,788,2287,1057,True,446,919,602,1136,False,,,,,False,,,,
22536,12:25.061,2,True,2168,899,2399,1174,True,539,1098,686,1307,False,,,,,False,,,,
22551,12:25.557,2,True,2189,876,2423,1153,True,575,1127,720,1343,False,,,,,False,,,,
22566,12:26.053,2,True,2127,716,2351,971,True,498,950,654,1158,False,,,,,False,,,,
22581,12:26.549,2,True,2103,725,2330,992,True,490,969,644,1178,False,,,,,False,,,,
22596,12:27.045,2,True,2084,726,2305,1000,True,483,976,637,1185,False,,,,,False,,,,
22611,12:27.541,2,True,2079,735,2306,1004,True,483,977,635,1189,False,,,,,False,,,,
22626,12:28.037,2,True,2088,744,2317,1018,True,487,980,638,1192,False,,,,,False,,,,
22641,12:28.533,2,True,2126,949,2359,1223,True,479,1080,640,1300,False,,,,,False,,,,
22656,12:29.029,2,True,2128,964,2368,1246,True,490,1068,647,1284,False,,,,,False,,,,
22671,12:29.525,2,True,2133,977,2356,1253,True,503,1051,661,1273,False,,,,,False,,,,
22686,12:30.020,2,True,2122,1006,2340,1288,True,504,1118,660,1342,False,,,,,False,,,,
22701,12:30.516,2,True,2194,934,2414,1213,True,559,1098,713,1313,False,,,,,False,,,,
22716,12:31.012,1,False,,,,,True,595,1095,764,1310,False,,,,,False,,,,
22731,12:31.508,1,False,,,,,True,712,1099,876,1309,False,,,,,False,,,,
22746,12:32.004,1,False,,,,,True,715,1095,878,1310,False,,,,,False,,,,
22761,12:32.500,1,False,,,,,True,719,1140,890,1347,False,,,,,False,,,,
22776,12:32.996,1,False,,,,,True,694,1151,869,1353,False,,,,,False,,,,
22791,12:33.492,1,False,,,,,True,691,1191,864,1366,False,,,,,False,,,,
22806,12:33.988,1,False,,,,,True,725,1283,894,1465,False,,,,,False,,,,
22821,12:34.484,1,False,,,,,True,716,1285,892,1473,False,,,,,False,,,,
22836,12:34.980,1,False,,,,,True,853,1187,1020,1412,False,,,,,False,,,,
22851,12:35.476,1,False,,,,,True,1054,1122,1208,1340,False,,,,,False,,,,
22866,12:35.971,1,False,,,,,True,1095,1082,1249,1284,False,,,,,False,,,,
22881,12:36.467,1,False,,,,,True,688,1150,857,1375,False,,,,,False,,,,
22896,12:36.963,2,True,2167,897,2403,1173,True,459,1128,647,1361,False,,,,,False,,,,
22911,12:37.459,2,True,2131,873,2377,1154,True,435,1128,625,1366,False,,,,,False,,,,
22926,12:37.955,2,True,1816,813,2019,1068,True,101,1131,330,1394,False,,,,,False,,,,
22941,12:38.451,2,True,1708,779,1897,1028,True,-29,1087,206,1357,False,,,,,False,,,,
22956,12:38.947,2,True,1855,796,2047,1055,True,169,944,389,1190,False,,,,,False,,,,
22971,12:39.443,2,True,2008,814,2225,1078,True,339,947,535,1170,False,,,,,False,,,,
22986,12:39.939,2,True,2162,842,2389,1112,True,492,971,672,1184,False,,,,,False,,,,
23001,12:40.435,2,True,2222,867,2441,1137,True,536,958,711,1172,False,,,,,False,,,,
23016,12:40.931,1,False,,,,,True,665,912,832,1123,False,,,,,False,,,,
23031,12:41.426,1,False,,,,,True,719,930,879,1134,False,,,,,False,,,,
23046,12:41.922,1,False,,,,,True,729,928,892,1132,False,,,,,False,,,,
23061,12:42.418,1,False,,,,,True,730,920,895,1126,False,,,,,False,,,,
23076,12:42.914,1,False,,,,,True,701,944,865,1151,False,,,,,False,,,,
23091,12:43.410,1,False,,,,,True,632,964,802,1178,False,,,,,False,,,,
23106,12:43.906,2,True,2183,807,2401,1078,True,513,945,691,1159,False,,,,,False,,,,
23121,12:44.402,2,True,2189,804,2408,1077,True,508,947,688,1164,False,,,,,False,,,,
23136,12:44.898,2,True,2202,806,2432,1083,True,515,958,693,1175,False,,,,,False,,,,
23151,12:45.394,2,True,2138,812,2377,1089,True,462,954,646,1174,False,,,,,False,,,,
23166,12:45.890,2,True,2169,811,2400,1087,True,496,936,676,1154,False,,,,,False,,,,
23181,12:46.386,2,True,2179,826,2406,1099,True,502,946,684,1159,False,,,,,False,,,,
23196,12:46.882,2,True,2196,824,2431,1108,True,521,939,697,1153,False,,,,,False,,,,
23211,12:47.377,2,True,2186,797,2410,1064,True,514,892,693,1112,False,,,,,False,,,,
23226,12:47.873,2,True,2243,852,2470,1129,True,559,921,734,1139,False,,,,,False,,,,
23241,12:48.369,2,True,2232,824,2466,1105,True,553,914,728,1129,False,,,,,False,,,,
23256,12:48.865,2,True,2193,822,2425,1102,True,519,902,698,1124,False,,,,,False,,,,
23271,12:49.361,2,True,1970,822,2181,1086,True,292,902,492,1140,False,,,,,False,,,,
23286,12:49.857,2,True,2034,830,2253,1100,True,365,902,556,1129,False,,,,,False,,,,
23301,12:50.353,2,True,2083,771,2301,1036,True,469,746,644,966,False,,,,,False,,,,
23316,12:50.849,2,True,2074,790,2290,1051,True,466,799,643,1013,False,,,,,False,,,,
23331,12:51.345,2,True,2043,801,2258,1059,True,457,846,620,1055,False,,,,,False,,,,
23346,12:51.841,2,True,2029,811,2241,1068,True,454,871,608,1080,False,,,,,False,,,,
23361,12:52.337,2,True,2041,822,2253,1084,True,469,875,620,1082,False,,,,,False,,,,
23376,12:52.833,2,True,2079,830,2298,1092,True,495,886,648,1093,False,,,,,False,,,,
23391,12:53.328,2,True,2087,827,2310,1094,True,514,885,663,1086,False,,,,,False,,,,
23406,12:53.824,2,True,2094,831,2319,1095,True,524,884,671,1087,False,,,,,False,,,,
23421,12:54.320,2,True,2101,829,2327,1097,True,531,888,681,1093,False,,,,,False,,,,
23436,12:54.816,2,True,2101,831,2328,1103,True,517,886,688,1098,False,,,,,False,,,,
23451,12:55.312,2,True,2110,840,2340,1114,True,519,892,690,1108,False,,,,,False,,,,
23466,12:55.808,2,True,2112,839,2342,1108,True,528,896,697,1107,False,,,,,False,,,,
23481,12:56.304,2,True,2111,836,2339,1107,True,553,907,706,1121,False,,,,,False,,,,
23496,12:56.800,2,True,2111,846,2339,1117,True,538,918,689,1122,False,,,,,False,,,,
23511,12:57.296,2,True,2110,842,2340,1113,True,520,912,673,1122,False,,,,,False,,,,
23526,12:57.792,2,True,2108,832,2341,1099,True,517,909,669,1119,False,,,,,False,,,,
23541,12:58.288,2,True,2184,892,2403,1157,True,570,1016,724,1236,False,,,,,False,,,,
23556,12:58.783,2,True,2165,846,2389,1110,True,536,989,703,1200,False,,,,,False,,,,
23571,12:59.279,2,True,2209,926,2426,1202,True,557,1169,728,1393,False,,,,,False,,,,
23586,12:59.775,2,True,2205,926,2399,1192,True,560,1070,731,1286,False,,,,,False,,,,
23601,13:00.271,2,True,2239,925,2446,1184,True,591,1036,756,1248,False,,,,,False,,,,
23616,13:00.767,2,True,2224,913,2441,1181,True,572,1038,739,1254,False,,,,,False,,,,
23631,13:01.263,2,True,2224,905,2441,1175,True,572,1074,741,1289,False,,,,,False,,,,
23646,13:01.759,2,True,2221,891,2432,1158,True,572,1062,740,1276,False,,,,,False,,,,
23661,13:02.255,2,True,2172,894,2388,1163,True,534,1112,708,1330,False,,,,,False,,,,
23676,13:02.751,2,True,2083,829,2302,1094,True,466,1120,643,1338,False,,,,,False,,,,
23691,13:03.247,2,True,2214,839,2424,1107,True,573,1050,742,1264,False,,,,,False,,,,
23706,13:03.743,2,True,2141,794,2362,1064,True,519,1001,690,1217,False,,,,,False,,,,
23721,13:04.239,2,True,1881,790,2072,1043,True,241,1014,444,1253,False,,,,,False,,,,
23736,13:04.734,1,True,1586,825,1748,1063,False,,,,,False,,,,,False,,,,
23751,13:05.230,2,True,1672,840,1839,1084,True,-44,1047,171,1305,False,,,,,False,,,,
23766,13:05.726,2,True,1957,901,2168,1159,True,298,1019,494,1253,False,,,,,False,,,,
23781,13:06.222,2,True,2047,811,2270,1077,True,405,934,586,1147,False,,,,,False,,,,
23796,13:06.718,2,True,2023,808,2243,1072,True,380,953,567,1168,False,,,,,False,,,,
23811,13:07.214,2,True,1742,800,1929,1052,True,37,969,265,1218,False,,,,,False,,,,
23826,13:07.710,2,True,1746,799,1925,1054,True,59,923,281,1168,False,,,,,False,,,,
23841,13:08.206,2,True,1749,788,1922,1032,True,86,901,299,1140,False,,,,,False,,,,
23856,13:08.702,2,True,1743,801,1914,1046,True,113,896,303,1127,False,,,,,False,,,,
23871,13:09.198,2,True,1989,860,2195,1117,True,382,908,545,1126,False,,,,,False,,,,
23886,13:09.694,2,True,2089,800,2310,1065,True,485,830,641,1038,False,,,,,False,,,,
23901,13:10.190,2,True,2021,740,2231,996,True,421,814,579,1025,False,,,,,False,,,,
23916,13:10.685,2,True,2008,685,2217,938,True,377,713,558,935,False,,,,,False,,,,
23931,13:11.181,2,True,1916,698,2110,950,True,220,725,424,958,False,,,,,False,,,,
23946,13:11.677,2,True,1688,746,1860,982,True,-17,742,181,989,False,,,,,False,,,,
23961,13:12.173,2,True,1805,753,1986,994,True,166,705,349,939,False,,,,,False,,,,
23976,13:12.669,2,True,1860,739,2044,983,True,238,741,412,969,False,,,,,False,,,,
23991,13:13.165,1,False,,,,,True,666,820,807,1022,False,,,,,False,,,,
24006,13:13.661,1,False,,,,,True,719,851,862,1051,False,,,,,False,,,,
24021,13:14.157,1,False,,,,,True,641,864,784,1065,False,,,,,False,,,,
24036,13:14.653,2,True,1788,919,1976,1169,True,96,952,296,1194,False,,,,,False,,,,
24051,13:15.149,2,True,1707,899,1883,1148,True,-43,821,184,1079,False,,,,,False,,,,
24066,13:15.645,2,True,1988,1059,2203,1331,True,292,895,501,1141,False,,,,,False,,,,
24081,13:16.140,2,True,2033,849,2252,1119,True,359,736,555,963,False,,,,,False,,,,
24096,13:16.636,2,True,2077,928,2303,1197,True,392,880,581,1106,False,,,,,False,,,,
24111,13:17.132,2,True,2096,928,2326,1204,True,415,900,604,1131,False,,,,,False,,,,
24126,13:17.628,2,True,2115,912,2349,1182,True,447,898,629,1123,False,,,,,False,,,,
24141,13:18.124,2,True,2153,845,2385,1119,True,534,871,685,1076,False,,,,,False,,,,
24156,13:18.620,2,True,2129,870,2363,1146,True,510,857,663,1066,False,,,,,False,,,,
24171,13:19.116,2,True,2115,860,2346,1129,True,469,831,641,1048,False,,,,,False,,,,
24186,13:19.612,2,True,2090,854,2316,1124,True,407,823,596,1049,False,,,,,False,,,,
24201,13:20.108,2,True,2075,919,2302,1187,True,390,868,579,1096,False,,,,,False,,,,
24216,13:20.604,2,True,2099,920,2327,1188,True,423,835,613,1062,False,,,,,False,,,,
24231,13:21.100,2,True,2026,884,2243,1141,True,350,827,549,1053,False,,,,,False,,,,
24246,13:21.596,2,True,1968,839,2176,1105,True,299,776,501,1011,False,,,,,False,,,,
24261,13:22.091,2,True,2033,833,2249,1094,True,375,771,571,996,False,,,,,False,,,,
24276,13:22.587,2,True,2071,816,2294,1083,True,422,749,612,980,False,,,,,False,,,,
24291,13:23.083,2,True,2108,877,2343,1151,True,462,833,624,1049,False,,,,,False,,,,
24306,13:23.579,2,True,2161,918,2385,1189,True,527,879,677,1099,False,,,,,False,,,,
24321,13:24.075,2,True,2101,886,2334,1153,True,425,885,614,1117,False,,,,,False,,,,
24336,13:24.571,2,True,2002,800,2215,1061,True,341,802,533,1030,False,,,,,False,,,,
24351,13:25.067,2,True,2072,908,2295,1171,True,399,883,587,1110,False,,,,,False,,,,
24366,13:25.563,2,True,1888,835,2086,1088,True,197,879,402,1115,False,,,,,False,,,,
24381,13:26.059,2,True,1748,834,1931,1081,True,40,840,252,1084,False,,,,,False,,,,
24396,13:26.555,2,True,1840,873,2033,1130,True,127,871,347,1115,False,,,,,False,,,,
24411,13:27.051,2,True,1859,846,2042,1094,True,165,820,384,1067,False,,,,,False,,,,
24426,13:27.547,2,True,2268,970,2466,1234,True,573,949,749,1166,False,,,,,False,,,,
24441,13:28.042,1,False,,,,,True,638,914,808,1126,False,,,,,False,,,,
24456,13:28.538,1,False,,,,,True,658,902,825,1112,False,,,,,False,,,,
24471,13:29.034,1,False,,,,,True,845,815,1002,1017,False,,,,,False,,,,
24486,13:29.530,1,False,,,,,True,815,789,972,994,False,,,,,False,,,,
24501,13:30.026,1,False,,,,,True,764,801,925,1005,False,,,,,False,,,,
24516,13:30.522,1,False,,,,,True,727,861,889,1062,False,,,,,False,,,,
24531,13:31.018,1,False,,,,,True,631,858,800,1069,False,,,,,False,,,,
24546,13:31.514,1,False,,,,,True,664,831,829,1039,False,,,,,False,,,,
24561,13:32.010,1,False,,,,,True,728,826,889,1027,False,,,,,False,,,,
24576,13:32.506,1,False,,,,,True,755,812,912,1019,False,,,,,False,,,,
24591,13:33.002,1,False,,,,,True,804,810,962,1020,False,,,,,False,,,,
24606,13:33.497,1,False,,,,,True,1068,883,1218,1086,False,,,,,False,,,,
24621,13:33.993,1,False,,,,,True,1039,862,1193,1062,False,,,,,False,,,,
24636,13:34.489,1,False,,,,,True,978,906,1126,1113,False,,,,,False,,,,
24651,13:34.985,1,False,,,,,True,957,926,1112,1134,False,,,,,False,,,,
24666,13:35.481,1,False,,,,,True,874,972,1031,1177,False,,,,,False,,,,
24681,13:35.977,1,False,,,,,True,807,1004,950,1213,False,,,,,False,,,,
24696,13:36.473,1,False,,,,,True,582,919,750,1138,False,,,,,False,,,,
24711,13:36.969,1,False,,,,,True,634,903,804,1121,False,,,,,False,,,,
24726,13:37.465,1,False,,,,,True,881,926,1039,1131,False,,,,,False,,,,
24741,13:37.961,1,False,,,,,True,793,949,954,1155,False,,,,,False,,,,
24756,13:38.457,1,False,,,,,True,724,911,887,1117,False,,,,,False,,,,
24771,13:38.953,1,False,,,,,True,675,874,840,1082,False,,,,,False,,,,
24786,13:39.448,1,False,,,,,True,659,859,825,1064,False,,,,,False,,,,
24801,13:39.944,1,False,,,,,True,638,859,806,1069,False,,,,,False,,,,
24816,13:40.440,2,True,2245,739,2479,1018,True,540,864,716,1081,False,,,,,False,,,,
24831,13:40.936,2,True,2186,739,2428,1013,True,493,877,671,1102,False,,,,,False,,,,
24846,13:41.432,2,True,2204,662,2447,940,True,508,800,686,1019,False,,,,,False,,,,
24861,13:41.928,2,True,2204,701,2448,979,True,504,818,683,1033,False,,,,,False,,,,
24876,13:42.424,2,True,2181,736,2418,1006,True,491,852,670,1069,False,,,,,False,,,,
24891,13:42.920,2,True,2159,724,2397,1002,True,468,856,649,1070,False,,,,,False,,,,
24906,13:43.416,2,True,2187,793,2419,1064,True,495,888,673,1114,False,,,,,False,,,,
24921,13:43.912,2,True,2202,869,2432,1147,True,496,897,677,1123,False,,,,,False,,,,
24936,13:44.408,2,True,2255,947,2480,1226,True,549,869,725,1090,False,,,,,False,,,,
24951,13:44.903,1,False,,,,,True,598,886,770,1104,False,,,,,False,,,,
24966,13:45.399,2,True,2269,907,2495,1191,True,546,919,722,1138,False,,,,,False,,,,
24981,13:45.895,1,False,,,,,True,598,873,769,1089,False,,,,,False,,,,
24996,13:46.391,1,False,,,,,True,566,925,739,1142,False,,,,,False,,,,
25011,13:46.887,1,False,,,,,True,558,915,734,1138,False,,,,,False,,,,
25026,13:47.383,2,True,2255,866,2481,1148,True,539,896,713,1115,False,,,,,False,,,,
25041,13:47.879,2,True,2232,819,2457,1091,True,526,823,702,1037,False,,,,,False,,,,
25056,13:48.375,1,False,,,,,True,589,817,761,1034,False,,,,,False,,,,
25071,13:48.871,1,False,,,,,True,582,807,753,1023,False,,,,,False,,,,
25086,13:49.367,1,False,,,,,True,656,872,822,1090,False,,,,,False,,,,
25101,13:49.863,1,False,,,,,True,703,893,866,1101,False,,,,,False,,,,
25116,13:50.359,1,False,,,,,True,674,890,837,1099,False,,,,,False,,,,
25131,13:50.854,1,False,,,,,True,675,890,840,1104,False,,,,,False,,,,
25146,13:51.350,1,False,,,,,True,765,951,924,1153,False,,,,,False,,,,
25161,13:51.846,1,False,,,,,True,851,999,1006,1204,False,,,,,False,,,,
25176,13:52.342,1,False,,,,,True,814,990,968,1198,False,,,,,False,,,,
25191,13:52.838,1,False,,,,,True,755,1011,899,1219,False,,,,,False,,,,
25206,13:53.334,1,False,,,,,True,628,992,800,1208,False,,,,,False,,,,
25221,13:53.830,1,False,,,,,True,678,920,843,1128,False,,,,,False,,,,
25236,13:54.326,1,False,,,,,True,687,887,854,1099,False,,,,,False,,,,
25251,13:54.822,1,False,,,,,True,671,902,836,1112,False,,,,,False,,,,
25266,13:55.318,1,False,,,,,True,562,982,740,1203,False,,,,,False,,,,
25281,13:55.814,2,True,2227,754,2444,1022,True,536,967,714,1183,False,,,,,False,,,,
25296,13:56.310,2,True,2122,801,2353,1072,True,437,1000,625,1227,False,,,,,False,,,,
25311,13:56.805,2,True,2192,726,2405,1011,True,506,894,685,1114,False,,,,,False,,,,
25326,13:57.301,2,True,2189,783,2420,1067,True,478,951,659,1169,False,,,,,False,,,,
25341,13:57.797,2,True,2131,834,2375,1115,True,426,969,614,1199,False,,,,,False,,,,
25356,13:58.293,2,True,2098,874,2336,1151,True,399,962,586,1188,False,,,,,False,,,,
25371,13:58.789,2,True,2062,881,2292,1153,True,363,972,557,1203,False,,,,,False,,,,
25386,13:59.285,2,True,2010,826,2232,1093,True,315,938,509,1167,False,,,,,False,,,,
25401,13:59.781,2,True,2043,797,2267,1067,True,358,935,549,1159,False,,,,,False,,,,
25416,14:00.277,2,True,1955,739,2167,998,True,242,824,450,1055,False,,,,,False,,,,
25431,14:00.773,2,True,1786,702,1968,944,True,56,785,281,1036,False,,,,,False,,,,
25446,14:01.269,2,True,1896,765,2085,1006,True,219,783,425,1025,False,,,,,False,,,,
25461,14:01.765,2,True,2050,773,2258,1029,True,390,814,577,1037,False,,,,,False,,,,
25476,14:02.260,2,True,2177,762,2387,1024,True,501,805,676,1027,False,,,,,False,,,,
25491,14:02.756,2,True,2202,775,2405,1032,True,526,813,700,1030,False,,,,,False,,,,
25506,14:03.252,2,True,2206,781,2405,1039,True,530,854,703,1070,False,,,,,False,,,,
25521,14:03.748,2,True,2042,905,2253,1162,True,376,984,568,1219,False,,,,,False,,,,
25536,14:04.244,2,True,1907,864,2099,1110,True,230,910,421,1143,False,,,,,False,,,,
25551,14:04.740,2,True,1955,847,2155,1101,True,322,885,493,1107,False,,,,,False,,,,
25566,14:05.236,2,True,1988,821,2191,1078,True,341,888,529,1102,False,,,,,False,,,,
25581,14:05.732,2,True,2047,794,2263,1058,True,404,920,590,1124,False,,,,,False,,,,
25596,14:06.228,2,True,2102,796,2322,1067,True,463,942,644,1137,False,,,,,False,,,,
25611,14:06.724,2,True,2224,798,2441,1070,True,526,895,701,1103,False,,,,,False,,,,
25626,14:07.220,2,True,2228,802,2448,1067,True,536,853,686,1059,False,,,,,False,,,,
25641,14:07.716,2,True,2232,795,2451,1064,True,530,866,680,1074,False,,,,,False,,,,
25656,14:08.211,2,True,2269,794,2480,1072,True,547,867,702,1077,False,,,,,False,,,,
25671,14:08.707,2,True,2251,784,2472,1066,True,567,873,719,1083,False,,,,,False,,,,
25686,14:09.203,2,True,2254,789,2468,1061,True,566,873,718,1083,False,,,,,False,,,,
25701,14:09.699,2,True,2248,796,2463,1060,True,532,880,708,1096,False,,,,,False,,,,
25716,14:10.195,1,False,,,,,True,552,972,729,1191,False,,,,,False,,,,
25731,14:10.691,1,False,,,,,True,654,1006,823,1225,False,,,,,False,,,,
25746,14:11.187,1,False,,,,,True,917,989,1075,1196,False,,,,,False,,,,
25761,14:11.683,1,False,,,,,True,925,946,1081,1150,False,,,,,False,,,,
25776,14:12.179,1,False,,,,,True,944,912,1101,1113,False,,,,,False,,,,
25791,14:12.675,1,False,,,,,True,945,958,1098,1156,False,,,,,False,,,,
25806,14:13.171,1,False,,,,,True,786,984,952,1181,False,,,,,False,,,,
25821,14:13.667,1,False,,,,,True,667,974,841,1182,False,,,,,False,,,,
25836,14:14.162,2,True,2219,820,2446,1094,True,512,959,696,1186,False,,,,,False,,,,
25851,14:14.658,1,False,,,,,True,582,901,758,1122,False,,,,,False,,,,
25866,14:15.154,1,False,,,,,True,906,867,1064,1075,False,,,,,False,,,,
25881,14:15.650,1,False,,,,,True,984,881,1143,1085,False,,,,,False,,,,
25896,14:16.146,1,False,,,,,True,921,881,1081,1093,False,,,,,False,,,,
25911,14:16.642,1,False,,,,,True,871,977,1025,1179,False,,,,,False,,,,
25926,14:17.138,1,False,,,,,True,948,982,1084,1179,False,,,,,False,,,,
25941,14:17.634,1,False,,,,,True,926,966,1069,1161,False,,,,,False,,,,
25956,14:18.130,1,False,,,,,True,875,953,1027,1152,False,,,,,False,,,,
25971,14:18.626,1,False,,,,,True,861,945,1016,1147,False,,,,,False,,,,
25986,14:19.122,1,False,,,,,True,734,959,894,1158,False,,,,,False,,,,
26001,14:19.617,1,False,,,,,True,558,910,732,1132,False,,,,,False,,,,
26016,14:20.113,2,True,2173,803,2392,1070,True,467,880,648,1099,False,,,,,False,,,,
26031,14:20.609,2,True,2199,756,2422,1036,True,499,867,674,1086,False,,,,,False,,,,
26046,14:21.105,2,True,2231,748,2457,1023,True,526,860,698,1073,False,,,,,False,,,,
26061,14:21.601,1,False,,,,,True,1156,701,1305,900,False,,,,,False,,,,
26076,14:22.097,1,False,,,,,True,1118,728,1266,925,False,,,,,False,,,,
26091,14:22.593,1,False,,,,,True,1096,748,1245,959,False,,,,,False,,,,
26106,14:23.089,1,False,,,,,True,1063,765,1211,970,False,,,,,False,,,,
26121,14:23.585,1,False,,,,,True,1015,804,1164,998,False,,,,,False,,,,
26136,14:24.081,1,False,,,,,True,997,827,1148,1024,False,,,,,False,,,,
26151,14:24.577,1,False,,,,,True,984,838,1136,1034,False,,,,,False,,,,
26166,14:25.073,1,False,,,,,True,706,908,870,1121,False,,,,,False,,,,
26181,14:25.568,2,True,2197,778,2403,1037,True,470,712,652,930,False,,,,,False,,,,
26196,14:26.064,1,False,,,,,True,544,793,719,1012,False,,,,,False,,,,
26211,14:26.560,1,False,,,,,True,523,825,699,1044,False,,,,,False,,,,
26226,14:27.056,1,False,,,,,True,550,835,727,1054,False,,,,,False,,,,
26241,14:27.552,1,False,,,,,True,614,838,773,1048,False,,,,,False,,,,
26256,14:28.048,1,False,,,,,True,612,815,777,1026,False,,,,,False,,,,
26271,14:28.544,1,False,,,,,True,576,797,748,1014,False,,,,,False,,,,
26286,14:29.040,1,False,,,,,True,592,829,765,1040,False,,,,,False,,,,
26301,14:29.536,1,False,,,,,True,578,828,750,1039,False,,,,,False,,,,
26316,14:30.032,2,True,2101,782,2330,1047,True,410,824,579,1043,False,,,,,False,,,,
26331,14:30.528,2,True,2209,839,2436,1121,True,518,860,675,1074,False,,,,,False,,,,
26346,14:31.024,2,True,2260,890,2476,1167,True,556,881,712,1094,False,,,,,False,,,,
26361,14:31.519,1,False,,,,,True,579,1024,731,1244,False,,,,,False,,,,
26376,14:32.015,1,False,,,,,True,719,1184,861,1399,False,,,,,False,,,,
26391,14:32.511,1,False,,,,,True,1001,1003,1128,1193,False,,,,,False,,,,
26406,14:33.007,1,False,,,,,True,990,950,1115,1133,False,,,,,False,,,,
26421,14:33.503,1,False,,,,,True,864,1091,1016,1289,False,,,,,False,,,,
26436,14:33.999,1,False,,,,,True,812,1108,969,1313,False,,,,,False,,,,
26451,14:34.495,1,False,,,,,True,798,1038,955,1243,False,,,,,False,,,,
26466,14:34.991,1,False,,,,,True,810,1028,972,1235,False,,,,,False,,,,
26481,14:35.487,1,False,,,,,True,828,1007,997,1205,False,,,,,False,,,,
26496,14:35.983,1,False,,,,,True,831,1004,985,1198,False,,,,,False,,,,
26511,14:36.479,1,False,,,,,True,793,994,961,1181,False,,,,,False,,,,
26526,14:36.974,1,False,,,,,True,767,1001,924,1201,False,,,,,False,,,,
26541,14:37.470,1,False,,,,,True,714,998,869,1199,False,,,,,False,,,,
26556,14:37.966,1,False,,,,,True,687,996,845,1200,False,,,,,False,,,,
26571,14:38.462,1,False,,,,,True,608,994,770,1198,False,,,,,False,,,,
26586,14:38.958,2,True,1867,838,2073,1100,True,204,997,405,1227,False,,,,,False,,,,
26601,14:39.454,2,True,1989,877,2208,1137,True,329,963,518,1177,False,,,,,False,,,,
26616,14:39.950,2,True,2014,876,2235,1140,True,372,960,548,1168,False,,,,,False,,,,
26631,14:40.446,2,True,1966,863,2175,1127,True,343,945,513,1158,False,,,,,False,,,,
26646,14:40.942,2,True,1950,870,2152,1122,True,352,924,517,1134,False,,,,,False,,,,
26661,14:41.438,2,True,1960,860,2162,1119,True,361,907,528,1121,False,,,,,False,,,,
26676,14:41.934,2,True,1979,837,2182,1095,True,355,890,537,1108,False,,,,,False,,,,
26691,14:42.430,2,True,1996,837,2204,1099,True,377,914,557,1131,False,,,,,False,,,,
26706,14:42.925,2,True,2075,872,2296,1133,True,453,937,618,1146,False,,,,,False,,,,
26721,14:43.421,2,True,2122,876,2348,1142,True,475,936,650,1143,False,,,,,False,,,,
26736,14:43.917,2,True,2154,877,2373,1143,True,523,922,691,1128,False,,,,,False,,,,
26751,14:44.413,2,True,2154,860,2378,1117,True,536,927,702,1129,False,,,,,False,,,,
26766,14:44.909,2,True,2193,847,2398,1117,True,553,930,720,1131,False,,,,,False,,,,
26781,14:45.405,2,True,2218,866,2430,1128,True,573,941,736,1142,False,,,,,False,,,,
26796,14:45.901,2,True,2215,861,2428,1124,True,574,943,738,1143,False,,,,,False,,,,
26811,14:46.397,2,True,2215,870,2427,1134,True,570,944,735,1147,False,,,,,False,,,,
26826,14:46.893,2,True,2208,870,2421,1136,True,570,947,733,1149,False,,,,,False,,,,
26841,14:47.389,2,True,2215,873,2425,1142,True,602,955,750,1155,False,,,,,False,,,,
26856,14:47.885,2,True,2219,889,2432,1153,True,612,964,755,1159,False,,,,,False,,,,
26871,14:48.380,2,True,2227,888,2451,1158,True,614,962,758,1158,False,,,,,False,,,,
26886,14:48.876,2,True,2224,887,2440,1155,True,610,962,754,1160,False,,,,,False,,,,
26901,14:49.372,2,True,2223,889,2443,1158,True,606,960,757,1158,False,,,,,False,,,,
26916,14:49.868,2,True,2227,888,2453,1157,True,617,956,765,1166,False,,,,,False,,,,
26931,14:50.364,2,True,2227,892,2450,1161,True,628,972,771,1169,False,,,,,False,,,,
26946,14:50.860,2,True,2226,893,2450,1163,True,632,976,775,1173,False,,,,,False,,,,
26961,14:51.356,2,True,2226,892,2448,1163,True,621,979,772,1184,False,,,,,False,,,,
26976,14:51.852,2,True,2225,892,2447,1169,True,590,976,760,1185,False,,,,,False,,,,
26991,14:52.348,2,True,2228,895,2454,1172,True,605,971,764,1180,False,,,,,False,,,,
27006,14:52.844,2,True,2250,890,2476,1172,True,611,969,762,1178,False,,,,,False,,,,
27021,14:53.340,2,True,2250,890,2476,1171,True,606,970,757,1178,False,,,,,False,,,,
27036,14:53.836,2,True,2238,1003,2477,1298,True,548,1073,724,1295,False,,,,,False,,,,
27051,14:54.331,2,True,2253,1024,2483,1310,True,566,1073,742,1294,False,,,,,False,,,,
27066,14:54.827,2,True,2256,1007,2485,1290,True,576,1056,749,1270,False,,,,,False,,,,
27081,14:55.323,1,False,,,,,True,606,1032,773,1243,False,,,,,False,,,,
27096,14:55.819,1,False,,,,,True,650,1014,819,1230,False,,,,,False,,,,
27111,14:56.315,1,False,,,,,True,649,1010,814,1222,False,,,,,False,,,,
27126,14:56.811,1,False,,,,,True,616,1015,785,1231,False,,,,,False,,,,
27141,14:57.307,2,True,2265,955,2493,1236,True,566,1013,738,1235,False,,,,,False,,,,
27156,14:57.803,2,True,2251,960,2479,1240,True,556,1027,728,1243,False,,,,,False,,,,
27171,14:58.299,2,True,2187,970,2419,1246,True,496,1021,674,1243,False,,,,,False,,,,
27186,14:58.795,2,True,2015,947,2242,1216,True,314,1005,514,1244,False,,,,,False,,,,
27201,14:59.291,2,True,1945,937,2159,1202,True,245,999,452,1242,False,,,,,False,,,,
27216,14:59.787,2,True,1932,877,2145,1131,True,251,961,452,1192,False,,,,,False,,,,
27231,15:00.282,2,True,2127,892,2369,1165,True,460,946,641,1162,False,,,,,False,,,,
27246,15:00.778,2,True,2129,845,2374,1119,True,470,961,649,1172,False,,,,,False,,,,
27261,15:01.274,2,True,2069,841,2300,1109,True,425,980,609,1196,False,,,,,False,,,,
27276,15:01.770,2,True,1977,816,2186,1075,True,322,955,517,1180,False,,,,,False,,,,
27291,15:02.266,2,True,2037,837,2258,1105,True,394,943,577,1159,False,,,,,False,,,,
27306,15:02.762,2,True,2160,836,2389,1103,True,523,912,698,1123,False,,,,,False,,,,
27321,15:03.258,2,True,2280,849,2483,1118,True,617,889,786,1097,False,,,,,False,,,,
27336,15:03.754,1,False,,,,,True,618,898,788,1107,False,,,,,False,,,,
27351,15:04.250,1,False,,,,,True,627,891,794,1099,False,,,,,False,,,,
27366,15:04.746,1,False,,,,,True,620,905,788,1115,False,,,,,False,,,,
27381,15:05.242,1,False,,,,,True,623,902,792,1112,False,,,,,False,,,,
27396,15:05.737,1,False,,,,,True,621,897,787,1105,False,,,,,False,,,,
27411,15:06.233,1,False,,,,,True,641,892,806,1100,False,,,,,False,,,,
27426,15:06.729,1,False,,,,,True,636,908,801,1116,False,,,,,False,,,,
27441,15:07.225,1,False,,,,,True,627,900,792,1108,False,,,,,False,,,,
27456,15:07.721,1,False,,,,,True,621,902,789,1111,False,,,,,False,,,,
27471,15:08.217,1,False,,,,,True,623,919,790,1125,False,,,,,False,,,,
27486,15:08.713,1,False,,,,,True,643,902,808,1107,False,,,,,False,,,,
27501,15:09.209,1,False,,,,,True,657,933,819,1134,False,,,,,False,,,,
27516,15:09.705,1,False,,,,,True,654,993,820,1203,False,,,,,False,,,,
27531,15:10.201,1,False,,,,,True,607,942,776,1142,False,,,,,False,,,,
27546,15:10.697,2,True,2174,859,2396,1127,True,519,970,694,1182,False,,,,,False,,,,
27561,15:11.193,2,True,2021,822,2245,1088,True,370,952,561,1175,False,,,,,False,,,,
27576,15:11.688,2,True,1930,782,2144,1039,True,277,946,476,1173,False,,,,,False,,,,
27591,15:12.184,2,True,1860,762,2064,1014,True,189,899,395,1136,False,,,,,False,,,,
27606,15:12.680,2,True,1909,786,2117,1045,True,237,888,444,1125,False,,,,,False,,,,
27621,15:13.176,2,True,1982,811,2197,1072,True,318,896,513,1123,False,,,,,False,,,,
27636,15:13.672,2,True,2063,838,2291,1108,True,400,906,585,1125,False,,,,,False,,,,
27651,15:14.168,2,True,2155,805,2385,1084,True,490,862,665,1075,False,,,,,False,,,,
27666,15:14.664,2,True,2154,811,2384,1088,True,491,860,667,1072,False,,,,,False,,,,
27681,15:15.160,2,True,2141,808,2374,1084,True,474,859,651,1066,False,,,,,False,,,,
27696,15:15.656,2,True,2170,827,2392,1103,True,514,877,680,1095,False,,,,,False,,,,
27711,15:16.152,2,True,2106,841,2338,1121,True,474,892,638,1110,False,,,,,False,,,,
27726,15:16.648,2,True,2131,837,2369,1118,True,495,889,653,1102,False,,,,,False,,,,
27741,15:17.144,2,True,2228,906,2453,1180,True,592,923,741,1132,False,,,,,False,,,,
27756,15:17.639,1,False,,,,,True,665,939,815,1144,False,,,,,False,,,,
27771,15:18.135,1,False,,,,,True,606,956,761,1161,False,,,,,False,,,,
27786,15:18.631,2,True,2242,954,2466,1230,True,558,988,718,1197,False,,,,,False,,,,
27801,15:19.127,2,True,2242,910,2463,1178,True,573,963,747,1188,False,,,,,False,,,,
27816,15:19.623,1,False,,,,,True,611,955,779,1161,False,,,,,False,,,,
27831,15:20.119,1,False,,,,,True,632,978,802,1191,False,,,,,False,,,,
27846,15:20.615,1,False,,,,,True,606,983,778,1200,False,,,,,False,,,,
27861,15:21.111,1,False,,,,,True,598,900,767,1112,False,,,,,False,,,,
27876,15:21.607,2,True,2219,859,2442,1127,True,545,954,719,1166,False,,,,,False,,,,
27891,15:22.103,2,True,2157,819,2394,1098,True,496,978,674,1199,False,,,,,False,,,,
27906,15:22.599,2,True,2047,706,2275,975,True,400,901,585,1127,False,,,,,False,,,,
27921,15:23.094,2,True,2072,669,2308,936,True,418,842,600,1058,False,,,,,False,,,,
27936,15:23.590,2,True,2207,735,2436,1007,True,538,842,711,1049,False,,,,,False,,,,
27951,15:24.086,2,True,2169,763,2399,1039,True,502,871,679,1093,False,,,,,False,,,,
27966,15:24.582,2,True,2176,789,2396,1064,True,507,897,686,1120,False,,,,,False,,,,
27981,15:25.078,1,False,,,,,True,660,876,827,1086,False,,,,,False,,,,
27996,15:25.574,2,True,2111,864,2353,1142,True,444,962,631,1184,False,,,,,False,,,,
28011,15:26.070,2,True,2015,796,2237,1060,True,363,912,554,1137,False,,,,,False,,,,
28026,15:26.566,2,True,2008,794,2227,1059,True,355,907,546,1132,False,,,,,False,,,,
28041,15:27.062,2,True,1998,804,2219,1070,True,340,904,531,1127,False,,,,,False,,,,
28056,15:27.558,2,True,2049,803,2278,1069,True,364,891,552,1116,False,,,,,False,,,,
28071,15:28.054,2,True,2040,805,2253,1064,True,361,888,551,1114,False,,,,,False,,,,
28086,15:28.550,2,True,2041,800,2247,1060,True,369,886,558,1115,False,,,,,False,,,,
28101,15:29.045,1,True,1664,954,1833,1207,False,,,,,False,,,,,False,,,,
28116,15:29.541,1,True,1629,872,1796,1111,False,,,,,False,,,,,False,,,,
28131,15:30.037,1,False,,,,,True,655,1038,821,1253,False,,,,,False,,,,
28146,15:30.533,1,False,,,,,True,944,809,1094,1010,False,,,,,False,,,,
28161,15:31.029,1,False,,,,,True,873,926,1029,1126,False,,,,,False,,,,
28176,15:31.525,1,False,,,,,True,751,891,912,1098,False,,,,,False,,,,
28191,15:32.021,1,False,,,,,True,690,844,853,1044,False,,,,,False,,,,
28206,15:32.517,1,False,,,,,True,716,795,876,997,False,,,,,False,,,,
28221,15:33.013,1,False,,,,,True,661,798,824,1003,False,,,,,False,,,,
28236,15:33.509,1,False,,,,,True,646,831,812,1034,False,,,,,False,,,,
28251,15:34.005,1,False,,,,,True,706,814,867,1019,False,,,,,False,,,,
28266,15:34.501,1,False,,,,,True,688,759,852,971,False,,,,,False,,,,
28281,15:34.996,1,False,,,,,True,684,745,847,954,False,,,,,False,,,,
28296,15:35.492,1,False,,,,,True,731,786,890,990,False,,,,,False,,,,
28311,15:35.988,1,False,,,,,True,727,821,885,1020,False,,,,,False,,,,
28326,15:36.484,1,False,,,,,True,690,854,855,1065,False,,,,,False,,,,
28341,15:36.980,1,False,,,,,True,649,846,812,1051,False,,,,,False,,,,
28356,15:37.476,1,False,,,,,True,696,762,857,973,False,,,,,False,,,,
28371,15:37.972,1,False,,,,,True,718,823,877,1021,False,,,,,False,,,,
28386,15:38.468,1,False,,,,,True,600,824,766,1027,False,,,,,False,,,,
28401,15:38.964,2,True,2253,706,2483,982,True,572,924,740,1141,False,,,,,False,,,,
28416,15:39.460,1,False,,,,,True,626,911,790,1119,False,,,,,False,,,,
28431,15:39.956,1,False,,,,,True,661,917,823,1123,False,,,,,False,,,,
28446,15:40.451,1,False,,,,,True,707,858,868,1065,False,,,,,False,,,,
28461,15:40.947,1,False,,,,,True,724,826,880,1021,False,,,,,False,,,,
28476,15:41.443,1,False,,,,,True,748,807,903,1001,False,,,,,False,,,,
28491,15:41.939,1,False,,,,,True,739,810,893,1003,False,,,,,False,,,,
28506,15:42.435,1,False,,,,,True,743,815,898,1006,False,,,,,False,,,,
28521,15:42.931,1,False,,,,,True,746,816,896,1003,False,,,,,False,,,,
28536,15:43.427,1,False,,,,,True,747,814,897,1006,False,,,,,False,,,,
28551,15:43.923,1,False,,,,,True,741,816,895,1006,False,,,,,False,,,,
28566,15:44.419,1,False,,,,,True,738,774,894,976,False,,,,,False,,,,
28581,15:44.915,1,False,,,,,True,730,792,884,977,False,,,,,False,,,,
28596,15:45.411,1,False,,,,,True,734,792,889,980,False,,,,,False,,,,
28611,15:45.907,1,False,,,,,True,732,799,883,989,False,,,,,False,,,,
28626,15:46.402,1,False,,,,,True,732,801,885,988,False,,,,,False,,,,
28641,15:46.898,1,False,,,,,True,734,803,887,992,False,,,,,False,,,,
28656,15:47.394,1,False,,,,,True,739,816,894,1012,False,,,,,False,,,,
28671,15:47.890,1,False,,,,,True,744,799,899,996,False,,,,,False,,,,
28686,15:48.386,1,False,,,,,True,742,802,899,1001,False,,,,,False,,,,
28701,15:48.882,1,False,,,,,True,750,804,904,1003,False,,,,,False,,,,
28716,15:49.378,1,False,,,,,True,749,801,904,1002,False,,,,,False,,,,
28731,15:49.874,1,False,,,,,True,744,757,900,964,False,,,,,False,,,,
28746,15:50.370,1,False,,,,,True,748,765,903,971,False,,,,,False,,,,
28761,15:50.866,1,False,,,,,True,750,756,907,962,False,,,,,False,,,,
28776,15:51.362,1,False,,,,,True,733,735,887,925,False,,,,,False,,,,
28791,15:51.858,1,False,,,,,True,744,742,899,941,False,,,,,False,,,,
28806,15:52.353,1,False,,,,,True,760,758,914,969,False,,,,,False,,,,
28821,15:52.849,1,False,,,,,True,752,743,903,948,False,,,,,False,,,,
28836,15:53.345,1,False,,,,,True,673,693,835,892,False,,,,,False,,,,
28851,15:53.841,1,False,,,,,True,688,702,846,902,False,,,,,False,,,,
28866,15:54.337,1,False,,,,,True,646,685,808,886,False,,,,,False,,,,
28881,15:54.833,1,False,,,,,True,855,812,989,1010,False,,,,,False,,,,
28896,15:55.329,1,False,,,,,True,1017,836,1147,1032,False,,,,,False,,,,
28911,15:55.825,1,False,,,,,True,917,929,1050,1130,False,,,,,False,,,,
28926,15:56.321,1,False,,,,,True,883,936,1017,1133,False,,,,,False,,,,
28941,15:56.817,2,True,1978,768,2193,1037,True,395,911,556,1136,False,,,,,False,,,,
28956,15:57.313,2,True,1775,763,1951,1009,True,80,961,303,1217,False,,,,,False,,,,
28971,15:57.808,2,True,1918,777,2126,1030,True,212,958,421,1197,False,,,,,False,,,,
28986,15:58.304,1,False,,,,,True,609,905,776,1122,False,,,,,False,,,,
29001,15:58.800,1,False,,,,,True,1016,899,1160,1097,False,,,,,False,,,,
29016,15:59.296,1,False,,,,,True,905,897,1054,1099,False,,,,,False,,,,
29031,15:59.792,1,False,,,,,True,868,890,1022,1095,False,,,,,False,,,,
29046,16:00.288,1,False,,,,,True,905,955,1060,1154,False,,,,,False,,,,
29061,16:00.784,1,False,,,,,True,1293,1005,1426,1203,False,,,,,False,,,,
29076,16:01.280,1,False,,,,,True,1457,798,1613,1004,False,,,,,False,,,,
29091,16:01.776,1,False,,,,,True,1059,861,1212,1061,False,,,,,False,,,,
29106,16:02.272,1,False,,,,,True,839,905,994,1109,False,,,,,False,,,,
29121,16:02.768,1,False,,,,,True,986,1026,1136,1234,False,,,,,False,,,,
29136,16:03.264,1,False,,,,,True,1176,975,1316,1173,False,,,,,False,,,,
29151,16:03.759,2,True,2154,746,2388,1022,True,543,943,717,1165,False,,,,,False,,,,
29166,16:04.255,2,True,1988,745,2210,1007,True,379,944,567,1159,False,,,,,False,,,,
29181,16:04.751,1,False,,,,,True,614,935,786,1136,False,,,,,False,,,,
29196,16:05.247,1,False,,,,,True,817,813,979,1007,False,,,,,False,,,,
29211,16:05.743,1,False,,,,,True,684,825,843,1032,False,,,,,False,,,,
29226,16:06.239,2,True,2258,754,2476,1038,True,610,867,763,1075,False,,,,,False,,,,
29241,16:06.735,1,False,,,,,True,662,859,816,1070,False,,,,,False,,,,
29256,16:07.231,1,False,,,,,True,750,836,901,1037,False,,,,,False,,,,
29271,16:07.727,1,False,,,,,True,755,841,900,1043,False,,,,,False,,,,
29286,16:08.223,1,False,,,,,True,774,839,916,1039,False,,,,,False,,,,
29301,16:08.719,1,False,,,,,True,772,837,909,1034,False,,,,,False,,,,
29316,16:09.214,1,False,,,,,True,773,843,912,1043,False,,,,,False,,,,
29331,16:09.710,1,False,,,,,True,599,874,747,1078,False,,,,,False,,,,
29346,16:10.206,2,True,2107,759,2342,1034,True,429,914,592,1133,False,,,,,False,,,,
29361,16:10.702,2,True,2064,763,2284,1033,True,434,908,602,1129,False,,,,,False,,,,
29376,16:11.198,2,True,2084,760,2309,1025,True,459,909,617,1127,False,,,,,False,,,,
29391,16:11.694,2,True,2107,762,2347,1041,True,462,917,620,1134,False,,,,,False,,,,
29406,16:12.190,2,True,2127,765,2367,1040,True,452,914,626,1130,False,,,,,False,,,,
29421,16:12.686,2,True,2143,764,2384,1044,True,448,911,625,1131,False,,,,,False,,,,
29436,16:13.182,2,True,2138,765,2384,1045,True,460,923,631,1144,False,,,,,False,,,,
29451,16:13.678,2,True,2136,770,2382,1054,True,465,935,631,1150,False,,,,,False,,,,
29466,16:14.174,2,True,2140,785,2369,1058,True,466,942,643,1155,False,,,,,False,,,,
29481,16:14.670,2,True,2191,873,2424,1148,True,494,977,674,1191,False,,,,,False,,,,
29496,16:15.165,2,True,2147,822,2386,1101,True,448,948,630,1169,False,,,,,False,,,,
29511,16:15.661,2,True,2131,805,2378,1090,True,428,930,612,1150,False,,,,,False,,,,
29526,16:16.157,2,True,2163,711,2397,990,True,461,844,642,1061,False,,,,,False,,,,
29541,16:16.653,2,True,2151,730,2388,1016,True,451,884,632,1107,False,,,,,False,,,,
29556,16:17.149,2,True,2146,735,2389,1019,True,441,901,626,1126,False,,,,,False,,,,
29571,16:17.645,2,True,2198,755,2441,1038,True,503,976,678,1187,False,,,,,False,,,,
29586,16:18.141,2,True,2232,663,2466,940,True,524,841,696,1048,False,,,,,False,,,,
29601,16:18.637,2,True,2242,672,2472,949,True,541,865,713,1078,False,,,,,False,,,,
29616,16:19.133,1,False,,,,,True,626,890,791,1103,False,,,,,False,,,,
29631,16:19.629,1,False,,,,,True,680,997,844,1209,False,,,,,False,,,,
29646,16:20.125,1,False,,,,,True,731,1014,892,1227,False,,,,,False,,,,
29661,16:20.621,1,False,,,,,True,761,1007,922,1218,False,,,,,False,,,,
29676,16:21.116,1,False,,,,,True,763,996,922,1205,False,,,,,False,,,,
29691,16:21.612,2,True,2140,712,2387,996,True,444,952,628,1169,False,,,,,False,,,,
29706,16:22.108,2,True,2077,741,2317,1016,True,379,907,569,1137,False,,,,,False,,,,
29721,16:22.604,2,True,2047,730,2283,1007,True,344,882,539,1113,False,,,,,False,,,,
29736,16:23.100,2,True,1871,754,2079,1015,True,125,874,343,1123,False,,,,,False,,,,
29751,16:23.596,2,True,1799,764,1996,1022,True,26,847,255,1096,False,,,,,False,,,,
29766,16:24.092,2,True,1871,803,2077,1064,True,140,854,352,1097,False,,,,,False,,,,
29781,16:24.588,2,True,1868,805,2072,1066,True,165,856,361,1090,False,,,,,False,,,,
29796,16:25.084,2,True,2081,854,2318,1131,True,380,904,568,1128,False,,,,,False,,,,
29811,16:25.580,1,False,,,,,True,634,971,804,1183,False,,,,,False,,,,
29826,16:26.076,1,False,,,,,True,659,959,826,1168,False,,,,,False,,,,
29841,16:26.571,1,False,,,,,True,702,965,866,1169,False,,,,,False,,,,
29856,16:27.067,1,False,,,,,True,705,976,869,1187,False,,,,,False,,,,
29871,16:27.563,1,False,,,,,True,790,990,949,1198,False,,,,,False,,,,
29886,16:28.059,1,False,,,,,True,805,1010,962,1217,False,,,,,False,,,,
29901,16:28.555,1,False,,,,,True,779,1014,937,1218,False,,,,,False,,,,
29916,16:29.051,1,False,,,,,True,760,1012,901,1216,False,,,,,False,,,,
29931,16:29.547,1,False,,,,,True,754,1006,898,1207,False,,,,,False,,,,
29946,16:30.043,1,False,,,,,True,727,1092,874,1299,False,,,,,False,,,,
29961,16:30.539,1,False,,,,,True,668,967,819,1174,False,,,,,False,,,,
29976,16:31.035,1,False,,,,,True,759,985,902,1188,False,,,,,False,,,,
29991,16:31.531,1,False,,,,,True,790,997,940,1205,False,,,,,False,,,,
30006,16:32.027,1,False,,,,,True,768,993,927,1205,False,,,,,False,,,,
30021,16:32.522,1,False,,,,,True,761,1018,919,1230,False,,,,,False,,,,
30036,16:33.018,1,False,,,,,True,759,1003,915,1211,False,,,,,False,,,,
30051,16:33.514,1,False,,,,,True,754,962,913,1165,False,,,,,False,,,,
30066,16:34.010,1,False,,,,,True,949,1065,1102,1264,False,,,,,False,,,,
30081,16:34.506,1,False,,,,,True,919,1020,1071,1224,False,,,,,False,,,,
30096,16:35.002,1,False,,,,,True,805,987,962,1193,False,,,,,False,,,,
30111,16:35.498,1,False,,,,,True,758,936,917,1138,False,,,,,False,,,,
30126,16:35.994,1,False,,,,,True,736,933,899,1131,False,,,,,False,,,,
30141,16:36.490,1,False,,,,,True,793,963,960,1163,False,,,,,False,,,,
30156,16:36.986,1,False,,,,,True,906,981,1082,1176,False,,,,,False,,,,
30171,16:37.482,1,False,,,,,True,848,986,1005,1188,False,,,,,False,,,,
30186,16:37.978,1,False,,,,,True,700,986,850,1189,False,,,,,False,,,,
30201,16:38.473,2,True,2143,783,2367,987,True,397,969,576,1184,False,,,,,False,,,,
30216,16:38.969,2,True,2078,809,2293,1000,True,359,886,528,1101,False,,,,,False,,,,
30231,16:39.465,2,True,1964,835,2168,1029,True,254,917,427,1145,False,,,,,False,,,,
30246,16:39.961,2,True,1950,822,2150,1065,True,278,925,446,1149,False,,,,,False,,,,
30261,16:40.457,2,True,1929,819,2125,1079,True,261,923,435,1151,False,,,,,False,,,,
30276,16:40.953,2,True,1905,813,2101,1069,True,228,923,401,1150,False,,,,,False,,,,
30291,16:41.449,2,True,1959,812,2171,1080,True,279,932,450,1157,False,,,,,False,,,,
30306,16:41.945,2,True,1967,819,2170,1080,True,293,935,463,1156,False,,,,,False,,,,
30321,16:42.441,2,True,1963,824,2154,1077,True,293,939,465,1163,False,,,,,False,,,,
30336,16:42.937,1,False,,,,,True,627,1087,788,1304,False,,,,,False,,,,
30351,16:43.433,1,False,,,,,True,633,892,798,1103,False,,,,,False,,,,
30366,16:43.928,1,False,,,,,True,623,894,788,1104,False,,,,,False,,,,
30381,16:44.424,1,False,,,,,True,628,916,792,1129,False,,,,,False,,,,
30396,16:44.920,1,False,,,,,True,698,913,855,1117,False,,,,,False,,,,
30411,16:45.416,1,False,,,,,True,767,896,925,1100,False,,,,,False,,,,
30426,16:45.912,1,False,,,,,True,889,983,1043,1184,False,,,,,False,,,,
30441,16:46.408,1,False,,,,,True,871,985,1023,1186,False,,,,,False,,,,
30456,16:46.904,1,False,,,,,True,880,972,1032,1172,False,,,,,False,,,,
30471,16:47.400,1,False,,,,,True,844,984,998,1186,False,,,,,False,,,,
30486,16:47.896,1,False,,,,,True,671,998,832,1207,False,,,,,False,,,,
30501,16:48.392,1,False,,,,,True,593,970,761,1176,False,,,,,False,,,,
30516,16:48.888,1,False,,,,,True,576,962,745,1169,False,,,,,False,,,,
30531,16:49.384,2,True,2125,753,2365,1028,True,404,945,586,1162,False,,,,,False,,,,
30546,16:49.879,2,True,2042,769,2270,1038,True,322,945,516,1169,False,,,,,False,,,,
30561,16:50.375,2,True,2068,757,2302,1027,True,352,926,539,1147,False,,,,,False,,,,
30576,16:50.871,2,True,2146,749,2383,1027,True,425,914,607,1135,False,,,,,False,,,,
30591,16:51.367,2,True,2145,735,2379,1007,True,448,866,624,1084,False,,,,,False,,,,
30606,16:51.863,2,True,2085,719,2316,987,True,405,857,583,1069,False,,,,,False,,,,
30621,16:52.359,2,True,2089,736,2317,1001,True,404,851,583,1066,False,,,,,False,,,,
30636,16:52.855,2,True,2114,714,2350,981,True,430,844,607,1057,False,,,,,False,,,,
30651,16:53.351,2,True,2122,712,2352,988,True,432,839,610,1049,False,,,,,False,,,,
30666,16:53.847,2,True,2059,739,2278,996,True,378,838,563,1048,False,,,,,False,,,,
30681,16:54.343,2,True,1975,791,2181,1045,True,320,844,498,1060,False,,,,,False,,,,
30696,16:54.839,2,True,2016,818,2228,1080,True,387,874,548,1087,False,,,,,False,,,,
30711,16:55.335,2,True,2057,842,2274,1110,True,427,867,584,1075,False,,,,,False,,,,
30726,16:55.830,2,True,2039,826,2248,1089,True,407,878,565,1089,False,,,,,False,,,,
30741,16:56.326,2,True,2031,828,2240,1088,True,399,898,558,1112,False,,,,,False,,,,
30756,16:56.822,2,True,2096,837,2322,1102,True,458,922,614,1136,False,,,,,False,,,,
30771,16:57.318,2,True,2207,783,2427,1042,True,554,893,707,1101,False,,,,,False,,,,
30786,16:57.814,2,True,2084,690,2303,954,True,431,809,606,1018,False,,,,,False,,,,
30801,16:58.310,2,True,1872,736,2065,985,True,220,895,416,1121,False,,,,,False,,,,
30816,16:58.806,2,True,1882,700,2087,966,True,283,895,470,1117,False,,,,,False,,,,
30831,16:59.302,2,True,1939,686,2142,949,True,349,856,527,1066,False,,,,,False,,,,
30846,16:59.798,2,True,2271,714,2481,980,True,609,849,767,1048,False,,,,,False,,,,
30861,17:00.294,2,True,2126,744,2349,1011,True,490,866,655,1074,False,,,,,False,,,,
30876,17:00.790,2,True,2123,737,2346,999,True,470,882,638,1087,False,,,,,False,,,,
30891,17:01.285,2,True,2155,844,2385,1095,True,480,957,652,1164,False,,,,,False,,,,
30906,17:01.781,2,True,2191,848,2404,1106,True,514,956,685,1161,False,,,,,False,,,,
30921,17:02.277,2,True,2212,833,2448,1111,True,522,933,685,1128,False,,,,,False,,,,
30936,17:02.773,2,True,2141,823,2376,1098,True,465,899,633,1099,False,,,,,False,,,,
30951,17:03.269,2,True,2098,831,2326,1108,True,445,917,599,1121,False,,,,,False,,,,
30966,17:03.765,2,True,2101,845,2327,1120,True,455,929,612,1142,False,,,,,False,,,,
30981,17:04.261,2,True,2108,861,2337,1135,True,406,945,595,1161,False,,,,,False,,,,
30996,17:04.757,2,True,2105,868,2333,1136,True,402,949,588,1171,False,,,,,False,,,,
31011,17:05.253,2,True,2103,865,2329,1140,True,411,954,601,1174,False,,,,,False,,,,
31026,17:05.749,2,True,2100,936,2330,1207,True,398,1034,587,1261,False,,,,,False,,,,
31041,17:06.245,2,True,2067,906,2295,1174,True,370,1063,565,1291,False,,,,,False,,,,
31056,17:06.741,2,True,2057,891,2281,1155,True,352,1092,548,1318,False,,,,,False,,,,
31071,17:07.236,2,True,2053,851,2277,1114,True,364,1084,560,1305,False,,,,,False,,,,
31086,17:07.732,2,True,2072,834,2299,1099,True,383,1075,577,1287,False,,,,,False,,,,
31101,17:08.228,2,True,2095,835,2329,1108,True,408,1063,602,1286,False,,,,,False,,,,
31116,17:08.724,2,True,2114,823,2348,1089,True,434,1046,620,1264,False,,,,,False,,,,
31131,17:09.220,2,True,2110,820,2344,1085,True,437,1045,623,1261,False,,,,,False,,,,
31146,17:09.716,2,True,2121,899,2354,1161,True,405,1112,598,1344,False,,,,,False,,,,
31161,17:10.212,2,True,2107,902,2341,1173,True,393,987,582,1214,False,,,,,False,,,,
31176,17:10.708,2,True,2161,963,2392,1236,True,435,1005,627,1235,False,,,,,False,,,,
31191,17:11.204,2,True,2205,919,2434,1197,True,476,1003,658,1223,False,,,,,False,,,,
31206,17:11.700,2,True,2176,930,2404,1209,True,443,989,629,1209,False,,,,,False,,,,
31221,17:12.196,2,True,1919,935,2122,1200,True,196,937,409,1176,False,,,,,False,,,,
31236,17:12.691,2,True,1978,887,2191,1159,True,266,970,468,1206,False,,,,,False,,,,
31251,17:13.187,2,True,2015,850,2230,1112,True,322,933,514,1160,False,,,,,False,,,,
31266,17:13.683,2,True,2091,854,2321,1120,True,438,965,602,1180,False,,,,,False,,,,
31281,17:14.179,2,True,2133,827,2369,1100,True,432,949,616,1172,False,,,,,False,,,,
31296,17:14.675,2,True,2141,848,2375,1122,True,442,959,627,1177,False,,,,,False,,,,
31311,17:15.171,2,True,2155,812,2387,1089,True,462,940,639,1152,False,,,,,False,,,,
31326,17:15.667,2,True,2196,806,2426,1078,True,497,913,672,1127,False,,,,,False,,,,
31341,17:16.163,2,True,2202,821,2429,1094,True,525,932,691,1141,False,,,,,False,,,,
31356,17:16.659,2,True,2202,842,2432,1120,True,522,940,691,1147,False,,,,,False,,,,
31371,17:17.155,2,True,2217,850,2449,1126,True,521,943,693,1154,False,,,,,False,,,,
31386,17:17.651,2,True,2236,862,2464,1141,True,531,970,704,1175,False,,,,,False,,,,
31401,17:18.147,2,True,2244,865,2467,1143,True,551,969,723,1184,False,,,,,False,,,,
31416,17:18.642,1,False,,,,,True,590,974,760,1179,False,,,,,False,,,,
31431,17:19.138,1,False,,,,,True,591,952,760,1158,False,,,,,False,,,,
31446,17:19.634,2,True,2243,739,2461,1010,True,560,909,730,1125,False,,,,,False,,,,
31461,17:20.130,1,False,,,,,True,603,852,777,1048,False,,,,,False,,,,
31476,17:20.626,1,False,,,,,True,646,839,836,1022,False,,,,,False,,,,
31491,17:21.122,1,False,,,,,True,591,768,762,974,False,,,,,False,,,,
31506,17:21.618,1,False,,,,,True,549,813,719,1008,False,,,,,False,,,,
31521,17:22.114,1,False,,,,,True,505,840,700,1031,False,,,,,False,,,,
31536,17:22.610,1,False,,,,,True,560,829,728,1030,False,,,,,False,,,,
31551,17:23.106,2,True,2249,660,2467,935,True,552,761,718,967,False,,,,,False,,,,
31566,17:23.602,2,True,2181,677,2404,943,True,493,783,665,991,False,,,,,False,,,,
31581,17:24.098,2,True,2232,685,2455,960,True,540,795,707,999,False,,,,,False,,,,
31596,17:24.593,1,False,,,,,True,598,774,761,978,False,,,,,False,,,,
31611,17:25.089,1,False,,,,,True,627,772,786,975,False,,,,,False,,,,
31626,17:25.585,2,True,2233,710,2456,979,True,549,847,716,1050,False,,,,,False,,,,
31641,17:26.081,2,True,2059,744,2271,1008,True,401,876,580,1089,False,,,,,False,,,,
31656,17:26.577,2,True,2094,736,2316,998,True,436,866,614,1087,False,,,,,False,,,,
31671,17:27.073,1,False,,,,,True,763,842,915,1042,False,,,,,False,,,,
31686,17:27.569,1,False,,,,,True,820,870,973,1076,False,,,,,False,,,,
31701,17:28.065,1,False,,,,,True,763,884,923,1093,False,,,,,False,,,,
31716,17:28.561,2,True,1946,668,2147,926,True,288,784,471,1012,False,,,,,False,,,,
31731,17:29.057,2,True,2013,664,2219,917,True,359,771,528,991,False,,,,,False,,,,
31746,17:29.553,1,False,,,,,True,637,941,786,1147,False,,,,,False,,,,
31761,17:30.048,1,False,,,,,True,825,824,965,1024,False,,,,,False,,,,
31776,17:30.544,1,False,,,,,True,775,945,932,1146,False,,,,,False,,,,
31791,17:31.040,1,False,,,,,True,995,953,1143,1149,False,,,,,False,,,,
31806,17:31.536,1,False,,,,,True,944,852,1094,1050,False,,,,,False,,,,
31821,17:32.032,1,False,,,,,True,1009,795,1158,995,False,,,,,False,,,,
31836,17:32.528,1,False,,,,,True,1051,868,1203,1076,False,,,,,False,,,,
31851,17:33.024,1,False,,,,,True,1080,910,1235,1108,False,,,,,False,,,,
31866,17:33.520,1,False,,,,,True,994,1021,1158,1220,False,,,,,False,,,,
31881,17:34.016,1,False,,,,,True,932,960,1091,1171,False,,,,,False,,,,
31896,17:34.512,1,False,,,,,True,1077,991,1230,1201,False,,,,,False,,,,
31911,17:35.008,1,False,,,,,True,1127,1034,1282,1244,False,,,,,False,,,,
31926,17:35.504,1,False,,,,,True,971,1078,1128,1283,False,,,,,False,,,,
31941,17:35.999,1,False,,,,,True,936,1025,1096,1239,False,,,,,False,,,,
31956,17:36.495,1,False,,,,,True,940,997,1100,1207,False,,,,,False,,,,
31971,17:36.991,1,False,,,,,True,916,1023,1075,1237,False,,,,,False,,,,
31986,17:37.487,1,False,,,,,True,1018,1017,1170,1225,False,,,,,False,,,,
32001,17:37.983,1,False,,,,,True,1089,991,1242,1193,False,,,,,False,,,,
32016,17:38.479,1,False,,,,,True,1068,1035,1220,1242,False,,,,,False,,,,
32031,17:38.975,1,False,,,,,True,944,981,1097,1181,False,,,,,False,,,,
32046,17:39.471,1,False,,,,,True,877,937,1032,1135,False,,,,,False,,,,
32061,17:39.967,1,False,,,,,True,882,920,1038,1123,False,,,,,False,,,,
32076,17:40.463,1,False,,,,,True,864,923,1017,1122,False,,,,,False,,,,
32091,17:40.959,1,False,,,,,True,885,930,1039,1129,False,,,,,False,,,,
32106,17:41.455,1,False,,,,,True,856,927,1012,1124,False,,,,,False,,,,
32121,17:41.950,1,False,,,,,True,854,948,1008,1143,False,,,,,False,,,,
32136,17:42.446,1,False,,,,,True,896,920,1049,1119,False,,,,,False,,,,
32151,17:42.942,1,False,,,,,True,909,905,1062,1109,False,,,,,False,,,,
32166,17:43.438,1,False,,,,,True,907,827,1060,1022,False,,,,,False,,,,
32181,17:43.934,1,False,,,,,True,925,870,1079,1075,False,,,,,False,,,,
32196,17:44.430,1,False,,,,,True,956,887,1106,1086,False,,,,,False,,,,
32211,17:44.926,1,False,,,,,True,916,915,1070,1114,False,,,,,False,,,,
32226,17:45.422,1,False,,,,,True,881,877,1034,1082,False,,,,,False,,,,
32241,17:45.918,1,False,,,,,True,820,871,977,1071,False,,,,,False,,,,
32256,17:46.414,1,False,,,,,True,643,884,810,1095,False,,,,,False,,,,
32271,17:46.910,2,True,2216,774,2448,1050,True,555,889,729,1104,False,,,,,False,,,,
32286,17:47.405,2,True,2162,743,2390,1019,True,507,864,683,1082,False,,,,,False,,,,
32301,17:47.901,2,True,2191,755,2404,1022,True,530,877,705,1093,False,,,,,False,,,,
32316,17:48.397,2,True,2011,766,2220,1020,True,364,890,556,1118,False,,,,,False,,,,
32331,17:48.893,2,True,2045,785,2261,1044,True,399,902,585,1125,False,,,,,False,,,,
32346,17:49.389,2,True,2128,787,2350,1053,True,479,894,656,1111,False,,,,,False,,,,
32361,17:49.885,2,True,2211,800,2422,1064,True,545,877,717,1089,False,,,,,False,,,,
32376,17:50.381,1,False,,,,,True,596,896,763,1109,False,,,,,False,,,,
32391,17:50.877,1,False,,,,,True,651,895,819,1109,False,,,,,False,,,,
32406,17:51.373,1,False,,,,,True,644,915,811,1124,False,,,,,False,,,,
32421,17:51.869,1,False,,,,,True,696,914,859,1119,False,,,,,False,,,,
32436,17:52.365,1,False,,,,,True,674,870,840,1079,False,,,,,False,,,,
32451,17:52.861,1,False,,,,,True,653,896,821,1108,False,,,,,False,,,,
32466,17:53.356,2,True,2266,795,2471,1060,True,598,852,765,1056,False,,,,,False,,,,
32481,17:53.852,1,False,,,,,True,636,857,805,1065,False,,,,,False,,,,
32496,17:54.348,1,False,,,,,True,638,865,805,1080,False,,,,,False,,,,
32511,17:54.844,1,False,,,,,True,710,836,873,1040,False,,,,,False,,,,
32526,17:55.340,1,False,,,,,True,856,826,1009,1023,False,,,,,False,,,,
32541,17:55.836,1,False,,,,,True,936,825,1085,1022,False,,,,,False,,,,
32556,17:56.332,1,False,,,,,True,1059,898,1207,1099,False,,,,,False,,,,
32571,17:56.828,1,False,,,,,True,1163,913,1310,1109,False,,,,,False,,,,
32586,17:57.324,1,False,,,,,True,1264,947,1411,1145,False,,,,,False,,,,
32601,17:57.820,1,False,,,,,True,1362,837,1513,1035,False,,,,,False,,,,
32616,17:58.316,1,False,,,,,True,1133,861,1282,1056,False,,,,,False,,,,
32631,17:58.812,1,False,,,,,True,1101,710,1250,904,False,,,,,False,,,,
32646,17:59.307,1,False,,,,,True,1035,669,1176,852,False,,,,,False,,,,
32661,17:59.803,1,False,,,,,True,982,762,1110,952,False,,,,,False,,,,
32676,18:00.299,1,False,,,,,True,883,919,1021,1111,False,,,,,False,,,,
32691,18:00.795,1,False,,,,,True,850,919,997,1110,False,,,,,False,,,,
32706,18:01.291,1,False,,,,,True,873,873,1024,1075,False,,,,,False,,,,
32721,18:01.787,2,True,2092,765,2314,1032,True,460,853,635,1063,False,,,,,False,,,,
32736,18:02.283,2,True,1877,756,2071,1003,True,254,845,447,1065,False,,,,,False,,,,
32751,18:02.779,2,True,1847,760,2023,992,True,227,797,421,1024,False,,,,,False,,,,
32766,18:03.275,2,True,1921,808,2108,1053,True,299,851,486,1069,False,,,,,False,,,,
32781,18:03.771,2,True,2084,868,2298,1124,True,454,918,629,1135,False,,,,,False,,,,
32796,18:04.267,2,True,2141,864,2360,1125,True,506,896,678,1109,False,,,,,False,,,,
32811,18:04.762,2,True,2215,904,2437,1174,True,561,885,729,1093,False,,,,,False,,,,
32826,18:05.258,2,True,2265,859,2473,1131,True,612,852,775,1053,False,,,,,False,,,,
32841,18:05.754,1,False,,,,,True,625,853,787,1050,False,,,,,False,,,,
32856,18:06.250,1,False,,,,,True,672,868,813,1062,False,,,,,False,,,,
32871,18:06.746,1,False,,,,,True,634,852,788,1050,False,,,,,False,,,,
32886,18:07.242,1,False,,,,,True,648,858,804,1055,False,,,,,False,,,,
32901,18:07.738,2,True,2193,811,2406,1047,True,553,824,718,1026,False,,,,,False,,,,
32916,18:08.234,2,True,2191,861,2424,1074,True,512,867,683,1073,False,,,,,False,,,,
32931,18:08.730,2,True,2214,860,2442,1075,True,519,859,688,1062,False,,,,,False,,,,
32946,18:09.226,2,True,2172,850,2394,1081,True,474,858,651,1067,False,,,,,False,,,,
32961,18:09.722,2,True,2104,793,2328,1033,True,417,797,601,1023,False,,,,,False,,,,
32976,18:10.218,1,False,,,,,True,767,699,924,903,False,,,,,False,,,,
32991,18:10.713,1,False,,,,,True,1033,719,1183,921,False,,,,,False,,,,
33006,18:11.209,1,False,,,,,True,1055,829,1207,1035,False,,,,,False,,,,
33021,18:11.705,1,False,,,,,True,970,883,1118,1083,False,,,,,False,,,,
33036,18:12.201,1,False,,,,,True,803,949,960,1152,False,,,,,False,,,,
33051,18:12.697,1,False,,,,,True,758,899,917,1109,False,,,,,False,,,,
33066,18:13.193,1,False,,,,,True,786,897,943,1100,False,,,,,False,,,,
33081,18:13.689,1,False,,,,,True,862,909,1016,1111,False,,,,,False,,,,
33096,18:14.185,1,False,,,,,True,915,900,1069,1103,False,,,,,False,,,,
33111,18:14.681,1,False,,,,,True,948,900,1099,1100,False,,,,,False,,,,
33126,18:15.177,1,False,,,,,True,969,880,1117,1079,False,,,,,False,,,,
33141,18:15.673,1,False,,,,,True,895,872,1046,1076,False,,,,,False,,,,
33156,18:16.169,1,False,,,,,True,844,878,996,1080,False,,,,,False,,,,
33171,18:16.664,1,False,,,,,True,850,863,1003,1064,False,,,,,False,,,,
33186,18:17.160,1,False,,,,,True,841,850,995,1050,False,,,,,False,,,,
33201,18:17.656,1,False,,,,,True,866,842,1018,1034,False,,,,,False,,,,
33216,18:18.152,1,False,,,,,True,882,795,1016,985,False,,,,,False,,,,
33231,18:18.648,1,False,,,,,True,826,813,969,1006,False,,,,,False,,,,
33246,18:19.144,2,True,2232,749,2459,1024,True,563,833,732,1039,False,,,,,False,,,,
33261,18:19.640,1,False,,,,,True,625,816,790,1020,False,,,,,False,,,,
33276,18:20.136,1,False,,,,,True,680,800,838,1007,False,,,,,False,,,,
33291,18:20.632,1,False,,,,,True,709,797,866,996,False,,,,,False,,,,
33306,18:21.128,1,False,,,,,True,721,786,879,987,False,,,,,False,,,,
33321,18:21.624,1,False,,,,,True,716,790,873,989,False,,,,,False,,,,
33336,18:22.119,1,False,,,,,True,829,865,982,1063,False,,,,,False,,,,
33351,18:22.615,1,False,,,,,True,796,873,951,1076,False,,,,,False,,,,
33366,18:23.111,1,False,,,,,True,781,865,936,1067,False,,,,,False,,,,
33381,18:23.607,1,False,,,,,True,792,858,947,1062,False,,,,,False,,,,
33396,18:24.103,1,False,,,,,True,789,854,942,1054,False,,,,,False,,,,
33411,18:24.599,1,False,,,,,True,781,856,935,1054,False,,,,,False,,,,
33426,18:25.095,1,False,,,,,True,772,875,926,1078,False,,,,,False,,,,
33441,18:25.591,1,False,,,,,True,608,843,770,1045,False,,,,,False,,,,
33456,18:26.087,2,True,2173,798,2391,1062,True,508,857,680,1064,False,,,,,False,,,,
33471,18:26.583,2,True,1989,731,2203,998,True,334,861,521,1082,False,,,,,False,,,,
33486,18:27.079,2,True,1891,810,2090,1065,True,211,880,413,1108,False,,,,,False,,,,
33501,18:27.575,2,True,1774,815,1959,1059,True,57,884,278,1124,False,,,,,False,,,,
33516,18:28.070,2,True,1712,829,1892,1072,True,26,868,211,1104,False,,,,,False,,,,
33531,18:28.566,2,True,1708,820,1886,1068,True,22,843,209,1079,False,,,,,False,,,,
33546,18:29.062,2,True,1714,822,1889,1061,True,25,847,220,1082,False,,,,,False,,,,
33561,18:29.558,2,True,1756,822,1933,1063,True,40,870,234,1101,False,,,,,False,,,,
33576,18:30.054,2,True,1739,814,1917,1054,True,15,842,207,1078,False,,,,,False,,,,
33591,18:30.550,2,True,1788,818,1974,1057,True,80,832,269,1063,False,,,,,False,,,,
33606,18:31.046,2,True,1952,817,2150,1069,True,292,831,459,1048,False,,,,,False,,,,
33621,18:31.542,2,True,1814,831,1996,1074,True,139,857,323,1087,False,,,,,False,,,,
33636,18:32.038,2,True,1719,827,1893,1069,True,25,853,226,1087,False,,,,,False,,,,
33651,18:32.534,2,True,1719,835,1894,1074,True,20,886,209,1122,False,,,,,False,,,,
33666,18:33.030,2,True,1810,832,1993,1078,True,137,850,321,1082,False,,,,,False,,,,
33681,18:33.525,2,True,1806,847,1995,1094,True,116,860,304,1090,False,,,,,False,,,,
33696,18:34.021,2,True,1861,873,2059,1124,True,187,896,368,1124,False,,,,,False,,,,
33711,18:34.517,2,True,2237,887,2469,1176,True,569,989,717,1198,False,,,,,False,,,,
33726,18:35.013,1,False,,,,,True,648,965,789,1169,False,,,,,False,,,,
33741,18:35.509,1,False,,,,,True,718,913,853,1110,False,,,,,False,,,,
33756,18:36.005,1,False,,,,,True,858,899,991,1097,False,,,,,False,,,,
33771,18:36.501,1,False,,,,,True,816,955,952,1157,False,,,,,False,,,,
33786,18:36.997,1,False,,,,,True,751,952,907,1151,False,,,,,False,,,,
33801,18:37.493,1,False,,,,,True,732,951,888,1148,False,,,,,False,,,,
33816,18:37.989,1,False,,,,,True,737,965,894,1159,False,,,,,False,,,,
33831,18:38.485,1,False,,,,,True,730,993,888,1198,False,,,,,False,,,,
33846,18:38.981,1,False,,,,,True,714,1028,877,1234,False,,,,,False,,,,
33861,18:39.476,1,False,,,,,True,736,1056,897,1258,False,,,,,False,,,,
33876,18:39.972,1,False,,,,,True,810,1078,968,1283,False,,,,,False,,,,
33891,18:40.468,1,False,,,,,True,759,1090,918,1292,False,,,,,False,,,,
33906,18:40.964,1,False,,,,,True,726,1010,884,1215,False,,,,,False,,,,
33921,18:41.460,1,False,,,,,True,612,988,779,1198,False,,,,,False,,,,
33936,18:41.956,2,True,2238,785,2465,1064,True,540,880,711,1087,False,,,,,False,,,,
33951,18:42.452,2,True,2170,773,2393,1050,True,500,875,672,1088,False,,,,,False,,,,
33966,18:42.948,2,True,2188,817,2414,1088,True,542,873,697,1081,False,,,,,False,,,,
33981,18:43.444,2,True,2092,807,2312,1075,True,458,864,624,1078,False,,,,,False,,,,
33996,18:43.940,2,True,2045,834,2263,1101,True,409,889,583,1110,False,,,,,False,,,,
34011,18:44.436,2,True,2077,831,2299,1099,True,437,900,608,1120,False,,,,,False,,,,
34026,18:44.932,2,True,2066,838,2285,1103,True,433,925,611,1148,False,,,,,False,,,,
34041,18:45.427,2,True,2079,848,2301,1117,True,454,963,637,1188,False,,,,,False,,,,
34056,18:45.923,2,True,2103,863,2317,1129,True,430,941,610,1168,False,,,,,False,,,,
34071,18:46.419,2,True,2145,855,2372,1133,True,442,944,621,1168,False,,,,,False,,,,
34086,18:46.915,1,False,,,,,True,716,890,873,1099,False,,,,,False,,,,
34101,18:47.411,1,False,,,,,True,752,890,907,1102,False,,,,,False,,,,
34116,18:47.907,1,False,,,,,True,793,901,950,1117,False,,,,,False,,,,
34131,18:48.403,1,False,,,,,True,930,848,1081,1054,False,,,,,False,,,,
34146,18:48.899,1,False,,,,,True,961,845,1108,1045,False,,,,,False,,,,
34161,18:49.395,1,False,,,,,True,1029,696,1158,887,False,,,,,False,,,,
34176,18:49.891,1,False,,,,,True,996,822,1125,1007,False,,,,,False,,,,
34191,18:50.387,1,False,,,,,True,914,885,1061,1085,False,,,,,False,,,,
34206,18:50.882,1,False,,,,,True,883,1004,1026,1204,False,,,,,False,,,,
34221,18:51.378,1,False,,,,,True,911,1239,1059,1457,False,,,,,False,,,,
34236,18:51.874,1,False,,,,,True,754,917,900,1115,False,,,,,False,,,,
34251,18:52.370,1,False,,,,,True,724,864,866,1059,False,,,,,False,,,,
34266,18:52.866,1,False,,,,,True,783,809,916,1002,False,,,,,False,,,,
34281,18:53.362,2,True,2249,711,2448,975,True,609,790,752,991,False,,,,,False,,,,
34296,18:53.858,2,True,1860,667,2040,914,True,233,770,404,990,False,,,,,False,,,,
34311,18:54.354,2,True,1887,708,2072,935,True,259,803,422,1017,False,,,,,False,,,,
34326,18:54.850,2,True,2041,763,2249,981,True,409,879,563,1088,False,,,,,False,,,,
34341,18:55.346,2,False,,,,,True,601,846,748,1047,False,,,,,True,2289,760,2452,964
34356,18:55.842,2,False,,,,,True,616,910,762,1111,False,,,,,True,2297,811,2453,1013
34371,18:56.338,1,False,,,,,True,626,888,785,1093,False,,,,,False,,,,
34386,18:56.833,1,False,,,,,True,656,912,817,1121,False,,,,,False,,,,
34401,18:57.329,1,False,,,,,True,663,940,821,1139,False,,,,,False,,,,
34416,18:57.825,1,False,,,,,True,699,922,855,1129,False,,,,,False,,,,
34431,18:58.321,1,False,,,,,True,720,933,876,1131,False,,,,,False,,,,
34446,18:58.817,1,False,,,,,True,743,941,897,1139,False,,,,,False,,,,
34461,18:59.313,1,False,,,,,True,752,943,905,1139,False,,,,,False,,,,
34476,18:59.809,1,False,,,,,True,744,938,899,1133,False,,,,,False,,,,
34491,19:00.305,1,False,,,,,True,752,929,895,1128,False,,,,,False,,,,
34506,19:00.801,1,False,,,,,True,747,927,890,1125,False,,,,,False,,,,
34521,19:01.297,1,False,,,,,True,739,918,889,1119,False,,,,,False,,,,
34536,19:01.793,1,False,,,,,True,732,915,883,1115,False,,,,,False,,,,
34551,19:02.289,1,False,,,,,True,731,924,884,1125,False,,,,,False,,,,
34566,19:02.784,1,False,,,,,True,752,981,903,1179,False,,,,,False,,,,
34581,19:03.280,1,False,,,,,True,680,975,837,1175,False,,,,,False,,,,
34596,19:03.776,1,False,,,,,True,679,914,835,1117,False,,,,,False,,,,
34611,19:04.272,1,False,,,,,True,658,886,812,1085,False,,,,,False,,,,
34626,19:04.768,2,True,2272,801,2474,1073,True,650,933,807,1130,False,,,,,False,,,,
34641,19:05.264,1,False,,,,,True,683,896,836,1097,False,,,,,False,,,,
34656,19:05.760,2,True,2260,747,2467,1017,True,660,887,815,1088,False,,,,,False,,,,
34671,19:06.256,2,True,2258,715,2467,976,True,669,874,826,1080,False,,,,,False,,,,
34686,19:06.752,1,False,,,,,True,753,871,903,1072,False,,,,,False,,,,
34701,19:07.248,1,False,,,,,True,877,925,1032,1108,False,,,,,False,,,,
34716,19:07.744,1,False,,,,,True,934,920,1085,1109,False,,,,,False,,,,
34731,19:08.239,1,False,,,,,True,950,896,1097,1097,False,,,,,False,,,,
34746,19:08.735,1,False,,,,,True,928,889,1074,1092,False,,,,,False,,,,
34761,19:09.231,1,False,,,,,True,922,891,1069,1091,False,,,,,False,,,,
34776,19:09.727,1,False,,,,,True,910,933,1058,1126,False,,,,,False,,,,
34791,19:10.223,1,False,,,,,True,921,963,1067,1153,False,,,,,False,,,,
34806,19:10.719,1,False,,,,,True,926,948,1071,1138,False,,,,,False,,,,
34821,19:11.215,1,False,,,,,True,895,951,1040,1140,False,,,,,False,,,,
34836,19:11.711,1,False,,,,,True,870,930,1015,1124,False,,,,,False,,,,
34851,19:12.207,1,False,,,,,True,839,920,983,1112,False,,,,,False,,,,
34866,19:12.703,1,False,,,,,True,823,930,965,1124,False,,,,,False,,,,
34881,19:13.199,1,False,,,,,True,832,900,976,1099,False,,,,,False,,,,
34896,19:13.695,1,False,,,,,True,828,922,971,1115,False,,,,,False,,,,
34911,19:14.190,1,False,,,,,True,827,927,971,1118,False,,,,,False,,,,
34926,19:14.686,1,False,,,,,True,827,921,970,1107,False,,,,,False,,,,
34941,19:15.182,1,False,,,,,True,837,904,982,1095,False,,,,,False,,,,
34956,19:15.678,1,False,,,,,True,878,928,1019,1121,False,,,,,False,,,,
34971,19:16.174,1,False,,,,,True,860,916,1002,1108,False,,,,,False,,,,
34986,19:16.670,1,False,,,,,True,865,925,1005,1114,False,,,,,False,,,,
35001,19:17.166,1,False,,,,,True,884,931,1026,1124,False,,,,,False,,,,
35016,19:17.662,1,False,,,,,True,1089,950,1226,1139,False,,,,,False,,,,
35031,19:18.158,1,False,,,,,True,1558,896,1711,1096,False,,,,,False,,,,
35046,19:18.654,1,False,,,,,True,1703,1002,1872,1216,False,,,,,False,,,,
35061,19:19.150,1,False,,,,,True,1951,1091,2149,1322,False,,,,,False,,,,
35076,19:19.646,1,False,,,,,True,1917,1111,2108,1343,False,,,,,False,,,,
35091,19:20.141,0,False,,,,,False,,,,,False,,,,,False,,,,
35106,19:20.637,1,False,,,,,True,2063,1176,2251,1391,False,,,,,False,,,,
35121,19:21.133,1,False,,,,,True,1854,937,2000,1122,False,,,,,False,,,,
35136,19:21.629,1,False,,,,,True,944,924,1074,1093,False,,,,,False,,,,
35151,19:22.125,1,False,,,,,True,569,939,728,1135,False,,,,,False,,,,
35166,19:22.621,2,True,1765,869,1942,1109,True,2,843,219,1079,False,,,,,False,,,,
35181,19:23.117,2,True,1762,892,1940,1136,True,-3,877,219,1116,False,,,,,False,,,,
35196,19:23.613,2,True,1717,956,1889,1208,True,-52,948,153,1187,False,,,,,False,,,,
35211,19:24.109,1,False,,,,,True,1184,1116,1326,1313,False,,,,,False,,,,
35226,19:24.605,1,False,,,,,True,1820,1222,2003,1453,False,,,,,False,,,,
35241,19:25.101,0,False,,,,,False,,,,,False,,,,,False,,,,
35256,19:25.596,0,False,,,,,False,,,,,False,,,,,False,,,,
35271,19:26.092,0,False,,,,,False,,,,,False,,,,,False,,,,
35286,19:26.588,1,False,,,,,True,2261,948,2450,1198,False,,,,,False,,,,
35301,19:27.084,1,False,,,,,True,1966,881,2147,1107,False,,,,,False,,,,
35316,19:27.580,1,False,,,,,True,1602,1028,1764,1169,False,,,,,False,,,,
35331,19:28.076,0,False,,,,,False,,,,,False,,,,,False,,,,
35346,19:28.572,1,True,2137,829,2362,1098,False,,,,,False,,,,,False,,,,
35361,19:29.068,1,True,2074,825,2301,1094,False,,,,,False,,,,,False,,,,
35376,19:29.564,1,True,2114,791,2345,1060,False,,,,,False,,,,,False,,,,
35391,19:30.060,0,False,,,,,False,,,,,False,,,,,False,,,,
35406,19:30.556,1,False,,,,,True,378,744,600,965,False,,,,,False,,,,
35421,19:31.052,1,False,,,,,True,691,911,838,1120,False,,,,,False,,,,
35436,19:31.547,1,False,,,,,True,1328,855,1435,1046,False,,,,,False,,,,
35451,19:32.043,1,False,,,,,False,,,,,False,,,,,True,2040,785,2161,975
35466,19:32.539,0,False,,,,,False,,,,,False,,,,,False,,,,
35481,19:33.035,1,False,,,,,False,,,,,False,,,,,True,2050,881,2173,996
35496,19:33.531,1,False,,,,,True,1814,989,1954,1136,False,,,,,False,,,,
35511,19:34.027,1,False,,,,,True,1935,959,2122,1178,False,,,,,False,,,,
35526,19:34.523,1,False,,,,,True,1825,883,2007,1114,False,,,,,False,,,,
35541,19:35.019,1,False,,,,,True,2021,998,2235,1240,False,,,,,False,,,,
35556,19:35.515,0,False,,,,,False,,,,,False,,,,,False,,,,
35571,19:36.011,0,False,,,,,False,,,,,False,,,,,False,,,,
35586,19:36.507,0,False,,,,,False,,,,,False,,,,,False,,,,
35601,19:37.002,0,False,,,,,False,,,,,False,,,,,False,,,,
35616,19:37.498,1,False,,,,,True,2261,1265,2481,1522,False,,,,,False,,,,
35631,19:37.994,1,False,,,,,True,2117,1267,2351,1515,False,,,,,False,,,,
35646,19:38.490,1,False,,,,,True,2152,1310,2369,1527,False,,,,,False,,,,
35661,19:38.986,1,False,,,,,True,2279,1163,2471,1432,False,,,,,False,,,,
35676,19:39.482,0,False,,,,,False,,,,,False,,,,,False,,,,
35691,19:39.978,1,False,,,,,True,2119,753,2319,985,False,,,,,False,,,,
35706,19:40.474,1,False,,,,,True,1697,752,1851,963,False,,,,,False,,,,
35721,19:40.970,1,False,,,,,True,1013,861,1149,1063,False,,,,,False,,,,
35736,19:41.466,1,False,,,,,True,652,892,806,1113,False,,,,,False,,,,
35751,19:41.962,1,True,1012,900,1175,1131,False,,,,,False,,,,,False,,,,
35766,19:42.458,1,True,861,910,1026,1142,False,,,,,False,,,,,False,,,,
35781,19:42.953,1,True,842,841,1004,1073,False,,,,,False,,,,,False,,,,
35796,19:43.449,1,True,873,803,1034,1032,False,,,,,False,,,,,False,,,,
35811,19:43.945,1,True,983,800,1143,1027,False,,,,,False,,,,,False,,,,
35826,19:44.441,1,True,1184,805,1342,1035,False,,,,,False,,,,,False,,,,
35841,19:44.937,2,True,1965,689,2182,954,True,308,846,455,1041,False,,,,,False,,,,
35856,19:45.433,1,False,,,,,True,1252,906,1363,1070,False,,,,,False,,,,
35871,19:45.929,1,False,,,,,True,1692,869,1832,1061,False,,,,,False,,,,
35886,19:46.425,1,False,,,,,True,1700,893,1871,1108,False,,,,,False,,,,
35901,19:46.921,1,False,,,,,True,1700,919,1857,1133,False,,,,,False,,,,
35916,19:47.417,1,False,,,,,True,1686,932,1826,1136,False,,,,,False,,,,
35931,19:47.913,1,False,,,,,True,1652,933,1795,1142,False,,,,,False,,,,
35946,19:48.409,1,False,,,,,True,1577,946,1742,1155,False,,,,,False,,,,
35961,19:48.904,1,False,,,,,True,1560,976,1728,1194,False,,,,,False,,,,
35976,19:49.400,1,False,,,,,True,1727,1098,1911,1317,False,,,,,False,,,,
35991,19:49.896,1,False,,,,,True,1768,1181,1957,1398,False,,,,,False,,,,
36006,19:50.392,1,False,,,,,True,1871,1126,2066,1356,False,,,,,False,,,,
36021,19:50.888,0,False,,,,,False,,,,,False,,,,,False,,,,
36036,19:51.384,0,False,,,,,False,,,,,False,,,,,False,,,,
36051,19:51.880,1,False,,,,,True,1970,1033,2162,1272,False,,,,,False,,,,
36066,19:52.376,1,False,,,,,True,1770,1087,1927,1312,False,,,,,False,,,,
36081,19:52.872,1,False,,,,,True,1579,1071,1724,1276,False,,,,,False,,,,
36096,19:53.368,1,False,,,,,True,891,876,1033,1070,False,,,,,False,,,,
36111,19:53.864,2,True,2102,722,2325,943,True,401,859,574,1065,False,,,,,False,,,,
36126,19:54.359,1,True,1577,893,1726,1113,False,,,,,False,,,,,False,,,,
36141,19:54.855,1,True,995,1101,1120,1330,False,,,,,False,,,,,False,,,,
36156,19:55.351,1,True,597,943,722,1186,False,,,,,False,,,,,False,,,,
36171,19:55.847,1,True,695,838,858,1087,False,,,,,False,,,,,False,,,,
36186,19:56.343,1,True,1178,724,1332,956,False,,,,,False,,,,,False,,,,
36201,19:56.839,2,True,2195,673,2429,946,True,474,840,647,1032,False,,,,,False,,,,
36216,19:57.335,2,True,2255,680,2493,971,True,525,856,695,1045,False,,,,,False,,,,
36231,19:57.831,1,False,,,,,True,763,864,918,1050,False,,,,,False,,,,
36246,19:58.327,1,False,,,,,True,1414,848,1563,1036,False,,,,,False,,,,
36261,19:58.823,0,False,,,,,False,,,,,False,,,,,False,,,,
36276,19:59.319,0,False,,,,,False,,,,,False,,,,,False,,,,
36291,19:59.815,0,False,,,,,False,,,,,False,,,,,False,,,,
36306,20:00.310,0,False,,,,,False,,,,,False,,,,,False,,,,
36321,20:00.806,0,False,,,,,False,,,,,False,,,,,False,,,,
36336,20:01.302,0,False,,,,,False,,,,,False,,,,,False,,,,
36351,20:01.798,0,False,,,,,False,,,,,False,,,,,False,,,,
36366,20:02.294,0,False,,,,,False,,,,,False,,,,,False,,,,
36381,20:02.790,1,False,,,,,True,1932,1122,2137,1371,False,,,,,False,,,,
36396,20:03.286,1,False,,,,,True,1656,1069,1832,1290,False,,,,,False,,,,
36411,20:03.782,1,False,,,,,True,1783,1082,1956,1310,False,,,,,False,,,,
36426,20:04.278,1,False,,,,,True,1044,1118,1189,1328,False,,,,,False,,,,
36441,20:04.774,2,True,2098,1039,2352,1324,True,360,1131,549,1380,False,,,,,False,,,,
36456,20:05.270,2,True,1959,1026,2184,1293,True,258,1062,464,1302,False,,,,,False,,,,
36471,20:05.766,2,True,1646,770,1829,1014,True,-80,801,128,1057,False,,,,,False,,,,
36486,20:06.261,1,True,1126,894,1284,1125,False,,,,,False,,,,,False,,,,
36501,20:06.757,1,True,756,929,926,1168,False,,,,,False,,,,,False,,,,
36516,20:07.253,1,True,516,1076,712,1341,False,,,,,False,,,,,False,,,,
36531,20:07.749,1,True,513,1088,708,1355,False,,,,,False,,,,,False,,,,
36546,20:08.245,1,True,517,1164,713,1441,False,,,,,False,,,,,False,,,,
36561,20:08.741,1,True,551,1131,744,1409,False,,,,,False,,,,,False,,,,
36576,20:09.237,1,True,616,1080,802,1354,False,,,,,False,,,,,False,,,,
36591,20:09.733,1,True,1209,797,1371,1032,False,,,,,False,,,,,False,,,,
36606,20:10.229,1,True,1475,786,1645,1030,False,,,,,False,,,,,False,,,,
36621,20:10.725,1,True,1581,786,1756,1025,False,,,,,False,,,,,False,,,,
36636,20:11.221,2,True,2020,807,2246,1079,True,270,954,468,1185,False,,,,,False,,,,
36651,20:11.716,2,True,2225,889,2468,1185,True,447,1016,630,1236,False,,,,,False,,,,
36666,20:12.212,1,False,,,,,True,1723,1011,1894,1231,False,,,,,False,,,,
36681,20:12.708,1,False,,,,,True,1228,960,1376,1154,False,,,,,False,,,,
36696,20:13.204,2,True,1958,892,2171,1151,True,248,1022,451,1262,False,,,,,False,,,,
36711,20:13.700,2,True,2002,858,2208,1121,True,324,950,521,1176,False,,,,,False,,,,
36726,20:14.196,2,True,1986,881,2196,1144,True,301,950,497,1180,False,,,,,False,,,,
36741,20:14.692,2,True,2013,892,2229,1159,True,327,974,518,1200,False,,,,,False,,,,
36756,20:15.188,2,True,2029,873,2251,1135,True,341,984,528,1204,False,,,,,False,,,,
36771,20:15.684,2,True,2069,899,2306,1174,True,372,1004,557,1226,False,,,,,False,,,,
36786,20:16.180,1,False,,,,,True,997,943,1144,1134,False,,,,,False,,,,
36801,20:16.676,1,False,,,,,True,958,915,1107,1109,False,,,,,False,,,,
36816,20:17.172,1,False,,,,,True,1129,935,1274,1129,False,,,,,False,,,,
36831,20:17.667,1,False,,,,,True,1192,952,1338,1148,False,,,,,False,,,,
36846,20:18.163,1,False,,,,,True,573,949,741,1156,False,,,,,False,,,,
36861,20:18.659,2,True,2159,833,2394,1120,True,453,903,630,1119,False,,,,,False,,,,
36876,20:19.155,2,True,2117,838,2363,1121,True,414,883,595,1103,False,,,,,False,,,,
36891,20:19.651,2,True,1703,871,1889,1128,True,-78,897,131,1155,False,,,,,False,,,,
36906,20:20.147,1,True,1598,834,1769,1075,False,,,,,False,,,,,False,,,,
36921,20:20.643,2,True,1695,931,1874,1174,True,-84,905,127,1168,False,,,,,False,,,,
36936,20:21.139,2,True,1860,958,2055,1215,True,109,944,331,1192,False,,,,,False,,,,
36951,20:21.635,2,True,1964,899,2173,1154,True,260,905,457,1138,False,,,,,False,,,,
36966,20:22.131,2,True,1956,837,2167,1090,True,259,913,457,1142,False,,,,,False,,,,
36981,20:22.627,2,True,2008,826,2228,1089,True,306,913,499,1142,False,,,,,False,,,,
36996,20:23.123,2,True,2077,841,2311,1119,True,384,902,570,1123,False,,,,,False,,,,
37011,20:23.618,2,True,2152,845,2387,1123,True,466,889,643,1109,False,,,,,False,,,,
37026,20:24.114,2,True,2214,824,2447,1097,True,517,857,687,1057,False,,,,,False,,,,
37041,20:24.610,2,True,2251,810,2472,1083,True,541,848,710,1051,False,,,,,False,,,,
37056,20:25.106,2,True,2231,827,2461,1108,True,529,856,700,1060,False,,,,,False,,,,
37071,20:25.602,2,True,2037,814,2263,1081,True,345,859,534,1070,False,,,,,False,,,,
37086,20:26.098,1,True,1468,1080,1638,1331,False,,,,,False,,,,,False,,,,
37101,20:26.594,1,True,1112,1055,1275,1293,False,,,,,False,,,,,False,,,,
37116,20:27.090,1,True,1129,1009,1285,1245,False,,,,,False,,,,,False,,,,
37131,20:27.586,1,True,1375,841,1529,1076,False,,,,,False,,,,,False,,,,
37146,20:28.082,1,True,1578,726,1741,961,False,,,,,False,,,,,False,,,,
37161,20:28.578,2,True,1685,726,1855,962,True,-20,859,176,1094,False,,,,,False,,,,
37176,20:29.073,1,False,,,,,True,1037,906,1185,1108,False,,,,,False,,,,
37191,20:29.569,1,False,,,,,True,1468,877,1629,1087,False,,,,,False,,,,
37206,20:30.065,1,False,,,,,True,1735,906,1911,1120,False,,,,,False,,,,
37221,20:30.561,1,False,,,,,True,1908,983,2101,1221,False,,,,,False,,,,
37236,20:31.057,1,False,,,,,True,1914,936,2107,1164,False,,,,,False,,,,
37251,20:31.553,1,False,,,,,True,1814,725,1995,946,False,,,,,False,,,,
37266,20:32.049,1,False,,,,,True,1707,746,1868,959,False,,,,,False,,,,
37281,20:32.545,1,False,,,,,True,1638,668,1794,869,False,,,,,False,,,,
37296,20:33.041,1,False,,,,,True,1223,827,1363,1013,False,,,,,False,,,,
37311,20:33.537,1,False,,,,,True,1162,829,1305,1017,False,,,,,False,,,,
37326,20:34.033,1,False,,,,,True,1217,829,1362,1023,False,,,,,False,,,,
37341,20:34.529,1,False,,,,,True,1321,875,1471,1079,False,,,,,False,,,,
37356,20:35.024,1,False,,,,,True,1379,895,1529,1098,False,,,,,False,,,,
37371,20:35.520,1,False,,,,,True,1569,870,1729,1078,False,,,,,False,,,,
37386,20:36.016,1,False,,,,,True,1673,825,1825,1028,False,,,,,False,,,,
37401,20:36.512,1,False,,,,,True,1676,824,1826,1026,False,,,,,False,,,,
37416,20:37.008,1,False,,,,,True,1443,846,1592,1046,False,,,,,False,,,,
37431,20:37.504,1,False,,,,,True,1385,842,1529,1039,False,,,,,False,,,,
37446,20:38.000,1,False,,,,,True,865,816,1013,1014,False,,,,,False,,,,
37461,20:38.496,1,True,1351,1041,1509,1279,False,,,,,False,,,,,False,,,,
37476,20:38.992,1,True,868,1120,1031,1366,False,,,,,False,,,,,False,,,,
37491,20:39.488,1,True,922,1033,1081,1275,False,,,,,False,,,,,False,,,,
37506,20:39.984,1,True,1008,978,1164,1212,False,,,,,False,,,,,False,,,,
37521,20:40.480,1,True,1172,963,1327,1197,False,,,,,False,,,,,False,,,,
37536,20:40.975,1,True,1355,960,1511,1196,False,,,,,False,,,,,False,,,,
37551,20:41.471,1,True,1461,927,1620,1160,False,,,,,False,,,,,False,,,,
37566,20:41.967,1,True,1493,889,1654,1114,False,,,,,False,,,,,False,,,,
37581,20:42.463,1,True,1422,945,1583,1174,False,,,,,False,,,,,False,,,,
37596,20:42.959,1,True,1540,910,1712,1150,False,,,,,False,,,,,False,,,,
37611,20:43.455,2,True,1638,959,1816,1209,False,,,,,False,,,,,True,-92,1077,135,1320
37626,20:43.951,2,True,1660,978,1841,1229,False,,,,,False,,,,,True,-98,1202,169,1451
37641,20:44.447,1,False,,,,,False,,,,,False,,,,,True,681,1236,857,1393
37656,20:44.943,0,False,,,,,False,,,,,False,,,,,False,,,,
37671,20:45.439,0,False,,,,,False,,,,,False,,,,,False,,,,
37686,20:45.935,0,False,,,,,False,,,,,False,,,,,False,,,,
37701,20:46.430,0,False,,,,,False,,,,,False,,,,,False,,,,
37716,20:46.926,0,False,,,,,False,,,,,False,,,,,False,,,,
37731,20:47.422,0,False,,,,,False,,,,,False,,,,,False,,,,
37746,20:47.918,0,False,,,,,False,,,,,False,,,,,False,,,,
37761,20:48.414,0,False,,,,,False,,,,,False,,,,,False,,,,
37776,20:48.910,0,False,,,,,False,,,,,False,,,,,False,,,,
37791,20:49.406,0,False,,,,,False,,,,,False,,,,,False,,,,
37806,20:49.902,1,False,,,,,True,2147,1230,2367,1502,False,,,,,False,,,,
37821,20:50.398,1,False,,,,,True,1932,1277,2135,1511,False,,,,,False,,,,
37836,20:50.894,0,False,,,,,False,,,,,False,,,,,False,,,,
37851,20:51.390,0,False,,,,,False,,,,,False,,,,,False,,,,
37866,20:51.886,1,False,,,,,True,1614,1354,1808,1518,False,,,,,False,,,,
37881,20:52.381,1,False,,,,,True,924,1373,1089,1517,False,,,,,False,,,,
37896,20:52.877,1,True,2133,1233,2384,1510,False,,,,,False,,,,,False,,,,
37911,20:53.373,2,True,1985,1302,2217,1510,True,120,1367,346,1521,False,,,,,False,,,,
37926,20:53.869,1,True,1487,1352,1670,1520,False,,,,,False,,,,,False,,,,
37941,20:54.365,0,False,,,,,False,,,,,False,,,,,False,,,,
37956,20:54.861,1,True,241,1058,446,1315,False,,,,,False,,,,,False,,,,
37971,20:55.357,1,True,242,965,451,1196,False,,,,,False,,,,,False,,,,
37986,20:55.853,1,True,232,1105,441,1346,False,,,,,False,,,,,False,,,,
38001,20:56.349,0,False,,,,,False,,,,,False,,,,,False,,,,
38016,20:56.845,0,False,,,,,False,,,,,False,,,,,False,,,,
38031,20:57.341,0,False,,,,,False,,,,,False,,,,,False,,,,
38046,20:57.836,1,True,-97,1174,176,1493,False,,,,,False,,,,,False,,,,
38061,20:58.332,0,False,,,,,False,,,,,False,,,,,False,,,,
38076,20:58.828,0,False,,,,,False,,,,,False,,,,,False,,,,
38091,20:59.324,0,False,,,,,False,,,,,False,,,,,False,,,,
38106,20:59.820,0,False,,,,,False,,,,,False,,,,,False,,,,
38121,21:00.316,0,False,,,,,False,,,,,False,,,,,False,,,,
38136,21:00.812,0,False,,,,,False,,,,,False,,,,,False,,,,
38151,21:01.308,0,False,,,,,False,,,,,False,,,,,False,,,,
38166,21:01.804,0,False,,,,,False,,,,,False,,,,,False,,,,
38181,21:02.300,0,False,,,,,False,,,,,False,,,,,False,,,,
38196,21:02.796,0,False,,,,,False,,,,,False,,,,,False,,,,
38211,21:03.292,0,False,,,,,False,,,,,False,,,,,False,,,,
38226,21:03.787,0,False,,,,,False,,,,,False,,,,,False,,,,
38241,21:04.283,0,False,,,,,False,,,,,False,,,,,False,,,,
38256,21:04.779,0,False,,,,,False,,,,,False,,,,,False,,,,
38271,21:05.275,0,False,,,,,False,,,,,False,,,,,False,,,,
38286,21:05.771,0,False,,,,,False,,,,,False,,,,,False,,,,
38301,21:06.267,0,False,,,,,False,,,,,False,,,,,False,,,,
38316,21:06.763,0,False,,,,,False,,,,,False,,,,,False,,,,
38331,21:07.259,0,False,,,,,False,,,,,False,,,,,False,,,,
38346,21:07.755,0,False,,,,,False,,,,,False,,,,,False,,,,
38361,21:08.251,0,False,,,,,False,,,,,False,,,,,False,,,,
38376,21:08.747,0,False,,,,,False,,,,,False,,,,,False,,,,
38391,21:09.243,1,False,,,,,True,1988,1218,2208,1483,False,,,,,False,,,,
38406,21:09.738,1,False,,,,,False,,,,,False,,,,,True,2070,1282,2251,1507
38421,21:10.234,0,False,,,,,False,,,,,False,,,,,False,,,,
38436,21:10.730,0,False,,,,,False,,,,,False,,,,,False,,,,
38451,21:11.226,0,False,,,,,False,,,,,False,,,,,False,,,,
38466,21:11.722,0,False,,,,,False,,,,,False,,,,,False,,,,
38481,21:12.218,0,False,,,,,False,,,,,False,,,,,False,,,,
38496,21:12.714,0,False,,,,,False,,,,,False,,,,,False,,,,
38511,21:13.210,0,False,,,,,False,,,,,False,,,,,False,,,,
38526,21:13.706,0,False,,,,,False,,,,,False,,,,,False,,,,
38541,21:14.202,0,False,,,,,False,,,,,False,,,,,False,,,,
38556,21:14.698,0,False,,,,,False,,,,,False,,,,,False,,,,
38571,21:15.193,0,False,,,,,False,,,,,False,,,,,False,,,,
38586,21:15.689,0,False,,,,,False,,,,,False,,,,,False,,,,
38601,21:16.185,0,False,,,,,False,,,,,False,,,,,False,,,,
38616,21:16.681,0,False,,,,,False,,,,,False,,,,,False,,,,
38631,21:17.177,0,False,,,,,False,,,,,False,,,,,False,,,,
38646,21:17.673,1,False,,,,,True,1481,853,1612,1063,False,,,,,False,,,,
38661,21:18.169,1,False,,,,,True,1601,908,1755,1131,False,,,,,False,,,,
38676,21:18.665,0,False,,,,,False,,,,,False,,,,,False,,,,
38691,21:19.161,0,False,,,,,False,,,,,False,,,,,False,,,,
38706,21:19.657,0,False,,,,,False,,,,,False,,,,,False,,,,
38721,21:20.153,0,False,,,,,False,,,,,False,,,,,False,,,,
38736,21:20.649,0,False,,,,,False,,,,,False,,,,,False,,,,
38751,21:21.144,0,False,,,,,False,,,,,False,,,,,False,,,,
38766,21:21.640,1,False,,,,,True,2005,1242,2207,1484,False,,,,,False,,,,
38781,21:22.136,1,False,,,,,True,83,1278,281,1511,False,,,,,False,,,,
38796,21:22.632,1,False,,,,,True,72,1037,254,1267,False,,,,,False,,,,
38811,21:23.128,0,False,,,,,False,,,,,False,,,,,False,,,,
38826,21:23.624,0,False,,,,,False,,,,,False,,,,,False,,,,
38841,21:24.120,1,False,,,,,True,504,1069,656,1259,False,,,,,False,,,,
38856,21:24.616,0,False,,,,,False,,,,,False,,,,,False,,,,
38871,21:25.112,0,False,,,,,False,,,,,False,,,,,False,,,,
38886,21:25.608,0,False,,,,,False,,,,,False,,,,,False,,,,
38901,21:26.104,0,False,,,,,False,,,,,False,,,,,False,,,,
38916,21:26.600,0,False,,,,,False,,,,,False,,,,,False,,,,
38931,21:27.095,0,False,,,,,False,,,,,False,,,,,False,,,,
38946,21:27.591,0,False,,,,,False,,,,,False,,,,,False,,,,
38961,21:28.087,0,False,,,,,False,,,,,False,,,,,False,,,,
38976,21:28.583,0,False,,,,,False,,,,,False,,,,,False,,,,
38991,21:29.079,0,False,,,,,False,,,,,False,,,,,False,,,,
39006,21:29.575,0,False,,,,,False,,,,,False,,,,,False,,,,
39021,21:30.071,0,False,,,,,False,,,,,False,,,,,False,,,,
39036,21:30.567,0,False,,,,,False,,,,,False,,,,,False,,,,
39051,21:31.063,0,False,,,,,False,,,,,False,,,,,False,,,,
39066,21:31.559,1,False,,,,,False,,,,,False,,,,,True,2097,1375,2264,1509
39081,21:32.055,1,False,,,,,True,1301,1254,1429,1452,False,,,,,False,,,,
39096,21:32.550,1,False,,,,,True,986,1221,1113,1414,False,,,,,False,,,,
39111,21:33.046,1,False,,,,,True,1166,1201,1297,1398,False,,,,,False,,,,
39126,21:33.542,1,False,,,,,True,1676,1187,1836,1394,False,,,,,False,,,,
39141,21:34.038,0,False,,,,,False,,,,,False,,,,,False,,,,
39156,21:34.534,0,False,,,,,False,,,,,False,,,,,False,,,,
39171,21:35.030,1,False,,,,,True,831,856,972,1040,False,,,,,False,,,,
39186,21:35.526,2,True,2060,467,2258,753,True,374,842,548,1040,False,,,,,False,,,,
39201,21:36.022,1,True,988,657,1147,901,False,,,,,False,,,,,False,,,,
39216,21:36.518,1,True,399,423,631,734,False,,,,,False,,,,,False,,,,
39231,21:37.014,0,False,,,,,False,,,,,False,,,,,False,,,,
39246,21:37.510,0,False,,,,,False,,,,,False,,,,,False,,,,
39261,21:38.006,0,False,,,,,False,,,,,False,,,,,False,,,,
39276,21:38.501,0,False,,,,,False,,,,,False,,,,,False,,,,
39291,21:38.997,0,False,,,,,False,,,,,False,,,,,False,,,,
39306,21:39.493,1,True,215,489,464,779,False,,,,,False,,,,,False,,,,
39321,21:39.989,1,True,915,516,1087,766,False,,,,,False,,,,,False,,,,
39336,21:40.485,2,True,2121,460,2384,765,True,262,720,436,951,False,,,,,False,,,,
39351,21:40.981,1,False,,,,,True,1046,699,1178,897,False,,,,,False,,,,
39366,21:41.477,0,False,,,,,False,,,,,False,,,,,False,,,,
39381,21:41.973,0,False,,,,,False,,,,,False,,,,,False,,,,
39396,21:42.469,0,False,,,,,False,,,,,False,,,,,False,,,,
39411,21:42.965,0,False,,,,,False,,,,,False,,,,,False,,,,
39426,21:43.461,0,False,,,,,False,,,,,False,,,,,False,,,,
39441,21:43.957,0,False,,,,,False,,,,,False,,,,,False,,,,
39456,21:44.452,0,False,,,,,False,,,,,False,,,,,False,,,,
39471,21:44.948,0,False,,,,,False,,,,,False,,,,,False,,,,
39486,21:45.444,0,False,,,,,False,,,,,False,,,,,False,,,,
39501,21:45.940,0,False,,,,,False,,,,,False,,,,,False,,,,
39516,21:46.436,0,False,,,,,False,,,,,False,,,,,False,,,,
39531,21:46.932,0,False,,,,,False,,,,,False,,,,,False,,,,
39546,21:47.428,0,False,,,,,False,,,,,False,,,,,False,,,,
39561,21:47.924,0,False,,,,,False,,,,,False,,,,,False,,,,
39576,21:48.420,0,False,,,,,False,,,,,False,,,,,False,,,,
39591,21:48.916,0,False,,,,,False,,,,,False,,,,,False,,,,
39606,21:49.412,0,False,,,,,False,,,,,False,,,,,False,,,,
39621,21:49.907,0,False,,,,,False,,,,,False,,,,,False,,,,
39636,21:50.403,0,False,,,,,False,,,,,False,,,,,False,,,,
39651,21:50.899,0,False,,,,,False,,,,,False,,,,,False,,,,
39666,21:51.395,0,False,,,,,False,,,,,False,,,,,False,,,,
39681,21:51.891,0,False,,,,,False,,,,,False,,,,,False,,,,
39696,21:52.387,0,False,,,,,False,,,,,False,,,,,False,,,,
39711,21:52.883,0,False,,,,,False,,,,,False,,,,,False,,,,
39726,21:53.379,0,False,,,,,False,,,,,False,,,,,False,,,,
39741,21:53.875,0,False,,,,,False,,,,,False,,,,,False,,,,
39756,21:54.371,0,False,,,,,False,,,,,False,,,,,False,,,,
39771,21:54.867,0,False,,,,,False,,,,,False,,,,,False,,,,
39786,21:55.363,0,False,,,,,False,,,,,False,,,,,False,,,,
39801,21:55.858,0,False,,,,,False,,,,,False,,,,,False,,,,
39816,21:56.354,0,False,,,,,False,,,,,False,,,,,False,,,,
39831,21:56.850,0,False,,,,,False,,,,,False,,,,,False,,,,
39846,21:57.346,0,False,,,,,False,,,,,False,,,,,False,,,,
39861,21:57.842,0,False,,,,,False,,,,,False,,,,,False,,,,
39876,21:58.338,0,False,,,,,False,,,,,False,,,,,False,,,,
39891,21:58.834,0,False,,,,,False,,,,,False,,,,,False,,,,
39906,21:59.330,0,False,,,,,False,,,,,False,,,,,False,,,,
39921,21:59.826,0,False,,,,,False,,,,,False,,,,,False,,,,
39936,22:00.322,0,False,,,,,False,,,,,False,,,,,False,,,,
39951,22:00.818,0,False,,,,,False,,,,,False,,,,,False,,,,
39966,22:01.313,0,False,,,,,False,,,,,False,,,,,False,,,,
39981,22:01.809,0,False,,,,,False,,,,,False,,,,,False,,,,
39996,22:02.305,0,False,,,,,False,,,,,False,,,,,False,,,,
40011,22:02.801,0,False,,,,,False,,,,,False,,,,,False,,,,
40026,22:03.297,0,False,,,,,False,,,,,False,,,,,False,,,,
40041,22:03.793,0,False,,,,,False,,,,,False,,,,,False,,,,
40056,22:04.289,0,False,,,,,False,,,,,False,,,,,False,,,,
40071,22:04.785,0,False,,,,,False,,,,,False,,,,,False,,,,
40086,22:05.281,0,False,,,,,False,,,,,False,,,,,False,,,,
40101,22:05.777,0,False,,,,,False,,,,,False,,,,,False,,,,
40116,22:06.273,0,False,,,,,False,,,,,False,,,,,False,,,,
40131,22:06.769,0,False,,,,,False,,,,,False,,,,,False,,,,
40146,22:07.264,0,False,,,,,False,,,,,False,,,,,False,,,,
40161,22:07.760,0,False,,,,,False,,,,,False,,,,,False,,,,
40176,22:08.256,0,False,,,,,False,,,,,False,,,,,False,,,,
40191,22:08.752,0,False,,,,,False,,,,,False,,,,,False,,,,
40206,22:09.248,0,False,,,,,False,,,,,False,,,,,False,,,,
40221,22:09.744,0,False,,,,,False,,,,,False,,,,,False,,,,
40236,22:10.240,0,False,,,,,False,,,,,False,,,,,False,,,,
40251,22:10.736,0,False,,,,,False,,,,,False,,,,,False,,,,
40266,22:11.232,0,False,,,,,False,,,,,False,,,,,False,,,,
40281,22:11.728,0,False,,,,,False,,,,,False,,,,,False,,,,
40296,22:12.224,0,False,,,,,False,,,,,False,,,,,False,,,,
40311,22:12.720,0,False,,,,,False,,,,,False,,,,,False,,,,
40326,22:13.215,0,False,,,,,False,,,,,False,,,,,False,,,,
40341,22:13.711,0,False,,,,,False,,,,,False,,,,,False,,,,
40356,22:14.207,0,False,,,,,False,,,,,False,,,,,False,,,,
40371,22:14.703,0,False,,,,,False,,,,,False,,,,,False,,,,
40386,22:15.199,0,False,,,,,False,,,,,False,,,,,False,,,,
40401,22:15.695,0,False,,,,,False,,,,,False,,,,,False,,,,
40416,22:16.191,0,False,,,,,False,,,,,False,,,,,False,,,,
40431,22:16.687,0,False,,,,,False,,,,,False,,,,,False,,,,
40446,22:17.183,0,False,,,,,False,,,,,False,,,,,False,,,,
40461,22:17.679,0,False,,,,,False,,,,,False,,,,,False,,,,
40476,22:18.175,0,False,,,,,False,,,,,False,,,,,False,,,,
40491,22:18.670,0,False,,,,,False,,,,,False,,,,,False,,,,
40506,22:19.166,0,False,,,,,False,,,,,False,,,,,False,,,,
40521,22:19.662,0,False,,,,,False,,,,,False,,,,,False,,,,
40536,22:20.158,1,False,,,,,True,813,1011,956,1212,False,,,,,False,,,,
40551,22:20.654,1,False,,,,,True,567,1026,728,1240,False,,,,,False,,,,
40566,22:21.150,2,True,1976,812,2182,1072,True,279,896,467,1122,False,,,,,False,,,,
40581,22:21.646,2,True,1913,769,2109,1022,True,198,837,397,1066,False,,,,,False,,,,
40596,22:22.142,2,True,2174,638,2394,912,True,472,776,639,981,False,,,,,False,,,,
40611,22:22.638,2,True,2258,768,2465,1028,True,547,916,707,1115,False,,,,,False,,,,
40626,22:23.134,1,False,,,,,True,1210,941,1357,1133,False,,,,,False,,,,
40641,22:23.630,1,False,,,,,True,1472,1153,1637,1370,False,,,,,False,,,,
40656,22:24.126,1,False,,,,,True,1584,1156,1753,1379,False,,,,,False,,,,
40671,22:24.621,1,False,,,,,True,1622,1111,1792,1336,False,,,,,False,,,,
40686,22:25.117,1,False,,,,,True,1546,992,1705,1198,False,,,,,False,,,,
40701,22:25.613,1,False,,,,,True,793,1093,954,1309,False,,,,,False,,,,
40716,22:26.109,2,True,2039,842,2268,1125,True,236,964,438,1207,False,,,,,False,,,,
40731,22:26.605,2,True,2054,817,2287,1090,True,258,938,453,1170,False,,,,,False,,,,
40746,22:27.101,2,True,2009,805,2237,1077,True,187,893,394,1139,False,,,,,False,,,,
40761,22:27.597,2,True,2042,829,2270,1095,True,228,876,431,1123,False,,,,,False,,,,
40776,22:28.093,2,True,2053,840,2281,1111,True,262,959,460,1203,False,,,,,False,,,,
40791,22:28.589,2,True,2209,789,2433,1056,True,425,995,610,1234,False,,,,,False,,,,
40806,22:29.085,1,False,,,,,True,1099,1117,1251,1332,False,,,,,False,,,,
40821,22:29.581,1,False,,,,,True,1296,1099,1447,1318,False,,,,,False,,,,
40836,22:30.077,1,False,,,,,True,1458,1039,1615,1247,False,,,,,False,,,,
40851,22:30.572,1,False,,,,,True,1500,973,1650,1175,False,,,,,False,,,,
40866,22:31.068,1,False,,,,,True,1477,966,1622,1173,False,,,,,False,,,,
40881,22:31.564,1,False,,,,,True,1525,960,1666,1160,False,,,,,False,,,,
40896,22:32.060,1,False,,,,,True,1529,958,1679,1159,False,,,,,False,,,,
40911,22:32.556,1,False,,,,,True,1533,937,1693,1137,False,,,,,False,,,,
40926,22:33.052,1,False,,,,,True,1578,904,1738,1107,False,,,,,False,,,,
40941,22:33.548,1,False,,,,,True,1575,904,1736,1107,False,,,,,False,,,,
40956,22:34.044,1,False,,,,,True,1575,938,1739,1140,False,,,,,False,,,,
40971,22:34.540,1,False,,,,,True,1570,1006,1736,1216,False,,,,,False,,,,
40986,22:35.036,1,False,,,,,True,1616,1041,1784,1253,False,,,,,False,,,,
41001,22:35.532,1,False,,,,,True,1765,977,1926,1192,False,,,,,False,,,,
41016,22:36.027,1,False,,,,,True,2037,968,2231,1201,False,,,,,False,,,,
41031,22:36.523,1,False,,,,,True,2094,1020,2300,1265,False,,,,,False,,,,
41046,22:37.019,1,False,,,,,True,1727,987,1900,1200,False,,,,,False,,,,
41061,22:37.515,1,False,,,,,True,1689,999,1858,1212,False,,,,,False,,,,
41076,22:38.011,1,False,,,,,True,1662,1003,1831,1216,False,,,,,False,,,,
41091,22:38.507,1,False,,,,,True,1588,999,1753,1212,False,,,,,False,,,,
41106,22:39.003,1,False,,,,,True,1568,1001,1729,1204,False,,,,,False,,,,
41121,22:39.499,1,False,,,,,True,1586,1038,1750,1242,False,,,,,False,,,,
41136,22:39.995,1,False,,,,,True,1577,1017,1739,1225,False,,,,,False,,,,
41151,22:40.491,1,False,,,,,True,1630,1010,1792,1214,False,,,,,False,,,,
41166,22:40.987,1,False,,,,,True,1442,1030,1595,1229,False,,,,,False,,,,
41181,22:41.483,1,False,,,,,True,607,1031,770,1233,False,,,,,False,,,,
41196,22:41.978,2,True,2108,905,2356,1182,True,302,1012,498,1242,False,,,,,False,,,,
41211,22:42.474,2,True,1925,958,2140,1223,True,63,1043,288,1293,False,,,,,False,,,,
41226,22:42.970,1,True,1274,1004,1434,1242,False,,,,,False,,,,,False,,,,
41241,22:43.466,1,True,1090,864,1241,1089,False,,,,,False,,,,,False,,,,
41256,22:43.962,1,True,982,756,1134,980,False,,,,,False,,,,,False,,,,
41271,22:44.458,1,True,963,928,1120,1158,False,,,,,False,,,,,False,,,,
41286,22:44.954,1,True,980,860,1135,1087,False,,,,,False,,,,,False,,,,
41301,22:45.450,1,True,1075,863,1231,1090,False,,,,,False,,,,,False,,,,
41316,22:45.946,1,True,1200,910,1353,1134,False,,,,,False,,,,,False,,,,
41331,22:46.442,1,True,1668,847,1846,1084,False,,,,,False,,,,,False,,,,
41346,22:46.938,2,True,2044,806,2270,1069,True,250,923,440,1151,False,,,,,False,,,,
41361,22:47.434,2,True,2071,819,2302,1083,True,271,953,464,1180,False,,,,,False,,,,
41376,22:47.929,2,True,2120,835,2358,1104,True,344,972,531,1201,False,,,,,False,,,,
41391,22:48.425,1,False,,,,,True,1003,1053,1150,1254,False,,,,,False,,,,
41406,22:48.921,1,False,,,,,True,1151,1027,1289,1225,False,,,,,False,,,,
41421,22:49.417,2,True,1823,914,2021,1173,True,42,1007,257,1254,False,,,,,False,,,,
41436,22:49.913,2,True,1959,918,2175,1190,True,210,997,406,1229,False,,,,,False,,,,
41451,22:50.409,2,True,2134,826,2383,1104,True,419,959,592,1169,False,,,,,False,,,,
41466,22:50.905,1,False,,,,,True,582,851,738,1063,False,,,,,False,,,,
41481,22:51.401,0,False,,,,,False,,,,,False,,,,,False,,,,
41496,22:51.897,0,False,,,,,False,,,,,False,,,,,False,,,,
41511,22:52.393,0,False,,,,,False,,,,,False,,,,,False,,,,
41526,22:52.889,0,False,,,,,False,,,,,False,,,,,False,,,,
41541,22:53.384,0,False,,,,,False,,,,,False,,,,,False,,,,
41556,22:53.880,0,False,,,,,False,,,,,False,,,,,False,,,,
41571,22:54.376,0,False,,,,,False,,,,,False,,,,,False,,,,
41586,22:54.872,0,False,,,,,False,,,,,False,,,,,False,,,,
41601,22:55.368,0,False,,,,,False,,,,,False,,,,,False,,,,
41616,22:55.864,0,False,,,,,False,,,,,False,,,,,False,,,,
41631,22:56.360,0,False,,,,,False,,,,,False,,,,,False,,,,
41646,22:56.856,0,False,,,,,False,,,,,False,,,,,False,,,,
41661,22:57.352,0,False,,,,,False,,,,,False,,,,,False,,,,
41676,22:57.848,0,False,,,,,False,,,,,False,,,,,False,,,,
41691,22:58.344,0,False,,,,,False,,,,,False,,,,,False,,,,
41706,22:58.840,0,False,,,,,False,,,,,False,,,,,False,,,,
41721,22:59.335,0,False,,,,,False,,,,,False,,,,,False,,,,
41736,22:59.831,0,False,,,,,False,,,,,False,,,,,False,,,,
41751,23:00.327,0,False,,,,,False,,,,,False,,,,,False,,,,
41766,23:00.823,0,False,,,,,False,,,,,False,,,,,False,,,,
41781,23:01.319,0,False,,,,,False,,,,,False,,,,,False,,,,
41796,23:01.815,0,False,,,,,False,,,,,False,,,,,False,,,,
41811,23:02.311,0,False,,,,,False,,,,,False,,,,,False,,,,
41826,23:02.807,0,False,,,,,False,,,,,False,,,,,False,,,,
41841,23:03.303,0,False,,,,,False,,,,,False,,,,,False,,,,
41856,23:03.799,0,False,,,,,False,,,,,False,,,,,False,,,,
41871,23:04.295,0,False,,,,,False,,,,,False,,,,,False,,,,
41886,23:04.791,0,False,,,,,False,,,,,False,,,,,False,,,,
41901,23:05.286,0,False,,,,,False,,,,,False,,,,,False,,,,
41916,23:05.782,0,False,,,,,False,,,,,False,,,,,False,,,,
41931,23:06.278,0,False,,,,,False,,,,,False,,,,,False,,,,
41946,23:06.774,0,False,,,,,False,,,,,False,,,,,False,,,,
41961,23:07.270,0,False,,,,,False,,,,,False,,,,,False,,,,
41976,23:07.766,0,False,,,,,False,,,,,False,,,,,False,,,,
41991,23:08.262,0,False,,,,,False,,,,,False,,,,,False,,,,
42006,23:08.758,0,False,,,,,False,,,,,False,,,,,False,,,,
42021,23:09.254,0,False,,,,,False,,,,,False,,,,,False,,,,
42036,23:09.750,0,False,,,,,False,,,,,False,,,,,False,,,,
42051,23:10.246,0,False,,,,,False,,,,,False,,,,,False,,,,
42066,23:10.741,0,False,,,,,False,,,,,False,,,,,False,,,,
42081,23:11.237,0,False,,,,,False,,,,,False,,,,,False,,,,
42096,23:11.733,0,False,,,,,False,,,,,False,,,,,False,,,,
42111,23:12.229,0,False,,,,,False,,,,,False,,,,,False,,,,
42126,23:12.725,0,False,,,,,False,,,,,False,,,,,False,,,,
42141,23:13.221,0,False,,,,,False,,,,,False,,,,,False,,,,
42156,23:13.717,0,False,,,,,False,,,,,False,,,,,False,,,,
42171,23:14.213,0,False,,,,,False,,,,,False,,,,,False,,,,
42186,23:14.709,0,False,,,,,False,,,,,False,,,,,False,,,,
42201,23:15.205,0,False,,,,,False,,,,,False,,,,,False,,,,
42216,23:15.701,0,False,,,,,False,,,,,False,,,,,False,,,,
42231,23:16.197,0,False,,,,,False,,,,,False,,,,,False,,,,
42246,23:16.692,0,False,,,,,False,,,,,False,,,,,False,,,,
42261,23:17.188,0,False,,,,,False,,,,,False,,,,,False,,,,
42276,23:17.684,0,False,,,,,False,,,,,False,,,,,False,,,,
42291,23:18.180,0,False,,,,,False,,,,,False,,,,,False,,,,
42306,23:18.676,0,False,,,,,False,,,,,False,,,,,False,,,,
42321,23:19.172,0,False,,,,,False,,,,,False,,,,,False,,,,
42336,23:19.668,0,False,,,,,False,,,,,False,,,,,False,,,,
42351,23:20.164,0,False,,,,,False,,,,,False,,,,,False,,,,
42366,23:20.660,0,False,,,,,False,,,,,False,,,,,False,,,,
42381,23:21.156,0,False,,,,,False,,,,,False,,,,,False,,,,
42396,23:21.652,0,False,,,,,False,,,,,False,,,,,False,,,,
42411,23:22.147,0,False,,,,,False,,,,,False,,,,,False,,,,
42426,23:22.643,0,False,,,,,False,,,,,False,,,,,False,,,,
42441,23:23.139,0,False,,,,,False,,,,,False,,,,,False,,,,
42456,23:23.635,0,False,,,,,False,,,,,False,,,,,False,,,,
42471,23:24.131,0,False,,,,,False,,,,,False,,,,,False,,,,
42486,23:24.627,0,False,,,,,False,,,,,False,,,,,False,,,,
42501,23:25.123,0,False,,,,,False,,,,,False,,,,,False,,,,
42516,23:25.619,0,False,,,,,False,,,,,False,,,,,False,,,,
42531,23:26.115,0,False,,,,,False,,,,,False,,,,,False,,,,
