frame,time,faces_detected_count,face_0_tl_x,face_0_tl_y,face_0_br_x,face_0_br_y,face_1_tl_x,face_1_tl_y,face_1_br_x,face_1_br_y,face_2_tl_x,face_2_tl_y,face_2_br_x,face_2_br_y
17498,15:38.333,3,721.0,443.0,910.0,706.0,117.0,359.0,340.0,609.0,1312.0,374.0,1461.0,586.0
17499,19:09.190,3,724.0,430.0,914.0,692.0,119.0,344.0,343.0,599.0,1315.0,365.0,1464.0,572.0
17500,19:09.223,3,725.0,426.0,915.0,689.0,120.0,342.0,344.0,596.0,1315.0,363.0,1466.0,568.0
17501,19:09.257,3,724.0,425.0,913.0,689.0,118.0,342.0,341.0,595.0,1314.0,364.0,1464.0,568.0
17502,19:09.290,3,718.0,426.0,909.0,690.0,110.0,342.0,333.0,595.0,1309.0,365.0,1459.0,571.0
17503,19:09.323,3,713.0,426.0,903.0,692.0,101.0,343.0,327.0,593.0,1303.0,366.0,1453.0,572.0
17504,19:09.357,3,711.0,422.0,901.0,690.0,97.0,340.0,323.0,591.0,1301.0,362.0,1451.0,569.0
17505,19:09.390,3,710.0,420.0,900.0,688.0,96.0,338.0,320.0,589.0,1300.0,359.0,1450.0,566.0
17506,19:09.423,3,709.0,415.0,900.0,682.0,93.0,334.0,319.0,583.0,1300.0,356.0,1450.0,563.0
17507,19:09.457,3,708.0,416.0,899.0,683.0,93.0,332.0,317.0,583.0,1299.0,358.0,1448.0,563.0
17508,19:09.490,3,709.0,413.0,900.0,681.0,93.0,330.0,317.0,580.0,1300.0,355.0,1449.0,562.0
17509,19:09.523,3,710.0,414.0,901.0,681.0,1301.0,357.0,1450.0,563.0,94.0,333.0,320.0,581.0
17510,19:09.557,3,712.0,413.0,903.0,681.0,97.0,333.0,322.0,581.0,1302.0,355.0,1452.0,563.0
17511,19:09.590,3,713.0,414.0,903.0,681.0,98.0,335.0,323.0,581.0,1302.0,355.0,1452.0,563.0
17512,19:09.623,3,710.0,415.0,901.0,682.0,93.0,335.0,319.0,583.0,1300.0,355.0,1449.0,562.0
17513,19:09.657,3,708.0,410.0,900.0,678.0,1299.0,351.0,1448.0,558.0,92.0,328.0,316.0,579.0
17514,19:09.690,3,705.0,408.0,898.0,677.0,88.0,324.0,314.0,577.0,1297.0,348.0,1446.0,557.0
17515,19:09.723,3,704.0,408.0,897.0,677.0,86.0,324.0,312.0,577.0,1296.0,348.0,1446.0,557.0
17516,19:09.757,3,704.0,409.0,896.0,677.0,1295.0,348.0,1445.0,557.0,86.0,326.0,311.0,578.0
17517,19:09.790,3,702.0,412.0,894.0,678.0,1292.0,350.0,1443.0,558.0,83.0,328.0,309.0,580.0
17518,19:09.823,3,700.0,413.0,892.0,680.0,81.0,328.0,307.0,583.0,1291.0,351.0,1440.0,559.0
17519,19:09.857,3,699.0,415.0,890.0,682.0,1289.0,353.0,1440.0,561.0,80.0,330.0,305.0,586.0
17520,19:09.890,3,698.0,416.0,889.0,684.0,1288.0,354.0,1438.0,563.0,77.0,330.0,304.0,589.0
17521,19:09.923,3,697.0,412.0,888.0,679.0,77.0,328.0,303.0,586.0,1287.0,352.0,1438.0,558.0
17522,19:09.957,3,697.0,406.0,888.0,674.0,76.0,321.0,302.0,578.0,1287.0,346.0,1438.0,553.0
17523,19:09.990,3,698.0,402.0,890.0,672.0,79.0,318.0,304.0,576.0,1288.0,340.0,1440.0,550.0
17524,19:10.023,3,700.0,403.0,893.0,673.0,82.0,321.0,308.0,577.0,1290.0,341.0,1442.0,550.0
17525,19:10.057,3,701.0,405.0,895.0,674.0,85.0,325.0,310.0,577.0,1292.0,341.0,1444.0,550.0
17526,19:10.090,3,701.0,405.0,894.0,674.0,85.0,327.0,310.0,578.0,1292.0,340.0,1444.0,550.0
17527,19:10.123,3,699.0,405.0,892.0,674.0,83.0,327.0,308.0,579.0,1290.0,341.0,1442.0,550.0
17528,19:10.157,3,698.0,409.0,889.0,675.0,81.0,329.0,306.0,584.0,1289.0,346.0,1440.0,553.0
17529,19:10.190,3,696.0,411.0,886.0,676.0,77.0,329.0,303.0,587.0,1286.0,348.0,1438.0,554.0
17530,19:10.223,3,695.0,409.0,885.0,674.0,75.0,328.0,302.0,586.0,1286.0,346.0,1437.0,553.0
17531,19:10.257,3,694.0,407.0,884.0,673.0,74.0,326.0,301.0,585.0,1286.0,345.0,1436.0,551.0
17532,19:10.292,3,693.0,406.0,883.0,673.0,73.0,324.0,300.0,583.0,1285.0,344.0,1436.0,550.0
17533,19:10.325,3,691.0,405.0,882.0,672.0,72.0,322.0,299.0,582.0,1285.0,343.0,1435.0,549.0
17534,19:10.358,3,691.0,405.0,881.0,672.0,71.0,322.0,299.0,583.0,1284.0,343.0,1435.0,549.0
17535,19:10.392,3,690.0,406.0,881.0,673.0,70.0,323.0,299.0,585.0,1284.0,344.0,1434.0,550.0
17536,19:10.425,3,689.0,406.0,880.0,673.0,70.0,323.0,298.0,585.0,1284.0,344.0,1434.0,550.0
17537,19:10.458,3,689.0,406.0,880.0,673.0,70.0,325.0,298.0,587.0,1284.0,346.0,1434.0,551.0
17538,19:10.492,3,687.0,405.0,879.0,673.0,69.0,326.0,298.0,587.0,1283.0,346.0,1433.0,552.0
17539,19:10.525,3,686.0,402.0,879.0,671.0,68.0,326.0,297.0,586.0,1283.0,344.0,1433.0,551.0
17540,19:10.558,3,685.0,398.0,878.0,669.0,67.0,325.0,296.0,586.0,1282.0,344.0,1432.0,550.0
17541,19:10.592,3,684.0,396.0,877.0,667.0,66.0,324.0,294.0,586.0,1281.0,344.0,1432.0,550.0
17542,19:10.625,3,684.0,395.0,877.0,666.0,66.0,324.0,294.0,586.0,1281.0,343.0,1432.0,550.0
17543,19:10.658,3,685.0,395.0,877.0,666.0,66.0,324.0,294.0,586.0,1281.0,343.0,1431.0,550.0
17544,19:10.692,3,684.0,396.0,877.0,667.0,65.0,324.0,293.0,585.0,1281.0,342.0,1430.0,550.0
17545,19:10.725,3,684.0,398.0,876.0,669.0,64.0,325.0,292.0,586.0,1280.0,343.0,1430.0,551.0
17546,19:10.758,3,684.0,399.0,876.0,670.0,64.0,326.0,292.0,587.0,1279.0,344.0,1429.0,550.0
17547,19:10.792,3,684.0,401.0,875.0,671.0,63.0,328.0,291.0,588.0,1278.0,347.0,1428.0,552.0
17548,19:10.825,3,684.0,402.0,875.0,672.0,62.0,329.0,290.0,589.0,1277.0,348.0,1427.0,553.0
17549,19:10.858,3,683.0,402.0,874.0,672.0,1276.0,347.0,1427.0,553.0,61.0,329.0,289.0,589.0
17550,19:10.892,3,683.0,402.0,873.0,672.0,1274.0,347.0,1426.0,554.0,61.0,331.0,287.0,588.0
17551,19:10.925,3,682.0,401.0,873.0,672.0,1274.0,347.0,1426.0,552.0,60.0,331.0,287.0,588.0
17552,19:10.958,3,683.0,400.0,873.0,672.0,1274.0,343.0,1425.0,551.0,60.0,329.0,288.0,587.0
17553,19:10.992,3,683.0,400.0,874.0,673.0,61.0,329.0,289.0,587.0,1277.0,342.0,1427.0,551.0
17554,19:11.025,3,684.0,402.0,875.0,675.0,62.0,329.0,291.0,590.0,1278.0,345.0,1428.0,552.0
17555,19:11.058,3,685.0,407.0,876.0,679.0,1279.0,349.0,1430.0,557.0,64.0,332.0,293.0,595.0
17556,19:11.092,3,686.0,411.0,878.0,685.0,69.0,337.0,297.0,601.0,1281.0,352.0,1432.0,560.0
17557,19:11.125,3,691.0,419.0,881.0,689.0,75.0,342.0,301.0,605.0,1284.0,356.0,1435.0,565.0
17558,19:11.158,3,698.0,421.0,887.0,693.0,84.0,347.0,311.0,607.0,1288.0,361.0,1439.0,569.0
17559,19:11.192,3,702.0,422.0,892.0,695.0,95.0,355.0,317.0,606.0,1293.0,362.0,1444.0,571.0
17560,19:11.225,3,707.0,421.0,896.0,695.0,100.0,356.0,323.0,605.0,1298.0,362.0,1448.0,570.0
17561,19:11.258,3,711.0,421.0,899.0,691.0,104.0,350.0,329.0,603.0,1301.0,363.0,1451.0,569.0
17562,19:11.292,3,716.0,419.0,904.0,688.0,109.0,347.0,333.0,601.0,1305.0,361.0,1456.0,568.0
17563,19:11.325,3,718.0,419.0,906.0,686.0,115.0,347.0,339.0,601.0,1310.0,360.0,1460.0,566.0
17564,19:11.358,3,723.0,418.0,909.0,685.0,119.0,347.0,343.0,601.0,1313.0,359.0,1464.0,564.0
17565,19:11.392,3,726.0,418.0,911.0,685.0,122.0,348.0,345.0,601.0,1315.0,358.0,1465.0,564.0
17566,19:11.425,3,728.0,417.0,915.0,684.0,126.0,348.0,348.0,600.0,1317.0,359.0,1467.0,563.0
17567,19:11.458,3,730.0,417.0,916.0,683.0,130.0,348.0,349.0,600.0,1319.0,359.0,1469.0,563.0
17568,19:11.492,3,730.0,416.0,917.0,681.0,132.0,348.0,351.0,599.0,1320.0,359.0,1470.0,562.0
17569,19:11.525,3,731.0,414.0,918.0,678.0,1320.0,356.0,1470.0,560.0,132.0,345.0,351.0,596.0
17570,19:11.558,3,731.0,411.0,918.0,675.0,132.0,341.0,351.0,594.0,1320.0,353.0,1470.0,557.0
17571,19:11.592,3,730.0,409.0,918.0,674.0,131.0,338.0,350.0,592.0,1320.0,351.0,1470.0,556.0
17572,19:11.625,3,729.0,407.0,917.0,671.0,128.0,335.0,348.0,587.0,1318.0,347.0,1469.0,553.0
17573,19:11.658,3,728.0,405.0,916.0,670.0,125.0,331.0,346.0,584.0,1317.0,344.0,1468.0,551.0
17574,19:11.692,3,727.0,406.0,914.0,670.0,123.0,332.0,344.0,584.0,1317.0,345.0,1467.0,551.0
17575,19:11.725,3,726.0,406.0,912.0,671.0,122.0,333.0,343.0,585.0,1316.0,346.0,1466.0,552.0
17576,19:11.758,3,726.0,407.0,911.0,672.0,122.0,333.0,343.0,587.0,1316.0,346.0,1465.0,552.0
17577,19:11.792,3,726.0,407.0,911.0,672.0,122.0,335.0,343.0,591.0,1315.0,346.0,1465.0,553.0
17578,19:11.825,3,726.0,409.0,912.0,675.0,122.0,338.0,344.0,594.0,1316.0,348.0,1465.0,556.0
17579,19:11.858,3,727.0,413.0,912.0,678.0,125.0,338.0,346.0,594.0,1316.0,352.0,1466.0,560.0
17580,19:11.892,3,726.0,427.0,914.0,692.0,128.0,352.0,349.0,604.0,1316.0,365.0,1465.0,573.0
17581,19:11.925,3,725.0,442.0,913.0,708.0,130.0,365.0,349.0,612.0,1315.0,373.0,1464.0,587.0
17582,19:11.958,3,724.0,449.0,911.0,714.0,127.0,371.0,346.0,619.0,1312.0,377.0,1462.0,590.0
17583,19:11.992,3,721.0,447.0,908.0,712.0,125.0,368.0,344.0,615.0,1310.0,375.0,1460.0,589.0
17584,19:12.025,3,718.0,444.0,905.0,708.0,121.0,367.0,339.0,613.0,1305.0,377.0,1455.0,588.0
17585,19:12.058,3,712.0,451.0,901.0,715.0,115.0,376.0,330.0,625.0,1300.0,387.0,1450.0,594.0
17586,19:12.092,3,701.0,463.0,892.0,729.0,102.0,393.0,321.0,636.0,1290.0,400.0,1439.0,608.0
17587,19:12.125,3,686.0,485.0,876.0,748.0,81.0,411.0,302.0,664.0,1274.0,424.0,1423.0,628.0
17588,19:12.158,3,671.0,510.0,860.0,775.0,62.0,438.0,285.0,693.0,1257.0,448.0,1408.0,652.0
17589,19:12.192,3,654.0,531.0,845.0,796.0,37.0,462.0,266.0,714.0,1241.0,467.0,1388.0,670.0
17590,19:12.225,3,632.0,548.0,824.0,812.0,8.0,479.0,239.0,732.0,1223.0,482.0,1370.0,687.0
17591,19:12.258,3,613.0,560.0,807.0,822.0,-13.0,494.0,213.0,746.0,1204.0,488.0,1351.0,699.0
17592,19:12.292,3,596.0,563.0,791.0,825.0,-33.0,493.0,197.0,752.0,1191.0,492.0,1337.0,701.0
17593,19:12.325,3,588.0,563.0,783.0,826.0,1181.0,496.0,1329.0,703.0,-48.0,495.0,182.0,750.0
17594,19:12.358,3,582.0,565.0,777.0,827.0,-50.0,491.0,175.0,748.0,1176.0,495.0,1324.0,705.0
17595,19:12.392,3,579.0,567.0,776.0,831.0,-51.0,492.0,173.0,753.0,1174.0,500.0,1321.0,707.0
17596,19:12.425,3,579.0,570.0,775.0,838.0,-49.0,501.0,172.0,757.0,1173.0,507.0,1319.0,710.0
17597,19:12.458,3,579.0,578.0,774.0,844.0,1171.0,518.0,1317.0,720.0,-51.0,509.0,171.0,767.0
17598,19:12.492,3,579.0,582.0,776.0,847.0,1171.0,519.0,1317.0,721.0,-48.0,516.0,172.0,774.0
17599,19:12.525,3,580.0,588.0,776.0,853.0,1172.0,525.0,1317.0,727.0,-47.0,520.0,172.0,779.0
17600,19:12.558,3,581.0,590.0,777.0,856.0,1172.0,528.0,1317.0,729.0,-45.0,522.0,174.0,782.0
17601,19:12.592,3,581.0,597.0,775.0,864.0,-44.0,527.0,173.0,784.0,1169.0,537.0,1315.0,734.0
17602,19:12.625,3,577.0,618.0,768.0,879.0,-55.0,540.0,167.0,799.0,1166.0,548.0,1310.0,753.0
17603,19:12.658,3,567.0,642.0,760.0,908.0,-65.0,569.0,158.0,823.0,1156.0,581.0,1301.0,780.0
17604,19:12.692,3,555.0,669.0,750.0,931.0,-77.0,591.0,146.0,850.0,1149.0,606.0,1293.0,806.0
17605,19:12.725,3,542.0,678.0,737.0,944.0,1136.0,620.0,1283.0,818.0,-87.0,606.0,130.0,860.0
17606,19:12.758,3,531.0,682.0,727.0,944.0,1127.0,629.0,1272.0,821.0,-91.0,608.0,119.0,864.0
17607,19:12.792,3,525.0,675.0,722.0,939.0,1123.0,617.0,1267.0,815.0,-92.0,600.0,108.0,855.0
17608,19:12.825,3,523.0,665.0,720.0,933.0,1121.0,612.0,1265.0,809.0,-94.0,588.0,105.0,846.0
17609,19:12.858,3,524.0,659.0,720.0,927.0,1122.0,603.0,1265.0,806.0,-96.0,579.0,106.0,838.0
17610,19:12.892,3,525.0,651.0,722.0,918.0,1121.0,605.0,1266.0,798.0,-92.0,571.0,108.0,826.0
17611,19:12.925,3,527.0,641.0,725.0,907.0,1124.0,592.0,1269.0,788.0,-91.0,560.0,110.0,812.0
17612,19:12.958,3,531.0,638.0,728.0,905.0,1128.0,591.0,1272.0,786.0,-93.0,554.0,116.0,807.0
17613,19:12.992,3,535.0,642.0,731.0,908.0,1131.0,598.0,1275.0,791.0,-89.0,558.0,120.0,808.0
17614,19:13.025,3,543.0,647.0,734.0,910.0,1135.0,603.0,1280.0,795.0,-84.0,561.0,127.0,812.0
17615,19:13.058,3,548.0,650.0,739.0,911.0,1137.0,603.0,1283.0,798.0,-88.0,558.0,137.0,816.0
17616,19:13.092,3,552.0,647.0,743.0,910.0,-86.0,556.0,142.0,816.0,1141.0,604.0,1286.0,798.0
17617,19:13.125,3,553.0,648.0,745.0,910.0,-84.0,555.0,144.0,817.0,1142.0,604.0,1287.0,799.0
17618,19:13.158,3,552.0,639.0,744.0,903.0,-83.0,550.0,142.0,807.0,1142.0,595.0,1285.0,790.0
17619,19:13.192,3,551.0,634.0,741.0,900.0,1140.0,589.0,1284.0,786.0,-84.0,542.0,140.0,801.0
17620,19:13.225,3,544.0,633.0,738.0,899.0,1137.0,589.0,1279.0,784.0,-88.0,543.0,134.0,801.0
17621,19:13.258,3,538.0,634.0,732.0,899.0,1133.0,589.0,1275.0,785.0,-90.0,547.0,129.0,802.0
17622,19:13.292,3,537.0,633.0,729.0,897.0,1129.0,586.0,1273.0,782.0,-90.0,548.0,126.0,800.0
17623,19:13.325,3,534.0,634.0,728.0,900.0,1126.0,588.0,1270.0,784.0,-92.0,552.0,124.0,803.0
17624,19:13.358,3,531.0,634.0,725.0,899.0,1123.0,587.0,1268.0,782.0,-93.0,550.0,121.0,804.0
17625,19:13.392,3,528.0,631.0,723.0,896.0,1121.0,584.0,1266.0,782.0,-93.0,546.0,118.0,804.0
17626,19:13.425,3,525.0,631.0,721.0,894.0,1119.0,582.0,1263.0,780.0,-93.0,546.0,115.0,803.0
17627,19:13.458,3,525.0,628.0,721.0,890.0,1118.0,579.0,1262.0,777.0,-94.0,543.0,114.0,802.0
17628,19:13.492,3,527.0,624.0,722.0,886.0,1120.0,570.0,1264.0,772.0,-95.0,536.0,113.0,798.0
17629,19:13.525,3,529.0,620.0,724.0,884.0,1121.0,569.0,1266.0,770.0,-94.0,533.0,116.0,793.0
17630,19:13.558,3,532.0,619.0,726.0,883.0,1123.0,569.0,1268.0,769.0,-95.0,532.0,119.0,791.0
17631,19:13.592,3,535.0,620.0,727.0,883.0,1125.0,570.0,1270.0,770.0,-92.0,535.0,122.0,790.0
17632,19:13.625,3,539.0,624.0,731.0,887.0,1129.0,578.0,1272.0,773.0,-87.0,538.0,126.0,793.0
17633,19:13.658,3,547.0,628.0,739.0,895.0,1135.0,581.0,1278.0,778.0,-88.0,541.0,134.0,801.0
17634,19:13.692,3,554.0,632.0,745.0,897.0,1140.0,585.0,1283.0,781.0,-84.0,546.0,143.0,807.0
17635,19:13.725,3,559.0,625.0,750.0,889.0,-77.0,541.0,148.0,799.0,1143.0,572.0,1289.0,769.0
17636,19:13.758,3,555.0,600.0,749.0,864.0,-80.0,522.0,142.0,782.0,1142.0,543.0,1286.0,739.0
17637,19:13.792,3,557.0,568.0,751.0,833.0,1143.0,505.0,1290.0,708.0,-85.0,493.0,141.0,752.0
17638,19:13.825,3,562.0,558.0,755.0,821.0,1147.0,493.0,1293.0,697.0,-78.0,477.0,145.0,735.0
17639,19:13.858,3,565.0,559.0,758.0,822.0,1150.0,494.0,1296.0,698.0,-74.0,478.0,148.0,735.0
17640,19:13.892,3,569.0,561.0,760.0,825.0,-72.0,483.0,154.0,738.0,1153.0,497.0,1299.0,700.0
17641,19:13.925,3,571.0,567.0,763.0,834.0,1154.0,509.0,1301.0,709.0,-71.0,496.0,157.0,750.0
17642,19:13.958,3,573.0,574.0,765.0,841.0,1156.0,515.0,1301.0,714.0,-65.0,503.0,160.0,755.0
17643,19:13.992,3,575.0,584.0,766.0,847.0,-64.0,507.0,162.0,761.0,1156.0,520.0,1301.0,723.0
17644,19:14.025,3,576.0,594.0,766.0,855.0,-57.0,517.0,164.0,770.0,1157.0,537.0,1302.0,732.0
17645,19:14.058,3,579.0,598.0,770.0,861.0,-54.0,517.0,168.0,773.0,1161.0,540.0,1303.0,738.0
17646,19:14.092,3,577.0,597.0,768.0,859.0,-58.0,514.0,166.0,769.0,1158.0,540.0,1302.0,738.0
17647,19:14.125,3,571.0,583.0,762.0,847.0,1152.0,516.0,1298.0,721.0,-67.0,501.0,157.0,753.0
17648,19:14.158,3,563.0,558.0,756.0,822.0,1147.0,489.0,1293.0,697.0,-74.0,477.0,146.0,729.0
17649,19:14.192,3,547.0,508.0,744.0,778.0,1136.0,447.0,1283.0,651.0,-94.0,425.0,123.0,692.0
17650,19:14.225,2,525.0,463.0,727.0,737.0,1122.0,400.0,1270.0,608.0,,,,
17651,19:14.260,2,501.0,450.0,703.0,725.0,1102.0,389.0,1250.0,595.0,,,,
17652,19:14.293,2,458.0,458.0,665.0,734.0,1065.0,393.0,1214.0,602.0,,,,
17653,19:14.327,2,402.0,477.0,612.0,754.0,1021.0,419.0,1169.0,621.0,,,,
17654,19:14.360,2,335.0,494.0,554.0,771.0,969.0,433.0,1119.0,642.0,,,,
17655,19:14.393,2,272.0,505.0,497.0,787.0,922.0,453.0,1072.0,654.0,,,,
17656,19:14.427,2,213.0,512.0,446.0,801.0,878.0,458.0,1030.0,667.0,,,,
17657,19:14.460,2,158.0,521.0,397.0,808.0,838.0,469.0,992.0,675.0,,,,
17658,19:14.493,2,99.0,514.0,347.0,811.0,797.0,474.0,954.0,676.0,,,,
17659,19:14.527,2,41.0,511.0,300.0,816.0,761.0,472.0,918.0,680.0,,,,
17660,19:14.560,2,-11.0,505.0,250.0,814.0,725.0,466.0,884.0,676.0,,,,
17661,19:14.593,2,-46.0,497.0,202.0,808.0,688.0,459.0,850.0,672.0,,,,
17662,19:14.627,2,654.0,455.0,818.0,666.0,-102.0,486.0,157.0,798.0,,,,
17663,19:14.660,1,624.0,445.0,790.0,658.0,,,,,,,,
17664,19:14.693,1,601.0,437.0,769.0,654.0,,,,,,,,
17665,19:14.727,1,584.0,437.0,751.0,653.0,,,,,,,,
17666,19:14.760,1,576.0,436.0,744.0,654.0,,,,,,,,
17667,19:14.793,1,570.0,439.0,737.0,656.0,,,,,,,,
17668,19:14.827,1,567.0,439.0,734.0,656.0,,,,,,,,
17669,19:14.860,1,565.0,440.0,733.0,656.0,,,,,,,,
17670,19:14.893,1,565.0,437.0,733.0,653.0,,,,,,,,
17671,19:14.927,1,564.0,436.0,733.0,652.0,,,,,,,,
17672,19:14.960,1,560.0,438.0,730.0,653.0,,,,,,,,
17673,19:14.993,1,552.0,439.0,722.0,655.0,,,,,,,,
17674,19:15.027,1,546.0,442.0,716.0,656.0,,,,,,,,
17675,19:15.060,1,541.0,441.0,712.0,655.0,,,,,,,,
17676,19:15.093,1,544.0,436.0,716.0,653.0,,,,,,,,
17677,19:15.127,1,549.0,434.0,719.0,650.0,,,,,,,,
17678,19:15.160,1,550.0,436.0,720.0,652.0,,,,,,,,
17679,19:15.193,1,551.0,435.0,721.0,651.0,,,,,,,,
17680,19:15.227,1,551.0,438.0,722.0,656.0,,,,,,,,
17681,19:15.260,1,550.0,441.0,722.0,660.0,,,,,,,,
17682,19:15.293,1,549.0,447.0,720.0,664.0,,,,,,,,
17683,19:15.327,1,549.0,452.0,719.0,669.0,,,,,,,,
17684,19:15.360,1,549.0,455.0,719.0,675.0,,,,,,,,
17685,19:15.393,1,548.0,462.0,719.0,680.0,,,,,,,,
17686,19:15.427,1,549.0,468.0,721.0,685.0,,,,,,,,
17687,19:15.460,1,550.0,471.0,723.0,688.0,,,,,,,,
17688,19:15.493,1,550.0,471.0,723.0,690.0,,,,,,,,
17689,19:15.527,1,550.0,470.0,723.0,689.0,,,,,,,,
17690,19:15.560,1,551.0,468.0,724.0,687.0,,,,,,,,
17691,19:15.593,1,552.0,466.0,725.0,686.0,,,,,,,,
17692,19:15.627,1,554.0,465.0,728.0,687.0,,,,,,,,
17693,19:15.660,1,558.0,463.0,731.0,687.0,,,,,,,,
17694,19:15.693,1,562.0,464.0,735.0,689.0,,,,,,,,
17695,19:15.727,1,564.0,466.0,737.0,692.0,,,,,,,,
17696,19:15.760,1,567.0,466.0,741.0,692.0,,,,,,,,
17697,19:15.793,1,568.0,467.0,741.0,694.0,,,,,,,,
17698,19:15.827,1,568.0,466.0,742.0,692.0,,,,,,,,
17699,19:15.860,1,570.0,463.0,744.0,690.0,,,,,,,,
17700,19:15.893,1,570.0,462.0,744.0,691.0,,,,,,,,
17701,19:15.927,1,568.0,468.0,744.0,696.0,,,,,,,,
17702,19:15.960,1,567.0,468.0,744.0,695.0,,,,,,,,
17703,19:15.993,1,566.0,467.0,742.0,695.0,,,,,,,,
17704,19:16.027,1,565.0,461.0,743.0,692.0,,,,,,,,
17705,19:16.060,1,565.0,457.0,743.0,688.0,,,,,,,,
17706,19:16.093,1,563.0,455.0,740.0,687.0,,,,,,,,
17707,19:16.127,1,559.0,456.0,738.0,688.0,,,,,,,,
17708,19:16.160,1,555.0,454.0,735.0,688.0,,,,,,,,
17709,19:16.193,1,553.0,452.0,733.0,687.0,,,,,,,,
17710,19:16.227,1,551.0,447.0,731.0,683.0,,,,,,,,
17711,19:16.260,1,550.0,447.0,730.0,684.0,,,,,,,,
17712,19:16.293,1,548.0,445.0,727.0,683.0,,,,,,,,
17713,19:16.327,1,547.0,443.0,727.0,682.0,,,,,,,,
17714,19:16.360,1,546.0,443.0,727.0,682.0,,,,,,,,
17715,19:16.393,1,547.0,446.0,727.0,682.0,,,,,,,,
17716,19:16.427,1,549.0,445.0,729.0,682.0,,,,,,,,
17717,19:16.460,1,551.0,446.0,731.0,681.0,,,,,,,,
17718,19:16.493,1,552.0,445.0,733.0,681.0,,,,,,,,
17719,19:16.527,1,553.0,446.0,734.0,681.0,,,,,,,,
17720,19:16.560,1,553.0,443.0,735.0,679.0,,,,,,,,
17721,19:16.593,1,554.0,442.0,735.0,677.0,,,,,,,,
17722,19:16.627,1,556.0,442.0,737.0,678.0,,,,,,,,
17723,19:16.660,1,559.0,441.0,739.0,678.0,,,,,,,,
17724,19:16.693,1,562.0,444.0,742.0,679.0,,,,,,,,
17725,19:16.727,1,564.0,445.0,744.0,680.0,,,,,,,,
17726,19:16.760,1,567.0,446.0,746.0,681.0,,,,,,,,
17727,19:16.793,1,570.0,450.0,747.0,683.0,,,,,,,,
17728,19:16.827,1,575.0,448.0,750.0,682.0,,,,,,,,
17729,19:16.860,1,578.0,455.0,753.0,687.0,,,,,,,,
17730,19:16.893,1,579.0,457.0,755.0,690.0,,,,,,,,
17731,19:16.927,1,579.0,458.0,756.0,691.0,,,,,,,,
17732,19:16.960,1,580.0,457.0,757.0,691.0,,,,,,,,
17733,19:16.993,1,581.0,457.0,759.0,691.0,,,,,,,,
17734,19:17.027,1,583.0,457.0,761.0,691.0,,,,,,,,
17735,19:17.060,1,586.0,458.0,764.0,693.0,,,,,,,,
17736,19:17.093,1,589.0,457.0,766.0,693.0,,,,,,,,
17737,19:17.127,1,590.0,460.0,766.0,695.0,,,,,,,,
17738,19:17.160,1,591.0,461.0,766.0,695.0,,,,,,,,
17739,19:17.193,1,592.0,463.0,766.0,696.0,,,,,,,,
17740,19:17.227,1,593.0,463.0,767.0,695.0,,,,,,,,
17741,19:17.260,1,596.0,464.0,769.0,695.0,,,,,,,,
17742,19:17.293,1,598.0,464.0,772.0,693.0,,,,,,,,
17743,19:17.327,1,604.0,463.0,776.0,694.0,,,,,,,,
17744,19:17.360,1,608.0,460.0,782.0,693.0,,,,,,,,
17745,19:17.393,1,613.0,460.0,789.0,693.0,,,,,,,,
17746,19:17.427,1,625.0,465.0,798.0,695.0,,,,,,,,
17747,19:17.460,1,638.0,468.0,808.0,698.0,,,,,,,,
17748,19:17.493,2,647.0,466.0,819.0,701.0,-107.0,473.0,128.0,774.0,,,,
17749,19:17.527,2,656.0,470.0,826.0,702.0,-106.0,473.0,142.0,779.0,,,,
17750,19:17.560,2,664.0,472.0,831.0,702.0,-109.0,465.0,152.0,780.0,,,,
17751,19:17.593,2,667.0,470.0,834.0,698.0,-106.0,461.0,156.0,776.0,,,,
17752,19:17.627,2,669.0,468.0,836.0,696.0,-100.0,461.0,158.0,774.0,,,,
17753,19:17.660,2,670.0,468.0,840.0,695.0,-92.0,461.0,162.0,772.0,,,,
17754,19:17.693,2,674.0,469.0,844.0,697.0,-80.0,465.0,168.0,774.0,,,,
17755,19:17.727,2,680.0,468.0,849.0,697.0,-65.0,467.0,175.0,775.0,,,,
17756,19:17.760,2,689.0,469.0,856.0,696.0,-56.0,466.0,187.0,775.0,,,,
17757,19:17.793,2,700.0,466.0,865.0,696.0,-49.0,468.0,200.0,774.0,,,,
17758,19:17.827,2,705.0,466.0,873.0,697.0,-43.0,473.0,210.0,775.0,,,,
17759,19:17.860,2,709.0,467.0,878.0,699.0,-35.0,476.0,216.0,775.0,,,,
17760,19:17.893,2,710.0,468.0,878.0,701.0,-32.0,480.0,217.0,780.0,,,,
17761,19:17.927,2,704.0,468.0,872.0,701.0,-38.0,481.0,211.0,779.0,,,,
17762,19:17.960,2,700.0,469.0,866.0,701.0,-46.0,479.0,202.0,779.0,,,,
17763,19:17.993,2,694.0,470.0,860.0,699.0,-52.0,473.0,194.0,778.0,,,,
17764,19:18.027,2,689.0,470.0,856.0,697.0,-56.0,471.0,189.0,777.0,,,,
17765,19:18.060,2,686.0,468.0,854.0,695.0,-58.0,469.0,187.0,776.0,,,,
17766,19:18.093,2,687.0,467.0,855.0,695.0,-58.0,470.0,188.0,775.0,,,,
17767,19:18.127,2,694.0,469.0,859.0,695.0,-54.0,471.0,195.0,777.0,,,,
17768,19:18.160,2,696.0,472.0,862.0,698.0,-50.0,475.0,199.0,780.0,,,,
17769,19:18.193,2,695.0,470.0,860.0,696.0,-52.0,473.0,197.0,778.0,,,,
17770,19:18.228,2,692.0,469.0,857.0,693.0,-55.0,469.0,195.0,774.0,,,,
17771,19:18.262,2,689.0,466.0,856.0,693.0,-57.0,468.0,193.0,773.0,,,,
17772,19:18.295,2,686.0,465.0,854.0,692.0,-59.0,466.0,189.0,771.0,,,,
17773,19:18.328,2,684.0,464.0,852.0,691.0,-60.0,465.0,185.0,771.0,,,,
17774,19:18.362,2,679.0,463.0,849.0,690.0,-62.0,466.0,182.0,772.0,,,,
17775,19:18.395,2,677.0,464.0,847.0,691.0,-64.0,467.0,180.0,773.0,,,,
17776,19:18.428,2,675.0,465.0,845.0,691.0,-65.0,468.0,179.0,773.0,,,,
17777,19:18.462,2,674.0,465.0,844.0,690.0,-66.0,467.0,178.0,773.0,,,,
17778,19:18.495,2,673.0,465.0,844.0,691.0,-66.0,466.0,178.0,772.0,,,,
17779,19:18.528,2,674.0,465.0,844.0,691.0,-66.0,465.0,179.0,772.0,,,,
17780,19:18.562,2,674.0,465.0,844.0,690.0,-65.0,464.0,180.0,771.0,,,,
17781,19:18.595,2,674.0,465.0,844.0,690.0,-65.0,463.0,180.0,769.0,,,,
17782,19:18.628,2,673.0,465.0,844.0,691.0,-67.0,462.0,179.0,769.0,,,,
17783,19:18.662,2,672.0,465.0,843.0,692.0,-68.0,462.0,178.0,769.0,,,,
17784,19:18.695,2,671.0,466.0,842.0,692.0,-68.0,463.0,177.0,769.0,,,,
17785,19:18.728,2,671.0,465.0,842.0,692.0,-69.0,460.0,177.0,767.0,,,,
17786,19:18.762,2,-70.0,456.0,178.0,764.0,673.0,462.0,843.0,689.0,,,,
17787,19:18.795,2,-67.0,453.0,179.0,759.0,674.0,457.0,844.0,683.0,,,,
17788,19:18.828,2,-68.0,446.0,179.0,754.0,675.0,449.0,847.0,679.0,,,,
17789,19:18.862,2,674.0,441.0,846.0,675.0,-67.0,441.0,177.0,749.0,,,,
17790,19:18.895,2,672.0,438.0,844.0,674.0,-73.0,437.0,173.0,748.0,,,,
17791,19:18.928,2,671.0,438.0,841.0,671.0,-83.0,433.0,169.0,747.0,,,,
17792,19:18.962,2,670.0,436.0,840.0,668.0,-87.0,430.0,166.0,743.0,,,,
17793,19:18.995,2,670.0,436.0,839.0,666.0,-89.0,428.0,164.0,741.0,,,,
17794,19:19.028,2,668.0,435.0,838.0,665.0,-91.0,427.0,161.0,739.0,,,,
17795,19:19.062,2,665.0,435.0,835.0,665.0,-95.0,427.0,157.0,737.0,,,,
17796,19:19.095,2,660.0,435.0,829.0,662.0,-101.0,425.0,151.0,734.0,,,,
17797,19:19.128,2,657.0,433.0,827.0,663.0,-108.0,422.0,147.0,732.0,,,,
17798,19:19.162,2,655.0,432.0,826.0,662.0,-109.0,421.0,143.0,732.0,,,,
17799,19:19.195,2,655.0,432.0,826.0,662.0,-110.0,421.0,142.0,732.0,,,,
17800,19:19.228,2,656.0,433.0,827.0,663.0,-109.0,423.0,144.0,732.0,,,,
17801,19:19.262,2,658.0,435.0,827.0,663.0,-108.0,424.0,147.0,732.0,,,,
17802,19:19.295,2,661.0,438.0,831.0,665.0,-106.0,426.0,149.0,734.0,,,,
17803,19:19.328,2,663.0,439.0,834.0,669.0,-106.0,428.0,150.0,737.0,,,,
17804,19:19.362,2,664.0,440.0,835.0,670.0,-107.0,428.0,149.0,739.0,,,,
17805,19:19.395,2,665.0,440.0,835.0,673.0,-108.0,431.0,148.0,742.0,,,,
17806,19:19.428,2,670.0,442.0,842.0,678.0,-105.0,434.0,156.0,746.0,,,,
17807,19:19.462,2,699.0,460.0,867.0,687.0,-61.0,449.0,193.0,755.0,,,,
17808,19:19.487,2,12.0,463.0,268.0,763.0,757.0,469.0,920.0,697.0,,,,
17809,19:19.520,2,121.0,471.0,363.0,766.0,828.0,472.0,991.0,697.0,,,,
17810,19:19.553,2,236.0,481.0,463.0,768.0,909.0,476.0,1067.0,699.0,,,,
17811,19:19.587,2,342.0,498.0,555.0,778.0,985.0,475.0,1143.0,703.0,,,,
17812,19:19.620,2,431.0,517.0,635.0,790.0,1055.0,494.0,1209.0,713.0,,,,
17813,19:19.653,2,498.0,531.0,696.0,803.0,1108.0,501.0,1263.0,723.0,,,,
17814,19:19.687,3,547.0,544.0,742.0,811.0,1150.0,510.0,1304.0,730.0,-73.0,477.0,140.0,731.0
17815,19:19.720,3,585.0,548.0,776.0,813.0,-38.0,480.0,187.0,731.0,1179.0,511.0,1333.0,729.0
17816,19:19.753,3,610.0,551.0,800.0,814.0,-4.0,484.0,223.0,731.0,1207.0,515.0,1359.0,733.0
17817,19:19.787,3,632.0,549.0,817.0,811.0,20.0,478.0,249.0,732.0,1222.0,513.0,1376.0,732.0
17818,19:19.820,3,647.0,550.0,832.0,810.0,42.0,476.0,270.0,726.0,1236.0,509.0,1389.0,729.0
17819,19:19.853,3,656.0,556.0,841.0,812.0,58.0,480.0,280.0,729.0,1243.0,514.0,1397.0,734.0
17820,19:19.887,3,658.0,561.0,844.0,819.0,61.0,487.0,284.0,735.0,1244.0,525.0,1400.0,740.0
17821,19:19.920,3,652.0,566.0,837.0,823.0,54.0,498.0,277.0,742.0,1239.0,529.0,1394.0,746.0
17822,19:19.953,3,641.0,563.0,828.0,822.0,41.0,494.0,267.0,741.0,1235.0,529.0,1388.0,747.0
17823,19:19.987,3,26.0,482.0,256.0,734.0,633.0,558.0,820.0,819.0,1227.0,526.0,1380.0,741.0
17824,19:20.020,3,626.0,549.0,812.0,811.0,15.0,475.0,245.0,728.0,1220.0,521.0,1373.0,735.0
17825,19:20.053,3,616.0,543.0,805.0,807.0,4.0,468.0,237.0,721.0,1213.0,512.0,1367.0,730.0
17826,19:20.087,3,610.0,535.0,801.0,800.0,1209.0,505.0,1363.0,724.0,-2.0,461.0,228.0,714.0
17827,19:20.120,3,604.0,532.0,795.0,796.0,-9.0,459.0,220.0,709.0,1206.0,501.0,1359.0,720.0
17828,19:20.153,3,596.0,527.0,787.0,792.0,-18.0,457.0,210.0,704.0,1196.0,493.0,1352.0,715.0
17829,19:20.187,3,584.0,522.0,779.0,788.0,1189.0,492.0,1342.0,710.0,-29.0,455.0,198.0,699.0
17830,19:20.220,3,577.0,517.0,774.0,786.0,1181.0,489.0,1336.0,710.0,-40.0,446.0,192.0,702.0
17831,19:20.253,3,573.0,515.0,767.0,785.0,1177.0,486.0,1332.0,709.0,-47.0,440.0,184.0,702.0
17832,19:20.287,3,571.0,514.0,763.0,784.0,1176.0,485.0,1331.0,708.0,-49.0,439.0,180.0,702.0
17833,19:20.320,3,569.0,513.0,761.0,783.0,1176.0,484.0,1330.0,706.0,-50.0,441.0,178.0,701.0
17834,19:20.353,3,567.0,515.0,759.0,784.0,1175.0,484.0,1329.0,707.0,-52.0,443.0,175.0,702.0
17835,19:20.387,3,564.0,515.0,756.0,782.0,1172.0,482.0,1327.0,705.0,-53.0,443.0,171.0,700.0
17836,19:20.420,3,560.0,513.0,753.0,779.0,1170.0,479.0,1325.0,702.0,-55.0,440.0,167.0,697.0
17837,19:20.453,3,556.0,511.0,751.0,779.0,1168.0,479.0,1322.0,701.0,-56.0,439.0,163.0,696.0
17838,19:20.487,3,552.0,509.0,747.0,778.0,1165.0,479.0,1320.0,699.0,-60.0,437.0,160.0,694.0
17839,19:20.520,3,549.0,507.0,745.0,775.0,1163.0,479.0,1318.0,698.0,-65.0,433.0,156.0,692.0
17840,19:20.553,3,546.0,508.0,743.0,776.0,1160.0,481.0,1316.0,698.0,-68.0,434.0,154.0,693.0
17841,19:20.587,3,545.0,509.0,741.0,778.0,1160.0,484.0,1315.0,699.0,-70.0,434.0,153.0,695.0
17842,19:20.620,3,539.0,510.0,735.0,779.0,1154.0,482.0,1310.0,701.0,-76.0,437.0,147.0,697.0
17843,19:20.653,3,521.0,510.0,721.0,780.0,1144.0,482.0,1297.0,702.0,-87.0,436.0,126.0,697.0
17844,19:20.687,2,493.0,506.0,695.0,780.0,1118.0,481.0,1273.0,704.0,,,,
17845,19:20.720,2,443.0,508.0,649.0,781.0,1077.0,483.0,1234.0,706.0,,,,
17846,19:20.753,2,360.0,502.0,574.0,781.0,1016.0,486.0,1172.0,709.0,,,,
17847,19:20.787,2,243.0,491.0,474.0,776.0,936.0,485.0,1092.0,709.0,,,,
17848,19:20.820,2,113.0,472.0,357.0,765.0,844.0,483.0,1002.0,707.0,,,,
17849,19:20.878,2,-25.0,452.0,235.0,757.0,751.0,470.0,915.0,699.0,,,,
17850,19:20.895,1,669.0,465.0,839.0,691.0,,,,,,,,
17851,19:20.945,1,604.0,458.0,778.0,687.0,,,,,,,,
17852,19:20.962,1,551.0,452.0,729.0,685.0,,,,,,,,
17853,19:20.987,1,514.0,450.0,692.0,679.0,,,,,,,,
17854,19:21.020,1,488.0,441.0,672.0,678.0,,,,,,,,
17855,19:21.053,1,471.0,442.0,657.0,678.0,,,,,,,,
17856,19:21.087,1,463.0,444.0,649.0,680.0,,,,,,,,
17857,19:21.120,1,461.0,447.0,646.0,683.0,,,,,,,,
17858,19:21.153,1,462.0,448.0,647.0,684.0,,,,,,,,
17859,19:21.187,1,463.0,448.0,648.0,688.0,,,,,,,,
17860,19:21.220,1,463.0,448.0,649.0,689.0,,,,,,,,
17861,19:21.253,1,463.0,447.0,649.0,688.0,,,,,,,,
17862,19:21.287,1,463.0,448.0,648.0,687.0,,,,,,,,
17863,19:21.320,1,461.0,448.0,647.0,687.0,,,,,,,,
17864,19:21.353,1,460.0,447.0,646.0,684.0,,,,,,,,
17865,19:21.387,1,461.0,446.0,646.0,682.0,,,,,,,,
17866,19:21.420,1,463.0,446.0,648.0,681.0,,,,,,,,
17867,19:21.453,1,463.0,446.0,649.0,681.0,,,,,,,,
17868,19:21.487,1,463.0,445.0,649.0,680.0,,,,,,,,
17869,19:21.520,1,464.0,443.0,650.0,679.0,,,,,,,,
17870,19:21.553,1,465.0,442.0,651.0,677.0,,,,,,,,
17871,19:21.587,1,466.0,441.0,652.0,676.0,,,,,,,,
17872,19:21.620,1,467.0,440.0,653.0,676.0,,,,,,,,
17873,19:21.653,1,467.0,437.0,653.0,674.0,,,,,,,,
17874,19:21.687,1,466.0,436.0,651.0,672.0,,,,,,,,
17875,19:21.720,1,463.0,434.0,648.0,670.0,,,,,,,,
17876,19:21.753,1,458.0,427.0,642.0,668.0,,,,,,,,
17877,19:21.787,1,444.0,421.0,632.0,665.0,,,,,,,,
17878,19:21.820,1,433.0,420.0,619.0,660.0,,,,,,,,
17879,19:21.853,1,420.0,419.0,608.0,658.0,,,,,,,,
17880,19:21.887,1,406.0,419.0,597.0,655.0,,,,,,,,
17881,19:21.920,1,398.0,417.0,585.0,650.0,,,,,,,,
17882,19:21.953,1,387.0,409.0,578.0,644.0,,,,,,,,
17883,19:21.987,1,381.0,408.0,572.0,642.0,,,,,,,,
17884,19:22.020,1,379.0,407.0,570.0,642.0,,,,,,,,
17885,19:22.053,1,379.0,408.0,570.0,641.0,,,,,,,,
17886,19:22.087,1,380.0,406.0,570.0,639.0,,,,,,,,
17887,19:22.120,1,378.0,405.0,568.0,637.0,,,,,,,,
17888,19:22.153,1,378.0,405.0,567.0,636.0,,,,,,,,
17889,19:22.188,1,380.0,411.0,570.0,643.0,,,,,,,,
17890,19:22.222,1,399.0,445.0,582.0,673.0,,,,,,,,
17891,19:22.255,1,423.0,501.0,606.0,731.0,,,,,,,,
17892,19:22.288,1,443.0,539.0,624.0,773.0,,,,,,,,
17893,19:22.322,1,461.0,567.0,637.0,795.0,,,,,,,,
17894,19:22.355,1,467.0,572.0,645.0,803.0,,,,,,,,
17895,19:22.388,1,472.0,564.0,650.0,790.0,,,,,,,,
17896,19:22.422,1,474.0,550.0,652.0,776.0,,,,,,,,
17897,19:22.455,1,472.0,533.0,650.0,756.0,,,,,,,,
17898,19:22.488,1,470.0,509.0,648.0,733.0,,,,,,,,
17899,19:22.522,1,464.0,489.0,643.0,717.0,,,,,,,,
17900,19:22.555,1,463.0,482.0,640.0,710.0,,,,,,,,
17901,19:22.588,1,459.0,489.0,638.0,719.0,,,,,,,,
17902,19:22.622,1,458.0,503.0,634.0,729.0,,,,,,,,
17903,19:22.655,1,452.0,521.0,632.0,746.0,,,,,,,,
17904,19:22.688,1,448.0,531.0,630.0,759.0,,,,,,,,
17905,19:22.722,1,444.0,537.0,626.0,768.0,,,,,,,,
17906,19:22.755,1,438.0,535.0,621.0,765.0,,,,,,,,
17907,19:22.788,1,434.0,532.0,619.0,760.0,,,,,,,,
17908,19:22.822,1,436.0,530.0,620.0,756.0,,,,,,,,
17909,19:22.855,1,439.0,526.0,622.0,749.0,,,,,,,,
17910,19:22.888,1,442.0,512.0,624.0,740.0,,,,,,,,
17911,19:22.922,1,444.0,507.0,626.0,733.0,,,,,,,,
17912,19:22.955,1,441.0,496.0,623.0,724.0,,,,,,,,
17913,19:22.988,1,433.0,486.0,614.0,717.0,,,,,,,,
17914,19:23.022,1,423.0,480.0,606.0,709.0,,,,,,,,
17915,19:23.055,1,410.0,472.0,598.0,699.0,,,,,,,,
17916,19:23.088,1,403.0,463.0,589.0,692.0,,,,,,,,
17917,19:23.122,1,395.0,458.0,581.0,686.0,,,,,,,,
17918,19:23.155,1,388.0,447.0,576.0,677.0,,,,,,,,
17919,19:23.188,1,385.0,436.0,572.0,669.0,,,,,,,,
17920,19:23.222,1,380.0,430.0,569.0,664.0,,,,,,,,
17921,19:23.255,1,377.0,429.0,567.0,662.0,,,,,,,,
17922,19:23.288,1,375.0,428.0,566.0,659.0,,,,,,,,
17923,19:23.322,1,374.0,429.0,565.0,660.0,,,,,,,,
17924,19:23.355,1,374.0,429.0,565.0,660.0,,,,,,,,
17925,19:23.388,1,372.0,429.0,563.0,661.0,,,,,,,,
17926,19:23.422,1,369.0,427.0,559.0,661.0,,,,,,,,
17927,19:23.455,1,368.0,427.0,557.0,661.0,,,,,,,,
17928,19:23.488,1,368.0,428.0,557.0,663.0,,,,,,,,
17929,19:23.522,1,369.0,429.0,558.0,663.0,,,,,,,,
17930,19:23.555,1,371.0,430.0,561.0,662.0,,,,,,,,
17931,19:23.588,1,372.0,430.0,563.0,663.0,,,,,,,,
17932,19:23.622,1,376.0,431.0,566.0,663.0,,,,,,,,
17933,19:23.655,1,380.0,431.0,568.0,664.0,,,,,,,,
17934,19:23.688,1,382.0,430.0,571.0,665.0,,,,,,,,
17935,19:23.722,1,384.0,430.0,572.0,665.0,,,,,,,,
17936,19:23.755,1,383.0,430.0,572.0,663.0,,,,,,,,
17937,19:23.788,1,383.0,429.0,572.0,663.0,,,,,,,,
17938,19:23.822,1,385.0,429.0,574.0,664.0,,,,,,,,
17939,19:23.855,1,388.0,429.0,577.0,667.0,,,,,,,,
17940,19:23.888,1,391.0,429.0,580.0,668.0,,,,,,,,
17941,19:23.922,1,394.0,430.0,582.0,668.0,,,,,,,,
17942,19:23.955,1,396.0,433.0,584.0,668.0,,,,,,,,
17943,19:23.988,1,397.0,434.0,585.0,669.0,,,,,,,,
17944,19:24.022,1,398.0,435.0,586.0,669.0,,,,,,,,
17945,19:24.055,1,398.0,436.0,585.0,669.0,,,,,,,,
17946,19:24.088,1,398.0,436.0,586.0,669.0,,,,,,,,
17947,19:24.122,1,399.0,437.0,587.0,670.0,,,,,,,,
17948,19:24.155,1,400.0,440.0,588.0,671.0,,,,,,,,
17949,19:24.188,1,401.0,446.0,589.0,676.0,,,,,,,,
17950,19:24.222,1,402.0,450.0,588.0,678.0,,,,,,,,
17951,19:24.255,1,399.0,455.0,584.0,686.0,,,,,,,,
17952,19:24.288,1,395.0,450.0,582.0,692.0,,,,,,,,
17953,19:24.322,1,390.0,448.0,580.0,693.0,,,,,,,,
17954,19:24.355,1,386.0,449.0,575.0,696.0,,,,,,,,
17955,19:24.388,1,379.0,447.0,571.0,697.0,,,,,,,,
17956,19:24.422,1,376.0,449.0,568.0,694.0,,,,,,,,
17957,19:24.455,1,375.0,452.0,567.0,691.0,,,,,,,,
17958,19:24.488,1,374.0,451.0,566.0,690.0,,,,,,,,
17959,19:24.522,1,373.0,448.0,564.0,688.0,,,,,,,,
17960,19:24.555,1,373.0,448.0,564.0,687.0,,,,,,,,
17961,19:24.588,1,373.0,448.0,565.0,687.0,,,,,,,,
17962,19:24.622,1,374.0,452.0,566.0,687.0,,,,,,,,
17963,19:24.655,1,373.0,449.0,565.0,686.0,,,,,,,,
17964,19:24.688,1,374.0,452.0,567.0,686.0,,,,,,,,
17965,19:24.722,1,375.0,452.0,567.0,687.0,,,,,,,,
17966,19:24.755,1,374.0,452.0,567.0,688.0,,,,,,,,
17967,19:24.788,1,374.0,452.0,566.0,688.0,,,,,,,,
17968,19:24.822,1,374.0,453.0,566.0,688.0,,,,,,,,
17969,19:24.855,1,374.0,455.0,566.0,689.0,,,,,,,,
17970,19:24.888,1,374.0,455.0,566.0,689.0,,,,,,,,
17971,19:24.922,1,374.0,455.0,567.0,689.0,,,,,,,,
17972,19:24.955,1,374.0,454.0,566.0,689.0,,,,,,,,
17973,19:24.988,1,375.0,453.0,567.0,689.0,,,,,,,,
17974,19:25.022,1,375.0,453.0,567.0,689.0,,,,,,,,
17975,19:25.055,1,376.0,454.0,568.0,689.0,,,,,,,,
17976,19:25.088,1,376.0,454.0,568.0,689.0,,,,,,,,
17977,19:25.122,1,376.0,456.0,568.0,690.0,,,,,,,,
17978,19:25.155,1,376.0,456.0,568.0,691.0,,,,,,,,
17979,19:25.188,1,376.0,457.0,568.0,692.0,,,,,,,,
17980,19:25.222,1,376.0,457.0,567.0,692.0,,,,,,,,
17981,19:25.255,1,376.0,458.0,568.0,695.0,,,,,,,,
17982,19:25.288,1,378.0,460.0,570.0,699.0,,,,,,,,
17983,19:25.322,1,381.0,464.0,572.0,700.0,,,,,,,,
17984,19:25.355,1,382.0,469.0,574.0,704.0,,,,,,,,
17985,19:25.388,1,386.0,474.0,575.0,711.0,,,,,,,,
17986,19:25.422,1,389.0,479.0,577.0,713.0,,,,,,,,
17987,19:25.455,1,390.0,479.0,577.0,712.0,,,,,,,,
17988,19:25.488,1,390.0,475.0,578.0,708.0,,,,,,,,
17989,19:25.522,1,387.0,474.0,577.0,706.0,,,,,,,,
17990,19:25.555,1,386.0,473.0,576.0,705.0,,,,,,,,
17991,19:25.588,1,386.0,474.0,576.0,706.0,,,,,,,,
17992,19:25.622,1,385.0,474.0,575.0,707.0,,,,,,,,
17993,19:25.655,1,384.0,474.0,575.0,706.0,,,,,,,,
17994,19:25.688,1,384.0,474.0,574.0,706.0,,,,,,,,
17995,19:25.722,1,384.0,471.0,575.0,703.0,,,,,,,,
17996,19:25.755,1,385.0,474.0,576.0,706.0,,,,,,,,
17997,19:25.788,1,388.0,475.0,577.0,706.0,,,,,,,,
17998,19:25.822,1,390.0,475.0,579.0,707.0,,,,,,,,
17999,19:25.855,1,390.0,482.0,577.0,713.0,,,,,,,,
18000,19:25.888,1,382.0,484.0,572.0,717.0,,,,,,,,
18001,19:25.922,1,378.0,482.0,568.0,717.0,,,,,,,,
18002,19:25.955,1,376.0,479.0,567.0,713.0,,,,,,,,
18003,19:25.988,1,380.0,478.0,571.0,711.0,,,,,,,,
18004,19:26.022,1,386.0,474.0,575.0,707.0,,,,,,,,
18005,19:26.055,1,387.0,473.0,577.0,704.0,,,,,,,,
18006,19:26.088,1,387.0,471.0,577.0,701.0,,,,,,,,
18007,19:26.122,1,385.0,469.0,575.0,699.0,,,,,,,,
18008,19:26.155,1,382.0,466.0,571.0,697.0,,,,,,,,
18009,19:26.188,1,378.0,463.0,568.0,695.0,,,,,,,,
18010,19:26.222,1,375.0,464.0,566.0,693.0,,,,,,,,
18011,19:26.255,1,374.0,459.0,565.0,690.0,,,,,,,,
18012,19:26.290,1,374.0,457.0,564.0,689.0,,,,,,,,
18013,19:26.323,1,374.0,457.0,565.0,689.0,,,,,,,,
18014,19:26.357,1,374.0,456.0,565.0,689.0,,,,,,,,
18015,19:26.390,1,375.0,456.0,566.0,689.0,,,,,,,,
18016,19:26.423,1,374.0,457.0,565.0,689.0,,,,,,,,
18017,19:26.457,1,374.0,458.0,565.0,689.0,,,,,,,,
18018,19:26.490,1,374.0,458.0,564.0,689.0,,,,,,,,
18019,19:26.523,1,374.0,459.0,565.0,690.0,,,,,,,,
18020,19:26.557,1,374.0,458.0,565.0,690.0,,,,,,,,
18021,19:26.590,1,374.0,458.0,564.0,689.0,,,,,,,,
18022,19:26.623,1,372.0,457.0,562.0,688.0,,,,,,,,
18023,19:26.657,1,371.0,455.0,561.0,687.0,,,,,,,,
18024,19:26.690,1,371.0,455.0,560.0,687.0,,,,,,,,
18025,19:26.723,1,371.0,454.0,560.0,685.0,,,,,,,,
18026,19:26.757,1,371.0,453.0,561.0,684.0,,,,,,,,
18027,19:26.790,1,372.0,451.0,562.0,683.0,,,,,,,,
18028,19:26.823,1,372.0,450.0,562.0,682.0,,,,,,,,
18029,19:26.857,1,372.0,449.0,562.0,680.0,,,,,,,,
18030,19:26.890,1,372.0,450.0,561.0,679.0,,,,,,,,
18031,19:26.923,1,372.0,450.0,561.0,678.0,,,,,,,,
18032,19:26.957,1,371.0,447.0,560.0,677.0,,,,,,,,
18033,19:26.990,1,371.0,445.0,560.0,675.0,,,,,,,,
18034,19:27.023,1,371.0,443.0,560.0,675.0,,,,,,,,
18035,19:27.057,1,371.0,444.0,561.0,675.0,,,,,,,,
18036,19:27.090,1,372.0,446.0,562.0,676.0,,,,,,,,
18037,19:27.123,1,373.0,446.0,563.0,676.0,,,,,,,,
18038,19:27.157,1,373.0,446.0,563.0,677.0,,,,,,,,
18039,19:27.190,1,374.0,447.0,563.0,677.0,,,,,,,,
18040,19:27.223,1,373.0,448.0,563.0,678.0,,,,,,,,
18041,19:27.257,1,373.0,450.0,563.0,679.0,,,,,,,,
18042,19:27.290,1,373.0,451.0,562.0,680.0,,,,,,,,
18043,19:27.323,1,373.0,451.0,562.0,680.0,,,,,,,,
18044,19:27.357,1,373.0,453.0,562.0,681.0,,,,,,,,
18045,19:27.390,1,372.0,452.0,562.0,681.0,,,,,,,,
18046,19:27.423,1,372.0,452.0,562.0,682.0,,,,,,,,
18047,19:27.457,1,372.0,452.0,561.0,682.0,,,,,,,,
18048,19:27.490,1,372.0,451.0,561.0,681.0,,,,,,,,
18049,19:27.523,1,371.0,451.0,560.0,682.0,,,,,,,,
18050,19:27.557,1,371.0,451.0,559.0,682.0,,,,,,,,
18051,19:27.590,1,371.0,451.0,560.0,681.0,,,,,,,,
18052,19:27.623,1,372.0,451.0,561.0,681.0,,,,,,,,
18053,19:27.657,1,373.0,451.0,562.0,680.0,,,,,,,,
18054,19:27.690,1,372.0,451.0,562.0,681.0,,,,,,,,
18055,19:27.723,1,373.0,451.0,562.0,680.0,,,,,,,,
18056,19:27.757,1,373.0,450.0,563.0,679.0,,,,,,,,
18057,19:27.790,1,374.0,447.0,564.0,677.0,,,,,,,,
18058,19:27.823,1,376.0,445.0,566.0,674.0,,,,,,,,
18059,19:27.857,1,376.0,445.0,566.0,675.0,,,,,,,,
18060,19:27.890,1,376.0,445.0,566.0,674.0,,,,,,,,
18061,19:27.923,1,376.0,443.0,566.0,673.0,,,,,,,,
18062,19:27.957,1,376.0,443.0,566.0,673.0,,,,,,,,
18063,19:27.990,1,377.0,442.0,567.0,672.0,,,,,,,,
18064,19:28.023,1,378.0,443.0,568.0,672.0,,,,,,,,
18065,19:28.057,1,379.0,443.0,568.0,672.0,,,,,,,,
18066,19:28.090,1,380.0,444.0,569.0,673.0,,,,,,,,
18067,19:28.123,1,379.0,446.0,568.0,675.0,,,,,,,,
18068,19:28.157,1,377.0,446.0,567.0,676.0,,,,,,,,
18069,19:28.190,1,375.0,446.0,566.0,677.0,,,,,,,,
18070,19:28.223,1,375.0,449.0,564.0,678.0,,,,,,,,
18071,19:28.257,1,373.0,450.0,563.0,679.0,,,,,,,,
18072,19:28.290,1,371.0,452.0,560.0,682.0,,,,,,,,
18073,19:28.323,1,369.0,454.0,558.0,685.0,,,,,,,,
18074,19:28.357,1,367.0,461.0,557.0,693.0,,,,,,,,
18075,19:28.390,1,366.0,465.0,556.0,698.0,,,,,,,,
18076,19:28.423,1,364.0,467.0,554.0,702.0,,,,,,,,
18077,19:28.457,1,361.0,465.0,552.0,700.0,,,,,,,,
18078,19:28.490,1,358.0,461.0,551.0,696.0,,,,,,,,
18079,19:28.523,1,356.0,464.0,550.0,699.0,,,,,,,,
18080,19:28.557,1,353.0,466.0,546.0,701.0,,,,,,,,
18081,19:28.590,1,350.0,476.0,544.0,711.0,,,,,,,,
18082,19:28.623,1,349.0,487.0,541.0,720.0,,,,,,,,
18083,19:28.657,1,354.0,489.0,545.0,722.0,,,,,,,,
18084,19:28.690,1,364.0,500.0,552.0,729.0,,,,,,,,
18085,19:28.723,1,376.0,497.0,565.0,728.0,,,,,,,,
18086,19:28.757,1,394.0,496.0,580.0,726.0,,,,,,,,
18087,19:28.790,1,403.0,498.0,590.0,726.0,,,,,,,,
18088,19:28.823,1,407.0,498.0,593.0,725.0,,,,,,,,
18089,19:28.857,1,404.0,496.0,591.0,725.0,,,,,,,,
18090,19:28.890,1,401.0,495.0,587.0,725.0,,,,,,,,
18091,19:28.923,1,398.0,497.0,584.0,725.0,,,,,,,,
18092,19:28.957,1,397.0,496.0,583.0,726.0,,,,,,,,
18093,19:28.990,1,399.0,497.0,585.0,725.0,,,,,,,,
18094,19:29.023,1,400.0,494.0,586.0,724.0,,,,,,,,
18095,19:29.057,1,403.0,493.0,589.0,723.0,,,,,,,,
18096,19:29.090,1,406.0,491.0,594.0,723.0,,,,,,,,
18097,19:29.123,1,411.0,493.0,598.0,723.0,,,,,,,,
18098,19:29.157,1,429.0,497.0,612.0,727.0,,,,,,,,
18099,19:29.190,1,476.0,508.0,654.0,733.0,,,,,,,,
18100,19:29.223,1,562.0,532.0,736.0,758.0,,,,,,,,
18101,19:29.257,2,-39.0,575.0,203.0,877.0,696.0,567.0,859.0,790.0,,,,
18102,19:29.290,2,179.0,617.0,407.0,902.0,850.0,596.0,1006.0,806.0,,,,
18103,19:29.323,2,399.0,637.0,599.0,904.0,1007.0,596.0,1159.0,802.0,,,,
18104,19:29.357,3,582.0,638.0,766.0,894.0,1152.0,577.0,1303.0,785.0,-87.0,590.0,129.0,846.0
18105,19:29.390,3,732.0,633.0,906.0,882.0,110.0,595.0,324.0,830.0,1284.0,566.0,1435.0,771.0
18106,19:29.423,3,852.0,620.0,1020.0,863.0,1394.0,542.0,1550.0,758.0,274.0,583.0,469.0,812.0
18107,19:29.457,3,946.0,610.0,1110.0,851.0,1487.0,538.0,1646.0,750.0,399.0,578.0,579.0,796.0
18108,19:29.490,3,1016.0,607.0,1177.0,846.0,485.0,571.0,660.0,786.0,1561.0,534.0,1722.0,752.0
18109,19:29.523,3,1068.0,602.0,1230.0,839.0,549.0,561.0,719.0,776.0,1618.0,528.0,1782.0,749.0
18110,19:29.557,3,1102.0,587.0,1266.0,827.0,1658.0,516.0,1826.0,739.0,591.0,540.0,758.0,755.0
18111,19:29.590,3,1123.0,576.0,1286.0,812.0,1681.0,507.0,1852.0,729.0,613.0,527.0,780.0,738.0
18112,19:29.623,3,1139.0,560.0,1301.0,802.0,1700.0,493.0,1869.0,719.0,628.0,508.0,794.0,721.0
18113,19:29.657,3,1708.0,482.0,1881.0,712.0,1147.0,547.0,1308.0,788.0,637.0,496.0,802.0,707.0
18114,19:29.690,3,1148.0,542.0,1312.0,781.0,1713.0,478.0,1886.0,706.0,641.0,483.0,806.0,698.0
18115,19:29.723,3,1148.0,536.0,1312.0,776.0,1713.0,475.0,1888.0,700.0,641.0,480.0,806.0,694.0
18116,19:29.757,3,1143.0,525.0,1307.0,767.0,1708.0,463.0,1882.0,692.0,635.0,469.0,801.0,689.0
18117,19:29.790,3,1135.0,525.0,1300.0,763.0,1700.0,461.0,1872.0,688.0,626.0,468.0,793.0,685.0
18118,19:29.823,3,1124.0,524.0,1289.0,760.0,1688.0,459.0,1861.0,684.0,612.0,468.0,781.0,683.0
18119,19:29.857,3,1114.0,516.0,1277.0,755.0,1676.0,451.0,1847.0,676.0,599.0,459.0,769.0,679.0
18120,19:29.890,3,1664.0,442.0,1835.0,665.0,1098.0,506.0,1267.0,746.0,585.0,450.0,754.0,668.0
18121,19:29.923,3,1090.0,489.0,1256.0,735.0,1653.0,423.0,1824.0,653.0,571.0,435.0,742.0,655.0
18122,19:29.957,3,1082.0,476.0,1246.0,722.0,1645.0,410.0,1816.0,639.0,559.0,418.0,734.0,642.0
18123,19:29.990,3,1076.0,473.0,1240.0,720.0,1640.0,408.0,1810.0,635.0,553.0,417.0,727.0,641.0
18124,19:30.023,3,1070.0,473.0,1237.0,721.0,1633.0,410.0,1805.0,636.0,548.0,418.0,723.0,642.0
18125,19:30.057,3,1065.0,477.0,1230.0,722.0,1627.0,410.0,1797.0,638.0,541.0,425.0,716.0,646.0
18126,19:30.090,3,1060.0,475.0,1225.0,721.0,1620.0,409.0,1789.0,637.0,533.0,420.0,708.0,642.0
18127,19:30.123,3,1054.0,472.0,1218.0,718.0,1614.0,406.0,1780.0,633.0,525.0,414.0,701.0,639.0
18128,19:30.157,3,1048.0,470.0,1213.0,718.0,1607.0,409.0,1775.0,633.0,518.0,412.0,693.0,636.0
18129,19:30.190,3,1041.0,467.0,1210.0,715.0,1602.0,407.0,1770.0,630.0,512.0,411.0,689.0,634.0
18130,19:30.225,3,1037.0,467.0,1205.0,713.0,1598.0,404.0,1765.0,628.0,507.0,409.0,684.0,633.0
18131,19:30.258,3,1033.0,463.0,1201.0,708.0,1594.0,398.0,1760.0,625.0,501.0,407.0,679.0,630.0
18132,19:30.292,3,1029.0,460.0,1196.0,704.0,494.0,401.0,673.0,625.0,1589.0,389.0,1756.0,619.0
18133,19:30.325,3,1024.0,455.0,1189.0,699.0,485.0,396.0,665.0,621.0,1584.0,387.0,1748.0,612.0
18134,19:30.358,3,1017.0,451.0,1183.0,697.0,477.0,395.0,657.0,619.0,1575.0,390.0,1742.0,609.0
18135,19:30.392,3,1010.0,448.0,1179.0,695.0,471.0,389.0,651.0,616.0,1568.0,389.0,1734.0,607.0
18136,19:30.425,3,1564.0,384.0,1729.0,605.0,1005.0,446.0,1174.0,694.0,465.0,389.0,645.0,617.0
18137,19:30.458,3,460.0,386.0,639.0,612.0,1002.0,444.0,1169.0,690.0,1559.0,380.0,1724.0,603.0
18138,19:30.500,3,453.0,382.0,635.0,611.0,1557.0,377.0,1722.0,601.0,1000.0,443.0,1165.0,689.0
18139,19:30.525,3,449.0,380.0,632.0,609.0,997.0,440.0,1163.0,688.0,1555.0,374.0,1719.0,596.0
18140,19:30.558,3,446.0,376.0,628.0,606.0,1552.0,370.0,1715.0,592.0,994.0,435.0,1160.0,685.0
18141,19:30.592,3,442.0,377.0,624.0,604.0,1548.0,366.0,1713.0,590.0,989.0,433.0,1155.0,683.0
18142,19:30.625,3,436.0,376.0,620.0,602.0,983.0,431.0,1152.0,681.0,1544.0,364.0,1708.0,590.0
18143,19:30.658,3,432.0,377.0,615.0,604.0,1540.0,367.0,1704.0,593.0,979.0,432.0,1150.0,683.0
18144,19:30.692,3,429.0,380.0,613.0,608.0,1536.0,370.0,1700.0,595.0,977.0,436.0,1147.0,687.0
18145,19:30.725,3,427.0,379.0,611.0,607.0,1534.0,368.0,1698.0,594.0,976.0,436.0,1145.0,686.0
18146,19:30.758,3,423.0,379.0,609.0,606.0,1532.0,366.0,1697.0,593.0,974.0,434.0,1142.0,684.0
18147,19:30.792,3,1531.0,362.0,1696.0,591.0,421.0,378.0,607.0,606.0,973.0,430.0,1142.0,681.0
18148,19:30.825,3,1532.0,358.0,1696.0,586.0,973.0,425.0,1143.0,676.0,420.0,371.0,607.0,602.0
18149,19:30.858,3,1533.0,357.0,1698.0,582.0,975.0,422.0,1143.0,672.0,420.0,367.0,607.0,597.0
18150,19:30.892,3,1535.0,355.0,1699.0,579.0,975.0,420.0,1144.0,668.0,421.0,365.0,608.0,594.0
18151,19:30.925,3,976.0,417.0,1146.0,666.0,1538.0,354.0,1701.0,576.0,424.0,360.0,611.0,590.0
18152,19:30.958,3,978.0,416.0,1148.0,664.0,1540.0,353.0,1703.0,575.0,427.0,359.0,613.0,587.0
18153,19:30.992,3,979.0,416.0,1149.0,664.0,1541.0,354.0,1705.0,575.0,429.0,358.0,614.0,587.0
18154,19:31.025,3,980.0,417.0,1150.0,666.0,1542.0,356.0,1707.0,575.0,431.0,360.0,616.0,587.0
18155,19:31.058,3,980.0,417.0,1150.0,665.0,1543.0,355.0,1707.0,575.0,431.0,359.0,616.0,587.0
18156,19:31.092,3,981.0,415.0,1150.0,662.0,1543.0,352.0,1707.0,573.0,431.0,357.0,615.0,585.0
18157,19:31.125,3,980.0,414.0,1150.0,661.0,1542.0,352.0,1706.0,573.0,430.0,356.0,615.0,584.0
18158,19:31.158,3,979.0,410.0,1149.0,659.0,1541.0,347.0,1705.0,569.0,429.0,354.0,614.0,582.0
18159,19:31.192,3,978.0,407.0,1149.0,658.0,1540.0,344.0,1705.0,567.0,428.0,353.0,614.0,580.0
18160,19:31.225,3,978.0,405.0,1148.0,655.0,1540.0,342.0,1705.0,565.0,428.0,352.0,614.0,580.0
18161,19:31.258,3,977.0,404.0,1147.0,654.0,1540.0,340.0,1704.0,565.0,427.0,351.0,613.0,579.0
18162,19:31.292,3,977.0,404.0,1147.0,654.0,1539.0,339.0,1703.0,565.0,427.0,351.0,613.0,579.0
18163,19:31.325,3,977.0,404.0,1146.0,654.0,1539.0,339.0,1703.0,565.0,426.0,352.0,613.0,578.0
18164,19:31.358,3,975.0,404.0,1144.0,653.0,1537.0,337.0,1701.0,564.0,424.0,353.0,611.0,578.0
18165,19:31.392,3,975.0,404.0,1143.0,653.0,1537.0,337.0,1701.0,565.0,423.0,353.0,610.0,578.0
18166,19:31.425,3,973.0,404.0,1141.0,652.0,1535.0,335.0,1699.0,564.0,421.0,353.0,606.0,576.0
18167,19:31.458,3,972.0,402.0,1140.0,650.0,1535.0,334.0,1698.0,562.0,420.0,351.0,604.0,575.0
18168,19:31.492,3,971.0,403.0,1139.0,650.0,1534.0,334.0,1697.0,563.0,419.0,351.0,602.0,574.0
18169,19:31.525,3,971.0,403.0,1138.0,651.0,1533.0,335.0,1696.0,562.0,418.0,351.0,602.0,573.0
18170,19:31.558,3,970.0,403.0,1138.0,651.0,1533.0,335.0,1696.0,563.0,417.0,350.0,601.0,573.0
18171,19:31.592,3,970.0,404.0,1138.0,650.0,1533.0,335.0,1696.0,563.0,417.0,350.0,601.0,573.0
18172,19:31.625,3,971.0,403.0,1139.0,651.0,1533.0,336.0,1697.0,564.0,418.0,350.0,602.0,574.0
18173,19:31.658,3,971.0,404.0,1140.0,652.0,1534.0,336.0,1698.0,564.0,419.0,351.0,603.0,574.0
18174,19:31.692,3,973.0,404.0,1141.0,653.0,1535.0,337.0,1699.0,565.0,420.0,350.0,605.0,576.0
18175,19:31.725,3,974.0,404.0,1142.0,653.0,1537.0,337.0,1701.0,564.0,422.0,350.0,609.0,575.0
18176,19:31.758,3,975.0,404.0,1143.0,654.0,1538.0,337.0,1702.0,564.0,423.0,350.0,610.0,576.0
18177,19:31.792,3,975.0,406.0,1143.0,654.0,1537.0,338.0,1701.0,565.0,422.0,352.0,610.0,576.0
18178,19:31.825,3,973.0,408.0,1141.0,657.0,1535.0,342.0,1699.0,568.0,420.0,353.0,605.0,578.0
18179,19:31.858,3,968.0,411.0,1135.0,660.0,1528.0,348.0,1691.0,573.0,412.0,352.0,599.0,582.0
18180,19:31.892,3,954.0,421.0,1121.0,672.0,1513.0,361.0,1677.0,585.0,395.0,359.0,585.0,591.0
18181,19:31.925,3,935.0,432.0,1104.0,684.0,1494.0,376.0,1655.0,595.0,369.0,367.0,560.0,597.0
18182,19:31.958,3,328.0,370.0,525.0,606.0,903.0,443.0,1072.0,695.0,1462.0,392.0,1621.0,610.0
18183,19:31.992,3,286.0,368.0,487.0,605.0,870.0,448.0,1041.0,699.0,1430.0,407.0,1587.0,623.0
18184,19:32.025,3,270.0,365.0,473.0,606.0,856.0,450.0,1030.0,703.0,1418.0,413.0,1575.0,629.0
18185,19:32.058,3,282.0,368.0,481.0,603.0,865.0,454.0,1038.0,706.0,1425.0,419.0,1582.0,634.0
18186,19:32.092,3,303.0,366.0,501.0,604.0,884.0,452.0,1055.0,700.0,1442.0,412.0,1600.0,628.0
18187,19:32.125,3,332.0,364.0,528.0,601.0,906.0,444.0,1076.0,694.0,1465.0,394.0,1625.0,614.0
18188,19:32.158,3,353.0,376.0,545.0,602.0,920.0,441.0,1091.0,692.0,1479.0,389.0,1639.0,606.0
18189,19:32.192,3,359.0,378.0,550.0,605.0,926.0,440.0,1095.0,691.0,1483.0,384.0,1645.0,603.0
18190,19:32.225,3,344.0,375.0,536.0,604.0,915.0,441.0,1085.0,689.0,1473.0,381.0,1633.0,601.0
18191,19:32.258,3,306.0,372.0,502.0,606.0,887.0,440.0,1058.0,694.0,1445.0,389.0,1604.0,608.0
18192,19:32.292,3,844.0,445.0,1014.0,698.0,245.0,374.0,448.0,607.0,1402.0,398.0,1559.0,616.0
18193,19:32.325,3,784.0,452.0,960.0,704.0,166.0,373.0,380.0,609.0,1346.0,413.0,1502.0,628.0
18194,19:32.358,3,721.0,458.0,898.0,713.0,76.0,366.0,297.0,610.0,1287.0,424.0,1440.0,641.0
18195,19:32.392,3,652.0,464.0,838.0,723.0,-17.0,366.0,215.0,618.0,1228.0,444.0,1380.0,653.0
18196,19:32.425,3,584.0,471.0,772.0,731.0,1168.0,454.0,1320.0,669.0,-93.0,369.0,123.0,627.0
18197,19:32.458,2,507.0,484.0,702.0,746.0,1105.0,474.0,1257.0,684.0,,,,
18198,19:32.492,2,425.0,487.0,627.0,755.0,1040.0,487.0,1190.0,698.0,,,,
18199,19:32.525,2,343.0,491.0,551.0,762.0,975.0,499.0,1128.0,710.0,,,,
18200,19:32.558,2,260.0,489.0,481.0,763.0,916.0,504.0,1072.0,713.0,,,,
18201,19:32.592,2,190.0,484.0,419.0,765.0,868.0,503.0,1022.0,715.0,,,,
18202,19:32.625,2,126.0,472.0,364.0,761.0,824.0,495.0,980.0,712.0,,,,
18203,19:32.658,2,71.0,463.0,317.0,756.0,787.0,489.0,944.0,705.0,,,,
18204,19:32.692,2,27.0,458.0,280.0,754.0,758.0,483.0,920.0,703.0,,,,
18205,19:32.725,2,2.0,460.0,253.0,760.0,736.0,486.0,899.0,705.0,,,,
18206,19:32.758,2,-13.0,465.0,234.0,762.0,724.0,484.0,885.0,708.0,,,,
18207,19:32.792,2,-24.0,471.0,217.0,768.0,712.0,490.0,874.0,710.0,,,,
18208,19:32.825,2,700.0,493.0,864.0,714.0,-44.0,472.0,203.0,775.0,,,,
18209,19:32.858,2,692.0,497.0,854.0,718.0,-60.0,475.0,189.0,783.0,,,,
18210,19:32.892,2,685.0,494.0,850.0,716.0,-67.0,473.0,181.0,781.0,,,,
18211,19:32.925,2,685.0,494.0,850.0,715.0,-68.0,472.0,181.0,779.0,,,,
18212,19:32.958,2,692.0,496.0,854.0,713.0,-63.0,472.0,187.0,777.0,,,,
18213,19:32.992,2,694.0,494.0,857.0,713.0,-61.0,471.0,190.0,777.0,,,,
18214,19:33.025,2,692.0,498.0,854.0,717.0,-67.0,475.0,186.0,785.0,,,,
18215,19:33.058,2,684.0,496.0,849.0,716.0,-74.0,473.0,177.0,784.0,,,,
18216,19:33.092,2,673.0,499.0,839.0,718.0,-88.0,476.0,164.0,783.0,,,,
18217,19:33.125,2,666.0,497.0,831.0,717.0,-98.0,474.0,153.0,780.0,,,,
18218,19:33.158,2,661.0,492.0,827.0,712.0,-103.0,466.0,147.0,775.0,,,,
18219,19:33.192,2,659.0,485.0,823.0,707.0,-105.0,459.0,142.0,767.0,,,,
18220,19:33.225,2,655.0,482.0,820.0,705.0,-108.0,455.0,137.0,767.0,,,,
18221,19:33.258,2,648.0,483.0,815.0,707.0,-107.0,461.0,126.0,765.0,,,,
18222,19:33.292,1,639.0,487.0,805.0,713.0,,,,,,,,
18223,19:33.325,1,629.0,497.0,796.0,719.0,,,,,,,,
18224,19:33.358,1,615.0,510.0,786.0,732.0,,,,,,,,
18225,19:33.392,1,605.0,517.0,775.0,739.0,,,,,,,,
18226,19:33.425,1,603.0,514.0,772.0,738.0,,,,,,,,
18227,19:33.458,1,604.0,511.0,773.0,729.0,,,,,,,,
18228,19:33.492,1,600.0,506.0,771.0,728.0,,,,,,,,
18229,19:33.525,1,601.0,501.0,769.0,723.0,,,,,,,,
18230,19:33.558,1,602.0,493.0,774.0,718.0,,,,,,,,
18231,19:33.592,1,603.0,490.0,772.0,715.0,,,,,,,,
18232,19:33.625,1,604.0,484.0,774.0,712.0,,,,,,,,
18233,19:33.658,1,605.0,485.0,775.0,712.0,,,,,,,,
18234,19:33.692,1,607.0,487.0,776.0,713.0,,,,,,,,
18235,19:33.725,1,609.0,489.0,778.0,715.0,,,,,,,,
18236,19:33.758,1,611.0,493.0,780.0,717.0,,,,,,,,
18237,19:33.792,1,613.0,498.0,782.0,720.0,,,,,,,,
18238,19:33.825,1,616.0,503.0,786.0,724.0,,,,,,,,
18239,19:33.858,1,624.0,510.0,791.0,734.0,,,,,,,,
18240,19:33.892,1,636.0,538.0,804.0,758.0,,,,,,,,
18241,19:33.925,2,651.0,556.0,817.0,776.0,-104.0,542.0,131.0,843.0,,,,
18242,19:33.958,2,664.0,566.0,829.0,788.0,-98.0,551.0,154.0,856.0,,,,
18243,19:33.992,2,676.0,562.0,842.0,785.0,-82.0,549.0,170.0,858.0,,,,
18244,19:34.025,2,682.0,555.0,847.0,776.0,-78.0,539.0,178.0,852.0,,,,
18245,19:34.058,2,679.0,550.0,846.0,772.0,-81.0,534.0,175.0,849.0,,,,
18246,19:34.092,2,675.0,548.0,841.0,772.0,-83.0,533.0,169.0,844.0,,,,
18247,19:34.125,2,670.0,545.0,836.0,770.0,-87.0,529.0,161.0,838.0,,,,
18248,19:34.158,2,666.0,540.0,832.0,762.0,-96.0,523.0,155.0,829.0,,,,
18249,19:34.193,2,665.0,536.0,830.0,756.0,-97.0,516.0,153.0,826.0,,,,
18250,19:34.227,2,664.0,533.0,829.0,754.0,-98.0,515.0,151.0,824.0,,,,
18251,19:34.260,2,662.0,530.0,828.0,752.0,-99.0,513.0,148.0,823.0,,,,
18252,19:34.293,2,662.0,530.0,828.0,752.0,-99.0,514.0,149.0,824.0,,,,
18253,19:34.327,2,663.0,532.0,829.0,753.0,-99.0,515.0,150.0,825.0,,,,
18254,19:34.360,2,664.0,531.0,831.0,753.0,-98.0,514.0,153.0,825.0,,,,
18255,19:34.393,2,666.0,535.0,832.0,753.0,-95.0,515.0,155.0,826.0,,,,
18256,19:34.427,2,666.0,530.0,833.0,752.0,-95.0,514.0,155.0,825.0,,,,
18257,19:34.460,2,666.0,527.0,832.0,747.0,-96.0,511.0,154.0,822.0,,,,
18258,19:34.493,2,664.0,527.0,830.0,744.0,-97.0,509.0,152.0,818.0,,,,
18259,19:34.527,2,664.0,520.0,831.0,739.0,-96.0,505.0,153.0,810.0,,,,
18260,19:34.560,2,677.0,532.0,844.0,751.0,-80.0,509.0,171.0,821.0,,,,
18261,19:34.593,2,-15.0,586.0,233.0,882.0,724.0,595.0,884.0,816.0,,,,
18262,19:34.627,2,63.0,647.0,306.0,940.0,780.0,656.0,938.0,868.0,,,,
18263,19:34.660,2,151.0,676.0,384.0,961.0,837.0,672.0,994.0,886.0,,,,
18264,19:34.693,2,225.0,667.0,450.0,945.0,888.0,661.0,1041.0,871.0,,,,
18265,19:34.727,2,287.0,632.0,506.0,906.0,934.0,623.0,1087.0,832.0,,,,
18266,19:34.760,2,344.0,600.0,551.0,869.0,971.0,592.0,1122.0,798.0,,,,
18267,19:34.793,2,379.0,594.0,584.0,861.0,1000.0,579.0,1151.0,789.0,,,,
18268,19:34.827,2,398.0,608.0,598.0,876.0,1011.0,593.0,1163.0,803.0,,,,
18269,19:34.860,2,399.0,626.0,602.0,893.0,1015.0,607.0,1164.0,818.0,,,,
18270,19:34.893,2,395.0,628.0,598.0,896.0,1009.0,609.0,1160.0,821.0,,,,
18271,19:34.927,2,387.0,616.0,589.0,882.0,1003.0,601.0,1154.0,809.0,,,,
18272,19:34.960,2,378.0,607.0,582.0,872.0,997.0,590.0,1147.0,799.0,,,,
18273,19:34.993,2,372.0,610.0,574.0,876.0,989.0,589.0,1141.0,800.0,,,,
18274,19:35.027,2,361.0,612.0,568.0,882.0,984.0,593.0,1135.0,804.0,,,,
18275,19:35.060,2,350.0,622.0,560.0,890.0,974.0,599.0,1127.0,810.0,,,,
18276,19:35.093,2,343.0,632.0,553.0,900.0,969.0,609.0,1120.0,819.0,,,,
18277,19:35.127,2,337.0,638.0,544.0,906.0,962.0,614.0,1114.0,825.0,,,,
18278,19:35.160,2,318.0,632.0,530.0,905.0,953.0,611.0,1104.0,820.0,,,,
18279,19:35.193,2,305.0,621.0,517.0,895.0,941.0,599.0,1093.0,812.0,,,,
18280,19:35.227,2,286.0,615.0,503.0,887.0,930.0,595.0,1082.0,806.0,,,,
18281,19:35.260,2,270.0,611.0,485.0,883.0,914.0,596.0,1067.0,803.0,,,,
18282,19:35.293,2,251.0,608.0,467.0,883.0,903.0,595.0,1055.0,802.0,,,,
18283,19:35.327,2,225.0,607.0,449.0,885.0,885.0,594.0,1040.0,806.0,,,,
18284,19:35.360,2,201.0,610.0,427.0,884.0,868.0,594.0,1024.0,806.0,,,,
18285,19:35.393,2,172.0,608.0,403.0,886.0,848.0,597.0,1004.0,809.0,,,,
18286,19:35.427,2,140.0,606.0,375.0,886.0,827.0,598.0,983.0,811.0,,,,
18287,19:35.460,2,113.0,597.0,349.0,884.0,808.0,594.0,965.0,809.0,,,,
18288,19:35.493,2,84.0,601.0,324.0,885.0,788.0,596.0,947.0,812.0,,,,
18289,19:35.527,2,60.0,588.0,302.0,879.0,773.0,593.0,932.0,807.0,,,,
18290,19:35.560,2,41.0,584.0,286.0,877.0,760.0,591.0,919.0,805.0,,,,
18291,19:35.593,2,23.0,583.0,274.0,877.0,750.0,589.0,911.0,803.0,,,,
18292,19:35.627,2,15.0,582.0,267.0,878.0,745.0,591.0,905.0,805.0,,,,
18293,19:35.660,2,11.0,586.0,262.0,880.0,740.0,595.0,902.0,809.0,,,,
18294,19:35.693,2,10.0,587.0,260.0,880.0,738.0,595.0,900.0,810.0,,,,
18295,19:35.727,2,9.0,580.0,259.0,876.0,738.0,589.0,900.0,805.0,,,,
18296,19:35.760,2,10.0,577.0,260.0,873.0,739.0,587.0,901.0,801.0,,,,
18297,19:35.793,2,13.0,568.0,265.0,863.0,742.0,577.0,903.0,793.0,,,,
18298,19:35.827,2,21.0,562.0,272.0,854.0,748.0,565.0,909.0,784.0,,,,
18299,19:35.860,2,46.0,552.0,294.0,846.0,765.0,562.0,924.0,776.0,,,,
18300,19:35.893,2,100.0,554.0,338.0,842.0,799.0,558.0,957.0,773.0,,,,
18301,19:35.927,2,183.0,561.0,410.0,840.0,856.0,561.0,1013.0,772.0,,,,
18302,19:35.960,2,283.0,572.0,500.0,846.0,929.0,567.0,1081.0,776.0,,,,
18303,19:35.993,2,375.0,584.0,578.0,850.0,995.0,566.0,1147.0,780.0,,,,
18304,19:36.027,2,444.0,596.0,642.0,859.0,1049.0,576.0,1198.0,786.0,,,,
18305,19:36.060,2,491.0,601.0,683.0,862.0,1085.0,577.0,1233.0,787.0,,,,
18306,19:36.093,2,521.0,597.0,709.0,859.0,1108.0,574.0,1258.0,785.0,,,,
18307,19:36.127,3,546.0,598.0,732.0,855.0,1127.0,572.0,1276.0,781.0,-83.0,515.0,106.0,758.0
18308,19:36.160,3,568.0,604.0,754.0,861.0,1148.0,580.0,1297.0,789.0,-79.0,512.0,138.0,765.0
18309,19:36.193,3,600.0,612.0,782.0,868.0,1172.0,586.0,1324.0,796.0,-47.0,514.0,180.0,769.0
18310,19:36.227,3,643.0,614.0,822.0,870.0,6.0,527.0,232.0,772.0,1208.0,595.0,1358.0,801.0
18311,19:36.260,3,688.0,621.0,866.0,874.0,74.0,535.0,291.0,777.0,1250.0,594.0,1400.0,801.0
18312,19:36.293,3,725.0,624.0,899.0,874.0,125.0,547.0,335.0,780.0,1283.0,592.0,1432.0,799.0
18313,19:36.327,3,154.0,543.0,359.0,775.0,743.0,620.0,917.0,870.0,1298.0,584.0,1451.0,794.0
18314,19:36.360,3,749.0,612.0,925.0,861.0,159.0,534.0,366.0,766.0,1303.0,573.0,1455.0,785.0
18315,19:36.393,3,752.0,603.0,925.0,850.0,160.0,529.0,368.0,757.0,1305.0,569.0,1458.0,776.0
18316,19:36.427,3,754.0,596.0,925.0,844.0,161.0,521.0,368.0,752.0,1307.0,563.0,1459.0,771.0
18317,19:36.460,3,754.0,590.0,926.0,839.0,161.0,515.0,368.0,747.0,1308.0,555.0,1458.0,765.0
18318,19:36.493,3,754.0,588.0,925.0,837.0,160.0,513.0,367.0,745.0,1306.0,554.0,1458.0,762.0
18319,19:36.527,3,751.0,585.0,923.0,837.0,156.0,512.0,365.0,745.0,1304.0,552.0,1455.0,761.0
18320,19:36.560,3,747.0,590.0,919.0,839.0,152.0,519.0,361.0,751.0,1301.0,558.0,1452.0,766.0
18321,19:36.593,3,740.0,595.0,916.0,846.0,145.0,525.0,356.0,756.0,1297.0,565.0,1449.0,771.0
18322,19:36.627,3,737.0,598.0,911.0,846.0,139.0,525.0,350.0,756.0,1293.0,563.0,1445.0,771.0
18323,19:36.660,3,733.0,591.0,907.0,839.0,135.0,515.0,342.0,749.0,1290.0,558.0,1441.0,765.0
18324,19:36.693,3,731.0,586.0,906.0,836.0,129.0,509.0,339.0,744.0,1288.0,552.0,1437.0,760.0
18325,19:36.727,3,728.0,586.0,903.0,837.0,126.0,507.0,335.0,744.0,1287.0,551.0,1434.0,759.0
18326,19:36.760,3,728.0,589.0,901.0,838.0,125.0,512.0,334.0,749.0,1286.0,554.0,1433.0,763.0
18327,19:36.793,3,726.0,587.0,900.0,838.0,124.0,511.0,333.0,749.0,1285.0,551.0,1433.0,761.0
18328,19:36.827,3,723.0,586.0,898.0,839.0,1280.0,550.0,1430.0,761.0,119.0,514.0,328.0,749.0
18329,19:36.860,3,710.0,582.0,887.0,838.0,1269.0,545.0,1419.0,759.0,104.0,506.0,315.0,748.0
18330,19:36.893,3,79.0,498.0,296.0,746.0,698.0,581.0,872.0,833.0,1256.0,545.0,1406.0,755.0
18331,19:36.927,3,676.0,575.0,856.0,829.0,54.0,498.0,274.0,740.0,1241.0,541.0,1391.0,752.0
18332,19:36.960,3,665.0,571.0,845.0,824.0,33.0,489.0,255.0,734.0,1230.0,539.0,1380.0,745.0
18333,19:36.993,3,16.0,482.0,242.0,731.0,653.0,562.0,835.0,816.0,1220.0,533.0,1370.0,737.0
18334,19:37.027,3,646.0,557.0,827.0,813.0,3.0,478.0,232.0,728.0,1212.0,529.0,1361.0,731.0
18335,19:37.060,3,639.0,557.0,818.0,811.0,-5.0,478.0,219.0,728.0,1204.0,524.0,1354.0,730.0
18336,19:37.093,3,621.0,556.0,805.0,811.0,-21.0,481.0,199.0,726.0,1193.0,518.0,1341.0,727.0
18337,19:37.127,3,604.0,557.0,787.0,813.0,-48.0,476.0,176.0,730.0,1177.0,518.0,1327.0,729.0
18338,19:37.160,3,583.0,556.0,767.0,814.0,-70.0,478.0,147.0,731.0,1157.0,521.0,1307.0,730.0
18339,19:37.193,3,558.0,554.0,747.0,810.0,1140.0,523.0,1289.0,729.0,-87.0,481.0,121.0,730.0
18340,19:37.227,2,544.0,548.0,731.0,809.0,1125.0,516.0,1276.0,726.0,,,,
18341,19:37.260,2,531.0,544.0,721.0,809.0,1119.0,515.0,1268.0,725.0,,,,
18342,19:37.293,2,525.0,540.0,716.0,808.0,1113.0,511.0,1264.0,722.0,,,,
18343,19:37.327,2,520.0,536.0,710.0,803.0,1108.0,509.0,1259.0,721.0,,,,
18344,19:37.360,2,515.0,538.0,705.0,799.0,1104.0,509.0,1253.0,717.0,,,,
18345,19:37.393,2,502.0,537.0,696.0,797.0,1094.0,508.0,1246.0,716.0,,,,
18346,19:37.427,2,491.0,538.0,685.0,797.0,1086.0,506.0,1238.0,717.0,,,,
18347,19:37.460,2,474.0,537.0,671.0,799.0,1074.0,505.0,1222.0,716.0,,,,
18348,19:37.493,2,455.0,537.0,651.0,800.0,1057.0,505.0,1208.0,718.0,,,,
18349,19:37.527,2,433.0,536.0,632.0,802.0,1041.0,508.0,1192.0,720.0,,,,
18350,19:37.560,2,409.0,537.0,612.0,806.0,1023.0,511.0,1176.0,723.0,,,,
18351,19:37.593,2,388.0,536.0,593.0,804.0,1006.0,508.0,1158.0,719.0,,,,
18352,19:37.627,2,372.0,532.0,577.0,800.0,995.0,506.0,1147.0,718.0,,,,
18353,19:37.660,2,358.0,527.0,566.0,796.0,984.0,503.0,1135.0,714.0,,,,
18354,19:37.693,2,345.0,524.0,556.0,794.0,975.0,503.0,1128.0,713.0,,,,
18355,19:37.727,2,341.0,520.0,549.0,788.0,969.0,494.0,1123.0,709.0,,,,
18356,19:37.760,2,337.0,514.0,544.0,783.0,966.0,490.0,1118.0,704.0,,,,
18357,19:37.793,2,330.0,508.0,540.0,780.0,964.0,486.0,1117.0,700.0,,,,
18358,19:37.827,2,327.0,504.0,538.0,776.0,963.0,480.0,1116.0,697.0,,,,
18359,19:37.860,2,327.0,500.0,537.0,771.0,963.0,479.0,1116.0,693.0,,,,
18360,19:37.893,2,329.0,496.0,539.0,766.0,963.0,477.0,1117.0,690.0,,,,
18361,19:37.927,2,333.0,491.0,542.0,762.0,966.0,475.0,1120.0,684.0,,,,
18362,19:37.960,2,338.0,487.0,545.0,759.0,968.0,467.0,1123.0,681.0,,,,
18363,19:37.993,2,340.0,484.0,548.0,756.0,970.0,465.0,1125.0,678.0,,,,
18364,19:38.027,2,340.0,481.0,548.0,753.0,970.0,460.0,1124.0,675.0,,,,
18365,19:38.060,2,338.0,475.0,547.0,748.0,969.0,454.0,1123.0,671.0,,,,
18366,19:38.093,2,336.0,475.0,545.0,748.0,969.0,455.0,1122.0,671.0,,,,
18367,19:38.127,2,341.0,485.0,549.0,757.0,971.0,468.0,1125.0,683.0,,,,
18368,19:38.162,2,358.0,512.0,568.0,782.0,988.0,489.0,1139.0,704.0,,,,
18369,19:38.195,2,403.0,542.0,605.0,811.0,1019.0,514.0,1170.0,725.0,,,,
18370,19:38.228,2,459.0,565.0,656.0,829.0,1061.0,520.0,1212.0,733.0,,,,
18371,19:38.262,2,509.0,572.0,702.0,835.0,1101.0,526.0,1251.0,734.0,,,,
18372,19:38.295,2,538.0,566.0,729.0,828.0,1127.0,512.0,1277.0,724.0,,,,
18373,19:38.328,3,552.0,554.0,740.0,814.0,1140.0,502.0,1292.0,711.0,-84.0,504.0,105.0,754.0
18374,19:38.362,3,554.0,537.0,743.0,794.0,1146.0,485.0,1296.0,697.0,-90.0,484.0,112.0,741.0
18375,19:38.395,3,553.0,524.0,743.0,784.0,1148.0,481.0,1297.0,686.0,-91.0,467.0,109.0,726.0
18376,19:38.428,3,551.0,520.0,740.0,780.0,1148.0,479.0,1297.0,683.0,-93.0,456.0,106.0,719.0
18377,19:38.462,2,550.0,522.0,739.0,782.0,1148.0,482.0,1296.0,686.0,,,,
18378,19:38.495,2,549.0,523.0,738.0,783.0,1147.0,483.0,1296.0,687.0,,,,
18379,19:38.528,3,551.0,524.0,740.0,784.0,1149.0,484.0,1298.0,687.0,-93.0,455.0,104.0,710.0
18380,19:38.562,3,555.0,521.0,744.0,780.0,1153.0,480.0,1303.0,685.0,-94.0,447.0,110.0,703.0
18381,19:38.595,3,565.0,509.0,753.0,770.0,1164.0,471.0,1312.0,675.0,-97.0,433.0,120.0,696.0
18382,19:38.628,3,585.0,488.0,770.0,749.0,1180.0,447.0,1330.0,653.0,-80.0,411.0,143.0,665.0
18383,19:38.662,3,620.0,459.0,807.0,720.0,1213.0,423.0,1364.0,631.0,-36.0,386.0,191.0,639.0
18384,19:38.695,3,691.0,441.0,870.0,696.0,52.0,361.0,276.0,609.0,1275.0,394.0,1429.0,606.0
18385,19:38.720,3,785.0,425.0,959.0,678.0,181.0,350.0,391.0,593.0,1362.0,373.0,1517.0,590.0
18386,19:38.753,3,894.0,412.0,1064.0,664.0,1469.0,351.0,1630.0,572.0,330.0,347.0,523.0,582.0
18387,19:38.787,3,1006.0,406.0,1173.0,653.0,471.0,353.0,652.0,578.0,1583.0,329.0,1751.0,554.0
18388,19:38.820,3,1685.0,319.0,1859.0,546.0,1096.0,401.0,1264.0,652.0,583.0,359.0,753.0,583.0
18389,19:38.853,3,1768.0,303.0,1950.0,541.0,1172.0,400.0,1337.0,652.0,668.0,371.0,834.0,587.0
18390,19:38.887,3,1833.0,294.0,2023.0,535.0,1224.0,398.0,1393.0,648.0,728.0,372.0,891.0,587.0
18391,19:38.920,3,1265.0,394.0,1433.0,643.0,1880.0,281.0,2077.0,527.0,770.0,371.0,930.0,580.0
18392,19:38.953,3,1297.0,385.0,1465.0,637.0,1921.0,273.0,2122.0,524.0,804.0,364.0,962.0,574.0
18393,19:38.987,3,1324.0,380.0,1495.0,633.0,1960.0,264.0,2165.0,518.0,831.0,358.0,991.0,568.0
18394,19:39.020,3,1987.0,244.0,2196.0,503.0,1343.0,365.0,1516.0,620.0,851.0,349.0,1010.0,557.0
18395,19:39.053,3,2004.0,234.0,2218.0,487.0,1357.0,346.0,1529.0,602.0,863.0,330.0,1022.0,542.0
18396,19:39.087,3,2017.0,215.0,2235.0,476.0,1364.0,332.0,1538.0,589.0,869.0,311.0,1029.0,524.0
18397,19:39.120,3,2026.0,210.0,2246.0,466.0,1371.0,320.0,1545.0,580.0,874.0,299.0,1034.0,511.0
18398,19:39.153,3,1380.0,309.0,1556.0,571.0,2044.0,197.0,2264.0,456.0,883.0,285.0,1043.0,495.0
18399,19:39.187,3,1392.0,294.0,1568.0,558.0,2060.0,188.0,2285.0,444.0,895.0,274.0,1053.0,488.0
18400,19:39.220,3,1404.0,287.0,1580.0,551.0,2076.0,183.0,2305.0,440.0,906.0,267.0,1065.0,482.0
18401,19:39.253,3,1414.0,293.0,1589.0,553.0,2089.0,181.0,2318.0,443.0,914.0,270.0,1076.0,486.0
18402,19:39.287,3,1417.0,297.0,1593.0,558.0,2092.0,184.0,2322.0,449.0,918.0,274.0,1078.0,487.0
18403,19:39.320,3,1415.0,298.0,1592.0,560.0,2089.0,185.0,2317.0,451.0,916.0,275.0,1077.0,489.0
18404,19:39.353,3,1409.0,294.0,1586.0,554.0,2084.0,187.0,2310.0,449.0,911.0,269.0,1072.0,486.0
18405,19:39.387,3,1401.0,279.0,1579.0,543.0,2072.0,178.0,2302.0,434.0,902.0,255.0,1063.0,477.0
18406,19:39.420,3,1393.0,267.0,1572.0,530.0,2066.0,171.0,2295.0,424.0,895.0,242.0,1057.0,464.0
18407,19:39.453,3,2056.0,174.0,2287.0,419.0,1387.0,262.0,1566.0,527.0,888.0,237.0,1051.0,458.0
18408,19:39.487,3,2050.0,174.0,2278.0,418.0,1381.0,263.0,1559.0,526.0,883.0,236.0,1045.0,455.0
18409,19:39.520,3,2039.0,175.0,2260.0,422.0,1372.0,267.0,1550.0,529.0,874.0,236.0,1037.0,457.0
18410,19:39.553,3,2021.0,185.0,2239.0,436.0,1361.0,275.0,1536.0,539.0,860.0,245.0,1024.0,467.0
18411,19:39.587,3,1340.0,288.0,1515.0,551.0,1993.0,197.0,2208.0,450.0,844.0,255.0,1007.0,476.0
18412,19:39.620,3,1954.0,220.0,2166.0,479.0,1314.0,313.0,1487.0,573.0,819.0,275.0,980.0,495.0
18413,19:39.653,3,1277.0,342.0,1450.0,600.0,1908.0,265.0,2107.0,511.0,782.0,301.0,946.0,518.0
18414,19:39.687,3,1847.0,308.0,2037.0,552.0,1234.0,381.0,1402.0,633.0,735.0,326.0,903.0,546.0
18415,19:39.720,3,1796.0,344.0,1981.0,578.0,1191.0,402.0,1358.0,649.0,693.0,343.0,860.0,560.0
18416,19:39.753,3,1754.0,364.0,1935.0,596.0,1156.0,418.0,1325.0,666.0,656.0,353.0,824.0,574.0
18417,19:39.787,3,1723.0,377.0,1899.0,604.0,1131.0,428.0,1298.0,675.0,624.0,359.0,797.0,581.0
18418,19:39.820,3,1114.0,434.0,1281.0,683.0,1703.0,383.0,1878.0,610.0,605.0,366.0,777.0,588.0
18419,19:39.853,3,600.0,377.0,771.0,601.0,1106.0,446.0,1274.0,694.0,1694.0,395.0,1867.0,620.0
18420,19:39.887,3,1104.0,461.0,1272.0,706.0,1689.0,408.0,1863.0,635.0,599.0,394.0,769.0,617.0
18421,19:39.920,3,1098.0,483.0,1265.0,724.0,1680.0,425.0,1852.0,653.0,593.0,415.0,764.0,637.0
18422,19:39.953,3,1667.0,440.0,1838.0,666.0,1090.0,497.0,1255.0,742.0,583.0,434.0,753.0,654.0
18423,19:39.987,3,1077.0,513.0,1241.0,754.0,1651.0,456.0,1820.0,682.0,568.0,450.0,739.0,669.0
18424,19:40.020,3,1058.0,522.0,1222.0,761.0,1630.0,465.0,1799.0,692.0,548.0,462.0,721.0,679.0
18425,19:40.053,3,1037.0,524.0,1205.0,766.0,1610.0,471.0,1776.0,693.0,526.0,462.0,699.0,680.0
18426,19:40.087,3,1023.0,525.0,1187.0,764.0,1590.0,471.0,1756.0,693.0,504.0,465.0,681.0,680.0
18427,19:40.120,3,1007.0,528.0,1172.0,767.0,1572.0,474.0,1737.0,693.0,483.0,468.0,662.0,686.0
18428,19:40.153,3,988.0,531.0,1153.0,774.0,1551.0,474.0,1715.0,694.0,462.0,466.0,640.0,693.0
18429,19:40.187,3,970.0,537.0,1134.0,778.0,1532.0,477.0,1694.0,700.0,437.0,472.0,618.0,697.0
18430,19:40.220,3,948.0,543.0,1114.0,783.0,1512.0,492.0,1671.0,707.0,414.0,475.0,598.0,699.0
18431,19:40.253,3,930.0,549.0,1096.0,790.0,1493.0,498.0,1652.0,716.0,389.0,478.0,575.0,708.0
18432,19:40.287,3,915.0,558.0,1082.0,802.0,370.0,489.0,557.0,714.0,1477.0,509.0,1632.0,724.0
18433,19:40.320,3,357.0,495.0,544.0,722.0,905.0,565.0,1070.0,808.0,1464.0,521.0,1621.0,729.0
18434,19:40.353,3,898.0,570.0,1064.0,811.0,351.0,498.0,537.0,724.0,1459.0,531.0,1614.0,737.0
18435,19:40.387,3,349.0,500.0,536.0,726.0,896.0,575.0,1063.0,815.0,1457.0,541.0,1612.0,746.0
18436,19:40.420,3,346.0,500.0,534.0,727.0,893.0,578.0,1060.0,819.0,1453.0,545.0,1608.0,753.0
18437,19:40.453,3,341.0,497.0,529.0,725.0,889.0,578.0,1057.0,819.0,1450.0,545.0,1604.0,756.0
18438,19:40.487,3,333.0,487.0,524.0,721.0,885.0,577.0,1052.0,815.0,1446.0,543.0,1600.0,755.0
18439,19:40.520,3,882.0,572.0,1049.0,813.0,329.0,480.0,519.0,716.0,1443.0,543.0,1597.0,751.0
18440,19:40.553,3,881.0,568.0,1047.0,810.0,325.0,478.0,517.0,713.0,1443.0,541.0,1597.0,747.0
18441,19:40.587,3,880.0,564.0,1048.0,808.0,324.0,476.0,516.0,711.0,1442.0,540.0,1596.0,744.0
18442,19:40.620,3,880.0,564.0,1047.0,808.0,323.0,477.0,515.0,712.0,1442.0,540.0,1596.0,745.0
18443,19:40.653,3,878.0,564.0,1045.0,808.0,320.0,477.0,512.0,711.0,1439.0,539.0,1594.0,745.0
18444,19:40.687,3,313.0,480.0,506.0,711.0,871.0,563.0,1039.0,811.0,1434.0,539.0,1588.0,745.0
18445,19:40.720,3,302.0,478.0,497.0,709.0,862.0,564.0,1032.0,810.0,1426.0,539.0,1581.0,748.0
18446,19:40.753,3,851.0,566.0,1019.0,812.0,286.0,477.0,481.0,709.0,1414.0,538.0,1567.0,749.0
18447,19:40.787,3,830.0,559.0,1000.0,806.0,257.0,470.0,456.0,704.0,1393.0,536.0,1546.0,744.0
18448,19:40.820,3,800.0,551.0,973.0,797.0,218.0,466.0,423.0,697.0,1368.0,528.0,1520.0,738.0
18449,19:40.853,3,765.0,538.0,939.0,785.0,171.0,446.0,377.0,684.0,1335.0,520.0,1485.0,726.0
18450,19:40.887,3,725.0,520.0,900.0,769.0,111.0,415.0,328.0,661.0,1299.0,502.0,1450.0,713.0
18451,19:40.920,3,681.0,504.0,862.0,755.0,46.0,395.0,274.0,640.0,1262.0,491.0,1415.0,702.0
18452,19:40.953,3,640.0,483.0,822.0,742.0,-12.0,373.0,214.0,622.0,1226.0,480.0,1376.0,688.0
18453,19:40.987,3,597.0,463.0,784.0,724.0,-61.0,348.0,161.0,605.0,1192.0,465.0,1342.0,673.0
18454,19:41.020,3,557.0,450.0,749.0,715.0,1161.0,458.0,1311.0,663.0,-98.0,334.0,113.0,595.0
18455,19:41.053,2,526.0,437.0,718.0,701.0,1134.0,447.0,1285.0,654.0,,,,
18456,19:41.087,2,498.0,431.0,693.0,695.0,1111.0,437.0,1262.0,648.0,,,,
18457,19:41.120,2,475.0,428.0,672.0,695.0,1093.0,433.0,1244.0,645.0,,,,
18458,19:41.153,2,460.0,427.0,658.0,695.0,1081.0,430.0,1234.0,643.0,,,,
18459,19:41.187,2,447.0,424.0,647.0,693.0,1072.0,427.0,1223.0,638.0,,,,
18460,19:41.220,2,437.0,420.0,639.0,689.0,1065.0,422.0,1215.0,636.0,,,,
18461,19:41.253,2,431.0,416.0,631.0,688.0,1059.0,420.0,1209.0,633.0,,,,
18462,19:41.287,2,423.0,413.0,625.0,687.0,1053.0,415.0,1204.0,630.0,,,,
18463,19:41.320,2,413.0,407.0,618.0,683.0,1048.0,409.0,1201.0,625.0,,,,
18464,19:41.353,2,408.0,406.0,614.0,681.0,1044.0,407.0,1197.0,623.0,,,,
18465,19:41.387,2,406.0,407.0,612.0,682.0,1043.0,408.0,1195.0,623.0,,,,
18466,19:41.420,2,404.0,406.0,610.0,682.0,1040.0,406.0,1193.0,621.0,,,,
18467,19:41.453,2,402.0,406.0,609.0,682.0,1037.0,406.0,1191.0,621.0,,,,
18468,19:41.487,2,401.0,405.0,608.0,681.0,1037.0,405.0,1190.0,620.0,,,,
18469,19:41.520,2,402.0,404.0,609.0,679.0,1037.0,403.0,1191.0,619.0,,,,
18470,19:41.553,2,403.0,404.0,610.0,677.0,1038.0,403.0,1192.0,618.0,,,,
18471,19:41.587,2,404.0,402.0,612.0,677.0,1041.0,403.0,1193.0,616.0,,,,
18472,19:41.620,2,406.0,401.0,613.0,676.0,1042.0,400.0,1195.0,614.0,,,,
18473,19:41.653,2,407.0,400.0,615.0,676.0,1044.0,397.0,1197.0,613.0,,,,
18474,19:41.687,2,409.0,400.0,616.0,675.0,1045.0,396.0,1198.0,613.0,,,,
18475,19:41.720,2,409.0,399.0,616.0,675.0,1045.0,396.0,1198.0,612.0,,,,
18476,19:41.753,2,409.0,400.0,616.0,678.0,1044.0,395.0,1197.0,611.0,,,,
18477,19:41.787,2,408.0,399.0,615.0,679.0,1043.0,396.0,1196.0,610.0,,,,
18478,19:41.820,2,408.0,399.0,615.0,679.0,1043.0,397.0,1195.0,610.0,,,,
18479,19:41.853,2,408.0,400.0,615.0,679.0,1042.0,399.0,1194.0,612.0,,,,
18480,19:41.887,2,409.0,400.0,616.0,678.0,1042.0,399.0,1195.0,612.0,,,,
18481,19:41.920,2,409.0,397.0,616.0,676.0,1042.0,396.0,1194.0,611.0,,,,
18482,19:41.953,2,411.0,396.0,617.0,674.0,1043.0,395.0,1195.0,611.0,,,,
18483,19:41.987,2,412.0,396.0,618.0,674.0,1042.0,396.0,1194.0,611.0,,,,
18484,19:42.020,2,414.0,396.0,619.0,673.0,1042.0,395.0,1194.0,610.0,,,,
18485,19:42.053,2,416.0,395.0,620.0,671.0,1042.0,394.0,1194.0,610.0,,,,
18486,19:42.087,2,419.0,398.0,623.0,672.0,1042.0,396.0,1194.0,615.0,,,,
18487,19:42.122,2,421.0,399.0,624.0,672.0,1042.0,395.0,1194.0,615.0,,,,
18488,19:42.155,2,423.0,400.0,625.0,672.0,1042.0,394.0,1194.0,615.0,,,,
18489,19:42.188,2,425.0,399.0,626.0,670.0,1043.0,392.0,1195.0,610.0,,,,
18490,19:42.222,2,425.0,402.0,627.0,673.0,1043.0,395.0,1194.0,614.0,,,,
18491,19:42.255,2,427.0,406.0,629.0,677.0,1043.0,400.0,1196.0,619.0,,,,
18492,19:42.288,2,434.0,422.0,636.0,692.0,1047.0,413.0,1200.0,631.0,,,,
18493,19:42.322,2,444.0,441.0,644.0,708.0,1053.0,429.0,1206.0,646.0,,,,
18494,19:42.355,2,456.0,451.0,653.0,720.0,1060.0,442.0,1211.0,654.0,,,,
18495,19:42.388,2,462.0,457.0,661.0,724.0,1064.0,449.0,1216.0,658.0,,,,
18496,19:42.422,2,462.0,457.0,661.0,724.0,1064.0,449.0,1216.0,658.0,,,,
18497,19:42.447,2,466.0,460.0,666.0,726.0,1069.0,448.0,1221.0,659.0,,,,
18498,19:42.463,2,470.0,461.0,670.0,728.0,1074.0,449.0,1223.0,660.0,,,,
18499,19:42.488,2,474.0,462.0,672.0,729.0,1076.0,449.0,1226.0,661.0,,,,
18500,19:42.522,2,479.0,466.0,673.0,732.0,1077.0,451.0,1228.0,664.0,,,,
18501,19:42.555,2,482.0,469.0,675.0,736.0,1079.0,451.0,1230.0,666.0,,,,
18502,19:42.588,2,485.0,472.0,677.0,738.0,1082.0,450.0,1233.0,668.0,,,,
18503,19:42.622,2,487.0,474.0,680.0,738.0,1084.0,450.0,1237.0,669.0,,,,
18504,19:42.655,2,490.0,474.0,683.0,737.0,1087.0,453.0,1238.0,668.0,,,,
18505,19:42.688,2,492.0,475.0,686.0,736.0,1089.0,454.0,1240.0,669.0,,,,
18506,19:42.722,2,494.0,473.0,688.0,735.0,1091.0,454.0,1242.0,668.0,,,,
18507,19:42.755,2,496.0,471.0,691.0,734.0,1094.0,454.0,1244.0,667.0,,,,
18508,19:42.788,2,498.0,471.0,692.0,733.0,1096.0,454.0,1246.0,667.0,,,,
18509,19:42.822,2,499.0,472.0,693.0,734.0,1097.0,452.0,1248.0,667.0,,,,
18510,19:42.855,2,499.0,472.0,693.0,735.0,1097.0,453.0,1248.0,668.0,,,,
18511,19:42.888,2,497.0,473.0,691.0,736.0,1096.0,454.0,1246.0,670.0,,,,
18512,19:42.922,2,495.0,473.0,689.0,736.0,1094.0,454.0,1245.0,671.0,,,,
18513,19:42.955,2,493.0,472.0,687.0,735.0,1093.0,454.0,1244.0,668.0,,,,
18514,19:42.988,2,493.0,471.0,686.0,733.0,1093.0,455.0,1244.0,664.0,,,,
18515,19:43.022,2,493.0,469.0,686.0,732.0,1093.0,454.0,1244.0,663.0,,,,
18516,19:43.055,2,493.0,467.0,686.0,731.0,1093.0,453.0,1245.0,663.0,,,,
18517,19:43.088,2,493.0,468.0,687.0,731.0,1094.0,454.0,1245.0,664.0,,,,
18518,19:43.122,2,494.0,469.0,688.0,732.0,1095.0,454.0,1246.0,666.0,,,,
18519,19:43.155,2,495.0,470.0,689.0,732.0,1095.0,453.0,1246.0,666.0,,,,
18520,19:43.188,2,495.0,471.0,689.0,732.0,1096.0,455.0,1246.0,665.0,,,,
18521,19:43.222,2,494.0,471.0,689.0,733.0,1095.0,455.0,1246.0,665.0,,,,
18522,19:43.255,2,493.0,471.0,687.0,734.0,1094.0,455.0,1245.0,664.0,,,,
18523,19:43.288,2,493.0,471.0,686.0,734.0,1094.0,455.0,1245.0,664.0,,,,
18524,19:43.322,2,491.0,470.0,686.0,734.0,1093.0,455.0,1245.0,664.0,,,,
18525,19:43.355,2,491.0,468.0,685.0,733.0,1093.0,455.0,1244.0,662.0,,,,
18526,19:43.388,2,491.0,468.0,686.0,732.0,1093.0,453.0,1245.0,662.0,,,,
18527,19:43.422,2,492.0,468.0,687.0,732.0,1093.0,454.0,1245.0,662.0,,,,
18528,19:43.455,2,493.0,468.0,688.0,732.0,1094.0,454.0,1246.0,662.0,,,,
18529,19:43.488,2,493.0,469.0,688.0,733.0,1094.0,454.0,1246.0,663.0,,,,
18530,19:43.522,2,493.0,470.0,687.0,734.0,1093.0,453.0,1245.0,663.0,,,,
18531,19:43.555,2,492.0,470.0,686.0,734.0,1093.0,453.0,1245.0,663.0,,,,
18532,19:43.588,2,491.0,470.0,685.0,733.0,1091.0,452.0,1243.0,662.0,,,,
18533,19:43.622,2,490.0,469.0,684.0,733.0,1090.0,452.0,1241.0,662.0,,,,
18534,19:43.655,2,489.0,468.0,684.0,732.0,1090.0,450.0,1241.0,661.0,,,,
18535,19:43.688,2,490.0,466.0,685.0,732.0,1089.0,449.0,1241.0,661.0,,,,
18536,19:43.722,2,490.0,466.0,685.0,732.0,1088.0,450.0,1241.0,661.0,,,,
18537,19:43.755,2,491.0,466.0,686.0,731.0,1088.0,449.0,1241.0,660.0,,,,
18538,19:43.788,2,492.0,465.0,687.0,731.0,1088.0,449.0,1241.0,659.0,,,,
18539,19:43.822,2,493.0,465.0,688.0,732.0,1088.0,450.0,1241.0,659.0,,,,
18540,19:43.855,2,494.0,466.0,688.0,732.0,1088.0,448.0,1241.0,660.0,,,,
18541,19:43.888,2,495.0,466.0,689.0,732.0,1088.0,448.0,1242.0,661.0,,,,
18542,19:43.922,2,496.0,466.0,690.0,732.0,1088.0,449.0,1242.0,662.0,,,,
18543,19:43.955,2,496.0,466.0,690.0,732.0,1089.0,449.0,1242.0,662.0,,,,
18544,19:43.988,2,496.0,467.0,690.0,733.0,1088.0,449.0,1241.0,663.0,,,,
18545,19:44.022,2,495.0,467.0,689.0,733.0,1088.0,447.0,1241.0,663.0,,,,
18546,19:44.055,2,495.0,466.0,689.0,732.0,1087.0,447.0,1241.0,663.0,,,,
18547,19:44.088,2,495.0,466.0,689.0,733.0,1087.0,446.0,1240.0,663.0,,,,
18548,19:44.122,2,495.0,466.0,689.0,732.0,1087.0,448.0,1240.0,662.0,,,,
18549,19:44.155,2,495.0,466.0,689.0,733.0,1087.0,448.0,1240.0,661.0,,,,
18550,19:44.188,2,496.0,467.0,690.0,733.0,1087.0,448.0,1241.0,660.0,,,,
18551,19:44.222,2,497.0,469.0,691.0,734.0,1088.0,448.0,1242.0,661.0,,,,
18552,19:44.255,2,500.0,470.0,694.0,735.0,1089.0,452.0,1242.0,661.0,,,,
18553,19:44.288,2,505.0,471.0,698.0,737.0,1092.0,453.0,1245.0,665.0,,,,
18554,19:44.322,2,509.0,473.0,702.0,740.0,1096.0,453.0,1249.0,667.0,,,,
18555,19:44.355,2,513.0,475.0,705.0,743.0,1100.0,454.0,1252.0,668.0,,,,
18556,19:44.388,2,517.0,477.0,709.0,747.0,1103.0,455.0,1255.0,668.0,,,,
18557,19:44.422,2,521.0,480.0,712.0,749.0,1105.0,455.0,1257.0,669.0,,,,
18558,19:44.455,2,525.0,484.0,715.0,752.0,1106.0,456.0,1259.0,670.0,,,,
18559,19:44.488,2,531.0,488.0,720.0,755.0,1110.0,451.0,1264.0,670.0,,,,
18560,19:44.522,3,535.0,494.0,727.0,759.0,1116.0,453.0,1268.0,670.0,-97.0,422.0,113.0,691.0
18561,19:44.555,3,550.0,502.0,738.0,764.0,1124.0,459.0,1278.0,672.0,-90.0,440.0,126.0,695.0
18562,19:44.588,3,568.0,507.0,755.0,771.0,1139.0,466.0,1292.0,675.0,-76.0,441.0,151.0,700.0
18563,19:44.622,3,587.0,513.0,773.0,777.0,1156.0,471.0,1311.0,678.0,-48.0,449.0,177.0,703.0
18564,19:44.655,3,617.0,520.0,799.0,779.0,-16.0,463.0,213.0,706.0,1180.0,470.0,1334.0,686.0
18565,19:44.688,3,655.0,526.0,837.0,781.0,35.0,460.0,263.0,709.0,1214.0,471.0,1371.0,689.0
18566,19:44.722,3,701.0,527.0,878.0,785.0,1256.0,474.0,1411.0,692.0,100.0,468.0,318.0,708.0
18567,19:44.755,3,746.0,535.0,919.0,784.0,1295.0,473.0,1450.0,695.0,162.0,473.0,373.0,709.0
18568,19:44.788,3,788.0,535.0,960.0,785.0,1334.0,476.0,1492.0,696.0,218.0,472.0,421.0,708.0
18569,19:44.822,3,832.0,541.0,1000.0,790.0,279.0,479.0,476.0,714.0,1379.0,481.0,1534.0,703.0
18570,19:44.855,3,879.0,548.0,1047.0,792.0,341.0,490.0,531.0,723.0,1424.0,484.0,1581.0,708.0
18571,19:44.888,3,404.0,500.0,586.0,728.0,927.0,557.0,1092.0,799.0,1472.0,494.0,1630.0,716.0
18572,19:44.922,3,464.0,510.0,640.0,733.0,1519.0,496.0,1681.0,724.0,975.0,567.0,1139.0,807.0
18573,19:44.955,3,1561.0,507.0,1724.0,730.0,1015.0,572.0,1178.0,813.0,511.0,519.0,686.0,737.0
18574,19:44.988,3,1047.0,574.0,1208.0,816.0,551.0,524.0,722.0,738.0,1595.0,506.0,1760.0,733.0
18575,19:45.022,3,1622.0,512.0,1789.0,738.0,1071.0,577.0,1234.0,818.0,581.0,522.0,749.0,737.0
18576,19:45.055,3,1088.0,577.0,1250.0,818.0,1641.0,509.0,1809.0,741.0,601.0,524.0,768.0,736.0
18577,19:45.088,3,1099.0,581.0,1263.0,822.0,1654.0,517.0,1822.0,746.0,614.0,528.0,781.0,740.0
18578,19:45.122,3,1659.0,526.0,1827.0,749.0,1104.0,583.0,1268.0,824.0,622.0,532.0,787.0,743.0
18579,19:45.155,3,1105.0,588.0,1269.0,829.0,1659.0,530.0,1828.0,756.0,622.0,536.0,788.0,747.0
18580,19:45.188,3,1656.0,542.0,1824.0,771.0,1102.0,601.0,1264.0,842.0,619.0,551.0,784.0,758.0
18581,19:45.222,3,1648.0,557.0,1816.0,782.0,612.0,561.0,779.0,773.0,1097.0,615.0,1258.0,857.0
18582,19:45.255,3,1088.0,626.0,1250.0,869.0,1639.0,570.0,1807.0,792.0,604.0,577.0,769.0,785.0
18583,19:45.288,3,1079.0,633.0,1240.0,875.0,1626.0,577.0,1795.0,801.0,594.0,584.0,759.0,794.0
18584,19:45.322,3,1615.0,588.0,1780.0,807.0,1068.0,642.0,1230.0,884.0,582.0,589.0,748.0,807.0
18585,19:45.355,3,1057.0,654.0,1219.0,895.0,1600.0,593.0,1766.0,816.0,568.0,600.0,737.0,818.0
18586,19:45.388,3,1587.0,598.0,1753.0,826.0,1045.0,664.0,1208.0,908.0,555.0,614.0,723.0,831.0
18587,19:45.422,3,1572.0,603.0,1738.0,829.0,543.0,626.0,713.0,841.0,1035.0,673.0,1198.0,916.0
18588,19:45.455,3,1021.0,674.0,1182.0,914.0,1560.0,600.0,1719.0,827.0,525.0,634.0,695.0,846.0
18589,19:45.488,3,1537.0,590.0,1700.0,814.0,1001.0,669.0,1163.0,907.0,500.0,625.0,673.0,842.0
18590,19:45.522,3,467.0,613.0,644.0,835.0,975.0,659.0,1138.0,898.0,1511.0,589.0,1674.0,804.0
18591,19:45.555,3,948.0,649.0,1110.0,890.0,433.0,606.0,611.0,826.0,1482.0,584.0,1642.0,798.0
18592,19:45.588,3,921.0,645.0,1085.0,887.0,1457.0,586.0,1616.0,801.0,401.0,594.0,582.0,818.0
18593,19:45.622,3,900.0,647.0,1063.0,887.0,1437.0,588.0,1595.0,803.0,372.0,591.0,557.0,815.0
18594,19:45.655,3,1421.0,589.0,1578.0,810.0,884.0,649.0,1049.0,889.0,353.0,591.0,539.0,814.0
18595,19:45.688,3,873.0,650.0,1039.0,892.0,1413.0,593.0,1568.0,813.0,341.0,588.0,528.0,815.0
18596,19:45.722,3,869.0,646.0,1034.0,890.0,1409.0,593.0,1565.0,813.0,334.0,586.0,523.0,814.0
18597,19:45.755,3,866.0,645.0,1031.0,888.0,1407.0,593.0,1562.0,814.0,331.0,585.0,519.0,813.0
18598,19:45.788,3,863.0,647.0,1029.0,888.0,1404.0,594.0,1560.0,815.0,327.0,585.0,515.0,813.0
18599,19:45.822,3,859.0,646.0,1026.0,887.0,1402.0,594.0,1557.0,816.0,322.0,587.0,511.0,812.0
18600,19:45.855,3,855.0,645.0,1023.0,887.0,1400.0,596.0,1554.0,816.0,317.0,586.0,508.0,813.0
18601,19:45.888,3,852.0,641.0,1020.0,884.0,1397.0,593.0,1552.0,813.0,313.0,583.0,504.0,812.0
18602,19:45.922,3,843.0,637.0,1010.0,883.0,1387.0,592.0,1540.0,815.0,299.0,581.0,491.0,809.0
18603,19:45.955,3,831.0,634.0,998.0,883.0,1379.0,591.0,1532.0,816.0,285.0,575.0,477.0,804.0
18604,19:45.988,3,820.0,635.0,989.0,880.0,1368.0,597.0,1521.0,818.0,270.0,575.0,465.0,800.0
18605,19:46.022,3,815.0,632.0,982.0,877.0,1363.0,595.0,1515.0,815.0,263.0,563.0,457.0,793.0
18606,19:46.055,3,816.0,623.0,983.0,869.0,263.0,552.0,457.0,782.0,1362.0,591.0,1516.0,806.0
18607,19:46.090,3,824.0,606.0,991.0,855.0,272.0,536.0,468.0,768.0,1373.0,576.0,1525.0,790.0
18608,19:46.123,3,834.0,596.0,1001.0,843.0,286.0,529.0,481.0,755.0,1384.0,568.0,1538.0,779.0
18609,19:46.157,3,841.0,595.0,1007.0,841.0,296.0,525.0,490.0,754.0,1389.0,568.0,1543.0,777.0
18610,19:46.190,3,847.0,600.0,1014.0,846.0,302.0,528.0,496.0,758.0,1394.0,570.0,1549.0,780.0
18611,19:46.223,3,848.0,608.0,1015.0,855.0,304.0,537.0,497.0,767.0,1396.0,578.0,1551.0,789.0
18612,19:46.257,3,842.0,609.0,1008.0,856.0,298.0,539.0,490.0,768.0,1391.0,581.0,1546.0,791.0
18613,19:46.290,3,833.0,602.0,999.0,852.0,283.0,529.0,480.0,760.0,1384.0,573.0,1539.0,786.0
18614,19:46.323,3,821.0,589.0,989.0,836.0,266.0,511.0,463.0,742.0,1375.0,562.0,1529.0,775.0
18615,19:46.357,3,807.0,570.0,977.0,818.0,246.0,485.0,446.0,722.0,1363.0,548.0,1516.0,759.0
18616,19:46.390,3,794.0,554.0,965.0,804.0,227.0,469.0,432.0,707.0,1352.0,531.0,1504.0,746.0
18617,19:46.423,3,783.0,544.0,954.0,790.0,212.0,458.0,417.0,694.0,1342.0,523.0,1494.0,735.0
18618,19:46.457,3,772.0,540.0,944.0,787.0,198.0,452.0,403.0,689.0,1331.0,520.0,1485.0,732.0
18619,19:46.490,3,760.0,539.0,933.0,788.0,180.0,451.0,388.0,689.0,1323.0,523.0,1474.0,733.0
18620,19:46.523,3,751.0,540.0,924.0,790.0,170.0,451.0,378.0,689.0,1315.0,525.0,1465.0,736.0
18621,19:46.557,3,744.0,545.0,917.0,796.0,1306.0,531.0,1459.0,744.0,159.0,452.0,370.0,693.0
18622,19:46.590,3,740.0,549.0,914.0,801.0,1302.0,537.0,1455.0,750.0,154.0,455.0,367.0,695.0
18623,19:46.623,3,738.0,552.0,912.0,804.0,1301.0,538.0,1453.0,754.0,153.0,456.0,364.0,695.0
18624,19:46.657,3,738.0,553.0,912.0,804.0,1301.0,544.0,1452.0,757.0,153.0,454.0,365.0,694.0
18625,19:46.690,3,741.0,553.0,915.0,805.0,1303.0,549.0,1454.0,760.0,157.0,453.0,369.0,693.0
18626,19:46.723,3,746.0,557.0,920.0,809.0,1309.0,556.0,1459.0,768.0,165.0,453.0,377.0,692.0
18627,19:46.757,3,755.0,568.0,926.0,815.0,176.0,458.0,387.0,698.0,1316.0,564.0,1466.0,780.0
18628,19:46.790,3,765.0,574.0,937.0,820.0,193.0,463.0,400.0,701.0,1325.0,574.0,1477.0,789.0
18629,19:46.823,3,202.0,480.0,409.0,722.0,771.0,595.0,941.0,842.0,1327.0,596.0,1480.0,813.0
18630,19:46.857,3,769.0,616.0,939.0,866.0,202.0,503.0,408.0,745.0,1327.0,624.0,1479.0,834.0
18631,19:46.890,3,767.0,625.0,939.0,872.0,200.0,513.0,407.0,753.0,1326.0,630.0,1477.0,841.0
18632,19:46.923,3,767.0,621.0,938.0,870.0,200.0,513.0,407.0,751.0,1326.0,628.0,1476.0,838.0
18633,19:46.957,3,772.0,607.0,941.0,853.0,207.0,496.0,412.0,739.0,1329.0,607.0,1480.0,821.0
18634,19:46.990,3,781.0,586.0,952.0,834.0,217.0,480.0,422.0,718.0,1337.0,585.0,1489.0,800.0
18635,19:47.023,3,790.0,567.0,959.0,810.0,229.0,457.0,434.0,694.0,1345.0,566.0,1496.0,775.0
18636,19:47.057,3,796.0,569.0,967.0,810.0,240.0,456.0,444.0,694.0,1351.0,568.0,1503.0,776.0
18637,19:47.090,3,805.0,583.0,973.0,826.0,254.0,474.0,453.0,712.0,1357.0,582.0,1508.0,791.0
18638,19:47.123,3,812.0,594.0,978.0,836.0,265.0,486.0,462.0,724.0,1361.0,590.0,1512.0,801.0
18639,19:47.157,3,816.0,595.0,982.0,836.0,273.0,492.0,470.0,728.0,1363.0,588.0,1515.0,796.0
18640,19:47.190,3,818.0,582.0,984.0,821.0,277.0,482.0,473.0,717.0,1364.0,572.0,1515.0,779.0
18641,19:47.223,3,818.0,560.0,982.0,804.0,1362.0,556.0,1511.0,759.0,275.0,464.0,472.0,698.0
18642,19:47.257,3,813.0,545.0,975.0,784.0,271.0,453.0,465.0,682.0,1357.0,539.0,1504.0,743.0
18643,19:47.290,3,805.0,523.0,971.0,766.0,262.0,426.0,457.0,661.0,1348.0,514.0,1498.0,723.0
18644,19:47.323,3,796.0,518.0,963.0,760.0,252.0,417.0,449.0,654.0,1339.0,511.0,1488.0,717.0
18645,19:47.357,3,786.0,531.0,952.0,773.0,242.0,428.0,438.0,665.0,1327.0,533.0,1474.0,732.0
18646,19:47.390,3,772.0,556.0,937.0,795.0,225.0,458.0,423.0,688.0,1312.0,552.0,1457.0,756.0
18647,19:47.423,3,754.0,579.0,918.0,818.0,203.0,480.0,404.0,713.0,1292.0,574.0,1437.0,779.0
18648,19:47.457,3,735.0,604.0,901.0,844.0,180.0,510.0,381.0,743.0,1272.0,599.0,1417.0,801.0
18649,19:47.490,3,719.0,625.0,885.0,867.0,158.0,537.0,362.0,769.0,1258.0,611.0,1402.0,816.0
18650,19:47.523,3,705.0,649.0,870.0,889.0,140.0,568.0,343.0,800.0,1241.0,627.0,1388.0,832.0
18651,19:47.557,3,687.0,665.0,855.0,905.0,113.0,585.0,322.0,823.0,1227.0,639.0,1371.0,840.0
18652,19:47.590,3,667.0,671.0,836.0,911.0,83.0,594.0,294.0,833.0,1208.0,635.0,1355.0,840.0
18653,19:47.623,3,632.0,669.0,806.0,911.0,30.0,595.0,251.0,839.0,1179.0,630.0,1326.0,836.0
18654,19:47.657,3,573.0,662.0,751.0,911.0,-42.0,595.0,174.0,842.0,1132.0,627.0,1277.0,832.0
18655,19:47.690,2,481.0,654.0,670.0,910.0,1059.0,624.0,1207.0,830.0,,,,
18656,19:47.723,2,358.0,634.0,559.0,897.0,967.0,613.0,1117.0,823.0,,,,
18657,19:47.757,2,214.0,609.0,431.0,882.0,864.0,600.0,1016.0,813.0,,,,
18658,19:47.790,2,67.0,593.0,301.0,874.0,764.0,590.0,922.0,810.0,,,,
18659,19:47.823,2,680.0,585.0,843.0,802.0,-52.0,575.0,189.0,868.0,,,,
18660,19:47.857,1,614.0,576.0,782.0,797.0,,,,,,,,
18661,19:47.890,1,574.0,557.0,742.0,782.0,,,,,,,,
18662,19:47.923,1,548.0,545.0,719.0,772.0,,,,,,,,
18663,19:47.957,1,528.0,538.0,702.0,764.0,,,,,,,,
18664,19:47.990,1,511.0,534.0,687.0,757.0,,,,,,,,
18665,19:48.023,1,492.0,520.0,669.0,746.0,,,,,,,,
18666,19:48.057,1,466.0,506.0,646.0,734.0,,,,,,,,
18667,19:48.090,1,439.0,489.0,623.0,721.0,,,,,,,,
18668,19:48.123,1,418.0,474.0,602.0,709.0,,,,,,,,
18669,19:48.157,1,400.0,477.0,583.0,707.0,,,,,,,,
18670,19:48.190,1,377.0,471.0,569.0,706.0,,,,,,,,
18671,19:48.223,1,367.0,465.0,556.0,700.0,,,,,,,,
18672,19:48.257,1,354.0,463.0,547.0,699.0,,,,,,,,
18673,19:48.290,1,340.0,464.0,533.0,699.0,,,,,,,,
18674,19:48.323,1,326.0,465.0,522.0,701.0,,,,,,,,
18675,19:48.357,1,311.0,465.0,507.0,704.0,,,,,,,,
18676,19:48.390,1,297.0,464.0,495.0,702.0,,,,,,,,
18677,19:48.423,1,288.0,459.0,489.0,695.0,,,,,,,,
18678,19:48.457,1,287.0,454.0,486.0,691.0,,,,,,,,
18679,19:48.490,1,292.0,452.0,490.0,688.0,,,,,,,,
18680,19:48.523,1,297.0,441.0,493.0,678.0,,,,,,,,
18681,19:48.557,1,302.0,439.0,499.0,678.0,,,,,,,,
18682,19:48.590,1,300.0,433.0,496.0,674.0,,,,,,,,
18683,19:48.623,1,289.0,425.0,491.0,668.0,,,,,,,,
18684,19:48.657,1,282.0,424.0,481.0,665.0,,,,,,,,
18685,19:48.690,1,274.0,425.0,475.0,668.0,,,,,,,,
18686,19:48.723,1,269.0,431.0,471.0,672.0,,,,,,,,
18687,19:48.757,1,266.0,441.0,467.0,680.0,,,,,,,,
18688,19:48.790,1,266.0,451.0,467.0,689.0,,,,,,,,
18689,19:48.823,1,265.0,455.0,467.0,695.0,,,,,,,,
18690,19:48.857,1,260.0,461.0,464.0,701.0,,,,,,,,
18691,19:48.890,1,253.0,467.0,458.0,706.0,,,,,,,,
18692,19:48.923,1,248.0,465.0,451.0,705.0,,,,,,,,
18693,19:48.957,1,241.0,458.0,447.0,700.0,,,,,,,,
18694,19:48.990,1,240.0,452.0,445.0,693.0,,,,,,,,
18695,19:49.023,1,240.0,451.0,446.0,693.0,,,,,,,,
18696,19:49.057,1,243.0,451.0,448.0,691.0,,,,,,,,
18697,19:49.090,1,253.0,456.0,457.0,696.0,,,,,,,,
18698,19:49.123,1,263.0,457.0,467.0,698.0,,,,,,,,
18699,19:49.157,1,275.0,463.0,476.0,700.0,,,,,,,,
18700,19:49.190,1,284.0,458.0,484.0,697.0,,,,,,,,
18701,19:49.223,1,292.0,452.0,490.0,688.0,,,,,,,,
18702,19:49.257,1,296.0,448.0,493.0,684.0,,,,,,,,
18703,19:49.290,1,295.0,434.0,492.0,676.0,,,,,,,,
18704,19:49.323,1,294.0,428.0,493.0,674.0,,,,,,,,
18705,19:49.357,1,294.0,427.0,493.0,674.0,,,,,,,,
18706,19:49.390,1,296.0,427.0,494.0,671.0,,,,,,,,
18707,19:49.423,1,301.0,425.0,499.0,669.0,,,,,,,,
18708,19:49.457,1,309.0,422.0,507.0,663.0,,,,,,,,
18709,19:49.490,1,317.0,418.0,516.0,659.0,,,,,,,,
18710,19:49.523,1,325.0,411.0,522.0,655.0,,,,,,,,
18711,19:49.557,1,333.0,405.0,530.0,647.0,,,,,,,,
18712,19:49.590,1,340.0,402.0,534.0,639.0,,,,,,,,
18713,19:49.623,1,343.0,399.0,537.0,636.0,,,,,,,,
18714,19:49.657,1,344.0,397.0,538.0,634.0,,,,,,,,
18715,19:49.690,1,344.0,396.0,538.0,634.0,,,,,,,,
18716,19:49.723,1,344.0,394.0,539.0,635.0,,,,,,,,
18717,19:49.757,1,345.0,393.0,539.0,634.0,,,,,,,,
18718,19:49.790,1,345.0,393.0,539.0,632.0,,,,,,,,
18719,19:49.823,1,343.0,391.0,537.0,628.0,,,,,,,,
18720,19:49.857,1,343.0,383.0,538.0,619.0,,,,,,,,
18721,19:49.890,1,344.0,380.0,539.0,615.0,,,,,,,,
18722,19:49.923,1,347.0,378.0,542.0,613.0,,,,,,,,
18723,19:49.957,1,354.0,374.0,549.0,614.0,,,,,,,,
18724,19:49.990,1,356.0,375.0,550.0,622.0,,,,,,,,
18725,19:50.023,1,359.0,374.0,553.0,624.0,,,,,,,,
18726,19:50.058,1,364.0,380.0,558.0,625.0,,,,,,,,
18727,19:50.092,1,369.0,383.0,562.0,624.0,,,,,,,,
18728,19:50.125,1,372.0,388.0,565.0,625.0,,,,,,,,
18729,19:50.158,1,374.0,388.0,567.0,625.0,,,,,,,,
18730,19:50.192,1,377.0,386.0,570.0,622.0,,,,,,,,
18731,19:50.225,1,378.0,385.0,571.0,619.0,,,,,,,,
18732,19:50.258,1,378.0,385.0,571.0,621.0,,,,,,,,
18733,19:50.292,1,378.0,384.0,571.0,622.0,,,,,,,,
18734,19:50.325,1,378.0,388.0,571.0,623.0,,,,,,,,
18735,19:50.358,1,378.0,389.0,571.0,622.0,,,,,,,,
18736,19:50.392,1,379.0,390.0,572.0,624.0,,,,,,,,
18737,19:50.425,1,381.0,395.0,574.0,628.0,,,,,,,,
18738,19:50.458,1,383.0,398.0,576.0,628.0,,,,,,,,
18739,19:50.492,1,386.0,398.0,579.0,628.0,,,,,,,,
18740,19:50.525,1,389.0,398.0,581.0,628.0,,,,,,,,
18741,19:50.558,1,395.0,396.0,584.0,627.0,,,,,,,,
18742,19:50.592,1,400.0,397.0,588.0,628.0,,,,,,,,
18743,19:50.625,1,403.0,398.0,592.0,629.0,,,,,,,,
18744,19:50.658,1,406.0,397.0,596.0,628.0,,,,,,,,
18745,19:50.692,1,412.0,400.0,602.0,629.0,,,,,,,,
18746,19:50.725,1,417.0,401.0,606.0,632.0,,,,,,,,
18747,19:50.758,1,422.0,401.0,610.0,634.0,,,,,,,,
18748,19:50.792,1,426.0,401.0,613.0,634.0,,,,,,,,
18749,19:50.825,1,429.0,403.0,615.0,637.0,,,,,,,,
18750,19:50.858,1,430.0,402.0,616.0,640.0,,,,,,,,
18751,19:50.892,1,431.0,403.0,617.0,639.0,,,,,,,,
18752,19:50.925,1,431.0,404.0,617.0,639.0,,,,,,,,
18753,19:50.958,1,431.0,405.0,618.0,639.0,,,,,,,,
18755,19:51.025,1,430.0,404.0,617.0,638.0,,,,,,,,
18770,19:51.525,2,68.0,447.0,315.0,746.0,763.0,398.0,926.0,623.0,,,,
18785,19:52.025,3,678.0,454.0,855.0,716.0,59.0,349.0,288.0,605.0,1236.0,441.0,1386.0,649.0
18800,19:52.525,3,1008.0,490.0,1171.0,735.0,501.0,418.0,679.0,642.0,1551.0,453.0,1711.0,672.0
18815,19:53.025,3,1016.0,486.0,1178.0,731.0,1560.0,430.0,1721.0,653.0,510.0,432.0,685.0,653.0
18830,19:53.525,3,963.0,503.0,1125.0,753.0,447.0,448.0,626.0,671.0,1520.0,445.0,1679.0,665.0
18845,19:54.027,3,955.0,498.0,1119.0,752.0,433.0,442.0,613.0,672.0,1509.0,439.0,1669.0,657.0
18860,19:54.527,3,951.0,498.0,1114.0,752.0,424.0,447.0,607.0,675.0,1501.0,449.0,1660.0,665.0
18875,19:55.027,3,912.0,502.0,1078.0,751.0,1465.0,444.0,1622.0,659.0,376.0,455.0,563.0,682.0
18890,19:55.527,3,922.0,511.0,1087.0,755.0,393.0,456.0,580.0,695.0,1478.0,451.0,1634.0,670.0
18905,19:56.027,3,1737.0,485.0,1907.0,712.0,1163.0,550.0,1325.0,792.0,693.0,501.0,854.0,713.0
18920,19:56.527,3,1972.0,505.0,2167.0,743.0,1356.0,599.0,1522.0,842.0,899.0,575.0,1051.0,768.0
18935,19:57.027,3,2032.0,516.0,2236.0,760.0,1405.0,605.0,1573.0,851.0,949.0,580.0,1101.0,775.0
18950,19:57.527,3,1979.0,521.0,2177.0,759.0,1362.0,599.0,1528.0,843.0,906.0,570.0,1059.0,770.0
18965,19:58.020,3,1411.0,610.0,1575.0,848.0,2034.0,535.0,2240.0,773.0,950.0,608.0,1101.0,812.0
18980,19:58.520,3,1439.0,587.0,1600.0,823.0,2059.0,526.0,2268.0,770.0,964.0,605.0,1114.0,810.0
18995,19:59.020,3,2072.0,531.0,2282.0,776.0,1481.0,581.0,1647.0,816.0,965.0,605.0,1116.0,810.0
19010,19:59.520,3,2064.0,530.0,2273.0,772.0,1538.0,566.0,1709.0,807.0,959.0,599.0,1110.0,800.0
19025,20:00.020,3,1539.0,571.0,1713.0,816.0,2054.0,532.0,2264.0,771.0,950.0,601.0,1104.0,800.0
19040,20:00.520,3,1542.0,572.0,1718.0,818.0,2061.0,527.0,2271.0,771.0,956.0,602.0,1108.0,800.0
19055,20:01.020,3,1534.0,572.0,1707.0,815.0,2050.0,532.0,2259.0,770.0,946.0,600.0,1098.0,807.0
19070,20:01.520,3,1530.0,571.0,1703.0,816.0,2051.0,526.0,2261.0,765.0,947.0,598.0,1100.0,810.0
19085,20:02.022,3,1540.0,571.0,1716.0,817.0,2080.0,512.0,2286.0,758.0,950.0,595.0,1103.0,800.0
19100,20:02.522,3,2048.0,532.0,2249.0,765.0,1519.0,574.0,1694.0,821.0,937.0,594.0,1088.0,800.0
19115,20:03.022,3,1965.0,698.0,2158.0,927.0,1461.0,685.0,1631.0,928.0,883.0,649.0,1037.0,851.0
19130,20:03.522,3,1857.0,683.0,2038.0,911.0,1379.0,696.0,1542.0,936.0,800.0,692.0,955.0,894.0
19145,20:04.022,3,1804.0,723.0,1977.0,945.0,1334.0,741.0,1497.0,972.0,755.0,727.0,911.0,932.0
19160,20:04.522,3,1322.0,737.0,1484.0,971.0,1785.0,721.0,1961.0,949.0,745.0,729.0,902.0,933.0
19175,20:05.022,3,1706.0,602.0,1877.0,831.0,657.0,621.0,817.0,835.0,1243.0,625.0,1406.0,860.0
19190,20:05.522,3,1697.0,589.0,1868.0,810.0,1235.0,608.0,1396.0,841.0,646.0,608.0,809.0,820.0
19205,20:06.023,3,1250.0,584.0,1413.0,822.0,1714.0,568.0,1884.0,787.0,662.0,590.0,825.0,804.0
19220,20:06.523,3,1727.0,556.0,1899.0,777.0,1261.0,570.0,1422.0,810.0,672.0,577.0,835.0,788.0
19235,20:07.023,3,1748.0,529.0,1924.0,753.0,1275.0,548.0,1440.0,788.0,690.0,555.0,851.0,765.0
19250,20:07.523,3,1277.0,537.0,1441.0,777.0,689.0,538.0,849.0,752.0,1750.0,516.0,1926.0,741.0
19265,20:08.023,3,1749.0,498.0,1925.0,723.0,1275.0,517.0,1442.0,762.0,686.0,523.0,847.0,735.0
19280,20:08.523,3,1726.0,534.0,1899.0,750.0,1260.0,536.0,1422.0,777.0,669.0,526.0,832.0,737.0
19295,20:09.023,3,1225.0,542.0,1388.0,789.0,1685.0,539.0,1855.0,756.0,629.0,535.0,793.0,747.0
19310,20:09.523,3,603.0,502.0,770.0,720.0,1204.0,518.0,1367.0,769.0,1664.0,504.0,1834.0,727.0
19325,20:10.025,3,1642.0,491.0,1809.0,714.0,1182.0,503.0,1347.0,755.0,576.0,487.0,744.0,708.0
19340,20:10.525,3,1195.0,489.0,1357.0,735.0,1656.0,478.0,1825.0,702.0,588.0,474.0,757.0,698.0
19355,20:11.025,3,1205.0,496.0,1367.0,744.0,596.0,488.0,764.0,706.0,1664.0,487.0,1834.0,709.0
19370,20:11.525,3,573.0,439.0,745.0,658.0,1190.0,448.0,1355.0,696.0,1654.0,437.0,1822.0,686.0
19385,20:12.025,3,1637.0,473.0,1808.0,700.0,1180.0,482.0,1344.0,726.0,564.0,466.0,736.0,692.0
19400,20:12.525,3,1117.0,484.0,1279.0,727.0,1570.0,494.0,1734.0,713.0,489.0,463.0,667.0,684.0
19415,20:13.025,3,433.0,470.0,616.0,703.0,1071.0,501.0,1234.0,744.0,1523.0,509.0,1684.0,722.0
19430,20:13.525,3,1261.0,622.0,1422.0,866.0,1721.0,633.0,1892.0,846.0,685.0,602.0,841.0,816.0
19445,20:14.027,3,1924.0,596.0,2115.0,825.0,1431.0,588.0,1597.0,825.0,866.0,589.0,1017.0,788.0
19460,20:14.527,3,1910.0,557.0,2100.0,784.0,1418.0,561.0,1584.0,799.0,850.0,563.0,1003.0,762.0
19475,20:15.027,3,2014.0,570.0,2216.0,797.0,1508.0,565.0,1677.0,807.0,939.0,558.0,1089.0,755.0
19490,20:15.527,3,2001.0,541.0,2201.0,772.0,1494.0,542.0,1661.0,783.0,917.0,535.0,1068.0,733.0
19505,20:16.027,3,1812.0,666.0,1992.0,887.0,1347.0,669.0,1508.0,904.0,771.0,667.0,924.0,864.0
19520,20:16.527,3,1356.0,785.0,1518.0,1019.0,1820.0,793.0,1999.0,1015.0,785.0,760.0,937.0,959.0
19535,20:17.027,3,1865.0,747.0,2051.0,967.0,1397.0,760.0,1562.0,995.0,829.0,760.0,981.0,962.0
19550,20:17.518,3,1868.0,611.0,2058.0,836.0,1401.0,664.0,1565.0,900.0,834.0,716.0,985.0,909.0
19565,20:18.020,3,1914.0,613.0,2105.0,843.0,1434.0,633.0,1599.0,874.0,866.0,640.0,1018.0,839.0
19580,20:18.520,3,1877.0,658.0,2066.0,883.0,1403.0,666.0,1566.0,905.0,840.0,663.0,991.0,863.0
19595,20:19.020,3,1838.0,628.0,2023.0,851.0,1369.0,635.0,1533.0,873.0,804.0,627.0,957.0,833.0
19610,20:19.520,3,1795.0,626.0,1972.0,850.0,1328.0,636.0,1490.0,871.0,762.0,635.0,913.0,845.0
19625,20:20.020,3,1856.0,673.0,2040.0,900.0,1382.0,673.0,1544.0,912.0,820.0,665.0,971.0,866.0
19640,20:20.520,3,1861.0,670.0,2045.0,899.0,1385.0,672.0,1548.0,912.0,819.0,665.0,970.0,866.0
19655,20:21.020,3,1386.0,713.0,1550.0,954.0,1864.0,710.0,2049.0,936.0,823.0,709.0,973.0,912.0
19670,20:21.520,3,1863.0,749.0,2046.0,969.0,1385.0,749.0,1548.0,984.0,818.0,729.0,969.0,929.0
19685,20:22.022,3,1953.0,666.0,2149.0,896.0,1457.0,666.0,1624.0,908.0,898.0,658.0,1045.0,854.0
19700,20:22.522,3,1485.0,674.0,1654.0,915.0,1996.0,676.0,2197.0,911.0,921.0,660.0,1070.0,858.0
19715,20:23.022,3,1603.0,580.0,1777.0,830.0,2147.0,557.0,2376.0,813.0,1020.0,586.0,1168.0,786.0
19730,20:23.522,3,1606.0,541.0,1786.0,789.0,2161.0,513.0,2386.0,764.0,1034.0,548.0,1179.0,746.0
19745,20:24.022,3,2083.0,516.0,2302.0,763.0,1554.0,538.0,1729.0,790.0,987.0,539.0,1134.0,734.0
19760,20:24.522,3,1419.0,548.0,1586.0,790.0,1919.0,522.0,2112.0,755.0,849.0,552.0,1001.0,750.0
19775,20:25.022,3,1901.0,520.0,2092.0,751.0,1406.0,544.0,1570.0,786.0,827.0,547.0,980.0,753.0
19790,20:25.522,3,1381.0,551.0,1544.0,795.0,1856.0,526.0,2041.0,759.0,803.0,558.0,956.0,760.0
19805,20:26.023,3,1742.0,536.0,1916.0,761.0,1287.0,561.0,1449.0,802.0,703.0,571.0,861.0,770.0
19820,20:26.523,3,1272.0,547.0,1436.0,790.0,1728.0,528.0,1898.0,749.0,686.0,557.0,842.0,756.0
19835,20:27.023,3,1266.0,546.0,1425.0,789.0,1719.0,529.0,1888.0,748.0,678.0,548.0,838.0,755.0
19850,20:27.523,3,1264.0,540.0,1425.0,780.0,1719.0,522.0,1890.0,741.0,681.0,539.0,841.0,745.0
19865,20:28.023,3,1269.0,547.0,1430.0,791.0,1724.0,529.0,1895.0,749.0,686.0,537.0,844.0,742.0
19880,20:28.523,3,1315.0,520.0,1478.0,759.0,1776.0,495.0,1950.0,721.0,734.0,513.0,894.0,718.0
19895,20:29.023,3,1741.0,559.0,1914.0,781.0,1285.0,577.0,1447.0,818.0,706.0,576.0,863.0,779.0
19910,20:29.523,3,1734.0,533.0,1906.0,755.0,1275.0,550.0,1436.0,788.0,692.0,545.0,853.0,757.0
19925,20:30.025,3,1694.0,531.0,1864.0,749.0,1240.0,548.0,1401.0,785.0,655.0,549.0,814.0,755.0
19940,20:30.525,3,1707.0,533.0,1878.0,750.0,1253.0,547.0,1411.0,787.0,669.0,535.0,828.0,741.0
19955,20:31.025,3,1820.0,532.0,1999.0,755.0,1351.0,553.0,1513.0,790.0,771.0,546.0,927.0,748.0
19970,20:31.525,3,1690.0,561.0,1877.0,814.0,1102.0,590.0,1250.0,777.0,2259.0,526.0,2462.0,773.0
19985,20:32.025,2,1893.0,551.0,2102.0,820.0,1279.0,591.0,1427.0,802.0,,,,
20000,20:32.525,2,2137.0,515.0,2383.0,813.0,1462.0,586.0,1616.0,792.0,,,,
20015,20:33.025,2,2049.0,505.0,2275.0,786.0,1413.0,573.0,1567.0,777.0,,,,
20030,20:33.525,2,1937.0,525.0,2149.0,793.0,1362.0,590.0,1514.0,797.0,,,,
20045,20:34.027,2,1886.0,519.0,2094.0,787.0,1340.0,585.0,1490.0,787.0,,,,
20060,20:34.527,2,1882.0,517.0,2085.0,774.0,1312.0,584.0,1463.0,782.0,,,,
20075,20:35.027,2,1867.0,525.0,2066.0,782.0,1315.0,589.0,1465.0,788.0,,,,
20090,20:35.527,2,1857.0,523.0,2060.0,774.0,1317.0,585.0,1468.0,790.0,,,,
20105,20:36.027,2,1806.0,517.0,1999.0,766.0,1267.0,582.0,1417.0,791.0,,,,
20120,20:36.527,2,1669.0,545.0,1851.0,791.0,1153.0,586.0,1301.0,789.0,,,,
20135,20:37.027,2,1661.0,533.0,1843.0,784.0,1130.0,579.0,1277.0,773.0,,,,
20150,20:37.518,2,1663.0,518.0,1856.0,784.0,1125.0,560.0,1273.0,758.0,,,,
20165,20:38.020,2,1638.0,520.0,1828.0,789.0,1107.0,559.0,1254.0,755.0,,,,
20180,20:38.520,2,1635.0,519.0,1825.0,794.0,1101.0,554.0,1249.0,754.0,,,,
20195,20:39.020,2,1625.0,517.0,1809.0,783.0,1092.0,552.0,1240.0,751.0,,,,
20210,20:39.520,3,1613.0,536.0,1798.0,794.0,1083.0,565.0,1232.0,766.0,2259.0,490.0,2466.0,731.0
20225,20:40.020,3,1576.0,519.0,1761.0,778.0,2202.0,466.0,2430.0,724.0,1051.0,551.0,1198.0,748.0
20240,20:40.520,3,1155.0,586.0,1321.0,833.0,1672.0,570.0,1840.0,795.0,622.0,572.0,786.0,780.0
20255,20:41.020,3,963.0,533.0,1131.0,782.0,386.0,505.0,567.0,730.0,1464.0,531.0,1620.0,742.0
20270,20:41.520,3,957.0,546.0,1124.0,796.0,1455.0,544.0,1612.0,757.0,374.0,512.0,557.0,738.0
20285,20:42.022,3,1017.0,531.0,1183.0,783.0,457.0,505.0,632.0,730.0,1524.0,527.0,1683.0,739.0
20300,20:42.522,3,1596.0,605.0,1758.0,828.0,547.0,609.0,715.0,824.0,1091.0,623.0,1255.0,868.0
20315,20:43.022,3,1103.0,577.0,1267.0,826.0,1611.0,561.0,1774.0,782.0,565.0,567.0,732.0,781.0
20330,20:43.522,3,1613.0,547.0,1775.0,764.0,567.0,541.0,737.0,760.0,1108.0,558.0,1272.0,809.0
20345,20:44.022,3,568.0,536.0,737.0,753.0,1615.0,543.0,1775.0,757.0,1108.0,552.0,1271.0,802.0
20360,20:44.522,3,568.0,540.0,737.0,759.0,1106.0,554.0,1271.0,807.0,1617.0,545.0,1777.0,756.0
20375,20:45.022,3,569.0,536.0,737.0,755.0,1108.0,552.0,1273.0,805.0,1622.0,542.0,1783.0,756.0
20390,20:45.522,3,570.0,532.0,738.0,752.0,1108.0,551.0,1273.0,799.0,1625.0,541.0,1786.0,754.0
20405,20:46.023,3,1113.0,552.0,1276.0,796.0,572.0,529.0,740.0,751.0,1631.0,540.0,1791.0,754.0
20420,20:46.523,3,570.0,534.0,738.0,757.0,1111.0,550.0,1275.0,797.0,1629.0,540.0,1788.0,754.0
20435,20:47.023,3,1113.0,574.0,1274.0,820.0,571.0,559.0,738.0,775.0,1626.0,564.0,1788.0,775.0
20450,20:47.523,3,566.0,545.0,735.0,762.0,1622.0,550.0,1782.0,765.0,1110.0,563.0,1274.0,810.0
20465,20:48.023,3,552.0,546.0,721.0,760.0,1610.0,550.0,1772.0,762.0,1098.0,564.0,1262.0,808.0
20480,20:48.523,3,1103.0,569.0,1267.0,815.0,1616.0,555.0,1777.0,769.0,561.0,554.0,728.0,768.0
20495,20:49.023,3,568.0,536.0,737.0,755.0,1112.0,556.0,1275.0,805.0,1626.0,547.0,1786.0,762.0
20510,20:49.523,3,568.0,537.0,737.0,758.0,1624.0,548.0,1785.0,766.0,1113.0,559.0,1275.0,809.0
20525,20:50.025,3,570.0,532.0,737.0,752.0,1118.0,555.0,1281.0,801.0,1625.0,546.0,1786.0,764.0
20540,20:50.525,3,1115.0,548.0,1277.0,800.0,567.0,527.0,736.0,746.0,1614.0,543.0,1775.0,759.0
20555,20:51.025,3,1115.0,550.0,1278.0,799.0,1610.0,548.0,1773.0,764.0,567.0,527.0,735.0,744.0
20570,20:51.525,3,568.0,542.0,737.0,761.0,1116.0,574.0,1281.0,819.0,1615.0,577.0,1776.0,793.0
20585,20:52.025,3,489.0,533.0,663.0,754.0,1052.0,559.0,1215.0,806.0,1545.0,563.0,1702.0,775.0
20596,20:52.592,3,1033.0,567.0,1198.0,810.0,472.0,536.0,647.0,755.0,1538.0,566.0,1695.0,778.0
20610,20:53.025,3,522.0,562.0,692.0,778.0,1073.0,574.0,1237.0,818.0,1584.0,563.0,1746.0,779.0
20625,20:53.525,3,569.0,549.0,737.0,770.0,1633.0,563.0,1797.0,783.0,1113.0,564.0,1275.0,811.0
20636,20:54.027,3,571.0,546.0,740.0,766.0,1636.0,563.0,1801.0,779.0,1113.0,563.0,1275.0,811.0
20651,20:54.527,3,570.0,541.0,739.0,762.0,1635.0,558.0,1802.0,777.0,1114.0,559.0,1276.0,807.0
20666,20:55.027,3,566.0,545.0,735.0,763.0,1632.0,562.0,1796.0,778.0,1110.0,560.0,1273.0,807.0
20681,20:55.527,3,1609.0,555.0,1773.0,774.0,541.0,550.0,712.0,763.0,1090.0,560.0,1252.0,805.0
20696,20:56.027,3,1610.0,554.0,1773.0,773.0,1090.0,558.0,1253.0,804.0,545.0,549.0,715.0,760.0
20711,20:56.527,3,1610.0,551.0,1773.0,779.0,1089.0,562.0,1252.0,805.0,536.0,550.0,705.0,763.0
20726,20:57.027,3,1612.0,550.0,1775.0,772.0,1088.0,564.0,1251.0,808.0,535.0,552.0,703.0,764.0
20741,20:57.518,3,1077.0,559.0,1242.0,798.0,1613.0,547.0,1775.0,767.0,540.0,545.0,709.0,759.0
20756,20:58.020,3,1084.0,562.0,1249.0,802.0,1616.0,546.0,1778.0,767.0,539.0,546.0,707.0,760.0
20771,20:58.520,3,542.0,554.0,710.0,776.0,1082.0,568.0,1247.0,810.0,1617.0,551.0,1777.0,771.0
20777,20:59.187,3,1067.0,563.0,1231.0,808.0,1602.0,549.0,1762.0,766.0,526.0,547.0,696.0,771.0
20789,20:59.520,3,241.0,591.0,444.0,830.0,861.0,609.0,1032.0,856.0,1385.0,604.0,1536.0,819.0
20804,21:00.020,3,831.0,608.0,1005.0,859.0,194.0,589.0,403.0,828.0,1355.0,608.0,1507.0,822.0
20819,21:00.520,3,802.0,614.0,976.0,870.0,158.0,590.0,369.0,830.0,1320.0,606.0,1470.0,817.0
20834,21:01.020,3,784.0,634.0,957.0,887.0,139.0,619.0,349.0,855.0,1316.0,634.0,1464.0,842.0
20849,21:01.520,3,985.0,601.0,1153.0,852.0,1509.0,606.0,1670.0,823.0,411.0,589.0,592.0,817.0
20864,21:02.022,3,1097.0,478.0,1266.0,732.0,1636.0,492.0,1805.0,722.0,535.0,453.0,710.0,680.0
20879,21:02.522,3,1149.0,519.0,1318.0,769.0,1693.0,525.0,1866.0,752.0,593.0,498.0,763.0,719.0
20894,21:03.022,3,1701.0,545.0,1872.0,772.0,609.0,557.0,777.0,770.0,1158.0,552.0,1325.0,807.0
20909,21:03.522,3,1174.0,545.0,1341.0,793.0,1717.0,540.0,1892.0,765.0,626.0,541.0,794.0,759.0
20924,21:04.022,3,1169.0,543.0,1335.0,789.0,1710.0,536.0,1885.0,763.0,622.0,543.0,789.0,759.0
20939,21:04.522,3,1035.0,539.0,1204.0,784.0,1563.0,536.0,1726.0,758.0,461.0,526.0,640.0,755.0
20954,21:05.022,3,821.0,505.0,996.0,761.0,172.0,490.0,383.0,728.0,1351.0,512.0,1505.0,731.0
20969,21:05.522,3,844.0,513.0,1015.0,769.0,200.0,486.0,408.0,731.0,1371.0,531.0,1523.0,741.0
20984,21:06.023,3,924.0,527.0,1093.0,779.0,314.0,507.0,506.0,740.0,1444.0,544.0,1598.0,759.0
20999,21:06.523,3,976.0,541.0,1144.0,791.0,1498.0,547.0,1655.0,766.0,384.0,519.0,570.0,751.0
21014,21:07.023,3,1529.0,600.0,1690.0,822.0,440.0,589.0,621.0,819.0,1015.0,603.0,1180.0,848.0
21029,21:07.523,3,1210.0,537.0,1376.0,783.0,1746.0,527.0,1923.0,756.0,680.0,534.0,843.0,745.0
21044,21:08.023,3,1729.0,499.0,1902.0,727.0,1192.0,517.0,1358.0,766.0,663.0,534.0,828.0,753.0
21059,21:08.523,3,1700.0,472.0,1872.0,700.0,1170.0,484.0,1334.0,736.0,634.0,491.0,802.0,710.0
21074,21:09.023,3,1149.0,548.0,1314.0,792.0,1668.0,549.0,1834.0,766.0,610.0,543.0,779.0,757.0
21089,21:09.523,3,1108.0,514.0,1273.0,761.0,557.0,506.0,729.0,727.0,1628.0,510.0,1793.0,729.0
21104,21:10.025,3,557.0,498.0,728.0,722.0,1108.0,513.0,1273.0,760.0,1629.0,503.0,1792.0,721.0
21119,21:10.525,3,1174.0,520.0,1339.0,770.0,629.0,509.0,796.0,725.0,1701.0,517.0,1869.0,734.0
21134,21:11.025,3,1137.0,577.0,1300.0,823.0,587.0,562.0,754.0,774.0,1656.0,567.0,1819.0,786.0
21149,21:11.525,3,1215.0,582.0,1381.0,828.0,1746.0,575.0,1921.0,798.0,673.0,570.0,835.0,776.0
21164,21:12.025,3,2134.0,397.0,2353.0,657.0,1518.0,439.0,1696.0,699.0,981.0,456.0,1134.0,659.0
21179,21:12.525,3,1684.0,364.0,1857.0,595.0,1152.0,373.0,1322.0,629.0,581.0,352.0,753.0,581.0
21189,21:13.058,3,1042.0,267.0,1216.0,537.0,1569.0,275.0,1741.0,511.0,429.0,229.0,618.0,477.0
21202,21:15.268,3,1029.0,307.0,1201.0,571.0,1561.0,328.0,1728.0,554.0,416.0,267.0,606.0,510.0
21203,21:15.285,3,656.0,200.0,829.0,432.0,1238.0,204.0,1414.0,478.0,1807.0,207.0,1996.0,449.0
21204,21:15.327,3,1814.0,195.0,2004.0,438.0,660.0,197.0,835.0,426.0,1242.0,195.0,1419.0,470.0
21205,21:15.360,3,1816.0,193.0,2007.0,434.0,661.0,196.0,836.0,425.0,1243.0,193.0,1421.0,468.0
21210,21:15.527,3,647.0,193.0,820.0,427.0,1799.0,203.0,1987.0,442.0,1230.0,198.0,1407.0,471.0
21225,21:16.027,3,1933.0,285.0,2134.0,533.0,1353.0,318.0,1527.0,583.0,808.0,328.0,966.0,542.0
21240,21:16.527,3,1984.0,341.0,2187.0,582.0,1401.0,377.0,1575.0,635.0,855.0,385.0,1014.0,591.0
21255,21:17.027,3,992.0,438.0,1159.0,692.0,1509.0,420.0,1669.0,639.0,388.0,411.0,574.0,640.0
21270,21:17.520,3,925.0,442.0,1095.0,697.0,1446.0,424.0,1603.0,642.0,300.0,414.0,495.0,648.0
21285,21:18.020,3,872.0,466.0,1042.0,721.0,233.0,443.0,434.0,679.0,1392.0,455.0,1546.0,661.0
21300,21:18.520,3,826.0,477.0,997.0,729.0,1351.0,471.0,1502.0,682.0,171.0,448.0,378.0,689.0
21315,21:19.020,3,771.0,470.0,945.0,727.0,85.0,432.0,305.0,684.0,1301.0,474.0,1450.0,685.0
21330,21:19.520,3,776.0,461.0,951.0,721.0,94.0,422.0,314.0,672.0,1304.0,467.0,1455.0,687.0
21345,21:20.020,3,771.0,467.0,945.0,722.0,86.0,429.0,308.0,685.0,1297.0,472.0,1444.0,689.0
21360,21:20.520,3,709.0,491.0,887.0,751.0,-3.0,442.0,228.0,697.0,1240.0,506.0,1389.0,713.0
21375,21:21.020,3,701.0,491.0,879.0,751.0,-13.0,447.0,217.0,694.0,1234.0,504.0,1382.0,717.0
21390,21:21.522,3,683.0,503.0,863.0,760.0,-33.0,453.0,197.0,708.0,1219.0,519.0,1365.0,726.0
21405,21:22.022,3,662.0,514.0,844.0,775.0,-58.0,460.0,170.0,717.0,1206.0,540.0,1352.0,742.0
21420,21:22.522,3,670.0,516.0,851.0,777.0,1213.0,542.0,1360.0,744.0,-46.0,464.0,183.0,718.0
21435,21:23.022,3,677.0,536.0,855.0,794.0,1220.0,554.0,1366.0,761.0,-45.0,479.0,191.0,737.0
21450,21:23.522,3,664.0,531.0,844.0,793.0,-59.0,481.0,174.0,739.0,1208.0,547.0,1355.0,751.0
21465,21:24.022,3,663.0,524.0,845.0,784.0,-55.0,471.0,173.0,729.0,1205.0,542.0,1352.0,745.0
21480,21:24.522,3,669.0,527.0,850.0,785.0,1206.0,543.0,1352.0,749.0,-40.0,472.0,181.0,727.0
21495,21:25.022,3,954.0,547.0,1119.0,810.0,341.0,513.0,528.0,746.0,1473.0,543.0,1624.0,751.0
21510,21:25.523,3,1677.0,525.0,1843.0,744.0,1156.0,559.0,1321.0,813.0,607.0,551.0,771.0,762.0
21525,21:26.023,3,897.0,515.0,1064.0,772.0,279.0,477.0,477.0,712.0,1396.0,506.0,1551.0,715.0
21540,21:26.523,2,237.0,542.0,461.0,837.0,850.0,595.0,1002.0,802.0,,,,
21555,21:27.023,2,57.0,489.0,303.0,808.0,729.0,556.0,887.0,772.0,,,,
21570,21:27.523,2,28.0,471.0,278.0,790.0,717.0,540.0,878.0,756.0,,,,
21585,21:28.023,2,738.0,535.0,897.0,751.0,53.0,468.0,298.0,785.0,,,,
21600,21:28.523,2,116.0,480.0,356.0,787.0,786.0,540.0,942.0,751.0,,,,
21615,21:29.023,2,171.0,488.0,402.0,784.0,829.0,543.0,984.0,754.0,,,,
21630,21:29.525,2,177.0,486.0,406.0,774.0,830.0,545.0,985.0,754.0,,,,
21645,21:30.025,2,182.0,488.0,411.0,777.0,832.0,544.0,986.0,753.0,,,,
21660,21:30.533,2,446.0,527.0,645.0,801.0,1016.0,573.0,1162.0,770.0,,,,
21675,21:31.025,3,891.0,557.0,1059.0,810.0,272.0,518.0,473.0,763.0,1405.0,558.0,1553.0,764.0
21690,21:31.525,3,970.0,558.0,1135.0,807.0,378.0,526.0,565.0,762.0,1484.0,556.0,1637.0,761.0
21705,21:32.025,3,393.0,527.0,576.0,767.0,979.0,562.0,1144.0,809.0,1494.0,549.0,1647.0,759.0
21720,21:32.525,3,430.0,531.0,610.0,767.0,1007.0,560.0,1171.0,808.0,1521.0,551.0,1675.0,761.0
21735,21:33.025,3,1025.0,555.0,1188.0,803.0,458.0,524.0,635.0,759.0,1539.0,544.0,1695.0,755.0
21750,21:33.527,3,1087.0,548.0,1249.0,792.0,532.0,518.0,704.0,751.0,1604.0,541.0,1763.0,750.0
21765,21:34.027,3,1686.0,535.0,1851.0,750.0,620.0,536.0,786.0,756.0,1161.0,553.0,1324.0,798.0
21780,21:34.527,3,1677.0,536.0,1843.0,754.0,1153.0,561.0,1316.0,805.0,612.0,546.0,778.0,761.0
21795,21:35.027,3,490.0,543.0,663.0,768.0,1561.0,530.0,1721.0,745.0,1048.0,553.0,1211.0,799.0
21810,21:35.527,3,1082.0,571.0,1244.0,815.0,536.0,554.0,706.0,778.0,1596.0,556.0,1756.0,769.0
21825,21:36.035,3,1429.0,601.0,1599.0,849.0,2001.0,548.0,2201.0,787.0,913.0,612.0,1067.0,819.0
21840,21:36.527,3,1062.0,536.0,1229.0,782.0,1554.0,401.0,1719.0,623.0,515.0,645.0,688.0,861.0
21855,21:37.018,3,1670.0,475.0,1838.0,706.0,1148.0,560.0,1312.0,799.0,595.0,588.0,762.0,804.0
21870,21:37.520,3,1337.0,522.0,1507.0,768.0,1898.0,463.0,2087.0,694.0,807.0,544.0,961.0,750.0
21885,21:38.020,3,1356.0,549.0,1525.0,796.0,1920.0,476.0,2111.0,714.0,824.0,575.0,982.0,787.0
21900,21:38.520,3,1339.0,526.0,1510.0,780.0,1900.0,461.0,2095.0,698.0,804.0,554.0,961.0,764.0
21915,21:39.020,3,1273.0,569.0,1441.0,816.0,1814.0,523.0,1996.0,751.0,735.0,582.0,896.0,788.0
21930,21:39.520,3,1745.0,475.0,1921.0,711.0,1224.0,533.0,1391.0,779.0,682.0,538.0,844.0,751.0
21945,21:40.020,3,1198.0,508.0,1363.0,755.0,1709.0,458.0,1883.0,688.0,648.0,508.0,811.0,725.0
21960,21:40.520,3,1188.0,507.0,1354.0,753.0,1702.0,457.0,1876.0,690.0,635.0,510.0,799.0,722.0
21975,21:41.020,3,1689.0,461.0,1862.0,697.0,1181.0,509.0,1347.0,754.0,631.0,512.0,798.0,728.0
21990,21:41.522,3,1180.0,491.0,1346.0,737.0,1690.0,446.0,1863.0,680.0,627.0,495.0,793.0,712.0
22005,21:42.022,3,1688.0,436.0,1861.0,671.0,1177.0,480.0,1344.0,727.0,621.0,479.0,789.0,700.0
22020,21:42.522,3,1676.0,432.0,1849.0,663.0,1168.0,476.0,1333.0,723.0,612.0,475.0,782.0,703.0
22035,21:43.022,3,1663.0,432.0,1836.0,669.0,1152.0,480.0,1319.0,726.0,595.0,469.0,765.0,697.0
22050,21:43.522,3,395.0,476.0,580.0,713.0,1497.0,482.0,1656.0,704.0,996.0,505.0,1162.0,751.0
22065,21:44.022,3,360.0,485.0,546.0,717.0,968.0,514.0,1137.0,761.0,1472.0,490.0,1629.0,714.0
22080,21:44.522,3,314.0,482.0,506.0,717.0,935.0,517.0,1103.0,766.0,1440.0,501.0,1597.0,721.0
22095,21:45.022,3,917.0,532.0,1086.0,780.0,289.0,498.0,483.0,731.0,1420.0,514.0,1575.0,734.0
22110,21:45.523,3,835.0,607.0,1005.0,854.0,178.0,566.0,382.0,804.0,1335.0,603.0,1486.0,812.0
22125,21:46.023,3,179.0,540.0,385.0,780.0,836.0,576.0,1005.0,825.0,1337.0,569.0,1489.0,780.0
22140,21:46.523,3,170.0,542.0,378.0,782.0,831.0,586.0,999.0,832.0,1329.0,577.0,1482.0,791.0
22155,21:47.023,3,1086.0,618.0,1250.0,862.0,1585.0,594.0,1748.0,813.0,514.0,590.0,686.0,814.0
22170,21:47.523,3,1201.0,606.0,1364.0,850.0,1714.0,573.0,1885.0,799.0,655.0,593.0,820.0,812.0
22185,21:48.023,3,1178.0,590.0,1342.0,834.0,1687.0,562.0,1857.0,785.0,628.0,581.0,794.0,797.0
22200,21:48.523,3,1051.0,573.0,1214.0,819.0,477.0,558.0,652.0,781.0,1551.0,554.0,1712.0,774.0
22215,21:49.023,3,907.0,545.0,1075.0,792.0,290.0,510.0,484.0,757.0,1406.0,534.0,1560.0,748.0
22230,21:49.525,3,898.0,546.0,1066.0,794.0,278.0,507.0,474.0,742.0,1400.0,539.0,1554.0,753.0
22245,21:50.025,3,909.0,544.0,1077.0,793.0,1407.0,534.0,1561.0,753.0,288.0,510.0,480.0,747.0
22260,21:50.525,3,911.0,546.0,1080.0,797.0,1412.0,534.0,1564.0,751.0,293.0,513.0,486.0,748.0
22275,21:51.025,3,912.0,551.0,1081.0,800.0,1415.0,538.0,1566.0,755.0,295.0,515.0,488.0,752.0
22290,21:51.525,3,913.0,551.0,1081.0,798.0,1416.0,540.0,1567.0,753.0,294.0,514.0,487.0,749.0
22305,21:52.025,3,913.0,555.0,1082.0,804.0,1415.0,549.0,1567.0,759.0,293.0,516.0,487.0,751.0
22320,21:52.525,3,913.0,553.0,1082.0,800.0,1416.0,546.0,1568.0,762.0,292.0,514.0,486.0,748.0
22335,21:53.025,3,914.0,556.0,1083.0,804.0,1415.0,550.0,1567.0,760.0,295.0,517.0,488.0,752.0
22350,21:53.527,3,833.0,598.0,1004.0,844.0,186.0,646.0,393.0,880.0,1322.0,518.0,1476.0,734.0
22365,21:54.027,3,930.0,642.0,1095.0,880.0,289.0,620.0,479.0,845.0,1414.0,600.0,1567.0,814.0
22380,21:54.527,3,1741.0,591.0,1911.0,815.0,1229.0,640.0,1392.0,891.0,669.0,639.0,831.0,847.0
22395,21:55.027,3,1243.0,606.0,1407.0,851.0,1754.0,539.0,1929.0,765.0,676.0,611.0,837.0,821.0
22410,21:55.527,3,1116.0,594.0,1279.0,839.0,1603.0,543.0,1765.0,756.0,534.0,585.0,703.0,796.0
22425,21:56.018,3,1008.0,571.0,1171.0,816.0,405.0,556.0,586.0,778.0,1505.0,529.0,1660.0,742.0
22440,21:56.518,3,374.0,559.0,556.0,783.0,977.0,566.0,1135.0,802.0,1478.0,532.0,1631.0,747.0
22455,21:57.018,3,900.0,542.0,1058.0,773.0,267.0,519.0,464.0,749.0,1405.0,533.0,1556.0,745.0
22470,21:57.520,3,870.0,541.0,1035.0,779.0,242.0,503.0,439.0,736.0,1390.0,527.0,1541.0,737.0
22485,21:58.020,3,858.0,562.0,1026.0,807.0,240.0,510.0,439.0,746.0,1392.0,535.0,1542.0,742.0
22500,21:58.520,3,1030.0,595.0,1196.0,841.0,1574.0,558.0,1735.0,770.0,471.0,546.0,644.0,763.0
22515,21:59.020,3,1122.0,608.0,1286.0,848.0,1662.0,548.0,1827.0,777.0,566.0,567.0,732.0,777.0
22530,21:59.520,3,992.0,602.0,1156.0,845.0,1514.0,549.0,1673.0,765.0,399.0,564.0,577.0,779.0
22545,22:00.020,3,963.0,584.0,1128.0,827.0,1479.0,545.0,1634.0,763.0,354.0,547.0,537.0,769.0
22560,22:00.520,3,968.0,582.0,1134.0,821.0,1488.0,541.0,1643.0,752.0,359.0,533.0,541.0,759.0
22575,22:01.020,3,955.0,588.0,1119.0,831.0,1472.0,544.0,1627.0,757.0,347.0,540.0,530.0,765.0
22590,22:01.522,3,948.0,588.0,1112.0,828.0,338.0,537.0,524.0,768.0,1469.0,550.0,1623.0,761.0
22605,22:02.022,3,914.0,590.0,1082.0,832.0,301.0,540.0,491.0,768.0,1441.0,556.0,1594.0,766.0
22620,22:02.522,3,911.0,596.0,1079.0,840.0,296.0,544.0,485.0,771.0,1437.0,558.0,1591.0,768.0
22635,22:03.022,3,910.0,588.0,1079.0,833.0,299.0,537.0,489.0,765.0,1442.0,555.0,1594.0,763.0
22650,22:03.522,3,913.0,592.0,1081.0,832.0,305.0,532.0,494.0,763.0,1444.0,554.0,1595.0,765.0
22665,22:04.022,3,909.0,600.0,1078.0,844.0,298.0,544.0,487.0,771.0,1440.0,565.0,1592.0,775.0
22680,22:04.522,3,909.0,623.0,1076.0,862.0,302.0,567.0,491.0,792.0,1437.0,586.0,1587.0,793.0
22695,22:05.022,3,908.0,615.0,1075.0,857.0,302.0,546.0,492.0,771.0,1436.0,577.0,1586.0,788.0
22710,22:05.523,3,886.0,606.0,1056.0,848.0,295.0,546.0,481.0,765.0,1415.0,566.0,1567.0,777.0
22725,22:06.023,3,878.0,605.0,1050.0,847.0,273.0,544.0,467.0,774.0,1412.0,565.0,1563.0,779.0
22740,22:06.523,3,881.0,609.0,1050.0,850.0,274.0,547.0,468.0,778.0,1414.0,569.0,1566.0,782.0
22755,22:07.023,3,906.0,601.0,1075.0,843.0,309.0,536.0,498.0,768.0,1436.0,568.0,1587.0,780.0
22770,22:07.523,3,909.0,605.0,1078.0,850.0,301.0,535.0,494.0,758.0,1433.0,576.0,1583.0,785.0
22785,22:08.023,3,1760.0,591.0,1933.0,815.0,1216.0,656.0,1383.0,890.0,679.0,619.0,838.0,818.0
22800,22:08.523,3,1849.0,608.0,2030.0,834.0,1297.0,667.0,1464.0,908.0,792.0,633.0,949.0,835.0
22815,22:09.023,3,1046.0,610.0,1210.0,850.0,1569.0,562.0,1729.0,781.0,497.0,574.0,670.0,783.0
22830,22:09.525,3,930.0,584.0,1097.0,825.0,350.0,528.0,537.0,759.0,1454.0,542.0,1608.0,750.0
22845,22:10.025,3,917.0,585.0,1086.0,824.0,333.0,526.0,521.0,755.0,1442.0,545.0,1594.0,756.0
22860,22:10.525,3,909.0,613.0,1076.0,855.0,319.0,558.0,507.0,782.0,1430.0,576.0,1581.0,788.0
22875,22:11.025,3,936.0,592.0,1105.0,834.0,364.0,539.0,548.0,764.0,1455.0,568.0,1613.0,778.0
22890,22:11.525,3,971.0,557.0,1138.0,798.0,404.0,496.0,587.0,728.0,1501.0,532.0,1657.0,740.0
22905,22:12.025,3,2015.0,423.0,2223.0,668.0,1400.0,497.0,1573.0,744.0,895.0,485.0,1049.0,694.0
22920,22:12.525,3,1970.0,397.0,2172.0,643.0,1360.0,471.0,1534.0,721.0,855.0,464.0,1009.0,676.0
22935,22:13.025,3,1753.0,547.0,1926.0,774.0,1201.0,583.0,1363.0,820.0,698.0,540.0,856.0,756.0
22950,22:13.527,3,1254.0,532.0,1409.0,756.0,1779.0,477.0,1942.0,691.0,777.0,514.0,926.0,716.0
22965,22:14.027,3,1761.0,553.0,1928.0,774.0,1228.0,625.0,1387.0,850.0,750.0,624.0,900.0,820.0
22980,22:14.527,3,1721.0,531.0,1892.0,753.0,1181.0,590.0,1345.0,826.0,679.0,578.0,839.0,790.0
22995,22:15.018,3,1676.0,496.0,1849.0,723.0,1130.0,574.0,1297.0,807.0,613.0,564.0,779.0,778.0
23010,22:15.518,3,1136.0,608.0,1300.0,848.0,1683.0,571.0,1853.0,798.0,617.0,574.0,784.0,787.0
23025,22:16.018,3,1445.0,561.0,1619.0,804.0,2055.0,493.0,2267.0,744.0,949.0,541.0,1100.0,748.0
23040,22:16.518,3,1521.0,517.0,1702.0,769.0,2166.0,445.0,2392.0,702.0,1030.0,513.0,1179.0,716.0
23055,22:17.018,3,1800.0,482.0,1983.0,720.0,1233.0,532.0,1402.0,771.0,733.0,496.0,893.0,709.0
23070,22:17.520,3,1289.0,507.0,1458.0,752.0,1871.0,463.0,2061.0,697.0,791.0,479.0,949.0,693.0
23085,22:18.020,3,1353.0,519.0,1526.0,763.0,1953.0,460.0,2152.0,695.0,860.0,507.0,1014.0,714.0
23100,22:18.520,3,1317.0,490.0,1490.0,737.0,1914.0,434.0,2106.0,671.0,818.0,478.0,974.0,694.0
23115,22:19.020,3,1379.0,531.0,1552.0,777.0,1990.0,475.0,2194.0,711.0,886.0,526.0,1040.0,727.0
23130,22:19.520,3,1535.0,540.0,1718.0,792.0,2206.0,467.0,2427.0,717.0,1047.0,542.0,1196.0,742.0
23145,22:20.020,2,1661.0,557.0,1853.0,811.0,1163.0,553.0,1313.0,754.0,,,,
23160,22:20.520,3,1836.0,559.0,2020.0,789.0,1262.0,627.0,1429.0,864.0,772.0,606.0,927.0,815.0
23175,22:21.020,3,1228.0,594.0,1398.0,831.0,1798.0,513.0,1978.0,742.0,737.0,591.0,895.0,793.0
23190,22:21.522,3,1004.0,591.0,1172.0,826.0,1547.0,519.0,1706.0,736.0,471.0,584.0,644.0,794.0
23204,22:22.005,2,485.0,542.0,681.0,804.0,1080.0,561.0,1227.0,781.0,,,,
23220,22:22.522,2,-14.0,379.0,244.0,687.0,733.0,445.0,895.0,664.0,,,,
23235,22:23.022,2,6.0,381.0,269.0,686.0,751.0,443.0,909.0,663.0,,,,
23250,22:23.522,2,52.0,371.0,307.0,672.0,784.0,431.0,942.0,650.0,,,,
23265,22:24.022,2,118.0,377.0,363.0,673.0,830.0,426.0,985.0,647.0,,,,
23280,22:24.522,2,130.0,392.0,374.0,687.0,836.0,442.0,990.0,657.0,,,,
23295,22:25.022,2,167.0,391.0,406.0,683.0,864.0,437.0,1017.0,650.0,,,,
23310,22:25.523,2,193.0,378.0,428.0,667.0,889.0,430.0,1042.0,638.0,,,,
23325,22:26.023,3,1054.0,448.0,1226.0,694.0,509.0,421.0,687.0,651.0,1636.0,389.0,1803.0,610.0
23340,22:26.523,3,2027.0,363.0,2233.0,608.0,1393.0,475.0,1567.0,723.0,885.0,490.0,1040.0,702.0
23355,22:27.023,3,1443.0,473.0,1617.0,723.0,2079.0,365.0,2289.0,612.0,927.0,487.0,1080.0,702.0
23370,22:27.523,3,2082.0,369.0,2297.0,617.0,1451.0,470.0,1626.0,720.0,933.0,480.0,1087.0,691.0
23385,22:28.023,3,2087.0,375.0,2301.0,625.0,1452.0,472.0,1628.0,723.0,935.0,478.0,1089.0,690.0
23400,22:28.523,3,1448.0,472.0,1621.0,722.0,2084.0,376.0,2298.0,625.0,927.0,476.0,1080.0,694.0
23415,22:29.025,3,1441.0,496.0,1613.0,746.0,2076.0,401.0,2286.0,650.0,925.0,503.0,1077.0,712.0
23430,22:29.525,3,1461.0,532.0,1634.0,783.0,2098.0,439.0,2311.0,687.0,948.0,540.0,1099.0,744.0
23445,22:30.025,3,1550.0,527.0,1730.0,782.0,2216.0,429.0,2433.0,677.0,1041.0,545.0,1189.0,742.0
23460,22:30.525,3,1560.0,520.0,1739.0,776.0,2235.0,423.0,2447.0,671.0,1054.0,538.0,1204.0,743.0
23475,22:31.025,3,1543.0,535.0,1722.0,788.0,2210.0,435.0,2434.0,686.0,1041.0,556.0,1191.0,756.0
23490,22:31.525,3,1535.0,530.0,1712.0,786.0,2199.0,424.0,2426.0,687.0,1030.0,550.0,1180.0,754.0
23505,22:32.025,3,1538.0,523.0,1715.0,776.0,2207.0,418.0,2429.0,672.0,1035.0,536.0,1184.0,736.0
23520,22:32.525,3,1539.0,526.0,1717.0,779.0,2208.0,420.0,2430.0,673.0,1040.0,540.0,1189.0,738.0
23535,22:33.027,3,1547.0,520.0,1729.0,774.0,2227.0,420.0,2439.0,668.0,1035.0,527.0,1184.0,734.0
23550,22:33.527,3,1562.0,513.0,1743.0,765.0,2241.0,415.0,2450.0,663.0,1052.0,516.0,1200.0,730.0
23565,22:34.027,3,1561.0,515.0,1742.0,767.0,2249.0,417.0,2453.0,664.0,1052.0,522.0,1201.0,733.0
23580,22:34.527,3,1559.0,516.0,1740.0,767.0,1051.0,524.0,1200.0,734.0,2250.0,418.0,2452.0,663.0
23595,22:35.027,3,1551.0,519.0,1732.0,767.0,2234.0,414.0,2439.0,661.0,1044.0,527.0,1194.0,733.0
23610,22:35.518,3,1546.0,518.0,1726.0,765.0,2229.0,413.0,2436.0,661.0,1048.0,520.0,1199.0,722.0
23625,22:36.018,3,1529.0,539.0,1710.0,789.0,2203.0,437.0,2418.0,684.0,1036.0,552.0,1184.0,759.0
23640,22:36.518,3,1527.0,552.0,1708.0,803.0,2201.0,448.0,2422.0,698.0,1035.0,567.0,1184.0,771.0
23655,22:37.020,3,1517.0,548.0,1696.0,795.0,2199.0,444.0,2418.0,691.0,1025.0,560.0,1176.0,763.0
23670,22:37.520,3,1458.0,661.0,1632.0,905.0,2104.0,561.0,2315.0,807.0,968.0,662.0,1120.0,868.0
23685,22:38.020,3,2075.0,520.0,2289.0,767.0,1442.0,618.0,1613.0,862.0,953.0,614.0,1103.0,820.0
23700,22:38.520,3,2007.0,480.0,2209.0,721.0,1393.0,575.0,1564.0,821.0,903.0,582.0,1053.0,783.0
23715,22:39.020,3,2014.0,475.0,2219.0,714.0,1399.0,565.0,1570.0,812.0,908.0,572.0,1060.0,779.0
23730,22:39.520,3,2025.0,470.0,2231.0,711.0,1406.0,565.0,1578.0,811.0,918.0,571.0,1070.0,776.0
23745,22:40.020,3,2044.0,476.0,2251.0,713.0,1419.0,567.0,1592.0,812.0,931.0,570.0,1081.0,777.0
23760,22:40.520,3,2044.0,467.0,2253.0,707.0,1437.0,561.0,1616.0,802.0,930.0,567.0,1080.0,773.0
23775,22:41.022,3,416.0,552.0,597.0,783.0,989.0,590.0,1167.0,817.0,1510.0,533.0,1667.0,752.0
23790,22:41.522,3,895.0,591.0,1078.0,826.0,301.0,548.0,494.0,785.0,1423.0,541.0,1574.0,753.0
23805,22:42.022,3,841.0,580.0,1023.0,815.0,223.0,528.0,425.0,767.0,1362.0,522.0,1512.0,734.0
23820,22:42.522,3,817.0,585.0,998.0,818.0,194.0,534.0,399.0,760.0,1348.0,539.0,1495.0,744.0
23835,22:43.022,3,1225.0,589.0,1400.0,819.0,1776.0,505.0,1951.0,733.0,706.0,572.0,866.0,784.0
23850,22:43.522,3,1331.0,593.0,1510.0,830.0,1907.0,501.0,2093.0,734.0,828.0,594.0,984.0,802.0
23865,22:44.022,3,1337.0,580.0,1516.0,814.0,1911.0,484.0,2101.0,728.0,834.0,585.0,989.0,786.0
23880,22:44.522,3,1933.0,482.0,2128.0,713.0,1355.0,579.0,1530.0,812.0,855.0,580.0,1010.0,782.0
23895,22:45.023,3,1355.0,561.0,1528.0,792.0,1930.0,465.0,2125.0,696.0,858.0,563.0,1014.0,769.0
23910,22:45.523,3,1349.0,561.0,1523.0,794.0,1930.0,464.0,2125.0,696.0,857.0,570.0,1014.0,776.0
23925,22:46.023,3,1351.0,563.0,1526.0,798.0,1944.0,468.0,2139.0,701.0,874.0,569.0,1027.0,770.0
23940,22:46.523,3,1865.0,474.0,2049.0,710.0,1283.0,569.0,1458.0,803.0,803.0,572.0,960.0,777.0
23955,22:47.023,3,935.0,549.0,1110.0,783.0,1482.0,498.0,1638.0,714.0,390.0,513.0,574.0,742.0
23970,22:47.523,3,879.0,550.0,1055.0,784.0,316.0,502.0,508.0,747.0,1425.0,506.0,1578.0,719.0
23985,22:48.023,3,889.0,550.0,1068.0,785.0,329.0,497.0,521.0,740.0,1437.0,509.0,1590.0,724.0
24000,22:48.523,3,1733.0,494.0,1904.0,718.0,1170.0,564.0,1341.0,798.0,674.0,553.0,838.0,773.0
24015,22:49.025,3,1914.0,474.0,2103.0,710.0,1320.0,566.0,1492.0,803.0,838.0,560.0,993.0,771.0
24030,22:49.525,3,1875.0,477.0,2060.0,710.0,1294.0,569.0,1462.0,805.0,808.0,569.0,964.0,780.0
24045,22:50.025,3,1311.0,572.0,1481.0,807.0,1889.0,481.0,2076.0,713.0,826.0,572.0,981.0,775.0
24060,22:50.525,3,1878.0,487.0,2060.0,717.0,1303.0,570.0,1472.0,806.0,814.0,564.0,969.0,773.0
24075,22:51.025,3,1745.0,593.0,1915.0,812.0,1197.0,654.0,1365.0,882.0,701.0,628.0,862.0,839.0
24090,22:51.525,3,1035.0,625.0,1203.0,855.0,514.0,594.0,687.0,813.0,1564.0,565.0,1721.0,780.0
24105,22:52.025,3,1018.0,638.0,1186.0,869.0,483.0,604.0,659.0,820.0,1550.0,570.0,1708.0,789.0
24120,22:52.525,3,1947.0,551.0,2147.0,786.0,1348.0,633.0,1523.0,869.0,858.0,615.0,1015.0,827.0
24135,22:53.027,3,2062.0,429.0,2274.0,671.0,1437.0,557.0,1612.0,798.0,947.0,583.0,1103.0,785.0
24150,22:53.527,3,2078.0,413.0,2297.0,659.0,1447.0,540.0,1624.0,784.0,958.0,564.0,1112.0,771.0
24165,22:54.027,3,1430.0,528.0,1607.0,773.0,2058.0,406.0,2270.0,651.0,938.0,548.0,1092.0,754.0
24180,22:54.527,3,2015.0,427.0,2218.0,674.0,1396.0,547.0,1571.0,794.0,906.0,570.0,1061.0,773.0
24195,22:55.027,3,1776.0,533.0,1948.0,763.0,1206.0,626.0,1375.0,864.0,707.0,618.0,867.0,833.0
24210,22:55.518,3,970.0,593.0,1142.0,832.0,1517.0,533.0,1674.0,749.0,432.0,569.0,610.0,797.0
24225,22:56.018,3,1023.0,596.0,1197.0,833.0,1574.0,538.0,1734.0,754.0,497.0,575.0,671.0,790.0
24240,22:56.518,3,1816.0,503.0,1994.0,735.0,1240.0,585.0,1414.0,815.0,748.0,571.0,908.0,779.0
24255,22:57.020,3,1870.0,497.0,2056.0,731.0,1286.0,574.0,1460.0,812.0,796.0,562.0,955.0,767.0
24270,22:57.520,3,1878.0,488.0,2065.0,726.0,1294.0,572.0,1466.0,806.0,810.0,563.0,964.0,765.0
24285,22:58.020,3,1881.0,495.0,2068.0,729.0,1298.0,574.0,1469.0,808.0,806.0,567.0,960.0,770.0
24300,22:58.520,3,1883.0,493.0,2071.0,726.0,1296.0,574.0,1467.0,806.0,803.0,562.0,958.0,769.0
24315,22:59.020,3,1874.0,499.0,2060.0,733.0,1295.0,577.0,1466.0,810.0,800.0,567.0,957.0,774.0
24330,22:59.520,3,1102.0,588.0,1273.0,821.0,1649.0,517.0,1815.0,748.0,586.0,570.0,753.0,786.0
24345,23:00.020,3,465.0,562.0,644.0,785.0,1544.0,533.0,1702.0,753.0,1003.0,590.0,1174.0,821.0
24360,23:00.520,3,983.0,589.0,1155.0,824.0,1524.0,535.0,1684.0,754.0,440.0,557.0,620.0,782.0
24375,23:01.022,3,428.0,561.0,609.0,787.0,973.0,592.0,1144.0,828.0,1517.0,542.0,1675.0,756.0
24390,23:01.522,3,966.0,593.0,1137.0,830.0,418.0,563.0,599.0,789.0,1510.0,541.0,1666.0,755.0
24405,23:02.022,3,1509.0,540.0,1665.0,760.0,965.0,593.0,1135.0,830.0,417.0,562.0,599.0,786.0
24420,23:02.522,3,976.0,592.0,1148.0,829.0,396.0,557.0,579.0,787.0,1514.0,541.0,1672.0,757.0
24435,23:03.022,3,976.0,583.0,1149.0,820.0,410.0,552.0,593.0,775.0,1516.0,536.0,1674.0,749.0
24450,23:03.522,3,973.0,576.0,1144.0,812.0,410.0,538.0,592.0,768.0,1512.0,526.0,1670.0,739.0
24465,23:04.022,3,964.0,580.0,1136.0,815.0,398.0,540.0,583.0,772.0,1505.0,534.0,1660.0,744.0
24480,23:04.522,3,970.0,579.0,1139.0,816.0,398.0,540.0,582.0,770.0,1504.0,534.0,1660.0,745.0
24495,23:05.023,3,984.0,542.0,1149.0,775.0,400.0,539.0,584.0,767.0,1510.0,530.0,1666.0,741.0
24510,23:05.523,3,399.0,525.0,582.0,753.0,1003.0,532.0,1165.0,767.0,1523.0,517.0,1680.0,731.0
24525,23:06.023,3,1062.0,544.0,1224.0,775.0,405.0,530.0,587.0,756.0,1523.0,526.0,1680.0,736.0
24540,23:06.523,3,1089.0,551.0,1251.0,784.0,405.0,526.0,589.0,755.0,1521.0,518.0,1678.0,732.0
24555,23:07.023,3,1086.0,553.0,1247.0,787.0,407.0,523.0,590.0,753.0,1523.0,518.0,1680.0,731.0
24570,23:07.523,3,1088.0,552.0,1251.0,786.0,413.0,523.0,595.0,752.0,1524.0,513.0,1682.0,727.0
24585,23:08.023,3,1088.0,552.0,1252.0,786.0,410.0,524.0,593.0,752.0,1526.0,513.0,1684.0,728.0
24600,23:08.523,3,1086.0,552.0,1249.0,786.0,401.0,519.0,585.0,750.0,1526.0,511.0,1684.0,727.0
24616,23:09.025,2,550.0,535.0,740.0,792.0,1033.0,567.0,1182.0,765.0,,,,
24631,23:09.525,2,275.0,514.0,493.0,784.0,819.0,550.0,974.0,761.0,,,,
24646,23:10.025,2,295.0,516.0,515.0,782.0,835.0,552.0,991.0,759.0,,,,
24661,23:10.525,2,361.0,500.0,574.0,767.0,882.0,546.0,1032.0,750.0,,,,
24676,23:11.025,2,348.0,522.0,560.0,789.0,855.0,566.0,1012.0,771.0,,,,
24691,23:11.525,2,335.0,523.0,545.0,789.0,843.0,564.0,999.0,775.0,,,,
24706,23:12.025,2,387.0,536.0,594.0,804.0,884.0,578.0,1037.0,787.0,,,,
24721,23:12.525,2,446.0,546.0,645.0,811.0,937.0,589.0,1087.0,796.0,,,,
24736,23:13.027,3,244.0,526.0,450.0,767.0,930.0,574.0,1095.0,818.0,1374.0,573.0,1524.0,775.0
24751,23:13.527,3,577.0,550.0,747.0,772.0,1636.0,545.0,1802.0,765.0,1185.0,571.0,1348.0,811.0
24766,23:14.027,3,1627.0,554.0,1792.0,771.0,570.0,559.0,740.0,778.0,1178.0,578.0,1340.0,815.0
24781,23:14.527,3,578.0,555.0,747.0,775.0,1642.0,554.0,1807.0,770.0,1190.0,579.0,1351.0,815.0
24796,23:15.018,3,1924.0,556.0,2114.0,783.0,1435.0,583.0,1601.0,830.0,849.0,582.0,1005.0,790.0
24811,23:15.518,3,2094.0,539.0,2309.0,783.0,1567.0,581.0,1745.0,836.0,973.0,590.0,1125.0,793.0
24826,23:16.018,3,2040.0,579.0,2245.0,817.0,1529.0,620.0,1702.0,869.0,938.0,618.0,1092.0,824.0
24841,23:16.518,3,1988.0,540.0,2191.0,769.0,1489.0,577.0,1659.0,824.0,901.0,587.0,1053.0,788.0
24856,23:17.020,3,1971.0,524.0,2170.0,756.0,1476.0,567.0,1646.0,810.0,885.0,575.0,1038.0,778.0
24871,23:17.520,3,1958.0,524.0,2156.0,754.0,1464.0,563.0,1636.0,809.0,875.0,571.0,1029.0,777.0
24886,23:18.020,3,1951.0,529.0,2145.0,754.0,1459.0,568.0,1629.0,811.0,867.0,574.0,1022.0,781.0
24901,23:18.520,3,1947.0,518.0,2140.0,751.0,1438.0,564.0,1607.0,803.0,860.0,568.0,1016.0,774.0
24916,23:19.020,3,1425.0,555.0,1592.0,795.0,1940.0,515.0,2132.0,746.0,850.0,565.0,1009.0,769.0
24931,23:19.520,3,1425.0,554.0,1592.0,794.0,1936.0,512.0,2130.0,740.0,848.0,561.0,1005.0,767.0
24946,23:20.020,3,1420.0,560.0,1588.0,803.0,1931.0,517.0,2125.0,743.0,843.0,566.0,1002.0,776.0
24961,23:20.520,3,1925.0,503.0,2116.0,731.0,1413.0,556.0,1580.0,795.0,835.0,564.0,989.0,770.0
24977,23:21.022,3,1917.0,503.0,2106.0,733.0,1403.0,557.0,1572.0,799.0,830.0,560.0,984.0,768.0
24992,23:21.522,3,1929.0,504.0,2117.0,737.0,1409.0,563.0,1576.0,802.0,845.0,564.0,999.0,769.0
25007,23:22.022,3,1928.0,505.0,2117.0,737.0,1412.0,563.0,1579.0,802.0,842.0,562.0,996.0,765.0
25022,23:22.522,3,1414.0,567.0,1582.0,805.0,1930.0,515.0,2120.0,743.0,841.0,566.0,997.0,772.0
25037,23:23.022,3,1414.0,569.0,1581.0,807.0,1930.0,510.0,2119.0,742.0,837.0,572.0,991.0,773.0
25052,23:23.522,3,1378.0,569.0,1545.0,811.0,1884.0,517.0,2070.0,745.0,798.0,574.0,954.0,787.0
25067,23:24.022,3,1355.0,574.0,1522.0,815.0,1856.0,520.0,2039.0,746.0,776.0,585.0,931.0,791.0
25082,23:24.522,3,1353.0,576.0,1519.0,817.0,1850.0,523.0,2034.0,748.0,771.0,587.0,928.0,791.0
25097,23:25.023,3,1851.0,521.0,2034.0,747.0,1354.0,573.0,1521.0,814.0,770.0,583.0,925.0,791.0
25112,23:25.523,3,1849.0,518.0,2031.0,745.0,1355.0,573.0,1522.0,812.0,766.0,583.0,922.0,787.0
25127,23:26.023,3,1838.0,525.0,2021.0,747.0,1354.0,572.0,1520.0,814.0,767.0,583.0,924.0,784.0
25142,23:26.523,3,1824.0,535.0,2007.0,759.0,1346.0,577.0,1512.0,820.0,759.0,589.0,917.0,793.0
25157,23:27.023,3,1809.0,518.0,1992.0,743.0,1343.0,565.0,1510.0,810.0,754.0,578.0,911.0,782.0
25172,23:27.523,3,1809.0,516.0,1992.0,740.0,1342.0,559.0,1509.0,802.0,749.0,566.0,907.0,766.0
25187,23:28.023,3,1814.0,518.0,1994.0,740.0,1342.0,560.0,1508.0,805.0,745.0,574.0,902.0,772.0
25202,23:28.523,3,1810.0,527.0,1990.0,750.0,1338.0,570.0,1505.0,813.0,745.0,583.0,902.0,783.0
25217,23:29.025,3,1815.0,533.0,1994.0,756.0,1341.0,576.0,1508.0,820.0,751.0,582.0,908.0,785.0
25232,23:29.525,3,1312.0,599.0,1474.0,834.0,1776.0,545.0,1952.0,773.0,718.0,597.0,875.0,804.0
25247,23:30.025,3,1312.0,585.0,1475.0,824.0,1777.0,538.0,1953.0,762.0,720.0,587.0,879.0,795.0
25262,23:30.525,3,1252.0,532.0,1416.0,773.0,1717.0,476.0,1893.0,702.0,642.0,537.0,806.0,752.0
25277,23:31.025,3,1137.0,572.0,1299.0,815.0,1584.0,536.0,1749.0,751.0,507.0,563.0,679.0,776.0
25292,23:31.525,3,1048.0,571.0,1210.0,810.0,399.0,544.0,581.0,766.0,1495.0,543.0,1653.0,754.0
25307,23:32.017,3,1091.0,561.0,1254.0,801.0,1540.0,544.0,1698.0,757.0,450.0,520.0,626.0,740.0
25322,23:32.525,3,1131.0,496.0,1293.0,740.0,487.0,460.0,664.0,687.0,1591.0,475.0,1757.0,696.0
25325,23:33.027,3,1129.0,510.0,1291.0,753.0,1592.0,481.0,1757.0,706.0,488.0,476.0,663.0,695.0
25341,23:33.527,3,1982.0,485.0,2179.0,716.0,1465.0,546.0,1635.0,787.0,867.0,557.0,1019.0,755.0
25356,23:34.027,3,2076.0,461.0,2290.0,703.0,1542.0,535.0,1716.0,780.0,939.0,550.0,1090.0,754.0
25371,23:34.518,3,1569.0,529.0,1747.0,777.0,2108.0,457.0,2325.0,703.0,965.0,547.0,1115.0,743.0
25386,23:35.018,3,1563.0,535.0,1739.0,780.0,2105.0,463.0,2316.0,707.0,962.0,553.0,1112.0,748.0
25401,23:35.518,3,1555.0,523.0,1731.0,776.0,2089.0,457.0,2305.0,703.0,951.0,537.0,1100.0,736.0
25416,23:36.018,3,2081.0,458.0,2299.0,704.0,1549.0,525.0,1725.0,775.0,945.0,535.0,1097.0,737.0
25431,23:36.518,3,2082.0,458.0,2299.0,703.0,1548.0,524.0,1723.0,773.0,948.0,534.0,1099.0,738.0
25446,23:37.020,3,2079.0,466.0,2294.0,712.0,1545.0,536.0,1719.0,780.0,947.0,545.0,1095.0,745.0
25461,23:37.520,3,1529.0,528.0,1703.0,776.0,2058.0,465.0,2269.0,706.0,929.0,539.0,1077.0,739.0
25477,23:38.020,3,1478.0,510.0,1648.0,752.0,1996.0,446.0,2198.0,682.0,876.0,524.0,1025.0,725.0
25492,23:38.520,3,1794.0,473.0,1974.0,700.0,1312.0,527.0,1476.0,763.0,702.0,529.0,862.0,741.0
25507,23:39.020,3,1032.0,554.0,1195.0,792.0,364.0,529.0,550.0,756.0,1485.0,529.0,1640.0,739.0
25522,23:39.520,3,928.0,571.0,1092.0,811.0,231.0,565.0,429.0,794.0,1378.0,535.0,1529.0,739.0
25537,23:40.020,3,707.0,575.0,879.0,819.0,-54.0,581.0,159.0,828.0,1163.0,535.0,1307.0,739.0
25552,23:40.520,2,554.0,614.0,734.0,864.0,1032.0,583.0,1180.0,787.0,,,,
25567,23:41.022,2,540.0,611.0,725.0,867.0,1029.0,664.0,1178.0,868.0,,,,
25582,23:41.522,2,660.0,634.0,833.0,875.0,1126.0,670.0,1270.0,876.0,,,,
25597,23:42.022,3,720.0,599.0,890.0,842.0,-72.0,471.0,162.0,737.0,1182.0,628.0,1330.0,832.0
25612,23:42.522,3,729.0,512.0,904.0,752.0,1198.0,547.0,1345.0,751.0,-67.0,348.0,171.0,620.0
25627,23:43.022,3,696.0,486.0,872.0,731.0,1171.0,526.0,1318.0,734.0,-102.0,332.0,115.0,609.0
25642,23:43.522,2,598.0,495.0,780.0,750.0,1087.0,540.0,1234.0,740.0,,,,
25657,23:44.022,2,616.0,508.0,797.0,756.0,1098.0,548.0,1246.0,753.0,,,,
25672,23:44.522,2,610.0,518.0,793.0,767.0,1093.0,556.0,1239.0,759.0,,,,
25687,23:45.023,2,608.0,495.0,789.0,749.0,1086.0,532.0,1232.0,735.0,,,,
25702,23:45.523,2,626.0,553.0,809.0,801.0,1095.0,592.0,1242.0,791.0,,,,
25717,23:46.023,2,609.0,535.0,802.0,777.0,1078.0,566.0,1227.0,774.0,,,,
25732,23:46.523,2,611.0,540.0,804.0,779.0,1086.0,556.0,1234.0,760.0,,,,
25747,23:47.023,2,601.0,540.0,787.0,774.0,1085.0,549.0,1233.0,757.0,,,,
25762,23:47.523,2,597.0,557.0,776.0,792.0,1067.0,565.0,1214.0,775.0,,,,
25777,23:48.023,2,597.0,557.0,776.0,794.0,1065.0,570.0,1211.0,774.0,,,,
25792,23:48.525,2,596.0,551.0,775.0,793.0,1065.0,565.0,1213.0,770.0,,,,
25807,23:49.025,2,603.0,546.0,785.0,789.0,1074.0,569.0,1220.0,771.0,,,,
25822,23:49.525,2,557.0,541.0,741.0,797.0,1082.0,560.0,1229.0,770.0,,,,
25837,23:50.025,2,524.0,554.0,708.0,813.0,1079.0,558.0,1227.0,763.0,,,,
25852,23:50.525,2,505.0,566.0,692.0,825.0,1081.0,562.0,1228.0,767.0,,,,
25867,23:51.025,2,512.0,567.0,699.0,828.0,1076.0,558.0,1223.0,763.0,,,,
25882,23:51.525,2,529.0,571.0,718.0,832.0,1074.0,555.0,1221.0,762.0,,,,
25897,23:52.025,2,541.0,564.0,731.0,827.0,1077.0,553.0,1224.0,760.0,,,,
25912,23:52.527,2,538.0,567.0,727.0,830.0,1070.0,551.0,1216.0,756.0,,,,
25927,23:53.027,2,530.0,587.0,720.0,851.0,1062.0,567.0,1210.0,772.0,,,,
25942,23:53.518,2,589.0,544.0,758.0,768.0,-111.0,546.0,148.0,859.0,,,,
25957,23:54.018,1,344.0,464.0,536.0,698.0,,,,,,,,
25972,23:54.518,1,362.0,448.0,551.0,684.0,,,,,,,,
25987,23:55.018,1,381.0,453.0,568.0,684.0,,,,,,,,
26002,23:55.518,1,410.0,458.0,595.0,688.0,,,,,,,,
26017,23:56.018,1,423.0,456.0,606.0,682.0,,,,,,,,
26032,23:56.520,1,435.0,453.0,615.0,683.0,,,,,,,,
26047,23:57.020,1,440.0,456.0,624.0,687.0,,,,,,,,
26062,23:57.520,1,418.0,518.0,601.0,741.0,,,,,,,,
26077,23:58.020,1,405.0,510.0,587.0,737.0,,,,,,,,
26092,23:58.520,1,404.0,503.0,587.0,727.0,,,,,,,,
26107,23:59.020,1,408.0,510.0,591.0,735.0,,,,,,,,
26122,23:59.520,1,419.0,513.0,600.0,736.0,,,,,,,,
26137,24:00.020,1,426.0,515.0,608.0,741.0,,,,,,,,
26152,24:00.522,1,491.0,546.0,666.0,770.0,,,,,,,,
26167,24:01.022,3,1143.0,685.0,1307.0,931.0,1645.0,619.0,1810.0,836.0,564.0,626.0,730.0,840.0
26182,24:01.522,3,2018.0,587.0,2227.0,826.0,1458.0,677.0,1634.0,931.0,912.0,640.0,1062.0,852.0
26197,24:02.022,3,1472.0,668.0,1649.0,917.0,2038.0,578.0,2244.0,815.0,923.0,633.0,1073.0,840.0
26212,24:02.522,3,2004.0,488.0,2209.0,730.0,1443.0,584.0,1619.0,838.0,892.0,564.0,1040.0,761.0
26227,24:03.022,3,1371.0,602.0,1540.0,851.0,1909.0,523.0,2103.0,758.0,817.0,567.0,968.0,769.0
26242,24:03.522,3,1627.0,595.0,1794.0,820.0,1134.0,664.0,1297.0,908.0,552.0,611.0,719.0,825.0
26257,24:04.022,3,378.0,620.0,559.0,843.0,994.0,682.0,1161.0,929.0,1476.0,622.0,1633.0,839.0
26272,24:04.523,3,277.0,599.0,469.0,835.0,913.0,683.0,1083.0,927.0,1406.0,636.0,1560.0,847.0
26287,24:05.023,3,918.0,645.0,1089.0,890.0,281.0,561.0,473.0,786.0,1414.0,608.0,1569.0,824.0
26302,24:05.523,3,871.0,654.0,1040.0,897.0,222.0,572.0,421.0,806.0,1367.0,645.0,1518.0,846.0
26317,24:06.023,3,859.0,671.0,1030.0,910.0,209.0,580.0,411.0,821.0,1354.0,658.0,1502.0,862.0
26332,24:06.523,3,1065.0,674.0,1229.0,909.0,482.0,611.0,658.0,832.0,1556.0,628.0,1716.0,849.0
26347,24:07.023,3,1386.0,647.0,1557.0,887.0,1930.0,561.0,2123.0,795.0,845.0,629.0,997.0,836.0
26362,24:07.523,3,1386.0,632.0,1556.0,873.0,1932.0,542.0,2125.0,775.0,845.0,612.0,997.0,820.0
26377,24:08.023,3,1363.0,624.0,1530.0,864.0,1898.0,533.0,2091.0,768.0,827.0,599.0,981.0,808.0
26392,24:08.525,3,1894.0,539.0,2083.0,777.0,1356.0,626.0,1523.0,867.0,821.0,599.0,974.0,812.0
26407,24:09.025,3,1107.0,627.0,1272.0,870.0,1604.0,559.0,1767.0,779.0,540.0,590.0,709.0,807.0
26422,24:09.525,3,1111.0,629.0,1274.0,870.0,1599.0,563.0,1762.0,784.0,543.0,588.0,713.0,802.0
26437,24:10.025,3,1095.0,632.0,1259.0,871.0,1583.0,565.0,1747.0,780.0,526.0,589.0,695.0,800.0
26452,24:10.525,3,1105.0,633.0,1269.0,874.0,1597.0,567.0,1759.0,785.0,539.0,586.0,708.0,801.0
26467,24:11.025,3,1151.0,640.0,1316.0,879.0,597.0,590.0,761.0,813.0,1654.0,578.0,1817.0,796.0
26482,24:11.525,3,1204.0,639.0,1368.0,878.0,1714.0,587.0,1880.0,805.0,642.0,594.0,803.0,800.0
26497,24:12.025,3,1619.0,588.0,1781.0,802.0,1127.0,644.0,1292.0,881.0,563.0,591.0,728.0,802.0
26512,24:12.527,3,1097.0,638.0,1263.0,878.0,1585.0,576.0,1747.0,794.0,533.0,577.0,702.0,793.0
26527,24:13.018,3,520.0,564.0,690.0,783.0,1089.0,628.0,1253.0,869.0,1588.0,559.0,1749.0,776.0
26542,24:13.518,3,1084.0,640.0,1247.0,880.0,509.0,583.0,682.0,802.0,1585.0,578.0,1745.0,795.0
26557,24:14.018,3,1109.0,631.0,1273.0,873.0,538.0,574.0,706.0,791.0,1618.0,567.0,1780.0,786.0
26572,24:14.518,3,1916.0,550.0,2103.0,781.0,1358.0,642.0,1525.0,883.0,818.0,610.0,972.0,814.0
26587,24:15.018,3,1963.0,588.0,2158.0,818.0,1401.0,688.0,1571.0,929.0,872.0,662.0,1021.0,867.0
26602,24:15.518,3,2013.0,550.0,2213.0,785.0,1428.0,655.0,1602.0,905.0,892.0,643.0,1043.0,850.0
26617,24:16.018,3,2085.0,523.0,2299.0,768.0,1492.0,636.0,1666.0,879.0,956.0,609.0,1106.0,816.0
26632,24:16.520,3,1447.0,563.0,1620.0,812.0,2020.0,450.0,2223.0,687.0,906.0,548.0,1056.0,760.0
26647,24:17.020,3,1390.0,624.0,1559.0,864.0,1931.0,500.0,2120.0,732.0,854.0,604.0,1008.0,805.0
26662,24:17.520,3,1423.0,617.0,1594.0,866.0,1975.0,511.0,2172.0,745.0,890.0,592.0,1041.0,793.0
26677,24:18.020,3,1516.0,573.0,1702.0,838.0,2135.0,440.0,2359.0,697.0,961.0,568.0,1115.0,772.0
26692,24:18.520,3,1489.0,607.0,1671.0,866.0,2084.0,473.0,2304.0,726.0,939.0,591.0,1091.0,806.0
26707,24:19.020,3,1501.0,601.0,1680.0,855.0,2107.0,475.0,2322.0,724.0,951.0,589.0,1104.0,797.0
26722,24:19.520,3,1500.0,596.0,1680.0,851.0,2107.0,475.0,2324.0,724.0,954.0,586.0,1106.0,788.0
26737,24:20.020,3,1498.0,592.0,1679.0,849.0,2101.0,478.0,2316.0,727.0,959.0,585.0,1110.0,795.0
26752,24:20.522,3,1494.0,581.0,1677.0,843.0,2095.0,476.0,2313.0,720.0,953.0,575.0,1104.0,776.0
26767,24:21.022,3,1495.0,584.0,1677.0,844.0,2094.0,475.0,2312.0,725.0,950.0,579.0,1100.0,782.0
26782,24:21.522,3,1495.0,578.0,1676.0,840.0,2088.0,476.0,2307.0,720.0,954.0,574.0,1105.0,777.0
26797,24:22.022,3,2059.0,474.0,2272.0,721.0,1481.0,582.0,1660.0,842.0,937.0,577.0,1089.0,782.0
26812,24:22.522,3,1247.0,599.0,1415.0,840.0,1758.0,516.0,1935.0,745.0,679.0,576.0,842.0,789.0
26827,24:23.022,3,1246.0,594.0,1414.0,834.0,1758.0,511.0,1934.0,742.0,677.0,566.0,840.0,781.0
26842,24:23.522,3,1255.0,594.0,1422.0,834.0,1766.0,513.0,1944.0,744.0,685.0,564.0,846.0,775.0
26857,24:24.022,3,1773.0,514.0,1949.0,744.0,1258.0,594.0,1426.0,836.0,689.0,561.0,850.0,772.0
26872,24:24.523,3,1656.0,539.0,1823.0,770.0,1156.0,616.0,1324.0,853.0,569.0,570.0,739.0,785.0
26887,24:25.023,3,1010.0,628.0,1180.0,863.0,388.0,564.0,571.0,784.0,1502.0,573.0,1659.0,787.0
26902,24:25.523,3,1005.0,620.0,1172.0,861.0,384.0,554.0,568.0,776.0,1496.0,565.0,1652.0,787.0
26917,24:26.023,3,1007.0,614.0,1174.0,852.0,369.0,545.0,556.0,771.0,1499.0,560.0,1657.0,777.0
26932,24:26.523,3,1019.0,611.0,1185.0,851.0,391.0,542.0,574.0,771.0,1513.0,560.0,1672.0,779.0
26947,24:27.023,3,1027.0,612.0,1195.0,853.0,401.0,543.0,586.0,772.0,1526.0,556.0,1685.0,775.0
26962,24:27.523,3,448.0,556.0,626.0,786.0,1060.0,625.0,1225.0,864.0,1557.0,564.0,1716.0,787.0
26977,24:28.023,3,1352.0,639.0,1524.0,883.0,1889.0,564.0,2075.0,792.0,789.0,607.0,945.0,820.0
26992,24:28.525,3,1398.0,628.0,1571.0,869.0,1944.0,540.0,2139.0,774.0,837.0,595.0,991.0,797.0
27007,24:29.025,3,1951.0,533.0,2146.0,768.0,1405.0,615.0,1579.0,859.0,847.0,587.0,1001.0,790.0
27022,24:29.525,3,1405.0,611.0,1580.0,851.0,1950.0,524.0,2146.0,762.0,883.0,580.0,1037.0,779.0
27037,24:30.025,3,1407.0,602.0,1581.0,844.0,1947.0,525.0,2144.0,759.0,879.0,577.0,1032.0,774.0
27052,24:30.525,3,1408.0,599.0,1582.0,843.0,1957.0,522.0,2154.0,756.0,863.0,572.0,1018.0,782.0
27067,24:31.025,3,1407.0,600.0,1581.0,843.0,1955.0,524.0,2151.0,756.0,858.0,567.0,1013.0,771.0
27082,24:31.525,3,1947.0,478.0,2143.0,713.0,1401.0,562.0,1575.0,809.0,845.0,535.0,1000.0,747.0
27097,24:32.025,3,1402.0,536.0,1576.0,781.0,1949.0,441.0,2147.0,670.0,844.0,523.0,999.0,725.0
27112,24:32.518,3,1900.0,490.0,2091.0,725.0,1369.0,585.0,1541.0,831.0,814.0,573.0,970.0,783.0
27127,24:33.018,3,1861.0,525.0,2043.0,758.0,1337.0,626.0,1507.0,870.0,780.0,609.0,937.0,819.0
27142,24:33.518,3,1828.0,486.0,2011.0,719.0,1308.0,586.0,1477.0,830.0,744.0,580.0,903.0,791.0
27157,24:34.018,3,1400.0,574.0,1575.0,819.0,1947.0,474.0,2144.0,708.0,844.0,564.0,1000.0,768.0
27172,24:34.518,3,1462.0,573.0,1639.0,825.0,2025.0,470.0,2232.0,713.0,912.0,565.0,1066.0,773.0
27187,24:35.018,3,2037.0,482.0,2243.0,727.0,1473.0,584.0,1650.0,836.0,925.0,573.0,1077.0,775.0
27202,24:35.518,3,1427.0,639.0,1600.0,887.0,1977.0,552.0,2175.0,786.0,881.0,620.0,1034.0,831.0
27217,24:36.018,3,1242.0,688.0,1410.0,928.0,1752.0,620.0,1925.0,843.0,687.0,631.0,847.0,846.0
27232,24:36.520,3,536.0,625.0,706.0,843.0,1114.0,687.0,1280.0,927.0,1608.0,627.0,1769.0,839.0
27247,24:37.020,3,1056.0,639.0,1222.0,877.0,1547.0,585.0,1705.0,797.0,470.0,573.0,644.0,794.0
27262,24:37.520,3,1041.0,632.0,1210.0,872.0,445.0,566.0,622.0,793.0,1531.0,570.0,1687.0,783.0
27277,24:38.020,3,1018.0,617.0,1184.0,857.0,406.0,552.0,588.0,778.0,1507.0,565.0,1661.0,775.0
27292,24:38.520,3,979.0,606.0,1147.0,850.0,355.0,550.0,540.0,774.0,1465.0,553.0,1619.0,768.0
27307,24:39.020,3,964.0,615.0,1132.0,857.0,313.0,550.0,504.0,779.0,1446.0,557.0,1598.0,768.0
27322,24:39.520,3,953.0,615.0,1121.0,860.0,299.0,552.0,490.0,778.0,1435.0,558.0,1589.0,773.0
27337,24:40.020,3,946.0,616.0,1113.0,857.0,289.0,549.0,481.0,775.0,1427.0,562.0,1580.0,774.0
27352,24:40.522,3,944.0,621.0,1112.0,863.0,289.0,556.0,480.0,781.0,1426.0,564.0,1579.0,775.0
27367,24:41.022,3,901.0,638.0,1069.0,880.0,230.0,570.0,427.0,799.0,1385.0,598.0,1535.0,799.0
27382,24:41.522,3,855.0,661.0,1028.0,903.0,172.0,581.0,379.0,816.0,1339.0,620.0,1489.0,826.0
27397,24:42.022,3,842.0,657.0,1013.0,901.0,153.0,574.0,359.0,807.0,1329.0,623.0,1479.0,827.0
27412,24:42.522,3,846.0,649.0,1018.0,895.0,163.0,567.0,366.0,797.0,1337.0,614.0,1487.0,824.0
27427,24:43.022,3,843.0,649.0,1015.0,894.0,159.0,570.0,364.0,798.0,1328.0,607.0,1477.0,819.0
27442,24:43.522,3,836.0,652.0,1008.0,897.0,149.0,570.0,355.0,800.0,1321.0,611.0,1472.0,820.0
27457,24:44.022,3,119.0,563.0,332.0,801.0,819.0,651.0,991.0,893.0,1304.0,604.0,1452.0,816.0
27472,24:44.523,3,792.0,651.0,967.0,897.0,83.0,567.0,296.0,803.0,1279.0,611.0,1427.0,818.0
27487,24:45.023,3,782.0,657.0,956.0,903.0,64.0,567.0,285.0,815.0,1269.0,619.0,1417.0,825.0
27502,24:45.523,2,589.0,637.0,781.0,896.0,1098.0,603.0,1246.0,805.0,,,,
27517,24:46.023,2,399.0,596.0,604.0,861.0,944.0,564.0,1096.0,773.0,,,,
27532,24:46.523,2,400.0,614.0,604.0,878.0,944.0,571.0,1095.0,784.0,,,,
27547,24:47.023,2,390.0,626.0,596.0,890.0,932.0,579.0,1085.0,790.0,,,,
27562,24:47.523,2,437.0,612.0,639.0,878.0,968.0,596.0,1118.0,804.0,,,,
27577,24:48.023,2,171.0,602.0,407.0,889.0,774.0,580.0,932.0,791.0,,,,
27592,24:48.525,1,408.0,411.0,598.0,643.0,,,,,,,,
27607,24:49.025,1,332.0,262.0,533.0,514.0,,,,,,,,
27622,24:49.525,1,342.0,226.0,544.0,483.0,,,,,,,,
27637,24:50.025,1,338.0,227.0,540.0,477.0,,,,,,,,
27652,24:50.525,1,338.0,240.0,539.0,491.0,,,,,,,,
27667,24:51.025,1,341.0,246.0,539.0,496.0,,,,,,,,
27682,24:51.525,1,353.0,256.0,549.0,505.0,,,,,,,,
27697,24:52.017,1,370.0,280.0,565.0,528.0,,,,,,,,
27712,24:52.518,1,434.0,344.0,622.0,585.0,,,,,,,,
27727,24:53.018,1,422.0,332.0,610.0,574.0,,,,,,,,
27742,24:53.518,3,989.0,635.0,1159.0,882.0,389.0,507.0,571.0,732.0,1476.0,639.0,1632.0,851.0
27757,24:54.018,3,965.0,562.0,1133.0,809.0,342.0,476.0,531.0,704.0,1452.0,529.0,1609.0,737.0
27772,24:54.518,2,3.0,431.0,260.0,732.0,680.0,458.0,845.0,677.0,,,,
27787,24:55.018,1,460.0,398.0,643.0,628.0,,,,,,,,
27802,24:55.518,1,491.0,409.0,670.0,639.0,,,,,,,,
27817,24:56.018,1,512.0,404.0,690.0,633.0,,,,,,,,
27832,24:56.520,1,526.0,416.0,702.0,641.0,,,,,,,,
27847,24:57.020,1,525.0,398.0,703.0,627.0,,,,,,,,
27862,24:57.520,2,583.0,433.0,755.0,661.0,-110.0,450.0,141.0,764.0,,,,
27877,24:58.020,2,14.0,549.0,271.0,847.0,672.0,498.0,838.0,716.0,,,,
27892,24:58.520,2,-18.0,567.0,235.0,873.0,648.0,538.0,815.0,755.0,,,,
27907,24:59.020,2,81.0,443.0,332.0,742.0,726.0,417.0,889.0,641.0,,,,
27922,24:59.520,3,854.0,420.0,1030.0,678.0,1353.0,357.0,1508.0,572.0,168.0,366.0,382.0,607.0
27937,25:00.020,3,931.0,380.0,1105.0,637.0,1435.0,302.0,1595.0,527.0,292.0,333.0,491.0,570.0
27952,25:00.522,3,1047.0,428.0,1219.0,684.0,1560.0,335.0,1723.0,563.0,429.0,394.0,614.0,624.0
27967,25:01.022,3,924.0,484.0,1098.0,736.0,287.0,439.0,482.0,675.0,1434.0,406.0,1591.0,621.0
27982,25:01.522,3,848.0,494.0,1025.0,750.0,1356.0,413.0,1509.0,633.0,179.0,450.0,390.0,694.0
27997,25:02.022,3,832.0,491.0,1008.0,751.0,1338.0,420.0,1493.0,640.0,158.0,446.0,370.0,704.0
28012,25:02.522,3,557.0,497.0,727.0,726.0,1132.0,534.0,1299.0,782.0,1643.0,435.0,1810.0,663.0
28027,25:03.022,3,1343.0,543.0,1514.0,789.0,1891.0,434.0,2081.0,671.0,798.0,514.0,954.0,720.0
28042,25:03.522,3,2028.0,435.0,2236.0,677.0,1453.0,544.0,1630.0,795.0,912.0,522.0,1064.0,726.0
28057,25:04.023,3,1606.0,547.0,1794.0,811.0,2244.0,436.0,2464.0,688.0,1060.0,538.0,1208.0,740.0
28072,25:04.523,3,1616.0,540.0,1803.0,802.0,1069.0,538.0,1218.0,737.0,2262.0,423.0,2466.0,666.0
28087,25:05.023,3,1831.0,622.0,2010.0,854.0,1291.0,672.0,1457.0,926.0,749.0,604.0,905.0,814.0
28102,25:05.523,3,1489.0,674.0,1664.0,929.0,2070.0,582.0,2282.0,824.0,956.0,641.0,1104.0,844.0
28117,25:06.023,2,1789.0,599.0,1995.0,870.0,1228.0,595.0,1376.0,795.0,,,,
28132,25:06.523,2,1952.0,539.0,2181.0,823.0,1355.0,565.0,1508.0,766.0,,,,
28147,25:07.023,2,1903.0,541.0,2127.0,823.0,1319.0,564.0,1469.0,763.0,,,,
28162,25:07.523,2,1899.0,546.0,2124.0,825.0,1315.0,557.0,1465.0,753.0,,,,
28177,25:08.000,2,1912.0,543.0,2137.0,825.0,1323.0,562.0,1474.0,763.0,,,,
28193,25:08.525,2,1910.0,538.0,2135.0,822.0,1322.0,557.0,1473.0,751.0,,,,
28208,25:09.025,2,1903.0,541.0,2126.0,822.0,1320.0,559.0,1470.0,756.0,,,,
28223,25:09.525,2,1871.0,545.0,2093.0,825.0,1297.0,560.0,1448.0,768.0,,,,
28238,25:10.025,2,1843.0,549.0,2061.0,830.0,1277.0,568.0,1428.0,770.0,,,,
28253,25:10.525,2,1838.0,544.0,2051.0,821.0,1272.0,565.0,1422.0,780.0,,,,
28268,25:11.017,2,1812.0,540.0,2025.0,815.0,1249.0,567.0,1397.0,769.0,,,,
28283,25:11.517,2,1792.0,535.0,2003.0,811.0,1231.0,559.0,1378.0,759.0,,,,
28298,25:12.018,2,1786.0,536.0,1993.0,810.0,1225.0,555.0,1374.0,758.0,,,,
28313,25:12.518,2,1788.0,529.0,1998.0,807.0,1228.0,549.0,1376.0,757.0,,,,
28328,25:13.018,2,1783.0,532.0,1991.0,809.0,1222.0,560.0,1370.0,756.0,,,,
28343,25:13.518,2,1774.0,531.0,1982.0,807.0,1214.0,553.0,1362.0,755.0,,,,
28358,25:14.018,2,1773.0,528.0,1980.0,807.0,1210.0,549.0,1359.0,751.0,,,,
28373,25:14.518,2,1771.0,527.0,1978.0,806.0,1210.0,548.0,1359.0,748.0,,,,
28388,25:15.018,2,1771.0,529.0,1977.0,806.0,1207.0,548.0,1357.0,749.0,,,,
28403,25:15.518,3,1564.0,571.0,1750.0,836.0,2186.0,455.0,2416.0,711.0,1023.0,567.0,1172.0,766.0
28418,25:16.020,3,1010.0,606.0,1180.0,859.0,1523.0,545.0,1684.0,767.0,415.0,543.0,596.0,770.0
28433,25:16.520,3,944.0,601.0,1117.0,854.0,1452.0,548.0,1608.0,762.0,329.0,533.0,518.0,763.0
28448,25:17.020,3,929.0,598.0,1101.0,849.0,300.0,525.0,495.0,756.0,1437.0,545.0,1593.0,759.0
28463,25:17.520,3,939.0,598.0,1110.0,848.0,318.0,527.0,510.0,751.0,1445.0,544.0,1599.0,759.0
28479,25:18.020,3,924.0,596.0,1097.0,847.0,296.0,521.0,489.0,762.0,1429.0,539.0,1585.0,747.0
28494,25:18.520,3,932.0,600.0,1103.0,848.0,304.0,527.0,498.0,755.0,1440.0,540.0,1593.0,750.0
28509,25:19.020,3,914.0,630.0,1085.0,879.0,292.0,571.0,482.0,795.0,1417.0,564.0,1572.0,772.0
28524,25:19.520,3,905.0,663.0,1072.0,907.0,278.0,613.0,470.0,839.0,1397.0,593.0,1549.0,804.0
28539,25:20.022,3,839.0,780.0,1008.0,1029.0,203.0,736.0,402.0,970.0,1328.0,706.0,1478.0,909.0
28554,25:20.522,3,436.0,635.0,608.0,840.0,979.0,759.0,1135.0,987.0,1448.0,762.0,1594.0,956.0
28569,25:21.022,3,1044.0,904.0,1200.0,1132.0,1515.0,880.0,1663.0,1077.0,523.0,813.0,681.0,1006.0
28584,25:21.522,3,889.0,805.0,1061.0,1052.0,272.0,739.0,466.0,967.0,1387.0,740.0,1539.0,946.0
28599,25:22.022,3,768.0,551.0,959.0,822.0,1306.0,477.0,1464.0,696.0,45.0,497.0,278.0,747.0
28614,25:22.522,2,589.0,713.0,787.0,978.0,1110.0,601.0,1259.0,811.0,,,,
28629,25:23.022,2,550.0,599.0,748.0,866.0,1081.0,505.0,1233.0,721.0,,,,
28644,25:23.522,3,959.0,641.0,1132.0,898.0,355.0,563.0,544.0,807.0,1473.0,592.0,1629.0,807.0
28659,25:24.023,3,2008.0,569.0,2210.0,811.0,1422.0,654.0,1601.0,910.0,889.0,606.0,1043.0,823.0
28674,25:24.523,3,2089.0,515.0,2310.0,769.0,1482.0,630.0,1664.0,888.0,949.0,599.0,1101.0,811.0
28689,25:25.023,3,2110.0,493.0,2330.0,750.0,1493.0,616.0,1678.0,875.0,961.0,597.0,1112.0,804.0
28704,25:25.523,3,1483.0,605.0,1665.0,868.0,2102.0,487.0,2320.0,742.0,945.0,589.0,1098.0,794.0
28719,25:26.023,3,1470.0,601.0,1653.0,861.0,2086.0,484.0,2305.0,742.0,937.0,581.0,1087.0,789.0
28734,25:26.523,3,2064.0,486.0,2277.0,738.0,1450.0,597.0,1631.0,858.0,915.0,578.0,1067.0,786.0
28749,25:27.023,3,1457.0,604.0,1642.0,864.0,2075.0,494.0,2287.0,745.0,925.0,586.0,1076.0,797.0
28764,25:27.523,3,1472.0,612.0,1655.0,873.0,2086.0,497.0,2305.0,752.0,937.0,589.0,1087.0,802.0
28779,25:28.025,3,1480.0,615.0,1663.0,875.0,2099.0,495.0,2315.0,748.0,945.0,593.0,1096.0,803.0
28794,25:28.525,3,1472.0,603.0,1654.0,863.0,2089.0,483.0,2309.0,740.0,939.0,588.0,1089.0,794.0
28809,25:29.025,3,2084.0,495.0,2301.0,748.0,1463.0,612.0,1647.0,871.0,937.0,591.0,1085.0,811.0
28824,25:29.525,3,1464.0,603.0,1649.0,859.0,2089.0,486.0,2307.0,741.0,938.0,578.0,1089.0,786.0
28839,25:30.025,3,1461.0,601.0,1645.0,856.0,2084.0,486.0,2302.0,740.0,939.0,575.0,1091.0,780.0
28854,25:30.517,3,1458.0,603.0,1643.0,860.0,2081.0,490.0,2297.0,743.0,939.0,575.0,1089.0,784.0
28869,25:31.017,3,1452.0,606.0,1633.0,868.0,2073.0,496.0,2286.0,747.0,931.0,578.0,1082.0,781.0
28884,25:31.517,3,1450.0,603.0,1630.0,866.0,2070.0,492.0,2282.0,745.0,929.0,576.0,1080.0,783.0
28899,25:32.018,3,2068.0,493.0,2281.0,744.0,1449.0,602.0,1629.0,865.0,929.0,572.0,1081.0,778.0
28914,25:32.518,3,2068.0,496.0,2280.0,747.0,1449.0,608.0,1629.0,870.0,927.0,577.0,1080.0,782.0
28929,25:33.018,3,2064.0,501.0,2277.0,752.0,1447.0,614.0,1627.0,872.0,927.0,583.0,1078.0,785.0
28944,25:33.518,3,1444.0,616.0,1625.0,872.0,2061.0,500.0,2275.0,755.0,926.0,579.0,1079.0,783.0
28959,25:34.018,3,1441.0,616.0,1623.0,872.0,2057.0,499.0,2269.0,756.0,924.0,584.0,1074.0,786.0
28974,25:34.518,3,1429.0,609.0,1610.0,871.0,2044.0,495.0,2251.0,746.0,910.0,580.0,1061.0,782.0
28989,25:35.018,3,1421.0,607.0,1601.0,867.0,2029.0,493.0,2238.0,743.0,900.0,581.0,1052.0,785.0
29004,25:35.518,3,1389.0,634.0,1565.0,886.0,1986.0,530.0,2187.0,774.0,861.0,602.0,1014.0,804.0
29019,25:36.020,3,1390.0,623.0,1567.0,877.0,1975.0,520.0,2178.0,764.0,862.0,590.0,1015.0,792.0
29034,25:36.520,3,1382.0,614.0,1559.0,872.0,1960.0,509.0,2165.0,755.0,851.0,584.0,1006.0,789.0
29049,25:37.020,3,1379.0,616.0,1557.0,874.0,1958.0,517.0,2165.0,762.0,846.0,587.0,1001.0,791.0
29064,25:37.520,3,1371.0,617.0,1549.0,874.0,1943.0,521.0,2141.0,759.0,842.0,588.0,995.0,791.0
29079,25:38.020,3,1366.0,612.0,1542.0,875.0,1935.0,520.0,2129.0,754.0,836.0,579.0,989.0,784.0
29094,25:38.520,3,1363.0,613.0,1540.0,871.0,1941.0,522.0,2137.0,757.0,834.0,579.0,987.0,785.0
29109,25:39.020,3,1365.0,612.0,1542.0,871.0,1950.0,520.0,2145.0,755.0,838.0,579.0,991.0,781.0
29124,25:39.520,3,1370.0,615.0,1548.0,872.0,1962.0,521.0,2160.0,758.0,842.0,583.0,995.0,784.0
29139,25:40.022,3,1972.0,522.0,2171.0,759.0,1375.0,616.0,1554.0,871.0,849.0,583.0,1003.0,783.0
29154,25:40.522,3,1383.0,616.0,1561.0,869.0,1985.0,524.0,2185.0,759.0,857.0,587.0,1011.0,784.0
29169,25:41.022,3,1383.0,619.0,1561.0,870.0,1987.0,526.0,2187.0,762.0,858.0,589.0,1011.0,788.0
29184,25:41.522,3,1380.0,615.0,1558.0,868.0,1984.0,523.0,2183.0,760.0,860.0,580.0,1014.0,781.0
29199,25:42.022,3,1379.0,618.0,1557.0,871.0,1982.0,523.0,2182.0,758.0,855.0,585.0,1009.0,782.0
29214,25:42.522,3,1982.0,529.0,2182.0,767.0,1378.0,622.0,1556.0,875.0,860.0,594.0,1012.0,789.0
29229,25:43.022,3,1368.0,620.0,1546.0,873.0,1984.0,528.0,2186.0,767.0,855.0,588.0,1007.0,792.0
29244,25:43.522,3,1962.0,522.0,2169.0,770.0,1358.0,623.0,1536.0,874.0,849.0,589.0,1000.0,786.0
29259,25:44.023,3,1353.0,622.0,1531.0,876.0,1948.0,524.0,2149.0,764.0,847.0,589.0,998.0,786.0
29274,25:44.523,3,1886.0,539.0,2080.0,787.0,1316.0,639.0,1494.0,894.0,806.0,604.0,958.0,801.0
29289,25:45.023,3,1756.0,593.0,1939.0,829.0,1232.0,690.0,1406.0,937.0,721.0,644.0,879.0,853.0
29304,25:45.523,3,1646.0,595.0,1820.0,830.0,1151.0,692.0,1324.0,937.0,629.0,644.0,794.0,856.0
29319,25:46.023,3,1111.0,691.0,1284.0,937.0,1600.0,611.0,1772.0,843.0,579.0,628.0,744.0,844.0
29334,25:46.523,3,1620.0,595.0,1792.0,834.0,1126.0,672.0,1299.0,914.0,594.0,607.0,758.0,824.0
29349,25:47.023,3,1641.0,585.0,1813.0,812.0,1146.0,660.0,1317.0,906.0,613.0,603.0,778.0,830.0
29364,25:47.523,3,1050.0,645.0,1224.0,895.0,1542.0,577.0,1709.0,800.0,500.0,584.0,674.0,812.0
29379,25:48.025,3,1503.0,572.0,1666.0,792.0,1015.0,642.0,1189.0,890.0,459.0,581.0,634.0,796.0
29394,25:48.525,3,1499.0,576.0,1661.0,797.0,1021.0,645.0,1193.0,893.0,464.0,582.0,640.0,798.0
29409,25:49.025,3,1494.0,727.0,1660.0,945.0,1023.0,803.0,1196.0,1050.0,472.0,726.0,648.0,949.0
29424,25:49.525,3,1607.0,740.0,1778.0,961.0,1122.0,806.0,1293.0,1052.0,597.0,721.0,762.0,936.0
29439,25:50.025,3,1689.0,710.0,1868.0,939.0,1196.0,774.0,1368.0,1024.0,689.0,693.0,849.0,901.0
29454,25:50.517,3,1983.0,639.0,2194.0,873.0,1441.0,711.0,1622.0,967.0,945.0,648.0,1096.0,848.0
29469,25:51.017,3,2049.0,605.0,2267.0,857.0,1488.0,697.0,1671.0,953.0,982.0,635.0,1132.0,836.0
29484,25:51.517,3,1855.0,793.0,2044.0,1032.0,1329.0,848.0,1503.0,1103.0,826.0,764.0,980.0,965.0
29499,25:52.018,3,1466.0,770.0,1648.0,1022.0,2016.0,692.0,2225.0,933.0,969.0,706.0,1117.0,897.0
29514,25:52.518,3,2000.0,644.0,2209.0,891.0,1459.0,732.0,1641.0,986.0,959.0,680.0,1111.0,879.0
29529,25:53.018,3,1287.0,731.0,1463.0,979.0,1787.0,622.0,1971.0,866.0,778.0,692.0,931.0,891.0
29544,25:53.518,3,1010.0,692.0,1186.0,937.0,1488.0,581.0,1651.0,805.0,449.0,648.0,627.0,872.0
29559,25:54.018,3,985.0,676.0,1163.0,923.0,421.0,630.0,602.0,855.0,1475.0,569.0,1634.0,790.0
29574,25:54.518,3,927.0,685.0,1105.0,936.0,1443.0,592.0,1599.0,808.0,346.0,637.0,533.0,861.0
29589,25:55.018,3,854.0,679.0,1034.0,929.0,249.0,626.0,446.0,858.0,1373.0,591.0,1528.0,802.0
29604,25:55.518,3,831.0,672.0,1013.0,928.0,212.0,614.0,415.0,856.0,1349.0,575.0,1504.0,792.0
29619,25:56.020,3,818.0,667.0,1001.0,923.0,199.0,614.0,403.0,852.0,1349.0,575.0,1501.0,792.0
29634,25:56.520,3,793.0,665.0,977.0,919.0,167.0,625.0,373.0,855.0,1335.0,571.0,1486.0,784.0
29649,25:57.020,3,760.0,663.0,948.0,920.0,120.0,621.0,335.0,863.0,1300.0,564.0,1451.0,782.0
29664,25:57.520,3,750.0,664.0,936.0,916.0,81.0,611.0,297.0,857.0,1291.0,562.0,1441.0,775.0
29679,25:58.020,3,743.0,662.0,932.0,914.0,80.0,613.0,297.0,864.0,1283.0,564.0,1434.0,779.0
29694,25:58.520,3,705.0,645.0,895.0,905.0,24.0,589.0,253.0,847.0,1238.0,559.0,1390.0,770.0
29709,25:59.020,3,714.0,635.0,904.0,899.0,42.0,581.0,269.0,831.0,1248.0,556.0,1398.0,770.0
29724,25:59.520,3,792.0,641.0,971.0,900.0,153.0,589.0,362.0,828.0,1322.0,557.0,1476.0,772.0
29739,26:00.022,3,1851.0,535.0,2037.0,770.0,1292.0,654.0,1468.0,908.0,779.0,630.0,934.0,836.0
29754,26:00.522,3,1914.0,499.0,2108.0,741.0,1343.0,630.0,1523.0,882.0,835.0,613.0,986.0,815.0
29769,26:01.022,3,1275.0,631.0,1449.0,884.0,1826.0,519.0,2009.0,747.0,757.0,615.0,915.0,819.0
29784,26:01.522,3,1796.0,522.0,1978.0,752.0,1237.0,633.0,1411.0,877.0,716.0,605.0,876.0,813.0
29799,26:02.022,3,1222.0,624.0,1396.0,875.0,1783.0,525.0,1960.0,749.0,699.0,592.0,859.0,803.0
29814,26:02.522,3,1214.0,632.0,1386.0,882.0,1773.0,533.0,1949.0,759.0,689.0,594.0,849.0,807.0
29829,26:03.022,3,1208.0,629.0,1383.0,882.0,1769.0,534.0,1944.0,758.0,685.0,595.0,844.0,804.0
29844,26:03.522,3,1211.0,631.0,1385.0,883.0,1773.0,539.0,1948.0,762.0,690.0,591.0,849.0,802.0
29859,26:04.023,3,1217.0,630.0,1389.0,877.0,1791.0,526.0,1969.0,751.0,698.0,584.0,858.0,791.0
29874,26:04.523,3,1803.0,525.0,1983.0,749.0,1215.0,627.0,1387.0,874.0,700.0,582.0,860.0,787.0
29890,26:05.023,3,1208.0,633.0,1382.0,882.0,1784.0,531.0,1959.0,756.0,704.0,585.0,864.0,787.0
29905,26:05.523,3,1197.0,624.0,1371.0,875.0,1764.0,529.0,1935.0,754.0,689.0,576.0,850.0,783.0
29920,26:06.023,3,1002.0,640.0,1174.0,887.0,461.0,582.0,637.0,794.0,1551.0,566.0,1705.0,778.0
29935,26:06.523,3,761.0,634.0,941.0,878.0,270.0,579.0,465.0,803.0,1407.0,597.0,1550.0,804.0
29950,26:07.023,2,289.0,623.0,502.0,891.0,1074.0,605.0,1209.0,807.0,,,,
29965,26:07.523,2,286.0,624.0,502.0,900.0,1072.0,596.0,1215.0,803.0,,,,
29980,26:08.025,2,431.0,627.0,632.0,901.0,1092.0,600.0,1236.0,810.0,,,,
29995,26:08.525,2,438.0,642.0,638.0,915.0,1059.0,619.0,1203.0,825.0,,,,
30010,26:09.025,2,350.0,618.0,561.0,896.0,981.0,598.0,1130.0,812.0,,,,
30025,26:09.525,1,487.0,562.0,659.0,782.0,,,,,,,,
30040,26:10.025,1,253.0,469.0,454.0,703.0,,,,,,,,
30055,26:10.517,1,236.0,462.0,440.0,705.0,,,,,,,,
30070,26:11.017,1,280.0,457.0,473.0,697.0,,,,,,,,
30085,26:11.517,1,264.0,461.0,457.0,700.0,,,,,,,,
30100,26:12.018,1,174.0,434.0,377.0,677.0,,,,,,,,
30115,26:12.518,1,26.0,367.0,247.0,626.0,,,,,,,,
30130,26:13.018,1,-62.0,332.0,143.0,600.0,,,,,,,,
30145,26:13.518,1,-39.0,337.0,162.0,601.0,,,,,,,,
30160,26:14.018,1,6.0,357.0,211.0,618.0,,,,,,,,
30175,26:14.518,1,-41.0,340.0,171.0,606.0,,,,,,,,
30190,26:15.018,1,-69.0,345.0,155.0,609.0,,,,,,,,
30205,26:15.518,1,-35.0,361.0,194.0,628.0,,,,,,,,
30220,26:16.020,2,170.0,599.0,399.0,883.0,848.0,613.0,1002.0,813.0,,,,
30235,26:16.520,3,1249.0,624.0,1417.0,868.0,1848.0,671.0,2029.0,883.0,753.0,572.0,911.0,775.0
30250,26:17.020,3,1368.0,604.0,1539.0,860.0,2008.0,619.0,2210.0,841.0,881.0,571.0,1034.0,773.0
30265,26:17.520,3,1427.0,589.0,1599.0,845.0,2128.0,578.0,2333.0,802.0,940.0,560.0,1090.0,757.0
30280,26:18.020,3,1454.0,578.0,1629.0,835.0,2111.0,523.0,2328.0,771.0,959.0,545.0,1110.0,743.0
30295,26:18.520,3,1504.0,577.0,1678.0,824.0,2089.0,510.0,2309.0,769.0,966.0,564.0,1116.0,760.0
30310,26:19.020,3,1605.0,578.0,1778.0,818.0,2108.0,510.0,2326.0,762.0,972.0,555.0,1123.0,755.0
30325,26:19.520,3,1645.0,611.0,1816.0,848.0,2111.0,505.0,2329.0,759.0,976.0,562.0,1128.0,760.0
30340,26:20.022,3,1574.0,602.0,1747.0,840.0,2115.0,512.0,2335.0,764.0,977.0,566.0,1130.0,769.0
30355,26:20.522,3,1523.0,640.0,1698.0,885.0,2079.0,578.0,2292.0,824.0,958.0,608.0,1110.0,812.0
30370,26:21.022,3,2029.0,568.0,2241.0,820.0,1472.0,633.0,1642.0,879.0,935.0,594.0,1085.0,802.0
30385,26:21.522,3,1211.0,640.0,1375.0,880.0,1693.0,578.0,1866.0,801.0,650.0,592.0,812.0,805.0
30400,26:22.022,3,1049.0,610.0,1215.0,851.0,453.0,570.0,629.0,787.0,1515.0,544.0,1668.0,756.0
30415,26:22.522,3,1017.0,600.0,1185.0,842.0,417.0,563.0,597.0,794.0,1491.0,535.0,1641.0,744.0
30430,26:23.022,3,977.0,588.0,1147.0,829.0,358.0,559.0,545.0,778.0,1459.0,517.0,1615.0,732.0
30445,26:23.523,3,810.0,535.0,987.0,784.0,117.0,484.0,332.0,728.0,1317.0,461.0,1470.0,678.0
30461,26:24.023,2,671.0,356.0,855.0,621.0,1200.0,303.0,1353.0,523.0,,,,
30476,26:24.523,3,741.0,291.0,927.0,560.0,1272.0,244.0,1427.0,471.0,-32.0,213.0,196.0,479.0
30486,26:25.065,3,790.0,281.0,971.0,548.0,1316.0,233.0,1475.0,458.0,23.0,192.0,264.0,460.0
30500,26:25.523,3,794.0,276.0,975.0,546.0,25.0,185.0,264.0,459.0,1320.0,228.0,1479.0,455.0
30515,26:26.023,3,785.0,284.0,967.0,551.0,1313.0,232.0,1472.0,459.0,5.0,195.0,245.0,464.0
30530,26:26.523,3,775.0,283.0,962.0,553.0,1306.0,234.0,1462.0,458.0,-4.0,205.0,239.0,472.0
30545,26:27.023,3,764.0,287.0,950.0,556.0,1298.0,234.0,1452.0,460.0,-15.0,209.0,229.0,476.0
30560,26:27.525,3,758.0,287.0,943.0,556.0,1289.0,236.0,1443.0,462.0,-25.0,211.0,216.0,476.0
30575,26:28.025,3,752.0,291.0,937.0,559.0,1270.0,234.0,1430.0,466.0,-31.0,214.0,196.0,483.0
30590,26:28.525,3,753.0,291.0,939.0,558.0,1267.0,233.0,1425.0,460.0,-29.0,216.0,201.0,478.0
30605,26:29.025,3,1353.0,544.0,1525.0,791.0,1878.0,429.0,2070.0,667.0,768.0,527.0,925.0,732.0
30620,26:29.525,3,265.0,601.0,460.0,833.0,925.0,681.0,1095.0,924.0,1405.0,620.0,1557.0,831.0
30635,26:30.017,3,19.0,551.0,243.0,797.0,761.0,651.0,936.0,898.0,1254.0,603.0,1402.0,811.0
30650,26:30.517,3,703.0,603.0,883.0,854.0,1214.0,572.0,1362.0,780.0,-73.0,477.0,162.0,737.0
30665,26:31.017,3,679.0,580.0,860.0,838.0,1195.0,555.0,1342.0,762.0,-94.0,457.0,125.0,718.0
30680,26:31.518,2,650.0,576.0,833.0,837.0,1179.0,543.0,1324.0,749.0,,,,
30695,26:32.018,2,628.0,573.0,814.0,837.0,1155.0,546.0,1302.0,752.0,,,,
30710,26:32.518,3,1878.0,539.0,2066.0,773.0,1345.0,621.0,1516.0,870.0,756.0,577.0,911.0,782.0
30725,26:33.018,3,2005.0,513.0,2212.0,759.0,1473.0,611.0,1650.0,864.0,896.0,589.0,1047.0,797.0
30740,26:33.518,3,1479.0,605.0,1655.0,858.0,2018.0,519.0,2226.0,759.0,896.0,579.0,1045.0,782.0
30755,26:34.018,3,1454.0,600.0,1626.0,850.0,1979.0,526.0,2175.0,759.0,877.0,576.0,1029.0,778.0
30770,26:34.518,3,1449.0,602.0,1623.0,854.0,1950.0,544.0,2133.0,768.0,870.0,575.0,1019.0,774.0
30785,26:35.018,3,1447.0,596.0,1620.0,843.0,1922.0,539.0,2088.0,754.0,868.0,572.0,1018.0,779.0
30800,26:35.520,3,1458.0,605.0,1632.0,848.0,864.0,576.0,1015.0,771.0,1913.0,515.0,2071.0,742.0
30815,26:36.020,3,1455.0,602.0,1628.0,845.0,864.0,567.0,1014.0,764.0,1917.0,516.0,2076.0,746.0
30830,26:36.520,3,1468.0,596.0,1642.0,842.0,1930.0,520.0,2105.0,752.0,866.0,561.0,1017.0,760.0
30845,26:37.020,3,1445.0,588.0,1617.0,837.0,1971.0,529.0,2162.0,765.0,863.0,549.0,1014.0,761.0
30860,26:37.520,3,1083.0,580.0,1247.0,817.0,411.0,504.0,592.0,738.0,1565.0,595.0,1723.0,787.0
30875,26:38.020,3,983.0,547.0,1149.0,786.0,311.0,480.0,502.0,713.0,1488.0,542.0,1646.0,756.0
30890,26:38.520,3,988.0,542.0,1152.0,778.0,1449.0,487.0,1609.0,710.0,295.0,472.0,489.0,704.0
30905,26:39.020,3,237.0,470.0,439.0,714.0,946.0,563.0,1111.0,805.0,1409.0,493.0,1565.0,717.0
30920,26:39.522,3,916.0,577.0,1087.0,823.0,185.0,473.0,391.0,702.0,1374.0,530.0,1531.0,742.0
30935,26:40.022,3,1425.0,631.0,1599.0,871.0,1924.0,527.0,2120.0,765.0,807.0,567.0,961.0,774.0
30950,26:40.522,3,1550.0,612.0,1731.0,861.0,2090.0,476.0,2308.0,730.0,926.0,581.0,1077.0,785.0
30965,26:41.022,3,1558.0,610.0,1741.0,859.0,2094.0,476.0,2310.0,730.0,940.0,574.0,1090.0,773.0
30980,26:41.522,3,1554.0,609.0,1737.0,857.0,2074.0,488.0,2284.0,740.0,934.0,565.0,1082.0,768.0
30995,26:42.022,3,1503.0,610.0,1683.0,862.0,2007.0,500.0,2216.0,761.0,892.0,569.0,1041.0,767.0
31010,26:42.522,3,1902.0,550.0,2098.0,796.0,1424.0,650.0,1595.0,892.0,809.0,594.0,963.0,799.0
31026,26:43.022,3,1144.0,642.0,1309.0,879.0,491.0,551.0,664.0,769.0,1593.0,569.0,1759.0,800.0
31041,26:43.523,3,1142.0,633.0,1306.0,869.0,499.0,532.0,676.0,753.0,1596.0,573.0,1762.0,800.0
31056,26:44.023,3,1087.0,608.0,1253.0,844.0,433.0,510.0,612.0,732.0,1551.0,554.0,1713.0,777.0
31071,26:44.523,3,256.0,323.0,459.0,557.0,924.0,434.0,1098.0,685.0,1442.0,463.0,1604.0,684.0
31086,26:45.023,3,960.0,523.0,1125.0,758.0,1471.0,536.0,1630.0,755.0,322.0,445.0,509.0,675.0
31101,26:45.523,3,1705.0,594.0,1875.0,812.0,1199.0,603.0,1356.0,829.0,657.0,547.0,813.0,752.0
31116,26:46.023,3,1856.0,592.0,2036.0,815.0,1321.0,606.0,1481.0,834.0,796.0,559.0,945.0,754.0
31131,26:46.523,3,1989.0,586.0,2187.0,819.0,1422.0,601.0,1588.0,835.0,891.0,557.0,1041.0,754.0
31146,26:47.023,3,1455.0,586.0,1629.0,830.0,2040.0,557.0,2246.0,803.0,915.0,560.0,1066.0,760.0
31161,26:47.525,3,2044.0,527.0,2252.0,771.0,1455.0,564.0,1629.0,810.0,909.0,547.0,1058.0,740.0
31176,26:48.025,3,1446.0,557.0,1618.0,804.0,2027.0,519.0,2239.0,765.0,897.0,538.0,1048.0,736.0
31191,26:48.525,3,1437.0,569.0,1608.0,814.0,2016.0,535.0,2222.0,776.0,888.0,551.0,1037.0,751.0
31206,26:49.025,3,2010.0,543.0,2212.0,783.0,1431.0,578.0,1601.0,818.0,881.0,563.0,1032.0,769.0
31221,26:49.525,3,1987.0,540.0,2189.0,785.0,1414.0,581.0,1584.0,821.0,865.0,566.0,1014.0,764.0
31236,26:50.017,3,1760.0,537.0,1937.0,771.0,1235.0,582.0,1398.0,819.0,670.0,565.0,830.0,772.0
31251,26:50.517,3,1584.0,542.0,1750.0,765.0,1076.0,578.0,1237.0,814.0,482.0,548.0,655.0,763.0
31266,26:51.017,3,444.0,539.0,620.0,757.0,1552.0,550.0,1714.0,771.0,1039.0,581.0,1202.0,818.0
31281,26:51.518,3,445.0,538.0,622.0,771.0,1555.0,550.0,1714.0,778.0,1037.0,580.0,1201.0,818.0
31296,26:52.018,3,480.0,532.0,653.0,755.0,1067.0,575.0,1228.0,811.0,1585.0,547.0,1747.0,767.0
31311,26:52.518,3,1644.0,548.0,1810.0,771.0,548.0,543.0,715.0,762.0,1124.0,580.0,1286.0,814.0
31326,26:53.018,3,1721.0,555.0,1891.0,775.0,1196.0,579.0,1357.0,815.0,628.0,555.0,792.0,763.0
31341,26:53.518,3,1633.0,548.0,1797.0,770.0,1119.0,580.0,1279.0,814.0,539.0,553.0,706.0,766.0
31356,26:54.018,3,1640.0,540.0,1807.0,771.0,542.0,552.0,712.0,767.0,1125.0,582.0,1286.0,814.0
31371,26:54.518,3,1628.0,551.0,1793.0,770.0,1115.0,579.0,1274.0,816.0,532.0,550.0,701.0,771.0
31386,26:55.018,3,1635.0,544.0,1802.0,766.0,1123.0,580.0,1286.0,815.0,536.0,546.0,705.0,759.0
31401,26:55.520,3,1602.0,543.0,1765.0,766.0,500.0,538.0,673.0,755.0,1096.0,576.0,1259.0,812.0
31416,26:56.020,3,1610.0,538.0,1775.0,761.0,1099.0,577.0,1262.0,812.0,499.0,542.0,670.0,754.0
31431,26:56.520,3,1089.0,576.0,1251.0,814.0,1600.0,543.0,1762.0,766.0,485.0,545.0,656.0,755.0
31446,26:57.020,3,485.0,552.0,656.0,768.0,1585.0,547.0,1748.0,770.0,1084.0,584.0,1243.0,822.0
31461,26:57.520,3,1586.0,544.0,1749.0,767.0,1080.0,582.0,1241.0,818.0,450.0,546.0,625.0,765.0
31476,26:58.020,3,1578.0,543.0,1741.0,766.0,1073.0,580.0,1234.0,814.0,459.0,537.0,632.0,753.0
31491,26:58.520,3,1564.0,542.0,1725.0,760.0,458.0,536.0,630.0,753.0,1066.0,579.0,1227.0,813.0
31506,26:59.020,3,1557.0,534.0,1718.0,756.0,1062.0,578.0,1224.0,814.0,460.0,536.0,633.0,753.0
31521,26:59.522,3,464.0,560.0,639.0,792.0,1553.0,555.0,1714.0,774.0,1065.0,596.0,1225.0,832.0
31536,27:00.022,3,1555.0,540.0,1715.0,758.0,470.0,540.0,643.0,766.0,1065.0,581.0,1226.0,817.0
31551,27:00.522,3,1557.0,542.0,1717.0,757.0,1062.0,575.0,1223.0,812.0,464.0,532.0,639.0,752.0
31566,27:01.022,3,486.0,557.0,658.0,769.0,1080.0,597.0,1238.0,835.0,1571.0,580.0,1735.0,796.0
31581,27:01.522,3,1740.0,594.0,1914.0,815.0,1226.0,608.0,1387.0,846.0,663.0,586.0,823.0,795.0
31596,27:02.022,3,1376.0,610.0,1540.0,849.0,1936.0,570.0,2130.0,808.0,823.0,592.0,976.0,797.0
31611,27:02.522,3,1940.0,554.0,2135.0,794.0,1376.0,598.0,1540.0,837.0,823.0,585.0,977.0,785.0
31626,27:03.022,3,1934.0,548.0,2125.0,786.0,1371.0,594.0,1536.0,831.0,819.0,578.0,971.0,782.0
31641,27:03.523,3,1935.0,546.0,2127.0,786.0,1370.0,591.0,1536.0,829.0,819.0,579.0,972.0,779.0
31656,27:04.023,3,1936.0,545.0,2129.0,783.0,1372.0,589.0,1537.0,827.0,816.0,576.0,967.0,774.0
31671,27:04.523,3,1931.0,550.0,2120.0,787.0,1368.0,591.0,1534.0,830.0,797.0,579.0,949.0,779.0
31686,27:05.023,3,1925.0,555.0,2112.0,791.0,1362.0,597.0,1526.0,836.0,797.0,582.0,949.0,779.0
31701,27:05.523,3,1912.0,553.0,2100.0,793.0,1353.0,596.0,1518.0,838.0,791.0,581.0,943.0,782.0
31716,27:06.023,3,1352.0,597.0,1516.0,838.0,1910.0,558.0,2098.0,792.0,791.0,583.0,943.0,785.0
31731,27:06.523,3,1348.0,594.0,1513.0,836.0,1898.0,553.0,2088.0,780.0,793.0,583.0,945.0,785.0
31746,27:07.023,3,1349.0,593.0,1513.0,834.0,1898.0,552.0,2088.0,779.0,792.0,582.0,944.0,781.0
31761,27:07.525,3,1347.0,587.0,1513.0,829.0,1897.0,549.0,2085.0,776.0,791.0,577.0,945.0,778.0
31777,27:08.025,3,1351.0,590.0,1515.0,833.0,1899.0,550.0,2088.0,778.0,798.0,578.0,952.0,776.0
31792,27:08.525,3,1789.0,573.0,1965.0,800.0,1251.0,621.0,1411.0,855.0,692.0,601.0,851.0,811.0
31807,27:09.025,3,1604.0,596.0,1766.0,814.0,1084.0,640.0,1243.0,877.0,498.0,617.0,668.0,835.0
31822,27:09.525,3,1063.0,612.0,1223.0,847.0,470.0,584.0,644.0,798.0,1583.0,571.0,1745.0,790.0
31837,27:10.017,3,1043.0,597.0,1203.0,834.0,1565.0,564.0,1727.0,781.0,450.0,567.0,625.0,784.0
31852,27:10.517,3,1042.0,598.0,1202.0,833.0,450.0,564.0,625.0,782.0,1560.0,568.0,1722.0,783.0
31867,27:11.017,3,1556.0,563.0,1716.0,783.0,1041.0,599.0,1203.0,835.0,447.0,564.0,622.0,778.0
31882,27:11.518,3,1054.0,593.0,1215.0,834.0,458.0,556.0,631.0,777.0,1567.0,562.0,1729.0,779.0
31897,27:12.018,3,1771.0,554.0,1946.0,784.0,1235.0,605.0,1395.0,843.0,678.0,588.0,836.0,791.0
31912,27:12.518,3,1826.0,548.0,2007.0,777.0,1279.0,602.0,1442.0,839.0,729.0,590.0,884.0,790.0
31927,27:13.018,3,1769.0,561.0,1944.0,791.0,1225.0,613.0,1388.0,853.0,670.0,602.0,828.0,806.0
31945,27:13.518,3,1752.0,567.0,1928.0,790.0,1216.0,615.0,1377.0,852.0,659.0,599.0,819.0,806.0
31965,27:14.018,3,1753.0,564.0,1929.0,787.0,1218.0,608.0,1378.0,850.0,660.0,596.0,819.0,801.0
31985,27:14.518,3,1764.0,604.0,1940.0,835.0,1226.0,653.0,1389.0,893.0,669.0,637.0,827.0,843.0
32005,27:15.018,3,1867.0,606.0,2055.0,836.0,1316.0,652.0,1479.0,894.0,767.0,642.0,921.0,844.0
32025,27:15.520,3,1970.0,516.0,2174.0,758.0,1410.0,587.0,1577.0,834.0,863.0,597.0,1014.0,791.0
32045,27:16.020,3,1998.0,475.0,2207.0,717.0,1433.0,562.0,1602.0,810.0,885.0,581.0,1036.0,775.0
32065,27:16.520,3,1434.0,548.0,1604.0,796.0,2001.0,462.0,2211.0,703.0,886.0,566.0,1037.0,767.0
32085,27:17.020,3,1441.0,552.0,1612.0,800.0,2008.0,461.0,2219.0,707.0,900.0,561.0,1049.0,758.0
32105,27:17.520,3,1988.0,484.0,2195.0,728.0,1428.0,574.0,1597.0,824.0,890.0,593.0,1039.0,790.0
32125,27:18.020,3,1385.0,586.0,1553.0,828.0,1945.0,500.0,2144.0,738.0,849.0,602.0,997.0,806.0
32145,27:18.512,3,1763.0,576.0,1939.0,803.0,1234.0,631.0,1394.0,869.0,691.0,622.0,847.0,828.0
32165,27:19.020,3,1607.0,560.0,1772.0,782.0,1097.0,612.0,1256.0,849.0,525.0,599.0,692.0,811.0
32185,27:19.522,3,376.0,558.0,556.0,780.0,980.0,590.0,1142.0,826.0,1481.0,558.0,1639.0,773.0
32205,27:20.022,3,973.0,582.0,1136.0,820.0,364.0,550.0,547.0,769.0,1471.0,552.0,1628.0,766.0
32221,27:20.522,3,1467.0,543.0,1625.0,757.0,357.0,536.0,540.0,757.0,969.0,572.0,1131.0,809.0
32236,27:21.022,3,968.0,571.0,1130.0,808.0,356.0,540.0,539.0,759.0,1475.0,543.0,1630.0,753.0
32251,27:21.522,3,358.0,533.0,542.0,758.0,970.0,566.0,1135.0,806.0,1487.0,542.0,1644.0,750.0
32266,27:22.022,3,359.0,531.0,542.0,754.0,972.0,560.0,1135.0,799.0,1480.0,543.0,1637.0,752.0
32281,27:22.522,3,360.0,527.0,546.0,752.0,975.0,558.0,1138.0,796.0,1489.0,537.0,1647.0,745.0
32296,27:23.022,3,362.0,527.0,547.0,752.0,978.0,556.0,1140.0,794.0,1485.0,531.0,1640.0,741.0
32311,27:23.523,3,367.0,522.0,550.0,747.0,981.0,551.0,1143.0,791.0,1486.0,523.0,1642.0,736.0
32326,27:24.023,3,1002.0,554.0,1165.0,790.0,395.0,524.0,576.0,747.0,1511.0,521.0,1670.0,736.0
32341,27:24.523,3,1079.0,568.0,1240.0,804.0,1591.0,520.0,1753.0,741.0,495.0,549.0,666.0,766.0
32356,27:25.023,3,1572.0,529.0,1736.0,749.0,478.0,557.0,651.0,776.0,1063.0,578.0,1223.0,814.0
32371,27:25.523,3,1183.0,664.0,1342.0,904.0,1715.0,620.0,1882.0,849.0,618.0,646.0,785.0,862.0
32386,27:26.023,3,1686.0,604.0,1850.0,827.0,1170.0,607.0,1329.0,843.0,619.0,549.0,784.0,764.0
32402,27:26.523,3,1681.0,592.0,1847.0,815.0,1170.0,584.0,1331.0,824.0,620.0,508.0,784.0,722.0
32417,27:27.025,3,1332.0,523.0,1499.0,765.0,1890.0,520.0,2075.0,747.0,791.0,468.0,948.0,678.0
32432,27:27.525,3,1902.0,466.0,2092.0,701.0,1337.0,517.0,1503.0,759.0,795.0,498.0,952.0,710.0
32447,27:28.025,3,1295.0,517.0,1457.0,757.0,1848.0,451.0,2030.0,686.0,746.0,512.0,905.0,723.0
32462,27:28.525,3,1798.0,463.0,1977.0,696.0,1262.0,525.0,1423.0,767.0,709.0,516.0,869.0,729.0
32477,27:29.025,3,1784.0,471.0,1961.0,702.0,1262.0,537.0,1422.0,776.0,707.0,529.0,867.0,739.0
32492,27:29.525,3,1864.0,714.0,2047.0,941.0,1333.0,756.0,1496.0,993.0,794.0,731.0,949.0,937.0
32507,27:30.017,3,1807.0,613.0,1985.0,837.0,1297.0,672.0,1454.0,906.0,757.0,658.0,909.0,854.0
32522,27:30.517,3,1889.0,696.0,2071.0,919.0,1349.0,741.0,1511.0,977.0,809.0,707.0,960.0,902.0
32537,27:31.017,3,1933.0,543.0,2126.0,772.0,1378.0,603.0,1543.0,843.0,817.0,586.0,969.0,789.0
32552,27:31.518,3,1054.0,585.0,1217.0,823.0,1524.0,533.0,1685.0,749.0,441.0,568.0,618.0,784.0
32567,27:32.018,3,1358.0,476.0,1512.0,696.0,189.0,572.0,393.0,823.0,859.0,560.0,1026.0,804.0
32582,27:32.518,3,747.0,560.0,924.0,810.0,1269.0,480.0,1418.0,696.0,25.0,564.0,249.0,809.0
32597,27:33.018,3,768.0,514.0,941.0,762.0,47.0,486.0,269.0,727.0,1299.0,463.0,1450.0,677.0
32612,27:33.518,3,739.0,482.0,913.0,733.0,0.0,451.0,233.0,701.0,1277.0,456.0,1428.0,669.0
32627,27:34.010,3,666.0,462.0,846.0,720.0,1210.0,452.0,1362.0,667.0,-101.0,412.0,135.0,683.0
32643,27:34.518,3,677.0,467.0,858.0,724.0,1228.0,470.0,1379.0,690.0,-72.0,407.0,154.0,667.0
32658,27:35.018,3,696.0,480.0,873.0,732.0,1239.0,470.0,1387.0,682.0,-52.0,410.0,167.0,675.0
32673,27:35.520,3,703.0,483.0,880.0,735.0,-42.0,415.0,178.0,675.0,1248.0,475.0,1397.0,683.0
32688,27:36.020,3,726.0,479.0,902.0,732.0,-22.0,415.0,205.0,664.0,1261.0,477.0,1411.0,683.0
32703,27:36.520,3,722.0,489.0,898.0,744.0,-24.0,427.0,201.0,681.0,1254.0,482.0,1405.0,694.0
32718,27:37.020,3,703.0,484.0,879.0,733.0,-25.0,438.0,203.0,692.0,1250.0,483.0,1398.0,696.0
32733,27:37.520,3,691.0,485.0,869.0,734.0,1242.0,484.0,1389.0,697.0,-38.0,443.0,188.0,699.0
32748,27:38.020,3,693.0,482.0,869.0,731.0,1239.0,478.0,1385.0,694.0,-40.0,437.0,180.0,695.0
32763,27:38.520,3,697.0,485.0,873.0,735.0,1240.0,479.0,1387.0,697.0,-37.0,438.0,187.0,700.0
32778,27:39.022,3,727.0,483.0,902.0,733.0,-16.0,428.0,210.0,682.0,1256.0,483.0,1406.0,696.0
32793,27:39.522,3,1129.0,550.0,1291.0,785.0,542.0,533.0,712.0,753.0,1655.0,526.0,1819.0,747.0
32808,27:40.022,3,1339.0,557.0,1507.0,794.0,1902.0,524.0,2090.0,753.0,787.0,560.0,942.0,767.0
32823,27:40.522,3,1925.0,525.0,2115.0,760.0,1361.0,565.0,1527.0,802.0,805.0,566.0,958.0,770.0
32838,27:41.022,3,1920.0,535.0,2109.0,776.0,1355.0,577.0,1520.0,817.0,802.0,581.0,955.0,793.0
32853,27:41.522,3,1920.0,528.0,2110.0,767.0,1355.0,570.0,1520.0,809.0,799.0,570.0,954.0,779.0
32868,27:42.022,3,1917.0,527.0,2108.0,763.0,1349.0,566.0,1515.0,808.0,797.0,569.0,954.0,772.0
32883,27:42.522,3,1344.0,559.0,1512.0,800.0,1913.0,512.0,2102.0,752.0,794.0,567.0,951.0,774.0
32898,27:43.023,3,1898.0,532.0,2086.0,767.0,1353.0,579.0,1520.0,822.0,786.0,586.0,940.0,798.0
32913,27:43.523,3,1332.0,580.0,1500.0,824.0,1893.0,527.0,2083.0,766.0,789.0,587.0,944.0,797.0
32928,27:44.023,3,1351.0,572.0,1518.0,818.0,1921.0,522.0,2113.0,753.0,806.0,581.0,960.0,787.0
32943,27:44.523,3,1942.0,515.0,2138.0,750.0,1366.0,578.0,1535.0,820.0,811.0,578.0,965.0,782.0
32958,27:45.023,3,1952.0,515.0,2150.0,754.0,1367.0,578.0,1535.0,819.0,810.0,577.0,964.0,784.0
32973,27:45.523,3,1954.0,511.0,2150.0,750.0,1368.0,574.0,1537.0,817.0,809.0,573.0,963.0,781.0
32988,27:46.023,3,1959.0,513.0,2156.0,749.0,1371.0,572.0,1540.0,816.0,815.0,564.0,968.0,768.0
33003,27:46.523,3,1958.0,512.0,2157.0,752.0,1369.0,572.0,1538.0,817.0,813.0,563.0,966.0,764.0
33018,27:47.025,3,1952.0,517.0,2150.0,756.0,1364.0,577.0,1532.0,819.0,805.0,568.0,957.0,771.0
33033,27:47.525,3,1949.0,520.0,2146.0,757.0,1362.0,577.0,1530.0,818.0,807.0,570.0,959.0,773.0
33048,27:48.025,3,1941.0,528.0,2138.0,765.0,1360.0,580.0,1525.0,823.0,800.0,569.0,954.0,777.0
33063,27:48.525,3,1937.0,544.0,2134.0,782.0,1362.0,597.0,1530.0,839.0,807.0,585.0,959.0,788.0
33078,27:49.025,3,1928.0,538.0,2123.0,766.0,1368.0,583.0,1536.0,828.0,819.0,571.0,971.0,777.0
33093,27:49.517,3,1940.0,533.0,2133.0,764.0,1370.0,583.0,1537.0,825.0,819.0,568.0,972.0,778.0
33108,27:50.017,3,1933.0,544.0,2128.0,772.0,1366.0,587.0,1534.0,829.0,819.0,570.0,971.0,775.0
33123,27:50.517,3,1920.0,520.0,2109.0,753.0,1355.0,574.0,1522.0,815.0,812.0,556.0,964.0,763.0
33138,27:51.018,3,1911.0,543.0,2096.0,773.0,1337.0,594.0,1504.0,836.0,797.0,581.0,952.0,786.0
33153,27:51.518,3,1635.0,549.0,1800.0,767.0,1114.0,601.0,1276.0,842.0,526.0,571.0,697.0,788.0
33168,27:52.018,3,1036.0,603.0,1202.0,845.0,444.0,559.0,622.0,786.0,1555.0,554.0,1713.0,767.0
33183,27:52.518,3,1270.0,596.0,1435.0,837.0,1833.0,544.0,2012.0,771.0,732.0,564.0,893.0,768.0
33198,27:53.018,3,1405.0,577.0,1574.0,823.0,2003.0,513.0,2203.0,751.0,869.0,563.0,1020.0,763.0
33213,27:53.518,3,1969.0,484.0,2166.0,722.0,1384.0,560.0,1553.0,805.0,838.0,558.0,991.0,758.0
33228,27:54.018,3,1909.0,478.0,2098.0,714.0,1338.0,547.0,1505.0,788.0,790.0,562.0,947.0,767.0
33243,27:54.518,3,353.0,489.0,540.0,724.0,978.0,500.0,1142.0,738.0,1501.0,471.0,1657.0,679.0
33258,27:55.020,3,737.0,460.0,913.0,714.0,-1.0,410.0,235.0,670.0,1264.0,452.0,1414.0,656.0
33273,27:55.520,3,723.0,448.0,899.0,703.0,-21.0,396.0,212.0,649.0,1253.0,445.0,1399.0,650.0
33288,27:56.020,3,728.0,454.0,904.0,708.0,-11.0,396.0,222.0,645.0,1260.0,446.0,1408.0,654.0
33303,27:56.520,3,707.0,459.0,884.0,716.0,-25.0,396.0,202.0,657.0,1249.0,464.0,1396.0,671.0
33318,27:57.020,3,707.0,471.0,884.0,724.0,-28.0,405.0,200.0,668.0,1243.0,474.0,1392.0,683.0
33333,27:57.520,3,703.0,477.0,881.0,729.0,-26.0,416.0,203.0,674.0,1245.0,479.0,1393.0,690.0
33348,27:58.020,3,692.0,483.0,871.0,736.0,1237.0,486.0,1385.0,695.0,-32.0,415.0,195.0,682.0
33363,27:58.520,3,686.0,490.0,866.0,745.0,1232.0,489.0,1381.0,699.0,-36.0,420.0,190.0,687.0
33378,27:59.022,3,693.0,493.0,871.0,747.0,1235.0,496.0,1384.0,707.0,-42.0,421.0,186.0,683.0
33393,27:59.522,3,702.0,514.0,878.0,765.0,-20.0,448.0,212.0,702.0,1245.0,512.0,1393.0,724.0
33408,28:00.022,3,740.0,551.0,915.0,798.0,47.0,473.0,269.0,714.0,1273.0,551.0,1420.0,760.0
33423,28:00.522,3,1840.0,587.0,2020.0,811.0,1289.0,629.0,1452.0,868.0,758.0,626.0,919.0,839.0
33438,28:01.022,3,2063.0,556.0,2271.0,803.0,1468.0,637.0,1640.0,880.0,972.0,668.0,1129.0,873.0
33453,28:01.522,3,2076.0,552.0,2292.0,795.0,1484.0,642.0,1656.0,886.0,978.0,656.0,1129.0,863.0
33468,28:02.022,3,2002.0,558.0,2206.0,805.0,1418.0,644.0,1586.0,884.0,898.0,675.0,1051.0,885.0
33483,28:02.522,3,1976.0,575.0,2168.0,803.0,1373.0,658.0,1539.0,898.0,856.0,676.0,1010.0,891.0
33498,28:03.023,3,1991.0,529.0,2192.0,765.0,1391.0,641.0,1560.0,883.0,878.0,641.0,1028.0,850.0
33513,28:03.523,3,2003.0,523.0,2210.0,766.0,1400.0,631.0,1568.0,874.0,881.0,641.0,1036.0,854.0
33528,28:04.023,3,1457.0,577.0,1630.0,825.0,2065.0,463.0,2277.0,709.0,941.0,600.0,1095.0,810.0
33543,28:04.523,3,1586.0,464.0,1769.0,723.0,1049.0,501.0,1196.0,712.0,2248.0,332.0,2461.0,578.0
33558,28:05.023,3,1625.0,427.0,1786.0,651.0,1081.0,502.0,1245.0,747.0,510.0,478.0,685.0,707.0
33573,28:05.523,3,854.0,490.0,1024.0,741.0,209.0,444.0,411.0,687.0,1386.0,459.0,1536.0,662.0
33588,28:06.023,3,825.0,491.0,997.0,740.0,178.0,447.0,384.0,690.0,1372.0,457.0,1517.0,666.0
33603,28:06.523,3,801.0,501.0,972.0,751.0,148.0,450.0,357.0,690.0,1374.0,481.0,1517.0,685.0
33618,28:07.017,2,567.0,544.0,753.0,806.0,1157.0,550.0,1298.0,745.0,,,,
33633,28:07.525,2,558.0,580.0,741.0,838.0,1135.0,569.0,1272.0,765.0,,,,
33648,28:08.017,2,538.0,698.0,718.0,944.0,1079.0,635.0,1205.0,825.0,,,,
33663,28:08.517,2,458.0,662.0,644.0,910.0,975.0,617.0,1099.0,810.0,,,,
33678,28:09.017,3,634.0,641.0,806.0,878.0,-18.0,635.0,199.0,873.0,1106.0,613.0,1229.0,794.0
33693,28:09.517,3,591.0,615.0,767.0,858.0,-76.0,596.0,130.0,843.0,1093.0,575.0,1218.0,768.0
33708,28:10.017,2,576.0,622.0,752.0,866.0,1100.0,599.0,1238.0,787.0,,,,
33723,28:10.517,3,607.0,574.0,780.0,818.0,1143.0,575.0,1282.0,759.0,-86.0,532.0,115.0,781.0
33738,28:11.018,2,479.0,502.0,664.0,752.0,1032.0,508.0,1177.0,697.0,,,,
33753,28:11.518,2,375.0,171.0,588.0,457.0,1002.0,288.0,1152.0,473.0,,,,
33768,28:12.018,0,,,,,,,,,,,,
33783,28:12.518,0,,,,,,,,,,,,
33798,28:13.018,0,,,,,,,,,,,,
33813,28:13.518,0,,,,,,,,,,,,
33828,28:14.018,0,,,,,,,,,,,,
33843,28:14.518,0,,,,,,,,,,,,
33858,28:15.020,1,135.0,87.0,330.0,317.0,,,,,,,,
33873,28:15.520,1,81.0,193.0,278.0,450.0,,,,,,,,
33888,28:16.020,1,0.0,200.0,187.0,454.0,,,,,,,,
33903,28:16.520,1,-45.0,189.0,149.0,443.0,,,,,,,,
33918,28:17.020,1,-58.0,189.0,147.0,460.0,,,,,,,,
33933,28:17.520,1,-82.0,180.0,115.0,445.0,,,,,,,,
33948,28:18.020,1,80.0,215.0,303.0,473.0,,,,,,,,
33963,28:18.520,1,239.0,164.0,449.0,413.0,,,,,,,,
33978,28:19.022,1,230.0,160.0,443.0,404.0,,,,,,,,
33993,28:19.522,1,490.0,250.0,670.0,498.0,,,,,,,,
34008,28:20.022,2,137.0,408.0,377.0,697.0,842.0,388.0,995.0,607.0,,,,
34023,28:20.522,2,1768.0,456.0,1973.0,722.0,1221.0,481.0,1373.0,671.0,,,,
34038,28:21.022,1,1887.0,372.0,2089.0,617.0,,,,,,,,
34053,28:21.522,1,2031.0,339.0,2251.0,589.0,,,,,,,,
34068,28:22.022,1,1927.0,338.0,2134.0,576.0,,,,,,,,
34083,28:22.522,1,1905.0,335.0,2108.0,581.0,,,,,,,,
34098,28:23.023,1,2019.0,192.0,2239.0,440.0,,,,,,,,
34113,28:23.523,1,2019.0,157.0,2243.0,389.0,,,,,,,,
34128,28:24.023,1,2021.0,160.0,2245.0,390.0,,,,,,,,
34143,28:24.523,1,2035.0,204.0,2258.0,448.0,,,,,,,,
34158,28:25.023,1,2087.0,234.0,2310.0,484.0,,,,,,,,
34173,28:25.523,1,2073.0,229.0,2306.0,476.0,,,,,,,,
34188,28:26.023,1,2115.0,200.0,2343.0,436.0,,,,,,,,
34203,28:26.515,1,2117.0,205.0,2345.0,445.0,,,,,,,,
34218,28:27.017,1,2113.0,208.0,2339.0,449.0,,,,,,,,
34233,28:27.517,1,1969.0,295.0,2178.0,549.0,,,,,,,,
34248,28:28.017,1,1869.0,419.0,2061.0,654.0,,,,,,,,
34263,28:28.517,1,1866.0,412.0,2055.0,643.0,,,,,,,,
34278,28:29.017,1,1853.0,416.0,2044.0,648.0,,,,,,,,
34293,28:29.517,1,1837.0,461.0,2025.0,693.0,,,,,,,,
34308,28:30.017,1,1811.0,534.0,1995.0,755.0,,,,,,,,
34323,28:30.517,1,1817.0,553.0,2000.0,773.0,,,,,,,,
34338,28:31.018,1,1817.0,546.0,2001.0,769.0,,,,,,,,
34353,28:31.518,3,1308.0,510.0,1472.0,750.0,778.0,471.0,932.0,678.0,1897.0,424.0,2058.0,652.0
34368,28:32.018,3,862.0,587.0,1030.0,826.0,236.0,536.0,434.0,759.0,1416.0,538.0,1541.0,730.0
34383,28:32.518,3,820.0,575.0,987.0,818.0,152.0,515.0,358.0,745.0,1388.0,544.0,1515.0,740.0
34398,28:33.018,3,806.0,550.0,975.0,792.0,160.0,472.0,365.0,709.0,1381.0,519.0,1508.0,717.0
34413,28:33.518,3,783.0,570.0,951.0,813.0,1357.0,540.0,1476.0,732.0,270.0,516.0,422.0,739.0
34428,28:34.018,1,162.0,436.0,332.0,669.0,,,,,,,,
34443,28:34.518,0,,,,,,,,,,,,
34458,28:35.020,0,,,,,,,,,,,,
34473,28:35.520,0,,,,,,,,,,,,
34488,28:36.020,0,,,,,,,,,,,,
34503,28:36.520,0,,,,,,,,,,,,
34518,28:37.020,0,,,,,,,,,,,,
34533,28:37.520,0,,,,,,,,,,,,
34548,28:38.020,0,,,,,,,,,,,,
34563,28:38.520,0,,,,,,,,,,,,
34578,28:39.022,0,,,,,,,,,,,,
34593,28:39.522,0,,,,,,,,,,,,
34608,28:40.022,0,,,,,,,,,,,,
34623,28:40.522,0,,,,,,,,,,,,
34638,28:41.022,0,,,,,,,,,,,,
34648,28:41.522,0,,,,,,,,,,,,
34663,28:42.022,0,,,,,,,,,,,,
34678,28:42.522,0,,,,,,,,,,,,
34693,28:43.023,0,,,,,,,,,,,,
34708,28:43.523,0,,,,,,,,,,,,
34723,28:44.023,0,,,,,,,,,,,,
34738,28:44.523,3,137.0,560.0,341.0,794.0,726.0,650.0,886.0,890.0,1390.0,603.0,1510.0,791.0
34753,28:45.023,2,1716.0,587.0,1894.0,837.0,1227.0,565.0,1376.0,765.0,,,,
34768,28:45.523,0,,,,,,,,,,,,
34783,28:46.023,0,,,,,,,,,,,,
34798,28:46.515,0,,,,,,,,,,,,
34813,28:47.017,0,,,,,,,,,,,,
34828,28:47.517,0,,,,,,,,,,,,
34843,28:48.017,0,,,,,,,,,,,,
34858,28:48.517,0,,,,,,,,,,,,
34873,28:49.017,1,1743.0,543.0,1886.0,755.0,,,,,,,,
34888,28:49.517,2,1761.0,291.0,1961.0,566.0,1170.0,391.0,1293.0,599.0,,,,
34903,28:50.017,2,1707.0,257.0,1895.0,530.0,1095.0,359.0,1219.0,569.0,,,,
34918,28:50.517,2,1787.0,213.0,1981.0,486.0,1153.0,323.0,1280.0,534.0,,,,
34933,28:51.018,2,1857.0,314.0,2022.0,577.0,1210.0,365.0,1356.0,575.0,,,,
34948,28:51.518,2,1222.0,390.0,1371.0,594.0,1904.0,390.0,2043.0,635.0,,,,
34963,28:52.018,2,1196.0,413.0,1343.0,614.0,1879.0,399.0,2012.0,644.0,,,,
34978,28:52.518,2,1231.0,386.0,1379.0,600.0,1930.0,370.0,2065.0,607.0,,,,
34993,28:53.018,2,1259.0,366.0,1406.0,586.0,1968.0,358.0,2105.0,608.0,,,,
35008,28:53.518,2,1290.0,348.0,1440.0,562.0,2015.0,306.0,2159.0,566.0,,,,
35023,28:54.018,1,1575.0,344.0,1740.0,565.0,,,,,,,,
35038,28:54.520,1,1687.0,314.0,1855.0,548.0,,,,,,,,
35053,28:55.020,1,1634.0,399.0,1790.0,623.0,,,,,,,,
35068,28:55.520,1,1603.0,412.0,1757.0,637.0,,,,,,,,
35083,28:56.020,1,1586.0,402.0,1735.0,619.0,,,,,,,,
35098,28:56.520,1,1619.0,419.0,1765.0,632.0,,,,,,,,
35113,28:57.020,1,1754.0,521.0,1906.0,737.0,,,,,,,,
35128,28:57.520,1,1743.0,482.0,1898.0,706.0,,,,,,,,
35143,28:58.020,1,1994.0,382.0,2208.0,628.0,,,,,,,,
35158,28:58.522,1,2068.0,341.0,2303.0,596.0,,,,,,,,
35173,28:59.022,1,2112.0,325.0,2353.0,584.0,,,,,,,,
35188,28:59.522,1,2090.0,329.0,2326.0,592.0,,,,,,,,
35203,29:00.022,0,,,,,,,,,,,,
35218,29:00.522,0,,,,,,,,,,,,
35233,29:01.022,0,,,,,,,,,,,,
35248,29:01.522,0,,,,,,,,,,,,
35263,29:02.022,0,,,,,,,,,,,,
35278,29:02.523,0,,,,,,,,,,,,
35293,29:03.023,0,,,,,,,,,,,,
35308,29:03.523,0,,,,,,,,,,,,
35323,29:04.023,0,,,,,,,,,,,,
35338,29:04.523,0,,,,,,,,,,,,
35353,29:05.023,0,,,,,,,,,,,,
35368,29:05.523,1,1681.0,292.0,1854.0,520.0,,,,,,,,
35383,29:06.015,2,1415.0,185.0,1603.0,446.0,994.0,225.0,1125.0,447.0,,,,
35398,29:06.517,1,71.0,134.0,310.0,404.0,,,,,,,,
35413,29:07.017,0,,,,,,,,,,,,
35428,29:07.517,0,,,,,,,,,,,,
35443,29:08.017,0,,,,,,,,,,,,
35458,29:08.517,0,,,,,,,,,,,,
35473,29:09.017,0,,,,,,,,,,,,
35488,29:09.517,0,,,,,,,,,,,,
35503,29:10.017,0,,,,,,,,,,,,
35518,29:10.518,0,,,,,,,,,,,,
35533,29:11.018,0,,,,,,,,,,,,
35548,29:11.518,0,,,,,,,,,,,,
35563,29:12.018,2,328.0,166.0,553.0,463.0,983.0,232.0,1142.0,438.0,,,,
35578,29:12.518,1,426.0,235.0,615.0,448.0,,,,,,,,
35593,29:13.018,1,-8.0,10.0,202.0,253.0,,,,,,,,
35608,29:13.518,0,,,,,,,,,,,,
35623,29:14.018,1,-84.0,121.0,146.0,376.0,,,,,,,,
35638,29:14.520,1,-94.0,-6.0,149.0,272.0,,,,,,,,
35653,29:15.020,0,,,,,,,,,,,,
35668,29:15.520,1,-59.0,77.0,170.0,340.0,,,,,,,,
35683,29:16.020,1,-46.0,93.0,184.0,359.0,,,,,,,,
35698,29:16.520,1,92.0,230.0,313.0,490.0,,,,,,,,
35713,29:17.020,1,253.0,484.0,453.0,720.0,,,,,,,,
35728,29:17.520,1,221.0,515.0,423.0,754.0,,,,,,,,
35743,29:18.020,0,,,,,,,,,,,,
35758,29:18.522,1,-82.0,435.0,146.0,698.0,,,,,,,,
35773,29:19.022,0,,,,,,,,,,,,
35788,29:19.522,0,,,,,,,,,,,,
35803,29:20.022,0,,,,,,,,,,,,
35818,29:20.522,0,,,,,,,,,,,,
35833,29:21.022,0,,,,,,,,,,,,
35848,29:21.522,0,,,,,,,,,,,,
35863,29:22.022,1,381.0,460.0,559.0,681.0,,,,,,,,
35878,29:22.523,3,1268.0,477.0,1431.0,717.0,728.0,434.0,890.0,648.0,1789.0,456.0,1957.0,675.0
35893,29:23.023,2,1841.0,348.0,2049.0,625.0,1264.0,378.0,1423.0,598.0,,,,
35908,29:23.523,2,2108.0,355.0,2353.0,647.0,1467.0,417.0,1634.0,641.0,,,,
35923,29:24.023,2,2125.0,358.0,2375.0,661.0,1478.0,426.0,1643.0,650.0,,,,
35938,29:24.523,2,2192.0,396.0,2442.0,696.0,1531.0,458.0,1698.0,676.0,,,,
35953,29:25.015,2,1564.0,458.0,1736.0,678.0,2234.0,399.0,2480.0,696.0,,,,
35968,29:25.515,2,1565.0,465.0,1737.0,690.0,2231.0,417.0,2478.0,716.0,,,,
35983,29:26.015,2,1563.0,470.0,1735.0,696.0,2231.0,424.0,2476.0,721.0,,,,
35998,29:26.517,2,1558.0,490.0,1728.0,714.0,2219.0,441.0,2465.0,744.0,,,,
36013,29:27.017,2,1554.0,489.0,1727.0,718.0,2214.0,442.0,2456.0,742.0,,,,
36028,29:27.517,2,1551.0,491.0,1721.0,712.0,2208.0,450.0,2449.0,749.0,,,,
36043,29:28.017,2,1555.0,513.0,1726.0,733.0,2214.0,462.0,2460.0,764.0,,,,
36058,29:28.517,1,1795.0,622.0,1985.0,848.0,,,,,,,,
36073,29:29.017,0,,,,,,,,,,,,
36088,29:29.517,0,,,,,,,,,,,,
36103,29:30.017,1,2256.0,329.0,2460.0,570.0,,,,,,,,
36118,29:30.518,1,2037.0,318.0,2258.0,569.0,,,,,,,,
36133,29:31.018,1,1918.0,351.0,2125.0,598.0,,,,,,,,
36148,29:31.518,1,1916.0,360.0,2123.0,607.0,,,,,,,,
36163,29:32.018,2,2076.0,264.0,2316.0,565.0,1457.0,286.0,1617.0,505.0,,,,
36178,29:32.518,3,1421.0,165.0,1598.0,383.0,2002.0,139.0,2224.0,340.0,865.0,135.0,1015.0,286.0
36193,29:33.018,3,1656.0,369.0,1823.0,598.0,1152.0,377.0,1314.0,620.0,601.0,273.0,766.0,510.0
36209,29:33.518,2,540.0,655.0,719.0,902.0,1056.0,662.0,1199.0,866.0,,,,
36224,29:34.018,3,606.0,880.0,772.0,1114.0,1.0,787.0,173.0,1016.0,1084.0,838.0,1221.0,1030.0
36239,29:34.520,3,689.0,748.0,842.0,962.0,1132.0,692.0,1260.0,865.0,154.0,656.0,302.0,857.0
36254,29:35.020,3,583.0,674.0,738.0,881.0,1046.0,611.0,1170.0,770.0,41.0,569.0,191.0,779.0
36265,29:35.853,2,451.0,810.0,618.0,1026.0,937.0,734.0,1067.0,895.0,,,,
36267,29:36.170,3,1190.0,971.0,1332.0,1173.0,1622.0,874.0,1752.0,1054.0,749.0,908.0,885.0,1091.0
36279,29:36.520,2,2089.0,709.0,2296.0,953.0,1578.0,728.0,1711.0,910.0,,,,
36294,29:37.020,2,2125.0,656.0,2336.0,907.0,1603.0,679.0,1737.0,862.0,,,,
36310,29:37.520,3,46.0,502.0,230.0,727.0,638.0,574.0,793.0,791.0,1093.0,529.0,1214.0,700.0
36325,29:38.020,2,360.0,475.0,538.0,711.0,869.0,450.0,996.0,634.0,,,,
36340,29:38.522,1,485.0,503.0,629.0,705.0,,,,,,,,
36355,29:39.022,3,221.0,452.0,400.0,664.0,1234.0,516.0,1355.0,692.0,810.0,550.0,956.0,760.0
36370,29:39.522,3,1032.0,374.0,1179.0,592.0,1459.0,321.0,1589.0,510.0,459.0,294.0,626.0,502.0
36385,29:40.022,3,1084.0,262.0,1233.0,490.0,512.0,194.0,671.0,405.0,1559.0,193.0,1709.0,389.0
36400,29:40.522,3,1037.0,235.0,1188.0,463.0,461.0,184.0,617.0,384.0,1513.0,161.0,1664.0,355.0
36415,29:41.022,3,996.0,216.0,1145.0,449.0,1488.0,160.0,1632.0,351.0,399.0,168.0,554.0,367.0
36430,29:41.522,3,1425.0,157.0,1559.0,333.0,919.0,190.0,1073.0,423.0,297.0,150.0,463.0,334.0
36445,29:42.022,1,831.0,143.0,988.0,299.0,,,,,,,,
36460,29:42.523,3,847.0,165.0,1004.0,396.0,1357.0,147.0,1483.0,308.0,196.0,31.0,401.0,294.0
36475,29:43.023,3,883.0,341.0,1040.0,576.0,231.0,235.0,433.0,470.0,1369.0,291.0,1503.0,497.0
36490,29:43.523,2,377.0,479.0,579.0,741.0,933.0,477.0,1082.0,685.0,,,,
36505,29:44.015,1,-55.0,350.0,170.0,616.0,,,,,,,,
36520,29:44.523,1,316.0,639.0,515.0,879.0,,,,,,,,
36535,29:45.015,2,589.0,757.0,762.0,989.0,-74.0,698.0,175.0,978.0,,,,
36551,29:45.515,2,-5.0,824.0,247.0,1111.0,643.0,874.0,809.0,1092.0,,,,
36566,29:46.015,1,-68.0,479.0,161.0,744.0,,,,,,,,
36581,29:46.517,0,,,,,,,,,,,,
36596,29:47.017,0,,,,,,,,,,,,
36611,29:47.517,0,,,,,,,,,,,,
36626,29:48.017,0,,,,,,,,,,,,
36641,29:48.517,1,-99.0,368.0,141.0,639.0,,,,,,,,
36656,29:49.017,1,-76.0,360.0,161.0,625.0,,,,,,,,
36671,29:49.517,1,-51.0,307.0,187.0,580.0,,,,,,,,
36686,29:50.017,1,-46.0,295.0,187.0,566.0,,,,,,,,
36701,29:50.518,1,-24.0,294.0,215.0,567.0,,,,,,,,
36716,29:51.018,1,121.0,345.0,339.0,601.0,,,,,,,,
36731,29:51.518,1,556.0,366.0,729.0,594.0,,,,,,,,
36746,29:52.018,1,547.0,389.0,727.0,615.0,,,,,,,,
36761,29:52.518,1,547.0,470.0,723.0,668.0,,,,,,,,
36776,29:53.018,1,565.0,515.0,740.0,687.0,,,,,,,,
36791,29:53.518,1,564.0,461.0,739.0,678.0,,,,,,,,
36806,29:54.018,1,524.0,369.0,707.0,608.0,,,,,,,,
36821,29:54.520,1,529.0,367.0,705.0,604.0,,,,,,,,
36836,29:55.020,1,561.0,400.0,725.0,627.0,,,,,,,,
36851,29:55.520,0,,,,,,,,,,,,
36866,29:56.020,0,,,,,,,,,,,,
36881,29:56.520,1,159.0,494.0,378.0,696.0,,,,,,,,
36896,29:57.020,2,-12.0,305.0,236.0,614.0,731.0,499.0,895.0,678.0,,,,
36911,29:57.520,2,-75.0,313.0,171.0,626.0,672.0,510.0,841.0,691.0,,,,
36926,29:58.020,2,640.0,513.0,811.0,700.0,-112.0,325.0,127.0,643.0,,,,
36941,29:58.522,1,630.0,393.0,795.0,630.0,,,,,,,,
36956,29:59.022,1,638.0,392.0,792.0,622.0,,,,,,,,
36971,29:59.522,1,651.0,411.0,799.0,635.0,,,,,,,,
36986,30:00.022,1,649.0,420.0,798.0,643.0,,,,,,,,
37001,30:00.522,1,601.0,411.0,772.0,645.0,,,,,,,,
37016,30:01.022,1,553.0,400.0,733.0,636.0,,,,,,,,
37031,30:01.522,1,545.0,411.0,724.0,648.0,,,,,,,,
37046,30:02.022,1,555.0,405.0,735.0,644.0,,,,,,,,
37061,30:02.523,1,578.0,396.0,754.0,634.0,,,,,,,,
37076,30:03.023,1,601.0,398.0,772.0,633.0,,,,,,,,
37091,30:03.523,2,64.0,454.0,313.0,743.0,743.0,461.0,905.0,689.0,,,,
37106,30:04.023,2,484.0,556.0,681.0,817.0,1051.0,530.0,1204.0,747.0,,,,
37121,30:04.523,2,471.0,570.0,669.0,832.0,1042.0,542.0,1193.0,765.0,,,,
37136,30:05.015,2,449.0,568.0,648.0,824.0,1028.0,540.0,1179.0,758.0,,,,
37151,30:05.515,2,424.0,561.0,629.0,817.0,1012.0,539.0,1162.0,749.0,,,,
37166,30:06.015,2,416.0,559.0,623.0,815.0,1004.0,539.0,1153.0,752.0,,,,
37181,30:06.517,2,410.0,561.0,617.0,820.0,1000.0,541.0,1149.0,757.0,,,,
37196,30:07.017,2,404.0,561.0,609.0,823.0,1004.0,540.0,1154.0,760.0,,,,
37211,30:07.517,2,388.0,567.0,598.0,827.0,990.0,541.0,1144.0,759.0,,,,
37226,30:08.017,2,386.0,568.0,597.0,828.0,990.0,541.0,1142.0,759.0,,,,
37241,30:08.517,2,348.0,563.0,560.0,825.0,968.0,548.0,1118.0,765.0,,,,
37256,30:09.017,2,313.0,549.0,527.0,816.0,942.0,543.0,1093.0,759.0,,,,
37271,30:09.517,2,319.0,542.0,536.0,810.0,949.0,540.0,1100.0,757.0,,,,
37286,30:10.018,2,324.0,542.0,542.0,811.0,965.0,538.0,1117.0,758.0,,,,
37301,30:10.518,2,295.0,531.0,514.0,801.0,946.0,526.0,1099.0,746.0,,,,
37316,30:11.018,2,18.0,434.0,275.0,726.0,759.0,470.0,918.0,695.0,,,,
37331,30:11.518,2,704.0,460.0,865.0,683.0,-50.0,399.0,198.0,707.0,,,,
37346,30:12.018,2,658.0,461.0,824.0,693.0,-106.0,407.0,139.0,713.0,,,,
37361,30:12.518,1,523.0,450.0,698.0,685.0,,,,,,,,
37376,30:13.018,1,132.0,410.0,352.0,664.0,,,,,,,,
37391,30:13.518,1,53.0,372.0,283.0,629.0,,,,,,,,
37406,30:14.020,1,59.0,374.0,288.0,629.0,,,,,,,,
37421,30:14.520,1,85.0,378.0,313.0,637.0,,,,,,,,
37436,30:15.020,1,103.0,386.0,327.0,645.0,,,,,,,,
37451,30:15.520,1,100.0,384.0,323.0,644.0,,,,,,,,
37466,30:16.020,1,86.0,376.0,310.0,636.0,,,,,,,,
37481,30:16.520,1,63.0,361.0,294.0,620.0,,,,,,,,
37496,30:17.020,1,70.0,345.0,298.0,608.0,,,,,,,,
37511,30:17.520,1,79.0,341.0,306.0,602.0,,,,,,,,
37526,30:18.022,1,86.0,340.0,308.0,601.0,,,,,,,,
37541,30:18.522,1,113.0,361.0,326.0,610.0,,,,,,,,
37556,30:19.022,1,128.0,364.0,336.0,616.0,,,,,,,,
37571,30:19.522,1,126.0,363.0,334.0,615.0,,,,,,,,
37586,30:20.022,1,92.0,353.0,317.0,614.0,,,,,,,,
37601,30:20.522,1,47.0,333.0,280.0,602.0,,,,,,,,
37616,30:21.022,1,47.0,331.0,277.0,593.0,,,,,,,,
37631,30:21.522,1,47.0,326.0,278.0,584.0,,,,,,,,
37646,30:22.023,1,40.0,327.0,270.0,586.0,,,,,,,,
37661,30:22.523,1,31.0,328.0,257.0,587.0,,,,,,,,
37676,30:23.023,1,33.0,333.0,261.0,595.0,,,,,,,,
37691,30:23.523,1,26.0,327.0,254.0,590.0,,,,,,,,
37706,30:24.023,1,35.0,391.0,271.0,629.0,,,,,,,,
37721,30:24.523,1,70.0,456.0,294.0,675.0,,,,,,,,
37736,30:25.015,1,74.0,471.0,297.0,709.0,,,,,,,,
37751,30:25.515,1,59.0,448.0,285.0,664.0,,,,,,,,
37766,30:26.017,1,33.0,355.0,275.0,613.0,,,,,,,,
37781,30:26.517,1,38.0,330.0,274.0,591.0,,,,,,,,
37796,30:27.017,0,,,,,,,,,,,,
37811,30:27.517,0,,,,,,,,,,,,
37826,30:28.017,1,-87.0,356.0,145.0,617.0,,,,,,,,
37841,30:28.517,1,56.0,448.0,276.0,696.0,,,,,,,,
37856,30:29.017,1,434.0,630.0,608.0,849.0,,,,,,,,
37871,30:29.517,2,213.0,574.0,414.0,818.0,782.0,542.0,928.0,737.0,,,,
37886,30:30.018,3,579.0,645.0,743.0,868.0,1059.0,602.0,1193.0,787.0,10.0,596.0,173.0,816.0
37901,30:30.518,3,664.0,714.0,823.0,937.0,1153.0,671.0,1289.0,860.0,122.0,663.0,279.0,875.0
37916,30:31.018,3,597.0,647.0,760.0,875.0,1108.0,617.0,1246.0,808.0,-4.0,577.0,170.0,802.0
37931,30:31.518,2,537.0,534.0,709.0,769.0,1073.0,529.0,1215.0,725.0,,,,
37946,30:32.018,2,378.0,502.0,578.0,756.0,974.0,486.0,1123.0,693.0,,,,
37961,30:32.518,2,281.0,337.0,505.0,625.0,945.0,359.0,1101.0,579.0,,,,
37976,30:33.018,3,1750.0,413.0,1924.0,643.0,609.0,422.0,776.0,655.0,1171.0,489.0,1323.0,723.0
37991,30:33.518,1,1714.0,529.0,1888.0,750.0,,,,,,,,
38006,30:34.020,1,1886.0,464.0,2055.0,699.0,,,,,,,,
38021,30:34.520,1,1678.0,547.0,1822.0,756.0,,,,,,,,
38036,30:35.020,1,1633.0,517.0,1774.0,731.0,,,,,,,,
38052,30:35.520,1,1815.0,430.0,1972.0,666.0,,,,,,,,
38067,30:36.020,0,,,,,,,,,,,,
38082,30:36.520,0,,,,,,,,,,,,
38097,30:37.020,0,,,,,,,,,,,,
38112,30:37.520,0,,,,,,,,,,,,
38127,30:38.022,0,,,,,,,,,,,,
38142,30:38.522,0,,,,,,,,,,,,
38157,30:39.022,0,,,,,,,,,,,,
38172,30:39.522,0,,,,,,,,,,,,
38187,30:40.022,0,,,,,,,,,,,,
38202,30:40.522,0,,,,,,,,,,,,
38217,30:41.022,0,,,,,,,,,,,,
38232,30:41.522,0,,,,,,,,,,,,
38247,30:42.023,0,,,,,,,,,,,,
38262,30:42.523,0,,,,,,,,,,,,
38277,30:43.023,0,,,,,,,,,,,,
38292,30:43.523,0,,,,,,,,,,,,
38307,30:44.023,1,2114.0,350.0,2348.0,612.0,,,,,,,,
38322,30:44.515,1,1855.0,380.0,2052.0,620.0,,,,,,,,
38337,30:45.015,1,1846.0,343.0,2045.0,582.0,,,,,,,,
38352,30:45.515,1,1798.0,342.0,1991.0,579.0,,,,,,,,
38367,30:46.017,1,1798.0,349.0,1991.0,589.0,,,,,,,,
38382,30:46.517,1,1774.0,368.0,1964.0,605.0,,,,,,,,
38397,30:47.017,1,1759.0,402.0,1945.0,632.0,,,,,,,,
38412,30:47.517,1,1750.0,404.0,1936.0,630.0,,,,,,,,
38427,30:48.017,1,1596.0,461.0,1766.0,674.0,,,,,,,,
38442,30:48.517,1,1601.0,476.0,1770.0,689.0,,,,,,,,
38457,30:49.017,2,1554.0,357.0,1721.0,574.0,2231.0,377.0,2455.0,668.0,,,,
38472,30:49.517,2,1824.0,173.0,2030.0,453.0,1225.0,171.0,1386.0,362.0,,,,
38487,30:50.018,2,1644.0,236.0,1832.0,513.0,1069.0,181.0,1225.0,394.0,,,,
38502,30:50.518,3,1497.0,431.0,1658.0,645.0,955.0,406.0,1120.0,651.0,314.0,216.0,513.0,455.0
38518,30:51.018,3,699.0,427.0,875.0,679.0,1244.0,446.0,1395.0,662.0,-48.0,212.0,187.0,473.0
38533,30:51.518,2,481.0,408.0,673.0,671.0,1031.0,451.0,1186.0,657.0,,,,
38548,30:52.018,2,362.0,396.0,566.0,666.0,920.0,489.0,1078.0,684.0,,,,
38563,30:52.518,2,299.0,279.0,512.0,562.0,887.0,405.0,1047.0,612.0,,,,
38578,30:53.018,2,388.0,123.0,601.0,323.0,994.0,164.0,1162.0,348.0,,,,
38593,30:53.518,1,608.0,295.0,778.0,528.0,,,,,,,,
38608,30:54.020,1,470.0,287.0,654.0,536.0,,,,,,,,
38623,30:54.520,1,406.0,297.0,599.0,543.0,,,,,,,,
38638,30:55.020,1,447.0,313.0,635.0,556.0,,,,,,,,
38653,30:55.520,1,498.0,331.0,682.0,570.0,,,,,,,,
38668,30:56.020,1,512.0,296.0,694.0,543.0,,,,,,,,
38683,30:56.520,1,464.0,156.0,655.0,359.0,,,,,,,,
38698,30:57.020,1,513.0,164.0,692.0,362.0,,,,,,,,
38713,30:57.520,1,552.0,173.0,716.0,381.0,,,,,,,,
38728,30:58.022,1,562.0,196.0,725.0,421.0,,,,,,,,
38743,30:58.522,1,607.0,307.0,769.0,516.0,,,,,,,,
38758,30:59.022,1,618.0,396.0,778.0,575.0,,,,,,,,
38773,30:59.522,1,585.0,453.0,759.0,629.0,,,,,,,,
38788,31:00.022,1,451.0,505.0,633.0,666.0,,,,,,,,
38803,31:00.522,1,463.0,518.0,646.0,697.0,,,,,,,,
38818,31:01.022,1,469.0,477.0,655.0,693.0,,,,,,,,
38833,31:01.522,1,494.0,429.0,674.0,664.0,,,,,,,,
38848,31:02.023,1,493.0,411.0,674.0,644.0,,,,,,,,
38863,31:02.523,1,501.0,392.0,683.0,623.0,,,,,,,,
38878,31:03.023,2,578.0,374.0,753.0,604.0,-101.0,306.0,137.0,609.0,,,,
38893,31:03.515,2,180.0,237.0,407.0,522.0,819.0,293.0,977.0,518.0,,,,
38908,31:04.015,2,64.0,223.0,314.0,515.0,748.0,285.0,908.0,510.0,,,,
38923,31:04.515,1,51.0,183.0,280.0,449.0,,,,,,,,
38938,31:05.015,0,,,,,,,,,,,,
38953,31:05.515,0,,,,,,,,,,,,
38968,31:06.017,0,,,,,,,,,,,,
38983,31:06.517,2,602.0,374.0,775.0,604.0,-109.0,260.0,130.0,581.0,,,,
38998,31:07.017,2,284.0,324.0,507.0,601.0,888.0,389.0,1040.0,609.0,,,,
39013,31:07.517,2,216.0,381.0,445.0,657.0,811.0,429.0,968.0,651.0,,,,
39028,31:08.017,2,326.0,324.0,539.0,593.0,876.0,356.0,1033.0,576.0,,,,
39043,31:08.517,2,371.0,298.0,580.0,571.0,918.0,326.0,1071.0,546.0,,,,
39058,31:09.017,2,393.0,303.0,600.0,575.0,936.0,351.0,1086.0,570.0,,,,
39073,31:09.517,2,404.0,306.0,608.0,576.0,939.0,353.0,1090.0,569.0,,,,
39088,31:10.018,2,564.0,313.0,755.0,575.0,1074.0,358.0,1221.0,575.0,,,,
39103,31:10.518,2,522.0,304.0,718.0,578.0,1077.0,359.0,1222.0,571.0,,,,
39118,31:11.018,2,524.0,303.0,720.0,578.0,1079.0,383.0,1237.0,590.0,,,,
39133,31:11.518,2,518.0,297.0,713.0,573.0,1104.0,420.0,1251.0,608.0,,,,
39148,31:12.018,2,460.0,309.0,666.0,587.0,1070.0,430.0,1221.0,619.0,,,,
39163,31:12.518,0,,,,,,,,,,,,
39178,31:13.018,1,106.0,151.0,335.0,371.0,,,,,,,,
39193,31:13.518,2,709.0,173.0,880.0,389.0,-65.0,180.0,192.0,486.0,,,,
39208,31:14.020,2,814.0,168.0,970.0,387.0,47.0,200.0,313.0,501.0,,,,
39223,31:14.520,2,742.0,164.0,913.0,372.0,6.0,210.0,279.0,517.0,,,,
39238,31:15.020,2,162.0,356.0,400.0,630.0,805.0,270.0,974.0,509.0,,,,
39253,31:15.520,2,179.0,519.0,411.0,786.0,820.0,449.0,981.0,671.0,,,,
39268,31:16.020,2,252.0,734.0,472.0,992.0,874.0,683.0,1030.0,892.0,,,,
39283,31:16.520,2,269.0,778.0,488.0,1033.0,890.0,727.0,1044.0,939.0,,,,
39298,31:17.020,2,277.0,780.0,493.0,1032.0,893.0,713.0,1048.0,924.0,,,,
39313,31:17.520,2,280.0,767.0,494.0,1028.0,896.0,703.0,1050.0,915.0,,,,
39328,31:18.022,2,280.0,751.0,494.0,1020.0,899.0,701.0,1052.0,910.0,,,,
39343,31:18.522,2,305.0,845.0,516.0,1052.0,893.0,704.0,1046.0,911.0,,,,
39358,31:19.022,2,340.0,850.0,539.0,1057.0,904.0,732.0,1057.0,940.0,,,,
39373,31:19.522,2,368.0,831.0,567.0,1048.0,916.0,735.0,1070.0,942.0,,,,
39388,31:20.022,3,1933.0,695.0,2126.0,904.0,1397.0,773.0,1562.0,976.0,861.0,643.0,1015.0,848.0
39403,31:20.522,1,1736.0,499.0,1916.0,734.0,,,,,,,,
39418,31:21.022,3,708.0,478.0,879.0,696.0,1241.0,422.0,1392.0,633.0,-43.0,251.0,195.0,529.0
39433,31:21.522,2,440.0,481.0,638.0,711.0,1015.0,379.0,1171.0,599.0,,,,
39448,31:22.023,2,397.0,419.0,599.0,661.0,975.0,331.0,1134.0,553.0,,,,
39463,31:22.523,2,354.0,380.0,561.0,628.0,931.0,315.0,1091.0,533.0,,,,
39478,31:23.015,2,477.0,196.0,683.0,488.0,1046.0,229.0,1202.0,451.0,,,,
39493,31:23.515,2,524.0,165.0,727.0,434.0,1091.0,205.0,1244.0,427.0,,,,
39508,31:24.015,2,518.0,174.0,717.0,459.0,1076.0,221.0,1233.0,442.0,,,,
39523,31:24.515,2,486.0,178.0,687.0,459.0,1074.0,222.0,1228.0,444.0,,,,
39538,31:25.015,2,462.0,171.0,666.0,453.0,1075.0,204.0,1230.0,431.0,,,,
39553,31:25.515,2,464.0,169.0,668.0,449.0,1104.0,189.0,1255.0,414.0,,,,
39568,31:26.017,1,251.0,31.0,490.0,321.0,,,,,,,,
39583,31:26.517,1,86.0,137.0,300.0,412.0,,,,,,,,
39599,31:27.017,1,855.0,201.0,1010.0,417.0,,,,,,,,
39614,31:27.517,1,636.0,267.0,802.0,489.0,,,,,,,,
39629,31:28.017,1,459.0,306.0,637.0,534.0,,,,,,,,
39644,31:28.517,1,431.0,305.0,610.0,536.0,,,,,,,,
39659,31:29.017,1,423.0,311.0,604.0,537.0,,,,,,,,
39674,31:29.518,1,422.0,338.0,605.0,570.0,,,,,,,,
39689,31:30.018,1,453.0,368.0,634.0,595.0,,,,,,,,
39704,31:30.518,1,450.0,408.0,609.0,626.0,,,,,,,,
39719,31:31.018,0,,,,,,,,,,,,
39734,31:31.518,1,634.0,449.0,785.0,665.0,,,,,,,,
39749,31:32.018,2,392.0,360.0,595.0,634.0,931.0,461.0,1068.0,663.0,,,,
39764,31:32.518,2,503.0,333.0,683.0,536.0,975.0,435.0,1092.0,639.0,,,,
39779,31:33.018,2,521.0,350.0,705.0,559.0,1008.0,449.0,1116.0,651.0,,,,
39794,31:33.520,2,380.0,293.0,585.0,522.0,1030.0,373.0,1143.0,581.0,,,,
39809,31:34.020,2,353.0,285.0,564.0,523.0,988.0,350.0,1131.0,569.0,,,,
39824,31:34.520,2,338.0,319.0,546.0,543.0,959.0,366.0,1104.0,587.0,,,,
39839,31:35.020,2,341.0,380.0,553.0,639.0,962.0,429.0,1108.0,645.0,,,,
39854,31:35.520,2,380.0,387.0,587.0,660.0,1026.0,428.0,1173.0,637.0,,,,
39869,31:36.020,2,361.0,345.0,569.0,613.0,973.0,371.0,1133.0,596.0,,,,
39884,31:36.520,2,322.0,311.0,539.0,591.0,948.0,339.0,1110.0,569.0,,,,
39899,31:37.020,2,327.0,271.0,535.0,549.0,941.0,311.0,1102.0,538.0,,,,
39914,31:37.522,2,357.0,269.0,566.0,547.0,954.0,331.0,1112.0,556.0,,,,
39929,31:38.022,2,406.0,285.0,617.0,568.0,970.0,343.0,1130.0,571.0,,,,
39944,31:38.522,2,489.0,313.0,676.0,586.0,971.0,347.0,1130.0,569.0,,,,
39959,31:39.022,2,1107.0,349.0,1261.0,569.0,750.0,348.0,873.0,586.0,,,,
39974,31:39.522,3,1512.0,291.0,1678.0,523.0,232.0,202.0,440.0,447.0,1164.0,316.0,1273.0,542.0
39989,31:40.022,2,1193.0,286.0,1346.0,512.0,815.0,287.0,940.0,526.0,,,,
40004,31:40.522,2,1106.0,284.0,1261.0,513.0,723.0,285.0,846.0,531.0,,,,
40019,31:41.022,2,1095.0,282.0,1254.0,519.0,680.0,279.0,829.0,534.0,,,,
40034,31:41.523,2,608.0,278.0,794.0,549.0,1092.0,307.0,1247.0,533.0,,,,
40049,31:42.023,2,554.0,277.0,755.0,548.0,1082.0,327.0,1237.0,551.0,,,,
40064,31:42.523,2,582.0,267.0,778.0,548.0,1100.0,312.0,1256.0,541.0,,,,
40079,31:43.023,2,589.0,238.0,783.0,517.0,1101.0,317.0,1257.0,543.0,,,,
40094,31:43.515,2,545.0,210.0,746.0,494.0,1077.0,323.0,1229.0,547.0,,,,
40109,31:44.015,3,469.0,212.0,647.0,497.0,1031.0,314.0,1187.0,545.0,-83.0,144.0,135.0,379.0
40124,31:44.515,2,256.0,246.0,440.0,541.0,879.0,332.0,1039.0,562.0,,,,
40139,31:45.015,2,121.0,287.0,323.0,587.0,776.0,345.0,937.0,574.0,,,,
40154,31:45.517,2,76.0,295.0,282.0,601.0,717.0,339.0,868.0,569.0,,,,
40169,31:46.017,2,54.0,282.0,268.0,595.0,684.0,329.0,838.0,566.0,,,,
40184,31:46.517,2,107.0,289.0,312.0,587.0,694.0,319.0,845.0,568.0,,,,
40190,31:47.500,2,124.0,312.0,332.0,609.0,707.0,340.0,849.0,578.0,,,,
40191,31:47.517,2,469.0,404.0,670.0,675.0,929.0,428.0,1064.0,649.0,,,,
40206,31:48.017,1,1735.0,360.0,1934.0,603.0,,,,,,,,
40221,31:48.517,1,1942.0,310.0,2166.0,560.0,,,,,,,,
40236,31:49.017,1,2208.0,297.0,2440.0,559.0,,,,,,,,
40251,31:49.518,0,,,,,,,,,,,,
40266,31:50.018,0,,,,,,,,,,,,
40281,31:50.518,0,,,,,,,,,,,,
40296,31:51.018,0,,,,,,,,,,,,
40311,31:51.518,0,,,,,,,,,,,,
40326,31:52.018,2,2025.0,335.0,2258.0,632.0,1481.0,290.0,1660.0,529.0,,,,
40341,31:52.518,3,629.0,382.0,813.0,640.0,55.0,186.0,269.0,457.0,1118.0,432.0,1248.0,630.0
40356,31:53.018,0,,,,,,,,,,,,
40371,31:53.520,0,,,,,,,,,,,,
40386,31:54.020,0,,,,,,,,,,,,
40401,31:54.520,0,,,,,,,,,,,,
40416,31:55.020,0,,,,,,,,,,,,
40431,31:55.520,0,,,,,,,,,,,,
40446,31:56.020,0,,,,,,,,,,,,
40461,31:56.520,0,,,,,,,,,,,,
40476,31:57.020,0,,,,,,,,,,,,
40491,31:57.522,0,,,,,,,,,,,,
40506,31:58.022,0,,,,,,,,,,,,
40521,31:58.522,0,,,,,,,,,,,,
40536,31:59.022,0,,,,,,,,,,,,
40551,31:59.522,0,,,,,,,,,,,,
40566,32:00.022,0,,,,,,,,,,,,
40581,32:00.522,0,,,,,,,,,,,,
40596,32:01.022,0,,,,,,,,,,,,
40611,32:01.523,0,,,,,,,,,,,,
40626,32:02.023,0,,,,,,,,,,,,
40641,32:02.523,0,,,,,,,,,,,,
40656,32:03.023,0,,,,,,,,,,,,
40671,32:03.515,0,,,,,,,,,,,,
40686,32:04.015,0,,,,,,,,,,,,
40701,32:04.515,0,,,,,,,,,,,,
40716,32:05.015,0,,,,,,,,,,,,
40731,32:05.517,0,,,,,,,,,,,,
40746,32:06.017,0,,,,,,,,,,,,
40761,32:06.517,3,447.0,455.0,602.0,674.0,1675.0,753.0,1832.0,888.0,1139.0,615.0,1244.0,834.0
40776,32:07.017,2,570.0,529.0,716.0,738.0,1817.0,748.0,1968.0,887.0,,,,
40791,32:07.517,2,707.0,519.0,859.0,718.0,1989.0,649.0,2128.0,820.0,,,,
40806,32:08.017,2,745.0,531.0,898.0,728.0,2051.0,575.0,2169.0,768.0,,,,
40821,32:08.517,2,413.0,488.0,586.0,712.0,1698.0,586.0,1800.0,770.0,,,,
40836,32:09.017,2,44.0,394.0,255.0,636.0,1431.0,592.0,1527.0,766.0,,,,
40851,32:09.518,1,1141.0,590.0,1239.0,758.0,,,,,,,,
40866,32:10.018,1,1290.0,600.0,1389.0,773.0,,,,,,,,
40881,32:10.518,2,104.0,430.0,300.0,658.0,1581.0,607.0,1680.0,783.0,,,,
40896,32:11.018,2,813.0,583.0,956.0,777.0,1547.0,674.0,1653.0,865.0,,,,
40911,32:11.518,3,818.0,574.0,965.0,775.0,2237.0,601.0,2365.0,820.0,1477.0,656.0,1589.0,859.0
40926,32:12.018,3,853.0,574.0,1005.0,776.0,2170.0,586.0,2318.0,806.0,1472.0,641.0,1578.0,845.0
40941,32:12.518,3,849.0,548.0,1007.0,751.0,1384.0,581.0,1519.0,810.0,2096.0,569.0,2241.0,785.0
40956,32:13.018,3,770.0,490.0,934.0,694.0,1202.0,551.0,1354.0,783.0,1914.0,570.0,2048.0,781.0
40971,32:13.520,3,1164.0,545.0,1324.0,775.0,776.0,481.0,942.0,674.0,1782.0,530.0,1933.0,752.0
40985,32:14.012,3,975.0,538.0,1135.0,768.0,513.0,441.0,693.0,644.0,1491.0,529.0,1649.0,746.0
41001,32:14.520,3,532.0,534.0,707.0,785.0,1602.0,569.0,1741.0,767.0,-36.0,417.0,182.0,654.0
41016,32:15.020,3,604.0,644.0,772.0,882.0,150.0,557.0,344.0,778.0,1709.0,651.0,1856.0,858.0
41031,32:15.520,3,625.0,647.0,793.0,882.0,212.0,565.0,396.0,785.0,1760.0,634.0,1908.0,842.0
41046,32:16.020,2,1272.0,650.0,1424.0,877.0,885.0,615.0,1030.0,839.0,,,,
41061,32:16.520,2,1500.0,579.0,1662.0,814.0,1103.0,590.0,1251.0,814.0,,,,
41076,32:17.020,2,1407.0,571.0,1568.0,798.0,1108.0,581.0,1258.0,809.0,,,,
41091,32:17.522,2,1352.0,590.0,1512.0,813.0,1082.0,592.0,1234.0,809.0,,,,
41106,32:18.022,2,1421.0,583.0,1581.0,814.0,1055.0,591.0,1201.0,793.0,,,,
41121,32:18.522,2,1744.0,528.0,1924.0,773.0,1304.0,562.0,1451.0,766.0,,,,
41136,32:19.022,2,1666.0,526.0,1840.0,768.0,1303.0,548.0,1452.0,753.0,,,,
41151,32:19.522,2,1062.0,514.0,1220.0,740.0,740.0,484.0,895.0,694.0,,,,
41166,32:20.022,3,2066.0,457.0,2248.0,685.0,874.0,491.0,1034.0,726.0,510.0,452.0,682.0,672.0
41181,32:20.522,3,1955.0,419.0,2128.0,652.0,784.0,443.0,947.0,683.0,400.0,396.0,581.0,616.0
41196,32:21.022,3,1976.0,421.0,2149.0,655.0,420.0,392.0,599.0,610.0,801.0,440.0,966.0,681.0
41211,32:21.523,3,805.0,460.0,966.0,699.0,1965.0,434.0,2135.0,665.0,424.0,412.0,601.0,634.0
41226,32:22.015,3,834.0,479.0,993.0,717.0,1989.0,465.0,2161.0,686.0,459.0,438.0,632.0,652.0
41241,32:22.515,3,857.0,488.0,1016.0,720.0,2019.0,474.0,2194.0,695.0,490.0,444.0,661.0,653.0
41256,32:23.015,3,2045.0,479.0,2227.0,707.0,876.0,492.0,1033.0,724.0,511.0,441.0,679.0,655.0
41271,32:23.515,3,2046.0,482.0,2227.0,707.0,877.0,499.0,1033.0,728.0,512.0,450.0,679.0,660.0
41286,32:24.015,3,2044.0,483.0,2224.0,711.0,872.0,495.0,1029.0,725.0,506.0,454.0,676.0,662.0
41301,32:24.515,3,2023.0,480.0,2201.0,709.0,863.0,496.0,1020.0,728.0,487.0,449.0,655.0,649.0
41316,32:25.015,3,858.0,500.0,1016.0,733.0,2013.0,482.0,2191.0,708.0,476.0,459.0,646.0,670.0
41331,32:25.517,3,1996.0,488.0,2175.0,714.0,857.0,501.0,1014.0,733.0,481.0,458.0,649.0,668.0
41346,32:26.017,3,841.0,501.0,997.0,732.0,1960.0,500.0,2136.0,728.0,455.0,456.0,626.0,669.0
41361,32:26.517,3,848.0,502.0,1003.0,732.0,1966.0,510.0,2141.0,732.0,457.0,457.0,626.0,662.0
41376,32:27.017,3,1968.0,506.0,2142.0,728.0,844.0,467.0,996.0,698.0,456.0,454.0,627.0,661.0
41391,32:27.517,3,1956.0,484.0,2130.0,709.0,845.0,463.0,998.0,691.0,446.0,460.0,618.0,669.0
41406,32:28.017,3,824.0,514.0,983.0,752.0,1938.0,483.0,2106.0,698.0,432.0,469.0,606.0,677.0
41421,32:28.517,3,834.0,527.0,998.0,767.0,1970.0,512.0,2136.0,728.0,456.0,472.0,626.0,680.0
41436,32:29.017,3,839.0,527.0,1003.0,773.0,1974.0,511.0,2143.0,727.0,460.0,468.0,630.0,674.0
41451,32:29.518,3,838.0,537.0,1005.0,786.0,1973.0,515.0,2140.0,732.0,461.0,473.0,630.0,681.0
41466,32:30.018,3,840.0,539.0,1006.0,789.0,1974.0,511.0,2143.0,726.0,462.0,473.0,631.0,679.0
41481,32:30.518,3,837.0,543.0,1002.0,793.0,1972.0,512.0,2139.0,730.0,460.0,472.0,630.0,682.0
41496,32:31.018,3,827.0,551.0,994.0,801.0,444.0,485.0,616.0,696.0,1953.0,520.0,2118.0,737.0
41511,32:31.518,3,837.0,551.0,1002.0,805.0,451.0,483.0,622.0,695.0,1959.0,525.0,2128.0,740.0
41526,32:32.018,3,831.0,551.0,998.0,804.0,449.0,479.0,619.0,693.0,1956.0,509.0,2122.0,729.0
41541,32:32.518,3,828.0,552.0,995.0,803.0,444.0,477.0,617.0,692.0,1953.0,501.0,2119.0,715.0
41556,32:33.018,3,833.0,558.0,1000.0,811.0,449.0,484.0,620.0,696.0,1958.0,511.0,2124.0,721.0
41571,32:33.520,3,836.0,559.0,1002.0,814.0,455.0,487.0,625.0,700.0,1960.0,513.0,2128.0,726.0
41586,32:34.020,3,832.0,558.0,998.0,812.0,462.0,488.0,631.0,698.0,1950.0,507.0,2114.0,712.0
41601,32:34.520,3,827.0,556.0,994.0,809.0,445.0,479.0,617.0,692.0,1957.0,497.0,2117.0,685.0
41616,32:35.020,3,826.0,555.0,993.0,806.0,439.0,483.0,613.0,694.0,1963.0,493.0,2123.0,678.0
41631,32:35.520,3,830.0,561.0,995.0,814.0,446.0,493.0,615.0,699.0,1938.0,513.0,2089.0,725.0
41646,32:36.020,3,817.0,560.0,980.0,810.0,425.0,488.0,596.0,702.0,1896.0,520.0,2041.0,737.0
41661,32:36.520,3,809.0,570.0,976.0,819.0,423.0,498.0,595.0,709.0,1865.0,538.0,1995.0,756.0
41676,32:37.020,3,802.0,599.0,967.0,851.0,417.0,530.0,590.0,745.0,1855.0,575.0,1971.0,781.0
41691,32:37.522,2,779.0,592.0,945.0,842.0,394.0,518.0,568.0,731.0,,,,
41706,32:38.022,2,1063.0,557.0,1221.0,802.0,714.0,507.0,866.0,706.0,,,,
41721,32:38.522,2,908.0,539.0,1066.0,783.0,534.0,478.0,699.0,694.0,,,,
41737,32:39.022,3,833.0,453.0,997.0,699.0,442.0,365.0,617.0,588.0,1998.0,395.0,2111.0,612.0
41752,32:39.522,3,749.0,260.0,921.0,523.0,1903.0,236.0,2055.0,446.0,312.0,187.0,505.0,403.0
41767,32:40.022,3,1902.0,176.0,2079.0,390.0,745.0,175.0,919.0,448.0,300.0,144.0,491.0,332.0
41782,32:40.522,3,1854.0,166.0,2021.0,383.0,734.0,183.0,909.0,452.0,291.0,149.0,481.0,346.0
41798,32:41.022,3,703.0,245.0,878.0,510.0,1794.0,232.0,1953.0,455.0,245.0,178.0,449.0,414.0
41813,32:41.515,3,722.0,264.0,895.0,524.0,1818.0,252.0,1977.0,473.0,278.0,186.0,474.0,426.0
41828,32:42.015,3,799.0,291.0,968.0,545.0,1749.0,261.0,1911.0,483.0,361.0,207.0,553.0,437.0
41843,32:42.515,3,1018.0,404.0,1179.0,644.0,1564.0,360.0,1724.0,575.0,614.0,322.0,794.0,545.0
41858,32:43.015,3,1046.0,397.0,1204.0,634.0,1583.0,356.0,1746.0,570.0,641.0,314.0,821.0,541.0
41873,32:43.515,3,1049.0,385.0,1208.0,629.0,652.0,297.0,829.0,526.0,1590.0,341.0,1752.0,558.0
41888,32:44.015,3,1056.0,381.0,1214.0,622.0,662.0,291.0,841.0,523.0,1596.0,333.0,1759.0,554.0
41903,32:44.515,3,1059.0,384.0,1218.0,623.0,670.0,294.0,850.0,522.0,1600.0,342.0,1762.0,558.0
41918,32:45.017,3,1059.0,383.0,1217.0,622.0,668.0,291.0,849.0,521.0,1599.0,339.0,1761.0,555.0
41933,32:45.517,3,1055.0,418.0,1213.0,657.0,1591.0,366.0,1754.0,591.0,669.0,333.0,846.0,555.0
41948,32:46.017,3,1053.0,415.0,1213.0,655.0,1590.0,364.0,1754.0,587.0,670.0,326.0,847.0,550.0
41963,32:46.517,3,1045.0,421.0,1204.0,658.0,663.0,331.0,839.0,553.0,1580.0,367.0,1744.0,588.0
41978,32:47.017,3,1054.0,418.0,1212.0,657.0,1581.0,369.0,1745.0,592.0,677.0,335.0,855.0,562.0
41993,32:47.517,3,1057.0,431.0,1213.0,670.0,653.0,366.0,836.0,599.0,1580.0,379.0,1743.0,605.0
42008,32:48.017,3,650.0,374.0,831.0,609.0,1582.0,390.0,1745.0,619.0,1048.0,453.0,1206.0,695.0
42023,32:48.517,3,1596.0,414.0,1757.0,634.0,660.0,386.0,840.0,619.0,1042.0,468.0,1201.0,703.0
42038,32:49.018,3,1618.0,447.0,1785.0,671.0,1062.0,511.0,1219.0,745.0,697.0,428.0,871.0,652.0
42053,32:49.518,3,1075.0,531.0,1229.0,762.0,1633.0,460.0,1799.0,679.0,713.0,459.0,887.0,674.0
42068,32:50.018,3,1059.0,542.0,1215.0,773.0,1629.0,473.0,1791.0,688.0,703.0,465.0,875.0,698.0
42083,32:50.518,3,1651.0,479.0,1817.0,700.0,1082.0,552.0,1236.0,786.0,731.0,433.0,907.0,662.0
42098,32:51.018,3,1068.0,607.0,1221.0,838.0,1632.0,539.0,1797.0,763.0,721.0,444.0,899.0,627.0
42113,32:51.518,2,983.0,666.0,1142.0,905.0,1554.0,630.0,1713.0,853.0,,,,
42129,32:52.018,0,,,,,,,,,,,,
42152,32:52.652,0,,,,,,,,,,,,
42163,32:53.012,0,,,,,,,,,,,,
42193,32:53.512,0,,,,,,,,,,,,
