frame,time,actual_video_time,faces_detected_count,face_0_tl_x,face_0_tl_y,face_0_br_x,face_0_br_y,face_1_tl_x,face_1_tl_y,face_1_br_x,face_1_br_y
19294,10:43.000,10:43.015,2,499.0,661.0,684.0,899.0,980.0,800.0,1141.0,995.0
19309,10:43.500,10:43.515,2,499.0,655.0,684.0,894.0,979.0,796.0,1139.0,991.0
19324,10:44.000,10:44.015,1,503.0,657.0,679.0,889.0,,,,
19339,10:44.500,10:44.515,1,503.0,656.0,679.0,883.0,,,,
19354,10:45.000,10:45.015,1,498.0,655.0,678.0,886.0,,,,
19369,10:45.500,10:45.515,1,498.0,660.0,676.0,894.0,,,,
19385,10:46.000,10:46.015,1,498.0,656.0,676.0,892.0,,,,
19400,10:46.500,10:46.515,1,494.0,654.0,674.0,891.0,,,,
19415,10:47.000,10:47.017,1,492.0,648.0,672.0,889.0,,,,
19430,10:47.500,10:47.517,2,503.0,642.0,681.0,887.0,989.0,787.0,1138.0,990.0
19446,10:48.000,10:48.017,2,538.0,633.0,713.0,872.0,1018.0,760.0,1177.0,970.0
19461,10:48.500,10:48.517,2,519.0,655.0,698.0,902.0,1006.0,785.0,1164.0,998.0
19476,10:49.000,10:49.017,2,579.0,650.0,750.0,889.0,1037.0,785.0,1196.0,996.0
19491,10:49.500,10:49.517,2,570.0,621.0,742.0,859.0,1051.0,765.0,1210.0,978.0
19506,10:50.000,10:50.017,2,615.0,610.0,787.0,844.0,1074.0,746.0,1233.0,960.0
19521,10:50.500,10:50.517,2,1058.0,754.0,1216.0,965.0,617.0,686.0,788.0,896.0
19536,10:51.000,10:51.018,2,1038.0,763.0,1195.0,972.0,583.0,722.0,758.0,926.0
19551,10:51.500,10:51.518,2,1009.0,761.0,1169.0,974.0,546.0,731.0,723.0,940.0
19566,10:52.000,10:52.018,2,520.0,686.0,707.0,945.0,987.0,762.0,1145.0,976.0
19581,10:52.500,10:52.518,2,547.0,679.0,735.0,932.0,996.0,760.0,1158.0,978.0
19596,10:53.000,10:53.018,2,987.0,766.0,1148.0,985.0,557.0,681.0,745.0,931.0
19611,10:53.500,10:53.518,2,991.0,769.0,1152.0,986.0,562.0,679.0,749.0,927.0
19626,10:54.000,10:54.018,2,994.0,768.0,1156.0,987.0,563.0,680.0,749.0,926.0
19641,10:54.500,10:54.518,2,994.0,777.0,1155.0,992.0,560.0,679.0,747.0,926.0
19656,10:55.000,10:55.020,2,994.0,777.0,1155.0,995.0,560.0,680.0,747.0,928.0
19671,10:55.500,10:55.520,2,996.0,780.0,1158.0,998.0,563.0,687.0,749.0,934.0
19686,10:56.000,10:56.020,2,999.0,782.0,1161.0,999.0,565.0,688.0,750.0,937.0
19701,10:56.500,10:56.520,2,1003.0,778.0,1163.0,996.0,568.0,685.0,755.0,935.0
19716,10:57.000,10:57.020,2,1003.0,775.0,1163.0,994.0,567.0,685.0,757.0,933.0
19731,10:57.500,10:57.520,2,1003.0,778.0,1163.0,995.0,568.0,685.0,756.0,935.0
19746,10:58.000,10:58.020,2,1007.0,780.0,1165.0,994.0,567.0,689.0,751.0,936.0
19761,10:58.500,10:58.520,2,565.0,687.0,750.0,935.0,1039.0,783.0,1189.0,992.0
19776,10:59.000,10:59.012,2,569.0,687.0,754.0,937.0,1075.0,786.0,1203.0,990.0
19791,10:59.500,10:59.513,2,569.0,686.0,755.0,938.0,1080.0,792.0,1212.0,997.0
19806,11:00.000,11:00.013,2,572.0,685.0,758.0,939.0,1081.0,794.0,1212.0,998.0
19821,11:00.500,11:00.513,2,571.0,682.0,757.0,933.0,1081.0,791.0,1212.0,996.0
19836,11:01.000,11:01.013,2,575.0,653.0,757.0,905.0,1084.0,791.0,1217.0,990.0
19851,11:01.500,11:01.513,2,605.0,672.0,785.0,918.0,1114.0,800.0,1247.0,1001.0
19866,11:02.000,11:02.013,2,639.0,665.0,819.0,911.0,1133.0,788.0,1269.0,988.0
19881,11:02.500,11:02.513,2,630.0,666.0,809.0,911.0,1074.0,768.0,1233.0,983.0
19896,11:03.000,11:03.013,2,628.0,662.0,808.0,909.0,1079.0,761.0,1237.0,974.0
19911,11:03.500,11:03.515,2,632.0,645.0,808.0,888.0,1086.0,766.0,1244.0,982.0
19926,11:04.000,11:04.015,2,609.0,664.0,787.0,909.0,1096.0,770.0,1255.0,987.0
19941,11:04.500,11:04.515,2,621.0,659.0,799.0,906.0,1100.0,768.0,1259.0,985.0
19956,11:05.000,11:05.015,2,629.0,651.0,808.0,899.0,1101.0,768.0,1260.0,985.0
19971,11:05.500,11:05.515,2,640.0,653.0,818.0,900.0,1098.0,765.0,1258.0,981.0
19986,11:06.000,11:06.015,2,639.0,655.0,817.0,900.0,1098.0,752.0,1257.0,965.0
20001,11:06.500,11:06.515,2,639.0,658.0,817.0,901.0,1092.0,749.0,1251.0,944.0
20016,11:07.000,11:07.015,2,711.0,665.0,883.0,905.0,1159.0,753.0,1317.0,943.0
20031,11:07.500,11:07.517,2,1372.0,785.0,1535.0,998.0,934.0,682.0,1097.0,915.0
20046,11:08.000,11:08.017,2,1367.0,789.0,1529.0,1006.0,921.0,680.0,1086.0,913.0
20061,11:08.500,11:08.517,2,1357.0,784.0,1519.0,1003.0,911.0,678.0,1077.0,913.0
20076,11:09.000,11:09.017,2,903.0,672.0,1067.0,909.0,1349.0,779.0,1512.0,1000.0
20091,11:09.500,11:09.517,2,902.0,652.0,1065.0,887.0,1349.0,784.0,1510.0,1004.0
20106,11:10.000,11:10.017,2,894.0,658.0,1057.0,893.0,1336.0,783.0,1498.0,1003.0
20121,11:10.500,11:10.517,2,1325.0,785.0,1487.0,1008.0,889.0,675.0,1056.0,916.0
20136,11:11.000,11:11.017,2,1316.0,787.0,1476.0,1008.0,877.0,682.0,1045.0,922.0
20151,11:11.500,11:11.517,2,1314.0,784.0,1474.0,1006.0,874.0,686.0,1039.0,926.0
20166,11:12.000,11:12.018,2,1313.0,785.0,1473.0,1006.0,864.0,685.0,1031.0,924.0
20181,11:12.500,11:12.518,2,1311.0,784.0,1472.0,1007.0,864.0,684.0,1031.0,925.0
20196,11:13.000,11:13.018,2,867.0,683.0,1034.0,924.0,1310.0,784.0,1470.0,1005.0
20211,11:13.500,11:13.518,2,864.0,686.0,1032.0,924.0,1306.0,786.0,1467.0,1004.0
20226,11:14.000,11:14.018,2,820.0,690.0,989.0,928.0,1266.0,785.0,1427.0,1000.0
20241,11:14.500,11:14.518,2,759.0,685.0,931.0,928.0,1211.0,775.0,1370.0,990.0
20256,11:15.000,11:15.018,2,743.0,686.0,917.0,929.0,1196.0,776.0,1357.0,990.0
20271,11:15.500,11:15.518,2,741.0,688.0,914.0,929.0,1193.0,777.0,1354.0,994.0
20286,11:16.000,11:16.020,2,745.0,690.0,919.0,931.0,1190.0,782.0,1351.0,998.0
20301,11:16.500,11:16.520,2,751.0,671.0,921.0,907.0,1189.0,782.0,1349.0,996.0
20316,11:17.000,11:17.020,2,775.0,702.0,942.0,932.0,1188.0,782.0,1347.0,997.0
20331,11:17.500,11:17.520,2,1183.0,785.0,1341.0,1000.0,798.0,733.0,969.0,963.0
20346,11:18.000,11:18.020,2,1184.0,787.0,1344.0,1002.0,776.0,723.0,946.0,959.0
20361,11:18.500,11:18.512,2,1185.0,787.0,1345.0,1002.0,688.0,673.0,857.0,907.0
20376,11:19.000,11:19.012,2,1184.0,788.0,1344.0,1002.0,627.0,631.0,792.0,857.0
20391,11:19.500,11:19.512,2,614.0,638.0,781.0,864.0,1182.0,787.0,1342.0,1001.0
20406,11:20.000,11:20.013,2,629.0,650.0,796.0,886.0,1174.0,790.0,1332.0,1000.0
20421,11:20.500,11:20.513,2,611.0,652.0,779.0,884.0,1169.0,786.0,1326.0,996.0
20436,11:21.000,11:21.013,2,603.0,638.0,769.0,869.0,1169.0,784.0,1326.0,997.0
20451,11:21.500,11:21.513,2,614.0,656.0,783.0,888.0,1168.0,786.0,1325.0,999.0
20466,11:22.000,11:22.013,2,615.0,662.0,787.0,898.0,1173.0,789.0,1330.0,1000.0
20481,11:22.500,11:22.513,2,613.0,659.0,784.0,893.0,1167.0,787.0,1325.0,999.0
20496,11:23.000,11:23.013,2,608.0,656.0,777.0,891.0,1165.0,782.0,1324.0,1000.0
20511,11:23.500,11:23.513,2,572.0,649.0,744.0,887.0,1130.0,768.0,1292.0,986.0
20526,11:24.000,11:24.013,2,1085.0,758.0,1244.0,970.0,510.0,636.0,687.0,878.0
20541,11:24.500,11:24.515,2,1086.0,741.0,1246.0,956.0,513.0,622.0,690.0,862.0
20556,11:25.000,11:25.015,2,1094.0,733.0,1254.0,950.0,522.0,620.0,698.0,856.0
20571,11:25.500,11:25.515,2,526.0,623.0,703.0,861.0,1103.0,738.0,1263.0,953.0
20586,11:26.000,11:26.015,2,528.0,624.0,703.0,861.0,1110.0,744.0,1269.0,958.0
20602,11:26.500,11:26.515,2,508.0,620.0,685.0,859.0,1111.0,744.0,1270.0,958.0
20617,11:27.000,11:27.015,2,507.0,624.0,686.0,863.0,1112.0,748.0,1271.0,961.0
20632,11:27.500,11:27.515,2,508.0,622.0,685.0,861.0,1113.0,740.0,1271.0,955.0
20647,11:28.000,11:28.015,2,1112.0,738.0,1270.0,953.0,509.0,622.0,686.0,862.0
20662,11:28.500,11:28.517,2,508.0,623.0,687.0,863.0,1111.0,734.0,1267.0,954.0
20677,11:29.000,11:29.017,2,506.0,628.0,684.0,867.0,1111.0,745.0,1268.0,955.0
20692,11:29.500,11:29.517,2,504.0,629.0,682.0,870.0,1112.0,741.0,1269.0,954.0
20707,11:30.000,11:30.017,2,503.0,628.0,680.0,868.0,1113.0,747.0,1271.0,957.0
20722,11:30.500,11:30.517,2,504.0,628.0,682.0,870.0,1114.0,752.0,1273.0,964.0
20737,11:31.000,11:31.017,2,505.0,631.0,682.0,872.0,1114.0,757.0,1273.0,967.0
20752,11:31.500,11:31.517,2,510.0,621.0,687.0,859.0,1112.0,747.0,1270.0,956.0
20767,11:32.000,11:32.017,2,515.0,622.0,689.0,858.0,1105.0,745.0,1266.0,957.0
20782,11:32.500,11:32.517,2,1105.0,744.0,1266.0,957.0,510.0,621.0,686.0,859.0
20797,11:33.000,11:33.018,2,508.0,617.0,684.0,855.0,1107.0,747.0,1267.0,959.0
20812,11:33.500,11:33.518,2,508.0,623.0,685.0,863.0,1112.0,751.0,1271.0,963.0
20827,11:34.000,11:34.018,2,506.0,633.0,683.0,873.0,1110.0,757.0,1269.0,968.0
20842,11:34.500,11:34.518,2,507.0,640.0,684.0,882.0,1110.0,761.0,1269.0,972.0
20857,11:35.000,11:35.018,2,519.0,651.0,695.0,890.0,1123.0,766.0,1283.0,977.0
20872,11:35.500,11:35.518,2,504.0,614.0,682.0,850.0,1109.0,727.0,1268.0,941.0
20887,11:36.000,11:36.018,2,528.0,658.0,704.0,901.0,1125.0,781.0,1285.0,991.0
20902,11:36.500,11:36.518,2,528.0,702.0,700.0,940.0,1120.0,828.0,1279.0,1043.0
20917,11:37.000,11:37.020,2,531.0,685.0,704.0,918.0,1124.0,821.0,1284.0,1031.0
20932,11:37.500,11:37.520,2,530.0,692.0,702.0,935.0,1122.0,818.0,1280.0,1028.0
20947,11:38.000,11:38.012,2,561.0,701.0,733.0,946.0,1145.0,831.0,1302.0,1045.0
20962,11:38.500,11:38.512,2,570.0,699.0,740.0,940.0,1151.0,830.0,1309.0,1045.0
20977,11:39.000,11:39.012,2,592.0,695.0,760.0,935.0,1174.0,827.0,1332.0,1038.0
20992,11:39.500,11:39.512,2,600.0,699.0,767.0,937.0,1183.0,830.0,1341.0,1041.0
21007,11:40.000,11:40.012,2,602.0,693.0,770.0,933.0,1185.0,829.0,1343.0,1037.0
21022,11:40.500,11:40.512,2,604.0,692.0,772.0,928.0,1188.0,826.0,1348.0,1036.0
21037,11:41.000,11:41.013,2,606.0,693.0,775.0,931.0,1189.0,828.0,1349.0,1039.0
21052,11:41.500,11:41.513,2,606.0,697.0,774.0,936.0,1189.0,832.0,1349.0,1044.0
21067,11:42.000,11:42.013,2,610.0,696.0,779.0,932.0,1192.0,827.0,1351.0,1042.0
21082,11:42.500,11:42.513,2,1260.0,838.0,1421.0,1053.0,694.0,698.0,855.0,936.0
21097,11:43.000,11:43.013,2,1368.0,844.0,1532.0,1060.0,812.0,707.0,968.0,936.0
21112,11:43.500,11:43.513,2,1357.0,836.0,1519.0,1050.0,797.0,706.0,955.0,933.0
21127,11:44.000,11:44.013,2,1356.0,833.0,1519.0,1048.0,792.0,702.0,951.0,933.0
21142,11:44.500,11:44.513,2,1353.0,828.0,1515.0,1046.0,787.0,701.0,946.0,928.0
21157,11:45.000,11:45.013,2,1351.0,827.0,1513.0,1046.0,786.0,700.0,950.0,929.0
21172,11:45.500,11:45.515,2,1346.0,823.0,1507.0,1043.0,783.0,692.0,939.0,915.0
21187,11:46.000,11:46.015,2,1343.0,821.0,1504.0,1035.0,773.0,670.0,925.0,892.0
21202,11:46.500,11:46.515,2,783.0,691.0,942.0,923.0,1343.0,815.0,1504.0,1033.0
21217,11:47.000,11:47.015,2,1335.0,812.0,1495.0,1026.0,767.0,701.0,924.0,935.0
21232,11:47.500,11:47.515,2,1335.0,809.0,1495.0,1024.0,771.0,708.0,927.0,939.0
21247,11:48.000,11:48.015,2,1322.0,807.0,1485.0,1020.0,759.0,690.0,916.0,921.0
21262,11:48.500,11:48.515,2,727.0,677.0,889.0,908.0,1298.0,794.0,1459.0,1004.0
21277,11:49.000,11:49.015,2,721.0,664.0,883.0,903.0,1292.0,785.0,1453.0,998.0
21292,11:49.500,11:49.517,2,709.0,661.0,869.0,899.0,1280.0,786.0,1440.0,1000.0
21307,11:50.000,11:50.017,2,701.0,663.0,863.0,902.0,1277.0,781.0,1437.0,995.0
21322,11:50.500,11:50.517,2,1264.0,779.0,1423.0,990.0,689.0,665.0,853.0,904.0
21337,11:51.000,11:51.017,2,684.0,663.0,848.0,899.0,1257.0,776.0,1417.0,988.0
21352,11:51.500,11:51.517,2,675.0,656.0,840.0,893.0,1245.0,769.0,1405.0,982.0
21367,11:52.000,11:52.017,2,663.0,657.0,828.0,892.0,1227.0,764.0,1388.0,981.0
21382,11:52.500,11:52.517,2,669.0,662.0,835.0,896.0,1242.0,770.0,1400.0,986.0
21397,11:53.000,11:53.017,2,662.0,665.0,829.0,902.0,1232.0,767.0,1391.0,987.0
21412,11:53.500,11:53.518,2,664.0,665.0,831.0,898.0,1230.0,769.0,1388.0,988.0
21427,11:54.000,11:54.018,2,648.0,680.0,815.0,916.0,1210.0,783.0,1368.0,1005.0
21442,11:54.500,11:54.518,2,608.0,686.0,778.0,923.0,1174.0,791.0,1331.0,1010.0
21457,11:55.000,11:55.018,2,607.0,686.0,776.0,924.0,1172.0,788.0,1329.0,1002.0
21472,11:55.500,11:55.518,2,600.0,680.0,770.0,917.0,1172.0,780.0,1330.0,994.0
21487,11:56.000,11:56.018,2,587.0,686.0,759.0,923.0,1158.0,778.0,1317.0,996.0
21502,11:56.500,11:56.518,2,588.0,687.0,759.0,923.0,1159.0,781.0,1317.0,994.0
21517,11:57.000,11:57.018,2,585.0,679.0,757.0,919.0,1156.0,773.0,1312.0,985.0
21532,11:57.500,11:57.518,2,585.0,692.0,756.0,929.0,1160.0,786.0,1318.0,1000.0
21547,11:58.000,11:58.020,2,582.0,708.0,752.0,946.0,1158.0,797.0,1314.0,1011.0
21562,11:58.500,11:58.512,2,578.0,728.0,750.0,968.0,1157.0,819.0,1312.0,1030.0
21577,11:59.000,11:59.012,2,542.0,736.0,718.0,978.0,1127.0,818.0,1284.0,1030.0
21592,11:59.500,11:59.512,2,522.0,747.0,699.0,987.0,1110.0,825.0,1267.0,1040.0
21607,12:00.000,12:00.012,2,519.0,747.0,696.0,986.0,1110.0,826.0,1265.0,1040.0
21622,12:00.500,12:00.512,2,509.0,752.0,688.0,994.0,1104.0,833.0,1259.0,1043.0
21637,12:01.000,12:01.012,2,498.0,759.0,677.0,1005.0,1088.0,831.0,1244.0,1046.0
21652,12:01.500,12:01.512,2,499.0,756.0,679.0,1000.0,1090.0,827.0,1248.0,1044.0
21667,12:02.000,12:02.013,2,527.0,740.0,703.0,980.0,1110.0,816.0,1266.0,1032.0
21682,12:02.500,12:02.513,2,518.0,737.0,693.0,972.0,1105.0,813.0,1265.0,1027.0
21697,12:03.000,12:03.013,2,488.0,720.0,666.0,960.0,1084.0,814.0,1241.0,1032.0
21712,12:03.500,12:03.513,2,477.0,584.0,656.0,830.0,1096.0,669.0,1252.0,888.0
21727,12:04.000,12:04.013,2,259.0,566.0,459.0,815.0,932.0,625.0,1089.0,843.0
21742,12:04.500,12:04.513,2,241.0,436.0,441.0,695.0,928.0,528.0,1083.0,754.0
21757,12:05.000,12:05.013,2,279.0,448.0,468.0,689.0,1071.0,577.0,1231.0,801.0
21772,12:05.500,12:05.513,2,1253.0,679.0,1402.0,886.0,257.0,471.0,417.0,704.0
21787,12:06.000,12:06.015,2,393.0,497.0,576.0,746.0,1259.0,740.0,1403.0,938.0
21802,12:06.500,12:06.515,2,570.0,555.0,745.0,792.0,1022.0,643.0,1175.0,842.0
21817,12:07.000,12:07.015,2,565.0,565.0,739.0,802.0,1005.0,632.0,1149.0,827.0
21832,12:07.500,12:07.515,2,569.0,585.0,746.0,823.0,1001.0,645.0,1143.0,842.0
21847,12:08.000,12:08.015,2,564.0,583.0,744.0,828.0,1008.0,646.0,1150.0,844.0
21862,12:08.500,12:08.515,2,577.0,584.0,752.0,817.0,995.0,640.0,1139.0,837.0
21877,12:09.000,12:09.015,2,531.0,627.0,708.0,865.0,961.0,679.0,1107.0,871.0
21892,12:09.500,12:09.515,2,497.0,673.0,679.0,912.0,991.0,740.0,1143.0,945.0
21907,12:10.000,12:10.015,2,531.0,674.0,712.0,916.0,1035.0,760.0,1188.0,965.0
21922,12:10.500,12:10.517,2,544.0,664.0,728.0,911.0,1045.0,767.0,1200.0,977.0
21937,12:11.000,12:11.017,2,519.0,658.0,710.0,912.0,1053.0,770.0,1207.0,979.0
21952,12:11.500,12:11.517,2,526.0,651.0,708.0,895.0,1069.0,769.0,1226.0,978.0
21967,12:12.000,12:12.017,2,548.0,647.0,725.0,892.0,1068.0,766.0,1226.0,977.0
21982,12:12.500,12:12.517,2,572.0,643.0,746.0,884.0,1068.0,764.0,1226.0,972.0
21997,12:13.000,12:13.017,2,562.0,639.0,736.0,878.0,1067.0,761.0,1226.0,971.0
22012,12:13.500,12:13.517,2,559.0,638.0,735.0,876.0,1064.0,766.0,1224.0,972.0
22027,12:14.000,12:14.017,2,564.0,637.0,738.0,873.0,1041.0,759.0,1200.0,972.0
22042,12:14.500,12:14.518,2,565.0,639.0,739.0,876.0,1038.0,754.0,1197.0,969.0
22057,12:15.000,12:15.018,2,564.0,637.0,738.0,870.0,1041.0,746.0,1197.0,959.0
22072,12:15.500,12:15.518,2,561.0,635.0,736.0,868.0,1041.0,740.0,1198.0,956.0
22087,12:16.000,12:16.018,2,560.0,634.0,734.0,866.0,1042.0,738.0,1198.0,953.0
22102,12:16.500,12:16.518,2,556.0,634.0,731.0,869.0,1044.0,739.0,1199.0,952.0
22117,12:17.000,12:17.018,2,551.0,639.0,724.0,875.0,1054.0,740.0,1212.0,952.0
22132,12:17.500,12:17.518,2,551.0,640.0,725.0,878.0,1053.0,741.0,1212.0,955.0
22147,12:18.000,12:18.018,2,543.0,647.0,717.0,885.0,1045.0,742.0,1205.0,956.0
22162,12:18.500,12:18.520,2,543.0,655.0,718.0,892.0,1055.0,747.0,1214.0,962.0
22177,12:19.000,12:19.012,2,549.0,658.0,722.0,895.0,1068.0,758.0,1226.0,969.0
22192,12:19.500,12:19.512,2,560.0,661.0,734.0,895.0,1081.0,766.0,1238.0,971.0
22207,12:20.000,12:20.012,2,558.0,666.0,731.0,898.0,1079.0,772.0,1234.0,977.0
22222,12:20.500,12:20.512,2,554.0,684.0,728.0,917.0,1071.0,787.0,1230.0,990.0
22237,12:21.000,12:21.012,2,547.0,673.0,722.0,907.0,1066.0,771.0,1223.0,976.0
22252,12:21.500,12:21.512,2,536.0,680.0,711.0,914.0,1053.0,777.0,1210.0,983.0
22267,12:22.000,12:22.012,2,526.0,673.0,701.0,907.0,1046.0,768.0,1202.0,977.0
22282,12:22.500,12:22.512,2,532.0,671.0,706.0,902.0,1052.0,769.0,1209.0,973.0
22297,12:23.000,12:23.013,2,532.0,671.0,707.0,903.0,1053.0,768.0,1210.0,973.0
22312,12:23.500,12:23.513,2,532.0,670.0,706.0,902.0,1056.0,768.0,1212.0,970.0
22327,12:24.000,12:24.013,2,531.0,681.0,704.0,914.0,1053.0,784.0,1210.0,985.0
22342,12:24.500,12:24.513,2,500.0,722.0,677.0,954.0,1032.0,809.0,1187.0,1013.0
22357,12:25.000,12:25.013,2,515.0,727.0,691.0,959.0,1039.0,817.0,1195.0,1016.0
22372,12:25.500,12:25.513,2,517.0,726.0,693.0,958.0,1031.0,811.0,1190.0,1015.0
22387,12:26.000,12:26.013,2,528.0,723.0,704.0,956.0,1029.0,803.0,1185.0,1013.0
22402,12:26.500,12:26.513,2,530.0,719.0,703.0,951.0,1028.0,803.0,1184.0,1010.0
22417,12:27.000,12:27.015,2,530.0,724.0,704.0,955.0,1029.0,804.0,1185.0,1014.0
22432,12:27.500,12:27.515,2,528.0,724.0,701.0,954.0,1040.0,809.0,1195.0,1016.0
22447,12:28.000,12:28.015,2,526.0,732.0,699.0,955.0,1041.0,816.0,1196.0,1022.0
22462,12:28.500,12:28.515,2,531.0,726.0,703.0,952.0,1051.0,809.0,1208.0,1015.0
22477,12:29.000,12:29.015,2,532.0,724.0,703.0,952.0,1067.0,803.0,1222.0,1014.0
22492,12:29.500,12:29.515,2,520.0,725.0,695.0,953.0,1068.0,804.0,1221.0,1011.0
22507,12:30.000,12:30.015,2,528.0,727.0,702.0,957.0,1068.0,808.0,1220.0,1013.0
22522,12:30.500,12:30.515,2,528.0,720.0,700.0,949.0,1065.0,797.0,1218.0,1004.0
22537,12:31.000,12:31.017,2,527.0,715.0,699.0,943.0,1066.0,796.0,1219.0,1003.0
22552,12:31.500,12:31.517,2,531.0,718.0,702.0,946.0,1069.0,800.0,1221.0,1005.0
22567,12:32.000,12:32.017,2,528.0,716.0,700.0,944.0,1068.0,798.0,1220.0,1004.0
22582,12:32.500,12:32.517,2,534.0,718.0,704.0,944.0,1074.0,798.0,1227.0,1005.0
22597,12:33.000,12:33.017,2,540.0,714.0,711.0,942.0,1081.0,796.0,1229.0,1004.0
22612,12:33.500,12:33.517,2,537.0,714.0,707.0,943.0,1077.0,796.0,1225.0,1005.0
22627,12:34.000,12:34.017,2,545.0,701.0,716.0,935.0,1083.0,794.0,1232.0,1000.0
22642,12:34.500,12:34.517,2,552.0,700.0,724.0,934.0,1092.0,792.0,1241.0,998.0
22657,12:35.000,12:35.017,2,595.0,698.0,763.0,930.0,1128.0,799.0,1276.0,999.0
22672,12:35.500,12:35.518,2,702.0,696.0,862.0,923.0,1214.0,805.0,1365.0,1011.0
22687,12:36.000,12:36.018,2,768.0,688.0,924.0,909.0,1271.0,802.0,1420.0,1009.0
22702,12:36.500,12:36.518,2,1262.0,783.0,1414.0,990.0,766.0,676.0,921.0,896.0
22717,12:37.000,12:37.018,2,739.0,691.0,897.0,910.0,1241.0,795.0,1390.0,1003.0
22732,12:37.500,12:37.518,2,733.0,695.0,893.0,917.0,1235.0,799.0,1382.0,1006.0
22747,12:38.000,12:38.018,2,734.0,697.0,893.0,920.0,1231.0,801.0,1380.0,1008.0
22762,12:38.500,12:38.518,2,726.0,698.0,886.0,925.0,1223.0,810.0,1374.0,1013.0
22777,12:39.000,12:39.018,2,725.0,697.0,884.0,923.0,1222.0,808.0,1373.0,1013.0
22792,12:39.500,12:39.512,2,723.0,696.0,881.0,924.0,1220.0,808.0,1370.0,1012.0
22807,12:40.000,12:40.012,2,724.0,703.0,883.0,931.0,1222.0,807.0,1371.0,1007.0
22822,12:40.500,12:40.512,2,723.0,703.0,881.0,930.0,1221.0,805.0,1370.0,1005.0
22837,12:41.000,12:41.012,2,733.0,673.0,890.0,896.0,1229.0,778.0,1376.0,977.0
22852,12:41.500,12:41.512,2,730.0,668.0,888.0,894.0,1232.0,778.0,1380.0,979.0
22867,12:42.000,12:42.012,2,727.0,668.0,885.0,894.0,1231.0,778.0,1380.0,984.0
22882,12:42.500,12:42.512,2,728.0,672.0,886.0,897.0,1239.0,788.0,1383.0,995.0
22897,12:43.000,12:43.012,2,720.0,681.0,880.0,906.0,1231.0,799.0,1376.0,1005.0
22912,12:43.500,12:43.512,2,718.0,681.0,877.0,908.0,1230.0,799.0,1375.0,1005.0
22927,12:44.000,12:44.013,2,719.0,688.0,877.0,913.0,1229.0,811.0,1378.0,1015.0
22942,12:44.500,12:44.513,2,712.0,698.0,871.0,924.0,1224.0,817.0,1372.0,1021.0
22956,12:45.000,12:45.013,2,927.0,691.0,1104.0,937.0,1487.0,748.0,1652.0,976.0
22971,12:45.500,12:45.513,2,974.0,705.0,1140.0,930.0,1482.0,763.0,1631.0,973.0
22986,12:46.000,12:46.013,2,911.0,695.0,1078.0,917.0,1413.0,743.0,1563.0,952.0
23001,12:46.500,12:46.513,2,914.0,699.0,1080.0,923.0,1397.0,748.0,1552.0,953.0
23016,12:47.000,12:47.013,2,908.0,726.0,1074.0,954.0,1393.0,770.0,1549.0,978.0
23031,12:47.500,12:47.513,2,835.0,730.0,1004.0,968.0,1324.0,763.0,1478.0,971.0
23046,12:48.000,12:48.015,2,798.0,626.0,969.0,865.0,1303.0,653.0,1461.0,871.0
23061,12:48.500,12:48.515,2,882.0,585.0,1058.0,837.0,1378.0,664.0,1545.0,874.0
23076,12:49.000,12:49.015,2,920.0,661.0,1104.0,906.0,1189.0,773.0,1377.0,976.0
23091,12:49.500,12:49.515,2,972.0,663.0,1145.0,902.0,1166.0,783.0,1339.0,960.0
23106,12:50.000,12:50.015,2,859.0,638.0,1041.0,880.0,1259.0,762.0,1417.0,936.0
23121,12:50.500,12:50.515,2,656.0,643.0,837.0,889.0,1177.0,703.0,1323.0,887.0
23136,12:51.000,12:51.015,2,678.0,715.0,855.0,954.0,1190.0,709.0,1330.0,908.0
23151,12:51.500,12:51.515,2,779.0,733.0,949.0,966.0,1266.0,740.0,1406.0,932.0
23166,12:52.000,12:52.015,2,797.0,760.0,967.0,987.0,1292.0,791.0,1438.0,996.0
23181,12:52.500,12:52.517,2,792.0,745.0,959.0,972.0,1325.0,785.0,1475.0,997.0
23196,12:53.000,12:53.017,2,782.0,725.0,951.0,953.0,1297.0,764.0,1446.0,972.0
23211,12:53.500,12:53.517,2,772.0,729.0,942.0,962.0,1282.0,767.0,1429.0,973.0
23226,12:54.000,12:54.017,2,768.0,725.0,939.0,957.0,1278.0,762.0,1425.0,971.0
23241,12:54.500,12:54.517,2,771.0,721.0,942.0,956.0,1280.0,758.0,1427.0,967.0
23256,12:55.000,12:55.017,2,767.0,732.0,939.0,964.0,1275.0,761.0,1423.0,970.0
23271,12:55.500,12:55.517,2,756.0,731.0,932.0,970.0,1244.0,760.0,1390.0,965.0
23286,12:56.000,12:56.017,2,779.0,725.0,952.0,960.0,1237.0,759.0,1371.0,956.0
23301,12:56.500,12:56.518,2,789.0,734.0,961.0,966.0,1237.0,779.0,1360.0,966.0
23316,12:57.000,12:57.018,2,837.0,722.0,1003.0,954.0,1284.0,774.0,1419.0,969.0
23331,12:57.500,12:57.518,2,1360.0,768.0,1512.0,978.0,865.0,718.0,1029.0,947.0
23346,12:58.000,12:58.018,2,874.0,721.0,1038.0,953.0,1377.0,770.0,1529.0,981.0
23361,12:58.500,12:58.510,2,1380.0,770.0,1530.0,981.0,874.0,724.0,1040.0,951.0
23376,12:59.000,12:59.010,2,901.0,685.0,1065.0,915.0,1404.0,737.0,1553.0,941.0
23391,12:59.500,12:59.510,2,895.0,700.0,1062.0,932.0,1395.0,741.0,1546.0,947.0
23406,13:00.000,13:00.010,2,912.0,743.0,1078.0,972.0,1412.0,786.0,1564.0,990.0
23421,13:00.500,13:00.512,2,907.0,754.0,1075.0,985.0,1409.0,793.0,1559.0,1000.0
23436,13:01.000,13:01.012,2,903.0,751.0,1069.0,985.0,1405.0,790.0,1555.0,996.0
23451,13:01.500,13:01.512,2,891.0,754.0,1058.0,988.0,1391.0,794.0,1542.0,1001.0
23466,13:02.000,13:02.012,2,896.0,750.0,1062.0,980.0,1397.0,786.0,1547.0,987.0
23481,13:02.500,13:02.512,2,899.0,744.0,1063.0,974.0,1399.0,784.0,1549.0,985.0
23496,13:03.000,13:03.012,2,905.0,741.0,1071.0,971.0,1405.0,779.0,1556.0,982.0
23511,13:03.500,13:03.512,2,919.0,732.0,1087.0,959.0,1417.0,769.0,1567.0,972.0
23526,13:04.000,13:04.012,2,1424.0,777.0,1577.0,984.0,926.0,741.0,1093.0,971.0
23541,13:04.500,13:04.513,2,909.0,738.0,1074.0,962.0,1408.0,777.0,1558.0,982.0
23556,13:05.000,13:05.013,2,901.0,734.0,1066.0,957.0,1406.0,772.0,1555.0,973.0
23571,13:05.500,13:05.513,2,895.0,720.0,1059.0,941.0,1397.0,755.0,1545.0,956.0
23586,13:06.000,13:06.013,2,880.0,737.0,1046.0,965.0,1384.0,776.0,1534.0,981.0
23601,13:06.500,13:06.513,2,870.0,736.0,1037.0,965.0,1372.0,772.0,1523.0,975.0
23617,13:07.000,13:07.013,2,864.0,740.0,1033.0,969.0,1362.0,782.0,1514.0,984.0
23632,13:07.500,13:07.513,2,867.0,732.0,1035.0,956.0,1369.0,769.0,1519.0,969.0
23647,13:08.000,13:08.013,2,873.0,733.0,1040.0,957.0,1373.0,769.0,1523.0,968.0
23662,13:08.500,13:08.513,2,870.0,734.0,1037.0,959.0,1370.0,770.0,1519.0,970.0
23677,13:09.000,13:09.015,2,879.0,752.0,1044.0,978.0,1376.0,785.0,1526.0,987.0
23692,13:09.500,13:09.515,2,877.0,753.0,1041.0,977.0,1374.0,791.0,1523.0,995.0
23707,13:10.000,13:10.015,2,889.0,766.0,1056.0,995.0,1388.0,808.0,1537.0,1012.0
23722,13:10.500,13:10.515,2,895.0,819.0,1062.0,1043.0,1392.0,852.0,1544.0,1058.0
23737,13:11.000,13:11.015,2,895.0,825.0,1061.0,1052.0,1391.0,877.0,1541.0,1078.0
23752,13:11.500,13:11.515,2,842.0,823.0,1010.0,1059.0,1339.0,867.0,1488.0,1072.0
23767,13:12.000,13:12.015,2,846.0,841.0,1015.0,1075.0,1347.0,880.0,1496.0,1088.0
23782,13:12.500,13:12.515,2,665.0,865.0,845.0,1103.0,1183.0,892.0,1330.0,1095.0
23797,13:13.000,13:13.017,2,716.0,852.0,891.0,1091.0,1227.0,887.0,1375.0,1095.0
23812,13:13.500,13:13.517,2,771.0,824.0,942.0,1059.0,1284.0,891.0,1429.0,1094.0
23827,13:14.000,13:14.017,2,864.0,790.0,1035.0,1023.0,1369.0,902.0,1519.0,1106.0
23842,13:14.500,13:14.517,2,814.0,865.0,984.0,1104.0,1319.0,960.0,1468.0,1168.0
23857,13:15.000,13:15.017,2,847.0,860.0,1017.0,1094.0,1350.0,962.0,1501.0,1176.0
23872,13:15.500,13:15.517,2,826.0,791.0,995.0,1033.0,1335.0,870.0,1485.0,1074.0
23887,13:16.000,13:16.017,2,842.0,746.0,1010.0,989.0,1349.0,821.0,1496.0,1025.0
23902,13:16.500,13:16.517,2,826.0,733.0,995.0,976.0,1331.0,801.0,1480.0,1007.0
23917,13:17.000,13:17.018,2,815.0,749.0,981.0,989.0,1325.0,806.0,1473.0,1010.0
23932,13:17.500,13:17.518,2,808.0,766.0,976.0,1010.0,1324.0,829.0,1472.0,1032.0
23947,13:18.000,13:18.010,2,786.0,817.0,957.0,1057.0,1302.0,876.0,1450.0,1074.0
23962,13:18.500,13:18.510,2,796.0,790.0,968.0,1029.0,1315.0,845.0,1462.0,1043.0
23977,13:19.000,13:19.010,2,793.0,784.0,964.0,1024.0,1305.0,842.0,1454.0,1042.0
23992,13:19.500,13:19.510,2,798.0,775.0,968.0,1013.0,1309.0,831.0,1456.0,1029.0
24007,13:20.000,13:20.010,2,798.0,784.0,970.0,1024.0,1303.0,839.0,1452.0,1041.0
24022,13:20.500,13:20.510,2,798.0,790.0,970.0,1027.0,1299.0,844.0,1447.0,1046.0
24037,13:21.000,13:21.010,2,794.0,792.0,966.0,1029.0,1295.0,848.0,1442.0,1047.0
24052,13:21.500,13:21.512,2,793.0,769.0,965.0,1011.0,1300.0,828.0,1446.0,1028.0
24067,13:22.000,13:22.012,2,802.0,772.0,972.0,1010.0,1302.0,832.0,1449.0,1030.0
24082,13:22.500,13:22.512,2,799.0,755.0,970.0,989.0,1297.0,805.0,1443.0,1010.0
24097,13:23.000,13:23.012,2,787.0,765.0,959.0,1006.0,1286.0,820.0,1431.0,1022.0
24112,13:23.500,13:23.512,2,809.0,762.0,977.0,997.0,1305.0,815.0,1451.0,1015.0
24127,13:24.000,13:24.012,2,808.0,763.0,976.0,1001.0,1305.0,822.0,1452.0,1021.0
24142,13:24.500,13:24.512,2,818.0,764.0,987.0,1001.0,1320.0,828.0,1466.0,1027.0
24157,13:25.000,13:25.012,2,810.0,765.0,978.0,1001.0,1310.0,827.0,1456.0,1029.0
24172,13:25.500,13:25.513,2,786.0,763.0,960.0,1000.0,1291.0,817.0,1437.0,1017.0
24187,13:26.000,13:26.013,2,736.0,816.0,913.0,1055.0,1249.0,860.0,1395.0,1064.0
24202,13:26.500,13:26.513,2,703.0,849.0,882.0,1098.0,1202.0,882.0,1348.0,1087.0
24217,13:27.000,13:27.013,2,772.0,871.0,955.0,1117.0,1204.0,885.0,1352.0,1089.0
24232,13:27.500,13:27.513,2,843.0,826.0,1029.0,1063.0,1267.0,860.0,1417.0,1065.0
24247,13:28.000,13:28.013,2,835.0,830.0,1010.0,1073.0,1331.0,890.0,1471.0,1092.0
24262,13:28.500,13:28.513,2,828.0,801.0,1001.0,1048.0,1363.0,874.0,1497.0,1076.0
24277,13:29.000,13:29.013,2,808.0,861.0,975.0,1100.0,1353.0,939.0,1485.0,1140.0
24292,13:29.500,13:29.513,2,791.0,818.0,963.0,1059.0,1348.0,879.0,1441.0,1057.0
24307,13:30.000,13:30.015,2,858.0,766.0,1031.0,1010.0,1406.0,816.0,1503.0,995.0
24322,13:30.500,13:30.515,2,898.0,743.0,1067.0,980.0,1397.0,758.0,1544.0,966.0
24337,13:31.000,13:31.015,2,841.0,813.0,1013.0,1059.0,1309.0,825.0,1463.0,1022.0
24352,13:31.500,13:31.515,2,946.0,782.0,1119.0,1019.0,1377.0,799.0,1531.0,1004.0
24367,13:32.000,13:32.015,2,979.0,760.0,1150.0,994.0,1401.0,780.0,1555.0,984.0
24382,13:32.500,13:32.515,2,937.0,769.0,1108.0,1010.0,1383.0,799.0,1537.0,1008.0
24397,13:33.000,13:33.015,2,902.0,789.0,1072.0,1017.0,1366.0,812.0,1518.0,1017.0
24412,13:33.500,13:33.515,2,861.0,792.0,1036.0,1028.0,1329.0,824.0,1478.0,1028.0
24427,13:34.000,13:34.017,2,836.0,785.0,1010.0,1020.0,1302.0,808.0,1452.0,1012.0
24442,13:34.500,13:34.517,2,871.0,722.0,1043.0,958.0,1331.0,773.0,1481.0,982.0
24457,13:35.000,13:35.017,2,937.0,726.0,1104.0,956.0,1418.0,811.0,1568.0,1023.0
24472,13:35.500,13:35.517,2,956.0,756.0,1119.0,988.0,1466.0,846.0,1620.0,1062.0
24487,13:36.000,13:36.017,2,1499.0,819.0,1654.0,1035.0,997.0,734.0,1162.0,972.0
24502,13:36.500,13:36.517,2,998.0,734.0,1164.0,978.0,1496.0,808.0,1649.0,1022.0
24517,13:37.000,13:37.017,2,933.0,774.0,1100.0,1014.0,1436.0,846.0,1590.0,1057.0
24532,13:37.500,13:37.517,2,955.0,741.0,1120.0,975.0,1438.0,821.0,1589.0,1027.0
24547,13:38.000,13:38.010,2,1008.0,734.0,1172.0,965.0,1484.0,808.0,1639.0,1019.0
24562,13:38.500,13:38.510,2,1021.0,752.0,1188.0,984.0,1499.0,822.0,1653.0,1032.0
24577,13:39.000,13:39.010,2,1017.0,806.0,1181.0,1034.0,1494.0,869.0,1650.0,1079.0
24592,13:39.500,13:39.510,2,1107.0,829.0,1271.0,1054.0,1575.0,883.0,1735.0,1104.0
24607,13:40.000,13:40.010,2,1582.0,888.0,1741.0,1114.0,1120.0,830.0,1283.0,1061.0
24622,13:40.500,13:40.510,2,1587.0,930.0,1750.0,1151.0,1127.0,869.0,1290.0,1099.0
24637,13:41.000,13:41.010,2,1445.0,901.0,1598.0,1121.0,989.0,851.0,1155.0,1082.0
24652,13:41.500,13:41.510,2,1004.0,871.0,1168.0,1103.0,1455.0,922.0,1609.0,1142.0
24667,13:42.000,13:42.010,2,970.0,897.0,1137.0,1139.0,1427.0,944.0,1579.0,1162.0
24682,13:42.500,13:42.512,2,990.0,876.0,1153.0,1119.0,1463.0,940.0,1618.0,1158.0
24697,13:43.000,13:43.012,2,993.0,885.0,1160.0,1129.0,1468.0,954.0,1626.0,1177.0
24712,13:43.500,13:43.512,2,982.0,885.0,1150.0,1130.0,1449.0,959.0,1605.0,1181.0
24727,13:44.000,13:44.012,2,1484.0,939.0,1641.0,1161.0,1021.0,888.0,1192.0,1132.0
24742,13:44.500,13:44.512,2,1032.0,827.0,1203.0,1068.0,1502.0,879.0,1661.0,1094.0
24757,13:45.000,13:45.012,2,971.0,763.0,1143.0,1006.0,1437.0,804.0,1590.0,1012.0
24772,13:45.500,13:45.512,2,984.0,674.0,1155.0,916.0,1452.0,713.0,1607.0,920.0
24787,13:46.000,13:46.012,2,999.0,669.0,1169.0,910.0,1466.0,708.0,1621.0,922.0
24802,13:46.500,13:46.513,2,1023.0,676.0,1193.0,915.0,1484.0,719.0,1639.0,928.0
24817,13:47.000,13:47.013,2,998.0,684.0,1166.0,917.0,1459.0,731.0,1614.0,941.0
24832,13:47.500,13:47.513,2,918.0,709.0,1089.0,950.0,1386.0,750.0,1537.0,954.0
24847,13:48.000,13:48.013,2,789.0,772.0,967.0,1016.0,1271.0,805.0,1420.0,1010.0
24862,13:48.500,13:48.513,2,888.0,784.0,1061.0,1020.0,1395.0,824.0,1530.0,1025.0
24877,13:49.000,13:49.013,2,917.0,770.0,1089.0,1008.0,1423.0,826.0,1558.0,1023.0
24892,13:49.500,13:49.513,2,1020.0,783.0,1189.0,1016.0,1534.0,834.0,1673.0,1036.0
24907,13:50.000,13:50.013,2,708.0,820.0,890.0,1077.0,1242.0,841.0,1370.0,1033.0
24922,13:50.500,13:50.515,2,876.0,730.0,1048.0,979.0,1415.0,751.0,1547.0,945.0
24937,13:51.000,13:51.015,2,843.0,794.0,1022.0,1045.0,1390.0,759.0,1519.0,959.0
24952,13:51.500,13:51.515,2,858.0,821.0,1037.0,1060.0,1365.0,807.0,1498.0,1009.0
24967,13:52.000,13:52.015,2,861.0,833.0,1034.0,1073.0,1291.0,860.0,1440.0,1061.0
24982,13:52.500,13:52.515,2,878.0,772.0,1048.0,1000.0,1291.0,808.0,1440.0,1007.0
24997,13:53.000,13:53.015,2,861.0,787.0,1034.0,1022.0,1319.0,812.0,1467.0,1017.0
25012,13:53.500,13:53.515,2,840.0,748.0,1011.0,998.0,1332.0,795.0,1479.0,1004.0
25027,13:54.000,13:54.015,2,870.0,724.0,1040.0,965.0,1349.0,768.0,1497.0,974.0
25042,13:54.500,13:54.515,2,871.0,730.0,1044.0,965.0,1295.0,763.0,1445.0,964.0
25057,13:55.000,13:55.017,2,871.0,712.0,1044.0,942.0,1274.0,740.0,1425.0,930.0
25072,13:55.500,13:55.517,2,856.0,705.0,1028.0,939.0,1302.0,736.0,1452.0,934.0
25087,13:56.000,13:56.017,2,867.0,693.0,1036.0,921.0,1324.0,730.0,1474.0,931.0
25102,13:56.500,13:56.517,2,863.0,674.0,1034.0,907.0,1323.0,717.0,1473.0,919.0
25117,13:57.000,13:57.017,2,894.0,747.0,1062.0,979.0,1348.0,789.0,1497.0,996.0
25132,13:57.500,13:57.508,2,840.0,667.0,1012.0,903.0,1297.0,730.0,1448.0,929.0
25147,13:58.000,13:58.008,2,853.0,729.0,1021.0,967.0,1309.0,785.0,1460.0,986.0
25162,13:58.500,13:58.508,2,841.0,773.0,1013.0,1012.0,1271.0,800.0,1420.0,1005.0
25177,13:59.000,13:59.010,2,852.0,807.0,1037.0,1033.0,1251.0,803.0,1400.0,1006.0
25192,13:59.500,13:59.510,2,852.0,799.0,1038.0,1025.0,1249.0,802.0,1398.0,1004.0
25207,14:00.000,14:00.010,2,836.0,740.0,1012.0,971.0,1255.0,767.0,1404.0,968.0
25222,14:00.500,14:00.510,2,843.0,701.0,1019.0,931.0,1262.0,736.0,1411.0,939.0
25237,14:01.000,14:01.010,2,946.0,687.0,1117.0,908.0,1360.0,724.0,1512.0,926.0
25252,14:01.500,14:01.510,2,964.0,693.0,1135.0,919.0,1379.0,728.0,1530.0,934.0
25267,14:02.000,14:02.010,2,1394.0,714.0,1546.0,917.0,981.0,679.0,1147.0,902.0
25282,14:02.500,14:02.510,2,963.0,672.0,1130.0,896.0,1386.0,709.0,1536.0,912.0
25297,14:03.000,14:03.012,2,961.0,676.0,1125.0,906.0,1389.0,719.0,1540.0,921.0
25312,14:03.500,14:03.512,2,956.0,658.0,1117.0,884.0,1389.0,713.0,1542.0,914.0
25327,14:04.000,14:04.012,2,955.0,647.0,1115.0,870.0,1405.0,702.0,1556.0,905.0
25342,14:04.500,14:04.512,2,963.0,646.0,1125.0,874.0,1411.0,700.0,1562.0,904.0
25357,14:05.000,14:05.012,2,962.0,720.0,1124.0,941.0,1403.0,773.0,1555.0,978.0
25372,14:05.500,14:05.512,2,984.0,701.0,1144.0,921.0,1418.0,746.0,1570.0,953.0
25388,14:06.000,14:06.012,2,984.0,722.0,1146.0,941.0,1417.0,769.0,1570.0,974.0
25403,14:06.500,14:06.512,2,989.0,697.0,1150.0,922.0,1421.0,738.0,1576.0,944.0
25418,14:07.000,14:07.012,2,968.0,690.0,1133.0,917.0,1395.0,738.0,1547.0,944.0
25433,14:07.500,14:07.513,2,975.0,671.0,1137.0,894.0,1399.0,728.0,1551.0,934.0
25448,14:08.000,14:08.013,2,1473.0,727.0,1628.0,941.0,1042.0,673.0,1202.0,897.0
25463,14:08.500,14:08.513,2,976.0,650.0,1139.0,877.0,1405.0,713.0,1556.0,918.0
25478,14:09.000,14:09.013,2,990.0,643.0,1153.0,873.0,1423.0,710.0,1577.0,913.0
25493,14:09.500,14:09.513,2,996.0,640.0,1158.0,867.0,1430.0,704.0,1583.0,909.0
25508,14:10.000,14:10.013,2,935.0,696.0,1097.0,913.0,1363.0,741.0,1514.0,946.0
25523,14:10.500,14:10.513,2,913.0,699.0,1079.0,921.0,1342.0,750.0,1492.0,954.0
25538,14:11.000,14:11.013,2,957.0,703.0,1121.0,924.0,1375.0,749.0,1524.0,953.0
25553,14:11.500,14:11.515,2,971.0,717.0,1136.0,944.0,1389.0,769.0,1539.0,970.0
25568,14:12.000,14:12.015,2,972.0,696.0,1139.0,921.0,1389.0,743.0,1541.0,944.0
25583,14:12.500,14:12.515,2,997.0,716.0,1160.0,944.0,1412.0,768.0,1564.0,972.0
25598,14:13.000,14:13.015,2,1413.0,761.0,1564.0,965.0,1003.0,712.0,1165.0,931.0
25613,14:13.500,14:13.515,2,997.0,705.0,1158.0,925.0,1413.0,754.0,1565.0,959.0
25628,14:14.000,14:14.015,2,979.0,697.0,1140.0,914.0,1398.0,746.0,1551.0,950.0
25643,14:14.500,14:14.515,2,902.0,691.0,1067.0,911.0,1361.0,740.0,1513.0,944.0
25658,14:15.000,14:15.015,2,875.0,689.0,1036.0,907.0,1342.0,736.0,1493.0,939.0
25673,14:15.500,14:15.515,2,1333.0,732.0,1485.0,936.0,923.0,687.0,1086.0,905.0
25688,14:16.000,14:16.017,2,928.0,698.0,1090.0,919.0,1395.0,743.0,1548.0,947.0
25703,14:16.500,14:16.517,2,952.0,692.0,1111.0,906.0,1386.0,740.0,1538.0,944.0
25718,14:17.000,14:17.008,2,961.0,689.0,1120.0,904.0,1378.0,739.0,1530.0,943.0
25733,14:17.500,14:17.508,2,922.0,686.0,1084.0,904.0,1356.0,735.0,1508.0,946.0
25748,14:18.000,14:18.008,2,901.0,691.0,1061.0,907.0,1337.0,737.0,1488.0,946.0
25763,14:18.500,14:18.508,2,898.0,693.0,1059.0,914.0,1328.0,736.0,1479.0,944.0
25778,14:19.000,14:19.008,2,903.0,677.0,1063.0,894.0,1336.0,733.0,1485.0,935.0
25793,14:19.500,14:19.508,2,903.0,692.0,1064.0,909.0,1328.0,731.0,1479.0,932.0
25808,14:20.000,14:20.010,2,904.0,702.0,1067.0,921.0,1327.0,743.0,1478.0,948.0
25823,14:20.500,14:20.510,2,888.0,697.0,1051.0,910.0,1309.0,731.0,1461.0,931.0
25838,14:21.000,14:21.010,2,867.0,681.0,1031.0,903.0,1289.0,726.0,1438.0,926.0
25853,14:21.500,14:21.510,2,874.0,687.0,1039.0,904.0,1292.0,727.0,1443.0,930.0
25868,14:22.000,14:22.010,2,883.0,687.0,1047.0,903.0,1304.0,727.0,1456.0,931.0
25883,14:22.500,14:22.510,2,894.0,675.0,1055.0,889.0,1306.0,722.0,1458.0,932.0
25898,14:23.000,14:23.010,2,1302.0,719.0,1454.0,925.0,890.0,680.0,1053.0,898.0
25913,14:23.500,14:23.510,2,880.0,673.0,1046.0,894.0,1299.0,714.0,1450.0,920.0
25928,14:24.000,14:24.012,2,876.0,665.0,1040.0,887.0,1299.0,715.0,1450.0,923.0
25943,14:24.500,14:24.512,2,865.0,685.0,1028.0,907.0,1293.0,730.0,1440.0,937.0
25958,14:25.000,14:25.012,2,869.0,689.0,1034.0,909.0,1296.0,735.0,1447.0,943.0
25973,14:25.500,14:25.512,2,1022.0,637.0,1184.0,857.0,1446.0,720.0,1598.0,933.0
25988,14:26.000,14:26.012,2,1053.0,639.0,1215.0,869.0,1491.0,721.0,1647.0,945.0
26003,14:26.500,14:26.512,2,1471.0,759.0,1627.0,986.0,984.0,695.0,1156.0,938.0
26018,14:27.000,14:27.012,2,951.0,828.0,1108.0,1045.0,414.0,792.0,624.0,1064.0
26033,14:27.500,14:27.512,2,629.0,721.0,807.0,965.0,1008.0,817.0,1173.0,1027.0
26048,14:28.000,14:28.012,2,621.0,790.0,803.0,1023.0,1054.0,833.0,1203.0,1044.0
26063,14:28.500,14:28.513,2,819.0,941.0,987.0,1168.0,1281.0,932.0,1427.0,1141.0
26078,14:29.000,14:29.013,2,1700.0,768.0,1865.0,990.0,1264.0,785.0,1423.0,1004.0
26093,14:29.500,14:29.513,2,1687.0,838.0,1854.0,1057.0,1283.0,830.0,1442.0,1040.0
26108,14:30.000,14:30.013,2,1111.0,897.0,1273.0,1121.0,1476.0,921.0,1635.0,1125.0
26123,14:30.500,14:30.513,2,1054.0,858.0,1223.0,1078.0,1410.0,875.0,1565.0,1086.0
26138,14:31.000,14:31.013,2,1487.0,653.0,1641.0,865.0,1131.0,602.0,1302.0,828.0
26153,14:31.500,14:31.513,2,1586.0,555.0,1757.0,789.0,1186.0,464.0,1365.0,702.0
26168,14:32.000,14:32.013,2,1736.0,623.0,1914.0,855.0,1265.0,503.0,1436.0,739.0
26183,14:32.500,14:32.515,2,1668.0,708.0,1838.0,933.0,1222.0,599.0,1389.0,832.0
26198,14:33.000,14:33.015,2,1651.0,766.0,1818.0,989.0,1215.0,666.0,1387.0,892.0
26213,14:33.500,14:33.515,2,1645.0,745.0,1814.0,968.0,1206.0,643.0,1376.0,879.0
26228,14:34.000,14:34.015,2,1647.0,738.0,1815.0,957.0,1206.0,639.0,1377.0,865.0
26243,14:34.500,14:34.515,2,1593.0,711.0,1756.0,926.0,1158.0,632.0,1325.0,854.0
26258,14:35.000,14:35.015,2,1095.0,712.0,1261.0,925.0,1526.0,779.0,1681.0,993.0
26273,14:35.500,14:35.515,2,1543.0,733.0,1702.0,945.0,1117.0,649.0,1281.0,868.0
26288,14:36.000,14:36.015,2,1561.0,710.0,1719.0,923.0,1125.0,635.0,1289.0,856.0
26303,14:36.500,14:36.517,2,1104.0,650.0,1270.0,867.0,1539.0,723.0,1697.0,932.0
26318,14:37.000,14:37.017,2,1094.0,676.0,1255.0,890.0,1524.0,734.0,1681.0,947.0
26333,14:37.500,14:37.508,2,1550.0,725.0,1708.0,938.0,1112.0,662.0,1275.0,879.0
26348,14:38.000,14:38.008,2,1533.0,719.0,1692.0,930.0,1104.0,649.0,1264.0,862.0
26363,14:38.500,14:38.508,2,1086.0,683.0,1245.0,902.0,1527.0,741.0,1685.0,955.0
26378,14:39.000,14:39.008,2,1499.0,721.0,1653.0,930.0,1065.0,665.0,1222.0,889.0
26393,14:39.500,14:39.508,2,1496.0,651.0,1650.0,864.0,1061.0,602.0,1221.0,822.0
26408,14:40.000,14:40.008,2,1084.0,620.0,1244.0,841.0,1517.0,693.0,1670.0,901.0
26423,14:40.500,14:40.508,2,1085.0,642.0,1248.0,865.0,1523.0,711.0,1678.0,919.0
26438,14:41.000,14:41.010,2,1506.0,711.0,1661.0,917.0,1063.0,663.0,1222.0,885.0
26453,14:41.500,14:41.510,2,991.0,640.0,1153.0,866.0,1423.0,678.0,1576.0,882.0
26468,14:42.000,14:42.010,2,1045.0,677.0,1208.0,894.0,1464.0,713.0,1616.0,915.0
26483,14:42.500,14:42.510,2,1485.0,715.0,1640.0,924.0,1051.0,671.0,1212.0,893.0
26498,14:43.000,14:43.010,2,1507.0,707.0,1662.0,914.0,1074.0,666.0,1235.0,886.0
26513,14:43.500,14:43.510,2,1511.0,700.0,1667.0,908.0,1080.0,655.0,1240.0,880.0
26528,14:44.000,14:44.010,2,1086.0,636.0,1252.0,865.0,1516.0,690.0,1671.0,897.0
26543,14:44.500,14:44.510,2,1515.0,674.0,1671.0,885.0,1081.0,622.0,1242.0,851.0
26558,14:45.000,14:45.012,2,1516.0,674.0,1672.0,884.0,1080.0,617.0,1242.0,844.0
26573,14:45.500,14:45.512,2,1534.0,672.0,1693.0,886.0,1100.0,610.0,1259.0,831.0
26588,14:46.000,14:46.012,2,1095.0,610.0,1253.0,834.0,1533.0,685.0,1689.0,892.0
26603,14:46.500,14:46.512,2,1078.0,613.0,1239.0,840.0,1528.0,679.0,1685.0,886.0
26618,14:47.000,14:47.012,2,1532.0,684.0,1688.0,892.0,1077.0,630.0,1235.0,858.0
26633,14:47.500,14:47.512,2,1533.0,683.0,1689.0,892.0,1085.0,625.0,1244.0,851.0
26648,14:48.000,14:48.012,2,1082.0,629.0,1241.0,853.0,1530.0,684.0,1686.0,893.0
26663,14:48.500,14:48.512,2,1079.0,628.0,1239.0,849.0,1525.0,686.0,1682.0,893.0
26678,14:49.000,14:49.013,2,1073.0,631.0,1231.0,852.0,1522.0,691.0,1677.0,898.0
26693,14:49.500,14:49.513,2,1515.0,712.0,1672.0,917.0,1066.0,653.0,1226.0,871.0
26708,14:50.000,14:50.013,2,1514.0,720.0,1670.0,925.0,1069.0,659.0,1229.0,872.0
26723,14:50.500,14:50.513,2,1515.0,726.0,1672.0,933.0,1069.0,668.0,1228.0,885.0
26738,14:51.000,14:51.013,2,1519.0,727.0,1675.0,934.0,1071.0,669.0,1230.0,884.0
26753,14:51.500,14:51.513,2,1518.0,730.0,1674.0,937.0,1059.0,667.0,1215.0,886.0
26768,14:52.000,14:52.013,2,1060.0,678.0,1220.0,902.0,1519.0,732.0,1675.0,939.0
26783,14:52.500,14:52.513,2,1518.0,727.0,1673.0,932.0,1064.0,675.0,1223.0,902.0
26798,14:53.000,14:53.013,2,1514.0,718.0,1671.0,922.0,1069.0,665.0,1228.0,887.0
26813,14:53.500,14:53.515,2,1512.0,715.0,1668.0,920.0,1063.0,669.0,1223.0,888.0
26828,14:54.000,14:54.015,2,1062.0,659.0,1222.0,878.0,1514.0,713.0,1671.0,914.0
26843,14:54.500,14:54.515,2,1512.0,711.0,1668.0,915.0,1056.0,663.0,1215.0,886.0
26858,14:55.000,14:55.015,2,1066.0,666.0,1224.0,890.0,1522.0,718.0,1677.0,920.0
26873,14:55.500,14:55.515,2,1076.0,672.0,1234.0,887.0,1527.0,726.0,1683.0,929.0
26888,14:56.000,14:56.015,2,1084.0,675.0,1246.0,892.0,1522.0,728.0,1677.0,930.0
26903,14:56.500,14:56.515,2,1518.0,732.0,1674.0,941.0,1063.0,685.0,1221.0,903.0
26918,14:57.000,14:57.007,2,1497.0,728.0,1653.0,939.0,1044.0,690.0,1204.0,908.0
26933,14:57.500,14:57.508,2,1491.0,728.0,1647.0,939.0,1047.0,674.0,1207.0,889.0
26948,14:58.000,14:58.008,2,1048.0,644.0,1207.0,861.0,1491.0,703.0,1646.0,910.0
26963,14:58.500,14:58.508,2,1034.0,705.0,1194.0,916.0,1471.0,754.0,1625.0,958.0
26978,14:59.000,14:59.008,2,1499.0,831.0,1654.0,1038.0,1063.0,749.0,1224.0,965.0
26993,14:59.500,14:59.508,2,1137.0,788.0,1299.0,1002.0,1569.0,879.0,1729.0,1094.0
27008,15:00.000,15:00.008,2,1562.0,865.0,1720.0,1081.0,1118.0,780.0,1279.0,994.0
27023,15:00.500,15:00.508,2,1026.0,724.0,1185.0,945.0,1468.0,800.0,1623.0,1007.0
27038,15:01.000,15:01.008,2,912.0,702.0,1074.0,928.0,1361.0,753.0,1510.0,958.0
27053,15:01.500,15:01.508,2,931.0,709.0,1093.0,926.0,1378.0,760.0,1527.0,961.0
27068,15:02.000,15:02.010,2,967.0,710.0,1130.0,937.0,1408.0,770.0,1558.0,974.0
27083,15:02.500,15:02.510,2,980.0,719.0,1140.0,936.0,1410.0,772.0,1560.0,975.0
27098,15:03.000,15:03.010,2,977.0,720.0,1138.0,938.0,1413.0,772.0,1563.0,977.0
27113,15:03.500,15:03.510,2,970.0,771.0,1134.0,998.0,1410.0,833.0,1560.0,1031.0
27128,15:04.000,15:04.010,2,1084.0,598.0,1248.0,825.0,1520.0,670.0,1675.0,880.0
27143,15:04.500,15:04.510,2,1090.0,678.0,1248.0,894.0,1519.0,767.0,1674.0,975.0
27158,15:05.000,15:05.010,2,1085.0,675.0,1242.0,894.0,1517.0,757.0,1672.0,966.0
27173,15:05.500,15:05.510,2,1068.0,664.0,1226.0,880.0,1496.0,733.0,1650.0,944.0
27188,15:06.000,15:06.012,2,1482.0,734.0,1637.0,943.0,1076.0,676.0,1233.0,892.0
27203,15:06.500,15:06.512,2,1075.0,671.0,1234.0,882.0,1485.0,735.0,1639.0,943.0
27218,15:07.000,15:07.012,2,1478.0,721.0,1632.0,928.0,1066.0,663.0,1227.0,875.0
27233,15:07.500,15:07.512,2,1005.0,694.0,1165.0,904.0,1440.0,736.0,1593.0,944.0
27248,15:08.000,15:08.012,2,1018.0,616.0,1177.0,840.0,1479.0,690.0,1632.0,894.0
27263,15:08.500,15:08.512,2,1548.0,675.0,1707.0,886.0,1101.0,570.0,1266.0,793.0
27278,15:09.000,15:09.012,2,1505.0,655.0,1664.0,867.0,1083.0,574.0,1246.0,800.0
27293,15:09.500,15:09.512,2,1511.0,653.0,1671.0,865.0,1079.0,576.0,1241.0,800.0
27308,15:10.000,15:10.013,2,1509.0,648.0,1669.0,861.0,1088.0,574.0,1256.0,796.0
27323,15:10.500,15:10.513,2,1502.0,645.0,1661.0,857.0,1081.0,570.0,1244.0,792.0
27338,15:11.000,15:11.013,2,1056.0,576.0,1219.0,804.0,1474.0,639.0,1629.0,851.0
27353,15:11.500,15:11.513,2,1010.0,582.0,1177.0,811.0,1430.0,644.0,1584.0,854.0
27368,15:12.000,15:12.013,2,1022.0,601.0,1185.0,827.0,1441.0,659.0,1594.0,870.0
27383,15:12.500,15:12.513,2,999.0,552.0,1167.0,778.0,1414.0,604.0,1569.0,816.0
27398,15:13.000,15:13.013,2,999.0,568.0,1163.0,796.0,1420.0,615.0,1575.0,825.0
27413,15:13.500,15:13.513,2,981.0,575.0,1147.0,809.0,1399.0,618.0,1553.0,831.0
27428,15:14.000,15:14.013,2,965.0,548.0,1126.0,775.0,1398.0,609.0,1550.0,818.0
27443,15:14.500,15:14.515,2,1028.0,582.0,1190.0,810.0,1459.0,643.0,1613.0,853.0
27458,15:15.000,15:15.015,2,997.0,624.0,1154.0,860.0,1427.0,667.0,1580.0,872.0
27473,15:15.500,15:15.515,2,1427.0,644.0,1582.0,853.0,990.0,603.0,1151.0,830.0
27488,15:16.000,15:16.015,2,1461.0,644.0,1615.0,853.0,1041.0,600.0,1200.0,824.0
27503,15:16.500,15:16.515,2,1130.0,596.0,1293.0,819.0,1552.0,667.0,1710.0,883.0
27518,15:17.000,15:17.007,2,1094.0,610.0,1260.0,837.0,1518.0,676.0,1674.0,888.0
27533,15:17.500,15:17.507,2,1060.0,625.0,1226.0,850.0,1479.0,690.0,1633.0,897.0
27548,15:18.000,15:18.007,2,1038.0,617.0,1202.0,842.0,1457.0,681.0,1611.0,893.0
27563,15:18.500,15:18.508,2,1013.0,603.0,1177.0,830.0,1442.0,661.0,1595.0,876.0
27578,15:19.000,15:19.008,2,1013.0,603.0,1177.0,830.0,1442.0,661.0,1596.0,875.0
27593,15:19.500,15:19.508,2,1015.0,610.0,1176.0,841.0,1441.0,676.0,1596.0,887.0
27608,15:20.000,15:20.008,2,870.0,640.0,1037.0,872.0,1294.0,696.0,1443.0,902.0
27623,15:20.500,15:20.508,2,870.0,743.0,1038.0,972.0,1295.0,764.0,1446.0,968.0
27638,15:21.000,15:21.008,2,869.0,719.0,1041.0,951.0,1334.0,737.0,1487.0,952.0
27653,15:21.500,15:21.508,2,1355.0,778.0,1506.0,993.0,827.0,761.0,1001.0,989.0
27668,15:22.000,15:22.008,2,840.0,716.0,1004.0,952.0,1333.0,783.0,1486.0,997.0
27683,15:22.500,15:22.510,2,878.0,692.0,1037.0,915.0,1314.0,770.0,1468.0,978.0
27698,15:23.000,15:23.010,2,1349.0,757.0,1499.0,967.0,947.0,700.0,1111.0,916.0
27713,15:23.500,15:23.510,2,971.0,693.0,1140.0,908.0,1375.0,756.0,1527.0,962.0
27728,15:24.000,15:24.010,2,981.0,695.0,1148.0,911.0,1394.0,757.0,1546.0,964.0
27743,15:24.500,15:24.510,2,988.0,713.0,1154.0,935.0,1400.0,751.0,1553.0,959.0
27758,15:25.000,15:25.010,2,1021.0,679.0,1187.0,908.0,1428.0,727.0,1582.0,933.0
27773,15:25.500,15:25.510,2,991.0,702.0,1156.0,922.0,1403.0,740.0,1556.0,950.0
27788,15:26.000,15:26.010,2,1394.0,730.0,1545.0,938.0,973.0,686.0,1133.0,909.0
27803,15:26.500,15:26.510,2,980.0,671.0,1141.0,894.0,1400.0,723.0,1553.0,924.0
27818,15:27.000,15:27.012,2,978.0,691.0,1139.0,907.0,1401.0,737.0,1552.0,941.0
27833,15:27.500,15:27.512,2,999.0,677.0,1160.0,895.0,1422.0,732.0,1575.0,940.0
27848,15:28.000,15:28.012,2,994.0,695.0,1155.0,909.0,1415.0,741.0,1567.0,949.0
27863,15:28.500,15:28.512,2,1417.0,740.0,1570.0,947.0,996.0,682.0,1153.0,898.0
27878,15:29.000,15:29.012,2,1010.0,701.0,1169.0,919.0,1432.0,756.0,1584.0,964.0
27893,15:29.500,15:29.512,2,989.0,703.0,1148.0,923.0,1412.0,752.0,1563.0,961.0
27908,15:30.000,15:30.012,2,991.0,687.0,1152.0,907.0,1412.0,741.0,1564.0,948.0
27923,15:30.500,15:30.512,2,1001.0,683.0,1164.0,902.0,1415.0,733.0,1568.0,941.0
27938,15:31.000,15:31.013,2,989.0,705.0,1150.0,928.0,1402.0,752.0,1554.0,957.0
27953,15:31.500,15:31.513,2,1013.0,771.0,1174.0,991.0,1429.0,826.0,1582.0,1029.0
27968,15:32.000,15:32.013,2,1409.0,777.0,1560.0,984.0,987.0,737.0,1150.0,962.0
27983,15:32.500,15:32.513,2,996.0,755.0,1160.0,978.0,1420.0,805.0,1573.0,1008.0
27998,15:33.000,15:33.013,2,1447.0,802.0,1601.0,1011.0,1044.0,761.0,1211.0,979.0
28013,15:33.500,15:33.513,2,1036.0,714.0,1211.0,937.0,1440.0,755.0,1592.0,965.0
28028,15:34.000,15:34.013,2,1448.0,768.0,1602.0,979.0,1040.0,737.0,1209.0,953.0
28043,15:34.500,15:34.513,2,1045.0,733.0,1212.0,950.0,1463.0,775.0,1616.0,985.0
28058,15:35.000,15:35.015,2,1066.0,708.0,1236.0,927.0,1476.0,760.0,1630.0,967.0
28073,15:35.500,15:35.515,2,1427.0,780.0,1580.0,988.0,1008.0,725.0,1169.0,942.0
28088,15:36.000,15:36.015,2,1016.0,691.0,1180.0,912.0,1431.0,761.0,1585.0,969.0
28103,15:36.500,15:36.515,2,1047.0,705.0,1211.0,925.0,1450.0,769.0,1604.0,979.0
28118,15:37.000,15:37.015,2,1051.0,704.0,1213.0,918.0,1453.0,767.0,1608.0,976.0
28133,15:37.500,15:37.507,2,1021.0,693.0,1185.0,913.0,1426.0,765.0,1579.0,971.0
28148,15:38.000,15:38.007,2,974.0,697.0,1142.0,917.0,1386.0,760.0,1534.0,963.0
28163,15:38.500,15:38.507,2,935.0,695.0,1101.0,914.0,1335.0,748.0,1484.0,953.0
28178,15:39.000,15:39.007,2,884.0,689.0,1051.0,911.0,1283.0,741.0,1431.0,942.0
28193,15:39.500,15:39.508,2,901.0,696.0,1069.0,923.0,1300.0,752.0,1446.0,957.0
28208,15:40.000,15:40.008,2,903.0,698.0,1075.0,925.0,1303.0,754.0,1450.0,959.0
28223,15:40.500,15:40.508,2,923.0,715.0,1092.0,937.0,1319.0,769.0,1466.0,974.0
28238,15:41.000,15:41.008,2,927.0,711.0,1095.0,932.0,1328.0,763.0,1476.0,967.0
28253,15:41.500,15:41.508,2,929.0,701.0,1094.0,909.0,1333.0,774.0,1482.0,978.0
28268,15:42.000,15:42.008,2,926.0,711.0,1092.0,924.0,1336.0,771.0,1484.0,975.0
28283,15:42.500,15:42.508,2,921.0,717.0,1088.0,932.0,1323.0,772.0,1472.0,976.0
28298,15:43.000,15:43.008,2,932.0,728.0,1099.0,940.0,1322.0,774.0,1470.0,980.0
28313,15:43.500,15:43.510,2,923.0,719.0,1089.0,939.0,1338.0,786.0,1485.0,989.0
28328,15:44.000,15:44.010,2,933.0,724.0,1098.0,941.0,1357.0,781.0,1505.0,985.0
28343,15:44.500,15:44.510,2,896.0,736.0,1062.0,960.0,1318.0,791.0,1466.0,1005.0
28358,15:45.000,15:45.010,2,896.0,748.0,1064.0,978.0,1309.0,800.0,1457.0,1014.0
28373,15:45.500,15:45.510,2,831.0,766.0,1003.0,1011.0,1266.0,810.0,1420.0,1021.0
28388,15:46.000,15:46.010,2,1214.0,846.0,1380.0,1054.0,794.0,781.0,969.0,1027.0
28403,15:46.500,15:46.510,2,837.0,811.0,1003.0,1055.0,1278.0,896.0,1433.0,1110.0
28418,15:47.000,15:47.010,2,848.0,793.0,1016.0,1024.0,1296.0,854.0,1445.0,1061.0
28433,15:47.500,15:47.512,2,890.0,762.0,1060.0,985.0,1280.0,815.0,1428.0,1017.0
28448,15:48.000,15:48.012,2,897.0,791.0,1066.0,1012.0,1293.0,835.0,1438.0,1036.0
28463,15:48.500,15:48.512,2,917.0,907.0,1085.0,1133.0,1323.0,912.0,1472.0,1116.0
28478,15:49.000,15:49.012,2,921.0,890.0,1090.0,1116.0,1324.0,890.0,1474.0,1093.0
28493,15:49.500,15:49.512,2,923.0,1063.0,1091.0,1304.0,1329.0,1035.0,1487.0,1248.0
28508,15:50.000,15:50.012,2,869.0,883.0,1036.0,1109.0,1298.0,928.0,1447.0,1135.0
28523,15:50.500,15:50.512,2,820.0,771.0,988.0,1008.0,1285.0,803.0,1433.0,1006.0
28538,15:51.000,15:51.012,2,697.0,781.0,883.0,1032.0,1222.0,763.0,1368.0,962.0
28553,15:51.500,15:51.512,2,812.0,777.0,980.0,1003.0,1245.0,786.0,1393.0,985.0
28568,15:52.000,15:52.013,2,742.0,752.0,912.0,974.0,1159.0,770.0,1308.0,964.0
28583,15:52.500,15:52.513,2,745.0,764.0,918.0,990.0,1166.0,786.0,1311.0,984.0
28598,15:53.000,15:53.013,2,717.0,744.0,888.0,978.0,1166.0,743.0,1313.0,937.0
28613,15:53.500,15:53.513,2,783.0,729.0,949.0,956.0,1218.0,751.0,1363.0,949.0
28628,15:54.000,15:54.013,2,776.0,675.0,943.0,914.0,1208.0,718.0,1356.0,917.0
28643,15:54.500,15:54.513,2,779.0,682.0,946.0,910.0,1217.0,729.0,1367.0,926.0
28658,15:55.000,15:55.013,2,810.0,697.0,974.0,923.0,1254.0,729.0,1404.0,931.0
28673,15:55.500,15:55.513,2,1011.0,799.0,1167.0,1020.0,1446.0,847.0,1597.0,1055.0
28688,15:56.000,15:56.015,2,961.0,742.0,1120.0,965.0,1397.0,791.0,1547.0,995.0
28703,15:56.500,15:56.507,2,965.0,716.0,1123.0,937.0,1403.0,774.0,1551.0,971.0
28718,15:57.000,15:57.007,2,985.0,729.0,1145.0,953.0,1427.0,797.0,1576.0,1000.0
28733,15:57.500,15:57.507,2,1036.0,676.0,1194.0,900.0,1466.0,762.0,1615.0,970.0
28748,15:58.000,15:58.007,2,1096.0,672.0,1260.0,891.0,1515.0,763.0,1668.0,973.0
28763,15:58.500,15:58.507,2,978.0,652.0,1148.0,876.0,1623.0,785.0,1774.0,995.0
28778,15:59.000,15:59.007,2,718.0,612.0,888.0,850.0,1702.0,747.0,1862.0,972.0
28793,15:59.500,15:59.507,2,1714.0,761.0,1874.0,986.0,741.0,626.0,910.0,861.0
28808,16:00.000,16:00.007,2,635.0,639.0,807.0,883.0,1624.0,739.0,1776.0,960.0
28823,16:00.500,16:00.508,2,631.0,653.0,802.0,894.0,1622.0,757.0,1775.0,976.0
28838,16:01.000,16:01.008,2,685.0,665.0,855.0,903.0,1680.0,779.0,1834.0,1005.0
28853,16:01.500,16:01.508,2,606.0,656.0,780.0,899.0,1602.0,766.0,1754.0,983.0
28868,16:02.000,16:02.008,2,626.0,673.0,799.0,915.0,1621.0,758.0,1773.0,978.0
28883,16:02.500,16:02.508,2,657.0,718.0,825.0,955.0,1653.0,776.0,1807.0,999.0
28898,16:03.000,16:03.008,2,1687.0,764.0,1847.0,989.0,692.0,697.0,862.0,932.0
28913,16:03.500,16:03.508,2,678.0,682.0,846.0,911.0,1687.0,749.0,1844.0,970.0
28928,16:04.000,16:04.008,2,655.0,684.0,826.0,914.0,1661.0,743.0,1815.0,962.0
28943,16:04.500,16:04.510,2,666.0,664.0,839.0,896.0,1674.0,730.0,1830.0,950.0
28958,16:05.000,16:05.010,2,652.0,675.0,824.0,905.0,1653.0,737.0,1808.0,953.0
28973,16:05.500,16:05.510,2,590.0,692.0,764.0,928.0,1591.0,759.0,1744.0,974.0
28988,16:06.000,16:06.010,2,541.0,680.0,721.0,920.0,1552.0,734.0,1701.0,948.0
29003,16:06.500,16:06.510,2,581.0,649.0,755.0,888.0,1586.0,711.0,1736.0,923.0
29018,16:07.000,16:07.010,2,619.0,659.0,793.0,895.0,1620.0,725.0,1773.0,943.0
29033,16:07.500,16:07.510,2,653.0,669.0,824.0,898.0,1653.0,738.0,1808.0,954.0
29048,16:08.000,16:08.010,2,696.0,669.0,864.0,899.0,1693.0,748.0,1853.0,968.0
29063,16:08.500,16:08.512,2,630.0,637.0,802.0,873.0,1634.0,694.0,1786.0,906.0
29078,16:09.000,16:09.012,2,672.0,599.0,842.0,834.0,1675.0,681.0,1830.0,900.0
29093,16:09.500,16:09.512,2,653.0,606.0,826.0,841.0,1652.0,689.0,1809.0,904.0
29108,16:10.000,16:10.012,2,637.0,598.0,808.0,834.0,1644.0,673.0,1799.0,891.0
29123,16:10.500,16:10.512,2,605.0,619.0,779.0,859.0,1615.0,669.0,1768.0,884.0
29138,16:11.000,16:11.012,2,552.0,703.0,723.0,939.0,1585.0,701.0,1733.0,910.0
29153,16:11.500,16:11.512,2,571.0,717.0,736.0,945.0,1589.0,704.0,1739.0,915.0
29168,16:12.000,16:12.012,2,587.0,703.0,756.0,940.0,1567.0,696.0,1720.0,906.0
29183,16:12.500,16:12.512,2,596.0,689.0,765.0,931.0,1557.0,689.0,1711.0,902.0
29198,16:13.000,16:13.013,2,617.0,690.0,788.0,927.0,1583.0,706.0,1736.0,920.0
29213,16:13.500,16:13.513,2,628.0,654.0,796.0,891.0,1604.0,725.0,1761.0,942.0
29228,16:14.000,16:14.013,2,634.0,607.0,803.0,839.0,1621.0,702.0,1778.0,916.0
29243,16:14.500,16:14.513,2,636.0,615.0,803.0,845.0,1620.0,701.0,1776.0,913.0
29258,16:15.000,16:15.013,2,634.0,605.0,801.0,837.0,1623.0,696.0,1779.0,911.0
29273,16:15.500,16:15.513,2,634.0,600.0,801.0,833.0,1624.0,693.0,1780.0,907.0
29288,16:16.000,16:16.013,2,630.0,607.0,799.0,840.0,1619.0,689.0,1774.0,902.0
29303,16:16.500,16:16.505,2,633.0,604.0,802.0,836.0,1619.0,688.0,1774.0,901.0
29318,16:17.000,16:17.007,2,633.0,601.0,802.0,835.0,1621.0,688.0,1775.0,902.0
29333,16:17.500,16:17.507,2,635.0,598.0,803.0,832.0,1620.0,682.0,1775.0,896.0
29348,16:18.000,16:18.007,2,636.0,595.0,805.0,831.0,1619.0,677.0,1775.0,893.0
29363,16:18.500,16:18.507,2,1624.0,671.0,1780.0,891.0,643.0,597.0,813.0,829.0
29378,16:19.000,16:19.007,2,1619.0,672.0,1774.0,890.0,709.0,603.0,855.0,819.0
29393,16:19.500,16:19.507,2,1618.0,669.0,1773.0,888.0,726.0,597.0,877.0,817.0
29408,16:20.000,16:20.007,2,1618.0,669.0,1774.0,889.0,715.0,594.0,860.0,812.0
29423,16:20.500,16:20.507,2,647.0,595.0,814.0,827.0,1618.0,677.0,1773.0,894.0
29438,16:21.000,16:21.008,2,1619.0,675.0,1774.0,891.0,586.0,595.0,749.0,826.0
29453,16:21.500,16:21.508,2,1617.0,673.0,1772.0,890.0,548.0,605.0,712.0,834.0
29468,16:22.000,16:22.008,2,1617.0,672.0,1772.0,887.0,552.0,605.0,713.0,828.0
29483,16:22.500,16:22.508,2,1631.0,669.0,1786.0,885.0,578.0,595.0,741.0,832.0
29498,16:23.000,16:23.008,2,601.0,630.0,770.0,867.0,1686.0,717.0,1815.0,920.0
29513,16:23.500,16:23.508,2,606.0,628.0,774.0,864.0,1690.0,702.0,1813.0,902.0
29528,16:24.000,16:24.008,2,627.0,637.0,796.0,871.0,1708.0,736.0,1804.0,921.0
29543,16:24.500,16:24.508,2,624.0,641.0,792.0,872.0,1648.0,728.0,1764.0,929.0
29558,16:25.000,16:25.008,1,625.0,637.0,794.0,868.0,,,,
29573,16:25.500,16:25.510,1,626.0,635.0,794.0,866.0,,,,
29588,16:26.000,16:26.010,1,624.0,637.0,792.0,866.0,,,,
29603,16:26.500,16:26.510,1,623.0,638.0,791.0,868.0,,,,
29618,16:27.000,16:27.010,2,618.0,636.0,787.0,866.0,1655.0,706.0,1785.0,893.0
29633,16:27.500,16:27.510,2,570.0,637.0,737.0,874.0,1605.0,694.0,1749.0,889.0
29648,16:28.000,16:28.010,2,571.0,638.0,738.0,873.0,1628.0,681.0,1779.0,883.0
29663,16:28.500,16:28.510,2,574.0,640.0,739.0,876.0,1651.0,686.0,1800.0,892.0
29678,16:29.000,16:29.010,2,573.0,641.0,738.0,875.0,1657.0,691.0,1807.0,896.0
29693,16:29.500,16:29.512,2,568.0,637.0,735.0,872.0,1653.0,683.0,1801.0,887.0
29708,16:30.000,16:30.012,2,567.0,636.0,734.0,871.0,1651.0,685.0,1799.0,888.0
29723,16:30.500,16:30.512,2,567.0,635.0,735.0,867.0,1654.0,681.0,1800.0,886.0
29738,16:31.000,16:31.012,2,558.0,636.0,722.0,864.0,1653.0,678.0,1801.0,885.0
29753,16:31.500,16:31.512,2,1651.0,674.0,1798.0,882.0,480.0,642.0,613.0,858.0
29768,16:32.000,16:32.012,1,1653.0,673.0,1799.0,882.0,,,,
29783,16:32.500,16:32.512,2,1659.0,676.0,1808.0,883.0,506.0,658.0,617.0,845.0
29798,16:33.000,16:33.012,2,1659.0,674.0,1808.0,882.0,587.0,636.0,700.0,833.0
29813,16:33.500,16:33.513,2,1658.0,683.0,1806.0,887.0,608.0,622.0,740.0,843.0
29828,16:34.000,16:34.013,2,1656.0,675.0,1803.0,884.0,624.0,602.0,774.0,823.0
29843,16:34.500,16:34.513,2,689.0,582.0,855.0,808.0,1655.0,670.0,1801.0,882.0
29858,16:35.000,16:35.013,2,714.0,589.0,881.0,811.0,1654.0,672.0,1799.0,881.0
29873,16:35.500,16:35.513,2,748.0,592.0,906.0,809.0,1654.0,669.0,1801.0,880.0
29888,16:36.000,16:36.005,2,1653.0,668.0,1799.0,879.0,778.0,601.0,922.0,811.0
29903,16:36.500,16:36.505,2,1655.0,667.0,1802.0,876.0,783.0,596.0,928.0,803.0
29918,16:37.000,16:37.005,2,1656.0,663.0,1803.0,874.0,764.0,594.0,910.0,807.0
29933,16:37.500,16:37.505,2,1647.0,651.0,1794.0,856.0,764.0,593.0,909.0,808.0
29948,16:38.000,16:38.007,2,1634.0,637.0,1783.0,831.0,762.0,588.0,909.0,803.0
29963,16:38.500,16:38.507,2,1643.0,637.0,1793.0,838.0,765.0,587.0,910.0,800.0
29978,16:39.000,16:39.007,2,1645.0,632.0,1795.0,840.0,764.0,580.0,909.0,792.0
29993,16:39.500,16:39.507,2,1657.0,639.0,1808.0,850.0,761.0,577.0,907.0,789.0
30008,16:40.000,16:40.007,2,1657.0,639.0,1807.0,851.0,757.0,578.0,904.0,792.0
30023,16:40.500,16:40.507,2,1384.0,633.0,1520.0,835.0,453.0,573.0,614.0,802.0
30038,16:41.000,16:41.007,2,558.0,583.0,719.0,809.0,1472.0,616.0,1612.0,823.0
30053,16:41.500,16:41.507,2,1653.0,650.0,1802.0,858.0,751.0,571.0,901.0,785.0
30067,16:42.000,16:42.000,2,1649.0,619.0,1799.0,832.0,743.0,548.0,895.0,768.0
30080,16:42.500,16:42.508,2,1651.0,622.0,1800.0,834.0,746.0,549.0,899.0,770.0
30095,16:43.000,16:43.008,2,1654.0,617.0,1804.0,830.0,750.0,539.0,903.0,761.0
30110,16:43.500,16:43.508,2,1656.0,608.0,1807.0,822.0,752.0,529.0,902.0,753.0
30125,16:44.000,16:44.008,2,1662.0,617.0,1814.0,828.0,762.0,531.0,909.0,752.0
30140,16:44.500,16:44.508,2,1664.0,621.0,1815.0,834.0,762.0,534.0,909.0,754.0
30155,16:45.000,16:45.008,2,705.0,534.0,870.0,763.0,1664.0,624.0,1814.0,837.0
30170,16:45.500,16:45.508,2,692.0,536.0,857.0,770.0,1661.0,623.0,1812.0,837.0
30185,16:46.000,16:46.010,2,695.0,527.0,861.0,760.0,1661.0,620.0,1812.0,832.0
30200,16:46.500,16:46.510,2,697.0,526.0,863.0,758.0,1660.0,619.0,1812.0,830.0
30215,16:47.000,16:47.010,2,696.0,536.0,862.0,768.0,1662.0,627.0,1812.0,837.0
30230,16:47.500,16:47.510,2,701.0,536.0,866.0,766.0,1634.0,627.0,1784.0,833.0
30245,16:48.000,16:48.010,2,695.0,534.0,860.0,765.0,1637.0,621.0,1786.0,824.0
30260,16:48.500,16:48.510,2,692.0,529.0,858.0,763.0,1650.0,628.0,1799.0,834.0
30275,16:49.000,16:49.010,2,660.0,530.0,825.0,760.0,1650.0,632.0,1797.0,839.0
30290,16:49.500,16:49.510,2,679.0,521.0,849.0,760.0,1652.0,637.0,1800.0,844.0
30305,16:50.000,16:50.010,2,693.0,550.0,866.0,795.0,1652.0,628.0,1799.0,835.0
30320,16:50.500,16:50.512,2,673.0,541.0,841.0,782.0,1653.0,627.0,1801.0,835.0
30335,16:51.000,16:51.012,2,688.0,540.0,856.0,777.0,1653.0,626.0,1801.0,834.0
30350,16:51.500,16:51.512,2,710.0,551.0,872.0,777.0,1654.0,626.0,1803.0,834.0
30365,16:52.000,16:52.012,2,680.0,545.0,846.0,774.0,1652.0,627.0,1800.0,835.0
30380,16:52.500,16:52.512,2,635.0,548.0,798.0,772.0,1650.0,631.0,1797.0,839.0
30395,16:53.000,16:53.012,2,622.0,569.0,786.0,792.0,1647.0,638.0,1795.0,847.0
30410,16:53.500,16:53.512,2,594.0,579.0,760.0,811.0,1640.0,641.0,1785.0,851.0
30425,16:54.000,16:54.012,2,644.0,585.0,807.0,812.0,1659.0,661.0,1807.0,869.0
30440,16:54.500,16:54.513,2,632.0,585.0,797.0,814.0,1652.0,650.0,1798.0,863.0
30455,16:55.000,16:55.013,2,640.0,606.0,803.0,830.0,1652.0,654.0,1798.0,866.0
30470,16:55.500,16:55.513,2,637.0,604.0,800.0,830.0,1651.0,653.0,1795.0,863.0
30485,16:56.000,16:56.013,2,635.0,603.0,798.0,829.0,1651.0,652.0,1796.0,863.0
30500,16:56.500,16:56.513,2,631.0,605.0,793.0,830.0,1650.0,652.0,1795.0,862.0
30515,16:57.000,16:57.005,2,1650.0,655.0,1794.0,865.0,640.0,605.0,801.0,822.0
30530,16:57.500,16:57.505,2,1650.0,653.0,1796.0,875.0,638.0,606.0,801.0,827.0
30545,16:58.000,16:58.005,2,1649.0,652.0,1795.0,869.0,639.0,607.0,802.0,826.0
30560,16:58.500,16:58.507,2,641.0,601.0,803.0,826.0,1649.0,649.0,1796.0,865.0
30575,16:59.000,16:59.007,2,642.0,596.0,803.0,823.0,1649.0,645.0,1797.0,861.0
30590,16:59.500,16:59.507,2,660.0,598.0,820.0,820.0,1649.0,646.0,1797.0,853.0
30605,17:00.000,17:00.007,2,677.0,590.0,837.0,812.0,1650.0,644.0,1797.0,852.0
30620,17:00.500,17:00.507,2,687.0,598.0,846.0,817.0,1650.0,645.0,1796.0,851.0
30635,17:01.000,17:01.007,2,686.0,603.0,846.0,823.0,1655.0,648.0,1802.0,856.0
30650,17:01.500,17:01.507,2,691.0,604.0,851.0,821.0,1659.0,649.0,1807.0,858.0
30665,17:02.000,17:02.007,2,683.0,606.0,841.0,821.0,1655.0,649.0,1802.0,856.0
30680,17:02.500,17:02.507,2,682.0,601.0,839.0,818.0,1654.0,644.0,1802.0,852.0
30695,17:03.000,17:03.008,2,684.0,598.0,840.0,815.0,1653.0,640.0,1801.0,849.0
30710,17:03.500,17:03.508,2,685.0,598.0,843.0,814.0,1653.0,641.0,1801.0,849.0
30725,17:04.000,17:04.008,2,685.0,597.0,842.0,814.0,1651.0,640.0,1799.0,847.0
30740,17:04.500,17:04.508,2,685.0,597.0,841.0,813.0,1651.0,639.0,1798.0,846.0
30755,17:05.000,17:05.008,2,684.0,599.0,841.0,816.0,1655.0,668.0,1803.0,866.0
30770,17:05.500,17:05.508,2,686.0,600.0,842.0,816.0,1648.0,673.0,1797.0,871.0
30785,17:06.000,17:06.008,2,682.0,605.0,840.0,821.0,1650.0,662.0,1797.0,862.0
30800,17:06.500,17:06.508,2,680.0,596.0,838.0,813.0,1645.0,647.0,1793.0,848.0
30815,17:07.000,17:07.010,2,681.0,591.0,840.0,809.0,1622.0,626.0,1769.0,828.0
30830,17:07.500,17:07.510,2,683.0,591.0,842.0,809.0,1649.0,627.0,1788.0,828.0
30845,17:08.000,17:08.010,2,683.0,591.0,841.0,808.0,1659.0,630.0,1795.0,833.0
30860,17:08.500,17:08.510,2,680.0,591.0,839.0,811.0,1689.0,636.0,1811.0,830.0
30875,17:09.000,17:09.010,2,681.0,592.0,840.0,811.0,1667.0,631.0,1806.0,835.0
30890,17:09.500,17:09.510,2,682.0,593.0,840.0,814.0,1629.0,638.0,1776.0,843.0
30905,17:10.000,17:10.010,2,679.0,593.0,838.0,813.0,1630.0,632.0,1775.0,835.0
30920,17:10.500,17:10.510,2,681.0,584.0,840.0,803.0,1636.0,626.0,1782.0,830.0
30935,17:11.000,17:11.012,2,681.0,582.0,840.0,800.0,1636.0,621.0,1784.0,827.0
30950,17:11.500,17:11.512,2,680.0,582.0,840.0,799.0,1637.0,618.0,1785.0,824.0
30965,17:12.000,17:12.012,2,680.0,581.0,840.0,798.0,1638.0,620.0,1786.0,825.0
30980,17:12.500,17:12.512,2,677.0,581.0,838.0,800.0,1636.0,619.0,1784.0,824.0
30995,17:13.000,17:13.012,2,680.0,581.0,840.0,799.0,1639.0,620.0,1787.0,823.0
31010,17:13.500,17:13.512,2,679.0,583.0,839.0,802.0,1638.0,623.0,1786.0,827.0
31025,17:14.000,17:14.012,2,676.0,582.0,838.0,803.0,1637.0,619.0,1785.0,824.0
31040,17:14.500,17:14.512,2,669.0,571.0,830.0,788.0,1639.0,614.0,1787.0,820.0
31055,17:15.000,17:15.012,2,668.0,573.0,831.0,792.0,1640.0,612.0,1788.0,820.0
31070,17:15.500,17:15.513,2,674.0,572.0,835.0,787.0,1642.0,611.0,1790.0,819.0
31085,17:16.000,17:16.013,2,674.0,573.0,834.0,789.0,1642.0,615.0,1790.0,820.0
31100,17:16.500,17:16.505,2,652.0,574.0,816.0,798.0,1640.0,616.0,1787.0,822.0
31115,17:17.000,17:17.005,2,638.0,576.0,806.0,807.0,1642.0,619.0,1790.0,823.0
31130,17:17.500,17:17.505,2,639.0,583.0,808.0,817.0,1639.0,623.0,1786.0,827.0
31145,17:18.000,17:18.005,2,638.0,578.0,808.0,809.0,1639.0,615.0,1786.0,821.0
31160,17:18.500,17:18.505,2,636.0,577.0,806.0,808.0,1639.0,609.0,1786.0,820.0
31175,17:19.000,17:19.005,2,633.0,571.0,802.0,798.0,1637.0,602.0,1783.0,812.0
31190,17:19.500,17:19.507,2,637.0,570.0,804.0,796.0,1640.0,602.0,1787.0,811.0
31205,17:20.000,17:20.007,2,638.0,570.0,805.0,797.0,1641.0,603.0,1789.0,812.0
31220,17:20.500,17:20.507,2,638.0,569.0,805.0,795.0,1641.0,604.0,1788.0,810.0
31235,17:21.000,17:21.007,2,639.0,571.0,807.0,797.0,1641.0,605.0,1787.0,816.0
31250,17:21.500,17:21.507,2,632.0,572.0,800.0,799.0,1634.0,603.0,1780.0,812.0
31265,17:22.000,17:22.007,2,634.0,567.0,803.0,792.0,1636.0,601.0,1781.0,807.0
31280,17:22.500,17:22.507,2,638.0,567.0,807.0,795.0,1636.0,601.0,1780.0,807.0
31295,17:23.000,17:23.007,2,639.0,568.0,808.0,795.0,1635.0,601.0,1780.0,807.0
31310,17:23.500,17:23.507,2,637.0,567.0,806.0,794.0,1635.0,599.0,1780.0,807.0
31325,17:24.000,17:24.008,2,636.0,566.0,805.0,794.0,1633.0,598.0,1778.0,807.0
31340,17:24.500,17:24.508,2,634.0,569.0,803.0,798.0,1631.0,598.0,1777.0,809.0
31355,17:25.000,17:25.008,2,631.0,573.0,800.0,802.0,1628.0,600.0,1775.0,810.0
31370,17:25.500,17:25.508,2,627.0,575.0,797.0,804.0,1624.0,605.0,1771.0,817.0
31385,17:26.000,17:26.008,2,629.0,574.0,799.0,803.0,1618.0,605.0,1766.0,821.0
31400,17:26.500,17:26.508,2,630.0,573.0,799.0,803.0,1621.0,605.0,1769.0,821.0
31415,17:27.000,17:27.008,2,628.0,574.0,798.0,804.0,1620.0,604.0,1768.0,821.0
31430,17:27.500,17:27.508,2,628.0,572.0,799.0,802.0,1619.0,603.0,1766.0,819.0
31445,17:28.000,17:28.010,2,627.0,573.0,799.0,804.0,1620.0,606.0,1768.0,821.0
31460,17:28.500,17:28.510,2,627.0,576.0,798.0,806.0,1618.0,607.0,1765.0,822.0
31475,17:29.000,17:29.010,2,628.0,576.0,800.0,809.0,1617.0,607.0,1765.0,823.0
31490,17:29.500,17:29.510,2,625.0,577.0,799.0,811.0,1618.0,603.0,1766.0,822.0
31505,17:30.000,17:30.010,2,624.0,576.0,796.0,807.0,1620.0,598.0,1768.0,817.0
31520,17:30.500,17:30.510,2,621.0,578.0,793.0,812.0,1615.0,599.0,1763.0,817.0
31535,17:31.000,17:31.010,2,623.0,578.0,794.0,809.0,1619.0,598.0,1766.0,815.0
31550,17:31.500,17:31.510,2,626.0,579.0,798.0,814.0,1617.0,601.0,1765.0,818.0
31565,17:32.000,17:32.012,2,627.0,581.0,797.0,817.0,1612.0,601.0,1759.0,819.0
31580,17:32.500,17:32.512,2,625.0,578.0,796.0,814.0,1608.0,599.0,1756.0,818.0
31595,17:33.000,17:33.012,2,622.0,577.0,792.0,815.0,1606.0,599.0,1755.0,818.0
31610,17:33.500,17:33.512,2,622.0,578.0,792.0,814.0,1608.0,598.0,1756.0,817.0
31625,17:34.000,17:34.012,2,621.0,578.0,792.0,813.0,1608.0,599.0,1756.0,817.0
31640,17:34.500,17:34.512,2,622.0,579.0,793.0,813.0,1608.0,599.0,1756.0,817.0
31655,17:35.000,17:35.012,2,621.0,576.0,792.0,809.0,1607.0,597.0,1755.0,815.0
31670,17:35.500,17:35.512,2,620.0,577.0,792.0,811.0,1608.0,596.0,1755.0,813.0
31685,17:36.000,17:36.003,2,619.0,578.0,790.0,811.0,1606.0,592.0,1754.0,807.0
31700,17:36.500,17:36.505,2,614.0,577.0,786.0,811.0,1604.0,588.0,1749.0,806.0
31715,17:37.000,17:37.005,2,610.0,576.0,782.0,813.0,1600.0,588.0,1745.0,804.0
31730,17:37.500,17:37.505,2,612.0,574.0,784.0,808.0,1602.0,585.0,1748.0,800.0
31745,17:38.000,17:38.005,2,610.0,574.0,783.0,808.0,1600.0,584.0,1747.0,801.0
31760,17:38.500,17:38.505,2,609.0,573.0,782.0,810.0,1598.0,583.0,1747.0,798.0
31775,17:39.000,17:39.005,2,609.0,574.0,781.0,808.0,1598.0,580.0,1746.0,793.0
31790,17:39.500,17:39.505,2,607.0,573.0,780.0,808.0,1597.0,582.0,1743.0,793.0
31805,17:40.000,17:40.005,2,604.0,578.0,777.0,815.0,1595.0,583.0,1741.0,794.0
31820,17:40.500,17:40.507,2,606.0,577.0,778.0,812.0,1594.0,586.0,1741.0,797.0
31835,17:41.000,17:41.007,2,609.0,577.0,780.0,812.0,1594.0,586.0,1741.0,799.0
31850,17:41.500,17:41.507,2,607.0,576.0,779.0,811.0,1586.0,583.0,1733.0,793.0
31865,17:42.000,17:42.007,2,610.0,577.0,782.0,809.0,1589.0,583.0,1735.0,793.0
31880,17:42.500,17:42.507,2,608.0,577.0,780.0,811.0,1587.0,583.0,1734.0,794.0
31895,17:43.000,17:43.007,2,605.0,577.0,778.0,811.0,1585.0,584.0,1732.0,793.0
31910,17:43.500,17:43.507,2,607.0,579.0,778.0,814.0,1587.0,585.0,1733.0,795.0
31925,17:44.000,17:44.007,2,604.0,583.0,777.0,818.0,1569.0,589.0,1715.0,801.0
31940,17:44.500,17:44.508,2,603.0,584.0,775.0,819.0,1517.0,605.0,1671.0,817.0
31955,17:45.000,17:45.008,2,603.0,579.0,776.0,816.0,1503.0,606.0,1658.0,817.0
31970,17:45.500,17:45.508,2,602.0,578.0,775.0,814.0,1518.0,611.0,1670.0,822.0
31985,17:46.000,17:46.008,2,601.0,578.0,774.0,816.0,1513.0,613.0,1668.0,833.0
32000,17:46.500,17:46.508,2,602.0,578.0,775.0,814.0,1521.0,614.0,1674.0,825.0
32015,17:47.000,17:47.008,2,599.0,575.0,774.0,811.0,1529.0,613.0,1678.0,823.0
32030,17:47.500,17:47.508,2,611.0,579.0,781.0,812.0,1533.0,611.0,1684.0,825.0
32045,17:48.000,17:48.008,2,612.0,588.0,782.0,822.0,1536.0,606.0,1686.0,820.0
32060,17:48.500,17:48.508,2,611.0,601.0,780.0,837.0,1543.0,601.0,1692.0,817.0
32075,17:49.000,17:49.010,2,602.0,597.0,773.0,832.0,1542.0,601.0,1691.0,817.0
32090,17:49.500,17:49.510,2,599.0,597.0,770.0,834.0,1538.0,601.0,1686.0,819.0
32105,17:50.000,17:50.010,2,597.0,607.0,766.0,841.0,1533.0,594.0,1679.0,811.0
32120,17:50.500,17:50.510,2,604.0,608.0,774.0,845.0,1532.0,597.0,1678.0,815.0
32135,17:51.000,17:51.010,2,596.0,612.0,766.0,846.0,1532.0,596.0,1678.0,818.0
32150,17:51.500,17:51.510,2,597.0,608.0,766.0,843.0,1533.0,600.0,1679.0,815.0
32165,17:52.000,17:52.010,2,600.0,600.0,769.0,836.0,1536.0,591.0,1683.0,806.0
32180,17:52.500,17:52.510,2,601.0,603.0,770.0,838.0,1538.0,589.0,1684.0,806.0
32195,17:53.000,17:53.012,2,600.0,601.0,769.0,836.0,1537.0,587.0,1684.0,806.0
32210,17:53.500,17:53.512,2,599.0,601.0,770.0,839.0,1537.0,595.0,1683.0,810.0
32225,17:54.000,17:54.012,2,597.0,608.0,766.0,844.0,1533.0,601.0,1679.0,817.0
32240,17:54.500,17:54.512,2,597.0,606.0,767.0,843.0,1534.0,600.0,1679.0,816.0
32255,17:55.000,17:55.012,2,592.0,615.0,762.0,850.0,1532.0,601.0,1677.0,817.0
32270,17:55.500,17:55.512,2,587.0,615.0,758.0,850.0,1530.0,600.0,1675.0,815.0
32285,17:56.000,17:56.003,2,590.0,609.0,759.0,844.0,1533.0,597.0,1679.0,809.0
32300,17:56.500,17:56.503,2,588.0,610.0,758.0,843.0,1532.0,597.0,1677.0,809.0
32315,17:57.000,17:57.003,2,587.0,608.0,758.0,843.0,1531.0,597.0,1677.0,809.0
32330,17:57.500,17:57.505,2,588.0,594.0,759.0,833.0,1533.0,586.0,1678.0,803.0
32345,17:58.000,17:58.005,2,587.0,603.0,757.0,838.0,1530.0,589.0,1676.0,804.0
32360,17:58.500,17:58.505,2,584.0,604.0,754.0,837.0,1529.0,593.0,1673.0,810.0
32375,17:59.000,17:59.005,2,570.0,611.0,744.0,846.0,1518.0,602.0,1664.0,819.0
32390,17:59.500,17:59.505,2,562.0,616.0,735.0,850.0,1507.0,604.0,1653.0,819.0
32405,18:00.000,18:00.005,2,571.0,622.0,744.0,859.0,1513.0,614.0,1662.0,830.0
32420,18:00.500,18:00.505,2,572.0,627.0,745.0,865.0,1527.0,622.0,1670.0,832.0
32435,18:01.000,18:01.005,2,568.0,632.0,741.0,866.0,1556.0,614.0,1698.0,823.0
32450,18:01.500,18:01.507,2,573.0,627.0,747.0,864.0,1556.0,615.0,1700.0,821.0
32465,18:02.000,18:02.007,2,579.0,626.0,748.0,858.0,1557.0,622.0,1702.0,830.0
32480,18:02.500,18:02.507,2,587.0,632.0,758.0,868.0,1561.0,626.0,1706.0,832.0
32495,18:03.000,18:03.007,2,594.0,636.0,765.0,872.0,1567.0,639.0,1711.0,847.0
32510,18:03.500,18:03.507,2,598.0,642.0,768.0,877.0,1568.0,644.0,1713.0,856.0
32525,18:04.000,18:04.007,2,597.0,639.0,768.0,874.0,1570.0,641.0,1715.0,849.0
32540,18:04.500,18:04.507,2,594.0,638.0,766.0,872.0,1571.0,637.0,1715.0,842.0
32555,18:05.000,18:05.007,2,597.0,635.0,769.0,870.0,1572.0,639.0,1717.0,845.0
32570,18:05.500,18:05.508,2,597.0,634.0,769.0,867.0,1572.0,635.0,1716.0,840.0
32585,18:06.000,18:06.008,2,597.0,633.0,768.0,866.0,1574.0,635.0,1718.0,837.0
32600,18:06.500,18:06.508,2,598.0,633.0,769.0,866.0,1570.0,633.0,1714.0,841.0
32615,18:07.000,18:07.008,2,598.0,636.0,769.0,870.0,1568.0,636.0,1713.0,845.0
32630,18:07.500,18:07.508,2,598.0,636.0,769.0,872.0,1568.0,637.0,1713.0,847.0
32645,18:08.000,18:08.008,2,599.0,634.0,769.0,869.0,1569.0,637.0,1714.0,844.0
32660,18:08.500,18:08.508,2,614.0,645.0,784.0,879.0,1586.0,644.0,1733.0,853.0
32675,18:09.000,18:09.008,2,685.0,632.0,851.0,862.0,1654.0,663.0,1806.0,875.0
32690,18:09.500,18:09.508,2,676.0,628.0,843.0,854.0,1648.0,667.0,1796.0,878.0
32705,18:10.000,18:10.010,2,683.0,609.0,847.0,837.0,1653.0,661.0,1802.0,872.0
32720,18:10.500,18:10.510,2,657.0,615.0,826.0,844.0,1634.0,672.0,1783.0,883.0
32735,18:11.000,18:11.010,2,639.0,628.0,808.0,858.0,1615.0,682.0,1762.0,893.0
32750,18:11.500,18:11.510,2,633.0,598.0,805.0,833.0,1613.0,654.0,1761.0,866.0
32765,18:12.000,18:12.010,2,626.0,628.0,798.0,862.0,1606.0,661.0,1753.0,876.0
32780,18:12.500,18:12.510,2,625.0,629.0,797.0,864.0,1603.0,659.0,1749.0,870.0
32795,18:13.000,18:13.010,2,557.0,644.0,731.0,882.0,1538.0,660.0,1681.0,872.0
32810,18:13.500,18:13.510,2,577.0,642.0,749.0,884.0,1558.0,662.0,1703.0,877.0
32825,18:14.000,18:14.012,2,587.0,642.0,757.0,884.0,1565.0,660.0,1710.0,874.0
32840,18:14.500,18:14.512,2,581.0,642.0,752.0,884.0,1564.0,663.0,1709.0,874.0
32855,18:15.000,18:15.012,2,592.0,639.0,762.0,881.0,1569.0,660.0,1715.0,872.0
32870,18:15.500,18:15.512,2,833.0,303.0,997.0,551.0,1854.0,335.0,2029.0,580.0
32885,18:16.000,18:16.003,2,1759.0,388.0,1924.0,622.0,747.0,329.0,917.0,576.0
32900,18:16.500,18:16.503,2,1749.0,452.0,1914.0,684.0,748.0,378.0,917.0,624.0
32915,18:17.000,18:17.003,2,724.0,411.0,891.0,655.0,1717.0,484.0,1876.0,710.0
32930,18:17.500,18:17.503,2,1710.0,463.0,1870.0,697.0,710.0,396.0,879.0,643.0
32945,18:18.000,18:18.005,2,760.0,427.0,926.0,665.0,1760.0,492.0,1922.0,722.0
32960,18:18.500,18:18.505,2,724.0,447.0,891.0,690.0,1723.0,503.0,1880.0,728.0
32975,18:19.000,18:19.005,2,722.0,494.0,889.0,737.0,1714.0,531.0,1872.0,754.0
32990,18:19.500,18:19.505,2,673.0,595.0,840.0,831.0,1648.0,667.0,1796.0,881.0
33005,18:20.000,18:20.005,2,657.0,557.0,826.0,792.0,1634.0,612.0,1783.0,831.0
33020,18:20.500,18:20.505,2,644.0,523.0,811.0,763.0,1621.0,577.0,1769.0,791.0
33035,18:21.000,18:21.005,2,625.0,552.0,795.0,787.0,1609.0,592.0,1757.0,809.0
33050,18:21.500,18:21.505,2,624.0,548.0,794.0,786.0,1611.0,596.0,1759.0,811.0
33065,18:22.000,18:22.005,2,614.0,553.0,784.0,793.0,1601.0,600.0,1751.0,822.0
33080,18:22.500,18:22.507,2,735.0,459.0,902.0,700.0,1732.0,520.0,1889.0,745.0
33095,18:23.000,18:23.007,2,663.0,455.0,836.0,701.0,1665.0,514.0,1819.0,737.0
33110,18:23.500,18:23.507,2,660.0,488.0,832.0,729.0,1657.0,547.0,1811.0,765.0
33125,18:24.000,18:24.007,2,670.0,495.0,839.0,736.0,1667.0,557.0,1819.0,776.0
33140,18:24.500,18:24.507,2,663.0,508.0,832.0,747.0,1656.0,567.0,1807.0,786.0
33155,18:25.000,18:25.007,2,663.0,514.0,832.0,754.0,1652.0,576.0,1803.0,795.0
33170,18:25.500,18:25.507,2,647.0,517.0,816.0,755.0,1636.0,571.0,1784.0,789.0
33185,18:26.000,18:26.007,2,648.0,516.0,816.0,756.0,1637.0,573.0,1787.0,790.0
33200,18:26.500,18:26.508,2,648.0,520.0,814.0,759.0,1639.0,578.0,1790.0,795.0
33215,18:27.000,18:27.008,2,648.0,515.0,816.0,756.0,1644.0,564.0,1796.0,785.0
33230,18:27.500,18:27.508,2,734.0,473.0,898.0,713.0,1734.0,527.0,1893.0,750.0
33245,18:28.000,18:28.008,2,665.0,514.0,833.0,752.0,1661.0,567.0,1812.0,785.0
33260,18:28.500,18:28.508,2,667.0,534.0,836.0,773.0,1661.0,590.0,1813.0,807.0
33275,18:29.000,18:29.008,2,655.0,525.0,823.0,764.0,1653.0,585.0,1804.0,805.0
33290,18:29.500,18:29.508,2,669.0,524.0,837.0,757.0,1678.0,592.0,1830.0,808.0
33305,18:30.000,18:30.008,2,675.0,514.0,847.0,752.0,1681.0,574.0,1835.0,793.0
33320,18:30.500,18:30.510,2,692.0,512.0,862.0,756.0,1695.0,583.0,1848.0,798.0
33335,18:31.000,18:31.010,2,682.0,511.0,851.0,755.0,1685.0,574.0,1838.0,789.0
33350,18:31.500,18:31.510,2,682.0,504.0,851.0,744.0,1684.0,556.0,1836.0,774.0
33365,18:32.000,18:32.010,2,682.0,519.0,851.0,757.0,1681.0,574.0,1832.0,787.0
33380,18:32.500,18:32.510,2,709.0,528.0,874.0,767.0,1707.0,577.0,1861.0,794.0
33395,18:33.000,18:33.010,2,717.0,529.0,882.0,767.0,1717.0,580.0,1872.0,798.0
33410,18:33.500,18:33.510,2,709.0,525.0,873.0,763.0,1711.0,573.0,1866.0,789.0
33425,18:34.000,18:34.010,2,695.0,522.0,863.0,760.0,1700.0,569.0,1853.0,786.0
33440,18:34.500,18:34.510,2,684.0,521.0,852.0,758.0,1689.0,569.0,1840.0,780.0
33455,18:35.000,18:35.012,2,673.0,520.0,841.0,759.0,1678.0,561.0,1830.0,777.0
33470,18:35.500,18:35.512,2,670.0,518.0,839.0,758.0,1674.0,558.0,1826.0,774.0
33485,18:36.000,18:36.003,2,660.0,518.0,830.0,759.0,1671.0,550.0,1823.0,770.0
33500,18:36.500,18:36.503,2,660.0,525.0,829.0,766.0,1665.0,565.0,1818.0,783.0
33515,18:37.000,18:37.003,2,654.0,518.0,823.0,758.0,1649.0,565.0,1802.0,781.0
33530,18:37.500,18:37.503,2,658.0,527.0,829.0,765.0,1654.0,583.0,1806.0,803.0
33545,18:38.000,18:38.003,2,633.0,539.0,804.0,780.0,1633.0,576.0,1784.0,794.0
33560,18:38.500,18:38.503,2,566.0,540.0,741.0,786.0,1575.0,513.0,1725.0,730.0
33575,18:39.000,18:39.005,2,564.0,551.0,742.0,801.0,1570.0,528.0,1720.0,747.0
33590,18:39.500,18:39.505,2,556.0,567.0,733.0,813.0,1565.0,531.0,1714.0,752.0
33605,18:40.000,18:40.005,2,548.0,577.0,726.0,824.0,1562.0,545.0,1710.0,766.0
33620,18:40.500,18:40.505,2,545.0,576.0,723.0,825.0,1557.0,538.0,1704.0,758.0
33635,18:41.000,18:41.005,2,555.0,569.0,731.0,813.0,1565.0,532.0,1714.0,750.0
33650,18:41.500,18:41.505,2,561.0,569.0,735.0,813.0,1564.0,534.0,1712.0,754.0
33665,18:42.000,18:42.005,2,554.0,573.0,730.0,818.0,1554.0,539.0,1700.0,758.0
33680,18:42.500,18:42.505,2,567.0,562.0,741.0,806.0,1564.0,535.0,1713.0,756.0
33695,18:43.000,18:43.007,2,558.0,558.0,733.0,802.0,1559.0,525.0,1706.0,745.0
33710,18:43.500,18:43.507,2,562.0,550.0,736.0,798.0,1562.0,521.0,1711.0,742.0
33725,18:44.000,18:44.007,2,628.0,574.0,798.0,815.0,1626.0,536.0,1777.0,756.0
33740,18:44.500,18:44.507,2,618.0,575.0,790.0,813.0,1611.0,503.0,1762.0,724.0
33755,18:45.000,18:45.007,2,601.0,567.0,773.0,810.0,1595.0,497.0,1745.0,717.0
33770,18:45.500,18:45.507,2,604.0,561.0,777.0,804.0,1597.0,495.0,1748.0,715.0
33785,18:46.000,18:46.007,2,591.0,560.0,764.0,807.0,1580.0,490.0,1733.0,713.0
33800,18:46.500,18:46.507,2,575.0,562.0,748.0,807.0,1568.0,492.0,1716.0,711.0
33815,18:47.000,18:47.007,2,545.0,575.0,721.0,818.0,1539.0,501.0,1687.0,716.0
33830,18:47.500,18:47.508,2,541.0,578.0,718.0,824.0,1536.0,503.0,1683.0,719.0
33845,18:48.000,18:48.008,2,545.0,577.0,720.0,820.0,1537.0,502.0,1685.0,717.0
33860,18:48.500,18:48.508,2,542.0,579.0,719.0,824.0,1533.0,502.0,1681.0,719.0
33875,18:49.000,18:49.008,2,541.0,582.0,717.0,830.0,1530.0,501.0,1678.0,719.0
33890,18:49.500,18:49.508,2,534.0,582.0,712.0,829.0,1524.0,500.0,1672.0,718.0
33905,18:50.000,18:50.008,2,534.0,580.0,712.0,825.0,1524.0,499.0,1673.0,717.0
33920,18:50.500,18:50.508,2,531.0,583.0,709.0,830.0,1522.0,502.0,1669.0,717.0
33935,18:51.000,18:51.008,2,527.0,587.0,704.0,832.0,1517.0,501.0,1664.0,717.0
33950,18:51.500,18:51.510,2,518.0,591.0,697.0,835.0,1512.0,497.0,1659.0,710.0
33965,18:52.000,18:52.010,2,513.0,593.0,692.0,836.0,1511.0,496.0,1658.0,711.0
33980,18:52.500,18:52.510,2,512.0,589.0,691.0,834.0,1510.0,494.0,1657.0,709.0
33995,18:53.000,18:53.010,2,514.0,590.0,692.0,833.0,1511.0,496.0,1658.0,709.0
34010,18:53.500,18:53.510,2,505.0,590.0,683.0,832.0,1504.0,489.0,1651.0,703.0
34025,18:54.000,18:54.010,2,518.0,590.0,697.0,833.0,1517.0,503.0,1662.0,716.0
34040,18:54.500,18:54.510,2,517.0,595.0,696.0,836.0,1510.0,514.0,1655.0,731.0
34055,18:55.000,18:55.010,2,509.0,596.0,687.0,838.0,1500.0,513.0,1641.0,720.0
34070,18:55.500,18:55.503,2,505.0,594.0,684.0,833.0,1500.0,510.0,1641.0,719.0
34085,18:56.000,18:56.003,2,504.0,594.0,682.0,831.0,1500.0,511.0,1642.0,718.0
34100,18:56.500,18:56.503,2,506.0,591.0,684.0,830.0,1502.0,513.0,1647.0,721.0
34115,18:57.000,18:57.003,2,504.0,592.0,682.0,831.0,1499.0,515.0,1640.0,721.0
34130,18:57.500,18:57.503,2,503.0,595.0,681.0,833.0,1481.0,530.0,1628.0,730.0
34145,18:58.000,18:58.003,2,501.0,596.0,680.0,834.0,1533.0,536.0,1680.0,737.0
34160,18:58.500,18:58.503,2,513.0,614.0,693.0,848.0,1543.0,552.0,1691.0,750.0
34175,18:59.000,18:59.003,2,496.0,628.0,675.0,865.0,1520.0,574.0,1666.0,768.0
34190,18:59.500,18:59.503,2,498.0,634.0,677.0,871.0,1522.0,580.0,1668.0,776.0
34205,19:00.000,19:00.005,2,500.0,631.0,678.0,872.0,1522.0,579.0,1668.0,775.0
34220,19:00.500,19:00.505,2,498.0,629.0,676.0,865.0,1520.0,574.0,1666.0,769.0
34235,19:01.000,19:01.005,2,515.0,561.0,693.0,804.0,1544.0,526.0,1692.0,723.0
34250,19:01.500,19:01.505,2,525.0,592.0,702.0,831.0,1547.0,558.0,1695.0,756.0
34265,19:02.000,19:02.005,2,529.0,589.0,706.0,830.0,1551.0,558.0,1699.0,757.0
34280,19:02.500,19:02.505,2,525.0,589.0,702.0,828.0,1548.0,561.0,1694.0,756.0
34295,19:03.000,19:03.005,2,531.0,581.0,709.0,819.0,1550.0,560.0,1698.0,756.0
34310,19:03.500,19:03.505,2,528.0,584.0,704.0,821.0,1549.0,557.0,1696.0,754.0
34325,19:04.000,19:04.007,2,531.0,591.0,707.0,830.0,1549.0,559.0,1696.0,757.0
34340,19:04.500,19:04.507,2,521.0,602.0,700.0,840.0,1542.0,543.0,1689.0,751.0
34355,19:05.000,19:05.007,2,524.0,608.0,703.0,847.0,1524.0,519.0,1671.0,736.0
34370,19:05.500,19:05.507,2,528.0,599.0,706.0,836.0,1523.0,502.0,1669.0,724.0
34385,19:06.000,19:06.007,2,525.0,591.0,704.0,833.0,1519.0,488.0,1668.0,715.0
34400,19:06.500,19:06.507,2,519.0,590.0,702.0,834.0,1518.0,487.0,1666.0,712.0
34415,19:07.000,19:07.007,2,519.0,587.0,701.0,833.0,1519.0,482.0,1666.0,708.0
34430,19:07.500,19:07.507,2,516.0,586.0,697.0,833.0,1517.0,481.0,1664.0,706.0
34445,19:08.000,19:08.008,2,515.0,585.0,696.0,832.0,1514.0,479.0,1661.0,707.0
34460,19:08.500,19:08.508,2,513.0,584.0,694.0,832.0,1516.0,480.0,1662.0,705.0
34475,19:09.000,19:09.008,2,516.0,586.0,696.0,832.0,1523.0,477.0,1670.0,701.0
34490,19:09.500,19:09.508,2,509.0,593.0,688.0,835.0,1495.0,491.0,1641.0,714.0
34505,19:10.000,19:10.008,2,501.0,603.0,680.0,843.0,1474.0,510.0,1623.0,724.0
34520,19:10.500,19:10.508,2,495.0,603.0,675.0,844.0,1478.0,505.0,1624.0,719.0
34535,19:11.000,19:11.008,2,498.0,614.0,677.0,849.0,1467.0,522.0,1616.0,734.0
34550,19:11.500,19:11.508,2,507.0,606.0,685.0,843.0,1463.0,526.0,1616.0,731.0
34565,19:12.000,19:12.008,2,534.0,648.0,714.0,895.0,1473.0,616.0,1624.0,824.0
34580,19:12.500,19:12.510,2,528.0,741.0,708.0,983.0,1427.0,687.0,1581.0,893.0
34595,19:13.000,19:13.010,2,336.0,823.0,533.0,1079.0,1283.0,716.0,1439.0,916.0
34610,19:13.500,19:13.510,2,261.0,782.0,461.0,1040.0,1234.0,702.0,1390.0,907.0
34625,19:14.000,19:14.010,2,363.0,683.0,557.0,931.0,1336.0,666.0,1492.0,875.0
34640,19:14.500,19:14.510,2,526.0,570.0,709.0,822.0,1504.0,639.0,1665.0,859.0
34655,19:15.000,19:15.010,2,525.0,532.0,709.0,783.0,1547.0,596.0,1700.0,814.0
34670,19:15.500,19:15.502,2,533.0,543.0,713.0,791.0,1564.0,516.0,1708.0,731.0
34685,19:16.000,19:16.002,2,531.0,547.0,711.0,792.0,1558.0,524.0,1700.0,736.0
34700,19:16.500,19:16.503,2,507.0,563.0,689.0,811.0,1519.0,541.0,1663.0,762.0
34715,19:17.000,19:17.003,2,486.0,573.0,669.0,819.0,1529.0,530.0,1677.0,752.0
34730,19:17.500,19:17.503,2,1596.0,540.0,1748.0,757.0,509.0,563.0,691.0,808.0
34745,19:18.000,19:18.003,2,544.0,564.0,723.0,806.0,1706.0,546.0,1857.0,761.0
34760,19:18.500,19:18.503,2,541.0,614.0,719.0,853.0,1567.0,556.0,1713.0,775.0
34775,19:19.000,19:19.003,2,582.0,648.0,756.0,890.0,1561.0,585.0,1711.0,798.0
34790,19:19.500,19:19.503,2,554.0,635.0,730.0,870.0,1522.0,566.0,1673.0,783.0
34805,19:20.000,19:20.003,2,522.0,609.0,704.0,851.0,1505.0,554.0,1656.0,765.0
34820,19:20.500,19:20.503,2,519.0,634.0,698.0,880.0,1532.0,603.0,1678.0,812.0
34835,19:21.000,19:21.005,2,530.0,632.0,712.0,885.0,1579.0,606.0,1725.0,815.0
34850,19:21.500,19:21.505,2,578.0,591.0,758.0,842.0,1584.0,635.0,1732.0,828.0
34865,19:22.000,19:22.005,2,565.0,606.0,745.0,856.0,1541.0,717.0,1693.0,896.0
34880,19:22.500,19:22.505,2,557.0,615.0,735.0,861.0,1528.0,639.0,1680.0,843.0
34895,19:23.000,19:23.005,2,564.0,613.0,740.0,857.0,1562.0,584.0,1707.0,795.0
34910,19:23.500,19:23.505,2,558.0,609.0,733.0,847.0,1578.0,582.0,1724.0,793.0
34923,19:24.000,19:24.005,2,1344.0,569.0,1508.0,799.0,786.0,608.0,970.0,862.0
34938,19:24.500,19:24.505,2,811.0,597.0,982.0,841.0,1321.0,588.0,1473.0,803.0
34953,19:25.000,19:25.007,2,816.0,582.0,987.0,821.0,1328.0,576.0,1480.0,789.0
34968,19:25.500,19:25.507,2,805.0,585.0,978.0,833.0,1332.0,583.0,1484.0,796.0
34983,19:26.000,19:26.007,2,777.0,595.0,953.0,842.0,1292.0,593.0,1441.0,806.0
34998,19:26.500,19:26.507,2,776.0,604.0,952.0,849.0,1286.0,603.0,1430.0,818.0
35013,19:27.000,19:27.007,2,775.0,591.0,957.0,848.0,1272.0,596.0,1412.0,802.0
35028,19:27.500,19:27.507,2,767.0,546.0,955.0,816.0,1301.0,580.0,1448.0,791.0
35043,19:28.000,19:28.007,2,735.0,529.0,931.0,805.0,1291.0,563.0,1441.0,779.0
35058,19:28.500,19:28.507,2,688.0,602.0,877.0,866.0,1243.0,580.0,1393.0,791.0
35073,19:29.000,19:29.008,2,618.0,747.0,806.0,999.0,1150.0,680.0,1299.0,887.0
35088,19:29.500,19:29.508,2,823.0,176.0,1009.0,445.0,1372.0,69.0,1547.0,298.0
35103,19:30.000,19:30.008,2,801.0,205.0,982.0,469.0,1374.0,123.0,1537.0,362.0
35118,19:30.500,19:30.508,2,1363.0,162.0,1522.0,394.0,789.0,255.0,974.0,527.0
35133,19:31.000,19:31.008,2,1384.0,234.0,1543.0,468.0,822.0,327.0,1003.0,587.0
35148,19:31.500,19:31.508,2,837.0,359.0,1016.0,617.0,1397.0,273.0,1556.0,505.0
35163,19:32.000,19:32.008,2,1412.0,295.0,1570.0,525.0,850.0,388.0,1027.0,641.0
35178,19:32.500,19:32.508,2,861.0,398.0,1037.0,656.0,1415.0,309.0,1572.0,537.0
35193,19:33.000,19:33.008,2,860.0,402.0,1037.0,659.0,1415.0,322.0,1571.0,551.0
35208,19:33.500,19:33.510,2,863.0,406.0,1040.0,666.0,1416.0,329.0,1574.0,557.0
35223,19:34.000,19:34.010,2,863.0,405.0,1035.0,657.0,1413.0,322.0,1570.0,548.0
35238,19:34.500,19:34.510,2,863.0,404.0,1037.0,660.0,1398.0,317.0,1555.0,542.0
35253,19:35.000,19:35.002,2,865.0,404.0,1038.0,659.0,1388.0,322.0,1543.0,544.0
35268,19:35.500,19:35.502,2,866.0,395.0,1042.0,660.0,1389.0,329.0,1544.0,549.0
35283,19:36.000,19:36.002,2,860.0,399.0,1037.0,659.0,1386.0,336.0,1541.0,554.0
35298,19:36.500,19:36.502,2,641.0,510.0,830.0,771.0,1175.0,418.0,1323.0,631.0
35313,19:37.000,19:37.002,2,624.0,553.0,813.0,810.0,1161.0,460.0,1308.0,667.0
35328,19:37.500,19:37.503,2,653.0,568.0,838.0,818.0,1183.0,475.0,1331.0,686.0
35343,19:38.000,19:38.003,2,615.0,578.0,795.0,818.0,1118.0,524.0,1264.0,731.0
35358,19:38.500,19:38.503,2,616.0,597.0,796.0,842.0,1139.0,545.0,1286.0,753.0
35373,19:39.000,19:39.003,2,599.0,598.0,780.0,847.0,1133.0,541.0,1281.0,750.0
35388,19:39.500,19:39.503,2,554.0,659.0,738.0,908.0,1074.0,600.0,1221.0,801.0
35403,19:40.000,19:40.003,2,558.0,819.0,744.0,1068.0,1069.0,723.0,1215.0,920.0
35418,19:40.500,19:40.503,2,468.0,814.0,666.0,1073.0,1006.0,726.0,1153.0,923.0
35433,19:41.000,19:41.003,2,449.0,777.0,649.0,1039.0,996.0,695.0,1141.0,892.0
35448,19:41.500,19:41.505,2,453.0,778.0,652.0,1044.0,1003.0,701.0,1150.0,896.0
35463,19:42.000,19:42.005,2,480.0,751.0,675.0,1019.0,1022.0,682.0,1169.0,880.0
35478,19:42.500,19:42.505,2,470.0,770.0,667.0,1033.0,1021.0,691.0,1167.0,889.0
35493,19:43.000,19:43.005,2,477.0,768.0,673.0,1034.0,1028.0,694.0,1173.0,892.0
35508,19:43.500,19:43.505,2,530.0,761.0,722.0,1019.0,1069.0,683.0,1216.0,886.0
35523,19:44.000,19:44.005,2,614.0,727.0,799.0,982.0,1129.0,668.0,1277.0,875.0
35538,19:44.500,19:44.505,2,628.0,714.0,815.0,966.0,1131.0,664.0,1280.0,866.0
35553,19:45.000,19:45.005,2,611.0,710.0,795.0,959.0,1117.0,666.0,1266.0,867.0
35568,19:45.500,19:45.505,2,609.0,707.0,794.0,959.0,1121.0,677.0,1271.0,870.0
35583,19:46.000,19:46.007,2,599.0,708.0,786.0,960.0,1120.0,678.0,1267.0,869.0
35598,19:46.500,19:46.507,2,598.0,703.0,784.0,955.0,1123.0,674.0,1271.0,865.0
35613,19:47.000,19:47.007,2,604.0,692.0,789.0,940.0,1153.0,709.0,1300.0,885.0
35628,19:47.500,19:47.507,2,619.0,661.0,803.0,907.0,1166.0,696.0,1313.0,868.0
35643,19:48.000,19:48.007,2,662.0,643.0,845.0,895.0,1192.0,685.0,1339.0,850.0
35658,19:48.500,19:48.507,2,660.0,637.0,842.0,892.0,1193.0,682.0,1342.0,845.0
35673,19:49.000,19:49.007,2,659.0,637.0,840.0,888.0,1174.0,621.0,1321.0,818.0
35688,19:49.500,19:49.507,2,652.0,632.0,836.0,880.0,1146.0,589.0,1294.0,795.0
35703,19:50.000,19:50.008,2,643.0,626.0,825.0,879.0,1139.0,582.0,1287.0,785.0
35718,19:50.500,19:50.508,2,638.0,628.0,820.0,882.0,1137.0,587.0,1285.0,789.0
35733,19:51.000,19:51.008,2,637.0,626.0,820.0,879.0,1139.0,586.0,1287.0,788.0
35748,19:51.500,19:51.508,2,637.0,627.0,820.0,881.0,1138.0,586.0,1287.0,788.0
35763,19:52.000,19:52.008,2,644.0,624.0,827.0,875.0,1147.0,584.0,1294.0,790.0
35778,19:52.500,19:52.508,2,654.0,623.0,836.0,873.0,1175.0,573.0,1319.0,779.0
35793,19:53.000,19:53.008,2,653.0,618.0,836.0,870.0,1188.0,579.0,1332.0,781.0
35808,19:53.500,19:53.508,2,661.0,612.0,842.0,861.0,1194.0,572.0,1337.0,774.0
35823,19:54.000,19:54.010,2,665.0,609.0,847.0,860.0,1195.0,572.0,1341.0,772.0
35838,19:54.500,19:54.502,2,663.0,611.0,845.0,861.0,1192.0,576.0,1337.0,778.0
35853,19:55.000,19:55.002,2,609.0,783.0,792.0,1028.0,1139.0,738.0,1283.0,939.0
35868,19:55.500,19:55.502,2,475.0,889.0,671.0,1152.0,1031.0,837.0,1176.0,1037.0
35883,19:56.000,19:56.002,2,504.0,797.0,700.0,1051.0,1050.0,732.0,1194.0,940.0
35898,19:56.500,19:56.502,2,520.0,761.0,714.0,1019.0,1062.0,711.0,1204.0,911.0
35913,19:57.000,19:57.002,2,508.0,648.0,701.0,906.0,1054.0,586.0,1198.0,797.0
35928,19:57.500,19:57.502,2,527.0,577.0,721.0,834.0,1056.0,512.0,1203.0,733.0
35943,19:58.000,19:58.002,2,594.0,562.0,781.0,817.0,1081.0,554.0,1236.0,772.0
35958,19:58.500,19:58.503,2,468.0,772.0,664.0,1027.0,973.0,757.0,1132.0,967.0
35973,19:59.000,19:59.003,2,388.0,777.0,594.0,1032.0,989.0,757.0,1147.0,967.0
35988,19:59.500,19:59.503,2,360.0,744.0,568.0,997.0,1006.0,709.0,1161.0,924.0
36003,20:00.000,20:00.003,2,435.0,752.0,634.0,1010.0,1059.0,696.0,1212.0,914.0
36018,20:00.500,20:00.503,2,489.0,750.0,686.0,1014.0,1066.0,686.0,1219.0,901.0
36033,20:01.000,20:01.003,2,730.0,733.0,902.0,974.0,1252.0,735.0,1404.0,949.0
36048,20:01.500,20:01.503,2,960.0,631.0,1126.0,868.0,1455.0,667.0,1615.0,889.0
36063,20:02.000,20:02.003,2,579.0,659.0,767.0,911.0,1106.0,625.0,1263.0,843.0
36078,20:02.500,20:02.505,2,640.0,588.0,825.0,839.0,1150.0,584.0,1305.0,803.0
36093,20:03.000,20:03.005,2,674.0,707.0,859.0,959.0,1164.0,673.0,1316.0,891.0
36108,20:03.500,20:03.505,2,627.0,690.0,822.0,953.0,1119.0,667.0,1272.0,882.0
36123,20:04.000,20:04.005,2,664.0,702.0,846.0,955.0,1129.0,710.0,1282.0,926.0
36138,20:04.500,20:04.505,2,393.0,683.0,598.0,950.0,925.0,657.0,1084.0,878.0
36153,20:05.000,20:05.005,2,493.0,581.0,690.0,849.0,1010.0,559.0,1166.0,782.0
36168,20:05.500,20:05.505,2,584.0,566.0,774.0,833.0,1085.0,556.0,1237.0,786.0
36183,20:06.000,20:06.005,2,630.0,567.0,818.0,837.0,1122.0,535.0,1270.0,749.0
36198,20:06.500,20:06.505,2,734.0,558.0,913.0,811.0,1225.0,521.0,1377.0,745.0
36213,20:07.000,20:07.007,2,739.0,591.0,917.0,842.0,1234.0,559.0,1385.0,775.0
36228,20:07.500,20:07.507,2,676.0,640.0,859.0,893.0,1187.0,588.0,1337.0,796.0
36243,20:08.000,20:08.007,2,796.0,672.0,972.0,922.0,1306.0,654.0,1457.0,862.0
36258,20:08.500,20:08.507,2,1509.0,586.0,1672.0,794.0,984.0,500.0,1153.0,747.0
36273,20:09.000,20:09.007,2,944.0,518.0,1108.0,756.0,1482.0,604.0,1641.0,808.0
36288,20:09.500,20:09.507,2,834.0,559.0,1005.0,806.0,1397.0,659.0,1559.0,843.0
36303,20:10.000,20:10.007,2,811.0,590.0,984.0,838.0,1327.0,639.0,1482.0,839.0
36318,20:10.500,20:10.507,2,1350.0,631.0,1508.0,844.0,889.0,642.0,1059.0,886.0
36333,20:11.000,20:11.008,2,1379.0,609.0,1534.0,829.0,882.0,651.0,1052.0,889.0
36348,20:11.500,20:11.508,2,859.0,651.0,1030.0,886.0,1353.0,606.0,1508.0,826.0
36363,20:12.000,20:12.008,2,762.0,663.0,938.0,909.0,1254.0,617.0,1404.0,833.0
36378,20:12.500,20:12.508,2,344.0,735.0,554.0,1005.0,898.0,672.0,1051.0,884.0
36393,20:13.000,20:13.008,2,83.0,902.0,329.0,1204.0,707.0,828.0,869.0,1044.0
36408,20:13.500,20:13.508,2,608.0,812.0,791.0,1057.0,1116.0,788.0,1269.0,998.0
36423,20:14.000,20:14.008,2,1392.0,787.0,1546.0,1001.0,898.0,739.0,1059.0,963.0
36438,20:14.500,20:14.500,2,1669.0,851.0,1839.0,1070.0,1212.0,770.0,1376.0,997.0
36453,20:15.000,20:15.002,2,1965.0,822.0,2172.0,1062.0,1491.0,746.0,1668.0,976.0
36468,20:15.500,20:15.502,2,1737.0,692.0,1916.0,913.0,1280.0,646.0,1453.0,880.0
36483,20:16.000,20:16.002,2,1149.0,624.0,1318.0,856.0,1617.0,683.0,1783.0,901.0
36498,20:16.500,20:16.502,2,1524.0,646.0,1687.0,862.0,1007.0,597.0,1172.0,829.0
36513,20:17.000,20:17.002,2,1680.0,710.0,1852.0,930.0,1047.0,691.0,1206.0,919.0
36528,20:17.500,20:17.502,2,1638.0,704.0,1808.0,919.0,1081.0,665.0,1241.0,895.0
36543,20:18.000,20:18.002,2,1614.0,679.0,1778.0,894.0,1095.0,639.0,1256.0,875.0
36558,20:18.500,20:18.502,2,1586.0,665.0,1750.0,880.0,1092.0,630.0,1258.0,858.0
36573,20:19.000,20:19.002,2,1084.0,667.0,1254.0,913.0,1572.0,652.0,1736.0,868.0
36588,20:19.500,20:19.503,2,1559.0,637.0,1722.0,856.0,1065.0,658.0,1238.0,909.0
36603,20:20.000,20:20.003,2,1547.0,650.0,1709.0,866.0,1051.0,613.0,1213.0,840.0
36618,20:20.500,20:20.503,2,1071.0,638.0,1229.0,861.0,1559.0,694.0,1720.0,907.0
36633,20:21.000,20:21.003,2,1548.0,722.0,1709.0,929.0,1057.0,669.0,1214.0,892.0
36648,20:21.500,20:21.503,2,1522.0,762.0,1682.0,975.0,1030.0,734.0,1192.0,953.0
36663,20:22.000,20:22.003,2,1608.0,805.0,1773.0,1022.0,1117.0,801.0,1280.0,1033.0
36678,20:22.500,20:22.503,2,1689.0,822.0,1864.0,1045.0,1188.0,805.0,1357.0,1038.0
36693,20:23.000,20:23.003,2,1261.0,863.0,1429.0,1097.0,1774.0,891.0,1956.0,1123.0
36708,20:23.500,20:23.505,2,1753.0,874.0,1935.0,1107.0,1235.0,876.0,1401.0,1120.0
36723,20:24.000,20:24.005,2,1746.0,868.0,1925.0,1096.0,1217.0,870.0,1386.0,1116.0
36738,20:24.500,20:24.505,2,1678.0,865.0,1850.0,1092.0,1164.0,859.0,1330.0,1089.0
36753,20:25.000,20:25.005,2,722.0,868.0,890.0,1100.0,1246.0,869.0,1397.0,1078.0
36768,20:25.500,20:25.505,2,682.0,823.0,854.0,1058.0,1206.0,833.0,1356.0,1041.0
36783,20:26.000,20:26.005,2,652.0,822.0,831.0,1063.0,1169.0,817.0,1317.0,1023.0
36798,20:26.500,20:26.505,2,661.0,856.0,837.0,1090.0,1169.0,842.0,1317.0,1045.0
36813,20:27.000,20:27.005,2,658.0,799.0,833.0,1036.0,1169.0,793.0,1316.0,997.0
36828,20:27.500,20:27.507,2,670.0,806.0,846.0,1034.0,1178.0,775.0,1327.0,984.0
36843,20:28.000,20:28.007,2,633.0,779.0,810.0,1021.0,1148.0,759.0,1296.0,963.0
36858,20:28.500,20:28.507,2,693.0,776.0,868.0,1018.0,1208.0,738.0,1357.0,949.0
36873,20:29.000,20:29.007,2,662.0,793.0,841.0,1040.0,1173.0,738.0,1323.0,948.0
36888,20:29.500,20:29.507,2,641.0,806.0,822.0,1050.0,1156.0,745.0,1306.0,951.0
36903,20:30.000,20:30.007,2,645.0,784.0,825.0,1030.0,1171.0,726.0,1317.0,929.0
36918,20:30.500,20:30.507,2,640.0,781.0,820.0,1024.0,1158.0,727.0,1306.0,930.0
36933,20:31.000,20:31.007,2,641.0,789.0,820.0,1034.0,1153.0,729.0,1301.0,939.0
36948,20:31.500,20:31.507,2,617.0,784.0,800.0,1027.0,1144.0,719.0,1293.0,924.0
36963,20:32.000,20:32.008,2,643.0,738.0,821.0,971.0,1144.0,686.0,1292.0,891.0
36978,20:32.500,20:32.508,2,629.0,745.0,811.0,991.0,1146.0,707.0,1295.0,911.0
36993,20:33.000,20:33.008,2,636.0,729.0,812.0,968.0,1190.0,729.0,1337.0,935.0
37008,20:33.500,20:33.508,2,689.0,723.0,865.0,962.0,1193.0,732.0,1342.0,940.0
37023,20:34.000,20:34.000,2,755.0,669.0,930.0,903.0,1262.0,706.0,1412.0,916.0
37038,20:34.500,20:34.500,2,832.0,589.0,999.0,829.0,1333.0,660.0,1487.0,870.0
37053,20:35.000,20:35.000,2,866.0,594.0,1036.0,832.0,1359.0,662.0,1514.0,879.0
37068,20:35.500,20:35.500,2,820.0,619.0,992.0,858.0,1314.0,684.0,1465.0,894.0
37083,20:36.000,20:36.002,2,805.0,641.0,978.0,883.0,1298.0,702.0,1448.0,911.0
37098,20:36.500,20:36.502,2,761.0,670.0,935.0,909.0,1259.0,715.0,1409.0,925.0
37113,20:37.000,20:37.002,2,755.0,664.0,929.0,902.0,1258.0,708.0,1407.0,918.0
37128,20:37.500,20:37.502,2,1010.0,707.0,1175.0,941.0,1499.0,753.0,1657.0,966.0
37143,20:38.000,20:38.002,2,984.0,700.0,1149.0,936.0,1467.0,736.0,1622.0,953.0
37158,20:38.500,20:38.502,2,960.0,690.0,1125.0,924.0,1439.0,725.0,1593.0,934.0
37173,20:39.000,20:39.002,2,962.0,679.0,1128.0,913.0,1443.0,724.0,1597.0,939.0
37188,20:39.500,20:39.502,2,965.0,666.0,1127.0,902.0,1442.0,722.0,1595.0,932.0
37203,20:40.000,20:40.003,2,959.0,674.0,1126.0,917.0,1442.0,709.0,1595.0,920.0
37218,20:40.500,20:40.503,2,960.0,676.0,1125.0,909.0,1452.0,724.0,1608.0,934.0
37233,20:41.000,20:41.003,2,975.0,690.0,1143.0,924.0,1455.0,724.0,1610.0,936.0
37248,20:41.500,20:41.503,2,966.0,676.0,1131.0,915.0,1448.0,726.0,1604.0,939.0
37263,20:42.000,20:42.003,2,974.0,693.0,1144.0,932.0,1454.0,726.0,1609.0,936.0
37278,20:42.500,20:42.503,2,963.0,687.0,1129.0,928.0,1446.0,724.0,1602.0,934.0
37293,20:43.000,20:43.003,2,958.0,687.0,1124.0,928.0,1441.0,723.0,1594.0,944.0
37308,20:43.500,20:43.503,2,963.0,692.0,1130.0,934.0,1454.0,747.0,1610.0,957.0
37323,20:44.000,20:44.003,2,942.0,665.0,1108.0,903.0,1435.0,729.0,1592.0,940.0
37338,20:44.500,20:44.505,2,837.0,663.0,998.0,893.0,1338.0,747.0,1489.0,954.0
37353,20:45.000,20:45.005,2,824.0,640.0,992.0,881.0,1338.0,736.0,1491.0,952.0
37368,20:45.500,20:45.505,2,974.0,668.0,1144.0,917.0,1466.0,761.0,1628.0,972.0
37383,20:46.000,20:46.005,2,955.0,677.0,1124.0,924.0,1443.0,756.0,1602.0,970.0
37398,20:46.500,20:46.505,2,942.0,691.0,1112.0,941.0,1438.0,755.0,1594.0,969.0
37413,20:47.000,20:47.005,2,840.0,706.0,1014.0,958.0,1342.0,750.0,1492.0,958.0
37428,20:47.500,20:47.505,2,815.0,763.0,987.0,1018.0,1314.0,786.0,1463.0,1007.0
37443,20:48.000,20:48.005,2,807.0,822.0,980.0,1076.0,1307.0,837.0,1454.0,1049.0
37458,20:48.500,20:48.507,2,931.0,832.0,1102.0,1082.0,1430.0,841.0,1583.0,1051.0
37473,20:49.000,20:49.007,2,1514.0,899.0,1670.0,1114.0,1014.0,890.0,1182.0,1138.0
37488,20:49.500,20:49.507,2,968.0,878.0,1133.0,1121.0,1460.0,926.0,1613.0,1138.0
37503,20:50.000,20:50.007,2,1006.0,874.0,1166.0,1101.0,1515.0,944.0,1673.0,1157.0
37518,20:50.500,20:50.507,2,1550.0,914.0,1706.0,1132.0,1043.0,867.0,1206.0,1099.0
37533,20:51.000,20:51.007,2,1523.0,906.0,1680.0,1122.0,1029.0,862.0,1194.0,1097.0
37548,20:51.500,20:51.507,2,1001.0,845.0,1165.0,1082.0,1491.0,875.0,1645.0,1086.0
37563,20:52.000,20:52.007,2,1017.0,837.0,1181.0,1074.0,1503.0,870.0,1659.0,1084.0
37578,20:52.500,20:52.508,2,1481.0,846.0,1638.0,1062.0,1004.0,811.0,1169.0,1045.0
37593,20:53.000,20:53.008,2,993.0,852.0,1161.0,1083.0,1457.0,889.0,1611.0,1103.0
37608,20:53.500,20:53.500,2,968.0,899.0,1138.0,1137.0,1436.0,920.0,1589.0,1133.0
37623,20:54.000,20:54.000,2,970.0,813.0,1139.0,1054.0,1470.0,826.0,1624.0,1041.0
37638,20:54.500,20:54.500,2,1562.0,641.0,1727.0,861.0,1058.0,610.0,1225.0,857.0
37653,20:55.000,20:55.000,2,1563.0,628.0,1728.0,849.0,1041.0,572.0,1206.0,812.0
37668,20:55.500,20:55.500,2,1565.0,645.0,1731.0,865.0,961.0,585.0,1125.0,813.0
37683,20:56.000,20:56.000,2,1548.0,648.0,1709.0,862.0,955.0,578.0,1117.0,806.0
37698,20:56.500,20:56.500,2,916.0,568.0,1085.0,804.0,1475.0,627.0,1633.0,839.0
37713,20:57.000,20:57.002,2,877.0,560.0,1055.0,807.0,1399.0,600.0,1556.0,822.0
37728,20:57.500,20:57.502,2,904.0,522.0,1082.0,772.0,1417.0,575.0,1574.0,795.0
37743,20:58.000,20:58.002,2,905.0,525.0,1080.0,772.0,1404.0,567.0,1560.0,784.0
37758,20:58.500,20:58.502,2,918.0,522.0,1092.0,773.0,1425.0,572.0,1583.0,789.0
37773,20:59.000,20:59.002,2,885.0,517.0,1059.0,773.0,1387.0,566.0,1541.0,782.0
37788,20:59.500,20:59.502,2,804.0,478.0,984.0,734.0,1317.0,525.0,1469.0,743.0
37803,21:00.000,21:00.002,2,803.0,456.0,979.0,710.0,1334.0,507.0,1489.0,724.0
37818,21:00.500,21:00.502,2,837.0,448.0,1013.0,699.0,1358.0,495.0,1513.0,716.0
37833,21:01.000,21:01.003,2,821.0,428.0,1000.0,684.0,1345.0,464.0,1498.0,686.0
37848,21:01.500,21:01.503,2,761.0,420.0,944.0,683.0,1293.0,442.0,1445.0,672.0
37863,21:02.000,21:02.003,2,750.0,406.0,934.0,667.0,1279.0,432.0,1432.0,656.0
37878,21:02.500,21:02.503,2,768.0,445.0,951.0,701.0,1290.0,467.0,1442.0,685.0
37893,21:03.000,21:03.003,2,836.0,465.0,1014.0,721.0,1361.0,500.0,1515.0,716.0
37908,21:03.500,21:03.503,2,799.0,454.0,982.0,712.0,1324.0,470.0,1477.0,688.0
37923,21:04.000,21:04.003,2,772.0,452.0,956.0,709.0,1299.0,456.0,1451.0,671.0
37938,21:04.500,21:04.503,2,755.0,465.0,938.0,723.0,1279.0,468.0,1430.0,682.0
37953,21:05.000,21:05.005,2,781.0,451.0,962.0,708.0,1303.0,457.0,1455.0,673.0
37968,21:05.500,21:05.505,2,709.0,490.0,893.0,749.0,1246.0,488.0,1396.0,705.0
37983,21:06.000,21:06.005,2,725.0,494.0,909.0,746.0,1260.0,499.0,1410.0,714.0
37998,21:06.500,21:06.505,2,730.0,507.0,914.0,765.0,1264.0,518.0,1415.0,733.0
38013,21:07.000,21:07.005,2,736.0,509.0,919.0,765.0,1267.0,522.0,1420.0,731.0
38028,21:07.500,21:07.505,2,730.0,495.0,912.0,745.0,1275.0,526.0,1427.0,735.0
38043,21:08.000,21:08.005,2,798.0,481.0,972.0,732.0,1338.0,523.0,1490.0,733.0
38058,21:08.500,21:08.505,2,916.0,478.0,1090.0,725.0,1431.0,503.0,1586.0,717.0
38073,21:09.000,21:09.005,2,1468.0,469.0,1628.0,690.0,942.0,445.0,1117.0,707.0
38088,21:09.500,21:09.507,2,954.0,466.0,1127.0,729.0,1475.0,496.0,1634.0,716.0
38103,21:10.000,21:10.007,2,1497.0,517.0,1657.0,741.0,982.0,486.0,1155.0,746.0
38118,21:10.500,21:10.507,2,989.0,512.0,1161.0,768.0,1502.0,545.0,1661.0,765.0
38133,21:11.000,21:11.007,2,986.0,523.0,1159.0,776.0,1498.0,557.0,1655.0,773.0
38148,21:11.500,21:11.507,2,984.0,518.0,1154.0,774.0,1495.0,549.0,1653.0,768.0
38163,21:12.000,21:12.007,2,1491.0,548.0,1648.0,767.0,983.0,488.0,1150.0,729.0
38178,21:12.500,21:12.507,2,1506.0,570.0,1663.0,784.0,995.0,498.0,1158.0,741.0
38193,21:13.000,21:13.007,2,974.0,480.0,1142.0,726.0,1490.0,543.0,1646.0,761.0
38208,21:13.500,21:13.508,2,955.0,473.0,1126.0,722.0,1495.0,543.0,1652.0,762.0
38223,21:14.000,21:14.000,2,898.0,460.0,1061.0,698.0,1494.0,547.0,1651.0,763.0
38238,21:14.500,21:14.500,2,890.0,478.0,1054.0,715.0,1494.0,549.0,1651.0,767.0
38253,21:15.000,21:15.000,2,897.0,480.0,1061.0,717.0,1492.0,548.0,1649.0,767.0
38268,21:15.500,21:15.500,2,905.0,482.0,1070.0,721.0,1490.0,550.0,1646.0,768.0
38283,21:16.000,21:16.000,2,912.0,472.0,1078.0,714.0,1490.0,547.0,1646.0,765.0
38298,21:16.500,21:16.500,2,931.0,465.0,1092.0,708.0,1492.0,548.0,1649.0,767.0
38313,21:17.000,21:17.000,2,1484.0,556.0,1641.0,770.0,863.0,484.0,1033.0,728.0
38328,21:17.500,21:17.502,2,1522.0,553.0,1681.0,772.0,909.0,501.0,1077.0,735.0
38343,21:18.000,21:18.002,2,821.0,515.0,990.0,760.0,1413.0,573.0,1567.0,788.0
38358,21:18.500,21:18.502,2,762.0,525.0,934.0,772.0,1339.0,586.0,1491.0,796.0
38373,21:19.000,21:19.002,2,729.0,524.0,903.0,765.0,1312.0,596.0,1463.0,804.0
38389,21:19.500,21:19.502,2,731.0,608.0,904.0,845.0,1322.0,652.0,1471.0,859.0
38404,21:20.000,21:20.002,2,804.0,740.0,972.0,975.0,1358.0,770.0,1507.0,979.0
38419,21:20.500,21:20.502,2,843.0,772.0,1013.0,1016.0,1362.0,800.0,1511.0,1005.0
38434,21:21.000,21:21.002,2,808.0,782.0,984.0,1026.0,1327.0,828.0,1473.0,1031.0
38449,21:21.500,21:21.502,2,809.0,809.0,986.0,1056.0,1319.0,838.0,1465.0,1041.0
38464,21:22.000,21:22.003,2,753.0,764.0,926.0,1007.0,1270.0,811.0,1414.0,1010.0
38479,21:22.500,21:22.503,2,741.0,769.0,915.0,1010.0,1258.0,810.0,1401.0,1014.0
38494,21:23.000,21:23.003,2,740.0,775.0,914.0,1015.0,1251.0,816.0,1395.0,1020.0
38509,21:23.500,21:23.503,2,694.0,746.0,872.0,993.0,1210.0,780.0,1354.0,982.0
38524,21:24.000,21:24.003,2,419.0,729.0,620.0,987.0,983.0,741.0,1128.0,943.0
38539,21:24.500,21:24.503,2,175.0,699.0,406.0,977.0,803.0,688.0,955.0,897.0
38554,21:25.000,21:25.003,2,197.0,709.0,423.0,986.0,815.0,678.0,967.0,889.0
38569,21:25.500,21:25.503,2,259.0,677.0,481.0,945.0,863.0,655.0,1014.0,860.0
38584,21:26.000,21:26.005,2,390.0,645.0,598.0,911.0,964.0,646.0,1110.0,848.0
38599,21:26.500,21:26.505,2,546.0,649.0,735.0,901.0,1088.0,660.0,1233.0,864.0
38614,21:27.000,21:27.005,2,655.0,650.0,838.0,901.0,1180.0,676.0,1325.0,877.0
38629,21:27.500,21:27.505,2,718.0,653.0,896.0,901.0,1235.0,681.0,1381.0,883.0
38644,21:28.000,21:28.005,2,726.0,650.0,903.0,897.0,1236.0,677.0,1379.0,885.0
38659,21:28.500,21:28.505,2,773.0,642.0,949.0,877.0,1237.0,682.0,1380.0,891.0
38674,21:29.000,21:29.005,2,824.0,658.0,997.0,870.0,1230.0,685.0,1371.0,886.0
38689,21:29.500,21:29.505,2,789.0,665.0,967.0,887.0,1229.0,683.0,1373.0,890.0
38704,21:30.000,21:30.005,2,818.0,681.0,994.0,899.0,1254.0,699.0,1396.0,902.0
38719,21:30.500,21:30.507,2,866.0,722.0,1042.0,938.0,1295.0,729.0,1438.0,932.0
38734,21:31.000,21:31.007,2,853.0,732.0,1027.0,955.0,1290.0,746.0,1434.0,946.0
38749,21:31.500,21:31.507,2,786.0,757.0,960.0,984.0,1244.0,725.0,1387.0,926.0
38764,21:32.000,21:32.007,2,1011.0,539.0,1180.0,768.0,1446.0,514.0,1596.0,726.0
38779,21:32.500,21:32.507,2,1138.0,402.0,1316.0,635.0,1582.0,390.0,1745.0,616.0
38794,21:33.000,21:33.007,2,964.0,429.0,1133.0,661.0,1396.0,409.0,1549.0,632.0
38809,21:33.500,21:33.507,2,577.0,469.0,767.0,725.0,1126.0,438.0,1273.0,652.0
38824,21:34.000,21:34.007,2,576.0,436.0,768.0,695.0,1166.0,404.0,1315.0,624.0
38839,21:34.500,21:34.500,2,598.0,460.0,783.0,711.0,1182.0,428.0,1330.0,644.0
38854,21:35.000,21:35.000,2,644.0,460.0,827.0,710.0,1215.0,440.0,1364.0,651.0
38869,21:35.500,21:35.500,2,658.0,447.0,840.0,707.0,1221.0,433.0,1369.0,645.0
38884,21:36.000,21:36.000,2,774.0,438.0,952.0,694.0,1277.0,423.0,1428.0,639.0
38899,21:36.500,21:36.500,2,767.0,456.0,946.0,714.0,1263.0,425.0,1413.0,642.0
38914,21:37.000,21:37.000,2,838.0,452.0,1013.0,710.0,1345.0,430.0,1496.0,645.0
38929,21:37.500,21:37.500,2,844.0,464.0,1023.0,726.0,1361.0,451.0,1514.0,665.0
38944,21:38.000,21:38.000,2,883.0,462.0,1059.0,719.0,1388.0,462.0,1540.0,676.0
38959,21:38.500,21:38.500,2,882.0,477.0,1057.0,734.0,1385.0,480.0,1537.0,692.0
38974,21:39.000,21:39.002,2,950.0,483.0,1121.0,738.0,1455.0,494.0,1611.0,707.0
38989,21:39.500,21:39.502,2,927.0,504.0,1100.0,748.0,1428.0,517.0,1583.0,731.0
39004,21:40.000,21:40.002,2,911.0,535.0,1082.0,782.0,1428.0,549.0,1581.0,759.0
39019,21:40.500,21:40.502,2,905.0,547.0,1076.0,788.0,1419.0,545.0,1573.0,755.0
39034,21:41.000,21:41.002,2,915.0,532.0,1086.0,776.0,1434.0,533.0,1589.0,744.0
39049,21:41.500,21:41.502,2,914.0,568.0,1087.0,804.0,1417.0,562.0,1570.0,770.0
39064,21:42.000,21:42.002,2,917.0,572.0,1088.0,804.0,1391.0,556.0,1541.0,766.0
39079,21:42.500,21:42.502,2,897.0,565.0,1068.0,803.0,1379.0,564.0,1527.0,768.0
39094,21:43.000,21:43.003,2,918.0,562.0,1089.0,799.0,1400.0,561.0,1552.0,768.0
39109,21:43.500,21:43.503,2,933.0,571.0,1104.0,809.0,1414.0,576.0,1565.0,783.0
39124,21:44.000,21:44.003,2,946.0,580.0,1114.0,818.0,1418.0,595.0,1569.0,802.0
39139,21:44.500,21:44.503,2,908.0,525.0,1076.0,770.0,1441.0,555.0,1594.0,764.0
39154,21:45.000,21:45.003,2,935.0,509.0,1098.0,748.0,1457.0,532.0,1612.0,742.0
39169,21:45.500,21:45.503,2,955.0,517.0,1122.0,762.0,1455.0,531.0,1609.0,742.0
39184,21:46.000,21:46.003,2,943.0,530.0,1112.0,780.0,1437.0,537.0,1590.0,747.0
39199,21:46.500,21:46.503,2,943.0,534.0,1112.0,780.0,1442.0,535.0,1596.0,746.0
39214,21:47.000,21:47.005,2,930.0,534.0,1099.0,781.0,1439.0,535.0,1592.0,746.0
39229,21:47.500,21:47.505,2,940.0,534.0,1110.0,777.0,1437.0,535.0,1590.0,744.0
39244,21:48.000,21:48.005,2,932.0,538.0,1101.0,780.0,1430.0,534.0,1585.0,744.0
39259,21:48.500,21:48.505,2,928.0,552.0,1100.0,792.0,1428.0,546.0,1581.0,754.0
39274,21:49.000,21:49.005,2,920.0,567.0,1088.0,806.0,1417.0,559.0,1569.0,766.0
39289,21:49.500,21:49.505,2,917.0,556.0,1088.0,801.0,1415.0,546.0,1568.0,759.0
39304,21:50.000,21:50.005,2,895.0,554.0,1066.0,788.0,1397.0,541.0,1548.0,751.0
39319,21:50.500,21:50.505,2,887.0,548.0,1058.0,790.0,1373.0,534.0,1522.0,746.0
39334,21:51.000,21:51.007,2,882.0,551.0,1052.0,792.0,1332.0,536.0,1485.0,750.0
39349,21:51.500,21:51.507,2,878.0,556.0,1048.0,794.0,1286.0,550.0,1440.0,759.0
39364,21:52.000,21:52.007,2,866.0,558.0,1038.0,799.0,1290.0,553.0,1440.0,766.0
39379,21:52.500,21:52.507,2,853.0,560.0,1025.0,800.0,1280.0,555.0,1432.0,766.0
39394,21:53.000,21:53.007,2,852.0,552.0,1022.0,792.0,1284.0,548.0,1434.0,758.0
39409,21:53.500,21:53.507,2,852.0,536.0,1023.0,779.0,1281.0,529.0,1435.0,745.0
39424,21:54.000,21:54.007,2,843.0,535.0,1017.0,781.0,1275.0,528.0,1429.0,746.0
39440,21:54.500,21:54.532,2,842.0,536.0,1017.0,785.0,1277.0,529.0,1431.0,744.0
39455,21:55.000,21:55.032,2,842.0,543.0,1016.0,790.0,1279.0,532.0,1432.0,747.0
39469,21:55.500,21:55.500,2,844.0,545.0,1016.0,791.0,1290.0,535.0,1442.0,749.0
39484,21:56.000,21:56.000,2,846.0,546.0,1018.0,793.0,1290.0,536.0,1441.0,748.0
39499,21:56.500,21:56.500,2,853.0,541.0,1026.0,781.0,1297.0,527.0,1451.0,743.0
39514,21:57.000,21:57.000,2,853.0,541.0,1024.0,783.0,1296.0,529.0,1448.0,744.0
39529,21:57.500,21:57.500,2,856.0,538.0,1029.0,777.0,1300.0,526.0,1454.0,743.0
39544,21:58.000,21:58.000,2,858.0,530.0,1030.0,774.0,1302.0,521.0,1457.0,735.0
39559,21:58.500,21:58.500,2,867.0,522.0,1037.0,769.0,1314.0,516.0,1467.0,729.0
39574,21:59.000,21:59.000,2,867.0,520.0,1037.0,768.0,1316.0,519.0,1468.0,733.0
39589,21:59.500,21:59.502,2,867.0,517.0,1039.0,764.0,1315.0,520.0,1468.0,730.0
39604,22:00.000,22:00.002,2,857.0,521.0,1034.0,772.0,1306.0,522.0,1460.0,733.0
39619,22:00.500,22:00.502,2,832.0,510.0,1007.0,757.0,1304.0,510.0,1457.0,723.0
39634,22:01.000,22:01.002,2,760.0,486.0,934.0,722.0,1295.0,499.0,1448.0,713.0
39649,22:01.500,22:01.502,2,808.0,466.0,974.0,712.0,1301.0,474.0,1455.0,688.0
39664,22:02.000,22:02.002,2,1301.0,467.0,1456.0,681.0,792.0,460.0,960.0,697.0
39679,22:02.500,22:02.502,2,1299.0,468.0,1454.0,683.0,773.0,453.0,944.0,688.0
39694,22:03.000,22:03.002,2,802.0,453.0,976.0,694.0,1298.0,468.0,1451.0,684.0
39709,22:03.500,22:03.503,2,839.0,459.0,1014.0,708.0,1298.0,461.0,1452.0,677.0
39724,22:04.000,22:04.003,2,836.0,453.0,1013.0,702.0,1299.0,461.0,1454.0,672.0
39739,22:04.500,22:04.503,2,843.0,471.0,1021.0,726.0,1303.0,461.0,1459.0,675.0
39754,22:05.000,22:05.003,2,833.0,495.0,1008.0,750.0,1298.0,472.0,1452.0,689.0
39769,22:05.500,22:05.503,2,835.0,508.0,1010.0,755.0,1293.0,490.0,1446.0,710.0
39784,22:06.000,22:06.003,2,833.0,504.0,1009.0,753.0,1294.0,486.0,1447.0,706.0
39799,22:06.500,22:06.503,2,823.0,508.0,998.0,754.0,1286.0,496.0,1440.0,710.0
39814,22:07.000,22:07.003,2,763.0,511.0,941.0,761.0,1227.0,497.0,1379.0,711.0
39829,22:07.500,22:07.503,2,724.0,519.0,904.0,770.0,1194.0,529.0,1344.0,741.0
39844,22:08.000,22:08.005,2,699.0,449.0,883.0,708.0,1178.0,478.0,1329.0,691.0
39859,22:08.500,22:08.505,2,665.0,429.0,854.0,684.0,1153.0,452.0,1303.0,667.0
39874,22:09.000,22:09.005,2,657.0,429.0,846.0,684.0,1144.0,440.0,1295.0,655.0
39889,22:09.500,22:09.505,2,632.0,432.0,822.0,694.0,1117.0,451.0,1268.0,668.0
39904,22:10.000,22:10.005,2,552.0,453.0,748.0,717.0,995.0,494.0,1162.0,699.0
39919,22:10.500,22:10.505,2,549.0,450.0,745.0,714.0,972.0,497.0,1145.0,703.0
39934,22:11.000,22:11.005,2,556.0,441.0,752.0,708.0,1011.0,477.0,1171.0,688.0
39949,22:11.500,22:11.505,2,548.0,432.0,746.0,700.0,1043.0,457.0,1197.0,674.0
39964,22:12.000,22:12.007,2,546.0,429.0,745.0,696.0,1042.0,445.0,1197.0,662.0
39979,22:12.500,22:12.507,2,542.0,426.0,742.0,693.0,1035.0,440.0,1190.0,657.0
39994,22:13.000,22:13.007,2,550.0,422.0,748.0,691.0,1035.0,445.0,1191.0,661.0
40009,22:13.500,22:13.507,2,553.0,422.0,751.0,689.0,1030.0,441.0,1187.0,662.0
40025,22:14.000,22:14.032,2,609.0,432.0,803.0,696.0,1083.0,454.0,1237.0,671.0
40040,22:14.500,22:14.532,2,738.0,510.0,920.0,769.0,1193.0,516.0,1348.0,730.0
40055,22:15.000,22:15.032,2,796.0,510.0,974.0,762.0,1250.0,517.0,1405.0,735.0
40070,22:15.500,22:15.532,2,1322.0,540.0,1475.0,761.0,878.0,520.0,1051.0,764.0
40085,22:16.000,22:16.033,2,846.0,492.0,1015.0,737.0,1315.0,545.0,1469.0,760.0
40099,22:16.500,22:16.500,2,836.0,493.0,1004.0,738.0,1322.0,541.0,1474.0,757.0
40114,22:17.000,22:17.000,2,801.0,511.0,974.0,763.0,1330.0,542.0,1485.0,758.0
40129,22:17.500,22:17.500,2,814.0,535.0,990.0,797.0,1333.0,543.0,1488.0,757.0
40144,22:18.000,22:18.000,2,1332.0,535.0,1487.0,753.0,812.0,541.0,989.0,805.0
40159,22:18.500,22:18.500,2,846.0,519.0,1023.0,778.0,1331.0,526.0,1488.0,746.0
40174,22:19.000,22:19.000,2,1332.0,519.0,1487.0,739.0,871.0,513.0,1044.0,767.0
40189,22:19.500,22:19.500,2,1332.0,516.0,1487.0,734.0,878.0,514.0,1050.0,765.0
40204,22:20.000,22:20.000,2,1337.0,518.0,1492.0,735.0,879.0,524.0,1051.0,778.0
40219,22:20.500,22:20.502,2,878.0,530.0,1050.0,778.0,1340.0,520.0,1494.0,739.0
40234,22:21.000,22:21.002,2,873.0,531.0,1047.0,781.0,1332.0,518.0,1487.0,733.0
40249,22:21.500,22:21.502,2,1357.0,553.0,1513.0,769.0,901.0,572.0,1072.0,822.0
40264,22:22.000,22:22.002,2,911.0,596.0,1082.0,839.0,1367.0,578.0,1522.0,790.0
40279,22:22.500,22:22.502,2,911.0,593.0,1082.0,838.0,1366.0,578.0,1521.0,788.0
40294,22:23.000,22:23.002,2,1360.0,570.0,1514.0,784.0,905.0,594.0,1074.0,834.0
40309,22:23.500,22:23.502,2,903.0,604.0,1075.0,852.0,1347.0,582.0,1497.0,799.0
40324,22:24.000,22:24.002,2,941.0,633.0,1110.0,874.0,1365.0,616.0,1516.0,837.0
40339,22:24.500,22:24.503,2,938.0,608.0,1109.0,850.0,1362.0,616.0,1515.0,836.0
40354,22:25.000,22:25.003,2,924.0,601.0,1091.0,841.0,1351.0,617.0,1500.0,833.0
40369,22:25.500,22:25.503,2,885.0,575.0,1048.0,804.0,1358.0,610.0,1514.0,828.0
40384,22:26.000,22:26.003,2,894.0,580.0,1063.0,819.0,1365.0,606.0,1521.0,825.0
40399,22:26.500,22:26.503,2,890.0,594.0,1061.0,839.0,1345.0,593.0,1501.0,816.0
40414,22:27.000,22:27.003,2,908.0,593.0,1080.0,838.0,1355.0,586.0,1510.0,811.0
40429,22:27.500,22:27.503,2,1345.0,582.0,1501.0,805.0,909.0,596.0,1080.0,837.0
40444,22:28.000,22:28.003,2,900.0,597.0,1072.0,844.0,1346.0,592.0,1502.0,810.0
40459,22:28.500,22:28.503,2,897.0,597.0,1068.0,843.0,1337.0,576.0,1492.0,796.0
40474,22:29.000,22:29.005,2,899.0,584.0,1074.0,833.0,1344.0,564.0,1498.0,784.0
40489,22:29.500,22:29.505,2,893.0,582.0,1065.0,826.0,1339.0,557.0,1493.0,778.0
40504,22:30.000,22:30.005,2,1325.0,549.0,1477.0,772.0,878.0,575.0,1050.0,818.0
40519,22:30.500,22:30.505,2,879.0,590.0,1052.0,832.0,1326.0,562.0,1478.0,776.0
40534,22:31.000,22:31.005,2,1328.0,562.0,1482.0,777.0,882.0,595.0,1054.0,838.0
40549,22:31.500,22:31.505,2,1332.0,554.0,1486.0,775.0,886.0,588.0,1056.0,833.0
40564,22:32.000,22:32.005,2,888.0,585.0,1059.0,832.0,1335.0,551.0,1489.0,768.0
40579,22:32.500,22:32.505,2,887.0,581.0,1058.0,824.0,1337.0,548.0,1490.0,765.0
40594,22:33.000,22:33.007,2,1330.0,545.0,1483.0,760.0,881.0,577.0,1052.0,823.0
40609,22:33.500,22:33.507,2,1325.0,543.0,1479.0,759.0,874.0,574.0,1046.0,819.0
40625,22:34.000,22:34.032,2,1326.0,535.0,1480.0,751.0,869.0,571.0,1044.0,816.0
40640,22:34.500,22:34.532,2,1322.0,525.0,1476.0,744.0,860.0,555.0,1033.0,801.0
40655,22:35.000,22:35.032,2,804.0,522.0,971.0,756.0,1318.0,519.0,1472.0,736.0
40670,22:35.500,22:35.532,2,825.0,517.0,994.0,756.0,1322.0,513.0,1475.0,727.0
40685,22:36.000,22:36.032,2,836.0,513.0,1006.0,756.0,1323.0,513.0,1478.0,728.0
40700,22:36.500,22:36.532,2,847.0,511.0,1017.0,756.0,1324.0,508.0,1478.0,720.0
40714,22:37.000,22:37.000,2,856.0,509.0,1026.0,753.0,1329.0,508.0,1484.0,720.0
40729,22:37.500,22:37.500,2,873.0,500.0,1043.0,740.0,1335.0,510.0,1490.0,723.0
40744,22:38.000,22:38.000,2,867.0,498.0,1036.0,737.0,1332.0,502.0,1488.0,717.0
40759,22:38.500,22:38.500,2,805.0,516.0,978.0,762.0,1314.0,501.0,1468.0,718.0
40774,22:39.000,22:39.000,2,859.0,497.0,1033.0,745.0,1338.0,483.0,1497.0,702.0
40789,22:39.500,22:39.500,2,862.0,497.0,1035.0,742.0,1339.0,487.0,1497.0,705.0
40804,22:40.000,22:40.000,2,899.0,574.0,1069.0,813.0,1375.0,570.0,1529.0,781.0
40819,22:40.500,22:40.500,2,885.0,571.0,1055.0,812.0,1363.0,569.0,1516.0,780.0
40834,22:41.000,22:41.000,2,898.0,587.0,1069.0,829.0,1370.0,581.0,1526.0,793.0
40849,22:41.500,22:41.502,2,1352.0,582.0,1507.0,798.0,880.0,593.0,1050.0,833.0
40864,22:42.000,22:42.002,2,900.0,631.0,1068.0,868.0,1369.0,626.0,1523.0,836.0
40879,22:42.500,22:42.502,2,893.0,628.0,1063.0,864.0,1362.0,617.0,1515.0,831.0
40894,22:43.000,22:43.002,2,890.0,630.0,1059.0,866.0,1364.0,618.0,1517.0,835.0
40909,22:43.500,22:43.502,2,841.0,615.0,1013.0,858.0,1315.0,613.0,1466.0,834.0
40924,22:44.000,22:44.002,2,820.0,610.0,992.0,851.0,1291.0,605.0,1441.0,825.0
40939,22:44.500,22:44.502,2,781.0,614.0,956.0,855.0,1253.0,606.0,1404.0,823.0
40954,22:45.000,22:45.002,2,695.0,608.0,873.0,853.0,1171.0,604.0,1320.0,819.0
40969,22:45.500,22:45.503,2,671.0,619.0,851.0,862.0,1148.0,606.0,1297.0,818.0
40984,22:46.000,22:46.003,2,706.0,594.0,883.0,838.0,1176.0,587.0,1325.0,797.0
40999,22:46.500,22:46.503,2,646.0,591.0,828.0,836.0,1124.0,578.0,1273.0,787.0
41014,22:47.000,22:47.003,2,641.0,586.0,823.0,834.0,1118.0,586.0,1267.0,800.0
41029,22:47.500,22:47.503,2,621.0,632.0,805.0,880.0,1102.0,631.0,1252.0,841.0
41044,22:48.000,22:48.003,2,598.0,628.0,784.0,878.0,1083.0,628.0,1231.0,840.0
41059,22:48.500,22:48.503,2,643.0,642.0,821.0,891.0,1116.0,649.0,1264.0,863.0
41074,22:49.000,22:49.003,2,547.0,689.0,734.0,934.0,1037.0,687.0,1186.0,892.0
41089,22:49.500,22:49.505,2,611.0,692.0,793.0,937.0,1091.0,695.0,1239.0,900.0
41104,22:50.000,22:50.005,2,628.0,703.0,809.0,952.0,1107.0,705.0,1254.0,914.0
41119,22:50.500,22:50.505,2,622.0,733.0,805.0,979.0,1103.0,727.0,1251.0,935.0
41134,22:51.000,22:51.005,2,629.0,762.0,808.0,1009.0,1095.0,756.0,1243.0,964.0
41149,22:51.500,22:51.505,2,643.0,759.0,823.0,1000.0,1081.0,742.0,1228.0,950.0
41164,22:52.000,22:52.005,2,1084.0,718.0,1231.0,930.0,663.0,740.0,841.0,969.0
41179,22:52.500,22:52.505,2,1075.0,710.0,1224.0,919.0,702.0,730.0,861.0,957.0
41194,22:53.000,22:53.005,2,666.0,673.0,840.0,917.0,1163.0,669.0,1312.0,877.0
41210,22:53.500,22:53.530,2,1070.0,696.0,1220.0,900.0,466.0,746.0,637.0,986.0
41225,22:54.000,22:54.032,2,1081.0,678.0,1229.0,893.0,459.0,735.0,619.0,975.0
41240,22:54.500,22:54.532,2,1104.0,608.0,1249.0,823.0,453.0,660.0,611.0,896.0
41255,22:55.000,22:55.032,2,530.0,661.0,725.0,912.0,1098.0,626.0,1245.0,837.0
41270,22:55.500,22:55.532,2,605.0,623.0,799.0,883.0,1089.0,597.0,1237.0,811.0
41285,22:56.000,22:56.032,2,621.0,623.0,812.0,880.0,1112.0,597.0,1261.0,814.0
41300,22:56.500,22:56.532,2,628.0,628.0,821.0,890.0,1118.0,598.0,1267.0,819.0
41315,22:57.000,22:57.032,2,629.0,645.0,820.0,904.0,1119.0,614.0,1267.0,831.0
41330,22:57.500,22:57.532,2,607.0,652.0,799.0,918.0,1101.0,633.0,1247.0,842.0
41344,22:58.000,22:58.000,2,636.0,691.0,827.0,943.0,1122.0,655.0,1270.0,866.0
41359,22:58.500,22:58.500,2,616.0,689.0,809.0,948.0,1103.0,649.0,1252.0,865.0
41374,22:59.000,22:59.000,2,614.0,666.0,808.0,925.0,1107.0,642.0,1255.0,862.0
41389,22:59.500,22:59.500,2,635.0,651.0,823.0,908.0,1135.0,653.0,1280.0,867.0
41404,23:00.000,23:00.000,2,682.0,641.0,865.0,901.0,1174.0,659.0,1321.0,871.0
41419,23:00.500,23:00.500,2,708.0,623.0,881.0,860.0,1220.0,665.0,1370.0,876.0
41434,23:01.000,23:01.000,2,763.0,655.0,935.0,894.0,1287.0,694.0,1438.0,899.0
41449,23:01.500,23:01.500,2,1488.0,697.0,1648.0,913.0,955.0,657.0,1117.0,886.0
41464,23:02.000,23:02.002,2,1547.0,721.0,1709.0,934.0,997.0,666.0,1157.0,893.0
41479,23:02.500,23:02.502,2,1459.0,659.0,1617.0,875.0,910.0,624.0,1072.0,856.0
41494,23:03.000,23:03.002,2,1402.0,688.0,1557.0,895.0,856.0,650.0,1020.0,880.0
41509,23:03.500,23:03.502,2,1468.0,740.0,1628.0,954.0,923.0,697.0,1087.0,923.0
41524,23:04.000,23:04.002,2,1461.0,721.0,1619.0,934.0,917.0,685.0,1087.0,914.0
41539,23:04.500,23:04.502,2,949.0,703.0,1114.0,936.0,1460.0,744.0,1620.0,955.0
41554,23:05.000,23:05.002,2,924.0,710.0,1087.0,941.0,1434.0,737.0,1590.0,949.0
41569,23:05.500,23:05.502,2,927.0,702.0,1090.0,938.0,1436.0,727.0,1593.0,938.0
41584,23:06.000,23:06.002,2,914.0,670.0,1079.0,909.0,1425.0,702.0,1583.0,910.0
41599,23:06.500,23:06.503,2,903.0,713.0,1068.0,948.0,1412.0,730.0,1570.0,945.0
41614,23:07.000,23:07.003,2,887.0,725.0,1053.0,955.0,1399.0,739.0,1555.0,950.0
41629,23:07.500,23:07.503,2,873.0,709.0,1036.0,944.0,1382.0,728.0,1539.0,943.0
41644,23:08.000,23:08.003,2,861.0,710.0,1029.0,943.0,1374.0,729.0,1528.0,941.0
41659,23:08.500,23:08.503,2,873.0,717.0,1039.0,955.0,1378.0,729.0,1534.0,945.0
41674,23:09.000,23:09.003,2,916.0,648.0,1081.0,881.0,1420.0,704.0,1579.0,913.0
41689,23:09.500,23:09.503,2,1404.0,672.0,1561.0,884.0,933.0,619.0,1093.0,836.0
41704,23:10.000,23:10.003,2,1399.0,655.0,1555.0,868.0,885.0,612.0,1043.0,836.0
41719,23:10.500,23:10.505,2,1458.0,657.0,1619.0,875.0,978.0,605.0,1141.0,833.0
41734,23:11.000,23:11.005,2,964.0,613.0,1128.0,859.0,1452.0,652.0,1614.0,864.0
41749,23:11.500,23:11.505,2,1487.0,646.0,1648.0,860.0,983.0,606.0,1150.0,846.0
41764,23:12.000,23:12.005,2,1488.0,669.0,1647.0,886.0,986.0,630.0,1153.0,869.0
41779,23:12.500,23:12.505,2,1468.0,662.0,1627.0,879.0,1038.0,645.0,1213.0,873.0
41794,23:13.000,23:13.005,2,1443.0,662.0,1602.0,878.0,993.0,651.0,1161.0,890.0
41810,23:13.500,23:13.530,2,1473.0,658.0,1633.0,876.0,1004.0,645.0,1172.0,882.0
41825,23:14.000,23:14.030,2,1024.0,643.0,1194.0,885.0,1496.0,657.0,1656.0,875.0
41840,23:14.500,23:14.532,2,1509.0,643.0,1672.0,860.0,1041.0,631.0,1211.0,864.0
41855,23:15.000,23:15.032,2,1492.0,641.0,1652.0,857.0,1020.0,635.0,1190.0,872.0
41870,23:15.500,23:15.532,2,1493.0,639.0,1654.0,860.0,1022.0,628.0,1189.0,870.0
41885,23:16.000,23:16.032,2,1018.0,615.0,1186.0,851.0,1486.0,623.0,1646.0,843.0
41900,23:16.500,23:16.532,2,1016.0,619.0,1182.0,858.0,1482.0,626.0,1643.0,845.0
41915,23:17.000,23:17.032,2,1475.0,616.0,1634.0,837.0,1008.0,613.0,1174.0,850.0
41930,23:17.500,23:17.532,2,1465.0,608.0,1624.0,831.0,999.0,608.0,1167.0,845.0
41945,23:18.000,23:18.032,2,1466.0,601.0,1625.0,826.0,1002.0,597.0,1169.0,837.0
41960,23:18.500,23:18.532,2,1464.0,605.0,1622.0,832.0,1003.0,602.0,1170.0,841.0
41974,23:19.000,23:19.000,2,1455.0,605.0,1615.0,828.0,999.0,582.0,1166.0,820.0
41989,23:19.500,23:19.500,2,1457.0,606.0,1616.0,828.0,1002.0,590.0,1168.0,828.0
42004,23:20.000,23:20.000,2,1448.0,601.0,1610.0,825.0,998.0,592.0,1167.0,832.0
42019,23:20.500,23:20.500,2,1445.0,594.0,1605.0,809.0,983.0,584.0,1148.0,827.0
42034,23:21.000,23:21.000,2,1442.0,589.0,1602.0,802.0,974.0,580.0,1142.0,822.0
42049,23:21.500,23:21.500,2,1451.0,590.0,1611.0,804.0,982.0,581.0,1149.0,820.0
42064,23:22.000,23:22.000,2,1440.0,590.0,1599.0,804.0,977.0,581.0,1145.0,818.0
42079,23:22.500,23:22.500,2,974.0,583.0,1142.0,818.0,1449.0,590.0,1608.0,803.0
42094,23:23.000,23:23.002,2,958.0,586.0,1126.0,826.0,1437.0,597.0,1597.0,808.0
42109,23:23.500,23:23.502,2,998.0,571.0,1166.0,806.0,1482.0,591.0,1644.0,809.0
42124,23:24.000,23:24.002,2,1003.0,585.0,1170.0,828.0,1478.0,593.0,1638.0,811.0
42139,23:24.500,23:24.502,2,1007.0,593.0,1175.0,836.0,1475.0,599.0,1636.0,821.0
42154,23:25.000,23:25.002,2,1430.0,607.0,1587.0,823.0,995.0,579.0,1161.0,810.0
42169,23:25.500,23:25.502,2,1435.0,614.0,1591.0,834.0,1002.0,590.0,1169.0,819.0
42184,23:26.000,23:26.002,2,1448.0,606.0,1609.0,833.0,1009.0,588.0,1175.0,818.0
42199,23:26.500,23:26.502,2,1453.0,614.0,1613.0,835.0,1005.0,586.0,1173.0,817.0
42214,23:27.000,23:27.002,2,1448.0,588.0,1610.0,807.0,999.0,561.0,1166.0,795.0
42229,23:27.500,23:27.503,2,1461.0,596.0,1620.0,817.0,1007.0,573.0,1173.0,807.0
42244,23:28.000,23:28.003,2,1456.0,589.0,1616.0,808.0,1000.0,572.0,1167.0,804.0
42259,23:28.500,23:28.503,2,1440.0,601.0,1597.0,817.0,984.0,576.0,1151.0,812.0
42274,23:29.000,23:29.003,2,984.0,578.0,1150.0,816.0,1439.0,605.0,1596.0,820.0
42289,23:29.500,23:29.503,2,1444.0,604.0,1603.0,822.0,990.0,578.0,1161.0,810.0
42304,23:30.000,23:30.003,2,1455.0,592.0,1615.0,812.0,998.0,568.0,1165.0,800.0
42319,23:30.500,23:30.503,2,1453.0,584.0,1613.0,802.0,985.0,564.0,1158.0,806.0
42334,23:31.000,23:31.003,2,967.0,540.0,1135.0,785.0,1456.0,581.0,1616.0,799.0
42349,23:31.500,23:31.505,2,1457.0,591.0,1615.0,807.0,974.0,566.0,1146.0,802.0
42364,23:32.000,23:32.005,2,1472.0,600.0,1633.0,823.0,998.0,575.0,1166.0,814.0
42379,23:32.500,23:32.505,2,1474.0,602.0,1636.0,825.0,997.0,575.0,1166.0,811.0
42394,23:33.000,23:33.005,2,1489.0,605.0,1651.0,826.0,999.0,576.0,1168.0,817.0
42410,23:33.500,23:33.530,2,994.0,572.0,1160.0,804.0,1488.0,602.0,1649.0,824.0
42425,23:34.000,23:34.030,2,1005.0,564.0,1175.0,786.0,1491.0,603.0,1652.0,823.0
42440,23:34.500,23:34.530,2,1016.0,581.0,1183.0,808.0,1490.0,605.0,1650.0,825.0
42455,23:35.000,23:35.030,2,1491.0,599.0,1652.0,820.0,1014.0,590.0,1183.0,823.0
42470,23:35.500,23:35.532,2,1479.0,602.0,1640.0,821.0,1006.0,588.0,1177.0,825.0
42485,23:36.000,23:36.032,2,1481.0,599.0,1641.0,819.0,1003.0,588.0,1172.0,830.0
42500,23:36.500,23:36.532,2,1482.0,596.0,1642.0,815.0,1003.0,584.0,1171.0,823.0
42515,23:37.000,23:37.032,2,1485.0,594.0,1645.0,813.0,1004.0,581.0,1174.0,817.0
42530,23:37.500,23:37.532,2,1488.0,592.0,1649.0,811.0,1008.0,580.0,1178.0,818.0
42545,23:38.000,23:38.032,2,1474.0,600.0,1634.0,818.0,993.0,587.0,1160.0,829.0
42560,23:38.500,23:38.532,2,1509.0,668.0,1670.0,879.0,1027.0,649.0,1195.0,886.0
42575,23:39.000,23:39.032,2,1445.0,668.0,1602.0,878.0,969.0,675.0,1135.0,910.0
42590,23:39.500,23:39.532,2,929.0,711.0,1094.0,943.0,1404.0,696.0,1558.0,905.0
42604,23:40.000,23:40.000,2,902.0,857.0,1070.0,1086.0,1380.0,838.0,1534.0,1046.0
42619,23:40.500,23:40.500,2,967.0,951.0,1136.0,1192.0,1447.0,944.0,1604.0,1156.0
42634,23:41.000,23:41.000,2,947.0,873.0,1114.0,1103.0,1424.0,862.0,1578.0,1071.0
42649,23:41.500,23:41.500,2,869.0,868.0,1037.0,1100.0,1347.0,846.0,1499.0,1057.0
42664,23:42.000,23:42.000,2,695.0,830.0,875.0,1074.0,1189.0,838.0,1339.0,1044.0
42679,23:42.500,23:42.500,2,599.0,818.0,786.0,1076.0,1106.0,831.0,1254.0,1038.0
42694,23:43.000,23:43.000,2,739.0,830.0,909.0,1066.0,1214.0,854.0,1364.0,1063.0
42709,23:43.500,23:43.500,2,953.0,792.0,1116.0,1027.0,1430.0,846.0,1584.0,1053.0
42724,23:44.000,23:44.002,2,969.0,822.0,1132.0,1054.0,1433.0,851.0,1586.0,1041.0
42739,23:44.500,23:44.502,2,939.0,788.0,1099.0,1009.0,1412.0,819.0,1566.0,1028.0
42754,23:45.000,23:45.002,2,895.0,813.0,1067.0,1046.0,1421.0,819.0,1574.0,1026.0
42769,23:45.500,23:45.502,2,929.0,816.0,1098.0,1051.0,1463.0,826.0,1618.0,1029.0
42784,23:46.000,23:46.002,2,949.0,762.0,1105.0,984.0,1451.0,824.0,1607.0,1024.0
42799,23:46.500,23:46.502,2,1459.0,817.0,1615.0,1023.0,980.0,755.0,1128.0,963.0
42814,23:47.000,23:47.002,2,1455.0,799.0,1611.0,1012.0,972.0,750.0,1124.0,966.0
42829,23:47.500,23:47.502,2,1443.0,771.0,1599.0,984.0,971.0,736.0,1138.0,971.0
42844,23:48.000,23:48.003,2,979.0,753.0,1152.0,994.0,1448.0,768.0,1605.0,980.0
42859,23:48.500,23:48.503,2,976.0,736.0,1146.0,973.0,1454.0,765.0,1610.0,974.0
42874,23:49.000,23:49.003,2,970.0,732.0,1138.0,974.0,1438.0,760.0,1593.0,969.0
42889,23:49.500,23:49.503,2,972.0,736.0,1143.0,976.0,1442.0,760.0,1598.0,968.0
42904,23:50.000,23:50.003,2,971.0,737.0,1141.0,983.0,1447.0,756.0,1603.0,964.0
42919,23:50.500,23:50.503,2,1449.0,744.0,1605.0,955.0,976.0,737.0,1147.0,974.0
42934,23:51.000,23:51.003,2,1452.0,742.0,1608.0,953.0,980.0,733.0,1148.0,976.0
42949,23:51.500,23:51.503,2,1462.0,739.0,1620.0,950.0,988.0,739.0,1160.0,979.0
42964,23:52.000,23:52.003,2,995.0,751.0,1165.0,990.0,1467.0,749.0,1625.0,964.0
42979,23:52.500,23:52.505,2,1450.0,737.0,1607.0,952.0,982.0,745.0,1151.0,982.0
42994,23:53.000,23:53.005,2,1444.0,731.0,1602.0,948.0,976.0,738.0,1146.0,976.0
43010,23:53.500,23:53.530,2,974.0,732.0,1144.0,971.0,1442.0,729.0,1599.0,947.0
43025,23:54.000,23:54.030,2,1453.0,729.0,1610.0,946.0,985.0,732.0,1155.0,968.0
43040,23:54.500,23:54.530,2,1461.0,739.0,1619.0,952.0,991.0,738.0,1164.0,978.0
43055,23:55.000,23:55.030,2,993.0,727.0,1165.0,967.0,1462.0,728.0,1619.0,941.0
43070,23:55.500,23:55.530,2,991.0,722.0,1164.0,964.0,1469.0,726.0,1627.0,948.0
43085,23:56.000,23:56.030,2,1473.0,717.0,1631.0,931.0,985.0,687.0,1150.0,915.0
43100,23:56.500,23:56.532,2,964.0,659.0,1121.0,886.0,1471.0,713.0,1628.0,925.0
43115,23:57.000,23:57.032,2,979.0,659.0,1139.0,894.0,1479.0,708.0,1636.0,922.0
43130,23:57.500,23:57.532,2,979.0,652.0,1139.0,880.0,1480.0,703.0,1637.0,912.0
43145,23:58.000,23:58.032,2,1492.0,728.0,1651.0,944.0,994.0,684.0,1154.0,908.0
43160,23:58.500,23:58.532,2,1513.0,845.0,1672.0,1060.0,1015.0,809.0,1174.0,1033.0
43175,23:59.000,23:59.032,2,1526.0,891.0,1686.0,1104.0,1028.0,860.0,1190.0,1090.0
43190,23:59.500,23:59.532,2,1028.0,849.0,1187.0,1077.0,1523.0,867.0,1683.0,1082.0
43205,24:00.000,24:00.032,2,1519.0,831.0,1675.0,1040.0,1025.0,807.0,1185.0,1032.0
43220,24:00.500,24:00.532,2,1025.0,768.0,1184.0,995.0,1520.0,807.0,1680.0,1016.0
43234,24:01.000,24:01.000,2,1029.0,754.0,1192.0,976.0,1515.0,780.0,1673.0,990.0
43249,24:01.500,24:01.500,2,1002.0,769.0,1163.0,995.0,1487.0,794.0,1643.0,1001.0
43264,24:02.000,24:02.000,2,1475.0,792.0,1633.0,1003.0,990.0,767.0,1151.0,995.0
43279,24:02.500,24:02.500,2,996.0,771.0,1157.0,997.0,1482.0,802.0,1638.0,1011.0
43294,24:03.000,24:03.000,2,1535.0,829.0,1695.0,1039.0,1048.0,790.0,1209.0,1016.0
43309,24:03.500,24:03.500,2,1527.0,819.0,1686.0,1029.0,1042.0,784.0,1202.0,1009.0
43324,24:04.000,24:04.000,2,1547.0,821.0,1708.0,1030.0,1063.0,776.0,1222.0,1005.0
43339,24:04.500,24:04.500,2,1030.0,750.0,1189.0,973.0,1529.0,795.0,1689.0,1009.0
43354,24:05.000,24:05.002,2,1528.0,790.0,1687.0,1003.0,1018.0,745.0,1175.0,969.0
43369,24:05.500,24:05.502,2,1514.0,773.0,1673.0,983.0,996.0,743.0,1155.0,971.0
43384,24:06.000,24:06.002,2,1525.0,776.0,1683.0,986.0,1007.0,745.0,1167.0,980.0
43399,24:06.500,24:06.502,2,1524.0,769.0,1683.0,982.0,1011.0,740.0,1170.0,974.0
43414,24:07.000,24:07.002,2,1524.0,759.0,1684.0,978.0,1046.0,729.0,1210.0,948.0
43429,24:07.500,24:07.502,2,1521.0,750.0,1680.0,966.0,1053.0,717.0,1216.0,938.0
43444,24:08.000,24:08.002,2,1028.0,716.0,1190.0,948.0,1527.0,747.0,1688.0,964.0
43459,24:08.500,24:08.502,2,1026.0,702.0,1188.0,931.0,1530.0,742.0,1689.0,954.0
43474,24:09.000,24:09.003,2,1032.0,699.0,1194.0,928.0,1532.0,735.0,1692.0,950.0
43489,24:09.500,24:09.503,2,1539.0,729.0,1701.0,944.0,1043.0,695.0,1201.0,921.0
43504,24:10.000,24:10.003,2,1039.0,701.0,1201.0,930.0,1535.0,729.0,1696.0,947.0
43519,24:10.500,24:10.503,2,1537.0,724.0,1699.0,939.0,1041.0,693.0,1202.0,924.0
43534,24:11.000,24:11.003,2,1540.0,728.0,1702.0,943.0,1046.0,695.0,1206.0,920.0
43549,24:11.500,24:11.503,2,1540.0,722.0,1701.0,937.0,1043.0,692.0,1203.0,913.0
43564,24:12.000,24:12.003,2,1034.0,694.0,1196.0,919.0,1531.0,719.0,1691.0,938.0
43579,24:12.500,24:12.503,2,1533.0,717.0,1694.0,934.0,1038.0,689.0,1197.0,915.0
43595,24:13.000,24:13.028,2,1537.0,710.0,1699.0,924.0,1044.0,676.0,1204.0,901.0
43610,24:13.500,24:13.530,2,1540.0,709.0,1701.0,923.0,1048.0,672.0,1208.0,897.0
43625,24:14.000,24:14.030,2,1540.0,706.0,1702.0,920.0,1047.0,668.0,1206.0,898.0
43640,24:14.500,24:14.530,2,1545.0,708.0,1706.0,920.0,1046.0,670.0,1206.0,902.0
43655,24:15.000,24:15.030,2,1558.0,841.0,1720.0,1052.0,1065.0,812.0,1220.0,1035.0
43670,24:15.500,24:15.530,2,1535.0,676.0,1697.0,892.0,978.0,660.0,1137.0,880.0
43685,24:16.000,24:16.030,2,1550.0,575.0,1714.0,792.0,951.0,577.0,1116.0,806.0
43700,24:16.500,24:16.530,2,1428.0,542.0,1588.0,760.0,868.0,539.0,1042.0,784.0
43715,24:17.000,24:17.030,2,817.0,660.0,994.0,905.0,1342.0,648.0,1498.0,862.0
43730,24:17.500,24:17.532,2,1480.0,661.0,1640.0,875.0,960.0,649.0,1129.0,893.0
43745,24:18.000,24:18.032,2,1539.0,651.0,1703.0,866.0,1023.0,612.0,1181.0,830.0
43760,24:18.500,24:18.532,2,1421.0,638.0,1579.0,853.0,929.0,611.0,1089.0,826.0
43775,24:19.000,24:19.032,2,1400.0,641.0,1555.0,857.0,937.0,626.0,1102.0,854.0
43790,24:19.500,24:19.532,2,943.0,630.0,1108.0,859.0,1417.0,635.0,1574.0,851.0
43805,24:20.000,24:20.032,2,1439.0,648.0,1597.0,862.0,953.0,641.0,1119.0,882.0
43820,24:20.500,24:20.532,2,965.0,637.0,1131.0,871.0,1451.0,644.0,1610.0,859.0
43835,24:21.000,24:21.032,2,1458.0,645.0,1616.0,862.0,977.0,626.0,1143.0,856.0
43849,24:21.500,24:21.500,2,1456.0,646.0,1615.0,865.0,1042.0,614.0,1203.0,825.0
43864,24:22.000,24:22.000,2,1459.0,646.0,1618.0,863.0,1029.0,614.0,1190.0,840.0
43879,24:22.500,24:22.500,2,1463.0,645.0,1623.0,861.0,1022.0,623.0,1184.0,847.0
43894,24:23.000,24:23.000,2,1472.0,640.0,1631.0,860.0,997.0,616.0,1160.0,846.0
43909,24:23.500,24:23.500,2,1484.0,645.0,1644.0,859.0,1021.0,618.0,1179.0,843.0
43924,24:24.000,24:24.000,2,1446.0,640.0,1605.0,851.0,1011.0,626.0,1170.0,849.0
43939,24:24.500,24:24.500,2,1459.0,663.0,1618.0,876.0,1022.0,668.0,1182.0,895.0
43954,24:25.000,24:25.000,2,1455.0,652.0,1613.0,863.0,1012.0,655.0,1171.0,877.0
43969,24:25.500,24:25.500,2,1466.0,641.0,1625.0,855.0,1022.0,639.0,1181.0,866.0
43984,24:26.000,24:26.002,2,1469.0,637.0,1630.0,852.0,998.0,639.0,1157.0,866.0
43999,24:26.500,24:26.502,2,1492.0,642.0,1653.0,854.0,1013.0,633.0,1170.0,855.0
44014,24:27.000,24:27.002,2,1490.0,645.0,1651.0,857.0,1033.0,632.0,1194.0,852.0
44029,24:27.500,24:27.502,2,1495.0,640.0,1655.0,852.0,1017.0,623.0,1173.0,845.0
44044,24:28.000,24:28.002,2,1506.0,640.0,1666.0,852.0,1027.0,613.0,1186.0,836.0
44059,24:28.500,24:28.502,2,1499.0,627.0,1658.0,844.0,1054.0,611.0,1215.0,830.0
44074,24:29.000,24:29.002,2,1487.0,628.0,1645.0,841.0,1087.0,621.0,1236.0,834.0
44089,24:29.500,24:29.502,2,1018.0,620.0,1182.0,844.0,1488.0,632.0,1648.0,847.0
44104,24:30.000,24:30.003,2,1520.0,646.0,1681.0,860.0,1011.0,635.0,1173.0,860.0
44119,24:30.500,24:30.503,2,1427.0,595.0,1584.0,805.0,935.0,592.0,1100.0,824.0
44134,24:31.000,24:31.003,2,733.0,476.0,911.0,730.0,1243.0,450.0,1400.0,668.0
44149,24:31.500,24:31.503,2,836.0,571.0,1005.0,810.0,1363.0,576.0,1521.0,788.0
44165,24:32.000,24:32.028,2,1507.0,641.0,1669.0,858.0,932.0,589.0,1090.0,815.0
44180,24:32.500,24:32.528,2,1566.0,661.0,1727.0,880.0,948.0,609.0,1105.0,836.0
44195,24:33.000,24:33.028,2,1553.0,662.0,1714.0,881.0,935.0,618.0,1093.0,847.0
44210,24:33.500,24:33.528,2,1550.0,668.0,1709.0,884.0,995.0,613.0,1153.0,830.0
44225,24:34.000,24:34.030,2,1547.0,669.0,1706.0,883.0,1025.0,625.0,1183.0,843.0
44240,24:34.500,24:34.530,2,993.0,645.0,1150.0,872.0,1545.0,669.0,1704.0,884.0
44255,24:35.000,24:35.030,2,965.0,659.0,1124.0,894.0,1556.0,671.0,1711.0,889.0
44270,24:35.500,24:35.530,2,1537.0,666.0,1697.0,882.0,991.0,657.0,1151.0,891.0
44285,24:36.000,24:36.030,2,1055.0,642.0,1210.0,872.0,1570.0,690.0,1733.0,904.0
44300,24:36.500,24:36.530,2,1524.0,711.0,1683.0,922.0,1018.0,673.0,1175.0,896.0
44315,24:37.000,24:37.030,2,1020.0,697.0,1179.0,920.0,1517.0,729.0,1675.0,944.0
44330,24:37.500,24:37.530,2,1020.0,697.0,1182.0,925.0,1513.0,725.0,1670.0,940.0
44345,24:38.000,24:38.030,2,1019.0,735.0,1184.0,959.0,1500.0,742.0,1655.0,955.0
44360,24:38.500,24:38.532,2,994.0,735.0,1155.0,954.0,1473.0,734.0,1629.0,945.0
44375,24:39.000,24:39.032,2,1544.0,739.0,1702.0,952.0,1053.0,724.0,1210.0,942.0
44390,24:39.500,24:39.532,2,1560.0,733.0,1723.0,950.0,1049.0,714.0,1206.0,936.0
44405,24:40.000,24:40.032,2,1550.0,721.0,1712.0,932.0,1037.0,708.0,1199.0,934.0
44420,24:40.500,24:40.532,2,1560.0,716.0,1722.0,926.0,1046.0,695.0,1206.0,911.0
44435,24:41.000,24:41.032,2,1553.0,714.0,1715.0,923.0,1033.0,689.0,1189.0,908.0
44450,24:41.500,24:41.532,2,1552.0,716.0,1714.0,923.0,981.0,716.0,1142.0,947.0
44465,24:42.000,24:42.032,2,1550.0,715.0,1711.0,921.0,968.0,710.0,1130.0,944.0
44479,24:42.500,24:42.500,2,1548.0,711.0,1708.0,917.0,1044.0,658.0,1198.0,881.0
44494,24:43.000,24:43.000,2,1545.0,709.0,1707.0,914.0,1083.0,655.0,1241.0,868.0
44509,24:43.500,24:43.500,2,1541.0,709.0,1703.0,915.0,1107.0,664.0,1268.0,876.0
44524,24:44.000,24:44.000,2,1542.0,706.0,1703.0,915.0,1109.0,669.0,1272.0,883.0
44539,24:44.500,24:44.500,2,1539.0,701.0,1701.0,909.0,1082.0,672.0,1243.0,890.0
44554,24:45.000,24:45.000,2,1528.0,693.0,1690.0,903.0,1062.0,672.0,1223.0,893.0
44569,24:45.500,24:45.500,2,1538.0,699.0,1699.0,905.0,1063.0,676.0,1225.0,900.0
44584,24:46.000,24:46.000,2,1036.0,671.0,1200.0,894.0,1536.0,694.0,1696.0,904.0
44599,24:46.500,24:46.500,2,1026.0,664.0,1189.0,887.0,1535.0,685.0,1695.0,896.0
44614,24:47.000,24:47.002,2,1029.0,676.0,1192.0,901.0,1539.0,687.0,1701.0,897.0
44629,24:47.500,24:47.502,2,1023.0,686.0,1187.0,912.0,1538.0,685.0,1700.0,895.0
44644,24:48.000,24:48.002,2,1537.0,686.0,1699.0,897.0,1014.0,673.0,1175.0,889.0
44659,24:48.500,24:48.502,2,1546.0,686.0,1706.0,896.0,1015.0,649.0,1167.0,864.0
44674,24:49.000,24:49.002,2,1541.0,683.0,1703.0,894.0,1013.0,653.0,1167.0,871.0
44689,24:49.500,24:49.502,2,1027.0,659.0,1188.0,887.0,1553.0,676.0,1714.0,891.0
44704,24:50.000,24:50.002,2,1538.0,679.0,1699.0,892.0,1017.0,676.0,1179.0,902.0
44719,24:50.500,24:50.502,2,1028.0,665.0,1189.0,891.0,1548.0,671.0,1708.0,884.0
44734,24:51.000,24:51.003,2,1535.0,667.0,1697.0,882.0,1018.0,662.0,1178.0,884.0
44749,24:51.500,24:51.503,2,1537.0,650.0,1699.0,864.0,1026.0,638.0,1184.0,862.0
44765,24:52.000,24:52.028,2,1533.0,647.0,1693.0,865.0,1024.0,635.0,1183.0,858.0
44780,24:52.500,24:52.528,2,1532.0,639.0,1694.0,853.0,1013.0,632.0,1173.0,858.0
44795,24:53.000,24:53.028,2,1538.0,643.0,1700.0,860.0,1027.0,635.0,1190.0,863.0
44810,24:53.500,24:53.528,2,1540.0,644.0,1703.0,857.0,1034.0,630.0,1195.0,854.0
44825,24:54.000,24:54.028,2,1538.0,639.0,1700.0,856.0,1014.0,621.0,1171.0,843.0
44840,24:54.500,24:54.528,2,1544.0,640.0,1706.0,855.0,1006.0,618.0,1163.0,840.0
44855,24:55.000,24:55.030,2,1540.0,630.0,1702.0,844.0,1014.0,609.0,1171.0,831.0
44870,24:55.500,24:55.530,2,1540.0,638.0,1704.0,852.0,1016.0,608.0,1176.0,832.0
44885,24:56.000,24:56.030,2,1538.0,636.0,1701.0,850.0,1032.0,600.0,1188.0,820.0
44900,24:56.500,24:56.530,2,1535.0,625.0,1697.0,840.0,1059.0,600.0,1216.0,827.0
44915,24:57.000,24:57.030,2,1066.0,628.0,1228.0,865.0,1538.0,628.0,1700.0,846.0
44930,24:57.500,24:57.530,2,1036.0,627.0,1198.0,862.0,1533.0,628.0,1694.0,848.0
44945,24:58.000,24:58.030,2,1026.0,614.0,1186.0,845.0,1533.0,623.0,1694.0,838.0
44960,24:58.500,24:58.530,2,1025.0,610.0,1184.0,837.0,1532.0,616.0,1692.0,833.0
44975,24:59.000,24:59.032,2,1027.0,610.0,1186.0,838.0,1532.0,617.0,1692.0,834.0
44990,24:59.500,24:59.532,2,1534.0,615.0,1695.0,834.0,1032.0,609.0,1192.0,837.0
45005,25:00.000,25:00.032,2,1533.0,620.0,1693.0,836.0,1029.0,612.0,1187.0,840.0
45020,25:00.500,25:00.532,2,1028.0,612.0,1188.0,840.0,1531.0,620.0,1691.0,835.0
45035,25:01.000,25:01.032,2,1530.0,605.0,1691.0,831.0,1026.0,601.0,1186.0,832.0
45050,25:01.500,25:01.532,2,1513.0,603.0,1673.0,826.0,1010.0,597.0,1168.0,825.0
45065,25:02.000,25:02.032,2,1519.0,605.0,1680.0,829.0,1015.0,599.0,1175.0,825.0
45080,25:02.500,25:02.532,2,1522.0,604.0,1683.0,827.0,1016.0,595.0,1175.0,823.0
45095,25:03.000,25:03.032,2,1517.0,604.0,1677.0,825.0,1008.0,596.0,1169.0,822.0
45109,25:03.500,25:03.500,2,1525.0,609.0,1686.0,833.0,1016.0,600.0,1175.0,826.0
45124,25:04.000,25:04.000,2,1017.0,603.0,1176.0,829.0,1527.0,616.0,1689.0,833.0
45139,25:04.500,25:04.500,2,1015.0,598.0,1172.0,818.0,1524.0,619.0,1686.0,834.0
45154,25:05.000,25:05.000,2,1522.0,610.0,1683.0,832.0,1011.0,575.0,1162.0,787.0
45169,25:05.500,25:05.500,2,1522.0,604.0,1684.0,829.0,1011.0,580.0,1166.0,796.0
45184,25:06.000,25:06.000,2,1518.0,604.0,1678.0,823.0,1021.0,600.0,1180.0,836.0
45199,25:06.500,25:06.500,2,1509.0,602.0,1671.0,821.0,1016.0,584.0,1175.0,806.0
45214,25:07.000,25:07.000,2,1514.0,604.0,1675.0,825.0,1010.0,584.0,1167.0,804.0
45229,25:07.500,25:07.502,2,1511.0,603.0,1672.0,823.0,1006.0,588.0,1165.0,812.0
45244,25:08.000,25:08.002,2,1506.0,615.0,1666.0,834.0,1002.0,600.0,1161.0,826.0
45259,25:08.500,25:08.502,2,1499.0,604.0,1660.0,829.0,1001.0,599.0,1160.0,824.0
45274,25:09.000,25:09.002,2,1503.0,601.0,1664.0,822.0,1014.0,585.0,1174.0,812.0
45289,25:09.500,25:09.502,2,1506.0,603.0,1668.0,823.0,1024.0,582.0,1184.0,812.0
45304,25:10.000,25:10.002,2,1503.0,599.0,1663.0,818.0,1010.0,598.0,1169.0,826.0
45319,25:10.500,25:10.502,2,1502.0,592.0,1661.0,814.0,995.0,594.0,1153.0,828.0
45334,25:11.000,25:11.002,2,1503.0,592.0,1663.0,815.0,992.0,597.0,1151.0,829.0
45349,25:11.500,25:11.503,2,1511.0,608.0,1672.0,828.0,1001.0,613.0,1160.0,840.0
45364,25:12.000,25:12.003,2,1509.0,599.0,1670.0,822.0,997.0,605.0,1157.0,834.0
45380,25:12.500,25:12.528,2,1510.0,591.0,1673.0,817.0,1006.0,594.0,1164.0,824.0
45395,25:13.000,25:13.028,2,1505.0,588.0,1667.0,812.0,1000.0,593.0,1160.0,820.0
45410,25:13.500,25:13.528,2,1505.0,586.0,1665.0,814.0,1002.0,592.0,1161.0,820.0
45425,25:14.000,25:14.028,2,1504.0,587.0,1664.0,810.0,1003.0,591.0,1162.0,819.0
45440,25:14.500,25:14.528,2,1500.0,588.0,1660.0,805.0,999.0,590.0,1158.0,816.0
45455,25:15.000,25:15.028,2,1499.0,587.0,1657.0,805.0,1000.0,588.0,1159.0,814.0
45470,25:15.500,25:15.528,2,1499.0,586.0,1658.0,804.0,1004.0,584.0,1163.0,810.0
45485,25:16.000,25:16.030,2,1497.0,580.0,1656.0,800.0,1004.0,578.0,1161.0,803.0
45500,25:16.500,25:16.530,2,1500.0,580.0,1659.0,796.0,1018.0,555.0,1173.0,773.0
45515,25:17.000,25:17.030,2,1501.0,579.0,1660.0,793.0,1005.0,546.0,1158.0,762.0
45530,25:17.500,25:17.530,2,1497.0,583.0,1656.0,797.0,966.0,548.0,1117.0,768.0
45545,25:18.000,25:18.030,2,1500.0,579.0,1659.0,793.0,945.0,564.0,1103.0,783.0
45560,25:18.500,25:18.530,2,1520.0,573.0,1678.0,787.0,979.0,557.0,1137.0,785.0
45575,25:19.000,25:19.030,2,1523.0,574.0,1685.0,786.0,1044.0,556.0,1200.0,774.0
45590,25:19.500,25:19.530,2,1509.0,576.0,1668.0,787.0,1027.0,554.0,1185.0,777.0
45605,25:20.000,25:20.032,2,1504.0,573.0,1662.0,786.0,998.0,570.0,1155.0,791.0
45620,25:20.500,25:20.532,2,1505.0,570.0,1665.0,784.0,1009.0,558.0,1169.0,781.0
45635,25:21.000,25:21.032,2,1505.0,567.0,1665.0,780.0,1016.0,553.0,1173.0,776.0
45650,25:21.500,25:21.532,2,1504.0,578.0,1664.0,791.0,1008.0,557.0,1164.0,778.0
45665,25:22.000,25:22.032,2,1503.0,566.0,1661.0,780.0,1004.0,552.0,1161.0,778.0
45680,25:22.500,25:22.532,2,1500.0,564.0,1659.0,777.0,1007.0,566.0,1166.0,791.0
45695,25:23.000,25:23.032,2,1500.0,562.0,1658.0,776.0,986.0,578.0,1148.0,809.0
45710,25:23.500,25:23.532,2,1495.0,562.0,1653.0,774.0,985.0,580.0,1146.0,809.0
45725,25:24.000,25:24.032,2,1482.0,559.0,1641.0,772.0,982.0,579.0,1141.0,808.0
45739,25:24.500,25:24.500,2,1474.0,555.0,1633.0,770.0,966.0,557.0,1124.0,779.0
45754,25:25.000,25:25.000,2,1472.0,551.0,1631.0,770.0,943.0,546.0,1098.0,767.0
45769,25:25.500,25:25.500,2,878.0,577.0,1032.0,800.0,1473.0,551.0,1631.0,769.0
45784,25:26.000,25:26.000,2,1472.0,548.0,1632.0,769.0,896.0,560.0,1057.0,785.0
45799,25:26.500,25:26.500,2,1473.0,545.0,1633.0,765.0,970.0,545.0,1130.0,774.0
45814,25:27.000,25:27.000,2,1471.0,545.0,1632.0,764.0,993.0,550.0,1151.0,777.0
45829,25:27.500,25:27.500,2,965.0,557.0,1126.0,788.0,1469.0,547.0,1629.0,765.0
45844,25:28.000,25:28.000,2,1476.0,553.0,1635.0,770.0,927.0,574.0,1087.0,805.0
45859,25:28.500,25:28.502,2,1476.0,561.0,1635.0,775.0,976.0,545.0,1133.0,767.0
45874,25:29.000,25:29.002,2,1478.0,573.0,1639.0,787.0,1001.0,571.0,1159.0,785.0
45889,25:29.500,25:29.502,2,1480.0,589.0,1640.0,808.0,988.0,583.0,1141.0,795.0
45904,25:30.000,25:30.002,2,1469.0,662.0,1626.0,876.0,965.0,650.0,1121.0,869.0
45919,25:30.500,25:30.502,2,941.0,659.0,1101.0,878.0,1459.0,649.0,1616.0,858.0
45934,25:31.000,25:31.002,2,1504.0,650.0,1665.0,864.0,996.0,643.0,1156.0,868.0
45949,25:31.500,25:31.502,2,824.0,644.0,988.0,878.0,1367.0,645.0,1521.0,854.0
45964,25:32.000,25:32.002,2,1520.0,724.0,1678.0,934.0,955.0,684.0,1111.0,906.0
45979,25:32.500,25:32.503,2,1494.0,700.0,1652.0,914.0,938.0,676.0,1094.0,900.0
45995,25:33.000,25:33.028,2,965.0,694.0,1123.0,917.0,1493.0,710.0,1651.0,921.0
46010,25:33.500,25:33.528,2,967.0,702.0,1132.0,931.0,1466.0,717.0,1622.0,928.0
46025,25:34.000,25:34.028,2,1492.0,685.0,1649.0,899.0,997.0,662.0,1156.0,886.0
46040,25:34.500,25:34.528,2,1512.0,701.0,1674.0,912.0,1024.0,663.0,1183.0,885.0
46055,25:35.000,25:35.028,2,994.0,657.0,1153.0,885.0,1491.0,689.0,1650.0,904.0
46070,25:35.500,25:35.528,2,957.0,660.0,1119.0,888.0,1460.0,693.0,1619.0,902.0
46085,25:36.000,25:36.028,2,955.0,660.0,1117.0,889.0,1465.0,693.0,1621.0,899.0
46100,25:36.500,25:36.528,2,943.0,691.0,1103.0,918.0,1463.0,724.0,1616.0,932.0
46115,25:37.000,25:37.030,2,936.0,678.0,1098.0,904.0,1451.0,714.0,1604.0,928.0
46130,25:37.500,25:37.530,2,935.0,678.0,1094.0,900.0,1447.0,712.0,1599.0,926.0
46145,25:38.000,25:38.030,2,1438.0,714.0,1589.0,926.0,924.0,679.0,1084.0,903.0
46160,25:38.500,25:38.530,2,1436.0,712.0,1587.0,925.0,923.0,677.0,1083.0,900.0
46175,25:39.000,25:39.030,2,1432.0,716.0,1583.0,927.0,921.0,679.0,1080.0,902.0
46190,25:39.500,25:39.530,2,926.0,661.0,1088.0,890.0,1437.0,701.0,1590.0,912.0
46205,25:40.000,25:40.030,2,903.0,692.0,1064.0,916.0,1416.0,717.0,1567.0,930.0
46220,25:40.500,25:40.530,2,899.0,701.0,1062.0,925.0,1413.0,730.0,1560.0,939.0
46235,25:41.000,25:41.032,2,894.0,704.0,1058.0,936.0,1404.0,736.0,1552.0,943.0
46250,25:41.500,25:41.532,2,910.0,744.0,1081.0,985.0,1410.0,736.0,1559.0,948.0
46265,25:42.000,25:42.032,2,911.0,788.0,1089.0,1036.0,1398.0,740.0,1554.0,950.0
46280,25:42.500,25:42.532,2,899.0,732.0,1068.0,975.0,1393.0,748.0,1547.0,960.0
46295,25:43.000,25:43.032,2,1398.0,757.0,1553.0,969.0,923.0,675.0,1077.0,886.0
46310,25:43.500,25:43.532,2,1412.0,759.0,1568.0,975.0,937.0,673.0,1094.0,885.0
46325,25:44.000,25:44.032,2,1420.0,762.0,1578.0,977.0,938.0,701.0,1093.0,914.0
46340,25:44.500,25:44.532,2,1433.0,766.0,1590.0,982.0,937.0,720.0,1093.0,943.0
46354,25:45.000,25:45.000,2,1437.0,772.0,1594.0,987.0,938.0,730.0,1094.0,958.0
46369,25:45.500,25:45.500,2,1441.0,773.0,1596.0,987.0,932.0,734.0,1090.0,963.0
46384,25:46.000,25:46.000,2,1463.0,785.0,1620.0,999.0,945.0,746.0,1102.0,970.0
46399,25:46.500,25:46.500,2,1490.0,760.0,1651.0,977.0,968.0,729.0,1125.0,955.0
46414,25:47.000,25:47.000,2,1512.0,802.0,1670.0,1018.0,993.0,784.0,1150.0,1011.0
46429,25:47.500,25:47.500,2,1522.0,804.0,1683.0,1023.0,1009.0,783.0,1165.0,1008.0
46444,25:48.000,25:48.000,2,1551.0,821.0,1712.0,1036.0,1037.0,786.0,1194.0,1017.0
46459,25:48.500,25:48.500,2,1553.0,838.0,1715.0,1054.0,1040.0,810.0,1196.0,1036.0
46474,25:49.000,25:49.000,2,1569.0,846.0,1732.0,1066.0,1055.0,820.0,1209.0,1045.0
46489,25:49.500,25:49.502,2,1588.0,827.0,1751.0,1045.0,1073.0,791.0,1228.0,1023.0
46504,25:50.000,25:50.002,2,1542.0,825.0,1701.0,1036.0,1037.0,817.0,1195.0,1044.0
46519,25:50.500,25:50.502,2,1069.0,872.0,1228.0,1103.0,1581.0,868.0,1745.0,1083.0
46534,25:51.000,25:51.002,2,1744.0,773.0,1920.0,1004.0,1215.0,760.0,1381.0,992.0
46549,25:51.500,25:51.502,2,1651.0,738.0,1821.0,963.0,1142.0,671.0,1301.0,885.0
46564,25:52.000,25:52.002,2,1686.0,709.0,1861.0,940.0,1181.0,608.0,1336.0,821.0
46580,25:52.500,25:52.527,2,1679.0,722.0,1852.0,943.0,1150.0,609.0,1301.0,819.0
46595,25:53.000,25:53.027,2,1684.0,715.0,1857.0,938.0,1126.0,620.0,1276.0,841.0
46610,25:53.500,25:53.528,2,1689.0,707.0,1864.0,933.0,1138.0,659.0,1296.0,881.0
46625,25:54.000,25:54.028,2,1683.0,704.0,1856.0,929.0,1172.0,688.0,1334.0,913.0
46640,25:54.500,25:54.528,2,1675.0,697.0,1848.0,923.0,1161.0,666.0,1323.0,897.0
46655,25:55.000,25:55.028,2,1626.0,672.0,1796.0,896.0,1103.0,656.0,1261.0,883.0
46670,25:55.500,25:55.528,2,1622.0,672.0,1790.0,897.0,1101.0,658.0,1261.0,887.0
46685,25:56.000,25:56.028,2,1617.0,663.0,1786.0,889.0,1102.0,649.0,1261.0,876.0
46700,25:56.500,25:56.528,2,1594.0,668.0,1760.0,889.0,1076.0,652.0,1239.0,883.0
46715,25:57.000,25:57.028,2,1577.0,662.0,1743.0,885.0,1060.0,649.0,1221.0,878.0
46730,25:57.500,25:57.530,2,1586.0,662.0,1753.0,887.0,1067.0,644.0,1226.0,873.0
46745,25:58.000,25:58.030,2,1548.0,648.0,1714.0,867.0,1030.0,639.0,1192.0,874.0
46760,25:58.500,25:58.530,2,1536.0,649.0,1699.0,867.0,1016.0,643.0,1179.0,876.0
46775,25:59.000,25:59.030,2,1539.0,661.0,1702.0,876.0,1019.0,651.0,1180.0,879.0
46790,25:59.500,25:59.530,2,1544.0,660.0,1706.0,878.0,1021.0,649.0,1181.0,880.0
46805,26:00.000,26:00.030,2,1544.0,662.0,1707.0,878.0,1024.0,652.0,1182.0,878.0
46820,26:00.500,26:00.530,2,1544.0,664.0,1706.0,881.0,1024.0,644.0,1183.0,877.0
46835,26:01.000,26:01.030,2,1544.0,664.0,1707.0,882.0,1022.0,647.0,1184.0,878.0
46850,26:01.500,26:01.530,2,1547.0,664.0,1711.0,882.0,1022.0,621.0,1182.0,851.0
46865,26:02.000,26:02.032,2,1546.0,664.0,1710.0,882.0,1039.0,581.0,1193.0,796.0
46880,26:02.500,26:02.532,2,1542.0,668.0,1706.0,883.0,1049.0,588.0,1203.0,810.0
46895,26:03.000,26:03.032,2,1537.0,664.0,1703.0,882.0,1041.0,591.0,1196.0,815.0
46910,26:03.500,26:03.532,2,1536.0,662.0,1701.0,878.0,1032.0,593.0,1190.0,816.0
46925,26:04.000,26:04.032,2,1538.0,662.0,1703.0,876.0,1026.0,597.0,1182.0,818.0
46940,26:04.500,26:04.532,2,1540.0,665.0,1704.0,880.0,1025.0,604.0,1181.0,824.0
46955,26:05.000,26:05.032,2,1537.0,670.0,1701.0,883.0,1023.0,610.0,1182.0,832.0
46970,26:05.500,26:05.532,2,1535.0,670.0,1699.0,883.0,1023.0,612.0,1181.0,830.0
46984,26:06.000,26:06.000,2,1538.0,678.0,1701.0,890.0,1028.0,613.0,1184.0,833.0
46999,26:06.500,26:06.500,2,1030.0,612.0,1185.0,832.0,1537.0,678.0,1701.0,890.0
47014,26:07.000,26:07.000,2,1539.0,682.0,1702.0,896.0,1036.0,613.0,1192.0,831.0
47029,26:07.500,26:07.500,2,1539.0,700.0,1702.0,915.0,1033.0,635.0,1190.0,852.0
47045,26:08.000,26:08.000,2,1545.0,706.0,1707.0,922.0,1043.0,640.0,1199.0,857.0
47060,26:08.500,26:08.500,2,1047.0,647.0,1206.0,869.0,1550.0,717.0,1713.0,934.0
47075,26:09.000,26:09.000,2,1547.0,711.0,1711.0,927.0,1045.0,647.0,1201.0,866.0
47090,26:09.500,26:09.500,2,1547.0,714.0,1711.0,928.0,1046.0,646.0,1202.0,867.0
47105,26:10.000,26:10.000,2,1538.0,733.0,1701.0,946.0,1033.0,674.0,1191.0,891.0
47120,26:10.500,26:10.502,2,1497.0,727.0,1658.0,944.0,1001.0,664.0,1159.0,885.0
47135,26:11.000,26:11.002,2,1483.0,724.0,1643.0,939.0,983.0,658.0,1139.0,878.0
47150,26:11.500,26:11.502,2,1483.0,731.0,1643.0,946.0,987.0,663.0,1144.0,882.0
47165,26:12.000,26:12.002,2,1481.0,733.0,1641.0,949.0,986.0,669.0,1144.0,888.0
47181,26:12.500,26:12.527,2,1472.0,745.0,1631.0,964.0,977.0,683.0,1133.0,902.0
47196,26:13.000,26:13.027,2,967.0,675.0,1125.0,895.0,1463.0,741.0,1623.0,956.0
47211,26:13.500,26:13.527,2,1485.0,776.0,1643.0,991.0,984.0,702.0,1140.0,918.0
47226,26:14.000,26:14.027,2,1495.0,799.0,1653.0,1014.0,1010.0,708.0,1162.0,921.0
47241,26:14.500,26:14.528,2,1519.0,825.0,1680.0,1038.0,996.0,739.0,1153.0,955.0
47256,26:15.000,26:15.028,2,1534.0,835.0,1695.0,1049.0,947.0,788.0,1108.0,1015.0
47271,26:15.500,26:15.528,2,1549.0,825.0,1713.0,1039.0,1014.0,729.0,1172.0,941.0
47286,26:16.000,26:16.028,2,1589.0,821.0,1755.0,1040.0,1111.0,717.0,1262.0,915.0
47301,26:16.500,26:16.528,2,1601.0,819.0,1765.0,1036.0,1114.0,724.0,1264.0,929.0
47316,26:17.000,26:17.028,2,1581.0,814.0,1745.0,1030.0,1074.0,742.0,1230.0,966.0
47331,26:17.500,26:17.528,2,1067.0,751.0,1228.0,980.0,1578.0,796.0,1741.0,1013.0
47346,26:18.000,26:18.028,2,1679.0,833.0,1850.0,1055.0,1159.0,789.0,1324.0,1025.0
47361,26:18.500,26:18.530,2,1755.0,888.0,1937.0,1120.0,1216.0,853.0,1385.0,1090.0
47376,26:19.000,26:19.030,2,980.0,720.0,1150.0,955.0,1501.0,649.0,1661.0,864.0
47391,26:19.500,26:19.530,2,762.0,651.0,922.0,870.0,125.0,793.0,370.0,1085.0
47406,26:20.000,26:20.030,2,208.0,691.0,446.0,978.0,832.0,587.0,994.0,810.0
47421,26:20.500,26:20.530,2,499.0,634.0,709.0,914.0,1077.0,539.0,1236.0,766.0
47436,26:21.000,26:21.030,2,503.0,590.0,715.0,868.0,1118.0,514.0,1279.0,746.0
47451,26:21.500,26:21.530,2,358.0,635.0,569.0,904.0,995.0,628.0,1153.0,848.0
47466,26:22.000,26:22.030,2,485.0,669.0,672.0,917.0,1080.0,723.0,1237.0,939.0
47481,26:22.500,26:22.532,2,540.0,648.0,727.0,901.0,1116.0,702.0,1272.0,920.0
47496,26:23.000,26:23.032,2,647.0,651.0,835.0,907.0,1189.0,697.0,1345.0,912.0
47511,26:23.500,26:23.532,2,693.0,652.0,879.0,910.0,1226.0,699.0,1383.0,916.0
47526,26:24.000,26:24.032,2,717.0,671.0,899.0,921.0,1236.0,721.0,1398.0,941.0
47541,26:24.500,26:24.532,2,767.0,674.0,948.0,920.0,1294.0,734.0,1459.0,958.0
47556,26:25.000,26:25.032,2,796.0,679.0,976.0,925.0,1351.0,740.0,1517.0,974.0
47571,26:25.500,26:25.532,2,777.0,675.0,960.0,924.0,1322.0,736.0,1489.0,960.0
47586,26:26.000,26:26.032,2,752.0,676.0,934.0,924.0,1301.0,731.0,1467.0,955.0
47601,26:26.500,26:26.532,2,1291.0,722.0,1454.0,950.0,736.0,675.0,920.0,924.0
47615,26:27.000,26:27.000,2,726.0,676.0,910.0,928.0,1284.0,724.0,1450.0,947.0
47630,26:27.500,26:27.500,2,1280.0,721.0,1447.0,950.0,723.0,674.0,907.0,926.0
47645,26:28.000,26:28.000,2,727.0,681.0,911.0,933.0,1264.0,724.0,1429.0,942.0
47660,26:28.500,26:28.500,2,726.0,682.0,909.0,934.0,1256.0,718.0,1416.0,941.0
47675,26:29.000,26:29.000,2,726.0,687.0,910.0,938.0,1249.0,720.0,1409.0,939.0
47690,26:29.500,26:29.500,2,708.0,667.0,888.0,913.0,1251.0,718.0,1410.0,939.0
47705,26:30.000,26:30.000,2,703.0,703.0,890.0,936.0,1236.0,715.0,1396.0,936.0
47720,26:30.500,26:30.500,2,1214.0,715.0,1372.0,930.0,686.0,704.0,875.0,935.0
47735,26:31.000,26:31.002,2,1219.0,708.0,1377.0,926.0,690.0,704.0,882.0,931.0
47750,26:31.500,26:31.502,2,1241.0,715.0,1400.0,942.0,704.0,704.0,885.0,932.0
47765,26:32.000,26:32.002,2,1230.0,702.0,1390.0,920.0,704.0,659.0,880.0,894.0
47781,26:32.500,26:32.527,2,717.0,689.0,898.0,933.0,1189.0,719.0,1348.0,934.0
47796,26:33.000,26:33.027,2,733.0,691.0,917.0,937.0,1206.0,718.0,1364.0,935.0
47811,26:33.500,26:33.527,2,714.0,694.0,899.0,943.0,1201.0,717.0,1361.0,936.0
47826,26:34.000,26:34.027,2,694.0,679.0,878.0,936.0,1211.0,720.0,1370.0,937.0
47841,26:34.500,26:34.527,2,705.0,681.0,887.0,935.0,1210.0,726.0,1368.0,941.0
47856,26:35.000,26:35.028,2,703.0,678.0,885.0,931.0,1208.0,721.0,1368.0,936.0
47871,26:35.500,26:35.528,2,718.0,705.0,900.0,953.0,1223.0,744.0,1383.0,955.0
47886,26:36.000,26:36.028,2,1229.0,711.0,1388.0,929.0,719.0,674.0,901.0,925.0
47901,26:36.500,26:36.528,2,1238.0,706.0,1398.0,924.0,733.0,670.0,913.0,918.0
47916,26:37.000,26:37.028,2,1256.0,716.0,1418.0,936.0,742.0,683.0,922.0,928.0
47931,26:37.500,26:37.528,2,754.0,684.0,933.0,927.0,1271.0,724.0,1432.0,940.0
47946,26:38.000,26:38.028,2,777.0,685.0,958.0,934.0,1279.0,725.0,1439.0,942.0
47961,26:38.500,26:38.528,2,812.0,652.0,983.0,891.0,1299.0,723.0,1462.0,936.0
47976,26:39.000,26:39.028,2,1315.0,715.0,1477.0,930.0,837.0,654.0,1009.0,891.0
47991,26:39.500,26:39.530,2,839.0,667.0,1016.0,914.0,1343.0,731.0,1508.0,948.0
48006,26:40.000,26:40.030,2,908.0,661.0,1079.0,908.0,1435.0,741.0,1602.0,963.0
48021,26:40.500,26:40.530,2,1442.0,768.0,1613.0,982.0,934.0,667.0,1099.0,916.0
48036,26:41.000,26:41.030,2,1442.0,779.0,1611.0,986.0,931.0,675.0,1097.0,924.0
48051,26:41.500,26:41.530,2,1448.0,754.0,1621.0,977.0,946.0,663.0,1118.0,905.0
48066,26:42.000,26:42.030,2,944.0,665.0,1116.0,909.0,1444.0,743.0,1614.0,968.0
48081,26:42.500,26:42.530,2,1439.0,740.0,1605.0,962.0,940.0,674.0,1109.0,916.0
48096,26:43.000,26:43.030,2,1435.0,742.0,1601.0,961.0,938.0,672.0,1108.0,918.0
48111,26:43.500,26:43.532,2,914.0,690.0,1088.0,931.0,1412.0,745.0,1578.0,967.0
48126,26:44.000,26:44.032,2,915.0,686.0,1091.0,926.0,1413.0,740.0,1578.0,961.0
48141,26:44.500,26:44.532,2,1416.0,742.0,1582.0,963.0,919.0,688.0,1095.0,929.0
48156,26:45.000,26:45.032,2,960.0,694.0,1129.0,936.0,1454.0,745.0,1623.0,968.0
48171,26:45.500,26:45.532,2,1021.0,732.0,1190.0,972.0,1524.0,775.0,1697.0,1000.0
48186,26:46.000,26:46.032,2,972.0,712.0,1142.0,952.0,1473.0,758.0,1643.0,984.0
48201,26:46.500,26:46.532,2,1494.0,748.0,1664.0,973.0,982.0,687.0,1151.0,923.0
48216,26:47.000,26:47.032,2,1488.0,749.0,1657.0,972.0,975.0,682.0,1149.0,922.0
48231,26:47.500,26:47.532,2,1491.0,755.0,1660.0,978.0,987.0,686.0,1157.0,924.0
48245,26:48.000,26:48.000,2,1492.0,758.0,1664.0,981.0,1007.0,683.0,1177.0,917.0
48260,26:48.500,26:48.500,2,1492.0,758.0,1663.0,978.0,1020.0,681.0,1189.0,912.0
48275,26:49.000,26:49.000,2,1488.0,752.0,1657.0,974.0,1016.0,682.0,1184.0,911.0
48290,26:49.500,26:49.500,2,1485.0,748.0,1654.0,971.0,1031.0,701.0,1204.0,931.0
48305,26:50.000,26:50.000,2,1485.0,741.0,1653.0,967.0,1067.0,714.0,1225.0,932.0
48320,26:50.500,26:50.500,2,1482.0,739.0,1651.0,967.0,1053.0,690.0,1203.0,909.0
48335,26:51.000,26:51.000,2,1487.0,739.0,1656.0,963.0,1013.0,655.0,1175.0,883.0
48350,26:51.500,26:51.500,2,1485.0,740.0,1654.0,964.0,985.0,651.0,1149.0,884.0
48365,26:52.000,26:52.002,2,1493.0,750.0,1662.0,972.0,985.0,672.0,1150.0,904.0
48381,26:52.500,26:52.527,2,1493.0,751.0,1662.0,977.0,976.0,672.0,1146.0,910.0
48396,26:53.000,26:53.027,2,964.0,673.0,1134.0,910.0,1487.0,747.0,1657.0,971.0
48411,26:53.500,26:53.527,2,968.0,671.0,1137.0,911.0,1484.0,744.0,1654.0,974.0
48426,26:54.000,26:54.027,2,1491.0,748.0,1659.0,974.0,979.0,671.0,1147.0,910.0
48441,26:54.500,26:54.527,2,964.0,685.0,1134.0,928.0,1476.0,760.0,1645.0,985.0
48456,26:55.000,26:55.027,2,958.0,670.0,1128.0,915.0,1466.0,748.0,1637.0,973.0
48471,26:55.500,26:55.527,2,965.0,676.0,1134.0,918.0,1474.0,754.0,1643.0,979.0
48486,26:56.000,26:56.028,2,964.0,690.0,1133.0,935.0,1473.0,765.0,1641.0,987.0
48501,26:56.500,26:56.528,2,965.0,697.0,1135.0,941.0,1471.0,773.0,1639.0,997.0
48516,26:57.000,26:57.028,2,966.0,690.0,1137.0,935.0,1472.0,763.0,1641.0,987.0
48531,26:57.500,26:57.528,2,976.0,694.0,1148.0,935.0,1480.0,768.0,1650.0,990.0
48546,26:58.000,26:58.028,2,1479.0,755.0,1647.0,978.0,971.0,682.0,1141.0,921.0
48561,26:58.500,26:58.528,2,962.0,691.0,1132.0,933.0,1482.0,768.0,1651.0,994.0
48576,26:59.000,26:59.028,2,1498.0,765.0,1669.0,990.0,956.0,686.0,1127.0,930.0
48591,26:59.500,26:59.528,2,1021.0,697.0,1193.0,932.0,1546.0,766.0,1718.0,997.0
48606,27:00.000,27:00.028,2,1456.0,755.0,1628.0,984.0,993.0,691.0,1161.0,915.0
48621,27:00.500,27:00.530,2,1360.0,725.0,1528.0,953.0,948.0,635.0,1114.0,862.0
48636,27:01.000,27:01.030,2,1257.0,760.0,1429.0,985.0,860.0,763.0,1042.0,1027.0
48651,27:01.500,27:01.530,2,892.0,805.0,1082.0,1082.0,1273.0,778.0,1440.0,1003.0
48666,27:02.000,27:02.005,2,1453.0,775.0,1612.0,1000.0,1013.0,728.0,1187.0,954.0
48682,27:02.500,27:02.530,2,1552.0,757.0,1719.0,980.0,1008.0,700.0,1183.0,909.0
48697,27:03.000,27:03.030,2,900.0,684.0,1076.0,915.0,1539.0,744.0,1705.0,971.0
48712,27:03.500,27:03.530,2,875.0,680.0,1042.0,915.0,1537.0,741.0,1701.0,968.0
48727,27:04.000,27:04.005,2,1530.0,737.0,1694.0,960.0,936.0,697.0,1108.0,938.0
48743,27:04.500,27:04.532,2,1527.0,730.0,1691.0,952.0,955.0,709.0,1126.0,952.0
48758,27:05.000,27:05.032,2,1524.0,726.0,1690.0,953.0,951.0,712.0,1123.0,955.0
48773,27:05.500,27:05.532,2,1513.0,725.0,1678.0,951.0,937.0,695.0,1106.0,935.0
48788,27:06.000,27:06.032,2,1512.0,724.0,1676.0,949.0,928.0,693.0,1096.0,933.0
48803,27:06.500,27:06.532,2,1514.0,732.0,1678.0,956.0,917.0,694.0,1087.0,938.0
48818,27:07.000,27:07.032,2,933.0,701.0,1101.0,940.0,1525.0,742.0,1690.0,964.0
48833,27:07.500,27:07.532,2,1525.0,752.0,1690.0,977.0,943.0,704.0,1113.0,943.0
48848,27:08.000,27:08.032,2,1522.0,761.0,1686.0,984.0,937.0,706.0,1106.0,946.0
48862,27:08.500,27:08.500,2,901.0,695.0,1071.0,933.0,1487.0,780.0,1647.0,1002.0
48877,27:09.000,27:09.000,2,1490.0,784.0,1649.0,1006.0,903.0,699.0,1072.0,939.0
48892,27:09.500,27:09.500,2,1511.0,788.0,1675.0,1013.0,928.0,701.0,1096.0,937.0
48907,27:10.000,27:10.000,2,937.0,724.0,1104.0,961.0,1523.0,800.0,1686.0,1022.0
48922,27:10.500,27:10.500,2,939.0,719.0,1107.0,954.0,1527.0,791.0,1689.0,1013.0
48937,27:11.000,27:11.000,2,961.0,715.0,1126.0,947.0,1549.0,789.0,1711.0,1010.0
48953,27:11.500,27:11.525,2,1557.0,797.0,1717.0,1022.0,965.0,721.0,1131.0,956.0
48968,27:12.000,27:12.000,2,1534.0,775.0,1697.0,1000.0,943.0,702.0,1109.0,939.0
48984,27:12.500,27:12.525,2,1530.0,774.0,1693.0,998.0,925.0,667.0,1090.0,905.0
48999,27:13.000,27:13.027,2,1531.0,782.0,1692.0,1005.0,925.0,667.0,1090.0,902.0
49014,27:13.500,27:13.527,2,1530.0,785.0,1692.0,1007.0,939.0,690.0,1106.0,929.0
49029,27:14.000,27:14.027,2,950.0,688.0,1117.0,924.0,1537.0,791.0,1701.0,1009.0
49044,27:14.500,27:14.527,2,949.0,685.0,1115.0,921.0,1544.0,791.0,1707.0,1013.0
49059,27:15.000,27:15.027,2,940.0,691.0,1106.0,929.0,1536.0,793.0,1700.0,1014.0
49074,27:15.500,27:15.502,2,944.0,688.0,1111.0,924.0,1538.0,790.0,1702.0,1011.0
49090,27:16.000,27:16.027,2,952.0,692.0,1119.0,926.0,1543.0,792.0,1705.0,1011.0
49105,27:16.500,27:16.527,2,900.0,683.0,1067.0,916.0,1494.0,769.0,1655.0,992.0
49120,27:17.000,27:17.028,2,890.0,680.0,1057.0,912.0,1482.0,761.0,1642.0,982.0
49135,27:17.500,27:17.528,2,872.0,683.0,1040.0,918.0,1467.0,752.0,1627.0,974.0
49150,27:18.000,27:18.028,2,944.0,693.0,1111.0,927.0,1538.0,777.0,1700.0,997.0
49165,27:18.500,27:18.528,2,963.0,689.0,1130.0,926.0,1560.0,778.0,1723.0,1002.0
49180,27:19.000,27:19.028,2,956.0,689.0,1123.0,922.0,1553.0,778.0,1714.0,1001.0
49195,27:19.500,27:19.528,2,939.0,694.0,1105.0,935.0,1535.0,785.0,1698.0,1003.0
49210,27:20.000,27:20.028,2,737.0,718.0,912.0,964.0,1347.0,776.0,1499.0,992.0
49225,27:20.500,27:20.528,2,735.0,692.0,910.0,937.0,1347.0,750.0,1501.0,963.0
49240,27:21.000,27:21.030,2,749.0,685.0,924.0,927.0,1359.0,740.0,1513.0,955.0
49255,27:21.500,27:21.530,2,759.0,683.0,932.0,924.0,1371.0,735.0,1524.0,953.0
49270,27:22.000,27:22.030,2,772.0,679.0,945.0,923.0,1381.0,736.0,1536.0,952.0
49285,27:22.500,27:22.530,2,792.0,671.0,965.0,912.0,1400.0,733.0,1556.0,947.0
49300,27:23.000,27:23.030,2,823.0,662.0,994.0,907.0,1427.0,736.0,1583.0,958.0
49315,27:23.500,27:23.530,2,837.0,665.0,1009.0,906.0,1446.0,741.0,1603.0,959.0
49330,27:24.000,27:24.030,2,858.0,656.0,1027.0,896.0,1469.0,738.0,1628.0,955.0
49345,27:24.500,27:24.530,2,844.0,651.0,1015.0,896.0,1453.0,738.0,1613.0,953.0
49360,27:25.000,27:25.030,2,842.0,658.0,1014.0,903.0,1437.0,736.0,1592.0,954.0
49375,27:25.500,27:25.532,2,854.0,660.0,1025.0,903.0,1447.0,740.0,1604.0,964.0
49390,27:26.000,27:26.032,2,882.0,655.0,1051.0,896.0,1473.0,746.0,1630.0,963.0
49405,27:26.500,27:26.532,2,895.0,658.0,1063.0,897.0,1480.0,757.0,1640.0,982.0
49420,27:27.000,27:27.032,2,898.0,660.0,1067.0,899.0,1484.0,759.0,1642.0,986.0
49435,27:27.500,27:27.532,2,900.0,658.0,1071.0,898.0,1488.0,761.0,1646.0,983.0
49450,27:28.000,27:28.032,2,900.0,650.0,1072.0,894.0,1480.0,758.0,1640.0,980.0
49465,27:28.500,27:28.532,2,936.0,657.0,1111.0,896.0,1490.0,759.0,1647.0,981.0
49480,27:29.000,27:29.032,2,931.0,656.0,1104.0,894.0,1494.0,759.0,1650.0,979.0
49494,27:29.500,27:29.500,2,1505.0,759.0,1668.0,980.0,946.0,659.0,1117.0,894.0
49509,27:30.000,27:30.000,2,933.0,651.0,1106.0,890.0,1502.0,754.0,1660.0,973.0
49524,27:30.500,27:30.500,2,904.0,641.0,1078.0,886.0,1485.0,742.0,1643.0,959.0
49540,27:31.000,27:31.025,2,903.0,642.0,1076.0,887.0,1488.0,743.0,1644.0,961.0
49555,27:31.500,27:31.525,2,898.0,642.0,1070.0,888.0,1480.0,742.0,1636.0,959.0
49570,27:32.000,27:32.025,2,900.0,641.0,1073.0,887.0,1480.0,741.0,1637.0,957.0
49585,27:32.500,27:32.525,2,906.0,642.0,1079.0,888.0,1486.0,746.0,1644.0,968.0
49600,27:33.000,27:33.025,2,909.0,647.0,1081.0,890.0,1486.0,749.0,1644.0,964.0
49615,27:33.500,27:33.525,2,909.0,651.0,1082.0,893.0,1491.0,753.0,1648.0,970.0
49630,27:34.000,27:34.027,2,908.0,651.0,1082.0,894.0,1490.0,752.0,1647.0,970.0
49645,27:34.500,27:34.527,2,909.0,661.0,1081.0,901.0,1490.0,758.0,1648.0,978.0
49660,27:35.000,27:35.027,2,904.0,667.0,1076.0,903.0,1488.0,763.0,1646.0,983.0
49675,27:35.500,27:35.527,2,906.0,664.0,1077.0,904.0,1494.0,757.0,1650.0,974.0
49690,27:36.000,27:36.010,2,910.0,724.0,1081.0,962.0,1497.0,798.0,1652.0,1022.0
49706,27:36.500,27:36.527,2,911.0,705.0,1084.0,940.0,1501.0,780.0,1656.0,1002.0
49721,27:37.000,27:37.027,2,937.0,694.0,1107.0,929.0,1530.0,774.0,1690.0,998.0
49736,27:37.500,27:37.527,2,1534.0,773.0,1695.0,1000.0,920.0,675.0,1085.0,906.0
49751,27:38.000,27:38.028,2,1524.0,787.0,1681.0,1011.0,869.0,671.0,1029.0,891.0
49766,27:38.500,27:38.528,2,1564.0,794.0,1726.0,1018.0,912.0,659.0,1072.0,875.0
49781,27:39.000,27:39.028,2,1561.0,784.0,1721.0,1009.0,917.0,652.0,1072.0,870.0
49796,27:39.500,27:39.528,2,1566.0,790.0,1730.0,1013.0,918.0,656.0,1075.0,877.0
49811,27:40.000,27:40.028,2,1570.0,801.0,1733.0,1026.0,924.0,658.0,1079.0,879.0
49826,27:40.500,27:40.528,2,1593.0,791.0,1758.0,1015.0,953.0,648.0,1109.0,865.0
49841,27:41.000,27:41.028,2,946.0,640.0,1102.0,863.0,1610.0,764.0,1774.0,988.0
49856,27:41.500,27:41.528,2,1596.0,766.0,1762.0,988.0,891.0,640.0,1049.0,868.0
49871,27:42.000,27:42.030,2,1584.0,769.0,1747.0,998.0,867.0,648.0,1025.0,877.0
49886,27:42.500,27:42.530,2,1573.0,766.0,1737.0,992.0,874.0,642.0,1032.0,869.0
49901,27:43.000,27:43.030,2,1578.0,764.0,1742.0,987.0,901.0,637.0,1062.0,866.0
49916,27:43.500,27:43.530,2,1571.0,761.0,1735.0,985.0,919.0,660.0,1082.0,887.0
49931,27:44.000,27:44.030,2,1579.0,753.0,1741.0,978.0,931.0,644.0,1092.0,875.0
49946,27:44.500,27:44.530,2,1574.0,755.0,1738.0,983.0,927.0,643.0,1089.0,870.0
49961,27:45.000,27:45.030,2,1574.0,752.0,1738.0,978.0,930.0,638.0,1093.0,863.0
49976,27:45.500,27:45.530,2,1572.0,754.0,1736.0,977.0,925.0,638.0,1086.0,861.0
49991,27:46.000,27:46.030,2,1565.0,750.0,1731.0,975.0,922.0,637.0,1083.0,863.0
50006,27:46.500,27:46.532,2,1570.0,750.0,1734.0,972.0,926.0,633.0,1087.0,860.0
50021,27:47.000,27:47.032,2,1572.0,753.0,1737.0,976.0,926.0,636.0,1086.0,861.0
50036,27:47.500,27:47.532,2,1564.0,749.0,1727.0,973.0,917.0,636.0,1077.0,859.0
50051,27:48.000,27:48.032,2,1563.0,742.0,1725.0,966.0,916.0,632.0,1077.0,854.0
50066,27:48.500,27:48.532,2,1570.0,744.0,1734.0,967.0,923.0,627.0,1085.0,850.0
50081,27:49.000,27:49.032,2,1567.0,742.0,1731.0,968.0,919.0,627.0,1078.0,854.0
50096,27:49.500,27:49.532,2,904.0,631.0,1064.0,858.0,1560.0,737.0,1721.0,964.0
50111,27:50.000,27:50.032,2,913.0,634.0,1073.0,859.0,1562.0,739.0,1723.0,966.0
50125,27:50.500,27:50.500,2,906.0,633.0,1067.0,861.0,1558.0,740.0,1719.0,966.0
50140,27:51.000,27:51.000,2,897.0,638.0,1058.0,867.0,1559.0,747.0,1720.0,972.0
50156,27:51.500,27:51.525,2,1564.0,751.0,1726.0,972.0,895.0,642.0,1056.0,866.0
50171,27:52.000,27:52.025,2,907.0,639.0,1069.0,870.0,1536.0,756.0,1701.0,984.0
50186,27:52.500,27:52.525,2,1528.0,758.0,1691.0,989.0,951.0,641.0,1112.0,874.0
50201,27:53.000,27:53.025,2,1536.0,765.0,1699.0,995.0,978.0,656.0,1141.0,889.0
50216,27:53.500,27:53.525,2,969.0,657.0,1133.0,892.0,1534.0,765.0,1699.0,997.0
50231,27:54.000,27:54.025,2,1532.0,758.0,1696.0,990.0,958.0,655.0,1122.0,892.0
50246,27:54.500,27:54.527,2,1533.0,758.0,1697.0,989.0,959.0,661.0,1123.0,896.0
50261,27:55.000,27:55.027,2,957.0,661.0,1121.0,898.0,1541.0,762.0,1706.0,989.0
50276,27:55.500,27:55.527,2,957.0,664.0,1120.0,900.0,1555.0,760.0,1721.0,989.0
50291,27:56.000,27:56.027,2,959.0,663.0,1124.0,899.0,1560.0,759.0,1727.0,987.0
50306,27:56.500,27:56.527,2,1559.0,758.0,1726.0,985.0,958.0,663.0,1122.0,899.0
50321,27:57.000,27:57.027,2,1539.0,747.0,1706.0,976.0,936.0,653.0,1101.0,891.0
50336,27:57.500,27:57.527,2,924.0,644.0,1089.0,886.0,1524.0,735.0,1688.0,958.0
50351,27:58.000,27:58.027,2,1545.0,737.0,1709.0,962.0,944.0,644.0,1108.0,881.0
50366,27:58.500,27:58.527,2,1545.0,738.0,1709.0,963.0,943.0,644.0,1107.0,882.0
50381,27:59.000,27:59.028,2,1554.0,737.0,1717.0,964.0,950.0,645.0,1113.0,886.0
50396,27:59.500,27:59.528,2,1555.0,738.0,1717.0,963.0,949.0,637.0,1113.0,876.0
50411,28:00.000,28:00.028,2,955.0,640.0,1119.0,871.0,1565.0,741.0,1732.0,969.0
50426,28:00.500,28:00.528,2,1544.0,741.0,1708.0,965.0,935.0,640.0,1099.0,875.0
50441,28:01.000,28:01.028,2,946.0,637.0,1109.0,871.0,1557.0,739.0,1719.0,965.0
50456,28:01.500,28:01.528,2,945.0,636.0,1108.0,870.0,1557.0,741.0,1720.0,966.0
50471,28:02.000,28:02.028,2,1575.0,746.0,1742.0,973.0,964.0,637.0,1130.0,875.0
50486,28:02.500,28:02.528,2,953.0,628.0,1116.0,863.0,1568.0,740.0,1735.0,967.0
50501,28:03.000,28:03.030,2,1587.0,777.0,1753.0,1007.0,946.0,655.0,1105.0,884.0
50516,28:03.500,28:03.530,2,1595.0,758.0,1764.0,985.0,937.0,634.0,1096.0,864.0
50531,28:04.000,28:04.030,2,1567.0,739.0,1734.0,964.0,963.0,612.0,1123.0,836.0
50546,28:04.500,28:04.530,2,1559.0,735.0,1724.0,961.0,973.0,630.0,1137.0,860.0
50561,28:05.000,28:05.030,2,1574.0,727.0,1741.0,960.0,953.0,618.0,1115.0,852.0
50576,28:05.500,28:05.530,2,1567.0,725.0,1735.0,950.0,955.0,622.0,1120.0,858.0
50591,28:06.000,28:06.030,2,1567.0,724.0,1735.0,952.0,971.0,648.0,1138.0,889.0
50606,28:06.500,28:06.530,2,1581.0,727.0,1750.0,955.0,984.0,647.0,1149.0,881.0
50621,28:07.000,28:07.032,2,984.0,638.0,1148.0,877.0,1581.0,734.0,1751.0,966.0
50636,28:07.500,28:07.532,2,1581.0,727.0,1748.0,955.0,986.0,636.0,1149.0,868.0
50651,28:08.000,28:08.032,2,1579.0,727.0,1747.0,954.0,996.0,612.0,1159.0,842.0
50666,28:08.500,28:08.532,2,1569.0,724.0,1737.0,951.0,994.0,611.0,1157.0,832.0
50681,28:09.000,28:09.032,2,1582.0,732.0,1750.0,958.0,1001.0,673.0,1168.0,892.0
50696,28:09.500,28:09.532,2,1579.0,728.0,1747.0,953.0,993.0,680.0,1156.0,892.0
50711,28:10.000,28:10.032,2,1575.0,735.0,1742.0,960.0,988.0,686.0,1150.0,896.0
50726,28:10.500,28:10.532,2,1572.0,738.0,1739.0,968.0,979.0,692.0,1140.0,902.0
50741,28:11.000,28:11.032,2,1570.0,729.0,1737.0,955.0,974.0,685.0,1136.0,896.0
50756,28:11.500,28:11.525,2,1570.0,729.0,1737.0,953.0,972.0,684.0,1134.0,892.0
50771,28:12.000,28:12.025,2,1567.0,727.0,1734.0,951.0,965.0,686.0,1127.0,892.0
50786,28:12.500,28:12.525,2,1555.0,719.0,1717.0,941.0,948.0,681.0,1111.0,889.0
50801,28:13.000,28:13.025,2,1546.0,712.0,1709.0,930.0,940.0,676.0,1102.0,887.0
50816,28:13.500,28:13.525,2,1551.0,709.0,1716.0,927.0,947.0,668.0,1107.0,880.0
50831,28:14.000,28:14.025,2,1548.0,715.0,1712.0,934.0,931.0,642.0,1094.0,878.0
50846,28:14.500,28:14.525,2,1561.0,708.0,1726.0,927.0,930.0,613.0,1095.0,854.0
50861,28:15.000,28:15.025,2,1568.0,707.0,1734.0,931.0,933.0,606.0,1093.0,838.0
50876,28:15.500,28:15.527,2,322.0,639.0,538.0,906.0,996.0,641.0,1147.0,855.0
50891,28:16.000,28:16.027,2,555.0,711.0,744.0,964.0,1142.0,724.0,1293.0,934.0
50906,28:16.500,28:16.527,2,815.0,684.0,989.0,925.0,1402.0,753.0,1557.0,967.0
50921,28:17.000,28:17.027,2,858.0,677.0,1032.0,911.0,1454.0,751.0,1612.0,967.0
50936,28:17.500,28:17.527,2,743.0,690.0,920.0,934.0,1345.0,738.0,1498.0,955.0
50951,28:18.000,28:18.027,2,722.0,702.0,905.0,960.0,1324.0,730.0,1476.0,949.0
50966,28:18.500,28:18.527,2,786.0,688.0,964.0,939.0,1360.0,755.0,1515.0,972.0
50981,28:19.000,28:19.027,2,853.0,707.0,1028.0,952.0,1371.0,763.0,1528.0,981.0
50996,28:19.500,28:19.527,2,1347.0,749.0,1507.0,968.0,856.0,666.0,1026.0,900.0
51011,28:20.000,28:20.028,2,1912.0,802.0,2119.0,1042.0,1357.0,693.0,1520.0,911.0
51026,28:20.500,28:20.528,1,1711.0,698.0,1906.0,941.0,,,,
51041,28:21.000,28:21.028,2,1625.0,699.0,1800.0,925.0,1103.0,604.0,1269.0,838.0
51056,28:21.500,28:21.528,2,1611.0,680.0,1782.0,911.0,1092.0,588.0,1256.0,827.0
51071,28:22.000,28:22.028,2,1559.0,684.0,1730.0,915.0,1050.0,599.0,1213.0,834.0
51086,28:22.500,28:22.528,2,969.0,595.0,1135.0,831.0,1476.0,677.0,1642.0,900.0
51101,28:23.000,28:23.028,2,1444.0,679.0,1607.0,904.0,943.0,601.0,1109.0,838.0
51116,28:23.500,28:23.528,2,897.0,610.0,1066.0,845.0,1398.0,685.0,1555.0,904.0
51131,28:24.000,28:24.030,2,1392.0,693.0,1553.0,912.0,887.0,615.0,1055.0,853.0
51146,28:24.500,28:24.530,2,873.0,654.0,1041.0,891.0,1380.0,726.0,1537.0,948.0
51161,28:25.000,28:25.030,2,792.0,430.0,966.0,674.0,1313.0,458.0,1470.0,683.0
51176,28:25.500,28:25.530,2,1482.0,562.0,1645.0,787.0,957.0,584.0,1124.0,807.0
51191,28:26.000,28:26.030,2,965.0,654.0,1125.0,861.0,425.0,763.0,631.0,962.0
51206,28:26.500,28:26.530,2,974.0,650.0,1142.0,862.0,505.0,570.0,700.0,834.0
51221,28:27.000,28:27.030,2,921.0,581.0,1089.0,811.0,1310.0,683.0,1477.0,905.0
51236,28:27.500,28:27.530,2,1457.0,639.0,1626.0,869.0,1053.0,569.0,1220.0,795.0
51251,28:28.000,28:28.032,2,1453.0,759.0,1617.0,973.0,1034.0,706.0,1192.0,919.0
51266,28:28.500,28:28.532,2,695.0,752.0,857.0,975.0,1143.0,753.0,1299.0,962.0
51281,28:29.000,28:29.032,2,599.0,776.0,774.0,1015.0,1078.0,746.0,1233.0,954.0
51296,28:29.500,28:29.532,2,800.0,752.0,966.0,977.0,1251.0,744.0,1407.0,956.0
51311,28:30.000,28:30.032,2,1267.0,734.0,1423.0,941.0,814.0,745.0,977.0,961.0
51326,28:30.500,28:30.532,2,1340.0,718.0,1496.0,926.0,850.0,715.0,1005.0,914.0
51341,28:31.000,28:31.032,2,1344.0,708.0,1498.0,915.0,843.0,700.0,996.0,902.0
51356,28:31.500,28:31.523,2,865.0,729.0,1031.0,952.0,1336.0,692.0,1493.0,901.0
51371,28:32.000,28:32.023,2,885.0,740.0,1052.0,968.0,1339.0,678.0,1496.0,887.0
51386,28:32.500,28:32.525,2,928.0,754.0,1095.0,979.0,1337.0,670.0,1493.0,884.0
51401,28:33.000,28:33.025,2,1333.0,664.0,1490.0,878.0,929.0,749.0,1100.0,974.0
51416,28:33.500,28:33.525,2,1330.0,663.0,1487.0,876.0,912.0,774.0,1081.0,1000.0
51431,28:34.000,28:34.025,2,1332.0,656.0,1490.0,869.0,914.0,761.0,1086.0,990.0
51446,28:34.500,28:34.525,2,1330.0,659.0,1487.0,869.0,918.0,756.0,1088.0,987.0
51461,28:35.000,28:35.025,2,1328.0,660.0,1485.0,869.0,909.0,750.0,1080.0,985.0
51476,28:35.500,28:35.525,2,903.0,691.0,1073.0,914.0,1331.0,654.0,1487.0,866.0
51491,28:36.000,28:36.025,2,894.0,697.0,1060.0,920.0,1331.0,651.0,1487.0,861.0
51506,28:36.500,28:36.527,2,895.0,691.0,1062.0,918.0,1326.0,647.0,1481.0,856.0
51521,28:37.000,28:37.027,2,900.0,704.0,1068.0,933.0,1322.0,647.0,1477.0,861.0
51536,28:37.500,28:37.527,2,914.0,700.0,1081.0,927.0,1324.0,645.0,1478.0,855.0
51551,28:38.000,28:38.027,2,911.0,692.0,1079.0,920.0,1327.0,637.0,1481.0,847.0
51566,28:38.500,28:38.527,2,897.0,691.0,1068.0,921.0,1331.0,620.0,1487.0,836.0
51581,28:39.000,28:39.027,2,798.0,691.0,969.0,911.0,1354.0,605.0,1509.0,822.0
51596,28:39.500,28:39.527,2,800.0,697.0,975.0,919.0,1348.0,605.0,1501.0,821.0
51611,28:40.000,28:40.027,2,843.0,681.0,1015.0,912.0,1338.0,609.0,1492.0,821.0
51626,28:40.500,28:40.528,2,844.0,689.0,1018.0,921.0,1329.0,608.0,1483.0,820.0
51641,28:41.000,28:41.028,2,849.0,681.0,1022.0,909.0,1323.0,608.0,1476.0,817.0
51656,28:41.500,28:41.528,2,1324.0,604.0,1477.0,813.0,862.0,677.0,1031.0,900.0
51671,28:42.000,28:42.028,2,875.0,676.0,1045.0,902.0,1322.0,601.0,1475.0,811.0
51686,28:42.500,28:42.528,2,855.0,668.0,1028.0,902.0,1316.0,596.0,1469.0,804.0
51701,28:43.000,28:43.028,2,869.0,721.0,1042.0,950.0,1310.0,651.0,1464.0,845.0
51716,28:43.500,28:43.528,2,874.0,712.0,1046.0,942.0,1309.0,648.0,1465.0,853.0
51731,28:44.000,28:44.028,2,867.0,715.0,1038.0,947.0,1278.0,659.0,1438.0,874.0
51746,28:44.500,28:44.528,2,883.0,690.0,1054.0,915.0,1286.0,664.0,1441.0,876.0
51761,28:45.000,28:45.030,2,816.0,673.0,992.0,907.0,1270.0,662.0,1427.0,872.0
51776,28:45.500,28:45.530,2,1279.0,666.0,1437.0,878.0,827.0,674.0,989.0,884.0
51791,28:46.000,28:46.030,2,830.0,751.0,990.0,962.0,1267.0,735.0,1425.0,943.0
51806,28:46.500,28:46.530,2,842.0,774.0,1014.0,1008.0,1266.0,707.0,1422.0,914.0
51821,28:47.000,28:47.030,2,852.0,785.0,1023.0,1024.0,1274.0,686.0,1434.0,900.0
51836,28:47.500,28:47.530,2,852.0,764.0,1021.0,1002.0,1257.0,663.0,1414.0,881.0
51851,28:48.000,28:48.030,2,1272.0,669.0,1430.0,885.0,864.0,758.0,1033.0,988.0
51866,28:48.500,28:48.530,2,840.0,757.0,1008.0,995.0,1263.0,668.0,1423.0,885.0
51881,28:49.000,28:49.032,2,841.0,759.0,1010.0,992.0,1265.0,666.0,1427.0,884.0
51896,28:49.500,28:49.532,2,825.0,769.0,996.0,1003.0,1254.0,680.0,1417.0,894.0
51911,28:50.000,28:50.032,2,836.0,805.0,1006.0,1033.0,1269.0,717.0,1430.0,920.0
51926,28:50.500,28:50.532,2,909.0,885.0,1076.0,1123.0,1327.0,806.0,1493.0,1018.0
51941,28:51.000,28:51.023,2,909.0,859.0,1076.0,1097.0,1346.0,794.0,1510.0,1007.0
51956,28:51.500,28:51.523,2,1385.0,783.0,1546.0,995.0,933.0,868.0,1097.0,1096.0
51971,28:52.000,28:52.023,2,1315.0,769.0,1471.0,977.0,817.0,903.0,987.0,1101.0
51986,28:52.500,28:52.523,2,605.0,974.0,793.0,1209.0,1121.0,820.0,1268.0,1025.0
52001,28:53.000,28:53.025,2,856.0,674.0,1019.0,899.0,1362.0,577.0,1506.0,782.0
52016,28:53.500,28:53.525,2,780.0,683.0,940.0,901.0,1357.0,577.0,1502.0,779.0
52031,28:54.000,28:54.025,2,780.0,724.0,944.0,947.0,1375.0,612.0,1519.0,813.0
52046,28:54.500,28:54.525,2,823.0,723.0,986.0,944.0,1397.0,614.0,1542.0,816.0
52061,28:55.000,28:55.025,2,835.0,728.0,1001.0,952.0,1406.0,605.0,1553.0,805.0
52076,28:55.500,28:55.525,2,825.0,730.0,994.0,956.0,1406.0,604.0,1553.0,803.0
52091,28:56.000,28:56.025,2,805.0,734.0,974.0,957.0,1393.0,607.0,1540.0,806.0
52106,28:56.500,28:56.525,2,836.0,735.0,1004.0,957.0,1413.0,612.0,1563.0,813.0
52121,28:57.000,28:57.025,2,860.0,776.0,1028.0,1001.0,1437.0,659.0,1584.0,859.0
52136,28:57.500,28:57.527,2,869.0,736.0,1033.0,955.0,1445.0,619.0,1596.0,819.0
52151,28:58.000,28:58.027,2,847.0,736.0,1015.0,963.0,1431.0,622.0,1581.0,823.0
52166,28:58.500,28:58.527,2,853.0,736.0,1015.0,957.0,1458.0,639.0,1608.0,838.0
52181,28:59.000,28:59.027,2,881.0,730.0,1043.0,943.0,1460.0,635.0,1612.0,835.0
52196,28:59.500,28:59.527,2,879.0,728.0,1042.0,942.0,1461.0,626.0,1611.0,824.0
52211,29:00.000,29:00.027,2,895.0,762.0,1059.0,986.0,1469.0,654.0,1619.0,856.0
52226,29:00.500,29:00.527,2,842.0,635.0,1008.0,876.0,1434.0,584.0,1583.0,788.0
52241,29:01.000,29:01.027,2,942.0,641.0,1102.0,884.0,1530.0,605.0,1681.0,806.0
52256,29:01.500,29:01.528,2,966.0,653.0,1130.0,893.0,1550.0,619.0,1700.0,824.0
52271,29:02.000,29:02.028,2,775.0,659.0,942.0,896.0,1344.0,558.0,1490.0,766.0
52286,29:02.500,29:02.528,2,826.0,701.0,989.0,935.0,1415.0,572.0,1560.0,779.0
52301,29:03.000,29:03.028,2,834.0,709.0,998.0,942.0,1428.0,587.0,1569.0,791.0
52316,29:03.500,29:03.528,2,1435.0,587.0,1569.0,787.0,846.0,664.0,1001.0,867.0
52331,29:04.000,29:04.028,2,815.0,687.0,980.0,903.0,1407.0,591.0,1532.0,792.0
52346,29:04.500,29:04.528,2,794.0,685.0,964.0,910.0,1326.0,586.0,1480.0,788.0
52361,29:05.000,29:05.028,2,1327.0,587.0,1480.0,798.0,774.0,696.0,943.0,905.0
52376,29:05.500,29:05.530,2,814.0,669.0,977.0,894.0,1329.0,581.0,1486.0,789.0
52391,29:06.000,29:06.030,2,825.0,654.0,987.0,875.0,1337.0,572.0,1495.0,777.0
52406,29:06.500,29:06.530,2,812.0,682.0,974.0,899.0,1339.0,569.0,1498.0,774.0
52421,29:07.000,29:07.030,2,761.0,704.0,931.0,920.0,1306.0,586.0,1463.0,788.0
52436,29:07.500,29:07.530,2,818.0,671.0,984.0,898.0,1320.0,585.0,1476.0,787.0
52451,29:08.000,29:08.030,2,845.0,692.0,1010.0,913.0,1301.0,601.0,1457.0,807.0
52466,29:08.500,29:08.530,2,755.0,790.0,924.0,1012.0,1232.0,678.0,1385.0,883.0
52481,29:09.000,29:09.030,2,764.0,785.0,931.0,1010.0,1229.0,670.0,1382.0,873.0
52496,29:09.500,29:09.530,2,824.0,767.0,988.0,988.0,1290.0,692.0,1445.0,890.0
52511,29:10.000,29:10.032,2,844.0,761.0,1009.0,990.0,1306.0,682.0,1458.0,884.0
52526,29:10.500,29:10.532,2,833.0,815.0,1000.0,1044.0,1325.0,713.0,1478.0,912.0
52541,29:11.000,29:11.032,2,846.0,765.0,1011.0,993.0,1327.0,686.0,1481.0,886.0
52556,29:11.500,29:11.523,2,805.0,803.0,969.0,1025.0,1315.0,713.0,1469.0,909.0
52571,29:12.000,29:12.023,2,823.0,831.0,988.0,1044.0,1268.0,741.0,1424.0,943.0
52586,29:12.500,29:12.523,2,999.0,769.0,1157.0,974.0,1299.0,753.0,1459.0,941.0
52601,29:13.000,29:13.023,2,967.0,772.0,1124.0,986.0,1316.0,744.0,1480.0,936.0
52616,29:13.500,29:13.523,2,923.0,758.0,1079.0,971.0,1354.0,704.0,1510.0,898.0
52631,29:14.000,29:14.025,2,917.0,710.0,1073.0,928.0,1383.0,649.0,1531.0,850.0
52646,29:14.500,29:14.525,2,906.0,702.0,1062.0,912.0,1387.0,633.0,1534.0,834.0
52661,29:15.000,29:15.025,2,810.0,710.0,970.0,919.0,1382.0,636.0,1529.0,836.0
52676,29:15.500,29:15.525,2,810.0,711.0,968.0,919.0,1383.0,634.0,1531.0,836.0
52691,29:16.000,29:16.025,2,841.0,705.0,998.0,917.0,1365.0,628.0,1514.0,834.0
52706,29:16.500,29:16.525,2,845.0,703.0,1002.0,914.0,1363.0,624.0,1513.0,828.0
52721,29:17.000,29:17.025,2,845.0,706.0,1001.0,917.0,1361.0,621.0,1510.0,827.0
52736,29:17.500,29:17.525,2,843.0,712.0,1001.0,923.0,1361.0,628.0,1511.0,833.0
52751,29:18.000,29:18.027,2,831.0,743.0,988.0,946.0,1359.0,635.0,1508.0,837.0
52766,29:18.500,29:18.527,2,851.0,710.0,1012.0,923.0,1358.0,631.0,1508.0,837.0
52781,29:19.000,29:19.027,2,851.0,708.0,1014.0,932.0,1354.0,619.0,1503.0,828.0
52796,29:19.500,29:19.527,2,849.0,724.0,1012.0,940.0,1345.0,620.0,1496.0,827.0
52811,29:20.000,29:20.027,2,861.0,711.0,1021.0,923.0,1347.0,618.0,1496.0,824.0
52826,29:20.500,29:20.527,2,878.0,693.0,1034.0,907.0,1342.0,612.0,1492.0,819.0
52841,29:21.000,29:21.027,2,880.0,696.0,1038.0,911.0,1338.0,613.0,1488.0,817.0
52856,29:21.500,29:21.527,2,865.0,704.0,1027.0,922.0,1335.0,609.0,1484.0,811.0
52871,29:22.000,29:22.027,2,804.0,724.0,964.0,948.0,1336.0,607.0,1484.0,808.0
52886,29:22.500,29:22.528,2,789.0,712.0,955.0,936.0,1339.0,596.0,1490.0,799.0
52901,29:23.000,29:23.028,2,812.0,676.0,977.0,904.0,1338.0,586.0,1488.0,788.0
52916,29:23.500,29:23.528,2,785.0,668.0,951.0,892.0,1343.0,568.0,1495.0,773.0
52931,29:24.000,29:24.028,2,814.0,654.0,978.0,876.0,1357.0,556.0,1509.0,765.0
52946,29:24.500,29:24.528,2,819.0,651.0,982.0,877.0,1350.0,551.0,1499.0,761.0
52961,29:25.000,29:25.028,2,828.0,661.0,990.0,887.0,1345.0,558.0,1495.0,763.0
52976,29:25.500,29:25.528,2,766.0,695.0,937.0,914.0,1343.0,557.0,1495.0,763.0
52991,29:26.000,29:26.028,2,809.0,691.0,978.0,923.0,1335.0,556.0,1487.0,765.0
53006,29:26.500,29:26.530,2,839.0,669.0,1007.0,906.0,1335.0,556.0,1487.0,763.0
53021,29:27.000,29:27.030,2,823.0,656.0,991.0,891.0,1331.0,556.0,1481.0,763.0
53036,29:27.500,29:27.530,2,858.0,628.0,1018.0,846.0,1332.0,558.0,1482.0,764.0
53051,29:28.000,29:28.030,2,1339.0,563.0,1490.0,767.0,885.0,620.0,1035.0,819.0
53066,29:28.500,29:28.530,2,860.0,635.0,1016.0,852.0,1335.0,564.0,1485.0,768.0
53081,29:29.000,29:29.030,2,822.0,644.0,989.0,878.0,1331.0,558.0,1481.0,765.0
53096,29:29.500,29:29.530,2,809.0,643.0,979.0,884.0,1323.0,553.0,1472.0,762.0
53111,29:30.000,29:30.030,2,801.0,651.0,966.0,881.0,1320.0,557.0,1469.0,766.0
53126,29:30.500,29:30.532,2,814.0,649.0,977.0,880.0,1324.0,557.0,1474.0,765.0
53141,29:31.000,29:31.032,2,822.0,662.0,985.0,893.0,1319.0,557.0,1468.0,763.0
53156,29:31.500,29:31.523,2,820.0,684.0,983.0,910.0,1312.0,571.0,1463.0,775.0
53171,29:32.000,29:32.023,2,814.0,690.0,977.0,918.0,1309.0,577.0,1461.0,778.0
53186,29:32.500,29:32.523,2,817.0,688.0,981.0,920.0,1312.0,572.0,1462.0,776.0
53201,29:33.000,29:33.023,2,829.0,765.0,995.0,1001.0,1330.0,642.0,1477.0,845.0
53216,29:33.500,29:33.523,2,838.0,778.0,1006.0,1012.0,1339.0,658.0,1486.0,857.0
53231,29:34.000,29:34.023,2,831.0,759.0,998.0,988.0,1334.0,643.0,1479.0,843.0
53246,29:34.500,29:34.523,2,852.0,746.0,1015.0,967.0,1342.0,635.0,1490.0,838.0
53261,29:35.000,29:35.025,2,860.0,735.0,1018.0,947.0,1338.0,634.0,1486.0,835.0
53276,29:35.500,29:35.525,2,839.0,752.0,1004.0,974.0,1335.0,640.0,1484.0,840.0
53291,29:36.000,29:36.025,2,817.0,752.0,983.0,977.0,1333.0,635.0,1484.0,837.0
53306,29:36.500,29:36.525,2,802.0,764.0,972.0,993.0,1336.0,638.0,1487.0,839.0
53321,29:37.000,29:37.025,2,808.0,772.0,976.0,994.0,1343.0,632.0,1493.0,836.0
53336,29:37.500,29:37.525,2,813.0,769.0,980.0,993.0,1338.0,635.0,1487.0,838.0
53351,29:38.000,29:38.025,2,815.0,766.0,982.0,994.0,1337.0,634.0,1487.0,837.0
53366,29:38.500,29:38.525,2,819.0,764.0,988.0,996.0,1339.0,632.0,1488.0,836.0
53381,29:39.000,29:39.027,2,819.0,757.0,983.0,987.0,1343.0,634.0,1494.0,841.0
53396,29:39.500,29:39.527,2,804.0,750.0,969.0,971.0,1341.0,632.0,1492.0,842.0
53411,29:40.000,29:40.027,2,805.0,739.0,970.0,959.0,1340.0,631.0,1490.0,842.0
53426,29:40.500,29:40.527,2,781.0,749.0,949.0,967.0,1339.0,629.0,1488.0,843.0
53441,29:41.000,29:41.027,2,756.0,754.0,927.0,973.0,1341.0,635.0,1489.0,844.0
53456,29:41.500,29:41.527,2,798.0,745.0,964.0,967.0,1345.0,640.0,1492.0,844.0
53471,29:42.000,29:42.027,2,827.0,740.0,991.0,965.0,1340.0,634.0,1489.0,836.0
53486,29:42.500,29:42.527,2,826.0,730.0,991.0,951.0,1342.0,626.0,1494.0,830.0
53501,29:43.000,29:43.027,2,834.0,729.0,998.0,955.0,1344.0,632.0,1494.0,834.0
53516,29:43.500,29:43.528,2,827.0,736.0,993.0,958.0,1345.0,626.0,1494.0,830.0
53531,29:44.000,29:44.028,2,805.0,746.0,974.0,969.0,1334.0,619.0,1485.0,824.0
53546,29:44.500,29:44.528,2,789.0,738.0,955.0,963.0,1328.0,612.0,1480.0,810.0
53561,29:45.000,29:45.028,2,822.0,854.0,985.0,1072.0,1352.0,737.0,1501.0,940.0
53576,29:45.500,29:45.528,2,902.0,805.0,1058.0,1019.0,1424.0,725.0,1575.0,925.0
53591,29:46.000,29:46.028,2,933.0,768.0,1090.0,985.0,1439.0,700.0,1588.0,895.0
53606,29:46.500,29:46.528,2,924.0,767.0,1086.0,992.0,1427.0,686.0,1578.0,884.0
53621,29:47.000,29:47.028,2,904.0,772.0,1063.0,996.0,1422.0,687.0,1573.0,886.0
53636,29:47.500,29:47.530,2,890.0,765.0,1051.0,982.0,1415.0,673.0,1568.0,872.0
53651,29:48.000,29:48.030,2,886.0,763.0,1044.0,973.0,1414.0,665.0,1564.0,864.0
53666,29:48.500,29:48.530,2,881.0,764.0,1039.0,981.0,1403.0,659.0,1554.0,859.0
53681,29:49.000,29:49.030,2,879.0,756.0,1039.0,968.0,1393.0,650.0,1544.0,850.0
53696,29:49.500,29:49.530,2,897.0,769.0,1060.0,991.0,1390.0,648.0,1539.0,849.0
53711,29:50.000,29:50.030,2,896.0,763.0,1059.0,982.0,1388.0,647.0,1537.0,849.0
53726,29:50.500,29:50.522,2,886.0,757.0,1047.0,971.0,1386.0,644.0,1535.0,846.0
53741,29:51.000,29:51.022,2,874.0,746.0,1034.0,961.0,1386.0,636.0,1537.0,837.0
53756,29:51.500,29:51.523,2,861.0,746.0,1024.0,963.0,1380.0,628.0,1529.0,830.0
53771,29:52.000,29:52.023,2,852.0,748.0,1017.0,978.0,1377.0,622.0,1527.0,825.0
53786,29:52.500,29:52.523,2,866.0,743.0,1029.0,964.0,1374.0,620.0,1523.0,822.0
53801,29:53.000,29:53.023,2,879.0,787.0,1047.0,1007.0,1356.0,662.0,1508.0,862.0
53816,29:53.500,29:53.523,2,898.0,796.0,1059.0,1020.0,1363.0,678.0,1515.0,880.0
53831,29:54.000,29:54.023,2,894.0,769.0,1054.0,991.0,1371.0,657.0,1522.0,856.0
53846,29:54.500,29:54.523,2,849.0,769.0,1014.0,989.0,1368.0,647.0,1519.0,845.0
53861,29:55.000,29:55.023,2,810.0,774.0,973.0,992.0,1366.0,643.0,1518.0,841.0
53876,29:55.500,29:55.523,2,781.0,777.0,945.0,994.0,1367.0,640.0,1518.0,838.0
53891,29:56.000,29:56.025,2,786.0,773.0,954.0,994.0,1365.0,636.0,1517.0,836.0
53906,29:56.500,29:56.525,2,852.0,758.0,1013.0,978.0,1364.0,633.0,1515.0,833.0
53921,29:57.000,29:57.025,2,890.0,757.0,1048.0,972.0,1364.0,630.0,1516.0,834.0
53936,29:57.500,29:57.525,2,878.0,754.0,1037.0,971.0,1364.0,626.0,1515.0,829.0
53951,29:58.000,29:58.025,2,847.0,752.0,1010.0,971.0,1364.0,622.0,1515.0,827.0
53966,29:58.500,29:58.525,2,784.0,763.0,951.0,982.0,1364.0,620.0,1515.0,824.0
53981,29:59.000,29:59.025,2,737.0,776.0,913.0,995.0,1361.0,620.0,1512.0,823.0
53996,29:59.500,29:59.525,2,823.0,736.0,987.0,952.0,1364.0,612.0,1514.0,817.0
54011,30:00.000,30:00.027,2,910.0,728.0,1069.0,947.0,1361.0,606.0,1513.0,810.0
54026,30:00.500,30:00.527,2,899.0,732.0,1059.0,954.0,1364.0,604.0,1515.0,808.0
54041,30:01.000,30:01.027,2,864.0,731.0,1026.0,955.0,1362.0,606.0,1513.0,808.0
54056,30:01.500,30:01.527,2,843.0,730.0,1005.0,952.0,1362.0,607.0,1514.0,807.0
54071,30:02.000,30:02.027,2,837.0,733.0,1002.0,954.0,1359.0,606.0,1511.0,808.0
54086,30:02.500,30:02.527,2,857.0,745.0,1021.0,967.0,1359.0,605.0,1510.0,809.0
54101,30:03.000,30:03.027,2,874.0,751.0,1037.0,974.0,1357.0,605.0,1509.0,808.0
54116,30:03.500,30:03.527,2,876.0,740.0,1037.0,957.0,1353.0,607.0,1503.0,811.0
54131,30:04.000,30:04.028,2,818.0,743.0,978.0,962.0,1355.0,607.0,1506.0,810.0
54146,30:04.500,30:04.528,2,803.0,735.0,969.0,953.0,1355.0,605.0,1507.0,810.0
54161,30:05.000,30:05.028,2,857.0,723.0,1019.0,941.0,1353.0,603.0,1503.0,806.0
54176,30:05.500,30:05.528,2,895.0,719.0,1060.0,945.0,1353.0,597.0,1505.0,802.0
54191,30:06.000,30:06.028,2,885.0,730.0,1055.0,959.0,1353.0,594.0,1504.0,801.0
54206,30:06.500,30:06.528,2,832.0,733.0,1001.0,958.0,1355.0,596.0,1507.0,800.0
54221,30:07.000,30:07.028,2,824.0,728.0,991.0,959.0,1354.0,593.0,1505.0,798.0
54236,30:07.500,30:07.528,2,838.0,730.0,1004.0,960.0,1353.0,592.0,1505.0,797.0
54251,30:08.000,30:08.028,2,838.0,726.0,1005.0,953.0,1355.0,595.0,1507.0,799.0
54266,30:08.500,30:08.530,2,841.0,724.0,1005.0,948.0,1355.0,600.0,1507.0,803.0
54281,30:09.000,30:09.030,2,856.0,731.0,1017.0,953.0,1354.0,614.0,1505.0,822.0
54296,30:09.500,30:09.530,2,902.0,766.0,1063.0,991.0,1357.0,638.0,1508.0,844.0
54311,30:10.000,30:10.030,2,894.0,760.0,1058.0,984.0,1354.0,633.0,1505.0,836.0
54326,30:10.500,30:10.522,2,856.0,743.0,1020.0,969.0,1355.0,621.0,1509.0,829.0
54341,30:11.000,30:11.022,2,837.0,762.0,1007.0,996.0,1355.0,616.0,1508.0,825.0
54356,30:11.500,30:11.522,2,824.0,769.0,999.0,1008.0,1354.0,610.0,1505.0,819.0
54371,30:12.000,30:12.022,2,833.0,764.0,1003.0,1001.0,1356.0,611.0,1507.0,821.0
54386,30:12.500,30:12.523,2,844.0,754.0,1010.0,982.0,1355.0,611.0,1506.0,822.0
54401,30:13.000,30:13.023,2,854.0,733.0,1018.0,954.0,1356.0,610.0,1508.0,819.0
54416,30:13.500,30:13.523,2,838.0,741.0,1002.0,954.0,1357.0,610.0,1507.0,819.0
54431,30:14.000,30:14.023,2,820.0,761.0,990.0,987.0,1359.0,611.0,1510.0,818.0
54446,30:14.500,30:14.523,2,828.0,760.0,996.0,981.0,1361.0,608.0,1511.0,815.0
54461,30:15.000,30:15.023,2,820.0,754.0,988.0,986.0,1360.0,605.0,1512.0,808.0
54476,30:15.500,30:15.523,2,824.0,758.0,994.0,991.0,1362.0,609.0,1512.0,816.0
54491,30:16.000,30:16.023,2,839.0,806.0,1004.0,1025.0,1368.0,656.0,1519.0,854.0
54506,30:16.500,30:16.525,2,862.0,792.0,1026.0,1012.0,1389.0,656.0,1538.0,856.0
54521,30:17.000,30:17.025,2,874.0,764.0,1036.0,990.0,1388.0,642.0,1539.0,838.0
54536,30:17.500,30:17.525,2,878.0,766.0,1037.0,984.0,1385.0,648.0,1535.0,848.0
54551,30:18.000,30:18.025,2,891.0,758.0,1051.0,970.0,1385.0,641.0,1535.0,847.0
54566,30:18.500,30:18.525,2,902.0,743.0,1062.0,961.0,1386.0,631.0,1537.0,833.0
54581,30:19.000,30:19.025,2,907.0,747.0,1070.0,971.0,1379.0,636.0,1530.0,835.0
54596,30:19.500,30:19.525,2,909.0,754.0,1072.0,983.0,1380.0,636.0,1530.0,836.0
54611,30:20.000,30:20.025,2,906.0,744.0,1070.0,970.0,1380.0,624.0,1530.0,829.0
54626,30:20.500,30:20.525,2,897.0,748.0,1059.0,969.0,1376.0,624.0,1527.0,829.0
54641,30:21.000,30:21.027,2,880.0,751.0,1045.0,970.0,1377.0,621.0,1527.0,826.0
54656,30:21.500,30:21.527,2,872.0,745.0,1036.0,966.0,1373.0,616.0,1524.0,822.0
54671,30:22.000,30:22.027,2,879.0,744.0,1044.0,965.0,1383.0,625.0,1532.0,829.0
54686,30:22.500,30:22.527,2,890.0,720.0,1054.0,942.0,1393.0,606.0,1543.0,814.0
54701,30:23.000,30:23.027,2,883.0,715.0,1048.0,940.0,1372.0,591.0,1524.0,793.0
54716,30:23.500,30:23.527,2,881.0,695.0,1050.0,905.0,1384.0,584.0,1533.0,783.0
54731,30:24.000,30:24.027,2,879.0,690.0,1040.0,899.0,1384.0,585.0,1532.0,785.0
54746,30:24.500,30:24.527,2,885.0,684.0,1044.0,899.0,1379.0,588.0,1529.0,788.0
54761,30:25.000,30:25.028,2,964.0,679.0,1133.0,914.0,1377.0,584.0,1527.0,782.0
54776,30:25.500,30:25.528,2,902.0,690.0,1069.0,919.0,1376.0,582.0,1527.0,780.0
54791,30:26.000,30:26.028,2,776.0,731.0,951.0,951.0,1395.0,600.0,1545.0,799.0
54806,30:26.500,30:26.528,2,766.0,721.0,939.0,936.0,1419.0,583.0,1571.0,785.0
54821,30:27.000,30:27.028,2,843.0,647.0,1012.0,879.0,1368.0,549.0,1519.0,758.0
54836,30:27.500,30:27.528,2,955.0,647.0,1121.0,878.0,1356.0,556.0,1507.0,763.0
54851,30:28.000,30:28.028,2,928.0,638.0,1096.0,871.0,1358.0,548.0,1510.0,756.0
54866,30:28.500,30:28.528,2,876.0,672.0,1047.0,901.0,1361.0,552.0,1513.0,763.0
54881,30:29.000,30:29.028,2,887.0,661.0,1056.0,896.0,1363.0,557.0,1515.0,766.0
54896,30:29.500,30:29.530,2,916.0,634.0,1083.0,867.0,1364.0,557.0,1516.0,765.0
54911,30:30.000,30:30.022,2,890.0,639.0,1057.0,869.0,1362.0,556.0,1514.0,765.0
54926,30:30.500,30:30.522,2,875.0,650.0,1039.0,873.0,1364.0,559.0,1516.0,765.0
54941,30:31.000,30:31.022,2,900.0,641.0,1066.0,871.0,1366.0,560.0,1517.0,765.0
54956,30:31.500,30:31.522,2,956.0,643.0,1123.0,873.0,1366.0,558.0,1516.0,764.0
54971,30:32.000,30:32.022,2,937.0,642.0,1102.0,871.0,1365.0,556.0,1516.0,762.0
54986,30:32.500,30:32.522,2,889.0,649.0,1054.0,870.0,1361.0,554.0,1514.0,764.0
55001,30:33.000,30:33.022,2,873.0,653.0,1042.0,880.0,1364.0,558.0,1516.0,766.0
55016,30:33.500,30:33.523,2,884.0,675.0,1056.0,905.0,1364.0,587.0,1517.0,791.0
55031,30:34.000,30:34.023,2,917.0,771.0,1079.0,993.0,1375.0,675.0,1527.0,878.0
55046,30:34.500,30:34.523,2,908.0,731.0,1067.0,950.0,1378.0,641.0,1531.0,840.0
55061,30:35.000,30:35.023,2,909.0,721.0,1068.0,931.0,1385.0,615.0,1538.0,822.0
55076,30:35.500,30:35.523,2,895.0,721.0,1060.0,933.0,1394.0,614.0,1545.0,815.0
55091,30:36.000,30:36.023,2,833.0,734.0,1006.0,948.0,1394.0,609.0,1546.0,812.0
55106,30:36.500,30:36.523,2,831.0,756.0,1005.0,979.0,1376.0,624.0,1527.0,829.0
55121,30:37.000,30:37.023,2,918.0,728.0,1081.0,946.0,1366.0,618.0,1516.0,825.0
55136,30:37.500,30:37.525,2,934.0,660.0,1097.0,886.0,1364.0,567.0,1515.0,771.0
55151,30:38.000,30:38.025,2,912.0,645.0,1076.0,875.0,1351.0,548.0,1500.0,755.0
55166,30:38.500,30:38.525,2,885.0,661.0,1050.0,885.0,1330.0,567.0,1479.0,767.0
55181,30:39.000,30:39.025,2,892.0,650.0,1055.0,876.0,1344.0,558.0,1492.0,759.0
55196,30:39.500,30:39.525,2,895.0,646.0,1060.0,870.0,1334.0,551.0,1485.0,754.0
55211,30:40.000,30:40.025,2,840.0,673.0,1007.0,898.0,1273.0,582.0,1424.0,778.0
55226,30:40.500,30:40.525,2,830.0,678.0,997.0,905.0,1272.0,578.0,1423.0,777.0
55241,30:41.000,30:41.025,2,833.0,689.0,1001.0,915.0,1281.0,582.0,1432.0,780.0
55256,30:41.500,30:41.525,2,860.0,739.0,1026.0,958.0,1314.0,631.0,1463.0,827.0
55271,30:42.000,30:42.027,2,870.0,722.0,1036.0,944.0,1345.0,616.0,1494.0,816.0
55286,30:42.500,30:42.527,2,859.0,750.0,1027.0,972.0,1338.0,653.0,1488.0,849.0
55301,30:43.000,30:43.027,2,880.0,663.0,1048.0,895.0,1363.0,598.0,1512.0,797.0
55316,30:43.500,30:43.527,2,898.0,633.0,1066.0,870.0,1376.0,580.0,1525.0,779.0
55331,30:44.000,30:44.027,2,906.0,629.0,1072.0,858.0,1357.0,573.0,1507.0,776.0
55346,30:44.500,30:44.527,2,904.0,645.0,1070.0,876.0,1353.0,601.0,1500.0,803.0
55361,30:45.000,30:45.027,2,853.0,647.0,1014.0,865.0,1358.0,603.0,1509.0,804.0
55376,30:45.500,30:45.527,2,847.0,640.0,1014.0,864.0,1355.0,596.0,1502.0,795.0
55391,30:46.000,30:46.028,2,892.0,655.0,1056.0,879.0,1347.0,599.0,1495.0,800.0
55406,30:46.500,30:46.528,2,929.0,725.0,1093.0,940.0,1339.0,631.0,1486.0,828.0
55421,30:47.000,30:47.028,2,881.0,754.0,1047.0,976.0,1327.0,637.0,1472.0,836.0
55436,30:47.500,30:47.528,2,836.0,753.0,1007.0,978.0,1332.0,641.0,1480.0,842.0
55451,30:48.000,30:48.028,2,847.0,765.0,1016.0,1001.0,1345.0,658.0,1493.0,858.0
55466,30:48.500,30:48.528,2,878.0,736.0,1050.0,969.0,1344.0,616.0,1493.0,823.0
55481,30:49.000,30:49.028,2,919.0,704.0,1084.0,923.0,1342.0,620.0,1491.0,827.0
55496,30:49.500,30:49.520,2,946.0,677.0,1108.0,905.0,1362.0,617.0,1511.0,821.0
55511,30:50.000,30:50.022,2,915.0,675.0,1078.0,904.0,1360.0,603.0,1510.0,811.0
55526,30:50.500,30:50.522,2,891.0,682.0,1059.0,910.0,1364.0,595.0,1513.0,803.0
55541,30:51.000,30:51.022,2,895.0,685.0,1064.0,910.0,1372.0,596.0,1520.0,800.0
55556,30:51.500,30:51.522,2,880.0,690.0,1048.0,922.0,1365.0,591.0,1514.0,796.0
55571,30:52.000,30:52.022,2,880.0,813.0,1046.0,1033.0,1374.0,745.0,1520.0,949.0
55586,30:52.500,30:52.522,2,842.0,668.0,1006.0,897.0,1341.0,594.0,1490.0,795.0
55601,30:53.000,30:53.022,2,782.0,568.0,952.0,804.0,1249.0,476.0,1398.0,687.0
55616,30:53.500,30:53.522,2,865.0,523.0,1033.0,759.0,1265.0,447.0,1414.0,662.0
55631,30:54.000,30:54.022,2,919.0,561.0,1090.0,806.0,1281.0,484.0,1431.0,698.0
55646,30:54.500,30:54.523,2,901.0,588.0,1074.0,824.0,1283.0,519.0,1433.0,730.0
55661,30:55.000,30:55.023,2,783.0,619.0,947.0,844.0,1340.0,555.0,1488.0,760.0
55676,30:55.500,30:55.523,2,731.0,612.0,895.0,832.0,1385.0,550.0,1536.0,761.0
55691,30:56.000,30:56.023,2,712.0,637.0,877.0,861.0,1378.0,566.0,1527.0,774.0
55706,30:56.500,30:56.523,2,837.0,631.0,999.0,846.0,1377.0,564.0,1525.0,772.0
55721,30:57.000,30:57.023,2,892.0,642.0,1051.0,855.0,1372.0,563.0,1520.0,770.0
55736,30:57.500,30:57.523,2,888.0,641.0,1050.0,860.0,1374.0,556.0,1524.0,764.0
55751,30:58.000,30:58.023,2,847.0,653.0,1012.0,874.0,1377.0,553.0,1526.0,763.0
55766,30:58.500,30:58.525,2,852.0,651.0,1022.0,880.0,1376.0,550.0,1525.0,758.0
55781,30:59.000,30:59.025,2,874.0,662.0,1047.0,895.0,1371.0,554.0,1520.0,760.0
55796,30:59.500,30:59.525,2,857.0,673.0,1031.0,908.0,1371.0,555.0,1519.0,761.0
55811,31:00.000,31:00.025,2,845.0,665.0,1020.0,897.0,1375.0,554.0,1524.0,762.0
55826,31:00.500,31:00.525,2,852.0,681.0,1024.0,910.0,1367.0,576.0,1518.0,779.0
55841,31:01.000,31:01.025,2,865.0,687.0,1035.0,915.0,1365.0,573.0,1514.0,781.0
55856,31:01.500,31:01.525,2,872.0,698.0,1044.0,926.0,1366.0,582.0,1515.0,790.0
55871,31:02.000,31:02.025,2,865.0,744.0,1042.0,975.0,1360.0,630.0,1509.0,841.0
55886,31:02.500,31:02.527,2,831.0,757.0,1009.0,990.0,1341.0,657.0,1491.0,865.0
55901,31:03.000,31:03.027,2,803.0,789.0,980.0,1024.0,1312.0,663.0,1462.0,872.0
55916,31:03.500,31:03.527,2,680.0,799.0,863.0,1042.0,1164.0,673.0,1315.0,872.0
55931,31:04.000,31:04.027,2,547.0,853.0,744.0,1103.0,1060.0,716.0,1211.0,910.0
55946,31:04.500,31:04.527,2,939.0,828.0,1109.0,1062.0,1445.0,721.0,1594.0,923.0
55961,31:05.000,31:05.027,2,980.0,741.0,1148.0,972.0,1521.0,662.0,1672.0,868.0
55976,31:05.500,31:05.527,2,808.0,625.0,979.0,862.0,1398.0,567.0,1542.0,768.0
55991,31:06.000,31:06.027,2,599.0,618.0,784.0,858.0,1200.0,535.0,1342.0,735.0
56006,31:06.500,31:06.527,2,718.0,629.0,896.0,872.0,1284.0,547.0,1428.0,749.0
56021,31:07.000,31:07.028,2,852.0,801.0,1031.0,1026.0,1380.0,569.0,1525.0,772.0
56036,31:07.500,31:07.528,2,1239.0,524.0,1383.0,725.0,716.0,811.0,893.0,991.0
56051,31:08.000,31:08.028,2,520.0,559.0,703.0,807.0,1109.0,507.0,1252.0,704.0
56066,31:08.500,31:08.528,2,534.0,636.0,715.0,878.0,1079.0,575.0,1227.0,774.0
56081,31:09.000,31:09.028,2,390.0,690.0,587.0,941.0,976.0,648.0,1124.0,845.0
56096,31:09.500,31:09.528,2,40.0,734.0,283.0,1024.0,725.0,694.0,880.0,895.0
56111,31:10.000,31:10.020,2,435.0,690.0,623.0,934.0,1002.0,675.0,1148.0,869.0
56126,31:10.500,31:10.520,2,729.0,658.0,901.0,895.0,1277.0,651.0,1423.0,848.0
56141,31:11.000,31:11.022,2,868.0,768.0,1029.0,995.0,1406.0,738.0,1554.0,937.0
56156,31:11.500,31:11.522,2,715.0,736.0,881.0,962.0,1268.0,658.0,1414.0,859.0
56171,31:12.000,31:12.022,2,799.0,696.0,960.0,923.0,1388.0,638.0,1537.0,839.0
56186,31:12.500,31:12.522,2,720.0,686.0,884.0,897.0,1287.0,659.0,1437.0,855.0
56201,31:13.000,31:13.022,2,771.0,704.0,932.0,924.0,1275.0,709.0,1437.0,897.0
56216,31:13.500,31:13.522,2,794.0,703.0,959.0,925.0,1190.0,719.0,1363.0,901.0
56231,31:14.000,31:14.022,2,530.0,792.0,718.0,1014.0,942.0,697.0,1106.0,883.0
56246,31:14.500,31:14.522,2,629.0,796.0,809.0,1025.0,1075.0,670.0,1227.0,873.0
56261,31:15.000,31:15.023,2,626.0,753.0,807.0,1001.0,1143.0,673.0,1294.0,876.0
56276,31:15.500,31:15.523,2,635.0,716.0,807.0,943.0,1173.0,648.0,1326.0,847.0
56291,31:16.000,31:16.023,2,786.0,698.0,951.0,927.0,1276.0,619.0,1430.0,822.0
56306,31:16.500,31:16.523,2,774.0,704.0,940.0,935.0,1265.0,614.0,1420.0,817.0
56321,31:17.000,31:17.023,2,808.0,714.0,971.0,941.0,1299.0,631.0,1454.0,831.0
56336,31:17.500,31:17.523,2,851.0,756.0,1018.0,991.0,1343.0,684.0,1500.0,886.0
56351,31:18.000,31:18.023,2,847.0,732.0,1009.0,960.0,1332.0,658.0,1488.0,852.0
56366,31:18.500,31:18.523,2,840.0,781.0,1003.0,1015.0,1323.0,710.0,1479.0,905.0
56381,31:19.000,31:19.023,2,805.0,850.0,967.0,1077.0,1292.0,773.0,1446.0,967.0
56396,31:19.500,31:19.525,2,796.0,850.0,959.0,1078.0,1287.0,779.0,1440.0,972.0
56411,31:20.000,31:20.025,2,787.0,888.0,953.0,1124.0,1283.0,835.0,1435.0,1027.0
56426,31:20.500,31:20.525,2,806.0,895.0,970.0,1131.0,1300.0,838.0,1454.0,1036.0
56441,31:21.000,31:21.025,2,805.0,855.0,967.0,1080.0,1300.0,807.0,1453.0,1004.0
56456,31:21.500,31:21.525,2,778.0,762.0,943.0,990.0,1278.0,726.0,1430.0,920.0
56471,31:22.000,31:22.025,2,792.0,780.0,957.0,1011.0,1291.0,734.0,1443.0,931.0
56486,31:22.500,31:22.525,2,797.0,824.0,961.0,1044.0,1295.0,763.0,1448.0,962.0
56501,31:23.000,31:23.025,2,778.0,790.0,943.0,1016.0,1275.0,735.0,1427.0,929.0
56516,31:23.500,31:23.527,2,772.0,796.0,937.0,1019.0,1266.0,733.0,1417.0,929.0
56531,31:24.000,31:24.027,2,790.0,776.0,957.0,1003.0,1297.0,722.0,1446.0,920.0
56546,31:24.500,31:24.527,2,776.0,731.0,942.0,953.0,1284.0,684.0,1430.0,878.0
56561,31:25.000,31:25.027,2,845.0,690.0,1008.0,912.0,1361.0,654.0,1509.0,849.0
56576,31:25.500,31:25.527,2,817.0,516.0,981.0,753.0,1352.0,520.0,1501.0,726.0
56591,31:26.000,31:26.027,2,786.0,549.0,956.0,788.0,1335.0,514.0,1485.0,716.0
56606,31:26.500,31:26.527,2,655.0,456.0,848.0,701.0,1234.0,405.0,1385.0,618.0
56621,31:27.000,31:27.027,2,720.0,433.0,898.0,677.0,1265.0,373.0,1418.0,586.0
56636,31:27.500,31:27.528,2,804.0,384.0,977.0,634.0,1343.0,309.0,1500.0,530.0
56651,31:28.000,31:28.028,2,626.0,530.0,813.0,778.0,1170.0,433.0,1322.0,649.0
56666,31:28.500,31:28.528,2,565.0,617.0,750.0,859.0,1114.0,542.0,1263.0,746.0
56681,31:29.000,31:29.028,2,510.0,832.0,700.0,1069.0,1059.0,729.0,1210.0,927.0
56696,31:29.500,31:29.520,2,536.0,891.0,721.0,1132.0,1077.0,786.0,1228.0,989.0
56711,31:30.000,31:30.020,2,893.0,774.0,1059.0,1001.0,1396.0,668.0,1554.0,877.0
56726,31:30.500,31:30.520,2,1419.0,659.0,1576.0,862.0,815.0,744.0,971.0,945.0
56741,31:31.000,31:31.020,2,1433.0,542.0,1590.0,752.0,798.0,657.0,954.0,866.0
56756,31:31.500,31:31.520,2,816.0,636.0,977.0,859.0,1375.0,530.0,1533.0,738.0
56771,31:32.000,31:32.022,2,1385.0,540.0,1538.0,745.0,857.0,615.0,1022.0,836.0
56786,31:32.500,31:32.522,2,830.0,636.0,1000.0,869.0,1342.0,564.0,1498.0,768.0
56801,31:33.000,31:33.022,2,877.0,592.0,1040.0,815.0,1358.0,546.0,1513.0,754.0
56816,31:33.500,31:33.522,2,893.0,610.0,1053.0,842.0,1358.0,570.0,1512.0,775.0
56831,31:34.000,31:34.022,2,847.0,613.0,1010.0,840.0,1342.0,569.0,1497.0,773.0
56846,31:34.500,31:34.522,2,807.0,618.0,975.0,844.0,1353.0,563.0,1508.0,771.0
56861,31:35.000,31:35.022,2,748.0,645.0,919.0,864.0,1343.0,571.0,1497.0,774.0
56876,31:35.500,31:35.522,2,715.0,654.0,890.0,866.0,1343.0,571.0,1498.0,774.0
56891,31:36.000,31:36.023,2,753.0,631.0,926.0,852.0,1334.0,563.0,1487.0,765.0
56906,31:36.500,31:36.523,2,832.0,611.0,1000.0,845.0,1333.0,552.0,1486.0,755.0
56921,31:37.000,31:37.023,2,813.0,691.0,979.0,924.0,1336.0,610.0,1489.0,809.0
56936,31:37.500,31:37.523,2,812.0,623.0,986.0,860.0,1334.0,555.0,1488.0,761.0
56951,31:38.000,31:38.023,2,813.0,611.0,977.0,842.0,1327.0,547.0,1480.0,755.0
56966,31:38.500,31:38.523,2,823.0,614.0,987.0,844.0,1307.0,542.0,1462.0,749.0
56981,31:39.000,31:39.023,2,805.0,618.0,970.0,846.0,1299.0,530.0,1455.0,735.0
56996,31:39.500,31:39.523,2,710.0,615.0,880.0,847.0,1211.0,505.0,1368.0,714.0
57011,31:40.000,31:40.025,2,686.0,623.0,858.0,863.0,1186.0,520.0,1343.0,722.0
57026,31:40.500,31:40.525,2,710.0,651.0,884.0,887.0,1218.0,538.0,1374.0,743.0
57041,31:41.000,31:41.025,2,721.0,644.0,893.0,875.0,1228.0,533.0,1381.0,734.0
57056,31:41.500,31:41.525,2,1385.0,550.0,1538.0,751.0,881.0,630.0,1044.0,846.0
57071,31:42.000,31:42.025,2,839.0,647.0,1002.0,878.0,1342.0,584.0,1494.0,785.0
57086,31:42.500,31:42.525,2,827.0,612.0,992.0,843.0,1332.0,544.0,1484.0,743.0
57101,31:43.000,31:43.025,2,834.0,629.0,1000.0,864.0,1340.0,569.0,1492.0,765.0
57116,31:43.500,31:43.525,2,1390.0,607.0,1542.0,808.0,882.0,655.0,1044.0,883.0
57131,31:44.000,31:44.025,2,1451.0,568.0,1604.0,773.0,936.0,568.0,1097.0,808.0
57146,31:44.500,31:44.527,2,908.0,572.0,1070.0,806.0,1426.0,582.0,1578.0,784.0
57161,31:45.000,31:45.027,2,852.0,647.0,1017.0,878.0,1378.0,645.0,1527.0,842.0
57176,31:45.500,31:45.527,2,841.0,640.0,1006.0,871.0,1362.0,658.0,1510.0,855.0
57191,31:46.000,31:46.027,2,828.0,660.0,992.0,896.0,1351.0,677.0,1499.0,875.0
57206,31:46.500,31:46.527,2,891.0,666.0,1056.0,898.0,1397.0,657.0,1546.0,855.0
57221,31:47.000,31:47.027,2,871.0,711.0,1036.0,940.0,1363.0,688.0,1515.0,888.0
57236,31:47.500,31:47.527,2,876.0,744.0,1035.0,974.0,1376.0,719.0,1530.0,914.0
57251,31:48.000,31:48.027,2,819.0,672.0,981.0,901.0,1342.0,647.0,1493.0,844.0
57266,31:48.500,31:48.528,2,794.0,667.0,958.0,903.0,1309.0,630.0,1459.0,830.0
57281,31:49.000,31:49.028,2,801.0,632.0,967.0,865.0,1310.0,581.0,1465.0,776.0
57296,31:49.500,31:49.520,2,840.0,612.0,1004.0,845.0,1338.0,568.0,1494.0,768.0
57311,31:50.000,31:50.020,2,833.0,601.0,994.0,836.0,1330.0,557.0,1484.0,759.0
57326,31:50.500,31:50.520,2,810.0,670.0,973.0,907.0,1301.0,593.0,1456.0,793.0
57341,31:51.000,31:51.020,2,829.0,642.0,993.0,880.0,1322.0,560.0,1478.0,768.0
57356,31:51.500,31:51.520,2,850.0,618.0,1015.0,852.0,1344.0,535.0,1501.0,741.0
57371,31:52.000,31:52.020,2,838.0,818.0,1001.0,1039.0,1327.0,724.0,1481.0,924.0
57386,31:52.500,31:52.522,2,890.0,545.0,1054.0,775.0,1399.0,476.0,1558.0,682.0
57401,31:53.000,31:53.022,2,917.0,477.0,1081.0,720.0,1433.0,450.0,1590.0,661.0
57416,31:53.500,31:53.522,2,901.0,464.0,1062.0,698.0,1421.0,473.0,1577.0,680.0
57431,31:54.000,31:54.022,2,850.0,554.0,1011.0,785.0,1375.0,591.0,1525.0,790.0
57446,31:54.500,31:54.522,2,889.0,648.0,1039.0,847.0,1408.0,700.0,1556.0,895.0
57461,31:55.000,31:55.022,2,876.0,682.0,1032.0,895.0,1396.0,725.0,1546.0,921.0
57476,31:55.500,31:55.522,2,892.0,685.0,1052.0,904.0,1409.0,683.0,1557.0,886.0
57491,31:56.000,31:56.022,2,876.0,650.0,1035.0,868.0,1404.0,645.0,1553.0,844.0
57506,31:56.500,31:56.522,2,909.0,642.0,1070.0,867.0,1415.0,632.0,1568.0,833.0
57521,31:57.000,31:57.023,2,915.0,658.0,1079.0,884.0,1413.0,631.0,1565.0,832.0
57536,31:57.500,31:57.523,2,914.0,661.0,1078.0,884.0,1405.0,625.0,1558.0,826.0
57551,31:58.000,31:58.023,2,900.0,670.0,1066.0,897.0,1400.0,630.0,1553.0,830.0
57566,31:58.500,31:58.523,2,888.0,674.0,1055.0,908.0,1400.0,616.0,1553.0,819.0
57581,31:59.000,31:59.023,2,896.0,655.0,1062.0,894.0,1412.0,599.0,1565.0,801.0
57596,31:59.500,31:59.523,2,900.0,607.0,1066.0,840.0,1407.0,550.0,1557.0,753.0
57611,32:00.000,32:00.023,2,903.0,650.0,1065.0,877.0,1385.0,563.0,1536.0,767.0
57626,32:00.500,32:00.523,2,869.0,678.0,1035.0,904.0,1359.0,571.0,1512.0,773.0
57641,32:01.000,32:01.025,2,838.0,643.0,1004.0,873.0,1334.0,535.0,1484.0,738.0
57656,32:01.500,32:01.525,2,822.0,634.0,987.0,860.0,1321.0,523.0,1471.0,724.0
57671,32:02.000,32:02.025,2,824.0,613.0,991.0,838.0,1332.0,515.0,1482.0,717.0
57686,32:02.500,32:02.525,2,822.0,608.0,990.0,834.0,1333.0,531.0,1479.0,731.0
57701,32:03.000,32:03.025,2,835.0,648.0,1001.0,880.0,1341.0,607.0,1486.0,792.0
57716,32:03.500,32:03.525,2,843.0,673.0,1011.0,904.0,1326.0,652.0,1473.0,825.0
57731,32:04.000,32:04.025,2,861.0,698.0,1026.0,924.0,1332.0,676.0,1479.0,848.0
57746,32:04.500,32:04.525,2,894.0,708.0,1058.0,929.0,1370.0,616.0,1521.0,822.0
57761,32:05.000,32:05.025,2,895.0,672.0,1058.0,899.0,1371.0,598.0,1522.0,794.0
57776,32:05.500,32:05.527,2,848.0,642.0,1015.0,880.0,1341.0,570.0,1488.0,765.0
57791,32:06.000,32:06.027,2,889.0,691.0,1050.0,914.0,1388.0,602.0,1535.0,804.0
57806,32:06.500,32:06.527,2,901.0,697.0,1064.0,924.0,1409.0,616.0,1555.0,820.0
57821,32:07.000,32:07.027,2,942.0,704.0,1102.0,927.0,1457.0,646.0,1606.0,846.0
57836,32:07.500,32:07.527,2,945.0,701.0,1107.0,922.0,1457.0,628.0,1608.0,846.0
57851,32:08.000,32:08.027,2,901.0,672.0,1066.0,900.0,1412.0,616.0,1562.0,827.0
57866,32:08.500,32:08.527,2,899.0,704.0,1062.0,925.0,1403.0,632.0,1556.0,846.0
57881,32:09.000,32:09.018,2,890.0,675.0,1051.0,896.0,1395.0,606.0,1547.0,819.0
57896,32:09.500,32:09.520,2,855.0,640.0,1020.0,866.0,1364.0,563.0,1514.0,770.0
57911,32:10.000,32:10.020,2,783.0,668.0,952.0,898.0,1297.0,615.0,1447.0,825.0
57926,32:10.500,32:10.520,2,989.0,631.0,1150.0,853.0,1494.0,614.0,1649.0,828.0
57941,32:11.000,32:11.020,2,1625.0,641.0,1789.0,861.0,1116.0,641.0,1274.0,864.0
57956,32:11.500,32:11.520,2,1674.0,624.0,1838.0,846.0,1155.0,638.0,1316.0,863.0
57971,32:12.000,32:12.020,2,1704.0,634.0,1875.0,861.0,1176.0,649.0,1338.0,879.0
57986,32:12.500,32:12.520,2,1639.0,672.0,1801.0,891.0,1116.0,679.0,1278.0,901.0
58001,32:13.000,32:13.020,2,843.0,584.0,1013.0,822.0,1436.0,561.0,1587.0,774.0
58016,32:13.500,32:13.522,2,1097.0,628.0,1257.0,855.0,1699.0,626.0,1868.0,847.0
58031,32:14.000,32:14.022,2,1736.0,676.0,1908.0,887.0,1212.0,668.0,1370.0,894.0
58046,32:14.500,32:14.522,2,1636.0,783.0,1800.0,996.0,1086.0,795.0,1247.0,1032.0
58061,32:15.000,32:15.022,2,1005.0,618.0,1169.0,854.0,1516.0,573.0,1676.0,787.0
58076,32:15.500,32:15.522,2,766.0,735.0,933.0,945.0,1205.0,705.0,1354.0,898.0
58091,32:16.000,32:16.022,2,846.0,816.0,1013.0,1043.0,1351.0,777.0,1502.0,976.0
58106,32:16.500,32:16.522,2,899.0,889.0,1063.0,1128.0,1427.0,842.0,1582.0,1042.0
58121,32:17.000,32:17.022,2,904.0,875.0,1074.0,1112.0,1393.0,791.0,1547.0,990.0
58136,32:17.500,32:17.522,2,809.0,814.0,975.0,1035.0,1301.0,758.0,1454.0,955.0
58151,32:18.000,32:18.023,2,712.0,818.0,882.0,1040.0,1204.0,773.0,1353.0,970.0
58166,32:18.500,32:18.523,2,776.0,858.0,941.0,1081.0,1267.0,805.0,1418.0,1001.0
58181,32:19.000,32:19.023,2,767.0,837.0,940.0,1070.0,1243.0,766.0,1396.0,965.0
58196,32:19.500,32:19.523,2,683.0,892.0,866.0,1145.0,1234.0,780.0,1389.0,982.0
58211,32:20.000,32:20.023,2,668.0,884.0,848.0,1131.0,1165.0,803.0,1318.0,996.0
58226,32:20.500,32:20.523,2,587.0,900.0,762.0,1134.0,1115.0,862.0,1270.0,1054.0
58241,32:21.000,32:21.023,2,661.0,913.0,834.0,1146.0,1196.0,855.0,1352.0,1050.0
58256,32:21.500,32:21.523,2,700.0,885.0,869.0,1119.0,1200.0,840.0,1358.0,1033.0
58271,32:22.000,32:22.025,2,714.0,843.0,882.0,1066.0,1323.0,775.0,1476.0,974.0
58286,32:22.500,32:22.525,2,708.0,833.0,877.0,1046.0,1330.0,752.0,1486.0,950.0
58301,32:23.000,32:23.025,2,699.0,810.0,865.0,1030.0,1309.0,737.0,1465.0,930.0
58316,32:23.500,32:23.525,2,859.0,774.0,1025.0,994.0,1309.0,730.0,1465.0,919.0
58331,32:24.000,32:24.025,2,846.0,786.0,1010.0,1001.0,1281.0,725.0,1436.0,916.0
58346,32:24.500,32:24.525,2,730.0,775.0,896.0,1002.0,1270.0,712.0,1425.0,905.0
58361,32:25.000,32:25.025,2,782.0,759.0,948.0,986.0,1266.0,701.0,1424.0,897.0
58376,32:25.500,32:25.525,2,780.0,734.0,948.0,956.0,1271.0,692.0,1427.0,893.0
58391,32:26.000,32:26.027,2,741.0,729.0,903.0,942.0,1297.0,673.0,1454.0,871.0
58406,32:26.500,32:26.527,2,771.0,726.0,934.0,947.0,1301.0,671.0,1458.0,871.0
58421,32:27.000,32:27.027,2,809.0,726.0,975.0,949.0,1302.0,677.0,1458.0,876.0
58436,32:27.500,32:27.527,2,817.0,742.0,980.0,965.0,1297.0,677.0,1454.0,878.0
58451,32:28.000,32:28.027,2,804.0,760.0,968.0,990.0,1287.0,677.0,1443.0,878.0
58466,32:28.500,32:28.527,2,785.0,755.0,952.0,982.0,1292.0,680.0,1449.0,883.0
58481,32:29.000,32:29.018,2,750.0,745.0,914.0,963.0,1297.0,681.0,1455.0,886.0
58496,32:29.500,32:29.518,2,776.0,740.0,943.0,957.0,1291.0,680.0,1447.0,881.0
58511,32:30.000,32:30.018,2,736.0,734.0,901.0,953.0,1308.0,687.0,1463.0,887.0
58526,32:30.500,32:30.520,2,776.0,725.0,937.0,935.0,1354.0,698.0,1510.0,896.0
58541,32:31.000,32:31.020,2,839.0,724.0,996.0,934.0,1400.0,699.0,1558.0,896.0
58556,32:31.500,32:31.520,2,849.0,700.0,1007.0,914.0,1400.0,680.0,1555.0,880.0
58571,32:32.000,32:32.020,2,896.0,629.0,1054.0,851.0,1434.0,612.0,1591.0,815.0
58586,32:32.500,32:32.520,2,1426.0,643.0,1583.0,841.0,875.0,680.0,1030.0,897.0
58601,32:33.000,32:33.020,2,854.0,754.0,1018.0,979.0,1428.0,709.0,1585.0,904.0
58616,32:33.500,32:33.520,2,842.0,804.0,1007.0,1027.0,1408.0,735.0,1560.0,929.0
58631,32:34.000,32:34.020,2,848.0,840.0,1008.0,1055.0,1393.0,755.0,1550.0,952.0
58646,32:34.500,32:34.522,2,1400.0,709.0,1559.0,907.0,879.0,799.0,1034.0,1010.0
58661,32:35.000,32:35.022,2,880.0,728.0,1038.0,940.0,1393.0,665.0,1550.0,862.0
58676,32:35.500,32:35.522,2,882.0,712.0,1038.0,925.0,1400.0,662.0,1557.0,860.0
58691,32:36.000,32:36.022,2,858.0,666.0,1018.0,887.0,1391.0,623.0,1546.0,822.0
58706,32:36.500,32:36.522,2,847.0,663.0,1008.0,885.0,1390.0,625.0,1545.0,825.0
58721,32:37.000,32:37.022,2,862.0,679.0,1021.0,892.0,1402.0,628.0,1559.0,826.0
58736,32:37.500,32:37.522,2,864.0,680.0,1021.0,896.0,1412.0,623.0,1564.0,825.0
58751,32:38.000,32:38.022,2,868.0,671.0,1027.0,890.0,1407.0,623.0,1558.0,825.0
58766,32:38.500,32:38.523,2,868.0,658.0,1028.0,877.0,1407.0,619.0,1558.0,823.0
58781,32:39.000,32:39.023,2,850.0,660.0,1010.0,889.0,1402.0,621.0,1555.0,822.0
58796,32:39.500,32:39.523,2,852.0,670.0,1011.0,890.0,1395.0,622.0,1548.0,824.0
58811,32:40.000,32:40.023,2,839.0,664.0,998.0,886.0,1393.0,617.0,1547.0,818.0
58826,32:40.500,32:40.523,2,845.0,713.0,1004.0,922.0,1407.0,662.0,1561.0,864.0
58841,32:41.000,32:41.023,2,882.0,693.0,1038.0,906.0,1424.0,654.0,1577.0,852.0
58856,32:41.500,32:41.523,2,908.0,662.0,1062.0,875.0,1446.0,642.0,1602.0,841.0
58870,32:42.000,32:42.023,2,887.0,660.0,1042.0,876.0,1436.0,625.0,1591.0,830.0
58883,32:42.500,32:42.523,2,658.0,682.0,817.0,904.0,1627.0,615.0,1786.0,829.0
58898,32:43.000,32:43.025,2,635.0,702.0,795.0,929.0,1633.0,625.0,1792.0,834.0
58913,32:43.500,32:43.525,2,639.0,693.0,802.0,923.0,1638.0,625.0,1798.0,836.0
58928,32:44.000,32:44.025,2,683.0,713.0,846.0,944.0,1673.0,648.0,1835.0,863.0
58943,32:44.500,32:44.525,2,781.0,722.0,944.0,952.0,1739.0,670.0,1903.0,887.0
58958,32:45.000,32:45.025,2,1729.0,648.0,1895.0,866.0,781.0,695.0,944.0,926.0
58973,32:45.500,32:45.525,2,702.0,687.0,865.0,920.0,1647.0,646.0,1807.0,862.0
58988,32:46.000,32:46.025,2,684.0,658.0,849.0,894.0,1629.0,626.0,1785.0,837.0
59003,32:46.500,32:46.525,2,678.0,672.0,843.0,907.0,1614.0,635.0,1768.0,847.0
59018,32:47.000,32:47.027,2,661.0,672.0,830.0,907.0,1598.0,627.0,1752.0,843.0
59033,32:47.500,32:47.527,2,664.0,674.0,834.0,910.0,1611.0,626.0,1761.0,838.0
59048,32:48.000,32:48.027,2,658.0,683.0,827.0,922.0,1607.0,630.0,1759.0,845.0
59063,32:48.500,32:48.527,2,660.0,689.0,828.0,925.0,1605.0,632.0,1758.0,847.0
59078,32:49.000,32:49.018,2,654.0,698.0,824.0,933.0,1597.0,635.0,1751.0,851.0
59093,32:49.500,32:49.518,2,651.0,693.0,822.0,928.0,1594.0,626.0,1747.0,842.0
59108,32:50.000,32:50.018,2,644.0,701.0,814.0,934.0,1583.0,633.0,1736.0,847.0
59123,32:50.500,32:50.518,2,640.0,708.0,809.0,939.0,1577.0,633.0,1729.0,849.0
59138,32:51.000,32:51.018,2,646.0,697.0,816.0,930.0,1582.0,630.0,1736.0,843.0
59153,32:51.500,32:51.520,2,647.0,704.0,816.0,936.0,1580.0,634.0,1734.0,848.0
59168,32:52.000,32:52.020,2,639.0,712.0,808.0,946.0,1575.0,640.0,1726.0,850.0
59183,32:52.500,32:52.520,2,469.0,731.0,652.0,977.0,1429.0,662.0,1574.0,868.0
59198,32:53.000,32:53.020,2,329.0,744.0,526.0,1000.0,1327.0,686.0,1467.0,893.0
59213,32:53.500,32:53.520,2,436.0,751.0,621.0,998.0,1408.0,691.0,1550.0,896.0
59228,32:54.000,32:54.020,2,610.0,733.0,779.0,970.0,1558.0,705.0,1705.0,910.0
59243,32:54.500,32:54.520,2,607.0,731.0,778.0,968.0,1557.0,704.0,1704.0,910.0
59258,32:55.000,32:55.020,2,598.0,735.0,771.0,979.0,1544.0,699.0,1693.0,906.0
59273,32:55.500,32:55.522,2,595.0,737.0,767.0,982.0,1540.0,695.0,1689.0,903.0
59288,32:56.000,32:56.022,2,587.0,733.0,760.0,973.0,1534.0,684.0,1682.0,892.0
59303,32:56.500,32:56.522,2,588.0,735.0,762.0,977.0,1534.0,684.0,1682.0,893.0
59318,32:57.000,32:57.022,2,621.0,730.0,791.0,968.0,1565.0,696.0,1713.0,906.0
59333,32:57.500,32:57.522,2,657.0,732.0,825.0,965.0,1593.0,696.0,1743.0,907.0
59348,32:58.000,32:58.022,2,633.0,718.0,803.0,951.0,1574.0,663.0,1725.0,873.0
59363,32:58.500,32:58.522,2,660.0,604.0,831.0,847.0,1602.0,564.0,1755.0,779.0
59378,32:59.000,32:59.022,2,669.0,557.0,840.0,799.0,1622.0,528.0,1774.0,747.0
59393,32:59.500,32:59.523,2,659.0,526.0,832.0,775.0,1616.0,512.0,1769.0,728.0
59408,33:00.000,33:00.023,2,663.0,510.0,836.0,756.0,1620.0,508.0,1773.0,723.0
59423,33:00.500,33:00.523,2,652.0,526.0,824.0,771.0,1602.0,514.0,1757.0,730.0
59438,33:01.000,33:01.023,2,646.0,518.0,817.0,759.0,1600.0,510.0,1754.0,728.0
59453,33:01.500,33:01.523,2,645.0,518.0,815.0,755.0,1598.0,526.0,1752.0,742.0
59468,33:02.000,33:02.023,2,649.0,526.0,818.0,764.0,1596.0,530.0,1749.0,746.0
59483,33:02.500,33:02.523,2,646.0,536.0,818.0,776.0,1589.0,540.0,1743.0,757.0
59498,33:03.000,33:03.023,2,706.0,702.0,871.0,931.0,1635.0,693.0,1791.0,902.0
59513,33:03.500,33:03.523,2,705.0,681.0,868.0,908.0,1632.0,673.0,1788.0,889.0
59528,33:04.000,33:04.025,2,673.0,694.0,839.0,922.0,1607.0,682.0,1760.0,892.0
59543,33:04.500,33:04.525,2,646.0,700.0,815.0,930.0,1576.0,688.0,1728.0,893.0
59558,33:05.000,33:05.025,2,661.0,693.0,826.0,917.0,1581.0,702.0,1733.0,909.0
59573,33:05.500,33:05.525,2,1622.0,715.0,1775.0,925.0,699.0,681.0,858.0,899.0
59588,33:06.000,33:06.025,2,1643.0,721.0,1798.0,933.0,723.0,682.0,878.0,894.0
59603,33:06.500,33:06.525,2,669.0,673.0,828.0,891.0,1563.0,706.0,1712.0,914.0
59618,33:07.000,33:07.025,2,675.0,681.0,836.0,899.0,1534.0,696.0,1680.0,906.0
59633,33:07.500,33:07.525,2,727.0,701.0,890.0,927.0,1544.0,685.0,1693.0,896.0
59648,33:08.000,33:08.027,2,683.0,648.0,844.0,867.0,1591.0,659.0,1739.0,873.0
59663,33:08.500,33:08.527,2,1652.0,476.0,1810.0,708.0,689.0,425.0,852.0,657.0
59678,33:09.000,33:09.027,2,1582.0,278.0,1741.0,516.0,571.0,120.0,747.0,366.0
59693,33:09.500,33:09.527,1,1695.0,137.0,1875.0,389.0,,,,
59708,33:10.000,33:10.052,2,547.0,159.0,736.0,426.0,1590.0,311.0,1753.0,552.0
59723,33:10.500,33:10.518,2,662.0,343.0,845.0,601.0,1334.0,432.0,1489.0,656.0
59738,33:11.000,33:11.018,2,781.0,444.0,958.0,692.0,1313.0,465.0,1471.0,690.0
59753,33:11.500,33:11.518,2,855.0,836.0,1027.0,1079.0,1383.0,877.0,1543.0,1101.0
59762,33:12.000,33:12.103,2,905.0,867.0,1075.0,1111.0,1431.0,889.0,1593.0,1112.0
59767,33:12.500,33:12.703,0,,,,,,,,
59784,33:13.000,33:13.012,0,,,,,,,,
59814,33:13.500,33:13.512,0,,,,,,,,
59844,33:14.000,33:14.012,0,,,,,,,,
59874,33:14.500,33:14.512,0,,,,,,,,
