frame,time,actual_video_time,faces_detected_count,face_0_tl_x,face_0_tl_y,face_0_br_x,face_0_br_y,face_1_tl_x,face_1_tl_y,face_1_br_x,face_1_br_y,face_2_tl_x,face_2_tl_y,face_2_br_x,face_2_br_y
24397,13:33.000,13:33.008,3,1817.0,661.0,2022.0,919.0,1301.0,796.0,1457.0,1004.0,830.0,701.0,977.0,890.0
24412,13:33.500,13:33.508,3,1778.0,668.0,1972.0,922.0,1293.0,808.0,1445.0,1015.0,825.0,713.0,970.0,895.0
24427,13:34.000,13:34.008,3,1793.0,701.0,1996.0,951.0,1285.0,839.0,1435.0,1044.0,837.0,727.0,985.0,916.0
24442,13:34.500,13:34.508,3,1890.0,713.0,2099.0,969.0,1339.0,842.0,1493.0,1054.0,936.0,736.0,1078.0,919.0
24457,13:35.000,13:35.008,3,1828.0,698.0,2035.0,948.0,1310.0,843.0,1457.0,1051.0,897.0,743.0,1047.0,922.0
24472,13:35.500,13:35.508,3,1829.0,698.0,2035.0,950.0,910.0,745.0,1058.0,923.0,1319.0,844.0,1465.0,1051.0
24487,13:36.000,13:36.000,3,1827.0,680.0,2044.0,933.0,910.0,730.0,1058.0,913.0,1330.0,833.0,1483.0,1050.0
24502,13:36.500,13:36.500,3,1870.0,707.0,2083.0,964.0,925.0,764.0,1071.0,948.0,1348.0,865.0,1510.0,1102.0
24517,13:37.000,13:37.002,3,1879.0,695.0,2085.0,955.0,1346.0,857.0,1509.0,1084.0,922.0,753.0,1068.0,929.0
24532,13:37.500,13:37.502,3,1860.0,685.0,2061.0,938.0,1343.0,853.0,1495.0,1060.0,899.0,748.0,1045.0,931.0
24547,13:38.000,13:38.002,3,1870.0,660.0,2074.0,919.0,1350.0,828.0,1503.0,1035.0,913.0,720.0,1058.0,904.0
24562,13:38.500,13:38.502,3,1860.0,675.0,2059.0,927.0,1344.0,838.0,1493.0,1045.0,901.0,731.0,1047.0,922.0
24577,13:39.000,13:39.002,3,1887.0,675.0,2090.0,929.0,1362.0,836.0,1515.0,1042.0,926.0,731.0,1071.0,912.0
24592,13:39.500,13:39.502,3,1896.0,685.0,2107.0,937.0,1376.0,840.0,1524.0,1050.0,935.0,727.0,1077.0,917.0
24607,13:40.000,13:40.002,3,1871.0,678.0,2077.0,932.0,1352.0,844.0,1506.0,1049.0,913.0,743.0,1058.0,928.0
24622,13:40.500,13:40.502,3,1877.0,649.0,2086.0,902.0,1357.0,818.0,1511.0,1029.0,917.0,724.0,1061.0,909.0
24637,13:41.000,13:41.003,3,1877.0,647.0,2092.0,905.0,1362.0,818.0,1516.0,1025.0,923.0,721.0,1065.0,902.0
24652,13:41.500,13:41.503,3,1870.0,642.0,2086.0,901.0,1354.0,814.0,1507.0,1033.0,915.0,715.0,1060.0,899.0
24667,13:42.000,13:42.003,3,1848.0,621.0,2057.0,881.0,1333.0,789.0,1486.0,998.0,890.0,681.0,1037.0,871.0
24682,13:42.500,13:42.503,3,1825.0,581.0,2025.0,836.0,1310.0,745.0,1457.0,945.0,862.0,637.0,1010.0,820.0
24697,13:43.000,13:43.003,3,1841.0,559.0,2042.0,815.0,1321.0,735.0,1473.0,940.0,872.0,642.0,1019.0,824.0
24712,13:43.500,13:43.503,3,1882.0,547.0,2087.0,810.0,1354.0,721.0,1508.0,927.0,906.0,629.0,1052.0,806.0
24727,13:44.000,13:44.003,3,1906.0,601.0,2116.0,863.0,1376.0,779.0,1526.0,989.0,931.0,678.0,1075.0,864.0
24742,13:44.500,13:44.503,3,1886.0,584.0,2097.0,841.0,1352.0,769.0,1505.0,975.0,912.0,673.0,1058.0,860.0
24757,13:45.000,13:45.003,3,1864.0,591.0,2075.0,851.0,1341.0,780.0,1492.0,990.0,899.0,678.0,1045.0,868.0
24772,13:45.500,13:45.505,3,1826.0,595.0,2030.0,848.0,1309.0,766.0,1456.0,973.0,860.0,663.0,1004.0,842.0
24787,13:46.000,13:46.005,3,1825.0,595.0,2030.0,848.0,1310.0,762.0,1459.0,965.0,862.0,657.0,1009.0,839.0
24802,13:46.500,13:46.505,3,1821.0,595.0,2027.0,849.0,1312.0,765.0,1456.0,972.0,859.0,661.0,1006.0,841.0
24817,13:47.000,13:47.005,3,1822.0,595.0,2027.0,850.0,1311.0,767.0,1456.0,969.0,854.0,652.0,1000.0,838.0
24832,13:47.500,13:47.505,3,1826.0,591.0,2030.0,844.0,1311.0,763.0,1458.0,963.0,854.0,647.0,1000.0,833.0
24847,13:48.000,13:48.005,3,1831.0,588.0,2036.0,842.0,859.0,646.0,1006.0,829.0,1315.0,761.0,1464.0,961.0
24862,13:48.500,13:48.505,3,1828.0,585.0,2033.0,839.0,1313.0,759.0,1462.0,962.0,856.0,646.0,1002.0,833.0
24877,13:49.000,13:49.005,3,1832.0,590.0,2036.0,843.0,1315.0,764.0,1463.0,964.0,859.0,649.0,1005.0,835.0
24892,13:49.500,13:49.507,2,1827.0,595.0,2035.0,853.0,857.0,657.0,1007.0,840.0,,,,
24907,13:50.000,13:50.007,2,1816.0,599.0,2033.0,860.0,866.0,653.0,1009.0,843.0,,,,
24922,13:50.500,13:50.507,2,1836.0,601.0,2032.0,858.0,860.0,652.0,1005.0,842.0,,,,
24937,13:51.000,13:51.007,2,1833.0,607.0,2028.0,861.0,857.0,654.0,1005.0,846.0,,,,
24952,13:51.500,13:51.507,2,1830.0,604.0,2029.0,860.0,857.0,652.0,1003.0,854.0,,,,
24967,13:52.000,13:52.007,2,1832.0,608.0,2027.0,864.0,857.0,657.0,1005.0,850.0,,,,
24982,13:52.500,13:52.507,3,1816.0,611.0,2020.0,865.0,851.0,659.0,998.0,854.0,1302.0,784.0,1452.0,987.0
24997,13:53.000,13:53.007,3,1766.0,593.0,1967.0,844.0,1260.0,767.0,1407.0,985.0,805.0,668.0,949.0,853.0
25012,13:53.500,13:53.508,3,1690.0,599.0,1887.0,843.0,726.0,661.0,878.0,840.0,1195.0,758.0,1344.0,960.0
25027,13:54.000,13:54.008,3,1633.0,595.0,1819.0,841.0,648.0,655.0,804.0,833.0,1139.0,756.0,1284.0,955.0
25042,13:54.500,13:54.508,3,1542.0,622.0,1712.0,860.0,530.0,667.0,693.0,853.0,1038.0,779.0,1188.0,977.0
25057,13:55.000,13:55.008,3,1411.0,626.0,1584.0,860.0,380.0,697.0,559.0,896.0,917.0,790.0,1071.0,996.0
25072,13:55.500,13:55.508,3,1392.0,637.0,1565.0,873.0,910.0,795.0,1063.0,1009.0,376.0,705.0,552.0,912.0
25087,13:56.000,13:56.000,3,1392.0,646.0,1558.0,874.0,403.0,720.0,574.0,922.0,922.0,806.0,1076.0,1015.0
25102,13:56.500,13:56.500,3,940.0,781.0,1095.0,990.0,1395.0,627.0,1563.0,853.0,413.0,700.0,585.0,904.0
25117,13:57.000,13:57.000,3,1410.0,650.0,1580.0,879.0,947.0,802.0,1100.0,1010.0,422.0,724.0,595.0,929.0
25132,13:57.500,13:57.500,3,1445.0,643.0,1613.0,874.0,977.0,791.0,1129.0,1002.0,458.0,739.0,626.0,924.0
25147,13:58.000,13:58.002,3,1486.0,654.0,1657.0,887.0,1011.0,802.0,1161.0,1007.0,495.0,762.0,659.0,929.0
25162,13:58.500,13:58.502,3,1495.0,665.0,1665.0,897.0,1021.0,813.0,1170.0,1018.0,501.0,750.0,668.0,933.0
25177,13:59.000,13:59.002,3,1501.0,651.0,1678.0,888.0,1021.0,808.0,1170.0,1010.0,495.0,729.0,663.0,920.0
25192,13:59.500,13:59.502,3,1510.0,645.0,1689.0,886.0,487.0,723.0,648.0,916.0,1018.0,804.0,1166.0,1008.0
25207,14:00.000,14:00.002,3,1505.0,637.0,1687.0,880.0,1025.0,800.0,1173.0,1005.0,493.0,711.0,655.0,902.0
25222,14:00.500,14:00.502,3,1510.0,626.0,1689.0,867.0,1028.0,788.0,1178.0,991.0,502.0,692.0,664.0,886.0
25237,14:01.000,14:01.002,3,1511.0,637.0,1685.0,874.0,1030.0,798.0,1179.0,1002.0,511.0,698.0,678.0,898.0
25252,14:01.500,14:01.502,3,1474.0,631.0,1643.0,865.0,995.0,788.0,1145.0,997.0,479.0,715.0,646.0,907.0
25267,14:02.000,14:02.003,3,1459.0,648.0,1626.0,883.0,977.0,802.0,1129.0,1015.0,460.0,734.0,627.0,932.0
25282,14:02.500,14:02.503,3,1492.0,646.0,1663.0,884.0,1008.0,802.0,1160.0,1010.0,496.0,726.0,664.0,921.0
25297,14:03.000,14:03.003,3,1505.0,652.0,1676.0,889.0,1020.0,808.0,1168.0,1013.0,507.0,733.0,675.0,929.0
25312,14:03.500,14:03.503,3,1504.0,647.0,1676.0,886.0,504.0,727.0,674.0,925.0,1019.0,807.0,1168.0,1010.0
25327,14:04.000,14:04.003,3,1500.0,645.0,1673.0,883.0,500.0,726.0,670.0,922.0,1015.0,805.0,1165.0,1010.0
25342,14:04.500,14:04.503,3,1501.0,645.0,1673.0,883.0,500.0,722.0,671.0,919.0,1018.0,803.0,1168.0,1010.0
25357,14:05.000,14:05.003,3,1521.0,648.0,1695.0,887.0,1038.0,806.0,1188.0,1012.0,524.0,717.0,689.0,909.0
25372,14:05.500,14:05.503,3,1549.0,660.0,1719.0,894.0,549.0,721.0,708.0,910.0,1065.0,812.0,1216.0,1017.0
25387,14:06.000,14:06.005,3,1575.0,662.0,1747.0,897.0,579.0,721.0,739.0,909.0,1093.0,815.0,1242.0,1023.0
25402,14:06.500,14:06.505,3,1661.0,669.0,1837.0,906.0,1168.0,818.0,1318.0,1023.0,666.0,725.0,817.0,901.0
25417,14:07.000,14:07.005,3,1691.0,685.0,1873.0,926.0,1194.0,826.0,1343.0,1031.0,704.0,727.0,857.0,908.0
25432,14:07.500,14:07.505,3,1697.0,685.0,1880.0,927.0,1197.0,827.0,1346.0,1034.0,713.0,727.0,864.0,910.0
25447,14:08.000,14:08.005,3,1701.0,687.0,1885.0,931.0,1202.0,826.0,1352.0,1035.0,718.0,729.0,871.0,907.0
25462,14:08.500,14:08.505,3,1698.0,685.0,1882.0,928.0,1199.0,826.0,1348.0,1034.0,714.0,725.0,866.0,906.0
25477,14:09.000,14:09.005,3,1656.0,676.0,1843.0,911.0,1187.0,826.0,1338.0,1029.0,701.0,725.0,854.0,907.0
25492,14:09.500,14:09.505,3,1620.0,662.0,1805.0,902.0,1159.0,822.0,1310.0,1031.0,676.0,724.0,831.0,913.0
25507,14:10.000,14:10.005,3,1635.0,677.0,1826.0,922.0,1145.0,820.0,1297.0,1026.0,660.0,720.0,815.0,906.0
25522,14:10.500,14:10.507,3,1669.0,693.0,1869.0,945.0,1114.0,816.0,1267.0,1023.0,654.0,737.0,806.0,919.0
25537,14:11.000,14:11.007,3,1696.0,697.0,1896.0,942.0,1138.0,817.0,1292.0,1022.0,688.0,731.0,842.0,918.0
25552,14:11.500,14:11.507,3,1692.0,695.0,1894.0,944.0,1162.0,810.0,1314.0,1017.0,688.0,725.0,842.0,905.0
25567,14:12.000,14:12.007,3,1673.0,706.0,1866.0,955.0,1160.0,821.0,1312.0,1024.0,673.0,730.0,825.0,912.0
25582,14:12.500,14:12.507,3,1654.0,705.0,1842.0,950.0,1152.0,820.0,1304.0,1024.0,661.0,733.0,814.0,916.0
25597,14:13.000,14:13.007,3,1659.0,712.0,1851.0,958.0,1154.0,823.0,1306.0,1028.0,669.0,738.0,821.0,919.0
25612,14:13.500,14:13.507,3,1674.0,709.0,1860.0,954.0,1182.0,818.0,1333.0,1025.0,702.0,732.0,852.0,918.0
25627,14:14.000,14:14.007,3,1673.0,705.0,1859.0,950.0,1183.0,813.0,1337.0,1020.0,708.0,728.0,859.0,909.0
25642,14:14.500,14:14.508,3,1650.0,703.0,1836.0,944.0,1165.0,811.0,1316.0,1015.0,686.0,721.0,839.0,908.0
25657,14:15.000,14:15.008,3,1672.0,711.0,1856.0,951.0,1164.0,814.0,1316.0,1017.0,687.0,715.0,839.0,906.0
25672,14:15.500,14:15.500,3,1674.0,738.0,1867.0,986.0,1154.0,847.0,1308.0,1059.0,684.0,770.0,836.0,957.0
25687,14:16.000,14:16.000,3,1660.0,721.0,1852.0,969.0,1151.0,844.0,1302.0,1052.0,680.0,766.0,836.0,956.0
25702,14:16.500,14:16.500,3,1664.0,699.0,1855.0,944.0,1158.0,817.0,1309.0,1022.0,678.0,738.0,832.0,923.0
25717,14:17.000,14:17.000,3,1653.0,687.0,1842.0,929.0,1150.0,797.0,1298.0,1004.0,672.0,723.0,825.0,910.0
25732,14:17.500,14:17.500,3,1632.0,692.0,1819.0,930.0,1128.0,802.0,1279.0,1006.0,655.0,731.0,810.0,916.0
25747,14:18.000,14:18.000,3,1606.0,688.0,1791.0,926.0,1104.0,804.0,1257.0,1013.0,614.0,733.0,772.0,927.0
25762,14:18.500,14:18.500,3,1602.0,693.0,1782.0,932.0,1097.0,812.0,1247.0,1021.0,602.0,741.0,761.0,933.0
25777,14:19.000,14:19.002,3,1560.0,693.0,1743.0,930.0,1064.0,809.0,1216.0,1015.0,564.0,746.0,725.0,931.0
25792,14:19.500,14:19.502,3,1486.0,702.0,1658.0,935.0,989.0,816.0,1142.0,1026.0,471.0,759.0,638.0,948.0
25807,14:20.000,14:20.002,3,1470.0,669.0,1645.0,904.0,969.0,801.0,1121.0,1014.0,446.0,742.0,615.0,932.0
25822,14:20.500,14:20.502,3,1427.0,655.0,1604.0,882.0,933.0,807.0,1089.0,1017.0,415.0,738.0,588.0,941.0
25837,14:21.000,14:21.002,3,1422.0,655.0,1593.0,870.0,932.0,809.0,1087.0,1019.0,413.0,733.0,588.0,938.0
25852,14:21.500,14:21.502,3,1422.0,654.0,1593.0,872.0,928.0,806.0,1084.0,1016.0,390.0,737.0,565.0,939.0
25867,14:22.000,14:22.002,3,1413.0,655.0,1585.0,883.0,376.0,756.0,554.0,955.0,919.0,816.0,1074.0,1026.0
25882,14:22.500,14:22.502,3,1428.0,678.0,1600.0,904.0,930.0,829.0,1086.0,1042.0,391.0,768.0,567.0,967.0
25897,14:23.000,14:23.003,3,1451.0,689.0,1627.0,917.0,949.0,834.0,1103.0,1047.0,430.0,768.0,599.0,969.0
25912,14:23.500,14:23.503,3,1503.0,672.0,1682.0,908.0,991.0,824.0,1145.0,1040.0,479.0,763.0,647.0,958.0
25927,14:24.000,14:24.003,3,1567.0,688.0,1759.0,933.0,1039.0,825.0,1195.0,1043.0,540.0,767.0,700.0,952.0
25942,14:24.500,14:24.503,3,1555.0,695.0,1744.0,948.0,1036.0,843.0,1190.0,1056.0,533.0,781.0,697.0,967.0
25957,14:25.000,14:25.003,3,1543.0,703.0,1731.0,957.0,1037.0,842.0,1190.0,1057.0,533.0,782.0,696.0,969.0
25972,14:25.500,14:25.503,3,1584.0,727.0,1772.0,977.0,1075.0,851.0,1226.0,1064.0,580.0,782.0,741.0,972.0
25987,14:26.000,14:26.003,3,1587.0,731.0,1776.0,979.0,1083.0,845.0,1235.0,1058.0,586.0,773.0,745.0,963.0
26002,14:26.500,14:26.503,3,1592.0,751.0,1779.0,996.0,1082.0,864.0,1233.0,1075.0,583.0,789.0,743.0,982.0
26017,14:27.000,14:27.005,3,1608.0,770.0,1794.0,1018.0,1093.0,884.0,1245.0,1091.0,601.0,806.0,760.0,996.0
26032,14:27.500,14:27.505,3,1606.0,764.0,1793.0,1015.0,1097.0,877.0,1249.0,1083.0,605.0,800.0,761.0,993.0
26047,14:28.000,14:28.005,3,1608.0,773.0,1793.0,1021.0,1102.0,883.0,1252.0,1089.0,608.0,807.0,765.0,995.0
26062,14:28.500,14:28.505,3,1602.0,779.0,1785.0,1023.0,1091.0,888.0,1240.0,1097.0,599.0,818.0,757.0,1004.0
26077,14:29.000,14:29.005,3,1594.0,777.0,1779.0,1020.0,1090.0,886.0,1240.0,1094.0,594.0,814.0,751.0,1005.0
26092,14:29.500,14:29.505,3,1642.0,784.0,1832.0,1031.0,1137.0,894.0,1287.0,1098.0,648.0,813.0,803.0,1001.0
26107,14:30.000,14:30.005,3,1717.0,804.0,1911.0,1050.0,1201.0,897.0,1350.0,1106.0,722.0,812.0,872.0,996.0
26122,14:30.500,14:30.505,3,1724.0,806.0,1918.0,1057.0,1203.0,899.0,1353.0,1108.0,729.0,812.0,880.0,996.0
26137,14:31.000,14:31.005,3,1756.0,807.0,1956.0,1058.0,1227.0,894.0,1378.0,1102.0,762.0,797.0,911.0,987.0
26152,14:31.500,14:31.507,3,1775.0,797.0,1982.0,1049.0,1239.0,890.0,1389.0,1101.0,771.0,789.0,918.0,979.0
26167,14:32.000,14:32.007,3,1241.0,900.0,1392.0,1108.0,1780.0,802.0,1986.0,1052.0,773.0,809.0,919.0,990.0
26182,14:32.500,14:32.507,3,1736.0,778.0,1935.0,1033.0,1208.0,896.0,1358.0,1104.0,731.0,821.0,880.0,1000.0
26197,14:33.000,14:33.007,3,1729.0,766.0,1926.0,1019.0,1203.0,882.0,1354.0,1090.0,726.0,802.0,876.0,991.0
26212,14:33.500,14:33.507,3,1683.0,768.0,1880.0,1015.0,1164.0,886.0,1317.0,1095.0,681.0,809.0,837.0,997.0
26227,14:34.000,14:34.007,3,1666.0,777.0,1858.0,1023.0,1149.0,894.0,1301.0,1102.0,662.0,826.0,815.0,1005.0
26242,14:34.500,14:34.507,3,1679.0,780.0,1870.0,1023.0,1162.0,887.0,1315.0,1096.0,676.0,806.0,829.0,996.0
26257,14:35.000,14:35.007,3,1738.0,764.0,1937.0,1018.0,1207.0,874.0,1359.0,1084.0,734.0,794.0,881.0,982.0
26272,14:35.500,14:35.508,3,1831.0,751.0,2046.0,1011.0,1279.0,848.0,1433.0,1060.0,818.0,762.0,964.0,947.0
26287,14:36.000,14:36.000,3,1863.0,745.0,2077.0,1003.0,1299.0,835.0,1452.0,1047.0,841.0,753.0,986.0,930.0
26302,14:36.500,14:36.500,3,1865.0,731.0,2080.0,991.0,1299.0,824.0,1452.0,1038.0,847.0,732.0,994.0,918.0
26317,14:37.000,14:37.000,3,1859.0,737.0,2075.0,998.0,1295.0,827.0,1448.0,1041.0,845.0,744.0,990.0,923.0
26332,14:37.500,14:37.500,3,1846.0,742.0,2060.0,1002.0,1284.0,832.0,1437.0,1042.0,821.0,751.0,968.0,933.0
26347,14:38.000,14:38.000,3,1850.0,742.0,2062.0,1000.0,1281.0,826.0,1436.0,1038.0,814.0,740.0,960.0,930.0
26362,14:38.500,14:38.500,3,1859.0,752.0,2067.0,1009.0,1285.0,836.0,1438.0,1044.0,818.0,755.0,965.0,938.0
26377,14:39.000,14:39.000,3,1846.0,747.0,2056.0,1006.0,1286.0,837.0,1438.0,1044.0,816.0,760.0,960.0,941.0
26392,14:39.500,14:39.502,3,1849.0,757.0,2058.0,1018.0,1293.0,849.0,1445.0,1061.0,822.0,768.0,966.0,949.0
26407,14:40.000,14:40.002,3,1857.0,774.0,2069.0,1039.0,1300.0,873.0,1456.0,1085.0,823.0,784.0,966.0,972.0
26422,14:40.500,14:40.502,3,1805.0,760.0,2014.0,1020.0,1264.0,875.0,1418.0,1081.0,780.0,787.0,926.0,978.0
26437,14:41.000,14:41.002,3,1680.0,741.0,1880.0,994.0,1159.0,860.0,1312.0,1069.0,672.0,793.0,826.0,975.0
26452,14:41.500,14:41.502,3,1507.0,720.0,1686.0,961.0,994.0,847.0,1148.0,1057.0,490.0,786.0,655.0,978.0
26467,14:42.000,14:42.002,3,1335.0,723.0,1510.0,964.0,826.0,852.0,985.0,1068.0,255.0,807.0,443.0,1009.0
26482,14:42.500,14:42.502,3,654.0,860.0,823.0,1079.0,1183.0,722.0,1351.0,960.0,11.0,811.0,220.0,1032.0
26497,14:43.000,14:43.002,3,679.0,901.0,847.0,1127.0,45.0,853.0,258.0,1076.0,1203.0,768.0,1374.0,1003.0
26512,14:43.500,14:43.502,3,701.0,899.0,866.0,1124.0,1218.0,773.0,1392.0,1008.0,81.0,836.0,288.0,1062.0
26527,14:44.000,14:44.003,3,691.0,909.0,858.0,1134.0,1210.0,779.0,1384.0,1016.0,64.0,849.0,272.0,1076.0
26542,14:44.500,14:44.503,3,690.0,893.0,857.0,1117.0,1213.0,761.0,1388.0,999.0,70.0,826.0,277.0,1050.0
26557,14:45.000,14:45.003,3,88.0,805.0,292.0,1024.0,1205.0,739.0,1376.0,972.0,700.0,872.0,864.0,1090.0
26572,14:45.500,14:45.503,3,1228.0,723.0,1395.0,958.0,716.0,845.0,880.0,1070.0,110.0,783.0,314.0,1000.0
26587,14:46.000,14:46.003,3,710.0,882.0,875.0,1103.0,103.0,822.0,305.0,1041.0,1225.0,752.0,1393.0,986.0
26602,14:46.500,14:46.503,3,717.0,890.0,882.0,1113.0,112.0,830.0,317.0,1050.0,1242.0,768.0,1409.0,1000.0
26617,14:47.000,14:47.003,3,1246.0,786.0,1414.0,1022.0,727.0,916.0,891.0,1142.0,128.0,865.0,327.0,1077.0
26632,14:47.500,14:47.503,3,1254.0,793.0,1424.0,1030.0,732.0,913.0,895.0,1137.0,119.0,847.0,324.0,1061.0
26647,14:48.000,14:48.005,3,1474.0,760.0,1652.0,999.0,947.0,876.0,1102.0,1086.0,407.0,783.0,581.0,999.0
26662,14:48.500,14:48.505,3,1852.0,752.0,2066.0,1017.0,1272.0,843.0,1428.0,1057.0,805.0,752.0,950.0,927.0
26677,14:49.000,14:49.005,3,1650.0,715.0,1841.0,971.0,1103.0,822.0,1255.0,1031.0,613.0,733.0,770.0,925.0
26692,14:49.500,14:49.505,3,1430.0,711.0,1602.0,949.0,923.0,826.0,1079.0,1039.0,402.0,758.0,573.0,954.0
26707,14:50.000,14:50.005,3,1303.0,760.0,1475.0,995.0,823.0,885.0,981.0,1104.0,279.0,835.0,463.0,1036.0
26722,14:50.500,14:50.505,3,1333.0,725.0,1502.0,962.0,828.0,865.0,988.0,1082.0,277.0,813.0,456.0,1017.0
26737,14:51.000,14:51.005,3,1281.0,719.0,1454.0,954.0,734.0,875.0,900.0,1099.0,111.0,819.0,318.0,1038.0
26752,14:51.500,14:51.505,3,1320.0,705.0,1494.0,941.0,802.0,841.0,962.0,1060.0,241.0,760.0,431.0,977.0
26767,14:52.000,14:52.007,3,782.0,890.0,942.0,1110.0,1286.0,740.0,1455.0,978.0,203.0,830.0,398.0,1046.0
26782,14:52.500,14:52.507,3,1299.0,743.0,1468.0,980.0,793.0,882.0,956.0,1101.0,220.0,787.0,409.0,1011.0
26797,14:53.000,14:53.007,3,1840.0,764.0,2049.0,1023.0,1325.0,898.0,1479.0,1113.0,850.0,822.0,994.0,1007.0
26812,14:53.500,14:53.507,3,1845.0,784.0,2056.0,1043.0,1346.0,899.0,1503.0,1115.0,866.0,823.0,1009.0,1001.0
26827,14:54.000,14:54.007,3,1810.0,773.0,2018.0,1029.0,1320.0,888.0,1474.0,1104.0,829.0,806.0,973.0,993.0
26842,14:54.500,14:54.507,3,1598.0,770.0,1789.0,1012.0,1137.0,895.0,1288.0,1102.0,639.0,815.0,795.0,1018.0
26857,14:55.000,14:55.007,3,1422.0,810.0,1600.0,1044.0,952.0,941.0,1108.0,1158.0,412.0,888.0,586.0,1094.0
26873,14:55.500,14:55.532,3,1371.0,836.0,1549.0,1074.0,897.0,964.0,1056.0,1187.0,343.0,912.0,522.0,1121.0
26888,14:56.000,14:56.032,3,1339.0,855.0,1518.0,1088.0,868.0,986.0,1029.0,1209.0,305.0,927.0,488.0,1147.0
26902,14:56.500,14:56.500,3,1505.0,824.0,1690.0,1064.0,1031.0,947.0,1189.0,1164.0,517.0,883.0,681.0,1084.0
26917,14:57.000,14:57.000,3,1680.0,836.0,1876.0,1085.0,1193.0,949.0,1348.0,1166.0,703.0,881.0,855.0,1069.0
26932,14:57.500,14:57.500,3,1359.0,974.0,1519.0,1192.0,1875.0,857.0,2095.0,1119.0,878.0,905.0,1023.0,1088.0
26947,14:58.000,14:58.000,3,1368.0,972.0,1528.0,1189.0,1886.0,856.0,2105.0,1117.0,878.0,897.0,1020.0,1079.0
26962,14:58.500,14:58.500,3,1414.0,965.0,1576.0,1190.0,1971.0,860.0,2196.0,1127.0,899.0,893.0,1036.0,1071.0
26977,14:59.000,14:59.000,3,1999.0,834.0,2229.0,1109.0,1396.0,959.0,1558.0,1181.0,875.0,887.0,1015.0,1065.0
26992,14:59.500,14:59.500,3,1960.0,826.0,2184.0,1094.0,1361.0,958.0,1519.0,1177.0,843.0,884.0,985.0,1066.0
27007,15:00.000,15:00.000,3,1822.0,794.0,2025.0,1048.0,1283.0,935.0,1440.0,1152.0,772.0,872.0,915.0,1053.0
27022,15:00.500,15:00.502,3,1621.0,749.0,1804.0,990.0,1109.0,901.0,1263.0,1119.0,584.0,854.0,743.0,1042.0
27037,15:01.000,15:01.002,3,1503.0,697.0,1675.0,926.0,998.0,849.0,1152.0,1061.0,456.0,799.0,625.0,996.0
27052,15:01.500,15:01.502,3,1491.0,681.0,1660.0,908.0,976.0,841.0,1130.0,1057.0,429.0,797.0,600.0,1000.0
27067,15:02.000,15:02.002,3,1591.0,644.0,1772.0,885.0,1071.0,804.0,1223.0,1017.0,546.0,766.0,709.0,955.0
27082,15:02.500,15:02.502,3,1739.0,657.0,1928.0,911.0,1200.0,789.0,1352.0,1001.0,712.0,701.0,864.0,898.0
27097,15:03.000,15:03.002,3,1747.0,679.0,1937.0,931.0,1203.0,806.0,1355.0,1017.0,735.0,730.0,886.0,918.0
27112,15:03.500,15:03.502,3,1726.0,696.0,1917.0,950.0,1185.0,828.0,1338.0,1040.0,710.0,754.0,863.0,945.0
27127,15:04.000,15:04.002,3,1727.0,707.0,1917.0,958.0,1181.0,828.0,1333.0,1042.0,705.0,755.0,858.0,941.0
27142,15:04.500,15:04.502,3,1716.0,713.0,1907.0,962.0,1177.0,853.0,1329.0,1063.0,693.0,786.0,844.0,976.0
27157,15:05.000,15:05.003,3,1746.0,720.0,1940.0,978.0,1199.0,858.0,1351.0,1072.0,710.0,782.0,864.0,970.0
27172,15:05.500,15:05.503,3,1795.0,726.0,1973.0,973.0,1203.0,858.0,1354.0,1073.0,714.0,778.0,866.0,964.0
27187,15:06.000,15:06.003,3,1747.0,715.0,1932.0,959.0,1185.0,849.0,1337.0,1066.0,695.0,784.0,846.0,964.0
27202,15:06.500,15:06.503,3,1738.0,716.0,1928.0,965.0,1183.0,858.0,1334.0,1071.0,689.0,787.0,841.0,972.0
27217,15:07.000,15:07.003,3,1738.0,723.0,1929.0,974.0,1181.0,856.0,1334.0,1070.0,688.0,784.0,840.0,970.0
27232,15:07.500,15:07.503,3,1728.0,731.0,1922.0,979.0,1177.0,858.0,1330.0,1071.0,684.0,790.0,835.0,974.0
27247,15:08.000,15:08.003,3,1731.0,761.0,1932.0,1017.0,1184.0,886.0,1336.0,1097.0,693.0,811.0,844.0,995.0
27262,15:08.500,15:08.503,3,1766.0,768.0,1971.0,1025.0,1211.0,886.0,1366.0,1098.0,737.0,789.0,889.0,1002.0
27277,15:09.000,15:09.005,3,1854.0,788.0,2066.0,1053.0,1280.0,894.0,1433.0,1104.0,809.0,796.0,956.0,996.0
27292,15:09.500,15:09.505,3,1875.0,782.0,2089.0,1051.0,1290.0,886.0,1444.0,1101.0,821.0,786.0,966.0,987.0
27307,15:10.000,15:10.005,3,1877.0,780.0,2083.0,1048.0,1281.0,885.0,1435.0,1098.0,813.0,791.0,957.0,986.0
27322,15:10.500,15:10.505,3,1861.0,783.0,2069.0,1049.0,1271.0,889.0,1426.0,1099.0,786.0,799.0,932.0,989.0
27337,15:11.000,15:11.005,3,1835.0,779.0,2041.0,1043.0,1247.0,894.0,1398.0,1103.0,770.0,817.0,919.0,1003.0
27352,15:11.500,15:11.505,3,1700.0,771.0,1894.0,1025.0,1131.0,891.0,1281.0,1095.0,627.0,817.0,784.0,1008.0
27367,15:12.000,15:12.005,3,1707.0,759.0,1906.0,1011.0,1190.0,859.0,1342.0,1069.0,693.0,796.0,843.0,979.0
27382,15:12.500,15:12.505,3,1735.0,747.0,1937.0,1002.0,1226.0,844.0,1376.0,1054.0,736.0,794.0,882.0,963.0
27397,15:13.000,15:13.007,3,1765.0,763.0,1968.0,1010.0,1237.0,851.0,1388.0,1063.0,751.0,796.0,897.0,971.0
27412,15:13.500,15:13.507,3,1804.0,772.0,2008.0,1025.0,1271.0,864.0,1424.0,1073.0,788.0,790.0,935.0,973.0
27427,15:14.000,15:14.007,3,1769.0,785.0,1971.0,1033.0,1245.0,877.0,1397.0,1083.0,754.0,786.0,905.0,980.0
27442,15:14.500,15:14.507,3,1783.0,795.0,1984.0,1041.0,1260.0,883.0,1409.0,1089.0,769.0,792.0,916.0,978.0
27457,15:15.000,15:15.007,3,1782.0,792.0,1982.0,1038.0,1256.0,879.0,1408.0,1083.0,766.0,790.0,914.0,977.0
27472,15:15.500,15:15.507,3,1772.0,798.0,1976.0,1046.0,1250.0,891.0,1402.0,1097.0,758.0,814.0,907.0,996.0
27488,15:16.000,15:16.032,3,1784.0,802.0,1989.0,1051.0,1261.0,896.0,1414.0,1104.0,774.0,813.0,923.0,996.0
27503,15:16.500,15:16.532,3,1781.0,803.0,1983.0,1051.0,1258.0,891.0,1410.0,1101.0,769.0,806.0,918.0,988.0
27518,15:17.000,15:17.033,3,1789.0,806.0,1997.0,1060.0,1267.0,895.0,1418.0,1105.0,782.0,806.0,928.0,989.0
27532,15:17.500,15:17.500,3,1786.0,811.0,1993.0,1063.0,1266.0,899.0,1418.0,1110.0,780.0,814.0,927.0,993.0
27547,15:18.000,15:18.000,3,1785.0,813.0,1992.0,1065.0,1265.0,900.0,1418.0,1111.0,781.0,811.0,927.0,994.0
27562,15:18.500,15:18.500,3,1794.0,824.0,1999.0,1076.0,1269.0,902.0,1422.0,1115.0,787.0,809.0,933.0,993.0
27577,15:19.000,15:19.000,3,1804.0,830.0,2008.0,1081.0,1275.0,906.0,1429.0,1118.0,793.0,818.0,941.0,997.0
27592,15:19.500,15:19.500,3,1806.0,832.0,2011.0,1089.0,1276.0,909.0,1430.0,1121.0,796.0,824.0,942.0,1004.0
27607,15:20.000,15:20.000,3,1807.0,828.0,2010.0,1090.0,1276.0,905.0,1429.0,1118.0,798.0,820.0,945.0,1002.0
27622,15:20.500,15:20.500,3,1731.0,788.0,1930.0,1056.0,1216.0,899.0,1367.0,1110.0,732.0,818.0,880.0,1010.0
27637,15:21.000,15:21.000,3,1700.0,779.0,1897.0,1044.0,1188.0,896.0,1338.0,1103.0,696.0,821.0,846.0,1008.0
27652,15:21.500,15:21.502,3,1670.0,780.0,1864.0,1038.0,1161.0,900.0,1314.0,1105.0,664.0,829.0,818.0,1016.0
27667,15:22.000,15:22.002,3,1657.0,787.0,1852.0,1044.0,1152.0,902.0,1302.0,1109.0,652.0,829.0,806.0,1015.0
27682,15:22.500,15:22.502,3,1663.0,798.0,1857.0,1043.0,1156.0,907.0,1309.0,1118.0,660.0,840.0,813.0,1019.0
27697,15:23.000,15:23.002,3,1726.0,796.0,1924.0,1039.0,1215.0,906.0,1368.0,1122.0,726.0,838.0,876.0,1021.0
27712,15:23.500,15:23.502,3,1776.0,812.0,1978.0,1061.0,1253.0,913.0,1405.0,1128.0,773.0,830.0,920.0,1018.0
27727,15:24.000,15:24.002,3,1786.0,812.0,1991.0,1066.0,1263.0,918.0,1416.0,1132.0,781.0,830.0,929.0,1020.0
27742,15:24.500,15:24.502,3,1789.0,813.0,1999.0,1066.0,1264.0,920.0,1417.0,1133.0,780.0,839.0,926.0,1021.0
27757,15:25.000,15:25.002,3,1788.0,810.0,1996.0,1063.0,1261.0,923.0,1415.0,1134.0,778.0,844.0,924.0,1026.0
27772,15:25.500,15:25.503,3,1786.0,806.0,1995.0,1060.0,1260.0,921.0,1413.0,1132.0,777.0,832.0,923.0,1019.0
27787,15:26.000,15:26.003,3,1792.0,805.0,2002.0,1058.0,1261.0,921.0,1415.0,1133.0,779.0,833.0,925.0,1023.0
27802,15:26.500,15:26.503,3,1822.0,815.0,2031.0,1071.0,1267.0,924.0,1420.0,1137.0,778.0,840.0,924.0,1029.0
27817,15:27.000,15:27.003,3,1269.0,911.0,1421.0,1128.0,1819.0,807.0,2026.0,1059.0,781.0,830.0,925.0,1016.0
27832,15:27.500,15:27.503,3,1866.0,653.0,2074.0,910.0,1307.0,765.0,1460.0,970.0,825.0,668.0,972.0,855.0
27847,15:28.000,15:28.003,3,1935.0,507.0,2160.0,777.0,1364.0,639.0,1519.0,843.0,880.0,547.0,1026.0,741.0
27862,15:28.500,15:28.503,3,1948.0,459.0,2179.0,734.0,1350.0,589.0,1506.0,803.0,860.0,507.0,1012.0,697.0
27877,15:29.000,15:29.003,3,1694.0,590.0,1891.0,840.0,1140.0,725.0,1290.0,933.0,622.0,665.0,781.0,852.0
27892,15:29.500,15:29.503,3,1735.0,681.0,1940.0,936.0,1178.0,799.0,1331.0,1011.0,670.0,723.0,820.0,912.0
27907,15:30.000,15:30.005,3,1535.0,731.0,1721.0,980.0,993.0,850.0,1148.0,1063.0,469.0,770.0,635.0,964.0
27922,15:30.500,15:30.505,3,838.0,939.0,1000.0,1164.0,1370.0,815.0,1545.0,1048.0,237.0,859.0,428.0,1089.0
27937,15:31.000,15:31.005,3,1341.0,777.0,1520.0,1014.0,810.0,905.0,973.0,1128.0,179.0,852.0,374.0,1065.0
27952,15:31.500,15:31.505,3,1330.0,759.0,1514.0,999.0,799.0,895.0,961.0,1115.0,169.0,839.0,360.0,1051.0
27967,15:32.000,15:32.005,3,224.0,831.0,413.0,1049.0,815.0,882.0,975.0,1100.0,1346.0,745.0,1525.0,980.0
27982,15:32.500,15:32.505,3,1425.0,734.0,1601.0,974.0,349.0,791.0,525.0,999.0,904.0,863.0,1059.0,1071.0
27997,15:33.000,15:33.005,3,1543.0,748.0,1728.0,992.0,1018.0,849.0,1168.0,1058.0,463.0,756.0,624.0,950.0
28012,15:33.500,15:33.505,3,1615.0,759.0,1801.0,1012.0,1097.0,851.0,1250.0,1063.0,569.0,758.0,725.0,947.0
28027,15:34.000,15:34.007,3,1680.0,774.0,1870.0,1025.0,1166.0,871.0,1319.0,1079.0,639.0,758.0,797.0,956.0
28042,15:34.500,15:34.507,3,1754.0,779.0,1952.0,1035.0,1229.0,883.0,1382.0,1092.0,777.0,765.0,927.0,951.0
28057,15:35.000,15:35.007,3,1742.0,736.0,1941.0,990.0,1221.0,858.0,1374.0,1070.0,730.0,757.0,876.0,940.0
28072,15:35.500,15:35.507,3,1719.0,695.0,1914.0,944.0,1191.0,795.0,1342.0,1005.0,663.0,679.0,812.0,869.0
28088,15:36.000,15:36.032,3,1578.0,689.0,1768.0,936.0,1046.0,811.0,1205.0,1025.0,487.0,716.0,655.0,919.0
28103,15:36.500,15:36.532,3,880.0,838.0,1053.0,1074.0,1431.0,664.0,1623.0,918.0,232.0,779.0,434.0,1016.0
28118,15:37.000,15:37.032,3,709.0,770.0,884.0,1005.0,32.0,701.0,256.0,939.0,1266.0,625.0,1447.0,879.0
28133,15:37.500,15:37.532,3,1296.0,660.0,1466.0,893.0,788.0,792.0,947.0,1010.0,181.0,724.0,374.0,941.0
28148,15:38.000,15:38.033,3,935.0,911.0,1092.0,1130.0,1458.0,794.0,1638.0,1029.0,396.0,832.0,570.0,1034.0
28162,15:38.500,15:38.500,3,1126.0,905.0,1283.0,1122.0,1686.0,811.0,1884.0,1071.0,629.0,788.0,788.0,989.0
28177,15:39.000,15:39.000,3,1315.0,792.0,1491.0,1035.0,766.0,882.0,930.0,1106.0,159.0,749.0,359.0,971.0
28192,15:39.500,15:39.500,3,601.0,949.0,780.0,1189.0,1173.0,817.0,1345.0,1057.0,-83.0,851.0,118.0,1105.0
28207,15:40.000,15:40.000,3,1185.0,842.0,1363.0,1092.0,615.0,979.0,795.0,1220.0,-89.0,891.0,117.0,1129.0
28222,15:40.500,15:40.500,3,627.0,964.0,807.0,1204.0,1200.0,835.0,1377.0,1078.0,-86.0,884.0,123.0,1121.0
28237,15:41.000,15:41.000,3,619.0,946.0,798.0,1187.0,1188.0,813.0,1366.0,1053.0,-85.0,876.0,113.0,1114.0
28252,15:41.500,15:41.500,3,619.0,958.0,798.0,1201.0,1187.0,820.0,1366.0,1059.0,-84.0,880.0,124.0,1123.0
28267,15:42.000,15:42.000,3,741.0,952.0,914.0,1191.0,79.0,869.0,288.0,1100.0,1291.0,823.0,1473.0,1069.0
28282,15:42.500,15:42.502,3,1396.0,828.0,1584.0,1087.0,913.0,963.0,1078.0,1193.0,330.0,886.0,509.0,1098.0
28297,15:43.000,15:43.002,3,1302.0,804.0,1491.0,1046.0,882.0,931.0,1045.0,1155.0,284.0,852.0,467.0,1068.0
28312,15:43.500,15:43.502,3,1277.0,845.0,1459.0,1101.0,804.0,993.0,975.0,1223.0,167.0,909.0,367.0,1134.0
28327,15:44.000,15:44.002,3,38.0,911.0,257.0,1140.0,717.0,989.0,891.0,1230.0,1283.0,831.0,1451.0,1075.0
28342,15:44.500,15:44.502,3,690.0,1008.0,866.0,1251.0,4.0,946.0,220.0,1175.0,1299.0,840.0,1460.0,1078.0
28357,15:45.000,15:45.002,3,27.0,899.0,247.0,1138.0,709.0,978.0,884.0,1220.0,1262.0,813.0,1432.0,1050.0
28372,15:45.500,15:45.502,3,28.0,901.0,248.0,1139.0,1245.0,813.0,1418.0,1045.0,712.0,979.0,886.0,1222.0
28387,15:46.000,15:46.002,3,675.0,949.0,850.0,1191.0,1242.0,791.0,1410.0,1032.0,-6.0,877.0,202.0,1111.0
28402,15:46.500,15:46.503,3,630.0,948.0,808.0,1189.0,1210.0,781.0,1381.0,1014.0,-62.0,878.0,139.0,1119.0
28417,15:47.000,15:47.003,3,624.0,966.0,804.0,1208.0,1185.0,790.0,1355.0,1031.0,-78.0,897.0,129.0,1138.0
28432,15:47.500,15:47.503,3,634.0,945.0,812.0,1186.0,1139.0,764.0,1308.0,994.0,-55.0,871.0,146.0,1108.0
28447,15:48.000,15:48.003,3,642.0,931.0,820.0,1174.0,1138.0,743.0,1309.0,980.0,-43.0,857.0,159.0,1099.0
28462,15:48.500,15:48.503,3,643.0,930.0,821.0,1173.0,1158.0,734.0,1323.0,969.0,-37.0,860.0,163.0,1099.0
28477,15:49.000,15:49.003,3,644.0,942.0,823.0,1184.0,1154.0,754.0,1324.0,978.0,-34.0,867.0,172.0,1109.0
28492,15:49.500,15:49.503,3,641.0,948.0,819.0,1191.0,1165.0,769.0,1337.0,1002.0,-60.0,881.0,147.0,1119.0
28507,15:50.000,15:50.003,3,633.0,937.0,813.0,1179.0,1180.0,767.0,1354.0,1004.0,-88.0,866.0,120.0,1107.0
28522,15:50.500,15:50.505,3,659.0,941.0,836.0,1178.0,1208.0,769.0,1381.0,1005.0,-76.0,863.0,131.0,1095.0
28537,15:51.000,15:51.005,3,655.0,940.0,832.0,1179.0,1186.0,757.0,1359.0,990.0,-78.0,853.0,145.0,1095.0
28552,15:51.500,15:51.505,3,692.0,929.0,866.0,1164.0,1187.0,740.0,1358.0,974.0,8.0,871.0,221.0,1089.0
28567,15:52.000,15:52.005,3,1584.0,718.0,1767.0,963.0,1145.0,915.0,1303.0,1137.0,612.0,838.0,774.0,1026.0
28582,15:52.500,15:52.505,3,1295.0,910.0,1456.0,1135.0,1770.0,737.0,1964.0,984.0,788.0,817.0,935.0,1000.0
28597,15:53.000,15:53.005,3,1673.0,715.0,1859.0,960.0,1194.0,903.0,1352.0,1125.0,666.0,811.0,824.0,1001.0
28612,15:53.500,15:53.505,3,1632.0,714.0,1818.0,963.0,1152.0,897.0,1313.0,1120.0,615.0,808.0,776.0,1002.0
28627,15:54.000,15:54.005,3,1580.0,714.0,1767.0,959.0,1103.0,897.0,1263.0,1121.0,558.0,824.0,721.0,1012.0
28642,15:54.500,15:54.505,3,1510.0,717.0,1686.0,959.0,1032.0,913.0,1193.0,1137.0,472.0,825.0,642.0,1031.0
28657,15:55.000,15:55.007,3,1033.0,888.0,1191.0,1103.0,1494.0,681.0,1665.0,917.0,499.0,789.0,666.0,1000.0
28672,15:55.500,15:55.507,3,1526.0,692.0,1700.0,920.0,1074.0,889.0,1228.0,1105.0,552.0,801.0,712.0,1002.0
28688,15:56.000,15:56.032,3,1768.0,680.0,1958.0,920.0,1313.0,906.0,1467.0,1124.0,815.0,854.0,961.0,1044.0
28703,15:56.500,15:56.532,3,1776.0,773.0,1971.0,1016.0,1345.0,962.0,1505.0,1183.0,860.0,885.0,1006.0,1074.0
28718,15:57.000,15:57.032,3,1426.0,962.0,1588.0,1186.0,1860.0,809.0,2055.0,1053.0,935.0,865.0,1077.0,1049.0
28733,15:57.500,15:57.532,3,1895.0,813.0,2087.0,1064.0,1447.0,995.0,1612.0,1221.0,941.0,923.0,1083.0,1105.0
28748,15:58.000,15:58.032,3,1342.0,1000.0,1505.0,1223.0,1797.0,796.0,1982.0,1032.0,839.0,953.0,990.0,1145.0
28763,15:58.500,15:58.532,3,968.0,1016.0,1126.0,1238.0,1425.0,806.0,1584.0,1026.0,390.0,983.0,566.0,1193.0
28777,15:59.000,15:59.000,3,218.0,1076.0,415.0,1302.0,1316.0,782.0,1474.0,1008.0,850.0,1048.0,1014.0,1275.0
28792,15:59.500,15:59.500,3,762.0,1028.0,930.0,1253.0,1219.0,771.0,1378.0,995.0,131.0,1047.0,334.0,1273.0
28807,16:00.000,16:00.000,3,773.0,1042.0,940.0,1267.0,140.0,1059.0,342.0,1282.0,1224.0,792.0,1382.0,1015.0
28822,16:00.500,16:00.500,3,164.0,1063.0,364.0,1285.0,788.0,1044.0,953.0,1271.0,1237.0,797.0,1394.0,1016.0
28837,16:01.000,16:01.000,3,805.0,1026.0,971.0,1252.0,189.0,1021.0,387.0,1252.0,1257.0,793.0,1413.0,1013.0
28852,16:01.500,16:01.500,3,734.0,1035.0,904.0,1263.0,1182.0,781.0,1340.0,1002.0,85.0,1064.0,293.0,1300.0
28867,16:02.000,16:02.000,3,127.0,1019.0,332.0,1268.0,760.0,1007.0,927.0,1236.0,1204.0,754.0,1362.0,972.0
28882,16:02.500,16:02.500,3,1473.0,706.0,1638.0,935.0,492.0,935.0,660.0,1148.0,1035.0,945.0,1195.0,1165.0
28897,16:03.000,16:03.002,3,1630.0,718.0,1808.0,957.0,1171.0,934.0,1328.0,1156.0,658.0,902.0,815.0,1094.0
28912,16:03.500,16:03.502,3,1700.0,740.0,1884.0,978.0,1226.0,939.0,1382.0,1158.0,728.0,877.0,877.0,1074.0
28927,16:04.000,16:04.002,3,1592.0,750.0,1766.0,981.0,1121.0,921.0,1274.0,1134.0,616.0,833.0,775.0,1032.0
28942,16:04.500,16:04.502,3,1399.0,742.0,1561.0,968.0,947.0,919.0,1103.0,1139.0,410.0,850.0,584.0,1060.0
28957,16:05.000,16:05.002,3,1476.0,694.0,1637.0,920.0,1025.0,885.0,1180.0,1094.0,531.0,807.0,693.0,1012.0
28972,16:05.500,16:05.502,3,1755.0,854.0,1937.0,1098.0,1266.0,1045.0,1424.0,1263.0,784.0,949.0,931.0,1142.0
28987,16:06.000,16:06.002,3,1364.0,614.0,1524.0,838.0,907.0,794.0,1062.0,999.0,348.0,681.0,524.0,890.0
29002,16:06.500,16:06.502,3,1211.0,660.0,1366.0,881.0,142.0,735.0,339.0,948.0,745.0,834.0,905.0,1043.0
29017,16:07.000,16:07.002,3,191.0,761.0,380.0,977.0,1227.0,670.0,1386.0,893.0,772.0,860.0,930.0,1068.0
29032,16:07.500,16:07.503,3,1273.0,683.0,1429.0,904.0,252.0,749.0,436.0,968.0,815.0,851.0,971.0,1067.0
29047,16:08.000,16:08.003,3,1206.0,705.0,1363.0,931.0,164.0,772.0,357.0,986.0,743.0,875.0,904.0,1087.0
29062,16:08.500,16:08.503,3,51.0,749.0,257.0,972.0,673.0,856.0,838.0,1073.0,1144.0,695.0,1299.0,918.0
29077,16:09.000,16:09.003,2,530.0,828.0,704.0,1054.0,1019.0,660.0,1172.0,880.0,,,,
29092,16:09.500,16:09.503,2,1005.0,645.0,1160.0,876.0,510.0,802.0,685.0,1029.0,,,,
29107,16:10.000,16:10.003,2,1013.0,663.0,1166.0,909.0,539.0,825.0,712.0,1052.0,,,,
29122,16:10.500,16:10.503,3,1065.0,657.0,1215.0,894.0,584.0,801.0,752.0,1026.0,-51.0,680.0,146.0,907.0
29137,16:11.000,16:11.003,3,610.0,886.0,779.0,1111.0,1091.0,728.0,1243.0,945.0,-36.0,771.0,166.0,999.0
29152,16:11.500,16:11.505,3,1214.0,676.0,1369.0,894.0,755.0,856.0,916.0,1071.0,145.0,776.0,339.0,989.0
29167,16:12.000,16:12.005,3,1328.0,681.0,1481.0,900.0,865.0,843.0,1019.0,1056.0,307.0,751.0,482.0,952.0
29182,16:12.500,16:12.505,3,1342.0,709.0,1499.0,927.0,879.0,884.0,1033.0,1097.0,341.0,798.0,514.0,1005.0
29197,16:13.000,16:13.005,3,1400.0,697.0,1558.0,915.0,925.0,855.0,1078.0,1065.0,432.0,762.0,602.0,962.0
29212,16:13.500,16:13.505,3,1383.0,707.0,1539.0,926.0,413.0,790.0,585.0,981.0,913.0,877.0,1065.0,1081.0
29227,16:14.000,16:14.005,3,1359.0,674.0,1517.0,892.0,892.0,846.0,1044.0,1055.0,370.0,776.0,546.0,969.0
29242,16:14.500,16:14.505,3,1370.0,677.0,1525.0,896.0,900.0,846.0,1051.0,1057.0,402.0,785.0,575.0,971.0
29258,16:15.000,16:15.030,3,1421.0,697.0,1578.0,914.0,435.0,784.0,607.0,981.0,952.0,872.0,1102.0,1076.0
29273,16:15.500,16:15.532,3,1495.0,655.0,1655.0,877.0,1021.0,824.0,1170.0,1029.0,537.0,730.0,699.0,915.0
29288,16:16.000,16:16.032,3,1430.0,668.0,1585.0,885.0,960.0,827.0,1110.0,1037.0,455.0,729.0,621.0,924.0
29303,16:16.500,16:16.532,3,1466.0,659.0,1627.0,880.0,997.0,815.0,1147.0,1024.0,482.0,702.0,645.0,899.0
29318,16:17.000,16:17.032,3,1690.0,643.0,1866.0,877.0,1200.0,800.0,1349.0,1010.0,763.0,674.0,911.0,861.0
29333,16:17.500,16:17.532,3,1717.0,643.0,1893.0,876.0,1220.0,798.0,1370.0,1007.0,809.0,679.0,955.0,860.0
29348,16:18.000,16:18.032,3,1832.0,681.0,2025.0,922.0,1322.0,838.0,1472.0,1051.0,890.0,729.0,1032.0,912.0
29363,16:18.500,16:18.532,3,1990.0,712.0,2200.0,964.0,1446.0,872.0,1603.0,1083.0,947.0,793.0,1084.0,968.0
29378,16:19.000,16:19.032,3,1868.0,698.0,2062.0,946.0,1360.0,871.0,1512.0,1077.0,880.0,788.0,1019.0,964.0
29393,16:19.500,16:19.532,3,1799.0,685.0,1983.0,924.0,1302.0,854.0,1456.0,1064.0,841.0,764.0,983.0,944.0
29407,16:20.000,16:20.000,3,1788.0,680.0,1974.0,917.0,1284.0,845.0,1432.0,1047.0,775.0,812.0,903.0,951.0
29422,16:20.500,16:20.500,3,1782.0,656.0,1964.0,891.0,1290.0,846.0,1440.0,1048.0,728.0,823.0,850.0,973.0
29437,16:21.000,16:21.000,2,1736.0,665.0,1919.0,899.0,1254.0,840.0,1403.0,1047.0,,,,
29452,16:21.500,16:21.500,2,1676.0,668.0,1853.0,896.0,1199.0,842.0,1349.0,1048.0,,,,
29467,16:22.000,16:22.000,3,1624.0,634.0,1797.0,862.0,1161.0,816.0,1310.0,1022.0,658.0,754.0,811.0,935.0
29482,16:22.500,16:22.500,3,1587.0,641.0,1758.0,866.0,1131.0,813.0,1279.0,1018.0,723.0,693.0,879.0,883.0
29497,16:23.000,16:23.000,3,1615.0,643.0,1787.0,870.0,1156.0,816.0,1307.0,1022.0,763.0,696.0,913.0,889.0
29512,16:23.500,16:23.500,3,1654.0,661.0,1824.0,888.0,1175.0,810.0,1326.0,1016.0,799.0,684.0,952.0,869.0
29527,16:24.000,16:24.002,3,1619.0,624.0,1791.0,851.0,1149.0,786.0,1298.0,991.0,766.0,677.0,924.0,858.0
29542,16:24.500,16:24.502,3,1629.0,608.0,1804.0,840.0,1166.0,781.0,1315.0,982.0,775.0,673.0,928.0,850.0
29557,16:25.000,16:25.002,3,1600.0,548.0,1772.0,778.0,1142.0,733.0,1291.0,937.0,743.0,615.0,899.0,795.0
29572,16:25.500,16:25.502,3,817.0,925.0,979.0,1145.0,1267.0,716.0,1421.0,932.0,354.0,823.0,542.0,1023.0
29587,16:26.000,16:26.002,3,833.0,898.0,995.0,1122.0,1301.0,720.0,1458.0,943.0,383.0,768.0,572.0,981.0
29602,16:26.500,16:26.502,3,1435.0,707.0,1593.0,931.0,982.0,873.0,1139.0,1090.0,549.0,772.0,718.0,967.0
29617,16:27.000,16:27.002,3,1005.0,875.0,1161.0,1088.0,1444.0,698.0,1601.0,921.0,513.0,802.0,682.0,997.0
29632,16:27.500,16:27.502,3,1609.0,683.0,1777.0,906.0,1134.0,821.0,1286.0,1027.0,643.0,743.0,802.0,932.0
29647,16:28.000,16:28.002,3,1115.0,833.0,1270.0,1045.0,1607.0,711.0,1778.0,937.0,625.0,762.0,787.0,952.0
29662,16:28.500,16:28.503,3,1492.0,661.0,1658.0,891.0,1027.0,828.0,1181.0,1043.0,520.0,769.0,686.0,960.0
29677,16:29.000,16:29.003,3,990.0,828.0,1145.0,1042.0,1469.0,649.0,1633.0,876.0,480.0,765.0,650.0,962.0
29692,16:29.500,16:29.503,3,956.0,826.0,1113.0,1041.0,435.0,767.0,610.0,965.0,1437.0,642.0,1595.0,865.0
29707,16:30.000,16:30.003,3,1417.0,638.0,1575.0,858.0,972.0,810.0,1127.0,1027.0,450.0,752.0,623.0,946.0
29722,16:30.500,16:30.503,3,1010.0,802.0,1165.0,1015.0,1459.0,628.0,1621.0,849.0,495.0,735.0,668.0,931.0
29737,16:31.000,16:31.003,3,1036.0,797.0,1191.0,1010.0,1491.0,618.0,1653.0,842.0,528.0,731.0,696.0,923.0
29752,16:31.500,16:31.503,3,1478.0,614.0,1646.0,841.0,1017.0,801.0,1171.0,1013.0,498.0,732.0,672.0,926.0
29767,16:32.000,16:32.003,3,1471.0,604.0,1635.0,814.0,1004.0,805.0,1159.0,1017.0,485.0,743.0,654.0,938.0
29782,16:32.500,16:32.505,3,1432.0,609.0,1586.0,830.0,1000.0,803.0,1155.0,1015.0,487.0,744.0,654.0,941.0
29797,16:33.000,16:33.005,3,996.0,798.0,1152.0,1013.0,1471.0,637.0,1644.0,869.0,493.0,738.0,660.0,941.0
29812,16:33.500,16:33.505,3,1449.0,605.0,1618.0,827.0,991.0,799.0,1147.0,1013.0,494.0,741.0,663.0,942.0
29827,16:34.000,16:34.005,3,983.0,799.0,1138.0,1015.0,1427.0,630.0,1589.0,851.0,493.0,741.0,660.0,944.0
29843,16:34.500,16:34.530,3,1425.0,609.0,1596.0,843.0,975.0,793.0,1131.0,1010.0,484.0,735.0,651.0,942.0
29858,16:35.000,16:35.030,3,1431.0,551.0,1632.0,831.0,976.0,797.0,1133.0,1014.0,486.0,744.0,654.0,946.0
29873,16:35.500,16:35.530,3,1488.0,628.0,1698.0,922.0,939.0,793.0,1095.0,1006.0,415.0,743.0,593.0,945.0
29888,16:36.000,16:36.030,3,1688.0,763.0,1858.0,1014.0,1008.0,775.0,1161.0,985.0,530.0,613.0,697.0,810.0
29903,16:36.500,16:36.532,2,1565.0,902.0,1734.0,1127.0,1139.0,723.0,1279.0,894.0,,,,
29918,16:37.000,16:37.032,3,2067.0,734.0,2296.0,997.0,1474.0,862.0,1636.0,1080.0,1031.0,727.0,1172.0,906.0
29933,16:37.500,16:37.532,3,1704.0,542.0,1885.0,784.0,1234.0,788.0,1389.0,1003.0,767.0,718.0,922.0,904.0
29948,16:38.000,16:38.032,3,1015.0,810.0,1169.0,1019.0,1372.0,512.0,1516.0,700.0,555.0,816.0,714.0,982.0
29963,16:38.500,16:38.532,3,1037.0,799.0,1190.0,1011.0,1436.0,523.0,1590.0,720.0,557.0,844.0,706.0,972.0
29978,16:39.000,16:39.032,3,1060.0,794.0,1217.0,1007.0,1529.0,556.0,1692.0,781.0,568.0,785.0,727.0,957.0
29993,16:39.500,16:39.532,3,1060.0,787.0,1216.0,1000.0,1554.0,568.0,1725.0,806.0,559.0,739.0,726.0,936.0
30008,16:40.000,16:40.032,3,1031.0,786.0,1187.0,1000.0,1529.0,582.0,1702.0,815.0,530.0,734.0,700.0,930.0
30023,16:40.500,16:40.532,3,1514.0,589.0,1688.0,827.0,1019.0,797.0,1173.0,1012.0,516.0,746.0,685.0,940.0
30037,16:41.000,16:41.000,3,1587.0,620.0,1760.0,852.0,1078.0,814.0,1234.0,1028.0,590.0,750.0,752.0,943.0
30052,16:41.500,16:41.500,3,1186.0,828.0,1343.0,1043.0,1713.0,632.0,1893.0,871.0,720.0,762.0,873.0,949.0
30067,16:42.000,16:42.000,3,1776.0,670.0,1953.0,916.0,1230.0,868.0,1387.0,1084.0,764.0,793.0,918.0,987.0
30082,16:42.500,16:42.500,3,1595.0,698.0,1766.0,929.0,1094.0,903.0,1251.0,1118.0,604.0,850.0,766.0,1051.0
30097,16:43.000,16:43.000,3,1427.0,678.0,1590.0,902.0,954.0,892.0,1110.0,1106.0,432.0,842.0,609.0,1054.0
30112,16:43.500,16:43.500,3,1435.0,670.0,1593.0,892.0,430.0,828.0,602.0,1030.0,948.0,877.0,1105.0,1087.0
30127,16:44.000,16:44.000,3,1441.0,679.0,1601.0,899.0,421.0,810.0,596.0,1015.0,940.0,865.0,1096.0,1078.0
30142,16:44.500,16:44.500,3,777.0,842.0,939.0,1061.0,214.0,782.0,405.0,996.0,1287.0,670.0,1443.0,891.0
30157,16:45.000,16:45.002,3,703.0,835.0,871.0,1064.0,97.0,782.0,305.0,1005.0,1213.0,654.0,1372.0,873.0
30172,16:45.500,16:45.502,3,710.0,829.0,878.0,1057.0,103.0,765.0,314.0,986.0,1217.0,652.0,1379.0,879.0
30187,16:46.000,16:46.002,3,692.0,790.0,858.0,1013.0,0.0,729.0,212.0,948.0,1214.0,604.0,1379.0,849.0
30202,16:46.500,16:46.502,3,1745.0,704.0,1931.0,970.0,1210.0,907.0,1366.0,1125.0,581.0,885.0,733.0,1069.0
30217,16:47.000,16:47.002,3,1530.0,921.0,1697.0,1145.0,2165.0,742.0,2401.0,1024.0,933.0,865.0,1068.0,1038.0
30232,16:47.500,16:47.502,3,2022.0,736.0,2241.0,1018.0,1454.0,912.0,1617.0,1137.0,919.0,843.0,1062.0,1028.0
30247,16:48.000,16:48.002,3,869.0,941.0,1035.0,1173.0,300.0,847.0,515.0,1085.0,1371.0,854.0,1522.0,1070.0
30262,16:48.500,16:48.502,3,569.0,798.0,766.0,1034.0,1022.0,892.0,1180.0,1115.0,1529.0,796.0,1684.0,1015.0
30277,16:49.000,16:49.003,3,503.0,770.0,705.0,1005.0,952.0,878.0,1116.0,1100.0,1457.0,775.0,1611.0,989.0
30292,16:49.500,16:49.503,3,475.0,788.0,676.0,1013.0,948.0,877.0,1110.0,1104.0,1432.0,780.0,1581.0,1000.0
30307,16:50.000,16:50.003,3,471.0,776.0,675.0,1015.0,972.0,878.0,1136.0,1103.0,1442.0,775.0,1594.0,996.0
30322,16:50.500,16:50.503,3,1779.0,733.0,1956.0,969.0,1272.0,829.0,1434.0,1047.0,811.0,742.0,988.0,950.0
30337,16:51.000,16:51.003,3,1472.0,836.0,1639.0,1068.0,2047.0,775.0,2245.0,1029.0,985.0,736.0,1156.0,936.0
30352,16:51.500,16:51.503,3,1662.0,811.0,1828.0,1043.0,1142.0,876.0,1304.0,1104.0,645.0,774.0,834.0,991.0
30367,16:52.000,16:52.003,3,1034.0,835.0,1200.0,1073.0,1601.0,781.0,1763.0,1009.0,556.0,712.0,759.0,949.0
30382,16:52.500,16:52.503,3,863.0,947.0,1043.0,1198.0,318.0,847.0,550.0,1103.0,1463.0,841.0,1622.0,1073.0
30397,16:53.000,16:53.003,3,1628.0,895.0,1803.0,1145.0,1060.0,993.0,1241.0,1244.0,529.0,891.0,748.0,1145.0
30412,16:53.500,16:53.505,3,1648.0,954.0,1830.0,1215.0,1108.0,1021.0,1285.0,1272.0,636.0,897.0,848.0,1137.0
30427,16:54.000,16:54.005,3,1863.0,878.0,2060.0,1139.0,1265.0,928.0,1439.0,1175.0,834.0,804.0,1027.0,1032.0
30443,16:54.500,16:54.530,3,794.0,787.0,987.0,1026.0,1204.0,929.0,1373.0,1173.0,1812.0,893.0,2011.0,1157.0
30458,16:55.000,16:55.030,3,693.0,756.0,902.0,1007.0,1200.0,927.0,1369.0,1174.0,1808.0,913.0,2008.0,1176.0
30473,16:55.500,16:55.530,3,609.0,779.0,806.0,1016.0,1184.0,935.0,1357.0,1179.0,1804.0,905.0,1994.0,1165.0
30488,16:56.000,16:56.030,3,1132.0,938.0,1307.0,1180.0,1770.0,862.0,1950.0,1122.0,652.0,811.0,838.0,1034.0
30503,16:56.500,16:56.530,3,1849.0,859.0,2036.0,1106.0,739.0,850.0,919.0,1067.0,1253.0,960.0,1425.0,1201.0
30518,16:57.000,16:57.030,3,1939.0,855.0,2138.0,1109.0,940.0,824.0,1110.0,1039.0,1442.0,943.0,1618.0,1191.0
30533,16:57.500,16:57.532,3,433.0,814.0,637.0,1049.0,1007.0,925.0,1174.0,1152.0,1406.0,851.0,1569.0,1086.0
30548,16:58.000,16:58.032,3,810.0,913.0,983.0,1152.0,156.0,818.0,393.0,1069.0,1305.0,826.0,1458.0,1063.0
30563,16:58.500,16:58.532,3,738.0,944.0,916.0,1186.0,52.0,854.0,305.0,1118.0,1344.0,844.0,1493.0,1070.0
30578,16:59.000,16:59.032,3,875.0,952.0,1047.0,1188.0,1419.0,843.0,1572.0,1066.0,277.0,854.0,499.0,1103.0
30593,16:59.500,16:59.532,3,1695.0,876.0,1877.0,1124.0,1302.0,981.0,1472.0,1218.0,798.0,881.0,974.0,1098.0
30608,17:00.000,17:00.032,3,1364.0,973.0,1537.0,1207.0,1814.0,863.0,2006.0,1122.0,862.0,877.0,1042.0,1091.0
30623,17:00.500,17:00.532,3,1407.0,962.0,1580.0,1203.0,2052.0,871.0,2262.0,1136.0,917.0,874.0,1090.0,1082.0
30638,17:01.000,17:01.032,3,1305.0,960.0,1476.0,1196.0,2029.0,858.0,2235.0,1122.0,809.0,872.0,990.0,1088.0
30652,17:01.500,17:01.500,3,876.0,952.0,1047.0,1191.0,1506.0,840.0,1670.0,1077.0,287.0,861.0,511.0,1106.0
30667,17:02.000,17:02.000,3,848.0,946.0,1023.0,1185.0,250.0,865.0,479.0,1113.0,1435.0,819.0,1596.0,1048.0
30682,17:02.500,17:02.500,3,869.0,944.0,1043.0,1182.0,277.0,867.0,506.0,1111.0,1408.0,819.0,1572.0,1048.0
30697,17:03.000,17:03.000,3,312.0,836.0,535.0,1084.0,904.0,937.0,1078.0,1178.0,1429.0,820.0,1593.0,1055.0
30712,17:03.500,17:03.500,3,1115.0,951.0,1284.0,1186.0,579.0,895.0,778.0,1126.0,1665.0,821.0,1838.0,1067.0
30727,17:04.000,17:04.000,3,614.0,871.0,812.0,1109.0,1157.0,965.0,1328.0,1206.0,1713.0,860.0,1899.0,1110.0
30742,17:04.500,17:04.500,3,1765.0,821.0,1949.0,1069.0,647.0,828.0,839.0,1053.0,1195.0,921.0,1364.0,1161.0
30757,17:05.000,17:05.000,3,1087.0,888.0,1256.0,1126.0,516.0,789.0,716.0,1019.0,1615.0,791.0,1782.0,1033.0
30772,17:05.500,17:05.500,3,966.0,898.0,1137.0,1134.0,378.0,806.0,593.0,1044.0,1469.0,794.0,1630.0,1029.0
30787,17:06.000,17:06.002,3,1032.0,892.0,1201.0,1127.0,453.0,813.0,659.0,1041.0,1571.0,780.0,1745.0,1023.0
30802,17:06.500,17:06.502,3,1461.0,888.0,1638.0,1126.0,2093.0,778.0,2317.0,1062.0,920.0,798.0,1093.0,1009.0
30817,17:07.000,17:07.002,3,1674.0,775.0,1848.0,1017.0,554.0,769.0,750.0,993.0,1124.0,870.0,1291.0,1096.0
30832,17:07.500,17:07.502,3,629.0,886.0,815.0,1134.0,1189.0,782.0,1342.0,1007.0,-104.0,813.0,139.0,1082.0
30847,17:08.000,17:08.002,2,577.0,890.0,769.0,1140.0,1140.0,766.0,1297.0,995.0,,,,
30862,17:08.500,17:08.502,3,240.0,754.0,468.0,996.0,886.0,827.0,1059.0,1062.0,1421.0,700.0,1578.0,940.0
30877,17:09.000,17:09.002,3,404.0,727.0,614.0,964.0,1005.0,817.0,1173.0,1050.0,1548.0,694.0,1713.0,933.0
30892,17:09.500,17:09.502,3,429.0,720.0,639.0,962.0,1023.0,814.0,1192.0,1049.0,1568.0,696.0,1734.0,941.0
30907,17:10.000,17:10.003,3,1052.0,813.0,1217.0,1045.0,436.0,728.0,642.0,962.0,1603.0,725.0,1773.0,960.0
30922,17:10.500,17:10.503,3,455.0,756.0,657.0,982.0,1056.0,834.0,1224.0,1067.0,1625.0,734.0,1800.0,978.0
30937,17:11.000,17:11.003,3,479.0,755.0,681.0,985.0,1067.0,833.0,1234.0,1065.0,1635.0,711.0,1808.0,960.0
30952,17:11.500,17:11.503,3,1088.0,836.0,1257.0,1070.0,1651.0,710.0,1825.0,955.0,509.0,739.0,706.0,969.0
30967,17:12.000,17:12.003,3,1085.0,839.0,1255.0,1075.0,1648.0,717.0,1820.0,960.0,506.0,737.0,701.0,964.0
30982,17:12.500,17:12.503,3,1089.0,834.0,1259.0,1073.0,507.0,765.0,705.0,989.0,1648.0,718.0,1822.0,967.0
30997,17:13.000,17:13.003,3,552.0,768.0,749.0,997.0,1668.0,737.0,1844.0,991.0,1105.0,850.0,1273.0,1086.0
31012,17:13.500,17:13.503,3,1740.0,725.0,1923.0,979.0,1170.0,836.0,1336.0,1065.0,674.0,747.0,862.0,967.0
31027,17:14.000,17:14.003,3,1751.0,763.0,1933.0,1012.0,1171.0,889.0,1334.0,1108.0,647.0,775.0,834.0,1001.0
31042,17:14.500,17:14.505,3,1752.0,750.0,1934.0,998.0,1185.0,902.0,1350.0,1126.0,664.0,800.0,848.0,1015.0
31058,17:15.000,17:15.030,3,1780.0,788.0,1965.0,1040.0,698.0,790.0,885.0,1017.0,1193.0,900.0,1366.0,1140.0
31073,17:15.500,17:15.530,3,1708.0,803.0,1890.0,1049.0,1124.0,873.0,1291.0,1107.0,625.0,797.0,817.0,1018.0
31088,17:16.000,17:16.030,3,1178.0,903.0,1345.0,1132.0,1763.0,812.0,1947.0,1067.0,685.0,832.0,876.0,1054.0
31103,17:16.500,17:16.530,3,1302.0,1008.0,1473.0,1244.0,1867.0,899.0,2064.0,1163.0,818.0,933.0,998.0,1153.0
31118,17:17.000,17:17.030,3,1502.0,867.0,1665.0,1100.0,504.0,913.0,702.0,1140.0,1012.0,978.0,1176.0,1203.0
31133,17:17.500,17:17.530,3,878.0,905.0,1040.0,1126.0,352.0,843.0,561.0,1075.0,1317.0,803.0,1475.0,1024.0
31148,17:18.000,17:18.030,3,369.0,873.0,574.0,1105.0,1326.0,802.0,1484.0,1025.0,898.0,920.0,1059.0,1142.0
31163,17:18.500,17:18.532,3,1964.0,776.0,2167.0,1035.0,1373.0,899.0,1535.0,1120.0,912.0,838.0,1083.0,1048.0
31178,17:19.000,17:19.032,3,2124.0,825.0,2346.0,1094.0,1447.0,927.0,1615.0,1152.0,1004.0,842.0,1173.0,1047.0
31193,17:19.500,17:19.532,3,1910.0,715.0,2099.0,969.0,1334.0,834.0,1498.0,1057.0,885.0,769.0,1053.0,972.0
31208,17:20.000,17:20.032,3,675.0,760.0,854.0,969.0,1649.0,690.0,1815.0,929.0,1126.0,827.0,1285.0,1043.0
31223,17:20.500,17:20.532,3,1595.0,701.0,1756.0,942.0,1068.0,832.0,1225.0,1051.0,604.0,767.0,789.0,974.0
31238,17:21.000,17:21.032,3,374.0,812.0,578.0,1032.0,1393.0,716.0,1547.0,938.0,886.0,860.0,1047.0,1081.0
31253,17:21.500,17:21.532,3,519.0,822.0,707.0,1035.0,1503.0,720.0,1661.0,943.0,1009.0,872.0,1166.0,1086.0
31268,17:22.000,17:22.032,3,1828.0,791.0,2006.0,1029.0,1250.0,915.0,1411.0,1137.0,797.0,850.0,971.0,1059.0
31282,17:22.500,17:22.500,3,2059.0,813.0,2275.0,1075.0,1434.0,927.0,1599.0,1149.0,982.0,845.0,1152.0,1045.0
31297,17:23.000,17:23.000,3,1915.0,770.0,2105.0,1018.0,1319.0,880.0,1479.0,1101.0,853.0,805.0,1025.0,1008.0
31312,17:23.500,17:23.500,3,1488.0,789.0,1651.0,1016.0,443.0,854.0,642.0,1073.0,955.0,902.0,1114.0,1124.0
31327,17:24.000,17:24.000,3,1231.0,886.0,1392.0,1107.0,1760.0,760.0,1942.0,999.0,738.0,832.0,919.0,1044.0
31342,17:24.500,17:24.500,3,2010.0,768.0,2218.0,1022.0,1431.0,890.0,1594.0,1112.0,953.0,817.0,1120.0,1033.0
31357,17:25.000,17:25.000,3,1463.0,871.0,1630.0,1091.0,2064.0,751.0,2284.0,1012.0,997.0,791.0,1164.0,1001.0
31372,17:25.500,17:25.500,3,1467.0,881.0,1635.0,1102.0,2071.0,763.0,2292.0,1023.0,1004.0,802.0,1169.0,1004.0
31387,17:26.000,17:26.000,3,1472.0,885.0,1638.0,1104.0,2077.0,769.0,2295.0,1033.0,1005.0,811.0,1169.0,1010.0
31402,17:26.500,17:26.500,3,1447.0,893.0,1612.0,1117.0,2042.0,772.0,2254.0,1033.0,984.0,817.0,1154.0,1026.0
31417,17:27.000,17:27.002,3,1487.0,904.0,1654.0,1128.0,2102.0,788.0,2324.0,1055.0,1017.0,833.0,1183.0,1030.0
31432,17:27.500,17:27.502,3,1465.0,895.0,1630.0,1118.0,2078.0,767.0,2292.0,1027.0,1003.0,823.0,1168.0,1025.0
31447,17:28.000,17:28.002,3,1458.0,899.0,1624.0,1122.0,2065.0,774.0,2279.0,1037.0,997.0,831.0,1163.0,1034.0
31462,17:28.500,17:28.502,3,1440.0,906.0,1605.0,1130.0,2035.0,779.0,2239.0,1035.0,971.0,837.0,1140.0,1046.0
31477,17:29.000,17:29.002,3,1349.0,937.0,1512.0,1161.0,1915.0,810.0,2112.0,1062.0,869.0,874.0,1042.0,1080.0
31492,17:29.500,17:29.502,3,518.0,945.0,709.0,1172.0,1032.0,997.0,1194.0,1219.0,1544.0,854.0,1704.0,1080.0
31507,17:30.000,17:30.002,3,1004.0,1036.0,1165.0,1264.0,1512.0,897.0,1675.0,1139.0,490.0,986.0,686.0,1216.0
31522,17:30.500,17:30.502,3,1328.0,1017.0,1493.0,1245.0,1874.0,874.0,2061.0,1126.0,847.0,964.0,1020.0,1184.0
31537,17:31.000,17:31.003,3,1454.0,1010.0,1624.0,1241.0,2036.0,884.0,2244.0,1141.0,979.0,942.0,1150.0,1160.0
31552,17:31.500,17:31.503,3,1155.0,1004.0,1319.0,1230.0,1682.0,876.0,1851.0,1105.0,664.0,950.0,845.0,1169.0
31567,17:32.000,17:32.003,3,653.0,1001.0,831.0,1240.0,2.0,977.0,254.0,1239.0,1176.0,854.0,1322.0,1064.0
31582,17:32.500,17:32.503,3,1126.0,953.0,1286.0,1177.0,619.0,924.0,806.0,1143.0,1627.0,810.0,1792.0,1031.0
31597,17:33.000,17:33.003,3,1348.0,943.0,1512.0,1168.0,1880.0,799.0,2064.0,1045.0,859.0,904.0,1032.0,1110.0
31612,17:33.500,17:33.503,3,1869.0,814.0,2053.0,1053.0,1346.0,951.0,1511.0,1176.0,872.0,905.0,1043.0,1111.0
31627,17:34.000,17:34.003,3,1746.0,812.0,1922.0,1047.0,1244.0,947.0,1404.0,1165.0,757.0,898.0,931.0,1108.0
31643,17:34.500,17:34.528,3,485.0,904.0,683.0,1136.0,1018.0,944.0,1179.0,1168.0,1514.0,800.0,1673.0,1030.0
31658,17:35.000,17:35.030,3,472.0,881.0,677.0,1117.0,1003.0,931.0,1163.0,1152.0,1511.0,795.0,1669.0,1016.0
31673,17:35.500,17:35.530,3,1177.0,970.0,1335.0,1193.0,681.0,904.0,864.0,1123.0,1705.0,862.0,1877.0,1094.0
31688,17:36.000,17:36.030,3,1231.0,959.0,1389.0,1182.0,1772.0,859.0,1944.0,1093.0,746.0,889.0,921.0,1102.0
31703,17:36.500,17:36.530,3,1708.0,778.0,1879.0,1007.0,1183.0,895.0,1340.0,1113.0,687.0,828.0,866.0,1043.0
31718,17:37.000,17:37.030,3,1680.0,767.0,1846.0,993.0,1157.0,887.0,1317.0,1103.0,653.0,809.0,834.0,1021.0
31733,17:37.500,17:37.530,3,553.0,871.0,742.0,1087.0,1591.0,796.0,1751.0,1019.0,1077.0,923.0,1237.0,1143.0
31748,17:38.000,17:38.030,3,477.0,938.0,677.0,1162.0,1013.0,966.0,1173.0,1191.0,1518.0,831.0,1675.0,1051.0
31763,17:38.500,17:38.530,3,967.0,957.0,1129.0,1183.0,436.0,915.0,634.0,1150.0,1469.0,825.0,1626.0,1043.0
31778,17:39.000,17:39.030,3,554.0,842.0,743.0,1060.0,1047.0,906.0,1205.0,1129.0,1536.0,796.0,1690.0,1025.0
31793,17:39.500,17:39.532,3,545.0,824.0,734.0,1041.0,1514.0,764.0,1675.0,987.0,1058.0,870.0,1215.0,1087.0
31808,17:40.000,17:40.032,3,1578.0,736.0,1744.0,966.0,557.0,777.0,750.0,998.0,1101.0,828.0,1258.0,1044.0
31823,17:40.500,17:40.532,3,1775.0,789.0,1947.0,1025.0,1266.0,890.0,1424.0,1109.0,741.0,851.0,918.0,1057.0
31838,17:41.000,17:41.032,3,1770.0,777.0,1947.0,1015.0,1244.0,888.0,1401.0,1106.0,741.0,841.0,920.0,1049.0
31853,17:41.500,17:41.532,3,644.0,822.0,826.0,1030.0,1664.0,746.0,1832.0,980.0,1157.0,862.0,1314.0,1077.0
31868,17:42.000,17:42.032,3,644.0,824.0,824.0,1033.0,1660.0,742.0,1826.0,975.0,1155.0,866.0,1313.0,1080.0
31883,17:42.500,17:42.532,3,637.0,820.0,818.0,1028.0,1152.0,853.0,1310.0,1068.0,1647.0,726.0,1812.0,954.0
31898,17:43.000,17:43.032,3,1648.0,720.0,1814.0,951.0,1154.0,842.0,1310.0,1058.0,641.0,805.0,822.0,1015.0
31912,17:43.500,17:43.500,3,1649.0,725.0,1813.0,953.0,1152.0,845.0,1310.0,1063.0,640.0,810.0,822.0,1019.0
31927,17:44.000,17:44.000,3,529.0,849.0,719.0,1065.0,1061.0,876.0,1218.0,1095.0,1544.0,751.0,1703.0,972.0
31942,17:44.500,17:44.500,3,617.0,820.0,804.0,1038.0,1625.0,758.0,1792.0,985.0,1131.0,873.0,1286.0,1085.0
31957,17:45.000,17:45.000,3,1658.0,775.0,1826.0,1003.0,651.0,841.0,833.0,1054.0,1160.0,888.0,1318.0,1107.0
31972,17:45.500,17:45.500,3,1567.0,788.0,1726.0,1018.0,555.0,842.0,746.0,1062.0,1075.0,902.0,1230.0,1120.0
31987,17:46.000,17:46.000,3,605.0,837.0,792.0,1058.0,1118.0,890.0,1276.0,1107.0,1613.0,770.0,1778.0,996.0
32002,17:46.500,17:46.500,3,1654.0,768.0,1821.0,995.0,637.0,834.0,819.0,1048.0,1150.0,885.0,1308.0,1103.0
32017,17:47.000,17:47.000,3,1166.0,882.0,1324.0,1101.0,1669.0,757.0,1838.0,982.0,656.0,846.0,835.0,1058.0
32032,17:47.500,17:47.502,3,1713.0,698.0,1880.0,926.0,1199.0,828.0,1357.0,1047.0,687.0,794.0,867.0,1004.0
32047,17:48.000,17:48.002,3,1745.0,667.0,1915.0,903.0,724.0,756.0,903.0,961.0,1228.0,799.0,1389.0,1015.0
32062,17:48.500,17:48.502,3,1647.0,758.0,1817.0,988.0,647.0,809.0,833.0,1025.0,1155.0,872.0,1316.0,1090.0
32077,17:49.000,17:49.002,3,1279.0,912.0,1441.0,1139.0,1847.0,809.0,2025.0,1052.0,812.0,842.0,988.0,1062.0
32092,17:49.500,17:49.502,3,1966.0,728.0,2154.0,980.0,866.0,760.0,1041.0,964.0,1341.0,855.0,1503.0,1073.0
32107,17:50.000,17:50.002,3,1906.0,767.0,2097.0,1016.0,1352.0,914.0,1513.0,1130.0,881.0,800.0,1049.0,1004.0
32122,17:50.500,17:50.502,3,524.0,842.0,716.0,1058.0,1521.0,744.0,1682.0,967.0,1062.0,912.0,1222.0,1136.0
32137,17:51.000,17:51.002,3,1808.0,773.0,1987.0,1011.0,822.0,818.0,995.0,1040.0,1302.0,915.0,1462.0,1142.0
32152,17:51.500,17:51.502,3,1703.0,761.0,1875.0,989.0,712.0,813.0,893.0,1032.0,1193.0,894.0,1350.0,1117.0
32167,17:52.000,17:52.003,3,1603.0,709.0,1764.0,928.0,604.0,780.0,793.0,999.0,1102.0,833.0,1262.0,1057.0
32182,17:52.500,17:52.503,3,1080.0,829.0,1238.0,1047.0,1576.0,682.0,1740.0,908.0,577.0,776.0,764.0,992.0
32197,17:53.000,17:53.003,3,1072.0,838.0,1229.0,1059.0,567.0,785.0,758.0,1006.0,1586.0,702.0,1744.0,919.0
32213,17:53.500,17:53.528,3,1601.0,710.0,1763.0,937.0,1119.0,839.0,1278.0,1054.0,634.0,787.0,816.0,1002.0
32228,17:54.000,17:54.028,3,1281.0,860.0,1440.0,1077.0,1801.0,743.0,1981.0,981.0,815.0,800.0,986.0,1008.0
32243,17:54.500,17:54.528,3,667.0,818.0,849.0,1032.0,1143.0,873.0,1301.0,1086.0,1649.0,743.0,1814.0,973.0
32258,17:55.000,17:55.028,3,468.0,818.0,666.0,1044.0,1008.0,861.0,1169.0,1081.0,1477.0,743.0,1637.0,963.0
32273,17:55.500,17:55.528,3,1064.0,851.0,1224.0,1074.0,569.0,801.0,755.0,1016.0,1551.0,745.0,1708.0,967.0
32288,17:56.000,17:56.030,3,1029.0,833.0,1186.0,1049.0,512.0,784.0,703.0,1005.0,1495.0,721.0,1646.0,940.0
32303,17:56.500,17:56.530,3,1585.0,718.0,1750.0,944.0,1093.0,818.0,1252.0,1039.0,581.0,772.0,768.0,989.0
32318,17:57.000,17:57.030,3,1249.0,837.0,1406.0,1054.0,758.0,771.0,933.0,979.0,1810.0,742.0,1994.0,982.0
32333,17:57.500,17:57.530,3,1300.0,848.0,1460.0,1068.0,1872.0,734.0,2062.0,977.0,814.0,787.0,986.0,1002.0
32348,17:58.000,17:58.030,3,525.0,824.0,724.0,1043.0,1069.0,828.0,1228.0,1047.0,1608.0,710.0,1774.0,940.0
32363,17:58.500,17:58.530,3,1088.0,848.0,1248.0,1072.0,1621.0,730.0,1787.0,964.0,563.0,811.0,754.0,1034.0
32378,17:59.000,17:59.030,3,1655.0,717.0,1816.0,944.0,1145.0,837.0,1304.0,1057.0,622.0,807.0,808.0,1018.0
32393,17:59.500,17:59.530,3,1167.0,880.0,1326.0,1101.0,1657.0,735.0,1815.0,955.0,643.0,873.0,827.0,1088.0
32408,18:00.000,18:00.032,3,666.0,881.0,849.0,1092.0,1666.0,717.0,1825.0,939.0,1187.0,875.0,1347.0,1094.0
32423,18:00.500,18:00.532,3,1745.0,727.0,1908.0,953.0,1256.0,882.0,1415.0,1100.0,742.0,869.0,921.0,1076.0
32438,18:01.000,18:01.032,3,1791.0,731.0,1957.0,959.0,1289.0,875.0,1449.0,1095.0,780.0,852.0,955.0,1064.0
32453,18:01.500,18:01.532,3,1287.0,882.0,1448.0,1102.0,1792.0,742.0,1960.0,966.0,778.0,864.0,953.0,1071.0
32468,18:02.000,18:02.032,3,1786.0,727.0,1954.0,954.0,1284.0,868.0,1446.0,1090.0,778.0,850.0,951.0,1057.0
32483,18:02.500,18:02.532,3,1736.0,721.0,1900.0,949.0,732.0,846.0,913.0,1058.0,1246.0,867.0,1402.0,1084.0
32498,18:03.000,18:03.032,3,651.0,858.0,834.0,1069.0,1650.0,728.0,1810.0,949.0,1169.0,871.0,1327.0,1087.0
32513,18:03.500,18:03.532,3,1156.0,855.0,1316.0,1072.0,1638.0,713.0,1795.0,934.0,639.0,844.0,822.0,1055.0
32528,18:04.000,18:04.032,3,1152.0,846.0,1310.0,1064.0,634.0,831.0,820.0,1047.0,1633.0,704.0,1791.0,921.0
32542,18:04.500,18:04.500,3,1153.0,846.0,1312.0,1063.0,636.0,829.0,820.0,1042.0,1633.0,705.0,1791.0,923.0
32557,18:05.000,18:05.000,3,1210.0,897.0,1370.0,1118.0,700.0,889.0,879.0,1098.0,1693.0,750.0,1858.0,967.0
32572,18:05.500,18:05.500,3,1210.0,880.0,1372.0,1103.0,1677.0,742.0,1836.0,961.0,699.0,864.0,879.0,1080.0
32587,18:06.000,18:06.000,3,1119.0,888.0,1278.0,1109.0,594.0,870.0,784.0,1091.0,1574.0,756.0,1726.0,963.0
32602,18:06.500,18:06.500,3,1171.0,897.0,1330.0,1122.0,1649.0,767.0,1804.0,976.0,654.0,873.0,838.0,1096.0
32617,18:07.000,18:07.000,3,1354.0,910.0,1517.0,1135.0,1866.0,794.0,2045.0,1027.0,859.0,883.0,1032.0,1085.0
32632,18:07.500,18:07.500,3,1973.0,846.0,2161.0,1085.0,1457.0,934.0,1627.0,1163.0,966.0,882.0,1132.0,1085.0
32647,18:08.000,18:08.000,3,1395.0,906.0,1558.0,1132.0,1878.0,813.0,2062.0,1049.0,905.0,845.0,1073.0,1059.0
32662,18:08.500,18:08.502,3,1322.0,849.0,1486.0,1073.0,1827.0,746.0,2000.0,972.0,826.0,815.0,1000.0,1016.0
32677,18:09.000,18:09.002,3,1813.0,813.0,1990.0,1042.0,1295.0,895.0,1456.0,1115.0,805.0,824.0,978.0,1035.0
32692,18:09.500,18:09.502,3,1262.0,855.0,1420.0,1072.0,1774.0,763.0,1951.0,993.0,765.0,789.0,941.0,1001.0
32707,18:10.000,18:10.002,3,1784.0,747.0,1957.0,973.0,1262.0,833.0,1417.0,1051.0,774.0,771.0,946.0,968.0
32722,18:10.500,18:10.502,3,1759.0,761.0,1931.0,989.0,1245.0,851.0,1402.0,1067.0,766.0,772.0,938.0,981.0
32737,18:11.000,18:11.002,3,1219.0,846.0,1380.0,1068.0,1723.0,760.0,1889.0,980.0,723.0,773.0,900.0,981.0
32752,18:11.500,18:11.502,3,1274.0,880.0,1435.0,1102.0,1766.0,775.0,1936.0,999.0,778.0,823.0,951.0,1038.0
32767,18:12.000,18:12.002,3,517.0,823.0,705.0,1033.0,1052.0,865.0,1211.0,1084.0,1521.0,756.0,1674.0,967.0
32782,18:12.500,18:12.503,3,538.0,805.0,729.0,1023.0,1067.0,857.0,1224.0,1077.0,1534.0,746.0,1687.0,964.0
32798,18:13.000,18:13.028,3,1134.0,859.0,1291.0,1074.0,628.0,802.0,809.0,1015.0,1601.0,747.0,1755.0,962.0
32813,18:13.500,18:13.528,3,620.0,807.0,805.0,1020.0,1133.0,862.0,1291.0,1078.0,1596.0,742.0,1753.0,978.0
32828,18:14.000,18:14.028,3,1150.0,848.0,1306.0,1069.0,639.0,789.0,823.0,1006.0,1612.0,724.0,1767.0,951.0
32843,18:14.500,18:14.528,3,608.0,756.0,793.0,968.0,1120.0,760.0,1277.0,979.0,1566.0,589.0,1720.0,814.0
32858,18:15.000,18:15.028,3,672.0,755.0,854.0,971.0,1179.0,796.0,1338.0,1015.0,1643.0,653.0,1806.0,885.0
32873,18:15.500,18:15.528,3,1173.0,836.0,1336.0,1061.0,672.0,769.0,854.0,985.0,1646.0,723.0,1809.0,952.0
32888,18:16.000,18:16.028,3,1137.0,843.0,1295.0,1065.0,1606.0,721.0,1764.0,942.0,629.0,785.0,813.0,1001.0
32903,18:16.500,18:16.528,3,654.0,792.0,836.0,1011.0,1157.0,855.0,1317.0,1076.0,1630.0,733.0,1792.0,953.0
32918,18:17.000,18:17.030,3,1221.0,862.0,1380.0,1080.0,1707.0,742.0,1870.0,960.0,728.0,800.0,906.0,1006.0
32933,18:17.500,18:17.530,3,1774.0,733.0,1939.0,956.0,1288.0,860.0,1451.0,1081.0,800.0,801.0,974.0,1009.0
32948,18:18.000,18:18.030,3,1351.0,874.0,1514.0,1100.0,1789.0,761.0,1974.0,978.0,863.0,817.0,1037.0,1024.0
32963,18:18.500,18:18.530,3,1408.0,946.0,1576.0,1178.0,1871.0,844.0,2060.0,1070.0,924.0,883.0,1096.0,1090.0
32978,18:19.000,18:19.030,3,1619.0,938.0,1803.0,1186.0,2226.0,845.0,2439.0,1104.0,1120.0,858.0,1290.0,1064.0
32993,18:19.500,18:19.530,3,1551.0,986.0,1737.0,1238.0,2174.0,877.0,2399.0,1142.0,1052.0,884.0,1225.0,1102.0
33008,18:20.000,18:20.030,3,1358.0,1009.0,1537.0,1254.0,1906.0,931.0,2094.0,1183.0,828.0,865.0,1026.0,1110.0
33023,18:20.500,18:20.530,3,2029.0,900.0,2234.0,1163.0,1458.0,981.0,1643.0,1231.0,927.0,845.0,1108.0,1079.0
33038,18:21.000,18:21.032,3,1016.0,908.0,1192.0,1153.0,1533.0,780.0,1699.0,1016.0,432.0,835.0,649.0,1103.0
33053,18:21.500,18:21.532,3,190.0,873.0,434.0,1138.0,858.0,894.0,1034.0,1144.0,1371.0,756.0,1524.0,980.0
33068,18:22.000,18:22.032,3,741.0,778.0,918.0,1018.0,76.0,716.0,331.0,978.0,1242.0,673.0,1391.0,896.0
33083,18:22.500,18:22.532,3,919.0,800.0,1089.0,1032.0,290.0,747.0,520.0,992.0,1421.0,684.0,1575.0,912.0
33098,18:23.000,18:23.032,3,943.0,779.0,1115.0,1017.0,302.0,748.0,529.0,998.0,1420.0,653.0,1570.0,881.0
33113,18:23.500,18:23.532,3,909.0,784.0,1081.0,1023.0,263.0,746.0,498.0,1005.0,1379.0,660.0,1527.0,882.0
33128,18:24.000,18:24.032,3,921.0,819.0,1092.0,1052.0,312.0,794.0,532.0,1039.0,1385.0,687.0,1530.0,901.0
33143,18:24.500,18:24.532,3,290.0,825.0,518.0,1074.0,906.0,862.0,1073.0,1087.0,1382.0,726.0,1532.0,939.0
33158,18:25.000,18:25.033,3,860.0,886.0,1032.0,1122.0,232.0,865.0,467.0,1117.0,1341.0,765.0,1487.0,970.0
33172,18:25.500,18:25.500,3,244.0,890.0,474.0,1152.0,868.0,919.0,1039.0,1155.0,1350.0,790.0,1498.0,998.0
33187,18:26.000,18:26.000,3,868.0,949.0,1040.0,1186.0,240.0,932.0,471.0,1181.0,1356.0,819.0,1503.0,1031.0
33202,18:26.500,18:26.500,3,183.0,959.0,422.0,1228.0,839.0,978.0,1013.0,1218.0,1331.0,835.0,1478.0,1046.0
33217,18:27.000,18:27.000,3,843.0,995.0,1020.0,1240.0,146.0,994.0,387.0,1257.0,1344.0,854.0,1492.0,1066.0
33232,18:27.500,18:27.500,3,1121.0,1011.0,1287.0,1246.0,1607.0,877.0,1770.0,1097.0,463.0,1030.0,648.0,1258.0
33247,18:28.000,18:28.000,3,1258.0,968.0,1423.0,1196.0,1751.0,833.0,1918.0,1058.0,621.0,969.0,799.0,1186.0
33262,18:28.500,18:28.500,3,1256.0,905.0,1418.0,1131.0,1738.0,778.0,1904.0,1003.0,679.0,858.0,859.0,1074.0
33277,18:29.000,18:29.000,3,1557.0,1094.0,1738.0,1333.0,2143.0,981.0,2356.0,1245.0,1001.0,981.0,1173.0,1185.0
33292,18:29.500,18:29.502,2,1750.0,1067.0,1946.0,1303.0,1189.0,919.0,1364.0,1138.0,,,,
33307,18:30.000,18:30.002,3,1610.0,1019.0,1793.0,1262.0,1078.0,917.0,1251.0,1133.0,2230.0,896.0,2464.0,1175.0
33322,18:30.500,18:30.502,3,347.0,934.0,563.0,1172.0,928.0,1027.0,1097.0,1264.0,1431.0,903.0,1583.0,1122.0
33337,18:31.000,18:31.002,3,229.0,955.0,460.0,1197.0,844.0,1045.0,1017.0,1285.0,1344.0,914.0,1492.0,1131.0
33352,18:31.500,18:31.502,3,342.0,936.0,559.0,1179.0,951.0,1057.0,1121.0,1293.0,1441.0,939.0,1591.0,1152.0
33367,18:32.000,18:32.002,3,1094.0,984.0,1259.0,1218.0,555.0,856.0,746.0,1079.0,1593.0,889.0,1748.0,1106.0
33382,18:32.500,18:32.502,3,1401.0,1018.0,1573.0,1253.0,1970.0,972.0,2164.0,1220.0,901.0,867.0,1068.0,1068.0
33397,18:33.000,18:33.002,3,1595.0,1194.0,1762.0,1442.0,523.0,1037.0,718.0,1283.0,1072.0,1243.0,1240.0,1487.0
33413,18:33.500,18:33.528,3,866.0,1229.0,1041.0,1479.0,292.0,1011.0,513.0,1254.0,1388.0,1220.0,1547.0,1464.0
33428,18:34.000,18:34.028,3,829.0,1094.0,1000.0,1334.0,219.0,955.0,445.0,1197.0,1343.0,1053.0,1499.0,1283.0
33443,18:34.500,18:34.528,3,192.0,951.0,423.0,1203.0,821.0,1067.0,993.0,1306.0,1319.0,995.0,1470.0,1224.0
33458,18:35.000,18:35.028,3,408.0,894.0,615.0,1142.0,967.0,1044.0,1133.0,1280.0,1456.0,1008.0,1620.0,1244.0
33473,18:35.500,18:35.528,3,909.0,950.0,1071.0,1174.0,353.0,780.0,565.0,1014.0,1405.0,941.0,1564.0,1172.0
33488,18:36.000,18:36.028,3,318.0,880.0,535.0,1117.0,911.0,975.0,1074.0,1202.0,1400.0,903.0,1562.0,1136.0
33503,18:36.500,18:36.528,3,638.0,878.0,819.0,1103.0,1151.0,974.0,1310.0,1198.0,1680.0,913.0,1857.0,1159.0
33518,18:37.000,18:37.012,3,1560.0,1029.0,1735.0,1267.0,1073.0,925.0,1240.0,1140.0,2197.0,975.0,2422.0,1253.0
33548,18:37.500,18:37.513,2,1448.0,1194.0,1634.0,1448.0,2067.0,1327.0,2312.0,1530.0,,,,
33578,18:38.000,18:38.013,1,1683.0,1086.0,1879.0,1324.0,,,,,,,,
33608,18:38.500,18:38.513,2,1709.0,1034.0,1901.0,1279.0,1174.0,930.0,1343.0,1145.0,,,,
33638,18:39.000,18:39.013,2,1814.0,1108.0,2018.0,1373.0,1252.0,972.0,1429.0,1201.0,,,,
33668,18:39.500,18:39.513,2,1720.0,1014.0,1916.0,1266.0,1165.0,898.0,1339.0,1126.0,,,,
33698,18:40.000,18:40.013,3,49.0,816.0,304.0,1084.0,1231.0,842.0,1388.0,1072.0,730.0,915.0,907.0,1156.0
33728,18:40.500,18:40.513,2,707.0,899.0,882.0,1138.0,1206.0,846.0,1357.0,1071.0,,,,
33758,18:41.000,18:41.013,3,1838.0,836.0,2015.0,1083.0,820.0,869.0,997.0,1079.0,1336.0,912.0,1500.0,1141.0
33787,18:41.500,18:41.505,2,1337.0,927.0,1514.0,1146.0,1895.0,995.0,2107.0,1255.0,,,,
33817,18:42.000,18:42.015,2,1566.0,943.0,1757.0,1181.0,2205.0,1057.0,2433.0,1339.0,,,,
33847,18:42.500,18:42.515,3,1661.0,1001.0,1846.0,1241.0,1094.0,898.0,1264.0,1106.0,2262.0,921.0,2490.0,1207.0
33877,18:43.000,18:43.015,3,1319.0,687.0,1473.0,924.0,849.0,804.0,1017.0,1030.0,84.0,741.0,334.0,983.0
33907,18:43.500,18:43.515,1,514.0,374.0,702.0,650.0,,,,,,,,
33937,18:44.000,18:44.015,2,590.0,704.0,774.0,947.0,1102.0,584.0,1254.0,820.0,,,,
33967,18:44.500,18:44.515,3,1973.0,698.0,2167.0,959.0,1439.0,779.0,1604.0,998.0,937.0,666.0,1104.0,881.0
33996,18:45.000,18:45.007,1,1784.0,1027.0,1995.0,1271.0,,,,,,,,
34026,18:45.500,18:45.507,1,1799.0,1104.0,2012.0,1338.0,,,,,,,,
34056,18:46.000,18:46.008,3,378.0,998.0,588.0,1238.0,984.0,1048.0,1152.0,1285.0,1447.0,952.0,1607.0,1185.0
34086,18:46.500,18:46.508,3,450.0,894.0,652.0,1129.0,1498.0,891.0,1656.0,1124.0,1030.0,982.0,1194.0,1205.0
34115,18:47.000,18:47.000,3,1761.0,869.0,1936.0,1108.0,1275.0,938.0,1439.0,1161.0,800.0,851.0,982.0,1064.0
34145,18:47.500,18:47.500,3,482.0,866.0,703.0,1100.0,1025.0,913.0,1184.0,1137.0,1499.0,830.0,1652.0,1056.0
34175,18:48.000,18:48.000,3,74.0,922.0,349.0,1200.0,767.0,987.0,938.0,1219.0,1273.0,874.0,1417.0,1089.0
34205,18:48.500,18:48.500,3,188.0,820.0,408.0,1068.0,795.0,945.0,965.0,1179.0,1298.0,842.0,1441.0,1060.0
34235,18:49.000,18:49.008,3,168.0,773.0,395.0,1015.0,803.0,886.0,971.0,1107.0,1292.0,784.0,1438.0,1001.0
34265,18:49.500,18:49.508,3,561.0,770.0,750.0,999.0,1581.0,764.0,1744.0,994.0,1104.0,866.0,1264.0,1082.0
34295,18:50.000,18:50.008,3,1983.0,781.0,2179.0,1037.0,1446.0,883.0,1612.0,1107.0,932.0,796.0,1100.0,1006.0
34325,18:50.500,18:50.510,3,1504.0,893.0,1672.0,1113.0,2060.0,792.0,2275.0,1058.0,984.0,801.0,1151.0,1004.0
34354,18:51.000,18:51.002,3,1945.0,771.0,2134.0,1025.0,1382.0,887.0,1545.0,1102.0,854.0,792.0,1023.0,1002.0
34384,18:51.500,18:51.502,3,1769.0,765.0,1951.0,1011.0,707.0,796.0,884.0,1011.0,1268.0,878.0,1424.0,1093.0
34414,18:52.000,18:52.002,3,1707.0,789.0,1884.0,1026.0,661.0,809.0,840.0,1025.0,1296.0,889.0,1430.0,1105.0
34442,18:52.500,18:52.510,3,1686.0,782.0,1860.0,1027.0,646.0,816.0,826.0,1021.0,1307.0,885.0,1430.0,1096.0
34457,18:53.000,18:53.002,3,592.0,798.0,776.0,1016.0,1642.0,776.0,1808.0,1010.0,1222.0,879.0,1350.0,1089.0
34472,18:53.500,18:53.502,3,595.0,786.0,779.0,1006.0,1675.0,761.0,1838.0,989.0,1135.0,867.0,1296.0,1079.0
34489,18:54.000,18:54.027,3,1816.0,776.0,1995.0,1016.0,735.0,783.0,913.0,1003.0,1252.0,875.0,1412.0,1087.0
34504,18:54.500,18:54.528,3,1630.0,783.0,1799.0,1013.0,1094.0,884.0,1255.0,1103.0,536.0,806.0,725.0,1028.0
34519,18:55.000,18:55.028,3,440.0,781.0,639.0,1012.0,1015.0,846.0,1173.0,1063.0,1541.0,753.0,1698.0,972.0
34534,18:55.500,18:55.528,3,1703.0,775.0,1872.0,1005.0,626.0,784.0,810.0,1003.0,1162.0,860.0,1321.0,1075.0
34549,18:56.000,18:56.028,3,2030.0,803.0,2234.0,1054.0,915.0,775.0,1085.0,981.0,1427.0,868.0,1594.0,1089.0
34564,18:56.500,18:56.528,3,2052.0,814.0,2258.0,1069.0,1439.0,877.0,1606.0,1104.0,905.0,775.0,1068.0,983.0
34579,18:57.000,18:57.028,3,1466.0,870.0,1636.0,1093.0,2102.0,785.0,2316.0,1048.0,943.0,774.0,1109.0,980.0
34594,18:57.500,18:57.528,3,1449.0,870.0,1615.0,1094.0,2092.0,792.0,2306.0,1051.0,933.0,778.0,1101.0,981.0
34609,18:58.000,18:58.028,3,2146.0,812.0,2368.0,1083.0,1489.0,872.0,1658.0,1092.0,959.0,765.0,1123.0,963.0
34624,18:58.500,18:58.530,3,1500.0,869.0,1668.0,1095.0,2152.0,807.0,2378.0,1076.0,974.0,775.0,1141.0,978.0
34639,18:59.000,18:59.030,3,2150.0,810.0,2371.0,1077.0,1494.0,865.0,1661.0,1087.0,975.0,768.0,1144.0,971.0
34654,18:59.500,18:59.530,3,1498.0,834.0,1665.0,1058.0,2154.0,768.0,2369.0,1032.0,989.0,757.0,1157.0,962.0
34669,19:00.000,19:00.030,3,1450.0,905.0,1615.0,1132.0,2105.0,854.0,2314.0,1111.0,943.0,810.0,1109.0,1020.0
34684,19:00.500,19:00.530,3,1457.0,876.0,1627.0,1103.0,948.0,793.0,1114.0,1004.0,2122.0,796.0,2339.0,1058.0
34699,19:01.000,19:01.030,3,1398.0,873.0,1563.0,1093.0,2033.0,802.0,2235.0,1060.0,888.0,795.0,1055.0,999.0
34714,19:01.500,19:01.530,3,1986.0,789.0,2177.0,1040.0,1341.0,868.0,1504.0,1088.0,831.0,795.0,1001.0,1005.0
34729,19:02.000,19:02.030,3,1969.0,751.0,2165.0,1003.0,1342.0,840.0,1505.0,1061.0,831.0,764.0,1001.0,973.0
34744,19:02.500,19:02.530,3,1971.0,753.0,2169.0,1004.0,1347.0,835.0,1510.0,1057.0,838.0,768.0,1012.0,974.0
34759,19:03.000,19:03.032,3,2086.0,792.0,2298.0,1047.0,936.0,772.0,1103.0,983.0,1438.0,865.0,1603.0,1089.0
34774,19:03.500,19:03.532,3,2086.0,741.0,2299.0,994.0,1445.0,822.0,1611.0,1046.0,938.0,732.0,1105.0,941.0
34789,19:04.000,19:04.032,3,2147.0,800.0,2361.0,1063.0,1496.0,860.0,1664.0,1084.0,991.0,756.0,1161.0,956.0
34804,19:04.500,19:04.532,3,2071.0,779.0,2274.0,1043.0,1452.0,859.0,1619.0,1086.0,943.0,766.0,1107.0,970.0
34819,19:05.000,19:05.032,3,1346.0,895.0,1512.0,1123.0,1923.0,798.0,2106.0,1046.0,825.0,813.0,995.0,1024.0
34834,19:05.500,19:05.532,3,360.0,811.0,569.0,1040.0,946.0,887.0,1107.0,1109.0,1476.0,764.0,1623.0,1003.0
34849,19:06.000,19:06.032,3,210.0,826.0,436.0,1078.0,826.0,908.0,993.0,1139.0,1366.0,780.0,1513.0,989.0
34864,19:06.500,19:06.532,3,230.0,835.0,458.0,1077.0,844.0,915.0,1009.0,1144.0,1372.0,811.0,1517.0,1036.0
34878,19:07.000,19:07.000,3,831.0,896.0,998.0,1128.0,219.0,822.0,444.0,1067.0,1361.0,806.0,1507.0,1026.0
34893,19:07.500,19:07.500,3,828.0,901.0,994.0,1133.0,212.0,823.0,439.0,1075.0,1347.0,793.0,1498.0,1018.0
34908,19:08.000,19:08.000,3,202.0,819.0,428.0,1073.0,824.0,893.0,992.0,1125.0,1301.0,799.0,1451.0,1028.0
34923,19:08.500,19:08.500,3,204.0,875.0,433.0,1114.0,832.0,918.0,1001.0,1150.0,1299.0,811.0,1449.0,1040.0
34938,19:09.000,19:09.000,3,217.0,886.0,444.0,1130.0,842.0,931.0,1009.0,1166.0,1330.0,812.0,1479.0,1038.0
34953,19:09.500,19:09.500,3,215.0,896.0,440.0,1144.0,841.0,940.0,1009.0,1175.0,1356.0,847.0,1508.0,1064.0
34968,19:10.000,19:10.000,3,223.0,890.0,450.0,1131.0,850.0,931.0,1017.0,1164.0,1344.0,838.0,1495.0,1070.0
34983,19:10.500,19:10.500,3,179.0,839.0,409.0,1095.0,816.0,921.0,983.0,1155.0,1309.0,850.0,1457.0,1077.0
34998,19:11.000,19:11.002,3,861.0,894.0,1028.0,1121.0,251.0,797.0,472.0,1047.0,1348.0,824.0,1499.0,1049.0
35013,19:11.500,19:11.502,3,283.0,813.0,502.0,1054.0,889.0,901.0,1050.0,1126.0,1384.0,835.0,1535.0,1057.0
35028,19:12.000,19:12.002,3,276.0,784.0,495.0,1030.0,886.0,880.0,1048.0,1100.0,1359.0,785.0,1512.0,1004.0
35043,19:12.500,19:12.502,3,220.0,755.0,443.0,985.0,848.0,820.0,1013.0,1043.0,1330.0,719.0,1481.0,938.0
35058,19:13.000,19:13.002,3,132.0,770.0,365.0,1011.0,789.0,815.0,957.0,1042.0,1302.0,698.0,1452.0,920.0
35073,19:13.500,19:13.502,3,68.0,809.0,310.0,1052.0,744.0,856.0,914.0,1086.0,1264.0,754.0,1415.0,978.0
35089,19:14.000,19:14.027,3,120.0,815.0,358.0,1064.0,781.0,883.0,948.0,1104.0,1274.0,778.0,1427.0,1002.0
35104,19:14.500,19:14.527,3,141.0,823.0,380.0,1070.0,792.0,889.0,961.0,1114.0,1277.0,791.0,1433.0,1028.0
35119,19:15.000,19:15.027,3,168.0,819.0,403.0,1060.0,810.0,878.0,978.0,1102.0,1300.0,786.0,1458.0,1012.0
35134,19:15.500,19:15.528,3,164.0,829.0,397.0,1070.0,808.0,881.0,978.0,1106.0,1323.0,780.0,1473.0,1013.0
35149,19:16.000,19:16.028,3,151.0,833.0,386.0,1079.0,797.0,883.0,969.0,1111.0,1310.0,779.0,1462.0,1004.0
35164,19:16.500,19:16.528,3,147.0,833.0,381.0,1084.0,794.0,887.0,966.0,1117.0,1304.0,783.0,1457.0,1005.0
35179,19:17.000,19:17.028,3,782.0,895.0,952.0,1126.0,127.0,850.0,361.0,1099.0,1288.0,782.0,1438.0,1005.0
35194,19:17.500,19:17.528,3,787.0,898.0,955.0,1130.0,131.0,855.0,365.0,1106.0,1288.0,783.0,1440.0,1012.0
35209,19:18.000,19:18.028,3,784.0,891.0,954.0,1122.0,127.0,853.0,362.0,1102.0,1286.0,773.0,1439.0,1000.0
35224,19:18.500,19:18.528,3,777.0,886.0,947.0,1116.0,115.0,847.0,352.0,1099.0,1282.0,765.0,1434.0,993.0
35239,19:19.000,19:19.028,3,213.0,804.0,437.0,1037.0,842.0,852.0,1008.0,1077.0,1355.0,751.0,1505.0,980.0
35254,19:19.500,19:19.530,3,81.0,753.0,321.0,990.0,762.0,804.0,932.0,1030.0,1279.0,705.0,1429.0,930.0
35269,19:20.000,19:20.030,3,106.0,722.0,343.0,957.0,787.0,803.0,952.0,1028.0,1328.0,727.0,1475.0,950.0
35284,19:20.500,19:20.530,3,817.0,825.0,982.0,1052.0,172.0,751.0,403.0,982.0,1413.0,742.0,1561.0,970.0
35299,19:21.000,19:21.030,3,198.0,761.0,421.0,991.0,832.0,836.0,995.0,1060.0,1379.0,769.0,1526.0,980.0
35314,19:21.500,19:21.530,3,833.0,844.0,1000.0,1072.0,199.0,769.0,425.0,1002.0,1304.0,818.0,1443.0,1007.0
35329,19:22.000,19:22.030,3,210.0,775.0,435.0,1005.0,843.0,853.0,1006.0,1077.0,1300.0,824.0,1441.0,1020.0
35344,19:22.500,19:22.530,3,201.0,771.0,426.0,1005.0,833.0,844.0,1000.0,1072.0,1324.0,776.0,1470.0,993.0
35359,19:23.000,19:23.030,3,199.0,786.0,424.0,1021.0,833.0,858.0,1001.0,1085.0,1338.0,777.0,1484.0,997.0
35374,19:23.500,19:23.532,3,206.0,818.0,433.0,1052.0,841.0,887.0,1005.0,1111.0,1355.0,784.0,1503.0,1012.0
35389,19:24.000,19:24.032,3,821.0,900.0,986.0,1131.0,175.0,842.0,405.0,1086.0,1335.0,789.0,1481.0,1017.0
35404,19:24.500,19:24.532,3,804.0,887.0,974.0,1117.0,159.0,797.0,389.0,1043.0,1333.0,795.0,1478.0,1020.0
35419,19:25.000,19:25.032,3,268.0,778.0,484.0,1014.0,1422.0,765.0,1568.0,986.0,892.0,865.0,1055.0,1082.0
35434,19:25.500,19:25.532,3,234.0,806.0,456.0,1035.0,872.0,875.0,1034.0,1099.0,1347.0,777.0,1497.0,1001.0
35449,19:26.000,19:26.032,3,347.0,858.0,555.0,1087.0,1292.0,804.0,1456.0,1039.0,945.0,920.0,1107.0,1145.0
35464,19:26.500,19:26.532,3,385.0,872.0,591.0,1101.0,973.0,928.0,1137.0,1156.0,1271.0,830.0,1414.0,1047.0
35479,19:27.000,19:27.032,3,485.0,852.0,679.0,1074.0,1048.0,913.0,1211.0,1137.0,1470.0,817.0,1626.0,1047.0
35494,19:27.500,19:27.532,3,409.0,852.0,612.0,1081.0,994.0,909.0,1155.0,1135.0,1500.0,811.0,1652.0,1030.0
35508,19:28.000,19:28.000,3,179.0,833.0,407.0,1077.0,822.0,886.0,988.0,1114.0,1345.0,771.0,1494.0,992.0
35523,19:28.500,19:28.500,3,101.0,816.0,341.0,1057.0,765.0,869.0,935.0,1092.0,1335.0,765.0,1482.0,981.0
35538,19:29.000,19:29.000,3,141.0,816.0,376.0,1058.0,794.0,869.0,963.0,1092.0,1402.0,766.0,1540.0,983.0
35553,19:29.500,19:29.500,3,927.0,877.0,1088.0,1095.0,324.0,817.0,537.0,1050.0,1524.0,777.0,1670.0,998.0
35568,19:30.000,19:30.000,3,232.0,807.0,456.0,1037.0,856.0,869.0,1021.0,1092.0,1455.0,777.0,1594.0,992.0
35583,19:30.500,19:30.500,3,175.0,778.0,407.0,1014.0,814.0,838.0,979.0,1065.0,1402.0,759.0,1544.0,977.0
35598,19:31.000,19:31.000,3,811.0,820.0,978.0,1047.0,176.0,762.0,405.0,993.0,1382.0,736.0,1525.0,951.0
35613,19:31.500,19:31.500,3,172.0,792.0,399.0,1032.0,808.0,859.0,974.0,1085.0,1382.0,769.0,1523.0,978.0
35628,19:32.000,19:32.002,3,738.0,866.0,909.0,1093.0,68.0,815.0,307.0,1057.0,1330.0,752.0,1469.0,967.0
35643,19:32.500,19:32.502,3,645.0,946.0,824.0,1189.0,-52.0,899.0,189.0,1167.0,1248.0,833.0,1385.0,1047.0
35658,19:33.000,19:33.002,3,705.0,952.0,880.0,1191.0,18.0,914.0,270.0,1171.0,1297.0,840.0,1434.0,1056.0
35673,19:33.500,19:33.502,3,679.0,937.0,857.0,1178.0,-10.0,897.0,236.0,1163.0,1270.0,830.0,1410.0,1044.0
35688,19:34.000,19:34.002,3,682.0,952.0,858.0,1193.0,-4.0,926.0,241.0,1178.0,1264.0,844.0,1408.0,1062.0
35704,19:34.500,19:34.527,3,683.0,953.0,859.0,1194.0,-5.0,928.0,239.0,1179.0,1274.0,846.0,1416.0,1069.0
35719,19:35.000,19:35.027,3,684.0,950.0,859.0,1192.0,-5.0,925.0,241.0,1177.0,1270.0,841.0,1414.0,1062.0
35734,19:35.500,19:35.527,3,690.0,941.0,865.0,1185.0,0.0,913.0,246.0,1170.0,1273.0,836.0,1414.0,1048.0
35749,19:36.000,19:36.028,3,689.0,937.0,863.0,1181.0,-2.0,909.0,244.0,1167.0,1278.0,824.0,1414.0,1037.0
35764,19:36.500,19:36.528,3,7.0,883.0,259.0,1143.0,698.0,924.0,870.0,1164.0,1274.0,822.0,1410.0,1035.0
35779,19:37.000,19:37.028,3,6.0,883.0,257.0,1139.0,697.0,921.0,869.0,1161.0,1267.0,826.0,1406.0,1039.0
35794,19:37.500,19:37.528,3,11.0,872.0,261.0,1129.0,702.0,920.0,877.0,1155.0,1296.0,819.0,1431.0,1030.0
35809,19:38.000,19:38.028,3,10.0,876.0,262.0,1136.0,704.0,921.0,879.0,1158.0,1313.0,826.0,1452.0,1038.0
35824,19:38.500,19:38.528,3,17.0,875.0,270.0,1130.0,711.0,922.0,884.0,1158.0,1320.0,825.0,1462.0,1042.0
35839,19:39.000,19:39.028,3,45.0,870.0,292.0,1119.0,729.0,921.0,900.0,1155.0,1310.0,823.0,1451.0,1037.0
35854,19:39.500,19:39.528,3,164.0,812.0,397.0,1052.0,810.0,882.0,977.0,1105.0,1383.0,794.0,1525.0,1008.0
35869,19:40.000,19:40.028,3,2009.0,837.0,2193.0,1086.0,850.0,894.0,1022.0,1099.0,1374.0,936.0,1544.0,1169.0
35884,19:40.500,19:40.530,2,1889.0,988.0,2099.0,1248.0,1315.0,928.0,1486.0,1142.0,,,,
35899,19:41.000,19:41.030,2,1917.0,989.0,2129.0,1252.0,1330.0,929.0,1504.0,1140.0,,,,
35914,19:41.500,19:41.530,3,1514.0,950.0,1689.0,1191.0,2207.0,841.0,2414.0,1103.0,973.0,910.0,1143.0,1114.0
35929,19:42.000,19:42.030,3,1821.0,831.0,1988.0,1062.0,1226.0,934.0,1387.0,1160.0,676.0,885.0,855.0,1097.0
35944,19:42.500,19:42.530,3,1870.0,720.0,2042.0,955.0,723.0,733.0,901.0,948.0,1266.0,809.0,1423.0,1029.0
35959,19:43.000,19:43.030,3,2019.0,711.0,2205.0,958.0,1383.0,796.0,1544.0,1018.0,848.0,718.0,1018.0,925.0
35974,19:43.500,19:43.530,3,2023.0,738.0,2208.0,979.0,847.0,721.0,1016.0,926.0,1378.0,810.0,1539.0,1025.0
35989,19:44.000,19:44.030,3,1993.0,724.0,2175.0,969.0,1352.0,804.0,1513.0,1021.0,828.0,727.0,999.0,925.0
36004,19:44.500,19:44.532,3,1336.0,825.0,1498.0,1046.0,1971.0,750.0,2154.0,988.0,819.0,747.0,986.0,950.0
36019,19:45.000,19:45.032,3,1988.0,765.0,2173.0,1005.0,1350.0,834.0,1513.0,1058.0,833.0,753.0,1003.0,958.0
36034,19:45.500,19:45.532,3,1983.0,772.0,2169.0,1016.0,1347.0,845.0,1509.0,1069.0,832.0,753.0,1003.0,960.0
36049,19:46.000,19:46.032,3,1327.0,840.0,1490.0,1064.0,1960.0,767.0,2141.0,1006.0,805.0,760.0,978.0,962.0
36064,19:46.500,19:46.532,3,1929.0,762.0,2105.0,1005.0,1311.0,843.0,1469.0,1063.0,797.0,765.0,969.0,968.0
36079,19:47.000,19:47.032,3,1910.0,763.0,2081.0,1003.0,1296.0,845.0,1455.0,1066.0,773.0,761.0,948.0,971.0
36094,19:47.500,19:47.532,3,1867.0,770.0,2038.0,1006.0,730.0,779.0,910.0,985.0,1262.0,858.0,1420.0,1072.0
36109,19:48.000,19:48.032,3,1854.0,774.0,2019.0,1013.0,712.0,786.0,888.0,994.0,1246.0,864.0,1404.0,1078.0
36124,19:48.500,19:48.533,3,1826.0,774.0,1999.0,1010.0,713.0,785.0,890.0,997.0,1241.0,871.0,1399.0,1083.0
36138,19:49.000,19:49.000,3,1798.0,783.0,1961.0,1014.0,696.0,785.0,871.0,1005.0,1222.0,868.0,1383.0,1088.0
36153,19:49.500,19:49.500,3,580.0,801.0,765.0,1023.0,1122.0,869.0,1281.0,1083.0,1692.0,804.0,1843.0,1006.0
36168,19:50.000,19:50.000,3,448.0,779.0,648.0,1008.0,1022.0,833.0,1179.0,1053.0,1535.0,766.0,1678.0,969.0
36183,19:50.500,19:50.500,3,1127.0,848.0,1283.0,1064.0,584.0,777.0,768.0,989.0,1670.0,786.0,1822.0,999.0
36198,19:51.000,19:51.000,3,575.0,763.0,759.0,965.0,1130.0,817.0,1290.0,1034.0,1694.0,750.0,1848.0,956.0
36213,19:51.500,19:51.500,3,552.0,770.0,739.0,985.0,1108.0,827.0,1271.0,1045.0,1668.0,731.0,1817.0,941.0
36228,19:52.000,19:52.000,3,592.0,782.0,777.0,994.0,1147.0,836.0,1305.0,1055.0,1724.0,728.0,1879.0,943.0
36243,19:52.500,19:52.500,3,632.0,787.0,815.0,995.0,1181.0,840.0,1340.0,1062.0,1773.0,750.0,1929.0,968.0
36258,19:53.000,19:53.002,3,1852.0,761.0,2020.0,986.0,744.0,804.0,920.0,1012.0,1271.0,863.0,1430.0,1079.0
36273,19:53.500,19:53.502,3,1872.0,775.0,2041.0,1002.0,1293.0,872.0,1452.0,1089.0,761.0,815.0,933.0,1021.0
36289,19:54.000,19:54.027,3,1886.0,784.0,2056.0,1015.0,1291.0,871.0,1451.0,1088.0,762.0,816.0,935.0,1020.0
36304,19:54.500,19:54.527,3,1833.0,774.0,2000.0,1004.0,715.0,815.0,891.0,1021.0,1246.0,868.0,1404.0,1081.0
36319,19:55.000,19:55.027,3,1859.0,782.0,2033.0,1012.0,742.0,819.0,917.0,1020.0,1280.0,874.0,1440.0,1089.0
36334,19:55.500,19:55.527,3,1917.0,788.0,2090.0,1019.0,778.0,811.0,947.0,1016.0,1305.0,874.0,1466.0,1091.0
36349,19:56.000,19:56.027,3,1896.0,781.0,2072.0,1015.0,1303.0,873.0,1461.0,1089.0,774.0,821.0,946.0,1022.0
36364,19:56.500,19:56.527,3,1911.0,780.0,2080.0,1012.0,1304.0,870.0,1465.0,1091.0,795.0,797.0,969.0,1014.0
36379,19:57.000,19:57.028,3,1313.0,884.0,1474.0,1103.0,1903.0,794.0,2074.0,1019.0,809.0,814.0,982.0,1026.0
36394,19:57.500,19:57.528,3,2022.0,775.0,2201.0,1004.0,1389.0,875.0,1553.0,1092.0,893.0,816.0,1059.0,1019.0
36409,19:58.000,19:58.028,3,2060.0,834.0,2246.0,1063.0,1443.0,923.0,1608.0,1157.0,944.0,866.0,1111.0,1098.0
36424,19:58.500,19:58.528,3,1428.0,889.0,1597.0,1115.0,2055.0,764.0,2241.0,998.0,944.0,864.0,1099.0,1086.0
36439,19:59.000,19:59.028,2,2091.0,796.0,2281.0,1028.0,1457.0,913.0,1625.0,1147.0,,,,
36454,19:59.500,19:59.528,2,2092.0,795.0,2279.0,1027.0,1449.0,919.0,1617.0,1152.0,,,,
36469,20:00.000,20:00.028,2,1410.0,931.0,1571.0,1167.0,2022.0,816.0,2200.0,1039.0,,,,
36484,20:00.500,20:00.528,2,2030.0,787.0,2208.0,1010.0,1393.0,915.0,1562.0,1150.0,,,,
36499,20:01.000,20:01.028,3,2034.0,792.0,2212.0,1018.0,1387.0,923.0,1548.0,1165.0,919.0,894.0,1091.0,1150.0
36514,20:01.500,20:01.530,2,2024.0,789.0,2210.0,1028.0,1392.0,944.0,1561.0,1189.0,,,,
36528,20:02.000,20:02.022,2,1435.0,965.0,1602.0,1201.0,2118.0,817.0,2304.0,1061.0,,,,
36544,20:02.500,20:02.530,1,1153.0,995.0,1312.0,1217.0,,,,,,,,
36559,20:03.000,20:03.030,1,1122.0,992.0,1275.0,1208.0,,,,,,,,
36574,20:03.500,20:03.530,2,1174.0,936.0,1326.0,1147.0,747.0,922.0,885.0,1108.0,,,,
36589,20:04.000,20:04.030,3,373.0,911.0,559.0,1120.0,879.0,913.0,1038.0,1133.0,1969.0,715.0,2120.0,922.0
36604,20:04.500,20:04.530,3,0.0,896.0,231.0,1149.0,655.0,942.0,824.0,1166.0,1750.0,823.0,1883.0,1016.0
36619,20:05.000,20:05.030,3,120.0,819.0,335.0,1055.0,706.0,898.0,870.0,1114.0,1802.0,856.0,1937.0,1045.0
36634,20:05.500,20:05.532,3,79.0,811.0,300.0,1052.0,661.0,871.0,828.0,1089.0,1743.0,792.0,1875.0,983.0
36649,20:06.000,20:06.032,3,68.0,838.0,285.0,1077.0,666.0,893.0,832.0,1121.0,1758.0,814.0,1892.0,1009.0
36664,20:06.500,20:06.532,3,52.0,856.0,265.0,1084.0,690.0,916.0,854.0,1138.0,1777.0,801.0,1916.0,1010.0
36679,20:07.000,20:07.032,3,615.0,916.0,783.0,1143.0,-26.0,875.0,191.0,1110.0,1688.0,771.0,1818.0,970.0
36694,20:07.500,20:07.532,3,551.0,917.0,723.0,1144.0,1637.0,772.0,1767.0,967.0,-76.0,876.0,135.0,1116.0
36709,20:08.000,20:08.032,2,538.0,898.0,717.0,1131.0,1622.0,773.0,1751.0,970.0,,,,
36724,20:08.500,20:08.532,2,390.0,891.0,580.0,1131.0,1499.0,763.0,1624.0,956.0,,,,
36739,20:09.000,20:09.032,2,525.0,897.0,703.0,1133.0,1629.0,838.0,1761.0,1039.0,,,,
36753,20:09.500,20:09.500,3,215.0,853.0,411.0,1079.0,782.0,908.0,946.0,1131.0,1896.0,846.0,2046.0,1060.0
36768,20:10.000,20:10.000,3,591.0,892.0,762.0,1121.0,-39.0,847.0,165.0,1080.0,1695.0,823.0,1828.0,1027.0
36783,20:10.500,20:10.500,2,526.0,904.0,704.0,1137.0,1628.0,819.0,1756.0,1019.0,,,,
36798,20:11.000,20:11.000,3,670.0,899.0,836.0,1125.0,78.0,829.0,294.0,1071.0,1775.0,833.0,1912.0,1042.0
36813,20:11.500,20:11.500,3,685.0,874.0,852.0,1099.0,96.0,820.0,307.0,1056.0,1791.0,792.0,1933.0,997.0
36828,20:12.000,20:12.000,3,16.0,840.0,238.0,1074.0,636.0,890.0,804.0,1120.0,1750.0,829.0,1888.0,1032.0
36843,20:12.500,20:12.500,3,94.0,652.0,304.0,876.0,688.0,748.0,852.0,969.0,1837.0,773.0,1976.0,979.0
36858,20:13.000,20:13.000,3,190.0,656.0,390.0,869.0,767.0,703.0,925.0,919.0,1905.0,627.0,2052.0,838.0
36874,20:13.500,20:13.525,3,238.0,758.0,434.0,968.0,1954.0,701.0,2110.0,914.0,812.0,796.0,971.0,1010.0
36889,20:14.000,20:14.027,3,10.0,787.0,231.0,1011.0,661.0,812.0,828.0,1035.0,1770.0,718.0,1914.0,922.0
36904,20:14.500,20:14.527,2,274.0,921.0,476.0,1172.0,1424.0,812.0,1540.0,1004.0,,,,
36919,20:15.000,20:15.027,2,217.0,917.0,421.0,1169.0,1364.0,798.0,1479.0,990.0,,,,
36934,20:15.500,20:15.527,2,144.0,900.0,359.0,1158.0,1322.0,791.0,1440.0,985.0,,,,
36949,20:16.000,20:16.027,2,181.0,933.0,394.0,1191.0,1355.0,797.0,1473.0,987.0,,,,
36964,20:16.500,20:16.527,3,873.0,896.0,1032.0,1116.0,1980.0,798.0,2131.0,1018.0,305.0,922.0,483.0,1117.0
36979,20:17.000,20:17.027,3,1079.0,896.0,1230.0,1110.0,2262.0,846.0,2457.0,1082.0,586.0,764.0,737.0,930.0
36994,20:17.500,20:17.527,2,1108.0,909.0,1260.0,1129.0,630.0,788.0,779.0,928.0,,,,
37009,20:18.000,20:18.028,2,1097.0,911.0,1253.0,1132.0,619.0,792.0,773.0,983.0,,,,
37024,20:18.500,20:18.528,2,1154.0,904.0,1310.0,1120.0,679.0,796.0,830.0,982.0,,,,
37039,20:19.000,20:19.028,2,1108.0,908.0,1259.0,1123.0,623.0,805.0,780.0,993.0,,,,
37054,20:19.500,20:19.528,3,1050.0,908.0,1202.0,1122.0,2237.0,861.0,2421.0,1095.0,558.0,797.0,717.0,991.0
37069,20:20.000,20:20.028,3,1038.0,908.0,1195.0,1125.0,2216.0,861.0,2397.0,1091.0,548.0,801.0,707.0,996.0
37084,20:20.500,20:20.528,3,2157.0,802.0,2332.0,1033.0,1011.0,907.0,1164.0,1120.0,499.0,827.0,665.0,1016.0
37099,20:21.000,20:21.028,3,1085.0,941.0,1238.0,1161.0,2264.0,864.0,2455.0,1097.0,590.0,855.0,746.0,1044.0
37114,20:21.500,20:21.528,2,1197.0,930.0,1351.0,1145.0,720.0,848.0,870.0,1027.0,,,,
37129,20:22.000,20:22.030,2,1214.0,937.0,1371.0,1160.0,741.0,856.0,887.0,1032.0,,,,
37144,20:22.500,20:22.530,2,1211.0,941.0,1365.0,1161.0,735.0,860.0,880.0,1036.0,,,,
37159,20:23.000,20:23.030,2,1207.0,949.0,1361.0,1166.0,734.0,859.0,880.0,1039.0,,,,
37174,20:23.500,20:23.530,2,1198.0,950.0,1348.0,1166.0,722.0,856.0,870.0,1038.0,,,,
37189,20:24.000,20:24.030,2,1192.0,952.0,1342.0,1168.0,716.0,859.0,864.0,1041.0,,,,
37204,20:24.500,20:24.530,2,1177.0,936.0,1328.0,1147.0,695.0,843.0,845.0,1023.0,,,,
37219,20:25.000,20:25.030,2,1166.0,938.0,1319.0,1154.0,685.0,850.0,835.0,1029.0,,,,
37234,20:25.500,20:25.530,2,1156.0,944.0,1311.0,1160.0,673.0,855.0,822.0,1036.0,,,,
37249,20:26.000,20:26.030,2,1154.0,942.0,1309.0,1160.0,672.0,858.0,820.0,1036.0,,,,
37264,20:26.500,20:26.532,2,1157.0,958.0,1315.0,1179.0,683.0,869.0,832.0,1049.0,,,,
37279,20:27.000,20:27.032,2,1170.0,969.0,1324.0,1187.0,696.0,872.0,845.0,1053.0,,,,
37294,20:27.500,20:27.532,2,1164.0,958.0,1316.0,1172.0,685.0,862.0,834.0,1043.0,,,,
37309,20:28.000,20:28.032,2,1160.0,960.0,1316.0,1180.0,689.0,860.0,839.0,1044.0,,,,
37324,20:28.500,20:28.532,2,1158.0,960.0,1315.0,1180.0,681.0,840.0,832.0,1025.0,,,,
37339,20:29.000,20:29.032,2,1155.0,964.0,1313.0,1183.0,675.0,838.0,823.0,1015.0,,,,
37354,20:29.500,20:29.532,2,1151.0,969.0,1304.0,1188.0,674.0,870.0,824.0,1046.0,,,,
37369,20:30.000,20:30.032,2,1141.0,954.0,1291.0,1170.0,657.0,872.0,807.0,1044.0,,,,
37383,20:30.500,20:30.500,3,1109.0,929.0,1260.0,1142.0,2268.0,808.0,2451.0,1039.0,615.0,853.0,767.0,1034.0
37398,20:31.000,20:31.000,3,1104.0,905.0,1254.0,1114.0,607.0,844.0,761.0,1012.0,2292.0,793.0,2468.0,1020.0
37413,20:31.500,20:31.500,2,1097.0,933.0,1253.0,1152.0,602.0,871.0,756.0,1045.0,,,,
37428,20:32.000,20:32.000,3,1091.0,916.0,1246.0,1131.0,595.0,852.0,748.0,1025.0,2296.0,805.0,2466.0,1030.0
37443,20:32.500,20:32.500,3,1093.0,902.0,1244.0,1113.0,599.0,827.0,752.0,1001.0,2293.0,787.0,2459.0,998.0
37459,20:33.000,20:33.025,3,1094.0,908.0,1249.0,1120.0,601.0,830.0,756.0,1007.0,2290.0,799.0,2457.0,1015.0
37474,20:33.500,20:33.525,3,1092.0,911.0,1247.0,1122.0,2266.0,806.0,2451.0,1035.0,599.0,835.0,752.0,1010.0
37489,20:34.000,20:34.025,3,1095.0,904.0,1247.0,1116.0,600.0,828.0,754.0,1006.0,2263.0,809.0,2450.0,1041.0
37504,20:34.500,20:34.527,3,1093.0,898.0,1244.0,1108.0,599.0,829.0,750.0,999.0,2261.0,799.0,2449.0,1029.0
37519,20:35.000,20:35.027,3,1093.0,902.0,1244.0,1111.0,599.0,828.0,750.0,1000.0,2261.0,801.0,2449.0,1031.0
37534,20:35.500,20:35.527,3,1088.0,898.0,1239.0,1106.0,2252.0,794.0,2434.0,1022.0,590.0,827.0,745.0,998.0
37549,20:36.000,20:36.027,3,2221.0,788.0,2397.0,1020.0,1069.0,897.0,1220.0,1105.0,568.0,819.0,726.0,997.0
37564,20:36.500,20:36.527,3,2158.0,713.0,2335.0,944.0,1030.0,846.0,1180.0,1056.0,517.0,788.0,676.0,958.0
37579,20:37.000,20:37.027,3,2183.0,671.0,2359.0,902.0,1039.0,795.0,1192.0,1003.0,532.0,724.0,693.0,900.0
37594,20:37.500,20:37.527,3,1109.0,732.0,1259.0,941.0,613.0,657.0,766.0,829.0,2288.0,652.0,2467.0,882.0
37609,20:38.000,20:38.027,2,1118.0,734.0,1267.0,941.0,624.0,653.0,777.0,822.0,,,,
37624,20:38.500,20:38.527,2,1118.0,732.0,1267.0,939.0,623.0,648.0,776.0,818.0,,,,
37639,20:39.000,20:39.028,2,1117.0,735.0,1267.0,944.0,621.0,656.0,775.0,826.0,,,,
37654,20:39.500,20:39.528,3,1092.0,746.0,1244.0,954.0,2260.0,663.0,2439.0,889.0,597.0,668.0,751.0,840.0
37669,20:40.000,20:40.028,3,1071.0,791.0,1219.0,994.0,2219.0,682.0,2398.0,913.0,567.0,707.0,723.0,887.0
37684,20:40.500,20:40.528,3,2197.0,667.0,2378.0,898.0,1059.0,794.0,1207.0,998.0,547.0,710.0,707.0,895.0
37699,20:41.000,20:41.028,3,2213.0,672.0,2394.0,903.0,1067.0,784.0,1216.0,986.0,563.0,705.0,720.0,880.0
37714,20:41.500,20:41.528,3,2221.0,672.0,2398.0,904.0,1072.0,771.0,1221.0,977.0,571.0,682.0,726.0,864.0
37729,20:42.000,20:42.028,3,2218.0,670.0,2396.0,902.0,1071.0,777.0,1220.0,981.0,568.0,691.0,724.0,871.0
37744,20:42.500,20:42.528,3,2223.0,664.0,2400.0,897.0,1072.0,772.0,1222.0,977.0,570.0,690.0,725.0,866.0
37759,20:43.000,20:43.030,3,2216.0,654.0,2398.0,885.0,1068.0,759.0,1219.0,963.0,562.0,681.0,718.0,857.0
37774,20:43.500,20:43.530,3,2212.0,643.0,2392.0,871.0,556.0,682.0,711.0,852.0,1063.0,750.0,1215.0,957.0
37789,20:44.000,20:44.030,3,2209.0,647.0,2392.0,877.0,1063.0,751.0,1214.0,958.0,548.0,681.0,707.0,856.0
37804,20:44.500,20:44.530,3,2207.0,651.0,2391.0,882.0,1062.0,754.0,1214.0,961.0,554.0,686.0,712.0,861.0
37819,20:45.000,20:45.030,3,2207.0,651.0,2392.0,884.0,1064.0,757.0,1214.0,964.0,554.0,686.0,712.0,861.0
37834,20:45.500,20:45.530,3,2208.0,644.0,2391.0,873.0,1063.0,750.0,1214.0,957.0,555.0,682.0,711.0,856.0
37849,20:46.000,20:46.030,3,2204.0,641.0,2388.0,867.0,1061.0,749.0,1212.0,956.0,554.0,684.0,710.0,856.0
37864,20:46.500,20:46.530,3,2205.0,641.0,2389.0,867.0,1062.0,747.0,1214.0,956.0,554.0,683.0,710.0,856.0
37879,20:47.000,20:47.030,3,2201.0,644.0,2384.0,873.0,1060.0,749.0,1211.0,959.0,548.0,683.0,706.0,859.0
37894,20:47.500,20:47.532,3,2201.0,649.0,2386.0,880.0,1060.0,752.0,1210.0,960.0,551.0,680.0,708.0,856.0
37909,20:48.000,20:48.032,3,2203.0,652.0,2389.0,883.0,1062.0,758.0,1212.0,964.0,556.0,683.0,713.0,862.0
37924,20:48.500,20:48.532,3,2201.0,639.0,2385.0,864.0,1060.0,744.0,1212.0,953.0,551.0,678.0,707.0,851.0
37939,20:49.000,20:49.032,3,2201.0,635.0,2384.0,860.0,1060.0,739.0,1211.0,951.0,548.0,674.0,707.0,846.0
37954,20:49.500,20:49.532,3,2205.0,641.0,2388.0,867.0,1061.0,745.0,1213.0,953.0,555.0,679.0,711.0,851.0
37969,20:50.000,20:50.032,3,2208.0,647.0,2390.0,874.0,1062.0,747.0,1214.0,956.0,556.0,681.0,713.0,852.0
37984,20:50.500,20:50.532,3,2199.0,649.0,2383.0,880.0,1059.0,751.0,1209.0,959.0,552.0,684.0,708.0,856.0
37999,20:51.000,20:51.032,3,2202.0,649.0,2385.0,877.0,1060.0,751.0,1211.0,958.0,554.0,684.0,710.0,857.0
38013,20:51.500,20:51.500,3,2190.0,644.0,2372.0,873.0,1053.0,748.0,1205.0,956.0,543.0,679.0,701.0,856.0
38028,20:52.000,20:52.000,3,2194.0,649.0,2377.0,878.0,1056.0,749.0,1207.0,958.0,547.0,681.0,706.0,859.0
38044,20:52.500,20:52.525,3,2195.0,647.0,2377.0,876.0,1055.0,748.0,1207.0,956.0,547.0,679.0,706.0,857.0
38059,20:53.000,20:53.025,3,2190.0,650.0,2374.0,881.0,1053.0,748.0,1205.0,957.0,546.0,680.0,703.0,856.0
38074,20:53.500,20:53.525,3,2186.0,652.0,2369.0,883.0,1052.0,747.0,1203.0,956.0,543.0,677.0,702.0,853.0
38089,20:54.000,20:54.025,3,2189.0,653.0,2372.0,885.0,1054.0,749.0,1205.0,958.0,547.0,677.0,704.0,853.0
38104,20:54.500,20:54.525,3,2190.0,654.0,2374.0,884.0,1056.0,753.0,1204.0,961.0,547.0,680.0,705.0,858.0
38119,20:55.000,20:55.025,3,2188.0,650.0,2373.0,881.0,1054.0,750.0,1206.0,959.0,545.0,679.0,703.0,858.0
38134,20:55.500,20:55.527,3,2189.0,647.0,2371.0,875.0,1054.0,748.0,1205.0,957.0,543.0,677.0,701.0,856.0
38149,20:56.000,20:56.027,3,2187.0,649.0,2369.0,877.0,1051.0,748.0,1202.0,956.0,541.0,678.0,701.0,854.0
38164,20:56.500,20:56.527,3,2181.0,654.0,2362.0,883.0,1048.0,755.0,1199.0,962.0,538.0,684.0,697.0,860.0
38179,20:57.000,20:57.027,3,2182.0,655.0,2363.0,885.0,1048.0,758.0,1199.0,965.0,539.0,690.0,698.0,862.0
38194,20:57.500,20:57.527,3,2176.0,654.0,2359.0,880.0,1046.0,759.0,1198.0,966.0,535.0,695.0,695.0,864.0
38209,20:58.000,20:58.027,3,2169.0,655.0,2347.0,880.0,1041.0,758.0,1193.0,966.0,528.0,695.0,690.0,867.0
38225,20:58.500,20:58.527,3,2171.0,659.0,2349.0,885.0,1042.0,765.0,1195.0,971.0,529.0,695.0,691.0,873.0
38240,20:59.000,20:59.027,3,2172.0,667.0,2348.0,895.0,1042.0,769.0,1194.0,976.0,529.0,693.0,692.0,873.0
38255,20:59.500,20:59.527,3,2170.0,672.0,2347.0,901.0,1040.0,778.0,1191.0,982.0,530.0,705.0,691.0,879.0
38270,21:00.000,21:00.028,3,2177.0,671.0,2354.0,900.0,1044.0,779.0,1194.0,981.0,535.0,708.0,694.0,880.0
38285,21:00.500,21:00.528,3,2171.0,663.0,2347.0,893.0,1042.0,776.0,1193.0,979.0,529.0,709.0,689.0,879.0
38300,21:01.000,21:01.028,3,2168.0,662.0,2343.0,890.0,1039.0,779.0,1191.0,981.0,527.0,711.0,686.0,883.0
38315,21:01.500,21:01.528,3,2162.0,659.0,2338.0,885.0,1035.0,774.0,1187.0,979.0,522.0,706.0,681.0,880.0
38330,21:02.000,21:02.028,3,2168.0,673.0,2344.0,902.0,1038.0,784.0,1188.0,986.0,527.0,717.0,687.0,889.0
38345,21:02.500,21:02.528,3,2192.0,710.0,2378.0,940.0,1055.0,798.0,1204.0,1003.0,548.0,721.0,707.0,896.0
38360,21:03.000,21:03.028,3,2192.0,711.0,2377.0,941.0,1056.0,801.0,1206.0,1010.0,548.0,723.0,706.0,902.0
38375,21:03.500,21:03.528,3,2191.0,707.0,2376.0,935.0,1056.0,802.0,1207.0,1010.0,546.0,728.0,705.0,903.0
38390,21:04.000,21:04.030,3,2190.0,705.0,2374.0,929.0,1056.0,799.0,1206.0,1007.0,546.0,730.0,704.0,903.0
38405,21:04.500,21:04.530,3,2183.0,698.0,2362.0,926.0,1050.0,798.0,1200.0,1003.0,540.0,725.0,700.0,900.0
38420,21:05.000,21:05.030,3,2183.0,703.0,2362.0,932.0,1049.0,797.0,1198.0,1005.0,540.0,723.0,699.0,901.0
38435,21:05.500,21:05.530,3,2234.0,672.0,2416.0,908.0,1057.0,795.0,1207.0,999.0,549.0,709.0,709.0,894.0
38450,21:06.000,21:06.030,3,1053.0,795.0,1201.0,1001.0,2262.0,658.0,2446.0,885.0,550.0,698.0,712.0,893.0
38465,21:06.500,21:06.530,3,1051.0,804.0,1201.0,1011.0,2250.0,661.0,2436.0,887.0,542.0,714.0,700.0,900.0
38480,21:07.000,21:07.030,3,1058.0,814.0,1209.0,1023.0,2200.0,716.0,2355.0,949.0,552.0,715.0,711.0,904.0
38495,21:07.500,21:07.530,3,2180.0,716.0,2341.0,951.0,1058.0,805.0,1210.0,1012.0,556.0,701.0,718.0,892.0
38510,21:08.000,21:08.032,3,2203.0,700.0,2380.0,939.0,1058.0,805.0,1210.0,1011.0,553.0,693.0,716.0,889.0
38525,21:08.500,21:08.532,3,1057.0,792.0,1205.0,996.0,2253.0,675.0,2447.0,912.0,547.0,703.0,706.0,886.0
38540,21:09.000,21:09.032,3,1053.0,770.0,1203.0,977.0,2233.0,651.0,2419.0,890.0,548.0,702.0,707.0,879.0
38555,21:09.500,21:09.532,3,1056.0,771.0,1207.0,979.0,2248.0,665.0,2434.0,898.0,552.0,712.0,711.0,884.0
38570,21:10.000,21:10.032,3,1051.0,766.0,1200.0,975.0,2240.0,655.0,2422.0,893.0,543.0,707.0,704.0,881.0
38585,21:10.500,21:10.532,3,2238.0,665.0,2418.0,901.0,1050.0,775.0,1199.0,980.0,542.0,703.0,704.0,881.0
38600,21:11.000,21:11.032,3,1058.0,775.0,1209.0,983.0,2255.0,683.0,2446.0,919.0,554.0,685.0,713.0,876.0
38615,21:11.500,21:11.532,3,1058.0,777.0,1209.0,983.0,2256.0,677.0,2452.0,918.0,558.0,683.0,716.0,875.0
38630,21:12.000,21:12.032,3,1061.0,771.0,1211.0,981.0,2257.0,674.0,2453.0,915.0,573.0,670.0,728.0,869.0
38645,21:12.500,21:12.525,3,1061.0,769.0,1212.0,980.0,2259.0,672.0,2453.0,910.0,571.0,669.0,727.0,867.0
38660,21:13.000,21:13.025,3,1059.0,770.0,1209.0,979.0,2257.0,673.0,2452.0,910.0,577.0,669.0,732.0,866.0
38675,21:13.500,21:13.525,3,1055.0,773.0,1206.0,981.0,2252.0,673.0,2444.0,909.0,579.0,672.0,733.0,868.0
38690,21:14.000,21:14.025,3,1051.0,775.0,1201.0,981.0,2248.0,669.0,2428.0,900.0,567.0,680.0,726.0,875.0
38705,21:14.500,21:14.525,3,1052.0,778.0,1202.0,983.0,2250.0,673.0,2437.0,905.0,561.0,685.0,721.0,875.0
38720,21:15.000,21:15.025,3,1053.0,774.0,1205.0,982.0,2250.0,670.0,2436.0,903.0,555.0,683.0,716.0,872.0
38735,21:15.500,21:15.525,3,2246.0,663.0,2425.0,895.0,1053.0,775.0,1203.0,981.0,547.0,683.0,707.0,871.0
38750,21:16.000,21:16.025,3,1039.0,779.0,1191.0,983.0,2237.0,654.0,2417.0,889.0,531.0,681.0,692.0,871.0
38765,21:16.500,21:16.527,3,1038.0,784.0,1189.0,986.0,2234.0,638.0,2408.0,860.0,526.0,695.0,688.0,882.0
38780,21:17.000,21:17.027,2,1059.0,806.0,1212.0,1013.0,555.0,696.0,715.0,890.0,,,,
38795,21:17.500,21:17.527,3,1035.0,795.0,1190.0,1007.0,524.0,693.0,687.0,883.0,2276.0,704.0,2462.0,934.0
38810,21:18.000,21:18.027,3,924.0,798.0,1079.0,1011.0,2060.0,634.0,2218.0,852.0,382.0,732.0,556.0,920.0
38825,21:18.500,21:18.527,3,2016.0,643.0,2173.0,867.0,939.0,809.0,1092.0,1019.0,399.0,728.0,573.0,920.0
38840,21:19.000,21:19.027,3,1959.0,651.0,2114.0,868.0,907.0,830.0,1060.0,1041.0,362.0,750.0,537.0,943.0
38855,21:19.500,21:19.527,3,884.0,848.0,1039.0,1059.0,1932.0,664.0,2085.0,881.0,331.0,771.0,510.0,966.0
38870,21:20.000,21:20.027,3,1964.0,654.0,2121.0,871.0,355.0,720.0,534.0,923.0,905.0,819.0,1059.0,1026.0
38885,21:20.500,21:20.528,3,2059.0,665.0,2228.0,892.0,462.0,694.0,629.0,906.0,976.0,817.0,1131.0,1028.0
38900,21:21.000,21:21.028,3,1110.0,830.0,1261.0,1041.0,649.0,730.0,798.0,915.0,2263.0,678.0,2456.0,918.0
38915,21:21.500,21:21.528,3,1123.0,843.0,1275.0,1052.0,630.0,749.0,781.0,935.0,2271.0,671.0,2467.0,914.0
38930,21:22.000,21:22.028,3,1116.0,847.0,1268.0,1059.0,2266.0,690.0,2461.0,932.0,619.0,767.0,776.0,954.0
38945,21:22.500,21:22.528,3,2198.0,670.0,2375.0,904.0,1070.0,842.0,1221.0,1052.0,571.0,764.0,732.0,955.0
38960,21:23.000,21:23.028,3,2165.0,661.0,2338.0,895.0,1048.0,835.0,1201.0,1045.0,541.0,778.0,699.0,954.0
38975,21:23.500,21:23.528,3,2085.0,644.0,2255.0,877.0,1002.0,876.0,1157.0,1081.0,471.0,801.0,640.0,1005.0
38990,21:24.000,21:24.028,3,2165.0,743.0,2342.0,981.0,1039.0,856.0,1194.0,1069.0,536.0,765.0,692.0,947.0
39005,21:24.500,21:24.528,3,2203.0,743.0,2386.0,980.0,1068.0,841.0,1219.0,1052.0,570.0,739.0,725.0,925.0
39020,21:25.000,21:25.030,3,2170.0,737.0,2344.0,971.0,1049.0,865.0,1201.0,1074.0,548.0,760.0,704.0,942.0
39035,21:25.500,21:25.530,3,2177.0,740.0,2353.0,976.0,1057.0,875.0,1210.0,1082.0,551.0,764.0,706.0,947.0
39050,21:26.000,21:26.030,3,2170.0,751.0,2347.0,986.0,1053.0,900.0,1204.0,1099.0,538.0,792.0,692.0,970.0
39065,21:26.500,21:26.530,3,2151.0,735.0,2326.0,971.0,1038.0,899.0,1191.0,1100.0,512.0,803.0,670.0,977.0
39080,21:27.000,21:27.030,3,2164.0,731.0,2338.0,966.0,1050.0,881.0,1201.0,1086.0,545.0,804.0,699.0,969.0
39095,21:27.500,21:27.530,3,2109.0,708.0,2279.0,940.0,1015.0,871.0,1165.0,1070.0,508.0,842.0,662.0,981.0
39110,21:28.000,21:28.030,3,2029.0,696.0,2191.0,920.0,956.0,871.0,1107.0,1073.0,446.0,891.0,587.0,1007.0
39125,21:28.500,21:28.530,3,2087.0,708.0,2254.0,932.0,999.0,872.0,1150.0,1077.0,500.0,897.0,633.0,1007.0
39140,21:29.000,21:29.032,3,2201.0,696.0,2389.0,931.0,1075.0,847.0,1225.0,1053.0,596.0,873.0,721.0,977.0
39155,21:29.500,21:29.532,2,1184.0,841.0,1332.0,1044.0,717.0,851.0,837.0,951.0,,,,
39170,21:30.000,21:30.032,3,1152.0,844.0,1304.0,1049.0,2257.0,691.0,2448.0,932.0,677.0,849.0,808.0,959.0
39185,21:30.500,21:30.532,3,2231.0,697.0,2423.0,938.0,1145.0,862.0,1291.0,1067.0,665.0,868.0,799.0,980.0
39200,21:31.000,21:31.032,3,2224.0,675.0,2421.0,918.0,1126.0,850.0,1275.0,1051.0,649.0,861.0,775.0,972.0
39215,21:31.500,21:31.532,3,2179.0,685.0,2363.0,919.0,1099.0,859.0,1251.0,1063.0,618.0,873.0,750.0,983.0
39230,21:32.000,21:32.032,3,2196.0,705.0,2383.0,943.0,1105.0,855.0,1256.0,1055.0,624.0,864.0,758.0,968.0
39245,21:32.500,21:32.523,3,2174.0,711.0,2356.0,947.0,1096.0,848.0,1249.0,1054.0,615.0,859.0,747.0,968.0
39260,21:33.000,21:33.025,3,2166.0,748.0,2344.0,971.0,1093.0,861.0,1244.0,1065.0,613.0,864.0,745.0,974.0
39275,21:33.500,21:33.525,3,2173.0,755.0,2350.0,978.0,1097.0,871.0,1249.0,1076.0,610.0,873.0,746.0,991.0
39290,21:34.000,21:34.025,3,2169.0,756.0,2344.0,975.0,1099.0,871.0,1252.0,1076.0,613.0,871.0,748.0,991.0
39305,21:34.500,21:34.525,3,2139.0,737.0,2319.0,961.0,1089.0,867.0,1243.0,1074.0,597.0,837.0,745.0,982.0
39320,21:35.000,21:35.025,3,2157.0,733.0,2339.0,964.0,1090.0,872.0,1243.0,1077.0,592.0,778.0,747.0,953.0
39335,21:35.500,21:35.525,3,2168.0,728.0,2350.0,959.0,1092.0,863.0,1245.0,1071.0,595.0,748.0,752.0,936.0
39350,21:36.000,21:36.025,3,2174.0,729.0,2355.0,960.0,1094.0,857.0,1247.0,1065.0,602.0,729.0,760.0,919.0
39365,21:36.500,21:36.525,3,2192.0,734.0,2370.0,960.0,1097.0,854.0,1250.0,1061.0,605.0,731.0,760.0,915.0
39380,21:37.000,21:37.025,3,2199.0,756.0,2393.0,989.0,1113.0,867.0,1263.0,1072.0,629.0,737.0,780.0,924.0
39395,21:37.500,21:37.527,3,2242.0,792.0,2435.0,1028.0,1160.0,870.0,1313.0,1078.0,685.0,731.0,836.0,918.0
39410,21:38.000,21:38.027,3,2188.0,753.0,2381.0,983.0,1136.0,867.0,1285.0,1068.0,652.0,748.0,804.0,923.0
39425,21:38.500,21:38.527,3,2101.0,713.0,2274.0,946.0,1083.0,854.0,1234.0,1062.0,585.0,756.0,743.0,934.0
39440,21:39.000,21:39.027,3,2111.0,720.0,2282.0,953.0,1097.0,855.0,1249.0,1065.0,603.0,744.0,761.0,932.0
39455,21:39.500,21:39.527,3,2111.0,716.0,2286.0,950.0,1088.0,840.0,1241.0,1050.0,595.0,731.0,751.0,914.0
39470,21:40.000,21:40.027,3,2091.0,711.0,2270.0,942.0,1070.0,856.0,1221.0,1062.0,574.0,756.0,731.0,933.0
39485,21:40.500,21:40.527,3,2011.0,695.0,2176.0,922.0,1031.0,907.0,1182.0,1110.0,507.0,892.0,663.0,1042.0
39500,21:41.000,21:41.027,3,889.0,1005.0,1046.0,1211.0,1829.0,749.0,1978.0,960.0,325.0,1009.0,497.0,1178.0
39515,21:41.500,21:41.528,3,616.0,836.0,786.0,1055.0,1569.0,630.0,1702.0,832.0,-39.0,805.0,158.0,1018.0
39530,21:42.000,21:42.028,2,397.0,946.0,588.0,1181.0,1391.0,723.0,1518.0,919.0,,,,
39545,21:42.500,21:42.528,2,366.0,978.0,561.0,1218.0,1371.0,748.0,1496.0,942.0,,,,
39560,21:43.000,21:43.028,2,329.0,973.0,526.0,1209.0,1355.0,746.0,1481.0,943.0,,,,
39575,21:43.500,21:43.528,2,312.0,981.0,508.0,1218.0,1352.0,754.0,1475.0,946.0,,,,
39590,21:44.000,21:44.028,2,298.0,977.0,498.0,1215.0,1347.0,748.0,1470.0,940.0,,,,
39605,21:44.500,21:44.528,2,289.0,982.0,490.0,1224.0,1348.0,761.0,1471.0,950.0,,,,
39620,21:45.000,21:45.028,2,294.0,980.0,494.0,1220.0,1360.0,761.0,1483.0,948.0,,,,
39635,21:45.500,21:45.528,2,307.0,973.0,507.0,1217.0,1369.0,754.0,1495.0,942.0,,,,
39650,21:46.000,21:46.030,2,341.0,949.0,537.0,1192.0,1397.0,747.0,1520.0,933.0,,,,
39665,21:46.500,21:46.530,2,410.0,947.0,600.0,1187.0,1444.0,746.0,1570.0,937.0,,,,
39680,21:47.000,21:47.030,2,457.0,942.0,642.0,1174.0,1471.0,735.0,1601.0,930.0,,,,
39695,21:47.500,21:47.530,2,457.0,944.0,643.0,1178.0,1473.0,731.0,1601.0,926.0,,,,
39710,21:48.000,21:48.030,2,470.0,946.0,653.0,1181.0,1481.0,743.0,1610.0,940.0,,,,
39725,21:48.500,21:48.530,2,464.0,948.0,647.0,1184.0,1465.0,734.0,1594.0,931.0,,,,
39740,21:49.000,21:49.030,2,463.0,947.0,646.0,1181.0,1476.0,727.0,1602.0,919.0,,,,
39755,21:49.500,21:49.530,2,452.0,951.0,635.0,1188.0,1434.0,731.0,1557.0,932.0,,,,
39770,21:50.000,21:50.032,2,461.0,951.0,644.0,1187.0,1457.0,735.0,1578.0,939.0,,,,
39785,21:50.500,21:50.532,2,465.0,948.0,648.0,1185.0,1507.0,739.0,1636.0,943.0,,,,
39800,21:51.000,21:51.032,2,470.0,929.0,653.0,1163.0,1530.0,740.0,1658.0,936.0,,,,
39815,21:51.500,21:51.532,2,490.0,927.0,671.0,1160.0,1539.0,729.0,1663.0,927.0,,,,
39830,21:52.000,21:52.032,2,559.0,897.0,734.0,1123.0,1585.0,699.0,1710.0,904.0,,,,
39845,21:52.500,21:52.523,3,650.0,826.0,818.0,1041.0,3.0,706.0,220.0,935.0,1670.0,648.0,1799.0,860.0
39860,21:53.000,21:53.023,3,623.0,810.0,795.0,1029.0,-23.0,705.0,181.0,943.0,1633.0,608.0,1762.0,814.0
39875,21:53.500,21:53.523,3,640.0,699.0,808.0,916.0,-8.0,593.0,200.0,816.0,1657.0,510.0,1788.0,720.0
39890,21:54.000,21:54.025,3,615.0,681.0,783.0,895.0,-34.0,568.0,164.0,790.0,1638.0,496.0,1768.0,709.0
39905,21:54.500,21:54.525,3,637.0,678.0,804.0,891.0,-12.0,569.0,193.0,789.0,1660.0,490.0,1791.0,706.0
39920,21:55.000,21:55.025,3,640.0,681.0,807.0,896.0,-11.0,571.0,196.0,793.0,1662.0,493.0,1792.0,707.0
39935,21:55.500,21:55.525,3,122.0,644.0,325.0,852.0,734.0,748.0,897.0,958.0,1751.0,567.0,1888.0,780.0
39950,21:56.000,21:56.025,3,2174.0,642.0,2344.0,882.0,1068.0,806.0,1218.0,1008.0,579.0,673.0,736.0,869.0
39965,21:56.500,21:56.525,3,2205.0,639.0,2384.0,882.0,1086.0,788.0,1233.0,994.0,603.0,661.0,758.0,848.0
39980,21:57.000,21:57.025,3,2161.0,675.0,2335.0,914.0,1045.0,806.0,1196.0,1014.0,542.0,673.0,699.0,865.0
39995,21:57.500,21:57.525,3,1973.0,666.0,2128.0,889.0,388.0,704.0,564.0,912.0,904.0,830.0,1059.0,1042.0
40010,21:58.000,21:58.025,3,28.0,746.0,245.0,977.0,654.0,861.0,822.0,1080.0,1678.0,674.0,1807.0,882.0
40025,21:58.500,21:58.527,3,-25.0,763.0,181.0,990.0,620.0,869.0,792.0,1092.0,1647.0,681.0,1773.0,888.0
40040,21:59.000,21:59.027,3,3.0,762.0,218.0,987.0,634.0,871.0,802.0,1092.0,1657.0,679.0,1786.0,888.0
40055,21:59.500,21:59.527,3,635.0,882.0,803.0,1102.0,-3.0,790.0,212.0,1015.0,1656.0,681.0,1786.0,888.0
40070,22:00.000,22:00.027,3,637.0,878.0,805.0,1101.0,-11.0,811.0,192.0,1033.0,1654.0,662.0,1782.0,866.0
40085,22:00.500,22:00.527,2,555.0,895.0,731.0,1126.0,1574.0,656.0,1699.0,858.0,,,,
40100,22:01.000,22:01.027,3,557.0,885.0,735.0,1107.0,1580.0,658.0,1706.0,860.0,-83.0,820.0,100.0,1050.0
40115,22:01.500,22:01.527,2,544.0,900.0,721.0,1133.0,1567.0,676.0,1691.0,877.0,,,,
40130,22:02.000,22:02.027,3,577.0,891.0,751.0,1120.0,-65.0,814.0,136.0,1042.0,1601.0,675.0,1728.0,879.0
40145,22:02.500,22:02.528,3,608.0,894.0,781.0,1121.0,-31.0,840.0,169.0,1063.0,1624.0,660.0,1752.0,863.0
40160,22:03.000,22:03.028,3,784.0,886.0,943.0,1096.0,200.0,807.0,392.0,1018.0,1804.0,661.0,1943.0,871.0
40175,22:03.500,22:03.528,3,914.0,852.0,1071.0,1067.0,1968.0,679.0,2119.0,895.0,379.0,769.0,556.0,963.0
40190,22:04.000,22:04.028,3,931.0,836.0,1087.0,1049.0,1990.0,670.0,2146.0,895.0,408.0,760.0,579.0,946.0
40205,22:04.500,22:04.528,3,882.0,846.0,1039.0,1061.0,1931.0,670.0,2081.0,892.0,346.0,770.0,523.0,964.0
40220,22:05.000,22:05.028,3,301.0,795.0,482.0,998.0,853.0,870.0,1013.0,1086.0,1898.0,680.0,2042.0,895.0
40235,22:05.500,22:05.528,3,1950.0,664.0,2102.0,885.0,897.0,833.0,1050.0,1045.0,358.0,745.0,534.0,941.0
40250,22:06.000,22:06.028,3,918.0,845.0,1077.0,1060.0,1983.0,694.0,2136.0,910.0,389.0,759.0,562.0,947.0
40265,22:06.500,22:06.530,3,934.0,839.0,1090.0,1054.0,1999.0,692.0,2157.0,916.0,407.0,747.0,579.0,940.0
40280,22:07.000,22:07.030,3,934.0,830.0,1088.0,1045.0,1997.0,679.0,2157.0,903.0,405.0,746.0,577.0,934.0
40295,22:07.500,22:07.530,3,1971.0,667.0,2124.0,885.0,911.0,827.0,1067.0,1041.0,372.0,735.0,548.0,933.0
40310,22:08.000,22:08.030,3,883.0,850.0,1039.0,1063.0,333.0,771.0,512.0,965.0,1930.0,669.0,2080.0,887.0
40325,22:08.500,22:08.530,3,874.0,847.0,1030.0,1059.0,1917.0,666.0,2066.0,883.0,320.0,766.0,499.0,959.0
40340,22:09.000,22:09.030,3,1953.0,668.0,2110.0,885.0,900.0,840.0,1052.0,1045.0,359.0,753.0,532.0,943.0
40355,22:09.500,22:09.530,3,889.0,828.0,1046.0,1037.0,1933.0,634.0,2087.0,846.0,335.0,751.0,511.0,943.0
40370,22:10.000,22:10.030,3,2046.0,641.0,2214.0,867.0,993.0,835.0,1146.0,1045.0,471.0,762.0,633.0,951.0
40385,22:10.500,22:10.530,3,1906.0,734.0,2061.0,957.0,885.0,867.0,1041.0,1080.0,352.0,762.0,522.0,958.0
40400,22:11.000,22:11.032,2,419.0,969.0,609.0,1211.0,1426.0,766.0,1553.0,960.0,,,,
40415,22:11.500,22:11.532,2,322.0,1031.0,525.0,1286.0,1360.0,786.0,1480.0,975.0,,,,
40430,22:12.000,22:12.032,2,272.0,1043.0,482.0,1300.0,1337.0,773.0,1457.0,959.0,,,,
40445,22:12.500,22:12.523,2,380.0,979.0,573.0,1223.0,1423.0,774.0,1555.0,974.0,,,,
40460,22:13.000,22:13.023,2,519.0,1096.0,704.0,1340.0,1517.0,876.0,1659.0,1097.0,,,,
40475,22:13.500,22:13.523,2,498.0,1123.0,683.0,1375.0,1508.0,918.0,1654.0,1144.0,,,,
40490,22:14.000,22:14.023,2,455.0,1118.0,644.0,1367.0,1472.0,902.0,1615.0,1123.0,,,,
40505,22:14.500,22:14.523,2,478.0,1107.0,668.0,1356.0,1476.0,895.0,1619.0,1117.0,,,,
40520,22:15.000,22:15.025,2,493.0,1110.0,675.0,1365.0,1493.0,896.0,1635.0,1117.0,,,,
40535,22:15.500,22:15.525,2,471.0,1104.0,655.0,1356.0,1492.0,892.0,1629.0,1102.0,,,,
40550,22:16.000,22:16.025,2,504.0,1105.0,685.0,1360.0,1507.0,893.0,1652.0,1107.0,,,,
40565,22:16.500,22:16.525,2,500.0,1083.0,678.0,1330.0,1495.0,905.0,1635.0,1114.0,,,,
40580,22:17.000,22:17.025,2,504.0,1120.0,684.0,1375.0,1524.0,930.0,1662.0,1142.0,,,,
40595,22:17.500,22:17.525,2,574.0,1117.0,747.0,1363.0,1565.0,950.0,1714.0,1153.0,,,,
40610,22:18.000,22:18.025,3,730.0,1078.0,896.0,1311.0,104.0,987.0,308.0,1218.0,1689.0,964.0,1847.0,1182.0
40625,22:18.500,22:18.525,3,151.0,970.0,351.0,1190.0,755.0,1066.0,918.0,1299.0,1718.0,982.0,1878.0,1192.0
40640,22:19.000,22:19.027,3,115.0,943.0,322.0,1170.0,739.0,1048.0,903.0,1281.0,1705.0,950.0,1866.0,1161.0
40655,22:19.500,22:19.527,3,746.0,1030.0,910.0,1262.0,115.0,925.0,319.0,1147.0,1717.0,910.0,1874.0,1130.0
40670,22:20.000,22:20.027,3,752.0,1003.0,914.0,1232.0,123.0,903.0,329.0,1123.0,1723.0,900.0,1878.0,1118.0
40685,22:20.500,22:20.527,3,741.0,1008.0,905.0,1240.0,128.0,920.0,330.0,1139.0,1725.0,879.0,1879.0,1095.0
40700,22:21.000,22:21.027,3,741.0,1015.0,904.0,1250.0,132.0,934.0,331.0,1155.0,1725.0,884.0,1879.0,1102.0
40715,22:21.500,22:21.527,3,744.0,995.0,906.0,1224.0,137.0,900.0,339.0,1126.0,1727.0,854.0,1882.0,1073.0
40730,22:22.000,22:22.027,3,138.0,905.0,339.0,1129.0,747.0,996.0,909.0,1226.0,1739.0,888.0,1894.0,1109.0
40745,22:22.500,22:22.527,3,128.0,950.0,331.0,1172.0,746.0,1029.0,908.0,1265.0,1721.0,908.0,1877.0,1126.0
40760,22:23.000,22:23.027,3,203.0,884.0,396.0,1089.0,1767.0,862.0,1926.0,1083.0,799.0,976.0,958.0,1204.0
40775,22:23.500,22:23.528,3,1926.0,787.0,2093.0,1015.0,382.0,769.0,558.0,960.0,934.0,869.0,1083.0,1082.0
40790,22:24.000,22:24.028,3,1984.0,808.0,2156.0,1041.0,972.0,894.0,1121.0,1106.0,434.0,784.0,607.0,974.0
40805,22:24.500,22:24.528,3,2086.0,821.0,2271.0,1070.0,1032.0,884.0,1181.0,1094.0,519.0,760.0,683.0,948.0
40820,22:25.000,22:25.028,3,1153.0,941.0,1305.0,1159.0,658.0,847.0,813.0,1023.0,2264.0,881.0,2468.0,1129.0
40835,22:25.500,22:25.528,2,1205.0,899.0,1356.0,1115.0,723.0,794.0,872.0,973.0,,,,
40850,22:26.000,22:26.028,2,1243.0,891.0,1396.0,1106.0,761.0,801.0,910.0,978.0,,,,
40865,22:26.500,22:26.528,2,1312.0,860.0,1467.0,1078.0,842.0,758.0,986.0,933.0,,,,
40880,22:27.000,22:27.028,2,1299.0,860.0,1453.0,1074.0,822.0,760.0,969.0,932.0,,,,
40895,22:27.500,22:27.530,2,1250.0,889.0,1403.0,1104.0,770.0,789.0,918.0,967.0,,,,
40910,22:28.000,22:28.030,2,1194.0,870.0,1346.0,1082.0,711.0,767.0,861.0,945.0,,,,
40925,22:28.500,22:28.530,2,1164.0,808.0,1318.0,1024.0,675.0,712.0,828.0,895.0,,,,
40940,22:29.000,22:29.030,2,1159.0,880.0,1311.0,1093.0,671.0,787.0,825.0,962.0,,,,
40955,22:29.500,22:29.530,3,1154.0,811.0,1304.0,1024.0,663.0,703.0,818.0,891.0,2278.0,764.0,2474.0,1001.0
40970,22:30.000,22:30.030,3,1128.0,864.0,1279.0,1075.0,2232.0,763.0,2426.0,1006.0,636.0,771.0,791.0,952.0
40985,22:30.500,22:30.530,3,2215.0,790.0,2404.0,1035.0,1132.0,879.0,1283.0,1087.0,637.0,781.0,791.0,961.0
41000,22:31.000,22:31.030,3,2212.0,803.0,2410.0,1050.0,1126.0,880.0,1279.0,1089.0,631.0,780.0,789.0,963.0
41015,22:31.500,22:31.532,3,2170.0,779.0,2366.0,1024.0,1101.0,874.0,1253.0,1086.0,601.0,781.0,757.0,962.0
41030,22:32.000,22:32.023,3,2150.0,776.0,2345.0,1023.0,1092.0,885.0,1243.0,1097.0,588.0,797.0,746.0,977.0
41045,22:32.500,22:32.523,3,2162.0,790.0,2356.0,1036.0,1097.0,892.0,1250.0,1103.0,597.0,793.0,756.0,979.0
41060,22:33.000,22:33.023,3,2175.0,815.0,2377.0,1062.0,1107.0,898.0,1259.0,1113.0,609.0,797.0,763.0,985.0
41075,22:33.500,22:33.523,3,2164.0,786.0,2355.0,1030.0,1097.0,873.0,1250.0,1090.0,592.0,775.0,748.0,962.0
41090,22:34.000,22:34.023,3,2181.0,781.0,2380.0,1025.0,1109.0,865.0,1261.0,1080.0,612.0,766.0,766.0,952.0
41105,22:34.500,22:34.523,3,2189.0,798.0,2387.0,1044.0,1115.0,878.0,1266.0,1089.0,618.0,771.0,775.0,959.0
41120,22:35.000,22:35.023,3,2194.0,806.0,2391.0,1050.0,1118.0,877.0,1268.0,1088.0,621.0,773.0,776.0,954.0
41135,22:35.500,22:35.523,3,2186.0,803.0,2384.0,1047.0,1100.0,876.0,1256.0,1091.0,616.0,771.0,769.0,956.0
41150,22:36.000,22:36.025,3,1105.0,878.0,1258.0,1094.0,2214.0,821.0,2411.0,1066.0,634.0,765.0,791.0,954.0
41165,22:36.500,22:36.525,3,1119.0,878.0,1273.0,1091.0,2222.0,823.0,2414.0,1068.0,641.0,769.0,794.0,955.0
41180,22:37.000,22:37.025,3,2252.0,843.0,2442.0,1087.0,1137.0,877.0,1291.0,1084.0,664.0,759.0,817.0,939.0
41195,22:37.500,22:37.525,3,2230.0,820.0,2428.0,1070.0,1130.0,872.0,1281.0,1081.0,654.0,760.0,806.0,939.0
41210,22:38.000,22:38.025,3,2198.0,819.0,2391.0,1062.0,1127.0,873.0,1281.0,1080.0,652.0,761.0,805.0,941.0
41225,22:38.500,22:38.525,3,2172.0,847.0,2353.0,1077.0,1126.0,884.0,1282.0,1093.0,654.0,768.0,806.0,952.0
41240,22:39.000,22:39.025,3,2191.0,826.0,2373.0,1053.0,1122.0,882.0,1276.0,1094.0,646.0,771.0,798.0,954.0
41255,22:39.500,22:39.525,3,1115.0,886.0,1268.0,1102.0,2219.0,799.0,2401.0,1028.0,639.0,781.0,791.0,963.0
41270,22:40.000,22:40.027,3,1115.0,880.0,1268.0,1096.0,2224.0,789.0,2411.0,1025.0,640.0,775.0,793.0,957.0
41285,22:40.500,22:40.527,3,1118.0,881.0,1270.0,1095.0,2230.0,786.0,2418.0,1024.0,643.0,774.0,795.0,957.0
41300,22:41.000,22:41.027,3,1115.0,883.0,1268.0,1100.0,2229.0,790.0,2417.0,1027.0,642.0,781.0,794.0,962.0
41315,22:41.500,22:41.527,3,1113.0,884.0,1265.0,1098.0,2226.0,786.0,2412.0,1023.0,636.0,775.0,792.0,963.0
41330,22:42.000,22:42.027,3,2204.0,773.0,2393.0,1006.0,1099.0,878.0,1255.0,1093.0,617.0,777.0,774.0,964.0
41345,22:42.500,22:42.527,3,2178.0,786.0,2361.0,1018.0,1084.0,899.0,1236.0,1114.0,601.0,801.0,757.0,991.0
41360,22:43.000,22:43.027,3,2175.0,808.0,2358.0,1038.0,1081.0,923.0,1234.0,1135.0,597.0,819.0,753.0,1014.0
41375,22:43.500,22:43.527,3,2090.0,757.0,2266.0,981.0,1027.0,896.0,1179.0,1106.0,526.0,807.0,688.0,996.0
41390,22:44.000,22:44.028,3,2095.0,694.0,2270.0,917.0,1030.0,837.0,1183.0,1047.0,530.0,760.0,692.0,943.0
41405,22:44.500,22:44.528,3,1915.0,685.0,2074.0,904.0,354.0,804.0,532.0,1011.0,897.0,881.0,1053.0,1086.0
41420,22:45.000,22:45.028,3,905.0,1004.0,1063.0,1223.0,1923.0,784.0,2083.0,1001.0,359.0,946.0,537.0,1160.0
41435,22:45.500,22:45.528,3,1016.0,1149.0,1178.0,1381.0,2086.0,945.0,2263.0,1172.0,503.0,1085.0,673.0,1293.0
41450,22:46.000,22:46.028,2,1170.0,1123.0,1333.0,1356.0,703.0,1040.0,857.0,1238.0,,,,
41465,22:46.500,22:46.528,2,1230.0,1049.0,1388.0,1274.0,775.0,970.0,925.0,1153.0,,,,
41480,22:47.000,22:47.028,2,1448.0,1029.0,1611.0,1259.0,1006.0,924.0,1147.0,1107.0,,,,
41495,22:47.500,22:47.528,2,1640.0,1024.0,1817.0,1258.0,1179.0,909.0,1323.0,1095.0,,,,
41510,22:48.000,22:48.028,2,1686.0,1037.0,1867.0,1276.0,1201.0,910.0,1339.0,1092.0,,,,
41525,22:48.500,22:48.530,2,1680.0,1049.0,1864.0,1288.0,1187.0,913.0,1322.0,1098.0,,,,
41540,22:49.000,22:49.030,2,1635.0,1038.0,1813.0,1274.0,1150.0,914.0,1287.0,1092.0,,,,
41555,22:49.500,22:49.530,2,1602.0,1038.0,1776.0,1268.0,1124.0,908.0,1262.0,1090.0,,,,
41570,22:50.000,22:50.030,2,1557.0,1025.0,1729.0,1254.0,1082.0,893.0,1218.0,1073.0,,,,
41585,22:50.500,22:50.530,2,1486.0,992.0,1653.0,1212.0,1008.0,891.0,1147.0,1065.0,,,,
41600,22:51.000,22:51.030,3,1152.0,971.0,1311.0,1191.0,2240.0,781.0,2428.0,1017.0,654.0,904.0,805.0,1083.0
41615,22:51.500,22:51.522,2,275.0,1042.0,485.0,1297.0,1387.0,819.0,1511.0,1013.0,,,,
41630,22:52.000,22:52.022,2,134.0,1065.0,357.0,1334.0,1326.0,831.0,1448.0,1013.0,,,,
41645,22:52.500,22:52.523,2,107.0,1062.0,332.0,1331.0,1298.0,804.0,1418.0,986.0,,,,
41660,22:53.000,22:53.023,2,86.0,1020.0,312.0,1288.0,1229.0,767.0,1359.0,957.0,,,,
41675,22:53.500,22:53.523,2,171.0,982.0,388.0,1242.0,1224.0,759.0,1374.0,944.0,,,,
41690,22:54.000,22:54.023,3,761.0,826.0,922.0,1042.0,1701.0,700.0,1870.0,890.0,234.0,743.0,404.0,947.0
41705,22:54.500,22:54.523,2,1239.0,622.0,1392.0,832.0,811.0,532.0,946.0,705.0,,,,
41720,22:55.000,22:55.023,2,1240.0,402.0,1395.0,623.0,788.0,313.0,934.0,499.0,,,,
41735,22:55.500,22:55.523,2,1230.0,346.0,1388.0,568.0,744.0,259.0,902.0,457.0,,,,
41750,22:56.000,22:56.023,2,1061.0,317.0,1217.0,534.0,511.0,216.0,687.0,425.0,,,,
41765,22:56.500,22:56.525,3,113.0,185.0,332.0,423.0,769.0,284.0,939.0,516.0,1886.0,129.0,2071.0,366.0
41780,22:57.000,22:57.025,3,225.0,179.0,431.0,414.0,848.0,283.0,1014.0,511.0,1911.0,151.0,2072.0,397.0
41794,22:57.500,22:57.525,3,1045.0,304.0,1206.0,534.0,459.0,225.0,649.0,437.0,1882.0,154.0,2059.0,409.0
41809,22:58.000,22:58.025,3,1329.0,707.0,1489.0,927.0,1852.0,580.0,2033.0,819.0,809.0,634.0,972.0,823.0
41824,22:58.500,22:58.525,3,1416.0,872.0,1579.0,1098.0,1963.0,769.0,2151.0,1014.0,909.0,760.0,1072.0,957.0
41839,22:59.000,22:59.025,3,1415.0,849.0,1577.0,1073.0,1962.0,755.0,2155.0,1001.0,904.0,742.0,1064.0,941.0
41854,22:59.500,22:59.525,3,1267.0,802.0,1425.0,1022.0,1787.0,706.0,1956.0,941.0,743.0,692.0,914.0,889.0
41869,23:00.000,23:00.025,3,1736.0,701.0,1901.0,937.0,1228.0,790.0,1386.0,1011.0,700.0,677.0,873.0,883.0
41884,23:00.500,23:00.525,3,1720.0,702.0,1882.0,929.0,1215.0,791.0,1372.0,1011.0,686.0,676.0,857.0,884.0
41899,23:01.000,23:01.027,3,1216.0,794.0,1375.0,1017.0,1723.0,706.0,1885.0,933.0,688.0,683.0,858.0,886.0
41914,23:01.500,23:01.527,3,1191.0,793.0,1348.0,1009.0,1689.0,699.0,1854.0,926.0,664.0,678.0,837.0,887.0
41929,23:02.000,23:02.027,3,1265.0,836.0,1423.0,1055.0,1771.0,745.0,1939.0,973.0,753.0,719.0,924.0,926.0
41944,23:02.500,23:02.527,3,1697.0,709.0,1859.0,935.0,1199.0,805.0,1356.0,1021.0,676.0,690.0,851.0,897.0
41959,23:03.000,23:03.027,3,423.0,684.0,615.0,902.0,986.0,794.0,1147.0,1014.0,1470.0,703.0,1618.0,918.0
41974,23:03.500,23:03.527,3,607.0,723.0,787.0,928.0,1611.0,711.0,1766.0,928.0,1132.0,821.0,1290.0,1032.0
41989,23:04.000,23:04.027,3,1798.0,716.0,1966.0,947.0,1303.0,822.0,1460.0,1041.0,798.0,719.0,966.0,918.0
42004,23:04.500,23:04.527,3,1842.0,715.0,2011.0,948.0,1333.0,808.0,1491.0,1024.0,824.0,695.0,987.0,888.0
42019,23:05.000,23:05.028,3,1720.0,690.0,1882.0,923.0,1230.0,784.0,1388.0,1005.0,698.0,677.0,870.0,880.0
42034,23:05.500,23:05.528,3,1074.0,787.0,1229.0,1007.0,1548.0,677.0,1700.0,894.0,517.0,689.0,701.0,892.0
42049,23:06.000,23:06.028,3,146.0,697.0,373.0,927.0,791.0,803.0,957.0,1032.0,1258.0,682.0,1398.0,886.0
42064,23:06.500,23:06.528,3,217.0,709.0,434.0,941.0,834.0,820.0,1000.0,1050.0,1309.0,705.0,1449.0,910.0
42079,23:07.000,23:07.028,3,224.0,759.0,439.0,990.0,842.0,862.0,1004.0,1086.0,1334.0,727.0,1468.0,928.0
42094,23:07.500,23:07.528,3,227.0,782.0,446.0,1011.0,845.0,876.0,1008.0,1103.0,1336.0,746.0,1472.0,948.0
42109,23:08.000,23:08.028,3,232.0,775.0,451.0,1002.0,850.0,870.0,1014.0,1094.0,1351.0,739.0,1490.0,944.0
42124,23:08.500,23:08.528,3,305.0,762.0,511.0,992.0,901.0,868.0,1061.0,1087.0,1392.0,742.0,1533.0,945.0
42139,23:09.000,23:09.030,3,343.0,760.0,548.0,986.0,933.0,865.0,1094.0,1088.0,1426.0,751.0,1565.0,955.0
42154,23:09.500,23:09.530,3,370.0,760.0,570.0,977.0,954.0,860.0,1115.0,1083.0,1450.0,754.0,1590.0,957.0
42169,23:10.000,23:10.030,3,383.0,760.0,583.0,971.0,965.0,852.0,1125.0,1075.0,1455.0,748.0,1598.0,954.0
42184,23:10.500,23:10.530,3,975.0,845.0,1135.0,1069.0,400.0,749.0,595.0,963.0,1464.0,740.0,1610.0,954.0
42199,23:11.000,23:11.022,3,981.0,850.0,1143.0,1074.0,407.0,747.0,603.0,962.0,1472.0,748.0,1617.0,957.0
42214,23:11.500,23:11.522,3,421.0,747.0,614.0,961.0,995.0,857.0,1154.0,1076.0,1485.0,758.0,1630.0,963.0
42229,23:12.000,23:12.022,3,437.0,739.0,629.0,960.0,1003.0,861.0,1161.0,1079.0,1493.0,763.0,1638.0,968.0
42244,23:12.500,23:12.522,3,439.0,736.0,631.0,958.0,1004.0,863.0,1161.0,1080.0,1492.0,762.0,1638.0,967.0
42259,23:13.000,23:13.022,3,430.0,748.0,621.0,968.0,996.0,866.0,1154.0,1085.0,1482.0,760.0,1627.0,968.0
42274,23:13.500,23:13.523,3,415.0,743.0,612.0,961.0,990.0,852.0,1150.0,1073.0,1475.0,740.0,1618.0,953.0
42289,23:14.000,23:14.023,3,1051.0,837.0,1210.0,1062.0,492.0,725.0,679.0,939.0,1542.0,735.0,1689.0,950.0
42304,23:14.500,23:14.523,3,522.0,728.0,705.0,942.0,1074.0,843.0,1229.0,1063.0,1569.0,736.0,1717.0,953.0
42319,23:15.000,23:15.023,3,1095.0,856.0,1254.0,1076.0,545.0,748.0,727.0,956.0,1592.0,750.0,1741.0,964.0
42334,23:15.500,23:15.523,3,1106.0,865.0,1266.0,1080.0,556.0,754.0,737.0,963.0,1602.0,759.0,1752.0,973.0
42349,23:16.000,23:16.023,3,548.0,754.0,728.0,971.0,1094.0,869.0,1251.0,1086.0,1587.0,759.0,1737.0,972.0
42364,23:16.500,23:16.523,3,1177.0,874.0,1335.0,1093.0,1678.0,767.0,1835.0,988.0,644.0,775.0,818.0,978.0
42379,23:17.000,23:17.023,3,1725.0,787.0,1883.0,1010.0,1214.0,890.0,1372.0,1109.0,690.0,774.0,861.0,991.0
42394,23:17.500,23:17.525,3,1249.0,895.0,1405.0,1112.0,1762.0,787.0,1927.0,1014.0,722.0,791.0,890.0,994.0
42409,23:18.000,23:18.025,3,1783.0,781.0,1944.0,1009.0,1262.0,885.0,1420.0,1108.0,737.0,790.0,908.0,993.0
42424,23:18.500,23:18.525,3,1793.0,783.0,1957.0,1013.0,1271.0,889.0,1430.0,1111.0,753.0,782.0,921.0,986.0
42439,23:19.000,23:19.025,3,1790.0,783.0,1952.0,1013.0,1268.0,887.0,1428.0,1108.0,748.0,781.0,916.0,980.0
42454,23:19.500,23:19.525,3,1787.0,781.0,1949.0,1010.0,1267.0,883.0,1425.0,1105.0,765.0,770.0,933.0,972.0
42469,23:20.000,23:20.025,3,1775.0,774.0,1938.0,1003.0,1258.0,881.0,1416.0,1098.0,754.0,746.0,922.0,952.0
42484,23:20.500,23:20.525,3,1777.0,781.0,1940.0,1009.0,1257.0,883.0,1416.0,1104.0,748.0,756.0,920.0,964.0
42499,23:21.000,23:21.025,3,1768.0,775.0,1933.0,1004.0,1247.0,883.0,1406.0,1100.0,733.0,776.0,906.0,973.0
42514,23:21.500,23:21.525,3,1237.0,874.0,1395.0,1092.0,1753.0,766.0,1917.0,993.0,714.0,762.0,887.0,965.0
42529,23:22.000,23:22.027,3,1234.0,869.0,1392.0,1088.0,1749.0,761.0,1913.0,985.0,714.0,760.0,886.0,962.0
42544,23:22.500,23:22.527,3,635.0,766.0,810.0,965.0,1170.0,867.0,1328.0,1085.0,1673.0,752.0,1829.0,968.0
42559,23:23.000,23:23.027,3,556.0,762.0,739.0,967.0,1097.0,862.0,1255.0,1085.0,1597.0,748.0,1746.0,959.0
42574,23:23.500,23:23.527,3,557.0,773.0,740.0,975.0,1101.0,863.0,1260.0,1084.0,1606.0,742.0,1757.0,959.0
42589,23:24.000,23:24.027,3,532.0,781.0,716.0,988.0,1083.0,864.0,1241.0,1085.0,1579.0,734.0,1732.0,948.0
42604,23:24.500,23:24.527,3,537.0,796.0,719.0,999.0,1084.0,867.0,1241.0,1087.0,1578.0,734.0,1730.0,949.0
42619,23:25.000,23:25.027,3,1092.0,887.0,1251.0,1105.0,1595.0,758.0,1745.0,969.0,552.0,843.0,729.0,1025.0
42634,23:25.500,23:25.527,3,1109.0,880.0,1264.0,1100.0,1613.0,757.0,1765.0,962.0,570.0,818.0,743.0,1010.0
42649,23:26.000,23:26.028,3,1120.0,879.0,1275.0,1102.0,577.0,795.0,755.0,1005.0,1624.0,756.0,1777.0,968.0
42664,23:26.500,23:26.528,3,582.0,772.0,761.0,976.0,1126.0,869.0,1281.0,1083.0,1634.0,739.0,1787.0,953.0
42679,23:27.000,23:27.028,3,1141.0,847.0,1297.0,1071.0,587.0,746.0,765.0,955.0,1647.0,724.0,1803.0,941.0
42694,23:27.500,23:27.528,3,1145.0,844.0,1302.0,1063.0,1653.0,724.0,1809.0,940.0,594.0,750.0,773.0,956.0
42709,23:28.000,23:28.028,3,1149.0,852.0,1306.0,1071.0,601.0,758.0,781.0,962.0,1659.0,739.0,1812.0,955.0
42724,23:28.500,23:28.528,3,1146.0,860.0,1302.0,1075.0,1641.0,736.0,1796.0,953.0,600.0,754.0,781.0,962.0
42739,23:29.000,23:29.028,3,1144.0,853.0,1300.0,1071.0,607.0,753.0,786.0,963.0,1640.0,728.0,1792.0,943.0
42754,23:29.500,23:29.528,3,1149.0,851.0,1306.0,1071.0,1644.0,730.0,1798.0,946.0,610.0,758.0,789.0,963.0
42769,23:30.000,23:30.028,3,1150.0,844.0,1307.0,1062.0,1651.0,726.0,1806.0,943.0,611.0,755.0,791.0,956.0
42784,23:30.500,23:30.530,3,1144.0,839.0,1302.0,1059.0,607.0,743.0,787.0,951.0,1646.0,725.0,1798.0,941.0
42799,23:31.000,23:31.030,3,1145.0,836.0,1302.0,1057.0,606.0,736.0,786.0,947.0,1644.0,721.0,1796.0,941.0
42814,23:31.500,23:31.522,3,592.0,733.0,770.0,939.0,1132.0,835.0,1287.0,1052.0,1632.0,710.0,1785.0,924.0
42829,23:32.000,23:32.022,3,1131.0,840.0,1286.0,1059.0,592.0,742.0,771.0,948.0,1628.0,719.0,1778.0,930.0
42844,23:32.500,23:32.522,3,1125.0,836.0,1282.0,1056.0,586.0,738.0,765.0,946.0,1622.0,711.0,1774.0,926.0
42859,23:33.000,23:33.022,3,1118.0,813.0,1276.0,1033.0,579.0,713.0,758.0,927.0,1616.0,688.0,1766.0,903.0
42874,23:33.500,23:33.522,3,1123.0,800.0,1278.0,1016.0,582.0,691.0,763.0,904.0,1620.0,673.0,1770.0,895.0
42889,23:34.000,23:34.022,3,592.0,699.0,773.0,913.0,1132.0,810.0,1289.0,1026.0,1629.0,687.0,1780.0,903.0
42904,23:34.500,23:34.523,3,587.0,711.0,767.0,920.0,1126.0,812.0,1283.0,1028.0,1618.0,690.0,1769.0,904.0
42919,23:35.000,23:35.023,3,1125.0,813.0,1282.0,1033.0,582.0,711.0,761.0,918.0,1622.0,688.0,1773.0,902.0
42934,23:35.500,23:35.523,3,586.0,701.0,767.0,910.0,1132.0,815.0,1289.0,1033.0,1631.0,693.0,1783.0,909.0
42949,23:36.000,23:36.023,3,581.0,701.0,760.0,909.0,1127.0,810.0,1283.0,1029.0,1620.0,688.0,1769.0,902.0
42964,23:36.500,23:36.523,3,584.0,700.0,764.0,911.0,1132.0,809.0,1287.0,1025.0,1611.0,688.0,1761.0,900.0
42979,23:37.000,23:37.023,3,606.0,679.0,783.0,893.0,1146.0,797.0,1302.0,1016.0,1632.0,678.0,1783.0,901.0
42994,23:37.500,23:37.523,3,1185.0,724.0,1344.0,945.0,1683.0,615.0,1835.0,833.0,656.0,624.0,830.0,821.0
43009,23:38.000,23:38.023,3,1293.0,737.0,1451.0,955.0,1810.0,622.0,1976.0,851.0,773.0,638.0,941.0,833.0
43024,23:38.500,23:38.525,3,1303.0,738.0,1460.0,953.0,1822.0,624.0,1988.0,855.0,786.0,633.0,952.0,829.0
43039,23:39.000,23:39.025,3,1307.0,733.0,1464.0,949.0,792.0,624.0,957.0,823.0,1793.0,627.0,1956.0,855.0
43054,23:39.500,23:39.525,3,1313.0,738.0,1472.0,954.0,1793.0,632.0,1957.0,862.0,794.0,625.0,963.0,824.0
43069,23:40.000,23:40.025,3,1787.0,653.0,1951.0,883.0,1306.0,764.0,1465.0,977.0,790.0,648.0,956.0,849.0
43084,23:40.500,23:40.525,3,1327.0,706.0,1487.0,925.0,1813.0,599.0,1976.0,829.0,813.0,599.0,981.0,792.0
43099,23:41.000,23:41.025,3,1285.0,717.0,1446.0,935.0,1761.0,596.0,1924.0,827.0,727.0,620.0,901.0,824.0
43114,23:41.500,23:41.525,3,1053.0,759.0,1213.0,977.0,503.0,659.0,697.0,883.0,1503.0,639.0,1652.0,846.0
43129,23:42.000,23:42.025,3,509.0,639.0,696.0,843.0,1062.0,775.0,1219.0,991.0,1522.0,676.0,1676.0,892.0
43144,23:42.500,23:42.527,3,663.0,688.0,837.0,896.0,1656.0,731.0,1814.0,949.0,1179.0,811.0,1338.0,1029.0
43159,23:43.000,23:43.027,3,1661.0,714.0,1817.0,933.0,1170.0,812.0,1328.0,1029.0,638.0,721.0,813.0,913.0
43174,23:43.500,23:43.527,3,1685.0,705.0,1843.0,928.0,1185.0,798.0,1344.0,1018.0,674.0,690.0,847.0,898.0
43189,23:44.000,23:44.027,3,1744.0,761.0,1908.0,988.0,1228.0,833.0,1387.0,1050.0,730.0,721.0,900.0,920.0
43204,23:44.500,23:44.527,3,1765.0,754.0,1934.0,983.0,1243.0,821.0,1399.0,1035.0,733.0,724.0,907.0,934.0
43219,23:45.000,23:45.027,3,602.0,702.0,779.0,910.0,1147.0,783.0,1299.0,995.0,1657.0,688.0,1813.0,906.0
43234,23:45.500,23:45.527,3,1153.0,785.0,1312.0,1002.0,630.0,710.0,807.0,911.0,1672.0,701.0,1831.0,919.0
43249,23:46.000,23:46.027,3,604.0,700.0,785.0,916.0,1135.0,779.0,1297.0,1001.0,1643.0,674.0,1801.0,893.0
43264,23:46.500,23:46.527,3,1204.0,787.0,1364.0,1015.0,678.0,699.0,855.0,907.0,1706.0,699.0,1867.0,919.0
43279,23:47.000,23:47.028,3,1214.0,796.0,1373.0,1018.0,1724.0,717.0,1880.0,933.0,697.0,701.0,869.0,910.0
43294,23:47.500,23:47.528,3,1724.0,728.0,1882.0,947.0,702.0,704.0,872.0,917.0,1217.0,802.0,1375.0,1018.0
43309,23:48.000,23:48.028,3,665.0,716.0,838.0,923.0,1187.0,797.0,1346.0,1017.0,1693.0,722.0,1848.0,938.0
43324,23:48.500,23:48.528,3,1233.0,817.0,1391.0,1037.0,704.0,719.0,877.0,924.0,1743.0,746.0,1905.0,968.0
43339,23:49.000,23:49.028,3,1173.0,882.0,1331.0,1103.0,1671.0,797.0,1826.0,1017.0,586.0,843.0,757.0,1035.0
43354,23:49.500,23:49.528,3,1042.0,859.0,1201.0,1082.0,450.0,833.0,644.0,1051.0,1537.0,768.0,1683.0,982.0
43369,23:50.000,23:50.028,3,1094.0,850.0,1255.0,1074.0,534.0,826.0,717.0,1029.0,1600.0,773.0,1750.0,986.0
43384,23:50.500,23:50.528,3,554.0,809.0,737.0,1022.0,1112.0,858.0,1268.0,1076.0,1616.0,768.0,1768.0,985.0
43399,23:51.000,23:51.030,3,1730.0,795.0,1888.0,1023.0,688.0,779.0,863.0,1003.0,1207.0,877.0,1364.0,1094.0
43414,23:51.500,23:51.530,3,1251.0,900.0,1407.0,1119.0,1785.0,827.0,1945.0,1057.0,731.0,812.0,905.0,1018.0
43429,23:52.000,23:52.022,3,1249.0,885.0,1409.0,1103.0,1785.0,802.0,1946.0,1033.0,735.0,790.0,911.0,1002.0
43444,23:52.500,23:52.522,3,1809.0,796.0,1975.0,1031.0,1271.0,873.0,1430.0,1090.0,762.0,785.0,934.0,988.0
43459,23:53.000,23:53.022,3,1794.0,772.0,1956.0,1015.0,1255.0,857.0,1414.0,1074.0,743.0,764.0,916.0,971.0
43474,23:53.500,23:53.522,3,315.0,763.0,522.0,991.0,888.0,828.0,1050.0,1053.0,1409.0,731.0,1550.0,938.0
43489,23:54.000,23:54.022,3,194.0,946.0,418.0,1187.0,797.0,959.0,968.0,1195.0,1322.0,819.0,1462.0,1024.0
43504,23:54.500,23:54.522,3,749.0,1016.0,925.0,1261.0,122.0,1049.0,355.0,1287.0,1267.0,852.0,1405.0,1055.0
43519,23:55.000,23:55.023,2,-45.0,999.0,218.0,1271.0,620.0,723.0,778.0,937.0,,,,
43534,23:55.500,23:55.523,2,170.0,981.0,401.0,1230.0,769.0,715.0,920.0,923.0,,,,
43549,23:56.000,23:56.023,2,398.0,970.0,604.0,1215.0,941.0,723.0,1083.0,929.0,,,,
43564,23:56.500,23:56.523,3,1033.0,984.0,1220.0,1197.0,497.0,1141.0,699.0,1355.0,1484.0,680.0,1634.0,877.0
43579,23:57.000,23:57.023,3,1942.0,460.0,2149.0,673.0,1530.0,944.0,1745.0,1127.0,1088.0,1189.0,1266.0,1375.0
43594,23:57.500,23:57.523,3,2131.0,348.0,2394.0,565.0,1340.0,1234.0,1534.0,1422.0,1761.0,929.0,2019.0,1119.0
43609,23:58.000,23:58.023,3,2068.0,531.0,2314.0,742.0,1230.0,1315.0,1421.0,1508.0,1693.0,1059.0,1927.0,1244.0
43624,23:58.500,23:58.523,1,1740.0,1336.0,1984.0,1521.0,,,,,,,,
43639,23:59.000,23:59.023,1,811.0,1293.0,999.0,1509.0,,,,,,,,
43654,23:59.500,23:59.525,1,663.0,1038.0,851.0,1250.0,,,,,,,,
43669,24:00.000,24:00.025,2,603.0,1024.0,788.0,1234.0,981.0,1385.0,1133.0,1510.0,,,,
43684,24:00.500,24:00.525,1,530.0,1088.0,723.0,1316.0,,,,,,,,
43699,24:01.000,24:01.025,1,608.0,1065.0,800.0,1284.0,,,,,,,,
43714,24:01.500,24:01.525,1,636.0,1079.0,824.0,1300.0,,,,,,,,
43729,24:02.000,24:02.025,1,663.0,1093.0,848.0,1312.0,,,,,,,,
43744,24:02.500,24:02.525,1,637.0,1110.0,825.0,1327.0,,,,,,,,
43759,24:03.000,24:03.025,1,623.0,1100.0,812.0,1325.0,,,,,,,,
43774,24:03.500,24:03.527,1,612.0,1106.0,801.0,1326.0,,,,,,,,
43789,24:04.000,24:04.027,1,614.0,1099.0,800.0,1312.0,,,,,,,,
43804,24:04.500,24:04.527,1,613.0,1082.0,799.0,1298.0,,,,,,,,
43819,24:05.000,24:05.027,1,613.0,1079.0,800.0,1298.0,,,,,,,,
43834,24:05.500,24:05.527,1,601.0,1076.0,788.0,1301.0,,,,,,,,
43849,24:06.000,24:06.027,1,635.0,1067.0,824.0,1287.0,,,,,,,,
43864,24:06.500,24:06.527,1,656.0,1071.0,840.0,1286.0,,,,,,,,
43879,24:07.000,24:07.027,1,664.0,1068.0,849.0,1283.0,,,,,,,,
43894,24:07.500,24:07.528,1,665.0,1053.0,852.0,1260.0,,,,,,,,
43909,24:08.000,24:08.028,1,646.0,1105.0,833.0,1323.0,,,,,,,,
43924,24:08.500,24:08.528,1,607.0,1147.0,798.0,1374.0,,,,,,,,
43939,24:09.000,24:09.028,3,1507.0,1260.0,1661.0,1499.0,452.0,1086.0,652.0,1333.0,974.0,1282.0,1149.0,1509.0
43954,24:09.500,24:09.528,3,836.0,972.0,1005.0,1209.0,238.0,865.0,457.0,1105.0,1286.0,904.0,1429.0,1111.0
43969,24:10.000,24:10.028,3,700.0,798.0,875.0,1036.0,20.0,798.0,265.0,1034.0,1159.0,663.0,1300.0,865.0
43984,24:10.500,24:10.528,2,463.0,913.0,656.0,1163.0,969.0,710.0,1115.0,914.0,,,,
43999,24:11.000,24:11.028,2,384.0,1019.0,590.0,1285.0,918.0,807.0,1067.0,1022.0,,,,
44014,24:11.500,24:11.528,2,476.0,1066.0,673.0,1305.0,988.0,800.0,1133.0,1004.0,,,,
44029,24:12.000,24:12.022,3,645.0,1014.0,836.0,1256.0,-46.0,1159.0,195.0,1424.0,1120.0,746.0,1264.0,945.0
44044,24:12.500,24:12.522,3,633.0,1037.0,827.0,1273.0,1103.0,753.0,1248.0,951.0,-62.0,1196.0,177.0,1470.0
44059,24:13.000,24:13.022,3,642.0,1083.0,839.0,1312.0,-61.0,1249.0,182.0,1515.0,1101.0,782.0,1250.0,980.0
44074,24:13.500,24:13.522,3,705.0,1118.0,899.0,1344.0,1141.0,793.0,1292.0,987.0,18.0,1327.0,275.0,1524.0
44089,24:14.000,24:14.022,3,706.0,1130.0,899.0,1356.0,1138.0,795.0,1291.0,987.0,35.0,1356.0,276.0,1521.0
44104,24:14.500,24:14.522,2,696.0,1145.0,898.0,1366.0,1126.0,804.0,1278.0,992.0,,,,
44119,24:15.000,24:15.022,2,689.0,1149.0,890.0,1368.0,1112.0,796.0,1270.0,990.0,,,,
44134,24:15.500,24:15.522,2,688.0,1149.0,892.0,1366.0,1120.0,796.0,1273.0,987.0,,,,
44149,24:16.000,24:16.023,3,751.0,1132.0,945.0,1344.0,1180.0,784.0,1331.0,973.0,100.0,1333.0,346.0,1513.0
44164,24:16.500,24:16.523,3,305.0,1180.0,533.0,1452.0,910.0,1042.0,1094.0,1266.0,1335.0,734.0,1485.0,929.0
44179,24:17.000,24:17.023,3,1197.0,967.0,1373.0,1176.0,674.0,1107.0,862.0,1322.0,1630.0,646.0,1791.0,846.0
44194,24:17.500,24:17.523,3,1521.0,917.0,1716.0,1150.0,2036.0,590.0,2235.0,822.0,1021.0,1023.0,1193.0,1238.0
44209,24:18.000,24:18.023,3,2113.0,612.0,2316.0,854.0,1548.0,883.0,1732.0,1114.0,1031.0,935.0,1197.0,1141.0
44224,24:18.500,24:18.523,3,1272.0,732.0,1434.0,956.0,1806.0,586.0,1973.0,814.0,756.0,692.0,927.0,894.0
44239,24:19.000,24:19.023,3,1173.0,563.0,1330.0,780.0,640.0,423.0,822.0,631.0,1704.0,508.0,1866.0,731.0
44254,24:19.500,24:19.523,3,1658.0,486.0,1817.0,709.0,1127.0,528.0,1285.0,746.0,573.0,368.0,761.0,580.0
44269,24:20.000,24:20.023,3,556.0,550.0,744.0,756.0,1631.0,614.0,1784.0,832.0,1107.0,674.0,1266.0,893.0
44284,24:20.500,24:20.525,3,1112.0,833.0,1268.0,1048.0,563.0,728.0,747.0,928.0,1625.0,755.0,1780.0,971.0
44299,24:21.000,24:21.025,3,974.0,730.0,1135.0,952.0,390.0,609.0,588.0,810.0,1488.0,675.0,1634.0,885.0
44314,24:21.500,24:21.525,3,947.0,784.0,1107.0,1003.0,364.0,668.0,567.0,886.0,1458.0,707.0,1602.0,919.0
44329,24:22.000,24:22.025,3,1038.0,787.0,1199.0,1006.0,487.0,680.0,675.0,892.0,1553.0,710.0,1702.0,922.0
44344,24:22.500,24:22.525,3,530.0,712.0,716.0,924.0,1077.0,814.0,1238.0,1032.0,1592.0,727.0,1742.0,941.0
44359,24:23.000,24:23.025,3,1100.0,829.0,1260.0,1047.0,1617.0,737.0,1769.0,951.0,563.0,757.0,742.0,948.0
44374,24:23.500,24:23.525,3,1772.0,770.0,1936.0,997.0,1238.0,863.0,1397.0,1076.0,731.0,771.0,899.0,959.0
44389,24:24.000,24:24.025,3,1813.0,794.0,1980.0,1021.0,1275.0,880.0,1436.0,1098.0,768.0,782.0,935.0,966.0
44404,24:24.500,24:24.527,3,1846.0,785.0,2012.0,1015.0,1298.0,863.0,1457.0,1078.0,790.0,754.0,957.0,951.0
44419,24:25.000,24:25.027,3,1786.0,766.0,1949.0,991.0,1248.0,849.0,1406.0,1067.0,731.0,731.0,902.0,938.0
44434,24:25.500,24:25.527,3,1232.0,852.0,1392.0,1069.0,1762.0,762.0,1927.0,988.0,715.0,754.0,883.0,947.0
44449,24:26.000,24:26.027,3,1762.0,763.0,1926.0,991.0,710.0,738.0,881.0,940.0,1251.0,868.0,1402.0,1076.0
44464,24:26.500,24:26.527,3,1754.0,766.0,1917.0,991.0,702.0,760.0,872.0,960.0,1242.0,881.0,1395.0,1089.0
44479,24:27.000,24:27.027,3,572.0,764.0,753.0,976.0,1634.0,765.0,1787.0,978.0,1131.0,890.0,1282.0,1098.0
44494,24:27.500,24:27.527,3,558.0,774.0,744.0,988.0,1111.0,885.0,1270.0,1103.0,1616.0,768.0,1770.0,982.0
44509,24:28.000,24:28.027,3,581.0,760.0,759.0,974.0,1116.0,864.0,1275.0,1081.0,1612.0,760.0,1765.0,969.0
44524,24:28.500,24:28.528,3,1115.0,854.0,1276.0,1071.0,585.0,753.0,766.0,965.0,1616.0,748.0,1770.0,958.0
44539,24:29.000,24:29.028,3,596.0,767.0,776.0,980.0,1641.0,760.0,1796.0,975.0,1129.0,869.0,1287.0,1079.0
44554,24:29.500,24:29.528,3,1129.0,860.0,1287.0,1074.0,1639.0,757.0,1795.0,970.0,588.0,774.0,769.0,979.0
44569,24:30.000,24:30.028,3,573.0,776.0,754.0,985.0,1122.0,869.0,1280.0,1083.0,1627.0,766.0,1780.0,979.0
44584,24:30.500,24:30.528,3,594.0,784.0,775.0,991.0,1146.0,882.0,1303.0,1099.0,1649.0,778.0,1808.0,997.0
44599,24:31.000,24:31.028,3,1158.0,884.0,1319.0,1102.0,1671.0,788.0,1826.0,1005.0,629.0,786.0,806.0,991.0
44614,24:31.500,24:31.520,3,1163.0,881.0,1322.0,1101.0,1675.0,782.0,1833.0,1001.0,618.0,783.0,792.0,982.0
44629,24:32.000,24:32.020,3,1171.0,886.0,1330.0,1106.0,1684.0,784.0,1841.0,1002.0,630.0,796.0,804.0,998.0
44644,24:32.500,24:32.520,3,1181.0,884.0,1339.0,1103.0,1694.0,787.0,1854.0,1003.0,650.0,790.0,828.0,994.0
44659,24:33.000,24:33.022,3,1180.0,880.0,1338.0,1101.0,1695.0,783.0,1853.0,999.0,650.0,782.0,827.0,988.0
44674,24:33.500,24:33.522,3,1178.0,879.0,1336.0,1101.0,650.0,784.0,828.0,990.0,1694.0,784.0,1852.0,999.0
44689,24:34.000,24:34.022,3,1172.0,882.0,1329.0,1102.0,1691.0,779.0,1848.0,996.0,643.0,789.0,819.0,993.0
44704,24:34.500,24:34.522,3,1166.0,885.0,1326.0,1103.0,630.0,790.0,808.0,1001.0,1686.0,778.0,1838.0,992.0
44719,24:35.000,24:35.022,3,1160.0,880.0,1320.0,1100.0,621.0,793.0,801.0,1001.0,1677.0,775.0,1832.0,990.0
44734,24:35.500,24:35.522,3,634.0,822.0,811.0,1027.0,1174.0,903.0,1335.0,1127.0,1695.0,795.0,1854.0,1016.0
44749,24:36.000,24:36.022,3,736.0,814.0,910.0,1031.0,1195.0,910.0,1355.0,1132.0,1722.0,809.0,1880.0,1025.0
44764,24:36.500,24:36.522,3,1217.0,923.0,1378.0,1150.0,792.0,851.0,964.0,1056.0,1748.0,826.0,1909.0,1046.0
44779,24:37.000,24:37.023,3,1993.0,770.0,2177.0,1006.0,1420.0,869.0,1587.0,1096.0,847.0,789.0,1014.0,999.0
44794,24:37.500,24:37.523,3,1390.0,889.0,1552.0,1113.0,1945.0,796.0,2121.0,1027.0,855.0,807.0,1021.0,1010.0
44809,24:38.000,24:38.023,3,1268.0,835.0,1429.0,1052.0,763.0,772.0,931.0,974.0,1800.0,733.0,1964.0,956.0
44824,24:38.500,24:38.523,3,1210.0,850.0,1371.0,1077.0,661.0,781.0,835.0,993.0,1742.0,759.0,1904.0,984.0
44839,24:39.000,24:39.023,3,1165.0,718.0,1332.0,949.0,583.0,628.0,774.0,842.0,1728.0,638.0,1897.0,870.0
44854,24:39.500,24:39.523,3,521.0,634.0,732.0,862.0,1145.0,736.0,1329.0,985.0,1762.0,644.0,1944.0,898.0
44869,24:40.000,24:40.023,3,541.0,626.0,742.0,848.0,1717.0,675.0,1885.0,914.0,1124.0,745.0,1298.0,980.0
44884,24:40.500,24:40.523,3,1171.0,779.0,1338.0,1006.0,1737.0,731.0,1903.0,968.0,629.0,661.0,815.0,867.0
44899,24:41.000,24:41.025,3,941.0,753.0,1111.0,986.0,313.0,637.0,530.0,867.0,1494.0,693.0,1647.0,918.0
44914,24:41.500,24:41.525,3,907.0,776.0,1086.0,1023.0,231.0,688.0,467.0,933.0,1469.0,689.0,1624.0,923.0
44929,24:42.000,24:42.025,3,465.0,575.0,681.0,810.0,1086.0,693.0,1265.0,936.0,1673.0,619.0,1841.0,866.0
44944,24:42.500,24:42.525,3,1044.0,629.0,1226.0,877.0,404.0,501.0,625.0,739.0,1631.0,564.0,1801.0,812.0
44959,24:43.000,24:43.025,3,1759.0,777.0,1928.0,1020.0,604.0,686.0,798.0,906.0,1178.0,818.0,1352.0,1060.0
44974,24:43.500,24:43.525,3,1034.0,896.0,1204.0,1133.0,448.0,756.0,651.0,984.0,1585.0,858.0,1743.0,1087.0
44989,24:44.000,24:44.025,3,1940.0,960.0,2125.0,1213.0,831.0,818.0,1003.0,1040.0,1348.0,979.0,1520.0,1218.0
45004,24:44.500,24:44.525,3,1400.0,962.0,1573.0,1206.0,2004.0,911.0,2196.0,1168.0,878.0,839.0,1050.0,1054.0
45019,24:45.000,24:45.025,3,1844.0,901.0,2016.0,1146.0,1270.0,946.0,1439.0,1183.0,731.0,829.0,908.0,1031.0
45034,24:45.500,24:45.527,3,1007.0,907.0,1176.0,1143.0,431.0,760.0,630.0,995.0,1549.0,876.0,1703.0,1103.0
45049,24:46.000,24:46.027,3,1005.0,837.0,1177.0,1074.0,411.0,740.0,614.0,958.0,1544.0,759.0,1697.0,984.0
45064,24:46.500,24:46.527,3,1803.0,838.0,1979.0,1085.0,1231.0,915.0,1402.0,1156.0,650.0,808.0,833.0,1021.0
45079,24:47.000,24:47.027,3,557.0,839.0,747.0,1062.0,1693.0,829.0,1859.0,1067.0,1145.0,924.0,1318.0,1165.0
45094,24:47.500,24:47.527,3,1210.0,865.0,1379.0,1101.0,647.0,767.0,831.0,975.0,1760.0,793.0,1926.0,1029.0
45109,24:48.000,24:48.027,3,1193.0,890.0,1362.0,1123.0,634.0,772.0,818.0,977.0,1749.0,843.0,1913.0,1077.0
45124,24:48.500,24:48.527,3,1909.0,820.0,2090.0,1070.0,1327.0,860.0,1497.0,1097.0,785.0,718.0,958.0,928.0
45139,24:49.000,24:49.027,3,1803.0,803.0,1974.0,1051.0,1242.0,867.0,1412.0,1097.0,676.0,748.0,856.0,954.0
45154,24:49.500,24:49.528,3,366.0,822.0,574.0,1048.0,990.0,918.0,1162.0,1159.0,1525.0,844.0,1681.0,1074.0
45169,24:50.000,24:50.028,3,471.0,826.0,674.0,1066.0,1071.0,943.0,1244.0,1184.0,1613.0,868.0,1774.0,1097.0
45184,24:50.500,24:50.528,3,1097.0,1027.0,1273.0,1272.0,1646.0,930.0,1813.0,1165.0,503.0,930.0,701.0,1163.0
45199,24:51.000,24:51.028,3,1107.0,1129.0,1287.0,1384.0,511.0,1003.0,713.0,1245.0,1658.0,1048.0,1828.0,1288.0
45214,24:51.500,24:51.520,3,1205.0,1083.0,1378.0,1332.0,1747.0,1014.0,1919.0,1253.0,632.0,960.0,820.0,1186.0
45229,24:52.000,24:52.020,3,520.0,899.0,714.0,1129.0,1105.0,987.0,1276.0,1225.0,1623.0,887.0,1782.0,1115.0
45244,24:52.500,24:52.520,3,1185.0,906.0,1349.0,1131.0,1708.0,850.0,1870.0,1076.0,641.0,784.0,821.0,987.0
45259,24:53.000,24:53.020,3,1135.0,917.0,1299.0,1143.0,575.0,841.0,759.0,1062.0,1633.0,808.0,1793.0,1029.0
45274,24:53.500,24:53.522,3,1166.0,876.0,1332.0,1103.0,611.0,777.0,795.0,989.0,1683.0,790.0,1841.0,1015.0
45289,24:54.000,24:54.022,3,1099.0,895.0,1271.0,1134.0,501.0,829.0,702.0,1052.0,1620.0,782.0,1781.0,1011.0
45304,24:54.500,24:54.522,3,542.0,819.0,739.0,1052.0,1132.0,944.0,1310.0,1191.0,1679.0,869.0,1849.0,1107.0
45319,24:55.000,24:55.022,3,1378.0,946.0,1560.0,1192.0,1968.0,884.0,2164.0,1139.0,821.0,812.0,996.0,1032.0
45334,24:55.500,24:55.522,3,1453.0,883.0,1635.0,1130.0,2066.0,811.0,2272.0,1076.0,908.0,752.0,1083.0,968.0
45349,24:56.000,24:56.022,3,2002.0,783.0,2197.0,1034.0,1422.0,869.0,1597.0,1110.0,876.0,766.0,1047.0,968.0
45364,24:56.500,24:56.522,3,1148.0,883.0,1316.0,1114.0,581.0,774.0,770.0,1003.0,1670.0,782.0,1830.0,1010.0
45379,24:57.000,24:57.022,3,946.0,1027.0,1121.0,1274.0,306.0,933.0,522.0,1178.0,1467.0,931.0,1622.0,1153.0
45394,24:57.500,24:57.522,3,522.0,878.0,715.0,1100.0,1655.0,898.0,1818.0,1129.0,1117.0,980.0,1291.0,1223.0
45409,24:58.000,24:58.023,3,1394.0,938.0,1573.0,1188.0,1987.0,868.0,2181.0,1122.0,845.0,832.0,1017.0,1047.0
45424,24:58.500,24:58.523,3,1215.0,899.0,1389.0,1149.0,1752.0,765.0,1929.0,1006.0,639.0,869.0,824.0,1087.0
45439,24:59.000,24:59.023,3,920.0,871.0,1098.0,1112.0,278.0,793.0,498.0,1033.0,1449.0,769.0,1600.0,992.0
45454,24:59.500,24:59.523,3,800.0,930.0,982.0,1182.0,107.0,859.0,351.0,1114.0,1335.0,829.0,1484.0,1049.0
45469,25:00.000,25:00.023,3,790.0,943.0,971.0,1195.0,80.0,883.0,328.0,1135.0,1329.0,832.0,1475.0,1052.0
45484,25:00.500,25:00.523,3,817.0,919.0,998.0,1176.0,136.0,863.0,377.0,1113.0,1396.0,826.0,1541.0,1034.0
45499,25:01.000,25:01.023,3,940.0,913.0,1115.0,1158.0,308.0,839.0,525.0,1087.0,1542.0,841.0,1691.0,1057.0
45514,25:01.500,25:01.523,3,938.0,892.0,1113.0,1131.0,288.0,819.0,510.0,1058.0,1486.0,814.0,1636.0,1028.0
45529,25:02.000,25:02.025,3,972.0,892.0,1147.0,1136.0,338.0,827.0,555.0,1058.0,1508.0,813.0,1658.0,1023.0
45544,25:02.500,25:02.525,3,386.0,780.0,593.0,1008.0,1008.0,864.0,1179.0,1089.0,1534.0,774.0,1687.0,990.0
45559,25:03.000,25:03.025,3,414.0,796.0,619.0,1019.0,1031.0,874.0,1204.0,1109.0,1570.0,790.0,1724.0,1012.0
45574,25:03.500,25:03.525,3,1040.0,882.0,1214.0,1121.0,423.0,804.0,627.0,1030.0,1569.0,794.0,1725.0,1019.0
45589,25:04.000,25:04.025,3,1023.0,896.0,1193.0,1132.0,391.0,825.0,600.0,1046.0,1556.0,812.0,1714.0,1036.0
45604,25:04.500,25:04.525,3,950.0,899.0,1127.0,1142.0,299.0,813.0,519.0,1048.0,1490.0,824.0,1647.0,1045.0
45619,25:05.000,25:05.025,3,942.0,893.0,1120.0,1139.0,293.0,813.0,518.0,1056.0,1468.0,808.0,1623.0,1030.0
45634,25:05.500,25:05.525,3,953.0,880.0,1131.0,1123.0,310.0,799.0,528.0,1045.0,1455.0,782.0,1615.0,1016.0
45649,25:06.000,25:06.025,3,294.0,767.0,518.0,1016.0,1465.0,762.0,1622.0,986.0,945.0,860.0,1122.0,1100.0
45664,25:06.500,25:06.527,3,301.0,776.0,524.0,1025.0,946.0,868.0,1123.0,1109.0,1476.0,783.0,1631.0,1005.0
45679,25:07.000,25:07.027,3,298.0,814.0,521.0,1051.0,945.0,884.0,1124.0,1126.0,1450.0,794.0,1606.0,1019.0
45694,25:07.500,25:07.527,3,962.0,890.0,1137.0,1135.0,316.0,815.0,535.0,1057.0,1467.0,796.0,1625.0,1021.0
45709,25:08.000,25:08.027,3,966.0,888.0,1142.0,1134.0,320.0,811.0,541.0,1054.0,1481.0,797.0,1638.0,1018.0
45724,25:08.500,25:08.527,3,968.0,879.0,1147.0,1121.0,324.0,806.0,544.0,1045.0,1486.0,791.0,1642.0,1014.0
45739,25:09.000,25:09.027,3,966.0,876.0,1146.0,1120.0,313.0,814.0,532.0,1047.0,1482.0,789.0,1638.0,1011.0
45754,25:09.500,25:09.527,3,999.0,887.0,1175.0,1131.0,350.0,810.0,571.0,1050.0,1515.0,803.0,1673.0,1025.0
45769,25:10.000,25:10.027,3,359.0,820.0,575.0,1052.0,1011.0,890.0,1188.0,1133.0,1530.0,806.0,1688.0,1030.0
45784,25:10.500,25:10.520,3,1015.0,885.0,1191.0,1126.0,342.0,821.0,540.0,1049.0,1535.0,797.0,1693.0,1020.0
45799,25:11.000,25:11.020,3,1020.0,885.0,1194.0,1127.0,321.0,819.0,531.0,1052.0,1536.0,801.0,1696.0,1024.0
45814,25:11.500,25:11.520,3,1027.0,878.0,1202.0,1114.0,375.0,807.0,585.0,1031.0,1543.0,795.0,1703.0,1018.0
45829,25:12.000,25:12.020,3,361.0,763.0,575.0,1002.0,1011.0,849.0,1185.0,1085.0,1537.0,764.0,1694.0,987.0
45844,25:12.500,25:12.520,3,1.0,609.0,244.0,856.0,828.0,680.0,1007.0,922.0,1367.0,592.0,1519.0,811.0
45859,25:13.000,25:13.020,2,702.0,722.0,882.0,957.0,1235.0,640.0,1377.0,842.0,,,,
45874,25:13.500,25:13.520,3,430.0,674.0,623.0,902.0,1677.0,713.0,1836.0,934.0,1158.0,802.0,1323.0,1022.0
45889,25:14.000,25:14.020,3,1934.0,680.0,2118.0,919.0,1369.0,780.0,1536.0,999.0,857.0,632.0,1033.0,837.0
45904,25:14.500,25:14.522,3,1399.0,788.0,1570.0,1012.0,1971.0,691.0,2160.0,934.0,1016.0,667.0,1180.0,865.0
45919,25:15.000,25:15.022,3,1968.0,708.0,2154.0,950.0,1402.0,808.0,1573.0,1032.0,1017.0,684.0,1181.0,891.0
45934,25:15.500,25:15.522,3,2094.0,782.0,2296.0,1030.0,1536.0,896.0,1714.0,1131.0,958.0,715.0,1127.0,908.0
45949,25:16.000,25:16.022,3,2220.0,765.0,2427.0,1020.0,1626.0,865.0,1811.0,1116.0,1000.0,683.0,1166.0,869.0
45964,25:16.500,25:16.522,3,1817.0,655.0,1989.0,886.0,703.0,584.0,880.0,786.0,1309.0,755.0,1475.0,982.0
45979,25:17.000,25:17.022,3,1719.0,660.0,1884.0,884.0,586.0,624.0,777.0,837.0,1224.0,765.0,1392.0,985.0
45994,25:17.500,25:17.522,3,539.0,676.0,728.0,883.0,1695.0,678.0,1857.0,900.0,1211.0,783.0,1372.0,1006.0
46009,25:18.000,25:18.022,3,534.0,669.0,724.0,881.0,1689.0,676.0,1851.0,898.0,1203.0,783.0,1365.0,1007.0
46024,25:18.500,25:18.522,3,543.0,665.0,735.0,884.0,1687.0,681.0,1849.0,900.0,1200.0,781.0,1362.0,1008.0
46039,25:19.000,25:19.023,3,529.0,658.0,724.0,882.0,1675.0,679.0,1834.0,901.0,1187.0,786.0,1350.0,1012.0
46054,25:19.500,25:19.523,3,509.0,660.0,705.0,884.0,1655.0,675.0,1811.0,896.0,1164.0,781.0,1328.0,1010.0
46069,25:20.000,25:20.023,3,479.0,671.0,675.0,896.0,1625.0,680.0,1779.0,901.0,1143.0,790.0,1305.0,1024.0
46084,25:20.500,25:20.523,3,466.0,697.0,663.0,920.0,1604.0,706.0,1759.0,922.0,1127.0,808.0,1291.0,1042.0
46099,25:21.000,25:21.023,3,480.0,691.0,674.0,910.0,1612.0,697.0,1766.0,908.0,1136.0,798.0,1299.0,1032.0
46114,25:21.500,25:21.523,3,485.0,694.0,678.0,914.0,1613.0,689.0,1767.0,904.0,1137.0,794.0,1302.0,1027.0
46129,25:22.000,25:22.023,3,481.0,687.0,678.0,908.0,1155.0,797.0,1319.0,1027.0,1632.0,694.0,1790.0,910.0
46144,25:22.500,25:22.523,3,488.0,713.0,683.0,934.0,1662.0,676.0,1822.0,897.0,1185.0,798.0,1346.0,1030.0
46159,25:23.000,25:23.025,3,509.0,700.0,705.0,917.0,1676.0,664.0,1836.0,887.0,1195.0,788.0,1358.0,1017.0
46174,25:23.500,25:23.525,3,544.0,696.0,736.0,913.0,1697.0,682.0,1859.0,904.0,1213.0,798.0,1373.0,1024.0
46189,25:24.000,25:24.025,3,544.0,700.0,736.0,917.0,1694.0,685.0,1855.0,907.0,1211.0,802.0,1371.0,1027.0
46204,25:24.500,25:24.525,3,543.0,706.0,734.0,927.0,1693.0,693.0,1855.0,914.0,1212.0,804.0,1374.0,1031.0
46219,25:25.000,25:25.025,3,533.0,708.0,726.0,924.0,1689.0,685.0,1850.0,907.0,1207.0,799.0,1367.0,1025.0
46234,25:25.500,25:25.525,3,531.0,709.0,725.0,925.0,1685.0,687.0,1847.0,910.0,1184.0,796.0,1345.0,1021.0
46249,25:26.000,25:26.025,3,531.0,717.0,724.0,927.0,1683.0,682.0,1842.0,911.0,1148.0,803.0,1312.0,1018.0
46264,25:26.500,25:26.525,3,528.0,701.0,723.0,917.0,1678.0,670.0,1837.0,895.0,1156.0,783.0,1320.0,1005.0
46279,25:27.000,25:27.027,3,1131.0,774.0,1292.0,997.0,502.0,695.0,696.0,914.0,1642.0,661.0,1803.0,883.0
46294,25:27.500,25:27.527,3,1106.0,765.0,1272.0,994.0,467.0,690.0,666.0,913.0,1615.0,658.0,1772.0,877.0
46309,25:28.000,25:28.027,3,449.0,682.0,649.0,906.0,1096.0,765.0,1260.0,986.0,1603.0,650.0,1758.0,866.0
46324,25:28.500,25:28.527,3,490.0,662.0,689.0,884.0,1143.0,730.0,1305.0,953.0,1655.0,609.0,1813.0,830.0
46339,25:29.000,25:29.027,3,491.0,795.0,694.0,1029.0,1151.0,731.0,1316.0,964.0,1623.0,507.0,1788.0,735.0
46354,25:29.500,25:29.527,3,1791.0,508.0,1968.0,746.0,1277.0,690.0,1444.0,924.0,642.0,702.0,830.0,916.0
46369,25:30.000,25:30.018,3,1928.0,659.0,2106.0,897.0,767.0,552.0,947.0,766.0,1366.0,707.0,1535.0,932.0
46384,25:30.500,25:30.518,3,2159.0,728.0,2366.0,993.0,1541.0,756.0,1719.0,987.0,955.0,583.0,1128.0,793.0
46399,25:31.000,25:31.018,3,1868.0,641.0,2049.0,887.0,1325.0,755.0,1491.0,987.0,707.0,664.0,889.0,880.0
46414,25:31.500,25:31.520,3,1034.0,760.0,1202.0,994.0,341.0,808.0,558.0,1041.0,1524.0,553.0,1678.0,768.0
46429,25:32.000,25:32.020,3,250.0,837.0,476.0,1076.0,972.0,805.0,1138.0,1030.0,1480.0,585.0,1627.0,790.0
46444,25:32.500,25:32.520,3,190.0,834.0,427.0,1089.0,929.0,790.0,1094.0,1023.0,1423.0,566.0,1567.0,775.0
46459,25:33.000,25:33.020,3,251.0,577.0,468.0,797.0,945.0,634.0,1107.0,848.0,1450.0,489.0,1598.0,702.0
46474,25:33.500,25:33.520,3,141.0,609.0,376.0,838.0,855.0,735.0,1021.0,956.0,1350.0,661.0,1494.0,867.0
46489,25:34.000,25:34.020,3,842.0,785.0,1010.0,1011.0,122.0,679.0,356.0,923.0,1335.0,690.0,1479.0,897.0
46504,25:34.500,25:34.520,3,864.0,829.0,1032.0,1056.0,165.0,737.0,391.0,972.0,1356.0,740.0,1501.0,943.0
46519,25:35.000,25:35.020,3,251.0,712.0,467.0,939.0,920.0,817.0,1086.0,1043.0,1412.0,741.0,1556.0,944.0
46534,25:35.500,25:35.522,3,434.0,698.0,629.0,920.0,1057.0,813.0,1217.0,1037.0,1550.0,744.0,1698.0,950.0
46549,25:36.000,25:36.022,3,433.0,701.0,628.0,922.0,1053.0,819.0,1215.0,1043.0,1545.0,752.0,1695.0,957.0
46564,25:36.500,25:36.522,3,416.0,702.0,617.0,922.0,1053.0,813.0,1214.0,1039.0,1545.0,747.0,1695.0,955.0
46579,25:37.000,25:37.022,3,1126.0,833.0,1286.0,1053.0,504.0,718.0,698.0,937.0,1627.0,766.0,1780.0,975.0
46594,25:37.500,25:37.522,3,1791.0,783.0,1958.0,1008.0,1272.0,856.0,1433.0,1076.0,698.0,736.0,872.0,942.0
46609,25:38.000,25:38.022,3,1792.0,782.0,1957.0,1016.0,1271.0,848.0,1432.0,1070.0,684.0,728.0,860.0,936.0
46624,25:38.500,25:38.522,3,620.0,703.0,803.0,907.0,1221.0,817.0,1382.0,1040.0,1733.0,750.0,1896.0,968.0
46639,25:39.000,25:39.022,3,526.0,696.0,714.0,909.0,1634.0,736.0,1791.0,954.0,1132.0,809.0,1294.0,1027.0
46654,25:39.500,25:39.523,3,476.0,710.0,670.0,925.0,1091.0,818.0,1251.0,1039.0,1587.0,746.0,1739.0,956.0
46669,25:40.000,25:40.023,3,489.0,714.0,680.0,925.0,1096.0,823.0,1256.0,1042.0,1595.0,754.0,1744.0,969.0
46684,25:40.500,25:40.523,3,487.0,715.0,678.0,926.0,1095.0,825.0,1255.0,1042.0,1593.0,752.0,1745.0,962.0
46699,25:41.000,25:41.023,3,502.0,708.0,693.0,919.0,1108.0,816.0,1270.0,1041.0,1609.0,753.0,1762.0,959.0
46714,25:41.500,25:41.523,3,497.0,702.0,689.0,907.0,1112.0,809.0,1273.0,1031.0,1609.0,747.0,1763.0,957.0
46729,25:42.000,25:42.023,3,493.0,699.0,685.0,909.0,1103.0,809.0,1265.0,1030.0,1604.0,742.0,1758.0,954.0
46744,25:42.500,25:42.523,3,500.0,689.0,692.0,902.0,1108.0,803.0,1269.0,1023.0,1612.0,738.0,1763.0,950.0
46759,25:43.000,25:43.023,3,506.0,689.0,698.0,903.0,1621.0,743.0,1774.0,955.0,1120.0,807.0,1279.0,1025.0
46774,25:43.500,25:43.523,3,501.0,688.0,692.0,900.0,1618.0,741.0,1770.0,955.0,1119.0,804.0,1278.0,1022.0
46789,25:44.000,25:44.025,3,497.0,686.0,688.0,897.0,1110.0,802.0,1271.0,1021.0,1609.0,739.0,1761.0,951.0
46804,25:44.500,25:44.525,3,507.0,759.0,697.0,973.0,1624.0,800.0,1775.0,1018.0,1121.0,876.0,1282.0,1090.0
46819,25:45.000,25:45.025,3,467.0,786.0,662.0,1009.0,1095.0,889.0,1257.0,1112.0,1595.0,814.0,1744.0,1025.0
46834,25:45.500,25:45.525,3,448.0,782.0,645.0,1008.0,1074.0,883.0,1235.0,1102.0,1566.0,795.0,1719.0,1011.0
46849,25:46.000,25:46.025,3,436.0,780.0,631.0,1008.0,1064.0,877.0,1224.0,1092.0,1556.0,785.0,1709.0,996.0
46864,25:46.500,25:46.525,3,420.0,774.0,618.0,1009.0,1056.0,871.0,1216.0,1088.0,1547.0,776.0,1697.0,985.0
46879,25:47.000,25:47.025,3,431.0,770.0,627.0,996.0,1061.0,862.0,1221.0,1079.0,1550.0,774.0,1700.0,980.0
46894,25:47.500,25:47.525,3,430.0,769.0,626.0,991.0,1062.0,850.0,1222.0,1070.0,1558.0,762.0,1706.0,970.0
46909,25:48.000,25:48.027,3,435.0,768.0,631.0,994.0,1064.0,856.0,1224.0,1075.0,1558.0,765.0,1709.0,975.0
46924,25:48.500,25:48.527,3,443.0,758.0,638.0,980.0,1066.0,848.0,1226.0,1069.0,1556.0,763.0,1706.0,974.0
46939,25:49.000,25:49.027,3,443.0,741.0,640.0,963.0,1077.0,836.0,1235.0,1058.0,1568.0,751.0,1719.0,962.0
46954,25:49.500,25:49.527,3,517.0,744.0,704.0,956.0,1140.0,878.0,1300.0,1094.0,1641.0,800.0,1797.0,1017.0
46969,25:50.000,25:50.027,3,1140.0,891.0,1298.0,1111.0,524.0,757.0,706.0,960.0,1632.0,814.0,1791.0,1026.0
46984,25:50.500,25:50.518,3,541.0,749.0,726.0,957.0,1149.0,882.0,1310.0,1104.0,1642.0,802.0,1799.0,1014.0
46999,25:51.000,25:51.018,3,527.0,758.0,713.0,972.0,1145.0,879.0,1303.0,1101.0,1633.0,798.0,1789.0,1011.0
47014,25:51.500,25:51.518,3,525.0,772.0,712.0,985.0,1153.0,879.0,1314.0,1102.0,1641.0,800.0,1797.0,1013.0
47029,25:52.000,25:52.020,3,534.0,785.0,719.0,1000.0,1151.0,879.0,1313.0,1101.0,1641.0,801.0,1798.0,1014.0
47044,25:52.500,25:52.520,3,568.0,784.0,749.0,998.0,1154.0,876.0,1314.0,1093.0,1645.0,794.0,1802.0,1011.0
47059,25:53.000,25:53.020,3,577.0,784.0,763.0,1001.0,1637.0,788.0,1794.0,1000.0,1150.0,873.0,1308.0,1085.0
47074,25:53.500,25:53.520,3,1151.0,859.0,1308.0,1075.0,1637.0,780.0,1795.0,991.0,608.0,814.0,783.0,1003.0
47089,25:54.000,25:54.020,3,1645.0,787.0,1804.0,1001.0,1158.0,867.0,1315.0,1080.0,619.0,822.0,798.0,1006.0
47104,25:54.500,25:54.520,3,1643.0,788.0,1802.0,1003.0,1156.0,870.0,1313.0,1082.0,616.0,826.0,796.0,1014.0
47119,25:55.000,25:55.020,3,1153.0,867.0,1313.0,1078.0,1639.0,785.0,1797.0,1000.0,614.0,821.0,790.0,1011.0
47134,25:55.500,25:55.520,3,1631.0,792.0,1788.0,1005.0,1145.0,877.0,1304.0,1088.0,602.0,831.0,781.0,1022.0
47149,25:56.000,25:56.020,3,1177.0,894.0,1339.0,1118.0,624.0,827.0,808.0,1034.0,1669.0,811.0,1829.0,1024.0
47164,25:56.500,25:56.522,3,597.0,779.0,783.0,1000.0,1173.0,896.0,1334.0,1113.0,1673.0,805.0,1832.0,1023.0
47179,25:57.000,25:57.022,3,1842.0,847.0,2015.0,1076.0,737.0,814.0,917.0,1022.0,1315.0,928.0,1480.0,1153.0
47194,25:57.500,25:57.522,3,1518.0,937.0,1691.0,1170.0,2116.0,899.0,2317.0,1146.0,958.0,783.0,1124.0,985.0
47209,25:58.000,25:58.022,2,1676.0,975.0,1861.0,1220.0,1101.0,807.0,1266.0,1014.0,,,,
47224,25:58.500,25:58.522,3,1592.0,902.0,1769.0,1137.0,2208.0,829.0,2413.0,1082.0,1020.0,780.0,1184.0,984.0
47239,25:59.000,25:59.022,3,1563.0,894.0,1739.0,1129.0,2164.0,812.0,2375.0,1065.0,990.0,773.0,1155.0,970.0
47254,25:59.500,25:59.522,3,1548.0,887.0,1722.0,1115.0,970.0,775.0,1135.0,975.0,2142.0,798.0,2345.0,1041.0
47269,26:00.000,26:00.022,2,1760.0,901.0,1953.0,1145.0,1170.0,786.0,1332.0,984.0,,,,
47284,26:00.500,26:00.523,3,1372.0,953.0,1542.0,1188.0,1917.0,876.0,2101.0,1109.0,801.0,854.0,971.0,1056.0
47299,26:01.000,26:01.023,3,552.0,812.0,736.0,1030.0,1151.0,926.0,1316.0,1158.0,1657.0,854.0,1815.0,1072.0
47314,26:01.500,26:01.523,3,1167.0,936.0,1330.0,1163.0,564.0,817.0,751.0,1043.0,1678.0,861.0,1836.0,1082.0
47329,26:02.000,26:02.023,3,1166.0,929.0,1330.0,1157.0,564.0,813.0,750.0,1037.0,1676.0,848.0,1835.0,1068.0
47344,26:02.500,26:02.523,3,511.0,826.0,702.0,1044.0,1123.0,932.0,1284.0,1160.0,1630.0,858.0,1787.0,1079.0
47359,26:03.000,26:03.023,3,500.0,824.0,692.0,1038.0,1116.0,923.0,1278.0,1151.0,1621.0,849.0,1776.0,1063.0
47374,26:03.500,26:03.523,3,554.0,802.0,736.0,1015.0,1159.0,912.0,1321.0,1137.0,1665.0,836.0,1824.0,1058.0
47389,26:04.000,26:04.023,3,633.0,846.0,809.0,1068.0,1230.0,967.0,1395.0,1196.0,1747.0,899.0,1915.0,1123.0
47404,26:04.500,26:04.525,3,2126.0,898.0,2332.0,1147.0,1530.0,933.0,1705.0,1172.0,958.0,790.0,1122.0,999.0
47419,26:05.000,26:05.025,3,1575.0,786.0,1746.0,1015.0,2177.0,742.0,2384.0,993.0,1020.0,664.0,1182.0,860.0
47434,26:05.500,26:05.525,3,1552.0,799.0,1723.0,1023.0,2147.0,742.0,2348.0,987.0,965.0,637.0,1131.0,843.0
47449,26:06.000,26:06.025,3,1541.0,833.0,1718.0,1070.0,2149.0,779.0,2352.0,1028.0,891.0,713.0,1071.0,925.0
47464,26:06.500,26:06.525,3,379.0,676.0,604.0,920.0,1060.0,752.0,1223.0,973.0,1570.0,658.0,1720.0,870.0
47479,26:07.000,26:07.025,3,652.0,790.0,831.0,1024.0,-57.0,702.0,162.0,930.0,1172.0,686.0,1312.0,892.0
47494,26:07.500,26:07.525,3,828.0,793.0,996.0,1021.0,148.0,681.0,379.0,917.0,1333.0,700.0,1476.0,908.0
47509,26:08.000,26:08.025,3,861.0,825.0,1030.0,1052.0,182.0,715.0,410.0,960.0,1366.0,737.0,1512.0,945.0
47524,26:08.500,26:08.525,3,238.0,760.0,460.0,1005.0,895.0,853.0,1061.0,1079.0,1396.0,752.0,1537.0,960.0
47539,26:09.000,26:09.027,3,973.0,837.0,1138.0,1063.0,350.0,747.0,558.0,981.0,1483.0,740.0,1628.0,949.0
47554,26:09.500,26:09.527,3,1355.0,843.0,1520.0,1072.0,1911.0,761.0,2089.0,992.0,801.0,756.0,973.0,963.0
47569,26:10.000,26:10.027,3,1403.0,833.0,1572.0,1061.0,1978.0,758.0,2162.0,997.0,861.0,717.0,1035.0,935.0
47584,26:10.500,26:10.518,3,699.0,704.0,873.0,919.0,1250.0,822.0,1413.0,1041.0,1792.0,747.0,1957.0,972.0
47599,26:11.000,26:11.018,3,500.0,728.0,692.0,949.0,1090.0,827.0,1251.0,1046.0,1608.0,737.0,1757.0,954.0
47614,26:11.500,26:11.518,3,465.0,726.0,659.0,957.0,1061.0,823.0,1221.0,1045.0,1569.0,731.0,1718.0,944.0
47629,26:12.000,26:12.018,3,1717.0,709.0,1875.0,926.0,635.0,699.0,814.0,902.0,1194.0,791.0,1353.0,1011.0
47644,26:12.500,26:12.518,3,1425.0,902.0,1590.0,1129.0,1994.0,829.0,2179.0,1067.0,889.0,786.0,1059.0,988.0
47659,26:13.000,26:13.020,3,1832.0,766.0,1998.0,987.0,1295.0,855.0,1455.0,1073.0,745.0,739.0,915.0,931.0
47674,26:13.500,26:13.520,3,522.0,749.0,710.0,961.0,1095.0,843.0,1257.0,1067.0,1603.0,763.0,1755.0,974.0
47689,26:14.000,26:14.020,3,1061.0,819.0,1223.0,1045.0,474.0,748.0,671.0,967.0,1569.0,739.0,1720.0,957.0
47704,26:14.500,26:14.520,3,429.0,776.0,627.0,1000.0,1035.0,829.0,1200.0,1056.0,1534.0,734.0,1681.0,940.0
47719,26:15.000,26:15.020,3,408.0,819.0,611.0,1040.0,1028.0,866.0,1188.0,1087.0,1524.0,754.0,1674.0,957.0
47734,26:15.500,26:15.520,3,415.0,815.0,616.0,1042.0,1030.0,864.0,1191.0,1086.0,1530.0,736.0,1678.0,944.0
47749,26:16.000,26:16.020,3,441.0,778.0,641.0,1012.0,1050.0,836.0,1214.0,1067.0,1550.0,726.0,1697.0,931.0
47764,26:16.500,26:16.520,3,480.0,773.0,675.0,994.0,1082.0,838.0,1242.0,1066.0,1584.0,739.0,1734.0,950.0
47779,26:17.000,26:17.022,3,474.0,759.0,671.0,979.0,1080.0,824.0,1239.0,1048.0,1578.0,724.0,1729.0,933.0
47794,26:17.500,26:17.522,3,1146.0,821.0,1307.0,1045.0,565.0,754.0,751.0,967.0,1652.0,725.0,1806.0,939.0
47809,26:18.000,26:18.022,3,1216.0,832.0,1378.0,1056.0,663.0,752.0,839.0,965.0,1738.0,748.0,1897.0,960.0
47824,26:18.500,26:18.522,3,1229.0,833.0,1390.0,1059.0,672.0,752.0,849.0,962.0,1750.0,753.0,1913.0,969.0
47839,26:19.000,26:19.022,3,1225.0,824.0,1389.0,1050.0,675.0,740.0,849.0,946.0,1749.0,743.0,1911.0,964.0
47854,26:19.500,26:19.522,3,1182.0,824.0,1343.0,1047.0,1689.0,732.0,1846.0,953.0,617.0,734.0,798.0,943.0
47869,26:20.000,26:20.022,3,1142.0,824.0,1302.0,1045.0,570.0,739.0,752.0,957.0,1642.0,731.0,1795.0,948.0
47884,26:20.500,26:20.522,3,1137.0,818.0,1298.0,1043.0,560.0,745.0,744.0,958.0,1640.0,729.0,1792.0,941.0
47899,26:21.000,26:21.022,3,1141.0,812.0,1300.0,1037.0,577.0,735.0,759.0,958.0,1654.0,725.0,1808.0,941.0
47914,26:21.500,26:21.523,3,576.0,736.0,762.0,956.0,1146.0,812.0,1307.0,1040.0,1667.0,735.0,1819.0,947.0
47929,26:22.000,26:22.023,3,575.0,739.0,758.0,954.0,1152.0,810.0,1312.0,1034.0,1671.0,731.0,1824.0,948.0
47944,26:22.500,26:22.523,3,578.0,738.0,763.0,951.0,1150.0,811.0,1311.0,1034.0,1677.0,733.0,1830.0,949.0
47959,26:23.000,26:23.023,3,589.0,734.0,774.0,951.0,1155.0,807.0,1318.0,1030.0,1683.0,732.0,1837.0,949.0
47974,26:23.500,26:23.523,3,1176.0,820.0,1336.0,1044.0,601.0,745.0,783.0,958.0,1698.0,742.0,1856.0,960.0
47989,26:24.000,26:24.023,3,603.0,732.0,785.0,950.0,1179.0,820.0,1338.0,1042.0,1698.0,739.0,1856.0,958.0
48004,26:24.500,26:24.523,3,660.0,760.0,838.0,974.0,1218.0,848.0,1381.0,1072.0,1749.0,776.0,1910.0,1000.0
48019,26:25.000,26:25.023,3,646.0,735.0,828.0,945.0,1222.0,801.0,1383.0,1026.0,1734.0,697.0,1895.0,919.0
48034,26:25.500,26:25.525,3,711.0,773.0,887.0,982.0,1801.0,774.0,1966.0,1001.0,1273.0,858.0,1435.0,1081.0
48049,26:26.000,26:26.025,3,523.0,776.0,712.0,994.0,1103.0,862.0,1267.0,1084.0,1611.0,783.0,1762.0,999.0
48064,26:26.500,26:26.525,3,388.0,740.0,592.0,969.0,994.0,832.0,1157.0,1060.0,1497.0,755.0,1642.0,955.0
48079,26:27.000,26:27.025,3,293.0,764.0,513.0,1003.0,921.0,844.0,1086.0,1075.0,1422.0,765.0,1566.0,970.0
48094,26:27.500,26:27.525,3,241.0,768.0,465.0,1004.0,872.0,839.0,1037.0,1068.0,1373.0,751.0,1512.0,956.0
48109,26:28.000,26:28.025,3,258.0,759.0,479.0,1001.0,900.0,822.0,1065.0,1054.0,1395.0,725.0,1537.0,924.0
48124,26:28.500,26:28.525,3,431.0,739.0,627.0,965.0,1034.0,801.0,1194.0,1024.0,1533.0,705.0,1679.0,907.0
48139,26:29.000,26:29.025,3,489.0,745.0,679.0,957.0,1094.0,799.0,1254.0,1023.0,1593.0,704.0,1743.0,912.0
48154,26:29.500,26:29.527,3,454.0,737.0,648.0,966.0,1061.0,794.0,1221.0,1020.0,1558.0,711.0,1707.0,915.0
48169,26:30.000,26:30.027,3,476.0,767.0,674.0,983.0,1086.0,818.0,1245.0,1042.0,1581.0,725.0,1735.0,933.0
48184,26:30.500,26:30.527,3,488.0,770.0,681.0,981.0,1094.0,812.0,1257.0,1033.0,1590.0,724.0,1743.0,929.0
48199,26:31.000,26:31.018,3,496.0,749.0,690.0,963.0,1098.0,790.0,1260.0,1014.0,1600.0,708.0,1751.0,915.0
48214,26:31.500,26:31.518,3,1118.0,787.0,1278.0,1012.0,522.0,740.0,711.0,952.0,1621.0,710.0,1772.0,916.0
48229,26:32.000,26:32.018,3,523.0,756.0,713.0,967.0,1120.0,802.0,1280.0,1027.0,1620.0,724.0,1773.0,932.0
48244,26:32.500,26:32.518,3,536.0,771.0,727.0,989.0,1131.0,828.0,1291.0,1048.0,1632.0,748.0,1786.0,957.0
48259,26:33.000,26:33.018,3,528.0,782.0,717.0,1004.0,1125.0,839.0,1285.0,1062.0,1622.0,759.0,1776.0,964.0
48274,26:33.500,26:33.518,3,522.0,777.0,711.0,1003.0,1122.0,835.0,1281.0,1054.0,1616.0,752.0,1770.0,958.0
48289,26:34.000,26:34.020,3,518.0,794.0,708.0,1014.0,1120.0,842.0,1280.0,1064.0,1612.0,759.0,1767.0,962.0
48304,26:34.500,26:34.520,3,526.0,786.0,716.0,1012.0,1124.0,843.0,1283.0,1066.0,1616.0,760.0,1771.0,964.0
48319,26:35.000,26:35.020,3,552.0,789.0,738.0,1013.0,1137.0,849.0,1295.0,1070.0,1630.0,766.0,1786.0,974.0
48334,26:35.500,26:35.520,3,1286.0,902.0,1449.0,1132.0,719.0,858.0,893.0,1070.0,1803.0,816.0,1971.0,1038.0
48349,26:36.000,26:36.020,3,1510.0,909.0,1680.0,1141.0,2086.0,834.0,2285.0,1077.0,947.0,839.0,1116.0,1053.0
48364,26:36.500,26:36.520,3,1486.0,802.0,1655.0,1029.0,2061.0,750.0,2256.0,992.0,933.0,702.0,1101.0,907.0
48379,26:37.000,26:37.020,3,1540.0,829.0,1714.0,1062.0,2143.0,793.0,2344.0,1035.0,986.0,716.0,1154.0,929.0
48394,26:37.500,26:37.520,3,1518.0,832.0,1690.0,1060.0,2112.0,792.0,2311.0,1039.0,968.0,739.0,1132.0,933.0
48409,26:38.000,26:38.022,3,1993.0,835.0,2177.0,1077.0,1428.0,890.0,1596.0,1118.0,874.0,796.0,1043.0,1003.0
48424,26:38.500,26:38.522,3,1885.0,866.0,2064.0,1100.0,1342.0,925.0,1509.0,1155.0,789.0,835.0,962.0,1051.0
48439,26:39.000,26:39.022,3,1445.0,926.0,1615.0,1161.0,2007.0,868.0,2197.0,1115.0,894.0,835.0,1065.0,1045.0
48454,26:39.500,26:39.522,3,1817.0,877.0,1984.0,1104.0,1296.0,938.0,1459.0,1165.0,739.0,849.0,917.0,1062.0
48469,26:40.000,26:40.022,3,178.0,885.0,409.0,1136.0,855.0,948.0,1023.0,1184.0,1345.0,869.0,1485.0,1078.0
48484,26:40.500,26:40.522,3,135.0,941.0,372.0,1191.0,832.0,968.0,1003.0,1207.0,1323.0,868.0,1459.0,1077.0
48499,26:41.000,26:41.022,3,324.0,913.0,537.0,1153.0,969.0,947.0,1132.0,1181.0,1453.0,843.0,1592.0,1056.0
48514,26:41.500,26:41.522,3,1160.0,967.0,1325.0,1203.0,571.0,924.0,760.0,1153.0,1655.0,869.0,1806.0,1087.0
48529,26:42.000,26:42.022,3,592.0,918.0,778.0,1141.0,1180.0,967.0,1341.0,1197.0,1674.0,870.0,1831.0,1086.0
48544,26:42.500,26:42.523,3,1205.0,964.0,1368.0,1197.0,621.0,918.0,805.0,1133.0,1704.0,875.0,1863.0,1094.0
48559,26:43.000,26:43.023,3,1726.0,890.0,1887.0,1112.0,643.0,923.0,825.0,1140.0,1216.0,976.0,1382.0,1207.0
48574,26:43.500,26:43.523,3,1240.0,969.0,1402.0,1196.0,667.0,902.0,849.0,1129.0,1751.0,881.0,1917.0,1108.0
48589,26:44.000,26:44.023,3,1762.0,882.0,1926.0,1102.0,1248.0,979.0,1413.0,1203.0,674.0,910.0,854.0,1133.0
48604,26:44.500,26:44.523,3,1772.0,893.0,1937.0,1116.0,683.0,913.0,864.0,1138.0,1259.0,984.0,1422.0,1217.0
48619,26:45.000,26:45.023,3,1266.0,1017.0,1431.0,1251.0,685.0,955.0,867.0,1177.0,1779.0,927.0,1946.0,1150.0
48634,26:45.500,26:45.523,3,1840.0,898.0,2009.0,1130.0,720.0,921.0,896.0,1136.0,1297.0,983.0,1460.0,1207.0
48649,26:46.000,26:46.023,3,1319.0,973.0,1482.0,1205.0,1853.0,887.0,2026.0,1119.0,731.0,911.0,910.0,1125.0
48664,26:46.500,26:46.525,3,1339.0,963.0,1503.0,1195.0,1874.0,879.0,2039.0,1104.0,741.0,900.0,917.0,1106.0
48679,26:47.000,26:47.025,3,1336.0,953.0,1502.0,1180.0,1851.0,852.0,2013.0,1080.0,742.0,880.0,918.0,1085.0
48694,26:47.500,26:47.525,3,1303.0,960.0,1466.0,1185.0,1806.0,863.0,1975.0,1094.0,718.0,879.0,893.0,1093.0
48709,26:48.000,26:48.025,3,695.0,834.0,873.0,1045.0,1789.0,823.0,1954.0,1052.0,1203.0,972.0,1367.0,1191.0
48724,26:48.500,26:48.525,2,672.0,824.0,853.0,1044.0,1784.0,800.0,1946.0,1032.0,,,,
48739,26:49.000,26:49.025,2,669.0,831.0,850.0,1053.0,1785.0,804.0,1946.0,1034.0,,,,
48754,26:49.500,26:49.525,2,645.0,818.0,826.0,1038.0,1759.0,800.0,1921.0,1029.0,,,,
48769,26:50.000,26:50.025,2,656.0,802.0,834.0,1026.0,1771.0,813.0,1931.0,1041.0,,,,
48784,26:50.500,26:50.527,2,615.0,823.0,798.0,1039.0,1738.0,829.0,1895.0,1055.0,,,,
48799,26:51.000,26:51.027,2,573.0,820.0,760.0,1041.0,1705.0,813.0,1861.0,1039.0,,,,
48814,26:51.500,26:51.518,2,479.0,819.0,673.0,1050.0,1623.0,808.0,1772.0,1024.0,,,,
48829,26:52.000,26:52.018,2,489.0,821.0,680.0,1054.0,1639.0,815.0,1790.0,1028.0,,,,
48844,26:52.500,26:52.518,3,1230.0,818.0,1389.0,1039.0,502.0,838.0,690.0,1064.0,1648.0,816.0,1802.0,1034.0
48859,26:53.000,26:53.018,3,1767.0,835.0,1930.0,1065.0,639.0,808.0,816.0,1024.0,1248.0,877.0,1407.0,1087.0
48874,26:53.500,26:53.518,3,2013.0,951.0,2201.0,1200.0,1422.0,941.0,1589.0,1163.0,878.0,803.0,1040.0,1010.0
48889,26:54.000,26:54.018,3,1782.0,599.0,1944.0,823.0,671.0,555.0,848.0,768.0,1227.0,649.0,1383.0,861.0
48904,26:54.500,26:54.518,3,1765.0,762.0,1928.0,981.0,658.0,727.0,829.0,942.0,1204.0,826.0,1360.0,1044.0
48919,26:55.000,26:55.020,3,1834.0,816.0,2001.0,1045.0,741.0,765.0,919.0,973.0,1250.0,865.0,1414.0,1085.0
48934,26:55.500,26:55.520,3,1345.0,952.0,1514.0,1180.0,828.0,813.0,1000.0,1027.0,1956.0,941.0,2134.0,1189.0
48949,26:56.000,26:56.020,3,1171.0,836.0,1333.0,1057.0,651.0,733.0,833.0,944.0,1727.0,790.0,1886.0,1013.0
48964,26:56.500,26:56.520,3,471.0,813.0,666.0,1045.0,1062.0,941.0,1229.0,1173.0,1631.0,917.0,1787.0,1145.0
48979,26:57.000,26:57.020,3,545.0,761.0,738.0,997.0,1726.0,838.0,1888.0,1073.0,1136.0,872.0,1307.0,1104.0
48994,26:57.500,26:57.520,3,407.0,706.0,623.0,937.0,1034.0,804.0,1205.0,1038.0,1620.0,778.0,1774.0,1001.0
49009,26:58.000,26:58.020,3,779.0,735.0,954.0,969.0,1339.0,696.0,1481.0,907.0,-20.0,865.0,278.0,1052.0
49025,26:58.500,26:58.520,2,633.0,837.0,814.0,1076.0,1186.0,764.0,1327.0,969.0,,,,
49040,26:59.000,26:59.022,2,647.0,917.0,831.0,1161.0,1201.0,843.0,1342.0,1055.0,,,,
49055,26:59.500,26:59.522,2,649.0,897.0,834.0,1143.0,1203.0,825.0,1344.0,1035.0,,,,
49070,27:00.000,27:00.022,3,731.0,946.0,909.0,1191.0,89.0,667.0,315.0,895.0,1274.0,861.0,1417.0,1070.0
49085,27:00.500,27:00.522,3,797.0,1004.0,974.0,1247.0,193.0,806.0,408.0,1050.0,1332.0,903.0,1479.0,1118.0
49100,27:01.000,27:01.022,3,797.0,1014.0,973.0,1261.0,191.0,877.0,415.0,1121.0,1337.0,931.0,1485.0,1150.0
49116,27:01.500,27:01.522,3,317.0,839.0,529.0,1087.0,899.0,984.0,1071.0,1225.0,1440.0,924.0,1586.0,1144.0
49131,27:02.000,27:02.022,3,200.0,863.0,429.0,1114.0,824.0,1003.0,1000.0,1246.0,1368.0,949.0,1516.0,1165.0
49146,27:02.500,27:02.522,3,205.0,832.0,434.0,1086.0,818.0,954.0,992.0,1198.0,1370.0,907.0,1515.0,1119.0
49162,27:03.000,27:03.023,3,883.0,948.0,1056.0,1189.0,287.0,832.0,510.0,1077.0,1423.0,877.0,1570.0,1088.0
49177,27:03.500,27:03.523,3,1199.0,935.0,1366.0,1174.0,1761.0,854.0,1929.0,1081.0,667.0,834.0,847.0,1051.0
49192,27:04.000,27:04.023,3,1213.0,939.0,1384.0,1180.0,1787.0,865.0,1961.0,1092.0,684.0,843.0,864.0,1063.0
49207,27:04.500,27:04.523,3,1193.0,914.0,1361.0,1151.0,1772.0,834.0,1943.0,1059.0,670.0,826.0,849.0,1048.0
49222,27:05.000,27:05.023,3,1196.0,888.0,1366.0,1122.0,1791.0,823.0,1961.0,1050.0,677.0,805.0,858.0,1021.0
49237,27:05.500,27:05.523,3,1095.0,840.0,1268.0,1077.0,1690.0,761.0,1858.0,991.0,487.0,785.0,683.0,1006.0
49252,27:06.000,27:06.023,3,250.0,778.0,465.0,1010.0,897.0,840.0,1069.0,1070.0,1485.0,760.0,1637.0,974.0
49268,27:06.500,27:06.523,3,439.0,783.0,638.0,1014.0,1008.0,861.0,1178.0,1085.0,1574.0,783.0,1732.0,1000.0
49283,27:07.000,27:07.023,3,1687.0,892.0,1859.0,1113.0,590.0,894.0,778.0,1123.0,1132.0,964.0,1301.0,1199.0
49298,27:07.500,27:07.525,3,1976.0,839.0,2161.0,1078.0,1364.0,910.0,1534.0,1139.0,870.0,824.0,1038.0,1036.0
49313,27:08.000,27:08.025,3,1269.0,909.0,1430.0,1132.0,1814.0,860.0,1985.0,1086.0,778.0,822.0,946.0,1030.0
49329,27:08.500,27:08.525,3,1750.0,885.0,1916.0,1111.0,1219.0,905.0,1380.0,1123.0,734.0,784.0,904.0,990.0
49344,27:09.000,27:09.025,3,1665.0,778.0,1818.0,986.0,653.0,695.0,825.0,899.0,1151.0,807.0,1307.0,1021.0
49359,27:09.500,27:09.525,3,1776.0,841.0,1939.0,1061.0,770.0,757.0,935.0,958.0,1254.0,871.0,1409.0,1082.0
49374,27:10.000,27:10.025,3,598.0,794.0,776.0,1012.0,1118.0,897.0,1275.0,1112.0,1624.0,848.0,1775.0,1056.0
49389,27:10.500,27:10.525,3,419.0,738.0,607.0,947.0,976.0,840.0,1136.0,1061.0,1473.0,772.0,1618.0,971.0
49404,27:11.000,27:11.025,3,316.0,759.0,516.0,984.0,875.0,856.0,1036.0,1074.0,1372.0,787.0,1512.0,988.0
49419,27:11.500,27:11.518,3,288.0,767.0,493.0,990.0,831.0,831.0,992.0,1055.0,1323.0,762.0,1465.0,960.0
49434,27:12.000,27:12.018,3,350.0,696.0,550.0,917.0,908.0,803.0,1067.0,1021.0,1405.0,748.0,1547.0,948.0
49449,27:12.500,27:12.518,3,548.0,602.0,730.0,791.0,1062.0,678.0,1219.0,893.0,1576.0,619.0,1728.0,824.0
49464,27:13.000,27:13.018,3,1598.0,554.0,1753.0,763.0,1094.0,628.0,1252.0,838.0,560.0,574.0,742.0,766.0
49479,27:13.500,27:13.518,3,1094.0,731.0,1255.0,952.0,1605.0,665.0,1759.0,876.0,559.0,677.0,742.0,879.0
49494,27:14.000,27:14.018,3,1112.0,811.0,1278.0,1041.0,558.0,746.0,746.0,949.0,1654.0,747.0,1816.0,965.0
49509,27:14.500,27:14.518,3,582.0,741.0,774.0,964.0,1139.0,827.0,1310.0,1058.0,1696.0,760.0,1865.0,982.0
49524,27:15.000,27:15.018,3,1121.0,906.0,1300.0,1145.0,556.0,816.0,753.0,1038.0,1694.0,843.0,1867.0,1080.0
49540,27:15.500,27:15.520,3,1169.0,895.0,1341.0,1130.0,1742.0,838.0,1915.0,1073.0,630.0,804.0,817.0,1018.0
49555,27:16.000,27:16.020,3,1105.0,902.0,1274.0,1133.0,569.0,814.0,757.0,1029.0,1650.0,842.0,1812.0,1066.0
49570,27:16.500,27:16.520,3,600.0,831.0,787.0,1058.0,1125.0,927.0,1295.0,1159.0,1673.0,862.0,1833.0,1081.0
49585,27:17.000,27:17.020,3,1002.0,914.0,1170.0,1143.0,447.0,820.0,648.0,1046.0,1541.0,857.0,1695.0,1068.0
49600,27:17.500,27:17.520,3,418.0,847.0,619.0,1074.0,981.0,921.0,1152.0,1157.0,1521.0,850.0,1671.0,1059.0
49615,27:18.000,27:18.020,3,397.0,875.0,599.0,1103.0,968.0,941.0,1137.0,1175.0,1509.0,869.0,1657.0,1075.0
49630,27:18.500,27:18.520,3,400.0,846.0,600.0,1069.0,971.0,914.0,1137.0,1146.0,1507.0,845.0,1655.0,1052.0
49645,27:19.000,27:19.020,3,972.0,895.0,1141.0,1131.0,408.0,823.0,610.0,1045.0,1510.0,827.0,1660.0,1037.0
49660,27:19.500,27:19.520,3,971.0,897.0,1140.0,1131.0,409.0,825.0,610.0,1044.0,1519.0,826.0,1667.0,1032.0
49675,27:20.000,27:20.022,3,985.0,890.0,1155.0,1121.0,432.0,811.0,628.0,1029.0,1531.0,819.0,1681.0,1027.0
49690,27:20.500,27:20.522,3,595.0,815.0,780.0,1029.0,1130.0,894.0,1294.0,1118.0,1688.0,800.0,1848.0,1021.0
49705,27:21.000,27:21.022,3,1131.0,897.0,1297.0,1127.0,621.0,831.0,810.0,1056.0,1686.0,809.0,1851.0,1031.0
49720,27:21.500,27:21.522,3,871.0,786.0,1040.0,1016.0,290.0,714.0,507.0,949.0,1399.0,710.0,1543.0,911.0
49735,27:22.000,27:22.022,3,417.0,704.0,614.0,921.0,957.0,785.0,1115.0,1006.0,1452.0,725.0,1600.0,926.0
49750,27:22.500,27:22.522,3,500.0,732.0,690.0,943.0,1022.0,814.0,1182.0,1034.0,1559.0,757.0,1710.0,964.0
49765,27:23.000,27:23.022,3,198.0,788.0,418.0,1021.0,792.0,843.0,960.0,1073.0,1291.0,737.0,1430.0,954.0
49780,27:23.500,27:23.522,3,365.0,672.0,572.0,902.0,852.0,788.0,1017.0,1015.0,1377.0,717.0,1520.0,918.0
49795,27:24.000,27:24.023,3,1175.0,814.0,1334.0,1033.0,1716.0,786.0,1883.0,999.0,761.0,686.0,931.0,882.0
49810,27:24.500,27:24.523,3,614.0,718.0,794.0,930.0,1085.0,874.0,1245.0,1102.0,1575.0,870.0,1712.0,1091.0
49825,27:25.000,27:25.023,3,1301.0,960.0,1466.0,1188.0,1888.0,931.0,2076.0,1188.0,840.0,840.0,1011.0,1046.0
49840,27:25.500,27:25.523,3,1153.0,954.0,1318.0,1179.0,1694.0,910.0,1865.0,1141.0,683.0,840.0,864.0,1057.0
49855,27:26.000,27:26.023,3,1685.0,906.0,1850.0,1132.0,1174.0,961.0,1336.0,1184.0,702.0,872.0,878.0,1083.0
49870,27:26.500,27:26.523,3,739.0,829.0,917.0,1041.0,1726.0,875.0,1894.0,1092.0,1206.0,932.0,1363.0,1151.0
49885,27:27.000,27:27.023,3,1875.0,883.0,2056.0,1114.0,1330.0,931.0,1495.0,1151.0,884.0,821.0,1051.0,1027.0
49900,27:27.500,27:27.523,3,1263.0,909.0,1425.0,1131.0,1796.0,861.0,1965.0,1082.0,803.0,811.0,976.0,1018.0
49915,27:28.000,27:28.023,3,484.0,861.0,682.0,1079.0,977.0,915.0,1140.0,1140.0,1478.0,857.0,1627.0,1063.0
49930,27:28.500,27:28.525,3,237.0,843.0,476.0,1112.0,853.0,948.0,1023.0,1180.0,1359.0,859.0,1502.0,1065.0
49945,27:29.000,27:29.025,3,385.0,844.0,599.0,1078.0,912.0,947.0,1080.0,1173.0,1435.0,865.0,1575.0,1073.0
49960,27:29.500,27:29.525,3,576.0,786.0,758.0,1009.0,1054.0,940.0,1219.0,1170.0,1565.0,850.0,1714.0,1060.0
49975,27:30.000,27:30.025,3,724.0,834.0,898.0,1049.0,1190.0,971.0,1355.0,1203.0,1686.0,917.0,1844.0,1138.0
49990,27:30.500,27:30.517,3,647.0,893.0,829.0,1110.0,1166.0,990.0,1330.0,1215.0,1668.0,934.0,1819.0,1153.0
50005,27:31.000,27:31.017,3,1156.0,956.0,1323.0,1191.0,611.0,857.0,793.0,1068.0,1677.0,903.0,1831.0,1122.0
50020,27:31.500,27:31.517,3,565.0,761.0,749.0,971.0,1119.0,864.0,1279.0,1078.0,1651.0,806.0,1803.0,1021.0
50035,27:32.000,27:32.017,3,1687.0,902.0,1841.0,1121.0,1144.0,941.0,1310.0,1171.0,606.0,838.0,789.0,1059.0
50050,27:32.500,27:32.518,3,597.0,712.0,777.0,911.0,1138.0,799.0,1298.0,1015.0,1676.0,754.0,1829.0,966.0
50065,27:33.000,27:33.018,3,1171.0,833.0,1333.0,1052.0,1716.0,791.0,1870.0,1016.0,646.0,735.0,825.0,942.0
50080,27:33.500,27:33.518,3,610.0,785.0,792.0,989.0,1145.0,880.0,1305.0,1097.0,1680.0,824.0,1834.0,1042.0
50095,27:34.000,27:34.018,3,1674.0,671.0,1827.0,889.0,599.0,617.0,781.0,823.0,1137.0,714.0,1296.0,935.0
50110,27:34.500,27:34.518,3,1743.0,772.0,1898.0,991.0,672.0,682.0,849.0,891.0,1196.0,802.0,1356.0,1020.0
50125,27:35.000,27:35.018,3,1733.0,775.0,1889.0,994.0,659.0,699.0,836.0,905.0,1183.0,808.0,1344.0,1028.0
50140,27:35.500,27:35.518,3,1237.0,818.0,1397.0,1039.0,1791.0,782.0,1950.0,1005.0,716.0,704.0,889.0,918.0
50155,27:36.000,27:36.018,3,1291.0,835.0,1454.0,1057.0,1856.0,808.0,2022.0,1040.0,781.0,721.0,949.0,926.0
50170,27:36.500,27:36.520,3,593.0,706.0,776.0,913.0,1128.0,808.0,1289.0,1028.0,1670.0,767.0,1821.0,979.0
50185,27:37.000,27:37.020,3,432.0,723.0,626.0,938.0,1002.0,800.0,1162.0,1021.0,1526.0,736.0,1673.0,946.0
50200,27:37.500,27:37.520,3,370.0,772.0,572.0,996.0,960.0,831.0,1120.0,1056.0,1479.0,745.0,1624.0,956.0
50215,27:38.000,27:38.020,3,347.0,785.0,554.0,1008.0,940.0,841.0,1103.0,1067.0,1462.0,760.0,1604.0,964.0
50230,27:38.500,27:38.520,3,440.0,764.0,637.0,983.0,1013.0,835.0,1172.0,1057.0,1539.0,758.0,1683.0,962.0
50245,27:39.000,27:39.020,3,517.0,734.0,706.0,950.0,1067.0,820.0,1227.0,1037.0,1598.0,760.0,1745.0,969.0
50260,27:39.500,27:39.520,3,538.0,731.0,724.0,941.0,1078.0,814.0,1238.0,1032.0,1617.0,760.0,1764.0,965.0
50275,27:40.000,27:40.020,3,580.0,703.0,763.0,918.0,1115.0,806.0,1274.0,1025.0,1660.0,748.0,1810.0,963.0
50290,27:40.500,27:40.520,3,1153.0,665.0,1312.0,880.0,615.0,553.0,800.0,758.0,1699.0,614.0,1857.0,834.0
50305,27:41.000,27:41.022,3,1178.0,648.0,1337.0,861.0,1730.0,592.0,1887.0,807.0,646.0,552.0,827.0,752.0
50320,27:41.500,27:41.522,3,1153.0,653.0,1311.0,861.0,1696.0,592.0,1851.0,805.0,618.0,567.0,802.0,766.0
50335,27:42.000,27:42.022,2,1632.0,538.0,1809.0,769.0,1114.0,449.0,1280.0,652.0,,,,
50350,27:42.500,27:42.522,2,1608.0,485.0,1784.0,717.0,1091.0,383.0,1262.0,588.0,,,,
50365,27:43.000,27:43.022,3,1816.0,582.0,1980.0,805.0,1256.0,652.0,1412.0,862.0,738.0,562.0,915.0,758.0
50380,27:43.500,27:43.522,3,1154.0,701.0,1314.0,918.0,620.0,635.0,804.0,832.0,1698.0,633.0,1852.0,844.0
50395,27:44.000,27:44.022,3,260.0,737.0,474.0,964.0,863.0,815.0,1026.0,1038.0,1394.0,744.0,1531.0,950.0
50410,27:44.500,27:44.522,3,809.0,779.0,976.0,1002.0,182.0,712.0,406.0,936.0,1343.0,707.0,1479.0,913.0
50425,27:45.000,27:45.023,3,257.0,735.0,471.0,961.0,860.0,814.0,1024.0,1036.0,1393.0,747.0,1529.0,952.0
50440,27:45.500,27:45.523,3,260.0,757.0,475.0,982.0,862.0,826.0,1028.0,1047.0,1397.0,756.0,1533.0,959.0
50455,27:46.000,27:46.023,3,294.0,809.0,506.0,1027.0,892.0,858.0,1055.0,1073.0,1417.0,761.0,1556.0,966.0
50470,27:46.500,27:46.523,3,412.0,725.0,612.0,947.0,981.0,783.0,1141.0,1003.0,1508.0,690.0,1649.0,897.0
50485,27:47.000,27:47.023,3,1941.0,722.0,2114.0,953.0,1365.0,801.0,1526.0,1020.0,855.0,734.0,1026.0,930.0
50500,27:47.500,27:47.523,3,2021.0,717.0,2203.0,955.0,1426.0,795.0,1588.0,1015.0,920.0,722.0,1088.0,913.0
50515,27:48.000,27:48.023,3,1310.0,771.0,1466.0,983.0,1869.0,687.0,2037.0,913.0,796.0,689.0,968.0,892.0
50530,27:48.500,27:48.523,3,1785.0,726.0,1943.0,946.0,1238.0,794.0,1396.0,1012.0,721.0,713.0,892.0,917.0
50545,27:49.000,27:49.025,3,680.0,702.0,857.0,912.0,1743.0,719.0,1897.0,937.0,1201.0,786.0,1356.0,1005.0
50560,27:49.500,27:49.517,3,1113.0,771.0,1271.0,986.0,578.0,701.0,759.0,901.0,1641.0,704.0,1791.0,919.0
50575,27:50.000,27:50.017,3,376.0,700.0,576.0,907.0,954.0,769.0,1113.0,982.0,1472.0,686.0,1615.0,898.0
50590,27:50.500,27:50.517,3,459.0,711.0,651.0,925.0,1020.0,784.0,1174.0,998.0,1539.0,701.0,1682.0,908.0
50605,27:51.000,27:51.017,3,471.0,714.0,668.0,932.0,1030.0,793.0,1190.0,1009.0,1544.0,704.0,1691.0,912.0
50620,27:51.500,27:51.517,3,964.0,785.0,1121.0,1002.0,383.0,719.0,587.0,935.0,1466.0,698.0,1615.0,905.0
50635,27:52.000,27:52.017,3,980.0,786.0,1140.0,1010.0,411.0,717.0,611.0,936.0,1489.0,708.0,1636.0,908.0
50650,27:52.500,27:52.517,3,502.0,685.0,691.0,894.0,1052.0,771.0,1208.0,981.0,1570.0,685.0,1719.0,895.0
50665,27:53.000,27:53.017,3,536.0,660.0,725.0,876.0,1601.0,670.0,1753.0,881.0,1081.0,751.0,1238.0,962.0
50680,27:53.500,27:53.518,3,600.0,676.0,781.0,883.0,1128.0,765.0,1282.0,974.0,1655.0,678.0,1808.0,890.0
50695,27:54.000,27:54.018,3,417.0,707.0,618.0,929.0,981.0,787.0,1140.0,1011.0,1500.0,709.0,1643.0,910.0
50710,27:54.500,27:54.518,3,394.0,718.0,594.0,934.0,962.0,795.0,1120.0,1013.0,1478.0,712.0,1620.0,913.0
50725,27:55.000,27:55.018,3,376.0,728.0,578.0,946.0,946.0,804.0,1105.0,1018.0,1461.0,711.0,1607.0,914.0
50740,27:55.500,27:55.518,3,377.0,718.0,580.0,938.0,946.0,796.0,1105.0,1012.0,1471.0,701.0,1614.0,906.0
50755,27:56.000,27:56.018,3,407.0,705.0,605.0,930.0,969.0,789.0,1130.0,1008.0,1496.0,699.0,1639.0,901.0
50770,27:56.500,27:56.518,3,436.0,698.0,630.0,915.0,989.0,780.0,1148.0,998.0,1519.0,702.0,1660.0,904.0
50785,27:57.000,27:57.018,3,415.0,699.0,615.0,920.0,975.0,782.0,1136.0,999.0,1501.0,693.0,1644.0,896.0
50800,27:57.500,27:57.520,3,422.0,704.0,619.0,921.0,977.0,784.0,1139.0,1001.0,1507.0,701.0,1647.0,908.0
50815,27:58.000,27:58.020,3,415.0,700.0,616.0,926.0,973.0,785.0,1134.0,1003.0,1507.0,696.0,1649.0,899.0
50830,27:58.500,27:58.520,3,406.0,711.0,607.0,935.0,968.0,793.0,1128.0,1012.0,1501.0,702.0,1643.0,906.0
50845,27:59.000,27:59.020,3,399.0,736.0,596.0,954.0,960.0,812.0,1120.0,1027.0,1495.0,718.0,1636.0,919.0
50860,27:59.500,27:59.520,3,391.0,752.0,591.0,964.0,953.0,820.0,1113.0,1036.0,1478.0,717.0,1617.0,922.0
50875,28:00.000,28:00.020,3,378.0,752.0,579.0,968.0,949.0,819.0,1108.0,1037.0,1473.0,719.0,1613.0,920.0
50890,28:00.500,28:00.520,3,381.0,740.0,582.0,959.0,951.0,812.0,1111.0,1028.0,1480.0,715.0,1620.0,914.0
50905,28:01.000,28:01.020,3,406.0,733.0,605.0,952.0,980.0,810.0,1141.0,1029.0,1509.0,720.0,1651.0,920.0
50920,28:01.500,28:01.522,3,388.0,808.0,589.0,1029.0,984.0,877.0,1145.0,1093.0,1510.0,775.0,1653.0,975.0
50935,28:02.000,28:02.022,3,375.0,814.0,577.0,1033.0,974.0,869.0,1135.0,1084.0,1492.0,757.0,1637.0,959.0
50950,28:02.500,28:02.522,3,378.0,811.0,578.0,1023.0,971.0,855.0,1134.0,1075.0,1488.0,749.0,1633.0,952.0
50965,28:03.000,28:03.022,3,399.0,778.0,599.0,1005.0,988.0,842.0,1148.0,1066.0,1505.0,750.0,1647.0,953.0
50980,28:03.500,28:03.522,3,401.0,762.0,601.0,977.0,985.0,820.0,1144.0,1041.0,1505.0,727.0,1647.0,928.0
50995,28:04.000,28:04.022,3,388.0,759.0,588.0,968.0,972.0,815.0,1134.0,1034.0,1491.0,714.0,1634.0,916.0
51010,28:04.500,28:04.522,3,407.0,753.0,605.0,969.0,983.0,816.0,1143.0,1036.0,1501.0,714.0,1643.0,914.0
51025,28:05.000,28:05.022,3,437.0,755.0,632.0,970.0,1008.0,823.0,1167.0,1041.0,1524.0,718.0,1670.0,918.0
51040,28:05.500,28:05.522,3,534.0,782.0,720.0,997.0,1083.0,842.0,1242.0,1061.0,1600.0,748.0,1752.0,951.0
51055,28:06.000,28:06.023,3,1115.0,820.0,1273.0,1042.0,581.0,767.0,761.0,971.0,1634.0,743.0,1791.0,952.0
51070,28:06.500,28:06.523,3,1116.0,819.0,1274.0,1036.0,578.0,754.0,761.0,960.0,1635.0,740.0,1790.0,947.0
51085,28:07.000,28:07.023,3,1124.0,827.0,1283.0,1042.0,587.0,757.0,770.0,961.0,1652.0,747.0,1806.0,957.0
51100,28:07.500,28:07.523,3,1121.0,825.0,1278.0,1042.0,582.0,755.0,764.0,965.0,1648.0,752.0,1803.0,959.0
51115,28:08.000,28:08.023,3,570.0,763.0,753.0,971.0,1111.0,821.0,1269.0,1042.0,1635.0,747.0,1789.0,955.0
51130,28:08.500,28:08.523,3,587.0,743.0,768.0,950.0,1125.0,811.0,1282.0,1024.0,1653.0,734.0,1807.0,943.0
51145,28:09.000,28:09.023,3,552.0,761.0,736.0,969.0,1095.0,820.0,1257.0,1039.0,1619.0,742.0,1769.0,948.0
51160,28:09.500,28:09.515,3,580.0,739.0,762.0,948.0,1119.0,807.0,1275.0,1020.0,1643.0,729.0,1796.0,935.0
51175,28:10.000,28:10.017,3,1102.0,795.0,1259.0,1014.0,559.0,730.0,745.0,939.0,1624.0,719.0,1773.0,923.0
51190,28:10.500,28:10.517,3,553.0,758.0,738.0,963.0,1100.0,813.0,1260.0,1033.0,1621.0,736.0,1772.0,941.0
51205,28:11.000,28:11.017,3,582.0,718.0,764.0,926.0,1135.0,783.0,1290.0,997.0,1662.0,703.0,1817.0,911.0
51220,28:11.500,28:11.517,3,1109.0,765.0,1267.0,981.0,1633.0,682.0,1787.0,894.0,551.0,720.0,734.0,917.0
51235,28:12.000,28:12.017,3,508.0,711.0,694.0,904.0,1604.0,677.0,1756.0,884.0,1087.0,758.0,1244.0,969.0
51250,28:12.500,28:12.517,3,984.0,770.0,1144.0,990.0,343.0,738.0,526.0,941.0,1499.0,698.0,1643.0,898.0
51265,28:13.000,28:13.017,3,970.0,782.0,1132.0,1001.0,359.0,743.0,567.0,956.0,1485.0,688.0,1632.0,895.0
51280,28:13.500,28:13.517,3,398.0,788.0,598.0,1007.0,982.0,830.0,1142.0,1050.0,1492.0,736.0,1637.0,939.0
51295,28:14.000,28:14.018,3,425.0,823.0,627.0,1044.0,1011.0,867.0,1169.0,1079.0,1517.0,767.0,1664.0,969.0
51310,28:14.500,28:14.518,3,428.0,799.0,629.0,1019.0,1012.0,839.0,1169.0,1062.0,1517.0,749.0,1665.0,955.0
51325,28:15.000,28:15.018,3,497.0,794.0,689.0,1004.0,1078.0,830.0,1234.0,1047.0,1589.0,750.0,1738.0,955.0
51340,28:15.500,28:15.518,3,506.0,785.0,698.0,1007.0,1076.0,820.0,1236.0,1035.0,1590.0,738.0,1739.0,947.0
51355,28:16.000,28:16.018,3,501.0,811.0,696.0,1023.0,1059.0,806.0,1217.0,1023.0,1569.0,713.0,1717.0,922.0
51370,28:16.500,28:16.518,3,528.0,797.0,720.0,1015.0,1071.0,796.0,1229.0,1012.0,1584.0,709.0,1735.0,915.0
51385,28:17.000,28:17.018,3,1050.0,819.0,1210.0,1041.0,506.0,818.0,699.0,1029.0,1575.0,738.0,1725.0,949.0
51400,28:17.500,28:17.518,3,499.0,841.0,694.0,1057.0,1039.0,846.0,1199.0,1068.0,1567.0,767.0,1713.0,970.0
51415,28:18.000,28:18.018,3,607.0,829.0,791.0,1031.0,1660.0,766.0,1815.0,980.0,1132.0,843.0,1288.0,1060.0
51430,28:18.500,28:18.520,3,534.0,780.0,728.0,992.0,1081.0,808.0,1238.0,1025.0,1602.0,731.0,1754.0,941.0
51445,28:19.000,28:19.020,3,535.0,793.0,731.0,1008.0,1078.0,825.0,1234.0,1037.0,1605.0,740.0,1757.0,948.0
51460,28:19.500,28:19.520,3,1909.0,779.0,2084.0,1009.0,837.0,804.0,1010.0,1012.0,1319.0,859.0,1480.0,1077.0
51475,28:20.000,28:20.020,3,1561.0,881.0,1732.0,1102.0,1094.0,820.0,1262.0,1019.0,2247.0,793.0,2463.0,1045.0
51490,28:20.500,28:20.520,2,1631.0,810.0,1808.0,1032.0,1138.0,729.0,1304.0,931.0,,,,
51505,28:21.000,28:21.020,3,761.0,757.0,937.0,961.0,1844.0,758.0,2014.0,989.0,1270.0,830.0,1432.0,1042.0
51520,28:21.500,28:21.520,3,406.0,808.0,605.0,1029.0,970.0,840.0,1130.0,1064.0,1510.0,761.0,1654.0,966.0
51535,28:22.000,28:22.020,3,602.0,812.0,785.0,1026.0,1117.0,845.0,1278.0,1067.0,1673.0,771.0,1828.0,982.0
51550,28:22.500,28:22.522,3,1338.0,844.0,1502.0,1072.0,1930.0,777.0,2106.0,1003.0,848.0,827.0,1015.0,1024.0
51565,28:23.000,28:23.022,3,1924.0,784.0,2100.0,1011.0,1334.0,850.0,1496.0,1072.0,832.0,823.0,1003.0,1017.0
51580,28:23.500,28:23.522,3,1277.0,840.0,1439.0,1061.0,1846.0,771.0,2016.0,993.0,762.0,796.0,937.0,1007.0
51595,28:24.000,28:24.022,3,1214.0,844.0,1373.0,1064.0,1761.0,779.0,1925.0,998.0,692.0,806.0,869.0,1018.0
51610,28:24.500,28:24.522,3,1259.0,824.0,1418.0,1044.0,1809.0,766.0,1976.0,983.0,744.0,790.0,924.0,1002.0
51625,28:25.000,28:25.022,3,1230.0,826.0,1388.0,1046.0,712.0,797.0,893.0,1006.0,1775.0,764.0,1937.0,975.0
51640,28:25.500,28:25.522,3,1200.0,830.0,1358.0,1048.0,1738.0,756.0,1898.0,967.0,678.0,796.0,858.0,1011.0
51655,28:26.000,28:26.022,3,584.0,782.0,770.0,998.0,1116.0,799.0,1274.0,1015.0,1622.0,715.0,1771.0,909.0
51670,28:26.500,28:26.523,3,1089.0,789.0,1249.0,1011.0,551.0,779.0,742.0,1001.0,1592.0,701.0,1738.0,899.0
51685,28:27.000,28:27.023,3,1093.0,796.0,1251.0,1014.0,558.0,784.0,750.0,1005.0,1614.0,714.0,1765.0,906.0
51700,28:27.500,28:27.523,3,1100.0,794.0,1259.0,1013.0,559.0,786.0,751.0,997.0,1628.0,722.0,1781.0,932.0
51715,28:28.000,28:28.023,3,552.0,793.0,741.0,1006.0,1097.0,805.0,1254.0,1016.0,1626.0,734.0,1775.0,943.0
51730,28:28.500,28:28.523,3,1095.0,798.0,1251.0,1019.0,550.0,796.0,741.0,1006.0,1620.0,735.0,1770.0,942.0
51745,28:29.000,28:29.015,3,529.0,824.0,722.0,1035.0,1073.0,827.0,1229.0,1043.0,1600.0,749.0,1751.0,959.0
51760,28:29.500,28:29.515,3,569.0,839.0,758.0,1062.0,1095.0,855.0,1254.0,1075.0,1629.0,778.0,1779.0,988.0
51775,28:30.000,28:30.015,3,609.0,827.0,794.0,1036.0,1134.0,843.0,1288.0,1060.0,1666.0,762.0,1820.0,972.0
51790,28:30.500,28:30.515,3,571.0,819.0,758.0,1031.0,1095.0,827.0,1255.0,1046.0,1628.0,744.0,1777.0,953.0
51805,28:31.000,28:31.017,3,555.0,822.0,743.0,1041.0,1085.0,831.0,1240.0,1051.0,1609.0,741.0,1760.0,958.0
51820,28:31.500,28:31.517,3,1066.0,826.0,1224.0,1047.0,526.0,829.0,718.0,1044.0,1601.0,731.0,1752.0,941.0
51835,28:32.000,28:32.017,3,471.0,829.0,671.0,1057.0,1021.0,832.0,1178.0,1050.0,1550.0,724.0,1696.0,930.0
51850,28:32.500,28:32.517,3,402.0,841.0,604.0,1063.0,962.0,831.0,1119.0,1052.0,1483.0,729.0,1629.0,942.0
51865,28:33.000,28:33.017,3,411.0,825.0,614.0,1045.0,967.0,813.0,1125.0,1036.0,1493.0,711.0,1638.0,912.0
51880,28:33.500,28:33.517,3,410.0,787.0,615.0,1014.0,972.0,781.0,1129.0,998.0,1497.0,673.0,1641.0,877.0
51895,28:34.000,28:34.017,3,412.0,798.0,616.0,1023.0,976.0,782.0,1135.0,999.0,1499.0,672.0,1645.0,874.0
51910,28:34.500,28:34.517,3,430.0,777.0,632.0,1004.0,982.0,766.0,1142.0,984.0,1510.0,665.0,1655.0,868.0
51925,28:35.000,28:35.018,3,438.0,765.0,641.0,999.0,993.0,765.0,1149.0,984.0,1514.0,663.0,1661.0,866.0
51940,28:35.500,28:35.518,3,540.0,773.0,734.0,991.0,1072.0,777.0,1227.0,992.0,1597.0,678.0,1749.0,888.0
51955,28:36.000,28:36.018,3,549.0,763.0,737.0,980.0,1077.0,773.0,1232.0,986.0,1603.0,678.0,1755.0,886.0
51970,28:36.500,28:36.518,3,549.0,785.0,736.0,1006.0,1080.0,778.0,1232.0,993.0,1606.0,687.0,1758.0,895.0
51985,28:37.000,28:37.018,3,473.0,769.0,666.0,990.0,1023.0,769.0,1178.0,982.0,1549.0,680.0,1697.0,884.0
52000,28:37.500,28:37.518,3,459.0,760.0,653.0,983.0,1009.0,769.0,1167.0,982.0,1536.0,679.0,1683.0,886.0
52015,28:38.000,28:38.018,3,471.0,761.0,668.0,985.0,1024.0,773.0,1178.0,986.0,1548.0,682.0,1696.0,890.0
52030,28:38.500,28:38.518,3,466.0,761.0,660.0,979.0,1026.0,778.0,1183.0,996.0,1558.0,698.0,1706.0,903.0
52045,28:39.000,28:39.020,3,478.0,768.0,674.0,989.0,1037.0,772.0,1197.0,991.0,1576.0,689.0,1728.0,900.0
52060,28:39.500,28:39.520,3,1058.0,770.0,1214.0,986.0,505.0,790.0,702.0,1002.0,1596.0,689.0,1748.0,899.0
52075,28:40.000,28:40.020,3,525.0,797.0,717.0,1006.0,1072.0,775.0,1228.0,988.0,1608.0,697.0,1758.0,904.0
52090,28:40.500,28:40.520,3,519.0,793.0,711.0,1008.0,1068.0,781.0,1223.0,994.0,1602.0,707.0,1751.0,916.0
52105,28:41.000,28:41.020,3,1071.0,768.0,1228.0,980.0,519.0,774.0,713.0,985.0,1603.0,693.0,1753.0,903.0
52120,28:41.500,28:41.520,3,520.0,762.0,712.0,976.0,1076.0,762.0,1232.0,976.0,1604.0,688.0,1755.0,897.0
52135,28:42.000,28:42.020,3,521.0,760.0,713.0,975.0,1072.0,762.0,1229.0,979.0,1600.0,680.0,1751.0,893.0
52150,28:42.500,28:42.520,3,512.0,764.0,706.0,975.0,1068.0,758.0,1225.0,969.0,1597.0,676.0,1747.0,888.0
52165,28:43.000,28:43.020,3,505.0,764.0,704.0,979.0,1595.0,677.0,1744.0,888.0,1068.0,755.0,1224.0,967.0
52180,28:43.500,28:43.522,3,1058.0,760.0,1216.0,977.0,495.0,777.0,691.0,986.0,1583.0,674.0,1733.0,887.0
52195,28:44.000,28:44.022,3,468.0,780.0,668.0,994.0,1038.0,775.0,1196.0,983.0,1561.0,677.0,1707.0,888.0
52210,28:44.500,28:44.522,3,459.0,770.0,660.0,986.0,1030.0,765.0,1187.0,978.0,1552.0,671.0,1701.0,879.0
52225,28:45.000,28:45.022,3,466.0,791.0,667.0,1007.0,1029.0,785.0,1186.0,999.0,1559.0,695.0,1708.0,897.0
52240,28:45.500,28:45.522,3,1044.0,778.0,1203.0,995.0,486.0,786.0,684.0,998.0,1573.0,686.0,1725.0,897.0
52255,28:46.000,28:46.022,3,381.0,822.0,591.0,1040.0,963.0,802.0,1122.0,1024.0,1488.0,705.0,1634.0,906.0
52270,28:46.500,28:46.522,3,382.0,800.0,588.0,1021.0,964.0,798.0,1121.0,1016.0,1489.0,705.0,1634.0,906.0
52285,28:47.000,28:47.022,3,375.0,825.0,584.0,1041.0,955.0,811.0,1116.0,1033.0,1480.0,717.0,1624.0,921.0
52300,28:47.500,28:47.523,3,380.0,810.0,585.0,1027.0,960.0,803.0,1119.0,1024.0,1487.0,705.0,1630.0,913.0
52315,28:48.000,28:48.023,3,356.0,816.0,571.0,1038.0,945.0,810.0,1104.0,1030.0,1472.0,699.0,1616.0,904.0
52330,28:48.500,28:48.515,3,357.0,808.0,570.0,1025.0,946.0,800.0,1103.0,1020.0,1469.0,692.0,1613.0,895.0
52345,28:49.000,28:49.015,3,946.0,788.0,1105.0,1009.0,358.0,796.0,570.0,1017.0,1468.0,680.0,1611.0,882.0
52360,28:49.500,28:49.515,3,455.0,792.0,655.0,1018.0,1020.0,793.0,1178.0,1014.0,1544.0,687.0,1692.0,894.0
52375,28:50.000,28:50.015,3,458.0,789.0,657.0,1009.0,1027.0,795.0,1182.0,1010.0,1548.0,691.0,1696.0,895.0
52390,28:50.500,28:50.515,3,458.0,780.0,657.0,999.0,1028.0,781.0,1183.0,994.0,1549.0,675.0,1695.0,877.0
52405,28:51.000,28:51.015,3,1024.0,776.0,1178.0,988.0,432.0,795.0,622.0,1000.0,1545.0,666.0,1691.0,869.0
52420,28:51.500,28:51.517,3,1014.0,780.0,1168.0,993.0,391.0,800.0,572.0,1012.0,1533.0,673.0,1680.0,876.0
52435,28:52.000,28:52.017,3,402.0,781.0,603.0,1008.0,999.0,777.0,1158.0,997.0,1518.0,670.0,1666.0,873.0
52450,28:52.500,28:52.517,3,412.0,769.0,614.0,1002.0,982.0,778.0,1142.0,1000.0,1500.0,674.0,1647.0,875.0
52465,28:53.000,28:53.017,3,408.0,765.0,614.0,995.0,983.0,778.0,1142.0,999.0,1501.0,672.0,1648.0,875.0
52480,28:53.500,28:53.517,3,396.0,786.0,598.0,1014.0,973.0,786.0,1132.0,1009.0,1490.0,673.0,1634.0,877.0
52495,28:54.000,28:54.017,3,396.0,806.0,598.0,1030.0,974.0,797.0,1134.0,1016.0,1492.0,683.0,1636.0,887.0
52510,28:54.500,28:54.517,3,403.0,796.0,603.0,1021.0,973.0,796.0,1132.0,1014.0,1490.0,686.0,1636.0,891.0
52525,28:55.000,28:55.017,3,377.0,797.0,583.0,1019.0,959.0,789.0,1116.0,1010.0,1477.0,676.0,1622.0,882.0
52540,28:55.500,28:55.517,3,360.0,811.0,571.0,1031.0,951.0,796.0,1108.0,1013.0,1472.0,685.0,1615.0,888.0
52555,28:56.000,28:56.018,3,355.0,810.0,570.0,1031.0,949.0,794.0,1107.0,1010.0,1470.0,683.0,1612.0,885.0
52570,28:56.500,28:56.518,3,401.0,793.0,607.0,1020.0,989.0,795.0,1146.0,1011.0,1510.0,697.0,1653.0,896.0
52585,28:57.000,28:57.018,3,418.0,795.0,619.0,1017.0,1012.0,797.0,1167.0,1011.0,1534.0,699.0,1679.0,901.0
52600,28:57.500,28:57.518,3,411.0,811.0,616.0,1035.0,995.0,811.0,1154.0,1029.0,1513.0,711.0,1659.0,911.0
52615,28:58.000,28:58.018,3,378.0,831.0,585.0,1053.0,967.0,816.0,1125.0,1039.0,1484.0,707.0,1629.0,907.0
52630,28:58.500,28:58.518,3,227.0,777.0,457.0,1009.0,853.0,732.0,1017.0,953.0,1361.0,591.0,1502.0,792.0
52645,28:59.000,28:59.018,3,315.0,817.0,529.0,1043.0,913.0,776.0,1071.0,987.0,1419.0,640.0,1561.0,839.0
52660,28:59.500,28:59.518,3,544.0,802.0,734.0,1020.0,1088.0,801.0,1244.0,1018.0,1611.0,705.0,1760.0,907.0
52675,29:00.000,29:00.020,3,577.0,950.0,769.0,1183.0,1123.0,937.0,1281.0,1162.0,1642.0,805.0,1797.0,1015.0
52690,29:00.500,29:00.520,3,467.0,946.0,673.0,1182.0,1034.0,892.0,1193.0,1102.0,1539.0,700.0,1680.0,905.0
52705,29:01.000,29:01.020,3,457.0,962.0,659.0,1206.0,1025.0,894.0,1181.0,1113.0,1520.0,706.0,1663.0,916.0
52720,29:01.500,29:01.520,3,572.0,941.0,766.0,1165.0,1123.0,863.0,1279.0,1081.0,1627.0,672.0,1776.0,889.0
52735,29:02.000,29:02.020,3,621.0,933.0,813.0,1156.0,1165.0,846.0,1324.0,1072.0,1677.0,655.0,1829.0,873.0
52750,29:02.500,29:02.520,3,587.0,944.0,780.0,1161.0,1139.0,844.0,1297.0,1070.0,1642.0,653.0,1792.0,866.0
52765,29:03.000,29:03.020,3,552.0,924.0,746.0,1154.0,1112.0,852.0,1269.0,1076.0,1620.0,670.0,1768.0,884.0
52780,29:03.500,29:03.520,3,580.0,947.0,772.0,1167.0,1136.0,884.0,1291.0,1101.0,1650.0,700.0,1797.0,912.0
52795,29:04.000,29:04.020,3,611.0,935.0,801.0,1154.0,1160.0,862.0,1320.0,1086.0,1679.0,683.0,1829.0,902.0
52810,29:04.500,29:04.522,3,617.0,926.0,806.0,1147.0,1170.0,865.0,1323.0,1077.0,1684.0,686.0,1837.0,902.0
52825,29:05.000,29:05.022,3,648.0,951.0,834.0,1167.0,1716.0,695.0,1869.0,905.0,1199.0,889.0,1349.0,1095.0
52840,29:05.500,29:05.522,3,586.0,944.0,777.0,1171.0,1144.0,884.0,1298.0,1097.0,1655.0,690.0,1805.0,897.0
52855,29:06.000,29:06.022,3,1920.0,714.0,2092.0,940.0,1364.0,909.0,1524.0,1130.0,839.0,953.0,1017.0,1182.0
52870,29:06.500,29:06.522,3,2014.0,694.0,2192.0,928.0,911.0,916.0,1083.0,1132.0,1442.0,885.0,1601.0,1103.0
52885,29:07.000,29:07.022,3,1909.0,519.0,2087.0,746.0,854.0,893.0,1028.0,1098.0,1383.0,782.0,1542.0,999.0
52900,29:07.500,29:07.522,3,1960.0,601.0,2136.0,831.0,1401.0,815.0,1562.0,1036.0,864.0,873.0,1035.0,1080.0
52915,29:08.000,29:08.022,3,1843.0,720.0,2008.0,941.0,751.0,911.0,929.0,1134.0,1301.0,891.0,1460.0,1112.0
52930,29:08.500,29:08.523,3,613.0,942.0,799.0,1149.0,1730.0,894.0,1886.0,1110.0,1176.0,973.0,1332.0,1195.0
52945,29:09.000,29:09.015,3,576.0,761.0,763.0,974.0,1683.0,738.0,1831.0,951.0,1133.0,811.0,1288.0,1023.0
52960,29:09.500,29:09.515,3,496.0,729.0,690.0,943.0,1604.0,708.0,1749.0,925.0,1069.0,783.0,1221.0,992.0
52975,29:10.000,29:10.015,3,463.0,752.0,662.0,968.0,1040.0,785.0,1195.0,995.0,1564.0,684.0,1706.0,901.0
52990,29:10.500,29:10.515,3,485.0,791.0,679.0,1011.0,1042.0,824.0,1201.0,1039.0,1567.0,730.0,1708.0,940.0
53005,29:11.000,29:11.015,3,537.0,778.0,731.0,989.0,1080.0,822.0,1234.0,1034.0,1648.0,733.0,1794.0,932.0
53020,29:11.500,29:11.515,3,533.0,789.0,725.0,1011.0,1079.0,835.0,1229.0,1046.0,1622.0,744.0,1765.0,947.0
53035,29:12.000,29:12.015,3,530.0,819.0,722.0,1035.0,1080.0,845.0,1233.0,1060.0,1614.0,761.0,1759.0,966.0
53050,29:12.500,29:12.517,3,471.0,919.0,671.0,1144.0,1035.0,929.0,1195.0,1151.0,1577.0,826.0,1720.0,1032.0
53065,29:13.000,29:13.017,3,270.0,915.0,491.0,1159.0,881.0,913.0,1040.0,1134.0,1402.0,794.0,1542.0,995.0
53080,29:13.500,29:13.517,3,320.0,942.0,537.0,1184.0,916.0,936.0,1080.0,1164.0,1433.0,836.0,1576.0,1038.0
53095,29:14.000,29:14.017,3,562.0,936.0,754.0,1169.0,1109.0,932.0,1266.0,1160.0,1629.0,845.0,1781.0,1059.0
53110,29:14.500,29:14.517,3,800.0,910.0,973.0,1124.0,1319.0,922.0,1479.0,1143.0,1883.0,815.0,2055.0,1039.0
53125,29:15.000,29:15.017,3,1925.0,806.0,2098.0,1031.0,1346.0,908.0,1508.0,1132.0,828.0,892.0,1002.0,1104.0
53140,29:15.500,29:15.517,3,1896.0,816.0,2064.0,1042.0,793.0,939.0,968.0,1152.0,1324.0,926.0,1483.0,1148.0
53155,29:16.000,29:16.017,3,659.0,975.0,841.0,1198.0,1186.0,971.0,1346.0,1200.0,1741.0,855.0,1899.0,1076.0
53170,29:16.500,29:16.517,3,1988.0,920.0,2171.0,1160.0,861.0,903.0,1034.0,1105.0,1371.0,990.0,1536.0,1203.0
53185,29:17.000,29:17.018,3,547.0,808.0,736.0,1029.0,1086.0,899.0,1244.0,1110.0,1639.0,816.0,1793.0,1028.0
53200,29:17.500,29:17.518,3,337.0,849.0,546.0,1093.0,1449.0,832.0,1593.0,1036.0,908.0,935.0,1074.0,1173.0
53215,29:18.000,29:18.018,3,273.0,891.0,494.0,1154.0,852.0,947.0,1023.0,1185.0,1426.0,822.0,1567.0,1023.0
53230,29:18.500,29:18.518,3,315.0,1074.0,530.0,1338.0,882.0,1102.0,1050.0,1330.0,1475.0,962.0,1619.0,1167.0
53245,29:19.000,29:19.018,3,536.0,1070.0,729.0,1330.0,1057.0,1124.0,1221.0,1350.0,1654.0,1012.0,1806.0,1224.0
53260,29:19.500,29:19.518,3,697.0,914.0,868.0,1154.0,1798.0,893.0,1959.0,1109.0,1190.0,985.0,1352.0,1207.0
53275,29:20.000,29:20.018,3,673.0,848.0,851.0,1066.0,1173.0,908.0,1333.0,1125.0,1776.0,824.0,1937.0,1037.0
53290,29:20.500,29:20.518,3,1149.0,895.0,1304.0,1108.0,641.0,846.0,822.0,1051.0,1746.0,821.0,1905.0,1035.0
53305,29:21.000,29:21.020,3,632.0,837.0,816.0,1043.0,1147.0,894.0,1301.0,1106.0,1743.0,825.0,1900.0,1039.0
53320,29:21.500,29:21.520,3,1877.0,833.0,2049.0,1063.0,793.0,842.0,969.0,1056.0,1264.0,906.0,1422.0,1121.0
53335,29:22.000,29:22.020,3,491.0,861.0,702.0,1094.0,1029.0,919.0,1189.0,1134.0,1608.0,830.0,1756.0,1033.0
53350,29:22.500,29:22.520,3,375.0,860.0,601.0,1105.0,956.0,912.0,1115.0,1131.0,1529.0,826.0,1674.0,1025.0
53365,29:23.000,29:23.020,3,198.0,871.0,417.0,1106.0,780.0,990.0,946.0,1219.0,1365.0,909.0,1500.0,1107.0
53380,29:23.500,29:23.520,3,136.0,840.0,354.0,1080.0,727.0,1003.0,895.0,1230.0,1316.0,918.0,1454.0,1118.0
53395,29:24.000,29:24.020,3,519.0,893.0,699.0,1104.0,1041.0,1006.0,1197.0,1228.0,1625.0,920.0,1772.0,1131.0
53410,29:24.500,29:24.520,3,551.0,894.0,728.0,1098.0,1063.0,1002.0,1222.0,1223.0,1647.0,916.0,1800.0,1130.0
53425,29:25.000,29:25.022,3,1061.0,1012.0,1222.0,1241.0,554.0,902.0,732.0,1116.0,1643.0,932.0,1796.0,1141.0
53440,29:25.500,29:25.522,3,1129.0,992.0,1286.0,1215.0,1717.0,919.0,1871.0,1133.0,632.0,878.0,803.0,1077.0
53455,29:26.000,29:26.022,3,1858.0,899.0,2025.0,1132.0,1246.0,959.0,1403.0,1186.0,762.0,828.0,926.0,1030.0
53470,29:26.500,29:26.522,3,1903.0,896.0,2070.0,1128.0,1278.0,942.0,1440.0,1164.0,778.0,812.0,940.0,1007.0
53485,29:27.000,29:27.022,3,1880.0,890.0,2050.0,1122.0,1265.0,939.0,1423.0,1160.0,754.0,810.0,918.0,1003.0
53500,29:27.500,29:27.522,3,1217.0,961.0,1376.0,1186.0,1805.0,924.0,1975.0,1148.0,704.0,836.0,871.0,1030.0
53515,29:28.000,29:28.022,3,1161.0,1011.0,1321.0,1236.0,624.0,898.0,798.0,1102.0,1741.0,950.0,1897.0,1180.0
53530,29:28.500,29:28.513,3,1149.0,1013.0,1309.0,1236.0,615.0,906.0,790.0,1108.0,1738.0,945.0,1889.0,1176.0
53545,29:29.000,29:29.013,3,1750.0,925.0,1907.0,1155.0,1166.0,978.0,1327.0,1203.0,642.0,886.0,811.0,1083.0
53560,29:29.500,29:29.515,3,1713.0,898.0,1865.0,1130.0,1136.0,967.0,1293.0,1190.0,614.0,880.0,789.0,1079.0
53575,29:30.000,29:30.015,3,1055.0,962.0,1214.0,1190.0,517.0,888.0,695.0,1088.0,1625.0,894.0,1770.0,1118.0
53590,29:30.500,29:30.515,3,509.0,889.0,690.0,1088.0,1047.0,975.0,1206.0,1197.0,1614.0,911.0,1761.0,1133.0
53605,29:31.000,29:31.015,3,1032.0,954.0,1194.0,1178.0,497.0,860.0,678.0,1064.0,1609.0,900.0,1754.0,1116.0
53620,29:31.500,29:31.515,3,488.0,829.0,669.0,1039.0,1026.0,933.0,1183.0,1155.0,1598.0,884.0,1743.0,1097.0
53635,29:32.000,29:32.015,3,548.0,798.0,726.0,1019.0,1067.0,923.0,1224.0,1143.0,1648.0,885.0,1798.0,1096.0
53650,29:32.500,29:32.515,3,1782.0,907.0,1941.0,1126.0,1182.0,915.0,1339.0,1130.0,691.0,777.0,859.0,974.0
53665,29:33.000,29:33.015,3,1863.0,895.0,2030.0,1132.0,755.0,803.0,919.0,1004.0,1255.0,925.0,1412.0,1141.0
53680,29:33.500,29:33.517,3,1814.0,876.0,1976.0,1103.0,1210.0,923.0,1370.0,1142.0,699.0,832.0,865.0,1025.0
53695,29:34.000,29:34.017,3,1803.0,881.0,1964.0,1106.0,1191.0,922.0,1347.0,1137.0,687.0,806.0,853.0,1012.0
53710,29:34.500,29:34.517,3,1808.0,877.0,1972.0,1102.0,1198.0,915.0,1353.0,1131.0,739.0,795.0,905.0,990.0
53725,29:35.000,29:35.017,3,1834.0,899.0,1998.0,1124.0,1235.0,936.0,1394.0,1155.0,831.0,810.0,993.0,1009.0
53740,29:35.500,29:35.517,3,1118.0,903.0,1274.0,1117.0,642.0,810.0,817.0,1013.0,1689.0,859.0,1842.0,1075.0
53755,29:36.000,29:36.017,3,1052.0,869.0,1208.0,1082.0,498.0,856.0,683.0,1048.0,1628.0,816.0,1777.0,1030.0
53770,29:36.500,29:36.517,3,1143.0,910.0,1302.0,1131.0,1719.0,871.0,1876.0,1087.0,615.0,905.0,795.0,1094.0
53785,29:37.000,29:37.017,3,1835.0,872.0,1997.0,1096.0,1250.0,888.0,1409.0,1101.0,748.0,813.0,919.0,1012.0
53800,29:37.500,29:37.518,3,1399.0,962.0,1564.0,1194.0,2059.0,984.0,2251.0,1224.0,890.0,854.0,1048.0,1054.0
53815,29:38.000,29:38.018,3,1454.0,950.0,1625.0,1179.0,2090.0,910.0,2279.0,1153.0,880.0,893.0,1029.0,1076.0
53830,29:38.500,29:38.518,3,1881.0,830.0,2054.0,1064.0,1281.0,900.0,1442.0,1123.0,622.0,935.0,764.0,1105.0
53845,29:39.000,29:39.018,2,1187.0,925.0,1344.0,1144.0,1756.0,864.0,1916.0,1085.0,,,,
53860,29:39.500,29:39.518,2,1166.0,905.0,1325.0,1134.0,1680.0,851.0,1831.0,1070.0,,,,
53875,29:40.000,29:40.018,3,1130.0,881.0,1287.0,1100.0,1642.0,815.0,1794.0,1032.0,412.0,927.0,602.0,1138.0
53890,29:40.500,29:40.518,3,401.0,899.0,604.0,1142.0,1043.0,885.0,1201.0,1105.0,1577.0,787.0,1724.0,999.0
53905,29:41.000,29:41.018,3,499.0,887.0,704.0,1121.0,1612.0,775.0,1758.0,985.0,1071.0,872.0,1227.0,1085.0
53920,29:41.500,29:41.518,3,406.0,864.0,613.0,1112.0,1547.0,772.0,1691.0,983.0,1012.0,874.0,1170.0,1086.0
53936,29:42.000,29:42.020,3,338.0,904.0,551.0,1151.0,962.0,890.0,1119.0,1111.0,1494.0,797.0,1636.0,1007.0
53951,29:42.500,29:42.520,3,342.0,892.0,552.0,1135.0,962.0,887.0,1120.0,1106.0,1496.0,817.0,1637.0,1027.0
53966,29:43.000,29:43.020,3,349.0,870.0,561.0,1107.0,974.0,861.0,1132.0,1079.0,1504.0,779.0,1643.0,988.0
53981,29:43.500,29:43.520,3,373.0,801.0,576.0,1030.0,994.0,800.0,1152.0,1019.0,1531.0,729.0,1671.0,932.0
53996,29:44.000,29:44.020,3,386.0,832.0,594.0,1061.0,1015.0,839.0,1168.0,1053.0,1543.0,764.0,1687.0,964.0
54011,29:44.500,29:44.520,3,308.0,858.0,519.0,1095.0,960.0,855.0,1117.0,1072.0,1485.0,772.0,1626.0,975.0
54026,29:45.000,29:45.020,3,305.0,878.0,520.0,1124.0,960.0,882.0,1116.0,1099.0,1480.0,791.0,1623.0,1004.0
54041,29:45.500,29:45.520,3,356.0,848.0,565.0,1081.0,999.0,859.0,1156.0,1070.0,1521.0,779.0,1664.0,982.0
54056,29:46.000,29:46.022,3,357.0,859.0,567.0,1087.0,1000.0,862.0,1158.0,1072.0,1526.0,782.0,1670.0,985.0
54071,29:46.500,29:46.522,3,362.0,890.0,570.0,1106.0,1002.0,864.0,1159.0,1075.0,1526.0,783.0,1669.0,996.0
54086,29:47.000,29:47.022,3,343.0,869.0,555.0,1104.0,992.0,856.0,1150.0,1073.0,1510.0,775.0,1654.0,989.0
54101,29:47.500,29:47.522,3,335.0,826.0,544.0,1062.0,993.0,824.0,1151.0,1042.0,1513.0,744.0,1656.0,952.0
54116,29:48.000,29:48.022,3,358.0,786.0,569.0,1012.0,1008.0,801.0,1164.0,1017.0,1532.0,739.0,1674.0,944.0
54131,29:48.500,29:48.522,3,517.0,817.0,709.0,1043.0,1116.0,818.0,1273.0,1039.0,1645.0,740.0,1794.0,953.0
54146,29:49.000,29:49.013,3,486.0,785.0,681.0,1017.0,1092.0,802.0,1249.0,1016.0,1621.0,730.0,1768.0,941.0
54161,29:49.500,29:49.513,3,479.0,829.0,675.0,1052.0,1086.0,832.0,1242.0,1051.0,1616.0,765.0,1762.0,967.0
54176,29:50.000,29:50.013,3,472.0,819.0,670.0,1041.0,1086.0,824.0,1242.0,1046.0,1617.0,761.0,1763.0,971.0
54191,29:50.500,29:50.515,3,453.0,814.0,651.0,1039.0,1063.0,821.0,1220.0,1041.0,1598.0,740.0,1746.0,951.0
54206,29:51.000,29:51.015,3,431.0,843.0,630.0,1067.0,1050.0,835.0,1208.0,1052.0,1583.0,756.0,1730.0,961.0
54221,29:51.500,29:51.515,3,414.0,835.0,618.0,1061.0,1045.0,829.0,1201.0,1045.0,1570.0,744.0,1714.0,953.0
54236,29:52.000,29:52.015,3,456.0,824.0,653.0,1049.0,1071.0,827.0,1227.0,1044.0,1601.0,749.0,1749.0,956.0
54251,29:52.500,29:52.515,3,289.0,798.0,503.0,1036.0,948.0,785.0,1105.0,1001.0,1475.0,681.0,1614.0,884.0
54266,29:53.000,29:53.015,3,333.0,812.0,547.0,1043.0,982.0,789.0,1140.0,1009.0,1511.0,693.0,1650.0,898.0
54281,29:53.500,29:53.515,3,334.0,828.0,545.0,1059.0,982.0,809.0,1141.0,1024.0,1508.0,715.0,1649.0,914.0
54296,29:54.000,29:54.015,3,326.0,824.0,539.0,1061.0,976.0,811.0,1135.0,1023.0,1502.0,715.0,1639.0,915.0
54311,29:54.500,29:54.517,3,328.0,830.0,540.0,1073.0,974.0,819.0,1134.0,1034.0,1497.0,719.0,1639.0,919.0
54326,29:55.000,29:55.017,3,324.0,832.0,538.0,1076.0,975.0,821.0,1135.0,1036.0,1497.0,722.0,1639.0,922.0
54341,29:55.500,29:55.517,3,325.0,826.0,540.0,1067.0,978.0,812.0,1137.0,1027.0,1516.0,708.0,1665.0,919.0
54356,29:56.000,29:56.017,3,318.0,842.0,529.0,1083.0,1482.0,693.0,1648.0,925.0,971.0,818.0,1131.0,1041.0
54371,29:56.500,29:56.517,3,312.0,831.0,525.0,1067.0,1455.0,697.0,1623.0,934.0,968.0,812.0,1125.0,1031.0
54386,29:57.000,29:57.017,3,343.0,829.0,556.0,1070.0,992.0,818.0,1148.0,1039.0,1481.0,675.0,1630.0,888.0
54401,29:57.500,29:57.517,3,356.0,829.0,571.0,1066.0,1001.0,820.0,1159.0,1041.0,1451.0,673.0,1604.0,885.0
54416,29:58.000,29:58.017,3,355.0,833.0,570.0,1074.0,975.0,819.0,1140.0,1042.0,1447.0,681.0,1596.0,895.0
54431,29:58.500,29:58.518,3,344.0,898.0,558.0,1142.0,915.0,908.0,1080.0,1128.0,1438.0,728.0,1589.0,940.0
54446,29:59.000,29:59.018,3,320.0,887.0,539.0,1133.0,1422.0,715.0,1574.0,923.0,939.0,926.0,1100.0,1137.0
54461,29:59.500,29:59.518,3,326.0,854.0,539.0,1095.0,1433.0,704.0,1587.0,910.0,956.0,946.0,1106.0,1131.0
54476,30:00.000,30:00.018,3,321.0,800.0,532.0,1033.0,1432.0,678.0,1585.0,893.0,949.0,909.0,1104.0,1107.0
54491,30:00.500,30:00.518,3,356.0,838.0,569.0,1067.0,1451.0,712.0,1599.0,922.0,960.0,929.0,1117.0,1129.0
54506,30:01.000,30:01.018,3,327.0,884.0,543.0,1128.0,1424.0,710.0,1577.0,923.0,947.0,923.0,1107.0,1143.0
54521,30:01.500,30:01.518,3,316.0,880.0,532.0,1122.0,1419.0,688.0,1570.0,902.0,946.0,888.0,1100.0,1104.0
54536,30:02.000,30:02.018,3,305.0,871.0,520.0,1114.0,1399.0,682.0,1554.0,898.0,929.0,873.0,1085.0,1085.0
54551,30:02.500,30:02.518,3,339.0,818.0,553.0,1060.0,1433.0,661.0,1585.0,872.0,945.0,817.0,1104.0,1038.0
54566,30:03.000,30:03.020,3,343.0,821.0,556.0,1065.0,949.0,821.0,1108.0,1039.0,1436.0,663.0,1588.0,873.0
54581,30:03.500,30:03.520,3,343.0,821.0,557.0,1065.0,1434.0,665.0,1587.0,875.0,956.0,811.0,1115.0,1038.0
54596,30:04.000,30:04.020,3,337.0,824.0,551.0,1068.0,1430.0,664.0,1582.0,877.0,956.0,815.0,1115.0,1037.0
54611,30:04.500,30:04.520,3,321.0,835.0,537.0,1075.0,960.0,811.0,1119.0,1040.0,1436.0,670.0,1587.0,880.0
54626,30:05.000,30:05.020,3,321.0,851.0,533.0,1079.0,960.0,816.0,1120.0,1044.0,1438.0,670.0,1590.0,883.0
54641,30:05.500,30:05.520,3,315.0,841.0,528.0,1076.0,1435.0,666.0,1589.0,878.0,960.0,810.0,1119.0,1037.0
54656,30:06.000,30:06.020,3,333.0,825.0,544.0,1064.0,964.0,816.0,1123.0,1043.0,1440.0,672.0,1592.0,883.0
54671,30:06.500,30:06.520,3,347.0,816.0,560.0,1059.0,974.0,818.0,1137.0,1043.0,1454.0,681.0,1609.0,893.0
54686,30:07.000,30:07.022,3,403.0,885.0,612.0,1126.0,1025.0,888.0,1181.0,1109.0,1506.0,756.0,1657.0,962.0
54701,30:07.500,30:07.522,3,448.0,899.0,647.0,1132.0,1051.0,870.0,1210.0,1089.0,1533.0,754.0,1682.0,961.0
54716,30:08.000,30:08.022,3,407.0,913.0,606.0,1148.0,1036.0,880.0,1197.0,1098.0,1539.0,844.0,1679.0,1018.0
54731,30:08.500,30:08.522,3,424.0,874.0,620.0,1114.0,1050.0,876.0,1207.0,1092.0,1553.0,844.0,1695.0,1024.0
54746,30:09.000,30:09.013,3,435.0,859.0,632.0,1082.0,1041.0,869.0,1201.0,1087.0,1520.0,744.0,1675.0,955.0
54761,30:09.500,30:09.513,3,1033.0,841.0,1192.0,1063.0,1501.0,713.0,1654.0,925.0,424.0,820.0,620.0,1025.0
54776,30:10.000,30:10.013,3,531.0,765.0,720.0,983.0,1141.0,791.0,1298.0,1012.0,1643.0,670.0,1805.0,896.0
54791,30:10.500,30:10.513,3,1722.0,721.0,1885.0,943.0,612.0,788.0,800.0,1005.0,1193.0,804.0,1352.0,1023.0
54806,30:11.000,30:11.015,3,1743.0,717.0,1912.0,936.0,632.0,848.0,817.0,1067.0,1214.0,838.0,1377.0,1060.0
54821,30:11.500,30:11.515,3,548.0,879.0,735.0,1095.0,1153.0,878.0,1317.0,1101.0,1663.0,754.0,1827.0,964.0
54836,30:12.000,30:12.015,3,446.0,873.0,646.0,1101.0,1039.0,869.0,1199.0,1088.0,1565.0,736.0,1710.0,944.0
54851,30:12.500,30:12.515,3,1248.0,790.0,1410.0,1010.0,1821.0,704.0,1988.0,932.0,700.0,737.0,878.0,949.0
54866,30:13.000,30:13.015,3,1306.0,657.0,1467.0,871.0,1908.0,584.0,2081.0,823.0,753.0,582.0,931.0,785.0
54881,30:13.500,30:13.515,3,573.0,617.0,761.0,827.0,1158.0,661.0,1319.0,878.0,1724.0,569.0,1881.0,794.0
54896,30:14.000,30:14.015,3,1600.0,585.0,1753.0,799.0,1061.0,694.0,1220.0,905.0,445.0,668.0,629.0,884.0
54911,30:14.500,30:14.515,3,357.0,709.0,552.0,942.0,994.0,726.0,1155.0,944.0,1528.0,611.0,1676.0,825.0
54926,30:15.000,30:15.015,3,408.0,794.0,601.0,1022.0,1028.0,803.0,1188.0,1024.0,1557.0,678.0,1708.0,892.0
54941,30:15.500,30:15.517,3,1872.0,706.0,2043.0,937.0,1293.0,783.0,1455.0,1005.0,735.0,712.0,903.0,923.0
54956,30:16.000,30:16.017,3,2068.0,716.0,2263.0,961.0,905.0,657.0,1072.0,867.0,1442.0,754.0,1608.0,981.0
54971,30:16.500,30:16.517,3,2080.0,665.0,2274.0,912.0,1451.0,730.0,1616.0,956.0,922.0,668.0,1096.0,872.0
54986,30:17.000,30:17.017,3,1783.0,643.0,1949.0,864.0,1219.0,727.0,1379.0,949.0,673.0,691.0,856.0,902.0
55001,30:17.500,30:17.517,3,472.0,773.0,674.0,994.0,1059.0,795.0,1216.0,1015.0,1596.0,700.0,1747.0,912.0
55016,30:18.000,30:18.017,3,1164.0,875.0,1326.0,1100.0,1710.0,779.0,1872.0,1001.0,605.0,842.0,792.0,1065.0
55031,30:18.500,30:18.517,3,1662.0,765.0,1821.0,992.0,1125.0,879.0,1282.0,1098.0,556.0,859.0,746.0,1081.0
55046,30:19.000,30:19.017,3,539.0,850.0,731.0,1076.0,1647.0,749.0,1803.0,976.0,1113.0,864.0,1273.0,1083.0
55061,30:19.500,30:19.518,3,1205.0,822.0,1363.0,1047.0,1758.0,724.0,1921.0,957.0,649.0,810.0,832.0,1023.0
55076,30:20.000,30:20.018,3,492.0,666.0,688.0,890.0,1065.0,681.0,1223.0,899.0,1608.0,572.0,1760.0,794.0
55091,30:20.500,30:20.518,3,435.0,729.0,636.0,957.0,1016.0,716.0,1177.0,938.0,1555.0,580.0,1708.0,794.0
55106,30:21.000,30:21.018,3,509.0,777.0,709.0,1013.0,1070.0,787.0,1231.0,1010.0,1625.0,661.0,1779.0,872.0
55121,30:21.500,30:21.518,3,577.0,870.0,763.0,1094.0,1704.0,773.0,1869.0,991.0,1152.0,895.0,1316.0,1114.0
55136,30:22.000,30:22.018,1,1584.0,1254.0,1760.0,1489.0,,,,,,,,
55152,30:22.500,30:22.518,0,,,,,,,,,,,,
55167,30:23.000,30:23.018,3,1102.0,887.0,1265.0,1107.0,1647.0,763.0,1805.0,977.0,532.0,981.0,713.0,1165.0
55182,30:23.500,30:23.520,3,1736.0,599.0,1898.0,820.0,1171.0,695.0,1330.0,908.0,612.0,737.0,786.0,920.0
55197,30:24.000,30:24.020,3,1156.0,729.0,1318.0,946.0,1609.0,629.0,1772.0,856.0,590.0,718.0,777.0,926.0
55212,30:24.500,30:24.520,2,427.0,761.0,629.0,989.0,1022.0,770.0,1179.0,986.0,,,,
55227,30:25.000,30:25.020,2,438.0,759.0,637.0,985.0,1019.0,766.0,1178.0,982.0,,,,
55242,30:25.500,30:25.520,3,1052.0,754.0,1212.0,969.0,476.0,747.0,672.0,970.0,1436.0,686.0,1618.0,880.0
55257,30:26.000,30:26.020,3,1058.0,773.0,1217.0,992.0,480.0,778.0,678.0,1003.0,1523.0,675.0,1696.0,886.0
55272,30:26.500,30:26.520,3,426.0,828.0,627.0,1058.0,1006.0,790.0,1168.0,1013.0,1479.0,655.0,1645.0,865.0
55287,30:27.000,30:27.020,3,458.0,833.0,657.0,1061.0,1035.0,791.0,1197.0,1018.0,1500.0,666.0,1667.0,878.0
55302,30:27.500,30:27.520,3,492.0,791.0,688.0,1020.0,1062.0,771.0,1223.0,993.0,1529.0,650.0,1698.0,868.0
55317,30:28.000,30:28.022,3,533.0,769.0,726.0,998.0,1619.0,638.0,1780.0,863.0,1096.0,764.0,1260.0,984.0
55332,30:28.500,30:28.522,3,1080.0,829.0,1239.0,1045.0,511.0,819.0,706.0,1047.0,1715.0,701.0,1872.0,923.0
55347,30:29.000,30:29.013,3,533.0,840.0,725.0,1063.0,1096.0,846.0,1258.0,1069.0,1843.0,772.0,1987.0,970.0
55362,30:29.500,30:29.513,3,527.0,836.0,720.0,1058.0,1093.0,839.0,1253.0,1059.0,1689.0,711.0,1840.0,929.0
55377,30:30.000,30:30.013,3,519.0,821.0,712.0,1048.0,1082.0,824.0,1241.0,1047.0,1472.0,741.0,1647.0,938.0
55392,30:30.500,30:30.513,3,511.0,828.0,706.0,1061.0,1081.0,834.0,1236.0,1056.0,1414.0,787.0,1568.0,961.0
55407,30:31.000,30:31.013,3,1081.0,828.0,1238.0,1050.0,513.0,827.0,708.0,1056.0,1416.0,758.0,1575.0,950.0
55422,30:31.500,30:31.513,3,517.0,817.0,709.0,1047.0,1526.0,704.0,1685.0,913.0,1081.0,826.0,1240.0,1045.0
55437,30:32.000,30:32.015,3,519.0,827.0,714.0,1050.0,1081.0,829.0,1241.0,1048.0,1692.0,697.0,1848.0,917.0
55452,30:32.500,30:32.515,3,1060.0,821.0,1221.0,1046.0,468.0,834.0,659.0,1060.0,1773.0,742.0,1916.0,937.0
55467,30:33.000,30:33.015,3,1056.0,826.0,1217.0,1051.0,447.0,842.0,615.0,1052.0,1634.0,695.0,1784.0,916.0
55482,30:33.500,30:33.515,3,1061.0,816.0,1220.0,1043.0,1490.0,731.0,1692.0,931.0,461.0,815.0,632.0,1024.0
55497,30:34.000,30:34.015,3,1060.0,818.0,1218.0,1042.0,493.0,810.0,685.0,1024.0,1454.0,753.0,1664.0,932.0
55512,30:34.500,30:34.515,3,1058.0,814.0,1217.0,1039.0,539.0,813.0,734.0,1033.0,1593.0,677.0,1750.0,894.0
55527,30:35.000,30:35.015,3,1060.0,812.0,1220.0,1041.0,1736.0,721.0,1902.0,929.0,549.0,813.0,741.0,1032.0
55542,30:35.500,30:35.515,3,551.0,817.0,744.0,1050.0,1710.0,714.0,1877.0,923.0,1070.0,819.0,1230.0,1041.0
55557,30:36.000,30:36.017,3,520.0,814.0,711.0,1042.0,1071.0,819.0,1231.0,1041.0,1573.0,700.0,1739.0,913.0
55572,30:36.500,30:36.517,3,491.0,804.0,686.0,1028.0,1073.0,815.0,1233.0,1037.0,1460.0,741.0,1672.0,932.0
55587,30:37.000,30:37.017,3,517.0,894.0,713.0,1130.0,1087.0,901.0,1249.0,1134.0,1580.0,799.0,1748.0,1014.0
55602,30:37.500,30:37.517,3,619.0,843.0,808.0,1067.0,1180.0,884.0,1338.0,1102.0,1852.0,813.0,2035.0,1037.0
55617,30:38.000,30:38.017,3,1980.0,790.0,2160.0,1035.0,788.0,823.0,961.0,1027.0,1324.0,868.0,1486.0,1088.0
55632,30:38.500,30:38.517,3,1664.0,779.0,1873.0,987.0,637.0,769.0,814.0,982.0,1223.0,829.0,1383.0,1049.0
55647,30:39.000,30:39.017,3,1065.0,939.0,1225.0,1166.0,454.0,927.0,653.0,1156.0,1469.0,880.0,1674.0,1079.0
55662,30:39.500,30:39.517,3,1923.0,890.0,2096.0,1132.0,1277.0,961.0,1441.0,1190.0,734.0,920.0,912.0,1139.0
55677,30:40.000,30:40.017,3,359.0,917.0,569.0,1150.0,976.0,925.0,1140.0,1153.0,1668.0,862.0,1822.0,1068.0
55692,30:40.500,30:40.518,3,281.0,979.0,501.0,1232.0,918.0,911.0,1082.0,1147.0,1431.0,734.0,1582.0,946.0
55707,30:41.000,30:41.018,3,337.0,943.0,548.0,1192.0,955.0,891.0,1115.0,1118.0,1277.0,790.0,1456.0,972.0
55722,30:41.500,30:41.518,3,926.0,890.0,1091.0,1122.0,311.0,951.0,525.0,1214.0,1275.0,759.0,1466.0,969.0
55737,30:42.000,30:42.018,3,163.0,1082.0,398.0,1340.0,824.0,947.0,994.0,1184.0,1372.0,728.0,1512.0,941.0
55752,30:42.500,30:42.518,3,100.0,1107.0,344.0,1369.0,788.0,962.0,958.0,1196.0,1377.0,749.0,1510.0,958.0
55767,30:43.000,30:43.018,3,231.0,991.0,462.0,1250.0,879.0,898.0,1046.0,1131.0,1457.0,781.0,1603.0,988.0
55782,30:43.500,30:43.518,3,558.0,868.0,751.0,1104.0,1681.0,662.0,1854.0,910.0,1124.0,847.0,1284.0,1068.0
55797,30:44.000,30:44.018,3,1784.0,730.0,1968.0,992.0,669.0,909.0,851.0,1132.0,1213.0,912.0,1373.0,1135.0
55812,30:44.500,30:44.520,3,637.0,937.0,823.0,1164.0,1184.0,997.0,1344.0,1217.0,1733.0,917.0,1904.0,1155.0
55827,30:45.000,30:45.020,3,703.0,979.0,885.0,1202.0,1247.0,1056.0,1410.0,1279.0,1732.0,1044.0,1898.0,1284.0
55842,30:45.500,30:45.520,3,609.0,853.0,797.0,1076.0,1176.0,871.0,1334.0,1085.0,1623.0,816.0,1786.0,1033.0
55857,30:46.000,30:46.020,3,481.0,791.0,678.0,1015.0,1066.0,824.0,1225.0,1042.0,1527.0,779.0,1676.0,995.0
55872,30:46.500,30:46.520,3,567.0,892.0,762.0,1120.0,1148.0,910.0,1310.0,1133.0,1643.0,835.0,1794.0,1059.0
55887,30:47.000,30:47.020,3,1863.0,763.0,2038.0,998.0,1276.0,801.0,1433.0,1017.0,698.0,721.0,869.0,936.0
55902,30:47.500,30:47.520,3,1871.0,779.0,2049.0,1009.0,1267.0,797.0,1425.0,1018.0,697.0,733.0,872.0,948.0
55917,30:48.000,30:48.020,3,1882.0,840.0,2062.0,1073.0,1268.0,857.0,1429.0,1080.0,703.0,813.0,882.0,1025.0
55932,30:48.500,30:48.522,3,220.0,996.0,453.0,1246.0,886.0,990.0,1058.0,1217.0,1476.0,893.0,1622.0,1102.0
55947,30:49.000,30:49.013,3,75.0,1015.0,325.0,1275.0,776.0,998.0,953.0,1234.0,1369.0,898.0,1511.0,1105.0
55962,30:49.500,30:49.513,3,48.0,817.0,303.0,1069.0,746.0,874.0,922.0,1112.0,1354.0,855.0,1503.0,1069.0
55977,30:50.000,30:50.013,3,64.0,758.0,321.0,1019.0,775.0,767.0,956.0,1008.0,1377.0,681.0,1526.0,903.0
55992,30:50.500,30:50.513,3,698.0,804.0,883.0,1051.0,-30.0,788.0,218.0,1055.0,1293.0,719.0,1447.0,955.0
56007,30:51.000,30:51.013,3,723.0,816.0,895.0,1049.0,22.0,797.0,277.0,1051.0,1261.0,714.0,1405.0,946.0
56022,30:51.500,30:51.513,3,1909.0,793.0,2084.0,1050.0,810.0,812.0,986.0,1026.0,1327.0,862.0,1490.0,1085.0
56037,30:52.000,30:52.013,3,741.0,751.0,926.0,964.0,1287.0,770.0,1449.0,992.0,1865.0,744.0,2024.0,973.0
56052,30:52.500,30:52.513,3,505.0,813.0,713.0,1048.0,1093.0,824.0,1259.0,1056.0,1662.0,779.0,1812.0,1021.0
56067,30:53.000,30:53.015,3,583.0,786.0,778.0,1012.0,1757.0,782.0,1930.0,1026.0,1165.0,840.0,1334.0,1072.0
56082,30:53.500,30:53.515,3,601.0,770.0,795.0,995.0,1766.0,755.0,1947.0,995.0,1200.0,828.0,1368.0,1056.0
56097,30:54.000,30:54.015,3,555.0,879.0,757.0,1114.0,1731.0,863.0,1910.0,1105.0,1192.0,951.0,1361.0,1174.0
56112,30:54.500,30:54.515,3,465.0,818.0,681.0,1062.0,1674.0,817.0,1853.0,1067.0,1133.0,895.0,1312.0,1129.0
56127,30:55.000,30:55.015,3,497.0,844.0,712.0,1093.0,1718.0,854.0,1904.0,1111.0,1159.0,922.0,1340.0,1163.0
56142,30:55.500,30:55.515,3,403.0,844.0,625.0,1100.0,1626.0,822.0,1806.0,1075.0,1086.0,905.0,1263.0,1147.0
56157,30:56.000,30:56.015,3,1465.0,784.0,1637.0,1025.0,218.0,779.0,462.0,1036.0,944.0,838.0,1123.0,1074.0
56172,30:56.500,30:56.515,3,896.0,782.0,1075.0,1023.0,1433.0,738.0,1622.0,1023.0,150.0,731.0,406.0,996.0
56187,30:57.000,30:57.017,3,842.0,767.0,1023.0,1011.0,91.0,720.0,355.0,982.0,1513.0,830.0,1726.0,1154.0
56202,30:57.500,30:57.517,3,778.0,770.0,961.0,1018.0,12.0,738.0,278.0,1009.0,1346.0,614.0,1538.0,902.0
56217,30:58.000,30:58.017,3,785.0,786.0,968.0,1037.0,14.0,746.0,286.0,1024.0,1330.0,632.0,1493.0,866.0
56232,30:58.500,30:58.517,3,728.0,830.0,912.0,1085.0,1309.0,663.0,1465.0,897.0,-45.0,837.0,214.0,1109.0
56247,30:59.000,30:59.017,3,695.0,939.0,881.0,1191.0,1275.0,835.0,1440.0,1075.0,-72.0,959.0,184.0,1239.0
56262,30:59.500,30:59.517,3,1294.0,822.0,1450.0,1059.0,0.0,845.0,259.0,1112.0,794.0,866.0,954.0,1104.0
56277,31:00.000,31:00.017,3,1256.0,790.0,1400.0,1008.0,-108.0,878.0,140.0,1161.0,782.0,895.0,919.0,1129.0
56292,31:00.500,31:00.517,3,1220.0,762.0,1371.0,985.0,765.0,875.0,901.0,1105.0,-102.0,862.0,127.0,1133.0
56307,31:01.000,31:01.018,3,1166.0,778.0,1329.0,1015.0,701.0,852.0,852.0,1095.0,-98.0,850.0,109.0,1119.0
56322,31:01.500,31:01.518,3,781.0,911.0,962.0,1157.0,1311.0,830.0,1469.0,1065.0,92.0,923.0,343.0,1175.0
56337,31:02.000,31:02.018,3,693.0,890.0,881.0,1139.0,1239.0,814.0,1400.0,1051.0,-19.0,900.0,229.0,1169.0
56352,31:02.500,31:02.518,3,680.0,890.0,868.0,1142.0,-36.0,923.0,208.0,1184.0,1158.0,811.0,1316.0,1053.0
56367,31:03.000,31:03.018,3,675.0,879.0,862.0,1131.0,1122.0,817.0,1283.0,1063.0,-51.0,927.0,196.0,1194.0
56382,31:03.500,31:03.518,3,671.0,883.0,854.0,1135.0,1187.0,817.0,1348.0,1056.0,-62.0,941.0,180.0,1204.0
56397,31:04.000,31:04.018,3,641.0,892.0,829.0,1146.0,1246.0,776.0,1398.0,1001.0,-102.0,952.0,151.0,1227.0
56412,31:04.500,31:04.518,3,650.0,892.0,838.0,1149.0,1266.0,764.0,1417.0,985.0,-93.0,947.0,160.0,1218.0
56427,31:05.000,31:05.018,3,667.0,893.0,853.0,1152.0,1217.0,766.0,1370.0,987.0,-78.0,949.0,170.0,1216.0
56442,31:05.500,31:05.520,3,702.0,888.0,885.0,1137.0,-30.0,919.0,216.0,1183.0,1218.0,768.0,1371.0,988.0
56457,31:06.000,31:06.020,3,707.0,890.0,892.0,1140.0,-86.0,920.0,158.0,1201.0,1296.0,767.0,1437.0,989.0
56472,31:06.500,31:06.520,3,695.0,902.0,882.0,1157.0,-84.0,950.0,162.0,1225.0,1298.0,779.0,1440.0,997.0
56487,31:07.000,31:07.020,3,694.0,908.0,881.0,1161.0,-71.0,954.0,172.0,1231.0,1281.0,785.0,1426.0,1003.0
56502,31:07.500,31:07.520,3,687.0,907.0,876.0,1163.0,1230.0,781.0,1385.0,1004.0,-107.0,959.0,150.0,1241.0
56517,31:08.000,31:08.020,3,688.0,915.0,877.0,1168.0,1197.0,788.0,1351.0,1013.0,-87.0,970.0,164.0,1241.0
56532,31:08.500,31:08.520,3,701.0,912.0,886.0,1165.0,1178.0,790.0,1326.0,1014.0,-60.0,959.0,196.0,1234.0
56547,31:09.000,31:09.020,3,697.0,918.0,882.0,1175.0,1137.0,783.0,1292.0,1010.0,-56.0,982.0,190.0,1250.0
56562,31:09.500,31:09.513,3,306.0,1071.0,539.0,1334.0,964.0,1039.0,1141.0,1289.0,1382.0,908.0,1535.0,1132.0
56577,31:10.000,31:10.013,3,1396.0,920.0,1569.0,1159.0,1927.0,796.0,2127.0,1047.0,890.0,906.0,1068.0,1129.0
56592,31:10.500,31:10.513,3,1507.0,905.0,1678.0,1143.0,2137.0,812.0,2354.0,1079.0,1001.0,856.0,1173.0,1072.0
56607,31:11.000,31:11.013,3,1455.0,905.0,1627.0,1140.0,2035.0,775.0,2240.0,1031.0,947.0,880.0,1121.0,1096.0
56622,31:11.500,31:11.513,3,316.0,896.0,535.0,1151.0,954.0,898.0,1118.0,1131.0,1421.0,772.0,1569.0,989.0
56637,31:12.000,31:12.013,3,925.0,893.0,1092.0,1128.0,225.0,908.0,449.0,1157.0,1389.0,761.0,1544.0,982.0
56652,31:12.500,31:12.513,3,1242.0,910.0,1406.0,1140.0,652.0,869.0,838.0,1084.0,1763.0,796.0,1940.0,1029.0
56667,31:13.000,31:13.013,3,1323.0,1093.0,1498.0,1339.0,782.0,1012.0,963.0,1249.0,1877.0,945.0,2064.0,1188.0
56682,31:13.500,31:13.515,3,418.0,978.0,634.0,1231.0,1012.0,1062.0,1189.0,1311.0,1501.0,938.0,1665.0,1169.0
56697,31:14.000,31:14.015,3,2096.0,879.0,2322.0,1158.0,1551.0,1006.0,1741.0,1260.0,1009.0,930.0,1188.0,1150.0
56712,31:14.500,31:14.515,3,2027.0,931.0,2243.0,1196.0,1502.0,1041.0,1691.0,1296.0,967.0,949.0,1150.0,1181.0
56727,31:15.000,31:15.015,3,1085.0,1120.0,1263.0,1376.0,478.0,1063.0,690.0,1307.0,1514.0,971.0,1672.0,1212.0
56742,31:15.500,31:15.515,3,1060.0,1136.0,1238.0,1394.0,446.0,1081.0,660.0,1342.0,1494.0,981.0,1663.0,1234.0
56757,31:16.000,31:16.015,3,1697.0,955.0,1884.0,1219.0,1241.0,1101.0,1421.0,1353.0,693.0,998.0,877.0,1232.0
56772,31:16.500,31:16.515,3,1450.0,1070.0,1633.0,1330.0,2014.0,948.0,2228.0,1212.0,914.0,998.0,1096.0,1225.0
56787,31:17.000,31:17.015,3,1487.0,1117.0,1677.0,1374.0,2055.0,989.0,2269.0,1246.0,940.0,1048.0,1121.0,1276.0
56802,31:17.500,31:17.515,3,1424.0,1144.0,1609.0,1400.0,1942.0,1006.0,2140.0,1258.0,869.0,1075.0,1054.0,1311.0
56817,31:18.000,31:18.017,3,1046.0,1184.0,1226.0,1441.0,445.0,1120.0,663.0,1379.0,1528.0,1038.0,1693.0,1276.0
56832,31:18.500,31:18.517,3,1053.0,1190.0,1231.0,1450.0,444.0,1108.0,657.0,1347.0,1599.0,1048.0,1775.0,1302.0
56847,31:19.000,31:19.017,3,1317.0,1023.0,1490.0,1269.0,1885.0,860.0,2086.0,1118.0,794.0,992.0,973.0,1208.0
56862,31:19.500,31:19.517,2,1879.0,1045.0,2101.0,1319.0,1306.0,960.0,1486.0,1178.0,,,,
56877,31:20.000,31:20.017,2,1586.0,1036.0,1777.0,1288.0,1059.0,996.0,1232.0,1205.0,,,,
56892,31:20.500,31:20.517,3,1220.0,1183.0,1398.0,1445.0,665.0,1136.0,858.0,1383.0,1857.0,1060.0,2044.0,1319.0
56907,31:21.000,31:21.017,3,1803.0,1013.0,1991.0,1271.0,1203.0,1103.0,1377.0,1351.0,642.0,1036.0,837.0,1270.0
56922,31:21.500,31:21.517,3,1881.0,1004.0,2077.0,1260.0,723.0,1025.0,912.0,1254.0,1267.0,1101.0,1441.0,1346.0
56937,31:22.000,31:22.018,3,777.0,1014.0,963.0,1250.0,1308.0,1090.0,1484.0,1337.0,1935.0,987.0,2137.0,1247.0
56952,31:22.500,31:22.518,3,1874.0,931.0,2074.0,1194.0,1286.0,1020.0,1458.0,1262.0,735.0,966.0,920.0,1186.0
56967,31:23.000,31:23.018,3,1241.0,960.0,1411.0,1194.0,1800.0,867.0,1993.0,1118.0,704.0,884.0,889.0,1105.0
56982,31:23.500,31:23.518,3,1547.0,955.0,1728.0,1193.0,2215.0,893.0,2443.0,1164.0,1046.0,851.0,1214.0,1056.0
56997,31:24.000,31:24.018,2,1619.0,998.0,1800.0,1239.0,1142.0,803.0,1308.0,1006.0,,,,
57012,31:24.500,31:24.518,1,1676.0,1096.0,1866.0,1334.0,,,,,,,,
57027,31:25.000,31:25.018,3,1997.0,988.0,2194.0,1252.0,1402.0,979.0,1572.0,1206.0,931.0,818.0,1097.0,1017.0
57042,31:25.500,31:25.518,3,1808.0,891.0,1979.0,1132.0,1252.0,900.0,1416.0,1124.0,772.0,748.0,948.0,960.0
57057,31:26.000,31:26.020,3,1768.0,882.0,1944.0,1130.0,1218.0,909.0,1381.0,1133.0,729.0,770.0,912.0,985.0
57072,31:26.500,31:26.520,3,1508.0,796.0,1661.0,1020.0,427.0,749.0,629.0,980.0,971.0,871.0,1136.0,1096.0
57087,31:27.000,31:27.020,3,2029.0,717.0,2226.0,970.0,1394.0,814.0,1561.0,1038.0,917.0,711.0,1090.0,914.0
57102,31:27.500,31:27.520,3,2118.0,878.0,2334.0,1147.0,1473.0,907.0,1642.0,1135.0,1003.0,778.0,1170.0,981.0
57117,31:28.000,31:28.020,3,2070.0,661.0,2272.0,919.0,1445.0,806.0,1613.0,1023.0,956.0,735.0,1125.0,929.0
57132,31:28.500,31:28.520,3,2006.0,731.0,2204.0,978.0,1403.0,881.0,1571.0,1104.0,906.0,805.0,1076.0,1018.0
57147,31:29.000,31:29.020,3,1844.0,724.0,2023.0,966.0,1288.0,822.0,1450.0,1041.0,794.0,738.0,968.0,940.0
57162,31:29.500,31:29.512,3,1783.0,714.0,1951.0,945.0,1240.0,834.0,1400.0,1050.0,747.0,741.0,923.0,950.0
57177,31:30.000,31:30.012,3,1893.0,712.0,2076.0,950.0,1324.0,842.0,1490.0,1063.0,893.0,755.0,1067.0,961.0
57192,31:30.500,31:30.513,3,1917.0,715.0,2104.0,955.0,982.0,764.0,1159.0,970.0,1353.0,838.0,1518.0,1055.0
57207,31:31.000,31:31.013,3,996.0,780.0,1172.0,981.0,1941.0,670.0,2133.0,910.0,1373.0,829.0,1538.0,1045.0
57222,31:31.500,31:31.513,3,858.0,796.0,1041.0,1010.0,1811.0,678.0,1996.0,915.0,1258.0,836.0,1419.0,1052.0
57237,31:32.000,31:32.013,3,1212.0,793.0,1374.0,1011.0,1754.0,606.0,1929.0,836.0,706.0,793.0,890.0,994.0
57252,31:32.500,31:32.513,3,1858.0,725.0,2038.0,961.0,1297.0,872.0,1458.0,1091.0,809.0,838.0,983.0,1041.0
57267,31:33.000,31:33.013,3,763.0,838.0,939.0,1036.0,1804.0,713.0,1981.0,944.0,1264.0,872.0,1424.0,1081.0
57282,31:33.500,31:33.513,3,697.0,828.0,876.0,1037.0,1740.0,694.0,1913.0,921.0,1210.0,872.0,1371.0,1084.0
57297,31:34.000,31:34.013,3,699.0,808.0,880.0,1021.0,1739.0,704.0,1908.0,933.0,1208.0,855.0,1370.0,1070.0
57312,31:34.500,31:34.515,3,1942.0,715.0,2130.0,957.0,1390.0,896.0,1558.0,1119.0,897.0,859.0,1068.0,1068.0
57327,31:35.000,31:35.015,3,670.0,828.0,854.0,1051.0,1674.0,843.0,1831.0,1071.0,1157.0,933.0,1317.0,1150.0
57342,31:35.500,31:35.515,3,466.0,985.0,666.0,1212.0,1026.0,1010.0,1188.0,1231.0,1497.0,841.0,1651.0,1062.0
57357,31:36.000,31:36.015,3,398.0,1152.0,609.0,1380.0,1397.0,813.0,1557.0,1029.0,975.0,1048.0,1144.0,1282.0
57372,31:36.500,31:36.515,3,468.0,1019.0,679.0,1256.0,1479.0,763.0,1635.0,980.0,1029.0,967.0,1192.0,1194.0
57387,31:37.000,31:37.015,3,1773.0,732.0,1947.0,965.0,777.0,970.0,955.0,1185.0,1281.0,941.0,1449.0,1170.0
57402,31:37.500,31:37.515,3,1585.0,732.0,1749.0,957.0,581.0,948.0,773.0,1180.0,1105.0,933.0,1269.0,1161.0
57417,31:38.000,31:38.015,3,1542.0,712.0,1704.0,929.0,528.0,954.0,724.0,1186.0,1064.0,930.0,1226.0,1154.0
57432,31:38.500,31:38.515,3,812.0,893.0,990.0,1112.0,1245.0,907.0,1406.0,1130.0,1768.0,686.0,1941.0,913.0
57447,31:39.000,31:39.017,3,2054.0,772.0,2256.0,1030.0,1447.0,935.0,1616.0,1165.0,1050.0,885.0,1224.0,1090.0
57462,31:39.500,31:39.517,3,1959.0,697.0,2147.0,936.0,948.0,829.0,1118.0,1038.0,1382.0,890.0,1545.0,1108.0
57477,31:40.000,31:40.017,3,1963.0,704.0,2153.0,949.0,1389.0,869.0,1556.0,1087.0,920.0,808.0,1089.0,1009.0
57492,31:40.500,31:40.517,3,1990.0,713.0,2180.0,955.0,1398.0,875.0,1563.0,1094.0,951.0,810.0,1123.0,1016.0
57507,31:41.000,31:41.017,3,1360.0,836.0,1523.0,1053.0,884.0,788.0,1059.0,998.0,1948.0,639.0,2133.0,871.0
57522,31:41.500,31:41.517,3,1799.0,684.0,1975.0,914.0,721.0,796.0,900.0,1000.0,1248.0,814.0,1409.0,1030.0
57537,31:42.000,31:42.017,3,714.0,767.0,894.0,968.0,1782.0,617.0,1950.0,847.0,1237.0,797.0,1397.0,1011.0
57552,31:42.500,31:42.517,3,1694.0,793.0,1856.0,1015.0,616.0,847.0,799.0,1060.0,1151.0,927.0,1313.0,1143.0
57567,31:43.000,31:43.018,3,966.0,905.0,1130.0,1135.0,404.0,838.0,608.0,1066.0,1489.0,798.0,1640.0,1016.0
57582,31:43.500,31:43.518,3,491.0,830.0,686.0,1044.0,1033.0,911.0,1195.0,1129.0,1555.0,751.0,1706.0,958.0
57597,31:44.000,31:44.018,3,530.0,790.0,719.0,1004.0,1579.0,735.0,1731.0,950.0,1062.0,904.0,1220.0,1108.0
57612,31:44.500,31:44.518,3,538.0,798.0,727.0,1013.0,1586.0,749.0,1742.0,978.0,1069.0,907.0,1227.0,1113.0
57627,31:45.000,31:45.018,3,533.0,802.0,722.0,1014.0,1589.0,720.0,1743.0,935.0,1064.0,905.0,1222.0,1112.0
57642,31:45.500,31:45.518,3,514.0,782.0,706.0,1001.0,1564.0,743.0,1719.0,962.0,1046.0,888.0,1208.0,1090.0
57657,31:46.000,31:46.018,3,524.0,777.0,715.0,987.0,1566.0,705.0,1721.0,924.0,1055.0,867.0,1212.0,1074.0
57672,31:46.500,31:46.518,3,532.0,765.0,726.0,984.0,1562.0,693.0,1714.0,908.0,1061.0,857.0,1217.0,1064.0
57687,31:47.000,31:47.020,3,544.0,762.0,732.0,972.0,1565.0,714.0,1716.0,936.0,1062.0,845.0,1221.0,1056.0
57702,31:47.500,31:47.520,3,536.0,757.0,727.0,971.0,1054.0,839.0,1215.0,1054.0,1558.0,671.0,1705.0,882.0
57717,31:48.000,31:48.020,3,540.0,753.0,729.0,967.0,1058.0,837.0,1218.0,1051.0,1567.0,688.0,1720.0,907.0
57732,31:48.500,31:48.520,3,579.0,763.0,762.0,972.0,1086.0,832.0,1245.0,1052.0,1614.0,715.0,1771.0,936.0
57747,31:49.000,31:49.012,3,559.0,757.0,747.0,973.0,1084.0,810.0,1243.0,1031.0,1598.0,677.0,1751.0,893.0
57762,31:49.500,31:49.512,3,474.0,785.0,670.0,1007.0,1007.0,793.0,1168.0,1016.0,1487.0,668.0,1642.0,885.0
57777,31:50.000,31:50.012,3,74.0,830.0,316.0,1079.0,704.0,767.0,880.0,996.0,1155.0,533.0,1309.0,740.0
57792,31:50.500,31:50.512,3,1180.0,544.0,1335.0,761.0,729.0,753.0,901.0,982.0,80.0,798.0,324.0,1043.0
57807,31:51.000,31:51.012,3,364.0,769.0,571.0,1001.0,1385.0,579.0,1545.0,805.0,945.0,771.0,1101.0,981.0
57822,31:51.500,31:51.513,3,713.0,790.0,893.0,1001.0,1718.0,523.0,1889.0,752.0,1236.0,809.0,1393.0,1017.0
57837,31:52.000,31:52.013,3,2175.0,469.0,2380.0,678.0,1095.0,845.0,1269.0,1054.0,1621.0,865.0,1797.0,1079.0
57852,31:52.500,31:52.513,2,1385.0,887.0,1560.0,1093.0,1961.0,877.0,2170.0,1115.0,,,,
57867,31:53.000,31:53.013,2,1179.0,889.0,1349.0,1093.0,1723.0,878.0,1905.0,1108.0,,,,
57882,31:53.500,31:53.513,3,1944.0,591.0,2150.0,846.0,936.0,918.0,1109.0,1126.0,1450.0,862.0,1620.0,1084.0
57897,31:54.000,31:54.013,3,1580.0,524.0,1767.0,761.0,610.0,913.0,811.0,1138.0,1120.0,785.0,1290.0,997.0
57912,31:54.500,31:54.513,3,1429.0,458.0,1607.0,683.0,442.0,985.0,661.0,1202.0,979.0,787.0,1152.0,991.0
57927,31:55.000,31:55.013,3,514.0,893.0,734.0,1102.0,1428.0,295.0,1603.0,515.0,1036.0,678.0,1204.0,876.0
57942,31:55.500,31:55.515,3,1484.0,311.0,1676.0,525.0,671.0,965.0,872.0,1165.0,1150.0,730.0,1323.0,908.0
57957,31:56.000,31:56.015,3,1274.0,408.0,1460.0,608.0,465.0,1077.0,698.0,1295.0,962.0,819.0,1151.0,1012.0
57972,31:56.500,31:56.515,3,514.0,969.0,726.0,1180.0,1356.0,332.0,1527.0,536.0,1021.0,732.0,1193.0,930.0
57987,31:57.000,31:57.015,3,681.0,829.0,875.0,1020.0,1439.0,159.0,1639.0,378.0,1115.0,600.0,1283.0,790.0
58002,31:57.500,31:57.515,3,1412.0,165.0,1608.0,387.0,616.0,861.0,836.0,1061.0,1082.0,602.0,1254.0,792.0
58017,31:58.000,31:58.015,3,1348.0,251.0,1528.0,475.0,1015.0,689.0,1193.0,882.0,435.0,1084.0,715.0,1274.0
58032,31:58.500,31:58.515,3,1398.0,332.0,1576.0,547.0,1049.0,721.0,1222.0,922.0,472.0,1033.0,718.0,1210.0
58047,31:59.000,31:59.015,3,1374.0,394.0,1553.0,601.0,468.0,1114.0,729.0,1302.0,1046.0,798.0,1229.0,989.0
58062,31:59.500,31:59.517,3,1422.0,348.0,1605.0,565.0,1071.0,737.0,1252.0,936.0,512.0,1002.0,755.0,1200.0
58077,32:00.000,32:00.017,3,1449.0,301.0,1631.0,522.0,1087.0,686.0,1275.0,886.0,542.0,936.0,780.0,1137.0
58092,32:00.500,32:00.517,3,540.0,924.0,779.0,1141.0,1415.0,315.0,1597.0,525.0,1084.0,699.0,1265.0,897.0
58107,32:01.000,32:01.017,3,1564.0,279.0,1765.0,506.0,1206.0,666.0,1390.0,870.0,699.0,915.0,920.0,1104.0
58122,32:01.500,32:01.517,3,1733.0,271.0,1940.0,510.0,1331.0,666.0,1517.0,874.0,831.0,876.0,1039.0,1087.0
58137,32:02.000,32:02.017,3,1739.0,278.0,1949.0,518.0,1347.0,670.0,1521.0,875.0,859.0,867.0,1042.0,1058.0
58152,32:02.500,32:02.517,3,1705.0,302.0,1911.0,536.0,1309.0,680.0,1485.0,878.0,848.0,848.0,1031.0,1045.0
58167,32:03.000,32:03.017,3,738.0,936.0,932.0,1139.0,1547.0,383.0,1739.0,595.0,1214.0,758.0,1394.0,949.0
58182,32:03.500,32:03.517,3,1328.0,443.0,1513.0,649.0,535.0,996.0,746.0,1202.0,1030.0,773.0,1211.0,966.0
58197,32:04.000,32:04.018,3,552.0,959.0,752.0,1168.0,1350.0,398.0,1538.0,602.0,1040.0,743.0,1219.0,943.0
58212,32:04.500,32:04.518,3,1441.0,403.0,1626.0,609.0,602.0,969.0,801.0,1175.0,1091.0,769.0,1270.0,960.0
58227,32:05.000,32:05.018,3,1559.0,149.0,1772.0,390.0,722.0,738.0,918.0,935.0,1203.0,531.0,1380.0,733.0
58242,32:05.500,32:05.518,3,1605.0,125.0,1824.0,373.0,1246.0,527.0,1427.0,734.0,765.0,731.0,952.0,923.0
58257,32:06.000,32:06.018,3,1612.0,161.0,1810.0,400.0,708.0,723.0,903.0,920.0,1206.0,525.0,1381.0,728.0
58272,32:06.500,32:06.518,3,1596.0,242.0,1787.0,478.0,700.0,802.0,892.0,1004.0,1204.0,619.0,1369.0,824.0
58287,32:07.000,32:07.018,3,1729.0,362.0,1915.0,598.0,1286.0,669.0,1456.0,888.0,775.0,804.0,958.0,1019.0
58302,32:07.500,32:07.518,3,1755.0,441.0,1943.0,679.0,808.0,807.0,992.0,1041.0,1311.0,726.0,1480.0,944.0
58317,32:08.000,32:08.020,3,601.0,862.0,804.0,1074.0,1517.0,333.0,1690.0,548.0,1108.0,697.0,1286.0,902.0
58332,32:08.500,32:08.520,3,1581.0,412.0,1755.0,640.0,600.0,829.0,797.0,1051.0,1120.0,710.0,1287.0,923.0
58347,32:09.000,32:09.012,3,1660.0,732.0,1830.0,955.0,664.0,1037.0,849.0,1257.0,1188.0,968.0,1359.0,1202.0
58362,32:09.500,32:09.512,3,1585.0,767.0,1753.0,1000.0,607.0,1026.0,800.0,1253.0,1150.0,975.0,1315.0,1201.0
58377,32:10.000,32:10.012,3,1566.0,526.0,1731.0,765.0,582.0,753.0,769.0,974.0,1113.0,730.0,1275.0,948.0
58392,32:10.500,32:10.512,3,1657.0,577.0,1821.0,801.0,619.0,724.0,808.0,942.0,1146.0,761.0,1306.0,970.0
58407,32:11.000,32:11.012,3,1657.0,712.0,1818.0,931.0,607.0,813.0,792.0,1025.0,1133.0,864.0,1294.0,1077.0
58422,32:11.500,32:11.512,3,1609.0,817.0,1770.0,1038.0,601.0,903.0,789.0,1121.0,1140.0,957.0,1301.0,1181.0
58437,32:12.000,32:12.013,3,590.0,838.0,779.0,1059.0,1554.0,779.0,1716.0,1011.0,1131.0,892.0,1288.0,1114.0
58452,32:12.500,32:12.513,3,1026.0,898.0,1188.0,1121.0,469.0,868.0,670.0,1099.0,1478.0,738.0,1630.0,954.0
58467,32:13.000,32:13.013,3,392.0,947.0,597.0,1176.0,969.0,934.0,1136.0,1171.0,1476.0,756.0,1622.0,940.0
58482,32:13.500,32:13.513,3,162.0,1071.0,396.0,1331.0,798.0,1026.0,970.0,1266.0,1295.0,805.0,1438.0,977.0
58497,32:14.000,32:14.013,3,147.0,1120.0,385.0,1376.0,780.0,1060.0,955.0,1298.0,1256.0,829.0,1404.0,1025.0
58512,32:14.500,32:14.513,3,336.0,995.0,549.0,1239.0,1390.0,843.0,1543.0,1072.0,912.0,988.0,1080.0,1220.0
58527,32:15.000,32:15.013,3,1728.0,861.0,1899.0,1102.0,719.0,869.0,898.0,1084.0,1213.0,930.0,1379.0,1159.0
58542,32:15.500,32:15.513,3,1693.0,923.0,1867.0,1168.0,677.0,905.0,861.0,1129.0,1183.0,991.0,1342.0,1211.0
58557,32:16.000,32:16.013,3,1658.0,979.0,1825.0,1226.0,645.0,970.0,828.0,1192.0,1158.0,1042.0,1322.0,1269.0
58572,32:16.500,32:16.515,3,1553.0,913.0,1710.0,1153.0,553.0,918.0,743.0,1145.0,1083.0,988.0,1243.0,1213.0
58587,32:17.000,32:17.015,3,1540.0,912.0,1697.0,1138.0,576.0,899.0,764.0,1121.0,1099.0,978.0,1259.0,1198.0
58602,32:17.500,32:17.515,3,537.0,918.0,730.0,1140.0,1505.0,893.0,1660.0,1121.0,1067.0,989.0,1229.0,1213.0
58617,32:18.000,32:18.015,3,533.0,916.0,727.0,1136.0,1064.0,978.0,1224.0,1201.0,1510.0,847.0,1652.0,1043.0
58632,32:18.500,32:18.515,3,1120.0,995.0,1280.0,1221.0,601.0,926.0,787.0,1144.0,1529.0,901.0,1656.0,1061.0
58647,32:19.000,32:19.015,3,654.0,899.0,836.0,1113.0,1163.0,973.0,1326.0,1199.0,1646.0,918.0,1785.0,1109.0
58662,32:19.500,32:19.515,3,670.0,817.0,851.0,1030.0,1174.0,897.0,1333.0,1116.0,1686.0,849.0,1839.0,1060.0
58677,32:20.000,32:20.015,3,1897.0,837.0,2077.0,1065.0,1343.0,801.0,1501.0,1014.0,886.0,676.0,1058.0,887.0
58692,32:20.500,32:20.517,2,1815.0,1210.0,2013.0,1464.0,1295.0,1102.0,1481.0,1335.0,,,,
58707,32:21.000,32:21.017,2,2136.0,1156.0,2335.0,1379.0,1035.0,773.0,1195.0,962.0,,,,
58722,32:21.500,32:21.517,2,1984.0,962.0,2176.0,1197.0,1011.0,663.0,1158.0,841.0,,,,
58737,32:22.000,32:22.017,2,1901.0,981.0,2075.0,1216.0,977.0,687.0,1138.0,882.0,,,,
58752,32:22.500,32:22.517,3,1744.0,868.0,1907.0,1090.0,758.0,731.0,926.0,935.0,1242.0,862.0,1392.0,1069.0
58767,32:23.000,32:23.017,2,1786.0,947.0,1970.0,1182.0,1298.0,839.0,1457.0,1037.0,,,,
58782,32:23.500,32:23.517,3,2031.0,752.0,2220.0,987.0,1488.0,850.0,1647.0,1067.0,944.0,855.0,1087.0,1031.0
58797,32:24.000,32:24.017,3,1113.0,892.0,1267.0,1105.0,1591.0,786.0,1741.0,1002.0,474.0,1001.0,639.0,1165.0
58812,32:24.500,32:24.517,2,909.0,898.0,1067.0,1120.0,1375.0,781.0,1515.0,985.0,,,,
58827,32:25.000,32:25.018,2,1608.0,722.0,1759.0,935.0,1132.0,837.0,1283.0,1047.0,,,,
58842,32:25.500,32:25.518,3,718.0,890.0,894.0,1083.0,1641.0,683.0,1796.0,899.0,1152.0,829.0,1308.0,1045.0
58857,32:26.000,32:26.018,3,1623.0,704.0,1776.0,923.0,1152.0,836.0,1304.0,1047.0,701.0,813.0,871.0,1003.0
58872,32:26.500,32:26.518,3,1362.0,890.0,1518.0,1103.0,1846.0,757.0,2021.0,995.0,881.0,867.0,1037.0,1001.0
58887,32:27.000,32:27.018,3,1731.0,721.0,1894.0,946.0,1261.0,852.0,1409.0,1060.0,714.0,826.0,853.0,972.0
58902,32:27.500,32:27.518,3,1580.0,794.0,1736.0,1014.0,1127.0,926.0,1280.0,1144.0,521.0,970.0,674.0,1168.0
58917,32:28.000,32:28.010,2,1649.0,786.0,1812.0,1010.0,1197.0,924.0,1355.0,1163.0,,,,
58932,32:28.500,32:28.510,3,1585.0,671.0,1743.0,894.0,1138.0,822.0,1290.0,1034.0,752.0,933.0,920.0,1123.0
58947,32:29.000,32:29.012,3,674.0,794.0,848.0,992.0,1563.0,686.0,1713.0,903.0,1095.0,809.0,1247.0,1021.0
58962,32:29.500,32:29.512,3,1600.0,646.0,1752.0,866.0,1130.0,803.0,1281.0,1012.0,636.0,766.0,808.0,934.0
58977,32:30.000,32:30.012,3,1536.0,609.0,1688.0,828.0,550.0,752.0,727.0,944.0,1062.0,798.0,1213.0,1000.0
58992,32:30.500,32:30.512,3,813.0,880.0,983.0,1095.0,1807.0,747.0,1977.0,981.0,1300.0,927.0,1454.0,1137.0
59007,32:31.000,32:31.012,1,1812.0,1117.0,1996.0,1368.0,,,,,,,,
59022,32:31.500,32:31.512,1,1202.0,970.0,1353.0,1166.0,,,,,,,,
59037,32:32.000,32:32.012,1,1114.0,913.0,1227.0,1090.0,,,,,,,,
59052,32:32.500,32:32.512,2,2217.0,1196.0,2424.0,1471.0,1069.0,886.0,1207.0,1071.0,,,,
59067,32:33.000,32:33.013,3,1761.0,896.0,1925.0,1132.0,762.0,825.0,931.0,1028.0,1313.0,937.0,1444.0,1146.0
59082,32:33.500,32:33.513,3,545.0,764.0,732.0,981.0,1493.0,822.0,1641.0,1032.0,984.0,863.0,1135.0,1074.0
59097,32:34.000,32:34.013,3,1684.0,838.0,1844.0,1063.0,721.0,863.0,894.0,1067.0,1156.0,933.0,1307.0,1141.0
59112,32:34.500,32:34.513,3,1675.0,771.0,1834.0,991.0,676.0,769.0,848.0,964.0,1168.0,844.0,1317.0,1051.0
59127,32:35.000,32:35.013,2,519.0,631.0,698.0,852.0,1039.0,531.0,1183.0,741.0,,,,
59142,32:35.500,32:35.513,2,563.0,664.0,739.0,892.0,1071.0,532.0,1216.0,745.0,,,,
59157,32:36.000,32:36.013,3,236.0,729.0,465.0,942.0,955.0,713.0,1111.0,929.0,1441.0,618.0,1588.0,836.0
59172,32:36.500,32:36.513,3,942.0,725.0,1099.0,937.0,1424.0,653.0,1572.0,870.0,223.0,717.0,446.0,929.0
59187,32:37.000,32:37.013,3,811.0,753.0,972.0,967.0,1296.0,675.0,1440.0,888.0,60.0,743.0,303.0,983.0
59202,32:37.500,32:37.515,3,1033.0,785.0,1188.0,999.0,426.0,771.0,608.0,1003.0,1516.0,693.0,1671.0,912.0
59217,32:38.000,32:38.015,3,144.0,781.0,362.0,1014.0,807.0,799.0,970.0,1022.0,1299.0,731.0,1443.0,944.0
59232,32:38.500,32:38.515,3,1605.0,698.0,1763.0,917.0,1116.0,785.0,1272.0,999.0,521.0,792.0,701.0,1006.0
59247,32:39.000,32:39.015,2,1841.0,782.0,2032.0,1022.0,1226.0,786.0,1390.0,1001.0,,,,
59262,32:39.500,32:39.515,2,1871.0,903.0,2063.0,1146.0,1253.0,906.0,1410.0,1079.0,,,,
59277,32:40.000,32:40.015,1,2236.0,1112.0,2475.0,1341.0,,,,,,,,
59292,32:40.500,32:40.515,1,1907.0,1053.0,2122.0,1286.0,,,,,,,,
59307,32:41.000,32:41.015,3,1596.0,842.0,1752.0,1068.0,1099.0,889.0,1257.0,1116.0,470.0,895.0,661.0,1109.0
59322,32:41.500,32:41.517,3,800.0,846.0,963.0,1070.0,143.0,815.0,378.0,1053.0,1285.0,800.0,1431.0,1015.0
59337,32:42.000,32:42.017,3,807.0,838.0,971.0,1064.0,159.0,845.0,384.0,1067.0,1281.0,809.0,1431.0,1028.0
59352,32:42.500,32:42.517,3,788.0,845.0,952.0,1071.0,175.0,780.0,397.0,1035.0,1276.0,807.0,1418.0,1016.0
59367,32:43.000,32:43.017,3,322.0,764.0,534.0,1006.0,912.0,834.0,1070.0,1054.0,1382.0,788.0,1526.0,1003.0
59382,32:43.500,32:43.517,3,968.0,841.0,1123.0,1062.0,370.0,787.0,572.0,1020.0,1421.0,800.0,1568.0,1014.0
59397,32:44.000,32:44.017,3,365.0,779.0,571.0,1012.0,1398.0,782.0,1549.0,1002.0,1001.0,841.0,1141.0,1058.0
59412,32:44.500,32:44.517,3,366.0,784.0,570.0,1022.0,1385.0,780.0,1533.0,999.0,977.0,841.0,1125.0,1066.0
59427,32:45.000,32:45.017,3,1717.0,552.0,1881.0,785.0,727.0,573.0,904.0,779.0,1265.0,622.0,1414.0,836.0
59442,32:45.500,32:45.518,3,1999.0,750.0,2194.0,1002.0,1471.0,798.0,1634.0,1015.0,982.0,747.0,1146.0,943.0
59457,32:46.000,32:46.018,3,2141.0,793.0,2351.0,1049.0,1565.0,875.0,1732.0,1101.0,1078.0,853.0,1242.0,1049.0
59472,32:46.500,32:46.518,3,1756.0,849.0,1926.0,1084.0,1263.0,932.0,1419.0,1149.0,757.0,911.0,932.0,1118.0
59487,32:47.000,32:47.018,3,747.0,897.0,913.0,1125.0,125.0,854.0,356.0,1094.0,1235.0,844.0,1377.0,1056.0
59502,32:47.500,32:47.510,3,201.0,815.0,424.0,1055.0,803.0,871.0,964.0,1091.0,1283.0,803.0,1430.0,1018.0
59517,32:48.000,32:48.010,3,474.0,833.0,671.0,1057.0,1485.0,803.0,1639.0,1019.0,1013.0,880.0,1169.0,1091.0
59532,32:48.500,32:48.510,3,2020.0,791.0,2212.0,1040.0,1473.0,864.0,1635.0,1080.0,1004.0,821.0,1164.0,1014.0
59547,32:49.000,32:49.010,3,1557.0,775.0,1708.0,995.0,578.0,769.0,760.0,990.0,1080.0,829.0,1231.0,1043.0
59562,32:49.500,32:49.510,3,196.0,734.0,416.0,974.0,782.0,803.0,944.0,1026.0,1273.0,757.0,1424.0,974.0
59577,32:50.000,32:50.012,3,776.0,774.0,950.0,989.0,1735.0,771.0,1903.0,1001.0,1238.0,830.0,1394.0,1045.0
59592,32:50.500,32:50.512,3,1861.0,751.0,2039.0,989.0,1346.0,805.0,1504.0,1021.0,888.0,759.0,1056.0,959.0
59607,32:51.000,32:51.012,3,1711.0,728.0,1875.0,953.0,749.0,713.0,924.0,917.0,1220.0,774.0,1373.0,985.0
59622,32:51.500,32:51.512,3,1162.0,794.0,1318.0,1013.0,691.0,724.0,869.0,943.0,1643.0,739.0,1804.0,967.0
59637,32:52.000,32:52.012,3,1640.0,715.0,1800.0,940.0,700.0,706.0,874.0,922.0,1163.0,777.0,1315.0,986.0
59652,32:52.500,32:52.512,3,1707.0,688.0,1872.0,916.0,739.0,699.0,913.0,901.0,1217.0,756.0,1372.0,966.0
59667,32:53.000,32:53.012,3,1840.0,655.0,2015.0,890.0,1327.0,720.0,1481.0,932.0,872.0,655.0,1040.0,865.0
59682,32:53.500,32:53.512,3,1841.0,652.0,2016.0,888.0,1327.0,718.0,1481.0,931.0,870.0,650.0,1039.0,861.0
59697,32:54.000,32:54.013,3,1850.0,611.0,2030.0,850.0,1333.0,674.0,1490.0,892.0,879.0,616.0,1048.0,816.0
59712,32:54.500,32:54.513,3,1854.0,616.0,2033.0,854.0,1335.0,675.0,1491.0,893.0,873.0,614.0,1044.0,816.0
59727,32:55.000,32:55.013,3,1869.0,595.0,2048.0,837.0,890.0,598.0,1061.0,789.0,1349.0,661.0,1505.0,874.0
59742,32:55.500,32:55.513,3,904.0,587.0,1088.0,785.0,1827.0,581.0,2003.0,824.0,1316.0,656.0,1469.0,867.0
59757,32:56.000,32:56.013,3,351.0,547.0,582.0,800.0,1452.0,614.0,1604.0,835.0,987.0,657.0,1138.0,869.0
59772,32:56.500,32:56.513,3,438.0,651.0,653.0,894.0,1460.0,664.0,1614.0,882.0,985.0,743.0,1140.0,957.0
59787,32:57.000,32:57.013,3,977.0,675.0,1134.0,892.0,466.0,604.0,654.0,812.0,1526.0,648.0,1699.0,858.0
59802,32:57.500,32:57.513,3,531.0,534.0,716.0,746.0,1585.0,651.0,1764.0,855.0,1051.0,641.0,1201.0,843.0
59817,32:58.000,32:58.015,3,492.0,623.0,684.0,835.0,1028.0,663.0,1181.0,873.0,1530.0,616.0,1680.0,833.0
59832,32:58.500,32:58.515,3,563.0,646.0,748.0,866.0,1085.0,674.0,1236.0,890.0,1601.0,627.0,1763.0,842.0
59847,32:59.000,32:59.015,3,1863.0,640.0,2063.0,876.0,1281.0,706.0,1438.0,920.0,780.0,687.0,950.0,893.0
59862,32:59.500,32:59.515,3,1886.0,676.0,2090.0,907.0,1292.0,719.0,1449.0,930.0,781.0,691.0,950.0,900.0
59877,33:00.000,33:00.015,3,414.0,699.0,614.0,930.0,969.0,723.0,1127.0,938.0,1510.0,675.0,1676.0,885.0
59892,33:00.500,33:00.515,3,94.0,645.0,332.0,884.0,736.0,697.0,903.0,920.0,1279.0,683.0,1436.0,895.0
59907,33:01.000,33:01.015,3,685.0,667.0,857.0,895.0,19.0,642.0,270.0,883.0,1208.0,614.0,1354.0,831.0
59922,33:01.500,33:01.515,3,150.0,779.0,379.0,1013.0,795.0,793.0,957.0,1017.0,1297.0,740.0,1443.0,956.0
59937,33:02.000,33:02.015,3,183.0,768.0,410.0,1008.0,803.0,799.0,967.0,1025.0,1286.0,741.0,1437.0,956.0
59952,33:02.500,33:02.517,3,352.0,824.0,563.0,1063.0,917.0,877.0,1077.0,1090.0,1383.0,841.0,1537.0,1047.0
59967,33:03.000,33:03.017,3,1068.0,954.0,1226.0,1178.0,1540.0,911.0,1704.0,1131.0,537.0,926.0,722.0,1146.0
59982,33:03.500,33:03.517,3,1910.0,878.0,2096.0,1118.0,1364.0,929.0,1524.0,1154.0,881.0,888.0,1044.0,1088.0
59997,33:04.000,33:04.017,3,1233.0,885.0,1390.0,1106.0,1759.0,780.0,1931.0,1016.0,722.0,878.0,897.0,1094.0
60012,33:04.500,33:04.517,3,1358.0,1079.0,1522.0,1308.0,1917.0,979.0,2109.0,1239.0,849.0,1048.0,1027.0,1261.0
60027,33:05.000,33:05.017,3,1894.0,823.0,2088.0,1074.0,1368.0,970.0,1533.0,1198.0,866.0,987.0,1033.0,1190.0
60042,33:05.500,33:05.517,3,2107.0,878.0,2326.0,1144.0,1555.0,989.0,1727.0,1225.0,1054.0,975.0,1214.0,1181.0
60057,33:06.000,33:06.017,3,1994.0,787.0,2189.0,1037.0,1472.0,913.0,1638.0,1144.0,978.0,937.0,1139.0,1139.0
60072,33:06.500,33:06.518,2,1461.0,1082.0,1632.0,1320.0,2063.0,1005.0,2261.0,1268.0,,,,
60087,33:07.000,33:07.018,2,1646.0,1166.0,1831.0,1422.0,1124.0,1118.0,1296.0,1359.0,,,,
60102,33:07.500,33:07.518,1,1697.0,1230.0,1887.0,1487.0,,,,,,,,
60117,33:08.000,33:08.018,3,1502.0,1169.0,1678.0,1413.0,2153.0,1089.0,2367.0,1361.0,998.0,1181.0,1166.0,1388.0
60132,33:08.500,33:08.510,3,1452.0,1133.0,1630.0,1373.0,2089.0,1048.0,2293.0,1308.0,957.0,1142.0,1124.0,1361.0
60147,33:09.000,33:09.010,3,1418.0,1091.0,1592.0,1327.0,2074.0,1001.0,2278.0,1256.0,959.0,1117.0,1114.0,1314.0
60162,33:09.500,33:09.510,3,2031.0,938.0,2230.0,1192.0,1403.0,1056.0,1571.0,1288.0,931.0,1061.0,1099.0,1279.0
60177,33:10.000,33:10.010,3,1987.0,910.0,2181.0,1158.0,877.0,1072.0,1051.0,1277.0,1358.0,1046.0,1518.0,1271.0
60192,33:10.500,33:10.512,3,2030.0,931.0,2236.0,1174.0,1384.0,1056.0,1543.0,1285.0,898.0,1073.0,1062.0,1271.0
60207,33:11.000,33:11.012,3,1330.0,1019.0,1493.0,1249.0,1957.0,902.0,2150.0,1139.0,839.0,1025.0,1006.0,1244.0
60222,33:11.500,33:11.512,3,1291.0,941.0,1447.0,1166.0,1918.0,845.0,2094.0,1084.0,806.0,936.0,975.0,1158.0
60237,33:12.000,33:12.012,3,2041.0,870.0,2222.0,1126.0,1373.0,931.0,1534.0,1161.0,908.0,941.0,1068.0,1107.0
60252,33:12.500,33:12.512,3,1361.0,944.0,1514.0,1169.0,2018.0,857.0,2199.0,1110.0,890.0,918.0,1045.0,1126.0
60267,33:13.000,33:13.012,3,1998.0,848.0,2193.0,1096.0,1364.0,953.0,1522.0,1175.0,890.0,953.0,1049.0,1130.0
60282,33:13.500,33:13.512,3,2038.0,891.0,2259.0,1120.0,1379.0,959.0,1536.0,1179.0,916.0,943.0,1078.0,1150.0
60297,33:14.000,33:14.012,3,2064.0,879.0,2279.0,1124.0,1407.0,966.0,1569.0,1192.0,947.0,957.0,1110.0,1150.0
60312,33:14.500,33:14.512,3,2034.0,848.0,2229.0,1104.0,1403.0,956.0,1567.0,1180.0,935.0,955.0,1071.0,1112.0
60327,33:15.000,33:15.013,3,2043.0,809.0,2242.0,1065.0,1426.0,927.0,1585.0,1146.0,953.0,906.0,1114.0,1101.0
60342,33:15.500,33:15.513,3,1220.0,914.0,1376.0,1133.0,1795.0,821.0,1967.0,1061.0,731.0,894.0,906.0,1091.0
60357,33:16.000,33:16.013,3,1603.0,894.0,1762.0,1117.0,1028.0,931.0,1183.0,1149.0,533.0,866.0,715.0,1067.0
60372,33:16.500,33:16.513,3,1694.0,939.0,1862.0,1169.0,1102.0,951.0,1257.0,1169.0,625.0,859.0,800.0,1075.0
60387,33:17.000,33:17.013,3,1114.0,893.0,1270.0,1105.0,1707.0,865.0,1874.0,1092.0,643.0,809.0,814.0,1024.0
60402,33:17.500,33:17.513,3,1847.0,865.0,2026.0,1102.0,1238.0,882.0,1391.0,1093.0,772.0,793.0,943.0,999.0
60417,33:18.000,33:18.013,3,1871.0,840.0,2055.0,1077.0,1263.0,886.0,1414.0,1096.0,788.0,810.0,954.0,1014.0
60432,33:18.500,33:18.513,3,1912.0,837.0,2113.0,1052.0,1282.0,897.0,1436.0,1104.0,801.0,845.0,968.0,1048.0
60447,33:19.000,33:19.015,3,1969.0,851.0,2175.0,1069.0,1323.0,899.0,1475.0,1113.0,850.0,829.0,1020.0,1049.0
60462,33:19.500,33:19.515,3,846.0,839.0,1012.0,1051.0,1965.0,839.0,2165.0,1059.0,1329.0,904.0,1484.0,1114.0
60477,33:20.000,33:20.015,3,1938.0,811.0,2123.0,1046.0,842.0,835.0,1009.0,1049.0,1332.0,898.0,1488.0,1110.0
60492,33:20.500,33:20.515,2,1294.0,887.0,1449.0,1103.0,1901.0,803.0,2083.0,1045.0,,,,
60507,33:21.000,33:21.015,3,1894.0,799.0,2075.0,1039.0,1285.0,885.0,1438.0,1098.0,789.0,875.0,940.0,1054.0
60522,33:21.500,33:21.515,3,1803.0,774.0,1986.0,1014.0,1274.0,877.0,1429.0,1088.0,795.0,865.0,953.0,1051.0
60537,33:22.000,33:22.015,3,1778.0,806.0,1965.0,1030.0,1288.0,874.0,1440.0,1092.0,793.0,883.0,956.0,1076.0
60552,33:22.500,33:22.515,3,1994.0,809.0,2190.0,1059.0,1423.0,875.0,1581.0,1090.0,934.0,876.0,1097.0,1073.0
60567,33:23.000,33:23.015,3,1500.0,888.0,1661.0,1113.0,2046.0,857.0,2262.0,1111.0,1015.0,881.0,1176.0,1078.0
60582,33:23.500,33:23.517,3,2042.0,805.0,2239.0,1061.0,958.0,856.0,1124.0,1062.0,1436.0,870.0,1595.0,1087.0
60597,33:24.000,33:24.017,3,1955.0,812.0,2144.0,1069.0,1442.0,886.0,1602.0,1103.0,959.0,858.0,1122.0,1064.0
60612,33:24.500,33:24.517,3,2033.0,826.0,2229.0,1083.0,1435.0,896.0,1595.0,1111.0,948.0,870.0,1114.0,1074.0
60627,33:25.000,33:25.017,3,2151.0,922.0,2351.0,1194.0,1576.0,975.0,1746.0,1207.0,1077.0,935.0,1241.0,1150.0
60642,33:25.500,33:25.517,2,1671.0,993.0,1850.0,1232.0,1170.0,982.0,1336.0,1191.0,,,,
60657,33:26.000,33:26.017,3,1537.0,1042.0,1708.0,1286.0,1042.0,1057.0,1212.0,1272.0,2167.0,1027.0,2382.0,1286.0
60672,33:26.500,33:26.517,2,1687.0,1074.0,1870.0,1321.0,1180.0,1074.0,1354.0,1295.0,,,,
60687,33:27.000,33:27.017,3,1988.0,763.0,2173.0,1011.0,1424.0,837.0,1584.0,1055.0,944.0,844.0,1114.0,1055.0
60702,33:27.500,33:27.518,3,1322.0,1088.0,1485.0,1320.0,809.0,1087.0,986.0,1309.0,1910.0,1048.0,2090.0,1305.0
60717,33:28.000,33:28.018,3,536.0,955.0,746.0,1213.0,1048.0,933.0,1216.0,1167.0,1623.0,841.0,1781.0,1073.0
60732,33:28.500,33:28.510,3,1898.0,912.0,2111.0,1183.0,1244.0,970.0,1425.0,1213.0,744.0,913.0,940.0,1157.0
60747,33:29.000,33:29.010,2,1079.0,1069.0,1266.0,1317.0,1550.0,1134.0,1750.0,1399.0,,,,
60762,33:29.500,33:29.510,2,1088.0,871.0,1268.0,1096.0,1553.0,961.0,1741.0,1207.0,,,,
60777,33:30.000,33:30.010,2,1690.0,1015.0,1896.0,1279.0,1153.0,895.0,1335.0,1138.0,,,,
60792,33:30.500,33:30.510,3,1427.0,685.0,1615.0,934.0,871.0,620.0,1065.0,850.0,2158.0,644.0,2422.0,947.0
60807,33:31.000,33:31.010,2,1559.0,730.0,1761.0,992.0,986.0,663.0,1180.0,898.0,,,,
60822,33:31.500,33:31.512,2,1657.0,805.0,1868.0,1073.0,1081.0,719.0,1270.0,954.0,,,,
60837,33:32.000,33:32.012,2,1656.0,741.0,1870.0,1010.0,1068.0,664.0,1255.0,893.0,,,,
60852,33:32.500,33:32.512,2,1576.0,696.0,1781.0,964.0,982.0,642.0,1173.0,879.0,,,,
60867,33:33.000,33:33.012,3,1458.0,698.0,1655.0,959.0,874.0,647.0,1059.0,880.0,2191.0,668.0,2443.0,966.0
60882,33:33.500,33:33.512,3,1178.0,1022.0,1351.0,1269.0,1778.0,1006.0,1953.0,1261.0,598.0,954.0,783.0,1198.0
60897,33:34.000,33:34.012,3,1453.0,868.0,1622.0,1093.0,2071.0,866.0,2280.0,1124.0,931.0,795.0,1096.0,1001.0
60912,33:34.500,33:34.512,3,1444.0,831.0,1612.0,1061.0,2060.0,807.0,2261.0,1064.0,930.0,784.0,1098.0,998.0
60927,33:35.000,33:35.012,3,1487.0,896.0,1658.0,1130.0,959.0,837.0,1125.0,1052.0,2122.0,909.0,2333.0,1167.0
60942,33:35.500,33:35.512,3,727.0,965.0,901.0,1178.0,1806.0,972.0,1974.0,1210.0,1250.0,991.0,1409.0,1211.0
60957,33:36.000,33:36.013,2,1244.0,975.0,1399.0,1196.0,735.0,941.0,899.0,1162.0,,,,
60972,33:36.500,33:36.513,2,1330.0,992.0,1492.0,1220.0,801.0,1007.0,967.0,1217.0,,,,
60987,33:37.000,33:37.013,1,1297.0,1029.0,1453.0,1251.0,,,,,,,,
61002,33:37.500,33:37.513,2,1243.0,975.0,1398.0,1194.0,1780.0,941.0,1951.0,1165.0,,,,
61017,33:38.000,33:38.013,3,618.0,866.0,804.0,1088.0,1664.0,805.0,1828.0,1033.0,1144.0,892.0,1295.0,1103.0
61032,33:38.500,33:38.513,3,554.0,821.0,744.0,1049.0,1576.0,788.0,1739.0,1020.0,1061.0,864.0,1218.0,1074.0
61047,33:39.000,33:39.013,3,301.0,784.0,524.0,1041.0,896.0,862.0,1064.0,1086.0,1444.0,828.0,1590.0,1051.0
61062,33:39.500,33:39.513,3,661.0,834.0,848.0,1083.0,1240.0,796.0,1397.0,1021.0,-45.0,763.0,210.0,1048.0
61077,33:40.000,33:40.015,3,615.0,850.0,804.0,1098.0,1199.0,775.0,1345.0,1003.0,-99.0,833.0,143.0,1110.0
61092,33:40.500,33:40.515,3,646.0,888.0,835.0,1142.0,-50.0,925.0,206.0,1207.0,1212.0,777.0,1373.0,1009.0
61107,33:41.000,33:41.015,3,626.0,994.0,819.0,1246.0,1181.0,833.0,1344.0,1072.0,-77.0,1064.0,187.0,1355.0
61122,33:41.500,33:41.515,3,604.0,832.0,793.0,1084.0,1163.0,719.0,1322.0,953.0,-94.0,818.0,135.0,1092.0
61137,33:42.000,33:42.015,3,658.0,821.0,855.0,1074.0,1223.0,799.0,1384.0,1034.0,-14.0,706.0,247.0,970.0
61152,33:42.500,33:42.515,3,1456.0,886.0,1623.0,1125.0,934.0,820.0,1121.0,1051.0,422.0,670.0,633.0,894.0
61167,33:43.000,33:43.015,3,197.0,731.0,430.0,984.0,764.0,817.0,954.0,1068.0,1300.0,857.0,1452.0,1080.0
61182,33:43.500,33:43.515,3,775.0,804.0,946.0,1033.0,158.0,742.0,394.0,989.0,1279.0,763.0,1433.0,987.0
61197,33:44.000,33:44.017,3,196.0,816.0,426.0,1076.0,842.0,862.0,1011.0,1091.0,1327.0,794.0,1480.0,1015.0
61212,33:44.500,33:44.517,3,204.0,784.0,436.0,1047.0,848.0,847.0,1014.0,1072.0,1337.0,803.0,1494.0,1023.0
61227,33:45.000,33:45.017,3,184.0,834.0,418.0,1093.0,1327.0,827.0,1479.0,1050.0,833.0,870.0,999.0,1095.0
61242,33:45.500,33:45.517,3,860.0,829.0,1027.0,1055.0,218.0,797.0,443.0,1053.0,1355.0,776.0,1506.0,1000.0
61257,33:46.000,33:46.017,3,267.0,755.0,487.0,1003.0,904.0,790.0,1066.0,1016.0,1390.0,747.0,1544.0,968.0
61272,33:46.500,33:46.517,3,289.0,813.0,507.0,1058.0,910.0,831.0,1072.0,1055.0,1394.0,778.0,1549.0,999.0
61287,33:47.000,33:47.017,3,518.0,949.0,712.0,1183.0,1096.0,952.0,1258.0,1179.0,1593.0,889.0,1757.0,1120.0
61302,33:47.500,33:47.517,3,1878.0,931.0,2062.0,1179.0,1340.0,966.0,1505.0,1200.0,788.0,961.0,963.0,1169.0
61317,33:48.000,33:48.008,2,1638.0,1017.0,1821.0,1253.0,1110.0,887.0,1274.0,1090.0,,,,
61332,33:48.500,33:48.510,2,1762.0,1069.0,1964.0,1318.0,1227.0,885.0,1392.0,1092.0,,,,
61347,33:49.000,33:49.010,2,1895.0,993.0,2102.0,1250.0,1308.0,936.0,1481.0,1145.0,,,,
61362,33:49.500,33:49.510,2,2008.0,947.0,2227.0,1206.0,1391.0,1060.0,1570.0,1270.0,,,,
61377,33:50.000,33:50.010,2,1751.0,965.0,1941.0,1211.0,1178.0,1004.0,1347.0,1204.0,,,,
61392,33:50.500,33:50.510,3,1647.0,921.0,1832.0,1167.0,1089.0,982.0,1259.0,1181.0,2258.0,821.0,2477.0,1082.0
61407,33:51.000,33:51.010,3,1553.0,854.0,1728.0,1088.0,2128.0,729.0,2343.0,986.0,1012.0,902.0,1185.0,1120.0
61422,33:51.500,33:51.510,3,2086.0,745.0,2294.0,996.0,1519.0,860.0,1691.0,1091.0,977.0,911.0,1151.0,1122.0
61437,33:52.000,33:52.010,3,2035.0,680.0,2239.0,931.0,1481.0,795.0,1650.0,1026.0,944.0,845.0,1116.0,1052.0
61452,33:52.500,33:52.512,3,2029.0,690.0,2235.0,942.0,1476.0,808.0,1643.0,1039.0,940.0,852.0,1115.0,1064.0
61467,33:53.000,33:53.012,3,2013.0,669.0,2212.0,923.0,1459.0,791.0,1631.0,1027.0,919.0,831.0,1086.0,1054.0
61482,33:53.500,33:53.512,3,2011.0,651.0,2209.0,900.0,1453.0,780.0,1624.0,1015.0,868.0,890.0,1027.0,1079.0
61497,33:54.000,33:54.012,3,2001.0,612.0,2194.0,865.0,1380.0,851.0,1547.0,1053.0,852.0,900.0,1016.0,1077.0
61512,33:54.500,33:54.512,3,1981.0,591.0,2174.0,837.0,858.0,888.0,1032.0,1071.0,1334.0,888.0,1503.0,1046.0
61527,33:55.000,33:55.012,3,2002.0,591.0,2193.0,839.0,878.0,885.0,1051.0,1071.0,1352.0,892.0,1527.0,1047.0
61542,33:55.500,33:55.512,3,1994.0,605.0,2182.0,851.0,869.0,891.0,1044.0,1076.0,1352.0,892.0,1529.0,1065.0
61557,33:56.000,33:56.012,3,1979.0,569.0,2175.0,815.0,864.0,855.0,1036.0,1044.0,1349.0,871.0,1519.0,1027.0
61572,33:56.500,33:56.513,3,2009.0,563.0,2205.0,808.0,879.0,820.0,1054.0,1015.0,1366.0,839.0,1544.0,1019.0
61587,33:57.000,33:57.013,3,2026.0,569.0,2227.0,816.0,899.0,820.0,1065.0,1010.0,1384.0,827.0,1559.0,1015.0
61602,33:57.500,33:57.513,3,2009.0,565.0,2207.0,811.0,883.0,817.0,1057.0,1018.0,1367.0,816.0,1549.0,1016.0
61617,33:58.000,33:58.013,3,1392.0,761.0,1562.0,981.0,1998.0,560.0,2194.0,809.0,874.0,826.0,1049.0,1015.0
61632,33:58.500,33:58.513,3,1946.0,576.0,2136.0,817.0,1368.0,763.0,1536.0,982.0,835.0,841.0,1008.0,1030.0
61647,33:59.000,33:59.013,3,190.0,815.0,422.0,1041.0,848.0,756.0,1017.0,981.0,1369.0,623.0,1517.0,835.0
61662,33:59.500,33:59.513,2,260.0,722.0,475.0,972.0,891.0,647.0,1040.0,859.0,,,,
61677,34:00.000,34:00.013,2,466.0,744.0,658.0,981.0,1050.0,701.0,1196.0,916.0,,,,
61692,34:00.500,34:00.513,3,401.0,793.0,606.0,1025.0,982.0,817.0,1147.0,1041.0,1516.0,771.0,1669.0,991.0
61707,34:01.000,34:01.015,3,610.0,635.0,797.0,848.0,1151.0,675.0,1315.0,898.0,1696.0,625.0,1872.0,859.0
61722,34:01.500,34:01.515,3,1443.0,747.0,1613.0,970.0,2059.0,687.0,2272.0,940.0,930.0,680.0,1092.0,885.0
61737,34:02.000,34:02.015,3,2139.0,826.0,2364.0,1090.0,1506.0,858.0,1676.0,1086.0,1002.0,762.0,1161.0,950.0
61752,34:02.500,34:02.515,3,1514.0,854.0,1686.0,1083.0,2150.0,828.0,2378.0,1092.0,1012.0,759.0,1174.0,947.0
61767,34:03.000,34:03.015,3,1542.0,898.0,1717.0,1130.0,2182.0,890.0,2408.0,1153.0,1045.0,792.0,1205.0,980.0
61782,34:03.500,34:03.515,3,1579.0,879.0,1758.0,1111.0,2235.0,846.0,2455.0,1111.0,1080.0,777.0,1241.0,966.0
61797,34:04.000,34:04.015,3,2139.0,808.0,2362.0,1072.0,1512.0,858.0,1684.0,1085.0,1013.0,768.0,1173.0,963.0
61812,34:04.500,34:04.515,3,2137.0,804.0,2357.0,1073.0,1509.0,861.0,1679.0,1087.0,1023.0,782.0,1190.0,995.0
61827,34:05.000,34:05.017,3,2084.0,799.0,2298.0,1066.0,1470.0,861.0,1640.0,1083.0,985.0,801.0,1153.0,1014.0
61842,34:05.500,34:05.517,3,1486.0,843.0,1657.0,1068.0,2107.0,791.0,2325.0,1043.0,1002.0,780.0,1171.0,997.0
61857,34:06.000,34:06.017,3,1477.0,839.0,1647.0,1062.0,995.0,770.0,1164.0,987.0,2097.0,792.0,2313.0,1045.0
61872,34:06.500,34:06.517,3,1494.0,834.0,1662.0,1058.0,2106.0,791.0,2326.0,1047.0,1005.0,777.0,1174.0,984.0
61887,34:07.000,34:07.017,3,1505.0,835.0,1673.0,1062.0,2091.0,795.0,2305.0,1048.0,1012.0,776.0,1181.0,988.0
61902,34:07.500,34:07.517,3,1510.0,839.0,1680.0,1070.0,2068.0,795.0,2273.0,1039.0,1012.0,774.0,1181.0,986.0
61917,34:08.000,34:08.008,3,1523.0,846.0,1695.0,1073.0,1011.0,770.0,1180.0,982.0,2146.0,791.0,2366.0,1043.0
61932,34:08.500,34:08.508,3,1523.0,857.0,1696.0,1085.0,2133.0,796.0,2351.0,1053.0,998.0,769.0,1163.0,981.0
61947,34:09.000,34:09.010,3,2140.0,800.0,2359.0,1071.0,1534.0,857.0,1705.0,1087.0,1009.0,771.0,1177.0,982.0
61962,34:09.500,34:09.510,3,1654.0,765.0,1824.0,1002.0,618.0,780.0,805.0,1006.0,1173.0,849.0,1333.0,1073.0
61977,34:10.000,34:10.010,3,259.0,797.0,482.0,1045.0,880.0,854.0,1044.0,1078.0,1353.0,756.0,1509.0,973.0
61992,34:10.500,34:10.510,3,263.0,792.0,487.0,1042.0,884.0,851.0,1047.0,1076.0,1359.0,756.0,1514.0,973.0
62007,34:11.000,34:11.010,3,349.0,778.0,562.0,1028.0,945.0,833.0,1109.0,1062.0,1429.0,761.0,1586.0,974.0
62022,34:11.500,34:11.510,3,727.0,832.0,907.0,1048.0,1751.0,809.0,1930.0,1048.0,1249.0,885.0,1411.0,1108.0
62037,34:12.000,34:12.010,3,1862.0,849.0,2055.0,1100.0,1341.0,923.0,1508.0,1155.0,828.0,864.0,1002.0,1078.0
62052,34:12.500,34:12.510,3,1381.0,944.0,1549.0,1178.0,1910.0,871.0,2110.0,1125.0,800.0,886.0,973.0,1105.0
62067,34:13.000,34:13.010,3,1779.0,899.0,1960.0,1144.0,704.0,936.0,886.0,1161.0,1261.0,985.0,1427.0,1217.0
62082,34:13.500,34:13.512,3,395.0,929.0,605.0,1175.0,972.0,961.0,1136.0,1198.0,1465.0,869.0,1624.0,1090.0
62097,34:14.000,34:14.012,3,432.0,962.0,636.0,1202.0,1510.0,878.0,1677.0,1106.0,1030.0,981.0,1196.0,1217.0
62112,34:14.500,34:14.512,3,525.0,974.0,719.0,1201.0,1098.0,989.0,1266.0,1224.0,1564.0,892.0,1731.0,1123.0
62127,34:15.000,34:15.012,3,526.0,1034.0,719.0,1270.0,1566.0,930.0,1737.0,1162.0,1093.0,1035.0,1263.0,1275.0
62142,34:15.500,34:15.512,3,318.0,1100.0,536.0,1364.0,931.0,1115.0,1104.0,1358.0,1409.0,998.0,1571.0,1232.0
62157,34:16.000,34:16.012,3,791.0,1122.0,971.0,1341.0,1330.0,1114.0,1506.0,1359.0,1827.0,993.0,2021.0,1242.0
62172,34:16.500,34:16.512,3,1594.0,1076.0,1782.0,1329.0,1065.0,1061.0,1237.0,1275.0,2174.0,971.0,2398.0,1241.0
62187,34:17.000,34:17.012,3,1586.0,766.0,1758.0,1000.0,571.0,849.0,759.0,1073.0,1111.0,880.0,1273.0,1101.0
62202,34:17.500,34:17.513,3,1685.0,762.0,1858.0,1002.0,1186.0,859.0,1346.0,1080.0,668.0,800.0,844.0,1017.0
62217,34:18.000,34:18.013,3,2105.0,832.0,2321.0,1095.0,1492.0,894.0,1668.0,1125.0,991.0,833.0,1159.0,1041.0
62232,34:18.500,34:18.513,3,1355.0,817.0,1519.0,1040.0,1937.0,754.0,2137.0,1009.0,856.0,807.0,1022.0,987.0
62247,34:19.000,34:19.013,3,1654.0,836.0,1823.0,1070.0,1121.0,917.0,1279.0,1127.0,603.0,885.0,786.0,1086.0
62262,34:19.500,34:19.513,3,2014.0,812.0,2219.0,1076.0,911.0,820.0,1082.0,1027.0,1406.0,910.0,1560.0,1107.0
62277,34:20.000,34:20.013,3,1699.0,737.0,1872.0,967.0,648.0,747.0,833.0,958.0,1154.0,835.0,1297.0,1022.0
62292,34:20.500,34:20.513,3,326.0,785.0,541.0,1037.0,1423.0,773.0,1574.0,1021.0,902.0,899.0,1054.0,1101.0
62307,34:21.000,34:21.013,3,311.0,829.0,525.0,1076.0,1400.0,811.0,1556.0,1054.0,893.0,928.0,1058.0,1147.0
62322,34:21.500,34:21.515,3,316.0,907.0,529.0,1161.0,1403.0,945.0,1556.0,1195.0,889.0,1036.0,1058.0,1261.0
62337,34:22.000,34:22.015,3,216.0,922.0,444.0,1180.0,1334.0,940.0,1493.0,1180.0,819.0,1038.0,987.0,1268.0
62352,34:22.500,34:22.515,3,758.0,1080.0,933.0,1319.0,110.0,997.0,353.0,1277.0,1281.0,967.0,1437.0,1197.0
62367,34:23.000,34:23.015,3,669.0,1080.0,849.0,1329.0,-16.0,1031.0,233.0,1307.0,1199.0,971.0,1352.0,1194.0
62382,34:23.500,34:23.515,3,743.0,1032.0,917.0,1267.0,69.0,953.0,313.0,1228.0,1252.0,942.0,1405.0,1167.0
62397,34:24.000,34:24.015,3,750.0,1015.0,924.0,1253.0,90.0,964.0,330.0,1220.0,1256.0,933.0,1409.0,1158.0
62412,34:24.500,34:24.515,3,762.0,1010.0,933.0,1244.0,107.0,958.0,340.0,1215.0,1272.0,921.0,1425.0,1153.0
62427,34:25.000,34:25.015,3,772.0,1003.0,943.0,1237.0,1275.0,905.0,1433.0,1149.0,115.0,985.0,349.0,1227.0
62442,34:25.500,34:25.515,3,763.0,1009.0,935.0,1244.0,1271.0,920.0,1427.0,1163.0,107.0,1002.0,342.0,1239.0
62457,34:26.000,34:26.017,3,760.0,1009.0,931.0,1241.0,1270.0,920.0,1425.0,1162.0,100.0,1005.0,335.0,1239.0
62472,34:26.500,34:26.517,3,743.0,1032.0,918.0,1267.0,82.0,1028.0,317.0,1272.0,1261.0,944.0,1412.0,1184.0
62487,34:27.000,34:27.017,3,794.0,1030.0,964.0,1268.0,159.0,1010.0,385.0,1247.0,1309.0,963.0,1462.0,1201.0
62502,34:27.500,34:27.508,3,740.0,1043.0,915.0,1280.0,1260.0,955.0,1413.0,1191.0,80.0,1029.0,316.0,1278.0
62517,34:28.000,34:28.008,3,765.0,1032.0,937.0,1268.0,113.0,1016.0,347.0,1256.0,1281.0,954.0,1437.0,1193.0
62532,34:28.500,34:28.508,3,772.0,1030.0,943.0,1264.0,123.0,1012.0,351.0,1252.0,1288.0,956.0,1441.0,1200.0
62547,34:29.000,34:29.008,3,729.0,1047.0,902.0,1285.0,1244.0,964.0,1397.0,1193.0,57.0,1032.0,295.0,1288.0
62562,34:29.500,34:29.508,3,993.0,1063.0,1158.0,1293.0,1479.0,976.0,1641.0,1217.0,413.0,1058.0,613.0,1286.0
62577,34:30.000,34:30.010,3,810.0,1079.0,980.0,1316.0,1335.0,988.0,1493.0,1225.0,166.0,1081.0,395.0,1326.0
62592,34:30.500,34:30.510,3,876.0,1104.0,1043.0,1338.0,1392.0,994.0,1552.0,1240.0,254.0,1112.0,469.0,1346.0
62607,34:31.000,34:31.010,3,1175.0,1136.0,1342.0,1370.0,1709.0,1032.0,1886.0,1296.0,627.0,1138.0,812.0,1349.0
62622,34:31.500,34:31.510,3,1198.0,1188.0,1365.0,1426.0,1735.0,1076.0,1917.0,1355.0,649.0,1175.0,833.0,1395.0
62637,34:32.000,34:32.010,3,1757.0,1053.0,1934.0,1331.0,1210.0,1158.0,1382.0,1400.0,668.0,1157.0,851.0,1369.0
62652,34:32.500,34:32.510,3,2025.0,996.0,2234.0,1288.0,1451.0,1094.0,1624.0,1331.0,925.0,1081.0,1095.0,1279.0
62667,34:33.000,34:33.010,3,1507.0,1112.0,1684.0,1352.0,2109.0,1029.0,2327.0,1330.0,982.0,1085.0,1150.0,1282.0
62682,34:33.500,34:33.510,3,1327.0,1157.0,1495.0,1391.0,1864.0,1058.0,2057.0,1335.0,793.0,1143.0,968.0,1342.0
62697,34:34.000,34:34.012,3,1336.0,1171.0,1508.0,1411.0,1884.0,1089.0,2080.0,1369.0,804.0,1157.0,976.0,1356.0
62712,34:34.500,34:34.512,3,1329.0,1182.0,1500.0,1423.0,1873.0,1103.0,2066.0,1380.0,795.0,1165.0,968.0,1370.0
62727,34:35.000,34:35.012,3,1319.0,1189.0,1489.0,1430.0,1861.0,1113.0,2055.0,1395.0,781.0,1157.0,961.0,1372.0
62742,34:35.500,34:35.512,3,1270.0,1187.0,1440.0,1433.0,1800.0,1102.0,1989.0,1376.0,730.0,1148.0,911.0,1373.0
62757,34:36.000,34:36.012,3,1246.0,1187.0,1415.0,1429.0,701.0,1134.0,884.0,1362.0,1804.0,1081.0,1985.0,1332.0
62772,34:36.500,34:36.512,3,1212.0,1172.0,1382.0,1414.0,654.0,1122.0,836.0,1347.0,1790.0,1062.0,1969.0,1302.0
62787,34:37.000,34:37.012,3,1089.0,1183.0,1257.0,1427.0,1649.0,1067.0,1818.0,1307.0,483.0,1132.0,657.0,1377.0
62802,34:37.500,34:37.512,3,1723.0,856.0,1892.0,1087.0,1172.0,949.0,1336.0,1177.0,599.0,928.0,771.0,1151.0
62817,34:38.000,34:38.012,3,1958.0,832.0,2153.0,1086.0,1376.0,924.0,1540.0,1138.0,868.0,909.0,1040.0,1132.0
62832,34:38.500,34:38.513,3,1058.0,891.0,1225.0,1106.0,1562.0,916.0,1735.0,1123.0,2182.0,852.0,2410.0,1118.0
62847,34:39.000,34:39.013,3,2026.0,833.0,2232.0,1097.0,929.0,879.0,1098.0,1091.0,1439.0,905.0,1601.0,1099.0
62862,34:39.500,34:39.513,3,331.0,828.0,544.0,1080.0,1438.0,789.0,1598.0,1010.0,926.0,864.0,1087.0,1049.0
62877,34:40.000,34:40.013,3,141.0,819.0,379.0,1081.0,1310.0,828.0,1468.0,1046.0,803.0,876.0,966.0,1064.0
62892,34:40.500,34:40.513,3,228.0,866.0,456.0,1132.0,872.0,918.0,1037.0,1157.0,1366.0,851.0,1526.0,1072.0
62907,34:41.000,34:41.013,3,241.0,880.0,466.0,1139.0,1380.0,836.0,1536.0,1058.0,874.0,920.0,1039.0,1148.0
62922,34:41.500,34:41.513,3,821.0,953.0,988.0,1187.0,169.0,921.0,406.0,1189.0,1307.0,858.0,1468.0,1083.0
62937,34:42.000,34:42.013,3,813.0,1013.0,982.0,1251.0,160.0,997.0,398.0,1265.0,1293.0,913.0,1454.0,1136.0
62952,34:42.500,34:42.515,3,263.0,1106.0,493.0,1373.0,901.0,1088.0,1066.0,1326.0,1256.0,977.0,1448.0,1185.0
62967,34:43.000,34:43.015,3,1272.0,869.0,1454.0,1115.0,270.0,1083.0,495.0,1349.0,904.0,1098.0,1071.0,1331.0
62982,34:43.500,34:43.515,3,180.0,1075.0,414.0,1340.0,1342.0,808.0,1512.0,1031.0,846.0,1059.0,1017.0,1298.0
62997,34:44.000,34:44.015,3,1255.0,817.0,1418.0,1042.0,55.0,1074.0,308.0,1353.0,765.0,1055.0,940.0,1296.0
63012,34:44.500,34:44.515,3,36.0,1078.0,295.0,1344.0,747.0,1034.0,922.0,1277.0,1242.0,863.0,1394.0,1079.0
63027,34:45.000,34:45.015,3,730.0,1015.0,908.0,1258.0,-16.0,1038.0,236.0,1320.0,1232.0,932.0,1364.0,1126.0
63042,34:45.500,34:45.515,3,-18.0,1058.0,227.0,1332.0,719.0,1016.0,893.0,1254.0,1250.0,941.0,1377.0,1131.0
63057,34:46.000,34:46.015,3,-23.0,979.0,223.0,1245.0,700.0,949.0,878.0,1192.0,1274.0,878.0,1410.0,1085.0
63072,34:46.500,34:46.515,3,731.0,901.0,904.0,1138.0,-4.0,908.0,250.0,1175.0,1264.0,816.0,1404.0,1027.0
63087,34:47.000,34:47.017,3,778.0,903.0,949.0,1140.0,54.0,906.0,301.0,1173.0,1289.0,797.0,1437.0,1019.0
63102,34:47.500,34:47.508,3,101.0,905.0,339.0,1170.0,811.0,926.0,978.0,1159.0,1323.0,822.0,1471.0,1035.0
63117,34:48.000,34:48.008,3,34.0,971.0,286.0,1227.0,764.0,951.0,934.0,1184.0,1306.0,807.0,1453.0,1025.0
63132,34:48.500,34:48.508,3,-16.0,981.0,231.0,1243.0,732.0,935.0,908.0,1176.0,1243.0,793.0,1391.0,1012.0
63147,34:49.000,34:49.008,3,-17.0,956.0,228.0,1220.0,736.0,924.0,908.0,1160.0,1230.0,762.0,1374.0,987.0
63162,34:49.500,34:49.508,3,-6.0,979.0,240.0,1233.0,730.0,928.0,903.0,1166.0,1213.0,748.0,1365.0,973.0
63177,34:50.000,34:50.008,3,10.0,967.0,259.0,1225.0,1206.0,739.0,1354.0,965.0,728.0,918.0,900.0,1161.0
63192,34:50.500,34:50.508,3,760.0,929.0,929.0,1166.0,54.0,975.0,304.0,1232.0,1228.0,756.0,1379.0,972.0
63207,34:51.000,34:51.010,3,73.0,1006.0,321.0,1259.0,770.0,943.0,939.0,1179.0,1260.0,761.0,1406.0,975.0
63222,34:51.500,34:51.510,3,451.0,1181.0,672.0,1412.0,1035.0,968.0,1216.0,1168.0,1424.0,621.0,1587.0,827.0
63237,34:52.000,34:52.010,2,1367.0,681.0,1578.0,855.0,1129.0,1092.0,1316.0,1265.0,,,,
63252,34:52.500,34:52.510,2,1497.0,619.0,1722.0,797.0,1323.0,1017.0,1513.0,1184.0,,,,
63267,34:53.000,34:53.010,2,1330.0,1059.0,1515.0,1223.0,1485.0,756.0,1717.0,913.0,,,,
63282,34:53.500,34:53.510,2,1670.0,907.0,1863.0,1133.0,1299.0,1209.0,1478.0,1427.0,,,,
63297,34:54.000,34:54.010,3,1788.0,1121.0,1985.0,1389.0,683.0,1337.0,875.0,1512.0,1318.0,1314.0,1494.0,1506.0
63312,34:54.500,34:54.510,3,1571.0,1277.0,1743.0,1506.0,560.0,944.0,740.0,1140.0,1098.0,1234.0,1273.0,1448.0
63327,34:55.000,34:55.012,3,1496.0,1269.0,1690.0,1488.0,642.0,646.0,821.0,837.0,1057.0,1109.0,1261.0,1293.0
63342,34:55.500,34:55.512,3,1571.0,1217.0,1768.0,1427.0,747.0,548.0,932.0,742.0,1124.0,1019.0,1332.0,1212.0
63357,34:56.000,34:56.012,3,1551.0,1201.0,1747.0,1413.0,716.0,554.0,896.0,748.0,1109.0,1021.0,1305.0,1208.0
63372,34:56.500,34:56.512,3,1507.0,1093.0,1680.0,1324.0,544.0,692.0,725.0,887.0,1055.0,1039.0,1220.0,1227.0
63387,34:57.000,34:57.012,3,1726.0,1002.0,1901.0,1246.0,669.0,940.0,843.0,1157.0,1248.0,1092.0,1410.0,1301.0
63402,34:57.500,34:57.512,3,2017.0,820.0,2226.0,1076.0,945.0,1092.0,1118.0,1297.0,1539.0,1045.0,1715.0,1271.0
63417,34:58.000,34:58.012,3,2075.0,680.0,2305.0,928.0,1648.0,1005.0,1831.0,1234.0,1072.0,1175.0,1251.0,1378.0
63432,34:58.500,34:58.512,3,1914.0,585.0,2145.0,813.0,1065.0,1258.0,1249.0,1467.0,1605.0,1007.0,1782.0,1210.0
63447,34:59.000,34:59.012,2,1512.0,699.0,1726.0,875.0,1352.0,1139.0,1534.0,1321.0,,,,
63462,34:59.500,34:59.513,2,1580.0,671.0,1802.0,855.0,1383.0,1113.0,1571.0,1297.0,,,,
63477,35:00.000,35:00.013,3,1512.0,1115.0,1696.0,1314.0,1793.0,704.0,2043.0,891.0,1009.0,1388.0,1187.0,1511.0
63492,35:00.500,35:00.513,2,1479.0,1220.0,1658.0,1451.0,1884.0,914.0,2104.0,1131.0,,,,
63507,35:01.000,35:01.013,2,1695.0,1185.0,1889.0,1449.0,622.0,1307.0,821.0,1516.0,,,,
63522,35:01.500,35:01.513,3,1037.0,1237.0,1203.0,1479.0,1516.0,1269.0,1684.0,1504.0,503.0,1008.0,699.0,1232.0
63537,35:02.000,35:02.013,3,539.0,546.0,737.0,769.0,1300.0,1216.0,1476.0,1438.0,908.0,1034.0,1086.0,1223.0
63552,35:02.500,35:02.513,3,705.0,559.0,899.0,771.0,1015.0,1060.0,1207.0,1236.0,1472.0,1381.0,1645.0,1504.0
63567,35:03.000,35:03.013,3,735.0,548.0,928.0,746.0,1042.0,1033.0,1229.0,1224.0,1493.0,1374.0,1667.0,1504.0
63582,35:03.500,35:03.515,2,585.0,713.0,774.0,924.0,949.0,1152.0,1117.0,1340.0,,,,
63597,35:04.000,35:04.015,3,985.0,1246.0,1152.0,1486.0,491.0,985.0,690.0,1198.0,1514.0,1352.0,1680.0,1510.0
63612,35:04.500,35:04.515,3,1715.0,1143.0,1896.0,1392.0,1195.0,1192.0,1360.0,1427.0,710.0,1046.0,889.0,1274.0
63627,35:05.000,35:05.015,3,2026.0,982.0,2241.0,1248.0,1497.0,1139.0,1671.0,1380.0,1057.0,1097.0,1241.0,1320.0
63642,35:05.500,35:05.515,3,1909.0,752.0,2130.0,1000.0,1020.0,1164.0,1199.0,1380.0,1507.0,1056.0,1684.0,1279.0
63657,35:06.000,35:06.015,2,1464.0,1134.0,1667.0,1327.0,1651.0,712.0,1881.0,898.0,,,,
63672,35:06.500,35:06.515,2,1519.0,704.0,1742.0,871.0,1372.0,1119.0,1579.0,1294.0,,,,
63687,35:07.000,35:07.007,2,1499.0,793.0,1729.0,967.0,1345.0,1197.0,1536.0,1371.0,,,,
63702,35:07.500,35:07.508,2,1426.0,1004.0,1641.0,1187.0,1178.0,1312.0,1361.0,1503.0,,,,
63717,35:08.000,35:08.008,2,1360.0,1060.0,1533.0,1293.0,955.0,1276.0,1138.0,1508.0,,,,
63732,35:08.500,35:08.508,3,81.0,1049.0,317.0,1311.0,1212.0,1089.0,1376.0,1327.0,767.0,1157.0,940.0,1400.0
63747,35:09.000,35:09.008,3,1186.0,1076.0,1340.0,1305.0,765.0,1070.0,932.0,1298.0,126.0,859.0,351.0,1096.0
63762,35:09.500,35:09.508,3,300.0,764.0,513.0,978.0,821.0,1067.0,984.0,1282.0,1233.0,1145.0,1390.0,1363.0
63777,35:10.000,35:10.008,3,707.0,722.0,885.0,919.0,1418.0,1300.0,1593.0,1507.0,1049.0,1140.0,1221.0,1334.0
63792,35:10.500,35:10.508,2,1250.0,1295.0,1428.0,1501.0,874.0,898.0,1039.0,1092.0,,,,
63807,35:11.000,35:11.008,1,1185.0,1186.0,1361.0,1422.0,,,,,,,,
63822,35:11.500,35:11.508,3,1680.0,1166.0,1884.0,1407.0,2123.0,880.0,2391.0,1124.0,1121.0,1310.0,1304.0,1505.0
63837,35:12.000,35:12.010,2,1625.0,719.0,1849.0,897.0,1408.0,1088.0,1592.0,1264.0,,,,
63852,35:12.500,35:12.510,2,1480.0,655.0,1705.0,822.0,1303.0,1049.0,1492.0,1217.0,,,,
63867,35:13.000,35:13.010,2,1462.0,725.0,1672.0,898.0,1244.0,1096.0,1439.0,1271.0,,,,
63882,35:13.500,35:13.510,3,1455.0,854.0,1649.0,1064.0,1124.0,1118.0,1291.0,1327.0,524.0,1270.0,737.0,1509.0
63897,35:14.000,35:14.010,3,229.0,751.0,451.0,990.0,819.0,935.0,980.0,1153.0,1257.0,931.0,1412.0,1142.0
63912,35:14.500,35:14.510,3,1260.0,935.0,1419.0,1151.0,403.0,448.0,613.0,671.0,850.0,826.0,1008.0,1007.0
63927,35:15.000,35:15.010,3,618.0,257.0,832.0,485.0,1330.0,908.0,1500.0,1118.0,954.0,725.0,1120.0,897.0
63942,35:15.500,35:15.510,3,1365.0,904.0,1544.0,1105.0,686.0,242.0,892.0,460.0,1006.0,686.0,1178.0,865.0
63957,35:16.000,35:16.012,3,1378.0,959.0,1553.0,1171.0,635.0,437.0,833.0,640.0,1000.0,803.0,1159.0,981.0
63972,35:16.500,35:16.512,3,1427.0,989.0,1589.0,1215.0,998.0,967.0,1155.0,1178.0,525.0,767.0,715.0,993.0
63987,35:17.000,35:17.012,3,1640.0,847.0,1813.0,1083.0,714.0,1016.0,897.0,1238.0,1222.0,1005.0,1387.0,1229.0
64002,35:17.500,35:17.512,3,1773.0,611.0,1986.0,818.0,1007.0,1143.0,1187.0,1363.0,1450.0,944.0,1634.0,1139.0
64017,35:18.000,35:18.012,2,1508.0,596.0,1716.0,770.0,1324.0,1004.0,1521.0,1173.0,,,,
64032,35:18.500,35:18.512,2,1469.0,714.0,1667.0,896.0,1220.0,1075.0,1403.0,1250.0,,,,
64047,35:19.000,35:19.012,3,1571.0,776.0,1758.0,1000.0,679.0,1139.0,875.0,1375.0,1212.0,1012.0,1385.0,1234.0
64062,35:19.500,35:19.512,3,497.0,806.0,687.0,1023.0,1472.0,910.0,1629.0,1148.0,1026.0,945.0,1186.0,1164.0
64077,35:20.000,35:20.013,3,1522.0,1050.0,1687.0,1279.0,682.0,621.0,863.0,820.0,1097.0,923.0,1250.0,1115.0
64092,35:20.500,35:20.513,3,1715.0,1193.0,1920.0,1426.0,1005.0,559.0,1182.0,742.0,1316.0,943.0,1489.0,1133.0
64107,35:21.000,35:21.013,2,1728.0,1306.0,1930.0,1508.0,1301.0,1080.0,1467.0,1264.0,,,,
64122,35:21.500,35:21.513,2,1759.0,1110.0,1947.0,1366.0,1282.0,1071.0,1441.0,1290.0,,,,
64137,35:22.000,35:22.013,3,1657.0,839.0,1851.0,1083.0,1249.0,1050.0,1415.0,1278.0,726.0,1321.0,897.0,1430.0
64152,35:22.500,35:22.513,2,1465.0,688.0,1683.0,874.0,1248.0,1082.0,1437.0,1261.0,,,,
64167,35:23.000,35:23.013,2,1442.0,772.0,1658.0,957.0,1211.0,1171.0,1403.0,1340.0,,,,
64182,35:23.500,35:23.513,3,1136.0,1132.0,1303.0,1370.0,1555.0,951.0,1731.0,1197.0,551.0,1307.0,754.0,1500.0
64197,35:24.000,35:24.013,3,1400.0,1185.0,1562.0,1421.0,955.0,1080.0,1110.0,1294.0,467.0,809.0,666.0,1022.0
64212,35:24.500,35:24.515,2,645.0,694.0,831.0,913.0,970.0,1190.0,1167.0,1399.0,,,,
64227,35:25.000,35:25.015,3,488.0,975.0,668.0,1183.0,1100.0,1226.0,1264.0,1458.0,1563.0,1329.0,1746.0,1514.0
64242,35:25.500,35:25.515,3,1915.0,774.0,2101.0,1025.0,1390.0,1064.0,1566.0,1287.0,824.0,1232.0,1009.0,1446.0
64257,35:26.000,35:26.015,2,1407.0,659.0,1620.0,842.0,1250.0,1106.0,1454.0,1288.0,,,,
64272,35:26.500,35:26.515,2,1508.0,1229.0,1720.0,1467.0,1814.0,1023.0,2019.0,1190.0,,,,
64287,35:27.000,35:27.015,1,903.0,1216.0,1077.0,1410.0,,,,,,,,
64302,35:27.500,35:27.507,1,1137.0,943.0,1308.0,1098.0,,,,,,,,
64317,35:28.000,35:28.007,1,1091.0,909.0,1237.0,1099.0,,,,,,,,
64332,35:28.500,35:28.508,2,1049.0,922.0,1222.0,1103.0,1392.0,1383.0,1561.0,1511.0,,,,
64347,35:29.000,35:29.008,2,1169.0,923.0,1361.0,1128.0,1471.0,1367.0,1656.0,1509.0,,,,
64362,35:29.500,35:29.508,3,1491.0,1154.0,1662.0,1380.0,2025.0,1305.0,2261.0,1507.0,1112.0,939.0,1294.0,1116.0
64377,35:30.000,35:30.008,3,1621.0,1022.0,1789.0,1255.0,663.0,908.0,846.0,1134.0,1152.0,1074.0,1313.0,1299.0
64392,35:30.500,35:30.508,3,427.0,910.0,620.0,1139.0,1497.0,974.0,1658.0,1199.0,1038.0,1068.0,1201.0,1288.0
64407,35:31.000,35:31.008,3,1317.0,913.0,1470.0,1128.0,858.0,1004.0,1027.0,1230.0,99.0,998.0,301.0,1217.0
64422,35:31.500,35:31.508,3,968.0,1026.0,1131.0,1256.0,339.0,958.0,548.0,1194.0,1425.0,938.0,1579.0,1156.0
64437,35:32.000,35:32.008,3,1473.0,896.0,1631.0,1118.0,525.0,968.0,714.0,1191.0,1013.0,975.0,1173.0,1202.0
64452,35:32.500,35:32.508,3,470.0,894.0,666.0,1129.0,1043.0,955.0,1201.0,1180.0,1501.0,882.0,1661.0,1107.0
64467,35:33.000,35:33.010,3,1506.0,883.0,1667.0,1107.0,1048.0,984.0,1204.0,1208.0,423.0,966.0,588.0,1187.0
64482,35:33.500,35:33.510,3,532.0,977.0,725.0,1202.0,1526.0,914.0,1689.0,1142.0,1073.0,1013.0,1229.0,1240.0
64497,35:34.000,35:34.010,3,527.0,966.0,720.0,1192.0,1089.0,1014.0,1249.0,1236.0,1521.0,919.0,1686.0,1147.0
64512,35:34.500,35:34.510,3,548.0,956.0,737.0,1188.0,1546.0,927.0,1711.0,1154.0,1097.0,1012.0,1258.0,1236.0
64527,35:35.000,35:35.010,3,1572.0,924.0,1737.0,1150.0,554.0,970.0,743.0,1191.0,1105.0,1002.0,1263.0,1223.0
64542,35:35.500,35:35.510,3,1045.0,1013.0,1205.0,1240.0,1533.0,931.0,1696.0,1160.0,475.0,978.0,673.0,1217.0
64557,35:36.000,35:36.010,3,693.0,1060.0,868.0,1302.0,-6.0,1068.0,244.0,1338.0,1184.0,946.0,1340.0,1166.0
64572,35:36.500,35:36.510,3,-13.0,1182.0,234.0,1447.0,695.0,1092.0,869.0,1330.0,1146.0,925.0,1306.0,1146.0
64587,35:37.000,35:37.012,3,1025.0,1145.0,1202.0,1368.0,1396.0,878.0,1579.0,1087.0,436.0,1341.0,662.0,1518.0
64602,35:37.500,35:37.512,3,1417.0,827.0,1597.0,1026.0,1064.0,1108.0,1242.0,1322.0,505.0,1326.0,717.0,1512.0
64617,35:38.000,35:38.012,3,1007.0,1049.0,1171.0,1280.0,1448.0,866.0,1619.0,1104.0,412.0,1090.0,619.0,1345.0
64632,35:38.500,35:38.512,3,1502.0,973.0,1662.0,1213.0,486.0,842.0,678.0,1074.0,1025.0,984.0,1183.0,1208.0
64647,35:39.000,35:39.012,3,1571.0,1095.0,1738.0,1335.0,1139.0,1003.0,1299.0,1217.0,682.0,755.0,860.0,955.0
64662,35:39.500,35:39.512,3,1492.0,1034.0,1653.0,1276.0,1051.0,1006.0,1209.0,1227.0,535.0,827.0,725.0,1046.0
64677,35:40.000,35:40.012,3,1540.0,992.0,1706.0,1224.0,557.0,890.0,746.0,1113.0,1092.0,1014.0,1251.0,1236.0
64692,35:40.500,35:40.512,3,1799.0,967.0,1982.0,1209.0,1319.0,1005.0,1480.0,1229.0,803.0,909.0,979.0,1125.0
64707,35:41.000,35:41.013,3,1695.0,949.0,1874.0,1187.0,1249.0,1005.0,1409.0,1226.0,725.0,922.0,903.0,1140.0
64722,35:41.500,35:41.513,3,1635.0,958.0,1810.0,1194.0,1183.0,1011.0,1341.0,1231.0,651.0,928.0,834.0,1153.0
64737,35:42.000,35:42.013,3,624.0,901.0,810.0,1128.0,1619.0,933.0,1790.0,1166.0,1164.0,986.0,1324.0,1206.0
64752,35:42.500,35:42.513,3,1616.0,880.0,1785.0,1111.0,620.0,859.0,805.0,1081.0,1161.0,933.0,1320.0,1154.0
64767,35:43.000,35:43.013,3,1562.0,872.0,1726.0,1093.0,571.0,861.0,759.0,1088.0,1117.0,930.0,1275.0,1146.0
64782,35:43.500,35:43.513,3,563.0,878.0,751.0,1094.0,1106.0,927.0,1266.0,1147.0,1546.0,865.0,1708.0,1087.0
64797,35:44.000,35:44.013,3,1540.0,859.0,1703.0,1082.0,563.0,858.0,749.0,1081.0,1106.0,919.0,1266.0,1137.0
64812,35:44.500,35:44.513,3,588.0,840.0,775.0,1067.0,1550.0,861.0,1714.0,1085.0,1128.0,921.0,1284.0,1136.0
64827,35:45.000,35:45.015,3,616.0,835.0,799.0,1063.0,1595.0,867.0,1762.0,1098.0,1162.0,922.0,1318.0,1140.0
64842,35:45.500,35:45.515,3,643.0,837.0,824.0,1058.0,1619.0,881.0,1784.0,1109.0,1174.0,918.0,1331.0,1135.0
64857,35:46.000,35:46.015,3,1609.0,850.0,1776.0,1084.0,647.0,801.0,825.0,1032.0,1175.0,896.0,1331.0,1109.0
64872,35:46.500,35:46.507,3,649.0,800.0,831.0,1024.0,1617.0,841.0,1787.0,1072.0,1179.0,888.0,1335.0,1102.0
64887,35:47.000,35:47.007,3,1681.0,835.0,1853.0,1062.0,714.0,782.0,892.0,1007.0,1238.0,875.0,1394.0,1086.0
64902,35:47.500,35:47.507,3,1700.0,790.0,1872.0,1022.0,1254.0,824.0,1411.0,1036.0,738.0,741.0,912.0,950.0
64917,35:48.000,35:48.007,3,1793.0,581.0,1975.0,814.0,1331.0,616.0,1489.0,832.0,817.0,529.0,987.0,740.0
64932,35:48.500,35:48.507,3,1803.0,583.0,1989.0,826.0,829.0,532.0,1000.0,740.0,1347.0,624.0,1507.0,835.0
64947,35:49.000,35:49.007,3,1764.0,598.0,1946.0,833.0,790.0,559.0,965.0,776.0,1318.0,652.0,1475.0,865.0
64962,35:49.500,35:49.508,3,1710.0,773.0,1885.0,1010.0,735.0,747.0,909.0,954.0,1261.0,823.0,1416.0,1034.0
64977,35:50.000,35:50.008,3,1682.0,913.0,1856.0,1144.0,702.0,899.0,880.0,1125.0,1238.0,974.0,1396.0,1192.0
64992,35:50.500,35:50.508,3,1809.0,910.0,1993.0,1149.0,813.0,890.0,986.0,1116.0,1351.0,967.0,1513.0,1190.0
65007,35:51.000,35:51.008,3,1786.0,864.0,1969.0,1103.0,1326.0,914.0,1487.0,1134.0,740.0,846.0,916.0,1064.0
65022,35:51.500,35:51.508,3,1977.0,906.0,2179.0,1159.0,1480.0,939.0,1647.0,1163.0,918.0,840.0,1082.0,1046.0
65037,35:52.000,35:52.008,3,513.0,844.0,707.0,1079.0,1092.0,908.0,1252.0,1128.0,1513.0,843.0,1675.0,1061.0
65053,35:52.500,35:52.508,3,446.0,763.0,649.0,1002.0,1005.0,835.0,1163.0,1052.0,1429.0,766.0,1588.0,973.0
65083,35:53.000,35:53.008,3,1626.0,786.0,1795.0,1009.0,644.0,765.0,826.0,990.0,1176.0,854.0,1332.0,1067.0
65113,35:53.500,35:53.510,3,1960.0,805.0,2161.0,1052.0,947.0,711.0,1111.0,917.0,1447.0,842.0,1612.0,1060.0
65143,35:54.000,35:54.010,3,2117.0,851.0,2339.0,1115.0,1558.0,864.0,1730.0,1083.0,1015.0,725.0,1168.0,915.0
65173,35:54.500,35:54.510,3,1915.0,864.0,2113.0,1110.0,897.0,783.0,1064.0,1001.0,1398.0,986.0,1537.0,1167.0
65203,35:55.000,35:55.010,3,1620.0,875.0,1787.0,1105.0,630.0,856.0,814.0,1081.0,1140.0,1057.0,1287.0,1224.0
65233,35:55.500,35:55.510,3,320.0,783.0,535.0,1037.0,1360.0,818.0,1513.0,1034.0,871.0,971.0,1030.0,1175.0
65253,35:56.000,35:56.010,3,328.0,801.0,543.0,1055.0,1362.0,802.0,1516.0,1020.0,883.0,948.0,1044.0,1166.0
65269,35:56.500,35:56.510,3,450.0,829.0,650.0,1065.0,1460.0,815.0,1619.0,1032.0,981.0,952.0,1144.0,1165.0
65284,35:57.000,35:57.010,3,1661.0,801.0,1833.0,1022.0,690.0,827.0,869.0,1043.0,1203.0,914.0,1365.0,1122.0
65299,35:57.500,35:57.510,3,1596.0,707.0,1761.0,924.0,618.0,784.0,804.0,1007.0,1166.0,811.0,1326.0,1027.0
65314,35:58.000,35:58.012,3,1510.0,823.0,1672.0,1044.0,1076.0,897.0,1233.0,1109.0,516.0,894.0,704.0,1098.0
65329,35:58.500,35:58.512,2,1435.0,763.0,1591.0,971.0,1001.0,880.0,1159.0,1088.0,,,,
65344,35:59.000,35:59.012,3,1415.0,765.0,1569.0,977.0,985.0,859.0,1144.0,1068.0,427.0,911.0,622.0,1076.0
65359,35:59.500,35:59.512,3,1793.0,830.0,1968.0,1059.0,869.0,784.0,1040.0,984.0,1344.0,914.0,1503.0,1120.0
65374,36:00.000,36:00.012,3,509.0,731.0,696.0,947.0,1467.0,742.0,1619.0,955.0,1031.0,861.0,1187.0,1067.0
65389,36:00.500,36:00.512,3,319.0,773.0,528.0,1004.0,1327.0,774.0,1477.0,986.0,895.0,897.0,1052.0,1094.0
65404,36:01.000,36:01.012,3,1543.0,824.0,1711.0,1052.0,1074.0,937.0,1240.0,1165.0,504.0,969.0,696.0,1145.0
65419,36:01.500,36:01.512,3,1694.0,860.0,1881.0,1109.0,1171.0,919.0,1346.0,1160.0,558.0,912.0,769.0,1116.0
65434,36:02.000,36:02.013,3,1805.0,833.0,2001.0,1095.0,1253.0,894.0,1434.0,1144.0,527.0,790.0,738.0,1038.0
65449,36:02.500,36:02.513,3,912.0,913.0,1097.0,1165.0,1440.0,843.0,1618.0,1091.0,187.0,784.0,461.0,1086.0
65464,36:03.000,36:03.013,3,280.0,810.0,514.0,1078.0,1337.0,906.0,1508.0,1140.0,843.0,982.0,1024.0,1234.0
65479,36:03.500,36:03.513,3,1091.0,877.0,1260.0,1110.0,583.0,780.0,771.0,1004.0,1553.0,770.0,1724.0,996.0
65494,36:04.000,36:04.013,3,464.0,837.0,675.0,1084.0,1005.0,960.0,1172.0,1195.0,1454.0,904.0,1620.0,1127.0
65509,36:04.500,36:04.513,3,1228.0,942.0,1394.0,1168.0,1698.0,954.0,1875.0,1189.0,732.0,734.0,926.0,974.0
65524,36:05.000,36:05.013,3,1151.0,944.0,1323.0,1182.0,602.0,849.0,804.0,1091.0,1616.0,867.0,1791.0,1090.0
65539,36:05.500,36:05.513,3,238.0,928.0,479.0,1205.0,1314.0,776.0,1489.0,1014.0,889.0,938.0,1063.0,1178.0
65554,36:06.000,36:06.007,3,163.0,1064.0,407.0,1328.0,1234.0,799.0,1420.0,1036.0,816.0,1004.0,1000.0,1250.0
65570,36:06.500,36:06.632,3,844.0,1010.0,1026.0,1265.0,268.0,1063.0,495.0,1316.0,1266.0,807.0,1463.0,1057.0
65582,36:07.000,36:07.007,3,613.0,1099.0,801.0,1352.0,54.0,1184.0,275.0,1432.0,1518.0,698.0,1718.0,927.0
65597,36:07.500,36:07.507,3,1752.0,771.0,1942.0,1018.0,712.0,1011.0,886.0,1255.0,192.0,994.0,389.0,1228.0
65612,36:08.000,36:08.007,2,385.0,977.0,586.0,1234.0,1478.0,870.0,1632.0,1093.0,,,,
65627,36:08.500,36:08.507,2,286.0,926.0,493.0,1182.0,1373.0,834.0,1517.0,1040.0,,,,
65642,36:09.000,36:09.007,2,336.0,905.0,536.0,1155.0,1396.0,798.0,1537.0,1000.0,,,,
65657,36:09.500,36:09.507,3,746.0,881.0,912.0,1105.0,171.0,795.0,376.0,1016.0,1750.0,793.0,1911.0,1010.0
65672,36:10.000,36:10.007,3,2147.0,858.0,2351.0,1101.0,1061.0,932.0,1216.0,1147.0,590.0,846.0,756.0,1048.0
65687,36:10.500,36:10.508,2,1207.0,930.0,1361.0,1145.0,764.0,835.0,920.0,1031.0,,,,
65702,36:11.000,36:11.008,3,1843.0,844.0,2012.0,1065.0,820.0,920.0,981.0,1145.0,287.0,839.0,480.0,1058.0
65717,36:11.500,36:11.508,3,784.0,834.0,948.0,1061.0,224.0,751.0,421.0,980.0,1805.0,823.0,1966.0,1039.0
65732,36:12.000,36:12.008,3,1983.0,875.0,2163.0,1106.0,941.0,876.0,1098.0,1097.0,411.0,818.0,590.0,1022.0
65747,36:12.500,36:12.508,3,1096.0,851.0,1253.0,1067.0,2195.0,883.0,2399.0,1127.0,606.0,776.0,767.0,966.0
65762,36:13.000,36:13.008,3,2206.0,888.0,2412.0,1132.0,1105.0,866.0,1260.0,1080.0,617.0,788.0,780.0,978.0
65777,36:13.500,36:13.508,2,480.0,866.0,664.0,1105.0,1517.0,867.0,1665.0,1085.0,,,,
65792,36:14.000,36:14.008,2,329.0,876.0,530.0,1124.0,1393.0,827.0,1534.0,1034.0,,,,
65807,36:14.500,36:14.510,2,428.0,875.0,617.0,1120.0,1480.0,826.0,1622.0,1035.0,,,,
65822,36:15.000,36:15.010,2,377.0,869.0,572.0,1115.0,1455.0,811.0,1594.0,1018.0,,,,
65837,36:15.500,36:15.510,2,357.0,874.0,556.0,1125.0,1418.0,823.0,1558.0,1029.0,,,,
65852,36:16.000,36:16.010,3,796.0,887.0,960.0,1108.0,223.0,829.0,423.0,1061.0,1787.0,817.0,1950.0,1044.0
65867,36:16.500,36:16.510,3,1162.0,898.0,1315.0,1108.0,2247.0,863.0,2441.0,1115.0,686.0,836.0,844.0,1025.0
65882,36:17.000,36:17.010,3,2214.0,834.0,2416.0,1076.0,1119.0,854.0,1270.0,1064.0,637.0,786.0,799.0,976.0
65897,36:17.500,36:17.510,3,1093.0,837.0,1246.0,1051.0,2214.0,840.0,2413.0,1084.0,612.0,766.0,773.0,956.0
65912,36:18.000,36:18.010,3,2183.0,828.0,2383.0,1063.0,1069.0,825.0,1222.0,1037.0,586.0,752.0,750.0,943.0
65927,36:18.500,36:18.512,3,823.0,886.0,981.0,1105.0,280.0,806.0,470.0,1020.0,1871.0,862.0,2029.0,1070.0
65942,36:19.000,36:19.012,3,581.0,866.0,752.0,1098.0,-49.0,783.0,171.0,1021.0,1617.0,838.0,1763.0,1028.0
65957,36:19.500,36:19.512,3,570.0,867.0,745.0,1099.0,-63.0,780.0,159.0,1023.0,1610.0,840.0,1751.0,1032.0
65972,36:20.000,36:20.012,3,574.0,867.0,748.0,1102.0,-57.0,782.0,165.0,1020.0,1613.0,847.0,1758.0,1039.0
65987,36:20.500,36:20.512,3,576.0,855.0,748.0,1087.0,-59.0,775.0,161.0,1017.0,1611.0,820.0,1755.0,1014.0
66002,36:21.000,36:21.012,3,579.0,861.0,750.0,1091.0,-53.0,779.0,166.0,1019.0,1613.0,824.0,1757.0,1015.0
66017,36:21.500,36:21.512,3,579.0,866.0,751.0,1097.0,-56.0,783.0,166.0,1025.0,1613.0,833.0,1755.0,1028.0
66032,36:22.000,36:22.012,2,516.0,851.0,692.0,1086.0,1548.0,823.0,1690.0,1035.0,,,,
66047,36:22.500,36:22.512,2,527.0,820.0,704.0,1054.0,1552.0,808.0,1696.0,1022.0,,,,
66062,36:23.000,36:23.013,2,475.0,816.0,656.0,1048.0,1538.0,782.0,1679.0,998.0,,,,
66077,36:23.500,36:23.513,2,421.0,811.0,608.0,1049.0,1473.0,772.0,1613.0,980.0,,,,
66092,36:24.000,36:24.013,2,475.0,813.0,656.0,1046.0,1484.0,780.0,1624.0,993.0,,,,
66107,36:24.500,36:24.513,2,477.0,814.0,658.0,1048.0,1483.0,776.0,1626.0,988.0,,,,
66122,36:25.000,36:25.013,2,465.0,816.0,646.0,1051.0,1482.0,773.0,1623.0,972.0,,,,
66137,36:25.500,36:25.505,2,451.0,810.0,636.0,1049.0,1469.0,773.0,1611.0,984.0,,,,
66152,36:26.000,36:26.005,2,476.0,769.0,658.0,1002.0,1431.0,821.0,1560.0,1027.0,,,,
66167,36:26.500,36:26.505,3,360.0,616.0,543.0,826.0,898.0,737.0,1054.0,951.0,1859.0,818.0,2020.0,1042.0
66182,36:27.000,36:27.007,3,2157.0,831.0,2362.0,1078.0,1095.0,738.0,1248.0,952.0,600.0,620.0,763.0,817.0
66197,36:27.500,36:27.507,3,2114.0,812.0,2312.0,1057.0,1072.0,731.0,1225.0,944.0,565.0,617.0,730.0,812.0
66212,36:28.000,36:28.007,3,2017.0,813.0,2201.0,1045.0,1006.0,737.0,1160.0,950.0,486.0,621.0,657.0,825.0
66227,36:28.500,36:28.507,3,1915.0,810.0,2090.0,1033.0,931.0,747.0,1087.0,960.0,388.0,643.0,567.0,839.0
66242,36:29.000,36:29.007,3,1665.0,781.0,1824.0,994.0,86.0,639.0,298.0,865.0,714.0,752.0,879.0,969.0
66257,36:29.500,36:29.507,2,-18.0,722.0,209.0,990.0,1107.0,686.0,1251.0,885.0,,,,
66272,36:30.000,36:30.007,1,619.0,674.0,791.0,886.0,,,,,,,,
66287,36:30.500,36:30.507,0,,,,,,,,,,,,
66302,36:31.000,36:31.008,0,,,,,,,,,,,,
66317,36:31.500,36:31.508,0,,,,,,,,,,,,
66332,36:32.000,36:32.008,0,,,,,,,,,,,,
66347,36:32.500,36:32.508,1,725.0,1084.0,933.0,1270.0,,,,,,,,
66362,36:33.000,36:33.008,2,755.0,1214.0,934.0,1462.0,1639.0,856.0,1836.0,1055.0,,,,
66377,36:33.500,36:33.508,2,1650.0,1023.0,1832.0,1264.0,1155.0,1008.0,1304.0,1194.0,,,,
66392,36:34.000,36:34.008,2,1710.0,1038.0,1897.0,1284.0,1219.0,958.0,1369.0,1149.0,,,,
66407,36:34.500,36:34.508,2,1750.0,1048.0,1938.0,1295.0,1252.0,953.0,1401.0,1145.0,,,,
66422,36:35.000,36:35.008,2,1546.0,1004.0,1717.0,1232.0,1074.0,914.0,1220.0,1092.0,,,,
66437,36:35.500,36:35.510,2,82.0,920.0,307.0,1181.0,1207.0,952.0,1345.0,1158.0,,,,
66452,36:36.000,36:36.010,2,75.0,957.0,300.0,1219.0,1209.0,924.0,1346.0,1136.0,,,,
66467,36:36.500,36:36.510,3,1980.0,880.0,2157.0,1120.0,414.0,831.0,589.0,1031.0,944.0,923.0,1100.0,1134.0
66482,36:37.000,36:37.010,2,1481.0,921.0,1641.0,1137.0,1023.0,855.0,1168.0,1039.0,,,,
66497,36:37.500,36:37.510,2,1496.0,959.0,1660.0,1183.0,1046.0,896.0,1189.0,1083.0,,,,
66512,36:38.000,36:38.010,2,1477.0,938.0,1638.0,1159.0,1037.0,891.0,1185.0,1069.0,,,,
66527,36:38.500,36:38.510,2,1448.0,950.0,1608.0,1168.0,994.0,902.0,1141.0,1084.0,,,,
66542,36:39.000,36:39.010,1,1196.0,986.0,1352.0,1202.0,,,,,,,,
66557,36:39.500,36:39.512,2,513.0,988.0,683.0,1228.0,1563.0,812.0,1713.0,1029.0,,,,
66572,36:40.000,36:40.012,2,355.0,1060.0,551.0,1311.0,1426.0,837.0,1558.0,1046.0,,,,
66587,36:40.500,36:40.512,3,2064.0,771.0,2242.0,1025.0,992.0,892.0,1145.0,1098.0,514.0,824.0,682.0,1027.0
66602,36:41.000,36:41.012,2,1363.0,913.0,1519.0,1127.0,932.0,833.0,1080.0,1017.0,,,,
66617,36:41.500,36:41.512,3,2066.0,791.0,2271.0,1054.0,1495.0,864.0,1661.0,1078.0,1024.0,777.0,1190.0,980.0
66632,36:42.000,36:42.012,3,1642.0,768.0,1805.0,1002.0,658.0,778.0,843.0,1001.0,1154.0,844.0,1312.0,1057.0
66647,36:42.500,36:42.512,3,1600.0,799.0,1761.0,1029.0,616.0,793.0,803.0,1016.0,1110.0,874.0,1269.0,1085.0
66662,36:43.000,36:43.012,3,486.0,772.0,686.0,1005.0,1482.0,783.0,1639.0,1004.0,998.0,845.0,1156.0,1059.0
66677,36:43.500,36:43.513,3,1729.0,883.0,1898.0,1117.0,737.0,825.0,918.0,1044.0,1212.0,920.0,1373.0,1137.0
66692,36:44.000,36:44.013,3,1048.0,837.0,1210.0,1060.0,1544.0,819.0,1705.0,1045.0,515.0,757.0,707.0,990.0
66707,36:44.500,36:44.513,3,492.0,762.0,689.0,983.0,1495.0,755.0,1649.0,969.0,1001.0,804.0,1158.0,1017.0
66722,36:45.000,36:45.005,3,859.0,766.0,1025.0,985.0,1344.0,698.0,1495.0,924.0,314.0,756.0,528.0,984.0
66737,36:45.500,36:45.505,3,1040.0,643.0,1207.0,859.0,515.0,606.0,712.0,811.0,1543.0,614.0,1708.0,848.0
66752,36:46.000,36:46.005,3,1668.0,610.0,1837.0,853.0,598.0,596.0,792.0,794.0,1143.0,638.0,1308.0,843.0
66767,36:46.500,36:46.505,3,546.0,655.0,742.0,868.0,1606.0,636.0,1785.0,880.0,1094.0,695.0,1255.0,900.0
66782,36:47.000,36:47.005,3,480.0,601.0,682.0,826.0,1506.0,627.0,1679.0,861.0,1005.0,685.0,1159.0,890.0
66797,36:47.500,36:47.505,2,437.0,500.0,643.0,736.0,983.0,619.0,1144.0,835.0,,,,
66812,36:48.000,36:48.007,2,612.0,519.0,802.0,736.0,1134.0,632.0,1299.0,835.0,,,,
66827,36:48.500,36:48.507,2,624.0,599.0,814.0,809.0,1139.0,736.0,1302.0,957.0,,,,
66849,36:49.000,36:49.248,0,,,,,,,,,,,,
66850,36:49.500,36:49.532,0,,,,,,,,,,,,
