time,faces_066,faces_067,faces_068,faces_069
38.67,0.0,,,
56.71,0.0,,,
56.74,0.0,,,
56.77,0.0,,,
56.81,0.0,,,
56.84,0.0,,,
56.87,0.0,,,
56.91,0.0,,,
56.94,0.0,,,
56.97,0.0,,,
57.01,0.0,,,
57.04,0.0,,,
57.07,0.0,,,
57.11,0.0,,,
57.14,0.0,,,
57.17,0.0,,,
57.21,0.0,,,
57.24,0.0,,,
57.27,0.0,,,
57.31,0.0,,,
57.34,0.0,,,
57.37,0.0,,,
57.41,0.0,,,
57.44,0.0,,,
57.47,0.0,,,
57.51,0.0,,,
57.54,0.0,,,
57.57,0.0,,,
57.61,0.0,,,
57.64,0.0,,,
57.67,0.0,,,
57.71,0.0,,,
57.74,0.0,,,
57.77,0.0,,,
57.81,0.0,,,
57.84,1.0,,,
57.87,1.0,,,
57.91,1.0,,,
57.94,1.0,,,
57.97,1.0,,,
58.01,1.0,,,
58.04,1.0,,,
58.07,1.0,,,
58.11,1.0,,,
58.14,1.0,,,
58.17,1.0,,,
58.21,1.0,,,
58.24,1.0,,,
58.27,1.0,,,
58.31,1.0,,,
58.34,1.0,,,
58.37,1.0,,,
58.41,1.0,,,
58.44,1.0,,,
58.47,1.0,,,
58.51,0.0,,,
58.54,0.0,,,
58.57,0.0,,,
58.61,0.0,,,
58.64,0.0,,,
58.67,0.0,,,
58.71,0.0,,,
58.74,0.0,,,
58.77,0.0,,,
58.81,0.0,,,
58.84,0.0,,,
58.87,0.0,,,
58.91,0.0,,,
58.94,0.0,,,
58.97,0.0,,,
59.01,0.0,,,
59.04,0.0,,,
59.07,0.0,,,
59.11,0.0,,,
59.14,0.0,,,
59.17,0.0,,,
59.21,0.0,,,
59.24,0.0,,,
59.27,0.0,,,
59.31,0.0,,,
59.34,0.0,,,
59.38,0.0,,,
59.41,0.0,,,
59.44,0.0,,,
59.47,0.0,,,
59.51,0.0,,,
59.54,0.0,,,
59.58,0.0,,,
59.61,0.0,,,
59.64,0.0,,,
59.68,0.0,,,
59.71,0.0,,,
59.74,0.0,,,
59.78,0.0,,,
59.81,0.0,,,
59.84,0.0,,,
59.88,0.0,,,
59.91,0.0,,,
59.94,0.0,,,
59.97,0.0,,,
60.01,0.0,,,
60.04,0.0,,,
60.08,0.0,,,
60.11,0.0,,,
60.14,0.0,,,
60.18,0.0,,,
60.21,0.0,,,
60.24,0.0,,,
60.28,0.0,,,
60.31,0.0,,,
60.34,0.0,,,
60.38,0.0,,,
60.41,0.0,,,
60.44,0.0,,,
60.47,0.0,,,
60.51,0.0,,,
60.54,0.0,,,
60.58,0.0,,,
60.61,0.0,,,
60.64,0.0,,,
60.68,0.0,,,
60.71,0.0,,,
61.01,0.0,,,
61.51,0.0,,,
62.0,0.0,,,
62.5,0.0,,,
63.0,0.0,,,
63.5,0.0,,,
64.0,0.0,,,
64.5,0.0,,,
65.0,0.0,,,
65.5,0.0,,,
66.0,0.0,,,
66.5,0.0,,,
67.0,0.0,,,
67.5,0.0,,,
68.0,0.0,,,
68.5,0.0,,,
69.0,0.0,,,
69.5,0.0,,,
70.0,1.0,,,
70.5,0.0,,,
71.0,0.0,,,
71.5,0.0,,,
72.0,0.0,,,
72.5,0.0,,,
73.0,0.0,,,
73.5,0.0,,,
74.0,0.0,,,
74.5,0.0,,,
75.0,1.0,,,
75.51,2.0,,,
76.01,2.0,,,
76.51,2.0,,,
77.01,1.0,,,
77.51,2.0,,,
78.01,1.0,,,
78.51,0.0,,,
79.01,1.0,,,
79.51,1.0,,,
80.01,0.0,,,
80.51,0.0,,,
81.0,0.0,,,
81.5,0.0,,,
82.0,0.0,,,
82.5,0.0,,,
83.0,0.0,,,
83.5,0.0,,,
84.0,1.0,,,
84.5,1.0,,,
85.0,1.0,,,
85.5,0.0,,,
86.0,0.0,,,
86.5,0.0,,,
87.0,0.0,,,
87.5,0.0,,,
88.0,0.0,,,
88.5,0.0,,,
89.0,0.0,,,
89.5,0.0,,,
90.0,0.0,,,
90.5,0.0,,,
91.0,0.0,,,
91.5,0.0,,,
92.0,0.0,,,
92.5,0.0,,,
93.0,0.0,,,
93.5,0.0,,,
94.0,0.0,,,
94.5,0.0,,,
95.0,0.0,,,
95.51,0.0,,,
96.01,0.0,,,
96.51,0.0,,,
97.01,0.0,,,
97.51,1.0,,,
98.01,1.0,,,
98.51,1.0,,,
99.01,1.0,,,
99.51,1.0,,,
100.0,0.0,,,
100.5,0.0,,,
101.0,1.0,,,
101.5,1.0,,,
102.0,1.0,,,
102.5,1.0,,,
103.0,1.0,,,
103.5,0.0,,,
104.0,0.0,,,
104.5,0.0,,,
105.0,1.0,,,
105.5,1.0,,,
106.0,1.0,,,
106.5,1.0,,,
107.0,1.0,,,
107.5,0.0,,,
108.0,1.0,,,
108.5,1.0,,,
109.0,1.0,,,
109.5,1.0,,,
110.0,1.0,,,
110.5,1.0,,,
111.0,1.0,,,
111.5,1.0,,,
112.0,1.0,,,
112.5,1.0,,,
113.0,1.0,,,
113.5,1.0,,,
114.0,1.0,,,
114.5,1.0,,,
115.01,1.0,,,
115.51,1.0,,,
116.01,1.0,,,
116.51,1.0,,,
117.01,1.0,,,
117.51,1.0,,,
118.04,1.0,,,
118.51,0.0,,,
119.01,0.0,,,
119.51,0.0,,,
120.01,0.0,,,
120.51,0.0,,,
121.0,0.0,,,
121.5,0.0,,,
122.0,0.0,,,
122.54,0.0,,,
122.67,,3.0,,
123.04,0.0,,,
123.54,1.0,,,
124.0,2.0,,,
124.5,3.0,,,
125.0,3.0,,,
125.5,3.0,,,
126.0,3.0,,,
126.5,3.0,,,
127.0,3.0,,,
127.5,3.0,,,
128.0,3.0,,,
128.5,3.0,,,
129.0,3.0,,,
129.5,3.0,,,
130.0,2.0,,,
130.5,3.0,,,
131.0,3.0,,,
131.5,3.0,,,
132.0,3.0,,,
132.5,3.0,,,
133.0,3.0,,,
133.5,3.0,,,
134.0,3.0,,,
134.5,3.0,,,
135.01,3.0,,,
135.51,1.0,,,
136.01,1.0,,,
136.51,2.0,,,
137.01,3.0,,,
137.51,3.0,,,
138.01,3.0,,,
138.51,2.0,,,
139.01,2.0,,,
139.51,2.0,,,
140.01,2.0,,,
140.51,3.0,,,
141.0,3.0,,,
141.5,3.0,,,
142.0,2.0,,,
142.5,2.0,,,
143.0,2.0,,,
143.5,2.0,,,
144.0,2.0,,,
144.5,2.0,,,
145.0,2.0,,,
145.5,2.0,,,
146.0,2.0,,,
146.5,2.0,,,
147.0,2.0,,,
147.5,2.0,,,
148.0,2.0,,,
148.5,0.0,,,
149.0,3.0,,,
149.5,3.0,,,
150.0,3.0,,,
150.5,3.0,,,
151.0,3.0,,,
151.5,3.0,,,
152.0,3.0,,,
152.51,3.0,,,
153.0,3.0,,,
153.5,3.0,,,
154.0,3.0,,,
154.5,3.0,,,
155.01,3.0,,,
155.51,3.0,,,
156.01,3.0,,,
156.51,3.0,,,
157.01,3.0,,,
157.51,3.0,,,
158.01,3.0,,,
158.51,3.0,,,
159.01,3.0,,,
159.51,3.0,,,
160.01,3.0,,,
160.5,3.0,,,
161.0,3.0,,,
161.5,3.0,,,
162.0,3.0,,,
162.5,3.0,,,
163.0,3.0,,,
163.5,3.0,,,
164.0,3.0,,,
164.5,3.0,,,
165.0,3.0,,,
165.5,3.0,,,
166.0,3.0,,,
166.5,3.0,,,
167.0,3.0,,,
167.5,3.0,,,
168.0,3.0,,,
168.5,3.0,,,
169.0,3.0,,,
169.5,3.0,,,
170.0,3.0,,,
170.5,3.0,,,
171.0,3.0,,,
171.5,3.0,,,
172.0,3.0,,,
172.5,3.0,,,
173.0,3.0,,,
173.5,3.0,,,
174.0,3.0,,,
174.5,3.0,,,
175.01,3.0,,,
175.51,3.0,,,
176.01,3.0,,,
176.51,3.0,,,
177.01,3.0,,,
177.51,3.0,,,
178.01,3.0,,,
178.51,3.0,,,
179.01,3.0,,,
179.51,3.0,,,
180.0,3.0,,,
180.5,3.0,,,
181.0,3.0,,,
181.5,3.0,,,
182.0,3.0,,,
182.5,3.0,,,
183.0,3.0,,,
183.5,3.0,,,
184.0,3.0,,,
184.5,3.0,,,
184.63,,3.0,,
184.66,,3.0,,
184.69,,3.0,,
184.73,,3.0,,
184.76,,3.0,,
184.79,,3.0,,
184.83,,3.0,,
184.86,,3.0,,
184.89,,3.0,,
184.93,,3.0,,
184.96,,3.0,,
184.99,,3.0,,
185.0,3.0,,,
185.03,,3.0,,
185.06,,3.0,,
185.09,,3.0,,
185.13,,3.0,,
185.16,,3.0,,
185.19,,3.0,,
185.23,,3.0,,
185.26,,3.0,,
185.3,,3.0,,
185.33,,3.0,,
185.36,,3.0,,
185.4,,3.0,,
185.43,,3.0,,
185.46,,3.0,,
185.5,3.0,3.0,,
185.53,,3.0,,
185.56,,3.0,,
185.6,,3.0,,
185.63,,3.0,,
185.65,,3.0,,
185.69,,3.0,,
185.72,,3.0,,
185.75,,3.0,,
185.79,,3.0,,
185.82,,3.0,,
185.85,,3.0,,
185.89,,3.0,,
185.92,,3.0,,
185.95,,3.0,,
185.99,,3.0,,
186.0,3.0,,,
186.02,,3.0,,
186.05,,3.0,,
186.09,,3.0,,
186.12,,3.0,,
186.15,,3.0,,
186.19,,3.0,,
186.22,,3.0,,
186.25,,3.0,,
186.29,,3.0,,
186.32,,3.0,,
186.35,,3.0,,
186.39,,3.0,,
186.42,,3.0,,
186.45,,3.0,,
186.49,,3.0,,
186.5,3.0,,,
186.52,,3.0,,
186.55,,3.0,,
186.59,,3.0,,
186.62,,3.0,,
186.65,,3.0,,
186.69,,3.0,,
186.72,,3.0,,
186.75,,3.0,,
186.79,,3.0,,
186.82,,3.0,,
186.85,,3.0,,
186.89,,3.0,,
186.92,,3.0,,
186.95,,3.0,,
186.99,,3.0,,
187.0,3.0,,,
187.02,,3.0,,
187.05,,3.0,,
187.09,,3.0,,
187.12,,3.0,,
187.15,,3.0,,
187.19,,3.0,,
187.22,,3.0,,
187.25,,3.0,,
187.29,,3.0,,
187.32,,3.0,,
187.35,,3.0,,
187.39,,3.0,,
187.42,,3.0,,
187.45,,3.0,,
187.49,,3.0,,
187.5,3.0,,,
187.52,,3.0,,
187.55,,3.0,,
187.59,,3.0,,
187.62,,3.0,,
187.65,,3.0,,
187.69,,3.0,,
187.72,,3.0,,
187.75,,3.0,,
187.79,,3.0,,
187.82,,3.0,,
187.85,,3.0,,
187.89,,3.0,,
187.92,,3.0,,
187.95,,3.0,,
187.99,,3.0,,
188.0,3.0,,,
188.02,,3.0,,
188.05,,3.0,,
188.09,,3.0,,
188.12,,3.0,,
188.15,,3.0,,
188.19,,3.0,,
188.22,,3.0,,
188.25,,3.0,,
188.29,,3.0,,
188.32,,3.0,,
188.35,,3.0,,
188.39,,3.0,,
188.42,,3.0,,
188.45,,3.0,,
188.49,,3.0,,
188.5,3.0,,,
188.52,,3.0,,
188.55,,3.0,,
188.59,,3.0,,
188.62,,3.0,,
188.65,,3.0,,
188.69,,3.0,,
188.72,,3.0,,
188.75,,3.0,,
188.79,,3.0,,
188.82,,3.0,,
188.85,,3.0,,
188.89,,3.0,,
188.92,,3.0,,
188.95,,3.0,,
188.99,,3.0,,
189.0,3.0,,,
189.02,,3.0,,
189.05,,3.0,,
189.09,,3.0,,
189.12,,3.0,,
189.15,,3.0,,
189.19,,3.0,,
189.22,,3.0,,
189.25,,3.0,,
189.29,,3.0,,
189.32,,3.0,,
189.35,,3.0,,
189.39,,3.0,,
189.42,,3.0,,
189.45,,3.0,,
189.49,,3.0,,
189.5,3.0,,,
189.52,,3.0,,
189.56,,3.0,,
189.59,,3.0,,
189.62,,3.0,,
189.65,,3.0,,
189.69,,3.0,,
189.72,,3.0,,
189.76,,3.0,,
189.79,,3.0,,
189.82,,3.0,,
189.86,,3.0,,
189.89,,3.0,,
189.92,,3.0,,
189.96,,3.0,,
189.99,,3.0,,
190.0,3.0,,,
190.02,,3.0,,
190.06,,3.0,,
190.09,,3.0,,
190.12,,3.0,,
190.15,,3.0,,
190.19,,3.0,,
190.22,,3.0,,
190.26,,3.0,,
190.29,,3.0,,
190.32,,3.0,,
190.36,,3.0,,
190.39,,3.0,,
190.42,,3.0,,
190.46,,3.0,,
190.49,,3.0,,
190.51,3.0,,,
190.52,,3.0,,
190.56,,3.0,,
190.59,,3.0,,
190.62,,3.0,,
190.65,,3.0,,
190.69,,3.0,,
190.72,,3.0,,
190.76,,3.0,,
190.79,,3.0,,
190.82,,3.0,,
190.86,,3.0,,
190.89,,3.0,,
190.92,,3.0,,
190.96,,3.0,,
190.99,,3.0,,
191.0,3.0,,,
191.02,,3.0,,
191.06,,3.0,,
191.09,,3.0,,
191.12,,3.0,,
191.15,,3.0,,
191.19,,3.0,,
191.22,,3.0,,
191.26,,3.0,,
191.29,,3.0,,
191.32,,3.0,,
191.36,,3.0,,
191.39,,3.0,,
191.42,,3.0,,
191.46,,3.0,,
191.49,,3.0,,
191.5,3.0,,,
191.52,,3.0,,
191.56,,3.0,,
191.59,,3.0,,
191.62,,3.0,,
191.65,,3.0,,
191.69,,3.0,,
191.72,,3.0,,
191.76,,3.0,,
191.79,,3.0,,
191.82,,3.0,,
191.86,,3.0,,
191.89,,3.0,,
191.92,,3.0,,
191.96,,3.0,,
191.99,,3.0,,
192.0,3.0,,,
192.02,,3.0,,
192.06,,3.0,,
192.09,,3.0,,
192.12,,3.0,,
192.15,,3.0,,
192.19,,3.0,,
192.22,,3.0,,
192.26,,3.0,,
192.29,,3.0,,
192.32,,3.0,,
192.36,,3.0,,
192.39,,3.0,,
192.42,,3.0,,
192.46,,3.0,,
192.49,,3.0,,
192.5,3.0,,,
192.52,,3.0,,
192.56,,3.0,,
192.59,,3.0,,
192.62,,3.0,,
192.65,,3.0,,
192.69,,3.0,,
192.72,,3.0,,
192.76,,3.0,,
192.79,,3.0,,
192.82,,3.0,,
192.86,,3.0,,
192.89,,3.0,,
192.92,,3.0,,
192.96,,3.0,,
192.99,,3.0,,
193.0,3.0,,,
193.02,,3.0,,
193.06,,3.0,,
193.09,,3.0,,
193.12,,3.0,,
193.15,,3.0,,
193.19,,3.0,,
193.22,,3.0,,
193.26,,3.0,,
193.29,,3.0,,
193.32,,3.0,,
193.36,,3.0,,
193.39,,3.0,,
193.42,,3.0,,
193.46,,3.0,,
193.49,,3.0,,
193.5,3.0,,,
193.52,,3.0,,
193.56,,3.0,,
193.59,,3.0,,
193.62,,3.0,,
193.65,,3.0,,
193.69,,3.0,,
193.72,,3.0,,
193.76,,3.0,,
193.79,,3.0,,
193.82,,3.0,,
193.86,,3.0,,
193.89,,3.0,,
193.92,,3.0,,
193.96,,3.0,,
193.99,,3.0,,
194.0,3.0,,,
194.02,,3.0,,
194.06,,3.0,,
194.09,,3.0,,
194.12,,3.0,,
194.16,,3.0,,
194.19,,3.0,,
194.22,,3.0,,
194.26,,3.0,,
194.29,,3.0,,
194.32,,3.0,,
194.36,,3.0,,
194.39,,3.0,,
194.42,,3.0,,
194.46,,3.0,,
194.49,,3.0,,
194.51,3.0,,,
194.52,,3.0,,
194.56,,3.0,,
194.59,,3.0,,
194.62,,3.0,,
194.66,,3.0,,
194.69,,3.0,,
194.72,,3.0,,
194.76,,3.0,,
194.79,,3.0,,
194.82,,3.0,,
194.86,,3.0,,
194.89,,3.0,,
194.92,,3.0,,
194.96,,3.0,,
194.99,,3.0,,
195.01,3.0,,,
195.02,,3.0,,
195.06,,3.0,,
195.09,,3.0,,
195.12,,3.0,,
195.16,,3.0,,
195.19,,3.0,,
195.22,,3.0,,
195.26,,3.0,,
195.29,,3.0,,
195.32,,3.0,,
195.36,,3.0,,
195.39,,3.0,,
195.42,,3.0,,
195.46,,3.0,,
195.49,,3.0,,
195.51,3.0,,,
195.52,,3.0,,
195.56,,3.0,,
195.59,,3.0,,
195.62,,3.0,,
195.66,,3.0,,
195.69,,3.0,,
195.72,,3.0,,
195.76,,3.0,,
195.79,,3.0,,
195.82,,3.0,,
195.86,,3.0,,
195.89,,3.0,,
195.92,,3.0,,
195.96,,3.0,,
195.99,,3.0,,
196.01,3.0,,,
196.02,,3.0,,
196.06,,3.0,,
196.09,,3.0,,
196.12,,3.0,,
196.16,,3.0,,
196.19,,3.0,,
196.22,,3.0,,
196.26,,3.0,,
196.29,,3.0,,
196.32,,3.0,,
196.36,,3.0,,
196.39,,3.0,,
196.42,,3.0,,
196.46,,3.0,,
196.49,,3.0,,
196.51,3.0,,,
196.52,,3.0,,
196.56,,3.0,,
196.59,,3.0,,
196.62,,3.0,,
196.66,,3.0,,
196.69,,3.0,,
196.72,,3.0,,
196.76,,3.0,,
196.79,,3.0,,
196.82,,3.0,,
196.86,,3.0,,
196.89,,3.0,,
196.92,,3.0,,
196.96,,3.0,,
196.99,,3.0,,
197.01,3.0,,,
197.02,,3.0,,
197.06,,3.0,,
197.09,,3.0,,
197.12,,3.0,,
197.16,,3.0,,
197.19,,3.0,,
197.22,,3.0,,
197.26,,3.0,,
197.29,,3.0,,
197.32,,3.0,,
197.36,,3.0,,
197.39,,3.0,,
197.42,,3.0,,
197.46,,3.0,,
197.49,,3.0,,
197.51,3.0,,,
197.52,,3.0,,
197.56,,3.0,,
197.59,,3.0,,
197.62,,3.0,,
197.66,,3.0,,
197.69,,3.0,,
197.72,,3.0,,
197.76,,3.0,,
198.01,3.0,,,
198.02,,3.0,,
198.51,3.0,,,
198.52,,3.0,,
199.01,3.0,,,
199.02,,3.0,,
199.5,3.0,,,
199.52,,2.0,,
200.0,3.0,,,
200.02,,3.0,,
200.5,3.0,,,
200.52,,3.0,,
201.0,3.0,,,
201.02,,3.0,,
201.5,3.0,,,
201.52,,3.0,,
202.0,3.0,,,
202.02,,3.0,,
202.5,3.0,,,
202.53,,3.0,,
203.0,3.0,,,
203.03,,3.0,,
203.5,3.0,,,
203.53,,3.0,,
204.0,3.0,,,
204.03,,3.0,,
204.5,3.0,,,
204.53,,3.0,,
205.0,3.0,,,
205.03,,3.0,,
205.5,3.0,,,
205.53,,3.0,,
206.0,3.0,,,
206.03,,3.0,,
206.5,3.0,,,
206.52,,3.0,,
207.0,3.0,,,
207.02,,3.0,,
207.5,3.0,,,
207.52,,3.0,,
208.0,3.0,,,
208.02,,3.0,,
208.5,3.0,,,
208.52,,3.0,,
209.0,3.0,,,
209.02,,3.0,,
209.5,3.0,,,
209.52,,3.0,,
210.0,3.0,,,
210.02,,3.0,,
210.5,3.0,,,
210.52,,3.0,,
211.0,3.0,,,
211.02,,3.0,,
211.5,3.0,,,
211.52,,3.0,,
212.0,3.0,,,
212.02,,3.0,,
212.5,3.0,,,
212.52,,3.0,,
213.0,3.0,,,
213.02,,3.0,,
213.5,3.0,,,
213.52,,3.0,,
214.0,3.0,,,
214.02,,3.0,,
214.51,3.0,,,
214.52,,3.0,,
215.01,3.0,,,
215.02,,2.0,,
215.51,3.0,,,
215.52,,2.0,,
216.01,3.0,,,
216.02,,2.0,,
216.51,3.0,,,
216.52,,2.0,,
217.01,3.0,,,
217.02,,2.0,,
217.51,3.0,,,
217.52,,2.0,,
218.01,3.0,,,
218.02,,2.0,,
218.5,3.0,,,
218.52,,2.0,,
219.0,3.0,,,
219.02,,2.0,,
219.5,3.0,,,
219.52,,2.0,,
220.0,3.0,,,
220.02,,2.0,,
220.5,3.0,,,
220.52,,2.0,,
221.0,3.0,,,
221.02,,2.0,,
221.5,3.0,,,
221.52,,2.0,,
222.0,3.0,,,
222.02,,2.0,,
222.5,3.0,,,
222.52,,3.0,,
223.0,3.0,,,
223.02,,3.0,,
223.5,3.0,,,
223.52,,3.0,,
224.0,3.0,,,
224.03,,3.0,,
224.5,3.0,,,
224.53,,3.0,,
225.0,3.0,,,
225.03,,3.0,,
225.5,3.0,,,
225.53,,3.0,,
226.0,3.0,,,
226.02,,3.0,,
226.5,3.0,,,
226.52,,3.0,,
227.0,3.0,,,
227.02,,3.0,,
227.5,3.0,,,
227.52,,3.0,,
228.0,3.0,,,
228.02,,3.0,,
228.5,3.0,,,
228.52,,3.0,,
229.0,3.0,,,
229.02,,3.0,,
229.5,3.0,,,
229.52,,3.0,,
230.0,3.0,,,
230.02,,3.0,,
230.51,3.0,,,
230.52,,3.0,,
231.0,3.0,,,
231.02,,3.0,,
231.5,3.0,,,
231.52,,3.0,,
232.0,3.0,,,
232.02,,3.0,,
232.5,3.0,,,
232.52,,3.0,,
233.0,3.0,,,
233.02,,3.0,,
233.5,3.0,,,
233.52,,3.0,,
234.0,3.0,,,
234.02,,3.0,,
234.51,3.0,,,
234.52,,3.0,,
235.01,3.0,,,
235.02,,3.0,,
235.51,3.0,,,
235.52,,3.0,,
236.01,3.0,,,
236.02,,3.0,,
236.51,3.0,,,
236.52,,3.0,,
237.01,3.0,,,
237.02,,3.0,,
237.52,,3.0,,
237.53,3.0,,,
238.02,,3.0,,
238.03,3.0,,,
238.5,3.0,,,
238.52,,3.0,,
239.0,3.0,,,
239.02,,3.0,,
239.5,3.0,,,
239.52,,3.0,,
240.0,3.0,,,
240.02,,3.0,,
240.5,3.0,,,
240.52,,3.0,,
241.0,3.0,,,
241.02,,3.0,,
241.5,3.0,,,
241.52,,2.0,,
242.0,3.0,,,
242.02,,2.0,,
242.5,3.0,,,
242.52,,2.0,,
243.0,3.0,,,
243.02,,2.0,,
243.5,3.0,,,
243.52,,2.0,,
244.0,3.0,,,
244.02,,2.0,,
244.5,3.0,,,
244.52,,2.0,,
245.0,3.0,,,
245.03,,2.0,,
245.5,3.0,,,
245.53,,2.0,,
246.0,3.0,,,
246.02,,2.0,,
246.5,3.0,,,
246.52,,2.0,,
247.0,3.0,,,
247.02,,3.0,,
247.5,3.0,,,
247.52,,3.0,,
248.0,3.0,,,
248.02,,3.0,,
248.5,3.0,,,
248.52,,3.0,,
249.0,2.0,,,
249.02,,3.0,,
249.5,2.0,,,
249.52,,3.0,,
250.0,2.0,,,
250.02,,3.0,,
250.5,3.0,,,
250.52,,2.0,,
251.0,3.0,,,
251.02,,3.0,,
251.5,3.0,,,
251.52,,2.0,,
252.0,3.0,,,3.0
252.02,,3.0,,
252.5,3.0,,,
252.52,,3.0,,
253.0,3.0,,,
253.02,,3.0,,
253.5,3.0,,,
253.52,,2.0,,
254.0,3.0,,,
254.02,,2.0,,
254.51,3.0,,,
254.52,,2.0,,
255.01,3.0,,,
255.02,,2.0,,
255.51,3.0,,,
255.52,,3.0,,
256.01,3.0,,,
256.02,,3.0,,
256.51,3.0,,,
256.52,,3.0,,
257.01,3.0,,,
257.02,,3.0,,
257.52,,3.0,,
257.53,3.0,,,
258.02,,3.0,,
258.03,3.0,,,
258.5,3.0,,,
258.52,,3.0,,
259.0,3.0,,,
259.02,,3.0,,
259.5,3.0,,,
259.52,,2.0,,
260.0,3.0,,,
260.02,,2.0,,
260.5,3.0,,,
260.52,,2.0,,
261.0,3.0,,,
261.02,,2.0,,
261.5,3.0,,,
261.52,,3.0,,
262.0,3.0,,,
262.02,,3.0,,
262.5,3.0,,,
262.52,,3.0,,
263.0,3.0,,,
263.02,,3.0,,
263.5,3.0,,,
263.52,,2.0,,
264.0,3.0,,,
264.02,,2.0,,
264.5,3.0,,,
264.52,,2.0,,
265.0,3.0,,,
265.02,,2.0,,
265.5,3.0,,,
265.52,,2.0,,
266.0,3.0,,,
266.02,,2.0,,
266.5,3.0,,,
266.52,,2.0,,
267.0,3.0,,,
267.02,,2.0,,
267.5,3.0,,,
267.52,,2.0,,
268.0,3.0,,,
268.02,,2.0,,
268.5,3.0,,,
268.52,,2.0,,
269.0,3.0,,,
269.02,,2.0,,
269.5,3.0,,,
269.52,,3.0,,
270.0,3.0,,,
270.02,,3.0,,
270.5,3.0,,,
270.52,,3.0,,
271.0,3.0,,,
271.02,,3.0,,
271.5,3.0,,,
271.52,,3.0,,
272.0,3.0,,,
272.02,,3.0,,
272.5,3.0,,,
272.52,,3.0,,
273.0,3.0,,,
273.02,,2.0,,
273.5,3.0,,,
273.52,,2.0,,
274.01,3.0,,,
274.02,,3.0,,
274.51,3.0,,,
274.52,,3.0,,
275.01,3.0,,,
275.02,,3.0,,
275.51,3.0,,,
275.52,,3.0,,
276.01,3.0,,,
276.02,,3.0,,
276.51,3.0,,,
276.52,,3.0,,
277.02,,3.0,,
277.03,3.0,,,
277.52,,2.0,,
277.53,3.0,,,
278.0,3.0,,,
278.02,,2.0,,
278.5,3.0,,,
278.52,,2.0,,
279.0,3.0,,,
279.02,,3.0,,
279.5,3.0,,,
279.52,,3.0,,
280.0,3.0,,,
280.02,,3.0,,
280.5,3.0,,,
280.52,,3.0,,
281.0,3.0,,,
281.02,,3.0,,
281.5,3.0,,,
281.52,,3.0,,
282.0,3.0,,,
282.02,,3.0,,
282.5,3.0,,,
282.52,,2.0,,
283.0,3.0,,,
283.02,,3.0,,
283.5,3.0,,,
283.52,,2.0,,
284.0,3.0,,,
284.02,,2.0,,
284.5,3.0,,,
284.52,,3.0,,
285.0,3.0,,,
285.02,,3.0,,
285.5,3.0,,,
285.52,,2.0,,
286.0,3.0,,,
286.02,,3.0,,
286.5,3.0,,,
286.52,,3.0,,
287.0,3.0,,,
287.02,,3.0,,
287.5,3.0,,,
287.52,,3.0,,
288.0,3.0,,,
288.02,,2.0,,
288.5,3.0,,,
288.52,,3.0,,
289.0,3.0,,,
289.02,,3.0,,
289.5,3.0,,,
289.52,,3.0,,
290.0,3.0,,,
290.02,,3.0,,
290.5,3.0,,,
290.52,,3.0,,
291.0,3.0,,,
291.02,,3.0,,
291.5,3.0,,,
291.52,,3.0,,
292.0,3.0,,,
292.02,,3.0,,
292.5,3.0,,,
292.52,,2.0,,
293.0,3.0,,,
293.02,,2.0,,
293.5,3.0,,,
293.52,,3.0,,
294.01,3.0,,,
294.02,,3.0,,
294.51,3.0,,,
294.52,,2.0,,
295.01,3.0,,,
295.02,,2.0,,
295.51,3.0,,,
295.52,,2.0,,
296.02,,2.0,,
296.03,3.0,,,
296.52,,2.0,,
296.53,3.0,,,
297.02,,2.0,,
297.03,3.0,,,
297.52,,3.0,,
297.53,3.0,,,
298.0,3.0,,,
298.02,,3.0,,
298.5,3.0,,,
298.52,,3.0,,
299.0,3.0,,,
299.02,,3.0,,
299.5,3.0,,,
299.52,,3.0,,
300.0,3.0,,,
300.02,,3.0,,
300.5,3.0,,,
300.52,,3.0,,
301.0,3.0,,,
301.02,,3.0,,
301.5,3.0,,,
301.52,,3.0,,
302.0,3.0,,,
302.02,,3.0,,
302.5,3.0,,,
302.52,,3.0,,
303.0,3.0,,,
303.02,,3.0,,
303.5,3.0,,,
303.52,,3.0,,
304.0,3.0,,,
304.02,,3.0,,
304.5,3.0,,,
304.52,,3.0,,
305.0,3.0,,,
305.02,,3.0,,
305.5,3.0,,,
305.52,,3.0,,
306.0,3.0,,,
306.02,,3.0,,
306.5,3.0,,,
306.52,,3.0,,
307.0,3.0,,,
307.02,,3.0,,
307.5,3.0,,,
307.52,,3.0,,
308.0,3.0,,,
308.02,,3.0,,
308.5,3.0,,,
308.52,,3.0,,
309.0,3.0,,,
309.02,,3.0,,
309.5,3.0,,,
309.52,,3.0,,
310.0,3.0,,,
310.02,,3.0,,
310.5,3.0,,,
310.52,,3.0,,
311.0,3.0,,,
311.02,,3.0,,
311.5,3.0,,,
311.52,,3.0,,
312.0,3.0,,,
312.02,,3.0,,
312.5,3.0,,,
312.52,,3.0,,
313.0,3.0,,,
313.02,,3.0,,
313.5,3.0,,,
313.52,,3.0,,
314.01,3.0,,,
314.02,,3.0,,
314.51,3.0,,,
314.52,,3.0,,
315.01,3.0,,,
315.02,,3.0,,
315.52,,3.0,,
315.53,3.0,,,
316.02,,3.0,,
316.03,3.0,,,
316.52,,3.0,,
316.53,3.0,,,
317.02,,3.0,,
317.03,3.0,,,
317.52,,3.0,,
317.53,3.0,,,
318.0,3.0,,,
318.02,,3.0,,
318.5,3.0,,,
318.52,,3.0,,
319.0,3.0,,,
319.02,,3.0,,
319.5,3.0,,,
319.52,,3.0,,
320.0,3.0,,,
320.02,,3.0,,
320.5,3.0,,,
320.52,,3.0,,
321.0,3.0,,,
321.02,,3.0,,
321.5,3.0,,,
321.52,,3.0,,
322.0,3.0,,,
322.02,,3.0,,
322.5,3.0,,,
322.52,,3.0,,
323.0,3.0,,,
323.02,,3.0,,
323.5,3.0,,,
323.52,,3.0,,
324.0,3.0,,,
324.02,,3.0,,
324.5,3.0,,,
324.52,,3.0,,
325.0,3.0,,,
325.02,,3.0,,
325.5,3.0,,,
325.52,,3.0,,
326.0,3.0,,,
326.02,,3.0,,
326.5,3.0,,,
326.52,,3.0,,
327.0,3.0,,,
327.02,,3.0,,
327.5,3.0,,,
327.52,,3.0,,
328.0,3.0,,,
328.02,,3.0,,
328.5,3.0,,,
328.52,,2.0,,
329.0,3.0,,,
329.02,,3.0,,
329.5,3.0,,,
329.52,,3.0,,
330.0,3.0,,,
330.02,,3.0,,
330.5,3.0,,,
330.52,,3.0,,
331.0,3.0,,,
331.02,,3.0,,
331.5,3.0,,,
331.52,,3.0,,
332.0,3.0,,,
332.02,,3.0,,
332.5,3.0,,,
332.52,,3.0,,
333.0,3.0,,,
333.02,,3.0,,
333.5,3.0,,,
333.52,,3.0,,
334.01,3.0,,,
334.02,,3.0,,
334.51,3.0,,,
334.52,,3.0,,
335.01,3.0,,,
335.02,,3.0,,
335.51,3.0,,,
335.52,,3.0,,
336.02,,3.0,,
336.03,3.0,,,
336.52,,3.0,,
336.53,3.0,,,
337.02,,3.0,,
337.03,3.0,,,
337.52,,3.0,,
337.53,3.0,,,
338.0,3.0,,,
338.02,,3.0,,
338.5,3.0,,,
338.52,,3.0,,
339.0,3.0,,,
339.02,,3.0,,
339.5,3.0,,,
339.52,,3.0,,
340.0,3.0,,,
340.02,,3.0,,
340.5,3.0,,,
340.52,,3.0,,
341.0,3.0,,,
341.02,,3.0,,
341.5,3.0,,,
341.52,,3.0,,
342.0,3.0,,,
342.02,,3.0,,
342.5,3.0,,,
342.52,,3.0,,
343.0,3.0,,,
343.02,,3.0,,
343.5,3.0,,,
343.52,,3.0,,
344.0,3.0,,,
344.02,,2.0,,
344.5,3.0,,,
344.52,,2.0,,
345.0,3.0,,,
345.02,,2.0,,
345.5,3.0,,,
345.52,,2.0,,
346.0,3.0,,,
346.02,,3.0,,
346.5,3.0,,,
346.52,,3.0,,
347.0,3.0,,,
347.02,,2.0,,
347.5,3.0,,,
347.52,,2.0,,
348.0,3.0,,,
348.02,,2.0,,
348.5,3.0,,,
348.52,,3.0,,
349.0,3.0,,,
349.02,,3.0,,
349.5,3.0,,,
349.52,,3.0,,
350.0,3.0,,,
350.02,,3.0,,
350.5,3.0,,,
350.52,,3.0,,
351.0,3.0,,,
351.02,,3.0,,
351.5,3.0,,,
351.52,,3.0,,
352.0,3.0,,,
352.02,,3.0,,
352.5,3.0,,,
352.52,,3.0,,
353.0,3.0,,,
353.02,,3.0,,
353.51,3.0,,,
353.52,,2.0,,
354.01,3.0,,,
354.02,,2.0,,
354.51,3.0,,,
354.52,,3.0,,
355.01,3.0,,,
355.02,,3.0,,
355.52,,3.0,,
355.53,3.0,,,
356.02,,3.0,,
356.03,3.0,,,
356.52,,3.0,,
356.53,3.0,,,
357.02,,2.0,,
357.03,3.0,,,
357.5,3.0,,,
357.52,,3.0,,
358.0,3.0,,,
358.02,,3.0,,
358.5,3.0,,,
358.52,,3.0,,
359.0,3.0,,,
359.02,,3.0,,
359.5,3.0,,,
359.52,,3.0,,
360.0,3.0,,,
360.02,,3.0,,
360.5,3.0,,,
360.52,,3.0,,
361.0,3.0,,,
361.02,,2.0,,
361.5,3.0,,,
361.52,,2.0,,
362.0,3.0,,,
362.02,,2.0,,
362.5,3.0,,,
362.52,,2.0,,
363.0,3.0,,,
363.02,,2.0,,
363.5,3.0,,,
363.52,,2.0,,
364.0,3.0,,,
364.02,,2.0,,
364.5,3.0,,,
364.52,,2.0,,
365.0,3.0,,,
365.02,,2.0,,
365.5,3.0,,,
365.52,,2.0,,
366.0,3.0,,,
366.02,,2.0,,
366.5,3.0,,,
366.52,,2.0,,
367.0,3.0,,,
367.02,,2.0,,
367.5,3.0,,,
367.52,,2.0,,
368.0,3.0,,,
368.02,,2.0,,
368.5,3.0,,,
368.52,,2.0,,
369.0,3.0,,,
369.02,,2.0,,
369.5,3.0,,,
369.52,,2.0,,
370.0,3.0,,,
370.02,,2.0,,
370.5,3.0,,,
370.52,,2.0,,
371.0,3.0,,,
371.02,,2.0,,
371.5,3.0,,,
371.52,,2.0,,
372.0,3.0,,,
372.02,,2.0,,
372.5,3.0,,,
372.52,,2.0,,
373.0,3.0,,,
373.02,,2.0,,
373.51,3.0,,,
373.52,,2.0,,
374.01,3.0,,,
374.02,,2.0,,
374.51,3.0,,,
374.52,,2.0,,
375.02,,2.0,,
375.03,3.0,,,
375.52,,2.0,,
375.53,2.0,,,
376.02,,2.0,,
376.03,2.0,,,
376.52,,2.0,,
376.53,2.0,,,
377.02,,2.0,,
377.03,2.0,,,
377.33,,,4.0,
377.5,3.0,,,
377.52,,2.0,,
378.0,3.0,,,
378.02,,2.0,,
378.5,3.0,,,
378.52,,2.0,,
379.0,3.0,,,
379.02,,2.0,,
379.5,3.0,,,
379.52,,2.0,,
380.0,3.0,,,
380.02,,2.0,,
380.5,3.0,,,
380.52,,2.0,,
381.0,3.0,,,
381.02,,2.0,,
381.5,3.0,,,
381.52,,2.0,,
382.0,3.0,,,
382.02,,2.0,,
382.5,3.0,,,
382.52,,2.0,,
383.0,3.0,,,
383.02,,2.0,,
383.5,3.0,,,
383.52,,2.0,,
383.82,,,,3.0
383.86,,,,3.0
383.89,,,,3.0
383.92,,,,3.0
383.96,,,,3.0
383.99,,,,3.0
384.0,3.0,,,
384.02,,2.0,,3.0
384.05,,,,3.0
384.09,,,,3.0
384.12,,,,3.0
384.16,,,,3.0
384.19,,,,3.0
384.22,,,,3.0
384.26,,,,3.0
384.29,,,,3.0
384.32,,,,3.0
384.36,,,,3.0
384.39,,,,3.0
384.42,,,,3.0
384.46,,,,3.0
384.49,,,,3.0
384.5,3.0,,,
384.52,,2.0,,3.0
384.55,,,,3.0
384.59,,,,3.0
384.62,,,,3.0
384.66,,,,3.0
384.69,,,,3.0
384.72,,,,3.0
384.76,,,,3.0
384.79,,,,3.0
384.82,,,,3.0
384.86,,,,3.0
384.89,,,,3.0
384.92,,,,3.0
384.96,,,,3.0
384.99,,,,3.0
385.0,3.0,,,
385.02,,2.0,,3.0
385.05,,,,3.0
385.09,,,,3.0
385.12,,,,3.0
385.16,,,,3.0
385.19,,,,3.0
385.22,,,,3.0
385.26,,,,3.0
385.29,,,,3.0
385.32,,,,3.0
385.36,,,,3.0
385.39,,,,3.0
385.42,,,,3.0
385.46,,,,3.0
385.49,,,,3.0
385.5,3.0,,,
385.52,,2.0,,3.0
385.55,,,,3.0
385.59,,,,3.0
385.62,,,,3.0
385.66,,,,3.0
385.69,,,,3.0
385.72,,,,3.0
385.76,,,,3.0
385.79,,,,3.0
385.82,,,,3.0
385.86,,,,3.0
385.89,,,,3.0
385.92,,,,3.0
385.96,,,,3.0
385.99,,,,3.0
386.0,3.0,,,
386.02,,2.0,,3.0
386.05,,,,3.0
386.09,,,,3.0
386.12,,,,3.0
386.16,,,,3.0
386.19,,,,3.0
386.22,,,,3.0
386.26,,,,3.0
386.29,,,,3.0
386.32,,,,3.0
386.36,,,,3.0
386.39,,,,3.0
386.42,,,,3.0
386.46,,,,3.0
386.49,,,,3.0
386.5,3.0,,,
386.52,,2.0,,3.0
386.55,,,,2.0
386.59,,,,2.0
386.62,,,,2.0
386.66,,,,2.0
386.69,,,,2.0
386.72,,,,2.0
386.76,,,,2.0
386.79,,,,2.0
386.82,,,,2.0
386.86,,,,2.0
386.89,,,,2.0
386.92,,,,2.0
386.96,,,,2.0
386.98,,,,2.0
387.0,3.0,,,2.0
387.02,,2.0,,2.0
387.05,,,,2.0
387.09,,,,2.0
387.12,,,,2.0
387.16,,,,2.0
387.19,,,,2.0
387.22,,,,2.0
387.26,,,,2.0
387.29,,,,2.0
387.32,,,,3.0
387.36,,,,3.0
387.39,,,,3.0
387.42,,,,3.0
387.46,,,,3.0
387.49,,,,3.0
387.5,3.0,,,
387.52,,2.0,,3.0
387.55,,,,3.0
387.59,,,,3.0
387.62,,,,3.0
387.66,,,,3.0
387.69,,,,3.0
387.72,,,,3.0
387.76,,,,3.0
387.79,,,,3.0
387.82,,,,3.0
387.86,,,,3.0
387.89,,,,3.0
387.92,,,,3.0
387.96,,,,3.0
387.99,,,,3.0
388.0,3.0,,,
388.02,,2.0,,3.0
388.06,,,,3.0
388.09,,,,3.0
388.12,,,,3.0
388.16,,,,3.0
388.19,,,,3.0
388.22,,,,3.0
388.26,,,,3.0
388.29,,,,3.0
388.32,,,,3.0
388.36,,,,3.0
388.39,,,,3.0
388.42,,,,3.0
388.46,,,,3.0
388.49,,,,3.0
388.5,3.0,,,
388.52,,2.0,,3.0
388.56,,,,3.0
388.59,,,,3.0
388.62,,,,3.0
388.66,,,,3.0
388.69,,,,3.0
388.73,,,,3.0
388.76,,,,3.0
388.79,,,,3.0
388.82,,,,3.0
388.86,,,,3.0
388.89,,,,3.0
388.92,,,,3.0
388.96,,,,3.0
388.99,,,,3.0
389.0,3.0,,,
389.02,,2.0,,3.0
389.06,,,,3.0
389.09,,,,3.0
389.12,,,,3.0
389.16,,,,3.0
389.19,,,,3.0
389.22,,,,3.0
389.26,,,,3.0
389.29,,,,3.0
389.32,,,,3.0
389.36,,,,3.0
389.39,,,,3.0
389.42,,,,3.0
389.46,,,,3.0
389.49,,,,3.0
389.5,3.0,,,
389.52,,2.0,,3.0
389.56,,,,3.0
389.59,,,,3.0
389.62,,,,3.0
389.66,,,,3.0
389.69,,,,3.0
389.72,,,,3.0
389.76,,,,3.0
389.79,,,,3.0
389.82,,,,3.0
389.86,,,,3.0
389.89,,,,3.0
389.92,,,,3.0
389.96,,,,3.0
389.99,,,,3.0
390.0,3.0,,,
390.02,,2.0,,3.0
390.06,,,,3.0
390.09,,,,3.0
390.12,,,,3.0
390.16,,,,3.0
390.19,,,,3.0
390.22,,,,3.0
390.26,,,,3.0
390.29,,,,3.0
390.32,,,,3.0
390.36,,,,3.0
390.39,,,,3.0
390.42,,,,3.0
390.46,,,,3.0
390.49,,,,3.0
390.5,3.0,,,
390.52,,2.0,,3.0
390.56,,,,3.0
390.59,,,,3.0
390.62,,,,3.0
390.66,,,,3.0
390.69,,,,3.0
390.72,,,,3.0
390.76,,,,3.0
390.79,,,,3.0
390.82,,,,3.0
390.86,,,,3.0
390.89,,,,3.0
390.92,,,,3.0
390.96,,,,3.0
390.99,,,,3.0
391.0,3.0,,,
391.02,,2.0,,3.0
391.06,,,,3.0
391.09,,,,3.0
391.12,,,,3.0
391.16,,,,3.0
391.19,,,,3.0
391.22,,,,3.0
391.26,,,,3.0
391.29,,,,3.0
391.32,,,,3.0
391.36,,,,3.0
391.39,,,,3.0
391.42,,,,3.0
391.46,,,,3.0
391.49,,,,3.0
391.5,3.0,,,
391.52,,3.0,,3.0
391.56,,,,3.0
391.59,,,,3.0
391.62,,,,3.0
391.66,,,,3.0
391.69,,,,3.0
391.72,,,,3.0
391.76,,,,3.0
391.79,,,,3.0
391.82,,,,3.0
391.86,,,,3.0
391.89,,,,3.0
391.92,,,,3.0
391.96,,,,3.0
391.98,,,,3.0
392.0,3.0,,,
392.02,,3.0,,3.0
392.05,,,,3.0
392.08,,,,3.0
392.12,,,,3.0
392.15,,,,3.0
392.18,,,,3.0
392.22,,,,3.0
392.25,,,,3.0
392.28,,,,3.0
392.32,,,,3.0
392.35,,,,3.0
392.38,,,,3.0
392.42,,,,3.0
392.45,,,,3.0
392.48,,,,3.0
392.5,3.0,,,
392.52,,3.0,,3.0
392.55,,,,3.0
392.58,,,,3.0
392.62,,,,3.0
392.65,,,,3.0
392.68,,,,3.0
392.72,,,,3.0
392.75,,,,3.0
392.78,,,,3.0
392.82,,,,3.0
392.85,,,,3.0
392.88,,,,3.0
392.92,,,,3.0
392.95,,,,3.0
392.98,,,,3.0
393.0,3.0,,,
393.02,,3.0,,3.0
393.05,,,,3.0
393.08,,,,3.0
393.12,,,,3.0
393.15,,,,3.0
393.18,,,,3.0
393.22,,,,3.0
393.25,,,,3.0
393.28,,,,3.0
393.32,,,,3.0
393.35,,,,3.0
393.38,,,,3.0
393.42,,,,3.0
393.45,,,,3.0
393.48,,,,3.0
393.51,3.0,,,
393.52,,3.0,,3.0
393.55,,,,3.0
393.58,,,,3.0
393.62,,,,3.0
393.65,,,,3.0
393.68,,,,3.0
393.72,,,,3.0
393.75,,,,3.0
393.78,,,,3.0
393.82,,,,3.0
393.85,,,,3.0
393.88,,,,3.0
393.92,,,,3.0
393.95,,,,3.0
393.98,,,,3.0
394.01,3.0,,,
394.02,,3.0,,3.0
394.05,,,,3.0
394.08,,,,3.0
394.12,,,,3.0
394.15,,,,3.0
394.18,,,,3.0
394.22,,,,3.0
394.25,,,,3.0
394.28,,,,3.0
394.32,,,,3.0
394.35,,,,3.0
394.38,,,,3.0
394.42,,,,3.0
394.45,,,,3.0
394.48,,,,3.0
394.51,3.0,,,
394.52,,3.0,,3.0
394.55,,,,3.0
394.58,,,,3.0
394.62,,,,3.0
394.65,,,,3.0
394.68,,,,3.0
394.72,,,,3.0
394.75,,,,3.0
394.78,,,,3.0
394.82,,,,3.0
394.85,,,,3.0
394.88,,,,3.0
394.92,,,,3.0
394.95,,,,3.0
394.98,,,,3.0
395.02,,3.0,,3.0
395.03,3.0,,,
395.05,,,,3.0
395.08,,,,3.0
395.12,,,,3.0
395.15,,,,3.0
395.18,,,,3.0
395.22,,,,3.0
395.25,,,,3.0
395.28,,,,3.0
395.32,,,,3.0
395.35,,,,3.0
395.38,,,,3.0
395.42,,,,3.0
395.45,,,,3.0
395.48,,,,3.0
395.52,,3.0,,3.0
395.53,3.0,,,
395.55,,,,3.0
395.58,,,,3.0
395.62,,,,3.0
395.65,,,,3.0
395.68,,,,3.0
395.72,,,,3.0
395.75,,,,3.0
395.78,,,,3.0
395.82,,,,3.0
395.85,,,,3.0
395.88,,,,3.0
395.92,,,,3.0
395.95,,,,3.0
395.98,,,,3.0
396.02,,3.0,,3.0
396.03,3.0,,,
396.05,,,,3.0
396.08,,,,3.0
396.12,,,,3.0
396.15,,,,3.0
396.18,,,,3.0
396.22,,,,3.0
396.25,,,,3.0
396.28,,,,3.0
396.32,,,,3.0
396.35,,,,3.0
396.38,,,,3.0
396.42,,,,3.0
396.45,,,,3.0
396.48,,,,3.0
396.52,,3.0,,3.0
396.53,3.0,,,
396.55,,,,3.0
396.58,,,,3.0
396.62,,,,3.0
396.65,,,,3.0
396.68,,,,3.0
396.72,,,,3.0
396.75,,,,3.0
396.78,,,,3.0
396.82,,,,3.0
396.85,,,,3.0
396.88,,,,3.0
396.92,,,,3.0
396.95,,,,3.0
396.98,,,,3.0
397.02,,3.0,,3.0
397.03,3.0,,,
397.05,,,,3.0
397.08,,,,3.0
397.12,,,,3.0
397.15,,,,3.0
397.18,,,,3.0
397.22,,,,3.0
397.25,,,,3.0
397.28,,,,3.0
397.32,,,,3.0
397.35,,,,3.0
397.38,,,,3.0
397.42,,,,3.0
397.45,,,,3.0
397.48,,,,3.0
397.5,3.0,,,
397.52,,3.0,,3.0
397.55,,,,3.0
397.58,,,,3.0
397.62,,,,3.0
397.65,,,,3.0
397.68,,,,3.0
397.72,,,,3.0
397.75,,,,3.0
397.78,,,,3.0
397.82,,,,3.0
397.85,,,,3.0
397.88,,,,3.0
397.92,,,,3.0
397.95,,,,3.0
397.98,,,,3.0
398.0,3.0,,,
398.02,,3.0,,3.0
398.05,,,,3.0
398.08,,,,3.0
398.12,,,,3.0
398.15,,,,3.0
398.18,,,,3.0
398.22,,,,3.0
398.25,,,,3.0
398.28,,,,3.0
398.32,,,,3.0
398.35,,,,3.0
398.38,,,,3.0
398.42,,,,3.0
398.45,,,,3.0
398.48,,,,3.0
398.5,3.0,,,
398.52,,3.0,,3.0
398.55,,,,3.0
398.58,,,,3.0
398.62,,,,3.0
398.65,,,,3.0
398.68,,,,3.0
398.72,,,,3.0
398.75,,,,3.0
398.78,,,,3.0
398.82,,,,3.0
398.85,,,,3.0
398.88,,,,3.0
398.92,,,,3.0
398.95,,,,3.0
398.98,,,,3.0
399.0,3.0,,,
399.02,,2.0,,3.0
399.05,,,,3.0
399.08,,,,3.0
399.12,,,,3.0
399.15,,,,3.0
399.18,,,,3.0
399.22,,,,3.0
399.25,,,,3.0
399.28,,,,3.0
399.32,,,,3.0
399.35,,,,3.0
399.38,,,,3.0
399.42,,,,3.0
399.45,,,,3.0
399.48,,,,3.0
399.5,3.0,,,
399.52,,3.0,,3.0
399.55,,,,3.0
399.58,,,,3.0
399.62,,,,3.0
399.65,,,,3.0
399.68,,,,3.0
399.72,,,,3.0
399.75,,,,3.0
399.78,,,,3.0
399.82,,,,3.0
399.85,,,,3.0
399.88,,,,3.0
399.92,,,,3.0
399.95,,,,3.0
399.98,,,,3.0
400.0,3.0,,,
400.02,,3.0,,3.0
400.05,,,,3.0
400.08,,,,3.0
400.12,,,,3.0
400.15,,,,3.0
400.18,,,,3.0
400.22,,,,3.0
400.25,,,,3.0
400.28,,,,3.0
400.32,,,,3.0
400.35,,,,3.0
400.38,,,,3.0
400.42,,,,3.0
400.45,,,,3.0
400.48,,,,3.0
400.5,3.0,,,
400.52,,2.0,,3.0
400.55,,,,3.0
400.59,,,,3.0
400.62,,,,3.0
400.65,,,,3.0
400.69,,,,3.0
400.72,,,,3.0
400.75,,,,3.0
400.79,,,,3.0
400.82,,,,3.0
400.85,,,,3.0
400.89,,,,3.0
400.92,,,,3.0
400.95,,,,3.0
400.99,,,,3.0
401.0,3.0,,,
401.02,,3.0,,3.0
401.05,,,,3.0
401.09,,,,3.0
401.12,,,,3.0
401.15,,,,3.0
401.19,,,,3.0
401.22,,,,3.0
401.25,,,,3.0
401.29,,,,3.0
401.32,,,,3.0
401.35,,,,3.0
401.39,,,,3.0
401.42,,,,3.0
401.45,,,,3.0
401.49,,,,3.0
401.5,3.0,,,
401.52,,3.0,,3.0
401.55,,,,3.0
401.59,,,,3.0
401.62,,,,3.0
401.65,,,,3.0
401.69,,,,3.0
401.72,,,,3.0
401.75,,,,3.0
401.79,,,,3.0
401.82,,,,3.0
401.85,,,,3.0
401.89,,,,3.0
401.92,,,,3.0
401.95,,,,3.0
401.99,,,,3.0
402.0,3.0,,,
402.02,,3.0,,3.0
402.05,,,,3.0
402.09,,,,3.0
402.12,,,,3.0
402.15,,,,3.0
402.19,,,,3.0
402.22,,,,3.0
402.25,,,,3.0
402.29,,,,3.0
402.32,,,,3.0
402.35,,,,3.0
402.39,,,,3.0
402.42,,,,3.0
402.45,,,,3.0
402.49,,,,3.0
402.5,3.0,,,
402.52,,3.0,,3.0
402.55,,,,3.0
402.59,,,,3.0
402.62,,,,3.0
402.65,,,,3.0
402.69,,,,3.0
402.72,,,,3.0
402.75,,,,3.0
402.79,,,,3.0
402.82,,,,3.0
402.85,,,,3.0
402.89,,,,3.0
402.92,,,,3.0
402.95,,,,3.0
402.99,,,,3.0
403.0,3.0,,,
403.02,,3.0,,3.0
403.05,,,,3.0
403.09,,,,3.0
403.12,,,,3.0
403.15,,,,3.0
403.19,,,,3.0
403.22,,,,3.0
403.25,,,,3.0
403.29,,,,3.0
403.32,,,,3.0
403.35,,,,3.0
403.39,,,,3.0
403.42,,,,3.0
403.45,,,,3.0
403.49,,,,3.0
403.5,3.0,,,
403.52,,3.0,,3.0
403.55,,,,3.0
403.59,,,,3.0
403.62,,,,3.0
403.65,,,,3.0
403.69,,,,3.0
403.72,,,,3.0
403.75,,,,3.0
403.79,,,,3.0
403.82,,,,3.0
403.85,,,,3.0
403.89,,,,3.0
403.92,,,,3.0
403.95,,,,3.0
403.99,,,,3.0
404.0,3.0,,,
404.02,,3.0,,3.0
404.05,,,,3.0
404.09,,,,3.0
404.12,,,,3.0
404.15,,,,3.0
404.19,,,,3.0
404.22,,,,3.0
404.25,,,,3.0
404.29,,,,3.0
404.32,,,,3.0
404.35,,,,3.0
404.39,,,,3.0
404.42,,,,3.0
404.45,,,,3.0
404.49,,,,3.0
404.5,3.0,,,
404.52,,3.0,,3.0
404.55,,,,3.0
404.59,,,,3.0
404.62,,,,3.0
404.65,,,,3.0
404.69,,,,3.0
404.72,,,,3.0
404.75,,,,3.0
404.79,,,,3.0
404.82,,,,3.0
404.86,,,,3.0
404.89,,,,3.0
404.92,,,,3.0
404.96,,,,3.0
404.99,,,,3.0
405.0,3.0,,,
405.02,,3.0,,3.0
405.05,,,,3.0
405.09,,,,3.0
405.12,,,,3.0
405.16,,,,3.0
405.19,,,,3.0
405.22,,,,3.0
405.26,,,,3.0
405.29,,,,3.0
405.32,,,,3.0
405.36,,,,3.0
405.39,,,,3.0
405.42,,,,3.0
405.46,,,,3.0
405.49,,,,3.0
405.5,3.0,,,
405.52,,3.0,,3.0
405.55,,,,3.0
405.59,,,,3.0
405.62,,,,3.0
405.66,,,,3.0
405.69,,,,3.0
405.72,,,,3.0
405.76,,,,3.0
405.79,,,,3.0
405.82,,,,3.0
405.86,,,,3.0
405.89,,,,3.0
405.92,,,,3.0
405.96,,,,3.0
405.99,,,,3.0
406.0,3.0,,,
406.02,,3.0,,3.0
406.05,,,,3.0
406.09,,,,3.0
406.12,,,,3.0
406.16,,,,3.0
406.19,,,,3.0
406.22,,,,3.0
406.26,,,,3.0
406.29,,,,3.0
406.32,,,,3.0
406.36,,,,3.0
406.39,,,,3.0
406.42,,,,3.0
406.46,,,,3.0
406.49,,,,3.0
406.5,3.0,,,
406.52,,2.0,,3.0
406.55,,,,3.0
406.59,,,,3.0
406.62,,,,3.0
406.66,,,,3.0
406.69,,,,3.0
406.72,,,,3.0
406.76,,,,3.0
406.79,,,,3.0
406.82,,,,3.0
406.86,,,,3.0
406.89,,,,3.0
406.92,,,,3.0
406.96,,,,3.0
406.99,,,,3.0
407.0,3.0,,,
407.02,,2.0,,3.0
407.05,,,,3.0
407.09,,,,3.0
407.12,,,,3.0
407.16,,,,3.0
407.19,,,,3.0
407.22,,,,3.0
407.26,,,,3.0
407.29,,,,3.0
407.32,,,,3.0
407.36,,,,3.0
407.39,,,,3.0
407.42,,,,3.0
407.46,,,,3.0
407.49,,,,3.0
407.5,3.0,,,
407.52,,3.0,,3.0
407.55,,,,3.0
407.59,,,,3.0
407.62,,,,3.0
407.66,,,,3.0
407.69,,,,3.0
407.72,,,,3.0
407.76,,,,3.0
407.79,,,,3.0
407.82,,,,3.0
407.86,,,,3.0
407.89,,,,3.0
407.92,,,,3.0
407.96,,,,3.0
407.99,,,,3.0
408.0,3.0,,,
408.02,,3.0,,3.0
408.05,,,,3.0
408.09,,,,3.0
408.12,,,,3.0
408.16,,,,3.0
408.19,,,,3.0
408.22,,,,3.0
408.26,,,,3.0
408.29,,,,3.0
408.32,,,,3.0
408.36,,,,3.0
408.39,,,,3.0
408.42,,,,3.0
408.46,,,,3.0
408.49,,,,3.0
408.5,3.0,,,
408.52,,3.0,,3.0
408.55,,,,3.0
408.59,,,,3.0
408.62,,,,3.0
408.66,,,,3.0
408.69,,,,3.0
408.72,,,,3.0
408.76,,,,3.0
408.79,,,,3.0
408.82,,,,3.0
408.86,,,,3.0
408.89,,,,3.0
408.92,,,,3.0
408.96,,,,3.0
408.99,,,,3.0
409.0,3.0,,,
409.02,,3.0,,3.0
409.06,,,,3.0
409.09,,,,3.0
409.12,,,,3.0
409.16,,,,3.0
409.19,,,,3.0
409.22,,,,3.0
409.26,,,,3.0
409.29,,,,3.0
409.32,,,,3.0
409.36,,,,3.0
409.39,,,,3.0
409.42,,,,3.0
409.46,,,,3.0
409.49,,,,3.0
409.5,3.0,,,
409.52,,3.0,,3.0
409.56,,,,3.0
409.59,,,,3.0
409.62,,,,3.0
409.66,,,,3.0
409.69,,,,3.0
409.72,,,,3.0
409.76,,,,3.0
409.79,,,,3.0
409.82,,,,0.0
409.89,,,,0.0
409.96,,,,0.0
409.99,,,,0.0
410.0,3.0,,,
410.02,,3.0,,0.0
410.06,,,,0.0
410.09,,,,0.0
410.12,,,,0.0
410.16,,,,0.0
410.19,,,,0.0
410.22,,,,0.0
410.26,,,,0.0
410.29,,,,3.0
410.32,,,,3.0
410.36,,,,3.0
410.39,,,,3.0
410.42,,,,3.0
410.46,,,,3.0
410.49,,,,3.0
410.5,3.0,,,
410.52,,3.0,,3.0
410.56,,,,3.0
410.59,,,,3.0
410.62,,,,3.0
410.66,,,,3.0
410.69,,,,3.0
410.72,,,,3.0
410.76,,,,3.0
410.79,,,,3.0
410.82,,,,3.0
410.86,,,,3.0
410.89,,,,3.0
410.92,,,,3.0
410.96,,,,3.0
410.99,,,,3.0
411.0,3.0,,,
411.02,,3.0,,3.0
411.06,,,,3.0
411.09,,,,3.0
411.12,,,,3.0
411.16,,,,3.0
411.19,,,,3.0
411.22,,,,3.0
411.5,3.0,,,
411.52,,3.0,,3.0
412.0,3.0,,,
412.02,,3.0,,3.0
412.5,3.0,,,
412.52,,2.0,,3.0
413.0,3.0,,,
413.02,,3.0,,3.0
413.51,3.0,,,
413.52,,3.0,,3.0
414.01,3.0,,,
414.02,,3.0,,3.0
414.52,,3.0,,3.0
414.53,3.0,,,
415.02,,3.0,,3.0
415.03,3.0,,,
415.52,,3.0,,3.0
415.53,3.0,,,
416.02,,3.0,,3.0
416.03,3.0,,,
416.52,,3.0,,3.0
416.53,3.0,,,
417.02,,3.0,,3.0
417.03,3.0,,,
417.5,3.0,,,
417.52,,3.0,,3.0
418.0,3.0,,,
418.02,,3.0,,3.0
418.5,3.0,,,
418.52,,3.0,,3.0
419.0,3.0,,,
419.02,,3.0,,3.0
419.5,3.0,,,
419.52,,3.0,,3.0
420.0,3.0,,,
420.02,,3.0,,3.0
420.5,3.0,,,
420.52,,3.0,,3.0
421.0,3.0,,,
421.02,,3.0,,3.0
421.5,3.0,,,
421.52,,3.0,,3.0
422.0,3.0,,,
422.02,,3.0,,3.0
422.5,3.0,,,
422.52,,3.0,,3.0
423.0,3.0,,,
423.02,,3.0,,3.0
423.5,3.0,,,
423.52,,3.0,,3.0
424.0,3.0,,,
424.02,,3.0,,3.0
424.5,3.0,,,
424.52,,3.0,,3.0
425.0,3.0,,,
425.02,,3.0,,3.0
425.5,3.0,,,
425.52,,3.0,,3.0
426.0,3.0,,,
426.02,,3.0,,3.0
426.5,3.0,,,
426.52,,3.0,,3.0
427.0,3.0,,,
427.02,,3.0,,3.0
427.5,3.0,,,
427.51,,3.0,,
427.52,,,,3.0
428.0,3.0,,,
428.01,,3.0,,
428.02,,,,3.0
428.5,3.0,,,
428.51,,3.0,,
428.52,,,,3.0
429.0,3.0,,,
429.02,,3.0,,3.0
429.5,2.0,,,
429.52,,3.0,,3.0
430.0,2.0,,,
430.02,,3.0,,3.0
430.5,2.0,,,
430.52,,3.0,,0.0
431.0,3.0,,,
431.02,,3.0,,3.0
431.5,3.0,,,
431.52,,3.0,,3.0
432.0,2.0,,,
432.02,,2.0,,2.0
432.5,3.0,,,
432.52,,3.0,,0.0
433.01,2.0,,,
433.02,,0.0,,3.0
433.51,2.0,,,
433.52,,3.0,,3.0
434.02,,2.0,,3.0
434.03,2.0,,,
434.52,,2.0,,3.0
434.53,3.0,,,
435.02,,1.0,,3.0
435.03,3.0,,,
435.52,,2.0,,3.0
435.53,3.0,,,
436.02,,0.0,,3.0
436.03,3.0,,,
436.52,,0.0,,3.0
436.53,2.0,,,
437.0,2.0,,,
437.02,,0.0,,3.0
437.5,1.0,,,
437.52,,1.0,,3.0
438.0,2.0,,,
438.02,,2.0,,3.0
438.5,2.0,,,
438.52,,1.0,,3.0
439.0,3.0,,,
439.02,,1.0,,3.0
439.5,3.0,,,
439.52,,1.0,,0.0
440.0,3.0,,,
440.02,,2.0,,1.0
440.5,3.0,,,
440.52,,2.0,,3.0
441.0,3.0,,,
441.02,,1.0,,3.0
441.5,3.0,,,
441.52,,2.0,,3.0
442.0,1.0,,,
442.02,,3.0,,3.0
442.5,3.0,,,
442.52,,3.0,,3.0
443.0,3.0,,,
443.02,,3.0,,3.0
443.5,3.0,,,
443.52,,3.0,,2.0
444.0,3.0,,,
444.02,,3.0,,3.0
444.5,2.0,,,
444.52,,3.0,,3.0
445.0,2.0,,,
445.02,,3.0,,3.0
445.51,,3.0,,
445.52,,,,3.0
445.61,2.0,,,
446.02,2.0,3.0,,3.0
446.5,1.0,,,
446.52,,,,3.0
446.65,,3.0,,
447.0,3.0,,,
447.02,,3.0,,3.0
447.5,3.0,,,
447.51,,2.0,,
447.52,,,,3.0
448.0,3.0,,,
448.01,,3.0,,
448.02,,,,3.0
448.5,3.0,,,
448.51,,3.0,,
448.52,,,,3.0
449.0,3.0,,,
449.01,,3.0,,
449.02,,,,3.0
449.5,3.0,,,
449.51,,3.0,,
449.52,,,,3.0
450.0,3.0,,,
450.02,,3.0,,3.0
450.5,3.0,,,
450.52,,3.0,,3.0
451.0,2.0,,,
451.02,,3.0,,3.0
451.5,2.0,,,
451.52,,3.0,,3.0
452.0,3.0,,,
452.02,,3.0,,2.0
452.5,3.0,,,
452.52,,3.0,,0.0
453.01,1.0,,,
453.02,,3.0,,3.0
453.52,,3.0,,3.0
453.53,1.0,,,
454.02,,3.0,,3.0
454.03,1.0,,,
454.52,,3.0,,3.0
454.53,2.0,,,
455.02,,3.0,,3.0
455.03,3.0,,,
455.52,,3.0,,3.0
455.53,3.0,,,
456.02,,3.0,,3.0
456.03,2.0,,,
456.52,,3.0,,3.0
456.53,2.0,,,
457.0,1.0,,,
457.02,,3.0,,3.0
457.52,,3.0,,3.0
457.53,3.0,,,
458.0,3.0,,,
458.02,,3.0,,3.0
458.5,3.0,,,
458.52,,3.0,,3.0
459.0,3.0,,,
459.02,,3.0,,3.0
459.5,3.0,,,
459.52,,2.0,,3.0
460.0,3.0,,,
460.02,,1.0,,2.0
460.5,3.0,,,
460.52,,1.0,,3.0
461.0,3.0,,,
461.02,,1.0,,3.0
461.5,3.0,,,
461.52,,1.0,,2.0
462.0,3.0,,,
462.02,,1.0,,0.0
462.5,2.0,,,
462.52,,1.0,,0.0
463.0,2.0,,,
463.02,,1.0,,0.0
463.5,3.0,,,
463.52,,1.0,,2.0
464.0,3.0,,,
464.02,,2.0,,3.0
464.5,3.0,,,
464.52,,2.0,,3.0
465.0,3.0,,,
465.02,,2.0,,3.0
465.5,3.0,,,
465.52,,2.0,,3.0
466.0,3.0,,,
466.01,,,,3.0
466.02,,3.0,,
466.5,3.0,,,
466.52,,3.0,,3.0
467.0,3.0,,,
467.02,,2.0,,3.0
467.5,3.0,,,
467.51,,1.0,,
467.52,,,,3.0
468.0,3.0,,,
468.01,,1.0,,
468.02,,,,3.0
468.5,3.0,,,
468.51,,2.0,,
468.52,,,,3.0
469.0,3.0,,,
469.01,,2.0,,
469.02,,,,3.0
469.5,2.0,,,
469.51,,3.0,,
469.52,,,,1.0
470.0,2.0,,,
470.01,,3.0,,
470.02,,,,2.0
470.5,2.0,,,
470.51,,3.0,,
470.52,,,,3.0
471.0,2.0,,,
471.01,,2.0,,
471.02,,,,3.0
471.5,3.0,,,
471.52,,2.0,,3.0
472.0,2.0,,,
472.02,,2.0,,3.0
472.5,2.0,,,
472.52,,2.0,,3.0
473.02,,2.0,,3.0
473.03,3.0,,,
473.52,,2.0,,3.0
473.53,3.0,,,
474.02,,2.0,,3.0
474.03,3.0,,,
474.51,,2.0,,
474.52,,,,3.0
474.53,3.0,,,
475.02,,2.0,,3.0
475.03,3.0,,,
475.52,,2.0,,3.0
475.53,3.0,,,
476.02,,3.0,,3.0
476.03,3.0,,,
476.52,,3.0,,3.0
476.53,3.0,,,
477.0,2.0,,,
477.02,,3.0,,3.0
477.52,,2.0,,3.0
477.53,2.0,,,
478.0,3.0,,,
478.02,,3.0,,2.0
478.5,3.0,,,
478.52,,3.0,,2.0
479.0,3.0,,,
479.02,,3.0,,2.0
479.5,3.0,,,
479.52,,3.0,,2.0
480.0,2.0,,,
480.02,,3.0,,2.0
480.5,2.0,,,
480.52,,3.0,,3.0
481.0,2.0,,,
481.02,,3.0,,3.0
481.5,2.0,,,
481.52,,3.0,,3.0
482.0,2.0,,,
482.02,,3.0,,3.0
482.5,2.0,,,
482.52,,3.0,,3.0
483.0,2.0,,,
483.01,,3.0,,
483.02,,,,2.0
483.51,2.0,,,
483.52,,2.0,,2.0
484.0,2.0,,,
484.02,,2.0,,3.0
484.5,3.0,,,
484.52,,2.0,,3.0
485.0,3.0,,,
485.02,,2.0,,3.0
485.5,3.0,,,
485.52,,2.0,,3.0
486.0,3.0,,,
486.02,,2.0,,3.0
486.5,3.0,,,
486.52,,3.0,,3.0
487.0,3.0,,,
487.01,,3.0,,
487.02,,,,3.0
487.5,3.0,,,
487.51,,3.0,,
487.52,,,,3.0
488.0,3.0,,,
488.01,,3.0,,
488.02,,,,3.0
488.5,3.0,,,
488.51,,3.0,,
488.52,,,,3.0
489.0,3.0,,,
489.01,,3.0,,
489.02,,,,4.0
489.5,3.0,,,
489.51,,3.0,,
489.52,,,,4.0
490.0,3.0,,,
490.01,,3.0,,
490.02,,,,4.0
490.51,3.0,3.0,,
490.52,,,,2.0
491.0,3.0,,,
491.01,,3.0,,
491.02,,,,1.0
491.5,3.0,,,
491.51,,3.0,,
491.52,,,,1.0
492.01,,2.0,,
492.02,,,,1.0
492.03,3.0,,,
492.51,,2.0,,
492.52,,,,1.0
492.53,3.0,,,
493.02,,2.0,,2.0
493.03,3.0,,,
493.52,,2.0,,3.0
493.53,3.0,,,
494.02,,2.0,,3.0
494.03,3.0,,,
494.52,,2.0,,3.0
494.53,2.0,,,
495.02,,2.0,,3.0
495.03,3.0,,,
495.52,,2.0,,2.0
495.53,3.0,,,
496.02,,3.0,,2.0
496.03,3.0,,,
496.52,,3.0,,2.0
496.53,3.0,,,
497.0,3.0,,,
497.02,,3.0,,2.0
497.5,3.0,,,
497.52,,3.0,,2.0
498.0,3.0,,,
498.02,,3.0,,2.0
498.5,3.0,,,
498.52,,3.0,,1.0
499.0,3.0,,,
499.02,,2.0,,2.0
499.51,3.0,,,
499.52,,3.0,,2.0
500.0,3.0,,,
500.02,,3.0,,3.0
500.5,3.0,,,
500.52,,3.0,,3.0
501.0,3.0,,,
501.02,,3.0,,3.0
501.5,3.0,,,
501.52,,3.0,,3.0
502.0,3.0,,,
502.02,,3.0,,2.0
502.5,3.0,,,
502.52,,2.0,,1.0
503.0,3.0,,,
503.02,,2.0,,1.0
503.5,3.0,,,
503.52,,3.0,,1.0
504.0,3.0,,,
504.02,,3.0,,0.0
504.5,3.0,,,
504.52,,3.0,,0.0
505.0,3.0,,,
505.02,,3.0,,0.0
505.5,3.0,,,
505.52,,3.0,,3.0
506.0,3.0,,,
506.02,,3.0,,3.0
506.5,3.0,,,
506.52,,3.0,,3.0
507.0,3.0,,,
507.02,,3.0,,3.0
507.5,3.0,,,
507.51,,2.0,,
507.52,,,,3.0
508.0,3.0,,,
508.01,,3.0,,
508.02,,,,3.0
508.5,3.0,,,
508.51,,3.0,,
508.52,,,,3.0
509.0,3.0,,,
509.01,,3.0,,
509.02,,,,3.0
509.5,3.0,,,
509.51,,2.0,,
509.52,,,,3.0
510.0,3.0,,,
510.01,,2.0,,
510.02,,,,3.0
510.5,3.0,,,
510.51,,2.0,,
510.52,,,,3.0
511.0,3.0,,,
511.01,,2.0,,
511.02,,,,3.0
511.51,,2.0,,
511.52,,,,3.0
511.53,3.0,,,
512.01,,2.0,,
512.02,,,,3.0
512.03,3.0,,,
512.51,,2.0,,3.0
512.53,3.0,,,
513.01,,2.0,,3.0
513.03,3.0,,,
513.51,,2.0,,
513.52,,,,3.0
513.53,3.0,,,
514.01,,2.0,,
514.02,,,,3.0
514.03,3.0,,,
514.52,,3.0,,2.0
514.53,3.0,,,
515.02,,3.0,,3.0
515.03,3.0,,,
515.52,,2.0,,3.0
515.53,3.0,,,
516.02,,2.0,,3.0
516.03,3.0,,,
516.52,,2.0,,3.0
516.53,3.0,,,
517.0,4.0,,,
517.02,,2.0,,3.0
517.5,3.0,,,
517.52,,2.0,,3.0
518.0,3.0,,,
518.02,,2.0,,3.0
518.5,3.0,,,
518.52,,2.0,,3.0
519.0,3.0,,,
519.02,,3.0,,3.0
519.5,3.0,,,
519.52,,3.0,,3.0
520.0,3.0,,,
520.02,,3.0,,3.0
520.5,3.0,,,
520.52,,3.0,,2.0
521.0,3.0,,,
521.02,,3.0,,2.0
521.5,2.0,,,
521.52,,3.0,,3.0
522.0,3.0,,,
522.02,,3.0,,3.0
522.5,3.0,,,
522.52,,3.0,,3.0
523.0,3.0,,,
523.02,,3.0,,3.0
523.5,3.0,,,
523.52,,3.0,,3.0
524.0,3.0,,,
524.02,,3.0,,3.0
524.5,3.0,,,
524.52,,3.0,,3.0
525.0,3.0,,,
525.02,,3.0,,0.0
525.5,3.0,,,
525.52,,2.0,,0.0
526.0,3.0,,,
526.02,,3.0,,0.0
526.5,3.0,,,
526.52,,2.0,,3.0
527.0,2.0,,,
527.02,,1.0,,1.0
527.5,1.0,,,
527.52,,2.0,,2.0
528.0,2.0,,,
528.01,,2.0,,
528.02,,,,3.0
528.5,2.0,,,
528.51,,2.0,,
528.52,,,,2.0
529.0,1.0,,,
529.01,,2.0,,
529.02,,,,3.0
529.5,2.0,,,
529.51,,2.0,,
529.52,,,,3.0
530.0,2.0,,,
530.01,,2.0,,
530.02,,,,3.0
530.5,3.0,,,
530.51,,2.0,,
530.52,,,,3.0
531.0,3.0,,,
531.01,,2.0,,
531.02,,,,2.0
531.51,,2.0,,
531.52,,,,2.0
531.53,3.0,,,
532.01,,2.0,,
532.02,,,,2.0
532.03,3.0,,,
532.51,,2.0,,
532.52,,,,2.0
532.53,3.0,,,
533.01,,2.0,,1.0
533.03,3.0,,,
533.51,,2.0,,1.0
533.53,3.0,,,
534.01,,2.0,,1.0
534.03,3.0,,,
534.51,,3.0,,
534.52,,,,2.0
534.53,3.0,,,
535.01,,2.0,,
535.02,,,,2.0
535.03,3.0,,,
535.52,,2.0,,2.0
535.53,3.0,,,
536.02,,2.0,,3.0
536.03,2.0,,,
536.5,3.0,,,
536.52,,1.0,,3.0
537.0,3.0,,,
537.02,,1.0,,2.0
537.5,3.0,,,
537.52,,2.0,,3.0
538.0,3.0,,,
538.02,,2.0,,3.0
538.5,3.0,,,
538.52,,3.0,,3.0
539.0,3.0,,,
539.02,,3.0,,3.0
539.5,3.0,,,
539.52,,3.0,,3.0
540.0,3.0,,,
540.02,,3.0,,3.0
540.5,3.0,,,
540.52,,3.0,,3.0
541.0,3.0,,,
541.02,,3.0,,3.0
541.5,3.0,,,
541.52,,3.0,,3.0
542.0,3.0,,,
542.02,,2.0,,3.0
542.5,3.0,,,
542.52,,3.0,,3.0
543.0,3.0,,,
543.02,,2.0,,3.0
543.5,3.0,,,
543.52,,2.0,,3.0
544.0,2.0,,,
544.02,,2.0,,3.0
544.5,3.0,,,
544.52,,1.0,,3.0
545.0,3.0,,,3.0
545.02,,1.0,,
545.5,3.0,,,
545.52,,4.0,,3.0
546.0,3.0,,,
546.02,,2.0,,3.0
546.5,3.0,,,
546.52,,2.0,,3.0
547.0,3.0,,,
547.02,,2.0,,3.0
547.5,3.0,,,
547.52,,2.0,,3.0
548.0,3.0,,,
548.02,,2.0,,3.0
548.5,3.0,,,
548.52,,2.0,,3.0
549.0,3.0,,,
549.02,,3.0,,3.0
549.5,3.0,,,
549.51,,3.0,,
549.52,,,,3.0
550.0,3.0,,,
550.01,,2.0,,
550.02,,,,3.0
550.5,3.0,,,
550.51,,2.0,,
550.52,,,,3.0
551.0,3.0,,,
551.01,,1.0,,
551.02,,,,3.0
551.51,,3.0,,
551.52,,,,3.0
551.53,3.0,,,
552.01,,3.0,,
552.02,,,,3.0
552.03,3.0,,,
552.51,,3.0,,
552.52,,,,3.0
552.53,3.0,,,
553.01,,3.0,,
553.02,,,,3.0
553.03,3.0,,,
553.51,,3.0,,
553.52,,,,3.0
553.53,3.0,,,
554.01,,3.0,,
554.02,,,,3.0
554.03,3.0,,,
554.51,,3.0,,3.0
554.53,3.0,,,
555.01,,1.0,,3.0
555.03,3.0,,,
555.51,,1.0,,
555.52,,,,3.0
555.53,3.0,,,
556.01,,4.0,,
556.02,,,,3.0
556.03,3.0,,,
556.5,3.0,,,
556.51,,4.0,,
556.52,,,,3.0
557.0,3.0,,,
557.02,,3.0,,3.0
557.5,3.0,,,
557.52,,3.0,,3.0
558.0,3.0,,,
558.02,,3.0,,3.0
558.5,3.0,,,
558.52,,4.0,,2.0
559.0,3.0,,,
559.02,,3.0,,1.0
559.5,3.0,,,
559.52,,3.0,,3.0
560.0,3.0,,,
560.02,,3.0,,3.0
560.5,3.0,,,
560.52,,3.0,,3.0
561.0,3.0,,,
561.02,,3.0,,3.0
561.5,3.0,,,
561.52,,2.0,,3.0
562.0,3.0,,,
562.02,,3.0,,3.0
562.5,3.0,,,
562.52,,3.0,,3.0
563.0,3.0,,,
563.02,,3.0,,3.0
563.5,3.0,,,
563.52,,3.0,,3.0
564.0,3.0,,,
564.02,,3.0,,3.0
564.5,3.0,,,
564.52,,3.0,,3.0
565.0,3.0,,,
565.02,,3.0,,3.0
565.5,3.0,,,
565.52,,3.0,,3.0
566.0,3.0,,,
566.02,,3.0,,3.0
566.5,3.0,,,
566.52,,3.0,,3.0
567.0,3.0,,,
567.02,,3.0,,3.0
567.5,3.0,,,
567.52,,3.0,,3.0
568.0,3.0,,,
568.02,,3.0,,3.0
568.5,3.0,,,
568.52,,2.0,,3.0
569.0,3.0,,,
569.02,,3.0,,3.0
569.5,3.0,,,
569.51,,3.0,,
569.52,,,,3.0
570.0,3.0,,,
570.01,,3.0,,
570.02,,,,3.0
570.5,3.0,,,
570.51,,3.0,,
570.52,,,,3.0
571.01,,3.0,,
571.02,,,,3.0
571.03,3.0,,,
571.51,,3.0,,
571.52,,,,3.0
571.53,3.0,,,
572.01,,3.0,,
572.02,,,,3.0
572.03,3.0,,,
572.51,,3.0,,
572.52,,,,3.0
572.53,3.0,,,
573.01,,2.0,,
573.02,,,,3.0
573.03,3.0,,,
573.51,,2.0,,3.0
573.53,3.0,,,
574.01,,2.0,,3.0
574.03,3.0,,,
574.51,,3.0,,3.0
574.53,3.0,,,
575.01,,3.0,,3.0
575.03,3.0,,,
575.51,,3.0,,3.0
575.53,3.0,,,
576.01,,2.0,,
576.02,,,,3.0
576.03,3.0,,,
576.5,3.0,,,
576.51,,2.0,,
576.52,,,,3.0
577.0,3.0,,,
577.01,,2.0,,
577.02,,,,3.0
577.5,3.0,,,
577.51,,2.0,,
577.52,,,,3.0
578.0,3.0,,,
578.01,,3.0,,
578.02,,,,3.0
578.5,4.0,,,
578.52,,2.0,,3.0
579.0,3.0,,,
579.02,,3.0,,3.0
579.5,3.0,,,
579.52,,3.0,,3.0
580.0,3.0,,,
580.02,,3.0,,3.0
580.5,3.0,,,
580.52,,3.0,,3.0
581.0,3.0,,,
581.02,,2.0,,3.0
581.5,3.0,,,
581.52,,1.0,,3.0
582.0,3.0,,,
582.02,,1.0,,3.0
582.5,2.0,,,
582.52,,3.0,,3.0
583.0,3.0,,,
583.02,,3.0,,3.0
583.5,3.0,,,
583.52,,3.0,,3.0
584.0,3.0,,,
584.02,,1.0,,3.0
584.5,3.0,,,
584.52,,1.0,,3.0
585.0,3.0,,,
585.02,,1.0,,3.0
585.5,3.0,,,
585.52,,1.0,,3.0
586.0,3.0,,,
586.02,,1.0,,3.0
586.5,3.0,,,
586.52,,1.0,,3.0
587.0,3.0,,,
587.02,,1.0,,3.0
587.5,3.0,,,
587.52,,1.0,,3.0
588.0,3.0,,,
588.02,,3.0,,3.0
588.5,2.0,,,
588.52,,3.0,,3.0
589.01,,3.0,,
589.02,,,,3.0
589.03,3.0,,,
589.5,4.0,,,
589.51,,3.0,,
589.52,,,,3.0
590.0,4.0,,,
590.01,,2.0,,
590.02,,,,3.0
590.5,4.0,,,
590.51,,2.0,,
590.52,,,,3.0
591.01,,3.0,,
591.02,,,,3.0
591.03,4.0,,,
591.51,,3.0,,
591.52,,,,3.0
591.53,4.0,,,
592.01,,3.0,,
592.02,,,,3.0
592.03,4.0,,,
592.51,,2.0,,
592.52,,,,3.0
592.53,4.0,,,
593.01,,2.0,,3.0
593.03,2.0,,,
593.51,,4.0,,3.0
593.53,3.0,,,
594.01,,4.0,,3.0
594.03,2.0,,,
594.51,,4.0,,3.0
594.53,3.0,,,
595.01,,4.0,,3.0
595.03,2.0,,,
595.51,,3.0,,3.0
595.53,3.0,,,
596.01,,2.0,,2.0
596.03,3.0,,,
596.5,3.0,,,
596.51,,3.0,,2.0
597.0,3.0,,,
597.01,,3.0,,
597.02,,,,3.0
597.5,2.0,,,
597.51,,3.0,,
597.52,,,,3.0
598.0,3.0,,,
598.01,,3.0,,
598.02,,,,1.0
598.5,3.0,,,
598.51,,3.0,,
598.52,,,,0.0
598.94,,,4.0,
598.97,,,4.0,
599.0,2.0,,,
599.01,,3.0,4.0,
599.02,,,,0.0
599.04,,,4.0,
599.08,,,4.0,
599.11,,,4.0,
599.14,,,4.0,
599.17,,,4.0,
599.21,,,4.0,
599.24,,,3.0,
599.28,,,3.0,
599.31,,,3.0,
599.34,,,3.0,
599.38,,,3.0,
599.41,,,3.0,
599.44,,,3.0,
599.47,,,3.0,
599.5,2.0,,,
599.51,,,3.0,
599.52,,2.0,,1.0
599.54,,,3.0,
599.58,,,3.0,
599.61,,,4.0,
599.64,,,4.0,
599.67,,,4.0,
599.71,,,4.0,
599.74,,,4.0,
599.78,,,4.0,
599.81,,,4.0,
599.84,,,4.0,
599.88,,,4.0,
599.91,,,4.0,
599.94,,,4.0,
599.97,,,4.0,
600.0,2.0,,,
600.01,,,4.0,
600.02,,3.0,,3.0
600.04,,,4.0,
600.08,,,4.0,
600.11,,,4.0,
600.14,,,4.0,
600.17,,,4.0,
600.21,,,4.0,
600.24,,,4.0,
600.28,,,4.0,
600.31,,,4.0,
600.34,,,4.0,
600.38,,,4.0,
600.41,,,4.0,
600.44,,,4.0,
600.47,,,4.0,
600.5,2.0,,,
600.51,,,4.0,
600.52,,3.0,,2.0
600.54,,,4.0,
600.58,,,4.0,
600.61,,,4.0,
600.64,,,4.0,
600.67,,,4.0,
600.71,,,4.0,
600.74,,,4.0,
600.78,,,4.0,
600.81,,,4.0,
600.84,,,4.0,
600.88,,,4.0,
600.91,,,4.0,
600.94,,,4.0,
600.98,,,4.0,
601.0,2.0,,,
601.01,,,4.0,
601.02,,3.0,,1.0
601.04,,,4.0,
601.08,,,4.0,
601.11,,,4.0,
601.14,,,4.0,
601.18,,,4.0,
601.21,,,4.0,
601.24,,,4.0,
601.28,,,4.0,
601.31,,,4.0,
601.34,,,4.0,
601.38,,,4.0,
601.41,,,4.0,
601.44,,,4.0,
601.48,,,4.0,
601.5,2.0,,,
601.51,,,4.0,
601.52,,3.0,,0.0
601.54,,,4.0,
601.58,,,4.0,
601.61,,,3.0,
601.64,,,3.0,
601.68,,,3.0,
601.71,,,3.0,
601.74,,,3.0,
601.78,,,3.0,
601.81,,,3.0,
601.84,,,3.0,
601.88,,,3.0,
601.91,,,3.0,
601.94,,,3.0,
601.98,,,3.0,
602.01,0.0,,3.0,
602.02,,1.0,,0.0
602.04,,,3.0,
602.08,,,3.0,
602.11,,,3.0,
602.14,,,3.0,
602.18,,,3.0,
602.21,,,3.0,
602.24,,,3.0,
602.28,,,3.0,
602.31,,,3.0,
602.34,,,3.0,
602.38,,,3.0,
602.41,,,3.0,
602.44,,,3.0,
602.48,,,3.0,
602.5,3.0,,,
602.51,,,3.0,
602.52,,1.0,,1.0
602.54,,,3.0,
602.58,,,3.0,
602.61,,,3.0,
602.64,,,3.0,
602.68,,,3.0,
602.71,,,3.0,
602.74,,,3.0,
602.78,,,3.0,
602.81,,,3.0,
602.84,,,3.0,
602.88,,,3.0,
602.91,,,3.0,
602.94,,,3.0,
602.98,,,3.0,
603.0,3.0,,,
603.01,,,3.0,
603.02,,1.0,,2.0
603.04,,,3.0,
603.08,,,4.0,
603.11,,,4.0,
603.14,,,4.0,
603.18,,,4.0,
603.21,,,4.0,
603.24,,,4.0,
603.28,,,4.0,
603.31,,,4.0,
603.34,,,4.0,
603.38,,,4.0,
603.41,,,4.0,
603.44,,,4.0,
603.48,,,4.0,
603.5,2.0,,,
603.51,,,4.0,
603.52,,1.0,,3.0
603.54,,,4.0,
603.58,,,4.0,
603.61,,,4.0,
603.64,,,4.0,
603.68,,,4.0,
603.71,,,4.0,
603.74,,,4.0,
603.78,,,4.0,
603.81,,,4.0,
603.84,,,4.0,
603.88,,,4.0,
603.91,,,4.0,
603.94,,,4.0,
603.98,,,4.0,
604.0,3.0,,,
604.01,,,4.0,
604.02,,1.0,,3.0
604.04,,,4.0,
604.08,,,4.0,
604.11,,,4.0,
604.14,,,4.0,
604.18,,,4.0,
604.21,,,4.0,
604.24,,,4.0,
604.28,,,4.0,
604.31,,,4.0,
604.34,,,4.0,
604.38,,,4.0,
604.41,,,4.0,
604.44,,,4.0,
604.48,,,4.0,
604.5,2.0,,,
604.51,,,4.0,
604.52,,0.0,,3.0
604.54,,,4.0,
604.58,,,4.0,
604.61,,,4.0,
604.64,,,4.0,
604.68,,,4.0,
604.71,,,4.0,
604.74,,,4.0,
604.78,,,4.0,
604.81,,,4.0,
604.84,,,4.0,
604.88,,,4.0,
604.91,,,4.0,
604.94,,,4.0,
604.98,,,4.0,
605.0,3.0,,,
605.01,,,4.0,
605.02,,1.0,,3.0
605.05,,,4.0,
605.08,,,4.0,
605.11,,,4.0,
605.14,,,4.0,
605.18,,,4.0,
605.21,,,4.0,
605.24,,,4.0,
605.28,,,4.0,
605.31,,,4.0,
605.34,,,4.0,
605.38,,,4.0,
605.41,,,4.0,
605.44,,,4.0,
605.48,,,4.0,
605.5,3.0,,,
605.51,,,4.0,
605.52,,2.0,,3.0
605.55,,,4.0,
605.58,,,4.0,
605.61,,,4.0,
605.64,,,4.0,
605.68,,,4.0,
605.71,,,4.0,
605.74,,,4.0,
605.78,,,4.0,
605.81,,,4.0,
605.84,,,4.0,
605.88,,,4.0,
605.91,,,4.0,
605.94,,,4.0,
605.98,,,4.0,
606.0,2.0,,,
606.01,,,4.0,
606.02,,2.0,,3.0
606.05,,,4.0,
606.08,,,4.0,
606.11,,,4.0,
606.14,,,4.0,
606.18,,,4.0,
606.21,,,4.0,
606.24,,,4.0,
606.28,,,4.0,
606.31,,,4.0,
606.34,,,4.0,
606.38,,,4.0,
606.41,,,4.0,
606.44,,,4.0,
606.48,,,4.0,
606.5,2.0,,,
606.51,,,4.0,
606.52,,2.0,,3.0
606.55,,,4.0,
606.58,,,4.0,
606.61,,,4.0,
606.64,,,4.0,
606.68,,,4.0,
606.71,,,4.0,
606.74,,,4.0,
606.78,,,4.0,
606.81,,,4.0,
606.84,,,4.0,
606.88,,,4.0,
606.91,,,4.0,
606.94,,,4.0,
606.98,,,4.0,
607.0,2.0,,,
607.01,,,4.0,
607.02,,2.0,,2.0
607.05,,,4.0,
607.08,,,4.0,
607.11,,,4.0,
607.14,,,4.0,
607.18,,,4.0,
607.21,,,4.0,
607.24,,,4.0,
607.28,,,4.0,
607.31,,,4.0,
607.34,,,4.0,
607.38,,,4.0,
607.41,,,4.0,
607.44,,,4.0,
607.48,,,4.0,
607.5,3.0,,,
607.51,,,4.0,
607.52,,1.0,,0.0
607.55,,,4.0,
607.58,,,4.0,
607.61,,,4.0,
607.64,,,4.0,
607.68,,,4.0,
607.7,,,4.0,
607.74,,,4.0,
607.77,,,4.0,
607.8,,,4.0,
607.84,,,4.0,
607.87,,,4.0,
607.9,,,4.0,
607.94,,,4.0,
607.97,,,4.0,
608.0,3.0,,4.0,
608.02,,1.0,,
608.03,,,,0.0
608.04,,,4.0,
608.07,,,4.0,
608.1,,,4.0,
608.14,,,4.0,
608.17,,,4.0,
608.2,,,4.0,
608.24,,,4.0,
608.27,,,4.0,
608.3,,,4.0,
608.34,,,4.0,
608.37,,,4.0,
608.4,,,4.0,
608.44,,,4.0,
608.47,,,4.0,
608.5,3.0,,4.0,
608.52,,1.0,,3.0
608.54,,,4.0,
608.57,,,4.0,
608.6,,,4.0,
608.64,,,4.0,
608.67,,,4.0,
608.7,,,4.0,
608.74,,,4.0,
608.77,,,4.0,
608.8,,,4.0,
608.84,,,4.0,
608.87,,,4.0,
608.9,,,4.0,
608.94,,,4.0,
608.97,,,4.0,
609.0,3.0,,,
609.01,,1.0,4.0,
609.04,,,4.0,3.0
609.07,,,4.0,
609.1,,,4.0,
609.14,,,4.0,
609.17,,,4.0,
609.2,,,4.0,
609.24,,,4.0,
609.27,,,4.0,
609.31,,,4.0,
609.34,,,4.0,
609.37,,,4.0,
609.4,,,4.0,
609.44,,,4.0,
609.47,,,4.0,
609.5,3.0,,,
609.51,,1.0,4.0,
609.52,,,,3.0
609.54,,,4.0,
609.57,,,4.0,
609.6,,,4.0,
609.64,,,4.0,
609.67,,,4.0,
609.7,,,4.0,
609.74,,,4.0,
609.77,,,4.0,
609.81,,,4.0,
609.84,,,4.0,
609.87,,,4.0,
609.9,,,4.0,
609.94,,,4.0,
609.97,,,4.0,
610.0,3.0,,,
610.01,,1.0,4.0,
610.02,,,,3.0
610.04,,,4.0,
610.07,,,4.0,
610.1,,,4.0,
610.14,,,4.0,
610.17,,,4.0,
610.2,,,4.0,
610.24,,,4.0,
610.27,,,4.0,
610.31,,,4.0,
610.34,,,4.0,
610.37,,,4.0,
610.4,,,4.0,
610.44,,,4.0,
610.47,,,4.0,
610.51,3.0,1.0,4.0,
610.52,,,,3.0
610.54,,,4.0,
610.57,,,4.0,
610.6,,,4.0,
610.64,,,4.0,
610.67,,,4.0,
610.7,,,4.0,
610.74,,,4.0,
610.77,,,4.0,
610.81,,,4.0,
610.84,,,4.0,
610.87,,,4.0,
610.9,,,4.0,
610.94,,,4.0,
610.97,,,4.0,
611.01,,1.0,4.0,
611.02,,,,3.0
611.03,3.0,,,
611.04,,,4.0,
611.07,,,4.0,
611.1,,,4.0,
611.14,,,4.0,
611.17,,,4.0,
611.2,,,4.0,
611.24,,,4.0,
611.27,,,4.0,
611.31,,,4.0,
611.34,,,4.0,
611.37,,,4.0,
611.4,,,4.0,
611.44,,,4.0,
611.47,,,4.0,
611.51,,1.0,4.0,
611.52,,,,3.0
611.53,3.0,,,
611.54,,,4.0,
611.57,,,4.0,
611.6,,,4.0,
611.64,,,4.0,
611.67,,,4.0,
611.7,,,4.0,
611.74,,,4.0,
611.77,,,4.0,
611.81,,,4.0,
611.84,,,4.0,
611.87,,,4.0,
611.9,,,4.0,
611.94,,,4.0,
611.97,,,4.0,
612.01,,1.0,4.0,
612.02,,,,2.0
612.03,2.0,,,
612.04,,,4.0,
612.07,,,4.0,
612.1,,,4.0,
612.14,,,4.0,
612.17,,,4.0,
612.2,,,4.0,
612.24,,,4.0,
612.27,,,4.0,
612.31,,,4.0,
612.34,,,4.0,
612.37,,,4.0,
612.4,,,4.0,
612.44,,,4.0,
612.47,,,4.0,
612.51,,1.0,4.0,
612.52,,,,2.0
612.53,2.0,,,
612.54,,,4.0,
612.57,,,4.0,
612.6,,,4.0,
612.64,,,4.0,
612.67,,,4.0,
612.7,,,4.0,
612.74,,,4.0,
612.77,,,4.0,
612.81,,,4.0,
612.84,,,4.0,
612.87,,,4.0,
612.9,,,4.0,
612.94,,,4.0,
612.97,,,4.0,
613.01,,1.0,4.0,
613.02,,,,2.0
613.03,3.0,,,
613.04,,,4.0,
613.07,,,4.0,
613.11,,,4.0,
613.14,,,4.0,
613.17,,,4.0,
613.21,,,4.0,
613.24,,,4.0,
613.27,,,4.0,
613.31,,,4.0,
613.34,,,4.0,
613.37,,,4.0,
613.41,,,4.0,
613.44,,,4.0,
613.47,,,4.0,
613.51,,1.0,4.0,2.0
613.53,3.0,,,
613.54,,,4.0,
613.57,,,4.0,
613.61,,,4.0,
613.64,,,4.0,
613.67,,,4.0,
613.71,,,4.0,
613.74,,,4.0,
613.77,,,4.0,
613.81,,,4.0,
613.84,,,4.0,
613.87,,,4.0,
613.91,,,4.0,
613.94,,,4.0,
613.97,,,4.0,
614.01,,1.0,4.0,2.0
614.03,3.0,,,
614.04,,,4.0,
614.07,,,4.0,
614.11,,,4.0,
614.14,,,4.0,
614.17,,,4.0,
614.21,,,4.0,
614.24,,,4.0,
614.27,,,4.0,
614.31,,,4.0,
614.34,,,4.0,
614.37,,,4.0,
614.41,,,4.0,
614.44,,,4.0,
614.47,,,4.0,
614.51,,1.0,4.0,3.0
614.53,3.0,,,
614.54,,,4.0,
614.57,,,4.0,
614.61,,,4.0,
614.64,,,4.0,
614.67,,,4.0,
614.71,,,4.0,
614.74,,,4.0,
614.77,,,4.0,
614.81,,,4.0,
614.84,,,4.0,
614.87,,,4.0,
614.91,,,4.0,
614.94,,,4.0,
614.97,,,4.0,
615.01,,1.0,4.0,3.0
615.03,3.0,,,
615.04,,,4.0,
615.07,,,4.0,
615.11,,,4.0,
615.14,,,4.0,
615.17,,,4.0,
615.21,,,4.0,
615.24,,,4.0,
615.27,,,4.0,
615.31,,,4.0,
615.34,,,4.0,
615.37,,,4.0,
615.41,,,4.0,
615.44,,,4.0,
615.47,,,4.0,
615.51,,1.0,4.0,3.0
615.53,3.0,,,
615.54,,,4.0,
615.57,,,4.0,
615.61,,,4.0,
615.64,,,4.0,
615.67,,,4.0,
615.71,,,4.0,
615.74,,,4.0,
615.77,,,4.0,
615.81,,,4.0,
615.84,,,4.0,
615.87,,,4.0,
615.91,,,4.0,
615.94,,,4.0,
615.97,,,4.0,
616.0,3.0,,,
616.01,,1.0,4.0,3.0
616.04,,,4.0,
616.07,,,4.0,
616.11,,,4.0,
616.14,,,4.0,
616.17,,,4.0,
616.21,,,4.0,
616.24,,,4.0,
616.27,,,4.0,
616.31,,,4.0,
616.34,,,4.0,
616.37,,,4.0,
616.41,,,4.0,
616.44,,,4.0,
616.47,,,4.0,
616.5,3.0,,,
616.51,,2.0,4.0,3.0
616.54,,,4.0,
616.57,,,4.0,
616.61,,,4.0,
616.64,,,4.0,
616.67,,,4.0,
616.71,,,4.0,
616.74,,,4.0,
616.77,,,4.0,
616.81,,,4.0,
616.84,,,4.0,
616.87,,,4.0,
616.91,,,4.0,
616.94,,,4.0,
616.97,,,4.0,
617.0,3.0,,,
617.01,,3.0,4.0,3.0
617.04,,,4.0,
617.08,,,4.0,
617.11,,,4.0,
617.14,,,4.0,
617.17,,,4.0,
617.21,,,4.0,
617.24,,,4.0,
617.28,,,4.0,
617.31,,,4.0,
617.34,,,4.0,
617.38,,,4.0,
617.41,,,4.0,
617.44,,,4.0,
617.47,,,4.0,
617.5,3.0,,,
617.51,,3.0,4.0,3.0
617.54,,,4.0,
617.58,,,4.0,
617.61,,,4.0,
617.64,,,4.0,
617.67,,,4.0,
617.71,,,4.0,
617.74,,,4.0,
617.78,,,4.0,
617.81,,,4.0,
617.84,,,4.0,
617.88,,,4.0,
617.91,,,4.0,
617.94,,,4.0,
617.97,,,4.0,
618.0,3.0,,4.0,
618.01,,3.0,,
618.02,,,,3.0
618.04,,,4.0,
618.08,,,4.0,
618.11,,,4.0,
618.14,,,4.0,
618.17,,,4.0,
618.22,,,4.0,
618.24,,,4.0,
618.28,,,4.0,
618.31,,,4.0,
618.34,,,4.0,
618.38,,,4.0,
618.41,,,4.0,
618.44,,,4.0,
618.47,,,4.0,
618.5,3.0,,,
618.51,,3.0,4.0,
618.52,,,,3.0
618.54,,,4.0,
618.58,,,4.0,
618.61,,,4.0,
618.64,,,4.0,
618.67,,,4.0,
618.71,,,4.0,
618.74,,,4.0,
618.78,,,4.0,
618.81,,,4.0,
618.84,,,4.0,
618.88,,,4.0,
618.91,,,4.0,
618.94,,,4.0,
618.97,,,4.0,
619.0,3.0,,,
619.01,,3.0,4.0,
619.02,,,,3.0
619.04,,,4.0,
619.08,,,4.0,
619.11,,,4.0,
619.14,,,4.0,
619.17,,,4.0,
619.21,,,4.0,
619.24,,,4.0,
619.28,,,4.0,
619.31,,,4.0,
619.34,,,4.0,
619.38,,,4.0,
619.41,,,4.0,
619.44,,,4.0,
619.47,,,4.0,
619.5,3.0,,,
619.51,,3.0,4.0,
619.52,,,,3.0
619.54,,,4.0,
619.58,,,4.0,
619.61,,,4.0,
619.64,,,4.0,
619.67,,,4.0,
619.71,,,4.0,
619.74,,,4.0,
619.78,,,4.0,
619.81,,,4.0,
619.84,,,4.0,
619.88,,,4.0,
619.91,,,4.0,
619.94,,,4.0,
619.97,,,4.0,
620.0,3.0,,,
620.01,,3.0,4.0,
620.02,,,,3.0
620.04,,,4.0,
620.08,,,4.0,
620.11,,,4.0,
620.14,,,4.0,
620.17,,,4.0,
620.21,,,4.0,
620.24,,,4.0,
620.28,,,4.0,
620.31,,,4.0,
620.34,,,4.0,
620.38,,,4.0,
620.41,,,4.0,
620.44,,,4.0,
620.47,,,4.0,
620.5,3.0,,,
620.51,,3.0,4.0,
620.52,,,,3.0
620.54,,,4.0,
620.58,,,4.0,
620.61,,,4.0,
620.64,,,4.0,
620.67,,,4.0,
620.71,,,4.0,
620.74,,,4.0,
620.78,,,4.0,
620.81,,,4.0,
620.84,,,4.0,
620.88,,,4.0,
620.91,,,4.0,
620.94,,,4.0,
620.98,,,4.0,
621.0,3.0,,,
621.01,,,4.0,
621.02,,3.0,,3.0
621.04,,,4.0,
621.08,,,4.0,
621.11,,,4.0,
621.14,,,4.0,
621.18,,,4.0,
621.21,,,4.0,
621.24,,,4.0,
621.28,,,4.0,
621.31,,,4.0,
621.34,,,4.0,
621.38,,,4.0,
621.41,,,4.0,
621.44,,,4.0,
621.48,,,4.0,
621.5,3.0,,,
621.51,,,4.0,
621.52,,3.0,,3.0
621.54,,,4.0,
621.58,,,4.0,
621.61,,,4.0,
621.64,,,4.0,
621.68,,,4.0,
621.71,,,4.0,
621.74,,,4.0,
621.78,,,4.0,
621.81,,,4.0,
621.84,,,4.0,
621.88,,,4.0,
621.91,,,4.0,
621.94,,,4.0,
621.98,,,4.0,
622.0,3.0,,,
622.01,,,4.0,
622.02,,3.0,,2.0
622.04,,,4.0,
622.08,,,4.0,
622.11,,,4.0,
622.14,,,4.0,
622.18,,,4.0,
622.21,,,4.0,
622.24,,,4.0,
622.28,,,4.0,
622.31,,,4.0,
622.34,,,4.0,
622.38,,,4.0,
622.41,,,4.0,
622.44,,,4.0,
622.48,,,4.0,
622.5,3.0,,,
622.51,,,4.0,
622.52,,3.0,,2.0
622.54,,,4.0,
622.58,,,4.0,
622.61,,,4.0,
622.64,,,4.0,
622.68,,,4.0,
622.71,,,4.0,
622.74,,,4.0,
622.78,,,4.0,
622.81,,,4.0,
622.84,,,4.0,
622.88,,,4.0,
622.91,,,4.0,
622.94,,,4.0,
622.98,,,4.0,
623.0,3.0,,,
623.01,,,4.0,
623.02,,3.0,,3.0
623.04,,,4.0,
623.08,,,4.0,
623.11,,,4.0,
623.14,,,4.0,
623.18,,,4.0,
623.21,,,4.0,
623.24,,,4.0,
623.28,,,4.0,
623.31,,,4.0,
623.34,,,4.0,
623.38,,,4.0,
623.41,,,4.0,
623.44,,,4.0,
623.48,,,4.0,
623.5,3.0,,,
623.51,,,4.0,
623.52,,2.0,,3.0
623.54,,,4.0,
623.58,,,4.0,
623.61,,,4.0,
623.64,,,4.0,
623.68,,,4.0,
623.71,,,4.0,
623.74,,,4.0,
623.78,,,4.0,
623.81,,,4.0,
623.84,,,4.0,
623.88,,,4.0,
623.91,,,4.0,
623.94,,,4.0,
623.98,,,4.0,
624.0,3.0,,,
624.01,,,4.0,
624.02,,2.0,,2.0
624.04,,,4.0,
624.08,,,4.0,
624.11,,,4.0,
624.14,,,4.0,
624.18,,,4.0,
624.21,,,4.0,
624.24,,,4.0,
624.28,,,4.0,
624.31,,,4.0,
624.34,,,4.0,
624.38,,,4.0,
624.41,,,4.0,
624.44,,,4.0,
624.48,,,4.0,
624.5,3.0,,,
624.51,,,4.0,
624.52,,2.0,,2.0
624.54,,,4.0,
624.58,,,4.0,
624.61,,,4.0,
624.64,,,4.0,
624.68,,,4.0,
624.71,,,4.0,
624.74,,,4.0,
624.78,,,4.0,
624.81,,,4.0,
624.84,,,4.0,
624.88,,,4.0,
624.91,,,4.0,
624.94,,,4.0,
624.98,,,4.0,
625.0,3.0,,,
625.01,,,4.0,
625.02,,3.0,,3.0
625.05,,,4.0,
625.08,,,4.0,
625.11,,,4.0,
625.14,,,4.0,
625.18,,,4.0,
625.21,,,4.0,
625.24,,,4.0,
625.28,,,4.0,
625.31,,,4.0,
625.34,,,4.0,
625.38,,,4.0,
625.41,,,4.0,
625.44,,,4.0,
625.48,,,4.0,
625.5,3.0,,,
625.51,,,4.0,
625.52,,2.0,,2.0
625.55,,,4.0,
625.58,,,4.0,
625.61,,,4.0,
625.64,,,4.0,
625.68,,,4.0,
625.71,,,4.0,
625.74,,,4.0,
625.78,,,4.0,
625.81,,,4.0,
625.84,,,4.0,
625.88,,,4.0,
625.91,,,4.0,
625.94,,,4.0,
625.98,,,4.0,
626.0,3.0,,,
626.01,,,4.0,
626.02,,3.0,,2.0
626.05,,,4.0,
626.08,,,4.0,
626.11,,,4.0,
626.14,,,4.0,
626.18,,,4.0,
626.21,,,4.0,
626.24,,,4.0,
626.28,,,4.0,
626.31,,,4.0,
626.34,,,4.0,
626.38,,,4.0,
626.41,,,4.0,
626.44,,,4.0,
626.48,,,4.0,
626.5,3.0,,,
626.51,,,4.0,
626.52,,3.0,,2.0
626.55,,,4.0,
626.58,,,4.0,
626.61,,,4.0,
626.64,,,4.0,
626.68,,,4.0,
626.71,,,4.0,
626.74,,,4.0,
626.78,,,4.0,
626.81,,,4.0,
626.84,,,4.0,
626.88,,,4.0,
626.91,,,4.0,
626.94,,,4.0,
626.98,,,4.0,
627.0,3.0,,,
627.01,,,4.0,
627.02,,3.0,,2.0
627.05,,,4.0,
627.08,,,4.0,
627.11,,,4.0,
627.14,,,4.0,
627.18,,,4.0,
627.21,,,4.0,
627.24,,,4.0,
627.28,,,4.0,
627.31,,,4.0,
627.34,,,4.0,
627.37,,,4.0,
627.4,,,4.0,
627.44,,,4.0,
627.47,,,4.0,
627.5,3.0,,4.0,
627.52,,3.0,,2.0
627.54,,,3.0,
627.57,,,3.0,
627.6,,,3.0,
627.64,,,3.0,
627.67,,,3.0,
627.7,,,2.0,
627.74,,,2.0,
627.77,,,2.0,
627.8,,,2.0,
627.84,,,2.0,
627.87,,,1.0,
627.9,,,1.0,
627.94,,,1.0,
627.97,,,1.0,
628.0,3.0,,1.0,
628.02,,3.0,,2.0
628.04,,,1.0,
628.07,,,1.0,
628.1,,,1.0,
628.14,,,1.0,
628.17,,,0.0,
628.2,,,0.0,
628.24,,,0.0,
628.27,,,0.0,
628.3,,,0.0,
628.34,,,0.0,
628.37,,,0.0,
628.4,,,0.0,
628.44,,,0.0,
628.47,,,0.0,
628.5,3.0,,0.0,
628.52,,3.0,,3.0
628.54,,,0.0,
628.57,,,0.0,
628.6,,,0.0,
628.64,,,0.0,
628.67,,,0.0,
628.7,,,0.0,
628.74,,,0.0,
628.77,,,0.0,
628.8,,,0.0,
628.84,,,0.0,
628.87,,,0.0,
628.9,,,0.0,
628.94,,,0.0,
628.97,,,0.0,
629.0,3.0,,,
629.01,,3.0,0.0,
629.02,,,,2.0
629.04,,,0.0,
629.07,,,0.0,
629.1,,,0.0,
629.14,,,0.0,
629.17,,,0.0,
629.2,,,0.0,
629.24,,,0.0,
629.27,,,0.0,
629.31,,,0.0,
629.34,,,0.0,
629.37,,,0.0,
629.4,,,0.0,
629.44,,,0.0,
629.47,,,0.0,
629.5,3.0,,,
629.51,,3.0,0.0,
629.52,,,,2.0
629.54,,,0.0,
629.57,,,1.0,
629.6,,,1.0,
629.64,,,1.0,
629.67,,,1.0,
629.7,,,2.0,
629.74,,,2.0,
629.77,,,2.0,
629.81,,,3.0,
629.84,,,3.0,
629.87,,,3.0,
629.9,,,3.0,
629.94,,,4.0,
629.97,,,4.0,
630.01,,3.0,4.0,
630.02,,,,3.0
630.03,3.0,,,
630.04,,,4.0,
630.07,,,4.0,
630.1,,,4.0,
630.14,,,4.0,
630.17,,,4.0,
630.2,,,4.0,
630.24,,,3.0,
630.27,,,3.0,
630.31,,,3.0,
630.34,,,3.0,
630.37,,,3.0,
630.4,,,2.0,
630.44,,,2.0,
630.47,,,2.0,
630.51,,3.0,2.0,
630.52,,,,3.0
630.53,3.0,,,
630.54,,,2.0,
630.57,,,2.0,
630.6,,,1.0,
630.64,,,1.0,
630.67,,,1.0,
630.7,,,1.0,
630.74,,,1.0,
630.77,,,1.0,
630.81,,,1.0,
630.84,,,1.0,
630.87,,,1.0,
630.9,,,1.0,
630.94,,,1.0,
630.97,,,1.0,
631.01,,3.0,1.0,
631.02,,,,2.0
631.03,3.0,,,
631.04,,,1.0,
631.07,,,1.0,
631.1,,,1.0,
631.14,,,1.0,
631.17,,,1.0,
631.2,,,1.0,
631.24,,,1.0,
631.27,,,1.0,
631.31,,,2.0,
631.34,,,2.0,
631.37,,,2.0,
631.4,,,2.0,
631.44,,,3.0,
631.47,,,3.0,
631.51,,3.0,3.0,
631.52,,,,3.0
631.53,3.0,,,
631.54,,,3.0,
631.57,,,3.0,
631.6,,,3.0,
631.64,,,3.0,
631.67,,,3.0,
631.7,,,3.0,
631.74,,,4.0,
631.77,,,4.0,
631.81,,,4.0,
631.84,,,4.0,
631.87,,,4.0,
631.9,,,4.0,
631.94,,,4.0,
631.97,,,4.0,
632.01,,3.0,4.0,
632.02,,,,2.0
632.03,3.0,,,
632.04,,,4.0,
632.07,,,4.0,
632.1,,,4.0,
632.14,,,4.0,
632.17,,,4.0,
632.2,,,4.0,
632.24,,,4.0,
632.27,,,4.0,
632.31,,,4.0,
632.34,,,4.0,
632.37,,,4.0,
632.4,,,4.0,
632.44,,,4.0,
632.47,,,4.0,
632.51,,3.0,4.0,
632.52,,,,2.0
632.53,3.0,,,
632.54,,,4.0,
632.57,,,4.0,
632.6,,,4.0,
632.64,,,4.0,
632.67,,,4.0,
632.7,,,4.0,
632.74,,,4.0,
632.77,,,4.0,
632.81,,,4.0,
632.84,,,4.0,
632.87,,,4.0,
632.9,,,4.0,
632.94,,,4.0,
632.97,,,4.0,
633.01,,2.0,4.0,
633.02,,,,3.0
633.03,3.0,,,
633.04,,,4.0,
633.07,,,4.0,
633.11,,,4.0,
633.14,,,4.0,
633.17,,,4.0,
633.21,,,4.0,
633.24,,,4.0,
633.27,,,4.0,
633.31,,,4.0,
633.34,,,4.0,
633.37,,,4.0,
633.41,,,4.0,
633.44,,,4.0,
633.47,,,4.0,
633.51,,3.0,4.0,3.0
633.53,3.0,,,
633.54,,,4.0,
633.57,,,4.0,
633.61,,,4.0,
633.64,,,4.0,
633.67,,,4.0,
633.71,,,4.0,
633.74,,,4.0,
633.77,,,4.0,
633.81,,,4.0,
633.84,,,4.0,
633.86,,,4.0,
633.91,,,4.0,
633.94,,,4.0,
633.97,,,4.0,
634.01,,3.0,4.0,3.0
634.03,3.0,,,
634.04,,,4.0,
634.07,,,4.0,
634.11,,,4.0,
634.14,,,4.0,
634.17,,,4.0,
634.21,,,4.0,
634.24,,,4.0,
634.27,,,4.0,
634.31,,,4.0,
634.34,,,4.0,
634.37,,,4.0,
634.41,,,4.0,
634.44,,,4.0,
634.47,,,4.0,
634.51,,2.0,4.0,3.0
634.53,3.0,,,
634.54,,,4.0,
634.57,,,4.0,
634.61,,,4.0,
634.64,,,4.0,
634.67,,,4.0,
634.71,,,4.0,
634.74,,,4.0,
634.77,,,4.0,
634.81,,,4.0,
634.84,,,4.0,
634.87,,,4.0,
634.91,,,4.0,
634.94,,,4.0,
634.97,,,4.0,
635.01,,2.0,4.0,3.0
635.03,3.0,,,
635.04,,,4.0,
635.07,,,4.0,
635.11,,,4.0,
635.14,,,4.0,
635.17,,,4.0,
635.21,,,4.0,
635.24,,,4.0,
635.27,,,4.0,
635.31,,,4.0,
635.34,,,4.0,
635.37,,,4.0,
635.41,,,4.0,
635.44,,,4.0,
635.47,,,4.0,
635.51,,3.0,4.0,3.0
635.53,3.0,,,
635.54,,,4.0,
635.57,,,4.0,
635.61,,,4.0,
635.64,,,4.0,
635.67,,,4.0,
635.71,,,4.0,
635.74,,,4.0,
635.77,,,4.0,
635.81,,,4.0,
635.84,,,4.0,
635.87,,,4.0,
635.91,,,4.0,
635.94,,,4.0,
635.97,,,4.0,
636.0,3.0,,,
636.01,,1.0,4.0,3.0
636.04,,,4.0,
636.07,,,4.0,
636.11,,,4.0,
636.14,,,4.0,
636.17,,,4.0,
636.21,,,4.0,
636.24,,,4.0,
636.27,,,4.0,
636.31,,,4.0,
636.34,,,4.0,
636.37,,,4.0,
636.41,,,4.0,
636.44,,,4.0,
636.47,,,4.0,
636.5,3.0,,,
636.51,,1.0,4.0,3.0
636.54,,,4.0,
636.57,,,4.0,
636.61,,,4.0,
636.64,,,4.0,
636.67,,,4.0,
636.71,,,4.0,
636.74,,,4.0,
636.77,,,4.0,
636.81,,,4.0,
636.84,,,4.0,
636.87,,,4.0,
636.91,,,4.0,
636.94,,,4.0,
636.97,,,4.0,
637.0,3.0,,,
637.01,,2.0,4.0,3.0
637.04,,,4.0,
637.08,,,4.0,
637.11,,,4.0,
637.14,,,4.0,
637.17,,,4.0,
637.21,,,4.0,
637.24,,,4.0,
637.28,,,4.0,
637.31,,,4.0,
637.34,,,4.0,
637.38,,,4.0,
637.41,,,4.0,
637.44,,,4.0,
637.47,,,4.0,
637.5,3.0,,,
637.51,,2.0,4.0,3.0
637.54,,,4.0,
637.58,,,4.0,
637.61,,,4.0,
637.64,,,4.0,
637.67,,,4.0,
637.71,,,4.0,
637.74,,,4.0,
637.78,,,4.0,
637.81,,,4.0,
637.84,,,4.0,
637.88,,,4.0,
637.91,,,4.0,
637.94,,,4.0,
637.97,,,4.0,
638.0,3.0,,,
638.01,,2.0,4.0,3.0
638.04,,,4.0,
638.08,,,4.0,
638.11,,,4.0,
638.14,,,4.0,
638.17,,,4.0,
638.21,,,4.0,
638.24,,,4.0,
638.28,,,4.0,
638.31,,,4.0,
638.34,,,4.0,
638.38,,,4.0,
638.41,,,4.0,
638.44,,,4.0,
638.47,,,4.0,
638.5,3.0,,,
638.51,,2.0,4.0,
638.52,,,,3.0
638.54,,,4.0,
638.58,,,4.0,
638.61,,,4.0,
638.64,,,4.0,
638.67,,,4.0,
638.71,,,4.0,
638.74,,,4.0,
638.78,,,4.0,
638.81,,,4.0,
638.84,,,4.0,
638.88,,,4.0,
638.91,,,4.0,
638.94,,,4.0,
638.97,,,4.0,
639.0,3.0,,,
639.01,,2.0,4.0,
639.02,,,,3.0
639.04,,,4.0,
639.08,,,4.0,
639.11,,,4.0,
639.14,,,4.0,
639.17,,,4.0,
639.21,,,4.0,
639.24,,,4.0,
639.28,,,3.0,
639.31,,,3.0,
639.34,,,3.0,
639.37,,,3.0,
639.41,,,3.0,
639.44,,,3.0,
639.47,,,3.0,
639.5,3.0,,,
639.51,,2.0,3.0,
639.52,,,,3.0
639.54,,,3.0,
639.58,,,3.0,
639.61,,,3.0,
639.64,,,3.0,
639.67,,,3.0,
639.71,,,3.0,
639.74,,,3.0,
639.78,,,3.0,
639.81,,,3.0,
639.84,,,3.0,
639.88,,,3.0,
639.91,,,3.0,
639.94,,,3.0,
639.97,,,3.0,
640.0,3.0,,,
640.01,,2.0,3.0,
640.02,,,,3.0
640.04,,,3.0,
640.08,,,3.0,
640.11,,,3.0,
640.14,,,3.0,
640.17,,,3.0,
640.21,,,3.0,
640.24,,,3.0,
640.28,,,3.0,
640.31,,,3.0,
640.34,,,3.0,
640.38,,,3.0,
640.41,,,3.0,
640.44,,,3.0,
640.47,,,3.0,
640.5,3.0,,,
640.51,,2.0,3.0,
640.52,,,,3.0
640.54,,,3.0,
640.58,,,3.0,
640.61,,,3.0,
640.64,,,3.0,
640.67,,,3.0,
640.71,,,3.0,
640.74,,,3.0,
640.78,,,3.0,
640.81,,,3.0,
640.84,,,3.0,
640.88,,,3.0,
640.91,,,3.0,
640.94,,,3.0,
640.97,,,3.0,
641.0,3.0,,,
641.01,,2.0,3.0,
641.02,,,,2.0
641.04,,,3.0,
641.08,,,3.0,
641.11,,,3.0,
641.14,,,3.0,
641.18,,,3.0,
641.21,,,3.0,
641.24,,,3.0,
641.28,,,2.0,
641.31,,,2.0,
641.34,,,2.0,
641.38,,,2.0,
641.41,,,2.0,
641.44,,,2.0,
641.48,,,2.0,
641.5,3.0,,,
641.51,,1.0,2.0,
641.52,,,,2.0
641.54,,,2.0,
641.58,,,2.0,
641.61,,,2.0,
641.64,,,2.0,
641.68,,,2.0,
642.0,3.0,,,
642.01,,3.0,2.0,
642.02,,,,0.0
642.5,3.0,,,
642.51,,,2.0,
642.52,,2.0,,0.0
643.0,3.0,,,
643.01,,,2.0,
643.02,,2.0,,0.0
643.5,3.0,,,
643.51,,,2.0,
643.52,,2.0,,1.0
644.0,3.0,,,
644.01,,,2.0,
644.02,,3.0,,1.0
644.5,3.0,,,
644.51,,,2.0,
644.52,,3.0,,1.0
645.0,3.0,,,
645.01,,,2.0,
645.02,,1.0,,1.0
645.5,3.0,,,
645.51,,,2.0,
645.52,,1.0,,1.0
646.0,3.0,,,
646.01,,,3.0,
646.02,,1.0,,1.0
646.5,3.0,,,
646.51,,,3.0,
646.52,,0.0,,1.0
647.0,3.0,,3.0,
647.02,,0.0,,1.0
647.5,3.0,,3.0,
647.52,,1.0,,1.0
648.0,2.0,,3.0,
648.02,,1.0,,2.0
648.5,1.0,,3.0,
648.52,,1.0,,2.0
649.0,,,3.0,
649.01,,1.0,,
649.02,,,,2.0
649.03,1.0,,,
649.51,,1.0,3.0,
649.52,,,,2.0
649.53,2.0,,,
650.01,,1.0,3.0,
650.02,,,,1.0
650.03,3.0,,,
650.51,,1.0,3.0,
650.52,,,,1.0
650.53,3.0,,,
651.01,,1.0,3.0,
651.02,,,,0.0
651.03,3.0,,,
651.51,,1.0,3.0,
651.52,,,,0.0
651.53,3.0,,,
652.01,,2.0,3.0,
652.02,,,,3.0
652.03,3.0,,,
652.51,,2.0,3.0,
652.52,,,,1.0
652.53,3.0,,,
653.01,,2.0,3.0,
653.02,,,,1.0
653.03,3.0,,,
653.51,,2.0,3.0,0.0
653.53,3.0,,,
654.01,,2.0,3.0,0.0
654.03,3.0,,,
654.51,,2.0,4.0,0.0
654.53,3.0,,,
655.01,,2.0,4.0,0.0
655.03,3.0,,,
655.51,,2.0,4.0,0.0
655.53,3.0,,,
656.0,3.0,,,
656.01,,2.0,4.0,0.0
656.5,3.0,,,
656.51,,2.0,4.0,1.0
657.0,3.0,,,
657.01,,2.0,4.0,3.0
657.5,3.0,,,
657.51,,3.0,4.0,2.0
658.0,3.0,,,
658.01,,2.0,4.0,2.0
658.5,3.0,,,
658.51,,1.0,4.0,2.0
659.0,3.0,,,
659.01,,1.0,4.0,2.0
659.5,3.0,,,
659.51,,2.0,4.0,
659.52,,,,2.0
660.0,3.0,,,
660.01,,2.0,4.0,
660.02,,,,2.0
660.5,3.0,,,
660.51,,2.0,4.0,
660.52,,,,2.0
661.0,3.0,,,
661.01,,3.0,4.0,
661.02,,,,3.0
661.5,3.0,,,
661.51,,3.0,4.0,
661.52,,,,3.0
662.0,3.0,,,
662.01,,3.0,3.0,
662.02,,,,3.0
662.5,3.0,,,
662.51,,3.0,3.0,
662.52,,,,3.0
663.0,3.0,,,
663.01,,3.0,3.0,
663.02,,,,3.0
663.5,3.0,,,
663.51,,3.0,3.0,
663.52,,,,3.0
664.0,3.0,,,
664.01,,,3.0,
664.02,,3.0,,3.0
664.5,3.0,,,
664.51,,,3.0,
664.52,,3.0,,3.0
665.0,3.0,,,
665.01,,,3.0,
665.02,,3.0,,3.0
665.5,3.0,,,
665.51,,,3.0,
665.52,,3.0,,3.0
666.0,3.0,,,
666.01,,,3.0,
666.02,,3.0,,3.0
666.5,3.0,,,
666.51,,,3.0,
666.52,,3.0,,3.0
667.0,3.0,,3.0,
667.02,,3.0,,3.0
667.5,3.0,,3.0,
667.52,,3.0,,3.0
668.0,,,3.0,
668.02,,2.0,,3.0
668.03,3.0,,,
668.5,,,3.0,
668.52,,3.0,,2.0
668.53,3.0,,,
669.0,,,3.0,
669.01,,3.0,,
669.02,,,,1.0
669.03,3.0,,,
669.51,,3.0,3.0,
669.52,,,,0.0
669.53,3.0,,,
670.01,,3.0,3.0,
670.02,,,,0.0
670.03,3.0,,,
670.51,,3.0,3.0,
670.52,,,,0.0
670.53,3.0,,,
671.01,,3.0,3.0,
671.02,,,,1.0
671.03,3.0,,,
671.51,,3.0,3.0,
671.52,,,,0.0
671.53,3.0,,,
672.01,,3.0,3.0,
672.02,,,,0.0
672.03,2.0,,,
672.51,,3.0,3.0,
672.52,,,,0.0
672.53,2.0,,,
673.01,,3.0,3.0,
673.02,,,,0.0
673.03,3.0,,,
673.51,,3.0,3.0,
673.52,,,,0.0
673.53,3.0,,,
674.01,,3.0,3.0,1.0
674.03,3.0,,,
674.51,,3.0,3.0,3.0
674.53,3.0,,,
675.01,,3.0,3.0,2.0
675.03,3.0,,,
675.51,,2.0,3.0,2.0
675.53,3.0,,,
676.0,3.0,,,
676.01,,2.0,3.0,2.0
676.5,3.0,,,
676.51,,2.0,3.0,2.0
677.0,3.0,,,
677.01,,2.0,3.0,2.0
677.5,3.0,,,
677.51,,2.0,3.0,2.0
678.0,3.0,,,
678.01,,3.0,3.0,2.0
678.5,3.0,,,
678.51,,2.0,3.0,2.0
679.0,3.0,,,
679.01,,2.0,3.0,2.0
679.5,3.0,,,
679.51,,2.0,3.0,2.0
680.0,3.0,,,
680.01,,2.0,3.0,2.0
680.5,3.0,,,
680.51,,2.0,3.0,
680.52,,,,2.0
681.0,3.0,,,
681.01,,2.0,3.0,
681.02,,,,2.0
681.5,3.0,,,
681.51,,2.0,3.0,
681.52,,,,3.0
682.0,3.0,,,
682.01,,2.0,3.0,
682.02,,,,3.0
682.5,3.0,,,
682.51,,2.0,3.0,
682.52,,,,3.0
683.0,3.0,,,
683.01,,2.0,3.0,
683.02,,,,3.0
683.5,3.0,,,
683.51,,2.0,3.0,
683.52,,,,3.0
684.0,3.0,,,
684.01,,2.0,3.0,
684.02,,,,2.0
684.5,3.0,,,
684.51,,2.0,3.0,
684.52,,,,2.0
685.0,3.0,,,
685.01,,,3.0,
685.02,,2.0,,2.0
685.5,3.0,,,
685.51,,,3.0,
685.52,,2.0,,2.0
686.0,3.0,,,
686.01,,,3.0,
686.02,,2.0,,2.0
686.5,3.0,,,
686.51,,,3.0,
686.52,,3.0,,3.0
687.0,3.0,,3.0,
687.02,,3.0,,3.0
687.5,,,3.0,
687.52,,3.0,,3.0
687.53,3.0,,,
688.0,,,3.0,
688.02,,3.0,,3.0
688.03,3.0,,,
688.5,,,3.0,
688.52,,3.0,,3.0
688.53,3.0,,,
689.0,,,3.0,
689.01,,3.0,,
689.02,,,,3.0
689.03,3.0,,,
689.51,,3.0,3.0,
689.52,,,,2.0
689.53,3.0,,,
690.01,,3.0,3.0,
690.02,,,,2.0
690.03,3.0,,,
690.51,,3.0,3.0,
690.52,,,,2.0
690.53,3.0,,,
691.01,,3.0,3.0,
691.02,,,,2.0
691.03,3.0,,,
691.51,,3.0,3.0,
691.52,,,,2.0
691.53,3.0,,,
692.01,,3.0,3.0,
692.02,,,,2.0
692.03,3.0,,,
692.51,,3.0,3.0,
692.52,,,,3.0
692.53,3.0,,,
693.01,,3.0,3.0,
693.02,,,,2.0
693.03,3.0,,,
693.51,,3.0,3.0,
693.52,,,,2.0
693.53,3.0,,,
694.01,,3.0,3.0,2.0
694.03,3.0,,,
694.51,,3.0,3.0,3.0
694.53,3.0,,,
695.01,,3.0,3.0,3.0
695.03,3.0,,,
695.5,3.0,,,
695.51,,3.0,3.0,3.0
696.0,3.0,,,
696.01,,3.0,3.0,3.0
696.5,3.0,,,
696.51,,3.0,3.0,2.0
697.0,3.0,,,
697.01,,3.0,3.0,2.0
697.5,3.0,,,
697.51,,3.0,3.0,2.0
698.0,3.0,,,
698.01,,3.0,3.0,2.0
698.5,3.0,,,
698.51,,3.0,3.0,2.0
699.0,3.0,,,
699.01,,3.0,3.0,2.0
699.5,3.0,,,
699.51,,3.0,3.0,2.0
700.0,3.0,,,
700.01,,3.0,3.0,2.0
700.5,3.0,,,
700.51,,3.0,3.0,2.0
701.0,3.0,,,
701.01,,3.0,3.0,2.0
701.5,3.0,,,
701.51,,3.0,3.0,
701.52,,,,2.0
702.0,2.0,,,
702.01,,3.0,3.0,
702.02,,,,2.0
702.5,2.0,,,
702.51,,3.0,3.0,
702.52,,,,2.0
703.0,2.0,,,
703.01,,3.0,3.0,
703.02,,,,2.0
703.5,2.0,,,
703.51,,3.0,3.0,
703.52,,,,2.0
704.0,2.0,,,
704.01,,3.0,3.0,
704.02,,,,3.0
704.5,2.0,,,
704.51,,3.0,3.0,
704.52,,,,3.0
705.0,3.0,,,
705.01,,3.0,3.0,
705.02,,,,3.0
705.5,3.0,,,
705.51,,3.0,3.0,
705.52,,,,3.0
706.0,3.0,,3.0,
706.01,,2.0,,
706.02,,,,3.0
706.5,3.0,,3.0,
706.52,,3.0,,3.0
707.0,,,3.0,
707.02,,3.0,,3.0
707.03,3.0,,,
707.5,,,3.0,
707.52,,3.0,,3.0
707.53,2.0,,,
708.0,,,3.0,
708.02,,3.0,,3.0
708.03,2.0,,,
708.5,,,3.0,
708.52,,3.0,,3.0
708.53,2.0,,,
709.0,,,3.0,
709.01,,3.0,,
709.02,,,,3.0
709.03,2.0,,,
709.51,,3.0,3.0,
709.52,,,,2.0
709.53,3.0,,,
710.01,,3.0,3.0,
710.02,,,,2.0
710.03,3.0,,,
710.51,,3.0,3.0,
710.52,,,,3.0
710.53,3.0,,,
711.01,,3.0,3.0,
711.02,,,,3.0
711.03,3.0,,,
711.51,,3.0,3.0,
711.52,,,,3.0
711.53,3.0,,,
712.01,,3.0,3.0,
712.02,,,,3.0
712.03,3.0,,,
712.51,,3.0,3.0,
712.52,,,,3.0
712.53,3.0,,,
713.01,,3.0,3.0,
713.02,,,,3.0
713.03,3.0,,,
713.51,,3.0,3.0,
713.52,,,,2.0
713.53,3.0,,,
714.01,,3.0,3.0,2.0
714.03,3.0,,,
714.51,,3.0,3.0,2.0
714.53,3.0,,,
715.01,,3.0,3.0,2.0
715.03,3.0,,,
715.5,3.0,,,
715.51,,3.0,3.0,3.0
716.0,3.0,,,
716.01,,3.0,3.0,3.0
716.5,3.0,,,
716.51,,3.0,3.0,3.0
717.0,3.0,,,
717.01,,3.0,3.0,3.0
717.5,3.0,,,
717.51,,3.0,3.0,3.0
718.0,3.0,,,
718.01,,3.0,3.0,3.0
718.5,3.0,,,
718.51,,3.0,3.0,3.0
719.0,3.0,,,
719.01,,3.0,3.0,3.0
719.5,3.0,,,
719.51,,3.0,3.0,3.0
720.0,2.0,,,
720.01,,3.0,3.0,0.0
720.5,2.0,,,
720.51,,3.0,3.0,0.0
721.0,2.0,,,
721.01,,3.0,3.0,1.0
721.5,2.0,,,
721.51,,3.0,3.0,3.0
722.0,2.0,,,
722.01,,3.0,3.0,
722.02,,,,3.0
722.5,2.0,,,
722.51,,3.0,3.0,
722.52,,,,2.0
723.0,3.0,,,
723.01,,3.0,3.0,
723.02,,,,2.0
723.5,3.0,,,
723.51,,3.0,3.0,
723.52,,,,2.0
724.0,3.0,,,
724.01,,3.0,3.0,
724.02,,,,2.0
724.5,3.0,,,
724.51,,3.0,3.0,
724.52,,,,2.0
725.0,3.0,,,
725.01,,3.0,3.0,
725.02,,,,2.0
725.5,3.0,,3.0,
725.51,,3.0,,
725.52,,,,2.0
726.0,3.0,,3.0,
726.01,,3.0,,
726.02,,,,2.0
726.5,3.0,,3.0,
726.51,,3.0,,
726.52,,,,2.0
727.0,,,3.0,
727.01,,3.0,,
727.02,,,,2.0
727.03,3.0,,,
727.5,,,3.0,
727.51,,3.0,,
727.52,,,,2.0
727.53,3.0,,,
728.0,,,3.0,
728.02,,3.0,,2.0
728.03,3.0,,,
728.5,,,3.0,
728.52,,3.0,,2.0
728.53,3.0,,,
729.0,,,3.0,
729.02,,3.0,,2.0
729.03,2.0,,,
729.5,,,3.0,
729.52,,3.0,,3.0
729.53,2.0,,,
730.01,,3.0,3.0,
730.02,,,,3.0
730.03,3.0,,,
730.51,,3.0,3.0,
730.52,,,,3.0
730.53,3.0,,,
731.01,,3.0,3.0,
731.02,,,,3.0
731.03,2.0,,,
731.51,,3.0,3.0,
731.52,,,,3.0
731.53,3.0,,,
732.01,,3.0,3.0,
732.02,,,,3.0
732.03,2.0,,,
732.51,,3.0,3.0,
732.52,,,,3.0
732.53,2.0,,,
733.01,,3.0,3.0,
733.02,,,,3.0
733.03,3.0,,,
733.51,,3.0,3.0,
733.52,,,,2.0
733.53,3.0,,,
734.01,,3.0,3.0,
734.02,,,,2.0
734.03,3.0,,,
734.51,,2.0,3.0,2.0
734.53,3.0,,,
735.01,,2.0,3.0,3.0
735.03,3.0,,,
735.5,3.0,,,
735.51,,2.0,3.0,3.0
736.0,3.0,,,
736.01,,2.0,3.0,3.0
736.5,2.0,,,
736.51,,2.0,3.0,3.0
737.0,2.0,,,
737.01,,2.0,3.0,3.0
737.5,3.0,,,
737.51,,3.0,3.0,3.0
738.0,3.0,,,
738.01,,3.0,3.0,1.0
738.5,3.0,,,
738.51,,2.0,3.0,1.0
739.0,3.0,,,
739.01,,2.0,3.0,1.0
739.5,3.0,,,
739.51,,3.0,3.0,2.0
740.0,3.0,,,
740.01,,2.0,3.0,2.0
740.5,2.0,,,
740.51,,2.0,3.0,2.0
741.0,2.0,,,
741.01,,2.0,3.0,1.0
741.5,2.0,,,
741.51,,3.0,3.0,1.0
742.0,2.0,,,
742.01,,3.0,3.0,1.0
742.5,2.0,,,
742.51,,3.0,3.0,1.0
743.0,2.0,,,
743.01,,3.0,3.0,
743.02,,,,2.0
743.5,2.0,,,
743.51,,3.0,3.0,
743.52,,,,2.0
744.0,2.0,,,
744.01,,3.0,3.0,
744.02,,,,2.0
744.5,2.0,,3.0,
744.51,,3.0,,
744.52,,,,2.0
745.0,3.0,,3.0,
745.01,,3.0,,
745.02,,,,2.0
745.5,3.0,,3.0,
745.51,,3.0,,
745.52,,,,2.0
746.0,,,3.0,
746.01,,3.0,,
746.02,,,,2.0
746.03,2.0,,,
746.5,,,3.0,
746.51,,3.0,,
746.52,,,,2.0
746.53,2.0,,,
747.0,,,3.0,
747.01,,3.0,,
747.02,,,,3.0
747.03,3.0,,,
747.5,,,3.0,
747.51,,3.0,,
747.52,,,,3.0
747.53,2.0,,,
748.0,,,3.0,
748.01,,3.0,,
748.02,,,,3.0
748.03,3.0,,,
748.5,,,3.0,
748.51,,3.0,,
748.52,,,,3.0
748.53,2.0,,,
749.0,,,3.0,
749.01,,3.0,,
749.02,,,,3.0
749.03,2.0,,,
749.5,,,3.0,
749.52,,3.0,,3.0
749.53,3.0,,,
750.01,,3.0,3.0,
750.02,,,,3.0
750.03,2.0,,,
750.51,,3.0,3.0,
750.52,,,,3.0
750.53,2.0,,,
751.01,,3.0,3.0,
751.02,,,,3.0
751.03,2.0,,,
751.51,,3.0,3.0,
751.52,,,,3.0
751.53,2.0,,,
752.01,,3.0,3.0,
752.02,,,,3.0
752.03,2.0,,,
752.51,,3.0,3.0,
752.52,,,,3.0
752.53,2.0,,,
753.01,,3.0,3.0,
753.02,,,,3.0
753.03,2.0,,,
753.51,,3.0,3.0,
753.52,,,,3.0
753.53,2.0,,,
754.01,,3.0,3.0,
754.02,,,,3.0
754.03,3.0,,,
754.51,,3.0,3.0,3.0
754.53,2.0,,,
755.01,,3.0,3.0,2.0
755.03,2.0,,,
755.5,2.0,,,
755.51,,3.0,3.0,2.0
756.0,2.0,,,
756.01,,3.0,3.0,2.0
756.5,2.0,,,
756.51,,3.0,3.0,3.0
757.0,2.0,,,
757.01,,3.0,3.0,3.0
757.5,2.0,,,
757.51,,3.0,3.0,3.0
758.0,2.0,,,
758.01,,3.0,3.0,3.0
758.5,2.0,,,
758.51,,3.0,3.0,3.0
759.0,2.0,,,
759.01,,3.0,3.0,3.0
759.5,2.0,,,
759.51,,3.0,3.0,3.0
760.0,2.0,,,
760.01,,3.0,3.0,3.0
760.5,2.0,,,
760.51,,3.0,3.0,3.0
761.0,2.0,,,
761.01,,3.0,3.0,3.0
761.5,2.0,,,
761.51,,3.0,3.0,3.0
762.0,2.0,,,
762.01,,3.0,3.0,3.0
762.5,3.0,,,
762.51,,3.0,4.0,3.0
763.0,3.0,,,
763.01,,3.0,4.0,3.0
763.5,3.0,,,
763.51,,2.0,4.0,3.0
764.0,2.0,,,
764.01,,2.0,4.0,
764.02,,,,3.0
764.5,2.0,,4.0,
764.51,,3.0,,
764.52,,,,3.0
765.0,2.0,,4.0,
765.01,,3.0,,
765.02,,,,3.0
765.5,2.0,,4.0,
765.51,,3.0,,
765.52,,,,3.0
766.0,,,3.0,
766.01,,3.0,,
766.02,,,,3.0
766.03,2.0,,,
766.5,,,3.0,
766.51,,3.0,,
766.52,,,,3.0
766.53,3.0,,,
767.0,,,3.0,
767.01,,3.0,,
767.02,,,,3.0
767.03,3.0,,,
767.5,,,3.0,
767.51,,2.0,,
767.52,,,,3.0
767.53,3.0,,,
768.0,,,3.0,
768.01,,2.0,,
768.02,,,,3.0
768.03,3.0,,,
768.5,,,4.0,
768.51,,2.0,,
768.52,,,,3.0
768.53,3.0,,,
769.0,,,4.0,
769.01,,2.0,,
769.02,,,,3.0
769.03,2.0,,,
769.5,,,4.0,
769.51,,2.0,,
769.52,,,,3.0
769.53,2.0,,,
770.0,,3.0,,
770.01,,,4.0,
770.02,,,,3.0
770.03,3.0,,,
770.51,,3.0,4.0,
770.52,,,,3.0
770.53,3.0,,,
771.01,,3.0,4.0,
771.02,,,,3.0
771.03,3.0,,,
771.51,,2.0,4.0,
771.52,,,,3.0
771.53,3.0,,,
772.01,,2.0,4.0,
772.02,,,,3.0
772.03,3.0,,,
772.51,,2.0,4.0,
772.52,,,,3.0
772.53,3.0,,,
773.01,,2.0,4.0,
773.02,,,,3.0
773.03,3.0,,,
773.51,,3.0,4.0,
773.52,,,,3.0
773.53,3.0,,,
774.01,,3.0,4.0,
774.02,,,,3.0
774.03,3.0,,,
774.51,,3.0,4.0,3.0
774.53,3.0,,,
775.01,,3.0,4.0,3.0
775.03,3.0,,,
775.5,3.0,,,
775.51,,3.0,4.0,2.0
776.0,3.0,,,
776.01,,2.0,4.0,3.0
776.5,3.0,,,
776.51,,3.0,4.0,3.0
777.0,3.0,,,
777.01,,3.0,4.0,3.0
777.5,3.0,,,
777.51,,3.0,4.0,3.0
778.0,3.0,,,
778.01,,3.0,4.0,3.0
778.5,3.0,,,
778.51,,2.0,4.0,3.0
779.0,3.0,,,
779.01,,3.0,4.0,3.0
779.5,3.0,,,
779.51,,2.0,4.0,3.0
780.0,3.0,,,
780.01,,2.0,4.0,3.0
780.5,3.0,,,
780.51,,2.0,4.0,3.0
781.0,3.0,,,
781.01,,2.0,4.0,3.0
781.5,3.0,,,
781.51,,2.0,4.0,3.0
782.0,3.0,,,
782.01,,3.0,4.0,3.0
782.5,3.0,,,
782.51,,3.0,4.0,3.0
783.0,3.0,,,
783.01,,3.0,4.0,3.0
783.5,3.0,,,
783.51,,3.0,4.0,3.0
784.0,3.0,,4.0,
784.01,,3.0,,2.0
784.5,2.0,,4.0,
784.51,,3.0,,2.0
785.0,2.0,,4.0,
785.01,,3.0,,
785.02,,,,2.0
785.5,,,4.0,
785.51,,3.0,,
785.52,,,,2.0
785.53,2.0,,,
786.0,,,4.0,
786.01,,3.0,,
786.02,,,,2.0
786.03,2.0,,,
786.5,,,4.0,
786.51,,3.0,,
786.52,,,,2.0
786.53,2.0,,,
787.0,,,4.0,
787.01,,3.0,,
787.02,,,,2.0
787.03,3.0,,,
787.5,,,4.0,
787.51,,3.0,,
787.52,,,,2.0
787.53,3.0,,,
788.0,,,4.0,
788.01,,3.0,,
788.02,,,,2.0
788.03,3.0,,,
788.5,,,4.0,
788.51,,3.0,,
788.52,,,,2.0
788.53,3.0,,,
789.0,,,4.0,
789.01,,3.0,,
789.02,,,,2.0
789.03,3.0,,,
789.5,,,4.0,
789.51,,3.0,,
789.52,,,,2.0
789.53,2.0,,,
790.0,,3.0,,
790.01,,,4.0,
790.02,,,,2.0
790.03,3.0,,,
790.5,,3.0,,
790.51,,,4.0,
790.52,,,,2.0
790.53,3.0,,,
791.0,,3.0,,
791.01,,,4.0,
791.02,,,,3.0
791.03,3.0,,,
791.5,,3.0,,
791.51,,,4.0,
791.52,,,,3.0
791.53,3.0,,,
792.01,,3.0,3.0,
792.02,,,,3.0
792.03,3.0,,,
792.51,,3.0,3.0,
792.52,,,,3.0
792.53,3.0,,,
793.01,,3.0,3.0,
793.02,,,,3.0
793.03,3.0,,,
793.51,,3.0,3.0,
793.52,,,,3.0
793.53,3.0,,,
794.01,,3.0,3.0,
794.02,,,,3.0
794.03,3.0,,,
794.51,,2.0,3.0,
794.52,,,,3.0
794.53,3.0,,,
795.0,3.0,,,
795.01,,2.0,3.0,3.0
795.5,3.0,,,
795.51,,2.0,3.0,3.0
796.0,3.0,,,
796.01,,2.0,3.0,3.0
796.5,3.0,,,
796.51,,2.0,3.0,3.0
797.0,3.0,,,
797.01,,2.0,3.0,3.0
797.5,3.0,,,
797.51,,2.0,3.0,2.0
798.0,3.0,,,
798.01,,2.0,3.0,2.0
798.5,2.0,,,
798.51,,2.0,3.0,3.0
799.0,2.0,,,
799.01,,3.0,3.0,2.0
799.5,2.0,,,
799.51,,3.0,3.0,2.0
800.01,,3.0,3.0,2.0
800.04,3.0,,,
800.5,2.0,,,
800.51,,3.0,3.0,2.0
801.0,2.0,,,
801.01,,3.0,3.0,2.0
801.5,2.0,,,
801.51,,3.0,3.0,2.0
802.0,2.0,,,
802.01,,3.0,3.0,3.0
802.5,3.0,,,
802.51,,3.0,3.0,3.0
803.0,3.0,,,
803.01,,3.0,3.0,2.0
803.5,2.0,,3.0,
803.51,,3.0,,2.0
804.0,3.0,,3.0,
804.01,,3.0,,2.0
804.5,2.0,,3.0,
804.51,,3.0,,2.0
805.0,,,3.0,
805.01,,3.0,,2.0
805.03,2.0,,,
805.5,,,3.0,
805.51,,3.0,,
805.52,,,,2.0
805.53,2.0,,,
806.0,,,3.0,
806.01,,3.0,,
806.02,,,,2.0
806.03,2.0,,,
806.5,,,3.0,
806.51,,3.0,,
806.52,,,,3.0
806.53,2.0,,,
807.0,,,3.0,
807.01,,3.0,,
807.02,,,,2.0
807.03,2.0,,,
807.5,,,3.0,
807.51,,3.0,,
807.52,,,,1.0
807.53,3.0,,,
808.0,,,3.0,
808.01,,3.0,,
808.02,,,,1.0
808.03,3.0,,,
808.5,,,3.0,
808.51,,3.0,,
808.52,,,,0.0
808.53,3.0,,,
809.0,,,3.0,
809.01,,3.0,,
809.02,,,,1.0
809.03,3.0,,,
809.5,,,3.0,
809.51,,3.0,,
809.52,,,,3.0
809.53,3.0,,,
810.01,,3.0,3.0,
810.02,,,,2.0
810.03,3.0,,,
810.5,,3.0,,
810.51,,,3.0,
810.52,,,,2.0
810.53,3.0,,,
811.0,,3.0,,
811.01,,,3.0,
811.02,,,,2.0
811.03,3.0,,,
811.5,,3.0,,
811.51,,,3.0,
811.52,,,,2.0
811.53,3.0,,,
812.0,,3.0,,
812.01,,,3.0,
812.02,,,,2.0
812.03,3.0,,,
812.5,,3.0,,
812.51,,,3.0,
812.52,,,,2.0
812.53,2.0,,,
813.0,,3.0,,
813.01,,,3.0,
813.02,,,,2.0
813.03,2.0,,,
813.51,,3.0,3.0,
813.52,,,,2.0
813.53,2.0,,,
814.01,,3.0,3.0,
814.02,,,,2.0
814.03,2.0,,,
814.51,,3.0,3.0,
814.52,,,,2.0
814.53,2.0,,,
815.0,2.0,,,
815.01,,3.0,3.0,
815.02,,,,2.0
815.5,3.0,,,
815.51,,3.0,3.0,
815.52,,,,2.0
816.0,3.0,,,
816.01,,3.0,3.0,2.0
816.5,3.0,,,
816.51,,3.0,3.0,2.0
817.0,3.0,,,
817.01,,3.0,3.0,2.0
817.5,3.0,,,
817.51,,3.0,3.0,2.0
818.0,3.0,,,
818.01,,3.0,2.0,2.0
818.5,3.0,,,
818.51,,3.0,2.0,2.0
819.0,3.0,,,
819.01,,3.0,2.0,2.0
819.5,3.0,,,
819.51,,3.0,3.0,2.0
820.0,3.0,,,
820.01,,3.0,3.0,2.0
820.5,3.0,,,
820.51,,3.0,3.0,2.0
821.0,3.0,,,
821.01,,3.0,3.0,2.0
821.5,3.0,,,
821.51,,3.0,3.0,2.0
822.0,3.0,,,
822.01,,3.0,3.0,2.0
822.5,3.0,,3.0,
822.51,,3.0,,2.0
823.0,3.0,,3.0,
823.01,,3.0,,3.0
823.5,3.0,,3.0,
823.51,,3.0,,2.0
824.0,2.0,,3.0,
824.01,,3.0,,3.0
824.5,,,3.0,
824.51,,3.0,,3.0
824.53,3.0,,,
825.0,,,3.0,
825.01,,3.0,,3.0
825.03,3.0,,,
825.5,,,3.0,
825.51,,3.0,,2.0
825.53,3.0,,,
826.0,,,3.0,
826.01,,3.0,,2.0
826.03,2.0,,,
826.5,,,3.0,
826.51,,3.0,,
826.52,,,,2.0
826.53,2.0,,,
827.0,,,3.0,
827.01,,3.0,,
827.02,,,,2.0
827.03,1.0,,,
827.5,,,3.0,
827.51,,3.0,,
827.52,,,,2.0
827.53,1.0,,,
828.0,,,3.0,
828.01,,3.0,,
828.02,,,,2.0
828.03,2.0,,,
828.5,,,2.0,
828.51,,3.0,,
828.52,,,,3.0
828.53,3.0,,,
829.0,,,3.0,
829.01,,3.0,,
829.02,,,,2.0
829.03,3.0,,,
829.5,,,3.0,
829.51,,3.0,,
829.52,,,,3.0
829.53,2.0,,,
830.0,,,3.0,
830.01,,3.0,,
830.02,,,,3.0
830.03,2.0,,,
830.5,,3.0,,
830.51,,,3.0,
830.52,,,,3.0
830.53,3.0,,,
831.0,,3.0,,
831.01,,,3.0,
831.02,,,,3.0
831.03,3.0,,,
831.5,,3.0,,
831.51,,,3.0,
831.52,,,,3.0
831.53,3.0,,,
832.0,,3.0,,
832.01,,,3.0,
832.02,,,,3.0
832.03,3.0,,,
832.5,,2.0,,
832.51,,,3.0,
832.52,,,,3.0
832.53,3.0,,,
833.0,,3.0,,
833.01,,,2.0,
833.02,,,,3.0
833.03,3.0,,,
833.5,,2.0,,
833.51,,,2.0,
833.52,,,,3.0
833.53,3.0,,,
834.0,,2.0,,
834.01,,,4.0,
834.02,,,,3.0
834.03,3.0,,,
834.5,,2.0,,
834.51,,,4.0,
834.52,,,,3.0
834.53,3.0,,,
835.0,3.0,,,
835.01,,2.0,4.0,3.0
835.5,3.0,,,
835.51,,2.0,4.0,2.0
836.0,3.0,,,
836.01,,2.0,4.0,2.0
836.5,3.0,,,
836.51,,2.0,0.0,2.0
837.0,3.0,,,
837.01,,2.0,0.0,2.0
837.5,2.0,,,
837.51,,2.0,0.0,2.0
838.0,2.0,,,
838.01,,2.0,0.0,2.0
838.5,2.0,,,
838.51,,2.0,0.0,2.0
839.0,2.0,,,
839.01,,1.0,0.0,2.0
839.5,2.0,,,
839.51,,2.0,0.0,2.0
840.0,2.0,,,
840.01,,2.0,0.0,2.0
840.5,2.0,,,
840.51,,2.0,0.0,2.0
841.0,2.0,,,
841.01,,2.0,0.0,2.0
841.5,2.0,,0.0,
841.51,,2.0,,2.0
842.0,2.0,,0.0,
842.01,,2.0,,2.0
842.5,2.0,,0.0,
842.51,,2.0,,2.0
843.0,2.0,,0.0,
843.01,,2.0,,2.0
843.5,2.0,,0.0,
843.51,,2.0,,2.0
844.0,,,0.0,
844.01,,2.0,,2.0
844.03,2.0,,,
844.5,,,0.0,
844.51,,2.0,,2.0
844.53,2.0,,,
845.0,,,0.0,
845.01,,2.0,,2.0
845.03,2.0,,,
845.5,,,0.0,
845.51,,2.0,,2.0
845.53,2.0,,,
846.0,,,0.0,
846.01,,2.0,,2.0
846.03,2.0,,,
846.5,,,0.0,
846.51,,2.0,,2.0
846.53,2.0,,,
847.0,,,0.0,
847.01,,2.0,,2.0
847.03,2.0,,,
847.5,,,0.0,
847.51,,2.0,,
847.52,,,,2.0
847.53,2.0,,,
848.0,,,0.0,
848.01,,2.0,,
848.02,,,,2.0
848.03,2.0,,,
848.5,,,0.0,
848.51,,2.0,,
848.52,,,,2.0
848.53,2.0,,,
849.0,,,0.0,
849.01,,2.0,,
849.02,,,,2.0
849.03,2.0,,,
849.5,,,0.0,
849.51,,2.0,,
849.52,,,,2.0
849.53,2.0,,,
850.0,,,0.0,
850.01,,2.0,,
850.02,,,,2.0
850.03,2.0,,,
850.51,,2.0,0.0,
850.52,,,,2.0
850.53,2.0,,,
851.0,,2.0,,
851.01,,,0.0,
851.02,,,,2.0
851.03,2.0,,,
851.5,,2.0,,
851.51,,,0.0,
851.52,,,,2.0
851.53,2.0,,,
852.01,,2.0,0.0,
852.02,,,,2.0
852.03,2.0,,,
852.51,,2.0,0.0,
852.52,,,,2.0
852.53,2.0,,,
853.01,,2.0,0.0,
853.02,,,,2.0
853.03,2.0,,,
853.51,,0.0,0.0,
853.52,,,,2.0
853.53,2.0,,,
854.01,,0.0,0.0,
854.02,,,,2.0
854.03,2.0,,,
854.5,2.0,,,
854.51,,0.0,0.0,
854.52,,,,2.0
855.0,2.0,,,
855.01,,0.0,0.0,
855.02,,,,2.0
855.5,2.0,,,
855.51,,2.0,0.0,2.0
856.0,2.0,,,
856.01,,2.0,0.0,2.0
856.5,2.0,,,
856.51,,2.0,0.0,2.0
857.0,2.0,,,
857.01,,2.0,0.0,2.0
857.5,2.0,,,
857.51,,2.0,0.0,2.0
858.0,2.0,,,
858.01,,2.0,0.0,2.0
858.5,2.0,,,
858.51,,2.0,0.0,2.0
859.0,2.0,,,
859.01,,2.0,0.0,2.0
859.5,2.0,,,
859.51,,2.0,0.0,
859.52,,,,2.0
860.0,2.0,,,
860.01,,2.0,0.0,2.0
860.5,2.0,,,
860.51,,2.0,0.0,2.0
861.0,2.0,,0.0,
861.01,,2.0,,2.0
861.5,2.0,,0.0,
861.51,,,,2.0
861.62,,2.0,,
862.0,2.0,,0.0,
862.01,,2.0,,2.0
862.5,2.0,,0.0,
862.51,,2.0,,2.0
863.0,,,0.0,
863.01,,2.0,,2.0
863.03,2.0,,,
863.5,,,0.0,
863.51,,1.0,,2.0
863.53,2.0,,,
864.0,,,0.0,
864.01,,2.0,,2.0
864.03,2.0,,,
864.5,,,0.0,
864.51,,2.0,,2.0
864.53,2.0,,,
865.0,,,0.0,
865.01,,2.0,,2.0
865.03,2.0,,,
865.5,,,0.0,
865.51,,2.0,,2.0
865.53,2.0,,,
866.0,,,0.0,
866.01,,2.0,,2.0
866.03,2.0,,,
866.5,,,0.0,
866.51,,2.0,,2.0
866.53,2.0,,,
867.0,,,0.0,
867.01,,2.0,,2.0
867.03,2.0,,,
867.5,,,0.0,
867.51,,2.0,,2.0
867.53,2.0,,,
868.0,,,0.0,
868.01,,2.0,,
868.02,,,,2.0
868.03,2.0,,,
868.5,,,0.0,
868.51,,2.0,,
868.52,,,,2.0
868.53,2.0,,,
869.0,,,0.0,
869.01,,2.0,,
869.02,,,,2.0
869.03,2.0,,,
869.5,,,0.0,
869.51,,2.0,,
869.52,,,,2.0
869.53,2.0,,,
870.0,,,0.0,
870.01,,2.0,,
870.02,,,,2.0
870.03,2.0,,,
870.51,,2.0,0.0,
870.52,,,,2.0
870.53,2.0,,,
871.01,,2.0,0.0,
871.02,,,,2.0
871.03,2.0,,,
871.51,,2.0,0.0,
871.52,,,,2.0
871.53,2.0,,,
872.0,,2.0,,
872.01,,,0.0,
872.02,,,,2.0
872.03,2.0,,,
872.5,,2.0,,
872.51,,,0.0,
872.52,,,,2.0
872.53,2.0,,,
873.0,,2.0,,
873.01,,,0.0,
873.02,,,,2.0
873.03,2.0,,,
873.51,,2.0,0.0,
873.52,,,,2.0
873.53,2.0,,,
874.01,,2.0,0.0,
874.02,,,,2.0
874.03,2.0,,,
874.5,2.0,,,
874.51,,2.0,0.0,
874.52,,,,2.0
875.0,2.0,,,
875.01,,2.0,0.0,
875.02,,,,2.0
875.5,2.0,,,
875.51,,2.0,0.0,2.0
876.0,2.0,,,
876.01,,2.0,0.0,2.0
876.5,2.0,,,
876.51,,2.0,0.0,2.0
877.0,2.0,,,
877.01,,2.0,0.0,2.0
877.5,2.0,,,
877.51,,2.0,0.0,2.0
878.0,2.0,,,
878.01,,1.0,0.0,2.0
878.5,2.0,,,
878.51,,1.0,0.0,2.0
879.0,2.0,,,
879.01,,1.0,0.0,2.0
879.5,2.0,,,
879.51,,1.0,0.0,2.0
880.0,2.0,,,
880.01,,1.0,0.0,2.0
880.5,2.0,,,
880.51,,1.0,0.0,2.0
881.0,2.0,,0.0,
881.01,,1.0,,2.0
881.5,2.0,,0.0,
881.51,,1.0,,2.0
882.0,2.0,,0.0,
882.01,,1.0,,2.0
882.5,,,0.0,
882.51,,1.0,,2.0
882.53,2.0,,,
883.0,,,0.0,
883.01,,2.0,,2.0
883.03,2.0,,,
883.5,,,0.0,
883.51,,2.0,,2.0
883.53,2.0,,,
884.0,,,0.0,
884.01,,2.0,,2.0
884.03,2.0,,,
884.5,,,0.0,
884.51,,2.0,,2.0
884.53,2.0,,,
885.0,,,0.0,
885.01,,2.0,,2.0
885.03,2.0,,,
885.5,,,0.0,
885.51,,2.0,,2.0
885.53,2.0,,,
886.0,,,0.0,
886.01,,2.0,,2.0
886.03,2.0,,,
886.5,,,0.0,
886.51,,2.0,,2.0
886.53,2.0,,,
887.0,,,0.0,
887.01,,2.0,,2.0
887.03,2.0,,,
887.5,,,0.0,
887.51,,2.0,,2.0
887.53,2.0,,,
888.0,,,0.0,
888.01,,2.0,,2.0
888.03,2.0,,,
888.5,,,0.0,
888.51,,2.0,,2.0
888.53,2.0,,,
889.0,,,0.0,
889.01,,2.0,,
889.02,,,,2.0
889.03,2.0,,,
889.5,,,0.0,
889.51,,2.0,,
889.52,,,,2.0
889.53,2.0,,,
890.0,,,0.0,
890.01,,2.0,,
890.02,,,,2.0
890.03,2.0,,,
890.51,,2.0,0.0,
890.52,,,,2.0
890.53,2.0,,,
891.0,,2.0,,
891.01,,,0.0,
891.02,,,,2.0
891.03,2.0,,,
891.5,,2.0,,
891.51,,,0.0,
891.52,,,,2.0
891.53,2.0,,,
892.0,,2.0,,
892.01,,,0.0,
892.02,,,,2.0
892.03,2.0,,,
892.5,,2.0,,
892.51,,,0.0,
892.52,,,,2.0
892.53,2.0,,,
893.0,,2.0,,
893.01,,,0.0,
893.02,,,,2.0
893.03,2.0,,,
893.5,,2.0,,
893.51,,,0.0,
893.52,,,,2.0
893.53,2.0,,,
894.0,,2.0,,
894.01,,,0.0,
894.02,,,,2.0
894.03,2.0,,,
894.5,2.0,,,
894.51,,2.0,0.0,
894.52,,,,2.0
895.0,2.0,,,
895.01,,2.0,0.0,
895.02,,,,2.0
895.5,2.0,,,
895.51,,2.0,0.0,2.0
896.0,2.0,,,
896.01,,2.0,0.0,2.0
896.5,2.0,,,
896.51,,2.0,0.0,2.0
897.0,2.0,,,
897.01,,2.0,0.0,2.0
897.5,2.0,,,
897.51,,1.0,0.0,2.0
898.0,2.0,,,
898.01,,1.0,0.0,2.0
898.5,2.0,,,
898.51,,1.0,0.0,2.0
899.0,2.0,,,
899.01,,2.0,0.0,2.0
899.5,2.0,,,
899.51,,2.0,0.0,1.0
900.0,2.0,,,
900.01,,1.0,0.0,0.0
900.5,2.0,,,
900.51,,0.0,0.0,0.0
901.0,2.0,,0.0,
901.01,,0.0,,0.0
901.5,1.0,,0.0,
901.51,,0.0,,0.0
902.0,,,0.0,
902.01,,0.0,,2.0
902.03,0.0,,,
902.5,,,0.0,
902.51,,0.0,,1.0
902.53,0.0,,,
903.0,,,0.0,
903.01,,0.0,,1.0
903.03,0.0,,,
903.5,,,0.0,
903.51,,0.0,,0.0
903.53,0.0,,,
904.0,,,0.0,
904.01,,0.0,,2.0
904.03,1.0,,,
904.5,,,0.0,
904.51,,2.0,,2.0
904.53,2.0,,,
905.0,,,0.0,
905.01,,2.0,,2.0
905.03,2.0,,,
905.5,,,0.0,
905.51,,2.0,,2.0
905.53,0.0,,,
906.0,,,0.0,
906.01,,2.0,,2.0
906.03,0.0,,,
906.5,,,0.0,
906.51,,2.0,,2.0
906.53,0.0,,,
907.0,,,0.0,
907.01,,2.0,,2.0
907.03,2.0,,,
907.5,,,0.0,
907.51,,2.0,,2.0
907.53,2.0,,,
908.0,,,0.0,
908.01,,2.0,,2.0
908.03,2.0,,,
908.5,,,0.0,
908.51,,2.0,,2.0
908.53,2.0,,,
909.0,,,0.0,
909.01,,2.0,,2.0
909.03,2.0,,,
909.5,,,0.0,
909.51,,2.0,,2.0
909.53,2.0,,,
910.0,,,0.0,
910.01,,2.0,,
910.02,,,,2.0
910.03,2.0,,,
910.5,,,0.0,
910.51,,2.0,,
910.52,,,,2.0
910.53,2.0,,,
911.0,,2.0,,
911.01,,,0.0,
911.02,,,,2.0
911.03,2.0,,,
911.5,,2.0,,
911.51,,,0.0,
911.52,,,,2.0
911.53,2.0,,,
912.0,,2.0,,
912.01,,,0.0,
912.02,,,,2.0
912.03,2.0,,,
912.5,,2.0,,
912.51,,,0.0,
912.52,,,,2.0
912.53,2.0,,,
913.0,,2.0,,
913.01,,,0.0,
913.02,,,,2.0
913.03,2.0,,,
913.5,,2.0,,
913.51,,,0.0,
913.52,,,,2.0
913.53,2.0,,,
914.0,,2.0,,
914.01,,,0.0,
914.02,,,,2.0
914.03,2.0,,,
914.5,2.0,2.0,,
914.51,,,0.0,
914.52,,,,2.0
915.0,2.0,2.0,,
915.01,,,0.0,
915.02,,,,2.0
915.5,2.0,2.0,,
915.51,,,0.0,2.0
916.0,2.0,,,
916.01,,2.0,0.0,2.0
916.5,2.0,,,
916.51,,2.0,0.0,2.0
917.0,2.0,,,
917.01,,2.0,0.0,2.0
917.5,2.0,,,
917.51,,2.0,0.0,2.0
918.0,2.0,,,
918.01,,2.0,,2.0
918.02,,,0.0,
918.5,2.0,,,
918.51,,2.0,,2.0
918.52,,,0.0,
919.0,2.0,,,
919.01,,2.0,0.0,2.0
919.5,2.0,,,
919.51,,2.0,0.0,2.0
920.0,2.0,,,
920.01,,2.0,0.0,2.0
920.5,2.0,,0.0,
920.51,,2.0,,2.0
921.0,2.0,,0.0,
921.01,,2.0,,2.0
921.5,2.0,,0.0,
921.51,,2.0,,2.0
922.01,,2.0,0.0,2.0
922.03,2.0,,,
922.51,,2.0,0.0,2.0
922.53,2.0,,,
923.01,,2.0,0.0,2.0
923.03,2.0,,,
923.51,,2.0,0.0,2.0
923.53,2.0,,,
924.01,,2.0,0.0,2.0
924.03,2.0,,,
924.51,,2.0,0.0,2.0
924.53,2.0,,,
925.01,,2.0,0.0,2.0
925.03,2.0,,,
925.51,,2.0,0.0,2.0
925.53,2.0,,,
926.01,,2.0,0.0,2.0
926.03,2.0,,,
926.51,,2.0,0.0,2.0
926.53,2.0,,,
927.0,,,0.0,
927.01,,2.0,,2.0
927.03,2.0,,,
927.5,,,0.0,
927.51,,2.0,,2.0
927.53,2.0,,,
928.0,,,0.0,
928.01,,2.0,,2.0
928.03,2.0,,,
928.5,,,0.0,
928.51,,2.0,,2.0
928.53,2.0,,,
929.0,,,0.0,
929.01,,2.0,,2.0
929.03,2.0,,,
929.5,,,0.0,
929.51,,2.0,,2.0
929.53,2.0,,,
930.0,,,0.0,
930.01,,2.0,,2.0
930.03,2.0,,,
930.5,,,0.0,
930.51,,2.0,,2.0
930.53,2.0,,,
931.01,,2.0,0.0,
931.02,,,,2.0
931.03,2.0,,,
931.5,,2.0,,
931.51,,,0.0,
931.52,,,,2.0
931.53,2.0,,,
932.0,,2.0,,
932.01,,,0.0,
932.02,,,,2.0
932.03,2.0,,,
932.5,,2.0,,
932.51,,,0.0,
932.52,,,,2.0
932.53,2.0,,,
933.0,,2.0,,
933.01,,,0.0,
933.02,,,,2.0
933.03,2.0,,,
933.5,,2.0,,
933.51,,,0.0,
933.52,,,,2.0
933.53,2.0,,,
934.0,,1.0,,
934.01,,,0.0,
934.02,,,,2.0
934.03,2.0,,,
934.5,2.0,1.0,,
934.51,,,0.0,
934.52,,,,2.0
935.0,2.0,2.0,,
935.01,,,0.0,
935.02,,,,2.0
935.5,2.0,2.0,,
935.51,,,0.0,
935.52,,,,2.0
936.0,2.0,2.0,,
936.01,,,0.0,2.0
936.5,2.0,2.0,,
936.51,,,0.0,2.0
937.0,2.0,2.0,,
937.01,,,0.0,2.0
937.5,2.0,,,
937.51,,2.0,0.0,2.0
938.0,2.0,,,
938.01,,2.0,0.0,2.0
938.5,2.0,,,
938.51,,2.0,0.0,0.0
939.0,2.0,,,
939.01,,1.0,0.0,0.0
939.5,2.0,,,
939.51,,1.0,0.0,2.0
940.0,1.0,,0.0,
940.01,,1.0,,2.0
940.5,2.0,,0.0,
940.51,,1.0,,2.0
941.0,2.0,,0.0,
941.01,,2.0,,2.0
941.5,2.0,,0.0,
941.51,,2.0,,2.0
942.0,,,0.0,
942.01,,2.0,,2.0
942.03,2.0,,,
942.5,,,0.0,
942.51,,2.0,,2.0
942.53,2.0,,,
943.0,,,0.0,
943.01,,2.0,,2.0
943.03,2.0,,,
943.5,,,0.0,
943.51,,2.0,,2.0
943.53,2.0,,,
944.0,,,0.0,
944.01,,2.0,,2.0
944.03,2.0,,,
944.5,,,0.0,
944.51,,2.0,,2.0
944.53,2.0,,,
945.0,,,0.0,
945.01,,2.0,,2.0
945.03,2.0,,,
945.5,,,0.0,
945.51,,2.0,,2.0
945.53,2.0,,,
946.0,,,0.0,
946.01,,2.0,,2.0
946.03,2.0,,,
946.5,,,0.0,
946.51,,2.0,,2.0
946.53,2.0,,,
947.0,,,0.0,
947.01,,2.0,,2.0
947.03,2.0,,,
947.5,,,0.0,
947.51,,2.0,,2.0
947.53,2.0,,,
948.0,,,0.0,
948.01,,2.0,,2.0
948.03,2.0,,,
948.5,,,0.0,
948.51,,2.0,,2.0
948.53,2.0,,,
949.0,,,0.0,
949.01,,2.0,,2.0
949.03,2.0,,,
949.5,,,0.0,
949.51,,2.0,,2.0
949.53,2.0,,,
950.0,,,0.0,
950.01,,2.0,,2.0
950.03,2.0,,,
950.5,,,0.0,
950.51,,2.0,,2.0
950.53,2.0,,,
951.01,,2.0,0.0,2.0
951.03,2.0,,,
951.51,,2.0,0.0,2.0
951.53,2.0,,,
952.0,,2.0,,
952.01,,,0.0,
952.02,,,,2.0
952.03,2.0,,,
952.5,,2.0,,
952.51,,,0.0,
952.52,,,,2.0
952.53,2.0,,,
953.0,,2.0,,
953.01,,,0.0,
953.02,,,,2.0
953.03,2.0,,,
953.5,,2.0,,
953.51,,,0.0,
953.52,,,,2.0
953.53,2.0,,,
954.0,2.0,2.0,,
954.01,,,0.0,
954.02,,,,2.0
954.5,2.0,2.0,,
954.51,,,0.0,
954.52,,,,2.0
955.0,2.0,2.0,,
955.01,,,0.0,
955.02,,,,2.0
955.5,2.0,2.0,,
955.51,,,0.0,1.0
956.0,2.0,2.0,,
956.01,,,0.0,1.0
956.5,2.0,2.0,,
956.51,,,0.0,1.0
957.0,2.0,2.0,,
957.01,,,0.0,2.0
957.5,2.0,2.0,,
957.51,,,0.0,2.0
958.0,2.0,1.0,,
958.01,,,0.0,0.0
958.5,2.0,,,
958.51,,1.0,0.0,0.0
959.0,2.0,,,
959.01,,1.0,0.0,0.0
959.5,2.0,,0.0,
959.51,,2.0,,0.0
960.0,2.0,,0.0,
960.01,,2.0,,0.0
960.5,2.0,,0.0,
960.51,,2.0,,2.0
961.0,2.0,,0.0,
961.01,,2.0,,2.0
961.5,,,0.0,
961.51,,2.0,,2.0
961.53,2.0,,,
962.0,,,0.0,
962.01,,2.0,,2.0
962.03,2.0,,,
962.5,,,0.0,
962.51,,2.0,,2.0
962.53,2.0,,,
963.0,,,0.0,
963.01,,2.0,,2.0
963.03,2.0,,,
963.5,,,0.0,
963.51,,2.0,,2.0
963.53,2.0,,,
964.0,,,0.0,
964.01,,2.0,,2.0
964.03,2.0,,,
964.5,,,0.0,
964.51,,2.0,,2.0
964.53,2.0,,,
965.0,,,0.0,
965.01,,2.0,,2.0
965.03,2.0,,,
965.5,,,0.0,
965.51,,2.0,,2.0
965.53,2.0,,,
966.0,,,0.0,
966.01,,2.0,,2.0
966.03,2.0,,,
966.5,,,0.0,
966.51,,2.0,,2.0
966.53,2.0,,,
967.0,,,0.0,
967.01,,2.0,,2.0
967.03,2.0,,,
967.5,,,0.0,
967.51,,2.0,,2.0
967.53,2.0,,,
968.0,,,0.0,
968.01,,2.0,,2.0
968.03,2.0,,,
968.5,,,0.0,
968.51,,2.0,,2.0
968.53,2.0,,,
969.0,,,0.0,
969.01,,2.0,,2.0
969.03,2.0,,,
969.5,,,0.0,
969.51,,2.0,,2.0
969.53,2.0,,,
970.0,,,0.0,
970.01,,2.0,,2.0
970.03,2.0,,,
970.5,,,0.0,
970.51,,2.0,,2.0
970.53,2.0,,,
971.01,,2.0,0.0,2.0
971.03,2.0,,,
971.51,,2.0,0.0,2.0
971.53,2.0,,,
972.0,,2.0,,
972.01,,,0.0,2.0
972.03,2.0,,,
972.5,,2.0,,
972.51,,,0.0,
972.52,,,,2.0
972.53,2.0,,,
973.0,,2.0,,
973.01,,,0.0,
973.02,,,,2.0
973.03,2.0,,,
973.5,,2.0,,
973.51,,,0.0,
973.52,,,,2.0
973.53,2.0,,,
974.0,2.0,2.0,,
974.01,,,0.0,
974.02,,,,2.0
974.5,2.0,2.0,,
974.51,,,0.0,
974.52,,,,2.0
975.0,2.0,2.0,,
975.01,,,0.0,2.0
975.5,2.0,2.0,,
975.51,,,0.0,2.0
976.0,2.0,2.0,,
976.01,,,0.0,2.0
976.5,2.0,2.0,,
976.51,,,0.0,2.0
977.0,2.0,2.0,,
977.01,,,0.0,2.0
977.5,2.0,2.0,,
977.51,,,0.0,2.0
978.0,2.0,2.0,,
978.01,,,0.0,2.0
978.5,2.0,2.0,,
978.51,,,0.0,2.0
979.0,2.0,2.0,0.0,
979.01,,,,2.0
979.5,2.0,2.0,0.0,
979.51,,,,2.0
980.0,2.0,,0.0,
980.01,,2.0,,2.0
980.5,2.0,,0.0,
980.51,,2.0,,2.0
981.0,,,0.0,
981.01,,2.0,,2.0
981.03,2.0,,,
981.5,,,0.0,
981.51,,2.0,,2.0
981.53,2.0,,,
982.0,,,0.0,
982.01,,2.0,,2.0
982.03,2.0,,,
982.5,,,0.0,
982.51,,1.0,,2.0
982.53,2.0,,,
983.0,,,0.0,
983.01,,2.0,,2.0
983.03,2.0,,,
983.5,,,0.0,
983.51,,2.0,,2.0
983.53,2.0,,,
984.0,,,0.0,
984.01,,2.0,,2.0
984.03,2.0,,,
984.5,,,0.0,
984.51,,1.0,,2.0
984.53,2.0,,,
985.0,,,0.0,
985.01,,2.0,,2.0
985.03,2.0,,,
985.5,,,0.0,
985.51,,2.0,,2.0
985.53,2.0,,,
986.0,,,0.0,
986.01,,2.0,,2.0
986.03,2.0,,,
986.5,,,0.0,
986.51,,2.0,,2.0
986.53,2.0,,,
987.0,,,0.0,
987.01,,2.0,,2.0
987.03,2.0,,,
987.5,,,0.0,
987.51,,2.0,,2.0
987.53,2.0,,,
988.0,,,0.0,
988.01,,2.0,,2.0
988.03,2.0,,,
988.5,,,0.0,
988.51,,2.0,,2.0
988.53,2.0,,,
989.0,,,0.0,
989.01,,2.0,,2.0
989.03,2.0,,,
989.5,,,0.0,
989.51,,2.0,,2.0
989.53,2.0,,,
990.0,,,1.0,
990.01,,2.0,,2.0
990.03,2.0,,,
990.5,,,1.0,
990.51,,2.0,,2.0
990.53,2.0,,,
991.01,2.0,2.0,1.0,2.0
991.51,,2.0,1.0,
991.53,2.0,,,
991.55,,,,2.0
992.01,,2.0,1.0,2.0
992.06,2.0,,,
992.5,,2.0,,
992.51,,,1.0,2.0
992.53,2.0,,,
993.0,,2.0,,
993.01,,,1.0,2.0
993.03,2.0,,,
993.5,,2.0,,
993.51,,,3.0,
993.52,,,,2.0
993.53,2.0,,,
994.0,2.0,2.0,,
994.01,,,3.0,
994.02,,,,1.0
994.5,1.0,2.0,,
994.51,,,3.0,
994.52,,,,2.0
995.0,1.0,2.0,,
995.01,,,3.0,
995.02,,,,2.0
995.5,0.0,2.0,,
995.51,,,3.0,2.0
996.0,2.0,2.0,,
996.01,,,3.0,2.0
996.5,2.0,2.0,,
996.51,,,3.0,2.0
997.0,2.0,2.0,,
997.01,,,3.0,2.0
997.5,2.0,1.0,,
997.51,,,3.0,2.0
998.0,2.0,0.0,,
998.01,,,,3.0
998.03,,,3.0,
998.5,3.0,1.0,,
998.51,,,,3.0
998.53,,,3.0,
999.0,3.0,2.0,,
999.01,,,,3.0
999.03,,,3.0,
999.5,3.0,2.0,3.0,
999.51,,,,3.0
1000.0,3.0,3.0,3.0,
1000.01,,,,3.0
1000.5,3.0,3.0,3.0,
1000.51,,,,3.0
1001.0,,3.0,3.0,
1001.01,,,,3.0
1001.03,3.0,,,
1001.5,,,3.0,
1001.51,,3.0,,3.0
1001.53,3.0,,,
1002.0,,,3.0,
1002.01,,3.0,,3.0
1002.03,3.0,,,
1002.5,,,3.0,
1002.51,,3.0,,3.0
1002.53,3.0,,,
1003.0,,,3.0,
1003.01,,3.0,,3.0
1003.03,3.0,,,
1003.5,,,3.0,
1003.51,,3.0,,3.0
1003.53,3.0,,,
1004.0,,,3.0,
1004.01,,2.0,,2.0
1004.03,3.0,,,
1004.5,,,3.0,
1004.51,,2.0,,2.0
1004.53,3.0,,,
1005.0,,,3.0,
1005.01,,2.0,,1.0
1005.03,3.0,,,
1005.5,,,3.0,
1005.51,,3.0,,0.0
1005.53,3.0,,,
1006.0,,,3.0,
1006.01,,3.0,,0.0
1006.03,3.0,,,
1006.5,,,3.0,
1006.51,,3.0,,0.0
1006.53,3.0,,,
1007.0,,,3.0,
1007.01,,3.0,,0.0
1007.03,3.0,,,
1007.5,,,3.0,
1007.51,,3.0,,0.0
1007.53,3.0,,,
1008.0,,,3.0,
1008.01,,3.0,,0.0
1008.03,3.0,,,
1008.5,,,3.0,
1008.51,,3.0,,0.0
1008.53,3.0,,,
1009.0,,,3.0,
1009.01,,3.0,,0.0
1009.03,3.0,,,
1009.5,,,3.0,
1009.51,,2.0,,0.0
1009.53,3.0,,,
1010.0,,,3.0,
1010.01,,2.0,,0.0
1010.03,3.0,,,
1010.5,,,3.0,
1010.51,,2.0,,3.0
1010.53,3.0,,,
1011.0,,,3.0,
1011.01,,2.0,,3.0
1011.03,3.0,,,
1011.5,,2.0,,
1011.51,,,3.0,3.0
1011.53,3.0,,,
1012.0,,3.0,,
1012.01,,,3.0,3.0
1012.03,3.0,,,
1012.5,,3.0,,
1012.51,,,3.0,3.0
1012.53,3.0,,,
1013.0,,3.0,,
1013.01,,,3.0,3.0
1013.03,3.0,,,
1013.5,,3.0,,
1013.51,,,3.0,3.0
1013.53,3.0,,,
1014.0,3.0,2.0,,
1014.01,,,3.0,3.0
1014.5,2.0,2.0,,
1014.51,,,3.0,
1014.52,,,,3.0
1015.0,2.0,3.0,,
1015.01,,,3.0,
1015.02,,,,3.0
1015.5,3.0,3.0,,
1015.51,,,3.0,
1015.52,,,,3.0
1016.0,3.0,3.0,,
1016.01,,,3.0,3.0
1016.5,3.0,3.0,,
1016.51,,,3.0,3.0
1017.0,3.0,3.0,,
1017.01,,,3.0,3.0
1017.5,3.0,3.0,,
1017.51,,,3.0,3.0
1018.0,3.0,3.0,,
1018.01,,,,3.0
1018.03,,,3.0,
1018.5,3.0,3.0,,
1018.51,,,,3.0
1018.53,,,3.0,
1019.0,3.0,3.0,,
1019.01,,,,3.0
1019.03,,,3.0,
1019.5,3.0,3.0,3.0,
1019.51,,,,3.0
1020.0,,3.0,3.0,
1020.01,,,,3.0
1020.03,3.0,,,
1020.5,,3.0,3.0,
1020.51,,,,3.0
1020.53,3.0,,,
1021.0,,3.0,3.0,
1021.01,,,,3.0
1021.03,3.0,,,
1021.5,,3.0,3.0,
1021.51,,,,3.0
1021.53,3.0,,,
1022.0,,3.0,3.0,
1022.01,,,,3.0
1022.03,3.0,,,
1022.5,,3.0,3.0,
1022.51,,,,3.0
1022.53,3.0,,,
1023.0,,,3.0,
1023.01,,3.0,,3.0
1023.03,3.0,,,
1023.5,,,3.0,
1023.51,,3.0,,3.0
1023.53,3.0,,,
1024.0,,,3.0,
1024.01,,3.0,,3.0
1024.03,3.0,,,
1024.5,,,3.0,
1024.51,,3.0,,3.0
1024.53,3.0,,,
1025.0,,,3.0,
1025.01,,3.0,,3.0
1025.03,3.0,,,
1025.5,,,3.0,
1025.51,,3.0,,3.0
1025.53,3.0,,,
1026.0,,,3.0,
1026.01,,3.0,,3.0
1026.03,3.0,,,
1026.5,,,3.0,
1026.51,,3.0,,3.0
1026.53,3.0,,,
1027.0,,,3.0,
1027.01,,3.0,,3.0
1027.03,3.0,,,
1027.5,,,3.0,
1027.51,,3.0,,3.0
1027.53,3.0,,,
1028.0,,,2.0,
1028.01,,3.0,,3.0
1028.03,3.0,,,
1028.5,,,2.0,
1028.51,,3.0,,3.0
1028.53,3.0,,,
1029.0,,,2.0,
1029.01,,2.0,,3.0
1029.03,3.0,,,
1029.5,,,2.0,
1029.51,,3.0,,3.0
1029.53,3.0,,,
1030.0,,,2.0,
1030.01,,3.0,,3.0
1030.03,3.0,,,
1030.5,,,2.0,
1030.51,,3.0,,3.0
1030.53,3.0,,,
1031.0,,,2.0,
1031.01,,3.0,,3.0
1031.03,3.0,,,
1031.5,,3.0,,
1031.51,,,2.0,3.0
1031.53,3.0,,,
1032.0,,3.0,,
1032.01,,,2.0,3.0
1032.03,3.0,,,
1032.5,,3.0,,
1032.51,,,2.0,3.0
1032.53,3.0,,,
1033.0,,3.0,,
1033.01,,,2.0,3.0
1033.03,3.0,,,
1033.5,3.0,3.0,,
1033.51,,,1.0,3.0
1034.0,3.0,3.0,,
1034.01,,,1.0,3.0
1034.5,3.0,3.0,,
1034.51,,,1.0,3.0
1035.0,3.0,3.0,,
1035.01,,,1.0,
1035.02,,,,3.0
1035.5,3.0,3.0,,
1035.51,,,2.0,
1035.52,,,,3.0
1036.0,3.0,3.0,,
1036.01,,,2.0,
1036.02,,,,3.0
1036.5,3.0,3.0,,
1036.51,,,2.0,3.0
1037.0,3.0,3.0,,
1037.01,,,2.0,3.0
1037.5,3.0,2.0,,
1037.51,,,,3.0
1037.53,,,2.0,
1038.0,3.0,3.0,,
1038.01,,,,3.0
1038.03,,,2.0,
1038.5,3.0,3.0,,
1038.51,,,,3.0
1038.53,,,2.0,
1039.0,3.0,3.0,,
1039.01,,,,3.0
1039.03,,,2.0,
1039.5,,3.0,2.0,
1039.51,,,,3.0
1039.53,3.0,,,
1040.0,,3.0,3.0,
1040.01,,,,3.0
1040.03,3.0,,,
1040.5,,3.0,2.0,
1040.51,,,,3.0
1040.53,3.0,,,
1041.0,,3.0,2.0,3.0
1041.03,3.0,,,
1041.5,,3.0,1.0,
1041.51,3.0,,,3.0
1042.0,,3.0,1.0,
1042.01,,,,3.0
1042.03,3.0,,,
1042.5,,3.0,1.0,
1042.51,,,,3.0
1042.53,3.0,,,
1043.0,,2.0,1.0,
1043.01,,,,3.0
1043.03,3.0,,,
1043.5,,3.0,1.0,
1043.51,,,,3.0
1043.53,3.0,,,
1044.0,,,2.0,
1044.01,,3.0,,3.0
1044.03,3.0,,,
1044.5,,,1.0,
1044.51,,3.0,,3.0
1044.53,3.0,,,
1045.0,,,3.0,
1045.01,,3.0,,3.0
1045.03,3.0,,,
1045.5,,,3.0,
1045.51,,3.0,,3.0
1045.53,3.0,,,
1046.0,,,3.0,
1046.01,,3.0,,3.0
1046.03,3.0,,,
1046.5,,,3.0,
1046.51,,3.0,,3.0
1046.53,3.0,,,
1047.0,,,3.0,
1047.01,,3.0,,3.0
1047.03,3.0,,,
1047.5,,,3.0,
1047.51,,3.0,,3.0
1047.53,3.0,,,
1048.0,,,3.0,
1048.01,,3.0,,3.0
1048.03,3.0,,,
1048.5,,,3.0,
1048.51,,3.0,,3.0
1048.53,3.0,,,
1049.0,,,3.0,
1049.01,,3.0,,3.0
1049.03,3.0,,,
1049.5,,,3.0,
1049.51,,3.0,,3.0
1049.53,3.0,,,
1050.0,,,3.0,
1050.01,,3.0,,3.0
1050.03,3.0,,,
1050.5,,,3.0,
1050.51,,3.0,,3.0
1050.53,3.0,,,
1051.0,,,3.0,
1051.01,,3.0,,3.0
1051.03,3.0,,,
1051.51,,3.0,3.0,3.0
1051.53,3.0,,,
1052.01,,,3.0,3.0
1052.03,3.0,3.0,,
1052.5,,3.0,,
1052.51,,,3.0,3.0
1052.53,3.0,,,
1053.0,,3.0,,
1053.01,,,3.0,3.0
1053.03,3.0,,,
1053.5,3.0,3.0,,
1053.51,,,3.0,3.0
1054.0,3.0,3.0,,
1054.01,,,3.0,3.0
1054.5,3.0,3.0,,
1054.51,,,3.0,3.0
1055.0,3.0,3.0,,
1055.01,,,3.0,3.0
1055.5,3.0,3.0,,
1055.51,,,3.0,3.0
1056.0,3.0,3.0,,
1056.01,,,3.0,
1056.02,,,,3.0
1056.5,3.0,3.0,,
1056.51,,,,3.0
1056.53,,,3.0,
1057.0,3.0,3.0,,
1057.01,,,,3.0
1057.03,,,3.0,
1057.5,3.0,3.0,,
1057.51,,,,3.0
1057.53,,,3.0,
1058.0,3.0,3.0,,
1058.01,,,,3.0
1058.03,,,3.0,
1058.5,,3.0,,
1058.51,,,,3.0
1058.53,3.0,,3.0,
1059.0,,3.0,,
1059.01,,,,3.0
1059.03,3.0,,3.0,
1059.5,,3.0,3.0,
1059.51,,,,3.0
1059.53,3.0,,,
1060.0,,3.0,3.0,
1060.01,,,,3.0
1060.03,3.0,,,
1060.5,,3.0,3.0,
1060.51,,,,3.0
1060.53,3.0,,,
1061.0,,3.0,3.0,
1061.01,,,,3.0
1061.03,3.0,,,
1061.5,,3.0,3.0,
1061.51,,,,3.0
1061.53,3.0,,,
1062.0,,3.0,3.0,
1062.01,,,,3.0
1062.03,3.0,,,
1062.5,,3.0,3.0,
1062.51,,,,3.0
1062.53,3.0,,,
1063.0,,3.0,3.0,
1063.01,,,,3.0
1063.03,3.0,,,
1063.5,,3.0,3.0,
1063.51,,,,3.0
1063.53,3.0,,,
1064.0,,3.0,3.0,
1064.01,,,,3.0
1064.03,3.0,,,
1064.5,,3.0,3.0,
1064.51,,,,3.0
1064.53,3.0,,,
1065.0,,3.0,3.0,
1065.01,,,,3.0
1065.03,3.0,,,
1065.5,,,3.0,
1065.51,,3.0,,3.0
1065.53,3.0,,,
1066.0,,,3.0,
1066.01,,3.0,,3.0
1066.03,3.0,,,
1066.5,,,3.0,
1066.51,,3.0,,3.0
1066.53,3.0,,,
1067.0,,,3.0,
1067.01,,3.0,,3.0
1067.03,3.0,,,
1067.5,,,3.0,
1067.51,,3.0,,3.0
1067.53,3.0,,,
1068.0,,,3.0,
1068.01,,3.0,,3.0
1068.03,3.0,,,
1068.5,,,3.0,
1068.51,,3.0,,3.0
1068.53,3.0,,,
1069.0,,,3.0,
1069.01,,3.0,,3.0
1069.03,3.0,,,
1069.5,,,3.0,
1069.51,,3.0,,3.0
1069.53,3.0,,,
1070.0,,,3.0,
1070.01,,3.0,,3.0
1070.03,3.0,,,
1070.5,,,3.0,
1070.51,,3.0,,3.0
1070.53,3.0,,,
1071.0,,,3.0,
1071.01,,3.0,,3.0
1071.03,3.0,,,
1071.51,,3.0,3.0,3.0
1071.53,3.0,,,
1072.01,,3.0,3.0,3.0
1072.03,3.0,,,
1072.51,,,3.0,3.0
1072.53,3.0,3.0,,
1073.01,,,3.0,3.0
1073.03,3.0,3.0,,
1073.5,3.0,,,
1073.51,,,3.0,2.0
1073.53,,3.0,,
1074.0,3.0,3.0,,
1074.01,,,3.0,3.0
1074.5,3.0,2.0,,
1074.51,,,3.0,3.0
1075.0,3.0,3.0,,
1075.01,,,3.0,3.0
1075.5,3.0,3.0,,
1075.51,,,3.0,3.0
1076.0,3.0,2.0,,
1076.01,,,,3.0
1076.04,,,3.0,
1076.5,3.0,3.0,,
1076.51,,,,3.0
1076.53,,,3.0,
1077.0,3.0,3.0,,
1077.01,,,,3.0
1077.03,,,3.0,
1077.5,3.0,3.0,,
1077.51,,,,3.0
1077.53,,,3.0,
1078.0,3.0,3.0,,
1078.01,,,,3.0
1078.03,,,3.0,
1078.5,,3.0,,
1078.51,,,,3.0
1078.53,3.0,,3.0,
1079.0,,3.0,,
1079.01,,,,3.0
1079.03,3.0,,3.0,
1079.5,,3.0,3.0,
1079.51,,,,2.0
1079.53,3.0,,,
1080.0,,3.0,3.0,
1080.01,,,,3.0
1080.03,3.0,,,
1080.5,,3.0,3.0,
1080.51,,,,3.0
1080.53,3.0,,,
1081.0,,3.0,3.0,
1081.01,,,,3.0
1081.03,3.0,,,
1081.5,,3.0,1.0,
1081.51,,,,3.0
1081.53,3.0,,,
1082.0,,3.0,0.0,
1082.01,,,,3.0
1082.03,3.0,,,
1082.5,,3.0,0.0,
1082.51,,,,3.0
1082.53,3.0,,,
1083.0,,3.0,0.0,
1083.01,,,,2.0
1083.03,3.0,,,
1083.5,,3.0,0.0,
1083.51,,,,2.0
1083.53,3.0,,,
1084.0,,3.0,0.0,
1084.01,,,,2.0
1084.03,3.0,,,
1084.5,,3.0,0.0,
1084.51,,,,3.0
1084.53,3.0,,,
1085.0,,3.0,0.0,
1085.01,,,,3.0
1085.03,3.0,,,
1085.5,,3.0,0.0,
1085.51,,,,3.0
1085.53,3.0,,,
1086.0,,3.0,0.0,
1086.01,,,,3.0
1086.03,3.0,,,
1086.5,,3.0,0.0,
1086.51,,,,2.0
1086.53,3.0,,,
1087.0,,,0.0,
1087.01,,3.0,,3.0
1087.03,3.0,,,
1087.5,,,0.0,
1087.51,,3.0,,3.0
1087.53,3.0,,,
1088.0,,,1.0,
1088.01,,3.0,,2.0
1088.03,3.0,,,
1088.5,,,0.0,
1088.51,,3.0,,3.0
1088.53,3.0,,,
1089.0,,,3.0,
1089.01,3.0,3.0,,3.0
1089.5,,,2.0,
1089.51,,3.0,,3.0
1089.52,3.0,,,
1090.0,,,2.0,
1090.01,,3.0,,3.0
1090.02,3.0,,,
1090.5,,,3.0,
1090.51,,3.0,,3.0
1090.52,3.0,,,
1091.0,,,3.0,
1091.01,,3.0,,3.0
1091.02,3.0,,,
1091.5,,,3.0,
1091.51,,3.0,,3.0
1091.52,3.0,,,
1092.01,,3.0,3.0,3.0
1092.02,3.0,,,
1092.51,,,3.0,3.0
1092.52,3.0,,,
1092.53,,3.0,,
1093.01,,,3.0,3.0
1093.02,3.0,,,
1093.03,,3.0,,
1093.5,3.0,,,
1093.51,,,3.0,3.0
1093.53,,3.0,,
1094.0,3.0,,,
1094.01,,,3.0,3.0
1094.03,,3.0,,
1094.5,3.0,,,
1094.51,,,3.0,3.0
1094.53,,3.0,,
1095.0,2.0,,,
1095.01,,,3.0,3.0
1095.03,,3.0,,
1095.5,1.0,2.0,,
1095.51,,,,3.0
1095.53,,,3.0,
1096.0,0.0,0.0,,
1096.01,,,,3.0
1096.03,,,3.0,
1096.5,2.0,0.0,,
1096.51,,,,1.0
1096.52,,,3.0,
1097.0,3.0,2.0,,
1097.01,,,,3.0
1097.03,,,1.0,
1097.5,3.0,3.0,,
1097.51,,,,3.0
1097.53,,,3.0,
1098.0,2.0,3.0,,
1098.01,,,,3.0
1098.03,,,0.0,
1098.5,,3.0,,
1098.51,,,,3.0
1098.53,2.0,,0.0,
1099.0,,3.0,,
1099.01,,,,3.0
1099.03,3.0,,0.0,
1099.5,,3.0,,
1099.51,,,,3.0
1099.53,3.0,,0.0,
1100.0,,3.0,0.0,
1100.01,,,,3.0
1100.02,3.0,,,
1100.5,,3.0,0.0,
1100.51,,,,3.0
1100.53,3.0,,,
1101.0,,3.0,1.0,
1101.01,,,,3.0
1101.03,3.0,,,
1101.5,,3.0,3.0,
1101.51,,,,3.0
1101.53,3.0,,,
1102.0,,3.0,3.0,
1102.01,,,,3.0
1102.03,3.0,,,
1102.5,,3.0,3.0,
1102.51,,,,3.0
1102.53,3.0,,,
1103.0,,2.0,3.0,
1103.01,3.0,,,3.0
1103.5,,2.0,3.0,
1103.51,3.0,,,3.0
1104.0,,3.0,3.0,
1104.01,3.0,,,3.0
1104.5,,3.0,3.0,
1104.51,3.0,,,3.0
1105.0,,3.0,3.0,
1105.01,3.0,,,3.0
1105.5,,3.0,3.0,
1105.51,,,,3.0
1105.53,3.0,,,
1106.0,,3.0,3.0,
1106.01,3.0,,,3.0
1106.5,,3.0,3.0,
1106.51,,,,3.0
1106.53,3.0,,,
1107.0,,3.0,3.0,
1107.01,,,,3.0
1107.03,3.0,,,
1107.5,,3.0,3.0,
1107.51,,,,3.0
1107.53,3.0,,,
1108.0,,3.0,3.0,
1108.01,,,,3.0
1108.03,3.0,,,
1108.5,,,3.0,
1108.51,,3.0,,3.0
1108.53,3.0,,,
1109.0,,,3.0,
1109.01,,3.0,,3.0
1109.03,3.0,,,
1109.5,,,3.0,
1109.51,,3.0,,3.0
1109.53,3.0,,,
1110.0,,,3.0,
1110.01,,3.0,,3.0
1110.03,3.0,,,
1110.5,,,3.0,
1110.51,,3.0,,3.0
1110.53,3.0,,,
1111.0,,,3.0,
1111.01,,3.0,,3.0
1111.03,3.0,,,
1111.5,,,3.0,
1111.51,,3.0,,3.0
1111.53,3.0,,,
1112.01,,3.0,3.0,3.0
1112.03,3.0,,,
1112.51,,,3.0,3.0
1112.53,3.0,3.0,,
1113.01,,,3.0,3.0
1113.03,3.0,3.0,,
1113.5,3.0,,,
1113.51,,,3.0,3.0
1113.53,,3.0,,
1114.0,3.0,,,
1114.01,,,3.0,3.0
1114.03,,3.0,,
1114.5,3.0,,,
1114.51,,,,3.0
1114.53,,3.0,3.0,
1115.0,3.0,,,
1115.01,,,,3.0
1115.03,,3.0,3.0,
1115.51,,,,3.0
1115.53,3.0,3.0,3.0,
1116.01,,,,3.0
1116.03,3.0,3.0,3.0,
1116.5,3.0,,,
1116.51,,,,3.0
1116.53,,3.0,3.0,
1117.0,3.0,3.0,,
1117.01,,,,3.0
1117.03,,,3.0,
1117.5,3.0,,,
1117.51,,3.0,,3.0
1117.53,,,3.0,
1118.0,3.0,3.0,,
1118.01,,,,3.0
1118.03,,,3.0,
1118.5,,3.0,,
1118.51,,,,3.0
1118.53,3.0,,3.0,
1119.0,,3.0,,
1119.01,,,,3.0
1119.03,3.0,,3.0,
1119.5,,3.0,,
1119.51,,,,3.0
1119.53,3.0,,3.0,
1120.0,,3.0,3.0,
1120.01,,,,3.0
1120.03,3.0,,,
1120.5,,3.0,3.0,
1120.51,,,,3.0
1120.53,3.0,,,
1121.0,,3.0,3.0,
1121.01,,,,3.0
1121.03,3.0,,,
1121.5,,2.0,3.0,
1121.51,,,,3.0
1121.53,3.0,,,
1122.0,,2.0,3.0,
1122.01,,,,3.0
1122.03,3.0,,,
1122.5,,2.0,3.0,
1122.51,,,,3.0
1122.53,3.0,,,
1123.0,,2.0,3.0,
1123.01,,,,3.0
1123.03,3.0,,,
1123.5,,2.0,3.0,
1123.51,,,,3.0
1123.53,3.0,,,
1124.0,,2.0,3.0,
1124.01,,,,3.0
1124.03,3.0,,,
1124.5,,2.0,3.0,
1124.51,,,,3.0
1124.53,3.0,,,
1125.0,,2.0,3.0,
1125.01,,,,3.0
1125.03,3.0,,,
1125.5,,2.0,3.0,
1125.51,,,,3.0
1125.53,3.0,,,
1126.0,,3.0,3.0,
1126.01,3.0,,,3.0
1126.5,,3.0,3.0,
1126.51,,,,3.0
1126.53,3.0,,,
1127.0,,3.0,3.0,
1127.01,,,,3.0
1127.03,3.0,,,
1127.5,,3.0,3.0,
1127.51,,,,3.0
1127.53,3.0,,,
1128.0,,3.0,3.0,
1128.01,,,,3.0
1128.03,3.0,,,
1128.5,,3.0,3.0,
1128.51,,,,3.0
1128.53,3.0,,,
1129.0,,3.0,3.0,
1129.01,,,,3.0
1129.03,3.0,,,
1129.5,,,3.0,
1129.51,,3.0,,3.0
1129.53,3.0,,,
1130.0,,,3.0,
1130.01,,3.0,,3.0
1130.03,3.0,,,
1130.5,,,3.0,
1130.51,,3.0,,3.0
1130.53,3.0,,,
1131.0,,,3.0,
1131.01,,3.0,,3.0
1131.03,3.0,,,
1131.5,,,3.0,
1131.51,,3.0,,3.0
1131.53,3.0,,,
1132.01,,3.0,3.0,3.0
1132.03,3.0,,,
1132.51,,3.0,3.0,3.0
1132.53,3.0,,,
1133.01,,,3.0,3.0
1133.03,3.0,3.0,,
1133.5,3.0,,,
1133.51,,,3.0,3.0
1133.53,,3.0,,
1134.0,3.0,,,
1134.01,,,3.0,3.0
1134.03,,3.0,,
1134.5,3.0,,,
1134.51,,,3.0,3.0
1134.53,,3.0,,
1135.0,3.0,,,
1135.01,,,,3.0
1135.03,,3.0,3.0,
1135.5,3.0,,,
1135.51,,,,3.0
1135.53,,3.0,3.0,
1136.0,3.0,,,
1136.01,,,,3.0
1136.03,,3.0,3.0,
1136.5,3.0,,,
1136.51,,,,3.0
1136.53,,3.0,3.0,
1137.0,3.0,,,
1137.01,,,,3.0
1137.03,,3.0,3.0,
1137.51,,,,3.0
1137.53,3.0,3.0,3.0,
1138.0,,3.0,,
1138.01,,,,3.0
1138.03,3.0,,3.0,
1138.5,,3.0,,
1138.51,,,,3.0
1138.53,3.0,,3.0,
1139.0,,3.0,,
1139.01,,,,3.0
1139.03,3.0,,3.0,
1139.5,,3.0,,
1139.51,,,,3.0
1139.53,3.0,,3.0,
1140.0,,3.0,3.0,
1140.01,,,,3.0
1140.03,3.0,,,
1140.5,,3.0,3.0,
1140.51,,,,3.0
1140.53,3.0,,,
1141.0,,3.0,3.0,
1141.01,,,,3.0
1141.03,3.0,,,
1141.5,,3.0,3.0,
1141.51,,,,3.0
1141.53,3.0,,,
1142.0,,3.0,3.0,
1142.01,,,,3.0
1142.03,3.0,,,
1142.5,,3.0,3.0,
1142.51,,,,3.0
1142.53,3.0,,,
1143.0,,3.0,3.0,
1143.01,,,,3.0
1143.03,3.0,,,
1143.5,,3.0,3.0,
1143.51,,,,3.0
1143.53,3.0,,,
1144.0,,3.0,3.0,
1144.01,,,,3.0
1144.03,3.0,,,
1144.5,,2.0,3.0,
1144.51,,,,3.0
1144.53,3.0,,,
1145.0,,3.0,3.0,
1145.01,,,,3.0
1145.03,3.0,,,
1145.5,,3.0,3.0,
1145.51,,,,3.0
1145.53,3.0,,,
1146.0,,3.0,3.0,
1146.01,,,,3.0
1146.03,3.0,,,
1146.5,,3.0,3.0,
1146.51,,,,3.0
1146.53,3.0,,,
1147.0,,3.0,3.0,
1147.01,,,,3.0
1147.03,3.0,,,
1147.5,,3.0,3.0,
1147.51,,,,3.0
1147.53,3.0,,,
1148.0,,3.0,3.0,
1148.01,,,,3.0
1148.03,3.0,,,
1148.5,,3.0,3.0,
1148.51,,,,3.0
1148.53,3.0,,,
1149.0,,3.0,3.0,
1149.01,,,,3.0
1149.03,3.0,,,
1149.5,,3.0,3.0,
1149.51,,,,3.0
1149.53,3.0,,,
1150.0,,3.0,3.0,
1150.01,,,,3.0
1150.03,3.0,,,
1150.5,,3.0,3.0,
1150.51,,,,3.0
1150.53,3.0,,,
1151.0,,,3.0,
1151.01,,3.0,,3.0
1151.03,3.0,,,
1151.5,,,3.0,
1151.51,,3.0,,3.0
1151.53,3.0,,,
1152.01,,3.0,3.0,3.0
1152.03,3.0,,,
1152.51,,3.0,3.0,3.0
1152.53,3.0,,,
1153.0,3.0,,,
1153.01,,3.0,3.0,3.0
1153.5,3.0,,,
1153.51,,3.0,3.0,3.0
1154.0,3.0,,,
1154.01,,,3.0,3.0
1154.03,,3.0,,
1154.5,3.0,,,
1154.51,,,3.0,3.0
1154.53,,3.0,,
1155.0,3.0,,,
1155.01,,,,3.0
1155.03,,3.0,3.0,
1155.5,3.0,,,
1155.51,,,,3.0
1155.53,,3.0,3.0,
1156.0,3.0,,,
1156.01,,,,3.0
1156.03,,3.0,3.0,
1156.5,3.0,,,
1156.51,,,,3.0
1156.53,,3.0,3.0,
1157.01,,,,3.0
1157.02,,,3.0,
1157.03,3.0,3.0,,
1157.51,,,,3.0
1157.53,3.0,3.0,3.0,
1158.01,,,,3.0
1158.03,3.0,3.0,3.0,
1158.51,,,,3.0
1158.53,3.0,3.0,3.0,
1159.01,,,,3.0
1159.03,3.0,3.0,3.0,
1159.5,,3.0,,
1159.51,,,,3.0
1159.53,3.0,,3.0,
1160.0,,2.0,,
1160.01,,,,3.0
1160.03,3.0,,3.0,
1160.5,,2.0,3.0,
1160.51,,,,3.0
1160.53,3.0,,,
1161.0,,2.0,3.0,
1161.01,,,,3.0
1161.03,3.0,,,
1161.5,,3.0,3.0,
1161.51,,,,3.0
1161.53,3.0,,,
1162.0,,3.0,3.0,
1162.02,,,,3.0
1162.03,3.0,,,
1162.5,,3.0,3.0,
1162.51,,,,3.0
1162.53,3.0,,,
1163.0,,3.0,3.0,
1163.01,,,,3.0
1163.03,3.0,,,
1163.5,,3.0,3.0,
1163.51,,,,3.0
1163.53,3.0,,,
1164.0,,3.0,3.0,
1164.01,,,,3.0
1164.03,3.0,,,
1164.5,,3.0,3.0,
1164.51,,,,3.0
1164.53,3.0,,,
1165.0,,3.0,3.0,
1165.01,,,,3.0
1165.03,3.0,,,
1165.5,,3.0,3.0,
1165.51,,,,3.0
1165.53,3.0,,,
1166.0,,3.0,3.0,
1166.01,,,,3.0
1166.03,3.0,,,
1166.5,,3.0,3.0,
1166.51,,,,3.0
1166.53,3.0,,,
1167.0,,3.0,3.0,
1167.01,,,,3.0
1167.03,3.0,,,
1167.5,,3.0,3.0,
1167.51,,,,3.0
1167.53,3.0,,,
1168.0,,3.0,3.0,
1168.01,,,,3.0
1168.03,3.0,,,
1168.5,,3.0,3.0,
1168.51,,,,3.0
1168.53,3.0,,,
1169.0,,3.0,3.0,
1169.01,,,,3.0
1169.03,3.0,,,
1169.5,,3.0,3.0,
1169.51,,,,3.0
1169.53,3.0,,,
1170.0,,3.0,3.0,
1170.01,,,,3.0
1170.03,3.0,,,
1170.5,,3.0,3.0,
1170.51,,,,3.0
1170.53,3.0,,,
1171.0,,3.0,3.0,
1171.01,,,,3.0
1171.03,3.0,,,
1171.5,,3.0,3.0,
1171.51,,,,3.0
1171.53,3.0,,,
1172.0,,3.0,3.0,
1172.01,,,,3.0
1172.03,3.0,,,
1172.51,,3.0,3.0,3.0
1172.53,3.0,,,
1173.0,3.0,,,
1173.01,,3.0,3.0,3.0
1173.5,3.0,,,
1173.51,,3.0,3.0,3.0
1174.0,3.0,,,
1174.01,,,3.0,3.0
1174.03,,3.0,,
1174.5,3.0,,,
1174.51,,,,3.0
1174.53,,3.0,3.0,
1175.0,3.0,,,
1175.01,,,,3.0
1175.03,,3.0,,
1175.5,3.0,,,
1175.51,,,,3.0
1175.53,,3.0,,
1176.0,3.0,,,
1176.01,,,,3.0
1176.03,,3.0,,
1176.5,3.0,,,
1176.51,,,,3.0
1176.53,,3.0,,
1177.01,,,,3.0
1177.03,3.0,3.0,,
1177.51,,,,3.0
1177.53,3.0,3.0,,
1177.77,,,3.0,
1177.78,,,3.0,
1177.8,,,3.0,
1177.82,,,3.0,
1177.83,,,3.0,
1177.86,,,3.0,
1178.01,,,,3.0
1178.03,3.0,3.0,3.0,
1178.51,,,,3.0
1178.53,3.0,3.0,3.0,
1179.01,,,,3.0
1179.03,3.0,3.0,3.0,
1179.51,,,,3.0
1179.53,3.0,3.0,3.0,
1180.01,,,,3.0
1180.03,3.0,3.0,3.0,
1180.5,,,3.0,
1180.51,,,,3.0
1180.53,3.0,3.0,,
1181.0,,3.0,3.0,
1181.01,,,,3.0
1181.03,3.0,,,
1181.5,,3.0,3.0,
1181.51,,,,3.0
1181.53,3.0,,,
1182.0,,3.0,3.0,
1182.01,,,,3.0
1182.03,3.0,,,
1182.5,,3.0,3.0,
1182.51,,,,3.0
1182.53,3.0,,,
1183.0,,3.0,3.0,
1183.01,,,,3.0
1183.03,3.0,,,
1183.5,,3.0,3.0,
1183.51,,,,3.0
1183.53,3.0,,,
1184.0,,3.0,3.0,
1184.01,,,,3.0
1184.03,3.0,,,
1184.5,,3.0,3.0,
1184.51,,,,3.0
1184.53,3.0,,,
1185.0,,3.0,3.0,
1185.01,,,,3.0
1185.03,3.0,,,
1185.5,,3.0,3.0,
1185.51,,,,3.0
1185.53,3.0,,,
1186.0,,3.0,3.0,
1186.01,,,,3.0
1186.03,3.0,,,
1186.5,,3.0,3.0,
1186.51,,,,3.0
1186.53,3.0,,,
1187.0,,2.0,3.0,
1187.01,,,,3.0
1187.03,3.0,,,
1187.5,,3.0,3.0,
1187.51,,,,3.0
1187.53,3.0,,,
1188.0,,3.0,3.0,
1188.01,,,,3.0
1188.03,3.0,,,
1188.5,,3.0,3.0,
1188.51,,,,3.0
1188.53,3.0,,,
1189.0,,3.0,3.0,
1189.01,,,,3.0
1189.03,3.0,,,
1189.5,,3.0,3.0,
1189.51,,,,3.0
1189.53,3.0,,,
1190.0,,3.0,3.0,
1190.01,,,,3.0
1190.03,3.0,,,
1190.5,,3.0,3.0,
1190.51,,,,3.0
1190.53,3.0,,,
1191.0,,3.0,3.0,
1191.01,,,,3.0
1191.03,3.0,,,
1191.5,,3.0,3.0,
1191.51,,,,3.0
1191.53,3.0,,,
1192.0,,3.0,3.0,
1192.01,,,,3.0
1192.03,3.0,,,
1192.5,,3.0,,
1192.51,,,3.0,3.0
1192.53,3.0,,,
1193.0,3.0,3.0,,
1193.01,,,,3.0
1193.03,,,3.0,
1193.5,3.0,3.0,,
1193.51,,,,3.0
1193.53,,,3.0,
1194.0,3.0,,,
1194.01,,3.0,,3.0
1194.03,,,3.0,
1194.5,3.0,,,
1194.51,,,,3.0
1194.53,,3.0,3.0,
1195.0,3.0,,,
1195.01,,,,3.0
1195.03,,3.0,3.0,
1195.5,3.0,,,
1195.51,,,,3.0
1195.53,,3.0,3.0,
1196.01,,,,3.0
1196.03,3.0,3.0,3.0,
1196.51,,,,3.0
1196.53,3.0,3.0,3.0,
1197.01,,,,3.0
1197.03,3.0,3.0,3.0,
1197.5,,,,3.0
1197.53,3.0,3.0,3.0,
1198.01,,,,3.0
1198.03,3.0,3.0,3.0,
1198.51,,,,3.0
1198.53,3.0,3.0,3.0,
1199.01,,,,3.0
1199.03,3.0,3.0,3.0,
1199.51,,,,3.0
1199.53,3.0,3.0,3.0,
1200.01,,,,3.0
1200.03,3.0,3.0,3.0,
1200.5,,,3.0,
1200.51,,,,3.0
1200.53,3.0,3.0,,
1201.0,,,3.0,
1201.01,,,,3.0
1201.03,3.0,3.0,,
1201.5,,,3.0,
1201.51,,,,3.0
1201.53,3.0,3.0,,
1202.0,,,3.0,
1202.01,,,,3.0
1202.03,3.0,3.0,,
1202.5,,3.0,3.0,
1202.51,,,,3.0
1202.53,3.0,,,
1203.0,,3.0,3.0,
1203.01,,,,3.0
1203.03,3.0,,,
1203.5,,3.0,3.0,
1203.51,,,,3.0
1203.53,3.0,,,
1204.0,,3.0,3.0,
1204.01,,,,3.0
1204.03,3.0,,,
1204.5,,3.0,3.0,
1204.51,,,,3.0
1204.53,3.0,,,
1205.0,,3.0,3.0,
1205.01,,,,3.0
1205.03,3.0,,,
1205.5,,3.0,3.0,
1205.51,,,,3.0
1205.53,3.0,,,
1206.0,,3.0,3.0,
1206.01,,,,3.0
1206.03,3.0,,,
1206.5,,3.0,3.0,
1206.51,,,,3.0
1206.53,3.0,,,
1207.0,,3.0,3.0,
1207.01,,,,3.0
1207.03,3.0,,,
1207.5,,3.0,3.0,
1207.51,,,,3.0
1207.53,3.0,,,
1208.0,,3.0,3.0,
1208.01,,,,3.0
1208.03,3.0,,,
1208.5,,3.0,3.0,
1208.51,,,,3.0
1208.53,3.0,,,
1209.0,,3.0,3.0,
1209.01,,,,3.0
1209.03,3.0,,,
1209.5,,3.0,3.0,
1209.51,,,,3.0
1209.53,3.0,,,
1210.0,,3.0,3.0,
1210.01,,,,3.0
1210.03,3.0,,,
1210.5,,3.0,3.0,
1210.51,,,,3.0
1210.53,3.0,,,
1211.0,,3.0,3.0,
1211.01,,,,3.0
1211.03,3.0,,,
1211.5,,3.0,3.0,
1211.51,,,,3.0
1211.53,3.0,,,
1212.0,,3.0,3.0,
1212.01,,,,3.0
1212.03,3.0,,,
1212.5,3.0,3.0,,
1212.51,,,,3.0
1212.53,,,3.0,
1213.0,3.0,3.0,,
1213.01,,,,3.0
1213.03,,,3.0,
1213.5,3.0,,,
1213.51,,,,3.0
1213.53,,3.0,3.0,
1214.0,3.0,,,
1214.01,,,,3.0
1214.03,,3.0,3.0,
1214.5,3.0,,,
1214.51,,,,3.0
1214.53,,3.0,3.0,
1215.0,3.0,,,
1215.01,,,,3.0
1215.03,,3.0,3.0,
1215.51,,,,3.0
1215.53,3.0,3.0,3.0,
1216.01,,,,3.0
1216.03,3.0,3.0,3.0,
1216.51,,,,3.0
1216.53,3.0,3.0,3.0,
1217.01,,,,3.0
1217.03,3.0,3.0,3.0,
1217.51,,,,3.0
1217.53,3.0,3.0,3.0,
1218.0,,,,3.0
1218.03,3.0,3.0,3.0,
1218.5,,,,3.0
1218.53,3.0,3.0,3.0,
1219.01,,,,3.0
1219.03,3.0,3.0,3.0,
1219.51,,,,3.0
1219.53,3.0,3.0,3.0,
1220.01,,,,3.0
1220.03,3.0,3.0,3.0,
1220.5,,,3.0,
1220.51,,,,3.0
1220.53,3.0,3.0,,
1221.0,,,3.0,
1221.01,,,,3.0
1221.03,3.0,3.0,,
1221.5,,,3.0,
1221.51,,,,3.0
1221.53,3.0,3.0,,
1222.0,,,3.0,
1222.01,,,,3.0
1222.03,3.0,3.0,,
1222.5,,,3.0,
1222.51,,,,3.0
1222.53,3.0,3.0,,
1223.0,,,3.0,
1223.01,,,,3.0
1223.03,3.0,3.0,,
1223.5,,3.0,3.0,
1223.51,,,,3.0
1223.53,3.0,,,
1224.0,,3.0,3.0,
1224.01,,,,3.0
1224.03,3.0,,,
1224.5,,3.0,3.0,
1224.51,,,,3.0
1224.53,3.0,,,
1225.0,,3.0,3.0,
1225.01,,,,3.0
1225.04,3.0,,,
1225.5,,3.0,3.0,
1225.51,,,,3.0
1225.53,3.0,,,
1226.0,,3.0,3.0,
1226.01,,,,3.0
1226.03,3.0,,,
1226.5,,3.0,3.0,
1226.51,,,,3.0
1226.53,3.0,,,
1227.0,,3.0,3.0,
1227.01,,,,3.0
1227.03,3.0,,,
1227.5,,3.0,3.0,
1227.51,,,,3.0
1227.53,3.0,,,
1228.0,,3.0,3.0,
1228.01,,,,3.0
1228.03,3.0,,,
1228.5,,3.0,3.0,
1228.51,,,,3.0
1228.53,3.0,,,
1229.0,,3.0,3.0,
1229.01,,,,3.0
1229.03,3.0,,,
1229.5,,3.0,3.0,
1229.51,,,,3.0
1229.53,3.0,,,
1230.0,,3.0,3.0,
1230.01,,,,3.0
1230.03,3.0,,,
1230.5,,3.0,3.0,
1230.51,,,,3.0
1230.53,3.0,,,
1231.0,,3.0,3.0,
1231.01,,,,3.0
1231.03,3.0,,,
1231.5,,3.0,,
1231.51,,,,3.0
1231.52,3.0,,,
1231.53,,,3.0,
1232.0,,3.0,,
1232.01,,,,3.0
1232.03,3.0,,3.0,
1232.5,3.0,3.0,,
1232.51,,,,3.0
1232.53,,,3.0,
1233.0,3.0,3.0,,
1233.01,,,,3.0
1233.03,,,3.0,
1233.5,3.0,,,
1233.51,,,,3.0
1233.53,,3.0,3.0,
1234.0,3.0,,,
1234.01,,,,3.0
1234.03,,3.0,3.0,
1234.51,,,,3.0
1234.53,3.0,3.0,3.0,
1235.01,,,,3.0
1235.03,3.0,3.0,3.0,
1235.51,,,,3.0
1235.53,3.0,3.0,3.0,
1236.01,,,,3.0
1236.03,3.0,3.0,3.0,
1236.51,,,,3.0
1236.53,3.0,3.0,3.0,
1237.01,,,,3.0
1237.03,3.0,3.0,3.0,
1237.5,,,,3.0
1237.53,3.0,3.0,3.0,
1238.0,,,,3.0
1238.03,3.0,3.0,3.0,
1238.5,,,,3.0
1238.53,3.0,3.0,3.0,
1239.0,,,,3.0
1239.03,3.0,3.0,3.0,
1239.5,,,,3.0
1239.53,3.0,3.0,3.0,
1240.01,,,,3.0
1240.03,3.0,3.0,3.0,
1240.51,,,,3.0
1240.53,3.0,3.0,3.0,
1241.0,,,3.0,
1241.01,,,,3.0
1241.03,3.0,3.0,,
1241.5,,,3.0,
1241.51,,,,3.0
1241.53,3.0,3.0,,
1242.0,,,3.0,
1242.01,,,,3.0
1242.03,3.0,3.0,,
1242.5,,,3.0,
1242.51,,,,3.0
1242.53,3.0,3.0,,
1243.0,,,3.0,
1243.01,,,,3.0
1243.03,3.0,3.0,,
1243.5,,,3.0,
1243.51,,,,3.0
1243.53,3.0,3.0,,
1244.0,,,3.0,
1244.01,,,,3.0
1244.03,3.0,3.0,,
1244.5,,,3.0,
1244.51,,,,3.0
1244.53,3.0,3.0,,
1245.0,,2.0,3.0,
1245.01,,,,3.0
1245.03,3.0,,,
1245.5,,3.0,3.0,
1245.51,,,,3.0
1245.53,3.0,,,
1246.0,,3.0,3.0,
1246.01,,,,3.0
1246.03,3.0,,,
1246.5,,3.0,3.0,
1246.51,,,,3.0
1246.53,3.0,,,
1247.0,,3.0,3.0,
1247.01,,,,3.0
1247.03,3.0,,,
1247.5,,3.0,3.0,
1247.51,,,,3.0
1247.53,3.0,,,
1248.0,,3.0,3.0,
1248.01,,,,3.0
1248.03,3.0,,,
1248.5,,3.0,3.0,
1248.51,,,,3.0
1248.53,3.0,,,
1249.0,,3.0,3.0,
1249.01,,,,3.0
1249.03,3.0,,,
1249.5,,3.0,3.0,
1249.51,,,,3.0
1249.53,3.0,,,
1250.0,,3.0,3.0,
1250.01,,,,3.0
1250.03,3.0,,,
1250.5,,3.0,3.0,
1250.51,,,,3.0
1250.53,3.0,,,
1251.0,,3.0,,
1251.01,,,,3.0
1251.03,3.0,,3.0,
1251.5,,3.0,,
1251.51,,,,3.0
1251.53,3.0,,3.0,
1252.0,,3.0,,
1252.01,,,,3.0
1252.03,3.0,,3.0,
1252.5,3.0,3.0,,
1252.51,,,,3.0
1252.53,,,3.0,
1253.0,3.0,3.0,,
1253.01,,,,3.0
1253.03,,,3.0,
1253.5,3.0,3.0,,
1253.51,,,,3.0
1253.53,,,3.0,
1254.01,,,,3.0
1254.03,3.0,3.0,3.0,
1254.51,,,,3.0
1254.53,3.0,3.0,3.0,
1255.01,,,,3.0
1255.03,3.0,3.0,3.0,
1255.51,,,,3.0
1255.53,3.0,3.0,3.0,
1256.01,,,,3.0
1256.03,3.0,3.0,3.0,
1256.51,,,,3.0
1256.53,3.0,3.0,3.0,
1257.01,,,,3.0
1257.03,3.0,3.0,3.0,
1257.5,,,,3.0
1257.53,3.0,3.0,3.0,
1258.0,,,,3.0
1258.03,3.0,3.0,3.0,
1258.5,,,,3.0
1258.53,3.0,3.0,3.0,
1259.0,,,,3.0
1259.03,3.0,3.0,3.0,
1259.5,,,,3.0
1259.53,3.0,3.0,3.0,
1260.0,,,,3.0
1260.03,3.0,3.0,3.0,
1260.51,,,,3.0
1260.53,3.0,3.0,3.0,
1261.0,,,3.0,
1261.01,,,,3.0
1261.03,3.0,3.0,,
1261.5,,,3.0,
1261.51,,,,3.0
1261.53,3.0,3.0,,
1262.0,,,3.0,
1262.01,,,,3.0
1262.03,3.0,3.0,,
1262.5,,,3.0,
1262.51,,,,3.0
1262.53,3.0,3.0,,
1263.0,,,3.0,
1263.01,,,,3.0
1263.03,3.0,3.0,,
1263.5,,,3.0,
1263.51,,,,3.0
1263.53,3.0,3.0,,
1264.0,,,3.0,
1264.01,,,,3.0
1264.03,3.0,3.0,,
1264.5,,,3.0,
1264.51,,,,3.0
1264.53,3.0,3.0,,
1265.0,,,3.0,
1265.01,,,,3.0
1265.03,3.0,3.0,,
1265.5,,,3.0,
1265.51,,,,3.0
1265.52,3.0,,,
1265.53,,3.0,,
1266.0,,,3.0,
1266.01,,,,3.0
1266.03,3.0,3.0,,
1266.5,,3.0,3.0,
1266.51,,,,3.0
1266.53,3.0,,,
1267.0,,3.0,3.0,
1267.01,,,,3.0
1267.03,3.0,,,
1267.5,,3.0,3.0,
1267.51,,,,3.0
1267.53,3.0,,,
1268.0,,3.0,3.0,
1268.01,,,,3.0
1268.03,3.0,,,
1268.5,,3.0,3.0,
1268.51,,,,3.0
1268.53,3.0,,,
1269.0,,3.0,3.0,
1269.01,,,,3.0
1269.03,3.0,,,
1269.5,,3.0,3.0,
1269.51,,,,3.0
1269.53,3.0,,,
1270.0,,3.0,3.0,
1270.01,,,,3.0
1270.03,3.0,,,
1270.5,,3.0,3.0,
1270.51,,,,3.0
1270.53,3.0,,,
1271.0,,3.0,,
1271.01,,,,3.0
1271.03,3.0,,3.0,
1271.5,,3.0,,
1271.51,,,,3.0
1271.53,3.0,,3.0,
1272.0,,3.0,,
1272.01,,,,3.0
1272.03,3.0,,3.0,
1272.5,3.0,3.0,,
1272.51,,,,3.0
1272.53,,,3.0,
1273.0,3.0,3.0,,
1273.01,,,,3.0
1273.03,,,3.0,
1273.5,3.0,3.0,,
1273.51,,,,3.0
1273.53,,,3.0,
1274.01,,,,3.0
1274.03,3.0,3.0,3.0,
1274.51,,,,3.0
1274.53,3.0,3.0,3.0,
1275.01,,,,1.0
1275.03,3.0,3.0,,
1275.51,,,,0.0
1275.53,3.0,3.0,,
1275.6,,,3.0,
1275.62,,,3.0,
1276.01,,,,0.0
1276.03,3.0,3.0,3.0,
1276.51,,,,3.0
1276.53,3.0,3.0,3.0,
1277.0,,,,3.0
1277.03,2.0,3.0,3.0,
1277.5,,,,3.0
1277.53,3.0,3.0,3.0,
1278.0,,,,3.0
1278.03,3.0,3.0,3.0,
1278.5,,,,3.0
1278.53,3.0,3.0,3.0,
1279.0,,,,3.0
1279.03,3.0,3.0,3.0,
1279.5,,,,3.0
1279.53,3.0,3.0,3.0,
1280.0,3.0,,,3.0
1280.03,,3.0,3.0,
1280.5,,,,3.0
1280.53,3.0,3.0,3.0,
1281.0,,,3.0,3.0
1281.03,3.0,3.0,,
1281.5,,,3.0,
1281.51,,,,3.0
1281.53,3.0,3.0,,
1282.0,,,3.0,
1282.01,,,,3.0
1282.03,3.0,3.0,,
1282.5,,,3.0,
1282.51,,,,3.0
1282.53,3.0,3.0,,
1283.0,,,3.0,
1283.01,,,,3.0
1283.03,3.0,3.0,,
1283.5,,,3.0,
1283.51,,,,3.0
1283.53,3.0,3.0,,
1284.0,,,3.0,
1284.01,,,,3.0
1284.03,3.0,3.0,,
1284.5,,,3.0,
1284.51,,,,3.0
1284.53,3.0,3.0,,
1285.0,,,3.0,
1285.01,,,,3.0
1285.03,3.0,3.0,,
1285.5,,,3.0,
1285.51,,,,3.0
1285.53,3.0,3.0,,
1286.0,,,3.0,
1286.01,,,,3.0
1286.03,3.0,3.0,,
1286.5,,,3.0,
1286.51,,,,3.0
1286.53,3.0,3.0,,
1287.0,,,3.0,
1287.01,,,,3.0
1287.03,3.0,3.0,,
1287.5,,,3.0,
1287.51,,,,3.0
1287.53,3.0,3.0,,
1288.0,,3.0,3.0,
1288.01,,,,3.0
1288.03,3.0,,,
1288.5,,3.0,3.0,
1288.51,,,,3.0
1288.53,3.0,,,
1289.0,,3.0,3.0,
1289.01,,,,3.0
1289.03,3.0,,,
1289.5,,3.0,3.0,
1289.51,,,,3.0
1289.53,3.0,,,
1290.0,,3.0,3.0,
1290.01,,,,3.0
1290.03,3.0,,,
1290.5,,3.0,,
1290.51,,,,3.0
1290.53,3.0,,3.0,
1291.0,,3.0,,
1291.01,,,,3.0
1291.03,3.0,,3.0,
1291.5,,3.0,,
1291.51,,,,3.0
1291.53,3.0,,3.0,
1292.0,,3.0,,
1292.01,,,,3.0
1292.03,3.0,,3.0,
1292.5,3.0,3.0,,
1292.51,,,,3.0
1292.53,,,3.0,
1293.0,,3.0,,
1293.01,,,,3.0
1293.03,3.0,,3.0,
1293.5,,3.0,,
1293.51,,,,3.0
1293.53,3.0,,3.0,
1294.0,,3.0,,
1294.01,,,,3.0
1294.03,3.0,,3.0,
1294.51,,,,3.0
1294.53,3.0,3.0,3.0,
1295.01,,,,3.0
1295.03,3.0,3.0,3.0,
1295.51,,,,3.0
1295.53,3.0,3.0,3.0,
1296.01,,,,3.0
1296.03,3.0,3.0,3.0,
1296.51,,,,3.0
1296.53,3.0,3.0,3.0,
1297.0,,,,3.0
1297.03,3.0,3.0,3.0,
1297.5,,,,3.0
1297.51,3.0,,,
1297.53,,3.0,3.0,
1298.0,,,,3.0
1298.03,3.0,3.0,,
1298.04,,,3.0,
1298.5,,,,3.0
1298.53,3.0,3.0,3.0,
1299.0,,,,3.0
1299.03,3.0,3.0,3.0,
1299.5,,,,3.0
1299.53,3.0,3.0,3.0,
1300.0,,,,3.0
1300.03,3.0,3.0,3.0,
1300.5,,,,3.0
1300.53,3.0,3.0,3.0,
1301.0,,,3.0,3.0
1301.03,3.0,3.0,,
1301.5,,,3.0,3.0
1301.53,3.0,3.0,,
1302.0,,,3.0,3.0
1302.03,3.0,3.0,,
1302.5,,,3.0,
1302.51,,,,3.0
1302.53,3.0,3.0,,
1303.0,,,3.0,
1303.01,,,,3.0
1303.03,3.0,3.0,,
1303.5,,,3.0,
1303.51,,,,3.0
1303.53,3.0,3.0,,
1304.0,,,3.0,
1304.01,,,,3.0
1304.03,3.0,3.0,,
1304.5,,,3.0,
1304.51,,,,3.0
1304.53,3.0,3.0,,
1305.0,,,3.0,
1305.01,,,,3.0
1305.03,3.0,3.0,,
1305.5,,,3.0,
1305.51,,,,3.0
1305.53,3.0,3.0,,
1306.0,,,3.0,
1306.01,,,,3.0
1306.03,3.0,3.0,,
1306.5,,,3.0,
1306.51,,,,3.0
1306.53,3.0,3.0,,
1307.0,,,3.0,
1307.01,,,,3.0
1307.03,3.0,3.0,,
1307.5,,,3.0,
1307.51,,,,3.0
1307.53,3.0,3.0,,
1308.0,,,3.0,
1308.01,,,,3.0
1308.03,3.0,3.0,,
1308.5,,,3.0,
1308.51,,,,3.0
1308.53,3.0,3.0,,
1309.0,,,3.0,
1309.01,,,,3.0
1309.03,3.0,3.0,,
1309.5,,3.0,3.0,
1309.51,,,,3.0
1309.53,3.0,,,
1310.0,,3.0,,
1310.01,,,,3.0
1310.03,3.0,,3.0,
1310.5,,3.0,,
1310.51,,,,3.0
1310.53,3.0,,3.0,
1311.0,,3.0,,
1311.01,,,,3.0
1311.03,3.0,,3.0,
1311.5,,3.0,,
1311.51,,,,3.0
1311.53,3.0,,3.0,
1312.0,,3.0,,
1312.01,,,,3.0
1312.03,3.0,,3.0,
1312.5,3.0,3.0,,
1312.51,,,,3.0
1312.53,,,3.0,
1313.0,,3.0,,
1313.01,,,,3.0
1313.02,3.0,,,
1313.03,,,3.0,
1313.5,,3.0,,
1313.51,,,,3.0
1313.52,3.0,,,
1313.53,,,3.0,
1314.0,,3.0,,
1314.01,,,,3.0
1314.02,3.0,,,
1314.03,,,3.0,
1314.51,,,,3.0
1314.52,3.0,,,
1314.53,,3.0,3.0,
1315.01,,,,3.0
1315.02,3.0,,,
1315.03,,3.0,3.0,
1315.51,,,,3.0
1315.52,3.0,,,
1315.53,,3.0,,
1315.54,,,3.0,
1316.01,,,,3.0
1316.02,3.0,,,
1316.03,,3.0,3.0,
1316.51,,,3.0,3.0
1316.53,3.0,3.0,,
1317.0,,,3.0,3.0
1317.03,3.0,3.0,,
1317.5,,,,3.0
1317.53,3.0,3.0,3.0,
1318.0,,,,3.0
1318.03,3.0,3.0,3.0,
1318.5,,,,3.0
1318.53,3.0,3.0,3.0,
1319.0,,,,3.0
1319.03,3.0,3.0,,
1319.5,,,,3.0
1319.53,3.0,3.0,,
1320.0,,,,3.0
1320.03,3.0,3.0,3.0,
1320.05,,,3.0,
1320.06,,,3.0,
1320.5,,,,3.0
1320.53,3.0,3.0,3.0,
1321.0,,,,3.0
1321.03,3.0,3.0,3.0,
1321.5,,,3.0,3.0
1321.53,3.0,3.0,,
1322.0,,,3.0,3.0
1322.03,3.0,3.0,,
1322.5,,,3.0,3.0
1322.53,3.0,3.0,,
1323.0,,,3.0,3.0
1323.03,3.0,3.0,,
1323.5,,,3.0,2.0
1323.53,3.0,3.0,,
1324.0,,,3.0,3.0
1324.03,3.0,3.0,,
1324.5,,,3.0,3.0
1324.53,3.0,3.0,,
1325.0,,,3.0,3.0
1325.03,3.0,3.0,,
1325.5,,,3.0,3.0
1325.53,3.0,3.0,,
1326.0,,,3.0,3.0
1326.03,3.0,3.0,,
1326.5,,,2.0,3.0
1326.53,3.0,3.0,,
1327.0,,,2.0,3.0
1327.03,3.0,3.0,,
1327.5,,,2.0,
1327.51,,,,3.0
1327.53,3.0,3.0,,
1328.0,,,3.0,
1328.01,,,,3.0
1328.03,3.0,3.0,,
1328.5,,,3.0,
1328.51,,,,3.0
1328.53,3.0,3.0,,
1329.0,,,3.0,
1329.01,,,,3.0
1329.03,3.0,3.0,,
1329.51,,,,3.0
1329.53,3.0,3.0,3.0,
1330.01,,,,3.0
1330.03,3.0,3.0,2.0,
1330.5,,3.0,,
1330.51,,,3.0,3.0
1330.53,3.0,,,
1331.0,,3.0,,
1331.01,,,,3.0
1331.03,3.0,,3.0,
1331.5,,3.0,,
1331.51,,,,3.0
1331.53,3.0,,3.0,
1332.0,3.0,3.0,,
1332.01,,,,3.0
1332.03,,,3.0,
1332.5,3.0,3.0,,
1332.51,,,,3.0
1332.53,,,3.0,
1333.0,,3.0,3.0,
1333.01,,,,3.0
1333.02,3.0,,,
1333.5,,3.0,,
1333.51,,,,3.0
1333.52,3.0,,,
1333.53,,,3.0,
1334.0,,3.0,,
1334.01,,,,3.0
1334.02,3.0,,,
1334.03,,,3.0,
1334.51,,,,3.0
1334.52,3.0,3.0,,
1334.53,,,3.0,
1335.01,,,,3.0
1335.02,3.0,,,
1335.03,,3.0,3.0,
1335.51,,,,3.0
1335.52,3.0,,,
1335.53,,3.0,3.0,
1336.01,,,,3.0
1336.03,3.0,3.0,3.0,
1336.51,,,,3.0
1336.53,3.0,3.0,3.0,
1337.01,,,,3.0
1337.03,3.0,3.0,3.0,
1337.5,,,,3.0
1337.53,3.0,3.0,3.0,
1338.0,,,,3.0
1338.02,,,3.0,
1338.03,3.0,3.0,,
1338.5,,,,3.0
1338.53,3.0,3.0,3.0,
1339.0,,,,3.0
1339.03,3.0,3.0,3.0,
1339.5,,,,3.0
1339.53,3.0,3.0,3.0,
1340.0,,,,3.0
1340.03,3.0,3.0,3.0,
1340.5,,,,3.0
1340.53,3.0,3.0,3.0,
1341.0,,,,3.0
1341.03,3.0,3.0,3.0,
1341.5,,,3.0,3.0
1341.53,3.0,3.0,,
1342.0,,,3.0,3.0
1342.03,3.0,3.0,,
1342.5,,,3.0,3.0
1342.53,3.0,3.0,,
1343.0,,,3.0,3.0
1343.03,3.0,3.0,,
1343.5,,,3.0,3.0
1343.53,3.0,3.0,,
1344.0,,,3.0,3.0
1344.03,3.0,3.0,,
1344.5,,,3.0,3.0
1344.53,3.0,3.0,,
1345.0,,,3.0,3.0
1345.03,3.0,3.0,,
1345.5,,,3.0,3.0
1345.53,3.0,3.0,,
1346.0,,,3.0,3.0
1346.03,3.0,3.0,,
1346.5,,,3.0,3.0
1346.53,3.0,3.0,,
1347.0,,,3.0,3.0
1347.03,3.0,3.0,,
1347.5,,,3.0,3.0
1347.53,3.0,3.0,,
1348.0,,,3.0,3.0
1348.03,3.0,3.0,,
1348.5,,,3.0,
1348.51,,,,3.0
1348.53,3.0,3.0,,
1349.01,,,,3.0
1349.03,3.0,3.0,3.0,
1349.51,,,,3.0
1349.53,3.0,3.0,3.0,
1350.01,,,,3.0
1350.03,3.0,3.0,3.0,
1350.51,,,,3.0
1350.53,3.0,3.0,3.0,
1351.01,,,,3.0
1351.03,3.0,3.0,3.0,
1351.51,,,,3.0
1351.53,3.0,3.0,3.0,
1352.0,3.0,3.0,,
1352.01,,,,3.0
1352.03,,,3.0,
1352.5,,3.0,,
1352.51,,,,3.0
1352.52,3.0,,,
1352.53,,,3.0,
1353.0,,3.0,,
1353.01,,,,3.0
1353.02,3.0,,,
1353.03,,,3.0,
1353.5,,3.0,,
1353.51,,,,3.0
1353.52,3.0,,,
1353.53,,,3.0,
1354.0,,3.0,,
1354.01,,,,3.0
1354.02,3.0,,,
1354.03,,,3.0,
1354.51,,,,3.0
1354.52,3.0,3.0,,
1354.53,,,3.0,
1355.01,,,,3.0
1355.02,3.0,3.0,,
1355.03,,,3.0,
1355.51,,,,3.0
1355.52,3.0,3.0,,
1355.53,,,3.0,
1356.01,,,,3.0
1356.02,,3.0,,
1356.03,3.0,,3.0,
1356.51,,,,3.0
1356.53,3.0,3.0,3.0,
1357.01,,,,3.0
1357.03,3.0,3.0,3.0,
1357.5,,,,3.0
1357.53,3.0,3.0,3.0,
1358.0,,,,3.0
1358.03,3.0,3.0,3.0,
1358.5,,,,3.0
1358.53,3.0,3.0,3.0,
1359.0,,,,3.0
1359.03,3.0,3.0,,
1359.05,,,3.0,
1359.5,,,,3.0
1359.53,3.0,3.0,3.0,
1360.0,,,,3.0
1360.03,3.0,3.0,3.0,
1360.5,,,,3.0
1360.53,3.0,3.0,3.0,
1361.0,,,,3.0
1361.03,3.0,3.0,3.0,
1361.5,,,3.0,3.0
1361.53,3.0,3.0,,
1362.0,,,3.0,3.0
1362.03,3.0,3.0,,
1362.5,,,3.0,3.0
1362.53,3.0,3.0,,
1363.0,,,3.0,3.0
1363.03,3.0,3.0,,
1363.5,,,3.0,3.0
1363.53,3.0,3.0,,
1364.0,,,3.0,3.0
1364.03,3.0,3.0,,
1364.5,,,3.0,3.0
1364.53,3.0,3.0,,
1365.0,,,3.0,3.0
1365.03,3.0,3.0,,
1365.5,,,3.0,3.0
1365.53,3.0,3.0,,
1366.0,,,3.0,3.0
1366.03,3.0,3.0,,
1366.5,,,3.0,3.0
1366.53,3.0,3.0,,
1367.0,,,3.0,3.0
1367.03,3.0,3.0,,
1367.5,,,3.0,3.0
1367.53,3.0,3.0,,
1368.0,,,3.0,3.0
1368.03,3.0,3.0,,
1368.5,,,3.0,3.0
1368.53,3.0,3.0,,
1369.0,,,,3.0
1369.03,3.0,3.0,3.0,
1369.51,,,,3.0
1369.53,3.0,3.0,3.0,
1370.01,,,,3.0
1370.03,3.0,3.0,3.0,
1370.51,,,,3.0
1370.53,3.0,3.0,3.0,
1371.01,,,,3.0
1371.02,3.0,,,
1371.03,,3.0,3.0,
1371.51,,,,3.0
1371.52,3.0,,,
1371.53,,3.0,3.0,
1372.01,,,,3.0
1372.02,3.0,,,
1372.03,,3.0,3.0,
1372.51,,,,3.0
1372.52,3.0,,,
1372.53,,3.0,3.0,
1373.01,,,,3.0
1373.02,3.0,,,
1373.03,,3.0,3.0,
1373.5,,3.0,,
1373.51,,,,3.0
1373.52,3.0,,,
1373.53,,,3.0,
1374.0,,3.0,,
1374.01,,,,3.0
1374.02,3.0,,,
1374.03,,,3.0,
1374.5,,3.0,,
1374.51,,,,3.0
1374.52,3.0,,,
1374.53,,,3.0,
1375.01,,,,3.0
1375.02,3.0,3.0,,
1375.03,,,3.0,
1375.51,,,,3.0
1375.52,3.0,3.0,,
1375.53,,,3.0,
1376.01,,,,3.0
1376.02,,3.0,,
1376.03,3.0,,3.0,
1376.51,,,,3.0
1376.52,,3.0,,
1376.53,3.0,,3.0,
1377.01,,,,3.0
1377.02,,3.0,,
1377.03,3.0,,3.0,
1377.51,,,,3.0
1377.53,3.0,3.0,3.0,
1378.0,,,,3.0
1378.03,3.0,3.0,3.0,
1378.5,,,,3.0
1378.53,3.0,3.0,3.0,
1379.0,,,,3.0
1379.03,3.0,3.0,3.0,
1379.5,,,,3.0
1379.53,3.0,3.0,3.0,
1380.0,,,,3.0
1380.03,3.0,3.0,3.0,
1380.5,,,,3.0
1380.53,3.0,3.0,3.0,
1381.0,,,,3.0
1381.03,3.0,3.0,3.0,
1381.5,,,3.0,3.0
1381.53,,3.0,,
1381.56,3.0,,,
1382.0,,,3.0,3.0
1382.03,3.0,3.0,,
1382.5,,,3.0,3.0
1382.53,3.0,3.0,,
1383.0,,,3.0,3.0
1383.03,3.0,3.0,,
1383.5,,,3.0,3.0
1383.53,3.0,3.0,,
1384.0,,,3.0,3.0
1384.03,3.0,3.0,,
1384.5,,,3.0,3.0
1384.53,3.0,3.0,,
1385.0,,,3.0,3.0
1385.03,3.0,3.0,,
1385.5,,,3.0,3.0
1385.53,3.0,3.0,,
1386.0,,,3.0,3.0
1386.03,3.0,3.0,,
1386.5,,,3.0,3.0
1386.53,3.0,3.0,,
1387.0,,,3.0,3.0
1387.03,3.0,3.0,,
1387.5,,,3.0,3.0
1387.53,3.0,3.0,,
1388.0,,,,3.0
1388.03,3.0,3.0,3.0,
1388.5,,,,3.0
1388.53,3.0,3.0,3.0,
1389.0,,,,3.0
1389.03,,3.0,3.0,
1389.04,3.0,,,
1389.5,,,,3.0
1389.53,3.0,3.0,3.0,
1390.01,,,,3.0
1390.03,3.0,3.0,3.0,
1390.51,,,,3.0
1390.52,3.0,,,
1390.53,,3.0,3.0,
1391.01,,,,3.0
1391.02,3.0,,,
1391.03,,3.0,3.0,
1391.51,,,,3.0
1391.52,3.0,,,
1391.53,,3.0,3.0,
1392.01,,,,3.0
1392.02,3.0,,,
1392.03,,3.0,3.0,
1392.51,,,,3.0
1392.52,3.0,,,
1392.53,,3.0,3.0,
1393.01,,,,3.0
1393.02,3.0,,,
1393.03,,3.0,3.0,
1393.51,,,,3.0
1393.52,3.0,,,
1393.53,,3.0,3.0,
1394.01,,,,3.0
1394.02,3.0,,,
1394.03,,3.0,3.0,
1394.51,,,,3.0
1394.52,3.0,,,
1394.53,,3.0,3.0,
1395.0,,3.0,,
1395.01,,,,3.0
1395.02,3.0,,,
1395.03,,,3.0,
1395.51,,,,3.0
1395.52,3.0,3.0,,
1395.53,,,3.0,
1396.01,,,,3.0
1396.02,,3.0,,
1396.03,3.0,,3.0,
1396.51,,,,3.0
1396.52,,3.0,,
1396.53,,,3.0,
1396.54,3.0,,,
1397.01,,,,3.0
1397.02,,3.0,,
1397.03,3.0,,3.0,
1397.51,,,,3.0
1397.52,,3.0,,
1397.53,3.0,,3.0,
1398.01,,,,3.0
1398.02,,3.0,,
1398.03,3.0,,3.0,
1398.5,,,,3.0
1398.52,,3.0,,
1398.53,3.0,,3.0,
1399.0,,,,3.0
1399.03,3.0,3.0,,
1399.04,,,3.0,
1399.5,,,,3.0
1399.53,3.0,3.0,3.0,
1400.0,,,,3.0
1400.03,3.0,3.0,3.0,
1400.5,,,,3.0
1400.53,3.0,3.0,3.0,
1401.0,,,,3.0
1401.03,3.0,3.0,3.0,
1401.5,,,,3.0
1401.53,3.0,3.0,3.0,
1402.0,,,3.0,3.0
1402.03,3.0,3.0,,
1402.5,,,3.0,3.0
1402.53,3.0,3.0,,
1403.0,,,3.0,3.0
1403.03,3.0,3.0,,
1403.5,,,3.0,3.0
1403.53,3.0,3.0,,
1404.0,,,3.0,3.0
1404.03,3.0,3.0,,
1404.5,,,3.0,3.0
1404.53,3.0,3.0,,
1405.0,,,3.0,3.0
1405.03,3.0,3.0,,
1405.5,,,3.0,3.0
1405.53,3.0,3.0,,
1406.0,,,3.0,3.0
1406.03,3.0,3.0,,
1406.5,,,3.0,3.0
1406.53,3.0,3.0,,
1407.0,,,3.0,3.0
1407.03,3.0,3.0,,
1407.5,,,,3.0
1407.53,3.0,3.0,3.0,
1408.0,,,,3.0
1408.03,3.0,3.0,3.0,
1408.5,,,,3.0
1408.53,3.0,3.0,3.0,
1409.0,,,,3.0
1409.03,3.0,3.0,3.0,
1409.5,,,,3.0
1409.53,3.0,3.0,3.0,
1410.0,,,,3.0
1410.02,3.0,,,
1410.03,,3.0,3.0,
1410.5,,,,3.0
1410.52,3.0,,,
1410.53,,3.0,3.0,
1411.01,,,,3.0
1411.02,3.0,,,
1411.03,,3.0,3.0,
1411.51,,,,3.0
1411.52,3.0,,,
1411.53,,3.0,3.0,
1412.01,,,,3.0
1412.02,3.0,,,
1412.03,,3.0,3.0,
1412.51,,,,3.0
1412.52,3.0,,,
1412.53,,3.0,3.0,
1413.01,,,,3.0
1413.02,3.0,,,
1413.03,,3.0,3.0,
1413.51,,,,3.0
1413.52,3.0,,,
1413.53,,3.0,3.0,
1414.01,,,,3.0
1414.02,3.0,,,
1414.03,,3.0,3.0,
1414.51,,,,3.0
1414.52,3.0,,,
1414.53,,3.0,3.0,
1415.01,,,,3.0
1415.02,3.0,,,
1415.03,,3.0,3.0,
1415.51,,,,3.0
1415.53,3.0,3.0,3.0,
1416.01,,,,3.0
1416.02,,3.0,,
1416.03,3.0,,3.0,
1416.51,,,,3.0
1416.52,,3.0,,
1416.53,3.0,,3.0,
1417.01,,,,3.0
1417.02,,3.0,,
1417.03,3.0,,3.0,
1417.51,,,,3.0
1417.52,,3.0,,
1417.53,3.0,,3.0,
1418.01,,,,3.0
1418.02,,3.0,,
1418.03,3.0,,3.0,
1418.5,,,,3.0
1418.52,,3.0,,
1418.53,3.0,,3.0,
1419.0,,,,3.0
1419.02,,3.0,,
1419.03,3.0,,3.0,
1419.5,,,,3.0
1419.52,,3.0,,
1419.53,3.0,,3.0,
1420.0,,,,3.0
1420.02,,3.0,,
1420.03,3.0,,3.0,
1420.5,,,,3.0
1420.53,3.0,3.0,3.0,
1421.0,,,,3.0
1421.03,3.0,3.0,3.0,
1421.5,,,,3.0
1421.53,3.0,3.0,3.0,
1422.0,,,3.0,3.0
1422.03,3.0,3.0,,
1422.5,,,3.0,3.0
1422.53,3.0,3.0,,
1423.0,,,3.0,3.0
1423.03,3.0,3.0,,
1423.5,,,3.0,3.0
1423.53,3.0,3.0,,
1424.0,,,3.0,3.0
1424.03,3.0,3.0,,
1424.5,,,3.0,3.0
1424.53,3.0,3.0,,
1425.0,,,3.0,3.0
1425.03,3.0,3.0,,
1425.5,,,3.0,3.0
1425.53,3.0,3.0,,
1426.0,,,3.0,3.0
1426.03,3.0,3.0,,
1426.5,,,3.0,3.0
1426.53,3.0,3.0,,
1427.0,,,,3.0
1427.03,3.0,3.0,3.0,
1427.5,,,,3.0
1427.53,3.0,3.0,3.0,
1428.0,,,,3.0
1428.03,3.0,3.0,3.0,
1428.5,,,,3.0
1428.53,3.0,3.0,3.0,
1429.0,,,,3.0
1429.03,3.0,3.0,3.0,
1429.5,,,,3.0
1429.53,3.0,3.0,3.0,
1430.0,,,,3.0
1430.02,3.0,,,
1430.03,,3.0,3.0,
1430.5,,,,3.0
1430.52,2.0,,,
1430.53,,3.0,3.0,
1431.0,,,,3.0
1431.02,3.0,,,
1431.03,,3.0,3.0,
1431.5,,,,3.0
1431.51,3.0,,,
1431.53,,3.0,3.0,
1432.01,,,,3.0
1432.02,3.0,,,
1432.03,,3.0,3.0,
1432.51,,,,3.0
1432.52,3.0,,,
1432.53,,3.0,3.0,
1433.01,,,,3.0
1433.02,3.0,,,
1433.03,,3.0,3.0,
1433.51,,,,3.0
1433.52,3.0,,,
1433.53,,3.0,3.0,
1434.01,,,,3.0
1434.02,3.0,,,
1434.03,,3.0,3.0,
1434.51,,,,3.0
1434.52,3.0,,,
1434.53,,3.0,3.0,
1435.01,,,,3.0
1435.02,3.0,,,
1435.03,,3.0,3.0,
1435.51,,,,3.0
1435.53,3.0,3.0,3.0,
1436.01,,,,3.0
1436.02,,3.0,,
1436.03,3.0,,3.0,
1436.51,,,,3.0
1436.52,,3.0,,
1436.53,3.0,,3.0,
1437.01,,,,3.0
1437.02,,3.0,,
1437.03,3.0,,3.0,
1437.51,,,,3.0
1437.52,,3.0,,
1437.53,3.0,,3.0,
1438.01,,,,3.0
1438.02,,3.0,,
1438.03,3.0,,3.0,
1438.5,,,,3.0
1438.52,,3.0,,
1438.53,3.0,,3.0,
1439.0,,,,3.0
1439.02,,3.0,,
1439.03,3.0,,3.0,
1439.5,,,,3.0
1439.52,,3.0,,
1439.53,3.0,,3.0,
1440.0,,,,3.0
1440.02,,3.0,,
1440.03,3.0,,3.0,
1440.5,,,,3.0
1440.52,,3.0,,
1440.53,3.0,,3.0,
1441.0,,,,3.0
1441.02,,3.0,,
1441.03,3.0,,3.0,
1441.5,,,,3.0
1441.52,,3.0,,
1441.53,3.0,,3.0,
1442.0,,,3.0,3.0
1442.03,3.0,3.0,,
1442.5,,,3.0,3.0
1442.53,3.0,3.0,,
1443.0,,,3.0,3.0
1443.03,3.0,3.0,,
1443.5,,,3.0,3.0
1443.53,3.0,3.0,,
1444.0,,,3.0,3.0
1444.03,3.0,3.0,,
1444.5,,,3.0,3.0
1444.53,3.0,3.0,,
1445.0,,,3.0,3.0
1445.03,3.0,3.0,,
1445.5,,,3.0,3.0
1445.53,3.0,3.0,,
1446.0,,,3.0,3.0
1446.03,3.0,3.0,,
1446.5,,,,3.0
1446.53,3.0,3.0,3.0,
1447.0,,,,3.0
1447.03,3.0,3.0,3.0,
1447.5,,,,3.0
1447.51,,,3.0,
1447.53,3.0,3.0,,
1448.0,,,,3.0
1448.03,3.0,3.0,3.0,
1448.5,,,,3.0
1448.53,3.0,3.0,3.0,
1449.0,,,,3.0
1449.03,3.0,3.0,3.0,
1449.5,,,,3.0
1449.52,3.0,,,
1449.53,,3.0,3.0,
1450.0,,,,3.0
1450.02,3.0,,,
1450.03,,3.0,3.0,
1450.5,,,,3.0
1450.52,3.0,,,
1450.53,,3.0,3.0,
1451.0,,,,3.0
1451.02,3.0,,,
1451.03,,3.0,3.0,
1451.5,,,,3.0
1451.52,3.0,,,
1451.53,,3.0,3.0,
1452.0,,,,3.0
1452.02,3.0,,,
1452.03,,3.0,3.0,
1452.5,,,,3.0
1452.52,3.0,,,
1452.53,,3.0,3.0,
1453.01,,,3.0,3.0
1453.02,3.0,,,
1453.03,,3.0,,
1453.51,,,,3.0
1453.52,3.0,,,
1453.53,,3.0,3.0,
1454.01,,,,3.0
1454.02,3.0,,,
1454.03,,3.0,3.0,
1454.51,,,,3.0
1454.52,3.0,,,
1454.53,,3.0,3.0,
1455.01,,,,3.0
1455.02,3.0,,,
1455.03,,3.0,3.0,
1455.5,3.0,,,
1455.51,,,,3.0
1455.52,,3.0,,
1455.53,,,3.0,
1456.01,,,,3.0
1456.02,,3.0,,
1456.03,3.0,,3.0,
1456.51,,,,3.0
1456.52,,3.0,,
1456.53,3.0,,3.0,
1457.01,,,,3.0
1457.02,,3.0,,
1457.03,3.0,,3.0,
1457.51,,,,3.0
1457.52,,3.0,,
1457.53,3.0,,3.0,
1458.01,,,,3.0
1458.02,,3.0,,
1458.03,3.0,,3.0,
1458.5,,,,3.0
1458.52,,3.0,,
1458.53,3.0,,3.0,
1459.0,,,,3.0
1459.02,,3.0,,
1459.03,3.0,,3.0,
1459.5,,,,3.0
1459.52,,3.0,,
1459.53,3.0,,3.0,
1460.0,,,,3.0
1460.02,,3.0,,
1460.03,3.0,,3.0,
1460.5,,,,3.0
1460.52,,3.0,,
1460.53,3.0,,3.0,
1461.0,,,,3.0
1461.02,,3.0,,
1461.03,3.0,,3.0,
1461.5,,,,3.0
1461.52,,3.0,,
1461.53,3.0,,3.0,
1462.0,,,3.0,3.0
1462.02,,3.0,,
1462.03,3.0,,,
1462.5,,,3.0,3.0
1462.52,,3.0,,
1462.53,3.0,,,
1463.0,,,3.0,3.0
1463.03,3.0,3.0,,
1463.5,,,3.0,3.0
1463.53,3.0,3.0,,
1464.0,,,3.0,3.0
1464.03,3.0,3.0,,
1464.5,,,3.0,3.0
1464.53,3.0,3.0,,
1465.0,,,3.0,3.0
1465.03,3.0,3.0,,
1465.5,,,3.0,3.0
1465.53,3.0,3.0,,
1466.0,,,,3.0
1466.03,3.0,3.0,3.0,
1466.5,,,,3.0
1466.53,2.0,3.0,3.0,
1467.0,,,,3.0
1467.03,2.0,3.0,3.0,
1467.5,,,,3.0
1467.53,3.0,3.0,3.0,
1468.0,,,,3.0
1468.03,3.0,3.0,3.0,
1468.5,,,,3.0
1468.52,3.0,,,
1468.53,,3.0,3.0,
1469.0,,,,3.0
1469.02,3.0,,,
1469.03,,3.0,3.0,
1469.5,,,,3.0
1469.52,3.0,,,
1469.53,,3.0,3.0,
1470.0,,,,3.0
1470.02,3.0,,,
1470.03,,3.0,3.0,
1470.5,,,,3.0
1470.52,3.0,,,
1470.53,,3.0,3.0,
1471.0,,,,3.0
1471.02,3.0,,,
1471.03,,3.0,3.0,
1471.5,,,,3.0
1471.52,3.0,,,
1471.53,,3.0,3.0,
1472.0,,,,3.0
1472.02,3.0,,,
1472.03,,3.0,3.0,
1472.5,,,,3.0
1472.52,3.0,,,
1472.53,,3.0,3.0,
1473.0,,,,3.0
1473.02,3.0,,,
1473.03,,3.0,3.0,
1473.51,,,,3.0
1473.52,3.0,,,
1473.53,,3.0,3.0,
1474.01,,,,3.0
1474.02,3.0,,,
1474.03,,3.0,3.0,
1474.51,,,,3.0
1474.52,3.0,,,
1474.53,,3.0,3.0,
1475.01,,,,3.0
1475.02,3.0,,,
1475.03,,3.0,3.0,
1475.51,,,,3.0
1475.53,3.0,3.0,3.0,
1476.01,,,,3.0
1476.02,,3.0,,
1476.03,3.0,,3.0,
1476.51,,,,3.0
1476.52,,3.0,,
1476.53,3.0,,3.0,
1477.01,,,,3.0
1477.02,,3.0,,
1477.03,3.0,,3.0,
1477.51,,,,3.0
1477.52,,3.0,,
1477.53,3.0,,3.0,
1478.01,,,,3.0
1478.02,,3.0,,
1478.03,3.0,,3.0,
1478.5,,,,3.0
1478.52,,3.0,,
1478.53,3.0,,3.0,
1479.0,,,,3.0
1479.02,,3.0,,
1479.03,3.0,,3.0,
1479.5,,,,3.0
1479.52,,3.0,,
1479.53,3.0,,3.0,
1480.0,,,,3.0
1480.02,,3.0,,
1480.03,3.0,,3.0,
1480.5,,,,3.0
1480.52,,3.0,,
1480.53,3.0,,3.0,
1481.0,,,,3.0
1481.02,,3.0,,
1481.03,3.0,,3.0,
1481.5,,,,3.0
1481.52,,3.0,,
1481.53,3.0,,3.0,
1482.0,,,,3.0
1482.02,,3.0,,
1482.03,3.0,,3.0,
1482.5,,,3.0,3.0
1482.52,,3.0,,
1482.53,3.0,,,
1483.0,,,3.0,2.0
1483.02,,3.0,,
1483.03,3.0,,,
1483.5,,,3.0,3.0
1483.52,,3.0,,
1483.53,3.0,,,
1484.0,,,3.0,3.0
1484.02,,3.0,,
1484.03,3.0,,,
1484.5,,,3.0,3.0
1484.53,3.0,3.0,,
1485.0,,,3.0,3.0
1485.03,3.0,3.0,,
1485.5,,,,3.0
1485.52,,,3.0,
1485.53,3.0,3.0,,
1486.0,,,,3.0
1486.02,,,3.0,
1486.03,3.0,3.0,,
1486.5,,,,3.0
1486.53,3.0,3.0,3.0,
1487.0,,,,3.0
1487.03,3.0,3.0,3.0,
1487.5,,,,3.0
1487.53,3.0,3.0,3.0,
1488.0,,,,3.0
1488.02,3.0,,,
1488.03,,3.0,3.0,
1488.5,,,,3.0
1488.52,3.0,,,
1488.53,,3.0,3.0,
1489.0,,,,3.0
1489.02,3.0,,,
1489.03,,3.0,3.0,
1489.5,,,,3.0
1489.52,3.0,,,
1489.53,,3.0,3.0,
1490.0,,,,3.0
1490.02,3.0,,,
1490.03,,3.0,3.0,
1490.5,,,,2.0
1490.52,3.0,,,
1490.53,,3.0,3.0,
1491.0,,,,2.0
1491.02,3.0,,,
1491.03,,3.0,3.0,
1491.5,,,,2.0
1491.52,3.0,,,
1491.53,,3.0,3.0,
1492.0,,,,3.0
1492.02,3.0,,,
1492.03,,3.0,3.0,
1492.5,,,,3.0
1492.52,3.0,,,
1492.53,,3.0,3.0,
1493.0,,,,3.0
1493.02,3.0,,,
1493.03,,3.0,3.0,
1493.5,,,,3.0
1493.52,3.0,,,
1493.53,,3.0,3.0,
1494.0,,,,3.0
1494.02,3.0,,,
1494.03,,3.0,3.0,
1494.51,,,,3.0
1494.52,3.0,,,
1494.53,,3.0,3.0,
1495.01,,,,3.0
1495.03,3.0,3.0,3.0,
1495.51,,,,3.0
1495.53,3.0,3.0,3.0,
1496.01,,,,3.0
1496.03,3.0,3.0,3.0,
1496.51,,,,3.0
1496.53,3.0,3.0,3.0,
1497.01,,,,3.0
1497.03,3.0,3.0,3.0,
1497.51,,,,3.0
1497.52,,3.0,,
1497.53,3.0,,3.0,
1498.01,,,,3.0
1498.02,,3.0,,
1498.03,3.0,,3.0,
1498.51,,,,3.0
1498.52,,3.0,,
1498.53,3.0,,3.0,
1499.0,,,,3.0
1499.02,,3.0,,
1499.03,3.0,,3.0,
1499.5,,,,3.0
1499.52,,3.0,,
1499.53,3.0,,3.0,
1500.0,,,,3.0
1500.02,,3.0,,
1500.03,3.0,,3.0,
1500.5,,,,3.0
1500.52,,3.0,,
1500.53,3.0,,3.0,
1501.0,,,,3.0
1501.02,,3.0,,
1501.03,3.0,,3.0,
1501.5,,,,3.0
1501.52,,3.0,,
1501.53,3.0,,3.0,
1502.0,,,,3.0
1502.02,,3.0,,
1502.03,3.0,,3.0,
1502.5,,,3.0,3.0
1502.52,,3.0,,
1502.53,3.0,,,
1503.0,,,3.0,3.0
1503.02,,3.0,,
1503.03,3.0,,,
1503.5,,,3.0,3.0
1503.52,,3.0,,
1503.53,3.0,,,
1504.0,,,3.0,3.0
1504.02,,3.0,,
1504.03,3.0,,,
1504.5,,,3.0,3.0
1504.52,,3.0,,
1504.53,3.0,,,
1505.0,,,,3.0
1505.02,,3.0,3.0,
1505.03,3.0,,,
1505.5,,,,3.0
1505.52,,3.0,3.0,
1505.53,3.0,,,
1506.0,,,,3.0
1506.02,,,3.0,
1506.03,3.0,3.0,,
1506.5,,,,3.0
1506.53,3.0,3.0,3.0,
1507.0,,,,3.0
1507.03,3.0,3.0,3.0,
1507.5,,,,3.0
1507.52,3.0,,,
1507.53,,3.0,3.0,
1508.0,,,,3.0
1508.02,3.0,,,
1508.03,,3.0,3.0,
1508.5,,,,3.0
1508.52,3.0,,,
1508.53,,3.0,3.0,
1509.0,,,,3.0
1509.02,3.0,,,
1509.03,,3.0,3.0,
1509.5,,,,3.0
1509.52,3.0,,,
1509.53,,3.0,3.0,
1510.0,,,,3.0
1510.02,3.0,,,
1510.03,,3.0,3.0,
1510.5,,,,3.0
1510.52,3.0,,,
1510.53,,3.0,3.0,
1511.0,,,,3.0
1511.02,3.0,,,
1511.03,,3.0,3.0,
1511.5,,,,3.0
1511.52,3.0,,,
1511.53,,3.0,3.0,
1512.0,,,,3.0
1512.02,3.0,,,
1512.03,,3.0,3.0,
1512.5,,,,3.0
1512.52,3.0,,,
1512.53,,3.0,3.0,
1513.0,,,,3.0
1513.02,3.0,,,
1513.03,,3.0,3.0,
1513.5,,,,3.0
1513.52,3.0,,,
1513.53,,3.0,3.0,
1514.0,,,,3.0
1514.02,3.0,,,
1514.03,,3.0,3.0,
1514.5,,,,3.0
1514.52,3.0,,,
1514.53,,3.0,3.0,
1515.0,,,,3.0
1515.03,3.0,3.0,3.0,
1515.51,,,,3.0
1515.53,3.0,3.0,3.0,
1516.01,,,,3.0
1516.03,3.0,3.0,3.0,
1516.51,,,,3.0
1516.53,3.0,3.0,3.0,
1517.01,,,,3.0
1517.02,,3.0,,
1517.03,3.0,,3.0,
1517.51,,,,3.0
1517.52,,3.0,,
1517.53,3.0,,3.0,
1518.01,,,,3.0
1518.02,,3.0,,
1518.03,3.0,,3.0,
1518.52,,3.0,,
1518.53,3.0,,3.0,3.0
1519.02,,3.0,,
1519.03,3.0,,3.0,3.0
1519.5,,,,3.0
1519.52,,3.0,,
1519.53,3.0,,3.0,
1520.0,,,,3.0
1520.02,,3.0,,
1520.03,3.0,,3.0,
1520.5,,,,3.0
1520.52,,3.0,,
1520.53,3.0,,3.0,
1521.0,,,,3.0
1521.02,,3.0,,
1521.03,3.0,,3.0,
1521.5,,,,3.0
1521.52,,3.0,,
1521.53,3.0,,3.0,
1522.0,,,,3.0
1522.02,,3.0,,
1522.03,3.0,,3.0,
1522.5,,,3.0,3.0
1522.52,,3.0,,
1522.53,3.0,,,
1523.0,,,3.0,3.0
1523.02,,3.0,,
1523.03,3.0,,,
1523.5,,,3.0,3.0
1523.52,,3.0,,
1523.53,3.0,,,
1524.0,,,3.0,3.0
1524.02,,3.0,,
1524.03,3.0,,,
1524.5,,,3.0,3.0
1524.52,,3.0,,
1524.53,3.0,,,
1525.0,,,,3.0
1525.02,,3.0,3.0,
1525.03,3.0,,,
1525.5,,,,3.0
1525.52,,3.0,3.0,
1525.53,3.0,,,
1526.0,,,,3.0
1526.02,,3.0,3.0,
1526.03,3.0,,,
1526.5,,,,3.0
1526.52,,3.0,,
1526.53,3.0,,3.0,
1527.0,,,,3.0
1527.02,3.0,3.0,,
1527.03,,,3.0,
1527.5,,,,3.0
1527.52,3.0,,,
1527.53,,3.0,3.0,
1528.0,,,,3.0
1528.02,3.0,,,
1528.03,,3.0,3.0,
1528.5,,,,3.0
1528.52,3.0,,,
1528.53,,3.0,3.0,
1529.0,,,,3.0
1529.02,3.0,,,
1529.03,,3.0,3.0,
1529.5,,,,3.0
1529.52,3.0,,,
1529.53,,3.0,3.0,
1530.0,,,,3.0
1530.02,3.0,,,
1530.03,,3.0,3.0,
1530.5,,,,3.0
1530.52,3.0,,,
1530.53,,3.0,3.0,
1531.0,,,,3.0
1531.02,3.0,,,
1531.03,,3.0,3.0,
1531.5,,,,3.0
1531.52,3.0,,,
1531.53,,3.0,3.0,
1532.0,,,,3.0
1532.02,3.0,,,
1532.03,,3.0,3.0,
1532.5,,,,3.0
1532.52,3.0,,,
1532.53,,3.0,3.0,
1533.0,,,,3.0
1533.02,3.0,,,
1533.03,,3.0,3.0,
1533.5,,,,3.0
1533.52,3.0,,,
1533.53,,3.0,3.0,
1534.0,,,,3.0
1534.02,3.0,,,
1534.03,,3.0,3.0,
1534.5,,,,3.0
1534.52,3.0,,,
1534.53,,3.0,3.0,
1535.0,,,,3.0
1535.03,3.0,3.0,3.0,
1535.5,,,,3.0
1535.53,3.0,3.0,3.0,
1536.0,,,,3.0
1536.03,3.0,3.0,3.0,
1536.51,,,,3.0
1536.52,,3.0,,
1536.53,3.0,,3.0,
1537.01,,,,3.0
1537.02,,3.0,,
1537.03,3.0,,3.0,
1537.5,3.0,,,
1537.51,,,,3.0
1537.52,,3.0,,
1537.53,,,3.0,
1538.01,,,,3.0
1538.02,,3.0,,
1538.03,3.0,,3.0,
1538.51,,,,3.0
1538.52,,3.0,,
1538.53,3.0,,3.0,
1539.02,,3.0,,
1539.03,3.0,,3.0,2.0
1539.52,,3.0,,
1539.53,3.0,,3.0,3.0
1540.02,,3.0,,
1540.03,3.0,,3.0,2.0
1540.5,,,,3.0
1540.52,,3.0,,
1540.53,3.0,,3.0,
1541.0,,,,3.0
1541.01,3.0,,,
1541.02,,3.0,,
1541.03,,,3.0,
1541.5,,,,3.0
1541.52,,3.0,,
1541.53,3.0,,3.0,
1542.0,,,,3.0
1542.02,3.0,3.0,,
1542.03,,,3.0,
1542.5,,,3.0,3.0
1542.52,,3.0,,
1542.53,3.0,,,
1543.0,,,3.0,3.0
1543.02,,3.0,,
1543.03,3.0,,,
1543.5,,,3.0,3.0
1543.52,,3.0,,
1543.53,3.0,,,
1544.0,,,3.0,3.0
1544.02,,3.0,,
1544.03,3.0,,,
1544.5,,,,3.0
1544.52,,3.0,3.0,
1544.53,3.0,,,
1545.0,,,,3.0
1545.02,,3.0,2.0,
1545.03,3.0,,,
1545.5,,,,3.0
1545.52,,3.0,2.0,
1545.53,3.0,,,
1546.0,,,,3.0
1546.02,,3.0,2.0,
1546.03,3.0,,,
1546.5,,,,3.0
1546.52,,3.0,,
1546.53,3.0,,3.0,
1547.0,,,,3.0
1547.02,,3.0,,
1547.03,3.0,,3.0,
1547.5,,,,3.0
1547.52,3.0,3.0,,
1547.53,,,3.0,
1548.0,,,,3.0
1548.02,3.0,3.0,,
1548.03,,,3.0,
1548.5,,,,3.0
1548.52,3.0,,,
1548.53,,3.0,3.0,
1549.0,,,,3.0
1549.02,3.0,,,
1549.03,,3.0,3.0,
1549.5,,,,3.0
1549.52,3.0,,,
1549.53,,3.0,3.0,
1550.0,,,,3.0
1550.02,3.0,,,
1550.03,,3.0,3.0,
1550.5,,,,3.0
1550.52,3.0,,,
1550.53,,3.0,3.0,
1551.0,,,,3.0
1551.02,3.0,,,
1551.03,,3.0,3.0,
1551.5,,,,3.0
1551.52,3.0,,,
1551.53,,3.0,3.0,
1552.0,,,,3.0
1552.02,3.0,,,
1552.03,,3.0,3.0,
1552.5,,,,3.0
1552.52,3.0,,,
1552.53,,3.0,3.0,
1553.0,,,,3.0
1553.02,3.0,,,
1553.03,,3.0,3.0,
1553.5,,,,3.0
1553.52,3.0,,,
1553.53,,3.0,3.0,
1554.0,,,,3.0
1554.02,3.0,,,
1554.03,,3.0,3.0,
1554.5,,,,3.0
1554.52,3.0,,,
1554.53,,3.0,3.0,
1555.0,,,,3.0
1555.03,3.0,3.0,3.0,
1555.5,,,,3.0
1555.53,3.0,3.0,3.0,
1556.0,,,,3.0
1556.03,3.0,3.0,3.0,
1556.5,,,,3.0
1556.52,,3.0,,
1556.53,3.0,,3.0,
1557.0,,,,3.0
1557.02,,3.0,,
1557.03,3.0,,3.0,
1557.51,,,,3.0
1557.52,,3.0,,
1557.53,3.0,,3.0,
1558.01,,,,3.0
1558.02,,3.0,,
1558.03,3.0,,3.0,
1558.51,,,,3.0
1558.52,,3.0,,
1558.53,3.0,,3.0,
1559.02,,3.0,,
1559.03,3.0,,3.0,3.0
1559.52,,3.0,,
1559.53,3.0,,3.0,3.0
1560.02,,3.0,,
1560.03,3.0,,3.0,3.0
1560.52,,3.0,,
1560.53,3.0,,,3.0
1560.54,,,3.0,
1561.02,,3.0,,
1561.03,3.0,,3.0,3.0
1561.5,,,,3.0
1561.52,,3.0,,
1561.53,3.0,,3.0,
1562.0,,,,3.0
1562.02,,3.0,,
1562.03,3.0,,3.0,
1562.5,,,,3.0
1562.52,,3.0,,
1562.53,3.0,,3.0,
1563.0,,,3.0,3.0
1563.02,,3.0,,
1563.03,3.0,,,
1563.5,,,,3.0
1563.52,,3.0,3.0,
1563.53,3.0,,,
1564.0,,,,3.0
1564.02,,3.0,3.0,
1564.03,3.0,,,
1564.5,,,,3.0
1564.52,,3.0,3.0,
1564.53,3.0,,,
1565.0,,,,3.0
1565.02,,3.0,3.0,
1565.03,3.0,,,
1565.5,,,,3.0
1565.52,,3.0,3.0,
1565.53,3.0,,,
1566.0,,,,3.0
1566.02,,3.0,3.0,
1566.03,3.0,,,
1566.5,,,,3.0
1566.52,,3.0,3.0,
1566.53,3.0,,,
1567.0,,,,3.0
1567.02,3.0,3.0,,
1567.03,,,3.0,
1567.5,,,,3.0
1567.52,3.0,3.0,,
1567.53,,,3.0,
1568.0,,,,3.0
1568.02,3.0,3.0,,
1568.03,,,3.0,
1568.5,,,,3.0
1568.52,3.0,3.0,,
1568.53,,,3.0,
1569.0,,,,3.0
1569.02,3.0,3.0,,
1569.03,,,3.0,
1569.5,,,,3.0
1569.52,3.0,3.0,,
1569.53,,,3.0,
1570.0,,,,3.0
1570.03,,3.0,3.0,
1570.05,3.0,,,
1570.5,,,,3.0
1570.52,3.0,,,
1570.53,,3.0,3.0,
1571.0,,,,3.0
1571.02,3.0,,,
1571.03,,3.0,3.0,
1571.5,,,,3.0
1571.52,3.0,,,
1571.53,,3.0,3.0,
1572.0,,,,3.0
1572.02,3.0,,,
1572.03,,3.0,3.0,
1572.5,,,,3.0
1572.52,3.0,,,
1572.53,,3.0,3.0,
1573.0,,,,3.0
1573.02,3.0,,,
1573.03,,3.0,3.0,
1573.5,,,,3.0
1573.52,3.0,,,
1573.53,,3.0,3.0,
1574.0,,,,3.0
1574.02,3.0,,,
1574.03,,3.0,3.0,
1574.5,,,,3.0
1574.52,3.0,,,
1574.53,,3.0,,
1574.54,,,3.0,
1575.0,,,,3.0
1575.03,3.0,3.0,3.0,
1575.5,,,,3.0
1575.53,3.0,3.0,3.0,
1576.0,,,,3.0
1576.03,3.0,3.0,3.0,
1576.5,,,,3.0
1576.52,,3.0,,
1576.53,3.0,,3.0,
1577.0,,,,3.0
1577.02,,3.0,,
1577.03,3.0,,3.0,
1577.5,,,,3.0
1577.52,,3.0,,
1577.53,3.0,,3.0,
1578.01,,,,3.0
1578.02,,3.0,,
1578.03,3.0,,3.0,
1578.52,,3.0,,
1578.53,3.0,,3.0,3.0
1579.02,,3.0,,
1579.03,3.0,,3.0,3.0
1579.52,,3.0,,
1579.53,3.0,,3.0,3.0
1580.02,,3.0,,
1580.03,3.0,,3.0,3.0
1580.52,,3.0,,
1580.53,3.0,,3.0,3.0
1581.02,,3.0,,
1581.03,3.0,,3.0,3.0
1581.52,,3.0,,
1581.53,3.0,,3.0,3.0
1582.02,,3.0,,
1582.03,3.0,,3.0,3.0
1582.5,,,,3.0
1582.52,,3.0,,
1582.53,3.0,,3.0,
1583.0,,,,3.0
1583.02,,3.0,3.0,
1583.03,3.0,,,
1583.5,,,,3.0
1583.52,,3.0,3.0,
1583.53,3.0,,,
1584.0,,,,3.0
1584.02,,3.0,3.0,
1584.03,3.0,,,
1584.5,,,,3.0
1584.52,,3.0,3.0,
1584.53,3.0,,,
1585.0,,,,3.0
1585.02,,3.0,3.0,
1585.03,3.0,,,
1585.5,,,,3.0
1585.52,3.0,3.0,3.0,
1586.0,,,,3.0
1586.02,,3.0,3.0,
1586.03,3.0,,,
1586.5,,,,3.0
1586.52,,3.0,3.0,
1586.53,3.0,,,
1587.0,,,,3.0
1587.02,3.0,3.0,,
1587.03,,,3.0,
1587.5,,,,3.0
1587.52,3.0,3.0,,
1587.53,,,3.0,
1588.0,,,,3.0
1588.02,3.0,3.0,,
1588.03,,,3.0,
1588.5,,,,3.0
1588.52,3.0,3.0,,
1588.53,,,3.0,
1589.0,,,,3.0
1589.02,3.0,3.0,,
1589.03,,,3.0,
1589.5,,,,3.0
1589.52,3.0,3.0,,
1589.53,,,3.0,
1590.0,,,,3.0
1590.02,3.0,3.0,,
1590.03,,,3.0,
1590.5,,,,3.0
1590.52,3.0,3.0,,
1590.53,,,3.0,
1591.0,,,,3.0
1591.02,3.0,3.0,,
1591.03,,,3.0,
1591.5,,,,3.0
1591.52,3.0,,,
1591.53,,3.0,3.0,
1592.0,,,,3.0
1592.02,3.0,,,
1592.03,,3.0,3.0,
1592.5,,,,3.0
1592.52,3.0,,,
1592.53,,3.0,3.0,
1593.0,,,,3.0
1593.02,3.0,,,
1593.03,,3.0,3.0,
1593.5,,,,3.0
1593.52,3.0,,,
1593.53,,3.0,3.0,
1594.0,,,,3.0
1594.02,3.0,,,
1594.03,,3.0,3.0,
1594.5,,,,3.0
1594.52,3.0,,,
1594.53,,3.0,3.0,
1595.0,,,,3.0
1595.03,3.0,3.0,3.0,
1595.5,,,,3.0
1595.53,3.0,3.0,3.0,
1596.0,,,,3.0
1596.03,3.0,3.0,3.0,
1596.5,,,,3.0
1596.53,3.0,3.0,3.0,
1597.0,,,,3.0
1597.02,,3.0,,
1597.03,3.0,,3.0,
1597.5,,,,3.0
1597.52,,3.0,,
1597.53,3.0,,3.0,
1598.0,,,,3.0
1598.02,,3.0,,
1598.03,3.0,,3.0,
1598.5,,,,3.0
1598.52,,3.0,,
1598.53,3.0,,3.0,
1599.01,,,3.0,
1599.02,,3.0,,
1599.03,3.0,,,3.0
1599.52,,3.0,,
1599.53,3.0,,3.0,3.0
1600.02,,3.0,,
1600.03,3.0,,3.0,3.0
1600.52,,3.0,,
1600.53,3.0,,3.0,3.0
1601.02,,3.0,,
1601.03,3.0,,3.0,3.0
1601.52,,3.0,,
1601.53,3.0,,3.0,3.0
1602.02,,3.0,,
1602.03,3.0,,3.0,3.0
1602.52,,3.0,3.0,
1602.53,3.0,,,3.0
1603.0,,,,3.0
1603.02,,3.0,3.0,
1603.03,3.0,,,
1603.5,,,,3.0
1603.52,,3.0,3.0,
1603.53,3.0,,,
1604.0,,,,3.0
1604.02,,3.0,2.0,
1604.03,3.0,,,
1604.5,,,,3.0
1604.52,,3.0,2.0,
1604.53,3.0,,,
1605.0,,,,3.0
1605.02,,2.0,3.0,
1605.03,3.0,,,
1605.5,,,,3.0
1605.52,,3.0,3.0,
1605.53,3.0,,,
1606.0,,,,3.0
1606.02,,3.0,3.0,
1606.03,3.0,,,
1606.5,,,,3.0
1606.52,3.0,3.0,3.0,
1607.0,,,,3.0
1607.02,3.0,3.0,,
1607.03,,,3.0,
1607.5,,,,3.0
1607.52,3.0,3.0,,
1607.53,,,3.0,
1608.0,,,,3.0
1608.02,3.0,3.0,,
1608.03,,,3.0,
1608.5,,,,3.0
1608.52,3.0,3.0,,
1608.53,,,3.0,
1609.0,,,,3.0
1609.02,3.0,3.0,,
1609.03,,,3.0,
1609.5,,,,3.0
1609.52,3.0,3.0,,
1609.53,,,3.0,
1610.0,,,,3.0
1610.02,3.0,3.0,,
1610.03,,,3.0,
1610.5,,,,3.0
1610.52,3.0,3.0,,
1610.53,,,3.0,
1611.0,,,,3.0
1611.02,3.0,3.0,,
1611.03,,,3.0,
1611.5,,,,3.0
1611.52,3.0,3.0,,
1611.53,,,3.0,
1612.0,,,,3.0
1612.02,3.0,3.0,,
1612.03,,,3.0,
1612.5,,,,3.0
1612.52,3.0,3.0,,
1612.53,,,3.0,
1613.0,,,,3.0
1613.02,3.0,,,
1613.03,,3.0,3.0,
1613.5,,,,3.0
1613.52,3.0,,,
1613.53,,3.0,3.0,
1614.0,,,,3.0
1614.02,3.0,,,
1614.03,,3.0,3.0,
1614.5,,,,3.0
1614.53,3.0,3.0,3.0,
1615.0,,,,3.0
1615.03,3.0,3.0,3.0,
1615.5,,,,3.0
1615.53,3.0,3.0,3.0,
1616.0,,,,3.0
1616.03,3.0,3.0,3.0,
1616.5,,,,3.0
1616.53,3.0,3.0,3.0,
1617.0,,,,3.0
1617.02,,3.0,,
1617.03,3.0,,3.0,
1617.5,,,,3.0
1617.52,,3.0,,
1617.53,3.0,,3.0,
1618.0,,,,3.0
1618.02,,3.0,,
1618.03,3.0,,3.0,
1618.5,,,,3.0
1618.52,,3.0,,
1618.53,3.0,,3.0,
1619.02,,3.0,,
1619.03,3.0,,3.0,3.0
1619.52,,3.0,,
1619.53,3.0,,3.0,3.0
1620.02,,3.0,,
1620.03,3.0,,3.0,3.0
1620.52,,3.0,,
1620.53,3.0,,3.0,3.0
1621.02,,3.0,,
1621.03,3.0,,3.0,3.0
1621.52,,3.0,3.0,
1621.53,3.0,,,3.0
1622.02,,3.0,3.0,
1622.03,3.0,,,3.0
1622.52,,3.0,3.0,
1622.53,3.0,,,3.0
1623.02,,3.0,3.0,
1623.03,3.0,,,3.0
1623.52,,3.0,3.0,
1623.53,3.0,,,3.0
1624.0,,,,3.0
1624.02,,3.0,3.0,
1624.03,3.0,,,
1624.5,,,,3.0
1624.52,,3.0,3.0,
1624.53,3.0,,,
1625.0,,,,3.0
1625.02,,3.0,3.0,
1625.07,3.0,,,
1625.5,,,,3.0
1625.52,,3.0,3.0,
1625.53,3.0,,,
1626.0,,,,3.0
1626.02,3.0,3.0,3.0,
1626.5,,,,3.0
1626.52,3.0,3.0,3.0,
1627.0,,,,3.0
1627.02,3.0,3.0,3.0,
1627.5,,,,3.0
1627.52,3.0,3.0,,
1627.53,,,3.0,
1628.0,,,,3.0
1628.02,3.0,3.0,,
1628.03,,,3.0,
1628.5,,,,3.0
1628.52,3.0,3.0,,
1628.53,,,3.0,
1629.0,,,,3.0
1629.02,3.0,3.0,,
1629.03,,,3.0,
1629.5,,,,3.0
1629.52,3.0,3.0,,
1629.53,,,3.0,
1630.0,,,,3.0
1630.02,3.0,3.0,,
1630.03,,,3.0,
1630.5,,,,3.0
1630.52,3.0,3.0,,
1630.53,,,3.0,
1631.0,,,,3.0
1631.02,3.0,3.0,,
1631.03,,,3.0,
1631.5,,,,3.0
1631.52,3.0,3.0,,
1631.53,,,3.0,
1632.0,,,,3.0
1632.02,3.0,3.0,,
1632.03,,,3.0,
1632.5,,,,3.0
1632.52,3.0,3.0,,
1632.53,,,3.0,
1633.0,,,,3.0
1633.02,3.0,3.0,,
1633.03,,,3.0,
1633.5,,,,3.0
1633.52,3.0,3.0,,
1633.53,,,3.0,
1634.0,,,,3.0
1634.02,3.0,,,
1634.03,,3.0,3.0,
1634.5,,,,3.0
1634.53,3.0,3.0,3.0,
1635.0,,,,3.0
1635.03,3.0,3.0,3.0,
1635.5,,,,3.0
1635.53,3.0,3.0,3.0,
1636.0,,,,3.0
1636.03,3.0,3.0,3.0,
1636.5,,,,3.0
1636.53,3.0,3.0,3.0,
1637.0,,,,3.0
1637.03,3.0,3.0,3.0,
1637.5,,,,3.0
1637.52,,3.0,,
1637.53,3.0,,3.0,
1638.0,3.0,,,3.0
1638.02,,3.0,,
1638.03,,,3.0,
1638.5,,,,3.0
1638.52,,3.0,,
1638.53,3.0,,3.0,
1639.0,,,,3.0
1639.02,,3.0,,
1639.03,3.0,,3.0,
1639.52,,3.0,,
1639.53,3.0,,3.0,3.0
1640.02,,3.0,,
1640.03,3.0,,3.0,3.0
1640.52,,3.0,,
1640.53,3.0,,3.0,3.0
1641.02,,3.0,,
1641.03,3.0,,3.0,3.0
1641.52,,3.0,3.0,
1641.53,3.0,,,3.0
1642.02,,3.0,3.0,
1642.03,3.0,,,3.0
1642.52,,3.0,3.0,
1642.53,3.0,,,3.0
1643.02,,3.0,3.0,
1643.03,3.0,,,3.0
1643.52,,3.0,3.0,
1643.53,3.0,,,3.0
1644.02,,3.0,3.0,
1644.03,3.0,,,3.0
1644.52,,3.0,3.0,
1644.53,3.0,,,3.0
1645.0,,,,3.0
1645.02,,3.0,3.0,
1645.03,3.0,,,
1645.5,,,,3.0
1645.52,3.0,3.0,3.0,
1646.0,,,,3.0
1646.02,3.0,3.0,3.0,
1646.5,,,,3.0
1646.52,3.0,3.0,3.0,
1647.0,,,,3.0
1647.02,3.0,3.0,3.0,
1647.5,,,,3.0
1647.52,3.0,3.0,,
1647.53,,,3.0,
1648.0,,,,3.0
1648.02,3.0,3.0,,
1648.03,,,3.0,
1648.5,,,,3.0
1648.52,3.0,3.0,,
1648.53,,,3.0,
1649.0,,,,3.0
1649.02,3.0,3.0,,
1649.03,,,3.0,
1649.5,,,,3.0
1649.52,3.0,3.0,,
1649.53,,,3.0,
1650.0,,,,3.0
1650.02,3.0,3.0,,
1650.03,,,3.0,
1650.5,,,,3.0
1650.52,3.0,3.0,,
1650.53,,,3.0,
1651.0,,,,3.0
1651.02,3.0,3.0,,
1651.03,,,3.0,
1651.5,,,,3.0
1651.52,3.0,3.0,,
1651.53,,,3.0,
1652.0,,,,3.0
1652.02,3.0,3.0,,
1652.03,,,3.0,
1652.5,,,,3.0
1652.52,3.0,3.0,,
1652.53,,,3.0,
1653.0,,,,3.0
1653.02,3.0,3.0,,
1653.03,,,3.0,
1653.5,,,,3.0
1653.52,3.0,3.0,,
1653.53,,,3.0,
1654.0,,,,3.0
1654.02,3.0,3.0,,
1654.03,,,3.0,
1654.5,,,,3.0
1654.52,,3.0,,
1654.53,3.0,,3.0,
1655.0,,,,3.0
1655.02,,3.0,,
1655.03,3.0,,3.0,
1655.5,,,,3.0
1655.53,3.0,3.0,3.0,
1656.0,,,,3.0
1656.03,3.0,3.0,3.0,
1656.5,,,,3.0
1656.53,3.0,3.0,3.0,
1657.0,,,,3.0
1657.03,3.0,3.0,3.0,
1657.5,,,,3.0
1657.52,,3.0,,
1657.53,3.0,,3.0,
1658.0,,,,3.0
1658.02,,3.0,,
1658.03,3.0,,3.0,
1658.5,,,,3.0
1658.52,,3.0,,
1658.53,3.0,,3.0,
1659.0,,,,3.0
1659.02,,3.0,,
1659.03,3.0,,3.0,
1659.52,,3.0,,
1659.53,3.0,,3.0,3.0
1660.02,,3.0,,
1660.03,3.0,,3.0,3.0
1660.52,,3.0,,
1660.53,3.0,,3.0,3.0
1661.02,,3.0,3.0,
1661.03,3.0,,,3.0
1661.52,,3.0,3.0,
1661.53,3.0,,,3.0
1662.02,,3.0,3.0,
1662.03,3.0,,,3.0
1662.52,,3.0,3.0,
1662.53,3.0,,,3.0
1663.02,,3.0,3.0,
1663.03,3.0,,,3.0
1663.52,,3.0,3.0,
1663.53,3.0,,,3.0
1664.02,,3.0,3.0,
1664.03,3.0,,,3.0
1664.52,,3.0,3.0,
1664.53,3.0,,,3.0
1665.02,3.0,3.0,3.0,
1665.03,,,,3.0
1665.52,3.0,3.0,3.0,
1665.53,,,,3.0
1666.0,,,,3.0
1666.02,3.0,3.0,3.0,
1666.5,,,,3.0
1666.52,3.0,3.0,3.0,
1667.0,,,,3.0
1667.02,3.0,3.0,3.0,
1667.5,,,,3.0
1667.52,3.0,3.0,3.0,
1668.0,,,,3.0
1668.02,3.0,3.0,,
1668.03,,,3.0,
1668.5,,,,3.0
1668.52,,3.0,,
1668.54,3.0,,,
1668.55,,,3.0,
1669.0,,,,3.0
1669.02,3.0,3.0,3.0,
1669.5,,,,3.0
1669.52,3.0,3.0,,
1669.53,,,3.0,
1670.0,,,,3.0
1670.02,3.0,3.0,,
1670.03,,,3.0,
1670.5,,,,3.0
1670.52,3.0,3.0,,
1670.53,,,3.0,
1671.0,,,,3.0
1671.02,3.0,3.0,,
1671.03,,,3.0,
1671.5,,,,3.0
1671.52,3.0,3.0,,
1671.53,,,3.0,
1672.0,,,,3.0
1672.02,3.0,3.0,,
1672.03,,,3.0,
1672.5,,,,3.0
1672.52,3.0,3.0,,
1672.53,,,3.0,
1673.0,,,,3.0
1673.02,3.0,3.0,,
1673.03,,,3.0,
1673.5,,,,3.0
1673.52,3.0,3.0,,
1673.53,,,3.0,
1674.0,,,,3.0
1674.02,3.0,3.0,,
1674.03,,,3.0,
1674.5,,,,3.0
1674.52,,3.0,,
1674.53,3.0,,3.0,
1675.0,,,,3.0
1675.02,,3.0,,
1675.03,3.0,,,
1675.04,,,3.0,
1675.5,,,,3.0
1675.52,,3.0,,
1675.53,3.0,,3.0,
1676.0,,,,3.0
1676.02,,3.0,,
1676.03,3.0,,3.0,
1676.5,,,,3.0
1676.52,,3.0,,
1676.53,3.0,,3.0,
1677.0,,,,3.0
1677.02,,3.0,,
1677.03,3.0,,3.0,
1677.5,,,,3.0
1677.52,,3.0,,
1677.53,3.0,,3.0,
1678.0,,,,3.0
1678.02,,3.0,,
1678.03,3.0,,3.0,
1678.5,,,,3.0
1678.52,,3.0,,
1678.53,3.0,,3.0,
1679.0,,,,3.0
1679.02,,3.0,,
1679.03,3.0,,,
1679.04,,,3.0,
1679.5,,,,3.0
1679.52,,3.0,,
1679.53,3.0,,3.0,
1680.02,,3.0,,
1680.03,3.0,,3.0,3.0
1680.52,,3.0,3.0,
1680.53,3.0,,,3.0
1681.02,,3.0,3.0,
1681.03,3.0,,,3.0
1681.52,,3.0,3.0,
1681.53,3.0,,,3.0
1682.02,,3.0,3.0,
1682.03,3.0,,,3.0
1682.52,,3.0,3.0,
1682.53,3.0,,,3.0
1683.02,,3.0,3.0,
1683.03,3.0,,,3.0
1683.52,,3.0,3.0,
1683.53,3.0,,,3.0
1684.02,,3.0,3.0,
1684.03,3.0,,,3.0
1684.52,3.0,3.0,3.0,
1684.53,,,,3.0
1685.02,3.0,3.0,3.0,
1685.03,,,,3.0
1685.52,3.0,3.0,3.0,
1685.53,,,,3.0
1686.01,,,3.0,
1686.02,3.0,3.0,,
1686.03,,,,3.0
1686.52,3.0,3.0,3.0,
1686.53,,,,3.0
1687.0,,,,3.0
1687.02,3.0,3.0,3.0,
1687.5,,,,3.0
1687.52,3.0,3.0,,
1687.53,,,3.0,
1688.0,,,,3.0
1688.02,3.0,3.0,,
1688.03,,,3.0,
1688.5,,,,3.0
1688.52,3.0,3.0,,
1688.53,,,3.0,
1689.0,,,,3.0
1689.02,3.0,3.0,,
1689.03,,,3.0,
1689.5,,,,3.0
1689.52,3.0,3.0,,
1689.53,,,3.0,
1690.0,,,,3.0
1690.02,3.0,3.0,,
1690.03,,,3.0,
1690.5,,,,3.0
1690.52,3.0,3.0,,
1690.53,,,3.0,
1691.0,,,,3.0
1691.02,3.0,3.0,,
1691.03,,,3.0,
1691.5,,,,3.0
1691.52,3.0,3.0,,
1691.53,,,3.0,
1692.0,,,,3.0
1692.02,3.0,3.0,,
1692.03,,,3.0,
1692.5,,,,3.0
1692.52,3.0,3.0,,
1692.53,,,3.0,
1693.0,,,,3.0
1693.02,3.0,3.0,,
1693.03,,,3.0,
1693.5,,,,3.0
1693.52,3.0,3.0,,
1693.53,,,3.0,
1694.0,,,,3.0
1694.02,3.0,3.0,,
1694.03,,,3.0,
1694.5,,,,3.0
1694.52,,3.0,,
1694.53,3.0,,3.0,
1695.0,,,,3.0
1695.02,,3.0,,
1695.03,3.0,,3.0,
1695.5,,,,3.0
1695.52,,3.0,,
1695.53,3.0,,3.0,
1696.0,,,,3.0
1696.02,,3.0,,
1696.03,3.0,,3.0,
1696.5,,,,3.0
1696.52,,3.0,,
1696.53,3.0,,3.0,
1697.0,,,,3.0
1697.02,,3.0,,
1697.03,3.0,,3.0,
1697.5,,,,3.0
1697.52,,3.0,,
1697.53,3.0,,3.0,
1698.0,,,,3.0
1698.02,,3.0,,
1698.03,3.0,,3.0,
1698.5,,,,3.0
1698.52,,3.0,,
1698.53,3.0,,3.0,
1699.0,,,,3.0
1699.02,,3.0,,
1699.03,3.0,,3.0,
1699.5,,,,3.0
1699.52,,3.0,3.0,
1699.53,3.0,,,
1700.02,,3.0,3.0,
1700.03,3.0,,,3.0
1700.52,,3.0,3.0,
1700.53,3.0,,,3.0
1701.02,,3.0,3.0,
1701.03,3.0,,,
1701.52,,3.0,3.0,
1701.53,3.0,,,
1702.02,,3.0,3.0,
1702.03,3.0,,,
1702.52,,3.0,3.0,
1702.53,3.0,,,
1703.02,,3.0,3.0,
1703.03,3.0,,,
1703.52,,3.0,3.0,
1703.53,3.0,,,
1704.02,,3.0,3.0,
1704.03,3.0,,,
1704.52,3.0,3.0,3.0,
1705.02,3.0,3.0,3.0,
1705.52,3.0,3.0,3.0,
1706.02,3.0,3.0,3.0,
1706.52,3.0,3.0,3.0,
1707.02,3.0,3.0,3.0,
1707.52,3.0,3.0,,
1707.53,,,3.0,
1708.02,3.0,3.0,,
1708.03,,,3.0,
1708.52,3.0,3.0,,
1708.53,,,3.0,
1709.02,3.0,3.0,,
1709.03,,,3.0,
1709.52,3.0,3.0,,
1709.53,,,3.0,
1710.02,3.0,3.0,,
1710.03,,,3.0,
1710.52,3.0,3.0,,
1710.53,,,3.0,
1711.02,3.0,3.0,,
1711.03,,,3.0,
1711.52,3.0,3.0,,
1711.53,,,3.0,
1712.02,3.0,3.0,,
1712.03,,,3.0,
1712.52,3.0,3.0,,
1712.53,,,3.0,
1713.02,3.0,3.0,,
1713.03,,,3.0,
1713.52,3.0,3.0,,
1713.53,,,3.0,
1714.02,3.0,3.0,,
1714.03,,,3.0,
1714.52,,3.0,,
1714.53,3.0,,3.0,
1715.02,,3.0,,
1715.03,3.0,,3.0,
1715.52,,3.0,,
1715.53,3.0,,3.0,
1716.02,,3.0,,
1716.03,3.0,,3.0,
1716.52,,3.0,,
1716.53,3.0,,3.0,
1717.02,,3.0,,
1717.03,3.0,,3.0,
1717.52,,3.0,,
1717.53,3.0,,3.0,
1718.02,,3.0,,
1718.03,3.0,,3.0,
1718.52,,3.0,,
1718.53,3.0,,3.0,
1719.02,,3.0,,
1719.03,3.0,,3.0,
1719.52,,3.0,3.0,
1719.53,3.0,,,
1720.02,,3.0,3.0,
1720.03,3.0,,,
1720.52,,3.0,3.0,
1720.53,3.0,,,
1721.02,,3.0,3.0,
1721.03,3.0,,,
1721.52,,3.0,3.0,
1721.53,3.0,,,
1722.02,,3.0,3.0,
1722.03,3.0,,,
1722.52,,3.0,3.0,
1722.53,3.0,,,
1723.02,,3.0,3.0,
1723.03,3.0,,,
1723.52,,3.0,3.0,
1723.53,3.0,,,
1724.02,3.0,3.0,3.0,
1724.52,3.0,3.0,3.0,
1725.02,3.0,3.0,3.0,
1725.52,3.0,3.0,3.0,
1726.02,3.0,3.0,3.0,
1726.52,3.0,3.0,3.0,
1727.02,3.0,3.0,3.0,
1727.52,3.0,3.0,3.0,
1728.02,3.0,3.0,,
1728.03,,,3.0,
1728.52,3.0,3.0,,
1728.53,,,3.0,
1729.02,3.0,3.0,,
1729.03,,,3.0,
1729.52,3.0,3.0,,
1729.53,,,3.0,
1730.02,3.0,3.0,,
1730.03,,,3.0,
1730.52,3.0,3.0,,
1730.53,,,3.0,
1731.02,3.0,3.0,,
1731.03,,,3.0,
1731.52,3.0,3.0,,
1731.53,,,3.0,
1732.02,3.0,3.0,,
1732.03,,,3.0,
1732.52,3.0,3.0,,
1732.53,,,3.0,
1733.02,3.0,3.0,,
1733.03,,,3.0,
1733.52,3.0,3.0,,
1733.53,,,3.0,
1734.02,,3.0,,
1734.03,3.0,,3.0,
1734.52,,3.0,,
1734.53,3.0,,3.0,
1735.02,,3.0,,
1735.03,3.0,,3.0,
1735.52,,3.0,,
1735.53,3.0,,3.0,
1736.02,,3.0,,
1736.03,3.0,,3.0,
1736.52,,3.0,,
1736.53,3.0,,3.0,
1737.02,,3.0,,
1737.03,3.0,,3.0,
1737.52,,3.0,,
1737.53,3.0,,3.0,
1738.02,,3.0,,
1738.03,3.0,,3.0,
1738.52,,3.0,,
1738.53,3.0,,3.0,
1739.02,,3.0,3.0,
1739.03,3.0,,,
1739.52,,3.0,3.0,
1739.53,3.0,,,
1740.02,,3.0,3.0,
1740.03,3.0,,,
1740.52,,3.0,3.0,
1740.53,3.0,,,
1741.02,,3.0,3.0,
1741.03,3.0,,,
1741.52,,3.0,3.0,
1741.53,3.0,,,
1742.02,,3.0,3.0,
1742.03,3.0,,,
1742.52,,3.0,3.0,
1742.53,3.0,,,
1743.02,,3.0,3.0,
1743.03,3.0,,,
1743.52,,3.0,3.0,
1743.53,3.0,,,
1744.02,3.0,3.0,3.0,
1744.52,3.0,3.0,3.0,
1745.02,3.0,3.0,3.0,
1745.52,3.0,3.0,3.0,
1746.02,3.0,3.0,3.0,
1746.52,3.0,3.0,3.0,
1747.02,3.0,3.0,3.0,
1747.52,3.0,3.0,3.0,
1748.02,3.0,3.0,,
1748.03,,,3.0,
1748.52,3.0,3.0,,
1748.53,,,3.0,
1749.02,3.0,3.0,,
1749.03,,,3.0,
1749.52,3.0,3.0,,
1749.53,,,3.0,
1750.02,3.0,3.0,,
1750.03,,,3.0,
1750.52,3.0,3.0,,
1750.53,,,3.0,
1751.02,3.0,3.0,,
1751.03,,,3.0,
1751.52,3.0,3.0,,
1751.53,,,3.0,
1752.02,3.0,3.0,,
1752.03,,,3.0,
1752.52,3.0,3.0,,
1752.53,,,3.0,
1753.02,3.0,3.0,,
1753.03,,,3.0,
1753.52,3.0,3.0,,
1753.53,,,3.0,
1754.02,,3.0,,
1754.03,3.0,,3.0,
1754.52,,3.0,,
1754.53,3.0,,3.0,
1755.02,,3.0,,
1755.03,3.0,,3.0,
1755.52,,3.0,,
1755.53,3.0,,3.0,
1756.02,,3.0,,
1756.03,3.0,,3.0,
1756.52,,3.0,,
1756.53,3.0,,3.0,
1757.02,,3.0,,
1757.03,3.0,,3.0,
1757.52,,3.0,,
1757.53,3.0,,3.0,
1758.02,,3.0,3.0,
1758.03,3.0,,,
1758.52,,3.0,3.0,
1758.53,4.0,,,
1759.02,,3.0,3.0,
1759.03,3.0,,,
1759.52,,3.0,3.0,
1759.53,3.0,,,
1760.02,,3.0,3.0,
1760.03,3.0,,,
1760.52,,3.0,3.0,
1760.53,3.0,,,
1761.02,,3.0,3.0,
1761.03,3.0,,,
1761.52,,3.0,3.0,
1761.53,3.0,,,
1762.02,,3.0,3.0,
1762.03,3.0,,,
1762.52,,3.0,3.0,
1762.53,3.0,,,
1763.02,3.0,3.0,3.0,
1763.52,3.0,3.0,3.0,
1764.02,3.0,3.0,3.0,
1764.52,3.0,3.0,3.0,
1765.02,3.0,3.0,3.0,
1765.52,3.0,3.0,3.0,
1766.02,3.0,3.0,3.0,
1766.52,3.0,3.0,3.0,
1767.02,3.0,3.0,3.0,
1767.52,3.0,3.0,3.0,
1768.02,3.0,3.0,,
1768.03,,,3.0,
1768.52,3.0,3.0,,
1768.53,,,3.0,
1769.02,3.0,3.0,,
1769.03,,,3.0,
1769.52,3.0,3.0,,
1769.53,,,3.0,
1770.02,3.0,3.0,,
1770.03,,,3.0,
1770.52,3.0,3.0,,
1770.53,,,3.0,
1771.02,3.0,3.0,,
1771.03,,,3.0,
1771.52,3.0,3.0,,
1771.53,,,3.0,
1772.02,3.0,3.0,,
1772.03,,,3.0,
1772.52,3.0,3.0,,
1772.53,,,3.0,
1773.02,3.0,3.0,,
1773.03,,,3.0,
1773.52,3.0,3.0,,
1773.53,,,3.0,
1774.02,,3.0,,
1774.03,2.0,,3.0,
1774.52,,3.0,,
1774.53,3.0,,3.0,
1775.02,,3.0,,
1775.03,3.0,,3.0,
1775.52,,3.0,,
1775.53,3.0,,3.0,
1776.02,,3.0,,
1776.03,2.0,,3.0,
1776.52,,3.0,,
1776.53,2.0,,3.0,
1777.02,,3.0,,
1777.03,3.0,,3.0,
1777.52,,3.0,,
1777.53,3.0,,3.0,
1778.02,,3.0,3.0,
1778.03,3.0,,,
1778.52,,3.0,3.0,
1778.53,3.0,,,
1779.02,,3.0,3.0,
1779.03,3.0,,,
1779.52,,3.0,3.0,
1779.53,3.0,,,
1780.02,,3.0,3.0,
1780.03,3.0,,,
1780.52,,3.0,3.0,
1780.53,3.0,,,
1781.02,,3.0,3.0,
1781.03,3.0,,,
1781.52,3.0,3.0,3.0,
1782.02,3.0,3.0,3.0,
1782.52,3.0,3.0,3.0,
1783.02,3.0,3.0,3.0,
1783.52,3.0,3.0,3.0,
1784.02,3.0,3.0,3.0,
1784.52,3.0,3.0,3.0,
1785.02,3.0,3.0,3.0,
1785.52,3.0,3.0,3.0,
1786.02,3.0,3.0,3.0,
1786.52,3.0,3.0,3.0,
1787.02,3.0,3.0,3.0,
1787.52,3.0,3.0,3.0,
1788.02,3.0,3.0,3.0,
1788.52,3.0,3.0,,
1788.53,,,3.0,
1789.02,3.0,3.0,,
1789.09,,,3.0,
1789.52,3.0,3.0,,
1789.53,,,3.0,
1790.02,3.0,3.0,,
1790.03,,,3.0,
1790.52,,3.0,,
1790.53,3.0,,3.0,
1791.02,3.0,3.0,,
1791.03,,,3.0,
1791.52,3.0,3.0,,
1791.53,,,3.0,
1792.02,3.0,3.0,,
1792.03,,,3.0,
1792.52,3.0,3.0,,
1792.53,,,3.0,
1793.02,3.0,3.0,,
1793.03,,,3.0,
1793.52,3.0,3.0,,
1793.53,,,3.0,
1794.02,,3.0,,
1794.03,3.0,,3.0,
1794.52,,3.0,,
1794.53,3.0,,3.0,
1795.02,,3.0,,
1795.03,3.0,,3.0,
1795.52,,3.0,,
1795.53,3.0,,3.0,
1796.02,,3.0,,
1796.03,3.0,,3.0,
1796.52,,3.0,,
1796.53,3.0,,3.0,
1797.02,,3.0,,
1797.03,3.0,,3.0,
1797.52,,3.0,3.0,
1797.53,3.0,,,
1798.02,,3.0,3.0,
1798.03,3.0,,,
1798.52,,3.0,3.0,
1798.53,3.0,,,
1799.02,,3.0,3.0,
1799.03,3.0,,,
1799.52,,3.0,3.0,
1799.53,3.0,,,
1800.02,,3.0,3.0,
1800.03,3.0,,,
1800.52,,3.0,3.0,
1800.53,3.0,,,
1801.02,3.0,3.0,3.0,
1801.52,3.0,3.0,3.0,
1802.02,3.0,3.0,3.0,
1802.52,3.0,3.0,3.0,
1803.02,3.0,3.0,3.0,
1803.52,3.0,3.0,3.0,
1804.02,3.0,3.0,3.0,
1804.52,3.0,3.0,3.0,
1805.02,3.0,3.0,3.0,
1805.52,3.0,3.0,3.0,
1806.02,3.0,3.0,3.0,
1806.52,3.0,3.0,3.0,
1807.02,3.0,3.0,3.0,
1807.52,3.0,3.0,3.0,
1808.02,3.0,3.0,3.0,
1808.52,3.0,3.0,,
1808.53,,,3.0,
1809.02,3.0,3.0,,
1809.03,,,3.0,
1809.52,3.0,3.0,,
1809.53,,,3.0,
1810.02,3.0,3.0,,
1810.03,,,3.0,
1810.52,3.0,3.0,,
1810.53,,,3.0,
1811.02,3.0,3.0,,
1811.03,,,3.0,
1811.52,3.0,3.0,,
1811.53,,,3.0,
1812.02,3.0,3.0,,
1812.03,,,3.0,
1812.52,3.0,3.0,,
1812.53,,,3.0,
1813.02,3.0,3.0,,
1813.03,,,3.0,
1813.52,3.0,3.0,,
1813.53,,,3.0,
1814.02,,3.0,,
1814.03,3.0,,3.0,
1814.52,,3.0,,
1814.53,3.0,,3.0,
1815.02,,3.0,,
1815.03,3.0,,3.0,
1815.52,,3.0,,
1815.53,3.0,,3.0,
1816.02,,3.0,,
1816.03,3.0,,3.0,
1816.52,,3.0,,
1816.53,3.0,,3.0,
1817.02,,3.0,3.0,
1817.03,3.0,,,
1817.52,,3.0,3.0,
1817.53,3.0,,,
1818.02,,3.0,3.0,
1818.03,3.0,,,
1818.52,,3.0,3.0,
1818.53,3.0,,,
1819.02,,3.0,3.0,
1819.03,3.0,,,
1819.52,,3.0,3.0,
1819.53,3.0,,,
1820.02,,3.0,3.0,
1820.03,3.0,,,
1820.52,,3.0,3.0,
1820.53,3.0,,,
1821.02,3.0,3.0,3.0,
1821.52,3.0,,3.0,
1821.65,,3.0,,
1822.02,3.0,3.0,3.0,
1822.52,3.0,3.0,3.0,
1823.02,3.0,3.0,3.0,
1823.52,3.0,3.0,3.0,
1824.02,3.0,3.0,3.0,
1824.52,3.0,3.0,3.0,
1825.02,3.0,3.0,3.0,
1825.52,3.0,3.0,3.0,
1826.02,3.0,3.0,3.0,
1826.52,3.0,3.0,3.0,
1827.02,3.0,3.0,3.0,
1827.52,3.0,3.0,3.0,
1828.02,3.0,3.0,3.0,
1828.52,3.0,3.0,,
1828.53,,,3.0,
1829.02,,3.0,,
1829.03,3.0,,3.0,
1829.5,,,3.0,
1829.52,3.0,3.0,,
1830.02,3.0,3.0,,
1830.03,,,3.0,
1830.52,3.0,3.0,,
1830.53,,,3.0,
1831.02,3.0,3.0,,
1831.03,,,3.0,
1831.52,3.0,3.0,,
1831.53,,,3.0,
1832.02,3.0,3.0,,
1832.03,,,3.0,
1832.52,3.0,3.0,,
1832.53,,,3.0,
1833.02,3.0,3.0,,
1833.03,,,3.0,
1833.52,,3.0,,
1833.53,3.0,,3.0,
1834.02,,3.0,,
1834.03,3.0,,3.0,
1834.52,,3.0,,
1834.53,3.0,,3.0,
1835.02,,3.0,,
1835.03,3.0,,3.0,
1835.52,,3.0,,
1835.53,3.0,,3.0,
1836.02,,3.0,3.0,
1836.03,3.0,,,
1836.52,,3.0,3.0,
1836.53,3.0,,,
1837.02,,2.0,3.0,
1837.03,2.0,,,
1837.52,,2.0,3.0,
1837.53,2.0,,,
1838.02,,2.0,3.0,
1838.03,2.0,,,
1838.52,,2.0,3.0,
1838.53,3.0,,,
1839.02,,2.0,3.0,
1839.07,3.0,,,
1839.52,2.0,2.0,3.0,
1840.02,2.0,3.0,3.0,
1840.52,3.0,2.0,3.0,
1841.02,2.0,2.0,3.0,
1841.52,2.0,2.0,3.0,
1842.02,3.0,2.0,3.0,
1842.52,2.0,2.0,3.0,
1843.02,2.0,3.0,3.0,
1843.52,2.0,3.0,3.0,
1844.02,2.0,3.0,3.0,
1844.52,2.0,3.0,3.0,
1845.02,2.0,3.0,3.0,
1845.52,3.0,3.0,3.0,
1846.02,2.0,3.0,3.0,
1846.52,2.0,3.0,3.0,
1847.02,3.0,3.0,3.0,
1847.52,3.0,3.0,3.0,
1848.02,3.0,3.0,3.0,
1848.52,3.0,3.0,,
1848.53,,,3.0,
1849.02,3.0,3.0,,
1849.03,,,3.0,
1849.52,3.0,3.0,,
1849.53,,,3.0,
1850.02,3.0,3.0,,
1850.03,,,3.0,
1850.52,3.0,3.0,,
1850.53,,,3.0,
1851.02,2.0,3.0,,
1851.03,,,3.0,
1851.52,3.0,3.0,,
1851.53,,,2.0,
1852.01,3.0,,,
1852.02,,3.0,,
1852.03,,,3.0,
1852.52,3.0,3.0,,
1852.53,,,3.0,
1853.02,3.0,3.0,,
1853.03,,,3.0,
1853.52,,3.0,,
1853.53,3.0,,3.0,
1854.02,,3.0,,
1854.03,3.0,,2.0,
1854.52,,3.0,,
1854.53,3.0,,2.0,
1855.02,,3.0,,
1855.03,3.0,,3.0,
1855.52,,3.0,3.0,
1855.53,3.0,,,
1856.02,,3.0,3.0,
1856.03,3.0,,,
1856.52,,3.0,3.0,
1856.53,3.0,,,
1857.02,,3.0,3.0,
1857.03,3.0,,,
1857.52,,3.0,3.0,
1857.53,3.0,,,
1858.02,,3.0,3.0,
1858.03,3.0,,,
1858.52,,3.0,3.0,
1858.53,3.0,,,
1859.01,,3.0,,
1859.02,,,3.0,
1859.03,2.0,,,
1859.51,,3.0,,
1859.52,3.0,,3.0,
1860.01,,3.0,,
1860.02,3.0,,3.0,
1860.51,,3.0,,
1860.52,3.0,,3.0,
1861.02,3.0,3.0,3.0,
1861.52,3.0,3.0,2.0,
1862.02,3.0,3.0,2.0,
1862.52,3.0,3.0,3.0,
1863.02,3.0,2.0,3.0,
1863.52,3.0,2.0,3.0,
1864.02,2.0,0.0,3.0,
1864.52,2.0,3.0,3.0,
1865.02,2.0,3.0,3.0,
1865.52,2.0,3.0,3.0,
1866.02,2.0,3.0,3.0,
1866.52,2.0,3.0,3.0,
1867.02,2.0,3.0,3.0,
1867.52,2.0,3.0,3.0,
1868.02,3.0,3.0,3.0,
1868.52,3.0,3.0,3.0,
1869.02,3.0,3.0,,
1869.03,,,3.0,
1869.52,3.0,3.0,,
1869.53,,,3.0,
1870.02,3.0,3.0,,
1870.03,,,3.0,
1870.52,3.0,2.0,,
1870.53,,,3.0,
1871.02,3.0,2.0,,
1871.03,,,3.0,
1871.52,3.0,2.0,,
1871.53,,,3.0,
1872.02,3.0,1.0,,
1872.03,,,3.0,
1872.52,3.0,2.0,,
1872.53,,,3.0,
1873.02,3.0,2.0,,
1873.03,,,3.0,
1873.52,,2.0,,
1873.53,3.0,,3.0,
1874.02,,2.0,,
1874.03,3.0,,3.0,
1874.52,,2.0,,
1874.53,3.0,,3.0,
1875.02,,2.0,,
1875.03,3.0,,3.0,
1875.52,,2.0,3.0,
1875.53,3.0,,,
1876.02,,2.0,3.0,
1876.03,3.0,,,
1876.52,3.0,2.0,3.0,
1877.02,,2.0,3.0,
1877.03,3.0,,,
1877.51,,,3.0,
1877.52,,2.0,,
1877.53,3.0,,,
1878.02,,2.0,3.0,
1878.03,3.0,,,
1878.51,,2.0,,
1878.52,,,3.0,
1878.53,3.0,,,
1879.01,,3.0,,
1879.02,,,3.0,
1879.03,3.0,,,
1879.51,,3.0,,
1879.52,3.0,,3.0,
1880.01,,3.0,,
1880.02,3.0,,3.0,
1880.51,,3.0,,
1880.52,3.0,,3.0,
1881.01,,3.0,,
1881.02,3.0,,3.0,
1881.51,,3.0,,
1881.52,3.0,,3.0,
1882.01,,3.0,,
1882.02,3.0,,3.0,
1882.52,3.0,3.0,3.0,
1883.02,3.0,2.0,3.0,
1883.52,3.0,3.0,3.0,
1884.02,3.0,2.0,3.0,
1884.52,3.0,2.0,2.0,
1885.02,3.0,2.0,3.0,
1885.52,3.0,2.0,3.0,
1886.02,3.0,2.0,3.0,
1886.52,,2.0,3.0,
1886.56,2.0,,,
1887.02,3.0,2.0,3.0,
1887.51,3.0,,,
1887.52,,2.0,3.0,
1888.02,3.0,2.0,3.0,
1888.52,3.0,2.0,,
1888.63,,,3.0,
1889.02,3.0,2.0,,
1889.03,,,3.0,
1889.52,2.0,3.0,,
1889.53,,,3.0,
1890.02,3.0,3.0,,
1890.03,,,3.0,
1890.52,3.0,3.0,,
1890.53,,,3.0,
1891.02,3.0,3.0,,
1891.03,,,3.0,
1891.52,3.0,3.0,,
1891.53,,,3.0,
1892.02,3.0,3.0,,
1892.03,,,3.0,
1892.52,3.0,3.0,,
1892.53,,,3.0,
1893.02,3.0,3.0,,
1893.03,,,3.0,
1893.5,3.0,,,
1893.52,,3.0,,
1893.53,,,3.0,
1894.02,,3.0,,
1894.03,3.0,,3.0,
1894.52,,3.0,3.0,
1894.53,3.0,,,
1895.02,,3.0,3.0,
1895.03,3.0,,,
1895.52,,3.0,3.0,
1895.53,3.0,,,
1896.02,,3.0,3.0,
1896.03,3.0,,,
1896.52,,3.0,3.0,
1896.53,3.0,,,
1897.02,,3.0,3.0,
1897.03,3.0,,,
1897.52,,3.0,3.0,
1897.53,3.0,,,
1898.02,,3.0,3.0,
1898.03,3.0,,,
1898.52,,3.0,3.0,
1898.53,3.0,,,
1899.01,,3.0,,
1899.02,,,3.0,
1899.03,3.0,,,
1899.51,,3.0,,
1899.52,3.0,,3.0,
1900.01,,3.0,,
1900.02,3.0,,3.0,
1900.51,,3.0,,
1900.52,3.0,,3.0,
1901.01,,3.0,,
1901.02,3.0,,3.0,
1901.51,,3.0,,
1901.52,3.0,,3.0,
1902.01,,3.0,,
1902.02,2.0,,3.0,
1902.5,3.0,,,
1902.51,,3.0,,
1902.52,,,3.0,
1903.01,,3.0,,
1903.02,3.0,,3.0,
1903.52,3.0,3.0,3.0,
1904.02,3.0,3.0,3.0,
1904.52,3.0,3.0,3.0,
1905.02,2.0,2.0,3.0,
1905.52,3.0,2.0,3.0,
1906.02,2.0,2.0,3.0,
1906.52,2.0,2.0,3.0,
1907.02,2.0,3.0,3.0,
1907.52,3.0,3.0,3.0,
1908.02,3.0,3.0,3.0,
1908.52,3.0,3.0,3.0,
1909.02,3.0,2.0,,
1909.03,,,3.0,
1909.52,2.0,2.0,,
1909.53,,,3.0,
1910.02,3.0,3.0,,
1910.03,,,3.0,
1910.52,3.0,3.0,,
1910.53,,,3.0,
1911.02,3.0,2.0,,
1911.03,,,3.0,
1911.52,3.0,2.0,,
1911.53,,,3.0,
1912.02,3.0,2.0,,
1912.03,,,3.0,
1912.52,,3.0,,
1912.53,,,3.0,
1912.54,3.0,,,
1913.02,3.0,2.0,,
1913.03,,,3.0,
1913.52,,3.0,3.0,
1913.53,3.0,,,
1914.02,,3.0,3.0,
1914.03,3.0,,,
1914.52,,2.0,3.0,
1914.53,3.0,,,
1915.02,,3.0,3.0,
1915.03,3.0,,,
1915.52,,3.0,3.0,
1915.53,3.0,,,
1916.02,,3.0,3.0,
1916.03,3.0,,,
1916.52,,3.0,3.0,
1916.53,3.0,,,
1917.02,,3.0,3.0,
1917.03,3.0,,,
1917.52,,3.0,3.0,
1917.53,3.0,,,
1918.02,,3.0,3.0,
1918.03,3.0,,,
1918.52,,3.0,3.0,
1918.53,3.0,,,
1919.02,3.0,3.0,3.0,
1919.51,,3.0,,
1919.52,3.0,,3.0,
1920.01,,3.0,,
1920.02,3.0,,3.0,
1920.51,,3.0,,
1920.52,3.0,,3.0,
1921.01,,3.0,,
1921.02,3.0,,3.0,
1921.51,,3.0,,
1921.52,3.0,,3.0,
1922.01,,3.0,,
1922.02,3.0,,3.0,
1922.51,,2.0,,
1922.52,3.0,,3.0,
1923.01,,2.0,,
1923.02,3.0,,3.0,
1923.51,,2.0,,
1923.52,3.0,,3.0,
1924.01,,3.0,,
1924.02,3.0,,3.0,
1924.51,,3.0,,
1924.52,3.0,,3.0,
1925.01,,3.0,,
1925.02,3.0,,3.0,
1925.52,3.0,3.0,3.0,
1926.02,3.0,3.0,3.0,
1926.52,3.0,3.0,3.0,
1927.02,3.0,3.0,3.0,
1927.52,3.0,3.0,3.0,
1928.02,3.0,3.0,3.0,
1928.52,3.0,3.0,3.0,
1929.02,3.0,3.0,,
1929.03,,,3.0,
1929.52,3.0,3.0,,
1929.53,,,3.0,
1930.02,3.0,3.0,,
1930.03,,,3.0,
1930.52,3.0,3.0,,
1930.53,,,3.0,
1931.02,3.0,3.0,,
1931.03,,,2.0,
1931.52,3.0,2.0,,
1931.53,,,2.0,
1932.02,3.0,2.0,,
1932.03,,,3.0,
1932.52,3.0,2.0,,
1932.53,,,3.0,
1933.02,3.0,3.0,3.0,
1933.52,,3.0,3.0,
1933.53,3.0,,,
1934.02,,3.0,0.0,
1934.03,3.0,,,
1934.52,,3.0,0.0,
1934.53,3.0,,,
1935.02,,3.0,2.0,
1935.03,3.0,,,
1935.52,,3.0,3.0,
1935.53,2.0,,,
1936.02,,3.0,3.0,
1936.03,3.0,,,
1936.5,,,0.0,
1936.52,,2.0,,
1936.53,3.0,,,
1937.02,,3.0,,
1937.03,3.0,,,
1937.25,,,0.0,
1937.52,2.0,2.0,,
1937.66,,,0.0,
1938.01,,,0.0,
1938.02,2.0,3.0,,
1938.51,,,0.0,
1938.52,0.0,3.0,,
1939.0,,,0.0,
1939.02,0.0,1.0,,
1939.5,0.0,,0.0,
1939.51,,1.0,,
1940.0,,,0.0,
1940.01,,0.0,,
1940.23,0.0,,,
1940.5,,,0.0,
1940.51,0.0,,,
1940.6,,0.0,,
1941.0,,0.0,0.0,
1941.5,,0.0,,
1941.51,,,0.0,
1942.0,,0.0,,
1942.01,,,0.0,
1942.5,,0.0,,
1942.51,,,0.0,
1943.0,,0.0,,
1943.01,,,0.0,
1943.5,,0.0,,
1943.51,,,0.0,
1944.0,,0.0,,
1944.5,,0.0,,
1945.0,,0.0,,
1945.5,,0.0,,
