time,faces_008,faces_009,faces_010,faces_011
71.33,0.0,,,
108.14,0.0,,,
108.17,0.0,,,
108.21,0.0,,,
108.24,0.0,,,
108.27,0.0,,,
108.31,0.0,,,
108.34,0.0,,,
108.37,0.0,,,
108.41,0.0,,,
108.44,0.0,,,
108.47,0.0,,,
108.51,0.0,,,
108.54,0.0,,,
108.57,0.0,,,
108.61,0.0,,,
108.64,0.0,,,
108.67,0.0,,,
108.71,0.0,,,
108.74,0.0,,,
108.77,0.0,,,
108.81,0.0,,,
108.84,0.0,,,
108.87,0.0,,,
108.91,0.0,,,
108.94,0.0,,,
108.97,0.0,,,
109.01,0.0,,,
109.04,0.0,,,
109.07,0.0,,,
109.11,0.0,,,
109.14,0.0,,,
109.17,0.0,,,
109.21,0.0,,,
109.24,0.0,,,
109.27,0.0,,,
109.31,0.0,,,
109.34,0.0,,,
109.37,0.0,,,
109.41,0.0,,,
109.44,0.0,,,
109.47,0.0,,,
109.51,0.0,,,
109.54,0.0,,,
109.57,0.0,,,
109.61,0.0,,,
109.64,0.0,,,
109.67,0.0,,,
109.71,0.0,,,
109.74,0.0,,,
109.77,0.0,,,
109.81,0.0,,,
109.84,0.0,,,
109.87,0.0,,,
109.91,0.0,,,
109.94,0.0,,,
109.97,0.0,,,
110.01,0.0,,,
110.04,1.0,,,
110.07,1.0,,,
110.11,1.0,,,
110.14,0.0,,,
110.18,0.0,,,
110.21,0.0,,,
110.24,0.0,,,
110.28,0.0,,,
110.31,0.0,,,
110.34,0.0,,,
110.56,0.0,,,
110.57,0.0,,,
110.59,0.0,,,
110.61,0.0,,,
110.62,0.0,,,
110.66,0.0,,,
110.68,0.0,,,
110.71,0.0,,,
110.74,0.0,,,
110.78,0.0,,,
110.81,0.0,,,
110.84,1.0,,,
110.88,0.0,,,
110.91,0.0,,,
110.94,1.0,,,
110.98,0.0,,,
111.01,0.0,,,
111.04,0.0,,,
111.07,1.0,,,
111.11,1.0,,,
111.14,0.0,,,
111.18,0.0,,,
111.21,0.0,,,
111.24,0.0,,,
111.28,0.0,,,
111.31,0.0,,,
111.34,0.0,,,
111.38,0.0,,,
111.41,0.0,,,
111.44,0.0,,,
111.48,0.0,,,
111.51,1.0,,,
111.54,1.0,,,
111.57,1.0,,,
111.61,1.0,,,
111.64,1.0,,,
111.68,1.0,,,
111.71,1.0,,,
111.74,1.0,,,
111.78,1.0,,,
111.81,1.0,,,
111.84,1.0,,,
111.88,0.0,,,
111.91,0.0,,,
111.94,0.0,,,
111.98,0.0,,,
112.01,0.0,,,
112.04,0.0,,,
112.07,0.0,,,
112.11,0.0,,,
112.14,0.0,,,
112.18,0.0,,,
112.21,0.0,,,
112.24,0.0,,,
112.28,0.0,,,
112.31,0.0,,,
112.34,0.0,,,
112.38,0.0,,,
112.41,0.0,,,
112.44,0.0,,,
112.48,0.0,,,
112.51,0.0,,,
112.54,0.0,,,
112.57,0.0,,,
112.61,0.0,,,
112.64,0.0,,,
112.68,0.0,,,
112.71,0.0,,,
112.74,0.0,,,
112.78,0.0,,,
112.81,0.0,,,
112.84,0.0,,,
112.88,0.0,,,
112.91,0.0,,,
112.94,0.0,,,
112.98,0.0,,,
113.01,0.0,,,
113.04,0.0,,,
113.07,0.0,,,
113.11,0.0,,,
113.14,0.0,,,
113.18,0.0,,,
113.21,0.0,,,
113.24,0.0,,,
113.28,0.0,,,
113.31,0.0,,,
113.34,0.0,,,
113.38,0.0,,,
113.41,0.0,,,
113.44,0.0,,,
113.48,0.0,,,
113.51,0.0,,,
113.54,0.0,,,
113.57,0.0,,,
113.61,0.0,,,
113.64,0.0,,,
113.68,0.0,,,
113.71,0.0,,,
113.74,0.0,,,
113.78,0.0,,,
113.81,0.0,,,
113.84,0.0,,,
113.88,0.0,,,
113.91,0.0,,,
113.94,0.0,,,
113.98,0.0,,,
114.01,0.0,,,
114.04,0.0,,,
114.07,0.0,,,
114.11,0.0,,,
114.14,0.0,,,
114.18,0.0,,,
114.21,0.0,,,
114.24,0.0,,,
114.28,0.0,,,
114.31,0.0,,,
114.34,0.0,,,
114.38,0.0,,,
114.41,0.0,,,
114.44,0.0,,,
114.48,0.0,,,
114.51,1.0,,,
114.54,1.0,,,
114.58,1.0,,,
114.61,1.0,,,
114.64,1.0,,,
114.68,0.0,,,
114.71,0.0,,,
114.74,0.0,,,
114.78,0.0,,,
114.81,0.0,,,
114.84,0.0,,,
114.88,0.0,,,
114.91,0.0,,,
114.94,0.0,,,
114.98,0.0,,,
115.01,0.0,,,
115.04,0.0,,,
115.08,0.0,,,
115.11,0.0,,,
115.14,0.0,,,
115.18,0.0,,,
115.21,0.0,,,
115.24,0.0,,,
115.28,0.0,,,
115.31,0.0,,,
115.34,0.0,,,
115.38,0.0,,,
115.41,0.0,,,
115.44,0.0,,,
115.48,1.0,,,
115.51,1.0,,,
115.54,1.0,,,
115.58,1.0,,,
115.61,1.0,,,
115.64,1.0,,,
115.68,1.0,,,
115.71,1.0,,,
115.74,1.0,,,
115.78,1.0,,,
115.81,1.0,,,
115.84,1.0,,,
115.88,1.0,,,
115.91,1.0,,,
116.01,1.0,,,
116.51,1.0,,,
117.01,1.0,,,
117.51,1.0,,,
118.01,1.0,,,
118.51,0.0,,,
119.01,1.0,,,
119.51,1.0,,,
120.01,1.0,,,
120.51,1.0,,,
121.01,1.0,,,
121.51,1.0,,,
122.01,0.0,,,
122.51,0.0,,,
123.01,1.0,,,
123.51,1.0,,,
124.01,1.0,,,
124.51,1.0,,,
125.01,0.0,,,
125.51,1.0,,,
126.01,1.0,,,
126.51,1.0,,,
127.01,1.0,,,
127.51,1.0,,,
128.01,1.0,,,
128.51,1.0,,,
129.01,1.0,,,
129.51,2.0,,,
130.01,2.0,,,
130.51,2.0,,,
131.01,2.0,,,
131.51,2.0,,,
132.01,2.0,,,
132.51,2.0,,,
133.01,1.0,,,
133.51,1.0,,,
134.01,1.0,,,
134.51,1.0,,,
135.01,1.0,,,
135.51,1.0,,,
136.01,1.0,,,
136.51,1.0,,,
137.01,1.0,,,
137.51,1.0,,,
138.01,1.0,,,
138.51,0.0,,,
139.01,1.0,,,
139.51,2.0,,,
140.01,2.0,,,
140.5,2.0,,,
141.01,2.0,,,
141.51,2.0,,,
142.01,2.0,,,
142.51,1.0,,,
143.01,2.0,,,
143.51,2.0,,,
144.01,2.0,,,
144.51,2.0,,,
145.01,2.0,,,
145.51,2.0,,,
146.01,2.0,,,
146.51,2.0,,,
147.01,2.0,,,
147.51,2.0,,,
148.01,2.0,,,
148.51,2.0,,,
149.01,2.0,,,
149.51,2.0,,,
150.01,2.0,,,
150.51,2.0,,,
151.01,2.0,,,
151.51,2.0,,,
152.01,1.0,,,
152.51,2.0,,,
153.01,2.0,,,
153.5,1.0,,,
154.01,0.0,,,
154.5,1.0,,,
155.01,2.0,,,
155.51,1.0,,,
156.01,1.0,,,
156.51,1.0,,,
157.01,0.0,,,
157.51,0.0,,,
158.01,1.0,,,
158.51,0.0,,,
159.01,0.0,,,
159.51,0.0,,,
160.01,1.0,,,
160.51,1.0,,,
161.01,1.0,,,
161.51,2.0,,,
162.01,1.0,,,
162.51,1.0,,,
163.01,1.0,,,
163.51,1.0,,,
164.01,1.0,,,
164.51,2.0,,,
165.01,1.0,,,
165.5,1.0,,,
166.01,1.0,,,
166.51,1.0,,,
167.01,1.0,,,
167.51,1.0,,,
168.0,,,,0.0
168.01,1.0,,,
168.51,1.0,,,
169.01,1.0,,,
169.51,1.0,,,
170.01,1.0,,,
170.51,1.0,,,
171.01,1.0,,,
171.51,1.0,,,
172.01,2.0,,,
172.51,2.0,,,
173.01,2.0,,,
173.51,2.0,,,
174.01,1.0,,,
174.51,1.0,,,
175.01,1.0,,,
175.51,2.0,,,
176.01,2.0,,,
176.51,1.0,,,
177.01,2.0,,,
177.51,2.0,,,
178.01,1.0,,,
178.51,1.0,,,
179.01,1.0,,,
179.51,1.0,,,
180.01,1.0,,,
180.51,1.0,,,
181.01,1.0,,,
181.51,1.0,,,
182.01,1.0,,,
182.51,1.0,,,
183.01,1.0,,,
183.51,1.0,,,
184.01,1.0,,,
184.5,1.0,,,
185.0,1.0,,,
185.5,1.0,,,
186.01,1.0,,,
186.51,1.0,,,
187.01,1.0,,,
187.51,0.0,,,
188.01,0.0,,,
188.51,0.0,,,
189.01,0.0,,,
189.51,1.0,,,
190.01,1.0,,,
190.51,0.0,,,
191.01,0.0,,,
191.51,0.0,,,
192.01,0.0,,,
192.51,0.0,,,
193.01,0.0,,,
193.51,0.0,,,
194.01,0.0,,,
194.51,0.0,,,
195.01,0.0,,,
195.51,0.0,,,
196.01,0.0,,,
196.51,0.0,,,
197.01,0.0,,,
197.51,0.0,,,
198.01,1.0,,,
198.51,1.0,,,
199.01,1.0,,,
199.51,0.0,,,
200.01,0.0,,,
200.51,1.0,,,
201.0,2.0,,,
201.51,2.0,,,
202.01,2.0,,,
202.51,2.0,,,
203.01,2.0,,,
203.5,0.0,,,
204.0,1.0,,,
204.5,1.0,,,
205.0,1.0,,,
205.5,2.0,,,
206.01,2.0,,,
206.51,2.0,,,
207.01,2.0,,,
207.51,2.0,,,
208.01,1.0,,,
208.51,0.0,,,
209.01,0.0,,,
209.51,1.0,,,
210.01,1.0,,,
210.51,1.0,,,
211.01,1.0,,,
211.51,0.0,,,
212.01,1.0,,,
212.51,2.0,,,
213.01,2.0,,,
213.51,2.0,,,
214.01,2.0,,,
214.51,2.0,,,
215.01,2.0,,,
215.51,2.0,,,
216.01,2.0,,,
216.51,2.0,,,
217.01,2.0,,,
217.51,2.0,,,
218.01,2.0,,,
218.51,2.0,,,
219.01,2.0,,,
219.51,2.0,,,
220.01,2.0,,,
220.51,2.0,,,
221.01,2.0,,,
221.51,2.0,,,
222.01,1.0,,,
222.5,1.0,,,
223.0,1.0,,,
223.5,1.0,,,
224.0,1.0,,,
224.5,1.0,,,
225.0,0.0,,,
225.5,0.0,,,
226.01,1.0,,,
226.51,1.0,,,
227.01,1.0,,,
227.51,1.0,,,
228.01,1.0,,,
228.51,1.0,,,
229.01,1.0,,,
229.51,1.0,,,
230.01,1.0,,,
230.51,1.0,,,
231.01,1.0,,,
231.51,1.0,,,
232.01,1.0,,,
232.51,1.0,,,
233.01,1.0,,,
233.51,1.0,,,
234.01,1.0,,,
234.51,1.0,,,
235.01,1.0,,,
235.51,1.0,,,
236.01,2.0,,,
236.51,0.0,,,
237.01,1.0,,,
237.51,1.0,,,
238.01,1.0,,,
238.51,1.0,,,
239.01,1.0,,,
239.51,1.0,,,
240.01,1.0,,,
240.51,1.0,,,
241.01,1.0,,,
241.51,1.0,,,
242.01,1.0,,,
242.5,1.0,,,
243.0,1.0,,,
243.5,1.0,,,
244.0,0.0,,,
244.5,1.0,,,
245.0,1.0,,,
245.5,1.0,,,
246.01,2.0,,,
246.51,2.0,,,
247.01,0.0,,,
247.51,1.0,,,
248.01,1.0,,,
248.51,1.0,,,
249.01,1.0,,,
249.51,1.0,,,
250.01,1.0,,,
250.51,1.0,,,
251.01,1.0,,,
251.51,0.0,,,
252.01,0.0,,,
252.51,0.0,,,
252.69,,,,0.0
252.73,,,,1.0
252.76,,,,1.0
252.79,,,,1.0
252.83,,,,1.0
252.86,,,,1.0
252.89,,,,1.0
252.93,,,,1.0
252.96,,,,1.0
252.99,,,,1.0
253.01,0.0,,,
253.03,,,,1.0
253.06,,,,1.0
253.09,,,,1.0
253.13,,,,1.0
253.16,,,,1.0
253.19,,,,1.0
253.23,,,,1.0
253.26,,,,1.0
253.29,,,,1.0
253.33,,,,1.0
253.36,,,,1.0
253.39,,,,1.0
253.43,,,,1.0
253.46,,,,1.0
253.49,,,,1.0
253.51,0.0,,,
253.53,,,,1.0
253.56,,,,1.0
253.59,,,,1.0
253.63,,,,1.0
253.66,,,,1.0
253.69,,,,1.0
253.73,,,,1.0
253.76,,,,1.0
253.79,,,,1.0
253.83,,,,1.0
253.86,,,,1.0
253.89,,,,1.0
253.93,,,,1.0
253.96,,,,1.0
253.99,,,,1.0
254.01,1.0,,,
254.03,,,,1.0
254.06,,,,1.0
254.09,,,,1.0
254.13,,,,1.0
254.16,,,,1.0
254.19,,,,1.0
254.23,,,,1.0
254.26,,,,1.0
254.29,,,,1.0
254.33,,,,1.0
254.36,,,,1.0
254.39,,,,1.0
254.43,,,,1.0
254.46,,,,1.0
254.49,,,,1.0
254.51,0.0,,,
254.53,,,,1.0
254.56,,,,1.0
254.59,,,,1.0
254.63,,,,1.0
254.66,,,,1.0
254.69,,,,1.0
254.73,,,,1.0
254.76,,,,1.0
254.79,,,,1.0
254.83,,,,1.0
254.86,,,,1.0
254.89,,,,1.0
254.93,,,,1.0
254.96,,,,1.0
254.99,,,,1.0
255.01,0.0,,,
255.03,,,,1.0
255.06,,,,1.0
255.09,,,,1.0
255.13,,,,1.0
255.16,,,,1.0
255.19,,,,1.0
255.23,,,,1.0
255.26,,,,1.0
255.29,,,,1.0
255.33,,,,1.0
255.36,,,,1.0
255.4,,,,1.0
255.43,,,,1.0
255.46,,,,1.0
255.5,,,,1.0
255.51,0.0,,,
255.53,,,,1.0
255.56,,,,1.0
255.6,,,,1.0
255.63,,,,1.0
255.66,,,,1.0
255.7,,,,1.0
255.73,,,,1.0
255.76,,,,1.0
255.8,,,,1.0
255.83,,,,1.0
255.86,,,,1.0
255.9,,,,1.0
255.93,,,,1.0
255.96,,,,1.0
256.0,,,,1.0
256.01,0.0,,,
256.03,,,,1.0
256.06,,,,1.0
256.1,,,,1.0
256.13,,,,1.0
256.16,,,,1.0
256.2,,,,1.0
256.23,,,,1.0
256.26,,,,1.0
256.3,,,,1.0
256.33,,,,1.0
256.36,,,,1.0
256.4,,,,1.0
256.43,,,,1.0
256.46,,,,1.0
256.5,,,,1.0
256.51,1.0,,,
256.53,,,,1.0
256.56,,,,1.0
256.6,,,,1.0
256.63,,,,1.0
256.66,,,,1.0
256.7,,,,1.0
256.73,,,,1.0
256.76,,,,1.0
256.8,,,,1.0
256.83,,,,1.0
256.86,,,,1.0
256.9,,,,1.0
256.93,,,,1.0
256.96,,,,1.0
257.0,,,,1.0
257.01,1.0,,,
257.03,,,,1.0
257.06,,,,1.0
257.1,,,,1.0
257.13,,,,1.0
257.16,,,,1.0
257.2,,,,1.0
257.23,,,,1.0
257.26,,,,1.0
257.3,,,,1.0
257.33,,,,1.0
257.36,,,,1.0
257.4,,,,1.0
257.43,,,,1.0
257.46,,,,1.0
257.5,,,,1.0
257.51,1.0,,,
257.53,,,,1.0
257.56,,,,1.0
257.6,,,,1.0
257.63,,,,1.0
257.66,,,,1.0
257.7,,,,1.0
257.73,,,,1.0
257.76,,,,1.0
257.79,,,,1.0
257.82,,,,1.0
257.85,,,,1.0
257.89,,,,1.0
257.92,,,,1.0
257.95,,,,1.0
257.99,,,,1.0
258.01,1.0,,,
258.02,,,,1.0
258.05,,,,1.0
258.09,,,,1.0
258.12,,,,1.0
258.15,,,,1.0
258.19,,,,1.0
258.22,,,,1.0
258.25,,,,1.0
258.29,,,,1.0
258.32,,,,1.0
258.35,,,,1.0
258.39,,,,1.0
258.42,,,,1.0
258.45,,,,1.0
258.49,,,,1.0
258.51,1.0,,,
258.52,,,,1.0
258.55,,,,1.0
258.59,,,,1.0
258.62,,,,1.0
258.65,,,,1.0
258.69,,,,1.0
258.72,,,,1.0
258.75,,,,1.0
258.79,,,,1.0
258.82,,,,1.0
258.85,,,,1.0
258.89,,,,1.0
258.92,,,,1.0
258.95,,,,1.0
258.99,,,,1.0
259.01,1.0,,,
259.02,,,,1.0
259.05,,,,1.0
259.09,,,,1.0
259.12,,,,1.0
259.15,,,,1.0
259.19,,,,1.0
259.22,,,,1.0
259.25,,,,1.0
259.29,,,,1.0
259.32,,,,1.0
259.35,,,,1.0
259.39,,,,1.0
259.42,,,,1.0
259.45,,,,1.0
259.49,,,,1.0
259.51,1.0,,,
259.52,,,,1.0
259.55,,,,1.0
259.59,,,,1.0
259.62,,,,1.0
259.65,,,,1.0
259.69,,,,1.0
259.72,,,,1.0
259.76,,,,1.0
259.79,,,,1.0
259.82,,,,1.0
259.86,,,,1.0
259.89,,,,1.0
259.92,,,,1.0
259.96,,,,1.0
259.99,,,,1.0
260.01,1.0,,,
260.02,,,,1.0
260.05,,,,1.0
260.09,,,,1.0
260.12,,,,1.0
260.15,,,,1.0
260.19,,,,1.0
260.22,,,,1.0
260.26,,,,1.0
260.29,,,,1.0
260.32,,,,1.0
260.36,,,,1.0
260.39,,,,1.0
260.42,,,,1.0
260.46,,,,1.0
260.49,,,,1.0
260.51,1.0,,,
260.52,,,,1.0
260.55,,,,1.0
260.59,,,,1.0
260.62,,,,1.0
260.65,,,,1.0
260.69,,,,1.0
260.72,,,,1.0
260.76,,,,1.0
260.79,,,,1.0
260.82,,,,1.0
260.86,,,,1.0
260.89,,,,1.0
260.92,,,,1.0
260.96,,,,1.0
260.99,,,,1.0
261.01,1.0,,,
261.02,,,,1.0
261.05,,,,1.0
261.09,,,,1.0
261.12,,,,1.0
261.15,,,,1.0
261.19,,,,1.0
261.22,,,,1.0
261.26,,,,1.0
261.29,,,,1.0
261.32,,,,1.0
261.36,,,,1.0
261.39,,,,1.0
261.42,,,,1.0
261.46,,,,1.0
261.49,,,,1.0
261.51,1.0,,,
261.52,,,,1.0
261.55,,,,1.0
261.58,,,,1.0
261.6,,,,1.0
261.62,,,,1.0
261.65,,,,1.0
261.69,,,,1.0
261.72,,,,2.0
261.76,,,,2.0
261.79,,,,2.0
261.82,,,,2.0
261.86,,,,2.0
261.89,,,,2.0
261.92,,,,2.0
261.96,,,,2.0
261.99,,,,2.0
262.0,1.0,,,
262.02,,,,2.0
262.05,,,,2.0
262.09,,,,2.0
262.12,,,,2.0
262.15,,,,2.0
262.19,,,,2.0
262.22,,,,2.0
262.26,,,,2.0
262.29,,,,2.0
262.32,,,,2.0
262.36,,,,1.0
262.39,,,,1.0
262.42,,,,1.0
262.46,,,,1.0
262.49,,,,1.0
262.5,0.0,,,
262.52,,,,1.0
262.55,,,,1.0
262.59,,,,1.0
262.62,,,,1.0
262.65,,,,1.0
262.69,,,,1.0
262.72,,,,1.0
262.76,,,,1.0
262.79,,,,1.0
262.82,,,,1.0
262.86,,,,1.0
262.89,,,,1.0
262.92,,,,1.0
262.96,,,,1.0
262.99,,,,1.0
263.0,0.0,,,
263.02,,,,1.0
263.05,,,,1.0
263.09,,,,1.0
263.12,,,,1.0
263.15,,,,1.0
263.19,,,,1.0
263.22,,,,1.0
263.26,,,,1.0
263.29,,,,0.0
263.32,,,,0.0
263.36,,,,0.0
263.39,,,,0.0
263.42,,,,0.0
263.46,,,,0.0
263.49,,,,1.0
263.5,0.0,,,
263.52,,,,1.0
263.55,,,,1.0
263.59,,,,1.0
263.62,,,,1.0
263.65,,,,1.0
263.69,,,,1.0
263.72,,,,1.0
263.76,,,,1.0
263.79,,,,1.0
263.82,,,,1.0
263.86,,,,1.0
263.89,,,,1.0
263.92,,,,1.0
263.96,,,,1.0
263.99,,,,1.0
264.0,0.0,,,
264.02,,,,1.0
264.06,,,,1.0
264.09,,,,1.0
264.12,,,,1.0
264.16,,,,1.0
264.19,,,,0.0
264.22,,,,0.0
264.26,,,,0.0
264.29,,,,0.0
264.32,,,,0.0
264.36,,,,1.0
264.39,,,,1.0
264.42,,,,1.0
264.46,,,,1.0
264.49,,,,1.0
264.5,0.0,,,
264.52,,,,1.0
264.56,,,,1.0
264.59,,,,1.0
264.62,,,,1.0
264.66,,,,1.0
264.69,,,,1.0
264.72,,,,1.0
264.76,,,,1.0
264.79,,,,1.0
264.82,,,,1.0
264.86,,,,1.0
264.89,,,,1.0
264.92,,,,1.0
264.96,,,,1.0
264.99,,,,1.0
265.0,0.0,,,
265.02,,,,1.0
265.06,,,,1.0
265.09,,,,1.0
265.12,,,,1.0
265.16,,,,1.0
265.19,,,,1.0
265.22,,,,1.0
265.26,,,,1.0
265.29,,,,1.0
265.32,,,,1.0
265.36,,,,1.0
265.39,,,,1.0
265.42,,,,1.0
265.46,,,,1.0
265.49,,,,1.0
265.51,0.0,,,
265.52,,,,1.0
265.56,,,,1.0
265.59,,,,1.0
265.61,,,,1.0
265.62,,,,1.0
265.66,,,,2.0
265.69,,,,2.0
265.72,,,,2.0
265.76,,,,2.0
265.79,,,,2.0
265.82,,,,2.0
265.86,,,,2.0
265.89,,,,2.0
265.92,,,,2.0
265.96,,,,2.0
265.99,,,,2.0
266.01,1.0,,,
266.02,,,,2.0
266.06,,,,2.0
266.09,,,,2.0
266.12,,,,2.0
266.16,,,,1.0
266.19,,,,1.0
266.22,,,,1.0
266.26,,,,1.0
266.29,,,,1.0
266.32,,,,1.0
266.36,,,,1.0
266.39,,,,1.0
266.42,,,,1.0
266.46,,,,1.0
266.49,,,,1.0
266.51,0.0,,,
266.52,,,,1.0
266.56,,,,1.0
266.59,,,,1.0
266.62,,,,1.0
266.66,,,,1.0
266.69,,,,1.0
266.72,,,,1.0
266.76,,,,1.0
266.79,,,,1.0
266.82,,,,1.0
266.86,,,,1.0
266.89,,,,1.0
266.92,,,,1.0
266.96,,,,1.0
266.99,,,,1.0
267.01,1.0,,,
267.02,,,,1.0
267.06,,,,1.0
267.09,,,,1.0
267.12,,,,1.0
267.16,,,,1.0
267.19,,,,1.0
267.22,,,,1.0
267.26,,,,1.0
267.29,,,,1.0
267.32,,,,1.0
267.36,,,,1.0
267.39,,,,1.0
267.42,,,,1.0
267.46,,,,1.0
267.49,,,,1.0
267.51,1.0,,,
267.52,,,,1.0
267.56,,,,1.0
267.59,,,,1.0
267.62,,,,1.0
267.66,,,,1.0
267.69,,,,1.0
267.72,,,,1.0
267.76,,,,1.0
267.79,,,,0.0
267.82,,,,0.0
267.86,,,,0.0
267.89,,,,0.0
267.92,,,,0.0
267.96,,,,0.0
267.99,,,,0.0
268.01,2.0,,,
268.02,,,,0.0
268.06,,,,0.0
268.09,,,,0.0
268.12,,,,0.0
268.16,,,,0.0
268.19,,,,0.0
268.23,,,,0.0
268.26,,,,0.0
268.29,,,,0.0
268.33,,,,0.0
268.36,,,,0.0
268.39,,,,0.0
268.42,,,,0.0
268.46,,,,0.0
268.49,,,,0.0
268.51,1.0,,,
268.52,,,,0.0
268.56,,,,0.0
268.59,,,,0.0
268.62,,,,0.0
268.66,,,,0.0
268.69,,,,0.0
268.73,,,,1.0
268.76,,,,1.0
268.79,,,,0.0
268.83,,,,0.0
268.86,,,,1.0
268.89,,,,1.0
268.92,,,,1.0
268.96,,,,0.0
268.99,,,,1.0
269.01,0.0,,,
269.02,,,,1.0
269.06,,,,1.0
269.09,,,,0.0
269.12,,,,1.0
269.16,,,,1.0
269.19,,,,0.0
269.23,,,,0.0
269.26,,,,0.0
269.29,,,,0.0
269.33,,,,0.0
269.36,,,,0.0
269.39,,,,0.0
269.42,,,,0.0
269.46,,,,0.0
269.49,,,,0.0
269.51,0.0,,,
269.52,,,,0.0
269.56,,,,0.0
269.59,,,,0.0
269.62,,,,0.0
269.66,,,,0.0
269.69,,,,0.0
269.73,,,,0.0
269.76,,,,0.0
269.79,,,,0.0
269.83,,,,0.0
269.86,,,,0.0
269.89,,,,0.0
269.92,,,,0.0
269.96,,,,0.0
269.99,,,,0.0
270.01,0.0,,,
270.02,,,,0.0
270.06,,,,0.0
270.09,,,,0.0
270.12,,,,0.0
270.16,,,,0.0
270.19,,,,0.0
270.23,,,,0.0
270.26,,,,0.0
270.29,,,,0.0
270.33,,,,1.0
270.36,,,,0.0
270.39,,,,1.0
270.42,,,,1.0
270.46,,,,0.0
270.49,,,,1.0
270.51,0.0,,,
270.52,,,,1.0
270.56,,,,1.0
270.59,,,,1.0
270.62,,,,1.0
271.01,0.0,,,
271.02,,,,1.0
271.51,0.0,,,
271.52,,,,1.0
272.01,0.0,,,
272.02,,,,1.0
272.51,0.0,,,
272.53,,,,2.0
273.01,0.0,,,
273.03,,,,2.0
273.51,0.0,,,
273.53,,,,1.0
274.01,0.0,,,
274.03,,,,1.0
274.51,1.0,,,
274.53,,,,2.0
275.01,1.0,,,
275.03,,,,2.0
275.51,1.0,,,
275.53,,,,2.0
276.01,1.0,,,
276.03,,,,2.0
276.51,1.0,,,
276.53,,,,1.0
277.01,1.0,,,
277.03,,,,1.0
277.51,1.0,,,
277.53,,,,1.0
278.01,1.0,,,
278.03,,,,1.0
278.51,1.0,,,
278.53,,,,1.0
279.01,1.0,,,
279.03,,,,1.0
279.51,1.0,,,
279.52,,,,1.0
280.01,1.0,,,
280.02,,,,2.0
280.51,1.0,,,
280.52,,,,2.0
281.01,1.0,,,
281.02,,,,2.0
281.51,1.0,,,
281.52,,,,1.0
282.0,2.0,,,
282.02,,,,1.0
282.5,2.0,,,
282.52,,,,2.0
283.0,2.0,,,
283.02,,,,1.0
283.5,2.0,,,
283.52,,,,2.0
284.0,2.0,,,
284.02,,,,2.0
284.5,2.0,,,
284.52,,,,2.0
285.0,2.0,,,
285.02,,,,2.0
285.51,2.0,,,
285.52,,,,2.0
286.01,1.0,,,
286.02,,,,1.0
286.51,1.0,,,
286.52,,,,1.0
287.01,1.0,,,
287.02,,,,0.0
287.51,1.0,,,
287.52,,,,1.0
288.01,1.0,,,
288.02,,,,1.0
288.51,1.0,,,
288.52,,,,1.0
289.01,1.0,,,
289.02,,,,1.0
289.51,1.0,,,
289.52,,,,1.0
290.01,1.0,,,
290.02,,,,1.0
290.51,1.0,,,
290.52,,,,1.0
291.01,1.0,,,
291.02,,,,1.0
291.51,1.0,,,
291.52,,,,1.0
292.01,2.0,,,
292.02,,,,1.0
292.51,2.0,,,
292.52,,,,1.0
293.01,2.0,,,
293.03,,,,1.0
293.51,2.0,,,
293.53,,,,0.0
294.01,2.0,,,
294.03,,,,1.0
294.51,2.0,,,
294.53,,,,2.0
295.01,2.0,,,
295.03,,,,2.0
295.51,2.0,,,
295.53,,,,2.0
296.01,2.0,,,
296.03,,,,1.0
296.51,1.0,,,
296.53,,,,0.0
297.01,0.0,,,
297.03,,,,0.0
297.51,0.0,,,
297.53,,,,0.0
298.01,0.0,,,
298.03,,,,0.0
298.51,0.0,,,
298.53,,,,1.0
299.01,0.0,,,
299.03,,,,1.0
299.51,0.0,,,
299.52,,,,1.0
300.01,0.0,,,
300.02,,,,1.0
300.51,0.0,,,
300.52,,,,1.0
301.01,0.0,,,
301.02,,,,1.0
301.5,0.0,,,
301.52,,,,2.0
302.0,0.0,,,
302.02,,,,2.0
302.5,0.0,,,
302.52,,,,2.0
303.0,0.0,,,
303.02,,,,2.0
303.5,0.0,,,
303.52,,,,2.0
304.0,0.0,,,
304.02,,,,2.0
304.5,0.0,,,
304.52,,,,2.0
305.0,0.0,,,
305.02,,,,2.0
305.51,0.0,,,
305.52,,,,2.0
306.01,0.0,,,
306.02,,,,1.0
306.51,1.0,,,
306.52,,,,1.0
307.01,1.0,,,
307.02,,,,1.0
307.51,1.0,,,
307.52,,,,1.0
308.01,1.0,,,
308.02,,,,1.0
308.51,1.0,,,
308.52,,,,1.0
309.01,1.0,,,
309.02,,,,1.0
309.51,1.0,,,
309.52,,,,1.0
310.01,1.0,,,
310.02,,,,1.0
310.51,1.0,,,
310.52,,,,1.0
311.01,1.0,,,
311.02,,,,1.0
311.51,1.0,,,
311.52,,,,1.0
312.01,1.0,,,
312.02,,,,2.0
312.51,1.0,,,
312.52,,,,1.0
312.67,,,2.0,
313.01,1.0,,,
313.02,,,,1.0
313.51,1.0,,,
313.52,,,,1.0
314.01,1.0,,,
314.03,,,,2.0
314.51,1.0,,,
314.53,,,,2.0
315.01,1.0,,,
315.03,,,,2.0
315.51,1.0,,,
315.53,,,,1.0
316.01,1.0,,,
316.03,,,,1.0
316.51,1.0,,,
316.53,,,,1.0
317.01,1.0,,,
317.03,,,,1.0
317.51,1.0,,,
317.53,,,,1.0
318.01,1.0,,,
318.03,,,,1.0
318.51,1.0,,,
318.53,,,,2.0
319.01,1.0,,,
319.03,,,,1.0
319.51,1.0,,,
319.52,,,,1.0
320.01,1.0,,,
320.02,,,,1.0
320.51,1.0,,,
320.52,,,,1.0
321.01,1.0,,,
321.02,,,,2.0
321.5,1.0,,,
321.52,,,,2.0
322.0,1.0,,,
322.02,,,,1.0
322.5,1.0,,,
322.52,,,,1.0
323.0,1.0,,,
323.02,,,,1.0
323.5,1.0,,,
323.52,,,,1.0
324.0,1.0,,,
324.02,,,,1.0
324.5,1.0,,,
324.52,,,,1.0
325.0,1.0,,,
325.02,,,,2.0
325.51,1.0,,,
325.52,,,,2.0
326.01,1.0,,,
326.02,,,,2.0
326.51,1.0,,,
326.52,,,,2.0
327.01,1.0,,,
327.02,,,,2.0
327.51,1.0,,,
327.52,,,,2.0
328.01,1.0,,,
328.02,,,,2.0
328.51,2.0,,,
328.52,,,,2.0
329.01,2.0,,,
329.02,,,,2.0
329.51,1.0,,,
329.52,,,,2.0
330.01,1.0,,,
330.02,,,,2.0
330.51,1.0,,,
330.52,,,,2.0
331.01,1.0,,,
331.02,,,,1.0
331.51,2.0,,,
331.52,,,,1.0
332.01,1.0,,,
332.02,,,,1.0
332.51,1.0,,,
332.52,,,,0.0
333.01,1.0,,,
333.02,,,,1.0
333.51,2.0,,,
333.52,,,,1.0
334.01,2.0,,,
334.02,,,,1.0
334.51,1.0,,,
334.52,,,,1.0
335.01,1.0,,,
335.03,,,,0.0
335.51,1.0,,,
335.53,,,,0.0
336.01,1.0,,,
336.03,,,,0.0
336.51,1.0,,,
336.53,,,,1.0
337.01,1.0,,,
337.03,,,,1.0
337.51,1.0,,,
337.53,,,,1.0
338.01,2.0,,,
338.03,,,,1.0
338.51,2.0,,,
338.53,,,,1.0
339.01,2.0,,,
339.03,,,,1.0
339.51,2.0,,,
339.52,,,,1.0
340.01,2.0,,,
340.02,,,,1.0
340.51,2.0,,,
340.52,,,,1.0
341.0,1.0,,,
341.02,,,,1.0
341.5,1.0,,,
341.52,,,,1.0
342.0,1.0,,,
342.02,,,,1.0
342.5,0.0,,,
342.52,,,,1.0
343.0,0.0,,,
343.02,,,,1.0
343.5,0.0,,,
343.52,,,,1.0
344.0,1.0,,,
344.02,,,,1.0
344.5,1.0,,,
344.52,,,,1.0
345.0,1.0,,,
345.02,,,,1.0
345.51,1.0,,,
345.52,,,,1.0
346.01,1.0,,,
346.02,,,,1.0
346.51,2.0,,,
346.52,,,,1.0
347.01,2.0,,,
347.02,,,,0.0
347.51,2.0,,,
347.52,,,,0.0
348.01,2.0,,,
348.02,,,,0.0
348.51,2.0,,,
348.52,,,,2.0
349.01,2.0,,,
349.02,,,,0.0
349.51,2.0,,,
349.52,,,,0.0
350.01,2.0,,,
350.02,,,,0.0
350.51,2.0,,,
350.52,,,,0.0
351.01,2.0,,,
351.02,,,,0.0
351.51,2.0,,,
351.52,,,,0.0
352.01,2.0,,,
352.02,,,,0.0
352.51,2.0,,,
352.52,,,,0.0
353.01,2.0,,,
353.02,,,,0.0
353.51,2.0,,,
353.52,,,,1.0
354.01,1.0,,,
354.02,,,,0.0
354.51,1.0,,,
354.52,,,,0.0
355.01,1.0,,,
355.02,,,,0.0
355.51,1.0,,,
355.52,,,,0.0
356.01,1.0,,,
356.03,,,,0.0
356.51,1.0,,,
356.53,,,,0.0
357.01,1.0,,,
357.03,,,,0.0
357.51,2.0,,,
357.53,,,,0.0
358.01,2.0,,,
358.03,,,,0.0
358.51,1.0,,,
358.53,,,,0.0
359.01,1.0,,,
359.03,,,,0.0
359.51,1.0,,,
359.52,,,,0.0
360.01,1.0,,,
360.02,,,,0.0
360.5,1.0,,,
360.52,,,,0.0
361.0,1.0,,,
361.02,,,,1.0
361.5,1.0,,,
361.52,,,,1.0
362.0,1.0,,,
362.02,,,,0.0
362.5,1.0,,,
362.52,,,,1.0
363.0,1.0,,,
363.02,,,,1.0
363.5,1.0,,,
363.52,,,,0.0
364.0,1.0,,,
364.02,,,,0.0
364.5,0.0,,,
364.52,,,,0.0
365.0,1.0,,,
365.02,,,,0.0
365.51,1.0,,,
365.52,,,,0.0
366.01,1.0,,,
366.02,,,,1.0
366.51,1.0,,,
366.52,,,,0.0
367.01,1.0,,,
367.02,,,,1.0
367.51,1.0,,,
367.52,,,,1.0
368.01,1.0,,,
368.02,,,,1.0
368.51,1.0,,,
368.52,,,,2.0
369.01,2.0,,,
369.02,,,,2.0
369.51,2.0,,,
369.52,,,,2.0
370.01,1.0,,,
370.02,,,,1.0
370.51,2.0,,,
370.52,,,,0.0
371.01,2.0,,,
371.02,,,,0.0
371.51,1.0,,,
371.52,,,,1.0
372.01,0.0,,,
372.02,,,,1.0
372.51,0.0,,,
372.52,,,,1.0
373.01,0.0,,,
373.02,,,,1.0
373.51,1.0,,,
373.52,,,,0.0
374.01,1.0,,,
374.02,,,,1.0
374.51,1.0,,,
374.52,,,,2.0
375.01,0.0,,,
375.02,,,,1.0
375.51,0.0,,,
375.52,,,,1.0
376.01,0.0,,,
376.02,,,,1.0
376.51,1.0,,,
376.53,,,,0.0
377.01,1.0,,,
377.03,,,,1.0
377.51,1.0,,,
377.53,,,,2.0
378.01,0.0,,,
378.03,,,,2.0
378.51,1.0,,,
378.53,,,,1.0
379.01,1.0,,,
379.03,,,,1.0
379.51,1.0,,,
379.52,,,,1.0
380.0,1.0,,,
380.02,,,,1.0
380.5,1.0,,,
380.52,,,,1.0
381.0,1.0,,,
381.02,,,,1.0
381.5,1.0,,,
381.52,,,,1.0
382.0,1.0,,,
382.02,,,,1.0
382.5,1.0,,,
382.52,,,,0.0
383.0,1.0,,,
383.02,,,,1.0
383.5,1.0,,,
383.52,,,,1.0
384.0,1.0,,,
384.02,,,,1.0
384.5,1.0,,,
384.52,,,,1.0
385.0,0.0,,,
385.02,,,,1.0
385.51,1.0,,,
385.52,,,,2.0
386.01,1.0,,,
386.02,,,,2.0
386.51,1.0,,,
386.52,,,,2.0
387.01,1.0,,,
387.02,,,,2.0
387.51,1.0,,,
387.52,,,,2.0
388.01,1.0,,,
388.02,,,,2.0
388.51,1.0,,,
388.52,,,,2.0
389.01,1.0,,,
389.02,,,,2.0
389.51,1.0,,,
389.52,,,,2.0
390.01,1.0,,,
390.02,,,,2.0
390.51,1.0,,,
390.52,,,,2.0
391.01,0.0,,,
391.02,,,,2.0
391.51,2.0,,,
391.52,,,,2.0
392.01,2.0,,,
392.02,,,,2.0
392.51,2.0,,,
392.52,,,,2.0
393.01,2.0,,,
393.02,,,,1.0
393.51,2.0,,,
393.52,,,,1.0
394.01,1.0,,,
394.02,,,,1.0
394.51,1.0,,,
394.52,,,,2.0
395.01,1.0,,,
395.02,,,,2.0
395.51,1.0,,,
395.52,,,,2.0
396.01,1.0,,,
396.02,,,,2.0
396.51,2.0,,,
396.52,,,,2.0
397.01,2.0,,,
397.02,,,,2.0
397.51,1.0,,,
397.53,,,,1.0
398.01,2.0,,,
398.03,,,,1.0
398.51,2.0,,,
398.53,,,,1.0
399.01,1.0,,,
399.03,,,,2.0
399.5,2.0,,,
399.53,,,,1.0
400.0,2.0,,,
400.02,,,,1.0
400.5,1.0,,,
400.52,,,,1.0
401.0,1.0,,,
401.02,,,,1.0
401.5,1.0,,,
401.52,,,,1.0
402.0,1.0,,,
402.02,,,,1.0
402.5,1.0,,,
402.52,,,,1.0
403.0,0.0,,,
403.02,,,,1.0
403.5,2.0,,,
403.52,,,,1.0
404.0,1.0,,,
404.02,,,,1.0
404.5,1.0,,,
404.52,,,,1.0
405.0,1.0,,,
405.02,,,,1.0
405.51,1.0,,,
405.52,,,,1.0
406.01,1.0,,,
406.02,,,,1.0
406.51,1.0,,,
406.52,,,,1.0
407.01,1.0,,,
407.02,,,,1.0
407.51,1.0,,,
407.52,,,,2.0
408.01,2.0,,,
408.02,,,,1.0
408.51,2.0,,,
408.52,,,,2.0
409.01,2.0,,,
409.02,,,,1.0
409.51,1.0,,,
409.52,,,,1.0
410.01,1.0,,,
410.02,,,,1.0
410.51,1.0,,,
410.52,,,,1.0
410.67,,1.0,,
411.01,1.0,,,
411.02,,,,1.0
411.51,0.0,,,
411.52,,,,1.0
412.01,1.0,,,
412.02,,,,1.0
412.51,1.0,,,
412.52,,,,2.0
413.01,2.0,,,
413.02,,,,1.0
413.51,2.0,,,
413.52,,,,2.0
414.01,2.0,,,
414.02,,,,2.0
414.51,2.0,,,
414.52,,,,2.0
415.01,2.0,,,
415.02,,,,2.0
415.51,2.0,,,
415.52,,,,2.0
416.01,2.0,,,
416.02,,,,2.0
416.51,2.0,,,
416.52,,,,2.0
417.01,1.0,,,
417.02,,,,2.0
417.51,1.0,,,
417.52,,,,2.0
418.01,1.0,,,
418.02,,,,2.0
418.51,2.0,,,
418.53,,,,1.0
419.0,1.0,,,
419.03,,,,1.0
419.5,1.0,,,
419.53,,,,1.0
420.0,1.0,,,
420.02,,,,1.0
420.5,1.0,,,
420.52,,,,2.0
421.0,1.0,,,
421.02,,,,2.0
421.5,2.0,,,
421.52,,,,2.0
422.0,2.0,,,
422.02,,,,2.0
422.5,2.0,,,
422.52,,,,2.0
423.0,2.0,,,
423.02,,,,2.0
423.5,2.0,,,
423.52,,,,2.0
424.0,2.0,,,
424.02,,,,2.0
424.5,2.0,,,
424.52,,,,2.0
425.01,2.0,,,
425.02,,,,2.0
425.51,2.0,,,
425.52,,,,2.0
426.01,2.0,,,
426.02,,,,2.0
426.51,2.0,,,
426.52,,,,2.0
427.01,2.0,,,
427.02,,,,2.0
427.51,1.0,,,
427.52,,,,3.0
428.01,1.0,,,
428.02,,,,3.0
428.51,1.0,,,
428.52,,,,2.0
429.01,2.0,,,
429.02,,,,2.0
429.51,1.0,,,
429.52,,,,2.0
430.01,1.0,,,
430.02,,,,2.0
430.51,1.0,,,
430.52,,,,2.0
431.01,1.0,,,
431.02,,,,2.0
431.51,2.0,,,
431.52,,,,2.0
432.01,2.0,,,
432.02,,,,2.0
432.51,2.0,,,
432.52,,,,2.0
433.01,2.0,,,
433.02,,,,2.0
433.51,2.0,,,
433.52,,,,2.0
434.01,2.0,,,
434.02,,,,2.0
434.51,2.0,,,
434.52,,,,2.0
435.01,2.0,,,
435.02,,,,1.0
435.51,2.0,,,
435.52,,,,1.0
436.01,1.0,,,
436.02,,,,1.0
436.51,1.0,,,
436.52,,,,3.0
437.01,1.0,,,
437.02,,,,3.0
437.51,2.0,,,
437.52,,,,2.0
438.01,2.0,,,
438.02,,,,2.0
438.5,2.0,,,
438.52,,,,2.0
439.0,2.0,,,
439.02,,,,2.0
439.5,2.0,,,
439.53,,,,2.0
440.0,2.0,,,
440.02,,,,2.0
440.5,2.0,,,
440.52,,,,2.0
441.0,2.0,,,
441.02,,,,2.0
441.5,2.0,,,
441.52,,,,2.0
442.0,1.0,,,
442.02,,,,2.0
442.5,2.0,,,
442.52,,,,2.0
443.0,2.0,,,
443.02,,,,2.0
443.5,2.0,,,
443.52,,,,2.0
444.0,1.0,,,
444.02,,,,2.0
444.5,1.0,,,
444.52,,,,2.0
445.01,1.0,,,
445.02,,,,2.0
445.51,2.0,,,
445.52,,,,2.0
446.01,1.0,,,
446.02,,,,2.0
446.51,1.0,,,
446.52,,,,2.0
447.01,1.0,,,
447.02,,,,2.0
447.51,1.0,,,
447.52,,,,2.0
448.01,1.0,,,
448.02,,,,3.0
448.51,1.0,,,
448.52,,,,2.0
449.01,2.0,,,
449.02,,,,2.0
449.51,0.0,,,
449.52,,,,2.0
450.01,2.0,,,
450.02,,,,2.0
450.51,2.0,,,
450.52,,,,2.0
451.01,1.0,,,
451.02,,,,2.0
451.51,1.0,,,
451.52,,,,2.0
452.01,1.0,,,
452.02,,,,2.0
452.51,1.0,,,
452.52,,,,2.0
453.01,1.0,,,
453.02,,,,2.0
453.51,1.0,,,
453.52,,,,2.0
454.01,1.0,,,
454.02,,,,2.0
454.51,1.0,,,
454.52,,,,2.0
455.01,1.0,,,
455.02,,,,2.0
455.51,0.0,,,
455.52,,,,2.0
456.01,1.0,,,
456.02,,,,2.0
456.51,1.0,,,
456.52,,,,2.0
457.01,1.0,,,
457.02,,,,2.0
457.5,1.0,,,
457.52,,,,2.0
458.0,1.0,,,
458.02,,,,2.0
458.5,1.0,,,
458.52,,,,2.0
459.0,1.0,,,
459.02,,,,2.0
459.5,2.0,,,
459.52,,,,2.0
460.0,2.0,,,
460.02,,,,1.0
460.5,2.0,,,
460.52,,,,1.0
461.0,2.0,,,
461.02,,,,1.0
461.5,2.0,,,
461.52,,,,1.0
462.0,2.0,,,
462.02,,,,1.0
462.5,2.0,,,
462.52,,,,1.0
463.0,2.0,,,
463.02,,,,2.0
463.5,2.0,,,
463.52,,,,2.0
464.0,3.0,,,
464.02,,,,2.0
464.5,2.0,,,
464.52,,,,2.0
465.01,3.0,,,
465.02,,,,2.0
465.51,1.0,,,
465.52,,,,2.0
466.01,2.0,,,
466.02,,,,2.0
466.51,2.0,,,
466.52,,,,2.0
467.01,2.0,,,
467.02,,,,2.0
467.5,,,2.0,
467.51,2.0,,,
467.52,,,,2.0
467.53,,,2.0,
467.56,,,2.0,
467.6,,,2.0,
467.63,,,2.0,
467.66,,,2.0,
467.7,,,2.0,
467.73,,,2.0,
467.76,,,2.0,
467.8,,,2.0,
467.83,,,2.0,
467.86,,,2.0,
467.9,,,2.0,
467.93,,,2.0,
467.96,,,2.0,
468.0,,,2.0,
468.01,2.0,,,
468.02,,,,2.0
468.03,,,2.0,
468.06,,,2.0,
468.1,,,2.0,
468.13,,,2.0,
468.16,,,2.0,
468.2,,,2.0,
468.23,,,2.0,
468.26,,,2.0,
468.3,,,2.0,
468.33,,,2.0,
468.36,,,2.0,
468.4,,,2.0,
468.43,,,2.0,
468.46,,,2.0,
468.5,,,2.0,
468.51,3.0,,,
468.52,,,,2.0
468.53,,,2.0,
468.57,,,2.0,
468.6,,,2.0,
468.63,,,2.0,
468.66,,,2.0,
468.7,,,2.0,
468.73,,,2.0,
468.76,,,2.0,
468.8,,,2.0,
468.83,,,2.0,
468.86,,,2.0,
468.9,,,2.0,
468.93,,,2.0,
468.96,,,2.0,
469.0,,,2.0,
469.01,2.0,,,
469.02,,,,2.0
469.03,,,2.0,
469.07,,,2.0,
469.1,,,2.0,
469.13,,,2.0,
469.16,,,2.0,
469.2,,,2.0,
469.23,,,2.0,
469.26,,,2.0,
469.3,,,2.0,
469.33,,,2.0,
469.36,,,2.0,
469.4,,,2.0,
469.43,,,2.0,
469.46,,,2.0,
469.5,,,2.0,
469.51,2.0,,,
469.52,,,,2.0
469.53,,,2.0,
469.57,,,2.0,
469.6,,,2.0,
469.63,,,2.0,
469.66,,,2.0,
469.7,,,2.0,
469.73,,,2.0,
469.76,,,2.0,
469.8,,,2.0,
469.83,,,2.0,
469.86,,,2.0,
469.9,,,2.0,
469.93,,,2.0,
469.96,,,2.0,
470.0,,,2.0,
470.01,2.0,,,
470.02,,,,2.0
470.03,,,2.0,
470.07,,,2.0,
470.1,,,2.0,
470.13,,,2.0,
470.16,,,2.0,
470.2,,,2.0,
470.23,,,2.0,
470.26,,,2.0,
470.3,,,2.0,
470.33,,,2.0,
470.36,,,2.0,
470.4,,,2.0,
470.43,,,2.0,
470.46,,,2.0,
470.5,,,2.0,
470.51,2.0,,,
470.52,,,,2.0
470.53,,,2.0,
470.57,,,2.0,
470.6,,,2.0,
470.63,,,2.0,
470.66,,,2.0,
470.7,,,2.0,
470.73,,,2.0,
470.76,,,2.0,
470.8,,,2.0,
470.83,,,2.0,
470.86,,,2.0,
470.9,,,2.0,
470.93,,,2.0,
470.96,,,2.0,
471.0,,,2.0,
471.01,2.0,,,
471.02,,,,2.0
471.03,,,2.0,
471.07,,,2.0,
471.1,,,2.0,
471.13,,,2.0,
471.16,,,2.0,
471.2,,,2.0,
471.23,,,2.0,
471.26,,,2.0,
471.3,,,2.0,
471.33,,,2.0,
471.36,,,2.0,
471.4,,,2.0,
471.43,,,2.0,
471.46,,,2.0,
471.5,,,2.0,
471.51,2.0,,,
471.52,,,,2.0
471.53,,,2.0,
471.57,,,2.0,
471.6,,,2.0,
471.63,,,2.0,
471.66,,,2.0,
471.7,,,2.0,
471.73,,,2.0,
471.76,,,2.0,
471.8,,,2.0,
471.83,,,2.0,
471.86,,,2.0,
471.9,,,2.0,
471.93,,,2.0,
471.96,,,2.0,
472.0,,,2.0,
472.01,2.0,,,
472.02,,,,1.0
472.03,,,2.0,
472.07,,,2.0,
472.1,,,2.0,
472.13,,,2.0,
472.16,,,2.0,
472.2,,,2.0,
472.23,,,2.0,
472.26,,,2.0,
472.3,,,2.0,
472.33,,,2.0,
472.36,,,2.0,
472.4,,,2.0,
472.43,,,2.0,
472.46,,,2.0,
472.5,,,2.0,
472.51,2.0,,,
472.52,,,,2.0
472.53,,,2.0,
472.57,,,2.0,
472.6,,,2.0,
472.63,,,2.0,
472.67,,,2.0,
472.7,,,2.0,
472.73,,,2.0,
472.77,,,2.0,
472.8,,,2.0,
472.83,,,2.0,
472.87,,,2.0,
472.9,,,2.0,
472.93,,,2.0,
472.97,,,2.0,
473.0,,,2.0,
473.01,2.0,,,
473.02,,,,2.0
473.03,,,2.0,
473.07,,,2.0,
473.1,,,2.0,
473.13,,,2.0,
473.17,,,2.0,
473.2,,,2.0,
473.23,,,2.0,
473.27,,,1.0,
473.3,,,1.0,
473.33,,,1.0,
473.37,,,1.0,
473.4,,,1.0,
473.43,,,1.0,
473.47,,,1.0,
473.5,,,1.0,
473.51,2.0,,,
473.52,,,,1.0
473.53,,,1.0,
473.57,,,1.0,
473.6,,,1.0,
473.63,,,1.0,
473.67,,,1.0,
473.7,,,1.0,
473.73,,,1.0,
473.77,,,1.0,
473.8,,,1.0,
473.83,,,2.0,
473.87,,,2.0,
473.9,,,2.0,
473.93,,,2.0,
473.97,,,2.0,
474.0,,,2.0,
474.01,3.0,,,
474.02,,,,1.0
474.03,,,2.0,
474.07,,,2.0,
474.1,,,2.0,
474.13,,,2.0,
474.17,,,2.0,
474.2,,,2.0,
474.23,,,2.0,
474.27,,,2.0,
474.3,,,2.0,
474.33,,,2.0,
474.37,,,2.0,
474.4,,,2.0,
474.43,,,2.0,
474.47,,,2.0,
474.5,,,2.0,
474.51,2.0,,,
474.52,,,,1.0
474.53,,,2.0,
474.57,,,2.0,
474.6,,,2.0,
474.63,,,2.0,
474.67,,,2.0,
474.7,,,2.0,
474.73,,,2.0,
474.77,,,2.0,
474.8,,,2.0,
474.83,,,2.0,
474.87,,,2.0,
474.9,,,2.0,
474.93,,,2.0,
474.97,,,2.0,
475.0,,,2.0,
475.01,2.0,,,
475.02,,,,2.0
475.03,,,2.0,
475.07,,,2.0,
475.1,,,2.0,
475.13,,,2.0,
475.17,,,2.0,
475.2,,,2.0,
475.23,,,2.0,
475.27,,,2.0,
475.3,,,2.0,
475.33,,,2.0,
475.37,,,2.0,
475.4,,,2.0,
475.43,,,2.0,
475.47,,,2.0,
475.5,,,2.0,
475.51,2.0,,,
475.52,,,,2.0
475.53,,,2.0,
475.57,,,2.0,
475.6,,,2.0,
475.63,,,2.0,
475.67,,,2.0,
475.7,,,2.0,
475.73,,,2.0,
475.77,,,2.0,
475.8,,,2.0,
475.83,,,2.0,
475.87,,,2.0,
475.9,,,2.0,
475.93,,,2.0,
475.97,,,2.0,
476.0,,,2.0,
476.01,2.0,,,
476.02,,,,2.0
476.03,,,1.0,
476.07,,,1.0,
476.1,,,1.0,
476.13,,,2.0,
476.17,,,2.0,
476.2,,,2.0,
476.23,,,2.0,
476.27,,,2.0,
476.3,,,2.0,
476.33,,,2.0,
476.37,,,2.0,
476.4,,,2.0,
476.43,,,2.0,
476.47,,,2.0,
476.5,,,2.0,
476.51,2.0,,,
476.52,,,,2.0
476.53,,,2.0,
476.57,,,2.0,
476.6,,,2.0,
476.64,,,2.0,
476.67,,,1.0,
476.7,,,1.0,
476.74,,,1.0,
476.77,,,1.0,
476.8,,,1.0,
476.84,,,1.0,
476.87,,,2.0,
476.9,,,2.0,
476.93,,,2.0,
476.97,,,2.0,
477.0,2.0,,2.0,
477.02,,,,2.0
477.04,,,2.0,
477.07,,,2.0,
477.1,,,2.0,
477.14,,,2.0,
477.17,,,2.0,
477.2,,,2.0,
477.24,,,2.0,
477.27,,,2.0,
477.3,,,2.0,
477.34,,,2.0,
477.37,,,2.0,
477.4,,,2.0,
477.43,,,2.0,
477.47,,,2.0,
477.5,2.0,,2.0,
477.52,,,,2.0
477.54,,,2.0,
477.57,,,2.0,
477.6,,,2.0,
477.64,,,1.0,
477.67,,,1.0,
477.7,,,1.0,
477.74,,,1.0,
477.77,,,1.0,
477.8,,,1.0,
477.84,,,1.0,
477.87,,,1.0,
477.9,,,1.0,
477.93,,,1.0,
477.97,,,1.0,
478.0,2.0,,1.0,
478.02,,,,2.0
478.04,,,1.0,
478.07,,,1.0,
478.1,,,1.0,
478.14,,,1.0,
478.17,,,1.0,
478.2,,,1.0,
478.24,,,1.0,
478.27,,,1.0,
478.3,,,1.0,
478.34,,,1.0,
478.37,,,1.0,
478.4,,,1.0,
478.43,,,1.0,
478.47,,,1.0,
478.5,2.0,,1.0,
478.52,,,,2.0
478.53,,,1.0,
478.57,,,1.0,
478.6,,,1.0,
478.64,,,1.0,
478.67,,,1.0,
478.7,,,1.0,
478.74,,,1.0,
478.77,,,1.0,
478.8,,,2.0,
478.84,,,2.0,
478.87,,,2.0,
478.9,,,2.0,
478.93,,,2.0,
478.97,,,2.0,
479.0,2.0,,2.0,
479.02,,,,2.0
479.04,,,2.0,
479.07,,,2.0,
479.1,,,2.0,
479.14,,,2.0,
479.17,,,2.0,
479.2,,,2.0,
479.24,,,2.0,
479.27,,,2.0,
479.3,,,2.0,
479.34,,,2.0,
479.37,,,2.0,
479.4,,,2.0,
479.43,,,2.0,
479.47,,,2.0,
479.5,2.0,,2.0,
479.52,,,,2.0
479.54,,,2.0,
479.57,,,2.0,
479.6,,,2.0,
479.64,,,2.0,
479.67,,,2.0,
479.7,,,2.0,
479.74,,,2.0,
479.77,,,2.0,
479.8,,,2.0,
479.84,,,2.0,
479.87,,,2.0,
479.9,,,2.0,
479.93,,,2.0,
479.97,,,2.0,
480.0,2.0,,2.0,
480.02,,,,2.0
480.04,,,2.0,
480.07,,,2.0,
480.1,,,2.0,
480.14,,,2.0,
480.17,,,2.0,
480.2,,,2.0,
480.24,,,2.0,
480.27,,,2.0,
480.3,,,2.0,
480.34,,,2.0,
480.37,,,2.0,
480.4,,,2.0,
480.43,,,2.0,
480.47,,,2.0,
480.5,2.0,,2.0,
480.52,,,,2.0
480.54,,,2.0,
480.57,,,2.0,
480.6,,,2.0,
480.64,,,2.0,
480.67,,,2.0,
480.7,,,2.0,
480.74,,,2.0,
480.77,,,2.0,
480.8,,,2.0,
480.84,,,2.0,
480.87,,,2.0,
480.9,,,2.0,
480.94,,,2.0,
480.97,,,2.0,
481.0,2.0,,2.0,
481.02,,,,2.0
481.04,,,2.0,
481.07,,,2.0,
481.1,,,2.0,
481.14,,,2.0,
481.17,,,2.0,
481.2,,,2.0,
481.24,,,2.0,
481.27,,,2.0,
481.3,,,2.0,
481.34,,,2.0,
481.37,,,2.0,
481.4,,,2.0,
481.44,,,2.0,
481.47,,,2.0,
481.5,2.0,,2.0,
481.52,,,,2.0
481.54,,,2.0,
481.57,,,2.0,
481.6,,,2.0,
481.64,,,2.0,
481.67,,,2.0,
481.7,,,2.0,
481.74,,,2.0,
481.77,,,2.0,
481.8,,,2.0,
481.84,,,2.0,
481.87,,,2.0,
481.9,,,2.0,
481.94,,,2.0,
481.97,,,2.0,
482.0,2.0,,2.0,
482.02,,,,2.0
482.04,,,2.0,
482.07,,,2.0,
482.1,,,2.0,
482.14,,,2.0,
482.17,,,2.0,
482.2,,,2.0,
482.24,,,2.0,
482.27,,,2.0,
482.3,,,2.0,
482.34,,,2.0,
482.37,,,2.0,
482.4,,,2.0,
482.44,,,2.0,
482.47,,,2.0,
482.5,2.0,,2.0,
482.52,,,,2.0
482.54,,,2.0,
482.57,,,2.0,
482.6,,,2.0,
482.64,,,2.0,
482.67,,,2.0,
482.7,,,2.0,
482.74,,,2.0,
482.77,,,2.0,
482.8,,,1.0,
482.84,,,1.0,
482.87,,,1.0,
482.9,,,1.0,
482.94,,,1.0,
482.97,,,1.0,
483.0,2.0,,1.0,
483.02,,,,2.0
483.04,,,1.0,
483.07,,,1.0,
483.1,,,2.0,
483.14,,,2.0,
483.17,,,2.0,
483.2,,,2.0,
483.24,,,2.0,
483.27,,,2.0,
483.3,,,2.0,
483.34,,,1.0,
483.37,,,1.0,
483.4,,,1.0,
483.44,,,1.0,
483.47,,,1.0,
483.5,2.0,,1.0,
483.51,,,,2.0
483.54,,,1.0,
483.57,,,1.0,
483.6,,,1.0,
483.64,,,1.0,
483.67,,,1.0,
483.7,,,1.0,
483.74,,,1.0,
483.77,,,1.0,
483.79,,,1.0,
483.83,,,1.0,
483.86,,,1.0,
483.9,,,1.0,
483.93,,,1.0,
483.96,,,1.0,
484.0,2.0,,1.0,
484.02,,,,2.0
484.03,,,1.0,
484.06,,,1.0,
484.1,,,1.0,
484.13,,,1.0,
484.16,,,1.0,
484.2,,,1.0,
484.23,,,1.0,
484.26,,,1.0,
484.29,,,1.0,
484.33,,,1.0,
484.36,,,1.0,
484.4,,,1.0,
484.43,,,1.0,
484.46,,,1.0,
484.5,2.0,,1.0,
484.52,,,,2.0
484.53,,,1.0,
484.56,,,1.0,
484.6,,,1.0,
484.63,,,1.0,
484.66,,,1.0,
484.7,,,1.0,
484.73,,,1.0,
484.76,,,1.0,
484.8,,,1.0,
484.83,,,1.0,
484.86,,,1.0,
484.9,,,1.0,
484.93,,,1.0,
484.96,,,1.0,
485.0,,,1.0,
485.01,2.0,,,
485.02,,,,2.0
485.03,,,1.0,
485.06,,,1.0,
485.1,,,1.0,
485.13,,,1.0,
485.16,,,1.0,
485.2,,,1.0,
485.23,,,1.0,
485.26,,,1.0,
485.3,,,1.0,
485.33,,,1.0,
485.36,,,1.0,
485.4,,,1.0,
485.43,,,1.0,
485.46,,,1.0,
485.5,,,1.0,
485.51,2.0,,,
485.52,,,,1.0
485.53,,,1.0,
485.56,,,1.0,
485.6,,,1.0,
485.63,,,1.0,
485.66,,,1.0,
485.7,,,1.0,
485.73,,,1.0,
485.76,,,1.0,
485.8,,,1.0,
485.83,,,1.0,
485.86,,,1.0,
485.9,,,1.0,
485.93,,,1.0,
485.96,,,1.0,
486.0,,,1.0,
486.01,2.0,,,
486.02,,,,2.0
486.03,,,1.0,
486.06,,,1.0,
486.1,,,1.0,
486.13,,,1.0,
486.16,,,1.0,
486.2,,,1.0,
486.23,,,1.0,
486.26,,,1.0,
486.3,,,1.0,
486.33,,,1.0,
486.36,,,1.0,
486.4,,,1.0,
486.43,,,1.0,
486.46,,,1.0,
486.5,,,1.0,
486.51,2.0,,,
486.52,,,,2.0
486.53,,,1.0,
486.56,,,1.0,
486.6,,,1.0,
486.63,,,1.0,
486.66,,,1.0,
486.7,,,1.0,
486.73,,,1.0,
486.76,,,1.0,
486.8,,,1.0,
486.83,,,1.0,
486.86,,,1.0,
486.9,,,1.0,
486.93,,,1.0,
486.96,,,1.0,
487.0,,,1.0,
487.01,2.0,,,
487.02,,,,2.0
487.03,,,1.0,
487.06,,,1.0,
487.1,,,1.0,
487.13,,,1.0,
487.16,,,1.0,
487.2,,,1.0,
487.23,,,1.0,
487.26,,,1.0,
487.3,,,1.0,
487.33,,,1.0,
487.36,,,1.0,
487.4,,,1.0,
487.43,,,1.0,
487.46,,,1.0,
487.5,,,1.0,
487.51,2.0,,,
487.52,,,,2.0
487.53,,,1.0,
487.56,,,1.0,
487.6,,,1.0,
487.63,,,1.0,
487.66,,,1.0,
487.7,,,1.0,
487.73,,,1.0,
487.76,,,1.0,
487.8,,,1.0,
487.83,,,1.0,
487.86,,,1.0,
487.9,,,1.0,
487.93,,,1.0,
487.96,,,1.0,
488.0,,,1.0,
488.01,2.0,,,
488.02,,,,2.0
488.03,,,1.0,
488.06,,,1.0,
488.1,,,1.0,
488.13,,,1.0,
488.16,,,1.0,
488.2,,,1.0,
488.23,,,1.0,
488.26,,,1.0,
488.3,,,1.0,
488.33,,,1.0,
488.36,,,1.0,
488.4,,,1.0,
488.43,,,1.0,
488.46,,,1.0,
488.5,,,1.0,
488.51,2.0,,,
488.52,,,,2.0
488.53,,,1.0,
488.56,,,1.0,
488.6,,,1.0,
488.63,,,1.0,
488.66,,,1.0,
488.7,,,2.0,
488.73,,,2.0,
488.76,,,2.0,
488.8,,,2.0,
488.83,,,2.0,
488.86,,,2.0,
488.9,,,2.0,
488.93,,,2.0,
488.96,,,2.0,
489.0,,,2.0,
489.01,2.0,,,
489.02,,,,2.0
489.03,,,2.0,
489.07,,,2.0,
489.1,,,2.0,
489.13,,,2.0,
489.16,,,2.0,
489.2,,,2.0,
489.23,,,2.0,
489.26,,,2.0,
489.3,,,2.0,
489.33,,,2.0,
489.36,,,2.0,
489.4,,,2.0,
489.43,,,2.0,
489.46,,,2.0,
489.5,,,2.0,
489.51,2.0,,,
489.52,,,,2.0
489.53,,,2.0,
489.57,,,2.0,
489.6,,,2.0,
489.63,,,2.0,
489.66,,,2.0,
489.7,,,2.0,
489.73,,,2.0,
489.76,,,1.0,
489.8,,,1.0,
489.83,,,1.0,
489.86,,,1.0,
489.9,,,1.0,
489.93,,,1.0,
489.96,,,1.0,
490.0,,,1.0,
490.01,2.0,,,
490.02,,,,2.0
490.03,,,1.0,
490.07,,,1.0,
490.1,,,1.0,
490.13,,,1.0,
490.16,,,1.0,
490.2,,,1.0,
490.23,,,1.0,
490.26,,,1.0,
490.3,,,1.0,
490.33,,,1.0,
490.36,,,1.0,
490.4,,,1.0,
490.43,,,1.0,
490.46,,,1.0,
490.5,,,1.0,
490.51,2.0,,,
490.52,,,,2.0
490.53,,,2.0,
490.57,,,2.0,
490.6,,,2.0,
490.63,,,2.0,
490.66,,,2.0,
490.7,,,2.0,
490.73,,,2.0,
490.76,,,2.0,
490.8,,,2.0,
490.83,,,2.0,
490.86,,,2.0,
490.9,,,2.0,
490.93,,,2.0,
490.96,,,2.0,
491.0,,,2.0,
491.01,2.0,,,
491.02,,,,2.0
491.03,,,2.0,
491.07,,,2.0,
491.1,,,2.0,
491.13,,,2.0,
491.16,,,2.0,
491.2,,,2.0,
491.23,,,2.0,
491.26,,,2.0,
491.3,,,2.0,
491.33,,,2.0,
491.36,,,2.0,
491.4,,,1.0,
491.43,,,1.0,
491.46,,,1.0,
491.5,,,1.0,
491.51,2.0,,,
491.52,,,,2.0
491.53,,,1.0,
491.57,,,1.0,
491.6,,,1.0,
491.63,,,2.0,
491.66,,,2.0,
491.7,,,2.0,
491.73,,,1.0,
491.76,,,1.0,
491.8,,,1.0,
491.83,,,1.0,
491.86,,,1.0,
491.9,,,1.0,
491.93,,,1.0,
491.96,,,1.0,
492.0,,,1.0,
492.01,2.0,,,
492.02,,,,2.0
492.03,,,1.0,
492.07,,,1.0,
492.1,,,1.0,
492.13,,,1.0,
492.16,,,1.0,
492.2,,,2.0,
492.23,,,2.0,
492.26,,,2.0,
492.3,,,2.0,
492.33,,,2.0,
492.36,,,2.0,
492.4,,,2.0,
492.43,,,1.0,
492.46,,,1.0,
492.5,,,1.0,
492.51,2.0,,,
492.52,,,,2.0
492.53,,,1.0,
492.57,,,1.0,
492.6,,,1.0,
492.63,,,1.0,
492.67,,,1.0,
492.7,,,1.0,
492.73,,,1.0,
492.77,,,1.0,
492.8,,,1.0,
492.83,,,1.0,
492.87,,,1.0,
492.9,,,1.0,
492.93,,,1.0,
492.97,,,1.0,
493.0,,,1.0,
493.01,2.0,,,
493.02,,,,2.0
493.03,,,1.0,
493.07,,,1.0,
493.1,,,1.0,
493.13,,,1.0,
493.17,,,1.0,
493.2,,,1.0,
493.23,,,1.0,
493.27,,,1.0,
493.3,,,1.0,
493.33,,,1.0,
493.37,,,1.0,
493.4,,,1.0,
493.43,,,1.0,
493.47,,,1.0,
493.5,,,1.0,
493.51,2.0,,,
493.52,,,,2.0
493.53,,,1.0,
493.57,,,1.0,
493.6,,,1.0,
493.63,,,1.0,
493.67,,,1.0,
493.7,,,1.0,
493.73,,,1.0,
493.77,,,1.0,
493.8,,,1.0,
493.83,,,1.0,
493.87,,,1.0,
493.9,,,1.0,
493.93,,,1.0,
493.97,,,1.0,
494.0,,,1.0,
494.01,2.0,,,
494.02,,,,2.0
494.03,,,1.0,
494.07,,,1.0,
494.1,,,1.0,
494.13,,,1.0,
494.17,,,1.0,
494.2,,,1.0,
494.23,,,1.0,
494.27,,,1.0,
494.3,,,1.0,
494.33,,,1.0,
494.37,,,1.0,
494.4,,,1.0,
494.43,,,1.0,
494.47,,,1.0,
494.5,,,1.0,
494.51,2.0,,,
494.52,,,,2.0
494.53,,,1.0,
494.57,,,1.0,
494.6,,,1.0,
494.63,,,1.0,
494.67,,,1.0,
494.7,,,1.0,
494.73,,,1.0,
494.77,,,1.0,
494.8,,,1.0,
494.83,,,1.0,
494.87,,,1.0,
494.9,,,1.0,
494.93,,,1.0,
494.97,,,1.0,
495.0,,,1.0,
495.01,3.0,,,
495.02,,,,2.0
495.03,,,1.0,
495.07,,,1.0,
495.1,,,1.0,
495.13,,,1.0,
495.17,,,1.0,
495.2,,,1.0,
495.23,,,1.0,
495.27,,,1.0,
495.3,,,1.0,
495.33,,,1.0,
495.37,,,1.0,
495.4,,,1.0,
495.43,,,1.0,
495.47,,,1.0,
495.5,,,1.0,
495.51,2.0,,,
495.52,,,,1.0
495.53,,,1.0,
495.57,,,1.0,
495.6,,,1.0,
495.63,,,1.0,
495.67,,,1.0,
495.7,,,1.0,
495.73,,,1.0,
495.77,,,1.0,
495.8,,,1.0,
495.83,,,1.0,
495.87,,,1.0,
495.9,,,1.0,
495.93,,,1.0,
495.97,,,1.0,
496.0,,,1.0,
496.01,3.0,,,
496.02,,,,1.0
496.03,,,1.0,
496.07,,,1.0,
496.1,,,1.0,
496.13,,,1.0,
496.17,,,1.0,
496.2,,,1.0,
496.23,,,1.0,
496.27,,,1.0,
496.3,,,1.0,
496.33,,,1.0,
496.37,,,1.0,
496.4,,,1.0,
496.43,,,1.0,
496.47,,,1.0,
496.5,,,1.0,
496.51,2.0,,,
496.52,,,,1.0
496.53,,,1.0,
496.57,,,1.0,
496.6,,,1.0,
496.63,,,1.0,
496.67,,,1.0,
496.7,,,1.0,
496.74,,,1.0,
496.77,,,1.0,
496.8,,,1.0,
496.84,,,1.0,
496.87,,,1.0,
496.9,,,1.0,
496.93,,,1.0,
496.97,,,1.0,
497.0,2.0,,1.0,
497.02,,,,1.0
497.04,,,1.0,
497.07,,,1.0,
497.1,,,1.0,
497.14,,,1.0,
497.17,,,1.0,
497.2,,,1.0,
497.24,,,1.0,
497.27,,,1.0,
497.3,,,1.0,
497.34,,,1.0,
497.37,,,1.0,
497.4,,,1.0,
497.43,,,1.0,
497.47,,,1.0,
497.5,2.0,,1.0,
497.52,,,,2.0
497.54,,,1.0,
497.57,,,1.0,
497.6,,,1.0,
497.64,,,1.0,
497.67,,,1.0,
497.7,,,1.0,
497.74,,,1.0,
497.77,,,1.0,
497.8,,,1.0,
497.84,,,1.0,
497.87,,,1.0,
497.9,,,1.0,
497.93,,,1.0,
497.97,,,1.0,
498.0,2.0,,1.0,
498.02,,,,2.0
498.04,,,1.0,
498.07,,,1.0,
498.1,,,1.0,
498.14,,,1.0,
498.17,,,1.0,
498.2,,,1.0,
498.24,,,1.0,
498.27,,,1.0,
498.3,,,1.0,
498.33,,,1.0,
498.34,,,1.0,
498.37,,,1.0,
498.4,,,1.0,
498.43,,,1.0,
498.47,,,1.0,
498.5,2.0,,1.0,
498.52,,,,1.0
498.53,,,1.0,
498.57,,,1.0,
498.6,,,1.0,
498.64,,,1.0,
498.67,,,1.0,
498.7,,,1.0,
498.74,,,1.0,
498.77,,,1.0,
498.8,,,1.0,
498.84,,,1.0,
498.87,,,2.0,
498.9,,,2.0,
498.93,,,2.0,
498.97,,,2.0,
499.0,2.0,,1.0,
499.02,,,,2.0
499.04,,,1.0,
499.07,,,1.0,
499.1,,,1.0,
499.14,,,1.0,
499.17,,,2.0,
499.2,,,2.0,
499.24,,,2.0,
499.27,,,2.0,
499.3,,,2.0,
499.34,,,2.0,
499.37,,,2.0,
499.4,,,2.0,
499.43,,,2.0,
499.47,,,1.0,
499.5,2.0,,1.0,
499.52,,,,2.0
499.54,,,1.0,
499.57,,,1.0,
499.6,,,1.0,
499.64,,,1.0,
499.67,,,1.0,
499.7,,,1.0,
499.74,,,1.0,
499.77,,,1.0,
499.8,,,1.0,
499.84,,,1.0,
499.87,,,1.0,
499.9,,,1.0,
499.93,,,2.0,
499.97,,,2.0,
500.0,2.0,,2.0,
500.02,,,,2.0
500.04,,,2.0,
500.07,,,2.0,
500.1,,,2.0,
500.14,,,2.0,
500.17,,,2.0,
500.2,,,2.0,
500.24,,,2.0,
500.27,,,1.0,
500.3,,,1.0,
500.34,,,1.0,
500.37,,,1.0,
500.4,,,1.0,
500.43,,,1.0,
500.47,,,1.0,
500.5,2.0,,1.0,
500.52,,,,2.0
500.54,,,1.0,
500.57,,,1.0,
500.6,,,1.0,
500.64,,,1.0,
500.67,,,1.0,
500.7,,,1.0,
500.74,,,1.0,
500.77,,,1.0,
500.8,,,2.0,
501.0,2.0,,2.0,
501.02,,,,2.0
501.5,2.0,,2.0,
501.52,,,,1.0
502.0,2.0,,2.0,
502.02,,,,2.0
502.5,2.0,,1.0,
502.52,,,,2.0
503.0,2.0,,,
503.02,,,,2.0
503.03,,,2.0,
503.5,2.0,,,
503.52,,,,2.0
503.53,,,2.0,
504.0,2.0,,,
504.02,,,,2.0
504.03,,,2.0,
504.5,2.0,,,
504.52,,,,1.0
504.53,,,2.0,
505.01,2.0,,,
505.02,,,,1.0
505.03,,,1.0,
505.51,2.0,,,
505.52,,,,1.0
505.53,,,1.0,
506.01,2.0,,,
506.02,,,,2.0
506.03,,,1.0,
506.51,3.0,,,
506.52,,,,2.0
506.53,,,2.0,
507.01,2.0,,,
507.02,,,,2.0
507.03,,,2.0,
507.51,2.0,,,
507.52,,,,2.0
507.53,,,2.0,
508.01,2.0,,,
508.02,,,,2.0
508.03,,,2.0,
508.51,2.0,,,
508.52,,,,2.0
508.53,,,2.0,
509.01,2.0,,,
509.02,,,,2.0
509.03,,,1.0,
509.51,2.0,,,
509.52,,,,2.0
509.53,,,1.0,
510.01,2.0,,,
510.02,,,,2.0
510.03,,,1.0,
510.51,2.0,,,
510.52,,,,2.0
510.53,,,2.0,
511.01,2.0,,,
511.02,,,,2.0
511.03,,,2.0,
511.51,2.0,,,
511.52,,,,1.0
511.53,,,1.0,
512.01,1.0,,,
512.02,,,,1.0
512.03,,,1.0,
512.51,1.0,,,
512.52,,,,1.0
512.53,,,1.0,
513.0,,,1.0,
513.01,2.0,,,
513.02,,,,1.0
513.5,,,2.0,
513.51,2.0,,,
513.52,,,,1.0
514.0,,,2.0,
514.01,2.0,,,
514.02,,,,2.0
514.5,,,2.0,
514.51,2.0,,,
514.52,,,,2.0
515.0,,,2.0,
515.01,2.0,,,
515.02,,,,2.0
515.5,,,2.0,
515.51,2.0,,,
515.52,,,,2.0
516.0,,,1.0,
516.01,2.0,,,
516.02,,,,2.0
516.5,,,1.0,
516.51,2.0,,,
516.52,,,,2.0
517.0,,,1.0,
517.01,2.0,,,
517.02,,,,2.0
517.5,2.0,,2.0,
517.52,,,,2.0
518.0,2.0,,2.0,
518.02,,,,1.0
518.5,2.0,,2.0,
518.52,,,,2.0
519.0,2.0,,2.0,
519.02,,,,1.0
519.5,2.0,,2.0,
519.52,,,,2.0
520.0,2.0,,2.0,
520.02,,,,1.0
520.5,2.0,,2.0,
520.52,,,,2.0
521.0,2.0,,2.0,
521.02,,,,2.0
521.5,2.0,,2.0,
521.52,,,,2.0
522.0,2.0,,2.0,
522.02,,,,1.0
522.5,2.0,,,
522.52,,,,1.0
522.53,,,2.0,
523.0,2.0,,,
523.02,,,,1.0
523.03,,,2.0,
523.5,0.0,,,
523.52,,,,2.0
523.53,,,2.0,
524.0,0.0,,,
524.02,,,,2.0
524.03,,,2.0,
524.5,2.0,,,
524.52,,,,2.0
524.53,,,2.0,
525.01,2.0,,,
525.02,,,,2.0
525.03,,,2.0,
525.51,2.0,,,
525.52,,,,1.0
525.53,,,2.0,
526.01,2.0,,,
526.02,,,,1.0
526.03,,,2.0,
526.51,2.0,,,
526.52,,,,1.0
526.53,,,2.0,
527.01,2.0,,,
527.02,,,,2.0
527.03,,,2.0,
527.51,2.0,,,
527.52,,,,1.0
527.53,,,2.0,
528.01,2.0,,,
528.02,,,,2.0
528.03,,,2.0,
528.51,2.0,,,
528.52,,,,2.0
528.53,,,2.0,
529.01,2.0,,,
529.02,,,,2.0
529.03,,,2.0,
529.51,2.0,,,
529.52,,,,1.0
529.53,,,2.0,
530.01,2.0,,,
530.02,,,,2.0
530.03,,,3.0,
530.51,2.0,,,
530.52,,,,2.0
530.53,,,2.0,
531.01,2.0,,,
531.02,,,,2.0
531.03,,,2.0,
531.51,2.0,,,
531.52,,,,2.0
531.53,,,2.0,
532.01,2.0,,,
532.02,,,,2.0
532.03,,,2.0,
532.51,2.0,,,
532.52,,,,2.0
532.53,,,2.0,
533.0,,,2.0,
533.01,2.0,,,
533.02,,,,2.0
533.5,,,2.0,
533.51,2.0,,,
533.52,,,,2.0
534.0,,,3.0,
534.01,2.0,,,
534.02,,,,2.0
534.5,,,2.0,
534.51,2.0,,,
534.52,,,,2.0
535.0,,,3.0,
535.01,2.0,,,
535.02,,,,2.0
535.5,,,2.0,
535.51,2.0,,,
535.52,,,,2.0
536.0,2.0,,2.0,
536.02,,,,2.0
536.5,2.0,,1.0,
536.52,,,,2.0
537.0,3.0,,2.0,
537.02,,,,2.0
537.5,2.0,,2.0,
537.52,,,,2.0
538.0,2.0,,2.0,
538.02,,,,1.0
538.5,2.0,,2.0,
538.52,,,,1.0
539.0,2.0,,2.0,
539.02,,,,1.0
539.5,2.0,,2.0,
539.52,,,,2.0
540.0,2.0,,2.0,
540.02,,,,2.0
540.5,3.0,,2.0,
540.52,,,,1.0
541.0,3.0,,2.0,
541.02,,,,1.0
541.5,3.0,,2.0,
541.52,,,,1.0
542.0,3.0,,2.0,
542.02,,,,1.0
542.5,3.0,,3.0,
542.52,,,,2.0
543.0,2.0,,,
543.02,,,,2.0
543.03,,,3.0,
543.5,2.0,,,
543.52,,,,2.0
543.53,,,3.0,
544.0,3.0,,,
544.02,,,,2.0
544.03,,,3.0,
544.5,2.0,,,
544.52,,,,2.0
544.53,,,3.0,
545.01,2.0,,,
545.02,,,,2.0
545.03,,,3.0,
545.51,2.0,,,
545.52,,,,2.0
545.53,,,2.0,
546.01,2.0,,,
546.02,,,,2.0
546.03,,,2.0,
546.51,1.0,,,
546.52,,,,2.0
546.53,,,2.0,
547.01,1.0,,,
547.02,,,,2.0
547.03,,,2.0,
547.51,1.0,,,
547.52,,,,2.0
547.53,,,2.0,
548.01,1.0,,,
548.02,,,,2.0
548.03,,,2.0,
548.51,1.0,,,
548.52,,,,2.0
548.53,,,2.0,
549.01,1.0,,,
549.02,,,,2.0
549.03,,,2.0,
549.51,1.0,,,
549.52,,,,1.0
549.53,,,2.0,
550.01,1.0,,,
550.02,,,,2.0
550.03,,,2.0,
550.51,1.0,,,
550.52,,,,2.0
550.53,,,2.0,
551.01,1.0,,,
551.02,,,,2.0
551.03,,,2.0,
551.51,1.0,,,
551.52,,,,2.0
551.53,,,2.0,
552.01,1.0,,,
552.02,,,,2.0
552.03,,,2.0,
552.51,2.0,,,
552.52,,,,2.0
552.53,,,2.0,
553.0,,,2.0,
553.01,1.0,,,
553.02,,,,1.0
553.51,1.0,,0.0,
553.52,,,,2.0
554.0,,,1.0,
554.01,1.0,,,
554.02,,,,2.0
554.5,,,1.0,
554.51,1.0,,,
554.52,,,,2.0
555.0,,,2.0,
555.01,2.0,,,
555.02,,,,1.0
555.5,2.0,,2.0,
555.52,,,,1.0
556.0,1.0,,1.0,
556.02,,,,1.0
556.5,2.0,,1.0,
556.52,,,,2.0
557.0,2.0,,1.0,
557.02,,,,2.0
557.5,2.0,,1.0,
557.52,,,,1.0
558.0,2.0,,0.0,
558.02,,,,2.0
558.5,3.0,,,
558.52,,,,2.0
558.54,,,0.0,
559.0,3.0,,0.0,
559.02,,,,2.0
559.5,3.0,,0.0,
559.52,,,,2.0
560.0,2.0,,0.0,
560.02,,,,2.0
560.5,3.0,,0.0,
560.52,,,,2.0
561.0,2.0,,0.0,
561.02,,,,2.0
561.5,3.0,,0.0,
561.52,,,,2.0
562.0,3.0,,0.0,
562.02,,,,2.0
562.5,3.0,,0.0,
562.52,,,,2.0
563.0,3.0,,0.0,
563.02,,,,1.0
563.5,3.0,,,
563.52,,,,2.0
563.53,,,0.0,
564.0,2.0,,,
564.02,,,,2.0
564.03,,,0.0,
564.51,3.0,,,
564.52,,,,2.0
564.53,,,1.0,
565.01,2.0,,,
565.02,,,,1.0
565.03,,,0.0,
565.51,3.0,,,
565.52,,,,2.0
565.53,,,0.0,
566.01,3.0,,,
566.02,,,,2.0
566.03,,,1.0,
566.51,3.0,,,
566.52,,,,2.0
566.53,,,0.0,
567.01,3.0,,,
567.02,,,,1.0
567.03,,,0.0,
567.51,3.0,,,
567.52,,,,2.0
567.53,,,0.0,
568.01,2.0,,,
568.02,,,,2.0
568.03,,,0.0,
568.51,2.0,,,
568.52,,,,2.0
568.53,,,0.0,
569.01,2.0,,,
569.02,,,,1.0
569.03,,,0.0,
569.51,2.0,,,
569.52,,,,2.0
569.53,,,0.0,
570.01,2.0,,,
570.02,,,,2.0
570.03,,,0.0,
570.51,2.0,,,
570.52,,,,2.0
570.53,,,0.0,
571.01,3.0,,,
571.02,,,,2.0
571.03,,,0.0,
571.51,2.0,,,
571.52,,,,2.0
571.53,,,0.0,
572.01,2.0,,,
572.02,,,,2.0
572.03,,,0.0,
572.51,2.0,,,
572.52,,,,2.0
572.53,,,0.0,
573.0,,,0.0,
573.01,3.0,,,
573.02,,,,2.0
573.5,,,0.0,
573.51,2.0,,,
573.52,,,,1.0
574.0,,,0.0,
574.01,3.0,,,
574.02,,,,1.0
574.5,,,0.0,
574.51,3.0,,,
574.52,,,,1.0
575.0,,,0.0,
575.01,3.0,,,
575.02,,,,1.0
575.5,3.0,,0.0,
575.52,,,,2.0
576.0,3.0,,0.0,
576.02,,,,2.0
576.5,3.0,,1.0,
576.52,,,,1.0
577.0,3.0,,1.0,
577.02,,,,1.0
577.5,3.0,,1.0,
577.52,,,,1.0
578.0,3.0,,2.0,
578.02,,,,1.0
578.5,2.0,,2.0,
578.52,,,,2.0
579.0,2.0,,2.0,
579.02,,,,2.0
579.5,3.0,,2.0,
579.52,,,,2.0
580.0,3.0,,1.0,
580.02,,,,2.0
580.5,3.0,,1.0,
580.52,,,,2.0
581.0,3.0,,1.0,
581.02,,,,2.0
581.5,2.0,,2.0,
581.52,,,,2.0
582.0,2.0,,2.0,
582.02,,,,2.0
582.5,3.0,,,
582.52,,,,1.0
582.53,,,2.0,
583.0,2.0,,,
583.02,,,,1.0
583.03,,,2.0,
583.5,2.0,,,
583.52,,,,1.0
583.53,,,2.0,
584.0,2.0,,,
584.02,,,,1.0
584.03,,,1.0,
584.51,2.0,,,
584.52,,,,1.0
584.53,,,1.0,
585.01,2.0,,,
585.02,,,,1.0
585.03,,,1.0,
585.51,2.0,,,
585.52,,,,1.0
585.53,,,0.0,
586.01,2.0,,,
586.02,,,,2.0
586.03,,,0.0,
586.51,2.0,,,
586.52,,,,2.0
586.53,,,0.0,
587.01,2.0,,,
587.02,,,,1.0
587.03,,,0.0,
587.51,3.0,,,
587.52,,,,2.0
587.53,,,0.0,
588.02,,,,2.0
588.03,,,0.0,
588.08,3.0,,,
588.52,,,,2.0
588.53,0.0,,0.0,
589.01,2.0,,,
589.02,,,,2.0
589.03,,,0.0,
589.51,2.0,,,
589.52,,,,2.0
589.53,,,0.0,
590.01,1.0,,,
590.02,,,,1.0
590.03,,,0.0,
590.51,2.0,,,
590.52,,,,1.0
590.53,,,0.0,
591.01,3.0,,,
591.02,,,,2.0
591.03,,,1.0,
591.51,3.0,,,
591.52,,,,2.0
591.53,,,1.0,
592.01,3.0,,,
592.02,,,,2.0
592.03,,,0.0,
592.51,2.0,,,
592.52,,,,1.0
592.53,,,1.0,
593.01,1.0,,,
593.02,,,,1.0
593.03,,,1.0,
593.5,,,1.0,2.0
593.51,2.0,,,
594.0,,,2.0,
594.01,1.0,,,
594.02,,,,1.0
594.5,,,1.0,
594.51,1.0,,,
594.52,,,,1.0
595.0,,,1.0,
595.01,1.0,,,
595.02,,,,0.0
595.5,1.0,,1.0,
595.52,,,,1.0
596.0,1.0,,1.0,
596.02,,,,1.0
596.5,2.0,,1.0,
596.52,,,,0.0
597.0,2.0,,1.0,
597.02,,,,0.0
597.5,2.0,,1.0,
597.52,,,,1.0
598.0,3.0,,1.0,
598.02,,,,1.0
598.5,3.0,,1.0,
598.52,,,,0.0
599.0,3.0,,1.0,
599.02,,,,0.0
599.5,3.0,,1.0,
599.52,,,,1.0
600.0,3.0,,1.0,
600.02,,,,1.0
600.5,0.0,,1.0,
600.52,,,,2.0
601.0,1.0,,1.0,
601.02,,,,2.0
601.5,1.0,,1.0,
601.52,,,,0.0
602.0,1.0,,,
602.02,,,,0.0
602.03,,,1.0,
602.5,1.0,,,
602.52,,,,2.0
602.53,,,1.0,
603.0,1.0,,,
603.02,,,,1.0
603.03,,,1.0,
603.5,1.0,,,
603.52,,,,1.0
603.53,,,1.0,
604.0,1.0,,,
604.02,,,,0.0
604.03,,,1.0,
604.51,1.0,,,
604.52,,,,1.0
604.53,,,1.0,
605.01,1.0,,,
605.02,,,,1.0
605.03,,,0.0,
605.51,1.0,,,
605.52,,,,1.0
605.53,,,0.0,
606.01,1.0,,,
606.02,,,,0.0
606.03,,,0.0,
606.51,2.0,,,
606.52,,,,0.0
606.53,,,0.0,
607.01,2.0,,,
607.02,,,,0.0
607.03,,,0.0,
607.51,3.0,,,
607.52,,,,1.0
607.53,,,0.0,
608.01,3.0,,,
608.02,,,,0.0
608.03,,,0.0,
608.51,3.0,,,
608.52,,,,0.0
608.53,,,0.0,
609.01,3.0,,,
609.02,,,,0.0
609.03,,,0.0,
609.51,2.0,,,
609.52,,,,1.0
609.53,,,0.0,
610.01,2.0,,,
610.02,,,,2.0
610.03,,,0.0,
610.51,1.0,,,
610.52,,,,2.0
610.53,,,0.0,
611.01,1.0,,,
611.02,,,,1.0
611.03,,,0.0,
611.51,1.0,,,
611.52,,,,0.0
611.53,,,0.0,
612.01,1.0,,,
612.02,,,,0.0
612.03,,,0.0,
612.51,1.0,,,
612.52,,,,0.0
612.53,,,0.0,
613.01,1.0,,,
613.02,,,,0.0
613.03,,,0.0,
613.5,,,1.0,
613.51,1.0,,,
613.52,,,,1.0
614.0,,,1.0,
614.01,1.0,,,
614.02,,,,1.0
614.05,,1.0,,
614.08,,1.0,,
614.12,,1.0,,
614.15,,1.0,,
614.18,,1.0,,
614.21,,1.0,,
614.25,,1.0,,
614.28,,1.0,,
614.31,,1.0,,
614.35,,1.0,,
614.38,,1.0,,
614.41,,1.0,,
614.45,,1.0,,
614.48,,1.0,,
614.5,,,2.0,
614.51,1.0,1.0,,
614.52,,,,1.0
614.55,,1.0,,
614.58,,1.0,,
614.61,,1.0,,
614.65,,1.0,,
614.68,,1.0,,
614.71,,1.0,,
614.75,,1.0,,
614.78,,1.0,,
614.81,,1.0,,
614.85,,1.0,,
614.88,,1.0,,
614.91,,1.0,,
614.95,,1.0,,
614.98,,1.0,,
615.0,1.0,,2.0,
615.01,,1.0,,
615.02,,,,1.0
615.05,,1.0,,
615.08,,1.0,,
615.11,,1.0,,
615.15,,1.0,,
615.18,,1.0,,
615.21,,1.0,,
615.25,,1.0,,
615.28,,1.0,,
615.31,,1.0,,
615.35,,1.0,,
615.38,,1.0,,
615.41,,1.0,,
615.45,,1.0,,
615.48,,1.0,,
615.5,1.0,,2.0,
615.51,,1.0,,
615.52,,,,1.0
615.55,,1.0,,
615.58,,1.0,,
615.61,,1.0,,
615.65,,1.0,,
615.68,,1.0,,
615.71,,1.0,,
615.75,,1.0,,
615.78,,1.0,,
615.81,,1.0,,
615.85,,1.0,,
615.88,,1.0,,
615.91,,1.0,,
615.95,,1.0,,
615.98,,1.0,,
616.0,2.0,,2.0,
616.01,,1.0,,
616.02,,,,1.0
616.05,,1.0,,
616.08,,1.0,,
616.11,,1.0,,
616.15,,1.0,,
616.18,,1.0,,
616.21,,1.0,,
616.25,,1.0,,
616.28,,1.0,,
616.31,,1.0,,
616.35,,1.0,,
616.38,,1.0,,
616.41,,1.0,,
616.45,,1.0,,
616.48,,1.0,,
616.5,3.0,,1.0,
616.51,,1.0,,
616.52,,,,1.0
616.55,,1.0,,
616.58,,1.0,,
616.61,,1.0,,
616.65,,1.0,,
616.68,,1.0,,
616.71,,1.0,,
616.75,,1.0,,
616.78,,1.0,,
616.81,,1.0,,
616.85,,1.0,,
616.88,,1.0,,
616.91,,1.0,,
616.95,,1.0,,
616.98,,1.0,,
617.0,3.0,,1.0,
617.01,,1.0,,
617.02,,,,1.0
617.05,,1.0,,
617.08,,1.0,,
617.11,,1.0,,
617.15,,1.0,,
617.18,,1.0,,
617.21,,1.0,,
617.25,,1.0,,
617.28,,1.0,,
617.31,,1.0,,
617.35,,1.0,,
617.38,,1.0,,
617.41,,1.0,,
617.45,,1.0,,
617.48,,1.0,,
617.5,3.0,,0.0,
617.51,,1.0,,
617.52,,,,1.0
617.55,,1.0,,
617.58,,1.0,,
617.61,,1.0,,
617.65,,1.0,,
617.68,,1.0,,
617.71,,1.0,,
617.75,,1.0,,
617.78,,1.0,,
617.81,,1.0,,
617.85,,1.0,,
617.88,,1.0,,
617.91,,1.0,,
617.95,,1.0,,
617.98,,1.0,,
618.0,3.0,,1.0,
618.01,,1.0,,
618.02,,,,1.0
618.05,,1.0,,
618.08,,1.0,,
618.12,,1.0,,
618.15,,1.0,,
618.18,,1.0,,
618.21,,1.0,,
618.25,,1.0,,
618.28,,1.0,,
618.32,,1.0,,
618.35,,1.0,,
618.38,,1.0,,
618.42,,1.0,,
618.45,,1.0,,
618.48,,1.0,,
618.5,3.0,,1.0,
618.52,,1.0,,1.0
618.55,,1.0,,
618.58,,1.0,,
618.62,,1.0,,
618.65,,1.0,,
618.68,,1.0,,
618.71,,1.0,,
618.75,,1.0,,
618.78,,1.0,,
618.82,,1.0,,
618.85,,1.0,,
618.88,,1.0,,
618.92,,1.0,,
618.95,,1.0,,
618.98,,1.0,,
619.0,3.0,,1.0,
619.02,,1.0,,1.0
619.05,,1.0,,
619.08,,1.0,,
619.12,,1.0,,
619.15,,1.0,,
619.18,,1.0,,
619.21,,1.0,,
619.25,,1.0,,
619.28,,1.0,,
619.32,,1.0,,
619.35,,1.0,,
619.38,,1.0,,
619.42,,1.0,,
619.45,,1.0,,
619.48,,1.0,,
619.5,2.0,,1.0,
619.52,,1.0,,1.0
619.55,,1.0,,
619.58,,1.0,,
619.62,,1.0,,
619.65,,1.0,,
619.68,,1.0,,
619.71,,1.0,,
619.75,,1.0,,
619.78,,1.0,,
619.82,,1.0,,
619.85,,1.0,,
619.88,,1.0,,
619.92,,1.0,,
619.95,,1.0,,
619.98,,1.0,,
620.0,2.0,,1.0,
620.02,,1.0,,2.0
620.05,,1.0,,
620.08,,1.0,,
620.12,,1.0,,
620.15,,1.0,,
620.18,,1.0,,
620.21,,1.0,,
620.25,,1.0,,
620.28,,1.0,,
620.32,,1.0,,
620.35,,1.0,,
620.38,,1.0,,
620.42,,1.0,,
620.45,,1.0,,
620.48,,1.0,,
620.5,2.0,,1.0,
620.52,,1.0,,2.0
620.55,,1.0,,
620.58,,1.0,,
620.62,,1.0,,
620.65,,1.0,,
620.68,,1.0,,
620.71,,1.0,,
620.75,,1.0,,
620.78,,1.0,,
620.82,,1.0,,
620.85,,1.0,,
620.88,,1.0,,
620.92,,1.0,,
620.95,,1.0,,
620.98,,1.0,,
621.0,2.0,,1.0,
621.02,,1.0,,1.0
621.05,,1.0,,
621.08,,1.0,,
621.12,,1.0,,
621.15,,1.0,,
621.18,,1.0,,
621.21,,1.0,,
621.25,,1.0,,
621.28,,1.0,,
621.32,,1.0,,
621.35,,1.0,,
621.38,,1.0,,
621.42,,1.0,,
621.45,,1.0,,
621.48,,1.0,,
621.5,2.0,,,
621.52,,1.0,,0.0
621.53,,,1.0,
621.55,,1.0,,
621.58,,1.0,,
621.62,,1.0,,
621.65,,1.0,,
621.68,,1.0,,
621.71,,1.0,,
621.75,,1.0,,
621.78,,1.0,,
621.82,,1.0,,
621.85,,1.0,,
621.88,,1.0,,
621.92,,1.0,,
621.95,,1.0,,
621.98,,1.0,,
622.0,2.0,,,
622.02,,1.0,,0.0
622.03,,,1.0,
622.05,,1.0,,
622.08,,1.0,,
622.12,,1.0,,
622.15,,1.0,,
622.18,,1.0,,
622.21,,1.0,,
622.25,,1.0,,
622.28,,1.0,,
622.32,,1.0,,
622.35,,1.0,,
622.38,,1.0,,
622.42,,1.0,,
622.45,,1.0,,
622.48,,1.0,,
622.5,2.0,,,
622.52,,1.0,,0.0
622.53,,,1.0,
622.55,,1.0,,
622.58,,1.0,,
622.62,,1.0,,
622.65,,1.0,,
622.68,,1.0,,
622.72,,1.0,,
622.75,,1.0,,
622.78,,1.0,,
622.82,,1.0,,
622.85,,1.0,,
622.88,,1.0,,
622.92,,1.0,,
622.95,,1.0,,
622.98,,1.0,,
623.0,2.0,,,
623.02,,1.0,,0.0
623.03,,,1.0,
623.05,,1.0,,
623.08,,1.0,,
623.12,,1.0,,
623.15,,1.0,,
623.18,,1.0,,
623.22,,1.0,,
623.25,,1.0,,
623.28,,1.0,,
623.32,,1.0,,
623.35,,1.0,,
623.38,,1.0,,
623.42,,1.0,,
623.45,,1.0,,
623.48,,1.0,,
623.5,2.0,,,
623.52,,1.0,,0.0
623.53,,,1.0,
623.55,,1.0,,
623.58,,1.0,,
623.62,,1.0,,
623.65,,1.0,,
623.68,,1.0,,
623.72,,1.0,,
623.75,,1.0,,
623.78,,1.0,,
623.82,,1.0,,
623.85,,1.0,,
623.88,,1.0,,
623.92,,1.0,,
623.95,,1.0,,
623.98,,1.0,,
624.0,2.0,,,
624.02,,1.0,,1.0
624.03,,,1.0,
624.05,,1.0,,
624.08,,1.0,,
624.12,,1.0,,
624.15,,1.0,,
624.18,,1.0,,
624.22,,1.0,,
624.25,,1.0,,
624.28,,1.0,,
624.32,,1.0,,
624.35,,1.0,,
624.38,,1.0,,
624.42,,1.0,,
624.45,,1.0,,
624.48,,1.0,,
624.51,2.0,,,
624.52,,1.0,,1.0
624.53,,,1.0,
624.55,,1.0,,
624.58,,1.0,,
624.62,,1.0,,
624.65,,1.0,,
624.68,,1.0,,
624.72,,1.0,,
624.75,,1.0,,
624.78,,1.0,,
624.82,,1.0,,
624.85,,1.0,,
624.88,,1.0,,
624.92,,1.0,,
624.95,,1.0,,
624.98,,1.0,,
625.01,3.0,,,
625.02,,1.0,,2.0
625.03,,,1.0,
625.05,,1.0,,
625.08,,1.0,,
625.12,,1.0,,
625.15,,1.0,,
625.18,,1.0,,
625.22,,1.0,,
625.25,,1.0,,
625.28,,1.0,,
625.32,,1.0,,
625.35,,1.0,,
625.38,,1.0,,
625.42,,1.0,,
625.45,,1.0,,
625.48,,1.0,,
625.51,3.0,,,
625.52,,1.0,,1.0
625.53,,,1.0,
625.55,,1.0,,
625.58,,1.0,,
625.62,,1.0,,
625.65,,1.0,,
625.68,,1.0,,
625.72,,1.0,,
625.75,,1.0,,
625.78,,1.0,,
625.82,,1.0,,
625.85,,1.0,,
625.88,,1.0,,
625.92,,1.0,,
625.95,,1.0,,
625.98,,1.0,,
626.01,3.0,,,
626.02,,1.0,,1.0
626.03,,,1.0,
626.05,,1.0,,
626.08,,1.0,,
626.12,,1.0,,
626.15,,1.0,,
626.18,,1.0,,
626.22,,1.0,,
626.25,,1.0,,
626.28,,1.0,,
626.32,,1.0,,
626.35,,1.0,,
626.38,,1.0,,
626.42,,1.0,,
626.45,,1.0,,
626.48,,1.0,,
626.51,3.0,,,
626.52,,1.0,,0.0
626.53,,,1.0,
626.55,,1.0,,
626.58,,1.0,,
626.62,,1.0,,
626.65,,1.0,,
626.68,,1.0,,
626.72,,1.0,,
626.75,,1.0,,
626.79,,1.0,,
626.82,,1.0,,
626.85,,1.0,,
626.88,,1.0,,
626.92,,1.0,,
626.95,,1.0,,
626.98,,1.0,,
627.01,3.0,,,
627.02,,1.0,,1.0
627.03,,,1.0,
627.05,,1.0,,
627.08,,1.0,,
627.12,,1.0,,
627.15,,1.0,,
627.18,,1.0,,
627.22,,1.0,,
627.25,,1.0,,
627.29,,1.0,,
627.32,,1.0,,
627.35,,1.0,,
627.38,,1.0,,
627.42,,1.0,,
627.45,,1.0,,
627.48,,1.0,,
627.51,3.0,,,
627.52,,1.0,,1.0
627.53,,,1.0,
627.55,,1.0,,
627.58,,1.0,,
627.62,,1.0,,
627.65,,1.0,,
627.68,,1.0,,
627.72,,1.0,,
627.75,,1.0,,
627.79,,1.0,,
627.82,,1.0,,
627.85,,1.0,,
627.88,,1.0,,
627.92,,1.0,,
627.95,,1.0,,
627.98,,1.0,,
628.01,2.0,,,
628.02,,1.0,,0.0
628.03,,,1.0,
628.05,,1.0,,
628.08,,1.0,,
628.12,,1.0,,
628.15,,1.0,,
628.18,,1.0,,
628.22,,1.0,,
628.25,,1.0,,
628.29,,1.0,,
628.32,,1.0,,
628.35,,1.0,,
628.38,,1.0,,
628.42,,1.0,,
628.45,,1.0,,
628.48,,1.0,,
628.51,2.0,,,
628.52,,1.0,1.0,1.0
628.55,,1.0,,
628.58,,1.0,,
628.62,,1.0,,
628.65,,1.0,,
628.68,,1.0,,
628.72,,1.0,,
628.75,,1.0,,
628.79,,1.0,,
628.82,,1.0,,
628.85,,1.0,,
628.88,,1.0,,
628.92,,1.0,,
628.95,,1.0,,
628.98,,1.0,,
629.01,1.0,,,
629.02,,1.0,,1.0
629.03,,,2.0,
629.05,,1.0,,
629.08,,1.0,,
629.12,,1.0,,
629.15,,1.0,,
629.18,,1.0,,
629.22,,1.0,,
629.25,,1.0,,
629.29,,1.0,,
629.32,,1.0,,
629.35,,1.0,,
629.38,,1.0,,
629.42,,1.0,,
629.45,,1.0,,
629.48,,1.0,,
629.51,0.0,,,
629.52,,1.0,,1.0
629.53,,,2.0,
629.55,,1.0,,
629.58,,1.0,,
629.62,,1.0,,
629.65,,1.0,,
629.68,,1.0,,
629.72,,1.0,,
629.75,,1.0,,
629.79,,1.0,,
629.82,,1.0,,
629.85,,1.0,,
629.88,,1.0,,
629.92,,1.0,,
629.95,,1.0,,
629.98,,1.0,,
630.01,0.0,,,
630.02,,1.0,,1.0
630.03,,,2.0,
630.05,,1.0,,
630.08,,1.0,,
630.12,,1.0,,
630.15,,1.0,,
630.18,,1.0,,
630.22,,1.0,,
630.25,,1.0,,
630.29,,1.0,,
630.32,,1.0,,
630.35,,1.0,,
630.38,,1.0,,
630.42,,1.0,,
630.45,,1.0,,
630.48,,1.0,,
630.51,0.0,,,
630.52,,1.0,,1.0
630.53,,,2.0,
630.55,,1.0,,
630.58,,1.0,,
630.62,,1.0,,
630.65,,1.0,,
630.68,,1.0,,
630.72,,1.0,,
630.75,,1.0,,
630.79,,1.0,,
630.82,,1.0,,
630.85,,1.0,,
630.88,,1.0,,
630.92,,1.0,,
630.95,,1.0,,
630.99,,1.0,,
631.01,0.0,,,
631.02,,1.0,,1.0
631.03,,,2.0,
631.05,,1.0,,
631.09,,1.0,,
631.12,,1.0,,
631.15,,1.0,,
631.19,,1.0,,
631.22,,1.0,,
631.25,,1.0,,
631.29,,1.0,,
631.32,,1.0,,
631.35,,1.0,,
631.39,,1.0,,
631.42,,1.0,,
631.45,,1.0,,
631.49,,1.0,,
631.51,0.0,,,
631.52,,1.0,,1.0
631.53,,,2.0,
631.55,,1.0,,
631.59,,1.0,,
631.62,,1.0,,
631.65,,1.0,,
631.69,,1.0,,
631.72,,1.0,,
631.75,,1.0,,
631.79,,1.0,,
631.82,,1.0,,
631.85,,1.0,,
631.89,,1.0,,
631.91,,1.0,,
631.94,,1.0,,
631.98,,1.0,,
632.01,0.0,1.0,,
632.02,,,,1.0
632.03,,,2.0,
632.05,,1.0,,
632.08,,2.0,,
632.11,,2.0,,
632.14,,2.0,,
632.18,,2.0,,
632.21,,2.0,,
632.24,,2.0,,
632.28,,2.0,,
632.31,,2.0,,
632.34,,2.0,,
632.38,,2.0,,
632.41,,2.0,,
632.44,,2.0,,
632.48,,3.0,,
632.51,0.0,3.0,,
632.52,,,,1.0
632.53,,,2.0,
632.55,,3.0,,
632.58,,3.0,,
632.61,,3.0,,
632.64,,2.0,,
632.68,,2.0,,
632.71,,2.0,,
632.74,,2.0,,
632.78,,2.0,,
632.81,,2.0,,
632.84,,2.0,,
632.88,,2.0,,
632.91,,2.0,,
632.94,,2.0,,
632.98,,2.0,,
633.01,0.0,2.0,,
633.02,,,,0.0
633.03,,,2.0,
633.05,,2.0,,
633.08,,2.0,,
633.11,,2.0,,
633.14,,2.0,,
633.18,,2.0,,
633.21,,2.0,,
633.24,,2.0,,
633.28,,2.0,,
633.31,,2.0,,
633.34,,2.0,,
633.38,,2.0,,
633.41,,2.0,,
633.44,,2.0,,
633.48,,2.0,,
633.5,,,2.0,
633.51,1.0,2.0,,
633.52,,,,0.0
633.55,,2.0,,
633.58,,2.0,,
633.61,,2.0,,
633.64,,2.0,,
633.68,,2.0,,
633.71,,2.0,,
633.74,,1.0,,
633.78,,1.0,,
633.81,,1.0,,
633.84,,1.0,,
633.88,,1.0,,
633.91,,1.0,,
633.94,,1.0,,
633.98,,1.0,,
634.0,,,2.0,
634.01,1.0,1.0,,
634.02,,,,1.0
634.05,,1.0,,
634.08,,1.0,,
634.11,,1.0,,
634.14,,1.0,,
634.18,,1.0,,
634.21,,1.0,,
634.24,,1.0,,
634.28,,1.0,,
634.31,,1.0,,
634.34,,1.0,,
634.38,,1.0,,
634.41,,1.0,,
634.44,,1.0,,
634.48,,1.0,,
634.5,2.0,,2.0,
634.51,,1.0,,
634.52,,,,1.0
634.55,,1.0,,
634.58,,1.0,,
634.61,,1.0,,
634.64,,1.0,,
634.68,,1.0,,
634.71,,1.0,,
634.74,,1.0,,
634.78,,1.0,,
634.81,,1.0,,
634.84,,1.0,,
634.88,,1.0,,
634.91,,1.0,,
634.94,,1.0,,
634.98,,1.0,,
635.0,2.0,,2.0,
635.01,,1.0,,
635.02,,,,1.0
635.05,,1.0,,
635.08,,1.0,,
635.11,,1.0,,
635.14,,1.0,,
635.18,,1.0,,
635.21,,1.0,,
635.25,,1.0,,
635.28,,1.0,,
635.31,,1.0,,
635.35,,1.0,,
635.38,,1.0,,
635.41,,1.0,,
635.45,,1.0,,
635.48,,1.0,,
635.5,2.0,,2.0,
635.51,,1.0,,
635.52,,,,1.0
635.55,,1.0,,
635.58,,1.0,,
635.61,,1.0,,
635.65,,1.0,,
635.68,,1.0,,
635.71,,1.0,,
635.75,,1.0,,
635.78,,1.0,,
635.81,,1.0,,
635.85,,1.0,,
635.88,,1.0,,
635.91,,1.0,,
635.95,,1.0,,
635.98,,1.0,,
636.0,2.0,,2.0,
636.01,,1.0,,
636.02,,,,1.0
636.05,,1.0,,
636.08,,1.0,,
636.11,,1.0,,
636.15,,1.0,,
636.18,,1.0,,
636.21,,1.0,,
636.25,,1.0,,
636.28,,1.0,,
636.31,,1.0,,
636.35,,1.0,,
636.38,,1.0,,
636.41,,1.0,,
636.45,,1.0,,
636.48,,1.0,,
636.5,2.0,,2.0,
636.51,,1.0,,
636.52,,,,0.0
636.55,,1.0,,
636.58,,1.0,,
636.61,,1.0,,
636.65,,1.0,,
636.68,,1.0,,
636.71,,1.0,,
636.75,,1.0,,
636.78,,1.0,,
636.81,,1.0,,
636.85,,1.0,,
636.88,,1.0,,
636.91,,1.0,,
636.95,,1.0,,
636.98,,1.0,,
637.0,2.0,,2.0,
637.01,,1.0,,
637.02,,,,1.0
637.05,,1.0,,
637.08,,1.0,,
637.11,,1.0,,
637.15,,1.0,,
637.18,,1.0,,
637.21,,1.0,,
637.25,,1.0,,
637.28,,1.0,,
637.31,,1.0,,
637.35,,1.0,,
637.38,,1.0,,
637.41,,1.0,,
637.45,,1.0,,
637.48,,1.0,,
637.5,2.0,,2.0,
637.51,,1.0,,
637.52,,,,1.0
637.55,,1.0,,
637.58,,1.0,,
637.61,,1.0,,
637.63,,1.0,,
637.65,,1.0,,
637.68,,1.0,,
637.71,,1.0,,
637.75,,1.0,,
637.78,,1.0,,
637.81,,1.0,,
637.85,,1.0,,
637.88,,1.0,,
637.91,,1.0,,
637.95,,1.0,,
637.98,,1.0,,
638.0,2.0,,2.0,
638.01,,1.0,,
638.02,,,,0.0
638.05,,1.0,,
638.08,,1.0,,
638.11,,1.0,,
638.15,,1.0,,
638.18,,1.0,,
638.21,,1.0,,
638.25,,1.0,,
638.28,,1.0,,
638.31,,1.0,,
638.35,,1.0,,
638.38,,1.0,,
638.41,,1.0,,
638.45,,1.0,,
638.48,,1.0,,
638.5,2.0,,2.0,
638.51,,1.0,,
638.52,,,,0.0
638.55,,1.0,,
638.58,,1.0,,
638.61,,1.0,,
638.65,,1.0,,
638.68,,1.0,,
638.71,,1.0,,
638.75,,1.0,,
638.78,,1.0,,
638.81,,1.0,,
638.85,,1.0,,
638.88,,1.0,,
638.91,,1.0,,
638.95,,1.0,,
638.98,,1.0,,
639.0,2.0,,1.0,
639.01,,1.0,,
639.02,,,,0.0
639.05,,1.0,,
639.08,,1.0,,
639.11,,1.0,,
639.15,,1.0,,
639.18,,1.0,,
639.21,,1.0,,
639.25,,1.0,,
639.28,,1.0,,
639.31,,1.0,,
639.35,,1.0,,
639.38,,1.0,,
639.41,,1.0,,
639.45,,1.0,,
639.48,,1.0,,
639.5,2.0,,1.0,
639.52,,1.0,,1.0
639.55,,1.0,,
639.58,,1.0,,
639.62,,1.0,,
639.65,,1.0,,
639.68,,1.0,,
639.71,,1.0,,
639.75,,1.0,,
639.78,,1.0,,
639.82,,1.0,,
639.85,,1.0,,
639.88,,1.0,,
639.92,,1.0,,
639.95,,1.0,,
639.98,,1.0,,
640.0,2.0,,1.0,
640.02,,1.0,,0.0
640.05,,1.0,,
640.08,,1.0,,
640.12,,1.0,,
640.15,,1.0,,
640.18,,1.0,,
640.21,,1.0,,
640.25,,1.0,,
640.28,,1.0,,
640.32,,1.0,,
640.35,,1.0,,
640.38,,1.0,,
640.42,,1.0,,
640.45,,1.0,,
640.48,,1.0,,
640.5,2.0,,1.0,
640.52,,1.0,,0.0
640.55,,1.0,,
640.58,,1.0,,
640.62,,1.0,,
640.65,,1.0,,
640.68,,1.0,,
640.71,,1.0,,
640.75,,1.0,,
640.78,,1.0,,
640.82,,1.0,,
640.85,,1.0,,
640.88,,1.0,,
640.92,,1.0,,
640.95,,1.0,,
640.98,,1.0,,
641.0,2.0,,,
641.02,,1.0,,0.0
641.03,,,1.0,
641.05,,1.0,,
641.08,,1.0,,
641.12,,1.0,,
641.15,,1.0,,
641.18,,1.0,,
641.21,,1.0,,
641.25,,1.0,,
641.28,,1.0,,
641.32,,1.0,,
641.35,,1.0,,
641.38,,1.0,,
641.42,,1.0,,
641.45,,1.0,,
641.48,,1.0,,
641.5,2.0,,,
641.52,,1.0,,0.0
641.53,,,1.0,
641.55,,1.0,,
641.58,,1.0,,
641.62,,1.0,,
641.65,,1.0,,
641.68,,1.0,,
641.71,,1.0,,
641.75,,1.0,,
641.78,,1.0,,
641.82,,1.0,,
641.85,,1.0,,
641.88,,1.0,,
641.92,,1.0,,
641.95,,1.0,,
641.98,,1.0,,
642.0,2.0,,,
642.02,,1.0,,0.0
642.03,,,0.0,
642.05,,1.0,,
642.08,,1.0,,
642.12,,1.0,,
642.15,,1.0,,
642.18,,1.0,,
642.21,,1.0,,
642.25,,1.0,,
642.28,,1.0,,
642.32,,1.0,,
642.35,,1.0,,
642.38,,1.0,,
642.42,,1.0,,
642.45,,1.0,,
642.48,,1.0,,
642.5,2.0,,,
642.52,,1.0,0.0,0.0
642.55,,1.0,,
642.58,,1.0,,
642.62,,1.0,,
642.65,,1.0,,
642.68,,1.0,,
642.71,,1.0,,
642.75,,1.0,,
642.78,,1.0,,
642.82,,1.0,,
642.85,,1.0,,
642.88,,1.0,,
642.92,,1.0,,
642.95,,1.0,,
642.98,,1.0,,
643.0,2.0,,,
643.02,,1.0,,0.0
643.03,,,0.0,
643.05,,1.0,,
643.08,,1.0,,
643.12,,1.0,,
643.15,,1.0,,
643.18,,1.0,,
643.21,,1.0,,
643.25,,1.0,,
643.28,,1.0,,
643.32,,1.0,,
643.35,,1.0,,
643.38,,1.0,,
643.42,,1.0,,
643.45,,1.0,,
643.48,,1.0,,
643.5,2.0,,,
643.52,,1.0,,0.0
643.53,,,1.0,
643.55,,1.0,,
643.58,,1.0,,
643.62,,1.0,,
643.65,,1.0,,
643.68,,1.0,,
643.71,,1.0,,
643.75,,1.0,,
643.78,,1.0,,
643.82,,1.0,,
643.85,,1.0,,
643.88,,1.0,,
643.92,,1.0,,
643.95,,1.0,,
643.98,,1.0,,
644.0,2.0,,,
644.02,,1.0,,0.0
644.03,,,2.0,
644.05,,1.0,,
644.08,,1.0,,
644.12,,1.0,,
644.15,,1.0,,
644.18,,1.0,,
644.22,,1.0,,
644.25,,1.0,,
644.28,,1.0,,
644.32,,1.0,,
644.35,,1.0,,
644.38,,1.0,,
644.42,,1.0,,
644.45,,1.0,,
644.48,,1.0,,
644.51,2.0,,,
644.52,,1.0,,0.0
644.53,,,2.0,
644.55,,1.0,,
644.58,,1.0,,
644.62,,1.0,,
644.65,,1.0,,
644.68,,1.0,,
644.72,,1.0,,
644.75,,1.0,,
644.78,,1.0,,
644.82,,1.0,,
644.85,,1.0,,
644.88,,1.0,,
644.92,,1.0,,
644.95,,1.0,,
644.98,,1.0,,
645.01,2.0,,,
645.02,,1.0,,0.0
645.03,,,2.0,
645.05,,1.0,,
645.08,,1.0,,
645.12,,1.0,,
645.15,,1.0,,
645.18,,1.0,,
645.22,,1.0,,
645.25,,1.0,,
645.28,,1.0,,
645.32,,1.0,,
645.35,,1.0,,
645.38,,1.0,,
645.42,,1.0,,
645.45,,1.0,,
645.48,,1.0,,
645.51,2.0,,,
645.52,,1.0,,0.0
645.53,,,2.0,
645.55,,1.0,,
645.58,,1.0,,
645.62,,1.0,,
645.65,,1.0,,
645.68,,1.0,,
645.72,,1.0,,
645.75,,1.0,,
645.78,,1.0,,
645.82,,1.0,,
645.85,,1.0,,
645.88,,1.0,,
645.92,,1.0,,
645.95,,1.0,,
645.98,,1.0,,
646.01,2.0,,,
646.02,,1.0,,1.0
646.03,,,2.0,
646.05,,1.0,,
646.08,,1.0,,
646.12,,1.0,,
646.15,,1.0,,
646.18,,1.0,,
646.22,,1.0,,
646.25,,1.0,,
646.28,,1.0,,
646.32,,1.0,,
646.35,,1.0,,
646.38,,1.0,,
646.42,,1.0,,
646.45,,1.0,,
646.48,,1.0,,
646.51,2.0,,,
646.52,,1.0,,1.0
646.53,,,2.0,
646.55,,1.0,,
646.58,,1.0,,
646.62,,1.0,,
646.65,,1.0,,
646.68,,1.0,,
646.72,,1.0,,
646.75,,1.0,,
646.78,,1.0,,
646.82,,1.0,,
646.85,,1.0,,
646.88,,1.0,,
646.92,,1.0,,
646.95,,1.0,,
646.98,,1.0,,
647.01,2.0,,,
647.02,,1.0,,1.0
647.03,,,2.0,
647.05,,1.0,,
647.08,,1.0,,
647.12,,1.0,,
647.15,,1.0,,
647.18,,1.0,,
647.22,,1.0,,
647.25,,1.0,,
647.28,,1.0,,
647.32,,1.0,,
647.35,,1.0,,
647.38,,1.0,,
647.42,,1.0,,
647.45,,1.0,,
647.48,,1.0,,
647.51,3.0,,,
647.52,,1.0,,0.0
647.53,,,1.0,
647.55,,1.0,,
647.58,,1.0,,
647.62,,1.0,,
647.65,,1.0,,
647.68,,1.0,,
647.72,,1.0,,
647.75,,1.0,,
647.78,,1.0,,
647.82,,1.0,,
647.85,,1.0,,
647.88,,1.0,,
647.92,,1.0,,
647.95,,1.0,,
647.98,,1.0,,
648.01,3.0,,,
648.02,,1.0,,0.0
648.03,,,0.0,
648.05,,1.0,,
648.08,,1.0,,
648.12,,1.0,,
648.15,,1.0,,
648.18,,1.0,,
648.22,,1.0,,
648.25,,1.0,,
648.29,,1.0,,
648.32,,1.0,,
648.35,,1.0,,
648.38,,1.0,,
648.42,,1.0,,
648.45,,1.0,,
648.48,,1.0,,
648.51,3.0,,,
648.52,,1.0,,0.0
648.53,,,1.0,
648.55,,1.0,,
648.58,,1.0,,
648.62,,1.0,,
648.65,,1.0,,
648.68,,1.0,,
648.72,,1.0,,
648.75,,1.0,,
648.79,,1.0,,
648.82,,1.0,,
648.85,,1.0,,
648.88,,1.0,,
648.92,,1.0,,
648.95,,1.0,,
648.98,,1.0,,
649.01,3.0,,,
649.02,,1.0,,0.0
649.03,,,0.0,
649.05,,1.0,,
649.08,,1.0,,
649.12,,1.0,,
649.15,,1.0,,
649.18,,1.0,,
649.22,,1.0,,
649.25,,1.0,,
649.29,,1.0,,
649.32,,1.0,,
649.35,,1.0,,
649.38,,1.0,,
649.42,,1.0,,
649.45,,1.0,,
649.48,,1.0,,
649.51,3.0,,,
649.52,,1.0,,0.0
649.53,,,1.0,
649.55,,1.0,,
649.58,,1.0,,
649.62,,1.0,,
649.65,,1.0,,
649.68,,1.0,,
649.72,,1.0,,
649.75,,1.0,,
649.79,,1.0,,
649.82,,1.0,,
649.85,,1.0,,
649.88,,1.0,,
649.92,,1.0,,
649.95,,1.0,,
649.98,,1.0,,
650.01,3.0,,,
650.02,,1.0,,0.0
650.03,,,2.0,
650.05,,1.0,,
650.08,,1.0,,
650.12,,1.0,,
650.15,,1.0,,
650.18,,1.0,,
650.22,,1.0,,
650.25,,1.0,,
650.29,,1.0,,
650.32,,1.0,,
650.35,,1.0,,
650.38,,1.0,,
650.42,,1.0,,
650.45,,1.0,,
650.48,,1.0,,
650.51,3.0,,,
650.52,,1.0,,0.0
650.53,,,2.0,
650.55,,1.0,,
650.58,,1.0,,
650.62,,1.0,,
650.65,,1.0,,
650.68,,1.0,,
650.71,,1.0,,
650.74,,1.0,,
650.78,,1.0,,
650.81,,1.0,,
650.84,,1.0,,
650.88,,1.0,,
650.91,,1.0,,
650.94,,1.0,,
650.98,,1.0,,
651.01,2.0,1.0,,
651.02,,,,0.0
651.03,,,2.0,
651.04,,1.0,,
651.08,,1.0,,
651.11,,1.0,,
651.14,,1.0,,
651.18,,1.0,,
651.21,,1.0,,
651.24,,1.0,,
651.28,,1.0,,
651.31,,1.0,,
651.34,,1.0,,
651.38,,1.0,,
651.41,,1.0,,
651.44,,1.0,,
651.48,,1.0,,
651.51,2.0,1.0,,
651.52,,,,1.0
651.53,,,1.0,
651.54,,1.0,,
651.58,,1.0,,
651.61,,1.0,,
651.64,,1.0,,
651.68,,1.0,,
651.71,,1.0,,
651.74,,1.0,,
651.78,,1.0,,
651.81,,1.0,,
651.84,,1.0,,
651.88,,1.0,,
651.91,,1.0,,
651.94,,1.0,,
651.98,,1.0,,
652.01,2.0,1.0,,
652.02,,,,1.0
652.03,,,1.0,
652.04,,1.0,,
652.08,,1.0,,
652.11,,1.0,,
652.14,,1.0,,
652.18,,1.0,,
652.21,,1.0,,
652.24,,1.0,,
652.28,,1.0,,
652.31,,1.0,,
652.34,,1.0,,
652.38,,1.0,,
652.41,,1.0,,
652.44,,1.0,,
652.48,,1.0,,
652.51,1.0,1.0,,
652.52,,,,2.0
652.53,,,1.0,
652.55,,1.0,,
652.58,,1.0,,
652.61,,1.0,,
652.64,,1.0,,
652.68,,1.0,,
652.71,,1.0,,
652.74,,1.0,,
652.78,,1.0,,
652.81,,1.0,,
652.84,,1.0,,
652.88,,1.0,,
652.91,,1.0,,
652.94,,1.0,,
652.98,,1.0,,
653.01,1.0,1.0,,
653.02,,,,2.0
653.03,,,1.0,
653.05,,1.0,,
653.08,,1.0,,
653.11,,1.0,,
653.14,,1.0,,
653.18,,1.0,,
653.21,,1.0,,
653.24,,1.0,,
653.28,,1.0,,
653.31,,1.0,,
653.34,,1.0,,
653.38,,1.0,,
653.41,,1.0,,
653.44,,1.0,,
653.48,,1.0,,
653.5,,,1.0,
653.51,1.0,1.0,,
653.52,,,,2.0
653.55,,1.0,,
653.58,,1.0,,
653.61,,1.0,,
653.64,,1.0,,
653.68,,1.0,,
653.71,,1.0,,
653.74,,1.0,,
653.78,,1.0,,
653.81,,1.0,,
653.84,,1.0,,
653.88,,1.0,,
653.91,,1.0,,
653.94,,1.0,,
653.98,,1.0,,
654.0,1.0,,1.0,
654.01,,1.0,,
654.02,,,,1.0
654.05,,1.0,,
654.08,,1.0,,
654.11,,1.0,,
654.14,,1.0,,
654.18,,1.0,,
654.21,,1.0,,
654.24,,1.0,,
654.28,,1.0,,
654.31,,1.0,,
654.34,,1.0,,
654.38,,1.0,,
654.41,,1.0,,
654.44,,1.0,,
654.48,,1.0,,
654.5,1.0,,1.0,
654.51,,1.0,,
654.52,,,,2.0
654.55,,1.0,,
654.58,,1.0,,
654.61,,1.0,,
654.64,,1.0,,
654.68,,1.0,,
654.71,,1.0,,
654.74,,1.0,,
654.78,,1.0,,
654.81,,1.0,,
654.84,,1.0,,
654.88,,1.0,,
654.91,,1.0,,
654.94,,1.0,,
654.98,,1.0,,
655.0,1.0,,1.0,
655.01,,1.0,,
655.02,,,,2.0
655.05,,1.0,,
655.08,,1.0,,
655.11,,1.0,,
655.14,,1.0,,
655.18,,1.0,,
655.21,,1.0,,
655.24,,1.0,,
655.28,,1.0,,
655.31,,1.0,,
655.34,,1.0,,
655.38,,1.0,,
655.41,,1.0,,
655.44,,1.0,,
655.48,,1.0,,
655.5,1.0,,1.0,
655.51,,1.0,,
655.52,,,,1.0
655.54,,1.0,,
655.58,,1.0,,
655.61,,1.0,,
655.64,,1.0,,
655.68,,1.0,,
655.71,,1.0,,
655.74,,1.0,,
655.78,,1.0,,
655.81,,1.0,,
655.84,,1.0,,
655.88,,1.0,,
655.91,,1.0,,
655.94,,1.0,,
655.98,,1.0,,
656.0,1.0,,1.0,
656.01,,1.0,,
656.02,,,,1.0
656.04,,1.0,,
656.08,,1.0,,
656.11,,1.0,,
656.14,,1.0,,
656.18,,1.0,,
656.21,,1.0,,
656.24,,1.0,,
656.28,,1.0,,
656.31,,1.0,,
656.34,,1.0,,
656.38,,1.0,,
656.41,,1.0,,
656.44,,1.0,,
656.48,,1.0,,
656.5,1.0,,1.0,
656.51,,1.0,,
656.52,,,,1.0
656.54,,1.0,,
656.58,,1.0,,
656.61,,1.0,,
656.65,,1.0,,
656.68,,1.0,,
656.71,,1.0,,
656.75,,1.0,,
656.78,,1.0,,
656.81,,1.0,,
656.85,,1.0,,
656.88,,1.0,,
656.91,,1.0,,
656.95,,1.0,,
656.98,,1.0,,
657.0,2.0,,1.0,
657.01,,1.0,,
657.02,,,,0.0
657.05,,1.0,,
657.08,,1.0,,
657.11,,1.0,,
657.15,,1.0,,
657.18,,1.0,,
657.21,,1.0,,
657.25,,1.0,,
657.28,,1.0,,
657.31,,1.0,,
657.35,,1.0,,
657.38,,1.0,,
657.41,,1.0,,
657.45,,1.0,,
657.48,,1.0,,
657.5,1.0,,1.0,
657.51,,1.0,,
657.52,,,,0.0
657.55,,1.0,,
657.58,,1.0,,
657.61,,1.0,,
657.65,,1.0,,
657.68,,1.0,,
657.71,,1.0,,
657.75,,1.0,,
657.78,,1.0,,
657.81,,1.0,,
658.0,2.0,,2.0,
658.01,,1.0,,
658.02,,,,1.0
658.5,2.0,,2.0,
658.51,,1.0,,
658.52,,,,1.0
659.0,2.0,,1.0,
659.01,,1.0,,
659.02,,,,1.0
659.5,2.0,,1.0,
659.51,,1.0,,
659.52,,,,1.0
660.0,2.0,,1.0,
660.01,,1.0,,
660.02,,,,1.0
660.5,2.0,,,
660.51,,1.0,,
660.52,,,,1.0
660.53,,,1.0,
661.0,2.0,,,
661.02,,1.0,,1.0
661.03,,,0.0,
661.5,1.0,,,
661.52,,1.0,,1.0
661.53,,,1.0,
662.0,1.0,,,
662.02,,1.0,,1.0
662.03,,,1.0,
662.5,1.0,,,
662.52,,2.0,,1.0
662.53,,,1.0,
663.0,1.0,,,
663.02,,3.0,,1.0
663.03,,,0.0,
663.5,1.0,,,
663.52,,3.0,,1.0
663.53,,,0.0,
664.0,1.0,,,
664.02,,3.0,,1.0
664.03,,,1.0,
664.51,1.0,,,
664.52,,3.0,,1.0
664.53,,,1.0,
665.01,2.0,,,
665.02,,2.0,,0.0
665.03,,,1.0,
665.51,2.0,,,
665.52,,2.0,,0.0
665.53,,,1.0,
666.01,2.0,,,
666.02,,1.0,,1.0
666.03,,,1.0,
666.51,2.0,,,
666.52,,1.0,,0.0
666.53,,,1.0,
667.01,3.0,,,
667.02,,2.0,,1.0
667.03,,,1.0,
667.51,2.0,,,
667.52,,2.0,,1.0
667.53,,,1.0,
668.01,2.0,,,
668.02,,2.0,,1.0
668.03,,,1.0,
668.51,2.0,,,
668.52,,2.0,,0.0
668.53,,,2.0,
669.01,2.0,,,
669.02,,2.0,,1.0
669.03,,,2.0,
669.51,2.0,,,
669.52,,2.0,,1.0
669.53,,,2.0,
670.01,2.0,,,
670.02,,2.0,,1.0
670.03,,,2.0,
670.51,2.0,,,
670.52,,2.0,,1.0
670.53,,,2.0,
671.01,2.0,2.0,,
671.02,,,,1.0
671.03,,,2.0,
671.51,2.0,2.0,,
671.52,,,,1.0
671.53,,,2.0,
672.01,2.0,2.0,,
672.02,,,,1.0
672.03,,,2.0,
672.51,2.0,2.0,,
672.52,,,,1.0
672.53,,,2.0,
673.01,1.0,2.0,,
673.02,,,,1.0
673.03,,,2.0,
673.5,1.0,,2.0,
673.51,,2.0,,
673.52,,,,0.0
674.0,2.0,,0.0,
674.01,,2.0,,
674.02,,,,0.0
674.5,2.0,,1.0,
674.51,,1.0,,
674.52,,,,0.0
675.0,2.0,,1.0,
675.01,,1.0,,
675.02,,,,0.0
675.5,1.0,,1.0,
675.51,,1.0,,
675.52,,,,1.0
676.0,0.0,,0.0,
676.01,,0.0,,
676.02,,,,1.0
676.5,0.0,,0.0,
676.51,,0.0,,
676.52,,,,2.0
677.0,0.0,,0.0,
677.01,,1.0,,
677.02,,,,2.0
677.5,0.0,,1.0,
677.51,,1.0,,
677.52,,,,2.0
678.0,1.0,,1.0,
678.01,,1.0,,
678.02,,,,2.0
678.5,1.0,,1.0,
678.51,,1.0,,
678.52,,,,2.0
679.0,2.0,,1.0,
679.01,,1.0,,
679.02,,,,2.0
679.5,2.0,,1.0,
679.51,,1.0,,
679.52,,,,2.0
680.0,2.0,,,
680.01,,1.0,,
680.02,,,,2.0
680.03,,,1.0,
680.5,2.0,,,
680.51,,1.0,,
680.52,,,,2.0
680.53,,,1.0,
681.0,2.0,,,
681.01,,1.0,,
681.02,,,,2.0
681.03,,,1.0,
681.5,3.0,,,
681.51,,1.0,,
681.52,,,,2.0
681.53,,,1.0,
682.0,3.0,,,
682.01,,1.0,,
682.02,,,,2.0
682.03,,,1.0,
682.5,2.0,,,
682.52,,1.0,,2.0
682.53,,,1.0,
683.0,2.0,,,
683.02,,1.0,,1.0
683.03,,,1.0,
683.5,2.0,,,
683.52,,1.0,,1.0
683.53,,,1.0,
684.0,2.0,,,
684.02,,1.0,,1.0
684.03,,,1.0,
684.51,2.0,,,
684.52,,1.0,,1.0
684.53,,,1.0,
685.01,2.0,,,
685.02,,1.0,,1.0
685.03,,,1.0,
685.51,2.0,,,
685.52,,0.0,,1.0
685.53,,,1.0,
686.01,2.0,,,
686.02,,0.0,,1.0
686.03,,,1.0,
686.51,2.0,,,
686.52,,0.0,,1.0
686.53,,,1.0,
687.01,2.0,,,
687.02,,0.0,,1.0
687.03,,,1.0,
687.51,2.0,,,
687.52,,0.0,,1.0
687.53,,,1.0,
688.01,2.0,,,
688.02,,0.0,,1.0
688.03,,,1.0,
688.51,2.0,,,
688.52,,0.0,,1.0
688.53,,,0.0,
689.01,2.0,,,
689.02,,0.0,,1.0
689.03,,,0.0,
689.51,2.0,,,
689.52,,0.0,,1.0
689.53,,,0.0,
690.01,2.0,,,
690.02,,0.0,,1.0
690.03,,,0.0,
690.51,2.0,,,
690.52,,1.0,,1.0
690.53,,,0.0,
691.01,2.0,,,
691.02,,1.0,,2.0
691.03,,,0.0,
691.51,2.0,1.0,,
691.52,,,,2.0
691.53,,,0.0,
692.01,2.0,1.0,,
692.02,,,,2.0
692.03,,,0.0,
692.51,2.0,1.0,,
692.52,,,,2.0
692.53,,,0.0,
693.0,2.0,,,
693.01,,1.0,,
693.02,,,,2.0
693.03,,,0.0,
693.5,2.0,,0.0,
693.51,,1.0,,
693.52,,,,2.0
694.0,2.0,,0.0,
694.01,,1.0,,
694.02,,,,2.0
694.5,2.0,,0.0,
694.51,,1.0,,
694.52,,,,2.0
695.0,2.0,,0.0,
695.01,,1.0,,
695.02,,,,2.0
695.5,2.0,,0.0,
695.51,,1.0,,
695.52,,,,2.0
696.0,3.0,,0.0,
696.01,,1.0,,
696.02,,,,2.0
696.5,3.0,,0.0,
696.51,,1.0,,
696.52,,,,2.0
697.0,2.0,,0.0,
697.01,,1.0,,
697.02,,,,1.0
697.5,1.0,,0.0,
697.51,,2.0,,
697.52,,,,1.0
698.0,1.0,,0.0,
698.01,,3.0,,
698.02,,,,1.0
698.5,2.0,,0.0,
698.51,,3.0,,
698.52,,,,1.0
699.0,2.0,,1.0,
699.01,,1.0,,
699.02,,,,1.0
699.5,2.0,,,
699.51,,1.0,,
699.52,,,,1.0
699.53,,,1.0,
700.0,2.0,,,
700.01,,1.0,,
700.02,,,,1.0
700.03,,,1.0,
700.5,2.0,,,
700.51,,1.0,,
700.52,,,,1.0
700.53,,,1.0,
701.0,2.0,,,
701.01,,1.0,,
701.02,,,,1.0
701.03,,,0.0,
701.5,2.0,,,
701.51,,1.0,,
701.52,,,,1.0
701.53,,,0.0,
702.0,2.0,,,
702.01,,1.0,,
702.02,,,,1.0
702.03,,,0.0,
702.5,2.0,,,
702.51,,2.0,,
702.52,,,,1.0
702.53,,,1.0,
703.0,2.0,,,
703.01,,2.0,,
703.02,,,,1.0
703.03,,,0.0,
703.5,2.0,,,
703.51,,2.0,,
703.52,,,,1.0
703.53,,,1.0,
704.0,2.0,,,
704.02,,3.0,,1.0
704.03,,,1.0,
704.51,2.0,,,
704.52,,3.0,,1.0
704.53,,,1.0,
705.01,3.0,,,
705.02,,3.0,,1.0
705.03,,,1.0,
705.51,3.0,,,
705.52,,3.0,,1.0
705.53,,,1.0,
706.01,3.0,,,
706.02,,3.0,,1.0
706.03,,,1.0,
706.51,3.0,,,
706.52,,3.0,,1.0
706.53,,,0.0,
707.01,3.0,,,
707.02,,3.0,,1.0
707.03,,,1.0,
707.51,2.0,,,
707.52,,2.0,,1.0
707.53,,,1.0,
708.01,3.0,,,
708.02,,2.0,,1.0
708.03,,,1.0,
708.51,3.0,,,
708.52,,2.0,,1.0
708.53,,,1.0,
709.01,2.0,,,
709.02,,2.0,,1.0
709.03,,,1.0,
709.51,2.0,,,
709.52,,3.0,,0.0
709.53,,,2.0,
710.01,2.0,,,
710.02,,3.0,,0.0
710.03,,,2.0,
710.51,2.0,,,
710.52,,3.0,,0.0
710.53,,,2.0,
711.01,2.0,,,
711.02,,3.0,,0.0
711.03,,,2.0,
711.51,2.0,,,
711.52,,3.0,,0.0
711.53,,,2.0,
712.0,1.0,,,
712.01,,1.0,,
712.02,,,,0.0
712.03,,,2.0,
712.5,1.0,,,
712.51,,1.0,,
712.52,,,,0.0
712.53,,,1.0,
713.0,0.0,,,
713.01,,3.0,,
713.02,,,,0.0
713.03,,,2.0,
713.5,0.0,,,
713.51,,3.0,,
713.52,,,,1.0
713.53,,,2.0,
714.0,0.0,,2.0,
714.01,,3.0,,
714.02,,,,0.0
714.5,2.0,,1.0,
714.51,,3.0,,
714.52,,,,1.0
715.0,1.0,,0.0,
715.01,,3.0,,
715.02,,,,2.0
715.5,1.0,,0.0,
715.51,,3.0,,
715.52,,,,2.0
716.0,1.0,,0.0,
716.01,,3.0,,
716.02,,,,2.0
716.5,1.0,,0.0,
716.51,,3.0,,
716.52,,,,1.0
717.0,2.0,,1.0,
717.01,,3.0,,
717.02,,,,1.0
717.5,2.0,,0.0,
717.51,,3.0,,
717.52,,,,1.0
718.0,2.0,,1.0,
718.01,,3.0,,
718.02,,,,1.0
718.5,2.0,,1.0,
718.51,,3.0,,
718.52,,,,1.0
719.0,2.0,,1.0,
719.01,,3.0,,
719.02,,,,1.0
719.5,2.0,,,
719.51,,3.0,,
719.52,,,,1.0
719.53,,,1.0,
720.0,2.0,,,
720.01,,3.0,,
720.02,,,,1.0
720.03,,,1.0,
720.5,2.0,,,
720.51,,2.0,,
720.52,,,,1.0
720.53,,,1.0,
721.0,0.0,,,
721.01,,3.0,,
721.02,,,,1.0
721.03,,,0.0,
721.5,1.0,,,
721.51,,1.0,,
721.52,,,,2.0
721.53,,,0.0,
722.0,1.0,,,
722.01,,1.0,,
722.02,,,,1.0
722.03,,,0.0,
722.5,1.0,,,
722.51,,1.0,,
722.52,,,,1.0
722.53,,,0.0,
723.0,1.0,,,
723.01,,0.0,,2.0
723.03,,,0.0,
723.5,1.0,,,
723.51,,0.0,,
723.52,,,,2.0
723.53,,,0.0,
724.0,2.0,,,
724.01,,1.0,,
724.02,,,,2.0
724.03,,,1.0,
724.51,2.0,1.0,,
724.52,,,,2.0
724.53,,,0.0,
725.01,2.0,1.0,,
725.02,,,,2.0
725.03,,,1.0,
725.51,2.0,,,
725.52,,2.0,,1.0
725.53,,,1.0,
726.01,1.0,,,
726.02,,3.0,,0.0
726.04,,,0.0,
726.51,1.0,,,
726.52,,2.0,,1.0
726.53,,,0.0,
727.01,1.0,,,
727.02,,2.0,,1.0
727.03,,,0.0,
727.51,1.0,,,
727.52,,2.0,,1.0
727.53,,,0.0,
728.01,2.0,,,
728.02,,1.0,,1.0
728.03,,,1.0,
728.51,2.0,,,
728.52,,1.0,,2.0
728.53,,,0.0,
729.01,2.0,,,
729.02,,1.0,,1.0
729.03,,,0.0,
729.51,2.0,,,
729.52,,1.0,,1.0
729.53,,,0.0,
730.01,2.0,,,
730.02,,1.0,0.0,2.0
730.51,2.0,,,
730.52,,1.0,,2.0
730.53,,,0.0,
731.0,1.0,,,
731.02,,1.0,,0.0
731.03,,,0.0,
731.5,1.0,,,
731.52,,1.0,,0.0
731.53,,,0.0,
732.0,1.0,,,
732.01,,1.0,,
732.02,,,,0.0
732.03,,,1.0,
732.5,1.0,,,
732.51,,1.0,,
732.52,,,,0.0
732.53,,,1.0,
733.0,1.0,,,
733.01,,1.0,,
733.02,,,,0.0
733.03,,,1.0,
733.5,1.0,,,
733.51,,1.0,,
733.52,,,,0.0
733.53,,,1.0,
734.0,0.0,,1.0,
734.01,,1.0,,
734.02,,,,0.0
734.5,1.0,,1.0,
734.51,,1.0,,
734.52,,,,2.0
735.0,1.0,,1.0,
735.01,,1.0,,
735.02,,,,2.0
735.5,2.0,,1.0,
735.51,,1.0,,
735.52,,,,2.0
736.0,2.0,,2.0,
736.01,,2.0,,
736.02,,,,2.0
736.5,2.0,,2.0,
736.51,,2.0,,
736.52,,,,2.0
737.0,2.0,,2.0,
737.01,,1.0,,
737.02,,,,2.0
737.5,2.0,,2.0,
737.51,,1.0,,
737.52,,,,1.0
738.0,2.0,,2.0,
738.01,,2.0,,
738.02,,,,2.0
738.5,2.0,,,
738.51,,1.0,,
738.52,,,,1.0
738.53,,,2.0,
739.0,2.0,,,
739.01,,1.0,,
739.02,,,,1.0
739.03,,,2.0,
739.5,1.0,,,
739.51,,1.0,,
739.52,,,,1.0
739.53,,,2.0,
740.0,2.0,,,
740.01,,3.0,,
740.02,,,,2.0
740.03,,,2.0,
740.5,2.0,,,
740.51,,2.0,,
740.52,,,,2.0
740.53,,,2.0,
741.0,2.0,,,
741.01,,1.0,,
741.02,,,,2.0
741.03,,,2.0,
741.5,0.0,,,
741.51,,1.0,,
741.52,,,,2.0
741.53,,,2.0,
742.0,2.0,,,
742.01,,2.0,,1.0
742.03,,,2.0,
742.5,2.0,,,
742.51,,1.0,,1.0
742.53,,,2.0,
743.0,2.0,,,
743.01,,1.0,,2.0
743.03,,,2.0,
743.5,2.0,,,
743.51,,2.0,,1.0
743.53,,,1.0,
744.0,3.0,,,
744.01,,1.0,,0.0
744.03,,,1.0,
744.51,3.0,1.0,,
744.52,,,,2.0
744.53,,,1.0,
745.01,3.0,1.0,,
745.02,,,,2.0
745.03,,,1.0,
745.51,3.0,1.0,,
745.52,,,,2.0
745.53,,,0.0,
746.01,1.0,1.0,,
746.02,,,,1.0
746.03,,,0.0,
746.51,1.0,1.0,,
746.52,,,,1.0
746.53,,,1.0,
747.01,2.0,,,
747.02,,1.0,,1.0
747.03,,,1.0,
747.51,3.0,,,
747.52,,1.0,,1.0
747.53,,,1.0,
748.01,3.0,,,
748.02,,1.0,,1.0
748.03,,,1.0,
748.51,2.0,,,
748.52,,2.0,,1.0
748.53,,,1.0,
749.01,2.0,,,
749.02,,2.0,,1.0
749.03,,,1.0,
749.51,2.0,,,
749.52,,2.0,,1.0
749.53,,,0.0,
750.01,2.0,,,
750.02,,2.0,,1.0
750.03,,,0.0,
750.5,2.0,,,
750.52,,2.0,,1.0
750.53,,,0.0,
751.0,2.0,,,
751.02,,3.0,,1.0
751.03,,,0.0,
751.5,2.0,,,
751.52,,3.0,,2.0
751.53,,,0.0,
752.0,3.0,,,
752.02,,3.0,,2.0
752.03,,,0.0,
752.5,2.0,,,
752.51,,3.0,,
752.52,,,,2.0
752.53,,,0.0,
753.0,1.0,,,
753.01,,3.0,,
753.02,,,,2.0
753.03,,,0.0,
753.5,0.0,,,
753.51,,3.0,,
753.52,,,,2.0
753.53,,,0.0,
754.0,1.0,,0.0,
754.01,,3.0,,
754.02,,,,2.0
754.5,1.0,,0.0,
754.51,,3.0,,
754.52,,,,2.0
755.0,1.0,,0.0,
755.01,,2.0,,
755.02,,,,1.0
755.5,1.0,,0.0,
755.51,,2.0,,
755.52,,,,1.0
756.0,1.0,,0.0,
756.01,,3.0,,
756.02,,,,1.0
756.5,1.0,,0.0,
756.51,,3.0,,
756.52,,,,2.0
757.0,1.0,,0.0,
757.01,,2.0,,
757.02,,,,2.0
757.5,1.0,,,
757.51,,2.0,,
757.52,,,,2.0
757.53,,,0.0,
758.0,1.0,,,
758.01,,2.0,,
758.02,,,,1.0
758.03,,,1.0,
758.5,1.0,,,
758.51,,2.0,,
758.52,,,,1.0
758.53,,,1.0,
759.0,2.0,,,
759.01,,2.0,,
759.02,,,,0.0
759.03,,,0.0,
759.5,2.0,,,
759.51,,2.0,,
759.52,,,,0.0
759.53,,,1.0,
760.0,2.0,,,
760.01,,2.0,,
760.02,,,,1.0
760.03,,,1.0,
760.5,2.0,,,
760.51,,2.0,,
760.52,,,,2.0
760.53,,,1.0,
761.0,2.0,,,
761.01,,2.0,,
761.02,,,,1.0
761.03,,,1.0,
761.5,2.0,,,
761.51,,3.0,,1.0
761.53,,,1.0,
762.0,2.0,,,
762.01,,3.0,,1.0
762.03,,,1.0,
762.5,2.0,,,
762.51,,2.0,,1.0
762.53,,,1.0,
763.0,2.0,,,
763.01,,2.0,,1.0
763.03,,,2.0,
763.5,2.0,,,
763.51,,1.0,,1.0
763.53,,,2.0,
764.01,2.0,1.0,,1.0
764.03,,,2.0,
764.51,2.0,1.0,,1.0
764.53,,,2.0,
765.01,1.0,1.0,,
765.02,,,,1.0
765.03,,,2.0,
765.51,1.0,1.0,,
765.52,,,,1.0
765.53,,,1.0,
766.01,1.0,1.0,,
766.02,,,,1.0
766.03,,,2.0,
766.51,1.0,1.0,,
766.52,,,,1.0
766.53,,,2.0,
767.01,2.0,1.0,,
767.02,,,,1.0
767.03,,,2.0,
767.51,2.0,1.0,,
767.52,,,,1.0
767.53,,,2.0,
768.01,2.0,1.0,,
768.02,,,,1.0
768.03,,,2.0,
768.51,2.0,,,
768.52,,1.0,,1.0
768.53,,,2.0,
769.01,2.0,,,
769.02,,1.0,,1.0
769.03,,,1.0,
769.51,3.0,,,
769.52,,1.0,,1.0
769.53,,,0.0,
770.0,3.0,,,
770.02,,0.0,,0.0
770.03,,,1.0,
770.5,3.0,,,
770.52,,0.0,,1.0
770.53,,,1.0,
771.0,3.0,,,
771.02,,0.0,,1.0
771.03,,,1.0,
771.5,2.0,,,
771.52,,0.0,,1.0
771.53,,,1.0,
772.0,2.0,,,
772.02,,0.0,,2.0
772.03,,,1.0,
772.5,2.0,,,
772.51,,0.0,,
772.52,,,,2.0
772.53,,,1.0,
773.0,2.0,,,
773.01,,0.0,,
773.02,,,,2.0
773.03,,,1.0,
773.5,2.0,,,
773.51,,0.0,,
773.52,,,,1.0
773.53,,,1.0,
774.0,2.0,,1.0,
774.01,,0.0,,
774.02,,,,1.0
774.5,2.0,,2.0,
774.51,,0.0,,
774.52,,,,0.0
775.0,2.0,,2.0,
775.01,,0.0,,
775.02,,,,0.0
775.5,2.0,,1.0,
775.51,,0.0,,
775.52,,,,1.0
776.0,2.0,,1.0,
776.01,,0.0,,
776.02,,,,1.0
776.5,2.0,,,
776.51,,0.0,,
776.52,,,,1.0
776.53,,,1.0,
777.0,2.0,,,
777.01,,2.0,,
777.02,,,,1.0
777.03,,,1.0,
777.5,2.0,,,
777.51,,2.0,,
777.52,,,,1.0
777.53,,,2.0,
778.0,2.0,,1.0,
778.01,,2.0,,
778.02,,,,1.0
778.5,2.0,,,
778.51,,2.0,,
778.52,,,,1.0
778.53,,,1.0,
779.0,2.0,,,
779.01,,2.0,,
779.02,,,,1.0
779.03,,,1.0,
779.5,2.0,,,
779.51,,2.0,,
779.52,,,,1.0
779.53,,,1.0,
780.0,1.0,,,
780.01,,2.0,,
780.02,,,,1.0
780.03,,,1.0,
780.5,1.0,,,
780.51,,2.0,,
780.52,,,,1.0
780.53,,,1.0,
781.0,1.0,,,
781.01,,2.0,,
781.02,,,,1.0
781.03,,,2.0,
781.5,2.0,,,
781.51,,1.0,,1.0
781.53,,,2.0,
782.0,3.0,,,
782.01,,2.0,,1.0
782.03,,,1.0,
782.5,3.0,,,
782.51,,1.0,,1.0
782.53,,,1.0,
783.0,3.0,,,
783.01,,1.0,,1.0
783.03,,,2.0,
783.5,3.0,,,
783.51,,0.0,,1.0
783.53,,,2.0,
784.01,3.0,0.0,,1.0
784.03,,,2.0,
784.51,1.0,0.0,,1.0
784.53,,,2.0,
785.01,0.0,0.0,,1.0
785.03,,,1.0,
785.51,0.0,1.0,,1.0
785.53,,,0.0,
786.01,0.0,1.0,,
786.02,,,,1.0
786.03,,,1.0,
786.51,0.0,1.0,,
786.52,,,,1.0
786.53,,,1.0,
787.01,0.0,0.0,,
787.02,,,,1.0
787.03,,,1.0,
787.51,0.0,0.0,,
787.52,,,,1.0
787.53,,,1.0,
788.01,0.0,0.0,,
788.02,,,,1.0
788.03,,,0.0,
788.51,0.0,0.0,,
788.52,,,,2.0
788.53,,,0.0,
789.01,0.0,0.0,,
789.02,,,,2.0
789.03,,,0.0,
789.51,0.0,,,
789.52,,0.0,,2.0
789.53,,,0.0,
790.0,0.0,,,
790.02,,0.0,,2.0
790.03,,,0.0,
790.5,0.0,,,
790.52,,0.0,,2.0
790.53,,,0.0,
791.0,0.0,,,
791.02,,0.0,,2.0
791.03,,,0.0,
791.5,0.0,,,
791.52,,2.0,,2.0
791.53,,,0.0,
792.0,2.0,,,
792.02,,2.0,,2.0
792.03,,,0.0,
792.5,2.0,,,
792.52,,3.0,,2.0
792.53,,,0.0,
793.0,3.0,,,
793.01,,3.0,,
793.02,,,,2.0
793.03,,,0.0,
793.5,2.0,,,
793.51,,3.0,,
793.52,,,,2.0
793.53,,,1.0,
794.0,1.0,,1.0,
794.01,,3.0,,
794.02,,,,2.0
794.5,2.0,,1.0,
794.51,,3.0,,
794.52,,,,2.0
795.0,2.0,,1.0,
795.01,,3.0,,
795.02,,,,2.0
795.5,2.0,,1.0,
795.51,,3.0,,
795.52,,,,2.0
796.0,2.0,,,
796.01,,3.0,,
796.02,,,,2.0
796.03,,,1.0,
796.5,2.0,,,
796.51,,3.0,,
796.52,,,,2.0
796.53,,,1.0,
797.0,2.0,,,
797.01,,1.0,,
797.02,,,,2.0
797.03,,,1.0,
797.5,2.0,,,
797.51,,2.0,,
797.52,,,,2.0
797.53,,,2.0,
798.0,2.0,,,
798.01,,3.0,,
798.02,,,,2.0
798.03,,,2.0,
798.5,2.0,,,
798.51,,2.0,,
798.52,,,,2.0
798.53,,,2.0,
799.0,2.0,,,
799.01,,1.0,,
799.02,,,,2.0
799.03,,,2.0,
799.5,1.0,,,
799.51,,1.0,,
799.52,,,,2.0
799.53,,,2.0,
800.0,1.0,,,
800.01,,1.0,,
800.02,,,,2.0
800.03,,,2.0,
800.5,2.0,,,
800.51,,1.0,,
800.52,,,,2.0
800.53,,,2.0,
801.0,2.0,,,
801.01,,1.0,,
801.02,,,,2.0
801.03,,,2.0,
801.5,2.0,,,
801.51,,1.0,,
801.52,,,,1.0
801.53,,,2.0,
802.0,2.0,,,
802.01,,1.0,,
802.02,,,,0.0
802.03,,,2.0,
802.5,2.0,,,
802.51,,1.0,,0.0
802.53,,,2.0,
803.0,3.0,,,
803.01,,1.0,,1.0
803.03,,,2.0,
803.5,3.0,,,
803.51,,1.0,,1.0
803.53,,,2.0,
804.01,2.0,1.0,,2.0
804.03,,,2.0,
804.51,2.0,1.0,,2.0
804.53,,,2.0,
805.01,2.0,1.0,,2.0
805.03,,,2.0,
805.51,2.0,2.0,,2.0
805.53,,,2.0,
806.01,2.0,3.0,,2.0
806.03,,,1.0,
806.51,2.0,1.0,,2.0
806.53,,,1.0,
807.01,1.0,2.0,,
807.02,,,,2.0
807.03,,,1.0,
807.51,1.0,3.0,,
807.52,,,,2.0
807.53,,,1.0,
808.01,1.0,1.0,,
808.02,,,,2.0
808.03,,,1.0,
808.51,1.0,1.0,,
808.52,,,,2.0
808.53,,,1.0,
809.01,1.0,1.0,,
809.02,,,,2.0
809.03,,,1.0,
809.5,1.0,,,
809.51,,1.0,,
809.52,,,,1.0
809.53,,,1.0,
810.0,2.0,,,
810.01,,1.0,,
810.02,,,,1.0
810.03,,,1.0,
810.5,3.0,,,
810.51,,1.0,,
810.52,,,,1.0
810.53,,,1.0,
811.0,3.0,,,
811.02,,1.0,,2.0
811.03,,,1.0,
811.5,3.0,,,
811.52,,0.0,,1.0
811.53,,,1.0,
812.0,2.0,,,
812.02,,1.0,,1.0
812.03,,,1.0,
812.5,1.0,,,
812.52,,1.0,,1.0
812.53,,,1.0,
813.0,1.0,,,
813.02,,1.0,,2.0
813.03,,,1.0,
813.5,2.0,,,
813.52,,2.0,,1.0
813.53,,,1.0,
814.0,2.0,,,1.0
814.01,,2.0,,
814.03,,,1.0,
814.5,2.0,,1.0,
814.51,,2.0,,
814.52,,,,1.0
815.0,2.0,,2.0,
815.01,,2.0,,
815.02,,,,2.0
815.5,2.0,,,
815.51,,2.0,2.0,
815.52,,,,2.0
816.0,2.0,,,
816.01,,2.0,,
816.02,,,,2.0
816.03,,,2.0,
816.5,2.0,,,
816.51,,2.0,,
816.52,,,,2.0
816.53,,,2.0,
817.0,2.0,,,
817.01,,2.0,,
817.02,,,,0.0
817.03,,,2.0,
817.5,2.0,,,
817.51,,2.0,,
817.52,,,,0.0
817.53,,,2.0,
818.0,2.0,,,
818.01,,2.0,,
818.02,,,,2.0
818.03,,,2.0,
818.5,2.0,,,
818.51,,2.0,,
818.52,,,,1.0
818.53,,,2.0,
819.0,3.0,,,
819.01,,2.0,,
819.02,,,,0.0
819.03,,,1.0,
819.5,2.0,,,
819.51,,1.0,,
819.52,,,,0.0
819.53,,,2.0,
820.0,2.0,,,
820.01,,1.0,,
820.02,,,,0.0
820.05,,,2.0,
820.5,2.0,,,
820.51,,1.0,,
820.52,,,,0.0
820.53,,,2.0,
821.0,2.0,,,
821.01,,1.0,,
821.02,,,,1.0
821.03,,,2.0,
821.5,2.0,,,
821.51,,1.0,,
821.52,,,,1.0
821.53,,,2.0,
822.0,2.0,,,
822.01,,1.0,,
822.02,,,,1.0
822.03,,,1.0,
822.5,2.0,,,
822.51,,1.0,,
822.52,,,,2.0
822.53,,,1.0,
823.0,2.0,,,
823.01,,1.0,,2.0
823.03,,,2.0,
823.5,2.0,,,
823.51,,1.0,,2.0
823.53,,,2.0,
824.01,2.0,2.0,,2.0
824.03,,,2.0,
824.51,2.0,2.0,,1.0
824.53,,,2.0,
825.01,1.0,1.0,,1.0
825.03,,,2.0,
825.51,1.0,0.0,,1.0
825.53,,,2.0,
826.01,2.0,0.0,,0.0
826.03,,,2.0,
826.51,2.0,1.0,,1.0
826.53,,,2.0,
827.01,3.0,0.0,,1.0
827.03,,,2.0,
827.51,3.0,0.0,,1.0
827.53,,,2.0,
828.01,2.0,0.0,,
828.02,,,,1.0
828.03,,,2.0,
828.51,2.0,0.0,,
828.52,,,,1.0
828.53,,,2.0,
829.01,2.0,0.0,,
829.02,,,,1.0
829.03,,,2.0,
829.5,2.0,,,
829.51,,0.0,,
829.52,,,,1.0
829.53,,,2.0,
830.0,2.0,,,
830.01,,0.0,,
830.02,,,,1.0
830.03,,,2.0,
830.5,2.0,,,
830.51,,0.0,,
830.52,,,,1.0
830.53,,,2.0,
831.0,2.0,,,
831.01,,0.0,,
831.02,,,,0.0
831.03,,,2.0,
831.5,2.0,,,
831.51,,0.0,,
831.52,,,,1.0
831.53,,,2.0,
832.0,3.0,,,
832.01,,0.0,,
832.02,,,,1.0
832.03,,,2.0,
832.5,2.0,,,
832.52,,0.0,,1.0
832.53,,,2.0,
833.0,2.0,,,
833.02,,0.0,,1.0
833.03,,,2.0,
833.5,2.0,,,
833.52,,0.0,,1.0
833.53,,,2.0,
834.0,2.0,,,
834.02,,0.0,,1.0
834.03,,,2.0,
834.5,1.0,,2.0,
834.51,,0.0,,
834.52,,,,0.0
835.0,1.0,,,
835.01,,0.0,,
835.02,,,,1.0
835.03,,,2.0,
835.5,0.0,,,
835.51,,0.0,,
835.52,,,,1.0
835.53,,,2.0,
836.0,0.0,,,
836.01,,0.0,,
836.02,,,,1.0
836.03,,,1.0,
836.5,0.0,,,
836.51,,0.0,,
836.52,,,,1.0
836.53,,,1.0,
837.0,0.0,,,
837.01,,0.0,,
837.02,,,,1.0
837.03,,,1.0,
837.5,0.0,,,
837.51,,0.0,,
837.52,,,,1.0
837.53,,,1.0,
838.0,2.0,,,
838.01,,0.0,,
838.02,,,,1.0
838.03,,,1.0,
838.5,2.0,,,
838.51,,0.0,,
838.52,,,,1.0
838.53,,,1.0,
839.0,2.0,,,
839.01,,0.0,,
839.02,,,,1.0
839.03,,,1.0,
839.5,2.0,,,
839.51,,0.0,,
839.52,,,,0.0
839.53,,,1.0,
840.0,2.0,,,
840.01,,0.0,,
840.02,,,,1.0
840.03,,,2.0,
840.5,2.0,,,
840.51,,0.0,,
840.52,,,,1.0
840.53,,,2.0,
841.0,2.0,,,
841.01,,0.0,,
841.02,,,,1.0
841.03,,,2.0,
841.5,2.0,,,
841.51,,0.0,,
841.52,,,,1.0
841.53,,,2.0,
842.0,2.0,,,
842.01,,0.0,,
842.02,,,,1.0
842.03,,,2.0,
842.5,2.0,,,
842.51,,0.0,,
842.52,,,,1.0
842.53,,,2.0,
843.0,2.0,,,
843.01,,0.0,,1.0
843.03,,,2.0,
843.5,2.0,,,
843.51,,0.0,,1.0
843.53,,,2.0,
844.01,1.0,1.0,,1.0
844.03,,,2.0,
844.51,1.0,2.0,,2.0
844.53,,,2.0,
845.01,1.0,1.0,,2.0
845.03,,,2.0,
845.51,1.0,1.0,,2.0
845.53,,,2.0,
846.01,1.0,1.0,,2.0
846.03,,,2.0,
846.51,1.0,1.0,,1.0
846.53,,,2.0,
847.01,2.0,1.0,,1.0
847.03,,,2.0,
847.51,2.0,1.0,,1.0
847.53,,,2.0,
848.01,2.0,1.0,,1.0
848.03,,,2.0,
848.51,3.0,1.0,,1.0
848.53,,,2.0,
849.01,3.0,1.0,,
849.02,,,,0.0
849.03,,,2.0,
849.5,3.0,,,
849.51,,1.0,,
849.52,,,,0.0
849.53,,,2.0,
850.0,3.0,,,
850.01,,1.0,,
850.02,,,,1.0
850.03,,,2.0,
850.5,2.0,,,
850.51,,1.0,,
850.52,,,,1.0
850.53,,,2.0,
851.0,2.0,,,
851.01,,1.0,,
851.02,,,,1.0
851.03,,,2.0,
851.5,2.0,,,
851.51,,1.0,,
851.52,,,,1.0
851.53,,,2.0,
852.0,3.0,,,
852.01,,1.0,,
852.02,,,,1.0
852.03,,,2.0,
852.5,3.0,,,
852.51,,1.0,,
852.52,,,,1.0
852.53,,,2.0,
853.0,3.0,,,
853.01,,1.0,,
853.02,,,,1.0
853.03,,,2.0,
853.5,3.0,,,
853.51,,1.0,,
853.52,,,,1.0
853.53,,,2.0,
854.0,3.0,,,
854.02,,1.0,,2.0
854.03,,,2.0,
854.5,2.0,,1.0,
854.52,,1.0,,2.0
855.0,2.0,,,
855.01,,1.0,,
855.02,,,,1.0
855.03,,,2.0,
855.5,0.0,,,
855.51,,1.0,,
855.52,,,,1.0
855.53,,,2.0,
856.0,2.0,,,
856.01,,1.0,,
856.02,,,,1.0
856.03,,,2.0,
856.5,2.0,,,
856.51,,1.0,,
856.52,,,,1.0
856.53,,,1.0,
857.0,2.0,,,
857.01,,1.0,,
857.02,,,,1.0
857.03,,,1.0,
857.5,2.0,,,
857.51,,1.0,,
857.52,,,,1.0
857.53,,,2.0,
858.0,1.0,,,
858.01,,1.0,,
858.02,,,,1.0
858.03,,,2.0,
858.5,2.0,,,
858.51,,2.0,,
858.52,,,,1.0
858.53,,,1.0,
859.0,2.0,,,
859.01,,2.0,,
859.02,,,,1.0
859.03,,,2.0,
859.5,1.0,,,
859.51,,2.0,,
859.52,,,,2.0
859.53,,,1.0,
860.0,1.0,,,
860.01,,2.0,,
860.02,,,,1.0
860.03,,,1.0,
860.5,1.0,,,
860.51,,1.0,,
860.52,,,,1.0
860.53,,,1.0,
861.0,1.0,,,
861.01,,1.0,,
861.02,,,,1.0
861.03,,,2.0,
861.5,1.0,,,
861.51,,2.0,,
861.52,,,,0.0
861.53,,,1.0,
862.0,1.0,,,
862.01,,1.0,,
862.02,,,,2.0
862.03,,,2.0,
862.5,1.0,,,
862.51,,1.0,,
862.52,,,,2.0
862.53,,,2.0,
863.0,2.0,,,
863.01,,1.0,,2.0
863.03,,,2.0,
863.5,1.0,,,
863.51,,1.0,,2.0
863.53,,,2.0,
864.01,1.0,1.0,,2.0
864.03,,,1.0,
864.51,2.0,1.0,,2.0
864.53,,,2.0,
865.01,2.0,1.0,,1.0
865.03,,,1.0,
865.51,1.0,1.0,,1.0
865.53,,,2.0,
866.01,2.0,1.0,,2.0
866.03,,,1.0,
866.51,2.0,1.0,,2.0
866.53,,,2.0,
867.01,2.0,1.0,,2.0
867.03,,,2.0,
867.51,2.0,1.0,,2.0
867.53,,,2.0,
868.0,2.0,,,
868.01,,1.0,,2.0
868.03,,,1.0,
868.5,2.0,,,
868.51,,1.0,,2.0
868.53,,,1.0,
869.0,2.0,,,
869.01,,1.0,,2.0
869.03,,,1.0,
869.5,2.0,,,
869.51,,1.0,,
869.52,,,,2.0
869.53,,,1.0,
870.0,2.0,,,
870.01,,1.0,,
870.02,,,,2.0
870.03,,,2.0,
870.5,1.0,,,
870.51,,1.0,,
870.52,,,,2.0
871.0,2.0,,,
871.01,,1.0,,
871.02,,,,2.0
871.04,,,1.0,
871.06,,,1.0,
871.5,2.0,,,
871.51,,1.0,,
871.52,,,,2.0
871.53,,,1.0,
872.0,2.0,,,
872.01,,1.0,,
872.02,,,,2.0
872.03,,,2.0,
872.5,2.0,,,
872.51,,1.0,,
872.52,,,,2.0
872.53,,,2.0,
873.0,2.0,,,
873.01,,2.0,,
873.02,,,,2.0
873.03,,,2.0,
873.5,1.0,,,
873.51,,1.0,,
873.52,,,,2.0
873.53,,,2.0,
874.0,1.0,,,
874.01,,0.0,,
874.02,,,,1.0
874.03,,,2.0,
874.5,1.0,,,
874.51,,0.0,,
874.52,,,,1.0
874.53,,,2.0,
875.0,2.0,,,
875.01,,0.0,,
875.02,,,,2.0
875.03,,,1.0,
875.5,2.0,,,
875.51,,1.0,,
875.52,,,,2.0
875.53,,,2.0,
876.0,2.0,,,
876.01,,0.0,,
876.02,,,,1.0
876.03,,,2.0,
876.5,2.0,,,
876.51,,0.0,,
876.52,,,,1.0
876.53,,,2.0,
877.0,2.0,,,
877.01,,0.0,,
877.02,,,,2.0
877.03,,,1.0,
877.5,2.0,,,
877.51,,0.0,,
877.52,,,,1.0
877.53,,,1.0,
878.0,2.0,,,
878.01,,0.0,,
878.02,,,,1.0
878.03,,,2.0,
878.5,2.0,,,
878.51,,0.0,,
878.52,,,,0.0
878.53,,,2.0,
879.0,2.0,,,
879.01,,0.0,,
879.02,,,,0.0
879.03,,,1.0,
879.5,2.0,,,
879.51,,1.0,,
879.52,,,,0.0
879.53,,,1.0,
880.0,2.0,,,
880.01,,1.0,,
880.02,,,,0.0
880.03,,,2.0,
880.5,2.0,,,
880.51,,1.0,,
880.52,,,,2.0
880.53,,,2.0,
881.0,1.0,,,
881.01,,1.0,,
881.02,,,,2.0
881.03,,,1.0,
881.5,2.0,,,
881.51,,2.0,,
881.52,,,,2.0
881.53,,,1.0,
882.0,2.0,,,
882.01,,2.0,,2.0
882.03,,,1.0,
882.5,2.0,,,
882.51,,2.0,,2.0
882.53,,,1.0,
883.0,1.0,,,
883.01,,2.0,,2.0
883.03,,,1.0,
883.5,2.0,,,
883.51,,2.0,,2.0
883.53,,,1.0,
884.01,2.0,2.0,,2.0
884.03,,,1.0,
884.51,2.0,1.0,,2.0
884.53,,,1.0,
885.01,2.0,1.0,,2.0
885.03,,,2.0,
885.51,2.0,2.0,,2.0
885.53,,,2.0,
886.01,2.0,1.0,,2.0
886.03,,,1.0,
886.51,2.0,1.0,,2.0
886.53,,,1.0,
887.01,,1.0,,2.0
887.03,2.0,,1.0,
887.51,,1.0,,2.0
887.53,2.0,,1.0,
888.0,2.0,,,
888.01,,1.0,,2.0
888.03,,,1.0,
888.5,2.0,,,
888.51,,1.0,,1.0
888.53,,,1.0,
889.0,2.0,,,
889.01,,1.0,,2.0
889.03,,,1.0,
889.5,2.0,,,
889.51,,1.0,,1.0
889.53,,,1.0,
890.0,2.0,,,
890.01,,1.0,,2.0
890.03,,,1.0,
890.5,2.0,,,
890.51,,1.0,,
890.52,,,,2.0
890.53,,,1.0,
891.0,2.0,,,
891.01,,2.0,,
891.02,,,,2.0
891.03,,,1.0,
891.5,2.0,,,
891.51,,2.0,,
891.52,,,,2.0
891.53,,,1.0,
892.0,2.0,,,
892.01,,2.0,,
892.02,,,,2.0
892.03,,,1.0,
892.5,2.0,,,
892.51,,2.0,,
892.52,,,,2.0
892.53,,,1.0,
893.0,2.0,,,
893.01,,2.0,,
893.02,,,,2.0
893.03,,,2.0,
893.5,2.0,,,
893.51,,2.0,,
893.52,,,,2.0
893.53,,,1.0,
894.0,1.0,,,
894.01,,2.0,,
894.02,,,1.0,2.0
894.5,1.0,,,
894.51,,2.0,,
894.52,,,,2.0
894.53,,,2.0,
895.0,1.0,,,
895.01,,2.0,,
895.02,,,,2.0
895.03,,,2.0,
895.5,1.0,,,
895.51,,2.0,,
895.52,,,,2.0
895.53,,,2.0,
896.0,2.0,,,
896.01,,2.0,,
896.02,,,,2.0
896.03,,,2.0,
896.5,0.0,,,
896.51,,2.0,,
896.52,,,,2.0
896.53,,,2.0,
897.0,2.0,,,
897.01,,2.0,,
897.02,,,,2.0
897.03,,,2.0,
897.5,2.0,,,
897.51,,2.0,,
897.52,,,,1.0
897.53,,,2.0,
898.0,2.0,,,
898.01,,1.0,,
898.02,,,,2.0
898.03,,,2.0,
898.5,2.0,,,
898.51,,1.0,,
898.52,,,,2.0
898.53,,,1.0,
899.0,2.0,,,
899.01,,1.0,,
899.02,,,,2.0
899.03,,,1.0,
899.5,2.0,,,
899.51,,2.0,,
899.52,,,,1.0
899.53,,,1.0,
900.0,2.0,,,
900.01,,2.0,,
900.02,,,,2.0
900.03,,,1.0,
900.5,2.0,,,
900.51,,2.0,,
900.52,,,,2.0
900.53,,,1.0,
901.0,2.0,,,
901.01,,2.0,,
901.02,,,,2.0
901.03,,,1.0,
901.5,2.0,,,
901.51,,2.0,,2.0
901.53,,,1.0,
902.0,2.0,,,
902.01,,2.0,,2.0
902.03,,,1.0,
902.5,2.0,,,
902.51,,2.0,,2.0
902.53,,,2.0,
903.0,1.0,,,
903.01,,2.0,,2.0
903.03,,,2.0,
903.51,2.0,2.0,,2.0
903.53,,,1.0,
904.01,1.0,2.0,,2.0
904.03,,,1.0,
904.51,0.0,3.0,,2.0
904.53,,,1.0,
905.01,2.0,2.0,,2.0
905.03,,,1.0,
905.51,2.0,2.0,,1.0
905.53,,,1.0,
906.01,2.0,0.0,,1.0
906.03,,,1.0,
906.51,,0.0,,2.0
906.53,2.0,,1.0,
907.01,,0.0,,2.0
907.03,2.0,,1.0,
907.51,,0.0,,1.0
907.53,2.0,,1.0,
908.0,2.0,,,
908.01,,0.0,,2.0
908.03,,,1.0,
908.5,2.0,,,
908.51,,1.0,,2.0
908.53,,,1.0,
909.0,3.0,,,
909.01,,0.0,,2.0
909.03,,,1.0,
909.5,3.0,,,
909.51,,0.0,,1.0
909.53,,,2.0,
910.0,2.0,,,
910.01,,0.0,,1.0
910.03,,,2.0,
910.5,2.0,,,
910.51,,2.0,,1.0
910.53,,,2.0,
911.0,3.0,,,
911.01,,2.0,,2.0
911.03,,,1.0,
911.5,2.0,,,
911.51,,2.0,,
911.52,,,,2.0
911.53,,,1.0,
912.0,2.0,,,
912.01,,2.0,,
912.02,,,,1.0
912.03,,,1.0,
912.5,3.0,,,
912.51,,2.0,,
912.52,,,,1.0
912.53,,,1.0,
913.0,2.0,,,
913.01,,2.0,,
913.02,,,1.0,1.0
913.5,2.0,,,
913.51,,2.0,,
913.52,,,1.0,1.0
914.0,2.0,,,
914.01,,1.0,,
914.02,,,1.0,1.0
914.5,2.0,,,
914.51,,1.0,,
914.52,,,,1.0
914.53,,,1.0,
915.0,2.0,,,
915.01,,2.0,,
915.02,,,,1.0
915.03,,,1.0,
915.5,2.0,,,
915.51,,1.0,,
915.52,,,,1.0
915.53,,,1.0,
916.0,2.0,,,
916.01,,1.0,,
916.02,,,,1.0
916.03,,,1.0,
916.5,2.0,,,
916.51,,1.0,,
916.52,,,,1.0
916.53,,,1.0,
917.0,1.0,,,
917.01,,0.0,,
917.02,,,,1.0
917.03,,,1.0,
917.5,1.0,,,
917.51,,0.0,,
917.52,,,,1.0
917.53,,,1.0,
918.0,2.0,,,
918.01,,0.0,,
918.02,,,,1.0
918.03,,,1.0,
918.5,2.0,,,
918.51,,1.0,,
918.52,,,,1.0
918.53,,,1.0,
919.0,2.0,,,
919.01,,1.0,,
919.02,,,,1.0
919.03,,,1.0,
919.5,2.0,,,
919.51,,0.0,,
919.52,,,,1.0
919.53,,,1.0,
920.01,2.0,0.0,,
920.02,,,,1.0
920.03,,,1.0,
920.51,3.0,0.0,,
920.52,,,,1.0
920.53,,,1.0,
921.01,2.0,0.0,,
921.02,,,,1.0
921.03,,,1.0,
921.51,2.0,3.0,,
921.52,,,,1.0
921.53,,,1.0,
922.01,2.0,3.0,,
922.02,,,,1.0
922.03,,,1.0,
922.51,2.0,2.0,,1.0
922.53,,,1.0,
923.01,2.0,2.0,,1.0
923.03,,,1.0,
923.51,2.0,2.0,,1.0
923.53,,,1.0,
924.01,2.0,2.0,,1.0
924.03,,,1.0,
924.51,2.0,2.0,,1.0
924.53,,,1.0,
925.01,2.0,3.0,,1.0
925.03,,,1.0,
925.51,2.0,1.0,,1.0
925.53,,,1.0,
926.01,2.0,0.0,,1.0
926.03,,,1.0,
926.51,,0.0,,1.0
926.53,2.0,,1.0,
927.01,,0.0,,2.0
927.03,2.0,,1.0,
927.5,2.0,,,
927.51,,2.0,,2.0
927.53,,,1.0,
928.0,2.0,,,
928.01,,1.0,,1.0
928.03,,,1.0,
928.5,2.0,,,
928.51,,1.0,,1.0
928.53,,,1.0,
929.0,1.0,,,
929.01,,1.0,,2.0
929.03,,,1.0,
929.5,0.0,,,
929.51,,1.0,,2.0
929.53,,,1.0,
930.0,1.0,,,
930.01,,0.0,,1.0
930.03,,,1.0,
930.5,1.0,,,
930.51,,0.0,,0.0
930.53,,,2.0,
931.0,1.0,,,
931.01,,2.0,,0.0
931.03,,,2.0,
931.5,1.0,,,
931.51,,2.0,,1.0
931.53,,,2.0,
932.0,2.0,,,
932.01,,1.0,,1.0
932.03,,,2.0,
932.5,2.0,,,
932.51,,1.0,,
932.52,,,,1.0
932.53,,,2.0,
933.0,3.0,,,
933.01,,1.0,,
933.02,,,2.0,1.0
933.5,2.0,,,
933.51,,0.0,,
933.52,,,2.0,1.0
934.0,2.0,,,
934.01,,1.0,,
934.02,,,2.0,1.0
934.5,2.0,,,
934.51,,1.0,,
934.52,,,2.0,1.0
935.0,2.0,,,
935.01,,1.0,,
935.02,,,,1.0
935.03,,,2.0,
935.5,2.0,,,
935.51,,1.0,,
935.52,,,,1.0
935.53,,,1.0,
936.0,2.0,,,
936.01,,1.0,,
936.02,,,,1.0
936.03,,,1.0,
936.5,2.0,,,
936.51,,1.0,,
936.52,,,,1.0
936.53,,,1.0,
937.0,2.0,,,
937.01,,1.0,,
937.02,,,,1.0
937.03,,,1.0,
937.5,2.0,,,
937.51,,1.0,,
937.52,,,,1.0
937.53,,,2.0,
938.0,2.0,,,
938.01,,2.0,,
938.02,,,,2.0
938.03,,,2.0,
938.5,3.0,,,
938.51,,2.0,,
938.52,,,,2.0
938.53,,,1.0,
939.0,3.0,,,
939.01,,2.0,,
939.02,,,,1.0
939.03,,,1.0,
939.51,3.0,1.0,,
939.52,,,,1.0
939.53,,,1.0,
940.01,3.0,1.0,,
940.02,,,,1.0
940.03,,,1.0,
940.51,3.0,2.0,,
940.52,,,,2.0
940.53,,,1.0,
941.01,3.0,2.0,,
941.02,,,,2.0
941.03,,,1.0,
941.51,3.0,2.0,,
941.52,,,,2.0
941.53,,,0.0,
942.01,3.0,2.0,,
942.02,,,,2.0
942.03,,,1.0,
942.51,3.0,2.0,,
942.52,,,,2.0
942.53,,,1.0,
943.01,3.0,2.0,,2.0
943.03,,,1.0,
943.51,3.0,2.0,,2.0
943.53,,,2.0,
944.01,3.0,3.0,,1.0
944.03,,,1.0,
944.51,3.0,2.0,,1.0
944.53,,,1.0,
945.01,3.0,2.0,,1.0
945.03,,,1.0,
945.51,3.0,2.0,,1.0
945.53,,,2.0,
946.01,,2.0,,1.0
946.03,3.0,,1.0,
946.51,,2.0,,2.0
946.53,2.0,,1.0,
947.01,,1.0,,2.0
947.03,2.0,,1.0,
947.5,3.0,,,
947.51,,1.0,,2.0
947.53,,,1.0,
948.0,3.0,,,
948.01,,1.0,,2.0
948.03,,,1.0,
948.5,3.0,,,
948.51,,1.0,,2.0
948.53,,,0.0,
949.0,2.0,,,
949.01,,1.0,,2.0
949.03,,,1.0,
949.5,2.0,,,
949.51,,1.0,,2.0
949.53,,,2.0,
950.0,2.0,,,
950.01,,1.0,1.0,2.0
950.5,2.0,,,
950.51,,2.0,,1.0
950.53,,,1.0,
951.0,2.0,,,
951.01,,2.0,,1.0
951.03,,,2.0,
951.5,3.0,,,
951.51,,2.0,,2.0
951.53,,,1.0,
952.0,2.0,,,
952.01,,2.0,,2.0
952.03,,,1.0,
952.5,2.0,,,
952.51,,2.0,,2.0
952.52,,,1.0,
953.0,2.0,,,
953.01,,2.0,,2.0
953.02,,,2.0,
953.5,2.0,,,
953.51,,2.0,,
953.52,,,1.0,2.0
954.0,2.0,,,
954.01,,2.0,,
954.02,,,1.0,2.0
954.5,2.0,,,
954.51,,2.0,,
954.52,,,1.0,2.0
955.0,2.0,,,
955.01,,2.0,,
955.02,,,,2.0
955.03,,,1.0,
955.5,2.0,,,
955.51,,2.0,,
955.52,,,,1.0
955.53,,,1.0,
956.0,2.0,,,
956.02,,,,1.0
956.03,,,1.0,
956.08,,2.0,,
956.5,2.0,,,
956.51,,2.0,,
956.52,,,,1.0
956.53,,,1.0,
957.0,2.0,,,
957.01,,2.0,,
957.02,,,,1.0
957.03,,,1.0,
957.5,2.0,,,
957.51,,2.0,,
957.52,,,,1.0
957.53,,,1.0,
958.0,2.0,,,
958.01,,2.0,,
958.02,,,,1.0
958.03,,,1.0,
958.5,2.0,,,
958.51,,2.0,,
958.52,,,,1.0
958.53,,,1.0,
959.0,2.0,,,
959.01,,2.0,,
959.02,,,,1.0
959.03,,,1.0,
959.51,2.0,2.0,,
959.52,,,,1.0
959.53,,,1.0,
960.01,2.0,2.0,,
960.02,,,,1.0
960.03,,,1.0,
960.51,2.0,1.0,,
960.52,,,,1.0
960.53,,,1.0,
961.01,2.0,1.0,,
961.02,,,,1.0
961.03,,,1.0,
961.51,2.0,1.0,,
961.52,,,,1.0
961.53,,,1.0,
962.01,2.0,2.0,,
962.02,,,,1.0
962.03,,,1.0,
962.51,2.0,2.0,,
962.52,,,,1.0
962.53,,,1.0,
963.01,2.0,2.0,,2.0
963.03,,,1.0,
963.51,2.0,2.0,,1.0
963.53,,,1.0,
964.01,2.0,2.0,,1.0
964.03,,,1.0,
964.51,2.0,2.0,,1.0
964.53,,,1.0,
965.01,2.0,2.0,,1.0
965.03,,,1.0,
965.51,,2.0,,1.0
965.53,2.0,,1.0,
966.01,,2.0,,1.0
966.03,3.0,,1.0,
966.51,,2.0,,1.0
966.53,2.0,,1.0,
967.01,,2.0,,1.0
967.03,2.0,,2.0,
967.5,2.0,,,
967.51,,2.0,,1.0
967.53,,,1.0,
968.0,2.0,,,
968.01,,2.0,,1.0
968.03,,,1.0,
968.5,2.0,,,
968.51,,2.0,,1.0
968.53,,,1.0,
969.0,2.0,,,
969.01,,2.0,,1.0
969.03,,,1.0,
969.5,2.0,,,
969.51,,1.0,,1.0
969.53,,,1.0,
970.01,1.0,1.0,,2.0
970.03,,,1.0,
970.5,1.0,,,
970.51,,1.0,,2.0
970.53,,,1.0,
971.0,1.0,,,
971.01,,1.0,,2.0
971.02,,,1.0,
971.5,2.0,,,
971.51,,1.0,,2.0
971.52,,,1.0,
972.0,2.0,,,
972.01,,1.0,,1.0
972.02,,,2.0,
972.5,2.0,,,
972.51,,1.0,,1.0
972.52,,,2.0,
973.0,2.0,,,
973.01,,2.0,,2.0
973.02,,,1.0,
973.5,2.0,,,
973.51,,2.0,,2.0
973.52,,,1.0,
974.0,1.0,,,
974.01,,2.0,,
974.02,,,1.0,1.0
974.5,2.0,,,
974.51,,1.0,,
974.52,,,1.0,1.0
975.0,2.0,,,
975.01,,1.0,,
975.02,,,,2.0
975.03,,,1.0,
975.5,0.0,,,
975.51,,1.0,,
975.52,,,,2.0
975.53,,,1.0,
976.0,2.0,,,
976.01,,1.0,,
976.02,,,,2.0
976.03,,,1.0,
976.5,1.0,,,
976.51,,1.0,,
976.52,,,,2.0
976.53,,,1.0,
977.0,2.0,,,
977.01,,2.0,,
977.02,,,,2.0
977.03,,,1.0,
977.5,2.0,,,
977.51,,2.0,,
977.52,,,,2.0
977.53,,,1.0,
978.0,2.0,1.0,,
978.02,,,,3.0
978.03,,,1.0,
978.5,2.0,,,
978.51,,1.0,,
978.52,,,,3.0
978.53,,,2.0,
979.0,1.0,,,
979.01,,1.0,,
979.02,,,,3.0
979.03,,,2.0,
979.51,1.0,1.0,,
979.52,,,,2.0
979.53,,,2.0,
980.01,2.0,1.0,,
980.02,,,,1.0
980.03,,,2.0,
980.51,2.0,2.0,,
980.52,,,,1.0
980.53,,,2.0,
981.01,2.0,2.0,,
981.02,,,,1.0
981.03,,,1.0,
981.51,2.0,2.0,,
981.52,,,,1.0
981.53,,,1.0,
982.01,2.0,2.0,,
982.02,,,,0.0
982.03,,,1.0,
982.51,2.0,2.0,,
982.52,,,,0.0
982.53,,,1.0,
983.01,2.0,2.0,,
983.02,,,,3.0
983.03,,,1.0,
983.51,2.0,2.0,,2.0
983.53,,,1.0,
984.01,2.0,2.0,,2.0
984.03,,,1.0,
984.51,2.0,2.0,,2.0
984.53,,,2.0,
985.01,2.0,2.0,,2.0
985.03,,,1.0,
985.51,,2.0,,2.0
985.53,2.0,,1.0,
986.01,,2.0,,2.0
986.03,2.0,,2.0,
986.51,,1.0,,2.0
986.53,2.0,,2.0,
987.01,,2.0,,2.0
987.03,2.0,,2.0,
987.5,2.0,,,
987.51,,2.0,,2.0
987.53,,,2.0,
988.0,2.0,,,
988.01,,2.0,,2.0
988.03,,,2.0,
988.5,2.0,,,
988.51,,2.0,,2.0
988.53,,,2.0,
989.0,2.0,,,
989.01,,2.0,,0.0
989.03,,,2.0,
989.5,2.0,,,
989.51,,2.0,,2.0
989.53,,,1.0,
990.0,2.0,,,
990.01,,2.0,,2.0
990.03,,,1.0,
990.5,2.0,,,
990.51,,1.0,,2.0
990.53,,,2.0,
991.0,2.0,,,
991.01,,0.0,,2.0
991.03,,,2.0,
991.5,2.0,,,
991.51,,1.0,,2.0
991.52,,,1.0,
992.0,2.0,,,
992.01,,2.0,,2.0
992.02,,,1.0,
992.5,2.0,,,
992.51,,1.0,,2.0
992.52,,,1.0,
993.0,2.0,,,
993.01,,1.0,,2.0
993.02,,,1.0,
993.5,2.0,,,
993.51,,1.0,,3.0
993.52,,,1.0,
994.0,2.0,,,
994.01,,2.0,,2.0
994.02,,,1.0,
994.5,2.0,,,
994.51,,3.0,,3.0
994.52,,,1.0,
995.0,2.0,,,
995.01,,2.0,,
995.02,,,,3.0
995.03,,,1.0,
995.5,2.0,,,
995.51,,2.0,,
995.52,,,,2.0
995.53,,,1.0,
996.0,2.0,,,
996.01,,1.0,,
996.02,,,,2.0
996.03,,,2.0,
996.5,2.0,,,
996.51,,0.0,,
996.52,,,,3.0
996.53,,,2.0,
997.0,2.0,,,
997.01,,1.0,,
997.02,,,,3.0
997.03,,,2.0,
997.5,2.0,,,
997.51,,2.0,,
997.52,,,,3.0
997.53,,,2.0,
998.0,2.0,,,
998.01,,1.0,,
998.02,,,,3.0
998.03,,,2.0,
998.5,2.0,,,
998.51,,1.0,,
998.52,,,,3.0
998.53,,,2.0,
999.0,2.0,1.0,,
999.02,,,,3.0
999.03,,,2.0,
999.5,,1.0,,
999.51,2.0,,,
999.52,,,,3.0
999.53,,,2.0,
1000.01,2.0,2.0,,
1000.02,,,,3.0
1000.03,,,2.0,
1000.51,2.0,2.0,,
1000.52,,,,3.0
1000.53,,,2.0,
1001.01,2.0,2.0,,
1001.02,,,,3.0
1001.03,,,2.0,
1001.51,1.0,2.0,,
1001.52,,,,3.0
1001.53,,,2.0,
1002.01,2.0,2.0,,
1002.02,,,,3.0
1002.03,,,2.0,
1002.51,2.0,2.0,,
1002.52,,,,3.0
1002.53,,,1.0,
1003.01,1.0,2.0,,
1003.02,,,,3.0
1003.03,,,1.0,
1003.51,1.0,2.0,,
1003.52,,,,3.0
1003.53,,,1.0,
1004.01,1.0,2.0,,
1004.02,,,,3.0
1004.03,,,1.0,
1004.51,1.0,2.0,,3.0
1004.53,,,1.0,
1005.01,,2.0,,1.0
1005.03,1.0,,1.0,
1005.51,,2.0,,2.0
1005.53,1.0,,1.0,
1006.01,,2.0,,2.0
1006.03,1.0,,1.0,
1006.51,,2.0,,2.0
1006.53,1.0,,1.0,
1007.01,,2.0,,2.0
1007.03,1.0,,1.0,
1007.5,1.0,,,
1007.51,,2.0,,2.0
1007.53,,,1.0,
1008.0,1.0,,,
1008.01,,2.0,,2.0
1008.03,,,1.0,
1008.5,1.0,,,
1008.51,,2.0,,2.0
1008.53,,,1.0,
1009.0,1.0,,,
1009.01,,2.0,,2.0
1009.03,,,1.0,
1009.5,1.0,,,
1009.51,,2.0,,2.0
1009.53,,,1.0,
1010.0,1.0,,,
1010.01,,2.0,,2.0
1010.03,,,1.0,
1010.5,2.0,,,
1010.51,,2.0,,2.0
1010.53,,,1.0,
1011.0,2.0,,,
1011.01,,2.0,,2.0
1011.02,,,1.0,
1011.5,1.0,,,
1011.51,,2.0,,2.0
1011.52,,,1.0,
1012.0,1.0,,,
1012.01,,2.0,,2.0
1012.02,,,1.0,
1012.5,1.0,,,
1012.51,,2.0,,2.0
1012.52,,,1.0,
1013.0,1.0,,,
1013.01,,2.0,,2.0
1013.02,,,1.0,
1013.5,1.0,,,
1013.51,,2.0,,2.0
1013.52,,,1.0,
1014.0,2.0,,,
1014.01,,2.0,,2.0
1014.02,,,1.0,
1014.5,2.0,,,
1014.51,,2.0,,2.0
1014.52,,,1.0,
1015.0,2.0,,,
1015.01,,1.0,,2.0
1015.03,,,1.0,
1015.5,2.0,,,
1015.51,,2.0,,3.0
1015.53,,,1.0,
1016.0,2.0,,,
1016.01,,2.0,,
1016.02,,,,3.0
1016.03,,,1.0,
1016.5,2.0,,,
1016.51,,1.0,,
1016.52,,,,3.0
1016.53,,,1.0,
1017.0,2.0,,,
1017.01,,1.0,,
1017.02,,,,3.0
1017.03,,,1.0,
1017.5,2.0,,,
1017.51,,1.0,,
1017.52,,,,3.0
1017.53,,,1.0,
1018.0,2.0,,,
1018.01,,1.0,,
1018.02,,,,3.0
1018.03,,,1.0,
1018.5,2.0,,,
1018.51,,1.0,,
1018.52,,,,3.0
1018.53,,,1.0,
1019.0,2.0,,,
1019.01,,1.0,,
1019.02,,,,3.0
1019.03,,,1.0,
1019.5,,1.0,,
1019.51,1.0,,,
1019.52,,,,3.0
1019.53,,,1.0,
1020.0,,1.0,,
1020.01,1.0,,,
1020.02,,,,3.0
1020.03,,,1.0,
1020.5,,1.0,,
1020.51,1.0,,,
1020.52,,,,3.0
1020.53,,,1.0,
1021.0,,1.0,,
1021.01,2.0,,,
1021.02,,,,3.0
1021.03,,,1.0,
1021.51,2.0,1.0,,
1021.52,,,,3.0
1021.53,,,1.0,
1022.01,1.0,1.0,,
1022.02,,,,3.0
1022.03,,,1.0,
1022.51,2.0,2.0,,
1022.52,,,,3.0
1022.53,,,1.0,
1023.01,2.0,2.0,,
1023.02,,,,2.0
1023.03,,,1.0,
1023.51,2.0,2.0,,
1023.52,,,,2.0
1023.53,,,1.0,
1024.01,2.0,2.0,,2.0
1024.03,,,1.0,
1024.51,,2.0,,2.0
1024.53,2.0,,1.0,
1025.01,,2.0,,3.0
1025.03,2.0,,1.0,
1025.51,,2.0,,3.0
1025.53,2.0,,1.0,
1026.01,,2.0,,3.0
1026.03,2.0,,1.0,
1026.51,,1.0,,3.0
1026.53,2.0,,1.0,
1027.01,,1.0,,3.0
1027.03,2.0,,1.0,
1027.5,2.0,,,
1027.51,,1.0,,3.0
1027.53,,,1.0,
1028.0,2.0,,,
1028.01,,2.0,,3.0
1028.03,,,1.0,
1028.5,2.0,,,
1028.51,,2.0,,3.0
1028.53,,,1.0,
1029.0,2.0,,,
1029.01,,2.0,,2.0
1029.03,,,1.0,
1029.5,2.0,,,
1029.51,,2.0,,2.0
1029.53,,,1.0,
1030.0,2.0,,,
1030.01,,2.0,,2.0
1030.03,,,1.0,
1030.5,3.0,,,
1030.51,,2.0,,2.0
1030.52,,,1.0,
1031.0,2.0,,,
1031.01,,2.0,,2.0
1031.02,,,1.0,
1031.5,1.0,,,
1031.51,,2.0,,2.0
1031.52,,,1.0,
1032.0,0.0,,,
1032.01,,2.0,,2.0
1032.02,,,1.0,
1032.5,0.0,,,
1032.51,,2.0,,2.0
1032.52,,,1.0,
1033.0,0.0,,,
1033.01,,2.0,,2.0
1033.02,,,1.0,
1033.5,2.0,,,
1033.51,,2.0,,2.0
1033.52,,,1.0,
1034.0,2.0,,,
1034.01,,2.0,,2.0
1034.02,,,1.0,
1034.5,2.0,,,
1034.51,,2.0,,2.0
1034.52,,,1.0,
1035.0,2.0,,,
1035.01,,2.0,,3.0
1035.02,,,1.0,
1035.5,2.0,,,
1035.51,,2.0,,2.0
1035.53,,,1.0,
1036.0,2.0,,,
1036.01,,2.0,,2.0
1036.03,,,1.0,
1036.5,2.0,,,
1036.51,,1.0,,3.0
1036.53,,,1.0,
1037.0,2.0,,,
1037.01,,1.0,,
1037.02,,,,2.0
1037.03,,,1.0,
1037.5,2.0,,,
1037.51,,2.0,,
1037.52,,,,3.0
1037.53,,,1.0,
1038.0,2.0,,,
1038.01,,2.0,,
1038.02,,,,3.0
1038.03,,,1.0,
1038.5,2.0,2.0,,
1038.52,,,,2.0
1038.53,,,1.0,
1039.0,2.0,2.0,,
1039.02,,,,2.0
1039.03,,,1.0,
1039.5,,2.0,,
1039.51,2.0,,,
1039.52,,,,2.0
1039.53,,,1.0,
1040.0,,2.0,,
1040.01,1.0,,,
1040.02,,,,2.0
1040.03,,,1.0,
1040.5,,1.0,,
1040.51,1.0,,,
1040.52,,,,2.0
1040.53,,,1.0,
1041.0,,1.0,,
1041.01,1.0,,,
1041.02,,,,2.0
1041.03,,,1.0,
1041.5,,1.0,,
1041.51,1.0,,,
1041.52,,,,2.0
1041.53,,,1.0,
1042.0,,1.0,,
1042.01,1.0,,,
1042.02,,,,2.0
1042.03,,,1.0,
1042.5,,1.0,,
1042.51,1.0,,,
1042.52,,,,2.0
1042.53,,,1.0,
1043.01,1.0,1.0,,2.0
1043.03,,,1.0,
1043.51,,1.0,,2.0
1043.53,1.0,,1.0,
1044.01,,1.0,,2.0
1044.03,2.0,,1.0,
1044.51,,1.0,,3.0
1044.53,2.0,,1.0,
1045.01,,1.0,,3.0
1045.03,2.0,,1.0,
1045.51,,1.0,,3.0
1045.53,2.0,,1.0,
1046.01,,1.0,,3.0
1046.03,2.0,,1.0,
1046.51,,1.0,,3.0
1046.53,1.0,,1.0,
1047.01,,1.0,,3.0
1047.03,1.0,,1.0,
1047.5,1.0,,,
1047.51,,1.0,,2.0
1047.53,,,1.0,
1048.0,1.0,,,
1048.01,,2.0,,2.0
1048.03,,,2.0,
1048.5,2.0,,,
1048.51,,2.0,,2.0
1048.53,,,0.0,
1049.0,2.0,,,
1049.01,,2.0,,2.0
1049.03,,,1.0,
1049.5,2.0,,,
1049.51,,2.0,,2.0
1049.52,,,0.0,
1050.0,2.0,,,
1050.01,,2.0,,3.0
1050.02,,,2.0,
1050.5,2.0,,,
1050.51,,2.0,,2.0
1050.52,,,1.0,
1051.0,2.0,,,
1051.01,,2.0,,3.0
1051.02,,,1.0,
1051.5,2.0,,,
1051.51,,2.0,,2.0
1051.52,,,1.0,
1052.0,2.0,,,
1052.01,,2.0,,2.0
1052.02,,,1.0,
1052.5,2.0,,,
1052.51,,2.0,,3.0
1052.52,,,1.0,
1053.0,2.0,,,
1053.01,,2.0,,3.0
1053.02,,,1.0,
1053.5,2.0,,,
1053.51,,2.0,,3.0
1053.52,,,1.0,
1054.0,2.0,,,
1054.01,,2.0,,3.0
1054.02,,,1.0,
1054.5,2.0,,,
1054.51,,2.0,,3.0
1054.52,,,1.0,
1055.0,2.0,,,
1055.01,,2.0,,3.0
1055.02,,,1.0,
1055.5,2.0,,,
1055.51,,2.0,,3.0
1055.53,,,1.0,
1056.0,1.0,,,
1056.01,,2.0,,3.0
1056.03,,,1.0,
1056.5,2.0,,,
1056.51,,2.0,,2.0
1056.53,,,1.0,
1057.0,2.0,,,
1057.01,,2.0,,2.0
1057.03,,,1.0,
1057.5,2.0,,,
1057.51,,2.0,,2.0
1057.52,,,0.0,
1058.0,2.0,,,
1058.01,,2.0,,
1058.02,,,,2.0
1058.03,,,0.0,
1058.5,2.0,,,
1058.51,,2.0,,
1058.52,,,,2.0
1058.53,,,1.0,
1059.0,2.0,2.0,,
1059.02,,,,2.0
1059.03,,,1.0,
1059.5,,2.0,,
1059.51,2.0,,,
1059.52,,,,3.0
1059.53,,,1.0,
1060.0,,2.0,,
1060.01,2.0,,,
1060.02,,,,3.0
1060.03,,,0.0,
1060.5,,2.0,,
1060.51,2.0,,,
1060.52,,,,3.0
1060.53,,,1.0,
1061.0,,2.0,,
1061.01,2.0,,,
1061.02,,,,3.0
1061.03,,,2.0,
1061.5,,2.0,,
1061.51,2.0,,,
1061.52,,,,3.0
1061.53,,,1.0,
1062.0,,2.0,,
1062.01,2.0,,,
1062.02,,,,2.0
1062.03,,,1.0,
1062.5,,1.0,,
1062.51,2.0,,,
1062.52,,,,2.0
1062.53,,,2.0,
1063.0,,1.0,,
1063.01,,,,2.0
1063.03,2.0,,2.0,
1063.5,,1.0,,
1063.51,,,,2.0
1063.53,2.0,,1.0,
1064.0,,1.0,,
1064.01,,,,2.0
1064.03,2.0,,1.0,
1064.51,,1.0,,2.0
1064.53,2.0,,1.0,
1065.01,,1.0,,2.0
1065.03,2.0,,1.0,
1065.51,,1.0,,2.0
1065.53,2.0,,1.0,
1066.01,,1.0,,2.0
1066.03,2.0,,1.0,
1066.51,,1.0,,2.0
1066.53,2.0,,1.0,
1067.01,,1.0,,2.0
1067.03,2.0,,2.0,
1067.5,2.0,,,
1067.51,,1.0,,2.0
1067.53,,,1.0,
1068.0,2.0,,,
1068.01,,1.0,,3.0
1068.03,,,1.0,
1068.5,2.0,,,
1068.51,,1.0,,3.0
1068.53,,,1.0,
1069.0,2.0,,,
1069.01,,1.0,,3.0
1069.03,,,1.0,
1069.5,2.0,,,
1069.51,,1.0,,3.0
1069.52,,,1.0,
1070.0,2.0,,,
1070.01,,1.0,,3.0
1070.02,,,1.0,
1070.5,2.0,,,
1070.51,,1.0,,3.0
1070.52,,,1.0,
1071.0,2.0,,,
1071.01,,1.0,,3.0
1071.02,,,1.0,
1071.5,2.0,,,
1071.51,,1.0,,3.0
1071.52,,,1.0,
1072.0,2.0,,,
1072.01,,1.0,,3.0
1072.02,,,1.0,
1072.5,2.0,,,
1072.51,,1.0,,3.0
1072.52,,,1.0,
1073.0,2.0,,,
1073.01,,1.0,,2.0
1073.02,,,1.0,
1073.5,2.0,,,
1073.51,,1.0,,3.0
1073.52,,,1.0,
1074.0,2.0,,,
1074.01,,2.0,,3.0
1074.02,,,1.0,
1074.5,2.0,,,
1074.51,,2.0,,2.0
1074.52,,,1.0,
1075.0,2.0,,,
1075.01,,2.0,,2.0
1075.02,,,1.0,
1075.5,2.0,,,
1075.51,,2.0,,2.0
1075.53,,,1.0,
1076.0,2.0,,,
1076.01,,2.0,,2.0
1076.03,,,1.0,
1076.5,2.0,,,
1076.51,,2.0,,2.0
1076.53,,,1.0,
1077.0,2.0,,,
1077.01,,2.0,,2.0
1077.03,,,2.0,
1077.5,3.0,,,
1077.51,,2.0,,2.0
1077.53,,,2.0,
1078.0,3.0,,,
1078.01,,2.0,,2.0
1078.03,,,1.0,
1078.5,2.0,,,
1078.51,,2.0,,
1078.52,,,,2.0
1078.53,,,1.0,
1079.0,1.0,,,
1079.01,,2.0,,
1079.02,,,,2.0
1079.03,,,1.0,
1079.51,2.0,2.0,,
1079.52,,,,2.0
1079.53,,,1.0,
1080.0,,2.0,,
1080.01,2.0,,,
1080.02,,,,2.0
1080.03,,,1.0,
1080.5,,2.0,,
1080.51,2.0,,,
1080.52,,,,2.0
1080.53,,,2.0,
1081.0,,2.0,,
1081.01,2.0,,,
1081.02,,,,2.0
1081.03,,,1.0,
1081.5,,2.0,,
1081.51,2.0,,,
1081.52,,,,2.0
1081.53,,,1.0,
1082.0,,2.0,,
1082.02,,,,2.0
1082.03,2.0,,1.0,
1082.5,,2.0,,
1082.51,,,,2.0
1082.53,2.0,,1.0,
1083.0,,2.0,,
1083.01,,,,2.0
1083.03,2.0,,1.0,
1083.5,,2.0,,
1083.51,,,,2.0
1083.53,1.0,,1.0,
1084.0,,2.0,,
1084.01,,,,2.0
1084.03,0.0,,1.0,
1084.5,,2.0,,
1084.51,,,,2.0
1084.53,0.0,,1.0,
1085.0,,2.0,,
1085.01,,,,2.0
1085.03,1.0,,1.0,
1085.5,,2.0,,
1085.51,,,,2.0
1085.53,0.0,,1.0,
1086.01,,2.0,,2.0
1086.03,0.0,,1.0,
1086.51,,3.0,,2.0
1086.53,1.0,,1.0,
1087.0,1.0,,,
1087.01,,0.0,,2.0
1087.03,,,1.0,
1087.5,1.0,,,
1087.51,,3.0,,2.0
1087.53,,,1.0,
1088.0,2.0,,,
1088.01,,2.0,,2.0
1088.03,,,2.0,
1088.5,1.0,,,
1088.51,,2.0,,2.0
1088.53,,,1.0,
1089.0,1.0,,,
1089.01,,3.0,,2.0
1089.02,,,2.0,
1089.5,2.0,,,
1089.51,,2.0,,2.0
1089.52,,,1.0,
1090.0,1.0,,,
1090.01,,2.0,,3.0
1090.02,,,1.0,
1090.5,2.0,,,
1090.51,,2.0,,3.0
1090.52,,,1.0,
1091.0,1.0,,,
1091.01,,3.0,,2.0
1091.02,,,1.0,
1091.5,1.0,,,
1091.51,,3.0,,2.0
1091.52,,,1.0,
1092.0,1.0,,,
1092.01,,3.0,,2.0
1092.02,,,1.0,
1092.5,1.0,,,
1092.51,,3.0,,2.0
1092.52,,,1.0,
1093.0,1.0,,,
1093.01,,3.0,,2.0
1093.02,,,1.0,
1093.5,1.0,,,
1093.51,,2.0,,3.0
1093.52,,,1.0,
1094.0,1.0,,,
1094.01,,2.0,,2.0
1094.02,,,1.0,
1094.5,1.0,,,
1094.51,,2.0,,2.0
1094.52,,,1.0,
1095.0,1.0,,,
1095.01,,2.0,,2.0
1095.02,,,1.0,
1095.5,1.0,,,
1095.51,,2.0,,2.0
1095.53,,,1.0,
1096.0,1.0,,,
1096.01,,2.0,,2.0
1096.03,,,1.0,
1096.5,2.0,,,
1096.51,,2.0,,2.0
1096.53,,,1.0,
1097.0,2.0,,,
1097.01,,2.0,,2.0
1097.03,,,1.0,
1097.5,2.0,,,
1097.51,,2.0,,2.0
1097.53,,,1.0,
1098.0,2.0,,,
1098.01,,2.0,,2.0
1098.03,,,1.0,
1098.5,2.0,,,
1098.51,,2.0,,3.0
1098.53,,,1.0,
1099.0,2.0,,,
1099.01,,2.0,,2.0
1099.03,,,1.0,
1099.51,2.0,2.0,,
1099.52,,,,2.0
1099.53,,,1.0,
1100.01,2.0,2.0,,
1100.02,,,,2.0
1100.03,,,1.0,
1100.5,,2.0,,
1100.51,2.0,,,
1100.52,,,,2.0
1100.53,,,1.0,
1101.0,,2.0,,
1101.01,2.0,,,
1101.02,,,,2.0
1101.03,,,1.0,
1101.5,,3.0,,
1101.52,,,,2.0
1101.53,1.0,,1.0,
1102.0,,3.0,,
1102.02,,,,2.0
1102.03,1.0,,1.0,
1102.5,,3.0,,
1102.52,,,,2.0
1102.53,2.0,,1.0,
1103.0,,2.0,,
1103.02,,,,2.0
1103.03,2.0,,1.0,
1103.5,,3.0,,
1103.51,,,,2.0
1103.53,2.0,,1.0,
1104.0,,3.0,,
1104.01,,,,2.0
1104.03,2.0,,1.0,
1104.5,,2.0,,
1104.51,,,1.0,2.0
1104.53,2.0,,,
1105.0,,3.0,,
1105.01,,,,1.0
1105.03,1.0,,2.0,
1105.5,,3.0,,
1105.51,,,,1.0
1105.53,1.0,,1.0,
1106.0,,3.0,,
1106.01,,,,1.0
1106.03,1.0,,1.0,
1106.5,,2.0,,
1106.51,,,,2.0
1106.53,1.0,,1.0,
1107.01,,2.0,,2.0
1107.03,1.0,,1.0,
1107.5,1.0,,,
1107.51,,3.0,,2.0
1107.53,,,1.0,
1108.0,1.0,,,
1108.01,,3.0,,2.0
1108.03,,,2.0,
1108.5,1.0,,,
1108.51,,3.0,,2.0
1108.52,,,0.0,
1109.0,2.0,,,
1109.01,,3.0,,2.0
1109.02,,,0.0,
1109.5,2.0,,,
1109.51,,3.0,,3.0
1109.52,,,1.0,
1110.0,2.0,,,
1110.01,,3.0,,3.0
1110.02,,,0.0,
1110.5,2.0,,,
1110.51,,3.0,,2.0
1110.52,,,0.0,
1111.0,1.0,,,
1111.01,,2.0,,2.0
1111.02,,,0.0,
1111.5,1.0,,,
1111.51,,2.0,,2.0
1111.52,,,0.0,
1112.0,2.0,,,
1112.01,,2.0,,3.0
1112.02,,,0.0,
1112.5,2.0,,,
1112.51,,2.0,,3.0
1112.52,,,0.0,
1113.0,2.0,,,
1113.01,,2.0,,2.0
1113.02,,,0.0,
1113.5,2.0,,,
1113.51,,2.0,,2.0
1113.52,,,0.0,
1114.0,2.0,,,
1114.01,,2.0,,2.0
1114.02,,,0.0,
1114.5,2.0,,,
1114.51,,2.0,,2.0
1114.52,,,0.0,
1115.0,2.0,,,
1115.01,,2.0,,2.0
1115.02,,,0.0,
1115.5,2.0,,,
1115.51,,2.0,,2.0
1115.53,,,1.0,
1116.0,2.0,,,
1116.01,,2.0,,2.0
1116.03,,,1.0,
1116.5,2.0,,,
1116.51,,2.0,,2.0
1116.53,,,2.0,
1117.0,2.0,,,
1117.01,,2.0,,2.0
1117.03,,,2.0,
1117.5,2.0,,,
1117.51,,2.0,,2.0
1117.53,,,2.0,
1118.0,2.0,,,
1118.01,,2.0,,2.0
1118.03,,,2.0,
1118.5,2.0,,,
1118.51,,2.0,,2.0
1118.53,,,2.0,
1119.01,2.0,2.0,,2.0
1119.03,,,2.0,
1119.51,2.0,2.0,,2.0
1119.53,,,2.0,
1120.01,2.0,2.0,,2.0
1120.03,,,2.0,
1120.5,,3.0,,
1120.51,2.0,,,
1120.52,,,,2.0
1120.53,,,2.0,
1121.0,,2.0,,
1121.01,1.0,,,
1121.02,,,,2.0
1121.03,,,2.0,
1121.5,,3.0,,
1121.52,,,,2.0
1121.53,1.0,,2.0,
1122.0,,2.0,,
1122.02,,,,2.0
1122.03,1.0,,2.0,
1122.5,,2.0,,
1122.52,,,,2.0
1122.53,0.0,,2.0,
1123.0,,2.0,,
1123.02,,,,2.0
1123.03,1.0,,1.0,
1123.5,,2.0,,
1123.52,,,,2.0
1123.53,1.0,,1.0,
1124.0,,2.0,,
1124.01,,,,2.0
1124.03,2.0,,1.0,
1124.5,,2.0,,
1124.51,,,,2.0
1124.53,1.0,,1.0,
1125.0,,2.0,,
1125.01,,,,2.0
1125.03,1.0,,1.0,
1125.5,,2.0,,
1125.51,,,,2.0
1125.53,2.0,,2.0,
1126.0,,2.0,,
1126.01,,,,1.0
1126.03,2.0,,2.0,
1126.5,,2.0,,
1126.51,,,,0.0
1126.53,1.0,,1.0,
1127.0,1.0,2.0,,
1127.01,,,,0.0
1127.03,,,1.0,
1127.5,1.0,2.0,,
1127.51,,,,0.0
1127.53,,,1.0,
1128.0,1.0,2.0,,
1128.01,,,,0.0
1128.02,,,1.0,
1128.5,1.0,,,
1128.51,,2.0,,0.0
1128.52,,,2.0,
1129.0,1.0,,,
1129.01,,2.0,,0.0
1129.02,,,2.0,
1129.5,2.0,,,
1129.51,,3.0,,0.0
1129.52,,,1.0,
1130.0,2.0,,,
1130.01,,3.0,,1.0
1130.02,,,2.0,
1130.5,1.0,,,
1130.51,,3.0,,2.0
1130.52,,,1.0,
1131.0,1.0,,,
1131.01,,3.0,,3.0
1131.02,,,1.0,
1131.5,2.0,,,
1131.51,,3.0,,2.0
1131.52,,,1.0,
1132.0,2.0,,,
1132.01,,2.0,,1.0
1132.02,,,1.0,
1132.5,2.0,,,
1132.51,,2.0,,1.0
1132.52,,,0.0,
1133.0,2.0,,,
1133.01,,3.0,,1.0
1133.02,,,0.0,
1133.5,2.0,,,
1133.51,,3.0,,2.0
1133.52,,,1.0,
1134.0,2.0,,,
1134.01,,3.0,,2.0
1134.02,,,1.0,
1134.5,2.0,,,
1134.51,,3.0,,3.0
1134.52,,,2.0,
1135.0,2.0,,,
1135.01,,3.0,,3.0
1135.02,,,2.0,
1135.5,1.0,,,
1135.51,,3.0,,3.0
1135.52,,,1.0,
1136.0,2.0,,,
1136.01,,3.0,,2.0
1136.03,,,1.0,
1136.5,2.0,,,
1136.51,,2.0,,1.0
1136.53,,,1.0,
1137.0,2.0,,,
1137.01,,2.0,,2.0
1137.03,,,1.0,
1137.5,2.0,,,
1137.51,,1.0,,2.0
1137.53,,,1.0,
1138.0,1.0,,,
1138.01,,0.0,,3.0
1138.03,,,1.0,
1138.5,2.0,,,
1138.51,,0.0,,2.0
1138.53,,,2.0,
1139.0,2.0,,,
1139.01,,0.0,,2.0
1139.03,,,1.0,
1139.51,1.0,0.0,,2.0
1139.53,,,2.0,
1140.0,,0.0,,
1140.01,1.0,,,1.0
1140.03,,,2.0,
1140.5,,1.0,,
1140.51,1.0,,,2.0
1140.53,,,2.0,
1141.0,,1.0,,
1141.01,1.0,,,2.0
1141.03,,,2.0,
1141.5,,1.0,,
1141.51,2.0,,,
1141.52,,,,2.0
1141.53,,,3.0,
1142.0,,2.0,,
1142.02,,,,2.0
1142.03,2.0,,1.0,
1142.5,,2.0,,
1142.52,,,,2.0
1142.53,2.0,,2.0,
1143.0,,2.0,,
1143.02,,,,2.0
1143.03,2.0,,1.0,
1143.5,,2.0,,
1143.52,,,,2.0
1143.53,2.0,,1.0,
1144.0,,2.0,,
1144.02,,,,2.0
1144.03,2.0,,1.0,
1144.5,,2.0,,
1144.51,,,,2.0
1144.53,2.0,,1.0,
1145.0,,2.0,,
1145.01,,,,3.0
1145.03,2.0,,1.0,
1145.5,,2.0,,
1145.51,,,,2.0
1145.53,2.0,,1.0,
1146.0,,2.0,,
1146.01,,,,2.0
1146.03,2.0,,2.0,
1146.5,,2.0,,
1146.51,,,,2.0
1146.53,2.0,,2.0,
1147.0,2.0,2.0,,
1147.01,,,,2.0
1147.03,,,2.0,
1147.5,2.0,2.0,,
1147.51,,,,2.0
1147.52,,,2.0,
1148.0,1.0,2.0,,
1148.01,,,,2.0
1148.02,,,2.0,
1148.5,2.0,2.0,,
1148.51,,,,2.0
1148.52,,,2.0,
1149.0,2.0,3.0,,
1149.01,,,,2.0
1149.02,,,2.0,
1149.5,2.0,2.0,,
1149.51,,,,1.0
1149.52,,,2.0,
1150.0,1.0,,,
1150.01,,2.0,,1.0
1150.02,,,2.0,
1150.5,1.0,,,
1150.51,,2.0,,2.0
1150.52,,,2.0,
1151.0,1.0,,,
1151.01,,2.0,,2.0
1151.02,,,1.0,
1151.5,2.0,,,
1151.51,,2.0,,2.0
1151.52,,,1.0,
1152.0,2.0,,,
1152.01,,2.0,,2.0
1152.02,,,1.0,
1152.5,2.0,,,
1152.51,,2.0,,2.0
1152.52,,,1.0,
1153.0,2.0,,,
1153.01,,2.0,,2.0
1153.02,,,1.0,
1153.5,2.0,,,
1153.51,,2.0,,2.0
1153.52,,,2.0,
1154.0,2.0,,,
1154.01,,2.0,,2.0
1154.02,,,2.0,
1154.5,2.0,,,
1154.51,,1.0,,2.0
1154.52,,,2.0,
1155.0,2.0,,,
1155.01,,0.0,,2.0
1155.02,,,2.0,
1155.5,2.0,,,
1155.51,,0.0,,2.0
1155.52,,,2.0,
1156.0,2.0,,,
1156.01,,0.0,,2.0
1156.03,,,2.0,
1156.5,2.0,,,
1156.51,,0.0,,1.0
1156.53,,,2.0,
1157.0,1.0,,,
1157.01,,0.0,,2.0
1157.03,,,2.0,
1157.5,1.0,,,
1157.51,,1.0,,3.0
1157.53,,,2.0,
1158.0,1.0,,,
1158.01,,1.0,,3.0
1158.03,,,2.0,
1158.5,1.0,,,
1158.51,,1.0,,3.0
1158.53,,,2.0,
1159.01,1.0,2.0,,3.0
1159.03,,,2.0,
1159.51,1.0,2.0,,3.0
1159.53,,,1.0,
1160.01,1.0,2.0,,2.0
1160.03,,,2.0,
1160.5,,1.0,,
1160.51,,,,2.0
1160.53,1.0,,2.0,
1161.0,,2.0,,
1161.01,,,,1.0
1161.03,2.0,,2.0,
1161.5,,2.0,,
1161.51,,,,2.0
1161.53,2.0,,2.0,
1162.0,,2.0,,
1162.01,,,,2.0
1162.03,2.0,,1.0,
1162.5,,1.0,,
1162.52,,,,3.0
1162.53,2.0,,1.0,
1163.0,,2.0,,
1163.02,,,,2.0
1163.03,2.0,,2.0,
1163.5,,2.0,,
1163.52,,,,2.0
1163.53,2.0,,2.0,
1164.0,,2.0,,
1164.02,,,,2.0
1164.03,2.0,,2.0,
1164.5,,2.0,,
1164.51,,,,2.0
1164.53,2.0,,2.0,
1165.0,,2.0,,
1165.01,,,,2.0
1165.03,2.0,,2.0,
1165.5,,2.0,,
1165.51,,,,1.0
1165.53,1.0,,2.0,
1166.0,,2.0,,
1166.01,,,,3.0
1166.03,2.0,,2.0,
1166.5,,2.0,,
1166.51,,,,3.0
1166.53,2.0,,2.0,
1167.0,1.0,2.0,,
1167.01,,,,3.0
1167.03,,,2.0,
1167.5,1.0,0.0,,
1167.51,,,,3.0
1167.53,,,2.0,
1168.0,1.0,1.0,,
1168.01,,,,3.0
1168.02,,,2.0,
1168.5,0.0,1.0,,
1168.51,,,,3.0
1168.52,,,2.0,
1169.0,0.0,2.0,,
1169.01,,,,3.0
1169.02,,,2.0,
1169.5,1.0,2.0,,
1169.51,,,,3.0
1169.52,,,2.0,
1170.0,2.0,0.0,,
1170.01,,,,3.0
1170.02,,,2.0,
1170.5,1.0,2.0,,
1170.51,,,,3.0
1170.52,,,2.0,
1171.0,1.0,0.0,,
1171.01,,,,3.0
1171.02,,,2.0,
1171.5,2.0,,,
1171.51,,0.0,,2.0
1171.52,,,2.0,
1172.0,2.0,,,
1172.01,,1.0,,3.0
1172.02,,,2.0,
1172.5,2.0,,,
1172.51,,1.0,,3.0
1172.52,,,2.0,
1173.0,1.0,,,
1173.01,,0.0,,3.0
1173.02,,,2.0,
1173.5,1.0,,,
1173.51,,1.0,,3.0
1173.52,,,2.0,
1174.0,2.0,,,
1174.01,,0.0,,1.0
1174.02,,,2.0,
1174.5,1.0,,,
1174.51,,1.0,,1.0
1174.52,,,2.0,
1175.0,1.0,,,
1175.01,,0.0,,3.0
1175.02,,,2.0,
1175.5,1.0,,,
1175.51,,1.0,,3.0
1175.52,,,2.0,
1176.0,1.0,,,
1176.01,,1.0,,3.0
1176.03,,,2.0,
1176.5,1.0,,,
1176.51,,1.0,,3.0
1176.53,,,2.0,
1177.0,1.0,,,
1177.01,,0.0,,2.0
1177.03,,,2.0,
1177.5,1.0,,,
1177.51,,0.0,,3.0
1177.53,,,2.0,
1178.0,1.0,,,
1178.01,,1.0,,3.0
1178.03,,,2.0,
1178.5,1.0,,,
1178.51,,1.0,,3.0
1178.53,,,2.0,
1179.01,1.0,1.0,,3.0
1179.03,,,2.0,
1179.51,1.0,1.0,,3.0
1179.53,,,2.0,
1180.01,,0.0,,2.0
1180.03,2.0,,2.0,
1180.51,,0.0,,2.0
1180.52,,,2.0,
1180.53,1.0,,,
1181.01,,0.0,,2.0
1181.03,1.0,,2.0,
1181.5,,1.0,,
1181.51,,,,1.0
1181.53,2.0,,2.0,
1182.0,,3.0,,
1182.01,,,,2.0
1182.03,1.0,,2.0,
1182.5,,3.0,,
1182.51,,,,3.0
1182.53,2.0,,2.0,
1183.0,,2.0,,
1183.02,,,,2.0
1183.03,1.0,,2.0,
1183.5,,3.0,,
1183.52,,,,3.0
1183.53,2.0,,2.0,
1184.0,,2.0,,
1184.01,,,,3.0
1184.03,1.0,,1.0,
1184.5,,2.0,,
1184.51,,,,3.0
1184.53,1.0,,1.0,
1185.0,,2.0,,
1185.01,,,,3.0
1185.03,2.0,,1.0,
1185.5,,1.0,,
1185.51,,,,2.0
1185.53,1.0,,2.0,
1186.0,,2.0,,
1186.01,,,,2.0
1186.03,2.0,,2.0,
1186.5,,2.0,,
1186.51,,,,2.0
1186.53,2.0,,2.0,
1187.0,2.0,2.0,,
1187.01,,,,2.0
1187.02,,,2.0,
1187.5,2.0,0.0,,
1187.51,,,,2.0
1187.52,,,2.0,
1188.0,2.0,1.0,,
1188.01,,,,2.0
1188.02,,,2.0,
1188.5,1.0,2.0,,
1188.51,,,,2.0
1188.52,,,2.0,
1189.0,2.0,2.0,,
1189.01,,,,2.0
1189.02,,,2.0,
1189.5,2.0,2.0,,
1189.51,,,,2.0
1189.52,,,2.0,
1190.0,2.0,2.0,,
1190.01,,,,2.0
1190.02,,,2.0,
1190.5,2.0,1.0,,
1190.51,,,,2.0
1190.52,,,2.0,
1191.0,2.0,1.0,,
1191.01,,,,2.0
1191.02,,,2.0,
1191.5,2.0,2.0,,
1191.51,,,,2.0
1191.52,,,2.0,
1192.0,2.0,1.0,,
1192.01,,,,2.0
1192.02,,,2.0,
1192.5,2.0,2.0,,
1192.51,,,,2.0
1192.52,,,2.0,
1193.0,2.0,,,
1193.01,,2.0,,2.0
1193.02,,,2.0,
1193.5,2.0,,,
1193.51,,2.0,,2.0
1193.52,,,2.0,
1194.0,1.0,,,
1194.01,,2.0,,2.0
1194.02,,,2.0,
1194.5,2.0,,,
1194.51,,1.0,,2.0
1194.52,,,2.0,
1195.0,2.0,,,
1195.01,,1.0,,1.0
1195.02,,,2.0,
1195.5,1.0,,,
1195.51,,1.0,,1.0
1195.52,,,2.0,
1196.0,1.0,,,
1196.01,,1.0,,1.0
1196.03,,,2.0,
1196.5,1.0,,,
1196.51,,1.0,,2.0
1196.53,,,2.0,
1197.0,1.0,,,
1197.01,,2.0,,2.0
1197.03,,,2.0,
1197.5,1.0,,,
1197.51,,2.0,,2.0
1197.53,,,2.0,
1198.0,1.0,,,
1198.01,,2.0,,3.0
1198.03,,,2.0,
1198.5,1.0,,,
1198.51,,2.0,,2.0
1198.53,,,2.0,
1199.01,,2.0,,2.0
1199.03,1.0,,2.0,
1199.51,,2.0,,2.0
1199.53,2.0,,2.0,
1200.01,,1.0,,2.0
1200.03,2.0,,2.0,
1200.51,,1.0,,2.0
1200.53,2.0,,2.0,
1201.01,,2.0,,2.0
1201.03,2.0,,2.0,
1201.51,,2.0,,2.0
1201.53,2.0,,2.0,
1202.0,,1.0,,
1202.01,,,,2.0
1202.03,2.0,,1.0,
1202.5,,2.0,,
1202.51,,,,2.0
1202.53,2.0,,2.0,
1203.0,,2.0,,
1203.01,,,,2.0
1203.03,2.0,,2.0,
1203.5,,2.0,,
1203.51,,,,2.0
1203.53,2.0,,2.0,
1204.0,,2.0,,
1204.01,,,,2.0
1204.03,2.0,,2.0,
1204.5,,2.0,,
1204.51,,,,2.0
1204.53,2.0,,2.0,
1205.0,,2.0,,
1205.01,,,,2.0
1205.03,2.0,,2.0,
1205.5,,1.0,,
1205.51,,,,2.0
1205.53,2.0,,1.0,
1206.0,,1.0,,
1206.01,,,,2.0
1206.02,,,1.0,
1206.03,2.0,,,
1206.5,,2.0,,
1206.51,,,,2.0
1206.52,,,1.0,
1206.53,2.0,,,
1207.0,2.0,2.0,,
1207.01,,,,2.0
1207.02,,,1.0,
1207.5,2.0,2.0,,
1207.51,,,,2.0
1207.52,,,1.0,
1208.0,2.0,2.0,,
1208.01,,,,2.0
1208.02,,,2.0,
1208.5,2.0,2.0,,
1208.51,,,,2.0
1208.52,,,2.0,
1209.0,2.0,2.0,,
1209.01,,,,2.0
1209.02,,,2.0,
1209.5,2.0,1.0,,
1209.51,,,,2.0
1209.52,,,2.0,
1210.0,2.0,1.0,,
1210.01,,,,2.0
1210.02,,,1.0,
1210.5,2.0,2.0,,
1210.51,,,,2.0
1210.52,,,1.0,
1211.0,2.0,2.0,,
1211.01,,,,2.0
1211.02,,,1.0,
1211.5,2.0,2.0,,
1211.51,,,,2.0
1211.52,,,2.0,
1212.0,1.0,2.0,,
1212.01,,,,3.0
1212.02,,,2.0,
1212.5,1.0,2.0,,
1212.51,,,,3.0
1212.52,,,2.0,
1213.0,1.0,2.0,,
1213.01,,,,3.0
1213.02,,,2.0,
1213.5,1.0,2.0,,
1213.51,,,,2.0
1213.52,,,2.0,
1214.0,1.0,1.0,,
1214.01,,,,2.0
1214.02,,,2.0,
1214.5,1.0,,,
1214.51,,1.0,,2.0
1214.52,,,2.0,
1215.0,1.0,,,
1215.01,,2.0,,3.0
1215.02,,,2.0,
1215.5,2.0,,,
1215.51,,2.0,,3.0
1215.52,,,2.0,
1216.0,2.0,,,
1216.01,,2.0,,3.0
1216.03,,,2.0,
1216.5,0.0,,,
1216.51,,2.0,,2.0
1216.53,,,2.0,
1217.0,0.0,,,
1217.01,,2.0,,2.0
1217.03,,,2.0,
1217.5,0.0,,,
1217.51,,2.0,,2.0
1217.53,,,2.0,
1218.0,0.0,,,
1218.01,,2.0,,2.0
1218.03,,,1.0,
1218.5,1.0,,,
1218.51,,2.0,,2.0
1218.53,,,1.0,
1219.01,1.0,2.0,,2.0
1219.03,,,1.0,
1219.51,,2.0,,2.0
1219.52,,,1.0,
1219.53,1.0,,,
1220.01,,2.0,,2.0
1220.03,2.0,,1.0,
1220.51,,2.0,,2.0
1220.53,2.0,,1.0,
1221.01,,2.0,,2.0
1221.03,2.0,,1.0,
1221.51,,2.0,,2.0
1221.53,2.0,,1.0,
1222.01,,2.0,,2.0
1222.03,2.0,,1.0,
1222.51,,,,2.0
1222.53,2.0,2.0,2.0,
1223.0,,2.0,,
1223.01,,,,2.0
1223.03,2.0,,1.0,
1223.5,,2.0,,
1223.51,,,,2.0
1223.53,2.0,,1.0,
1224.0,,2.0,,
1224.01,,,,2.0
1224.03,2.0,,1.0,
1224.5,,1.0,,
1224.51,,,,2.0
1224.53,2.0,,2.0,
1225.0,,2.0,,
1225.01,,,,2.0
1225.03,2.0,,1.0,
1225.5,,2.0,,
1225.51,,,,2.0
1225.52,,,2.0,
1225.53,2.0,,,
1226.0,,2.0,,
1226.01,,,,2.0
1226.02,,,2.0,
1226.03,2.0,,,
1226.5,,2.0,,
1226.51,,,,2.0
1226.52,,,2.0,
1226.53,2.0,,,
1227.0,2.0,2.0,,
1227.01,,,,2.0
1227.02,,,2.0,
1227.5,2.0,2.0,,
1227.51,,,,2.0
1227.52,,,2.0,
1228.0,2.0,2.0,,
1228.01,,,,2.0
1228.02,,,2.0,
1228.5,2.0,2.0,,
1228.51,,,,2.0
1228.52,,,2.0,
1229.0,2.0,2.0,,
1229.01,,,,2.0
1229.02,,,2.0,
1229.5,2.0,2.0,,
1229.51,,,,2.0
1229.52,,,2.0,
1230.0,2.0,2.0,,
1230.01,,,,2.0
1230.02,,,2.0,
1230.5,2.0,1.0,,
1230.51,,,,2.0
1230.52,,,2.0,
1231.0,2.0,2.0,,
1231.01,,,,2.0
1231.02,,,2.0,
1231.5,2.0,2.0,,
1231.51,,,,2.0
1231.52,,,2.0,
1232.0,2.0,2.0,,
1232.01,,,,2.0
1232.02,,,2.0,
1232.5,2.0,2.0,,
1232.51,,,,2.0
1232.52,,,1.0,
1233.0,2.0,1.0,,
1233.01,,,,2.0
1233.02,,,1.0,
1233.5,2.0,1.0,,
1233.51,,,,2.0
1233.52,,,2.0,
1234.0,2.0,1.0,,
1234.01,,,,2.0
1234.02,,,2.0,
1234.5,2.0,1.0,,
1234.51,,,,2.0
1234.52,,,2.0,
1235.0,2.0,1.0,,
1235.01,,,,2.0
1235.02,,,2.0,
1235.5,2.0,2.0,,
1235.51,,,,2.0
1235.52,,,2.0,
1236.0,2.0,,,
1236.01,,2.0,,3.0
1236.02,,,2.0,
1236.5,2.0,,,
1236.51,,2.0,,2.0
1236.52,,,1.0,
1237.0,2.0,,,
1237.01,,2.0,,2.0
1237.03,,,2.0,
1237.5,2.0,,,
1237.51,,2.0,,2.0
1237.53,,,2.0,
1238.0,2.0,,,
1238.01,,2.0,,2.0
1238.03,,,2.0,
1238.5,2.0,,,
1238.51,,2.0,,2.0
1238.53,,,2.0,
1239.01,1.0,0.0,,2.0
1239.03,,,2.0,
1239.51,,2.0,,2.0
1239.53,1.0,,2.0,
1240.01,,2.0,,2.0
1240.03,1.0,,1.0,
1240.51,,2.0,,2.0
1240.53,1.0,,1.0,
1241.01,,2.0,,2.0
1241.03,1.0,,1.0,
1241.51,,2.0,,2.0
1241.53,1.0,,1.0,
1242.01,,2.0,,2.0
1242.03,1.0,,1.0,
1242.51,,2.0,,2.0
1242.53,1.0,,1.0,
1243.01,,,,2.0
1243.03,1.0,1.0,2.0,
1243.51,,,,2.0
1243.53,2.0,1.0,2.0,
1244.01,,,,2.0
1244.03,2.0,1.0,1.0,
1244.5,,2.0,,
1244.51,,,,2.0
1244.52,,,1.0,
1244.53,2.0,,,
1245.0,,1.0,,
1245.01,,,,2.0
1245.02,,,1.0,
1245.03,2.0,,,
1245.5,,2.0,,
1245.51,,,,2.0
1245.52,,,1.0,
1245.53,2.0,,,
1246.0,,2.0,,
1246.01,,,,2.0
1246.02,,,1.0,
1246.03,2.0,,,
1246.5,,2.0,,
1246.51,,,,2.0
1246.52,,,1.0,
1246.53,2.0,,,
1247.0,1.0,2.0,,
1247.01,,,,2.0
1247.02,,,1.0,
1247.5,1.0,2.0,,
1247.51,,,,2.0
1247.52,,,1.0,
1248.0,1.0,2.0,,
1248.01,,,,2.0
1248.02,,,1.0,
1248.5,1.0,2.0,,
1248.51,,,,1.0
1248.52,,,1.0,
1249.0,0.0,2.0,,
1249.01,,,,1.0
1249.02,,,1.0,
1249.5,1.0,2.0,,
1249.51,,,,2.0
1249.52,,,1.0,
1250.0,2.0,2.0,,
1250.01,,,,2.0
1250.02,,,1.0,
1250.5,1.0,2.0,,
1250.51,,,,2.0
1250.52,,,1.0,
1251.0,2.0,2.0,,
1251.01,,,,2.0
1251.02,,,1.0,
1251.5,2.0,2.0,,
1251.51,,,,2.0
1251.52,,,1.0,
1252.0,2.0,2.0,,
1252.01,,,,2.0
1252.02,,,2.0,
1252.5,2.0,2.0,,
1252.51,,,,2.0
1252.52,,,2.0,
1253.0,2.0,1.0,,
1253.01,,,,2.0
1253.02,,,2.0,
1253.5,2.0,1.0,,
1253.51,,,,2.0
1253.52,,,2.0,
1254.0,1.0,1.0,,
1254.01,,,,2.0
1254.02,,,2.0,
1254.5,1.0,2.0,,
1254.51,,,,1.0
1254.52,,,0.0,
1255.0,1.0,2.0,,
1255.01,,,,2.0
1255.02,,,0.0,
1255.5,1.0,1.0,,
1255.51,,,,2.0
1255.52,,,0.0,
1256.0,1.0,1.0,,
1256.01,,,,2.0
1256.02,,,0.0,
1256.5,2.0,2.0,,
1256.51,,,,2.0
1256.52,,,1.0,
1257.0,2.0,2.0,,
1257.01,,,,2.0
1257.03,,,2.0,
1257.51,,2.0,,2.0
1257.53,2.0,,2.0,
1258.01,,2.0,,2.0
1258.03,2.0,,2.0,
1258.51,,2.0,,2.0
1258.53,2.0,,1.0,
1259.01,,2.0,,2.0
1259.03,2.0,,2.0,
1259.51,,2.0,,2.0
1259.53,1.0,,2.0,
1260.01,,2.0,,2.0
1260.03,1.0,,2.0,
1260.51,,2.0,,2.0
1260.53,1.0,,2.0,
1261.01,,2.0,,2.0
1261.03,2.0,,1.0,
1261.51,,2.0,,2.0
1261.53,2.0,,2.0,
1262.01,,2.0,,2.0
1262.03,2.0,,2.0,
1262.51,,2.0,,2.0
1262.53,2.0,,2.0,
1263.01,,1.0,,2.0
1263.03,2.0,,1.0,
1263.51,,1.0,,2.0
1263.53,2.0,,2.0,
1264.01,,,,2.0
1264.03,2.0,1.0,2.0,
1264.51,,,,2.0
1264.53,2.0,1.0,2.0,
1265.01,,,,2.0
1265.02,,,2.0,
1265.03,2.0,2.0,,
1265.51,,,,2.0
1265.52,,,2.0,
1265.53,1.0,2.0,,
1266.0,,2.0,,
1266.01,,,,2.0
1266.02,,,2.0,
1266.03,1.0,,,
1266.5,,2.0,,
1266.51,,,,2.0
1266.52,,,2.0,
1266.53,1.0,,,
1267.0,1.0,2.0,,
1267.01,,,,2.0
1267.02,,,1.0,
1267.5,1.0,2.0,,
1267.51,,,,2.0
1267.52,,,1.0,
1268.0,1.0,2.0,,
1268.01,,,,2.0
1268.02,,,1.0,
1268.5,1.0,2.0,,
1268.51,,,,2.0
1268.52,,,1.0,
1269.0,2.0,2.0,,
1269.01,,,,2.0
1269.02,,,1.0,
1269.5,2.0,2.0,,
1269.51,,,,3.0
1269.52,,,2.0,
1270.0,2.0,2.0,,
1270.01,,,,3.0
1270.02,,,2.0,
1270.5,2.0,2.0,,
1270.51,,,,2.0
1270.52,,,2.0,
1271.0,2.0,2.0,,
1271.01,,,,2.0
1271.02,,,2.0,
1271.5,2.0,2.0,,
1271.51,,,,2.0
1271.52,,,2.0,
1272.0,2.0,2.0,,
1272.01,,,,2.0
1272.02,,,2.0,
1272.5,1.0,2.0,,
1272.51,,,,2.0
1272.52,,,2.0,
1273.0,2.0,2.0,,
1273.01,,,,2.0
1273.02,,,2.0,
1273.5,2.0,2.0,,
1273.51,,,,2.0
1273.52,,,2.0,
1274.0,2.0,2.0,,
1274.01,,,,2.0
1274.02,,,2.0,
1274.5,2.0,2.0,,
1274.51,,,,2.0
1274.52,,,2.0,
1275.0,2.0,1.0,,
1275.01,,,,2.0
1275.02,,,2.0,
1275.5,1.0,2.0,,
1275.51,,,,2.0
1275.52,,,1.0,
1276.0,1.0,1.0,,
1276.01,,,,2.0
1276.02,,,2.0,
1276.5,,2.0,,
1276.51,,,,2.0
1276.53,0.0,,2.0,
1277.0,,2.0,,
1277.01,,,,2.0
1277.03,2.0,,1.0,
1277.5,,2.0,,
1277.51,,,,2.0
1277.53,2.0,,1.0,
1278.0,,2.0,,
1278.01,,,,2.0
1278.03,2.0,,1.0,
1278.5,,1.0,,
1278.51,,,,2.0
1278.53,1.0,,1.0,
1279.01,,2.0,,2.0
1279.03,1.0,,1.0,
1279.51,,2.0,,2.0
1279.53,2.0,,1.0,
1280.01,,2.0,,2.0
1280.03,2.0,,1.0,
1280.51,,2.0,,2.0
1280.53,2.0,,1.0,
1281.01,,1.0,,2.0
1281.03,1.0,,1.0,
1281.51,,1.0,,2.0
1281.53,2.0,,2.0,
1282.01,,2.0,,2.0
1282.03,2.0,,2.0,
1282.51,,2.0,,2.0
1282.53,1.0,,,
1282.64,,,2.0,
1283.01,,2.0,,2.0
1283.03,1.0,,2.0,
1283.51,,1.0,,2.0
1283.53,0.0,,2.0,
1284.01,,1.0,,2.0
1284.03,1.0,,2.0,
1284.51,,1.0,,2.0
1284.53,2.0,,2.0,
1285.01,,,,2.0
1285.02,,,2.0,
1285.03,2.0,2.0,,
1285.51,,,,2.0
1285.52,,,2.0,
1285.53,1.0,2.0,,
1286.01,,,,2.0
1286.02,,,2.0,
1286.03,2.0,2.0,,
1286.51,,,,2.0
1286.52,,,2.0,
1286.53,2.0,1.0,,
1287.0,2.0,,,
1287.01,,,,2.0
1287.02,,,2.0,
1287.03,,1.0,,
1287.5,2.0,1.0,,
1287.51,,,,2.0
1287.52,,,2.0,
1288.0,2.0,1.0,,
1288.01,,,,2.0
1288.02,,,2.0,
1288.5,2.0,1.0,,
1288.51,,,,1.0
1288.52,,,2.0,
1289.0,2.0,2.0,,
1289.01,,,,2.0
1289.02,,,2.0,
1289.5,1.0,2.0,,
1289.51,,,,2.0
1289.52,,,2.0,
1290.0,1.0,1.0,,
1290.01,,,,2.0
1290.02,,,2.0,
1290.5,2.0,1.0,,
1290.51,,,,2.0
1290.52,,,2.0,
1291.0,2.0,2.0,,
1291.01,,,,2.0
1291.02,,,2.0,
1291.5,2.0,2.0,,
1291.51,,,,2.0
1291.52,,,2.0,
1292.0,2.0,2.0,,
1292.01,,,,2.0
1292.02,,,2.0,
1292.5,2.0,2.0,,
1292.51,,,,2.0
1292.52,,,2.0,
1293.0,2.0,1.0,,
1293.01,,,,2.0
1293.02,,,2.0,
1293.5,2.0,2.0,,
1293.51,,,,2.0
1293.52,,,2.0,
1294.0,2.0,2.0,,
1294.01,,,,2.0
1294.02,,,2.0,
1294.5,2.0,2.0,,
1294.51,,,,2.0
1294.52,,,2.0,
1295.0,2.0,2.0,,
1295.01,,,,2.0
1295.02,,,2.0,
1295.5,2.0,2.0,,
1295.51,,,,2.0
1295.52,,,2.0,
1296.0,,2.0,,
1296.01,,,,2.0
1296.02,,,2.0,
1296.03,2.0,,,
1296.5,,2.0,,
1296.51,,,,2.0
1296.53,2.0,,2.0,
1297.0,,1.0,,
1297.01,,,,2.0
1297.03,2.0,,1.0,
1297.5,,1.0,,
1297.51,,,,2.0
1297.53,1.0,,1.0,
1298.0,,1.0,,
1298.01,,,,2.0
1298.03,2.0,,1.0,
1298.5,,1.0,,
1298.51,,,,2.0
1298.53,2.0,,1.0,
1299.0,,2.0,,
1299.01,,,,2.0
1299.03,2.0,,1.0,
1299.5,,2.0,,
1299.51,,,,2.0
1299.53,2.0,,1.0,
1300.0,,2.0,,
1300.01,,,,2.0
1300.03,2.0,,1.0,
1300.51,,2.0,,2.0
1300.53,2.0,,1.0,
1301.01,,2.0,,2.0
1301.03,2.0,,1.0,
1301.51,,2.0,,2.0
1301.53,2.0,,1.0,
1302.01,,1.0,,2.0
1302.03,2.0,,2.0,
1302.51,,1.0,,2.0
1302.53,1.0,,1.0,
1303.01,,1.0,,2.0
1303.02,,,1.0,
1303.03,1.0,,,
1303.51,,1.0,,2.0
1303.52,,,1.0,
1303.53,2.0,,,
1304.01,,2.0,,2.0
1304.02,,,1.0,
1304.03,2.0,,,
1304.51,,1.0,,2.0
1304.52,,,1.0,
1304.53,2.0,,,
1305.01,,2.0,,2.0
1305.02,,,1.0,
1305.03,2.0,,,
1305.51,,,,2.0
1305.52,,,1.0,
1305.53,2.0,2.0,,
1306.01,,,,2.0
1306.02,,,1.0,
1306.03,2.0,2.0,,
1306.51,,,,2.0
1306.52,,,1.0,
1306.53,2.0,2.0,,
1307.0,2.0,,,
1307.01,,,,2.0
1307.02,,,1.0,
1307.03,,2.0,,
1307.5,2.0,,,
1307.51,,,,2.0
1307.52,,,1.0,
1307.53,,2.0,,
1308.0,2.0,,,
1308.01,,,,2.0
1308.02,,,1.0,
1308.03,,1.0,,
1308.5,2.0,,,
1308.51,,,,2.0
1308.52,,,1.0,
1308.53,,1.0,,
1309.0,2.0,1.0,,
1309.01,,,,2.0
1309.02,,,1.0,
1309.5,2.0,2.0,,
1309.51,,,,2.0
1309.52,,,1.0,
1310.0,2.0,1.0,,
1310.01,,,,2.0
1310.02,,,1.0,
1310.5,2.0,1.0,,
1310.51,,,,2.0
1310.52,,,2.0,
1311.0,2.0,1.0,,
1311.01,,,,1.0
1311.02,,,2.0,
1311.5,2.0,1.0,,
1311.51,,,,2.0
1311.52,,,2.0,
1312.0,2.0,1.0,,
1312.01,,,,2.0
1312.02,,,2.0,
1312.5,2.0,1.0,,
1312.51,,,,2.0
1312.52,,,1.0,
1313.0,2.0,2.0,,
1313.01,,,,2.0
1313.02,,,1.0,
1313.5,2.0,2.0,,
1313.51,,,,2.0
1313.52,,,1.0,
1314.0,2.0,1.0,,
1314.01,,,,2.0
1314.02,,,1.0,
1314.5,2.0,1.0,,
1314.51,,,,2.0
1314.52,,,1.0,
1315.0,2.0,1.0,,
1315.02,,,1.0,
1315.28,,,,2.0
1315.5,,1.0,,
1315.51,,,,2.0
1315.52,,,1.0,
1315.53,2.0,,,
1316.0,,1.0,,
1316.01,,,,2.0
1316.02,,,2.0,
1316.03,2.0,,,
1316.5,,2.0,,
1316.51,,,,2.0
1316.52,,,1.0,
1316.53,2.0,,,
1317.0,,2.0,,
1317.01,,,,2.0
1317.02,,,1.0,
1317.03,2.0,,,
1317.5,,2.0,,
1317.51,,,,2.0
1317.52,,,2.0,
1317.53,2.0,,,
1318.0,,2.0,,
1318.01,,,,2.0
1318.02,,,2.0,
1318.03,2.0,,,
1318.5,,1.0,,
1318.51,,,,2.0
1318.52,,,2.0,
1318.53,2.0,,,
1319.0,,2.0,,
1319.01,,,,2.0
1319.02,,,2.0,
1319.03,2.0,,,
1319.5,,1.0,,
1319.52,,,2.0,2.0
1319.53,2.0,,,
1320.0,,1.0,,
1320.01,,,,2.0
1320.02,,,2.0,
1320.03,2.0,,,
1320.5,,1.0,,
1320.51,,,,2.0
1320.52,,,2.0,
1320.53,2.0,,,
1321.0,,1.0,,
1321.01,,,,3.0
1321.03,1.0,,2.0,
1321.5,,2.0,,
1321.51,,,,2.0
1321.53,2.0,,2.0,
1322.0,,2.0,,
1322.01,,,,2.0
1322.02,,,2.0,
1322.03,1.0,,,
1322.5,,2.0,,
1322.51,,,,2.0
1322.52,,,2.0,
1322.53,1.0,,,
1323.0,,1.0,,
1323.01,,,,2.0
1323.02,,,2.0,
1323.03,1.0,,,
1323.5,,0.0,,
1323.51,,,,2.0
1323.52,,,2.0,
1323.53,2.0,,,
1324.0,,0.0,,
1324.01,,,,2.0
1324.02,,,2.0,
1324.03,2.0,,,
1324.5,,1.0,,
1324.51,,,,2.0
1324.52,,,2.0,
1324.53,2.0,,,
1325.0,,1.0,,
1325.01,,,,2.0
1325.02,,,2.0,
1325.03,2.0,,,
1325.5,,,,2.0
1325.52,,,2.0,
1325.53,2.0,1.0,,
1326.0,,,,2.0
1326.02,,,2.0,
1326.03,2.0,1.0,,
1326.5,,,,2.0
1326.52,,,2.0,
1326.53,2.0,1.0,,
1327.0,2.0,,,2.0
1327.02,,,1.0,
1327.03,,1.0,,
1327.5,2.0,,,2.0
1327.52,,,2.0,
1327.53,,1.0,,
1328.0,2.0,,,2.0
1328.02,,,0.0,
1328.03,,1.0,,
1328.5,2.0,,,2.0
1328.52,,,0.0,
1328.53,,1.0,,
1329.0,2.0,,,2.0
1329.02,,,0.0,
1329.03,,1.0,,
1329.5,2.0,,,
1329.51,,,,2.0
1329.52,,,2.0,
1329.53,,1.0,,
1330.0,2.0,,,
1330.01,,,,2.0
1330.02,,,2.0,
1330.03,,1.0,,
1330.5,2.0,1.0,,
1330.51,,,,2.0
1330.52,,,2.0,
1331.0,2.0,1.0,,
1331.01,,,,2.0
1331.02,,,2.0,
1331.5,2.0,2.0,,
1331.51,,,,2.0
1331.52,,,2.0,
1332.0,2.0,1.0,,
1332.01,,,,2.0
1332.02,,,1.0,
1332.5,2.0,1.0,,
1332.51,,,,2.0
1332.52,,,0.0,
1333.0,1.0,1.0,,
1333.01,,,,2.0
1333.02,,,2.0,
1333.5,1.0,1.0,,
1333.51,,,,2.0
1333.52,,,2.0,
1334.0,1.0,2.0,,
1334.01,,,,2.0
1334.02,,,2.0,
1334.5,1.0,1.0,,
1334.51,,,,2.0
1334.52,,,2.0,
1335.0,1.0,1.0,,
1335.01,,,,2.0
1335.02,,,2.0,
1335.5,,1.0,,
1335.51,,,,2.0
1335.52,,,2.0,
1335.53,1.0,,,
1336.0,,1.0,,
1336.01,,,,2.0
1336.02,,,2.0,
1336.03,1.0,,,
1336.5,,1.0,,
1336.51,,,,2.0
1336.52,,,2.0,
1336.53,2.0,,,
1337.0,,1.0,,
1337.01,,,,2.0
1337.02,,,2.0,
1337.03,1.0,,,
1337.5,,1.0,,
1337.51,,,,2.0
1337.52,,,2.0,
1337.53,2.0,,,
1338.0,,1.0,,
1338.01,,,,2.0
1338.02,,,2.0,
1338.03,2.0,,,
1338.5,,1.0,,
1338.51,,,,2.0
1338.52,,,1.0,
1338.53,2.0,,,
1339.0,,1.0,,
1339.01,,,,2.0
1339.02,,,1.0,
1339.03,1.0,,,
1339.5,,1.0,,
1339.51,,,,2.0
1339.52,,,1.0,
1339.53,1.0,,,
1340.0,,1.0,,
1340.01,,,,1.0
1340.02,,,1.0,
1340.03,1.0,,,
1340.5,,1.0,,
1340.51,,,,2.0
1340.52,,,2.0,
1340.53,1.0,,,
1341.0,,2.0,,
1341.01,,,,2.0
1341.02,,,1.0,
1341.03,1.0,,,
1341.5,,2.0,,
1341.51,,,,1.0
1341.52,,,2.0,
1341.53,2.0,,,
1342.0,,1.0,,
1342.01,,,,1.0
1342.02,,,2.0,
1342.03,2.0,,,
1342.5,,1.0,,
1342.51,,,,1.0
1342.52,,,1.0,
1342.53,2.0,,,
1343.0,,1.0,,
1343.01,,,,2.0
1343.02,,,0.0,
1343.03,1.0,,,
1343.5,,1.0,,
1343.51,,,,2.0
1343.52,,,1.0,
1343.53,2.0,,,
1344.0,,1.0,,
1344.01,,,,2.0
1344.02,,,1.0,
1344.03,2.0,,,
1344.5,,1.0,,
1344.51,,,,2.0
1344.52,,,1.0,
1344.53,1.0,,,
1345.0,,1.0,,
1345.01,,,,2.0
1345.02,,,1.0,
1345.03,1.0,,,
1345.5,,,,2.0
1345.52,,,1.0,
1345.53,1.0,1.0,,
1346.0,,,,2.0
1346.02,,,1.0,
1346.03,2.0,1.0,,
1346.5,,,,2.0
1346.52,,,2.0,
1346.53,1.0,1.0,,
1347.0,2.0,,,2.0
1347.02,,,2.0,
1347.03,,1.0,,
1347.5,2.0,,,2.0
1347.52,,,2.0,
1347.53,,1.0,,
1348.0,2.0,,,2.0
1348.02,,,2.0,
1348.03,,1.0,,
1348.5,2.0,,,2.0
1348.52,,,2.0,
1348.53,,1.0,,
1349.0,2.0,,,2.0
1349.02,,,1.0,
1349.03,,1.0,,
1349.5,1.0,,,2.0
1349.52,,,1.0,
1349.53,,1.0,,
1350.0,2.0,,,2.0
1350.02,,,1.0,
1350.03,,1.0,,
1350.5,1.0,,,
1350.51,,,,2.0
1350.52,,,1.0,
1350.53,,1.0,,
1351.0,1.0,,,
1351.01,,,,2.0
1351.02,,,2.0,
1351.03,,1.0,,
1351.5,1.0,,,
1351.51,,,,2.0
1351.52,,,2.0,
1351.53,,1.0,,
1352.0,2.0,1.0,,
1352.01,,,,2.0
1352.02,,,2.0,
1352.5,2.0,2.0,,
1352.51,,,,2.0
1352.52,,,2.0,
1353.0,1.0,2.0,,
1353.01,,,,2.0
1353.02,,,2.0,
1353.5,2.0,2.0,,
1353.51,,,,2.0
1353.52,,,2.0,
1354.0,2.0,2.0,,
1354.01,,,,2.0
1354.02,,,2.0,
1354.5,2.0,2.0,,
1354.51,,,,2.0
1354.52,,,2.0,
1355.0,,2.0,,
1355.01,,,,2.0
1355.02,,,1.0,
1355.03,2.0,,,
1355.5,,2.0,,
1355.51,,,,2.0
1355.52,,,1.0,
1355.53,2.0,,,
1356.0,,2.0,,
1356.01,,,,2.0
1356.02,,,2.0,
1356.03,2.0,,,
1356.5,,2.0,,
1356.51,,,,2.0
1356.52,,,2.0,
1356.53,1.0,,,
1357.0,,2.0,,
1357.01,,,,2.0
1357.02,,,1.0,
1357.03,2.0,,,
1357.5,,2.0,,
1357.51,,,,3.0
1357.52,,,1.0,
1357.53,2.0,,,
1358.0,,2.0,,
1358.01,,,,3.0
1358.02,,,1.0,
1358.03,2.0,,,
1358.5,,2.0,,
1358.51,,,,3.0
1358.52,,,1.0,
1358.53,2.0,,,
1359.0,,2.0,,
1359.01,,,,3.0
1359.02,,,1.0,
1359.03,2.0,,,
1359.5,,2.0,,
1359.51,,,,3.0
1359.52,,,2.0,
1359.53,2.0,,,
1360.0,,2.0,,
1360.01,,,,2.0
1360.02,,,2.0,
1360.03,2.0,,,
1360.5,,2.0,,
1360.51,,,,2.0
1360.52,,,2.0,
1360.53,2.0,,,
1361.0,,2.0,,
1361.01,,,,2.0
1361.03,2.0,,2.0,
1361.5,,2.0,,
1361.51,,,,2.0
1361.52,,,2.0,
1361.53,2.0,,,
1362.0,,2.0,,
1362.01,,,,2.0
1362.02,,,1.0,
1362.03,2.0,,,
1362.5,,2.0,,
1362.51,,,,2.0
1362.52,,,0.0,
1362.53,1.0,,,
1363.0,,2.0,,
1363.01,,,,2.0
1363.02,,,0.0,
1363.03,1.0,,,
1363.5,,2.0,,
1363.51,,,,2.0
1363.52,,,0.0,
1363.53,2.0,,,
1364.0,,2.0,,
1364.01,,,,2.0
1364.02,,,0.0,
1364.03,2.0,,,
1364.5,,1.0,,
1364.51,,,,2.0
1364.52,,,0.0,
1364.53,2.0,,,
1365.0,,1.0,,
1365.01,,,,2.0
1365.02,,,0.0,
1365.03,2.0,,,
1365.5,,,,2.0
1365.52,,,0.0,
1365.53,2.0,1.0,,
1366.0,,,,2.0
1366.02,,,0.0,
1366.03,2.0,1.0,,
1366.5,2.0,,,2.0
1366.52,,,1.0,
1366.53,,1.0,,
1367.0,2.0,,,2.0
1367.02,,,1.0,
1367.03,,1.0,,
1367.5,2.0,,,2.0
1367.52,,,1.0,
1367.53,,2.0,,
1368.0,2.0,,,2.0
1368.02,,,1.0,
1368.03,,2.0,,
1368.5,2.0,,,2.0
1368.52,,,1.0,
1368.53,,2.0,,
1369.0,2.0,,,2.0
1369.02,,,1.0,
1369.03,,2.0,,
1369.5,2.0,,,2.0
1369.52,,,1.0,
1369.53,,2.0,,
1370.0,2.0,,,3.0
1370.02,,,2.0,
1370.03,,1.0,,
1370.5,2.0,,,3.0
1370.52,,,1.0,
1370.53,,1.0,,
1371.0,2.0,,,3.0
1371.02,,,1.0,
1371.03,,1.0,,
1371.5,2.0,,,
1371.51,,,,3.0
1371.52,,,1.0,
1371.53,,1.0,,
1372.0,2.0,,,
1372.01,,,,3.0
1372.02,,,1.0,
1372.03,,1.0,,
1372.5,2.0,,,
1372.51,,,,2.0
1372.52,,,1.0,
1372.53,,2.0,,
1373.0,2.0,,,
1373.01,,,,2.0
1373.02,,,1.0,
1373.03,,2.0,,
1373.5,1.0,1.0,,
1373.51,,,,2.0
1373.52,,,1.0,
1374.0,1.0,1.0,,
1374.01,,,,2.0
1374.02,,,1.0,
1374.5,,1.0,,
1374.51,,,,2.0
1374.52,,,1.0,
1374.53,1.0,,,
1375.0,,1.0,,
1375.01,,,,2.0
1375.02,,,1.0,
1375.03,1.0,,,
1375.5,,1.0,,
1375.51,,,,2.0
1375.52,,,1.0,
1375.53,1.0,,,
1376.0,,1.0,,
1376.01,,,,2.0
1376.02,,,1.0,
1376.03,1.0,,,
1376.5,,1.0,,2.0
1376.52,,,1.0,
1376.53,2.0,,,
1377.0,,1.0,,
1377.01,,,,2.0
1377.02,,,1.0,
1377.03,2.0,,,
1377.5,,1.0,,
1377.51,,,,2.0
1377.52,,,1.0,
1377.53,2.0,,,
1378.0,,1.0,,
1378.01,,,,2.0
1378.02,,,1.0,
1378.03,2.0,,,
1378.5,,1.0,,
1378.51,,,,2.0
1378.52,,,1.0,
1378.53,2.0,,,
1379.0,,2.0,,
1379.01,,,,2.0
1379.02,,,1.0,
1379.03,2.0,,,
1379.5,,1.0,,
1379.51,,,,2.0
1379.52,,,1.0,
1379.53,2.0,,,
1380.0,,1.0,,
1380.01,,,,2.0
1380.02,,,2.0,
1380.03,2.0,,,
1380.5,,1.0,,
1380.51,,,,2.0
1380.52,,,2.0,
1380.53,2.0,,,
1381.0,,1.0,,
1381.01,,,,2.0
1381.03,2.0,,2.0,
1381.5,,1.0,,
1381.51,,,,2.0
1381.53,1.0,,2.0,
1382.0,,1.0,,
1382.01,,,,2.0
1382.02,,,2.0,
1382.03,2.0,,,
1382.5,,1.0,,
1382.51,,,,2.0
1382.52,,,2.0,
1382.53,2.0,,,
1383.0,,1.0,,
1383.01,,,,2.0
1383.02,,,2.0,
1383.03,2.0,,,
1383.5,,1.0,,
1383.51,,,,2.0
1383.52,,,1.0,
1383.53,2.0,,,
1384.0,,1.0,,
1384.01,,,,2.0
1384.02,,,1.0,
1384.03,2.0,,,
1384.5,,1.0,,
1384.51,,,,2.0
1384.52,,,1.0,
1384.53,2.0,,,
1385.0,,1.0,,2.0
1385.02,,,1.0,
1385.03,2.0,,,
1385.5,,,,2.0
1385.52,,,1.0,
1385.53,2.0,1.0,,
1386.0,,,,2.0
1386.02,,,1.0,
1386.03,2.0,1.0,,
1386.5,1.0,,,2.0
1386.52,,,1.0,
1386.53,,1.0,,
1387.0,2.0,,,2.0
1387.02,,,2.0,
1387.03,,1.0,,
1387.5,2.0,,,2.0
1387.52,,,2.0,
1387.53,,1.0,,
1388.0,2.0,,,2.0
1388.02,,,1.0,
1388.03,,1.0,,
1388.5,1.0,,,2.0
1388.52,,,1.0,
1388.53,,1.0,,
1389.0,1.0,,,2.0
1389.02,,,1.0,
1389.03,,1.0,,
1389.5,1.0,,,2.0
1389.52,,,1.0,
1389.53,,1.0,,
1390.0,2.0,,,2.0
1390.02,,,2.0,
1390.03,,1.0,,
1390.5,2.0,,,2.0
1390.52,,,1.0,
1390.53,,1.0,,
1391.0,2.0,,,2.0
1391.02,,,2.0,
1391.03,,1.0,,
1391.5,2.0,,,2.0
1391.52,,,1.0,
1391.53,,1.0,,
1392.0,2.0,,,2.0
1392.02,,,1.0,
1392.03,,1.0,,
1392.5,1.0,,,
1392.51,,,,2.0
1392.52,,,1.0,
1392.53,,2.0,,
1393.0,1.0,,,
1393.01,,,,2.0
1393.02,,,1.0,
1393.03,,2.0,,
1393.5,1.0,,,
1393.51,,,,2.0
1393.52,,,1.0,
1393.53,,2.0,,
1394.01,,,,2.0
1394.02,,,1.0,
1394.03,1.0,2.0,,
1394.51,,,,2.0
1394.52,,,1.0,
1394.53,1.0,2.0,,
1395.0,,2.0,,
1395.01,,,,2.0
1395.02,,,1.0,
1395.03,1.0,,,
1395.5,,2.0,,
1395.51,,,,2.0
1395.52,,,1.0,
1395.53,2.0,,,
1396.0,,2.0,,
1396.01,,,,2.0
1396.02,,,1.0,
1396.03,2.0,,,
1396.5,,2.0,,
1396.51,,,,2.0
1396.52,,,1.0,
1396.53,2.0,,,
1397.0,,2.0,,
1397.01,,,,2.0
1397.02,,,1.0,
1397.03,2.0,,,
1397.5,,1.0,,
1397.51,,,,2.0
1397.52,,,1.0,
1397.53,2.0,,,
1398.0,,1.0,,
1398.01,,,,2.0
1398.02,,,1.0,
1398.03,2.0,,,
1398.5,,1.0,,
1398.51,,,,2.0
1398.52,,,2.0,
1398.53,2.0,,,
1399.0,,1.0,,
1399.01,,,,2.0
1399.02,,,2.0,
1399.03,2.0,,,
1399.5,,1.0,,
1399.51,,,,2.0
1399.52,,,2.0,
1399.53,2.0,,,
1400.0,,1.0,,
1400.01,,,,2.0
1400.02,,,2.0,
1400.03,2.0,,,
1400.5,,1.0,,
1400.51,,,,2.0
1400.52,,,2.0,
1400.53,2.0,,,
1401.0,,1.0,,
1401.01,,,,2.0
1401.03,2.0,,1.0,
1401.5,,1.0,,
1401.51,,,,3.0
1401.53,2.0,,1.0,
1402.0,,1.0,,
1402.01,,,,3.0
1402.02,,,2.0,
1402.03,1.0,,,
1402.5,,1.0,,
1402.51,,,,3.0
1402.52,,,2.0,
1402.53,1.0,,,
1403.0,,1.0,,
1403.01,,,,3.0
1403.02,,,2.0,
1403.03,1.0,,,
1403.5,,1.0,,
1403.51,,,,2.0
1403.52,,,2.0,
1403.53,1.0,,,
1404.0,,2.0,,
1404.01,,,,2.0
1404.02,,,2.0,
1404.03,2.0,,,
1404.5,,2.0,,
1404.51,,,,2.0
1404.52,,,2.0,
1404.53,2.0,,,
1405.0,,2.0,,
1405.01,,,,2.0
1405.02,,,2.0,
1405.03,2.0,,,
1405.5,,,,2.0
1405.52,,,1.0,
1405.53,2.0,2.0,,
1406.0,,,,2.0
1406.02,,,1.0,
1406.03,2.0,2.0,,
1406.5,2.0,,,2.0
1406.52,,,1.0,
1406.53,,2.0,,
1407.0,2.0,,,2.0
1407.02,,,1.0,
1407.03,,2.0,,
1407.5,2.0,,,2.0
1407.52,,,1.0,
1407.53,,2.0,,
1408.0,2.0,,,2.0
1408.02,,,1.0,
1408.03,,2.0,,
1408.5,2.0,,,2.0
1408.52,,,1.0,
1408.53,,1.0,,
1409.0,2.0,,,2.0
1409.02,,,1.0,
1409.03,,1.0,,
1409.5,2.0,,,2.0
1409.52,,,1.0,
1409.53,,2.0,,
1410.0,2.0,,,2.0
1410.02,,,1.0,
1410.03,,2.0,,
1410.5,2.0,,,2.0
1410.52,,,1.0,
1410.53,,2.0,,
1411.0,1.0,,,2.0
1411.02,,,1.0,
1411.03,,1.0,,
1411.5,1.0,,,2.0
1411.52,,,1.0,
1411.53,,1.0,,
1412.0,2.0,,,2.0
1412.02,,,2.0,
1412.03,,1.0,,
1412.5,2.0,,,2.0
1412.52,,,2.0,
1412.53,,2.0,,
1413.0,2.0,,,2.0
1413.02,,,2.0,
1413.03,,1.0,,
1413.51,,,,2.0
1413.52,,,2.0,
1413.53,2.0,2.0,,
1414.01,,,,2.0
1414.02,,,2.0,
1414.03,2.0,2.0,,
1414.51,,,,2.0
1414.52,,,2.0,
1414.53,1.0,2.0,,
1415.01,,,,2.0
1415.02,,,2.0,
1415.03,1.0,2.0,,
1415.51,,,,2.0
1415.52,,,2.0,
1415.53,1.0,2.0,,
1416.0,,2.0,,
1416.01,,,,2.0
1416.02,,,2.0,
1416.03,1.0,,,
1416.5,,2.0,,
1416.51,,,,2.0
1416.52,,,2.0,
1416.53,1.0,,,
1417.0,,1.0,,
1417.01,,,,2.0
1417.02,,,2.0,
1417.03,1.0,,,
1417.5,,1.0,,
1417.51,,,,2.0
1417.52,,,2.0,
1417.53,2.0,,,
1418.0,,1.0,,
1418.01,,,,2.0
1418.02,,,2.0,
1418.03,2.0,,,
1418.5,,2.0,,
1418.51,,,,2.0
1418.52,,,1.0,
1418.53,2.0,,,
1419.0,,2.0,,
1419.01,,,,2.0
1419.02,,,1.0,
1419.03,2.0,,,
1419.5,,2.0,,
1419.51,,,,2.0
1419.52,,,1.0,
1419.53,2.0,,,
1420.0,,1.0,,
1420.01,,,,2.0
1420.02,,,1.0,
1420.03,1.0,,,
1420.5,,1.0,,
1420.51,,,,2.0
1420.52,,,1.0,
1420.53,1.0,,,
1421.0,,1.0,,
1421.01,,,,2.0
1421.02,,,1.0,
1421.03,1.0,,,
1421.5,,1.0,,
1421.51,,,1.0,2.0
1421.53,2.0,,,
1422.0,,1.0,,
1422.01,,,,2.0
1422.02,,,2.0,
1422.03,2.0,,,
1422.5,,1.0,,
1422.51,,,,2.0
1422.52,,,1.0,
1422.53,2.0,,,
1423.0,,1.0,,
1423.01,,,,2.0
1423.02,,,2.0,
1423.03,2.0,,,
1423.5,,1.0,,
1423.51,,,,2.0
1423.52,,,1.0,
1423.53,2.0,,,
1424.0,,1.0,,
1424.01,,,,2.0
1424.02,,,2.0,
1424.03,2.0,,,
1424.5,,1.0,,
1424.51,,,,2.0
1424.52,,,1.0,
1424.53,2.0,,,
1425.0,,1.0,,
1425.01,,,,2.0
1425.02,,,1.0,
1425.03,2.0,,,
1425.51,,,,2.0
1425.52,,,1.0,
1425.53,2.0,0.0,,
1426.01,,,,2.0
1426.02,,,2.0,
1426.03,2.0,0.0,,
1426.5,2.0,,,2.0
1426.52,,,2.0,
1426.53,,0.0,,
1427.0,1.0,,,2.0
1427.02,,,2.0,
1427.03,,0.0,,
1427.5,1.0,,,2.0
1427.52,,,1.0,
1427.53,,0.0,,
1428.0,2.0,,,2.0
1428.02,,,1.0,
1428.03,,0.0,,
1428.5,2.0,,,2.0
1428.52,,,1.0,
1428.53,,0.0,,
1429.0,1.0,,,1.0
1429.02,,,1.0,
1429.03,,0.0,,
1429.5,2.0,,,2.0
1429.52,,,1.0,
1429.53,,0.0,,
1430.0,1.0,,,2.0
1430.02,,,1.0,
1430.03,,0.0,,
1430.5,2.0,,,2.0
1430.52,,,1.0,
1430.53,,0.0,,
1431.0,2.0,,,2.0
1431.02,,,1.0,
1431.03,,0.0,,
1431.5,2.0,,,2.0
1431.52,,,1.0,
1431.53,,0.0,,
1432.0,2.0,,,2.0
1432.02,,,1.0,
1432.03,,2.0,,
1432.5,2.0,,,2.0
1432.52,,,1.0,
1432.53,,2.0,,
1433.0,2.0,,,2.0
1433.02,,,1.0,
1433.03,,1.0,,
1433.5,,,,2.0
1433.52,,,1.0,
1433.53,1.0,1.0,,
1434.01,,,,2.0
1434.02,,,1.0,
1434.03,1.0,1.0,,
1434.51,,,,2.0
1434.52,,,1.0,
1434.53,1.0,1.0,,
1435.01,,,,2.0
1435.02,,,1.0,
1435.03,2.0,2.0,,
1435.51,,,,2.0
1435.52,,,1.0,
1435.53,2.0,2.0,,
1436.01,,,,2.0
1436.02,,,2.0,
1436.03,2.0,2.0,,
1436.51,,,,2.0
1436.52,,,2.0,
1436.53,2.0,2.0,,
1437.01,,,,2.0
1437.02,,,1.0,
1437.03,2.0,2.0,,
1437.51,,,,2.0
1437.52,,,1.0,
1437.53,2.0,2.0,,
1438.0,,1.0,,
1438.01,,,,2.0
1438.02,,,2.0,
1438.03,2.0,,,
1438.5,,2.0,,
1438.51,,,,2.0
1438.52,,,2.0,
1438.53,2.0,,,
1439.0,,2.0,,
1439.01,,,,2.0
1439.02,,,2.0,
1439.03,2.0,,,
1439.5,,2.0,,
1439.51,,,,2.0
1439.52,,,2.0,
1439.53,2.0,,,
1440.0,,2.0,,
1440.01,,,,3.0
1440.02,,,2.0,
1440.03,2.0,,,
1440.5,,2.0,,
1440.51,,,,2.0
1440.52,,,2.0,
1440.53,2.0,,,
1441.0,,2.0,,
1441.01,,,,2.0
1441.02,,,2.0,
1441.03,2.0,,,
1441.5,,2.0,,
1441.51,,,,2.0
1441.52,,,2.0,
1441.53,2.0,,,
1442.0,,2.0,,
1442.01,,,,2.0
1442.02,,,2.0,
1442.03,2.0,,,
1442.5,,1.0,,
1442.51,,,,2.0
1442.52,,,2.0,
1442.53,2.0,,,
1443.0,,1.0,,
1443.01,,,,2.0
1443.02,,,2.0,
1443.03,2.0,,,
1443.5,,1.0,,
1443.51,,,,2.0
1443.52,,,2.0,
1443.53,2.0,,,
1444.0,,1.0,,
1444.01,,,,2.0
1444.02,,,2.0,
1444.03,2.0,,,
1444.5,,1.0,,
1444.51,,,,2.0
1444.52,,,2.0,
1444.53,2.0,,,
1445.0,,1.0,,
1445.01,,,,2.0
1445.02,,,2.0,
1445.03,2.0,,,
1445.5,,1.0,,
1445.51,,,,2.0
1445.52,,,2.0,
1445.53,2.0,,,
1446.0,,1.0,,
1446.01,,,,2.0
1446.02,,,2.0,
1446.03,1.0,,,
1446.5,2.0,,,2.0
1446.52,,,2.0,
1446.53,,1.0,,
1447.0,2.0,,,2.0
1447.02,,,2.0,
1447.03,,1.0,,
1447.5,2.0,,,2.0
1447.52,,,2.0,
1447.53,,1.0,,
1448.0,2.0,,,2.0
1448.02,,,2.0,
1448.03,,1.0,,
1448.5,2.0,,,2.0
1448.52,,,1.0,
1448.53,,0.0,,
1449.0,2.0,,,2.0
1449.02,,,1.0,
1449.03,,0.0,,
1449.5,1.0,,,2.0
1449.52,,,1.0,
1449.53,,1.0,,
1450.0,1.0,,,2.0
1450.02,,,1.0,
1450.03,,1.0,,
1450.5,1.0,,,2.0
1450.52,,,1.0,
1450.53,,2.0,,
1451.0,1.0,,,2.0
1451.02,,,1.0,
1451.03,,2.0,,
1451.5,1.0,,,2.0
1451.52,,,1.0,
1451.53,,2.0,,
1452.0,1.0,,,2.0
1452.02,,,1.0,
1452.03,,2.0,,
1452.5,1.0,,,2.0
1452.52,,,1.0,
1452.53,,2.0,,
1453.0,1.0,,,2.0
1453.02,,,1.0,
1453.03,,2.0,,
1453.5,,,,2.0
1453.52,,,1.0,
1453.53,1.0,2.0,,
1454.0,,,,2.0
1454.02,,,1.0,
1454.03,1.0,2.0,,
1454.5,,,,2.0
1454.52,,,1.0,
1454.53,1.0,2.0,,
1455.01,,,,3.0
1455.02,,,1.0,
1455.03,2.0,2.0,,
1455.51,,,,2.0
1455.52,,,1.0,
1455.53,2.0,2.0,,
1456.01,,,,2.0
1456.02,,,1.0,
1456.03,2.0,2.0,,
1456.51,,,,2.0
1456.52,,,1.0,
1456.53,2.0,2.0,,
1457.01,,,,2.0
1457.02,,,2.0,
1457.03,2.0,2.0,,
1457.51,,,,2.0
1457.52,,,2.0,
1457.53,2.0,2.0,,
1458.01,,,,2.0
1458.02,,,2.0,
1458.03,1.0,2.0,,
1458.51,,,,2.0
1458.52,,,2.0,
1458.53,1.0,2.0,,
1459.0,,2.0,,
1459.01,,,,2.0
1459.02,,,2.0,
1459.03,1.0,,,
1459.5,,2.0,,
1459.51,,,,2.0
1459.52,,,2.0,
1459.53,1.0,,,
1460.0,,2.0,,
1460.01,,,,3.0
1460.02,,,1.0,
1460.03,1.0,,,
1460.5,,2.0,,
1460.51,,,,2.0
1460.52,,,2.0,
1460.53,1.0,,,
1461.0,,2.0,,
1461.01,,,,2.0
1461.02,,,2.0,
1461.03,0.0,,,
1461.5,,2.0,,
1461.51,,,,2.0
1461.52,,,2.0,
1461.53,0.0,,,
1462.0,,2.0,,
1462.01,,,,2.0
1462.02,,,2.0,
1462.03,0.0,,,
1462.5,,2.0,,
1462.51,,,,2.0
1462.52,,,2.0,
1462.53,0.0,,,
1463.0,,2.0,,
1463.01,,,,2.0
1463.02,,,2.0,
1463.03,0.0,,,
1463.5,,2.0,,
1463.51,,,,2.0
1463.52,,,2.0,
1463.53,0.0,,,
1464.0,,2.0,,
1464.01,,,,1.0
1464.02,,,2.0,
1464.03,0.0,,,
1464.5,,2.0,,
1464.51,,,,1.0
1464.52,,,2.0,
1464.53,0.0,,,
1465.0,,2.0,,
1465.01,,,,2.0
1465.02,,,2.0,
1465.03,1.0,,,
1465.5,,1.0,,
1465.51,,,,1.0
1465.52,,,2.0,
1465.53,1.0,,,
1466.0,,1.0,,0.0
1466.02,,,2.0,
1466.03,1.0,,,
1466.5,2.0,1.0,,0.0
1466.52,,,2.0,
1467.0,1.0,,,0.0
1467.02,,,2.0,
1467.03,,1.0,,
1467.5,2.0,,,0.0
1467.52,,,2.0,
1467.53,,1.0,,
1468.0,2.0,,,1.0
1468.02,,,2.0,
1468.03,,1.0,,
1468.5,2.0,,,1.0
1468.52,,,2.0,
1468.53,,1.0,,
1469.0,2.0,,,1.0
1469.02,,,2.0,
1469.03,,2.0,,
1469.5,1.0,,,0.0
1469.52,,,2.0,
1469.53,,2.0,,
1470.0,1.0,,,0.0
1470.02,,,1.0,
1470.03,,2.0,,
1470.5,2.0,,,1.0
1470.52,,,1.0,
1470.53,,2.0,,
1471.0,2.0,,,2.0
1471.02,,,1.0,
1471.03,,2.0,,
1471.5,1.0,,,2.0
1471.52,,,2.0,
1471.53,,2.0,,
1472.0,2.0,,,2.0
1472.02,,,2.0,
1472.03,,1.0,,
1472.5,2.0,,,2.0
1472.52,,,2.0,
1472.53,,1.0,,
1473.0,,,,2.0
1473.02,,,2.0,
1473.03,2.0,1.0,,
1473.5,,,,2.0
1473.52,,,1.0,
1473.53,2.0,1.0,,
1474.0,,,,2.0
1474.02,,,1.0,
1474.03,2.0,1.0,,
1474.5,,,,2.0
1474.52,,,1.0,
1474.53,2.0,1.0,,
1475.0,,,,2.0
1475.02,,,1.0,
1475.03,2.0,1.0,,
1475.5,,,,3.0
1475.52,,,1.0,
1475.53,2.0,1.0,,
1476.01,,,,2.0
1476.02,,,2.0,
1476.03,2.0,1.0,,
1476.51,,,,2.0
1476.52,,,2.0,
1476.53,2.0,1.0,,
1477.01,,,,2.0
1477.02,,,2.0,
1477.03,2.0,2.0,,
1477.51,,,,2.0
1477.52,,,2.0,
1477.53,2.0,2.0,,
1478.01,,,,2.0
1478.02,,,2.0,
1478.03,1.0,2.0,,
1478.51,,,,2.0
1478.52,,,2.0,
1478.53,1.0,2.0,,
1479.01,,,,2.0
1479.02,,,2.0,
1479.03,2.0,2.0,,
1479.51,,,,2.0
1479.52,,,2.0,
1479.53,2.0,2.0,,
1480.01,,,,2.0
1480.02,,,2.0,
1480.03,2.0,2.0,,
1480.5,,1.0,,
1480.51,,,,2.0
1480.52,,,2.0,
1480.53,1.0,,,
1481.0,,2.0,,
1481.01,,,,2.0
1481.02,,,2.0,
1481.03,1.0,,,
1481.5,,2.0,,
1481.51,,,,2.0
1481.52,,,2.0,
1481.53,2.0,,,
1482.0,,2.0,,
1482.01,,,,2.0
1482.02,,,2.0,
1482.03,2.0,,,
1482.5,,2.0,,
1482.51,,,,2.0
1482.52,,,2.0,
1482.53,2.0,,,
1483.0,,2.0,,
1483.01,,,,2.0
1483.02,,,2.0,
1483.03,2.0,,,
1483.5,,1.0,,
1483.51,,,,2.0
1483.52,,,2.0,
1483.53,2.0,,,
1484.0,,1.0,,
1484.01,,,,2.0
1484.02,,,2.0,
1484.03,2.0,,,
1484.5,,1.0,,
1484.51,,,,2.0
1484.52,,,2.0,
1484.53,2.0,,,
1485.0,,1.0,,
1485.01,,,,2.0
1485.02,,,2.0,
1485.03,2.0,,,
1485.5,,1.0,,2.0
1485.52,,,2.0,
1485.53,2.0,,,
1486.0,,1.0,,2.0
1486.02,,,2.0,
1486.03,2.0,,,
1486.5,1.0,1.0,,2.0
1486.52,,,2.0,
1487.0,1.0,,,2.0
1487.02,,,2.0,
1487.03,,1.0,,
1487.5,1.0,,,2.0
1487.52,,,2.0,
1487.53,,1.0,,
1488.0,2.0,,,3.0
1488.02,,,2.0,
1488.03,,2.0,,
1488.5,2.0,,,3.0
1488.52,,,2.0,
1488.53,,2.0,,
1489.0,2.0,,,2.0
1489.02,,,2.0,
1489.03,,2.0,,
1489.5,2.0,,,1.0
1489.52,,,2.0,
1489.53,,2.0,,
1490.0,2.0,,,0.0
1490.02,,,1.0,
1490.03,,2.0,,
1490.5,2.0,,,1.0
1490.52,,,1.0,
1490.53,,2.0,,
1491.0,2.0,,,2.0
1491.02,,,1.0,
1491.03,,2.0,,
1491.5,1.0,,,2.0
1491.52,,,2.0,
1491.53,,2.0,,
1492.0,1.0,,,2.0
1492.02,,,1.0,
1492.03,,2.0,,
1492.5,,,,2.0
1492.52,,,1.0,
1492.53,1.0,2.0,,
1493.0,,,,2.0
1493.02,,,1.0,
1493.03,1.0,2.0,,
1493.5,,,,3.0
1493.52,,,1.0,
1493.53,1.0,2.0,,
1494.0,,,,2.0
1494.02,,,2.0,
1494.03,1.0,2.0,,
1494.5,,,,2.0
1494.52,,,1.0,
1494.53,1.0,1.0,,
1495.0,,,,2.0
1495.02,,,1.0,
1495.03,1.0,2.0,,
1495.5,,,,2.0
1495.52,,,1.0,
1495.53,1.0,2.0,,
1496.0,,,,2.0
1496.02,,,1.0,
1496.03,1.0,2.0,,
1496.5,,,,2.0
1496.52,,,2.0,
1496.53,2.0,2.0,,
1497.01,,,,2.0
1497.02,,,2.0,
1497.03,2.0,2.0,,
1497.51,,,,2.0
1497.52,,,2.0,
1497.53,2.0,2.0,,
1498.01,,,,2.0
1498.02,,,2.0,
1498.03,2.0,2.0,,
1498.51,,,,2.0
1498.52,,,2.0,
1498.53,2.0,2.0,,
1499.01,,,,2.0
1499.02,,,2.0,
1499.03,2.0,2.0,,
1499.51,,,,2.0
1499.52,,,2.0,
1499.53,2.0,2.0,,
1500.01,,,,2.0
1500.02,,,2.0,
1500.03,2.0,2.0,,
1500.51,,,,2.0
1500.52,,,2.0,
1500.53,2.0,2.0,,
1501.01,,,,2.0
1501.02,,,2.0,
1501.03,2.0,2.0,,
1501.51,,,,2.0
1501.52,,,2.0,
1501.53,2.0,2.0,,
1502.0,,2.0,,
1502.01,,,,2.0
1502.02,,,2.0,
1502.03,2.0,,,
1502.5,,2.0,,
1502.51,,,,2.0
1502.52,,,2.0,
1502.53,2.0,,,
1503.0,,2.0,,
1503.01,,,,2.0
1503.02,,,2.0,
1503.03,2.0,,,
1503.5,,2.0,,
1503.51,,,,2.0
1503.52,,,1.0,
1503.53,2.0,,,
1504.0,,2.0,,
1504.01,,,,2.0
1504.02,,,1.0,
1504.03,2.0,,,
1504.5,,2.0,,
1504.51,,,,2.0
1504.52,,,1.0,
1504.53,2.0,,,
1505.0,,2.0,,
1505.01,,,,2.0
1505.02,,,1.0,
1505.03,2.0,,,
1505.5,,1.0,,2.0
1505.52,,,0.0,
1505.53,2.0,,,
1506.0,,2.0,,2.0
1506.02,,,0.0,
1506.03,2.0,,,
1506.5,2.0,2.0,,2.0
1506.52,,,0.0,
1507.0,2.0,2.0,,2.0
1507.02,,,1.0,
1507.5,1.0,2.0,,2.0
1507.52,,,1.0,
1508.0,1.0,,,2.0
1508.02,,,2.0,
1508.03,,2.0,,
1508.5,1.0,,,2.0
1508.52,,,2.0,
1508.53,,2.0,,
1509.0,2.0,,,2.0
1509.02,,,2.0,
1509.03,,2.0,,
1509.5,1.0,,,2.0
1509.52,,,0.0,
1509.53,,2.0,,
1510.0,1.0,,,2.0
1510.02,,,1.0,
1510.03,,2.0,,
1510.5,2.0,,,2.0
1510.52,,,1.0,
1510.53,,2.0,,
1511.0,2.0,,,2.0
1511.02,,,0.0,
1511.03,,2.0,,
1511.5,,,,2.0
1511.52,,,0.0,
1511.53,2.0,2.0,,
1512.0,,,,2.0
1512.02,,,1.0,
1512.03,2.0,1.0,,
1512.5,,,,2.0
1512.52,,,2.0,
1512.53,2.0,1.0,,
1513.0,,,,3.0
1513.02,,,1.0,
1513.03,2.0,1.0,,
1513.5,,,,3.0
1513.52,,,2.0,
1513.53,2.0,1.0,,
1514.0,,,,3.0
1514.02,,,2.0,
1514.03,2.0,1.0,,
1514.5,,,,2.0
1514.52,,,3.0,
1514.53,2.0,1.0,,
1515.0,,,,2.0
1515.02,,,2.0,
1515.03,2.0,1.0,,
1515.5,,,,2.0
1515.52,,,2.0,
1515.53,2.0,1.0,,
1516.0,,,,2.0
1516.02,,,2.0,
1516.03,2.0,1.0,,
1516.5,,,,2.0
1516.52,,,2.0,
1516.53,2.0,1.0,,
1517.0,,,,2.0
1517.02,,,2.0,
1517.03,2.0,2.0,,
1517.5,,,,2.0
1517.52,,,2.0,
1517.53,2.0,2.0,,
1518.01,,,,3.0
1518.02,,,2.0,
1518.03,2.0,1.0,,
1518.51,,,,2.0
1518.52,,,2.0,
1518.53,2.0,1.0,,
1519.01,,,,2.0
1519.02,,,1.0,
1519.03,2.0,1.0,,
1519.51,,,,2.0
1519.52,,,1.0,
1519.53,2.0,1.0,,
1520.01,,,,2.0
1520.02,,,2.0,
1520.03,2.0,1.0,,
1520.51,,,,2.0
1520.52,,,2.0,
1520.53,2.0,2.0,,
1521.01,,,,2.0
1521.02,,,2.0,
1521.03,2.0,2.0,,
1521.51,,,,2.0
1521.52,,,2.0,
1521.53,2.0,1.0,,
1522.01,,,,2.0
1522.02,,,2.0,
1522.03,2.0,1.0,,
1522.51,,,,2.0
1522.52,,,2.0,
1522.53,2.0,1.0,,
1523.01,,,,1.0
1523.02,,,2.0,
1523.03,2.0,1.0,,
1523.5,,1.0,,
1523.51,,,,0.0
1523.52,,,2.0,
1523.53,2.0,,,
1524.0,,1.0,,
1524.01,,,,0.0
1524.02,,,2.0,
1524.03,2.0,,,
1524.5,,1.0,,
1524.51,,,,0.0
1524.52,,,2.0,
1524.53,2.0,,,
1525.0,,1.0,,
1525.01,,,,0.0
1525.02,,,2.0,
1525.03,2.0,,,
1525.5,,1.0,,
1525.51,,,,1.0
1525.52,,,2.0,
1525.53,2.0,,,
1526.0,,1.0,,1.0
1526.02,,,1.0,
1526.03,2.0,,,
1526.5,1.0,1.0,,1.0
1526.52,,,1.0,
1527.0,1.0,1.0,,1.0
1527.02,,,1.0,
1527.5,1.0,1.0,,2.0
1527.52,,,1.0,
1528.0,1.0,1.0,,2.0
1528.02,,,1.0,
1528.5,1.0,,,2.0
1528.52,,,1.0,
1528.53,,1.0,,
1529.0,1.0,,,1.0
1529.02,,,1.0,
1529.03,,2.0,,
1529.5,1.0,,,2.0
1529.52,,,1.0,
1529.53,,2.0,,
1530.0,1.0,,,2.0
1530.02,,,1.0,
1530.03,,2.0,,
1530.5,1.0,,,2.0
1530.52,,,1.0,
1530.53,,2.0,,
1531.0,,,,2.0
1531.02,,,1.0,
1531.03,1.0,2.0,,
1531.5,,,,2.0
1531.52,,,1.0,
1531.53,1.0,2.0,,
1532.0,,,,3.0
1532.02,,,1.0,
1532.03,1.0,3.0,,
1532.5,,,,2.0
1532.52,,,1.0,
1532.53,1.0,2.0,,
1533.0,,,,3.0
1533.02,,,1.0,
1533.03,1.0,3.0,,
1533.5,,,,3.0
1533.52,,,1.0,
1533.53,1.0,3.0,,
1534.0,,,,3.0
1534.02,,,1.0,
1534.03,1.0,3.0,,
1534.5,,,,3.0
1534.52,,,1.0,
1534.53,1.0,3.0,,
1535.0,,,,3.0
1535.02,,,2.0,
1535.03,1.0,3.0,,
1535.5,,,,3.0
1535.52,,,1.0,
1535.53,1.0,3.0,,
1536.0,,,,3.0
1536.02,,,2.0,
1536.03,1.0,2.0,,
1536.5,,,,3.0
1536.52,,,2.0,
1536.53,1.0,2.0,,
1537.0,,,,3.0
1537.02,,,2.0,
1537.03,1.0,2.0,,
1537.5,,,,3.0
1537.52,,,2.0,
1537.53,0.0,2.0,,
1538.0,,,,3.0
1538.02,,,2.0,
1538.03,0.0,2.0,,
1538.51,,,,3.0
1538.52,,,2.0,
1538.53,0.0,2.0,,
1539.01,,,,3.0
1539.02,,,2.0,
1539.03,0.0,1.0,,
1539.51,,,,3.0
1539.52,,,2.0,
1539.53,0.0,2.0,,
1540.01,,,,3.0
1540.02,,,2.0,
1540.03,0.0,2.0,,
1540.51,,,,2.0
1540.52,,,2.0,
1540.53,1.0,2.0,,
1541.01,,,,2.0
1541.02,,,2.0,
1541.03,1.0,2.0,,
1541.51,,,,2.0
1541.52,,,2.0,
1541.53,1.0,2.0,,
1542.01,,,,2.0
1542.02,,,2.0,
1542.03,1.0,2.0,,
1542.51,,,,2.0
1542.52,,,2.0,
1542.53,1.0,2.0,,
1543.01,,,,2.0
1543.02,,,2.0,
1543.03,1.0,2.0,,
1543.51,,,,3.0
1543.52,,,2.0,
1543.53,1.0,2.0,,
1544.01,,,,3.0
1544.02,,,2.0,
1544.03,0.0,2.0,,
1544.51,,,,2.0
1544.52,,,2.0,
1544.53,1.0,2.0,,
1545.0,,2.0,,
1545.01,,,,2.0
1545.02,,,2.0,
1545.03,1.0,,,
1545.5,,2.0,,
1545.51,,,,2.0
1545.52,,,2.0,
1545.53,1.0,,,
1546.0,,2.0,,2.0
1546.02,,,2.0,
1546.03,1.0,,,
1546.5,1.0,2.0,,2.0
1546.52,,,2.0,
1547.0,1.0,3.0,,2.0
1547.02,,,2.0,
1547.5,1.0,2.0,,3.0
1547.52,,,2.0,
1548.0,1.0,2.0,,3.0
1548.02,,,2.0,
1548.5,1.0,,,2.0
1548.52,,2.0,2.0,
1549.0,1.0,,,2.0
1549.02,,2.0,2.0,
1549.5,,,,2.0
1549.52,3.0,,2.0,
1549.53,,1.0,,
1550.0,,,,2.0
1550.02,2.0,,2.0,
1550.03,,2.0,,
1550.5,,,,2.0
1550.52,,,2.0,
1550.53,2.0,2.0,,
1551.0,,,,2.0
1551.02,,,2.0,
1551.03,2.0,2.0,,
1551.5,,,,3.0
1551.52,,,2.0,
1551.53,3.0,2.0,,
1552.0,,,,2.0
1552.02,,,2.0,
1552.03,3.0,2.0,,
1552.5,,,,2.0
1552.52,,,2.0,
1552.53,3.0,2.0,,
1553.0,,,,3.0
1553.02,,,2.0,
1553.03,3.0,2.0,,
1553.5,,,,2.0
1553.52,,,2.0,
1553.53,2.0,2.0,,
1554.0,,,,2.0
1554.02,,,2.0,
1554.03,2.0,2.0,,
1554.5,,,,2.0
1554.52,,,2.0,
1554.53,3.0,2.0,,
1555.0,,,,2.0
1555.02,,,2.0,
1555.03,3.0,1.0,,
1555.5,,,,2.0
1555.52,,,2.0,
1555.53,3.0,1.0,,
1556.0,,,,2.0
1556.02,,,2.0,
1556.03,3.0,1.0,,
1556.5,,,,2.0
1556.52,,,2.0,
1556.53,2.0,1.0,,
1557.0,,,,2.0
1557.02,,,2.0,
1557.03,2.0,1.0,,
1557.5,,,,2.0
1557.52,,,2.0,
1557.53,2.0,1.0,,
1558.0,,,,2.0
1558.02,,,2.0,
1558.03,2.0,1.0,,
1558.5,,,,2.0
1558.52,,,2.0,
1558.53,2.0,1.0,,
1559.0,,,,2.0
1559.02,,,2.0,
1559.03,2.0,1.0,,
1559.51,,,,2.0
1559.52,,,2.0,
1559.53,2.0,1.0,,
1560.01,,,,2.0
1560.02,,,2.0,
1560.03,3.0,1.0,,
1560.51,,,,2.0
1560.52,,,2.0,
1560.53,2.0,1.0,,
1561.01,,,,2.0
1561.02,,,2.0,
1561.03,2.0,1.0,,
1561.51,,,,2.0
1561.52,,,2.0,
1561.53,2.0,1.0,,
1562.01,,,,2.0
1562.02,,,2.0,
1562.03,0.0,1.0,,
1562.51,0.0,,,2.0
1562.52,,,1.0,
1562.53,,1.0,,
1563.01,,,,1.0
1563.02,,,1.0,
1563.03,0.0,1.0,,
1563.51,,,,1.0
1563.52,,,1.0,
1563.53,0.0,2.0,,
1564.01,,,,2.0
1564.02,,,1.0,
1564.03,0.0,2.0,,
1564.51,,,,2.0
1564.52,,,2.0,
1564.53,0.0,1.0,,
1565.01,,,,1.0
1565.02,,,2.0,
1565.03,3.0,1.0,,
1565.51,,,,1.0
1565.52,,,2.0,
1565.53,3.0,1.0,,
1566.0,,,,1.0
1566.02,,,2.0,
1566.03,3.0,2.0,,
1566.5,2.0,2.0,,1.0
1566.52,,,1.0,
1567.0,2.0,2.0,,2.0
1567.02,,,2.0,
1567.5,2.0,2.0,,2.0
1567.52,,,1.0,
1568.0,3.0,2.0,,2.0
1568.02,,,2.0,
1568.5,2.0,,,2.0
1568.52,,2.0,1.0,
1569.0,2.0,,,2.0
1569.02,,1.0,1.0,
1569.5,,,,2.0
1569.52,3.0,1.0,1.0,
1570.0,,,,2.0
1570.02,2.0,1.0,1.0,
1570.5,,,,2.0
1570.52,,,1.0,
1570.53,2.0,1.0,,
1571.0,,,,2.0
1571.02,,,1.0,
1571.03,2.0,1.0,,
1571.5,,,,2.0
1571.52,,,1.0,
1571.53,3.0,2.0,,
1572.0,,,,2.0
1572.02,,,1.0,
1572.03,3.0,1.0,,
1572.5,,,,2.0
1572.52,,,2.0,
1572.53,2.0,1.0,,
1573.0,,,,2.0
1573.02,,,2.0,
1573.03,3.0,2.0,,
1573.5,,,,2.0
1573.52,,,2.0,
1573.53,3.0,1.0,,
1574.0,,,,2.0
1574.02,,,2.0,
1574.03,3.0,2.0,,
1574.5,,,,2.0
1574.52,,,2.0,
1574.53,3.0,1.0,,
1575.0,,,,2.0
1575.02,,,2.0,
1575.03,2.0,2.0,,
1575.5,,,,1.0
1575.52,,,2.0,
1575.53,2.0,2.0,,
1576.0,,,,2.0
1576.02,,,2.0,
1576.03,2.0,1.0,,
1576.5,,,,2.0
1576.52,,,2.0,
1576.53,2.0,1.0,,
1577.0,,,,2.0
1577.02,,,2.0,
1577.03,3.0,2.0,,
1577.5,,,,2.0
1577.52,,,2.0,
1577.53,3.0,2.0,,
1578.0,,,,2.0
1578.02,,,2.0,
1578.03,3.0,2.0,,
1578.5,,,,1.0
1578.52,,,2.0,
1578.53,3.0,2.0,,
1579.0,,,,1.0
1579.02,,,2.0,
1579.03,2.0,2.0,,
1579.5,,,,1.0
1579.52,,,2.0,
1579.53,3.0,2.0,,
1580.0,,,,1.0
1580.02,,,2.0,
1580.03,3.0,2.0,,
1580.51,,,,2.0
1580.52,,,2.0,
1580.53,3.0,2.0,,
1581.01,,,,2.0
1581.02,,,1.0,
1581.03,3.0,2.0,,
1581.51,,,,2.0
1581.52,,,2.0,
1581.53,3.0,2.0,,
1582.01,,,,2.0
1582.02,,,2.0,
1582.03,3.0,1.0,,
1582.51,,,,2.0
1582.52,,,1.0,
1582.53,2.0,1.0,,
1583.01,,,,2.0
1583.02,,,1.0,
1583.03,2.0,1.0,,
1583.51,,,,2.0
1583.52,,,1.0,
1583.53,2.0,1.0,,
1584.01,,,,2.0
1584.02,,,1.0,
1584.03,2.0,1.0,,
1584.51,,,,2.0
1584.52,,,1.0,
1584.53,2.0,1.0,,
1585.01,,,,2.0
1585.02,,,1.0,
1585.03,2.0,1.0,,
1585.51,,,,2.0
1585.52,,,1.0,
1585.53,2.0,2.0,,
1586.01,,,,2.0
1586.02,,,1.0,
1586.03,2.0,2.0,,
1586.5,2.0,,,2.0
1586.52,,,1.0,
1586.53,,2.0,,
1587.0,2.0,,,2.0
1587.02,,,1.0,
1587.03,,2.0,,
1587.5,2.0,,,2.0
1587.52,,,1.0,
1587.53,,2.0,,
1588.0,2.0,2.0,,2.0
1588.02,,,1.0,
1588.5,2.0,2.0,,2.0
1588.52,,,1.0,
1589.0,2.0,2.0,,2.0
1589.02,,,1.0,
1589.5,,,,2.0
1589.52,2.0,2.0,2.0,
1590.0,,,,2.0
1590.02,2.0,2.0,2.0,
1590.5,,,,2.0
1590.52,,2.0,2.0,
1590.53,2.0,,,
1591.0,,,,2.0
1591.02,,2.0,2.0,
1591.03,2.0,,,
1591.5,,,,2.0
1591.52,,2.0,2.0,
1591.53,2.0,,,
1592.0,,,,2.0
1592.02,,,1.0,
1592.03,2.0,2.0,,
1592.5,,,,2.0
1592.52,,,1.0,
1592.53,2.0,2.0,,
1593.0,,,,2.0
1593.02,,,1.0,
1593.03,2.0,1.0,,
1593.5,,,,2.0
1593.52,,,1.0,
1593.53,2.0,2.0,,
1594.0,,,,2.0
1594.02,,,1.0,
1594.03,2.0,1.0,,
1594.5,,,,2.0
1594.52,,,1.0,
1594.53,2.0,0.0,,
1595.0,,,,2.0
1595.02,,,1.0,
1595.03,2.0,0.0,,
1595.5,,,,2.0
1595.52,,,1.0,
1595.53,2.0,2.0,,
1596.0,,,,2.0
1596.02,,,1.0,
1596.03,2.0,2.0,,
1596.5,,,,2.0
1596.52,,,1.0,
1596.53,2.0,2.0,,
1597.0,,,,2.0
1597.02,,,1.0,
1597.03,2.0,2.0,,
1597.5,,,,2.0
1597.52,,,1.0,
1597.53,2.0,2.0,,
1598.0,,,,2.0
1598.02,,,1.0,
1598.03,2.0,2.0,,
1598.5,,,,2.0
1598.52,,,2.0,
1598.53,2.0,2.0,,
1599.0,,,,2.0
1599.02,,,2.0,
1599.03,2.0,2.0,,
1599.5,,,,2.0
1599.52,,,2.0,
1599.53,2.0,2.0,,
1600.0,,,,2.0
1600.02,,,2.0,
1600.03,2.0,2.0,,
1600.5,,,,2.0
1600.52,,,2.0,
1600.53,2.0,0.0,,
1601.0,,,,2.0
1601.02,,,2.0,
1601.03,2.0,1.0,,
1601.51,,,,2.0
1601.52,,,2.0,
1601.53,2.0,1.0,,
1602.01,,,,2.0
1602.02,,,2.0,
1602.03,2.0,1.0,,
1602.51,,,,2.0
1602.52,,,2.0,
1602.53,2.0,1.0,,
1603.01,,,,2.0
1603.02,,,2.0,
1603.03,2.0,1.0,,
1603.51,,,,2.0
1603.52,,,2.0,
1603.53,3.0,1.0,,
1604.01,,,,2.0
1604.02,,,2.0,
1604.03,3.0,1.0,,
1604.51,,,,2.0
1604.52,,,2.0,
1604.53,2.0,1.0,,
1605.01,,,,2.0
1605.02,,,2.0,
1605.03,2.0,1.0,,
1605.51,,,,1.0
1605.52,,,2.0,
1605.53,2.0,1.0,,
1606.01,,,,1.0
1606.02,,,2.0,
1606.03,2.0,2.0,,
1606.5,2.0,,,
1606.51,,,,2.0
1606.52,,,2.0,
1606.53,,1.0,,
1607.0,2.0,,,2.0
1607.02,,,2.0,
1607.03,,2.0,,
1607.5,2.0,,,2.0
1607.52,,,2.0,
1607.53,,2.0,,
1608.0,2.0,,,2.0
1608.02,,,2.0,
1608.03,,2.0,,
1608.5,0.0,,,2.0
1608.52,,,2.0,
1608.53,,2.0,,
1609.0,,,,2.0
1609.02,1.0,,2.0,
1609.03,,2.0,,
1609.5,,2.0,,2.0
1609.52,2.0,,2.0,
1610.0,,2.0,,2.0
1610.02,,,2.0,
1610.03,2.0,,,
1610.5,,,,2.0
1610.52,,2.0,1.0,
1610.53,2.0,,,
1611.0,,,,2.0
1611.02,,2.0,1.0,
1611.03,2.0,,,
1611.5,,,,2.0
1611.52,,2.0,1.0,
1611.53,3.0,,,
1612.0,,,,2.0
1612.02,,2.0,2.0,
1612.03,3.0,,,
1612.5,,,,2.0
1612.52,,2.0,2.0,
1612.53,3.0,,,
1613.0,,,,2.0
1613.02,,2.0,2.0,
1613.03,3.0,,,
1613.5,,,,2.0
1613.52,,2.0,2.0,
1613.53,3.0,,,
1614.0,,,,2.0
1614.02,,,2.0,
1614.03,3.0,2.0,,
1614.5,,,,2.0
1614.52,,,2.0,
1614.53,3.0,2.0,,
1615.0,,,,2.0
1615.02,,,1.0,
1615.03,3.0,2.0,,
1615.5,,,,2.0
1615.52,,,2.0,
1615.53,3.0,2.0,,
1616.0,,,,2.0
1616.02,,,2.0,
1616.03,3.0,2.0,,
1616.5,,,,2.0
1616.52,,,2.0,
1616.53,3.0,2.0,,
1617.0,,,,2.0
1617.02,,,2.0,
1617.03,2.0,2.0,,
1617.5,,,,2.0
1617.52,,,2.0,
1617.53,2.0,2.0,,
1618.0,,,,2.0
1618.02,,,2.0,
1618.03,2.0,2.0,,
1618.5,,,,2.0
1618.52,,,2.0,
1618.53,2.0,2.0,,
1619.0,,,,2.0
1619.02,,,2.0,
1619.03,2.0,1.0,,
1619.5,,,,1.0
1619.52,,,2.0,
1619.53,3.0,1.0,,
1620.0,,,,2.0
1620.02,,,2.0,
1620.03,3.0,1.0,,
1620.5,,,,1.0
1620.52,,,2.0,
1620.53,3.0,1.0,,
1621.0,,,,2.0
1621.02,,,2.0,
1621.03,3.0,1.0,,
1621.5,,,,2.0
1621.52,,,2.0,
1621.53,3.0,1.0,,
1622.0,,,,2.0
1622.02,,,2.0,
1622.03,3.0,1.0,,
1622.51,,,,1.0
1622.52,,,2.0,
1622.53,2.0,1.0,,
1623.01,,,,1.0
1623.02,,,2.0,
1623.03,3.0,1.0,,
1623.51,,,,1.0
1623.52,,,2.0,
1623.53,2.0,1.0,,
1624.01,,,,1.0
1624.02,,,2.0,
1624.03,2.0,1.0,,
1624.51,,,,1.0
1624.52,,,2.0,
1624.53,2.0,1.0,,
1625.01,,,,1.0
1625.02,,,2.0,
1625.03,2.0,1.0,,
1625.51,,,,1.0
1625.52,,,2.0,
1625.53,2.0,1.0,,
1626.02,,,2.0,
1626.03,2.0,1.0,,1.0
1626.5,2.0,,,1.0
1626.52,,,2.0,
1626.53,,1.0,,
1627.0,2.0,,,1.0
1627.02,,,2.0,
1627.03,,1.0,,
1627.5,2.0,,,1.0
1627.52,,,2.0,
1627.53,,1.0,,
1628.0,2.0,,,1.0
1628.02,,,2.0,
1628.03,,1.0,,
1628.5,2.0,,,1.0
1628.52,,,2.0,
1628.53,,1.0,,
1629.0,,,,1.0
1629.02,2.0,,2.0,
1629.03,,1.0,,
1629.5,,,,1.0
1629.52,2.0,,2.0,
1629.53,,1.0,,
1630.0,,,,1.0
1630.02,,,2.0,
1630.03,2.0,2.0,,
1630.5,,,,1.0
1630.52,,1.0,2.0,
1630.53,2.0,,,
1631.0,,,,1.0
1631.02,,1.0,2.0,
1631.03,2.0,,,
1631.5,,,,2.0
1631.52,,1.0,2.0,
1631.53,2.0,,,
1632.0,,,,2.0
1632.02,,1.0,2.0,
1632.03,2.0,,,
1632.5,,,,2.0
1632.52,,1.0,2.0,
1632.53,3.0,,,
1633.0,,,,2.0
1633.02,,1.0,2.0,
1633.03,3.0,,,
1633.5,,,,2.0
1633.52,,2.0,2.0,
1633.53,2.0,,,
1634.0,,,,2.0
1634.02,,2.0,2.0,
1634.03,2.0,,,
1634.5,,,,2.0
1634.52,,2.0,2.0,
1634.53,2.0,,,
1635.0,,,,2.0
1635.02,,1.0,2.0,
1635.03,2.0,,,
1635.5,,,,2.0
1635.52,,,2.0,
1635.53,2.0,1.0,,
1636.0,,,,2.0
1636.02,,,2.0,
1636.03,2.0,1.0,,
1636.5,,,,2.0
1636.52,,,2.0,
1636.53,2.0,1.0,,
1637.0,,,,2.0
1637.02,,,2.0,
1637.03,2.0,1.0,,
1637.5,,,,2.0
1637.52,,,2.0,
1637.53,2.0,1.0,,
1638.0,,,,2.0
1638.02,,,2.0,
1638.03,2.0,0.0,,
1638.5,,,,1.0
1638.52,,,2.0,
1638.53,2.0,0.0,,
1639.0,,,,1.0
1639.02,,,2.0,
1639.03,2.0,1.0,,
1639.5,,,,2.0
1639.52,,,2.0,
1639.53,2.0,1.0,,
1640.0,,,,2.0
1640.02,,,2.0,
1640.03,2.0,1.0,,
1640.5,,,,2.0
1640.52,,,2.0,
1640.53,2.0,2.0,,
1641.0,,,,2.0
1641.02,,,2.0,
1641.03,2.0,2.0,,
1641.5,,,,2.0
1641.52,,,2.0,
1641.53,2.0,1.0,,
1642.0,,,,2.0
1642.02,,,2.0,
1642.03,2.0,1.0,,
1642.5,,,,2.0
1642.52,,,2.0,
1642.53,2.0,1.0,,
1643.01,,,,1.0
1643.02,,,2.0,
1643.03,2.0,1.0,,
1643.51,,,,2.0
1643.52,,,2.0,
1643.53,2.0,1.0,,
1644.01,,,,2.0
1644.02,,,2.0,
1644.03,2.0,2.0,,
1644.51,,,,2.0
1644.52,,,2.0,
1644.53,2.0,2.0,,
1645.01,,,,2.0
1645.02,,,2.0,
1645.03,2.0,2.0,,
1645.51,,,,2.0
1645.52,,,2.0,
1645.53,2.0,2.0,,
1646.0,2.0,,,
1646.02,,,2.0,
1646.03,,2.0,,2.0
1646.5,2.0,,,
1646.52,,,2.0,
1646.53,,2.0,,2.0
1647.0,2.0,,,
1647.02,,,2.0,
1647.03,,2.0,,2.0
1647.5,2.0,,,2.0
1647.52,,,2.0,
1647.53,,2.0,,
1648.0,2.0,,,2.0
1648.02,,,2.0,
1648.03,,2.0,,
1648.5,,,,2.0
1648.52,2.0,,2.0,
1648.53,,2.0,,
1649.0,,,,2.0
1649.02,2.0,,2.0,
1649.03,,2.0,,
1649.5,,,,2.0
1649.52,3.0,,2.0,
1649.53,,2.0,,
1650.0,,,,2.0
1650.02,,,2.0,
1650.03,2.0,2.0,,
1650.5,,,,1.0
1650.52,,,2.0,
1650.53,2.0,2.0,,
1651.0,,,,1.0
1651.02,,2.0,1.0,
1651.03,2.0,,,
1651.5,,,,1.0
1651.52,,1.0,2.0,
1651.53,2.0,,,
1652.0,,,,2.0
1652.02,,1.0,2.0,
1652.03,2.0,,,
1652.5,,,,2.0
1652.52,,1.0,1.0,
1652.53,2.0,,,
1653.0,,,,2.0
1653.02,,1.0,2.0,
1653.03,2.0,,,
1653.5,,,,2.0
1653.52,,1.0,2.0,
1653.53,2.0,,,
1654.0,,,,2.0
1654.02,,1.0,2.0,
1654.03,2.0,,,
1654.5,,,,2.0
1654.52,,1.0,2.0,
1654.53,2.0,,,
1655.0,,,,1.0
1655.02,,1.0,1.0,
1655.03,2.0,,,
1655.5,,,,1.0
1655.52,,1.0,2.0,
1655.53,2.0,,,
1656.0,,,,2.0
1656.02,,1.0,2.0,
1656.03,2.0,,,
1656.5,,,,2.0
1656.52,,,2.0,
1656.53,2.0,1.0,,
1657.0,,,,2.0
1657.02,,,2.0,
1657.03,2.0,2.0,,
1657.5,,,,2.0
1657.52,,,1.0,
1657.53,2.0,1.0,,
1658.0,,,,2.0
1658.02,,,1.0,
1658.03,2.0,2.0,,
1658.5,,,,2.0
1658.52,,,1.0,
1658.53,2.0,1.0,,
1659.0,,,,2.0
1659.02,,,1.0,
1659.03,2.0,2.0,,
1659.5,,,,2.0
1659.52,,,1.0,
1659.53,2.0,2.0,,
1660.0,,,,2.0
1660.02,,,1.0,
1660.03,2.0,2.0,,
1660.5,,,,2.0
1660.52,,,1.0,
1660.53,2.0,1.0,,
1661.0,,,,2.0
1661.02,,,1.0,
1661.03,2.0,1.0,,
1661.5,,,,2.0
1661.52,,,1.0,
1661.53,2.0,1.0,,
1662.0,,,,2.0
1662.02,,,1.0,
1662.03,2.0,1.0,,
1662.5,,,,2.0
1662.52,,,1.0,
1662.53,2.0,1.0,,
1663.0,,,,2.0
1663.02,,,1.0,
1663.03,2.0,2.0,,
1663.5,,,,2.0
1663.52,,,1.0,
1663.53,2.0,1.0,,
1664.01,,,,2.0
1664.02,,,2.0,
1664.03,2.0,1.0,,
1664.51,,,,2.0
1664.52,,,2.0,
1664.53,2.0,1.0,,
1665.01,,,,2.0
1665.02,,,2.0,
1665.03,2.0,1.0,,
1665.51,,,,2.0
1665.52,,,2.0,
1665.53,2.0,1.0,,
1666.0,2.0,,,
1666.01,,,,2.0
1666.02,,,2.0,
1666.03,,1.0,,
1666.5,2.0,,,
1666.51,,,,2.0
1666.52,,,2.0,
1666.53,,1.0,,
1667.0,2.0,,,
1667.01,,,,2.0
1667.02,,,2.0,
1667.03,,1.0,,
1667.5,2.0,,,
1667.52,,,2.0,
1667.53,,1.0,,2.0
1668.02,2.0,,2.0,
1668.03,,1.0,,2.0
1668.5,,,,2.0
1668.52,2.0,,2.0,
1668.53,,1.0,,
1669.0,,,,2.0
1669.02,2.0,,2.0,
1669.03,,1.0,,
1669.5,,,,2.0
1669.52,2.0,,2.0,
1669.53,,1.0,,
1670.0,,,,1.0
1670.02,,,2.0,
1670.03,2.0,1.0,,
1670.5,,,,2.0
1670.52,,,2.0,
1670.53,2.0,1.0,,
1671.0,,,,1.0
1671.02,,,2.0,
1671.03,2.0,1.0,,
1671.5,,,,1.0
1671.52,,2.0,2.0,
1671.53,2.0,,,
1672.0,,,,1.0
1672.02,,2.0,2.0,
1672.03,2.0,,,
1672.5,,,,1.0
1672.52,,2.0,2.0,
1672.53,2.0,,,
1673.0,,,,2.0
1673.02,,2.0,2.0,
1673.03,2.0,,,
1673.5,,,,2.0
1673.51,,,2.0,
1673.52,,2.0,,
1673.53,2.0,,,
1674.0,,,,2.0
1674.01,,,1.0,
1674.02,,2.0,,
1674.03,2.0,,,
1674.5,,,,2.0
1674.52,,1.0,1.0,
1674.53,2.0,,,
1675.0,,,,2.0
1675.02,,1.0,2.0,
1675.03,2.0,,,
1675.5,,,,2.0
1675.52,,1.0,2.0,
1675.53,2.0,,,
1676.0,,,,2.0
1676.02,,1.0,1.0,
1676.03,2.0,,,
1676.5,,,,2.0
1676.52,,1.0,1.0,
1676.53,2.0,,,
1677.0,,,,2.0
1677.02,,1.0,2.0,
1677.03,2.0,,,
1677.5,,,,2.0
1677.52,,1.0,2.0,
1677.53,2.0,,,
1678.0,,,,2.0
1678.02,,,2.0,
1678.03,2.0,1.0,,
1678.5,,,,2.0
1678.52,,,2.0,
1678.53,2.0,1.0,,
1679.0,,,,2.0
1679.02,,,1.0,
1679.03,2.0,1.0,,
1679.5,,,,2.0
1679.52,,,2.0,
1679.53,2.0,1.0,,
1680.0,,,,2.0
1680.02,,,2.0,
1680.03,2.0,0.0,,
1680.5,,,,1.0
1680.52,,,2.0,
1680.53,2.0,0.0,,
1681.0,,,,2.0
1681.02,,,2.0,
1681.03,2.0,1.0,,
1681.5,,,,2.0
1681.52,,,2.0,
1681.53,2.0,0.0,,
1682.0,,,,2.0
1682.02,,,2.0,
1682.03,2.0,0.0,,
1682.5,,,,1.0
1682.52,,,2.0,
1682.53,2.0,0.0,,
1683.0,,,,1.0
1683.02,,,2.0,
1683.03,2.0,0.0,,
1683.5,,,,1.0
1683.52,,,2.0,
1683.53,2.0,1.0,,
1684.0,,,,2.0
1684.02,,,2.0,
1684.03,2.0,0.0,,
1684.5,,,,2.0
1684.52,,,2.0,
1684.53,3.0,1.0,,
1685.01,,,,2.0
1685.02,,,2.0,
1685.03,3.0,1.0,,
1685.51,,,,2.0
1685.52,,,2.0,
1685.53,2.0,1.0,,
1686.0,2.0,,,
1686.01,,,,1.0
1686.02,,,2.0,
1686.03,,2.0,,
1686.5,3.0,,,
1686.51,,,,2.0
1686.52,,,2.0,
1686.53,,2.0,,
1687.02,3.0,,2.0,
1687.03,,2.0,,2.0
1687.52,2.0,,2.0,
1687.53,,2.0,,2.0
1688.02,3.0,,2.0,
1688.03,,2.0,,1.0
1688.52,2.0,,2.0,
1688.53,,2.0,,1.0
1689.02,2.0,,2.0,
1689.03,,2.0,,1.0
1689.5,,,,1.0
1689.52,2.0,,2.0,
1689.53,,2.0,,
1690.0,,,,2.0
1690.02,,,2.0,
1690.03,2.0,2.0,,
1690.5,,,,1.0
1690.52,,,2.0,
1690.53,2.0,2.0,,
1691.0,,,,2.0
1691.02,,2.0,2.0,
1691.03,2.0,,,
1691.5,,,,2.0
1691.52,,1.0,2.0,
1691.53,2.0,,,
1692.0,,,,1.0
1692.02,,1.0,2.0,
1692.03,2.0,,,
1692.5,,,,1.0
1692.52,,1.0,2.0,
1692.53,2.0,,,
1693.0,,,,1.0
1693.02,,1.0,2.0,
1693.03,2.0,,,
1693.5,,,,1.0
1693.51,,,2.0,
1693.52,,1.0,,
1693.53,2.0,,,
1694.0,,,,2.0
1694.01,,,2.0,
1694.02,,2.0,,
1694.03,2.0,,,
1694.5,,,,1.0
1694.51,,,2.0,
1694.52,,2.0,,
1694.53,3.0,,,
1695.0,,,,1.0
1695.02,,2.0,2.0,
1695.03,2.0,,,
1695.5,,,,2.0
1695.52,,2.0,2.0,
1695.53,2.0,,,
1696.0,,,,2.0
1696.02,,1.0,2.0,
1696.03,2.0,,,
1696.5,,,,2.0
1696.52,,1.0,2.0,
1696.53,2.0,,,
1697.0,,,,1.0
1697.02,,1.0,1.0,
1697.03,3.0,,,
1697.5,,,,1.0
1697.52,,1.0,2.0,
1697.53,3.0,,,
1698.0,,,,1.0
1698.02,,1.0,2.0,
1698.03,2.0,,,
1698.5,,,,1.0
1698.52,,1.0,2.0,
1698.53,2.0,,,
1699.0,,,,1.0
1699.02,,1.0,2.0,
1699.03,2.0,,,
1699.5,,,,1.0
1699.52,,,2.0,
1699.53,2.0,1.0,,
1700.0,,,,1.0
1700.02,,,2.0,
1700.03,2.0,1.0,,
1700.5,,,,1.0
1700.52,,,2.0,
1700.53,2.0,1.0,,
1701.0,,,,2.0
1701.02,,,2.0,
1701.03,2.0,1.0,,
1701.5,,,,2.0
1701.52,,,2.0,
1701.53,3.0,1.0,,
1702.0,,,,1.0
1702.02,,,2.0,
1702.03,2.0,1.0,,
1702.5,,,,1.0
1702.52,,,2.0,
1702.53,2.0,1.0,,
1703.0,,,,1.0
1703.02,,,1.0,
1703.03,2.0,1.0,,
1703.5,,,,1.0
1703.52,,,2.0,
1703.53,2.0,1.0,,
1704.0,,,,1.0
1704.02,,,2.0,
1704.03,2.0,1.0,,
1704.5,,,,1.0
1704.52,,,2.0,
1704.53,2.0,1.0,,
1705.0,,,,1.0
1705.02,,,2.0,
1705.03,3.0,1.0,,
1705.5,,,,1.0
1705.52,,,2.0,
1705.53,2.0,1.0,,
1706.01,,,,1.0
1706.02,2.0,,2.0,
1706.03,,1.0,,
1706.51,,,,2.0
1706.52,2.0,,2.0,
1706.53,,1.0,,
1707.02,2.0,,2.0,
1707.03,,1.0,,2.0
1707.52,2.0,,2.0,
1707.53,,1.0,,2.0
1708.02,3.0,,2.0,
1708.03,,1.0,,2.0
1708.52,3.0,,2.0,
1708.53,,1.0,,2.0
1709.02,3.0,,2.0,
1709.03,,2.0,,1.0
1709.52,2.0,,2.0,
1709.53,,2.0,,2.0
1710.0,,,,2.0
1710.02,,,2.0,
1710.03,2.0,2.0,,
1710.5,,,,2.0
1710.52,,,1.0,
1710.53,2.0,2.0,,
1711.0,,,,2.0
1711.02,,,1.0,
1711.03,3.0,2.0,,
1711.5,,,,2.0
1711.53,3.0,2.0,,
1711.54,,,1.0,
1712.0,,,,2.0
1712.02,,1.0,,
1712.03,3.0,,,
1712.04,,,1.0,
1712.5,,,,2.0
1712.52,,1.0,1.0,
1712.53,3.0,,,
1713.0,,,,1.0
1713.01,,,1.0,
1713.02,,1.0,,
1713.03,2.0,,,
1713.5,,,,1.0
1713.51,,,0.0,
1713.52,,1.0,,
1713.53,2.0,,,
1714.0,,,,2.0
1714.01,,,0.0,
1714.02,,1.0,,
1714.03,2.0,,,
1714.5,,,,2.0
1714.51,,,0.0,
1714.52,,1.0,,
1714.53,2.0,,,
1715.0,,,,2.0
1715.02,,1.0,0.0,
1715.03,2.0,,,
1715.5,,,,2.0
1715.52,,1.0,0.0,
1715.53,2.0,,,
1716.0,,,,2.0
1716.02,,1.0,0.0,
1716.03,2.0,,,
1716.5,,,,2.0
1716.52,,1.0,1.0,
1716.53,2.0,,,
1717.0,,,,2.0
1717.02,,1.0,1.0,
1717.03,2.0,,,
1717.5,,,,2.0
1717.52,,1.0,2.0,
1717.53,2.0,,,
1718.0,,,,2.0
1718.02,,1.0,2.0,
1718.03,1.0,,,
1718.5,,,,2.0
1718.52,,1.0,2.0,
1718.53,2.0,,,
1719.0,,,,2.0
1719.02,,1.0,1.0,
1719.03,2.0,,,
1719.5,,,,2.0
1719.52,,2.0,1.0,
1719.53,2.0,,,
1720.0,,,,2.0
1720.02,,2.0,1.0,
1720.03,2.0,,,
1720.5,,,,2.0
1720.52,,2.0,1.0,
1720.53,2.0,,,
1721.0,,,,2.0
1721.02,,,1.0,
1721.03,2.0,2.0,,
1721.5,,,,2.0
1721.52,,,1.0,
1721.53,2.0,1.0,,
1722.0,,,,2.0
1722.02,,,1.0,
1722.03,2.0,1.0,,
1722.5,,,,2.0
1722.52,,,1.0,
1722.53,2.0,1.0,,
1723.0,,,,2.0
1723.02,,,1.0,
1723.03,2.0,1.0,,
1723.5,,,,2.0
1723.52,,,1.0,
1723.53,2.0,2.0,,
1724.0,,,,2.0
1724.02,,,1.0,
1724.03,2.0,2.0,,
1724.5,,,,2.0
1724.52,,,0.0,
1724.53,2.0,1.0,,
1725.0,,,,2.0
1725.02,2.0,,0.0,
1725.03,,1.0,,
1725.5,,,,2.0
1725.52,2.0,,0.0,
1725.53,,1.0,,
1726.0,,,,2.0
1726.02,2.0,,0.0,
1726.03,,1.0,,
1726.5,,,,2.0
1726.52,2.0,,0.0,
1726.53,,1.0,,
1727.02,2.0,,0.0,
1727.03,,1.0,,2.0
1727.52,2.0,,1.0,
1727.53,,2.0,,2.0
1728.02,2.0,,1.0,
1728.03,,2.0,,2.0
1728.52,2.0,,1.0,
1728.53,,2.0,,2.0
1729.02,2.0,,1.0,
1729.03,,2.0,,2.0
1729.52,2.0,,1.0,
1729.53,,2.0,,2.0
1730.02,,,1.0,
1730.03,2.0,2.0,,2.0
1730.52,,,1.0,
1730.53,2.0,1.0,,2.0
1731.0,,,,2.0
1731.02,,,1.0,
1731.03,2.0,1.0,,
1731.5,,,,2.0
1731.52,,,1.0,
1731.53,2.0,1.0,,
1732.0,,,,2.0
1732.02,,,1.0,
1732.03,2.0,1.0,,
1732.5,,,,2.0
1732.51,,,1.0,
1732.52,,1.0,,
1732.53,2.0,,,
1733.0,,,,2.0
1733.01,,,2.0,
1733.02,,1.0,,
1733.03,2.0,,,
1733.5,,,,0.0
1733.51,,,2.0,
1733.52,,1.0,,
1733.53,2.0,,,
1734.0,,,,1.0
1734.01,,,2.0,
1734.02,,2.0,,
1734.03,2.0,,,
1734.5,,,,2.0
1734.51,,,2.0,
1734.52,,2.0,,
1734.53,2.0,,,
1735.0,,,,2.0
1735.02,,2.0,2.0,
1735.03,2.0,,,
1735.5,,,,2.0
1735.52,,1.0,2.0,
1735.53,2.0,,,
1736.0,,,,2.0
1736.02,,2.0,0.0,
1736.03,2.0,,,
1736.5,,,,2.0
1736.52,,2.0,0.0,
1736.53,2.0,,,
1737.0,,,,2.0
1737.02,,2.0,0.0,
1737.03,2.0,,,
1737.5,,,,2.0
1737.52,,2.0,0.0,
1737.53,2.0,,,
1738.0,,,,2.0
1738.02,,2.0,0.0,
1738.03,2.0,,,
1738.5,,,,2.0
1738.52,,2.0,0.0,
1738.53,2.0,,,
1739.0,,,,2.0
1739.02,,2.0,0.0,
1739.03,2.0,,,
1739.5,,,,2.0
1739.52,,2.0,0.0,
1739.53,2.0,,,
1740.0,,,,2.0
1740.02,,2.0,1.0,
1740.03,2.0,,,
1740.5,,,,2.0
1740.52,,2.0,2.0,
1740.53,2.0,,,
1741.0,,,,2.0
1741.02,,2.0,2.0,
1741.03,2.0,,,
1741.5,,,,2.0
1741.52,,2.0,2.0,
1741.53,2.0,,,
1742.0,,,,2.0
1742.02,,2.0,2.0,
1742.03,2.0,,,
1742.5,,,,2.0
1742.52,,,2.0,
1742.53,2.0,2.0,,
1743.0,,,,2.0
1743.02,,,2.0,
1743.03,2.0,2.0,,
1743.5,,,,2.0
1743.52,,,2.0,
1743.53,2.0,2.0,,
1744.0,,,,2.0
1744.02,,,1.0,
1744.03,2.0,1.0,,
1744.5,,,,2.0
1744.52,,,1.0,
1744.53,2.0,2.0,,
1745.0,,,,2.0
1745.02,2.0,,0.0,
1745.03,,2.0,,
1745.5,,,,2.0
1745.52,1.0,,1.0,
1745.53,,2.0,,
1746.0,,,,2.0
1746.02,1.0,,1.0,
1746.03,,2.0,,
1746.5,,,,2.0
1746.52,1.0,,1.0,
1746.53,,2.0,,
1747.0,2.0,,,2.0
1747.02,,,1.0,
1747.03,,2.0,,
1747.5,,,,2.0
1747.52,1.0,,1.0,
1747.53,,2.0,,
1748.02,1.0,,1.0,
1748.03,,2.0,,2.0
1748.52,2.0,,0.0,
1748.53,,2.0,,2.0
1749.02,2.0,,0.0,
1749.03,,2.0,,2.0
1749.52,2.0,,0.0,
1749.53,,2.0,,2.0
1750.02,,,1.0,
1750.03,3.0,2.0,,2.0
1750.52,,,2.0,
1750.53,2.0,2.0,,2.0
1751.02,,,2.0,
1751.03,0.0,2.0,,2.0
1751.51,,,2.0,
1751.53,1.0,2.0,,2.0
1752.0,,,,2.0
1752.01,,,1.0,
1752.03,3.0,0.0,,
1752.51,,,1.0,
1752.53,2.0,1.0,,
1752.57,,,,0.0
1753.0,,,,2.0
1753.01,,,1.0,
1753.02,,0.0,,
1753.03,1.0,,,
1753.5,,,,1.0
1753.51,,,1.0,
1753.52,,0.0,,
1753.53,1.0,,,
1754.0,,,,1.0
1754.01,,,1.0,
1754.02,,0.0,,
1754.03,0.0,,,
1754.5,,,,2.0
1754.51,,,1.0,
1754.52,,0.0,,
1754.53,0.0,,,
1755.0,,,,3.0
1755.02,,0.0,0.0,
1755.03,0.0,,,
1755.5,,,,3.0
1755.52,,0.0,0.0,
1755.53,0.0,,,
1756.0,,,,3.0
1756.02,,1.0,0.0,
1756.03,0.0,,,
1756.5,,,,3.0
1756.52,,1.0,0.0,
1756.53,0.0,,,
1757.0,,,,3.0
1757.02,,1.0,1.0,
1757.03,0.0,,,
1757.5,,,,3.0
1757.52,,1.0,1.0,
1757.53,1.0,,,
1758.0,,,,2.0
1758.02,,1.0,2.0,
1758.03,0.0,,,
1758.5,,,,1.0
1758.52,,1.0,2.0,
1758.53,0.0,,,
1759.0,,,,1.0
1759.02,,1.0,2.0,
1759.03,0.0,,,
1759.5,,,,1.0
1759.52,,1.0,2.0,
1759.53,0.0,,,
1760.0,,,,1.0
1760.02,,1.0,2.0,
1760.03,0.0,,,
1760.5,,,,1.0
1760.52,,1.0,2.0,
1760.53,0.0,,,
1761.0,,,,1.0
1761.02,,1.0,2.0,
1761.03,1.0,,,
1761.5,,,,1.0
1761.52,,1.0,2.0,
1761.53,1.0,,,
1762.0,,,,1.0
1762.02,,1.0,2.0,
1762.03,1.0,,,
1762.5,,,,1.0
1762.52,,1.0,2.0,
1762.53,1.0,,,
1763.0,,,,1.0
1763.02,,0.0,2.0,
1763.03,1.0,,,
1763.5,,,,3.0
1763.52,,0.0,2.0,
1763.53,2.0,,,
1764.0,,,,3.0
1764.02,,,2.0,
1764.03,3.0,1.0,,
1764.5,,,,3.0
1764.52,3.0,,2.0,
1764.53,,1.0,,
1765.0,,,,1.0
1765.02,3.0,,2.0,
1765.03,,1.0,,
1765.5,,,,1.0
1765.52,3.0,,2.0,
1765.53,,1.0,,
1766.0,,,,1.0
1766.02,3.0,,2.0,
1766.03,,1.0,,
1766.5,,,,1.0
1766.52,3.0,,2.0,
1766.53,,1.0,,
1767.0,,,,1.0
1767.02,3.0,,1.0,
1767.03,,1.0,,
1767.5,,,,1.0
1767.52,3.0,,1.0,
1767.53,,1.0,,
1768.02,3.0,,1.0,
1768.03,,2.0,,1.0
1768.52,1.0,,1.0,
1768.53,,2.0,,1.0
1769.02,1.0,,0.0,
1769.03,,2.0,,1.0
1769.52,1.0,,1.0,
1769.53,,2.0,,2.0
1770.02,,,1.0,
1770.03,3.0,2.0,,2.0
1770.51,,,1.0,
1770.53,3.0,2.0,,3.0
1771.01,,,2.0,
1771.03,3.0,2.0,,3.0
1771.51,,,2.0,
1771.53,1.0,2.0,,3.0
1772.01,,,2.0,
1772.03,0.0,0.0,,3.0
1772.51,,,2.0,
1772.53,0.0,1.0,,3.0
1773.0,,,,2.0
1773.01,,,2.0,
1773.03,2.0,1.0,,
1773.5,,,,2.0
1773.51,,,2.0,
1773.52,,0.0,,
1773.53,2.0,,,
1774.0,,,,1.0
1774.01,,,2.0,
1774.02,,0.0,,
1774.03,3.0,,,
1774.5,,,,1.0
1774.51,,,2.0,
1774.52,,1.0,,
1774.53,2.0,,,
1775.0,,,,1.0
1775.02,,2.0,1.0,
1775.03,2.0,,,
1775.5,,,,1.0
1775.52,,0.0,2.0,
1775.53,2.0,,,
1776.0,,,,1.0
1776.02,,0.0,2.0,
1776.03,2.0,,,
1776.5,,,,1.0
1776.52,,0.0,2.0,
1776.53,3.0,,,
1777.0,,,,1.0
1777.02,,0.0,2.0,
1777.03,3.0,,,
1777.5,,,,1.0
1777.52,,0.0,2.0,
1777.53,2.0,,,
1778.0,,,,1.0
1778.02,,0.0,2.0,
1778.03,1.0,,,
1778.5,,,,1.0
1778.52,,0.0,2.0,
1778.53,1.0,,,
1779.0,,,,1.0
1779.02,,0.0,2.0,
1779.03,1.0,,,
1779.5,,,,1.0
1779.52,,0.0,1.0,
1779.53,1.0,,,
1780.0,,,,1.0
1780.02,,0.0,1.0,
1780.03,1.0,,,
1780.5,,,,1.0
1780.52,,0.0,1.0,
1780.53,2.0,,,
1781.0,,,,1.0
1781.02,,0.0,1.0,
1781.03,2.0,,,
1781.5,,,,1.0
1781.52,,0.0,1.0,
1781.53,2.0,,,
1782.0,,,,2.0
1782.02,,0.0,1.0,
1782.03,2.0,,,
1782.5,,,,3.0
1782.52,,0.0,1.0,
1782.53,2.0,,,
1783.0,,,,2.0
1783.02,,0.0,0.0,
1783.03,2.0,,,
1783.5,,,,2.0
1783.52,,0.0,1.0,
1783.53,2.0,,,
1784.0,,,,2.0
1784.02,,0.0,1.0,
1784.03,2.0,,,
1784.5,,,,3.0
1784.52,2.0,1.0,1.0,
1785.0,,,,2.0
1785.02,2.0,1.0,1.0,
1785.5,,,,1.0
1785.52,2.0,,1.0,
1785.53,,0.0,,
1786.0,,,,1.0
1786.02,2.0,,1.0,
1786.03,,0.0,,
1786.5,,,,1.0
1786.52,2.0,,1.0,
1786.53,,0.0,,
1787.0,,,,2.0
1787.02,2.0,,1.0,
1787.03,,0.0,,
1787.5,,,,3.0
1787.52,2.0,,1.0,
1787.53,,0.0,,
1788.0,,,,2.0
1788.02,2.0,,1.0,
1788.03,,0.0,,
1788.5,,,,2.0
1788.52,3.0,,1.0,
1788.53,,0.0,,
1789.02,3.0,,1.0,
1789.03,,0.0,,2.0
1789.52,1.0,,1.0,
1789.53,,0.0,,2.0
1790.01,,,1.0,2.0
1790.03,1.0,0.0,,
1790.51,,,1.0,
1790.52,,,,2.0
1790.53,2.0,0.0,,
1791.01,,,1.0,
1791.03,1.0,0.0,,2.0
1791.51,,,1.0,
1791.52,,0.0,,
1791.53,0.0,,,2.0
1792.01,,,1.0,
1792.03,1.0,0.0,,2.0
1792.51,,,0.0,
1792.53,2.0,0.0,,2.0
1793.01,,,1.0,
1793.03,2.0,0.0,,2.0
1793.51,,,1.0,
1793.52,,0.0,,
1793.53,2.0,,,2.0
1794.0,,,,2.0
1794.01,,,1.0,
1794.02,,0.0,,
1794.03,2.0,,,
1794.5,,,,1.0
1794.52,,0.0,,
1794.53,2.0,,,
1794.54,,,1.0,
1795.0,,,,2.0
1795.01,,,1.0,
1795.02,,2.0,,
1795.03,2.0,,,
1795.5,,,,2.0
1795.52,,2.0,1.0,
1795.53,2.0,,,
1796.0,,,,2.0
1796.01,,1.0,,
1796.02,,,1.0,
1796.03,2.0,,,
1796.5,,,,2.0
1796.52,,1.0,0.0,
1796.53,1.0,,,
1797.0,,,,0.0
1797.02,,2.0,1.0,
1797.03,2.0,,,
1797.5,,,,2.0
1797.52,,1.0,1.0,
1797.53,1.0,,,
1798.0,,,,2.0
1798.02,,2.0,1.0,
1798.03,2.0,,,
1798.5,,,,2.0
1798.52,,2.0,1.0,
1798.55,2.0,,,
1799.0,,,,1.0
1799.02,,2.0,1.0,
1799.03,1.0,,,
1799.5,,,,1.0
1799.52,,2.0,1.0,
1799.53,1.0,,,
1800.02,,1.0,1.0,
1800.03,0.0,,,
1800.05,,,,1.0
1800.5,,,,1.0
1800.52,,0.0,1.0,
1800.53,0.0,,,
1801.0,,,,1.0
1801.02,,0.0,0.0,
1801.03,1.0,,,
1801.5,,,,1.0
1801.52,,0.0,0.0,
1801.53,1.0,,,
1802.0,,,,1.0
1802.02,,0.0,0.0,
1802.03,0.0,,,
1802.5,,,,0.0
1802.51,,,0.0,
1802.52,,0.0,,
1802.53,1.0,,,
1803.0,,,,0.0
1803.02,,0.0,1.0,
1803.03,1.0,,,
1803.5,,,,0.0
1803.52,,0.0,2.0,
1803.53,1.0,,,
1804.0,,,,0.0
1804.02,1.0,0.0,2.0,
1804.5,,,,0.0
1804.52,1.0,0.0,2.0,
1805.0,,,,0.0
1805.02,1.0,0.0,2.0,
1805.5,,,,0.0
1805.52,1.0,0.0,2.0,
1806.0,,,,0.0
1806.02,,0.0,1.0,
1806.5,,,,0.0
1806.52,,0.0,2.0,
1807.0,,,,0.0
1807.02,,,2.0,
1807.03,,0.0,,
1807.5,,,,0.0
1807.52,,,1.0,
1807.53,,0.0,,
1808.02,,,2.0,
1808.03,,1.0,,0.0
1808.52,,,2.0,
1808.53,,1.0,,0.0
1809.02,,,1.0,
1809.03,,1.0,,0.0
1809.51,,,1.0,
1809.53,,1.0,,0.0
1810.01,,,2.0,
1810.03,,1.0,,0.0
1810.51,,,1.0,
1810.53,,1.0,,0.0
1811.02,,,1.0,
1811.03,,1.0,,1.0
1811.51,,,1.0,
1811.53,,1.0,,2.0
1812.01,,,1.0,
1812.03,,1.0,,1.0
1812.51,,,1.0,
1812.53,,0.0,,2.0
1813.01,,,1.0,
1813.03,,0.0,,1.0
1813.51,,,1.0,
1813.53,,1.0,,1.0
1814.01,,,1.0,
1814.02,,0.0,,
1814.03,,,,2.0
1814.5,,,,2.0
1814.51,,,2.0,
1814.52,,0.0,,
1815.0,,,,1.0
1815.01,,,2.0,
1815.02,,0.0,,
1815.5,,0.0,,
1815.52,,,2.0,
1815.59,,,,2.0
1816.02,,2.0,2.0,2.0
1816.5,,,,1.0
1816.52,,2.0,2.0,
1817.0,,,,1.0
1817.02,,2.0,2.0,
1817.5,,,,1.0
1817.52,,3.0,2.0,
1818.0,,,,1.0
1818.02,,2.0,2.0,
1818.5,,,,1.0
1818.52,,2.0,2.0,
1819.0,,,,1.0
1819.02,,2.0,2.0,
1819.5,,,,1.0
1819.52,,2.0,2.0,
1820.0,,,,1.0
1820.02,,2.0,2.0,
1820.5,,,,1.0
1820.52,,2.0,2.0,
1821.0,,,,1.0
1821.02,,2.0,2.0,
1821.5,,,,1.0
1821.52,,2.0,2.0,
1822.0,,,,1.0
1822.02,,2.0,2.0,
1822.5,,,,1.0
1822.52,,2.0,2.0,
1823.0,,,,0.0
1823.02,,2.0,2.0,
1823.5,,,,0.0
1823.52,,2.0,2.0,
1824.0,,,,0.0
1824.02,,2.0,2.0,
1824.5,,,,0.0
1824.52,,3.0,2.0,
1825.0,,,,1.0
1825.02,,2.0,2.0,
1825.5,,,,1.0
1825.52,,2.0,2.0,
1826.0,,,,0.0
1826.02,,2.0,2.0,
1826.5,,,,1.0
1826.52,,2.0,2.0,
1827.0,,,,1.0
1827.02,,3.0,2.0,
1827.5,,,,1.0
1827.52,,3.0,2.0,
1828.02,,2.0,2.0,
1828.03,,,,1.0
1828.52,,,1.0,
1828.53,,2.0,,1.0
1829.02,,,1.0,
1829.03,,2.0,,1.0
1829.51,,,1.0,
1829.53,,1.0,,1.0
1830.01,,,1.0,
1830.03,,1.0,,1.0
1830.51,,,1.0,
1830.53,,3.0,,1.0
1831.01,,,1.0,
1831.03,,3.0,,0.0
1831.51,,,1.0,
1831.53,,3.0,,0.0
1832.01,,,1.0,
1832.03,,2.0,,0.0
1832.51,,,1.0,
1832.53,,1.0,,0.0
1833.01,,,1.0,
1833.03,,1.0,,1.0
1833.51,,,1.0,
1833.53,,0.0,,1.0
1834.01,,,1.0,
1834.03,,1.0,,1.0
1834.51,,,1.0,
1834.52,,2.0,,
1834.53,,,,1.0
1835.01,,,0.0,
1835.02,,2.0,,
1835.03,,,,1.0
1835.5,,,,1.0
1835.52,,2.0,0.0,
1836.0,,,,1.0
1836.02,,1.0,0.0,
1836.5,,,,1.0
1836.52,,1.0,,
1836.62,,,1.0,
1837.0,,,,1.0
1837.02,,1.0,1.0,
1837.5,,,,1.0
1837.52,,1.0,1.0,
1838.0,,,,1.0
1838.02,,1.0,1.0,
1838.5,,,,1.0
1838.52,,1.0,1.0,
1839.0,,,,1.0
1839.02,,1.0,1.0,
1839.5,,,,1.0
1839.52,,2.0,2.0,
1840.0,,,,1.0
1840.02,,1.0,2.0,
1840.5,,,,1.0
1840.52,,1.0,2.0,
1841.0,,,,1.0
1841.02,,1.0,2.0,
1841.5,,,,1.0
1841.52,,1.0,2.0,
1842.0,,,,1.0
1842.02,,1.0,2.0,
1842.5,,,,1.0
1842.52,,2.0,1.0,
1843.0,,,,1.0
1843.02,,2.0,1.0,
1843.5,,,,0.0
1843.52,,1.0,1.0,
1844.0,,,,0.0
1844.02,,1.0,1.0,
1844.5,,,,0.0
1844.52,,1.0,1.0,
1845.0,,,,0.0
1845.02,,1.0,2.0,
1845.5,,,,0.0
1845.52,,1.0,2.0,
1846.0,,,,0.0
1846.01,,0.0,,
1846.02,,,2.0,
1846.5,,,,0.0
1846.52,,,2.0,
1847.0,,,,0.0
1847.02,,,2.0,
1847.52,,,2.0,
1847.53,,,,0.0
1848.02,,,2.0,
1848.03,,,,0.0
1848.52,,,2.0,
1848.53,,,,0.0
1849.01,,,2.0,
1849.03,,,,1.0
1849.51,,,2.0,
1849.53,,,,2.0
1850.01,,,2.0,
1850.03,,,,1.0
1850.51,,,2.0,
1850.53,,,,0.0
1851.01,,,2.0,
1851.03,,,,0.0
1851.52,,,1.0,
1851.59,,,,0.0
1852.01,,,1.0,
1852.03,,,,0.0
1852.51,,,1.0,
1852.53,,,,0.0
1853.01,,,1.0,
1853.03,,,,0.0
1853.51,,,1.0,
1853.53,,,,0.0
1854.01,,,1.0,
1854.03,,,,1.0
1854.51,,,1.0,
1854.53,,,,2.0
1855.01,,,1.0,
1855.03,,,,2.0
1855.52,,,1.0,
1855.53,,,,2.0
1856.02,,,1.0,
1856.03,,,,2.0
1856.5,,,,2.0
1856.52,,,1.0,
1857.0,,,,1.0
1857.02,,,1.0,
1857.5,,,,1.0
1857.52,,,1.0,
1858.0,,,,2.0
1858.02,,,1.0,
1858.5,,,,2.0
1858.52,,,1.0,
1859.0,,,,2.0
1859.02,,,0.0,
1859.5,,,,2.0
1859.52,,,0.0,
1860.0,,,,2.0
1860.02,,,1.0,
1860.5,,,,0.0
1860.52,,,1.0,
1861.0,,,,0.0
1861.02,,,1.0,
1861.5,,,,0.0
1861.52,,,1.0,
1862.0,,,,0.0
1862.02,,,1.0,
1862.5,,,,0.0
1862.52,,,1.0,
1863.0,,,,0.0
1863.02,,,1.0,
1863.5,,,,1.0
1863.52,,,1.0,
1864.0,,,,1.0
1864.02,,,1.0,
1864.5,,,,1.0
1864.52,,,1.0,
1865.0,,,,2.0
1865.02,,,1.0,
1865.5,,,,2.0
1865.52,,,1.0,
1866.0,,,,2.0
1866.02,,,1.0,
1866.5,,,,2.0
1866.52,,,1.0,
1867.0,,,,2.0
1867.02,,,1.0,
1867.52,,,2.0,
1867.53,,,,1.0
1868.02,,,2.0,
1868.03,,,,1.0
1868.51,,,1.0,
1868.53,,,,0.0
1869.01,,,1.0,
1869.03,,,,0.0
1869.51,,,1.0,
1869.53,,,,0.0
1870.01,,,1.0,
1870.03,,,,0.0
1870.51,,,2.0,
1870.53,,,,0.0
1871.01,,,2.0,
1871.03,,,,0.0
1871.51,,,2.0,
1871.53,,,,0.0
1872.01,,,2.0,
1872.03,,,,0.0
1872.51,,,2.0,
1872.53,,,,0.0
1873.01,,,2.0,
1873.03,,,,0.0
1873.51,,,2.0,
1873.53,,,,1.0
1874.01,,,2.0,
1874.03,,,,2.0
1874.51,,,2.0,
1874.53,,,,1.0
1875.01,,,2.0,
1875.03,,,,0.0
1875.52,,,2.0,
1875.53,,,,1.0
1876.02,,,2.0,
1876.03,,,,0.0
1876.52,,,2.0,
1876.53,,,,0.0
1877.02,,,2.0,
1877.03,,,,0.0
1877.5,,,,0.0
1877.52,,,2.0,
1878.0,,,,0.0
1878.02,,,1.0,
1878.5,,,,0.0
1878.52,,,2.0,
1879.0,,,,0.0
1879.02,,,1.0,
1879.5,,,,0.0
1879.52,,,1.0,
1880.0,,,,0.0
1880.02,,,1.0,
1880.5,,,,0.0
1880.52,,,1.0,
1881.0,,,,0.0
1881.02,,,1.0,
1881.5,,,,1.0
1881.52,,,1.0,
1882.0,,,,1.0
1882.02,,,1.0,
1882.5,,,,0.0
1882.52,,,1.0,
1883.0,,,,0.0
1883.02,,,1.0,
1883.5,,,,0.0
1883.52,,,1.0,
1884.0,,,,0.0
1884.02,,,1.0,
1884.5,,,,0.0
1884.52,,,1.0,
1885.0,,,,0.0
1885.02,,,1.0,
1885.5,,,,0.0
1885.52,,,1.0,
1886.0,,,,0.0
1886.02,,,1.0,
1886.5,,,,0.0
1886.52,,,1.0,
1887.0,,,,1.0
1887.02,,,1.0,
1887.52,,,1.0,
1887.53,,,,1.0
1888.01,,,1.0,
1888.03,,,,1.0
1888.51,,,1.0,
1888.53,,,,1.0
1889.01,,,1.0,
1889.03,,,,1.0
1889.51,,,1.0,
1889.53,,,,0.0
1890.01,,,1.0,
1890.03,,,,1.0
1890.51,,,1.0,
1890.53,,,,1.0
1891.01,,,1.0,
1891.03,,,,0.0
1891.51,,,1.0,
1891.53,,,,1.0
1892.01,,,1.0,
1892.03,,,,1.0
1892.51,,,1.0,
1892.53,,,,1.0
1893.01,,,1.0,
1893.03,,,,1.0
1893.51,,,1.0,
1893.53,,,,0.0
1894.01,,,1.0,
1894.03,,,,1.0
1894.51,,,1.0,
1894.53,,,,1.0
1895.01,,,1.0,
1895.03,,,,1.0
1895.51,,,1.0,
1895.53,,,,1.0
1896.02,,,1.0,
1896.03,,,,1.0
1896.52,,,1.0,
1896.53,,,,1.0
1897.02,,,1.0,
1897.03,,,,0.0
1897.52,,,1.0,
1897.53,,,,1.0
1898.02,,,1.0,
1898.03,,,,0.0
1898.5,,,,0.0
1898.52,,,1.0,
1899.0,,,,1.0
1899.02,,,1.0,
1899.5,,,,1.0
1899.52,,,0.0,
1900.0,,,,0.0
1900.02,,,1.0,
1900.5,,,,1.0
1900.52,,,1.0,
1901.0,,,,1.0
1901.02,,,1.0,
1901.5,,,,1.0
1901.52,,,0.0,
1902.0,,,,0.0
1902.02,,,1.0,
1902.5,,,,0.0
1902.52,,,1.0,
1903.0,,,1.0,0.0
1903.5,,,1.0,0.0
