frame,time,actual_video_time,faces_detected_count,face_0_tl_x,face_0_tl_y,face_0_br_x,face_0_br_y,face_1_tl_x,face_1_tl_y,face_1_br_x,face_1_br_y,face_2_tl_x,face_2_tl_y,face_2_br_x,face_2_br_y
13835,07:39.000,07:39.032,1,2115.0,854.0,2243.0,1010.0,,,,,,,,
13850,07:39.500,07:39.532,1,2123.0,857.0,2255.0,1014.0,,,,,,,,
13865,07:40.000,07:40.023,1,2102.0,853.0,2228.0,1014.0,,,,,,,,
13880,07:40.500,07:40.523,1,2053.0,830.0,2175.0,989.0,,,,,,,,
13895,07:41.000,07:41.025,1,2063.0,834.0,2185.0,992.0,,,,,,,,
13910,07:41.500,07:41.525,1,2051.0,835.0,2172.0,994.0,,,,,,,,
13925,07:42.000,07:42.025,1,2062.0,841.0,2183.0,999.0,,,,,,,,
13940,07:42.500,07:42.525,1,2010.0,839.0,2128.0,985.0,,,,,,,,
13955,07:43.000,07:43.025,1,2085.0,839.0,2208.0,997.0,,,,,,,,
13970,07:43.500,07:43.525,1,2171.0,849.0,2311.0,1013.0,,,,,,,,
13985,07:44.000,07:44.025,1,2192.0,847.0,2347.0,1010.0,,,,,,,,
14000,07:44.500,07:44.525,1,2214.0,855.0,2376.0,1025.0,,,,,,,,
14015,07:45.000,07:45.027,1,2202.0,854.0,2357.0,1022.0,,,,,,,,
14030,07:45.500,07:45.527,1,2213.0,856.0,2370.0,1022.0,,,,,,,,
14045,07:46.000,07:46.027,1,2206.0,867.0,2352.0,1034.0,,,,,,,,
14060,07:46.500,07:46.527,1,2212.0,866.0,2344.0,1030.0,,,,,,,,
14075,07:47.000,07:47.027,1,2201.0,859.0,2320.0,1021.0,,,,,,,,
14090,07:47.500,07:47.527,1,2194.0,859.0,2308.0,1021.0,,,,,,,,
14105,07:48.000,07:48.027,1,2163.0,855.0,2276.0,1017.0,,,,,,,,
14120,07:48.500,07:48.527,1,1631.0,832.0,1725.0,971.0,,,,,,,,
14135,07:49.000,07:49.028,2,868.0,842.0,968.0,973.0,1607.0,745.0,1854.0,966.0,,,,
14150,07:49.500,07:49.528,2,793.0,851.0,897.0,985.0,1501.0,751.0,1674.0,1038.0,,,,
14165,07:50.000,07:50.028,2,1042.0,802.0,1135.0,935.0,1727.0,754.0,1897.0,1053.0,,,,
14180,07:50.500,07:50.528,1,1.0,818.0,213.0,1112.0,,,,,,,,
14195,07:51.000,07:51.028,1,797.0,767.0,951.0,1012.0,,,,,,,,
14210,07:51.500,07:51.528,1,412.0,716.0,597.0,983.0,,,,,,,,
14225,07:52.000,07:52.028,1,1969.0,828.0,2068.0,974.0,,,,,,,,
14240,07:52.500,07:52.528,1,2031.0,822.0,2136.0,971.0,,,,,,,,
14255,07:53.000,07:53.030,1,2070.0,835.0,2179.0,994.0,,,,,,,,
14270,07:53.500,07:53.530,1,2063.0,827.0,2181.0,988.0,,,,,,,,
14285,07:54.000,07:54.030,1,1721.0,778.0,1813.0,913.0,,,,,,,,
14300,07:54.500,07:54.530,1,1506.0,766.0,1596.0,895.0,,,,,,,,
14315,07:55.000,07:55.030,2,1784.0,726.0,2052.0,1043.0,1055.0,753.0,1141.0,878.0,,,,
14330,07:55.500,07:55.530,2,1733.0,713.0,1991.0,1029.0,1010.0,751.0,1093.0,874.0,,,,
14345,07:56.000,07:56.030,2,1817.0,717.0,2081.0,1037.0,1110.0,755.0,1199.0,877.0,,,,
14360,07:56.500,07:56.530,1,1487.0,765.0,1582.0,891.0,,,,,,,,
14375,07:57.000,07:57.032,0,,,,,,,,,,,,
14390,07:57.500,07:57.532,0,,,,,,,,,,,,
14405,07:58.000,07:58.032,0,,,,,,,,,,,,
14420,07:58.500,07:58.532,0,,,,,,,,,,,,
14435,07:59.000,07:59.032,0,,,,,,,,,,,,
14450,07:59.500,07:59.523,0,,,,,,,,,,,,
14465,08:00.000,08:00.023,0,,,,,,,,,,,,
14480,08:00.500,08:00.523,1,2195.0,878.0,2349.0,1043.0,,,,,,,,
14495,08:01.000,08:01.025,1,2135.0,869.0,2285.0,1025.0,,,,,,,,
14510,08:01.500,08:01.525,1,2150.0,861.0,2309.0,1021.0,,,,,,,,
14525,08:02.000,08:02.025,1,2190.0,845.0,2353.0,1009.0,,,,,,,,
14540,08:02.500,08:02.525,1,2183.0,854.0,2313.0,1013.0,,,,,,,,
14555,08:03.000,08:03.025,1,2207.0,870.0,2336.0,1030.0,,,,,,,,
14570,08:03.500,08:03.525,1,2218.0,872.0,2353.0,1030.0,,,,,,,,
14585,08:04.000,08:04.025,1,2186.0,878.0,2323.0,1033.0,,,,,,,,
14600,08:04.500,08:04.525,1,2178.0,882.0,2316.0,1038.0,,,,,,,,
14615,08:05.000,08:05.027,1,2197.0,885.0,2336.0,1043.0,,,,,,,,
14630,08:05.500,08:05.527,1,2174.0,903.0,2318.0,1049.0,,,,,,,,
14645,08:06.000,08:06.027,1,2163.0,924.0,2310.0,1062.0,,,,,,,,
14660,08:06.500,08:06.527,1,2140.0,933.0,2286.0,1062.0,,,,,,,,
14675,08:07.000,08:07.027,1,2018.0,916.0,2157.0,1033.0,,,,,,,,
14690,08:07.500,08:07.527,1,2096.0,930.0,2246.0,1058.0,,,,,,,,
14705,08:08.000,08:08.027,1,2065.0,918.0,2204.0,1039.0,,,,,,,,
14720,08:08.500,08:08.527,2,1459.0,847.0,1554.0,942.0,2189.0,929.0,2463.0,1164.0,,,,
14735,08:09.000,08:09.028,2,992.0,822.0,1089.0,917.0,1600.0,851.0,1832.0,1072.0,,,,
14750,08:09.500,08:09.528,2,1035.0,767.0,1131.0,867.0,1645.0,791.0,1879.0,1015.0,,,,
14765,08:10.000,08:10.028,2,1144.0,689.0,1242.0,789.0,1779.0,674.0,2034.0,955.0,,,,
14780,08:10.500,08:10.528,2,1127.0,661.0,1223.0,759.0,1780.0,654.0,2012.0,914.0,,,,
14795,08:11.000,08:11.028,1,1601.0,124.0,1702.0,248.0,,,,,,,,
14810,08:11.500,08:11.528,0,,,,,,,,,,,,
14825,08:12.000,08:12.028,0,,,,,,,,,,,,
14840,08:12.500,08:12.528,0,,,,,,,,,,,,
14855,08:13.000,08:13.030,0,,,,,,,,,,,,
14870,08:13.500,08:13.530,0,,,,,,,,,,,,
14885,08:14.000,08:14.030,1,1493.0,529.0,1593.0,665.0,,,,,,,,
14900,08:14.500,08:14.530,2,1382.0,594.0,1484.0,716.0,2220.0,613.0,2446.0,918.0,,,,
14915,08:15.000,08:15.030,1,1816.0,628.0,1926.0,755.0,,,,,,,,
14930,08:15.500,08:15.530,1,2218.0,774.0,2349.0,913.0,,,,,,,,
14945,08:16.000,08:16.030,0,,,,,,,,,,,,
14960,08:16.500,08:16.530,0,,,,,,,,,,,,
14975,08:17.000,08:17.032,1,2276.0,741.0,2400.0,899.0,,,,,,,,
14990,08:17.500,08:17.532,1,2289.0,792.0,2406.0,941.0,,,,,,,,
15005,08:18.000,08:18.032,1,2108.0,862.0,2224.0,1010.0,,,,,,,,
15020,08:18.500,08:18.532,1,2059.0,911.0,2175.0,1056.0,,,,,,,,
15035,08:19.000,08:19.023,1,2186.0,890.0,2314.0,1040.0,,,,,,,,
15050,08:19.500,08:19.523,1,2224.0,861.0,2358.0,1011.0,,,,,,,,
15065,08:20.000,08:20.023,1,2158.0,857.0,2295.0,1001.0,,,,,,,,
15080,08:20.500,08:20.523,1,1478.0,815.0,1568.0,925.0,,,,,,,,
15095,08:21.000,08:21.025,2,1278.0,804.0,1367.0,908.0,2041.0,747.0,2353.0,1088.0,,,,
15110,08:21.500,08:21.525,2,1263.0,778.0,1349.0,890.0,1956.0,728.0,2135.0,1038.0,,,,
15125,08:22.000,08:22.025,2,1266.0,770.0,1345.0,879.0,1953.0,741.0,2104.0,1028.0,,,,
15140,08:22.500,08:22.525,0,,,,,,,,,,,,
15155,08:23.000,08:23.025,0,,,,,,,,,,,,
15170,08:23.500,08:23.525,1,2157.0,586.0,2311.0,905.0,,,,,,,,
15185,08:24.000,08:24.025,2,1345.0,687.0,1434.0,817.0,2050.0,678.0,2224.0,995.0,,,,
15200,08:24.500,08:24.525,1,305.0,672.0,513.0,967.0,,,,,,,,
15215,08:25.000,08:25.027,0,,,,,,,,,,,,
15230,08:25.500,08:25.527,2,1251.0,715.0,1354.0,846.0,1919.0,689.0,2075.0,1006.0,,,,
15245,08:26.000,08:26.027,2,1944.0,750.0,2138.0,1063.0,1263.0,758.0,1346.0,887.0,,,,
15260,08:26.500,08:26.527,2,1973.0,762.0,2172.0,1086.0,1285.0,781.0,1365.0,909.0,,,,
15275,08:27.000,08:27.027,1,2078.0,815.0,2251.0,1151.0,,,,,,,,
15290,08:27.500,08:27.527,1,2121.0,801.0,2301.0,1142.0,,,,,,,,
15305,08:28.000,08:28.027,1,2231.0,823.0,2481.0,1161.0,,,,,,,,
15320,08:28.500,08:28.527,0,,,,,,,,,,,,
15335,08:29.000,08:29.028,2,2226.0,833.0,2496.0,1185.0,1411.0,816.0,1493.0,946.0,,,,
15350,08:29.500,08:29.528,2,1390.0,814.0,1489.0,950.0,2155.0,821.0,2395.0,1166.0,,,,
15365,08:30.000,08:30.028,2,1373.0,810.0,1478.0,946.0,2108.0,810.0,2295.0,1140.0,,,,
15380,08:30.500,08:30.528,2,1371.0,798.0,1475.0,932.0,2104.0,792.0,2265.0,1117.0,,,,
15395,08:31.000,08:31.028,2,1372.0,799.0,1464.0,933.0,2115.0,791.0,2285.0,1110.0,,,,
15410,08:31.500,08:31.528,2,1368.0,803.0,1448.0,936.0,2117.0,793.0,2297.0,1109.0,,,,
15425,08:32.000,08:32.028,2,1372.0,798.0,1451.0,932.0,2122.0,796.0,2302.0,1111.0,,,,
15440,08:32.500,08:32.528,2,2121.0,794.0,2292.0,1109.0,1365.0,807.0,1439.0,933.0,,,,
15455,08:33.000,08:33.030,2,2124.0,807.0,2296.0,1122.0,1367.0,819.0,1443.0,943.0,,,,
15470,08:33.500,08:33.530,2,1373.0,822.0,1455.0,948.0,2123.0,808.0,2292.0,1127.0,,,,
15485,08:34.000,08:34.030,2,1381.0,826.0,1472.0,955.0,2124.0,804.0,2297.0,1126.0,,,,
15500,08:34.500,08:34.530,2,1381.0,835.0,1480.0,963.0,2119.0,801.0,2292.0,1127.0,,,,
15515,08:35.000,08:35.030,2,1372.0,839.0,1468.0,966.0,2118.0,795.0,2293.0,1125.0,,,,
15530,08:35.500,08:35.530,2,1368.0,845.0,1465.0,967.0,2131.0,800.0,2355.0,1133.0,,,,
15545,08:36.000,08:36.030,2,1379.0,858.0,1476.0,974.0,2156.0,807.0,2377.0,1142.0,,,,
15560,08:36.500,08:36.530,2,1368.0,866.0,1466.0,979.0,2132.0,808.0,2359.0,1144.0,,,,
15575,08:37.000,08:37.032,2,1405.0,860.0,1504.0,971.0,2188.0,809.0,2409.0,1145.0,,,,
15590,08:37.500,08:37.532,0,,,,,,,,,,,,
15605,08:38.000,08:38.032,0,,,,,,,,,,,,
15620,08:38.500,08:38.523,0,,,,,,,,,,,,
15635,08:39.000,08:39.023,0,,,,,,,,,,,,
15650,08:39.500,08:39.523,2,1014.0,846.0,1111.0,949.0,1691.0,760.0,1878.0,1044.0,,,,
15665,08:40.000,08:40.023,2,718.0,781.0,829.0,888.0,1381.0,676.0,1554.0,943.0,,,,
15680,08:40.500,08:40.523,2,746.0,770.0,856.0,875.0,1401.0,662.0,1576.0,935.0,,,,
15695,08:41.000,08:41.025,2,763.0,751.0,869.0,858.0,1424.0,644.0,1592.0,923.0,,,,
15710,08:41.500,08:41.525,2,826.0,697.0,939.0,820.0,1460.0,626.0,1631.0,902.0,,,,
15725,08:42.000,08:42.025,2,839.0,707.0,949.0,827.0,1456.0,625.0,1630.0,907.0,,,,
15740,08:42.500,08:42.525,2,1486.0,650.0,1685.0,925.0,883.0,731.0,989.0,849.0,,,,
15755,08:43.000,08:43.025,2,1567.0,642.0,1765.0,925.0,964.0,719.0,1070.0,839.0,,,,
15770,08:43.500,08:43.525,2,1546.0,646.0,1731.0,926.0,950.0,726.0,1055.0,842.0,,,,
15785,08:44.000,08:44.025,2,1511.0,639.0,1681.0,930.0,908.0,740.0,1016.0,855.0,,,,
15800,08:44.500,08:44.525,2,1515.0,645.0,1684.0,937.0,907.0,745.0,1015.0,857.0,,,,
15815,08:45.000,08:45.027,2,899.0,755.0,1008.0,865.0,1515.0,657.0,1688.0,941.0,,,,
15830,08:45.500,08:45.527,2,896.0,764.0,1006.0,869.0,1510.0,659.0,1686.0,946.0,,,,
15845,08:46.000,08:46.027,2,899.0,776.0,1007.0,878.0,1513.0,661.0,1694.0,954.0,,,,
15860,08:46.500,08:46.527,2,890.0,776.0,999.0,879.0,1515.0,667.0,1689.0,960.0,,,,
15875,08:47.000,08:47.027,2,866.0,786.0,969.0,887.0,1515.0,665.0,1691.0,959.0,,,,
15890,08:47.500,08:47.527,2,854.0,791.0,963.0,892.0,1520.0,672.0,1696.0,962.0,,,,
15905,08:48.000,08:48.027,2,1026.0,805.0,1130.0,905.0,1706.0,694.0,1893.0,986.0,,,,
15920,08:48.500,08:48.527,0,,,,,,,,,,,,
15935,08:49.000,08:49.028,0,,,,,,,,,,,,
15950,08:49.500,08:49.528,0,,,,,,,,,,,,
15965,08:50.000,08:50.028,0,,,,,,,,,,,,
15980,08:50.500,08:50.528,0,,,,,,,,,,,,
15995,08:51.000,08:51.028,0,,,,,,,,,,,,
16010,08:51.500,08:51.528,0,,,,,,,,,,,,
16025,08:52.000,08:52.028,0,,,,,,,,,,,,
16040,08:52.500,08:52.528,1,86.0,719.0,359.0,1033.0,,,,,,,,
16055,08:53.000,08:53.030,1,-92.0,704.0,181.0,1022.0,,,,,,,,
16070,08:53.500,08:53.530,0,,,,,,,,,,,,
16085,08:54.000,08:54.030,0,,,,,,,,,,,,
16100,08:54.500,08:54.530,0,,,,,,,,,,,,
16115,08:55.000,08:55.030,0,,,,,,,,,,,,
16130,08:55.500,08:55.530,0,,,,,,,,,,,,
16145,08:56.000,08:56.030,0,,,,,,,,,,,,
16160,08:56.500,08:56.530,0,,,,,,,,,,,,
16175,08:57.000,08:57.032,0,,,,,,,,,,,,
16190,08:57.500,08:57.532,0,,,,,,,,,,,,
16205,08:58.000,08:58.032,1,2017.0,976.0,2163.0,1104.0,,,,,,,,
16220,08:58.500,08:58.523,1,1840.0,932.0,1969.0,1036.0,,,,,,,,
16235,08:59.000,08:59.023,0,,,,,,,,,,,,
16250,08:59.500,08:59.523,0,,,,,,,,,,,,
16265,09:00.000,09:00.023,0,,,,,,,,,,,,
16280,09:00.500,09:00.523,1,2161.0,759.0,2320.0,922.0,,,,,,,,
16295,09:01.000,09:01.025,1,1617.0,820.0,1728.0,958.0,,,,,,,,
16310,09:01.500,09:01.525,2,1224.0,791.0,1320.0,918.0,1971.0,783.0,2274.0,1125.0,,,,
16325,09:02.000,09:02.025,1,1515.0,773.0,1620.0,908.0,,,,,,,,
16340,09:02.500,09:02.525,0,,,,,,,,,,,,
16355,09:03.000,09:03.025,0,,,,,,,,,,,,
16370,09:03.500,09:03.525,0,,,,,,,,,,,,
16385,09:04.000,09:04.025,0,,,,,,,,,,,,
16400,09:04.500,09:04.525,0,,,,,,,,,,,,
16415,09:05.000,09:05.027,0,,,,,,,,,,,,
16430,09:05.500,09:05.527,0,,,,,,,,,,,,
16445,09:06.000,09:06.027,0,,,,,,,,,,,,
16460,09:06.500,09:06.527,0,,,,,,,,,,,,
16475,09:07.000,09:07.027,0,,,,,,,,,,,,
16490,09:07.500,09:07.527,1,483.0,758.0,666.0,1017.0,,,,,,,,
16505,09:08.000,09:08.027,1,590.0,749.0,763.0,1004.0,,,,,,,,
16520,09:08.500,09:08.527,1,602.0,747.0,773.0,1005.0,,,,,,,,
16535,09:09.000,09:09.028,1,603.0,749.0,773.0,1007.0,,,,,,,,
16550,09:09.500,09:09.528,1,603.0,758.0,777.0,1021.0,,,,,,,,
16565,09:10.000,09:10.028,1,588.0,749.0,767.0,1018.0,,,,,,,,
16580,09:10.500,09:10.528,1,579.0,757.0,756.0,1028.0,,,,,,,,
16595,09:11.000,09:11.028,1,563.0,758.0,753.0,1025.0,,,,,,,,
16610,09:11.500,09:11.528,0,,,,,,,,,,,,
16625,09:12.000,09:12.028,1,2296.0,847.0,2426.0,1007.0,,,,,,,,
16640,09:12.500,09:12.528,1,2041.0,847.0,2169.0,996.0,,,,,,,,
16655,09:13.000,09:13.028,1,1679.0,843.0,1775.0,968.0,,,,,,,,
16670,09:13.500,09:13.530,1,2145.0,872.0,2286.0,1016.0,,,,,,,,
16685,09:14.000,09:14.030,1,2271.0,920.0,2418.0,1053.0,,,,,,,,
16700,09:14.500,09:14.530,1,2287.0,933.0,2427.0,1063.0,,,,,,,,
16715,09:15.000,09:15.030,1,2281.0,931.0,2425.0,1060.0,,,,,,,,
16730,09:15.500,09:15.530,1,2256.0,925.0,2417.0,1056.0,,,,,,,,
16745,09:16.000,09:16.030,1,2248.0,920.0,2402.0,1042.0,,,,,,,,
16760,09:16.500,09:16.530,2,2094.0,791.0,2334.0,1132.0,1320.0,851.0,1415.0,948.0,,,,
16775,09:17.000,09:17.030,2,2090.0,783.0,2331.0,1126.0,1318.0,838.0,1412.0,940.0,,,,
16790,09:17.500,09:17.523,2,1326.0,835.0,1426.0,934.0,2107.0,792.0,2348.0,1129.0,,,,
16805,09:18.000,09:18.023,2,1324.0,837.0,1422.0,942.0,2103.0,802.0,2330.0,1133.0,,,,
16820,09:18.500,09:18.523,2,1326.0,848.0,1423.0,958.0,2091.0,794.0,2260.0,1127.0,,,,
16835,09:19.000,09:19.023,2,1322.0,850.0,1419.0,959.0,2084.0,799.0,2253.0,1128.0,,,,
16850,09:19.500,09:19.523,2,1329.0,852.0,1427.0,956.0,2089.0,814.0,2255.0,1143.0,,,,
16865,09:20.000,09:20.023,2,1331.0,857.0,1427.0,967.0,2088.0,821.0,2258.0,1147.0,,,,
16880,09:20.500,09:20.523,2,1332.0,852.0,1430.0,958.0,2096.0,818.0,2268.0,1144.0,,,,
16895,09:21.000,09:21.023,2,1334.0,851.0,1431.0,959.0,2096.0,819.0,2270.0,1146.0,,,,
16910,09:21.500,09:21.525,2,1344.0,849.0,1439.0,951.0,2110.0,816.0,2289.0,1146.0,,,,
16925,09:22.000,09:22.025,2,1353.0,850.0,1450.0,955.0,2124.0,814.0,2308.0,1147.0,,,,
16940,09:22.500,09:22.525,2,1372.0,735.0,1473.0,841.0,2150.0,702.0,2337.0,1034.0,,,,
16955,09:23.000,09:23.025,2,2159.0,749.0,2350.0,1078.0,1374.0,786.0,1472.0,884.0,,,,
16970,09:23.500,09:23.525,1,2148.0,890.0,2299.0,1022.0,,,,,,,,
16985,09:24.000,09:24.025,0,,,,,,,,,,,,
17000,09:24.500,09:24.525,0,,,,,,,,,,,,
17015,09:25.000,09:25.025,0,,,,,,,,,,,,
17030,09:25.500,09:25.527,1,2188.0,915.0,2341.0,1043.0,,,,,,,,
17045,09:26.000,09:26.027,2,1632.0,706.0,1823.0,1001.0,945.0,826.0,1046.0,929.0,,,,
17060,09:26.500,09:26.527,2,1566.0,703.0,1754.0,993.0,884.0,820.0,984.0,922.0,,,,
17075,09:27.000,09:27.027,2,1577.0,693.0,1763.0,989.0,890.0,813.0,993.0,912.0,,,,
17090,09:27.500,09:27.527,2,913.0,806.0,1016.0,901.0,1598.0,689.0,1786.0,981.0,,,,
17105,09:28.000,09:28.027,2,1617.0,689.0,1803.0,980.0,925.0,803.0,1032.0,900.0,,,,
17120,09:28.500,09:28.527,2,913.0,809.0,1016.0,910.0,1597.0,696.0,1787.0,989.0,,,,
17135,09:29.000,09:29.027,2,920.0,801.0,1022.0,905.0,1605.0,697.0,1797.0,988.0,,,,
17150,09:29.500,09:29.528,2,926.0,799.0,1030.0,906.0,1612.0,693.0,1805.0,992.0,,,,
17165,09:30.000,09:30.028,2,1619.0,700.0,1812.0,995.0,947.0,784.0,1053.0,898.0,,,,
17180,09:30.500,09:30.528,2,965.0,760.0,1074.0,887.0,1619.0,704.0,1822.0,998.0,,,,
17195,09:31.000,09:31.028,2,969.0,757.0,1075.0,884.0,1616.0,703.0,1826.0,1000.0,,,,
17210,09:31.500,09:31.528,2,966.0,756.0,1073.0,884.0,1614.0,702.0,1822.0,998.0,,,,
17225,09:32.000,09:32.028,2,969.0,763.0,1074.0,889.0,1610.0,708.0,1796.0,1003.0,,,,
17240,09:32.500,09:32.528,2,1023.0,845.0,1127.0,976.0,1659.0,814.0,1845.0,1108.0,,,,
17255,09:33.000,09:33.028,2,1048.0,810.0,1155.0,948.0,1694.0,785.0,1880.0,1086.0,,,,
17270,09:33.500,09:33.530,1,1736.0,802.0,1860.0,944.0,,,,,,,,
17285,09:34.000,09:34.030,2,1400.0,735.0,1510.0,867.0,2183.0,706.0,2416.0,1052.0,,,,
17300,09:34.500,09:34.530,2,881.0,743.0,990.0,875.0,1517.0,696.0,1736.0,986.0,,,,
17315,09:35.000,09:35.030,2,1528.0,673.0,1753.0,962.0,893.0,710.0,1001.0,851.0,,,,
17330,09:35.500,09:35.530,2,903.0,700.0,1012.0,836.0,1539.0,679.0,1753.0,958.0,,,,
17345,09:36.000,09:36.030,2,911.0,718.0,1016.0,847.0,1552.0,687.0,1736.0,969.0,,,,
17360,09:36.500,09:36.522,2,1044.0,732.0,1148.0,862.0,1690.0,683.0,1867.0,991.0,,,,
17375,09:37.000,09:37.022,1,464.0,688.0,691.0,968.0,,,,,,,,
17390,09:37.500,09:37.523,1,645.0,675.0,850.0,945.0,,,,,,,,
17405,09:38.000,09:38.023,1,1895.0,654.0,2029.0,808.0,,,,,,,,
17420,09:38.500,09:38.523,2,707.0,656.0,822.0,797.0,1340.0,629.0,1509.0,905.0,,,,
17435,09:39.000,09:39.023,2,744.0,653.0,858.0,790.0,1376.0,627.0,1546.0,898.0,,,,
17450,09:39.500,09:39.523,2,737.0,708.0,850.0,841.0,1372.0,671.0,1535.0,949.0,,,,
17465,09:40.000,09:40.023,2,735.0,750.0,848.0,885.0,1396.0,698.0,1569.0,986.0,,,,
17480,09:40.500,09:40.523,2,756.0,736.0,869.0,874.0,1415.0,693.0,1608.0,980.0,,,,
17495,09:41.000,09:41.023,2,751.0,730.0,865.0,866.0,1430.0,692.0,1627.0,984.0,,,,
17510,09:41.500,09:41.525,2,760.0,727.0,871.0,858.0,1437.0,689.0,1631.0,978.0,,,,
17525,09:42.000,09:42.025,2,779.0,721.0,887.0,855.0,1446.0,687.0,1646.0,974.0,,,,
17540,09:42.500,09:42.525,2,761.0,732.0,874.0,862.0,1444.0,685.0,1643.0,968.0,,,,
17555,09:43.000,09:43.025,2,736.0,747.0,851.0,869.0,1445.0,689.0,1644.0,973.0,,,,
17570,09:43.500,09:43.525,2,1026.0,699.0,1132.0,835.0,1740.0,680.0,1968.0,973.0,,,,
17585,09:44.000,09:44.025,2,853.0,731.0,963.0,862.0,1512.0,706.0,1711.0,986.0,,,,
17600,09:44.500,09:44.525,2,801.0,825.0,910.0,959.0,1440.0,798.0,1620.0,1075.0,,,,
17615,09:45.000,09:45.025,2,796.0,832.0,905.0,967.0,1434.0,807.0,1617.0,1084.0,,,,
17630,09:45.500,09:45.527,2,908.0,739.0,1012.0,867.0,1523.0,754.0,1708.0,1028.0,,,,
17645,09:46.000,09:46.027,2,894.0,750.0,997.0,873.0,1513.0,755.0,1693.0,1028.0,,,,
17660,09:46.500,09:46.527,2,886.0,755.0,994.0,882.0,1518.0,756.0,1704.0,1029.0,,,,
17675,09:47.000,09:47.027,2,1037.0,753.0,1145.0,887.0,1703.0,748.0,1905.0,1041.0,,,,
17690,09:47.500,09:47.527,2,1230.0,777.0,1334.0,903.0,1938.0,766.0,2176.0,1084.0,,,,
17705,09:48.000,09:48.027,1,1621.0,787.0,1736.0,927.0,,,,,,,,
17720,09:48.500,09:48.527,1,2241.0,820.0,2406.0,990.0,,,,,,,,
17735,09:49.000,09:49.027,1,2138.0,818.0,2292.0,983.0,,,,,,,,
17750,09:49.500,09:49.528,1,2078.0,821.0,2227.0,986.0,,,,,,,,
17765,09:50.000,09:50.028,2,1062.0,781.0,1173.0,910.0,1752.0,780.0,1957.0,1066.0,,,,
17780,09:50.500,09:50.528,2,886.0,796.0,995.0,924.0,1564.0,764.0,1754.0,1048.0,,,,
17795,09:51.000,09:51.028,2,877.0,801.0,977.0,930.0,1558.0,770.0,1750.0,1054.0,,,,
17810,09:51.500,09:51.528,2,920.0,788.0,1025.0,920.0,1584.0,764.0,1770.0,1057.0,,,,
17825,09:52.000,09:52.028,2,954.0,787.0,1058.0,919.0,1590.0,768.0,1774.0,1063.0,,,,
17840,09:52.500,09:52.528,2,969.0,782.0,1074.0,913.0,1607.0,766.0,1798.0,1054.0,,,,
17855,09:53.000,09:53.028,2,1025.0,837.0,1127.0,964.0,1671.0,815.0,1869.0,1096.0,,,,
17870,09:53.500,09:53.530,2,1107.0,856.0,1210.0,981.0,1771.0,838.0,1983.0,1144.0,,,,
17885,09:54.000,09:54.030,2,1866.0,691.0,2090.0,1001.0,1174.0,683.0,1278.0,814.0,,,,
17900,09:54.500,09:54.530,2,1103.0,762.0,1206.0,881.0,1775.0,740.0,1983.0,1038.0,,,,
17915,09:55.000,09:55.030,2,1063.0,755.0,1168.0,878.0,1721.0,748.0,1919.0,1034.0,,,,
17930,09:55.500,09:55.530,2,1042.0,763.0,1147.0,890.0,1689.0,752.0,1893.0,1041.0,,,,
17945,09:56.000,09:56.030,2,1102.0,933.0,1207.0,1065.0,1769.0,928.0,1986.0,1224.0,,,,
17960,09:56.500,09:56.522,2,1251.0,816.0,1354.0,946.0,1958.0,807.0,2204.0,1141.0,,,,
17975,09:57.000,09:57.022,0,,,,,,,,,,,,
17990,09:57.500,09:57.523,1,2236.0,788.0,2396.0,956.0,,,,,,,,
18005,09:58.000,09:58.023,2,1235.0,783.0,1339.0,909.0,1944.0,776.0,2174.0,1107.0,,,,
18020,09:58.500,09:58.523,2,1047.0,785.0,1149.0,914.0,1721.0,792.0,1943.0,1103.0,,,,
18035,09:59.000,09:59.023,2,1290.0,770.0,1379.0,897.0,2044.0,780.0,2315.0,1112.0,,,,
18050,09:59.500,09:59.523,0,,,,,,,,,,,,
18065,10:00.000,10:00.023,0,,,,,,,,,,,,
18080,10:00.500,10:00.523,0,,,,,,,,,,,,
18095,10:01.000,10:01.023,1,163.0,716.0,418.0,1011.0,,,,,,,,
18110,10:01.500,10:01.525,1,556.0,698.0,764.0,961.0,,,,,,,,
18125,10:02.000,10:02.025,0,,,,,,,,,,,,
18140,10:02.500,10:02.525,0,,,,,,,,,,,,
18155,10:03.000,10:03.025,0,,,,,,,,,,,,
18170,10:03.500,10:03.525,0,,,,,,,,,,,,
18185,10:04.000,10:04.025,0,,,,,,,,,,,,
18200,10:04.500,10:04.525,0,,,,,,,,,,,,
18215,10:05.000,10:05.025,0,,,,,,,,,,,,
18230,10:05.500,10:05.527,0,,,,,,,,,,,,
18245,10:06.000,10:06.027,0,,,,,,,,,,,,
18260,10:06.500,10:06.527,0,,,,,,,,,,,,
18275,10:07.000,10:07.027,0,,,,,,,,,,,,
18290,10:07.500,10:07.527,0,,,,,,,,,,,,
18305,10:08.000,10:08.027,0,,,,,,,,,,,,
18320,10:08.500,10:08.527,0,,,,,,,,,,,,
18335,10:09.000,10:09.027,1,2106.0,1046.0,2259.0,1201.0,,,,,,,,
18350,10:09.500,10:09.528,1,2084.0,1040.0,2239.0,1210.0,,,,,,,,
18365,10:10.000,10:10.028,1,2084.0,1029.0,2236.0,1194.0,,,,,,,,
18380,10:10.500,10:10.528,1,2033.0,971.0,2177.0,1132.0,,,,,,,,
18395,10:11.000,10:11.028,1,1993.0,971.0,2132.0,1122.0,,,,,,,,
18410,10:11.500,10:11.528,1,1909.0,990.0,2044.0,1139.0,,,,,,,,
18425,10:12.000,10:12.028,1,1953.0,1003.0,2091.0,1153.0,,,,,,,,
18440,10:12.500,10:12.528,1,1958.0,976.0,2096.0,1124.0,,,,,,,,
18455,10:13.000,10:13.028,1,1936.0,923.0,2073.0,1075.0,,,,,,,,
18470,10:13.500,10:13.530,1,1944.0,913.0,2080.0,1063.0,,,,,,,,
18485,10:14.000,10:14.030,1,1935.0,919.0,2070.0,1066.0,,,,,,,,
18500,10:14.500,10:14.530,1,1949.0,916.0,2083.0,1067.0,,,,,,,,
18515,10:15.000,10:15.030,1,1972.0,957.0,2112.0,1103.0,,,,,,,,
18530,10:15.500,10:15.530,1,1871.0,919.0,2000.0,1064.0,,,,,,,,
18545,10:16.000,10:16.022,1,1894.0,897.0,2025.0,1044.0,,,,,,,,
18560,10:16.500,10:16.522,0,,,,,,,,,,,,
18575,10:17.000,10:17.022,0,,,,,,,,,,,,
18590,10:17.500,10:17.523,0,,,,,,,,,,,,
18605,10:18.000,10:18.023,0,,,,,,,,,,,,
18620,10:18.500,10:18.523,0,,,,,,,,,,,,
18635,10:19.000,10:19.023,1,2314.0,869.0,2446.0,1029.0,,,,,,,,
18650,10:19.500,10:19.523,0,,,,,,,,,,,,
18665,10:20.000,10:20.023,1,2234.0,935.0,2393.0,1099.0,,,,,,,,
18680,10:20.500,10:20.523,1,2177.0,850.0,2335.0,1013.0,,,,,,,,
18695,10:21.000,10:21.023,0,,,,,,,,,,,,
18710,10:21.500,10:21.525,0,,,,,,,,,,,,
18725,10:22.000,10:22.025,0,,,,,,,,,,,,
18740,10:22.500,10:22.525,0,,,,,,,,,,,,
18755,10:23.000,10:23.025,0,,,,,,,,,,,,
18770,10:23.500,10:23.525,0,,,,,,,,,,,,
18785,10:24.000,10:24.025,0,,,,,,,,,,,,
18800,10:24.500,10:24.525,0,,,,,,,,,,,,
18815,10:25.000,10:25.025,0,,,,,,,,,,,,
18830,10:25.500,10:25.527,0,,,,,,,,,,,,
18845,10:26.000,10:26.027,0,,,,,,,,,,,,
18860,10:26.500,10:26.527,0,,,,,,,,,,,,
18875,10:27.000,10:27.027,0,,,,,,,,,,,,
18890,10:27.500,10:27.527,0,,,,,,,,,,,,
18905,10:28.000,10:28.027,0,,,,,,,,,,,,
18920,10:28.500,10:28.527,1,2148.0,855.0,2285.0,1020.0,,,,,,,,
18935,10:29.000,10:29.027,1,2015.0,857.0,2139.0,1011.0,,,,,,,,
18950,10:29.500,10:29.528,0,,,,,,,,,,,,
18965,10:30.000,10:30.028,1,584.0,798.0,749.0,1062.0,,,,,,,,
18980,10:30.500,10:30.528,1,581.0,788.0,742.0,1052.0,,,,,,,,
18995,10:31.000,10:31.028,1,484.0,775.0,657.0,1040.0,,,,,,,,
19010,10:31.500,10:31.528,1,1586.0,806.0,1682.0,936.0,,,,,,,,
19025,10:32.000,10:32.028,2,1735.0,807.0,1966.0,1091.0,1079.0,791.0,1171.0,910.0,,,,
19040,10:32.500,10:32.528,1,1670.0,759.0,1773.0,894.0,,,,,,,,
19055,10:33.000,10:33.028,1,672.0,745.0,833.0,997.0,,,,,,,,
19070,10:33.500,10:33.528,1,663.0,751.0,823.0,1006.0,,,,,,,,
19085,10:34.000,10:34.030,1,652.0,746.0,816.0,1006.0,,,,,,,,
19100,10:34.500,10:34.530,0,,,,,,,,,,,,
19115,10:35.000,10:35.030,1,2242.0,867.0,2388.0,1031.0,,,,,,,,
19131,10:35.500,10:35.522,1,2230.0,883.0,2382.0,1052.0,,,,,,,,
19146,10:36.000,10:36.022,1,2282.0,897.0,2407.0,1064.0,,,,,,,,
19161,10:36.500,10:36.522,1,2248.0,896.0,2377.0,1055.0,,,,,,,,
19176,10:37.000,10:37.022,1,2208.0,887.0,2335.0,1057.0,,,,,,,,
19191,10:37.500,10:37.523,1,2206.0,898.0,2330.0,1063.0,,,,,,,,
19206,10:38.000,10:38.023,1,2212.0,893.0,2340.0,1059.0,,,,,,,,
19221,10:38.500,10:38.523,1,2192.0,876.0,2336.0,1043.0,,,,,,,,
19236,10:39.000,10:39.023,1,2256.0,897.0,2405.0,1056.0,,,,,,,,
19251,10:39.500,10:39.523,0,,,,,,,,,,,,
19266,10:40.000,10:40.023,0,,,,,,,,,,,,
19281,10:40.500,10:40.523,0,,,,,,,,,,,,
19296,10:41.000,10:41.023,0,,,,,,,,,,,,
19311,10:41.500,10:41.525,0,,,,,,,,,,,,
19326,10:42.000,10:42.025,0,,,,,,,,,,,,
19341,10:42.500,10:42.525,0,,,,,,,,,,,,
19356,10:43.000,10:43.025,0,,,,,,,,,,,,
19371,10:43.500,10:43.525,0,,,,,,,,,,,,
19386,10:44.000,10:44.025,0,,,,,,,,,,,,
19401,10:44.500,10:44.525,0,,,,,,,,,,,,
19416,10:45.000,10:45.025,0,,,,,,,,,,,,
19431,10:45.500,10:45.525,0,,,,,,,,,,,,
19446,10:46.000,10:46.027,0,,,,,,,,,,,,
19461,10:46.500,10:46.527,0,,,,,,,,,,,,
19476,10:47.000,10:47.027,0,,,,,,,,,,,,
19491,10:47.500,10:47.527,0,,,,,,,,,,,,
19506,10:48.000,10:48.027,0,,,,,,,,,,,,
19521,10:48.500,10:48.527,0,,,,,,,,,,,,
19536,10:49.000,10:49.027,0,,,,,,,,,,,,
19551,10:49.500,10:49.527,0,,,,,,,,,,,,
19566,10:50.000,10:50.028,0,,,,,,,,,,,,
19581,10:50.500,10:50.528,0,,,,,,,,,,,,
19596,10:51.000,10:51.028,1,1933.0,839.0,2068.0,985.0,,,,,,,,
19611,10:51.500,10:51.528,2,1327.0,756.0,1432.0,882.0,2027.0,746.0,2226.0,1061.0,,,,
19626,10:52.000,10:52.028,2,1540.0,704.0,1726.0,992.0,899.0,723.0,1007.0,850.0,,,,
19641,10:52.500,10:52.528,2,1379.0,673.0,1591.0,955.0,733.0,701.0,848.0,832.0,,,,
19656,10:53.000,10:53.028,0,,,,,,,,,,,,
19671,10:53.500,10:53.528,1,703.0,724.0,896.0,959.0,,,,,,,,
19686,10:54.000,10:54.030,1,687.0,711.0,879.0,940.0,,,,,,,,
19701,10:54.500,10:54.530,1,550.0,523.0,741.0,775.0,,,,,,,,
19716,10:55.000,10:55.022,1,1981.0,556.0,2121.0,709.0,,,,,,,,
19731,10:55.500,10:55.522,2,1328.0,677.0,1434.0,802.0,2045.0,631.0,2216.0,953.0,,,,
19746,10:56.000,10:56.022,2,1209.0,748.0,1314.0,868.0,1879.0,703.0,2102.0,1018.0,,,,
19761,10:56.500,10:56.522,2,1556.0,709.0,1786.0,1003.0,905.0,758.0,1011.0,883.0,,,,
19776,10:57.000,10:57.022,2,1521.0,685.0,1760.0,994.0,836.0,749.0,935.0,876.0,,,,
19791,10:57.500,10:57.522,1,1479.0,763.0,1569.0,892.0,,,,,,,,
19806,10:58.000,10:58.023,1,2077.0,798.0,2194.0,955.0,,,,,,,,
19821,10:58.500,10:58.523,0,,,,,,,,,,,,
19836,10:59.000,10:59.023,0,,,,,,,,,,,,
19851,10:59.500,10:59.523,1,2259.0,725.0,2416.0,886.0,,,,,,,,
19866,11:00.000,11:00.023,1,2170.0,413.0,2338.0,584.0,,,,,,,,
19881,11:00.500,11:00.523,1,2174.0,376.0,2342.0,548.0,,,,,,,,
19896,11:01.000,11:01.023,1,2135.0,353.0,2297.0,528.0,,,,,,,,
19911,11:01.500,11:01.523,1,2132.0,360.0,2288.0,534.0,,,,,,,,
19926,11:02.000,11:02.025,1,2123.0,388.0,2262.0,555.0,,,,,,,,
19941,11:02.500,11:02.525,1,2151.0,469.0,2263.0,629.0,,,,,,,,
19957,11:03.000,11:03.025,0,,,,,,,,,,,,
19972,11:03.500,11:03.525,0,,,,,,,,,,,,
19987,11:04.000,11:04.025,1,2164.0,832.0,2290.0,995.0,,,,,,,,
20002,11:04.500,11:04.525,1,1819.0,853.0,1940.0,994.0,,,,,,,,
20017,11:05.000,11:05.025,2,1823.0,683.0,2085.0,984.0,1138.0,724.0,1238.0,849.0,,,,
20032,11:05.500,11:05.525,2,1824.0,693.0,2087.0,1002.0,1150.0,743.0,1248.0,866.0,,,,
20047,11:06.000,11:06.027,2,1273.0,719.0,1375.0,845.0,1983.0,695.0,2260.0,1019.0,,,,
20062,11:06.500,11:06.527,2,1176.0,705.0,1278.0,832.0,1831.0,661.0,1979.0,965.0,,,,
20077,11:07.000,11:07.027,2,1206.0,725.0,1309.0,849.0,1869.0,675.0,2029.0,987.0,,,,
20092,11:07.500,11:07.527,2,1088.0,711.0,1190.0,841.0,1728.0,668.0,1879.0,969.0,,,,
20107,11:08.000,11:08.027,2,1072.0,712.0,1175.0,843.0,1713.0,674.0,1873.0,969.0,,,,
20120,11:08.500,11:08.527,0,,,,,,,,,,,,
20135,11:09.000,11:09.027,2,1619.0,739.0,1805.0,972.0,355.0,723.0,503.0,896.0,,,,
20151,11:09.500,11:09.527,2,1747.0,775.0,1943.0,1017.0,503.0,748.0,638.0,913.0,,,,
20166,11:10.000,11:10.028,2,921.0,755.0,1030.0,908.0,2213.0,799.0,2435.0,1073.0,,,,
20181,11:10.500,11:10.528,2,905.0,799.0,1064.0,1007.0,2090.0,835.0,2250.0,1017.0,,,,
20196,11:11.000,11:11.028,2,1481.0,752.0,1599.0,907.0,386.0,709.0,553.0,945.0,,,,
20211,11:11.500,11:11.528,1,1334.0,728.0,1451.0,956.0,,,,,,,,
20226,11:12.000,11:12.028,1,1307.0,766.0,1471.0,982.0,,,,,,,,
20241,11:12.500,11:12.528,2,1558.0,768.0,1739.0,1010.0,255.0,733.0,411.0,912.0,,,,
20256,11:13.000,11:13.028,2,1342.0,818.0,1451.0,974.0,97.0,802.0,326.0,1048.0,,,,
20271,11:13.500,11:13.528,2,520.0,803.0,700.0,1020.0,1627.0,852.0,1754.0,1017.0,,,,
20286,11:14.000,11:14.030,2,1320.0,842.0,1428.0,996.0,107.0,818.0,338.0,1064.0,,,,
20301,11:14.500,11:14.530,1,944.0,828.0,1059.0,982.0,,,,,,,,
20316,11:15.000,11:15.030,2,1843.0,896.0,2054.0,1159.0,611.0,845.0,728.0,1004.0,,,,
20331,11:15.500,11:15.530,1,1193.0,845.0,1305.0,997.0,,,,,,,,
20346,11:16.000,11:16.022,2,647.0,760.0,823.0,970.0,1768.0,797.0,1902.0,967.0,,,,
20361,11:16.500,11:16.522,2,1495.0,756.0,1610.0,911.0,321.0,724.0,525.0,963.0,,,,
20376,11:17.000,11:17.022,1,1080.0,719.0,1191.0,870.0,,,,,,,,
20391,11:17.500,11:17.522,1,1342.0,745.0,1521.0,979.0,,,,,,,,
20406,11:18.000,11:18.023,2,1325.0,754.0,1500.0,997.0,-28.0,788.0,89.0,965.0,,,,
20421,11:18.500,11:18.523,1,1302.0,780.0,1473.0,1023.0,,,,,,,,
20436,11:19.000,11:19.023,1,1659.0,800.0,1859.0,1052.0,,,,,,,,
20451,11:19.500,11:19.523,1,535.0,808.0,708.0,1029.0,,,,,,,,
20466,11:20.000,11:20.023,1,788.0,769.0,955.0,978.0,,,,,,,,
20481,11:20.500,11:20.523,1,1436.0,829.0,1601.0,1036.0,,,,,,,,
20496,11:21.000,11:21.023,1,1136.0,815.0,1295.0,1022.0,,,,,,,,
20511,11:21.500,11:21.523,1,2070.0,769.0,2262.0,1039.0,,,,,,,,
20526,11:22.000,11:22.025,1,1617.0,829.0,1743.0,1059.0,,,,,,,,
20541,11:22.500,11:22.525,1,1191.0,823.0,1310.0,1053.0,,,,,,,,
20556,11:23.000,11:23.025,1,797.0,978.0,947.0,1209.0,,,,,,,,
20571,11:23.500,11:23.525,1,-3.0,828.0,244.0,1133.0,,,,,,,,
20586,11:24.000,11:24.025,0,,,,,,,,,,,,
20601,11:24.500,11:24.525,0,,,,,,,,,,,,
20616,11:25.000,11:25.025,0,,,,,,,,,,,,
20631,11:25.500,11:25.525,0,,,,,,,,,,,,
20646,11:26.000,11:26.027,0,,,,,,,,,,,,
20661,11:26.500,11:26.527,1,87.0,876.0,233.0,1155.0,,,,,,,,
20676,11:27.000,11:27.027,2,1735.0,818.0,1877.0,1067.0,571.0,791.0,659.0,960.0,,,,
20692,11:27.500,11:27.527,1,1067.0,809.0,1152.0,962.0,,,,,,,,
20707,11:28.000,11:28.027,1,1187.0,834.0,1269.0,974.0,,,,,,,,
20722,11:28.500,11:28.527,1,1255.0,867.0,1358.0,1017.0,,,,,,,,
20737,11:29.000,11:29.027,2,1209.0,800.0,1321.0,958.0,-79.0,801.0,120.0,1065.0,,,,
20752,11:29.500,11:29.527,2,1198.0,787.0,1290.0,940.0,-59.0,781.0,138.0,1039.0,,,,
20767,11:30.000,11:30.028,1,969.0,852.0,1085.0,1009.0,,,,,,,,
20782,11:30.500,11:30.528,2,1892.0,857.0,2109.0,1122.0,716.0,801.0,859.0,949.0,,,,
20797,11:31.000,11:31.028,2,1742.0,833.0,1930.0,1078.0,587.0,807.0,741.0,933.0,,,,
20812,11:31.500,11:31.528,2,2074.0,821.0,2290.0,1090.0,892.0,816.0,1034.0,942.0,,,,
20827,11:32.000,11:32.028,2,1046.0,792.0,1171.0,926.0,2286.0,829.0,2472.0,1096.0,,,,
20842,11:32.500,11:32.528,1,1142.0,802.0,1259.0,948.0,,,,,,,,
20857,11:33.000,11:33.028,2,1568.0,868.0,1691.0,1033.0,445.0,896.0,613.0,1128.0,,,,
20872,11:33.500,11:33.528,1,1194.0,947.0,1323.0,1163.0,,,,,,,,
20887,11:34.000,11:34.030,1,1730.0,962.0,1888.0,1192.0,,,,,,,,
20902,11:34.500,11:34.522,1,1971.0,952.0,2163.0,1216.0,,,,,,,,
20917,11:35.000,11:35.022,1,1505.0,866.0,1663.0,1082.0,,,,,,,,
20932,11:35.500,11:35.522,2,1416.0,816.0,1530.0,972.0,144.0,819.0,355.0,1069.0,,,,
20947,11:36.000,11:36.022,2,2099.0,936.0,2318.0,1208.0,784.0,816.0,883.0,974.0,,,,
20962,11:36.500,11:36.522,2,1474.0,817.0,1618.0,1054.0,134.0,738.0,259.0,919.0,,,,
20977,11:37.000,11:37.022,2,54.0,733.0,180.0,918.0,1428.0,818.0,1553.0,1044.0,,,,
20992,11:37.500,11:37.522,2,1395.0,870.0,1516.0,1098.0,-10.0,785.0,115.0,969.0,,,,
21007,11:38.000,11:38.023,1,1409.0,848.0,1528.0,1071.0,,,,,,,,
21022,11:38.500,11:38.523,1,1396.0,838.0,1528.0,1065.0,,,,,,,,
21037,11:39.000,11:39.023,1,1430.0,852.0,1570.0,1085.0,,,,,,,,
21053,11:39.500,11:39.523,2,1715.0,905.0,1872.0,1147.0,352.0,887.0,479.0,1018.0,,,,
21068,11:40.000,11:40.023,1,956.0,966.0,1054.0,1082.0,,,,,,,,
21083,11:40.500,11:40.523,2,321.0,899.0,524.0,1139.0,1465.0,948.0,1570.0,1086.0,,,,
21098,11:41.000,11:41.023,2,723.0,1058.0,901.0,1297.0,1918.0,1117.0,2076.0,1268.0,,,,
21113,11:41.500,11:41.523,2,573.0,1109.0,767.0,1363.0,1853.0,1151.0,2003.0,1300.0,,,,
21128,11:42.000,11:42.025,2,573.0,962.0,762.0,1201.0,1860.0,1018.0,2010.0,1164.0,,,,
21143,11:42.500,11:42.525,1,953.0,959.0,1117.0,1174.0,,,,,,,,
21158,11:43.000,11:43.025,2,1414.0,860.0,1596.0,1111.0,-53.0,931.0,122.0,1124.0,,,,
21173,11:43.500,11:43.525,1,991.0,806.0,1173.0,1047.0,,,,,,,,
21188,11:44.000,11:44.025,1,814.0,596.0,1000.0,846.0,,,,,,,,
21203,11:44.500,11:44.525,1,481.0,691.0,682.0,961.0,,,,,,,,
21218,11:45.000,11:45.025,2,939.0,921.0,1066.0,1049.0,2100.0,721.0,2284.0,1009.0,,,,
21233,11:45.500,11:45.525,1,1805.0,949.0,1952.0,1128.0,,,,,,,,
21248,11:46.000,11:46.027,1,1995.0,1149.0,2169.0,1342.0,,,,,,,,
21263,11:46.500,11:46.527,1,1866.0,1111.0,2014.0,1304.0,,,,,,,,
21278,11:47.000,11:47.027,2,892.0,951.0,996.0,1113.0,2243.0,867.0,2395.0,1146.0,,,,
21293,11:47.500,11:47.527,2,224.0,858.0,339.0,1030.0,1523.0,830.0,1644.0,1068.0,,,,
21308,11:48.000,11:48.027,1,610.0,931.0,729.0,1173.0,,,,,,,,
21323,11:48.500,11:48.527,1,330.0,857.0,527.0,1129.0,,,,,,,,
21338,11:49.000,11:49.027,1,1033.0,946.0,1135.0,1104.0,,,,,,,,
21353,11:49.500,11:49.527,1,1843.0,1274.0,1957.0,1455.0,,,,,,,,
21368,11:50.000,11:50.028,1,1019.0,1134.0,1132.0,1351.0,,,,,,,,
21383,11:50.500,11:50.528,0,,,,,,,,,,,,
21398,11:51.000,11:51.028,1,2306.0,1309.0,2423.0,1503.0,,,,,,,,
21413,11:51.500,11:51.528,2,762.0,1234.0,934.0,1501.0,2047.0,1216.0,2164.0,1396.0,,,,
21428,11:52.000,11:52.028,2,477.0,1083.0,680.0,1363.0,1691.0,1055.0,1810.0,1232.0,,,,
21443,11:52.500,11:52.528,2,385.0,1045.0,628.0,1340.0,1625.0,1044.0,1750.0,1216.0,,,,
21458,11:53.000,11:53.028,2,389.0,1032.0,601.0,1324.0,1618.0,1044.0,1742.0,1211.0,,,,
21473,11:53.500,11:53.528,1,1272.0,1142.0,1391.0,1295.0,,,,,,,,
21488,11:54.000,11:54.022,2,773.0,1039.0,895.0,1177.0,1802.0,1075.0,1996.0,1365.0,,,,
21503,11:54.500,11:54.522,2,1643.0,953.0,1806.0,1226.0,636.0,897.0,765.0,1042.0,,,,
21518,11:55.000,11:55.022,1,1151.0,851.0,1308.0,1056.0,,,,,,,,
21533,11:55.500,11:55.522,1,743.0,914.0,935.0,1108.0,,,,,,,,
21548,11:56.000,11:56.022,1,679.0,1155.0,880.0,1367.0,,,,,,,,
21563,11:56.500,11:56.522,1,225.0,1188.0,476.0,1478.0,,,,,,,,
21578,11:57.000,11:57.022,1,287.0,1313.0,523.0,1516.0,,,,,,,,
21593,11:57.500,11:57.522,0,,,,,,,,,,,,
21608,11:58.000,11:58.023,1,1053.0,1219.0,1195.0,1490.0,,,,,,,,
21623,11:58.500,11:58.523,2,1601.0,950.0,1710.0,1116.0,270.0,777.0,404.0,1031.0,,,,
21638,11:59.000,11:59.023,1,1326.0,860.0,1425.0,1068.0,,,,,,,,
21653,11:59.500,11:59.523,0,,,,,,,,,,,,
21668,12:00.000,12:00.023,0,,,,,,,,,,,,
21683,12:00.500,12:00.523,2,629.0,758.0,739.0,915.0,1705.0,726.0,1866.0,978.0,,,,
21698,12:01.000,12:01.023,1,1435.0,708.0,1561.0,943.0,,,,,,,,
21713,12:01.500,12:01.523,1,1471.0,726.0,1578.0,958.0,,,,,,,,
21728,12:02.000,12:02.025,0,,,,,,,,,,,,
21743,12:02.500,12:02.525,0,,,,,,,,,,,,
21758,12:03.000,12:03.025,0,,,,,,,,,,,,
21773,12:03.500,12:03.525,0,,,,,,,,,,,,
21788,12:04.000,12:04.025,2,772.0,756.0,843.0,899.0,1841.0,681.0,2004.0,996.0,,,,
21803,12:04.500,12:04.525,0,,,,,,,,,,,,
21818,12:05.000,12:05.025,1,2143.0,615.0,2303.0,913.0,,,,,,,,
21833,12:05.500,12:05.525,2,822.0,727.0,932.0,882.0,2082.0,668.0,2354.0,982.0,,,,
21848,12:06.000,12:06.025,1,944.0,734.0,1067.0,894.0,,,,,,,,
21863,12:06.500,12:06.527,1,989.0,704.0,1106.0,862.0,,,,,,,,
21878,12:07.000,12:07.027,2,1505.0,710.0,1676.0,964.0,122.0,699.0,295.0,893.0,,,,
21893,12:07.500,12:07.527,2,1473.0,670.0,1647.0,903.0,70.0,634.0,250.0,831.0,,,,
21908,12:08.000,12:08.027,1,1001.0,673.0,1118.0,830.0,,,,,,,,
21923,12:08.500,12:08.527,1,1240.0,705.0,1355.0,858.0,,,,,,,,
21938,12:09.000,12:09.027,2,897.0,696.0,1070.0,916.0,2195.0,687.0,2382.0,882.0,,,,
21953,12:09.500,12:09.527,1,906.0,675.0,1027.0,840.0,,,,,,,,
21968,12:10.000,12:10.028,2,1590.0,774.0,1743.0,1004.0,241.0,730.0,401.0,914.0,,,,
21983,12:10.500,12:10.528,1,933.0,726.0,1049.0,881.0,,,,,,,,
21998,12:11.000,12:11.028,1,1120.0,758.0,1223.0,907.0,,,,,,,,
22013,12:11.500,12:11.528,1,1095.0,670.0,1204.0,830.0,,,,,,,,
22028,12:12.000,12:12.028,1,1098.0,697.0,1207.0,849.0,,,,,,,,
22043,12:12.500,12:12.528,1,1095.0,698.0,1205.0,853.0,,,,,,,,
22058,12:13.000,12:13.020,1,1094.0,700.0,1203.0,850.0,,,,,,,,
22073,12:13.500,12:13.520,1,1075.0,718.0,1189.0,870.0,,,,,,,,
22088,12:14.000,12:14.020,1,1103.0,683.0,1218.0,840.0,,,,,,,,
22103,12:14.500,12:14.522,1,1123.0,650.0,1239.0,808.0,,,,,,,,
22118,12:15.000,12:15.022,1,1019.0,594.0,1138.0,753.0,,,,,,,,
22133,12:15.500,12:15.522,1,963.0,587.0,1085.0,745.0,,,,,,,,
22148,12:16.000,12:16.022,1,1048.0,666.0,1171.0,833.0,,,,,,,,
22163,12:16.500,12:16.522,1,832.0,632.0,961.0,800.0,,,,,,,,
22178,12:17.000,12:17.022,2,1658.0,673.0,1860.0,926.0,179.0,633.0,359.0,817.0,,,,
22193,12:17.500,12:17.522,1,1274.0,712.0,1392.0,871.0,,,,,,,,
22208,12:18.000,12:18.022,1,1245.0,734.0,1360.0,894.0,,,,,,,,
22223,12:18.500,12:18.523,1,1218.0,709.0,1335.0,866.0,,,,,,,,
22238,12:19.000,12:19.023,1,1204.0,710.0,1319.0,862.0,,,,,,,,
22253,12:19.500,12:19.523,1,1198.0,714.0,1310.0,860.0,,,,,,,,
22268,12:20.000,12:20.023,1,1055.0,332.0,1176.0,494.0,,,,,,,,
22283,12:20.500,12:20.523,1,1973.0,163.0,2203.0,451.0,,,,,,,,
22298,12:21.000,12:21.023,0,,,,,,,,,,,,
22313,12:21.500,12:21.523,0,,,,,,,,,,,,
22328,12:22.000,12:22.023,1,905.0,498.0,1026.0,656.0,,,,,,,,
22343,12:22.500,12:22.525,2,765.0,673.0,937.0,888.0,1885.0,697.0,2032.0,877.0,,,,
22358,12:23.000,12:23.025,2,1401.0,739.0,1523.0,905.0,220.0,703.0,436.0,948.0,,,,
22373,12:23.500,12:23.525,2,1183.0,710.0,1309.0,869.0,-79.0,688.0,133.0,948.0,,,,
22388,12:24.000,12:24.025,1,1118.0,693.0,1233.0,848.0,,,,,,,,
22403,12:24.500,12:24.525,1,1060.0,917.0,1175.0,1073.0,,,,,,,,
22418,12:25.000,12:25.025,2,817.0,749.0,987.0,953.0,1938.0,813.0,2086.0,989.0,,,,
22433,12:25.500,12:25.525,2,1399.0,807.0,1515.0,970.0,242.0,756.0,452.0,996.0,,,,
22448,12:26.000,12:26.025,2,505.0,751.0,638.0,919.0,1689.0,922.0,1871.0,1091.0,,,,
22463,12:26.500,12:26.527,2,518.0,691.0,660.0,871.0,1710.0,894.0,1895.0,1059.0,,,,
22478,12:27.000,12:27.027,1,975.0,794.0,1090.0,947.0,,,,,,,,
22493,12:27.500,12:27.527,1,1049.0,771.0,1162.0,921.0,,,,,,,,
22508,12:28.000,12:28.027,1,1069.0,766.0,1188.0,922.0,,,,,,,,
22523,12:28.500,12:28.527,1,1083.0,765.0,1190.0,932.0,,,,,,,,
22538,12:29.000,12:29.027,1,1038.0,699.0,1149.0,848.0,,,,,,,,
22553,12:29.500,12:29.527,2,483.0,403.0,620.0,579.0,1699.0,561.0,1892.0,756.0,,,,
22568,12:30.000,12:30.027,2,1846.0,300.0,2025.0,540.0,556.0,147.0,689.0,322.0,,,,
22583,12:30.500,12:30.528,2,1510.0,571.0,1684.0,768.0,216.0,356.0,368.0,538.0,,,,
22598,12:31.000,12:31.028,2,1447.0,676.0,1625.0,866.0,157.0,493.0,316.0,678.0,,,,
22613,12:31.500,12:31.528,2,1448.0,738.0,1630.0,955.0,144.0,607.0,302.0,786.0,,,,
22628,12:32.000,12:32.020,2,1468.0,777.0,1648.0,978.0,168.0,623.0,326.0,802.0,,,,
22643,12:32.500,12:32.520,2,1469.0,800.0,1645.0,997.0,194.0,642.0,348.0,821.0,,,,
22658,12:33.000,12:33.020,2,1481.0,785.0,1660.0,982.0,215.0,642.0,363.0,819.0,,,,
22673,12:33.500,12:33.520,2,1479.0,769.0,1656.0,963.0,205.0,623.0,356.0,801.0,,,,
22688,12:34.000,12:34.020,2,1412.0,681.0,1583.0,873.0,112.0,540.0,267.0,722.0,,,,
22703,12:34.500,12:34.522,2,1525.0,675.0,1702.0,877.0,264.0,543.0,404.0,719.0,,,,
22718,12:35.000,12:35.022,1,1110.0,681.0,1216.0,833.0,,,,,,,,
22733,12:35.500,12:35.522,2,1688.0,744.0,1809.0,900.0,609.0,724.0,777.0,935.0,,,,
22748,12:36.000,12:36.022,2,945.0,776.0,1096.0,974.0,2055.0,784.0,2211.0,956.0,,,,
22763,12:36.500,12:36.522,2,405.0,719.0,593.0,953.0,1501.0,712.0,1621.0,870.0,,,,
22778,12:37.000,12:37.022,1,1050.0,695.0,1163.0,847.0,,,,,,,,
22793,12:37.500,12:37.522,2,602.0,687.0,731.0,850.0,1797.0,786.0,2002.0,1000.0,,,,
22808,12:38.000,12:38.022,2,1537.0,811.0,1712.0,1006.0,284.0,748.0,432.0,922.0,,,,
22823,12:38.500,12:38.523,2,1210.0,769.0,1323.0,923.0,-93.0,698.0,130.0,962.0,,,,
22838,12:39.000,12:39.023,2,740.0,795.0,916.0,1013.0,1856.0,809.0,1999.0,983.0,,,,
22853,12:39.500,12:39.523,1,1167.0,757.0,1280.0,913.0,,,,,,,,
22868,12:40.000,12:40.023,1,1086.0,834.0,1201.0,989.0,,,,,,,,
22883,12:40.500,12:40.523,1,1094.0,831.0,1210.0,985.0,,,,,,,,
22898,12:41.000,12:41.023,2,1438.0,688.0,1619.0,934.0,-16.0,635.0,161.0,834.0,,,,
22913,12:41.500,12:41.523,2,838.0,837.0,959.0,998.0,2242.0,891.0,2493.0,1185.0,,,,
22928,12:42.000,12:42.023,2,416.0,937.0,619.0,1172.0,1541.0,1060.0,1667.0,1226.0,,,,
22943,12:42.500,12:42.525,1,901.0,1132.0,1022.0,1302.0,,,,,,,,
22958,12:43.000,12:43.025,2,1857.0,939.0,2071.0,1201.0,552.0,1009.0,690.0,1181.0,,,,
22973,12:43.500,12:43.525,2,1395.0,863.0,1514.0,1025.0,315.0,813.0,509.0,1051.0,,,,
22988,12:44.000,12:44.025,2,1750.0,776.0,1885.0,947.0,772.0,721.0,934.0,929.0,,,,
23003,12:44.500,12:44.525,2,1115.0,764.0,1231.0,922.0,-90.0,757.0,119.0,1012.0,,,,
23018,12:45.000,12:45.025,2,905.0,731.0,1022.0,886.0,2260.0,809.0,2489.0,1098.0,,,,
23033,12:45.500,12:45.525,2,946.0,740.0,1056.0,899.0,2260.0,836.0,2458.0,1108.0,,,,
23048,12:46.000,12:46.025,1,1070.0,771.0,1172.0,921.0,,,,,,,,
23063,12:46.500,12:46.527,1,1085.0,790.0,1198.0,942.0,,,,,,,,
23078,12:47.000,12:47.027,1,1097.0,793.0,1209.0,944.0,,,,,,,,
23093,12:47.500,12:47.527,2,1114.0,781.0,1227.0,937.0,-66.0,772.0,117.0,1016.0,,,,
23108,12:48.000,12:48.027,1,1095.0,746.0,1208.0,898.0,,,,,,,,
23123,12:48.500,12:48.527,1,1091.0,744.0,1205.0,899.0,,,,,,,,
23138,12:49.000,12:49.027,2,1114.0,740.0,1229.0,896.0,-63.0,728.0,129.0,983.0,,,,
23153,12:49.500,12:49.527,2,1114.0,745.0,1226.0,900.0,-53.0,731.0,147.0,995.0,,,,
23168,12:50.000,12:50.027,2,1165.0,752.0,1278.0,907.0,21.0,732.0,214.0,992.0,,,,
23183,12:50.500,12:50.528,2,744.0,772.0,868.0,936.0,2041.0,814.0,2201.0,1082.0,,,,
23198,12:51.000,12:51.028,2,230.0,766.0,388.0,945.0,1545.0,771.0,1674.0,1009.0,,,,
23213,12:51.500,12:51.520,2,1651.0,770.0,1818.0,1007.0,379.0,721.0,514.0,893.0,,,,
23228,12:52.000,12:52.020,2,1470.0,748.0,1648.0,986.0,108.0,712.0,263.0,897.0,,,,
23243,12:52.500,12:52.520,2,1446.0,753.0,1609.0,984.0,80.0,712.0,240.0,903.0,,,,
23258,12:53.000,12:53.020,2,109.0,705.0,260.0,891.0,1432.0,742.0,1561.0,976.0,,,,
23273,12:53.500,12:53.520,2,146.0,724.0,291.0,902.0,1430.0,773.0,1551.0,998.0,,,,
23288,12:54.000,12:54.020,2,190.0,714.0,330.0,895.0,1451.0,791.0,1575.0,1001.0,,,,
23302,12:54.500,12:54.522,2,1789.0,777.0,1911.0,940.0,680.0,794.0,844.0,1003.0,,,,
23317,12:55.000,12:55.022,2,2020.0,791.0,2159.0,965.0,901.0,770.0,1053.0,971.0,,,,
23332,12:55.500,12:55.522,2,614.0,767.0,783.0,981.0,1699.0,774.0,1812.0,924.0,,,,
23347,12:56.000,12:56.022,2,1778.0,790.0,1934.0,1024.0,484.0,728.0,613.0,898.0,,,,
23362,12:56.500,12:56.522,2,1519.0,783.0,1665.0,1011.0,182.0,705.0,330.0,887.0,,,,
23377,12:57.000,12:57.022,2,1496.0,782.0,1638.0,1009.0,162.0,694.0,304.0,874.0,,,,
23392,12:57.500,12:57.522,2,1485.0,789.0,1637.0,1011.0,137.0,696.0,288.0,880.0,,,,
23407,12:58.000,12:58.022,2,1481.0,787.0,1622.0,1009.0,144.0,695.0,295.0,878.0,,,,
23422,12:58.500,12:58.523,2,1482.0,798.0,1630.0,1017.0,143.0,705.0,295.0,888.0,,,,
23437,12:59.000,12:59.023,2,164.0,711.0,314.0,892.0,1489.0,818.0,1634.0,1033.0,,,,
23452,12:59.500,12:59.523,2,168.0,717.0,318.0,895.0,1486.0,819.0,1633.0,1035.0,,,,
23467,13:00.000,13:00.023,2,128.0,706.0,297.0,894.0,1496.0,819.0,1643.0,1036.0,,,,
23482,13:00.500,13:00.523,2,1544.0,821.0,1693.0,1046.0,185.0,719.0,352.0,910.0,,,,
23497,13:01.000,13:01.023,1,1077.0,819.0,1176.0,965.0,,,,,,,,
23512,13:01.500,13:01.523,1,1111.0,800.0,1210.0,950.0,,,,,,,,
23527,13:02.000,13:02.023,1,1145.0,795.0,1244.0,946.0,,,,,,,,
23542,13:02.500,13:02.525,2,1145.0,795.0,1252.0,943.0,-52.0,780.0,130.0,1035.0,,,,
23557,13:03.000,13:03.025,2,1169.0,789.0,1273.0,939.0,-30.0,769.0,155.0,1024.0,,,,
23572,13:03.500,13:03.525,2,1180.0,792.0,1285.0,942.0,-20.0,773.0,164.0,1024.0,,,,
23587,13:04.000,13:04.025,2,1191.0,775.0,1294.0,927.0,-3.0,754.0,180.0,1009.0,,,,
23602,13:04.500,13:04.525,2,1186.0,767.0,1293.0,918.0,0.0,747.0,188.0,999.0,,,,
23617,13:05.000,13:05.025,2,1190.0,787.0,1295.0,938.0,2.0,768.0,188.0,1019.0,,,,
23632,13:05.500,13:05.525,2,1195.0,778.0,1303.0,929.0,14.0,762.0,197.0,1012.0,,,,
23647,13:06.000,13:06.025,2,1199.0,778.0,1304.0,928.0,16.0,757.0,204.0,1009.0,,,,
23662,13:06.500,13:06.527,2,1211.0,776.0,1317.0,930.0,22.0,754.0,215.0,1008.0,,,,
23677,13:07.000,13:07.027,2,1213.0,784.0,1323.0,937.0,19.0,756.0,213.0,1011.0,,,,
23692,13:07.500,13:07.527,2,1211.0,791.0,1319.0,941.0,20.0,764.0,215.0,1023.0,,,,
23707,13:08.000,13:08.027,2,46.0,763.0,240.0,1020.0,1222.0,800.0,1332.0,953.0,,,,
23722,13:08.500,13:08.527,2,1233.0,796.0,1338.0,943.0,49.0,765.0,234.0,1023.0,,,,
23737,13:09.000,13:09.027,2,41.0,771.0,228.0,1029.0,1228.0,801.0,1335.0,952.0,,,,
23752,13:09.500,13:09.527,2,31.0,768.0,224.0,1029.0,1221.0,798.0,1328.0,950.0,,,,
23767,13:10.000,13:10.027,2,1210.0,812.0,1319.0,966.0,27.0,787.0,221.0,1047.0,,,,
23782,13:10.500,13:10.528,2,1169.0,974.0,1281.0,1125.0,-34.0,910.0,165.0,1180.0,,,,
23797,13:11.000,13:11.028,1,1089.0,1074.0,1205.0,1236.0,,,,,,,,
23812,13:11.500,13:11.528,2,1209.0,1059.0,1324.0,1214.0,66.0,943.0,252.0,1211.0,,,,
23827,13:12.000,13:12.020,1,1134.0,945.0,1249.0,1096.0,,,,,,,,
23842,13:12.500,13:12.520,2,1174.0,888.0,1289.0,1047.0,-6.0,829.0,178.0,1088.0,,,,
23857,13:13.000,13:13.020,2,1167.0,821.0,1280.0,974.0,-11.0,769.0,176.0,1025.0,,,,
23872,13:13.500,13:13.520,2,1159.0,815.0,1273.0,971.0,-37.0,785.0,152.0,1036.0,,,,
23887,13:14.000,13:14.020,2,1167.0,774.0,1280.0,931.0,-45.0,758.0,145.0,1007.0,,,,
23902,13:14.500,13:14.522,2,1140.0,768.0,1252.0,921.0,-85.0,763.0,107.0,1020.0,,,,
23917,13:15.000,13:15.022,2,1148.0,769.0,1261.0,927.0,-40.0,763.0,140.0,1011.0,,,,
23932,13:15.500,13:15.522,1,1134.0,795.0,1245.0,948.0,,,,,,,,
23947,13:16.000,13:16.022,1,1123.0,764.0,1235.0,922.0,,,,,,,,
23962,13:16.500,13:16.522,2,1156.0,762.0,1265.0,916.0,-62.0,734.0,128.0,994.0,,,,
23977,13:17.000,13:17.022,2,1180.0,775.0,1287.0,928.0,-27.0,739.0,162.0,999.0,,,,
23992,13:17.500,13:17.522,2,1185.0,763.0,1298.0,920.0,2.0,729.0,192.0,985.0,,,,
24007,13:18.000,13:18.022,2,1220.0,786.0,1335.0,942.0,60.0,735.0,255.0,991.0,,,,
24022,13:18.500,13:18.523,2,1199.0,771.0,1313.0,929.0,49.0,737.0,242.0,1001.0,,,,
24037,13:19.000,13:19.023,2,1186.0,773.0,1301.0,932.0,22.0,737.0,212.0,1009.0,,,,
24052,13:19.500,13:19.523,2,1172.0,773.0,1285.0,928.0,-8.0,751.0,187.0,1014.0,,,,
24067,13:20.000,13:20.023,2,1179.0,791.0,1291.0,944.0,0.0,758.0,190.0,1015.0,,,,
24082,13:20.500,13:20.523,2,1179.0,793.0,1292.0,946.0,0.0,757.0,189.0,1011.0,,,,
24097,13:21.000,13:21.023,2,1178.0,796.0,1292.0,959.0,-3.0,762.0,186.0,1015.0,,,,
24112,13:21.500,13:21.523,2,1181.0,795.0,1293.0,948.0,4.0,761.0,190.0,1012.0,,,,
24127,13:22.000,13:22.023,2,1176.0,796.0,1285.0,954.0,-9.0,786.0,172.0,1040.0,,,,
24142,13:22.500,13:22.525,2,1188.0,791.0,1298.0,940.0,-15.0,768.0,175.0,1026.0,,,,
24157,13:23.000,13:23.025,2,14.0,771.0,203.0,1029.0,1161.0,793.0,1266.0,947.0,,,,
24172,13:23.500,13:23.525,2,18.0,768.0,211.0,1022.0,1167.0,795.0,1279.0,949.0,,,,
24187,13:24.000,13:24.025,2,7.0,770.0,206.0,1025.0,1169.0,800.0,1284.0,952.0,,,,
24202,13:24.500,13:24.525,2,1168.0,792.0,1282.0,944.0,10.0,763.0,208.0,1011.0,,,,
24217,13:25.000,13:25.025,2,1167.0,790.0,1281.0,943.0,7.0,760.0,205.0,1016.0,,,,
24232,13:25.500,13:25.525,1,1080.0,775.0,1186.0,927.0,,,,,,,,
24247,13:26.000,13:26.025,2,1455.0,778.0,1593.0,1004.0,111.0,765.0,265.0,953.0,,,,
24262,13:26.500,13:26.527,2,810.0,739.0,920.0,893.0,2102.0,797.0,2294.0,1063.0,,,,
24277,13:27.000,13:27.027,1,1132.0,768.0,1237.0,918.0,,,,,,,,
24292,13:27.500,13:27.527,1,1142.0,814.0,1249.0,967.0,,,,,,,,
24307,13:28.000,13:28.027,2,572.0,777.0,698.0,947.0,1841.0,860.0,2002.0,1106.0,,,,
24322,13:28.500,13:28.527,2,337.0,723.0,488.0,903.0,1661.0,788.0,1806.0,1017.0,,,,
24337,13:29.000,13:29.027,2,612.0,820.0,786.0,1048.0,1558.0,797.0,1676.0,959.0,,,,
24352,13:29.500,13:29.527,2,586.0,816.0,764.0,1052.0,1527.0,827.0,1647.0,990.0,,,,
24367,13:30.000,13:30.027,1,1054.0,810.0,1168.0,970.0,,,,,,,,
24382,13:30.500,13:30.527,2,1569.0,843.0,1715.0,1072.0,216.0,801.0,376.0,984.0,,,,
24397,13:31.000,13:31.028,2,296.0,789.0,441.0,971.0,1617.0,828.0,1766.0,1066.0,,,,
24412,13:31.500,13:31.520,1,960.0,767.0,1066.0,918.0,,,,,,,,
24427,13:32.000,13:32.020,2,1106.0,801.0,1218.0,952.0,-81.0,770.0,111.0,1037.0,,,,
24442,13:32.500,13:32.520,2,1113.0,793.0,1221.0,950.0,-62.0,767.0,161.0,1022.0,,,,
24457,13:33.000,13:33.020,2,1127.0,786.0,1243.0,946.0,-58.0,763.0,159.0,1020.0,,,,
24472,13:33.500,13:33.520,2,1121.0,798.0,1236.0,956.0,-83.0,783.0,126.0,1041.0,,,,
24487,13:34.000,13:34.020,1,1024.0,802.0,1142.0,963.0,,,,,,,,
24502,13:34.500,13:34.520,2,1609.0,695.0,1796.0,935.0,161.0,689.0,331.0,879.0,,,,
24517,13:35.000,13:35.022,2,1537.0,679.0,1718.0,917.0,50.0,670.0,239.0,869.0,,,,
24532,13:35.500,13:35.522,2,817.0,767.0,941.0,930.0,2259.0,788.0,2494.0,1085.0,,,,
24547,13:36.000,13:36.022,1,1123.0,785.0,1237.0,940.0,,,,,,,,
24562,13:36.500,13:36.522,2,707.0,710.0,886.0,931.0,1770.0,735.0,1910.0,907.0,,,,
24577,13:37.000,13:37.022,2,801.0,680.0,927.0,843.0,2233.0,721.0,2482.0,1008.0,,,,
24592,13:37.500,13:37.522,2,1748.0,742.0,1947.0,993.0,360.0,731.0,512.0,910.0,,,,
24607,13:38.000,13:38.022,2,805.0,835.0,927.0,999.0,2234.0,932.0,2484.0,1234.0,,,,
24622,13:38.500,13:38.522,2,743.0,828.0,870.0,993.0,2151.0,939.0,2413.0,1224.0,,,,
24637,13:39.000,13:39.023,2,1938.0,912.0,2165.0,1180.0,568.0,788.0,702.0,958.0,,,,
24652,13:39.500,13:39.523,2,2117.0,948.0,2372.0,1235.0,717.0,827.0,842.0,991.0,,,,
24667,13:40.000,13:40.023,2,751.0,868.0,874.0,1031.0,2162.0,999.0,2422.0,1289.0,,,,
24682,13:40.500,13:40.523,2,737.0,1133.0,867.0,1307.0,2215.0,1321.0,2475.0,1601.0,,,,
24697,13:41.000,13:41.023,2,775.0,1098.0,900.0,1266.0,2245.0,1288.0,2471.0,1559.0,,,,
24712,13:41.500,13:41.523,2,794.0,988.0,916.0,1150.0,2237.0,1186.0,2489.0,1488.0,,,,
24727,13:42.000,13:42.023,2,785.0,879.0,908.0,1044.0,2199.0,1076.0,2448.0,1377.0,,,,
24742,13:42.500,13:42.523,2,812.0,919.0,933.0,1084.0,2240.0,1127.0,2493.0,1426.0,,,,
24757,13:43.000,13:43.025,1,873.0,883.0,992.0,1049.0,,,,,,,,
24772,13:43.500,13:43.525,1,883.0,876.0,1003.0,1040.0,,,,,,,,
24787,13:44.000,13:44.025,1,881.0,892.0,1002.0,1051.0,,,,,,,,
24802,13:44.500,13:44.525,1,867.0,916.0,987.0,1081.0,,,,,,,,
24817,13:45.000,13:45.025,1,868.0,915.0,989.0,1074.0,,,,,,,,
24832,13:45.500,13:45.525,1,864.0,925.0,983.0,1087.0,,,,,,,,
24847,13:46.000,13:46.025,2,829.0,965.0,949.0,1128.0,2202.0,1128.0,2402.0,1429.0,,,,
24862,13:46.500,13:46.525,2,2030.0,1066.0,2238.0,1332.0,736.0,910.0,847.0,1068.0,,,,
24877,13:47.000,13:47.027,2,1950.0,1046.0,2178.0,1316.0,643.0,895.0,760.0,1057.0,,,,
24892,13:47.500,13:47.527,2,1682.0,942.0,1875.0,1200.0,348.0,803.0,495.0,982.0,,,,
24907,13:48.000,13:48.027,2,1632.0,953.0,1818.0,1210.0,271.0,812.0,431.0,1000.0,,,,
24922,13:48.500,13:48.527,2,1633.0,877.0,1820.0,1119.0,285.0,715.0,441.0,896.0,,,,
24937,13:49.000,13:49.027,2,536.0,749.0,666.0,919.0,1843.0,903.0,2052.0,1163.0,,,,
24952,13:49.500,13:49.527,2,1930.0,843.0,2151.0,1097.0,639.0,667.0,760.0,829.0,,,,
24967,13:50.000,13:50.027,1,1088.0,723.0,1192.0,873.0,,,,,,,,
24982,13:50.500,13:50.527,2,802.0,747.0,973.0,952.0,1905.0,793.0,2032.0,969.0,,,,
24997,13:51.000,13:51.028,2,1198.0,757.0,1301.0,910.0,12.0,748.0,213.0,1012.0,,,,
25012,13:51.500,13:51.520,2,1135.0,759.0,1239.0,911.0,-87.0,745.0,109.0,1013.0,,,,
25027,13:52.000,13:52.020,1,1126.0,787.0,1227.0,931.0,,,,,,,,
25042,13:52.500,13:52.520,1,1105.0,777.0,1209.0,928.0,,,,,,,,
25057,13:53.000,13:53.020,1,1073.0,773.0,1180.0,924.0,,,,,,,,
25072,13:53.500,13:53.520,2,402.0,745.0,536.0,916.0,1699.0,829.0,1847.0,1077.0,,,,
25087,13:54.000,13:54.020,2,143.0,725.0,294.0,910.0,1489.0,791.0,1630.0,1016.0,,,,
25102,13:54.500,13:54.520,2,150.0,729.0,295.0,911.0,1475.0,787.0,1613.0,1013.0,,,,
25117,13:55.000,13:55.022,2,170.0,882.0,318.0,1067.0,1503.0,913.0,1646.0,1144.0,,,,
25132,13:55.500,13:55.522,2,163.0,650.0,311.0,832.0,1498.0,747.0,1634.0,976.0,,,,
25147,13:56.000,13:56.022,2,1478.0,840.0,1638.0,1062.0,103.0,789.0,258.0,972.0,,,,
25162,13:56.500,13:56.522,2,1464.0,820.0,1639.0,1053.0,63.0,749.0,226.0,942.0,,,,
25177,13:57.000,13:57.022,2,1442.0,765.0,1613.0,994.0,12.0,684.0,186.0,879.0,,,,
25192,13:57.500,13:57.522,2,1504.0,756.0,1679.0,990.0,85.0,669.0,261.0,861.0,,,,
25207,13:58.000,13:58.022,2,91.0,646.0,267.0,837.0,1500.0,737.0,1637.0,965.0,,,,
25222,13:58.500,13:58.522,2,1921.0,807.0,2056.0,979.0,818.0,803.0,975.0,1012.0,,,,
25237,13:59.000,13:59.023,2,2057.0,840.0,2199.0,1013.0,965.0,768.0,1111.0,982.0,,,,
25252,13:59.500,13:59.523,1,1079.0,767.0,1186.0,918.0,,,,,,,,
25267,14:00.000,14:00.023,1,1026.0,729.0,1146.0,886.0,,,,,,,,
25282,14:00.500,14:00.523,2,1086.0,735.0,1201.0,888.0,-64.0,725.0,131.0,987.0,,,,
25297,14:01.000,14:01.023,1,920.0,794.0,1034.0,956.0,,,,,,,,
25312,14:01.500,14:01.523,1,1106.0,811.0,1219.0,970.0,,,,,,,,
25327,14:02.000,14:02.023,2,784.0,817.0,950.0,1037.0,1822.0,841.0,1961.0,1013.0,,,,
25342,14:02.500,14:02.523,2,837.0,823.0,1001.0,1035.0,1914.0,843.0,2054.0,1016.0,,,,
25357,14:03.000,14:03.025,2,1865.0,897.0,1993.0,1069.0,794.0,905.0,957.0,1124.0,,,,
25372,14:03.500,14:03.525,2,-12.0,470.0,227.0,739.0,1228.0,444.0,1334.0,602.0,,,,
25387,14:04.000,14:04.025,0,,,,,,,,,,,,
25402,14:04.500,14:04.525,0,,,,,,,,,,,,
25417,14:05.000,14:05.025,0,,,,,,,,,,,,
25432,14:05.500,14:05.525,0,,,,,,,,,,,,
25447,14:06.000,14:06.025,0,,,,,,,,,,,,
25462,14:06.500,14:06.525,0,,,,,,,,,,,,
25477,14:07.000,14:07.027,0,,,,,,,,,,,,
25492,14:07.500,14:07.527,0,,,,,,,,,,,,
25507,14:08.000,14:08.027,0,,,,,,,,,,,,
25522,14:08.500,14:08.527,1,985.0,191.0,1180.0,435.0,,,,,,,,
25538,14:09.000,14:09.027,1,1160.0,713.0,1274.0,815.0,,,,,,,,
25553,14:09.500,14:09.527,0,,,,,,,,,,,,
25568,14:10.000,14:10.027,0,,,,,,,,,,,,
25583,14:10.500,14:10.527,1,2295.0,465.0,2444.0,725.0,,,,,,,,
25598,14:11.000,14:11.020,1,2284.0,686.0,2462.0,943.0,,,,,,,,
25613,14:11.500,14:11.520,1,1813.0,1086.0,2005.0,1334.0,,,,,,,,
25628,14:12.000,14:12.020,0,,,,,,,,,,,,
25643,14:12.500,14:12.520,0,,,,,,,,,,,,
25658,14:13.000,14:13.020,0,,,,,,,,,,,,
25673,14:13.500,14:13.520,0,,,,,,,,,,,,
25688,14:14.000,14:14.020,0,,,,,,,,,,,,
25703,14:14.500,14:14.520,0,,,,,,,,,,,,
25718,14:15.000,14:15.022,1,1167.0,1127.0,1332.0,1361.0,,,,,,,,
25733,14:15.500,14:15.522,0,,,,,,,,,,,,
25748,14:16.000,14:16.022,1,1119.0,1045.0,1273.0,1239.0,,,,,,,,
25763,14:16.500,14:16.522,1,779.0,1023.0,944.0,1224.0,,,,,,,,
25778,14:17.000,14:17.022,1,1136.0,1029.0,1293.0,1223.0,,,,,,,,
25793,14:17.500,14:17.522,1,1166.0,941.0,1285.0,1100.0,,,,,,,,
25808,14:18.000,14:18.022,2,1476.0,952.0,1605.0,1117.0,318.0,1015.0,529.0,1274.0,,,,
25823,14:18.500,14:18.522,2,613.0,1198.0,799.0,1453.0,1795.0,1168.0,1944.0,1341.0,,,,
25838,14:19.000,14:19.023,2,597.0,1219.0,769.0,1451.0,1760.0,1216.0,1897.0,1370.0,,,,
25853,14:19.500,14:19.523,2,1745.0,1134.0,1883.0,1283.0,663.0,1004.0,808.0,1229.0,,,,
25868,14:20.000,14:20.023,1,2184.0,1173.0,2375.0,1330.0,,,,,,,,
25883,14:20.500,14:20.523,0,,,,,,,,,,,,
25898,14:21.000,14:21.023,0,,,,,,,,,,,,
25913,14:21.500,14:21.523,1,2043.0,941.0,2215.0,1179.0,,,,,,,,
25928,14:22.000,14:22.023,1,1992.0,929.0,2196.0,1177.0,,,,,,,,
25943,14:22.500,14:22.523,1,1882.0,916.0,2070.0,1167.0,,,,,,,,
25958,14:23.000,14:23.025,1,1840.0,955.0,2027.0,1200.0,,,,,,,,
25973,14:23.500,14:23.525,1,1641.0,1064.0,1818.0,1303.0,,,,,,,,
25986,14:24.000,14:24.100,0,,,,,,,,,,,,
25996,14:24.500,14:24.525,0,,,,,,,,,,,,
26011,14:25.000,14:25.025,0,,,,,,,,,,,,
26026,14:25.500,14:25.525,0,,,,,,,,,,,,
26041,14:26.000,14:26.025,1,-50.0,705.0,71.0,867.0,,,,,,,,
26056,14:26.500,14:26.525,2,986.0,776.0,1059.0,891.0,303.0,739.0,446.0,1011.0,,,,
26071,14:27.000,14:27.027,2,778.0,768.0,932.0,1016.0,1392.0,794.0,1467.0,913.0,,,,
26086,14:27.500,14:27.527,0,,,,,,,,,,,,
26101,14:28.000,14:28.010,1,1290.0,701.0,1465.0,1020.0,,,,,,,,
26118,14:28.500,14:28.527,1,1422.0,711.0,1596.0,1022.0,,,,,,,,
26133,14:29.000,14:29.027,1,49.0,688.0,176.0,838.0,,,,,,,,
26148,14:29.500,14:29.527,1,-39.0,779.0,87.0,934.0,,,,,,,,
26163,14:30.000,14:30.027,1,86.0,801.0,222.0,951.0,,,,,,,,
26178,14:30.500,14:30.518,1,14.0,802.0,159.0,954.0,,,,,,,,
26193,14:31.000,14:31.020,1,2.0,807.0,141.0,955.0,,,,,,,,
26208,14:31.500,14:31.520,1,-16.0,802.0,114.0,953.0,,,,,,,,
26223,14:32.000,14:32.020,1,-22.0,800.0,112.0,955.0,,,,,,,,
26238,14:32.500,14:32.520,1,-4.0,796.0,143.0,946.0,,,,,,,,
26253,14:33.000,14:33.020,1,-23.0,810.0,120.0,963.0,,,,,,,,
26268,14:33.500,14:33.520,1,-15.0,807.0,118.0,958.0,,,,,,,,
26283,14:34.000,14:34.020,1,-22.0,796.0,106.0,944.0,,,,,,,,
26298,14:34.500,14:34.520,1,-38.0,777.0,89.0,928.0,,,,,,,,
26313,14:35.000,14:35.022,1,-28.0,790.0,103.0,938.0,,,,,,,,
26328,14:35.500,14:35.522,1,33.0,791.0,146.0,934.0,,,,,,,,
26343,14:36.000,14:36.022,1,56.0,797.0,167.0,938.0,,,,,,,,
26358,14:36.500,14:36.522,1,52.0,791.0,170.0,935.0,,,,,,,,
26373,14:37.000,14:37.022,1,8.0,789.0,141.0,936.0,,,,,,,,
26388,14:37.500,14:37.522,1,-1.0,793.0,130.0,939.0,,,,,,,,
26403,14:38.000,14:38.022,1,-10.0,793.0,122.0,940.0,,,,,,,,
26418,14:38.500,14:38.522,1,-16.0,780.0,116.0,931.0,,,,,,,,
26433,14:39.000,14:39.023,1,-30.0,784.0,104.0,935.0,,,,,,,,
26448,14:39.500,14:39.523,1,-32.0,777.0,104.0,933.0,,,,,,,,
26463,14:40.000,14:40.023,1,-34.0,786.0,102.0,938.0,,,,,,,,
26478,14:40.500,14:40.523,1,-35.0,786.0,100.0,937.0,,,,,,,,
26493,14:41.000,14:41.023,1,-28.0,786.0,105.0,936.0,,,,,,,,
26508,14:41.500,14:41.523,1,14.0,793.0,126.0,933.0,,,,,,,,
26523,14:42.000,14:42.023,1,16.0,793.0,126.0,933.0,,,,,,,,
26538,14:42.500,14:42.523,1,17.0,798.0,127.0,938.0,,,,,,,,
26553,14:43.000,14:43.025,1,18.0,805.0,130.0,945.0,,,,,,,,
26568,14:43.500,14:43.525,1,27.0,809.0,136.0,949.0,,,,,,,,
26583,14:44.000,14:44.025,1,38.0,807.0,149.0,947.0,,,,,,,,
26598,14:44.500,14:44.525,1,55.0,808.0,163.0,947.0,,,,,,,,
26613,14:45.000,14:45.025,1,40.0,811.0,148.0,951.0,,,,,,,,
26628,14:45.500,14:45.525,1,38.0,801.0,149.0,944.0,,,,,,,,
26643,14:46.000,14:46.025,1,75.0,792.0,161.0,931.0,,,,,,,,
26658,14:46.500,14:46.525,1,76.0,797.0,158.0,937.0,,,,,,,,
26673,14:47.000,14:47.027,1,71.0,804.0,148.0,938.0,,,,,,,,
26688,14:47.500,14:47.527,0,,,,,,,,,,,,
26703,14:48.000,14:48.027,1,88.0,813.0,167.0,948.0,,,,,,,,
26718,14:48.500,14:48.527,1,73.0,823.0,162.0,960.0,,,,,,,,
26733,14:49.000,14:49.027,1,50.0,822.0,146.0,962.0,,,,,,,,
26748,14:49.500,14:49.518,1,39.0,825.0,148.0,963.0,,,,,,,,
26763,14:50.000,14:50.018,1,7.0,814.0,136.0,962.0,,,,,,,,
26778,14:50.500,14:50.518,1,4.0,823.0,136.0,968.0,,,,,,,,
26793,14:51.000,14:51.020,1,3.0,822.0,135.0,968.0,,,,,,,,
26808,14:51.500,14:51.520,1,41.0,830.0,146.0,970.0,,,,,,,,
26823,14:52.000,14:52.020,1,69.0,831.0,157.0,972.0,,,,,,,,
26838,14:52.500,14:52.520,1,75.0,836.0,159.0,977.0,,,,,,,,
26853,14:53.000,14:53.020,1,76.0,836.0,156.0,975.0,,,,,,,,
26868,14:53.500,14:53.520,0,,,,,,,,,,,,
26883,14:54.000,14:54.020,1,76.0,829.0,160.0,969.0,,,,,,,,
26898,14:54.500,14:54.520,1,73.0,833.0,159.0,976.0,,,,,,,,
26913,14:55.000,14:55.022,1,75.0,838.0,162.0,978.0,,,,,,,,
26928,14:55.500,14:55.522,1,75.0,840.0,163.0,979.0,,,,,,,,
26943,14:56.000,14:56.022,1,74.0,838.0,163.0,979.0,,,,,,,,
26958,14:56.500,14:56.522,1,76.0,840.0,161.0,978.0,,,,,,,,
26973,14:57.000,14:57.022,1,67.0,846.0,164.0,987.0,,,,,,,,
26988,14:57.500,14:57.522,1,55.0,848.0,165.0,985.0,,,,,,,,
27003,14:58.000,14:58.022,1,54.0,854.0,168.0,989.0,,,,,,,,
27018,14:58.500,14:58.522,1,46.0,848.0,164.0,984.0,,,,,,,,
27033,14:59.000,14:59.022,1,41.0,854.0,164.0,990.0,,,,,,,,
27048,14:59.500,14:59.523,1,53.0,866.0,181.0,995.0,,,,,,,,
27063,15:00.000,15:00.023,1,55.0,873.0,182.0,997.0,,,,,,,,
27078,15:00.500,15:00.523,1,66.0,890.0,197.0,1006.0,,,,,,,,
27093,15:01.000,15:01.023,1,69.0,900.0,200.0,1020.0,,,,,,,,
27108,15:01.500,15:01.523,1,72.0,894.0,198.0,1006.0,,,,,,,,
27123,15:02.000,15:02.023,1,74.0,895.0,206.0,1012.0,,,,,,,,
27138,15:02.500,15:02.523,1,74.0,894.0,207.0,1011.0,,,,,,,,
27153,15:03.000,15:03.023,1,72.0,895.0,205.0,1012.0,,,,,,,,
27168,15:03.500,15:03.525,1,71.0,894.0,203.0,1013.0,,,,,,,,
27183,15:04.000,15:04.025,1,75.0,893.0,208.0,1010.0,,,,,,,,
27198,15:04.500,15:04.525,1,74.0,893.0,205.0,1008.0,,,,,,,,
27213,15:05.000,15:05.025,1,75.0,892.0,211.0,1008.0,,,,,,,,
27228,15:05.500,15:05.525,1,73.0,889.0,210.0,1008.0,,,,,,,,
27243,15:06.000,15:06.025,1,74.0,885.0,209.0,1007.0,,,,,,,,
27258,15:06.500,15:06.525,1,74.0,885.0,208.0,1007.0,,,,,,,,
27273,15:07.000,15:07.025,1,70.0,893.0,202.0,1009.0,,,,,,,,
27288,15:07.500,15:07.527,1,65.0,890.0,197.0,1005.0,,,,,,,,
27303,15:08.000,15:08.027,1,69.0,894.0,198.0,1007.0,,,,,,,,
27318,15:08.500,15:08.518,1,69.0,891.0,199.0,1008.0,,,,,,,,
27333,15:09.000,15:09.018,1,69.0,890.0,202.0,1010.0,,,,,,,,
27348,15:09.500,15:09.518,1,88.0,883.0,211.0,1010.0,,,,,,,,
27363,15:10.000,15:10.018,1,90.0,868.0,204.0,997.0,,,,,,,,
27378,15:10.500,15:10.518,1,83.0,862.0,191.0,996.0,,,,,,,,
27393,15:11.000,15:11.018,1,83.0,859.0,190.0,991.0,,,,,,,,
27408,15:11.500,15:11.520,1,82.0,859.0,191.0,995.0,,,,,,,,
27423,15:12.000,15:12.020,1,78.0,862.0,187.0,999.0,,,,,,,,
27438,15:12.500,15:12.520,1,78.0,864.0,188.0,998.0,,,,,,,,
27453,15:13.000,15:13.020,1,76.0,859.0,188.0,994.0,,,,,,,,
27468,15:13.500,15:13.520,1,77.0,861.0,191.0,995.0,,,,,,,,
27483,15:14.000,15:14.020,1,81.0,860.0,198.0,995.0,,,,,,,,
27498,15:14.500,15:14.520,1,82.0,858.0,197.0,989.0,,,,,,,,
27513,15:15.000,15:15.020,1,80.0,860.0,193.0,991.0,,,,,,,,
27528,15:15.500,15:15.522,1,76.0,857.0,191.0,989.0,,,,,,,,
27543,15:16.000,15:16.022,1,75.0,859.0,189.0,991.0,,,,,,,,
27558,15:16.500,15:16.522,1,74.0,849.0,189.0,986.0,,,,,,,,
27573,15:17.000,15:17.022,1,67.0,854.0,182.0,992.0,,,,,,,,
27588,15:17.500,15:17.522,1,65.0,849.0,178.0,983.0,,,,,,,,
27603,15:18.000,15:18.022,1,61.0,834.0,167.0,973.0,,,,,,,,
27618,15:18.500,15:18.522,1,57.0,832.0,161.0,971.0,,,,,,,,
27633,15:19.000,15:19.022,1,51.0,833.0,155.0,971.0,,,,,,,,
27648,15:19.500,15:19.523,1,41.0,834.0,151.0,973.0,,,,,,,,
27663,15:20.000,15:20.023,1,30.0,830.0,149.0,970.0,,,,,,,,
27678,15:20.500,15:20.523,1,15.0,825.0,148.0,973.0,,,,,,,,
27693,15:21.000,15:21.023,1,17.0,826.0,150.0,974.0,,,,,,,,
27708,15:21.500,15:21.523,1,17.0,832.0,152.0,981.0,,,,,,,,
27723,15:22.000,15:22.023,1,15.0,833.0,151.0,981.0,,,,,,,,
27738,15:22.500,15:22.523,1,13.0,832.0,145.0,980.0,,,,,,,,
27753,15:23.000,15:23.023,1,14.0,834.0,147.0,983.0,,,,,,,,
27768,15:23.500,15:23.525,1,46.0,865.0,175.0,998.0,,,,,,,,
27783,15:24.000,15:24.025,1,74.0,884.0,194.0,1005.0,,,,,,,,
27798,15:24.500,15:24.525,1,76.0,885.0,193.0,996.0,,,,,,,,
27813,15:25.000,15:25.025,1,68.0,887.0,191.0,1011.0,,,,,,,,
27828,15:25.500,15:25.525,1,59.0,885.0,178.0,1010.0,,,,,,,,
27843,15:26.000,15:26.025,1,46.0,871.0,167.0,996.0,,,,,,,,
27858,15:26.500,15:26.525,1,44.0,870.0,169.0,997.0,,,,,,,,
27873,15:27.000,15:27.025,1,61.0,875.0,178.0,996.0,,,,,,,,
27888,15:27.500,15:27.527,1,65.0,877.0,185.0,1002.0,,,,,,,,
27903,15:28.000,15:28.027,1,69.0,884.0,182.0,1008.0,,,,,,,,
27918,15:28.500,15:28.518,1,72.0,882.0,194.0,1007.0,,,,,,,,
27933,15:29.000,15:29.018,1,66.0,884.0,194.0,1007.0,,,,,,,,
27948,15:29.500,15:29.518,1,55.0,894.0,183.0,1018.0,,,,,,,,
27963,15:30.000,15:30.018,1,35.0,882.0,166.0,1008.0,,,,,,,,
27978,15:30.500,15:30.518,1,23.0,871.0,157.0,996.0,,,,,,,,
27993,15:31.000,15:31.018,1,53.0,884.0,179.0,1001.0,,,,,,,,
28008,15:31.500,15:31.520,1,56.0,890.0,186.0,1009.0,,,,,,,,
28023,15:32.000,15:32.020,1,54.0,891.0,185.0,1011.0,,,,,,,,
28038,15:32.500,15:32.520,1,56.0,891.0,186.0,1012.0,,,,,,,,
28053,15:33.000,15:33.020,1,49.0,884.0,178.0,1007.0,,,,,,,,
28068,15:33.500,15:33.520,1,50.0,884.0,180.0,1008.0,,,,,,,,
28083,15:34.000,15:34.020,1,51.0,884.0,181.0,1007.0,,,,,,,,
28098,15:34.500,15:34.520,1,51.0,882.0,184.0,1008.0,,,,,,,,
28113,15:35.000,15:35.020,1,52.0,884.0,184.0,1010.0,,,,,,,,
28128,15:35.500,15:35.522,1,51.0,883.0,182.0,1005.0,,,,,,,,
28143,15:36.000,15:36.022,1,52.0,885.0,184.0,1007.0,,,,,,,,
28158,15:36.500,15:36.522,1,50.0,886.0,177.0,1001.0,,,,,,,,
28173,15:37.000,15:37.022,1,52.0,882.0,182.0,1004.0,,,,,,,,
28188,15:37.500,15:37.522,1,51.0,879.0,183.0,1007.0,,,,,,,,
28203,15:38.000,15:38.022,1,57.0,875.0,186.0,999.0,,,,,,,,
28218,15:38.500,15:38.522,1,56.0,877.0,184.0,996.0,,,,,,,,
28233,15:39.000,15:39.022,1,61.0,887.0,189.0,1007.0,,,,,,,,
28248,15:39.500,15:39.523,1,58.0,883.0,189.0,1003.0,,,,,,,,
28263,15:40.000,15:40.023,1,53.0,882.0,185.0,1004.0,,,,,,,,
28278,15:40.500,15:40.523,1,58.0,873.0,189.0,997.0,,,,,,,,
28293,15:41.000,15:41.023,1,67.0,852.0,194.0,973.0,,,,,,,,
28308,15:41.500,15:41.523,1,49.0,486.0,169.0,606.0,,,,,,,,
28323,15:42.000,15:42.023,1,14.0,291.0,142.0,416.0,,,,,,,,
28338,15:42.500,15:42.523,1,21.0,295.0,147.0,422.0,,,,,,,,
28353,15:43.000,15:43.023,1,25.0,321.0,149.0,447.0,,,,,,,,
28368,15:43.500,15:43.525,1,26.0,340.0,148.0,468.0,,,,,,,,
28383,15:44.000,15:44.025,1,18.0,366.0,144.0,489.0,,,,,,,,
28398,15:44.500,15:44.525,0,,,,,,,,,,,,
28413,15:45.000,15:45.025,2,795.0,669.0,876.0,765.0,-64.0,621.0,101.0,905.0,,,,
28428,15:45.500,15:45.525,1,322.0,637.0,453.0,898.0,,,,,,,,
28443,15:46.000,15:46.025,2,411.0,706.0,532.0,963.0,1108.0,761.0,1188.0,854.0,,,,
28458,15:46.500,15:46.525,2,1103.0,791.0,1186.0,881.0,402.0,719.0,524.0,974.0,,,,
28473,15:47.000,15:47.025,2,1101.0,796.0,1181.0,885.0,399.0,718.0,521.0,970.0,,,,
28488,15:47.500,15:47.527,2,1088.0,757.0,1163.0,852.0,381.0,677.0,505.0,941.0,,,,
28503,15:48.000,15:48.027,2,381.0,683.0,506.0,939.0,1089.0,757.0,1163.0,857.0,,,,
28518,15:48.500,15:48.527,2,387.0,686.0,513.0,941.0,1086.0,753.0,1162.0,857.0,,,,
28533,15:49.000,15:49.018,2,383.0,678.0,507.0,930.0,1088.0,758.0,1164.0,854.0,,,,
28548,15:49.500,15:49.518,2,1072.0,765.0,1146.0,859.0,358.0,684.0,482.0,931.0,,,,
28563,15:50.000,15:50.018,2,355.0,683.0,478.0,939.0,1074.0,766.0,1147.0,858.0,,,,
28578,15:50.500,15:50.518,2,365.0,692.0,490.0,937.0,1081.0,766.0,1151.0,860.0,,,,
28593,15:51.000,15:51.018,2,358.0,685.0,482.0,938.0,1073.0,761.0,1147.0,859.0,,,,
28608,15:51.500,15:51.520,2,996.0,730.0,1070.0,830.0,257.0,646.0,392.0,909.0,,,,
28623,15:52.000,15:52.020,2,988.0,732.0,1064.0,831.0,231.0,645.0,368.0,911.0,,,,
28638,15:52.500,15:52.520,2,220.0,648.0,371.0,916.0,1005.0,751.0,1079.0,843.0,,,,
28653,15:53.000,15:53.020,2,198.0,662.0,383.0,923.0,1010.0,747.0,1084.0,843.0,,,,
28668,15:53.500,15:53.520,1,217.0,651.0,392.0,913.0,,,,,,,,
28683,15:54.000,15:54.020,2,228.0,662.0,409.0,929.0,1005.0,737.0,1084.0,837.0,,,,
28698,15:54.500,15:54.520,2,30.0,645.0,255.0,926.0,895.0,724.0,975.0,820.0,,,,
28713,15:55.000,15:55.020,2,-57.0,663.0,173.0,937.0,852.0,720.0,934.0,820.0,,,,
28728,15:55.500,15:55.522,1,541.0,686.0,631.0,789.0,,,,,,,,
28743,15:56.000,15:56.022,1,319.0,687.0,421.0,802.0,,,,,,,,
28758,15:56.500,15:56.522,1,296.0,681.0,399.0,791.0,,,,,,,,
28773,15:57.000,15:57.022,1,223.0,659.0,333.0,774.0,,,,,,,,
28788,15:57.500,15:57.522,1,1229.0,706.0,1420.0,984.0,,,,,,,,
28803,15:58.000,15:58.022,1,1295.0,661.0,1491.0,946.0,,,,,,,,
28818,15:58.500,15:58.522,1,1446.0,622.0,1648.0,913.0,,,,,,,,
28833,15:59.000,15:59.022,1,1454.0,622.0,1649.0,924.0,,,,,,,,
28848,15:59.500,15:59.523,1,1457.0,630.0,1651.0,942.0,,,,,,,,
28863,16:00.000,16:00.023,1,1453.0,640.0,1648.0,944.0,,,,,,,,
28878,16:00.500,16:00.523,1,1453.0,648.0,1646.0,947.0,,,,,,,,
28893,16:01.000,16:01.023,1,1440.0,638.0,1622.0,947.0,,,,,,,,
28908,16:01.500,16:01.523,1,1432.0,646.0,1601.0,956.0,,,,,,,,
28923,16:02.000,16:02.023,1,1435.0,645.0,1617.0,954.0,,,,,,,,
28938,16:02.500,16:02.523,1,1435.0,649.0,1619.0,955.0,,,,,,,,
28953,16:03.000,16:03.023,1,1448.0,643.0,1629.0,951.0,,,,,,,,
28968,16:03.500,16:03.525,1,2216.0,687.0,2460.0,1047.0,,,,,,,,
28983,16:04.000,16:04.025,1,-40.0,811.0,72.0,937.0,,,,,,,,
28998,16:04.500,16:04.525,1,-34.0,820.0,83.0,940.0,,,,,,,,
29013,16:05.000,16:05.025,1,-41.0,791.0,71.0,920.0,,,,,,,,
29028,16:05.500,16:05.525,0,,,,,,,,,,,,
29043,16:06.000,16:06.025,0,,,,,,,,,,,,
29058,16:06.500,16:06.525,0,,,,,,,,,,,,
29073,16:07.000,16:07.025,0,,,,,,,,,,,,
29088,16:07.500,16:07.527,1,-33.0,684.0,54.0,815.0,,,,,,,,
29103,16:08.000,16:08.027,1,-38.0,667.0,58.0,798.0,,,,,,,,
29118,16:08.500,16:08.518,1,-39.0,685.0,65.0,822.0,,,,,,,,
29133,16:09.000,16:09.018,1,-42.0,689.0,68.0,830.0,,,,,,,,
29148,16:09.500,16:09.518,1,-42.0,696.0,67.0,837.0,,,,,,,,
29163,16:10.000,16:10.018,1,-41.0,698.0,70.0,838.0,,,,,,,,
29178,16:10.500,16:10.518,1,-40.0,697.0,67.0,834.0,,,,,,,,
29193,16:11.000,16:11.018,0,,,,,,,,,,,,
29208,16:11.500,16:11.520,0,,,,,,,,,,,,
29223,16:12.000,16:12.020,0,,,,,,,,,,,,
29238,16:12.500,16:12.520,0,,,,,,,,,,,,
29253,16:13.000,16:13.020,0,,,,,,,,,,,,
29268,16:13.500,16:13.520,1,0.0,678.0,75.0,806.0,,,,,,,,
29283,16:14.000,16:14.020,0,,,,,,,,,,,,
29298,16:14.500,16:14.520,0,,,,,,,,,,,,
29313,16:15.000,16:15.020,0,,,,,,,,,,,,
29328,16:15.500,16:15.520,0,,,,,,,,,,,,
29343,16:16.000,16:16.022,0,,,,,,,,,,,,
29358,16:16.500,16:16.522,0,,,,,,,,,,,,
29373,16:17.000,16:17.022,1,-14.0,772.0,120.0,892.0,,,,,,,,
29388,16:17.500,16:17.522,1,-31.0,666.0,86.0,777.0,,,,,,,,
29403,16:18.000,16:18.022,0,,,,,,,,,,,,
29418,16:18.500,16:18.522,0,,,,,,,,,,,,
29433,16:19.000,16:19.022,0,,,,,,,,,,,,
29448,16:19.500,16:19.522,0,,,,,,,,,,,,
29463,16:20.000,16:20.023,0,,,,,,,,,,,,
29478,16:20.500,16:20.523,0,,,,,,,,,,,,
29493,16:21.000,16:21.023,0,,,,,,,,,,,,
29508,16:21.500,16:21.523,1,-48.0,693.0,61.0,825.0,,,,,,,,
29523,16:22.000,16:22.023,1,-40.0,699.0,76.0,822.0,,,,,,,,
29538,16:22.500,16:22.523,2,5.0,683.0,226.0,972.0,869.0,783.0,956.0,876.0,,,,
29553,16:23.000,16:23.023,2,307.0,667.0,505.0,946.0,1070.0,789.0,1159.0,878.0,,,,
29568,16:23.500,16:23.523,1,601.0,725.0,697.0,822.0,,,,,,,,
29583,16:24.000,16:24.025,1,244.0,706.0,358.0,826.0,,,,,,,,
29598,16:24.500,16:24.525,0,,,,,,,,,,,,
29613,16:25.000,16:25.025,1,71.0,668.0,208.0,815.0,,,,,,,,
29628,16:25.500,16:25.525,1,580.0,702.0,686.0,827.0,,,,,,,,
29643,16:26.000,16:26.025,2,767.0,720.0,864.0,838.0,-90.0,680.0,130.0,969.0,,,,
29658,16:26.500,16:26.525,2,830.0,718.0,927.0,838.0,-2.0,678.0,217.0,958.0,,,,
29673,16:27.000,16:27.025,2,848.0,726.0,945.0,840.0,25.0,676.0,247.0,959.0,,,,
29688,16:27.500,16:27.517,1,523.0,678.0,632.0,803.0,,,,,,,,
29703,16:28.000,16:28.018,0,,,,,,,,,,,,
29718,16:28.500,16:28.518,0,,,,,,,,,,,,
29733,16:29.000,16:29.018,0,,,,,,,,,,,,
29748,16:29.500,16:29.518,0,,,,,,,,,,,,
29763,16:30.000,16:30.018,0,,,,,,,,,,,,
29778,16:30.500,16:30.518,0,,,,,,,,,,,,
29793,16:31.000,16:31.018,0,,,,,,,,,,,,
29808,16:31.500,16:31.518,0,,,,,,,,,,,,
29823,16:32.000,16:32.020,0,,,,,,,,,,,,
29838,16:32.500,16:32.520,0,,,,,,,,,,,,
29853,16:33.000,16:33.020,0,,,,,,,,,,,,
29868,16:33.500,16:33.520,0,,,,,,,,,,,,
29883,16:34.000,16:34.020,0,,,,,,,,,,,,
29898,16:34.500,16:34.520,0,,,,,,,,,,,,
29913,16:35.000,16:35.020,0,,,,,,,,,,,,
29928,16:35.500,16:35.520,0,,,,,,,,,,,,
29943,16:36.000,16:36.022,0,,,,,,,,,,,,
29958,16:36.500,16:36.522,0,,,,,,,,,,,,
29973,16:37.000,16:37.022,0,,,,,,,,,,,,
29988,16:37.500,16:37.522,0,,,,,,,,,,,,
30003,16:38.000,16:38.022,0,,,,,,,,,,,,
30018,16:38.500,16:38.522,0,,,,,,,,,,,,
30033,16:39.000,16:39.022,0,,,,,,,,,,,,
30048,16:39.500,16:39.522,0,,,,,,,,,,,,
30063,16:40.000,16:40.023,0,,,,,,,,,,,,
30078,16:40.500,16:40.523,0,,,,,,,,,,,,
30093,16:41.000,16:41.023,0,,,,,,,,,,,,
30108,16:41.500,16:41.523,0,,,,,,,,,,,,
30123,16:42.000,16:42.023,0,,,,,,,,,,,,
30138,16:42.500,16:42.523,0,,,,,,,,,,,,
30153,16:43.000,16:43.023,0,,,,,,,,,,,,
30168,16:43.500,16:43.523,0,,,,,,,,,,,,
30183,16:44.000,16:44.025,0,,,,,,,,,,,,
30198,16:44.500,16:44.525,0,,,,,,,,,,,,
30213,16:45.000,16:45.025,0,,,,,,,,,,,,
30228,16:45.500,16:45.525,1,593.0,719.0,677.0,836.0,,,,,,,,
30243,16:46.000,16:46.025,2,442.0,753.0,620.0,1003.0,1127.0,756.0,1203.0,869.0,,,,
30258,16:46.500,16:46.517,1,697.0,670.0,782.0,791.0,,,,,,,,
30273,16:47.000,16:47.017,0,,,,,,,,,,,,
30288,16:47.500,16:47.517,0,,,,,,,,,,,,
30303,16:48.000,16:48.018,0,,,,,,,,,,,,
30318,16:48.500,16:48.518,0,,,,,,,,,,,,
30333,16:49.000,16:49.018,0,,,,,,,,,,,,
30348,16:49.500,16:49.518,0,,,,,,,,,,,,
30363,16:50.000,16:50.018,0,,,,,,,,,,,,
30378,16:50.500,16:50.518,0,,,,,,,,,,,,
30393,16:51.000,16:51.018,0,,,,,,,,,,,,
30408,16:51.500,16:51.518,0,,,,,,,,,,,,
30423,16:52.000,16:52.020,0,,,,,,,,,,,,
30438,16:52.500,16:52.520,0,,,,,,,,,,,,
30453,16:53.000,16:53.020,0,,,,,,,,,,,,
30468,16:53.500,16:53.520,0,,,,,,,,,,,,
30483,16:54.000,16:54.020,0,,,,,,,,,,,,
30498,16:54.500,16:54.520,0,,,,,,,,,,,,
30513,16:55.000,16:55.020,0,,,,,,,,,,,,
30528,16:55.500,16:55.520,0,,,,,,,,,,,,
30543,16:56.000,16:56.022,0,,,,,,,,,,,,
30558,16:56.500,16:56.522,0,,,,,,,,,,,,
30573,16:57.000,16:57.022,0,,,,,,,,,,,,
30588,16:57.500,16:57.522,0,,,,,,,,,,,,
30603,16:58.000,16:58.022,1,1790.0,738.0,2034.0,1093.0,,,,,,,,
30618,16:58.500,16:58.522,1,1706.0,738.0,1946.0,1073.0,,,,,,,,
30633,16:59.000,16:59.022,1,1643.0,752.0,1878.0,1092.0,,,,,,,,
30648,16:59.500,16:59.522,1,1637.0,731.0,1861.0,1087.0,,,,,,,,
30663,17:00.000,17:00.023,1,1647.0,728.0,1880.0,1072.0,,,,,,,,
30678,17:00.500,17:00.523,1,1648.0,734.0,1881.0,1070.0,,,,,,,,
30693,17:01.000,17:01.023,1,1684.0,739.0,1922.0,1082.0,,,,,,,,
30708,17:01.500,17:01.523,1,1723.0,738.0,1938.0,1074.0,,,,,,,,
30723,17:02.000,17:02.023,1,1754.0,717.0,1930.0,1066.0,,,,,,,,
30738,17:02.500,17:02.523,1,1848.0,726.0,2020.0,1069.0,,,,,,,,
30753,17:03.000,17:03.023,0,,,,,,,,,,,,
30768,17:03.500,17:03.523,0,,,,,,,,,,,,
30783,17:04.000,17:04.025,1,80.0,742.0,185.0,878.0,,,,,,,,
30798,17:04.500,17:04.525,1,623.0,794.0,698.0,906.0,,,,,,,,
30813,17:05.000,17:05.025,2,50.0,770.0,299.0,1051.0,920.0,798.0,996.0,907.0,,,,
30828,17:05.500,17:05.525,2,256.0,759.0,474.0,1020.0,1049.0,790.0,1119.0,895.0,,,,
30843,17:06.000,17:06.017,2,533.0,735.0,709.0,987.0,1227.0,785.0,1298.0,891.0,,,,
30858,17:06.500,17:06.517,2,613.0,703.0,775.0,950.0,1279.0,758.0,1352.0,863.0,,,,
30873,17:07.000,17:07.017,2,600.0,715.0,764.0,964.0,1263.0,768.0,1338.0,875.0,,,,
30888,17:07.500,17:07.517,2,587.0,731.0,757.0,978.0,1260.0,783.0,1333.0,887.0,,,,
30903,17:08.000,17:08.018,2,535.0,730.0,707.0,983.0,1221.0,779.0,1294.0,885.0,,,,
30918,17:08.500,17:08.518,0,,,,,,,,,,,,
30933,17:09.000,17:09.018,0,,,,,,,,,,,,
30948,17:09.500,17:09.518,1,1732.0,728.0,2035.0,1109.0,,,,,,,,
30963,17:10.000,17:10.018,1,2052.0,770.0,2391.0,1173.0,,,,,,,,
30978,17:10.500,17:10.518,0,,,,,,,,,,,,
30993,17:11.000,17:11.018,0,,,,,,,,,,,,
31008,17:11.500,17:11.518,0,,,,,,,,,,,,
31023,17:12.000,17:12.020,0,,,,,,,,,,,,
31038,17:12.500,17:12.520,0,,,,,,,,,,,,
31053,17:13.000,17:13.020,0,,,,,,,,,,,,
31068,17:13.500,17:13.520,0,,,,,,,,,,,,
31083,17:14.000,17:14.020,0,,,,,,,,,,,,
31098,17:14.500,17:14.520,0,,,,,,,,,,,,
31113,17:15.000,17:15.020,0,,,,,,,,,,,,
31128,17:15.500,17:15.520,0,,,,,,,,,,,,
31143,17:16.000,17:16.022,0,,,,,,,,,,,,
31158,17:16.500,17:16.522,0,,,,,,,,,,,,
31173,17:17.000,17:17.022,0,,,,,,,,,,,,
31188,17:17.500,17:17.522,0,,,,,,,,,,,,
31203,17:18.000,17:18.022,0,,,,,,,,,,,,
31218,17:18.500,17:18.522,0,,,,,,,,,,,,
31233,17:19.000,17:19.022,0,,,,,,,,,,,,
31248,17:19.500,17:19.522,0,,,,,,,,,,,,
31263,17:20.000,17:20.023,0,,,,,,,,,,,,
31278,17:20.500,17:20.523,0,,,,,,,,,,,,
31293,17:21.000,17:21.023,0,,,,,,,,,,,,
31308,17:21.500,17:21.532,0,,,,,,,,,,,,
31321,17:22.000,17:22.023,0,,,,,,,,,,,,
31336,17:22.500,17:22.523,2,969.0,731.0,1081.0,880.0,2258.0,825.0,2466.0,1090.0,,,,
31352,17:23.000,17:23.023,2,-49.0,703.0,165.0,960.0,1277.0,767.0,1386.0,907.0,,,,
31367,17:23.500,17:23.523,2,2188.0,819.0,2345.0,1000.0,978.0,758.0,1129.0,954.0,,,,
31382,17:24.000,17:24.025,2,1036.0,756.0,1183.0,964.0,2206.0,833.0,2365.0,1012.0,,,,
31397,17:24.500,17:24.525,2,1105.0,743.0,1256.0,954.0,2168.0,836.0,2328.0,1015.0,,,,
31412,17:25.000,17:25.025,2,1062.0,777.0,1204.0,990.0,2189.0,858.0,2358.0,1037.0,,,,
31427,17:25.500,17:25.525,2,1060.0,776.0,1198.0,987.0,2237.0,851.0,2410.0,1036.0,,,,
31442,17:26.000,17:26.017,2,1056.0,773.0,1201.0,979.0,2250.0,849.0,2410.0,1031.0,,,,
31457,17:26.500,17:26.517,2,1040.0,764.0,1190.0,971.0,2261.0,855.0,2431.0,1039.0,,,,
31472,17:27.000,17:27.017,2,1030.0,765.0,1185.0,978.0,2240.0,840.0,2414.0,1027.0,,,,
31487,17:27.500,17:27.517,2,1297.0,727.0,1411.0,877.0,12.0,630.0,239.0,910.0,,,,
31502,17:28.000,17:28.018,1,1045.0,711.0,1157.0,859.0,,,,,,,,
31517,17:28.500,17:28.518,1,1296.0,672.0,1460.0,885.0,,,,,,,,
31532,17:29.000,17:29.018,2,1580.0,778.0,1753.0,1007.0,322.0,731.0,470.0,899.0,,,,
31547,17:29.500,17:29.518,1,1142.0,729.0,1256.0,879.0,,,,,,,,
31562,17:30.000,17:30.018,2,836.0,736.0,985.0,956.0,1968.0,782.0,2120.0,952.0,,,,
31577,17:30.500,17:30.518,2,906.0,753.0,1063.0,961.0,2081.0,808.0,2244.0,981.0,,,,
31592,17:31.000,17:31.018,2,934.0,779.0,1089.0,979.0,2102.0,815.0,2266.0,987.0,,,,
31607,17:31.500,17:31.518,2,961.0,780.0,1100.0,988.0,2100.0,831.0,2262.0,1005.0,,,,
31622,17:32.000,17:32.020,2,2105.0,833.0,2267.0,1006.0,958.0,774.0,1097.0,981.0,,,,
31637,17:32.500,17:32.520,2,975.0,789.0,1119.0,995.0,2112.0,837.0,2278.0,1009.0,,,,
31652,17:33.000,17:33.020,2,972.0,783.0,1117.0,1001.0,2118.0,837.0,2284.0,1011.0,,,,
31667,17:33.500,17:33.520,2,965.0,794.0,1117.0,1000.0,2125.0,844.0,2294.0,1019.0,,,,
31682,17:34.000,17:34.020,2,972.0,792.0,1120.0,1003.0,2135.0,849.0,2302.0,1022.0,,,,
31697,17:34.500,17:34.520,2,970.0,790.0,1120.0,1002.0,2140.0,856.0,2304.0,1028.0,,,,
31712,17:35.000,17:35.020,2,989.0,798.0,1137.0,1005.0,2148.0,857.0,2318.0,1033.0,,,,
31727,17:35.500,17:35.520,2,936.0,789.0,1094.0,998.0,2104.0,848.0,2268.0,1025.0,,,,
31742,17:36.000,17:36.022,2,1669.0,813.0,1852.0,1041.0,429.0,730.0,570.0,901.0,,,,
31757,17:36.500,17:36.522,1,1261.0,759.0,1414.0,959.0,,,,,,,,
31772,17:37.000,17:37.022,1,1296.0,752.0,1461.0,960.0,,,,,,,,
31787,17:37.500,17:37.522,2,859.0,807.0,976.0,960.0,2144.0,825.0,2381.0,1079.0,,,,
31802,17:38.000,17:38.022,2,802.0,810.0,965.0,1011.0,1920.0,849.0,2063.0,1017.0,,,,
31817,17:38.500,17:38.522,2,977.0,774.0,1133.0,988.0,2092.0,863.0,2250.0,1038.0,,,,
31832,17:39.000,17:39.022,2,959.0,770.0,1117.0,982.0,2076.0,853.0,2236.0,1029.0,,,,
31847,17:39.500,17:39.522,1,1113.0,775.0,1225.0,926.0,,,,,,,,
31862,17:40.000,17:40.022,2,750.0,775.0,872.0,932.0,2004.0,840.0,2217.0,1092.0,,,,
31877,17:40.500,17:40.523,2,1308.0,761.0,1468.0,976.0,-51.0,752.0,102.0,933.0,,,,
31892,17:41.000,17:41.023,2,1359.0,755.0,1519.0,971.0,-2.0,719.0,174.0,897.0,,,,
31907,17:41.500,17:41.523,2,1748.0,710.0,1882.0,873.0,704.0,702.0,833.0,923.0,,,,
31922,17:42.000,17:42.023,2,1975.0,729.0,2128.0,896.0,894.0,672.0,1025.0,889.0,,,,
31937,17:42.500,17:42.523,2,1293.0,742.0,1407.0,893.0,90.0,687.0,295.0,947.0,,,,
31952,17:43.000,17:43.023,2,1211.0,757.0,1322.0,905.0,-23.0,706.0,179.0,983.0,,,,
31967,17:43.500,17:43.523,2,1216.0,747.0,1326.0,897.0,-4.0,693.0,197.0,958.0,,,,
31982,17:44.000,17:44.023,2,30.0,703.0,242.0,980.0,1231.0,746.0,1339.0,898.0,,,,
31997,17:44.500,17:44.525,2,1441.0,741.0,1552.0,890.0,361.0,695.0,519.0,940.0,,,,
32012,17:45.000,17:45.017,2,1808.0,768.0,1937.0,931.0,767.0,712.0,902.0,936.0,,,,
32027,17:45.500,17:45.517,2,783.0,725.0,940.0,942.0,1884.0,787.0,2021.0,950.0,,,,
32042,17:46.000,17:46.017,2,1932.0,800.0,2074.0,967.0,833.0,732.0,992.0,942.0,,,,
32057,17:46.500,17:46.517,2,1934.0,812.0,2075.0,976.0,837.0,741.0,990.0,952.0,,,,
32072,17:47.000,17:47.017,2,1919.0,804.0,2058.0,970.0,858.0,742.0,1006.0,955.0,,,,
32087,17:47.500,17:47.517,2,1874.0,801.0,2012.0,961.0,812.0,737.0,961.0,954.0,,,,
32102,17:48.000,17:48.017,2,799.0,756.0,973.0,970.0,1941.0,819.0,2085.0,987.0,,,,
32117,17:48.500,17:48.518,2,823.0,743.0,992.0,956.0,1953.0,813.0,2101.0,978.0,,,,
32132,17:49.000,17:49.018,2,2083.0,834.0,2319.0,1098.0,796.0,740.0,915.0,892.0,,,,
32147,17:49.500,17:49.518,2,1438.0,755.0,1604.0,966.0,96.0,733.0,269.0,905.0,,,,
32162,17:50.000,17:50.018,1,1015.0,740.0,1126.0,895.0,,,,,,,,
32177,17:50.500,17:50.518,1,1114.0,758.0,1224.0,908.0,,,,,,,,
32192,17:51.000,17:51.018,1,1134.0,762.0,1246.0,918.0,,,,,,,,
32207,17:51.500,17:51.518,1,1137.0,756.0,1249.0,906.0,,,,,,,,
32222,17:52.000,17:52.018,2,1144.0,759.0,1255.0,911.0,-45.0,739.0,127.0,996.0,,,,
32237,17:52.500,17:52.520,2,1149.0,754.0,1263.0,911.0,-17.0,748.0,150.0,985.0,,,,
32252,17:53.000,17:53.020,2,1149.0,757.0,1263.0,908.0,-28.0,742.0,148.0,985.0,,,,
32267,17:53.500,17:53.520,2,1147.0,763.0,1261.0,911.0,-36.0,738.0,147.0,990.0,,,,
32282,17:54.000,17:54.020,1,1036.0,945.0,1145.0,1093.0,,,,,,,,
32297,17:54.500,17:54.520,2,755.0,800.0,874.0,952.0,2006.0,955.0,2209.0,1213.0,,,,
32312,17:55.000,17:55.020,2,1936.0,1017.0,2142.0,1268.0,693.0,856.0,815.0,1013.0,,,,
32327,17:55.500,17:55.520,2,716.0,795.0,831.0,945.0,1937.0,951.0,2137.0,1200.0,,,,
32342,17:56.000,17:56.020,2,420.0,769.0,592.0,1004.0,1486.0,801.0,1604.0,950.0,,,,
32357,17:56.500,17:56.522,2,1884.0,753.0,2029.0,923.0,853.0,762.0,1003.0,976.0,,,,
32372,17:57.000,17:57.022,1,1085.0,801.0,1198.0,946.0,,,,,,,,
32387,17:57.500,17:57.522,1,1031.0,768.0,1140.0,915.0,,,,,,,,
32402,17:58.000,17:58.022,2,1205.0,762.0,1315.0,909.0,45.0,745.0,259.0,999.0,,,,
32417,17:58.500,17:58.522,2,1805.0,790.0,1938.0,951.0,802.0,815.0,945.0,1021.0,,,,
32432,17:59.000,17:59.022,2,1834.0,784.0,1973.0,941.0,808.0,801.0,952.0,1013.0,,,,
32447,17:59.500,17:59.522,2,1827.0,782.0,1960.0,940.0,792.0,803.0,935.0,1013.0,,,,
32462,18:00.000,18:00.022,2,1756.0,773.0,1882.0,929.0,711.0,782.0,859.0,1006.0,,,,
32477,18:00.500,18:00.523,2,534.0,760.0,698.0,998.0,1600.0,765.0,1712.0,918.0,,,,
32492,18:01.000,18:01.023,2,690.0,773.0,860.0,991.0,1803.0,765.0,1924.0,922.0,,,,
32507,18:01.500,18:01.523,2,1828.0,786.0,1953.0,941.0,724.0,790.0,888.0,1005.0,,,,
32522,18:02.000,18:02.023,2,720.0,806.0,888.0,1012.0,1830.0,791.0,1958.0,949.0,,,,
32537,18:02.500,18:02.523,2,754.0,814.0,916.0,1024.0,1826.0,796.0,1966.0,960.0,,,,
32552,18:03.000,18:03.023,2,1774.0,796.0,1905.0,956.0,761.0,806.0,913.0,1015.0,,,,
32567,18:03.500,18:03.523,2,1180.0,779.0,1286.0,925.0,-10.0,730.0,195.0,988.0,,,,
32582,18:04.000,18:04.023,1,929.0,761.0,1037.0,908.0,,,,,,,,
32597,18:04.500,18:04.525,2,887.0,758.0,998.0,910.0,2225.0,886.0,2431.0,1151.0,,,,
32612,18:05.000,18:05.017,2,914.0,772.0,1025.0,923.0,2260.0,905.0,2457.0,1170.0,,,,
32627,18:05.500,18:05.517,2,905.0,787.0,1020.0,937.0,2245.0,916.0,2456.0,1183.0,,,,
32642,18:06.000,18:06.017,2,878.0,782.0,993.0,930.0,2182.0,907.0,2392.0,1168.0,,,,
32657,18:06.500,18:06.517,2,912.0,788.0,1024.0,937.0,2209.0,916.0,2404.0,1181.0,,,,
32672,18:07.000,18:07.017,2,953.0,784.0,1059.0,929.0,2257.0,921.0,2458.0,1186.0,,,,
32687,18:07.500,18:07.517,2,947.0,778.0,1046.0,919.0,2241.0,903.0,2453.0,1173.0,,,,
32702,18:08.000,18:08.017,2,936.0,778.0,1037.0,923.0,2224.0,911.0,2436.0,1180.0,,,,
32717,18:08.500,18:08.518,2,944.0,777.0,1046.0,920.0,2240.0,910.0,2447.0,1175.0,,,,
32732,18:09.000,18:09.018,1,1066.0,767.0,1173.0,910.0,,,,,,,,
32747,18:09.500,18:09.518,2,1700.0,763.0,1826.0,915.0,629.0,724.0,803.0,941.0,,,,
32762,18:10.000,18:10.018,2,305.0,713.0,512.0,953.0,1425.0,746.0,1542.0,893.0,,,,
32777,18:10.500,18:10.518,2,1443.0,705.0,1602.0,920.0,57.0,662.0,233.0,840.0,,,,
32792,18:11.000,18:11.018,2,1428.0,691.0,1574.0,907.0,53.0,664.0,218.0,847.0,,,,
32807,18:11.500,18:11.518,2,403.0,688.0,535.0,859.0,1682.0,745.0,1853.0,964.0,,,,
32822,18:12.000,18:12.018,1,1088.0,755.0,1194.0,902.0,,,,,,,,
32837,18:12.500,18:12.520,2,12.0,722.0,214.0,982.0,1192.0,774.0,1302.0,920.0,,,,
32852,18:13.000,18:13.020,2,1700.0,785.0,1830.0,941.0,681.0,781.0,830.0,1001.0,,,,
32867,18:13.500,18:13.520,2,1722.0,796.0,1851.0,956.0,728.0,797.0,864.0,1017.0,,,,
32882,18:14.000,18:14.020,2,1566.0,817.0,1689.0,966.0,568.0,809.0,718.0,1038.0,,,,
32897,18:14.500,18:14.520,2,283.0,776.0,455.0,1023.0,1354.0,806.0,1468.0,952.0,,,,
32912,18:15.000,18:15.020,2,1232.0,794.0,1347.0,941.0,44.0,781.0,263.0,1035.0,,,,
32927,18:15.500,18:15.520,2,27.0,774.0,244.0,1031.0,1222.0,782.0,1333.0,927.0,,,,
32942,18:16.000,18:16.020,2,1222.0,779.0,1334.0,925.0,80.0,767.0,276.0,1018.0,,,,
32957,18:16.500,18:16.522,2,1226.0,781.0,1338.0,926.0,100.0,774.0,274.0,1021.0,,,,
32972,18:17.000,18:17.022,2,1228.0,787.0,1341.0,930.0,99.0,773.0,275.0,1019.0,,,,
32987,18:17.500,18:17.522,2,1238.0,792.0,1352.0,936.0,115.0,772.0,293.0,1018.0,,,,
33002,18:18.000,18:18.022,2,1233.0,801.0,1347.0,944.0,114.0,780.0,290.0,1031.0,,,,
33017,18:18.500,18:18.522,2,1211.0,796.0,1324.0,937.0,88.0,787.0,269.0,1035.0,,,,
33032,18:19.000,18:19.022,2,1199.0,758.0,1312.0,901.0,64.0,736.0,248.0,979.0,,,,
33047,18:19.500,18:19.522,2,1189.0,789.0,1301.0,931.0,39.0,757.0,223.0,1005.0,,,,
33062,18:20.000,18:20.022,2,1189.0,793.0,1303.0,937.0,40.0,762.0,222.0,1011.0,,,,
33077,18:20.500,18:20.523,2,1187.0,795.0,1302.0,939.0,47.0,777.0,234.0,1031.0,,,,
33092,18:21.000,18:21.023,2,1197.0,795.0,1311.0,940.0,59.0,765.0,241.0,1008.0,,,,
33107,18:21.500,18:21.523,2,1194.0,795.0,1307.0,940.0,39.0,759.0,222.0,1005.0,,,,
33122,18:22.000,18:22.023,2,1200.0,800.0,1314.0,944.0,51.0,762.0,235.0,1009.0,,,,
33137,18:22.500,18:22.523,2,1203.0,813.0,1316.0,959.0,54.0,779.0,238.0,1026.0,,,,
33152,18:23.000,18:23.023,2,1200.0,813.0,1314.0,959.0,55.0,773.0,235.0,1025.0,,,,
33167,18:23.500,18:23.523,2,1175.0,867.0,1289.0,1014.0,22.0,843.0,205.0,1094.0,,,,
33182,18:24.000,18:24.015,1,1097.0,882.0,1212.0,1027.0,,,,,,,,
33197,18:24.500,18:24.517,2,1153.0,758.0,1269.0,909.0,-10.0,712.0,169.0,975.0,,,,
33212,18:25.000,18:25.017,2,1145.0,746.0,1260.0,895.0,-22.0,698.0,163.0,954.0,,,,
33227,18:25.500,18:25.517,2,1108.0,739.0,1224.0,891.0,-66.0,692.0,115.0,948.0,,,,
33242,18:26.000,18:26.017,2,1137.0,746.0,1251.0,896.0,-27.0,692.0,150.0,947.0,,,,
33257,18:26.500,18:26.517,2,1151.0,751.0,1264.0,898.0,6.0,706.0,178.0,958.0,,,,
33272,18:27.000,18:27.017,2,1154.0,771.0,1267.0,921.0,18.0,734.0,193.0,984.0,,,,
33287,18:27.500,18:27.517,2,1167.0,765.0,1280.0,913.0,44.0,733.0,210.0,984.0,,,,
33302,18:28.000,18:28.017,2,1171.0,769.0,1286.0,916.0,41.0,728.0,209.0,975.0,,,,
33317,18:28.500,18:28.518,2,1179.0,777.0,1290.0,924.0,40.0,747.0,214.0,991.0,,,,
33332,18:29.000,18:29.018,2,1184.0,780.0,1295.0,924.0,31.0,735.0,212.0,981.0,,,,
33347,18:29.500,18:29.518,2,1176.0,770.0,1282.0,912.0,39.0,733.0,216.0,982.0,,,,
33362,18:30.000,18:30.018,2,1193.0,769.0,1305.0,915.0,57.0,741.0,237.0,988.0,,,,
33377,18:30.500,18:30.518,2,1197.0,776.0,1309.0,922.0,47.0,728.0,222.0,981.0,,,,
33392,18:31.000,18:31.018,2,1196.0,768.0,1308.0,917.0,41.0,730.0,218.0,983.0,,,,
33407,18:31.500,18:31.518,2,1198.0,771.0,1309.0,920.0,48.0,737.0,226.0,990.0,,,,
33422,18:32.000,18:32.018,2,1196.0,774.0,1307.0,920.0,51.0,751.0,232.0,997.0,,,,
33437,18:32.500,18:32.520,2,1185.0,781.0,1297.0,927.0,55.0,744.0,235.0,991.0,,,,
33452,18:33.000,18:33.020,2,1201.0,778.0,1313.0,931.0,49.0,741.0,233.0,989.0,,,,
33467,18:33.500,18:33.520,2,1221.0,779.0,1327.0,925.0,24.0,735.0,215.0,989.0,,,,
33482,18:34.000,18:34.020,2,17.0,730.0,216.0,988.0,1215.0,769.0,1322.0,920.0,,,,
33497,18:34.500,18:34.520,2,1279.0,774.0,1391.0,927.0,85.0,748.0,308.0,1004.0,,,,
33512,18:35.000,18:35.020,2,1917.0,809.0,2049.0,974.0,873.0,808.0,1026.0,1021.0,,,,
33527,18:35.500,18:35.520,2,1947.0,808.0,2082.0,975.0,913.0,782.0,1059.0,1001.0,,,,
33542,18:36.000,18:36.020,2,1945.0,802.0,2077.0,970.0,910.0,782.0,1061.0,1001.0,,,,
33557,18:36.500,18:36.522,2,1954.0,801.0,2086.0,971.0,914.0,779.0,1065.0,992.0,,,,
33572,18:37.000,18:37.022,2,1862.0,787.0,1987.0,952.0,840.0,776.0,991.0,988.0,,,,
33587,18:37.500,18:37.522,2,1196.0,748.0,1298.0,898.0,0.0,721.0,209.0,982.0,,,,
33602,18:38.000,18:38.022,2,1145.0,739.0,1250.0,892.0,-88.0,717.0,108.0,976.0,,,,
33617,18:38.500,18:38.522,2,1418.0,765.0,1576.0,982.0,-7.0,721.0,161.0,909.0,,,,
33632,18:39.000,18:39.022,2,1765.0,763.0,1943.0,998.0,461.0,706.0,587.0,874.0,,,,
33647,18:39.500,18:39.522,2,1239.0,778.0,1346.0,931.0,138.0,755.0,317.0,1001.0,,,,
33662,18:40.000,18:40.022,2,1285.0,779.0,1393.0,928.0,194.0,758.0,366.0,1004.0,,,,
33677,18:40.500,18:40.523,2,1289.0,787.0,1390.0,939.0,222.0,768.0,390.0,1015.0,,,,
33692,18:41.000,18:41.023,2,1500.0,778.0,1610.0,927.0,500.0,783.0,656.0,1008.0,,,,
33707,18:41.500,18:41.523,2,1735.0,790.0,1853.0,954.0,766.0,819.0,893.0,1037.0,,,,
33722,18:42.000,18:42.023,2,1780.0,792.0,1903.0,954.0,805.0,823.0,932.0,1038.0,,,,
33737,18:42.500,18:42.523,2,1789.0,792.0,1910.0,956.0,814.0,824.0,942.0,1035.0,,,,
33752,18:43.000,18:43.023,2,1794.0,791.0,1919.0,958.0,813.0,823.0,945.0,1042.0,,,,
33767,18:43.500,18:43.515,2,1797.0,793.0,1920.0,958.0,809.0,820.0,943.0,1045.0,,,,
33782,18:44.000,18:44.015,2,1777.0,810.0,1897.0,969.0,810.0,845.0,923.0,1054.0,,,,
33797,18:44.500,18:44.517,2,1786.0,811.0,1908.0,973.0,801.0,843.0,935.0,1063.0,,,,
33812,18:45.000,18:45.017,2,1777.0,811.0,1900.0,972.0,808.0,842.0,923.0,1064.0,,,,
33827,18:45.500,18:45.517,2,1766.0,809.0,1888.0,973.0,799.0,852.0,916.0,1066.0,,,,
33842,18:46.000,18:46.017,2,1767.0,804.0,1889.0,965.0,796.0,852.0,914.0,1067.0,,,,
33857,18:46.500,18:46.517,2,1768.0,807.0,1891.0,970.0,803.0,862.0,920.0,1070.0,,,,
33872,18:47.000,18:47.017,2,1729.0,794.0,1849.0,956.0,762.0,857.0,876.0,1063.0,,,,
33887,18:47.500,18:47.517,2,1359.0,778.0,1473.0,932.0,320.0,793.0,475.0,1031.0,,,,
33902,18:48.000,18:48.017,1,1047.0,782.0,1158.0,931.0,,,,,,,,
33917,18:48.500,18:48.518,2,820.0,749.0,933.0,904.0,2134.0,845.0,2351.0,1104.0,,,,
33932,18:49.000,18:49.018,2,867.0,748.0,978.0,904.0,2197.0,852.0,2401.0,1113.0,,,,
33947,18:49.500,18:49.518,2,895.0,774.0,1011.0,927.0,2241.0,874.0,2453.0,1140.0,,,,
33962,18:50.000,18:50.018,2,1454.0,752.0,1628.0,966.0,117.0,733.0,285.0,905.0,,,,
33977,18:50.500,18:50.518,2,1393.0,735.0,1561.0,951.0,29.0,737.0,204.0,913.0,,,,
33992,18:51.000,18:51.018,2,1374.0,734.0,1526.0,945.0,29.0,736.0,201.0,912.0,,,,
34007,18:51.500,18:51.518,2,1376.0,737.0,1524.0,947.0,31.0,741.0,200.0,916.0,,,,
34022,18:52.000,18:52.018,2,1374.0,735.0,1528.0,946.0,28.0,736.0,198.0,913.0,,,,
34037,18:52.500,18:52.520,2,1369.0,726.0,1525.0,940.0,25.0,734.0,195.0,907.0,,,,
34052,18:53.000,18:53.020,2,1378.0,745.0,1529.0,953.0,48.0,742.0,210.0,920.0,,,,
34067,18:53.500,18:53.520,2,1381.0,755.0,1530.0,956.0,55.0,751.0,212.0,925.0,,,,
34082,18:54.000,18:54.020,2,1396.0,760.0,1548.0,969.0,90.0,761.0,246.0,934.0,,,,
34097,18:54.500,18:54.520,2,537.0,910.0,664.0,1072.0,1767.0,942.0,1943.0,1182.0,,,,
34112,18:55.000,18:55.020,2,754.0,937.0,872.0,1091.0,2006.0,1032.0,2226.0,1286.0,,,,
34127,18:55.500,18:55.520,2,695.0,874.0,820.0,1033.0,1973.0,954.0,2213.0,1229.0,,,,
34142,18:56.000,18:56.020,2,1981.0,930.0,2221.0,1203.0,693.0,848.0,816.0,1004.0,,,,
34157,18:56.500,18:56.520,2,1959.0,883.0,2190.0,1154.0,671.0,796.0,797.0,957.0,,,,
34172,18:57.000,18:57.022,2,1990.0,819.0,2230.0,1086.0,697.0,727.0,822.0,883.0,,,,
34187,18:57.500,18:57.522,2,2070.0,960.0,2322.0,1248.0,758.0,884.0,881.0,1046.0,,,,
34202,18:58.000,18:58.022,2,751.0,877.0,873.0,1036.0,2050.0,957.0,2302.0,1237.0,,,,
34217,18:58.500,18:58.522,2,742.0,808.0,864.0,961.0,2032.0,891.0,2279.0,1170.0,,,,
34232,18:59.000,18:59.022,2,657.0,809.0,783.0,967.0,1923.0,878.0,2149.0,1145.0,,,,
34247,18:59.500,18:59.522,1,1216.0,806.0,1392.0,1030.0,,,,,,,,
34262,19:00.000,19:00.022,2,1807.0,668.0,2027.0,921.0,534.0,670.0,668.0,834.0,,,,
34277,19:00.500,19:00.522,1,1083.0,707.0,1196.0,857.0,,,,,,,,
34292,19:01.000,19:01.023,1,1136.0,722.0,1249.0,873.0,,,,,,,,
34307,19:01.500,19:01.523,1,1022.0,701.0,1137.0,852.0,,,,,,,,
34322,19:02.000,19:02.023,1,1083.0,719.0,1196.0,875.0,,,,,,,,
34337,19:02.500,19:02.523,1,1150.0,665.0,1258.0,817.0,,,,,,,,
34352,19:03.000,19:03.023,1,1181.0,680.0,1289.0,829.0,,,,,,,,
34367,19:03.500,19:03.515,1,1153.0,778.0,1266.0,932.0,,,,,,,,
34382,19:04.000,19:04.015,1,1093.0,721.0,1207.0,872.0,,,,,,,,
34397,19:04.500,19:04.515,1,1058.0,764.0,1172.0,911.0,,,,,,,,
34412,19:05.000,19:05.017,1,1073.0,776.0,1186.0,924.0,,,,,,,,
34427,19:05.500,19:05.517,1,1077.0,659.0,1189.0,809.0,,,,,,,,
34442,19:06.000,19:06.017,2,1182.0,841.0,1295.0,989.0,-29.0,784.0,207.0,1053.0,,,,
34457,19:06.500,19:06.517,2,1726.0,691.0,1861.0,853.0,715.0,654.0,878.0,864.0,,,,
34472,19:07.000,19:07.017,2,86.0,754.0,302.0,995.0,1249.0,801.0,1364.0,949.0,,,,
34487,19:07.500,19:07.517,1,1003.0,730.0,1120.0,878.0,,,,,,,,
34502,19:08.000,19:08.017,2,1973.0,773.0,2169.0,1026.0,731.0,706.0,856.0,862.0,,,,
34517,19:08.500,19:08.517,1,1017.0,903.0,1130.0,1054.0,,,,,,,,
34532,19:09.000,19:09.018,2,1156.0,633.0,1262.0,785.0,-90.0,569.0,129.0,840.0,,,,
34547,19:09.500,19:09.518,1,1147.0,749.0,1262.0,903.0,,,,,,,,
34562,19:10.000,19:10.018,1,1033.0,754.0,1149.0,911.0,,,,,,,,
34577,19:10.500,19:10.518,2,1716.0,777.0,1910.0,1019.0,456.0,717.0,598.0,885.0,,,,
34592,19:11.000,19:11.018,2,341.0,692.0,490.0,860.0,1592.0,748.0,1748.0,971.0,,,,
34607,19:11.500,19:11.518,1,1079.0,779.0,1185.0,930.0,,,,,,,,
34622,19:12.000,19:12.018,2,1225.0,754.0,1332.0,902.0,-24.0,688.0,181.0,944.0,,,,
34637,19:12.500,19:12.518,2,18.0,699.0,209.0,947.0,1192.0,739.0,1304.0,892.0,,,,
34652,19:13.000,19:13.020,2,1196.0,750.0,1309.0,903.0,47.0,702.0,241.0,950.0,,,,
34667,19:13.500,19:13.520,2,1192.0,753.0,1305.0,908.0,44.0,703.0,239.0,954.0,,,,
34682,19:14.000,19:14.020,2,1197.0,767.0,1306.0,917.0,52.0,718.0,257.0,963.0,,,,
34697,19:14.500,19:14.520,2,1203.0,782.0,1315.0,933.0,4.0,730.0,214.0,979.0,,,,
34712,19:15.000,19:15.020,2,1208.0,785.0,1321.0,936.0,-4.0,729.0,207.0,980.0,,,,
34727,19:15.500,19:15.520,2,1215.0,785.0,1325.0,934.0,-18.0,728.0,194.0,981.0,,,,
34742,19:16.000,19:16.020,2,1207.0,777.0,1311.0,927.0,-54.0,723.0,160.0,979.0,,,,
34757,19:16.500,19:16.520,2,1210.0,777.0,1315.0,930.0,-90.0,723.0,141.0,986.0,,,,
34772,19:17.000,19:17.022,2,1206.0,778.0,1312.0,927.0,-91.0,715.0,130.0,981.0,,,,
34787,19:17.500,19:17.522,2,1200.0,780.0,1306.0,929.0,-93.0,717.0,126.0,985.0,,,,
34802,19:18.000,19:18.022,2,939.0,782.0,1046.0,931.0,2204.0,867.0,2405.0,1132.0,,,,
34817,19:18.500,19:18.522,2,894.0,759.0,1010.0,913.0,2174.0,861.0,2393.0,1125.0,,,,
34832,19:19.000,19:19.022,1,941.0,801.0,1057.0,957.0,,,,,,,,
34847,19:19.500,19:19.522,1,941.0,864.0,1058.0,1021.0,,,,,,,,
34862,19:20.000,19:20.022,1,963.0,848.0,1081.0,1000.0,,,,,,,,
34877,19:20.500,19:20.522,2,1919.0,779.0,2147.0,1041.0,654.0,673.0,782.0,829.0,,,,
34892,19:21.000,19:21.023,2,1579.0,812.0,1767.0,1054.0,293.0,724.0,447.0,895.0,,,,
34907,19:21.500,19:21.523,1,1057.0,609.0,1173.0,760.0,,,,,,,,
34922,19:22.000,19:22.023,2,609.0,620.0,788.0,833.0,1709.0,677.0,1842.0,839.0,,,,
34937,19:22.500,19:22.523,2,657.0,662.0,832.0,869.0,1762.0,704.0,1898.0,862.0,,,,
34952,19:23.000,19:23.015,1,1185.0,576.0,1299.0,726.0,,,,,,,,
34967,19:23.500,19:23.515,1,1148.0,751.0,1262.0,901.0,,,,,,,,
34982,19:24.000,19:24.015,1,1161.0,613.0,1275.0,764.0,,,,,,,,
34997,19:24.500,19:24.515,1,1128.0,774.0,1241.0,924.0,,,,,,,,
35012,19:25.000,19:25.017,1,1111.0,736.0,1223.0,881.0,,,,,,,,
35027,19:25.500,19:25.517,2,1193.0,761.0,1305.0,908.0,-92.0,717.0,120.0,983.0,,,,
35042,19:26.000,19:26.017,1,1150.0,857.0,1265.0,1007.0,,,,,,,,
35057,19:26.500,19:26.517,1,1184.0,882.0,1296.0,1032.0,,,,,,,,
35072,19:27.000,19:27.017,1,1173.0,777.0,1289.0,925.0,,,,,,,,
35087,19:27.500,19:27.517,1,1158.0,771.0,1272.0,919.0,,,,,,,,
35102,19:28.000,19:28.017,2,1234.0,598.0,1349.0,746.0,-68.0,500.0,171.0,767.0,,,,
35117,19:28.500,19:28.517,1,1113.0,835.0,1227.0,981.0,,,,,,,,
35132,19:29.000,19:29.018,2,1202.0,805.0,1316.0,956.0,-90.0,728.0,119.0,991.0,,,,
35147,19:29.500,19:29.518,1,1090.0,813.0,1206.0,965.0,,,,,,,,
35162,19:30.000,19:30.018,2,1604.0,832.0,1790.0,1065.0,358.0,795.0,507.0,969.0,,,,
35177,19:30.500,19:30.518,2,2027.0,838.0,2259.0,1097.0,791.0,732.0,912.0,887.0,,,,
35192,19:31.000,19:31.018,2,1609.0,769.0,1779.0,989.0,398.0,705.0,539.0,871.0,,,,
35207,19:31.500,19:31.518,2,1449.0,755.0,1611.0,960.0,196.0,721.0,345.0,892.0,,,,
35222,19:32.000,19:32.018,2,1438.0,754.0,1603.0,960.0,183.0,725.0,330.0,896.0,,,,
35237,19:32.500,19:32.518,2,1440.0,737.0,1600.0,952.0,184.0,700.0,333.0,878.0,,,,
35252,19:33.000,19:33.020,2,1445.0,747.0,1603.0,955.0,181.0,698.0,332.0,873.0,,,,
35267,19:33.500,19:33.520,2,165.0,708.0,318.0,881.0,1426.0,747.0,1579.0,954.0,,,,
35282,19:34.000,19:34.020,2,1424.0,738.0,1575.0,950.0,160.0,700.0,313.0,869.0,,,,
35297,19:34.500,19:34.520,2,1422.0,741.0,1576.0,950.0,156.0,704.0,309.0,877.0,,,,
35312,19:35.000,19:35.020,2,1425.0,746.0,1581.0,956.0,163.0,714.0,319.0,885.0,,,,
35327,19:35.500,19:35.520,2,1424.0,743.0,1581.0,953.0,144.0,712.0,309.0,887.0,,,,
35342,19:36.000,19:36.020,2,1424.0,744.0,1579.0,957.0,134.0,716.0,301.0,892.0,,,,
35357,19:36.500,19:36.520,2,1430.0,750.0,1585.0,961.0,148.0,720.0,312.0,890.0,,,,
35372,19:37.000,19:37.022,2,1430.0,749.0,1581.0,970.0,174.0,722.0,325.0,895.0,,,,
35387,19:37.500,19:37.522,2,1438.0,758.0,1585.0,973.0,182.0,727.0,329.0,898.0,,,,
35402,19:38.000,19:38.022,2,1426.0,760.0,1575.0,971.0,138.0,728.0,307.0,900.0,,,,
35417,19:38.500,19:38.522,2,811.0,791.0,932.0,946.0,2063.0,806.0,2267.0,1057.0,,,,
35432,19:39.000,19:39.022,2,1435.0,791.0,1549.0,940.0,408.0,806.0,566.0,1033.0,,,,
35447,19:39.500,19:39.522,2,1654.0,760.0,1782.0,918.0,638.0,788.0,785.0,999.0,,,,
35462,19:40.000,19:40.022,2,1347.0,756.0,1506.0,967.0,15.0,736.0,193.0,909.0,,,,
35477,19:40.500,19:40.522,1,1262.0,730.0,1419.0,932.0,,,,,,,,
35492,19:41.000,19:41.023,2,1287.0,724.0,1442.0,927.0,-56.0,686.0,80.0,875.0,,,,
35507,19:41.500,19:41.523,2,1285.0,727.0,1433.0,937.0,-63.0,703.0,80.0,888.0,,,,
35522,19:42.000,19:42.023,1,1297.0,713.0,1442.0,923.0,,,,,,,,
35537,19:42.500,19:42.523,2,854.0,728.0,962.0,877.0,2150.0,762.0,2360.0,1020.0,,,,
35552,19:43.000,19:43.015,2,1217.0,751.0,1321.0,903.0,59.0,733.0,268.0,985.0,,,,
35567,19:43.500,19:43.515,2,23.0,724.0,231.0,981.0,1197.0,745.0,1301.0,894.0,,,,
35582,19:44.000,19:44.015,2,942.0,715.0,1047.0,865.0,2265.0,818.0,2457.0,1079.0,,,,
35597,19:44.500,19:44.515,2,1510.0,760.0,1666.0,971.0,219.0,690.0,361.0,866.0,,,,
35612,19:45.000,19:45.017,2,1423.0,753.0,1542.0,905.0,384.0,739.0,556.0,972.0,,,,
35627,19:45.500,19:45.517,2,786.0,680.0,906.0,832.0,2026.0,771.0,2222.0,1021.0,,,,
35642,19:46.000,19:46.017,2,1559.0,759.0,1715.0,975.0,291.0,663.0,432.0,845.0,,,,
35657,19:46.500,19:46.517,1,1038.0,734.0,1150.0,880.0,,,,,,,,
35672,19:47.000,19:47.017,2,1352.0,755.0,1467.0,907.0,202.0,738.0,411.0,980.0,,,,
35687,19:47.500,19:47.517,2,796.0,771.0,957.0,983.0,1816.0,758.0,1941.0,923.0,,,,
35702,19:48.000,19:48.017,2,1825.0,767.0,1951.0,933.0,841.0,790.0,989.0,994.0,,,,
35717,19:48.500,19:48.517,2,1822.0,777.0,1946.0,939.0,834.0,792.0,981.0,999.0,,,,
35732,19:49.000,19:49.018,2,1812.0,788.0,1937.0,946.0,817.0,797.0,972.0,1005.0,,,,
35747,19:49.500,19:49.518,2,1807.0,788.0,1933.0,944.0,838.0,794.0,978.0,1003.0,,,,
35762,19:50.000,19:50.018,2,1808.0,793.0,1934.0,952.0,859.0,786.0,982.0,1011.0,,,,
35777,19:50.500,19:50.518,2,1600.0,894.0,1719.0,1045.0,643.0,856.0,775.0,1077.0,,,,
35792,19:51.000,19:51.018,2,871.0,727.0,982.0,874.0,2184.0,848.0,2386.0,1105.0,,,,
35807,19:51.500,19:51.518,2,1081.0,830.0,1192.0,975.0,28.0,839.0,217.0,1095.0,,,,
35822,19:52.000,19:52.018,2,84.0,725.0,299.0,983.0,1181.0,748.0,1293.0,899.0,,,,
35837,19:52.500,19:52.518,2,349.0,727.0,525.0,955.0,1383.0,738.0,1500.0,888.0,,,,
35852,19:53.000,19:53.020,2,1732.0,747.0,1865.0,910.0,764.0,751.0,913.0,962.0,,,,
35867,19:53.500,19:53.520,2,1789.0,747.0,1926.0,910.0,728.0,756.0,891.0,968.0,,,,
35882,19:54.000,19:54.020,2,1862.0,753.0,1996.0,916.0,766.0,757.0,927.0,964.0,,,,
35897,19:54.500,19:54.520,2,817.0,766.0,973.0,977.0,1878.0,758.0,2013.0,921.0,,,,
35912,19:55.000,19:55.020,2,815.0,786.0,976.0,995.0,1856.0,763.0,1989.0,928.0,,,,
35927,19:55.500,19:55.520,2,840.0,790.0,1003.0,996.0,1859.0,772.0,1988.0,932.0,,,,
35942,19:56.000,19:56.020,2,843.0,791.0,1005.0,999.0,1870.0,769.0,1998.0,934.0,,,,
35957,19:56.500,19:56.520,2,1879.0,774.0,2005.0,937.0,854.0,799.0,1014.0,997.0,,,,
35972,19:57.000,19:57.022,2,1899.0,781.0,2031.0,944.0,860.0,805.0,1019.0,1006.0,,,,
35987,19:57.500,19:57.522,2,1896.0,787.0,2025.0,946.0,881.0,795.0,1034.0,1002.0,,,,
36002,19:58.000,19:58.022,2,1877.0,783.0,2005.0,945.0,876.0,795.0,1018.0,1003.0,,,,
36017,19:58.500,19:58.522,2,1212.0,931.0,1316.0,1075.0,41.0,913.0,268.0,1184.0,,,,
36032,19:59.000,19:59.022,1,1060.0,575.0,1162.0,719.0,,,,,,,,
36047,19:59.500,19:59.522,2,788.0,735.0,956.0,950.0,1858.0,738.0,1991.0,905.0,,,,
36062,20:00.000,20:00.022,2,787.0,750.0,945.0,961.0,1862.0,756.0,1995.0,920.0,,,,
36077,20:00.500,20:00.522,2,1886.0,767.0,2020.0,932.0,820.0,749.0,972.0,963.0,,,,
36092,20:01.000,20:01.023,2,1886.0,766.0,2019.0,929.0,810.0,739.0,961.0,951.0,,,,
36107,20:01.500,20:01.523,2,1664.0,752.0,1783.0,910.0,580.0,724.0,744.0,946.0,,,,
36122,20:02.000,20:02.015,2,1282.0,693.0,1387.0,836.0,96.0,631.0,305.0,885.0,,,,
36137,20:02.500,20:02.515,2,1317.0,697.0,1421.0,840.0,155.0,641.0,357.0,894.0,,,,
36152,20:03.000,20:03.015,2,311.0,691.0,498.0,930.0,1416.0,736.0,1522.0,882.0,,,,
36167,20:03.500,20:03.515,2,412.0,700.0,584.0,941.0,1470.0,744.0,1578.0,896.0,,,,
36182,20:04.000,20:04.015,2,334.0,699.0,513.0,944.0,1406.0,729.0,1515.0,879.0,,,,
36197,20:04.500,20:04.515,2,1352.0,748.0,1459.0,896.0,228.0,720.0,424.0,975.0,,,,
36212,20:05.000,20:05.017,1,1070.0,742.0,1176.0,890.0,,,,,,,,
36227,20:05.500,20:05.517,2,249.0,720.0,463.0,973.0,1394.0,768.0,1503.0,918.0,,,,
36242,20:06.000,20:06.017,2,912.0,725.0,1076.0,944.0,2003.0,797.0,2146.0,964.0,,,,
36257,20:06.500,20:06.517,2,1981.0,793.0,2120.0,959.0,943.0,738.0,1082.0,952.0,,,,
36272,20:07.000,20:07.017,2,1566.0,771.0,1688.0,924.0,568.0,735.0,710.0,964.0,,,,
36287,20:07.500,20:07.517,2,1173.0,768.0,1278.0,914.0,-29.0,741.0,157.0,1011.0,,,,
36302,20:08.000,20:08.017,2,1178.0,767.0,1285.0,912.0,-90.0,738.0,110.0,1004.0,,,,
36317,20:08.500,20:08.517,2,1334.0,606.0,1446.0,756.0,120.0,541.0,339.0,807.0,,,,
36332,20:09.000,20:09.018,2,884.0,754.0,1000.0,904.0,2160.0,839.0,2369.0,1099.0,,,,
36347,20:09.500,20:09.518,2,1703.0,713.0,1883.0,938.0,458.0,605.0,598.0,768.0,,,,
36362,20:10.000,20:10.018,2,861.0,580.0,975.0,730.0,2112.0,672.0,2344.0,921.0,,,,
36377,20:10.500,20:10.518,1,1101.0,141.0,1218.0,307.0,,,,,,,,
36392,20:11.000,20:11.018,1,1113.0,215.0,1234.0,378.0,,,,,,,,
36407,20:11.500,20:11.518,1,1126.0,644.0,1234.0,795.0,,,,,,,,
36422,20:12.000,20:12.018,1,1096.0,721.0,1208.0,874.0,,,,,,,,
36437,20:12.500,20:12.518,2,1667.0,831.0,1833.0,1045.0,460.0,703.0,599.0,869.0,,,,
36452,20:13.000,20:13.020,1,1025.0,755.0,1132.0,908.0,,,,,,,,
36467,20:13.500,20:13.520,2,1728.0,805.0,1847.0,965.0,689.0,728.0,851.0,948.0,,,,
36482,20:14.000,20:14.020,2,1932.0,816.0,2064.0,985.0,916.0,734.0,1057.0,951.0,,,,
36497,20:14.500,20:14.520,2,1945.0,827.0,2077.0,995.0,909.0,734.0,1046.0,954.0,,,,
36512,20:15.000,20:15.020,2,1820.0,829.0,1942.0,996.0,810.0,748.0,949.0,977.0,,,,
36527,20:15.500,20:15.520,1,1099.0,945.0,1205.0,1098.0,,,,,,,,
36542,20:16.000,20:16.020,2,763.0,835.0,876.0,996.0,2080.0,863.0,2316.0,1131.0,,,,
36557,20:16.500,20:16.520,2,1701.0,777.0,1892.0,1016.0,430.0,791.0,570.0,955.0,,,,
36572,20:17.000,20:17.022,1,1092.0,758.0,1201.0,908.0,,,,,,,,
36587,20:17.500,20:17.522,2,933.0,748.0,1045.0,902.0,2226.0,828.0,2451.0,1095.0,,,,
36602,20:18.000,20:18.022,1,989.0,753.0,1103.0,908.0,,,,,,,,
36617,20:18.500,20:18.522,2,1382.0,751.0,1545.0,957.0,-1.0,758.0,170.0,940.0,,,,
36632,20:19.000,20:19.022,1,1233.0,668.0,1386.0,880.0,,,,,,,,
36647,20:19.500,20:19.522,1,1249.0,680.0,1410.0,892.0,,,,,,,,
36662,20:20.000,20:20.022,1,1267.0,692.0,1431.0,900.0,,,,,,,,
36677,20:20.500,20:20.522,2,1598.0,732.0,1776.0,949.0,339.0,713.0,488.0,880.0,,,,
36692,20:21.000,20:21.022,2,1186.0,789.0,1299.0,935.0,-101.0,752.0,129.0,1019.0,,,,
36707,20:21.500,20:21.515,2,1660.0,750.0,1788.0,907.0,566.0,741.0,751.0,963.0,,,,
36722,20:22.000,20:22.015,2,1902.0,780.0,2043.0,943.0,869.0,732.0,1012.0,949.0,,,,
36737,20:22.500,20:22.515,2,1859.0,769.0,1991.0,935.0,874.0,737.0,995.0,947.0,,,,
36752,20:23.000,20:23.015,2,1305.0,753.0,1412.0,906.0,244.0,719.0,414.0,966.0,,,,
36767,20:23.500,20:23.515,2,148.0,705.0,331.0,955.0,1252.0,739.0,1364.0,890.0,,,,
36782,20:24.000,20:24.015,1,1107.0,772.0,1218.0,921.0,,,,,,,,
36797,20:24.500,20:24.515,2,1404.0,728.0,1566.0,940.0,78.0,730.0,254.0,901.0,,,,
36812,20:25.000,20:25.015,2,404.0,740.0,582.0,976.0,1511.0,767.0,1623.0,916.0,,,,
36827,20:25.500,20:25.517,2,2003.0,803.0,2155.0,968.0,943.0,719.0,1076.0,934.0,,,,
36842,20:26.000,20:26.017,2,2017.0,845.0,2160.0,1014.0,973.0,754.0,1119.0,963.0,,,,
36857,20:26.500,20:26.517,2,1784.0,813.0,1908.0,972.0,807.0,739.0,930.0,962.0,,,,
36872,20:27.000,20:27.017,2,1294.0,747.0,1401.0,898.0,217.0,709.0,384.0,951.0,,,,
36887,20:27.500,20:27.517,1,1069.0,781.0,1178.0,927.0,,,,,,,,
36902,20:28.000,20:28.017,2,548.0,687.0,678.0,850.0,1792.0,771.0,1987.0,1002.0,,,,
36917,20:28.500,20:28.517,2,404.0,749.0,545.0,914.0,1647.0,807.0,1825.0,1031.0,,,,
36932,20:29.000,20:29.017,2,563.0,723.0,688.0,880.0,1754.0,800.0,1939.0,1026.0,,,,
36947,20:29.500,20:29.518,2,1714.0,786.0,1897.0,1015.0,528.0,712.0,656.0,869.0,,,,
36962,20:30.000,20:30.018,1,1060.0,739.0,1168.0,888.0,,,,,,,,
36977,20:30.500,20:30.518,2,1168.0,720.0,1274.0,865.0,-68.0,688.0,146.0,962.0,,,,
36992,20:31.000,20:31.018,2,1143.0,681.0,1254.0,828.0,-73.0,656.0,130.0,922.0,,,,
37007,20:31.500,20:31.518,2,1163.0,695.0,1271.0,847.0,-9.0,671.0,193.0,935.0,,,,
37022,20:32.000,20:32.018,2,1160.0,708.0,1266.0,852.0,-97.0,682.0,108.0,965.0,,,,
37037,20:32.500,20:32.518,2,1727.0,771.0,1931.0,995.0,572.0,677.0,695.0,830.0,,,,
37052,20:33.000,20:33.018,2,1494.0,727.0,1679.0,939.0,303.0,677.0,443.0,844.0,,,,
37067,20:33.500,20:33.520,2,1424.0,733.0,1609.0,933.0,220.0,702.0,367.0,867.0,,,,
37082,20:34.000,20:34.020,2,1391.0,725.0,1575.0,913.0,186.0,679.0,334.0,845.0,,,,
37097,20:34.500,20:34.520,2,186.0,685.0,332.0,848.0,1385.0,728.0,1569.0,926.0,,,,
37112,20:35.000,20:35.020,2,1388.0,729.0,1570.0,920.0,187.0,675.0,335.0,842.0,,,,
37127,20:35.500,20:35.520,2,151.0,681.0,303.0,851.0,1378.0,705.0,1553.0,901.0,,,,
37142,20:36.000,20:36.020,2,133.0,691.0,285.0,857.0,1388.0,695.0,1550.0,893.0,,,,
37157,20:36.500,20:36.520,2,164.0,686.0,314.0,855.0,1387.0,713.0,1555.0,902.0,,,,
37172,20:37.000,20:37.020,2,186.0,685.0,333.0,850.0,1402.0,725.0,1572.0,912.0,,,,
37187,20:37.500,20:37.522,2,187.0,691.0,333.0,859.0,1421.0,702.0,1575.0,910.0,,,,
37202,20:38.000,20:38.022,2,225.0,703.0,369.0,874.0,1471.0,671.0,1620.0,893.0,,,,
37217,20:38.500,20:38.522,2,364.0,1021.0,495.0,1187.0,1561.0,951.0,1722.0,1174.0,,,,
37232,20:39.000,20:39.022,2,354.0,484.0,486.0,641.0,1558.0,598.0,1712.0,822.0,,,,
37247,20:39.500,20:39.522,2,1629.0,841.0,1793.0,1058.0,494.0,859.0,617.0,1010.0,,,,
37262,20:40.000,20:40.022,2,452.0,684.0,577.0,830.0,1616.0,687.0,1778.0,905.0,,,,
37277,20:40.500,20:40.522,2,362.0,787.0,489.0,937.0,1522.0,748.0,1681.0,957.0,,,,
37292,20:41.000,20:41.013,2,382.0,707.0,508.0,853.0,1542.0,689.0,1699.0,906.0,,,,
37307,20:41.500,20:41.515,2,403.0,716.0,532.0,867.0,1565.0,712.0,1722.0,925.0,,,,
37322,20:42.000,20:42.015,2,422.0,716.0,550.0,869.0,1584.0,720.0,1747.0,938.0,,,,
37337,20:42.500,20:42.515,2,418.0,713.0,548.0,870.0,1589.0,716.0,1756.0,936.0,,,,
37352,20:43.000,20:43.015,2,413.0,706.0,546.0,869.0,1589.0,723.0,1748.0,938.0,,,,
37367,20:43.500,20:43.515,2,449.0,705.0,573.0,865.0,1604.0,740.0,1752.0,953.0,,,,
37382,20:44.000,20:44.015,2,434.0,716.0,562.0,875.0,1606.0,742.0,1768.0,957.0,,,,
37397,20:44.500,20:44.515,2,1616.0,738.0,1799.0,961.0,419.0,712.0,547.0,874.0,,,,
37412,20:45.000,20:45.015,2,1582.0,736.0,1769.0,963.0,390.0,706.0,520.0,867.0,,,,
37427,20:45.500,20:45.517,2,1558.0,753.0,1732.0,973.0,395.0,713.0,524.0,874.0,,,,
37442,20:46.000,20:46.017,2,392.0,709.0,522.0,869.0,1560.0,746.0,1733.0,959.0,,,,
37457,20:46.500,20:46.517,2,410.0,715.0,540.0,874.0,1590.0,737.0,1762.0,959.0,,,,
37472,20:47.000,20:47.017,2,422.0,716.0,550.0,876.0,1598.0,735.0,1769.0,959.0,,,,
37487,20:47.500,20:47.517,2,1656.0,778.0,1833.0,997.0,490.0,736.0,615.0,895.0,,,,
37502,20:48.000,20:48.017,2,401.0,715.0,532.0,875.0,1579.0,743.0,1755.0,961.0,,,,
37517,20:48.500,20:48.517,2,398.0,720.0,529.0,878.0,1576.0,748.0,1755.0,963.0,,,,
37532,20:49.000,20:49.017,2,389.0,722.0,518.0,881.0,1567.0,749.0,1745.0,965.0,,,,
37547,20:49.500,20:49.518,2,385.0,727.0,514.0,883.0,1567.0,752.0,1736.0,965.0,,,,
37562,20:50.000,20:50.018,2,382.0,716.0,513.0,876.0,1566.0,742.0,1729.0,957.0,,,,
37577,20:50.500,20:50.518,2,394.0,721.0,524.0,879.0,1578.0,734.0,1748.0,961.0,,,,
37592,20:51.000,20:51.018,2,415.0,723.0,544.0,881.0,1613.0,746.0,1784.0,966.0,,,,
37607,20:51.500,20:51.518,2,413.0,722.0,542.0,879.0,1603.0,745.0,1764.0,969.0,,,,
37622,20:52.000,20:52.018,2,411.0,721.0,540.0,878.0,1593.0,748.0,1753.0,971.0,,,,
37637,20:52.500,20:52.518,2,408.0,727.0,540.0,883.0,1603.0,757.0,1766.0,974.0,,,,
37652,20:53.000,20:53.018,2,423.0,718.0,549.0,878.0,1610.0,755.0,1776.0,973.0,,,,
37667,20:53.500,20:53.520,2,433.0,725.0,557.0,881.0,1614.0,755.0,1780.0,978.0,,,,
37682,20:54.000,20:54.020,2,429.0,723.0,554.0,882.0,1611.0,757.0,1778.0,977.0,,,,
37697,20:54.500,20:54.520,2,421.0,734.0,543.0,890.0,1604.0,758.0,1777.0,979.0,,,,
37712,20:55.000,20:55.020,2,417.0,728.0,541.0,883.0,1593.0,760.0,1755.0,976.0,,,,
37727,20:55.500,20:55.520,2,1605.0,765.0,1770.0,986.0,435.0,734.0,557.0,894.0,,,,
37742,20:56.000,20:56.020,2,1643.0,770.0,1810.0,995.0,473.0,740.0,595.0,897.0,,,,
37757,20:56.500,20:56.520,2,1605.0,763.0,1778.0,986.0,431.0,735.0,555.0,893.0,,,,
37772,20:57.000,20:57.020,2,1578.0,755.0,1746.0,975.0,400.0,734.0,527.0,896.0,,,,
37787,20:57.500,20:57.522,2,410.0,732.0,535.0,888.0,1583.0,764.0,1754.0,978.0,,,,
37802,20:58.000,20:58.022,2,411.0,734.0,534.0,888.0,1574.0,772.0,1749.0,989.0,,,,
37817,20:58.500,20:58.522,2,414.0,732.0,538.0,887.0,1585.0,772.0,1755.0,989.0,,,,
37832,20:59.000,20:59.022,2,1592.0,778.0,1760.0,1004.0,432.0,732.0,556.0,891.0,,,,
37847,20:59.500,20:59.522,2,1597.0,781.0,1757.0,1019.0,427.0,740.0,553.0,899.0,,,,
37862,21:00.000,21:00.022,2,1610.0,782.0,1783.0,1021.0,448.0,740.0,571.0,897.0,,,,
37877,21:00.500,21:00.522,2,1618.0,784.0,1791.0,1015.0,453.0,738.0,577.0,894.0,,,,
37892,21:01.000,21:01.013,2,1618.0,788.0,1792.0,1010.0,452.0,736.0,575.0,895.0,,,,
37907,21:01.500,21:01.515,2,1617.0,787.0,1787.0,1012.0,451.0,735.0,575.0,895.0,,,,
37922,21:02.000,21:02.015,2,1617.0,790.0,1786.0,1012.0,451.0,737.0,575.0,896.0,,,,
37937,21:02.500,21:02.515,2,1606.0,789.0,1782.0,1012.0,439.0,739.0,567.0,897.0,,,,
37952,21:03.000,21:03.015,2,1605.0,786.0,1781.0,1012.0,433.0,735.0,563.0,897.0,,,,
37967,21:03.500,21:03.515,2,1604.0,780.0,1775.0,1007.0,429.0,734.0,558.0,895.0,,,,
37982,21:04.000,21:04.015,2,435.0,735.0,564.0,894.0,1613.0,782.0,1781.0,1005.0,,,,
37997,21:04.500,21:04.515,2,434.0,735.0,563.0,894.0,1649.0,813.0,1813.0,1015.0,,,,
38012,21:05.000,21:05.015,2,452.0,730.0,577.0,888.0,1653.0,797.0,1825.0,1014.0,,,,
38027,21:05.500,21:05.517,2,1697.0,785.0,1870.0,1012.0,518.0,733.0,642.0,890.0,,,,
38042,21:06.000,21:06.017,2,2187.0,820.0,2391.0,1080.0,961.0,744.0,1066.0,890.0,,,,
38057,21:06.500,21:06.517,2,903.0,725.0,1012.0,871.0,2095.0,794.0,2298.0,1042.0,,,,
38072,21:07.000,21:07.017,2,761.0,729.0,874.0,875.0,1956.0,767.0,2153.0,1008.0,,,,
38087,21:07.500,21:07.517,2,1605.0,771.0,1787.0,983.0,405.0,739.0,539.0,903.0,,,,
38102,21:08.000,21:08.017,2,377.0,753.0,510.0,912.0,1589.0,744.0,1747.0,965.0,,,,
38117,21:08.500,21:08.517,2,401.0,740.0,532.0,902.0,1579.0,771.0,1743.0,991.0,,,,
38132,21:09.000,21:09.017,2,402.0,758.0,537.0,918.0,1605.0,755.0,1771.0,975.0,,,,
38147,21:09.500,21:09.518,2,421.0,754.0,556.0,913.0,1618.0,775.0,1784.0,987.0,,,,
38162,21:10.000,21:10.018,2,1723.0,778.0,1890.0,1003.0,530.0,768.0,661.0,918.0,,,,
38177,21:10.500,21:10.518,2,516.0,767.0,651.0,924.0,1680.0,806.0,1839.0,1015.0,,,,
38192,21:11.000,21:11.018,2,516.0,746.0,651.0,898.0,1690.0,775.0,1848.0,992.0,,,,
38207,21:11.500,21:11.518,2,521.0,766.0,654.0,915.0,1695.0,781.0,1860.0,997.0,,,,
38222,21:12.000,21:12.018,2,1698.0,772.0,1865.0,991.0,513.0,766.0,643.0,915.0,,,,
38237,21:12.500,21:12.518,2,1621.0,819.0,1782.0,1033.0,429.0,820.0,569.0,978.0,,,,
38252,21:13.000,21:13.018,2,395.0,757.0,537.0,911.0,1597.0,771.0,1757.0,987.0,,,,
38267,21:13.500,21:13.520,2,1572.0,776.0,1735.0,992.0,377.0,765.0,517.0,921.0,,,,
38282,21:14.000,21:14.020,2,1544.0,760.0,1701.0,969.0,332.0,762.0,480.0,921.0,,,,
38297,21:14.500,21:14.520,2,304.0,764.0,453.0,919.0,1521.0,749.0,1680.0,955.0,,,,
38312,21:15.000,21:15.020,2,1521.0,759.0,1683.0,966.0,302.0,769.0,451.0,929.0,,,,
38327,21:15.500,21:15.520,2,1526.0,758.0,1687.0,966.0,314.0,767.0,461.0,929.0,,,,
38342,21:16.000,21:16.020,2,1539.0,761.0,1699.0,968.0,328.0,766.0,476.0,931.0,,,,
38357,21:16.500,21:16.520,2,1987.0,1130.0,2196.0,1391.0,782.0,1044.0,901.0,1199.0,,,,
38372,21:17.000,21:17.020,2,1978.0,848.0,2175.0,1091.0,795.0,739.0,909.0,880.0,,,,
38387,21:17.500,21:17.522,2,800.0,864.0,918.0,1012.0,1999.0,933.0,2189.0,1184.0,,,,
38402,21:18.000,21:18.022,2,729.0,724.0,848.0,867.0,1915.0,804.0,2098.0,1045.0,,,,
38417,21:18.500,21:18.522,2,721.0,757.0,840.0,904.0,1901.0,833.0,2082.0,1076.0,,,,
38432,21:19.000,21:19.022,2,1870.0,925.0,2056.0,1158.0,694.0,861.0,816.0,1015.0,,,,
38447,21:19.500,21:19.522,2,1854.0,869.0,2041.0,1106.0,672.0,811.0,793.0,955.0,,,,
38462,21:20.000,21:20.022,2,506.0,762.0,633.0,912.0,1687.0,813.0,1851.0,1038.0,,,,
38477,21:20.500,21:20.522,2,1727.0,864.0,1898.0,1085.0,548.0,800.0,676.0,955.0,,,,
38492,21:21.000,21:21.013,2,536.0,813.0,663.0,963.0,1712.0,876.0,1884.0,1100.0,,,,
38507,21:21.500,21:21.515,2,458.0,759.0,588.0,916.0,1644.0,847.0,1806.0,1060.0,,,,
38522,21:22.000,21:22.015,2,456.0,755.0,584.0,914.0,1631.0,850.0,1793.0,1070.0,,,,
38537,21:22.500,21:22.515,2,434.0,745.0,564.0,906.0,1617.0,843.0,1779.0,1058.0,,,,
38552,21:23.000,21:23.015,2,367.0,715.0,505.0,877.0,1571.0,814.0,1729.0,1027.0,,,,
38567,21:23.500,21:23.515,2,364.0,700.0,508.0,863.0,1571.0,795.0,1703.0,1008.0,,,,
38582,21:24.000,21:24.015,2,362.0,698.0,502.0,866.0,1581.0,801.0,1728.0,1021.0,,,,
38597,21:24.500,21:24.515,2,400.0,705.0,536.0,869.0,1585.0,798.0,1739.0,1027.0,,,,
38612,21:25.000,21:25.015,2,1584.0,823.0,1743.0,1054.0,395.0,734.0,521.0,894.0,,,,
38627,21:25.500,21:25.517,2,1660.0,808.0,1832.0,1034.0,504.0,715.0,615.0,866.0,,,,
38642,21:26.000,21:26.017,2,2075.0,830.0,2332.0,1112.0,886.0,782.0,992.0,927.0,,,,
38657,21:26.500,21:26.517,2,1308.0,1235.0,1416.0,1393.0,-46.0,1332.0,171.0,1544.0,,,,
38672,21:27.000,21:27.017,0,,,,,,,,,,,,
38687,21:27.500,21:27.517,1,1532.0,1097.0,1691.0,1318.0,,,,,,,,
38702,21:28.000,21:28.017,2,1858.0,868.0,2054.0,1118.0,670.0,768.0,788.0,923.0,,,,
38717,21:28.500,21:28.517,2,1268.0,767.0,1416.0,982.0,-54.0,737.0,70.0,930.0,,,,
38732,21:29.000,21:29.017,2,1456.0,761.0,1611.0,979.0,228.0,702.0,369.0,867.0,,,,
38747,21:29.500,21:29.518,2,318.0,723.0,452.0,884.0,1520.0,781.0,1675.0,1000.0,,,,
38762,21:30.000,21:30.018,2,342.0,722.0,478.0,881.0,1534.0,776.0,1694.0,998.0,,,,
38777,21:30.500,21:30.518,2,365.0,713.0,497.0,876.0,1545.0,780.0,1713.0,997.0,,,,
38792,21:31.000,21:31.018,2,354.0,712.0,488.0,873.0,1540.0,763.0,1702.0,982.0,,,,
38807,21:31.500,21:31.518,2,362.0,725.0,495.0,884.0,1541.0,769.0,1709.0,985.0,,,,
38822,21:32.000,21:32.018,2,1658.0,790.0,1827.0,1009.0,489.0,739.0,617.0,894.0,,,,
38837,21:32.500,21:32.518,2,410.0,739.0,542.0,897.0,1598.0,764.0,1766.0,986.0,,,,
38852,21:33.000,21:33.018,2,1528.0,760.0,1692.0,975.0,343.0,769.0,480.0,923.0,,,,
38867,21:33.500,21:33.518,2,1525.0,757.0,1688.0,976.0,336.0,782.0,479.0,935.0,,,,
38882,21:34.000,21:34.020,2,1525.0,762.0,1692.0,978.0,330.0,789.0,476.0,938.0,,,,
38897,21:34.500,21:34.520,2,1530.0,760.0,1692.0,984.0,333.0,790.0,479.0,940.0,,,,
38912,21:35.000,21:35.020,2,1535.0,762.0,1702.0,982.0,324.0,790.0,469.0,946.0,,,,
38927,21:35.500,21:35.520,2,1534.0,765.0,1700.0,985.0,327.0,790.0,476.0,946.0,,,,
38942,21:36.000,21:36.020,2,364.0,784.0,510.0,939.0,1560.0,769.0,1719.0,983.0,,,,
38957,21:36.500,21:36.520,2,1620.0,750.0,1776.0,966.0,452.0,791.0,590.0,943.0,,,,
38972,21:37.000,21:37.020,2,1672.0,781.0,1828.0,1007.0,511.0,805.0,644.0,955.0,,,,
38987,21:37.500,21:37.520,2,536.0,793.0,665.0,939.0,1689.0,769.0,1851.0,986.0,,,,
39002,21:38.000,21:38.022,2,1873.0,780.0,2051.0,1012.0,701.0,784.0,819.0,923.0,,,,
39017,21:38.500,21:38.522,2,869.0,770.0,986.0,908.0,2076.0,796.0,2280.0,1042.0,,,,
39032,21:39.000,21:39.022,2,2071.0,802.0,2275.0,1054.0,858.0,807.0,977.0,946.0,,,,
39047,21:39.500,21:39.522,2,619.0,793.0,747.0,937.0,1780.0,804.0,1953.0,1035.0,,,,
39062,21:40.000,21:40.022,2,1594.0,774.0,1760.0,998.0,405.0,794.0,546.0,952.0,,,,
39077,21:40.500,21:40.513,2,1526.0,751.0,1692.0,960.0,319.0,801.0,465.0,964.0,,,,
39092,21:41.000,21:41.013,2,1523.0,753.0,1688.0,964.0,313.0,802.0,462.0,964.0,,,,
39107,21:41.500,21:41.513,2,1528.0,753.0,1690.0,970.0,323.0,804.0,467.0,964.0,,,,
39122,21:42.000,21:42.015,2,1529.0,753.0,1690.0,964.0,325.0,806.0,469.0,964.0,,,,
39137,21:42.500,21:42.515,2,1524.0,759.0,1687.0,967.0,312.0,820.0,460.0,980.0,,,,
39152,21:43.000,21:43.015,2,1526.0,761.0,1688.0,970.0,315.0,825.0,462.0,984.0,,,,
39167,21:43.500,21:43.515,2,1522.0,762.0,1687.0,972.0,321.0,826.0,468.0,986.0,,,,
39182,21:44.000,21:44.015,2,1523.0,761.0,1686.0,972.0,329.0,829.0,478.0,985.0,,,,
39197,21:44.500,21:44.515,2,1523.0,762.0,1688.0,975.0,337.0,827.0,483.0,986.0,,,,
39212,21:45.000,21:45.015,2,1531.0,765.0,1695.0,976.0,336.0,817.0,484.0,979.0,,,,
39227,21:45.500,21:45.515,2,1728.0,847.0,1913.0,1074.0,557.0,910.0,688.0,1063.0,,,,
39242,21:46.000,21:46.017,2,2131.0,723.0,2385.0,998.0,888.0,734.0,997.0,883.0,,,,
39257,21:46.500,21:46.517,1,1003.0,772.0,1107.0,919.0,,,,,,,,
39272,21:47.000,21:47.017,2,1579.0,753.0,1753.0,978.0,385.0,780.0,515.0,942.0,,,,
39287,21:47.500,21:47.517,2,1505.0,729.0,1664.0,946.0,305.0,764.0,441.0,935.0,,,,
39302,21:48.000,21:48.017,2,311.0,773.0,448.0,939.0,1518.0,734.0,1680.0,952.0,,,,
39317,21:48.500,21:48.517,2,1542.0,740.0,1705.0,956.0,337.0,762.0,473.0,929.0,,,,
39332,21:49.000,21:49.017,2,1547.0,740.0,1712.0,963.0,339.0,764.0,480.0,931.0,,,,
39347,21:49.500,21:49.517,2,1539.0,751.0,1704.0,968.0,331.0,766.0,469.0,936.0,,,,
39362,21:50.000,21:50.018,2,1572.0,754.0,1744.0,975.0,372.0,766.0,510.0,932.0,,,,
39377,21:50.500,21:50.518,2,398.0,767.0,533.0,931.0,1593.0,759.0,1768.0,984.0,,,,
39392,21:51.000,21:51.018,2,1614.0,769.0,1784.0,985.0,398.0,763.0,539.0,927.0,,,,
39407,21:51.500,21:51.518,2,717.0,760.0,839.0,918.0,1933.0,776.0,2135.0,1016.0,,,,
39422,21:52.000,21:52.018,2,1220.0,768.0,1329.0,914.0,-79.0,834.0,91.0,1074.0,,,,
39437,21:52.500,21:52.518,2,1930.0,798.0,2072.0,963.0,799.0,793.0,933.0,993.0,,,,
39452,21:53.000,21:53.018,2,1584.0,753.0,1707.0,907.0,438.0,761.0,597.0,978.0,,,,
39467,21:53.500,21:53.518,2,2075.0,787.0,2275.0,1039.0,847.0,741.0,968.0,893.0,,,,
39482,21:54.000,21:54.020,2,241.0,730.0,383.0,896.0,1456.0,714.0,1612.0,920.0,,,,
39497,21:54.500,21:54.520,2,289.0,738.0,428.0,904.0,1491.0,730.0,1649.0,936.0,,,,
39512,21:55.000,21:55.020,2,340.0,737.0,478.0,903.0,1531.0,744.0,1690.0,955.0,,,,
39527,21:55.500,21:55.520,2,367.0,754.0,499.0,915.0,1552.0,756.0,1706.0,963.0,,,,
39542,21:56.000,21:56.020,2,370.0,750.0,503.0,911.0,1555.0,756.0,1707.0,963.0,,,,
39557,21:56.500,21:56.520,2,445.0,760.0,571.0,921.0,1609.0,771.0,1765.0,988.0,,,,
39572,21:57.000,21:57.020,2,977.0,805.0,1082.0,956.0,2212.0,844.0,2412.0,1108.0,,,,
39587,21:57.500,21:57.520,1,1090.0,778.0,1192.0,922.0,,,,,,,,
39602,21:58.000,21:58.022,1,1100.0,782.0,1206.0,927.0,,,,,,,,
39617,21:58.500,21:58.522,1,1117.0,780.0,1220.0,927.0,,,,,,,,
39632,21:59.000,21:59.013,1,1116.0,768.0,1221.0,914.0,,,,,,,,
39647,21:59.500,21:59.513,1,1141.0,767.0,1243.0,910.0,,,,,,,,
39662,22:00.000,22:00.013,1,1138.0,764.0,1234.0,907.0,,,,,,,,
39677,22:00.500,22:00.513,1,1158.0,772.0,1250.0,918.0,,,,,,,,
39692,22:01.000,22:01.013,1,1143.0,767.0,1244.0,919.0,,,,,,,,
39707,22:01.500,22:01.513,1,1149.0,772.0,1252.0,922.0,,,,,,,,
39722,22:02.000,22:02.015,1,1188.0,789.0,1293.0,927.0,,,,,,,,
39737,22:02.500,22:02.515,1,1153.0,767.0,1262.0,913.0,,,,,,,,
39752,22:03.000,22:03.015,1,1045.0,832.0,1154.0,983.0,,,,,,,,
39767,22:03.500,22:03.515,2,1749.0,750.0,1951.0,1004.0,545.0,807.0,680.0,971.0,,,,
39782,22:04.000,22:04.015,1,1120.0,808.0,1235.0,958.0,,,,,,,,
39797,22:04.500,22:04.515,1,1072.0,752.0,1188.0,902.0,,,,,,,,
39812,22:05.000,22:05.015,1,1124.0,834.0,1240.0,984.0,,,,,,,,
39827,22:05.500,22:05.515,1,1135.0,792.0,1247.0,939.0,,,,,,,,
39842,22:06.000,22:06.017,1,1104.0,723.0,1218.0,870.0,,,,,,,,
39857,22:06.500,22:06.517,1,1110.0,849.0,1222.0,999.0,,,,,,,,
39872,22:07.000,22:07.017,2,863.0,658.0,981.0,815.0,2142.0,687.0,2408.0,974.0,,,,
39887,22:07.500,22:07.517,2,1856.0,751.0,2059.0,1004.0,661.0,739.0,789.0,899.0,,,,
39902,22:08.000,22:08.017,2,322.0,682.0,473.0,852.0,1536.0,656.0,1702.0,877.0,,,,
39917,22:08.500,22:08.517,2,606.0,650.0,730.0,811.0,1750.0,654.0,1906.0,889.0,,,,
39932,22:09.000,22:09.017,2,724.0,688.0,838.0,843.0,1861.0,686.0,2032.0,935.0,,,,
39947,22:09.500,22:09.517,2,795.0,698.0,910.0,851.0,1945.0,685.0,2131.0,941.0,,,,
39962,22:10.000,22:10.018,2,330.0,767.0,508.0,991.0,1544.0,746.0,1657.0,898.0,,,,
39977,22:10.500,22:10.518,1,1096.0,701.0,1203.0,849.0,,,,,,,,
39992,22:11.000,22:11.018,2,1538.0,694.0,1692.0,912.0,375.0,702.0,513.0,870.0,,,,
40007,22:11.500,22:11.518,2,371.0,724.0,507.0,889.0,1536.0,719.0,1689.0,931.0,,,,
40022,22:12.000,22:12.018,2,1554.0,718.0,1719.0,946.0,369.0,728.0,505.0,896.0,,,,
40037,22:12.500,22:12.518,2,372.0,730.0,506.0,896.0,1560.0,711.0,1717.0,939.0,,,,
40052,22:13.000,22:13.018,2,388.0,733.0,517.0,897.0,1561.0,735.0,1717.0,948.0,,,,
40067,22:13.500,22:13.518,2,430.0,728.0,560.0,892.0,1592.0,744.0,1748.0,954.0,,,,
40082,22:14.000,22:14.020,2,571.0,836.0,692.0,995.0,1729.0,825.0,1894.0,1047.0,,,,
40097,22:14.500,22:14.520,2,642.0,771.0,767.0,928.0,1823.0,772.0,2015.0,1018.0,,,,
40112,22:15.000,22:15.020,1,1070.0,798.0,1182.0,944.0,,,,,,,,
40127,22:15.500,22:15.520,2,1905.0,759.0,2137.0,1036.0,666.0,763.0,791.0,920.0,,,,
40142,22:16.000,22:16.020,2,1524.0,693.0,1709.0,939.0,246.0,727.0,403.0,899.0,,,,
40157,22:16.500,22:16.520,2,1235.0,716.0,1347.0,867.0,-81.0,666.0,153.0,936.0,,,,
40172,22:17.000,22:17.020,2,1791.0,724.0,1919.0,887.0,633.0,707.0,810.0,918.0,,,,
40187,22:17.500,22:17.520,2,1815.0,745.0,1943.0,910.0,657.0,716.0,831.0,922.0,,,,
40202,22:18.000,22:18.022,2,90.0,668.0,307.0,920.0,1303.0,738.0,1416.0,890.0,,,,
40217,22:18.500,22:18.513,1,1158.0,739.0,1265.0,888.0,,,,,,,,
40232,22:19.000,22:19.013,1,1122.0,741.0,1230.0,884.0,,,,,,,,
40247,22:19.500,22:19.513,1,1109.0,739.0,1215.0,889.0,,,,,,,,
40262,22:20.000,22:20.013,1,1120.0,745.0,1230.0,896.0,,,,,,,,
40277,22:20.500,22:20.513,1,1198.0,868.0,1279.0,1001.0,,,,,,,,
40292,22:21.000,22:21.013,1,1143.0,713.0,1220.0,847.0,,,,,,,,
40307,22:21.500,22:21.513,1,1090.0,721.0,1190.0,868.0,,,,,,,,
40322,22:22.000,22:22.015,1,1083.0,830.0,1189.0,977.0,,,,,,,,
40337,22:22.500,22:22.515,2,1318.0,793.0,1431.0,942.0,89.0,721.0,306.0,975.0,,,,
40352,22:23.000,22:23.015,2,773.0,754.0,939.0,953.0,1906.0,785.0,2044.0,957.0,,,,
40367,22:23.500,22:23.515,1,1226.0,726.0,1336.0,876.0,,,,,,,,
40382,22:24.000,22:24.015,1,1098.0,750.0,1185.0,890.0,,,,,,,,
40397,22:24.500,22:24.515,2,431.0,731.0,545.0,889.0,1541.0,717.0,1680.0,948.0,,,,
40412,22:25.000,22:25.015,2,390.0,730.0,515.0,893.0,1517.0,722.0,1654.0,945.0,,,,
40427,22:25.500,22:25.515,2,398.0,726.0,528.0,893.0,1563.0,722.0,1725.0,951.0,,,,
40442,22:26.000,22:26.017,2,485.0,721.0,613.0,882.0,1659.0,752.0,1832.0,980.0,,,,
40457,22:26.500,22:26.517,2,746.0,720.0,859.0,872.0,1910.0,753.0,2117.0,1001.0,,,,
40472,22:27.000,22:27.017,2,778.0,750.0,891.0,903.0,1957.0,780.0,2163.0,1030.0,,,,
40487,22:27.500,22:27.517,2,902.0,734.0,1010.0,881.0,2126.0,762.0,2344.0,1025.0,,,,
40502,22:28.000,22:28.017,2,1676.0,750.0,1839.0,986.0,485.0,763.0,612.0,925.0,,,,
40517,22:28.500,22:28.517,2,1575.0,743.0,1741.0,973.0,375.0,762.0,511.0,929.0,,,,
40532,22:29.000,22:29.017,2,331.0,712.0,478.0,882.0,1560.0,709.0,1714.0,933.0,,,,
40547,22:29.500,22:29.517,2,293.0,726.0,447.0,898.0,1544.0,732.0,1686.0,945.0,,,,
40562,22:30.000,22:30.018,2,311.0,734.0,464.0,905.0,1557.0,774.0,1708.0,973.0,,,,
40577,22:30.500,22:30.518,2,395.0,744.0,528.0,908.0,1578.0,780.0,1732.0,980.0,,,,
40592,22:31.000,22:31.018,2,478.0,737.0,601.0,897.0,1652.0,760.0,1826.0,981.0,,,,
40607,22:31.500,22:31.518,2,484.0,735.0,608.0,897.0,1656.0,740.0,1830.0,975.0,,,,
40622,22:32.000,22:32.018,2,1675.0,731.0,1846.0,964.0,492.0,739.0,616.0,898.0,,,,
40637,22:32.500,22:32.518,2,473.0,737.0,601.0,900.0,1637.0,752.0,1799.0,976.0,,,,
40652,22:33.000,22:33.018,2,871.0,865.0,986.0,1016.0,2081.0,890.0,2297.0,1143.0,,,,
40667,22:33.500,22:33.518,1,1038.0,720.0,1150.0,865.0,,,,,,,,
40682,22:34.000,22:34.020,2,989.0,717.0,1102.0,860.0,2257.0,782.0,2465.0,1035.0,,,,
40697,22:34.500,22:34.520,2,2111.0,760.0,2349.0,1025.0,851.0,742.0,964.0,891.0,,,,
40712,22:35.000,22:35.020,2,852.0,724.0,968.0,878.0,2106.0,721.0,2350.0,1004.0,,,,
40727,22:35.500,22:35.520,2,885.0,787.0,997.0,936.0,2132.0,783.0,2356.0,1045.0,,,,
40742,22:36.000,22:36.020,2,702.0,905.0,817.0,1055.0,1886.0,845.0,2080.0,1092.0,,,,
40757,22:36.500,22:36.520,2,1942.0,840.0,2149.0,1100.0,733.0,858.0,853.0,1010.0,,,,
40772,22:37.000,22:37.020,2,1582.0,714.0,1767.0,945.0,327.0,714.0,477.0,881.0,,,,
40787,22:37.500,22:37.520,2,1465.0,757.0,1644.0,974.0,200.0,799.0,354.0,964.0,,,,
40802,22:38.000,22:38.013,2,1390.0,749.0,1568.0,942.0,106.0,751.0,264.0,919.0,,,,
40817,22:38.500,22:38.513,2,1384.0,754.0,1563.0,944.0,121.0,741.0,277.0,909.0,,,,
40832,22:39.000,22:39.013,2,115.0,737.0,270.0,904.0,1366.0,766.0,1549.0,939.0,,,,
40847,22:39.500,22:39.513,2,121.0,743.0,276.0,909.0,1371.0,763.0,1557.0,942.0,,,,
40862,22:40.000,22:40.013,2,1380.0,744.0,1560.0,928.0,120.0,742.0,275.0,908.0,,,,
40877,22:40.500,22:40.513,2,1380.0,740.0,1562.0,933.0,120.0,745.0,275.0,910.0,,,,
40892,22:41.000,22:41.013,2,125.0,740.0,278.0,908.0,1388.0,745.0,1568.0,930.0,,,,
40907,22:41.500,22:41.513,2,1387.0,729.0,1575.0,933.0,121.0,742.0,275.0,909.0,,,,
40922,22:42.000,22:42.015,2,1421.0,699.0,1597.0,916.0,122.0,746.0,276.0,913.0,,,,
40937,22:42.500,22:42.515,2,1432.0,677.0,1592.0,898.0,118.0,745.0,272.0,913.0,,,,
40952,22:43.000,22:43.015,2,1431.0,676.0,1588.0,897.0,126.0,743.0,277.0,909.0,,,,
40967,22:43.500,22:43.515,2,1420.0,685.0,1579.0,910.0,129.0,751.0,282.0,917.0,,,,
40982,22:44.000,22:44.015,2,1394.0,723.0,1564.0,931.0,132.0,754.0,285.0,920.0,,,,
40997,22:44.500,22:44.515,2,1378.0,731.0,1544.0,933.0,130.0,752.0,285.0,919.0,,,,
41012,22:45.000,22:45.015,2,1402.0,722.0,1581.0,934.0,143.0,743.0,293.0,910.0,,,,
41027,22:45.500,22:45.515,2,1437.0,695.0,1618.0,928.0,132.0,737.0,286.0,907.0,,,,
41042,22:46.000,22:46.015,2,1444.0,682.0,1614.0,901.0,134.0,732.0,286.0,902.0,,,,
41057,22:46.500,22:46.517,2,1443.0,691.0,1604.0,912.0,143.0,735.0,296.0,903.0,,,,
41072,22:47.000,22:47.017,2,1424.0,688.0,1582.0,908.0,142.0,732.0,294.0,901.0,,,,
41087,22:47.500,22:47.517,2,1422.0,698.0,1579.0,913.0,139.0,738.0,290.0,907.0,,,,
41102,22:48.000,22:48.017,2,1423.0,692.0,1579.0,912.0,139.0,730.0,290.0,900.0,,,,
41117,22:48.500,22:48.517,2,1425.0,700.0,1583.0,912.0,139.0,730.0,291.0,899.0,,,,
41132,22:49.000,22:49.017,2,1428.0,700.0,1591.0,914.0,143.0,723.0,296.0,890.0,,,,
41147,22:49.500,22:49.517,2,1431.0,703.0,1594.0,917.0,160.0,736.0,306.0,902.0,,,,
41162,22:50.000,22:50.017,2,1431.0,703.0,1596.0,919.0,204.0,766.0,349.0,923.0,,,,
41177,22:50.500,22:50.518,2,1437.0,701.0,1598.0,915.0,223.0,779.0,362.0,921.0,,,,
41192,22:51.000,22:51.018,2,1446.0,708.0,1606.0,925.0,226.0,798.0,373.0,932.0,,,,
41207,22:51.500,22:51.518,2,1445.0,710.0,1611.0,925.0,223.0,785.0,373.0,931.0,,,,
41222,22:52.000,22:52.018,2,1446.0,708.0,1614.0,925.0,227.0,778.0,374.0,929.0,,,,
41237,22:52.500,22:52.518,2,1453.0,697.0,1620.0,916.0,231.0,774.0,377.0,912.0,,,,
41252,22:53.000,22:53.018,2,1459.0,699.0,1625.0,918.0,243.0,771.0,389.0,907.0,,,,
41267,22:53.500,22:53.518,2,1465.0,692.0,1630.0,910.0,242.0,767.0,387.0,909.0,,,,
41282,22:54.000,22:54.018,2,1483.0,666.0,1648.0,888.0,255.0,733.0,406.0,892.0,,,,
41297,22:54.500,22:54.520,2,1489.0,667.0,1652.0,889.0,239.0,722.0,392.0,883.0,,,,
41312,22:55.000,22:55.020,2,1799.0,742.0,1990.0,986.0,597.0,829.0,722.0,984.0,,,,
41327,22:55.500,22:55.520,1,1007.0,773.0,1121.0,916.0,,,,,,,,
41342,22:56.000,22:56.020,1,1050.0,772.0,1160.0,919.0,,,,,,,,
41357,22:56.500,22:56.520,1,1090.0,771.0,1201.0,921.0,,,,,,,,
41372,22:57.000,22:57.020,2,1846.0,840.0,1980.0,999.0,679.0,795.0,846.0,1006.0,,,,
41387,22:57.500,22:57.512,2,937.0,779.0,1094.0,975.0,2210.0,876.0,2368.0,1057.0,,,,
41402,22:58.000,22:58.012,2,932.0,769.0,1082.0,966.0,2144.0,857.0,2312.0,1028.0,,,,
41417,22:58.500,22:58.513,2,560.0,742.0,728.0,952.0,1696.0,798.0,1820.0,955.0,,,,
41432,22:59.000,22:59.013,2,475.0,1049.0,605.0,1212.0,1728.0,1175.0,1920.0,1444.0,,,,
41447,22:59.500,22:59.513,2,585.0,1030.0,711.0,1188.0,1802.0,1158.0,1994.0,1439.0,,,,
41462,23:00.000,23:00.013,2,267.0,841.0,409.0,1007.0,1505.0,878.0,1663.0,1108.0,,,,
41477,23:00.500,23:00.513,2,1398.0,742.0,1552.0,957.0,122.0,760.0,273.0,929.0,,,,
41492,23:01.000,23:01.013,2,1412.0,728.0,1567.0,945.0,120.0,751.0,283.0,915.0,,,,
41507,23:01.500,23:01.513,2,1440.0,746.0,1593.0,953.0,142.0,750.0,300.0,920.0,,,,
41522,23:02.000,23:02.013,2,1449.0,721.0,1611.0,944.0,151.0,762.0,307.0,928.0,,,,
41537,23:02.500,23:02.515,2,1460.0,722.0,1618.0,948.0,173.0,759.0,327.0,927.0,,,,
41552,23:03.000,23:03.015,2,1464.0,728.0,1627.0,957.0,183.0,757.0,331.0,924.0,,,,
41567,23:03.500,23:03.515,2,187.0,754.0,335.0,920.0,1474.0,732.0,1632.0,958.0,,,,
41582,23:04.000,23:04.015,2,192.0,750.0,343.0,917.0,1485.0,751.0,1640.0,969.0,,,,
41597,23:04.500,23:04.515,2,1604.0,840.0,1772.0,1078.0,334.0,858.0,478.0,1027.0,,,,
41612,23:05.000,23:05.015,2,1527.0,694.0,1681.0,923.0,233.0,659.0,384.0,826.0,,,,
41627,23:05.500,23:05.515,2,1520.0,738.0,1677.0,971.0,230.0,715.0,379.0,884.0,,,,
41642,23:06.000,23:06.015,2,1483.0,742.0,1639.0,968.0,192.0,702.0,347.0,873.0,,,,
41657,23:06.500,23:06.517,2,1470.0,758.0,1628.0,980.0,179.0,724.0,333.0,894.0,,,,
41672,23:07.000,23:07.017,2,1470.0,758.0,1630.0,988.0,188.0,745.0,339.0,912.0,,,,
41687,23:07.500,23:07.517,2,1476.0,760.0,1634.0,988.0,193.0,756.0,343.0,920.0,,,,
41702,23:08.000,23:08.017,2,1484.0,765.0,1643.0,986.0,208.0,751.0,359.0,916.0,,,,
41717,23:08.500,23:08.517,2,1495.0,771.0,1654.0,996.0,222.0,760.0,370.0,924.0,,,,
41732,23:09.000,23:09.017,2,1497.0,772.0,1657.0,995.0,224.0,757.0,372.0,921.0,,,,
41747,23:09.500,23:09.517,2,1513.0,774.0,1673.0,1004.0,239.0,763.0,388.0,927.0,,,,
41762,23:10.000,23:10.017,2,1530.0,777.0,1691.0,1007.0,262.0,758.0,405.0,921.0,,,,
41777,23:10.500,23:10.518,2,746.0,737.0,901.0,945.0,1884.0,791.0,2022.0,949.0,,,,
41792,23:11.000,23:11.018,2,2134.0,826.0,2294.0,1003.0,986.0,738.0,1132.0,941.0,,,,
41807,23:11.500,23:11.518,2,974.0,729.0,1122.0,935.0,2132.0,815.0,2296.0,988.0,,,,
41822,23:12.000,23:12.018,2,1703.0,751.0,1882.0,990.0,469.0,682.0,599.0,843.0,,,,
41837,23:12.500,23:12.518,2,1436.0,697.0,1594.0,914.0,130.0,697.0,278.0,867.0,,,,
41852,23:13.000,23:13.018,2,1443.0,701.0,1605.0,924.0,152.0,724.0,299.0,891.0,,,,
41867,23:13.500,23:13.518,2,1439.0,713.0,1606.0,922.0,154.0,732.0,301.0,899.0,,,,
41882,23:14.000,23:14.018,2,1436.0,717.0,1603.0,924.0,149.0,738.0,300.0,905.0,,,,
41897,23:14.500,23:14.520,2,1434.0,715.0,1605.0,925.0,151.0,740.0,301.0,907.0,,,,
41912,23:15.000,23:15.020,2,1465.0,721.0,1632.0,940.0,188.0,756.0,335.0,920.0,,,,
41927,23:15.500,23:15.520,2,1521.0,729.0,1690.0,953.0,261.0,764.0,408.0,929.0,,,,
41942,23:16.000,23:16.020,2,1543.0,732.0,1713.0,955.0,282.0,770.0,428.0,929.0,,,,
41957,23:16.500,23:16.512,2,1548.0,729.0,1721.0,955.0,292.0,768.0,438.0,929.0,,,,
41972,23:17.000,23:17.012,2,1562.0,727.0,1728.0,952.0,302.0,785.0,452.0,936.0,,,,
41987,23:17.500,23:17.512,2,1558.0,721.0,1721.0,949.0,301.0,796.0,453.0,949.0,,,,
42002,23:18.000,23:18.012,2,1560.0,724.0,1719.0,946.0,308.0,794.0,463.0,956.0,,,,
42017,23:18.500,23:18.513,2,1557.0,718.0,1716.0,944.0,311.0,797.0,465.0,949.0,,,,
42032,23:19.000,23:19.013,2,1557.0,721.0,1713.0,946.0,318.0,800.0,470.0,949.0,,,,
42047,23:19.500,23:19.513,2,1550.0,716.0,1708.0,949.0,324.0,801.0,477.0,941.0,,,,
42062,23:20.000,23:20.013,2,1548.0,737.0,1709.0,951.0,327.0,800.0,477.0,944.0,,,,
42077,23:20.500,23:20.513,2,1549.0,747.0,1718.0,957.0,321.0,800.0,477.0,954.0,,,,
42092,23:21.000,23:21.013,2,1519.0,759.0,1689.0,972.0,320.0,799.0,475.0,956.0,,,,
42107,23:21.500,23:21.513,2,1550.0,751.0,1729.0,969.0,329.0,800.0,482.0,951.0,,,,
42122,23:22.000,23:22.013,1,1062.0,778.0,1173.0,905.0,,,,,,,,
42137,23:22.500,23:22.515,1,1090.0,788.0,1204.0,918.0,,,,,,,,
42152,23:23.000,23:23.015,1,1096.0,784.0,1212.0,915.0,,,,,,,,
42167,23:23.500,23:23.515,1,1095.0,784.0,1209.0,916.0,,,,,,,,
42182,23:24.000,23:24.015,2,1960.0,746.0,2163.0,1000.0,757.0,795.0,881.0,927.0,,,,
42197,23:24.500,23:24.515,2,1566.0,739.0,1741.0,961.0,350.0,798.0,501.0,946.0,,,,
42212,23:25.000,23:25.015,2,1560.0,748.0,1731.0,966.0,345.0,800.0,498.0,952.0,,,,
42227,23:25.500,23:25.515,2,1733.0,760.0,1913.0,993.0,537.0,795.0,673.0,935.0,,,,
42242,23:26.000,23:26.015,2,756.0,802.0,915.0,1006.0,1906.0,869.0,2059.0,1012.0,,,,
42257,23:26.500,23:26.517,2,885.0,809.0,1042.0,1005.0,2061.0,878.0,2231.0,1028.0,,,,
42272,23:27.000,23:27.017,2,2008.0,855.0,2171.0,996.0,865.0,797.0,1012.0,993.0,,,,
42287,23:27.500,23:27.517,2,1631.0,797.0,1794.0,1037.0,383.0,779.0,531.0,927.0,,,,
42302,23:28.000,23:28.017,2,1458.0,740.0,1615.0,962.0,163.0,752.0,332.0,906.0,,,,
42317,23:28.500,23:28.517,2,1458.0,737.0,1619.0,972.0,182.0,770.0,352.0,925.0,,,,
42332,23:29.000,23:29.017,2,1479.0,733.0,1634.0,964.0,221.0,772.0,385.0,920.0,,,,
42347,23:29.500,23:29.517,2,1513.0,744.0,1670.0,968.0,266.0,771.0,424.0,918.0,,,,
42362,23:30.000,23:30.017,2,1506.0,753.0,1659.0,976.0,258.0,781.0,419.0,932.0,,,,
42377,23:30.500,23:30.518,2,1512.0,744.0,1670.0,979.0,258.0,763.0,416.0,913.0,,,,
42392,23:31.000,23:31.018,2,1530.0,760.0,1698.0,992.0,253.0,759.0,407.0,914.0,,,,
42407,23:31.500,23:31.518,2,1533.0,768.0,1698.0,999.0,253.0,749.0,407.0,911.0,,,,
42422,23:32.000,23:32.018,2,1557.0,777.0,1726.0,1003.0,284.0,722.0,435.0,890.0,,,,
42437,23:32.500,23:32.518,2,2085.0,773.0,2306.0,1034.0,807.0,739.0,921.0,895.0,,,,
42452,23:33.000,23:33.018,1,962.0,781.0,1072.0,929.0,,,,,,,,
42467,23:33.500,23:33.518,1,1089.0,914.0,1201.0,1065.0,,,,,,,,
42483,23:34.000,23:34.018,1,1039.0,769.0,1145.0,920.0,,,,,,,,
42498,23:34.500,23:34.520,2,439.0,730.0,569.0,888.0,1637.0,750.0,1812.0,983.0,,,,
42513,23:35.000,23:35.020,2,1539.0,733.0,1717.0,958.0,325.0,735.0,462.0,904.0,,,,
42528,23:35.500,23:35.520,2,1542.0,732.0,1714.0,957.0,324.0,732.0,459.0,899.0,,,,
42543,23:36.000,23:36.012,2,325.0,739.0,463.0,905.0,1542.0,735.0,1713.0,960.0,,,,
42558,23:36.500,23:36.512,2,1580.0,741.0,1753.0,970.0,370.0,734.0,507.0,900.0,,,,
42573,23:37.000,23:37.012,2,377.0,743.0,512.0,908.0,1586.0,741.0,1758.0,970.0,,,,
42588,23:37.500,23:37.512,2,393.0,737.0,517.0,901.0,1598.0,741.0,1772.0,971.0,,,,
42603,23:38.000,23:38.012,1,1057.0,744.0,1158.0,891.0,,,,,,,,
42618,23:38.500,23:38.513,2,935.0,734.0,1050.0,883.0,2252.0,756.0,2485.0,1052.0,,,,
42633,23:39.000,23:39.013,2,1541.0,697.0,1734.0,935.0,219.0,760.0,377.0,928.0,,,,
42648,23:39.500,23:39.513,2,1550.0,687.0,1741.0,929.0,234.0,735.0,391.0,907.0,,,,
42663,23:40.000,23:40.013,2,1535.0,731.0,1655.0,880.0,399.0,728.0,586.0,949.0,,,,
42678,23:40.500,23:40.513,2,1721.0,745.0,1851.0,908.0,613.0,734.0,787.0,942.0,,,,
42693,23:41.000,23:41.013,2,1342.0,738.0,1451.0,885.0,158.0,700.0,352.0,937.0,,,,
42708,23:41.500,23:41.513,2,1656.0,741.0,1823.0,971.0,417.0,737.0,547.0,899.0,,,,
42723,23:42.000,23:42.013,2,1587.0,720.0,1752.0,946.0,331.0,713.0,469.0,881.0,,,,
42738,23:42.500,23:42.515,2,1580.0,717.0,1753.0,938.0,320.0,694.0,460.0,859.0,,,,
42753,23:43.000,23:43.015,2,1608.0,718.0,1782.0,944.0,351.0,697.0,488.0,859.0,,,,
42768,23:43.500,23:43.515,2,1623.0,728.0,1818.0,963.0,343.0,699.0,482.0,865.0,,,,
42783,23:44.000,23:44.015,2,1625.0,719.0,1813.0,958.0,346.0,699.0,487.0,865.0,,,,
42798,23:44.500,23:44.515,2,1627.0,722.0,1802.0,952.0,360.0,706.0,501.0,873.0,,,,
42813,23:45.000,23:45.015,2,1307.0,751.0,1418.0,896.0,118.0,749.0,334.0,1002.0,,,,
42828,23:45.500,23:45.515,2,1810.0,788.0,1942.0,942.0,726.0,782.0,887.0,987.0,,,,
42843,23:46.000,23:46.015,2,1839.0,789.0,1973.0,944.0,713.0,784.0,880.0,987.0,,,,
42858,23:46.500,23:46.517,2,723.0,787.0,886.0,999.0,1852.0,792.0,1986.0,953.0,,,,
42873,23:47.000,23:47.017,2,732.0,778.0,901.0,980.0,1859.0,791.0,1996.0,950.0,,,,
42888,23:47.500,23:47.517,2,770.0,773.0,941.0,988.0,1853.0,794.0,1989.0,952.0,,,,
42903,23:48.000,23:48.017,2,764.0,786.0,927.0,992.0,1871.0,787.0,2012.0,948.0,,,,
42918,23:48.500,23:48.517,2,769.0,791.0,933.0,1000.0,1873.0,786.0,2014.0,945.0,,,,
42933,23:49.000,23:49.017,2,770.0,775.0,936.0,981.0,1884.0,784.0,2027.0,947.0,,,,
42948,23:49.500,23:49.517,2,775.0,783.0,943.0,988.0,1908.0,782.0,2052.0,947.0,,,,
42963,23:50.000,23:50.017,2,790.0,789.0,955.0,996.0,1927.0,790.0,2072.0,954.0,,,,
42978,23:50.500,23:50.518,2,774.0,795.0,945.0,994.0,1934.0,795.0,2081.0,959.0,,,,
42993,23:51.000,23:51.018,2,760.0,795.0,931.0,1002.0,1935.0,791.0,2081.0,956.0,,,,
43008,23:51.500,23:51.518,2,768.0,799.0,938.0,1010.0,1927.0,799.0,2073.0,958.0,,,,
43023,23:52.000,23:52.018,2,770.0,797.0,939.0,1000.0,1924.0,795.0,2070.0,957.0,,,,
43038,23:52.500,23:52.518,2,766.0,789.0,934.0,996.0,1906.0,794.0,2051.0,956.0,,,,
43053,23:53.000,23:53.018,2,768.0,813.0,935.0,1015.0,1906.0,834.0,2050.0,995.0,,,,
43068,23:53.500,23:53.518,2,783.0,762.0,945.0,973.0,1888.0,777.0,2030.0,939.0,,,,
43083,23:54.000,23:54.018,2,440.0,751.0,617.0,985.0,1512.0,772.0,1628.0,925.0,,,,
43098,23:54.500,23:54.520,2,367.0,726.0,550.0,970.0,1450.0,743.0,1563.0,892.0,,,,
43113,23:55.000,23:55.012,2,1864.0,802.0,2004.0,964.0,761.0,814.0,927.0,1018.0,,,,
43128,23:55.500,23:55.512,2,135.0,719.0,356.0,963.0,1329.0,743.0,1442.0,890.0,,,,
43143,23:56.000,23:56.012,1,1062.0,744.0,1173.0,892.0,,,,,,,,
43158,23:56.500,23:56.512,1,1096.0,710.0,1208.0,860.0,,,,,,,,
43173,23:57.000,23:57.012,2,1699.0,717.0,1899.0,965.0,419.0,718.0,557.0,877.0,,,,
43188,23:57.500,23:57.512,2,400.0,721.0,540.0,881.0,1672.0,725.0,1855.0,961.0,,,,
43203,23:58.000,23:58.012,2,406.0,720.0,543.0,879.0,1649.0,730.0,1809.0,966.0,,,,
43218,23:58.500,23:58.513,2,441.0,719.0,574.0,877.0,1666.0,754.0,1830.0,982.0,,,,
43233,23:59.000,23:59.013,2,1680.0,763.0,1831.0,985.0,473.0,706.0,606.0,864.0,,,,
43248,23:59.500,23:59.513,2,474.0,701.0,605.0,856.0,1678.0,774.0,1833.0,985.0,,,,
43263,24:00.000,24:00.013,2,488.0,707.0,617.0,862.0,1687.0,789.0,1847.0,1002.0,,,,
43278,24:00.500,24:00.513,2,507.0,716.0,637.0,876.0,1706.0,812.0,1866.0,1013.0,,,,
43293,24:01.000,24:01.013,2,510.0,723.0,641.0,879.0,1715.0,798.0,1883.0,1018.0,,,,
43308,24:01.500,24:01.513,2,495.0,724.0,625.0,877.0,1714.0,793.0,1880.0,1017.0,,,,
43323,24:02.000,24:02.013,2,520.0,715.0,647.0,873.0,1731.0,793.0,1905.0,1019.0,,,,
43338,24:02.500,24:02.515,2,536.0,715.0,660.0,870.0,1745.0,790.0,1917.0,1018.0,,,,
43353,24:03.000,24:03.015,2,537.0,722.0,660.0,877.0,1747.0,795.0,1922.0,1026.0,,,,
43368,24:03.500,24:03.515,2,513.0,724.0,635.0,877.0,1721.0,792.0,1890.0,1020.0,,,,
43383,24:04.000,24:04.015,2,487.0,725.0,616.0,880.0,1702.0,795.0,1869.0,1016.0,,,,
43398,24:04.500,24:04.515,2,476.0,729.0,604.0,881.0,1691.0,790.0,1860.0,1015.0,,,,
43413,24:05.000,24:05.015,2,482.0,736.0,608.0,888.0,1699.0,787.0,1868.0,1019.0,,,,
43428,24:05.500,24:05.515,2,509.0,728.0,634.0,882.0,1727.0,784.0,1899.0,1019.0,,,,
43443,24:06.000,24:06.015,2,486.0,728.0,613.0,883.0,1707.0,789.0,1871.0,1017.0,,,,
43458,24:06.500,24:06.517,2,482.0,730.0,611.0,884.0,1713.0,796.0,1877.0,1022.0,,,,
43473,24:07.000,24:07.017,2,922.0,753.0,1028.0,902.0,2213.0,797.0,2412.0,1060.0,,,,
43488,24:07.500,24:07.517,2,973.0,741.0,1078.0,887.0,2281.0,810.0,2469.0,1066.0,,,,
43503,24:08.000,24:08.017,2,971.0,742.0,1076.0,887.0,2275.0,805.0,2467.0,1065.0,,,,
43518,24:08.500,24:08.517,2,897.0,725.0,1003.0,870.0,2160.0,790.0,2365.0,1035.0,,,,
43533,24:09.000,24:09.017,2,423.0,703.0,550.0,860.0,1647.0,768.0,1807.0,989.0,,,,
43548,24:09.500,24:09.517,2,407.0,704.0,537.0,863.0,1632.0,766.0,1793.0,990.0,,,,
43563,24:10.000,24:10.017,2,404.0,713.0,536.0,875.0,1629.0,768.0,1788.0,997.0,,,,
43578,24:10.500,24:10.517,2,413.0,718.0,542.0,880.0,1631.0,775.0,1790.0,1010.0,,,,
43593,24:11.000,24:11.018,2,811.0,902.0,921.0,1053.0,2057.0,921.0,2269.0,1189.0,,,,
43608,24:11.500,24:11.518,2,965.0,851.0,1076.0,996.0,2258.0,890.0,2465.0,1155.0,,,,
43623,24:12.000,24:12.018,2,594.0,803.0,718.0,955.0,1822.0,806.0,2004.0,1047.0,,,,
43638,24:12.500,24:12.518,2,444.0,767.0,574.0,928.0,1661.0,797.0,1830.0,1031.0,,,,
43653,24:13.000,24:13.018,2,405.0,751.0,536.0,910.0,1619.0,768.0,1792.0,1007.0,,,,
43668,24:13.500,24:13.518,2,1229.0,767.0,1334.0,911.0,3.0,752.0,213.0,1008.0,,,,
43683,24:14.000,24:14.018,2,1774.0,773.0,1893.0,927.0,713.0,765.0,872.0,973.0,,,,
43698,24:14.500,24:14.518,2,1336.0,758.0,1441.0,905.0,213.0,738.0,388.0,978.0,,,,
43713,24:15.000,24:15.012,2,1249.0,734.0,1354.0,878.0,33.0,710.0,237.0,959.0,,,,
43728,24:15.500,24:15.512,2,1179.0,715.0,1286.0,861.0,-41.0,711.0,153.0,959.0,,,,
43743,24:16.000,24:16.012,2,1656.0,703.0,1836.0,923.0,395.0,655.0,531.0,820.0,,,,
43758,24:16.500,24:16.512,2,365.0,685.0,506.0,854.0,1611.0,709.0,1791.0,929.0,,,,
43773,24:17.000,24:17.012,2,1609.0,707.0,1797.0,942.0,358.0,686.0,497.0,854.0,,,,
43788,24:17.500,24:17.512,2,1624.0,722.0,1816.0,954.0,348.0,700.0,488.0,868.0,,,,
43803,24:18.000,24:18.012,2,1621.0,714.0,1805.0,945.0,360.0,687.0,497.0,857.0,,,,
43818,24:18.500,24:18.512,2,360.0,686.0,500.0,857.0,1598.0,726.0,1778.0,943.0,,,,
43833,24:19.000,24:19.013,2,366.0,674.0,509.0,845.0,1586.0,727.0,1768.0,941.0,,,,
43848,24:19.500,24:19.513,2,373.0,683.0,517.0,856.0,1570.0,713.0,1752.0,929.0,,,,
43863,24:20.000,24:20.013,2,1583.0,709.0,1755.0,929.0,432.0,712.0,579.0,872.0,,,,
43878,24:20.500,24:20.513,2,1598.0,683.0,1771.0,922.0,437.0,745.0,578.0,882.0,,,,
43893,24:21.000,24:21.013,2,402.0,773.0,542.0,899.0,1607.0,685.0,1772.0,919.0,,,,
43908,24:21.500,24:21.513,2,1629.0,696.0,1797.0,924.0,419.0,780.0,561.0,905.0,,,,
43923,24:22.000,24:22.013,2,1648.0,694.0,1814.0,923.0,410.0,784.0,551.0,912.0,,,,
43938,24:22.500,24:22.513,2,1653.0,682.0,1820.0,922.0,431.0,784.0,571.0,907.0,,,,
43953,24:23.000,24:23.015,2,1651.0,693.0,1819.0,927.0,446.0,791.0,591.0,907.0,,,,
43968,24:23.500,24:23.515,2,1647.0,697.0,1817.0,930.0,446.0,793.0,594.0,911.0,,,,
43983,24:24.000,24:24.015,2,1650.0,712.0,1819.0,938.0,448.0,782.0,595.0,917.0,,,,
43998,24:24.500,24:24.515,2,1665.0,714.0,1832.0,940.0,469.0,780.0,612.0,913.0,,,,
44013,24:25.000,24:25.015,2,1699.0,716.0,1873.0,949.0,504.0,784.0,643.0,922.0,,,,
44028,24:25.500,24:25.515,2,2002.0,686.0,2197.0,943.0,786.0,768.0,909.0,898.0,,,,
44043,24:26.000,24:26.015,2,2003.0,685.0,2197.0,939.0,792.0,759.0,913.0,891.0,,,,
44058,24:26.500,24:26.515,2,2052.0,674.0,2256.0,935.0,829.0,718.0,946.0,867.0,,,,
44073,24:27.000,24:27.017,2,2113.0,686.0,2310.0,949.0,876.0,712.0,992.0,862.0,,,,
44088,24:27.500,24:27.517,2,890.0,702.0,1002.0,853.0,2130.0,690.0,2330.0,957.0,,,,
44103,24:28.000,24:28.017,2,903.0,701.0,1017.0,851.0,2176.0,701.0,2377.0,971.0,,,,
44118,24:28.500,24:28.517,2,884.0,703.0,1002.0,851.0,2169.0,703.0,2372.0,975.0,,,,
44133,24:29.000,24:29.017,1,958.0,853.0,1073.0,1002.0,,,,,,,,
44148,24:29.500,24:29.517,1,1069.0,708.0,1185.0,855.0,,,,,,,,
44163,24:30.000,24:30.017,1,1089.0,690.0,1204.0,841.0,,,,,,,,
44178,24:30.500,24:30.517,1,1078.0,719.0,1194.0,868.0,,,,,,,,
44193,24:31.000,24:31.018,1,1072.0,710.0,1186.0,863.0,,,,,,,,
44208,24:31.500,24:31.518,1,1083.0,710.0,1193.0,858.0,,,,,,,,
44223,24:32.000,24:32.018,1,1082.0,714.0,1190.0,863.0,,,,,,,,
44238,24:32.500,24:32.518,1,1052.0,735.0,1161.0,885.0,,,,,,,,
44253,24:33.000,24:33.018,1,1081.0,687.0,1190.0,837.0,,,,,,,,
44268,24:33.500,24:33.518,1,1075.0,698.0,1186.0,848.0,,,,,,,,
44283,24:34.000,24:34.018,1,1062.0,727.0,1177.0,875.0,,,,,,,,
44298,24:34.500,24:34.518,1,1065.0,741.0,1177.0,884.0,,,,,,,,
44313,24:35.000,24:35.020,1,1074.0,744.0,1185.0,888.0,,,,,,,,
44328,24:35.500,24:35.512,1,1072.0,742.0,1183.0,894.0,,,,,,,,
44343,24:36.000,24:36.012,1,1071.0,740.0,1180.0,891.0,,,,,,,,
44358,24:36.500,24:36.512,1,1065.0,757.0,1174.0,908.0,,,,,,,,
44373,24:37.000,24:37.012,1,1043.0,747.0,1157.0,900.0,,,,,,,,
44388,24:37.500,24:37.512,1,1067.0,743.0,1180.0,890.0,,,,,,,,
44403,24:38.000,24:38.012,1,1108.0,729.0,1216.0,878.0,,,,,,,,
44418,24:38.500,24:38.512,1,1112.0,732.0,1219.0,880.0,,,,,,,,
44433,24:39.000,24:39.013,1,1112.0,731.0,1221.0,878.0,,,,,,,,
44448,24:39.500,24:39.513,2,1819.0,779.0,1958.0,948.0,772.0,757.0,930.0,970.0,,,,
44463,24:40.000,24:40.013,2,1914.0,775.0,2045.0,942.0,865.0,741.0,1018.0,949.0,,,,
44478,24:40.500,24:40.513,2,1911.0,765.0,2044.0,935.0,901.0,747.0,1040.0,960.0,,,,
44493,24:41.000,24:41.013,2,1915.0,775.0,2047.0,940.0,913.0,756.0,1050.0,968.0,,,,
44508,24:41.500,24:41.513,2,1924.0,785.0,2058.0,947.0,897.0,749.0,1037.0,963.0,,,,
44523,24:42.000,24:42.013,2,1927.0,782.0,2060.0,943.0,927.0,754.0,1054.0,961.0,,,,
44538,24:42.500,24:42.513,2,1904.0,782.0,2036.0,944.0,929.0,762.0,1049.0,971.0,,,,
44553,24:43.000,24:43.015,2,1908.0,782.0,2035.0,941.0,927.0,769.0,1046.0,974.0,,,,
44568,24:43.500,24:43.515,2,1897.0,786.0,2028.0,952.0,866.0,771.0,1011.0,983.0,,,,
44583,24:44.000,24:44.015,2,1900.0,785.0,2033.0,947.0,843.0,776.0,992.0,981.0,,,,
44598,24:44.500,24:44.515,2,373.0,886.0,567.0,1127.0,1503.0,951.0,1617.0,1106.0,,,,
44613,24:45.000,24:45.015,1,1069.0,668.0,1176.0,814.0,,,,,,,,
44628,24:45.500,24:45.515,2,1176.0,746.0,1284.0,893.0,-89.0,709.0,126.0,975.0,,,,
44643,24:46.000,24:46.015,2,1828.0,752.0,1966.0,913.0,747.0,771.0,906.0,981.0,,,,
44658,24:46.500,24:46.515,2,820.0,763.0,974.0,968.0,1919.0,760.0,2059.0,933.0,,,,
44673,24:47.000,24:47.017,2,826.0,769.0,984.0,984.0,1941.0,771.0,2074.0,940.0,,,,
44688,24:47.500,24:47.517,2,1941.0,784.0,2073.0,950.0,847.0,773.0,998.0,978.0,,,,
44703,24:48.000,24:48.017,2,1951.0,788.0,2083.0,952.0,873.0,781.0,1018.0,989.0,,,,
44718,24:48.500,24:48.517,2,1949.0,785.0,2083.0,951.0,873.0,789.0,1017.0,1002.0,,,,
44733,24:49.000,24:49.017,2,877.0,780.0,1019.0,992.0,1947.0,787.0,2083.0,952.0,,,,
44748,24:49.500,24:49.517,2,1947.0,783.0,2082.0,948.0,885.0,781.0,1026.0,988.0,,,,
44763,24:50.000,24:50.017,2,1946.0,787.0,2082.0,952.0,889.0,773.0,1026.0,986.0,,,,
44778,24:50.500,24:50.517,2,1945.0,784.0,2081.0,951.0,885.0,779.0,1025.0,990.0,,,,
44793,24:51.000,24:51.018,2,1939.0,781.0,2075.0,947.0,886.0,775.0,1026.0,996.0,,,,
44808,24:51.500,24:51.518,2,1942.0,787.0,2078.0,945.0,908.0,778.0,1048.0,990.0,,,,
44823,24:52.000,24:52.018,2,1947.0,784.0,2083.0,942.0,896.0,766.0,1037.0,980.0,,,,
44838,24:52.500,24:52.518,2,1938.0,786.0,2071.0,947.0,883.0,774.0,1024.0,986.0,,,,
44853,24:53.000,24:53.018,2,1924.0,775.0,2056.0,940.0,889.0,782.0,1027.0,987.0,,,,
44868,24:53.500,24:53.518,2,1910.0,762.0,2046.0,932.0,875.0,768.0,1015.0,981.0,,,,
44883,24:54.000,24:54.018,2,1926.0,766.0,2058.0,932.0,884.0,777.0,1028.0,990.0,,,,
44898,24:54.500,24:54.518,2,1928.0,773.0,2059.0,939.0,893.0,782.0,1035.0,988.0,,,,
44913,24:55.000,24:55.012,2,1923.0,766.0,2055.0,936.0,886.0,775.0,1030.0,982.0,,,,
44928,24:55.500,24:55.512,2,1921.0,774.0,2053.0,940.0,857.0,780.0,1010.0,988.0,,,,
44943,24:56.000,24:56.012,2,841.0,780.0,1003.0,986.0,1934.0,770.0,2071.0,940.0,,,,
44958,24:56.500,24:56.512,2,1941.0,771.0,2084.0,938.0,862.0,777.0,1014.0,991.0,,,,
44973,24:57.000,24:57.012,2,1936.0,768.0,2083.0,934.0,861.0,775.0,1009.0,985.0,,,,
44988,24:57.500,24:57.512,2,1917.0,762.0,2061.0,925.0,849.0,765.0,991.0,975.0,,,,
45003,24:58.000,24:58.012,2,1942.0,766.0,2081.0,931.0,851.0,770.0,993.0,982.0,,,,
45018,24:58.500,24:58.512,2,767.0,763.0,916.0,981.0,1861.0,764.0,1992.0,927.0,,,,
45033,24:59.000,24:59.013,2,1418.0,729.0,1535.0,880.0,282.0,732.0,475.0,975.0,,,,
45048,24:59.500,24:59.513,2,639.0,755.0,802.0,977.0,1708.0,739.0,1832.0,898.0,,,,
45063,25:00.000,25:00.013,2,796.0,778.0,950.0,988.0,1870.0,738.0,2013.0,904.0,,,,
45078,25:00.500,25:00.513,2,1893.0,743.0,2026.0,908.0,787.0,782.0,936.0,992.0,,,,
45093,25:01.000,25:01.013,2,1899.0,743.0,2031.0,908.0,784.0,773.0,934.0,983.0,,,,
45108,25:01.500,25:01.513,2,1870.0,743.0,2001.0,907.0,779.0,770.0,932.0,984.0,,,,
45123,25:02.000,25:02.013,2,362.0,749.0,497.0,911.0,1571.0,695.0,1740.0,917.0,,,,
45138,25:02.500,25:02.513,2,166.0,750.0,317.0,916.0,1429.0,708.0,1591.0,924.0,,,,
45153,25:03.000,25:03.015,2,1428.0,723.0,1588.0,938.0,163.0,760.0,314.0,927.0,,,,
45168,25:03.500,25:03.515,2,1513.0,731.0,1676.0,942.0,235.0,745.0,384.0,921.0,,,,
45183,25:04.000,25:04.015,1,1035.0,777.0,1146.0,925.0,,,,,,,,
45198,25:04.500,25:04.515,1,1069.0,768.0,1178.0,915.0,,,,,,,,
45213,25:05.000,25:05.015,1,1054.0,743.0,1168.0,897.0,,,,,,,,
45228,25:05.500,25:05.515,1,1064.0,751.0,1175.0,903.0,,,,,,,,
45243,25:06.000,25:06.015,2,340.0,808.0,485.0,979.0,1557.0,805.0,1721.0,1020.0,,,,
45258,25:06.500,25:06.515,2,1387.0,774.0,1556.0,984.0,118.0,830.0,273.0,1005.0,,,,
45273,25:07.000,25:07.017,2,1371.0,779.0,1548.0,986.0,100.0,822.0,255.0,996.0,,,,
45288,25:07.500,25:07.517,2,1361.0,787.0,1542.0,982.0,84.0,820.0,242.0,997.0,,,,
45303,25:08.000,25:08.017,2,1347.0,788.0,1529.0,987.0,69.0,831.0,229.0,1004.0,,,,
45318,25:08.500,25:08.517,2,1346.0,792.0,1523.0,988.0,44.0,853.0,217.0,1019.0,,,,
45333,25:09.000,25:09.017,2,1344.0,794.0,1523.0,977.0,43.0,851.0,218.0,1018.0,,,,
45348,25:09.500,25:09.517,2,1339.0,788.0,1521.0,986.0,52.0,849.0,219.0,1014.0,,,,
45363,25:10.000,25:10.017,2,1341.0,791.0,1519.0,979.0,67.0,848.0,231.0,1013.0,,,,
45378,25:10.500,25:10.517,2,1333.0,807.0,1512.0,987.0,64.0,851.0,231.0,1012.0,,,,
45393,25:11.000,25:11.018,2,62.0,860.0,229.0,1018.0,1329.0,809.0,1502.0,980.0,,,,
45408,25:11.500,25:11.518,2,1324.0,811.0,1496.0,984.0,66.0,857.0,234.0,1016.0,,,,
45423,25:12.000,25:12.018,2,64.0,857.0,234.0,1015.0,1332.0,811.0,1511.0,978.0,,,,
45438,25:12.500,25:12.518,2,64.0,857.0,234.0,1015.0,1341.0,816.0,1514.0,985.0,,,,
45453,25:13.000,25:13.018,2,58.0,859.0,227.0,1016.0,1331.0,818.0,1508.0,986.0,,,,
45468,25:13.500,25:13.510,2,67.0,859.0,238.0,1015.0,1346.0,815.0,1519.0,985.0,,,,
45483,25:14.000,25:14.010,2,1366.0,786.0,1532.0,978.0,71.0,857.0,243.0,1012.0,,,,
45498,25:14.500,25:14.510,2,1391.0,761.0,1558.0,965.0,90.0,856.0,259.0,1008.0,,,,
45513,25:15.000,25:15.012,2,1399.0,749.0,1563.0,965.0,101.0,859.0,270.0,1011.0,,,,
45528,25:15.500,25:15.512,2,1413.0,739.0,1576.0,955.0,96.0,833.0,268.0,994.0,,,,
45543,25:16.000,25:16.012,2,1593.0,729.0,1759.0,961.0,334.0,832.0,484.0,996.0,,,,
45558,25:16.500,25:16.512,2,916.0,971.0,1034.0,1119.0,2207.0,927.0,2407.0,1194.0,,,,
45573,25:17.000,25:17.012,2,1767.0,644.0,1952.0,880.0,532.0,681.0,666.0,838.0,,,,
45588,25:17.500,25:17.512,2,1438.0,688.0,1603.0,904.0,151.0,787.0,312.0,952.0,,,,
45603,25:18.000,25:18.012,2,1434.0,677.0,1595.0,898.0,148.0,775.0,305.0,944.0,,,,
45618,25:18.500,25:18.512,2,152.0,777.0,306.0,946.0,1421.0,688.0,1588.0,905.0,,,,
45633,25:19.000,25:19.012,2,1410.0,690.0,1559.0,913.0,139.0,778.0,296.0,949.0,,,,
45648,25:19.500,25:19.513,2,1404.0,695.0,1571.0,913.0,137.0,776.0,293.0,945.0,,,,
45663,25:20.000,25:20.013,2,1426.0,697.0,1597.0,914.0,179.0,765.0,329.0,935.0,,,,
45678,25:20.500,25:20.513,2,266.0,758.0,409.0,918.0,1483.0,670.0,1650.0,895.0,,,,
45693,25:21.000,25:21.013,2,278.0,747.0,420.0,910.0,1499.0,661.0,1667.0,887.0,,,,
45708,25:21.500,25:21.513,2,1488.0,670.0,1664.0,899.0,266.0,758.0,407.0,919.0,,,,
45723,25:22.000,25:22.013,2,1503.0,681.0,1679.0,904.0,283.0,761.0,427.0,926.0,,,,
45738,25:22.500,25:22.513,2,1489.0,673.0,1659.0,904.0,257.0,766.0,403.0,934.0,,,,
45753,25:23.000,25:23.013,2,1482.0,685.0,1662.0,907.0,251.0,767.0,397.0,935.0,,,,
45768,25:23.500,25:23.515,2,1492.0,683.0,1671.0,909.0,257.0,771.0,403.0,937.0,,,,
45783,25:24.000,25:24.015,2,1525.0,674.0,1700.0,904.0,273.0,783.0,425.0,948.0,,,,
45798,25:24.500,25:24.515,2,1745.0,784.0,1931.0,1032.0,531.0,931.0,664.0,1086.0,,,,
45813,25:25.000,25:25.015,2,1779.0,893.0,1972.0,1139.0,593.0,1059.0,722.0,1199.0,,,,
45828,25:25.500,25:25.515,2,1936.0,876.0,2178.0,1146.0,683.0,914.0,807.0,1037.0,,,,
45843,25:26.000,25:26.015,2,1891.0,792.0,2121.0,1064.0,648.0,873.0,771.0,992.0,,,,
45858,25:26.500,25:26.515,2,2086.0,791.0,2333.0,1071.0,830.0,865.0,946.0,986.0,,,,
45873,25:27.000,25:27.015,2,1701.0,761.0,1885.0,1000.0,495.0,838.0,632.0,968.0,,,,
45888,25:27.500,25:27.517,2,1635.0,767.0,1809.0,1006.0,444.0,884.0,581.0,1008.0,,,,
45903,25:28.000,25:28.017,2,1586.0,756.0,1770.0,993.0,380.0,895.0,523.0,1022.0,,,,
45918,25:28.500,25:28.517,2,1602.0,752.0,1796.0,996.0,372.0,895.0,512.0,1020.0,,,,
45933,25:29.000,25:29.017,2,1593.0,756.0,1782.0,988.0,360.0,890.0,505.0,1013.0,,,,
45948,25:29.500,25:29.517,2,1590.0,748.0,1775.0,984.0,363.0,886.0,508.0,1015.0,,,,
45963,25:30.000,25:30.017,2,1591.0,747.0,1779.0,984.0,360.0,881.0,508.0,1015.0,,,,
45978,25:30.500,25:30.517,2,1596.0,752.0,1782.0,985.0,362.0,881.0,509.0,1013.0,,,,
45993,25:31.000,25:31.017,2,1586.0,754.0,1770.0,985.0,365.0,877.0,511.0,1006.0,,,,
46008,25:31.500,25:31.518,2,1602.0,752.0,1789.0,984.0,372.0,857.0,515.0,995.0,,,,
46023,25:32.000,25:32.018,2,1583.0,755.0,1742.0,979.0,379.0,863.0,523.0,995.0,,,,
46038,25:32.500,25:32.518,2,1582.0,756.0,1749.0,980.0,382.0,864.0,526.0,994.0,,,,
46053,25:33.000,25:33.018,2,1611.0,747.0,1795.0,982.0,387.0,862.0,532.0,989.0,,,,
46068,25:33.500,25:33.510,2,1626.0,749.0,1820.0,989.0,390.0,867.0,531.0,993.0,,,,
46083,25:34.000,25:34.010,2,1614.0,754.0,1803.0,994.0,368.0,869.0,511.0,1001.0,,,,
46098,25:34.500,25:34.510,2,1606.0,754.0,1797.0,998.0,362.0,878.0,508.0,1006.0,,,,
46113,25:35.000,25:35.010,2,1603.0,740.0,1796.0,983.0,353.0,864.0,500.0,989.0,,,,
46128,25:35.500,25:35.512,2,1614.0,761.0,1798.0,1000.0,381.0,885.0,523.0,1007.0,,,,
46143,25:36.000,25:36.012,2,2024.0,887.0,2263.0,1155.0,786.0,968.0,903.0,1094.0,,,,
46158,25:36.500,25:36.512,2,2047.0,880.0,2295.0,1155.0,789.0,948.0,906.0,1069.0,,,,
46173,25:37.000,25:37.012,2,1848.0,795.0,2061.0,1050.0,620.0,851.0,751.0,975.0,,,,
46188,25:37.500,25:37.512,2,1896.0,824.0,2118.0,1077.0,680.0,870.0,806.0,1001.0,,,,
46203,25:38.000,25:38.012,2,564.0,815.0,736.0,1033.0,1729.0,917.0,1859.0,1040.0,,,,
46218,25:38.500,25:38.512,2,907.0,806.0,1053.0,1007.0,2059.0,946.0,2223.0,1088.0,,,,
46233,25:39.000,25:39.012,2,914.0,795.0,1064.0,1010.0,2083.0,937.0,2250.0,1073.0,,,,
46248,25:39.500,25:39.513,2,919.0,801.0,1073.0,1010.0,2103.0,942.0,2273.0,1080.0,,,,
46263,25:40.000,25:40.013,2,924.0,805.0,1081.0,1007.0,2116.0,942.0,2287.0,1084.0,,,,
46278,25:40.500,25:40.513,2,951.0,807.0,1101.0,1014.0,2143.0,937.0,2315.0,1081.0,,,,
46293,25:41.000,25:41.013,2,957.0,800.0,1112.0,1001.0,2165.0,952.0,2337.0,1090.0,,,,
46308,25:41.500,25:41.513,2,979.0,816.0,1132.0,1011.0,2160.0,950.0,2336.0,1091.0,,,,
46323,25:42.000,25:42.013,2,978.0,821.0,1135.0,1014.0,2166.0,944.0,2344.0,1085.0,,,,
46338,25:42.500,25:42.513,2,965.0,791.0,1119.0,995.0,2172.0,954.0,2349.0,1087.0,,,,
46353,25:43.000,25:43.013,2,986.0,802.0,1135.0,998.0,2171.0,948.0,2350.0,1090.0,,,,
46368,25:43.500,25:43.515,2,991.0,802.0,1143.0,1002.0,2171.0,932.0,2347.0,1079.0,,,,
46383,25:44.000,25:44.015,2,999.0,797.0,1152.0,999.0,2177.0,919.0,2357.0,1080.0,,,,
46398,25:44.500,25:44.515,2,1000.0,791.0,1153.0,995.0,2172.0,902.0,2353.0,1066.0,,,,
46413,25:45.000,25:45.015,2,992.0,771.0,1139.0,975.0,2136.0,831.0,2298.0,1009.0,,,,
46428,25:45.500,25:45.515,2,980.0,767.0,1132.0,977.0,2142.0,830.0,2301.0,1009.0,,,,
46443,25:46.000,25:46.015,2,992.0,766.0,1146.0,970.0,2151.0,833.0,2305.0,1010.0,,,,
46458,25:46.500,25:46.515,2,1000.0,770.0,1149.0,976.0,2153.0,834.0,2310.0,1010.0,,,,
46473,25:47.000,25:47.015,2,1002.0,781.0,1152.0,986.0,2150.0,836.0,2305.0,1012.0,,,,
46488,25:47.500,25:47.517,2,1000.0,794.0,1155.0,1006.0,2136.0,842.0,2290.0,1018.0,,,,
46503,25:48.000,25:48.017,2,999.0,800.0,1152.0,1000.0,2137.0,840.0,2291.0,1018.0,,,,
46518,25:48.500,25:48.517,2,1010.0,798.0,1167.0,1002.0,2154.0,845.0,2311.0,1019.0,,,,
46533,25:49.000,25:49.017,2,1009.0,799.0,1164.0,1000.0,2152.0,845.0,2308.0,1019.0,,,,
46548,25:49.500,25:49.517,2,1003.0,799.0,1155.0,995.0,2139.0,839.0,2295.0,1015.0,,,,
46563,25:50.000,25:50.017,2,1008.0,796.0,1160.0,992.0,2143.0,840.0,2298.0,1014.0,,,,
46578,25:50.500,25:50.517,2,1020.0,800.0,1174.0,999.0,2155.0,844.0,2313.0,1017.0,,,,
46593,25:51.000,25:51.017,2,1021.0,800.0,1172.0,1005.0,2152.0,844.0,2310.0,1023.0,,,,
46608,25:51.500,25:51.518,2,1020.0,797.0,1172.0,993.0,2154.0,849.0,2312.0,1026.0,,,,
46623,25:52.000,25:52.018,2,1023.0,809.0,1182.0,1004.0,2148.0,847.0,2307.0,1023.0,,,,
46638,25:52.500,25:52.518,2,1018.0,803.0,1169.0,1000.0,2143.0,845.0,2296.0,1019.0,,,,
46653,25:53.000,25:53.010,2,1024.0,807.0,1178.0,1003.0,2149.0,849.0,2306.0,1024.0,,,,
46668,25:53.500,25:53.510,2,1030.0,806.0,1179.0,1003.0,2155.0,846.0,2314.0,1021.0,,,,
46683,25:54.000,25:54.010,2,1026.0,798.0,1174.0,991.0,2157.0,844.0,2316.0,1015.0,,,,
46698,25:54.500,25:54.510,2,986.0,770.0,1135.0,969.0,2163.0,844.0,2321.0,1018.0,,,,
46713,25:55.000,25:55.010,2,979.0,766.0,1131.0,968.0,2169.0,845.0,2330.0,1024.0,,,,
46728,25:55.500,25:55.512,2,977.0,773.0,1137.0,972.0,2174.0,847.0,2346.0,1020.0,,,,
46743,25:56.000,25:56.012,2,1003.0,769.0,1153.0,976.0,2206.0,845.0,2377.0,1018.0,,,,
46758,25:56.500,25:56.512,2,1328.0,769.0,1437.0,914.0,70.0,688.0,287.0,949.0,,,,
46773,25:57.000,25:57.012,1,1149.0,740.0,1258.0,888.0,,,,,,,,
46788,25:57.500,25:57.512,2,1980.0,781.0,2186.0,1037.0,762.0,729.0,880.0,878.0,,,,
46803,25:58.000,25:58.012,2,1500.0,718.0,1668.0,937.0,247.0,734.0,395.0,903.0,,,,
46818,25:58.500,25:58.512,2,1475.0,740.0,1645.0,961.0,230.0,746.0,378.0,916.0,,,,
46833,25:59.000,25:59.012,2,1473.0,754.0,1644.0,981.0,229.0,757.0,377.0,925.0,,,,
46848,25:59.500,25:59.513,2,1480.0,763.0,1653.0,986.0,236.0,759.0,384.0,928.0,,,,
46863,26:00.000,26:00.013,2,1483.0,758.0,1654.0,978.0,240.0,756.0,388.0,924.0,,,,
46878,26:00.500,26:00.513,2,882.0,756.0,996.0,911.0,2164.0,803.0,2385.0,1062.0,,,,
46893,26:01.000,26:01.013,2,1952.0,803.0,2090.0,974.0,878.0,760.0,1009.0,975.0,,,,
46908,26:01.500,26:01.513,2,898.0,773.0,1052.0,982.0,1993.0,829.0,2137.0,999.0,,,,
46923,26:02.000,26:02.013,2,2006.0,821.0,2147.0,990.0,942.0,766.0,1070.0,980.0,,,,
46938,26:02.500,26:02.513,2,1741.0,790.0,1871.0,956.0,710.0,754.0,839.0,967.0,,,,
46953,26:03.000,26:03.013,2,879.0,791.0,1029.0,996.0,1994.0,871.0,2149.0,1041.0,,,,
46968,26:03.500,26:03.515,2,884.0,800.0,1049.0,1009.0,2066.0,885.0,2227.0,1063.0,,,,
46983,26:04.000,26:04.015,2,894.0,765.0,1058.0,974.0,2080.0,846.0,2241.0,1021.0,,,,
46998,26:04.500,26:04.515,2,928.0,734.0,1094.0,948.0,2077.0,816.0,2240.0,990.0,,,,
47013,26:05.000,26:05.015,2,879.0,721.0,1046.0,928.0,1971.0,797.0,2122.0,964.0,,,,
47028,26:05.500,26:05.515,2,1318.0,760.0,1433.0,905.0,167.0,651.0,352.0,902.0,,,,
47043,26:06.000,26:06.015,2,1315.0,761.0,1429.0,909.0,131.0,654.0,322.0,914.0,,,,
47058,26:06.500,26:06.515,2,1287.0,760.0,1404.0,909.0,87.0,652.0,291.0,913.0,,,,
47073,26:07.000,26:07.015,2,1296.0,767.0,1412.0,911.0,136.0,636.0,350.0,898.0,,,,
47088,26:07.500,26:07.517,2,1300.0,770.0,1415.0,912.0,166.0,628.0,345.0,887.0,,,,
47103,26:08.000,26:08.017,2,1304.0,756.0,1419.0,909.0,169.0,626.0,346.0,885.0,,,,
47118,26:08.500,26:08.517,2,1287.0,847.0,1398.0,992.0,125.0,712.0,306.0,974.0,,,,
47133,26:09.000,26:09.017,2,1276.0,800.0,1387.0,953.0,83.0,689.0,272.0,944.0,,,,
47148,26:09.500,26:09.517,2,1256.0,775.0,1369.0,929.0,78.0,652.0,268.0,912.0,,,,
47163,26:10.000,26:10.017,2,1288.0,785.0,1400.0,933.0,94.0,648.0,277.0,914.0,,,,
47178,26:10.500,26:10.517,2,1301.0,811.0,1408.0,957.0,74.0,669.0,267.0,928.0,,,,
47193,26:11.000,26:11.017,2,1291.0,716.0,1399.0,861.0,32.0,585.0,243.0,850.0,,,,
47208,26:11.500,26:11.518,2,1921.0,852.0,2065.0,1018.0,854.0,765.0,989.0,976.0,,,,
47223,26:12.000,26:12.018,2,1989.0,833.0,2136.0,1005.0,890.0,743.0,1040.0,947.0,,,,
47238,26:12.500,26:12.518,2,1962.0,800.0,2109.0,967.0,869.0,733.0,1022.0,942.0,,,,
47253,26:13.000,26:13.010,2,1444.0,742.0,1558.0,892.0,282.0,683.0,476.0,922.0,,,,
47268,26:13.500,26:13.510,2,1229.0,729.0,1338.0,878.0,-43.0,664.0,161.0,924.0,,,,
47283,26:14.000,26:14.010,1,1173.0,718.0,1284.0,867.0,,,,,,,,
47298,26:14.500,26:14.510,1,1073.0,865.0,1183.0,1012.0,,,,,,,,
47313,26:15.000,26:15.010,1,1024.0,695.0,1139.0,846.0,,,,,,,,
47328,26:15.500,26:15.512,1,1028.0,623.0,1144.0,777.0,,,,,,,,
47343,26:16.000,26:16.012,1,1128.0,764.0,1239.0,914.0,,,,,,,,
47358,26:16.500,26:16.512,2,907.0,782.0,1023.0,931.0,2244.0,844.0,2501.0,1146.0,,,,
47373,26:17.000,26:17.012,2,974.0,700.0,1137.0,897.0,2203.0,861.0,2382.0,1040.0,,,,
47388,26:17.500,26:17.512,2,588.0,673.0,769.0,884.0,1747.0,855.0,1879.0,1011.0,,,,
47403,26:18.000,26:18.012,2,434.0,706.0,632.0,932.0,1612.0,886.0,1734.0,1036.0,,,,
47418,26:18.500,26:18.512,2,516.0,692.0,714.0,925.0,1596.0,875.0,1720.0,1028.0,,,,
47433,26:19.000,26:19.012,2,464.0,722.0,662.0,945.0,1585.0,894.0,1707.0,1046.0,,,,
47448,26:19.500,26:19.513,2,414.0,698.0,617.0,930.0,1566.0,886.0,1688.0,1034.0,,,,
47463,26:20.000,26:20.013,2,165.0,698.0,399.0,951.0,1383.0,890.0,1498.0,1036.0,,,,
47478,26:20.500,26:20.513,2,1819.0,883.0,2026.0,1139.0,591.0,803.0,720.0,959.0,,,,
47493,26:21.000,26:21.013,2,1943.0,866.0,2181.0,1145.0,699.0,791.0,821.0,943.0,,,,
47508,26:21.500,26:21.513,2,313.0,782.0,528.0,1015.0,1496.0,906.0,1615.0,1056.0,,,,
47523,26:22.000,26:22.013,2,1795.0,899.0,1922.0,1059.0,645.0,750.0,824.0,960.0,,,,
47538,26:22.500,26:22.513,2,616.0,783.0,800.0,998.0,1750.0,919.0,1881.0,1077.0,,,,
47553,26:23.000,26:23.013,2,612.0,771.0,798.0,990.0,1739.0,921.0,1868.0,1077.0,,,,
47568,26:23.500,26:23.515,2,1725.0,962.0,1855.0,1120.0,596.0,801.0,781.0,1016.0,,,,
47583,26:24.000,26:24.015,2,350.0,795.0,558.0,1029.0,1507.0,1024.0,1626.0,1169.0,,,,
47598,26:24.500,26:24.515,2,1407.0,1027.0,1522.0,1170.0,215.0,793.0,441.0,1041.0,,,,
47613,26:25.000,26:25.015,1,1033.0,887.0,1147.0,1031.0,,,,,,,,
47628,26:25.500,26:25.515,2,903.0,824.0,1017.0,966.0,2191.0,901.0,2402.0,1161.0,,,,
47643,26:26.000,26:26.015,1,1136.0,839.0,1249.0,975.0,,,,,,,,
47659,26:26.500,26:26.515,1,1188.0,845.0,1298.0,979.0,,,,,,,,
47674,26:27.000,26:27.015,1,1137.0,838.0,1248.0,970.0,,,,,,,,
47689,26:27.500,26:27.517,1,1179.0,820.0,1288.0,955.0,,,,,,,,
47704,26:28.000,26:28.017,1,1107.0,845.0,1218.0,982.0,,,,,,,,
47719,26:28.500,26:28.517,1,994.0,804.0,1108.0,939.0,,,,,,,,
47734,26:29.000,26:29.017,1,1050.0,804.0,1160.0,944.0,,,,,,,,
47749,26:29.500,26:29.517,2,1466.0,883.0,1581.0,1027.0,261.0,748.0,471.0,990.0,,,,
47764,26:30.000,26:30.017,2,1729.0,873.0,1857.0,1022.0,579.0,696.0,756.0,909.0,,,,
47779,26:30.500,26:30.517,2,1282.0,827.0,1394.0,964.0,-20.0,623.0,219.0,884.0,,,,
47794,26:31.000,26:31.017,2,1265.0,807.0,1375.0,944.0,-52.0,582.0,197.0,868.0,,,,
47809,26:31.500,26:31.517,2,353.0,636.0,558.0,870.0,1528.0,840.0,1642.0,987.0,,,,
47824,26:32.000,26:32.018,2,1602.0,848.0,1724.0,992.0,445.0,651.0,640.0,873.0,,,,
47839,26:32.500,26:32.510,2,439.0,649.0,635.0,871.0,1593.0,836.0,1715.0,983.0,,,,
47854,26:33.000,26:33.010,2,1598.0,821.0,1720.0,969.0,444.0,635.0,638.0,861.0,,,,
47869,26:33.500,26:33.510,2,318.0,666.0,522.0,897.0,1502.0,838.0,1619.0,987.0,,,,
47884,26:34.000,26:34.010,2,263.0,643.0,476.0,886.0,1453.0,828.0,1569.0,973.0,,,,
47899,26:34.500,26:34.510,2,1462.0,814.0,1576.0,959.0,267.0,642.0,479.0,883.0,,,,
47914,26:35.000,26:35.010,2,948.0,764.0,1108.0,968.0,2197.0,969.0,2374.0,1145.0,,,,
47929,26:35.500,26:35.510,2,1012.0,728.0,1170.0,940.0,2280.0,989.0,2441.0,1163.0,,,,
47944,26:36.000,26:36.012,2,974.0,757.0,1134.0,959.0,2211.0,953.0,2388.0,1139.0,,,,
47959,26:36.500,26:36.512,2,938.0,731.0,1097.0,934.0,2172.0,856.0,2336.0,1032.0,,,,
47974,26:37.000,26:37.012,2,943.0,778.0,1104.0,977.0,2169.0,891.0,2328.0,1068.0,,,,
47989,26:37.500,26:37.512,2,939.0,749.0,1098.0,950.0,2159.0,862.0,2316.0,1037.0,,,,
48004,26:38.000,26:38.012,2,938.0,752.0,1096.0,951.0,2153.0,868.0,2306.0,1042.0,,,,
48019,26:38.500,26:38.512,2,1027.0,659.0,1190.0,866.0,2235.0,918.0,2390.0,1096.0,,,,
48034,26:39.000,26:39.012,2,912.0,761.0,1073.0,964.0,2119.0,859.0,2265.0,1034.0,,,,
48049,26:39.500,26:39.512,2,924.0,760.0,1086.0,962.0,2126.0,855.0,2273.0,1031.0,,,,
48064,26:40.000,26:40.013,2,920.0,743.0,1078.0,949.0,2096.0,850.0,2249.0,1019.0,,,,
48079,26:40.500,26:40.513,2,1499.0,717.0,1611.0,870.0,360.0,665.0,548.0,893.0,,,,
48094,26:41.000,26:41.013,2,1282.0,726.0,1392.0,874.0,-13.0,645.0,214.0,911.0,,,,
48109,26:41.500,26:41.513,2,782.0,712.0,943.0,913.0,1895.0,783.0,2032.0,944.0,,,,
48124,26:42.000,26:42.013,2,836.0,726.0,1000.0,924.0,1978.0,802.0,2117.0,969.0,,,,
48139,26:42.500,26:42.513,2,849.0,732.0,1005.0,939.0,1956.0,809.0,2081.0,967.0,,,,
48154,26:43.000,26:43.013,2,1902.0,812.0,2024.0,969.0,822.0,744.0,963.0,947.0,,,,
48169,26:43.500,26:43.513,2,767.0,995.0,925.0,1212.0,1906.0,1085.0,2054.0,1255.0,,,,
48184,26:44.000,26:44.015,2,1990.0,681.0,2137.0,848.0,799.0,685.0,960.0,885.0,,,,
48199,26:44.500,26:44.515,2,885.0,738.0,1043.0,943.0,2086.0,827.0,2246.0,997.0,,,,
48214,26:45.000,26:45.015,2,874.0,781.0,1034.0,984.0,2068.0,868.0,2227.0,1033.0,,,,
48229,26:45.500,26:45.515,2,864.0,750.0,1027.0,955.0,2064.0,842.0,2222.0,1006.0,,,,
48244,26:46.000,26:46.015,2,887.0,748.0,1040.0,949.0,2054.0,852.0,2212.0,1014.0,,,,
48259,26:46.500,26:46.515,2,1440.0,758.0,1556.0,902.0,271.0,646.0,463.0,893.0,,,,
48274,26:47.000,26:47.015,2,1608.0,729.0,1798.0,961.0,368.0,709.0,507.0,878.0,,,,
48289,26:47.500,26:47.515,2,710.0,715.0,830.0,869.0,1927.0,744.0,2151.0,992.0,,,,
48304,26:48.000,26:48.017,1,1008.0,742.0,1111.0,889.0,,,,,,,,
48319,26:48.500,26:48.517,2,929.0,730.0,1033.0,876.0,2171.0,787.0,2396.0,1049.0,,,,
48334,26:49.000,26:49.017,2,754.0,716.0,865.0,868.0,1952.0,752.0,2177.0,1010.0,,,,
48350,26:49.500,26:49.517,2,1675.0,742.0,1864.0,974.0,479.0,719.0,604.0,878.0,,,,
48365,26:50.000,26:50.017,2,430.0,724.0,562.0,880.0,1635.0,743.0,1822.0,968.0,,,,
48380,26:50.500,26:50.517,2,1631.0,751.0,1819.0,974.0,428.0,724.0,559.0,881.0,,,,
48395,26:51.000,26:51.017,2,1625.0,748.0,1815.0,972.0,419.0,723.0,551.0,881.0,,,,
48410,26:51.500,26:51.517,2,1621.0,740.0,1805.0,968.0,398.0,726.0,534.0,884.0,,,,
48425,26:52.000,26:52.010,2,1683.0,739.0,1878.0,972.0,461.0,711.0,598.0,870.0,,,,
48440,26:52.500,26:52.510,2,204.0,730.0,415.0,974.0,1410.0,749.0,1522.0,901.0,,,,
48455,26:53.000,26:53.010,2,1968.0,777.0,2108.0,944.0,844.0,747.0,1003.0,957.0,,,,
48470,26:53.500,26:53.510,2,1987.0,788.0,2123.0,954.0,875.0,761.0,1024.0,972.0,,,,
48485,26:54.000,26:54.010,2,1988.0,783.0,2123.0,951.0,893.0,773.0,1035.0,979.0,,,,
48500,26:54.500,26:54.510,2,872.0,785.0,1028.0,986.0,2007.0,794.0,2150.0,959.0,,,,
48515,26:55.000,26:55.010,2,876.0,779.0,1034.0,984.0,2035.0,795.0,2188.0,962.0,,,,
48530,26:55.500,26:55.510,2,873.0,779.0,1024.0,988.0,2017.0,795.0,2168.0,960.0,,,,
48545,26:56.000,26:56.012,2,1317.0,1048.0,1432.0,1201.0,28.0,947.0,274.0,1220.0,,,,
48560,26:56.500,26:56.512,1,1094.0,726.0,1200.0,871.0,,,,,,,,
48575,26:57.000,26:57.012,1,1153.0,851.0,1259.0,997.0,,,,,,,,
48590,26:57.500,26:57.512,2,649.0,751.0,818.0,960.0,1781.0,793.0,1904.0,946.0,,,,
48605,26:58.000,26:58.012,2,835.0,762.0,999.0,968.0,1966.0,826.0,2106.0,995.0,,,,
48620,26:58.500,26:58.512,2,1927.0,859.0,2059.0,1023.0,798.0,796.0,962.0,1006.0,,,,
48635,26:59.000,26:59.012,2,781.0,789.0,943.0,1004.0,1918.0,856.0,2054.0,1020.0,,,,
48650,26:59.500,26:59.512,2,795.0,793.0,958.0,1000.0,1941.0,853.0,2085.0,1019.0,,,,
48665,27:00.000,27:00.013,2,839.0,792.0,998.0,996.0,1989.0,859.0,2139.0,1026.0,,,,
48680,27:00.500,27:00.513,2,859.0,816.0,1019.0,1019.0,2008.0,878.0,2161.0,1044.0,,,,
48695,27:01.000,27:01.013,2,663.0,767.0,827.0,983.0,1774.0,823.0,1907.0,979.0,,,,
48710,27:01.500,27:01.513,1,1003.0,742.0,1114.0,887.0,,,,,,,,
48725,27:02.000,27:02.013,2,907.0,725.0,1020.0,871.0,2185.0,820.0,2397.0,1080.0,,,,
48740,27:02.500,27:02.513,1,1085.0,698.0,1195.0,839.0,,,,,,,,
48755,27:03.000,27:03.013,2,1270.0,730.0,1381.0,873.0,16.0,682.0,240.0,943.0,,,,
48770,27:03.500,27:03.513,2,826.0,765.0,980.0,969.0,1931.0,793.0,2073.0,952.0,,,,
48785,27:04.000,27:04.015,2,1956.0,807.0,2089.0,969.0,854.0,772.0,1005.0,981.0,,,,
48800,27:04.500,27:04.515,2,1961.0,808.0,2093.0,972.0,887.0,798.0,1031.0,995.0,,,,
48815,27:05.000,27:05.015,2,1945.0,816.0,2087.0,979.0,873.0,793.0,1009.0,999.0,,,,
48830,27:05.500,27:05.515,2,1882.0,817.0,2021.0,977.0,826.0,780.0,955.0,991.0,,,,
48845,27:06.000,27:06.015,2,1244.0,812.0,1354.0,955.0,53.0,717.0,244.0,967.0,,,,
48860,27:06.500,27:06.515,2,1185.0,748.0,1295.0,896.0,-50.0,690.0,140.0,947.0,,,,
48875,27:07.000,27:07.015,2,445.0,746.0,584.0,903.0,1670.0,733.0,1860.0,959.0,,,,
48890,27:07.500,27:07.515,2,1419.0,694.0,1598.0,917.0,145.0,752.0,296.0,915.0,,,,
48905,27:08.000,27:08.017,2,1420.0,706.0,1599.0,933.0,99.0,762.0,265.0,928.0,,,,
48920,27:08.500,27:08.517,2,1410.0,716.0,1585.0,935.0,104.0,785.0,261.0,952.0,,,,
48935,27:09.000,27:09.017,2,1383.0,714.0,1552.0,928.0,84.0,772.0,239.0,945.0,,,,
48950,27:09.500,27:09.517,2,1380.0,721.0,1552.0,940.0,94.0,776.0,244.0,945.0,,,,
48965,27:10.000,27:10.017,2,1373.0,715.0,1540.0,928.0,85.0,782.0,239.0,951.0,,,,
48980,27:10.500,27:10.517,2,1377.0,715.0,1543.0,930.0,89.0,778.0,243.0,948.0,,,,
48995,27:11.000,27:11.017,2,1373.0,724.0,1541.0,930.0,94.0,774.0,244.0,942.0,,,,
49010,27:11.500,27:11.508,2,1385.0,711.0,1550.0,926.0,96.0,781.0,248.0,947.0,,,,
49025,27:12.000,27:12.010,2,1410.0,704.0,1581.0,918.0,107.0,778.0,267.0,947.0,,,,
49040,27:12.500,27:12.510,2,1393.0,680.0,1563.0,897.0,95.0,776.0,253.0,940.0,,,,
49055,27:13.000,27:13.010,2,1404.0,702.0,1570.0,919.0,98.0,791.0,259.0,959.0,,,,
49070,27:13.500,27:13.510,2,1408.0,702.0,1579.0,919.0,100.0,777.0,260.0,941.0,,,,
49085,27:14.000,27:14.010,2,1422.0,697.0,1592.0,915.0,114.0,764.0,278.0,932.0,,,,
49100,27:14.500,27:14.510,2,1421.0,696.0,1595.0,916.0,126.0,774.0,289.0,940.0,,,,
49115,27:15.000,27:15.010,2,1415.0,698.0,1581.0,918.0,116.0,767.0,281.0,941.0,,,,
49130,27:15.500,27:15.510,2,1417.0,694.0,1580.0,911.0,163.0,762.0,316.0,930.0,,,,
49145,27:16.000,27:16.012,2,1422.0,689.0,1591.0,909.0,160.0,764.0,309.0,931.0,,,,
49160,27:16.500,27:16.512,2,161.0,763.0,309.0,931.0,1420.0,692.0,1576.0,908.0,,,,
49175,27:17.000,27:17.012,2,1412.0,691.0,1572.0,913.0,154.0,763.0,302.0,932.0,,,,
49190,27:17.500,27:17.512,2,1406.0,695.0,1573.0,916.0,152.0,763.0,302.0,931.0,,,,
49205,27:18.000,27:18.012,2,1407.0,698.0,1572.0,916.0,154.0,765.0,304.0,933.0,,,,
49220,27:18.500,27:18.512,2,1413.0,698.0,1576.0,915.0,155.0,766.0,304.0,935.0,,,,
49235,27:19.000,27:19.012,2,1416.0,703.0,1580.0,916.0,161.0,767.0,307.0,934.0,,,,
49250,27:19.500,27:19.512,2,176.0,760.0,311.0,924.0,1411.0,694.0,1573.0,914.0,,,,
49265,27:20.000,27:20.013,2,182.0,756.0,313.0,919.0,1408.0,688.0,1572.0,913.0,,,,
49280,27:20.500,27:20.513,2,1415.0,690.0,1579.0,912.0,192.0,767.0,316.0,928.0,,,,
49295,27:21.000,27:21.013,2,1399.0,701.0,1567.0,917.0,199.0,774.0,320.0,936.0,,,,
49310,27:21.500,27:21.513,2,1402.0,694.0,1567.0,915.0,192.0,787.0,331.0,948.0,,,,
49325,27:22.000,27:22.013,2,220.0,789.0,362.0,945.0,1419.0,706.0,1574.0,918.0,,,,
49340,27:22.500,27:22.513,2,216.0,797.0,361.0,954.0,1414.0,702.0,1564.0,915.0,,,,
49355,27:23.000,27:23.013,2,1415.0,705.0,1572.0,918.0,212.0,801.0,356.0,957.0,,,,
49370,27:23.500,27:23.513,2,1425.0,696.0,1595.0,913.0,205.0,805.0,353.0,964.0,,,,
49385,27:24.000,27:24.015,2,1437.0,689.0,1603.0,909.0,195.0,808.0,345.0,967.0,,,,
49400,27:24.500,27:24.515,2,1432.0,691.0,1602.0,903.0,194.0,814.0,342.0,970.0,,,,
49415,27:25.000,27:25.015,2,1424.0,684.0,1598.0,906.0,193.0,816.0,344.0,971.0,,,,
49430,27:25.500,27:25.515,2,1426.0,682.0,1599.0,905.0,184.0,811.0,341.0,970.0,,,,
49445,27:26.000,27:26.015,2,1435.0,685.0,1609.0,904.0,186.0,810.0,343.0,972.0,,,,
49460,27:26.500,27:26.515,2,1428.0,692.0,1599.0,910.0,189.0,813.0,344.0,971.0,,,,
49475,27:27.000,27:27.015,2,1450.0,686.0,1620.0,906.0,209.0,802.0,364.0,961.0,,,,
49490,27:27.500,27:27.515,2,1446.0,679.0,1615.0,902.0,204.0,806.0,358.0,964.0,,,,
49505,27:28.000,27:28.017,2,1464.0,672.0,1634.0,897.0,229.0,796.0,383.0,957.0,,,,
49520,27:28.500,27:28.517,1,1029.0,694.0,1138.0,826.0,,,,,,,,
49535,27:29.000,27:29.017,2,2197.0,744.0,2402.0,1005.0,942.0,783.0,1054.0,916.0,,,,
49550,27:29.500,27:29.517,2,1558.0,693.0,1742.0,922.0,321.0,775.0,465.0,934.0,,,,
49565,27:30.000,27:30.017,2,1483.0,688.0,1660.0,919.0,216.0,772.0,368.0,935.0,,,,
49580,27:30.500,27:30.517,2,1434.0,690.0,1605.0,909.0,177.0,778.0,334.0,941.0,,,,
49595,27:31.000,27:31.008,2,1447.0,702.0,1625.0,918.0,219.0,767.0,363.0,931.0,,,,
49610,27:31.500,27:31.508,2,266.0,747.0,405.0,910.0,1483.0,699.0,1653.0,917.0,,,,
49625,27:32.000,27:32.010,2,351.0,788.0,487.0,947.0,1555.0,747.0,1726.0,963.0,,,,
49640,27:32.500,27:32.510,2,1852.0,767.0,2049.0,1005.0,661.0,772.0,785.0,923.0,,,,
49655,27:33.000,27:33.010,2,467.0,784.0,595.0,942.0,1687.0,810.0,1868.0,1028.0,,,,
49670,27:33.500,27:33.510,2,1657.0,733.0,1829.0,956.0,435.0,708.0,574.0,868.0,,,,
49685,27:34.000,27:34.010,2,376.0,763.0,507.0,922.0,1559.0,772.0,1722.0,984.0,,,,
49700,27:34.500,27:34.510,2,1481.0,732.0,1649.0,941.0,276.0,730.0,410.0,895.0,,,,
49715,27:35.000,27:35.010,2,257.0,742.0,397.0,903.0,1465.0,737.0,1629.0,947.0,,,,
49730,27:35.500,27:35.510,2,242.0,739.0,391.0,906.0,1478.0,722.0,1650.0,935.0,,,,
49745,27:36.000,27:36.012,2,232.0,747.0,380.0,912.0,1467.0,728.0,1633.0,938.0,,,,
49760,27:36.500,27:36.512,2,242.0,753.0,389.0,914.0,1468.0,733.0,1635.0,945.0,,,,
49775,27:37.000,27:37.012,2,250.0,762.0,395.0,922.0,1469.0,735.0,1635.0,949.0,,,,
49790,27:37.500,27:37.512,2,253.0,760.0,400.0,921.0,1480.0,727.0,1643.0,942.0,,,,
49805,27:38.000,27:38.012,2,274.0,756.0,413.0,920.0,1486.0,726.0,1655.0,942.0,,,,
49820,27:38.500,27:38.512,2,284.0,750.0,425.0,912.0,1497.0,728.0,1664.0,943.0,,,,
49835,27:39.000,27:39.012,2,284.0,743.0,427.0,906.0,1501.0,727.0,1668.0,938.0,,,,
49850,27:39.500,27:39.512,2,294.0,745.0,431.0,907.0,1501.0,724.0,1668.0,940.0,,,,
49865,27:40.000,27:40.013,2,291.0,743.0,431.0,905.0,1505.0,722.0,1674.0,936.0,,,,
49880,27:40.500,27:40.513,2,270.0,746.0,414.0,909.0,1492.0,718.0,1663.0,933.0,,,,
49895,27:41.000,27:41.013,2,275.0,754.0,419.0,915.0,1501.0,727.0,1668.0,945.0,,,,
49910,27:41.500,27:41.513,2,616.0,1107.0,739.0,1269.0,1801.0,1028.0,2009.0,1271.0,,,,
49925,27:42.000,27:42.013,2,567.0,638.0,694.0,790.0,1771.0,667.0,1958.0,898.0,,,,
49940,27:42.500,27:42.513,2,797.0,862.0,914.0,1013.0,2021.0,872.0,2239.0,1127.0,,,,
49955,27:43.000,27:43.013,2,472.0,826.0,658.0,1037.0,1643.0,786.0,1762.0,939.0,,,,
49970,27:43.500,27:43.513,2,866.0,780.0,1026.0,977.0,2048.0,792.0,2204.0,959.0,,,,
49985,27:44.000,27:44.013,2,1279.0,746.0,1388.0,893.0,-51.0,774.0,171.0,1035.0,,,,
50000,27:44.500,27:44.515,2,149.0,811.0,301.0,976.0,1430.0,685.0,1599.0,903.0,,,,
50015,27:45.000,27:45.015,2,1394.0,678.0,1558.0,902.0,104.0,767.0,256.0,937.0,,,,
50030,27:45.500,27:45.515,2,1385.0,708.0,1552.0,919.0,111.0,784.0,264.0,953.0,,,,
50045,27:46.000,27:46.015,2,1400.0,704.0,1571.0,916.0,132.0,767.0,284.0,933.0,,,,
50060,27:46.500,27:46.515,2,1435.0,696.0,1613.0,919.0,148.0,762.0,300.0,928.0,,,,
50075,27:47.000,27:47.015,2,1628.0,759.0,1824.0,995.0,402.0,856.0,542.0,1020.0,,,,
50090,27:47.500,27:47.515,2,2030.0,768.0,2269.0,1038.0,776.0,775.0,893.0,925.0,,,,
50105,27:48.000,27:48.015,2,734.0,822.0,855.0,973.0,1977.0,858.0,2207.0,1117.0,,,,
50120,27:48.500,27:48.517,1,951.0,745.0,1059.0,895.0,,,,,,,,
50135,27:49.000,27:49.017,1,1109.0,758.0,1218.0,904.0,,,,,,,,
50150,27:49.500,27:49.517,1,1132.0,763.0,1236.0,906.0,,,,,,,,
50165,27:50.000,27:50.017,1,1137.0,758.0,1239.0,910.0,,,,,,,,
50180,27:50.500,27:50.508,1,1147.0,753.0,1244.0,899.0,,,,,,,,
50195,27:51.000,27:51.008,1,1137.0,765.0,1240.0,911.0,,,,,,,,
50210,27:51.500,27:51.508,1,1124.0,754.0,1234.0,903.0,,,,,,,,
50225,27:52.000,27:52.008,1,1120.0,753.0,1235.0,904.0,,,,,,,,
50240,27:52.500,27:52.510,1,1129.0,747.0,1242.0,898.0,,,,,,,,
50255,27:53.000,27:53.010,1,1137.0,764.0,1244.0,911.0,,,,,,,,
50270,27:53.500,27:53.510,1,1096.0,779.0,1212.0,918.0,,,,,,,,
50285,27:54.000,27:54.010,1,1110.0,774.0,1222.0,923.0,,,,,,,,
50300,27:54.500,27:54.510,1,1146.0,769.0,1253.0,915.0,,,,,,,,
50315,27:55.000,27:55.010,1,1141.0,758.0,1252.0,906.0,,,,,,,,
50330,27:55.500,27:55.510,2,1113.0,773.0,1227.0,917.0,-51.0,732.0,134.0,992.0,,,,
50345,27:56.000,27:56.010,2,1118.0,773.0,1229.0,918.0,-70.0,725.0,110.0,978.0,,,,
50360,27:56.500,27:56.512,1,1139.0,727.0,1247.0,876.0,,,,,,,,
50375,27:57.000,27:57.012,2,1276.0,754.0,1388.0,905.0,106.0,709.0,300.0,961.0,,,,
50390,27:57.500,27:57.512,2,1735.0,756.0,1862.0,914.0,706.0,683.0,831.0,893.0,,,,
50405,27:58.000,27:58.012,2,1237.0,680.0,1349.0,823.0,49.0,653.0,240.0,910.0,,,,
50420,27:58.500,27:58.512,2,875.0,640.0,994.0,788.0,2198.0,600.0,2441.0,879.0,,,,
50435,27:59.000,27:59.012,2,667.0,569.0,795.0,723.0,1925.0,501.0,2123.0,737.0,,,,
50450,27:59.500,27:59.512,2,736.0,600.0,861.0,751.0,1994.0,564.0,2194.0,801.0,,,,
50465,28:00.000,28:00.012,1,1055.0,669.0,1167.0,811.0,,,,,,,,
50480,28:00.500,28:00.513,1,1100.0,706.0,1212.0,848.0,,,,,,,,
50495,28:01.000,28:01.013,1,1106.0,704.0,1218.0,844.0,,,,,,,,
50510,28:01.500,28:01.513,2,1132.0,714.0,1245.0,858.0,-81.0,683.0,95.0,946.0,,,,
50525,28:02.000,28:02.013,2,1134.0,725.0,1246.0,869.0,-76.0,700.0,99.0,956.0,,,,
50540,28:02.500,28:02.513,2,1139.0,726.0,1251.0,870.0,-61.0,701.0,118.0,954.0,,,,
50555,28:03.000,28:03.013,2,1145.0,727.0,1258.0,872.0,-53.0,702.0,126.0,956.0,,,,
50570,28:03.500,28:03.513,2,1149.0,730.0,1263.0,878.0,-46.0,701.0,128.0,955.0,,,,
50585,28:04.000,28:04.013,2,1144.0,723.0,1257.0,871.0,-50.0,700.0,128.0,955.0,,,,
50600,28:04.500,28:04.515,2,1139.0,719.0,1249.0,863.0,-44.0,696.0,132.0,952.0,,,,
50615,28:05.000,28:05.015,2,1139.0,711.0,1251.0,862.0,-44.0,692.0,130.0,949.0,,,,
50630,28:05.500,28:05.515,2,1155.0,714.0,1266.0,865.0,-45.0,709.0,131.0,966.0,,,,
50645,28:06.000,28:06.015,1,1008.0,747.0,1122.0,899.0,,,,,,,,
50659,28:06.500,28:06.515,2,1675.0,696.0,1870.0,942.0,387.0,719.0,532.0,885.0,,,,
50674,28:07.000,28:07.015,2,903.0,741.0,1064.0,951.0,2013.0,834.0,2164.0,1002.0,,,,
50689,28:07.500,28:07.515,2,961.0,729.0,1121.0,939.0,2092.0,845.0,2239.0,1014.0,,,,
50704,28:08.000,28:08.015,2,960.0,748.0,1122.0,952.0,2104.0,851.0,2250.0,1026.0,,,,
50719,28:08.500,28:08.517,2,972.0,754.0,1129.0,958.0,2106.0,848.0,2250.0,1022.0,,,,
50734,28:09.000,28:09.017,2,2102.0,848.0,2250.0,1015.0,1000.0,739.0,1140.0,944.0,,,,
50749,28:09.500,28:09.517,2,1008.0,739.0,1143.0,946.0,2110.0,851.0,2272.0,1022.0,,,,
50764,28:10.000,28:10.008,2,2124.0,837.0,2273.0,1003.0,967.0,720.0,1114.0,925.0,,,,
50779,28:10.500,28:10.508,2,880.0,667.0,1033.0,868.0,2016.0,794.0,2161.0,963.0,,,,
50794,28:11.000,28:11.008,2,1462.0,730.0,1646.0,960.0,136.0,742.0,300.0,913.0,,,,
50809,28:11.500,28:11.508,2,1377.0,712.0,1550.0,932.0,14.0,738.0,190.0,917.0,,,,
50824,28:12.000,28:12.008,1,1057.0,722.0,1168.0,872.0,,,,,,,,
50839,28:12.500,28:12.510,2,1769.0,761.0,1901.0,919.0,705.0,729.0,846.0,952.0,,,,
50854,28:13.000,28:13.010,2,968.0,724.0,1121.0,932.0,2106.0,825.0,2269.0,995.0,,,,
50869,28:13.500,28:13.510,2,980.0,729.0,1141.0,933.0,2133.0,799.0,2290.0,974.0,,,,
50884,28:14.000,28:14.010,2,1002.0,725.0,1151.0,935.0,2137.0,802.0,2294.0,977.0,,,,
50899,28:14.500,28:14.510,2,2122.0,806.0,2271.0,979.0,1027.0,725.0,1157.0,934.0,,,,
50914,28:15.000,28:15.010,2,1956.0,841.0,2107.0,1003.0,884.0,713.0,1024.0,921.0,,,,
50929,28:15.500,28:15.510,2,1788.0,664.0,1925.0,816.0,654.0,561.0,822.0,781.0,,,,
50944,28:16.000,28:16.010,2,553.0,374.0,742.0,609.0,1749.0,476.0,1891.0,638.0,,,,
50959,28:16.500,28:16.512,2,509.0,327.0,704.0,570.0,1712.0,426.0,1848.0,587.0,,,,
50974,28:17.000,28:17.012,2,659.0,454.0,833.0,676.0,1814.0,611.0,1956.0,763.0,,,,
50989,28:17.500,28:17.512,2,1019.0,637.0,1181.0,843.0,2267.0,839.0,2435.0,1003.0,,,,
51004,28:18.000,28:18.012,1,1042.0,696.0,1203.0,897.0,,,,,,,,
51019,28:18.500,28:18.512,1,1047.0,726.0,1215.0,933.0,,,,,,,,
51034,28:19.000,28:19.012,2,102.0,935.0,339.0,1196.0,1424.0,1149.0,1548.0,1250.0,,,,
51049,28:19.500,28:19.512,1,1265.0,449.0,1395.0,553.0,,,,,,,,
51064,28:20.000,28:20.012,1,1177.0,434.0,1297.0,536.0,,,,,,,,
51079,28:20.500,28:20.513,1,1205.0,355.0,1331.0,465.0,,,,,,,,
51094,28:21.000,28:21.013,1,1198.0,462.0,1317.0,571.0,,,,,,,,
51109,28:21.500,28:21.513,1,1216.0,495.0,1334.0,602.0,,,,,,,,
51124,28:22.000,28:22.013,1,1089.0,959.0,1205.0,1083.0,,,,,,,,
51139,28:22.500,28:22.513,1,1070.0,747.0,1185.0,874.0,,,,,,,,
51154,28:23.000,28:23.013,1,1096.0,827.0,1213.0,961.0,,,,,,,,
51169,28:23.500,28:23.513,1,1097.0,858.0,1212.0,994.0,,,,,,,,
51184,28:24.000,28:24.013,1,1082.0,831.0,1195.0,972.0,,,,,,,,
51199,28:24.500,28:24.515,1,1090.0,810.0,1198.0,957.0,,,,,,,,
51214,28:25.000,28:25.015,1,1088.0,808.0,1195.0,954.0,,,,,,,,
51229,28:25.500,28:25.515,1,1075.0,808.0,1182.0,953.0,,,,,,,,
51244,28:26.000,28:26.015,1,1105.0,968.0,1215.0,1117.0,,,,,,,,
51259,28:26.500,28:26.515,2,1842.0,750.0,1980.0,916.0,745.0,708.0,904.0,920.0,,,,
51274,28:27.000,28:27.015,2,847.0,668.0,1019.0,875.0,2006.0,713.0,2161.0,880.0,,,,
51289,28:27.500,28:27.515,2,1242.0,731.0,1356.0,878.0,-86.0,659.0,157.0,930.0,,,,
51304,28:28.000,28:28.015,1,1096.0,708.0,1208.0,853.0,,,,,,,,
51319,28:28.500,28:28.517,2,2079.0,691.0,2330.0,970.0,787.0,647.0,907.0,800.0,,,,
51334,28:29.000,28:29.017,1,1039.0,454.0,1153.0,603.0,,,,,,,,
51349,28:29.500,28:29.517,1,1063.0,472.0,1179.0,625.0,,,,,,,,
51364,28:30.000,28:30.008,1,1026.0,410.0,1143.0,562.0,,,,,,,,
51379,28:30.500,28:30.508,1,1045.0,447.0,1160.0,594.0,,,,,,,,
51394,28:31.000,28:31.008,1,1028.0,458.0,1143.0,608.0,,,,,,,,
51409,28:31.500,28:31.508,1,1051.0,472.0,1163.0,618.0,,,,,,,,
51424,28:32.000,28:32.008,2,861.0,679.0,976.0,824.0,2141.0,709.0,2392.0,983.0,,,,
51439,28:32.500,28:32.510,2,1446.0,542.0,1628.0,772.0,108.0,615.0,279.0,784.0,,,,
51454,28:33.000,28:33.010,1,1081.0,632.0,1193.0,779.0,,,,,,,,
51469,28:33.500,28:33.510,2,1351.0,709.0,1462.0,851.0,22.0,542.0,263.0,807.0,,,,
51484,28:34.000,28:34.010,2,1321.0,706.0,1434.0,851.0,-5.0,555.0,222.0,814.0,,,,
51499,28:34.500,28:34.510,2,1731.0,667.0,1926.0,911.0,474.0,667.0,612.0,830.0,,,,
51514,28:35.000,28:35.010,2,1599.0,610.0,1791.0,848.0,323.0,669.0,472.0,839.0,,,,
51529,28:35.500,28:35.510,2,708.0,682.0,878.0,884.0,1927.0,778.0,2078.0,942.0,,,,
51544,28:36.000,28:36.010,2,1587.0,818.0,1713.0,968.0,358.0,664.0,563.0,888.0,,,,
51559,28:36.500,28:36.512,1,1055.0,727.0,1167.0,870.0,,,,,,,,
51574,28:37.000,28:37.012,1,1102.0,813.0,1214.0,956.0,,,,,,,,
51589,28:37.500,28:37.512,2,814.0,928.0,931.0,1080.0,2101.0,1064.0,2360.0,1354.0,,,,
51604,28:38.000,28:38.012,1,956.0,895.0,1070.0,1038.0,,,,,,,,
51619,28:38.500,28:38.512,1,1089.0,869.0,1201.0,1016.0,,,,,,,,
51634,28:39.000,28:39.012,2,1836.0,748.0,2048.0,999.0,609.0,780.0,737.0,938.0,,,,
51649,28:39.500,28:39.512,2,1746.0,661.0,1948.0,902.0,510.0,708.0,644.0,867.0,,,,
51664,28:40.000,28:40.012,1,1101.0,679.0,1212.0,824.0,,,,,,,,
51679,28:40.500,28:40.513,2,656.0,659.0,826.0,868.0,1723.0,801.0,1851.0,950.0,,,,
51694,28:41.000,28:41.013,2,1217.0,781.0,1329.0,926.0,26.0,707.0,272.0,947.0,,,,
51709,28:41.500,28:41.513,1,970.0,809.0,1083.0,952.0,,,,,,,,
51724,28:42.000,28:42.013,2,918.0,801.0,1032.0,948.0,2213.0,883.0,2457.0,1168.0,,,,
51739,28:42.500,28:42.513,1,1048.0,775.0,1160.0,922.0,,,,,,,,
51754,28:43.000,28:43.013,1,942.0,971.0,1058.0,1117.0,,,,,,,,
51769,28:43.500,28:43.513,1,1032.0,912.0,1146.0,1058.0,,,,,,,,
51784,28:44.000,28:44.013,1,1003.0,827.0,1117.0,970.0,,,,,,,,
51799,28:44.500,28:44.515,1,1016.0,772.0,1127.0,912.0,,,,,,,,
51814,28:45.000,28:45.015,1,1019.0,741.0,1130.0,881.0,,,,,,,,
51829,28:45.500,28:45.515,1,1023.0,880.0,1137.0,1028.0,,,,,,,,
51844,28:46.000,28:46.015,2,1818.0,718.0,2028.0,961.0,590.0,771.0,720.0,926.0,,,,
51859,28:46.500,28:46.515,2,1702.0,644.0,1899.0,881.0,462.0,714.0,600.0,873.0,,,,
51874,28:47.000,28:47.015,2,1803.0,658.0,2007.0,904.0,569.0,693.0,698.0,850.0,,,,
51889,28:47.500,28:47.515,2,222.0,707.0,421.0,936.0,1441.0,869.0,1556.0,1013.0,,,,
51904,28:48.000,28:48.015,2,1963.0,865.0,2110.0,1024.0,788.0,688.0,947.0,879.0,,,,
51919,28:48.500,28:48.517,2,873.0,733.0,989.0,875.0,2165.0,800.0,2412.0,1072.0,,,,
51934,28:49.000,28:49.008,2,1559.0,679.0,1745.0,911.0,292.0,729.0,443.0,896.0,,,,
51949,28:49.500,28:49.508,2,851.0,738.0,966.0,885.0,2110.0,755.0,2363.0,1027.0,,,,
51964,28:50.000,28:50.008,1,1111.0,762.0,1224.0,909.0,,,,,,,,
51979,28:50.500,28:50.508,2,1849.0,803.0,1988.0,966.0,712.0,697.0,880.0,900.0,,,,
51994,28:51.000,28:51.008,2,728.0,682.0,896.0,882.0,1876.0,803.0,2018.0,967.0,,,,
52009,28:51.500,28:51.508,2,179.0,613.0,396.0,855.0,1419.0,721.0,1534.0,861.0,,,,
52024,28:52.000,28:52.008,2,2031.0,766.0,2273.0,1041.0,774.0,716.0,896.0,867.0,,,,
52039,28:52.500,28:52.510,2,1636.0,741.0,1833.0,974.0,385.0,796.0,531.0,964.0,,,,
52054,28:53.000,28:53.010,2,941.0,738.0,1056.0,883.0,2246.0,829.0,2484.0,1116.0,,,,
52069,28:53.500,28:53.510,2,934.0,740.0,1048.0,884.0,2228.0,874.0,2465.0,1157.0,,,,
52084,28:54.000,28:54.010,1,1013.0,633.0,1126.0,777.0,,,,,,,,
52099,28:54.500,28:54.510,1,1087.0,580.0,1200.0,726.0,,,,,,,,
52114,28:55.000,28:55.010,1,1084.0,604.0,1196.0,751.0,,,,,,,,
52129,28:55.500,28:55.510,1,1043.0,774.0,1155.0,921.0,,,,,,,,
52144,28:56.000,28:56.010,1,1099.0,701.0,1211.0,841.0,,,,,,,,
52159,28:56.500,28:56.510,1,1116.0,710.0,1227.0,851.0,,,,,,,,
52174,28:57.000,28:57.012,1,1016.0,775.0,1127.0,916.0,,,,,,,,
52189,28:57.500,28:57.512,2,2202.0,863.0,2403.0,1126.0,929.0,778.0,1043.0,924.0,,,,
52204,28:58.000,28:58.012,2,1564.0,760.0,1753.0,997.0,296.0,829.0,448.0,998.0,,,,
52219,28:58.500,28:58.512,2,1778.0,805.0,1988.0,1059.0,546.0,815.0,678.0,972.0,,,,
52234,28:59.000,28:59.012,2,-4.0,724.0,204.0,962.0,1233.0,774.0,1344.0,917.0,,,,
52249,28:59.500,28:59.512,2,509.0,766.0,693.0,989.0,1629.0,855.0,1754.0,1005.0,,,,
52264,29:00.000,29:00.012,2,1431.0,845.0,1547.0,990.0,279.0,772.0,480.0,1010.0,,,,
52279,29:00.500,29:00.513,2,1207.0,862.0,1318.0,1003.0,-13.0,843.0,199.0,1083.0,,,,
52294,29:01.000,29:01.013,2,501.0,812.0,635.0,973.0,1716.0,767.0,1917.0,1020.0,,,,
52309,29:01.500,29:01.513,2,1824.0,760.0,2037.0,1012.0,603.0,765.0,732.0,926.0,,,,
52324,29:02.000,29:02.013,2,1209.0,774.0,1319.0,915.0,-93.0,667.0,127.0,922.0,,,,
52339,29:02.500,29:02.513,2,391.0,695.0,594.0,914.0,1536.0,830.0,1655.0,972.0,,,,
52354,29:03.000,29:03.013,2,266.0,681.0,471.0,907.0,1409.0,774.0,1523.0,918.0,,,,
52369,29:03.500,29:03.513,2,193.0,686.0,407.0,921.0,1369.0,804.0,1482.0,944.0,,,,
52384,29:04.000,29:04.013,2,201.0,675.0,415.0,911.0,1380.0,799.0,1492.0,940.0,,,,
52399,29:04.500,29:04.513,1,1096.0,833.0,1208.0,970.0,,,,,,,,
52414,29:05.000,29:05.015,2,682.0,784.0,804.0,934.0,1872.0,800.0,2088.0,1031.0,,,,
52429,29:05.500,29:05.515,2,631.0,765.0,756.0,915.0,1823.0,800.0,2030.0,1028.0,,,,
52444,29:06.000,29:06.015,2,997.0,761.0,1110.0,909.0,2276.0,886.0,2470.0,1143.0,,,,
52459,29:06.500,29:06.515,2,79.0,781.0,304.0,1023.0,1270.0,809.0,1381.0,957.0,,,,
52474,29:07.000,29:07.015,2,566.0,782.0,744.0,992.0,1624.0,857.0,1749.0,1015.0,,,,
52489,29:07.500,29:07.515,2,1822.0,867.0,1957.0,1022.0,766.0,764.0,933.0,966.0,,,,
52504,29:08.000,29:08.007,2,1270.0,765.0,1382.0,909.0,69.0,677.0,301.0,917.0,,,,
52519,29:08.500,29:08.507,2,1220.0,705.0,1332.0,848.0,-6.0,631.0,219.0,876.0,,,,
52534,29:09.000,29:09.008,2,1840.0,800.0,1977.0,956.0,772.0,732.0,937.0,933.0,,,,
52549,29:09.500,29:09.508,2,1843.0,827.0,1975.0,989.0,779.0,753.0,946.0,956.0,,,,
52564,29:10.000,29:10.008,2,745.0,774.0,913.0,976.0,1803.0,848.0,1936.0,1006.0,,,,
52579,29:10.500,29:10.508,2,721.0,777.0,891.0,984.0,1780.0,851.0,1911.0,1007.0,,,,
52594,29:11.000,29:11.008,2,1782.0,995.0,1914.0,1154.0,727.0,872.0,897.0,1081.0,,,,
52609,29:11.500,29:11.508,2,724.0,745.0,896.0,952.0,1792.0,825.0,1925.0,977.0,,,,
52624,29:12.000,29:12.008,2,1259.0,766.0,1369.0,910.0,32.0,702.0,267.0,947.0,,,,
52639,29:12.500,29:12.508,2,1234.0,735.0,1345.0,882.0,6.0,661.0,227.0,915.0,,,,
52654,29:13.000,29:13.010,2,22.0,680.0,231.0,926.0,1232.0,744.0,1344.0,893.0,,,,
52669,29:13.500,29:13.510,2,1855.0,811.0,1984.0,975.0,818.0,721.0,961.0,921.0,,,,
52684,29:14.000,29:14.010,2,1647.0,766.0,1762.0,924.0,624.0,717.0,776.0,922.0,,,,
52699,29:14.500,29:14.510,2,1306.0,767.0,1418.0,913.0,172.0,731.0,358.0,967.0,,,,
52714,29:15.000,29:15.010,2,1241.0,756.0,1348.0,905.0,25.0,725.0,232.0,966.0,,,,
52729,29:15.500,29:15.510,2,1775.0,784.0,1904.0,940.0,702.0,767.0,858.0,969.0,,,,
52744,29:16.000,29:16.010,2,1925.0,819.0,2059.0,978.0,830.0,777.0,986.0,977.0,,,,
52759,29:16.500,29:16.510,2,1921.0,809.0,2056.0,970.0,825.0,770.0,984.0,975.0,,,,
52774,29:17.000,29:17.012,2,1911.0,808.0,2045.0,968.0,827.0,762.0,974.0,968.0,,,,
52789,29:17.500,29:17.512,2,1555.0,774.0,1738.0,1004.0,283.0,735.0,431.0,907.0,,,,
52804,29:18.000,29:18.012,2,1418.0,737.0,1596.0,958.0,76.0,734.0,235.0,911.0,,,,
52819,29:18.500,29:18.512,2,1713.0,750.0,1910.0,987.0,471.0,738.0,601.0,904.0,,,,
52834,29:19.000,29:19.012,1,991.0,748.0,1104.0,897.0,,,,,,,,
52849,29:19.500,29:19.512,1,1021.0,737.0,1130.0,883.0,,,,,,,,
52864,29:20.000,29:20.012,2,962.0,835.0,1070.0,985.0,2282.0,909.0,2479.0,1166.0,,,,
52879,29:20.500,29:20.512,1,1004.0,726.0,1115.0,871.0,,,,,,,,
52894,29:21.000,29:21.013,1,1028.0,645.0,1143.0,794.0,,,,,,,,
52909,29:21.500,29:21.513,2,46.0,706.0,267.0,955.0,1194.0,744.0,1304.0,886.0,,,,
52924,29:22.000,29:22.013,2,1706.0,785.0,1834.0,938.0,744.0,743.0,905.0,953.0,,,,
52939,29:22.500,29:22.513,2,789.0,772.0,946.0,976.0,1782.0,797.0,1916.0,958.0,,,,
52954,29:23.000,29:23.013,2,1778.0,809.0,1902.0,963.0,792.0,793.0,947.0,995.0,,,,
52969,29:23.500,29:23.513,2,1773.0,805.0,1899.0,959.0,782.0,805.0,941.0,1002.0,,,,
52984,29:24.000,29:24.013,2,1803.0,797.0,1931.0,958.0,817.0,801.0,977.0,1008.0,,,,
52999,29:24.500,29:24.513,2,1551.0,783.0,1669.0,935.0,550.0,802.0,723.0,1016.0,,,,
53014,29:25.000,29:25.015,1,996.0,775.0,1106.0,921.0,,,,,,,,
53029,29:25.500,29:25.515,2,969.0,746.0,1077.0,894.0,2268.0,850.0,2492.0,1139.0,,,,
53044,29:26.000,29:26.015,2,915.0,545.0,1026.0,697.0,2203.0,670.0,2445.0,952.0,,,,
53059,29:26.500,29:26.515,1,1010.0,200.0,1130.0,366.0,,,,,,,,
53074,29:27.000,29:27.015,1,1068.0,157.0,1190.0,322.0,,,,,,,,
53089,29:27.500,29:27.507,1,1075.0,196.0,1197.0,360.0,,,,,,,,
53104,29:28.000,29:28.007,1,1093.0,228.0,1213.0,391.0,,,,,,,,
53119,29:28.500,29:28.507,1,1078.0,269.0,1198.0,432.0,,,,,,,,
53134,29:29.000,29:29.008,1,1087.0,319.0,1207.0,474.0,,,,,,,,
53149,29:29.500,29:29.508,1,1079.0,354.0,1199.0,500.0,,,,,,,,
53164,29:30.000,29:30.008,1,1042.0,367.0,1161.0,512.0,,,,,,,,
53179,29:30.500,29:30.508,1,1084.0,366.0,1199.0,516.0,,,,,,,,
53194,29:31.000,29:31.008,1,1071.0,346.0,1187.0,493.0,,,,,,,,
53209,29:31.500,29:31.508,1,1090.0,306.0,1207.0,460.0,,,,,,,,
53224,29:32.000,29:32.008,1,1044.0,303.0,1160.0,456.0,,,,,,,,
53239,29:32.500,29:32.508,1,1058.0,287.0,1176.0,443.0,,,,,,,,
53254,29:33.000,29:33.010,1,1107.0,284.0,1223.0,438.0,,,,,,,,
53269,29:33.500,29:33.510,1,1140.0,344.0,1254.0,492.0,,,,,,,,
53284,29:34.000,29:34.010,1,1122.0,503.0,1238.0,658.0,,,,,,,,
53299,29:34.500,29:34.510,1,1154.0,560.0,1265.0,709.0,,,,,,,,
53314,29:35.000,29:35.010,1,1142.0,545.0,1254.0,697.0,,,,,,,,
53329,29:35.500,29:35.510,1,1149.0,566.0,1263.0,722.0,,,,,,,,
53344,29:36.000,29:36.010,2,1150.0,580.0,1265.0,729.0,-63.0,514.0,133.0,764.0,,,,
53359,29:36.500,29:36.510,2,1193.0,597.0,1303.0,746.0,22.0,531.0,214.0,782.0,,,,
53374,29:37.000,29:37.012,2,1187.0,603.0,1300.0,751.0,23.0,542.0,212.0,791.0,,,,
53389,29:37.500,29:37.512,2,1197.0,606.0,1310.0,756.0,28.0,545.0,223.0,797.0,,,,
53404,29:38.000,29:38.012,2,30.0,538.0,226.0,788.0,1201.0,601.0,1312.0,750.0,,,,
53419,29:38.500,29:38.512,2,1202.0,608.0,1314.0,755.0,33.0,544.0,232.0,793.0,,,,
53434,29:39.000,29:39.012,2,27.0,552.0,227.0,800.0,1195.0,611.0,1307.0,760.0,,,,
53449,29:39.500,29:39.512,2,1197.0,620.0,1307.0,764.0,6.0,558.0,204.0,803.0,,,,
53464,29:40.000,29:40.012,2,1141.0,553.0,1254.0,702.0,-77.0,505.0,109.0,751.0,,,,
53479,29:40.500,29:40.512,2,1179.0,601.0,1291.0,747.0,-29.0,546.0,167.0,796.0,,,,
53494,29:41.000,29:41.013,2,1185.0,642.0,1298.0,787.0,3.0,595.0,203.0,838.0,,,,
53509,29:41.500,29:41.513,2,1185.0,645.0,1299.0,790.0,39.0,596.0,230.0,834.0,,,,
53524,29:42.000,29:42.013,2,1188.0,640.0,1302.0,790.0,49.0,594.0,239.0,835.0,,,,
53539,29:42.500,29:42.513,2,1194.0,648.0,1305.0,795.0,45.0,598.0,236.0,837.0,,,,
53554,29:43.000,29:43.013,2,1203.0,656.0,1314.0,800.0,56.0,605.0,247.0,843.0,,,,
53569,29:43.500,29:43.513,2,1201.0,659.0,1305.0,806.0,52.0,601.0,251.0,841.0,,,,
53584,29:44.000,29:44.013,2,1762.0,757.0,1885.0,915.0,730.0,711.0,885.0,909.0,,,,
53599,29:44.500,29:44.513,2,1929.0,782.0,2070.0,947.0,892.0,716.0,1041.0,912.0,,,,
53614,29:45.000,29:45.015,2,1891.0,752.0,2031.0,917.0,863.0,705.0,1012.0,896.0,,,,
53629,29:45.500,29:45.515,2,652.0,701.0,770.0,852.0,1834.0,702.0,2026.0,943.0,,,,
53644,29:46.000,29:46.015,2,1970.0,696.0,2182.0,953.0,773.0,681.0,886.0,828.0,,,,
53659,29:46.500,29:46.515,2,1953.0,793.0,2098.0,955.0,921.0,770.0,1073.0,967.0,,,,
53674,29:47.000,29:47.007,2,2008.0,800.0,2155.0,966.0,969.0,752.0,1121.0,941.0,,,,
53689,29:47.500,29:47.507,2,2026.0,810.0,2168.0,974.0,994.0,755.0,1150.0,948.0,,,,
53704,29:48.000,29:48.007,2,2012.0,809.0,2150.0,972.0,989.0,756.0,1141.0,946.0,,,,
53719,29:48.500,29:48.507,2,2046.0,803.0,2194.0,966.0,982.0,755.0,1141.0,939.0,,,,
53734,29:49.000,29:49.008,2,577.0,697.0,697.0,848.0,1751.0,751.0,1932.0,984.0,,,,
53749,29:49.500,29:49.508,2,1300.0,667.0,1456.0,882.0,-5.0,710.0,147.0,886.0,,,,
53764,29:50.000,29:50.008,2,1309.0,682.0,1462.0,894.0,20.0,714.0,176.0,887.0,,,,
53779,29:50.500,29:50.508,2,46.0,713.0,199.0,886.0,1314.0,687.0,1468.0,903.0,,,,
53794,29:51.000,29:51.008,2,61.0,706.0,212.0,880.0,1321.0,684.0,1467.0,897.0,,,,
53809,29:51.500,29:51.508,2,70.0,718.0,220.0,887.0,1323.0,693.0,1466.0,897.0,,,,
53824,29:52.000,29:52.008,2,68.0,715.0,219.0,886.0,1322.0,694.0,1468.0,897.0,,,,
53839,29:52.500,29:52.508,2,160.0,711.0,305.0,881.0,1382.0,696.0,1530.0,907.0,,,,
53854,29:53.000,29:53.010,2,851.0,762.0,949.0,905.0,2004.0,774.0,2197.0,1024.0,,,,
53869,29:53.500,29:53.510,2,2141.0,793.0,2343.0,1039.0,949.0,744.0,1050.0,891.0,,,,
53884,29:54.000,29:54.010,2,863.0,1023.0,971.0,1172.0,2047.0,1131.0,2246.0,1403.0,,,,
53899,29:54.500,29:54.510,2,777.0,800.0,885.0,947.0,1908.0,929.0,2088.0,1174.0,,,,
53914,29:55.000,29:55.010,2,823.0,835.0,932.0,984.0,1971.0,962.0,2157.0,1214.0,,,,
53929,29:55.500,29:55.510,2,867.0,818.0,974.0,963.0,2027.0,950.0,2220.0,1205.0,,,,
53944,29:56.000,29:56.010,2,1035.0,762.0,1138.0,908.0,2280.0,894.0,2472.0,1154.0,,,,
53959,29:56.500,29:56.510,2,2000.0,818.0,2138.0,977.0,964.0,734.0,1100.0,938.0,,,,
53974,29:57.000,29:57.012,2,1915.0,780.0,2056.0,947.0,915.0,726.0,1058.0,930.0,,,,
53989,29:57.500,29:57.512,2,935.0,826.0,1042.0,970.0,2228.0,913.0,2449.0,1178.0,,,,
54004,29:58.000,29:58.012,2,1501.0,727.0,1617.0,879.0,421.0,726.0,595.0,943.0,,,,
54019,29:58.500,29:58.512,2,2057.0,760.0,2203.0,928.0,926.0,697.0,1085.0,893.0,,,,
54034,29:59.000,29:59.012,2,967.0,706.0,1123.0,902.0,2078.0,763.0,2237.0,933.0,,,,
54049,29:59.500,29:59.512,2,970.0,701.0,1124.0,899.0,2079.0,773.0,2236.0,940.0,,,,
54064,30:00.000,30:00.012,1,1026.0,755.0,1132.0,902.0,,,,,,,,
54079,30:00.500,30:00.512,2,1707.0,720.0,1913.0,960.0,536.0,689.0,663.0,844.0,,,,
54094,30:01.000,30:01.013,2,1614.0,675.0,1808.0,914.0,402.0,697.0,545.0,858.0,,,,
54109,30:01.500,30:01.513,2,1596.0,658.0,1791.0,902.0,370.0,695.0,517.0,858.0,,,,
54124,30:02.000,30:02.013,2,929.0,698.0,1042.0,844.0,2202.0,699.0,2455.0,978.0,,,,
54139,30:02.500,30:02.513,2,1170.0,713.0,1280.0,856.0,-51.0,687.0,170.0,936.0,,,,
54154,30:03.000,30:03.013,2,1184.0,727.0,1295.0,872.0,-47.0,708.0,179.0,959.0,,,,
54169,30:03.500,30:03.513,2,1234.0,747.0,1347.0,896.0,45.0,724.0,272.0,968.0,,,,
54184,30:04.000,30:04.013,2,1786.0,752.0,1917.0,909.0,772.0,768.0,921.0,972.0,,,,
54199,30:04.500,30:04.513,2,1770.0,769.0,1895.0,924.0,754.0,794.0,897.0,994.0,,,,
54214,30:05.000,30:05.015,2,460.0,771.0,625.0,986.0,1491.0,742.0,1608.0,894.0,,,,
54229,30:05.500,30:05.515,2,1392.0,735.0,1502.0,881.0,347.0,755.0,525.0,982.0,,,,
54244,30:06.000,30:06.015,2,1671.0,724.0,1795.0,878.0,677.0,765.0,834.0,969.0,,,,
54259,30:06.500,30:06.507,2,1876.0,767.0,1998.0,926.0,840.0,771.0,988.0,967.0,,,,
54274,30:07.000,30:07.007,2,1887.0,760.0,2011.0,920.0,851.0,755.0,998.0,951.0,,,,
54289,30:07.500,30:07.507,2,1736.0,711.0,1848.0,860.0,673.0,693.0,833.0,892.0,,,,
54304,30:08.000,30:08.007,2,1607.0,640.0,1718.0,791.0,526.0,604.0,694.0,821.0,,,,
54319,30:08.500,30:08.507,2,335.0,533.0,520.0,762.0,1441.0,561.0,1556.0,708.0,,,,
54334,30:09.000,30:09.008,2,394.0,539.0,571.0,768.0,1464.0,565.0,1572.0,714.0,,,,
54349,30:09.500,30:09.508,2,1726.0,626.0,1845.0,783.0,713.0,633.0,865.0,833.0,,,,
54364,30:10.000,30:10.008,2,1874.0,726.0,1998.0,883.0,844.0,674.0,995.0,871.0,,,,
54379,30:10.500,30:10.508,2,1748.0,698.0,1867.0,851.0,723.0,644.0,882.0,849.0,,,,
54394,30:11.000,30:11.008,2,1717.0,690.0,1835.0,844.0,671.0,630.0,830.0,841.0,,,,
54409,30:11.500,30:11.508,2,661.0,620.0,819.0,827.0,1705.0,682.0,1820.0,836.0,,,,
54424,30:12.000,30:12.008,2,709.0,645.0,872.0,857.0,1755.0,707.0,1873.0,860.0,,,,
54439,30:12.500,30:12.508,2,752.0,641.0,915.0,852.0,1845.0,735.0,1968.0,900.0,,,,
54454,30:13.000,30:13.010,2,1841.0,742.0,1963.0,903.0,769.0,649.0,933.0,867.0,,,,
54469,30:13.500,30:13.510,2,770.0,666.0,935.0,871.0,1842.0,738.0,1965.0,900.0,,,,
54484,30:14.000,30:14.010,2,763.0,679.0,928.0,883.0,1818.0,737.0,1940.0,899.0,,,,
54499,30:14.500,30:14.510,2,418.0,777.0,612.0,1006.0,1513.0,881.0,1630.0,1030.0,,,,
54514,30:15.000,30:15.010,1,1082.0,910.0,1191.0,1053.0,,,,,,,,
54529,30:15.500,30:15.510,2,265.0,772.0,468.0,1008.0,1400.0,798.0,1514.0,944.0,,,,
54544,30:16.000,30:16.010,2,1865.0,708.0,2005.0,870.0,844.0,661.0,981.0,865.0,,,,
54559,30:16.500,30:16.510,2,1797.0,931.0,1923.0,1086.0,813.0,827.0,939.0,1037.0,,,,
54574,30:17.000,30:17.010,2,1475.0,926.0,1590.0,1075.0,466.0,830.0,614.0,1061.0,,,,
54589,30:17.500,30:17.512,1,1030.0,930.0,1142.0,1077.0,,,,,,,,
54604,30:18.000,30:18.012,1,1089.0,834.0,1200.0,979.0,,,,,,,,
54619,30:18.500,30:18.512,1,1041.0,710.0,1150.0,853.0,,,,,,,,
54634,30:19.000,30:19.012,1,1052.0,784.0,1161.0,927.0,,,,,,,,
54649,30:19.500,30:19.512,2,147.0,722.0,354.0,970.0,1314.0,773.0,1421.0,915.0,,,,
54664,30:20.000,30:20.012,2,1858.0,832.0,1992.0,990.0,796.0,758.0,948.0,963.0,,,,
54679,30:20.500,30:20.512,2,1922.0,851.0,2059.0,1007.0,854.0,752.0,1007.0,953.0,,,,
54694,30:21.000,30:21.012,2,1955.0,856.0,2094.0,1019.0,883.0,753.0,1035.0,954.0,,,,
54709,30:21.500,30:21.513,2,1968.0,851.0,2101.0,1010.0,884.0,747.0,1035.0,955.0,,,,
54724,30:22.000,30:22.013,2,902.0,752.0,1053.0,954.0,1986.0,854.0,2115.0,1013.0,,,,
54739,30:22.500,30:22.513,2,1977.0,860.0,2121.0,1019.0,894.0,760.0,1047.0,957.0,,,,
54754,30:23.000,30:23.013,2,917.0,761.0,1064.0,963.0,1946.0,851.0,2083.0,1013.0,,,,
54769,30:23.500,30:23.513,2,1939.0,847.0,2070.0,1009.0,904.0,754.0,1052.0,955.0,,,,
54784,30:24.000,30:24.013,2,888.0,770.0,1038.0,969.0,1937.0,850.0,2068.0,1014.0,,,,
54799,30:24.500,30:24.513,2,890.0,768.0,1048.0,973.0,1936.0,846.0,2064.0,1006.0,,,,
54814,30:25.000,30:25.013,2,900.0,776.0,1058.0,977.0,1937.0,847.0,2067.0,1012.0,,,,
54829,30:25.500,30:25.515,2,903.0,777.0,1061.0,982.0,1935.0,849.0,2065.0,1014.0,,,,
54844,30:26.000,30:26.015,2,896.0,778.0,1060.0,978.0,1938.0,846.0,2069.0,1006.0,,,,
54859,30:26.500,30:26.507,2,899.0,763.0,1061.0,968.0,1953.0,853.0,2094.0,1011.0,,,,
54874,30:27.000,30:27.007,2,896.0,763.0,1055.0,973.0,1957.0,852.0,2103.0,1011.0,,,,
54889,30:27.500,30:27.507,2,881.0,767.0,1037.0,973.0,1946.0,846.0,2092.0,1011.0,,,,
54904,30:28.000,30:28.007,2,894.0,768.0,1044.0,969.0,1952.0,853.0,2099.0,1014.0,,,,
54919,30:28.500,30:28.507,2,898.0,768.0,1043.0,975.0,1944.0,855.0,2089.0,1015.0,,,,
54934,30:29.000,30:29.007,2,923.0,759.0,1052.0,964.0,1940.0,850.0,2084.0,1010.0,,,,
54949,30:29.500,30:29.508,2,874.0,765.0,1023.0,966.0,1914.0,851.0,2055.0,1010.0,,,,
54964,30:30.000,30:30.008,2,2109.0,1068.0,2338.0,1339.0,867.0,981.0,981.0,1128.0,,,,
54979,30:30.500,30:30.508,2,363.0,922.0,508.0,1084.0,1575.0,934.0,1750.0,1159.0,,,,
54994,30:31.000,30:31.008,2,926.0,836.0,1040.0,979.0,2183.0,882.0,2402.0,1144.0,,,,
55009,30:31.500,30:31.508,2,1107.0,794.0,1217.0,937.0,-78.0,768.0,103.0,1016.0,,,,
55024,30:32.000,30:32.008,1,1000.0,972.0,1110.0,1117.0,,,,,,,,
55039,30:32.500,30:32.508,1,1014.0,954.0,1124.0,1096.0,,,,,,,,
55053,30:33.000,30:33.017,1,1170.0,1208.0,1285.0,1361.0,,,,,,,,
55068,30:33.500,30:33.510,2,105.0,691.0,343.0,994.0,948.0,720.0,1043.0,854.0,,,,
55083,30:34.000,30:34.010,2,1315.0,693.0,1406.0,819.0,624.0,654.0,734.0,798.0,,,,
55098,30:34.500,30:34.510,1,503.0,743.0,608.0,880.0,,,,,,,,
55113,30:35.000,30:35.010,1,181.0,723.0,309.0,868.0,,,,,,,,
55128,30:35.500,30:35.510,1,213.0,733.0,337.0,878.0,,,,,,,,
55143,30:36.000,30:36.010,1,219.0,752.0,342.0,898.0,,,,,,,,
55158,30:36.500,30:36.510,1,226.0,761.0,347.0,908.0,,,,,,,,
55173,30:37.000,30:37.010,1,227.0,760.0,348.0,904.0,,,,,,,,
55188,30:37.500,30:37.512,1,231.0,764.0,354.0,907.0,,,,,,,,
55204,30:38.000,30:38.012,1,277.0,760.0,396.0,906.0,,,,,,,,
55219,30:38.500,30:38.512,1,306.0,772.0,425.0,915.0,,,,,,,,
55234,30:39.000,30:39.012,1,304.0,780.0,420.0,923.0,,,,,,,,
55249,30:39.500,30:39.512,1,300.0,783.0,416.0,924.0,,,,,,,,
55264,30:40.000,30:40.012,0,,,,,,,,,,,,
55279,30:40.500,30:40.512,0,,,,,,,,,,,,
55294,30:41.000,30:41.012,1,336.0,804.0,470.0,966.0,,,,,,,,
55309,30:41.500,30:41.513,2,677.0,778.0,790.0,925.0,1372.0,783.0,1462.0,908.0,,,,
55324,30:42.000,30:42.013,1,641.0,772.0,740.0,905.0,,,,,,,,
55339,30:42.500,30:42.513,1,361.0,750.0,474.0,893.0,,,,,,,,
55354,30:43.000,30:43.013,1,421.0,773.0,528.0,909.0,,,,,,,,
55369,30:43.500,30:43.513,1,460.0,776.0,569.0,910.0,,,,,,,,
55384,30:44.000,30:44.013,1,477.0,784.0,582.0,915.0,,,,,,,,
55399,30:44.500,30:44.513,1,478.0,785.0,584.0,921.0,,,,,,,,
55414,30:45.000,30:45.013,1,470.0,781.0,579.0,919.0,,,,,,,,
55429,30:45.500,30:45.515,1,472.0,768.0,577.0,906.0,,,,,,,,
55444,30:46.000,30:46.007,1,458.0,770.0,564.0,909.0,,,,,,,,
55459,30:46.500,30:46.507,1,452.0,771.0,559.0,910.0,,,,,,,,
55474,30:47.000,30:47.007,1,430.0,780.0,540.0,918.0,,,,,,,,
55489,30:47.500,30:47.507,1,416.0,778.0,525.0,921.0,,,,,,,,
55504,30:48.000,30:48.007,1,411.0,783.0,522.0,922.0,,,,,,,,
55519,30:48.500,30:48.507,1,411.0,784.0,521.0,924.0,,,,,,,,
55534,30:49.000,30:49.007,1,417.0,781.0,526.0,923.0,,,,,,,,
55549,30:49.500,30:49.508,1,415.0,780.0,525.0,923.0,,,,,,,,
55564,30:50.000,30:50.008,1,403.0,779.0,517.0,922.0,,,,,,,,
55579,30:50.500,30:50.508,1,410.0,780.0,523.0,922.0,,,,,,,,
55594,30:51.000,30:51.008,1,415.0,785.0,524.0,924.0,,,,,,,,
55609,30:51.500,30:51.508,2,1279.0,797.0,1368.0,920.0,576.0,765.0,695.0,922.0,,,,
55624,30:52.000,30:52.008,3,1402.0,780.0,1505.0,925.0,2166.0,857.0,2303.0,1012.0,757.0,736.0,894.0,982.0
55639,30:52.500,30:52.508,3,1765.0,766.0,1871.0,898.0,1108.0,733.0,1197.0,865.0,376.0,718.0,531.0,975.0
55654,30:53.000,30:53.008,1,454.0,714.0,567.0,846.0,,,,,,,,
55669,30:53.500,30:53.510,1,351.0,713.0,471.0,853.0,,,,,,,,
55684,30:54.000,30:54.010,1,388.0,719.0,507.0,859.0,,,,,,,,
55699,30:54.500,30:54.510,1,513.0,709.0,622.0,844.0,,,,,,,,
55714,30:55.000,30:55.010,1,765.0,722.0,862.0,852.0,,,,,,,,
55729,30:55.500,30:55.510,1,803.0,740.0,894.0,864.0,,,,,,,,
55744,30:56.000,30:56.010,2,840.0,732.0,930.0,859.0,-15.0,703.0,112.0,865.0,,,,
55759,30:56.500,30:56.510,2,828.0,730.0,921.0,856.0,-27.0,693.0,106.0,860.0,,,,
55774,30:57.000,30:57.010,2,828.0,738.0,918.0,863.0,-38.0,694.0,102.0,862.0,,,,
55789,30:57.500,30:57.512,2,832.0,743.0,922.0,867.0,-44.0,695.0,103.0,864.0,,,,
55804,30:58.000,30:58.012,2,812.0,737.0,904.0,864.0,-57.0,693.0,73.0,865.0,,,,
55819,30:58.500,30:58.512,2,823.0,739.0,915.0,866.0,-30.0,699.0,106.0,862.0,,,,
55834,30:59.000,30:59.012,2,825.0,742.0,916.0,868.0,-20.0,704.0,110.0,865.0,,,,
55849,30:59.500,30:59.512,2,824.0,749.0,915.0,878.0,-21.0,713.0,106.0,876.0,,,,
55864,31:00.000,31:00.012,2,824.0,744.0,917.0,873.0,-17.0,703.0,110.0,866.0,,,,
55879,31:00.500,31:00.512,2,848.0,751.0,939.0,875.0,2.0,719.0,136.0,876.0,,,,
55894,31:01.000,31:01.012,2,905.0,742.0,995.0,868.0,102.0,710.0,233.0,869.0,,,,
55909,31:01.500,31:01.513,3,1693.0,829.0,1793.0,965.0,1046.0,790.0,1139.0,923.0,246.0,760.0,435.0,1033.0
55924,31:02.000,31:02.013,3,1408.0,768.0,1502.0,901.0,2141.0,857.0,2269.0,1012.0,723.0,682.0,866.0,927.0
55939,31:02.500,31:02.513,3,1887.0,852.0,1997.0,995.0,1212.0,782.0,1302.0,917.0,480.0,718.0,645.0,979.0
55954,31:03.000,31:03.013,3,1033.0,742.0,1123.0,874.0,227.0,674.0,416.0,944.0,1674.0,807.0,1776.0,945.0
55969,31:03.500,31:03.513,3,1033.0,778.0,1124.0,912.0,1673.0,836.0,1773.0,974.0,231.0,715.0,419.0,993.0
55984,31:04.000,31:04.013,3,1034.0,794.0,1124.0,926.0,1674.0,853.0,1773.0,990.0,229.0,740.0,417.0,1009.0
55999,31:04.500,31:04.513,3,1037.0,809.0,1128.0,940.0,194.0,741.0,417.0,1018.0,1675.0,864.0,1776.0,1000.0
56014,31:05.000,31:05.013,3,196.0,738.0,419.0,1018.0,1040.0,812.0,1132.0,943.0,1685.0,868.0,1786.0,1004.0
56029,31:05.500,31:05.515,3,1691.0,852.0,1792.0,988.0,1046.0,803.0,1138.0,934.0,231.0,728.0,422.0,1003.0
56044,31:06.000,31:06.007,3,1693.0,842.0,1795.0,980.0,1059.0,824.0,1157.0,944.0,237.0,725.0,407.0,997.0
56059,31:06.500,31:06.507,2,1082.0,728.0,1172.0,858.0,385.0,756.0,503.0,893.0,,,,
56074,31:07.000,31:07.007,1,499.0,667.0,604.0,805.0,,,,,,,,
56089,31:07.500,31:07.507,1,604.0,650.0,704.0,788.0,,,,,,,,
56104,31:08.000,31:08.007,1,864.0,569.0,956.0,702.0,,,,,,,,
56119,31:08.500,31:08.507,1,1222.0,526.0,1312.0,652.0,,,,,,,,
56134,31:09.000,31:09.007,2,1524.0,591.0,1617.0,720.0,-30.0,602.0,163.0,901.0,,,,
56149,31:09.500,31:09.508,2,1919.0,619.0,2029.0,754.0,496.0,652.0,653.0,917.0,,,,
56164,31:10.000,31:10.008,1,1455.0,635.0,1542.0,758.0,,,,,,,,
56179,31:10.500,31:10.508,1,733.0,614.0,825.0,746.0,,,,,,,,
56194,31:11.000,31:11.008,1,820.0,1001.0,914.0,1136.0,,,,,,,,
56209,31:11.500,31:11.508,0,,,,,,,,,,,,
56224,31:12.000,31:12.000,0,,,,,,,,,,,,
56248,31:12.500,31:12.500,0,,,,,,,,,,,,
56256,31:13.000,31:13.075,0,,,,,,,,,,,,
56282,31:13.500,31:13.510,0,,,,,,,,,,,,
56312,31:14.000,31:14.010,0,,,,,,,,,,,,
56342,31:14.500,31:14.510,0,,,,,,,,,,,,
56372,31:15.000,31:15.010,0,,,,,,,,,,,,
56402,31:15.500,31:15.510,0,,,,,,,,,,,,
56432,31:16.000,31:16.010,0,,,,,,,,,,,,
56462,31:16.500,31:16.510,0,,,,,,,,,,,,
56492,31:17.000,31:17.010,0,,,,,,,,,,,,
56522,31:17.500,31:17.512,0,,,,,,,,,,,,
56552,31:18.000,31:18.012,0,,,,,,,,,,,,
56582,31:18.500,31:18.512,0,,,,,,,,,,,,
56612,31:19.000,31:19.012,0,,,,,,,,,,,,
56642,31:19.500,31:19.512,0,,,,,,,,,,,,
