frame,time,faces_detected_count,face_0_tl_x,face_0_tl_y,face_0_br_x,face_0_br_y,face_1_tl_x,face_1_tl_y,face_1_br_x,face_1_br_y
5449,04:58.333,1,1274.0,397.0,1504.0,727.0,,,,
5450,05:59.358,1,1274.0,402.0,1506.0,730.0,,,,
5451,05:59.392,1,1275.0,411.0,1504.0,740.0,,,,
5452,05:59.425,1,1274.0,421.0,1501.0,747.0,,,,
5453,05:59.458,1,1272.0,430.0,1496.0,753.0,,,,
5454,05:59.492,1,1267.0,443.0,1491.0,762.0,,,,
5455,05:59.527,1,1258.0,449.0,1483.0,770.0,,,,
5456,05:59.560,1,1251.0,453.0,1476.0,772.0,,,,
5457,05:59.593,1,1242.0,455.0,1468.0,774.0,,,,
5458,05:59.627,1,1230.0,459.0,1459.0,780.0,,,,
5459,05:59.660,1,1221.0,457.0,1447.0,779.0,,,,
5460,05:59.693,1,1213.0,457.0,1436.0,779.0,,,,
5461,05:59.727,1,1207.0,465.0,1429.0,785.0,,,,
5462,05:59.760,1,1197.0,480.0,1421.0,801.0,,,,
5463,05:59.793,1,1189.0,498.0,1415.0,822.0,,,,
5464,05:59.827,1,1185.0,524.0,1408.0,842.0,,,,
5465,05:59.860,1,1179.0,553.0,1405.0,865.0,,,,
5466,05:59.893,1,1175.0,571.0,1397.0,888.0,,,,
5467,05:59.927,1,1169.0,587.0,1392.0,901.0,,,,
5468,05:59.960,1,1162.0,599.0,1387.0,913.0,,,,
5469,05:59.993,1,1156.0,610.0,1381.0,922.0,,,,
5470,06:00.027,1,1153.0,613.0,1375.0,927.0,,,,
5471,06:00.060,1,1149.0,612.0,1373.0,926.0,,,,
5472,06:00.093,1,1146.0,604.0,1369.0,923.0,,,,
5473,06:00.127,1,1144.0,596.0,1367.0,914.0,,,,
5474,06:00.160,1,1143.0,585.0,1366.0,909.0,,,,
5475,06:00.193,1,1143.0,586.0,1367.0,910.0,,,,
5476,06:00.227,1,1141.0,597.0,1366.0,916.0,,,,
5477,06:00.260,1,1142.0,602.0,1367.0,923.0,,,,
5478,06:00.293,1,1143.0,595.0,1368.0,916.0,,,,
5479,06:00.335,1,1140.0,581.0,1364.0,903.0,,,,
5480,06:00.360,1,1135.0,572.0,1359.0,894.0,,,,
5481,06:00.393,1,1128.0,579.0,1353.0,897.0,,,,
5482,06:00.427,1,1120.0,584.0,1345.0,903.0,,,,
5483,06:00.460,1,1114.0,583.0,1341.0,909.0,,,,
5484,06:00.493,1,1113.0,582.0,1339.0,901.0,,,,
5485,06:00.527,1,1112.0,564.0,1339.0,887.0,,,,
5486,06:00.560,1,1110.0,548.0,1333.0,868.0,,,,
5487,06:00.593,1,1102.0,531.0,1328.0,853.0,,,,
5488,06:00.627,1,1093.0,516.0,1318.0,840.0,,,,
5489,06:00.660,1,1084.0,514.0,1307.0,837.0,,,,
5490,06:00.693,1,1069.0,524.0,1294.0,847.0,,,,
5491,06:00.727,1,1059.0,542.0,1285.0,864.0,,,,
5492,06:00.760,1,1054.0,559.0,1277.0,880.0,,,,
5493,06:00.793,1,1055.0,577.0,1276.0,895.0,,,,
5494,06:00.827,1,1056.0,589.0,1278.0,910.0,,,,
5495,06:00.860,1,1060.0,604.0,1283.0,921.0,,,,
5496,06:00.893,1,1063.0,616.0,1287.0,929.0,,,,
5497,06:00.927,1,1068.0,616.0,1291.0,930.0,,,,
5498,06:00.960,1,1075.0,609.0,1297.0,925.0,,,,
5499,06:00.993,1,1078.0,600.0,1299.0,914.0,,,,
5500,06:01.027,1,1075.0,587.0,1295.0,906.0,,,,
5501,06:01.060,1,1070.0,581.0,1290.0,894.0,,,,
5502,06:01.093,1,1063.0,574.0,1282.0,887.0,,,,
5503,06:01.127,1,1050.0,578.0,1269.0,894.0,,,,
5504,06:01.160,1,1040.0,587.0,1263.0,901.0,,,,
5505,06:01.193,1,1032.0,601.0,1253.0,916.0,,,,
5506,06:01.227,1,1026.0,616.0,1243.0,927.0,,,,
5507,06:01.260,1,1019.0,630.0,1237.0,942.0,,,,
5508,06:01.293,1,1015.0,641.0,1236.0,953.0,,,,
5509,06:01.327,1,1014.0,646.0,1235.0,962.0,,,,
5510,06:01.360,1,1015.0,657.0,1236.0,969.0,,,,
5511,06:01.393,1,1020.0,663.0,1239.0,974.0,,,,
5512,06:01.427,1,1029.0,664.0,1246.0,979.0,,,,
5513,06:01.460,1,1034.0,666.0,1256.0,977.0,,,,
5514,06:01.493,1,1046.0,664.0,1266.0,974.0,,,,
5515,06:01.527,1,1056.0,658.0,1274.0,971.0,,,,
5516,06:01.560,1,1064.0,655.0,1286.0,967.0,,,,
5517,06:01.593,1,1073.0,658.0,1294.0,967.0,,,,
5518,06:01.627,1,1079.0,658.0,1297.0,969.0,,,,
5519,06:01.660,1,1080.0,658.0,1299.0,970.0,,,,
5520,06:01.693,1,1079.0,662.0,1298.0,972.0,,,,
5521,06:01.727,1,1075.0,664.0,1295.0,972.0,,,,
5522,06:01.760,1,1068.0,666.0,1288.0,971.0,,,,
5523,06:01.793,1,1062.0,663.0,1282.0,974.0,,,,
5524,06:01.827,1,1059.0,665.0,1276.0,975.0,,,,
5525,06:01.860,1,1057.0,664.0,1273.0,976.0,,,,
5526,06:01.893,1,1058.0,664.0,1273.0,980.0,,,,
5527,06:01.927,1,1061.0,663.0,1274.0,981.0,,,,
5528,06:01.960,1,1061.0,660.0,1275.0,978.0,,,,
5529,06:01.993,1,1061.0,659.0,1276.0,976.0,,,,
5530,06:02.027,1,1062.0,656.0,1277.0,973.0,,,,
5531,06:02.060,1,1063.0,656.0,1277.0,970.0,,,,
5532,06:02.093,1,1064.0,656.0,1280.0,966.0,,,,
5533,06:02.127,1,1068.0,657.0,1283.0,963.0,,,,
5534,06:02.160,1,1071.0,662.0,1287.0,962.0,,,,
5535,06:02.193,1,1074.0,667.0,1287.0,964.0,,,,
5536,06:02.227,1,1077.0,668.0,1290.0,965.0,,,,
5537,06:02.260,1,1082.0,667.0,1293.0,966.0,,,,
5538,06:02.293,1,1085.0,669.0,1294.0,967.0,,,,
5539,06:02.327,1,1088.0,673.0,1299.0,972.0,,,,
5540,06:02.360,1,1092.0,678.0,1301.0,980.0,,,,
5541,06:02.393,1,1094.0,692.0,1300.0,994.0,,,,
5542,06:02.427,1,1097.0,719.0,1305.0,1021.0,,,,
5543,06:02.460,1,1104.0,749.0,1315.0,1051.0,,,,
5544,06:02.493,1,1115.0,782.0,1324.0,1085.0,,,,
5545,06:02.527,1,1125.0,816.0,1336.0,1113.0,,,,
5546,06:02.560,1,1137.0,829.0,1348.0,1131.0,,,,
5547,06:02.593,1,1148.0,840.0,1358.0,1140.0,,,,
5548,06:02.627,1,1153.0,839.0,1365.0,1143.0,,,,
5549,06:02.660,1,1157.0,843.0,1369.0,1147.0,,,,
5550,06:02.693,1,1162.0,847.0,1372.0,1153.0,,,,
5551,06:02.727,1,1166.0,848.0,1373.0,1156.0,,,,
5552,06:02.760,1,1171.0,849.0,1376.0,1157.0,,,,
5553,06:02.793,1,1176.0,847.0,1384.0,1153.0,,,,
5554,06:02.827,1,1180.0,850.0,1386.0,1149.0,,,,
5555,06:02.860,1,1183.0,846.0,1388.0,1143.0,,,,
5556,06:02.893,1,1187.0,844.0,1391.0,1136.0,,,,
5557,06:02.927,1,1191.0,835.0,1394.0,1129.0,,,,
5558,06:02.960,1,1188.0,830.0,1393.0,1121.0,,,,
5559,06:02.993,1,1183.0,825.0,1388.0,1119.0,,,,
5560,06:03.027,1,1179.0,820.0,1383.0,1115.0,,,,
5561,06:03.060,1,1172.0,816.0,1376.0,1111.0,,,,
5562,06:03.093,1,1167.0,811.0,1372.0,1106.0,,,,
5563,06:03.127,1,1166.0,809.0,1369.0,1102.0,,,,
5564,06:03.160,1,1166.0,805.0,1368.0,1103.0,,,,
5565,06:03.193,1,1167.0,801.0,1368.0,1103.0,,,,
5566,06:03.227,1,1170.0,796.0,1368.0,1093.0,,,,
5567,06:03.260,1,1171.0,782.0,1368.0,1086.0,,,,
5568,06:03.293,1,1174.0,771.0,1369.0,1080.0,,,,
5569,06:03.327,1,1177.0,766.0,1373.0,1076.0,,,,
5570,06:03.360,1,1180.0,765.0,1379.0,1073.0,,,,
5571,06:03.393,1,1183.0,762.0,1383.0,1068.0,,,,
5572,06:03.427,1,1186.0,759.0,1387.0,1058.0,,,,
5573,06:03.460,1,1188.0,752.0,1389.0,1043.0,,,,
5574,06:03.495,1,1189.0,750.0,1390.0,1034.0,,,,
5575,06:03.528,1,1188.0,747.0,1390.0,1031.0,,,,
5576,06:03.562,1,1187.0,745.0,1388.0,1034.0,,,,
5577,06:03.595,1,1185.0,743.0,1385.0,1030.0,,,,
5578,06:03.628,1,1184.0,737.0,1383.0,1024.0,,,,
5579,06:03.662,1,1182.0,735.0,1379.0,1019.0,,,,
5580,06:03.695,1,1178.0,731.0,1375.0,1019.0,,,,
5581,06:03.728,1,1179.0,730.0,1376.0,1021.0,,,,
5582,06:03.762,1,1183.0,733.0,1380.0,1028.0,,,,
5583,06:03.795,1,1185.0,734.0,1384.0,1031.0,,,,
5584,06:03.828,1,1185.0,735.0,1384.0,1031.0,,,,
5585,06:03.862,1,1185.0,735.0,1384.0,1028.0,,,,
5586,06:03.895,1,1186.0,734.0,1385.0,1023.0,,,,
5587,06:03.928,1,1186.0,734.0,1385.0,1023.0,,,,
5588,06:03.962,1,1185.0,733.0,1385.0,1025.0,,,,
5589,06:03.995,1,1185.0,732.0,1386.0,1024.0,,,,
5590,06:04.028,1,1185.0,735.0,1385.0,1026.0,,,,
5591,06:04.062,1,1188.0,736.0,1389.0,1028.0,,,,
5592,06:04.095,1,1194.0,738.0,1391.0,1034.0,,,,
5593,06:04.128,1,1198.0,739.0,1395.0,1031.0,,,,
5594,06:04.162,1,1202.0,737.0,1401.0,1023.0,,,,
5595,06:04.195,1,1204.0,735.0,1403.0,1016.0,,,,
5596,06:04.228,1,1204.0,735.0,1400.0,1013.0,,,,
5597,06:04.262,1,1203.0,735.0,1399.0,1010.0,,,,
5598,06:04.295,1,1201.0,733.0,1398.0,1013.0,,,,
5599,06:04.328,1,1200.0,732.0,1398.0,1015.0,,,,
5600,06:04.362,1,1201.0,730.0,1397.0,1013.0,,,,
5601,06:04.395,1,1201.0,727.0,1396.0,1010.0,,,,
5602,06:04.428,1,1197.0,724.0,1394.0,1010.0,,,,
5603,06:04.462,1,1198.0,721.0,1394.0,1008.0,,,,
5604,06:04.495,1,1200.0,725.0,1396.0,1014.0,,,,
5605,06:04.528,1,1199.0,723.0,1393.0,1005.0,,,,
5606,06:04.562,1,1198.0,723.0,1391.0,1005.0,,,,
5607,06:04.595,1,1196.0,733.0,1390.0,1013.0,,,,
5608,06:04.628,1,1196.0,730.0,1390.0,1015.0,,,,
5609,06:04.662,1,1196.0,728.0,1391.0,1020.0,,,,
5610,06:04.695,1,1197.0,725.0,1391.0,1020.0,,,,
5611,06:04.728,1,1197.0,722.0,1392.0,1017.0,,,,
5612,06:04.762,1,1197.0,724.0,1391.0,1013.0,,,,
5613,06:04.795,1,1195.0,726.0,1389.0,1012.0,,,,
5614,06:04.828,1,1196.0,725.0,1390.0,1012.0,,,,
5615,06:04.862,1,1195.0,723.0,1389.0,1012.0,,,,
5616,06:04.895,1,1191.0,721.0,1386.0,1010.0,,,,
5617,06:04.928,1,1189.0,717.0,1383.0,1009.0,,,,
5618,06:04.962,1,1188.0,716.0,1382.0,1007.0,,,,
5619,06:04.995,1,1186.0,714.0,1381.0,1006.0,,,,
5620,06:05.028,1,1185.0,712.0,1381.0,1005.0,,,,
5621,06:05.062,1,1183.0,708.0,1380.0,1004.0,,,,
5622,06:05.095,1,1182.0,704.0,1381.0,1004.0,,,,
5623,06:05.128,1,1178.0,702.0,1378.0,1003.0,,,,
5624,06:05.162,1,1181.0,701.0,1381.0,1003.0,,,,
5625,06:05.195,1,1175.0,698.0,1375.0,1002.0,,,,
5626,06:05.228,1,1174.0,698.0,1374.0,1004.0,,,,
5627,06:05.262,1,1174.0,699.0,1372.0,1006.0,,,,
5628,06:05.295,1,1170.0,698.0,1369.0,998.0,,,,
5629,06:05.328,1,1163.0,701.0,1364.0,994.0,,,,
5630,06:05.362,1,1157.0,700.0,1361.0,991.0,,,,
5631,06:05.395,1,1150.0,703.0,1356.0,990.0,,,,
5632,06:05.428,1,1147.0,704.0,1350.0,987.0,,,,
5633,06:05.462,1,1142.0,706.0,1346.0,990.0,,,,
5634,06:05.495,1,1141.0,707.0,1341.0,996.0,,,,
5635,06:05.528,1,1139.0,707.0,1340.0,1003.0,,,,
5636,06:05.562,1,1136.0,708.0,1339.0,1002.0,,,,
5637,06:05.595,1,1135.0,707.0,1337.0,1000.0,,,,
5638,06:05.628,1,1134.0,708.0,1336.0,999.0,,,,
5639,06:05.662,1,1133.0,709.0,1335.0,997.0,,,,
5640,06:05.695,1,1133.0,711.0,1335.0,998.0,,,,
5641,06:05.728,1,1137.0,712.0,1342.0,999.0,,,,
5642,06:05.762,1,1143.0,712.0,1348.0,1001.0,,,,
5643,06:05.795,1,1149.0,713.0,1353.0,1003.0,,,,
5644,06:05.828,1,1150.0,710.0,1356.0,1001.0,,,,
5645,06:05.862,1,1151.0,710.0,1357.0,999.0,,,,
5646,06:05.895,1,1151.0,710.0,1355.0,1002.0,,,,
5647,06:05.928,1,1152.0,709.0,1355.0,1013.0,,,,
5648,06:05.962,1,1150.0,710.0,1351.0,1017.0,,,,
5649,06:05.995,1,1149.0,715.0,1351.0,1020.0,,,,
5650,06:06.028,1,1146.0,721.0,1349.0,1018.0,,,,
5651,06:06.062,1,1145.0,728.0,1350.0,1020.0,,,,
5652,06:06.095,1,1145.0,738.0,1349.0,1028.0,,,,
5653,06:06.128,1,1149.0,734.0,1350.0,1024.0,,,,
5654,06:06.162,1,1145.0,737.0,1348.0,1028.0,,,,
5655,06:06.195,1,1143.0,736.0,1345.0,1027.0,,,,
5656,06:06.228,1,1141.0,736.0,1343.0,1027.0,,,,
5657,06:06.262,1,1140.0,735.0,1340.0,1031.0,,,,
5658,06:06.295,1,1138.0,732.0,1338.0,1029.0,,,,
5659,06:06.328,1,1137.0,733.0,1336.0,1028.0,,,,
5660,06:06.362,1,1136.0,731.0,1336.0,1028.0,,,,
5661,06:06.395,1,1136.0,730.0,1336.0,1023.0,,,,
5662,06:06.428,1,1135.0,732.0,1336.0,1024.0,,,,
5663,06:06.462,1,1135.0,734.0,1337.0,1027.0,,,,
5664,06:06.495,1,1137.0,739.0,1338.0,1039.0,,,,
5665,06:06.528,1,1136.0,743.0,1336.0,1049.0,,,,
5666,06:06.562,1,1135.0,743.0,1337.0,1049.0,,,,
5667,06:06.595,1,1134.0,741.0,1336.0,1043.0,,,,
5668,06:06.628,1,1133.0,743.0,1334.0,1035.0,,,,
5669,06:06.662,1,1131.0,741.0,1333.0,1027.0,,,,
5670,06:06.695,1,1130.0,740.0,1334.0,1027.0,,,,
5671,06:06.728,1,1129.0,740.0,1332.0,1028.0,,,,
5672,06:06.762,1,1129.0,739.0,1332.0,1028.0,,,,
5673,06:06.795,1,1130.0,738.0,1333.0,1027.0,,,,
5674,06:06.828,1,1131.0,737.0,1333.0,1027.0,,,,
5675,06:06.862,1,1131.0,736.0,1334.0,1028.0,,,,
5676,06:06.895,1,1131.0,736.0,1334.0,1028.0,,,,
5677,06:06.928,1,1132.0,735.0,1334.0,1027.0,,,,
5678,06:06.962,1,1131.0,735.0,1333.0,1024.0,,,,
5679,06:06.995,1,1130.0,733.0,1331.0,1020.0,,,,
5680,06:07.028,1,1129.0,727.0,1327.0,1016.0,,,,
5681,06:07.062,1,1127.0,724.0,1325.0,1010.0,,,,
5682,06:07.095,1,1127.0,724.0,1325.0,1009.0,,,,
5683,06:07.128,1,1126.0,724.0,1323.0,1011.0,,,,
5684,06:07.162,1,1126.0,724.0,1323.0,1013.0,,,,
5685,06:07.195,1,1125.0,723.0,1323.0,1013.0,,,,
5686,06:07.228,1,1123.0,723.0,1320.0,1009.0,,,,
5687,06:07.262,1,1121.0,719.0,1318.0,1005.0,,,,
5688,06:07.295,1,1120.0,720.0,1314.0,1005.0,,,,
5689,06:07.328,1,1117.0,718.0,1310.0,1005.0,,,,
5690,06:07.362,1,1112.0,716.0,1305.0,1005.0,,,,
5691,06:07.395,1,1107.0,717.0,1304.0,1006.0,,,,
5692,06:07.428,1,1104.0,719.0,1301.0,1007.0,,,,
5693,06:07.463,1,1103.0,720.0,1298.0,1015.0,,,,
5694,06:07.497,1,1103.0,724.0,1295.0,1016.0,,,,
5695,06:07.530,1,1101.0,725.0,1294.0,1015.0,,,,
5696,06:07.563,1,1099.0,721.0,1294.0,1012.0,,,,
5697,06:07.597,1,1097.0,722.0,1294.0,1011.0,,,,
5698,06:07.630,1,1096.0,725.0,1293.0,1010.0,,,,
5699,06:07.663,1,1095.0,727.0,1292.0,1009.0,,,,
5700,06:07.697,1,1094.0,726.0,1291.0,1011.0,,,,
5701,06:07.730,1,1093.0,728.0,1290.0,1019.0,,,,
5702,06:07.763,1,1093.0,729.0,1289.0,1022.0,,,,
5703,06:07.797,1,1092.0,732.0,1290.0,1022.0,,,,
5704,06:07.830,1,1092.0,733.0,1289.0,1019.0,,,,
5705,06:07.863,1,1091.0,733.0,1289.0,1018.0,,,,
5706,06:07.897,1,1092.0,732.0,1290.0,1018.0,,,,
5707,06:07.930,1,1091.0,732.0,1289.0,1018.0,,,,
5708,06:07.963,1,1091.0,733.0,1289.0,1019.0,,,,
5709,06:07.997,1,1091.0,733.0,1289.0,1019.0,,,,
5710,06:08.030,1,1091.0,734.0,1289.0,1022.0,,,,
5711,06:08.063,1,1090.0,735.0,1288.0,1023.0,,,,
5712,06:08.097,1,1090.0,736.0,1289.0,1027.0,,,,
5713,06:08.130,1,1092.0,736.0,1293.0,1026.0,,,,
5714,06:08.163,1,1093.0,736.0,1294.0,1026.0,,,,
5715,06:08.197,1,1096.0,736.0,1297.0,1024.0,,,,
5716,06:08.230,1,1099.0,740.0,1299.0,1027.0,,,,
5717,06:08.263,1,1100.0,739.0,1299.0,1030.0,,,,
5718,06:08.297,1,1101.0,739.0,1300.0,1031.0,,,,
5719,06:08.330,1,1101.0,738.0,1300.0,1031.0,,,,
5720,06:08.363,1,1100.0,738.0,1301.0,1031.0,,,,
5721,06:08.397,1,1101.0,740.0,1302.0,1031.0,,,,
5722,06:08.430,1,1102.0,741.0,1303.0,1032.0,,,,
5723,06:08.463,1,1103.0,740.0,1306.0,1034.0,,,,
5724,06:08.497,1,1104.0,742.0,1307.0,1035.0,,,,
5725,06:08.530,1,1105.0,745.0,1307.0,1037.0,,,,
5726,06:08.563,1,1106.0,746.0,1307.0,1041.0,,,,
5727,06:08.597,1,1108.0,745.0,1308.0,1050.0,,,,
5728,06:08.630,1,1109.0,743.0,1308.0,1054.0,,,,
5729,06:08.663,1,1107.0,741.0,1307.0,1051.0,,,,
5730,06:08.697,1,1105.0,739.0,1305.0,1046.0,,,,
5731,06:08.730,1,1103.0,738.0,1303.0,1037.0,,,,
5732,06:08.763,1,1102.0,731.0,1302.0,1020.0,,,,
5733,06:08.797,1,1101.0,727.0,1300.0,1011.0,,,,
5734,06:08.830,1,1100.0,723.0,1299.0,1009.0,,,,
5735,06:08.863,1,1099.0,722.0,1298.0,1008.0,,,,
5736,06:08.897,1,1101.0,721.0,1302.0,1016.0,,,,
5737,06:08.930,1,1103.0,724.0,1303.0,1015.0,,,,
5738,06:08.963,1,1105.0,730.0,1304.0,1017.0,,,,
5739,06:08.997,1,1110.0,732.0,1307.0,1011.0,,,,
5740,06:09.030,1,1114.0,736.0,1311.0,1017.0,,,,
5741,06:09.063,1,1115.0,738.0,1312.0,1031.0,,,,
5742,06:09.097,1,1115.0,741.0,1312.0,1034.0,,,,
5743,06:09.130,1,1115.0,742.0,1311.0,1034.0,,,,
5744,06:09.163,1,1114.0,741.0,1311.0,1034.0,,,,
5745,06:09.197,1,1113.0,741.0,1311.0,1031.0,,,,
5746,06:09.230,1,1115.0,738.0,1314.0,1029.0,,,,
5747,06:09.263,1,1117.0,737.0,1315.0,1031.0,,,,
5748,06:09.297,1,1119.0,739.0,1317.0,1029.0,,,,
5749,06:09.330,1,1122.0,737.0,1321.0,1025.0,,,,
5750,06:09.363,1,1124.0,738.0,1324.0,1026.0,,,,
5751,06:09.397,1,1126.0,735.0,1328.0,1027.0,,,,
5752,06:09.430,1,1128.0,733.0,1329.0,1030.0,,,,
5753,06:09.463,1,1129.0,734.0,1330.0,1031.0,,,,
5754,06:09.497,1,1129.0,734.0,1330.0,1030.0,,,,
5755,06:09.530,1,1128.0,734.0,1331.0,1028.0,,,,
5756,06:09.563,1,1129.0,732.0,1332.0,1024.0,,,,
5757,06:09.597,1,1130.0,731.0,1334.0,1023.0,,,,
5758,06:09.630,1,1131.0,732.0,1334.0,1025.0,,,,
5759,06:09.663,1,1132.0,734.0,1333.0,1027.0,,,,
5760,06:09.697,1,1133.0,737.0,1333.0,1036.0,,,,
5761,06:09.730,1,1133.0,735.0,1334.0,1040.0,,,,
5762,06:09.763,1,1135.0,735.0,1335.0,1041.0,,,,
5763,06:09.797,1,1136.0,732.0,1337.0,1038.0,,,,
5764,06:09.830,1,1139.0,730.0,1339.0,1028.0,,,,
5765,06:09.863,1,1138.0,728.0,1339.0,1026.0,,,,
5766,06:09.897,1,1136.0,730.0,1338.0,1029.0,,,,
5767,06:09.930,1,1136.0,736.0,1337.0,1032.0,,,,
5768,06:09.963,1,1136.0,743.0,1337.0,1039.0,,,,
5769,06:09.997,1,1137.0,745.0,1337.0,1042.0,,,,
5770,06:10.030,1,1137.0,751.0,1335.0,1043.0,,,,
5771,06:10.063,1,1137.0,751.0,1335.0,1047.0,,,,
5772,06:10.097,1,1136.0,752.0,1335.0,1048.0,,,,
5773,06:10.130,1,1136.0,752.0,1335.0,1047.0,,,,
5774,06:10.163,1,1137.0,751.0,1335.0,1044.0,,,,
5775,06:10.197,1,1137.0,751.0,1336.0,1040.0,,,,
5776,06:10.230,1,1138.0,749.0,1337.0,1034.0,,,,
5777,06:10.263,1,1138.0,748.0,1337.0,1030.0,,,,
5778,06:10.297,1,1139.0,747.0,1336.0,1034.0,,,,
5779,06:10.330,1,1138.0,745.0,1336.0,1034.0,,,,
5780,06:10.363,1,1136.0,737.0,1336.0,1025.0,,,,
5781,06:10.397,1,1133.0,732.0,1332.0,1019.0,,,,
5782,06:10.430,1,1131.0,726.0,1331.0,1015.0,,,,
5783,06:10.463,1,1129.0,723.0,1329.0,1011.0,,,,
5784,06:10.497,1,1127.0,726.0,1326.0,1009.0,,,,
5785,06:10.530,1,1125.0,731.0,1324.0,1013.0,,,,
5786,06:10.563,1,1121.0,731.0,1317.0,1020.0,,,,
5787,06:10.597,1,1119.0,730.0,1313.0,1022.0,,,,
5788,06:10.630,1,1116.0,730.0,1310.0,1023.0,,,,
5789,06:10.663,1,1113.0,733.0,1308.0,1021.0,,,,
5790,06:10.697,1,1110.0,735.0,1306.0,1022.0,,,,
5791,06:10.730,1,1108.0,733.0,1304.0,1018.0,,,,
5792,06:10.763,1,1107.0,731.0,1304.0,1016.0,,,,
5793,06:10.797,1,1106.0,729.0,1303.0,1013.0,,,,
5794,06:10.830,1,1108.0,728.0,1303.0,1010.0,,,,
5795,06:10.863,1,1109.0,727.0,1303.0,1008.0,,,,
5796,06:10.897,1,1110.0,726.0,1303.0,1006.0,,,,
5797,06:10.930,1,1112.0,725.0,1304.0,1004.0,,,,
5798,06:10.963,1,1114.0,725.0,1304.0,1009.0,,,,
5799,06:10.997,1,1114.0,724.0,1304.0,1017.0,,,,
5800,06:11.030,1,1112.0,724.0,1304.0,1018.0,,,,
5801,06:11.063,1,1111.0,725.0,1303.0,1015.0,,,,
5802,06:11.097,1,1107.0,725.0,1302.0,1010.0,,,,
5803,06:11.130,1,1106.0,726.0,1299.0,1007.0,,,,
5804,06:11.163,1,1105.0,726.0,1298.0,1008.0,,,,
5805,06:11.197,1,1104.0,728.0,1298.0,1011.0,,,,
5806,06:11.230,1,1105.0,728.0,1298.0,1012.0,,,,
5807,06:11.263,1,1106.0,728.0,1299.0,1011.0,,,,
5808,06:11.297,1,1107.0,727.0,1300.0,1010.0,,,,
5809,06:11.330,1,1107.0,727.0,1301.0,1011.0,,,,
5810,06:11.363,1,1110.0,728.0,1300.0,1014.0,,,,
5811,06:11.397,1,1111.0,734.0,1301.0,1022.0,,,,
5812,06:11.430,1,1111.0,737.0,1302.0,1024.0,,,,
5813,06:11.463,1,1112.0,739.0,1305.0,1024.0,,,,
5814,06:11.497,1,1112.0,739.0,1305.0,1024.0,,,,
5815,06:11.530,1,1110.0,739.0,1305.0,1022.0,,,,
5816,06:11.563,1,1111.0,740.0,1306.0,1024.0,,,,
5817,06:11.598,1,1111.0,741.0,1306.0,1026.0,,,,
5818,06:11.632,1,1111.0,740.0,1307.0,1024.0,,,,
5819,06:11.665,1,1112.0,741.0,1309.0,1024.0,,,,
5820,06:11.698,1,1113.0,742.0,1312.0,1024.0,,,,
5821,06:11.732,1,1115.0,743.0,1317.0,1027.0,,,,
5822,06:11.765,1,1118.0,745.0,1323.0,1026.0,,,,
5823,06:11.798,1,1120.0,747.0,1323.0,1027.0,,,,
5824,06:11.832,1,1121.0,749.0,1324.0,1032.0,,,,
5825,06:11.865,1,1123.0,751.0,1324.0,1040.0,,,,
5826,06:11.898,1,1125.0,753.0,1326.0,1041.0,,,,
5827,06:11.932,1,1125.0,757.0,1327.0,1046.0,,,,
5828,06:11.965,1,1126.0,759.0,1327.0,1048.0,,,,
5829,06:11.998,1,1125.0,759.0,1326.0,1050.0,,,,
5830,06:12.032,1,1124.0,759.0,1326.0,1053.0,,,,
5831,06:12.065,1,1122.0,760.0,1325.0,1054.0,,,,
5832,06:12.098,1,1122.0,759.0,1323.0,1054.0,,,,
5833,06:12.132,1,1120.0,759.0,1322.0,1058.0,,,,
5834,06:12.165,1,1119.0,761.0,1319.0,1066.0,,,,
5835,06:12.198,1,1118.0,762.0,1316.0,1070.0,,,,
5845,06:12.532,1,1111.0,772.0,1305.0,1055.0,,,,
5860,06:13.032,1,1103.0,765.0,1300.0,1046.0,,,,
5875,06:13.532,1,1111.0,766.0,1311.0,1049.0,,,,
5890,06:14.032,1,1117.0,776.0,1314.0,1058.0,,,,
5905,06:14.532,1,1019.0,631.0,1218.0,919.0,,,,
5920,06:15.032,1,1064.0,621.0,1268.0,913.0,,,,
5935,06:15.532,1,1065.0,644.0,1268.0,933.0,,,,
5949,06:16.000,1,1068.0,657.0,1269.0,942.0,,,,
5964,06:16.500,1,1087.0,681.0,1283.0,968.0,,,,
5979,06:17.000,1,1123.0,702.0,1328.0,999.0,,,,
5995,06:17.525,1,1111.0,700.0,1315.0,991.0,,,,
6009,06:18.025,1,846.0,714.0,1073.0,985.0,,,,
6024,06:18.525,1,916.0,813.0,1130.0,1093.0,,,,
6039,06:19.025,1,897.0,797.0,1114.0,1081.0,,,,
6054,06:19.527,1,923.0,848.0,1142.0,1177.0,,,,
6069,06:20.027,1,990.0,913.0,1224.0,1266.0,,,,
6084,06:20.527,1,975.0,917.0,1202.0,1261.0,,,,
6099,06:21.027,1,1021.0,865.0,1245.0,1204.0,,,,
6114,06:21.527,1,1021.0,869.0,1244.0,1205.0,,,,
6129,06:22.027,1,1049.0,861.0,1271.0,1207.0,,,,
6144,06:22.527,1,1213.0,838.0,1438.0,1171.0,,,,
6159,06:23.027,1,842.0,755.0,1060.0,1084.0,,,,
6174,06:23.528,1,1542.0,365.0,1791.0,708.0,,,,
6190,06:24.028,1,1498.0,273.0,1755.0,614.0,,,,
6205,06:24.528,1,1496.0,502.0,1734.0,805.0,,,,
6220,06:25.028,1,1229.0,865.0,1438.0,1152.0,,,,
6235,06:25.528,1,1109.0,1013.0,1303.0,1306.0,,,,
6250,06:26.028,0,,,,,,,,
6265,06:26.528,0,,,,,,,,
6280,06:27.028,0,,,,,,,,
6295,06:27.530,1,272.0,1084.0,542.0,1464.0,,,,
6310,06:28.030,1,640.0,933.0,856.0,1242.0,,,,
6325,06:28.530,1,1093.0,363.0,1285.0,653.0,,,,
6340,06:29.030,1,1089.0,256.0,1286.0,552.0,,,,
6355,06:29.530,1,1117.0,583.0,1310.0,863.0,,,,
6370,06:30.030,1,1135.0,635.0,1332.0,918.0,,,,
6385,06:30.530,1,1138.0,649.0,1333.0,929.0,,,,
6400,06:31.030,1,1128.0,709.0,1326.0,998.0,,,,
6415,06:31.532,1,1105.0,737.0,1310.0,1035.0,,,,
6430,06:32.032,1,1119.0,631.0,1327.0,930.0,,,,
6445,06:32.532,1,1091.0,606.0,1301.0,908.0,,,,
6460,06:33.032,1,1106.0,571.0,1321.0,877.0,,,,
6475,06:33.532,1,1134.0,225.0,1350.0,554.0,,,,
6490,06:34.032,1,1211.0,272.0,1429.0,593.0,,,,
6505,06:34.532,1,1152.0,577.0,1369.0,888.0,,,,
6520,06:35.032,1,1131.0,495.0,1356.0,819.0,,,,
6534,06:35.558,1,1149.0,373.0,1382.0,716.0,,,,
6548,06:36.000,1,1154.0,348.0,1387.0,692.0,,,,
6563,06:36.500,1,1212.0,391.0,1445.0,729.0,,,,
6579,06:37.025,1,1204.0,644.0,1414.0,942.0,,,,
6593,06:37.525,1,676.0,530.0,901.0,839.0,,,,
6608,06:38.025,1,966.0,519.0,1179.0,818.0,,,,
6623,06:38.525,1,985.0,536.0,1201.0,836.0,,,,
6638,06:39.025,1,1015.0,569.0,1233.0,873.0,,,,
6653,06:39.527,1,965.0,577.0,1180.0,885.0,,,,
6668,06:40.027,1,945.0,588.0,1159.0,897.0,,,,
6683,06:40.527,1,974.0,595.0,1187.0,902.0,,,,
6698,06:41.027,1,966.0,609.0,1180.0,912.0,,,,
6713,06:41.527,1,959.0,619.0,1175.0,924.0,,,,
6728,06:42.027,1,972.0,608.0,1185.0,912.0,,,,
6743,06:42.527,1,949.0,584.0,1162.0,885.0,,,,
6758,06:43.027,1,940.0,583.0,1150.0,874.0,,,,
6773,06:43.528,1,1243.0,715.0,1436.0,1001.0,,,,
6788,06:44.028,1,1427.0,460.0,1616.0,740.0,,,,
6803,06:44.528,1,1342.0,501.0,1600.0,870.0,,,,
6817,06:45.028,1,1178.0,504.0,1517.0,1007.0,,,,
6832,06:45.528,1,1160.0,454.0,1471.0,905.0,,,,
6847,06:46.028,1,1141.0,409.0,1347.0,731.0,,,,
6862,06:46.528,1,1106.0,533.0,1307.0,820.0,,,,
6877,06:47.028,1,1073.0,563.0,1270.0,850.0,,,,
6892,06:47.530,1,1069.0,601.0,1265.0,894.0,,,,
6907,06:48.030,1,1095.0,693.0,1297.0,983.0,,,,
6922,06:48.530,1,1142.0,779.0,1351.0,1076.0,,,,
6937,06:49.030,1,1156.0,731.0,1362.0,1029.0,,,,
6952,06:49.530,1,1678.0,170.0,1946.0,445.0,,,,
6967,06:50.030,0,,,,,,,,
6982,06:50.538,0,,,,,,,,
6997,06:51.030,0,,,,,,,,
7011,06:51.532,1,296.0,-64.0,517.0,237.0,,,,
7026,06:52.032,1,1137.0,564.0,1340.0,845.0,,,,
7041,06:52.532,1,1161.0,632.0,1357.0,924.0,,,,
7056,06:53.032,1,1151.0,676.0,1352.0,971.0,,,,
7071,06:53.532,1,1181.0,746.0,1392.0,1069.0,,,,
7086,06:54.032,1,1174.0,711.0,1423.0,1083.0,,,,
7101,06:54.532,1,1119.0,774.0,1395.0,1174.0,,,,
7116,06:55.032,1,1132.0,1110.0,1373.0,1465.0,,,,
7130,06:55.500,1,1103.0,937.0,1308.0,1243.0,,,,
7145,06:56.000,1,1134.0,1016.0,1326.0,1306.0,,,,
7160,06:56.500,1,1136.0,914.0,1323.0,1195.0,,,,
7176,06:57.025,1,1121.0,851.0,1317.0,1147.0,,,,
7191,06:57.525,1,1121.0,796.0,1322.0,1091.0,,,,
7206,06:58.025,1,1132.0,771.0,1331.0,1067.0,,,,
7221,06:58.525,1,1124.0,895.0,1329.0,1204.0,,,,
7236,06:59.025,1,1082.0,1034.0,1288.0,1349.0,,,,
7251,06:59.527,1,1011.0,676.0,1215.0,980.0,,,,
7266,07:00.027,1,1070.0,600.0,1274.0,907.0,,,,
7281,07:00.527,1,1038.0,749.0,1240.0,1051.0,,,,
7295,07:01.002,1,1087.0,1269.0,1287.0,1518.0,,,,
7311,07:01.527,1,1089.0,766.0,1274.0,1030.0,,,,
7325,07:02.027,1,1155.0,807.0,1351.0,1094.0,,,,
7340,07:02.527,1,1154.0,729.0,1362.0,1045.0,,,,
7355,07:03.027,1,1190.0,778.0,1400.0,1081.0,,,,
7370,07:03.528,1,1208.0,822.0,1410.0,1131.0,,,,
7385,07:04.028,1,1179.0,889.0,1385.0,1186.0,,,,
7400,07:04.528,1,1177.0,891.0,1375.0,1195.0,,,,
7415,07:05.028,1,1165.0,833.0,1371.0,1144.0,,,,
7430,07:05.528,1,1127.0,823.0,1332.0,1115.0,,,,
7445,07:06.028,1,1097.0,830.0,1307.0,1123.0,,,,
7460,07:06.528,1,1314.0,885.0,1527.0,1183.0,,,,
7475,07:07.028,1,1074.0,1062.0,1287.0,1378.0,,,,
7490,07:07.530,1,1112.0,981.0,1330.0,1294.0,,,,
7505,07:08.030,1,1133.0,594.0,1357.0,908.0,,,,
7520,07:08.530,1,1126.0,576.0,1349.0,886.0,,,,
7535,07:09.030,1,1096.0,458.0,1320.0,780.0,,,,
7550,07:09.530,1,1098.0,680.0,1322.0,1013.0,,,,
7565,07:10.030,1,1046.0,865.0,1267.0,1187.0,,,,
7580,07:10.530,1,1117.0,446.0,1346.0,777.0,,,,
7595,07:11.030,1,1153.0,423.0,1384.0,762.0,,,,
7610,07:11.532,1,1026.0,167.0,1270.0,484.0,,,,
7625,07:12.032,1,1080.0,277.0,1313.0,635.0,,,,
7640,07:12.532,1,1156.0,713.0,1382.0,1041.0,,,,
7655,07:13.032,1,1238.0,858.0,1462.0,1183.0,,,,
7670,07:13.532,1,1163.0,820.0,1385.0,1139.0,,,,
7685,07:14.032,1,1094.0,479.0,1316.0,801.0,,,,
7700,07:14.532,1,1101.0,530.0,1323.0,843.0,,,,
7715,07:15.032,1,1144.0,345.0,1367.0,673.0,,,,
7729,07:15.500,1,1186.0,348.0,1411.0,683.0,,,,
7744,07:16.000,1,1201.0,302.0,1423.0,645.0,,,,
7759,07:16.525,1,1270.0,532.0,1484.0,839.0,,,,
7774,07:17.025,1,1358.0,662.0,1575.0,972.0,,,,
7789,07:17.525,1,1387.0,694.0,1605.0,1004.0,,,,
7804,07:18.025,1,1213.0,723.0,1424.0,1035.0,,,,
7819,07:18.525,1,1205.0,718.0,1412.0,1024.0,,,,
7834,07:19.027,1,1187.0,819.0,1392.0,1124.0,,,,
7849,07:19.527,1,1283.0,833.0,1497.0,1140.0,,,,
7864,07:20.027,1,1379.0,782.0,1598.0,1088.0,,,,
7879,07:20.527,1,1324.0,765.0,1539.0,1068.0,,,,
7894,07:21.027,1,1265.0,777.0,1479.0,1075.0,,,,
7909,07:21.527,1,1248.0,765.0,1467.0,1076.0,,,,
7924,07:22.027,1,1256.0,790.0,1475.0,1097.0,,,,
7939,07:22.527,1,1287.0,849.0,1505.0,1162.0,,,,
7954,07:23.028,1,1290.0,836.0,1509.0,1151.0,,,,
7969,07:23.528,1,1295.0,831.0,1512.0,1150.0,,,,
7984,07:24.028,1,1294.0,834.0,1509.0,1155.0,,,,
7999,07:24.528,1,1302.0,838.0,1524.0,1159.0,,,,
8014,07:25.028,1,1273.0,802.0,1487.0,1108.0,,,,
8029,07:25.528,1,1237.0,810.0,1450.0,1118.0,,,,
8044,07:26.028,1,1180.0,771.0,1394.0,1073.0,,,,
8059,07:26.528,1,1151.0,726.0,1366.0,1035.0,,,,
8074,07:27.030,1,1180.0,732.0,1393.0,1043.0,,,,
8089,07:27.530,1,1180.0,716.0,1394.0,1023.0,,,,
8104,07:28.030,1,1181.0,713.0,1393.0,1024.0,,,,
8119,07:28.530,1,1096.0,516.0,1315.0,829.0,,,,
8134,07:29.030,1,1119.0,817.0,1337.0,1141.0,,,,
8149,07:29.530,1,1137.0,791.0,1360.0,1118.0,,,,
8164,07:30.030,1,1135.0,764.0,1358.0,1083.0,,,,
8179,07:30.530,1,1181.0,715.0,1405.0,1030.0,,,,
8194,07:31.032,1,1183.0,739.0,1399.0,1045.0,,,,
8209,07:31.532,1,1175.0,728.0,1391.0,1041.0,,,,
8224,07:32.032,1,1186.0,703.0,1408.0,1015.0,,,,
8239,07:32.532,1,1201.0,685.0,1422.0,999.0,,,,
8254,07:33.032,1,1153.0,678.0,1377.0,993.0,,,,
8269,07:33.532,1,1107.0,661.0,1326.0,973.0,,,,
8282,07:34.007,1,1091.0,662.0,1312.0,977.0,,,,
8298,07:34.532,1,1105.0,636.0,1327.0,955.0,,,,
8312,07:35.000,1,1109.0,641.0,1330.0,972.0,,,,
8327,07:35.500,1,1115.0,623.0,1332.0,937.0,,,,
8343,07:36.025,1,1147.0,626.0,1354.0,938.0,,,,
8358,07:36.525,1,1184.0,731.0,1377.0,1019.0,,,,
8373,07:37.025,1,1133.0,716.0,1330.0,1002.0,,,,
8388,07:37.525,1,1133.0,673.0,1322.0,960.0,,,,
8403,07:38.025,1,1187.0,574.0,1386.0,865.0,,,,
8418,07:38.525,1,1210.0,542.0,1418.0,840.0,,,,
8433,07:39.027,1,1140.0,698.0,1335.0,977.0,,,,
8448,07:39.527,1,1141.0,745.0,1349.0,1037.0,,,,
8463,07:40.027,1,1110.0,597.0,1322.0,898.0,,,,
8478,07:40.527,1,980.0,478.0,1215.0,817.0,,,,
8493,07:41.027,1,1051.0,648.0,1283.0,992.0,,,,
8508,07:41.527,1,1101.0,762.0,1311.0,1074.0,,,,
8523,07:42.027,1,1172.0,712.0,1380.0,1013.0,,,,
8538,07:42.527,1,1133.0,676.0,1341.0,974.0,,,,
8553,07:43.028,1,1143.0,631.0,1353.0,934.0,,,,
8568,07:43.528,1,1150.0,593.0,1384.0,933.0,,,,
8583,07:44.028,1,1181.0,563.0,1402.0,883.0,,,,
8598,07:44.528,1,1175.0,583.0,1405.0,927.0,,,,
8613,07:45.028,1,1204.0,587.0,1429.0,915.0,,,,
8628,07:45.528,1,1200.0,573.0,1418.0,887.0,,,,
8643,07:46.028,1,1204.0,622.0,1429.0,943.0,,,,
8658,07:46.528,1,1167.0,628.0,1363.0,915.0,,,,
8673,07:47.030,1,1125.0,648.0,1327.0,935.0,,,,
8688,07:47.530,1,1265.0,973.0,1487.0,1295.0,,,,
8703,07:48.030,1,1521.0,536.0,1846.0,981.0,,,,
8718,07:48.530,0,,,,,,,,
8733,07:49.030,1,1171.0,940.0,1351.0,1220.0,,,,
8748,07:49.530,1,1149.0,596.0,1356.0,904.0,,,,
8763,07:50.030,1,1119.0,549.0,1322.0,852.0,,,,
8778,07:50.530,1,1122.0,582.0,1329.0,894.0,,,,
8793,07:51.032,1,1142.0,617.0,1350.0,925.0,,,,
8808,07:51.532,1,1064.0,535.0,1336.0,889.0,,,,
8823,07:52.065,1,1034.0,386.0,1334.0,743.0,,,,
8838,07:52.532,1,1040.0,1142.0,1112.0,1199.0,,,,
8852,07:53.007,1,1683.0,736.0,1798.0,906.0,,,,
8868,07:53.532,1,1518.0,738.0,1631.0,907.0,,,,
8883,07:54.032,1,1460.0,780.0,1572.0,943.0,,,,
8898,07:54.532,1,1507.0,788.0,1623.0,964.0,,,,
8912,07:55.000,1,1594.0,840.0,1715.0,1011.0,,,,
8928,07:55.525,1,2085.0,891.0,2251.0,1094.0,,,,
8943,07:56.025,0,,,,,,,,
8959,07:56.525,0,,,,,,,,
8974,07:57.025,1,1956.0,882.0,2110.0,1078.0,,,,
8989,07:57.525,1,1664.0,827.0,1797.0,1013.0,,,,
9004,07:58.025,0,,,,,,,,
9019,07:58.525,0,,,,,,,,
9034,07:59.027,0,,,,,,,,
9049,07:59.527,0,,,,,,,,
9064,08:00.027,0,,,,,,,,
9079,08:00.527,0,,,,,,,,
9094,08:01.027,0,,,,,,,,
9109,08:01.527,0,,,,,,,,
9124,08:02.027,0,,,,,,,,
9139,08:02.527,0,,,,,,,,
9154,08:03.028,0,,,,,,,,
9169,08:03.528,0,,,,,,,,
9184,08:04.028,0,,,,,,,,
9199,08:04.528,0,,,,,,,,
9214,08:05.028,0,,,,,,,,
9229,08:05.528,0,,,,,,,,
9244,08:06.028,0,,,,,,,,
9259,08:06.528,0,,,,,,,,
9274,08:07.030,0,,,,,,,,
9289,08:07.530,0,,,,,,,,
9304,08:08.030,0,,,,,,,,
9319,08:08.530,0,,,,,,,,
9334,08:09.030,0,,,,,,,,
9349,08:09.530,0,,,,,,,,
9364,08:10.030,0,,,,,,,,
9379,08:10.530,0,,,,,,,,
9394,08:11.032,0,,,,,,,,
9409,08:11.532,0,,,,,,,,
9424,08:12.032,0,,,,,,,,
9440,08:12.532,0,,,,,,,,
9455,08:13.032,0,,,,,,,,
9470,08:13.532,0,,,,,,,,
9485,08:14.032,0,,,,,,,,
9500,08:14.532,0,,,,,,,,
9514,08:15.000,0,,,,,,,,
9530,08:15.500,0,,,,,,,,
9546,08:16.025,0,,,,,,,,
9561,08:16.525,0,,,,,,,,
9576,08:17.025,0,,,,,,,,
9591,08:17.525,0,,,,,,,,
9606,08:18.025,0,,,,,,,,
9621,08:18.525,0,,,,,,,,
9636,08:19.027,0,,,,,,,,
9651,08:19.527,0,,,,,,,,
9666,08:20.027,0,,,,,,,,
9681,08:20.527,0,,,,,,,,
9696,08:21.027,0,,,,,,,,
9712,08:21.527,0,,,,,,,,
9727,08:22.027,0,,,,,,,,
9742,08:22.527,0,,,,,,,,
9757,08:23.028,0,,,,,,,,
9772,08:23.528,0,,,,,,,,
9787,08:24.028,0,,,,,,,,
9802,08:24.528,0,,,,,,,,
9817,08:25.028,0,,,,,,,,
9832,08:25.528,0,,,,,,,,
9847,08:26.028,0,,,,,,,,
9862,08:26.528,0,,,,,,,,
9877,08:27.030,0,,,,,,,,
9892,08:27.530,0,,,,,,,,
9907,08:28.030,0,,,,,,,,
9922,08:28.530,0,,,,,,,,
9937,08:29.030,0,,,,,,,,
9952,08:29.530,0,,,,,,,,
9967,08:30.030,0,,,,,,,,
9982,08:30.530,0,,,,,,,,
9997,08:31.032,0,,,,,,,,
10012,08:31.532,0,,,,,,,,
10027,08:32.032,0,,,,,,,,
10042,08:32.532,0,,,,,,,,
10057,08:33.032,0,,,,,,,,
10072,08:33.532,0,,,,,,,,
10087,08:34.032,0,,,,,,,,
10102,08:34.533,0,,,,,,,,
10116,08:35.000,0,,,,,,,,
10131,08:35.500,0,,,,,,,,
10146,08:36.000,1,1177.0,806.0,1276.0,879.0,,,,
10162,08:36.525,2,2115.0,491.0,2284.0,699.0,1262.0,1153.0,1362.0,1226.0
10177,08:37.025,1,2128.0,447.0,2298.0,661.0,,,,
10192,08:37.525,1,2217.0,351.0,2401.0,575.0,,,,
10208,08:38.025,1,2261.0,357.0,2430.0,572.0,,,,
10223,08:38.527,1,2247.0,340.0,2432.0,567.0,,,,
10238,08:39.027,1,2251.0,341.0,2432.0,563.0,,,,
10253,08:39.527,1,2255.0,322.0,2438.0,544.0,,,,
10268,08:40.027,1,2269.0,331.0,2444.0,544.0,,,,
10283,08:40.527,1,2258.0,310.0,2434.0,531.0,,,,
10298,08:41.027,1,2255.0,301.0,2427.0,519.0,,,,
10313,08:41.527,1,2252.0,300.0,2429.0,522.0,,,,
10328,08:42.027,1,2228.0,295.0,2410.0,518.0,,,,
10343,08:42.528,1,2042.0,239.0,2193.0,454.0,,,,
10358,08:43.028,2,2056.0,230.0,2213.0,450.0,1217.0,947.0,1325.0,1023.0
10373,08:43.528,2,2069.0,236.0,2226.0,455.0,1221.0,956.0,1332.0,1032.0
10388,08:44.028,1,2106.0,259.0,2271.0,482.0,,,,
10403,08:44.528,1,2128.0,375.0,2283.0,591.0,,,,
10418,08:45.028,2,2114.0,533.0,2269.0,736.0,1290.0,1195.0,1396.0,1276.0
10433,08:45.528,2,2108.0,488.0,2262.0,694.0,1269.0,1140.0,1372.0,1219.0
10448,08:46.028,2,2108.0,636.0,2253.0,829.0,1294.0,1216.0,1391.0,1291.0
10463,08:46.530,1,1947.0,546.0,2071.0,719.0,,,,
10478,08:47.030,1,1909.0,868.0,2046.0,1052.0,,,,
10491,08:47.505,1,2017.0,658.0,2157.0,843.0,,,,
10509,08:48.030,1,2035.0,971.0,2181.0,1157.0,,,,
10524,08:48.530,1,1980.0,905.0,2123.0,1089.0,,,,
10539,08:49.030,1,1955.0,858.0,2094.0,1047.0,,,,
10554,08:49.530,1,1978.0,829.0,2119.0,1014.0,,,,
10569,08:50.030,1,1980.0,804.0,2123.0,986.0,,,,
10584,08:50.532,1,1980.0,797.0,2121.0,977.0,,,,
10599,08:51.032,1,1970.0,794.0,2111.0,972.0,,,,
10614,08:51.532,1,1971.0,791.0,2108.0,969.0,,,,
10629,08:52.032,1,1969.0,783.0,2108.0,962.0,,,,
10644,08:52.532,1,1983.0,699.0,2128.0,881.0,,,,
10659,08:53.032,0,,,,,,,,
10674,08:53.532,0,,,,,,,,
10689,08:54.032,0,,,,,,,,
10703,08:54.500,1,1532.0,786.0,1635.0,849.0,,,,
10719,08:55.025,0,,,,,,,,
10734,08:55.525,0,,,,,,,,
10749,08:56.025,0,,,,,,,,
10764,08:56.525,0,,,,,,,,
10779,08:57.025,0,,,,,,,,
10794,08:57.525,0,,,,,,,,
10809,08:58.025,0,,,,,,,,
10824,08:58.527,0,,,,,,,,
10839,08:59.027,0,,,,,,,,
10854,08:59.527,0,,,,,,,,
10869,09:00.027,0,,,,,,,,
10884,09:00.527,0,,,,,,,,
10899,09:01.027,0,,,,,,,,
10914,09:01.527,1,1426.0,1165.0,1540.0,1245.0,,,,
10929,09:02.027,0,,,,,,,,
10944,09:02.528,0,,,,,,,,
10959,09:03.028,0,,,,,,,,
10974,09:03.528,0,,,,,,,,
10989,09:04.028,1,1412.0,1175.0,1506.0,1255.0,,,,
11004,09:04.528,1,2298.0,567.0,2439.0,759.0,,,,
11019,09:05.028,1,2196.0,520.0,2348.0,719.0,,,,
11034,09:05.528,1,2186.0,508.0,2336.0,704.0,,,,
11049,09:06.028,2,2180.0,500.0,2329.0,698.0,1303.0,1135.0,1398.0,1199.0
11064,09:06.530,1,2169.0,501.0,2317.0,699.0,,,,
11079,09:07.030,2,2100.0,526.0,2242.0,719.0,1271.0,1147.0,1369.0,1224.0
11094,09:07.530,1,1983.0,580.0,2119.0,763.0,,,,
11109,09:08.030,2,1972.0,588.0,2101.0,770.0,1183.0,1201.0,1285.0,1276.0
11124,09:08.530,1,1934.0,621.0,2063.0,802.0,,,,
11139,09:09.030,1,1943.0,622.0,2071.0,805.0,,,,
11154,09:09.530,1,1962.0,608.0,2095.0,788.0,,,,
11169,09:10.030,1,1971.0,587.0,2101.0,769.0,,,,
11184,09:10.532,2,1966.0,569.0,2102.0,752.0,1183.0,1193.0,1281.0,1263.0
11200,09:11.032,1,1965.0,577.0,2096.0,756.0,,,,
11215,09:11.532,2,1980.0,586.0,2116.0,769.0,1204.0,1212.0,1298.0,1285.0
11230,09:12.032,2,1999.0,579.0,2142.0,762.0,1199.0,1196.0,1310.0,1277.0
11245,09:12.532,2,2004.0,574.0,2149.0,758.0,1209.0,1200.0,1299.0,1271.0
11260,09:13.032,2,1996.0,574.0,2138.0,755.0,1201.0,1197.0,1300.0,1264.0
11275,09:13.532,1,1989.0,582.0,2133.0,763.0,,,,
11290,09:14.023,1,1997.0,572.0,2136.0,755.0,,,,
11305,09:14.525,1,2000.0,566.0,2143.0,752.0,,,,
11320,09:15.025,2,1995.0,558.0,2136.0,742.0,1191.0,1190.0,1297.0,1263.0
11335,09:15.525,2,1993.0,557.0,2134.0,742.0,1195.0,1193.0,1302.0,1262.0
11350,09:16.025,1,1999.0,570.0,2140.0,753.0,,,,
11365,09:16.525,2,1996.0,562.0,2136.0,749.0,1203.0,1194.0,1303.0,1264.0
11380,09:17.025,2,1989.0,561.0,2130.0,748.0,1201.0,1197.0,1302.0,1268.0
11395,09:17.525,2,1983.0,566.0,2124.0,751.0,1199.0,1200.0,1297.0,1265.0
11410,09:18.025,2,1980.0,563.0,2120.0,748.0,1181.0,1196.0,1280.0,1270.0
11425,09:18.527,1,2091.0,611.0,2242.0,800.0,,,,
11441,09:19.027,1,2042.0,607.0,2190.0,793.0,,,,
11456,09:19.527,1,2057.0,603.0,2206.0,790.0,,,,
11471,09:20.027,1,2079.0,592.0,2233.0,782.0,,,,
11486,09:20.527,1,2078.0,583.0,2229.0,767.0,,,,
11501,09:21.027,1,2084.0,579.0,2233.0,766.0,,,,
11516,09:21.527,1,2037.0,593.0,2183.0,783.0,,,,
11531,09:22.027,1,2050.0,587.0,2198.0,779.0,,,,
11546,09:22.528,1,2063.0,565.0,2209.0,754.0,,,,
11561,09:23.028,2,2049.0,558.0,2195.0,749.0,1202.0,1182.0,1312.0,1259.0
11576,09:23.528,2,2076.0,559.0,2226.0,749.0,1233.0,1184.0,1339.0,1258.0
11591,09:24.028,1,2133.0,549.0,2297.0,750.0,,,,
11606,09:24.528,1,2096.0,731.0,2252.0,915.0,,,,
11621,09:25.028,1,2253.0,777.0,2427.0,977.0,,,,
11636,09:25.528,0,,,,,,,,
11651,09:26.028,0,,,,,,,,
11666,09:26.530,0,,,,,,,,
11681,09:27.030,1,2135.0,704.0,2290.0,904.0,,,,
11696,09:27.530,1,2069.0,722.0,2221.0,913.0,,,,
11712,09:28.030,0,,,,,,,,
11727,09:28.530,0,,,,,,,,
11742,09:29.030,0,,,,,,,,
11757,09:29.530,0,,,,,,,,
11772,09:30.030,0,,,,,,,,
11787,09:30.532,0,,,,,,,,
11802,09:31.032,0,,,,,,,,
11817,09:31.532,0,,,,,,,,
11832,09:32.032,0,,,,,,,,
11847,09:32.532,0,,,,,,,,
11862,09:33.023,1,2256.0,667.0,2425.0,870.0,,,,
11876,09:33.523,1,1567.0,953.0,1695.0,1124.0,,,,
11891,09:34.023,1,1460.0,642.0,1576.0,811.0,,,,
11906,09:34.525,1,2013.0,248.0,2163.0,451.0,,,,
11921,09:35.025,2,1976.0,371.0,2119.0,562.0,1121.0,932.0,1232.0,1010.0
11936,09:35.525,1,1987.0,375.0,2132.0,570.0,,,,
11951,09:36.025,1,1898.0,522.0,2035.0,704.0,,,,
11966,09:36.525,1,1772.0,564.0,1899.0,739.0,,,,
11981,09:37.025,2,1768.0,579.0,1894.0,751.0,1016.0,1154.0,1114.0,1221.0
11996,09:37.525,1,1797.0,579.0,1926.0,757.0,,,,
12011,09:38.025,1,1881.0,553.0,2015.0,733.0,,,,
12026,09:38.527,1,1886.0,527.0,2014.0,717.0,,,,
12041,09:39.027,1,1868.0,535.0,2000.0,721.0,,,,
12056,09:39.527,1,1862.0,545.0,1994.0,728.0,,,,
12071,09:40.027,2,1878.0,538.0,2016.0,725.0,1096.0,1125.0,1189.0,1189.0
12086,09:40.527,1,1895.0,523.0,2033.0,710.0,,,,
12101,09:41.027,1,1931.0,498.0,2068.0,692.0,,,,
12116,09:41.527,1,1953.0,473.0,2093.0,670.0,,,,
12131,09:42.027,1,1982.0,470.0,2125.0,668.0,,,,
12146,09:42.528,1,1946.0,464.0,2082.0,653.0,,,,
12161,09:43.028,2,1967.0,453.0,2106.0,647.0,1137.0,1045.0,1246.0,1125.0
12176,09:43.528,2,1975.0,430.0,2115.0,624.0,1148.0,1033.0,1248.0,1105.0
12191,09:44.028,1,1964.0,429.0,2106.0,626.0,,,,
12206,09:44.528,1,1956.0,424.0,2096.0,621.0,,,,
12221,09:45.028,1,1944.0,416.0,2083.0,613.0,,,,
12236,09:45.528,1,1953.0,398.0,2095.0,599.0,,,,
12251,09:46.028,1,1958.0,384.0,2101.0,583.0,,,,
12266,09:46.530,2,1983.0,370.0,2124.0,573.0,1151.0,960.0,1253.0,1037.0
12281,09:47.030,2,2013.0,392.0,2158.0,590.0,1175.0,970.0,1274.0,1044.0
12296,09:47.530,1,2078.0,387.0,2232.0,585.0,,,,
12311,09:48.030,1,2075.0,425.0,2223.0,613.0,,,,
12326,09:48.530,1,2030.0,460.0,2177.0,644.0,,,,
12341,09:49.030,2,2038.0,437.0,2184.0,628.0,1176.0,1034.0,1264.0,1103.0
12356,09:49.530,1,2127.0,442.0,2286.0,638.0,,,,
12371,09:50.032,1,2152.0,460.0,2309.0,654.0,,,,
12386,09:50.532,1,2125.0,470.0,2283.0,664.0,,,,
12401,09:51.032,2,2126.0,457.0,2281.0,652.0,1222.0,1068.0,1323.0,1144.0
12416,09:51.532,2,2113.0,447.0,2268.0,642.0,1200.0,1059.0,1309.0,1129.0
12431,09:52.032,1,2129.0,432.0,2284.0,630.0,,,,
12446,09:52.532,1,2100.0,413.0,2254.0,607.0,,,,
12461,09:53.023,1,2103.0,399.0,2257.0,597.0,,,,
12476,09:53.523,1,2104.0,387.0,2261.0,585.0,,,,
12491,09:54.025,2,2086.0,384.0,2238.0,579.0,1191.0,1004.0,1298.0,1077.0
12506,09:54.525,2,2074.0,375.0,2225.0,571.0,1181.0,999.0,1273.0,1068.0
12521,09:55.025,2,2082.0,370.0,2234.0,569.0,1193.0,991.0,1297.0,1065.0
12536,09:55.525,1,2099.0,367.0,2252.0,565.0,,,,
12551,09:56.025,1,2120.0,365.0,2277.0,565.0,,,,
12566,09:56.525,1,2101.0,353.0,2258.0,554.0,,,,
12581,09:57.025,1,2096.0,364.0,2249.0,559.0,,,,
12596,09:57.525,1,2223.0,468.0,2395.0,668.0,,,,
12611,09:58.027,0,,,,,,,,
12626,09:58.527,0,,,,,,,,
12641,09:59.027,0,,,,,,,,
12656,09:59.527,0,,,,,,,,
12671,10:00.027,0,,,,,,,,
12686,10:00.527,0,,,,,,,,
12701,10:01.027,0,,,,,,,,
12716,10:01.527,0,,,,,,,,
12731,10:02.028,0,,,,,,,,
12746,10:02.528,0,,,,,,,,
12761,10:03.028,1,2298.0,614.0,2453.0,805.0,,,,
12776,10:03.528,1,1893.0,853.0,2035.0,1033.0,,,,
12791,10:04.028,1,1414.0,1178.0,1544.0,1267.0,,,,
12806,10:04.528,0,,,,,,,,
12821,10:05.028,0,,,,,,,,
12836,10:05.528,0,,,,,,,,
12851,10:06.030,0,,,,,,,,
12866,10:06.530,0,,,,,,,,
12881,10:07.030,0,,,,,,,,
12896,10:07.530,0,,,,,,,,
12911,10:08.030,0,,,,,,,,
12926,10:08.530,0,,,,,,,,
12941,10:09.030,0,,,,,,,,
12956,10:09.530,0,,,,,,,,
12971,10:10.032,0,,,,,,,,
12986,10:10.532,0,,,,,,,,
13001,10:11.032,0,,,,,,,,
13016,10:11.532,0,,,,,,,,
13031,10:12.032,0,,,,,,,,
13046,10:12.523,0,,,,,,,,
13061,10:13.023,0,,,,,,,,
13076,10:13.523,0,,,,,,,,
13091,10:14.025,0,,,,,,,,
13106,10:14.525,0,,,,,,,,
13121,10:15.025,0,,,,,,,,
13136,10:15.525,0,,,,,,,,
13151,10:16.025,1,2296.0,677.0,2462.0,882.0,,,,
13166,10:16.525,1,2272.0,729.0,2441.0,925.0,,,,
13181,10:17.025,1,2270.0,736.0,2436.0,932.0,,,,
13196,10:17.525,1,2200.0,514.0,2369.0,713.0,,,,
13211,10:18.027,1,2186.0,517.0,2350.0,717.0,,,,
13226,10:18.527,1,2274.0,612.0,2439.0,808.0,,,,
13241,10:19.027,1,2254.0,701.0,2432.0,899.0,,,,
13256,10:19.527,1,2237.0,733.0,2398.0,921.0,,,,
13271,10:20.027,1,2214.0,716.0,2385.0,912.0,,,,
13286,10:20.527,1,2288.0,734.0,2448.0,923.0,,,,
13301,10:21.027,1,2266.0,693.0,2435.0,889.0,,,,
13316,10:21.527,1,2271.0,689.0,2434.0,884.0,,,,
13331,10:22.028,1,2226.0,663.0,2392.0,861.0,,,,
13346,10:22.528,1,2187.0,510.0,2349.0,708.0,,,,
13361,10:23.028,1,2184.0,508.0,2345.0,706.0,,,,
13376,10:23.528,2,2128.0,362.0,2290.0,567.0,1169.0,931.0,1290.0,1012.0
13391,10:24.028,0,,,,,,,,
13405,10:24.528,0,,,,,,,,
13420,10:25.053,0,,,,,,,,
13435,10:25.528,0,,,,,,,,
13450,10:26.030,1,2165.0,940.0,2325.0,1132.0,,,,
13465,10:26.530,0,,,,,,,,
13480,10:27.030,0,,,,,,,,
13495,10:27.530,0,,,,,,,,
13510,10:28.030,0,,,,,,,,
13525,10:28.530,0,,,,,,,,
13540,10:29.030,1,2274.0,734.0,2436.0,929.0,,,,
13555,10:29.530,1,1701.0,722.0,1823.0,893.0,,,,
13570,10:30.032,1,1645.0,714.0,1772.0,885.0,,,,
13587,10:30.532,0,,,,,,,,
13602,10:31.032,1,1170.0,789.0,1316.0,978.0,,,,
13618,10:31.532,1,1178.0,793.0,1325.0,985.0,,,,
13633,10:32.023,1,1136.0,802.0,1276.0,984.0,,,,
13648,10:32.523,1,1156.0,739.0,1297.0,922.0,,,,
13663,10:33.023,1,1152.0,725.0,1292.0,919.0,,,,
13678,10:33.523,1,1157.0,719.0,1300.0,918.0,,,,
13693,10:34.025,1,1134.0,636.0,1275.0,841.0,,,,
13708,10:34.525,1,1148.0,667.0,1290.0,871.0,,,,
13723,10:35.025,1,1147.0,651.0,1290.0,852.0,,,,
13738,10:35.525,1,1152.0,644.0,1296.0,848.0,,,,
13753,10:36.025,1,1157.0,646.0,1300.0,854.0,,,,
13768,10:36.525,1,1148.0,652.0,1292.0,856.0,,,,
13783,10:37.025,1,1157.0,660.0,1299.0,864.0,,,,
13798,10:37.525,1,1149.0,664.0,1292.0,867.0,,,,
13813,10:38.027,1,1157.0,656.0,1301.0,858.0,,,,
13828,10:38.527,1,1130.0,620.0,1273.0,822.0,,,,
13843,10:39.027,1,1149.0,592.0,1295.0,794.0,,,,
13858,10:39.527,1,1164.0,589.0,1310.0,791.0,,,,
13873,10:40.027,1,1158.0,602.0,1302.0,804.0,,,,
13888,10:40.527,1,1152.0,663.0,1295.0,863.0,,,,
13903,10:41.027,1,810.0,942.0,961.0,1154.0,,,,
13918,10:41.527,1,817.0,961.0,967.0,1172.0,,,,
13933,10:42.028,1,808.0,934.0,958.0,1144.0,,,,
13948,10:42.528,1,831.0,926.0,977.0,1137.0,,,,
13963,10:43.028,1,838.0,912.0,985.0,1122.0,,,,
13978,10:43.528,1,881.0,921.0,1029.0,1131.0,,,,
13993,10:44.028,1,895.0,931.0,1038.0,1139.0,,,,
14008,10:44.528,1,895.0,922.0,1039.0,1133.0,,,,
14023,10:45.028,1,912.0,900.0,1057.0,1105.0,,,,
14038,10:45.528,1,926.0,894.0,1070.0,1093.0,,,,
14053,10:46.030,1,927.0,884.0,1070.0,1088.0,,,,
14068,10:46.530,1,913.0,872.0,1059.0,1074.0,,,,
14083,10:47.030,1,920.0,874.0,1064.0,1074.0,,,,
14098,10:47.530,1,921.0,905.0,1063.0,1104.0,,,,
14113,10:48.030,1,925.0,884.0,1068.0,1087.0,,,,
14128,10:48.530,1,1028.0,860.0,1172.0,1062.0,,,,
14143,10:49.030,1,1098.0,377.0,1244.0,586.0,,,,
14158,10:49.530,1,1113.0,393.0,1261.0,607.0,,,,
14173,10:50.032,1,1073.0,393.0,1216.0,616.0,,,,
14188,10:50.532,1,1098.0,693.0,1242.0,903.0,,,,
14203,10:51.032,1,1088.0,922.0,1232.0,1134.0,,,,
14218,10:51.523,1,1095.0,970.0,1239.0,1181.0,,,,
14233,10:52.023,1,1116.0,942.0,1263.0,1155.0,,,,
14248,10:52.523,1,1137.0,912.0,1284.0,1123.0,,,,
14263,10:53.023,1,1119.0,895.0,1261.0,1106.0,,,,
14278,10:53.523,1,1109.0,874.0,1257.0,1092.0,,,,
14293,10:54.025,1,1129.0,872.0,1271.0,1078.0,,,,
14308,10:54.525,1,1120.0,848.0,1264.0,1075.0,,,,
14323,10:55.025,1,789.0,1168.0,947.0,1410.0,,,,
14338,10:55.525,1,1114.0,1151.0,1258.0,1381.0,,,,
14353,10:56.025,1,1153.0,946.0,1293.0,1149.0,,,,
14368,10:56.525,1,1152.0,1187.0,1293.0,1397.0,,,,
14383,10:57.025,1,1040.0,1316.0,1188.0,1512.0,,,,
14398,10:57.525,1,866.0,1175.0,1017.0,1399.0,,,,
14412,10:58.027,1,1170.0,797.0,1309.0,999.0,,,,
14427,10:58.527,1,1401.0,751.0,1549.0,963.0,,,,
14442,10:59.027,1,1383.0,688.0,1534.0,902.0,,,,
14457,10:59.527,1,1326.0,704.0,1470.0,913.0,,,,
14472,11:00.027,1,1283.0,692.0,1431.0,908.0,,,,
14487,11:00.527,1,1269.0,666.0,1415.0,883.0,,,,
14502,11:01.027,1,1273.0,664.0,1417.0,878.0,,,,
14517,11:01.527,1,1295.0,675.0,1440.0,891.0,,,,
14532,11:02.028,1,1293.0,684.0,1439.0,888.0,,,,
14547,11:02.528,1,1270.0,696.0,1415.0,905.0,,,,
14562,11:03.028,1,1196.0,772.0,1341.0,974.0,,,,
14577,11:03.528,1,1092.0,796.0,1240.0,1005.0,,,,
14592,11:04.028,1,1142.0,824.0,1288.0,1036.0,,,,
14607,11:04.528,1,1149.0,820.0,1296.0,1030.0,,,,
14622,11:05.028,1,1163.0,807.0,1313.0,1024.0,,,,
14637,11:05.528,1,1161.0,799.0,1311.0,1014.0,,,,
14652,11:06.030,1,1160.0,758.0,1309.0,973.0,,,,
14667,11:06.530,1,1131.0,756.0,1278.0,968.0,,,,
14682,11:07.030,1,1126.0,743.0,1274.0,956.0,,,,
14697,11:07.530,1,1127.0,768.0,1276.0,980.0,,,,
14712,11:08.030,1,1134.0,772.0,1283.0,986.0,,,,
14727,11:08.530,1,1116.0,809.0,1265.0,1023.0,,,,
14742,11:09.030,1,1042.0,791.0,1189.0,1006.0,,,,
14757,11:09.532,1,1192.0,786.0,1336.0,996.0,,,,
14772,11:10.032,1,1151.0,778.0,1298.0,990.0,,,,
14787,11:10.532,1,1052.0,865.0,1201.0,1083.0,,,,
14802,11:11.032,1,1027.0,841.0,1172.0,1056.0,,,,
14817,11:11.532,1,1077.0,840.0,1225.0,1056.0,,,,
14832,11:12.023,1,1195.0,805.0,1343.0,1021.0,,,,
14847,11:12.523,1,1163.0,762.0,1308.0,976.0,,,,
14862,11:13.023,1,1134.0,765.0,1279.0,974.0,,,,
14877,11:13.525,1,1134.0,745.0,1281.0,960.0,,,,
14892,11:14.025,1,1124.0,746.0,1272.0,957.0,,,,
14907,11:14.525,1,1150.0,721.0,1295.0,929.0,,,,
14922,11:15.025,1,1184.0,834.0,1330.0,1045.0,,,,
14937,11:15.525,1,1181.0,827.0,1329.0,1043.0,,,,
14952,11:16.025,1,1158.0,830.0,1301.0,1046.0,,,,
14967,11:16.525,1,1115.0,731.0,1258.0,943.0,,,,
14982,11:17.025,1,1113.0,712.0,1257.0,920.0,,,,
14997,11:17.527,1,1120.0,687.0,1264.0,898.0,,,,
15012,11:18.027,1,1153.0,611.0,1300.0,820.0,,,,
15027,11:18.527,1,1123.0,655.0,1268.0,865.0,,,,
15042,11:19.027,1,1116.0,748.0,1262.0,963.0,,,,
15057,11:19.527,1,1149.0,703.0,1294.0,910.0,,,,
15072,11:20.027,1,1213.0,701.0,1359.0,913.0,,,,
15087,11:20.527,1,1156.0,963.0,1302.0,1179.0,,,,
15102,11:21.027,1,1098.0,966.0,1243.0,1178.0,,,,
15117,11:21.528,1,890.0,1050.0,1042.0,1274.0,,,,
15132,11:22.028,1,1013.0,1039.0,1163.0,1263.0,,,,
15147,11:22.528,1,1101.0,991.0,1247.0,1211.0,,,,
15162,11:23.028,1,1108.0,842.0,1253.0,1051.0,,,,
15177,11:23.528,1,1113.0,725.0,1255.0,928.0,,,,
15192,11:24.028,1,1094.0,928.0,1237.0,1135.0,,,,
15207,11:24.528,1,1117.0,864.0,1260.0,1078.0,,,,
15222,11:25.028,1,1121.0,830.0,1267.0,1046.0,,,,
15237,11:25.530,1,1123.0,715.0,1267.0,932.0,,,,
15252,11:26.030,1,1122.0,596.0,1267.0,808.0,,,,
15267,11:26.530,1,1168.0,694.0,1319.0,905.0,,,,
15282,11:27.030,1,1140.0,729.0,1288.0,939.0,,,,
15297,11:27.530,1,1141.0,737.0,1289.0,957.0,,,,
15312,11:28.030,1,1138.0,732.0,1289.0,958.0,,,,
15327,11:28.530,1,1126.0,730.0,1276.0,941.0,,,,
15342,11:29.030,1,1118.0,849.0,1267.0,1073.0,,,,
15357,11:29.532,1,1039.0,941.0,1192.0,1153.0,,,,
15372,11:30.032,1,932.0,869.0,1086.0,1082.0,,,,
15387,11:30.532,1,1054.0,748.0,1202.0,959.0,,,,
15402,11:31.032,1,1073.0,616.0,1222.0,828.0,,,,
15417,11:31.523,1,1138.0,633.0,1286.0,842.0,,,,
15432,11:32.023,1,1224.0,609.0,1370.0,815.0,,,,
15447,11:32.523,1,1128.0,671.0,1275.0,878.0,,,,
15462,11:33.023,1,1140.0,681.0,1288.0,891.0,,,,
15477,11:33.525,1,1149.0,659.0,1297.0,874.0,,,,
15492,11:34.025,1,1163.0,652.0,1308.0,869.0,,,,
15507,11:34.525,1,1130.0,587.0,1276.0,798.0,,,,
15522,11:35.025,1,995.0,400.0,1140.0,620.0,,,,
15537,11:35.525,1,1192.0,296.0,1336.0,518.0,,,,
15552,11:36.025,1,1300.0,476.0,1445.0,693.0,,,,
15567,11:36.525,1,1176.0,833.0,1318.0,1043.0,,,,
15582,11:37.025,1,1129.0,938.0,1272.0,1145.0,,,,
15597,11:37.527,1,1092.0,849.0,1233.0,1059.0,,,,
15612,11:38.027,1,1128.0,823.0,1272.0,1032.0,,,,
15627,11:38.527,1,1116.0,809.0,1259.0,1023.0,,,,
15642,11:39.027,1,1124.0,815.0,1270.0,1025.0,,,,
15657,11:39.527,1,1157.0,822.0,1306.0,1027.0,,,,
15672,11:40.027,1,1139.0,827.0,1286.0,1033.0,,,,
15687,11:40.527,1,1121.0,829.0,1271.0,1038.0,,,,
15702,11:41.027,1,1122.0,827.0,1274.0,1035.0,,,,
15717,11:41.528,1,1129.0,826.0,1281.0,1031.0,,,,
15732,11:42.028,1,1128.0,829.0,1278.0,1037.0,,,,
15747,11:42.528,1,1116.0,837.0,1267.0,1046.0,,,,
15762,11:43.028,1,1111.0,847.0,1257.0,1054.0,,,,
15777,11:43.528,1,1116.0,851.0,1264.0,1064.0,,,,
15792,11:44.028,1,1115.0,856.0,1262.0,1067.0,,,,
15807,11:44.528,1,1114.0,862.0,1262.0,1076.0,,,,
15822,11:45.028,1,1129.0,890.0,1280.0,1099.0,,,,
15837,11:45.530,1,1157.0,932.0,1305.0,1147.0,,,,
15852,11:46.030,1,1177.0,1045.0,1327.0,1261.0,,,,
15867,11:46.530,1,1140.0,891.0,1286.0,1094.0,,,,
15882,11:47.030,1,1102.0,466.0,1256.0,687.0,,,,
15897,11:47.530,1,1126.0,475.0,1282.0,693.0,,,,
15912,11:48.030,1,1028.0,611.0,1180.0,825.0,,,,
15927,11:48.530,1,957.0,766.0,1108.0,985.0,,,,
15942,11:49.030,1,1160.0,976.0,1310.0,1200.0,,,,
15957,11:49.532,1,1134.0,959.0,1284.0,1184.0,,,,
15972,11:50.032,1,1158.0,884.0,1308.0,1110.0,,,,
15987,11:50.523,1,1158.0,789.0,1300.0,999.0,,,,
16002,11:51.023,1,1124.0,779.0,1272.0,996.0,,,,
16017,11:51.523,1,1132.0,790.0,1277.0,1003.0,,,,
16032,11:52.023,1,1117.0,794.0,1263.0,1015.0,,,,
16047,11:52.523,1,1118.0,787.0,1264.0,1007.0,,,,
16062,11:53.023,1,1116.0,754.0,1261.0,967.0,,,,
16077,11:53.525,1,1120.0,769.0,1265.0,984.0,,,,
16092,11:54.025,1,1112.0,924.0,1254.0,1136.0,,,,
16107,11:54.525,1,1169.0,964.0,1314.0,1176.0,,,,
16122,11:55.025,1,1044.0,922.0,1193.0,1139.0,,,,
16137,11:55.525,1,1028.0,907.0,1177.0,1126.0,,,,
16152,11:56.025,1,1021.0,897.0,1169.0,1116.0,,,,
16167,11:56.525,1,1004.0,885.0,1156.0,1099.0,,,,
16182,11:57.025,1,1005.0,901.0,1160.0,1114.0,,,,
16197,11:57.527,1,989.0,868.0,1147.0,1076.0,,,,
16212,11:58.027,1,1081.0,526.0,1233.0,733.0,,,,
16227,11:58.527,1,1036.0,250.0,1200.0,486.0,,,,
16242,11:59.027,1,1095.0,286.0,1253.0,517.0,,,,
16257,11:59.527,1,1090.0,429.0,1243.0,643.0,,,,
16272,12:00.027,1,1074.0,591.0,1223.0,800.0,,,,
16287,12:00.527,1,1051.0,613.0,1199.0,820.0,,,,
16302,12:01.027,1,1114.0,626.0,1255.0,841.0,,,,
16317,12:01.528,1,1196.0,811.0,1349.0,1011.0,,,,
16332,12:02.028,1,1205.0,895.0,1367.0,1098.0,,,,
16347,12:02.528,1,1227.0,958.0,1389.0,1171.0,,,,
16362,12:03.028,1,1170.0,911.0,1330.0,1130.0,,,,
16377,12:03.528,1,1199.0,893.0,1358.0,1121.0,,,,
16392,12:04.028,1,1130.0,895.0,1292.0,1111.0,,,,
16407,12:04.528,1,1077.0,939.0,1229.0,1147.0,,,,
16422,12:05.028,1,1083.0,918.0,1230.0,1126.0,,,,
16437,12:05.530,1,1065.0,887.0,1214.0,1096.0,,,,
16452,12:06.030,1,1057.0,881.0,1207.0,1089.0,,,,
16467,12:06.530,1,1045.0,870.0,1201.0,1081.0,,,,
16482,12:07.030,1,1022.0,899.0,1177.0,1114.0,,,,
16497,12:07.530,1,1022.0,891.0,1179.0,1106.0,,,,
16512,12:08.030,1,1085.0,888.0,1235.0,1095.0,,,,
16527,12:08.530,1,1082.0,887.0,1240.0,1102.0,,,,
16542,12:09.030,1,1106.0,936.0,1265.0,1149.0,,,,
16557,12:09.532,1,1091.0,925.0,1254.0,1140.0,,,,
16572,12:10.032,1,1097.0,927.0,1258.0,1139.0,,,,
16587,12:10.523,1,1098.0,919.0,1254.0,1137.0,,,,
16602,12:11.023,1,1107.0,884.0,1260.0,1093.0,,,,
16617,12:11.523,1,1114.0,863.0,1263.0,1076.0,,,,
16632,12:12.023,1,1100.0,841.0,1254.0,1051.0,,,,
16647,12:12.523,1,1099.0,820.0,1255.0,1031.0,,,,
16662,12:13.023,1,1097.0,823.0,1250.0,1025.0,,,,
16677,12:13.525,1,1106.0,835.0,1256.0,1046.0,,,,
16692,12:14.025,1,1096.0,824.0,1248.0,1025.0,,,,
16707,12:14.525,1,1102.0,833.0,1257.0,1036.0,,,,
16722,12:15.025,1,1140.0,749.0,1292.0,951.0,,,,
16737,12:15.525,1,1425.0,645.0,1578.0,852.0,,,,
16752,12:16.025,1,1731.0,680.0,1894.0,900.0,,,,
16767,12:16.525,1,1668.0,728.0,1824.0,945.0,,,,
16782,12:17.025,1,1525.0,771.0,1674.0,988.0,,,,
16797,12:17.527,1,1182.0,870.0,1322.0,1074.0,,,,
16812,12:18.027,1,1044.0,932.0,1198.0,1148.0,,,,
16827,12:18.527,1,1101.0,898.0,1259.0,1111.0,,,,
16842,12:19.027,1,1170.0,868.0,1329.0,1083.0,,,,
16857,12:19.527,1,1179.0,850.0,1334.0,1059.0,,,,
16872,12:20.027,1,1180.0,852.0,1336.0,1065.0,,,,
16887,12:20.527,1,1138.0,843.0,1293.0,1047.0,,,,
16902,12:21.027,1,1132.0,826.0,1282.0,1023.0,,,,
16917,12:21.528,1,1134.0,808.0,1285.0,1007.0,,,,
16932,12:22.028,1,1132.0,813.0,1286.0,1010.0,,,,
16947,12:22.528,1,1143.0,799.0,1295.0,1019.0,,,,
16962,12:23.028,1,1140.0,789.0,1290.0,1003.0,,,,
16977,12:23.528,1,1142.0,791.0,1291.0,998.0,,,,
16992,12:24.028,1,1137.0,802.0,1280.0,1011.0,,,,
17007,12:24.528,1,1118.0,820.0,1268.0,1024.0,,,,
17022,12:25.030,1,1099.0,822.0,1255.0,1039.0,,,,
17037,12:25.530,1,1117.0,827.0,1266.0,1043.0,,,,
17052,12:26.030,1,1120.0,842.0,1271.0,1057.0,,,,
17067,12:26.530,1,1113.0,839.0,1266.0,1049.0,,,,
17082,12:27.030,1,1114.0,824.0,1262.0,1039.0,,,,
17097,12:27.530,1,1112.0,828.0,1266.0,1049.0,,,,
17112,12:28.030,1,1117.0,830.0,1273.0,1044.0,,,,
17127,12:28.530,1,1108.0,818.0,1265.0,1031.0,,,,
17142,12:29.032,1,1106.0,817.0,1263.0,1026.0,,,,
17157,12:29.523,1,1098.0,826.0,1259.0,1036.0,,,,
17172,12:30.023,1,1094.0,817.0,1254.0,1027.0,,,,
17187,12:30.523,1,1098.0,819.0,1257.0,1024.0,,,,
17202,12:31.023,1,1084.0,849.0,1243.0,1057.0,,,,
17217,12:31.523,1,1064.0,872.0,1226.0,1083.0,,,,
17232,12:32.023,1,1076.0,885.0,1235.0,1094.0,,,,
17247,12:32.523,1,1072.0,870.0,1231.0,1079.0,,,,
17262,12:33.025,1,1074.0,866.0,1234.0,1079.0,,,,
17277,12:33.525,1,1074.0,868.0,1233.0,1079.0,,,,
17292,12:34.025,1,1077.0,871.0,1235.0,1081.0,,,,
17307,12:34.525,1,1073.0,871.0,1233.0,1080.0,,,,
17322,12:35.025,1,1070.0,867.0,1231.0,1077.0,,,,
17337,12:35.525,1,1092.0,826.0,1241.0,1036.0,,,,
17352,12:36.025,1,1088.0,664.0,1236.0,871.0,,,,
17367,12:36.525,1,1081.0,686.0,1230.0,897.0,,,,
17382,12:37.027,1,1086.0,700.0,1233.0,906.0,,,,
17397,12:37.527,1,1090.0,743.0,1236.0,948.0,,,,
17412,12:38.027,1,717.0,769.0,874.0,991.0,,,,
17427,12:38.527,1,953.0,792.0,1100.0,1008.0,,,,
17442,12:39.027,1,1001.0,768.0,1146.0,972.0,,,,
17457,12:39.527,1,1011.0,785.0,1156.0,991.0,,,,
17472,12:40.027,1,1025.0,690.0,1169.0,899.0,,,,
17487,12:40.527,1,1064.0,704.0,1209.0,915.0,,,,
17502,12:41.028,1,1036.0,696.0,1182.0,919.0,,,,
17517,12:41.528,1,981.0,705.0,1130.0,907.0,,,,
17532,12:42.028,1,1027.0,799.0,1175.0,1012.0,,,,
17547,12:42.528,1,1068.0,955.0,1216.0,1171.0,,,,
17562,12:43.028,1,1025.0,927.0,1172.0,1140.0,,,,
17577,12:43.528,1,986.0,890.0,1133.0,1101.0,,,,
17592,12:44.028,1,994.0,856.0,1142.0,1070.0,,,,
17607,12:44.528,1,997.0,867.0,1142.0,1083.0,,,,
17622,12:45.030,1,1028.0,883.0,1174.0,1095.0,,,,
17637,12:45.530,1,1024.0,830.0,1167.0,1038.0,,,,
17652,12:46.030,1,1037.0,790.0,1182.0,999.0,,,,
17667,12:46.530,1,1103.0,752.0,1247.0,960.0,,,,
17682,12:47.030,1,1104.0,765.0,1247.0,972.0,,,,
17697,12:47.530,1,1082.0,749.0,1226.0,957.0,,,,
17712,12:48.030,1,1082.0,724.0,1225.0,932.0,,,,
17727,12:48.530,1,1098.0,587.0,1240.0,789.0,,,,
17742,12:49.023,1,1069.0,626.0,1215.0,830.0,,,,
17757,12:49.523,1,1084.0,556.0,1234.0,763.0,,,,
17772,12:50.023,1,1106.0,534.0,1256.0,742.0,,,,
17787,12:50.523,1,1088.0,547.0,1236.0,757.0,,,,
17802,12:51.023,1,1079.0,507.0,1229.0,721.0,,,,
17817,12:51.523,1,1077.0,501.0,1227.0,715.0,,,,
17832,12:52.023,1,1092.0,345.0,1243.0,573.0,,,,
17847,12:52.523,1,1100.0,342.0,1253.0,569.0,,,,
17862,12:53.025,1,1161.0,501.0,1315.0,718.0,,,,
17877,12:53.525,1,1219.0,692.0,1369.0,903.0,,,,
17892,12:54.025,1,1276.0,637.0,1425.0,843.0,,,,
17907,12:54.525,1,1315.0,629.0,1463.0,841.0,,,,
17922,12:55.025,1,1294.0,555.0,1444.0,769.0,,,,
17937,12:55.525,1,1258.0,711.0,1405.0,917.0,,,,
17952,12:56.025,1,1232.0,669.0,1379.0,875.0,,,,
17967,12:56.525,1,1328.0,531.0,1475.0,741.0,,,,
17982,12:57.027,1,1412.0,844.0,1560.0,1055.0,,,,
17997,12:57.527,1,1330.0,1006.0,1479.0,1217.0,,,,
18012,12:58.027,1,1193.0,1073.0,1345.0,1298.0,,,,
18028,12:58.527,1,1174.0,904.0,1325.0,1112.0,,,,
18043,12:59.027,1,1173.0,904.0,1324.0,1115.0,,,,
18058,12:59.527,1,1105.0,795.0,1255.0,1001.0,,,,
18073,13:00.027,1,941.0,677.0,1094.0,888.0,,,,
18088,13:00.527,1,893.0,951.0,1039.0,1153.0,,,,
18103,13:01.028,1,837.0,1017.0,986.0,1225.0,,,,
18118,13:01.528,1,943.0,991.0,1090.0,1198.0,,,,
18133,13:02.028,1,797.0,685.0,954.0,895.0,,,,
18148,13:02.595,1,916.0,529.0,1069.0,734.0,,,,
18162,13:03.028,1,1094.0,337.0,1242.0,559.0,,,,
18177,13:03.528,1,1025.0,277.0,1178.0,491.0,,,,
18192,13:04.028,1,1072.0,297.0,1225.0,515.0,,,,
18207,13:04.545,1,1146.0,190.0,1299.0,420.0,,,,
18221,13:05.055,1,1141.0,464.0,1287.0,666.0,,,,
18236,13:05.530,1,1123.0,544.0,1269.0,747.0,,,,
18251,13:06.030,1,1130.0,521.0,1277.0,726.0,,,,
18266,13:06.530,1,1093.0,414.0,1242.0,626.0,,,,
18281,13:07.030,1,1148.0,442.0,1296.0,655.0,,,,
18296,13:07.530,1,1134.0,419.0,1281.0,629.0,,,,
18311,13:08.030,1,1155.0,402.0,1306.0,615.0,,,,
18326,13:08.522,1,1128.0,654.0,1280.0,857.0,,,,
18341,13:09.023,1,1155.0,821.0,1308.0,1031.0,,,,
18356,13:09.523,1,1131.0,736.0,1277.0,938.0,,,,
18371,13:10.023,1,1130.0,745.0,1276.0,952.0,,,,
18386,13:10.523,1,994.0,751.0,1137.0,951.0,,,,
18401,13:11.023,1,1203.0,1015.0,1345.0,1219.0,,,,
18416,13:11.523,1,1115.0,636.0,1260.0,841.0,,,,
18431,13:12.023,1,1169.0,679.0,1314.0,880.0,,,,
18446,13:12.523,1,987.0,578.0,1136.0,786.0,,,,
18461,13:13.025,1,1067.0,486.0,1213.0,698.0,,,,
18476,13:13.525,1,1112.0,483.0,1264.0,701.0,,,,
18491,13:14.025,1,1111.0,483.0,1262.0,703.0,,,,
18506,13:14.525,1,1108.0,372.0,1261.0,601.0,,,,
18521,13:15.025,1,1245.0,399.0,1404.0,623.0,,,,
18536,13:15.525,1,1224.0,443.0,1377.0,659.0,,,,
18551,13:16.025,1,1148.0,633.0,1294.0,830.0,,,,
18565,13:16.525,1,1179.0,571.0,1325.0,781.0,,,,
18581,13:17.027,1,1173.0,780.0,1316.0,984.0,,,,
18596,13:17.527,1,1176.0,1296.0,1329.0,1508.0,,,,
18611,13:18.027,1,1473.0,930.0,1639.0,1140.0,,,,
18626,13:18.527,1,1178.0,712.0,1328.0,916.0,,,,
18641,13:19.027,1,920.0,690.0,1070.0,901.0,,,,
18656,13:19.527,1,994.0,730.0,1140.0,943.0,,,,
18671,13:20.027,1,1125.0,845.0,1276.0,1055.0,,,,
18686,13:20.527,1,1053.0,813.0,1203.0,1021.0,,,,
18701,13:21.028,1,1235.0,924.0,1388.0,1131.0,,,,
18716,13:21.528,1,1151.0,937.0,1301.0,1148.0,,,,
18731,13:22.028,1,1092.0,908.0,1239.0,1112.0,,,,
18746,13:22.528,1,1089.0,892.0,1236.0,1095.0,,,,
18761,13:23.028,1,1134.0,942.0,1280.0,1150.0,,,,
18775,13:23.503,1,1142.0,878.0,1286.0,1084.0,,,,
18791,13:24.120,1,1180.0,432.0,1331.0,650.0,,,,
18805,13:24.528,1,1186.0,164.0,1347.0,369.0,,,,
18820,13:25.030,0,,,,,,,,
18835,13:25.530,0,,,,,,,,
18850,13:26.030,0,,,,,,,,
18865,13:26.530,0,,,,,,,,
18880,13:27.030,0,,,,,,,,
18895,13:27.522,1,1126.0,144.0,1294.0,272.0,,,,
18910,13:28.022,1,1158.0,163.0,1320.0,348.0,,,,
18925,13:28.522,1,1129.0,167.0,1285.0,353.0,,,,
18940,13:29.023,1,1103.0,163.0,1260.0,347.0,,,,
18956,13:29.523,1,1209.0,313.0,1356.0,536.0,,,,
18971,13:30.023,1,1176.0,448.0,1323.0,663.0,,,,
18986,13:30.523,1,1153.0,434.0,1305.0,653.0,,,,
19002,13:31.023,1,949.0,364.0,1104.0,592.0,,,,
19018,13:31.523,1,1131.0,425.0,1281.0,639.0,,,,
19033,13:32.023,1,1087.0,254.0,1235.0,488.0,,,,
19048,13:32.523,1,1110.0,443.0,1252.0,660.0,,,,
19063,13:33.025,1,1124.0,633.0,1266.0,841.0,,,,
19078,13:33.525,1,1126.0,684.0,1266.0,892.0,,,,
19093,13:34.025,1,1103.0,731.0,1247.0,945.0,,,,
19108,13:34.525,1,1146.0,602.0,1285.0,815.0,,,,
19123,13:35.025,1,1130.0,700.0,1272.0,905.0,,,,
19138,13:35.525,1,1082.0,1015.0,1228.0,1229.0,,,,
19153,13:36.025,1,698.0,1036.0,857.0,1260.0,,,,
19168,13:36.525,1,788.0,1034.0,942.0,1264.0,,,,
19183,13:37.027,1,1061.0,917.0,1209.0,1140.0,,,,
19198,13:37.527,1,1118.0,893.0,1264.0,1098.0,,,,
19213,13:38.027,1,1152.0,799.0,1301.0,1001.0,,,,
19228,13:38.527,1,1158.0,930.0,1306.0,1149.0,,,,
19243,13:39.027,1,1161.0,897.0,1308.0,1105.0,,,,
19258,13:39.527,1,1188.0,822.0,1337.0,1030.0,,,,
19273,13:40.027,1,1174.0,781.0,1326.0,985.0,,,,
19288,13:40.528,1,1187.0,767.0,1336.0,967.0,,,,
19303,13:41.028,1,1184.0,785.0,1331.0,990.0,,,,
19318,13:41.528,1,1097.0,753.0,1241.0,954.0,,,,
19333,13:42.028,1,1059.0,750.0,1205.0,954.0,,,,
19348,13:42.528,1,1111.0,789.0,1256.0,990.0,,,,
19363,13:43.028,1,1128.0,602.0,1275.0,803.0,,,,
19378,13:43.528,1,905.0,607.0,1054.0,817.0,,,,
19393,13:44.028,1,945.0,627.0,1097.0,836.0,,,,
19408,13:44.530,1,989.0,600.0,1136.0,807.0,,,,
19423,13:45.030,1,1036.0,553.0,1186.0,766.0,,,,
19438,13:45.530,1,1052.0,611.0,1198.0,809.0,,,,
19453,13:46.030,1,760.0,804.0,912.0,1025.0,,,,
19468,13:46.530,1,874.0,814.0,1023.0,1024.0,,,,
19483,13:47.022,1,873.0,875.0,1022.0,1089.0,,,,
19498,13:47.522,1,1081.0,914.0,1227.0,1124.0,,,,
19513,13:48.022,1,1107.0,916.0,1254.0,1127.0,,,,
19528,13:48.522,1,1113.0,594.0,1262.0,796.0,,,,
19543,13:49.023,1,1112.0,468.0,1262.0,681.0,,,,
19558,13:49.523,1,1087.0,612.0,1232.0,814.0,,,,
19573,13:50.023,1,1033.0,669.0,1182.0,872.0,,,,
19588,13:50.523,1,954.0,615.0,1110.0,826.0,,,,
19603,13:51.023,1,992.0,653.0,1144.0,860.0,,,,
19618,13:51.523,1,1019.0,668.0,1171.0,879.0,,,,
19633,13:52.023,1,1037.0,745.0,1192.0,957.0,,,,
19648,13:52.525,1,1073.0,480.0,1226.0,697.0,,,,
19663,13:53.025,1,1103.0,640.0,1250.0,844.0,,,,
19678,13:53.525,1,1074.0,749.0,1219.0,954.0,,,,
19693,13:54.025,1,1051.0,900.0,1200.0,1110.0,,,,
19708,13:54.525,1,1060.0,768.0,1210.0,976.0,,,,
19723,13:55.025,1,1061.0,606.0,1209.0,815.0,,,,
19738,13:55.525,1,1069.0,613.0,1216.0,821.0,,,,
19753,13:56.025,1,1072.0,643.0,1218.0,851.0,,,,
19768,13:56.527,1,1128.0,658.0,1277.0,863.0,,,,
19783,13:57.027,1,1149.0,640.0,1301.0,847.0,,,,
19798,13:57.527,1,1166.0,603.0,1315.0,811.0,,,,
19813,13:58.027,1,1235.0,594.0,1383.0,801.0,,,,
19828,13:58.527,1,1128.0,663.0,1280.0,867.0,,,,
19843,13:59.027,1,1155.0,653.0,1306.0,856.0,,,,
19858,13:59.527,1,1086.0,635.0,1236.0,840.0,,,,
19873,14:00.027,1,1101.0,625.0,1254.0,831.0,,,,
19888,14:00.528,1,1098.0,616.0,1250.0,825.0,,,,
19903,14:01.028,1,1130.0,658.0,1278.0,857.0,,,,
19918,14:01.528,1,1103.0,664.0,1254.0,870.0,,,,
19933,14:02.028,1,1084.0,682.0,1235.0,894.0,,,,
19948,14:02.528,1,1093.0,666.0,1245.0,872.0,,,,
19963,14:03.028,1,1092.0,711.0,1243.0,918.0,,,,
19978,14:03.528,1,1073.0,708.0,1226.0,917.0,,,,
19993,14:04.028,1,1079.0,739.0,1231.0,951.0,,,,
20008,14:04.530,1,1046.0,390.0,1211.0,616.0,,,,
20023,14:05.030,1,1109.0,416.0,1266.0,644.0,,,,
20038,14:05.530,1,1101.0,518.0,1258.0,740.0,,,,
20053,14:06.022,1,1071.0,546.0,1230.0,762.0,,,,
20068,14:06.522,1,1000.0,539.0,1156.0,751.0,,,,
20083,14:07.022,1,964.0,584.0,1119.0,789.0,,,,
20098,14:07.522,1,850.0,745.0,996.0,952.0,,,,
20113,14:08.022,1,1055.0,868.0,1198.0,1076.0,,,,
20128,14:08.523,1,1157.0,929.0,1312.0,1151.0,,,,
20143,14:09.023,1,1114.0,915.0,1268.0,1135.0,,,,
20158,14:09.523,1,1150.0,893.0,1301.0,1107.0,,,,
20173,14:10.023,1,1171.0,850.0,1317.0,1065.0,,,,
20188,14:10.523,1,1050.0,728.0,1199.0,935.0,,,,
20203,14:11.023,1,951.0,446.0,1110.0,678.0,,,,
20218,14:11.523,1,1019.0,268.0,1183.0,518.0,,,,
20230,14:12.040,0,,,,,,,,
20246,14:12.525,1,1367.0,170.0,1539.0,396.0,,,,
20261,14:13.025,1,1254.0,692.0,1387.0,889.0,,,,
20275,14:13.525,2,1151.0,672.0,1284.0,867.0,934.0,1218.0,1031.0,1289.0
20290,14:14.025,1,1278.0,737.0,1415.0,931.0,,,,
20305,14:14.525,1,1165.0,701.0,1301.0,897.0,,,,
20320,14:15.025,1,1079.0,756.0,1212.0,935.0,,,,
20335,14:15.525,1,1185.0,788.0,1313.0,960.0,,,,
20350,14:16.025,1,1516.0,569.0,1650.0,757.0,,,,
20365,14:16.527,1,1292.0,716.0,1415.0,897.0,,,,
20380,14:17.027,1,911.0,967.0,1034.0,1138.0,,,,
20395,14:17.527,1,451.0,1110.0,603.0,1313.0,,,,
20410,14:18.027,1,825.0,1109.0,961.0,1303.0,,,,
20425,14:18.527,1,799.0,944.0,933.0,1135.0,,,,
20440,14:19.027,1,782.0,841.0,913.0,1023.0,,,,
20455,14:19.527,1,796.0,848.0,931.0,1034.0,,,,
20470,14:20.027,1,869.0,840.0,997.0,1022.0,,,,
20485,14:20.528,1,886.0,801.0,1015.0,984.0,,,,
20500,14:21.028,1,1014.0,747.0,1139.0,923.0,,,,
20515,14:21.528,1,949.0,729.0,1077.0,906.0,,,,
20530,14:22.028,1,991.0,737.0,1117.0,918.0,,,,
20545,14:22.528,1,1071.0,650.0,1206.0,841.0,,,,
20557,14:23.003,1,998.0,466.0,1136.0,668.0,,,,
20574,14:23.528,1,1012.0,423.0,1146.0,620.0,,,,
20589,14:24.028,1,1472.0,621.0,1607.0,815.0,,,,
20604,14:24.530,1,1777.0,431.0,1935.0,645.0,,,,
20619,14:25.022,1,1572.0,139.0,1726.0,281.0,,,,
20634,14:25.522,1,1677.0,214.0,1835.0,436.0,,,,
20649,14:26.022,1,1404.0,735.0,1536.0,929.0,,,,
20664,14:26.522,1,1125.0,827.0,1252.0,1013.0,,,,
20678,14:27.022,1,1079.0,726.0,1204.0,907.0,,,,
20693,14:27.522,1,1129.0,732.0,1256.0,912.0,,,,
20708,14:28.022,1,1112.0,563.0,1239.0,742.0,,,,
20723,14:28.523,1,1110.0,607.0,1234.0,784.0,,,,
20738,14:29.023,1,976.0,544.0,1106.0,722.0,,,,
20753,14:29.523,1,1005.0,632.0,1128.0,809.0,,,,
20768,14:30.023,1,1023.0,623.0,1156.0,792.0,,,,
20783,14:30.523,1,1043.0,533.0,1176.0,704.0,,,,
20798,14:31.023,1,1116.0,395.0,1249.0,575.0,,,,
20813,14:31.523,1,1135.0,358.0,1272.0,540.0,,,,
20828,14:32.023,1,1115.0,372.0,1251.0,550.0,,,,
20843,14:32.525,1,1093.0,438.0,1230.0,620.0,,,,
20858,14:33.025,1,1105.0,428.0,1238.0,604.0,,,,
20873,14:33.525,1,1123.0,400.0,1259.0,578.0,,,,
20888,14:34.025,1,1085.0,511.0,1215.0,683.0,,,,
20903,14:34.525,1,1083.0,540.0,1210.0,720.0,,,,
20918,14:35.025,1,1017.0,519.0,1156.0,705.0,,,,
20933,14:35.525,1,869.0,687.0,1031.0,858.0,,,,
20948,14:36.025,1,760.0,778.0,950.0,946.0,,,,
20963,14:36.527,1,782.0,720.0,965.0,887.0,,,,
20978,14:37.027,1,805.0,694.0,967.0,858.0,,,,
20993,14:37.527,1,817.0,713.0,982.0,883.0,,,,
21008,14:38.027,1,864.0,684.0,1020.0,855.0,,,,
21023,14:38.527,1,862.0,703.0,1016.0,872.0,,,,
21038,14:39.027,1,906.0,707.0,1051.0,879.0,,,,
21053,14:39.527,1,867.0,732.0,1029.0,903.0,,,,
21068,14:40.027,1,860.0,725.0,1017.0,897.0,,,,
21083,14:40.528,1,864.0,711.0,1013.0,876.0,,,,
21098,14:41.028,1,893.0,693.0,1040.0,864.0,,,,
21113,14:41.528,1,879.0,692.0,1039.0,872.0,,,,
21128,14:42.028,1,878.0,687.0,1037.0,866.0,,,,
21143,14:42.528,1,877.0,726.0,1034.0,892.0,,,,
21158,14:43.028,1,863.0,726.0,1019.0,898.0,,,,
21173,14:43.528,1,885.0,705.0,1030.0,877.0,,,,
21188,14:44.028,1,870.0,697.0,1026.0,871.0,,,,
21203,14:44.530,1,838.0,721.0,990.0,887.0,,,,
21218,14:45.030,1,869.0,804.0,1016.0,978.0,,,,
21233,14:45.530,1,945.0,902.0,1084.0,1078.0,,,,
21248,14:46.022,1,1017.0,876.0,1148.0,1050.0,,,,
21263,14:46.522,1,846.0,768.0,981.0,948.0,,,,
21278,14:47.022,1,879.0,796.0,1008.0,972.0,,,,
21293,14:47.522,1,886.0,818.0,1016.0,993.0,,,,
21308,14:48.022,1,896.0,805.0,1027.0,982.0,,,,
21323,14:48.523,1,934.0,761.0,1062.0,934.0,,,,
21338,14:49.023,1,970.0,613.0,1099.0,796.0,,,,
21353,14:49.523,1,1036.0,587.0,1163.0,766.0,,,,
21368,14:50.023,1,1176.0,515.0,1305.0,695.0,,,,
21382,14:50.523,1,1535.0,395.0,1675.0,588.0,,,,
21397,14:51.023,1,1362.0,160.0,1500.0,320.0,,,,
21412,14:51.523,0,,,,,,,,
21427,14:52.023,1,1118.0,311.0,1253.0,508.0,,,,
21442,14:52.525,1,1151.0,337.0,1289.0,528.0,,,,
21457,14:53.025,1,1170.0,512.0,1303.0,691.0,,,,
21472,14:53.525,1,1255.0,560.0,1385.0,739.0,,,,
21487,14:54.025,1,1145.0,572.0,1269.0,744.0,,,,
21502,14:54.525,1,884.0,563.0,1010.0,741.0,,,,
21517,14:55.025,1,966.0,513.0,1090.0,689.0,,,,
21532,14:55.525,1,1194.0,534.0,1323.0,714.0,,,,
21547,14:56.025,1,898.0,730.0,1028.0,914.0,,,,
21562,14:56.527,1,973.0,668.0,1100.0,847.0,,,,
21577,14:57.027,1,1067.0,754.0,1193.0,933.0,,,,
21592,14:57.527,1,1064.0,654.0,1192.0,844.0,,,,
21607,14:58.027,1,847.0,309.0,986.0,514.0,,,,
21622,14:58.527,1,755.0,147.0,904.0,316.0,,,,
21637,14:59.027,1,1279.0,759.0,1486.0,994.0,,,,
21652,14:59.527,1,1228.0,869.0,1374.0,1032.0,,,,
21667,15:00.027,1,1142.0,1030.0,1276.0,1214.0,,,,
21682,15:00.528,1,1103.0,851.0,1229.0,1033.0,,,,
21697,15:01.028,1,999.0,830.0,1126.0,1009.0,,,,
21712,15:01.528,1,1065.0,630.0,1192.0,810.0,,,,
21727,15:02.028,1,1001.0,617.0,1128.0,795.0,,,,
21742,15:02.528,1,1093.0,650.0,1219.0,826.0,,,,
21757,15:03.028,1,1129.0,700.0,1257.0,876.0,,,,
21772,15:03.528,1,1146.0,721.0,1275.0,900.0,,,,
21787,15:04.028,1,1154.0,670.0,1283.0,846.0,,,,
21802,15:04.530,1,1139.0,571.0,1266.0,751.0,,,,
21817,15:05.030,1,1165.0,579.0,1293.0,761.0,,,,
21832,15:05.530,1,1124.0,617.0,1251.0,796.0,,,,
21847,15:06.022,1,1098.0,596.0,1224.0,781.0,,,,
21862,15:06.522,1,1087.0,704.0,1215.0,891.0,,,,
21877,15:07.022,1,1092.0,648.0,1218.0,830.0,,,,
21892,15:07.522,1,1134.0,461.0,1265.0,653.0,,,,
21907,15:08.022,1,1114.0,447.0,1260.0,653.0,,,,
21922,15:08.523,1,1011.0,794.0,1165.0,1003.0,,,,
21937,15:09.023,1,1130.0,684.0,1265.0,875.0,,,,
21952,15:09.523,1,1153.0,704.0,1270.0,868.0,,,,
21967,15:10.023,1,1143.0,522.0,1259.0,685.0,,,,
21982,15:10.523,1,1104.0,475.0,1225.0,655.0,,,,
21997,15:11.023,1,1200.0,538.0,1317.0,703.0,,,,
22012,15:11.523,2,1173.0,514.0,1289.0,675.0,1052.0,1094.0,1135.0,1158.0
22028,15:12.025,1,1195.0,339.0,1315.0,516.0,,,,
22043,15:12.525,1,1162.0,370.0,1280.0,545.0,,,,
22059,15:13.025,1,1164.0,548.0,1282.0,724.0,,,,
22074,15:13.525,1,1151.0,599.0,1272.0,777.0,,,,
22089,15:14.025,1,1094.0,592.0,1215.0,766.0,,,,
22104,15:14.525,1,1011.0,512.0,1136.0,695.0,,,,
22119,15:15.025,1,1022.0,494.0,1145.0,672.0,,,,
22134,15:15.525,1,1098.0,595.0,1220.0,768.0,,,,
22149,15:16.027,1,1091.0,656.0,1213.0,838.0,,,,
22164,15:16.527,1,1095.0,650.0,1216.0,816.0,,,,
22179,15:17.027,1,1071.0,633.0,1186.0,790.0,,,,
22194,15:17.527,1,1057.0,644.0,1172.0,809.0,,,,
22209,15:18.027,1,1076.0,635.0,1194.0,800.0,,,,
22224,15:18.527,1,1092.0,639.0,1213.0,800.0,,,,
22239,15:19.027,1,1094.0,600.0,1211.0,756.0,,,,
22254,15:19.527,1,1101.0,602.0,1219.0,763.0,,,,
22269,15:20.028,1,1064.0,596.0,1189.0,775.0,,,,
22284,15:20.528,1,1084.0,678.0,1209.0,860.0,,,,
22299,15:21.028,1,1088.0,644.0,1213.0,828.0,,,,
22314,15:21.528,1,1106.0,571.0,1232.0,754.0,,,,
22329,15:22.028,1,1061.0,615.0,1186.0,800.0,,,,
22344,15:22.528,1,1147.0,590.0,1272.0,764.0,,,,
22359,15:23.028,1,1183.0,577.0,1312.0,753.0,,,,
22374,15:23.528,1,1162.0,585.0,1283.0,750.0,,,,
22389,15:24.030,1,1153.0,582.0,1281.0,754.0,,,,
22404,15:24.530,1,1045.0,591.0,1174.0,778.0,,,,
22419,15:25.030,1,1012.0,657.0,1158.0,848.0,,,,
22434,15:25.522,1,1018.0,742.0,1172.0,947.0,,,,
22449,15:26.022,1,1030.0,692.0,1163.0,867.0,,,,
22464,15:26.522,1,1059.0,704.0,1180.0,874.0,,,,
22479,15:27.022,1,1074.0,703.0,1197.0,877.0,,,,
22494,15:27.522,1,987.0,1291.0,1116.0,1482.0,,,,
22509,15:28.023,1,1183.0,246.0,1316.0,448.0,,,,
22524,15:28.523,1,1208.0,275.0,1329.0,459.0,,,,
22539,15:29.023,1,1526.0,882.0,1642.0,1052.0,,,,
22554,15:29.523,0,,,,,,,,
22569,15:30.023,0,,,,,,,,
22584,15:30.523,0,,,,,,,,
22599,15:31.023,0,,,,,,,,
22614,15:31.523,1,1050.0,717.0,1170.0,889.0,,,,
22629,15:32.025,1,1125.0,647.0,1248.0,814.0,,,,
22644,15:32.525,1,1130.0,666.0,1251.0,837.0,,,,
22659,15:33.025,1,1134.0,684.0,1255.0,851.0,,,,
22674,15:33.525,1,1141.0,677.0,1262.0,847.0,,,,
22689,15:34.025,1,1140.0,662.0,1261.0,831.0,,,,
22704,15:34.525,1,1008.0,437.0,1137.0,620.0,,,,
22719,15:35.025,2,1050.0,238.0,1184.0,435.0,930.0,827.0,1049.0,900.0
22734,15:35.525,1,1157.0,157.0,1293.0,337.0,,,,
22749,15:36.027,2,1206.0,159.0,1344.0,344.0,1059.0,741.0,1163.0,804.0
22764,15:36.527,1,1130.0,189.0,1264.0,391.0,,,,
22779,15:37.027,1,1123.0,339.0,1257.0,533.0,,,,
22794,15:37.527,1,1154.0,683.0,1277.0,859.0,,,,
22809,15:38.027,1,1139.0,757.0,1259.0,932.0,,,,
22824,15:38.527,1,1173.0,629.0,1292.0,801.0,,,,
22839,15:39.027,1,1202.0,554.0,1327.0,737.0,,,,
22854,15:39.527,1,1168.0,614.0,1292.0,791.0,,,,
22869,15:40.028,1,1170.0,595.0,1295.0,779.0,,,,
22884,15:40.528,1,1195.0,368.0,1324.0,573.0,,,,
22899,15:41.028,1,1148.0,819.0,1273.0,1002.0,,,,
22914,15:41.528,1,1133.0,620.0,1260.0,809.0,,,,
22929,15:42.028,0,,,,,,,,
22944,15:42.528,1,1168.0,446.0,1299.0,637.0,,,,
22959,15:43.028,1,1161.0,760.0,1284.0,936.0,,,,
22974,15:43.528,1,1144.0,695.0,1270.0,873.0,,,,
22990,15:44.030,1,1106.0,468.0,1233.0,656.0,,,,
23005,15:44.530,1,1172.0,642.0,1293.0,814.0,,,,
23020,15:45.030,1,1116.0,684.0,1242.0,871.0,,,,
23035,15:45.522,1,1148.0,676.0,1268.0,851.0,,,,
23050,15:46.022,1,1173.0,630.0,1295.0,805.0,,,,
23065,15:46.522,1,1211.0,767.0,1331.0,942.0,,,,
23080,15:47.022,1,1190.0,744.0,1310.0,919.0,,,,
23095,15:47.522,1,1191.0,760.0,1313.0,935.0,,,,
23110,15:48.023,0,,,,,,,,
23125,15:48.523,0,,,,,,,,
23140,15:49.023,0,,,,,,,,
23155,15:49.523,1,971.0,912.0,1097.0,1094.0,,,,
23170,15:50.023,1,402.0,543.0,555.0,741.0,,,,
23185,15:50.523,1,204.0,605.0,379.0,817.0,,,,
23200,15:51.023,1,588.0,746.0,729.0,933.0,,,,
23215,15:51.523,0,,,,,,,,
23230,15:52.025,1,1415.0,862.0,1540.0,1043.0,,,,
23245,15:52.525,1,1303.0,805.0,1427.0,983.0,,,,
23260,15:53.025,1,1263.0,805.0,1387.0,985.0,,,,
23275,15:53.525,1,1245.0,800.0,1369.0,976.0,,,,
23289,15:54.025,1,1200.0,793.0,1323.0,976.0,,,,
23304,15:54.525,1,1195.0,827.0,1316.0,1007.0,,,,
23319,15:55.025,1,1205.0,885.0,1326.0,1063.0,,,,
23334,15:55.525,1,1207.0,897.0,1327.0,1073.0,,,,
23349,15:56.027,1,1200.0,899.0,1320.0,1073.0,,,,
23364,15:56.527,1,1194.0,904.0,1316.0,1081.0,,,,
23379,15:57.027,1,1191.0,882.0,1312.0,1057.0,,,,
23394,15:57.527,1,1189.0,857.0,1312.0,1032.0,,,,
23409,15:58.027,1,1180.0,834.0,1304.0,1014.0,,,,
23424,15:58.527,1,1170.0,820.0,1294.0,1000.0,,,,
23439,15:59.027,1,1110.0,874.0,1233.0,1050.0,,,,
23454,15:59.527,1,1146.0,867.0,1268.0,1045.0,,,,
23469,16:00.028,1,1168.0,822.0,1293.0,1004.0,,,,
23484,16:00.528,1,1145.0,773.0,1269.0,953.0,,,,
23499,16:01.028,1,1079.0,683.0,1207.0,865.0,,,,
23514,16:01.528,1,1058.0,678.0,1183.0,856.0,,,,
23529,16:02.028,1,1107.0,716.0,1230.0,893.0,,,,
23544,16:02.528,1,1102.0,280.0,1234.0,476.0,,,,
23559,16:03.028,1,1132.0,454.0,1260.0,643.0,,,,
23574,16:03.528,1,1119.0,633.0,1238.0,814.0,,,,
23589,16:04.030,1,1143.0,763.0,1264.0,936.0,,,,
23604,16:04.530,1,1139.0,747.0,1258.0,923.0,,,,
23619,16:05.022,1,1150.0,693.0,1270.0,871.0,,,,
23634,16:05.522,1,1148.0,682.0,1268.0,857.0,,,,
23649,16:06.022,1,1117.0,717.0,1241.0,893.0,,,,
23664,16:06.522,1,1165.0,665.0,1292.0,837.0,,,,
23679,16:07.022,0,,,,,,,,
23694,16:07.522,1,1190.0,632.0,1322.0,817.0,,,,
23709,16:08.023,1,1161.0,817.0,1286.0,1001.0,,,,
23723,16:08.523,1,1180.0,1066.0,1305.0,1252.0,,,,
23738,16:09.023,1,1212.0,261.0,1342.0,459.0,,,,
23753,16:09.523,1,1203.0,511.0,1327.0,691.0,,,,
23768,16:10.023,1,1146.0,984.0,1269.0,1170.0,,,,
23783,16:10.523,1,1155.0,866.0,1278.0,1037.0,,,,
23798,16:11.023,1,1156.0,709.0,1280.0,894.0,,,,
23813,16:11.523,1,1132.0,767.0,1258.0,943.0,,,,
23828,16:12.025,1,1119.0,1139.0,1251.0,1336.0,,,,
23843,16:12.525,1,1098.0,1042.0,1228.0,1232.0,,,,
23858,16:13.025,1,1095.0,609.0,1222.0,785.0,,,,
23873,16:13.525,1,1142.0,513.0,1269.0,688.0,,,,
23888,16:14.025,1,1134.0,530.0,1258.0,698.0,,,,
23903,16:14.525,1,1083.0,612.0,1207.0,790.0,,,,
23918,16:15.025,1,1076.0,456.0,1204.0,648.0,,,,
23933,16:15.525,1,1059.0,561.0,1185.0,746.0,,,,
23948,16:16.027,1,1027.0,385.0,1158.0,574.0,,,,
23963,16:16.527,1,1046.0,430.0,1174.0,611.0,,,,
23978,16:17.027,0,,,,,,,,
23993,16:17.527,1,1090.0,610.0,1216.0,788.0,,,,
24008,16:18.027,1,1104.0,668.0,1224.0,838.0,,,,
24023,16:18.527,1,1117.0,504.0,1240.0,685.0,,,,
24038,16:19.027,1,1033.0,432.0,1157.0,613.0,,,,
24053,16:19.527,1,1059.0,609.0,1180.0,781.0,,,,
24068,16:20.028,1,1073.0,596.0,1194.0,775.0,,,,
24083,16:20.528,1,1074.0,582.0,1195.0,768.0,,,,
24098,16:21.028,1,1123.0,623.0,1243.0,798.0,,,,
24113,16:21.528,1,1129.0,626.0,1248.0,800.0,,,,
24128,16:22.028,1,1111.0,583.0,1231.0,759.0,,,,
24143,16:22.528,1,1097.0,621.0,1211.0,775.0,,,,
24158,16:23.028,1,1081.0,597.0,1205.0,779.0,,,,
24173,16:23.528,1,1081.0,611.0,1201.0,795.0,,,,
24188,16:24.030,1,1081.0,622.0,1199.0,795.0,,,,
24203,16:24.522,1,1074.0,608.0,1194.0,780.0,,,,
24218,16:25.022,1,1080.0,591.0,1202.0,779.0,,,,
24233,16:25.522,1,1114.0,470.0,1235.0,654.0,,,,
24248,16:26.022,1,1138.0,491.0,1261.0,671.0,,,,
24263,16:26.522,1,1119.0,627.0,1239.0,803.0,,,,
24278,16:27.022,1,1083.0,273.0,1216.0,464.0,,,,
24293,16:27.523,1,1138.0,290.0,1270.0,481.0,,,,
24308,16:28.023,1,1298.0,891.0,1421.0,1068.0,,,,
24323,16:28.523,1,1216.0,939.0,1337.0,1116.0,,,,
24338,16:29.023,1,1267.0,947.0,1388.0,1126.0,,,,
24353,16:29.523,1,1294.0,920.0,1416.0,1099.0,,,,
24368,16:30.023,1,1221.0,883.0,1343.0,1060.0,,,,
24383,16:30.523,1,1156.0,1011.0,1277.0,1189.0,,,,
24398,16:31.023,1,1150.0,999.0,1271.0,1175.0,,,,
24413,16:31.525,1,1125.0,888.0,1245.0,1059.0,,,,
24428,16:32.025,1,1092.0,833.0,1212.0,1012.0,,,,
24444,16:32.525,1,1128.0,831.0,1249.0,1005.0,,,,
24459,16:33.025,1,1112.0,791.0,1231.0,957.0,,,,
24474,16:33.525,1,1132.0,461.0,1257.0,642.0,,,,
24489,16:34.025,1,1072.0,535.0,1193.0,709.0,,,,
24504,16:34.525,1,1243.0,562.0,1368.0,733.0,,,,
24519,16:35.025,1,919.0,532.0,1045.0,710.0,,,,
24534,16:35.527,1,981.0,739.0,1102.0,917.0,,,,
24549,16:36.027,1,1112.0,882.0,1231.0,1055.0,,,,
24564,16:36.527,1,1106.0,830.0,1225.0,1001.0,,,,
24579,16:37.027,1,1144.0,654.0,1264.0,828.0,,,,
24594,16:37.527,1,1130.0,521.0,1253.0,695.0,,,,
24609,16:38.027,1,1165.0,528.0,1286.0,706.0,,,,
24624,16:38.527,1,1179.0,529.0,1300.0,702.0,,,,
24639,16:39.027,1,1185.0,530.0,1306.0,702.0,,,,
24654,16:39.528,1,1187.0,541.0,1310.0,717.0,,,,
24669,16:40.028,1,1058.0,804.0,1179.0,978.0,,,,
24684,16:40.528,1,1038.0,997.0,1162.0,1173.0,,,,
24699,16:41.028,1,1123.0,813.0,1242.0,990.0,,,,
24714,16:41.528,1,1156.0,585.0,1277.0,767.0,,,,
24729,16:42.028,1,1149.0,571.0,1270.0,749.0,,,,
24744,16:42.528,1,1148.0,583.0,1269.0,760.0,,,,
24759,16:43.028,1,1131.0,593.0,1254.0,769.0,,,,
24774,16:43.522,1,1187.0,626.0,1309.0,801.0,,,,
24789,16:44.022,2,1176.0,583.0,1297.0,766.0,1027.0,1127.0,1111.0,1197.0
24804,16:44.522,1,1163.0,556.0,1287.0,738.0,,,,
24819,16:45.022,1,1161.0,495.0,1288.0,680.0,,,,
24834,16:45.522,1,1154.0,427.0,1281.0,609.0,,,,
24849,16:46.022,1,1150.0,415.0,1279.0,606.0,,,,
24864,16:46.522,1,1135.0,413.0,1264.0,602.0,,,,
24879,16:47.022,1,1155.0,459.0,1280.0,643.0,,,,
24894,16:47.523,1,1152.0,531.0,1274.0,709.0,,,,
24909,16:48.023,1,1075.0,543.0,1201.0,719.0,,,,
24924,16:48.523,1,1103.0,553.0,1227.0,726.0,,,,
24939,16:49.023,1,1107.0,609.0,1231.0,783.0,,,,
24954,16:49.523,1,1090.0,595.0,1214.0,775.0,,,,
24969,16:50.023,1,1173.0,582.0,1295.0,760.0,,,,
24984,16:50.523,1,1132.0,667.0,1254.0,840.0,,,,
24999,16:51.023,1,1108.0,637.0,1231.0,806.0,,,,
25014,16:51.525,1,965.0,705.0,1088.0,881.0,,,,
25029,16:52.025,1,1190.0,790.0,1314.0,963.0,,,,
25044,16:52.525,1,1192.0,795.0,1315.0,974.0,,,,
25059,16:53.025,1,1133.0,764.0,1255.0,934.0,,,,
25074,16:53.525,1,1144.0,675.0,1264.0,846.0,,,,
25089,16:54.025,1,1132.0,633.0,1252.0,805.0,,,,
25104,16:54.525,1,1141.0,631.0,1262.0,804.0,,,,
25119,16:55.025,1,1147.0,640.0,1268.0,814.0,,,,
25134,16:55.527,1,1125.0,634.0,1247.0,805.0,,,,
25149,16:56.027,1,1143.0,634.0,1266.0,805.0,,,,
25164,16:56.527,1,1174.0,642.0,1295.0,811.0,,,,
25179,16:57.027,1,1161.0,646.0,1282.0,818.0,,,,
25194,16:57.527,1,1121.0,560.0,1244.0,731.0,,,,
25209,16:58.027,1,1089.0,227.0,1224.0,431.0,,,,
25224,16:58.527,1,1156.0,620.0,1282.0,799.0,,,,
25239,16:59.027,1,1082.0,161.0,1226.0,366.0,,,,
25254,16:59.528,1,1070.0,455.0,1204.0,654.0,,,,
25269,17:00.028,1,1173.0,710.0,1303.0,905.0,,,,
25284,17:00.528,1,1251.0,1015.0,1380.0,1211.0,,,,
25299,17:01.028,1,1198.0,827.0,1323.0,1015.0,,,,
25315,17:01.528,1,742.0,284.0,885.0,493.0,,,,
25330,17:02.028,1,1139.0,310.0,1269.0,514.0,,,,
25345,17:02.528,1,409.0,241.0,569.0,468.0,,,,
25360,17:03.020,1,981.0,160.0,1118.0,362.0,,,,
25375,17:03.522,1,1174.0,377.0,1304.0,575.0,,,,
25390,17:04.022,1,1158.0,944.0,1284.0,1127.0,,,,
25405,17:04.522,1,1235.0,899.0,1356.0,1072.0,,,,
25420,17:05.022,1,1191.0,769.0,1308.0,932.0,,,,
25435,17:05.522,1,1188.0,764.0,1301.0,929.0,,,,
25450,17:06.022,1,1200.0,738.0,1309.0,894.0,,,,
25465,17:06.522,1,1202.0,775.0,1313.0,938.0,,,,
25480,17:07.022,1,1200.0,781.0,1310.0,936.0,,,,
25495,17:07.523,1,1186.0,843.0,1299.0,1003.0,,,,
25510,17:08.023,1,1202.0,989.0,1319.0,1161.0,,,,
25525,17:08.523,1,1307.0,959.0,1429.0,1137.0,,,,
25540,17:09.023,1,1255.0,971.0,1380.0,1153.0,,,,
25555,17:09.523,1,1207.0,759.0,1338.0,944.0,,,,
25570,17:10.023,1,1233.0,421.0,1366.0,613.0,,,,
25585,17:10.523,1,1225.0,761.0,1355.0,948.0,,,,
25600,17:11.023,1,1192.0,1050.0,1324.0,1245.0,,,,
25615,17:11.525,1,1233.0,907.0,1359.0,1090.0,,,,
25630,17:12.025,1,1235.0,455.0,1372.0,653.0,,,,
25645,17:12.525,0,,,,,,,,
25660,17:13.025,1,1329.0,307.0,1470.0,508.0,,,,
25676,17:13.525,1,1324.0,434.0,1458.0,626.0,,,,
25691,17:14.025,1,1345.0,489.0,1478.0,679.0,,,,
25706,17:14.525,1,1216.0,564.0,1343.0,747.0,,,,
25721,17:15.025,1,1251.0,730.0,1376.0,915.0,,,,
25736,17:15.527,1,1241.0,737.0,1363.0,914.0,,,,
25751,17:16.027,1,1250.0,421.0,1380.0,607.0,,,,
25767,17:16.527,1,1186.0,595.0,1316.0,782.0,,,,
25782,17:17.027,1,1097.0,863.0,1223.0,1043.0,,,,
25797,17:17.527,1,1160.0,921.0,1287.0,1100.0,,,,
25812,17:18.027,1,1187.0,446.0,1317.0,635.0,,,,
25827,17:18.527,1,1410.0,361.0,1543.0,551.0,,,,
25842,17:19.027,1,1377.0,265.0,1518.0,464.0,,,,
25857,17:19.528,1,1407.0,387.0,1545.0,585.0,,,,
25872,17:20.028,1,1204.0,936.0,1339.0,1104.0,,,,
25887,17:20.528,1,1230.0,989.0,1364.0,1168.0,,,,
25902,17:21.028,1,1326.0,1006.0,1469.0,1172.0,,,,
25917,17:21.528,1,1052.0,914.0,1191.0,1084.0,,,,
25932,17:22.028,1,1218.0,956.0,1351.0,1137.0,,,,
25947,17:22.520,1,1350.0,1199.0,1485.0,1397.0,,,,
25962,17:23.020,1,1173.0,1146.0,1302.0,1340.0,,,,
25977,17:23.522,1,1149.0,1068.0,1278.0,1254.0,,,,
25992,17:24.022,1,1163.0,1001.0,1291.0,1184.0,,,,
26007,17:24.522,1,1231.0,944.0,1354.0,1126.0,,,,
26022,17:25.022,1,1167.0,768.0,1289.0,944.0,,,,
26037,17:25.522,1,1164.0,909.0,1291.0,1089.0,,,,
26052,17:26.022,1,1070.0,777.0,1196.0,955.0,,,,
26068,17:26.522,1,1098.0,852.0,1225.0,1030.0,,,,
26083,17:27.022,1,996.0,440.0,1125.0,629.0,,,,
26099,17:27.523,1,1031.0,491.0,1159.0,674.0,,,,
26114,17:28.023,1,980.0,359.0,1113.0,545.0,,,,
26131,17:28.523,1,1054.0,466.0,1180.0,648.0,,,,
26146,17:29.023,1,1150.0,927.0,1272.0,1106.0,,,,
26161,17:29.523,1,1191.0,636.0,1315.0,814.0,,,,
26176,17:30.023,1,386.0,772.0,545.0,973.0,,,,
26189,17:30.540,1,1244.0,377.0,1375.0,565.0,,,,
26203,17:31.007,1,1151.0,561.0,1277.0,745.0,,,,
26219,17:31.525,1,1023.0,830.0,1147.0,1011.0,,,,
26234,17:32.025,1,1068.0,1168.0,1204.0,1367.0,,,,
26249,17:32.525,1,1393.0,483.0,1535.0,679.0,,,,
26264,17:33.025,1,981.0,382.0,1119.0,585.0,,,,
26280,17:33.525,1,1075.0,734.0,1198.0,910.0,,,,
26295,17:34.025,1,1144.0,621.0,1274.0,798.0,,,,
26310,17:34.525,1,1264.0,769.0,1399.0,952.0,,,,
26325,17:35.025,1,1198.0,715.0,1327.0,901.0,,,,
26340,17:35.527,1,1148.0,778.0,1277.0,959.0,,,,
26355,17:36.027,1,1026.0,1154.0,1160.0,1355.0,,,,
26369,17:36.527,1,1047.0,771.0,1174.0,951.0,,,,
26384,17:37.027,1,987.0,649.0,1116.0,837.0,,,,
26399,17:37.527,1,1112.0,717.0,1239.0,898.0,,,,
26414,17:38.068,1,1206.0,684.0,1336.0,870.0,,,,
26429,17:38.527,1,1183.0,691.0,1308.0,872.0,,,,
26445,17:39.027,1,1351.0,919.0,1478.0,1101.0,,,,
26459,17:39.512,1,1155.0,837.0,1278.0,1020.0,,,,
26475,17:40.028,1,1139.0,778.0,1258.0,956.0,,,,
26490,17:40.528,1,1142.0,713.0,1264.0,896.0,,,,
26505,17:41.028,1,1160.0,656.0,1279.0,829.0,,,,
26520,17:41.528,1,1163.0,677.0,1282.0,849.0,,,,
26535,17:42.020,1,1150.0,647.0,1272.0,822.0,,,,
26550,17:42.520,1,1116.0,681.0,1234.0,854.0,,,,
26565,17:43.020,1,1139.0,659.0,1259.0,835.0,,,,
26580,17:43.522,1,1184.0,656.0,1307.0,829.0,,,,
26595,17:44.022,1,1196.0,655.0,1319.0,829.0,,,,
26610,17:44.522,1,1147.0,612.0,1270.0,790.0,,,,
26625,17:45.022,1,1149.0,563.0,1274.0,739.0,,,,
26640,17:45.522,1,1161.0,631.0,1285.0,807.0,,,,
26655,17:46.022,1,1148.0,636.0,1272.0,814.0,,,,
26670,17:46.522,1,1188.0,628.0,1308.0,801.0,,,,
26685,17:47.023,1,1213.0,601.0,1333.0,775.0,,,,
26700,17:47.523,1,1208.0,642.0,1331.0,821.0,,,,
26715,17:48.023,1,1161.0,662.0,1279.0,831.0,,,,
26730,17:48.523,1,1168.0,650.0,1277.0,803.0,,,,
26745,17:49.023,1,1184.0,620.0,1289.0,774.0,,,,
26760,17:49.523,1,1190.0,600.0,1297.0,753.0,,,,
26775,17:50.023,1,1189.0,629.0,1294.0,778.0,,,,
26790,17:50.523,1,1233.0,512.0,1343.0,670.0,,,,
26805,17:51.025,1,1200.0,451.0,1311.0,616.0,,,,
26820,17:51.525,1,1220.0,433.0,1331.0,583.0,,,,
26835,17:52.025,1,1225.0,577.0,1335.0,736.0,,,,
26850,17:52.525,1,1165.0,998.0,1274.0,1154.0,,,,
26865,17:53.025,0,,,,,,,,
26880,17:53.525,0,,,,,,,,
26896,17:54.025,1,1121.0,830.0,1244.0,1008.0,,,,
26911,17:54.525,0,,,,,,,,
26926,17:55.027,1,1083.0,658.0,1210.0,837.0,,,,
26941,17:55.527,1,1080.0,930.0,1209.0,1127.0,,,,
26956,17:56.118,1,781.0,163.0,916.0,343.0,,,,
26967,17:56.510,1,927.0,599.0,1048.0,769.0,,,,
26984,17:57.027,1,1220.0,924.0,1336.0,1094.0,,,,
26999,17:57.527,1,1165.0,820.0,1279.0,986.0,,,,
27014,17:58.027,1,1139.0,831.0,1249.0,985.0,,,,
27029,17:58.527,1,1134.0,791.0,1252.0,958.0,,,,
27044,17:59.028,1,1119.0,768.0,1236.0,929.0,,,,
27059,17:59.528,1,1095.0,877.0,1214.0,1040.0,,,,
27074,18:00.028,1,1068.0,1165.0,1194.0,1350.0,,,,
27089,18:00.528,1,1131.0,915.0,1252.0,1086.0,,,,
27104,18:01.028,1,1098.0,876.0,1217.0,1047.0,,,,
27119,18:01.520,1,1090.0,888.0,1209.0,1059.0,,,,
27134,18:02.020,2,1087.0,990.0,1210.0,1163.0,369.0,978.0,621.0,1309.0
27149,18:02.520,1,1054.0,861.0,1174.0,1028.0,,,,
27164,18:03.022,1,1051.0,886.0,1173.0,1055.0,,,,
27179,18:03.522,1,999.0,711.0,1121.0,880.0,,,,
27194,18:04.022,1,995.0,683.0,1119.0,842.0,,,,
27209,18:04.522,0,,,,,,,,
27225,18:05.022,1,990.0,649.0,1112.0,814.0,,,,
27240,18:05.522,1,1000.0,637.0,1124.0,808.0,,,,
27255,18:06.022,1,1034.0,653.0,1157.0,822.0,,,,
27266,18:06.522,1,1053.0,686.0,1174.0,855.0,,,,
27281,18:07.023,1,1053.0,700.0,1176.0,874.0,,,,
27296,18:07.523,1,1075.0,697.0,1197.0,868.0,,,,
27311,18:08.023,1,1063.0,618.0,1184.0,784.0,,,,
27326,18:08.523,1,1075.0,564.0,1195.0,740.0,,,,
27341,18:09.023,1,1081.0,576.0,1202.0,748.0,,,,
27356,18:09.523,1,1068.0,572.0,1188.0,748.0,,,,
27371,18:10.023,1,1081.0,584.0,1199.0,755.0,,,,
27386,18:10.523,1,1074.0,579.0,1192.0,750.0,,,,
27401,18:11.025,1,1069.0,562.0,1189.0,735.0,,,,
27416,18:11.525,1,1121.0,625.0,1237.0,796.0,,,,
27431,18:12.025,1,1156.0,644.0,1272.0,811.0,,,,
27446,18:12.525,1,1154.0,630.0,1268.0,797.0,,,,
27461,18:13.025,1,1148.0,682.0,1264.0,845.0,,,,
27476,18:13.525,1,1086.0,770.0,1201.0,940.0,,,,
27491,18:14.025,1,1006.0,773.0,1120.0,934.0,,,,
27506,18:14.525,1,1026.0,739.0,1143.0,904.0,,,,
27521,18:15.027,1,1062.0,794.0,1179.0,951.0,,,,
27536,18:15.527,1,1127.0,566.0,1244.0,733.0,,,,
27551,18:16.027,1,1294.0,667.0,1414.0,831.0,,,,
27566,18:16.527,1,1255.0,682.0,1371.0,846.0,,,,
27581,18:17.027,1,1188.0,681.0,1306.0,844.0,,,,
27596,18:17.527,1,1171.0,683.0,1289.0,847.0,,,,
27611,18:18.027,1,1232.0,505.0,1352.0,666.0,,,,
27626,18:18.527,1,1230.0,412.0,1351.0,578.0,,,,
27641,18:19.028,1,1202.0,464.0,1322.0,633.0,,,,
27656,18:19.528,1,1123.0,706.0,1241.0,865.0,,,,
27671,18:20.028,1,1169.0,633.0,1286.0,791.0,,,,
27686,18:20.528,1,1179.0,616.0,1298.0,776.0,,,,
27701,18:21.020,1,1176.0,659.0,1293.0,818.0,,,,
27716,18:21.520,1,1163.0,562.0,1278.0,726.0,,,,
27731,18:22.020,1,1208.0,515.0,1325.0,679.0,,,,
27746,18:22.520,1,1211.0,543.0,1328.0,712.0,,,,
27761,18:23.022,1,1214.0,558.0,1332.0,721.0,,,,
27776,18:23.522,1,1207.0,566.0,1325.0,732.0,,,,
27791,18:24.022,1,1169.0,585.0,1284.0,750.0,,,,
27806,18:24.522,1,1146.0,543.0,1261.0,703.0,,,,
27822,18:25.022,1,1392.0,417.0,1521.0,580.0,,,,
27837,18:25.522,1,1358.0,428.0,1479.0,586.0,,,,
27852,18:26.022,1,1383.0,484.0,1503.0,634.0,,,,
27867,18:26.522,1,1390.0,499.0,1518.0,654.0,,,,
27882,18:27.023,1,1231.0,617.0,1344.0,774.0,,,,
27897,18:27.523,1,1030.0,779.0,1149.0,933.0,,,,
27912,18:28.023,1,1049.0,773.0,1172.0,922.0,,,,
27927,18:28.523,1,1105.0,683.0,1223.0,840.0,,,,
27942,18:29.023,1,1123.0,663.0,1236.0,822.0,,,,
27957,18:29.523,1,1129.0,680.0,1240.0,844.0,,,,
27972,18:30.023,1,1142.0,699.0,1253.0,860.0,,,,
27987,18:30.523,1,1138.0,686.0,1249.0,847.0,,,,
28002,18:31.025,1,1130.0,679.0,1240.0,835.0,,,,
28017,18:31.525,1,1119.0,662.0,1230.0,820.0,,,,
28032,18:32.025,1,1130.0,654.0,1241.0,809.0,,,,
28047,18:32.525,1,1130.0,666.0,1239.0,823.0,,,,
28062,18:33.025,1,1129.0,671.0,1238.0,828.0,,,,
28077,18:33.525,1,1131.0,691.0,1242.0,848.0,,,,
28092,18:34.025,1,1157.0,680.0,1268.0,842.0,,,,
28107,18:34.525,1,1145.0,717.0,1257.0,876.0,,,,
28122,18:35.027,1,1139.0,709.0,1249.0,870.0,,,,
28137,18:35.527,1,1141.0,697.0,1252.0,857.0,,,,
28152,18:36.027,1,1148.0,665.0,1260.0,824.0,,,,
28167,18:36.527,1,1160.0,664.0,1272.0,823.0,,,,
28182,18:37.027,1,1164.0,660.0,1275.0,816.0,,,,
28197,18:37.527,1,986.0,689.0,1102.0,851.0,,,,
28212,18:38.027,1,858.0,667.0,974.0,833.0,,,,
28227,18:38.527,1,806.0,653.0,924.0,815.0,,,,
28242,18:39.028,1,759.0,585.0,879.0,752.0,,,,
28257,18:39.528,1,746.0,573.0,866.0,746.0,,,,
28272,18:40.028,1,725.0,547.0,847.0,715.0,,,,
28287,18:40.520,1,848.0,553.0,971.0,724.0,,,,
28302,18:41.020,1,927.0,478.0,1061.0,658.0,,,,
28317,18:41.520,1,931.0,450.0,1066.0,627.0,,,,
28332,18:42.020,1,1041.0,529.0,1169.0,688.0,,,,
28347,18:42.520,1,1055.0,760.0,1173.0,931.0,,,,
28362,18:43.022,1,1122.0,779.0,1239.0,948.0,,,,
28377,18:43.522,1,1684.0,904.0,1833.0,1087.0,,,,
28392,18:44.022,1,963.0,788.0,1093.0,963.0,,,,
28407,18:44.522,1,1036.0,721.0,1164.0,894.0,,,,
28422,18:45.022,1,1080.0,776.0,1204.0,945.0,,,,
28437,18:45.522,1,1156.0,990.0,1280.0,1176.0,,,,
28452,18:46.022,1,1095.0,796.0,1224.0,989.0,,,,
28467,18:46.522,1,1096.0,638.0,1231.0,832.0,,,,
28482,18:47.023,1,1127.0,941.0,1259.0,1136.0,,,,
28497,18:47.523,1,1192.0,741.0,1314.0,922.0,,,,
28512,18:48.023,1,1105.0,555.0,1218.0,715.0,,,,
28527,18:48.523,1,1167.0,534.0,1286.0,704.0,,,,
28542,18:49.023,1,1144.0,526.0,1265.0,697.0,,,,
28556,18:49.523,1,1216.0,368.0,1339.0,544.0,,,,
28571,18:50.023,1,1142.0,334.0,1266.0,518.0,,,,
28586,18:50.523,1,1141.0,308.0,1267.0,494.0,,,,
28601,18:51.025,1,1124.0,289.0,1249.0,475.0,,,,
28616,18:51.525,1,1108.0,284.0,1234.0,473.0,,,,
28631,18:52.025,1,1108.0,293.0,1234.0,477.0,,,,
28646,18:52.525,1,1163.0,180.0,1292.0,373.0,,,,
28661,18:53.025,1,1140.0,231.0,1271.0,417.0,,,,
28676,18:53.525,1,1139.0,238.0,1266.0,424.0,,,,
28691,18:54.025,1,1093.0,297.0,1218.0,479.0,,,,
28706,18:54.525,1,1061.0,731.0,1179.0,895.0,,,,
28721,18:55.027,1,1146.0,824.0,1261.0,996.0,,,,
28736,18:55.527,1,1151.0,651.0,1267.0,816.0,,,,
28751,18:56.027,1,1153.0,560.0,1270.0,728.0,,,,
28766,18:56.527,1,1152.0,459.0,1270.0,629.0,,,,
28781,18:57.027,1,1181.0,501.0,1296.0,666.0,,,,
28796,18:57.527,1,1172.0,520.0,1290.0,688.0,,,,
28811,18:58.027,1,1104.0,442.0,1219.0,603.0,,,,
28826,18:58.527,1,1130.0,427.0,1241.0,586.0,,,,
28841,18:59.028,1,1197.0,889.0,1307.0,1042.0,,,,
28856,18:59.528,1,1231.0,897.0,1342.0,1060.0,,,,
28871,19:00.020,1,1308.0,824.0,1421.0,986.0,,,,
28886,19:00.520,1,1334.0,661.0,1449.0,825.0,,,,
28901,19:01.020,1,1173.0,514.0,1292.0,681.0,,,,
28916,19:01.520,1,1245.0,543.0,1369.0,703.0,,,,
28931,19:02.020,2,1182.0,503.0,1301.0,654.0,928.0,1024.0,996.0,1094.0
28946,19:02.522,1,1277.0,467.0,1398.0,628.0,,,,
28961,19:03.022,1,1074.0,512.0,1191.0,676.0,,,,
28974,19:03.547,1,1495.0,501.0,1624.0,670.0,,,,
28990,19:04.022,1,1436.0,220.0,1569.0,400.0,,,,
29005,19:04.522,1,1391.0,229.0,1525.0,404.0,,,,
29020,19:05.022,1,1130.0,441.0,1251.0,605.0,,,,
29035,19:05.522,1,1149.0,400.0,1269.0,564.0,,,,
29050,19:06.022,1,1230.0,266.0,1354.0,439.0,,,,
29065,19:06.523,1,1161.0,235.0,1286.0,418.0,,,,
29080,19:07.023,1,1086.0,283.0,1209.0,465.0,,,,
29095,19:07.523,1,1120.0,588.0,1234.0,748.0,,,,
29110,19:08.023,1,1143.0,647.0,1255.0,814.0,,,,
29125,19:08.523,1,1184.0,670.0,1295.0,838.0,,,,
29140,19:09.023,1,1200.0,687.0,1317.0,861.0,,,,
29155,19:09.523,1,1206.0,700.0,1331.0,880.0,,,,
29170,19:10.023,1,1207.0,675.0,1339.0,866.0,,,,
29185,19:10.523,1,1196.0,642.0,1325.0,832.0,,,,
29200,19:11.025,1,1164.0,640.0,1294.0,823.0,,,,
29215,19:11.525,1,1161.0,628.0,1287.0,811.0,,,,
29230,19:12.025,1,1157.0,646.0,1285.0,826.0,,,,
29245,19:12.525,1,1125.0,659.0,1250.0,839.0,,,,
29260,19:13.025,1,1093.0,795.0,1218.0,978.0,,,,
29275,19:13.525,1,1090.0,1030.0,1219.0,1239.0,,,,
29290,19:14.025,1,1154.0,987.0,1279.0,1173.0,,,,
29305,19:14.527,1,1151.0,929.0,1278.0,1116.0,,,,
29320,19:15.027,1,1143.0,910.0,1270.0,1087.0,,,,
29335,19:15.527,1,1137.0,909.0,1263.0,1094.0,,,,
29350,19:16.027,1,1127.0,865.0,1256.0,1052.0,,,,
29365,19:16.527,1,1123.0,954.0,1257.0,1158.0,,,,
29380,19:17.027,1,1076.0,747.0,1209.0,949.0,,,,
29395,19:17.527,1,1123.0,616.0,1250.0,803.0,,,,
29408,19:18.027,1,1123.0,541.0,1255.0,733.0,,,,
29423,19:18.528,1,1115.0,522.0,1246.0,712.0,,,,
29438,19:19.028,1,1092.0,941.0,1224.0,1130.0,,,,
29453,19:19.528,1,1107.0,972.0,1236.0,1160.0,,,,
29468,19:20.020,0,,,,,,,,
29483,19:20.520,1,1111.0,544.0,1243.0,729.0,,,,
29498,19:21.020,1,1109.0,609.0,1239.0,795.0,,,,
29513,19:21.520,1,1124.0,719.0,1255.0,903.0,,,,
29528,19:22.020,1,1120.0,736.0,1247.0,913.0,,,,
29543,19:22.522,1,1122.0,736.0,1243.0,903.0,,,,
29558,19:23.022,1,1124.0,700.0,1244.0,870.0,,,,
29573,19:23.522,1,1119.0,688.0,1240.0,863.0,,,,
29588,19:24.022,1,1116.0,684.0,1236.0,855.0,,,,
29603,19:24.522,1,1105.0,687.0,1227.0,870.0,,,,
29618,19:25.022,1,1103.0,698.0,1227.0,878.0,,,,
29633,19:25.522,1,1118.0,684.0,1246.0,868.0,,,,
29648,19:26.022,1,1158.0,638.0,1287.0,824.0,,,,
29663,19:26.523,1,1126.0,631.0,1253.0,816.0,,,,
29678,19:27.023,1,1051.0,610.0,1178.0,793.0,,,,
29693,19:27.523,1,1059.0,585.0,1187.0,773.0,,,,
29708,19:28.023,1,1064.0,585.0,1192.0,766.0,,,,
29723,19:28.523,1,1306.0,692.0,1444.0,885.0,,,,
29738,19:29.023,1,1198.0,766.0,1341.0,955.0,,,,
29753,19:29.523,1,1199.0,779.0,1340.0,965.0,,,,
29768,19:30.023,1,1130.0,737.0,1256.0,920.0,,,,
29783,19:30.525,1,1148.0,719.0,1270.0,895.0,,,,
29798,19:31.025,1,1177.0,445.0,1303.0,632.0,,,,
29813,19:31.525,1,937.0,726.0,1082.0,937.0,,,,
29828,19:32.025,1,1239.0,840.0,1372.0,1030.0,,,,
29843,19:32.525,1,1253.0,740.0,1376.0,927.0,,,,
29858,19:33.025,1,1028.0,610.0,1154.0,798.0,,,,
29873,19:33.525,1,1155.0,757.0,1277.0,934.0,,,,
29888,19:34.025,1,1788.0,758.0,1929.0,950.0,,,,
29903,19:34.527,0,,,,,,,,
29918,19:35.027,1,1600.0,819.0,1739.0,1005.0,,,,
29933,19:35.527,1,1255.0,818.0,1380.0,1007.0,,,,
29948,19:36.027,1,1329.0,915.0,1456.0,1112.0,,,,
29963,19:36.527,1,1184.0,726.0,1317.0,908.0,,,,
29978,19:37.027,1,1349.0,613.0,1487.0,801.0,,,,
29993,19:37.527,1,1152.0,610.0,1290.0,794.0,,,,
30008,19:38.027,1,1145.0,612.0,1278.0,796.0,,,,
30023,19:38.528,1,1155.0,579.0,1286.0,758.0,,,,
30038,19:39.028,1,1121.0,577.0,1254.0,757.0,,,,
30053,19:39.520,1,1106.0,580.0,1239.0,762.0,,,,
30068,19:40.020,1,1086.0,580.0,1223.0,779.0,,,,
30083,19:40.520,1,1066.0,629.0,1198.0,809.0,,,,
30098,19:41.020,1,1049.0,659.0,1186.0,838.0,,,,
30113,19:41.520,1,1046.0,656.0,1182.0,836.0,,,,
30128,19:42.020,1,1049.0,669.0,1186.0,851.0,,,,
30143,19:42.522,1,1043.0,666.0,1176.0,840.0,,,,
30158,19:43.022,1,1043.0,651.0,1180.0,833.0,,,,
30173,19:43.522,1,1029.0,652.0,1170.0,832.0,,,,
30188,19:44.022,1,1022.0,630.0,1165.0,815.0,,,,
30203,19:44.522,1,1022.0,630.0,1166.0,801.0,,,,
30218,19:45.022,1,1019.0,638.0,1163.0,824.0,,,,
30233,19:45.522,1,1024.0,630.0,1160.0,823.0,,,,
30248,19:46.022,1,1031.0,637.0,1165.0,818.0,,,,
30263,19:46.523,1,1025.0,640.0,1158.0,814.0,,,,
30278,19:47.023,1,1001.0,641.0,1141.0,828.0,,,,
30293,19:47.523,1,999.0,656.0,1138.0,836.0,,,,
30308,19:48.023,1,986.0,684.0,1130.0,868.0,,,,
30323,19:48.523,1,972.0,690.0,1116.0,871.0,,,,
30338,19:49.023,1,968.0,666.0,1118.0,857.0,,,,
30353,19:49.523,1,973.0,652.0,1121.0,839.0,,,,
30368,19:50.023,1,956.0,671.0,1102.0,859.0,,,,
30383,19:50.525,1,962.0,670.0,1110.0,852.0,,,,
30398,19:51.025,1,944.0,661.0,1096.0,851.0,,,,
30413,19:51.525,1,950.0,639.0,1093.0,816.0,,,,
30428,19:52.025,1,957.0,568.0,1101.0,752.0,,,,
30443,19:52.525,1,1327.0,799.0,1452.0,985.0,,,,
30458,19:53.025,1,1170.0,851.0,1293.0,1034.0,,,,
30473,19:53.525,1,730.0,878.0,873.0,1073.0,,,,
30488,19:54.025,1,680.0,854.0,830.0,1044.0,,,,
30503,19:54.527,1,1143.0,763.0,1268.0,946.0,,,,
30518,19:55.027,1,1128.0,776.0,1251.0,955.0,,,,
30533,19:55.527,1,1006.0,937.0,1135.0,1122.0,,,,
30548,19:56.027,1,1033.0,906.0,1160.0,1085.0,,,,
30563,19:56.527,1,934.0,898.0,1064.0,1081.0,,,,
30578,19:57.027,1,883.0,931.0,1017.0,1116.0,,,,
30593,19:57.527,1,1101.0,764.0,1229.0,948.0,,,,
30608,19:58.027,1,1115.0,669.0,1242.0,849.0,,,,
30623,19:58.528,1,1054.0,414.0,1185.0,606.0,,,,
30638,19:59.020,1,903.0,585.0,1036.0,776.0,,,,
30653,19:59.520,1,921.0,810.0,1053.0,993.0,,,,
30668,20:00.020,1,923.0,729.0,1053.0,911.0,,,,
30683,20:00.520,1,912.0,663.0,1044.0,845.0,,,,
30698,20:01.020,1,912.0,686.0,1042.0,866.0,,,,
30713,20:01.520,1,872.0,680.0,1001.0,858.0,,,,
30729,20:02.020,1,896.0,748.0,1026.0,926.0,,,,
30750,20:02.522,1,205.0,604.0,388.0,823.0,,,,
30771,20:03.022,1,195.0,678.0,375.0,900.0,,,,
30791,20:03.513,1,773.0,699.0,909.0,885.0,,,,
30809,20:04.022,1,821.0,598.0,957.0,784.0,,,,
30825,20:04.522,1,908.0,567.0,1040.0,752.0,,,,
30840,20:05.022,0,,,,,,,,
30855,20:05.522,1,1187.0,155.0,1329.0,314.0,,,,
30871,20:06.022,1,1046.0,458.0,1180.0,647.0,,,,
30886,20:06.523,1,1075.0,602.0,1215.0,770.0,,,,
30901,20:07.023,1,1140.0,622.0,1279.0,793.0,,,,
30916,20:07.523,1,1113.0,645.0,1251.0,819.0,,,,
30932,20:08.023,1,1070.0,643.0,1208.0,831.0,,,,
30947,20:08.523,1,1065.0,656.0,1201.0,844.0,,,,
30962,20:09.023,1,1083.0,783.0,1215.0,972.0,,,,
30977,20:09.523,1,1046.0,808.0,1176.0,999.0,,,,
30992,20:10.023,1,1006.0,747.0,1137.0,936.0,,,,
31007,20:10.525,1,1011.0,669.0,1145.0,851.0,,,,
31022,20:11.025,1,1039.0,641.0,1171.0,825.0,,,,
31037,20:11.525,1,1088.0,727.0,1215.0,924.0,,,,
31052,20:12.025,1,1079.0,712.0,1207.0,898.0,,,,
31067,20:12.525,1,1100.0,668.0,1228.0,859.0,,,,
31082,20:13.025,1,1091.0,652.0,1216.0,831.0,,,,
31097,20:13.525,1,1074.0,640.0,1202.0,823.0,,,,
31112,20:14.025,1,1082.0,652.0,1209.0,836.0,,,,
31127,20:14.527,1,1072.0,692.0,1200.0,878.0,,,,
31142,20:15.027,1,1034.0,701.0,1164.0,886.0,,,,
31157,20:15.527,1,1051.0,697.0,1177.0,880.0,,,,
31172,20:16.027,1,1062.0,699.0,1190.0,883.0,,,,
31187,20:16.527,1,1071.0,699.0,1199.0,885.0,,,,
31202,20:17.027,1,1063.0,675.0,1191.0,858.0,,,,
31217,20:17.527,1,1054.0,678.0,1185.0,867.0,,,,
31232,20:18.027,1,1048.0,681.0,1179.0,868.0,,,,
31247,20:18.528,1,1055.0,693.0,1185.0,879.0,,,,
31262,20:19.020,1,1050.0,688.0,1179.0,872.0,,,,
31277,20:19.520,1,1045.0,689.0,1174.0,873.0,,,,
31292,20:20.020,1,1033.0,688.0,1161.0,880.0,,,,
31307,20:20.520,1,1020.0,681.0,1148.0,866.0,,,,
31322,20:21.020,1,1015.0,675.0,1141.0,857.0,,,,
31337,20:21.520,1,1026.0,685.0,1151.0,866.0,,,,
31352,20:22.020,1,1083.0,705.0,1208.0,888.0,,,,
31367,20:22.522,1,1108.0,665.0,1232.0,844.0,,,,
31382,20:23.022,1,1119.0,685.0,1245.0,867.0,,,,
31397,20:23.522,1,1063.0,577.0,1193.0,766.0,,,,
31412,20:24.022,1,1088.0,592.0,1218.0,779.0,,,,
31427,20:24.522,1,1130.0,606.0,1256.0,783.0,,,,
31442,20:25.022,1,1163.0,646.0,1291.0,828.0,,,,
31457,20:25.522,1,1952.0,661.0,2122.0,872.0,,,,
31472,20:26.022,1,1332.0,581.0,1462.0,768.0,,,,
31487,20:26.523,1,1103.0,579.0,1229.0,770.0,,,,
31502,20:27.023,1,1117.0,613.0,1242.0,811.0,,,,
31517,20:27.523,1,1100.0,617.0,1225.0,798.0,,,,
31532,20:28.023,1,1085.0,585.0,1212.0,780.0,,,,
31547,20:28.523,1,1097.0,583.0,1224.0,762.0,,,,
31562,20:29.023,1,1093.0,586.0,1221.0,768.0,,,,
31577,20:29.523,1,1089.0,580.0,1215.0,767.0,,,,
31592,20:30.025,1,1096.0,588.0,1224.0,773.0,,,,
31607,20:30.525,1,1095.0,597.0,1224.0,783.0,,,,
31622,20:31.025,1,1097.0,601.0,1226.0,788.0,,,,
31637,20:31.525,1,1092.0,599.0,1216.0,784.0,,,,
31652,20:32.025,1,1078.0,616.0,1201.0,802.0,,,,
31667,20:32.525,1,1258.0,716.0,1390.0,897.0,,,,
31682,20:33.025,1,1057.0,785.0,1210.0,973.0,,,,
31697,20:33.525,1,1082.0,758.0,1227.0,935.0,,,,
31712,20:34.027,1,1171.0,753.0,1300.0,933.0,,,,
31727,20:34.527,1,1049.0,639.0,1173.0,826.0,,,,
31742,20:35.027,1,1063.0,621.0,1191.0,802.0,,,,
31757,20:35.527,1,1060.0,606.0,1191.0,786.0,,,,
31772,20:36.027,1,1132.0,596.0,1266.0,784.0,,,,
31787,20:36.527,1,1193.0,629.0,1331.0,827.0,,,,
31802,20:37.027,1,1300.0,559.0,1448.0,757.0,,,,
31817,20:37.518,1,1301.0,732.0,1433.0,925.0,,,,
31832,20:38.020,1,1309.0,802.0,1435.0,986.0,,,,
31847,20:38.520,1,1304.0,782.0,1432.0,962.0,,,,
31862,20:39.020,1,1290.0,650.0,1419.0,829.0,,,,
31877,20:39.520,1,1288.0,487.0,1421.0,676.0,,,,
31892,20:40.020,1,1393.0,187.0,1539.0,399.0,,,,
31907,20:40.520,1,1736.0,582.0,1890.0,784.0,,,,
31922,20:41.020,1,2145.0,783.0,2336.0,1010.0,,,,
31937,20:41.520,1,2195.0,887.0,2402.0,1111.0,,,,
31952,20:42.022,1,2157.0,950.0,2351.0,1176.0,,,,
31967,20:42.522,1,1536.0,935.0,1679.0,1129.0,,,,
31982,20:43.022,1,1118.0,868.0,1248.0,1053.0,,,,
31997,20:43.522,1,1199.0,796.0,1329.0,973.0,,,,
32012,20:44.022,1,1162.0,747.0,1290.0,929.0,,,,
32027,20:44.522,1,1176.0,682.0,1307.0,862.0,,,,
32042,20:45.022,1,1178.0,631.0,1308.0,814.0,,,,
32057,20:45.522,1,1187.0,653.0,1321.0,837.0,,,,
32072,20:46.023,1,1481.0,788.0,1626.0,968.0,,,,
32087,20:46.523,1,1476.0,916.0,1616.0,1099.0,,,,
32102,20:47.023,1,1209.0,858.0,1338.0,1040.0,,,,
32117,20:47.523,1,1170.0,832.0,1299.0,1024.0,,,,
32132,20:48.023,1,1168.0,831.0,1295.0,1014.0,,,,
32147,20:48.523,1,1158.0,796.0,1287.0,987.0,,,,
32162,20:49.023,1,1115.0,794.0,1248.0,987.0,,,,
32177,20:49.523,1,1148.0,796.0,1276.0,980.0,,,,
32192,20:50.025,1,1187.0,797.0,1314.0,984.0,,,,
32207,20:50.525,1,1191.0,792.0,1317.0,970.0,,,,
32222,20:51.025,1,1179.0,787.0,1312.0,980.0,,,,
32237,20:51.525,1,1189.0,787.0,1324.0,973.0,,,,
32252,20:52.025,1,1180.0,790.0,1317.0,974.0,,,,
32267,20:52.525,1,1189.0,774.0,1324.0,953.0,,,,
32282,20:53.025,1,1193.0,782.0,1327.0,963.0,,,,
32297,20:53.525,1,1191.0,776.0,1324.0,953.0,,,,
32312,20:54.027,1,1152.0,623.0,1284.0,806.0,,,,
32327,20:54.527,1,688.0,453.0,845.0,653.0,,,,
32342,20:55.027,1,709.0,401.0,866.0,603.0,,,,
32357,20:55.527,1,664.0,386.0,821.0,589.0,,,,
32372,20:56.027,1,760.0,339.0,914.0,539.0,,,,
32387,20:56.527,1,720.0,282.0,887.0,485.0,,,,
32402,20:57.018,1,742.0,317.0,903.0,531.0,,,,
32417,20:57.518,1,828.0,494.0,974.0,686.0,,,,
32432,20:58.020,1,1151.0,857.0,1278.0,1042.0,,,,
32447,20:58.520,1,1223.0,935.0,1350.0,1119.0,,,,
32462,20:59.020,1,1204.0,922.0,1329.0,1109.0,,,,
32477,20:59.520,1,1176.0,973.0,1303.0,1159.0,,,,
32492,21:00.020,1,1160.0,911.0,1287.0,1097.0,,,,
32507,21:00.520,1,1171.0,923.0,1298.0,1108.0,,,,
32522,21:01.020,1,1171.0,898.0,1298.0,1083.0,,,,
32537,21:01.520,1,1172.0,906.0,1304.0,1096.0,,,,
32552,21:02.022,1,1179.0,911.0,1310.0,1094.0,,,,
32567,21:02.522,1,1173.0,908.0,1300.0,1085.0,,,,
32582,21:03.022,1,1217.0,864.0,1346.0,1039.0,,,,
32597,21:03.522,1,1221.0,903.0,1353.0,1081.0,,,,
32612,21:04.022,1,1239.0,956.0,1374.0,1138.0,,,,
32627,21:04.522,1,1235.0,983.0,1370.0,1171.0,,,,
32642,21:05.022,1,1221.0,982.0,1354.0,1166.0,,,,
32657,21:05.522,1,381.0,1126.0,565.0,1352.0,,,,
32672,21:06.023,1,524.0,1074.0,693.0,1286.0,,,,
32687,21:06.523,1,540.0,1074.0,707.0,1288.0,,,,
32702,21:07.023,1,498.0,1080.0,667.0,1291.0,,,,
32717,21:07.523,1,636.0,1063.0,791.0,1266.0,,,,
32732,21:08.023,1,1100.0,1029.0,1234.0,1214.0,,,,
32747,21:08.523,1,1095.0,1027.0,1229.0,1212.0,,,,
32762,21:09.023,1,1146.0,1034.0,1279.0,1223.0,,,,
32777,21:09.523,1,1149.0,1028.0,1284.0,1214.0,,,,
32792,21:10.025,1,1149.0,998.0,1281.0,1183.0,,,,
32807,21:10.525,1,1160.0,931.0,1294.0,1116.0,,,,
32822,21:11.025,1,1176.0,695.0,1309.0,877.0,,,,
32837,21:11.525,1,1205.0,707.0,1340.0,891.0,,,,
32852,21:12.025,1,1201.0,738.0,1333.0,915.0,,,,
32867,21:12.525,1,1180.0,763.0,1314.0,942.0,,,,
32882,21:13.025,1,1120.0,578.0,1255.0,759.0,,,,
32897,21:13.525,1,1040.0,529.0,1172.0,712.0,,,,
32912,21:14.027,1,1040.0,470.0,1173.0,662.0,,,,
32927,21:14.527,1,1047.0,430.0,1180.0,616.0,,,,
32942,21:15.027,1,961.0,368.0,1097.0,564.0,,,,
32957,21:15.527,1,962.0,399.0,1098.0,593.0,,,,
32972,21:16.027,1,1119.0,584.0,1249.0,780.0,,,,
32987,21:16.518,1,1169.0,732.0,1297.0,917.0,,,,
33002,21:17.018,1,1122.0,627.0,1250.0,809.0,,,,
33017,21:17.518,1,1099.0,435.0,1235.0,628.0,,,,
33032,21:18.020,1,1054.0,426.0,1195.0,617.0,,,,
33047,21:18.520,1,968.0,611.0,1103.0,796.0,,,,
33062,21:19.020,1,944.0,639.0,1080.0,819.0,,,,
33077,21:19.520,1,905.0,630.0,1044.0,817.0,,,,
33092,21:20.020,1,975.0,616.0,1110.0,807.0,,,,
33107,21:20.520,1,994.0,599.0,1128.0,784.0,,,,
33122,21:21.020,1,990.0,601.0,1125.0,784.0,,,,
33137,21:21.520,1,983.0,597.0,1122.0,781.0,,,,
33152,21:22.022,1,1082.0,528.0,1225.0,726.0,,,,
33167,21:22.522,1,1141.0,294.0,1292.0,516.0,,,,
33182,21:23.022,1,1134.0,292.0,1286.0,513.0,,,,
33197,21:23.522,1,1002.0,542.0,1140.0,737.0,,,,
33212,21:24.022,1,1040.0,803.0,1178.0,984.0,,,,
33227,21:24.522,1,1039.0,800.0,1178.0,979.0,,,,
33242,21:25.022,1,1084.0,800.0,1226.0,991.0,,,,
33257,21:25.522,1,1112.0,719.0,1256.0,911.0,,,,
33272,21:26.023,1,1110.0,873.0,1246.0,1064.0,,,,
33287,21:26.523,1,1115.0,910.0,1252.0,1098.0,,,,
33302,21:27.023,1,1070.0,842.0,1208.0,1037.0,,,,
33317,21:27.523,1,1100.0,765.0,1242.0,954.0,,,,
33332,21:28.023,1,1021.0,848.0,1169.0,1036.0,,,,
33347,21:28.523,1,1051.0,1025.0,1194.0,1221.0,,,,
33362,21:29.023,1,1001.0,451.0,1141.0,652.0,,,,
33377,21:29.523,1,1145.0,836.0,1283.0,1027.0,,,,
33392,21:30.025,1,1115.0,752.0,1251.0,942.0,,,,
33407,21:30.525,1,1112.0,872.0,1247.0,1062.0,,,,
33422,21:31.025,1,1091.0,884.0,1230.0,1076.0,,,,
33437,21:31.525,1,1084.0,876.0,1216.0,1064.0,,,,
33452,21:32.025,1,703.0,1022.0,851.0,1230.0,,,,
33467,21:32.525,1,0.0,1151.0,213.0,1409.0,,,,
33482,21:33.025,1,47.0,1066.0,252.0,1319.0,,,,
33497,21:33.525,1,350.0,1063.0,523.0,1299.0,,,,
33512,21:34.027,1,773.0,994.0,917.0,1196.0,,,,
33527,21:34.527,1,1396.0,1016.0,1535.0,1218.0,,,,
33542,21:35.027,1,1102.0,1108.0,1239.0,1314.0,,,,
33557,21:35.527,1,1315.0,1034.0,1454.0,1232.0,,,,
33572,21:36.018,1,1700.0,965.0,1860.0,1171.0,,,,
33587,21:36.518,1,2130.0,378.0,2334.0,624.0,,,,
33602,21:37.018,1,2205.0,169.0,2422.0,421.0,,,,
33617,21:37.518,1,1983.0,233.0,2170.0,478.0,,,,
33632,21:38.020,1,1805.0,280.0,1970.0,507.0,,,,
33647,21:38.520,1,1751.0,388.0,1909.0,606.0,,,,
33662,21:39.020,1,1676.0,415.0,1828.0,624.0,,,,
33677,21:39.520,1,1394.0,568.0,1532.0,761.0,,,,
33692,21:40.020,1,1366.0,353.0,1508.0,562.0,,,,
33707,21:40.520,1,1381.0,399.0,1523.0,603.0,,,,
33722,21:41.020,1,1572.0,271.0,1725.0,488.0,,,,
33737,21:41.520,1,1574.0,258.0,1724.0,468.0,,,,
33752,21:42.022,1,1533.0,331.0,1685.0,545.0,,,,
33767,21:42.522,1,1142.0,886.0,1276.0,1080.0,,,,
33782,21:43.022,1,1113.0,695.0,1248.0,879.0,,,,
33797,21:43.522,1,1135.0,649.0,1268.0,847.0,,,,
33812,21:44.022,1,1145.0,610.0,1271.0,797.0,,,,
33827,21:44.522,1,1144.0,676.0,1270.0,862.0,,,,
33842,21:45.022,1,1154.0,719.0,1281.0,900.0,,,,
33857,21:45.522,1,1124.0,585.0,1252.0,767.0,,,,
33872,21:46.023,1,1145.0,385.0,1277.0,586.0,,,,
33887,21:46.523,1,1207.0,485.0,1339.0,682.0,,,,
33902,21:47.023,1,1121.0,624.0,1251.0,814.0,,,,
33917,21:47.523,1,1120.0,672.0,1248.0,846.0,,,,
33932,21:48.023,1,1117.0,681.0,1245.0,863.0,,,,
33947,21:48.523,1,1113.0,695.0,1240.0,873.0,,,,
33962,21:49.023,1,1097.0,878.0,1225.0,1059.0,,,,
33977,21:49.523,1,940.0,1003.0,1073.0,1196.0,,,,
33992,21:50.025,1,1012.0,1000.0,1140.0,1192.0,,,,
34007,21:50.525,1,331.0,1081.0,502.0,1305.0,,,,
34022,21:51.025,1,137.0,1116.0,329.0,1353.0,,,,
34037,21:51.525,1,526.0,1177.0,682.0,1386.0,,,,
34052,21:52.025,1,1329.0,701.0,1470.0,887.0,,,,
34067,21:52.525,1,1241.0,1175.0,1379.0,1363.0,,,,
34082,21:53.025,1,1176.0,1024.0,1319.0,1201.0,,,,
34097,21:53.525,1,1182.0,982.0,1323.0,1162.0,,,,
34112,21:54.027,1,1162.0,1068.0,1298.0,1262.0,,,,
34127,21:54.527,1,1166.0,910.0,1293.0,1092.0,,,,
34142,21:55.027,1,1146.0,791.0,1276.0,977.0,,,,
34157,21:55.527,1,1107.0,777.0,1241.0,953.0,,,,
34172,21:56.018,1,1114.0,813.0,1252.0,995.0,,,,
34187,21:56.518,1,1119.0,775.0,1255.0,961.0,,,,
34202,21:57.018,1,1113.0,793.0,1244.0,980.0,,,,
34217,21:57.518,1,1196.0,436.0,1327.0,627.0,,,,
34232,21:58.020,1,1185.0,791.0,1313.0,970.0,,,,
34247,21:58.520,1,1212.0,691.0,1337.0,872.0,,,,
34262,21:59.020,1,1223.0,717.0,1342.0,887.0,,,,
34277,21:59.520,1,1200.0,757.0,1319.0,929.0,,,,
34292,22:00.020,1,1153.0,790.0,1274.0,961.0,,,,
34307,22:00.520,1,1142.0,757.0,1262.0,928.0,,,,
34322,22:01.020,1,1143.0,798.0,1264.0,976.0,,,,
34337,22:01.522,1,1150.0,853.0,1275.0,1033.0,,,,
34352,22:02.022,1,1107.0,887.0,1231.0,1065.0,,,,
34367,22:02.522,1,1091.0,808.0,1216.0,991.0,,,,
34382,22:03.022,1,1130.0,713.0,1260.0,895.0,,,,
34397,22:03.522,1,1054.0,747.0,1196.0,931.0,,,,
34412,22:04.022,1,1073.0,753.0,1209.0,934.0,,,,
34427,22:04.522,1,1066.0,747.0,1201.0,936.0,,,,
34442,22:05.022,1,1062.0,749.0,1198.0,938.0,,,,
34457,22:05.523,1,1044.0,805.0,1174.0,994.0,,,,
34472,22:06.023,1,1073.0,812.0,1204.0,997.0,,,,
34487,22:06.523,1,1085.0,795.0,1212.0,979.0,,,,
34502,22:07.023,1,1125.0,730.0,1254.0,918.0,,,,
34517,22:07.523,1,1163.0,649.0,1292.0,831.0,,,,
34532,22:08.023,1,1146.0,673.0,1275.0,854.0,,,,
34547,22:08.523,1,1126.0,698.0,1255.0,886.0,,,,
34562,22:09.023,1,1086.0,764.0,1216.0,950.0,,,,
34577,22:09.525,1,1080.0,769.0,1210.0,954.0,,,,
34592,22:10.025,1,1121.0,794.0,1252.0,976.0,,,,
34607,22:10.525,1,1084.0,817.0,1213.0,1002.0,,,,
34622,22:11.025,1,1061.0,792.0,1195.0,981.0,,,,
34637,22:11.525,1,1045.0,811.0,1178.0,994.0,,,,
34652,22:12.025,1,1049.0,799.0,1185.0,981.0,,,,
34667,22:12.525,1,1046.0,794.0,1182.0,976.0,,,,
34682,22:13.025,1,1041.0,810.0,1180.0,991.0,,,,
34697,22:13.527,1,1045.0,803.0,1182.0,985.0,,,,
34712,22:14.027,1,1036.0,805.0,1176.0,988.0,,,,
34727,22:14.527,1,1035.0,802.0,1169.0,994.0,,,,
34742,22:15.027,1,1023.0,792.0,1153.0,981.0,,,,
34757,22:15.518,1,1076.0,845.0,1205.0,1027.0,,,,
34772,22:16.018,1,1154.0,987.0,1284.0,1176.0,,,,
34787,22:16.518,1,1140.0,940.0,1268.0,1126.0,,,,
34802,22:17.018,1,1119.0,916.0,1246.0,1101.0,,,,
34817,22:17.520,1,1111.0,917.0,1237.0,1104.0,,,,
34832,22:18.020,1,1088.0,915.0,1216.0,1097.0,,,,
34847,22:18.520,1,1091.0,898.0,1219.0,1086.0,,,,
34862,22:19.020,1,1057.0,876.0,1189.0,1058.0,,,,
34877,22:19.520,1,1004.0,202.0,1151.0,406.0,,,,
34892,22:20.020,1,1017.0,112.0,1159.0,233.0,,,,
34907,22:20.520,1,1050.0,149.0,1193.0,250.0,,,,
34922,22:21.020,1,1043.0,450.0,1176.0,645.0,,,,
34937,22:21.522,1,1142.0,1000.0,1268.0,1191.0,,,,
34952,22:22.022,1,1140.0,982.0,1268.0,1171.0,,,,
34967,22:22.522,1,1120.0,971.0,1246.0,1153.0,,,,
34982,22:23.022,1,1122.0,914.0,1247.0,1087.0,,,,
34997,22:23.522,1,1129.0,924.0,1256.0,1106.0,,,,
35012,22:24.022,1,1118.0,924.0,1246.0,1108.0,,,,
35027,22:24.522,1,1093.0,950.0,1223.0,1140.0,,,,
35042,22:25.022,1,1054.0,896.0,1182.0,1082.0,,,,
35057,22:25.523,1,1092.0,332.0,1230.0,532.0,,,,
35072,22:26.023,1,1085.0,374.0,1219.0,571.0,,,,
35087,22:26.523,1,1055.0,400.0,1190.0,603.0,,,,
35102,22:27.023,1,1017.0,458.0,1156.0,646.0,,,,
35117,22:27.523,1,854.0,757.0,1023.0,944.0,,,,
35132,22:28.023,1,979.0,973.0,1155.0,1135.0,,,,
35147,22:28.523,1,1271.0,894.0,1416.0,1078.0,,,,
35162,22:29.023,1,1290.0,639.0,1428.0,824.0,,,,
35177,22:29.525,1,1120.0,582.0,1217.0,650.0,,,,
35192,22:30.025,1,1115.0,374.0,1268.0,558.0,,,,
35207,22:30.525,1,1131.0,632.0,1270.0,797.0,,,,
35222,22:31.025,1,1180.0,602.0,1331.0,768.0,,,,
35237,22:31.525,1,1231.0,551.0,1385.0,722.0,,,,
35252,22:32.025,1,1278.0,572.0,1410.0,749.0,,,,
35267,22:32.525,1,1290.0,557.0,1422.0,742.0,,,,
35282,22:33.025,1,1293.0,556.0,1426.0,742.0,,,,
35297,22:33.527,1,1294.0,549.0,1436.0,730.0,,,,
35312,22:34.027,1,1315.0,551.0,1456.0,732.0,,,,
35327,22:34.527,1,1310.0,560.0,1447.0,744.0,,,,
35342,22:35.018,1,1319.0,568.0,1455.0,755.0,,,,
35357,22:35.518,1,1330.0,575.0,1467.0,770.0,,,,
35372,22:36.018,1,1325.0,586.0,1460.0,774.0,,,,
35387,22:36.518,1,1328.0,592.0,1463.0,786.0,,,,
35402,22:37.018,1,1326.0,593.0,1465.0,784.0,,,,
35417,22:37.520,1,1316.0,603.0,1452.0,788.0,,,,
35432,22:38.020,1,1311.0,850.0,1439.0,1037.0,,,,
35447,22:38.520,1,1263.0,938.0,1388.0,1119.0,,,,
35462,22:39.020,1,1548.0,850.0,1682.0,1051.0,,,,
35477,22:39.520,1,1333.0,704.0,1461.0,904.0,,,,
35492,22:40.020,1,1467.0,731.0,1596.0,912.0,,,,
35507,22:40.520,1,1334.0,808.0,1462.0,946.0,,,,
35522,22:41.020,1,1423.0,638.0,1557.0,788.0,,,,
35537,22:41.522,1,1241.0,473.0,1366.0,656.0,,,,
35552,22:42.022,1,1079.0,609.0,1203.0,789.0,,,,
35567,22:42.522,1,1154.0,722.0,1276.0,895.0,,,,
35582,22:43.022,1,1167.0,801.0,1289.0,986.0,,,,
35597,22:43.522,1,1197.0,858.0,1322.0,1052.0,,,,
35612,22:44.022,1,1144.0,611.0,1267.0,799.0,,,,
35627,22:44.522,1,1026.0,548.0,1149.0,732.0,,,,
35642,22:45.022,1,1144.0,590.0,1269.0,770.0,,,,
35657,22:45.523,1,1273.0,564.0,1399.0,748.0,,,,
35672,22:46.023,1,1308.0,588.0,1439.0,776.0,,,,
35687,22:46.523,1,1319.0,624.0,1451.0,801.0,,,,
35702,22:47.023,1,1309.0,627.0,1447.0,819.0,,,,
35717,22:47.523,1,1312.0,636.0,1448.0,831.0,,,,
35732,22:48.023,1,1302.0,630.0,1439.0,817.0,,,,
35747,22:48.523,1,1291.0,642.0,1425.0,828.0,,,,
35762,22:49.023,1,1284.0,672.0,1416.0,852.0,,,,
35777,22:49.525,1,1275.0,831.0,1409.0,1022.0,,,,
35792,22:50.025,1,1246.0,742.0,1375.0,931.0,,,,
35807,22:50.525,1,1286.0,760.0,1418.0,946.0,,,,
35822,22:51.025,1,1311.0,747.0,1444.0,934.0,,,,
35837,22:51.525,1,1337.0,728.0,1472.0,918.0,,,,
35852,22:52.025,1,1441.0,821.0,1578.0,1015.0,,,,
35867,22:52.525,1,1270.0,790.0,1405.0,976.0,,,,
35882,22:53.025,1,1302.0,787.0,1437.0,976.0,,,,
35897,22:53.527,1,1207.0,658.0,1340.0,843.0,,,,
35912,22:54.027,1,1202.0,800.0,1331.0,983.0,,,,
35927,22:54.527,1,1243.0,676.0,1375.0,860.0,,,,
35942,22:55.018,1,1219.0,585.0,1350.0,776.0,,,,
35957,22:55.518,1,941.0,595.0,1071.0,780.0,,,,
35972,22:56.018,1,968.0,812.0,1098.0,996.0,,,,
35987,22:56.518,1,1193.0,774.0,1314.0,952.0,,,,
36002,22:57.018,1,1322.0,789.0,1450.0,961.0,,,,
36017,22:57.520,1,1264.0,579.0,1390.0,759.0,,,,
36032,22:58.020,1,853.0,567.0,977.0,750.0,,,,
36047,22:58.520,1,1291.0,586.0,1422.0,756.0,,,,
36062,22:59.020,1,1282.0,532.0,1421.0,708.0,,,,
36077,22:59.520,1,1269.0,529.0,1406.0,707.0,,,,
36092,23:00.020,1,1221.0,538.0,1355.0,716.0,,,,
36107,23:00.520,1,1177.0,585.0,1314.0,759.0,,,,
36122,23:01.020,1,1139.0,703.0,1275.0,883.0,,,,
36137,23:01.522,1,986.0,536.0,1129.0,731.0,,,,
36152,23:02.022,1,993.0,479.0,1132.0,675.0,,,,
36167,23:02.522,1,1281.0,988.0,1419.0,1183.0,,,,
36182,23:03.022,1,1148.0,1188.0,1283.0,1401.0,,,,
36197,23:03.522,1,1113.0,1027.0,1239.0,1220.0,,,,
36212,23:04.022,1,1112.0,1008.0,1244.0,1203.0,,,,
36227,23:04.522,1,1137.0,794.0,1271.0,990.0,,,,
36242,23:05.022,1,1103.0,798.0,1233.0,988.0,,,,
36257,23:05.523,1,1053.0,832.0,1182.0,1023.0,,,,
36272,23:06.023,1,1097.0,671.0,1224.0,860.0,,,,
36287,23:06.523,1,1126.0,772.0,1255.0,959.0,,,,
36302,23:07.023,1,1082.0,725.0,1211.0,917.0,,,,
36317,23:07.523,1,1114.0,658.0,1244.0,841.0,,,,
36332,23:08.023,1,1115.0,650.0,1244.0,839.0,,,,
36347,23:08.523,1,1096.0,615.0,1225.0,804.0,,,,
36362,23:09.023,1,1109.0,631.0,1234.0,824.0,,,,
36377,23:09.525,1,1144.0,646.0,1268.0,842.0,,,,
36392,23:10.025,1,1126.0,641.0,1249.0,814.0,,,,
36407,23:10.525,1,1143.0,677.0,1266.0,855.0,,,,
36422,23:11.025,1,1151.0,668.0,1274.0,844.0,,,,
36437,23:11.525,1,1168.0,657.0,1296.0,845.0,,,,
36452,23:12.025,1,1176.0,664.0,1306.0,842.0,,,,
36467,23:12.525,1,1190.0,676.0,1321.0,862.0,,,,
36482,23:13.025,1,1205.0,665.0,1332.0,843.0,,,,
36497,23:13.527,1,1222.0,673.0,1355.0,853.0,,,,
36512,23:14.027,1,1253.0,682.0,1394.0,863.0,,,,
36527,23:14.518,1,1243.0,678.0,1380.0,851.0,,,,
36542,23:15.018,1,1221.0,658.0,1350.0,837.0,,,,
36557,23:15.518,1,1210.0,616.0,1331.0,788.0,,,,
36572,23:16.018,1,1217.0,530.0,1343.0,712.0,,,,
36587,23:16.518,1,1219.0,472.0,1342.0,660.0,,,,
36602,23:17.020,1,1207.0,500.0,1336.0,667.0,,,,
36617,23:17.520,1,1209.0,547.0,1336.0,738.0,,,,
36632,23:18.020,1,1254.0,547.0,1382.0,732.0,,,,
36647,23:18.520,1,1258.0,538.0,1384.0,721.0,,,,
36662,23:19.020,1,1261.0,550.0,1389.0,728.0,,,,
36677,23:19.520,1,1254.0,551.0,1384.0,731.0,,,,
36692,23:20.020,1,1131.0,746.0,1257.0,926.0,,,,
36707,23:20.520,1,1174.0,743.0,1301.0,927.0,,,,
36722,23:21.020,1,1182.0,609.0,1311.0,794.0,,,,
36737,23:21.522,1,1174.0,577.0,1301.0,758.0,,,,
36752,23:22.022,1,1189.0,515.0,1318.0,699.0,,,,
36767,23:22.522,1,1191.0,298.0,1323.0,508.0,,,,
36782,23:23.022,1,1161.0,315.0,1292.0,510.0,,,,
36797,23:23.522,1,1178.0,529.0,1303.0,711.0,,,,
36812,23:24.022,1,1259.0,681.0,1386.0,866.0,,,,
36827,23:24.522,1,1056.0,862.0,1191.0,1026.0,,,,
36842,23:25.022,1,1121.0,847.0,1253.0,1022.0,,,,
36857,23:25.523,1,1178.0,763.0,1308.0,936.0,,,,
36872,23:26.023,1,1162.0,711.0,1292.0,892.0,,,,
36887,23:26.523,1,1187.0,742.0,1314.0,920.0,,,,
36902,23:27.023,1,1196.0,772.0,1322.0,963.0,,,,
36917,23:27.523,1,1229.0,765.0,1355.0,950.0,,,,
36932,23:28.023,1,1257.0,726.0,1382.0,903.0,,,,
36947,23:28.523,1,1291.0,704.0,1418.0,892.0,,,,
36962,23:29.023,1,1297.0,728.0,1423.0,906.0,,,,
36977,23:29.525,1,1308.0,742.0,1436.0,930.0,,,,
36992,23:30.025,1,1250.0,821.0,1378.0,1000.0,,,,
37007,23:30.525,1,1180.0,936.0,1308.0,1121.0,,,,
37022,23:31.025,1,1077.0,728.0,1203.0,908.0,,,,
37037,23:31.525,1,1262.0,703.0,1389.0,886.0,,,,
37052,23:32.025,1,1116.0,679.0,1245.0,866.0,,,,
37067,23:32.525,1,1146.0,590.0,1276.0,778.0,,,,
37082,23:33.027,1,1243.0,627.0,1370.0,808.0,,,,
37097,23:33.527,1,1254.0,656.0,1382.0,833.0,,,,
37112,23:34.018,1,1176.0,659.0,1307.0,842.0,,,,
37127,23:34.518,1,1189.0,667.0,1320.0,844.0,,,,
37142,23:35.018,1,1174.0,668.0,1305.0,853.0,,,,
37157,23:35.518,1,1168.0,666.0,1298.0,844.0,,,,
37172,23:36.018,1,1176.0,655.0,1307.0,841.0,,,,
37187,23:36.518,1,1165.0,678.0,1299.0,861.0,,,,
37202,23:37.020,1,1146.0,702.0,1276.0,884.0,,,,
37217,23:37.520,1,1192.0,849.0,1322.0,1027.0,,,,
37233,23:38.020,1,1084.0,916.0,1214.0,1111.0,,,,
37248,23:38.520,1,1067.0,877.0,1199.0,1061.0,,,,
37263,23:39.020,1,1102.0,886.0,1231.0,1068.0,,,,
37278,23:39.520,1,1145.0,785.0,1274.0,965.0,,,,
37293,23:40.020,1,1091.0,757.0,1220.0,937.0,,,,
37308,23:40.520,1,1112.0,816.0,1240.0,1000.0,,,,
37323,23:41.022,1,1120.0,747.0,1247.0,929.0,,,,
37338,23:41.522,1,1026.0,690.0,1155.0,875.0,,,,
37353,23:42.022,1,1068.0,757.0,1198.0,943.0,,,,
37368,23:42.522,1,1089.0,789.0,1214.0,967.0,,,,
37383,23:43.022,1,1513.0,944.0,1647.0,1135.0,,,,
37398,23:43.522,1,1115.0,946.0,1242.0,1130.0,,,,
37413,23:44.022,1,1060.0,918.0,1186.0,1100.0,,,,
37428,23:44.522,1,783.0,1110.0,921.0,1313.0,,,,
37443,23:45.023,1,1117.0,1058.0,1246.0,1242.0,,,,
37458,23:45.523,1,1158.0,851.0,1285.0,1033.0,,,,
37473,23:46.023,1,1161.0,856.0,1286.0,1037.0,,,,
37488,23:46.523,1,1160.0,857.0,1286.0,1036.0,,,,
37503,23:47.023,1,1172.0,846.0,1299.0,1020.0,,,,
37518,23:47.523,1,1166.0,822.0,1294.0,1006.0,,,,
37533,23:48.023,1,1165.0,819.0,1290.0,1008.0,,,,
37548,23:48.523,1,1176.0,823.0,1301.0,1004.0,,,,
37563,23:49.025,1,1182.0,817.0,1303.0,1000.0,,,,
37578,23:49.525,1,1177.0,810.0,1299.0,996.0,,,,
37593,23:50.025,1,1177.0,802.0,1298.0,993.0,,,,
37608,23:50.525,1,1213.0,878.0,1334.0,1060.0,,,,
37623,23:51.025,1,1212.0,879.0,1335.0,1069.0,,,,
37638,23:51.525,1,1167.0,849.0,1293.0,1041.0,,,,
37653,23:52.025,1,1148.0,893.0,1273.0,1083.0,,,,
37668,23:52.517,1,1236.0,945.0,1365.0,1137.0,,,,
37683,23:53.018,1,1125.0,788.0,1252.0,966.0,,,,
37698,23:53.518,1,1171.0,553.0,1298.0,736.0,,,,
37713,23:54.018,0,,,,,,,,
37728,23:54.518,1,979.0,476.0,1114.0,670.0,,,,
37743,23:55.018,1,1222.0,727.0,1347.0,911.0,,,,
37758,23:55.518,1,928.0,1124.0,1061.0,1329.0,,,,
37773,23:56.027,1,748.0,1029.0,888.0,1220.0,,,,
37788,23:56.518,1,719.0,978.0,861.0,1179.0,,,,
37817,23:57.003,1,845.0,870.0,980.0,1068.0,,,,
37847,23:57.503,1,1038.0,816.0,1168.0,1008.0,,,,
37865,23:58.020,1,1170.0,759.0,1298.0,946.0,,,,
37880,23:58.520,1,1151.0,749.0,1279.0,934.0,,,,
37895,23:59.020,1,1147.0,818.0,1276.0,1007.0,,,,
37910,23:59.520,1,1105.0,770.0,1238.0,954.0,,,,
37925,24:00.020,1,1138.0,774.0,1270.0,959.0,,,,
37940,24:00.520,1,1141.0,785.0,1272.0,962.0,,,,
37955,24:01.022,1,1151.0,703.0,1282.0,901.0,,,,
37970,24:01.522,1,1140.0,547.0,1271.0,728.0,,,,
37985,24:02.022,1,1135.0,498.0,1266.0,686.0,,,,
38000,24:02.522,1,1179.0,550.0,1312.0,744.0,,,,
38015,24:03.022,1,1188.0,571.0,1320.0,762.0,,,,
38030,24:03.522,1,1181.0,612.0,1312.0,802.0,,,,
38044,24:04.005,1,1158.0,743.0,1283.0,925.0,,,,
38059,24:04.522,1,598.0,726.0,758.0,943.0,,,,
38074,24:05.023,1,716.0,749.0,866.0,955.0,,,,
38089,24:05.523,0,,,,,,,,
38105,24:06.023,0,,,,,,,,
38120,24:06.523,0,,,,,,,,
38135,24:07.023,0,,,,,,,,
38150,24:07.523,0,,,,,,,,
38165,24:08.023,0,,,,,,,,
38180,24:08.557,0,,,,,,,,
38194,24:09.025,0,,,,,,,,
38209,24:09.525,0,,,,,,,,
38224,24:10.025,0,,,,,,,,
38239,24:10.525,0,,,,,,,,
38254,24:11.025,0,,,,,,,,
38269,24:11.525,0,,,,,,,,
38284,24:12.017,0,,,,,,,,
38299,24:12.517,1,224.0,1213.0,329.0,1284.0,,,,
38314,24:13.018,0,,,,,,,,
38329,24:13.518,0,,,,,,,,
38344,24:14.018,0,,,,,,,,
38359,24:14.518,0,,,,,,,,
38374,24:15.018,0,,,,,,,,
38389,24:15.518,0,,,,,,,,
38404,24:16.018,0,,,,,,,,
38419,24:16.518,0,,,,,,,,
38434,24:17.020,0,,,,,,,,
38449,24:17.520,0,,,,,,,,
38464,24:18.020,0,,,,,,,,
38479,24:18.520,0,,,,,,,,
38494,24:19.020,0,,,,,,,,
38509,24:19.520,0,,,,,,,,
38524,24:20.020,0,,,,,,,,
38539,24:20.520,0,,,,,,,,
38554,24:21.022,1,232.0,1171.0,341.0,1250.0,,,,
38569,24:21.522,0,,,,,,,,
38584,24:22.022,0,,,,,,,,
38599,24:22.522,0,,,,,,,,
38614,24:23.022,0,,,,,,,,
38629,24:23.522,0,,,,,,,,
38644,24:24.022,0,,,,,,,,
38659,24:24.522,0,,,,,,,,
38674,24:25.023,0,,,,,,,,
38689,24:25.523,0,,,,,,,,
38704,24:26.023,0,,,,,,,,
38719,24:26.523,0,,,,,,,,
38734,24:27.023,0,,,,,,,,
38749,24:27.523,1,58.0,590.0,251.0,838.0,,,,
38764,24:28.023,1,-4.0,612.0,189.0,865.0,,,,
38779,24:28.523,0,,,,,,,,
38794,24:29.025,0,,,,,,,,
38809,24:29.525,0,,,,,,,,
38824,24:30.025,0,,,,,,,,
38839,24:30.525,0,,,,,,,,
38854,24:31.025,0,,,,,,,,
38869,24:31.517,0,,,,,,,,
38884,24:32.017,0,,,,,,,,
38899,24:32.517,0,,,,,,,,
38914,24:33.018,0,,,,,,,,
38929,24:33.518,0,,,,,,,,
38944,24:34.018,1,719.0,675.0,867.0,886.0,,,,
38959,24:34.518,1,785.0,695.0,931.0,903.0,,,,
38974,24:35.018,1,742.0,690.0,893.0,888.0,,,,
38989,24:35.518,1,729.0,709.0,881.0,909.0,,,,
39004,24:36.018,1,718.0,712.0,865.0,918.0,,,,
39019,24:36.518,1,751.0,698.0,893.0,898.0,,,,
39034,24:37.020,1,676.0,741.0,832.0,955.0,,,,
39049,24:37.520,1,658.0,756.0,815.0,960.0,,,,
39064,24:38.020,1,636.0,779.0,785.0,989.0,,,,
39079,24:38.520,1,618.0,813.0,766.0,1028.0,,,,
39094,24:39.020,1,623.0,797.0,761.0,1001.0,,,,
39109,24:39.520,1,623.0,812.0,767.0,1018.0,,,,
39124,24:40.020,1,608.0,765.0,752.0,968.0,,,,
39139,24:40.520,1,591.0,731.0,732.0,934.0,,,,
39154,24:41.022,1,605.0,717.0,747.0,923.0,,,,
39169,24:41.522,1,602.0,727.0,744.0,934.0,,,,
39184,24:42.022,0,,,,,,,,
39199,24:42.522,0,,,,,,,,
39214,24:43.022,0,,,,,,,,
39229,24:43.522,0,,,,,,,,
39244,24:44.022,0,,,,,,,,
39259,24:44.522,0,,,,,,,,
39274,24:45.023,0,,,,,,,,
39289,24:45.523,0,,,,,,,,
39304,24:46.023,1,-74.0,680.0,118.0,926.0,,,,
39319,24:46.523,0,,,,,,,,
39334,24:47.023,0,,,,,,,,
39349,24:47.523,0,,,,,,,,
39364,24:48.023,0,,,,,,,,
39390,24:48.515,0,,,,,,,,
39419,24:49.000,0,,,,,,,,
39449,24:49.500,1,-77.0,706.0,88.0,942.0,,,,
