frame,time,actual_video_time,faces_detected_count,face_0_tl_x,face_0_tl_y,face_0_br_x,face_0_br_y,face_1_tl_x,face_1_tl_y,face_1_br_x,face_1_br_y
7991,04:15.000,04:15.032,2,433.0,544.0,615.0,774.0,1044.0,633.0,1217.0,865.0
8006,04:15.500,04:15.532,2,1050.0,642.0,1223.0,876.0,440.0,553.0,621.0,783.0
8021,04:16.000,04:16.032,2,445.0,542.0,626.0,777.0,1054.0,641.0,1225.0,874.0
8035,04:16.500,04:16.500,2,1070.0,627.0,1242.0,866.0,458.0,531.0,640.0,769.0
8050,04:17.000,04:17.000,2,1077.0,614.0,1252.0,850.0,462.0,520.0,641.0,756.0
8065,04:17.500,04:17.500,2,1129.0,633.0,1301.0,867.0,531.0,541.0,705.0,774.0
8080,04:18.000,04:18.000,2,1118.0,628.0,1289.0,863.0,528.0,538.0,702.0,776.0
8095,04:18.500,04:18.500,2,1106.0,648.0,1278.0,880.0,511.0,560.0,686.0,786.0
8110,04:19.000,04:19.000,2,509.0,548.0,684.0,778.0,1105.0,640.0,1277.0,871.0
8125,04:19.500,04:19.500,2,1108.0,657.0,1279.0,887.0,510.0,570.0,687.0,798.0
8140,04:20.000,04:20.000,2,510.0,653.0,685.0,880.0,1103.0,746.0,1274.0,971.0
8155,04:20.500,04:20.502,2,502.0,664.0,676.0,888.0,1098.0,760.0,1266.0,983.0
8170,04:21.000,04:21.002,2,1097.0,734.0,1268.0,962.0,498.0,644.0,675.0,871.0
8185,04:21.500,04:21.502,2,1100.0,722.0,1268.0,951.0,500.0,632.0,675.0,858.0
8200,04:22.000,04:22.002,2,1098.0,711.0,1268.0,940.0,495.0,616.0,673.0,844.0
8215,04:22.500,04:22.502,2,496.0,585.0,675.0,817.0,1100.0,681.0,1269.0,907.0
8230,04:23.000,04:23.002,2,488.0,547.0,665.0,778.0,1094.0,642.0,1266.0,874.0
8245,04:23.500,04:23.502,2,498.0,523.0,678.0,755.0,1105.0,623.0,1277.0,852.0
8260,04:24.000,04:24.002,2,1099.0,602.0,1271.0,835.0,494.0,511.0,672.0,738.0
8275,04:24.500,04:24.503,2,1099.0,596.0,1271.0,828.0,492.0,498.0,671.0,729.0
8290,04:25.000,04:25.003,2,1099.0,589.0,1273.0,820.0,493.0,488.0,672.0,721.0
8305,04:25.500,04:25.503,2,1063.0,596.0,1237.0,829.0,448.0,504.0,631.0,734.0
8320,04:26.000,04:26.003,2,1076.0,574.0,1249.0,806.0,459.0,475.0,642.0,708.0
8335,04:26.500,04:26.503,2,1085.0,561.0,1259.0,794.0,477.0,460.0,657.0,693.0
8350,04:27.000,04:27.003,2,1089.0,559.0,1264.0,791.0,482.0,459.0,661.0,689.0
8365,04:27.500,04:27.503,2,1081.0,545.0,1257.0,784.0,473.0,453.0,652.0,685.0
8380,04:28.000,04:28.003,2,1084.0,537.0,1258.0,771.0,470.0,448.0,651.0,680.0
8395,04:28.500,04:28.505,2,469.0,422.0,652.0,659.0,1084.0,521.0,1258.0,754.0
8410,04:29.000,04:29.005,2,1072.0,470.0,1246.0,708.0,444.0,380.0,631.0,618.0
8425,04:29.500,04:29.505,2,1110.0,447.0,1285.0,686.0,493.0,343.0,678.0,584.0
8439,04:30.000,04:30.005,2,502.0,305.0,687.0,545.0,1121.0,403.0,1297.0,649.0
8454,04:30.500,04:30.505,2,1036.0,655.0,1208.0,886.0,425.0,535.0,609.0,768.0
8469,04:31.000,04:31.005,2,998.0,634.0,1169.0,865.0,373.0,513.0,561.0,749.0
8484,04:31.500,04:31.505,2,982.0,538.0,1156.0,775.0,344.0,383.0,539.0,628.0
8499,04:32.000,04:32.005,2,364.0,367.0,558.0,614.0,1001.0,515.0,1179.0,758.0
8514,04:32.500,04:32.507,2,337.0,367.0,532.0,615.0,978.0,517.0,1156.0,760.0
8529,04:33.000,04:33.007,2,405.0,343.0,599.0,591.0,1033.0,496.0,1210.0,739.0
8544,04:33.500,04:33.507,2,1075.0,480.0,1253.0,727.0,463.0,334.0,646.0,574.0
8560,04:34.000,04:34.032,2,1066.0,478.0,1243.0,725.0,451.0,341.0,637.0,583.0
8575,04:34.500,04:34.532,2,1096.0,426.0,1273.0,669.0,482.0,279.0,668.0,521.0
8590,04:35.000,04:35.032,2,1088.0,410.0,1265.0,653.0,469.0,260.0,658.0,505.0
8605,04:35.500,04:35.532,2,1086.0,396.0,1265.0,643.0,466.0,249.0,656.0,499.0
8620,04:36.000,04:36.032,2,469.0,239.0,660.0,487.0,1084.0,389.0,1263.0,634.0
8634,04:36.500,04:36.500,2,1088.0,390.0,1266.0,635.0,475.0,246.0,664.0,491.0
8649,04:37.000,04:37.000,2,1088.0,389.0,1265.0,633.0,477.0,249.0,666.0,493.0
8664,04:37.500,04:37.500,2,1086.0,392.0,1262.0,638.0,474.0,256.0,664.0,500.0
8679,04:38.000,04:38.000,2,1093.0,391.0,1270.0,634.0,479.0,254.0,669.0,498.0
8694,04:38.500,04:38.500,2,1095.0,405.0,1272.0,656.0,482.0,273.0,670.0,514.0
8709,04:39.000,04:39.000,2,1089.0,426.0,1261.0,681.0,478.0,292.0,666.0,537.0
8724,04:39.500,04:39.500,2,1081.0,437.0,1252.0,687.0,462.0,313.0,649.0,556.0
8739,04:40.000,04:40.000,2,1081.0,445.0,1251.0,687.0,451.0,320.0,640.0,562.0
8754,04:40.500,04:40.502,2,1056.0,434.0,1229.0,678.0,454.0,307.0,641.0,549.0
8769,04:41.000,04:41.002,2,1075.0,419.0,1248.0,666.0,447.0,294.0,638.0,541.0
8784,04:41.500,04:41.502,2,1068.0,409.0,1240.0,656.0,446.0,281.0,639.0,526.0
8799,04:42.000,04:42.002,2,1075.0,396.0,1250.0,649.0,448.0,276.0,640.0,522.0
8814,04:42.500,04:42.502,2,1073.0,404.0,1248.0,650.0,452.0,279.0,642.0,524.0
8829,04:43.000,04:43.002,2,1072.0,407.0,1245.0,652.0,451.0,280.0,642.0,525.0
8844,04:43.500,04:43.502,2,1065.0,416.0,1239.0,659.0,445.0,290.0,636.0,537.0
8859,04:44.000,04:44.002,2,1057.0,444.0,1229.0,685.0,441.0,322.0,630.0,566.0
8874,04:44.500,04:44.503,2,1047.0,484.0,1220.0,724.0,434.0,370.0,622.0,611.0
8889,04:45.000,04:45.003,2,1047.0,488.0,1221.0,729.0,434.0,379.0,621.0,619.0
8904,04:45.500,04:45.503,2,1053.0,480.0,1227.0,722.0,440.0,367.0,626.0,607.0
8919,04:46.000,04:46.003,2,1056.0,473.0,1231.0,714.0,441.0,356.0,628.0,598.0
8934,04:46.500,04:46.503,2,1054.0,472.0,1229.0,711.0,439.0,355.0,625.0,599.0
8949,04:47.000,04:47.003,2,1062.0,502.0,1237.0,743.0,452.0,394.0,638.0,633.0
8964,04:47.500,04:47.503,2,1063.0,507.0,1238.0,745.0,451.0,398.0,638.0,640.0
8979,04:48.000,04:48.003,2,444.0,397.0,630.0,635.0,1058.0,500.0,1233.0,740.0
8994,04:48.500,04:48.505,2,1069.0,482.0,1244.0,724.0,444.0,378.0,629.0,619.0
9009,04:49.000,04:49.005,2,456.0,369.0,642.0,608.0,1076.0,469.0,1251.0,708.0
9024,04:49.500,04:49.505,2,478.0,361.0,666.0,615.0,1083.0,462.0,1258.0,702.0
9039,04:50.000,04:50.005,2,1080.0,479.0,1256.0,720.0,477.0,384.0,667.0,625.0
9054,04:50.500,04:50.505,2,1089.0,498.0,1264.0,735.0,483.0,398.0,672.0,647.0
9069,04:51.000,04:51.005,2,1110.0,499.0,1284.0,747.0,523.0,409.0,705.0,650.0
9084,04:51.500,04:51.505,2,1113.0,480.0,1288.0,722.0,524.0,385.0,708.0,628.0
9099,04:52.000,04:52.005,2,1113.0,474.0,1287.0,715.0,523.0,381.0,708.0,621.0
9114,04:52.500,04:52.507,2,1115.0,470.0,1288.0,707.0,509.0,362.0,695.0,606.0
9130,04:53.000,04:53.032,2,1113.0,473.0,1286.0,709.0,516.0,368.0,698.0,611.0
9145,04:53.500,04:53.532,2,1110.0,468.0,1284.0,707.0,515.0,365.0,697.0,609.0
9160,04:54.000,04:54.032,2,1108.0,473.0,1281.0,711.0,514.0,374.0,695.0,615.0
9175,04:54.500,04:54.532,2,1106.0,474.0,1279.0,710.0,505.0,375.0,689.0,619.0
9190,04:55.000,04:55.032,2,1102.0,475.0,1275.0,714.0,490.0,391.0,674.0,629.0
9205,04:55.500,04:55.532,2,1105.0,473.0,1276.0,710.0,494.0,392.0,682.0,634.0
9220,04:56.000,04:56.032,2,1105.0,482.0,1276.0,718.0,497.0,395.0,685.0,637.0
9234,04:56.500,04:56.500,2,1104.0,475.0,1276.0,714.0,500.0,390.0,688.0,630.0
9249,04:57.000,04:57.000,2,1034.0,552.0,1206.0,787.0,423.0,450.0,612.0,692.0
9264,04:57.500,04:57.500,2,432.0,527.0,618.0,766.0,1036.0,632.0,1207.0,862.0
9279,04:58.000,04:58.000,2,449.0,522.0,635.0,761.0,1048.0,623.0,1219.0,857.0
9294,04:58.500,04:58.500,2,1057.0,598.0,1229.0,838.0,454.0,505.0,639.0,740.0
9309,04:59.000,04:59.000,2,1057.0,598.0,1227.0,832.0,452.0,504.0,638.0,737.0
9324,04:59.500,04:59.500,2,1056.0,608.0,1229.0,841.0,456.0,512.0,640.0,746.0
9339,05:00.000,05:00.000,2,443.0,520.0,629.0,756.0,1046.0,623.0,1216.0,850.0
9354,05:00.500,05:00.502,2,1021.0,661.0,1194.0,894.0,413.0,563.0,599.0,797.0
9369,05:01.000,05:01.002,2,1015.0,696.0,1185.0,925.0,411.0,580.0,597.0,815.0
9384,05:01.500,05:01.502,2,1028.0,684.0,1200.0,913.0,429.0,567.0,611.0,800.0
9399,05:02.000,05:02.002,2,1025.0,683.0,1197.0,913.0,424.0,568.0,608.0,799.0
9414,05:02.500,05:02.502,2,1012.0,715.0,1183.0,945.0,410.0,575.0,594.0,806.0
9429,05:03.000,05:03.002,2,1055.0,655.0,1227.0,888.0,457.0,520.0,640.0,754.0
9444,05:03.500,05:03.502,2,437.0,478.0,620.0,717.0,1039.0,609.0,1211.0,844.0
9459,05:04.000,05:04.002,2,1037.0,642.0,1210.0,877.0,439.0,512.0,624.0,744.0
9474,05:04.500,05:04.503,2,1016.0,639.0,1189.0,871.0,414.0,499.0,601.0,734.0
9489,05:05.000,05:05.003,2,1018.0,634.0,1190.0,866.0,420.0,484.0,605.0,723.0
9504,05:05.500,05:05.503,2,418.0,484.0,605.0,723.0,1019.0,634.0,1189.0,862.0
9519,05:06.000,05:06.003,2,417.0,479.0,603.0,719.0,1020.0,630.0,1189.0,856.0
9534,05:06.500,05:06.503,2,1014.0,612.0,1186.0,844.0,411.0,469.0,601.0,709.0
9549,05:07.000,05:07.003,2,1000.0,609.0,1174.0,840.0,400.0,464.0,588.0,705.0
9564,05:07.500,05:07.503,2,1016.0,601.0,1189.0,834.0,418.0,459.0,604.0,697.0
9579,05:08.000,05:08.003,2,1016.0,595.0,1188.0,829.0,421.0,453.0,607.0,691.0
9594,05:08.500,05:08.505,2,1023.0,594.0,1195.0,829.0,428.0,449.0,613.0,686.0
9609,05:09.000,05:09.005,2,1023.0,595.0,1195.0,829.0,427.0,453.0,613.0,693.0
9624,05:09.500,05:09.505,2,1038.0,583.0,1210.0,817.0,443.0,439.0,627.0,677.0
9639,05:10.000,05:10.005,2,449.0,430.0,633.0,669.0,1041.0,574.0,1214.0,807.0
9654,05:10.500,05:10.505,2,451.0,422.0,634.0,660.0,1044.0,566.0,1217.0,802.0
9669,05:11.000,05:11.005,2,442.0,420.0,627.0,659.0,1041.0,562.0,1213.0,797.0
9684,05:11.500,05:11.505,2,448.0,415.0,633.0,654.0,1044.0,557.0,1218.0,795.0
9699,05:12.000,05:12.005,2,451.0,417.0,635.0,657.0,1049.0,556.0,1222.0,800.0
9714,05:12.500,05:12.507,2,449.0,415.0,634.0,655.0,1045.0,550.0,1216.0,791.0
9730,05:13.000,05:13.032,2,1051.0,548.0,1221.0,787.0,451.0,413.0,636.0,650.0
9745,05:13.500,05:13.532,2,1032.0,537.0,1203.0,779.0,449.0,398.0,634.0,637.0
9760,05:14.000,05:14.032,2,1042.0,532.0,1213.0,774.0,446.0,394.0,633.0,633.0
9775,05:14.500,05:14.532,2,1040.0,523.0,1211.0,765.0,442.0,388.0,630.0,626.0
9790,05:15.000,05:15.032,2,1053.0,518.0,1225.0,760.0,449.0,382.0,636.0,618.0
9805,05:15.500,05:15.532,2,1051.0,522.0,1221.0,770.0,446.0,387.0,633.0,624.0
9820,05:16.000,05:16.033,2,1072.0,523.0,1244.0,767.0,438.0,387.0,627.0,627.0
9834,05:16.500,05:16.500,2,1063.0,520.0,1237.0,763.0,444.0,387.0,631.0,624.0
9849,05:17.000,05:17.000,2,1054.0,521.0,1226.0,762.0,441.0,385.0,630.0,627.0
9864,05:17.500,05:17.500,2,1042.0,522.0,1214.0,763.0,438.0,387.0,626.0,625.0
9879,05:18.000,05:18.000,2,1045.0,520.0,1217.0,762.0,443.0,384.0,630.0,621.0
9894,05:18.500,05:18.500,2,1048.0,521.0,1220.0,762.0,445.0,380.0,631.0,618.0
9909,05:19.000,05:19.000,2,1060.0,526.0,1233.0,767.0,463.0,384.0,647.0,619.0
9924,05:19.500,05:19.500,2,1055.0,519.0,1227.0,761.0,459.0,373.0,642.0,610.0
9939,05:20.000,05:20.000,2,457.0,372.0,641.0,610.0,1045.0,510.0,1220.0,742.0
9954,05:20.500,05:20.502,2,458.0,371.0,641.0,612.0,1042.0,508.0,1216.0,740.0
9969,05:21.000,05:21.002,2,459.0,363.0,645.0,602.0,1041.0,503.0,1219.0,747.0
9984,05:21.500,05:21.502,2,1051.0,506.0,1229.0,752.0,458.0,363.0,643.0,603.0
9999,05:22.000,05:22.002,2,480.0,355.0,665.0,597.0,1063.0,499.0,1236.0,736.0
10014,05:22.500,05:22.502,2,1071.0,496.0,1245.0,739.0,485.0,348.0,669.0,592.0
10029,05:23.000,05:23.002,2,1078.0,495.0,1252.0,738.0,490.0,349.0,673.0,591.0
10044,05:23.500,05:23.502,2,1086.0,508.0,1261.0,748.0,505.0,367.0,683.0,603.0
10059,05:24.000,05:24.003,2,1100.0,514.0,1274.0,758.0,521.0,384.0,700.0,616.0
10074,05:24.500,05:24.503,2,1164.0,604.0,1335.0,835.0,609.0,487.0,779.0,717.0
10089,05:25.000,05:25.003,2,1253.0,693.0,1426.0,922.0,714.0,601.0,876.0,821.0
10104,05:25.500,05:25.503,2,1247.0,693.0,1420.0,919.0,706.0,598.0,869.0,818.0
10119,05:26.000,05:26.003,2,1249.0,688.0,1421.0,914.0,706.0,589.0,868.0,807.0
10134,05:26.500,05:26.503,2,1245.0,684.0,1417.0,909.0,703.0,583.0,865.0,805.0
10149,05:27.000,05:27.003,2,1245.0,677.0,1417.0,905.0,707.0,577.0,869.0,804.0
10164,05:27.500,05:27.503,2,1246.0,666.0,1417.0,897.0,718.0,562.0,873.0,771.0
10179,05:28.000,05:28.005,2,1245.0,658.0,1417.0,891.0,717.0,554.0,872.0,767.0
10194,05:28.500,05:28.505,2,1247.0,656.0,1419.0,888.0,728.0,549.0,887.0,767.0
10209,05:29.000,05:29.005,2,1244.0,656.0,1415.0,888.0,717.0,548.0,879.0,770.0
10224,05:29.500,05:29.505,2,1243.0,649.0,1415.0,883.0,709.0,547.0,874.0,774.0
10239,05:30.000,05:30.005,2,1249.0,694.0,1421.0,924.0,721.0,600.0,885.0,826.0
10254,05:30.500,05:30.505,2,1114.0,565.0,1286.0,798.0,552.0,465.0,730.0,703.0
10269,05:31.000,05:31.005,2,1142.0,465.0,1316.0,707.0,576.0,359.0,755.0,600.0
10284,05:31.500,05:31.505,2,1146.0,507.0,1321.0,744.0,586.0,405.0,761.0,640.0
10300,05:32.000,05:32.032,2,1158.0,568.0,1332.0,801.0,610.0,478.0,785.0,710.0
10315,05:32.500,05:32.532,2,1196.0,620.0,1368.0,851.0,655.0,540.0,823.0,768.0
10330,05:33.000,05:33.032,2,1223.0,609.0,1396.0,841.0,690.0,536.0,859.0,768.0
10345,05:33.500,05:33.532,2,1228.0,594.0,1401.0,826.0,697.0,522.0,865.0,752.0
10360,05:34.000,05:34.032,2,1222.0,590.0,1395.0,822.0,693.0,519.0,860.0,746.0
10375,05:34.500,05:34.532,2,1214.0,599.0,1388.0,833.0,682.0,528.0,850.0,756.0
10390,05:35.000,05:35.032,2,1211.0,594.0,1383.0,822.0,673.0,531.0,842.0,759.0
10405,05:35.500,05:35.532,2,672.0,526.0,842.0,755.0,1212.0,582.0,1386.0,809.0
10419,05:36.000,05:36.000,2,1204.0,581.0,1377.0,811.0,669.0,523.0,838.0,754.0
10434,05:36.500,05:36.500,2,1202.0,579.0,1375.0,812.0,669.0,523.0,837.0,751.0
10449,05:37.000,05:37.000,2,1198.0,583.0,1370.0,817.0,663.0,525.0,833.0,750.0
10464,05:37.500,05:37.500,2,1193.0,580.0,1364.0,814.0,655.0,522.0,825.0,746.0
10479,05:38.000,05:38.000,2,1188.0,583.0,1360.0,817.0,651.0,523.0,820.0,755.0
10494,05:38.500,05:38.500,2,1182.0,591.0,1354.0,824.0,646.0,532.0,818.0,757.0
10509,05:39.000,05:39.000,2,1178.0,599.0,1350.0,830.0,643.0,538.0,817.0,763.0
10524,05:39.500,05:39.500,2,1176.0,603.0,1348.0,834.0,644.0,546.0,815.0,771.0
10539,05:40.000,05:40.002,2,1175.0,611.0,1346.0,841.0,644.0,559.0,815.0,781.0
10554,05:40.500,05:40.502,2,1177.0,608.0,1348.0,835.0,641.0,550.0,812.0,778.0
10569,05:41.000,05:41.002,2,1174.0,602.0,1347.0,833.0,638.0,543.0,810.0,772.0
10584,05:41.500,05:41.502,2,1177.0,608.0,1348.0,837.0,638.0,540.0,809.0,773.0
10599,05:42.000,05:42.002,2,1176.0,613.0,1347.0,842.0,640.0,538.0,811.0,766.0
10614,05:42.500,05:42.502,2,1172.0,613.0,1344.0,842.0,637.0,541.0,806.0,771.0
10629,05:43.000,05:43.002,2,1166.0,615.0,1337.0,844.0,625.0,546.0,794.0,775.0
10644,05:43.500,05:43.502,2,1162.0,631.0,1334.0,862.0,627.0,572.0,799.0,796.0
10659,05:44.000,05:44.003,2,1165.0,627.0,1337.0,857.0,631.0,571.0,804.0,795.0
10674,05:44.500,05:44.503,2,626.0,557.0,799.0,784.0,1165.0,621.0,1336.0,858.0
10689,05:45.000,05:45.003,2,1169.0,614.0,1340.0,843.0,629.0,542.0,801.0,771.0
10704,05:45.500,05:45.503,2,1167.0,612.0,1340.0,841.0,633.0,537.0,804.0,762.0
10719,05:46.000,05:46.003,2,1166.0,611.0,1338.0,840.0,632.0,538.0,804.0,767.0
10734,05:46.500,05:46.503,2,627.0,548.0,797.0,776.0,1161.0,620.0,1333.0,848.0
10749,05:47.000,05:47.003,2,1159.0,623.0,1330.0,851.0,626.0,554.0,799.0,780.0
10764,05:47.500,05:47.503,2,1158.0,628.0,1329.0,854.0,626.0,563.0,799.0,790.0
10779,05:48.000,05:48.005,2,1158.0,634.0,1331.0,863.0,627.0,573.0,801.0,799.0
10794,05:48.500,05:48.505,2,1162.0,635.0,1334.0,865.0,631.0,574.0,803.0,802.0
10809,05:49.000,05:49.005,2,1164.0,635.0,1336.0,866.0,635.0,573.0,807.0,798.0
10824,05:49.500,05:49.505,2,1166.0,635.0,1337.0,867.0,639.0,572.0,808.0,800.0
10839,05:50.000,05:50.005,2,1164.0,636.0,1335.0,866.0,638.0,576.0,809.0,800.0
10854,05:50.500,05:50.505,2,1163.0,637.0,1334.0,868.0,637.0,579.0,809.0,807.0
10869,05:51.000,05:51.005,2,1163.0,635.0,1334.0,866.0,638.0,576.0,809.0,803.0
10885,05:51.500,05:51.530,2,1165.0,599.0,1335.0,828.0,636.0,538.0,811.0,769.0
10900,05:52.000,05:52.032,2,1181.0,583.0,1350.0,819.0,647.0,524.0,818.0,750.0
10915,05:52.500,05:52.532,2,1172.0,603.0,1344.0,833.0,638.0,539.0,813.0,768.0
10930,05:53.000,05:53.032,2,1174.0,602.0,1345.0,832.0,640.0,538.0,815.0,764.0
10945,05:53.500,05:53.532,2,1162.0,598.0,1332.0,828.0,632.0,532.0,809.0,759.0
10960,05:54.000,05:54.032,2,1159.0,596.0,1331.0,827.0,630.0,532.0,806.0,759.0
10975,05:54.500,05:54.532,2,1151.0,598.0,1323.0,828.0,618.0,530.0,796.0,760.0
10990,05:55.000,05:55.032,2,1142.0,580.0,1312.0,818.0,604.0,518.0,783.0,745.0
11005,05:55.500,05:55.532,2,1141.0,581.0,1311.0,819.0,605.0,517.0,783.0,743.0
11019,05:56.000,05:56.000,2,1120.0,609.0,1291.0,840.0,586.0,529.0,763.0,761.0
11034,05:56.500,05:56.500,2,1074.0,669.0,1243.0,901.0,538.0,585.0,715.0,813.0
11049,05:57.000,05:57.000,2,1020.0,687.0,1188.0,914.0,468.0,593.0,653.0,827.0
11064,05:57.500,05:57.500,2,1021.0,677.0,1191.0,906.0,472.0,585.0,656.0,817.0
11079,05:58.000,05:58.000,2,1022.0,673.0,1192.0,905.0,470.0,580.0,654.0,813.0
11094,05:58.500,05:58.500,2,1029.0,663.0,1200.0,895.0,470.0,576.0,653.0,806.0
11109,05:59.000,05:59.000,2,1034.0,661.0,1204.0,892.0,471.0,575.0,653.0,805.0
11124,05:59.500,05:59.500,2,1037.0,661.0,1208.0,891.0,473.0,575.0,655.0,804.0
11139,06:00.000,06:00.002,2,1033.0,660.0,1203.0,889.0,468.0,574.0,650.0,805.0
11154,06:00.500,06:00.502,2,1030.0,656.0,1201.0,885.0,465.0,571.0,646.0,807.0
11169,06:01.000,06:01.002,2,1035.0,653.0,1206.0,883.0,470.0,566.0,652.0,796.0
11184,06:01.500,06:01.502,2,1035.0,645.0,1206.0,873.0,470.0,565.0,652.0,793.0
11199,06:02.000,06:02.002,2,1031.0,640.0,1202.0,872.0,471.0,565.0,653.0,795.0
11214,06:02.500,06:02.502,2,1027.0,641.0,1200.0,871.0,472.0,561.0,654.0,794.0
11229,06:03.000,06:03.002,2,1030.0,644.0,1202.0,877.0,475.0,563.0,655.0,796.0
11244,06:03.500,06:03.502,2,478.0,552.0,658.0,786.0,1037.0,637.0,1208.0,865.0
11259,06:04.000,06:04.003,2,477.0,550.0,658.0,786.0,1037.0,639.0,1209.0,866.0
11274,06:04.500,06:04.503,2,481.0,548.0,661.0,785.0,1041.0,638.0,1213.0,873.0
11289,06:05.000,06:05.003,2,479.0,545.0,659.0,782.0,1042.0,637.0,1213.0,865.0
11304,06:05.500,06:05.503,2,479.0,545.0,658.0,781.0,1036.0,638.0,1208.0,868.0
11319,06:06.000,06:06.003,2,481.0,547.0,662.0,784.0,1036.0,639.0,1208.0,872.0
11334,06:06.500,06:06.503,2,482.0,548.0,663.0,785.0,1037.0,641.0,1208.0,871.0
11349,06:07.000,06:07.003,2,485.0,545.0,665.0,781.0,1041.0,639.0,1212.0,867.0
11364,06:07.500,06:07.503,2,483.0,544.0,664.0,780.0,1047.0,634.0,1217.0,866.0
11379,06:08.000,06:08.005,2,485.0,544.0,666.0,778.0,1050.0,634.0,1219.0,865.0
11394,06:08.500,06:08.505,2,485.0,541.0,665.0,775.0,1044.0,633.0,1215.0,862.0
11409,06:09.000,06:09.005,2,482.0,542.0,662.0,776.0,1039.0,636.0,1212.0,865.0
11424,06:09.500,06:09.505,2,484.0,548.0,664.0,783.0,1036.0,641.0,1209.0,873.0
11439,06:10.000,06:10.005,2,1028.0,646.0,1201.0,876.0,471.0,563.0,652.0,791.0
11454,06:10.500,06:10.505,2,1033.0,614.0,1206.0,844.0,473.0,524.0,656.0,757.0
11469,06:11.000,06:11.005,2,1040.0,601.0,1212.0,832.0,481.0,511.0,664.0,742.0
11485,06:11.500,06:11.530,2,1044.0,597.0,1215.0,828.0,483.0,507.0,666.0,739.0
11500,06:12.000,06:12.032,2,1049.0,596.0,1220.0,829.0,490.0,506.0,671.0,738.0
11515,06:12.500,06:12.532,2,1023.0,611.0,1194.0,845.0,458.0,518.0,640.0,753.0
11530,06:13.000,06:13.032,2,1066.0,667.0,1237.0,906.0,520.0,564.0,696.0,790.0
11544,06:13.500,06:13.515,2,1072.0,672.0,1242.0,905.0,513.0,560.0,692.0,791.0
11560,06:14.000,06:14.032,2,719.0,578.0,893.0,807.0,1282.0,637.0,1451.0,862.0
11575,06:14.500,06:14.532,2,1410.0,793.0,1578.0,1017.0,874.0,772.0,1035.0,993.0
11590,06:15.000,06:15.032,2,1430.0,832.0,1598.0,1060.0,885.0,803.0,1047.0,1014.0
11605,06:15.500,06:15.532,2,1423.0,721.0,1594.0,952.0,877.0,704.0,1039.0,917.0
11619,06:16.000,06:16.000,2,1468.0,657.0,1643.0,889.0,918.0,647.0,1079.0,871.0
11634,06:16.500,06:16.500,2,1583.0,691.0,1764.0,925.0,1030.0,703.0,1190.0,911.0
11649,06:17.000,06:17.000,2,1578.0,587.0,1761.0,824.0,1024.0,610.0,1180.0,821.0
11664,06:17.500,06:17.500,2,1599.0,596.0,1785.0,839.0,1052.0,632.0,1203.0,833.0
11679,06:18.000,06:18.000,2,1522.0,651.0,1698.0,882.0,962.0,685.0,1114.0,892.0
11694,06:18.500,06:18.500,2,1559.0,713.0,1734.0,951.0,981.0,770.0,1135.0,973.0
11709,06:19.000,06:19.000,2,902.0,798.0,1072.0,1022.0,1529.0,766.0,1704.0,1002.0
11724,06:19.500,06:19.500,2,955.0,823.0,1116.0,1042.0,1571.0,811.0,1750.0,1048.0
11739,06:20.000,06:20.002,2,1576.0,775.0,1753.0,1009.0,971.0,791.0,1126.0,999.0
11754,06:20.500,06:20.502,2,966.0,767.0,1127.0,985.0,1563.0,748.0,1739.0,992.0
11769,06:21.000,06:21.002,2,1518.0,729.0,1691.0,958.0,935.0,742.0,1096.0,961.0
11784,06:21.500,06:21.502,2,914.0,723.0,1081.0,954.0,1514.0,690.0,1690.0,928.0
11799,06:22.000,06:22.002,2,1518.0,660.0,1692.0,893.0,915.0,704.0,1082.0,923.0
11814,06:22.500,06:22.502,2,1505.0,649.0,1678.0,883.0,907.0,696.0,1073.0,911.0
11829,06:23.000,06:23.002,2,905.0,684.0,1071.0,897.0,1508.0,640.0,1682.0,874.0
11844,06:23.500,06:23.502,2,1524.0,642.0,1698.0,873.0,925.0,678.0,1090.0,896.0
11859,06:24.000,06:24.003,2,1539.0,652.0,1715.0,886.0,952.0,684.0,1115.0,897.0
11874,06:24.500,06:24.503,2,1544.0,675.0,1719.0,903.0,954.0,719.0,1116.0,931.0
11889,06:25.000,06:25.003,2,1596.0,673.0,1776.0,904.0,1007.0,711.0,1167.0,930.0
11904,06:25.500,06:25.503,2,1608.0,662.0,1788.0,896.0,1015.0,699.0,1175.0,911.0
11919,06:26.000,06:26.003,2,1604.0,688.0,1783.0,919.0,1017.0,731.0,1179.0,950.0
11934,06:26.500,06:26.503,2,1591.0,667.0,1771.0,901.0,1003.0,723.0,1163.0,945.0
11949,06:27.000,06:27.003,2,1582.0,653.0,1759.0,884.0,993.0,720.0,1155.0,936.0
11964,06:27.500,06:27.503,2,1580.0,634.0,1758.0,866.0,992.0,706.0,1155.0,924.0
11979,06:28.000,06:28.005,2,1581.0,615.0,1759.0,849.0,992.0,693.0,1156.0,903.0
11994,06:28.500,06:28.505,2,1571.0,577.0,1749.0,810.0,984.0,651.0,1149.0,863.0
12009,06:29.000,06:29.005,2,968.0,648.0,1133.0,869.0,1554.0,577.0,1730.0,809.0
12024,06:29.500,06:29.505,2,972.0,640.0,1138.0,862.0,1553.0,569.0,1729.0,791.0
12039,06:30.000,06:30.005,2,965.0,641.0,1130.0,858.0,1544.0,567.0,1720.0,793.0
12054,06:30.500,06:30.505,2,966.0,638.0,1130.0,859.0,1548.0,566.0,1723.0,795.0
12070,06:31.000,06:31.030,2,1552.0,566.0,1726.0,796.0,967.0,640.0,1132.0,858.0
12085,06:31.500,06:31.530,2,967.0,643.0,1131.0,860.0,1554.0,563.0,1729.0,796.0
12100,06:32.000,06:32.032,2,970.0,649.0,1134.0,862.0,1556.0,572.0,1732.0,805.0
12115,06:32.500,06:32.532,2,963.0,652.0,1127.0,869.0,1547.0,576.0,1722.0,806.0
12130,06:33.000,06:33.032,2,959.0,647.0,1123.0,866.0,1544.0,573.0,1721.0,803.0
12145,06:33.500,06:33.532,2,961.0,650.0,1123.0,869.0,1546.0,578.0,1722.0,808.0
12160,06:34.000,06:34.032,2,969.0,649.0,1137.0,870.0,1570.0,586.0,1749.0,819.0
12175,06:34.500,06:34.532,2,1516.0,587.0,1689.0,815.0,925.0,664.0,1091.0,881.0
12190,06:35.000,06:35.032,2,1528.0,589.0,1704.0,822.0,933.0,656.0,1100.0,878.0
12205,06:35.500,06:35.533,2,1526.0,582.0,1700.0,813.0,931.0,649.0,1097.0,869.0
12219,06:36.000,06:36.000,2,1523.0,593.0,1697.0,823.0,933.0,658.0,1099.0,882.0
12234,06:36.500,06:36.500,2,1518.0,594.0,1690.0,823.0,925.0,657.0,1091.0,876.0
12249,06:37.000,06:37.000,2,1506.0,596.0,1680.0,826.0,916.0,657.0,1083.0,878.0
12264,06:37.500,06:37.500,2,1508.0,597.0,1681.0,828.0,916.0,663.0,1081.0,878.0
12279,06:38.000,06:38.000,2,1509.0,605.0,1683.0,834.0,923.0,673.0,1088.0,888.0
12294,06:38.500,06:38.500,2,1510.0,614.0,1684.0,841.0,925.0,676.0,1091.0,893.0
12309,06:39.000,06:39.000,2,1513.0,616.0,1686.0,842.0,927.0,679.0,1091.0,895.0
12324,06:39.500,06:39.502,2,1522.0,618.0,1697.0,852.0,921.0,679.0,1085.0,894.0
12339,06:40.000,06:40.002,2,918.0,684.0,1083.0,897.0,1523.0,621.0,1700.0,856.0
12354,06:40.500,06:40.502,2,916.0,687.0,1080.0,905.0,1519.0,622.0,1692.0,853.0
12369,06:41.000,06:41.002,2,919.0,705.0,1086.0,924.0,1516.0,634.0,1691.0,862.0
12384,06:41.500,06:41.502,2,1515.0,725.0,1689.0,954.0,923.0,795.0,1088.0,1008.0
12399,06:42.000,06:42.002,2,1517.0,707.0,1690.0,934.0,941.0,765.0,1104.0,974.0
12414,06:42.500,06:42.502,2,965.0,769.0,1126.0,988.0,1521.0,703.0,1693.0,930.0
12429,06:43.000,06:43.002,2,939.0,770.0,1102.0,990.0,1517.0,701.0,1691.0,929.0
12444,06:43.500,06:43.503,2,931.0,766.0,1097.0,988.0,1518.0,696.0,1692.0,924.0
12459,06:44.000,06:44.003,2,930.0,772.0,1099.0,995.0,1519.0,693.0,1693.0,923.0
12474,06:44.500,06:44.503,2,920.0,770.0,1088.0,991.0,1515.0,694.0,1689.0,923.0
12489,06:45.000,06:45.003,2,916.0,765.0,1082.0,986.0,1507.0,692.0,1680.0,920.0
12504,06:45.500,06:45.503,2,915.0,764.0,1083.0,981.0,1506.0,694.0,1679.0,923.0
12519,06:46.000,06:46.003,2,907.0,763.0,1074.0,975.0,1504.0,689.0,1679.0,918.0
12534,06:46.500,06:46.503,2,902.0,774.0,1070.0,990.0,1500.0,694.0,1673.0,923.0
12549,06:47.000,06:47.003,2,907.0,772.0,1072.0,991.0,1504.0,694.0,1677.0,922.0
12564,06:47.500,06:47.505,2,909.0,769.0,1073.0,985.0,1501.0,688.0,1674.0,921.0
12579,06:48.000,06:48.005,2,1500.0,689.0,1675.0,920.0,921.0,766.0,1084.0,977.0
12594,06:48.500,06:48.505,2,1501.0,689.0,1676.0,920.0,918.0,767.0,1082.0,979.0
12609,06:49.000,06:49.005,2,1496.0,690.0,1667.0,914.0,922.0,770.0,1086.0,982.0
12624,06:49.500,06:49.505,2,1494.0,686.0,1666.0,911.0,891.0,772.0,1057.0,981.0
12640,06:50.000,06:50.030,2,1493.0,684.0,1666.0,911.0,893.0,772.0,1056.0,976.0
12655,06:50.500,06:50.530,2,1494.0,688.0,1666.0,912.0,895.0,770.0,1056.0,973.0
12670,06:51.000,06:51.030,2,1494.0,688.0,1667.0,912.0,903.0,765.0,1060.0,970.0
12685,06:51.500,06:51.532,2,1518.0,770.0,1693.0,1002.0,931.0,861.0,1089.0,1072.0
12700,06:52.000,06:52.032,2,1681.0,784.0,1867.0,1020.0,1089.0,862.0,1251.0,1078.0
12715,06:52.500,06:52.532,2,1543.0,727.0,1716.0,961.0,958.0,821.0,1126.0,1042.0
12730,06:53.000,06:53.032,2,1558.0,648.0,1734.0,877.0,982.0,743.0,1149.0,957.0
12745,06:53.500,06:53.532,2,930.0,766.0,1099.0,989.0,1504.0,672.0,1678.0,902.0
12760,06:54.000,06:54.032,2,933.0,763.0,1101.0,985.0,1510.0,695.0,1683.0,923.0
12775,06:54.500,06:54.532,2,1848.0,691.0,2056.0,937.0,1243.0,795.0,1412.0,1011.0
12790,06:55.000,06:55.032,2,1682.0,694.0,1870.0,928.0,1096.0,789.0,1260.0,1002.0
12804,06:55.500,06:55.500,2,1658.0,707.0,1845.0,942.0,1077.0,797.0,1242.0,1012.0
12819,06:56.000,06:56.000,2,1589.0,695.0,1770.0,928.0,1009.0,785.0,1176.0,999.0
12834,06:56.500,06:56.500,2,1553.0,696.0,1733.0,926.0,980.0,784.0,1146.0,997.0
12849,06:57.000,06:57.000,2,1526.0,672.0,1705.0,905.0,944.0,758.0,1111.0,972.0
12864,06:57.500,06:57.500,2,1392.0,672.0,1568.0,896.0,819.0,744.0,989.0,963.0
12879,06:58.000,06:58.000,2,1453.0,698.0,1632.0,926.0,888.0,767.0,1056.0,980.0
12894,06:58.500,06:58.500,2,1437.0,669.0,1616.0,900.0,874.0,737.0,1041.0,951.0
12909,06:59.000,06:59.000,2,1373.0,756.0,1550.0,986.0,814.0,819.0,984.0,1034.0
12924,06:59.500,06:59.502,2,772.0,884.0,945.0,1106.0,1342.0,843.0,1517.0,1076.0
12939,07:00.000,07:00.002,2,1332.0,842.0,1507.0,1076.0,759.0,894.0,934.0,1121.0
12954,07:00.500,07:00.502,2,758.0,837.0,934.0,1067.0,1338.0,788.0,1511.0,1019.0
12969,07:01.000,07:01.002,2,725.0,827.0,902.0,1052.0,1306.0,763.0,1481.0,994.0
12984,07:01.500,07:01.502,2,1369.0,831.0,1543.0,1067.0,787.0,878.0,964.0,1105.0
12999,07:02.000,07:02.002,2,701.0,772.0,884.0,1008.0,1294.0,742.0,1464.0,969.0
13014,07:02.500,07:02.502,2,1316.0,864.0,1489.0,1094.0,729.0,898.0,908.0,1127.0
13029,07:03.000,07:03.002,2,1277.0,643.0,1450.0,868.0,689.0,707.0,873.0,927.0
13044,07:03.500,07:03.503,2,1307.0,737.0,1479.0,973.0,713.0,786.0,894.0,1014.0
13059,07:04.000,07:04.003,2,667.0,772.0,850.0,998.0,1279.0,687.0,1449.0,918.0
13074,07:04.500,07:04.503,2,1410.0,775.0,1585.0,1010.0,797.0,839.0,972.0,1059.0
13089,07:05.000,07:05.003,2,722.0,643.0,901.0,871.0,1318.0,595.0,1489.0,823.0
13104,07:05.500,07:05.503,2,862.0,832.0,1029.0,1051.0,1413.0,803.0,1586.0,1029.0
13119,07:06.000,07:06.003,2,1408.0,828.0,1586.0,1039.0,872.0,847.0,1036.0,1066.0
13134,07:06.500,07:06.503,2,1279.0,798.0,1469.0,1019.0,761.0,829.0,930.0,1052.0
13149,07:07.000,07:07.003,2,1283.0,762.0,1454.0,984.0,735.0,788.0,909.0,1009.0
13164,07:07.500,07:07.505,2,780.0,832.0,951.0,1053.0,1328.0,820.0,1499.0,1044.0
13179,07:08.000,07:08.005,2,728.0,718.0,901.0,938.0,1282.0,679.0,1458.0,904.0
13194,07:08.500,07:08.505,2,1423.0,777.0,1599.0,1007.0,881.0,812.0,1046.0,1027.0
13209,07:09.000,07:09.005,2,1417.0,591.0,1595.0,825.0,865.0,628.0,1034.0,849.0
13224,07:09.500,07:09.505,2,956.0,708.0,1121.0,924.0,1497.0,679.0,1678.0,911.0
13240,07:10.000,07:10.030,2,1456.0,735.0,1636.0,964.0,922.0,777.0,1087.0,1000.0
13255,07:10.500,07:10.530,2,841.0,915.0,1006.0,1137.0,1371.0,887.0,1542.0,1114.0
13270,07:11.000,07:11.030,2,1301.0,762.0,1462.0,984.0,770.0,760.0,937.0,972.0
13285,07:11.500,07:11.532,2,773.0,714.0,939.0,924.0,1305.0,706.0,1469.0,923.0
13300,07:12.000,07:12.032,2,780.0,765.0,948.0,985.0,1316.0,759.0,1485.0,982.0
13315,07:12.500,07:12.532,2,1376.0,748.0,1545.0,968.0,840.0,755.0,1005.0,968.0
13330,07:13.000,07:13.032,2,1386.0,690.0,1553.0,917.0,858.0,704.0,1024.0,917.0
13345,07:13.500,07:13.532,2,1408.0,668.0,1575.0,893.0,875.0,680.0,1038.0,895.0
13359,07:14.000,07:14.040,2,1536.0,646.0,1712.0,880.0,999.0,664.0,1162.0,888.0
13375,07:14.500,07:14.532,2,1523.0,651.0,1697.0,881.0,985.0,683.0,1148.0,894.0
13390,07:15.000,07:15.032,2,980.0,658.0,1141.0,876.0,1515.0,628.0,1692.0,858.0
13404,07:15.500,07:15.500,2,1522.0,630.0,1699.0,859.0,987.0,673.0,1149.0,884.0
13419,07:16.000,07:16.000,2,1518.0,636.0,1695.0,864.0,979.0,684.0,1141.0,888.0
13434,07:16.500,07:16.500,2,1523.0,639.0,1699.0,866.0,976.0,681.0,1139.0,886.0
13449,07:17.000,07:17.000,2,1526.0,624.0,1705.0,867.0,983.0,672.0,1145.0,882.0
13464,07:17.500,07:17.500,2,1529.0,722.0,1706.0,948.0,986.0,767.0,1148.0,982.0
13479,07:18.000,07:18.000,2,1474.0,702.0,1652.0,924.0,933.0,743.0,1097.0,956.0
13494,07:18.500,07:18.500,2,1466.0,674.0,1644.0,896.0,928.0,719.0,1095.0,937.0
13509,07:19.000,07:19.000,2,1479.0,673.0,1658.0,898.0,938.0,713.0,1103.0,923.0
13524,07:19.500,07:19.502,2,905.0,728.0,1072.0,950.0,1454.0,690.0,1631.0,913.0
13539,07:20.000,07:20.002,2,1471.0,673.0,1650.0,901.0,927.0,719.0,1092.0,932.0
13554,07:20.500,07:20.543,2,925.0,815.0,1092.0,1031.0,1486.0,751.0,1664.0,975.0
13569,07:21.000,07:21.002,2,1442.0,728.0,1620.0,959.0,857.0,807.0,1027.0,1022.0
13584,07:21.500,07:21.502,2,1357.0,704.0,1529.0,933.0,756.0,753.0,927.0,978.0
13599,07:22.000,07:22.002,2,433.0,677.0,626.0,919.0,1080.0,707.0,1243.0,934.0
13614,07:22.500,07:22.502,2,596.0,657.0,779.0,889.0,1223.0,679.0,1390.0,908.0
13629,07:23.000,07:23.002,2,612.0,643.0,796.0,878.0,1236.0,659.0,1403.0,888.0
13644,07:23.500,07:23.503,2,618.0,651.0,801.0,883.0,1239.0,659.0,1405.0,889.0
13659,07:24.000,07:24.003,2,623.0,642.0,804.0,871.0,1294.0,650.0,1458.0,880.0
13674,07:24.500,07:24.503,2,629.0,630.0,810.0,861.0,1315.0,632.0,1480.0,865.0
13689,07:25.000,07:25.003,2,653.0,613.0,831.0,853.0,1316.0,623.0,1481.0,852.0
13704,07:25.500,07:25.503,2,660.0,598.0,839.0,827.0,1306.0,613.0,1470.0,843.0
13719,07:26.000,07:26.003,2,672.0,595.0,850.0,826.0,1309.0,608.0,1473.0,840.0
13734,07:26.500,07:26.503,2,674.0,587.0,853.0,817.0,1308.0,596.0,1474.0,826.0
13749,07:27.000,07:27.003,2,677.0,585.0,854.0,815.0,1294.0,609.0,1461.0,840.0
13764,07:27.500,07:27.505,2,1295.0,603.0,1464.0,836.0,696.0,587.0,872.0,817.0
13779,07:28.000,07:28.005,2,1316.0,611.0,1484.0,843.0,733.0,609.0,906.0,835.0
13794,07:28.500,07:28.505,2,746.0,613.0,919.0,837.0,1338.0,617.0,1506.0,845.0
13809,07:29.000,07:29.005,2,1437.0,664.0,1609.0,905.0,860.0,649.0,1028.0,872.0
13825,07:29.500,07:29.530,2,862.0,612.0,1030.0,833.0,1438.0,629.0,1609.0,863.0
13840,07:30.000,07:30.030,2,1435.0,634.0,1606.0,866.0,855.0,610.0,1023.0,833.0
13855,07:30.500,07:30.530,2,1473.0,645.0,1646.0,880.0,895.0,627.0,1063.0,850.0
13870,07:31.000,07:31.030,2,1449.0,669.0,1620.0,902.0,872.0,654.0,1041.0,875.0
13885,07:31.500,07:31.532,2,1432.0,646.0,1604.0,874.0,861.0,631.0,1029.0,850.0
13900,07:32.000,07:32.032,2,1359.0,687.0,1534.0,899.0,793.0,674.0,964.0,901.0
13913,07:32.500,07:32.532,2,898.0,649.0,1066.0,871.0,1458.0,685.0,1634.0,909.0
13928,07:33.000,07:33.032,2,892.0,607.0,1060.0,828.0,1450.0,692.0,1623.0,918.0
13943,07:33.500,07:33.532,2,767.0,594.0,941.0,832.0,1338.0,633.0,1507.0,861.0
13958,07:34.000,07:34.032,2,1392.0,656.0,1564.0,892.0,820.0,631.0,990.0,860.0
13973,07:34.500,07:34.532,2,1331.0,675.0,1500.0,901.0,763.0,637.0,936.0,864.0
13988,07:35.000,07:35.032,2,1342.0,661.0,1510.0,894.0,758.0,630.0,930.0,852.0
14002,07:35.500,07:35.500,2,1339.0,648.0,1509.0,882.0,753.0,624.0,927.0,847.0
14017,07:36.000,07:36.000,2,744.0,617.0,918.0,839.0,1331.0,636.0,1501.0,866.0
14032,07:36.500,07:36.500,2,1326.0,639.0,1494.0,871.0,740.0,627.0,916.0,848.0
14047,07:37.000,07:37.000,2,1341.0,638.0,1508.0,867.0,744.0,622.0,917.0,842.0
14062,07:37.500,07:37.500,2,1347.0,642.0,1514.0,872.0,746.0,625.0,918.0,847.0
14077,07:38.000,07:38.000,2,1333.0,653.0,1498.0,878.0,744.0,637.0,916.0,861.0
14092,07:38.500,07:38.500,2,1346.0,641.0,1513.0,875.0,740.0,631.0,913.0,851.0
14107,07:39.000,07:39.000,2,1347.0,638.0,1515.0,873.0,736.0,629.0,912.0,848.0
14122,07:39.500,07:39.502,2,1343.0,636.0,1512.0,867.0,737.0,624.0,912.0,845.0
14137,07:40.000,07:40.002,2,1335.0,638.0,1505.0,870.0,741.0,629.0,916.0,851.0
14152,07:40.500,07:40.502,2,1334.0,643.0,1502.0,874.0,738.0,635.0,913.0,856.0
14167,07:41.000,07:41.002,2,1335.0,636.0,1502.0,862.0,738.0,626.0,912.0,845.0
14182,07:41.500,07:41.502,2,730.0,618.0,906.0,839.0,1323.0,631.0,1492.0,864.0
14197,07:42.000,07:42.002,2,732.0,606.0,907.0,833.0,1328.0,629.0,1496.0,861.0
14212,07:42.500,07:42.502,2,730.0,602.0,905.0,827.0,1323.0,622.0,1491.0,852.0
14227,07:43.000,07:43.002,2,732.0,603.0,907.0,828.0,1326.0,627.0,1494.0,860.0
14242,07:43.500,07:43.503,2,727.0,604.0,901.0,832.0,1317.0,621.0,1483.0,862.0
14257,07:44.000,07:44.003,2,719.0,606.0,894.0,833.0,1308.0,623.0,1475.0,858.0
14272,07:44.500,07:44.503,2,719.0,606.0,893.0,833.0,1316.0,624.0,1483.0,849.0
14287,07:45.000,07:45.003,2,724.0,605.0,899.0,830.0,1330.0,628.0,1498.0,858.0
14302,07:45.500,07:45.503,2,732.0,607.0,907.0,834.0,1336.0,636.0,1502.0,862.0
14317,07:46.000,07:46.003,2,730.0,607.0,905.0,835.0,1334.0,629.0,1502.0,858.0
14332,07:46.500,07:46.503,2,726.0,604.0,900.0,832.0,1334.0,626.0,1500.0,861.0
14347,07:47.000,07:47.003,2,1338.0,652.0,1503.0,886.0,733.0,634.0,907.0,857.0
14362,07:47.500,07:47.505,2,1342.0,832.0,1509.0,1066.0,753.0,797.0,922.0,1024.0
14377,07:48.000,07:48.005,2,1330.0,834.0,1495.0,1065.0,735.0,794.0,907.0,1023.0
14392,07:48.500,07:48.505,2,732.0,803.0,906.0,1030.0,1326.0,830.0,1490.0,1059.0
14408,07:49.000,07:49.030,2,714.0,756.0,886.0,987.0,1315.0,773.0,1478.0,1001.0
14423,07:49.500,07:49.530,2,1300.0,717.0,1465.0,947.0,699.0,694.0,871.0,923.0
14438,07:50.000,07:50.030,2,686.0,657.0,861.0,886.0,1289.0,690.0,1454.0,923.0
14453,07:50.500,07:50.530,2,1305.0,670.0,1469.0,896.0,706.0,632.0,881.0,857.0
14468,07:51.000,07:51.030,2,1302.0,659.0,1466.0,888.0,704.0,619.0,877.0,850.0
14483,07:51.500,07:51.532,2,706.0,621.0,880.0,846.0,1305.0,659.0,1468.0,882.0
14498,07:52.000,07:52.032,2,1316.0,660.0,1479.0,889.0,708.0,624.0,882.0,847.0
14513,07:52.500,07:52.532,2,1311.0,659.0,1474.0,901.0,704.0,625.0,878.0,847.0
14528,07:53.000,07:53.032,2,1307.0,652.0,1472.0,886.0,705.0,617.0,879.0,846.0
14543,07:53.500,07:53.532,2,707.0,613.0,880.0,839.0,1312.0,652.0,1478.0,881.0
14558,07:54.000,07:54.032,2,1305.0,653.0,1467.0,886.0,704.0,617.0,877.0,841.0
14573,07:54.500,07:54.532,2,746.0,717.0,915.0,938.0,1339.0,756.0,1504.0,985.0
14588,07:55.000,07:55.032,2,679.0,665.0,854.0,893.0,1280.0,714.0,1445.0,940.0
14602,07:55.500,07:55.500,2,704.0,695.0,877.0,916.0,1309.0,740.0,1472.0,968.0
14617,07:56.000,07:56.000,2,706.0,674.0,880.0,898.0,1306.0,715.0,1470.0,948.0
14632,07:56.500,07:56.500,2,706.0,659.0,880.0,888.0,1309.0,706.0,1472.0,936.0
14647,07:57.000,07:57.000,2,705.0,645.0,879.0,873.0,1310.0,690.0,1475.0,918.0
14662,07:57.500,07:57.500,2,1307.0,687.0,1473.0,916.0,708.0,643.0,881.0,869.0
14677,07:58.000,07:58.000,2,755.0,658.0,925.0,883.0,1347.0,694.0,1514.0,926.0
14692,07:58.500,07:58.500,2,751.0,648.0,922.0,871.0,1343.0,686.0,1511.0,917.0
14707,07:59.000,07:59.000,2,1340.0,673.0,1506.0,901.0,749.0,625.0,920.0,847.0
14722,07:59.500,07:59.502,2,758.0,620.0,928.0,840.0,1349.0,670.0,1514.0,905.0
14737,08:00.000,08:00.060,2,1461.0,682.0,1634.0,918.0,882.0,634.0,1047.0,850.0
14751,08:00.500,08:00.502,2,1712.0,739.0,1902.0,981.0,1121.0,722.0,1284.0,937.0
14766,08:01.000,08:01.002,2,1627.0,715.0,1809.0,956.0,1039.0,673.0,1201.0,893.0
14781,08:01.500,08:01.502,2,1772.0,766.0,1969.0,1016.0,1169.0,739.0,1334.0,963.0
14796,08:02.000,08:02.002,2,1753.0,775.0,1946.0,1017.0,1145.0,744.0,1308.0,962.0
14811,08:02.500,08:02.502,2,861.0,771.0,1031.0,994.0,1445.0,807.0,1618.0,1035.0
14826,08:03.000,08:03.002,2,649.0,629.0,831.0,857.0,1247.0,648.0,1420.0,861.0
14841,08:03.500,08:03.503,2,1280.0,658.0,1452.0,875.0,685.0,631.0,865.0,859.0
14856,08:04.000,08:04.003,2,1382.0,725.0,1556.0,953.0,791.0,704.0,964.0,928.0
14871,08:04.500,08:04.503,2,842.0,731.0,1013.0,955.0,1436.0,758.0,1609.0,990.0
14886,08:05.000,08:05.003,2,1397.0,703.0,1571.0,933.0,802.0,690.0,975.0,914.0
14901,08:05.500,08:05.503,2,1556.0,845.0,1740.0,1084.0,960.0,858.0,1127.0,1078.0
14916,08:06.000,08:06.003,2,883.0,823.0,1052.0,1045.0,1476.0,823.0,1653.0,1065.0
14931,08:06.500,08:06.503,2,1401.0,757.0,1576.0,1001.0,824.0,752.0,995.0,972.0
14946,08:07.000,08:07.005,2,1476.0,662.0,1657.0,896.0,906.0,688.0,1075.0,902.0
14961,08:07.500,08:07.505,2,675.0,678.0,859.0,905.0,1264.0,637.0,1438.0,864.0
14976,08:08.000,08:08.005,2,1327.0,546.0,1502.0,781.0,740.0,589.0,924.0,818.0
14992,08:08.500,08:08.530,2,659.0,629.0,845.0,860.0,1253.0,576.0,1427.0,815.0
15007,08:09.000,08:09.030,2,1317.0,544.0,1493.0,786.0,729.0,590.0,911.0,819.0
15022,08:09.500,08:09.530,2,1372.0,605.0,1546.0,843.0,790.0,641.0,964.0,868.0
15037,08:10.000,08:10.030,2,1373.0,736.0,1545.0,983.0,793.0,739.0,967.0,967.0
15052,08:10.500,08:10.530,2,808.0,730.0,977.0,954.0,1382.0,745.0,1556.0,987.0
15067,08:11.000,08:11.032,2,760.0,704.0,933.0,927.0,1340.0,725.0,1514.0,960.0
15082,08:11.500,08:11.532,2,1328.0,707.0,1500.0,945.0,745.0,685.0,920.0,903.0
15097,08:12.000,08:12.032,2,728.0,653.0,903.0,879.0,1311.0,682.0,1484.0,927.0
15112,08:12.500,08:12.532,2,1311.0,671.0,1484.0,908.0,727.0,644.0,900.0,870.0
15127,08:13.000,08:13.032,2,1313.0,665.0,1485.0,910.0,730.0,640.0,905.0,868.0
15142,08:13.500,08:13.532,2,1347.0,706.0,1522.0,946.0,772.0,691.0,944.0,907.0
15157,08:14.000,08:14.032,2,1284.0,648.0,1455.0,890.0,700.0,617.0,876.0,845.0
15172,08:14.500,08:14.532,2,725.0,586.0,899.0,815.0,1345.0,621.0,1520.0,858.0
15186,08:15.000,08:15.000,2,749.0,595.0,925.0,826.0,1366.0,619.0,1540.0,862.0
15201,08:15.500,08:15.500,2,1420.0,822.0,1596.0,1067.0,816.0,803.0,986.0,1028.0
15216,08:16.000,08:16.000,2,838.0,910.0,1009.0,1139.0,1431.0,883.0,1611.0,1130.0
15231,08:16.500,08:16.500,2,1404.0,945.0,1583.0,1189.0,811.0,983.0,986.0,1217.0
15246,08:17.000,08:17.000,2,1301.0,770.0,1473.0,1004.0,710.0,804.0,890.0,1031.0
15261,08:17.500,08:17.500,2,798.0,737.0,970.0,957.0,1374.0,703.0,1546.0,939.0
15276,08:18.000,08:18.000,2,829.0,791.0,1002.0,1017.0,1409.0,757.0,1584.0,1004.0
15291,08:18.500,08:18.500,2,780.0,767.0,953.0,992.0,1360.0,740.0,1533.0,966.0
15306,08:19.000,08:19.002,2,1329.0,690.0,1501.0,919.0,746.0,724.0,924.0,947.0
15321,08:19.500,08:19.502,2,703.0,603.0,884.0,835.0,1301.0,593.0,1472.0,827.0
15336,08:20.000,08:20.002,2,1316.0,604.0,1487.0,839.0,722.0,618.0,903.0,846.0
15351,08:20.500,08:20.502,2,696.0,667.0,876.0,897.0,1289.0,673.0,1460.0,908.0
15366,08:21.000,08:21.002,2,771.0,687.0,946.0,907.0,1355.0,695.0,1526.0,931.0
15381,08:21.500,08:21.502,2,1384.0,648.0,1555.0,878.0,801.0,629.0,974.0,852.0
15396,08:22.000,08:22.002,2,835.0,535.0,1009.0,765.0,1420.0,568.0,1595.0,804.0
15411,08:22.500,08:22.502,2,1405.0,584.0,1577.0,823.0,815.0,568.0,989.0,794.0
15426,08:23.000,08:23.003,2,1390.0,614.0,1562.0,846.0,802.0,611.0,976.0,843.0
15441,08:23.500,08:23.503,2,1338.0,668.0,1507.0,898.0,747.0,691.0,925.0,912.0
15456,08:24.000,08:24.003,2,771.0,730.0,947.0,957.0,1363.0,715.0,1532.0,949.0
15471,08:24.500,08:24.503,2,1443.0,670.0,1615.0,900.0,859.0,705.0,1033.0,926.0
15486,08:25.000,08:25.003,2,877.0,731.0,1050.0,959.0,1458.0,696.0,1632.0,924.0
15501,08:25.500,08:25.503,2,872.0,900.0,1043.0,1124.0,1450.0,870.0,1622.0,1099.0
15516,08:26.000,08:26.003,2,1393.0,854.0,1570.0,1079.0,816.0,945.0,994.0,1164.0
15531,08:26.500,08:26.503,2,761.0,972.0,942.0,1197.0,1340.0,884.0,1526.0,1094.0
15546,08:27.000,08:27.005,2,754.0,916.0,933.0,1138.0,1331.0,842.0,1509.0,1063.0
15562,08:27.500,08:27.530,2,1375.0,767.0,1550.0,989.0,795.0,806.0,969.0,1023.0
15577,08:28.000,08:28.030,2,1390.0,671.0,1564.0,897.0,805.0,686.0,978.0,906.0
15592,08:28.500,08:28.530,2,1401.0,703.0,1574.0,930.0,807.0,718.0,981.0,937.0
15607,08:29.000,08:29.030,2,1392.0,677.0,1566.0,904.0,800.0,696.0,972.0,914.0
15622,08:29.500,08:29.530,2,797.0,704.0,970.0,922.0,1389.0,686.0,1562.0,912.0
15637,08:30.000,08:30.030,2,742.0,711.0,922.0,934.0,1335.0,679.0,1510.0,905.0
15652,08:30.500,08:30.530,2,1333.0,613.0,1512.0,842.0,743.0,669.0,923.0,890.0
15667,08:31.000,08:31.032,2,1403.0,720.0,1584.0,952.0,823.0,760.0,994.0,980.0
15682,08:31.500,08:31.532,2,847.0,788.0,1020.0,1015.0,1435.0,772.0,1618.0,1006.0
15697,08:32.000,08:32.032,2,884.0,670.0,1059.0,890.0,1474.0,627.0,1658.0,858.0
15712,08:32.500,08:32.532,2,1457.0,618.0,1644.0,849.0,873.0,685.0,1046.0,898.0
15727,08:33.000,08:33.032,2,1449.0,659.0,1631.0,893.0,868.0,706.0,1039.0,923.0
15742,08:33.500,08:33.532,2,1439.0,651.0,1620.0,879.0,852.0,696.0,1026.0,912.0
15757,08:34.000,08:34.032,2,898.0,820.0,1067.0,1040.0,1481.0,786.0,1668.0,1021.0
15772,08:34.500,08:34.532,2,838.0,740.0,1009.0,962.0,1428.0,715.0,1605.0,948.0
15786,08:35.000,08:35.000,2,800.0,780.0,972.0,1005.0,1405.0,755.0,1576.0,983.0
15801,08:35.500,08:35.500,2,1436.0,579.0,1611.0,810.0,829.0,662.0,1005.0,882.0
15816,08:36.000,08:36.000,2,1454.0,614.0,1629.0,844.0,853.0,689.0,1026.0,904.0
15831,08:36.500,08:36.500,2,840.0,692.0,1014.0,909.0,1439.0,627.0,1614.0,859.0
15846,08:37.000,08:37.000,2,1457.0,612.0,1634.0,846.0,861.0,673.0,1032.0,890.0
15861,08:37.500,08:37.500,2,821.0,704.0,993.0,917.0,1417.0,618.0,1589.0,848.0
15876,08:38.000,08:38.000,2,848.0,639.0,1020.0,861.0,1441.0,576.0,1617.0,808.0
15891,08:38.500,08:38.500,2,1426.0,613.0,1599.0,843.0,833.0,678.0,1005.0,900.0
15906,08:39.000,08:39.002,2,733.0,637.0,910.0,861.0,1330.0,573.0,1500.0,802.0
15921,08:39.500,08:39.502,2,1404.0,593.0,1575.0,824.0,813.0,656.0,987.0,883.0
15936,08:40.000,08:40.002,2,772.0,644.0,947.0,870.0,1366.0,581.0,1537.0,807.0
15951,08:40.500,08:40.502,2,1388.0,553.0,1562.0,786.0,796.0,623.0,971.0,843.0
15966,08:41.000,08:41.002,2,1358.0,520.0,1530.0,750.0,766.0,602.0,943.0,826.0
15981,08:41.500,08:41.502,2,1373.0,533.0,1545.0,762.0,786.0,608.0,963.0,830.0
15996,08:42.000,08:42.002,2,1370.0,551.0,1541.0,779.0,782.0,622.0,956.0,841.0
16011,08:42.500,08:42.502,2,1361.0,554.0,1533.0,788.0,771.0,631.0,946.0,852.0
16026,08:43.000,08:43.003,2,769.0,631.0,945.0,852.0,1352.0,557.0,1524.0,792.0
16041,08:43.500,08:43.503,2,768.0,636.0,943.0,855.0,1353.0,567.0,1525.0,794.0
16056,08:44.000,08:44.003,2,771.0,638.0,945.0,861.0,1353.0,571.0,1524.0,802.0
16071,08:44.500,08:44.503,2,1352.0,578.0,1524.0,807.0,770.0,642.0,944.0,866.0
16086,08:45.000,08:45.003,2,1358.0,594.0,1529.0,830.0,772.0,654.0,948.0,875.0
16101,08:45.500,08:45.503,2,775.0,656.0,950.0,876.0,1358.0,594.0,1530.0,823.0
16116,08:46.000,08:46.003,2,774.0,654.0,950.0,874.0,1368.0,588.0,1537.0,812.0
16131,08:46.500,08:46.503,2,787.0,706.0,960.0,926.0,1373.0,643.0,1544.0,865.0
16146,08:47.000,08:47.005,2,1386.0,629.0,1557.0,863.0,793.0,667.0,967.0,884.0
16162,08:47.500,08:47.530,2,1355.0,607.0,1523.0,834.0,766.0,648.0,938.0,871.0
16177,08:48.000,08:48.030,2,752.0,649.0,927.0,875.0,1348.0,611.0,1518.0,834.0
16192,08:48.500,08:48.530,2,746.0,637.0,921.0,879.0,1339.0,613.0,1508.0,842.0
16207,08:49.000,08:49.030,2,1461.0,650.0,1636.0,881.0,885.0,679.0,1054.0,898.0
16222,08:49.500,08:49.530,2,815.0,770.0,987.0,1006.0,1394.0,758.0,1566.0,1009.0
16237,08:50.000,08:50.030,2,1434.0,781.0,1602.0,1017.0,854.0,770.0,1023.0,995.0
16252,08:50.500,08:50.530,2,751.0,718.0,926.0,946.0,1321.0,719.0,1482.0,948.0
16267,08:51.000,08:51.032,2,776.0,715.0,948.0,937.0,1366.0,717.0,1536.0,946.0
16282,08:51.500,08:51.532,2,806.0,716.0,978.0,943.0,1402.0,701.0,1573.0,933.0
16297,08:52.000,08:52.032,2,860.0,722.0,1031.0,953.0,1435.0,706.0,1608.0,938.0
16312,08:52.500,08:52.532,2,898.0,716.0,1066.0,940.0,1491.0,700.0,1665.0,933.0
16327,08:53.000,08:53.032,2,1445.0,655.0,1618.0,890.0,867.0,678.0,1037.0,897.0
16342,08:53.500,08:53.532,2,778.0,657.0,954.0,891.0,1365.0,633.0,1537.0,864.0
16357,08:54.000,08:54.032,2,1370.0,638.0,1539.0,873.0,791.0,660.0,967.0,887.0
16372,08:54.500,08:54.532,2,759.0,711.0,936.0,941.0,1341.0,690.0,1510.0,918.0
16386,08:55.000,08:55.000,2,547.0,814.0,740.0,1050.0,1159.0,783.0,1326.0,1009.0
16401,08:55.500,08:55.500,2,656.0,676.0,839.0,903.0,1255.0,649.0,1423.0,878.0
16416,08:56.000,08:56.000,2,682.0,652.0,861.0,886.0,1281.0,643.0,1450.0,873.0
16431,08:56.500,08:56.500,2,1430.0,662.0,1603.0,898.0,841.0,675.0,998.0,891.0
16446,08:57.000,08:57.000,2,1408.0,652.0,1581.0,887.0,820.0,682.0,977.0,887.0
16461,08:57.500,08:57.500,2,1329.0,691.0,1499.0,923.0,738.0,738.0,896.0,940.0
16476,08:58.000,08:58.000,2,1335.0,687.0,1503.0,913.0,752.0,741.0,911.0,947.0
16491,08:58.500,08:58.500,2,1329.0,693.0,1499.0,935.0,741.0,755.0,902.0,961.0
16506,08:59.000,08:59.002,2,1328.0,688.0,1497.0,914.0,756.0,760.0,912.0,962.0
16521,08:59.500,08:59.502,2,1276.0,716.0,1443.0,936.0,690.0,748.0,851.0,955.0
16536,09:00.000,09:00.002,2,696.0,712.0,858.0,918.0,1274.0,670.0,1441.0,884.0
16551,09:00.500,09:00.502,2,1297.0,639.0,1468.0,861.0,732.0,677.0,894.0,885.0
16566,09:01.000,09:01.002,2,1329.0,648.0,1500.0,873.0,759.0,687.0,917.0,890.0
16581,09:01.500,09:01.502,2,1348.0,698.0,1521.0,926.0,781.0,735.0,940.0,941.0
16596,09:02.000,09:02.002,2,1488.0,707.0,1662.0,938.0,926.0,670.0,1077.0,871.0
16611,09:02.500,09:02.502,2,1476.0,605.0,1662.0,842.0,919.0,678.0,1077.0,880.0
16626,09:03.000,09:03.003,2,1597.0,516.0,1801.0,763.0,1056.0,642.0,1222.0,847.0
16641,09:03.500,09:03.503,2,1671.0,603.0,1883.0,852.0,1132.0,737.0,1299.0,944.0
16656,09:04.000,09:04.003,2,1517.0,673.0,1705.0,904.0,979.0,742.0,1144.0,949.0
16671,09:04.500,09:04.503,2,1638.0,588.0,1840.0,829.0,1088.0,697.0,1256.0,906.0
16686,09:05.000,09:05.003,2,966.0,724.0,1132.0,934.0,1508.0,652.0,1692.0,881.0
16701,09:05.500,09:05.503,2,1507.0,532.0,1699.0,771.0,968.0,640.0,1137.0,849.0
16716,09:06.000,09:06.003,2,839.0,649.0,1008.0,870.0,1385.0,631.0,1561.0,861.0
16731,09:06.500,09:06.503,2,1453.0,611.0,1634.0,845.0,909.0,640.0,1075.0,856.0
16747,09:07.000,09:07.030,2,1520.0,626.0,1709.0,862.0,976.0,694.0,1142.0,906.0
16762,09:07.500,09:07.530,2,1442.0,729.0,1623.0,962.0,900.0,769.0,1066.0,984.0
16777,09:08.000,09:08.030,2,1383.0,644.0,1563.0,872.0,846.0,655.0,1014.0,875.0
16792,09:08.500,09:08.530,2,1487.0,617.0,1672.0,847.0,948.0,636.0,1115.0,847.0
16807,09:09.000,09:09.030,2,1719.0,497.0,1927.0,746.0,1159.0,549.0,1324.0,765.0
16822,09:09.500,09:09.530,2,1744.0,509.0,1953.0,770.0,1177.0,565.0,1341.0,778.0
16837,09:10.000,09:10.030,2,1770.0,562.0,1983.0,816.0,1199.0,599.0,1363.0,817.0
16852,09:10.500,09:10.530,2,1612.0,657.0,1798.0,892.0,1061.0,672.0,1225.0,889.0
16867,09:11.000,09:11.032,2,1544.0,686.0,1726.0,921.0,1003.0,669.0,1167.0,884.0
16882,09:11.500,09:11.532,2,1532.0,690.0,1716.0,928.0,992.0,694.0,1155.0,904.0
16897,09:12.000,09:12.032,2,1800.0,511.0,2011.0,769.0,1220.0,547.0,1385.0,766.0
16912,09:12.500,09:12.532,2,1542.0,648.0,1726.0,893.0,998.0,641.0,1160.0,856.0
16927,09:13.000,09:13.032,2,1456.0,680.0,1630.0,912.0,919.0,634.0,1083.0,851.0
16941,09:13.500,09:13.532,2,1389.0,532.0,1564.0,765.0,842.0,511.0,1011.0,731.0
16956,09:14.000,09:14.032,2,797.0,529.0,968.0,755.0,1345.0,562.0,1520.0,793.0
16971,09:14.500,09:14.532,2,1417.0,617.0,1591.0,846.0,872.0,600.0,1038.0,820.0
16985,09:15.000,09:15.000,2,832.0,617.0,998.0,834.0,1378.0,622.0,1551.0,849.0
17000,09:15.500,09:15.500,2,1410.0,608.0,1586.0,843.0,870.0,624.0,1036.0,839.0
17015,09:16.000,09:16.000,2,1418.0,595.0,1595.0,830.0,880.0,620.0,1046.0,832.0
17030,09:16.500,09:16.500,2,1416.0,620.0,1591.0,846.0,880.0,644.0,1044.0,861.0
17045,09:17.000,09:17.000,2,1359.0,598.0,1535.0,823.0,823.0,636.0,991.0,853.0
17060,09:17.500,09:17.500,2,1419.0,633.0,1595.0,867.0,882.0,668.0,1047.0,883.0
17075,09:18.000,09:18.000,2,1415.0,647.0,1587.0,878.0,881.0,669.0,1044.0,888.0
17090,09:18.500,09:18.500,2,1428.0,664.0,1600.0,896.0,902.0,690.0,1062.0,897.0
17105,09:19.000,09:19.002,2,1429.0,676.0,1602.0,904.0,901.0,703.0,1059.0,910.0
17120,09:19.500,09:19.502,2,906.0,712.0,1067.0,931.0,1434.0,686.0,1605.0,911.0
17135,09:20.000,09:20.002,2,1505.0,671.0,1673.0,911.0,916.0,712.0,1077.0,925.0
17150,09:20.500,09:20.502,2,1085.0,942.0,1244.0,1162.0,1706.0,880.0,1891.0,1126.0
17165,09:21.000,09:21.002,2,1516.0,712.0,1690.0,944.0,962.0,763.0,1122.0,974.0
17180,09:21.500,09:21.502,2,1537.0,655.0,1710.0,888.0,964.0,733.0,1127.0,942.0
17195,09:22.000,09:22.002,2,969.0,705.0,1132.0,917.0,1529.0,637.0,1702.0,866.0
17210,09:22.500,09:22.502,2,1534.0,663.0,1707.0,893.0,985.0,743.0,1150.0,953.0
17225,09:23.000,09:23.003,2,1537.0,691.0,1711.0,923.0,998.0,792.0,1166.0,999.0
17240,09:23.500,09:23.503,2,998.0,780.0,1162.0,985.0,1515.0,679.0,1691.0,912.0
17255,09:24.000,09:24.003,2,1495.0,673.0,1667.0,901.0,994.0,774.0,1156.0,979.0
17270,09:24.500,09:24.503,2,1492.0,668.0,1666.0,896.0,998.0,768.0,1158.0,983.0
17285,09:25.000,09:25.003,2,1739.0,634.0,1915.0,872.0,687.0,758.0,846.0,984.0
17300,09:25.500,09:25.503,2,1752.0,629.0,1931.0,862.0,705.0,723.0,866.0,938.0
17315,09:26.000,09:26.003,2,1759.0,628.0,1939.0,861.0,701.0,743.0,860.0,953.0
17331,09:26.500,09:26.530,2,1700.0,777.0,1878.0,1010.0,658.0,847.0,819.0,1065.0
17346,09:27.000,09:27.030,2,1667.0,729.0,1842.0,961.0,631.0,760.0,794.0,979.0
17361,09:27.500,09:27.530,2,1643.0,715.0,1814.0,945.0,608.0,707.0,772.0,928.0
17376,09:28.000,09:28.030,2,1630.0,700.0,1800.0,928.0,599.0,695.0,763.0,910.0
17391,09:28.500,09:28.530,2,1611.0,789.0,1780.0,1018.0,581.0,772.0,748.0,994.0
17406,09:29.000,09:29.030,2,1623.0,783.0,1793.0,1014.0,591.0,769.0,757.0,990.0
17421,09:29.500,09:29.530,2,1608.0,702.0,1777.0,924.0,572.0,702.0,739.0,920.0
17436,09:30.000,09:30.030,2,1608.0,689.0,1778.0,913.0,570.0,690.0,739.0,904.0
17451,09:30.500,09:30.532,2,1629.0,601.0,1799.0,831.0,583.0,621.0,749.0,840.0
17466,09:31.000,09:31.032,2,1617.0,589.0,1787.0,815.0,572.0,600.0,740.0,822.0
17481,09:31.500,09:31.532,2,1617.0,589.0,1788.0,816.0,579.0,598.0,747.0,818.0
17496,09:32.000,09:32.032,2,1616.0,587.0,1785.0,814.0,579.0,596.0,746.0,814.0
17511,09:32.500,09:32.532,2,547.0,602.0,716.0,819.0,1592.0,575.0,1761.0,803.0
17526,09:33.000,09:33.032,2,1632.0,576.0,1804.0,803.0,590.0,599.0,758.0,817.0
17541,09:33.500,09:33.532,2,1625.0,579.0,1795.0,806.0,585.0,602.0,753.0,823.0
17556,09:34.000,09:34.032,2,1610.0,595.0,1780.0,821.0,573.0,626.0,741.0,840.0
17570,09:34.500,09:34.500,2,1589.0,617.0,1758.0,841.0,552.0,641.0,720.0,855.0
17585,09:35.000,09:35.000,2,1579.0,676.0,1748.0,900.0,542.0,693.0,708.0,901.0
17600,09:35.500,09:35.500,2,1576.0,677.0,1745.0,899.0,537.0,695.0,704.0,903.0
17615,09:36.000,09:36.000,2,1577.0,676.0,1746.0,899.0,537.0,696.0,703.0,906.0
17630,09:36.500,09:36.500,2,1576.0,674.0,1746.0,898.0,536.0,694.0,703.0,904.0
17645,09:37.000,09:37.000,2,1577.0,676.0,1746.0,899.0,533.0,694.0,701.0,905.0
17660,09:37.500,09:37.500,2,1573.0,672.0,1740.0,896.0,527.0,696.0,695.0,903.0
17675,09:38.000,09:38.000,2,1576.0,677.0,1745.0,899.0,530.0,695.0,699.0,903.0
17690,09:38.500,09:38.502,2,1582.0,672.0,1750.0,898.0,537.0,693.0,703.0,901.0
17705,09:39.000,09:39.002,2,534.0,701.0,701.0,911.0,1578.0,682.0,1746.0,905.0
17720,09:39.500,09:39.502,2,532.0,699.0,700.0,909.0,1581.0,669.0,1748.0,886.0
17735,09:40.000,09:40.002,2,1580.0,669.0,1748.0,885.0,534.0,699.0,701.0,908.0
17750,09:40.500,09:40.502,2,1577.0,670.0,1743.0,890.0,528.0,697.0,697.0,907.0
17765,09:41.000,09:41.002,2,1573.0,668.0,1739.0,890.0,527.0,696.0,695.0,900.0
17780,09:41.500,09:41.502,2,1575.0,665.0,1744.0,892.0,528.0,688.0,696.0,896.0
17795,09:42.000,09:42.002,2,1579.0,675.0,1747.0,902.0,531.0,693.0,699.0,901.0
17810,09:42.500,09:42.503,2,1578.0,679.0,1746.0,903.0,530.0,697.0,699.0,904.0
17825,09:43.000,09:43.003,2,1577.0,673.0,1746.0,897.0,529.0,689.0,697.0,897.0
17840,09:43.500,09:43.503,2,1575.0,667.0,1744.0,893.0,525.0,684.0,693.0,893.0
17855,09:44.000,09:44.003,2,1576.0,666.0,1744.0,892.0,525.0,681.0,693.0,891.0
17870,09:44.500,09:44.503,2,1572.0,665.0,1739.0,892.0,521.0,680.0,688.0,890.0
17885,09:45.000,09:45.003,2,1572.0,668.0,1739.0,893.0,522.0,680.0,689.0,890.0
17900,09:45.500,09:45.503,2,1573.0,668.0,1741.0,895.0,524.0,677.0,692.0,888.0
17916,09:46.000,09:46.028,2,1578.0,691.0,1747.0,916.0,534.0,698.0,700.0,905.0
17931,09:46.500,09:46.530,2,539.0,698.0,705.0,911.0,1584.0,695.0,1753.0,920.0
17946,09:47.000,09:47.030,2,1579.0,699.0,1749.0,926.0,535.0,706.0,700.0,916.0
17961,09:47.500,09:47.530,2,1578.0,692.0,1746.0,917.0,533.0,701.0,699.0,910.0
17976,09:48.000,09:48.030,2,1575.0,702.0,1743.0,924.0,530.0,708.0,696.0,919.0
17991,09:48.500,09:48.530,2,1571.0,694.0,1738.0,918.0,527.0,706.0,694.0,914.0
18006,09:49.000,09:49.030,2,1570.0,693.0,1738.0,916.0,526.0,702.0,693.0,911.0
18021,09:49.500,09:49.530,2,531.0,697.0,699.0,905.0,1575.0,685.0,1742.0,909.0
18036,09:50.000,09:50.030,2,1575.0,681.0,1743.0,905.0,533.0,687.0,700.0,897.0
18051,09:50.500,09:50.532,2,1576.0,677.0,1745.0,902.0,535.0,680.0,700.0,891.0
18066,09:51.000,09:51.032,2,1575.0,669.0,1744.0,896.0,537.0,675.0,701.0,886.0
18081,09:51.500,09:51.532,2,1576.0,668.0,1746.0,895.0,537.0,672.0,701.0,886.0
18096,09:52.000,09:52.032,2,1576.0,666.0,1745.0,894.0,538.0,671.0,702.0,885.0
18111,09:52.500,09:52.532,2,1571.0,665.0,1739.0,893.0,532.0,671.0,699.0,883.0
18126,09:53.000,09:53.032,2,1578.0,663.0,1748.0,891.0,540.0,660.0,705.0,877.0
18141,09:53.500,09:53.532,2,1582.0,661.0,1751.0,889.0,544.0,659.0,710.0,872.0
18156,09:54.000,09:54.032,2,1580.0,656.0,1749.0,883.0,543.0,657.0,708.0,869.0
18170,09:54.500,09:54.500,2,1580.0,653.0,1749.0,879.0,544.0,654.0,709.0,867.0
18185,09:55.000,09:55.000,2,1582.0,650.0,1751.0,876.0,546.0,650.0,711.0,864.0
18200,09:55.500,09:55.500,2,1579.0,650.0,1749.0,878.0,545.0,648.0,711.0,863.0
18215,09:56.000,09:56.000,2,538.0,644.0,703.0,861.0,1575.0,647.0,1744.0,874.0
18230,09:56.500,09:56.500,2,1580.0,646.0,1750.0,874.0,541.0,643.0,707.0,858.0
18245,09:57.000,09:57.000,2,1583.0,645.0,1752.0,874.0,546.0,642.0,711.0,853.0
18260,09:57.500,09:57.500,2,1588.0,644.0,1755.0,873.0,548.0,641.0,713.0,852.0
18275,09:58.000,09:58.000,2,1583.0,638.0,1752.0,864.0,543.0,637.0,709.0,847.0
18290,09:58.500,09:58.502,2,1580.0,635.0,1750.0,873.0,541.0,637.0,707.0,846.0
18305,09:59.000,09:59.002,2,1583.0,633.0,1752.0,863.0,543.0,631.0,710.0,842.0
18320,09:59.500,09:59.502,2,539.0,614.0,703.0,827.0,1579.0,621.0,1748.0,855.0
18335,10:00.000,10:00.002,2,536.0,616.0,701.0,830.0,1579.0,624.0,1748.0,852.0
18350,10:00.500,10:00.502,2,539.0,616.0,705.0,830.0,1581.0,625.0,1750.0,855.0
18365,10:01.000,10:01.002,2,539.0,613.0,704.0,827.0,1582.0,622.0,1752.0,851.0
18380,10:01.500,10:01.502,2,540.0,605.0,705.0,826.0,1585.0,619.0,1753.0,846.0
18395,10:02.000,10:02.002,2,541.0,613.0,705.0,826.0,1583.0,621.0,1753.0,849.0
18410,10:02.500,10:02.503,2,538.0,615.0,703.0,825.0,1584.0,620.0,1753.0,848.0
18425,10:03.000,10:03.003,2,1583.0,617.0,1752.0,845.0,535.0,614.0,700.0,825.0
18440,10:03.500,10:03.503,2,1590.0,615.0,1759.0,842.0,538.0,605.0,705.0,819.0
18455,10:04.000,10:04.003,2,1592.0,619.0,1761.0,847.0,541.0,605.0,707.0,821.0
18470,10:04.500,10:04.503,2,1592.0,618.0,1760.0,844.0,539.0,605.0,705.0,818.0
18485,10:05.000,10:05.003,2,1589.0,615.0,1758.0,843.0,536.0,604.0,703.0,822.0
18501,10:05.500,10:05.528,2,540.0,630.0,707.0,842.0,1587.0,636.0,1755.0,864.0
18516,10:06.000,10:06.028,2,1601.0,714.0,1769.0,942.0,558.0,695.0,723.0,908.0
18531,10:06.500,10:06.530,2,1635.0,719.0,1806.0,950.0,594.0,670.0,756.0,884.0
18546,10:07.000,10:07.030,2,1665.0,693.0,1838.0,922.0,615.0,642.0,777.0,851.0
18561,10:07.500,10:07.530,2,1673.0,670.0,1844.0,900.0,625.0,621.0,785.0,831.0
18576,10:08.000,10:08.030,2,1645.0,653.0,1816.0,885.0,609.0,608.0,772.0,823.0
18591,10:08.500,10:08.530,2,1658.0,639.0,1832.0,871.0,622.0,594.0,784.0,807.0
18606,10:09.000,10:09.030,2,1655.0,638.0,1827.0,868.0,615.0,588.0,778.0,806.0
18621,10:09.500,10:09.530,2,1649.0,636.0,1820.0,867.0,610.0,590.0,772.0,808.0
18636,10:10.000,10:10.030,2,1647.0,631.0,1818.0,861.0,607.0,577.0,768.0,792.0
18651,10:10.500,10:10.532,2,1646.0,629.0,1819.0,861.0,607.0,572.0,769.0,785.0
18666,10:11.000,10:11.032,2,1650.0,622.0,1822.0,855.0,609.0,567.0,770.0,781.0
18681,10:11.500,10:11.532,2,1648.0,614.0,1821.0,845.0,608.0,559.0,770.0,774.0
18696,10:12.000,10:12.032,2,1648.0,618.0,1821.0,850.0,609.0,560.0,769.0,775.0
18711,10:12.500,10:12.532,2,607.0,561.0,769.0,780.0,1648.0,619.0,1820.0,851.0
18726,10:13.000,10:13.032,2,1645.0,619.0,1816.0,850.0,603.0,565.0,765.0,783.0
18741,10:13.500,10:13.532,2,1643.0,619.0,1815.0,851.0,602.0,562.0,764.0,776.0
18756,10:14.000,10:14.032,2,1649.0,617.0,1820.0,850.0,609.0,559.0,770.0,774.0
18770,10:14.500,10:14.500,2,1649.0,617.0,1821.0,849.0,611.0,552.0,773.0,770.0
18785,10:15.000,10:15.000,2,611.0,560.0,772.0,777.0,1650.0,621.0,1821.0,852.0
18800,10:15.500,10:15.500,2,606.0,563.0,767.0,778.0,1642.0,618.0,1814.0,852.0
18815,10:16.000,10:16.000,2,1640.0,618.0,1811.0,851.0,600.0,568.0,762.0,781.0
18830,10:16.500,10:16.500,2,1640.0,618.0,1812.0,850.0,601.0,567.0,763.0,781.0
18845,10:17.000,10:17.000,2,1639.0,616.0,1810.0,849.0,601.0,565.0,763.0,779.0
18860,10:17.500,10:17.500,2,1639.0,614.0,1811.0,846.0,599.0,561.0,760.0,778.0
18875,10:18.000,10:18.000,2,1639.0,617.0,1811.0,850.0,601.0,571.0,764.0,787.0
18890,10:18.500,10:18.502,2,1640.0,614.0,1810.0,846.0,602.0,565.0,764.0,778.0
18905,10:19.000,10:19.002,2,1638.0,614.0,1808.0,846.0,600.0,563.0,762.0,778.0
18920,10:19.500,10:19.502,2,1638.0,612.0,1808.0,844.0,597.0,564.0,760.0,779.0
18935,10:20.000,10:20.002,2,1636.0,612.0,1807.0,844.0,596.0,566.0,759.0,782.0
18950,10:20.500,10:20.502,2,1635.0,607.0,1806.0,838.0,594.0,563.0,759.0,778.0
18965,10:21.000,10:21.002,2,1640.0,589.0,1812.0,811.0,594.0,548.0,756.0,769.0
18980,10:21.500,10:21.502,2,1635.0,583.0,1807.0,806.0,595.0,539.0,759.0,763.0
18995,10:22.000,10:22.002,2,1635.0,581.0,1806.0,806.0,591.0,537.0,756.0,760.0
19010,10:22.500,10:22.503,2,586.0,540.0,751.0,762.0,1631.0,581.0,1802.0,807.0
19025,10:23.000,10:23.003,2,588.0,542.0,752.0,764.0,1629.0,584.0,1800.0,814.0
19040,10:23.500,10:23.503,2,587.0,543.0,751.0,764.0,1628.0,583.0,1800.0,816.0
19055,10:24.000,10:24.003,2,1631.0,580.0,1802.0,811.0,589.0,538.0,753.0,759.0
19070,10:24.500,10:24.503,2,1632.0,578.0,1805.0,808.0,590.0,533.0,754.0,753.0
19085,10:25.000,10:25.003,2,1631.0,577.0,1804.0,809.0,591.0,532.0,755.0,749.0
19101,10:25.500,10:25.528,2,1634.0,574.0,1808.0,806.0,593.0,526.0,757.0,744.0
19116,10:26.000,10:26.028,2,1630.0,572.0,1804.0,802.0,586.0,527.0,751.0,743.0
19131,10:26.500,10:26.530,2,1630.0,569.0,1803.0,800.0,584.0,525.0,749.0,743.0
19146,10:27.000,10:27.030,2,1628.0,573.0,1801.0,805.0,584.0,529.0,749.0,746.0
19161,10:27.500,10:27.530,2,1631.0,571.0,1804.0,802.0,588.0,527.0,752.0,743.0
19176,10:28.000,10:28.030,2,1638.0,569.0,1811.0,801.0,589.0,524.0,753.0,739.0
19191,10:28.500,10:28.530,2,1644.0,625.0,1815.0,855.0,603.0,579.0,764.0,793.0
19206,10:29.000,10:29.030,2,1649.0,602.0,1820.0,832.0,603.0,548.0,764.0,769.0
19221,10:29.500,10:29.530,2,1642.0,585.0,1813.0,816.0,593.0,538.0,757.0,760.0
19236,10:30.000,10:30.030,2,1629.0,652.0,1799.0,877.0,585.0,612.0,747.0,824.0
19251,10:30.500,10:30.532,2,1616.0,613.0,1785.0,840.0,569.0,574.0,733.0,787.0
19266,10:31.000,10:31.032,2,1618.0,601.0,1790.0,831.0,572.0,565.0,736.0,779.0
19281,10:31.500,10:31.532,2,1628.0,604.0,1798.0,835.0,579.0,571.0,742.0,785.0
19296,10:32.000,10:32.032,2,1590.0,657.0,1757.0,892.0,543.0,651.0,709.0,868.0
19311,10:32.500,10:32.532,2,449.0,605.0,622.0,826.0,1517.0,576.0,1682.0,792.0
19326,10:33.000,10:33.032,2,1585.0,524.0,1756.0,765.0,522.0,556.0,692.0,773.0
19341,10:33.500,10:33.532,2,536.0,601.0,702.0,817.0,1589.0,577.0,1760.0,803.0
19356,10:34.000,10:34.032,2,603.0,619.0,766.0,834.0,1645.0,627.0,1820.0,857.0
19370,10:34.500,10:34.500,2,1629.0,618.0,1799.0,847.0,580.0,607.0,745.0,825.0
19385,10:35.000,10:35.000,2,1626.0,616.0,1797.0,844.0,579.0,599.0,744.0,811.0
19400,10:35.500,10:35.500,2,1609.0,606.0,1780.0,836.0,559.0,587.0,726.0,804.0
19415,10:36.000,10:36.000,2,581.0,647.0,744.0,864.0,1622.0,684.0,1790.0,906.0
19430,10:36.500,10:36.500,2,1638.0,659.0,1808.0,889.0,595.0,619.0,756.0,831.0
19445,10:37.000,10:37.000,2,1641.0,648.0,1812.0,881.0,596.0,604.0,760.0,818.0
19460,10:37.500,10:37.500,2,1646.0,647.0,1818.0,878.0,601.0,594.0,763.0,805.0
19475,10:38.000,10:38.000,2,1648.0,643.0,1820.0,874.0,606.0,589.0,768.0,803.0
19490,10:38.500,10:38.502,2,1651.0,640.0,1821.0,872.0,607.0,587.0,770.0,803.0
19505,10:39.000,10:39.002,2,1644.0,650.0,1816.0,882.0,604.0,598.0,764.0,812.0
19520,10:39.500,10:39.502,2,1646.0,646.0,1817.0,877.0,604.0,591.0,766.0,805.0
19535,10:40.000,10:40.002,2,1650.0,652.0,1821.0,884.0,608.0,599.0,770.0,811.0
19550,10:40.500,10:40.502,2,1647.0,640.0,1819.0,871.0,605.0,587.0,767.0,805.0
19565,10:41.000,10:41.002,2,1647.0,636.0,1818.0,867.0,604.0,578.0,765.0,796.0
19580,10:41.500,10:41.502,2,1657.0,648.0,1829.0,879.0,614.0,582.0,776.0,797.0
19595,10:42.000,10:42.002,2,1647.0,659.0,1818.0,888.0,605.0,599.0,765.0,812.0
19610,10:42.500,10:42.503,2,1642.0,656.0,1813.0,886.0,599.0,598.0,760.0,814.0
19625,10:43.000,10:43.003,2,1635.0,656.0,1805.0,883.0,591.0,599.0,753.0,817.0
19640,10:43.500,10:43.503,2,1633.0,656.0,1803.0,884.0,588.0,599.0,751.0,818.0
19655,10:44.000,10:44.003,2,1636.0,649.0,1806.0,878.0,587.0,594.0,751.0,807.0
19670,10:44.500,10:44.503,2,1637.0,647.0,1807.0,877.0,584.0,597.0,748.0,810.0
19685,10:45.000,10:45.003,2,1634.0,644.0,1804.0,874.0,581.0,596.0,746.0,811.0
19700,10:45.500,10:45.503,2,1635.0,645.0,1805.0,880.0,582.0,591.0,746.0,805.0
19716,10:46.000,10:46.028,2,1629.0,647.0,1799.0,876.0,578.0,592.0,742.0,807.0
19731,10:46.500,10:46.530,2,1626.0,648.0,1796.0,877.0,574.0,595.0,740.0,810.0
19746,10:47.000,10:47.030,2,1624.0,647.0,1792.0,873.0,571.0,593.0,735.0,806.0
19761,10:47.500,10:47.530,2,1628.0,645.0,1798.0,873.0,577.0,589.0,741.0,803.0
19776,10:48.000,10:48.030,2,1629.0,639.0,1799.0,868.0,578.0,584.0,742.0,800.0
19791,10:48.500,10:48.530,2,1629.0,631.0,1799.0,863.0,576.0,579.0,740.0,796.0
19806,10:49.000,10:49.030,2,1623.0,616.0,1793.0,848.0,578.0,570.0,742.0,787.0
19821,10:49.500,10:49.530,2,1617.0,611.0,1786.0,843.0,572.0,571.0,739.0,785.0
19836,10:50.000,10:50.032,2,1625.0,610.0,1794.0,838.0,580.0,565.0,745.0,779.0
19851,10:50.500,10:50.532,2,1627.0,609.0,1796.0,839.0,582.0,561.0,747.0,775.0
19866,10:51.000,10:51.032,2,1624.0,608.0,1793.0,836.0,581.0,562.0,745.0,778.0
19881,10:51.500,10:51.532,2,1609.0,608.0,1779.0,836.0,579.0,559.0,742.0,776.0
19896,10:52.000,10:52.032,2,1606.0,607.0,1778.0,834.0,582.0,555.0,745.0,773.0
19911,10:52.500,10:52.532,2,1612.0,599.0,1783.0,828.0,578.0,549.0,742.0,768.0
19926,10:53.000,10:53.032,2,579.0,545.0,744.0,768.0,1611.0,598.0,1782.0,826.0
19941,10:53.500,10:53.532,2,581.0,538.0,747.0,762.0,1617.0,591.0,1788.0,820.0
19955,10:54.000,10:54.000,2,1626.0,591.0,1798.0,821.0,594.0,532.0,758.0,751.0
19970,10:54.500,10:54.500,2,1626.0,587.0,1798.0,816.0,594.0,530.0,757.0,748.0
19985,10:55.000,10:55.000,2,573.0,538.0,739.0,760.0,1610.0,582.0,1780.0,810.0
20000,10:55.500,10:55.500,2,1618.0,575.0,1788.0,806.0,576.0,528.0,742.0,746.0
20015,10:56.000,10:56.000,2,1620.0,573.0,1790.0,805.0,577.0,525.0,742.0,744.0
20030,10:56.500,10:56.500,2,1621.0,573.0,1789.0,803.0,580.0,523.0,744.0,739.0
20045,10:57.000,10:57.000,2,1625.0,579.0,1797.0,812.0,585.0,525.0,750.0,742.0
20060,10:57.500,10:57.500,2,1630.0,582.0,1801.0,823.0,590.0,524.0,755.0,738.0
20075,10:58.000,10:58.002,2,1620.0,583.0,1792.0,814.0,579.0,532.0,745.0,751.0
20090,10:58.500,10:58.502,2,1621.0,577.0,1793.0,810.0,577.0,527.0,743.0,746.0
20105,10:59.000,10:59.002,2,1620.0,577.0,1790.0,811.0,575.0,527.0,740.0,746.0
20120,10:59.500,10:59.502,2,1626.0,578.0,1798.0,811.0,580.0,524.0,744.0,739.0
20135,11:00.000,11:00.002,2,1635.0,582.0,1806.0,816.0,587.0,525.0,752.0,740.0
20150,11:00.500,11:00.502,2,585.0,550.0,751.0,770.0,1635.0,611.0,1806.0,843.0
20165,11:01.000,11:01.002,2,1627.0,633.0,1798.0,865.0,579.0,582.0,742.0,799.0
20180,11:01.500,11:01.502,2,1633.0,628.0,1805.0,861.0,583.0,577.0,747.0,793.0
20195,11:02.000,11:02.003,2,1595.0,608.0,1763.0,836.0,538.0,571.0,704.0,784.0
20210,11:02.500,11:02.503,2,1578.0,595.0,1748.0,826.0,518.0,589.0,687.0,805.0
20225,11:03.000,11:03.003,2,1681.0,636.0,1856.0,869.0,628.0,625.0,791.0,835.0
20240,11:03.500,11:03.503,2,1595.0,595.0,1765.0,826.0,536.0,589.0,704.0,805.0
20256,11:04.000,11:04.028,2,1588.0,591.0,1759.0,821.0,540.0,611.0,707.0,832.0
20271,11:04.500,11:04.528,2,546.0,588.0,714.0,810.0,1596.0,575.0,1766.0,805.0
20286,11:05.000,11:05.028,2,1604.0,567.0,1775.0,798.0,555.0,562.0,726.0,781.0
20301,11:05.500,11:05.528,2,1609.0,554.0,1781.0,786.0,562.0,554.0,731.0,782.0
20316,11:06.000,11:06.030,2,1622.0,550.0,1795.0,785.0,576.0,541.0,744.0,764.0
20331,11:06.500,11:06.530,2,1604.0,541.0,1775.0,774.0,552.0,541.0,721.0,760.0
20346,11:07.000,11:07.030,2,1603.0,533.0,1774.0,774.0,553.0,541.0,722.0,760.0
20361,11:07.500,11:07.530,2,1598.0,540.0,1770.0,779.0,548.0,546.0,717.0,764.0
20376,11:08.000,11:08.030,2,1536.0,587.0,1703.0,816.0,478.0,568.0,652.0,789.0
20391,11:08.500,11:08.530,2,1540.0,590.0,1706.0,821.0,482.0,565.0,656.0,788.0
20406,11:09.000,11:09.030,2,1550.0,585.0,1717.0,815.0,494.0,555.0,667.0,778.0
20421,11:09.500,11:09.530,2,493.0,550.0,666.0,776.0,1550.0,579.0,1720.0,812.0
20436,11:10.000,11:10.032,2,1554.0,579.0,1722.0,812.0,498.0,553.0,670.0,776.0
20451,11:10.500,11:10.532,2,1557.0,575.0,1726.0,806.0,504.0,548.0,673.0,770.0
20466,11:11.000,11:11.032,2,1559.0,574.0,1726.0,806.0,506.0,547.0,675.0,767.0
20481,11:11.500,11:11.532,2,1557.0,571.0,1725.0,802.0,502.0,543.0,673.0,765.0
20496,11:12.000,11:12.032,2,505.0,541.0,675.0,762.0,1560.0,570.0,1726.0,800.0
20511,11:12.500,11:12.532,2,505.0,534.0,676.0,755.0,1560.0,565.0,1728.0,794.0
20526,11:13.000,11:13.032,2,1566.0,561.0,1735.0,790.0,507.0,530.0,678.0,749.0
20541,11:13.500,11:13.532,2,1567.0,552.0,1734.0,780.0,506.0,521.0,677.0,742.0
20555,11:14.000,11:14.000,2,1567.0,543.0,1737.0,774.0,506.0,514.0,677.0,735.0
20570,11:14.500,11:14.500,2,1567.0,540.0,1737.0,771.0,507.0,512.0,679.0,732.0
20585,11:15.000,11:15.000,2,1568.0,542.0,1737.0,775.0,508.0,516.0,679.0,737.0
20600,11:15.500,11:15.500,2,1568.0,540.0,1737.0,774.0,507.0,515.0,678.0,738.0
20615,11:16.000,11:16.000,2,1569.0,539.0,1738.0,772.0,508.0,506.0,681.0,725.0
20630,11:16.500,11:16.500,2,1573.0,532.0,1741.0,762.0,509.0,492.0,680.0,715.0
20645,11:17.000,11:17.000,2,1571.0,523.0,1741.0,756.0,507.0,487.0,677.0,709.0
20660,11:17.500,11:17.500,2,1567.0,520.0,1737.0,752.0,503.0,487.0,674.0,707.0
20675,11:18.000,11:18.002,2,1565.0,521.0,1736.0,753.0,501.0,489.0,672.0,711.0
20690,11:18.500,11:18.502,2,1566.0,524.0,1736.0,758.0,500.0,489.0,671.0,714.0
20705,11:19.000,11:19.002,2,1567.0,526.0,1738.0,759.0,502.0,493.0,672.0,714.0
20720,11:19.500,11:19.502,2,1569.0,530.0,1739.0,761.0,503.0,492.0,674.0,714.0
20736,11:20.000,11:20.002,2,1571.0,532.0,1740.0,763.0,506.0,491.0,677.0,714.0
20751,11:20.500,11:20.502,2,1572.0,531.0,1742.0,762.0,505.0,490.0,676.0,712.0
20766,11:21.000,11:21.002,2,1570.0,527.0,1740.0,758.0,505.0,487.0,675.0,709.0
20781,11:21.500,11:21.502,2,1574.0,526.0,1744.0,757.0,509.0,485.0,680.0,708.0
20796,11:22.000,11:22.003,2,1574.0,523.0,1744.0,755.0,510.0,484.0,681.0,707.0
20811,11:22.500,11:22.503,2,1576.0,524.0,1747.0,757.0,512.0,485.0,683.0,708.0
20826,11:23.000,11:23.003,2,1576.0,525.0,1747.0,759.0,513.0,486.0,683.0,709.0
20841,11:23.500,11:23.503,2,1576.0,538.0,1747.0,771.0,515.0,499.0,685.0,719.0
20857,11:24.000,11:24.028,2,1575.0,532.0,1744.0,763.0,512.0,493.0,683.0,715.0
20872,11:24.500,11:24.528,2,1575.0,535.0,1746.0,766.0,514.0,497.0,685.0,719.0
20887,11:25.000,11:25.028,2,1574.0,535.0,1744.0,766.0,510.0,499.0,682.0,720.0
20902,11:25.500,11:25.528,2,1572.0,533.0,1741.0,764.0,508.0,500.0,681.0,720.0
20917,11:26.000,11:26.030,2,1572.0,526.0,1741.0,758.0,506.0,490.0,677.0,714.0
20932,11:26.500,11:26.530,2,507.0,477.0,681.0,701.0,1575.0,515.0,1746.0,747.0
20947,11:27.000,11:27.030,2,519.0,461.0,689.0,684.0,1583.0,506.0,1753.0,739.0
20962,11:27.500,11:27.530,2,518.0,460.0,688.0,683.0,1582.0,500.0,1752.0,735.0
20977,11:28.000,11:28.030,2,512.0,465.0,685.0,687.0,1579.0,501.0,1748.0,736.0
20992,11:28.500,11:28.530,2,509.0,484.0,681.0,707.0,1574.0,514.0,1743.0,747.0
21007,11:29.000,11:29.030,2,1571.0,521.0,1740.0,753.0,507.0,491.0,677.0,713.0
21022,11:29.500,11:29.530,2,1576.0,519.0,1745.0,754.0,512.0,485.0,683.0,708.0
21037,11:30.000,11:30.032,2,1577.0,517.0,1746.0,752.0,515.0,481.0,686.0,706.0
21052,11:30.500,11:30.532,2,1569.0,531.0,1736.0,769.0,501.0,484.0,672.0,706.0
21067,11:31.000,11:31.032,2,1493.0,550.0,1655.0,782.0,407.0,475.0,587.0,702.0
21082,11:31.500,11:31.532,2,310.0,476.0,498.0,710.0,1421.0,572.0,1578.0,792.0
21097,11:32.000,11:32.032,2,306.0,475.0,494.0,714.0,1420.0,579.0,1578.0,803.0
21112,11:32.500,11:32.532,2,354.0,477.0,537.0,712.0,1463.0,578.0,1624.0,801.0
21127,11:33.000,11:33.032,2,508.0,543.0,676.0,765.0,1569.0,629.0,1737.0,859.0
21142,11:33.500,11:33.532,2,1576.0,588.0,1743.0,816.0,511.0,514.0,681.0,735.0
21156,11:34.000,11:34.000,2,1571.0,585.0,1737.0,817.0,505.0,517.0,673.0,732.0
21171,11:34.500,11:34.500,2,1566.0,581.0,1733.0,813.0,499.0,508.0,669.0,725.0
21186,11:35.000,11:35.000,2,1565.0,578.0,1732.0,808.0,500.0,505.0,669.0,723.0
21201,11:35.500,11:35.500,2,1564.0,573.0,1731.0,805.0,496.0,504.0,668.0,722.0
21216,11:36.000,11:36.000,2,1566.0,567.0,1736.0,799.0,499.0,494.0,669.0,715.0
21231,11:36.500,11:36.500,2,1571.0,562.0,1738.0,800.0,502.0,490.0,671.0,711.0
21246,11:37.000,11:37.000,2,1571.0,564.0,1739.0,795.0,506.0,490.0,675.0,712.0
21261,11:37.500,11:37.500,2,1570.0,559.0,1738.0,791.0,507.0,483.0,676.0,704.0
21276,11:38.000,11:38.002,2,1571.0,545.0,1737.0,767.0,506.0,480.0,675.0,702.0
21291,11:38.500,11:38.502,2,1573.0,600.0,1742.0,828.0,523.0,540.0,692.0,763.0
21306,11:39.000,11:39.002,2,1597.0,584.0,1764.0,812.0,545.0,512.0,713.0,729.0
21321,11:39.500,11:39.502,2,1582.0,586.0,1751.0,818.0,535.0,520.0,701.0,741.0
21336,11:40.000,11:40.002,2,1581.0,581.0,1749.0,814.0,533.0,512.0,701.0,732.0
21351,11:40.500,11:40.502,2,1586.0,576.0,1754.0,806.0,539.0,511.0,707.0,731.0
21366,11:41.000,11:41.002,2,548.0,547.0,714.0,769.0,1591.0,627.0,1760.0,860.0
21381,11:41.500,11:41.502,2,1612.0,684.0,1782.0,911.0,580.0,588.0,743.0,801.0
21396,11:42.000,11:42.003,2,1597.0,694.0,1765.0,923.0,568.0,599.0,732.0,812.0
21411,11:42.500,11:42.503,2,1588.0,676.0,1755.0,903.0,559.0,581.0,725.0,795.0
21426,11:43.000,11:43.003,2,1588.0,667.0,1754.0,893.0,556.0,575.0,722.0,794.0
21442,11:43.500,11:43.528,2,1587.0,655.0,1754.0,884.0,548.0,568.0,713.0,780.0
21457,11:44.000,11:44.028,2,1576.0,655.0,1744.0,883.0,535.0,572.0,701.0,793.0
21472,11:44.500,11:44.528,2,1618.0,652.0,1790.0,872.0,573.0,568.0,736.0,785.0
21486,11:45.000,11:45.028,2,1665.0,708.0,1840.0,925.0,610.0,635.0,765.0,840.0
21500,11:45.500,11:45.528,2,1549.0,716.0,1720.0,937.0,689.0,671.0,847.0,878.0
21515,11:46.000,11:46.030,2,1398.0,764.0,1563.0,981.0,877.0,765.0,1037.0,977.0
21530,11:46.500,11:46.530,2,866.0,783.0,1029.0,999.0,1393.0,791.0,1558.0,1014.0
21545,11:47.000,11:47.030,2,1335.0,731.0,1500.0,958.0,801.0,736.0,969.0,953.0
21560,11:47.500,11:47.530,2,1155.0,716.0,1317.0,938.0,591.0,714.0,773.0,941.0
21575,11:48.000,11:48.030,2,788.0,697.0,955.0,914.0,1324.0,699.0,1490.0,924.0
21590,11:48.500,11:48.530,2,818.0,952.0,985.0,1179.0,1360.0,940.0,1528.0,1168.0
21605,11:49.000,11:49.030,2,1420.0,794.0,1590.0,1022.0,892.0,808.0,1055.0,1021.0
21620,11:49.500,11:49.530,2,1458.0,747.0,1626.0,970.0,926.0,758.0,1085.0,969.0
21635,11:50.000,11:50.032,2,1389.0,671.0,1553.0,894.0,843.0,708.0,1000.0,913.0
21650,11:50.500,11:50.532,2,1398.0,730.0,1562.0,954.0,830.0,791.0,989.0,999.0
21665,11:51.000,11:51.032,2,1367.0,799.0,1529.0,1016.0,833.0,846.0,991.0,1052.0
21680,11:51.500,11:51.532,2,1354.0,709.0,1513.0,924.0,828.0,706.0,987.0,907.0
21695,11:52.000,11:52.032,2,814.0,667.0,974.0,870.0,1352.0,675.0,1504.0,887.0
21710,11:52.500,11:52.532,2,812.0,620.0,969.0,832.0,1343.0,637.0,1496.0,846.0
21725,11:53.000,11:53.032,2,1364.0,645.0,1520.0,856.0,849.0,622.0,1000.0,826.0
21740,11:53.500,11:53.532,2,1409.0,713.0,1565.0,922.0,931.0,690.0,1071.0,895.0
21754,11:54.000,11:54.000,2,1478.0,832.0,1638.0,1062.0,998.0,793.0,1138.0,996.0
21769,11:54.500,11:54.500,2,1447.0,890.0,1607.0,1109.0,942.0,851.0,1096.0,1070.0
21784,11:55.000,11:55.000,2,1324.0,910.0,1480.0,1131.0,812.0,884.0,972.0,1094.0
21799,11:55.500,11:55.500,2,843.0,938.0,1004.0,1150.0,1359.0,996.0,1519.0,1216.0
21814,11:56.000,11:56.000,2,815.0,844.0,976.0,1061.0,1331.0,893.0,1488.0,1103.0
21829,11:56.500,11:56.500,2,815.0,825.0,977.0,1038.0,1333.0,876.0,1493.0,1078.0
21844,11:57.000,11:57.000,2,840.0,812.0,1001.0,1025.0,1360.0,866.0,1518.0,1072.0
21859,11:57.500,11:57.500,2,820.0,812.0,983.0,1027.0,1338.0,859.0,1498.0,1085.0
21874,11:58.000,11:58.002,2,1347.0,842.0,1508.0,1063.0,828.0,804.0,990.0,1019.0
21889,11:58.500,11:58.502,2,790.0,731.0,954.0,944.0,1310.0,777.0,1467.0,994.0
21904,11:59.000,11:59.002,2,794.0,734.0,959.0,949.0,1317.0,781.0,1476.0,998.0
21919,11:59.500,11:59.502,2,757.0,726.0,923.0,940.0,1286.0,775.0,1442.0,984.0
21934,12:00.000,12:00.002,2,737.0,713.0,904.0,926.0,1269.0,763.0,1424.0,978.0
21949,12:00.500,12:00.502,2,734.0,651.0,902.0,868.0,1276.0,682.0,1434.0,896.0
21964,12:01.000,12:01.002,2,716.0,637.0,884.0,854.0,1262.0,665.0,1420.0,878.0
21979,12:01.500,12:01.502,2,755.0,665.0,924.0,882.0,1302.0,696.0,1460.0,915.0
21994,12:02.000,12:02.003,2,780.0,621.0,945.0,834.0,1322.0,653.0,1481.0,870.0
22009,12:02.500,12:02.503,2,783.0,632.0,948.0,848.0,1324.0,659.0,1483.0,875.0
22025,12:03.000,12:03.028,2,777.0,612.0,941.0,826.0,1320.0,641.0,1479.0,857.0
22040,12:03.500,12:03.528,2,767.0,589.0,935.0,805.0,1315.0,620.0,1472.0,837.0
22055,12:04.000,12:04.028,2,777.0,555.0,943.0,774.0,1323.0,583.0,1482.0,810.0
22070,12:04.500,12:04.528,2,774.0,532.0,941.0,753.0,1317.0,567.0,1476.0,789.0
22085,12:05.000,12:05.028,2,1330.0,539.0,1490.0,766.0,783.0,511.0,950.0,726.0
22100,12:05.500,12:05.530,2,782.0,487.0,952.0,709.0,1332.0,530.0,1492.0,745.0
22115,12:06.000,12:06.030,2,794.0,483.0,962.0,703.0,1341.0,527.0,1501.0,743.0
22130,12:06.500,12:06.530,2,805.0,478.0,972.0,701.0,1349.0,523.0,1509.0,741.0
22145,12:07.000,12:07.030,2,806.0,476.0,974.0,699.0,1349.0,520.0,1510.0,740.0
22160,12:07.500,12:07.530,2,799.0,469.0,968.0,691.0,1344.0,518.0,1506.0,734.0
22175,12:08.000,12:08.030,2,1347.0,538.0,1510.0,758.0,798.0,495.0,965.0,716.0
22190,12:08.500,12:08.530,2,816.0,533.0,983.0,752.0,1365.0,582.0,1526.0,800.0
22205,12:09.000,12:09.030,2,803.0,529.0,968.0,748.0,1350.0,574.0,1511.0,796.0
22220,12:09.500,12:09.530,2,812.0,530.0,978.0,750.0,1356.0,579.0,1517.0,797.0
22235,12:10.000,12:10.032,2,817.0,547.0,982.0,768.0,1371.0,592.0,1533.0,815.0
22250,12:10.500,12:10.532,2,1367.0,610.0,1527.0,830.0,821.0,556.0,985.0,772.0
22265,12:11.000,12:11.032,2,1435.0,728.0,1594.0,948.0,900.0,679.0,1059.0,891.0
22280,12:11.500,12:11.532,2,1426.0,740.0,1586.0,956.0,899.0,691.0,1059.0,904.0
22295,12:12.000,12:12.032,2,1411.0,720.0,1573.0,937.0,893.0,667.0,1055.0,879.0
22310,12:12.500,12:12.532,2,872.0,643.0,1034.0,862.0,1394.0,696.0,1554.0,910.0
22325,12:13.000,12:13.032,2,878.0,645.0,1040.0,860.0,1399.0,694.0,1559.0,909.0
22340,12:13.500,12:13.532,2,1408.0,712.0,1570.0,925.0,887.0,662.0,1049.0,875.0
22354,12:14.000,12:14.000,2,879.0,746.0,1041.0,956.0,1403.0,810.0,1565.0,1025.0
22369,12:14.500,12:14.500,2,1309.0,938.0,1468.0,1163.0,795.0,805.0,963.0,1029.0
22384,12:15.000,12:15.000,2,852.0,774.0,1014.0,993.0,1366.0,884.0,1526.0,1112.0
22399,12:15.500,12:15.500,2,836.0,754.0,996.0,966.0,1360.0,833.0,1518.0,1049.0
22414,12:16.000,12:16.000,2,833.0,739.0,991.0,951.0,1353.0,811.0,1511.0,1027.0
22429,12:16.500,12:16.500,2,1389.0,785.0,1550.0,998.0,866.0,742.0,1028.0,954.0
22444,12:17.000,12:17.000,2,830.0,685.0,994.0,898.0,1361.0,711.0,1520.0,925.0
22459,12:17.500,12:17.500,2,851.0,665.0,1015.0,876.0,1381.0,688.0,1543.0,902.0
22474,12:18.000,12:18.002,2,833.0,682.0,996.0,893.0,1362.0,700.0,1523.0,912.0
22489,12:18.500,12:18.502,2,1356.0,741.0,1517.0,953.0,829.0,727.0,993.0,937.0
22504,12:19.000,12:19.002,2,820.0,733.0,986.0,944.0,1349.0,743.0,1512.0,957.0
22519,12:19.500,12:19.502,2,828.0,785.0,992.0,999.0,1357.0,803.0,1519.0,1018.0
22534,12:20.000,12:20.002,2,769.0,731.0,935.0,944.0,1303.0,759.0,1462.0,972.0
22549,12:20.500,12:20.502,2,706.0,679.0,874.0,896.0,1243.0,728.0,1400.0,939.0
22564,12:21.000,12:21.002,2,690.0,743.0,860.0,959.0,1224.0,788.0,1382.0,990.0
22579,12:21.500,12:21.503,2,705.0,703.0,875.0,924.0,1244.0,752.0,1404.0,950.0
22594,12:22.000,12:22.003,2,790.0,703.0,959.0,914.0,1319.0,672.0,1484.0,882.0
22610,12:22.500,12:22.528,2,638.0,714.0,815.0,933.0,1171.0,675.0,1337.0,887.0
22625,12:23.000,12:23.028,2,759.0,677.0,928.0,889.0,1282.0,656.0,1448.0,870.0
22640,12:23.500,12:23.528,2,786.0,712.0,952.0,933.0,1301.0,698.0,1468.0,905.0
22655,12:24.000,12:24.028,2,1323.0,682.0,1492.0,893.0,814.0,695.0,980.0,911.0
22670,12:24.500,12:24.528,2,1323.0,660.0,1491.0,871.0,820.0,666.0,986.0,885.0
22685,12:25.000,12:25.028,2,1314.0,650.0,1481.0,862.0,811.0,663.0,976.0,879.0
22700,12:25.500,12:25.530,2,827.0,653.0,993.0,875.0,1329.0,637.0,1497.0,848.0
22715,12:26.000,12:26.030,2,1325.0,621.0,1491.0,835.0,819.0,641.0,984.0,857.0
22730,12:26.500,12:26.530,2,805.0,630.0,968.0,847.0,1312.0,599.0,1475.0,807.0
22745,12:27.000,12:27.030,2,1315.0,588.0,1478.0,795.0,807.0,610.0,972.0,822.0
22760,12:27.500,12:27.530,2,1314.0,594.0,1479.0,805.0,812.0,616.0,974.0,830.0
22775,12:28.000,12:28.030,2,1307.0,598.0,1473.0,808.0,813.0,632.0,977.0,848.0
22790,12:28.500,12:28.530,2,820.0,629.0,984.0,844.0,1317.0,596.0,1480.0,807.0
22805,12:29.000,12:29.030,2,838.0,629.0,1002.0,847.0,1343.0,601.0,1508.0,810.0
22820,12:29.500,12:29.532,2,835.0,626.0,1000.0,844.0,1338.0,602.0,1503.0,813.0
22835,12:30.000,12:30.032,2,824.0,620.0,991.0,836.0,1330.0,596.0,1498.0,807.0
22850,12:30.500,12:30.532,2,1338.0,591.0,1505.0,804.0,832.0,613.0,997.0,829.0
22865,12:31.000,12:31.032,2,847.0,596.0,1012.0,815.0,1353.0,578.0,1521.0,791.0
22880,12:31.500,12:31.532,2,1373.0,591.0,1538.0,803.0,868.0,609.0,1030.0,824.0
22895,12:32.000,12:32.032,2,1397.0,590.0,1564.0,805.0,896.0,607.0,1057.0,821.0
22910,12:32.500,12:32.532,2,1381.0,602.0,1549.0,814.0,885.0,630.0,1045.0,837.0
22925,12:33.000,12:33.032,2,1347.0,597.0,1514.0,805.0,854.0,631.0,1016.0,837.0
22939,12:33.500,12:33.500,2,1357.0,605.0,1526.0,814.0,866.0,634.0,1027.0,843.0
22954,12:34.000,12:34.000,2,1358.0,650.0,1524.0,857.0,869.0,670.0,1031.0,879.0
22969,12:34.500,12:34.500,2,888.0,651.0,1050.0,862.0,1382.0,635.0,1548.0,847.0
22984,12:35.000,12:35.000,2,1384.0,623.0,1550.0,835.0,890.0,641.0,1052.0,852.0
22999,12:35.500,12:35.500,2,1410.0,624.0,1577.0,837.0,915.0,634.0,1076.0,847.0
23014,12:36.000,12:36.000,2,1416.0,618.0,1581.0,833.0,922.0,632.0,1083.0,845.0
23029,12:36.500,12:36.500,2,808.0,750.0,974.0,965.0,1316.0,734.0,1479.0,941.0
23044,12:37.000,12:37.000,2,880.0,790.0,1044.0,1003.0,1390.0,716.0,1562.0,923.0
23059,12:37.500,12:37.502,2,871.0,722.0,1035.0,934.0,1376.0,674.0,1546.0,879.0
23074,12:38.000,12:38.002,2,846.0,665.0,1011.0,879.0,1349.0,620.0,1518.0,830.0
23089,12:38.500,12:38.502,2,902.0,636.0,1063.0,853.0,1404.0,616.0,1569.0,831.0
23104,12:39.000,12:39.002,2,1433.0,608.0,1599.0,821.0,927.0,623.0,1088.0,841.0
23119,12:39.500,12:39.502,2,1424.0,621.0,1589.0,833.0,921.0,635.0,1084.0,850.0
23134,12:40.000,12:40.002,2,1431.0,657.0,1597.0,870.0,934.0,676.0,1096.0,894.0
23149,12:40.500,12:40.502,2,875.0,803.0,1041.0,1013.0,1399.0,779.0,1557.0,990.0
23164,12:41.000,12:41.002,2,833.0,850.0,997.0,1073.0,1348.0,857.0,1509.0,1073.0
23179,12:41.500,12:41.503,2,837.0,788.0,1000.0,1009.0,1347.0,823.0,1506.0,1042.0
23194,12:42.000,12:42.003,2,810.0,719.0,977.0,935.0,1316.0,745.0,1476.0,960.0
23210,12:42.500,12:42.528,2,893.0,774.0,1056.0,983.0,1399.0,792.0,1559.0,1009.0
23225,12:43.000,12:43.028,2,1310.0,774.0,1469.0,993.0,803.0,752.0,968.0,966.0
23240,12:43.500,12:43.528,2,804.0,687.0,968.0,897.0,1315.0,714.0,1475.0,935.0
23255,12:44.000,12:44.028,2,1325.0,698.0,1485.0,928.0,812.0,671.0,978.0,888.0
23270,12:44.500,12:44.528,2,809.0,655.0,976.0,871.0,1318.0,680.0,1480.0,898.0
23285,12:45.000,12:45.028,2,806.0,641.0,973.0,859.0,1318.0,662.0,1481.0,867.0
23300,12:45.500,12:45.530,2,811.0,642.0,978.0,860.0,1318.0,660.0,1481.0,872.0
23315,12:46.000,12:46.030,2,826.0,660.0,993.0,877.0,1335.0,688.0,1497.0,898.0
23330,12:46.500,12:46.530,2,827.0,683.0,993.0,896.0,1340.0,711.0,1499.0,919.0
23345,12:47.000,12:47.030,2,827.0,675.0,994.0,889.0,1339.0,702.0,1499.0,913.0
23360,12:47.500,12:47.530,2,823.0,678.0,991.0,891.0,1339.0,706.0,1500.0,923.0
23375,12:48.000,12:48.030,2,822.0,678.0,990.0,890.0,1336.0,709.0,1499.0,929.0
23390,12:48.500,12:48.530,2,825.0,673.0,993.0,887.0,1343.0,706.0,1504.0,925.0
23405,12:49.000,12:49.030,2,830.0,669.0,998.0,891.0,1347.0,707.0,1510.0,933.0
23420,12:49.500,12:49.532,2,831.0,673.0,998.0,887.0,1340.0,705.0,1502.0,926.0
23435,12:50.000,12:50.032,2,1326.0,703.0,1486.0,919.0,828.0,670.0,996.0,884.0
23450,12:50.500,12:50.532,2,834.0,664.0,1000.0,876.0,1338.0,699.0,1499.0,915.0
23465,12:51.000,12:51.032,2,833.0,658.0,999.0,871.0,1335.0,693.0,1498.0,913.0
23480,12:51.500,12:51.532,2,833.0,657.0,999.0,871.0,1336.0,693.0,1497.0,906.0
23495,12:52.000,12:52.032,2,835.0,684.0,1000.0,898.0,1332.0,716.0,1495.0,935.0
23510,12:52.500,12:52.532,2,1344.0,787.0,1507.0,1016.0,844.0,754.0,1008.0,970.0
23525,12:53.000,12:53.032,2,847.0,722.0,1011.0,932.0,1340.0,766.0,1501.0,980.0
23539,12:53.500,12:53.500,2,1352.0,745.0,1514.0,962.0,864.0,702.0,1025.0,909.0
23554,12:54.000,12:54.000,2,1351.0,728.0,1513.0,948.0,868.0,677.0,1031.0,886.0
23569,12:54.500,12:54.500,2,1345.0,713.0,1511.0,931.0,861.0,660.0,1026.0,870.0
23584,12:55.000,12:55.000,2,1367.0,697.0,1530.0,915.0,864.0,642.0,1028.0,854.0
23599,12:55.500,12:55.500,2,1376.0,687.0,1541.0,910.0,877.0,636.0,1043.0,845.0
23614,12:56.000,12:56.000,2,1377.0,683.0,1542.0,905.0,877.0,631.0,1042.0,841.0
23629,12:56.500,12:56.500,2,1358.0,669.0,1524.0,892.0,871.0,621.0,1036.0,836.0
23644,12:57.000,12:57.000,2,1351.0,672.0,1514.0,892.0,863.0,625.0,1029.0,839.0
23659,12:57.500,12:57.502,2,1361.0,661.0,1525.0,882.0,865.0,612.0,1029.0,831.0
23674,12:58.000,12:58.002,2,1364.0,682.0,1529.0,900.0,868.0,634.0,1034.0,847.0
23689,12:58.500,12:58.502,2,1351.0,652.0,1517.0,871.0,859.0,600.0,1028.0,821.0
23704,12:59.000,12:59.002,2,1346.0,645.0,1510.0,867.0,857.0,596.0,1025.0,812.0
23719,12:59.500,12:59.502,2,858.0,592.0,1025.0,807.0,1350.0,641.0,1512.0,860.0
23734,13:00.000,13:00.002,2,856.0,591.0,1023.0,806.0,1349.0,638.0,1513.0,856.0
23749,13:00.500,13:00.502,2,853.0,588.0,1018.0,804.0,1346.0,633.0,1509.0,852.0
23764,13:01.000,13:01.002,2,850.0,587.0,1015.0,804.0,1342.0,631.0,1506.0,849.0
23779,13:01.500,13:01.503,2,1351.0,660.0,1514.0,880.0,857.0,619.0,1024.0,834.0
23795,13:02.000,13:02.028,2,1374.0,776.0,1538.0,993.0,885.0,739.0,1050.0,950.0
23810,13:02.500,13:02.528,2,1377.0,739.0,1540.0,972.0,886.0,697.0,1052.0,907.0
23825,13:03.000,13:03.028,2,1372.0,654.0,1536.0,874.0,883.0,600.0,1048.0,812.0
23840,13:03.500,13:03.528,2,1363.0,689.0,1524.0,905.0,877.0,634.0,1042.0,845.0
23855,13:04.000,13:04.028,2,1378.0,702.0,1542.0,919.0,892.0,645.0,1057.0,858.0
23870,13:04.500,13:04.528,2,875.0,670.0,1039.0,884.0,1367.0,725.0,1530.0,930.0
23885,13:05.000,13:05.028,2,865.0,650.0,1031.0,871.0,1356.0,709.0,1518.0,921.0
23900,13:05.500,13:05.530,2,862.0,640.0,1027.0,852.0,1337.0,699.0,1503.0,909.0
23915,13:06.000,13:06.030,2,1323.0,697.0,1484.0,912.0,845.0,633.0,1011.0,848.0
23930,13:06.500,13:06.530,2,848.0,620.0,1015.0,835.0,1328.0,684.0,1489.0,898.0
23945,13:07.000,13:07.030,2,1270.0,664.0,1429.0,883.0,783.0,611.0,952.0,829.0
23960,13:07.500,13:07.530,2,1372.0,662.0,1535.0,879.0,885.0,619.0,1051.0,830.0
23975,13:08.000,13:08.030,2,1389.0,650.0,1551.0,865.0,891.0,610.0,1056.0,830.0
23990,13:08.500,13:08.530,2,1391.0,746.0,1556.0,961.0,895.0,720.0,1063.0,941.0
24005,13:09.000,13:09.030,2,858.0,726.0,1023.0,942.0,1349.0,759.0,1513.0,974.0
24020,13:09.500,13:09.532,2,843.0,721.0,1007.0,933.0,1334.0,767.0,1493.0,978.0
24035,13:10.000,13:10.032,2,738.0,732.0,909.0,951.0,1238.0,812.0,1396.0,1028.0
24050,13:10.500,13:10.548,2,822.0,772.0,989.0,1002.0,1317.0,851.0,1476.0,1071.0
24062,13:11.000,13:11.032,2,1362.0,803.0,1522.0,1015.0,869.0,736.0,1033.0,949.0
24077,13:11.500,13:11.532,2,841.0,722.0,1008.0,938.0,1335.0,783.0,1498.0,1001.0
24092,13:12.000,13:12.032,2,789.0,788.0,956.0,1010.0,1281.0,841.0,1444.0,1056.0
24106,13:12.500,13:12.523,2,649.0,734.0,825.0,954.0,1156.0,799.0,1316.0,1014.0
24122,13:13.000,13:13.032,2,1298.0,719.0,1465.0,945.0,808.0,662.0,976.0,882.0
24135,13:13.500,13:13.500,2,1279.0,754.0,1441.0,969.0,795.0,691.0,959.0,907.0
24150,13:14.000,13:14.000,2,843.0,683.0,1006.0,897.0,1320.0,747.0,1481.0,960.0
24165,13:14.500,13:14.500,2,784.0,714.0,952.0,929.0,1277.0,760.0,1438.0,968.0
24180,13:15.000,13:15.000,2,819.0,721.0,986.0,934.0,1313.0,761.0,1477.0,976.0
24195,13:15.500,13:15.500,2,1376.0,726.0,1541.0,943.0,882.0,679.0,1047.0,889.0
24210,13:16.000,13:16.000,2,854.0,676.0,1020.0,891.0,1345.0,724.0,1511.0,939.0
24225,13:16.500,13:16.500,2,866.0,656.0,1031.0,869.0,1360.0,705.0,1523.0,915.0
24240,13:17.000,13:17.000,2,918.0,657.0,1085.0,871.0,1410.0,687.0,1577.0,901.0
24255,13:17.500,13:17.502,2,1341.0,718.0,1506.0,936.0,854.0,703.0,1022.0,916.0
24270,13:18.000,13:18.002,2,851.0,700.0,1019.0,910.0,1343.0,714.0,1507.0,926.0
24285,13:18.500,13:18.502,2,824.0,722.0,993.0,936.0,1318.0,725.0,1481.0,939.0
24300,13:19.000,13:19.002,2,843.0,889.0,1012.0,1107.0,1339.0,870.0,1503.0,1087.0
24315,13:19.500,13:19.502,2,838.0,837.0,1007.0,1055.0,1343.0,825.0,1505.0,1042.0
24330,13:20.000,13:20.002,2,1432.0,765.0,1599.0,983.0,949.0,762.0,1111.0,980.0
24345,13:20.500,13:20.502,2,1419.0,692.0,1587.0,908.0,964.0,691.0,1122.0,901.0
24360,13:21.000,13:21.002,2,1529.0,697.0,1700.0,918.0,1071.0,711.0,1228.0,914.0
24375,13:21.500,13:21.503,2,1524.0,701.0,1692.0,921.0,1042.0,723.0,1194.0,923.0
24391,13:22.000,13:22.028,2,1512.0,692.0,1684.0,910.0,1056.0,724.0,1214.0,928.0
24406,13:22.500,13:22.528,2,1510.0,691.0,1680.0,909.0,1045.0,728.0,1208.0,937.0
24421,13:23.000,13:23.028,2,1480.0,677.0,1646.0,890.0,1009.0,718.0,1171.0,923.0
24436,13:23.500,13:23.528,2,1514.0,888.0,1681.0,1116.0,1041.0,909.0,1204.0,1124.0
24451,13:24.000,13:24.028,2,1481.0,740.0,1646.0,956.0,1002.0,787.0,1163.0,1001.0
24466,13:24.500,13:24.528,2,997.0,799.0,1156.0,1009.0,1473.0,753.0,1638.0,968.0
24481,13:25.000,13:25.028,2,1483.0,746.0,1648.0,960.0,1006.0,788.0,1164.0,1000.0
24496,13:25.500,13:25.530,2,1486.0,744.0,1652.0,958.0,1002.0,791.0,1164.0,996.0
24511,13:26.000,13:26.030,2,1481.0,732.0,1646.0,950.0,1007.0,771.0,1170.0,983.0
24526,13:26.500,13:26.530,2,1000.0,775.0,1163.0,987.0,1479.0,734.0,1646.0,949.0
24541,13:27.000,13:27.030,2,1443.0,767.0,1608.0,986.0,968.0,816.0,1132.0,1028.0
24556,13:27.500,13:27.530,2,1447.0,763.0,1612.0,983.0,977.0,802.0,1140.0,1012.0
24571,13:28.000,13:28.030,2,1433.0,746.0,1600.0,959.0,972.0,786.0,1135.0,997.0
24586,13:28.500,13:28.530,2,971.0,777.0,1133.0,987.0,1427.0,735.0,1594.0,948.0
24601,13:29.000,13:29.030,2,969.0,772.0,1131.0,984.0,1434.0,734.0,1598.0,949.0
24616,13:29.500,13:29.532,2,1434.0,713.0,1601.0,936.0,959.0,759.0,1122.0,967.0
24631,13:30.000,13:30.032,2,1432.0,699.0,1599.0,916.0,950.0,745.0,1115.0,950.0
24646,13:30.500,13:30.532,2,1427.0,692.0,1594.0,907.0,944.0,737.0,1111.0,943.0
24661,13:31.000,13:31.032,2,1426.0,685.0,1593.0,903.0,942.0,738.0,1109.0,941.0
24676,13:31.500,13:31.532,2,1434.0,684.0,1602.0,906.0,945.0,737.0,1112.0,937.0
24691,13:32.000,13:32.032,2,1435.0,677.0,1603.0,899.0,947.0,726.0,1112.0,929.0
24706,13:32.500,13:32.532,2,1432.0,678.0,1597.0,898.0,946.0,723.0,1112.0,927.0
24721,13:33.000,13:33.032,2,1433.0,673.0,1598.0,896.0,948.0,718.0,1113.0,920.0
24735,13:33.500,13:33.500,2,1432.0,675.0,1597.0,895.0,946.0,722.0,1111.0,922.0
24750,13:34.000,13:34.000,2,1430.0,677.0,1596.0,897.0,947.0,724.0,1111.0,926.0
24765,13:34.500,13:34.500,2,1429.0,674.0,1594.0,891.0,946.0,722.0,1111.0,925.0
24780,13:35.000,13:35.000,2,1441.0,672.0,1604.0,894.0,943.0,723.0,1108.0,925.0
24795,13:35.500,13:35.500,2,1433.0,670.0,1598.0,888.0,942.0,716.0,1107.0,924.0
24810,13:36.000,13:36.000,2,1421.0,675.0,1589.0,892.0,941.0,721.0,1106.0,922.0
24825,13:36.500,13:36.500,2,1420.0,677.0,1590.0,898.0,939.0,723.0,1104.0,923.0
24840,13:37.000,13:37.000,2,1420.0,692.0,1588.0,910.0,934.0,733.0,1101.0,939.0
24855,13:37.500,13:37.502,2,935.0,779.0,1100.0,992.0,1425.0,752.0,1596.0,964.0
24870,13:38.000,13:38.002,2,1419.0,699.0,1587.0,912.0,927.0,741.0,1091.0,951.0
24885,13:38.500,13:38.502,2,1447.0,671.0,1614.0,890.0,944.0,721.0,1109.0,927.0
24900,13:39.000,13:39.002,2,1436.0,677.0,1605.0,896.0,941.0,726.0,1107.0,929.0
24915,13:39.500,13:39.502,2,1429.0,698.0,1596.0,919.0,940.0,752.0,1106.0,959.0
24930,13:40.000,13:40.002,2,1409.0,709.0,1574.0,926.0,922.0,760.0,1088.0,966.0
24945,13:40.500,13:40.502,2,1411.0,684.0,1577.0,899.0,922.0,736.0,1089.0,938.0
24960,13:41.000,13:41.002,2,908.0,739.0,1075.0,945.0,1404.0,686.0,1569.0,903.0
24975,13:41.500,13:41.503,2,915.0,732.0,1077.0,938.0,1413.0,691.0,1577.0,906.0
24990,13:42.000,13:42.003,2,966.0,878.0,1130.0,1089.0,1467.0,846.0,1632.0,1065.0
25006,13:42.500,13:42.528,2,1022.0,818.0,1182.0,1028.0,1509.0,794.0,1681.0,1004.0
25021,13:43.000,13:43.028,2,734.0,801.0,907.0,1018.0,1234.0,763.0,1402.0,955.0
25036,13:43.500,13:43.528,2,910.0,774.0,1071.0,981.0,1380.0,750.0,1553.0,965.0
25051,13:44.000,13:44.028,2,1341.0,698.0,1513.0,910.0,865.0,728.0,1031.0,938.0
25066,13:44.500,13:44.528,2,1387.0,679.0,1561.0,902.0,909.0,715.0,1073.0,919.0
25081,13:45.000,13:45.030,2,820.0,695.0,990.0,905.0,1308.0,648.0,1479.0,864.0
25096,13:45.500,13:45.530,2,1292.0,660.0,1468.0,879.0,818.0,713.0,989.0,925.0
25111,13:46.000,13:46.030,2,1329.0,694.0,1503.0,912.0,852.0,741.0,1021.0,955.0
25126,13:46.500,13:46.530,2,844.0,765.0,1013.0,974.0,1331.0,724.0,1495.0,943.0
25141,13:47.000,13:47.030,2,778.0,720.0,947.0,932.0,1284.0,715.0,1443.0,932.0
25156,13:47.500,13:47.530,2,1282.0,785.0,1452.0,1008.0,806.0,663.0,974.0,883.0
25171,13:48.000,13:48.030,2,1281.0,817.0,1456.0,1040.0,826.0,653.0,993.0,860.0
25186,13:48.500,13:48.530,2,900.0,771.0,1062.0,985.0,1379.0,863.0,1541.0,1079.0
25201,13:49.000,13:49.032,2,1466.0,762.0,1644.0,982.0,993.0,858.0,1160.0,1070.0
25216,13:49.500,13:49.532,2,1552.0,802.0,1744.0,1024.0,1089.0,959.0,1268.0,1175.0
25231,13:50.000,13:50.082,2,1403.0,906.0,1575.0,1129.0,914.0,1000.0,1086.0,1213.0
25245,13:50.500,13:50.532,2,1376.0,768.0,1541.0,983.0,879.0,841.0,1050.0,1041.0
25260,13:51.000,13:51.032,2,816.0,820.0,987.0,1024.0,1314.0,757.0,1478.0,971.0
25275,13:51.500,13:51.532,2,1286.0,767.0,1450.0,987.0,785.0,838.0,956.0,1046.0
25290,13:52.000,13:52.032,2,788.0,820.0,960.0,1026.0,1290.0,764.0,1452.0,982.0
25305,13:52.500,13:52.532,2,766.0,781.0,938.0,989.0,1277.0,750.0,1438.0,962.0
25319,13:53.000,13:53.000,2,803.0,742.0,971.0,953.0,1311.0,723.0,1472.0,938.0
25334,13:53.500,13:53.500,2,1363.0,720.0,1525.0,933.0,859.0,742.0,1023.0,943.0
25349,13:54.000,13:54.000,2,1327.0,714.0,1489.0,934.0,813.0,737.0,981.0,945.0
25364,13:54.500,13:54.500,2,796.0,716.0,966.0,920.0,1318.0,694.0,1480.0,906.0
25379,13:55.000,13:55.000,2,772.0,723.0,941.0,935.0,1301.0,703.0,1462.0,914.0
25394,13:55.500,13:55.500,2,1289.0,707.0,1450.0,926.0,760.0,732.0,934.0,937.0
25409,13:56.000,13:56.000,2,1287.0,704.0,1446.0,924.0,757.0,730.0,932.0,936.0
25424,13:56.500,13:56.500,2,754.0,728.0,929.0,933.0,1286.0,702.0,1445.0,917.0
25439,13:57.000,13:57.002,2,1302.0,703.0,1462.0,918.0,771.0,732.0,942.0,935.0
25454,13:57.500,13:57.502,2,767.0,724.0,940.0,929.0,1301.0,698.0,1460.0,908.0
25469,13:58.000,13:58.002,2,768.0,770.0,942.0,973.0,1314.0,739.0,1473.0,951.0
25484,13:58.500,13:58.502,2,773.0,737.0,946.0,943.0,1306.0,705.0,1466.0,917.0
25499,13:59.000,13:59.002,2,784.0,719.0,955.0,925.0,1314.0,693.0,1475.0,908.0
25514,13:59.500,13:59.502,2,1325.0,678.0,1485.0,895.0,790.0,703.0,961.0,908.0
25529,14:00.000,14:00.002,2,1338.0,667.0,1499.0,884.0,786.0,692.0,958.0,897.0
25545,14:00.500,14:00.527,2,1323.0,673.0,1486.0,897.0,779.0,695.0,952.0,896.0
25560,14:01.000,14:01.028,2,1313.0,665.0,1477.0,883.0,776.0,691.0,947.0,891.0
25575,14:01.500,14:01.528,2,1313.0,659.0,1477.0,877.0,777.0,683.0,950.0,888.0
25590,14:02.000,14:02.028,2,814.0,857.0,982.0,1067.0,1340.0,862.0,1508.0,1087.0
25605,14:02.500,14:02.528,2,858.0,652.0,1027.0,855.0,1392.0,645.0,1557.0,864.0
25620,14:03.000,14:03.028,2,808.0,601.0,980.0,815.0,1347.0,597.0,1514.0,817.0
25635,14:03.500,14:03.528,2,812.0,624.0,984.0,833.0,1353.0,617.0,1518.0,833.0
25650,14:04.000,14:04.028,2,1349.0,707.0,1514.0,928.0,812.0,720.0,983.0,930.0
25665,14:04.500,14:04.528,2,775.0,794.0,944.0,1010.0,1298.0,825.0,1459.0,1041.0
25680,14:05.000,14:05.030,2,838.0,767.0,1003.0,978.0,1332.0,807.0,1493.0,1022.0
25695,14:05.500,14:05.530,2,816.0,850.0,985.0,1064.0,1317.0,877.0,1480.0,1096.0
25710,14:06.000,14:06.030,2,1372.0,907.0,1552.0,1122.0,889.0,888.0,1051.0,1094.0
25725,14:06.500,14:06.530,2,1419.0,837.0,1587.0,1061.0,975.0,833.0,1131.0,1045.0
25740,14:07.000,14:07.030,2,1385.0,770.0,1549.0,988.0,934.0,758.0,1091.0,965.0
25755,14:07.500,14:07.530,2,1442.0,899.0,1608.0,1121.0,983.0,845.0,1142.0,1056.0
25770,14:08.000,14:08.030,2,909.0,772.0,1069.0,991.0,1374.0,815.0,1538.0,1030.0
25785,14:08.500,14:08.530,2,964.0,711.0,1124.0,918.0,1436.0,751.0,1603.0,968.0
25800,14:09.000,14:09.032,2,1443.0,725.0,1609.0,947.0,970.0,699.0,1129.0,902.0
25815,14:09.500,14:09.532,2,1466.0,742.0,1636.0,961.0,996.0,710.0,1152.0,914.0
25830,14:10.000,14:10.032,2,1428.0,770.0,1593.0,992.0,957.0,745.0,1115.0,951.0
25845,14:10.500,14:10.532,2,950.0,777.0,1110.0,988.0,1415.0,816.0,1587.0,1027.0
25860,14:11.000,14:11.032,2,1381.0,840.0,1553.0,1053.0,926.0,800.0,1088.0,1011.0
25875,14:11.500,14:11.532,2,1369.0,806.0,1544.0,1020.0,912.0,775.0,1073.0,991.0
25890,14:12.000,14:12.032,2,1372.0,805.0,1543.0,1022.0,906.0,768.0,1066.0,971.0
25905,14:12.500,14:12.532,2,1374.0,771.0,1542.0,989.0,911.0,730.0,1072.0,939.0
25919,14:13.000,14:13.000,2,1374.0,771.0,1544.0,996.0,908.0,730.0,1068.0,938.0
25934,14:13.500,14:13.500,2,1387.0,759.0,1554.0,976.0,916.0,717.0,1075.0,921.0
25949,14:14.000,14:14.000,2,873.0,656.0,1036.0,866.0,1351.0,681.0,1519.0,898.0
25964,14:14.500,14:14.500,2,906.0,620.0,1069.0,829.0,1390.0,633.0,1558.0,848.0
25979,14:15.000,14:15.000,2,1390.0,649.0,1559.0,863.0,909.0,657.0,1071.0,867.0
25994,14:15.500,14:15.500,2,1357.0,661.0,1529.0,880.0,877.0,677.0,1044.0,884.0
26009,14:16.000,14:16.000,2,1372.0,665.0,1541.0,876.0,890.0,679.0,1056.0,885.0
26024,14:16.500,14:16.500,2,1354.0,671.0,1525.0,884.0,882.0,680.0,1046.0,884.0
26039,14:17.000,14:17.002,2,1397.0,709.0,1568.0,925.0,921.0,720.0,1084.0,927.0
26054,14:17.500,14:17.502,2,1453.0,747.0,1626.0,966.0,978.0,754.0,1139.0,968.0
26070,14:18.000,14:18.002,2,1357.0,731.0,1527.0,948.0,874.0,741.0,1040.0,956.0
26085,14:18.500,14:18.502,2,1421.0,702.0,1592.0,923.0,938.0,718.0,1102.0,919.0
26100,14:19.000,14:19.002,2,1338.0,685.0,1506.0,902.0,852.0,696.0,1016.0,903.0
26116,14:19.500,14:19.527,2,838.0,660.0,1002.0,873.0,1328.0,696.0,1490.0,910.0
26130,14:20.000,14:20.010,2,1367.0,768.0,1528.0,986.0,885.0,668.0,1046.0,878.0
26146,14:20.500,14:20.527,2,839.0,710.0,1000.0,920.0,1326.0,776.0,1484.0,995.0
26161,14:21.000,14:21.028,2,1293.0,778.0,1453.0,991.0,793.0,746.0,958.0,956.0
26176,14:21.500,14:21.528,2,1280.0,780.0,1441.0,998.0,780.0,746.0,945.0,956.0
26191,14:22.000,14:22.028,2,771.0,752.0,936.0,965.0,1276.0,768.0,1434.0,976.0
26206,14:22.500,14:22.528,2,1325.0,754.0,1487.0,967.0,802.0,734.0,967.0,943.0
26221,14:23.000,14:23.028,2,799.0,749.0,962.0,956.0,1329.0,765.0,1492.0,974.0
26236,14:23.500,14:23.528,2,1338.0,770.0,1503.0,986.0,808.0,740.0,971.0,960.0
26251,14:24.000,14:24.028,2,1323.0,763.0,1487.0,980.0,806.0,729.0,970.0,953.0
26266,14:24.500,14:24.528,2,1319.0,761.0,1482.0,980.0,799.0,731.0,966.0,939.0
26281,14:25.000,14:25.030,2,1403.0,836.0,1571.0,1057.0,885.0,825.0,1050.0,1033.0
26296,14:25.500,14:25.530,2,1451.0,815.0,1618.0,1037.0,937.0,804.0,1096.0,1013.0
26311,14:26.000,14:26.030,2,1434.0,836.0,1603.0,1056.0,989.0,833.0,1150.0,1030.0
26326,14:26.500,14:26.530,2,1448.0,815.0,1616.0,1033.0,1004.0,812.0,1160.0,1010.0
26341,14:27.000,14:27.030,2,1426.0,813.0,1597.0,1029.0,966.0,815.0,1124.0,1014.0
26356,14:27.500,14:27.530,2,1447.0,805.0,1616.0,1029.0,984.0,798.0,1140.0,1011.0
26371,14:28.000,14:28.030,2,1439.0,808.0,1605.0,1027.0,974.0,802.0,1130.0,1005.0
26386,14:28.500,14:28.530,2,1435.0,801.0,1601.0,1018.0,973.0,797.0,1130.0,1004.0
26401,14:29.000,14:29.032,2,1423.0,791.0,1588.0,1008.0,968.0,790.0,1125.0,994.0
26416,14:29.500,14:29.532,2,1425.0,784.0,1593.0,1004.0,966.0,775.0,1124.0,981.0
26431,14:30.000,14:30.032,2,1428.0,781.0,1593.0,1021.0,973.0,778.0,1128.0,981.0
26446,14:30.500,14:30.532,2,1403.0,822.0,1575.0,1036.0,973.0,811.0,1130.0,1010.0
26461,14:31.000,14:31.032,2,1385.0,842.0,1556.0,1070.0,936.0,844.0,1095.0,1045.0
26476,14:31.500,14:31.532,2,1430.0,876.0,1603.0,1103.0,978.0,885.0,1134.0,1084.0
26491,14:32.000,14:32.032,2,1417.0,860.0,1589.0,1079.0,960.0,874.0,1119.0,1076.0
26506,14:32.500,14:32.532,2,1427.0,811.0,1602.0,1019.0,963.0,827.0,1120.0,1032.0
26520,14:33.000,14:33.000,2,968.0,830.0,1130.0,1033.0,1445.0,803.0,1614.0,1009.0
26535,14:33.500,14:33.500,2,1448.0,850.0,1619.0,1064.0,974.0,897.0,1135.0,1103.0
26550,14:34.000,14:34.025,2,1431.0,874.0,1603.0,1094.0,965.0,917.0,1129.0,1128.0
26565,14:34.500,14:34.500,2,1405.0,877.0,1577.0,1097.0,946.0,919.0,1112.0,1127.0
26580,14:35.000,14:35.000,2,1416.0,907.0,1587.0,1131.0,956.0,938.0,1121.0,1145.0
26595,14:35.500,14:35.500,2,1386.0,904.0,1556.0,1127.0,888.0,954.0,1061.0,1160.0
26610,14:36.000,14:36.000,2,1396.0,920.0,1564.0,1145.0,833.0,992.0,1007.0,1191.0
26625,14:36.500,14:36.500,2,1431.0,894.0,1599.0,1124.0,858.0,964.0,1026.0,1164.0
26640,14:37.000,14:37.002,2,1392.0,933.0,1559.0,1155.0,815.0,1020.0,987.0,1212.0
26655,14:37.500,14:37.502,2,1370.0,895.0,1539.0,1121.0,807.0,976.0,984.0,1169.0
26670,14:38.000,14:38.002,2,819.0,913.0,1008.0,1120.0,1364.0,855.0,1530.0,1074.0
26685,14:38.500,14:38.502,2,1366.0,905.0,1535.0,1129.0,859.0,963.0,1038.0,1175.0
26701,14:39.000,14:39.027,2,1373.0,907.0,1541.0,1130.0,872.0,959.0,1048.0,1174.0
26716,14:39.500,14:39.527,2,1333.0,889.0,1500.0,1113.0,838.0,953.0,1012.0,1169.0
26731,14:40.000,14:40.027,2,816.0,893.0,994.0,1113.0,1307.0,832.0,1475.0,1054.0
26746,14:40.500,14:40.527,2,1433.0,832.0,1606.0,1058.0,955.0,874.0,1123.0,1082.0
26761,14:41.000,14:41.028,2,1399.0,827.0,1567.0,1043.0,916.0,851.0,1084.0,1061.0
26776,14:41.500,14:41.528,2,1377.0,811.0,1546.0,1027.0,894.0,827.0,1060.0,1034.0
26791,14:42.000,14:42.028,2,1394.0,786.0,1562.0,1010.0,910.0,806.0,1076.0,1012.0
26806,14:42.500,14:42.528,2,1472.0,814.0,1645.0,1036.0,1002.0,835.0,1164.0,1042.0
26821,14:43.000,14:43.028,2,1455.0,801.0,1628.0,1021.0,988.0,817.0,1151.0,1023.0
26836,14:43.500,14:43.528,2,1458.0,802.0,1631.0,1023.0,986.0,818.0,1147.0,1032.0
26851,14:44.000,14:44.028,2,1418.0,797.0,1589.0,1020.0,942.0,827.0,1106.0,1034.0
26866,14:44.500,14:44.528,2,1306.0,790.0,1475.0,1010.0,824.0,842.0,994.0,1049.0
26881,14:45.000,14:45.030,2,1360.0,799.0,1530.0,1016.0,874.0,843.0,1043.0,1046.0
26896,14:45.500,14:45.530,2,1347.0,777.0,1517.0,997.0,862.0,827.0,1030.0,1033.0
26911,14:46.000,14:46.030,2,1341.0,765.0,1512.0,983.0,856.0,816.0,1024.0,1020.0
26926,14:46.500,14:46.530,2,1358.0,747.0,1528.0,962.0,871.0,794.0,1041.0,998.0
26941,14:47.000,14:47.030,2,896.0,760.0,1066.0,971.0,1376.0,706.0,1545.0,927.0
26956,14:47.500,14:47.530,2,1364.0,696.0,1532.0,909.0,877.0,735.0,1049.0,940.0
26971,14:48.000,14:48.030,2,1366.0,700.0,1533.0,914.0,878.0,740.0,1049.0,945.0
26986,14:48.500,14:48.530,2,1352.0,738.0,1515.0,953.0,868.0,767.0,1038.0,973.0
27001,14:49.000,14:49.032,2,1328.0,702.0,1493.0,923.0,844.0,733.0,1014.0,936.0
27016,14:49.500,14:49.532,2,1323.0,663.0,1486.0,884.0,835.0,690.0,1005.0,898.0
27031,14:50.000,14:50.032,2,1326.0,648.0,1487.0,864.0,833.0,670.0,1004.0,884.0
27046,14:50.500,14:50.532,2,1325.0,647.0,1486.0,864.0,838.0,671.0,1009.0,887.0
27061,14:51.000,14:51.032,2,838.0,655.0,1007.0,867.0,1327.0,637.0,1488.0,853.0
27076,14:51.500,14:51.532,2,837.0,648.0,1008.0,856.0,1328.0,628.0,1490.0,853.0
27091,14:52.000,14:52.032,2,839.0,645.0,1010.0,852.0,1330.0,628.0,1492.0,844.0
27106,14:52.500,14:52.532,2,1340.0,624.0,1503.0,845.0,850.0,642.0,1018.0,847.0
27120,14:53.000,14:53.000,2,1337.0,621.0,1500.0,838.0,847.0,640.0,1015.0,846.0
27135,14:53.500,14:53.500,2,844.0,641.0,1013.0,849.0,1334.0,625.0,1497.0,846.0
27150,14:54.000,14:54.000,2,837.0,640.0,1009.0,856.0,1331.0,625.0,1494.0,844.0
27165,14:54.500,14:54.500,2,839.0,649.0,1010.0,859.0,1331.0,635.0,1493.0,849.0
27180,14:55.000,14:55.000,2,1346.0,684.0,1512.0,902.0,856.0,711.0,1025.0,917.0
27195,14:55.500,14:55.500,2,1351.0,682.0,1515.0,896.0,859.0,704.0,1026.0,909.0
27210,14:56.000,14:56.000,2,1373.0,670.0,1537.0,891.0,878.0,695.0,1044.0,894.0
27225,14:56.500,14:56.500,2,1407.0,676.0,1574.0,895.0,914.0,695.0,1079.0,899.0
27240,14:57.000,14:57.002,2,1440.0,766.0,1608.0,986.0,945.0,787.0,1113.0,994.0
27255,14:57.500,14:57.502,2,1516.0,788.0,1687.0,1012.0,1026.0,809.0,1185.0,1011.0
27270,14:58.000,14:58.002,2,898.0,764.0,1061.0,966.0,1386.0,752.0,1548.0,964.0
27286,14:58.500,14:58.527,2,1389.0,742.0,1555.0,952.0,902.0,752.0,1064.0,956.0
27301,14:59.000,14:59.027,2,1368.0,836.0,1540.0,1043.0,894.0,837.0,1057.0,1042.0
27316,14:59.500,14:59.527,2,1414.0,910.0,1585.0,1132.0,949.0,884.0,1108.0,1088.0
27331,15:00.000,15:00.027,2,842.0,889.0,1005.0,1104.0,1313.0,900.0,1483.0,1127.0
27346,15:00.500,15:00.527,2,1362.0,842.0,1529.0,1060.0,900.0,788.0,1060.0,997.0
27359,15:01.000,15:01.003,2,1407.0,818.0,1576.0,1043.0,957.0,737.0,1114.0,951.0
27375,15:01.500,15:01.528,2,1401.0,745.0,1573.0,956.0,941.0,697.0,1099.0,901.0
27390,15:02.000,15:02.028,2,1435.0,732.0,1610.0,945.0,976.0,684.0,1134.0,892.0
27405,15:02.500,15:02.528,2,1433.0,730.0,1603.0,944.0,977.0,685.0,1135.0,885.0
27420,15:03.000,15:03.028,2,1442.0,728.0,1613.0,945.0,997.0,676.0,1153.0,873.0
27435,15:03.500,15:03.528,2,1440.0,724.0,1607.0,942.0,988.0,668.0,1142.0,864.0
27450,15:04.000,15:04.028,2,1384.0,709.0,1553.0,922.0,919.0,663.0,1076.0,859.0
27465,15:04.500,15:04.530,2,953.0,658.0,1111.0,864.0,1417.0,705.0,1589.0,922.0
27480,15:05.000,15:05.030,2,962.0,653.0,1120.0,865.0,1425.0,699.0,1595.0,913.0
27495,15:05.500,15:05.530,2,1437.0,711.0,1609.0,931.0,972.0,679.0,1127.0,881.0
27510,15:06.000,15:06.030,2,1452.0,709.0,1623.0,936.0,961.0,673.0,1118.0,886.0
27525,15:06.500,15:06.530,2,1448.0,707.0,1619.0,925.0,968.0,665.0,1124.0,876.0
27540,15:07.000,15:07.030,2,1440.0,762.0,1609.0,983.0,965.0,719.0,1121.0,926.0
27555,15:07.500,15:07.530,2,958.0,714.0,1117.0,926.0,1429.0,755.0,1598.0,973.0
27570,15:08.000,15:08.030,2,1381.0,824.0,1545.0,1049.0,915.0,801.0,1076.0,1006.0
27585,15:08.500,15:08.532,2,1415.0,817.0,1579.0,1035.0,955.0,777.0,1113.0,987.0
27600,15:09.000,15:09.032,2,955.0,769.0,1114.0,983.0,1412.0,806.0,1577.0,1031.0
27615,15:09.500,15:09.532,2,1460.0,858.0,1629.0,1077.0,1004.0,831.0,1162.0,1038.0
27630,15:10.000,15:10.032,2,1576.0,961.0,1753.0,1192.0,1115.0,969.0,1272.0,1180.0
27645,15:10.500,15:10.532,2,1530.0,941.0,1705.0,1172.0,1065.0,968.0,1221.0,1178.0
27660,15:11.000,15:11.032,2,1523.0,889.0,1696.0,1119.0,1055.0,923.0,1211.0,1129.0
27675,15:11.500,15:11.532,2,1478.0,883.0,1644.0,1103.0,1002.0,927.0,1160.0,1129.0
27690,15:12.000,15:12.032,2,1476.0,858.0,1641.0,1076.0,1004.0,896.0,1163.0,1100.0
27704,15:12.500,15:12.500,2,1474.0,853.0,1640.0,1068.0,1012.0,887.0,1170.0,1084.0
27719,15:13.000,15:13.000,2,1463.0,823.0,1631.0,1036.0,1008.0,841.0,1166.0,1046.0
27734,15:13.500,15:13.500,2,1467.0,792.0,1635.0,1011.0,1005.0,814.0,1163.0,1009.0
27749,15:14.000,15:14.000,2,1468.0,784.0,1636.0,1007.0,1008.0,806.0,1165.0,1004.0
27764,15:14.500,15:14.500,2,1473.0,781.0,1641.0,1005.0,1012.0,799.0,1169.0,1004.0
27779,15:15.000,15:15.000,2,1495.0,804.0,1664.0,1025.0,1036.0,817.0,1193.0,1015.0
27794,15:15.500,15:15.500,2,1483.0,800.0,1652.0,1018.0,1029.0,813.0,1186.0,1014.0
27809,15:16.000,15:16.000,2,1487.0,790.0,1657.0,1016.0,1034.0,799.0,1192.0,999.0
27824,15:16.500,15:16.500,2,1491.0,780.0,1660.0,1004.0,1035.0,788.0,1192.0,987.0
27839,15:17.000,15:17.002,2,1478.0,788.0,1646.0,1008.0,1020.0,802.0,1179.0,1006.0
27854,15:17.500,15:17.502,2,1475.0,812.0,1644.0,1031.0,1013.0,823.0,1173.0,1021.0
27869,15:18.000,15:18.002,2,1482.0,793.0,1650.0,1012.0,1019.0,807.0,1178.0,1009.0
27885,15:18.500,15:18.527,2,1449.0,801.0,1619.0,1020.0,988.0,810.0,1148.0,1020.0
27900,15:19.000,15:19.027,2,1443.0,846.0,1613.0,1066.0,980.0,844.0,1137.0,1045.0
27915,15:19.500,15:19.527,2,1435.0,903.0,1604.0,1127.0,974.0,896.0,1133.0,1106.0
27930,15:20.000,15:20.027,2,1434.0,781.0,1602.0,1001.0,972.0,771.0,1132.0,975.0
27945,15:20.500,15:20.528,2,1437.0,768.0,1604.0,987.0,976.0,760.0,1134.0,963.0
27960,15:21.000,15:21.028,2,1451.0,786.0,1618.0,1005.0,988.0,781.0,1145.0,984.0
27975,15:21.500,15:21.528,2,1433.0,814.0,1601.0,1032.0,973.0,793.0,1131.0,1010.0
27990,15:22.000,15:22.028,2,1420.0,851.0,1586.0,1070.0,955.0,828.0,1115.0,1032.0
28005,15:22.500,15:22.528,2,893.0,934.0,1057.0,1148.0,1357.0,991.0,1523.0,1217.0
28020,15:23.000,15:23.028,2,1376.0,904.0,1540.0,1127.0,917.0,864.0,1077.0,1072.0
28035,15:23.500,15:23.528,2,1331.0,898.0,1494.0,1117.0,873.0,885.0,1032.0,1090.0
28050,15:24.000,15:24.028,2,1348.0,877.0,1513.0,1095.0,884.0,848.0,1045.0,1055.0
28065,15:24.500,15:24.530,2,1340.0,842.0,1504.0,1060.0,869.0,819.0,1031.0,1026.0
28080,15:25.000,15:25.030,2,1349.0,858.0,1513.0,1073.0,879.0,821.0,1041.0,1033.0
28095,15:25.500,15:25.530,2,1339.0,836.0,1503.0,1054.0,870.0,790.0,1031.0,999.0
28110,15:26.000,15:26.022,2,1380.0,822.0,1543.0,1041.0,911.0,775.0,1071.0,984.0
28125,15:26.500,15:26.530,2,872.0,714.0,1035.0,924.0,1346.0,764.0,1510.0,976.0
28140,15:27.000,15:27.030,2,1365.0,731.0,1529.0,948.0,889.0,672.0,1051.0,878.0
28155,15:27.500,15:27.530,2,1370.0,723.0,1534.0,939.0,894.0,665.0,1057.0,872.0
28170,15:28.000,15:28.030,2,897.0,658.0,1058.0,864.0,1372.0,714.0,1541.0,927.0
28185,15:28.500,15:28.532,2,1376.0,707.0,1543.0,922.0,904.0,651.0,1066.0,853.0
28200,15:29.000,15:29.032,2,1386.0,778.0,1553.0,996.0,913.0,718.0,1073.0,923.0
28215,15:29.500,15:29.532,2,1352.0,779.0,1517.0,1001.0,878.0,716.0,1040.0,921.0
28230,15:30.000,15:30.032,2,1336.0,784.0,1499.0,1000.0,860.0,728.0,1021.0,929.0
28245,15:30.500,15:30.532,2,844.0,721.0,1006.0,926.0,1322.0,780.0,1483.0,995.0
28260,15:31.000,15:31.032,2,819.0,716.0,983.0,920.0,1302.0,766.0,1464.0,982.0
28275,15:31.500,15:31.532,2,1321.0,761.0,1485.0,977.0,844.0,692.0,1005.0,894.0
28290,15:32.000,15:32.032,2,1355.0,761.0,1517.0,974.0,877.0,681.0,1038.0,885.0
28304,15:32.500,15:32.500,2,1369.0,703.0,1535.0,922.0,892.0,626.0,1053.0,827.0
28319,15:33.000,15:33.000,2,884.0,643.0,1045.0,849.0,1351.0,752.0,1519.0,975.0
28334,15:33.500,15:33.500,2,892.0,657.0,1054.0,871.0,1367.0,756.0,1531.0,972.0
28349,15:34.000,15:34.000,2,1363.0,725.0,1526.0,942.0,885.0,644.0,1046.0,846.0
28364,15:34.500,15:34.500,2,1343.0,694.0,1508.0,909.0,863.0,623.0,1026.0,826.0
28379,15:35.000,15:35.000,2,1343.0,704.0,1509.0,919.0,864.0,624.0,1027.0,829.0
28394,15:35.500,15:35.500,2,1278.0,675.0,1443.0,896.0,797.0,567.0,964.0,786.0
28409,15:36.000,15:36.000,2,1302.0,662.0,1465.0,889.0,819.0,555.0,983.0,776.0
28424,15:36.500,15:36.502,2,843.0,546.0,1007.0,767.0,1324.0,651.0,1498.0,873.0
28439,15:37.000,15:37.002,2,1410.0,829.0,1586.0,1056.0,934.0,736.0,1095.0,947.0
28454,15:37.500,15:37.502,2,1396.0,783.0,1570.0,1007.0,918.0,695.0,1080.0,909.0
28469,15:38.000,15:38.002,2,1484.0,759.0,1668.0,987.0,1012.0,663.0,1172.0,876.0
28485,15:38.500,15:38.527,2,1025.0,588.0,1185.0,805.0,1501.0,685.0,1683.0,911.0
28500,15:39.000,15:39.027,2,1441.0,664.0,1616.0,895.0,969.0,570.0,1127.0,786.0
28515,15:39.500,15:39.527,2,1439.0,709.0,1614.0,932.0,975.0,633.0,1135.0,835.0
28530,15:40.000,15:40.027,2,1385.0,723.0,1557.0,944.0,925.0,642.0,1084.0,850.0
28545,15:40.500,15:40.528,2,1381.0,753.0,1550.0,978.0,913.0,695.0,1074.0,899.0
28560,15:41.000,15:41.028,2,1324.0,795.0,1492.0,1014.0,851.0,734.0,1015.0,944.0
28575,15:41.500,15:41.528,2,1361.0,800.0,1527.0,1019.0,888.0,738.0,1052.0,943.0
28590,15:42.000,15:42.028,2,1302.0,772.0,1468.0,993.0,830.0,693.0,996.0,903.0
28605,15:42.500,15:42.528,2,1362.0,711.0,1533.0,935.0,896.0,617.0,1059.0,826.0
28620,15:43.000,15:43.028,2,1300.0,676.0,1468.0,891.0,833.0,562.0,997.0,786.0
28635,15:43.500,15:43.528,2,1297.0,676.0,1462.0,900.0,838.0,566.0,1001.0,787.0
28650,15:44.000,15:44.028,2,1285.0,671.0,1454.0,902.0,832.0,561.0,996.0,786.0
28665,15:44.500,15:44.530,2,1276.0,671.0,1442.0,894.0,822.0,550.0,988.0,772.0
28680,15:45.000,15:45.030,2,1266.0,668.0,1427.0,889.0,818.0,550.0,983.0,775.0
28695,15:45.500,15:45.530,2,1333.0,689.0,1501.0,923.0,895.0,576.0,1059.0,794.0
28710,15:46.000,15:46.030,2,1366.0,695.0,1533.0,915.0,926.0,579.0,1087.0,796.0
28725,15:46.500,15:46.530,2,1365.0,703.0,1527.0,920.0,930.0,610.0,1090.0,820.0
28740,15:47.000,15:47.030,2,1380.0,698.0,1543.0,914.0,938.0,612.0,1098.0,825.0
28755,15:47.500,15:47.530,2,1381.0,754.0,1545.0,974.0,932.0,672.0,1093.0,888.0
28770,15:48.000,15:48.030,2,1340.0,737.0,1508.0,954.0,887.0,653.0,1050.0,865.0
28785,15:48.500,15:48.532,2,863.0,652.0,1027.0,866.0,1319.0,743.0,1482.0,961.0
28800,15:49.000,15:49.032,2,874.0,658.0,1038.0,873.0,1328.0,746.0,1494.0,965.0
28815,15:49.500,15:49.532,2,1319.0,769.0,1482.0,985.0,864.0,680.0,1028.0,893.0
28830,15:50.000,15:50.032,2,853.0,673.0,1017.0,888.0,1308.0,766.0,1472.0,983.0
28845,15:50.500,15:50.532,2,1327.0,784.0,1490.0,1003.0,867.0,696.0,1030.0,905.0
28860,15:51.000,15:51.032,2,828.0,661.0,992.0,879.0,1291.0,746.0,1454.0,964.0
28875,15:51.500,15:51.532,2,1335.0,764.0,1501.0,980.0,876.0,676.0,1038.0,886.0
28890,15:52.000,15:52.032,2,1314.0,762.0,1479.0,979.0,854.0,677.0,1018.0,889.0
28904,15:52.500,15:52.500,2,873.0,654.0,1036.0,868.0,1333.0,747.0,1499.0,966.0
28919,15:53.000,15:53.000,2,838.0,697.0,1002.0,920.0,1293.0,804.0,1457.0,1027.0
28934,15:53.500,15:53.500,2,1275.0,733.0,1439.0,955.0,824.0,628.0,987.0,849.0
28949,15:54.000,15:54.000,2,831.0,644.0,995.0,861.0,1283.0,745.0,1448.0,964.0
28964,15:54.500,15:54.500,2,704.0,642.0,873.0,861.0,1174.0,690.0,1333.0,918.0
28979,15:55.000,15:55.000,2,1234.0,674.0,1395.0,889.0,774.0,629.0,936.0,836.0
28994,15:55.500,15:55.500,2,1383.0,710.0,1547.0,929.0,928.0,686.0,1086.0,885.0
29009,15:56.000,15:56.000,2,1363.0,689.0,1527.0,907.0,905.0,660.0,1064.0,865.0
29024,15:56.500,15:56.502,2,827.0,657.0,990.0,867.0,1296.0,682.0,1457.0,900.0
29039,15:57.000,15:57.002,2,1275.0,643.0,1438.0,860.0,799.0,633.0,961.0,842.0
29055,15:57.500,15:57.527,2,692.0,670.0,861.0,884.0,1178.0,687.0,1336.0,901.0
29070,15:58.000,15:58.027,2,1194.0,704.0,1355.0,917.0,733.0,647.0,899.0,862.0
29085,15:58.500,15:58.527,2,714.0,638.0,881.0,850.0,1178.0,698.0,1338.0,913.0
29100,15:59.000,15:59.027,2,1203.0,708.0,1363.0,926.0,748.0,646.0,912.0,858.0
29115,15:59.500,15:59.527,2,765.0,626.0,929.0,837.0,1215.0,703.0,1375.0,919.0
29130,16:00.000,16:00.027,2,774.0,619.0,936.0,829.0,1225.0,703.0,1385.0,914.0
29145,16:00.500,16:00.528,2,1229.0,700.0,1389.0,919.0,775.0,619.0,936.0,828.0
29160,16:01.000,16:01.028,2,1233.0,704.0,1394.0,921.0,780.0,624.0,943.0,843.0
29175,16:01.500,16:01.528,2,763.0,667.0,929.0,882.0,1222.0,751.0,1387.0,967.0
29190,16:02.000,16:02.028,2,784.0,675.0,949.0,890.0,1233.0,790.0,1397.0,1012.0
29205,16:02.500,16:02.528,2,1186.0,845.0,1348.0,1065.0,718.0,745.0,884.0,961.0
29220,16:03.000,16:03.028,2,1164.0,846.0,1329.0,1069.0,702.0,733.0,870.0,957.0
29235,16:03.500,16:03.528,2,1170.0,829.0,1334.0,1053.0,704.0,716.0,871.0,934.0
29250,16:04.000,16:04.028,2,690.0,715.0,858.0,940.0,1159.0,828.0,1320.0,1037.0
29265,16:04.500,16:04.530,2,699.0,712.0,866.0,928.0,1174.0,818.0,1340.0,1032.0
29280,16:05.000,16:05.030,2,1170.0,794.0,1336.0,1012.0,700.0,684.0,866.0,907.0
29295,16:05.500,16:05.530,2,1198.0,801.0,1363.0,1021.0,727.0,692.0,892.0,907.0
29310,16:06.000,16:06.030,2,752.0,703.0,917.0,920.0,1213.0,808.0,1380.0,1027.0
29325,16:06.500,16:06.530,2,1212.0,792.0,1374.0,1018.0,739.0,687.0,905.0,900.0
29340,16:07.000,16:07.030,2,1212.0,780.0,1373.0,992.0,742.0,669.0,905.0,873.0
29355,16:07.500,16:07.530,2,749.0,708.0,909.0,908.0,1235.0,811.0,1391.0,1013.0
29370,16:08.000,16:08.030,2,1257.0,804.0,1413.0,1026.0,732.0,699.0,892.0,896.0
29385,16:08.500,16:08.532,2,631.0,690.0,808.0,932.0,1252.0,783.0,1409.0,1005.0
29400,16:09.000,16:09.032,2,642.0,686.0,820.0,930.0,1246.0,771.0,1406.0,994.0
29415,16:09.500,16:09.532,2,787.0,660.0,959.0,888.0,1242.0,757.0,1403.0,974.0
29430,16:10.000,16:10.032,2,821.0,658.0,989.0,871.0,1245.0,761.0,1406.0,978.0
29445,16:10.500,16:10.532,2,750.0,717.0,920.0,934.0,1203.0,834.0,1365.0,1054.0
29460,16:11.000,16:11.032,2,758.0,841.0,924.0,1064.0,1237.0,979.0,1404.0,1207.0
29475,16:11.500,16:11.532,2,747.0,784.0,914.0,1005.0,1235.0,918.0,1399.0,1142.0
29490,16:12.000,16:12.032,2,722.0,811.0,887.0,1025.0,1213.0,929.0,1377.0,1149.0
29504,16:12.500,16:12.500,2,722.0,835.0,886.0,1051.0,1217.0,950.0,1381.0,1164.0
29519,16:13.000,16:13.000,2,1192.0,920.0,1355.0,1137.0,718.0,806.0,880.0,1016.0
29534,16:13.500,16:13.500,2,681.0,741.0,847.0,957.0,1170.0,859.0,1331.0,1076.0
29549,16:14.000,16:14.000,2,700.0,713.0,864.0,925.0,1187.0,830.0,1347.0,1046.0
29564,16:14.500,16:14.500,2,708.0,717.0,870.0,926.0,1188.0,831.0,1348.0,1047.0
29579,16:15.000,16:15.000,2,1191.0,817.0,1352.0,1032.0,707.0,704.0,871.0,910.0
29594,16:15.500,16:15.500,2,724.0,719.0,885.0,927.0,1207.0,826.0,1368.0,1045.0
29609,16:16.000,16:16.000,2,1202.0,808.0,1361.0,1027.0,711.0,692.0,873.0,896.0
29624,16:16.500,16:16.502,2,718.0,672.0,879.0,877.0,1208.0,798.0,1370.0,1018.0
29640,16:17.000,16:17.027,2,706.0,648.0,869.0,857.0,1199.0,784.0,1362.0,1008.0
29655,16:17.500,16:17.527,2,697.0,642.0,860.0,853.0,1195.0,785.0,1357.0,1010.0
29670,16:18.000,16:18.027,2,1230.0,823.0,1395.0,1048.0,730.0,698.0,891.0,901.0
29685,16:18.500,16:18.527,2,1274.0,799.0,1433.0,1013.0,789.0,702.0,947.0,907.0
29700,16:19.000,16:19.027,2,1267.0,771.0,1428.0,984.0,787.0,676.0,944.0,879.0
29715,16:19.500,16:19.527,2,785.0,658.0,944.0,864.0,1264.0,757.0,1424.0,968.0
29730,16:20.000,16:20.027,2,1258.0,935.0,1418.0,1151.0,773.0,849.0,932.0,1053.0
29745,16:20.500,16:20.528,2,777.0,787.0,937.0,989.0,1260.0,869.0,1414.0,1079.0
29760,16:21.000,16:21.028,2,1259.0,802.0,1417.0,1017.0,776.0,725.0,937.0,926.0
29775,16:21.500,16:21.528,2,1251.0,823.0,1410.0,1034.0,769.0,737.0,928.0,940.0
29790,16:22.000,16:22.028,2,1247.0,830.0,1405.0,1047.0,763.0,743.0,924.0,948.0
29805,16:22.500,16:22.528,2,1248.0,826.0,1406.0,1043.0,770.0,737.0,929.0,938.0
29820,16:23.000,16:23.028,2,1249.0,845.0,1408.0,1058.0,774.0,755.0,933.0,957.0
29835,16:23.500,16:23.528,2,786.0,730.0,944.0,931.0,1256.0,820.0,1416.0,1016.0
29850,16:24.000,16:24.028,2,720.0,759.0,882.0,965.0,1197.0,860.0,1357.0,1059.0
29865,16:24.500,16:24.530,2,1177.0,876.0,1360.0,1088.0,739.0,759.0,901.0,970.0
29880,16:25.000,16:25.030,2,1196.0,970.0,1377.0,1194.0,760.0,844.0,921.0,1048.0
29895,16:25.500,16:25.530,2,1214.0,909.0,1376.0,1130.0,757.0,804.0,918.0,1010.0
29910,16:26.000,16:26.030,2,1223.0,879.0,1381.0,1102.0,752.0,770.0,913.0,986.0
29925,16:26.500,16:26.530,2,1222.0,862.0,1384.0,1083.0,759.0,750.0,919.0,962.0
29940,16:27.000,16:27.030,2,1225.0,861.0,1386.0,1078.0,764.0,750.0,923.0,955.0
29955,16:27.500,16:27.530,2,1226.0,886.0,1385.0,1102.0,755.0,775.0,917.0,982.0
29970,16:28.000,16:28.030,2,764.0,767.0,925.0,968.0,1242.0,873.0,1400.0,1088.0
29985,16:28.500,16:28.532,2,1219.0,853.0,1381.0,1071.0,745.0,747.0,908.0,954.0
30000,16:29.000,16:29.032,2,1241.0,860.0,1401.0,1073.0,767.0,754.0,926.0,956.0
30015,16:29.500,16:29.532,2,781.0,712.0,941.0,921.0,1258.0,821.0,1416.0,1035.0
30030,16:30.000,16:30.032,2,1346.0,810.0,1509.0,1025.0,878.0,719.0,1032.0,915.0
30045,16:30.500,16:30.532,2,1276.0,778.0,1435.0,990.0,802.0,682.0,961.0,883.0
30060,16:31.000,16:31.032,2,1247.0,783.0,1406.0,995.0,770.0,692.0,929.0,895.0
30075,16:31.500,16:31.532,2,722.0,606.0,885.0,815.0,1212.0,688.0,1371.0,896.0
30090,16:32.000,16:32.033,2,719.0,590.0,881.0,796.0,1214.0,664.0,1372.0,877.0
30104,16:32.500,16:32.500,2,730.0,616.0,893.0,825.0,1219.0,686.0,1379.0,903.0
30119,16:33.000,16:33.000,2,1248.0,683.0,1408.0,898.0,760.0,619.0,921.0,823.0
30134,16:33.500,16:33.500,2,1242.0,703.0,1403.0,917.0,764.0,647.0,925.0,849.0
30149,16:34.000,16:34.000,2,1249.0,720.0,1408.0,933.0,771.0,664.0,931.0,867.0
30164,16:34.500,16:34.500,2,1250.0,737.0,1409.0,949.0,769.0,678.0,929.0,879.0
30179,16:35.000,16:35.000,2,1262.0,702.0,1422.0,914.0,784.0,648.0,940.0,855.0
30194,16:35.500,16:35.500,2,1268.0,739.0,1428.0,951.0,793.0,686.0,950.0,890.0
30210,16:36.000,16:36.027,2,1271.0,747.0,1430.0,957.0,792.0,693.0,948.0,895.0
30225,16:36.500,16:36.527,2,1282.0,771.0,1440.0,985.0,815.0,726.0,972.0,933.0
30240,16:37.000,16:37.027,2,1301.0,974.0,1462.0,1188.0,857.0,943.0,1015.0,1146.0
30255,16:37.500,16:37.527,2,1309.0,859.0,1469.0,1072.0,885.0,841.0,1042.0,1047.0
30270,16:38.000,16:38.027,2,1284.0,858.0,1444.0,1071.0,869.0,837.0,1025.0,1040.0
30285,16:38.500,16:38.527,2,1281.0,858.0,1439.0,1072.0,868.0,833.0,1028.0,1034.0
30300,16:39.000,16:39.027,2,1231.0,888.0,1393.0,1107.0,831.0,815.0,1002.0,1024.0
30315,16:39.500,16:39.527,2,1226.0,966.0,1394.0,1192.0,838.0,863.0,1015.0,1077.0
30330,16:40.000,16:40.028,2,1230.0,962.0,1398.0,1193.0,845.0,868.0,1024.0,1082.0
30345,16:40.500,16:40.528,2,852.0,848.0,1025.0,1064.0,1245.0,936.0,1408.0,1156.0
30360,16:41.000,16:41.028,2,1262.0,897.0,1424.0,1116.0,862.0,811.0,1037.0,1027.0
30381,16:41.500,16:41.512,2,1235.0,894.0,1399.0,1112.0,835.0,812.0,1010.0,1026.0
30411,16:42.000,16:42.012,2,1230.0,896.0,1394.0,1113.0,830.0,811.0,1008.0,1025.0
30440,16:42.500,16:42.503,2,1233.0,891.0,1398.0,1107.0,839.0,810.0,1012.0,1024.0
30470,16:43.000,16:43.003,2,847.0,805.0,1022.0,1021.0,1240.0,888.0,1402.0,1103.0
30500,16:43.500,16:43.512,2,847.0,797.0,1025.0,1009.0,1241.0,884.0,1404.0,1095.0
30530,16:44.000,16:44.013,2,847.0,790.0,1025.0,1008.0,1242.0,877.0,1405.0,1085.0
30560,16:44.500,16:44.513,2,846.0,781.0,1022.0,1001.0,1243.0,864.0,1404.0,1079.0
30590,16:45.000,16:45.013,2,844.0,788.0,1019.0,1004.0,1239.0,872.0,1402.0,1084.0
30620,16:45.500,16:45.513,2,842.0,775.0,1019.0,989.0,1238.0,857.0,1400.0,1072.0
30638,16:46.000,16:46.030,2,847.0,788.0,1024.0,1003.0,1246.0,867.0,1407.0,1082.0
30653,16:46.500,16:46.530,2,923.0,807.0,1095.0,1014.0,1321.0,873.0,1483.0,1089.0
30668,16:47.000,16:47.030,2,1337.0,831.0,1502.0,1049.0,941.0,777.0,1110.0,986.0
30683,16:47.500,16:47.530,2,1322.0,810.0,1482.0,1025.0,925.0,767.0,1094.0,965.0
30698,16:48.000,16:48.032,2,1323.0,805.0,1482.0,1018.0,930.0,755.0,1098.0,951.0
30713,16:48.500,16:48.532,2,1329.0,808.0,1489.0,1023.0,933.0,754.0,1100.0,947.0
30728,16:49.000,16:49.032,2,1315.0,817.0,1478.0,1031.0,915.0,763.0,1079.0,960.0
30743,16:49.500,16:49.532,2,1299.0,820.0,1460.0,1037.0,895.0,765.0,1056.0,966.0
30758,16:50.000,16:50.032,2,1312.0,840.0,1473.0,1056.0,902.0,783.0,1063.0,994.0
30773,16:50.500,16:50.532,2,1278.0,831.0,1439.0,1046.0,868.0,769.0,1029.0,964.0
30788,16:51.000,16:51.032,2,1261.0,811.0,1421.0,1026.0,849.0,745.0,1011.0,944.0
30803,16:51.500,16:51.532,2,831.0,765.0,992.0,968.0,1244.0,807.0,1402.0,1021.0
30818,16:52.000,16:52.033,2,1245.0,791.0,1403.0,1004.0,842.0,755.0,1002.0,958.0
30832,16:52.500,16:52.500,2,1245.0,779.0,1404.0,991.0,845.0,748.0,1008.0,950.0
30847,16:53.000,16:53.000,2,1251.0,769.0,1410.0,982.0,853.0,737.0,1015.0,937.0
30862,16:53.500,16:53.500,2,1251.0,759.0,1410.0,968.0,854.0,730.0,1012.0,926.0
30877,16:54.000,16:54.000,2,1253.0,727.0,1410.0,940.0,856.0,702.0,1019.0,901.0
30892,16:54.500,16:54.500,2,1250.0,709.0,1409.0,922.0,855.0,690.0,1021.0,894.0
30907,16:55.000,16:55.000,2,855.0,683.0,1021.0,891.0,1246.0,702.0,1406.0,910.0
30922,16:55.500,16:55.500,2,852.0,684.0,1018.0,892.0,1242.0,701.0,1401.0,910.0
30938,16:56.000,16:56.027,2,852.0,689.0,1018.0,895.0,1245.0,701.0,1404.0,916.0
30953,16:56.500,16:56.527,2,844.0,685.0,1007.0,892.0,1238.0,693.0,1395.0,905.0
30968,16:57.000,16:57.027,2,843.0,680.0,1008.0,890.0,1239.0,687.0,1396.0,900.0
30983,16:57.500,16:57.527,2,841.0,677.0,1005.0,885.0,1238.0,685.0,1395.0,897.0
30998,16:58.000,16:58.027,2,838.0,675.0,1003.0,882.0,1230.0,680.0,1390.0,894.0
31013,16:58.500,16:58.527,2,839.0,675.0,1003.0,882.0,1230.0,679.0,1390.0,892.0
31028,16:59.000,16:59.027,2,877.0,779.0,1042.0,984.0,1270.0,781.0,1428.0,991.0
31043,16:59.500,16:59.527,2,1271.0,739.0,1430.0,950.0,881.0,747.0,1045.0,948.0
31058,17:00.000,17:00.028,2,1263.0,715.0,1421.0,935.0,873.0,723.0,1038.0,923.0
31073,17:00.500,17:00.528,2,1236.0,729.0,1396.0,941.0,842.0,725.0,1007.0,928.0
31088,17:01.000,17:01.028,2,839.0,732.0,1004.0,939.0,1218.0,727.0,1379.0,934.0
31103,17:01.500,17:01.528,2,834.0,745.0,997.0,952.0,1209.0,739.0,1375.0,937.0
31118,17:02.000,17:02.028,2,1206.0,742.0,1371.0,946.0,833.0,750.0,997.0,958.0
31133,17:02.500,17:02.528,2,839.0,781.0,1003.0,985.0,1210.0,773.0,1375.0,974.0
31148,17:03.000,17:03.028,2,837.0,738.0,1002.0,948.0,1212.0,741.0,1375.0,951.0
31163,17:03.500,17:03.528,2,1203.0,665.0,1364.0,880.0,823.0,665.0,990.0,871.0
31178,17:04.000,17:04.030,2,1325.0,633.0,1486.0,850.0,941.0,628.0,1103.0,837.0
31193,17:04.500,17:04.580,2,1326.0,675.0,1487.0,893.0,935.0,662.0,1102.0,865.0
31207,17:05.000,17:05.030,2,1304.0,705.0,1464.0,923.0,904.0,689.0,1068.0,897.0
31222,17:05.500,17:05.530,2,1301.0,725.0,1462.0,943.0,892.0,701.0,1058.0,907.0
31237,17:06.000,17:06.030,2,1270.0,726.0,1428.0,942.0,863.0,703.0,1031.0,911.0
31252,17:06.500,17:06.530,2,1259.0,726.0,1417.0,941.0,854.0,703.0,1023.0,913.0
31267,17:07.000,17:07.030,2,1251.0,714.0,1410.0,926.0,853.0,699.0,1022.0,906.0
31282,17:07.500,17:07.530,2,1252.0,719.0,1412.0,935.0,816.0,677.0,978.0,889.0
31297,17:08.000,17:08.032,2,1275.0,789.0,1434.0,1007.0,808.0,746.0,969.0,952.0
31312,17:08.500,17:08.532,2,1284.0,802.0,1444.0,1015.0,833.0,765.0,992.0,970.0
31327,17:09.000,17:09.032,2,1294.0,896.0,1455.0,1113.0,846.0,855.0,1004.0,1065.0
31342,17:09.500,17:09.532,2,1199.0,854.0,1357.0,1068.0,747.0,801.0,910.0,1010.0
31357,17:10.000,17:10.032,2,806.0,684.0,967.0,891.0,1261.0,752.0,1417.0,953.0
31372,17:10.500,17:10.532,2,1256.0,730.0,1415.0,945.0,791.0,654.0,951.0,858.0
31387,17:11.000,17:11.032,2,1254.0,716.0,1415.0,927.0,800.0,643.0,959.0,847.0
31402,17:11.500,17:11.532,2,1246.0,730.0,1405.0,935.0,797.0,654.0,957.0,855.0
31416,17:12.000,17:12.000,2,1246.0,739.0,1405.0,943.0,797.0,655.0,957.0,859.0
31431,17:12.500,17:12.500,2,1255.0,707.0,1412.0,920.0,804.0,633.0,962.0,835.0
31446,17:13.000,17:13.000,2,1255.0,713.0,1413.0,928.0,802.0,642.0,960.0,846.0
31461,17:13.500,17:13.500,2,1261.0,723.0,1419.0,947.0,805.0,650.0,962.0,853.0
31476,17:14.000,17:14.000,2,1261.0,720.0,1419.0,936.0,805.0,651.0,962.0,853.0
31491,17:14.500,17:14.500,2,1261.0,715.0,1418.0,936.0,804.0,641.0,962.0,848.0
31507,17:15.000,17:15.025,2,1264.0,707.0,1423.0,919.0,808.0,641.0,967.0,842.0
31522,17:15.500,17:15.525,2,1269.0,710.0,1428.0,922.0,810.0,646.0,968.0,849.0
31537,17:16.000,17:16.027,2,1289.0,773.0,1451.0,984.0,830.0,719.0,990.0,918.0
31552,17:16.500,17:16.527,2,1289.0,741.0,1450.0,953.0,828.0,691.0,987.0,893.0
31567,17:17.000,17:17.027,2,1286.0,744.0,1448.0,957.0,828.0,691.0,987.0,892.0
31582,17:17.500,17:17.527,2,1275.0,784.0,1434.0,998.0,819.0,726.0,979.0,928.0
31597,17:18.000,17:18.027,2,1283.0,785.0,1441.0,1001.0,826.0,722.0,985.0,924.0
31612,17:18.500,17:18.527,2,1284.0,789.0,1442.0,1001.0,828.0,732.0,987.0,935.0
31627,17:19.000,17:19.027,2,1272.0,791.0,1434.0,989.0,830.0,729.0,988.0,929.0
31642,17:19.500,17:19.527,2,825.0,739.0,985.0,943.0,1273.0,798.0,1435.0,1001.0
31657,17:20.000,17:20.028,2,1247.0,778.0,1409.0,990.0,811.0,716.0,971.0,921.0
31672,17:20.500,17:20.528,2,1252.0,774.0,1417.0,988.0,820.0,706.0,978.0,910.0
31687,17:21.000,17:21.028,2,1254.0,765.0,1418.0,968.0,823.0,698.0,982.0,902.0
31702,17:21.500,17:21.528,2,1256.0,765.0,1420.0,976.0,825.0,698.0,986.0,908.0
31717,17:22.000,17:22.028,2,1388.0,777.0,1566.0,994.0,955.0,794.0,1112.0,991.0
31732,17:22.500,17:22.528,2,1631.0,659.0,1815.0,882.0,1177.0,657.0,1331.0,858.0
31747,17:23.000,17:23.028,2,1518.0,626.0,1692.0,845.0,1059.0,621.0,1215.0,820.0
31762,17:23.500,17:23.528,2,1511.0,617.0,1685.0,837.0,1054.0,600.0,1208.0,800.0
31777,17:24.000,17:24.030,2,1405.0,639.0,1574.0,860.0,951.0,618.0,1104.0,812.0
31792,17:24.500,17:24.530,2,1383.0,655.0,1551.0,874.0,935.0,636.0,1089.0,837.0
31807,17:25.000,17:25.030,2,1387.0,614.0,1554.0,835.0,931.0,603.0,1087.0,800.0
31822,17:25.500,17:25.530,2,1383.0,597.0,1551.0,819.0,932.0,585.0,1088.0,784.0
31837,17:26.000,17:26.030,2,1395.0,600.0,1561.0,820.0,944.0,589.0,1100.0,787.0
31852,17:26.500,17:26.530,2,1415.0,598.0,1583.0,822.0,958.0,585.0,1113.0,783.0
31867,17:27.000,17:27.030,2,1421.0,593.0,1588.0,818.0,957.0,581.0,1113.0,778.0
31882,17:27.500,17:27.530,2,1419.0,596.0,1586.0,819.0,956.0,583.0,1112.0,781.0
31897,17:28.000,17:28.032,2,1388.0,689.0,1552.0,906.0,930.0,662.0,1084.0,860.0
31912,17:28.500,17:28.532,2,1332.0,682.0,1495.0,895.0,875.0,652.0,1029.0,849.0
31927,17:29.000,17:29.032,2,1348.0,654.0,1513.0,868.0,890.0,628.0,1046.0,822.0
31942,17:29.500,17:29.532,2,1380.0,651.0,1544.0,867.0,923.0,632.0,1078.0,829.0
31957,17:30.000,17:30.032,2,1389.0,726.0,1554.0,951.0,931.0,714.0,1086.0,906.0
31972,17:30.500,17:30.532,2,1411.0,869.0,1577.0,1090.0,954.0,858.0,1108.0,1054.0
31987,17:31.000,17:31.032,2,1382.0,826.0,1544.0,1041.0,930.0,812.0,1085.0,1009.0
32002,17:31.500,17:31.532,2,1369.0,788.0,1531.0,1004.0,914.0,769.0,1069.0,965.0
32016,17:32.000,17:32.000,2,1330.0,747.0,1491.0,956.0,875.0,732.0,1032.0,927.0
32031,17:32.500,17:32.500,2,501.0,553.0,681.0,776.0,1005.0,594.0,1164.0,809.0
32046,17:33.000,17:33.000,2,686.0,595.0,852.0,803.0,1162.0,622.0,1320.0,837.0
32061,17:33.500,17:33.500,2,1255.0,717.0,1415.0,930.0,788.0,694.0,948.0,896.0
32077,17:34.000,17:34.025,2,1292.0,740.0,1453.0,952.0,825.0,706.0,985.0,907.0
32092,17:34.500,17:34.525,2,1283.0,716.0,1441.0,930.0,812.0,673.0,971.0,879.0
32107,17:35.000,17:35.025,2,1294.0,696.0,1453.0,911.0,828.0,644.0,988.0,846.0
32122,17:35.500,17:35.525,2,1301.0,679.0,1461.0,892.0,837.0,626.0,994.0,828.0
32137,17:36.000,17:36.027,2,1387.0,760.0,1549.0,976.0,935.0,692.0,1090.0,893.0
32152,17:36.500,17:36.527,2,1338.0,761.0,1500.0,973.0,883.0,700.0,1038.0,895.0
32167,17:37.000,17:37.027,2,1352.0,731.0,1514.0,945.0,901.0,665.0,1056.0,866.0
32182,17:37.500,17:37.527,2,1376.0,753.0,1538.0,965.0,927.0,691.0,1081.0,890.0
32197,17:38.000,17:38.027,2,1354.0,722.0,1515.0,938.0,906.0,662.0,1059.0,872.0
32212,17:38.500,17:38.527,2,1366.0,730.0,1528.0,944.0,913.0,666.0,1065.0,864.0
32227,17:39.000,17:39.027,2,1365.0,735.0,1527.0,949.0,909.0,672.0,1061.0,876.0
32242,17:39.500,17:39.527,2,1389.0,703.0,1552.0,919.0,929.0,646.0,1080.0,847.0
32257,17:40.000,17:40.028,2,1400.0,658.0,1564.0,876.0,938.0,603.0,1089.0,806.0
32272,17:40.500,17:40.528,2,1406.0,651.0,1571.0,868.0,942.0,595.0,1094.0,800.0
32287,17:41.000,17:41.028,2,1396.0,651.0,1559.0,868.0,934.0,598.0,1086.0,801.0
32302,17:41.500,17:41.528,2,1384.0,643.0,1546.0,860.0,926.0,594.0,1077.0,788.0
32317,17:42.000,17:42.028,2,1367.0,639.0,1529.0,852.0,909.0,592.0,1064.0,795.0
32332,17:42.500,17:42.528,2,1362.0,641.0,1525.0,856.0,905.0,593.0,1060.0,795.0
32347,17:43.000,17:43.028,2,1355.0,706.0,1514.0,921.0,899.0,663.0,1054.0,870.0
32362,17:43.500,17:43.528,2,1340.0,680.0,1500.0,895.0,879.0,639.0,1034.0,838.0
32377,17:44.000,17:44.030,2,1330.0,661.0,1490.0,871.0,868.0,613.0,1023.0,817.0
32392,17:44.500,17:44.530,2,1330.0,662.0,1490.0,875.0,864.0,614.0,1020.0,820.0
32407,17:45.000,17:45.030,2,1329.0,656.0,1489.0,869.0,865.0,607.0,1022.0,806.0
32422,17:45.500,17:45.530,2,1334.0,643.0,1496.0,861.0,871.0,591.0,1024.0,790.0
32437,17:46.000,17:46.030,2,1270.0,651.0,1429.0,860.0,802.0,594.0,961.0,802.0
32452,17:46.500,17:46.530,2,1066.0,727.0,1226.0,945.0,566.0,627.0,739.0,841.0
32467,17:47.000,17:47.030,2,1126.0,733.0,1287.0,948.0,623.0,634.0,794.0,848.0
32482,17:47.500,17:47.530,2,626.0,592.0,796.0,807.0,1128.0,681.0,1286.0,895.0
32497,17:48.000,17:48.032,2,677.0,600.0,843.0,812.0,1164.0,669.0,1319.0,882.0
32512,17:48.500,17:48.532,2,662.0,602.0,830.0,818.0,1150.0,672.0,1307.0,883.0
32527,17:49.000,17:49.032,2,772.0,727.0,935.0,935.0,1250.0,765.0,1407.0,972.0
32542,17:49.500,17:49.532,2,1323.0,712.0,1484.0,929.0,852.0,709.0,1012.0,911.0
32557,17:50.000,17:50.032,2,1318.0,703.0,1480.0,919.0,850.0,736.0,1009.0,934.0
32572,17:50.500,17:50.532,2,1321.0,693.0,1484.0,907.0,865.0,732.0,1025.0,931.0
32587,17:51.000,17:51.032,2,1344.0,676.0,1508.0,892.0,880.0,715.0,1039.0,910.0
32602,17:51.500,17:51.532,2,1339.0,702.0,1501.0,909.0,875.0,742.0,1033.0,934.0
32616,17:52.000,17:52.000,2,1329.0,698.0,1492.0,910.0,865.0,751.0,1026.0,945.0
32631,17:52.500,17:52.500,2,846.0,773.0,1009.0,982.0,1302.0,697.0,1466.0,911.0
32646,17:53.000,17:53.000,2,528.0,710.0,712.0,924.0,1012.0,640.0,1175.0,849.0
32661,17:53.500,17:53.500,2,772.0,702.0,941.0,899.0,1219.0,609.0,1383.0,828.0
32677,17:54.000,17:54.025,2,1278.0,561.0,1441.0,788.0,831.0,641.0,995.0,841.0
32692,17:54.500,17:54.525,2,828.0,652.0,992.0,852.0,1277.0,575.0,1441.0,787.0
32707,17:55.000,17:55.025,2,1277.0,593.0,1445.0,806.0,827.0,672.0,992.0,873.0
32722,17:55.500,17:55.525,2,822.0,651.0,988.0,853.0,1275.0,568.0,1442.0,787.0
32737,17:56.000,17:56.027,2,1280.0,538.0,1449.0,766.0,824.0,633.0,989.0,832.0
32752,17:56.500,17:56.527,2,1278.0,542.0,1443.0,759.0,816.0,631.0,982.0,830.0
32767,17:57.000,17:57.027,2,1288.0,532.0,1455.0,750.0,825.0,620.0,993.0,817.0
32782,17:57.500,17:57.527,2,1287.0,515.0,1457.0,731.0,824.0,602.0,992.0,803.0
32797,17:58.000,17:58.027,2,1261.0,506.0,1446.0,727.0,816.0,596.0,988.0,805.0
32812,17:58.500,17:58.527,2,756.0,652.0,931.0,861.0,1213.0,550.0,1387.0,771.0
32827,17:59.000,17:59.027,2,1231.0,532.0,1405.0,765.0,763.0,623.0,936.0,827.0
32842,17:59.500,17:59.527,2,1233.0,528.0,1396.0,747.0,766.0,603.0,938.0,805.0
32857,18:00.000,18:00.028,2,769.0,586.0,940.0,790.0,1235.0,510.0,1399.0,731.0
32872,18:00.500,18:00.528,2,1203.0,503.0,1369.0,724.0,737.0,574.0,909.0,779.0
32887,18:01.000,18:01.028,2,1216.0,466.0,1382.0,690.0,748.0,527.0,923.0,740.0
32902,18:01.500,18:01.528,2,1297.0,412.0,1465.0,641.0,825.0,466.0,996.0,679.0
32917,18:02.000,18:02.028,2,1311.0,403.0,1479.0,632.0,838.0,457.0,1008.0,669.0
32932,18:02.500,18:02.528,2,1315.0,412.0,1484.0,641.0,853.0,462.0,1023.0,675.0
32947,18:03.000,18:03.028,2,1345.0,409.0,1513.0,637.0,868.0,459.0,1036.0,669.0
32962,18:03.500,18:03.530,2,1350.0,413.0,1519.0,642.0,868.0,464.0,1038.0,676.0
32977,18:04.000,18:04.030,2,1359.0,404.0,1527.0,630.0,867.0,461.0,1038.0,671.0
32992,18:04.500,18:04.530,2,1380.0,406.0,1551.0,632.0,910.0,476.0,1074.0,687.0
33007,18:05.000,18:05.030,2,1382.0,404.0,1554.0,633.0,907.0,476.0,1071.0,686.0
33022,18:05.500,18:05.530,2,1380.0,405.0,1551.0,635.0,902.0,476.0,1067.0,687.0
33037,18:06.000,18:06.030,2,1378.0,405.0,1550.0,637.0,898.0,476.0,1065.0,688.0
33052,18:06.500,18:06.530,2,1388.0,422.0,1560.0,650.0,913.0,485.0,1080.0,699.0
33067,18:07.000,18:07.030,2,1361.0,412.0,1538.0,642.0,901.0,467.0,1070.0,687.0
33082,18:07.500,18:07.532,2,1367.0,404.0,1541.0,629.0,902.0,463.0,1071.0,674.0
33097,18:08.000,18:08.032,2,1358.0,400.0,1534.0,636.0,901.0,461.0,1071.0,670.0
33112,18:08.500,18:08.532,2,1359.0,388.0,1536.0,616.0,899.0,451.0,1067.0,663.0
33127,18:09.000,18:09.032,2,1365.0,390.0,1540.0,618.0,895.0,458.0,1065.0,669.0
33142,18:09.500,18:09.532,2,1318.0,469.0,1489.0,692.0,847.0,531.0,1016.0,742.0
33157,18:10.000,18:10.032,2,1284.0,584.0,1457.0,800.0,829.0,631.0,994.0,830.0
33172,18:10.500,18:10.532,2,695.0,663.0,870.0,873.0,1181.0,625.0,1347.0,839.0
33187,18:11.000,18:11.032,2,1261.0,634.0,1425.0,847.0,779.0,687.0,946.0,886.0
33202,18:11.500,18:11.533,2,1319.0,610.0,1487.0,827.0,852.0,681.0,1019.0,881.0
33216,18:12.000,18:12.000,2,1283.0,594.0,1452.0,808.0,824.0,668.0,994.0,871.0
33231,18:12.500,18:12.500,2,1261.0,612.0,1429.0,827.0,803.0,691.0,973.0,892.0
33246,18:13.000,18:13.000,2,1282.0,614.0,1448.0,842.0,825.0,688.0,992.0,886.0
33261,18:13.500,18:13.500,2,1292.0,635.0,1460.0,846.0,834.0,699.0,997.0,891.0
33277,18:14.000,18:14.025,2,1302.0,615.0,1469.0,834.0,843.0,677.0,1007.0,879.0
33292,18:14.500,18:14.525,2,1321.0,573.0,1488.0,792.0,858.0,638.0,1024.0,844.0
33307,18:15.000,18:15.025,2,1283.0,591.0,1451.0,807.0,819.0,657.0,983.0,858.0
33322,18:15.500,18:15.527,2,1267.0,611.0,1431.0,824.0,802.0,659.0,967.0,860.0
33337,18:16.000,18:16.027,2,1285.0,790.0,1447.0,1008.0,824.0,762.0,986.0,967.0
33352,18:16.500,18:16.527,2,1296.0,975.0,1457.0,1196.0,837.0,927.0,995.0,1136.0
33367,18:17.000,18:17.027,2,844.0,903.0,1002.0,1116.0,1305.0,949.0,1466.0,1174.0
33382,18:17.500,18:17.527,2,1324.0,939.0,1486.0,1163.0,864.0,901.0,1021.0,1110.0
33397,18:18.000,18:18.027,2,1313.0,918.0,1479.0,1136.0,865.0,888.0,1021.0,1095.0
33412,18:18.500,18:18.527,2,1320.0,900.0,1489.0,1109.0,880.0,871.0,1037.0,1076.0
33427,18:19.000,18:19.027,2,1323.0,877.0,1494.0,1087.0,883.0,847.0,1040.0,1050.0
33442,18:19.500,18:19.528,2,1321.0,832.0,1488.0,1043.0,880.0,805.0,1037.0,1005.0
33457,18:20.000,18:20.028,2,1325.0,822.0,1490.0,1032.0,881.0,788.0,1037.0,988.0
33472,18:20.500,18:20.528,2,1308.0,800.0,1478.0,1019.0,871.0,768.0,1026.0,970.0
33487,18:21.000,18:21.028,2,1299.0,763.0,1467.0,972.0,860.0,727.0,1017.0,924.0
33502,18:21.500,18:21.528,2,1300.0,763.0,1467.0,971.0,863.0,729.0,1021.0,929.0
33517,18:22.000,18:22.028,2,1301.0,768.0,1468.0,982.0,863.0,754.0,1021.0,956.0
33532,18:22.500,18:22.528,2,1302.0,753.0,1470.0,964.0,866.0,742.0,1022.0,939.0
33547,18:23.000,18:23.028,2,1291.0,710.0,1463.0,924.0,850.0,732.0,1010.0,928.0
33562,18:23.500,18:23.530,2,1278.0,708.0,1447.0,921.0,831.0,722.0,991.0,919.0
33577,18:24.000,18:24.030,2,1264.0,693.0,1431.0,903.0,819.0,710.0,981.0,908.0
33592,18:24.500,18:24.530,2,1264.0,675.0,1427.0,882.0,819.0,692.0,980.0,891.0
33607,18:25.000,18:25.030,2,1265.0,690.0,1430.0,903.0,817.0,717.0,979.0,918.0
33622,18:25.500,18:25.530,2,838.0,771.0,998.0,977.0,1283.0,736.0,1446.0,947.0
33637,18:26.000,18:26.030,2,1261.0,743.0,1424.0,950.0,810.0,776.0,973.0,979.0
33652,18:26.500,18:26.530,2,1314.0,759.0,1479.0,968.0,860.0,781.0,1019.0,983.0
33667,18:27.000,18:27.030,2,1298.0,737.0,1465.0,948.0,844.0,769.0,1004.0,971.0
33682,18:27.500,18:27.532,2,1357.0,692.0,1524.0,916.0,906.0,727.0,1064.0,925.0
33697,18:28.000,18:28.032,2,1385.0,633.0,1553.0,848.0,934.0,662.0,1092.0,864.0
33712,18:28.500,18:28.532,2,1468.0,530.0,1642.0,754.0,1013.0,571.0,1170.0,769.0
33727,18:29.000,18:29.032,2,1413.0,524.0,1585.0,749.0,967.0,574.0,1124.0,781.0
33742,18:29.500,18:29.532,2,1412.0,504.0,1586.0,728.0,964.0,558.0,1123.0,768.0
33757,18:30.000,18:30.032,2,1403.0,500.0,1579.0,725.0,956.0,557.0,1116.0,767.0
33772,18:30.500,18:30.532,2,1409.0,495.0,1583.0,721.0,954.0,553.0,1116.0,761.0
33787,18:31.000,18:31.032,2,1414.0,486.0,1589.0,716.0,948.0,548.0,1112.0,757.0
33801,18:31.500,18:31.500,2,1462.0,616.0,1633.0,834.0,998.0,655.0,1159.0,851.0
33816,18:32.000,18:32.000,2,1436.0,554.0,1609.0,776.0,972.0,612.0,1134.0,809.0
33831,18:32.500,18:32.500,2,1452.0,507.0,1625.0,732.0,987.0,565.0,1150.0,769.0
33846,18:33.000,18:33.000,2,1565.0,448.0,1745.0,678.0,1092.0,499.0,1253.0,703.0
33862,18:33.500,18:33.525,2,1555.0,447.0,1733.0,683.0,1082.0,502.0,1243.0,708.0
33877,18:34.000,18:34.025,2,1561.0,412.0,1742.0,651.0,1090.0,459.0,1254.0,669.0
33892,18:34.500,18:34.525,2,1598.0,385.0,1781.0,622.0,1119.0,431.0,1285.0,645.0
33907,18:35.000,18:35.025,2,1671.0,377.0,1860.0,622.0,1175.0,420.0,1341.0,636.0
33922,18:35.500,18:35.527,2,1673.0,389.0,1860.0,632.0,1172.0,427.0,1337.0,645.0
33937,18:36.000,18:36.027,2,1112.0,444.0,1274.0,658.0,1604.0,404.0,1790.0,666.0
33952,18:36.500,18:36.527,2,932.0,452.0,1100.0,666.0,1421.0,419.0,1591.0,679.0
33967,18:37.000,18:37.027,2,845.0,497.0,1013.0,710.0,1328.0,462.0,1493.0,674.0
33982,18:37.500,18:37.527,2,857.0,488.0,1025.0,706.0,1338.0,464.0,1503.0,676.0
33997,18:38.000,18:38.027,2,1375.0,443.0,1544.0,664.0,895.0,475.0,1059.0,685.0
34012,18:38.500,18:38.527,2,1395.0,472.0,1559.0,687.0,926.0,507.0,1089.0,713.0
34027,18:39.000,18:39.027,2,1437.0,414.0,1606.0,641.0,968.0,454.0,1132.0,668.0
34042,18:39.500,18:39.528,2,1444.0,432.0,1614.0,658.0,984.0,453.0,1139.0,660.0
34057,18:40.000,18:40.028,2,1466.0,425.0,1637.0,662.0,1014.0,453.0,1167.0,661.0
34072,18:40.500,18:40.528,2,1477.0,422.0,1648.0,650.0,1023.0,456.0,1178.0,664.0
34087,18:41.000,18:41.028,2,1482.0,421.0,1653.0,650.0,1025.0,453.0,1178.0,655.0
34102,18:41.500,18:41.528,2,1487.0,427.0,1657.0,658.0,1029.0,455.0,1178.0,651.0
34117,18:42.000,18:42.028,2,1490.0,425.0,1661.0,661.0,1028.0,461.0,1180.0,666.0
34132,18:42.500,18:42.528,2,1490.0,421.0,1663.0,658.0,1025.0,459.0,1179.0,665.0
34147,18:43.000,18:43.028,2,1492.0,417.0,1665.0,650.0,1025.0,474.0,1183.0,680.0
34162,18:43.500,18:43.530,2,1491.0,417.0,1663.0,652.0,1028.0,463.0,1187.0,676.0
34177,18:44.000,18:44.030,2,1504.0,498.0,1676.0,725.0,1035.0,535.0,1192.0,734.0
34192,18:44.500,18:44.530,2,1434.0,531.0,1604.0,756.0,971.0,574.0,1126.0,774.0
34207,18:45.000,18:45.030,2,1455.0,627.0,1622.0,843.0,994.0,654.0,1147.0,849.0
34222,18:45.500,18:45.530,2,1448.0,616.0,1618.0,835.0,989.0,656.0,1142.0,848.0
34237,18:46.000,18:46.030,2,1435.0,611.0,1601.0,827.0,977.0,643.0,1133.0,846.0
34252,18:46.500,18:46.530,2,1462.0,662.0,1633.0,879.0,1004.0,710.0,1163.0,899.0
34267,18:47.000,18:47.030,2,1432.0,648.0,1599.0,865.0,972.0,688.0,1129.0,883.0
34282,18:47.500,18:47.532,2,1418.0,685.0,1585.0,898.0,959.0,717.0,1117.0,913.0
34297,18:48.000,18:48.065,2,1396.0,739.0,1559.0,953.0,937.0,753.0,1093.0,950.0
34311,18:48.500,18:48.532,2,1404.0,741.0,1569.0,954.0,944.0,742.0,1102.0,943.0
34326,18:49.000,18:49.032,2,1401.0,768.0,1566.0,983.0,941.0,742.0,1097.0,941.0
34341,18:49.500,18:49.532,2,1335.0,775.0,1495.0,985.0,884.0,711.0,1040.0,909.0
34356,18:50.000,18:50.032,2,1353.0,798.0,1515.0,1008.0,903.0,738.0,1059.0,946.0
34371,18:50.500,18:50.532,2,1402.0,810.0,1569.0,1026.0,954.0,738.0,1107.0,936.0
34386,18:51.000,18:51.032,2,1322.0,781.0,1484.0,998.0,870.0,707.0,1027.0,905.0
34400,18:51.500,18:51.500,2,1312.0,748.0,1474.0,963.0,853.0,684.0,1013.0,884.0
34415,18:52.000,18:52.000,2,1256.0,738.0,1418.0,952.0,799.0,656.0,961.0,862.0
34430,18:52.500,18:52.500,2,1235.0,731.0,1397.0,944.0,777.0,649.0,937.0,851.0
34446,18:53.000,18:53.025,2,1176.0,718.0,1336.0,935.0,707.0,641.0,872.0,850.0
34461,18:53.500,18:53.525,2,732.0,590.0,897.0,804.0,1200.0,690.0,1361.0,907.0
34476,18:54.000,18:54.025,2,729.0,590.0,894.0,805.0,1193.0,693.0,1355.0,910.0
34491,18:54.500,18:54.525,2,1206.0,702.0,1368.0,917.0,751.0,591.0,916.0,803.0
34506,18:55.000,18:55.025,2,1226.0,692.0,1389.0,908.0,769.0,591.0,932.0,801.0
34521,18:55.500,18:55.527,2,1288.0,678.0,1450.0,900.0,821.0,600.0,980.0,809.0
34536,18:56.000,18:56.027,2,1326.0,663.0,1488.0,881.0,858.0,600.0,1016.0,808.0
34551,18:56.500,18:56.527,2,1363.0,658.0,1528.0,865.0,913.0,603.0,1072.0,808.0
34566,18:57.000,18:57.027,2,1372.0,693.0,1544.0,903.0,942.0,648.0,1099.0,855.0
34581,18:57.500,18:57.527,2,1339.0,678.0,1510.0,889.0,914.0,633.0,1071.0,840.0
34596,18:58.000,18:58.027,2,1242.0,882.0,1411.0,1091.0,820.0,804.0,979.0,1011.0
34611,18:58.500,18:58.527,2,1270.0,826.0,1438.0,1039.0,840.0,768.0,996.0,979.0
34626,18:59.000,18:59.027,2,1186.0,766.0,1353.0,969.0,752.0,721.0,914.0,921.0
34641,18:59.500,18:59.528,2,1212.0,718.0,1384.0,930.0,780.0,690.0,940.0,891.0
34656,19:00.000,19:00.028,2,1211.0,695.0,1379.0,905.0,773.0,671.0,936.0,873.0
34671,19:00.500,19:00.528,2,779.0,665.0,940.0,869.0,1225.0,684.0,1389.0,899.0
34686,19:01.000,19:01.028,2,1247.0,686.0,1408.0,895.0,798.0,668.0,957.0,868.0
34701,19:01.500,19:01.528,2,1262.0,683.0,1423.0,893.0,804.0,663.0,965.0,867.0
34716,19:02.000,19:02.028,2,816.0,669.0,977.0,874.0,1276.0,690.0,1436.0,903.0
34731,19:02.500,19:02.528,2,1319.0,768.0,1483.0,985.0,876.0,748.0,1030.0,948.0
34746,19:03.000,19:03.028,2,1302.0,730.0,1464.0,946.0,861.0,711.0,1016.0,908.0
34761,19:03.500,19:03.530,2,1287.0,704.0,1448.0,914.0,858.0,677.0,1013.0,879.0
34776,19:04.000,19:04.030,2,1286.0,683.0,1449.0,899.0,849.0,661.0,1006.0,864.0
34791,19:04.500,19:04.530,2,1322.0,687.0,1483.0,895.0,882.0,671.0,1039.0,870.0
34806,19:05.000,19:05.030,2,1358.0,687.0,1521.0,897.0,925.0,669.0,1080.0,865.0
34821,19:05.500,19:05.530,2,1382.0,685.0,1549.0,898.0,967.0,665.0,1119.0,865.0
34836,19:06.000,19:06.030,2,1380.0,679.0,1546.0,895.0,958.0,668.0,1113.0,867.0
34851,19:06.500,19:06.530,2,1365.0,715.0,1535.0,925.0,946.0,715.0,1103.0,910.0
34866,19:07.000,19:07.030,2,1310.0,706.0,1477.0,918.0,879.0,707.0,1034.0,905.0
34881,19:07.500,19:07.532,2,1308.0,702.0,1475.0,914.0,879.0,713.0,1035.0,910.0
34896,19:08.000,19:08.032,2,1309.0,697.0,1476.0,910.0,866.0,706.0,1022.0,903.0
34911,19:08.500,19:08.532,2,1324.0,688.0,1486.0,902.0,868.0,706.0,1025.0,902.0
34926,19:09.000,19:09.032,2,1331.0,693.0,1492.0,904.0,869.0,710.0,1026.0,904.0
34941,19:09.500,19:09.532,2,1310.0,696.0,1473.0,908.0,857.0,709.0,1014.0,905.0
34956,19:10.000,19:10.032,2,1311.0,678.0,1473.0,895.0,855.0,697.0,1013.0,894.0
34971,19:10.500,19:10.532,2,1316.0,672.0,1478.0,884.0,854.0,685.0,1013.0,881.0
34986,19:11.000,19:11.032,2,1310.0,681.0,1472.0,901.0,857.0,698.0,1015.0,894.0
35000,19:11.500,19:11.500,2,1309.0,687.0,1469.0,906.0,856.0,700.0,1014.0,896.0
35016,19:12.000,19:12.025,2,1306.0,679.0,1472.0,898.0,858.0,692.0,1018.0,885.0
35031,19:12.500,19:12.525,2,1313.0,669.0,1478.0,881.0,859.0,680.0,1018.0,875.0
35046,19:13.000,19:13.025,2,1324.0,636.0,1490.0,852.0,862.0,647.0,1019.0,843.0
35061,19:13.500,19:13.525,2,1338.0,610.0,1506.0,824.0,869.0,618.0,1029.0,820.0
35076,19:14.000,19:14.025,2,1331.0,605.0,1501.0,821.0,863.0,614.0,1025.0,817.0
35091,19:14.500,19:14.525,2,1329.0,596.0,1496.0,813.0,859.0,613.0,1018.0,814.0
35106,19:15.000,19:15.025,2,1369.0,652.0,1534.0,864.0,931.0,666.0,1089.0,868.0
35121,19:15.500,19:15.527,2,1392.0,661.0,1558.0,872.0,940.0,690.0,1098.0,888.0
35136,19:16.000,19:16.027,2,1274.0,782.0,1434.0,990.0,817.0,783.0,977.0,985.0
35151,19:16.500,19:16.527,2,1409.0,865.0,1577.0,1082.0,953.0,884.0,1109.0,1080.0
35166,19:17.000,19:17.027,2,1165.0,830.0,1343.0,1043.0,719.0,977.0,895.0,1187.0
35181,19:17.500,19:17.527,2,1193.0,730.0,1361.0,949.0,738.0,846.0,910.0,1053.0
35196,19:18.000,19:18.027,2,1265.0,698.0,1426.0,911.0,806.0,802.0,971.0,1016.0
35211,19:18.500,19:18.527,2,1261.0,705.0,1425.0,919.0,811.0,799.0,975.0,1005.0
35226,19:19.000,19:19.027,2,1256.0,764.0,1422.0,978.0,804.0,851.0,970.0,1060.0
35241,19:19.500,19:19.528,2,1290.0,806.0,1454.0,1021.0,831.0,880.0,997.0,1082.0
35256,19:20.000,19:20.028,2,1248.0,770.0,1411.0,985.0,785.0,852.0,950.0,1057.0
35271,19:20.500,19:20.528,2,755.0,834.0,924.0,1030.0,1224.0,761.0,1383.0,974.0
35286,19:21.000,19:21.028,2,1170.0,790.0,1334.0,1008.0,697.0,864.0,869.0,1069.0
35301,19:21.500,19:21.528,2,721.0,775.0,888.0,982.0,1193.0,718.0,1353.0,932.0
35316,19:22.000,19:22.028,2,1262.0,669.0,1424.0,887.0,795.0,734.0,962.0,933.0
35331,19:22.500,19:22.528,2,1235.0,677.0,1396.0,895.0,773.0,752.0,938.0,950.0
35346,19:23.000,19:23.028,2,1260.0,696.0,1423.0,914.0,802.0,778.0,966.0,981.0
35361,19:23.500,19:23.530,2,824.0,764.0,992.0,964.0,1283.0,684.0,1447.0,906.0
35376,19:24.000,19:24.030,2,1271.0,680.0,1435.0,902.0,807.0,759.0,974.0,962.0
35391,19:24.500,19:24.530,2,1263.0,668.0,1427.0,887.0,801.0,752.0,968.0,950.0
35406,19:25.000,19:25.030,2,1255.0,660.0,1420.0,878.0,794.0,752.0,962.0,951.0
35421,19:25.500,19:25.530,2,1249.0,649.0,1414.0,864.0,786.0,747.0,953.0,946.0
35436,19:26.000,19:26.030,2,1242.0,638.0,1408.0,856.0,779.0,733.0,949.0,933.0
35451,19:26.500,19:26.530,2,1251.0,630.0,1417.0,844.0,786.0,727.0,955.0,929.0
35466,19:27.000,19:27.030,2,1260.0,626.0,1425.0,841.0,799.0,721.0,970.0,924.0
35481,19:27.500,19:27.532,2,1262.0,626.0,1427.0,838.0,804.0,717.0,975.0,923.0
35496,19:28.000,19:28.032,2,1264.0,621.0,1430.0,837.0,816.0,722.0,985.0,926.0
35511,19:28.500,19:28.532,2,1254.0,669.0,1422.0,889.0,822.0,769.0,989.0,975.0
35526,19:29.000,19:29.032,2,1241.0,658.0,1412.0,888.0,826.0,767.0,990.0,975.0
35541,19:29.500,19:29.532,2,1254.0,639.0,1422.0,855.0,856.0,741.0,1013.0,950.0
35556,19:30.000,19:30.032,2,1261.0,706.0,1426.0,920.0,869.0,800.0,1028.0,1008.0
35571,19:30.500,19:30.532,2,1182.0,683.0,1348.0,899.0,786.0,781.0,946.0,990.0
35586,19:31.000,19:31.033,2,1246.0,687.0,1413.0,902.0,856.0,792.0,1013.0,1004.0
35600,19:31.500,19:31.500,2,1396.0,709.0,1558.0,925.0,994.0,732.0,1149.0,933.0
35616,19:32.000,19:32.025,2,1377.0,720.0,1540.0,935.0,977.0,725.0,1133.0,926.0
35631,19:32.500,19:32.525,2,1296.0,686.0,1457.0,902.0,893.0,682.0,1051.0,889.0
35646,19:33.000,19:33.025,2,1351.0,680.0,1515.0,897.0,950.0,680.0,1107.0,886.0
35661,19:33.500,19:33.525,2,1338.0,698.0,1501.0,919.0,939.0,706.0,1095.0,907.0
35676,19:34.000,19:34.025,2,1328.0,694.0,1489.0,910.0,939.0,698.0,1095.0,901.0
35691,19:34.500,19:34.525,2,1315.0,740.0,1476.0,956.0,926.0,742.0,1085.0,945.0
35706,19:35.000,19:35.027,2,1321.0,751.0,1482.0,964.0,932.0,749.0,1091.0,956.0
35721,19:35.500,19:35.527,2,1310.0,735.0,1469.0,950.0,919.0,746.0,1076.0,947.0
35736,19:36.000,19:36.027,2,1338.0,732.0,1499.0,944.0,941.0,743.0,1097.0,948.0
35751,19:36.500,19:36.527,2,1346.0,710.0,1508.0,925.0,946.0,726.0,1103.0,929.0
35766,19:37.000,19:37.027,2,1362.0,702.0,1526.0,915.0,969.0,711.0,1121.0,916.0
35781,19:37.500,19:37.527,2,1466.0,719.0,1634.0,940.0,1075.0,727.0,1228.0,924.0
35796,19:38.000,19:38.027,2,1356.0,775.0,1518.0,990.0,964.0,769.0,1119.0,975.0
35811,19:38.500,19:38.527,2,1332.0,794.0,1496.0,1009.0,942.0,782.0,1099.0,992.0
35826,19:39.000,19:39.027,2,1344.0,838.0,1508.0,1055.0,955.0,826.0,1112.0,1033.0
35841,19:39.500,19:39.528,2,1365.0,845.0,1528.0,1062.0,976.0,832.0,1131.0,1037.0
35856,19:40.000,19:40.028,2,1366.0,848.0,1528.0,1063.0,977.0,835.0,1132.0,1042.0
35871,19:40.500,19:40.528,2,1332.0,913.0,1496.0,1134.0,939.0,902.0,1100.0,1117.0
35886,19:41.000,19:41.028,2,1339.0,962.0,1504.0,1186.0,943.0,968.0,1102.0,1178.0
35901,19:41.500,19:41.528,2,1340.0,952.0,1504.0,1174.0,944.0,963.0,1101.0,1169.0
35916,19:42.000,19:42.028,2,1347.0,975.0,1513.0,1194.0,950.0,988.0,1107.0,1196.0
35931,19:42.500,19:42.528,2,1358.0,953.0,1522.0,1175.0,957.0,970.0,1113.0,1181.0
35946,19:43.000,19:43.030,2,1441.0,1118.0,1616.0,1351.0,1029.0,1175.0,1185.0,1393.0
35961,19:43.500,19:43.530,2,1436.0,1033.0,1608.0,1265.0,1030.0,1073.0,1183.0,1289.0
35976,19:44.000,19:44.030,2,1433.0,958.0,1602.0,1182.0,1030.0,995.0,1181.0,1201.0
35991,19:44.500,19:44.530,2,1453.0,886.0,1621.0,1105.0,1047.0,915.0,1202.0,1121.0
36006,19:45.000,19:45.030,2,1454.0,862.0,1622.0,1081.0,1049.0,891.0,1202.0,1093.0
36021,19:45.500,19:45.530,2,1458.0,843.0,1628.0,1063.0,1053.0,878.0,1207.0,1075.0
36036,19:46.000,19:46.030,2,1464.0,831.0,1633.0,1056.0,1058.0,867.0,1212.0,1064.0
36051,19:46.500,19:46.530,2,1471.0,821.0,1639.0,1042.0,1063.0,863.0,1217.0,1061.0
36066,19:47.000,19:47.032,2,1480.0,817.0,1648.0,1030.0,1071.0,854.0,1222.0,1047.0
36081,19:47.500,19:47.532,2,1479.0,798.0,1648.0,1015.0,1066.0,843.0,1220.0,1044.0
36096,19:48.000,19:48.032,2,1476.0,792.0,1644.0,1009.0,1060.0,833.0,1213.0,1026.0
36111,19:48.500,19:48.532,2,1478.0,780.0,1646.0,996.0,1055.0,818.0,1210.0,1014.0
36126,19:49.000,19:49.032,2,1469.0,780.0,1638.0,1005.0,1046.0,817.0,1200.0,1014.0
36141,19:49.500,19:49.532,2,1454.0,775.0,1622.0,990.0,1030.0,812.0,1183.0,1005.0
36156,19:50.000,19:50.032,2,1464.0,768.0,1634.0,985.0,1038.0,805.0,1192.0,1001.0
36171,19:50.500,19:50.532,2,1455.0,772.0,1624.0,985.0,1029.0,811.0,1181.0,1004.0
36185,19:51.000,19:51.000,2,1447.0,781.0,1615.0,995.0,1020.0,824.0,1173.0,1015.0
36201,19:51.500,19:51.525,2,1425.0,820.0,1591.0,1031.0,995.0,851.0,1151.0,1048.0
36216,19:52.000,19:52.025,2,1398.0,808.0,1561.0,1023.0,966.0,847.0,1120.0,1042.0
36231,19:52.500,19:52.525,2,1424.0,766.0,1589.0,983.0,993.0,803.0,1148.0,1001.0
36246,19:53.000,19:53.025,2,1426.0,742.0,1592.0,958.0,995.0,784.0,1150.0,980.0
36261,19:53.500,19:53.525,2,1443.0,740.0,1611.0,960.0,1012.0,774.0,1166.0,967.0
36276,19:54.000,19:54.025,2,1447.0,718.0,1614.0,936.0,1013.0,747.0,1168.0,941.0
36291,19:54.500,19:54.525,2,1445.0,694.0,1614.0,911.0,1020.0,728.0,1177.0,919.0
36306,19:55.000,19:55.027,2,1444.0,691.0,1612.0,906.0,1035.0,743.0,1189.0,938.0
36321,19:55.500,19:55.527,2,1441.0,729.0,1608.0,942.0,1041.0,766.0,1191.0,970.0
36336,19:56.000,19:56.027,2,1412.0,806.0,1577.0,1020.0,1012.0,842.0,1163.0,1041.0
36351,19:56.500,19:56.527,2,1406.0,796.0,1571.0,1010.0,1008.0,824.0,1158.0,1019.0
36366,19:57.000,19:57.027,2,1397.0,737.0,1560.0,949.0,997.0,761.0,1147.0,959.0
36381,19:57.500,19:57.527,2,1404.0,707.0,1569.0,919.0,1006.0,741.0,1156.0,938.0
36396,19:58.000,19:58.027,2,1392.0,734.0,1556.0,950.0,992.0,764.0,1143.0,963.0
36411,19:58.500,19:58.527,2,1402.0,734.0,1566.0,948.0,1003.0,764.0,1153.0,962.0
36426,19:59.000,19:59.028,2,1349.0,661.0,1515.0,872.0,950.0,702.0,1102.0,896.0
36441,19:59.500,19:59.528,2,1383.0,634.0,1550.0,846.0,980.0,673.0,1132.0,872.0
36456,20:00.000,20:00.028,2,1383.0,669.0,1551.0,881.0,986.0,710.0,1135.0,907.0
36471,20:00.500,20:00.528,2,1416.0,638.0,1582.0,854.0,1013.0,674.0,1162.0,871.0
36486,20:01.000,20:01.028,2,1417.0,626.0,1583.0,843.0,1010.0,665.0,1162.0,863.0
36501,20:01.500,20:01.528,2,1414.0,615.0,1579.0,833.0,1011.0,664.0,1162.0,861.0
36516,20:02.000,20:02.028,2,1408.0,619.0,1572.0,834.0,1007.0,663.0,1158.0,861.0
36531,20:02.500,20:02.528,2,1288.0,710.0,1450.0,930.0,883.0,703.0,1037.0,900.0
36546,20:03.000,20:03.030,2,1282.0,760.0,1442.0,969.0,884.0,715.0,1038.0,916.0
36561,20:03.500,20:03.530,2,1273.0,873.0,1433.0,1084.0,873.0,809.0,1031.0,1013.0
36573,20:04.000,20:04.005,2,1244.0,878.0,1406.0,1087.0,836.0,789.0,994.0,997.0
36588,20:04.500,20:04.530,2,1102.0,826.0,1263.0,1046.0,694.0,714.0,863.0,930.0
36603,20:05.000,20:05.030,2,952.0,735.0,1125.0,957.0,532.0,585.0,714.0,810.0
36618,20:05.500,20:05.530,2,1106.0,821.0,1280.0,1045.0,691.0,675.0,863.0,891.0
36633,20:06.000,20:06.030,2,1135.0,839.0,1306.0,1058.0,723.0,696.0,890.0,908.0
36648,20:06.500,20:06.530,2,1101.0,778.0,1270.0,1001.0,685.0,647.0,855.0,864.0
36663,20:07.000,20:07.032,2,1275.0,911.0,1445.0,1133.0,872.0,809.0,1035.0,1017.0
36678,20:07.500,20:07.532,2,1204.0,848.0,1369.0,1065.0,801.0,734.0,967.0,943.0
36693,20:08.000,20:08.032,2,1090.0,830.0,1260.0,1054.0,680.0,719.0,852.0,938.0
36708,20:08.500,20:08.532,2,1067.0,789.0,1236.0,1011.0,657.0,679.0,830.0,895.0
36723,20:09.000,20:09.032,2,1061.0,799.0,1235.0,1021.0,663.0,664.0,841.0,882.0
36738,20:09.500,20:09.532,2,1089.0,796.0,1266.0,1017.0,703.0,653.0,877.0,865.0
36753,20:10.000,20:10.032,2,1078.0,770.0,1255.0,987.0,690.0,631.0,864.0,840.0
36768,20:10.500,20:10.532,2,1001.0,732.0,1175.0,955.0,590.0,601.0,774.0,822.0
36783,20:11.000,20:11.025,2,1020.0,717.0,1191.0,938.0,614.0,584.0,795.0,804.0
36798,20:11.500,20:11.525,2,1025.0,705.0,1198.0,928.0,621.0,569.0,799.0,788.0
36813,20:12.000,20:12.025,2,1038.0,712.0,1211.0,931.0,639.0,571.0,815.0,790.0
36828,20:12.500,20:12.525,2,1066.0,738.0,1238.0,958.0,673.0,590.0,850.0,809.0
36843,20:13.000,20:13.025,2,1250.0,770.0,1417.0,990.0,856.0,657.0,1017.0,870.0
36857,20:13.500,20:13.525,2,1382.0,793.0,1549.0,1015.0,984.0,708.0,1141.0,911.0
36872,20:14.000,20:14.025,2,1389.0,780.0,1555.0,998.0,1000.0,710.0,1158.0,908.0
36887,20:14.500,20:14.525,2,1381.0,726.0,1547.0,942.0,992.0,655.0,1150.0,852.0
36902,20:15.000,20:15.027,2,1366.0,697.0,1528.0,903.0,975.0,629.0,1132.0,829.0
36917,20:15.500,20:15.527,2,1369.0,651.0,1533.0,873.0,980.0,583.0,1139.0,790.0
36932,20:16.000,20:16.027,2,1380.0,633.0,1544.0,847.0,994.0,554.0,1158.0,766.0
36947,20:16.500,20:16.527,2,1369.0,633.0,1533.0,846.0,988.0,552.0,1149.0,763.0
36962,20:17.000,20:17.027,2,980.0,552.0,1140.0,765.0,1361.0,637.0,1524.0,849.0
36977,20:17.500,20:17.527,2,1369.0,643.0,1535.0,857.0,999.0,570.0,1161.0,780.0
36992,20:18.000,20:18.027,2,1379.0,629.0,1541.0,844.0,1000.0,554.0,1163.0,764.0
37007,20:18.500,20:18.527,2,1371.0,635.0,1536.0,845.0,990.0,557.0,1152.0,769.0
37022,20:19.000,20:19.028,2,1376.0,619.0,1541.0,833.0,991.0,547.0,1154.0,760.0
37037,20:19.500,20:19.528,2,1373.0,631.0,1540.0,851.0,987.0,560.0,1150.0,774.0
37052,20:20.000,20:20.028,2,1365.0,639.0,1530.0,849.0,976.0,573.0,1138.0,784.0
37067,20:20.500,20:20.528,2,1422.0,679.0,1587.0,892.0,1039.0,613.0,1199.0,814.0
37082,20:21.000,20:21.028,2,1319.0,657.0,1483.0,872.0,883.0,591.0,1041.0,796.0
37097,20:21.500,20:21.528,2,1323.0,672.0,1487.0,888.0,821.0,631.0,984.0,836.0
37112,20:22.000,20:22.028,2,843.0,646.0,1004.0,862.0,1302.0,690.0,1463.0,904.0
37127,20:22.500,20:22.528,2,1355.0,744.0,1517.0,959.0,912.0,698.0,1067.0,895.0
37142,20:23.000,20:23.030,2,1377.0,828.0,1541.0,1045.0,933.0,815.0,1090.0,1019.0
37157,20:23.500,20:23.530,2,715.0,759.0,880.0,967.0,1171.0,747.0,1331.0,959.0
37172,20:24.000,20:24.030,2,747.0,839.0,910.0,1044.0,1195.0,833.0,1356.0,1051.0
37187,20:24.500,20:24.530,2,774.0,783.0,935.0,990.0,1224.0,789.0,1385.0,1004.0
37202,20:25.000,20:25.030,2,1314.0,680.0,1478.0,897.0,872.0,694.0,1030.0,891.0
37217,20:25.500,20:25.530,2,1236.0,672.0,1398.0,884.0,790.0,689.0,952.0,888.0
37232,20:26.000,20:26.030,2,1218.0,658.0,1379.0,868.0,771.0,678.0,934.0,877.0
37247,20:26.500,20:26.530,2,1247.0,665.0,1408.0,877.0,802.0,679.0,964.0,880.0
37262,20:27.000,20:27.032,2,1262.0,672.0,1424.0,884.0,819.0,681.0,982.0,884.0
37277,20:27.500,20:27.532,2,1257.0,684.0,1419.0,896.0,816.0,689.0,975.0,890.0
37292,20:28.000,20:28.032,2,1229.0,710.0,1391.0,923.0,788.0,711.0,947.0,911.0
37307,20:28.500,20:28.532,2,1230.0,706.0,1392.0,922.0,788.0,702.0,948.0,902.0
37322,20:29.000,20:29.032,2,1206.0,765.0,1365.0,982.0,767.0,699.0,928.0,899.0
37337,20:29.500,20:29.532,2,1400.0,875.0,1567.0,1091.0,972.0,784.0,1126.0,984.0
37352,20:30.000,20:30.023,2,1319.0,841.0,1483.0,1061.0,890.0,769.0,1046.0,968.0
37367,20:30.500,20:30.523,2,1373.0,783.0,1539.0,1002.0,943.0,705.0,1097.0,907.0
37382,20:31.000,20:31.025,2,1343.0,763.0,1506.0,981.0,910.0,693.0,1064.0,892.0
37397,20:31.500,20:31.525,2,1336.0,767.0,1499.0,983.0,905.0,691.0,1060.0,892.0
37412,20:32.000,20:32.025,2,1323.0,762.0,1486.0,980.0,891.0,697.0,1048.0,898.0
37427,20:32.500,20:32.525,2,1305.0,712.0,1466.0,938.0,871.0,667.0,1028.0,863.0
37442,20:33.000,20:33.025,2,1356.0,766.0,1520.0,984.0,928.0,715.0,1083.0,918.0
37457,20:33.500,20:33.525,2,1351.0,772.0,1517.0,989.0,922.0,719.0,1079.0,917.0
37472,20:34.000,20:34.025,2,1346.0,763.0,1512.0,978.0,915.0,701.0,1072.0,901.0
37487,20:34.500,20:34.525,2,1321.0,717.0,1485.0,936.0,890.0,661.0,1047.0,857.0
37502,20:35.000,20:35.027,2,1302.0,686.0,1465.0,903.0,872.0,635.0,1031.0,831.0
37517,20:35.500,20:35.527,2,1331.0,700.0,1497.0,918.0,904.0,650.0,1060.0,850.0
37532,20:36.000,20:36.027,2,1331.0,686.0,1496.0,904.0,905.0,639.0,1062.0,836.0
37547,20:36.500,20:36.527,2,1325.0,681.0,1491.0,899.0,896.0,636.0,1053.0,834.0
37562,20:37.000,20:37.027,2,1322.0,707.0,1486.0,927.0,894.0,661.0,1049.0,859.0
37577,20:37.500,20:37.527,2,1337.0,598.0,1503.0,819.0,904.0,556.0,1061.0,762.0
37592,20:38.000,20:38.027,2,1329.0,653.0,1493.0,876.0,895.0,612.0,1054.0,812.0
37607,20:38.500,20:38.527,2,1345.0,598.0,1512.0,819.0,911.0,545.0,1070.0,753.0
37622,20:39.000,20:39.028,2,1356.0,696.0,1521.0,912.0,927.0,649.0,1082.0,852.0
37637,20:39.500,20:39.528,2,1339.0,676.0,1505.0,892.0,906.0,630.0,1063.0,831.0
37652,20:40.000,20:40.028,2,1352.0,651.0,1518.0,868.0,918.0,601.0,1074.0,803.0
37667,20:40.500,20:40.528,2,1350.0,862.0,1516.0,1078.0,921.0,786.0,1078.0,997.0
37682,20:41.000,20:41.028,2,1336.0,770.0,1499.0,993.0,905.0,708.0,1060.0,910.0
37697,20:41.500,20:41.528,2,1314.0,708.0,1479.0,923.0,883.0,653.0,1039.0,852.0
37712,20:42.000,20:42.028,2,1309.0,686.0,1472.0,901.0,874.0,639.0,1030.0,836.0
37727,20:42.500,20:42.528,2,1306.0,651.0,1467.0,869.0,869.0,595.0,1026.0,795.0
37742,20:43.000,20:43.030,2,1304.0,676.0,1466.0,886.0,868.0,604.0,1024.0,805.0
37757,20:43.500,20:43.530,2,1298.0,680.0,1462.0,891.0,864.0,607.0,1020.0,808.0
37772,20:44.000,20:44.030,2,1409.0,761.0,1574.0,972.0,974.0,709.0,1127.0,904.0
37787,20:44.500,20:44.530,2,1393.0,684.0,1558.0,902.0,957.0,637.0,1111.0,832.0
37802,20:45.000,20:45.030,2,1388.0,662.0,1553.0,884.0,950.0,614.0,1104.0,815.0
37817,20:45.500,20:45.530,2,1380.0,657.0,1544.0,874.0,943.0,602.0,1098.0,804.0
37832,20:46.000,20:46.030,2,1424.0,786.0,1590.0,1012.0,991.0,740.0,1142.0,936.0
37847,20:46.500,20:46.530,2,1450.0,779.0,1618.0,994.0,1019.0,746.0,1170.0,936.0
37862,20:47.000,20:47.032,2,1401.0,777.0,1569.0,989.0,977.0,740.0,1125.0,939.0
37877,20:47.500,20:47.532,2,1374.0,724.0,1540.0,939.0,946.0,694.0,1096.0,895.0
37892,20:48.000,20:48.032,2,1407.0,696.0,1574.0,908.0,981.0,678.0,1131.0,873.0
37907,20:48.500,20:48.532,2,1404.0,664.0,1581.0,859.0,978.0,663.0,1129.0,857.0
37922,20:49.000,20:49.032,2,1390.0,635.0,1568.0,828.0,968.0,641.0,1118.0,832.0
37937,20:49.500,20:49.523,2,1371.0,598.0,1551.0,797.0,944.0,609.0,1098.0,804.0
37952,20:50.000,20:50.023,2,1369.0,577.0,1553.0,786.0,938.0,602.0,1093.0,792.0
37967,20:50.500,20:50.523,2,1376.0,586.0,1553.0,794.0,946.0,611.0,1100.0,807.0
37982,20:51.000,20:51.025,2,1367.0,566.0,1547.0,777.0,935.0,594.0,1089.0,793.0
37997,20:51.500,20:51.525,2,1284.0,545.0,1466.0,761.0,845.0,598.0,1004.0,795.0
38012,20:52.000,20:52.025,2,1345.0,592.0,1525.0,803.0,903.0,635.0,1057.0,830.0
38027,20:52.500,20:52.525,2,1329.0,551.0,1505.0,764.0,882.0,594.0,1040.0,793.0
38042,20:53.000,20:53.025,2,1329.0,544.0,1506.0,758.0,883.0,581.0,1040.0,777.0
38057,20:53.500,20:53.525,2,1302.0,522.0,1478.0,740.0,859.0,564.0,1016.0,764.0
38072,20:54.000,20:54.025,2,841.0,532.0,999.0,746.0,1296.0,493.0,1471.0,714.0
38087,20:54.500,20:54.525,2,1288.0,483.0,1461.0,705.0,830.0,525.0,995.0,736.0
38102,20:55.000,20:55.027,2,1256.0,440.0,1433.0,660.0,795.0,482.0,964.0,699.0
38117,20:55.500,20:55.527,2,1279.0,434.0,1451.0,656.0,812.0,468.0,980.0,679.0
38132,20:56.000,20:56.027,2,1315.0,437.0,1486.0,660.0,844.0,468.0,1009.0,678.0
38147,20:56.500,20:56.527,2,1318.0,419.0,1489.0,643.0,847.0,454.0,1013.0,667.0
38162,20:57.000,20:57.027,2,1625.0,355.0,1814.0,597.0,1144.0,439.0,1305.0,651.0
38177,20:57.500,20:57.527,2,1466.0,457.0,1643.0,682.0,1001.0,495.0,1162.0,699.0
38192,20:58.000,20:58.027,2,743.0,608.0,910.0,815.0,1208.0,572.0,1379.0,786.0
38207,20:58.500,20:58.527,2,1222.0,562.0,1392.0,773.0,763.0,614.0,931.0,817.0
38222,20:59.000,20:59.028,2,1282.0,537.0,1454.0,754.0,832.0,584.0,996.0,787.0
38237,20:59.500,20:59.528,2,1294.0,507.0,1463.0,728.0,843.0,555.0,1003.0,768.0
38252,21:00.000,21:00.028,2,1293.0,511.0,1464.0,733.0,847.0,562.0,1006.0,770.0
38267,21:00.500,21:00.528,2,1273.0,518.0,1443.0,733.0,823.0,573.0,987.0,779.0
38282,21:01.000,21:01.028,2,1278.0,516.0,1447.0,732.0,830.0,577.0,993.0,780.0
38297,21:01.500,21:01.528,2,1295.0,487.0,1467.0,711.0,840.0,554.0,1002.0,762.0
38312,21:02.000,21:02.028,2,1323.0,459.0,1494.0,684.0,866.0,517.0,1031.0,724.0
38327,21:02.500,21:02.528,2,1334.0,483.0,1504.0,707.0,877.0,545.0,1043.0,753.0
38342,21:03.000,21:03.030,2,1292.0,505.0,1460.0,726.0,832.0,552.0,998.0,758.0
38357,21:03.500,21:03.530,2,1316.0,491.0,1485.0,717.0,854.0,529.0,1020.0,740.0
38372,21:04.000,21:04.030,2,1297.0,478.0,1466.0,702.0,838.0,518.0,1003.0,730.0
38387,21:04.500,21:04.530,2,1294.0,493.0,1461.0,710.0,836.0,533.0,1001.0,746.0
38402,21:05.000,21:05.030,2,1301.0,521.0,1466.0,738.0,848.0,539.0,1010.0,750.0
38417,21:05.500,21:05.530,2,1238.0,484.0,1402.0,706.0,777.0,509.0,943.0,720.0
38432,21:06.000,21:06.030,2,1284.0,560.0,1449.0,775.0,833.0,582.0,994.0,783.0
38447,21:06.500,21:06.530,2,1257.0,558.0,1418.0,782.0,797.0,580.0,960.0,783.0
38462,21:07.000,21:07.032,2,1264.0,581.0,1423.0,808.0,806.0,594.0,967.0,798.0
38477,21:07.500,21:07.532,2,1236.0,630.0,1393.0,846.0,769.0,632.0,931.0,835.0
38492,21:08.000,21:08.032,2,1237.0,646.0,1394.0,860.0,763.0,649.0,927.0,853.0
38507,21:08.500,21:08.532,2,767.0,647.0,930.0,850.0,1244.0,647.0,1401.0,854.0
38522,21:09.000,21:09.032,2,1246.0,650.0,1405.0,860.0,769.0,642.0,926.0,842.0
38537,21:09.500,21:09.523,2,1265.0,659.0,1424.0,869.0,812.0,642.0,959.0,835.0
38552,21:10.000,21:10.023,2,1242.0,732.0,1399.0,950.0,786.0,709.0,934.0,906.0
38567,21:10.500,21:10.523,2,729.0,785.0,893.0,995.0,1210.0,801.0,1371.0,1016.0
38582,21:11.000,21:11.025,2,1219.0,857.0,1379.0,1068.0,741.0,865.0,904.0,1072.0
38597,21:11.500,21:11.525,2,1149.0,442.0,1330.0,670.0,686.0,198.0,873.0,440.0
38612,21:12.000,21:12.025,2,1338.0,404.0,1530.0,629.0,911.0,94.0,1106.0,332.0
38627,21:12.500,21:12.525,2,1466.0,548.0,1677.0,761.0,1081.0,159.0,1279.0,392.0
38642,21:13.000,21:13.025,2,945.0,221.0,1139.0,450.0,1334.0,580.0,1527.0,792.0
38657,21:13.500,21:13.525,2,1378.0,643.0,1553.0,865.0,928.0,431.0,1093.0,647.0
38672,21:14.000,21:14.025,2,735.0,651.0,899.0,866.0,1221.0,769.0,1379.0,983.0
38687,21:14.500,21:14.525,2,1482.0,847.0,1645.0,1070.0,1012.0,820.0,1168.0,1026.0
38702,21:15.000,21:15.027,2,1438.0,858.0,1602.0,1078.0,971.0,847.0,1124.0,1055.0
38717,21:15.500,21:15.527,2,1402.0,994.0,1567.0,1213.0,959.0,956.0,1111.0,1154.0
38732,21:16.000,21:16.027,2,1326.0,1059.0,1493.0,1280.0,883.0,1062.0,1039.0,1264.0
38747,21:16.500,21:16.527,2,1359.0,997.0,1526.0,1213.0,883.0,1020.0,1040.0,1226.0
38762,21:17.000,21:17.027,2,1375.0,943.0,1545.0,1160.0,910.0,977.0,1068.0,1177.0
38777,21:17.500,21:17.527,2,1428.0,942.0,1598.0,1162.0,965.0,969.0,1119.0,1170.0
38792,21:18.000,21:18.027,2,1413.0,1016.0,1584.0,1243.0,936.0,1019.0,1094.0,1226.0
38807,21:18.500,21:18.528,2,1421.0,1087.0,1593.0,1314.0,946.0,1085.0,1104.0,1297.0
38822,21:19.000,21:19.028,2,1299.0,1058.0,1468.0,1276.0,821.0,1084.0,983.0,1296.0
38836,21:19.500,21:19.528,2,384.0,871.0,573.0,1103.0,916.0,913.0,1078.0,1132.0
38851,21:20.000,21:20.028,2,566.0,884.0,734.0,1092.0,1054.0,917.0,1214.0,1132.0
38866,21:20.500,21:20.528,2,672.0,879.0,834.0,1082.0,1135.0,945.0,1294.0,1133.0
38881,21:21.000,21:21.028,2,682.0,890.0,841.0,1091.0,1140.0,954.0,1295.0,1150.0
38896,21:21.500,21:21.528,2,1182.0,929.0,1337.0,1147.0,736.0,873.0,893.0,1074.0
38911,21:22.000,21:22.028,2,1231.0,887.0,1385.0,1102.0,790.0,822.0,945.0,1028.0
38926,21:22.500,21:22.530,2,800.0,1017.0,958.0,1230.0,1245.0,1093.0,1403.0,1314.0
38941,21:23.000,21:23.030,2,1264.0,1014.0,1422.0,1238.0,819.0,958.0,975.0,1164.0
38956,21:23.500,21:23.530,2,1310.0,979.0,1468.0,1198.0,877.0,899.0,1029.0,1098.0
38971,21:24.000,21:24.030,2,1310.0,1003.0,1466.0,1225.0,873.0,930.0,1027.0,1128.0
38986,21:24.500,21:24.530,2,1235.0,938.0,1387.0,1148.0,784.0,871.0,938.0,1076.0
39001,21:25.000,21:25.030,2,1266.0,834.0,1421.0,1052.0,830.0,743.0,984.0,941.0
39016,21:25.500,21:25.530,2,774.0,777.0,932.0,982.0,1222.0,855.0,1378.0,1071.0
39031,21:26.000,21:26.030,2,703.0,726.0,864.0,939.0,1159.0,799.0,1312.0,1010.0
39046,21:26.500,21:26.532,2,747.0,668.0,908.0,876.0,1202.0,762.0,1355.0,969.0
39061,21:27.000,21:27.032,2,1276.0,717.0,1435.0,930.0,822.0,641.0,978.0,843.0
39076,21:27.500,21:27.532,2,1261.0,695.0,1420.0,908.0,812.0,622.0,969.0,828.0
39091,21:28.000,21:28.032,2,1271.0,696.0,1430.0,907.0,821.0,623.0,978.0,823.0
39106,21:28.500,21:28.532,2,1282.0,707.0,1440.0,921.0,833.0,628.0,987.0,826.0
39121,21:29.000,21:29.032,2,1274.0,700.0,1434.0,914.0,834.0,618.0,989.0,818.0
39136,21:29.500,21:29.523,2,1273.0,695.0,1432.0,908.0,831.0,612.0,985.0,811.0
39151,21:30.000,21:30.023,2,828.0,602.0,984.0,805.0,1276.0,689.0,1432.0,900.0
39166,21:30.500,21:30.525,2,1281.0,684.0,1438.0,900.0,828.0,596.0,984.0,801.0
39181,21:31.000,21:31.025,2,1281.0,677.0,1440.0,887.0,822.0,589.0,974.0,792.0
39196,21:31.500,21:31.525,2,1287.0,666.0,1446.0,883.0,833.0,580.0,987.0,784.0
39211,21:32.000,21:32.025,2,1291.0,667.0,1451.0,884.0,843.0,576.0,997.0,779.0
39226,21:32.500,21:32.525,2,1298.0,672.0,1456.0,881.0,852.0,584.0,1005.0,788.0
39241,21:33.000,21:33.025,2,1301.0,670.0,1459.0,883.0,851.0,583.0,1006.0,787.0
39256,21:33.500,21:33.525,2,1311.0,664.0,1468.0,875.0,853.0,582.0,1007.0,786.0
39271,21:34.000,21:34.025,2,1307.0,667.0,1465.0,879.0,854.0,580.0,1008.0,783.0
39286,21:34.500,21:34.527,2,1302.0,669.0,1458.0,882.0,851.0,579.0,1005.0,781.0
39301,21:35.000,21:35.027,2,1301.0,683.0,1457.0,893.0,850.0,593.0,1004.0,793.0
39316,21:35.500,21:35.527,2,1318.0,776.0,1476.0,992.0,870.0,691.0,1025.0,892.0
39331,21:36.000,21:36.027,2,1335.0,771.0,1492.0,978.0,891.0,679.0,1044.0,876.0
39346,21:36.500,21:36.527,2,1283.0,746.0,1443.0,955.0,842.0,658.0,996.0,858.0
39361,21:37.000,21:37.027,2,1303.0,709.0,1461.0,923.0,853.0,628.0,1009.0,828.0
39376,21:37.500,21:37.527,2,807.0,541.0,968.0,757.0,1261.0,639.0,1418.0,847.0
39391,21:38.000,21:38.027,2,1046.0,234.0,1216.0,469.0,514.0,108.0,707.0,356.0
39406,21:38.500,21:38.528,2,638.0,372.0,812.0,596.0,1135.0,443.0,1298.0,665.0
39421,21:39.000,21:39.028,2,749.0,530.0,913.0,744.0,1217.0,602.0,1376.0,816.0
39436,21:39.500,21:39.528,2,1261.0,631.0,1419.0,845.0,797.0,573.0,958.0,780.0
39451,21:40.000,21:40.028,2,1242.0,667.0,1400.0,887.0,777.0,607.0,939.0,816.0
39466,21:40.500,21:40.528,2,1271.0,732.0,1431.0,950.0,820.0,654.0,978.0,861.0
39481,21:41.000,21:41.028,2,1280.0,740.0,1439.0,959.0,822.0,655.0,981.0,863.0
39496,21:41.500,21:41.528,2,1289.0,728.0,1451.0,942.0,831.0,644.0,989.0,849.0
39511,21:42.000,21:42.028,2,1310.0,731.0,1474.0,944.0,862.0,633.0,1017.0,837.0
39526,21:42.500,21:42.530,2,1297.0,712.0,1459.0,928.0,856.0,623.0,1014.0,824.0
39541,21:43.000,21:43.030,2,1308.0,706.0,1472.0,916.0,868.0,616.0,1024.0,822.0
39556,21:43.500,21:43.530,2,1349.0,705.0,1513.0,918.0,910.0,619.0,1065.0,824.0
39571,21:44.000,21:44.030,2,900.0,616.0,1057.0,821.0,1341.0,699.0,1504.0,909.0
39586,21:44.500,21:44.530,2,902.0,609.0,1059.0,811.0,1343.0,696.0,1506.0,903.0
39601,21:45.000,21:45.030,2,1338.0,689.0,1501.0,897.0,899.0,604.0,1056.0,815.0
39616,21:45.500,21:45.530,2,1339.0,688.0,1503.0,895.0,906.0,601.0,1061.0,807.0
39631,21:46.000,21:46.030,2,1343.0,680.0,1507.0,891.0,912.0,592.0,1068.0,798.0
39646,21:46.500,21:46.532,2,1330.0,689.0,1489.0,903.0,904.0,602.0,1059.0,799.0
39661,21:47.000,21:47.032,2,1337.0,800.0,1498.0,1009.0,920.0,714.0,1076.0,914.0
39676,21:47.500,21:47.532,2,1366.0,765.0,1528.0,977.0,940.0,684.0,1096.0,885.0
39691,21:48.000,21:48.032,2,1274.0,724.0,1431.0,928.0,852.0,640.0,1010.0,848.0
39706,21:48.500,21:48.532,2,1265.0,869.0,1426.0,1088.0,836.0,748.0,995.0,956.0
39721,21:49.000,21:49.023,2,1254.0,820.0,1413.0,1028.0,827.0,716.0,986.0,924.0
39736,21:49.500,21:49.523,2,1250.0,798.0,1409.0,1015.0,809.0,714.0,967.0,917.0
39750,21:50.000,21:50.048,2,779.0,779.0,937.0,981.0,1219.0,819.0,1379.0,1028.0
39763,21:50.500,21:50.525,2,1313.0,799.0,1475.0,1022.0,885.0,760.0,1038.0,954.0
39778,21:51.000,21:51.025,2,1319.0,810.0,1480.0,1023.0,888.0,780.0,1041.0,973.0
39793,21:51.500,21:51.525,2,1350.0,780.0,1512.0,987.0,917.0,759.0,1070.0,955.0
39808,21:52.000,21:52.025,2,1321.0,765.0,1481.0,972.0,866.0,747.0,1021.0,941.0
39823,21:52.500,21:52.525,2,1314.0,775.0,1474.0,990.0,865.0,761.0,1017.0,955.0
39838,21:53.000,21:53.025,2,1320.0,750.0,1481.0,962.0,872.0,725.0,1027.0,919.0
39853,21:53.500,21:53.525,2,1318.0,732.0,1479.0,946.0,875.0,706.0,1028.0,902.0
39868,21:54.000,21:54.025,2,1322.0,742.0,1482.0,954.0,878.0,716.0,1031.0,910.0
39883,21:54.500,21:54.527,2,1326.0,725.0,1485.0,942.0,881.0,703.0,1037.0,899.0
39898,21:55.000,21:55.027,2,1324.0,716.0,1483.0,935.0,877.0,695.0,1033.0,892.0
39913,21:55.500,21:55.527,2,1312.0,712.0,1473.0,926.0,864.0,693.0,1020.0,892.0
39928,21:56.000,21:56.027,2,1311.0,738.0,1470.0,953.0,864.0,721.0,1019.0,916.0
39943,21:56.500,21:56.527,2,1295.0,781.0,1455.0,996.0,843.0,747.0,999.0,950.0
39958,21:57.000,21:57.027,2,1296.0,765.0,1454.0,976.0,851.0,719.0,1006.0,920.0
39973,21:57.500,21:57.527,2,1358.0,933.0,1520.0,1153.0,916.0,853.0,1069.0,1061.0
39988,21:58.000,21:58.027,2,1354.0,837.0,1514.0,1048.0,910.0,768.0,1063.0,967.0
40003,21:58.500,21:58.528,2,1315.0,827.0,1474.0,1037.0,877.0,755.0,1031.0,953.0
40018,21:59.000,21:59.028,2,705.0,863.0,868.0,1081.0,1148.0,987.0,1311.0,1210.0
40033,21:59.500,21:59.528,2,1240.0,982.0,1399.0,1201.0,796.0,873.0,957.0,1082.0
40048,22:00.000,22:00.028,2,1240.0,949.0,1398.0,1166.0,795.0,847.0,953.0,1053.0
40063,22:00.500,22:00.528,2,1260.0,949.0,1420.0,1173.0,814.0,856.0,972.0,1063.0
40078,22:01.000,22:01.028,2,1265.0,945.0,1424.0,1167.0,819.0,854.0,976.0,1059.0
40093,22:01.500,22:01.528,2,1273.0,960.0,1434.0,1180.0,827.0,864.0,984.0,1068.0
40108,22:02.000,22:02.028,2,1265.0,944.0,1424.0,1165.0,820.0,855.0,976.0,1058.0
40123,22:02.500,22:02.530,2,1263.0,915.0,1423.0,1135.0,821.0,821.0,976.0,1024.0
40138,22:03.000,22:03.030,2,1255.0,916.0,1415.0,1136.0,808.0,810.0,966.0,1020.0
40153,22:03.500,22:03.530,2,1266.0,903.0,1424.0,1129.0,820.0,806.0,977.0,1012.0
40168,22:04.000,22:04.030,2,1272.0,916.0,1434.0,1135.0,827.0,825.0,984.0,1027.0
40183,22:04.500,22:04.530,2,1297.0,894.0,1456.0,1109.0,850.0,813.0,1004.0,1013.0
40198,22:05.000,22:05.030,2,1280.0,840.0,1439.0,1057.0,833.0,766.0,988.0,967.0
40213,22:05.500,22:05.530,2,1290.0,802.0,1449.0,1015.0,842.0,722.0,997.0,922.0
40228,22:06.000,22:06.030,2,1234.0,938.0,1393.0,1156.0,788.0,845.0,944.0,1052.0
40243,22:06.500,22:06.532,2,1256.0,884.0,1416.0,1097.0,811.0,790.0,966.0,998.0
40258,22:07.000,22:07.032,2,1273.0,855.0,1433.0,1071.0,825.0,766.0,982.0,969.0
40273,22:07.500,22:07.532,2,1292.0,831.0,1454.0,1049.0,846.0,750.0,1003.0,951.0
40288,22:08.000,22:08.032,2,1305.0,833.0,1464.0,1051.0,859.0,753.0,1013.0,948.0
40303,22:08.500,22:08.523,2,1335.0,837.0,1496.0,1060.0,888.0,759.0,1043.0,956.0
40318,22:09.000,22:09.023,2,1335.0,818.0,1495.0,1030.0,893.0,741.0,1046.0,937.0
40333,22:09.500,22:09.523,2,1330.0,773.0,1487.0,984.0,891.0,700.0,1045.0,894.0
40348,22:10.000,22:10.023,2,1295.0,819.0,1451.0,1031.0,857.0,749.0,1012.0,947.0
40363,22:10.500,22:10.525,2,1183.0,753.0,1340.0,971.0,753.0,648.0,913.0,854.0
40378,22:11.000,22:11.025,2,1155.0,778.0,1317.0,997.0,723.0,652.0,885.0,864.0
40393,22:11.500,22:11.525,2,1159.0,762.0,1322.0,978.0,726.0,633.0,888.0,842.0
40408,22:12.000,22:12.025,2,1181.0,782.0,1342.0,998.0,747.0,658.0,908.0,868.0
40423,22:12.500,22:12.525,2,1175.0,826.0,1339.0,1048.0,748.0,696.0,910.0,907.0
40438,22:13.000,22:13.025,2,1185.0,796.0,1345.0,1018.0,752.0,669.0,914.0,878.0
40453,22:13.500,22:13.525,2,1189.0,727.0,1349.0,942.0,748.0,613.0,910.0,818.0
40468,22:14.000,22:14.025,2,1200.0,700.0,1362.0,923.0,758.0,586.0,917.0,791.0
40483,22:14.500,22:14.527,2,1218.0,675.0,1380.0,895.0,763.0,551.0,924.0,763.0
40498,22:15.000,22:15.027,2,770.0,555.0,929.0,767.0,1221.0,674.0,1383.0,890.0
40513,22:15.500,22:15.527,2,762.0,553.0,923.0,766.0,1216.0,672.0,1374.0,884.0
40528,22:16.000,22:16.027,2,1215.0,672.0,1375.0,886.0,764.0,560.0,924.0,770.0
40543,22:16.500,22:16.527,2,1210.0,679.0,1370.0,891.0,760.0,567.0,918.0,774.0
40558,22:17.000,22:17.027,2,1191.0,745.0,1351.0,959.0,743.0,642.0,902.0,845.0
40573,22:17.500,22:17.527,2,1216.0,720.0,1375.0,931.0,768.0,621.0,927.0,822.0
40588,22:18.000,22:18.027,2,1232.0,743.0,1392.0,965.0,783.0,647.0,941.0,849.0
40603,22:18.500,22:18.528,2,1256.0,884.0,1416.0,1100.0,802.0,802.0,959.0,1007.0
40618,22:19.000,22:19.028,2,1263.0,923.0,1423.0,1145.0,810.0,839.0,968.0,1044.0
40633,22:19.500,22:19.528,2,794.0,832.0,953.0,1041.0,1245.0,926.0,1402.0,1144.0
40648,22:20.000,22:20.028,2,1251.0,924.0,1410.0,1144.0,804.0,833.0,961.0,1037.0
40663,22:20.500,22:20.528,2,1242.0,907.0,1401.0,1125.0,795.0,815.0,953.0,1020.0
40678,22:21.000,22:21.028,2,810.0,835.0,967.0,1042.0,1251.0,932.0,1410.0,1147.0
40693,22:21.500,22:21.528,2,1245.0,911.0,1404.0,1130.0,808.0,812.0,967.0,1023.0
40708,22:22.000,22:22.028,2,1251.0,891.0,1406.0,1106.0,810.0,801.0,968.0,1010.0
40723,22:22.500,22:22.530,2,1247.0,850.0,1404.0,1064.0,803.0,762.0,960.0,968.0
40738,22:23.000,22:23.030,2,1266.0,871.0,1425.0,1092.0,810.0,773.0,967.0,978.0
40753,22:23.500,22:23.530,2,1252.0,802.0,1413.0,1020.0,788.0,703.0,946.0,909.0
40768,22:24.000,22:24.030,2,1271.0,788.0,1432.0,1003.0,811.0,687.0,969.0,892.0
40783,22:24.500,22:24.530,2,1262.0,781.0,1423.0,998.0,801.0,683.0,959.0,889.0
40798,22:25.000,22:25.030,2,1247.0,823.0,1412.0,1045.0,789.0,723.0,947.0,928.0
40813,22:25.500,22:25.530,2,1238.0,797.0,1401.0,1017.0,780.0,689.0,937.0,896.0
40828,22:26.000,22:26.030,2,1231.0,794.0,1395.0,1013.0,775.0,691.0,932.0,896.0
40843,22:26.500,22:26.532,2,1235.0,775.0,1401.0,993.0,782.0,668.0,940.0,877.0
40858,22:27.000,22:27.032,2,1305.0,749.0,1467.0,960.0,854.0,658.0,1010.0,858.0
40873,22:27.500,22:27.532,2,1286.0,718.0,1451.0,942.0,835.0,634.0,990.0,834.0
40888,22:28.000,22:28.023,2,1290.0,711.0,1456.0,926.0,840.0,631.0,997.0,827.0
40903,22:28.500,22:28.523,2,1290.0,714.0,1455.0,934.0,841.0,635.0,996.0,829.0
40918,22:29.000,22:29.023,2,1286.0,721.0,1448.0,934.0,836.0,638.0,990.0,833.0
40933,22:29.500,22:29.523,2,1285.0,722.0,1449.0,940.0,833.0,635.0,987.0,832.0
40948,22:30.000,22:30.023,2,1278.0,735.0,1441.0,947.0,832.0,642.0,987.0,845.0
40963,22:30.500,22:30.525,2,835.0,783.0,989.0,987.0,1290.0,873.0,1452.0,1082.0
40978,22:31.000,22:31.025,2,1280.0,796.0,1445.0,1010.0,835.0,706.0,990.0,912.0
40993,22:31.500,22:31.525,2,828.0,661.0,985.0,869.0,1281.0,762.0,1442.0,968.0
41008,22:32.000,22:32.025,2,833.0,656.0,989.0,861.0,1283.0,751.0,1445.0,963.0
41023,22:32.500,22:32.525,2,830.0,659.0,987.0,867.0,1284.0,761.0,1443.0,970.0
41038,22:33.000,22:33.025,2,826.0,658.0,983.0,867.0,1281.0,758.0,1439.0,973.0
41053,22:33.500,22:33.525,2,826.0,660.0,982.0,867.0,1279.0,759.0,1438.0,974.0
41068,22:34.000,22:34.025,2,789.0,770.0,947.0,974.0,1246.0,858.0,1402.0,1068.0
41083,22:34.500,22:34.527,2,1245.0,900.0,1400.0,1114.0,790.0,822.0,948.0,1027.0
41097,22:35.000,22:35.027,2,717.0,922.0,879.0,1133.0,1186.0,985.0,1344.0,1201.0
41112,22:35.500,22:35.527,2,758.0,785.0,919.0,990.0,1224.0,848.0,1382.0,1063.0
41127,22:36.000,22:36.027,2,782.0,894.0,940.0,1104.0,1247.0,945.0,1405.0,1164.0
41142,22:36.500,22:36.527,2,1410.0,829.0,1574.0,1046.0,947.0,789.0,1100.0,999.0
41157,22:37.000,22:37.027,2,1473.0,816.0,1638.0,1039.0,1014.0,797.0,1166.0,996.0
41172,22:37.500,22:37.527,2,1438.0,780.0,1603.0,995.0,991.0,788.0,1146.0,984.0
41187,22:38.000,22:38.027,2,1458.0,811.0,1626.0,1025.0,1002.0,813.0,1157.0,1008.0
41202,22:38.500,22:38.528,2,1439.0,818.0,1608.0,1030.0,988.0,810.0,1142.0,1008.0
41217,22:39.000,22:39.028,2,1447.0,748.0,1619.0,949.0,1000.0,721.0,1151.0,917.0
41232,22:39.500,22:39.528,2,1427.0,720.0,1595.0,934.0,1007.0,688.0,1156.0,884.0
41247,22:40.000,22:40.028,2,1429.0,706.0,1596.0,922.0,1004.0,686.0,1153.0,881.0
41262,22:40.500,22:40.528,2,1436.0,690.0,1600.0,904.0,1007.0,670.0,1156.0,864.0
41277,22:41.000,22:41.028,2,1416.0,674.0,1580.0,890.0,984.0,661.0,1132.0,857.0
41292,22:41.500,22:41.528,2,1399.0,675.0,1563.0,888.0,974.0,659.0,1127.0,857.0
41307,22:42.000,22:42.028,2,1383.0,661.0,1544.0,873.0,971.0,648.0,1121.0,845.0
41322,22:42.500,22:42.530,2,1375.0,660.0,1538.0,871.0,965.0,645.0,1115.0,848.0
41337,22:43.000,22:43.030,2,1373.0,663.0,1535.0,875.0,963.0,657.0,1115.0,851.0
41352,22:43.500,22:43.530,2,1385.0,922.0,1547.0,1137.0,968.0,901.0,1120.0,1103.0
41367,22:44.000,22:44.030,2,1380.0,838.0,1540.0,1052.0,964.0,822.0,1116.0,1017.0
41382,22:44.500,22:44.530,2,1334.0,770.0,1495.0,986.0,909.0,780.0,1064.0,974.0
41397,22:45.000,22:45.030,2,1346.0,777.0,1509.0,987.0,920.0,791.0,1073.0,982.0
41412,22:45.500,22:45.530,2,1336.0,765.0,1496.0,980.0,903.0,770.0,1057.0,966.0
41427,22:46.000,22:46.030,2,1297.0,765.0,1457.0,982.0,850.0,757.0,1007.0,954.0
41442,22:46.500,22:46.532,2,1307.0,763.0,1468.0,979.0,865.0,750.0,1021.0,946.0
41457,22:47.000,22:47.032,2,1328.0,757.0,1489.0,970.0,884.0,744.0,1036.0,943.0
41472,22:47.500,22:47.523,2,1321.0,724.0,1481.0,946.0,876.0,723.0,1030.0,922.0
41487,22:48.000,22:48.023,2,1308.0,712.0,1469.0,931.0,861.0,717.0,1015.0,916.0
41502,22:48.500,22:48.523,2,1299.0,701.0,1459.0,919.0,854.0,703.0,1012.0,902.0
41517,22:49.000,22:49.023,2,1307.0,693.0,1468.0,904.0,864.0,696.0,1021.0,895.0
41532,22:49.500,22:49.523,2,1315.0,677.0,1476.0,889.0,873.0,678.0,1029.0,879.0
41547,22:50.000,22:50.023,2,1320.0,656.0,1480.0,868.0,877.0,661.0,1031.0,859.0
41562,22:50.500,22:50.525,2,1321.0,647.0,1483.0,860.0,880.0,655.0,1033.0,853.0
41577,22:51.000,22:51.025,2,1317.0,646.0,1478.0,859.0,876.0,653.0,1029.0,854.0
41592,22:51.500,22:51.525,2,1315.0,644.0,1477.0,857.0,875.0,649.0,1028.0,846.0
41607,22:52.000,22:52.025,2,1301.0,647.0,1463.0,857.0,860.0,654.0,1015.0,857.0
41622,22:52.500,22:52.525,2,1305.0,645.0,1467.0,854.0,863.0,655.0,1019.0,853.0
41637,22:53.000,22:53.025,2,1304.0,643.0,1466.0,851.0,865.0,654.0,1019.0,851.0
41652,22:53.500,22:53.525,2,1301.0,640.0,1464.0,847.0,867.0,648.0,1021.0,852.0
41667,22:54.000,22:54.025,2,1290.0,636.0,1455.0,846.0,858.0,648.0,1013.0,852.0
41682,22:54.500,22:54.527,2,1288.0,638.0,1454.0,846.0,855.0,650.0,1011.0,849.0
41697,22:55.000,22:55.027,2,1289.0,639.0,1454.0,848.0,852.0,649.0,1010.0,850.0
41712,22:55.500,22:55.527,2,848.0,646.0,1007.0,844.0,1292.0,631.0,1455.0,841.0
41727,22:56.000,22:56.027,2,1296.0,627.0,1459.0,838.0,862.0,641.0,1015.0,842.0
41742,22:56.500,22:56.527,2,1297.0,628.0,1459.0,839.0,858.0,642.0,1014.0,838.0
41757,22:57.000,22:57.027,2,1301.0,628.0,1464.0,839.0,866.0,641.0,1020.0,835.0
41772,22:57.500,22:57.527,2,1301.0,627.0,1463.0,838.0,835.0,644.0,988.0,838.0
41787,22:58.000,22:58.027,2,1298.0,627.0,1460.0,836.0,818.0,640.0,975.0,839.0
41802,22:58.500,22:58.528,2,1295.0,624.0,1457.0,834.0,809.0,636.0,968.0,838.0
41817,22:59.000,22:59.028,2,1292.0,624.0,1455.0,834.0,801.0,639.0,958.0,836.0
41832,22:59.500,22:59.528,2,1291.0,617.0,1453.0,830.0,801.0,637.0,958.0,836.0
41847,23:00.000,23:00.028,2,1291.0,612.0,1453.0,827.0,813.0,631.0,970.0,831.0
41862,23:00.500,23:00.528,2,1295.0,612.0,1456.0,828.0,819.0,632.0,979.0,834.0
41877,23:01.000,23:01.028,2,1325.0,656.0,1485.0,869.0,830.0,676.0,987.0,883.0
41892,23:01.500,23:01.528,2,1314.0,666.0,1474.0,877.0,790.0,701.0,952.0,899.0
41907,23:02.000,23:02.030,2,1294.0,672.0,1457.0,882.0,803.0,708.0,961.0,902.0
41922,23:02.500,23:02.530,2,1320.0,714.0,1479.0,930.0,824.0,743.0,984.0,942.0
41937,23:03.000,23:03.030,2,1291.0,762.0,1447.0,971.0,808.0,756.0,966.0,954.0
41952,23:03.500,23:03.530,2,1309.0,782.0,1466.0,993.0,833.0,750.0,987.0,947.0
41967,23:04.000,23:04.030,2,1287.0,778.0,1445.0,987.0,808.0,740.0,966.0,944.0
41982,23:04.500,23:04.530,2,779.0,773.0,938.0,976.0,1261.0,809.0,1418.0,1021.0
41997,23:05.000,23:05.030,2,1322.0,872.0,1484.0,1081.0,853.0,838.0,1007.0,1037.0
42012,23:05.500,23:05.530,2,1304.0,828.0,1470.0,1030.0,837.0,810.0,992.0,1012.0
42027,23:06.000,23:06.032,2,1288.0,803.0,1458.0,1002.0,829.0,790.0,985.0,992.0
42042,23:06.500,23:06.532,2,1274.0,801.0,1443.0,1007.0,814.0,788.0,972.0,991.0
42057,23:07.000,23:07.023,2,1256.0,795.0,1427.0,1003.0,797.0,810.0,957.0,1004.0
42072,23:07.500,23:07.523,2,1309.0,878.0,1479.0,1084.0,843.0,876.0,1000.0,1079.0
42086,23:08.000,23:08.023,2,1268.0,792.0,1437.0,1001.0,794.0,819.0,955.0,1017.0
42101,23:08.500,23:08.523,2,1378.0,753.0,1546.0,961.0,906.0,755.0,1059.0,952.0
42116,23:09.000,23:09.023,2,1409.0,781.0,1578.0,992.0,939.0,781.0,1092.0,981.0
42131,23:09.500,23:09.523,2,1433.0,729.0,1603.0,945.0,968.0,707.0,1117.0,906.0
42146,23:10.000,23:10.025,2,1304.0,829.0,1459.0,1053.0,825.0,776.0,982.0,980.0
42161,23:10.500,23:10.525,2,1288.0,828.0,1439.0,1046.0,808.0,733.0,965.0,938.0
42176,23:11.000,23:11.025,2,1304.0,802.0,1459.0,1019.0,829.0,699.0,986.0,898.0
42191,23:11.500,23:11.525,2,778.0,679.0,937.0,883.0,1257.0,779.0,1409.0,1000.0
42206,23:12.000,23:12.025,2,803.0,642.0,960.0,848.0,1271.0,747.0,1428.0,965.0
42221,23:12.500,23:12.525,2,1265.0,699.0,1421.0,916.0,794.0,596.0,952.0,801.0
42236,23:13.000,23:13.025,2,768.0,554.0,927.0,763.0,1245.0,664.0,1399.0,881.0
42251,23:13.500,23:13.525,2,773.0,540.0,932.0,750.0,1247.0,650.0,1404.0,864.0
42266,23:14.000,23:14.027,2,1251.0,671.0,1406.0,886.0,773.0,576.0,931.0,782.0
42281,23:14.500,23:14.527,2,1258.0,801.0,1415.0,1015.0,792.0,698.0,948.0,901.0
42296,23:15.000,23:15.027,2,1271.0,743.0,1428.0,950.0,798.0,649.0,956.0,849.0
42311,23:15.500,23:15.527,2,1293.0,741.0,1451.0,950.0,818.0,651.0,973.0,852.0
42326,23:16.000,23:16.027,2,1263.0,947.0,1421.0,1165.0,789.0,863.0,948.0,1064.0
42341,23:16.500,23:16.527,2,1308.0,828.0,1465.0,1045.0,840.0,751.0,991.0,948.0
42356,23:17.000,23:17.027,2,1314.0,957.0,1475.0,1179.0,836.0,916.0,989.0,1120.0
42370,23:17.500,23:17.527,2,1262.0,930.0,1424.0,1149.0,777.0,919.0,936.0,1123.0
42385,23:18.000,23:18.028,2,1224.0,771.0,1381.0,982.0,744.0,740.0,902.0,939.0
42400,23:18.500,23:18.528,2,1266.0,817.0,1424.0,1030.0,791.0,752.0,949.0,951.0
42415,23:19.000,23:19.028,2,1240.0,699.0,1396.0,912.0,758.0,642.0,917.0,842.0
42430,23:19.500,23:19.528,2,1308.0,732.0,1467.0,947.0,832.0,662.0,988.0,865.0
42445,23:20.000,23:20.028,2,1301.0,744.0,1460.0,954.0,822.0,668.0,979.0,871.0
42460,23:20.500,23:20.528,2,1319.0,736.0,1481.0,952.0,838.0,665.0,996.0,872.0
42475,23:21.000,23:21.028,2,1477.0,874.0,1642.0,1092.0,991.0,846.0,1145.0,1042.0
42490,23:21.500,23:21.528,2,1345.0,859.0,1509.0,1074.0,854.0,822.0,1012.0,1028.0
42505,23:22.000,23:22.030,2,1234.0,892.0,1393.0,1109.0,747.0,824.0,908.0,1028.0
42520,23:22.500,23:22.530,2,1273.0,887.0,1433.0,1103.0,784.0,835.0,943.0,1039.0
42535,23:23.000,23:23.030,2,1245.0,786.0,1404.0,1005.0,762.0,743.0,922.0,947.0
42550,23:23.500,23:23.530,2,1246.0,732.0,1408.0,944.0,764.0,692.0,924.0,894.0
42565,23:24.000,23:24.030,2,733.0,667.0,895.0,871.0,1220.0,715.0,1380.0,923.0
42580,23:24.500,23:24.530,2,1233.0,704.0,1392.0,913.0,748.0,654.0,907.0,852.0
42595,23:25.000,23:25.030,2,1230.0,694.0,1388.0,910.0,744.0,639.0,904.0,838.0
42610,23:25.500,23:25.530,2,732.0,634.0,893.0,833.0,1220.0,694.0,1377.0,905.0
42625,23:26.000,23:26.032,2,1238.0,673.0,1397.0,887.0,753.0,608.0,913.0,816.0
42640,23:26.500,23:26.523,2,1252.0,658.0,1410.0,873.0,771.0,589.0,931.0,795.0
42655,23:27.000,23:27.023,2,1336.0,722.0,1497.0,932.0,870.0,683.0,1024.0,883.0
42670,23:27.500,23:27.523,2,887.0,788.0,1042.0,988.0,1350.0,806.0,1512.0,1017.0
42684,23:28.000,23:28.023,2,1355.0,707.0,1518.0,924.0,896.0,692.0,1048.0,888.0
42699,23:28.500,23:28.523,2,1351.0,750.0,1515.0,966.0,907.0,709.0,1056.0,903.0
42714,23:29.000,23:29.023,2,1273.0,733.0,1433.0,948.0,814.0,686.0,970.0,889.0
42729,23:29.500,23:29.523,2,1225.0,707.0,1383.0,919.0,750.0,634.0,909.0,835.0
42744,23:30.000,23:30.025,2,1212.0,695.0,1370.0,908.0,732.0,622.0,892.0,824.0
42759,23:30.500,23:30.525,2,1210.0,675.0,1369.0,890.0,730.0,601.0,889.0,807.0
42774,23:31.000,23:31.025,2,1202.0,651.0,1362.0,865.0,719.0,580.0,880.0,793.0
42789,23:31.500,23:31.525,2,1200.0,643.0,1359.0,856.0,719.0,572.0,877.0,779.0
42804,23:32.000,23:32.025,2,716.0,563.0,876.0,771.0,1198.0,636.0,1357.0,850.0
42819,23:32.500,23:32.525,2,715.0,557.0,875.0,768.0,1198.0,633.0,1357.0,848.0
42834,23:33.000,23:33.025,2,1196.0,625.0,1353.0,841.0,713.0,553.0,873.0,765.0
42849,23:33.500,23:33.525,2,1217.0,696.0,1374.0,915.0,740.0,634.0,899.0,834.0
42864,23:34.000,23:34.027,2,1228.0,772.0,1385.0,985.0,751.0,712.0,909.0,919.0
42879,23:34.500,23:34.527,2,1214.0,758.0,1372.0,970.0,734.0,696.0,893.0,897.0
42894,23:35.000,23:35.027,2,1221.0,742.0,1380.0,952.0,745.0,676.0,902.0,876.0
42909,23:35.500,23:35.527,2,1356.0,766.0,1515.0,977.0,882.0,720.0,1035.0,923.0
42924,23:36.000,23:36.027,2,1351.0,759.0,1512.0,969.0,879.0,711.0,1030.0,908.0
42939,23:36.500,23:36.527,2,1351.0,748.0,1509.0,955.0,864.0,707.0,1017.0,898.0
42954,23:37.000,23:37.027,2,1341.0,785.0,1498.0,994.0,860.0,754.0,1015.0,949.0
42969,23:37.500,23:37.527,2,1266.0,720.0,1423.0,928.0,790.0,692.0,948.0,892.0
42984,23:38.000,23:38.028,2,1298.0,780.0,1456.0,995.0,827.0,742.0,984.0,945.0
42999,23:38.500,23:38.528,2,1302.0,733.0,1460.0,945.0,824.0,702.0,983.0,904.0
43014,23:39.000,23:39.028,2,1274.0,726.0,1429.0,934.0,797.0,691.0,956.0,889.0
43029,23:39.500,23:39.528,2,1306.0,720.0,1462.0,932.0,826.0,671.0,982.0,873.0
43044,23:40.000,23:40.028,2,780.0,657.0,937.0,858.0,1267.0,693.0,1424.0,900.0
43059,23:40.500,23:40.528,2,734.0,652.0,895.0,852.0,1221.0,671.0,1379.0,882.0
43074,23:41.000,23:41.028,2,1275.0,711.0,1433.0,922.0,789.0,688.0,948.0,891.0
43089,23:41.500,23:41.528,2,1310.0,707.0,1471.0,924.0,835.0,673.0,991.0,874.0
43104,23:42.000,23:42.030,2,1249.0,859.0,1407.0,1072.0,770.0,788.0,928.0,996.0
43118,23:42.500,23:42.530,2,582.0,754.0,750.0,968.0,1073.0,869.0,1232.0,1089.0
43133,23:43.000,23:43.030,2,430.0,705.0,614.0,935.0,952.0,824.0,1114.0,1043.0
43148,23:43.500,23:43.530,2,530.0,762.0,705.0,984.0,1031.0,880.0,1191.0,1097.0
43163,23:44.000,23:44.030,2,592.0,764.0,762.0,980.0,1081.0,873.0,1241.0,1098.0
43178,23:44.500,23:44.530,2,1088.0,850.0,1245.0,1075.0,595.0,757.0,765.0,970.0
43193,23:45.000,23:45.030,2,602.0,772.0,772.0,987.0,1092.0,858.0,1251.0,1074.0
43208,23:45.500,23:45.522,2,670.0,731.0,836.0,947.0,1136.0,827.0,1295.0,1035.0
43223,23:46.000,23:46.023,2,708.0,771.0,872.0,984.0,1178.0,869.0,1338.0,1068.0
43238,23:46.500,23:46.523,2,700.0,752.0,863.0,962.0,1162.0,834.0,1322.0,1039.0
43253,23:47.000,23:47.023,2,717.0,763.0,879.0,970.0,1177.0,843.0,1337.0,1042.0
43268,23:47.500,23:47.523,2,718.0,770.0,879.0,979.0,1184.0,845.0,1343.0,1046.0
43283,23:48.000,23:48.023,2,654.0,836.0,820.0,1055.0,1121.0,922.0,1284.0,1129.0
43298,23:48.500,23:48.523,2,635.0,806.0,801.0,1012.0,1105.0,883.0,1267.0,1083.0
43313,23:49.000,23:49.023,2,648.0,810.0,813.0,1015.0,1128.0,878.0,1290.0,1076.0
43328,23:49.500,23:49.523,2,644.0,945.0,813.0,1154.0,1133.0,977.0,1299.0,1189.0
43343,23:50.000,23:50.025,2,643.0,933.0,811.0,1139.0,1131.0,950.0,1299.0,1164.0
43358,23:50.500,23:50.525,2,1128.0,897.0,1293.0,1110.0,642.0,873.0,809.0,1081.0
43373,23:51.000,23:51.025,2,1164.0,834.0,1332.0,1047.0,686.0,806.0,852.0,1013.0
43388,23:51.500,23:51.525,2,677.0,776.0,842.0,985.0,1155.0,808.0,1320.0,1017.0
43403,23:52.000,23:52.025,2,1112.0,660.0,1279.0,865.0,629.0,625.0,797.0,833.0
43418,23:52.500,23:52.525,2,1106.0,599.0,1278.0,806.0,625.0,545.0,795.0,761.0
43433,23:53.000,23:53.025,2,677.0,567.0,841.0,782.0,1138.0,643.0,1299.0,842.0
43448,23:53.500,23:53.525,2,1310.0,769.0,1470.0,967.0,884.0,724.0,1043.0,924.0
43463,23:54.000,23:54.027,2,1401.0,678.0,1565.0,885.0,962.0,663.0,1114.0,864.0
43478,23:54.500,23:54.527,2,1402.0,680.0,1568.0,894.0,944.0,671.0,1093.0,868.0
43493,23:55.000,23:55.027,2,1409.0,674.0,1575.0,894.0,923.0,661.0,1076.0,861.0
43508,23:55.500,23:55.527,2,1266.0,724.0,1424.0,943.0,774.0,704.0,932.0,905.0
43523,23:56.000,23:56.027,2,1175.0,674.0,1334.0,888.0,678.0,662.0,842.0,867.0
43538,23:56.500,23:56.527,2,1191.0,661.0,1350.0,878.0,695.0,646.0,859.0,851.0
43553,23:57.000,23:57.027,2,1215.0,666.0,1374.0,877.0,729.0,650.0,892.0,851.0
43568,23:57.500,23:57.527,2,1205.0,655.0,1364.0,867.0,723.0,649.0,884.0,852.0
43583,23:58.000,23:58.028,2,1142.0,645.0,1300.0,854.0,643.0,648.0,814.0,853.0
43598,23:58.500,23:58.528,2,1215.0,647.0,1373.0,852.0,730.0,637.0,892.0,835.0
43613,23:59.000,23:59.028,2,1285.0,668.0,1444.0,876.0,803.0,648.0,960.0,846.0
43628,23:59.500,23:59.528,2,1406.0,720.0,1569.0,936.0,927.0,683.0,1080.0,881.0
43643,24:00.000,24:00.028,2,1367.0,785.0,1528.0,997.0,891.0,732.0,1045.0,937.0
43658,24:00.500,24:00.528,2,1287.0,823.0,1446.0,1033.0,811.0,780.0,967.0,982.0
43673,24:01.000,24:01.028,2,1273.0,807.0,1433.0,1017.0,796.0,759.0,953.0,966.0
43688,24:01.500,24:01.528,2,1284.0,788.0,1442.0,1000.0,808.0,741.0,964.0,939.0
43703,24:02.000,24:02.030,2,768.0,779.0,926.0,983.0,1245.0,835.0,1401.0,1045.0
43718,24:02.500,24:02.530,2,650.0,900.0,814.0,1107.0,1136.0,965.0,1294.0,1179.0
43733,24:03.000,24:03.030,2,1192.0,910.0,1348.0,1123.0,720.0,852.0,879.0,1053.0
43748,24:03.500,24:03.530,2,674.0,896.0,837.0,1104.0,1162.0,922.0,1321.0,1139.0
43763,24:04.000,24:04.030,2,1198.0,838.0,1357.0,1052.0,729.0,809.0,888.0,1011.0
43778,24:04.500,24:04.522,2,760.0,777.0,919.0,979.0,1224.0,793.0,1385.0,999.0
43793,24:05.000,24:05.022,2,782.0,727.0,939.0,926.0,1247.0,758.0,1407.0,957.0
43808,24:05.500,24:05.522,2,1251.0,747.0,1409.0,949.0,779.0,718.0,937.0,914.0
43823,24:06.000,24:06.023,2,1311.0,752.0,1470.0,959.0,842.0,714.0,995.0,908.0
43838,24:06.500,24:06.523,2,1334.0,792.0,1494.0,1004.0,867.0,757.0,1020.0,952.0
43853,24:07.000,24:07.023,2,1337.0,835.0,1496.0,1053.0,882.0,782.0,1033.0,977.0
43868,24:07.500,24:07.523,2,1385.0,876.0,1547.0,1092.0,938.0,781.0,1088.0,980.0
43883,24:08.000,24:08.023,2,1354.0,819.0,1513.0,1034.0,893.0,736.0,1045.0,927.0
43898,24:08.500,24:08.523,2,1356.0,769.0,1515.0,986.0,881.0,677.0,1035.0,875.0
43913,24:09.000,24:09.023,2,1375.0,726.0,1536.0,946.0,903.0,631.0,1056.0,828.0
43928,24:09.500,24:09.523,2,1375.0,704.0,1537.0,928.0,907.0,605.0,1059.0,804.0
43943,24:10.000,24:10.025,2,1368.0,688.0,1528.0,903.0,911.0,588.0,1063.0,791.0
43958,24:10.500,24:10.525,2,1377.0,682.0,1538.0,897.0,924.0,583.0,1076.0,785.0
43973,24:11.000,24:11.025,2,1375.0,679.0,1536.0,895.0,923.0,581.0,1076.0,780.0
43988,24:11.500,24:11.525,2,1374.0,677.0,1535.0,893.0,920.0,580.0,1072.0,778.0
44003,24:12.000,24:12.025,2,1375.0,669.0,1536.0,886.0,919.0,572.0,1073.0,772.0
44018,24:12.500,24:12.525,2,1375.0,665.0,1538.0,881.0,919.0,565.0,1073.0,768.0
44033,24:13.000,24:13.025,2,1377.0,655.0,1540.0,874.0,924.0,549.0,1076.0,756.0
44048,24:13.500,24:13.525,2,1375.0,641.0,1537.0,858.0,922.0,535.0,1077.0,741.0
44063,24:14.000,24:14.027,2,1372.0,639.0,1534.0,851.0,921.0,530.0,1075.0,736.0
44078,24:14.500,24:14.527,2,1374.0,632.0,1536.0,849.0,920.0,525.0,1075.0,728.0
44093,24:15.000,24:15.027,2,1379.0,629.0,1540.0,844.0,924.0,522.0,1078.0,726.0
44108,24:15.500,24:15.527,2,1383.0,627.0,1544.0,845.0,925.0,517.0,1079.0,721.0
44123,24:16.000,24:16.027,2,1388.0,620.0,1550.0,835.0,928.0,510.0,1083.0,716.0
44138,24:16.500,24:16.527,2,1388.0,614.0,1550.0,833.0,926.0,507.0,1082.0,711.0
44153,24:17.000,24:17.027,2,1382.0,621.0,1542.0,837.0,927.0,512.0,1081.0,716.0
44168,24:17.500,24:17.527,2,1376.0,712.0,1540.0,929.0,934.0,605.0,1087.0,808.0
44183,24:18.000,24:18.028,2,1313.0,739.0,1473.0,955.0,863.0,639.0,1015.0,837.0
44198,24:18.500,24:18.528,2,1407.0,747.0,1571.0,965.0,964.0,633.0,1116.0,829.0
44213,24:19.000,24:19.028,2,1476.0,751.0,1643.0,972.0,1034.0,624.0,1186.0,823.0
44228,24:19.500,24:19.528,2,1390.0,739.0,1556.0,963.0,957.0,603.0,1109.0,805.0
44243,24:20.000,24:20.028,2,1391.0,713.0,1555.0,931.0,951.0,590.0,1105.0,794.0
44258,24:20.500,24:20.520,2,1409.0,719.0,1573.0,934.0,969.0,607.0,1119.0,811.0
44273,24:21.000,24:21.028,2,1396.0,700.0,1562.0,911.0,956.0,595.0,1108.0,794.0
44288,24:21.500,24:21.528,2,1408.0,690.0,1572.0,903.0,966.0,592.0,1118.0,788.0
44303,24:22.000,24:22.030,2,1396.0,675.0,1559.0,889.0,954.0,573.0,1106.0,775.0
44318,24:22.500,24:22.530,2,1397.0,663.0,1561.0,879.0,955.0,564.0,1107.0,763.0
44333,24:23.000,24:23.030,2,1393.0,669.0,1556.0,884.0,955.0,567.0,1106.0,769.0
44348,24:23.500,24:23.522,2,1398.0,699.0,1559.0,912.0,965.0,602.0,1115.0,803.0
44363,24:24.000,24:24.022,2,1428.0,884.0,1592.0,1092.0,991.0,808.0,1141.0,1009.0
44378,24:24.500,24:24.522,2,1302.0,836.0,1463.0,1045.0,853.0,784.0,1007.0,988.0
44393,24:25.000,24:25.022,2,1311.0,745.0,1474.0,957.0,829.0,707.0,987.0,908.0
44408,24:25.500,24:25.522,2,1273.0,738.0,1433.0,949.0,781.0,692.0,943.0,892.0
44423,24:26.000,24:26.023,2,798.0,659.0,957.0,862.0,1294.0,715.0,1452.0,928.0
44438,24:26.500,24:26.523,2,779.0,648.0,938.0,848.0,1280.0,722.0,1435.0,937.0
44453,24:27.000,24:27.023,2,709.0,664.0,872.0,869.0,1222.0,716.0,1379.0,934.0
44468,24:27.500,24:27.523,2,719.0,649.0,882.0,853.0,1237.0,701.0,1389.0,909.0
44483,24:28.000,24:28.023,2,725.0,631.0,887.0,834.0,1240.0,679.0,1395.0,890.0
44498,24:28.500,24:28.523,2,723.0,617.0,885.0,820.0,1236.0,662.0,1392.0,879.0
44513,24:29.000,24:29.023,2,731.0,622.0,894.0,825.0,1234.0,661.0,1392.0,870.0
44528,24:29.500,24:29.523,2,1239.0,661.0,1395.0,869.0,742.0,623.0,903.0,824.0
44543,24:30.000,24:30.025,2,1236.0,662.0,1394.0,873.0,745.0,623.0,906.0,823.0
44558,24:30.500,24:30.525,2,1280.0,780.0,1437.0,994.0,795.0,736.0,954.0,938.0
44573,24:31.000,24:31.025,2,1244.0,780.0,1401.0,988.0,775.0,727.0,934.0,930.0
44588,24:31.500,24:31.525,2,1273.0,797.0,1432.0,1009.0,809.0,729.0,967.0,931.0
44603,24:32.000,24:32.025,2,1249.0,757.0,1407.0,965.0,781.0,683.0,939.0,884.0
44618,24:32.500,24:32.525,2,1275.0,736.0,1434.0,951.0,807.0,659.0,963.0,858.0
44633,24:33.000,24:33.025,2,1273.0,708.0,1431.0,922.0,789.0,637.0,947.0,836.0
44648,24:33.500,24:33.525,2,1268.0,694.0,1426.0,909.0,786.0,627.0,945.0,828.0
44663,24:34.000,24:34.027,2,1269.0,684.0,1427.0,896.0,785.0,614.0,941.0,815.0
44678,24:34.500,24:34.527,2,1267.0,677.0,1429.0,891.0,778.0,607.0,938.0,809.0
44693,24:35.000,24:35.027,2,1277.0,664.0,1437.0,881.0,786.0,598.0,944.0,802.0
44708,24:35.500,24:35.527,2,1303.0,746.0,1462.0,956.0,819.0,686.0,977.0,887.0
44723,24:36.000,24:36.027,2,1283.0,861.0,1443.0,1075.0,806.0,782.0,962.0,989.0
44738,24:36.500,24:36.527,2,1238.0,848.0,1396.0,1059.0,753.0,770.0,912.0,976.0
44753,24:37.000,24:37.027,2,757.0,785.0,918.0,994.0,1240.0,869.0,1397.0,1083.0
44768,24:37.500,24:37.527,2,1373.0,877.0,1538.0,1095.0,889.0,833.0,1047.0,1031.0
44783,24:38.000,24:38.028,2,1421.0,846.0,1589.0,1063.0,936.0,832.0,1092.0,1030.0
44798,24:38.500,24:38.528,2,1345.0,832.0,1516.0,1035.0,868.0,835.0,1025.0,1030.0
44813,24:39.000,24:39.028,2,1310.0,814.0,1483.0,1022.0,831.0,826.0,994.0,1026.0
44828,24:39.500,24:39.528,2,1574.0,331.0,1755.0,567.0,1064.0,318.0,1229.0,533.0
44843,24:40.000,24:40.028,2,1354.0,542.0,1520.0,762.0,866.0,515.0,1029.0,723.0
44858,24:40.500,24:40.528,2,1290.0,691.0,1452.0,905.0,809.0,652.0,967.0,850.0
44873,24:41.000,24:41.028,2,1281.0,819.0,1437.0,1036.0,809.0,745.0,965.0,950.0
44888,24:41.500,24:41.528,2,1363.0,842.0,1524.0,1059.0,887.0,789.0,1036.0,987.0
44903,24:42.000,24:42.030,2,1384.0,874.0,1548.0,1087.0,901.0,839.0,1053.0,1041.0
44918,24:42.500,24:42.530,2,1386.0,831.0,1550.0,1045.0,892.0,813.0,1043.0,1009.0
44933,24:43.000,24:43.022,2,1345.0,804.0,1511.0,1016.0,857.0,788.0,1008.0,983.0
44948,24:43.500,24:43.522,2,1317.0,781.0,1482.0,996.0,828.0,788.0,981.0,985.0
44963,24:44.000,24:44.022,2,1365.0,752.0,1530.0,962.0,873.0,742.0,1028.0,944.0
44978,24:44.500,24:44.522,2,1321.0,819.0,1484.0,1032.0,830.0,780.0,985.0,978.0
44993,24:45.000,24:45.022,2,1352.0,754.0,1514.0,966.0,869.0,660.0,1021.0,856.0
45008,24:45.500,24:45.523,2,1247.0,858.0,1406.0,1080.0,769.0,717.0,927.0,926.0
45023,24:46.000,24:46.023,2,1231.0,848.0,1393.0,1069.0,760.0,696.0,920.0,904.0
45038,24:46.500,24:46.523,2,1333.0,850.0,1496.0,1073.0,859.0,715.0,1013.0,918.0
45053,24:47.000,24:47.023,2,1305.0,882.0,1464.0,1103.0,811.0,757.0,968.0,961.0
45068,24:47.500,24:47.523,2,1279.0,833.0,1438.0,1049.0,781.0,715.0,937.0,921.0
45083,24:48.000,24:48.023,2,1271.0,867.0,1431.0,1085.0,777.0,737.0,932.0,943.0
45098,24:48.500,24:48.523,2,1279.0,878.0,1444.0,1092.0,787.0,754.0,941.0,959.0
45113,24:49.000,24:49.023,2,1299.0,862.0,1464.0,1074.0,808.0,744.0,965.0,951.0
45128,24:49.500,24:49.525,2,1308.0,859.0,1471.0,1073.0,821.0,761.0,973.0,959.0
45143,24:50.000,24:50.025,2,1301.0,844.0,1463.0,1062.0,812.0,746.0,968.0,950.0
45158,24:50.500,24:50.525,2,744.0,718.0,901.0,919.0,1242.0,821.0,1399.0,1032.0
45173,24:51.000,24:51.025,2,1264.0,820.0,1425.0,1039.0,773.0,709.0,929.0,911.0
45188,24:51.500,24:51.525,2,1231.0,820.0,1390.0,1034.0,734.0,713.0,893.0,914.0
45203,24:52.000,24:52.025,2,1188.0,833.0,1346.0,1047.0,686.0,726.0,846.0,933.0
45218,24:52.500,24:52.558,2,1199.0,793.0,1358.0,1011.0,700.0,686.0,860.0,890.0
45233,24:53.000,24:53.025,2,548.0,722.0,713.0,936.0,1529.0,833.0,1688.0,1053.0
45248,24:53.500,24:53.527,2,550.0,728.0,718.0,949.0,1590.0,814.0,1749.0,1033.0
45263,24:54.000,24:54.027,2,473.0,780.0,650.0,1005.0,1520.0,881.0,1672.0,1100.0
45278,24:54.500,24:54.527,2,395.0,735.0,576.0,962.0,1451.0,872.0,1602.0,1088.0
45293,24:55.000,24:55.027,2,360.0,711.0,546.0,944.0,1425.0,846.0,1576.0,1061.0
45308,24:55.500,24:55.527,2,1615.0,841.0,1776.0,1064.0,584.0,752.0,750.0,967.0
45323,24:56.000,24:56.027,2,642.0,725.0,805.0,941.0,1672.0,771.0,1837.0,996.0
45338,24:56.500,24:56.527,2,1592.0,774.0,1751.0,991.0,560.0,694.0,729.0,911.0
45353,24:57.000,24:57.027,2,1599.0,780.0,1758.0,999.0,568.0,691.0,737.0,906.0
45368,24:57.500,24:57.528,2,544.0,677.0,714.0,892.0,1580.0,744.0,1736.0,960.0
45383,24:58.000,24:58.028,2,568.0,667.0,737.0,881.0,1585.0,726.0,1743.0,942.0
45398,24:58.500,24:58.528,2,579.0,679.0,753.0,889.0,1584.0,723.0,1741.0,941.0
45413,24:59.000,24:59.028,2,590.0,671.0,763.0,879.0,1593.0,715.0,1752.0,930.0
45428,24:59.500,24:59.528,2,1617.0,715.0,1776.0,933.0,616.0,679.0,794.0,880.0
45443,25:00.000,25:00.028,2,1608.0,697.0,1767.0,918.0,601.0,638.0,768.0,848.0
45458,25:00.500,25:00.528,2,1612.0,698.0,1771.0,919.0,589.0,615.0,754.0,831.0
45473,25:01.000,25:01.028,2,581.0,610.0,747.0,826.0,1612.0,697.0,1773.0,919.0
45488,25:01.500,25:01.530,2,578.0,605.0,744.0,822.0,1612.0,694.0,1771.0,913.0
45503,25:02.000,25:02.030,2,574.0,607.0,740.0,823.0,1607.0,693.0,1766.0,911.0
45518,25:02.500,25:02.530,2,574.0,601.0,740.0,818.0,1603.0,683.0,1760.0,901.0
45533,25:03.000,25:03.022,2,568.0,597.0,736.0,814.0,1598.0,679.0,1756.0,896.0
45548,25:03.500,25:03.522,2,570.0,597.0,737.0,813.0,1600.0,679.0,1756.0,896.0
45563,25:04.000,25:04.022,2,574.0,597.0,740.0,814.0,1604.0,678.0,1761.0,895.0
45578,25:04.500,25:04.522,2,574.0,597.0,740.0,811.0,1602.0,679.0,1759.0,896.0
45593,25:05.000,25:05.022,2,1604.0,676.0,1761.0,893.0,575.0,595.0,743.0,809.0
45608,25:05.500,25:05.522,2,571.0,595.0,739.0,810.0,1597.0,675.0,1754.0,890.0
45623,25:06.000,25:06.023,2,570.0,592.0,738.0,808.0,1594.0,673.0,1753.0,888.0
45638,25:06.500,25:06.523,2,568.0,595.0,736.0,811.0,1594.0,675.0,1752.0,890.0
45653,25:07.000,25:07.023,2,1599.0,666.0,1758.0,882.0,565.0,596.0,733.0,812.0
45668,25:07.500,25:07.523,2,1601.0,668.0,1759.0,884.0,566.0,597.0,734.0,812.0
45683,25:08.000,25:08.023,2,569.0,600.0,737.0,816.0,1604.0,675.0,1761.0,892.0
45698,25:08.500,25:08.523,2,569.0,601.0,736.0,817.0,1603.0,679.0,1759.0,897.0
45713,25:09.000,25:09.023,2,561.0,604.0,729.0,821.0,1598.0,675.0,1754.0,893.0
45728,25:09.500,25:09.525,2,1598.0,674.0,1755.0,891.0,565.0,601.0,732.0,818.0
45743,25:10.000,25:10.025,2,1596.0,672.0,1753.0,889.0,567.0,599.0,733.0,816.0
45758,25:10.500,25:10.525,2,1589.0,669.0,1747.0,886.0,562.0,599.0,730.0,817.0
45773,25:11.000,25:11.025,2,1587.0,669.0,1747.0,885.0,560.0,598.0,729.0,815.0
45788,25:11.500,25:11.525,2,1587.0,664.0,1745.0,881.0,559.0,594.0,728.0,812.0
45803,25:12.000,25:12.025,2,1589.0,663.0,1748.0,880.0,564.0,590.0,732.0,808.0
45818,25:12.500,25:12.525,2,1589.0,663.0,1748.0,879.0,559.0,591.0,728.0,810.0
45833,25:13.000,25:13.025,2,1593.0,662.0,1752.0,879.0,564.0,592.0,731.0,811.0
45848,25:13.500,25:13.527,2,1599.0,661.0,1757.0,876.0,559.0,594.0,730.0,818.0
45863,25:14.000,25:14.027,2,1606.0,661.0,1764.0,876.0,559.0,594.0,728.0,813.0
45878,25:14.500,25:14.527,2,556.0,592.0,726.0,811.0,1608.0,660.0,1765.0,875.0
45893,25:15.000,25:15.027,2,564.0,591.0,731.0,805.0,1603.0,662.0,1759.0,878.0
45908,25:15.500,25:15.527,2,562.0,591.0,730.0,806.0,1604.0,659.0,1761.0,872.0
45923,25:16.000,25:16.027,2,593.0,654.0,759.0,866.0,1631.0,698.0,1790.0,916.0
45938,25:16.500,25:16.527,2,1626.0,748.0,1784.0,967.0,596.0,694.0,761.0,905.0
45953,25:17.000,25:17.027,2,1771.0,737.0,1940.0,963.0,736.0,707.0,894.0,917.0
45968,25:17.500,25:17.528,2,1673.0,727.0,1834.0,948.0,644.0,698.0,806.0,905.0
45983,25:18.000,25:18.028,2,742.0,714.0,910.0,929.0,1297.0,726.0,1458.0,942.0
45998,25:18.500,25:18.528,2,1306.0,841.0,1469.0,1063.0,807.0,855.0,971.0,1074.0
46013,25:19.000,25:19.028,2,1404.0,745.0,1572.0,965.0,887.0,750.0,1050.0,959.0
46028,25:19.500,25:19.528,2,845.0,479.0,1015.0,705.0,1392.0,464.0,1560.0,702.0
46043,25:20.000,25:20.028,2,1414.0,494.0,1587.0,736.0,886.0,481.0,1052.0,702.0
46058,25:20.500,25:20.528,2,1368.0,540.0,1541.0,783.0,837.0,490.0,1005.0,720.0
46073,25:21.000,25:21.028,2,1360.0,547.0,1538.0,821.0,821.0,517.0,991.0,740.0
46088,25:21.500,25:21.530,1,1374.0,642.0,1552.0,905.0,,,,
46103,25:22.000,25:22.030,0,,,,,,,,
46122,25:22.500,25:22.505,0,,,,,,,,
46131,25:23.000,25:23.080,0,,,,,,,,
46147,25:23.500,25:23.513,0,,,,,,,,
46177,25:24.000,25:24.013,0,,,,,,,,
46205,25:24.500,25:24.505,0,,,,,,,,
