frame,time,faces_detected_count,face_0_tl_x,face_0_tl_y,face_0_br_x,face_0_br_y,face_1_tl_x,face_1_tl_y,face_1_br_x,face_1_br_y,face_2_tl_x,face_2_tl_y,face_2_br_x,face_2_br_y
13991,07:30.983,3,90.0,779.0,277.0,1011.0,667.0,872.0,824.0,1080.0,1691.0,868.0,1848.0,1073.0
14007,07:31.499,3,34.0,702.0,228.0,937.0,629.0,809.0,787.0,1014.0,1653.0,826.0,1805.0,1020.0
14023,07:32.015,3,139.0,698.0,318.0,924.0,699.0,802.0,852.0,1003.0,1721.0,827.0,1877.0,1023.0
14039,07:32.531,3,132.0,658.0,312.0,886.0,1717.0,793.0,1873.0,995.0,695.0,765.0,849.0,969.0
14055,07:33.046,3,142.0,652.0,324.0,882.0,1724.0,794.0,1879.0,996.0,702.0,763.0,857.0,967.0
14071,07:33.562,3,146.0,651.0,328.0,878.0,1725.0,795.0,1881.0,996.0,705.0,760.0,859.0,965.0
14087,07:34.078,3,159.0,645.0,341.0,874.0,1727.0,794.0,1883.0,997.0,707.0,757.0,860.0,964.0
14103,07:34.593,3,163.0,642.0,343.0,867.0,1725.0,793.0,1881.0,996.0,704.0,759.0,859.0,967.0
14119,07:35.109,3,167.0,640.0,347.0,867.0,1725.0,793.0,1881.0,996.0,705.0,758.0,859.0,966.0
14135,07:35.625,3,170.0,643.0,352.0,871.0,1725.0,797.0,1879.0,998.0,704.0,760.0,859.0,967.0
14151,07:36.141,3,167.0,647.0,348.0,873.0,703.0,763.0,858.0,968.0,1722.0,798.0,1877.0,998.0
14167,07:36.656,3,166.0,647.0,346.0,873.0,702.0,766.0,857.0,969.0,1721.0,797.0,1876.0,999.0
14183,07:37.172,3,166.0,646.0,348.0,873.0,703.0,764.0,859.0,968.0,1725.0,798.0,1880.0,1000.0
14199,07:37.688,3,179.0,644.0,359.0,873.0,1734.0,802.0,1892.0,1003.0,713.0,767.0,865.0,968.0
14215,07:38.204,3,173.0,647.0,354.0,873.0,710.0,768.0,863.0,969.0,1731.0,797.0,1886.0,1001.0
14231,07:38.719,3,193.0,638.0,372.0,865.0,1744.0,801.0,1902.0,1003.0,724.0,757.0,877.0,964.0
14247,07:39.235,3,218.0,630.0,390.0,853.0,1763.0,799.0,1920.0,1006.0,741.0,756.0,894.0,957.0
14263,07:39.751,3,209.0,634.0,385.0,859.0,734.0,756.0,888.0,962.0,1754.0,808.0,1912.0,1008.0
14279,07:40.267,3,207.0,634.0,383.0,861.0,732.0,755.0,886.0,960.0,1754.0,807.0,1912.0,1006.0
14295,07:40.782,3,201.0,626.0,376.0,851.0,1753.0,786.0,1910.0,991.0,729.0,751.0,883.0,951.0
14311,07:41.298,3,205.0,624.0,379.0,848.0,1756.0,785.0,1912.0,989.0,733.0,751.0,887.0,950.0
14327,07:41.814,3,202.0,706.0,380.0,929.0,1755.0,865.0,1914.0,1071.0,734.0,828.0,888.0,1028.0
14343,07:42.330,3,1742.0,930.0,1900.0,1137.0,181.0,737.0,360.0,955.0,715.0,865.0,869.0,1068.0
14359,07:42.845,3,1782.0,978.0,1942.0,1195.0,222.0,822.0,395.0,1041.0,744.0,939.0,897.0,1141.0
14375,07:43.361,3,1766.0,891.0,1924.0,1096.0,200.0,752.0,375.0,972.0,730.0,863.0,886.0,1064.0
14391,07:43.877,3,135.0,710.0,314.0,934.0,1719.0,820.0,1873.0,1018.0,688.0,813.0,842.0,1012.0
14407,07:44.393,3,195.0,669.0,366.0,894.0,1767.0,810.0,1925.0,1014.0,738.0,784.0,889.0,984.0
14423,07:44.908,3,148.0,762.0,323.0,975.0,1752.0,888.0,1911.0,1095.0,724.0,872.0,878.0,1071.0
14439,07:45.424,3,144.0,722.0,321.0,934.0,1753.0,852.0,1909.0,1050.0,726.0,832.0,880.0,1032.0
14455,07:45.940,3,147.0,713.0,324.0,928.0,1743.0,832.0,1900.0,1030.0,718.0,815.0,868.0,1014.0
14471,07:46.456,3,162.0,690.0,337.0,906.0,731.0,796.0,882.0,996.0,1756.0,819.0,1913.0,1014.0
14487,07:46.971,3,148.0,719.0,327.0,929.0,1747.0,840.0,1905.0,1035.0,723.0,822.0,874.0,1024.0
14503,07:47.487,3,143.0,727.0,320.0,932.0,1742.0,840.0,1899.0,1037.0,718.0,826.0,870.0,1026.0
14519,07:48.003,3,1748.0,848.0,1907.0,1048.0,156.0,732.0,329.0,939.0,726.0,832.0,878.0,1033.0
14535,07:48.518,3,166.0,711.0,341.0,920.0,733.0,817.0,886.0,1020.0,1759.0,845.0,1915.0,1039.0
14551,07:49.034,3,165.0,711.0,339.0,920.0,1756.0,845.0,1914.0,1038.0,732.0,817.0,885.0,1015.0
14567,07:49.550,3,161.0,713.0,335.0,921.0,1750.0,847.0,1908.0,1039.0,730.0,815.0,882.0,1016.0
14583,07:50.066,3,160.0,717.0,334.0,925.0,1750.0,845.0,1908.0,1041.0,729.0,817.0,881.0,1020.0
14599,07:50.581,3,159.0,717.0,334.0,926.0,1751.0,843.0,1908.0,1039.0,729.0,819.0,880.0,1021.0
14615,07:51.097,3,159.0,718.0,334.0,929.0,1751.0,846.0,1908.0,1042.0,728.0,820.0,880.0,1024.0
14631,07:51.613,3,159.0,718.0,333.0,928.0,1749.0,844.0,1907.0,1040.0,727.0,819.0,879.0,1024.0
14647,07:52.129,3,157.0,720.0,332.0,931.0,1748.0,846.0,1906.0,1042.0,726.0,822.0,878.0,1025.0
14663,07:52.644,3,150.0,721.0,327.0,933.0,1741.0,843.0,1899.0,1044.0,722.0,826.0,872.0,1026.0
14679,07:53.160,3,147.0,718.0,326.0,930.0,1740.0,840.0,1897.0,1035.0,720.0,820.0,870.0,1022.0
14695,07:53.676,3,147.0,720.0,326.0,933.0,1741.0,843.0,1897.0,1037.0,719.0,821.0,870.0,1023.0
14711,07:54.192,3,151.0,721.0,328.0,932.0,1743.0,844.0,1901.0,1038.0,723.0,823.0,874.0,1024.0
14727,07:54.707,3,154.0,720.0,329.0,931.0,1744.0,845.0,1902.0,1039.0,724.0,822.0,875.0,1023.0
14743,07:55.223,3,155.0,719.0,330.0,931.0,1744.0,845.0,1903.0,1040.0,724.0,821.0,876.0,1023.0
14759,07:55.739,3,155.0,719.0,330.0,930.0,1744.0,845.0,1902.0,1041.0,724.0,819.0,875.0,1023.0
14775,07:56.255,3,156.0,720.0,330.0,933.0,1748.0,847.0,1906.0,1043.0,723.0,822.0,875.0,1024.0
14791,07:56.770,3,156.0,724.0,330.0,934.0,1747.0,847.0,1905.0,1046.0,723.0,825.0,874.0,1026.0
14807,07:57.286,3,156.0,721.0,332.0,933.0,1747.0,846.0,1905.0,1045.0,724.0,825.0,875.0,1027.0
14823,07:57.802,3,160.0,731.0,335.0,948.0,1748.0,853.0,1906.0,1053.0,725.0,830.0,878.0,1031.0
14839,07:58.318,3,157.0,729.0,332.0,946.0,1741.0,854.0,1899.0,1055.0,725.0,833.0,877.0,1033.0
14855,07:58.833,3,162.0,630.0,336.0,846.0,1749.0,751.0,1908.0,956.0,732.0,738.0,882.0,934.0
14871,07:59.349,3,141.0,752.0,316.0,969.0,1732.0,857.0,1891.0,1058.0,713.0,851.0,863.0,1051.0
14887,07:59.865,3,1764.0,666.0,1923.0,871.0,168.0,548.0,344.0,771.0,738.0,655.0,890.0,854.0
14903,08:00.381,3,1759.0,953.0,1922.0,1156.0,161.0,874.0,336.0,1087.0,729.0,963.0,882.0,1163.0
14919,08:00.896,3,1764.0,781.0,1925.0,988.0,181.0,697.0,353.0,911.0,746.0,789.0,895.0,988.0
14935,08:01.412,3,175.0,667.0,347.0,886.0,1760.0,772.0,1920.0,975.0,741.0,769.0,892.0,968.0
14951,08:01.928,3,1753.0,806.0,1914.0,1005.0,740.0,805.0,891.0,1002.0,190.0,710.0,364.0,927.0
14967,08:02.444,3,190.0,730.0,362.0,948.0,1754.0,848.0,1914.0,1047.0,737.0,845.0,887.0,1042.0
14983,08:02.959,3,1743.0,817.0,1901.0,1017.0,179.0,699.0,352.0,918.0,725.0,818.0,878.0,1018.0
14999,08:03.475,3,178.0,712.0,354.0,932.0,1735.0,829.0,1894.0,1026.0,725.0,830.0,878.0,1030.0
15015,08:03.991,3,1770.0,844.0,1932.0,1048.0,229.0,732.0,398.0,950.0,763.0,851.0,913.0,1043.0
15031,08:04.506,3,1762.0,846.0,1923.0,1049.0,208.0,740.0,379.0,958.0,751.0,857.0,901.0,1050.0
15047,08:05.022,3,212.0,719.0,384.0,935.0,1768.0,830.0,1930.0,1031.0,753.0,835.0,903.0,1027.0
15063,08:05.538,3,216.0,720.0,389.0,934.0,1770.0,838.0,1933.0,1037.0,756.0,840.0,906.0,1031.0
15079,08:06.054,3,232.0,709.0,402.0,933.0,1778.0,836.0,1941.0,1042.0,764.0,832.0,913.0,1025.0
15095,08:06.569,3,270.0,697.0,437.0,913.0,1812.0,836.0,1974.0,1032.0,793.0,816.0,943.0,1010.0
15111,08:07.085,3,335.0,694.0,496.0,915.0,1869.0,831.0,2037.0,1031.0,848.0,814.0,997.0,1008.0
15127,08:07.601,3,2112.0,823.0,2307.0,1037.0,1038.0,818.0,1180.0,1003.0,569.0,714.0,716.0,912.0
15143,08:08.117,2,1169.0,835.0,1310.0,1022.0,719.0,742.0,852.0,934.0,,,,
15159,08:08.632,2,1233.0,841.0,1376.0,1025.0,789.0,751.0,919.0,935.0,,,,
15175,08:09.148,2,1212.0,834.0,1354.0,1020.0,767.0,741.0,898.0,936.0,,,,
15191,08:09.664,3,163.0,696.0,340.0,919.0,721.0,786.0,874.0,989.0,1714.0,772.0,1870.0,972.0
15207,08:10.180,3,145.0,652.0,324.0,877.0,708.0,724.0,860.0,917.0,1692.0,671.0,1848.0,862.0
15223,08:10.695,3,154.0,625.0,330.0,844.0,715.0,697.0,867.0,892.0,1699.0,659.0,1851.0,850.0
15239,08:11.211,3,145.0,657.0,327.0,879.0,706.0,740.0,858.0,940.0,1694.0,713.0,1847.0,905.0
15255,08:11.727,3,1848.0,693.0,2013.0,895.0,336.0,696.0,497.0,914.0,849.0,761.0,996.0,956.0
15271,08:12.243,3,22.0,696.0,216.0,928.0,619.0,775.0,777.0,976.0,1611.0,738.0,1760.0,929.0
15287,08:12.758,3,91.0,663.0,276.0,899.0,669.0,750.0,824.0,948.0,1659.0,706.0,1810.0,898.0
15303,08:13.274,3,4.0,689.0,196.0,922.0,611.0,779.0,769.0,983.0,1606.0,752.0,1752.0,945.0
15319,08:13.790,2,519.0,743.0,686.0,948.0,1529.0,728.0,1671.0,913.0,,,,
15335,08:14.306,3,560.0,747.0,723.0,949.0,1566.0,753.0,1710.0,942.0,-73.0,625.0,112.0,862.0
15351,08:14.821,3,54.0,562.0,245.0,793.0,659.0,678.0,816.0,879.0,1660.0,693.0,1807.0,887.0
15367,08:15.337,3,-2.0,602.0,189.0,855.0,610.0,737.0,768.0,938.0,1612.0,747.0,1759.0,942.0
15383,08:15.853,2,521.0,675.0,688.0,886.0,1533.0,732.0,1674.0,918.0,,,,
15399,08:16.369,3,579.0,668.0,742.0,875.0,1587.0,718.0,1729.0,901.0,-75.0,518.0,119.0,761.0
15415,08:16.884,3,118.0,703.0,299.0,931.0,701.0,777.0,854.0,974.0,1693.0,709.0,1847.0,899.0
15431,08:17.400,3,55.0,661.0,243.0,903.0,663.0,753.0,818.0,950.0,1656.0,694.0,1806.0,884.0
15447,08:17.916,3,45.0,684.0,238.0,915.0,647.0,781.0,805.0,979.0,1645.0,746.0,1795.0,941.0
15463,08:18.431,3,550.0,662.0,715.0,874.0,1559.0,657.0,1702.0,846.0,-79.0,561.0,115.0,807.0
15479,08:18.947,2,539.0,578.0,704.0,785.0,1555.0,608.0,1695.0,795.0,,,,
15495,08:19.463,2,474.0,555.0,646.0,769.0,1504.0,608.0,1643.0,789.0,,,,
15511,08:19.979,2,494.0,541.0,666.0,755.0,1522.0,609.0,1661.0,791.0,,,,
15527,08:20.494,3,552.0,562.0,718.0,770.0,1573.0,606.0,1712.0,788.0,-89.0,431.0,110.0,680.0
15543,08:21.010,3,1718.0,602.0,1867.0,790.0,710.0,543.0,865.0,738.0,124.0,398.0,308.0,625.0
15559,08:21.526,2,546.0,574.0,711.0,780.0,1558.0,566.0,1702.0,753.0,,,,
15575,08:22.042,2,484.0,665.0,652.0,875.0,1504.0,608.0,1645.0,783.0,,,,
15591,08:22.557,2,458.0,512.0,628.0,721.0,1499.0,523.0,1641.0,715.0,,,,
15607,08:23.073,3,22.0,626.0,217.0,856.0,613.0,690.0,774.0,892.0,1614.0,611.0,1762.0,801.0
15623,08:23.589,3,20.0,750.0,217.0,976.0,615.0,722.0,773.0,918.0,1596.0,535.0,1748.0,734.0
15639,08:24.105,3,276.0,753.0,443.0,961.0,1780.0,580.0,1943.0,781.0,801.0,741.0,950.0,935.0
15655,08:24.620,3,1933.0,611.0,2114.0,813.0,934.0,760.0,1079.0,951.0,439.0,769.0,591.0,964.0
15671,08:25.136,3,81.0,809.0,265.0,1035.0,664.0,850.0,818.0,1048.0,1649.0,787.0,1800.0,981.0
15687,08:25.652,3,26.0,780.0,220.0,1001.0,621.0,871.0,779.0,1069.0,1609.0,899.0,1756.0,1091.0
15703,08:26.168,3,540.0,1010.0,704.0,1219.0,1531.0,947.0,1677.0,1138.0,-82.0,962.0,105.0,1195.0
15719,08:26.683,2,511.0,1104.0,680.0,1324.0,1523.0,1052.0,1672.0,1247.0,,,,
15735,08:27.199,3,551.0,1012.0,716.0,1233.0,1559.0,1009.0,1707.0,1207.0,-78.0,926.0,115.0,1159.0
15751,08:27.715,3,1715.0,1033.0,1872.0,1238.0,121.0,965.0,299.0,1187.0,702.0,1048.0,858.0,1257.0
15767,08:28.231,3,139.0,883.0,320.0,1108.0,725.0,964.0,880.0,1176.0,1751.0,951.0,1912.0,1150.0
15783,08:28.746,3,118.0,852.0,300.0,1076.0,704.0,952.0,861.0,1155.0,1725.0,953.0,1883.0,1153.0
15799,08:29.262,3,270.0,853.0,436.0,1064.0,1846.0,953.0,2014.0,1157.0,814.0,947.0,963.0,1147.0
15815,08:29.778,3,3.0,823.0,195.0,1052.0,1650.0,901.0,1801.0,1102.0,623.0,920.0,783.0,1122.0
15831,08:30.294,3,1753.0,856.0,1912.0,1059.0,165.0,718.0,342.0,929.0,735.0,826.0,891.0,1029.0
15847,08:30.809,3,1780.0,951.0,1941.0,1158.0,202.0,819.0,372.0,1032.0,759.0,928.0,911.0,1129.0
15863,08:31.325,3,1822.0,961.0,1985.0,1168.0,250.0,814.0,418.0,1023.0,794.0,915.0,944.0,1118.0
15879,08:31.841,3,1836.0,851.0,1999.0,1053.0,260.0,714.0,429.0,924.0,808.0,823.0,957.0,1015.0
15895,08:32.356,3,1841.0,806.0,2004.0,1012.0,263.0,665.0,433.0,882.0,813.0,774.0,962.0,968.0
15911,08:32.872,3,1835.0,845.0,1999.0,1045.0,258.0,707.0,426.0,917.0,807.0,812.0,956.0,1004.0
15927,08:33.388,3,247.0,790.0,414.0,1003.0,1825.0,932.0,1988.0,1134.0,795.0,895.0,945.0,1092.0
15943,08:33.904,3,1857.0,889.0,2024.0,1098.0,287.0,742.0,449.0,952.0,829.0,851.0,976.0,1046.0
15959,08:34.419,3,1859.0,809.0,2026.0,1014.0,287.0,658.0,451.0,872.0,831.0,774.0,980.0,969.0
15975,08:34.935,3,1856.0,843.0,2021.0,1048.0,281.0,690.0,444.0,901.0,829.0,808.0,976.0,999.0
15991,08:35.451,3,1821.0,927.0,1986.0,1135.0,236.0,818.0,405.0,1034.0,793.0,920.0,943.0,1117.0
16007,08:35.967,3,1815.0,902.0,1976.0,1105.0,228.0,821.0,400.0,1032.0,785.0,903.0,934.0,1099.0
16023,08:36.482,3,1825.0,859.0,1988.0,1061.0,241.0,752.0,408.0,960.0,793.0,843.0,942.0,1040.0
16039,08:36.998,3,1805.0,864.0,1969.0,1073.0,223.0,739.0,389.0,949.0,781.0,847.0,930.0,1036.0
16055,08:37.514,3,1804.0,860.0,1968.0,1068.0,223.0,737.0,390.0,947.0,779.0,841.0,928.0,1031.0
16071,08:38.030,3,1798.0,839.0,1960.0,1046.0,213.0,720.0,385.0,929.0,770.0,823.0,919.0,1014.0
16087,08:38.545,3,1792.0,850.0,1952.0,1053.0,205.0,728.0,376.0,941.0,762.0,838.0,913.0,1026.0
16103,08:39.061,3,1777.0,865.0,1937.0,1076.0,188.0,758.0,360.0,967.0,747.0,857.0,898.0,1052.0
16119,08:39.577,3,1771.0,898.0,1932.0,1110.0,183.0,787.0,353.0,998.0,741.0,884.0,894.0,1084.0
16135,08:40.093,3,1775.0,894.0,1937.0,1105.0,187.0,774.0,358.0,990.0,746.0,879.0,897.0,1078.0
16151,08:40.608,3,1806.0,900.0,1966.0,1102.0,227.0,755.0,394.0,966.0,775.0,865.0,922.0,1061.0
16167,08:41.124,3,1794.0,892.0,1955.0,1103.0,222.0,764.0,392.0,980.0,762.0,870.0,914.0,1069.0
16183,08:41.640,3,1812.0,929.0,1975.0,1134.0,249.0,792.0,417.0,1007.0,784.0,903.0,933.0,1099.0
16199,08:42.156,3,1776.0,895.0,1939.0,1111.0,201.0,793.0,373.0,1004.0,751.0,898.0,902.0,1094.0
16215,08:42.671,3,1820.0,877.0,1983.0,1082.0,259.0,751.0,424.0,956.0,793.0,848.0,942.0,1052.0
16231,08:43.187,3,1825.0,861.0,1987.0,1068.0,252.0,722.0,417.0,929.0,796.0,825.0,947.0,1024.0
16247,08:43.703,3,1826.0,858.0,1988.0,1061.0,246.0,709.0,413.0,912.0,798.0,823.0,947.0,1018.0
16263,08:44.219,3,1828.0,867.0,1992.0,1074.0,252.0,720.0,418.0,929.0,805.0,830.0,953.0,1040.0
16279,08:44.734,3,1842.0,846.0,2005.0,1050.0,817.0,811.0,963.0,1015.0,289.0,701.0,452.0,907.0
16295,08:45.250,3,1831.0,831.0,1995.0,1027.0,279.0,685.0,443.0,898.0,810.0,792.0,954.0,999.0
16311,08:45.766,3,1780.0,862.0,1940.0,1071.0,211.0,731.0,384.0,943.0,761.0,842.0,910.0,1039.0
16327,08:46.281,3,221.0,745.0,393.0,956.0,1785.0,861.0,1945.0,1068.0,760.0,849.0,910.0,1046.0
16343,08:46.797,3,224.0,681.0,398.0,906.0,1761.0,799.0,1920.0,1006.0,740.0,784.0,891.0,990.0
16359,08:47.313,3,1797.0,788.0,1960.0,994.0,298.0,691.0,471.0,904.0,778.0,773.0,927.0,973.0
16375,08:47.829,3,334.0,729.0,502.0,935.0,1826.0,829.0,1990.0,1025.0,803.0,790.0,950.0,995.0
16391,08:48.344,3,291.0,688.0,460.0,904.0,1825.0,811.0,1989.0,1015.0,799.0,775.0,947.0,982.0
16407,08:48.860,3,1821.0,803.0,1984.0,1006.0,275.0,682.0,441.0,895.0,794.0,768.0,943.0,970.0
16423,08:49.376,3,1822.0,796.0,1985.0,999.0,280.0,672.0,446.0,890.0,796.0,760.0,947.0,969.0
16439,08:49.892,3,1818.0,790.0,1982.0,991.0,275.0,666.0,445.0,887.0,793.0,756.0,944.0,966.0
16455,08:50.407,3,1820.0,795.0,1984.0,996.0,793.0,757.0,944.0,962.0,268.0,673.0,435.0,886.0
16471,08:50.923,3,1804.0,780.0,1966.0,987.0,247.0,684.0,415.0,889.0,778.0,754.0,926.0,957.0
16487,08:51.439,3,1810.0,748.0,1971.0,949.0,786.0,714.0,934.0,911.0,255.0,638.0,423.0,841.0
16503,08:51.955,3,686.0,763.0,841.0,971.0,1708.0,768.0,1862.0,966.0,119.0,703.0,298.0,919.0
16519,08:52.470,3,723.0,762.0,874.0,966.0,1746.0,774.0,1902.0,971.0,172.0,702.0,347.0,910.0
16535,08:52.986,3,732.0,763.0,884.0,966.0,183.0,698.0,355.0,907.0,1756.0,779.0,1912.0,974.0
16551,08:53.502,3,734.0,760.0,888.0,965.0,185.0,692.0,358.0,901.0,1760.0,774.0,1916.0,974.0
16567,08:54.018,3,1761.0,777.0,1919.0,977.0,187.0,690.0,361.0,900.0,736.0,760.0,888.0,965.0
16583,08:54.533,3,1763.0,780.0,1921.0,984.0,740.0,763.0,891.0,970.0,192.0,687.0,366.0,901.0
16599,08:55.049,3,1764.0,776.0,1923.0,981.0,198.0,686.0,371.0,901.0,742.0,760.0,893.0,964.0
16615,08:55.565,3,1772.0,785.0,1932.0,991.0,751.0,768.0,901.0,969.0,210.0,694.0,381.0,905.0
16631,08:56.081,3,1773.0,796.0,1931.0,997.0,751.0,775.0,900.0,974.0,209.0,704.0,382.0,911.0
16647,08:56.596,3,1774.0,796.0,1932.0,999.0,212.0,694.0,384.0,906.0,753.0,780.0,900.0,982.0
16663,08:57.112,3,213.0,677.0,384.0,894.0,1773.0,794.0,1932.0,996.0,756.0,781.0,903.0,979.0
16679,08:57.628,3,1775.0,814.0,1934.0,1016.0,756.0,799.0,906.0,997.0,224.0,716.0,392.0,916.0
16695,08:58.144,3,1780.0,887.0,1940.0,1090.0,759.0,857.0,909.0,1054.0,228.0,768.0,400.0,969.0
16711,08:58.659,3,735.0,865.0,885.0,1064.0,194.0,782.0,368.0,989.0,1754.0,885.0,1911.0,1087.0
16727,08:59.175,3,1754.0,873.0,1911.0,1080.0,735.0,852.0,885.0,1056.0,191.0,769.0,366.0,977.0
16743,08:59.691,3,199.0,770.0,374.0,980.0,1763.0,882.0,1919.0,1083.0,745.0,857.0,893.0,1054.0
16759,09:00.206,3,1771.0,887.0,1929.0,1092.0,206.0,770.0,380.0,981.0,748.0,860.0,896.0,1059.0
16775,09:00.722,3,1764.0,872.0,1923.0,1079.0,744.0,855.0,893.0,1051.0,199.0,757.0,371.0,969.0
16791,09:01.238,3,1760.0,872.0,1918.0,1079.0,742.0,853.0,892.0,1052.0,184.0,755.0,359.0,964.0
16807,09:01.754,3,1762.0,872.0,1920.0,1079.0,183.0,741.0,355.0,954.0,744.0,854.0,893.0,1049.0
16823,09:02.269,3,1765.0,868.0,1924.0,1078.0,191.0,739.0,362.0,954.0,748.0,856.0,897.0,1048.0
16839,09:02.785,3,1765.0,868.0,1924.0,1076.0,746.0,854.0,894.0,1053.0,201.0,750.0,372.0,962.0
16855,09:03.301,3,1766.0,868.0,1924.0,1078.0,200.0,750.0,371.0,962.0,746.0,855.0,893.0,1054.0
16871,09:03.817,3,1769.0,868.0,1928.0,1079.0,205.0,749.0,375.0,960.0,750.0,857.0,899.0,1050.0
16887,09:04.332,3,1783.0,916.0,1945.0,1130.0,217.0,799.0,386.0,1018.0,759.0,908.0,907.0,1111.0
16903,09:04.848,3,1785.0,886.0,1947.0,1096.0,224.0,761.0,395.0,973.0,762.0,869.0,912.0,1068.0
16919,09:05.364,3,1781.0,885.0,1942.0,1092.0,242.0,769.0,410.0,977.0,759.0,866.0,909.0,1062.0
16935,09:05.880,3,1785.0,881.0,1946.0,1090.0,223.0,753.0,388.0,964.0,763.0,863.0,913.0,1059.0
16951,09:06.395,3,1788.0,865.0,1948.0,1079.0,768.0,851.0,916.0,1050.0,247.0,765.0,413.0,980.0
16967,09:06.911,3,1790.0,865.0,1949.0,1079.0,767.0,848.0,915.0,1045.0,255.0,788.0,423.0,994.0
16983,09:07.427,3,1790.0,864.0,1949.0,1079.0,240.0,771.0,409.0,977.0,767.0,846.0,916.0,1044.0
16999,09:07.943,3,218.0,758.0,390.0,971.0,1789.0,877.0,1948.0,1086.0,765.0,857.0,914.0,1051.0
17015,09:08.458,3,228.0,762.0,400.0,979.0,1780.0,919.0,1941.0,1134.0,761.0,874.0,912.0,1074.0
17031,09:08.974,3,1777.0,960.0,1939.0,1172.0,242.0,790.0,414.0,1013.0,755.0,901.0,906.0,1099.0
17047,09:09.490,3,1765.0,905.0,1925.0,1113.0,225.0,786.0,396.0,994.0,754.0,867.0,904.0,1061.0
17063,09:10.006,3,208.0,782.0,381.0,981.0,1759.0,873.0,1915.0,1079.0,755.0,857.0,908.0,1052.0
17079,09:10.521,3,1762.0,871.0,1918.0,1078.0,218.0,756.0,386.0,961.0,764.0,855.0,913.0,1049.0
17095,09:11.037,3,1751.0,871.0,1909.0,1072.0,193.0,765.0,365.0,968.0,747.0,867.0,898.0,1057.0
17111,09:11.553,3,1754.0,878.0,1912.0,1082.0,201.0,760.0,372.0,960.0,751.0,866.0,901.0,1058.0
17127,09:12.069,3,1754.0,866.0,1912.0,1076.0,192.0,762.0,364.0,962.0,749.0,861.0,899.0,1051.0
17143,09:12.584,3,1754.0,869.0,1913.0,1076.0,191.0,762.0,363.0,961.0,750.0,863.0,900.0,1053.0
17159,09:13.100,3,1759.0,873.0,1918.0,1081.0,200.0,761.0,370.0,959.0,752.0,865.0,903.0,1055.0
17175,09:13.616,3,1765.0,868.0,1925.0,1078.0,207.0,757.0,377.0,953.0,757.0,858.0,907.0,1045.0
17191,09:14.132,3,1764.0,852.0,1922.0,1048.0,203.0,718.0,374.0,915.0,756.0,820.0,905.0,1016.0
17207,09:14.647,3,1770.0,842.0,1929.0,1042.0,210.0,692.0,378.0,892.0,760.0,804.0,908.0,998.0
17223,09:15.163,3,1778.0,833.0,1938.0,1034.0,218.0,687.0,384.0,892.0,766.0,799.0,914.0,994.0
17239,09:15.679,3,1780.0,829.0,1941.0,1030.0,224.0,679.0,390.0,885.0,770.0,792.0,917.0,989.0
17255,09:16.194,3,1772.0,835.0,1933.0,1035.0,208.0,727.0,379.0,927.0,760.0,823.0,910.0,1017.0
17271,09:16.710,3,1742.0,805.0,1901.0,1007.0,731.0,788.0,882.0,996.0,169.0,708.0,340.0,910.0
17287,09:17.226,3,1783.0,824.0,1943.0,1027.0,225.0,684.0,391.0,889.0,772.0,789.0,920.0,986.0
17303,09:17.742,3,1797.0,832.0,1959.0,1045.0,243.0,685.0,410.0,891.0,785.0,789.0,933.0,990.0
17319,09:18.257,3,1783.0,831.0,1943.0,1038.0,767.0,795.0,914.0,992.0,227.0,687.0,393.0,895.0
17335,09:18.773,3,1781.0,834.0,1941.0,1044.0,218.0,677.0,385.0,890.0,762.0,793.0,909.0,989.0
17351,09:19.289,3,1780.0,839.0,1940.0,1045.0,213.0,678.0,379.0,890.0,763.0,793.0,910.0,990.0
17367,09:19.805,3,1782.0,840.0,1941.0,1051.0,214.0,679.0,381.0,890.0,766.0,791.0,911.0,987.0
17383,09:20.320,3,1783.0,840.0,1944.0,1051.0,221.0,679.0,385.0,889.0,767.0,793.0,914.0,989.0
17399,09:20.836,3,1789.0,845.0,1951.0,1059.0,775.0,793.0,921.0,990.0,228.0,685.0,391.0,892.0
17415,09:21.352,3,1785.0,845.0,1946.0,1058.0,237.0,680.0,400.0,887.0,782.0,791.0,930.0,992.0
17431,09:21.868,3,1786.0,846.0,1947.0,1058.0,244.0,676.0,411.0,890.0,781.0,800.0,930.0,997.0
17447,09:22.383,3,237.0,666.0,407.0,884.0,1763.0,821.0,1922.0,1021.0,755.0,784.0,905.0,979.0
17463,09:22.899,3,1799.0,841.0,1961.0,1045.0,263.0,657.0,430.0,867.0,789.0,784.0,937.0,980.0
17479,09:23.415,3,1824.0,866.0,1988.0,1077.0,285.0,680.0,448.0,896.0,813.0,803.0,960.0,998.0
17495,09:23.931,3,1846.0,844.0,2010.0,1051.0,309.0,649.0,470.0,864.0,841.0,764.0,988.0,966.0
17511,09:24.446,3,1827.0,655.0,1992.0,870.0,291.0,510.0,460.0,728.0,826.0,612.0,974.0,811.0
17527,09:24.962,3,1811.0,642.0,1973.0,849.0,289.0,515.0,458.0,723.0,805.0,589.0,954.0,788.0
17543,09:25.478,3,1811.0,638.0,1972.0,843.0,256.0,486.0,426.0,708.0,805.0,585.0,954.0,784.0
17559,09:25.994,3,1818.0,637.0,1981.0,839.0,268.0,464.0,439.0,679.0,812.0,577.0,959.0,775.0
17575,09:26.509,3,1809.0,630.0,1971.0,834.0,272.0,465.0,447.0,680.0,797.0,577.0,947.0,769.0
17591,09:27.025,3,1813.0,632.0,1975.0,832.0,281.0,469.0,454.0,685.0,808.0,569.0,954.0,763.0
17607,09:27.541,3,1813.0,637.0,1975.0,840.0,285.0,474.0,456.0,688.0,820.0,582.0,967.0,778.0
17623,09:28.057,3,279.0,491.0,453.0,710.0,1811.0,651.0,1972.0,857.0,812.0,608.0,959.0,799.0
17639,09:28.572,3,207.0,726.0,386.0,949.0,1743.0,855.0,1901.0,1055.0,756.0,831.0,907.0,1026.0
17655,09:29.088,3,216.0,749.0,390.0,970.0,1751.0,874.0,1910.0,1079.0,748.0,856.0,898.0,1050.0
17671,09:29.604,3,210.0,747.0,386.0,971.0,1745.0,871.0,1906.0,1081.0,745.0,854.0,892.0,1049.0
17687,09:30.119,3,90.0,625.0,280.0,856.0,1664.0,728.0,1818.0,928.0,663.0,727.0,816.0,920.0
17703,09:30.635,3,563.0,626.0,727.0,830.0,-61.0,525.0,145.0,771.0,1576.0,629.0,1725.0,820.0
17719,09:31.151,3,1787.0,714.0,1952.0,918.0,251.0,654.0,424.0,879.0,787.0,740.0,937.0,935.0
17735,09:31.667,3,1897.0,741.0,2072.0,952.0,372.0,716.0,534.0,930.0,881.0,788.0,1026.0,981.0
17751,09:32.182,3,1981.0,737.0,2162.0,948.0,452.0,621.0,608.0,830.0,946.0,725.0,1091.0,912.0
17767,09:32.698,3,1888.0,668.0,2060.0,876.0,356.0,631.0,520.0,844.0,876.0,704.0,1023.0,897.0
17783,09:33.214,3,2042.0,778.0,2229.0,989.0,997.0,793.0,1140.0,982.0,515.0,720.0,668.0,918.0
17799,09:33.730,3,1973.0,767.0,2149.0,974.0,452.0,694.0,610.0,906.0,943.0,785.0,1086.0,982.0
17815,09:34.245,3,1809.0,683.0,1971.0,884.0,274.0,693.0,446.0,913.0,805.0,757.0,954.0,957.0
17831,09:34.761,3,1773.0,668.0,1933.0,872.0,228.0,710.0,404.0,933.0,785.0,755.0,932.0,948.0
17847,09:35.277,3,186.0,529.0,358.0,751.0,1769.0,589.0,1927.0,786.0,772.0,611.0,923.0,804.0
17863,09:35.793,3,247.0,542.0,415.0,759.0,798.0,613.0,947.0,804.0,1792.0,588.0,1952.0,787.0
17879,09:36.308,3,1802.0,718.0,1962.0,913.0,253.0,637.0,422.0,854.0,810.0,712.0,958.0,906.0
17895,09:36.824,3,37.0,688.0,231.0,921.0,652.0,768.0,807.0,970.0,1647.0,776.0,1796.0,972.0
17911,09:37.340,3,578.0,710.0,739.0,916.0,1581.0,709.0,1730.0,900.0,-70.0,635.0,131.0,878.0
17927,09:37.856,3,1767.0,946.0,1931.0,1151.0,762.0,957.0,913.0,1155.0,203.0,875.0,377.0,1099.0
17943,09:38.371,3,1859.0,732.0,2027.0,936.0,850.0,754.0,999.0,948.0,320.0,689.0,479.0,896.0
17959,09:38.887,3,585.0,907.0,746.0,1120.0,1595.0,901.0,1747.0,1095.0,-47.0,827.0,148.0,1071.0
17975,09:39.403,3,1709.0,978.0,1870.0,1190.0,693.0,972.0,849.0,1181.0,111.0,878.0,295.0,1115.0
17991,09:39.919,3,1772.0,958.0,1937.0,1164.0,757.0,943.0,907.0,1149.0,201.0,846.0,373.0,1072.0
18007,09:40.434,3,1780.0,999.0,1944.0,1211.0,761.0,975.0,913.0,1185.0,206.0,877.0,380.0,1106.0
18023,09:40.950,3,1773.0,1050.0,1938.0,1262.0,752.0,1014.0,903.0,1230.0,192.0,925.0,365.0,1149.0
18039,09:41.466,3,1750.0,1223.0,1920.0,1444.0,701.0,1168.0,860.0,1414.0,125.0,1074.0,309.0,1314.0
18055,09:41.982,0,,,,,,,,,,,,
18071,09:42.497,0,,,,,,,,,,,,
18087,09:43.013,3,1784.0,1020.0,1949.0,1235.0,758.0,1030.0,914.0,1241.0,195.0,949.0,370.0,1179.0
18103,09:43.529,3,740.0,912.0,890.0,1112.0,1749.0,889.0,1910.0,1091.0,167.0,840.0,340.0,1059.0
18119,09:44.044,3,1781.0,853.0,1942.0,1063.0,771.0,876.0,920.0,1079.0,211.0,798.0,380.0,1020.0
18135,09:44.560,3,1793.0,835.0,1953.0,1037.0,208.0,780.0,380.0,1006.0,772.0,865.0,921.0,1066.0
18151,09:45.076,3,1799.0,836.0,1957.0,1035.0,790.0,866.0,939.0,1066.0,236.0,784.0,402.0,998.0
18167,09:45.592,3,1776.0,849.0,1938.0,1053.0,796.0,901.0,945.0,1103.0,244.0,815.0,411.0,1043.0
18183,09:46.107,3,184.0,795.0,358.0,1020.0,753.0,871.0,905.0,1078.0,1726.0,822.0,1880.0,1019.0
18199,09:46.623,3,1760.0,811.0,1921.0,1015.0,790.0,841.0,940.0,1040.0,240.0,755.0,408.0,972.0
18215,09:47.139,3,1775.0,856.0,1940.0,1068.0,252.0,802.0,420.0,1024.0,802.0,886.0,951.0,1090.0
18231,09:47.655,3,1780.0,851.0,1943.0,1061.0,252.0,802.0,420.0,1025.0,802.0,882.0,951.0,1092.0
18247,09:48.170,3,1794.0,878.0,1958.0,1089.0,808.0,913.0,954.0,1114.0,260.0,837.0,426.0,1057.0
18263,09:48.686,3,1776.0,852.0,1938.0,1061.0,798.0,892.0,946.0,1106.0,247.0,811.0,418.0,1036.0
18279,09:49.202,3,1770.0,850.0,1933.0,1056.0,255.0,807.0,423.0,1027.0,806.0,882.0,953.0,1085.0
18295,09:49.718,3,1776.0,852.0,1939.0,1058.0,263.0,808.0,430.0,1025.0,812.0,882.0,959.0,1089.0
18311,09:50.233,3,1783.0,851.0,1946.0,1057.0,265.0,809.0,432.0,1025.0,814.0,879.0,961.0,1086.0
18327,09:50.749,3,1771.0,851.0,1936.0,1057.0,805.0,882.0,952.0,1094.0,251.0,806.0,421.0,1031.0
18343,09:51.265,3,1761.0,852.0,1923.0,1053.0,251.0,809.0,420.0,1030.0,806.0,881.0,954.0,1087.0
18359,09:51.781,3,1763.0,850.0,1925.0,1054.0,256.0,807.0,423.0,1029.0,807.0,879.0,955.0,1080.0
18375,09:52.296,3,1777.0,851.0,1940.0,1058.0,250.0,813.0,415.0,1034.0,810.0,878.0,958.0,1084.0
18391,09:52.812,3,1793.0,849.0,1958.0,1057.0,812.0,884.0,959.0,1089.0,261.0,812.0,427.0,1034.0
18407,09:53.328,3,1789.0,848.0,1954.0,1056.0,812.0,886.0,959.0,1088.0,258.0,813.0,425.0,1037.0
18423,09:53.844,3,1782.0,846.0,1946.0,1054.0,248.0,809.0,417.0,1034.0,805.0,883.0,953.0,1085.0
18439,09:54.359,3,1786.0,850.0,1950.0,1058.0,252.0,809.0,421.0,1035.0,808.0,884.0,955.0,1091.0
18455,09:54.875,3,1788.0,851.0,1954.0,1059.0,256.0,814.0,423.0,1034.0,811.0,884.0,958.0,1084.0
18471,09:55.391,3,1788.0,851.0,1954.0,1058.0,258.0,812.0,425.0,1033.0,814.0,887.0,960.0,1089.0
18487,09:55.907,3,1788.0,851.0,1954.0,1059.0,811.0,890.0,958.0,1094.0,255.0,814.0,422.0,1038.0
18503,09:56.422,3,1784.0,852.0,1949.0,1057.0,811.0,885.0,956.0,1096.0,253.0,813.0,421.0,1036.0
18519,09:56.938,3,1784.0,852.0,1947.0,1058.0,252.0,811.0,420.0,1034.0,806.0,886.0,952.0,1086.0
18535,09:57.454,3,1788.0,851.0,1954.0,1060.0,810.0,885.0,957.0,1091.0,256.0,813.0,424.0,1035.0
18551,09:57.969,3,1791.0,854.0,1957.0,1061.0,812.0,885.0,959.0,1089.0,262.0,813.0,428.0,1030.0
18567,09:58.485,3,1790.0,853.0,1955.0,1062.0,261.0,810.0,428.0,1032.0,808.0,886.0,954.0,1090.0
18583,09:59.001,3,1793.0,856.0,1958.0,1063.0,264.0,809.0,432.0,1029.0,812.0,884.0,960.0,1086.0
18599,09:59.517,3,1792.0,853.0,1957.0,1060.0,262.0,809.0,429.0,1028.0,810.0,883.0,956.0,1087.0
18615,10:00.032,3,1791.0,856.0,1956.0,1062.0,256.0,812.0,424.0,1034.0,808.0,888.0,955.0,1084.0
18631,10:00.548,3,1791.0,852.0,1957.0,1061.0,259.0,810.0,427.0,1029.0,809.0,884.0,956.0,1085.0
18647,10:01.064,3,1785.0,922.0,1950.0,1131.0,795.0,945.0,947.0,1144.0,239.0,873.0,408.0,1086.0
18663,10:01.580,3,1802.0,859.0,1969.0,1070.0,814.0,873.0,962.0,1076.0,265.0,805.0,429.0,1015.0
18679,10:02.095,3,1880.0,776.0,2050.0,990.0,883.0,791.0,1029.0,986.0,354.0,708.0,509.0,915.0
18695,10:02.611,3,1856.0,749.0,2025.0,956.0,861.0,747.0,1008.0,943.0,328.0,666.0,486.0,875.0
18711,10:03.127,3,316.0,661.0,478.0,877.0,1839.0,745.0,2004.0,950.0,846.0,747.0,995.0,945.0
18727,10:03.643,3,1859.0,747.0,2027.0,956.0,335.0,648.0,499.0,859.0,863.0,739.0,1008.0,938.0
18743,10:04.158,3,1851.0,742.0,2018.0,946.0,327.0,641.0,490.0,860.0,856.0,735.0,1001.0,938.0
18759,10:04.674,3,1850.0,722.0,2017.0,926.0,856.0,713.0,1003.0,908.0,325.0,620.0,486.0,836.0
18775,10:05.190,3,1843.0,716.0,2012.0,921.0,309.0,623.0,471.0,838.0,848.0,715.0,996.0,911.0
18791,10:05.706,3,1835.0,698.0,2000.0,906.0,297.0,607.0,457.0,818.0,840.0,695.0,986.0,890.0
18807,10:06.221,3,1838.0,703.0,2004.0,906.0,299.0,614.0,461.0,829.0,845.0,701.0,991.0,896.0
18823,10:06.737,3,1838.0,690.0,2002.0,898.0,842.0,687.0,988.0,882.0,299.0,598.0,460.0,810.0
18839,10:07.253,3,1838.0,698.0,2002.0,903.0,843.0,689.0,988.0,893.0,301.0,605.0,461.0,815.0
18855,10:07.769,3,1857.0,737.0,2027.0,948.0,329.0,636.0,490.0,847.0,862.0,729.0,1008.0,924.0
18871,10:08.284,3,1790.0,832.0,1953.0,1035.0,246.0,693.0,409.0,902.0,796.0,800.0,944.0,995.0
18887,10:08.800,2,554.0,629.0,719.0,840.0,1566.0,649.0,1715.0,846.0,,,,
18903,10:09.316,3,621.0,624.0,780.0,827.0,-9.0,506.0,176.0,737.0,1629.0,636.0,1780.0,837.0
18919,10:09.832,3,606.0,595.0,767.0,803.0,1614.0,605.0,1766.0,802.0,-43.0,480.0,141.0,719.0
18935,10:10.347,3,595.0,575.0,755.0,784.0,1611.0,581.0,1764.0,775.0,-72.0,460.0,129.0,706.0
18951,10:10.863,3,606.0,570.0,767.0,777.0,1619.0,566.0,1772.0,765.0,-41.0,458.0,147.0,697.0
18967,10:11.379,3,1679.0,625.0,1837.0,825.0,683.0,632.0,839.0,830.0,66.0,523.0,251.0,755.0
18983,10:11.895,3,1735.0,924.0,1899.0,1127.0,747.0,915.0,895.0,1127.0,162.0,841.0,337.0,1061.0
18999,10:12.410,3,1771.0,954.0,1937.0,1169.0,202.0,872.0,373.0,1087.0,776.0,957.0,925.0,1151.0
19015,10:12.926,3,1746.0,950.0,1908.0,1153.0,750.0,936.0,902.0,1138.0,170.0,854.0,340.0,1070.0
19031,10:13.442,3,1759.0,935.0,1921.0,1138.0,759.0,927.0,910.0,1125.0,179.0,840.0,352.0,1059.0
19047,10:13.957,3,1771.0,908.0,1933.0,1117.0,767.0,898.0,917.0,1099.0,188.0,817.0,361.0,1040.0
19063,10:14.473,3,1768.0,896.0,1932.0,1109.0,193.0,809.0,365.0,1026.0,766.0,884.0,917.0,1083.0
19079,10:14.989,3,1756.0,921.0,1919.0,1126.0,757.0,917.0,909.0,1113.0,183.0,832.0,354.0,1053.0
19095,10:15.505,3,1778.0,945.0,1944.0,1152.0,212.0,862.0,379.0,1080.0,775.0,946.0,925.0,1141.0
19111,10:16.020,3,1779.0,908.0,1941.0,1117.0,212.0,824.0,381.0,1051.0,781.0,902.0,929.0,1095.0
19127,10:16.536,3,1768.0,861.0,1931.0,1077.0,781.0,873.0,932.0,1066.0,202.0,787.0,370.0,1007.0
19143,10:17.052,3,1709.0,838.0,1867.0,1036.0,122.0,748.0,299.0,970.0,719.0,839.0,871.0,1037.0
19159,10:17.568,3,1702.0,846.0,1856.0,1040.0,113.0,752.0,290.0,970.0,708.0,844.0,860.0,1041.0
19175,10:18.083,3,1711.0,846.0,1870.0,1047.0,723.0,847.0,876.0,1050.0,127.0,758.0,303.0,978.0
19191,10:18.599,3,1742.0,853.0,1902.0,1055.0,165.0,779.0,340.0,1000.0,751.0,866.0,901.0,1065.0
19207,10:19.115,3,2079.0,847.0,2273.0,1065.0,1036.0,870.0,1180.0,1061.0,529.0,790.0,674.0,992.0
19223,10:19.631,3,2060.0,836.0,2253.0,1049.0,1019.0,864.0,1161.0,1055.0,509.0,793.0,654.0,994.0
19239,10:20.146,3,2025.0,816.0,2212.0,1030.0,989.0,855.0,1132.0,1042.0,477.0,784.0,623.0,984.0
19255,10:20.662,3,2023.0,812.0,2209.0,1028.0,983.0,847.0,1126.0,1036.0,476.0,774.0,621.0,973.0
19271,10:21.178,3,2002.0,810.0,2185.0,1028.0,960.0,839.0,1104.0,1028.0,447.0,768.0,596.0,969.0
19287,10:21.694,3,1904.0,798.0,2078.0,1016.0,886.0,842.0,1031.0,1034.0,358.0,764.0,511.0,969.0
19303,10:22.209,3,1907.0,804.0,2079.0,1015.0,885.0,841.0,1029.0,1027.0,361.0,766.0,513.0,968.0
19319,10:22.725,3,1640.0,792.0,1810.0,998.0,1129.0,846.0,1275.0,1038.0,603.0,774.0,759.0,978.0
19335,10:23.241,3,1631.0,791.0,1801.0,993.0,1147.0,845.0,1294.0,1036.0,619.0,767.0,777.0,976.0
19351,10:23.757,3,1649.0,791.0,1820.0,996.0,1168.0,847.0,1314.0,1040.0,640.0,765.0,797.0,969.0
19367,10:24.272,3,1676.0,762.0,1851.0,973.0,1193.0,822.0,1342.0,1015.0,668.0,733.0,821.0,944.0
19383,10:24.788,3,1668.0,754.0,1840.0,966.0,1191.0,816.0,1341.0,1012.0,672.0,724.0,828.0,937.0
19399,10:25.304,3,1648.0,759.0,1819.0,964.0,650.0,731.0,805.0,939.0,1175.0,817.0,1323.0,1016.0
19415,10:25.820,3,1669.0,753.0,1841.0,963.0,1188.0,812.0,1336.0,1012.0,659.0,727.0,814.0,938.0
19431,10:26.335,3,1686.0,757.0,1860.0,963.0,679.0,727.0,833.0,936.0,1201.0,813.0,1347.0,1013.0
19447,10:26.851,3,1694.0,757.0,1868.0,964.0,692.0,705.0,856.0,922.0,1207.0,814.0,1357.0,1011.0
19463,10:27.367,3,1662.0,766.0,1836.0,972.0,649.0,730.0,821.0,954.0,1177.0,822.0,1324.0,1023.0
19479,10:27.882,3,1655.0,780.0,1825.0,988.0,612.0,736.0,788.0,966.0,1174.0,842.0,1317.0,1037.0
19495,10:28.398,3,621.0,726.0,795.0,953.0,1660.0,753.0,1831.0,965.0,1176.0,820.0,1324.0,1016.0
19511,10:28.914,3,1650.0,756.0,1819.0,962.0,659.0,718.0,823.0,936.0,1169.0,814.0,1316.0,1009.0
19527,10:29.430,3,1688.0,763.0,1863.0,971.0,704.0,703.0,866.0,917.0,1203.0,818.0,1349.0,1015.0
19543,10:29.945,3,1679.0,747.0,1854.0,960.0,704.0,675.0,864.0,888.0,1194.0,801.0,1341.0,1002.0
19559,10:30.461,3,1695.0,740.0,1868.0,950.0,717.0,653.0,875.0,863.0,1203.0,787.0,1352.0,990.0
19575,10:30.977,3,1695.0,731.0,1870.0,942.0,710.0,641.0,867.0,851.0,1204.0,784.0,1353.0,979.0
19591,10:31.493,3,1686.0,731.0,1861.0,939.0,696.0,637.0,855.0,849.0,1195.0,780.0,1343.0,977.0
19607,10:32.008,3,1693.0,734.0,1868.0,942.0,700.0,639.0,859.0,852.0,1203.0,782.0,1350.0,978.0
19623,10:32.524,3,1694.0,731.0,1870.0,943.0,702.0,636.0,861.0,852.0,1203.0,777.0,1350.0,973.0
19639,10:33.040,3,1702.0,730.0,1880.0,943.0,704.0,637.0,862.0,851.0,1201.0,781.0,1349.0,973.0
19655,10:33.556,3,1704.0,730.0,1880.0,934.0,701.0,637.0,861.0,850.0,1196.0,780.0,1344.0,972.0
19671,10:34.071,3,1703.0,735.0,1878.0,943.0,698.0,641.0,856.0,854.0,1196.0,781.0,1344.0,974.0
19687,10:34.587,3,1700.0,729.0,1876.0,941.0,697.0,640.0,855.0,849.0,1194.0,781.0,1344.0,975.0
19703,10:35.103,3,1692.0,727.0,1869.0,937.0,697.0,635.0,855.0,849.0,1196.0,783.0,1344.0,973.0
19719,10:35.619,3,1694.0,733.0,1871.0,945.0,697.0,646.0,855.0,856.0,1195.0,785.0,1345.0,979.0
19735,10:36.134,3,1700.0,735.0,1877.0,948.0,702.0,649.0,860.0,861.0,1198.0,790.0,1348.0,983.0
19751,10:36.650,3,1703.0,738.0,1880.0,951.0,704.0,650.0,861.0,861.0,1198.0,787.0,1348.0,985.0
19767,10:37.166,3,1709.0,740.0,1885.0,954.0,705.0,649.0,863.0,857.0,1203.0,785.0,1352.0,987.0
19783,10:37.682,3,1711.0,739.0,1886.0,954.0,717.0,632.0,871.0,840.0,1205.0,786.0,1353.0,985.0
19799,10:38.197,3,1709.0,738.0,1886.0,953.0,725.0,619.0,878.0,820.0,1203.0,787.0,1352.0,985.0
19815,10:38.713,3,1709.0,737.0,1886.0,952.0,1203.0,786.0,1352.0,987.0,716.0,617.0,867.0,816.0
19831,10:39.229,3,1709.0,742.0,1886.0,953.0,1203.0,786.0,1352.0,991.0,722.0,628.0,872.0,840.0
19847,10:39.745,3,1697.0,751.0,1872.0,961.0,1191.0,798.0,1340.0,999.0,718.0,646.0,871.0,848.0
19863,10:40.260,3,1702.0,744.0,1879.0,958.0,1196.0,791.0,1344.0,993.0,723.0,641.0,875.0,841.0
19879,10:40.776,3,1699.0,743.0,1876.0,956.0,716.0,634.0,868.0,841.0,1196.0,789.0,1345.0,989.0
19895,10:41.292,3,1698.0,742.0,1874.0,956.0,717.0,633.0,870.0,838.0,1196.0,789.0,1343.0,987.0
19911,10:41.807,3,1700.0,742.0,1877.0,957.0,722.0,635.0,875.0,840.0,1196.0,787.0,1343.0,986.0
19927,10:42.323,3,1701.0,742.0,1877.0,958.0,1199.0,788.0,1348.0,990.0,718.0,640.0,869.0,842.0
19943,10:42.839,3,1699.0,743.0,1875.0,959.0,1201.0,788.0,1349.0,989.0,718.0,639.0,869.0,842.0
19959,10:43.355,3,1701.0,745.0,1877.0,961.0,1202.0,787.0,1350.0,990.0,720.0,639.0,871.0,842.0
19975,10:43.870,3,1714.0,744.0,1890.0,959.0,725.0,627.0,879.0,834.0,1210.0,783.0,1358.0,984.0
19991,10:44.386,3,1717.0,751.0,1893.0,962.0,731.0,631.0,883.0,844.0,1212.0,785.0,1360.0,981.0
20007,10:44.902,3,1705.0,768.0,1883.0,978.0,1204.0,805.0,1352.0,1003.0,721.0,650.0,872.0,852.0
20023,10:45.418,3,1702.0,780.0,1880.0,994.0,718.0,656.0,869.0,855.0,1205.0,821.0,1352.0,1020.0
20039,10:45.933,3,1700.0,803.0,1876.0,1007.0,1202.0,841.0,1350.0,1034.0,712.0,677.0,865.0,878.0
20055,10:46.449,3,1696.0,789.0,1872.0,998.0,711.0,666.0,864.0,870.0,1200.0,833.0,1346.0,1031.0
20071,10:46.965,3,1693.0,784.0,1868.0,991.0,708.0,667.0,863.0,871.0,1198.0,827.0,1345.0,1026.0
20087,10:47.481,3,1687.0,787.0,1865.0,996.0,705.0,676.0,859.0,879.0,1199.0,836.0,1347.0,1032.0
20103,10:47.996,3,1690.0,783.0,1867.0,993.0,708.0,670.0,863.0,876.0,1202.0,834.0,1350.0,1027.0
20119,10:48.512,3,1688.0,783.0,1865.0,993.0,704.0,670.0,859.0,886.0,1199.0,830.0,1346.0,1031.0
20135,10:49.028,3,1690.0,789.0,1866.0,1000.0,703.0,673.0,858.0,875.0,1200.0,832.0,1348.0,1030.0
20151,10:49.544,3,1684.0,838.0,1861.0,1051.0,683.0,723.0,836.0,933.0,1192.0,873.0,1342.0,1073.0
20167,10:50.059,3,1681.0,833.0,1854.0,1045.0,677.0,713.0,835.0,921.0,1190.0,868.0,1339.0,1070.0
20183,10:50.575,3,1216.0,853.0,1365.0,1062.0,1712.0,824.0,1891.0,1032.0,712.0,693.0,867.0,906.0
20199,10:51.091,3,1688.0,831.0,1864.0,1038.0,701.0,729.0,856.0,931.0,1196.0,866.0,1344.0,1064.0
20215,10:51.607,3,1690.0,819.0,1865.0,1023.0,706.0,717.0,861.0,917.0,1194.0,858.0,1340.0,1060.0
20231,10:52.122,3,1696.0,816.0,1871.0,1021.0,711.0,713.0,865.0,912.0,1199.0,877.0,1348.0,1083.0
20247,10:52.638,3,1615.0,845.0,1785.0,1049.0,1130.0,900.0,1281.0,1105.0,628.0,744.0,787.0,948.0
20263,10:53.154,3,1654.0,831.0,1826.0,1035.0,666.0,717.0,822.0,918.0,1162.0,868.0,1310.0,1065.0
20279,10:53.670,3,1704.0,812.0,1880.0,1025.0,1208.0,845.0,1355.0,1045.0,719.0,696.0,873.0,897.0
20295,10:54.185,3,1592.0,800.0,1761.0,1007.0,602.0,692.0,761.0,897.0,1104.0,846.0,1252.0,1038.0
20311,10:54.701,3,1614.0,801.0,1784.0,1005.0,623.0,688.0,783.0,900.0,1120.0,844.0,1267.0,1034.0
20327,10:55.217,3,1623.0,796.0,1793.0,1003.0,637.0,680.0,795.0,893.0,1135.0,839.0,1281.0,1029.0
20343,10:55.732,3,1626.0,792.0,1797.0,999.0,639.0,677.0,797.0,887.0,1141.0,836.0,1287.0,1023.0
20359,10:56.248,3,1643.0,787.0,1813.0,994.0,645.0,668.0,804.0,878.0,1151.0,826.0,1299.0,1017.0
20375,10:56.764,3,1643.0,788.0,1813.0,994.0,1151.0,827.0,1299.0,1028.0,646.0,670.0,802.0,876.0
20391,10:57.280,3,1638.0,790.0,1808.0,995.0,644.0,670.0,801.0,876.0,1144.0,830.0,1291.0,1025.0
20407,10:57.795,3,1635.0,786.0,1805.0,989.0,647.0,666.0,805.0,874.0,1143.0,827.0,1288.0,1025.0
20423,10:58.311,3,1639.0,787.0,1809.0,990.0,652.0,663.0,807.0,880.0,1141.0,828.0,1287.0,1019.0
20439,10:58.827,3,1637.0,795.0,1808.0,1000.0,650.0,672.0,807.0,882.0,1149.0,832.0,1295.0,1026.0
20455,10:59.343,3,1642.0,793.0,1813.0,1002.0,648.0,669.0,804.0,875.0,1149.0,835.0,1296.0,1029.0
20471,10:59.858,3,1640.0,793.0,1811.0,1002.0,635.0,666.0,794.0,875.0,1148.0,834.0,1294.0,1029.0
20487,11:00.374,3,1642.0,791.0,1812.0,1000.0,625.0,660.0,784.0,870.0,1151.0,835.0,1296.0,1027.0
20503,11:00.890,3,1644.0,790.0,1816.0,997.0,625.0,653.0,783.0,860.0,1161.0,826.0,1307.0,1021.0
20519,11:01.406,3,1642.0,785.0,1816.0,993.0,639.0,653.0,794.0,857.0,1163.0,824.0,1311.0,1019.0
20535,11:01.921,3,1634.0,797.0,1807.0,1006.0,641.0,670.0,800.0,876.0,1159.0,839.0,1307.0,1040.0
20551,11:02.437,3,1647.0,813.0,1819.0,1023.0,657.0,688.0,812.0,896.0,1166.0,850.0,1314.0,1044.0
20567,11:02.953,3,1650.0,827.0,1823.0,1039.0,1167.0,861.0,1311.0,1071.0,661.0,700.0,817.0,909.0
20583,11:03.469,3,1651.0,813.0,1822.0,1023.0,656.0,666.0,813.0,881.0,1172.0,846.0,1317.0,1040.0
20599,11:03.984,3,1675.0,818.0,1851.0,1030.0,706.0,689.0,861.0,895.0,1188.0,848.0,1334.0,1047.0
20615,11:04.500,3,1668.0,808.0,1844.0,1022.0,1180.0,847.0,1327.0,1045.0,712.0,709.0,870.0,911.0
20631,11:05.016,3,1668.0,806.0,1847.0,1020.0,1175.0,847.0,1321.0,1041.0,712.0,704.0,870.0,907.0
20647,11:05.532,3,1660.0,817.0,1835.0,1031.0,703.0,725.0,862.0,927.0,1171.0,860.0,1316.0,1061.0
20663,11:06.047,3,1649.0,963.0,1825.0,1186.0,678.0,845.0,837.0,1075.0,1156.0,1010.0,1305.0,1220.0
20679,11:06.563,3,1654.0,969.0,1830.0,1195.0,701.0,860.0,861.0,1082.0,1154.0,1016.0,1306.0,1217.0
20695,11:07.079,3,1621.0,958.0,1793.0,1173.0,661.0,869.0,827.0,1079.0,1115.0,1002.0,1262.0,1209.0
20711,11:07.595,3,1605.0,931.0,1774.0,1141.0,1093.0,970.0,1240.0,1175.0,654.0,837.0,818.0,1046.0
20727,11:08.110,3,1548.0,899.0,1714.0,1110.0,601.0,794.0,767.0,1005.0,1049.0,933.0,1198.0,1133.0
20743,11:08.626,3,1588.0,875.0,1756.0,1083.0,1101.0,906.0,1248.0,1109.0,646.0,766.0,808.0,969.0
20759,11:09.142,3,1597.0,867.0,1764.0,1076.0,654.0,759.0,817.0,966.0,1106.0,901.0,1253.0,1097.0
20775,11:09.657,3,1596.0,870.0,1764.0,1078.0,651.0,755.0,815.0,962.0,1115.0,904.0,1260.0,1108.0
20791,11:10.173,3,1599.0,869.0,1767.0,1080.0,1115.0,903.0,1261.0,1109.0,646.0,756.0,809.0,963.0
20807,11:10.689,3,1601.0,893.0,1771.0,1108.0,634.0,773.0,798.0,980.0,1115.0,928.0,1263.0,1137.0
20823,11:11.205,3,1615.0,874.0,1786.0,1085.0,651.0,760.0,812.0,969.0,1121.0,904.0,1268.0,1101.0
20839,11:11.720,3,1619.0,871.0,1787.0,1082.0,660.0,766.0,820.0,972.0,1113.0,901.0,1256.0,1103.0
20855,11:12.236,3,1602.0,884.0,1771.0,1089.0,642.0,781.0,804.0,990.0,1102.0,910.0,1246.0,1108.0
20871,11:12.752,3,1548.0,1023.0,1717.0,1239.0,566.0,910.0,738.0,1129.0,1058.0,1055.0,1208.0,1271.0
20887,11:13.268,3,1639.0,1010.0,1814.0,1227.0,1145.0,1039.0,1295.0,1258.0,667.0,884.0,830.0,1101.0
20903,11:13.783,3,1656.0,953.0,1835.0,1185.0,1160.0,1002.0,1309.0,1225.0,692.0,857.0,851.0,1070.0
20919,11:14.299,3,1623.0,951.0,1797.0,1163.0,1130.0,988.0,1280.0,1195.0,660.0,841.0,819.0,1052.0
20935,11:14.815,3,1608.0,926.0,1779.0,1138.0,1114.0,970.0,1264.0,1169.0,649.0,823.0,808.0,1029.0
20951,11:15.331,3,1614.0,919.0,1789.0,1129.0,1123.0,963.0,1272.0,1166.0,660.0,817.0,819.0,1025.0
20967,11:15.846,3,1612.0,921.0,1785.0,1131.0,1117.0,965.0,1266.0,1165.0,656.0,818.0,815.0,1027.0
20983,11:16.362,3,1610.0,918.0,1783.0,1131.0,1115.0,970.0,1264.0,1168.0,655.0,819.0,813.0,1028.0
20999,11:16.878,3,1608.0,917.0,1780.0,1130.0,1114.0,966.0,1263.0,1171.0,648.0,821.0,808.0,1032.0
21015,11:17.394,3,1610.0,924.0,1781.0,1136.0,1119.0,965.0,1268.0,1166.0,641.0,827.0,801.0,1039.0
21031,11:17.909,3,1607.0,920.0,1778.0,1133.0,1107.0,963.0,1254.0,1166.0,640.0,829.0,800.0,1039.0
21047,11:18.425,3,1611.0,927.0,1781.0,1136.0,1109.0,965.0,1255.0,1167.0,647.0,831.0,806.0,1038.0
21063,11:18.941,3,1613.0,931.0,1785.0,1141.0,1114.0,964.0,1260.0,1160.0,647.0,838.0,805.0,1045.0
21079,11:19.457,3,1601.0,931.0,1771.0,1141.0,1103.0,966.0,1248.0,1165.0,633.0,839.0,792.0,1049.0
21095,11:19.972,3,1600.0,929.0,1771.0,1141.0,1101.0,964.0,1247.0,1177.0,635.0,835.0,794.0,1049.0
21111,11:20.488,3,1601.0,922.0,1770.0,1136.0,1100.0,970.0,1245.0,1174.0,634.0,839.0,794.0,1053.0
21127,11:21.004,3,1599.0,909.0,1769.0,1125.0,1096.0,962.0,1243.0,1165.0,631.0,831.0,790.0,1045.0
21143,11:21.520,3,1631.0,910.0,1803.0,1123.0,1127.0,960.0,1275.0,1157.0,665.0,824.0,824.0,1038.0
21159,11:22.035,3,1625.0,907.0,1794.0,1116.0,1124.0,962.0,1273.0,1161.0,662.0,825.0,821.0,1033.0
21175,11:22.551,3,1628.0,904.0,1801.0,1116.0,1131.0,962.0,1279.0,1157.0,664.0,822.0,823.0,1032.0
21191,11:23.067,3,1625.0,908.0,1795.0,1125.0,1122.0,963.0,1270.0,1162.0,661.0,826.0,820.0,1036.0
21207,11:23.583,3,1615.0,905.0,1785.0,1120.0,1113.0,963.0,1260.0,1156.0,649.0,827.0,808.0,1036.0
21223,11:24.098,3,1619.0,905.0,1790.0,1117.0,1116.0,963.0,1265.0,1154.0,651.0,818.0,810.0,1026.0
21239,11:24.614,3,1626.0,910.0,1795.0,1120.0,1119.0,963.0,1267.0,1154.0,657.0,819.0,814.0,1026.0
21255,11:25.130,3,1622.0,902.0,1790.0,1113.0,1126.0,952.0,1272.0,1143.0,657.0,823.0,813.0,1029.0
21271,11:25.645,3,1586.0,886.0,1756.0,1098.0,1122.0,948.0,1269.0,1140.0,659.0,823.0,815.0,1025.0
21287,11:26.161,3,1582.0,892.0,1752.0,1104.0,1117.0,948.0,1265.0,1140.0,658.0,821.0,814.0,1024.0
21303,11:26.677,3,1606.0,893.0,1777.0,1105.0,1126.0,947.0,1275.0,1139.0,655.0,816.0,814.0,1021.0
21319,11:27.193,3,1620.0,895.0,1792.0,1111.0,1132.0,946.0,1281.0,1136.0,660.0,814.0,819.0,1022.0
21335,11:27.708,3,1644.0,899.0,1817.0,1114.0,1131.0,946.0,1278.0,1135.0,658.0,815.0,815.0,1019.0
21351,11:28.224,3,1637.0,900.0,1811.0,1117.0,1140.0,931.0,1285.0,1119.0,659.0,811.0,817.0,1016.0
21367,11:28.740,3,1633.0,908.0,1806.0,1123.0,660.0,814.0,819.0,1019.0,1140.0,939.0,1286.0,1136.0
21383,11:29.256,3,1612.0,914.0,1786.0,1128.0,1133.0,954.0,1279.0,1149.0,659.0,819.0,816.0,1021.0
21399,11:29.771,3,1620.0,926.0,1794.0,1144.0,1133.0,973.0,1281.0,1176.0,657.0,829.0,816.0,1039.0
21415,11:30.287,3,1627.0,923.0,1801.0,1142.0,1142.0,971.0,1290.0,1171.0,664.0,828.0,820.0,1038.0
21431,11:30.803,3,1611.0,910.0,1783.0,1128.0,645.0,805.0,803.0,1018.0,1125.0,965.0,1272.0,1154.0
21447,11:31.319,3,1605.0,901.0,1778.0,1119.0,674.0,804.0,837.0,1016.0,1127.0,955.0,1276.0,1149.0
21463,11:31.834,3,1602.0,927.0,1774.0,1142.0,1117.0,972.0,1265.0,1166.0,682.0,847.0,851.0,1045.0
21479,11:32.350,3,1614.0,890.0,1787.0,1103.0,690.0,798.0,856.0,1006.0,1130.0,931.0,1278.0,1129.0
21495,11:32.866,3,1609.0,888.0,1782.0,1102.0,685.0,803.0,851.0,1014.0,1126.0,934.0,1273.0,1137.0
21511,11:33.382,3,1617.0,858.0,1789.0,1072.0,696.0,772.0,862.0,973.0,1136.0,900.0,1283.0,1095.0
21527,11:33.897,3,1616.0,849.0,1788.0,1063.0,691.0,756.0,856.0,971.0,1134.0,893.0,1281.0,1088.0
21543,11:34.413,3,1615.0,839.0,1786.0,1051.0,692.0,747.0,856.0,950.0,1142.0,883.0,1291.0,1073.0
21559,11:34.929,3,1627.0,840.0,1799.0,1051.0,701.0,747.0,863.0,947.0,1151.0,878.0,1301.0,1073.0
21575,11:35.445,3,1634.0,831.0,1805.0,1043.0,697.0,746.0,860.0,949.0,1148.0,871.0,1296.0,1066.0
21591,11:35.960,3,1635.0,834.0,1807.0,1044.0,696.0,742.0,858.0,945.0,1148.0,870.0,1297.0,1065.0
21607,11:36.476,3,1640.0,834.0,1811.0,1046.0,702.0,742.0,864.0,944.0,1150.0,871.0,1300.0,1070.0
21623,11:36.992,3,1646.0,838.0,1819.0,1049.0,707.0,739.0,868.0,946.0,1154.0,874.0,1305.0,1068.0
21639,11:37.508,3,1648.0,840.0,1821.0,1053.0,708.0,739.0,870.0,948.0,1156.0,876.0,1306.0,1070.0
21655,11:38.023,3,1652.0,840.0,1824.0,1055.0,712.0,739.0,872.0,950.0,1158.0,877.0,1308.0,1071.0
21671,11:38.539,3,1651.0,839.0,1823.0,1056.0,712.0,741.0,871.0,948.0,1156.0,877.0,1306.0,1071.0
21687,11:39.055,3,1655.0,840.0,1826.0,1056.0,717.0,742.0,875.0,947.0,1160.0,876.0,1310.0,1070.0
21703,11:39.570,3,1659.0,840.0,1832.0,1058.0,722.0,741.0,883.0,946.0,1163.0,879.0,1312.0,1072.0
21719,11:40.086,3,1661.0,841.0,1834.0,1061.0,722.0,753.0,880.0,956.0,1162.0,880.0,1313.0,1074.0
21735,11:40.602,3,1660.0,842.0,1834.0,1063.0,724.0,750.0,884.0,953.0,1161.0,877.0,1309.0,1078.0
21751,11:41.118,3,1661.0,845.0,1835.0,1065.0,717.0,747.0,875.0,950.0,1161.0,880.0,1310.0,1078.0
21767,11:41.633,3,1665.0,841.0,1839.0,1063.0,723.0,741.0,885.0,948.0,1166.0,873.0,1314.0,1078.0
21783,11:42.149,3,1668.0,858.0,1844.0,1078.0,699.0,737.0,857.0,949.0,1170.0,888.0,1317.0,1087.0
21799,11:42.665,3,1680.0,843.0,1854.0,1061.0,703.0,727.0,862.0,932.0,1179.0,873.0,1330.0,1070.0
21815,11:43.181,3,1674.0,863.0,1851.0,1083.0,1176.0,895.0,1322.0,1099.0,701.0,740.0,859.0,954.0
21831,11:43.696,3,1675.0,863.0,1853.0,1082.0,1173.0,891.0,1319.0,1095.0,709.0,737.0,865.0,945.0
21847,11:44.212,3,1674.0,869.0,1848.0,1088.0,1177.0,903.0,1324.0,1107.0,702.0,742.0,861.0,949.0
21863,11:44.728,3,1678.0,873.0,1852.0,1094.0,705.0,743.0,864.0,949.0,1181.0,904.0,1328.0,1107.0
21879,11:45.244,3,1666.0,867.0,1839.0,1088.0,1165.0,905.0,1312.0,1105.0,691.0,747.0,849.0,950.0
21895,11:45.759,3,1667.0,862.0,1839.0,1081.0,1167.0,900.0,1314.0,1099.0,694.0,742.0,851.0,947.0
21911,11:46.275,3,1673.0,865.0,1848.0,1084.0,698.0,739.0,856.0,947.0,1174.0,903.0,1322.0,1102.0
21927,11:46.791,3,1674.0,867.0,1849.0,1087.0,1180.0,903.0,1328.0,1106.0,694.0,743.0,849.0,947.0
21943,11:47.307,3,1670.0,864.0,1845.0,1086.0,1183.0,899.0,1333.0,1100.0,692.0,750.0,848.0,951.0
21959,11:47.822,3,1669.0,861.0,1841.0,1084.0,1178.0,903.0,1327.0,1098.0,665.0,755.0,819.0,956.0
21975,11:48.338,3,1677.0,862.0,1854.0,1079.0,1186.0,895.0,1333.0,1100.0,685.0,750.0,840.0,952.0
21991,11:48.854,3,1674.0,864.0,1852.0,1081.0,721.0,780.0,877.0,983.0,1175.0,900.0,1321.0,1094.0
22007,11:49.370,3,1689.0,872.0,1865.0,1090.0,1188.0,902.0,1336.0,1104.0,748.0,802.0,908.0,1004.0
22023,11:49.885,3,1685.0,865.0,1860.0,1081.0,1188.0,898.0,1336.0,1099.0,747.0,787.0,908.0,994.0
22039,11:50.401,3,1674.0,864.0,1851.0,1081.0,1180.0,900.0,1327.0,1104.0,738.0,786.0,901.0,990.0
22055,11:50.917,3,1673.0,863.0,1850.0,1081.0,1182.0,900.0,1330.0,1097.0,737.0,787.0,899.0,993.0
22071,11:51.433,3,1673.0,862.0,1850.0,1081.0,1178.0,897.0,1325.0,1093.0,737.0,788.0,898.0,991.0
22087,11:51.948,3,1668.0,859.0,1845.0,1080.0,732.0,785.0,891.0,991.0,1166.0,891.0,1313.0,1088.0
22103,11:52.464,3,1672.0,858.0,1848.0,1080.0,1170.0,891.0,1316.0,1093.0,733.0,784.0,893.0,992.0
22119,11:52.980,3,1672.0,855.0,1848.0,1080.0,731.0,785.0,890.0,993.0,1169.0,891.0,1316.0,1089.0
22135,11:53.495,3,1671.0,851.0,1847.0,1078.0,720.0,770.0,878.0,980.0,1162.0,892.0,1309.0,1089.0
22151,11:54.011,3,1674.0,864.0,1847.0,1086.0,718.0,777.0,873.0,985.0,1168.0,903.0,1313.0,1099.0
22167,11:54.527,3,1668.0,885.0,1842.0,1100.0,1176.0,916.0,1323.0,1116.0,712.0,781.0,866.0,985.0
22183,11:55.043,3,1670.0,887.0,1846.0,1105.0,1176.0,913.0,1324.0,1110.0,711.0,762.0,865.0,969.0
22199,11:55.558,3,1666.0,894.0,1840.0,1111.0,1172.0,921.0,1319.0,1121.0,707.0,762.0,862.0,964.0
22215,11:56.074,3,1669.0,865.0,1842.0,1085.0,720.0,744.0,875.0,947.0,1175.0,892.0,1323.0,1088.0
22231,11:56.590,3,1667.0,919.0,1842.0,1139.0,717.0,796.0,871.0,996.0,1172.0,939.0,1319.0,1140.0
22247,11:57.106,3,1674.0,886.0,1849.0,1105.0,723.0,759.0,881.0,966.0,1178.0,911.0,1324.0,1109.0
22263,11:57.621,3,1673.0,889.0,1848.0,1106.0,1175.0,910.0,1322.0,1112.0,722.0,763.0,878.0,969.0
22279,11:58.137,3,1673.0,885.0,1849.0,1103.0,1176.0,912.0,1323.0,1111.0,723.0,759.0,879.0,966.0
22295,11:58.653,3,1672.0,880.0,1847.0,1099.0,1173.0,908.0,1320.0,1110.0,722.0,759.0,878.0,965.0
22311,11:59.169,3,1674.0,884.0,1849.0,1102.0,1167.0,909.0,1313.0,1107.0,721.0,762.0,877.0,966.0
22327,11:59.684,3,1693.0,902.0,1871.0,1121.0,723.0,785.0,880.0,993.0,1174.0,936.0,1321.0,1136.0
22343,12:00.200,3,1593.0,846.0,1768.0,1073.0,1056.0,838.0,1211.0,1048.0,573.0,634.0,747.0,851.0
22359,12:00.716,3,999.0,1032.0,1162.0,1264.0,1548.0,1007.0,1727.0,1236.0,471.0,845.0,661.0,1080.0
22375,12:01.232,3,1547.0,928.0,1713.0,1147.0,566.0,781.0,737.0,1001.0,1046.0,956.0,1194.0,1160.0
22391,12:01.747,3,1633.0,943.0,1802.0,1157.0,680.0,749.0,843.0,961.0,1137.0,941.0,1284.0,1143.0
22407,12:02.263,3,1597.0,916.0,1764.0,1133.0,643.0,741.0,803.0,955.0,1099.0,929.0,1248.0,1128.0
22423,12:02.779,3,1576.0,922.0,1741.0,1137.0,616.0,761.0,781.0,974.0,1082.0,940.0,1228.0,1142.0
22439,12:03.295,3,1678.0,918.0,1855.0,1141.0,726.0,743.0,881.0,954.0,1179.0,925.0,1329.0,1130.0
22455,12:03.810,3,1668.0,881.0,1843.0,1098.0,713.0,726.0,868.0,930.0,1171.0,888.0,1319.0,1087.0
22471,12:04.326,3,1664.0,866.0,1836.0,1088.0,710.0,713.0,867.0,916.0,1171.0,884.0,1316.0,1089.0
22487,12:04.842,3,1668.0,885.0,1842.0,1104.0,715.0,726.0,871.0,932.0,1170.0,899.0,1316.0,1100.0
22503,12:05.358,3,1677.0,895.0,1851.0,1113.0,721.0,735.0,878.0,942.0,1177.0,909.0,1324.0,1113.0
22519,12:05.873,3,1673.0,899.0,1849.0,1123.0,719.0,751.0,875.0,954.0,1172.0,919.0,1318.0,1121.0
22535,12:06.389,3,1673.0,905.0,1850.0,1128.0,719.0,754.0,874.0,958.0,1174.0,921.0,1320.0,1122.0
22551,12:06.905,3,1676.0,899.0,1851.0,1123.0,717.0,747.0,873.0,955.0,1174.0,920.0,1321.0,1125.0
22567,12:07.420,3,1677.0,893.0,1851.0,1115.0,720.0,747.0,875.0,949.0,1173.0,916.0,1320.0,1119.0
22583,12:07.936,3,1598.0,876.0,1766.0,1091.0,1090.0,902.0,1236.0,1103.0,624.0,741.0,782.0,946.0
22599,12:08.452,3,1598.0,881.0,1765.0,1096.0,616.0,732.0,772.0,945.0,1090.0,901.0,1235.0,1102.0
22615,12:08.968,3,1598.0,872.0,1765.0,1089.0,615.0,731.0,769.0,938.0,1088.0,899.0,1235.0,1098.0
22631,12:09.483,3,1602.0,884.0,1769.0,1097.0,619.0,735.0,774.0,939.0,1092.0,901.0,1237.0,1102.0
22647,12:09.999,3,1598.0,879.0,1764.0,1095.0,1094.0,899.0,1240.0,1097.0,625.0,739.0,782.0,943.0
22663,12:10.515,3,1595.0,878.0,1762.0,1095.0,634.0,737.0,792.0,944.0,1097.0,900.0,1244.0,1095.0
22679,12:11.031,3,1594.0,882.0,1761.0,1099.0,653.0,740.0,811.0,946.0,1096.0,901.0,1244.0,1095.0
22695,12:11.546,3,1596.0,892.0,1765.0,1110.0,659.0,752.0,816.0,954.0,1102.0,911.0,1248.0,1110.0
22711,12:12.062,3,1620.0,890.0,1791.0,1107.0,682.0,747.0,840.0,952.0,1124.0,908.0,1268.0,1109.0
22727,12:12.578,3,1629.0,888.0,1799.0,1101.0,690.0,745.0,844.0,949.0,1128.0,903.0,1274.0,1099.0
22743,12:13.094,3,1651.0,888.0,1822.0,1102.0,704.0,740.0,859.0,945.0,1147.0,900.0,1295.0,1094.0
22759,12:13.609,3,1641.0,871.0,1811.0,1083.0,693.0,728.0,848.0,934.0,1138.0,892.0,1284.0,1084.0
22775,12:14.125,3,1624.0,877.0,1795.0,1094.0,671.0,742.0,826.0,939.0,1117.0,898.0,1265.0,1090.0
22791,12:14.641,3,1624.0,878.0,1795.0,1092.0,1116.0,903.0,1263.0,1095.0,667.0,742.0,822.0,940.0
22807,12:15.157,3,1617.0,873.0,1788.0,1088.0,659.0,737.0,814.0,944.0,1117.0,894.0,1262.0,1092.0
22823,12:15.672,3,1618.0,867.0,1788.0,1085.0,662.0,730.0,818.0,942.0,1123.0,889.0,1270.0,1087.0
22839,12:16.188,3,1627.0,870.0,1795.0,1087.0,672.0,730.0,829.0,931.0,1129.0,889.0,1276.0,1087.0
22855,12:16.704,3,1632.0,874.0,1803.0,1091.0,681.0,734.0,835.0,934.0,1136.0,889.0,1283.0,1084.0
22871,12:17.220,3,1636.0,878.0,1806.0,1095.0,682.0,730.0,838.0,934.0,1141.0,891.0,1288.0,1086.0
22887,12:17.735,3,1634.0,885.0,1805.0,1099.0,683.0,731.0,836.0,938.0,1141.0,895.0,1288.0,1088.0
22903,12:18.251,3,1647.0,889.0,1820.0,1102.0,696.0,735.0,852.0,941.0,1151.0,896.0,1299.0,1092.0
22919,12:18.767,3,1680.0,883.0,1857.0,1103.0,726.0,742.0,883.0,948.0,1182.0,898.0,1331.0,1095.0
22935,12:19.283,3,1726.0,900.0,1908.0,1125.0,1221.0,929.0,1371.0,1126.0,767.0,787.0,918.0,989.0
22951,12:19.798,3,1762.0,856.0,1950.0,1075.0,1261.0,932.0,1411.0,1132.0,797.0,847.0,946.0,1045.0
22967,12:20.314,3,1777.0,748.0,1964.0,967.0,1271.0,828.0,1421.0,1023.0,812.0,743.0,957.0,940.0
22983,12:20.830,3,1733.0,771.0,1915.0,990.0,1233.0,844.0,1380.0,1038.0,774.0,748.0,922.0,945.0
22999,12:21.346,3,1717.0,737.0,1897.0,957.0,1218.0,822.0,1368.0,1017.0,754.0,743.0,905.0,935.0
23015,12:21.861,3,1789.0,768.0,1977.0,984.0,1281.0,844.0,1430.0,1037.0,823.0,753.0,969.0,947.0
23031,12:22.377,3,1780.0,766.0,1967.0,982.0,1272.0,835.0,1423.0,1031.0,814.0,748.0,963.0,944.0
23047,12:22.893,3,1788.0,779.0,1974.0,994.0,1278.0,847.0,1427.0,1040.0,820.0,752.0,967.0,948.0
23063,12:23.408,3,1809.0,802.0,1999.0,1019.0,1297.0,865.0,1450.0,1066.0,839.0,765.0,984.0,964.0
23079,12:23.924,3,1807.0,798.0,1997.0,1018.0,1295.0,863.0,1447.0,1057.0,836.0,763.0,981.0,961.0
23095,12:24.440,3,1599.0,698.0,1766.0,901.0,628.0,646.0,787.0,856.0,1111.0,750.0,1258.0,940.0
23111,12:24.956,3,1416.0,492.0,1578.0,703.0,399.0,385.0,579.0,613.0,924.0,534.0,1075.0,728.0
23127,12:25.471,3,1467.0,518.0,1629.0,722.0,972.0,552.0,1123.0,751.0,465.0,417.0,638.0,635.0
23143,12:25.987,3,1614.0,540.0,1785.0,754.0,634.0,420.0,796.0,633.0,1115.0,564.0,1263.0,761.0
23159,12:26.503,3,1640.0,544.0,1813.0,759.0,662.0,422.0,822.0,636.0,1142.0,570.0,1290.0,762.0
23175,12:27.019,3,1665.0,529.0,1841.0,749.0,1160.0,558.0,1311.0,753.0,684.0,425.0,843.0,629.0
23191,12:27.534,3,1665.0,534.0,1841.0,751.0,1161.0,560.0,1312.0,757.0,687.0,427.0,845.0,630.0
23207,12:28.050,3,1663.0,536.0,1838.0,752.0,1159.0,563.0,1310.0,760.0,680.0,427.0,839.0,636.0
23223,12:28.566,3,1672.0,541.0,1847.0,760.0,694.0,427.0,852.0,634.0,1171.0,567.0,1317.0,768.0
23239,12:29.082,3,1681.0,547.0,1856.0,767.0,702.0,428.0,860.0,638.0,1176.0,573.0,1326.0,772.0
23255,12:29.597,3,1684.0,551.0,1859.0,770.0,1178.0,573.0,1328.0,773.0,708.0,428.0,863.0,637.0
23271,12:30.113,3,1689.0,565.0,1866.0,780.0,714.0,435.0,869.0,644.0,1184.0,581.0,1332.0,779.0
23287,12:30.629,3,1705.0,583.0,1886.0,801.0,735.0,456.0,892.0,662.0,1203.0,600.0,1350.0,798.0
23303,12:31.145,3,1725.0,593.0,1906.0,810.0,1211.0,604.0,1360.0,809.0,760.0,465.0,915.0,672.0
23319,12:31.660,3,1727.0,592.0,1908.0,812.0,1213.0,610.0,1360.0,811.0,760.0,470.0,916.0,675.0
23335,12:32.176,3,1723.0,596.0,1902.0,813.0,1212.0,611.0,1359.0,822.0,755.0,473.0,913.0,677.0
23351,12:32.692,3,1684.0,616.0,1859.0,834.0,719.0,500.0,876.0,708.0,1177.0,636.0,1325.0,837.0
23367,12:33.208,3,1558.0,862.0,1727.0,1076.0,1063.0,905.0,1211.0,1111.0,586.0,780.0,749.0,991.0
23383,12:33.723,3,1636.0,829.0,1805.0,1036.0,675.0,761.0,834.0,961.0,1139.0,870.0,1286.0,1066.0
23399,12:34.239,3,1687.0,743.0,1861.0,957.0,1186.0,772.0,1331.0,975.0,732.0,653.0,885.0,856.0
23415,12:34.755,3,1566.0,809.0,1733.0,1016.0,604.0,732.0,764.0,938.0,1075.0,844.0,1222.0,1037.0
23431,12:35.271,3,1565.0,899.0,1732.0,1112.0,1070.0,942.0,1217.0,1154.0,594.0,824.0,757.0,1038.0
23447,12:35.786,3,1549.0,898.0,1716.0,1114.0,1053.0,945.0,1200.0,1159.0,579.0,815.0,742.0,1027.0
23463,12:36.302,3,1555.0,901.0,1724.0,1119.0,1060.0,948.0,1207.0,1162.0,570.0,815.0,739.0,1028.0
23479,12:36.818,3,1592.0,825.0,1762.0,1029.0,1096.0,860.0,1243.0,1071.0,609.0,725.0,771.0,932.0
23495,12:37.333,3,1567.0,859.0,1735.0,1069.0,579.0,747.0,744.0,957.0,1077.0,887.0,1224.0,1085.0
23511,12:37.849,3,581.0,720.0,746.0,924.0,1575.0,819.0,1741.0,1024.0,1084.0,851.0,1230.0,1053.0
23527,12:38.365,3,589.0,724.0,751.0,929.0,1580.0,820.0,1747.0,1023.0,1093.0,856.0,1240.0,1055.0
23543,12:38.881,3,587.0,713.0,749.0,927.0,1577.0,813.0,1745.0,1018.0,1091.0,850.0,1238.0,1051.0
23559,12:39.396,3,1584.0,828.0,1753.0,1030.0,597.0,713.0,756.0,918.0,1099.0,861.0,1247.0,1063.0
23575,12:39.912,3,1608.0,846.0,1777.0,1053.0,620.0,734.0,781.0,937.0,1119.0,880.0,1267.0,1078.0
23591,12:40.428,3,1530.0,838.0,1695.0,1049.0,546.0,721.0,712.0,930.0,1044.0,875.0,1192.0,1077.0
23607,12:40.944,3,1545.0,986.0,1710.0,1208.0,556.0,835.0,721.0,1046.0,1053.0,1009.0,1200.0,1219.0
23623,12:41.459,3,1537.0,951.0,1703.0,1164.0,1045.0,970.0,1192.0,1179.0,554.0,791.0,719.0,1004.0
23639,12:41.975,3,1549.0,895.0,1714.0,1116.0,564.0,743.0,730.0,950.0,1056.0,922.0,1205.0,1125.0
23655,12:42.491,3,1571.0,982.0,1738.0,1201.0,588.0,805.0,751.0,1019.0,1076.0,988.0,1222.0,1196.0
23671,12:43.007,3,1589.0,905.0,1759.0,1126.0,609.0,747.0,772.0,957.0,1093.0,928.0,1241.0,1129.0
23687,12:43.522,3,1596.0,902.0,1765.0,1121.0,619.0,746.0,778.0,951.0,1105.0,920.0,1249.0,1129.0
23703,12:44.038,3,1604.0,906.0,1774.0,1126.0,624.0,749.0,785.0,953.0,1110.0,928.0,1257.0,1123.0
23719,12:44.554,3,1595.0,906.0,1764.0,1126.0,617.0,749.0,777.0,956.0,1103.0,926.0,1250.0,1126.0
23735,12:45.070,3,1595.0,906.0,1764.0,1127.0,617.0,750.0,778.0,957.0,1100.0,926.0,1247.0,1125.0
23751,12:45.585,3,1598.0,907.0,1767.0,1127.0,622.0,744.0,785.0,958.0,1107.0,924.0,1253.0,1123.0
23767,12:46.101,3,1603.0,899.0,1771.0,1118.0,630.0,745.0,790.0,949.0,1105.0,920.0,1252.0,1124.0
23783,12:46.617,3,1624.0,889.0,1795.0,1104.0,649.0,725.0,808.0,931.0,1122.0,903.0,1271.0,1103.0
23799,12:47.133,3,1769.0,998.0,1954.0,1226.0,1250.0,1019.0,1399.0,1221.0,782.0,842.0,934.0,1046.0
23815,12:47.648,3,1759.0,921.0,1940.0,1138.0,1246.0,946.0,1394.0,1145.0,770.0,779.0,924.0,979.0
23831,12:48.164,3,1734.0,903.0,1913.0,1126.0,1221.0,933.0,1371.0,1135.0,745.0,777.0,901.0,978.0
23847,12:48.680,3,1691.0,948.0,1869.0,1168.0,1181.0,971.0,1329.0,1180.0,706.0,812.0,861.0,1016.0
23863,12:49.196,3,1699.0,950.0,1878.0,1169.0,1189.0,971.0,1339.0,1175.0,714.0,805.0,868.0,1011.0
23879,12:49.711,3,1682.0,1012.0,1860.0,1237.0,688.0,868.0,847.0,1075.0,1174.0,1038.0,1324.0,1243.0
23895,12:50.227,3,1653.0,1075.0,1831.0,1304.0,1146.0,1102.0,1297.0,1311.0,648.0,937.0,808.0,1146.0
23911,12:50.743,3,1685.0,892.0,1859.0,1108.0,700.0,738.0,857.0,946.0,1183.0,906.0,1331.0,1105.0
23927,12:51.258,3,1664.0,932.0,1838.0,1149.0,1163.0,944.0,1314.0,1150.0,676.0,770.0,836.0,980.0
23943,12:51.774,3,1615.0,1177.0,1792.0,1412.0,1104.0,1200.0,1259.0,1428.0,613.0,1010.0,784.0,1230.0
23959,12:52.290,3,1660.0,981.0,1837.0,1210.0,1160.0,1012.0,1309.0,1223.0,696.0,845.0,855.0,1053.0
23975,12:52.806,3,1689.0,948.0,1869.0,1171.0,1191.0,971.0,1341.0,1182.0,731.0,799.0,887.0,1004.0
23991,12:53.321,3,1676.0,934.0,1856.0,1160.0,1181.0,957.0,1329.0,1163.0,725.0,790.0,882.0,999.0
24007,12:53.837,3,1668.0,922.0,1843.0,1146.0,699.0,765.0,854.0,969.0,1172.0,944.0,1318.0,1148.0
24023,12:54.353,3,1687.0,929.0,1864.0,1152.0,704.0,772.0,857.0,976.0,1193.0,948.0,1340.0,1149.0
24039,12:54.869,3,1688.0,914.0,1865.0,1140.0,714.0,755.0,867.0,962.0,1191.0,933.0,1339.0,1134.0
24055,12:55.384,3,1668.0,896.0,1845.0,1122.0,707.0,751.0,865.0,955.0,1173.0,920.0,1320.0,1124.0
24071,12:55.900,3,1668.0,899.0,1844.0,1125.0,702.0,762.0,859.0,965.0,1173.0,923.0,1320.0,1126.0
24087,12:56.416,3,1679.0,904.0,1856.0,1131.0,1182.0,922.0,1331.0,1125.0,708.0,757.0,863.0,962.0
24103,12:56.932,3,1678.0,892.0,1854.0,1112.0,707.0,737.0,866.0,946.0,1177.0,901.0,1324.0,1105.0
24119,12:57.447,3,1680.0,891.0,1855.0,1112.0,710.0,737.0,868.0,943.0,1179.0,897.0,1328.0,1100.0
24135,12:57.963,3,1686.0,892.0,1864.0,1115.0,716.0,738.0,873.0,943.0,1184.0,897.0,1334.0,1102.0
24151,12:58.479,3,1690.0,891.0,1869.0,1113.0,1190.0,898.0,1338.0,1101.0,721.0,735.0,875.0,938.0
24167,12:58.995,3,1689.0,890.0,1867.0,1111.0,722.0,732.0,876.0,933.0,1190.0,893.0,1338.0,1091.0
24183,12:59.510,3,1690.0,889.0,1867.0,1109.0,1193.0,894.0,1340.0,1098.0,723.0,729.0,878.0,930.0
24199,13:00.026,3,1691.0,889.0,1869.0,1109.0,727.0,725.0,881.0,926.0,1195.0,890.0,1342.0,1088.0
24215,13:00.542,3,1692.0,887.0,1870.0,1109.0,733.0,723.0,887.0,923.0,1196.0,889.0,1342.0,1087.0
24231,13:01.058,3,1691.0,892.0,1870.0,1112.0,734.0,728.0,886.0,926.0,1196.0,896.0,1342.0,1093.0
24247,13:01.573,3,1682.0,885.0,1859.0,1105.0,1186.0,879.0,1334.0,1087.0,724.0,713.0,879.0,915.0
24263,13:02.089,3,1692.0,920.0,1870.0,1143.0,729.0,757.0,887.0,957.0,1198.0,918.0,1345.0,1118.0
24279,13:02.605,3,1688.0,900.0,1866.0,1122.0,1205.0,880.0,1356.0,1091.0,730.0,733.0,884.0,936.0
24295,13:03.121,3,1686.0,849.0,1863.0,1073.0,1191.0,839.0,1343.0,1042.0,725.0,686.0,880.0,887.0
24311,13:03.636,3,1680.0,844.0,1853.0,1064.0,1181.0,845.0,1330.0,1056.0,721.0,672.0,874.0,878.0
24327,13:04.152,3,1681.0,841.0,1855.0,1058.0,1190.0,843.0,1336.0,1052.0,723.0,675.0,879.0,879.0
24343,13:04.668,3,1686.0,841.0,1862.0,1061.0,726.0,677.0,881.0,881.0,1193.0,845.0,1340.0,1045.0
24359,13:05.183,3,1689.0,842.0,1866.0,1062.0,1195.0,847.0,1343.0,1048.0,729.0,677.0,884.0,881.0
24375,13:05.699,3,1691.0,842.0,1867.0,1062.0,731.0,678.0,885.0,880.0,1196.0,847.0,1344.0,1046.0
24391,13:06.215,3,1695.0,841.0,1872.0,1062.0,734.0,675.0,889.0,878.0,1198.0,848.0,1345.0,1045.0
24407,13:06.731,3,1698.0,844.0,1876.0,1066.0,1195.0,842.0,1341.0,1047.0,736.0,676.0,891.0,878.0
24423,13:07.246,3,1700.0,841.0,1878.0,1064.0,738.0,673.0,894.0,874.0,1197.0,840.0,1343.0,1035.0
24439,13:07.762,3,1704.0,841.0,1882.0,1064.0,1203.0,843.0,1351.0,1039.0,742.0,670.0,898.0,872.0
24455,13:08.278,3,1708.0,842.0,1886.0,1065.0,1210.0,837.0,1358.0,1034.0,747.0,668.0,902.0,871.0
24471,13:08.794,3,1707.0,842.0,1885.0,1064.0,746.0,667.0,901.0,871.0,1208.0,840.0,1356.0,1033.0
24487,13:09.309,3,1708.0,841.0,1886.0,1062.0,1209.0,839.0,1358.0,1041.0,747.0,667.0,901.0,869.0
24503,13:09.825,3,1710.0,841.0,1889.0,1064.0,750.0,667.0,905.0,871.0,1213.0,849.0,1361.0,1044.0
24519,13:10.341,3,1704.0,840.0,1882.0,1059.0,1208.0,846.0,1357.0,1046.0,747.0,669.0,901.0,870.0
24535,13:10.857,3,1701.0,838.0,1879.0,1056.0,1205.0,846.0,1355.0,1048.0,740.0,666.0,895.0,868.0
24551,13:11.372,3,1700.0,846.0,1877.0,1068.0,1204.0,852.0,1354.0,1051.0,742.0,674.0,897.0,874.0
24567,13:11.888,3,1695.0,843.0,1872.0,1063.0,740.0,654.0,896.0,856.0,1203.0,847.0,1350.0,1044.0
24583,13:12.404,3,1699.0,840.0,1877.0,1061.0,1202.0,840.0,1348.0,1037.0,739.0,646.0,894.0,845.0
24599,13:12.920,3,1701.0,841.0,1879.0,1063.0,1208.0,842.0,1355.0,1037.0,753.0,684.0,908.0,883.0
24615,13:13.435,3,1701.0,841.0,1879.0,1062.0,1205.0,842.0,1352.0,1040.0,751.0,680.0,906.0,881.0
24631,13:13.951,3,1705.0,841.0,1883.0,1064.0,1208.0,843.0,1356.0,1041.0,754.0,677.0,905.0,877.0
24647,13:14.467,3,1706.0,834.0,1883.0,1052.0,1209.0,844.0,1356.0,1040.0,752.0,666.0,904.0,869.0
24663,13:14.983,3,1713.0,857.0,1890.0,1080.0,1220.0,868.0,1368.0,1067.0,755.0,698.0,910.0,903.0
24679,13:15.498,3,1703.0,907.0,1880.0,1137.0,1215.0,918.0,1361.0,1120.0,763.0,770.0,918.0,974.0
24695,13:16.014,3,1686.0,893.0,1865.0,1117.0,1192.0,899.0,1340.0,1103.0,732.0,747.0,890.0,954.0
24711,13:16.530,3,1686.0,909.0,1862.0,1140.0,722.0,747.0,875.0,954.0,1196.0,920.0,1345.0,1124.0
24727,13:17.046,3,1690.0,914.0,1868.0,1140.0,734.0,744.0,891.0,953.0,1195.0,925.0,1342.0,1125.0
24743,13:17.561,3,1675.0,891.0,1850.0,1111.0,737.0,736.0,895.0,939.0,1167.0,900.0,1318.0,1094.0
24759,13:18.077,3,1679.0,885.0,1856.0,1106.0,738.0,728.0,897.0,931.0,1174.0,888.0,1322.0,1086.0
24775,13:18.593,3,1688.0,886.0,1864.0,1108.0,1181.0,884.0,1330.0,1085.0,745.0,729.0,901.0,931.0
24791,13:19.108,3,1690.0,892.0,1869.0,1114.0,1192.0,891.0,1337.0,1095.0,748.0,739.0,904.0,940.0
24807,13:19.624,3,1691.0,893.0,1869.0,1115.0,1195.0,893.0,1341.0,1096.0,748.0,737.0,904.0,939.0
24823,13:20.140,3,1696.0,892.0,1875.0,1117.0,1197.0,890.0,1341.0,1093.0,753.0,737.0,907.0,937.0
24839,13:20.656,3,1696.0,895.0,1876.0,1123.0,1196.0,895.0,1342.0,1097.0,753.0,740.0,908.0,940.0
24855,13:21.171,3,1698.0,895.0,1877.0,1125.0,1201.0,893.0,1346.0,1101.0,753.0,738.0,910.0,939.0
24871,13:21.687,3,1698.0,894.0,1877.0,1120.0,1209.0,887.0,1356.0,1087.0,754.0,739.0,911.0,936.0
24887,13:22.203,3,1698.0,895.0,1878.0,1124.0,754.0,739.0,913.0,938.0,1194.0,887.0,1339.0,1087.0
24903,13:22.719,3,1700.0,896.0,1879.0,1124.0,756.0,737.0,915.0,938.0,1195.0,892.0,1341.0,1091.0
24919,13:23.234,3,1701.0,896.0,1880.0,1124.0,755.0,738.0,915.0,938.0,1201.0,897.0,1349.0,1093.0
24935,13:23.750,3,1703.0,895.0,1881.0,1123.0,760.0,739.0,916.0,940.0,1203.0,896.0,1351.0,1095.0
24951,13:24.266,3,1703.0,897.0,1882.0,1125.0,1203.0,900.0,1352.0,1100.0,760.0,738.0,917.0,939.0
24967,13:24.782,3,1705.0,897.0,1884.0,1124.0,761.0,736.0,919.0,936.0,1205.0,899.0,1353.0,1098.0
24983,13:25.297,3,1707.0,897.0,1886.0,1123.0,769.0,736.0,926.0,936.0,1203.0,898.0,1351.0,1098.0
24999,13:25.813,3,1708.0,896.0,1886.0,1122.0,1205.0,898.0,1353.0,1098.0,761.0,741.0,917.0,938.0
25015,13:26.329,3,1709.0,897.0,1889.0,1124.0,1205.0,899.0,1353.0,1100.0,766.0,740.0,921.0,938.0
25031,13:26.845,3,1709.0,899.0,1887.0,1125.0,768.0,737.0,924.0,939.0,1203.0,899.0,1351.0,1099.0
25047,13:27.360,3,1710.0,895.0,1889.0,1122.0,1206.0,897.0,1354.0,1096.0,770.0,731.0,925.0,930.0
25063,13:27.876,3,1714.0,894.0,1894.0,1123.0,1207.0,896.0,1355.0,1099.0,769.0,730.0,924.0,932.0
25079,13:28.392,3,1711.0,892.0,1892.0,1120.0,1207.0,893.0,1355.0,1095.0,769.0,724.0,923.0,922.0
25095,13:28.908,3,1709.0,890.0,1888.0,1115.0,761.0,720.0,915.0,930.0,1200.0,894.0,1346.0,1093.0
25111,13:29.423,3,1711.0,889.0,1889.0,1114.0,1199.0,894.0,1346.0,1093.0,747.0,716.0,900.0,915.0
25127,13:29.939,3,1710.0,888.0,1887.0,1112.0,1201.0,892.0,1348.0,1093.0,739.0,707.0,893.0,907.0
25143,13:30.455,3,1710.0,887.0,1888.0,1111.0,1203.0,891.0,1351.0,1091.0,757.0,713.0,907.0,911.0
25159,13:30.971,3,1708.0,888.0,1886.0,1111.0,1202.0,890.0,1348.0,1092.0,771.0,725.0,921.0,917.0
25175,13:31.486,3,1707.0,883.0,1885.0,1108.0,1203.0,886.0,1350.0,1086.0,764.0,716.0,918.0,914.0
25191,13:32.002,3,1694.0,950.0,1873.0,1173.0,1186.0,953.0,1336.0,1155.0,752.0,774.0,905.0,974.0
25207,13:32.518,3,1694.0,923.0,1869.0,1147.0,1190.0,928.0,1337.0,1130.0,743.0,751.0,896.0,951.0
25223,13:33.034,3,1683.0,915.0,1858.0,1137.0,1179.0,913.0,1326.0,1117.0,733.0,747.0,888.0,948.0
25239,13:33.549,3,1684.0,899.0,1861.0,1125.0,1178.0,904.0,1324.0,1108.0,736.0,739.0,889.0,940.0
25255,13:34.065,3,1684.0,901.0,1861.0,1126.0,1175.0,904.0,1323.0,1106.0,735.0,742.0,889.0,944.0
25271,13:34.581,3,1694.0,911.0,1870.0,1134.0,1181.0,907.0,1329.0,1113.0,743.0,749.0,896.0,945.0
25287,13:35.096,3,1695.0,908.0,1871.0,1132.0,1180.0,908.0,1327.0,1112.0,741.0,748.0,894.0,946.0
25303,13:35.612,3,1690.0,912.0,1866.0,1138.0,1180.0,910.0,1327.0,1113.0,736.0,750.0,890.0,952.0
25319,13:36.128,3,1690.0,919.0,1865.0,1140.0,1179.0,918.0,1327.0,1117.0,737.0,755.0,890.0,956.0
25335,13:36.644,3,1685.0,915.0,1862.0,1140.0,731.0,754.0,885.0,956.0,1174.0,921.0,1322.0,1120.0
25351,13:37.159,3,1699.0,938.0,1878.0,1159.0,1186.0,954.0,1336.0,1160.0,739.0,788.0,894.0,991.0
25367,13:37.675,3,1710.0,895.0,1891.0,1117.0,1199.0,917.0,1349.0,1123.0,749.0,764.0,902.0,964.0
25383,13:38.191,3,1681.0,842.0,1859.0,1063.0,723.0,723.0,875.0,919.0,1175.0,873.0,1322.0,1073.0
25399,13:38.707,3,1684.0,832.0,1863.0,1051.0,1176.0,856.0,1325.0,1057.0,722.0,708.0,875.0,906.0
25415,13:39.222,3,1659.0,894.0,1834.0,1112.0,1153.0,917.0,1303.0,1123.0,696.0,773.0,852.0,974.0
25431,13:39.738,3,1059.0,1012.0,1214.0,1234.0,1562.0,958.0,1738.0,1177.0,578.0,857.0,744.0,1069.0
25447,13:40.254,3,1602.0,967.0,1779.0,1190.0,1095.0,1047.0,1251.0,1275.0,623.0,900.0,785.0,1124.0
25463,13:40.770,3,1641.0,835.0,1817.0,1049.0,1127.0,882.0,1280.0,1092.0,673.0,724.0,829.0,928.0
25479,13:41.285,3,1660.0,903.0,1837.0,1125.0,1148.0,911.0,1297.0,1119.0,694.0,761.0,852.0,966.0
25495,13:41.801,3,1576.0,802.0,1744.0,1014.0,610.0,630.0,772.0,835.0,1077.0,774.0,1228.0,979.0
25511,13:42.317,3,1543.0,830.0,1710.0,1040.0,565.0,627.0,729.0,838.0,1046.0,791.0,1198.0,997.0
25527,13:42.833,3,1566.0,807.0,1735.0,1020.0,560.0,595.0,724.0,807.0,1068.0,779.0,1216.0,981.0
25543,13:43.348,3,1538.0,827.0,1703.0,1037.0,533.0,606.0,699.0,822.0,1034.0,806.0,1180.0,1000.0
25559,13:43.864,3,521.0,610.0,688.0,820.0,1537.0,813.0,1700.0,1026.0,1032.0,800.0,1178.0,1008.0
25575,13:44.380,3,516.0,598.0,685.0,807.0,1544.0,807.0,1708.0,1022.0,1040.0,797.0,1185.0,994.0
25591,13:44.896,3,1543.0,808.0,1707.0,1020.0,506.0,599.0,672.0,803.0,1039.0,803.0,1185.0,1000.0
25607,13:45.411,3,1546.0,807.0,1710.0,1019.0,515.0,592.0,684.0,800.0,1042.0,799.0,1188.0,1001.0
25623,13:45.927,3,1551.0,807.0,1716.0,1021.0,520.0,591.0,686.0,803.0,1040.0,801.0,1186.0,1001.0
25639,13:46.443,3,1550.0,810.0,1714.0,1024.0,521.0,593.0,688.0,804.0,1038.0,797.0,1185.0,995.0
25655,13:46.959,3,519.0,600.0,687.0,812.0,1544.0,810.0,1708.0,1023.0,1028.0,809.0,1178.0,1002.0
25671,13:47.474,3,509.0,594.0,676.0,809.0,1544.0,807.0,1708.0,1025.0,1018.0,811.0,1167.0,1002.0
25687,13:47.990,3,1542.0,805.0,1708.0,1021.0,508.0,594.0,674.0,808.0,998.0,807.0,1147.0,1000.0
25703,13:48.506,3,510.0,599.0,679.0,810.0,1539.0,810.0,1703.0,1025.0,991.0,807.0,1141.0,1000.0
25719,13:49.021,3,1539.0,810.0,1703.0,1024.0,511.0,592.0,678.0,803.0,1000.0,800.0,1148.0,1001.0
25735,13:49.537,3,509.0,595.0,676.0,807.0,1537.0,809.0,1701.0,1022.0,1001.0,801.0,1149.0,997.0
25751,13:50.053,3,505.0,596.0,672.0,808.0,1534.0,812.0,1698.0,1022.0,1004.0,802.0,1151.0,997.0
25767,13:50.569,3,505.0,595.0,672.0,807.0,1531.0,811.0,1694.0,1021.0,1006.0,806.0,1154.0,1000.0
25783,13:51.084,3,503.0,597.0,669.0,809.0,1530.0,809.0,1693.0,1023.0,1002.0,808.0,1151.0,1003.0
25799,13:51.600,3,1534.0,807.0,1698.0,1021.0,500.0,596.0,667.0,808.0,1000.0,811.0,1149.0,1003.0
25815,13:52.116,3,500.0,598.0,667.0,810.0,1528.0,810.0,1691.0,1022.0,998.0,813.0,1147.0,1005.0
25831,13:52.632,3,499.0,598.0,665.0,811.0,1523.0,811.0,1687.0,1022.0,998.0,812.0,1147.0,1005.0
25847,13:53.147,3,500.0,598.0,666.0,810.0,1521.0,809.0,1685.0,1021.0,998.0,813.0,1147.0,1006.0
25863,13:53.663,3,1500.0,800.0,1666.0,1010.0,499.0,600.0,664.0,810.0,996.0,810.0,1146.0,1006.0
25879,13:54.179,3,1494.0,784.0,1658.0,1000.0,500.0,597.0,666.0,809.0,999.0,807.0,1147.0,1010.0
25895,13:54.695,3,1481.0,782.0,1645.0,990.0,502.0,605.0,668.0,816.0,1004.0,810.0,1151.0,1012.0
25911,13:55.210,3,1498.0,780.0,1661.0,988.0,506.0,604.0,673.0,815.0,1007.0,805.0,1154.0,1004.0
25927,13:55.726,3,507.0,609.0,675.0,824.0,1503.0,812.0,1667.0,1017.0,1004.0,818.0,1151.0,1015.0
25943,13:56.242,3,1531.0,824.0,1695.0,1032.0,516.0,613.0,683.0,827.0,1014.0,828.0,1161.0,1026.0
25959,13:56.758,3,1542.0,822.0,1707.0,1031.0,503.0,615.0,671.0,826.0,1012.0,818.0,1159.0,1016.0
25975,13:57.273,3,506.0,609.0,674.0,827.0,1537.0,818.0,1700.0,1029.0,1014.0,814.0,1160.0,1016.0
25991,13:57.789,3,500.0,613.0,669.0,829.0,1526.0,820.0,1689.0,1027.0,1008.0,817.0,1156.0,1016.0
26007,13:58.305,3,491.0,618.0,660.0,836.0,1520.0,828.0,1683.0,1036.0,1005.0,827.0,1155.0,1021.0
26023,13:58.821,3,485.0,617.0,655.0,833.0,1520.0,826.0,1682.0,1034.0,1004.0,830.0,1153.0,1027.0
26039,13:59.336,3,485.0,615.0,653.0,830.0,1518.0,824.0,1681.0,1032.0,1002.0,830.0,1150.0,1028.0
26055,13:59.852,3,483.0,615.0,653.0,830.0,1518.0,828.0,1681.0,1034.0,1001.0,831.0,1148.0,1027.0
26071,14:00.368,3,484.0,617.0,654.0,832.0,1517.0,830.0,1679.0,1037.0,1001.0,830.0,1149.0,1028.0
26087,14:00.884,3,483.0,614.0,653.0,830.0,1516.0,830.0,1679.0,1037.0,1000.0,822.0,1149.0,1025.0
26103,14:01.399,3,484.0,612.0,652.0,828.0,1513.0,825.0,1676.0,1034.0,999.0,822.0,1147.0,1021.0
26119,14:01.915,3,484.0,615.0,652.0,830.0,1513.0,827.0,1676.0,1035.0,1000.0,827.0,1146.0,1027.0
26135,14:02.431,3,484.0,613.0,652.0,828.0,1512.0,824.0,1675.0,1030.0,998.0,821.0,1146.0,1021.0
26151,14:02.946,3,483.0,612.0,650.0,828.0,1510.0,826.0,1674.0,1032.0,999.0,821.0,1148.0,1020.0
26167,14:03.462,3,482.0,613.0,650.0,829.0,1510.0,831.0,1674.0,1032.0,1003.0,823.0,1150.0,1025.0
26183,14:03.978,3,496.0,620.0,664.0,837.0,1521.0,839.0,1683.0,1040.0,1008.0,830.0,1155.0,1028.0
26199,14:04.494,3,1528.0,834.0,1693.0,1037.0,504.0,623.0,672.0,838.0,1016.0,832.0,1163.0,1026.0
26215,14:05.009,3,502.0,619.0,669.0,837.0,1527.0,837.0,1690.0,1036.0,1018.0,831.0,1164.0,1024.0
26231,14:05.525,3,1528.0,828.0,1693.0,1034.0,503.0,620.0,670.0,833.0,1023.0,829.0,1170.0,1023.0
26247,14:06.041,3,1537.0,840.0,1700.0,1049.0,513.0,648.0,680.0,866.0,1045.0,846.0,1190.0,1044.0
26263,14:06.557,3,1537.0,844.0,1702.0,1054.0,513.0,655.0,681.0,869.0,1049.0,852.0,1195.0,1055.0
26279,14:07.072,3,1538.0,842.0,1701.0,1049.0,513.0,644.0,680.0,863.0,1047.0,849.0,1193.0,1049.0
26295,14:07.588,3,1543.0,841.0,1706.0,1048.0,1050.0,847.0,1196.0,1062.0,529.0,640.0,691.0,855.0
26311,14:08.104,3,1540.0,841.0,1703.0,1049.0,519.0,642.0,684.0,856.0,1048.0,845.0,1194.0,1062.0
26327,14:08.620,3,1545.0,840.0,1708.0,1046.0,1048.0,840.0,1195.0,1058.0,520.0,641.0,684.0,853.0
26343,14:09.135,3,1540.0,839.0,1705.0,1046.0,521.0,635.0,685.0,851.0,1045.0,838.0,1192.0,1035.0
26359,14:09.651,3,1535.0,837.0,1700.0,1045.0,514.0,632.0,681.0,848.0,1049.0,835.0,1195.0,1032.0
26375,14:10.167,3,507.0,630.0,676.0,847.0,1537.0,835.0,1702.0,1041.0,1050.0,830.0,1196.0,1026.0
26391,14:10.683,3,487.0,651.0,655.0,874.0,1534.0,836.0,1699.0,1040.0,1036.0,829.0,1182.0,1018.0
26407,14:11.198,3,1493.0,955.0,1657.0,1165.0,415.0,757.0,584.0,975.0,986.0,958.0,1132.0,1163.0
26423,14:11.714,3,449.0,836.0,610.0,1040.0,1522.0,1060.0,1688.0,1274.0,1004.0,1062.0,1156.0,1264.0
26439,14:12.230,3,1731.0,990.0,1909.0,1216.0,1206.0,978.0,1357.0,1180.0,721.0,757.0,857.0,948.0
26455,14:12.746,3,1636.0,841.0,1808.0,1051.0,603.0,636.0,761.0,844.0,1110.0,830.0,1258.0,1028.0
26471,14:13.261,3,1540.0,789.0,1705.0,1003.0,508.0,617.0,680.0,836.0,1024.0,783.0,1173.0,987.0
26487,14:13.777,3,1599.0,770.0,1767.0,984.0,567.0,598.0,734.0,814.0,1076.0,745.0,1223.0,953.0
26503,14:14.293,3,1585.0,772.0,1754.0,988.0,539.0,601.0,709.0,822.0,1065.0,746.0,1214.0,960.0
26519,14:14.809,3,1597.0,771.0,1765.0,987.0,554.0,601.0,724.0,818.0,1079.0,745.0,1226.0,953.0
26535,14:15.324,3,1594.0,773.0,1761.0,990.0,551.0,604.0,720.0,822.0,1081.0,747.0,1231.0,957.0
26551,14:15.840,3,572.0,606.0,740.0,827.0,1606.0,777.0,1774.0,997.0,1092.0,756.0,1241.0,964.0
26567,14:16.356,3,570.0,606.0,738.0,828.0,1605.0,774.0,1773.0,993.0,1090.0,752.0,1240.0,962.0
26583,14:16.871,3,575.0,604.0,743.0,830.0,1606.0,773.0,1775.0,993.0,1091.0,751.0,1242.0,961.0
26599,14:17.387,3,1606.0,776.0,1774.0,995.0,579.0,587.0,747.0,805.0,1091.0,756.0,1241.0,963.0
26615,14:17.903,3,585.0,556.0,754.0,770.0,1606.0,763.0,1775.0,978.0,1099.0,742.0,1250.0,946.0
26631,14:18.419,3,585.0,552.0,754.0,770.0,1609.0,757.0,1778.0,973.0,1080.0,733.0,1231.0,940.0
26647,14:18.934,3,575.0,551.0,744.0,768.0,1608.0,762.0,1779.0,977.0,1074.0,739.0,1224.0,945.0
26663,14:19.450,3,1608.0,862.0,1776.0,1081.0,581.0,623.0,750.0,844.0,1077.0,833.0,1225.0,1035.0
26679,14:19.966,3,1601.0,1007.0,1774.0,1234.0,1069.0,965.0,1217.0,1174.0,580.0,747.0,750.0,963.0
26695,14:20.482,3,579.0,678.0,746.0,893.0,1604.0,925.0,1772.0,1144.0,1069.0,885.0,1219.0,1093.0
26711,14:20.997,3,1602.0,913.0,1771.0,1135.0,577.0,672.0,745.0,889.0,1068.0,873.0,1218.0,1083.0
26727,14:21.513,3,1604.0,913.0,1773.0,1134.0,579.0,671.0,746.0,888.0,1070.0,875.0,1219.0,1086.0
26743,14:22.029,3,1602.0,915.0,1772.0,1135.0,581.0,673.0,748.0,893.0,1070.0,880.0,1220.0,1090.0
26759,14:22.545,3,1606.0,915.0,1775.0,1134.0,587.0,676.0,753.0,896.0,1075.0,874.0,1224.0,1082.0
26775,14:23.060,3,1608.0,917.0,1778.0,1135.0,590.0,676.0,756.0,897.0,1077.0,873.0,1226.0,1088.0
26791,14:23.576,3,1608.0,918.0,1782.0,1138.0,590.0,676.0,757.0,899.0,1077.0,873.0,1227.0,1087.0
26807,14:24.092,3,1610.0,920.0,1784.0,1138.0,592.0,682.0,758.0,902.0,1079.0,876.0,1229.0,1086.0
26823,14:24.608,3,1612.0,917.0,1785.0,1136.0,587.0,680.0,752.0,902.0,1081.0,875.0,1230.0,1083.0
26839,14:25.123,3,1613.0,917.0,1786.0,1137.0,590.0,686.0,757.0,908.0,1081.0,877.0,1230.0,1085.0
26855,14:25.639,3,1608.0,903.0,1778.0,1123.0,582.0,704.0,747.0,924.0,1081.0,873.0,1229.0,1081.0
26871,14:26.155,3,1601.0,897.0,1768.0,1117.0,569.0,700.0,738.0,918.0,1096.0,868.0,1246.0,1077.0
26887,14:26.671,3,1589.0,894.0,1760.0,1116.0,1097.0,866.0,1247.0,1076.0,572.0,691.0,739.0,912.0
26903,14:27.186,3,1587.0,893.0,1758.0,1112.0,572.0,692.0,739.0,912.0,1100.0,863.0,1251.0,1074.0
26919,14:27.702,3,1600.0,888.0,1771.0,1113.0,1096.0,863.0,1248.0,1074.0,580.0,698.0,745.0,917.0
26935,14:28.218,3,1613.0,887.0,1784.0,1113.0,1099.0,863.0,1250.0,1072.0,582.0,692.0,748.0,915.0
26951,14:28.734,3,1610.0,893.0,1780.0,1118.0,567.0,692.0,735.0,912.0,1072.0,863.0,1219.0,1071.0
26967,14:29.249,3,1605.0,887.0,1776.0,1115.0,571.0,689.0,740.0,909.0,1068.0,863.0,1216.0,1069.0
26983,14:29.765,3,1595.0,890.0,1763.0,1113.0,577.0,671.0,745.0,898.0,1067.0,862.0,1215.0,1071.0
26999,14:30.281,3,1596.0,891.0,1764.0,1118.0,581.0,702.0,748.0,921.0,1072.0,863.0,1218.0,1072.0
27015,14:30.797,3,1574.0,893.0,1744.0,1112.0,558.0,689.0,728.0,911.0,1063.0,865.0,1212.0,1084.0
27031,14:31.312,3,570.0,683.0,739.0,904.0,1586.0,875.0,1755.0,1095.0,1074.0,851.0,1220.0,1054.0
27047,14:31.828,3,587.0,668.0,752.0,891.0,1601.0,878.0,1771.0,1097.0,1084.0,851.0,1231.0,1056.0
27063,14:32.344,3,1602.0,918.0,1771.0,1136.0,590.0,709.0,758.0,933.0,1080.0,884.0,1228.0,1085.0
27079,14:32.859,3,1598.0,923.0,1767.0,1141.0,587.0,714.0,755.0,944.0,1077.0,895.0,1226.0,1094.0
27095,14:33.375,3,1564.0,831.0,1731.0,1041.0,540.0,637.0,713.0,871.0,1046.0,815.0,1194.0,1019.0
27111,14:33.891,3,1537.0,830.0,1702.0,1045.0,511.0,640.0,687.0,872.0,1016.0,814.0,1164.0,1011.0
27127,14:34.407,3,1579.0,838.0,1746.0,1049.0,552.0,636.0,722.0,868.0,1057.0,807.0,1207.0,1012.0
27143,14:34.922,3,538.0,626.0,709.0,857.0,1572.0,829.0,1737.0,1036.0,1052.0,797.0,1200.0,1006.0
27159,14:35.438,3,518.0,616.0,691.0,843.0,1553.0,813.0,1718.0,1024.0,1034.0,787.0,1183.0,991.0
27175,14:35.954,3,1542.0,842.0,1704.0,1052.0,500.0,642.0,677.0,872.0,1022.0,821.0,1171.0,1021.0
27191,14:36.470,3,1569.0,865.0,1735.0,1081.0,541.0,663.0,713.0,894.0,1047.0,843.0,1196.0,1044.0
27207,14:36.985,3,568.0,662.0,739.0,893.0,1592.0,869.0,1759.0,1085.0,1065.0,842.0,1214.0,1039.0
27223,14:37.501,3,1587.0,914.0,1754.0,1132.0,561.0,709.0,733.0,933.0,1072.0,874.0,1222.0,1070.0
27239,14:38.017,3,1496.0,998.0,1661.0,1226.0,449.0,816.0,631.0,1051.0,956.0,975.0,1107.0,1179.0
27255,14:38.533,3,1557.0,1082.0,1726.0,1306.0,521.0,849.0,696.0,1081.0,969.0,1036.0,1123.0,1246.0
27271,14:39.048,3,1551.0,1046.0,1717.0,1269.0,515.0,834.0,692.0,1063.0,950.0,1014.0,1107.0,1236.0
27287,14:39.564,3,1536.0,1013.0,1701.0,1237.0,497.0,827.0,673.0,1055.0,933.0,997.0,1087.0,1211.0
27303,14:40.080,3,1539.0,1017.0,1704.0,1241.0,495.0,848.0,671.0,1079.0,921.0,1003.0,1076.0,1217.0
27319,14:40.596,3,1534.0,1072.0,1701.0,1291.0,482.0,886.0,661.0,1123.0,914.0,1058.0,1067.0,1268.0
27335,14:41.111,3,1553.0,1034.0,1722.0,1258.0,495.0,865.0,671.0,1092.0,936.0,1027.0,1087.0,1239.0
27351,14:41.627,3,1558.0,1013.0,1728.0,1240.0,497.0,857.0,671.0,1083.0,940.0,1010.0,1094.0,1230.0
27367,14:42.143,3,1567.0,1018.0,1735.0,1243.0,502.0,873.0,676.0,1098.0,942.0,1019.0,1094.0,1235.0
27383,14:42.659,3,502.0,855.0,676.0,1079.0,1573.0,1007.0,1739.0,1223.0,947.0,1002.0,1099.0,1221.0
27399,14:43.174,3,485.0,853.0,659.0,1079.0,1570.0,1001.0,1736.0,1217.0,941.0,1004.0,1096.0,1222.0
27415,14:43.690,3,480.0,851.0,655.0,1080.0,1562.0,1002.0,1729.0,1218.0,940.0,1005.0,1092.0,1218.0
27431,14:44.206,3,1560.0,1008.0,1726.0,1226.0,480.0,846.0,655.0,1076.0,937.0,1001.0,1090.0,1213.0
27447,14:44.722,3,1557.0,1005.0,1723.0,1220.0,477.0,842.0,652.0,1075.0,931.0,1001.0,1083.0,1212.0
27463,14:45.237,3,1566.0,989.0,1730.0,1207.0,490.0,829.0,666.0,1063.0,933.0,990.0,1085.0,1197.0
27479,14:45.753,3,1650.0,984.0,1820.0,1204.0,581.0,828.0,749.0,1049.0,1011.0,981.0,1160.0,1184.0
27495,14:46.269,3,1647.0,964.0,1818.0,1187.0,579.0,808.0,745.0,1033.0,1012.0,967.0,1160.0,1171.0
27511,14:46.784,3,1634.0,960.0,1803.0,1177.0,568.0,796.0,735.0,1021.0,1001.0,956.0,1151.0,1166.0
27527,14:47.300,3,1629.0,956.0,1798.0,1171.0,563.0,785.0,731.0,1013.0,998.0,948.0,1148.0,1159.0
27543,14:47.816,3,1623.0,950.0,1792.0,1169.0,557.0,781.0,726.0,1009.0,991.0,942.0,1141.0,1155.0
27559,14:48.332,3,1628.0,958.0,1797.0,1174.0,559.0,788.0,728.0,1019.0,996.0,954.0,1144.0,1164.0
27575,14:48.847,3,1620.0,919.0,1791.0,1137.0,553.0,746.0,723.0,974.0,990.0,912.0,1138.0,1118.0
27591,14:49.363,3,1615.0,906.0,1785.0,1125.0,549.0,742.0,717.0,965.0,985.0,904.0,1134.0,1111.0
27607,14:49.879,3,1620.0,910.0,1789.0,1128.0,552.0,739.0,722.0,965.0,984.0,905.0,1133.0,1111.0
27623,14:50.395,3,1621.0,914.0,1791.0,1132.0,553.0,738.0,722.0,963.0,981.0,905.0,1130.0,1112.0
27639,14:50.910,3,1617.0,911.0,1789.0,1132.0,554.0,736.0,722.0,962.0,978.0,903.0,1129.0,1113.0
27655,14:51.426,3,1618.0,912.0,1788.0,1130.0,555.0,734.0,723.0,960.0,976.0,902.0,1128.0,1116.0
27671,14:51.942,3,1618.0,913.0,1788.0,1131.0,555.0,735.0,723.0,959.0,977.0,901.0,1130.0,1118.0
27687,14:52.458,3,1626.0,907.0,1796.0,1127.0,564.0,744.0,732.0,966.0,987.0,909.0,1137.0,1121.0
27703,14:52.973,3,1635.0,903.0,1805.0,1123.0,588.0,749.0,752.0,968.0,995.0,910.0,1147.0,1118.0
27719,14:53.489,3,1649.0,910.0,1821.0,1128.0,601.0,751.0,770.0,973.0,1007.0,911.0,1157.0,1117.0
27735,14:54.005,3,1648.0,901.0,1820.0,1122.0,602.0,745.0,770.0,966.0,1010.0,907.0,1158.0,1113.0
27751,14:54.521,3,1646.0,901.0,1818.0,1121.0,600.0,745.0,767.0,967.0,1008.0,903.0,1157.0,1108.0
27767,14:55.036,3,1644.0,901.0,1815.0,1121.0,598.0,746.0,763.0,967.0,1000.0,906.0,1151.0,1106.0
27783,14:55.552,3,1639.0,901.0,1810.0,1119.0,594.0,746.0,758.0,965.0,990.0,911.0,1142.0,1113.0
27799,14:56.068,3,1632.0,902.0,1801.0,1121.0,587.0,749.0,753.0,968.0,979.0,915.0,1131.0,1118.0
27815,14:56.584,3,1639.0,902.0,1809.0,1120.0,593.0,750.0,758.0,973.0,992.0,916.0,1145.0,1120.0
27831,14:57.099,3,1640.0,901.0,1809.0,1119.0,594.0,744.0,758.0,968.0,1012.0,898.0,1161.0,1104.0
27847,14:57.615,3,1642.0,896.0,1813.0,1116.0,593.0,739.0,758.0,960.0,1026.0,896.0,1175.0,1099.0
27863,14:58.131,3,1652.0,897.0,1823.0,1114.0,597.0,730.0,760.0,957.0,1030.0,894.0,1180.0,1099.0
27879,14:58.647,3,1654.0,901.0,1825.0,1119.0,605.0,736.0,774.0,963.0,1032.0,895.0,1181.0,1101.0
27895,14:59.162,3,1651.0,899.0,1823.0,1118.0,612.0,742.0,780.0,964.0,1032.0,898.0,1179.0,1103.0
27911,14:59.678,3,1651.0,901.0,1822.0,1116.0,612.0,740.0,780.0,963.0,1026.0,889.0,1173.0,1088.0
27927,15:00.194,3,1651.0,897.0,1822.0,1116.0,611.0,737.0,779.0,961.0,1004.0,897.0,1152.0,1101.0
27943,15:00.709,3,1644.0,899.0,1816.0,1118.0,600.0,739.0,771.0,959.0,1006.0,899.0,1154.0,1101.0
27959,15:01.225,3,1633.0,896.0,1806.0,1118.0,585.0,736.0,751.0,956.0,1003.0,898.0,1151.0,1099.0
27975,15:01.741,3,1625.0,892.0,1798.0,1117.0,585.0,738.0,751.0,957.0,1005.0,901.0,1150.0,1098.0
27991,15:02.257,3,1625.0,901.0,1796.0,1124.0,588.0,743.0,755.0,963.0,1007.0,903.0,1154.0,1105.0
28007,15:02.772,3,1623.0,899.0,1795.0,1123.0,595.0,743.0,760.0,963.0,1005.0,902.0,1154.0,1107.0
28023,15:03.288,3,1622.0,896.0,1794.0,1118.0,599.0,745.0,766.0,965.0,1004.0,900.0,1153.0,1107.0
28039,15:03.804,3,1648.0,992.0,1820.0,1217.0,609.0,845.0,775.0,1066.0,1019.0,1001.0,1172.0,1209.0
28055,15:04.320,3,658.0,750.0,824.0,988.0,1682.0,941.0,1860.0,1165.0,1055.0,935.0,1206.0,1145.0
28071,15:04.835,3,1680.0,906.0,1856.0,1128.0,585.0,688.0,744.0,904.0,1055.0,897.0,1204.0,1107.0
28087,15:05.351,3,1687.0,899.0,1865.0,1122.0,563.0,688.0,724.0,899.0,1065.0,890.0,1215.0,1102.0
28103,15:05.867,3,1685.0,890.0,1864.0,1110.0,545.0,678.0,697.0,888.0,1128.0,871.0,1277.0,1079.0
28119,15:06.383,3,1682.0,831.0,1860.0,1050.0,611.0,643.0,772.0,855.0,1174.0,803.0,1321.0,1007.0
28135,15:06.898,3,1686.0,812.0,1862.0,1028.0,673.0,633.0,834.0,847.0,1181.0,783.0,1328.0,985.0
28151,15:07.414,3,1685.0,813.0,1862.0,1031.0,679.0,631.0,841.0,851.0,1176.0,786.0,1325.0,990.0
28167,15:07.930,3,1689.0,818.0,1866.0,1037.0,677.0,635.0,838.0,850.0,1179.0,787.0,1327.0,995.0
28183,15:08.446,3,1685.0,812.0,1861.0,1030.0,681.0,626.0,842.0,843.0,1174.0,780.0,1323.0,991.0
28199,15:08.961,3,1647.0,780.0,1820.0,997.0,640.0,603.0,805.0,823.0,1141.0,755.0,1289.0,959.0
28215,15:09.477,3,617.0,588.0,785.0,808.0,1622.0,759.0,1794.0,975.0,1117.0,739.0,1268.0,939.0
28231,15:09.993,3,1739.0,749.0,1918.0,965.0,739.0,577.0,898.0,787.0,1225.0,722.0,1375.0,917.0
28247,15:10.509,3,1667.0,740.0,1839.0,956.0,661.0,579.0,824.0,792.0,1160.0,727.0,1307.0,924.0
28263,15:11.024,3,1560.0,1182.0,1733.0,1409.0,501.0,1048.0,682.0,1288.0,1025.0,1186.0,1187.0,1407.0
28279,15:11.540,0,,,,,,,,,,,,
28295,15:12.056,0,,,,,,,,,,,,
28311,15:12.572,0,,,,,,,,,,,,
28327,15:13.087,2,358.0,1248.0,560.0,1508.0,1484.0,1373.0,1654.0,1515.0,,,,
28343,15:13.603,3,1554.0,1101.0,1722.0,1325.0,504.0,1006.0,686.0,1247.0,1027.0,1120.0,1184.0,1341.0
28359,15:14.119,3,1555.0,1040.0,1724.0,1258.0,518.0,939.0,697.0,1179.0,1040.0,1061.0,1193.0,1275.0
28375,15:14.634,3,1554.0,1026.0,1725.0,1250.0,517.0,933.0,698.0,1174.0,1037.0,1056.0,1191.0,1268.0
28391,15:15.150,3,1551.0,1018.0,1717.0,1243.0,509.0,926.0,688.0,1165.0,1039.0,1043.0,1193.0,1258.0
28407,15:15.666,3,1545.0,1103.0,1713.0,1328.0,495.0,997.0,676.0,1238.0,1019.0,1114.0,1178.0,1332.0
28423,15:16.182,3,1545.0,1080.0,1712.0,1303.0,514.0,966.0,691.0,1203.0,1016.0,1091.0,1173.0,1305.0
28439,15:16.697,3,1548.0,1031.0,1715.0,1251.0,521.0,917.0,698.0,1152.0,1018.0,1045.0,1175.0,1258.0
28455,15:17.213,3,522.0,891.0,700.0,1125.0,1550.0,1000.0,1718.0,1220.0,1019.0,1013.0,1174.0,1229.0
28471,15:17.729,3,1534.0,1018.0,1704.0,1244.0,504.0,913.0,683.0,1153.0,1022.0,1036.0,1176.0,1241.0
28487,15:18.245,3,1551.0,1073.0,1720.0,1292.0,512.0,948.0,693.0,1184.0,1049.0,1062.0,1198.0,1269.0
28503,15:18.760,3,540.0,866.0,715.0,1096.0,1572.0,991.0,1738.0,1205.0,1065.0,978.0,1215.0,1188.0
28519,15:19.276,3,1556.0,983.0,1725.0,1202.0,530.0,865.0,704.0,1099.0,1061.0,980.0,1212.0,1187.0
28535,15:19.792,3,1556.0,976.0,1727.0,1198.0,530.0,864.0,706.0,1101.0,1068.0,975.0,1220.0,1182.0
28551,15:20.308,3,515.0,856.0,689.0,1089.0,1585.0,980.0,1751.0,1194.0,1087.0,971.0,1237.0,1180.0
28567,15:20.823,3,1573.0,975.0,1738.0,1188.0,512.0,860.0,683.0,1081.0,1093.0,965.0,1243.0,1173.0
28583,15:21.339,3,1551.0,960.0,1716.0,1179.0,504.0,864.0,677.0,1086.0,1086.0,961.0,1234.0,1168.0
28599,15:21.855,3,1541.0,961.0,1708.0,1184.0,525.0,872.0,697.0,1093.0,1069.0,958.0,1220.0,1170.0
28615,15:22.371,3,1540.0,965.0,1710.0,1189.0,544.0,876.0,719.0,1100.0,1080.0,960.0,1228.0,1171.0
28631,15:22.886,3,1546.0,957.0,1715.0,1182.0,538.0,872.0,710.0,1095.0,1076.0,965.0,1224.0,1173.0
28647,15:23.402,3,1547.0,960.0,1716.0,1183.0,536.0,874.0,707.0,1101.0,1082.0,962.0,1231.0,1169.0
28663,15:23.918,3,1550.0,962.0,1717.0,1187.0,539.0,874.0,711.0,1100.0,1090.0,964.0,1240.0,1173.0
28679,15:24.434,3,1556.0,965.0,1725.0,1186.0,544.0,875.0,718.0,1095.0,1090.0,967.0,1239.0,1172.0
28695,15:24.949,3,1566.0,961.0,1735.0,1182.0,550.0,863.0,723.0,1088.0,1093.0,961.0,1242.0,1163.0
28711,15:25.465,3,1568.0,958.0,1738.0,1181.0,553.0,860.0,726.0,1085.0,1089.0,956.0,1239.0,1164.0
28727,15:25.981,3,1564.0,960.0,1734.0,1179.0,550.0,865.0,722.0,1086.0,1095.0,944.0,1247.0,1139.0
28743,15:26.497,3,1565.0,962.0,1735.0,1182.0,548.0,864.0,722.0,1099.0,1127.0,939.0,1276.0,1136.0
28759,15:27.012,3,1568.0,962.0,1737.0,1183.0,561.0,854.0,731.0,1084.0,1111.0,957.0,1258.0,1158.0
28775,15:27.528,3,1573.0,963.0,1742.0,1184.0,578.0,866.0,744.0,1091.0,1098.0,961.0,1247.0,1173.0
28791,15:28.044,3,1575.0,962.0,1745.0,1184.0,574.0,864.0,743.0,1093.0,1095.0,962.0,1246.0,1174.0
28807,15:28.559,3,1574.0,965.0,1743.0,1188.0,555.0,866.0,727.0,1092.0,1091.0,964.0,1241.0,1178.0
28823,15:29.075,3,1573.0,965.0,1742.0,1187.0,568.0,867.0,741.0,1092.0,1090.0,964.0,1240.0,1174.0
28839,15:29.591,3,1574.0,966.0,1744.0,1189.0,585.0,866.0,753.0,1093.0,1090.0,965.0,1240.0,1177.0
28855,15:30.107,3,1574.0,965.0,1744.0,1186.0,584.0,862.0,755.0,1091.0,1089.0,961.0,1237.0,1168.0
28871,15:30.622,3,1575.0,967.0,1745.0,1188.0,588.0,858.0,760.0,1090.0,1087.0,963.0,1236.0,1173.0
28887,15:31.138,3,1571.0,967.0,1741.0,1187.0,582.0,856.0,752.0,1086.0,1085.0,967.0,1233.0,1178.0
28903,15:31.654,3,1571.0,968.0,1739.0,1187.0,584.0,861.0,755.0,1089.0,1082.0,968.0,1233.0,1179.0
28919,15:32.170,3,1581.0,964.0,1750.0,1188.0,590.0,856.0,761.0,1088.0,1089.0,963.0,1240.0,1177.0
28935,15:32.685,3,1580.0,965.0,1750.0,1189.0,575.0,861.0,746.0,1089.0,1088.0,964.0,1238.0,1172.0
28951,15:33.201,3,1572.0,966.0,1740.0,1188.0,583.0,866.0,755.0,1093.0,1083.0,963.0,1233.0,1174.0
28967,15:33.717,3,1571.0,969.0,1738.0,1188.0,587.0,868.0,760.0,1095.0,1083.0,965.0,1232.0,1180.0
28983,15:34.233,3,1572.0,969.0,1742.0,1188.0,585.0,872.0,758.0,1099.0,1082.0,963.0,1232.0,1177.0
28999,15:34.748,3,1571.0,965.0,1741.0,1187.0,588.0,871.0,760.0,1099.0,1079.0,964.0,1229.0,1178.0
29015,15:35.264,3,1569.0,964.0,1740.0,1187.0,589.0,870.0,761.0,1100.0,1081.0,965.0,1230.0,1182.0
29031,15:35.780,3,1566.0,962.0,1737.0,1185.0,589.0,870.0,761.0,1099.0,1079.0,961.0,1229.0,1179.0
29047,15:36.296,3,1566.0,963.0,1736.0,1185.0,588.0,869.0,761.0,1107.0,1076.0,960.0,1225.0,1175.0
29063,15:36.811,3,1565.0,963.0,1736.0,1186.0,587.0,871.0,759.0,1099.0,1076.0,962.0,1225.0,1169.0
29079,15:37.327,3,1566.0,964.0,1737.0,1185.0,590.0,873.0,762.0,1103.0,1078.0,962.0,1228.0,1170.0
29095,15:37.843,3,1567.0,965.0,1738.0,1186.0,589.0,872.0,760.0,1100.0,1078.0,961.0,1228.0,1170.0
29111,15:38.359,3,1569.0,966.0,1739.0,1187.0,591.0,865.0,765.0,1114.0,1080.0,964.0,1230.0,1173.0
29127,15:38.874,3,1573.0,970.0,1742.0,1187.0,599.0,866.0,774.0,1102.0,1082.0,966.0,1232.0,1175.0
29143,15:39.390,3,1573.0,969.0,1743.0,1188.0,589.0,866.0,760.0,1109.0,1080.0,966.0,1231.0,1176.0
29159,15:39.906,3,1576.0,973.0,1745.0,1191.0,588.0,870.0,759.0,1101.0,1082.0,968.0,1232.0,1180.0
29175,15:40.422,3,1585.0,976.0,1755.0,1199.0,598.0,879.0,769.0,1111.0,1089.0,975.0,1239.0,1184.0
29191,15:40.937,3,1589.0,985.0,1759.0,1210.0,601.0,891.0,772.0,1123.0,1092.0,984.0,1242.0,1195.0
29207,15:41.453,3,603.0,895.0,775.0,1127.0,1593.0,988.0,1761.0,1212.0,1092.0,988.0,1244.0,1198.0
29223,15:41.969,3,606.0,899.0,777.0,1132.0,1597.0,989.0,1766.0,1213.0,1094.0,991.0,1245.0,1202.0
29239,15:42.485,3,620.0,963.0,790.0,1196.0,1615.0,1065.0,1789.0,1288.0,1107.0,1063.0,1259.0,1272.0
29255,15:43.000,3,632.0,903.0,804.0,1136.0,1622.0,1002.0,1797.0,1229.0,1117.0,999.0,1269.0,1212.0
29271,15:43.516,3,632.0,901.0,804.0,1136.0,1622.0,999.0,1797.0,1227.0,1115.0,996.0,1268.0,1211.0
29287,15:44.032,3,1631.0,1005.0,1805.0,1227.0,648.0,893.0,818.0,1128.0,1126.0,998.0,1277.0,1211.0
29303,15:44.547,3,1627.0,1003.0,1799.0,1224.0,645.0,893.0,814.0,1123.0,1121.0,994.0,1273.0,1206.0
29319,15:45.063,3,1626.0,981.0,1796.0,1209.0,643.0,875.0,814.0,1107.0,1118.0,986.0,1271.0,1200.0
29335,15:45.579,3,692.0,871.0,861.0,1094.0,1667.0,992.0,1842.0,1221.0,1151.0,986.0,1305.0,1205.0
29351,15:46.095,3,1658.0,986.0,1833.0,1216.0,699.0,874.0,866.0,1095.0,1148.0,983.0,1301.0,1202.0
29367,15:46.610,3,1670.0,993.0,1847.0,1226.0,706.0,876.0,872.0,1099.0,1161.0,985.0,1313.0,1200.0
29383,15:47.126,3,1682.0,1019.0,1860.0,1256.0,710.0,878.0,877.0,1109.0,1175.0,1005.0,1325.0,1218.0
29399,15:47.642,3,1711.0,1225.0,1896.0,1466.0,705.0,1058.0,876.0,1299.0,1182.0,1194.0,1335.0,1416.0
29415,15:48.158,3,531.0,1163.0,720.0,1426.0,1564.0,1318.0,1745.0,1503.0,1036.0,1295.0,1192.0,1490.0
29431,15:48.673,3,542.0,1147.0,726.0,1404.0,1046.0,1269.0,1204.0,1492.0,1577.0,1298.0,1756.0,1506.0
29447,15:49.189,3,1589.0,1200.0,1765.0,1435.0,568.0,1054.0,751.0,1309.0,1068.0,1179.0,1222.0,1401.0
29463,15:49.705,3,1590.0,1184.0,1765.0,1418.0,581.0,1041.0,763.0,1291.0,1072.0,1167.0,1226.0,1391.0
29479,15:50.221,3,554.0,1131.0,737.0,1392.0,1580.0,1293.0,1762.0,1509.0,1053.0,1270.0,1211.0,1489.0
29495,15:50.736,1,555.0,1254.0,749.0,1509.0,,,,,,,,
29511,15:51.252,1,650.0,1184.0,827.0,1445.0,,,,,,,,
29527,15:51.768,3,1661.0,1150.0,1839.0,1387.0,671.0,1005.0,838.0,1242.0,1139.0,1124.0,1293.0,1344.0
29543,15:52.284,3,1639.0,1102.0,1813.0,1328.0,647.0,970.0,812.0,1195.0,1121.0,1084.0,1273.0,1294.0
29559,15:52.799,3,1621.0,1097.0,1792.0,1322.0,637.0,963.0,808.0,1196.0,1106.0,1083.0,1256.0,1294.0
29575,15:53.315,3,1624.0,1099.0,1796.0,1322.0,650.0,957.0,822.0,1192.0,1113.0,1082.0,1262.0,1287.0
29591,15:53.831,3,1624.0,1100.0,1795.0,1326.0,660.0,950.0,836.0,1186.0,1110.0,1081.0,1258.0,1286.0
29607,15:54.347,3,1625.0,1047.0,1796.0,1268.0,655.0,928.0,823.0,1161.0,1110.0,1025.0,1259.0,1231.0
29623,15:54.862,3,1615.0,976.0,1785.0,1200.0,646.0,869.0,814.0,1098.0,1104.0,964.0,1250.0,1163.0
29639,15:55.378,3,1567.0,868.0,1733.0,1081.0,599.0,764.0,771.0,989.0,1064.0,851.0,1214.0,1051.0
29655,15:55.894,3,593.0,766.0,764.0,990.0,1573.0,888.0,1743.0,1102.0,1071.0,864.0,1221.0,1073.0
29671,15:56.410,3,1575.0,889.0,1745.0,1107.0,623.0,790.0,791.0,1015.0,1074.0,866.0,1222.0,1078.0
29687,15:56.925,3,1579.0,880.0,1747.0,1096.0,650.0,784.0,817.0,1008.0,1098.0,843.0,1243.0,1041.0
29703,15:57.441,3,1580.0,878.0,1749.0,1093.0,653.0,782.0,821.0,1006.0,1111.0,840.0,1256.0,1036.0
29719,15:57.957,3,1585.0,884.0,1754.0,1103.0,664.0,795.0,834.0,1014.0,1090.0,862.0,1239.0,1066.0
29735,15:58.472,3,1577.0,1007.0,1747.0,1228.0,646.0,901.0,817.0,1129.0,1086.0,994.0,1235.0,1204.0
29751,15:58.988,3,1538.0,1249.0,1712.0,1491.0,555.0,1149.0,737.0,1395.0,1029.0,1240.0,1186.0,1466.0
29767,15:59.504,2,487.0,1257.0,682.0,1507.0,1506.0,1384.0,1682.0,1513.0,,,,
29783,16:00.020,2,463.0,1303.0,667.0,1511.0,961.0,1404.0,1138.0,1508.0,,,,
29799,16:00.535,2,482.0,1287.0,680.0,1513.0,971.0,1377.0,1136.0,1504.0,,,,
29815,16:01.051,3,489.0,1280.0,684.0,1511.0,997.0,1359.0,1165.0,1507.0,1492.0,1397.0,1672.0,1518.0
29831,16:01.567,3,1534.0,1284.0,1715.0,1509.0,524.0,1242.0,699.0,1463.0,1061.0,1245.0,1217.0,1475.0
29847,16:02.083,3,1579.0,875.0,1751.0,1093.0,630.0,898.0,800.0,1104.0,1171.0,884.0,1319.0,1079.0
29863,16:02.598,3,534.0,686.0,709.0,903.0,1475.0,622.0,1642.0,822.0,1117.0,661.0,1266.0,854.0
29879,16:03.114,3,1447.0,510.0,1614.0,715.0,488.0,583.0,668.0,804.0,1106.0,536.0,1253.0,733.0
29895,16:03.630,3,1476.0,498.0,1645.0,706.0,527.0,578.0,703.0,794.0,1124.0,533.0,1274.0,743.0
29911,16:04.146,3,1492.0,488.0,1662.0,699.0,1147.0,536.0,1296.0,736.0,548.0,581.0,723.0,795.0
29927,16:04.661,3,554.0,590.0,727.0,805.0,1498.0,487.0,1667.0,701.0,1150.0,543.0,1298.0,745.0
29943,16:05.177,3,1506.0,484.0,1676.0,694.0,557.0,589.0,730.0,802.0,1142.0,535.0,1291.0,727.0
29959,16:05.693,3,1505.0,470.0,1674.0,687.0,551.0,589.0,725.0,802.0,1125.0,534.0,1277.0,728.0
29975,16:06.209,3,1518.0,476.0,1681.0,689.0,545.0,593.0,719.0,807.0,1125.0,542.0,1275.0,733.0
29991,16:06.724,3,1522.0,487.0,1685.0,693.0,536.0,596.0,711.0,815.0,1119.0,552.0,1268.0,742.0
30007,16:07.240,3,1509.0,484.0,1670.0,692.0,532.0,602.0,706.0,817.0,1115.0,551.0,1264.0,741.0
30023,16:07.756,3,527.0,603.0,700.0,820.0,1515.0,491.0,1676.0,697.0,1116.0,552.0,1264.0,742.0
30039,16:08.272,3,1496.0,495.0,1660.0,704.0,520.0,610.0,696.0,824.0,1109.0,556.0,1257.0,752.0
30055,16:08.787,3,521.0,615.0,696.0,831.0,1494.0,499.0,1658.0,702.0,1100.0,545.0,1249.0,739.0
30071,16:09.303,3,514.0,633.0,690.0,849.0,1491.0,519.0,1653.0,719.0,1092.0,554.0,1240.0,759.0
30087,16:09.819,3,538.0,619.0,710.0,836.0,1516.0,519.0,1678.0,723.0,1112.0,551.0,1262.0,743.0
30103,16:10.335,3,531.0,621.0,706.0,840.0,1513.0,518.0,1676.0,721.0,1102.0,555.0,1251.0,750.0
30119,16:10.850,3,554.0,618.0,727.0,839.0,1508.0,517.0,1673.0,722.0,1095.0,554.0,1243.0,744.0
30135,16:11.366,3,560.0,622.0,732.0,842.0,1519.0,512.0,1684.0,721.0,1075.0,534.0,1225.0,729.0
30151,16:11.882,3,553.0,658.0,727.0,884.0,1512.0,540.0,1677.0,747.0,1099.0,583.0,1247.0,780.0
30167,16:12.397,3,559.0,609.0,732.0,844.0,1536.0,524.0,1701.0,734.0,1118.0,569.0,1268.0,763.0
30183,16:12.913,3,514.0,600.0,687.0,824.0,1536.0,532.0,1703.0,741.0,1128.0,583.0,1278.0,778.0
30199,16:13.429,3,542.0,611.0,712.0,828.0,1547.0,519.0,1714.0,731.0,1141.0,577.0,1291.0,772.0
30215,16:13.945,3,532.0,598.0,703.0,821.0,1553.0,517.0,1719.0,726.0,1142.0,570.0,1293.0,762.0
30231,16:14.460,3,1555.0,514.0,1723.0,723.0,537.0,596.0,710.0,814.0,1145.0,561.0,1295.0,754.0
30247,16:14.976,3,1548.0,513.0,1715.0,723.0,538.0,598.0,710.0,817.0,1144.0,566.0,1294.0,758.0
30263,16:15.492,3,1548.0,515.0,1715.0,723.0,536.0,600.0,707.0,818.0,1141.0,570.0,1291.0,760.0
30279,16:16.008,3,536.0,599.0,706.0,818.0,1548.0,515.0,1716.0,724.0,1142.0,571.0,1293.0,763.0
30295,16:16.523,3,543.0,598.0,713.0,818.0,1555.0,522.0,1725.0,726.0,1147.0,572.0,1298.0,763.0
30311,16:17.039,3,1560.0,521.0,1729.0,726.0,547.0,596.0,718.0,815.0,1152.0,568.0,1303.0,760.0
30327,16:17.555,3,553.0,596.0,724.0,816.0,1564.0,520.0,1732.0,725.0,1158.0,568.0,1308.0,758.0
30343,16:18.071,3,1584.0,538.0,1758.0,746.0,588.0,649.0,755.0,865.0,1182.0,599.0,1331.0,795.0
30359,16:18.586,3,598.0,745.0,764.0,963.0,1579.0,591.0,1754.0,790.0,1182.0,667.0,1334.0,860.0
30375,16:19.102,3,1648.0,597.0,1829.0,797.0,677.0,767.0,839.0,986.0,1249.0,685.0,1401.0,877.0
30391,16:19.618,3,1655.0,582.0,1837.0,790.0,682.0,760.0,845.0,976.0,1254.0,675.0,1405.0,869.0
30407,16:20.134,3,1647.0,582.0,1826.0,788.0,673.0,751.0,834.0,964.0,1244.0,669.0,1395.0,861.0
30423,16:20.649,3,1616.0,572.0,1794.0,780.0,639.0,728.0,803.0,946.0,1218.0,652.0,1370.0,849.0
30439,16:21.165,3,486.0,632.0,662.0,858.0,1498.0,527.0,1664.0,734.0,1098.0,587.0,1250.0,785.0
30455,16:21.681,3,505.0,524.0,683.0,757.0,1526.0,458.0,1696.0,664.0,1127.0,501.0,1278.0,700.0
30471,16:22.197,3,1582.0,395.0,1758.0,613.0,558.0,448.0,729.0,678.0,1172.0,437.0,1327.0,641.0
30487,16:22.712,3,1599.0,395.0,1770.0,605.0,572.0,447.0,742.0,671.0,1172.0,436.0,1326.0,636.0
30503,16:23.228,3,1601.0,394.0,1773.0,609.0,568.0,451.0,741.0,676.0,1168.0,440.0,1323.0,641.0
30519,16:23.744,3,587.0,438.0,757.0,668.0,1631.0,394.0,1807.0,604.0,1199.0,436.0,1353.0,636.0
30535,16:24.260,3,1676.0,376.0,1855.0,600.0,613.0,429.0,778.0,654.0,1238.0,423.0,1393.0,622.0
30551,16:24.775,3,1736.0,358.0,1920.0,581.0,660.0,403.0,824.0,627.0,1289.0,397.0,1447.0,599.0
30567,16:25.291,3,1708.0,381.0,1888.0,605.0,1267.0,428.0,1420.0,626.0,634.0,450.0,796.0,668.0
30583,16:25.807,3,1588.0,506.0,1761.0,713.0,567.0,575.0,740.0,793.0,1167.0,553.0,1319.0,745.0
30599,16:26.322,3,1657.0,424.0,1835.0,645.0,653.0,448.0,820.0,668.0,1226.0,452.0,1378.0,652.0
30615,16:26.838,3,611.0,502.0,778.0,717.0,1623.0,461.0,1795.0,668.0,1198.0,488.0,1351.0,684.0
30631,16:27.354,3,545.0,643.0,717.0,854.0,1541.0,528.0,1710.0,735.0,1131.0,584.0,1285.0,777.0
30647,16:27.870,3,562.0,642.0,733.0,857.0,1556.0,524.0,1726.0,733.0,1142.0,586.0,1294.0,779.0
30663,16:28.385,3,565.0,643.0,734.0,854.0,1560.0,525.0,1729.0,731.0,1145.0,582.0,1298.0,775.0
30679,16:28.901,3,563.0,638.0,733.0,851.0,1558.0,524.0,1728.0,730.0,1146.0,581.0,1298.0,772.0
30695,16:29.417,3,561.0,633.0,731.0,849.0,1561.0,524.0,1729.0,727.0,1146.0,580.0,1299.0,767.0
30711,16:29.933,3,565.0,628.0,735.0,844.0,1563.0,520.0,1732.0,723.0,1148.0,578.0,1300.0,770.0
30727,16:30.448,3,569.0,627.0,738.0,842.0,1566.0,520.0,1736.0,723.0,1147.0,570.0,1300.0,763.0
30743,16:30.964,3,570.0,625.0,739.0,841.0,1565.0,518.0,1735.0,723.0,1145.0,570.0,1297.0,763.0
30759,16:31.480,3,572.0,625.0,740.0,840.0,1567.0,519.0,1737.0,723.0,1148.0,571.0,1299.0,765.0
30775,16:31.996,3,1567.0,517.0,1738.0,723.0,573.0,625.0,736.0,840.0,1152.0,570.0,1304.0,764.0
30791,16:32.511,3,1566.0,517.0,1737.0,722.0,572.0,621.0,740.0,840.0,1158.0,572.0,1310.0,762.0
30807,16:33.027,3,581.0,615.0,747.0,835.0,1570.0,515.0,1741.0,720.0,1159.0,570.0,1309.0,757.0
30823,16:33.543,3,1570.0,512.0,1742.0,720.0,589.0,619.0,753.0,838.0,1159.0,567.0,1313.0,755.0
30839,16:34.059,3,1572.0,513.0,1743.0,720.0,589.0,621.0,753.0,839.0,1163.0,567.0,1313.0,761.0
30855,16:34.574,3,1571.0,516.0,1743.0,720.0,589.0,620.0,753.0,841.0,1162.0,567.0,1312.0,763.0
30871,16:35.090,3,1569.0,517.0,1741.0,721.0,585.0,623.0,749.0,841.0,1159.0,572.0,1310.0,765.0
30887,16:35.606,3,1575.0,514.0,1746.0,720.0,587.0,617.0,750.0,838.0,1166.0,565.0,1316.0,760.0
30903,16:36.122,3,1574.0,513.0,1745.0,720.0,589.0,615.0,753.0,836.0,1171.0,566.0,1321.0,762.0
30919,16:36.637,3,585.0,625.0,750.0,842.0,1573.0,515.0,1744.0,721.0,1171.0,566.0,1321.0,763.0
30935,16:37.153,3,573.0,639.0,742.0,868.0,1564.0,530.0,1736.0,739.0,1162.0,583.0,1312.0,779.0
30951,16:37.669,3,578.0,761.0,747.0,988.0,1570.0,629.0,1744.0,839.0,1168.0,688.0,1318.0,886.0
30967,16:38.185,3,504.0,723.0,685.0,955.0,1526.0,618.0,1698.0,829.0,1119.0,682.0,1273.0,873.0
30983,16:38.700,3,497.0,643.0,692.0,893.0,1538.0,612.0,1709.0,821.0,1133.0,677.0,1285.0,865.0
30999,16:39.216,3,499.0,646.0,697.0,908.0,1545.0,609.0,1713.0,815.0,1139.0,675.0,1291.0,867.0
31015,16:39.732,3,540.0,655.0,721.0,891.0,1549.0,604.0,1721.0,811.0,1144.0,669.0,1296.0,859.0
31031,16:40.248,3,1555.0,606.0,1728.0,809.0,544.0,652.0,717.0,883.0,1146.0,671.0,1298.0,861.0
31047,16:40.763,3,564.0,652.0,737.0,878.0,1560.0,607.0,1731.0,809.0,1145.0,671.0,1297.0,861.0
31063,16:41.279,3,1560.0,606.0,1732.0,809.0,561.0,656.0,733.0,879.0,1149.0,667.0,1301.0,856.0
31079,16:41.795,3,1553.0,608.0,1727.0,810.0,549.0,659.0,717.0,879.0,1149.0,671.0,1302.0,858.0
31095,16:42.310,3,1557.0,606.0,1730.0,810.0,568.0,664.0,738.0,880.0,1141.0,683.0,1297.0,865.0
31111,16:42.826,3,1560.0,607.0,1731.0,811.0,568.0,670.0,739.0,888.0,1139.0,685.0,1294.0,867.0
31127,16:43.342,3,1561.0,608.0,1731.0,809.0,567.0,668.0,738.0,887.0,1132.0,688.0,1288.0,869.0
31143,16:43.858,3,1561.0,607.0,1732.0,808.0,567.0,665.0,738.0,884.0,1118.0,679.0,1275.0,869.0
31159,16:44.373,3,1559.0,607.0,1730.0,811.0,565.0,665.0,735.0,885.0,1120.0,681.0,1274.0,864.0
31175,16:44.889,3,1558.0,606.0,1730.0,809.0,564.0,666.0,734.0,885.0,1122.0,681.0,1276.0,865.0
31191,16:45.405,3,569.0,657.0,739.0,875.0,1562.0,606.0,1733.0,802.0,1129.0,676.0,1281.0,860.0
31207,16:45.921,3,573.0,651.0,743.0,870.0,1566.0,602.0,1738.0,800.0,1136.0,671.0,1291.0,856.0
31223,16:46.436,3,572.0,652.0,742.0,872.0,1565.0,603.0,1736.0,802.0,1139.0,673.0,1293.0,856.0
31239,16:46.952,3,573.0,651.0,743.0,872.0,1566.0,603.0,1739.0,801.0,1143.0,674.0,1296.0,854.0
31255,16:47.468,3,1572.0,598.0,1743.0,804.0,576.0,644.0,744.0,862.0,1144.0,674.0,1296.0,855.0
31271,16:47.984,3,570.0,624.0,743.0,849.0,1573.0,595.0,1744.0,795.0,1142.0,672.0,1296.0,853.0
31287,16:48.499,3,345.0,765.0,552.0,976.0,1434.0,709.0,1599.0,907.0,1010.0,781.0,1168.0,964.0
31303,16:49.015,3,1562.0,849.0,1730.0,1047.0,521.0,798.0,698.0,1029.0,1129.0,873.0,1281.0,1060.0
31319,16:49.531,3,1601.0,886.0,1773.0,1095.0,592.0,813.0,761.0,1044.0,1166.0,911.0,1316.0,1099.0
31335,16:50.047,3,1622.0,869.0,1795.0,1077.0,630.0,787.0,795.0,1018.0,1192.0,883.0,1342.0,1073.0
31351,16:50.562,3,658.0,827.0,820.0,1051.0,1652.0,943.0,1826.0,1154.0,1214.0,939.0,1365.0,1135.0
31367,16:51.078,3,1670.0,887.0,1847.0,1099.0,677.0,782.0,841.0,1004.0,1236.0,888.0,1386.0,1082.0
31383,16:51.594,3,1691.0,914.0,1869.0,1128.0,697.0,799.0,859.0,1020.0,1254.0,920.0,1403.0,1106.0
31399,16:52.110,3,688.0,780.0,848.0,999.0,1678.0,882.0,1855.0,1092.0,1243.0,889.0,1393.0,1078.0
31415,16:52.625,3,1628.0,895.0,1801.0,1110.0,633.0,791.0,800.0,1014.0,1197.0,907.0,1347.0,1093.0
31431,16:53.141,3,1547.0,899.0,1714.0,1109.0,548.0,777.0,718.0,1001.0,1123.0,901.0,1272.0,1090.0
31447,16:53.657,3,557.0,767.0,728.0,991.0,1554.0,897.0,1722.0,1108.0,1130.0,890.0,1280.0,1082.0
31463,16:54.173,3,576.0,754.0,747.0,981.0,1572.0,884.0,1739.0,1096.0,1145.0,875.0,1294.0,1071.0
31479,16:54.688,3,482.0,710.0,655.0,936.0,1492.0,800.0,1656.0,1003.0,1068.0,812.0,1218.0,999.0
31495,16:55.204,3,515.0,626.0,689.0,847.0,1526.0,687.0,1690.0,890.0,1099.0,706.0,1250.0,896.0
31511,16:55.720,3,1559.0,750.0,1729.0,952.0,559.0,669.0,728.0,899.0,1133.0,760.0,1283.0,951.0
31527,16:56.235,3,1562.0,814.0,1732.0,1019.0,562.0,730.0,731.0,955.0,1135.0,826.0,1284.0,1012.0
31543,16:56.751,3,567.0,735.0,735.0,956.0,1566.0,820.0,1734.0,1022.0,1137.0,828.0,1286.0,1013.0
31559,16:57.267,3,566.0,735.0,734.0,958.0,1565.0,821.0,1733.0,1022.0,1144.0,829.0,1292.0,1017.0
31575,16:57.783,3,569.0,737.0,737.0,959.0,1560.0,825.0,1728.0,1030.0,1140.0,841.0,1289.0,1029.0
31591,16:58.298,3,1529.0,894.0,1698.0,1108.0,538.0,783.0,713.0,1028.0,1112.0,906.0,1260.0,1103.0
31607,16:58.814,3,549.0,783.0,724.0,1024.0,1524.0,921.0,1690.0,1131.0,1088.0,920.0,1237.0,1121.0
31623,16:59.330,3,1550.0,869.0,1716.0,1077.0,598.0,744.0,769.0,965.0,1091.0,859.0,1241.0,1065.0
31639,16:59.846,3,1563.0,860.0,1732.0,1068.0,616.0,729.0,787.0,954.0,1119.0,847.0,1268.0,1049.0
31655,17:00.361,3,1570.0,853.0,1738.0,1062.0,626.0,722.0,799.0,944.0,1126.0,841.0,1275.0,1034.0
31671,17:00.877,3,619.0,715.0,791.0,936.0,1567.0,849.0,1737.0,1056.0,1117.0,839.0,1268.0,1031.0
31687,17:01.393,3,1558.0,852.0,1728.0,1064.0,619.0,694.0,784.0,909.0,1100.0,838.0,1251.0,1035.0
31703,17:01.909,3,1554.0,853.0,1723.0,1063.0,644.0,649.0,802.0,853.0,1101.0,843.0,1253.0,1036.0
31719,17:02.424,3,1556.0,849.0,1725.0,1058.0,1112.0,844.0,1263.0,1041.0,661.0,649.0,808.0,844.0
31735,17:02.940,3,1567.0,845.0,1735.0,1050.0,1138.0,842.0,1288.0,1032.0,644.0,717.0,796.0,914.0
31751,17:03.456,3,1563.0,848.0,1730.0,1054.0,1141.0,840.0,1291.0,1030.0,643.0,753.0,801.0,959.0
31767,17:03.972,3,1562.0,846.0,1729.0,1056.0,631.0,754.0,803.0,984.0,1122.0,840.0,1271.0,1029.0
31783,17:04.487,3,1563.0,850.0,1731.0,1059.0,1111.0,842.0,1260.0,1034.0,631.0,770.0,805.0,998.0
31799,17:05.003,3,1568.0,849.0,1737.0,1057.0,1124.0,838.0,1275.0,1033.0,586.0,749.0,758.0,982.0
31815,17:05.519,3,1571.0,850.0,1740.0,1059.0,584.0,733.0,754.0,966.0,1122.0,838.0,1273.0,1033.0
31831,17:06.035,3,1572.0,852.0,1742.0,1061.0,579.0,726.0,745.0,950.0,1124.0,839.0,1275.0,1034.0
31847,17:06.550,3,573.0,723.0,742.0,948.0,1573.0,851.0,1744.0,1062.0,1125.0,835.0,1277.0,1030.0
31863,17:07.066,3,565.0,730.0,735.0,948.0,1580.0,855.0,1750.0,1066.0,1125.0,837.0,1277.0,1031.0
31879,17:07.582,3,566.0,736.0,736.0,954.0,1583.0,859.0,1754.0,1069.0,1123.0,838.0,1273.0,1036.0
31895,17:08.098,3,566.0,722.0,737.0,946.0,1577.0,854.0,1748.0,1065.0,1141.0,831.0,1288.0,1031.0
31911,17:08.613,3,568.0,720.0,739.0,946.0,1571.0,856.0,1744.0,1064.0,1130.0,831.0,1278.0,1028.0
31927,17:09.129,3,569.0,716.0,740.0,940.0,1567.0,848.0,1739.0,1061.0,1120.0,823.0,1267.0,1023.0
31943,17:09.645,3,1562.0,851.0,1732.0,1064.0,569.0,716.0,738.0,937.0,1103.0,820.0,1251.0,1025.0
31959,17:10.160,3,1552.0,852.0,1721.0,1063.0,550.0,733.0,721.0,953.0,1114.0,832.0,1258.0,1036.0
31975,17:10.676,3,1540.0,832.0,1709.0,1039.0,539.0,717.0,703.0,935.0,1116.0,818.0,1265.0,1015.0
31991,17:11.192,3,1566.0,833.0,1735.0,1045.0,575.0,684.0,744.0,913.0,1136.0,808.0,1281.0,1005.0
32007,17:11.708,3,1593.0,852.0,1763.0,1066.0,590.0,720.0,756.0,939.0,1164.0,830.0,1311.0,1028.0
32023,17:12.223,3,1544.0,784.0,1711.0,993.0,535.0,674.0,702.0,892.0,1124.0,766.0,1272.0,966.0
32039,17:12.739,3,1535.0,780.0,1701.0,990.0,521.0,667.0,690.0,887.0,1118.0,761.0,1266.0,962.0
32055,17:13.255,3,1520.0,787.0,1686.0,993.0,505.0,678.0,676.0,894.0,1100.0,768.0,1248.0,970.0
32071,17:13.771,3,1547.0,944.0,1718.0,1156.0,1124.0,917.0,1272.0,1118.0,541.0,794.0,708.0,1016.0
32087,17:14.286,3,1510.0,1019.0,1681.0,1244.0,491.0,866.0,668.0,1094.0,1083.0,989.0,1233.0,1200.0
32103,17:14.802,3,1536.0,809.0,1700.0,1015.0,1115.0,778.0,1260.0,975.0,535.0,655.0,703.0,883.0
32119,17:15.318,3,1540.0,865.0,1707.0,1078.0,542.0,688.0,710.0,919.0,1129.0,825.0,1277.0,1021.0
32135,17:15.834,3,1538.0,856.0,1704.0,1068.0,542.0,683.0,704.0,904.0,1111.0,813.0,1258.0,1014.0
32151,17:16.349,3,1535.0,852.0,1700.0,1065.0,540.0,678.0,705.0,902.0,1106.0,817.0,1255.0,1021.0
32167,17:16.865,3,1530.0,853.0,1696.0,1067.0,538.0,673.0,705.0,901.0,1101.0,815.0,1248.0,1017.0
32183,17:17.381,3,1529.0,858.0,1695.0,1068.0,535.0,685.0,701.0,907.0,1101.0,821.0,1246.0,1027.0
32199,17:17.897,3,1531.0,857.0,1697.0,1068.0,537.0,684.0,704.0,909.0,1101.0,817.0,1249.0,1025.0
32215,17:18.412,3,1534.0,859.0,1700.0,1070.0,541.0,684.0,708.0,912.0,1103.0,817.0,1250.0,1017.0
32231,17:18.928,3,1531.0,861.0,1697.0,1071.0,535.0,686.0,704.0,911.0,1100.0,820.0,1247.0,1017.0
32247,17:19.444,3,1530.0,862.0,1694.0,1074.0,533.0,687.0,702.0,915.0,1097.0,823.0,1243.0,1023.0
32263,17:19.960,3,1529.0,865.0,1694.0,1078.0,1093.0,827.0,1242.0,1028.0,528.0,692.0,698.0,920.0
32279,17:20.475,3,1533.0,865.0,1698.0,1077.0,535.0,692.0,705.0,920.0,1106.0,827.0,1255.0,1026.0
32295,17:20.991,3,1532.0,865.0,1697.0,1077.0,532.0,694.0,701.0,921.0,1107.0,834.0,1254.0,1032.0
32311,17:21.507,3,1533.0,863.0,1698.0,1076.0,1103.0,832.0,1251.0,1038.0,536.0,693.0,705.0,920.0
32327,17:22.023,3,1535.0,864.0,1698.0,1077.0,534.0,694.0,706.0,917.0,1104.0,830.0,1250.0,1034.0
32343,17:22.538,3,1536.0,864.0,1699.0,1077.0,532.0,696.0,704.0,917.0,1107.0,833.0,1254.0,1036.0
32359,17:23.054,3,1534.0,865.0,1698.0,1078.0,536.0,695.0,707.0,920.0,1104.0,833.0,1251.0,1034.0
32375,17:23.570,3,1529.0,866.0,1694.0,1079.0,529.0,703.0,701.0,922.0,1100.0,831.0,1248.0,1034.0
32391,17:24.085,3,1526.0,868.0,1691.0,1080.0,528.0,704.0,700.0,923.0,1092.0,835.0,1241.0,1038.0
32407,17:24.601,3,1524.0,869.0,1688.0,1079.0,525.0,703.0,697.0,922.0,1104.0,840.0,1252.0,1042.0
32423,17:25.117,3,1521.0,893.0,1686.0,1104.0,525.0,704.0,700.0,935.0,1102.0,859.0,1251.0,1059.0
32439,17:25.633,3,1521.0,870.0,1685.0,1079.0,521.0,690.0,693.0,919.0,1092.0,837.0,1242.0,1035.0
32455,17:26.148,3,1520.0,867.0,1683.0,1077.0,519.0,689.0,692.0,910.0,1089.0,836.0,1237.0,1030.0
32471,17:26.664,3,525.0,685.0,696.0,908.0,1526.0,864.0,1689.0,1072.0,1091.0,832.0,1240.0,1025.0
32487,17:27.180,3,1529.0,867.0,1692.0,1076.0,524.0,689.0,696.0,914.0,1092.0,836.0,1240.0,1030.0
32503,17:27.696,3,1527.0,868.0,1690.0,1076.0,522.0,690.0,694.0,913.0,1091.0,834.0,1240.0,1028.0
32519,17:28.211,3,517.0,685.0,689.0,908.0,1520.0,859.0,1685.0,1068.0,1085.0,829.0,1234.0,1023.0
32535,17:28.727,3,1524.0,860.0,1688.0,1068.0,1089.0,825.0,1238.0,1024.0,514.0,690.0,685.0,914.0
32551,17:29.243,3,1524.0,859.0,1688.0,1068.0,511.0,691.0,685.0,911.0,1090.0,825.0,1238.0,1023.0
32567,17:29.759,3,1524.0,855.0,1689.0,1065.0,513.0,690.0,685.0,909.0,1089.0,822.0,1238.0,1023.0
32583,17:30.274,3,1525.0,857.0,1690.0,1066.0,511.0,691.0,686.0,911.0,1104.0,818.0,1251.0,1015.0
32599,17:30.790,3,1521.0,853.0,1687.0,1064.0,510.0,693.0,685.0,912.0,1121.0,819.0,1269.0,1017.0
32615,17:31.306,3,1509.0,850.0,1675.0,1063.0,501.0,691.0,676.0,913.0,1092.0,817.0,1242.0,1018.0
32631,17:31.822,3,497.0,683.0,672.0,904.0,1513.0,834.0,1675.0,1040.0,1095.0,800.0,1244.0,998.0
32647,17:32.337,3,488.0,668.0,661.0,892.0,1508.0,797.0,1672.0,1005.0,1101.0,780.0,1249.0,971.0
32663,17:32.853,3,495.0,675.0,670.0,897.0,1517.0,805.0,1679.0,1007.0,1096.0,788.0,1242.0,986.0
32679,17:33.369,3,487.0,663.0,659.0,889.0,1513.0,780.0,1675.0,984.0,1093.0,762.0,1241.0,963.0
32695,17:33.885,3,495.0,682.0,671.0,900.0,1520.0,788.0,1684.0,994.0,1105.0,772.0,1252.0,969.0
32711,17:34.400,3,521.0,679.0,691.0,901.0,1540.0,788.0,1704.0,999.0,1129.0,782.0,1275.0,976.0
32727,17:34.916,3,532.0,685.0,701.0,902.0,1551.0,793.0,1717.0,1002.0,1137.0,785.0,1284.0,976.0
32743,17:35.432,3,1588.0,778.0,1759.0,992.0,575.0,660.0,744.0,887.0,1173.0,767.0,1321.0,962.0
32759,17:35.948,3,1578.0,783.0,1746.0,995.0,559.0,655.0,731.0,880.0,1161.0,766.0,1309.0,961.0
32775,17:36.463,3,458.0,633.0,637.0,867.0,1486.0,800.0,1648.0,1009.0,1074.0,769.0,1222.0,966.0
32791,17:36.979,3,487.0,692.0,663.0,919.0,1503.0,829.0,1668.0,1035.0,1090.0,813.0,1239.0,1006.0
32807,17:37.495,3,508.0,702.0,683.0,925.0,1518.0,824.0,1678.0,1023.0,1105.0,811.0,1252.0,1004.0
32823,17:38.010,3,1523.0,819.0,1686.0,1022.0,514.0,696.0,686.0,917.0,1108.0,807.0,1255.0,999.0
32839,17:38.526,3,538.0,683.0,707.0,909.0,1539.0,815.0,1701.0,1020.0,1126.0,800.0,1273.0,991.0
32855,17:39.042,3,546.0,680.0,719.0,905.0,1548.0,809.0,1713.0,1019.0,1139.0,797.0,1286.0,987.0
32871,17:39.558,3,556.0,680.0,726.0,908.0,1554.0,811.0,1723.0,1020.0,1144.0,800.0,1290.0,989.0
32887,17:40.073,3,563.0,668.0,735.0,902.0,1560.0,804.0,1727.0,1017.0,1146.0,797.0,1293.0,986.0
32903,17:40.589,3,1638.0,785.0,1811.0,1005.0,632.0,696.0,800.0,921.0,1210.0,790.0,1360.0,984.0
32919,17:41.105,3,464.0,619.0,644.0,851.0,1498.0,654.0,1660.0,859.0,1079.0,681.0,1232.0,878.0
32935,17:41.621,3,13.0,545.0,247.0,810.0,753.0,603.0,914.0,810.0,1179.0,578.0,1331.0,776.0
32951,17:42.136,2,644.0,299.0,819.0,523.0,1083.0,280.0,1243.0,491.0,,,,
32967,17:42.652,3,23.0,360.0,255.0,627.0,797.0,445.0,957.0,655.0,1217.0,443.0,1373.0,645.0
32983,17:43.168,3,491.0,801.0,669.0,1030.0,1526.0,918.0,1689.0,1137.0,1142.0,905.0,1289.0,1101.0
32999,17:43.684,3,435.0,884.0,618.0,1119.0,1501.0,974.0,1663.0,1182.0,1097.0,971.0,1245.0,1175.0
33015,17:44.199,3,378.0,867.0,563.0,1100.0,1025.0,952.0,1175.0,1151.0,1449.0,950.0,1610.0,1159.0
33031,17:44.715,3,1527.0,1070.0,1694.0,1291.0,459.0,941.0,636.0,1170.0,1101.0,1053.0,1253.0,1259.0
33047,17:45.231,3,466.0,984.0,642.0,1220.0,1533.0,1109.0,1702.0,1337.0,1107.0,1092.0,1259.0,1306.0
33063,17:45.747,3,436.0,976.0,621.0,1213.0,1500.0,1088.0,1668.0,1310.0,1084.0,1075.0,1234.0,1290.0
33079,17:46.262,3,492.0,945.0,673.0,1181.0,1534.0,1050.0,1700.0,1271.0,1127.0,1043.0,1276.0,1244.0
33095,17:46.778,3,499.0,908.0,679.0,1139.0,1533.0,983.0,1697.0,1204.0,1127.0,992.0,1275.0,1190.0
33111,17:47.294,3,1566.0,974.0,1732.0,1194.0,555.0,872.0,727.0,1095.0,1165.0,967.0,1310.0,1163.0
33127,17:47.810,3,427.0,959.0,612.0,1199.0,1469.0,1087.0,1631.0,1307.0,1067.0,1064.0,1215.0,1269.0
33143,17:48.325,3,1565.0,1128.0,1737.0,1356.0,537.0,993.0,715.0,1230.0,1159.0,1100.0,1310.0,1319.0
33159,17:48.841,3,1737.0,1108.0,1919.0,1340.0,722.0,966.0,881.0,1184.0,1311.0,1072.0,1461.0,1281.0
33175,17:49.357,3,1735.0,1023.0,1915.0,1254.0,726.0,902.0,887.0,1119.0,1329.0,1000.0,1480.0,1208.0
33191,17:49.873,3,1670.0,1079.0,1848.0,1313.0,665.0,923.0,835.0,1155.0,1273.0,1057.0,1425.0,1263.0
33207,17:50.388,3,1699.0,1098.0,1879.0,1330.0,1296.0,1051.0,1448.0,1262.0,701.0,904.0,868.0,1118.0
33223,17:50.904,3,1694.0,968.0,1873.0,1198.0,686.0,786.0,850.0,1010.0,1305.0,934.0,1458.0,1141.0
33239,17:51.420,3,1693.0,906.0,1871.0,1123.0,681.0,762.0,846.0,974.0,1310.0,878.0,1460.0,1083.0
33255,17:51.936,3,1664.0,902.0,1837.0,1118.0,643.0,769.0,808.0,981.0,1280.0,879.0,1430.0,1075.0
33271,17:52.451,3,1658.0,893.0,1832.0,1111.0,647.0,762.0,811.0,973.0,1271.0,872.0,1422.0,1078.0
33287,17:52.967,3,1650.0,899.0,1824.0,1116.0,655.0,761.0,821.0,979.0,1266.0,872.0,1415.0,1075.0
33303,17:53.483,3,1646.0,906.0,1818.0,1120.0,634.0,769.0,800.0,988.0,1257.0,877.0,1405.0,1079.0
33319,17:53.998,3,1647.0,902.0,1819.0,1116.0,642.0,765.0,807.0,981.0,1261.0,873.0,1410.0,1082.0
33335,17:54.514,3,1648.0,902.0,1820.0,1118.0,1265.0,874.0,1414.0,1084.0,643.0,762.0,810.0,979.0
33351,17:55.030,3,1640.0,910.0,1811.0,1127.0,632.0,770.0,799.0,991.0,1249.0,876.0,1396.0,1076.0
33367,17:55.546,3,1635.0,913.0,1808.0,1128.0,630.0,772.0,795.0,991.0,1249.0,883.0,1396.0,1084.0
33383,17:56.061,3,1645.0,901.0,1817.0,1118.0,1258.0,877.0,1405.0,1086.0,635.0,761.0,802.0,984.0
33399,17:56.577,3,1629.0,941.0,1802.0,1154.0,617.0,795.0,784.0,1012.0,1249.0,922.0,1395.0,1116.0
33415,17:57.093,3,1632.0,945.0,1804.0,1160.0,624.0,784.0,791.0,1005.0,1252.0,918.0,1397.0,1119.0
33431,17:57.609,3,1629.0,946.0,1802.0,1169.0,623.0,784.0,788.0,1003.0,1243.0,918.0,1387.0,1118.0
33447,17:58.124,3,1638.0,935.0,1808.0,1146.0,630.0,769.0,797.0,989.0,1248.0,896.0,1394.0,1098.0
33463,17:58.640,3,1630.0,940.0,1803.0,1152.0,631.0,775.0,797.0,999.0,1244.0,910.0,1389.0,1108.0
33479,17:59.156,3,1640.0,961.0,1813.0,1181.0,643.0,794.0,810.0,1018.0,1244.0,933.0,1393.0,1133.0
33495,17:59.672,3,1645.0,953.0,1818.0,1173.0,670.0,776.0,839.0,1005.0,1252.0,925.0,1399.0,1122.0
33511,18:00.187,3,1650.0,928.0,1820.0,1143.0,660.0,763.0,825.0,987.0,1251.0,903.0,1400.0,1098.0
33527,18:00.703,3,1630.0,869.0,1797.0,1084.0,655.0,710.0,821.0,926.0,1235.0,831.0,1378.0,1038.0
33543,18:01.219,3,631.0,615.0,800.0,830.0,1604.0,773.0,1773.0,983.0,1221.0,732.0,1366.0,931.0
33559,18:01.735,3,1605.0,736.0,1771.0,943.0,612.0,576.0,783.0,790.0,1223.0,696.0,1369.0,888.0
33575,18:02.250,3,1601.0,735.0,1766.0,946.0,601.0,569.0,767.0,787.0,1197.0,690.0,1344.0,885.0
33591,18:02.766,3,1587.0,741.0,1752.0,952.0,585.0,578.0,751.0,797.0,1193.0,700.0,1339.0,892.0
33607,18:03.282,3,572.0,586.0,743.0,801.0,1582.0,746.0,1746.0,954.0,1182.0,703.0,1327.0,894.0
33623,18:03.798,3,575.0,586.0,744.0,801.0,1590.0,748.0,1754.0,955.0,1183.0,702.0,1327.0,903.0
33639,18:04.313,3,1590.0,743.0,1755.0,952.0,569.0,576.0,741.0,797.0,1191.0,697.0,1336.0,894.0
33655,18:04.829,3,1591.0,741.0,1757.0,949.0,582.0,564.0,749.0,787.0,1194.0,693.0,1339.0,889.0
33671,18:05.345,3,1584.0,750.0,1749.0,959.0,570.0,579.0,740.0,798.0,1202.0,712.0,1346.0,910.0
33687,18:05.861,3,1587.0,732.0,1752.0,946.0,570.0,568.0,739.0,788.0,1218.0,704.0,1365.0,899.0
33703,18:06.376,3,550.0,610.0,721.0,834.0,1571.0,773.0,1736.0,982.0,1196.0,741.0,1341.0,940.0
33719,18:06.892,3,1555.0,802.0,1720.0,1014.0,538.0,641.0,707.0,865.0,1203.0,775.0,1350.0,970.0
33735,18:07.408,3,533.0,656.0,703.0,882.0,1545.0,819.0,1707.0,1027.0,1187.0,790.0,1333.0,982.0
33751,18:07.923,3,1558.0,840.0,1722.0,1050.0,549.0,672.0,715.0,898.0,1188.0,811.0,1333.0,1000.0
33767,18:08.439,3,1570.0,848.0,1732.0,1052.0,557.0,672.0,728.0,897.0,1197.0,814.0,1344.0,1005.0
33783,18:08.955,3,1568.0,835.0,1732.0,1044.0,559.0,674.0,729.0,898.0,1201.0,813.0,1348.0,1004.0
33799,18:09.471,3,1573.0,845.0,1737.0,1051.0,559.0,674.0,729.0,899.0,1199.0,816.0,1346.0,1007.0
33815,18:09.986,3,1563.0,848.0,1727.0,1052.0,552.0,682.0,720.0,901.0,1188.0,816.0,1333.0,1005.0
33831,18:10.502,3,1580.0,863.0,1745.0,1071.0,574.0,689.0,740.0,911.0,1205.0,826.0,1353.0,1020.0
33847,18:11.018,3,1581.0,853.0,1745.0,1063.0,561.0,682.0,731.0,903.0,1202.0,817.0,1349.0,1009.0
33863,18:11.534,3,1578.0,853.0,1742.0,1062.0,567.0,678.0,735.0,901.0,1201.0,816.0,1348.0,1007.0
33879,18:12.049,3,1566.0,851.0,1730.0,1064.0,555.0,686.0,725.0,907.0,1189.0,817.0,1336.0,1008.0
33895,18:12.565,3,1555.0,859.0,1719.0,1074.0,1178.0,827.0,1324.0,1020.0,540.0,698.0,710.0,922.0
33911,18:13.081,3,1549.0,859.0,1713.0,1069.0,532.0,693.0,704.0,912.0,1170.0,826.0,1316.0,1018.0
33927,18:13.597,3,476.0,666.0,652.0,892.0,1500.0,833.0,1661.0,1037.0,1128.0,794.0,1273.0,988.0
33943,18:14.112,3,462.0,659.0,640.0,889.0,1491.0,831.0,1650.0,1029.0,1118.0,791.0,1264.0,982.0
33959,18:14.628,3,475.0,663.0,650.0,888.0,1500.0,834.0,1661.0,1036.0,1127.0,791.0,1272.0,984.0
33975,18:15.144,3,482.0,669.0,657.0,891.0,1504.0,843.0,1666.0,1046.0,1133.0,800.0,1277.0,988.0
33991,18:15.660,3,1519.0,847.0,1679.0,1053.0,496.0,674.0,672.0,895.0,1145.0,807.0,1290.0,999.0
34007,18:16.175,3,1519.0,843.0,1679.0,1050.0,497.0,668.0,673.0,890.0,1144.0,801.0,1289.0,990.0
34023,18:16.691,3,511.0,652.0,686.0,872.0,1531.0,824.0,1695.0,1032.0,1156.0,782.0,1301.0,973.0
34039,18:17.207,3,529.0,654.0,702.0,876.0,1551.0,832.0,1715.0,1037.0,1172.0,787.0,1315.0,985.0
34055,18:17.723,3,538.0,657.0,710.0,882.0,1543.0,833.0,1704.0,1035.0,1176.0,794.0,1321.0,989.0
34071,18:18.238,3,537.0,656.0,708.0,880.0,1518.0,824.0,1681.0,1026.0,1179.0,792.0,1324.0,989.0
34087,18:18.754,3,529.0,657.0,701.0,879.0,1509.0,818.0,1671.0,1021.0,1173.0,791.0,1316.0,989.0
34103,18:19.270,3,514.0,649.0,687.0,865.0,1501.0,793.0,1664.0,994.0,1163.0,765.0,1309.0,961.0
34119,18:19.786,3,1504.0,789.0,1667.0,995.0,515.0,644.0,687.0,861.0,1160.0,762.0,1305.0,961.0
34135,18:20.301,3,519.0,642.0,691.0,862.0,1509.0,793.0,1671.0,999.0,1160.0,762.0,1304.0,959.0
34151,18:20.817,3,522.0,642.0,697.0,865.0,1510.0,793.0,1673.0,1002.0,1162.0,764.0,1307.0,963.0
34167,18:21.333,3,526.0,642.0,700.0,861.0,1512.0,795.0,1674.0,1001.0,1163.0,766.0,1307.0,967.0
34183,18:21.848,3,535.0,638.0,705.0,853.0,1516.0,792.0,1678.0,996.0,1169.0,760.0,1315.0,962.0
34199,18:22.364,3,1521.0,790.0,1683.0,995.0,536.0,635.0,708.0,854.0,1172.0,759.0,1318.0,960.0
34215,18:22.880,3,542.0,634.0,712.0,855.0,1520.0,793.0,1683.0,1001.0,1170.0,757.0,1316.0,958.0
34231,18:23.396,3,543.0,633.0,714.0,853.0,1522.0,793.0,1683.0,999.0,1162.0,756.0,1308.0,956.0
34247,18:23.911,3,542.0,633.0,713.0,855.0,1523.0,798.0,1684.0,1006.0,1162.0,761.0,1308.0,961.0
34263,18:24.427,3,539.0,635.0,709.0,857.0,1532.0,797.0,1696.0,1007.0,1166.0,762.0,1311.0,962.0
34279,18:24.943,3,516.0,639.0,689.0,859.0,1530.0,802.0,1693.0,1009.0,1163.0,760.0,1308.0,962.0
34295,18:25.459,3,527.0,636.0,700.0,860.0,1530.0,805.0,1691.0,1012.0,1161.0,763.0,1307.0,963.0
34311,18:25.974,3,533.0,629.0,701.0,850.0,1532.0,798.0,1694.0,1008.0,1169.0,760.0,1316.0,960.0
34327,18:26.490,3,547.0,627.0,720.0,841.0,1544.0,779.0,1704.0,990.0,1177.0,750.0,1325.0,944.0
34343,18:27.006,3,560.0,620.0,734.0,841.0,1553.0,782.0,1715.0,991.0,1180.0,746.0,1329.0,949.0
34359,18:27.522,3,551.0,645.0,727.0,868.0,1541.0,804.0,1702.0,1012.0,1171.0,768.0,1314.0,972.0
34375,18:28.037,3,546.0,636.0,722.0,857.0,1536.0,796.0,1698.0,1007.0,1166.0,757.0,1313.0,956.0
34391,18:28.553,3,1569.0,787.0,1734.0,999.0,581.0,633.0,751.0,852.0,1195.0,760.0,1343.0,955.0
34407,18:29.069,3,1573.0,787.0,1737.0,994.0,582.0,633.0,751.0,855.0,1194.0,750.0,1339.0,953.0
34423,18:29.585,3,1567.0,785.0,1731.0,997.0,577.0,639.0,750.0,862.0,1195.0,750.0,1338.0,947.0
34439,18:30.100,3,1564.0,785.0,1729.0,997.0,580.0,640.0,752.0,861.0,1198.0,752.0,1342.0,950.0
34455,18:30.616,3,1563.0,786.0,1727.0,995.0,577.0,637.0,749.0,860.0,1197.0,754.0,1342.0,951.0
34471,18:31.132,3,1562.0,786.0,1726.0,992.0,575.0,633.0,744.0,853.0,1194.0,752.0,1340.0,949.0
34487,18:31.648,3,1555.0,781.0,1719.0,991.0,565.0,626.0,737.0,848.0,1187.0,750.0,1334.0,955.0
34503,18:32.163,3,572.0,599.0,741.0,814.0,1560.0,788.0,1725.0,995.0,1195.0,756.0,1341.0,959.0
34519,18:32.679,3,563.0,599.0,732.0,813.0,1555.0,789.0,1718.0,996.0,1193.0,757.0,1339.0,955.0
34535,18:33.195,3,571.0,596.0,740.0,812.0,1563.0,789.0,1728.0,999.0,1198.0,762.0,1345.0,958.0
34551,18:33.711,3,599.0,601.0,763.0,815.0,1591.0,801.0,1756.0,1008.0,1222.0,766.0,1369.0,964.0
34567,18:34.226,3,603.0,602.0,770.0,811.0,1594.0,792.0,1760.0,1003.0,1222.0,759.0,1370.0,958.0
34583,18:34.742,3,603.0,602.0,768.0,811.0,1601.0,786.0,1767.0,1001.0,1228.0,760.0,1376.0,956.0
34599,18:35.258,3,609.0,598.0,775.0,809.0,1609.0,783.0,1776.0,996.0,1230.0,763.0,1378.0,957.0
34615,18:35.773,3,620.0,601.0,787.0,807.0,1615.0,785.0,1783.0,995.0,1235.0,766.0,1384.0,961.0
34631,18:36.289,3,619.0,600.0,785.0,808.0,1614.0,786.0,1782.0,996.0,1234.0,768.0,1382.0,964.0
34647,18:36.805,3,1602.0,792.0,1769.0,1003.0,609.0,606.0,774.0,815.0,1225.0,775.0,1373.0,968.0
34663,18:37.321,3,1598.0,784.0,1764.0,995.0,606.0,603.0,771.0,812.0,1221.0,765.0,1368.0,963.0
34679,18:37.836,3,1600.0,781.0,1766.0,995.0,604.0,601.0,769.0,811.0,1222.0,765.0,1370.0,964.0
34695,18:38.352,3,1592.0,784.0,1760.0,995.0,595.0,604.0,759.0,814.0,1219.0,765.0,1364.0,968.0
34711,18:38.868,3,1591.0,787.0,1759.0,997.0,588.0,603.0,752.0,813.0,1216.0,760.0,1363.0,960.0
34727,18:39.384,3,1592.0,787.0,1759.0,997.0,597.0,608.0,759.0,817.0,1224.0,759.0,1371.0,956.0
34743,18:39.899,3,1589.0,782.0,1757.0,992.0,601.0,605.0,763.0,815.0,1224.0,756.0,1371.0,950.0
34759,18:40.415,3,1591.0,785.0,1758.0,995.0,598.0,605.0,759.0,815.0,1226.0,760.0,1374.0,954.0
34775,18:40.931,3,1587.0,787.0,1753.0,998.0,596.0,606.0,758.0,819.0,1214.0,761.0,1359.0,962.0
34791,18:41.447,3,1584.0,785.0,1749.0,997.0,590.0,607.0,752.0,819.0,1217.0,760.0,1361.0,960.0
34807,18:41.962,3,1577.0,788.0,1744.0,999.0,582.0,608.0,746.0,824.0,1211.0,761.0,1358.0,959.0
34823,18:42.478,3,1586.0,789.0,1751.0,998.0,580.0,609.0,744.0,821.0,1225.0,760.0,1372.0,963.0
34839,18:42.994,3,1578.0,787.0,1746.0,1000.0,576.0,606.0,742.0,820.0,1204.0,767.0,1349.0,967.0
34855,18:43.510,3,1591.0,793.0,1758.0,1004.0,590.0,594.0,755.0,811.0,1217.0,766.0,1363.0,965.0
34871,18:44.025,3,1592.0,792.0,1758.0,1004.0,602.0,600.0,763.0,811.0,1210.0,757.0,1355.0,957.0
34887,18:44.541,3,594.0,618.0,757.0,831.0,1589.0,813.0,1754.0,1019.0,1203.0,778.0,1348.0,974.0
34903,18:45.057,3,587.0,571.0,752.0,784.0,1584.0,756.0,1749.0,963.0,1205.0,727.0,1350.0,925.0
34919,18:45.573,3,513.0,508.0,684.0,721.0,1522.0,680.0,1684.0,888.0,1145.0,662.0,1293.0,854.0
34935,18:46.088,3,1544.0,691.0,1706.0,898.0,541.0,515.0,709.0,730.0,1167.0,671.0,1313.0,864.0
34951,18:46.604,3,535.0,513.0,703.0,727.0,1541.0,690.0,1702.0,897.0,1163.0,665.0,1310.0,862.0
34967,18:47.120,3,540.0,510.0,710.0,721.0,1551.0,691.0,1714.0,899.0,1171.0,665.0,1316.0,858.0
34983,18:47.636,3,546.0,509.0,718.0,721.0,1553.0,689.0,1717.0,900.0,1172.0,664.0,1317.0,858.0
34999,18:48.151,3,1548.0,690.0,1711.0,897.0,541.0,510.0,712.0,721.0,1166.0,664.0,1313.0,863.0
35015,18:48.667,3,539.0,509.0,708.0,720.0,1544.0,687.0,1706.0,893.0,1169.0,665.0,1314.0,861.0
35031,18:49.183,3,529.0,505.0,698.0,716.0,1538.0,681.0,1699.0,889.0,1160.0,656.0,1306.0,855.0
35047,18:49.698,3,1541.0,666.0,1702.0,874.0,531.0,482.0,699.0,694.0,1158.0,640.0,1305.0,837.0
35063,18:50.214,3,1535.0,665.0,1699.0,871.0,528.0,472.0,699.0,691.0,1165.0,631.0,1310.0,829.0
35079,18:50.730,3,552.0,477.0,725.0,692.0,1539.0,669.0,1701.0,878.0,1171.0,639.0,1317.0,835.0
35095,18:51.246,3,555.0,484.0,725.0,695.0,1550.0,674.0,1715.0,884.0,1179.0,650.0,1326.0,843.0
35111,18:51.761,3,562.0,476.0,729.0,695.0,1558.0,677.0,1724.0,887.0,1184.0,647.0,1332.0,842.0
35127,18:52.277,3,1560.0,680.0,1727.0,889.0,563.0,476.0,729.0,696.0,1183.0,652.0,1331.0,845.0
35143,18:52.793,3,566.0,475.0,734.0,697.0,1563.0,682.0,1729.0,892.0,1178.0,664.0,1326.0,860.0
35159,18:53.309,3,1555.0,679.0,1719.0,887.0,557.0,486.0,727.0,699.0,1168.0,661.0,1315.0,861.0
35175,18:53.824,3,1556.0,674.0,1719.0,884.0,555.0,482.0,726.0,696.0,1170.0,655.0,1316.0,849.0
35191,18:54.340,3,1563.0,672.0,1728.0,883.0,560.0,480.0,729.0,696.0,1174.0,648.0,1321.0,843.0
35207,18:54.856,3,1568.0,665.0,1732.0,873.0,561.0,479.0,732.0,695.0,1177.0,642.0,1323.0,837.0
35223,18:55.372,3,1569.0,662.0,1735.0,870.0,553.0,487.0,727.0,701.0,1180.0,637.0,1328.0,835.0
35239,18:55.887,3,1599.0,675.0,1765.0,887.0,603.0,495.0,779.0,709.0,1206.0,654.0,1353.0,847.0
35255,18:56.403,3,1597.0,675.0,1763.0,889.0,624.0,502.0,801.0,717.0,1204.0,651.0,1352.0,851.0
35271,18:56.919,3,1593.0,677.0,1760.0,890.0,618.0,503.0,790.0,716.0,1210.0,647.0,1357.0,849.0
35287,18:57.435,3,1590.0,683.0,1756.0,892.0,620.0,508.0,793.0,717.0,1209.0,648.0,1355.0,847.0
35303,18:57.950,3,1589.0,685.0,1756.0,893.0,619.0,501.0,793.0,711.0,1221.0,660.0,1368.0,859.0
35319,18:58.466,3,609.0,505.0,784.0,716.0,1580.0,687.0,1746.0,897.0,1214.0,656.0,1362.0,852.0
35335,18:58.982,3,615.0,507.0,786.0,713.0,1587.0,691.0,1752.0,898.0,1220.0,660.0,1366.0,875.0
35351,18:59.498,3,620.0,508.0,791.0,712.0,1591.0,695.0,1757.0,899.0,1229.0,662.0,1375.0,869.0
35367,19:00.013,3,619.0,513.0,789.0,719.0,1593.0,697.0,1758.0,905.0,1213.0,656.0,1359.0,852.0
35383,19:00.529,3,623.0,514.0,791.0,721.0,1595.0,703.0,1761.0,908.0,1227.0,667.0,1375.0,857.0
35399,19:01.045,3,617.0,509.0,787.0,721.0,1594.0,704.0,1760.0,909.0,1221.0,665.0,1369.0,858.0
35415,19:01.561,3,629.0,503.0,796.0,713.0,1599.0,695.0,1763.0,904.0,1222.0,662.0,1370.0,855.0
35431,19:02.076,3,631.0,502.0,796.0,714.0,1602.0,697.0,1767.0,905.0,1218.0,662.0,1366.0,855.0
35447,19:02.592,3,632.0,509.0,799.0,716.0,1611.0,702.0,1779.0,908.0,1231.0,669.0,1377.0,861.0
35463,19:03.108,3,631.0,504.0,800.0,714.0,1614.0,700.0,1782.0,909.0,1229.0,666.0,1376.0,860.0
35479,19:03.624,3,635.0,504.0,803.0,710.0,1616.0,699.0,1784.0,905.0,1231.0,665.0,1377.0,858.0
35495,19:04.139,3,634.0,503.0,801.0,712.0,1613.0,700.0,1781.0,908.0,1228.0,665.0,1374.0,859.0
35511,19:04.655,3,635.0,504.0,802.0,712.0,1616.0,696.0,1784.0,906.0,1230.0,665.0,1376.0,858.0
35527,19:05.171,3,640.0,501.0,810.0,711.0,1618.0,696.0,1786.0,907.0,1233.0,666.0,1380.0,858.0
35543,19:05.686,3,638.0,502.0,807.0,713.0,1615.0,699.0,1784.0,909.0,1231.0,665.0,1376.0,860.0
35559,19:06.202,3,637.0,503.0,802.0,710.0,1614.0,702.0,1780.0,910.0,1232.0,666.0,1377.0,861.0
35575,19:06.718,3,650.0,505.0,815.0,714.0,1612.0,706.0,1779.0,911.0,1231.0,669.0,1378.0,861.0
35591,19:07.234,3,658.0,503.0,823.0,708.0,1617.0,705.0,1782.0,912.0,1235.0,669.0,1381.0,863.0
35607,19:07.749,3,643.0,495.0,810.0,709.0,1622.0,702.0,1791.0,911.0,1240.0,666.0,1387.0,859.0
35623,19:08.265,3,647.0,501.0,814.0,710.0,1622.0,697.0,1789.0,901.0,1237.0,671.0,1384.0,862.0
35639,19:08.781,3,645.0,500.0,813.0,712.0,1621.0,694.0,1788.0,900.0,1231.0,668.0,1376.0,862.0
35655,19:09.297,3,1621.0,690.0,1788.0,899.0,629.0,502.0,793.0,712.0,1224.0,666.0,1370.0,865.0
35671,19:09.812,3,1616.0,692.0,1784.0,898.0,602.0,487.0,765.0,701.0,1224.0,666.0,1370.0,866.0
35687,19:10.328,3,590.0,462.0,759.0,672.0,1616.0,695.0,1783.0,899.0,1227.0,669.0,1372.0,868.0
35703,19:10.844,3,597.0,474.0,762.0,690.0,1610.0,688.0,1773.0,894.0,1227.0,670.0,1372.0,870.0
35719,19:11.360,3,1613.0,680.0,1778.0,888.0,618.0,499.0,784.0,714.0,1232.0,665.0,1378.0,864.0
35735,19:11.875,3,1607.0,687.0,1775.0,896.0,631.0,499.0,795.0,717.0,1238.0,664.0,1384.0,863.0
35751,19:12.391,3,1592.0,680.0,1769.0,894.0,621.0,505.0,784.0,715.0,1232.0,657.0,1378.0,855.0
35767,19:12.907,3,1595.0,665.0,1770.0,879.0,628.0,517.0,793.0,734.0,1237.0,682.0,1383.0,875.0
35783,19:13.423,3,1615.0,627.0,1789.0,838.0,615.0,496.0,780.0,712.0,1227.0,657.0,1375.0,852.0
35799,19:13.938,3,1654.0,657.0,1821.0,865.0,636.0,456.0,800.0,662.0,1236.0,650.0,1383.0,847.0
35815,19:14.454,3,1649.0,669.0,1818.0,877.0,648.0,453.0,811.0,658.0,1245.0,653.0,1393.0,849.0
35831,19:14.970,3,1642.0,669.0,1812.0,875.0,1248.0,648.0,1397.0,845.0,637.0,453.0,801.0,654.0
35847,19:15.486,3,1642.0,675.0,1812.0,888.0,1254.0,658.0,1401.0,857.0,642.0,464.0,806.0,662.0
35863,19:16.001,3,1648.0,681.0,1818.0,890.0,1265.0,666.0,1413.0,863.0,648.0,463.0,809.0,662.0
35879,19:16.517,3,1641.0,672.0,1810.0,882.0,636.0,454.0,799.0,659.0,1256.0,659.0,1403.0,851.0
35895,19:17.033,3,1646.0,669.0,1815.0,884.0,637.0,450.0,803.0,659.0,1252.0,657.0,1398.0,854.0
35911,19:17.549,3,1637.0,679.0,1805.0,899.0,629.0,464.0,797.0,668.0,1235.0,663.0,1381.0,858.0
35927,19:18.064,3,1647.0,684.0,1817.0,893.0,626.0,471.0,791.0,670.0,1232.0,667.0,1377.0,863.0
35943,19:18.580,3,1648.0,679.0,1819.0,892.0,627.0,463.0,793.0,667.0,1236.0,664.0,1382.0,861.0
35959,19:19.096,3,1654.0,669.0,1823.0,887.0,638.0,462.0,801.0,662.0,1249.0,664.0,1394.0,854.0
35975,19:19.611,3,1704.0,767.0,1876.0,983.0,654.0,539.0,809.0,742.0,1293.0,743.0,1442.0,940.0
35991,19:20.127,3,583.0,472.0,748.0,693.0,1653.0,704.0,1822.0,907.0,1254.0,678.0,1402.0,868.0
36007,19:20.643,3,1748.0,723.0,1925.0,936.0,724.0,547.0,885.0,761.0,1335.0,694.0,1483.0,888.0
36023,19:21.159,3,1749.0,779.0,1925.0,993.0,736.0,650.0,907.0,862.0,1332.0,751.0,1481.0,950.0
36039,19:21.674,3,1745.0,750.0,1922.0,963.0,732.0,628.0,898.0,838.0,1327.0,721.0,1475.0,921.0
36055,19:22.190,3,1727.0,734.0,1900.0,947.0,733.0,625.0,897.0,836.0,1319.0,719.0,1466.0,917.0
36071,19:22.706,3,1746.0,753.0,1921.0,959.0,721.0,621.0,884.0,831.0,1323.0,697.0,1470.0,887.0
36087,19:23.222,3,717.0,612.0,882.0,828.0,1749.0,746.0,1923.0,954.0,1320.0,681.0,1464.0,865.0
36103,19:23.737,3,1741.0,731.0,1912.0,939.0,705.0,586.0,868.0,801.0,1304.0,683.0,1452.0,879.0
36119,19:24.253,3,1323.0,703.0,1478.0,915.0,692.0,587.0,858.0,803.0,1739.0,729.0,1909.0,940.0
36135,19:24.769,3,1740.0,730.0,1911.0,944.0,703.0,597.0,864.0,815.0,1303.0,701.0,1458.0,906.0
36151,19:25.285,3,1726.0,731.0,1898.0,943.0,1293.0,725.0,1449.0,936.0,694.0,598.0,859.0,817.0
36167,19:25.800,3,1698.0,717.0,1867.0,924.0,1271.0,714.0,1422.0,919.0,667.0,593.0,829.0,812.0
36183,19:26.316,3,1681.0,707.0,1849.0,906.0,650.0,586.0,815.0,804.0,1259.0,696.0,1407.0,897.0
36199,19:26.832,3,530.0,479.0,700.0,702.0,1579.0,607.0,1739.0,805.0,1164.0,591.0,1311.0,789.0
36215,19:27.348,3,1614.0,602.0,1777.0,802.0,559.0,471.0,730.0,697.0,1197.0,586.0,1345.0,782.0
36231,19:27.863,3,1607.0,606.0,1770.0,809.0,557.0,479.0,728.0,701.0,1194.0,591.0,1340.0,786.0
36247,19:28.379,3,1613.0,607.0,1776.0,808.0,562.0,475.0,732.0,698.0,1195.0,591.0,1340.0,787.0
36263,19:28.895,3,1619.0,607.0,1783.0,808.0,578.0,474.0,745.0,696.0,1199.0,591.0,1347.0,788.0
36279,19:29.411,3,1628.0,628.0,1792.0,831.0,584.0,497.0,755.0,719.0,1214.0,607.0,1364.0,805.0
36295,19:29.926,3,1625.0,630.0,1790.0,833.0,580.0,500.0,751.0,726.0,1214.0,613.0,1361.0,819.0
36311,19:30.442,3,1603.0,600.0,1766.0,800.0,561.0,477.0,731.0,707.0,1192.0,596.0,1339.0,801.0
36327,19:30.958,3,1627.0,602.0,1791.0,800.0,581.0,468.0,752.0,696.0,1215.0,588.0,1364.0,790.0
36343,19:31.474,3,1653.0,625.0,1820.0,830.0,610.0,502.0,780.0,720.0,1240.0,615.0,1389.0,813.0
36359,19:31.989,3,1648.0,688.0,1814.0,891.0,603.0,564.0,773.0,784.0,1233.0,667.0,1379.0,860.0
36375,19:32.505,3,1652.0,663.0,1820.0,870.0,1230.0,639.0,1379.0,845.0,610.0,537.0,778.0,761.0
36391,19:33.021,3,1620.0,632.0,1785.0,835.0,1201.0,612.0,1350.0,818.0,572.0,517.0,740.0,735.0
36407,19:33.536,3,1608.0,628.0,1770.0,827.0,1184.0,608.0,1333.0,811.0,553.0,510.0,725.0,727.0
36423,19:34.052,3,1589.0,619.0,1751.0,825.0,1169.0,604.0,1316.0,806.0,533.0,501.0,705.0,723.0
36439,19:34.568,3,1157.0,587.0,1305.0,790.0,1563.0,587.0,1725.0,786.0,514.0,480.0,689.0,709.0
36455,19:35.084,3,1575.0,573.0,1737.0,775.0,1176.0,577.0,1326.0,779.0,536.0,467.0,708.0,691.0
36471,19:35.599,3,1574.0,581.0,1737.0,780.0,1178.0,577.0,1329.0,779.0,539.0,466.0,714.0,690.0
36487,19:36.115,3,1585.0,588.0,1748.0,786.0,1188.0,591.0,1337.0,786.0,549.0,471.0,721.0,691.0
36503,19:36.631,3,1583.0,594.0,1744.0,790.0,1185.0,592.0,1336.0,788.0,549.0,471.0,719.0,697.0
36519,19:37.147,3,553.0,465.0,726.0,690.0,1590.0,587.0,1753.0,785.0,1194.0,590.0,1342.0,783.0
36535,19:37.662,3,1609.0,599.0,1773.0,797.0,577.0,465.0,747.0,689.0,1208.0,592.0,1358.0,790.0
36551,19:38.178,3,1615.0,601.0,1778.0,802.0,582.0,469.0,751.0,693.0,1210.0,596.0,1361.0,794.0
36567,19:38.694,3,1620.0,600.0,1784.0,798.0,583.0,461.0,754.0,689.0,1216.0,590.0,1365.0,789.0
36583,19:39.210,3,1583.0,631.0,1746.0,839.0,546.0,510.0,721.0,731.0,1181.0,629.0,1333.0,832.0
36599,19:39.725,3,1155.0,630.0,1304.0,833.0,1554.0,640.0,1712.0,845.0,513.0,512.0,689.0,736.0
36615,19:40.241,3,1602.0,610.0,1764.0,814.0,569.0,476.0,740.0,699.0,1198.0,601.0,1348.0,797.0
36631,19:40.757,3,1602.0,613.0,1764.0,815.0,569.0,478.0,740.0,703.0,1196.0,606.0,1346.0,807.0
36647,19:41.273,3,1599.0,627.0,1761.0,833.0,567.0,500.0,736.0,721.0,1196.0,615.0,1343.0,817.0
36663,19:41.788,3,579.0,489.0,750.0,714.0,1613.0,629.0,1778.0,831.0,1204.0,610.0,1354.0,814.0
36679,19:42.304,3,579.0,487.0,749.0,713.0,1611.0,627.0,1775.0,828.0,1202.0,610.0,1351.0,812.0
36695,19:42.820,3,1614.0,627.0,1777.0,828.0,578.0,487.0,749.0,712.0,1204.0,611.0,1354.0,812.0
36711,19:43.336,3,1614.0,625.0,1779.0,827.0,580.0,487.0,749.0,713.0,1202.0,610.0,1351.0,811.0
36727,19:43.851,3,1618.0,627.0,1782.0,830.0,582.0,489.0,751.0,714.0,1209.0,614.0,1358.0,816.0
36743,19:44.367,3,1618.0,630.0,1782.0,835.0,581.0,494.0,750.0,716.0,1206.0,618.0,1355.0,821.0
36759,19:44.883,3,577.0,469.0,745.0,695.0,1620.0,634.0,1784.0,839.0,1208.0,621.0,1358.0,824.0
36775,19:45.399,3,608.0,495.0,776.0,715.0,1626.0,637.0,1790.0,842.0,1210.0,621.0,1360.0,824.0
36791,19:45.914,3,622.0,497.0,797.0,719.0,1627.0,638.0,1792.0,842.0,1202.0,616.0,1351.0,818.0
36807,19:46.430,3,632.0,492.0,806.0,716.0,1631.0,637.0,1795.0,841.0,1203.0,615.0,1354.0,815.0
36823,19:46.946,3,630.0,494.0,807.0,720.0,1205.0,616.0,1355.0,819.0,1630.0,639.0,1795.0,843.0
36839,19:47.461,3,630.0,498.0,805.0,722.0,1206.0,620.0,1356.0,823.0,1631.0,641.0,1796.0,846.0
36855,19:47.977,3,635.0,498.0,809.0,722.0,1210.0,622.0,1359.0,824.0,1637.0,643.0,1802.0,846.0
36871,19:48.493,3,629.0,499.0,804.0,723.0,1207.0,622.0,1357.0,827.0,1633.0,642.0,1797.0,846.0
36887,19:49.009,3,629.0,501.0,803.0,723.0,1205.0,622.0,1356.0,824.0,1632.0,642.0,1796.0,845.0
36903,19:49.524,3,637.0,499.0,811.0,727.0,1211.0,627.0,1361.0,831.0,1635.0,644.0,1800.0,848.0
36919,19:50.040,3,636.0,500.0,809.0,725.0,1214.0,625.0,1365.0,835.0,1634.0,639.0,1798.0,844.0
36935,19:50.556,3,636.0,498.0,809.0,722.0,1630.0,638.0,1794.0,842.0,1214.0,621.0,1365.0,826.0
36951,19:51.072,3,632.0,481.0,803.0,710.0,1627.0,626.0,1792.0,830.0,1211.0,608.0,1361.0,807.0
36967,19:51.587,3,636.0,490.0,808.0,713.0,1631.0,628.0,1795.0,829.0,1213.0,611.0,1363.0,810.0
36983,19:52.103,3,645.0,490.0,816.0,712.0,1637.0,631.0,1802.0,836.0,1216.0,613.0,1365.0,816.0
36999,19:52.619,3,643.0,499.0,815.0,724.0,1214.0,617.0,1364.0,821.0,1636.0,639.0,1802.0,841.0
37015,19:53.135,3,644.0,506.0,814.0,733.0,1644.0,643.0,1810.0,846.0,1224.0,627.0,1373.0,828.0
37031,19:53.650,3,1643.0,659.0,1809.0,858.0,644.0,517.0,817.0,743.0,1222.0,641.0,1372.0,839.0
37047,19:54.166,3,1645.0,659.0,1811.0,859.0,644.0,517.0,817.0,744.0,1223.0,636.0,1372.0,840.0
37063,19:54.682,3,643.0,511.0,816.0,740.0,1645.0,653.0,1812.0,855.0,1226.0,634.0,1375.0,838.0
37079,19:55.198,3,644.0,512.0,817.0,740.0,1644.0,653.0,1810.0,855.0,1223.0,635.0,1374.0,838.0
37095,19:55.713,3,639.0,508.0,811.0,739.0,1642.0,649.0,1807.0,853.0,1225.0,629.0,1374.0,832.0
37111,19:56.229,3,650.0,506.0,821.0,735.0,1645.0,644.0,1812.0,851.0,1231.0,631.0,1380.0,831.0
37127,19:56.745,3,683.0,515.0,852.0,739.0,1674.0,665.0,1843.0,874.0,1267.0,645.0,1417.0,847.0
37143,19:57.261,3,1645.0,664.0,1812.0,870.0,649.0,523.0,821.0,750.0,1236.0,643.0,1386.0,844.0
37159,19:57.776,3,541.0,492.0,717.0,720.0,1623.0,666.0,1789.0,872.0,1219.0,657.0,1369.0,856.0
37175,19:58.292,2,1672.0,707.0,1843.0,910.0,1266.0,712.0,1415.0,902.0,,,,
37191,19:58.808,2,1622.0,921.0,1791.0,1127.0,1222.0,926.0,1372.0,1123.0,,,,
37207,19:59.324,3,531.0,746.0,705.0,979.0,1645.0,921.0,1813.0,1132.0,1238.0,929.0,1389.0,1136.0
37223,19:59.839,3,631.0,706.0,802.0,928.0,1665.0,841.0,1835.0,1047.0,1261.0,847.0,1407.0,1039.0
37239,20:00.355,3,1654.0,837.0,1823.0,1040.0,669.0,703.0,837.0,922.0,1250.0,839.0,1399.0,1034.0
37255,20:00.871,3,1656.0,840.0,1824.0,1046.0,716.0,677.0,882.0,905.0,1253.0,837.0,1399.0,1042.0
37271,20:01.387,3,1648.0,843.0,1818.0,1049.0,712.0,681.0,878.0,904.0,1247.0,831.0,1394.0,1024.0
37287,20:01.902,3,673.0,679.0,837.0,901.0,1646.0,829.0,1813.0,1031.0,1244.0,820.0,1393.0,1015.0
37303,20:02.418,3,668.0,671.0,833.0,891.0,1644.0,824.0,1813.0,1028.0,1245.0,818.0,1393.0,1014.0
37319,20:02.934,3,675.0,665.0,839.0,889.0,1648.0,822.0,1816.0,1025.0,1248.0,818.0,1396.0,1012.0
37335,20:03.449,3,683.0,663.0,848.0,890.0,1651.0,821.0,1820.0,1026.0,1254.0,820.0,1401.0,1011.0
37351,20:03.965,3,687.0,663.0,851.0,888.0,1653.0,822.0,1821.0,1026.0,1256.0,818.0,1402.0,1015.0
37367,20:04.481,3,691.0,661.0,855.0,883.0,1653.0,821.0,1820.0,1023.0,1257.0,821.0,1404.0,1016.0
37383,20:04.997,3,694.0,664.0,859.0,887.0,1657.0,825.0,1824.0,1027.0,1258.0,826.0,1406.0,1022.0
37399,20:05.512,3,700.0,663.0,865.0,889.0,1658.0,823.0,1825.0,1025.0,1259.0,818.0,1405.0,1016.0
37415,20:06.028,3,693.0,666.0,856.0,886.0,1653.0,821.0,1819.0,1021.0,1255.0,816.0,1404.0,1008.0
37431,20:06.544,3,688.0,671.0,851.0,893.0,1643.0,823.0,1810.0,1023.0,1249.0,816.0,1395.0,1008.0
37447,20:07.060,3,689.0,662.0,853.0,888.0,1645.0,816.0,1812.0,1019.0,1252.0,807.0,1398.0,1007.0
37463,20:07.575,3,693.0,663.0,857.0,886.0,1649.0,816.0,1817.0,1019.0,1255.0,807.0,1401.0,995.0
37479,20:08.091,3,691.0,662.0,855.0,886.0,1648.0,816.0,1815.0,1018.0,1252.0,808.0,1399.0,1002.0
37495,20:08.607,3,691.0,669.0,853.0,889.0,1647.0,818.0,1815.0,1021.0,1248.0,816.0,1394.0,1012.0
37511,20:09.123,3,691.0,667.0,854.0,888.0,1644.0,815.0,1812.0,1020.0,1246.0,820.0,1393.0,1015.0
37527,20:09.638,3,695.0,661.0,860.0,884.0,1649.0,814.0,1817.0,1018.0,1249.0,819.0,1396.0,1010.0
37543,20:10.154,3,695.0,661.0,860.0,882.0,1649.0,810.0,1817.0,1012.0,1249.0,819.0,1398.0,1013.0
37559,20:10.670,3,1644.0,787.0,1812.0,992.0,688.0,645.0,852.0,858.0,1242.0,799.0,1392.0,996.0
37575,20:11.186,3,570.0,532.0,743.0,751.0,1541.0,665.0,1701.0,869.0,1145.0,679.0,1294.0,877.0
37591,20:11.701,3,596.0,530.0,767.0,751.0,1563.0,679.0,1725.0,880.0,1167.0,683.0,1315.0,883.0
37607,20:12.217,3,612.0,526.0,781.0,743.0,1578.0,678.0,1739.0,878.0,1179.0,681.0,1329.0,877.0
37623,20:12.733,3,1587.0,673.0,1750.0,873.0,623.0,516.0,792.0,733.0,1190.0,672.0,1337.0,872.0
37639,20:13.249,3,1597.0,665.0,1761.0,871.0,630.0,508.0,800.0,727.0,1196.0,667.0,1345.0,867.0
37655,20:13.764,3,640.0,498.0,809.0,719.0,1606.0,660.0,1770.0,861.0,1204.0,655.0,1354.0,856.0
37671,20:14.280,3,651.0,531.0,819.0,749.0,1614.0,695.0,1778.0,896.0,1210.0,688.0,1361.0,888.0
37687,20:14.796,3,649.0,541.0,818.0,762.0,1612.0,700.0,1775.0,901.0,1209.0,699.0,1359.0,896.0
37703,20:15.312,3,658.0,561.0,824.0,776.0,1612.0,698.0,1775.0,898.0,1207.0,695.0,1358.0,894.0
37719,20:15.827,3,650.0,554.0,818.0,778.0,1606.0,703.0,1769.0,902.0,1204.0,704.0,1352.0,898.0
37735,20:16.343,3,649.0,563.0,818.0,786.0,1614.0,708.0,1777.0,906.0,1210.0,706.0,1359.0,902.0
37751,20:16.859,3,662.0,564.0,830.0,786.0,1624.0,708.0,1789.0,905.0,1218.0,705.0,1367.0,900.0
37767,20:17.374,3,658.0,563.0,825.0,781.0,1617.0,706.0,1782.0,904.0,1212.0,705.0,1361.0,900.0
37783,20:17.890,3,665.0,571.0,832.0,791.0,1622.0,714.0,1786.0,912.0,1218.0,709.0,1367.0,904.0
37799,20:18.406,3,662.0,568.0,830.0,788.0,1622.0,717.0,1786.0,912.0,1217.0,708.0,1366.0,903.0
37815,20:18.922,3,664.0,567.0,832.0,788.0,1624.0,715.0,1788.0,910.0,1219.0,706.0,1368.0,900.0
37831,20:19.437,3,663.0,567.0,831.0,788.0,1625.0,717.0,1789.0,911.0,1220.0,707.0,1368.0,902.0
37847,20:19.953,3,1618.0,685.0,1785.0,889.0,656.0,552.0,827.0,771.0,1215.0,681.0,1363.0,880.0
37863,20:20.469,3,1621.0,683.0,1789.0,887.0,663.0,551.0,832.0,764.0,1221.0,677.0,1368.0,873.0
37879,20:20.985,3,1617.0,679.0,1784.0,885.0,658.0,552.0,828.0,776.0,1214.0,681.0,1362.0,887.0
37895,20:21.500,3,1625.0,688.0,1791.0,892.0,698.0,549.0,866.0,768.0,1221.0,681.0,1367.0,874.0
37911,20:22.016,3,1618.0,685.0,1784.0,891.0,722.0,564.0,893.0,773.0,1220.0,684.0,1368.0,885.0
37927,20:22.532,3,1624.0,689.0,1790.0,890.0,721.0,556.0,898.0,768.0,1225.0,678.0,1372.0,876.0
37943,20:23.048,3,1624.0,693.0,1790.0,893.0,650.0,528.0,817.0,729.0,1223.0,678.0,1369.0,881.0
37959,20:23.563,3,1626.0,696.0,1791.0,897.0,1227.0,685.0,1374.0,882.0,568.0,517.0,722.0,711.0
37975,20:24.079,3,1626.0,699.0,1790.0,900.0,1219.0,683.0,1365.0,881.0,561.0,532.0,717.0,728.0
37991,20:24.595,3,1626.0,700.0,1791.0,901.0,1215.0,684.0,1361.0,884.0,544.0,536.0,692.0,729.0
38007,20:25.111,3,1626.0,703.0,1790.0,903.0,1213.0,688.0,1359.0,886.0,526.0,546.0,675.0,737.0
38023,20:25.626,3,1621.0,721.0,1786.0,920.0,590.0,553.0,742.0,761.0,1209.0,700.0,1356.0,898.0
38039,20:26.142,3,1617.0,717.0,1781.0,916.0,624.0,552.0,785.0,765.0,1210.0,703.0,1358.0,901.0
38055,20:26.658,3,643.0,545.0,808.0,759.0,1620.0,713.0,1784.0,912.0,1210.0,698.0,1360.0,894.0
38071,20:27.174,3,663.0,558.0,829.0,767.0,1626.0,712.0,1790.0,912.0,1213.0,697.0,1363.0,889.0
38087,20:27.689,3,660.0,552.0,824.0,764.0,1624.0,714.0,1788.0,914.0,1214.0,702.0,1363.0,896.0
38103,20:28.205,3,652.0,540.0,818.0,759.0,1621.0,716.0,1785.0,915.0,1209.0,701.0,1359.0,896.0
38119,20:28.721,3,1620.0,727.0,1785.0,932.0,658.0,553.0,823.0,768.0,1211.0,711.0,1362.0,905.0
38135,20:29.237,3,684.0,591.0,848.0,800.0,1642.0,761.0,1806.0,969.0,1232.0,743.0,1382.0,941.0
38151,20:29.752,3,1627.0,746.0,1792.0,952.0,1221.0,735.0,1369.0,941.0,663.0,589.0,826.0,801.0
38167,20:30.268,3,1622.0,756.0,1786.0,962.0,655.0,608.0,818.0,821.0,1214.0,743.0,1362.0,949.0
38183,20:30.784,3,1615.0,749.0,1778.0,954.0,645.0,603.0,810.0,815.0,1210.0,737.0,1358.0,936.0
38199,20:31.299,3,1606.0,748.0,1768.0,952.0,637.0,601.0,802.0,813.0,1203.0,737.0,1350.0,935.0
38215,20:31.815,3,1619.0,752.0,1784.0,960.0,652.0,593.0,817.0,805.0,1219.0,739.0,1368.0,938.0
38231,20:32.331,3,1604.0,730.0,1764.0,933.0,629.0,580.0,797.0,795.0,1210.0,727.0,1358.0,924.0
38247,20:32.847,3,623.0,590.0,790.0,808.0,1602.0,740.0,1763.0,942.0,1206.0,730.0,1353.0,928.0
38263,20:33.362,3,1616.0,750.0,1781.0,955.0,644.0,597.0,809.0,810.0,1213.0,738.0,1360.0,943.0
38279,20:33.878,3,1614.0,728.0,1778.0,931.0,1209.0,722.0,1359.0,921.0,643.0,577.0,807.0,792.0
38295,20:34.394,3,1612.0,728.0,1775.0,930.0,640.0,572.0,804.0,788.0,1206.0,719.0,1355.0,919.0
38311,20:34.910,3,1610.0,726.0,1773.0,930.0,1205.0,718.0,1353.0,915.0,640.0,575.0,803.0,792.0
38327,20:35.425,3,1614.0,733.0,1778.0,934.0,644.0,580.0,809.0,794.0,1215.0,722.0,1364.0,921.0
38343,20:35.941,3,1613.0,737.0,1776.0,940.0,643.0,587.0,806.0,801.0,1216.0,731.0,1364.0,926.0
38359,20:36.457,3,642.0,590.0,806.0,804.0,1611.0,742.0,1776.0,943.0,1207.0,735.0,1356.0,932.0
38375,20:36.973,3,640.0,591.0,803.0,807.0,1611.0,745.0,1775.0,945.0,1206.0,738.0,1355.0,935.0
38391,20:37.488,3,635.0,593.0,801.0,812.0,1204.0,738.0,1354.0,940.0,1609.0,744.0,1771.0,946.0
38407,20:38.004,3,636.0,593.0,801.0,811.0,1610.0,746.0,1775.0,946.0,1210.0,745.0,1360.0,943.0
38423,20:38.520,3,638.0,592.0,802.0,809.0,1220.0,736.0,1369.0,942.0,1613.0,747.0,1777.0,946.0
38439,20:39.036,3,637.0,593.0,802.0,812.0,1615.0,747.0,1778.0,945.0,1229.0,731.0,1377.0,922.0
38455,20:39.551,3,637.0,594.0,802.0,816.0,1612.0,737.0,1778.0,942.0,1215.0,735.0,1364.0,923.0
38471,20:40.067,3,642.0,599.0,804.0,823.0,1608.0,733.0,1773.0,936.0,1217.0,735.0,1367.0,929.0
38487,20:40.583,3,643.0,596.0,807.0,813.0,1602.0,731.0,1765.0,934.0,1216.0,737.0,1365.0,932.0
38503,20:41.099,3,1601.0,728.0,1765.0,931.0,645.0,598.0,807.0,810.0,1223.0,741.0,1372.0,931.0
38519,20:41.614,3,648.0,600.0,812.0,810.0,1633.0,743.0,1797.0,945.0,1223.0,744.0,1372.0,933.0
38535,20:42.130,3,1626.0,743.0,1791.0,945.0,651.0,603.0,814.0,819.0,1221.0,746.0,1371.0,943.0
38551,20:42.646,3,656.0,602.0,820.0,819.0,1635.0,743.0,1799.0,946.0,1227.0,742.0,1375.0,940.0
38567,20:43.162,3,1630.0,744.0,1796.0,946.0,653.0,603.0,817.0,816.0,1226.0,741.0,1374.0,939.0
38583,20:43.677,3,1627.0,746.0,1793.0,948.0,650.0,604.0,814.0,824.0,1223.0,745.0,1372.0,941.0
38599,20:44.193,3,1622.0,747.0,1790.0,951.0,1219.0,743.0,1370.0,941.0,645.0,605.0,810.0,819.0
38615,20:44.709,3,1617.0,747.0,1784.0,952.0,636.0,607.0,801.0,823.0,1213.0,743.0,1362.0,940.0
38631,20:45.224,3,627.0,607.0,794.0,825.0,1611.0,739.0,1775.0,943.0,1205.0,739.0,1354.0,940.0
38647,20:45.740,3,1622.0,743.0,1788.0,947.0,642.0,603.0,806.0,817.0,1215.0,739.0,1363.0,938.0
38663,20:46.256,3,638.0,605.0,805.0,823.0,1616.0,744.0,1782.0,947.0,1212.0,739.0,1359.0,940.0
38679,20:46.772,3,636.0,606.0,804.0,825.0,1615.0,746.0,1781.0,948.0,1210.0,741.0,1359.0,948.0
38695,20:47.287,3,635.0,609.0,801.0,826.0,1614.0,746.0,1779.0,949.0,1212.0,730.0,1359.0,926.0
38711,20:47.803,3,635.0,604.0,802.0,825.0,1614.0,744.0,1779.0,947.0,1210.0,740.0,1359.0,940.0
38727,20:48.319,3,638.0,607.0,805.0,826.0,1616.0,745.0,1782.0,949.0,1213.0,740.0,1362.0,942.0
38743,20:48.835,3,638.0,606.0,805.0,827.0,1615.0,749.0,1782.0,953.0,1209.0,744.0,1360.0,945.0
38759,20:49.350,3,1617.0,745.0,1783.0,948.0,639.0,605.0,804.0,822.0,1211.0,741.0,1360.0,940.0
38775,20:49.866,3,1624.0,758.0,1791.0,961.0,656.0,612.0,818.0,824.0,1218.0,750.0,1367.0,948.0
38791,20:50.382,3,1619.0,755.0,1783.0,958.0,658.0,607.0,819.0,819.0,1209.0,750.0,1359.0,948.0
38807,20:50.898,3,1618.0,752.0,1783.0,957.0,651.0,603.0,814.0,816.0,1208.0,745.0,1358.0,946.0
38823,20:51.413,3,1619.0,740.0,1784.0,943.0,650.0,600.0,813.0,810.0,1212.0,736.0,1359.0,937.0
38839,20:51.929,3,1616.0,751.0,1782.0,952.0,646.0,605.0,810.0,820.0,1208.0,744.0,1356.0,945.0
38855,20:52.445,3,1617.0,749.0,1783.0,949.0,646.0,603.0,811.0,819.0,1209.0,740.0,1358.0,941.0
38871,20:52.961,3,1617.0,749.0,1783.0,949.0,646.0,604.0,811.0,821.0,1211.0,741.0,1359.0,942.0
38887,20:53.476,3,1618.0,733.0,1782.0,935.0,646.0,597.0,808.0,809.0,1210.0,731.0,1357.0,927.0
38903,20:53.992,3,1616.0,744.0,1782.0,946.0,643.0,603.0,807.0,818.0,1208.0,737.0,1356.0,936.0
38919,20:54.508,3,1616.0,740.0,1782.0,944.0,644.0,602.0,808.0,815.0,1208.0,733.0,1356.0,931.0
38935,20:55.024,3,1615.0,742.0,1782.0,946.0,642.0,604.0,806.0,819.0,1207.0,736.0,1355.0,933.0
38951,20:55.539,3,1620.0,741.0,1786.0,945.0,646.0,604.0,810.0,815.0,1211.0,735.0,1359.0,931.0
38967,20:56.055,3,1624.0,756.0,1790.0,960.0,650.0,622.0,814.0,831.0,1212.0,744.0,1361.0,945.0
38983,20:56.571,3,1621.0,750.0,1786.0,956.0,647.0,611.0,811.0,824.0,1209.0,739.0,1357.0,943.0
38999,20:57.087,3,1615.0,747.0,1781.0,949.0,645.0,606.0,809.0,821.0,1208.0,736.0,1355.0,935.0
39015,20:57.602,3,1614.0,745.0,1780.0,947.0,683.0,576.0,847.0,785.0,1207.0,731.0,1354.0,932.0
39031,20:58.118,3,1615.0,744.0,1781.0,947.0,1209.0,736.0,1357.0,933.0,750.0,522.0,912.0,720.0
39047,20:58.634,3,1614.0,745.0,1780.0,947.0,1210.0,736.0,1359.0,930.0,843.0,523.0,961.0,685.0
39063,20:59.149,3,1614.0,746.0,1780.0,948.0,1212.0,735.0,1360.0,935.0,803.0,559.0,951.0,750.0
39079,20:59.665,3,1614.0,746.0,1779.0,949.0,1210.0,736.0,1359.0,930.0,706.0,588.0,868.0,788.0
39095,21:00.181,3,1613.0,747.0,1778.0,949.0,629.0,606.0,795.0,808.0,1209.0,733.0,1357.0,932.0
39111,21:00.697,3,613.0,607.0,783.0,823.0,1613.0,746.0,1778.0,948.0,1209.0,732.0,1356.0,939.0
39127,21:01.212,3,598.0,599.0,768.0,822.0,1613.0,748.0,1778.0,950.0,1209.0,734.0,1356.0,934.0
39143,21:01.728,3,598.0,623.0,766.0,845.0,1612.0,751.0,1775.0,955.0,1205.0,741.0,1353.0,940.0
39159,21:02.244,3,603.0,624.0,772.0,847.0,1614.0,748.0,1779.0,951.0,1207.0,741.0,1355.0,941.0
39175,21:02.760,3,608.0,630.0,778.0,860.0,1614.0,754.0,1780.0,958.0,1207.0,744.0,1355.0,942.0
39191,21:03.275,3,612.0,633.0,780.0,854.0,1616.0,754.0,1781.0,959.0,1208.0,745.0,1358.0,942.0
39207,21:03.791,3,608.0,630.0,777.0,850.0,1619.0,753.0,1783.0,958.0,1213.0,743.0,1362.0,939.0
39223,21:04.307,3,1624.0,752.0,1790.0,956.0,598.0,634.0,768.0,854.0,1219.0,737.0,1366.0,939.0
39239,21:04.823,3,1614.0,745.0,1779.0,948.0,577.0,630.0,748.0,853.0,1207.0,734.0,1355.0,934.0
39255,21:05.338,3,570.0,618.0,739.0,839.0,1608.0,724.0,1772.0,922.0,1204.0,719.0,1352.0,912.0
39271,21:05.854,3,576.0,609.0,749.0,834.0,1617.0,726.0,1782.0,925.0,1210.0,716.0,1358.0,910.0
39287,21:06.370,3,560.0,595.0,734.0,819.0,1604.0,713.0,1766.0,908.0,1200.0,705.0,1347.0,899.0
39303,21:06.886,3,511.0,510.0,688.0,734.0,1567.0,608.0,1729.0,806.0,1160.0,601.0,1307.0,805.0
39319,21:07.401,3,525.0,557.0,698.0,780.0,1575.0,658.0,1737.0,860.0,1173.0,656.0,1318.0,852.0
39335,21:07.917,3,532.0,556.0,705.0,779.0,1580.0,658.0,1743.0,863.0,1178.0,656.0,1325.0,852.0
39351,21:08.433,3,541.0,543.0,718.0,772.0,1590.0,656.0,1753.0,856.0,1186.0,650.0,1333.0,847.0
39367,21:08.949,3,538.0,542.0,714.0,770.0,1184.0,649.0,1332.0,858.0,1565.0,652.0,1728.0,854.0
39383,21:09.464,3,538.0,545.0,713.0,772.0,1567.0,655.0,1729.0,856.0,1183.0,647.0,1331.0,848.0
39399,21:09.980,3,540.0,547.0,716.0,774.0,1571.0,659.0,1734.0,860.0,1185.0,654.0,1333.0,855.0
39415,21:10.496,3,549.0,534.0,725.0,765.0,1576.0,660.0,1740.0,862.0,1188.0,655.0,1335.0,853.0
39431,21:11.012,3,576.0,558.0,750.0,783.0,1576.0,661.0,1741.0,863.0,1188.0,653.0,1335.0,851.0
39447,21:11.527,3,595.0,580.0,772.0,814.0,1580.0,660.0,1743.0,865.0,1188.0,655.0,1336.0,853.0
39463,21:12.043,3,1581.0,667.0,1743.0,869.0,588.0,593.0,762.0,828.0,1190.0,660.0,1337.0,861.0
39479,21:12.559,3,1580.0,665.0,1744.0,870.0,601.0,610.0,773.0,835.0,1192.0,663.0,1339.0,863.0
39495,21:13.075,3,1580.0,669.0,1743.0,872.0,1191.0,664.0,1339.0,859.0,613.0,611.0,786.0,834.0
39511,21:13.590,3,1580.0,670.0,1744.0,873.0,601.0,570.0,770.0,794.0,1191.0,668.0,1338.0,856.0
39527,21:14.106,3,1574.0,691.0,1737.0,890.0,588.0,574.0,754.0,789.0,1186.0,681.0,1334.0,873.0
39543,21:14.622,3,585.0,575.0,755.0,791.0,1576.0,697.0,1738.0,895.0,1185.0,684.0,1333.0,876.0
39559,21:15.137,3,588.0,579.0,758.0,794.0,1578.0,698.0,1742.0,898.0,1186.0,685.0,1333.0,883.0
39575,21:15.653,3,604.0,601.0,767.0,810.0,1593.0,718.0,1757.0,913.0,1201.0,705.0,1347.0,900.0
39591,21:16.169,3,615.0,642.0,782.0,853.0,1603.0,761.0,1765.0,964.0,1208.0,750.0,1358.0,954.0
39607,21:16.685,3,572.0,776.0,742.0,994.0,1561.0,897.0,1724.0,1105.0,1170.0,890.0,1315.0,1090.0
39623,21:17.200,3,1556.0,987.0,1718.0,1200.0,563.0,870.0,734.0,1090.0,1161.0,977.0,1309.0,1185.0
39639,21:17.716,3,555.0,1079.0,732.0,1317.0,1580.0,1189.0,1751.0,1406.0,1175.0,1191.0,1328.0,1410.0
39655,21:18.232,3,1589.0,1242.0,1768.0,1472.0,1176.0,1266.0,1334.0,1495.0,546.0,1163.0,728.0,1411.0
39671,21:18.748,3,1629.0,875.0,1795.0,1081.0,639.0,784.0,804.0,1006.0,1231.0,886.0,1379.0,1083.0
39687,21:19.263,3,1642.0,853.0,1808.0,1059.0,1233.0,861.0,1383.0,1061.0,659.0,762.0,822.0,982.0
39703,21:19.779,3,1643.0,849.0,1810.0,1057.0,663.0,760.0,825.0,975.0,1236.0,864.0,1386.0,1063.0
39719,21:20.295,3,1634.0,848.0,1800.0,1050.0,648.0,756.0,811.0,968.0,1228.0,860.0,1376.0,1056.0
39735,21:20.811,3,595.0,749.0,758.0,962.0,1584.0,839.0,1746.0,1041.0,1183.0,851.0,1332.0,1050.0
39751,21:21.326,3,1603.0,780.0,1768.0,984.0,616.0,684.0,784.0,902.0,1204.0,794.0,1352.0,990.0
39767,21:21.842,3,578.0,610.0,749.0,828.0,1175.0,718.0,1320.0,913.0,1570.0,707.0,1732.0,900.0
39783,21:22.358,3,480.0,474.0,657.0,697.0,1497.0,551.0,1656.0,749.0,1101.0,567.0,1251.0,766.0
39799,21:22.874,3,1494.0,505.0,1654.0,703.0,1093.0,522.0,1246.0,718.0,470.0,428.0,648.0,657.0
39815,21:23.389,3,1496.0,500.0,1655.0,697.0,1090.0,519.0,1243.0,714.0,471.0,415.0,646.0,644.0
39831,21:23.905,3,1495.0,497.0,1656.0,695.0,458.0,378.0,629.0,605.0,1082.0,518.0,1237.0,713.0
39847,21:24.421,3,1101.0,500.0,1252.0,702.0,1516.0,492.0,1676.0,692.0,463.0,351.0,634.0,581.0
39863,21:24.937,3,1524.0,491.0,1687.0,703.0,497.0,367.0,670.0,593.0,1136.0,501.0,1286.0,703.0
39879,21:25.452,3,1554.0,492.0,1720.0,700.0,532.0,357.0,704.0,575.0,1166.0,497.0,1315.0,695.0
39895,21:25.968,3,1568.0,505.0,1734.0,711.0,545.0,364.0,715.0,585.0,1178.0,506.0,1331.0,705.0
39911,21:26.484,3,1578.0,512.0,1743.0,718.0,550.0,379.0,722.0,591.0,1192.0,503.0,1342.0,701.0
39927,21:27.000,3,548.0,392.0,719.0,600.0,1580.0,506.0,1746.0,713.0,1189.0,509.0,1341.0,709.0
39943,21:27.515,3,567.0,377.0,737.0,597.0,1607.0,530.0,1774.0,735.0,1213.0,522.0,1365.0,719.0
39959,21:28.031,3,1626.0,534.0,1793.0,739.0,1229.0,536.0,1380.0,736.0,592.0,418.0,757.0,628.0
39975,21:28.547,3,581.0,372.0,752.0,594.0,1625.0,524.0,1793.0,730.0,1230.0,511.0,1380.0,709.0
39991,21:29.062,3,573.0,342.0,743.0,572.0,1616.0,500.0,1783.0,707.0,1218.0,492.0,1370.0,688.0
40007,21:29.578,3,580.0,350.0,748.0,574.0,1617.0,504.0,1786.0,709.0,1220.0,492.0,1371.0,690.0
40023,21:30.094,3,1625.0,519.0,1793.0,727.0,596.0,361.0,766.0,588.0,1228.0,505.0,1378.0,706.0
40039,21:30.610,3,1655.0,516.0,1824.0,729.0,632.0,380.0,797.0,596.0,1256.0,507.0,1405.0,709.0
40055,21:31.125,3,1651.0,528.0,1821.0,735.0,619.0,370.0,786.0,595.0,1253.0,515.0,1403.0,718.0
40071,21:31.641,3,1648.0,533.0,1819.0,739.0,611.0,371.0,777.0,592.0,1249.0,514.0,1400.0,714.0
40087,21:32.157,3,1642.0,550.0,1811.0,757.0,618.0,401.0,783.0,612.0,1249.0,543.0,1398.0,737.0
40103,21:32.673,3,1644.0,549.0,1815.0,759.0,627.0,423.0,792.0,630.0,1250.0,544.0,1399.0,740.0
40119,21:33.188,3,1643.0,567.0,1812.0,770.0,622.0,419.0,789.0,634.0,1248.0,558.0,1397.0,754.0
40135,21:33.704,3,606.0,410.0,773.0,631.0,1639.0,571.0,1809.0,776.0,1246.0,561.0,1393.0,755.0
40151,21:34.220,3,1648.0,581.0,1818.0,788.0,623.0,426.0,789.0,639.0,1254.0,575.0,1402.0,769.0
40167,21:34.736,3,1645.0,585.0,1816.0,794.0,625.0,440.0,789.0,650.0,1251.0,576.0,1399.0,770.0
40183,21:35.251,3,1648.0,600.0,1818.0,811.0,624.0,448.0,788.0,659.0,1253.0,588.0,1401.0,784.0
40199,21:35.767,3,1647.0,603.0,1818.0,813.0,621.0,448.0,785.0,657.0,1252.0,590.0,1400.0,785.0
40215,21:36.283,3,1642.0,607.0,1811.0,818.0,613.0,454.0,779.0,660.0,1246.0,594.0,1395.0,791.0
40231,21:36.799,3,1638.0,610.0,1806.0,816.0,609.0,455.0,775.0,661.0,1242.0,592.0,1390.0,791.0
40247,21:37.314,3,1638.0,611.0,1805.0,817.0,1245.0,596.0,1393.0,801.0,612.0,458.0,778.0,662.0
40263,21:37.830,3,1641.0,613.0,1808.0,820.0,614.0,458.0,778.0,662.0,1246.0,597.0,1395.0,790.0
40279,21:38.346,3,1656.0,614.0,1824.0,830.0,629.0,472.0,794.0,679.0,1259.0,602.0,1405.0,803.0
40295,21:38.862,3,1651.0,618.0,1820.0,830.0,623.0,470.0,787.0,679.0,1254.0,606.0,1401.0,805.0
40311,21:39.377,3,1652.0,623.0,1821.0,835.0,1252.0,611.0,1402.0,811.0,623.0,474.0,786.0,682.0
40327,21:39.893,3,1591.0,681.0,1756.0,886.0,561.0,559.0,726.0,771.0,1199.0,687.0,1347.0,879.0
40343,21:40.409,3,1635.0,670.0,1801.0,883.0,613.0,529.0,775.0,736.0,1240.0,674.0,1389.0,868.0
40359,21:40.925,3,1620.0,670.0,1789.0,880.0,607.0,533.0,771.0,746.0,1235.0,675.0,1384.0,870.0
40375,21:41.440,3,1614.0,670.0,1783.0,883.0,596.0,535.0,760.0,745.0,1231.0,675.0,1379.0,870.0
40391,21:41.956,3,1623.0,687.0,1791.0,894.0,596.0,537.0,762.0,750.0,1235.0,676.0,1382.0,873.0
40407,21:42.472,3,1633.0,694.0,1801.0,899.0,587.0,524.0,748.0,734.0,1262.0,664.0,1409.0,851.0
40423,21:42.987,3,1640.0,695.0,1807.0,900.0,587.0,525.0,748.0,732.0,1250.0,681.0,1397.0,875.0
40439,21:43.503,3,1645.0,685.0,1812.0,893.0,594.0,524.0,756.0,730.0,1255.0,668.0,1404.0,864.0
40455,21:44.019,3,1648.0,687.0,1817.0,892.0,1253.0,667.0,1401.0,867.0,599.0,517.0,760.0,724.0
40471,21:44.535,3,1643.0,667.0,1812.0,878.0,596.0,505.0,756.0,714.0,1255.0,654.0,1403.0,854.0
40487,21:45.050,3,1640.0,654.0,1808.0,861.0,590.0,486.0,753.0,694.0,1252.0,636.0,1400.0,835.0
40503,21:45.566,3,1646.0,657.0,1816.0,868.0,600.0,493.0,759.0,700.0,1257.0,640.0,1406.0,840.0
40519,21:46.082,3,1654.0,657.0,1822.0,865.0,606.0,492.0,766.0,698.0,1261.0,644.0,1410.0,848.0
40535,21:46.598,3,1658.0,664.0,1826.0,875.0,611.0,503.0,773.0,708.0,1261.0,654.0,1409.0,852.0
40551,21:47.113,3,1651.0,663.0,1820.0,872.0,605.0,515.0,766.0,718.0,1257.0,669.0,1406.0,866.0
40567,21:47.629,3,1647.0,668.0,1817.0,880.0,602.0,518.0,761.0,721.0,1254.0,661.0,1400.0,854.0
40583,21:48.145,3,1657.0,662.0,1824.0,873.0,610.0,505.0,770.0,715.0,1261.0,666.0,1412.0,862.0
40599,21:48.661,3,1652.0,832.0,1824.0,1039.0,605.0,751.0,764.0,955.0,1262.0,846.0,1410.0,1042.0
40615,21:49.176,3,1535.0,727.0,1698.0,932.0,460.0,631.0,630.0,850.0,1148.0,747.0,1296.0,953.0
40631,21:49.692,3,509.0,595.0,678.0,805.0,1590.0,675.0,1755.0,881.0,1186.0,699.0,1334.0,895.0
40647,21:50.208,3,1727.0,784.0,1904.0,990.0,1325.0,835.0,1475.0,1033.0,680.0,795.0,835.0,992.0
40663,21:50.724,3,1609.0,890.0,1776.0,1094.0,570.0,848.0,731.0,1051.0,1228.0,925.0,1374.0,1123.0
40679,21:51.239,3,1641.0,804.0,1806.0,1009.0,602.0,747.0,760.0,946.0,1255.0,836.0,1404.0,1028.0
40695,21:51.755,3,1599.0,811.0,1761.0,1012.0,563.0,707.0,724.0,915.0,1218.0,828.0,1365.0,1034.0
40711,21:52.271,3,1730.0,779.0,1901.0,987.0,1345.0,828.0,1493.0,1024.0,707.0,711.0,862.0,909.0
40727,21:52.787,3,1621.0,806.0,1784.0,1007.0,1268.0,858.0,1416.0,1059.0,623.0,747.0,780.0,948.0
40743,21:53.302,3,1269.0,890.0,1419.0,1095.0,1622.0,837.0,1785.0,1037.0,629.0,765.0,788.0,969.0
40759,21:53.818,3,1651.0,758.0,1812.0,958.0,654.0,683.0,809.0,885.0,1292.0,803.0,1438.0,1000.0
40775,21:54.334,3,561.0,641.0,720.0,852.0,1577.0,748.0,1734.0,942.0,1228.0,788.0,1373.0,982.0
40791,21:54.850,3,506.0,700.0,662.0,898.0,1562.0,761.0,1719.0,949.0,1210.0,807.0,1355.0,1000.0
40807,21:55.365,3,349.0,730.0,518.0,938.0,1083.0,845.0,1230.0,1037.0,1428.0,811.0,1579.0,995.0
40823,21:55.881,3,1676.0,734.0,1841.0,932.0,1320.0,801.0,1471.0,994.0,687.0,765.0,844.0,962.0
40839,21:56.397,3,1610.0,628.0,1776.0,829.0,671.0,850.0,826.0,1051.0,1281.0,754.0,1429.0,948.0
40855,21:56.912,3,675.0,786.0,834.0,989.0,1628.0,666.0,1792.0,853.0,1284.0,755.0,1429.0,950.0
40871,21:57.428,3,1593.0,668.0,1759.0,861.0,643.0,781.0,804.0,984.0,1257.0,757.0,1403.0,953.0
40887,21:57.944,3,1665.0,866.0,1835.0,1071.0,681.0,871.0,843.0,1078.0,1306.0,918.0,1455.0,1114.0
40903,21:58.460,3,1770.0,846.0,1952.0,1067.0,776.0,799.0,935.0,1004.0,1398.0,880.0,1550.0,1085.0
40919,21:58.975,3,1709.0,863.0,1880.0,1070.0,713.0,794.0,874.0,1009.0,1341.0,886.0,1492.0,1093.0
40935,21:59.491,3,1725.0,867.0,1899.0,1071.0,1357.0,888.0,1510.0,1090.0,728.0,803.0,888.0,1013.0
40951,22:00.007,3,1708.0,851.0,1881.0,1063.0,713.0,780.0,874.0,994.0,1337.0,881.0,1489.0,1085.0
40967,22:00.523,3,1359.0,880.0,1512.0,1085.0,1730.0,854.0,1906.0,1060.0,737.0,767.0,897.0,977.0
40983,22:01.038,3,1745.0,845.0,1920.0,1052.0,1374.0,868.0,1526.0,1073.0,752.0,748.0,910.0,955.0
40999,22:01.554,3,1754.0,873.0,1931.0,1082.0,1378.0,894.0,1530.0,1102.0,764.0,775.0,920.0,976.0
41015,22:02.070,3,1758.0,862.0,1935.0,1074.0,1388.0,881.0,1541.0,1089.0,773.0,769.0,926.0,972.0
41031,22:02.586,3,1764.0,886.0,1941.0,1096.0,1391.0,902.0,1544.0,1106.0,784.0,774.0,936.0,981.0
41047,22:03.101,3,1683.0,956.0,1854.0,1167.0,1324.0,973.0,1475.0,1197.0,699.0,874.0,858.0,1081.0
41063,22:03.617,3,1753.0,939.0,1932.0,1153.0,1382.0,949.0,1534.0,1154.0,772.0,845.0,926.0,1049.0
41079,22:04.133,3,1661.0,919.0,1832.0,1129.0,1300.0,945.0,1451.0,1151.0,683.0,867.0,843.0,1075.0
41095,22:04.649,3,1622.0,875.0,1789.0,1080.0,646.0,854.0,806.0,1067.0,1261.0,909.0,1410.0,1112.0
41111,22:05.164,3,1689.0,805.0,1862.0,1011.0,705.0,730.0,861.0,938.0,1319.0,817.0,1469.0,1016.0
41127,22:05.680,3,1677.0,820.0,1850.0,1030.0,689.0,751.0,850.0,960.0,1310.0,838.0,1461.0,1033.0
41143,22:06.196,3,1676.0,827.0,1848.0,1034.0,694.0,745.0,855.0,958.0,1318.0,842.0,1468.0,1042.0
41159,22:06.712,3,1706.0,838.0,1880.0,1047.0,1340.0,843.0,1491.0,1048.0,724.0,751.0,883.0,960.0
41175,22:07.227,3,1705.0,849.0,1880.0,1054.0,724.0,762.0,881.0,981.0,1334.0,854.0,1484.0,1057.0
41191,22:07.743,3,1712.0,875.0,1888.0,1081.0,732.0,777.0,889.0,998.0,1343.0,872.0,1495.0,1079.0
41207,22:08.259,3,1706.0,837.0,1880.0,1045.0,1337.0,843.0,1487.0,1043.0,723.0,753.0,881.0,970.0
41223,22:08.775,3,1700.0,836.0,1876.0,1040.0,718.0,742.0,876.0,955.0,1331.0,838.0,1483.0,1035.0
41239,22:09.290,3,1697.0,835.0,1872.0,1042.0,718.0,734.0,876.0,946.0,1331.0,837.0,1483.0,1033.0
41255,22:09.806,3,1710.0,860.0,1883.0,1070.0,1339.0,861.0,1490.0,1074.0,726.0,758.0,884.0,969.0
41271,22:10.322,3,1691.0,936.0,1865.0,1141.0,1323.0,935.0,1475.0,1136.0,705.0,819.0,864.0,1031.0
41287,22:10.838,3,1677.0,1057.0,1853.0,1279.0,1302.0,1057.0,1455.0,1265.0,679.0,930.0,844.0,1152.0
41303,22:11.353,3,1698.0,1048.0,1875.0,1264.0,1319.0,1044.0,1471.0,1261.0,701.0,919.0,862.0,1138.0
41319,22:11.869,3,1692.0,1022.0,1868.0,1243.0,695.0,903.0,860.0,1125.0,1316.0,1026.0,1467.0,1241.0
41335,22:12.385,3,1692.0,1023.0,1868.0,1243.0,695.0,905.0,859.0,1126.0,1313.0,1024.0,1465.0,1233.0
41351,22:12.900,3,1690.0,1028.0,1867.0,1249.0,1312.0,1030.0,1463.0,1244.0,693.0,913.0,856.0,1132.0
41367,22:13.416,3,1693.0,1032.0,1869.0,1255.0,1313.0,1032.0,1464.0,1245.0,694.0,911.0,857.0,1132.0
41383,22:13.932,3,1328.0,1017.0,1483.0,1232.0,1711.0,1013.0,1891.0,1236.0,718.0,901.0,878.0,1127.0
41399,22:14.448,3,1708.0,1011.0,1886.0,1230.0,692.0,892.0,852.0,1118.0,1326.0,1006.0,1481.0,1213.0
41415,22:14.963,3,1709.0,992.0,1884.0,1206.0,1331.0,989.0,1485.0,1208.0,699.0,905.0,857.0,1129.0
41431,22:15.479,3,1725.0,968.0,1902.0,1187.0,1340.0,965.0,1491.0,1167.0,717.0,898.0,872.0,1108.0
41447,22:15.995,3,1804.0,963.0,1987.0,1193.0,1410.0,962.0,1563.0,1162.0,793.0,898.0,947.0,1113.0
41463,22:16.511,3,1788.0,957.0,1972.0,1186.0,1394.0,957.0,1548.0,1157.0,791.0,912.0,946.0,1127.0
41479,22:17.026,3,1763.0,959.0,1943.0,1183.0,1374.0,957.0,1526.0,1162.0,786.0,930.0,932.0,1138.0
41495,22:17.542,3,1751.0,953.0,1931.0,1170.0,1368.0,948.0,1519.0,1152.0,765.0,915.0,921.0,1124.0
41511,22:18.058,3,1751.0,951.0,1932.0,1169.0,1366.0,944.0,1518.0,1144.0,768.0,905.0,923.0,1115.0
41527,22:18.574,3,1751.0,951.0,1932.0,1170.0,1368.0,946.0,1520.0,1150.0,774.0,878.0,933.0,1093.0
41543,22:19.089,3,1746.0,952.0,1925.0,1170.0,1361.0,946.0,1515.0,1153.0,766.0,881.0,930.0,1097.0
41559,22:19.605,3,1746.0,956.0,1925.0,1172.0,1362.0,950.0,1515.0,1173.0,767.0,882.0,931.0,1097.0
41575,22:20.121,3,1748.0,956.0,1927.0,1173.0,1369.0,955.0,1522.0,1163.0,766.0,880.0,931.0,1097.0
41591,22:20.637,3,1751.0,954.0,1931.0,1174.0,1373.0,951.0,1524.0,1156.0,772.0,881.0,933.0,1095.0
41607,22:21.152,3,1749.0,955.0,1929.0,1174.0,1372.0,954.0,1524.0,1156.0,770.0,886.0,931.0,1098.0
41623,22:21.668,3,1747.0,955.0,1928.0,1174.0,1370.0,957.0,1523.0,1168.0,766.0,887.0,925.0,1098.0
41639,22:22.184,3,1749.0,954.0,1930.0,1172.0,1378.0,962.0,1527.0,1182.0,769.0,884.0,928.0,1098.0
41655,22:22.700,3,1749.0,958.0,1930.0,1178.0,1378.0,962.0,1528.0,1161.0,777.0,883.0,936.0,1102.0
41671,22:23.215,3,1751.0,944.0,1930.0,1163.0,1368.0,948.0,1519.0,1160.0,777.0,868.0,934.0,1085.0
41687,22:23.731,3,1729.0,961.0,1907.0,1182.0,1338.0,961.0,1488.0,1172.0,748.0,889.0,907.0,1108.0
41703,22:24.247,3,1728.0,905.0,1906.0,1116.0,1332.0,914.0,1483.0,1121.0,748.0,840.0,910.0,1060.0
41719,22:24.763,3,1726.0,895.0,1904.0,1111.0,1330.0,909.0,1482.0,1114.0,750.0,835.0,914.0,1059.0
41735,22:25.278,3,1740.0,897.0,1920.0,1110.0,1361.0,905.0,1512.0,1109.0,757.0,829.0,921.0,1052.0
41751,22:25.794,3,1741.0,902.0,1919.0,1114.0,1356.0,914.0,1507.0,1111.0,757.0,836.0,921.0,1059.0
41767,22:26.310,3,1748.0,916.0,1926.0,1132.0,1361.0,925.0,1514.0,1130.0,764.0,851.0,924.0,1066.0
41783,22:26.825,3,1727.0,910.0,1905.0,1127.0,1343.0,924.0,1495.0,1128.0,742.0,858.0,903.0,1071.0
41799,22:27.341,3,1728.0,913.0,1908.0,1130.0,1349.0,916.0,1498.0,1122.0,746.0,860.0,905.0,1073.0
41815,22:27.857,3,1722.0,904.0,1897.0,1121.0,1343.0,912.0,1492.0,1112.0,740.0,852.0,902.0,1069.0
41831,22:28.373,3,1724.0,903.0,1900.0,1121.0,1345.0,915.0,1495.0,1110.0,741.0,849.0,905.0,1069.0
41847,22:28.888,3,1725.0,905.0,1901.0,1124.0,1346.0,918.0,1495.0,1115.0,743.0,847.0,908.0,1069.0
41863,22:29.404,3,1728.0,917.0,1908.0,1138.0,1346.0,920.0,1495.0,1121.0,742.0,858.0,906.0,1075.0
41879,22:29.920,3,1744.0,957.0,1924.0,1181.0,1353.0,963.0,1503.0,1171.0,735.0,881.0,899.0,1108.0
41895,22:30.436,3,1749.0,947.0,1927.0,1164.0,1356.0,946.0,1508.0,1151.0,729.0,849.0,886.0,1068.0
41911,22:30.951,3,1746.0,869.0,1923.0,1078.0,1367.0,872.0,1521.0,1073.0,746.0,760.0,904.0,962.0
41927,22:31.467,3,1755.0,870.0,1933.0,1080.0,759.0,764.0,914.0,967.0,1374.0,878.0,1525.0,1076.0
41943,22:31.983,3,1728.0,880.0,1903.0,1083.0,733.0,777.0,890.0,984.0,1348.0,882.0,1500.0,1084.0
41959,22:32.499,3,1730.0,877.0,1906.0,1083.0,735.0,778.0,894.0,981.0,1345.0,879.0,1499.0,1079.0
41975,22:33.014,3,1736.0,877.0,1913.0,1087.0,1333.0,880.0,1487.0,1080.0,742.0,779.0,899.0,982.0
41991,22:33.530,3,1747.0,876.0,1925.0,1082.0,1339.0,874.0,1494.0,1071.0,750.0,777.0,906.0,977.0
42007,22:34.046,3,1752.0,875.0,1928.0,1084.0,1340.0,874.0,1494.0,1078.0,751.0,777.0,908.0,979.0
42023,22:34.562,3,1757.0,881.0,1935.0,1092.0,1348.0,873.0,1500.0,1080.0,757.0,775.0,912.0,974.0
42039,22:35.077,3,1757.0,878.0,1933.0,1089.0,762.0,775.0,917.0,975.0,1347.0,873.0,1499.0,1076.0
42055,22:35.593,3,1754.0,891.0,1931.0,1102.0,754.0,780.0,914.0,986.0,1342.0,883.0,1495.0,1083.0
42071,22:36.109,3,1762.0,887.0,1939.0,1096.0,763.0,775.0,921.0,977.0,1349.0,878.0,1501.0,1077.0
42087,22:36.625,3,1762.0,891.0,1939.0,1099.0,764.0,774.0,923.0,978.0,1350.0,883.0,1501.0,1084.0
42103,22:37.140,3,1762.0,890.0,1939.0,1098.0,764.0,776.0,922.0,984.0,1349.0,882.0,1502.0,1083.0
42119,22:37.656,3,1761.0,893.0,1939.0,1104.0,1349.0,884.0,1501.0,1088.0,764.0,775.0,922.0,981.0
42135,22:38.172,3,1760.0,892.0,1938.0,1104.0,765.0,777.0,923.0,989.0,1349.0,883.0,1501.0,1085.0
42151,22:38.688,3,1768.0,904.0,1947.0,1121.0,1355.0,901.0,1507.0,1107.0,768.0,788.0,925.0,992.0
42167,22:39.203,3,1766.0,910.0,1944.0,1128.0,765.0,787.0,924.0,992.0,1352.0,906.0,1504.0,1107.0
42183,22:39.719,3,1760.0,899.0,1939.0,1113.0,760.0,784.0,919.0,990.0,1346.0,895.0,1498.0,1096.0
42199,22:40.235,3,1775.0,899.0,1952.0,1110.0,760.0,785.0,918.0,992.0,1354.0,901.0,1506.0,1099.0
42215,22:40.750,3,1784.0,899.0,1963.0,1110.0,759.0,783.0,918.0,992.0,1356.0,892.0,1508.0,1090.0
42231,22:41.266,3,1794.0,910.0,1971.0,1123.0,766.0,784.0,923.0,990.0,1357.0,902.0,1509.0,1105.0
42247,22:41.782,3,1793.0,913.0,1970.0,1124.0,761.0,789.0,918.0,993.0,1350.0,901.0,1501.0,1104.0
42263,22:42.298,3,1783.0,909.0,1961.0,1119.0,1345.0,899.0,1497.0,1100.0,750.0,787.0,906.0,993.0
42279,22:42.813,3,1771.0,899.0,1951.0,1110.0,1341.0,893.0,1494.0,1095.0,743.0,790.0,897.0,1003.0
42295,22:43.329,3,1762.0,898.0,1942.0,1109.0,752.0,809.0,913.0,1028.0,1339.0,890.0,1491.0,1093.0
42311,22:43.845,3,1758.0,893.0,1939.0,1103.0,1346.0,887.0,1497.0,1093.0,762.0,810.0,920.0,1028.0
42327,22:44.361,3,1755.0,894.0,1936.0,1109.0,1355.0,888.0,1507.0,1090.0,782.0,825.0,940.0,1035.0
42343,22:44.876,3,1755.0,889.0,1937.0,1104.0,1353.0,874.0,1507.0,1078.0,782.0,819.0,938.0,1031.0
42359,22:45.392,3,1752.0,889.0,1930.0,1100.0,773.0,800.0,931.0,1021.0,1346.0,875.0,1499.0,1077.0
42375,22:45.908,3,1751.0,884.0,1929.0,1099.0,762.0,794.0,922.0,1013.0,1346.0,879.0,1501.0,1082.0
42391,22:46.424,3,1758.0,892.0,1938.0,1105.0,765.0,791.0,924.0,1012.0,1357.0,881.0,1511.0,1082.0
42407,22:46.939,3,1755.0,885.0,1934.0,1100.0,765.0,791.0,923.0,1020.0,1365.0,877.0,1518.0,1077.0
42423,22:47.455,3,1749.0,883.0,1927.0,1095.0,753.0,788.0,914.0,1006.0,1355.0,870.0,1508.0,1073.0
42439,22:47.971,3,1748.0,882.0,1926.0,1093.0,753.0,784.0,916.0,1004.0,1357.0,871.0,1509.0,1071.0
42455,22:48.487,3,1753.0,877.0,1931.0,1093.0,763.0,786.0,922.0,1001.0,1368.0,872.0,1520.0,1072.0
42471,22:49.002,3,1762.0,883.0,1941.0,1095.0,768.0,783.0,925.0,998.0,1371.0,872.0,1523.0,1073.0
42487,22:49.518,3,1762.0,885.0,1942.0,1096.0,767.0,785.0,923.0,998.0,1374.0,875.0,1524.0,1073.0
42503,22:50.034,3,1753.0,870.0,1931.0,1081.0,757.0,776.0,915.0,984.0,1368.0,864.0,1520.0,1062.0
42519,22:50.550,3,1757.0,869.0,1937.0,1079.0,753.0,770.0,912.0,988.0,1368.0,859.0,1521.0,1056.0
42535,22:51.065,3,1759.0,860.0,1939.0,1074.0,1368.0,854.0,1521.0,1050.0,748.0,774.0,906.0,985.0
42551,22:51.581,3,1779.0,850.0,1961.0,1076.0,1386.0,840.0,1537.0,1039.0,783.0,721.0,940.0,937.0
42567,22:52.097,3,1778.0,835.0,1962.0,1055.0,763.0,704.0,925.0,913.0,1390.0,828.0,1543.0,1030.0
42583,22:52.613,3,671.0,649.0,837.0,873.0,1782.0,839.0,1964.0,1058.0,1385.0,826.0,1537.0,1027.0
42599,22:53.128,3,651.0,635.0,814.0,854.0,1773.0,833.0,1956.0,1052.0,1379.0,825.0,1529.0,1023.0
42615,22:53.644,3,1775.0,833.0,1960.0,1054.0,799.0,684.0,963.0,900.0,1378.0,826.0,1528.0,1023.0
42631,22:54.160,3,1779.0,833.0,1963.0,1055.0,837.0,683.0,998.0,904.0,1385.0,826.0,1533.0,1021.0
42647,22:54.675,3,1780.0,834.0,1964.0,1055.0,838.0,688.0,1000.0,902.0,1385.0,826.0,1535.0,1021.0
42663,22:55.191,3,1772.0,733.0,1954.0,948.0,828.0,594.0,991.0,807.0,1381.0,719.0,1531.0,911.0
42679,22:55.707,3,1528.0,422.0,1694.0,630.0,538.0,271.0,726.0,512.0,1146.0,407.0,1296.0,611.0
42695,22:56.223,3,1562.0,404.0,1731.0,617.0,579.0,264.0,760.0,504.0,1183.0,397.0,1336.0,603.0
42711,22:56.738,3,576.0,257.0,760.0,498.0,1562.0,395.0,1730.0,608.0,1177.0,392.0,1330.0,594.0
42727,22:57.254,3,581.0,256.0,765.0,497.0,1565.0,396.0,1733.0,608.0,1185.0,398.0,1339.0,606.0
42743,22:57.770,3,1578.0,411.0,1746.0,620.0,597.0,277.0,778.0,511.0,1202.0,410.0,1353.0,612.0
42759,22:58.286,3,613.0,445.0,789.0,671.0,1573.0,576.0,1738.0,779.0,1205.0,575.0,1355.0,773.0
42775,22:58.801,3,1597.0,683.0,1764.0,888.0,647.0,568.0,818.0,786.0,1218.0,683.0,1365.0,890.0
42791,22:59.317,3,653.0,586.0,820.0,814.0,1599.0,696.0,1766.0,896.0,1217.0,705.0,1367.0,900.0
42807,22:59.833,3,1618.0,709.0,1788.0,913.0,668.0,603.0,831.0,817.0,1237.0,727.0,1387.0,921.0
42823,23:00.349,3,689.0,595.0,858.0,822.0,1641.0,708.0,1812.0,914.0,1248.0,724.0,1399.0,921.0
42839,23:00.864,3,1657.0,708.0,1829.0,915.0,707.0,595.0,873.0,812.0,1262.0,724.0,1411.0,918.0
42855,23:01.380,3,1672.0,694.0,1844.0,902.0,719.0,579.0,884.0,806.0,1280.0,702.0,1432.0,895.0
42871,23:01.896,3,736.0,647.0,902.0,865.0,1688.0,766.0,1862.0,976.0,1290.0,768.0,1440.0,972.0
42887,23:02.412,3,1722.0,776.0,1899.0,989.0,776.0,657.0,939.0,872.0,1321.0,777.0,1473.0,981.0
42903,23:02.927,3,1722.0,787.0,1898.0,1000.0,772.0,687.0,934.0,900.0,1315.0,791.0,1466.0,991.0
42919,23:03.443,3,1728.0,813.0,1906.0,1022.0,767.0,704.0,928.0,913.0,1319.0,803.0,1467.0,1007.0
42935,23:03.959,3,1713.0,894.0,1890.0,1108.0,757.0,775.0,919.0,991.0,1315.0,887.0,1464.0,1093.0
42951,23:04.475,3,1704.0,887.0,1882.0,1100.0,749.0,766.0,912.0,981.0,1304.0,881.0,1455.0,1080.0
42967,23:04.990,3,1698.0,868.0,1873.0,1079.0,742.0,749.0,905.0,963.0,1295.0,864.0,1449.0,1066.0
42983,23:05.506,3,1696.0,873.0,1870.0,1085.0,740.0,755.0,901.0,969.0,1296.0,870.0,1449.0,1072.0
42999,23:06.022,3,1698.0,861.0,1871.0,1074.0,743.0,728.0,904.0,941.0,1297.0,856.0,1447.0,1053.0
43015,23:06.538,3,1733.0,789.0,1909.0,997.0,774.0,665.0,933.0,878.0,1330.0,782.0,1481.0,980.0
43031,23:07.053,3,1732.0,796.0,1910.0,1007.0,778.0,674.0,937.0,886.0,1333.0,788.0,1482.0,985.0
43047,23:07.569,3,1726.0,806.0,1903.0,1017.0,768.0,685.0,930.0,899.0,1321.0,795.0,1473.0,993.0
43063,23:08.085,3,1723.0,814.0,1899.0,1022.0,763.0,694.0,925.0,906.0,1315.0,805.0,1465.0,1001.0
43079,23:08.600,3,1734.0,816.0,1910.0,1022.0,772.0,690.0,934.0,903.0,1323.0,803.0,1475.0,999.0
43095,23:09.116,3,1732.0,795.0,1910.0,1008.0,775.0,673.0,935.0,888.0,1324.0,789.0,1474.0,986.0
43111,23:09.632,3,1759.0,789.0,1939.0,998.0,801.0,660.0,958.0,873.0,1341.0,768.0,1492.0,971.0
43127,23:10.148,3,1740.0,784.0,1915.0,993.0,780.0,657.0,940.0,871.0,1336.0,764.0,1486.0,971.0
43143,23:10.663,3,1737.0,782.0,1912.0,990.0,774.0,657.0,934.0,870.0,1341.0,768.0,1491.0,965.0
43159,23:11.179,3,750.0,659.0,914.0,877.0,1719.0,776.0,1894.0,988.0,1329.0,767.0,1480.0,973.0
43175,23:11.695,3,1982.0,807.0,2161.0,1020.0,1097.0,735.0,1244.0,941.0,530.0,634.0,686.0,844.0
43191,23:12.211,3,384.0,650.0,552.0,870.0,1880.0,842.0,2046.0,1045.0,974.0,758.0,1123.0,958.0
43207,23:12.726,3,142.0,701.0,334.0,930.0,1684.0,910.0,1838.0,1112.0,805.0,830.0,959.0,1033.0
43223,23:13.242,3,178.0,684.0,363.0,911.0,1708.0,917.0,1861.0,1112.0,840.0,825.0,992.0,1027.0
43239,23:13.758,3,175.0,675.0,363.0,908.0,1705.0,909.0,1856.0,1107.0,839.0,819.0,991.0,1023.0
43255,23:14.274,3,163.0,691.0,352.0,926.0,1715.0,902.0,1870.0,1099.0,840.0,813.0,991.0,1018.0
43271,23:14.789,3,155.0,708.0,348.0,937.0,1740.0,891.0,1895.0,1094.0,835.0,806.0,988.0,1006.0
43287,23:15.305,3,107.0,693.0,307.0,933.0,1723.0,890.0,1878.0,1092.0,832.0,812.0,985.0,1009.0
43303,23:15.821,3,133.0,673.0,322.0,909.0,1721.0,887.0,1876.0,1087.0,835.0,812.0,987.0,1007.0
43319,23:16.337,3,224.0,647.0,407.0,873.0,1717.0,883.0,1872.0,1084.0,832.0,811.0,985.0,1007.0
43335,23:16.852,3,220.0,635.0,401.0,861.0,819.0,803.0,972.0,998.0,1701.0,874.0,1854.0,1071.0
43351,23:17.368,3,223.0,635.0,402.0,860.0,816.0,799.0,969.0,995.0,1710.0,872.0,1864.0,1070.0
43367,23:17.884,3,223.0,621.0,403.0,844.0,822.0,785.0,974.0,983.0,1712.0,864.0,1867.0,1063.0
43383,23:18.400,3,206.0,613.0,390.0,842.0,813.0,779.0,965.0,978.0,1703.0,857.0,1855.0,1052.0
43399,23:18.915,3,205.0,624.0,386.0,850.0,815.0,790.0,967.0,991.0,1703.0,869.0,1853.0,1065.0
43415,23:19.431,3,216.0,619.0,399.0,843.0,826.0,789.0,978.0,990.0,1709.0,868.0,1860.0,1066.0
43431,23:19.947,3,207.0,627.0,388.0,850.0,820.0,791.0,973.0,992.0,1702.0,867.0,1854.0,1066.0
43447,23:20.463,3,213.0,639.0,393.0,860.0,824.0,793.0,975.0,991.0,1708.0,874.0,1859.0,1069.0
43463,23:20.978,3,208.0,641.0,389.0,864.0,817.0,790.0,969.0,991.0,1709.0,872.0,1862.0,1069.0
43479,23:21.494,3,210.0,640.0,391.0,861.0,821.0,785.0,973.0,988.0,1711.0,869.0,1865.0,1068.0
43495,23:22.010,3,838.0,793.0,991.0,1001.0,228.0,645.0,407.0,874.0,1731.0,871.0,1883.0,1072.0
43511,23:22.526,3,239.0,643.0,418.0,870.0,1746.0,869.0,1903.0,1070.0,853.0,792.0,1003.0,996.0
43527,23:23.041,3,233.0,658.0,414.0,885.0,844.0,803.0,997.0,1006.0,1737.0,876.0,1889.0,1079.0
43543,23:23.557,3,236.0,662.0,417.0,891.0,846.0,811.0,998.0,1012.0,1736.0,882.0,1888.0,1081.0
43559,23:24.073,3,231.0,661.0,413.0,891.0,845.0,813.0,997.0,1015.0,1733.0,882.0,1885.0,1082.0
43575,23:24.588,3,234.0,660.0,416.0,889.0,846.0,814.0,999.0,1014.0,1732.0,885.0,1885.0,1085.0
43591,23:25.104,3,246.0,657.0,423.0,882.0,856.0,810.0,1007.0,1008.0,1736.0,876.0,1889.0,1080.0
43607,23:25.620,3,252.0,655.0,430.0,880.0,858.0,803.0,1008.0,1004.0,1743.0,878.0,1896.0,1080.0
43623,23:26.136,3,247.0,651.0,423.0,879.0,847.0,795.0,998.0,998.0,1735.0,875.0,1888.0,1078.0
43639,23:26.651,3,245.0,651.0,423.0,881.0,846.0,790.0,997.0,997.0,1733.0,877.0,1886.0,1079.0
43655,23:27.167,3,250.0,657.0,427.0,883.0,851.0,801.0,1003.0,1000.0,1741.0,885.0,1896.0,1086.0
43671,23:27.683,3,232.0,661.0,411.0,886.0,836.0,797.0,988.0,995.0,1732.0,878.0,1884.0,1079.0
43687,23:28.199,3,238.0,661.0,417.0,888.0,836.0,802.0,990.0,1006.0,1737.0,884.0,1891.0,1086.0
43703,23:28.714,3,238.0,659.0,416.0,886.0,836.0,800.0,990.0,1003.0,1736.0,884.0,1890.0,1086.0
43719,23:29.230,3,244.0,653.0,422.0,883.0,837.0,799.0,991.0,1002.0,1739.0,883.0,1894.0,1087.0
43735,23:29.746,3,251.0,648.0,428.0,876.0,845.0,797.0,997.0,998.0,1745.0,880.0,1901.0,1082.0
43751,23:30.262,3,253.0,653.0,432.0,878.0,849.0,801.0,1001.0,1002.0,1748.0,887.0,1904.0,1086.0
43767,23:30.777,3,245.0,660.0,422.0,891.0,846.0,804.0,999.0,1006.0,1743.0,887.0,1897.0,1090.0
43783,23:31.293,3,240.0,647.0,419.0,877.0,849.0,796.0,1000.0,998.0,1750.0,882.0,1905.0,1084.0
43799,23:31.809,3,248.0,646.0,424.0,871.0,853.0,792.0,1003.0,995.0,1754.0,876.0,1909.0,1080.0
43815,23:32.325,3,253.0,648.0,427.0,872.0,859.0,797.0,1009.0,998.0,1756.0,879.0,1911.0,1082.0
43831,23:32.840,3,257.0,647.0,431.0,869.0,860.0,794.0,1009.0,996.0,1757.0,879.0,1912.0,1082.0
43847,23:33.356,3,254.0,647.0,427.0,870.0,856.0,794.0,1006.0,995.0,1753.0,875.0,1908.0,1081.0
43863,23:33.872,3,256.0,648.0,429.0,871.0,861.0,795.0,1010.0,996.0,1753.0,879.0,1909.0,1082.0
43879,23:34.388,3,260.0,648.0,439.0,867.0,867.0,797.0,1017.0,999.0,1759.0,883.0,1913.0,1085.0
43895,23:34.903,3,260.0,648.0,439.0,869.0,868.0,796.0,1017.0,998.0,1758.0,887.0,1913.0,1088.0
43911,23:35.419,3,264.0,647.0,443.0,868.0,870.0,793.0,1019.0,993.0,1761.0,883.0,1914.0,1084.0
43927,23:35.935,3,258.0,648.0,435.0,869.0,866.0,794.0,1015.0,995.0,1755.0,882.0,1910.0,1083.0
43943,23:36.451,3,260.0,645.0,440.0,867.0,868.0,796.0,1018.0,997.0,1756.0,883.0,1911.0,1084.0
43959,23:36.966,3,270.0,647.0,448.0,868.0,1763.0,887.0,1920.0,1090.0,872.0,795.0,1022.0,997.0
43975,23:37.482,3,273.0,648.0,449.0,870.0,1766.0,891.0,1924.0,1094.0,874.0,795.0,1025.0,997.0
43991,23:37.998,3,271.0,647.0,448.0,867.0,1764.0,892.0,1921.0,1094.0,874.0,787.0,1024.0,989.0
44007,23:38.513,3,274.0,643.0,451.0,865.0,1766.0,890.0,1924.0,1093.0,878.0,781.0,1026.0,977.0
44023,23:39.029,3,279.0,640.0,456.0,869.0,1770.0,892.0,1929.0,1095.0,882.0,781.0,1032.0,979.0
44039,23:39.545,3,287.0,639.0,460.0,867.0,1775.0,899.0,1934.0,1105.0,889.0,782.0,1040.0,982.0
44055,23:40.061,3,276.0,647.0,450.0,869.0,889.0,787.0,1041.0,989.0,1771.0,893.0,1928.0,1092.0
44071,23:40.576,3,280.0,636.0,453.0,867.0,1758.0,879.0,1916.0,1094.0,890.0,788.0,1042.0,986.0
44087,23:41.092,3,284.0,637.0,455.0,853.0,1760.0,875.0,1921.0,1080.0,896.0,793.0,1047.0,988.0
44103,23:41.608,3,305.0,639.0,478.0,864.0,913.0,795.0,1064.0,994.0,1791.0,880.0,1952.0,1082.0
44119,23:42.124,3,2042.0,912.0,2228.0,1130.0,547.0,733.0,695.0,938.0,1108.0,856.0,1256.0,1053.0
44135,23:42.639,3,2044.0,907.0,2230.0,1126.0,544.0,728.0,694.0,937.0,1109.0,853.0,1257.0,1048.0
44151,23:43.155,3,2045.0,909.0,2230.0,1128.0,545.0,726.0,695.0,934.0,1109.0,852.0,1258.0,1047.0
44167,23:43.671,3,2048.0,914.0,2235.0,1131.0,546.0,731.0,695.0,935.0,1110.0,854.0,1257.0,1051.0
44183,23:44.187,3,2052.0,912.0,2239.0,1130.0,549.0,732.0,696.0,943.0,1111.0,853.0,1259.0,1049.0
44199,23:44.702,3,2044.0,910.0,2230.0,1127.0,546.0,725.0,698.0,934.0,1106.0,850.0,1255.0,1045.0
44215,23:45.218,3,2046.0,912.0,2231.0,1126.0,546.0,726.0,697.0,936.0,1109.0,847.0,1256.0,1043.0
44231,23:45.734,3,2046.0,913.0,2230.0,1127.0,547.0,725.0,698.0,936.0,1110.0,848.0,1258.0,1043.0
44247,23:46.250,3,2041.0,908.0,2225.0,1126.0,535.0,748.0,689.0,960.0,1106.0,846.0,1254.0,1040.0
44263,23:46.765,3,2018.0,905.0,2202.0,1119.0,518.0,751.0,674.0,965.0,1086.0,848.0,1236.0,1042.0
44279,23:47.281,3,1921.0,909.0,2093.0,1124.0,455.0,704.0,616.0,918.0,1013.0,851.0,1163.0,1044.0
44295,23:47.797,3,1912.0,901.0,2083.0,1113.0,500.0,708.0,670.0,926.0,1006.0,843.0,1155.0,1036.0
44311,23:48.313,3,1920.0,899.0,2090.0,1109.0,595.0,657.0,759.0,870.0,1019.0,832.0,1168.0,1029.0
44327,23:48.828,3,1916.0,894.0,2086.0,1100.0,588.0,652.0,747.0,867.0,1008.0,824.0,1156.0,1026.0
44343,23:49.344,3,463.0,676.0,627.0,897.0,1895.0,883.0,2065.0,1093.0,989.0,826.0,1138.0,1023.0
44359,23:49.860,3,1894.0,885.0,2064.0,1095.0,423.0,704.0,582.0,911.0,983.0,826.0,1132.0,1023.0
44375,23:50.376,3,1894.0,885.0,2064.0,1095.0,409.0,714.0,569.0,924.0,983.0,829.0,1131.0,1024.0
44391,23:50.891,3,1893.0,880.0,2062.0,1092.0,407.0,720.0,568.0,931.0,981.0,829.0,1129.0,1023.0
44407,23:51.407,3,1884.0,884.0,2053.0,1097.0,409.0,727.0,574.0,947.0,970.0,831.0,1119.0,1026.0
44423,23:51.923,3,393.0,724.0,562.0,949.0,1885.0,877.0,2054.0,1091.0,970.0,825.0,1119.0,1022.0
44439,23:52.438,3,1862.0,851.0,2026.0,1050.0,352.0,701.0,523.0,922.0,945.0,796.0,1091.0,992.0
44455,23:52.954,3,637.0,592.0,798.0,801.0,1545.0,666.0,1686.0,858.0,-81.0,464.0,144.0,721.0
44471,23:53.470,3,639.0,541.0,799.0,750.0,1551.0,630.0,1693.0,821.0,-74.0,403.0,150.0,662.0
44487,23:53.986,3,692.0,546.0,850.0,749.0,-20.0,398.0,188.0,653.0,1575.0,638.0,1718.0,830.0
44503,23:54.501,3,0.0,434.0,214.0,685.0,740.0,577.0,902.0,781.0,1597.0,666.0,1739.0,855.0
44519,23:55.017,3,18.0,434.0,233.0,685.0,761.0,582.0,921.0,786.0,1605.0,677.0,1751.0,868.0
44535,23:55.533,3,124.0,497.0,322.0,731.0,1652.0,734.0,1800.0,921.0,830.0,629.0,987.0,828.0
44551,23:56.049,3,228.0,523.0,415.0,754.0,1718.0,776.0,1874.0,974.0,893.0,670.0,1048.0,865.0
44567,23:56.564,3,252.0,502.0,426.0,727.0,885.0,670.0,1038.0,869.0,1724.0,782.0,1880.0,977.0
44583,23:57.080,3,1767.0,793.0,1926.0,1001.0,323.0,551.0,485.0,750.0,926.0,689.0,1076.0,891.0
44599,23:57.596,3,1775.0,785.0,1934.0,990.0,341.0,551.0,503.0,757.0,929.0,692.0,1077.0,893.0
44615,23:58.112,3,1770.0,847.0,1932.0,1049.0,318.0,638.0,485.0,845.0,930.0,777.0,1080.0,974.0
44631,23:58.627,3,259.0,635.0,433.0,847.0,911.0,761.0,1065.0,961.0,1758.0,820.0,1916.0,1020.0
44647,23:59.143,3,216.0,598.0,396.0,814.0,873.0,731.0,1026.0,934.0,1730.0,804.0,1885.0,1003.0
44663,23:59.659,3,282.0,593.0,458.0,818.0,1822.0,760.0,1986.0,966.0,950.0,700.0,1102.0,899.0
44679,24:00.175,3,213.0,589.0,396.0,822.0,1772.0,748.0,1931.0,953.0,885.0,696.0,1038.0,894.0
44695,24:00.690,3,197.0,586.0,384.0,826.0,1756.0,742.0,1913.0,944.0,858.0,693.0,1012.0,892.0
44711,24:01.206,3,204.0,595.0,392.0,829.0,1746.0,740.0,1905.0,941.0,851.0,695.0,1004.0,894.0
44727,24:01.722,3,179.0,597.0,364.0,831.0,1732.0,730.0,1886.0,930.0,838.0,691.0,992.0,893.0
44743,24:02.238,3,148.0,584.0,341.0,816.0,837.0,672.0,990.0,872.0,1718.0,718.0,1875.0,913.0
44759,24:02.753,3,155.0,628.0,345.0,863.0,847.0,726.0,1000.0,926.0,1725.0,773.0,1882.0,973.0
44775,24:03.269,3,126.0,756.0,321.0,996.0,833.0,871.0,988.0,1075.0,1714.0,937.0,1871.0,1137.0
44791,24:03.785,3,162.0,755.0,350.0,987.0,844.0,858.0,1000.0,1063.0,1732.0,909.0,1891.0,1119.0
44807,24:04.301,3,134.0,728.0,324.0,963.0,1714.0,863.0,1872.0,1073.0,832.0,833.0,986.0,1038.0
44823,24:04.816,3,163.0,724.0,350.0,956.0,852.0,838.0,1007.0,1042.0,1739.0,879.0,1897.0,1085.0
44839,24:05.332,3,212.0,704.0,394.0,944.0,1774.0,855.0,1935.0,1062.0,891.0,813.0,1043.0,1009.0
44855,24:05.848,3,1770.0,842.0,1930.0,1040.0,195.0,693.0,380.0,926.0,891.0,792.0,1042.0,995.0
44871,24:06.363,3,367.0,681.0,545.0,907.0,1648.0,805.0,1809.0,1010.0,1051.0,784.0,1197.0,982.0
44887,24:06.879,3,489.0,692.0,666.0,914.0,1522.0,790.0,1683.0,987.0,1168.0,793.0,1313.0,987.0
44903,24:07.395,3,477.0,699.0,658.0,928.0,1515.0,805.0,1679.0,1005.0,1164.0,800.0,1309.0,996.0
44919,24:07.911,3,472.0,702.0,649.0,928.0,1512.0,820.0,1677.0,1020.0,1153.0,818.0,1302.0,1011.0
44935,24:08.426,3,1596.0,948.0,1772.0,1155.0,1243.0,942.0,1393.0,1146.0,565.0,912.0,731.0,1119.0
44951,24:08.942,3,1634.0,972.0,1812.0,1187.0,1283.0,971.0,1431.0,1181.0,606.0,970.0,768.0,1171.0
44967,24:09.458,3,1636.0,975.0,1810.0,1190.0,1282.0,981.0,1432.0,1187.0,606.0,976.0,766.0,1175.0
44983,24:09.974,2,1641.0,1060.0,1815.0,1277.0,1272.0,1060.0,1424.0,1267.0,,,,
44999,24:10.489,2,1683.0,1065.0,1862.0,1290.0,1315.0,1063.0,1464.0,1269.0,,,,
45015,24:11.005,1,1280.0,698.0,1429.0,883.0,,,,,,,,
45031,24:11.521,1,1173.0,611.0,1322.0,815.0,,,,,,,,
45047,24:12.037,2,1111.0,414.0,1264.0,624.0,1805.0,702.0,1846.0,756.0,,,,
45063,24:12.552,2,1026.0,422.0,1179.0,626.0,1702.0,712.0,1739.0,762.0,,,,
45079,24:13.068,0,,,,,,,,,,,,
45095,24:13.584,0,,,,,,,,,,,,
45111,24:14.100,0,,,,,,,,,,,,
45127,24:14.615,0,,,,,,,,,,,,
45143,24:15.131,0,,,,,,,,,,,,
45159,24:15.647,0,,,,,,,,,,,,
45175,24:16.163,0,,,,,,,,,,,,
45191,24:16.678,0,,,,,,,,,,,,
45207,24:17.194,0,,,,,,,,,,,,
45223,24:17.710,0,,,,,,,,,,,,
45239,24:18.226,0,,,,,,,,,,,,
45255,24:18.741,0,,,,,,,,,,,,
45271,24:19.257,0,,,,,,,,,,,,
45287,24:19.773,0,,,,,,,,,,,,
45303,24:20.289,0,,,,,,,,,,,,
45319,24:20.804,0,,,,,,,,,,,,
45335,24:21.320,0,,,,,,,,,,,,
45351,24:21.836,0,,,,,,,,,,,,
45367,24:22.351,0,,,,,,,,,,,,
45383,24:22.867,0,,,,,,,,,,,,
45399,24:23.383,0,,,,,,,,,,,,
45415,24:23.899,0,,,,,,,,,,,,
45431,24:24.414,0,,,,,,,,,,,,
45447,24:24.930,0,,,,,,,,,,,,
45463,24:25.446,0,,,,,,,,,,,,
45479,24:25.962,0,,,,,,,,,,,,
45495,24:26.477,0,,,,,,,,,,,,
45511,24:26.993,0,,,,,,,,,,,,
45527,24:27.509,0,,,,,,,,,,,,
45543,24:28.025,0,,,,,,,,,,,,
45559,24:28.540,0,,,,,,,,,,,,
45575,24:29.056,0,,,,,,,,,,,,
45591,24:29.572,0,,,,,,,,,,,,
45607,24:30.088,0,,,,,,,,,,,,
45623,24:30.603,0,,,,,,,,,,,,
45639,24:31.119,0,,,,,,,,,,,,
45655,24:31.635,0,,,,,,,,,,,,
45671,24:32.151,0,,,,,,,,,,,,
45687,24:32.666,0,,,,,,,,,,,,
45703,24:33.182,0,,,,,,,,,,,,
45719,24:33.698,0,,,,,,,,,,,,
45735,24:34.214,0,,,,,,,,,,,,
45751,24:34.729,0,,,,,,,,,,,,
45767,24:35.245,0,,,,,,,,,,,,
45783,24:35.761,0,,,,,,,,,,,,
45799,24:36.276,0,,,,,,,,,,,,
45815,24:36.792,0,,,,,,,,,,,,
45831,24:37.308,0,,,,,,,,,,,,
45847,24:37.824,0,,,,,,,,,,,,
45863,24:38.339,0,,,,,,,,,,,,
45879,24:38.855,0,,,,,,,,,,,,
45895,24:39.371,0,,,,,,,,,,,,
45911,24:39.887,0,,,,,,,,,,,,
45927,24:40.402,0,,,,,,,,,,,,
45943,24:40.918,0,,,,,,,,,,,,
45959,24:41.434,0,,,,,,,,,,,,
45975,24:41.950,0,,,,,,,,,,,,
45991,24:42.465,0,,,,,,,,,,,,
46007,24:42.981,0,,,,,,,,,,,,
46023,24:43.497,0,,,,,,,,,,,,
46039,24:44.013,0,,,,,,,,,,,,
46055,24:44.528,0,,,,,,,,,,,,
46071,24:45.044,0,,,,,,,,,,,,
46087,24:45.560,0,,,,,,,,,,,,
46103,24:46.076,0,,,,,,,,,,,,
46119,24:46.591,0,,,,,,,,,,,,
46135,24:47.107,0,,,,,,,,,,,,
46151,24:47.623,0,,,,,,,,,,,,
46167,24:48.139,0,,,,,,,,,,,,
46183,24:48.654,0,,,,,,,,,,,,
46199,24:49.170,0,,,,,,,,,,,,
46215,24:49.686,0,,,,,,,,,,,,
46231,24:50.201,0,,,,,,,,,,,,
46247,24:50.717,0,,,,,,,,,,,,
46263,24:51.233,0,,,,,,,,,,,,
46279,24:51.749,0,,,,,,,,,,,,
46295,24:52.264,0,,,,,,,,,,,,
46311,24:52.780,0,,,,,,,,,,,,
46327,24:53.296,0,,,,,,,,,,,,
46343,24:53.812,0,,,,,,,,,,,,
46359,24:54.327,0,,,,,,,,,,,,
46375,24:54.843,0,,,,,,,,,,,,
46391,24:55.359,0,,,,,,,,,,,,
46407,24:55.875,0,,,,,,,,,,,,
46423,24:56.390,0,,,,,,,,,,,,
46439,24:56.906,0,,,,,,,,,,,,
46455,24:57.422,0,,,,,,,,,,,,
46471,24:57.938,0,,,,,,,,,,,,
46487,24:58.453,0,,,,,,,,,,,,
46503,24:58.969,0,,,,,,,,,,,,
46519,24:59.485,0,,,,,,,,,,,,
46535,25:00.001,0,,,,,,,,,,,,
46551,25:00.516,0,,,,,,,,,,,,
46567,25:01.032,0,,,,,,,,,,,,
46583,25:01.548,0,,,,,,,,,,,,
46599,25:02.064,0,,,,,,,,,,,,
46615,25:02.579,0,,,,,,,,,,,,
46631,25:03.095,0,,,,,,,,,,,,
46647,25:03.611,0,,,,,,,,,,,,
46663,25:04.126,0,,,,,,,,,,,,
46679,25:04.642,0,,,,,,,,,,,,
46695,25:05.158,0,,,,,,,,,,,,
46711,25:05.674,0,,,,,,,,,,,,
46727,25:06.189,0,,,,,,,,,,,,
46743,25:06.705,0,,,,,,,,,,,,
46759,25:07.221,0,,,,,,,,,,,,
46775,25:07.737,0,,,,,,,,,,,,
46791,25:08.252,0,,,,,,,,,,,,
46807,25:08.768,0,,,,,,,,,,,,
46823,25:09.284,0,,,,,,,,,,,,
46839,25:09.800,0,,,,,,,,,,,,
46855,25:10.315,0,,,,,,,,,,,,
46871,25:10.831,0,,,,,,,,,,,,
46887,25:11.347,0,,,,,,,,,,,,
46903,25:11.863,0,,,,,,,,,,,,
46919,25:12.378,0,,,,,,,,,,,,
46935,25:12.894,0,,,,,,,,,,,,
46951,25:13.410,0,,,,,,,,,,,,
46967,25:13.926,0,,,,,,,,,,,,
46983,25:14.441,0,,,,,,,,,,,,
46999,25:14.957,0,,,,,,,,,,,,
47015,25:15.473,0,,,,,,,,,,,,
47031,25:15.989,0,,,,,,,,,,,,
47047,25:16.504,0,,,,,,,,,,,,
47063,25:17.020,0,,,,,,,,,,,,
47079,25:17.536,0,,,,,,,,,,,,
47095,25:18.051,0,,,,,,,,,,,,
47111,25:18.567,0,,,,,,,,,,,,
47127,25:19.083,0,,,,,,,,,,,,
47143,25:19.599,0,,,,,,,,,,,,
47159,25:20.114,0,,,,,,,,,,,,
47175,25:20.630,0,,,,,,,,,,,,
47191,25:21.146,0,,,,,,,,,,,,
47207,25:21.662,0,,,,,,,,,,,,
47223,25:22.177,0,,,,,,,,,,,,
47239,25:22.693,0,,,,,,,,,,,,
47255,25:23.209,0,,,,,,,,,,,,
47271,25:23.725,0,,,,,,,,,,,,
47287,25:24.240,0,,,,,,,,,,,,
47303,25:24.756,0,,,,,,,,,,,,
47319,25:25.272,0,,,,,,,,,,,,
47335,25:25.788,0,,,,,,,,,,,,
47351,25:26.303,0,,,,,,,,,,,,
47367,25:26.819,0,,,,,,,,,,,,
47383,25:27.335,0,,,,,,,,,,,,
47399,25:27.851,0,,,,,,,,,,,,
47415,25:28.366,0,,,,,,,,,,,,
47431,25:28.882,0,,,,,,,,,,,,
47447,25:29.398,0,,,,,,,,,,,,
47463,25:29.914,0,,,,,,,,,,,,
47479,25:30.429,0,,,,,,,,,,,,
47495,25:30.945,0,,,,,,,,,,,,
47511,25:31.461,0,,,,,,,,,,,,
47527,25:31.977,0,,,,,,,,,,,,
47543,25:32.492,0,,,,,,,,,,,,
47559,25:33.008,0,,,,,,,,,,,,
47575,25:33.524,0,,,,,,,,,,,,
47591,25:34.039,0,,,,,,,,,,,,
47607,25:34.555,0,,,,,,,,,,,,
47623,25:35.071,0,,,,,,,,,,,,
47639,25:35.587,0,,,,,,,,,,,,
47655,25:36.102,0,,,,,,,,,,,,
47671,25:36.618,0,,,,,,,,,,,,
47687,25:37.134,0,,,,,,,,,,,,
47703,25:37.650,0,,,,,,,,,,,,
47719,25:38.165,0,,,,,,,,,,,,
47735,25:38.681,0,,,,,,,,,,,,
47751,25:39.197,0,,,,,,,,,,,,
47767,25:39.713,0,,,,,,,,,,,,
47783,25:40.228,0,,,,,,,,,,,,
47799,25:40.744,0,,,,,,,,,,,,
47815,25:41.260,0,,,,,,,,,,,,
47831,25:41.776,0,,,,,,,,,,,,
47847,25:42.291,0,,,,,,,,,,,,
47863,25:42.807,0,,,,,,,,,,,,
47879,25:43.323,0,,,,,,,,,,,,
47895,25:43.839,0,,,,,,,,,,,,
47911,25:44.354,0,,,,,,,,,,,,
47927,25:44.870,0,,,,,,,,,,,,
47943,25:45.386,0,,,,,,,,,,,,
47959,25:45.902,0,,,,,,,,,,,,
47975,25:46.417,0,,,,,,,,,,,,
47991,25:46.933,0,,,,,,,,,,,,
48007,25:47.449,0,,,,,,,,,,,,
48023,25:47.964,0,,,,,,,,,,,,
48039,25:48.480,0,,,,,,,,,,,,
48055,25:48.996,0,,,,,,,,,,,,
48071,25:49.512,0,,,,,,,,,,,,
48087,25:50.027,0,,,,,,,,,,,,
48103,25:50.543,0,,,,,,,,,,,,
48119,25:51.059,0,,,,,,,,,,,,
48135,25:51.575,0,,,,,,,,,,,,
48151,25:52.090,0,,,,,,,,,,,,
48167,25:52.606,0,,,,,,,,,,,,
48183,25:53.122,0,,,,,,,,,,,,
48199,25:53.638,0,,,,,,,,,,,,
48215,25:54.153,0,,,,,,,,,,,,
48231,25:54.669,0,,,,,,,,,,,,
48247,25:55.185,0,,,,,,,,,,,,
48263,25:55.701,0,,,,,,,,,,,,
48279,25:56.216,0,,,,,,,,,,,,
48295,25:56.732,0,,,,,,,,,,,,
48311,25:57.248,0,,,,,,,,,,,,
48327,25:57.764,0,,,,,,,,,,,,
48343,25:58.279,0,,,,,,,,,,,,
48359,25:58.795,0,,,,,,,,,,,,
48375,25:59.311,0,,,,,,,,,,,,
48391,25:59.827,0,,,,,,,,,,,,
48407,26:00.342,0,,,,,,,,,,,,
48423,26:00.858,0,,,,,,,,,,,,
48439,26:01.374,0,,,,,,,,,,,,
48455,26:01.889,0,,,,,,,,,,,,
48471,26:02.405,0,,,,,,,,,,,,
48487,26:02.921,0,,,,,,,,,,,,
48503,26:03.437,0,,,,,,,,,,,,
48519,26:03.952,0,,,,,,,,,,,,
48535,26:04.468,0,,,,,,,,,,,,
48551,26:04.984,0,,,,,,,,,,,,
48567,26:05.500,0,,,,,,,,,,,,
48583,26:06.015,0,,,,,,,,,,,,
48599,26:06.531,0,,,,,,,,,,,,
48615,26:07.047,0,,,,,,,,,,,,
48631,26:07.563,0,,,,,,,,,,,,
48647,26:08.078,0,,,,,,,,,,,,
48663,26:08.594,0,,,,,,,,,,,,
48679,26:09.110,0,,,,,,,,,,,,
48695,26:09.626,0,,,,,,,,,,,,
48711,26:10.141,0,,,,,,,,,,,,
48727,26:10.657,0,,,,,,,,,,,,
48743,26:11.173,0,,,,,,,,,,,,
48759,26:11.689,0,,,,,,,,,,,,
48775,26:12.204,0,,,,,,,,,,,,
48791,26:12.720,0,,,,,,,,,,,,
48807,26:13.236,0,,,,,,,,,,,,
48823,26:13.752,0,,,,,,,,,,,,
48839,26:14.267,0,,,,,,,,,,,,
48855,26:14.783,0,,,,,,,,,,,,
48871,26:15.299,0,,,,,,,,,,,,
48887,26:15.814,0,,,,,,,,,,,,
48903,26:16.330,0,,,,,,,,,,,,
48919,26:16.846,0,,,,,,,,,,,,
48935,26:17.362,0,,,,,,,,,,,,
48951,26:17.877,0,,,,,,,,,,,,
48967,26:18.393,0,,,,,,,,,,,,
48983,26:18.909,0,,,,,,,,,,,,
48999,26:19.425,0,,,,,,,,,,,,
49015,26:19.940,0,,,,,,,,,,,,
49031,26:20.456,0,,,,,,,,,,,,
49047,26:20.972,0,,,,,,,,,,,,
49063,26:21.488,0,,,,,,,,,,,,
49079,26:22.003,0,,,,,,,,,,,,
49095,26:22.519,0,,,,,,,,,,,,
49111,26:23.035,0,,,,,,,,,,,,
49127,26:23.551,0,,,,,,,,,,,,
49143,26:24.066,0,,,,,,,,,,,,
49159,26:24.582,0,,,,,,,,,,,,
49175,26:25.098,0,,,,,,,,,,,,
