frame,time,faces_detected_count,face_0_tl_x,face_0_tl_y,face_0_br_x,face_0_br_y,face_1_tl_x,face_1_tl_y,face_1_br_x,face_1_br_y
12682,11:28.333,1,575.0,697.0,699.0,856.0,,,,
12683,13:53.933,1,577.0,700.0,700.0,858.0,,,,
12684,13:53.967,1,578.0,704.0,701.0,860.0,,,,
12685,13:54.000,1,579.0,707.0,702.0,862.0,,,,
12686,13:54.033,1,581.0,707.0,704.0,864.0,,,,
12687,13:54.067,1,581.0,708.0,705.0,866.0,,,,
12688,13:54.100,1,583.0,707.0,707.0,866.0,,,,
12689,13:54.133,1,588.0,703.0,710.0,861.0,,,,
12690,13:54.167,1,597.0,699.0,718.0,857.0,,,,
12691,13:54.200,1,607.0,694.0,730.0,851.0,,,,
12692,13:54.233,1,622.0,683.0,742.0,840.0,,,,
12693,13:54.267,1,636.0,669.0,756.0,826.0,,,,
12694,13:54.300,1,649.0,643.0,768.0,801.0,,,,
12695,13:54.333,1,664.0,620.0,784.0,774.0,,,,
12696,13:54.367,1,677.0,585.0,795.0,743.0,,,,
12697,13:54.400,1,690.0,545.0,808.0,702.0,,,,
12698,13:54.433,1,703.0,491.0,823.0,653.0,,,,
12699,13:54.467,1,720.0,441.0,838.0,608.0,,,,
12700,13:54.500,1,734.0,395.0,853.0,566.0,,,,
12701,13:54.533,1,748.0,366.0,867.0,534.0,,,,
12702,13:54.567,1,763.0,345.0,883.0,516.0,,,,
12703,13:54.600,1,776.0,337.0,896.0,508.0,,,,
12704,13:54.633,1,788.0,337.0,908.0,505.0,,,,
12705,13:54.667,1,798.0,341.0,916.0,510.0,,,,
12706,13:54.700,1,807.0,349.0,926.0,519.0,,,,
12707,13:54.733,1,816.0,357.0,934.0,520.0,,,,
12708,13:54.767,1,822.0,361.0,940.0,525.0,,,,
12709,13:54.800,1,829.0,365.0,947.0,531.0,,,,
12710,13:54.833,1,836.0,375.0,955.0,542.0,,,,
12711,13:54.867,1,846.0,397.0,964.0,557.0,,,,
12712,13:54.900,1,854.0,415.0,970.0,577.0,,,,
12713,13:54.933,1,864.0,441.0,979.0,601.0,,,,
12714,13:54.967,1,876.0,473.0,991.0,627.0,,,,
12715,13:55.000,1,887.0,499.0,999.0,651.0,,,,
12716,13:55.033,1,897.0,518.0,1009.0,671.0,,,,
12717,13:55.067,1,909.0,534.0,1021.0,689.0,,,,
12718,13:55.100,1,920.0,549.0,1031.0,699.0,,,,
12719,13:55.133,1,934.0,561.0,1041.0,712.0,,,,
12720,13:55.167,1,944.0,568.0,1055.0,716.0,,,,
12721,13:55.200,1,958.0,569.0,1066.0,717.0,,,,
12722,13:55.233,1,970.0,566.0,1080.0,717.0,,,,
12723,13:55.267,1,981.0,559.0,1091.0,712.0,,,,
12724,13:55.300,1,995.0,552.0,1102.0,702.0,,,,
12725,13:55.333,1,1007.0,534.0,1117.0,689.0,,,,
12726,13:55.367,1,1024.0,514.0,1130.0,670.0,,,,
12727,13:55.400,1,1039.0,484.0,1147.0,642.0,,,,
12728,13:55.433,1,1057.0,446.0,1169.0,611.0,,,,
12729,13:55.467,1,1080.0,413.0,1190.0,578.0,,,,
12730,13:55.500,1,1099.0,371.0,1212.0,535.0,,,,
12731,13:55.533,1,1121.0,336.0,1235.0,504.0,,,,
12732,13:55.567,1,1142.0,302.0,1254.0,472.0,,,,
12733,13:55.600,1,1159.0,273.0,1273.0,437.0,,,,
12734,13:55.633,1,1174.0,260.0,1290.0,426.0,,,,
12735,13:55.667,1,1182.0,258.0,1298.0,423.0,,,,
12736,13:55.700,1,1187.0,256.0,1303.0,426.0,,,,
12737,13:55.733,1,1189.0,259.0,1305.0,427.0,,,,
12738,13:55.767,1,1190.0,262.0,1306.0,431.0,,,,
12739,13:55.800,1,1188.0,271.0,1304.0,439.0,,,,
12740,13:55.833,1,1186.0,293.0,1302.0,454.0,,,,
12741,13:55.867,1,1185.0,312.0,1299.0,477.0,,,,
12742,13:55.900,1,1184.0,337.0,1299.0,499.0,,,,
12743,13:55.933,1,1183.0,363.0,1296.0,525.0,,,,
12744,13:55.967,1,1183.0,395.0,1295.0,553.0,,,,
12745,13:56.000,1,1184.0,428.0,1295.0,580.0,,,,
12746,13:56.033,2,1185.0,453.0,1294.0,606.0,-98.0,401.0,128.0,712.0
12747,13:56.067,2,1185.0,481.0,1295.0,629.0,-97.0,424.0,130.0,734.0
12748,13:56.100,2,1184.0,501.0,1294.0,653.0,-98.0,435.0,136.0,750.0
12749,13:56.133,2,1182.0,511.0,1291.0,665.0,-98.0,442.0,136.0,762.0
12750,13:56.167,2,1181.0,518.0,1289.0,670.0,-100.0,447.0,137.0,767.0
12751,13:56.200,2,1181.0,522.0,1288.0,673.0,-98.0,453.0,140.0,770.0
12752,13:56.233,2,1182.0,522.0,1290.0,674.0,-98.0,457.0,143.0,773.0
12753,13:56.267,2,1184.0,524.0,1291.0,668.0,-97.0,453.0,146.0,771.0
12754,13:56.300,2,1187.0,520.0,1294.0,667.0,-95.0,447.0,149.0,766.0
12755,13:56.333,2,1191.0,512.0,1298.0,661.0,-92.0,439.0,154.0,759.0
12756,13:56.367,2,1196.0,504.0,1303.0,653.0,-87.0,430.0,161.0,748.0
12757,13:56.400,2,1204.0,492.0,1311.0,640.0,-79.0,420.0,170.0,737.0
12758,13:56.433,2,1211.0,477.0,1320.0,625.0,-70.0,413.0,179.0,719.0
12759,13:56.468,2,1219.0,453.0,1327.0,607.0,-64.0,391.0,187.0,706.0
12760,13:56.502,2,1226.0,432.0,1335.0,585.0,-60.0,373.0,196.0,689.0
12761,13:56.535,2,1235.0,412.0,1344.0,563.0,-59.0,356.0,207.0,672.0
12762,13:56.568,2,1241.0,384.0,1353.0,540.0,-45.0,332.0,210.0,653.0
12763,13:56.602,2,1248.0,364.0,1358.0,517.0,-41.0,316.0,214.0,634.0
12764,13:56.635,2,1251.0,341.0,1364.0,498.0,-43.0,299.0,219.0,624.0
12765,13:56.668,2,1254.0,326.0,1366.0,484.0,-43.0,295.0,218.0,618.0
12766,13:56.702,2,1250.0,314.0,1364.0,474.0,-52.0,293.0,213.0,617.0
12767,13:56.735,2,1244.0,309.0,1357.0,466.0,-65.0,296.0,204.0,615.0
12768,13:56.768,2,1234.0,301.0,1347.0,459.0,-76.0,295.0,183.0,614.0
12769,13:56.802,2,1221.0,295.0,1333.0,454.0,-91.0,290.0,160.0,612.0
12770,13:56.835,2,1207.0,294.0,1322.0,450.0,-94.0,291.0,142.0,610.0
12771,13:56.868,1,1193.0,290.0,1306.0,447.0,,,,
12772,13:56.902,1,1183.0,288.0,1296.0,444.0,,,,
12773,13:56.935,1,1174.0,289.0,1288.0,444.0,,,,
12774,13:56.968,1,1165.0,289.0,1278.0,445.0,,,,
12775,13:57.002,1,1159.0,293.0,1272.0,450.0,,,,
12776,13:57.035,1,1153.0,298.0,1265.0,455.0,,,,
12777,13:57.068,1,1149.0,305.0,1263.0,462.0,,,,
12778,13:57.102,1,1145.0,315.0,1258.0,470.0,,,,
12779,13:57.135,1,1141.0,320.0,1253.0,476.0,,,,
12780,13:57.168,1,1138.0,324.0,1250.0,481.0,,,,
12781,13:57.202,1,1138.0,325.0,1248.0,484.0,,,,
12782,13:57.235,1,1139.0,328.0,1249.0,487.0,,,,
12783,13:57.268,1,1140.0,336.0,1250.0,491.0,,,,
12784,13:57.302,1,1143.0,341.0,1253.0,496.0,,,,
12785,13:57.335,1,1145.0,347.0,1255.0,502.0,,,,
12786,13:57.368,1,1147.0,352.0,1259.0,506.0,,,,
12787,13:57.402,1,1148.0,354.0,1260.0,509.0,,,,
12788,13:57.435,1,1149.0,354.0,1261.0,510.0,,,,
12789,13:57.468,1,1152.0,355.0,1263.0,511.0,,,,
12790,13:57.502,1,1154.0,355.0,1265.0,511.0,,,,
12791,13:57.535,1,1158.0,355.0,1269.0,512.0,,,,
12792,13:57.568,1,1162.0,355.0,1274.0,512.0,,,,
12793,13:57.602,1,1166.0,355.0,1277.0,511.0,,,,
12794,13:57.635,1,1169.0,354.0,1280.0,510.0,,,,
12795,13:57.668,1,1171.0,354.0,1282.0,510.0,,,,
12796,13:57.702,1,1171.0,353.0,1282.0,510.0,,,,
12797,13:57.735,1,1168.0,353.0,1279.0,510.0,,,,
12798,13:57.768,1,1164.0,354.0,1275.0,510.0,,,,
12799,13:57.802,1,1161.0,353.0,1272.0,510.0,,,,
12800,13:57.835,1,1157.0,352.0,1269.0,508.0,,,,
12801,13:57.868,1,1154.0,351.0,1267.0,508.0,,,,
12802,13:57.902,1,1153.0,352.0,1265.0,509.0,,,,
12803,13:57.935,1,1151.0,352.0,1264.0,508.0,,,,
12804,13:57.968,1,1150.0,352.0,1263.0,508.0,,,,
12805,13:58.002,1,1150.0,352.0,1262.0,509.0,,,,
12806,13:58.035,1,1150.0,352.0,1262.0,508.0,,,,
12807,13:58.068,1,1151.0,351.0,1262.0,506.0,,,,
12808,13:58.102,1,1152.0,349.0,1264.0,505.0,,,,
12809,13:58.135,1,1155.0,350.0,1265.0,506.0,,,,
12810,13:58.168,1,1156.0,351.0,1268.0,507.0,,,,
12811,13:58.202,1,1159.0,353.0,1270.0,509.0,,,,
12812,13:58.235,1,1161.0,355.0,1272.0,511.0,,,,
12813,13:58.268,1,1162.0,356.0,1274.0,512.0,,,,
12814,13:58.302,1,1163.0,355.0,1274.0,513.0,,,,
12815,13:58.335,1,1161.0,355.0,1274.0,514.0,,,,
12816,13:58.368,1,1160.0,358.0,1273.0,516.0,,,,
12817,13:58.402,1,1160.0,361.0,1272.0,518.0,,,,
12818,13:58.435,1,1159.0,364.0,1271.0,520.0,,,,
12819,13:58.468,1,1158.0,370.0,1269.0,525.0,,,,
12820,13:58.502,1,1156.0,372.0,1268.0,528.0,,,,
12821,13:58.535,1,1154.0,377.0,1267.0,533.0,,,,
12822,13:58.568,1,1151.0,383.0,1264.0,537.0,,,,
12823,13:58.602,1,1146.0,386.0,1256.0,542.0,,,,
12824,13:58.635,1,1139.0,393.0,1248.0,547.0,,,,
12825,13:58.668,1,1127.0,401.0,1236.0,555.0,,,,
12826,13:58.702,1,1115.0,411.0,1224.0,563.0,,,,
12827,13:58.735,1,1098.0,417.0,1209.0,570.0,,,,
12828,13:58.768,1,1084.0,429.0,1193.0,579.0,,,,
12829,13:58.802,1,1065.0,435.0,1177.0,591.0,,,,
12830,13:58.835,1,1049.0,447.0,1156.0,599.0,,,,
12831,13:58.868,1,1030.0,458.0,1139.0,610.0,,,,
12832,13:58.902,1,1009.0,471.0,1119.0,623.0,,,,
12833,13:58.935,1,992.0,484.0,1099.0,634.0,,,,
12834,13:58.968,1,970.0,497.0,1081.0,647.0,,,,
12835,13:59.002,1,949.0,505.0,1060.0,658.0,,,,
12836,13:59.035,1,931.0,520.0,1039.0,666.0,,,,
12837,13:59.068,1,910.0,530.0,1020.0,677.0,,,,
12838,13:59.102,1,888.0,535.0,999.0,686.0,,,,
12839,13:59.135,1,869.0,548.0,979.0,693.0,,,,
12840,13:59.168,1,849.0,555.0,961.0,699.0,,,,
12841,13:59.202,1,827.0,554.0,940.0,704.0,,,,
12842,13:59.235,1,808.0,556.0,921.0,706.0,,,,
12843,13:59.268,1,789.0,559.0,904.0,710.0,,,,
12844,13:59.302,1,768.0,562.0,883.0,712.0,,,,
12845,13:59.335,1,751.0,566.0,865.0,714.0,,,,
12846,13:59.368,1,732.0,565.0,849.0,716.0,,,,
12847,13:59.402,1,717.0,567.0,834.0,718.0,,,,
12848,13:59.435,1,703.0,566.0,821.0,719.0,,,,
12849,13:59.468,1,693.0,566.0,809.0,719.0,,,,
12850,13:59.502,1,682.0,567.0,800.0,718.0,,,,
12851,13:59.535,1,674.0,564.0,794.0,717.0,,,,
12852,13:59.568,1,669.0,562.0,788.0,714.0,,,,
12853,13:59.602,1,664.0,558.0,783.0,712.0,,,,
12854,13:59.635,1,656.0,557.0,775.0,708.0,,,,
12855,13:59.668,1,651.0,550.0,770.0,703.0,,,,
12856,13:59.702,1,641.0,544.0,762.0,698.0,,,,
12857,13:59.735,1,630.0,536.0,751.0,689.0,,,,
12858,13:59.768,1,609.0,519.0,731.0,676.0,,,,
12859,13:59.802,1,576.0,493.0,701.0,652.0,,,,
12860,13:59.835,1,521.0,457.0,648.0,622.0,,,,
12861,13:59.868,1,450.0,461.0,584.0,626.0,,,,
12862,13:59.902,1,364.0,501.0,504.0,669.0,,,,
12863,13:59.935,1,273.0,557.0,420.0,729.0,,,,
12864,13:59.968,1,186.0,607.0,341.0,779.0,,,,
12865,14:00.002,1,103.0,611.0,267.0,787.0,,,,
12866,14:00.035,1,42.0,569.0,210.0,752.0,,,,
12867,14:00.068,1,3.0,503.0,171.0,690.0,,,,
12868,14:00.102,1,-9.0,453.0,150.0,633.0,,,,
12869,14:00.135,1,-19.0,452.0,137.0,631.0,,,,
12870,14:00.168,1,-23.0,490.0,129.0,672.0,,,,
12871,14:00.202,1,-34.0,542.0,119.0,724.0,,,,
12872,14:00.235,1,-41.0,588.0,107.0,768.0,,,,
12873,14:00.268,1,-44.0,608.0,99.0,787.0,,,,
12874,14:00.302,1,-51.0,586.0,89.0,768.0,,,,
12875,14:00.335,1,-55.0,540.0,79.0,727.0,,,,
12876,14:00.368,0,,,,,,,,
12877,14:00.402,0,,,,,,,,
12878,14:00.435,0,,,,,,,,
12879,14:00.468,0,,,,,,,,
12880,14:00.502,0,,,,,,,,
12881,14:00.535,0,,,,,,,,
12882,14:00.568,0,,,,,,,,
12883,14:00.602,0,,,,,,,,
12884,14:00.635,0,,,,,,,,
12885,14:00.668,0,,,,,,,,
12886,14:00.702,0,,,,,,,,
12887,14:00.737,0,,,,,,,,
12888,14:00.770,0,,,,,,,,
12889,14:00.803,0,,,,,,,,
12890,14:00.837,0,,,,,,,,
12891,14:00.870,0,,,,,,,,
12892,14:00.903,0,,,,,,,,
12893,14:00.937,0,,,,,,,,
12894,14:00.970,0,,,,,,,,
12895,14:01.003,0,,,,,,,,
12896,14:01.037,1,-60.0,516.0,72.0,710.0,,,,
12897,14:01.070,1,-53.0,523.0,88.0,710.0,,,,
12898,14:01.103,1,-47.0,531.0,97.0,715.0,,,,
12899,14:01.137,1,-41.0,540.0,107.0,722.0,,,,
12900,14:01.170,1,-34.0,544.0,117.0,725.0,,,,
12901,14:01.203,1,-27.0,543.0,123.0,724.0,,,,
12902,14:01.237,1,-24.0,539.0,129.0,723.0,,,,
12903,14:01.270,1,-20.0,537.0,134.0,719.0,,,,
12904,14:01.303,1,-16.0,534.0,140.0,716.0,,,,
12905,14:01.337,1,-12.0,534.0,145.0,716.0,,,,
12906,14:01.370,1,-14.0,535.0,150.0,720.0,,,,
12907,14:01.403,1,-12.0,536.0,152.0,720.0,,,,
12908,14:01.437,1,-7.0,537.0,152.0,719.0,,,,
12909,14:01.470,1,-9.0,536.0,155.0,719.0,,,,
12910,14:01.503,1,-9.0,533.0,157.0,717.0,,,,
12911,14:01.537,1,-7.0,531.0,159.0,717.0,,,,
12912,14:01.570,1,-6.0,531.0,160.0,718.0,,,,
12913,14:01.603,1,-5.0,533.0,161.0,719.0,,,,
12914,14:01.637,1,-4.0,535.0,162.0,721.0,,,,
12915,14:01.670,1,-3.0,534.0,163.0,720.0,,,,
12916,14:01.703,1,-3.0,532.0,164.0,718.0,,,,
12917,14:01.737,1,-2.0,528.0,165.0,714.0,,,,
12918,14:01.770,1,-1.0,524.0,165.0,709.0,,,,
12919,14:01.803,1,-1.0,517.0,166.0,703.0,,,,
12920,14:01.837,1,1.0,505.0,167.0,691.0,,,,
12921,14:01.870,1,4.0,501.0,170.0,683.0,,,,
12922,14:01.903,1,7.0,496.0,176.0,680.0,,,,
12923,14:01.937,1,13.0,499.0,183.0,683.0,,,,
12924,14:01.970,1,19.0,500.0,190.0,685.0,,,,
12925,14:02.003,1,25.0,502.0,196.0,691.0,,,,
12926,14:02.037,1,32.0,504.0,200.0,694.0,,,,
12927,14:02.070,1,38.0,512.0,207.0,698.0,,,,
12928,14:02.103,1,43.0,517.0,212.0,702.0,,,,
12929,14:02.137,1,47.0,521.0,216.0,704.0,,,,
12930,14:02.170,1,50.0,522.0,219.0,704.0,,,,
12931,14:02.203,1,52.0,522.0,221.0,705.0,,,,
12932,14:02.237,1,53.0,522.0,222.0,705.0,,,,
12933,14:02.270,1,54.0,523.0,223.0,706.0,,,,
12934,14:02.303,1,54.0,524.0,222.0,706.0,,,,
12935,14:02.337,1,55.0,525.0,222.0,708.0,,,,
12936,14:02.370,1,55.0,524.0,223.0,709.0,,,,
12937,14:02.403,1,57.0,525.0,225.0,709.0,,,,
12938,14:02.437,1,59.0,526.0,228.0,709.0,,,,
12939,14:02.470,1,64.0,528.0,230.0,710.0,,,,
12940,14:02.503,1,68.0,527.0,232.0,710.0,,,,
12941,14:02.537,1,69.0,525.0,234.0,709.0,,,,
12942,14:02.570,1,71.0,525.0,236.0,707.0,,,,
12943,14:02.603,1,72.0,524.0,237.0,706.0,,,,
12944,14:02.637,1,71.0,522.0,236.0,704.0,,,,
12945,14:02.670,1,70.0,522.0,236.0,703.0,,,,
12946,14:02.703,1,71.0,522.0,237.0,703.0,,,,
12947,14:02.737,1,73.0,522.0,238.0,703.0,,,,
12948,14:02.770,1,73.0,522.0,239.0,703.0,,,,
12949,14:02.803,1,73.0,521.0,239.0,703.0,,,,
12950,14:02.837,1,73.0,519.0,238.0,702.0,,,,
12951,14:02.870,1,73.0,519.0,237.0,702.0,,,,
12952,14:02.903,1,72.0,520.0,237.0,702.0,,,,
12953,14:02.937,1,72.0,521.0,237.0,702.0,,,,
12954,14:02.970,1,71.0,522.0,238.0,703.0,,,,
12955,14:03.003,1,72.0,522.0,237.0,705.0,,,,
12956,14:03.037,1,73.0,522.0,237.0,706.0,,,,
12957,14:03.070,1,73.0,523.0,237.0,706.0,,,,
12958,14:03.103,1,75.0,524.0,238.0,706.0,,,,
12959,14:03.137,1,76.0,525.0,239.0,706.0,,,,
12960,14:03.170,1,76.0,526.0,240.0,706.0,,,,
12961,14:03.203,1,77.0,526.0,241.0,706.0,,,,
12962,14:03.237,1,78.0,525.0,243.0,706.0,,,,
12963,14:03.270,1,79.0,524.0,244.0,706.0,,,,
12964,14:03.303,1,80.0,524.0,244.0,706.0,,,,
12965,14:03.337,1,82.0,523.0,246.0,706.0,,,,
12966,14:03.370,1,84.0,524.0,248.0,706.0,,,,
12967,14:03.403,1,86.0,522.0,249.0,706.0,,,,
12968,14:03.437,1,88.0,521.0,251.0,705.0,,,,
12969,14:03.470,1,89.0,521.0,252.0,704.0,,,,
12970,14:03.503,1,91.0,520.0,253.0,704.0,,,,
12971,14:03.537,1,93.0,520.0,255.0,704.0,,,,
12972,14:03.570,1,94.0,519.0,257.0,703.0,,,,
12973,14:03.603,1,95.0,520.0,257.0,702.0,,,,
12974,14:03.637,1,98.0,520.0,258.0,702.0,,,,
12975,14:03.670,1,100.0,521.0,260.0,703.0,,,,
12976,14:03.703,1,103.0,522.0,263.0,703.0,,,,
12977,14:03.737,1,106.0,523.0,265.0,703.0,,,,
12978,14:03.770,1,107.0,524.0,266.0,704.0,,,,
12979,14:03.803,1,109.0,524.0,270.0,704.0,,,,
12980,14:03.837,1,111.0,525.0,271.0,706.0,,,,
12981,14:03.870,1,112.0,526.0,273.0,707.0,,,,
12982,14:03.903,1,112.0,531.0,274.0,706.0,,,,
12983,14:03.937,1,113.0,532.0,276.0,708.0,,,,
12984,14:03.970,1,114.0,534.0,277.0,711.0,,,,
12985,14:04.003,1,116.0,534.0,277.0,714.0,,,,
12986,14:04.037,1,117.0,536.0,278.0,717.0,,,,
12987,14:04.070,1,120.0,540.0,279.0,718.0,,,,
12988,14:04.103,1,121.0,540.0,280.0,720.0,,,,
12989,14:04.137,1,121.0,545.0,280.0,721.0,,,,
12990,14:04.170,1,122.0,546.0,281.0,721.0,,,,
12991,14:04.203,1,122.0,545.0,281.0,721.0,,,,
12992,14:04.237,1,122.0,544.0,281.0,721.0,,,,
12993,14:04.270,1,121.0,543.0,281.0,721.0,,,,
12994,14:04.303,1,121.0,542.0,280.0,720.0,,,,
12995,14:04.337,1,121.0,541.0,280.0,720.0,,,,
12996,14:04.370,1,120.0,540.0,281.0,719.0,,,,
12997,14:04.403,1,120.0,539.0,280.0,717.0,,,,
12998,14:04.437,1,121.0,535.0,281.0,717.0,,,,
12999,14:04.470,1,121.0,534.0,281.0,716.0,,,,
13000,14:04.503,1,120.0,533.0,281.0,715.0,,,,
13001,14:04.537,1,119.0,532.0,280.0,713.0,,,,
13002,14:04.570,1,118.0,534.0,280.0,711.0,,,,
13003,14:04.603,1,117.0,532.0,279.0,709.0,,,,
13004,14:04.637,1,116.0,529.0,277.0,707.0,,,,
13005,14:04.670,1,114.0,526.0,275.0,703.0,,,,
13006,14:04.703,1,115.0,521.0,275.0,697.0,,,,
13007,14:04.737,1,113.0,507.0,274.0,686.0,,,,
13008,14:04.770,1,116.0,491.0,275.0,667.0,,,,
13009,14:04.803,1,118.0,470.0,279.0,649.0,,,,
13010,14:04.837,1,127.0,461.0,284.0,639.0,,,,
13011,14:04.870,1,137.0,456.0,296.0,636.0,,,,
13012,14:04.903,1,153.0,461.0,308.0,639.0,,,,
13013,14:04.937,1,171.0,464.0,328.0,643.0,,,,
13014,14:04.970,1,193.0,467.0,348.0,652.0,,,,
13015,14:05.005,1,216.0,471.0,370.0,655.0,,,,
13016,14:05.038,1,240.0,475.0,391.0,657.0,,,,
13017,14:05.072,1,264.0,476.0,411.0,655.0,,,,
13018,14:05.105,1,281.0,475.0,429.0,656.0,,,,
13019,14:05.138,1,294.0,482.0,440.0,655.0,,,,
13020,14:05.172,1,304.0,487.0,447.0,657.0,,,,
13021,14:05.205,1,309.0,489.0,453.0,661.0,,,,
13022,14:05.238,1,307.0,494.0,452.0,664.0,,,,
13023,14:05.272,1,305.0,495.0,449.0,668.0,,,,
13024,14:05.305,1,300.0,495.0,445.0,667.0,,,,
13025,14:05.338,1,297.0,493.0,442.0,667.0,,,,
13026,14:05.372,1,298.0,495.0,442.0,668.0,,,,
13027,14:05.405,1,300.0,497.0,444.0,671.0,,,,
13028,14:05.438,1,302.0,500.0,447.0,677.0,,,,
13029,14:05.472,1,304.0,499.0,449.0,681.0,,,,
13030,14:05.505,1,307.0,504.0,452.0,684.0,,,,
13031,14:05.538,1,310.0,505.0,455.0,684.0,,,,
13032,14:05.572,1,313.0,506.0,458.0,687.0,,,,
13033,14:05.605,1,317.0,511.0,463.0,687.0,,,,
13034,14:05.638,1,324.0,509.0,469.0,686.0,,,,
13035,14:05.672,1,329.0,510.0,473.0,687.0,,,,
13036,14:05.705,1,335.0,515.0,478.0,692.0,,,,
13037,14:05.738,1,341.0,522.0,485.0,698.0,,,,
13038,14:05.772,1,347.0,525.0,489.0,702.0,,,,
13039,14:05.805,1,351.0,526.0,493.0,701.0,,,,
13040,14:05.838,1,355.0,530.0,497.0,705.0,,,,
13041,14:05.872,1,357.0,533.0,498.0,710.0,,,,
13042,14:05.905,1,358.0,539.0,500.0,714.0,,,,
13043,14:05.938,1,358.0,547.0,499.0,717.0,,,,
13044,14:05.972,1,357.0,550.0,498.0,721.0,,,,
13045,14:06.005,1,355.0,554.0,498.0,726.0,,,,
13046,14:06.038,1,355.0,555.0,497.0,731.0,,,,
13047,14:06.072,1,354.0,560.0,496.0,732.0,,,,
13048,14:06.105,1,353.0,560.0,495.0,736.0,,,,
13049,14:06.138,1,354.0,564.0,495.0,739.0,,,,
13050,14:06.172,1,353.0,565.0,494.0,742.0,,,,
13051,14:06.205,1,352.0,565.0,494.0,742.0,,,,
13052,14:06.238,1,351.0,565.0,493.0,743.0,,,,
13053,14:06.272,1,348.0,565.0,491.0,739.0,,,,
13054,14:06.305,1,346.0,566.0,490.0,736.0,,,,
13055,14:06.338,1,340.0,569.0,484.0,738.0,,,,
13056,14:06.372,1,330.0,565.0,475.0,736.0,,,,
13057,14:06.405,1,316.0,567.0,461.0,740.0,,,,
13058,14:06.438,1,297.0,575.0,446.0,742.0,,,,
13059,14:06.472,1,277.0,577.0,426.0,749.0,,,,
13060,14:06.505,1,257.0,583.0,407.0,753.0,,,,
13061,14:06.538,1,231.0,584.0,386.0,759.0,,,,
13062,14:06.572,1,211.0,587.0,367.0,765.0,,,,
13063,14:06.605,1,193.0,587.0,349.0,763.0,,,,
13064,14:06.638,1,177.0,585.0,336.0,761.0,,,,
13065,14:06.672,1,166.0,583.0,325.0,759.0,,,,
13066,14:06.705,1,159.0,583.0,316.0,758.0,,,,
13067,14:06.738,1,153.0,586.0,312.0,760.0,,,,
13068,14:06.772,1,149.0,585.0,310.0,764.0,,,,
13069,14:06.805,1,148.0,586.0,309.0,766.0,,,,
13070,14:06.838,1,150.0,589.0,309.0,768.0,,,,
13071,14:06.872,1,151.0,592.0,310.0,769.0,,,,
13072,14:06.905,1,152.0,593.0,310.0,771.0,,,,
13073,14:06.938,1,153.0,596.0,311.0,773.0,,,,
13074,14:06.972,1,153.0,602.0,312.0,776.0,,,,
13075,14:07.005,1,153.0,603.0,312.0,779.0,,,,
13076,14:07.038,1,152.0,603.0,311.0,779.0,,,,
13077,14:07.072,1,150.0,601.0,310.0,776.0,,,,
13078,14:07.105,1,151.0,595.0,310.0,772.0,,,,
13079,14:07.138,1,152.0,592.0,311.0,771.0,,,,
13080,14:07.172,1,152.0,591.0,311.0,769.0,,,,
13081,14:07.205,1,153.0,590.0,312.0,768.0,,,,
13082,14:07.238,1,154.0,591.0,313.0,768.0,,,,
13083,14:07.272,1,156.0,594.0,315.0,770.0,,,,
13084,14:07.305,1,156.0,596.0,315.0,772.0,,,,
13085,14:07.338,1,156.0,600.0,314.0,773.0,,,,
13086,14:07.372,1,153.0,599.0,312.0,773.0,,,,
13087,14:07.405,1,151.0,601.0,310.0,775.0,,,,
13088,14:07.438,1,150.0,603.0,310.0,777.0,,,,
13089,14:07.472,1,149.0,608.0,309.0,780.0,,,,
13090,14:07.505,1,150.0,612.0,310.0,781.0,,,,
13091,14:07.538,1,151.0,613.0,310.0,783.0,,,,
13092,14:07.572,1,150.0,613.0,310.0,784.0,,,,
13093,14:07.605,1,148.0,614.0,308.0,784.0,,,,
13094,14:07.638,1,132.0,614.0,293.0,786.0,,,,
13095,14:07.672,1,90.0,603.0,256.0,782.0,,,,
13096,14:07.705,1,32.0,587.0,208.0,775.0,,,,
13097,14:07.738,1,-15.0,577.0,153.0,763.0,,,,
13098,14:07.772,1,-55.0,562.0,94.0,749.0,,,,
13099,14:07.805,0,,,,,,,,
13100,14:07.838,0,,,,,,,,
13101,14:07.872,0,,,,,,,,
13102,14:07.905,0,,,,,,,,
13103,14:07.938,0,,,,,,,,
13104,14:07.972,0,,,,,,,,
13105,14:08.005,0,,,,,,,,
13106,14:08.038,0,,,,,,,,
13107,14:08.072,0,,,,,,,,
13108,14:08.105,0,,,,,,,,
13109,14:08.138,0,,,,,,,,
13110,14:08.172,0,,,,,,,,
13111,14:08.205,0,,,,,,,,
13112,14:08.238,0,,,,,,,,
13113,14:08.272,0,,,,,,,,
13114,14:08.305,0,,,,,,,,
13115,14:08.338,0,,,,,,,,
13116,14:08.372,0,,,,,,,,
13117,14:08.405,1,-40.0,536.0,112.0,723.0,,,,
13118,14:08.438,1,-7.0,570.0,163.0,759.0,,,,
13119,14:08.472,1,30.0,610.0,207.0,793.0,,,,
13120,14:08.505,1,83.0,641.0,253.0,822.0,,,,
13121,14:08.538,1,145.0,667.0,308.0,840.0,,,,
13122,14:08.572,1,211.0,679.0,367.0,856.0,,,,
13123,14:08.605,1,283.0,698.0,430.0,864.0,,,,
13124,14:08.638,1,362.0,697.0,503.0,867.0,,,,
13125,14:08.672,1,438.0,704.0,575.0,867.0,,,,
13126,14:08.705,1,513.0,701.0,644.0,863.0,,,,
13127,14:08.738,1,584.0,698.0,710.0,856.0,,,,
13128,14:08.772,1,649.0,695.0,772.0,854.0,,,,
13129,14:08.805,1,709.0,696.0,830.0,851.0,,,,
13130,14:08.838,1,765.0,694.0,882.0,846.0,,,,
13131,14:08.872,1,814.0,694.0,929.0,843.0,,,,
13132,14:08.905,1,855.0,687.0,972.0,839.0,,,,
13133,14:08.938,1,892.0,683.0,1008.0,835.0,,,,
13134,14:08.972,1,923.0,680.0,1037.0,830.0,,,,
13135,14:09.005,1,947.0,676.0,1061.0,825.0,,,,
13136,14:09.038,1,967.0,673.0,1080.0,819.0,,,,
13137,14:09.072,1,981.0,665.0,1093.0,810.0,,,,
13138,14:09.105,1,994.0,659.0,1104.0,803.0,,,,
13139,14:09.138,1,1005.0,650.0,1118.0,799.0,,,,
13140,14:09.172,1,1019.0,645.0,1129.0,792.0,,,,
13141,14:09.205,1,1030.0,642.0,1143.0,790.0,,,,
13142,14:09.238,1,1040.0,636.0,1152.0,790.0,,,,
13143,14:09.272,1,1052.0,638.0,1161.0,783.0,,,,
13144,14:09.307,1,1060.0,632.0,1172.0,783.0,,,,
13145,14:09.340,1,1069.0,632.0,1180.0,782.0,,,,
13146,14:09.373,1,1083.0,635.0,1191.0,782.0,,,,
13147,14:09.407,1,1093.0,634.0,1203.0,782.0,,,,
13148,14:09.440,1,1109.0,632.0,1218.0,780.0,,,,
13149,14:09.473,1,1124.0,631.0,1234.0,780.0,,,,
13150,14:09.507,1,1147.0,630.0,1253.0,776.0,,,,
13151,14:09.540,1,1169.0,629.0,1278.0,779.0,,,,
13152,14:09.573,2,1202.0,629.0,1309.0,774.0,-85.0,608.0,161.0,917.0
13153,14:09.607,2,-11.0,620.0,232.0,915.0,1246.0,628.0,1356.0,774.0
13154,14:09.640,2,81.0,622.0,319.0,917.0,1303.0,626.0,1415.0,776.0
13155,14:09.673,2,1367.0,622.0,1477.0,770.0,184.0,630.0,405.0,912.0
13156,14:09.707,2,1428.0,614.0,1539.0,760.0,274.0,633.0,484.0,904.0
13157,14:09.740,2,1483.0,605.0,1594.0,753.0,348.0,629.0,553.0,897.0
13158,14:09.773,2,1528.0,604.0,1640.0,754.0,405.0,627.0,602.0,890.0
13159,14:09.807,2,1560.0,607.0,1675.0,757.0,447.0,629.0,641.0,892.0
13160,14:09.840,2,1580.0,612.0,1697.0,764.0,471.0,633.0,662.0,894.0
13161,14:09.873,2,1593.0,619.0,1710.0,771.0,484.0,633.0,676.0,895.0
13162,14:09.907,2,490.0,631.0,676.0,897.0,1598.0,622.0,1715.0,776.0
13163,14:09.940,2,487.0,626.0,675.0,895.0,1597.0,623.0,1713.0,777.0
13164,14:09.973,2,1590.0,621.0,1706.0,774.0,478.0,620.0,667.0,882.0
13165,14:10.007,2,1572.0,622.0,1689.0,772.0,460.0,609.0,648.0,872.0
13166,14:10.040,2,1547.0,622.0,1662.0,773.0,425.0,597.0,618.0,873.0
13167,14:10.073,2,381.0,595.0,579.0,873.0,1512.0,623.0,1626.0,775.0
13168,14:10.107,2,1469.0,630.0,1578.0,777.0,318.0,589.0,525.0,874.0
13169,14:10.140,2,1419.0,635.0,1527.0,782.0,247.0,587.0,462.0,873.0
13170,14:10.173,2,1368.0,638.0,1475.0,785.0,167.0,581.0,394.0,877.0
13171,14:10.198,2,1319.0,638.0,1425.0,785.0,84.0,574.0,322.0,879.0
13172,14:10.232,2,10.0,568.0,259.0,878.0,1274.0,634.0,1380.0,780.0
13173,14:10.265,2,1236.0,629.0,1341.0,775.0,-46.0,563.0,201.0,869.0
13174,14:10.298,2,1204.0,621.0,1310.0,768.0,-95.0,554.0,151.0,864.0
13175,14:10.332,1,1180.0,622.0,1285.0,765.0,,,,
13176,14:10.365,1,1162.0,624.0,1266.0,768.0,,,,
13177,14:10.398,1,1150.0,628.0,1255.0,774.0,,,,
13178,14:10.432,1,1144.0,633.0,1248.0,778.0,,,,
13179,14:10.465,1,1140.0,636.0,1244.0,782.0,,,,
13180,14:10.498,1,1137.0,637.0,1242.0,783.0,,,,
13181,14:10.532,1,1135.0,638.0,1239.0,784.0,,,,
13182,14:10.565,1,1132.0,641.0,1236.0,786.0,,,,
13183,14:10.598,1,1128.0,640.0,1234.0,786.0,,,,
13184,14:10.632,1,1125.0,640.0,1229.0,785.0,,,,
13185,14:10.665,1,1118.0,646.0,1222.0,787.0,,,,
13186,14:10.698,1,1114.0,646.0,1217.0,789.0,,,,
13187,14:10.732,1,1110.0,648.0,1213.0,790.0,,,,
13188,14:10.765,1,1107.0,650.0,1210.0,791.0,,,,
13189,14:10.798,1,1104.0,653.0,1208.0,793.0,,,,
13190,14:10.832,1,1103.0,652.0,1207.0,794.0,,,,
13191,14:10.865,1,1103.0,651.0,1207.0,794.0,,,,
13192,14:10.898,1,1104.0,649.0,1207.0,792.0,,,,
13193,14:10.932,1,1104.0,649.0,1207.0,792.0,,,,
13194,14:10.965,1,1103.0,649.0,1207.0,792.0,,,,
13195,14:10.998,1,1102.0,650.0,1206.0,792.0,,,,
13196,14:11.032,1,1100.0,650.0,1204.0,792.0,,,,
13197,14:11.065,1,1098.0,648.0,1202.0,791.0,,,,
13198,14:11.098,1,1096.0,650.0,1200.0,792.0,,,,
13199,14:11.132,1,1093.0,645.0,1198.0,791.0,,,,
13200,14:11.165,1,1090.0,639.0,1195.0,787.0,,,,
13201,14:11.198,1,1087.0,641.0,1192.0,785.0,,,,
13202,14:11.232,1,1085.0,640.0,1188.0,784.0,,,,
13203,14:11.265,1,1081.0,638.0,1185.0,783.0,,,,
13204,14:11.298,1,1077.0,638.0,1182.0,782.0,,,,
13205,14:11.332,1,1074.0,634.0,1178.0,782.0,,,,
13206,14:11.365,1,1069.0,633.0,1174.0,781.0,,,,
13207,14:11.398,1,1066.0,633.0,1171.0,779.0,,,,
13208,14:11.432,1,1064.0,633.0,1168.0,778.0,,,,
13209,14:11.465,1,1061.0,634.0,1166.0,778.0,,,,
13210,14:11.498,1,1061.0,636.0,1165.0,776.0,,,,
13211,14:11.532,1,1059.0,631.0,1163.0,776.0,,,,
13212,14:11.565,1,1058.0,631.0,1162.0,774.0,,,,
13213,14:11.598,1,1056.0,631.0,1161.0,773.0,,,,
13214,14:11.632,1,1055.0,630.0,1158.0,771.0,,,,
13215,14:11.665,1,1053.0,630.0,1157.0,769.0,,,,
13216,14:11.698,1,1050.0,627.0,1155.0,770.0,,,,
13217,14:11.732,1,1048.0,625.0,1153.0,768.0,,,,
13218,14:11.765,1,1046.0,622.0,1152.0,768.0,,,,
13219,14:11.798,1,1045.0,622.0,1150.0,765.0,,,,
13220,14:11.832,1,1044.0,620.0,1149.0,765.0,,,,
13221,14:11.865,1,1044.0,620.0,1148.0,764.0,,,,
13222,14:11.898,1,1043.0,620.0,1148.0,765.0,,,,
13223,14:11.932,1,1044.0,620.0,1148.0,765.0,,,,
13224,14:11.965,1,1044.0,620.0,1148.0,764.0,,,,
13225,14:11.998,1,1045.0,619.0,1149.0,763.0,,,,
13226,14:12.032,1,1046.0,618.0,1150.0,761.0,,,,
13227,14:12.065,1,1048.0,615.0,1152.0,759.0,,,,
13228,14:12.098,1,1050.0,615.0,1153.0,757.0,,,,
13229,14:12.132,1,1051.0,615.0,1154.0,756.0,,,,
13230,14:12.165,1,1052.0,614.0,1155.0,755.0,,,,
13231,14:12.198,1,1052.0,612.0,1156.0,755.0,,,,
13232,14:12.232,1,1052.0,612.0,1156.0,755.0,,,,
13233,14:12.265,1,1053.0,612.0,1157.0,753.0,,,,
13234,14:12.298,1,1054.0,610.0,1157.0,753.0,,,,
13235,14:12.332,1,1055.0,609.0,1160.0,750.0,,,,
13236,14:12.365,1,1058.0,607.0,1163.0,750.0,,,,
13237,14:12.398,1,1061.0,605.0,1166.0,747.0,,,,
13238,14:12.432,1,1066.0,601.0,1170.0,746.0,,,,
13239,14:12.465,1,1068.0,605.0,1173.0,746.0,,,,
13240,14:12.498,1,1073.0,602.0,1177.0,747.0,,,,
13241,14:12.532,1,1075.0,599.0,1179.0,747.0,,,,
13242,14:12.565,1,1077.0,601.0,1180.0,745.0,,,,
13243,14:12.598,1,1077.0,601.0,1181.0,746.0,,,,
13244,14:12.632,1,1077.0,600.0,1181.0,746.0,,,,
13245,14:12.665,1,1077.0,600.0,1181.0,746.0,,,,
13246,14:12.698,1,1078.0,600.0,1181.0,745.0,,,,
13247,14:12.732,1,1079.0,599.0,1182.0,747.0,,,,
13248,14:12.765,1,1081.0,600.0,1184.0,748.0,,,,
13249,14:12.798,1,1082.0,600.0,1185.0,749.0,,,,
13250,14:12.832,1,1083.0,601.0,1186.0,749.0,,,,
13251,14:12.865,1,1084.0,600.0,1188.0,748.0,,,,
13252,14:12.898,1,1085.0,601.0,1188.0,748.0,,,,
13253,14:12.932,1,1084.0,600.0,1188.0,748.0,,,,
13254,14:12.965,1,1084.0,600.0,1186.0,748.0,,,,
13255,14:12.998,1,1081.0,600.0,1185.0,755.0,,,,
13256,14:13.032,1,1080.0,600.0,1184.0,750.0,,,,
13257,14:13.065,1,1078.0,601.0,1183.0,751.0,,,,
13258,14:13.098,1,1077.0,602.0,1182.0,750.0,,,,
13259,14:13.132,1,1075.0,600.0,1181.0,747.0,,,,
13260,14:13.165,1,1074.0,600.0,1180.0,747.0,,,,
13261,14:13.198,1,1073.0,600.0,1178.0,748.0,,,,
13262,14:13.232,1,1072.0,601.0,1176.0,747.0,,,,
13263,14:13.265,1,1070.0,600.0,1175.0,748.0,,,,
13264,14:13.298,1,1070.0,599.0,1175.0,750.0,,,,
13265,14:13.332,1,1070.0,599.0,1175.0,752.0,,,,
13266,14:13.365,1,1070.0,599.0,1174.0,751.0,,,,
13267,14:13.398,1,1069.0,598.0,1174.0,751.0,,,,
13268,14:13.432,1,1067.0,597.0,1173.0,751.0,,,,
13269,14:13.465,1,1067.0,600.0,1172.0,751.0,,,,
13270,14:13.498,1,1065.0,601.0,1171.0,752.0,,,,
13271,14:13.532,1,1065.0,600.0,1170.0,753.0,,,,
13272,14:13.567,1,1064.0,601.0,1170.0,754.0,,,,
13273,14:13.600,1,1064.0,601.0,1169.0,754.0,,,,
13274,14:13.633,1,1065.0,602.0,1169.0,755.0,,,,
13275,14:13.667,1,1065.0,603.0,1170.0,757.0,,,,
13276,14:13.700,1,1065.0,603.0,1169.0,757.0,,,,
13277,14:13.733,1,1065.0,603.0,1169.0,757.0,,,,
13278,14:13.767,1,1065.0,604.0,1169.0,757.0,,,,
13279,14:13.800,1,1065.0,604.0,1169.0,757.0,,,,
13280,14:13.833,1,1064.0,603.0,1169.0,757.0,,,,
13281,14:13.867,1,1063.0,604.0,1168.0,757.0,,,,
13282,14:13.900,1,1062.0,604.0,1167.0,756.0,,,,
13283,14:13.933,1,1062.0,604.0,1167.0,756.0,,,,
13284,14:13.967,1,1062.0,603.0,1167.0,754.0,,,,
13285,14:14.000,1,1061.0,603.0,1166.0,753.0,,,,
13286,14:14.033,1,1061.0,602.0,1166.0,750.0,,,,
13287,14:14.067,1,1061.0,602.0,1166.0,750.0,,,,
13288,14:14.100,1,1060.0,602.0,1166.0,750.0,,,,
13289,14:14.133,1,1059.0,604.0,1165.0,750.0,,,,
13290,14:14.167,1,1059.0,604.0,1165.0,751.0,,,,
13291,14:14.200,1,1059.0,604.0,1165.0,751.0,,,,
13292,14:14.233,1,1059.0,607.0,1164.0,751.0,,,,
13293,14:14.267,1,1058.0,608.0,1164.0,751.0,,,,
13294,14:14.300,1,1058.0,608.0,1163.0,751.0,,,,
13295,14:14.333,1,1057.0,608.0,1162.0,751.0,,,,
13296,14:14.367,1,1057.0,608.0,1161.0,752.0,,,,
13297,14:14.400,1,1056.0,609.0,1160.0,752.0,,,,
13298,14:14.433,1,1055.0,609.0,1159.0,754.0,,,,
13299,14:14.467,1,1054.0,610.0,1158.0,756.0,,,,
13300,14:14.500,1,1054.0,614.0,1157.0,758.0,,,,
13301,14:14.533,1,1054.0,615.0,1157.0,760.0,,,,
13302,14:14.567,1,1054.0,616.0,1157.0,763.0,,,,
13303,14:14.600,1,1054.0,617.0,1157.0,764.0,,,,
13304,14:14.633,1,1054.0,617.0,1158.0,764.0,,,,
13305,14:14.667,1,1054.0,617.0,1158.0,765.0,,,,
13306,14:14.700,1,1054.0,617.0,1158.0,766.0,,,,
13307,14:14.733,1,1054.0,618.0,1158.0,768.0,,,,
13308,14:14.767,1,1053.0,619.0,1157.0,770.0,,,,
13309,14:14.800,1,1053.0,619.0,1157.0,770.0,,,,
13310,14:14.833,1,1053.0,618.0,1157.0,770.0,,,,
13311,14:14.867,1,1054.0,618.0,1158.0,770.0,,,,
13312,14:14.900,1,1055.0,617.0,1158.0,769.0,,,,
13313,14:14.933,1,1055.0,617.0,1158.0,768.0,,,,
13314,14:14.967,1,1055.0,617.0,1159.0,767.0,,,,
13315,14:15.000,1,1056.0,616.0,1159.0,767.0,,,,
13316,14:15.033,1,1056.0,616.0,1159.0,768.0,,,,
13317,14:15.067,1,1056.0,616.0,1159.0,768.0,,,,
13318,14:15.100,1,1056.0,616.0,1159.0,768.0,,,,
13319,14:15.133,1,1056.0,617.0,1159.0,771.0,,,,
13320,14:15.167,1,1057.0,620.0,1160.0,771.0,,,,
13321,14:15.200,1,1057.0,621.0,1161.0,770.0,,,,
13322,14:15.233,1,1058.0,620.0,1163.0,771.0,,,,
13323,14:15.267,1,1060.0,619.0,1164.0,770.0,,,,
13324,14:15.300,1,1060.0,620.0,1165.0,771.0,,,,
13325,14:15.333,1,1061.0,620.0,1166.0,773.0,,,,
13326,14:15.367,1,1061.0,622.0,1166.0,773.0,,,,
13327,14:15.400,1,1062.0,623.0,1167.0,775.0,,,,
13328,14:15.433,1,1062.0,624.0,1167.0,775.0,,,,
13329,14:15.467,1,1063.0,624.0,1168.0,774.0,,,,
13330,14:15.500,1,1065.0,624.0,1169.0,774.0,,,,
13331,14:15.533,1,1065.0,624.0,1170.0,772.0,,,,
13332,14:15.567,1,1065.0,624.0,1170.0,771.0,,,,
13333,14:15.600,1,1066.0,623.0,1170.0,770.0,,,,
13334,14:15.633,1,1065.0,622.0,1170.0,770.0,,,,
13335,14:15.667,1,1065.0,622.0,1170.0,769.0,,,,
13336,14:15.700,1,1065.0,622.0,1169.0,768.0,,,,
13337,14:15.733,1,1064.0,623.0,1168.0,767.0,,,,
13338,14:15.767,1,1064.0,623.0,1168.0,767.0,,,,
13339,14:15.800,1,1064.0,625.0,1168.0,768.0,,,,
13340,14:15.833,1,1064.0,625.0,1169.0,771.0,,,,
13341,14:15.867,1,1064.0,624.0,1170.0,773.0,,,,
13342,14:15.900,1,1064.0,623.0,1170.0,772.0,,,,
13343,14:15.933,1,1064.0,622.0,1170.0,767.0,,,,
13344,14:15.967,1,1064.0,621.0,1168.0,767.0,,,,
13345,14:16.000,1,1063.0,620.0,1168.0,766.0,,,,
13346,14:16.033,1,1062.0,620.0,1167.0,767.0,,,,
13347,14:16.067,1,1060.0,620.0,1165.0,763.0,,,,
13348,14:16.100,1,1059.0,619.0,1163.0,761.0,,,,
13349,14:16.133,1,1058.0,618.0,1162.0,759.0,,,,
13350,14:16.167,1,1056.0,615.0,1160.0,759.0,,,,
13351,14:16.200,1,1055.0,614.0,1158.0,759.0,,,,
13352,14:16.233,1,1054.0,615.0,1157.0,759.0,,,,
13353,14:16.267,1,1052.0,617.0,1155.0,760.0,,,,
13354,14:16.300,1,1051.0,618.0,1155.0,762.0,,,,
13355,14:16.333,1,1050.0,619.0,1154.0,763.0,,,,
13356,14:16.367,1,1049.0,621.0,1153.0,764.0,,,,
13357,14:16.400,1,1050.0,623.0,1153.0,767.0,,,,
13358,14:16.433,1,1050.0,624.0,1154.0,768.0,,,,
13359,14:16.467,1,1049.0,623.0,1153.0,769.0,,,,
13360,14:16.500,1,1048.0,624.0,1153.0,770.0,,,,
13361,14:16.533,1,1047.0,625.0,1152.0,771.0,,,,
13362,14:16.567,1,1046.0,625.0,1151.0,771.0,,,,
13363,14:16.600,1,1045.0,624.0,1151.0,771.0,,,,
13364,14:16.633,1,1044.0,623.0,1151.0,771.0,,,,
13365,14:16.667,1,1044.0,623.0,1151.0,771.0,,,,
13366,14:16.700,1,1044.0,624.0,1150.0,771.0,,,,
13367,14:16.733,1,1045.0,624.0,1151.0,771.0,,,,
13368,14:16.767,1,1045.0,625.0,1152.0,772.0,,,,
13369,14:16.800,1,1045.0,625.0,1152.0,772.0,,,,
13370,14:16.833,1,1046.0,625.0,1152.0,772.0,,,,
13371,14:16.867,1,1046.0,625.0,1152.0,772.0,,,,
13372,14:16.900,1,1046.0,624.0,1152.0,771.0,,,,
13373,14:16.933,1,1046.0,623.0,1152.0,771.0,,,,
13374,14:16.967,1,1046.0,623.0,1152.0,771.0,,,,
13375,14:17.000,1,1045.0,623.0,1152.0,771.0,,,,
13376,14:17.033,1,1045.0,622.0,1152.0,770.0,,,,
13377,14:17.067,1,1045.0,623.0,1151.0,769.0,,,,
13378,14:17.100,1,1044.0,622.0,1150.0,768.0,,,,
13379,14:17.133,1,1044.0,623.0,1150.0,768.0,,,,
13380,14:17.167,1,1043.0,623.0,1149.0,769.0,,,,
13381,14:17.200,1,1043.0,624.0,1150.0,772.0,,,,
13382,14:17.233,1,1043.0,625.0,1150.0,773.0,,,,
13383,14:17.267,1,1045.0,629.0,1150.0,775.0,,,,
13384,14:17.300,1,1045.0,630.0,1150.0,776.0,,,,
13385,14:17.333,1,1045.0,629.0,1151.0,776.0,,,,
13386,14:17.367,1,1045.0,629.0,1151.0,776.0,,,,
13387,14:17.400,1,1045.0,628.0,1151.0,775.0,,,,
13388,14:17.433,1,1045.0,628.0,1150.0,775.0,,,,
13389,14:17.467,1,1044.0,628.0,1150.0,775.0,,,,
13390,14:17.500,1,1043.0,627.0,1150.0,775.0,,,,
13391,14:17.533,1,1042.0,627.0,1149.0,774.0,,,,
13392,14:17.567,1,1042.0,628.0,1149.0,774.0,,,,
13393,14:17.600,1,1042.0,627.0,1149.0,774.0,,,,
13394,14:17.633,1,1043.0,626.0,1150.0,773.0,,,,
13395,14:17.667,1,1043.0,626.0,1150.0,773.0,,,,
13396,14:17.700,1,1044.0,625.0,1150.0,773.0,,,,
13397,14:17.733,1,1045.0,626.0,1151.0,774.0,,,,
13398,14:17.767,1,1045.0,626.0,1151.0,774.0,,,,
13399,14:17.800,1,1045.0,627.0,1151.0,775.0,,,,
13400,14:17.833,1,1045.0,628.0,1151.0,775.0,,,,
13401,14:17.867,1,1046.0,630.0,1151.0,775.0,,,,
13402,14:17.900,1,1047.0,629.0,1152.0,776.0,,,,
13403,14:17.935,1,1048.0,631.0,1153.0,776.0,,,,
13404,14:17.968,1,1048.0,631.0,1153.0,777.0,,,,
13405,14:18.002,1,1049.0,631.0,1153.0,777.0,,,,
13406,14:18.035,1,1048.0,631.0,1153.0,776.0,,,,
13407,14:18.068,1,1049.0,630.0,1153.0,776.0,,,,
13408,14:18.102,1,1049.0,630.0,1153.0,776.0,,,,
13409,14:18.135,1,1049.0,630.0,1153.0,776.0,,,,
13410,14:18.168,1,1049.0,631.0,1154.0,777.0,,,,
13411,14:18.202,1,1049.0,632.0,1154.0,778.0,,,,
13412,14:18.235,1,1050.0,634.0,1154.0,780.0,,,,
13413,14:18.268,1,1050.0,635.0,1154.0,780.0,,,,
13414,14:18.302,1,1051.0,635.0,1155.0,780.0,,,,
13415,14:18.335,1,1052.0,635.0,1155.0,779.0,,,,
13416,14:18.368,1,1052.0,635.0,1155.0,779.0,,,,
13417,14:18.402,1,1052.0,635.0,1155.0,779.0,,,,
13418,14:18.435,1,1052.0,635.0,1155.0,779.0,,,,
13419,14:18.468,1,1051.0,635.0,1154.0,779.0,,,,
13420,14:18.502,1,1050.0,635.0,1154.0,779.0,,,,
13421,14:18.535,1,1049.0,634.0,1154.0,779.0,,,,
13422,14:18.568,1,1050.0,633.0,1154.0,779.0,,,,
13423,14:18.602,1,1050.0,633.0,1154.0,779.0,,,,
13424,14:18.635,1,1050.0,632.0,1154.0,778.0,,,,
13425,14:18.668,1,1050.0,633.0,1154.0,778.0,,,,
13426,14:18.702,1,1050.0,633.0,1154.0,779.0,,,,
13427,14:18.735,1,1049.0,633.0,1154.0,779.0,,,,
13428,14:18.768,1,1049.0,634.0,1154.0,779.0,,,,
13429,14:18.802,1,1049.0,634.0,1154.0,779.0,,,,
13430,14:18.835,1,1049.0,635.0,1154.0,780.0,,,,
13431,14:18.868,1,1050.0,635.0,1153.0,779.0,,,,
13432,14:18.902,1,1050.0,634.0,1154.0,779.0,,,,
13433,14:18.935,1,1050.0,635.0,1154.0,779.0,,,,
13434,14:18.968,1,1050.0,635.0,1154.0,779.0,,,,
13435,14:19.002,1,1050.0,636.0,1153.0,780.0,,,,
13436,14:19.035,1,1049.0,635.0,1153.0,780.0,,,,
13437,14:19.068,1,1049.0,636.0,1154.0,781.0,,,,
13438,14:19.102,1,1050.0,638.0,1153.0,782.0,,,,
13439,14:19.135,1,1050.0,639.0,1153.0,783.0,,,,
13440,14:19.168,1,1050.0,639.0,1153.0,783.0,,,,
13441,14:19.202,1,1049.0,639.0,1152.0,783.0,,,,
13442,14:19.235,1,1049.0,639.0,1152.0,783.0,,,,
13443,14:19.268,1,1048.0,638.0,1152.0,783.0,,,,
13444,14:19.302,1,1048.0,637.0,1152.0,783.0,,,,
13445,14:19.335,1,1047.0,636.0,1151.0,782.0,,,,
13446,14:19.368,1,1046.0,635.0,1151.0,782.0,,,,
13447,14:19.402,1,1046.0,635.0,1151.0,781.0,,,,
13448,14:19.435,1,1046.0,635.0,1151.0,780.0,,,,
13449,14:19.468,1,1046.0,637.0,1148.0,779.0,,,,
13450,14:19.502,1,1046.0,632.0,1150.0,779.0,,,,
13451,14:19.535,1,1046.0,631.0,1149.0,777.0,,,,
13452,14:19.568,1,1045.0,630.0,1149.0,776.0,,,,
13453,14:19.602,1,1044.0,628.0,1149.0,775.0,,,,
13454,14:19.635,1,1044.0,629.0,1148.0,774.0,,,,
13455,14:19.668,1,1043.0,629.0,1148.0,773.0,,,,
13456,14:19.702,1,1043.0,629.0,1147.0,772.0,,,,
13457,14:19.735,1,1042.0,628.0,1147.0,772.0,,,,
13458,14:19.768,1,1042.0,628.0,1146.0,771.0,,,,
13459,14:19.802,1,1040.0,626.0,1145.0,771.0,,,,
13460,14:19.835,1,1041.0,624.0,1145.0,771.0,,,,
13461,14:19.868,1,1040.0,625.0,1145.0,771.0,,,,
13462,14:19.902,1,1041.0,626.0,1144.0,771.0,,,,
13463,14:19.935,1,1041.0,627.0,1144.0,772.0,,,,
13464,14:19.968,1,1042.0,628.0,1144.0,773.0,,,,
13465,14:20.002,1,1042.0,628.0,1145.0,776.0,,,,
13466,14:20.035,1,1044.0,630.0,1146.0,775.0,,,,
13467,14:20.068,1,1044.0,631.0,1146.0,777.0,,,,
13468,14:20.102,1,1045.0,632.0,1146.0,778.0,,,,
13469,14:20.135,1,1045.0,633.0,1147.0,779.0,,,,
13470,14:20.168,1,1046.0,633.0,1147.0,779.0,,,,
13471,14:20.202,1,1046.0,633.0,1147.0,778.0,,,,
13472,14:20.235,1,1046.0,634.0,1147.0,778.0,,,,
13473,14:20.268,1,1046.0,634.0,1147.0,778.0,,,,
13474,14:20.302,1,1046.0,634.0,1147.0,778.0,,,,
13475,14:20.335,1,1047.0,634.0,1148.0,778.0,,,,
13476,14:20.368,1,1047.0,635.0,1149.0,779.0,,,,
13477,14:20.402,1,1048.0,633.0,1150.0,779.0,,,,
13478,14:20.435,1,1050.0,633.0,1151.0,778.0,,,,
13479,14:20.468,1,1050.0,634.0,1152.0,779.0,,,,
13480,14:20.502,1,1051.0,633.0,1152.0,779.0,,,,
13481,14:20.535,1,1050.0,634.0,1153.0,781.0,,,,
13482,14:20.568,1,1051.0,635.0,1153.0,781.0,,,,
13483,14:20.602,1,1052.0,637.0,1154.0,783.0,,,,
13484,14:20.635,1,1053.0,637.0,1154.0,786.0,,,,
13485,14:20.668,1,1053.0,639.0,1155.0,786.0,,,,
13486,14:20.702,1,1054.0,639.0,1156.0,785.0,,,,
13487,14:20.735,1,1055.0,638.0,1157.0,786.0,,,,
13488,14:20.768,1,1056.0,639.0,1158.0,786.0,,,,
13489,14:20.802,1,1057.0,639.0,1159.0,786.0,,,,
13490,14:20.835,1,1057.0,640.0,1159.0,786.0,,,,
13491,14:20.868,1,1057.0,640.0,1159.0,787.0,,,,
13492,14:20.902,1,1058.0,643.0,1160.0,789.0,,,,
13493,14:20.935,1,1058.0,645.0,1160.0,790.0,,,,
13494,14:20.968,1,1059.0,646.0,1161.0,790.0,,,,
13495,14:21.002,1,1060.0,646.0,1162.0,791.0,,,,
13496,14:21.035,1,1060.0,646.0,1162.0,791.0,,,,
13497,14:21.068,1,1060.0,646.0,1162.0,791.0,,,,
13498,14:21.102,1,1060.0,647.0,1162.0,791.0,,,,
13499,14:21.135,1,1060.0,647.0,1162.0,793.0,,,,
13500,14:21.168,1,1059.0,648.0,1161.0,793.0,,,,
13501,14:21.202,1,1058.0,647.0,1161.0,792.0,,,,
13502,14:21.235,1,1058.0,648.0,1160.0,792.0,,,,
13503,14:21.268,1,1057.0,647.0,1158.0,792.0,,,,
13504,14:21.302,1,1056.0,647.0,1157.0,793.0,,,,
13505,14:21.335,1,1055.0,647.0,1157.0,793.0,,,,
13506,14:21.368,1,1055.0,647.0,1157.0,793.0,,,,
13507,14:21.402,1,1055.0,646.0,1157.0,793.0,,,,
13508,14:21.435,1,1055.0,646.0,1157.0,793.0,,,,
13509,14:21.468,1,1054.0,646.0,1156.0,793.0,,,,
13510,14:21.502,1,1054.0,646.0,1156.0,793.0,,,,
13511,14:21.535,1,1053.0,646.0,1155.0,794.0,,,,
13512,14:21.568,1,1052.0,646.0,1155.0,795.0,,,,
13513,14:21.602,1,1051.0,646.0,1154.0,796.0,,,,
13514,14:21.635,1,1050.0,646.0,1154.0,798.0,,,,
13515,14:21.668,1,1050.0,646.0,1153.0,798.0,,,,
13516,14:21.702,1,1050.0,645.0,1153.0,790.0,,,,
13517,14:21.735,1,1049.0,646.0,1153.0,791.0,,,,
13518,14:21.768,1,1048.0,647.0,1152.0,792.0,,,,
13519,14:21.802,1,1048.0,649.0,1152.0,793.0,,,,
13520,14:21.835,1,1047.0,650.0,1151.0,794.0,,,,
13521,14:21.868,1,1047.0,652.0,1151.0,795.0,,,,
13522,14:21.902,1,1046.0,653.0,1151.0,796.0,,,,
13523,14:21.935,1,1046.0,654.0,1151.0,797.0,,,,
13524,14:21.968,1,1046.0,654.0,1151.0,797.0,,,,
13525,14:22.002,1,1046.0,653.0,1151.0,797.0,,,,
13526,14:22.035,1,1046.0,653.0,1151.0,797.0,,,,
13527,14:22.068,1,1045.0,654.0,1150.0,798.0,,,,
13528,14:22.102,1,1044.0,654.0,1150.0,798.0,,,,
13529,14:22.135,1,1044.0,654.0,1149.0,798.0,,,,
13530,14:22.168,1,1044.0,654.0,1149.0,798.0,,,,
13531,14:22.203,1,1044.0,654.0,1149.0,798.0,,,,
13532,14:22.237,1,1044.0,652.0,1150.0,798.0,,,,
13533,14:22.270,1,1045.0,651.0,1150.0,797.0,,,,
13534,14:22.303,1,1045.0,650.0,1150.0,797.0,,,,
13535,14:22.337,1,1045.0,650.0,1150.0,796.0,,,,
13536,14:22.370,1,1044.0,650.0,1150.0,797.0,,,,
13537,14:22.403,1,1044.0,650.0,1150.0,797.0,,,,
13538,14:22.437,1,1044.0,651.0,1150.0,797.0,,,,
13539,14:22.470,1,1044.0,651.0,1149.0,798.0,,,,
13540,14:22.503,1,1044.0,652.0,1150.0,799.0,,,,
13541,14:22.537,1,1044.0,653.0,1150.0,799.0,,,,
13542,14:22.570,1,1045.0,653.0,1150.0,799.0,,,,
13543,14:22.603,1,1045.0,652.0,1150.0,800.0,,,,
13544,14:22.637,1,1044.0,653.0,1149.0,801.0,,,,
13545,14:22.670,1,1043.0,653.0,1149.0,800.0,,,,
13546,14:22.703,1,1042.0,654.0,1148.0,800.0,,,,
13547,14:22.737,1,1042.0,655.0,1148.0,801.0,,,,
13548,14:22.770,1,1042.0,657.0,1146.0,804.0,,,,
13549,14:22.803,1,1043.0,659.0,1146.0,804.0,,,,
13550,14:22.837,1,1043.0,659.0,1146.0,805.0,,,,
13551,14:22.870,1,1043.0,661.0,1146.0,806.0,,,,
13552,14:22.903,1,1043.0,663.0,1146.0,807.0,,,,
13553,14:22.937,1,1043.0,663.0,1146.0,807.0,,,,
13554,14:22.970,1,1042.0,665.0,1146.0,809.0,,,,
13555,14:23.003,1,1042.0,665.0,1145.0,809.0,,,,
13556,14:23.037,1,1041.0,662.0,1145.0,808.0,,,,
13557,14:23.070,1,1040.0,660.0,1144.0,808.0,,,,
13558,14:23.103,1,1040.0,660.0,1143.0,807.0,,,,
13559,14:23.137,1,1040.0,660.0,1143.0,807.0,,,,
13560,14:23.170,1,1040.0,661.0,1144.0,807.0,,,,
13561,14:23.203,1,1040.0,662.0,1144.0,807.0,,,,
13562,14:23.237,1,1040.0,663.0,1144.0,807.0,,,,
13563,14:23.270,1,1040.0,664.0,1144.0,807.0,,,,
13564,14:23.303,1,1040.0,664.0,1144.0,807.0,,,,
13565,14:23.337,1,1040.0,664.0,1144.0,806.0,,,,
13566,14:23.370,1,1041.0,665.0,1144.0,806.0,,,,
13567,14:23.403,1,1040.0,665.0,1144.0,806.0,,,,
13568,14:23.437,1,1041.0,666.0,1144.0,807.0,,,,
13569,14:23.470,1,1042.0,666.0,1145.0,808.0,,,,
13570,14:23.503,1,1042.0,668.0,1146.0,810.0,,,,
13571,14:23.537,1,1043.0,670.0,1146.0,811.0,,,,
13572,14:23.570,1,1044.0,669.0,1147.0,811.0,,,,
13573,14:23.603,1,1044.0,669.0,1147.0,810.0,,,,
13574,14:23.637,1,1044.0,668.0,1147.0,816.0,,,,
13575,14:23.670,1,1043.0,668.0,1147.0,817.0,,,,
13576,14:23.703,1,1043.0,668.0,1147.0,816.0,,,,
13577,14:23.737,1,1042.0,669.0,1146.0,818.0,,,,
13578,14:23.770,1,1042.0,670.0,1146.0,819.0,,,,
13579,14:23.803,1,1042.0,672.0,1146.0,820.0,,,,
13580,14:23.837,1,1043.0,670.0,1148.0,820.0,,,,
13581,14:23.870,1,1043.0,672.0,1148.0,819.0,,,,
13582,14:23.903,1,1043.0,672.0,1148.0,819.0,,,,
13583,14:23.937,1,1043.0,673.0,1148.0,819.0,,,,
13585,14:24.003,1,1043.0,671.0,1147.0,816.0,,,,
13600,14:24.503,1,1038.0,670.0,1144.0,824.0,,,,
13615,14:25.003,1,1043.0,667.0,1144.0,809.0,,,,
13630,14:25.503,1,1085.0,671.0,1185.0,813.0,,,,
13645,14:26.003,2,1739.0,647.0,1859.0,799.0,651.0,604.0,825.0,869.0
13660,14:26.505,2,1931.0,602.0,2068.0,763.0,828.0,578.0,994.0,826.0
13675,14:27.005,2,750.0,715.0,917.0,956.0,1838.0,705.0,1964.0,862.0
13690,14:27.505,2,1952.0,555.0,2090.0,719.0,830.0,590.0,997.0,819.0
13705,14:28.005,2,2030.0,717.0,2172.0,885.0,918.0,606.0,1080.0,860.0
13720,14:28.505,2,2106.0,424.0,2258.0,599.0,933.0,437.0,1097.0,687.0
13735,14:29.005,2,2011.0,605.0,2155.0,771.0,896.0,543.0,1061.0,779.0
13750,14:29.505,2,1998.0,591.0,2141.0,759.0,885.0,524.0,1048.0,774.0
13765,14:30.005,1,13.0,537.0,180.0,723.0,,,,
13780,14:30.505,0,,,,,,,,
13796,14:31.032,0,,,,,,,,
13811,14:31.532,1,-53.0,590.0,89.0,775.0,,,,
13826,14:32.032,1,-37.0,621.0,114.0,799.0,,,,
13841,14:32.532,1,-29.0,616.0,119.0,798.0,,,,
13856,14:33.032,1,-8.0,573.0,144.0,752.0,,,,
13871,14:33.532,1,187.0,435.0,350.0,619.0,,,,
13886,14:34.032,1,471.0,321.0,617.0,498.0,,,,
13901,14:34.532,1,397.0,370.0,547.0,541.0,,,,
13916,14:35.033,1,322.0,369.0,478.0,538.0,,,,
13930,14:35.500,1,253.0,647.0,402.0,814.0,,,,
13945,14:36.000,1,738.0,907.0,851.0,1049.0,,,,
13960,14:36.500,1,500.0,1176.0,646.0,1318.0,,,,
13975,14:37.000,1,483.0,1172.0,624.0,1317.0,,,,
13990,14:37.500,1,454.0,947.0,582.0,1100.0,,,,
14005,14:38.000,1,440.0,735.0,570.0,888.0,,,,
14020,14:38.500,1,458.0,640.0,586.0,798.0,,,,
14035,14:39.000,1,461.0,758.0,590.0,926.0,,,,
14050,14:39.502,1,640.0,498.0,762.0,657.0,,,,
14065,14:40.002,1,567.0,651.0,689.0,804.0,,,,
14080,14:40.502,1,721.0,696.0,833.0,842.0,,,,
14095,14:41.002,1,879.0,586.0,989.0,740.0,,,,
14110,14:41.502,1,878.0,628.0,987.0,773.0,,,,
14125,14:42.002,1,876.0,621.0,985.0,774.0,,,,
14140,14:42.502,1,880.0,657.0,990.0,808.0,,,,
14155,14:43.002,1,884.0,803.0,995.0,954.0,,,,
14170,14:43.502,1,893.0,718.0,1001.0,865.0,,,,
14185,14:44.003,1,888.0,605.0,998.0,755.0,,,,
14200,14:44.503,1,872.0,621.0,981.0,774.0,,,,
14215,14:45.003,1,849.0,626.0,962.0,776.0,,,,
14230,14:45.503,1,838.0,668.0,949.0,821.0,,,,
14245,14:46.003,1,511.0,746.0,637.0,904.0,,,,
14260,14:46.503,1,69.0,741.0,235.0,918.0,,,,
14275,14:47.003,1,-43.0,806.0,100.0,981.0,,,,
14290,14:47.503,0,,,,,,,,
14305,14:48.005,0,,,,,,,,
14320,14:48.505,0,,,,,,,,
14335,14:49.005,1,-13.0,627.0,149.0,807.0,,,,
14350,14:49.505,1,-33.0,640.0,122.0,827.0,,,,
14365,14:50.005,1,-39.0,694.0,110.0,872.0,,,,
14380,14:50.505,1,-3.0,587.0,161.0,771.0,,,,
14395,14:51.005,1,33.0,684.0,202.0,865.0,,,,
14411,14:51.530,1,53.0,686.0,222.0,867.0,,,,
14426,14:52.030,1,596.0,767.0,718.0,918.0,,,,
14441,14:52.532,1,835.0,631.0,946.0,778.0,,,,
14456,14:53.032,1,607.0,543.0,729.0,703.0,,,,
14471,14:53.532,1,389.0,652.0,522.0,813.0,,,,
14486,14:54.032,1,526.0,792.0,652.0,946.0,,,,
14501,14:54.532,1,917.0,694.0,1027.0,849.0,,,,
14516,14:55.032,1,757.0,625.0,870.0,776.0,,,,
14531,14:55.532,0,,,,,,,,
14546,14:56.032,0,,,,,,,,
14560,14:56.500,0,,,,,,,,
14575,14:57.000,0,,,,,,,,
14590,14:57.500,0,,,,,,,,
14605,14:58.000,0,,,,,,,,
14620,14:58.500,0,,,,,,,,
14635,14:59.000,0,,,,,,,,
14650,14:59.500,1,903.0,352.0,1018.0,512.0,,,,
14665,15:00.000,1,1152.0,486.0,1260.0,636.0,,,,
14680,15:00.500,2,1219.0,504.0,1329.0,656.0,-70.0,401.0,181.0,712.0
14695,15:01.002,2,1201.0,507.0,1309.0,662.0,-91.0,399.0,153.0,715.0
14710,15:01.502,2,1196.0,502.0,1304.0,659.0,-99.0,394.0,145.0,711.0
14725,15:02.002,1,1170.0,494.0,1279.0,641.0,,,,
14740,15:02.502,1,1131.0,494.0,1241.0,649.0,,,,
14755,15:03.002,1,638.0,471.0,759.0,634.0,,,,
14770,15:03.502,1,23.0,539.0,192.0,722.0,,,,
14785,15:04.002,1,186.0,637.0,338.0,808.0,,,,
14800,15:04.502,1,251.0,713.0,398.0,883.0,,,,
14815,15:05.003,1,274.0,752.0,418.0,918.0,,,,
14830,15:05.503,1,262.0,689.0,408.0,860.0,,,,
14845,15:06.003,1,189.0,678.0,343.0,853.0,,,,
14860,15:06.503,0,,,,,,,,
14875,15:07.003,1,-5.0,658.0,153.0,839.0,,,,
14890,15:07.503,1,88.0,625.0,251.0,803.0,,,,
14905,15:08.003,1,107.0,618.0,269.0,795.0,,,,
14920,15:08.503,1,145.0,620.0,302.0,794.0,,,,
14935,15:09.003,1,209.0,629.0,359.0,800.0,,,,
14950,15:09.505,1,229.0,629.0,379.0,801.0,,,,
14965,15:10.005,1,211.0,645.0,363.0,813.0,,,,
14980,15:10.505,1,209.0,654.0,361.0,824.0,,,,
14995,15:11.005,1,219.0,662.0,369.0,832.0,,,,
15011,15:11.530,1,214.0,671.0,365.0,839.0,,,,
15026,15:12.030,1,203.0,670.0,354.0,845.0,,,,
15041,15:12.530,1,193.0,674.0,343.0,849.0,,,,
15056,15:13.030,1,202.0,669.0,351.0,840.0,,,,
15071,15:13.532,1,199.0,672.0,350.0,839.0,,,,
15086,15:14.032,1,204.0,667.0,353.0,835.0,,,,
15101,15:14.532,1,208.0,663.0,357.0,834.0,,,,
15116,15:15.032,1,208.0,658.0,356.0,827.0,,,,
15131,15:15.532,1,210.0,654.0,359.0,826.0,,,,
15146,15:16.032,1,208.0,651.0,358.0,819.0,,,,
15161,15:16.532,1,210.0,651.0,361.0,823.0,,,,
15176,15:17.032,1,208.0,646.0,358.0,814.0,,,,
15191,15:17.532,1,212.0,646.0,364.0,817.0,,,,
15205,15:18.000,1,214.0,645.0,365.0,814.0,,,,
15220,15:18.500,1,211.0,645.0,360.0,814.0,,,,
15235,15:19.000,1,211.0,636.0,361.0,808.0,,,,
15250,15:19.500,1,206.0,633.0,356.0,803.0,,,,
15265,15:20.000,1,206.0,627.0,357.0,799.0,,,,
15280,15:20.500,1,204.0,629.0,355.0,799.0,,,,
15295,15:21.000,1,209.0,625.0,359.0,798.0,,,,
15310,15:21.500,1,207.0,634.0,356.0,802.0,,,,
15325,15:22.000,1,207.0,630.0,358.0,801.0,,,,
15340,15:22.502,1,205.0,630.0,355.0,801.0,,,,
15355,15:23.002,1,206.0,628.0,356.0,799.0,,,,
15370,15:23.502,1,215.0,622.0,366.0,792.0,,,,
15385,15:24.002,1,233.0,622.0,382.0,794.0,,,,
15400,15:24.502,1,271.0,591.0,415.0,761.0,,,,
15415,15:25.002,1,285.0,579.0,429.0,749.0,,,,
15430,15:25.502,1,283.0,573.0,427.0,745.0,,,,
15445,15:26.002,1,288.0,609.0,430.0,774.0,,,,
15460,15:26.503,1,288.0,618.0,432.0,785.0,,,,
15475,15:27.003,1,286.0,587.0,429.0,757.0,,,,
15490,15:27.503,1,280.0,593.0,427.0,766.0,,,,
15505,15:28.003,1,280.0,592.0,425.0,764.0,,,,
15520,15:28.503,1,278.0,580.0,424.0,750.0,,,,
15535,15:29.003,1,318.0,572.0,459.0,742.0,,,,
15550,15:29.503,1,395.0,611.0,531.0,774.0,,,,
15565,15:30.003,1,349.0,643.0,490.0,807.0,,,,
15580,15:30.503,1,336.0,649.0,474.0,815.0,,,,
15595,15:31.005,1,345.0,651.0,484.0,819.0,,,,
15611,15:31.530,1,345.0,649.0,485.0,814.0,,,,
15626,15:32.030,1,358.0,586.0,497.0,752.0,,,,
15641,15:32.530,1,188.0,496.0,344.0,673.0,,,,
15656,15:33.030,1,189.0,533.0,343.0,709.0,,,,
15671,15:33.530,1,183.0,658.0,337.0,827.0,,,,
15686,15:34.030,1,255.0,718.0,402.0,887.0,,,,
15701,15:34.530,1,476.0,583.0,608.0,745.0,,,,
15716,15:35.032,2,1278.0,681.0,1386.0,828.0,68.0,648.0,307.0,939.0
15731,15:35.532,2,1306.0,656.0,1417.0,802.0,117.0,610.0,348.0,898.0
15746,15:36.032,2,1423.0,658.0,1534.0,801.0,293.0,591.0,500.0,878.0
15761,15:36.532,1,730.0,590.0,849.0,741.0,,,,
15776,15:37.032,1,226.0,584.0,380.0,757.0,,,,
15791,15:37.532,1,17.0,604.0,192.0,786.0,,,,
15806,15:38.032,1,84.0,621.0,252.0,797.0,,,,
15821,15:38.532,1,246.0,684.0,395.0,857.0,,,,
15836,15:39.032,1,296.0,679.0,440.0,844.0,,,,
15850,15:39.500,1,326.0,667.0,466.0,829.0,,,,
15865,15:40.000,1,343.0,656.0,481.0,827.0,,,,
15880,15:40.500,1,317.0,646.0,457.0,809.0,,,,
15895,15:41.000,1,325.0,651.0,464.0,810.0,,,,
15910,15:41.500,1,330.0,641.0,468.0,802.0,,,,
15925,15:42.000,1,336.0,631.0,475.0,798.0,,,,
15940,15:42.500,1,334.0,625.0,474.0,794.0,,,,
15955,15:43.000,1,337.0,635.0,475.0,799.0,,,,
15970,15:43.502,1,338.0,649.0,477.0,814.0,,,,
15985,15:44.002,1,389.0,754.0,523.0,917.0,,,,
16000,15:44.502,1,392.0,747.0,525.0,906.0,,,,
16015,15:45.002,1,619.0,377.0,747.0,545.0,,,,
16030,15:45.502,1,541.0,530.0,667.0,689.0,,,,
16045,15:46.002,1,599.0,581.0,719.0,734.0,,,,
16060,15:46.502,1,527.0,571.0,651.0,730.0,,,,
16075,15:47.002,1,487.0,567.0,615.0,724.0,,,,
16090,15:47.502,1,492.0,621.0,618.0,779.0,,,,
16106,15:48.003,0,,,,,,,,
16121,15:48.503,2,1695.0,626.0,1873.0,849.0,-11.0,512.0,213.0,785.0
16136,15:49.003,1,1552.0,652.0,1719.0,864.0,,,,
16151,15:49.503,1,1546.0,629.0,1712.0,842.0,,,,
16166,15:50.003,2,1732.0,614.0,1912.0,836.0,13.0,561.0,243.0,844.0
16182,15:50.528,1,718.0,581.0,880.0,811.0,,,,
16197,15:51.028,2,1662.0,558.0,1835.0,777.0,-89.0,543.0,138.0,826.0
16212,15:51.528,1,1394.0,534.0,1552.0,741.0,,,,
16227,15:52.028,1,1472.0,552.0,1630.0,761.0,,,,
16242,15:52.530,1,690.0,549.0,851.0,786.0,,,,
16257,15:53.030,1,802.0,543.0,955.0,771.0,,,,
16272,15:53.530,1,967.0,524.0,1113.0,748.0,,,,
16287,15:54.030,1,976.0,528.0,1121.0,745.0,,,,
16302,15:54.530,1,952.0,525.0,1095.0,744.0,,,,
16317,15:55.030,1,935.0,529.0,1076.0,743.0,,,,
16332,15:55.530,1,1598.0,538.0,1773.0,762.0,,,,
16347,15:56.030,1,1362.0,552.0,1522.0,769.0,,,,
16362,15:56.532,1,1315.0,564.0,1473.0,777.0,,,,
16377,15:57.032,1,1310.0,572.0,1465.0,781.0,,,,
16392,15:57.532,1,1358.0,590.0,1515.0,798.0,,,,
16407,15:58.032,1,1452.0,610.0,1612.0,821.0,,,,
16422,15:58.532,1,1464.0,601.0,1630.0,814.0,,,,
16437,15:59.032,1,1461.0,606.0,1627.0,818.0,,,,
16452,15:59.532,1,1475.0,617.0,1638.0,832.0,,,,
16467,16:00.032,1,1489.0,616.0,1652.0,833.0,,,,
16482,16:00.532,1,1555.0,628.0,1723.0,839.0,,,,
16496,16:01.000,1,1617.0,629.0,1786.0,844.0,,,,
16511,16:01.500,2,1664.0,627.0,1838.0,850.0,-74.0,497.0,161.0,779.0
16526,16:02.000,2,1848.0,606.0,2039.0,841.0,180.0,530.0,390.0,800.0
16541,16:02.500,1,1464.0,667.0,1630.0,884.0,,,,
16556,16:03.000,1,1230.0,685.0,1390.0,898.0,,,,
16571,16:03.500,1,1221.0,677.0,1378.0,891.0,,,,
16586,16:04.000,1,1237.0,628.0,1398.0,845.0,,,,
16601,16:04.500,1,1250.0,619.0,1408.0,827.0,,,,
16616,16:05.002,1,1243.0,628.0,1398.0,837.0,,,,
16631,16:05.502,1,1244.0,631.0,1399.0,840.0,,,,
16646,16:06.002,1,1246.0,614.0,1401.0,819.0,,,,
16661,16:06.502,1,1270.0,571.0,1424.0,779.0,,,,
16676,16:07.002,1,1547.0,746.0,1723.0,953.0,,,,
16691,16:07.502,1,1484.0,821.0,1679.0,1011.0,,,,
16706,16:08.002,1,1238.0,529.0,1396.0,740.0,,,,
16721,16:08.502,1,1225.0,526.0,1382.0,739.0,,,,
16736,16:09.002,1,1206.0,308.0,1364.0,536.0,,,,
16751,16:09.503,1,1187.0,416.0,1344.0,636.0,,,,
16766,16:10.003,1,1220.0,415.0,1375.0,628.0,,,,
16782,16:10.528,1,1235.0,489.0,1392.0,703.0,,,,
16797,16:11.028,1,1229.0,492.0,1388.0,704.0,,,,
16812,16:11.528,1,1227.0,526.0,1379.0,728.0,,,,
16827,16:12.028,1,1244.0,518.0,1399.0,726.0,,,,
16842,16:12.528,1,1245.0,537.0,1399.0,745.0,,,,
16857,16:13.028,1,1268.0,592.0,1421.0,797.0,,,,
16872,16:13.530,1,1264.0,568.0,1415.0,785.0,,,,
16888,16:14.030,1,1244.0,721.0,1398.0,934.0,,,,
16903,16:14.530,1,1227.0,792.0,1380.0,1008.0,,,,
16918,16:15.030,1,1232.0,735.0,1382.0,944.0,,,,
16933,16:15.530,1,1293.0,678.0,1447.0,891.0,,,,
16948,16:16.030,1,1389.0,666.0,1547.0,878.0,,,,
16963,16:16.530,1,1446.0,681.0,1604.0,894.0,,,,
16978,16:17.030,1,1486.0,702.0,1649.0,916.0,,,,
16993,16:17.530,1,1504.0,729.0,1666.0,943.0,,,,
17008,16:18.032,1,1567.0,729.0,1738.0,950.0,,,,
17023,16:18.532,2,2085.0,465.0,2327.0,736.0,386.0,362.0,574.0,618.0
17038,16:19.032,2,1737.0,484.0,1929.0,726.0,-60.0,267.0,185.0,574.0
17053,16:19.532,1,1602.0,563.0,1778.0,788.0,,,,
17068,16:20.032,2,1784.0,565.0,1978.0,797.0,75.0,446.0,291.0,721.0
17083,16:20.532,1,615.0,552.0,779.0,786.0,,,,
17098,16:21.032,1,639.0,552.0,798.0,785.0,,,,
17113,16:21.532,1,646.0,553.0,818.0,789.0,,,,
17127,16:22.000,1,864.0,575.0,1020.0,793.0,,,,
17142,16:22.500,1,878.0,600.0,1031.0,820.0,,,,
17157,16:23.000,1,837.0,612.0,987.0,833.0,,,,
17172,16:23.500,1,894.0,570.0,1037.0,792.0,,,,
17187,16:24.000,1,904.0,483.0,1054.0,709.0,,,,
17202,16:24.500,1,950.0,568.0,1092.0,790.0,,,,
17217,16:25.000,1,994.0,445.0,1139.0,672.0,,,,
17232,16:25.500,1,1026.0,426.0,1173.0,655.0,,,,
17247,16:26.000,1,796.0,431.0,948.0,662.0,,,,
17262,16:26.502,1,1503.0,589.0,1670.0,814.0,,,,
17277,16:27.002,1,1576.0,581.0,1748.0,799.0,,,,
17292,16:27.502,1,1579.0,584.0,1751.0,805.0,,,,
17307,16:28.002,1,1580.0,564.0,1756.0,784.0,,,,
17322,16:28.502,1,1615.0,542.0,1789.0,769.0,,,,
17337,16:29.002,2,1860.0,504.0,2058.0,748.0,210.0,366.0,410.0,634.0
17352,16:29.502,2,580.0,392.0,747.0,643.0,2273.0,408.0,2473.0,682.0
17367,16:30.002,2,467.0,360.0,653.0,609.0,2171.0,393.0,2396.0,665.0
17383,16:30.527,2,440.0,288.0,629.0,553.0,2163.0,338.0,2403.0,614.0
17398,16:31.028,2,494.0,271.0,671.0,531.0,2201.0,318.0,2430.0,600.0
17413,16:31.528,2,1888.0,440.0,2096.0,684.0,193.0,307.0,397.0,585.0
17428,16:32.028,1,1495.0,600.0,1660.0,820.0,,,,
17443,16:32.528,2,1662.0,649.0,1842.0,869.0,-32.0,556.0,183.0,836.0
17458,16:33.028,1,1524.0,665.0,1694.0,879.0,,,,
17473,16:33.528,1,1500.0,646.0,1671.0,867.0,,,,
17488,16:34.028,1,1445.0,638.0,1614.0,855.0,,,,
17503,16:34.528,1,1449.0,611.0,1618.0,827.0,,,,
17518,16:35.030,1,1465.0,597.0,1633.0,822.0,,,,
17533,16:35.530,1,1392.0,596.0,1557.0,814.0,,,,
17548,16:36.030,1,1437.0,601.0,1604.0,815.0,,,,
17563,16:36.530,1,1483.0,580.0,1650.0,793.0,,,,
17578,16:37.030,1,1505.0,606.0,1673.0,819.0,,,,
17593,16:37.530,1,1495.0,606.0,1660.0,821.0,,,,
17608,16:38.030,1,1485.0,592.0,1651.0,807.0,,,,
17623,16:38.530,1,1477.0,593.0,1643.0,807.0,,,,
17638,16:39.030,1,1476.0,592.0,1642.0,813.0,,,,
17653,16:39.532,1,1489.0,601.0,1654.0,816.0,,,,
17668,16:40.032,2,1777.0,601.0,1966.0,830.0,95.0,471.0,316.0,748.0
17683,16:40.532,1,858.0,565.0,1017.0,793.0,,,,
17698,16:41.032,1,915.0,561.0,1068.0,791.0,,,,
17713,16:41.532,1,939.0,555.0,1092.0,782.0,,,,
17728,16:42.032,1,938.0,557.0,1091.0,784.0,,,,
17743,16:42.532,1,934.0,550.0,1085.0,785.0,,,,
17758,16:43.032,1,968.0,531.0,1114.0,758.0,,,,
17772,16:43.500,1,725.0,570.0,884.0,793.0,,,,
17787,16:44.000,1,1366.0,590.0,1530.0,802.0,,,,
17802,16:44.500,1,1441.0,597.0,1609.0,819.0,,,,
17817,16:45.000,2,1743.0,434.0,1939.0,675.0,10.0,574.0,268.0,856.0
17832,16:45.500,1,1558.0,587.0,1726.0,806.0,,,,
17847,16:46.000,1,1261.0,664.0,1416.0,879.0,,,,
17862,16:46.500,1,1358.0,647.0,1519.0,859.0,,,,
17877,16:47.000,1,1379.0,643.0,1538.0,854.0,,,,
17892,16:47.500,1,1388.0,648.0,1549.0,855.0,,,,
17907,16:48.002,1,1405.0,648.0,1567.0,855.0,,,,
17922,16:48.502,1,1411.0,646.0,1572.0,851.0,,,,
17937,16:49.002,1,1414.0,643.0,1571.0,847.0,,,,
17952,16:49.502,1,1413.0,641.0,1572.0,851.0,,,,
17967,16:50.002,1,1416.0,645.0,1574.0,851.0,,,,
17982,16:50.502,1,1429.0,629.0,1588.0,840.0,,,,
17997,16:51.002,1,1449.0,637.0,1606.0,847.0,,,,
18013,16:51.527,1,1467.0,655.0,1626.0,869.0,,,,
18028,16:52.028,1,1500.0,652.0,1662.0,869.0,,,,
18043,16:52.528,1,1528.0,638.0,1696.0,856.0,,,,
18058,16:53.028,1,1525.0,625.0,1693.0,843.0,,,,
18073,16:53.528,1,1532.0,619.0,1700.0,831.0,,,,
18088,16:54.028,1,1515.0,616.0,1684.0,834.0,,,,
18103,16:54.528,1,1501.0,604.0,1667.0,818.0,,,,
18118,16:55.028,1,1480.0,612.0,1643.0,832.0,,,,
18133,16:55.528,1,1509.0,635.0,1673.0,849.0,,,,
18148,16:56.028,1,1566.0,645.0,1734.0,859.0,,,,
18163,16:56.530,1,1588.0,648.0,1763.0,871.0,,,,
18178,16:57.030,1,1640.0,640.0,1820.0,861.0,,,,
18193,16:57.530,2,1692.0,620.0,1877.0,850.0,-48.0,478.0,188.0,765.0
18208,16:58.030,2,1728.0,624.0,1913.0,849.0,-4.0,476.0,233.0,761.0
18223,16:58.530,2,1935.0,595.0,2149.0,837.0,269.0,530.0,474.0,786.0
18238,16:59.030,2,504.0,551.0,686.0,795.0,2170.0,577.0,2406.0,835.0
18253,16:59.530,1,1392.0,547.0,1558.0,763.0,,,,
18268,17:00.030,1,1531.0,560.0,1704.0,781.0,,,,
18283,17:00.532,2,503.0,567.0,685.0,805.0,2218.0,566.0,2442.0,813.0
18298,17:01.032,1,961.0,576.0,1118.0,798.0,,,,
18313,17:01.532,1,1154.0,513.0,1312.0,735.0,,,,
18328,17:02.032,1,1199.0,401.0,1361.0,625.0,,,,
18343,17:02.532,1,1193.0,389.0,1353.0,617.0,,,,
18358,17:03.032,1,1177.0,410.0,1335.0,639.0,,,,
18373,17:03.532,1,1167.0,420.0,1327.0,650.0,,,,
18388,17:04.032,1,843.0,449.0,1010.0,684.0,,,,
18403,17:04.532,1,1479.0,522.0,1646.0,736.0,,,,
18417,17:05.000,2,1712.0,518.0,1899.0,742.0,0.0,409.0,229.0,695.0
18432,17:05.500,1,1490.0,532.0,1658.0,753.0,,,,
18447,17:06.000,1,1477.0,510.0,1643.0,727.0,,,,
18462,17:06.500,1,1475.0,494.0,1644.0,713.0,,,,
18477,17:07.000,1,1493.0,484.0,1660.0,695.0,,,,
18492,17:07.500,1,1515.0,436.0,1688.0,657.0,,,,
18507,17:08.000,2,1921.0,459.0,2126.0,698.0,264.0,377.0,462.0,642.0
18522,17:08.500,2,1623.0,481.0,1792.0,710.0,-91.0,387.0,111.0,663.0
18537,17:09.000,1,1456.0,496.0,1617.0,712.0,,,,
18552,17:09.502,1,1524.0,516.0,1692.0,732.0,,,,
18567,17:10.002,1,819.0,497.0,977.0,730.0,,,,
18582,17:10.502,1,886.0,498.0,1042.0,724.0,,,,
18597,17:11.002,1,913.0,511.0,1074.0,741.0,,,,
18612,17:11.502,1,949.0,514.0,1108.0,739.0,,,,
18628,17:12.027,1,975.0,504.0,1124.0,724.0,,,,
18643,17:12.527,1,855.0,293.0,1013.0,535.0,,,,
18658,17:13.027,1,938.0,468.0,1090.0,695.0,,,,
18673,17:13.528,1,983.0,463.0,1141.0,686.0,,,,
18688,17:14.028,1,986.0,453.0,1143.0,683.0,,,,
18703,17:14.528,1,965.0,444.0,1124.0,681.0,,,,
18718,17:15.028,1,930.0,447.0,1088.0,677.0,,,,
18733,17:15.528,1,1386.0,563.0,1549.0,778.0,,,,
18748,17:16.028,1,1382.0,583.0,1542.0,793.0,,,,
18763,17:16.528,1,1396.0,582.0,1560.0,792.0,,,,
18778,17:17.028,1,1430.0,571.0,1595.0,785.0,,,,
18793,17:17.528,1,1438.0,581.0,1602.0,794.0,,,,
18808,17:18.030,1,1440.0,582.0,1604.0,794.0,,,,
18823,17:18.530,1,1440.0,584.0,1603.0,794.0,,,,
18838,17:19.030,1,1451.0,606.0,1615.0,815.0,,,,
18853,17:19.530,1,1450.0,634.0,1617.0,845.0,,,,
18868,17:20.030,1,1459.0,631.0,1627.0,842.0,,,,
18883,17:20.530,1,1462.0,631.0,1631.0,848.0,,,,
18898,17:21.030,1,1456.0,637.0,1620.0,849.0,,,,
18913,17:21.530,1,1451.0,640.0,1610.0,851.0,,,,
18928,17:22.032,1,1458.0,639.0,1619.0,849.0,,,,
18943,17:22.532,1,1460.0,638.0,1624.0,847.0,,,,
18958,17:23.032,1,1466.0,644.0,1627.0,852.0,,,,
18973,17:23.532,1,1470.0,651.0,1632.0,863.0,,,,
18988,17:24.032,1,1492.0,659.0,1659.0,877.0,,,,
19003,17:24.532,1,1595.0,651.0,1769.0,872.0,,,,
19018,17:25.032,1,878.0,584.0,1028.0,808.0,,,,
19033,17:25.532,1,1113.0,619.0,1263.0,838.0,,,,
19048,17:26.032,1,1079.0,681.0,1232.0,901.0,,,,
19062,17:26.500,1,1040.0,676.0,1191.0,897.0,,,,
19077,17:27.000,1,997.0,616.0,1147.0,836.0,,,,
19092,17:27.500,1,955.0,484.0,1110.0,717.0,,,,
19107,17:28.000,1,962.0,517.0,1115.0,739.0,,,,
19124,17:28.500,1,969.0,519.0,1115.0,739.0,,,,
19140,17:29.000,1,943.0,524.0,1088.0,744.0,,,,
19156,17:29.500,1,725.0,577.0,879.0,800.0,,,,
19172,17:30.000,2,1694.0,594.0,1874.0,810.0,14.0,559.0,236.0,836.0
19188,17:30.500,2,1652.0,584.0,1827.0,804.0,-33.0,531.0,182.0,810.0
19203,17:31.002,2,1647.0,583.0,1821.0,807.0,-50.0,491.0,169.0,774.0
19218,17:31.502,2,31.0,521.0,264.0,800.0,1730.0,580.0,1913.0,810.0
19233,17:32.002,2,1737.0,586.0,1920.0,818.0,27.0,521.0,268.0,796.0
19249,17:32.527,2,1713.0,530.0,1895.0,762.0,-18.0,459.0,223.0,739.0
19264,17:33.027,2,1717.0,521.0,1897.0,748.0,-8.0,411.0,233.0,698.0
19279,17:33.527,2,1744.0,531.0,1926.0,763.0,32.0,438.0,267.0,717.0
19294,17:34.027,2,1722.0,526.0,1905.0,754.0,-7.0,415.0,233.0,704.0
19309,17:34.527,2,1734.0,527.0,1919.0,761.0,7.0,419.0,246.0,705.0
19324,17:35.028,2,1750.0,530.0,1937.0,761.0,28.0,438.0,266.0,721.0
19339,17:35.528,2,1749.0,537.0,1937.0,769.0,32.0,437.0,266.0,721.0
19354,17:36.028,2,1758.0,534.0,1947.0,762.0,39.0,427.0,275.0,708.0
19369,17:36.528,2,1756.0,533.0,1942.0,762.0,38.0,426.0,273.0,706.0
19384,17:37.028,2,1753.0,530.0,1941.0,761.0,37.0,424.0,273.0,705.0
19399,17:37.528,2,1752.0,537.0,1942.0,766.0,41.0,425.0,275.0,704.0
19414,17:38.028,2,1740.0,537.0,1926.0,762.0,27.0,437.0,265.0,718.0
19429,17:38.528,2,1717.0,577.0,1899.0,794.0,2.0,479.0,237.0,768.0
19444,17:39.028,2,19.0,507.0,251.0,790.0,1724.0,609.0,1905.0,826.0
19459,17:39.530,2,17.0,524.0,247.0,802.0,1718.0,604.0,1903.0,823.0
19474,17:40.030,2,1729.0,615.0,1914.0,839.0,28.0,526.0,261.0,803.0
19489,17:40.530,2,1732.0,631.0,1919.0,851.0,39.0,529.0,270.0,807.0
19504,17:41.030,2,1730.0,622.0,1912.0,847.0,34.0,518.0,268.0,794.0
19519,17:41.530,2,1727.0,615.0,1907.0,836.0,39.0,502.0,269.0,782.0
19534,17:42.030,2,1721.0,619.0,1900.0,845.0,37.0,495.0,268.0,777.0
19549,17:42.530,2,19.0,499.0,251.0,779.0,1709.0,618.0,1886.0,842.0
19564,17:43.030,2,25.0,517.0,256.0,795.0,1710.0,634.0,1885.0,853.0
19579,17:43.532,2,1719.0,624.0,1898.0,849.0,34.0,499.0,263.0,782.0
19594,17:44.032,2,1725.0,628.0,1906.0,852.0,28.0,501.0,259.0,779.0
19609,17:44.532,2,1735.0,639.0,1913.0,858.0,49.0,505.0,277.0,785.0
19624,17:45.032,2,1732.0,634.0,1910.0,855.0,43.0,503.0,273.0,782.0
19639,17:45.532,2,1736.0,642.0,1917.0,873.0,52.0,519.0,279.0,793.0
19654,17:46.032,2,1761.0,646.0,1944.0,872.0,87.0,513.0,307.0,781.0
19669,17:46.532,2,1761.0,639.0,1950.0,864.0,72.0,510.0,296.0,780.0
19684,17:47.032,2,1645.0,641.0,1822.0,861.0,-91.0,502.0,134.0,781.0
19699,17:47.532,2,1833.0,622.0,2030.0,860.0,169.0,544.0,379.0,807.0
19713,17:48.000,2,1695.0,615.0,1879.0,846.0,-31.0,522.0,196.0,806.0
19728,17:48.500,2,1710.0,661.0,1895.0,889.0,2.0,576.0,234.0,859.0
19743,17:49.000,1,1460.0,717.0,1626.0,934.0,,,,
19758,17:49.500,1,1398.0,718.0,1559.0,936.0,,,,
19773,17:50.000,1,1384.0,711.0,1545.0,925.0,,,,
19788,17:50.500,1,659.0,869.0,832.0,1093.0,,,,
19803,17:51.000,1,975.0,745.0,1132.0,957.0,,,,
19818,17:51.500,1,1268.0,687.0,1428.0,900.0,,,,
19834,17:52.027,1,1337.0,696.0,1496.0,908.0,,,,
19849,17:52.527,2,1673.0,657.0,1852.0,884.0,-57.0,587.0,174.0,875.0
19864,17:53.027,2,1636.0,639.0,1814.0,859.0,-91.0,603.0,124.0,886.0
19879,17:53.527,1,705.0,635.0,864.0,858.0,,,,
19894,17:54.027,1,765.0,604.0,920.0,830.0,,,,
19909,17:54.527,1,809.0,607.0,964.0,834.0,,,,
19924,17:55.027,2,494.0,582.0,670.0,815.0,2119.0,561.0,2350.0,816.0
19939,17:55.527,2,1980.0,579.0,2192.0,823.0,367.0,604.0,553.0,846.0
19954,17:56.027,2,1910.0,571.0,2116.0,813.0,296.0,587.0,487.0,840.0
19969,17:56.528,2,1945.0,582.0,2156.0,829.0,335.0,575.0,519.0,830.0
19984,17:57.028,2,1927.0,580.0,2135.0,819.0,309.0,553.0,495.0,807.0
19999,17:57.528,2,1861.0,558.0,2060.0,796.0,194.0,515.0,407.0,773.0
20014,17:58.028,1,1485.0,530.0,1653.0,748.0,,,,
20029,17:58.528,1,909.0,551.0,1067.0,778.0,,,,
20044,17:59.028,1,968.0,530.0,1125.0,753.0,,,,
20059,17:59.528,1,966.0,532.0,1123.0,756.0,,,,
20074,18:00.028,1,980.0,529.0,1135.0,748.0,,,,
20089,18:00.530,1,954.0,528.0,1112.0,748.0,,,,
20104,18:01.030,1,924.0,509.0,1081.0,731.0,,,,
20119,18:01.530,1,841.0,512.0,1000.0,735.0,,,,
20134,18:02.030,1,1620.0,463.0,1799.0,691.0,,,,
20149,18:02.530,1,1609.0,494.0,1783.0,721.0,,,,
20164,18:03.030,2,1652.0,494.0,1834.0,722.0,-93.0,403.0,125.0,685.0
20179,18:03.530,1,1613.0,522.0,1785.0,745.0,,,,
20194,18:04.030,1,1625.0,529.0,1801.0,757.0,,,,
20209,18:04.530,1,1606.0,607.0,1779.0,830.0,,,,
20224,18:05.032,1,1593.0,573.0,1765.0,793.0,,,,
20239,18:05.532,1,1569.0,587.0,1743.0,801.0,,,,
20254,18:06.032,1,1563.0,583.0,1736.0,801.0,,,,
20269,18:06.532,1,1558.0,588.0,1731.0,809.0,,,,
20284,18:07.032,1,1552.0,594.0,1724.0,816.0,,,,
20299,18:07.532,1,1552.0,607.0,1722.0,828.0,,,,
20314,18:08.032,1,1494.0,481.0,1662.0,705.0,,,,
20329,18:08.532,1,1531.0,564.0,1700.0,785.0,,,,
20344,18:09.033,1,1564.0,585.0,1735.0,803.0,,,,
20358,18:09.500,1,1579.0,593.0,1750.0,812.0,,,,
20373,18:10.000,1,1592.0,642.0,1763.0,855.0,,,,
20388,18:10.500,2,1631.0,574.0,1808.0,797.0,-91.0,440.0,128.0,724.0
20403,18:11.000,1,1580.0,652.0,1749.0,866.0,,,,
20418,18:11.500,1,1596.0,627.0,1766.0,847.0,,,,
20434,18:12.025,1,1596.0,647.0,1772.0,863.0,,,,
20449,18:12.525,1,1587.0,643.0,1761.0,860.0,,,,
20464,18:13.025,1,1579.0,636.0,1754.0,849.0,,,,
20479,18:13.527,1,1570.0,643.0,1746.0,854.0,,,,
20494,18:14.027,1,1555.0,620.0,1727.0,838.0,,,,
20509,18:14.527,1,1570.0,647.0,1743.0,867.0,,,,
20524,18:15.027,2,1645.0,655.0,1823.0,873.0,-86.0,437.0,152.0,724.0
20539,18:15.527,2,1639.0,627.0,1816.0,852.0,-90.0,475.0,136.0,764.0
20554,18:16.027,2,1641.0,656.0,1815.0,879.0,-89.0,518.0,132.0,802.0
20569,18:16.527,2,1635.0,652.0,1808.0,872.0,-89.0,516.0,126.0,803.0
20584,18:17.027,2,1639.0,653.0,1813.0,871.0,-88.0,519.0,126.0,805.0
20599,18:17.527,2,1646.0,658.0,1821.0,880.0,-88.0,525.0,139.0,809.0
20614,18:18.028,2,1831.0,632.0,2022.0,863.0,162.0,523.0,371.0,796.0
20629,18:18.528,1,785.0,562.0,946.0,795.0,,,,
20644,18:19.028,1,703.0,575.0,862.0,806.0,,,,
20659,18:19.528,1,1440.0,591.0,1604.0,805.0,,,,
20674,18:20.028,1,1536.0,579.0,1705.0,794.0,,,,
20689,18:20.528,2,20.0,448.0,246.0,729.0,1729.0,534.0,1914.0,767.0
20704,18:21.028,2,1785.0,503.0,1976.0,740.0,50.0,412.0,282.0,699.0
20719,18:21.528,1,1027.0,589.0,1185.0,799.0,,,,
20734,18:22.030,1,360.0,554.0,565.0,792.0,,,,
20749,18:22.530,1,1473.0,447.0,1642.0,670.0,,,,
20764,18:23.030,2,2034.0,421.0,2265.0,689.0,346.0,470.0,544.0,736.0
20779,18:23.530,1,1199.0,584.0,1360.0,794.0,,,,
20794,18:24.030,1,1194.0,563.0,1354.0,775.0,,,,
20809,18:24.530,1,1251.0,571.0,1410.0,784.0,,,,
20824,18:25.030,1,1089.0,641.0,1247.0,845.0,,,,
20839,18:25.530,1,1120.0,634.0,1277.0,848.0,,,,
20854,18:26.030,1,1141.0,624.0,1299.0,830.0,,,,
20869,18:26.532,1,1151.0,600.0,1309.0,805.0,,,,
20884,18:27.032,0,,,,,,,,
20899,18:27.532,0,,,,,,,,
20914,18:28.032,0,,,,,,,,
20929,18:28.532,0,,,,,,,,
20944,18:29.032,0,,,,,,,,
20959,18:29.532,0,,,,,,,,
20974,18:30.032,0,,,,,,,,
20988,18:30.500,1,1454.0,271.0,1630.0,504.0,,,,
21003,18:31.000,1,913.0,453.0,1066.0,675.0,,,,
21018,18:31.500,1,917.0,441.0,1067.0,665.0,,,,
21034,18:32.025,1,904.0,461.0,1061.0,690.0,,,,
21049,18:32.525,2,1987.0,419.0,2206.0,679.0,301.0,379.0,508.0,646.0
21064,18:33.025,1,1352.0,435.0,1515.0,655.0,,,,
21079,18:33.525,1,1329.0,427.0,1493.0,649.0,,,,
21094,18:34.025,1,1366.0,430.0,1533.0,647.0,,,,
21109,18:34.525,1,1460.0,217.0,1641.0,463.0,,,,
21124,18:35.027,0,,,,,,,,
21139,18:35.527,1,1672.0,163.0,1868.0,379.0,,,,
21154,18:36.027,2,1725.0,341.0,1921.0,584.0,-64.0,249.0,183.0,542.0
21169,18:36.527,2,1700.0,347.0,1890.0,593.0,-63.0,230.0,170.0,520.0
21184,18:37.027,2,1685.0,374.0,1875.0,617.0,-70.0,235.0,164.0,531.0
21199,18:37.527,2,1688.0,384.0,1874.0,619.0,-54.0,231.0,174.0,517.0
21214,18:38.027,2,1724.0,397.0,1911.0,629.0,-11.0,247.0,219.0,539.0
21229,18:38.527,2,1894.0,456.0,2097.0,698.0,239.0,358.0,435.0,625.0
21244,18:39.028,2,1685.0,517.0,1865.0,741.0,-60.0,379.0,176.0,668.0
21259,18:39.528,2,486.0,436.0,674.0,687.0,2154.0,481.0,2388.0,751.0
21274,18:40.028,1,1418.0,507.0,1584.0,727.0,,,,
21289,18:40.528,1,1407.0,510.0,1574.0,729.0,,,,
21304,18:41.028,1,1353.0,497.0,1518.0,717.0,,,,
21319,18:41.528,1,1366.0,514.0,1531.0,728.0,,,,
21334,18:42.028,1,1462.0,516.0,1633.0,734.0,,,,
21349,18:42.528,1,1497.0,510.0,1664.0,733.0,,,,
21364,18:43.028,1,1501.0,520.0,1669.0,739.0,,,,
21379,18:43.530,1,1524.0,528.0,1693.0,751.0,,,,
21394,18:44.030,1,1522.0,535.0,1693.0,758.0,,,,
21409,18:44.530,1,1522.0,550.0,1693.0,772.0,,,,
21424,18:45.030,1,1532.0,557.0,1704.0,777.0,,,,
21439,18:45.530,1,1577.0,555.0,1753.0,782.0,,,,
21454,18:46.030,2,1697.0,532.0,1883.0,765.0,-15.0,411.0,209.0,694.0
21469,18:46.530,2,2034.0,548.0,2261.0,807.0,405.0,507.0,585.0,762.0
21484,18:47.030,1,970.0,515.0,1118.0,738.0,,,,
21499,18:47.530,1,1159.0,589.0,1304.0,803.0,,,,
21514,18:48.032,1,1121.0,597.0,1264.0,807.0,,,,
21529,18:48.532,1,1068.0,606.0,1211.0,824.0,,,,
21544,18:49.032,1,1052.0,621.0,1199.0,837.0,,,,
21559,18:49.532,1,1067.0,584.0,1210.0,797.0,,,,
21574,18:50.032,1,1035.0,500.0,1184.0,716.0,,,,
21589,18:50.532,1,1063.0,540.0,1209.0,761.0,,,,
21604,18:51.032,1,1067.0,669.0,1211.0,882.0,,,,
21619,18:51.532,1,1103.0,702.0,1244.0,912.0,,,,
21634,18:52.025,1,1099.0,644.0,1241.0,853.0,,,,
21649,18:52.525,1,1117.0,635.0,1260.0,841.0,,,,
21664,18:53.025,1,1057.0,660.0,1205.0,861.0,,,,
21679,18:53.525,1,920.0,772.0,1087.0,966.0,,,,
21694,18:54.025,1,949.0,759.0,1101.0,964.0,,,,
21709,18:54.525,1,1052.0,689.0,1197.0,901.0,,,,
21724,18:55.025,1,1021.0,660.0,1167.0,876.0,,,,
21739,18:55.525,1,989.0,433.0,1141.0,664.0,,,,
21754,18:56.025,1,904.0,356.0,1058.0,591.0,,,,
21769,18:56.527,2,557.0,587.0,728.0,816.0,2230.0,570.0,2449.0,839.0
21784,18:57.027,1,1413.0,670.0,1577.0,891.0,,,,
21799,18:57.527,1,1394.0,662.0,1554.0,875.0,,,,
21814,18:58.027,1,1402.0,623.0,1565.0,835.0,,,,
21829,18:58.527,1,1401.0,411.0,1568.0,624.0,,,,
21844,18:59.027,0,,,,,,,,
21859,18:59.527,0,,,,,,,,
21874,19:00.027,1,1617.0,167.0,1814.0,391.0,,,,
21889,19:00.528,1,1439.0,571.0,1603.0,785.0,,,,
21904,19:01.028,1,1416.0,615.0,1580.0,831.0,,,,
21919,19:01.528,1,1391.0,711.0,1554.0,926.0,,,,
21934,19:02.028,1,1382.0,698.0,1545.0,913.0,,,,
21949,19:02.528,1,1417.0,704.0,1583.0,921.0,,,,
21964,19:03.028,1,1434.0,738.0,1597.0,954.0,,,,
21979,19:03.528,1,1440.0,762.0,1603.0,980.0,,,,
21994,19:04.028,1,1448.0,541.0,1615.0,760.0,,,,
22009,19:04.528,1,1435.0,631.0,1598.0,843.0,,,,
22024,19:05.030,1,1434.0,615.0,1599.0,827.0,,,,
22039,19:05.530,1,1434.0,618.0,1598.0,831.0,,,,
22054,19:06.030,1,1440.0,621.0,1604.0,836.0,,,,
22069,19:06.530,1,1454.0,637.0,1620.0,849.0,,,,
22084,19:07.030,1,1451.0,648.0,1616.0,862.0,,,,
22099,19:07.530,1,1442.0,653.0,1604.0,863.0,,,,
22114,19:08.030,1,1426.0,632.0,1590.0,846.0,,,,
22129,19:08.530,1,1471.0,657.0,1638.0,872.0,,,,
22144,19:09.032,1,1468.0,652.0,1634.0,867.0,,,,
22159,19:09.532,1,1477.0,645.0,1644.0,861.0,,,,
22174,19:10.032,1,1549.0,657.0,1719.0,877.0,,,,
22189,19:10.532,1,1587.0,689.0,1759.0,908.0,,,,
22204,19:11.032,1,1566.0,588.0,1738.0,809.0,,,,
22219,19:11.532,1,1557.0,660.0,1725.0,875.0,,,,
22234,19:12.032,1,1556.0,751.0,1723.0,971.0,,,,
22249,19:12.532,1,1559.0,765.0,1727.0,985.0,,,,
22264,19:13.023,1,1553.0,773.0,1722.0,989.0,,,,
22279,19:13.525,1,1298.0,776.0,1455.0,992.0,,,,
22294,19:14.025,1,1169.0,723.0,1326.0,934.0,,,,
22309,19:14.525,1,1180.0,717.0,1338.0,928.0,,,,
22324,19:15.025,1,1184.0,715.0,1343.0,926.0,,,,
22339,19:15.525,1,1189.0,720.0,1347.0,932.0,,,,
22354,19:16.025,1,1240.0,712.0,1399.0,924.0,,,,
22369,19:16.525,2,1686.0,702.0,1870.0,923.0,-35.0,566.0,193.0,851.0
22384,19:17.025,1,1002.0,624.0,1155.0,843.0,,,,
22399,19:17.527,1,1010.0,617.0,1163.0,838.0,,,,
22414,19:18.027,1,1065.0,569.0,1219.0,793.0,,,,
22429,19:18.527,1,1064.0,548.0,1224.0,776.0,,,,
22444,19:19.027,1,1060.0,552.0,1218.0,779.0,,,,
22459,19:19.527,1,1067.0,555.0,1218.0,780.0,,,,
22474,19:20.027,1,1087.0,560.0,1234.0,783.0,,,,
22489,19:20.527,1,1098.0,556.0,1244.0,777.0,,,,
22504,19:21.027,1,1085.0,552.0,1232.0,778.0,,,,
22519,19:21.527,1,1007.0,563.0,1153.0,785.0,,,,
22534,19:22.028,1,879.0,559.0,1034.0,786.0,,,,
22549,19:22.528,1,950.0,566.0,1102.0,796.0,,,,
22564,19:23.028,1,984.0,556.0,1136.0,781.0,,,,
22579,19:23.528,1,1009.0,557.0,1155.0,778.0,,,,
22594,19:24.028,1,985.0,550.0,1133.0,778.0,,,,
22609,19:24.528,1,963.0,546.0,1112.0,769.0,,,,
22624,19:25.028,1,978.0,537.0,1129.0,771.0,,,,
22639,19:25.528,1,937.0,528.0,1095.0,757.0,,,,
22654,19:26.028,1,930.0,525.0,1090.0,763.0,,,,
22669,19:26.530,2,507.0,539.0,679.0,780.0,2139.0,713.0,2378.0,966.0
22684,19:27.030,1,1513.0,665.0,1684.0,883.0,,,,
22699,19:27.530,1,1531.0,623.0,1701.0,840.0,,,,
22714,19:28.030,1,1647.0,17.0,1826.0,228.0,,,,
22729,19:28.530,0,,,,,,,,
22744,19:29.030,0,,,,,,,,
22759,19:29.530,0,,,,,,,,
22774,19:30.030,0,,,,,,,,
22789,19:30.532,0,,,,,,,,
22804,19:31.032,1,1290.0,667.0,1453.0,881.0,,,,
22819,19:31.532,1,1200.0,628.0,1361.0,838.0,,,,
22834,19:32.032,1,1245.0,591.0,1407.0,801.0,,,,
22849,19:32.532,1,1262.0,651.0,1421.0,861.0,,,,
22864,19:33.032,1,1333.0,612.0,1494.0,816.0,,,,
22879,19:33.523,1,1403.0,563.0,1567.0,777.0,,,,
22894,19:34.023,1,1415.0,585.0,1578.0,793.0,,,,
22909,19:34.523,1,1457.0,567.0,1618.0,781.0,,,,
22924,19:35.025,1,1507.0,623.0,1672.0,838.0,,,,
22939,19:35.525,1,1551.0,675.0,1720.0,895.0,,,,
22954,19:36.025,1,1503.0,595.0,1672.0,817.0,,,,
22969,19:36.525,1,1487.0,659.0,1656.0,878.0,,,,
22984,19:37.025,1,1466.0,593.0,1637.0,816.0,,,,
22999,19:37.525,1,1465.0,554.0,1636.0,777.0,,,,
23014,19:38.025,1,1465.0,605.0,1635.0,820.0,,,,
23029,19:38.525,1,1530.0,533.0,1707.0,757.0,,,,
23044,19:39.027,1,1508.0,515.0,1682.0,738.0,,,,
23059,19:39.527,1,1497.0,502.0,1667.0,728.0,,,,
23074,19:40.027,1,1206.0,520.0,1366.0,734.0,,,,
23089,19:40.527,1,1273.0,542.0,1435.0,755.0,,,,
23104,19:41.027,1,1353.0,558.0,1516.0,776.0,,,,
23119,19:41.527,1,1371.0,580.0,1536.0,798.0,,,,
23134,19:42.027,1,1365.0,581.0,1531.0,801.0,,,,
23149,19:42.527,1,1364.0,586.0,1530.0,807.0,,,,
23164,19:43.027,1,1378.0,600.0,1541.0,818.0,,,,
23179,19:43.528,1,1391.0,638.0,1557.0,855.0,,,,
23194,19:44.028,1,1370.0,638.0,1534.0,854.0,,,,
23209,19:44.528,1,1396.0,640.0,1563.0,851.0,,,,
23224,19:45.028,1,1367.0,624.0,1530.0,837.0,,,,
23239,19:45.528,1,1361.0,621.0,1521.0,833.0,,,,
23254,19:46.028,1,1377.0,622.0,1538.0,833.0,,,,
23269,19:46.528,1,1437.0,639.0,1597.0,849.0,,,,
23284,19:47.028,2,78.0,473.0,300.0,756.0,1789.0,573.0,1980.0,806.0
23299,19:47.530,1,946.0,626.0,1099.0,843.0,,,,
23314,19:48.030,1,924.0,616.0,1078.0,838.0,,,,
23329,19:48.530,1,920.0,621.0,1074.0,839.0,,,,
23344,19:49.030,1,948.0,648.0,1100.0,869.0,,,,
23359,19:49.530,1,964.0,658.0,1115.0,875.0,,,,
23374,19:50.030,1,931.0,637.0,1084.0,853.0,,,,
23389,19:50.530,1,1383.0,611.0,1539.0,816.0,,,,
23404,19:51.030,1,1372.0,714.0,1530.0,919.0,,,,
23419,19:51.530,1,1520.0,791.0,1686.0,1001.0,,,,
23434,19:52.032,1,710.0,481.0,874.0,721.0,,,,
23449,19:52.532,1,772.0,519.0,932.0,752.0,,,,
23464,19:53.032,1,758.0,616.0,916.0,844.0,,,,
23479,19:53.523,1,760.0,640.0,916.0,865.0,,,,
23494,19:54.023,1,673.0,636.0,838.0,866.0,,,,
23509,19:54.523,2,1672.0,656.0,1848.0,878.0,-58.0,612.0,170.0,897.0
23524,19:55.023,1,1597.0,661.0,1770.0,885.0,,,,
23539,19:55.523,1,1568.0,653.0,1736.0,862.0,,,,
23554,19:56.023,1,1610.0,651.0,1782.0,863.0,,,,
23569,19:56.525,1,1542.0,673.0,1710.0,892.0,,,,
23584,19:57.025,1,1546.0,641.0,1713.0,860.0,,,,
23599,19:57.525,1,1535.0,662.0,1702.0,878.0,,,,
23614,19:58.025,1,1531.0,652.0,1697.0,865.0,,,,
23629,19:58.525,1,1538.0,637.0,1705.0,844.0,,,,
23644,19:59.025,1,1547.0,646.0,1715.0,856.0,,,,
23659,19:59.525,1,1644.0,655.0,1819.0,871.0,,,,
23674,20:00.025,1,1614.0,659.0,1786.0,882.0,,,,
23689,20:00.527,1,1612.0,661.0,1782.0,877.0,,,,
23704,20:01.027,1,1605.0,656.0,1773.0,870.0,,,,
23719,20:01.527,1,1615.0,665.0,1782.0,886.0,,,,
23734,20:02.027,1,1616.0,674.0,1787.0,893.0,,,,
23749,20:02.527,1,1593.0,681.0,1763.0,903.0,,,,
23764,20:03.027,1,1591.0,681.0,1760.0,899.0,,,,
23779,20:03.527,1,1591.0,673.0,1758.0,890.0,,,,
23794,20:04.027,2,1766.0,498.0,1951.0,733.0,32.0,385.0,272.0,673.0
23809,20:04.527,1,699.0,529.0,869.0,773.0,,,,
23824,20:05.028,1,973.0,594.0,1130.0,822.0,,,,
23839,20:05.528,1,985.0,563.0,1141.0,790.0,,,,
23854,20:06.028,1,990.0,567.0,1142.0,789.0,,,,
23869,20:06.528,1,828.0,555.0,988.0,790.0,,,,
23884,20:07.028,1,1286.0,636.0,1451.0,852.0,,,,
23899,20:07.528,2,557.0,622.0,730.0,864.0,2237.0,647.0,2455.0,914.0
23914,20:08.028,1,945.0,618.0,1101.0,841.0,,,,
23929,20:08.528,1,946.0,593.0,1101.0,817.0,,,,
23944,20:09.030,1,957.0,590.0,1113.0,814.0,,,,
23959,20:09.530,1,967.0,584.0,1122.0,808.0,,,,
23974,20:10.030,1,981.0,584.0,1133.0,805.0,,,,
23989,20:10.530,1,989.0,591.0,1132.0,809.0,,,,
24004,20:11.030,1,1336.0,625.0,1496.0,835.0,,,,
24019,20:11.530,1,1391.0,638.0,1555.0,855.0,,,,
24034,20:12.030,1,1484.0,586.0,1659.0,803.0,,,,
24049,20:12.530,1,1494.0,590.0,1663.0,806.0,,,,
24064,20:13.030,1,1539.0,525.0,1714.0,755.0,,,,
24079,20:13.523,2,1715.0,534.0,1902.0,771.0,-30.0,440.0,195.0,721.0
24094,20:14.023,1,968.0,614.0,1118.0,833.0,,,,
24109,20:14.523,1,953.0,560.0,1101.0,781.0,,,,
24124,20:15.023,1,827.0,590.0,977.0,810.0,,,,
24139,20:15.523,1,1446.0,615.0,1615.0,835.0,,,,
24154,20:16.023,1,1436.0,609.0,1602.0,825.0,,,,
24169,20:16.523,1,1432.0,598.0,1598.0,817.0,,,,
24184,20:17.023,1,1437.0,603.0,1606.0,817.0,,,,
24199,20:17.525,1,1449.0,610.0,1617.0,828.0,,,,
24214,20:18.025,1,1479.0,618.0,1646.0,833.0,,,,
24229,20:18.525,1,1405.0,460.0,1574.0,685.0,,,,
24244,20:19.025,2,1813.0,523.0,2010.0,766.0,143.0,540.0,353.0,799.0
24259,20:19.525,1,1124.0,642.0,1269.0,854.0,,,,
24274,20:20.025,2,1815.0,553.0,2016.0,802.0,94.0,452.0,320.0,730.0
24289,20:20.525,1,1585.0,604.0,1761.0,829.0,,,,
24304,20:21.025,1,1563.0,591.0,1737.0,818.0,,,,
24319,20:21.525,1,1594.0,595.0,1773.0,818.0,,,,
24334,20:22.027,1,680.0,555.0,843.0,789.0,,,,
24349,20:22.527,1,1470.0,552.0,1634.0,772.0,,,,
24364,20:23.027,1,1479.0,568.0,1647.0,789.0,,,,
24379,20:23.527,1,1506.0,558.0,1672.0,783.0,,,,
24394,20:24.027,1,1420.0,655.0,1585.0,873.0,,,,
24409,20:24.527,1,1450.0,598.0,1617.0,811.0,,,,
24424,20:25.027,1,1449.0,635.0,1619.0,850.0,,,,
24439,20:25.527,1,1444.0,635.0,1614.0,854.0,,,,
24454,20:26.028,1,1444.0,628.0,1614.0,847.0,,,,
24469,20:26.528,1,1449.0,639.0,1620.0,855.0,,,,
24484,20:27.028,1,1448.0,635.0,1618.0,853.0,,,,
24499,20:27.528,1,1485.0,667.0,1656.0,887.0,,,,
24514,20:28.028,2,1615.0,730.0,1796.0,950.0,-92.0,373.0,121.0,675.0
24529,20:28.528,1,1608.0,716.0,1788.0,931.0,,,,
24544,20:29.028,1,1493.0,740.0,1663.0,963.0,,,,
24559,20:29.528,1,1479.0,620.0,1651.0,840.0,,,,
24574,20:30.028,1,1492.0,596.0,1670.0,823.0,,,,
24589,20:30.530,2,1793.0,523.0,1996.0,768.0,11.0,389.0,259.0,678.0
24604,20:31.030,1,1407.0,316.0,1587.0,563.0,,,,
24619,20:31.530,1,917.0,453.0,1088.0,678.0,,,,
24634,20:32.030,1,769.0,514.0,944.0,746.0,,,,
24649,20:32.530,1,679.0,568.0,854.0,803.0,,,,
24664,20:33.030,1,1433.0,558.0,1602.0,781.0,,,,
24679,20:33.530,1,1436.0,561.0,1606.0,787.0,,,,
24694,20:34.022,1,1451.0,584.0,1624.0,803.0,,,,
24709,20:34.522,1,1428.0,582.0,1600.0,805.0,,,,
24724,20:35.023,1,1423.0,596.0,1595.0,815.0,,,,
24739,20:35.523,1,1418.0,609.0,1587.0,827.0,,,,
24754,20:36.023,1,1338.0,602.0,1503.0,821.0,,,,
24769,20:36.523,1,1222.0,601.0,1383.0,816.0,,,,
24784,20:37.023,1,1211.0,604.0,1373.0,821.0,,,,
24799,20:37.523,1,1303.0,595.0,1468.0,816.0,,,,
24814,20:38.023,1,1308.0,604.0,1472.0,821.0,,,,
24829,20:38.523,1,1353.0,619.0,1516.0,837.0,,,,
24844,20:39.025,1,1378.0,596.0,1543.0,815.0,,,,
24859,20:39.525,1,1556.0,541.0,1731.0,770.0,,,,
24874,20:40.025,1,1455.0,572.0,1625.0,798.0,,,,
24889,20:40.525,1,1430.0,587.0,1600.0,809.0,,,,
24904,20:41.025,1,1426.0,608.0,1595.0,825.0,,,,
24919,20:41.525,1,1418.0,617.0,1586.0,834.0,,,,
24934,20:42.025,1,1402.0,616.0,1570.0,835.0,,,,
24949,20:42.525,1,1397.0,610.0,1567.0,828.0,,,,
24964,20:43.025,1,1399.0,611.0,1568.0,831.0,,,,
24979,20:43.527,1,1398.0,620.0,1567.0,840.0,,,,
24994,20:44.027,1,1399.0,621.0,1569.0,841.0,,,,
25009,20:44.527,1,1416.0,629.0,1584.0,851.0,,,,
25024,20:45.027,1,1437.0,640.0,1604.0,860.0,,,,
25039,20:45.527,1,1448.0,648.0,1618.0,874.0,,,,
25054,20:46.027,1,1466.0,718.0,1638.0,949.0,,,,
25069,20:46.527,1,1458.0,721.0,1630.0,942.0,,,,
25084,20:47.027,1,1475.0,700.0,1643.0,919.0,,,,
25099,20:47.528,1,1496.0,689.0,1665.0,913.0,,,,
25114,20:48.028,1,1457.0,673.0,1628.0,896.0,,,,
25129,20:48.528,1,1444.0,661.0,1614.0,880.0,,,,
25144,20:49.028,1,828.0,653.0,1002.0,872.0,,,,
25159,20:49.528,1,1294.0,590.0,1459.0,803.0,,,,
25174,20:50.028,1,1293.0,632.0,1457.0,847.0,,,,
25189,20:50.528,1,1296.0,664.0,1460.0,885.0,,,,
25204,20:51.028,1,1393.0,687.0,1562.0,914.0,,,,
25219,20:51.528,1,1220.0,591.0,1384.0,808.0,,,,
25234,20:52.030,1,1400.0,662.0,1569.0,883.0,,,,
25249,20:52.530,1,1384.0,681.0,1548.0,904.0,,,,
25264,20:53.030,1,1361.0,701.0,1525.0,915.0,,,,
25279,20:53.522,1,1357.0,692.0,1520.0,910.0,,,,
25294,20:54.022,1,1441.0,684.0,1610.0,906.0,,,,
25309,20:54.522,2,84.0,587.0,300.0,864.0,1770.0,647.0,1966.0,887.0
25324,20:55.022,2,1659.0,655.0,1844.0,884.0,-74.0,584.0,154.0,871.0
25339,20:55.522,1,1622.0,655.0,1800.0,882.0,,,,
25354,20:56.023,1,1594.0,659.0,1770.0,890.0,,,,
25369,20:56.523,1,1579.0,666.0,1752.0,890.0,,,,
25384,20:57.023,1,1559.0,680.0,1733.0,911.0,,,,
25399,20:57.523,1,1567.0,698.0,1742.0,919.0,,,,
25414,20:58.023,1,1579.0,733.0,1755.0,963.0,,,,
25429,20:58.523,1,1540.0,689.0,1716.0,914.0,,,,
25444,20:59.023,1,1560.0,630.0,1737.0,855.0,,,,
25459,20:59.523,1,1502.0,430.0,1673.0,662.0,,,,
25474,21:00.023,1,1547.0,285.0,1731.0,534.0,,,,
25489,21:00.525,1,1607.0,811.0,1784.0,1036.0,,,,
25504,21:01.025,1,919.0,544.0,1081.0,774.0,,,,
25519,21:01.525,1,721.0,310.0,897.0,550.0,,,,
25534,21:02.025,0,,,,,,,,
25549,21:02.525,0,,,,,,,,
25564,21:03.025,0,,,,,,,,
25579,21:03.525,1,932.0,676.0,1082.0,895.0,,,,
25594,21:04.025,1,984.0,736.0,1134.0,948.0,,,,
25609,21:04.525,1,861.0,655.0,1010.0,874.0,,,,
25624,21:05.027,1,879.0,610.0,1030.0,832.0,,,,
25639,21:05.527,1,887.0,580.0,1036.0,804.0,,,,
25654,21:06.027,2,1749.0,591.0,1940.0,829.0,41.0,494.0,272.0,781.0
25669,21:06.527,1,1452.0,634.0,1621.0,853.0,,,,
25684,21:07.027,1,1435.0,627.0,1600.0,847.0,,,,
25699,21:07.527,1,1483.0,628.0,1653.0,847.0,,,,
25714,21:08.027,1,1439.0,651.0,1606.0,866.0,,,,
25729,21:08.527,1,1047.0,694.0,1214.0,913.0,,,,
25744,21:09.028,1,1270.0,520.0,1436.0,735.0,,,,
25759,21:09.528,0,,,,,,,,
25774,21:10.028,0,,,,,,,,
25789,21:10.528,1,1692.0,154.0,1900.0,328.0,,,,
25804,21:11.028,1,1393.0,509.0,1563.0,736.0,,,,
25819,21:11.528,1,1402.0,576.0,1573.0,799.0,,,,
25834,21:12.028,1,1418.0,309.0,1603.0,550.0,,,,
25849,21:12.528,1,1535.0,160.0,1730.0,347.0,,,,
25864,21:13.028,1,1396.0,552.0,1566.0,772.0,,,,
25879,21:13.522,1,606.0,555.0,777.0,787.0,,,,
25894,21:14.022,1,663.0,544.0,830.0,772.0,,,,
25909,21:14.522,2,1642.0,517.0,1826.0,745.0,-100.0,411.0,121.0,697.0
25924,21:15.022,1,1552.0,511.0,1728.0,737.0,,,,
25939,21:15.522,1,1550.0,520.0,1726.0,747.0,,,,
25954,21:16.022,1,1588.0,529.0,1769.0,761.0,,,,
25969,21:16.522,1,1599.0,549.0,1777.0,789.0,,,,
25984,21:17.022,1,1621.0,586.0,1802.0,819.0,,,,
25999,21:17.523,2,1638.0,652.0,1818.0,881.0,-75.0,485.0,156.0,771.0
26014,21:18.023,2,1636.0,781.0,1816.0,1016.0,-59.0,623.0,165.0,907.0
26029,21:18.523,2,1655.0,745.0,1839.0,981.0,-64.0,585.0,165.0,873.0
26044,21:19.023,2,1610.0,753.0,1790.0,983.0,-91.0,601.0,116.0,887.0
26059,21:19.523,1,1598.0,749.0,1779.0,980.0,,,,
26074,21:20.023,1,1570.0,761.0,1749.0,987.0,,,,
26089,21:20.523,1,1429.0,643.0,1598.0,868.0,,,,
26104,21:21.023,1,1370.0,526.0,1540.0,749.0,,,,
26119,21:21.523,1,1374.0,588.0,1544.0,810.0,,,,
26134,21:22.025,1,1407.0,596.0,1575.0,823.0,,,,
26149,21:22.525,1,1412.0,589.0,1582.0,815.0,,,,
26164,21:23.025,1,1398.0,580.0,1569.0,803.0,,,,
26180,21:23.525,1,1454.0,592.0,1626.0,815.0,,,,
26196,21:24.025,2,1961.0,486.0,2186.0,746.0,330.0,466.0,518.0,715.0
26212,21:24.525,1,636.0,520.0,794.0,752.0,,,,
26227,21:25.025,1,1317.0,585.0,1484.0,804.0,,,,
26243,21:25.525,1,1330.0,592.0,1496.0,815.0,,,,
26258,21:26.027,1,1343.0,605.0,1509.0,827.0,,,,
26273,21:26.527,1,732.0,583.0,893.0,813.0,,,,
26288,21:27.027,1,907.0,575.0,1061.0,790.0,,,,
26303,21:27.527,1,918.0,562.0,1071.0,791.0,,,,
26318,21:28.027,1,928.0,552.0,1080.0,783.0,,,,
26333,21:28.527,1,944.0,553.0,1093.0,772.0,,,,
26348,21:29.027,1,945.0,570.0,1090.0,793.0,,,,
26363,21:29.527,1,912.0,568.0,1061.0,798.0,,,,
26378,21:30.027,2,1737.0,701.0,1918.0,922.0,106.0,478.0,319.0,754.0
26393,21:30.528,1,1281.0,686.0,1433.0,892.0,,,,
26408,21:31.028,1,1322.0,710.0,1477.0,910.0,,,,
26423,21:31.528,1,1097.0,791.0,1254.0,987.0,,,,
26438,21:32.028,1,1147.0,965.0,1336.0,1139.0,,,,
26453,21:32.528,1,1335.0,778.0,1490.0,978.0,,,,
26468,21:33.028,1,1305.0,620.0,1482.0,822.0,,,,
26483,21:33.520,1,1214.0,647.0,1375.0,850.0,,,,
26498,21:34.020,1,1370.0,678.0,1529.0,887.0,,,,
26513,21:34.522,1,1446.0,705.0,1607.0,910.0,,,,
26528,21:35.022,1,1461.0,716.0,1621.0,923.0,,,,
26543,21:35.522,1,1442.0,729.0,1602.0,935.0,,,,
26558,21:36.022,1,1428.0,766.0,1583.0,968.0,,,,
26573,21:36.522,2,1673.0,692.0,1844.0,913.0,23.0,677.0,245.0,942.0
26588,21:37.022,1,758.0,687.0,909.0,910.0,,,,
26603,21:37.522,1,801.0,648.0,956.0,868.0,,,,
26618,21:38.022,1,759.0,626.0,920.0,851.0,,,,
26633,21:38.522,2,1659.0,606.0,1834.0,827.0,-73.0,479.0,158.0,765.0
26648,21:39.023,2,1668.0,616.0,1841.0,834.0,-71.0,458.0,173.0,750.0
26663,21:39.523,2,309.0,609.0,506.0,863.0,1945.0,651.0,2150.0,890.0
26678,21:40.023,2,1660.0,689.0,1835.0,912.0,-55.0,573.0,181.0,861.0
26693,21:40.523,1,1536.0,829.0,1704.0,1039.0,,,,
26708,21:41.023,1,1501.0,940.0,1664.0,1152.0,,,,
26723,21:41.523,1,1520.0,819.0,1689.0,1034.0,,,,
26738,21:42.023,1,1481.0,873.0,1642.0,1085.0,,,,
26753,21:42.523,1,1508.0,730.0,1670.0,948.0,,,,
26768,21:43.023,1,1526.0,749.0,1691.0,958.0,,,,
26783,21:43.525,1,1539.0,736.0,1705.0,949.0,,,,
26798,21:44.025,1,765.0,646.0,930.0,866.0,,,,
26813,21:44.525,1,824.0,639.0,986.0,863.0,,,,
26828,21:45.025,1,794.0,645.0,959.0,866.0,,,,
26843,21:45.525,1,771.0,645.0,937.0,863.0,,,,
26858,21:46.025,1,732.0,662.0,897.0,884.0,,,,
26873,21:46.525,1,773.0,643.0,940.0,859.0,,,,
26888,21:47.025,1,977.0,486.0,1140.0,709.0,,,,
26903,21:47.527,1,1013.0,474.0,1175.0,700.0,,,,
26918,21:48.027,1,851.0,435.0,1019.0,668.0,,,,
26933,21:48.527,1,1529.0,528.0,1700.0,746.0,,,,
26948,21:49.027,2,1686.0,524.0,1869.0,746.0,-95.0,303.0,139.0,595.0
26963,21:49.527,1,837.0,512.0,998.0,734.0,,,,
26978,21:50.027,1,805.0,519.0,958.0,741.0,,,,
26993,21:50.527,1,1510.0,552.0,1675.0,771.0,,,,
27008,21:51.027,1,1491.0,554.0,1656.0,775.0,,,,
27023,21:51.527,1,1489.0,571.0,1655.0,779.0,,,,
27038,21:52.028,1,1449.0,666.0,1613.0,870.0,,,,
27053,21:52.528,1,1383.0,657.0,1543.0,857.0,,,,
27068,21:53.028,1,1340.0,680.0,1498.0,886.0,,,,
27083,21:53.528,1,1283.0,615.0,1440.0,826.0,,,,
27098,21:54.020,1,1290.0,624.0,1449.0,826.0,,,,
27113,21:54.520,1,1302.0,598.0,1464.0,807.0,,,,
27128,21:55.020,1,1338.0,697.0,1497.0,902.0,,,,
27143,21:55.520,1,1330.0,664.0,1489.0,867.0,,,,
27158,21:56.022,1,1300.0,640.0,1458.0,845.0,,,,
27173,21:56.522,1,1334.0,624.0,1490.0,824.0,,,,
27188,21:57.022,1,1388.0,535.0,1551.0,748.0,,,,
27203,21:57.522,1,1397.0,503.0,1562.0,719.0,,,,
27218,21:58.022,1,1360.0,573.0,1519.0,786.0,,,,
27233,21:58.522,1,1391.0,649.0,1550.0,855.0,,,,
27248,21:59.022,1,1402.0,612.0,1561.0,829.0,,,,
27263,21:59.522,1,1493.0,653.0,1657.0,864.0,,,,
27278,22:00.022,1,1515.0,660.0,1687.0,874.0,,,,
27293,22:00.523,1,1445.0,680.0,1610.0,892.0,,,,
27308,22:01.023,1,1441.0,677.0,1604.0,888.0,,,,
27323,22:01.523,1,1422.0,648.0,1587.0,859.0,,,,
27338,22:02.023,1,1420.0,626.0,1587.0,836.0,,,,
27353,22:02.523,1,1391.0,664.0,1553.0,874.0,,,,
27368,22:03.023,1,1381.0,677.0,1541.0,891.0,,,,
27383,22:03.523,1,1402.0,686.0,1565.0,897.0,,,,
27398,22:04.023,1,1394.0,671.0,1554.0,882.0,,,,
27413,22:04.525,1,1380.0,671.0,1539.0,882.0,,,,
27428,22:05.025,1,1388.0,675.0,1548.0,888.0,,,,
27443,22:05.525,1,1388.0,679.0,1550.0,892.0,,,,
27458,22:06.025,1,1390.0,676.0,1553.0,891.0,,,,
27473,22:06.525,1,1389.0,675.0,1550.0,893.0,,,,
27488,22:07.025,1,1380.0,668.0,1542.0,881.0,,,,
27503,22:07.525,1,1377.0,664.0,1539.0,877.0,,,,
27518,22:08.025,1,1372.0,660.0,1533.0,870.0,,,,
27533,22:08.525,1,1371.0,667.0,1531.0,879.0,,,,
27548,22:09.027,1,1366.0,667.0,1525.0,881.0,,,,
27563,22:09.527,1,1378.0,666.0,1535.0,876.0,,,,
27578,22:10.027,1,1378.0,702.0,1538.0,914.0,,,,
27593,22:10.527,1,1463.0,717.0,1625.0,928.0,,,,
27608,22:11.027,1,1451.0,735.0,1615.0,947.0,,,,
27623,22:11.527,1,1467.0,748.0,1632.0,963.0,,,,
27638,22:12.027,1,1442.0,734.0,1607.0,950.0,,,,
27653,22:12.527,2,1738.0,733.0,1925.0,960.0,33.0,571.0,264.0,850.0
27668,22:13.027,2,2100.0,516.0,2336.0,779.0,432.0,553.0,616.0,805.0
27683,22:13.528,1,826.0,641.0,983.0,863.0,,,,
27698,22:14.028,1,811.0,646.0,967.0,871.0,,,,
27713,22:14.528,1,668.0,668.0,844.0,900.0,,,,
27728,22:15.020,2,587.0,693.0,761.0,928.0,2271.0,605.0,2481.0,861.0
27743,22:15.520,2,525.0,824.0,700.0,1049.0,2166.0,728.0,2397.0,990.0
27758,22:16.020,2,1836.0,161.0,2050.0,419.0,3.0,200.0,265.0,495.0
27773,22:16.520,1,1472.0,561.0,1639.0,777.0,,,,
27788,22:17.020,1,1475.0,497.0,1646.0,718.0,,,,
27803,22:17.522,1,1466.0,532.0,1638.0,755.0,,,,
27818,22:18.022,1,1413.0,657.0,1580.0,875.0,,,,
27833,22:18.522,1,1390.0,788.0,1554.0,1008.0,,,,
27848,22:19.022,1,1382.0,835.0,1546.0,1051.0,,,,
27863,22:19.522,1,1361.0,794.0,1522.0,1008.0,,,,
27878,22:20.022,1,1335.0,769.0,1495.0,980.0,,,,
27893,22:20.522,1,1367.0,723.0,1530.0,942.0,,,,
27908,22:21.022,1,1393.0,676.0,1557.0,894.0,,,,
27923,22:21.522,1,1380.0,668.0,1542.0,886.0,,,,
27938,22:22.023,1,1386.0,686.0,1551.0,899.0,,,,
27953,22:22.523,1,1408.0,712.0,1578.0,928.0,,,,
27968,22:23.023,1,1421.0,738.0,1585.0,953.0,,,,
27983,22:23.523,1,1423.0,748.0,1585.0,961.0,,,,
27998,22:24.023,1,1386.0,758.0,1547.0,971.0,,,,
28013,22:24.523,1,1231.0,742.0,1388.0,954.0,,,,
28028,22:25.023,1,1202.0,727.0,1358.0,943.0,,,,
28043,22:25.523,1,1214.0,721.0,1371.0,930.0,,,,
28058,22:26.025,1,1220.0,717.0,1376.0,926.0,,,,
28073,22:26.525,1,1214.0,717.0,1367.0,924.0,,,,
28088,22:27.025,1,1333.0,663.0,1487.0,871.0,,,,
28103,22:27.525,1,849.0,581.0,1009.0,805.0,,,,
28118,22:28.025,1,1367.0,642.0,1535.0,859.0,,,,
28133,22:28.525,1,1295.0,645.0,1457.0,859.0,,,,
28148,22:29.025,1,1281.0,657.0,1442.0,870.0,,,,
28163,22:29.525,1,1289.0,666.0,1451.0,880.0,,,,
28178,22:30.025,1,1263.0,674.0,1423.0,891.0,,,,
28193,22:30.527,1,1257.0,726.0,1416.0,941.0,,,,
28208,22:31.027,1,1251.0,708.0,1413.0,926.0,,,,
28223,22:31.527,1,1252.0,703.0,1414.0,920.0,,,,
28238,22:32.027,1,1249.0,711.0,1412.0,929.0,,,,
28253,22:32.527,1,1312.0,553.0,1477.0,767.0,,,,
28268,22:33.027,1,1372.0,552.0,1537.0,769.0,,,,
28283,22:33.527,1,1301.0,591.0,1465.0,808.0,,,,
28298,22:34.027,1,1291.0,597.0,1455.0,814.0,,,,
28313,22:34.528,1,1292.0,601.0,1455.0,818.0,,,,
28328,22:35.028,1,1297.0,602.0,1460.0,821.0,,,,
28343,22:35.520,1,1288.0,606.0,1452.0,828.0,,,,
28358,22:36.020,1,1308.0,644.0,1468.0,852.0,,,,
28373,22:36.520,1,1324.0,756.0,1483.0,969.0,,,,
28388,22:37.020,1,1289.0,774.0,1449.0,986.0,,,,
28403,22:37.520,1,1324.0,695.0,1485.0,906.0,,,,
28418,22:38.020,1,1322.0,826.0,1486.0,1042.0,,,,
28433,22:38.520,1,1320.0,907.0,1480.0,1120.0,,,,
28448,22:39.022,1,1409.0,1006.0,1576.0,1225.0,,,,
28463,22:39.522,1,1469.0,969.0,1638.0,1196.0,,,,
28478,22:40.022,1,1509.0,1048.0,1685.0,1282.0,,,,
28493,22:40.522,1,1591.0,1098.0,1770.0,1335.0,,,,
28508,22:41.022,1,1572.0,1040.0,1750.0,1270.0,,,,
28523,22:41.522,1,1533.0,842.0,1708.0,1067.0,,,,
28538,22:42.022,1,1525.0,1078.0,1701.0,1312.0,,,,
28553,22:42.522,1,1545.0,1150.0,1726.0,1389.0,,,,
28568,22:43.023,1,1547.0,1041.0,1725.0,1270.0,,,,
28583,22:43.523,1,1533.0,1008.0,1708.0,1236.0,,,,
28598,22:44.023,1,1556.0,1052.0,1736.0,1288.0,,,,
28613,22:44.523,1,1510.0,845.0,1677.0,1066.0,,,,
28628,22:45.023,1,1496.0,890.0,1665.0,1111.0,,,,
28643,22:45.523,1,1491.0,866.0,1658.0,1084.0,,,,
28658,22:46.023,1,1550.0,771.0,1722.0,998.0,,,,
28673,22:46.523,1,1552.0,762.0,1724.0,986.0,,,,
28688,22:47.023,1,1553.0,757.0,1723.0,978.0,,,,
28703,22:47.525,1,1563.0,853.0,1738.0,1081.0,,,,
28718,22:48.025,1,1573.0,817.0,1751.0,1039.0,,,,
28733,22:48.525,1,1553.0,1207.0,1731.0,1450.0,,,,
28748,22:49.025,1,1549.0,1058.0,1728.0,1294.0,,,,
28763,22:49.525,2,1625.0,701.0,1806.0,931.0,-97.0,645.0,123.0,933.0
28774,22:50.017,1,1438.0,792.0,1602.0,1009.0,,,,
28790,22:50.525,1,1326.0,798.0,1487.0,1016.0,,,,
28805,22:51.025,1,1467.0,736.0,1634.0,950.0,,,,
28820,22:51.527,1,1476.0,702.0,1642.0,923.0,,,,
28835,22:52.027,2,1946.0,633.0,2163.0,887.0,314.0,618.0,511.0,874.0
28850,22:52.527,1,1026.0,412.0,1183.0,638.0,,,,
28865,22:53.027,1,1045.0,411.0,1203.0,635.0,,,,
28880,22:53.527,1,1027.0,422.0,1188.0,657.0,,,,
28895,22:54.027,1,1020.0,412.0,1183.0,644.0,,,,
28910,22:54.527,1,1648.0,347.0,1834.0,590.0,,,,
28925,22:55.027,1,1316.0,483.0,1478.0,704.0,,,,
28940,22:55.518,1,1332.0,553.0,1494.0,773.0,,,,
28955,22:56.020,2,1826.0,469.0,2024.0,713.0,230.0,535.0,427.0,789.0
28970,22:56.520,2,1636.0,592.0,1817.0,818.0,-46.0,577.0,168.0,850.0
28985,22:57.020,1,1286.0,624.0,1447.0,830.0,,,,
29000,22:57.520,1,1139.0,533.0,1298.0,747.0,,,,
29015,22:58.020,1,1604.0,401.0,1784.0,639.0,,,,
29030,22:58.520,2,2138.0,381.0,2386.0,650.0,448.0,446.0,645.0,695.0
29045,22:59.020,1,1367.0,547.0,1533.0,766.0,,,,
29060,22:59.520,1,1272.0,540.0,1434.0,755.0,,,,
29075,23:00.020,1,1372.0,523.0,1537.0,736.0,,,,
29090,23:00.522,2,1937.0,421.0,2158.0,679.0,223.0,427.0,446.0,694.0
29105,23:01.022,2,1970.0,191.0,2207.0,464.0,194.0,183.0,426.0,467.0
29120,23:01.522,0,,,,,,,,
29135,23:02.022,0,,,,,,,,
29150,23:02.522,0,,,,,,,,
29165,23:03.022,1,182.0,157.0,420.0,375.0,,,,
29180,23:03.522,2,1849.0,249.0,2065.0,518.0,81.0,343.0,331.0,629.0
29195,23:04.022,1,658.0,485.0,831.0,720.0,,,,
29210,23:04.523,2,1838.0,623.0,2037.0,864.0,153.0,631.0,372.0,902.0
29225,23:05.023,2,456.0,582.0,638.0,831.0,2117.0,562.0,2355.0,829.0
29240,23:05.523,1,761.0,514.0,926.0,747.0,,,,
29255,23:06.023,1,931.0,508.0,1090.0,733.0,,,,
29270,23:06.523,1,927.0,487.0,1084.0,716.0,,,,
29285,23:07.023,1,955.0,481.0,1086.0,703.0,,,,
29300,23:07.523,1,910.0,491.0,1050.0,713.0,,,,
29315,23:08.023,1,822.0,473.0,971.0,699.0,,,,
29330,23:08.523,1,847.0,497.0,1010.0,729.0,,,,
29345,23:09.025,1,914.0,502.0,1067.0,728.0,,,,
29360,23:09.525,2,1733.0,503.0,1918.0,742.0,43.0,514.0,274.0,800.0
29375,23:10.025,2,1859.0,478.0,2063.0,725.0,229.0,473.0,428.0,738.0
29390,23:10.525,2,2101.0,481.0,2341.0,749.0,482.0,521.0,656.0,758.0
29405,23:11.025,1,661.0,530.0,822.0,760.0,,,,
29420,23:11.525,2,1903.0,501.0,2110.0,757.0,267.0,492.0,469.0,754.0
29435,23:12.025,1,1425.0,538.0,1593.0,758.0,,,,
29450,23:12.525,1,1419.0,557.0,1584.0,776.0,,,,
29465,23:13.027,1,1400.0,557.0,1566.0,776.0,,,,
29480,23:13.527,1,1414.0,528.0,1579.0,746.0,,,,
29495,23:14.027,1,1369.0,634.0,1532.0,848.0,,,,
29510,23:14.527,1,1411.0,704.0,1577.0,922.0,,,,
29525,23:15.027,1,1367.0,733.0,1530.0,951.0,,,,
29540,23:15.518,1,1321.0,825.0,1482.0,1033.0,,,,
29555,23:16.018,1,1343.0,703.0,1506.0,917.0,,,,
29570,23:16.518,1,1312.0,706.0,1475.0,922.0,,,,
29585,23:17.018,1,1313.0,532.0,1477.0,750.0,,,,
29600,23:17.520,1,1325.0,577.0,1486.0,788.0,,,,
29615,23:18.020,1,1374.0,600.0,1536.0,808.0,,,,
29630,23:18.520,1,1369.0,616.0,1533.0,830.0,,,,
29645,23:19.020,1,1348.0,622.0,1511.0,834.0,,,,
29660,23:19.520,1,1350.0,629.0,1512.0,845.0,,,,
29675,23:20.020,1,1349.0,638.0,1514.0,849.0,,,,
29690,23:20.520,1,1318.0,634.0,1478.0,848.0,,,,
29705,23:21.020,1,1356.0,706.0,1517.0,920.0,,,,
29720,23:21.520,1,1413.0,675.0,1575.0,895.0,,,,
29735,23:22.022,2,1975.0,613.0,2190.0,864.0,389.0,601.0,568.0,847.0
29750,23:22.522,2,1944.0,625.0,2151.0,869.0,355.0,594.0,536.0,841.0
29765,23:23.022,1,1340.0,693.0,1504.0,908.0,,,,
29780,23:23.522,1,1277.0,674.0,1438.0,891.0,,,,
29795,23:24.022,1,1261.0,666.0,1419.0,884.0,,,,
29810,23:24.522,1,1266.0,670.0,1425.0,885.0,,,,
29825,23:25.022,1,1301.0,705.0,1463.0,921.0,,,,
29840,23:25.522,1,1294.0,676.0,1458.0,893.0,,,,
29855,23:26.023,1,1426.0,674.0,1593.0,891.0,,,,
29870,23:26.523,1,808.0,646.0,965.0,861.0,,,,
29885,23:27.023,1,860.0,657.0,1013.0,863.0,,,,
29900,23:27.523,1,859.0,635.0,1006.0,846.0,,,,
29915,23:28.023,1,843.0,628.0,991.0,848.0,,,,
29930,23:28.523,1,801.0,612.0,952.0,833.0,,,,
29945,23:29.023,2,2076.0,529.0,2310.0,793.0,456.0,566.0,635.0,805.0
29960,23:29.523,2,1724.0,597.0,1912.0,828.0,30.0,497.0,264.0,775.0
29975,23:30.023,1,1567.0,614.0,1741.0,837.0,,,,
29990,23:30.525,1,1549.0,611.0,1720.0,830.0,,,,
30005,23:31.025,1,1404.0,711.0,1570.0,929.0,,,,
30020,23:31.525,1,1352.0,803.0,1517.0,1024.0,,,,
30035,23:32.025,1,1472.0,777.0,1642.0,995.0,,,,
30050,23:32.525,1,1457.0,706.0,1624.0,917.0,,,,
30065,23:33.025,1,1312.0,808.0,1474.0,1021.0,,,,
30080,23:33.525,1,1308.0,799.0,1470.0,1011.0,,,,
30095,23:34.025,1,1320.0,795.0,1485.0,1009.0,,,,
30110,23:34.527,1,1397.0,812.0,1591.0,1020.0,,,,
30125,23:35.027,1,1433.0,803.0,1610.0,1013.0,,,,
30140,23:35.518,2,1842.0,412.0,2052.0,663.0,273.0,732.0,473.0,917.0
30155,23:36.018,2,2136.0,186.0,2404.0,463.0,617.0,892.0,838.0,1042.0
30170,23:36.518,1,768.0,845.0,962.0,982.0,,,,
30185,23:37.018,1,983.0,775.0,1163.0,901.0,,,,
30200,23:37.518,1,1027.0,738.0,1204.0,885.0,,,,
30215,23:38.018,1,1159.0,681.0,1317.0,889.0,,,,
30230,23:38.518,1,1106.0,670.0,1264.0,872.0,,,,
30245,23:39.020,1,1089.0,656.0,1236.0,864.0,,,,
30260,23:39.520,1,1076.0,714.0,1225.0,928.0,,,,
30275,23:40.020,1,1029.0,790.0,1184.0,997.0,,,,
30290,23:40.520,1,636.0,657.0,808.0,886.0,,,,
30305,23:41.020,1,1588.0,719.0,1764.0,938.0,,,,
30320,23:41.520,2,1639.0,713.0,1819.0,941.0,-45.0,663.0,168.0,936.0
30335,23:42.020,2,1704.0,700.0,1890.0,931.0,33.0,599.0,253.0,872.0
30350,23:42.520,2,1663.0,677.0,1846.0,911.0,-14.0,581.0,201.0,849.0
30365,23:43.022,2,1616.0,699.0,1794.0,930.0,-82.0,611.0,141.0,889.0
30380,23:43.522,1,1566.0,714.0,1740.0,943.0,,,,
30395,23:44.022,1,1547.0,713.0,1718.0,939.0,,,,
30410,23:44.522,1,1535.0,717.0,1709.0,942.0,,,,
30425,23:45.022,1,1531.0,715.0,1707.0,942.0,,,,
30440,23:45.522,1,1534.0,721.0,1708.0,949.0,,,,
30455,23:46.022,1,1544.0,735.0,1716.0,958.0,,,,
30470,23:46.522,1,1549.0,740.0,1721.0,963.0,,,,
30485,23:47.022,1,1551.0,736.0,1723.0,958.0,,,,
30500,23:47.523,1,1550.0,731.0,1719.0,953.0,,,,
30515,23:48.023,1,1549.0,733.0,1720.0,953.0,,,,
30530,23:48.523,1,1554.0,735.0,1723.0,957.0,,,,
30545,23:49.023,1,1558.0,742.0,1726.0,965.0,,,,
30560,23:49.523,1,1557.0,737.0,1727.0,954.0,,,,
30575,23:50.023,1,1558.0,738.0,1726.0,957.0,,,,
30590,23:50.523,1,1559.0,734.0,1727.0,952.0,,,,
30605,23:51.023,1,1559.0,740.0,1728.0,960.0,,,,
30620,23:51.525,1,1563.0,739.0,1731.0,958.0,,,,
30635,23:52.025,2,1925.0,713.0,2131.0,954.0,323.0,614.0,510.0,861.0
30650,23:52.525,1,912.0,654.0,1063.0,869.0,,,,
30665,23:53.025,1,951.0,668.0,1099.0,891.0,,,,
30680,23:53.525,1,908.0,672.0,1062.0,895.0,,,,
30695,23:54.025,1,909.0,670.0,1061.0,885.0,,,,
30710,23:54.525,1,901.0,666.0,1052.0,885.0,,,,
30725,23:55.025,1,878.0,672.0,1031.0,885.0,,,,
30740,23:55.517,2,1882.0,700.0,2082.0,932.0,245.0,650.0,446.0,901.0
30755,23:56.018,2,1739.0,748.0,1923.0,971.0,62.0,679.0,284.0,943.0
30770,23:56.518,2,1754.0,739.0,1936.0,963.0,108.0,652.0,326.0,924.0
30785,23:57.018,2,1870.0,667.0,2065.0,902.0,258.0,540.0,466.0,817.0
30800,23:57.518,2,273.0,588.0,472.0,855.0,1893.0,668.0,2091.0,904.0
30815,23:58.018,2,272.0,597.0,464.0,858.0,1903.0,663.0,2105.0,900.0
30830,23:58.518,2,1888.0,663.0,2088.0,897.0,252.0,606.0,447.0,866.0
30845,23:59.018,2,1809.0,738.0,2000.0,967.0,150.0,663.0,353.0,909.0
30860,23:59.518,2,1792.0,708.0,1979.0,939.0,113.0,611.0,330.0,859.0
30875,24:00.020,1,1564.0,877.0,1728.0,1084.0,,,,
30890,24:00.520,2,1583.0,954.0,1752.0,1168.0,-72.0,785.0,133.0,1061.0
30905,24:01.020,1,988.0,663.0,1128.0,868.0,,,,
30920,24:01.520,1,941.0,595.0,1080.0,808.0,,,,
30935,24:02.020,2,1909.0,735.0,2116.0,972.0,287.0,472.0,476.0,733.0
30950,24:02.520,1,1328.0,704.0,1487.0,909.0,,,,
30965,24:03.020,1,1370.0,685.0,1532.0,897.0,,,,
30980,24:03.520,1,1351.0,682.0,1512.0,891.0,,,,
30995,24:04.020,1,1398.0,508.0,1563.0,721.0,,,,
31010,24:04.522,1,1378.0,197.0,1550.0,429.0,,,,
31025,24:05.022,0,,,,,,,,
31040,24:05.522,0,,,,,,,,
31055,24:06.022,0,,,,,,,,
31070,24:06.522,0,,,,,,,,
31085,24:07.022,1,1511.0,26.0,1684.0,223.0,,,,
31100,24:07.522,1,1454.0,312.0,1627.0,544.0,,,,
31115,24:08.022,1,1470.0,475.0,1639.0,693.0,,,,
31130,24:08.522,1,1493.0,499.0,1663.0,723.0,,,,
31145,24:09.023,1,1490.0,602.0,1660.0,816.0,,,,
31160,24:09.523,1,1480.0,750.0,1646.0,969.0,,,,
31175,24:10.023,1,1496.0,700.0,1663.0,916.0,,,,
31190,24:10.523,1,1521.0,595.0,1689.0,810.0,,,,
31205,24:11.023,1,1589.0,641.0,1761.0,856.0,,,,
31220,24:11.523,1,750.0,559.0,901.0,787.0,,,,
31235,24:12.023,1,1415.0,624.0,1577.0,840.0,,,,
31250,24:12.523,1,1345.0,655.0,1506.0,864.0,,,,
31265,24:13.025,1,1401.0,691.0,1564.0,905.0,,,,
31280,24:13.525,1,1412.0,706.0,1575.0,922.0,,,,
31295,24:14.025,2,1713.0,787.0,1897.0,1016.0,33.0,693.0,252.0,962.0
31310,24:14.525,2,1751.0,530.0,1938.0,762.0,64.0,483.0,283.0,756.0
31325,24:15.025,1,1558.0,656.0,1726.0,873.0,,,,
31340,24:15.525,1,1557.0,634.0,1722.0,851.0,,,,
31355,24:16.017,1,1568.0,594.0,1741.0,815.0,,,,
31370,24:16.517,1,1562.0,599.0,1734.0,815.0,,,,
31385,24:17.017,1,1566.0,609.0,1739.0,830.0,,,,
31400,24:17.518,1,1548.0,608.0,1717.0,827.0,,,,
31415,24:18.018,1,1534.0,668.0,1704.0,884.0,,,,
31430,24:18.518,1,1544.0,802.0,1755.0,997.0,,,,
31445,24:19.018,1,1545.0,793.0,1730.0,1006.0,,,,
31460,24:19.518,2,1626.0,472.0,1814.0,700.0,-18.0,818.0,222.0,1069.0
31475,24:20.018,1,1252.0,467.0,1440.0,676.0,,,,
31490,24:20.518,1,1356.0,552.0,1533.0,773.0,,,,
31505,24:21.018,1,1449.0,667.0,1612.0,882.0,,,,
31520,24:21.520,1,1442.0,680.0,1607.0,898.0,,,,
31535,24:22.020,1,1453.0,667.0,1616.0,884.0,,,,
31550,24:22.520,1,1460.0,675.0,1625.0,893.0,,,,
31565,24:23.020,1,1469.0,688.0,1634.0,902.0,,,,
31580,24:23.520,1,1452.0,673.0,1616.0,890.0,,,,
31595,24:24.020,1,1448.0,697.0,1615.0,915.0,,,,
31610,24:24.520,1,1501.0,692.0,1663.0,907.0,,,,
31625,24:25.020,2,1677.0,768.0,1856.0,991.0,-24.0,642.0,196.0,922.0
31640,24:25.520,2,1778.0,635.0,1969.0,868.0,101.0,609.0,320.0,870.0
31655,24:26.022,2,1734.0,336.0,1933.0,589.0,-72.0,233.0,173.0,533.0
31670,24:26.522,2,2050.0,300.0,2293.0,572.0,344.0,310.0,539.0,569.0
31685,24:27.022,1,844.0,533.0,999.0,760.0,,,,
31700,24:27.522,1,890.0,535.0,1046.0,755.0,,,,
31715,24:28.022,1,890.0,532.0,1045.0,754.0,,,,
31730,24:28.522,2,1968.0,479.0,2190.0,744.0,312.0,584.0,510.0,831.0
31745,24:29.022,1,1511.0,611.0,1686.0,838.0,,,,
31760,24:29.522,1,1496.0,700.0,1667.0,923.0,,,,
31775,24:30.022,1,1537.0,645.0,1711.0,869.0,,,,
31790,24:30.523,1,1431.0,466.0,1605.0,697.0,,,,
31805,24:31.023,1,1729.0,105.0,1949.0,319.0,,,,
31820,24:31.523,1,1850.0,6.0,2044.0,231.0,,,,
31835,24:32.023,1,927.0,187.0,1117.0,432.0,,,,
31850,24:32.523,1,1056.0,423.0,1227.0,651.0,,,,
31865,24:33.023,1,1160.0,518.0,1327.0,734.0,,,,
31880,24:33.523,1,1174.0,537.0,1339.0,751.0,,,,
31895,24:34.023,1,1163.0,550.0,1328.0,759.0,,,,
31910,24:34.525,1,1170.0,555.0,1335.0,765.0,,,,
31925,24:35.017,1,1173.0,539.0,1339.0,751.0,,,,
31940,24:35.517,1,1219.0,666.0,1384.0,880.0,,,,
31955,24:36.017,1,1242.0,652.0,1406.0,862.0,,,,
31970,24:36.517,1,1250.0,634.0,1411.0,849.0,,,,
31985,24:37.017,1,1250.0,635.0,1409.0,842.0,,,,
32000,24:37.517,1,1265.0,621.0,1424.0,831.0,,,,
32015,24:38.017,1,1289.0,617.0,1451.0,829.0,,,,
32030,24:38.517,1,1278.0,636.0,1436.0,850.0,,,,
32045,24:39.018,1,1296.0,689.0,1457.0,902.0,,,,
32060,24:39.518,1,1300.0,681.0,1461.0,896.0,,,,
32075,24:40.018,1,1296.0,678.0,1457.0,893.0,,,,
32090,24:40.518,1,1301.0,696.0,1462.0,911.0,,,,
32105,24:41.018,1,1298.0,694.0,1459.0,907.0,,,,
32120,24:41.518,1,1277.0,676.0,1438.0,894.0,,,,
32135,24:42.018,1,1318.0,673.0,1483.0,889.0,,,,
32150,24:42.518,1,1324.0,680.0,1487.0,896.0,,,,
32165,24:43.020,1,1319.0,679.0,1482.0,889.0,,,,
32180,24:43.520,1,1316.0,662.0,1479.0,876.0,,,,
32195,24:44.020,1,1330.0,677.0,1492.0,890.0,,,,
32210,24:44.520,1,1357.0,692.0,1519.0,908.0,,,,
32225,24:45.020,1,1358.0,667.0,1521.0,878.0,,,,
32240,24:45.520,1,1346.0,661.0,1508.0,874.0,,,,
32255,24:46.020,1,1341.0,651.0,1501.0,862.0,,,,
32270,24:46.520,1,1342.0,682.0,1504.0,894.0,,,,
32285,24:47.020,1,1344.0,673.0,1506.0,882.0,,,,
32300,24:47.522,1,1417.0,677.0,1577.0,894.0,,,,
32315,24:48.022,1,1463.0,563.0,1628.0,776.0,,,,
32330,24:48.522,1,1450.0,704.0,1615.0,918.0,,,,
32345,24:49.022,1,1405.0,715.0,1571.0,936.0,,,,
32360,24:49.522,1,1392.0,690.0,1556.0,902.0,,,,
32375,24:50.022,1,1398.0,663.0,1564.0,881.0,,,,
32390,24:50.522,1,1399.0,668.0,1565.0,883.0,,,,
32405,24:51.022,1,1393.0,667.0,1557.0,884.0,,,,
32420,24:51.523,1,1396.0,662.0,1561.0,875.0,,,,
32435,24:52.023,1,1407.0,670.0,1571.0,886.0,,,,
32450,24:52.523,1,1404.0,658.0,1569.0,875.0,,,,
32465,24:53.023,1,1387.0,665.0,1547.0,878.0,,,,
32480,24:53.523,1,1397.0,646.0,1562.0,857.0,,,,
32495,24:54.023,1,1393.0,668.0,1556.0,886.0,,,,
32510,24:54.515,1,1385.0,662.0,1548.0,879.0,,,,
32525,24:55.015,1,1385.0,664.0,1546.0,880.0,,,,
32540,24:55.515,1,1386.0,661.0,1549.0,878.0,,,,
32555,24:56.017,1,1384.0,662.0,1547.0,876.0,,,,
32570,24:56.517,1,1368.0,655.0,1532.0,871.0,,,,
32585,24:57.017,1,1357.0,666.0,1523.0,887.0,,,,
32600,24:57.517,1,1402.0,943.0,1569.0,1167.0,,,,
32615,24:58.017,1,679.0,579.0,838.0,811.0,,,,
32630,24:58.517,1,685.0,623.0,844.0,848.0,,,,
32645,24:59.017,2,1747.0,656.0,1932.0,887.0,69.0,674.0,285.0,946.0
32660,24:59.517,1,1433.0,706.0,1597.0,920.0,,,,
32675,25:00.018,1,1436.0,693.0,1600.0,909.0,,,,
32690,25:00.518,1,1534.0,652.0,1699.0,867.0,,,,
32705,25:01.018,2,1696.0,648.0,1870.0,867.0,-9.0,537.0,215.0,817.0
32720,25:01.518,2,1666.0,654.0,1840.0,872.0,-80.0,528.0,153.0,816.0
32735,25:02.018,1,1629.0,647.0,1799.0,864.0,,,,
32750,25:02.518,1,1625.0,669.0,1796.0,893.0,,,,
32765,25:03.018,1,1578.0,680.0,1749.0,899.0,,,,
32780,25:03.518,1,1585.0,690.0,1756.0,904.0,,,,
32795,25:04.018,1,1616.0,785.0,1788.0,1012.0,,,,
32810,25:04.520,1,667.0,692.0,829.0,923.0,,,,
32825,25:05.020,2,494.0,710.0,669.0,947.0,2138.0,667.0,2377.0,928.0
32840,25:05.520,2,1883.0,728.0,2082.0,962.0,230.0,663.0,432.0,920.0
32855,25:06.020,2,1750.0,725.0,1934.0,950.0,45.0,613.0,275.0,889.0
32870,25:06.520,2,1666.0,702.0,1844.0,927.0,-79.0,593.0,158.0,850.0
32885,25:07.020,2,1727.0,666.0,1910.0,895.0,-20.0,588.0,225.0,816.0
32900,25:07.520,2,1660.0,650.0,1841.0,875.0,-86.0,570.0,141.0,796.0
32915,25:08.020,2,1634.0,657.0,1811.0,885.0,-86.0,586.0,124.0,828.0
32930,25:08.522,1,1154.0,748.0,1313.0,961.0,,,,
32945,25:09.022,1,659.0,795.0,837.0,1031.0,,,,
32960,25:09.522,1,1183.0,563.0,1348.0,777.0,,,,
32975,25:10.022,1,1467.0,542.0,1640.0,765.0,,,,
32990,25:10.522,1,1451.0,557.0,1619.0,782.0,,,,
33005,25:11.022,1,1459.0,551.0,1630.0,773.0,,,,
33020,25:11.522,1,1448.0,561.0,1615.0,779.0,,,,
33035,25:12.022,1,1465.0,560.0,1635.0,780.0,,,,
33050,25:12.522,1,1454.0,568.0,1623.0,786.0,,,,
33065,25:13.023,1,1440.0,589.0,1607.0,806.0,,,,
33080,25:13.523,1,1427.0,586.0,1596.0,805.0,,,,
33095,25:14.023,1,1417.0,591.0,1583.0,810.0,,,,
33110,25:14.523,1,1423.0,602.0,1590.0,825.0,,,,
33125,25:15.015,1,1421.0,619.0,1587.0,833.0,,,,
33140,25:15.515,1,1414.0,639.0,1580.0,854.0,,,,
33155,25:16.015,1,1420.0,661.0,1586.0,879.0,,,,
33170,25:16.515,1,688.0,599.0,847.0,821.0,,,,
33185,25:17.015,1,885.0,655.0,1035.0,871.0,,,,
33200,25:17.517,1,1535.0,622.0,1708.0,845.0,,,,
33215,25:18.017,1,1621.0,580.0,1798.0,807.0,,,,
33230,25:18.517,2,1707.0,613.0,1894.0,846.0,-16.0,532.0,216.0,814.0
33245,25:19.017,2,1724.0,618.0,1911.0,852.0,10.0,537.0,242.0,817.0
33260,25:19.517,2,1724.0,615.0,1911.0,845.0,5.0,532.0,239.0,814.0
33275,25:20.017,2,1729.0,608.0,1915.0,844.0,9.0,524.0,242.0,807.0
33290,25:20.517,2,1730.0,612.0,1917.0,847.0,14.0,522.0,246.0,802.0
33305,25:21.017,2,1719.0,614.0,1907.0,848.0,5.0,528.0,240.0,811.0
33320,25:21.518,2,1717.0,610.0,1904.0,844.0,1.0,527.0,234.0,809.0
33335,25:22.018,2,1720.0,615.0,1908.0,848.0,4.0,533.0,236.0,814.0
33350,25:22.518,2,1719.0,618.0,1906.0,850.0,2.0,537.0,235.0,820.0
33365,25:23.018,2,1720.0,641.0,1906.0,866.0,11.0,559.0,243.0,839.0
33380,25:23.518,2,18.0,584.0,250.0,863.0,1725.0,662.0,1912.0,894.0
33395,25:24.018,2,17.0,584.0,248.0,865.0,1723.0,669.0,1910.0,898.0
33410,25:24.518,2,1706.0,657.0,1891.0,891.0,-10.0,582.0,220.0,861.0
33425,25:25.018,2,1693.0,662.0,1877.0,894.0,-19.0,586.0,207.0,862.0
33440,25:25.518,2,1684.0,662.0,1863.0,893.0,-5.0,581.0,217.0,856.0
33455,25:26.020,2,1743.0,651.0,1926.0,881.0,79.0,620.0,294.0,888.0
33470,25:26.520,1,945.0,659.0,1095.0,871.0,,,,
33485,25:27.020,1,1142.0,670.0,1292.0,876.0,,,,
33500,25:27.520,1,1135.0,683.0,1285.0,899.0,,,,
33515,25:28.020,1,1125.0,716.0,1275.0,923.0,,,,
33530,25:28.520,1,1078.0,716.0,1230.0,922.0,,,,
33545,25:29.020,1,1061.0,726.0,1213.0,939.0,,,,
33560,25:29.520,1,1056.0,717.0,1196.0,925.0,,,,
33575,25:30.022,1,1122.0,675.0,1266.0,884.0,,,,
33590,25:30.522,1,1083.0,654.0,1235.0,858.0,,,,
33605,25:31.022,1,1079.0,664.0,1226.0,878.0,,,,
33620,25:31.522,1,1075.0,672.0,1220.0,883.0,,,,
33635,25:32.022,1,932.0,667.0,1079.0,873.0,,,,
33650,25:32.522,1,972.0,697.0,1118.0,903.0,,,,
33665,25:33.022,1,974.0,682.0,1122.0,892.0,,,,
33680,25:33.522,1,1006.0,667.0,1149.0,874.0,,,,
33695,25:34.022,1,1042.0,696.0,1191.0,904.0,,,,
33710,25:34.523,1,1084.0,659.0,1237.0,866.0,,,,
33725,25:35.015,1,1023.0,622.0,1178.0,838.0,,,,
33740,25:35.515,1,1594.0,605.0,1773.0,834.0,,,,
33755,25:36.015,1,1577.0,646.0,1753.0,867.0,,,,
33770,25:36.515,2,1643.0,656.0,1822.0,881.0,-87.0,642.0,135.0,917.0
33785,25:37.015,2,1644.0,651.0,1822.0,878.0,-87.0,617.0,127.0,893.0
33800,25:37.515,1,1465.0,708.0,1632.0,925.0,,,,
33815,25:38.015,1,1496.0,694.0,1661.0,912.0,,,,
33830,25:38.515,1,1504.0,661.0,1671.0,875.0,,,,
33845,25:39.017,1,1508.0,677.0,1676.0,893.0,,,,
33860,25:39.517,1,1536.0,690.0,1705.0,905.0,,,,
33875,25:40.017,1,1553.0,685.0,1726.0,905.0,,,,
33890,25:40.517,1,1557.0,676.0,1730.0,898.0,,,,
33905,25:41.017,1,1569.0,695.0,1745.0,915.0,,,,
33920,25:41.517,2,1972.0,637.0,2186.0,886.0,357.0,563.0,542.0,819.0
33935,25:42.017,1,740.0,588.0,899.0,814.0,,,,
33950,25:42.517,2,2019.0,589.0,2240.0,843.0,376.0,589.0,564.0,832.0
33965,25:43.018,2,2089.0,567.0,2316.0,830.0,440.0,578.0,621.0,820.0
33980,25:43.518,2,2005.0,404.0,2230.0,661.0,325.0,388.0,523.0,653.0
33995,25:44.018,0,,,,,,,,
34010,25:44.518,2,1911.0,163.0,2132.0,413.0,71.0,158.0,321.0,428.0
34025,25:45.018,2,155.0,482.0,369.0,747.0,1822.0,459.0,2021.0,699.0
34040,25:45.518,2,1775.0,540.0,1967.0,776.0,108.0,541.0,325.0,809.0
34055,25:46.018,2,1762.0,459.0,1955.0,695.0,74.0,459.0,295.0,734.0
34070,25:46.518,2,1748.0,394.0,1941.0,637.0,-3.0,308.0,234.0,599.0
34085,25:47.018,1,1446.0,415.0,1619.0,645.0,,,,
34100,25:47.520,2,1679.0,446.0,1865.0,683.0,-102.0,256.0,133.0,551.0
34115,25:48.020,2,571.0,443.0,746.0,690.0,2253.0,456.0,2474.0,717.0
34130,25:48.520,1,853.0,541.0,1014.0,769.0,,,,
34145,25:49.020,2,2031.0,478.0,2252.0,731.0,373.0,543.0,568.0,794.0
34160,25:49.520,1,1499.0,546.0,1667.0,763.0,,,,
34175,25:50.020,2,1723.0,539.0,1905.0,767.0,-4.0,583.0,230.0,860.0
34190,25:50.520,2,2045.0,520.0,2266.0,760.0,390.0,596.0,578.0,836.0
34205,25:51.020,1,679.0,614.0,841.0,845.0,,,,
34220,25:51.522,1,1092.0,614.0,1241.0,829.0,,,,
34235,25:52.022,1,1029.0,612.0,1181.0,824.0,,,,
34250,25:52.522,1,1009.0,637.0,1161.0,852.0,,,,
34265,25:53.022,1,1105.0,630.0,1252.0,837.0,,,,
34280,25:53.522,1,1028.0,623.0,1179.0,816.0,,,,
34295,25:54.022,1,946.0,633.0,1101.0,807.0,,,,
34310,25:54.522,1,960.0,670.0,1115.0,842.0,,,,
34325,25:55.022,1,601.0,572.0,769.0,757.0,,,,
34340,25:55.522,2,1740.0,471.0,1932.0,710.0,41.0,511.0,269.0,767.0
34355,25:56.015,2,1753.0,671.0,1941.0,904.0,91.0,692.0,307.0,950.0
34370,25:56.515,2,1721.0,495.0,1908.0,732.0,0.0,457.0,236.0,741.0
34385,25:57.015,2,1639.0,561.0,1816.0,790.0,-95.0,473.0,131.0,763.0
34400,25:57.515,1,1597.0,552.0,1772.0,776.0,,,,
34415,25:58.015,2,1674.0,560.0,1854.0,786.0,-49.0,493.0,177.0,770.0
34430,25:58.515,2,1696.0,565.0,1880.0,791.0,-18.0,483.0,204.0,758.0
34445,25:59.015,2,577.0,579.0,743.0,813.0,2240.0,535.0,2456.0,791.0
34460,25:59.515,1,748.0,580.0,903.0,808.0,,,,
34475,26:00.017,2,516.0,525.0,688.0,767.0,2174.0,466.0,2415.0,726.0
34490,26:00.517,2,1838.0,490.0,2035.0,730.0,168.0,509.0,381.0,765.0
34505,26:01.017,2,1801.0,508.0,1995.0,743.0,121.0,487.0,340.0,751.0
34520,26:01.517,2,1770.0,518.0,1959.0,745.0,89.0,508.0,309.0,773.0
34535,26:02.017,2,1700.0,615.0,1882.0,840.0,10.0,588.0,238.0,860.0
34550,26:02.517,2,1702.0,523.0,1883.0,750.0,13.0,485.0,240.0,760.0
34565,26:03.017,2,1632.0,492.0,1808.0,721.0,-88.0,438.0,142.0,721.0
34580,26:03.517,2,1677.0,572.0,1852.0,789.0,-21.0,510.0,197.0,789.0
34595,26:04.017,2,1807.0,516.0,1997.0,745.0,108.0,459.0,338.0,739.0
34610,26:04.518,2,1796.0,485.0,1984.0,717.0,76.0,425.0,312.0,712.0
34625,26:05.018,2,1835.0,306.0,2037.0,550.0,66.0,229.0,309.0,529.0
34640,26:05.518,1,1873.0,-5.0,2082.0,274.0,,,,
34655,26:06.018,0,,,,,,,,
34670,26:06.518,0,,,,,,,,
34685,26:07.018,1,1847.0,-26.0,2058.0,259.0,,,,
34700,26:07.518,1,1452.0,475.0,1616.0,689.0,,,,
34715,26:08.018,1,1228.0,606.0,1384.0,808.0,,,,
34730,26:08.520,1,1149.0,565.0,1303.0,772.0,,,,
34745,26:09.020,1,1496.0,536.0,1659.0,750.0,,,,
34760,26:09.520,2,1689.0,526.0,1868.0,744.0,-55.0,468.0,178.0,763.0
34775,26:10.020,2,1695.0,416.0,1876.0,641.0,-57.0,383.0,179.0,686.0
34790,26:10.520,2,1721.0,488.0,1903.0,715.0,25.0,474.0,262.0,758.0
34805,26:11.020,2,1819.0,363.0,2015.0,602.0,124.0,361.0,340.0,648.0
34820,26:11.520,2,1840.0,472.0,2036.0,709.0,177.0,471.0,384.0,748.0
34835,26:12.020,2,1962.0,481.0,2172.0,728.0,326.0,496.0,516.0,763.0
34850,26:12.520,2,1873.0,478.0,2072.0,709.0,225.0,478.0,426.0,747.0
34865,26:13.022,2,1835.0,478.0,2032.0,714.0,193.0,497.0,400.0,771.0
34880,26:13.522,2,1773.0,883.0,1961.0,1105.0,129.0,863.0,346.0,1126.0
34895,26:14.022,2,1753.0,771.0,1934.0,989.0,143.0,735.0,351.0,1002.0
34910,26:14.522,2,1799.0,635.0,1985.0,860.0,189.0,585.0,388.0,850.0
34925,26:15.022,2,1748.0,582.0,1931.0,806.0,99.0,531.0,311.0,808.0
34940,26:15.522,2,1916.0,667.0,2119.0,903.0,327.0,661.0,511.0,911.0
34955,26:16.013,2,1848.0,513.0,2042.0,746.0,217.0,505.0,417.0,770.0
34970,26:16.513,2,1778.0,503.0,1967.0,733.0,61.0,484.0,295.0,759.0
34985,26:17.013,2,1712.0,584.0,1892.0,804.0,-13.0,534.0,222.0,813.0
35000,26:17.515,1,1406.0,607.0,1564.0,816.0,,,,
35015,26:18.015,1,1106.0,642.0,1257.0,838.0,,,,
35030,26:18.515,1,823.0,690.0,982.0,893.0,,,,
35045,26:19.015,1,1105.0,995.0,1258.0,1197.0,,,,
35060,26:19.515,2,223.0,1025.0,422.0,1266.0,1821.0,917.0,2000.0,1116.0
35075,26:20.015,1,814.0,1208.0,970.0,1436.0,,,,
35090,26:20.515,1,757.0,1220.0,915.0,1449.0,,,,
35105,26:21.015,1,1376.0,1085.0,1536.0,1296.0,,,,
35120,26:21.517,1,1440.0,964.0,1599.0,1170.0,,,,
35135,26:22.017,1,1376.0,899.0,1527.0,1097.0,,,,
35150,26:22.517,1,1328.0,975.0,1480.0,1180.0,,,,
35165,26:23.017,1,1321.0,953.0,1471.0,1152.0,,,,
35180,26:23.517,1,1405.0,884.0,1566.0,1083.0,,,,
35195,26:24.017,1,980.0,990.0,1136.0,1188.0,,,,
35210,26:24.517,1,653.0,1015.0,820.0,1220.0,,,,
35225,26:25.017,0,,,,,,,,
35240,26:25.517,0,,,,,,,,
35255,26:26.018,0,,,,,,,,
35270,26:26.518,0,,,,,,,,
35285,26:27.018,0,,,,,,,,
35300,26:27.518,0,,,,,,,,
35315,26:28.018,0,,,,,,,,
35330,26:28.518,0,,,,,,,,
35345,26:29.018,0,,,,,,,,
35360,26:29.518,1,-116.0,225.0,216.0,531.0,,,,
35375,26:30.020,2,1670.0,543.0,1865.0,788.0,5.0,770.0,244.0,1041.0
35390,26:30.520,1,1345.0,661.0,1497.0,870.0,,,,
35405,26:31.020,0,,,,,,,,
35420,26:31.520,0,,,,,,,,
35435,26:32.020,0,,,,,,,,
35450,26:32.520,0,,,,,,,,
35465,26:33.020,1,1055.0,108.0,1245.0,307.0,,,,
35480,26:33.520,1,1583.0,856.0,1759.0,1078.0,,,,
35495,26:34.020,1,1290.0,1031.0,1454.0,1251.0,,,,
35510,26:34.522,1,932.0,995.0,1091.0,1209.0,,,,
35525,26:35.022,1,740.0,892.0,904.0,1090.0,,,,
35540,26:35.513,1,774.0,833.0,927.0,1020.0,,,,
35555,26:36.013,1,739.0,841.0,896.0,1024.0,,,,
35570,26:36.513,1,766.0,729.0,927.0,904.0,,,,
35585,26:37.013,1,496.0,712.0,680.0,927.0,,,,
35600,26:37.513,1,-5.0,719.0,244.0,975.0,,,,
35615,26:38.013,0,,,,,,,,
35630,26:38.515,0,,,,,,,,
35645,26:39.015,0,,,,,,,,
35660,26:39.515,0,,,,,,,,
35675,26:40.015,0,,,,,,,,
35690,26:40.515,0,,,,,,,,
35705,26:41.015,0,,,,,,,,
35720,26:41.515,0,,,,,,,,
35735,26:42.015,0,,,,,,,,
35750,26:42.515,0,,,,,,,,
35765,26:43.017,0,,,,,,,,
35780,26:43.517,0,,,,,,,,
35795,26:44.017,0,,,,,,,,
35810,26:44.517,0,,,,,,,,
35825,26:45.017,0,,,,,,,,
35840,26:45.517,1,540.0,872.0,721.0,1102.0,,,,
35855,26:46.017,2,1624.0,670.0,1799.0,898.0,-13.0,742.0,190.0,1010.0
35870,26:46.517,1,1097.0,761.0,1247.0,975.0,,,,
35885,26:47.018,1,1047.0,750.0,1207.0,972.0,,,,
35900,26:47.518,1,1595.0,555.0,1774.0,782.0,,,,
35915,26:48.018,1,1027.0,593.0,1188.0,806.0,,,,
35930,26:48.518,1,396.0,440.0,603.0,688.0,,,,
35945,26:49.018,0,,,,,,,,
35960,26:49.518,0,,,,,,,,
35975,26:50.018,1,1405.0,163.0,1586.0,385.0,,,,
35990,26:50.518,1,1625.0,500.0,1795.0,729.0,,,,
36005,26:51.018,2,1771.0,598.0,1956.0,834.0,60.0,674.0,278.0,935.0
36020,26:51.520,1,818.0,688.0,960.0,910.0,,,,
36035,26:52.020,1,918.0,680.0,1056.0,909.0,,,,
36050,26:52.520,2,656.0,933.0,804.0,1142.0,2256.0,792.0,2483.0,1052.0
36065,26:53.020,2,2106.0,978.0,2355.0,1242.0,465.0,1098.0,654.0,1276.0
36080,26:53.520,2,2108.0,1172.0,2363.0,1451.0,393.0,1296.0,598.0,1487.0
36095,26:54.020,1,2081.0,1322.0,2323.0,1543.0,,,,
36110,26:54.520,1,2026.0,1289.0,2229.0,1526.0,,,,
36125,26:55.020,1,1956.0,1312.0,2131.0,1530.0,,,,
36140,26:55.520,1,1950.0,1317.0,2128.0,1536.0,,,,
36155,26:56.013,1,1967.0,1300.0,2177.0,1514.0,,,,
36170,26:56.513,2,1990.0,1268.0,2228.0,1513.0,327.0,1352.0,507.0,1519.0
36185,26:57.013,2,1991.0,1265.0,2234.0,1511.0,335.0,1332.0,521.0,1518.0
36200,26:57.513,2,1972.0,1181.0,2209.0,1460.0,311.0,1246.0,504.0,1502.0
36215,26:58.013,2,1831.0,994.0,2039.0,1247.0,192.0,1046.0,389.0,1308.0
36230,26:58.513,2,1915.0,1083.0,2119.0,1354.0,168.0,1094.0,375.0,1362.0
36245,26:59.013,2,324.0,954.0,513.0,1196.0,2102.0,834.0,2285.0,1097.0
36260,26:59.513,1,1643.0,912.0,1783.0,1132.0,,,,
36275,27:00.015,1,1529.0,975.0,1675.0,1185.0,,,,
36290,27:00.515,2,-40.0,922.0,162.0,1193.0,1669.0,939.0,1826.0,1135.0
36305,27:01.015,2,267.0,965.0,437.0,1220.0,1871.0,940.0,2043.0,1139.0
36320,27:01.515,1,1028.0,873.0,1177.0,1075.0,,,,
36335,27:02.015,1,1061.0,822.0,1221.0,1035.0,,,,
36350,27:02.515,1,954.0,710.0,1118.0,923.0,,,,
36365,27:03.015,0,,,,,,,,
36380,27:03.515,0,,,,,,,,
36395,27:04.015,1,12.0,735.0,260.0,998.0,,,,
36410,27:04.517,1,996.0,710.0,1156.0,918.0,,,,
36425,27:05.017,1,1578.0,668.0,1752.0,893.0,,,,
36440,27:05.517,1,958.0,706.0,1107.0,920.0,,,,
36455,27:06.017,2,272.0,467.0,475.0,735.0,1829.0,892.0,2003.0,1115.0
36470,27:06.517,2,353.0,739.0,546.0,982.0,1927.0,726.0,2095.0,964.0
36485,27:07.017,2,278.0,765.0,477.0,1012.0,1848.0,706.0,2004.0,937.0
36500,27:07.517,2,334.0,651.0,525.0,899.0,1887.0,652.0,2046.0,888.0
36515,27:08.017,2,477.0,723.0,656.0,958.0,2034.0,652.0,2207.0,904.0
36530,27:08.518,1,829.0,693.0,986.0,911.0,,,,
36545,27:09.018,1,980.0,635.0,1127.0,850.0,,,,
36560,27:09.518,1,982.0,613.0,1118.0,845.0,,,,
36575,27:10.018,2,1682.0,552.0,1855.0,786.0,98.0,576.0,297.0,831.0
36590,27:10.518,2,1659.0,585.0,1835.0,807.0,74.0,573.0,274.0,838.0
36605,27:11.018,2,1629.0,711.0,1806.0,940.0,23.0,678.0,220.0,946.0
36620,27:11.518,2,1716.0,723.0,1901.0,953.0,150.0,672.0,337.0,933.0
36635,27:12.018,2,1660.0,697.0,1840.0,920.0,8.0,635.0,220.0,915.0
36650,27:12.518,2,1698.0,710.0,1883.0,940.0,39.0,640.0,254.0,911.0
36665,27:13.020,2,20.0,604.0,256.0,887.0,1705.0,685.0,1886.0,909.0
36680,27:13.520,2,1711.0,707.0,1894.0,933.0,15.0,606.0,253.0,891.0
36695,27:14.020,2,1732.0,713.0,1917.0,942.0,58.0,596.0,286.0,875.0
36710,27:14.520,2,1742.0,721.0,1926.0,948.0,86.0,606.0,306.0,874.0
36725,27:15.020,2,1710.0,713.0,1893.0,940.0,43.0,590.0,273.0,872.0
36740,27:15.520,2,1668.0,703.0,1849.0,933.0,9.0,593.0,231.0,875.0
36755,27:16.020,2,1651.0,717.0,1831.0,945.0,-13.0,607.0,198.0,888.0
36770,27:16.512,2,1650.0,718.0,1829.0,951.0,-13.0,609.0,202.0,884.0
36785,27:17.012,2,1664.0,696.0,1847.0,926.0,4.0,600.0,227.0,880.0
36800,27:17.513,2,1661.0,714.0,1842.0,943.0,5.0,650.0,223.0,930.0
36815,27:18.013,2,1638.0,730.0,1817.0,957.0,-8.0,681.0,206.0,952.0
36830,27:18.513,2,1640.0,736.0,1819.0,963.0,-3.0,702.0,212.0,972.0
36845,27:19.013,2,1691.0,721.0,1871.0,952.0,68.0,715.0,281.0,990.0
36860,27:19.513,2,1714.0,639.0,1896.0,868.0,82.0,634.0,295.0,908.0
36875,27:20.013,2,83.0,585.0,302.0,860.0,1737.0,595.0,1916.0,828.0
36890,27:20.513,2,1740.0,633.0,1925.0,860.0,80.0,627.0,297.0,889.0
36905,27:21.013,2,1736.0,656.0,1921.0,893.0,60.0,639.0,282.0,910.0
36920,27:21.515,2,1609.0,674.0,1782.0,901.0,-92.0,640.0,112.0,907.0
36935,27:22.015,1,1587.0,670.0,1759.0,893.0,,,,
36950,27:22.515,2,1603.0,672.0,1775.0,895.0,-80.0,607.0,141.0,886.0
36965,27:23.015,2,1642.0,681.0,1820.0,905.0,-18.0,598.0,191.0,873.0
36980,27:23.515,2,1672.0,687.0,1848.0,915.0,6.0,595.0,229.0,872.0
36995,27:24.015,2,1624.0,688.0,1802.0,917.0,-50.0,638.0,158.0,904.0
37010,27:24.515,2,1636.0,697.0,1815.0,922.0,-35.0,629.0,174.0,898.0
37025,27:25.015,2,1635.0,703.0,1812.0,931.0,-40.0,616.0,173.0,892.0
37040,27:25.515,2,1595.0,712.0,1769.0,932.0,-83.0,619.0,125.0,892.0
37055,27:26.017,1,1443.0,849.0,1609.0,1041.0,,,,
37070,27:26.517,2,141.0,604.0,350.0,876.0,1776.0,611.0,1941.0,835.0
37085,27:27.017,2,252.0,653.0,452.0,900.0,1875.0,663.0,2054.0,890.0
37100,27:27.517,1,772.0,700.0,928.0,932.0,,,,
37115,27:28.017,1,750.0,687.0,910.0,904.0,,,,
37130,27:28.517,2,1943.0,659.0,2151.0,914.0,353.0,662.0,546.0,903.0
37145,27:29.017,1,1314.0,799.0,1478.0,1021.0,,,,
37160,27:29.517,1,908.0,814.0,1073.0,1036.0,,,,
37175,27:30.018,1,829.0,784.0,997.0,1005.0,,,,
37190,27:30.518,1,764.0,758.0,934.0,980.0,,,,
37205,27:31.018,1,957.0,756.0,1115.0,970.0,,,,
37220,27:31.518,1,1598.0,747.0,1769.0,973.0,,,,
37235,27:32.018,2,1710.0,730.0,1889.0,956.0,-28.0,719.0,196.0,992.0
37250,27:32.518,2,1682.0,732.0,1857.0,956.0,-73.0,738.0,157.0,1016.0
37265,27:33.018,2,1656.0,752.0,1834.0,978.0,-85.0,755.0,139.0,1033.0
37280,27:33.518,1,926.0,784.0,1087.0,997.0,,,,
37295,27:34.018,1,760.0,648.0,926.0,871.0,,,,
37310,27:34.520,2,1732.0,525.0,1919.0,768.0,-71.0,452.0,172.0,749.0
37325,27:35.020,1,1343.0,579.0,1505.0,793.0,,,,
37340,27:35.520,2,1761.0,552.0,1952.0,790.0,-17.0,480.0,221.0,766.0
37355,27:36.020,1,870.0,602.0,1028.0,827.0,,,,
37370,27:36.520,2,1826.0,577.0,2022.0,812.0,80.0,538.0,311.0,813.0
37385,27:37.012,2,1818.0,544.0,2014.0,783.0,76.0,531.0,307.0,809.0
37400,27:37.512,2,1842.0,534.0,2042.0,778.0,101.0,500.0,329.0,776.0
37415,27:38.012,2,1823.0,507.0,2022.0,746.0,80.0,503.0,311.0,779.0
37430,27:38.513,1,1664.0,339.0,1839.0,568.0,,,,
37445,27:39.013,1,1653.0,342.0,1813.0,571.0,,,,
37460,27:39.513,1,690.0,408.0,840.0,627.0,,,,
37475,27:40.013,1,782.0,457.0,930.0,668.0,,,,
37490,27:40.513,1,813.0,475.0,966.0,688.0,,,,
37505,27:41.013,1,1050.0,326.0,1208.0,548.0,,,,
37520,27:41.513,1,1385.0,186.0,1553.0,421.0,,,,
37535,27:42.013,1,1618.0,153.0,1810.0,339.0,,,,
37550,27:42.513,1,1654.0,210.0,1840.0,442.0,,,,
37565,27:43.015,0,,,,,,,,
37580,27:43.515,0,,,,,,,,
37595,27:44.015,0,,,,,,,,
37610,27:44.515,0,,,,,,,,
37625,27:45.015,0,,,,,,,,
37640,27:45.515,0,,,,,,,,
37655,27:46.015,1,1389.0,504.0,1535.0,682.0,,,,
37670,27:46.515,2,201.0,1209.0,418.0,1485.0,1972.0,1089.0,2180.0,1301.0
37685,27:47.017,0,,,,,,,,
37700,27:47.517,1,1686.0,1217.0,1883.0,1468.0,,,,
37715,27:48.017,1,1643.0,1045.0,1829.0,1282.0,,,,
37730,27:48.517,1,1750.0,983.0,1939.0,1227.0,,,,
37745,27:49.017,1,1574.0,760.0,1687.0,985.0,,,,
37760,27:49.517,1,-74.0,837.0,149.0,1121.0,,,,
37775,27:50.017,0,,,,,,,,
37790,27:50.517,0,,,,,,,,
37805,27:51.017,1,-9.0,414.0,248.0,676.0,,,,
37820,27:51.518,1,1053.0,522.0,1212.0,689.0,,,,
37835,27:52.018,1,1032.0,742.0,1208.0,946.0,,,,
37850,27:52.518,1,826.0,764.0,1001.0,977.0,,,,
37865,27:53.018,1,965.0,881.0,1121.0,1084.0,,,,
37880,27:53.518,1,1143.0,1050.0,1316.0,1229.0,,,,
37895,27:54.018,1,1485.0,1142.0,1655.0,1352.0,,,,
37910,27:54.518,0,,,,,,,,
37925,27:55.018,0,,,,,,,,
37940,27:55.520,1,1981.0,1203.0,2216.0,1406.0,,,,
37955,27:56.020,1,2093.0,1076.0,2337.0,1297.0,,,,
37970,27:56.512,1,1379.0,1184.0,1539.0,1396.0,,,,
37985,27:57.012,1,1167.0,1172.0,1323.0,1390.0,,,,
38000,27:57.512,1,1263.0,1154.0,1419.0,1375.0,,,,
38015,27:58.012,1,1270.0,1155.0,1427.0,1377.0,,,,
38030,27:58.512,1,1179.0,1174.0,1332.0,1393.0,,,,
38045,27:59.012,0,,,,,,,,
38060,27:59.512,0,,,,,,,,
38075,28:00.013,0,,,,,,,,
38090,28:00.513,0,,,,,,,,
38105,28:01.013,0,,,,,,,,
38120,28:01.513,0,,,,,,,,
38135,28:02.013,0,,,,,,,,
38150,28:02.513,0,,,,,,,,
38165,28:03.013,0,,,,,,,,
38180,28:03.513,0,,,,,,,,
38195,28:04.013,0,,,,,,,,
38210,28:04.515,0,,,,,,,,
38225,28:05.015,0,,,,,,,,
38240,28:05.515,0,,,,,,,,
38255,28:06.015,0,,,,,,,,
38270,28:06.515,0,,,,,,,,
38285,28:07.015,0,,,,,,,,
38300,28:07.515,0,,,,,,,,
38315,28:08.015,0,,,,,,,,
38330,28:08.517,0,,,,,,,,
38345,28:09.017,0,,,,,,,,
38360,28:09.517,0,,,,,,,,
38375,28:10.017,0,,,,,,,,
38390,28:10.517,0,,,,,,,,
38405,28:11.017,0,,,,,,,,
38420,28:11.517,0,,,,,,,,
38435,28:12.017,0,,,,,,,,
38450,28:12.517,0,,,,,,,,
38465,28:13.018,0,,,,,,,,
38480,28:13.518,0,,,,,,,,
38495,28:14.018,0,,,,,,,,
38510,28:14.518,0,,,,,,,,
38526,28:15.018,0,,,,,,,,
38541,28:15.518,0,,,,,,,,
38556,28:16.018,0,,,,,,,,
38571,28:16.510,0,,,,,,,,
38586,28:17.012,0,,,,,,,,
38601,28:17.512,0,,,,,,,,
38616,28:18.012,0,,,,,,,,
38631,28:18.512,1,182.0,852.0,449.0,1155.0,,,,
38646,28:19.012,1,985.0,660.0,1154.0,878.0,,,,
38661,28:19.512,2,568.0,856.0,755.0,1104.0,2247.0,712.0,2471.0,981.0
38676,28:20.012,2,425.0,844.0,617.0,1114.0,2004.0,854.0,2192.0,1090.0
38691,28:20.512,1,1235.0,948.0,1372.0,1154.0,,,,
38706,28:21.012,1,30.0,1015.0,244.0,1269.0,,,,
38721,28:21.513,1,24.0,1057.0,227.0,1307.0,,,,
38736,28:22.013,0,,,,,,,,
38751,28:22.513,0,,,,,,,,
38766,28:23.013,1,791.0,887.0,942.0,1088.0,,,,
38781,28:23.513,1,1869.0,815.0,2051.0,1033.0,,,,
38796,28:24.013,1,2178.0,929.0,2384.0,1167.0,,,,
38811,28:24.513,0,,,,,,,,
38826,28:25.013,0,,,,,,,,
38841,28:25.513,0,,,,,,,,
38856,28:26.015,1,1735.0,1274.0,1992.0,1456.0,,,,
38871,28:26.515,0,,,,,,,,
38886,28:27.015,0,,,,,,,,
38901,28:27.515,0,,,,,,,,
38916,28:28.015,0,,,,,,,,
38931,28:28.515,0,,,,,,,,
38946,28:29.015,0,,,,,,,,
38961,28:29.515,0,,,,,,,,
38976,28:30.017,0,,,,,,,,
38991,28:30.517,0,,,,,,,,
39006,28:31.017,0,,,,,,,,
39021,28:31.517,0,,,,,,,,
39036,28:32.017,0,,,,,,,,
39051,28:32.517,0,,,,,,,,
39066,28:33.017,0,,,,,,,,
39081,28:33.517,0,,,,,,,,
39096,28:34.017,1,682.0,585.0,846.0,793.0,,,,
39111,28:34.518,0,,,,,,,,
39126,28:35.018,1,1901.0,734.0,2075.0,955.0,,,,
39141,28:35.518,1,1598.0,619.0,1764.0,832.0,,,,
39156,28:36.018,1,1520.0,571.0,1681.0,784.0,,,,
39171,28:36.518,1,1521.0,581.0,1664.0,793.0,,,,
39186,28:37.010,2,1317.0,602.0,1436.0,821.0,-76.0,456.0,154.0,758.0
39201,28:37.510,2,1337.0,635.0,1443.0,840.0,-120.0,412.0,156.0,732.0
39216,28:38.010,2,1414.0,619.0,1505.0,826.0,-120.0,377.0,172.0,750.0
39231,28:38.512,1,852.0,644.0,936.0,842.0,,,,
39246,28:39.012,0,,,,,,,,
39261,28:39.512,0,,,,,,,,
39276,28:40.012,0,,,,,,,,
39291,28:40.512,0,,,,,,,,
39306,28:41.012,0,,,,,,,,
39321,28:41.512,0,,,,,,,,
39336,28:42.012,0,,,,,,,,
39351,28:42.512,0,,,,,,,,
39366,28:43.013,0,,,,,,,,
39381,28:43.513,0,,,,,,,,
39396,28:44.013,0,,,,,,,,
39411,28:44.513,0,,,,,,,,
39426,28:45.013,0,,,,,,,,
39441,28:45.513,0,,,,,,,,
39456,28:46.013,0,,,,,,,,
39471,28:46.513,1,448.0,601.0,592.0,784.0,,,,
39486,28:47.015,1,470.0,658.0,612.0,841.0,,,,
39501,28:47.515,1,448.0,640.0,591.0,821.0,,,,
39516,28:48.015,1,522.0,559.0,660.0,745.0,,,,
39531,28:48.515,1,159.0,610.0,327.0,812.0,,,,
39546,28:49.015,0,,,,,,,,
39562,28:49.515,0,,,,,,,,
39577,28:50.015,0,,,,,,,,
39592,28:50.515,0,,,,,,,,
39607,28:51.015,0,,,,,,,,
39622,28:51.517,0,,,,,,,,
39637,28:52.017,0,,,,,,,,
39652,28:52.517,0,,,,,,,,
39667,28:53.017,0,,,,,,,,
39682,28:53.517,0,,,,,,,,
39697,28:54.017,0,,,,,,,,
39712,28:54.517,0,,,,,,,,
39727,28:55.017,0,,,,,,,,
39742,28:55.518,0,,,,,,,,
39757,28:56.018,0,,,,,,,,
39772,28:56.518,0,,,,,,,,
39787,28:57.018,0,,,,,,,,
39802,28:57.510,0,,,,,,,,
39817,28:58.010,0,,,,,,,,
39832,28:58.510,0,,,,,,,,
39847,28:59.010,0,,,,,,,,
39862,28:59.510,0,,,,,,,,
39877,29:00.012,0,,,,,,,,
39892,29:00.512,0,,,,,,,,
39907,29:01.012,0,,,,,,,,
39922,29:01.512,0,,,,,,,,
39937,29:02.012,0,,,,,,,,
39952,29:02.512,0,,,,,,,,
39967,29:03.012,1,-56.0,671.0,104.0,878.0,,,,
39982,29:03.512,1,811.0,859.0,928.0,1023.0,,,,
39997,29:04.013,2,1340.0,672.0,1455.0,834.0,113.0,645.0,358.0,936.0
40012,29:04.513,2,676.0,644.0,860.0,887.0,1793.0,579.0,1924.0,750.0
40027,29:05.013,0,,,,,,,,
40042,29:05.513,0,,,,,,,,
40057,29:06.013,0,,,,,,,,
40072,29:06.513,0,,,,,,,,
40087,29:07.013,0,,,,,,,,
40102,29:07.513,0,,,,,,,,
40117,29:08.013,1,57.0,576.0,229.0,767.0,,,,
40132,29:08.515,1,143.0,534.0,298.0,722.0,,,,
40147,29:09.015,0,,,,,,,,
40162,29:09.515,1,383.0,568.0,519.0,741.0,,,,
40177,29:10.015,1,311.0,574.0,455.0,753.0,,,,
40192,29:10.515,1,289.0,528.0,431.0,709.0,,,,
40207,29:11.015,1,194.0,395.0,345.0,580.0,,,,
40222,29:11.515,1,259.0,396.0,405.0,578.0,,,,
40237,29:12.015,1,133.0,404.0,291.0,591.0,,,,
40252,29:12.515,1,185.0,271.0,340.0,470.0,,,,
40267,29:13.017,1,236.0,493.0,387.0,675.0,,,,
40282,29:13.517,0,,,,,,,,
40297,29:14.017,0,,,,,,,,
40312,29:14.517,0,,,,,,,,
40327,29:15.017,0,,,,,,,,
40342,29:15.517,0,,,,,,,,
40357,29:16.017,0,,,,,,,,
40372,29:16.517,0,,,,,,,,
40387,29:17.018,0,,,,,,,,
40402,29:17.510,1,383.0,790.0,520.0,962.0,,,,
40417,29:18.010,1,909.0,720.0,1018.0,876.0,,,,
40432,29:18.510,1,770.0,724.0,884.0,882.0,,,,
40447,29:19.010,1,37.0,717.0,201.0,903.0,,,,
40462,29:19.510,1,995.0,647.0,1105.0,800.0,,,,
40477,29:20.018,1,1057.0,620.0,1164.0,774.0,,,,
40491,29:20.510,0,,,,,,,,
40506,29:21.010,2,1898.0,273.0,2114.0,526.0,230.0,342.0,448.0,604.0
40521,29:21.512,2,1621.0,333.0,1800.0,566.0,-100.0,337.0,124.0,629.0
40536,29:22.012,1,1535.0,465.0,1700.0,682.0,,,,
40551,29:22.512,2,1588.0,643.0,1754.0,858.0,-91.0,594.0,128.0,877.0
40566,29:23.012,2,525.0,554.0,700.0,795.0,2114.0,516.0,2349.0,780.0
40581,29:23.512,1,1201.0,581.0,1361.0,790.0,,,,
40596,29:24.012,1,903.0,622.0,1068.0,834.0,,,,
40611,29:24.512,1,969.0,557.0,1132.0,771.0,,,,
40626,29:25.012,1,752.0,711.0,922.0,922.0,,,,
40641,29:25.513,1,471.0,714.0,660.0,942.0,,,,
40656,29:26.013,1,870.0,719.0,1034.0,935.0,,,,
40671,29:26.513,1,1399.0,748.0,1566.0,966.0,,,,
40686,29:27.013,2,1808.0,702.0,2004.0,941.0,197.0,728.0,399.0,977.0
40701,29:27.513,2,126.0,723.0,328.0,974.0,1729.0,665.0,1915.0,902.0
40716,29:28.013,2,1683.0,636.0,1869.0,869.0,54.0,740.0,268.0,1001.0
40731,29:28.513,2,1740.0,602.0,1931.0,846.0,82.0,667.0,305.0,928.0
40746,29:29.013,1,978.0,781.0,1137.0,995.0,,,,
40761,29:29.513,1,289.0,761.0,503.0,1008.0,,,,
40776,29:30.015,1,-41.0,697.0,198.0,958.0,,,,
40791,29:30.515,1,891.0,675.0,1058.0,887.0,,,,
40806,29:31.015,2,1874.0,638.0,2080.0,874.0,279.0,692.0,473.0,939.0
40821,29:31.515,2,2033.0,718.0,2258.0,971.0,449.0,818.0,626.0,1049.0
40836,29:32.015,1,729.0,858.0,886.0,1076.0,,,,
40853,29:32.515,2,1852.0,769.0,2054.0,1006.0,242.0,821.0,445.0,1074.0
40869,29:33.015,1,713.0,793.0,885.0,1017.0,,,,
40885,29:33.515,1,755.0,728.0,926.0,953.0,,,,
40901,29:34.015,1,804.0,698.0,971.0,920.0,,,,
40917,29:34.517,1,1135.0,523.0,1298.0,738.0,,,,
40933,29:35.017,1,1143.0,393.0,1307.0,619.0,,,,
40949,29:35.517,1,1194.0,349.0,1360.0,581.0,,,,
40964,29:36.017,2,537.0,608.0,704.0,828.0,2146.0,315.0,2395.0,585.0
40979,29:36.517,2,2020.0,158.0,2251.0,388.0,368.0,431.0,559.0,675.0
40994,29:37.017,2,1916.0,161.0,2132.0,394.0,223.0,352.0,429.0,609.0
41009,29:37.508,1,1488.0,524.0,1655.0,741.0,,,,
41024,29:38.008,1,1334.0,499.0,1497.0,720.0,,,,
41039,29:38.510,1,1255.0,510.0,1417.0,725.0,,,,
41054,29:39.010,1,1231.0,543.0,1389.0,756.0,,,,
41069,29:39.510,1,1255.0,581.0,1416.0,788.0,,,,
41084,29:40.010,1,1303.0,702.0,1463.0,913.0,,,,
41099,29:40.510,1,1317.0,647.0,1478.0,860.0,,,,
41114,29:41.010,1,1317.0,650.0,1478.0,864.0,,,,
41129,29:41.510,1,1302.0,741.0,1461.0,952.0,,,,
41145,29:42.010,1,1365.0,833.0,1530.0,1044.0,,,,
41160,29:42.510,1,1360.0,826.0,1521.0,1036.0,,,,
41176,29:43.012,1,1522.0,728.0,1692.0,949.0,,,,
41191,29:43.512,1,1541.0,656.0,1709.0,882.0,,,,
41207,29:44.012,1,1552.0,478.0,1708.0,702.0,,,,
41222,29:44.512,1,1464.0,700.0,1609.0,910.0,,,,
41238,29:45.012,1,1485.0,484.0,1628.0,706.0,,,,
41253,29:45.512,2,115.0,606.0,329.0,859.0,1727.0,576.0,1886.0,806.0
41268,29:46.012,2,530.0,808.0,710.0,1021.0,2056.0,457.0,2246.0,707.0
41284,29:46.512,2,2114.0,361.0,2327.0,624.0,605.0,846.0,789.0,1055.0
41299,29:47.013,1,1394.0,596.0,1541.0,808.0,,,,
41315,29:47.513,2,1786.0,685.0,1974.0,921.0,220.0,820.0,419.0,1054.0
41330,29:48.013,2,1753.0,667.0,1941.0,902.0,169.0,806.0,375.0,1046.0
41345,29:48.513,2,1676.0,673.0,1855.0,901.0,53.0,776.0,273.0,1032.0
41361,29:49.013,2,1664.0,393.0,1847.0,627.0,-19.0,401.0,211.0,677.0
41376,29:49.513,2,1951.0,460.0,2166.0,700.0,369.0,502.0,555.0,746.0
41391,29:50.013,2,2057.0,472.0,2285.0,725.0,486.0,535.0,658.0,770.0
41406,29:50.513,2,1868.0,492.0,2059.0,729.0,292.0,526.0,485.0,777.0
41422,29:51.013,2,1754.0,482.0,1939.0,713.0,140.0,484.0,351.0,746.0
41437,29:51.515,2,1675.0,671.0,1850.0,897.0,52.0,676.0,275.0,952.0
41452,29:52.015,1,1593.0,1247.0,1775.0,1497.0,,,,
41475,29:52.515,0,,,,,,,,
