frame,time,actual_video_time,faces_detected_count,face_0_tl_x,face_0_tl_y,face_0_br_x,face_0_br_y,face_1_tl_x,face_1_tl_y,face_1_br_x,face_1_br_y
29565,16:27.000,16:27.018,1,2315.0,779.0,2436.0,940.0,,,,
29580,16:27.500,16:27.518,1,2312.0,776.0,2434.0,936.0,,,,
29595,16:28.000,16:28.020,1,2313.0,782.0,2432.0,940.0,,,,
29610,16:28.500,16:28.520,1,1983.0,795.0,2100.0,937.0,,,,
29625,16:29.000,16:29.020,1,1616.0,800.0,1710.0,926.0,,,,
29640,16:29.500,16:29.520,2,833.0,813.0,929.0,944.0,2137.0,597.0,2336.0,794.0
29655,16:30.000,16:30.020,2,689.0,836.0,790.0,973.0,1945.0,641.0,2121.0,822.0
29668,16:30.500,16:30.520,2,769.0,810.0,858.0,942.0,2034.0,641.0,2210.0,833.0
29683,16:31.000,16:31.020,1,1342.0,719.0,1487.0,899.0,,,,
29698,16:31.500,16:31.520,1,758.0,829.0,909.0,1042.0,,,,
29713,16:32.000,16:32.022,1,823.0,823.0,970.0,1034.0,,,,
29728,16:32.500,16:32.522,1,674.0,824.0,828.0,1035.0,,,,
29743,16:33.000,16:33.022,1,721.0,769.0,872.0,961.0,,,,
29758,16:33.500,16:33.522,1,717.0,720.0,870.0,930.0,,,,
29773,16:34.000,16:34.022,1,723.0,710.0,874.0,919.0,,,,
29788,16:34.500,16:34.522,1,644.0,723.0,802.0,937.0,,,,
29803,16:35.000,16:35.022,2,34.0,802.0,252.0,1050.0,1781.0,561.0,1966.0,781.0
29818,16:35.500,16:35.522,2,190.0,793.0,389.0,1039.0,1876.0,597.0,2079.0,828.0
29833,16:36.000,16:36.023,1,1613.0,887.0,1770.0,1107.0,,,,
29848,16:36.500,16:36.523,1,1743.0,864.0,1913.0,1090.0,,,,
29863,16:37.000,16:37.023,1,1458.0,872.0,1603.0,1077.0,,,,
29878,16:37.500,16:37.523,1,1395.0,854.0,1528.0,1055.0,,,,
29893,16:38.000,16:38.023,1,1492.0,879.0,1632.0,1086.0,,,,
29908,16:38.500,16:38.523,1,1628.0,881.0,1780.0,1095.0,,,,
29923,16:39.000,16:39.023,1,1613.0,856.0,1769.0,1077.0,,,,
29938,16:39.500,16:39.523,1,1437.0,838.0,1587.0,1043.0,,,,
29953,16:40.000,16:40.025,1,1595.0,808.0,1722.0,1010.0,,,,
29968,16:40.500,16:40.525,1,1560.0,828.0,1718.0,1044.0,,,,
29983,16:41.000,16:41.025,1,1280.0,852.0,1423.0,1059.0,,,,
29998,16:41.500,16:41.525,2,102.0,915.0,319.0,1172.0,1745.0,611.0,1940.0,831.0
30013,16:42.000,16:42.025,2,1594.0,643.0,1776.0,859.0,-78.0,952.0,126.0,1210.0
30028,16:42.500,16:42.517,1,1526.0,652.0,1701.0,872.0,,,,
30043,16:43.000,16:43.017,1,1332.0,673.0,1494.0,880.0,,,,
30058,16:43.500,16:43.517,1,1365.0,670.0,1525.0,872.0,,,,
30073,16:44.000,16:44.018,2,114.0,771.0,314.0,1016.0,1710.0,623.0,1888.0,830.0
30088,16:44.500,16:44.518,2,2149.0,521.0,2393.0,781.0,567.0,709.0,727.0,928.0
30103,16:45.000,16:45.018,1,1617.0,782.0,1772.0,1007.0,,,,
30118,16:45.500,16:45.518,1,725.0,817.0,878.0,1027.0,,,,
30133,16:46.000,16:46.018,2,377.0,599.0,567.0,839.0,2039.0,399.0,2261.0,649.0
30148,16:46.500,16:46.518,2,2031.0,296.0,2253.0,544.0,284.0,511.0,499.0,764.0
30163,16:47.000,16:47.018,2,2033.0,163.0,2252.0,415.0,168.0,398.0,408.0,662.0
30178,16:47.500,16:47.518,2,240.0,475.0,459.0,731.0,2059.0,256.0,2278.0,505.0
30193,16:48.000,16:48.020,2,232.0,480.0,451.0,736.0,2038.0,274.0,2251.0,516.0
30208,16:48.500,16:48.520,2,238.0,481.0,457.0,737.0,2035.0,286.0,2248.0,528.0
30223,16:49.000,16:49.020,2,234.0,454.0,455.0,710.0,2036.0,246.0,2255.0,493.0
30238,16:49.500,16:49.520,2,243.0,419.0,459.0,673.0,2047.0,219.0,2269.0,470.0
30253,16:50.000,16:50.020,2,2042.0,235.0,2262.0,485.0,240.0,441.0,459.0,691.0
30268,16:50.500,16:50.520,2,2076.0,171.0,2305.0,429.0,252.0,398.0,471.0,653.0
30283,16:51.000,16:51.020,2,221.0,344.0,444.0,607.0,2063.0,95.0,2294.0,374.0
30298,16:51.500,16:51.520,2,267.0,348.0,484.0,607.0,2104.0,95.0,2339.0,380.0
30313,16:52.000,16:52.022,2,2046.0,137.0,2271.0,395.0,213.0,369.0,438.0,629.0
30328,16:52.500,16:52.522,2,1938.0,311.0,2145.0,542.0,159.0,507.0,384.0,763.0
30343,16:53.000,16:53.022,1,1686.0,388.0,1864.0,603.0,,,,
30358,16:53.500,16:53.522,2,1891.0,315.0,2092.0,543.0,103.0,502.0,334.0,760.0
30373,16:54.000,16:54.022,2,154.0,494.0,370.0,750.0,1938.0,298.0,2143.0,527.0
30388,16:54.500,16:54.522,2,145.0,470.0,367.0,729.0,1938.0,261.0,2148.0,500.0
30403,16:55.000,16:55.022,2,1861.0,283.0,2056.0,517.0,46.0,489.0,281.0,755.0
30418,16:55.500,16:55.522,1,1694.0,427.0,1871.0,642.0,,,,
30433,16:56.000,16:56.023,2,81.0,606.0,309.0,867.0,1859.0,424.0,2049.0,651.0
30448,16:56.500,16:56.523,2,-22.0,635.0,210.0,904.0,1775.0,488.0,1956.0,706.0
30463,16:57.000,16:57.023,2,1735.0,576.0,1913.0,782.0,-56.0,720.0,178.0,991.0
30478,16:57.500,16:57.523,2,371.0,671.0,559.0,908.0,2100.0,517.0,2316.0,748.0
30493,16:58.000,16:58.023,2,527.0,647.0,703.0,879.0,2284.0,510.0,2479.0,736.0
30508,16:58.500,16:58.523,1,1690.0,471.0,1863.0,676.0,,,,
30523,16:59.000,16:59.023,2,34.0,554.0,269.0,824.0,1834.0,431.0,2022.0,648.0
30538,16:59.500,16:59.523,2,73.0,544.0,301.0,812.0,1869.0,403.0,2063.0,628.0
30553,17:00.000,17:00.025,2,178.0,573.0,394.0,830.0,1947.0,432.0,2148.0,658.0
30568,17:00.500,17:00.525,1,616.0,592.0,784.0,818.0,,,,
30583,17:01.000,17:01.025,1,555.0,670.0,727.0,898.0,,,,
30598,17:01.500,17:01.525,2,355.0,633.0,549.0,875.0,2086.0,465.0,2307.0,702.0
30613,17:02.000,17:02.025,2,394.0,641.0,581.0,885.0,2133.0,477.0,2364.0,721.0
30628,17:02.500,17:02.517,2,518.0,595.0,693.0,830.0,2286.0,459.0,2481.0,691.0
30643,17:03.000,17:03.017,1,910.0,658.0,1064.0,869.0,,,,
30658,17:03.500,17:03.517,1,890.0,683.0,1042.0,893.0,,,,
30673,17:04.000,17:04.018,1,594.0,766.0,766.0,991.0,,,,
30688,17:04.500,17:04.518,1,1638.0,603.0,1806.0,798.0,,,,
30703,17:05.000,17:05.018,1,1591.0,652.0,1756.0,845.0,,,,
30718,17:05.500,17:05.518,1,1591.0,618.0,1756.0,811.0,,,,
30733,17:06.000,17:06.018,2,457.0,700.0,635.0,936.0,2199.0,644.0,2407.0,861.0
30748,17:06.500,17:06.518,1,671.0,728.0,828.0,950.0,,,,
30763,17:07.000,17:07.018,2,419.0,845.0,596.0,1082.0,2122.0,755.0,2348.0,984.0
30778,17:07.500,17:07.518,2,34.0,845.0,269.0,1124.0,1829.0,739.0,2012.0,956.0
30793,17:08.000,17:08.020,2,41.0,857.0,272.0,1127.0,1825.0,750.0,2010.0,960.0
30808,17:08.500,17:08.520,2,102.0,800.0,324.0,1060.0,1847.0,699.0,2035.0,911.0
30823,17:09.000,17:09.020,2,1745.0,701.0,1920.0,909.0,-41.0,799.0,186.0,1066.0
30838,17:09.500,17:09.520,2,1727.0,803.0,1901.0,1009.0,-75.0,886.0,154.0,1160.0
30853,17:10.000,17:10.020,2,251.0,801.0,452.0,1052.0,1973.0,732.0,2177.0,955.0
30868,17:10.500,17:10.520,1,729.0,752.0,890.0,967.0,,,,
30883,17:11.000,17:11.020,2,1707.0,682.0,1877.0,887.0,-93.0,767.0,129.0,1038.0
30898,17:11.500,17:11.520,1,1686.0,633.0,1856.0,829.0,,,,
30913,17:12.000,17:12.022,1,1650.0,566.0,1814.0,771.0,,,,
30928,17:12.500,17:12.522,2,20.0,598.0,230.0,860.0,1794.0,495.0,1974.0,714.0
30943,17:13.000,17:13.022,2,78.0,549.0,285.0,808.0,1846.0,460.0,2035.0,678.0
30958,17:13.500,17:13.522,2,121.0,527.0,322.0,785.0,1883.0,439.0,2078.0,667.0
30973,17:14.000,17:14.022,2,154.0,547.0,354.0,805.0,1911.0,448.0,2106.0,675.0
30988,17:14.500,17:14.522,2,171.0,555.0,373.0,803.0,1935.0,438.0,2140.0,667.0
31003,17:15.000,17:15.022,2,187.0,745.0,387.0,992.0,1902.0,602.0,2097.0,814.0
31018,17:15.500,17:15.522,2,187.0,624.0,393.0,879.0,1936.0,490.0,2137.0,705.0
31033,17:16.000,17:16.023,2,215.0,573.0,425.0,824.0,1997.0,433.0,2207.0,669.0
31048,17:16.500,17:16.523,2,260.0,726.0,458.0,975.0,1987.0,588.0,2192.0,808.0
31063,17:17.000,17:17.023,2,1932.0,594.0,2132.0,803.0,237.0,752.0,430.0,996.0
31078,17:17.500,17:17.523,2,227.0,657.0,431.0,910.0,1975.0,524.0,2179.0,752.0
31093,17:18.000,17:18.023,2,485.0,688.0,667.0,921.0,2251.0,570.0,2465.0,800.0
31108,17:18.500,17:18.523,2,429.0,706.0,614.0,945.0,2157.0,588.0,2381.0,814.0
31123,17:19.000,17:19.023,1,792.0,699.0,948.0,907.0,,,,
31138,17:19.500,17:19.523,1,826.0,704.0,980.0,911.0,,,,
31153,17:20.000,17:20.025,2,435.0,738.0,618.0,975.0,2175.0,655.0,2382.0,875.0
31168,17:20.500,17:20.525,2,353.0,798.0,540.0,1033.0,2053.0,698.0,2268.0,919.0
31183,17:21.000,17:21.025,2,187.0,784.0,395.0,1033.0,1933.0,685.0,2130.0,901.0
31198,17:21.500,17:21.525,2,162.0,772.0,374.0,1004.0,1897.0,701.0,2089.0,914.0
31213,17:22.000,17:22.017,1,1762.0,658.0,1941.0,868.0,,,,
31228,17:22.500,17:22.517,1,1726.0,475.0,1903.0,680.0,,,,
31243,17:23.000,17:23.017,1,1694.0,504.0,1867.0,713.0,,,,
31258,17:23.500,17:23.517,1,1961.0,475.0,2162.0,695.0,,,,
31273,17:24.000,17:24.018,2,232.0,629.0,438.0,876.0,1955.0,505.0,2156.0,729.0
31288,17:24.500,17:24.518,2,1722.0,567.0,1895.0,774.0,-59.0,687.0,167.0,957.0
31303,17:25.000,17:25.018,2,-34.0,699.0,191.0,970.0,1744.0,619.0,1919.0,821.0
31318,17:25.500,17:25.518,2,-1.0,685.0,226.0,950.0,1771.0,608.0,1952.0,817.0
31333,17:26.000,17:26.018,2,31.0,644.0,260.0,907.0,1813.0,558.0,1997.0,769.0
31348,17:26.500,17:26.518,1,715.0,638.0,876.0,851.0,,,,
31363,17:27.000,17:27.018,1,777.0,642.0,934.0,853.0,,,,
31378,17:27.500,17:27.518,1,927.0,656.0,1078.0,862.0,,,,
31393,17:28.000,17:28.020,1,947.0,650.0,1098.0,861.0,,,,
31408,17:28.500,17:28.520,1,964.0,647.0,1113.0,853.0,,,,
31423,17:29.000,17:29.020,1,974.0,668.0,1123.0,868.0,,,,
31438,17:29.500,17:29.520,1,969.0,650.0,1120.0,855.0,,,,
31453,17:30.000,17:30.020,1,965.0,648.0,1118.0,861.0,,,,
31468,17:30.500,17:30.520,1,952.0,639.0,1103.0,845.0,,,,
31483,17:31.000,17:31.020,1,936.0,636.0,1086.0,843.0,,,,
31498,17:31.500,17:31.520,1,948.0,650.0,1099.0,856.0,,,,
31513,17:32.000,17:32.022,1,938.0,621.0,1091.0,833.0,,,,
31528,17:32.500,17:32.522,1,905.0,636.0,1058.0,844.0,,,,
31543,17:33.000,17:33.022,1,841.0,732.0,995.0,940.0,,,,
31558,17:33.500,17:33.522,1,816.0,729.0,971.0,941.0,,,,
31573,17:34.000,17:34.022,2,529.0,710.0,704.0,936.0,2287.0,573.0,2475.0,800.0
31588,17:34.500,17:34.522,2,82.0,718.0,289.0,974.0,1811.0,577.0,2000.0,787.0
31603,17:35.000,17:35.022,2,261.0,693.0,447.0,929.0,1958.0,530.0,2161.0,753.0
31618,17:35.500,17:35.522,2,407.0,694.0,589.0,923.0,2125.0,527.0,2352.0,765.0
31633,17:36.000,17:36.023,2,2175.0,456.0,2398.0,690.0,424.0,623.0,609.0,857.0
31648,17:36.500,17:36.523,2,454.0,681.0,632.0,912.0,2193.0,514.0,2416.0,747.0
31663,17:37.000,17:37.023,2,490.0,751.0,666.0,986.0,2232.0,553.0,2452.0,788.0
31678,17:37.500,17:37.523,2,475.0,724.0,652.0,956.0,2222.0,529.0,2441.0,767.0
31693,17:38.000,17:38.023,2,470.0,711.0,649.0,942.0,2215.0,498.0,2438.0,737.0
31708,17:38.500,17:38.523,2,484.0,677.0,661.0,906.0,2232.0,466.0,2444.0,706.0
31723,17:39.000,17:39.023,2,466.0,630.0,647.0,865.0,2218.0,424.0,2431.0,661.0
31738,17:39.500,17:39.523,2,445.0,603.0,627.0,843.0,2195.0,408.0,2414.0,646.0
31753,17:40.000,17:40.025,2,492.0,638.0,670.0,876.0,2256.0,489.0,2465.0,730.0
31768,17:40.500,17:40.525,2,441.0,594.0,624.0,834.0,2215.0,407.0,2436.0,651.0
31783,17:41.000,17:41.025,2,413.0,623.0,596.0,856.0,2152.0,427.0,2389.0,669.0
31798,17:41.500,17:41.517,2,2083.0,466.0,2308.0,698.0,386.0,670.0,562.0,900.0
31813,17:42.000,17:42.017,2,71.0,772.0,290.0,1035.0,1813.0,590.0,2000.0,800.0
31828,17:42.500,17:42.517,1,570.0,701.0,741.0,930.0,,,,
31843,17:43.000,17:43.017,1,575.0,648.0,747.0,883.0,,,,
31858,17:43.500,17:43.517,1,569.0,628.0,738.0,860.0,,,,
31873,17:44.000,17:44.018,1,797.0,642.0,957.0,858.0,,,,
31888,17:44.500,17:44.518,1,820.0,688.0,976.0,900.0,,,,
31903,17:45.000,17:45.018,1,807.0,694.0,965.0,906.0,,,,
31918,17:45.500,17:45.518,1,766.0,709.0,923.0,923.0,,,,
31933,17:46.000,17:46.018,1,725.0,718.0,872.0,929.0,,,,
31948,17:46.500,17:46.518,1,691.0,701.0,842.0,918.0,,,,
31963,17:47.000,17:47.018,1,853.0,683.0,1003.0,891.0,,,,
31978,17:47.500,17:47.518,2,523.0,866.0,701.0,1098.0,2239.0,691.0,2449.0,917.0
31993,17:48.000,17:48.020,2,-22.0,892.0,205.0,1166.0,1768.0,737.0,1950.0,942.0
32008,17:48.500,17:48.520,2,214.0,791.0,420.0,1049.0,1963.0,658.0,2164.0,875.0
32023,17:49.000,17:49.020,2,401.0,756.0,591.0,1001.0,2152.0,605.0,2392.0,838.0
32038,17:49.500,17:49.520,1,533.0,678.0,710.0,905.0,,,,
32053,17:50.000,17:50.020,1,559.0,683.0,733.0,909.0,,,,
32068,17:50.500,17:50.520,1,553.0,647.0,728.0,883.0,,,,
32083,17:51.000,17:51.020,1,537.0,661.0,711.0,893.0,,,,
32098,17:51.500,17:51.520,2,417.0,640.0,605.0,883.0,2188.0,463.0,2411.0,694.0
32113,17:52.000,17:52.022,2,481.0,513.0,656.0,751.0,2256.0,356.0,2457.0,592.0
32128,17:52.500,17:52.522,2,493.0,577.0,663.0,807.0,2255.0,420.0,2455.0,654.0
32143,17:53.000,17:53.022,2,480.0,597.0,649.0,827.0,2235.0,415.0,2446.0,653.0
32158,17:53.500,17:53.522,2,466.0,573.0,637.0,805.0,2234.0,403.0,2446.0,642.0
32173,17:54.000,17:54.022,2,450.0,624.0,624.0,855.0,2205.0,465.0,2425.0,698.0
32188,17:54.500,17:54.522,2,1779.0,487.0,1964.0,706.0,-42.0,634.0,179.0,899.0
32203,17:55.000,17:55.022,2,3.0,668.0,224.0,932.0,1816.0,514.0,2004.0,725.0
32218,17:55.500,17:55.522,2,125.0,604.0,335.0,864.0,1915.0,446.0,2114.0,668.0
32233,17:56.000,17:56.023,2,395.0,446.0,579.0,693.0,2229.0,322.0,2452.0,564.0
32248,17:56.500,17:56.523,1,506.0,601.0,680.0,834.0,,,,
32263,17:57.000,17:57.023,1,578.0,597.0,748.0,826.0,,,,
32278,17:57.500,17:57.523,2,425.0,604.0,610.0,844.0,2225.0,412.0,2439.0,650.0
32293,17:58.000,17:58.023,2,302.0,704.0,498.0,950.0,2068.0,491.0,2297.0,723.0
32308,17:58.500,17:58.523,2,299.0,688.0,500.0,938.0,2080.0,496.0,2306.0,724.0
32323,17:59.000,17:59.023,2,297.0,685.0,502.0,935.0,2084.0,477.0,2310.0,708.0
32338,17:59.500,17:59.523,2,221.0,679.0,433.0,933.0,2016.0,494.0,2232.0,718.0
32353,18:00.000,18:00.025,2,1983.0,465.0,2191.0,692.0,183.0,678.0,399.0,930.0
32368,18:00.500,18:00.525,2,1991.0,478.0,2202.0,709.0,197.0,683.0,413.0,937.0
32383,18:01.000,18:01.017,2,194.0,678.0,409.0,930.0,1990.0,471.0,2199.0,700.0
32398,18:01.500,18:01.517,2,206.0,686.0,422.0,938.0,2000.0,477.0,2209.0,708.0
32413,18:02.000,18:02.017,2,217.0,667.0,430.0,925.0,2010.0,465.0,2224.0,691.0
32428,18:02.500,18:02.517,2,232.0,665.0,445.0,919.0,2030.0,459.0,2244.0,689.0
32443,18:03.000,18:03.017,2,1783.0,522.0,1967.0,733.0,-60.0,665.0,180.0,941.0
32458,18:03.500,18:03.517,1,906.0,677.0,1067.0,892.0,,,,
32473,18:04.000,18:04.018,1,904.0,685.0,1061.0,894.0,,,,
32488,18:04.500,18:04.518,1,861.0,684.0,1022.0,889.0,,,,
32503,18:05.000,18:05.018,1,830.0,679.0,990.0,886.0,,,,
32518,18:05.500,18:05.518,1,843.0,683.0,1003.0,890.0,,,,
32533,18:06.000,18:06.018,1,857.0,681.0,1017.0,889.0,,,,
32548,18:06.500,18:06.518,1,858.0,679.0,1017.0,885.0,,,,
32563,18:07.000,18:07.018,1,859.0,675.0,1017.0,883.0,,,,
32578,18:07.500,18:07.518,1,860.0,672.0,1017.0,889.0,,,,
32593,18:08.000,18:08.020,1,841.0,671.0,1002.0,883.0,,,,
32608,18:08.500,18:08.520,1,745.0,683.0,912.0,895.0,,,,
32623,18:09.000,18:09.020,1,639.0,681.0,807.0,900.0,,,,
32638,18:09.500,18:09.520,1,614.0,679.0,789.0,902.0,,,,
32653,18:10.000,18:10.020,1,602.0,676.0,776.0,901.0,,,,
32668,18:10.500,18:10.520,1,602.0,674.0,775.0,900.0,,,,
32683,18:11.000,18:11.020,1,609.0,661.0,771.0,886.0,,,,
32698,18:11.500,18:11.520,1,621.0,661.0,779.0,883.0,,,,
32713,18:12.000,18:12.022,1,620.0,654.0,779.0,879.0,,,,
32728,18:12.500,18:12.522,1,618.0,655.0,777.0,880.0,,,,
32743,18:13.000,18:13.022,2,507.0,695.0,673.0,918.0,2267.0,476.0,2467.0,712.0
32758,18:13.500,18:13.522,1,1571.0,633.0,1738.0,821.0,,,,
32773,18:14.000,18:14.022,1,1554.0,631.0,1719.0,823.0,,,,
32788,18:14.500,18:14.522,1,1564.0,617.0,1729.0,808.0,,,,
32803,18:15.000,18:15.022,1,1591.0,634.0,1758.0,828.0,,,,
32818,18:15.500,18:15.522,1,1605.0,625.0,1775.0,817.0,,,,
32833,18:16.000,18:16.023,2,69.0,837.0,299.0,1114.0,1886.0,680.0,2078.0,893.0
32848,18:16.500,18:16.523,2,279.0,809.0,483.0,1067.0,2075.0,639.0,2299.0,866.0
32863,18:17.000,18:17.023,2,2136.0,571.0,2362.0,799.0,353.0,709.0,543.0,959.0
32878,18:17.500,18:17.523,2,184.0,854.0,394.0,1122.0,1952.0,578.0,2158.0,794.0
32893,18:18.000,18:18.023,2,142.0,775.0,361.0,1023.0,1993.0,496.0,2200.0,725.0
32908,18:18.500,18:18.523,2,278.0,723.0,483.0,966.0,2109.0,491.0,2340.0,731.0
32923,18:19.000,18:19.023,2,296.0,650.0,497.0,889.0,2118.0,379.0,2355.0,620.0
32938,18:19.500,18:19.523,2,312.0,593.0,517.0,826.0,2153.0,282.0,2395.0,546.0
32953,18:20.000,18:20.025,2,329.0,787.0,523.0,1021.0,1956.0,475.0,2197.0,737.0
32968,18:20.500,18:20.517,2,407.0,659.0,599.0,899.0,2182.0,397.0,2424.0,653.0
32983,18:21.000,18:21.017,2,292.0,765.0,496.0,1018.0,2105.0,564.0,2332.0,806.0
32998,18:21.500,18:21.517,2,143.0,786.0,366.0,1048.0,1967.0,553.0,2177.0,784.0
33013,18:22.000,18:22.017,2,133.0,653.0,363.0,918.0,1969.0,413.0,2185.0,650.0
33028,18:22.500,18:22.517,2,3.0,698.0,251.0,976.0,1853.0,474.0,2052.0,698.0
33043,18:23.000,18:23.017,2,1800.0,512.0,1991.0,727.0,-51.0,731.0,193.0,1007.0
33058,18:23.500,18:23.517,2,27.0,694.0,276.0,962.0,1876.0,487.0,2075.0,706.0
33073,18:24.000,18:24.018,1,1640.0,541.0,1813.0,752.0,,,,
33088,18:24.500,18:24.518,1,1672.0,551.0,1849.0,768.0,,,,
33103,18:25.000,18:25.018,1,1711.0,548.0,1889.0,762.0,,,,
33118,18:25.500,18:25.518,2,106.0,693.0,336.0,961.0,1945.0,524.0,2150.0,752.0
33133,18:26.000,18:26.018,1,657.0,758.0,832.0,989.0,,,,
33148,18:26.500,18:26.518,1,531.0,783.0,706.0,1019.0,,,,
33163,18:27.000,18:27.018,1,583.0,752.0,746.0,989.0,,,,
33178,18:27.500,18:27.518,1,516.0,587.0,697.0,834.0,,,,
33193,18:28.000,18:28.020,2,368.0,620.0,565.0,880.0,2120.0,389.0,2344.0,632.0
33208,18:28.500,18:28.520,1,578.0,613.0,748.0,858.0,,,,
33223,18:29.000,18:29.020,1,777.0,626.0,934.0,854.0,,,,
33238,18:29.500,18:29.520,1,721.0,602.0,880.0,831.0,,,,
33253,18:30.000,18:30.020,1,598.0,535.0,775.0,778.0,,,,
33268,18:30.500,18:30.520,1,541.0,439.0,724.0,675.0,,,,
33283,18:31.000,18:31.020,1,568.0,429.0,746.0,663.0,,,,
33298,18:31.500,18:31.520,1,556.0,436.0,737.0,675.0,,,,
33313,18:32.000,18:32.022,1,461.0,392.0,652.0,635.0,,,,
33328,18:32.500,18:32.522,1,456.0,371.0,633.0,620.0,,,,
33343,18:33.000,18:33.022,1,608.0,500.0,777.0,738.0,,,,
33358,18:33.500,18:33.522,1,702.0,532.0,868.0,768.0,,,,
33373,18:34.000,18:34.022,1,750.0,621.0,915.0,834.0,,,,
33388,18:34.500,18:34.522,1,787.0,547.0,948.0,781.0,,,,
33403,18:35.000,18:35.022,1,814.0,588.0,979.0,831.0,,,,
33418,18:35.500,18:35.522,1,935.0,655.0,1096.0,870.0,,,,
33433,18:36.000,18:36.023,1,999.0,666.0,1156.0,854.0,,,,
33448,18:36.500,18:36.523,1,981.0,652.0,1137.0,852.0,,,,
33463,18:37.000,18:37.023,1,952.0,638.0,1112.0,849.0,,,,
33478,18:37.500,18:37.523,1,968.0,628.0,1115.0,847.0,,,,
33493,18:38.000,18:38.023,1,942.0,631.0,1087.0,858.0,,,,
33508,18:38.500,18:38.523,2,453.0,674.0,626.0,921.0,2220.0,548.0,2437.0,780.0
33523,18:39.000,18:39.023,1,1575.0,587.0,1742.0,784.0,,,,
33538,18:39.500,18:39.523,1,1508.0,584.0,1671.0,779.0,,,,
33553,18:40.000,18:40.017,1,1621.0,552.0,1790.0,757.0,,,,
33568,18:40.500,18:40.517,1,1653.0,547.0,1827.0,756.0,,,,
33583,18:41.000,18:41.017,1,1693.0,531.0,1868.0,742.0,,,,
33598,18:41.500,18:41.517,1,1716.0,506.0,1896.0,712.0,,,,
33613,18:42.000,18:42.017,1,1747.0,507.0,1929.0,713.0,,,,
33628,18:42.500,18:42.517,2,1774.0,490.0,1956.0,702.0,-93.0,627.0,110.0,897.0
33643,18:43.000,18:43.017,2,1784.0,509.0,1973.0,724.0,-89.0,641.0,145.0,919.0
33658,18:43.500,18:43.517,2,1784.0,510.0,1974.0,724.0,-90.0,640.0,143.0,919.0
33673,18:44.000,18:44.018,2,1800.0,525.0,1984.0,738.0,-76.0,655.0,162.0,939.0
33688,18:44.500,18:44.518,2,1813.0,507.0,2002.0,723.0,-56.0,655.0,182.0,937.0
33703,18:45.000,18:45.018,2,1775.0,555.0,1955.0,768.0,-94.0,681.0,129.0,963.0
33718,18:45.500,18:45.518,2,1784.0,563.0,1968.0,782.0,-96.0,638.0,131.0,930.0
33733,18:46.000,18:46.018,2,1799.0,546.0,1982.0,764.0,-84.0,595.0,147.0,886.0
33748,18:46.500,18:46.518,1,1770.0,492.0,1957.0,710.0,,,,
33763,18:47.000,18:47.018,2,1805.0,429.0,1995.0,658.0,-95.0,508.0,146.0,799.0
33778,18:47.500,18:47.518,2,1809.0,456.0,2000.0,673.0,-78.0,538.0,163.0,829.0
33793,18:48.000,18:48.028,1,1706.0,478.0,1885.0,688.0,,,,
33808,18:48.500,18:48.520,1,1593.0,545.0,1762.0,748.0,,,,
33823,18:49.000,18:49.020,1,1582.0,547.0,1750.0,754.0,,,,
33838,18:49.500,18:49.520,1,1595.0,531.0,1764.0,735.0,,,,
33853,18:50.000,18:50.020,1,1597.0,524.0,1766.0,727.0,,,,
33868,18:50.500,18:50.520,1,1605.0,522.0,1777.0,728.0,,,,
33883,18:51.000,18:51.020,1,1667.0,520.0,1843.0,729.0,,,,
33898,18:51.500,18:51.520,1,1684.0,514.0,1860.0,729.0,,,,
33913,18:52.000,18:52.022,2,1771.0,488.0,1956.0,705.0,-82.0,587.0,136.0,859.0
33928,18:52.500,18:52.522,2,1750.0,516.0,1930.0,729.0,-86.0,615.0,114.0,884.0
33943,18:53.000,18:53.022,2,1797.0,488.0,1983.0,701.0,-53.0,568.0,159.0,839.0
33958,18:53.500,18:53.522,2,1994.0,549.0,2202.0,775.0,215.0,681.0,414.0,933.0
33973,18:54.000,18:54.022,2,411.0,497.0,594.0,751.0,2243.0,375.0,2456.0,621.0
33988,18:54.500,18:54.522,2,389.0,611.0,583.0,870.0,2185.0,482.0,2415.0,719.0
34003,18:55.000,18:55.022,2,385.0,609.0,583.0,869.0,2185.0,477.0,2409.0,715.0
34018,18:55.500,18:55.522,2,395.0,581.0,582.0,834.0,2184.0,463.0,2408.0,695.0
34033,18:56.000,18:56.023,2,352.0,602.0,536.0,852.0,2120.0,442.0,2354.0,686.0
34048,18:56.500,18:56.523,2,297.0,678.0,487.0,926.0,2050.0,490.0,2271.0,723.0
34063,18:57.000,18:57.023,2,444.0,641.0,624.0,886.0,2225.0,509.0,2450.0,750.0
34078,18:57.500,18:57.523,1,492.0,603.0,670.0,850.0,,,,
34093,18:58.000,18:58.023,2,429.0,611.0,612.0,860.0,2235.0,499.0,2453.0,740.0
34108,18:58.500,18:58.523,2,429.0,586.0,613.0,835.0,2244.0,464.0,2448.0,702.0
34123,18:59.000,18:59.015,2,408.0,605.0,591.0,860.0,2217.0,487.0,2435.0,723.0
34138,18:59.500,18:59.515,2,396.0,642.0,582.0,895.0,2189.0,537.0,2415.0,768.0
34153,19:00.000,19:00.017,2,366.0,612.0,555.0,864.0,2164.0,494.0,2397.0,736.0
34168,19:00.500,19:00.517,2,378.0,616.0,569.0,869.0,2176.0,489.0,2402.0,726.0
34183,19:01.000,19:01.017,2,447.0,609.0,632.0,858.0,2261.0,476.0,2458.0,707.0
34198,19:01.500,19:01.517,2,311.0,634.0,512.0,890.0,2110.0,464.0,2340.0,703.0
34213,19:02.000,19:02.017,2,289.0,664.0,493.0,921.0,2087.0,509.0,2309.0,737.0
34228,19:02.500,19:02.517,2,1751.0,588.0,1931.0,794.0,-96.0,709.0,124.0,997.0
34243,19:03.000,19:03.017,2,1769.0,599.0,1952.0,801.0,-84.0,711.0,153.0,1002.0
34258,19:03.500,19:03.517,2,-10.0,701.0,218.0,977.0,1818.0,538.0,2009.0,751.0
34273,19:04.000,19:04.018,2,42.0,694.0,274.0,962.0,1855.0,525.0,2044.0,737.0
34288,19:04.500,19:04.518,2,56.0,687.0,287.0,958.0,1877.0,508.0,2073.0,729.0
34303,19:05.000,19:05.018,2,0.0,675.0,233.0,952.0,1855.0,493.0,2044.0,717.0
34318,19:05.500,19:05.518,2,19.0,650.0,242.0,925.0,1847.0,472.0,2037.0,690.0
34333,19:06.000,19:06.018,2,76.0,581.0,298.0,857.0,1902.0,407.0,2103.0,634.0
34348,19:06.500,19:06.518,2,116.0,536.0,331.0,807.0,1936.0,370.0,2142.0,589.0
34363,19:07.000,19:07.018,2,132.0,567.0,347.0,831.0,1947.0,394.0,2156.0,621.0
34378,19:07.500,19:07.518,2,1996.0,336.0,2210.0,570.0,172.0,497.0,386.0,769.0
34393,19:08.000,19:08.020,2,179.0,525.0,391.0,795.0,1992.0,366.0,2204.0,602.0
34408,19:08.500,19:08.520,2,172.0,522.0,388.0,794.0,1993.0,365.0,2205.0,595.0
34423,19:09.000,19:09.020,2,80.0,587.0,310.0,861.0,1905.0,438.0,2104.0,664.0
34438,19:09.500,19:09.520,2,37.0,598.0,276.0,880.0,1875.0,442.0,2072.0,670.0
34453,19:10.000,19:10.020,2,1749.0,495.0,1930.0,709.0,-105.0,648.0,122.0,938.0
34468,19:10.500,19:10.520,1,1639.0,538.0,1809.0,742.0,,,,
34483,19:11.000,19:11.020,2,98.0,644.0,331.0,922.0,1929.0,533.0,2128.0,753.0
34498,19:11.500,19:11.520,2,140.0,613.0,365.0,887.0,1959.0,503.0,2161.0,718.0
34513,19:12.000,19:12.022,2,202.0,544.0,420.0,813.0,2022.0,406.0,2238.0,646.0
34528,19:12.500,19:12.522,2,213.0,400.0,433.0,680.0,2079.0,273.0,2302.0,520.0
34543,19:13.000,19:13.022,2,188.0,341.0,415.0,629.0,2089.0,186.0,2319.0,454.0
34558,19:13.500,19:13.522,2,219.0,300.0,444.0,586.0,2147.0,150.0,2379.0,414.0
34573,19:14.000,19:14.022,2,213.0,320.0,438.0,604.0,2132.0,162.0,2372.0,423.0
34588,19:14.500,19:14.522,2,217.0,321.0,439.0,607.0,2135.0,172.0,2372.0,436.0
34603,19:15.000,19:15.022,2,211.0,372.0,433.0,655.0,2111.0,231.0,2342.0,486.0
34618,19:15.500,19:15.522,2,2023.0,361.0,2239.0,601.0,167.0,477.0,392.0,757.0
34633,19:16.000,19:16.023,1,1747.0,511.0,1925.0,718.0,,,,
34648,19:16.500,19:16.523,2,-25.0,636.0,217.0,920.0,1828.0,509.0,2016.0,721.0
34663,19:17.000,19:17.023,2,1863.0,547.0,2053.0,774.0,38.0,660.0,269.0,941.0
34678,19:17.500,19:17.523,1,715.0,663.0,876.0,899.0,,,,
34693,19:18.000,19:18.023,1,642.0,677.0,811.0,911.0,,,,
34708,19:18.500,19:18.515,1,559.0,691.0,740.0,939.0,,,,
34723,19:19.000,19:19.015,1,518.0,901.0,702.0,1153.0,,,,
34738,19:19.500,19:19.515,1,551.0,894.0,732.0,1142.0,,,,
34753,19:20.000,19:20.017,2,301.0,830.0,495.0,1086.0,2039.0,664.0,2252.0,887.0
34768,19:20.500,19:20.517,2,226.0,749.0,437.0,1010.0,1994.0,608.0,2196.0,824.0
34783,19:21.000,19:21.017,1,1701.0,632.0,1874.0,836.0,,,,
34798,19:21.500,19:21.517,2,1785.0,609.0,1964.0,821.0,-51.0,716.0,192.0,1001.0
34813,19:22.000,19:22.017,2,90.0,692.0,320.0,959.0,1890.0,551.0,2083.0,774.0
34828,19:22.500,19:22.517,2,282.0,626.0,490.0,888.0,2071.0,460.0,2291.0,693.0
34843,19:23.000,19:23.017,2,376.0,572.0,572.0,826.0,2177.0,380.0,2403.0,615.0
34858,19:23.500,19:23.517,2,368.0,584.0,564.0,840.0,2158.0,406.0,2386.0,645.0
34873,19:24.000,19:24.018,2,364.0,589.0,558.0,842.0,2134.0,409.0,2362.0,650.0
34888,19:24.500,19:24.518,1,608.0,587.0,778.0,823.0,,,,
34903,19:25.000,19:25.018,1,633.0,587.0,807.0,824.0,,,,
34918,19:25.500,19:25.518,1,595.0,582.0,774.0,818.0,,,,
34933,19:26.000,19:26.018,1,528.0,716.0,712.0,959.0,,,,
34948,19:26.500,19:26.518,2,408.0,683.0,601.0,928.0,2168.0,454.0,2394.0,688.0
34963,19:27.000,19:27.018,2,408.0,674.0,595.0,921.0,2173.0,444.0,2397.0,677.0
34978,19:27.500,19:27.518,2,400.0,638.0,586.0,885.0,2155.0,416.0,2388.0,656.0
34993,19:28.000,19:28.020,2,391.0,628.0,583.0,875.0,2162.0,413.0,2392.0,653.0
35008,19:28.500,19:28.520,2,17.0,635.0,247.0,909.0,1832.0,456.0,2021.0,676.0
35023,19:29.000,19:29.020,2,1983.0,455.0,2190.0,678.0,213.0,615.0,417.0,873.0
35038,19:29.500,19:29.520,2,222.0,619.0,433.0,883.0,2000.0,448.0,2212.0,680.0
35053,19:30.000,19:30.020,2,237.0,612.0,444.0,872.0,2010.0,439.0,2224.0,679.0
35068,19:30.500,19:30.520,2,279.0,605.0,480.0,866.0,2024.0,443.0,2239.0,675.0
35083,19:31.000,19:31.020,2,478.0,616.0,667.0,851.0,2280.0,469.0,2475.0,709.0
35098,19:31.500,19:31.520,2,488.0,619.0,676.0,857.0,2277.0,479.0,2474.0,716.0
35113,19:32.000,19:32.022,2,485.0,609.0,671.0,853.0,2271.0,461.0,2471.0,708.0
35128,19:32.500,19:32.522,2,483.0,581.0,671.0,826.0,2273.0,436.0,2470.0,668.0
35143,19:33.000,19:33.022,2,476.0,656.0,662.0,900.0,2244.0,501.0,2457.0,734.0
35158,19:33.500,19:33.522,2,453.0,622.0,643.0,867.0,2224.0,466.0,2435.0,701.0
35173,19:34.000,19:34.022,2,402.0,609.0,598.0,865.0,2186.0,450.0,2410.0,678.0
35188,19:34.500,19:34.522,2,365.0,612.0,563.0,860.0,2142.0,406.0,2378.0,649.0
35203,19:35.000,19:35.022,2,370.0,722.0,556.0,970.0,2090.0,519.0,2313.0,744.0
35218,19:35.500,19:35.522,2,366.0,681.0,560.0,926.0,2111.0,508.0,2341.0,741.0
35233,19:36.000,19:36.023,2,330.0,704.0,530.0,950.0,2091.0,520.0,2312.0,753.0
35248,19:36.500,19:36.523,2,303.0,673.0,507.0,922.0,2068.0,490.0,2291.0,720.0
35263,19:37.000,19:37.023,2,279.0,608.0,489.0,870.0,2058.0,416.0,2278.0,652.0
35278,19:37.500,19:37.523,2,302.0,582.0,510.0,840.0,2091.0,370.0,2316.0,614.0
35293,19:38.000,19:38.023,2,261.0,554.0,474.0,812.0,2059.0,348.0,2279.0,585.0
35308,19:38.500,19:38.515,1,1732.0,496.0,1910.0,707.0,,,,
35323,19:39.000,19:39.015,1,1431.0,550.0,1594.0,752.0,,,,
35338,19:39.500,19:39.515,1,1472.0,533.0,1634.0,729.0,,,,
35353,19:40.000,19:40.025,1,1486.0,529.0,1652.0,727.0,,,,
35368,19:40.500,19:40.517,1,1523.0,489.0,1689.0,691.0,,,,
35383,19:41.000,19:41.017,1,1635.0,349.0,1812.0,558.0,,,,
35398,19:41.500,19:41.517,2,70.0,365.0,308.0,659.0,1950.0,280.0,2159.0,519.0
35413,19:42.000,19:42.017,2,330.0,321.0,536.0,591.0,2209.0,212.0,2425.0,466.0
35428,19:42.500,19:42.517,2,303.0,330.0,512.0,603.0,2181.0,207.0,2411.0,454.0
35443,19:43.000,19:43.017,2,310.0,360.0,519.0,632.0,2180.0,207.0,2409.0,456.0
35458,19:43.500,19:43.517,2,293.0,391.0,505.0,665.0,2159.0,216.0,2397.0,476.0
35473,19:44.000,19:44.018,2,274.0,382.0,485.0,656.0,2144.0,200.0,2382.0,458.0
35488,19:44.500,19:44.518,2,256.0,352.0,476.0,620.0,2145.0,177.0,2388.0,444.0
35503,19:45.000,19:45.018,2,251.0,331.0,472.0,607.0,2143.0,160.0,2378.0,421.0
35518,19:45.500,19:45.518,2,238.0,261.0,465.0,541.0,2157.0,70.0,2380.0,351.0
35533,19:46.000,19:46.018,2,242.0,290.0,467.0,571.0,2148.0,91.0,2389.0,380.0
35548,19:46.500,19:46.518,2,235.0,243.0,463.0,524.0,2170.0,56.0,2401.0,343.0
35563,19:47.000,19:47.018,2,248.0,276.0,475.0,557.0,2171.0,87.0,2407.0,375.0
35578,19:47.500,19:47.518,2,227.0,342.0,449.0,617.0,2118.0,170.0,2357.0,435.0
35593,19:48.000,19:48.020,2,205.0,426.0,429.0,692.0,2082.0,252.0,2307.0,501.0
35608,19:48.500,19:48.520,2,241.0,347.0,445.0,617.0,2099.0,177.0,2334.0,442.0
35623,19:49.000,19:49.020,2,2096.0,163.0,2331.0,424.0,237.0,335.0,446.0,601.0
35638,19:49.500,19:49.520,2,244.0,397.0,466.0,673.0,2100.0,236.0,2334.0,490.0
35653,19:50.000,19:50.020,2,234.0,404.0,454.0,677.0,2079.0,246.0,2308.0,496.0
35668,19:50.500,19:50.520,2,247.0,392.0,465.0,669.0,2093.0,236.0,2323.0,488.0
35683,19:51.000,19:51.020,2,2100.0,221.0,2330.0,483.0,251.0,376.0,467.0,641.0
35698,19:51.500,19:51.520,2,235.0,337.0,458.0,611.0,2102.0,176.0,2335.0,443.0
35713,19:52.000,19:52.022,2,243.0,402.0,464.0,674.0,2078.0,262.0,2298.0,501.0
35728,19:52.500,19:52.522,2,239.0,417.0,458.0,680.0,2078.0,267.0,2300.0,508.0
35743,19:53.000,19:53.022,2,186.0,463.0,412.0,731.0,2021.0,311.0,2236.0,549.0
35758,19:53.500,19:53.522,1,1692.0,540.0,1868.0,752.0,,,,
35773,19:54.000,19:54.022,2,-3.0,637.0,238.0,913.0,1824.0,536.0,2012.0,750.0
35788,19:54.500,19:54.522,2,240.0,597.0,444.0,851.0,2009.0,494.0,2220.0,720.0
35803,19:55.000,19:55.022,2,309.0,542.0,502.0,796.0,2080.0,427.0,2305.0,665.0
35818,19:55.500,19:55.522,2,361.0,479.0,554.0,732.0,2161.0,384.0,2390.0,622.0
35833,19:56.000,19:56.023,2,360.0,463.0,555.0,714.0,2161.0,357.0,2393.0,602.0
35848,19:56.500,19:56.523,2,335.0,470.0,538.0,724.0,2141.0,345.0,2377.0,595.0
35863,19:57.000,19:57.023,2,325.0,464.0,527.0,718.0,2125.0,337.0,2358.0,583.0
35878,19:57.500,19:57.523,2,326.0,464.0,528.0,719.0,2122.0,342.0,2353.0,586.0
35893,19:58.000,19:58.015,2,416.0,508.0,609.0,753.0,2222.0,397.0,2433.0,632.0
35908,19:58.500,19:58.515,2,484.0,661.0,665.0,893.0,2245.0,547.0,2449.0,774.0
35923,19:59.000,19:59.015,2,285.0,681.0,491.0,930.0,2038.0,590.0,2250.0,810.0
35938,19:59.500,19:59.515,2,84.0,694.0,318.0,953.0,1875.0,622.0,2068.0,832.0
35953,20:00.000,20:00.017,1,1649.0,713.0,1816.0,913.0,,,,
35968,20:00.500,20:00.517,2,-13.0,726.0,228.0,1005.0,1798.0,642.0,1980.0,855.0
35983,20:01.000,20:01.017,2,35.0,678.0,272.0,949.0,1839.0,589.0,2029.0,802.0
35998,20:01.500,20:01.517,1,1686.0,598.0,1859.0,796.0,,,,
36013,20:02.000,20:02.017,2,1780.0,559.0,1966.0,773.0,-48.0,653.0,194.0,937.0
36028,20:02.500,20:02.517,2,127.0,595.0,357.0,865.0,1924.0,490.0,2125.0,708.0
36043,20:03.000,20:03.017,2,160.0,573.0,382.0,837.0,1954.0,455.0,2159.0,680.0
36058,20:03.500,20:03.517,2,162.0,507.0,384.0,779.0,1971.0,411.0,2179.0,647.0
36073,20:04.000,20:04.018,2,2051.0,344.0,2270.0,578.0,219.0,431.0,438.0,699.0
36088,20:04.500,20:04.518,2,197.0,463.0,417.0,731.0,2020.0,360.0,2237.0,595.0
36103,20:05.000,20:05.018,2,198.0,464.0,417.0,734.0,2018.0,358.0,2235.0,597.0
36118,20:05.500,20:05.518,2,208.0,456.0,426.0,721.0,2020.0,352.0,2234.0,588.0
36133,20:06.000,20:06.018,2,217.0,491.0,433.0,760.0,2014.0,387.0,2228.0,624.0
36148,20:06.500,20:06.518,2,80.0,566.0,315.0,836.0,1901.0,463.0,2098.0,693.0
36163,20:07.000,20:07.018,1,1580.0,559.0,1747.0,762.0,,,,
36178,20:07.500,20:07.518,1,1708.0,521.0,1887.0,722.0,,,,
36193,20:08.000,20:08.020,1,1651.0,542.0,1827.0,751.0,,,,
36208,20:08.500,20:08.520,1,1655.0,550.0,1828.0,758.0,,,,
36223,20:09.000,20:09.020,1,1636.0,524.0,1808.0,729.0,,,,
36238,20:09.500,20:09.520,2,1732.0,495.0,1910.0,701.0,-104.0,587.0,118.0,875.0
36253,20:10.000,20:10.020,1,1655.0,486.0,1830.0,690.0,,,,
36268,20:10.500,20:10.520,1,1663.0,463.0,1837.0,676.0,,,,
36283,20:11.000,20:11.020,1,1689.0,537.0,1865.0,744.0,,,,
36298,20:11.500,20:11.520,2,2050.0,453.0,2268.0,687.0,247.0,550.0,458.0,817.0
36313,20:12.000,20:12.020,1,394.0,243.0,602.0,521.0,,,,
36328,20:12.500,20:12.522,1,510.0,543.0,695.0,797.0,,,,
36343,20:13.000,20:13.022,2,502.0,761.0,689.0,1008.0,2288.0,661.0,2472.0,889.0
36358,20:13.500,20:13.522,2,455.0,778.0,644.0,1034.0,2230.0,662.0,2447.0,892.0
36373,20:14.000,20:14.022,2,454.0,762.0,642.0,1017.0,2233.0,637.0,2452.0,872.0
36388,20:14.500,20:14.522,2,446.0,757.0,636.0,1010.0,2227.0,624.0,2443.0,855.0
36403,20:15.000,20:15.022,2,220.0,780.0,432.0,1047.0,2003.0,630.0,2207.0,850.0
36418,20:15.500,20:15.522,1,1503.0,667.0,1662.0,867.0,,,,
36433,20:16.000,20:16.023,1,1511.0,668.0,1671.0,865.0,,,,
36448,20:16.500,20:16.523,1,1516.0,662.0,1681.0,864.0,,,,
36463,20:17.000,20:17.023,1,1543.0,657.0,1708.0,860.0,,,,
36478,20:17.500,20:17.515,1,1558.0,649.0,1721.0,853.0,,,,
36493,20:18.000,20:18.015,1,1563.0,643.0,1731.0,846.0,,,,
36508,20:18.500,20:18.515,1,1615.0,641.0,1788.0,838.0,,,,
36523,20:19.000,20:19.015,1,1642.0,625.0,1813.0,829.0,,,,
36538,20:19.500,20:19.515,1,1653.0,616.0,1828.0,823.0,,,,
36553,20:20.000,20:20.017,2,-27.0,762.0,187.0,1042.0,1774.0,623.0,1959.0,835.0
36568,20:20.500,20:20.517,2,134.0,739.0,346.0,1005.0,1907.0,618.0,2106.0,833.0
36583,20:21.000,20:21.017,2,2000.0,581.0,2212.0,808.0,235.0,695.0,435.0,953.0
36598,20:21.500,20:21.517,2,257.0,703.0,458.0,961.0,2014.0,592.0,2227.0,817.0
36613,20:22.000,20:22.017,1,561.0,699.0,739.0,945.0,,,,
36628,20:22.500,20:22.517,1,620.0,788.0,804.0,1042.0,,,,
36643,20:23.000,20:23.017,2,2131.0,715.0,2361.0,956.0,410.0,867.0,604.0,1129.0
36658,20:23.500,20:23.517,1,1572.0,720.0,1740.0,929.0,,,,
36673,20:24.000,20:24.018,1,1573.0,640.0,1750.0,842.0,,,,
36688,20:24.500,20:24.518,1,655.0,719.0,820.0,932.0,,,,
36703,20:25.000,20:25.018,2,573.0,725.0,737.0,961.0,2202.0,399.0,2414.0,638.0
36718,20:25.500,20:25.518,2,-16.0,975.0,202.0,1251.0,1707.0,623.0,1883.0,828.0
36733,20:26.000,20:26.018,2,1704.0,589.0,1882.0,789.0,-72.0,886.0,178.0,1174.0
36748,20:26.500,20:26.518,1,877.0,712.0,1034.0,933.0,,,,
36763,20:27.000,20:27.018,1,615.0,679.0,792.0,914.0,,,,
36778,20:27.500,20:27.518,2,372.0,616.0,573.0,872.0,2119.0,493.0,2352.0,735.0
36793,20:28.000,20:28.018,2,122.0,685.0,353.0,959.0,1881.0,526.0,2075.0,750.0
36808,20:28.500,20:28.520,2,0.0,430.0,242.0,723.0,1850.0,307.0,2044.0,534.0
36823,20:29.000,20:29.020,2,53.0,552.0,277.0,826.0,1819.0,428.0,2003.0,645.0
36838,20:29.500,20:29.520,2,7.0,671.0,240.0,947.0,1783.0,548.0,1966.0,757.0
36853,20:30.000,20:30.020,2,49.0,704.0,288.0,976.0,1832.0,606.0,2018.0,805.0
36868,20:30.500,20:30.520,2,32.0,721.0,275.0,996.0,1816.0,568.0,2000.0,777.0
36883,20:31.000,20:31.020,2,1782.0,438.0,1965.0,660.0,-23.0,575.0,198.0,859.0
36898,20:31.500,20:31.520,1,1666.0,576.0,1839.0,780.0,,,,
36913,20:32.000,20:32.020,1,1655.0,551.0,1826.0,763.0,,,,
36928,20:32.500,20:32.522,1,1628.0,541.0,1795.0,740.0,,,,
36943,20:33.000,20:33.022,1,1606.0,536.0,1773.0,736.0,,,,
36958,20:33.500,20:33.522,1,1592.0,516.0,1758.0,721.0,,,,
36973,20:34.000,20:34.022,1,1606.0,488.0,1774.0,694.0,,,,
36988,20:34.500,20:34.522,1,1603.0,484.0,1773.0,691.0,,,,
37003,20:35.000,20:35.022,1,1604.0,485.0,1774.0,694.0,,,,
37018,20:35.500,20:35.522,1,1604.0,489.0,1773.0,693.0,,,,
37033,20:36.000,20:36.022,1,1607.0,492.0,1776.0,695.0,,,,
37048,20:36.500,20:36.523,1,1608.0,480.0,1778.0,689.0,,,,
37063,20:37.000,20:37.015,1,1625.0,473.0,1793.0,685.0,,,,
37078,20:37.500,20:37.515,1,1625.0,475.0,1792.0,687.0,,,,
37093,20:38.000,20:38.015,2,1776.0,448.0,1959.0,668.0,-81.0,559.0,138.0,836.0
37108,20:38.500,20:38.515,2,2012.0,399.0,2224.0,637.0,169.0,444.0,381.0,715.0
37123,20:39.000,20:39.015,2,413.0,399.0,606.0,656.0,2270.0,396.0,2466.0,632.0
37138,20:39.500,20:39.515,2,291.0,398.0,506.0,669.0,2137.0,354.0,2366.0,605.0
37153,20:40.000,20:40.017,2,352.0,454.0,559.0,727.0,2211.0,441.0,2429.0,673.0
37168,20:40.500,20:40.517,2,239.0,400.0,461.0,682.0,2111.0,315.0,2340.0,551.0
37183,20:41.000,20:41.017,2,210.0,428.0,430.0,700.0,2054.0,326.0,2274.0,564.0
37198,20:41.500,20:41.517,2,219.0,321.0,444.0,601.0,2111.0,217.0,2342.0,461.0
37213,20:42.000,20:42.017,2,202.0,258.0,434.0,542.0,2129.0,122.0,2366.0,395.0
37228,20:42.500,20:42.517,2,217.0,264.0,446.0,552.0,2140.0,146.0,2373.0,406.0
37243,20:43.000,20:43.017,2,228.0,427.0,450.0,706.0,2075.0,305.0,2300.0,547.0
37258,20:43.500,20:43.517,2,2086.0,165.0,2312.0,417.0,176.0,285.0,410.0,573.0
37273,20:44.000,20:44.017,2,218.0,229.0,448.0,522.0,2149.0,73.0,2382.0,361.0
37288,20:44.500,20:44.518,2,258.0,387.0,477.0,662.0,2117.0,227.0,2353.0,485.0
37303,20:45.000,20:45.018,2,260.0,455.0,476.0,726.0,2086.0,309.0,2310.0,552.0
37318,20:45.500,20:45.518,2,248.0,349.0,470.0,632.0,2121.0,196.0,2355.0,455.0
37333,20:46.000,20:46.018,2,246.0,338.0,470.0,621.0,2118.0,198.0,2353.0,458.0
37348,20:46.500,20:46.518,2,2093.0,237.0,2324.0,491.0,236.0,377.0,457.0,658.0
37363,20:47.000,20:47.018,2,223.0,302.0,452.0,586.0,2120.0,153.0,2357.0,419.0
37378,20:47.500,20:47.518,2,231.0,286.0,456.0,571.0,2129.0,145.0,2366.0,412.0
37393,20:48.000,20:48.018,2,209.0,337.0,436.0,613.0,2092.0,198.0,2323.0,457.0
37408,20:48.500,20:48.520,2,2054.0,290.0,2274.0,536.0,220.0,424.0,437.0,698.0
37423,20:49.000,20:49.020,2,216.0,444.0,437.0,716.0,2043.0,313.0,2266.0,556.0
37438,20:49.500,20:49.520,2,127.0,443.0,358.0,725.0,1965.0,317.0,2172.0,548.0
37453,20:50.000,20:50.020,2,76.0,446.0,316.0,732.0,1922.0,326.0,2125.0,554.0
37468,20:50.500,20:50.520,2,85.0,439.0,321.0,725.0,1928.0,325.0,2134.0,555.0
37483,20:51.000,20:51.020,2,134.0,430.0,366.0,716.0,1976.0,319.0,2185.0,555.0
37498,20:51.500,20:51.520,2,1977.0,314.0,2187.0,550.0,125.0,428.0,360.0,715.0
37513,20:52.000,20:52.020,2,1972.0,312.0,2182.0,545.0,117.0,429.0,353.0,717.0
37528,20:52.500,20:52.522,2,-10.0,520.0,238.0,804.0,1845.0,401.0,2038.0,630.0
37543,20:53.000,20:53.022,1,1669.0,423.0,1846.0,641.0,,,,
37558,20:53.500,20:53.522,1,1718.0,452.0,1897.0,666.0,,,,
37573,20:54.000,20:54.022,1,1707.0,443.0,1882.0,656.0,,,,
37588,20:54.500,20:54.522,1,1722.0,442.0,1899.0,660.0,,,,
37604,20:55.000,20:55.022,1,1713.0,450.0,1892.0,662.0,,,,
37619,20:55.500,20:55.538,1,1734.0,435.0,1916.0,650.0,,,,
37634,20:56.000,20:56.022,1,1740.0,430.0,1921.0,650.0,,,,
37649,20:56.500,20:56.523,1,1706.0,443.0,1886.0,659.0,,,,
37664,20:57.000,20:57.015,1,1687.0,449.0,1863.0,659.0,,,,
37679,20:57.500,20:57.515,1,1695.0,440.0,1872.0,655.0,,,,
37694,20:58.000,20:58.015,1,1652.0,475.0,1826.0,679.0,,,,
37709,20:58.500,20:58.515,1,1649.0,486.0,1822.0,692.0,,,,
37724,20:59.000,20:59.015,1,1658.0,488.0,1831.0,695.0,,,,
37739,20:59.500,20:59.515,1,1687.0,472.0,1861.0,683.0,,,,
37754,21:00.000,21:00.015,2,1816.0,450.0,2004.0,664.0,-40.0,549.0,207.0,835.0
37769,21:00.500,21:00.517,2,379.0,722.0,580.0,980.0,2159.0,571.0,2388.0,795.0
37784,21:01.000,21:01.017,2,355.0,721.0,553.0,976.0,2113.0,550.0,2340.0,786.0
37799,21:01.500,21:01.517,2,2087.0,546.0,2311.0,779.0,363.0,720.0,548.0,969.0
37814,21:02.000,21:02.017,2,2091.0,533.0,2311.0,763.0,356.0,705.0,543.0,953.0
37829,21:02.500,21:02.517,2,2089.0,534.0,2311.0,764.0,355.0,710.0,544.0,957.0
37844,21:03.000,21:03.017,2,2089.0,529.0,2310.0,760.0,346.0,703.0,537.0,952.0
37859,21:03.500,21:03.517,2,323.0,734.0,526.0,993.0,2085.0,590.0,2308.0,813.0
37874,21:04.000,21:04.017,2,232.0,754.0,446.0,1021.0,1992.0,614.0,2198.0,826.0
37889,21:04.500,21:04.518,2,103.0,807.0,332.0,1079.0,1880.0,651.0,2072.0,863.0
37904,21:05.000,21:05.018,2,40.0,808.0,278.0,1086.0,1834.0,647.0,2022.0,857.0
37919,21:05.500,21:05.518,2,1840.0,616.0,2030.0,828.0,43.0,770.0,281.0,1048.0
37934,21:06.000,21:06.018,2,38.0,755.0,278.0,1030.0,1840.0,607.0,2029.0,816.0
37949,21:06.500,21:06.518,2,53.0,767.0,294.0,1048.0,1852.0,614.0,2043.0,826.0
37964,21:07.000,21:07.018,2,85.0,776.0,319.0,1056.0,1863.0,628.0,2050.0,835.0
37979,21:07.500,21:07.518,2,147.0,769.0,370.0,1049.0,1876.0,610.0,2070.0,820.0
37994,21:08.000,21:08.018,2,1926.0,459.0,2128.0,680.0,164.0,603.0,385.0,881.0
38009,21:08.500,21:08.520,2,260.0,384.0,476.0,662.0,2065.0,306.0,2286.0,547.0
38024,21:09.000,21:09.020,2,335.0,246.0,551.0,526.0,2155.0,182.0,2395.0,455.0
38039,21:09.500,21:09.520,0,,,,,,,,
38054,21:10.000,21:10.020,0,,,,,,,,
38069,21:10.500,21:10.520,1,598.0,463.0,786.0,715.0,,,,
38084,21:11.000,21:11.020,2,499.0,767.0,692.0,1009.0,2230.0,634.0,2443.0,858.0
38099,21:11.500,21:11.520,2,437.0,835.0,631.0,1085.0,2135.0,619.0,2365.0,844.0
38114,21:12.000,21:12.020,2,395.0,839.0,595.0,1095.0,2097.0,604.0,2318.0,828.0
38129,21:12.500,21:12.522,2,1755.0,645.0,1932.0,855.0,-22.0,892.0,219.0,1180.0
38144,21:13.000,21:13.022,2,1740.0,646.0,1912.0,851.0,-47.0,912.0,190.0,1203.0
38159,21:13.500,21:13.522,2,1778.0,618.0,1956.0,829.0,-9.0,888.0,237.0,1172.0
38174,21:14.000,21:14.022,2,-1.0,826.0,218.0,1106.0,1779.0,624.0,1958.0,836.0
38189,21:14.500,21:14.522,2,1772.0,616.0,1950.0,824.0,-18.0,804.0,192.0,1066.0
38204,21:15.000,21:15.022,2,1786.0,609.0,1965.0,823.0,-15.0,797.0,193.0,1061.0
38219,21:15.500,21:15.522,2,1792.0,608.0,1973.0,816.0,-7.0,790.0,204.0,1052.0
38234,21:16.000,21:16.022,2,1803.0,614.0,1986.0,826.0,0.0,794.0,218.0,1059.0
38249,21:16.500,21:16.515,2,16.0,780.0,236.0,1046.0,1815.0,611.0,2001.0,816.0
38264,21:17.000,21:17.015,2,1840.0,622.0,2027.0,833.0,49.0,790.0,268.0,1051.0
38279,21:17.500,21:17.515,2,1777.0,611.0,1957.0,827.0,-20.0,797.0,191.0,1061.0
38294,21:18.000,21:18.015,1,1685.0,642.0,1855.0,848.0,,,,
38309,21:18.500,21:18.515,1,1641.0,658.0,1806.0,855.0,,,,
38324,21:19.000,21:19.015,1,1640.0,654.0,1806.0,862.0,,,,
38339,21:19.500,21:19.515,1,1622.0,668.0,1787.0,858.0,,,,
38354,21:20.000,21:20.015,1,1601.0,652.0,1768.0,846.0,,,,
38369,21:20.500,21:20.517,1,1601.0,647.0,1767.0,842.0,,,,
38384,21:21.000,21:21.017,1,1621.0,640.0,1789.0,835.0,,,,
38399,21:21.500,21:21.517,1,1647.0,629.0,1817.0,831.0,,,,
38414,21:22.000,21:22.017,2,26.0,752.0,245.0,1013.0,1812.0,604.0,1997.0,811.0
38429,21:22.500,21:22.517,2,132.0,715.0,344.0,974.0,1895.0,596.0,2086.0,810.0
38444,21:23.000,21:23.017,2,114.0,713.0,328.0,973.0,1884.0,587.0,2076.0,799.0
38459,21:23.500,21:23.517,2,103.0,711.0,318.0,967.0,1876.0,578.0,2067.0,796.0
38474,21:24.000,21:24.017,2,89.0,712.0,305.0,972.0,1868.0,582.0,2060.0,795.0
38489,21:24.500,21:24.518,2,91.0,708.0,306.0,971.0,1867.0,578.0,2058.0,791.0
38504,21:25.000,21:25.018,2,88.0,705.0,305.0,967.0,1865.0,573.0,2056.0,788.0
38519,21:25.500,21:25.518,2,86.0,702.0,302.0,961.0,1861.0,568.0,2051.0,786.0
38534,21:26.000,21:26.018,2,85.0,698.0,302.0,957.0,1862.0,559.0,2052.0,781.0
38549,21:26.500,21:26.518,2,86.0,696.0,302.0,954.0,1860.0,559.0,2051.0,780.0
38564,21:27.000,21:27.018,2,84.0,698.0,300.0,957.0,1860.0,561.0,2052.0,781.0
38579,21:27.500,21:27.518,2,82.0,667.0,300.0,930.0,1867.0,533.0,2057.0,757.0
38594,21:28.000,21:28.018,2,79.0,654.0,299.0,918.0,1865.0,526.0,2056.0,746.0
38609,21:28.500,21:28.520,2,75.0,658.0,296.0,919.0,1866.0,525.0,2058.0,741.0
38624,21:29.000,21:29.020,2,2032.0,491.0,2245.0,725.0,274.0,636.0,468.0,889.0
38639,21:29.500,21:29.520,1,547.0,689.0,728.0,931.0,,,,
38654,21:30.000,21:30.020,2,326.0,709.0,523.0,959.0,2067.0,602.0,2285.0,825.0
38670,21:30.500,21:30.520,2,74.0,818.0,295.0,1094.0,1823.0,671.0,2011.0,883.0
38685,21:31.000,21:31.020,2,12.0,816.0,252.0,1106.0,1803.0,667.0,1989.0,873.0
38700,21:31.500,21:31.520,2,30.0,785.0,273.0,1067.0,1823.0,649.0,2012.0,852.0
38715,21:32.000,21:32.020,2,35.0,785.0,276.0,1068.0,1826.0,643.0,2015.0,850.0
38730,21:32.500,21:32.522,2,1725.0,655.0,1906.0,855.0,-75.0,781.0,158.0,1069.0
38746,21:33.000,21:33.022,2,27.0,629.0,275.0,904.0,1851.0,511.0,2041.0,724.0
38761,21:33.500,21:33.522,2,75.0,595.0,315.0,871.0,1895.0,468.0,2092.0,686.0
38776,21:34.000,21:34.022,2,1870.0,464.0,2064.0,679.0,39.0,592.0,287.0,870.0
38791,21:34.500,21:34.522,2,4.0,587.0,253.0,872.0,1841.0,473.0,2032.0,684.0
38806,21:35.000,21:35.022,2,1737.0,542.0,1917.0,744.0,-101.0,675.0,132.0,953.0
38821,21:35.500,21:35.522,1,1421.0,652.0,1584.0,841.0,,,,
38836,21:36.000,21:36.013,1,1451.0,664.0,1613.0,854.0,,,,
38851,21:36.500,21:36.515,1,1483.0,662.0,1646.0,845.0,,,,
38866,21:37.000,21:37.015,1,1521.0,658.0,1684.0,847.0,,,,
38881,21:37.500,21:37.515,1,1550.0,654.0,1715.0,850.0,,,,
38896,21:38.000,21:38.015,2,171.0,505.0,397.0,777.0,1989.0,466.0,2197.0,694.0
38911,21:38.500,21:38.515,1,573.0,578.0,751.0,814.0,,,,
38926,21:39.000,21:39.015,1,531.0,552.0,714.0,795.0,,,,
38941,21:39.500,21:39.515,1,788.0,603.0,951.0,830.0,,,,
38956,21:40.000,21:40.015,1,755.0,596.0,920.0,822.0,,,,
38971,21:40.500,21:40.517,1,756.0,590.0,918.0,826.0,,,,
38986,21:41.000,21:41.017,1,739.0,596.0,906.0,829.0,,,,
39001,21:41.500,21:41.517,1,723.0,593.0,889.0,824.0,,,,
39016,21:42.000,21:42.017,1,697.0,592.0,867.0,826.0,,,,
39031,21:42.500,21:42.517,1,684.0,611.0,854.0,843.0,,,,
39046,21:43.000,21:43.017,1,702.0,644.0,871.0,881.0,,,,
39061,21:43.500,21:43.517,1,703.0,648.0,873.0,884.0,,,,
39076,21:44.000,21:44.017,1,672.0,650.0,841.0,887.0,,,,
39091,21:44.500,21:44.518,1,560.0,686.0,740.0,924.0,,,,
39106,21:45.000,21:45.018,1,1564.0,661.0,1723.0,857.0,,,,
39121,21:45.500,21:45.518,1,1416.0,666.0,1571.0,858.0,,,,
39136,21:46.000,21:46.018,1,1395.0,659.0,1550.0,846.0,,,,
39151,21:46.500,21:46.518,1,1413.0,654.0,1565.0,846.0,,,,
39166,21:47.000,21:47.018,1,1417.0,658.0,1571.0,846.0,,,,
39181,21:47.500,21:47.518,1,1423.0,662.0,1578.0,850.0,,,,
39196,21:48.000,21:48.018,1,1452.0,670.0,1613.0,858.0,,,,
39211,21:48.500,21:48.520,1,795.0,590.0,950.0,827.0,,,,
39226,21:49.000,21:49.020,1,631.0,535.0,799.0,775.0,,,,
39242,21:49.500,21:49.520,2,1698.0,375.0,1897.0,616.0,-62.0,526.0,172.0,817.0
39258,21:50.000,21:50.020,2,-19.0,498.0,204.0,780.0,1836.0,366.0,2034.0,591.0
39273,21:50.500,21:50.520,2,10.0,483.0,240.0,764.0,1906.0,353.0,2108.0,580.0
39288,21:51.000,21:51.020,2,46.0,457.0,276.0,740.0,1923.0,335.0,2133.0,564.0
39303,21:51.500,21:51.520,2,69.0,459.0,295.0,741.0,1934.0,357.0,2144.0,590.0
39318,21:52.000,21:52.020,2,85.0,465.0,306.0,746.0,1945.0,356.0,2154.0,591.0
39333,21:52.500,21:52.522,2,20.0,562.0,249.0,838.0,1872.0,438.0,2071.0,671.0
39348,21:53.000,21:53.022,1,1654.0,511.0,1829.0,725.0,,,,
39363,21:53.500,21:53.522,1,1637.0,500.0,1812.0,714.0,,,,
39378,21:54.000,21:54.022,1,1673.0,490.0,1851.0,707.0,,,,
39393,21:54.500,21:54.522,1,1724.0,484.0,1909.0,696.0,,,,
39408,21:55.000,21:55.022,1,1735.0,487.0,1920.0,704.0,,,,
39423,21:55.500,21:55.513,1,1733.0,480.0,1918.0,698.0,,,,
39438,21:56.000,21:56.013,1,1735.0,490.0,1921.0,710.0,,,,
39453,21:56.500,21:56.515,1,1733.0,489.0,1918.0,704.0,,,,
39468,21:57.000,21:57.015,1,1747.0,482.0,1935.0,697.0,,,,
39483,21:57.500,21:57.515,2,1797.0,432.0,1987.0,659.0,-79.0,570.0,158.0,859.0
39498,21:58.000,21:58.015,2,1818.0,440.0,2012.0,666.0,-27.0,574.0,196.0,858.0
39513,21:58.500,21:58.515,2,1781.0,514.0,1974.0,733.0,-38.0,641.0,177.0,924.0
39528,21:59.000,21:59.015,2,2.0,752.0,235.0,1028.0,1834.0,669.0,2029.0,886.0
39543,21:59.500,21:59.515,1,555.0,760.0,737.0,1013.0,,,,
39558,22:00.000,22:00.015,2,204.0,776.0,421.0,1053.0,1969.0,679.0,2180.0,906.0
39573,22:00.500,22:00.517,2,30.0,795.0,272.0,1087.0,1830.0,686.0,2025.0,902.0
39588,22:01.000,22:01.017,2,180.0,778.0,407.0,1068.0,1969.0,703.0,2175.0,926.0
39603,22:01.500,22:01.517,2,1795.0,639.0,1976.0,852.0,-47.0,625.0,206.0,925.0
39618,22:02.000,22:02.017,2,1768.0,673.0,1946.0,887.0,-57.0,569.0,192.0,875.0
39633,22:02.500,22:02.517,2,23.0,679.0,268.0,965.0,1800.0,680.0,1981.0,895.0
39648,22:03.000,22:03.017,2,71.0,651.0,304.0,935.0,1831.0,671.0,2024.0,892.0
39663,22:03.500,22:03.517,2,1948.0,638.0,2150.0,858.0,182.0,543.0,390.0,807.0
39678,22:04.000,22:04.017,2,263.0,551.0,455.0,799.0,2066.0,615.0,2282.0,841.0
39693,22:04.500,22:04.518,2,156.0,551.0,357.0,800.0,1984.0,609.0,2186.0,830.0
39708,22:05.000,22:05.018,2,144.0,614.0,358.0,871.0,1931.0,542.0,2135.0,766.0
39723,22:05.500,22:05.518,1,1454.0,624.0,1617.0,820.0,,,,
39738,22:06.000,22:06.018,2,5.0,464.0,250.0,754.0,1868.0,472.0,2064.0,696.0
39753,22:06.500,22:06.518,1,411.0,250.0,616.0,530.0,,,,
39768,22:07.000,22:07.018,2,327.0,393.0,532.0,663.0,2180.0,337.0,2409.0,574.0
39783,22:07.500,22:07.518,2,364.0,490.0,562.0,749.0,2189.0,401.0,2409.0,645.0
39798,22:08.000,22:08.018,2,174.0,600.0,392.0,866.0,1980.0,481.0,2191.0,709.0
39813,22:08.500,22:08.520,1,1443.0,714.0,1601.0,906.0,,,,
39828,22:09.000,22:09.020,1,1503.0,706.0,1666.0,901.0,,,,
39843,22:09.500,22:09.520,2,51.0,688.0,285.0,965.0,1876.0,645.0,2070.0,866.0
39858,22:10.000,22:10.020,1,706.0,659.0,869.0,891.0,,,,
39873,22:10.500,22:10.520,1,587.0,651.0,752.0,891.0,,,,
39888,22:11.000,22:11.020,1,560.0,642.0,729.0,886.0,,,,
39903,22:11.500,22:11.520,1,570.0,631.0,739.0,872.0,,,,
39918,22:12.000,22:12.020,1,568.0,633.0,738.0,873.0,,,,
39933,22:12.500,22:12.522,1,530.0,723.0,702.0,968.0,,,,
39948,22:13.000,22:13.022,1,544.0,641.0,716.0,888.0,,,,
39963,22:13.500,22:13.522,1,670.0,675.0,841.0,909.0,,,,
39978,22:14.000,22:14.022,1,794.0,687.0,959.0,917.0,,,,
39993,22:14.500,22:14.522,1,666.0,795.0,837.0,1034.0,,,,
40008,22:15.000,22:15.013,2,453.0,663.0,642.0,919.0,2233.0,570.0,2436.0,797.0
40023,22:15.500,22:15.513,2,406.0,752.0,601.0,1006.0,2180.0,640.0,2404.0,861.0
40038,22:16.000,22:16.013,2,352.0,732.0,551.0,993.0,2130.0,586.0,2359.0,821.0
40053,22:16.500,22:16.515,2,323.0,757.0,525.0,1022.0,2093.0,615.0,2313.0,844.0
40068,22:17.000,22:17.015,2,328.0,740.0,531.0,999.0,2100.0,605.0,2321.0,834.0
40083,22:17.500,22:17.515,2,326.0,709.0,526.0,965.0,2102.0,557.0,2322.0,792.0
40098,22:18.000,22:18.015,2,337.0,696.0,539.0,949.0,2116.0,536.0,2344.0,777.0
40113,22:18.500,22:18.532,1,571.0,718.0,752.0,963.0,,,,
40128,22:19.000,22:19.015,1,529.0,714.0,708.0,958.0,,,,
40144,22:19.500,22:19.515,2,439.0,693.0,629.0,945.0,2222.0,537.0,2442.0,770.0
40159,22:20.000,22:20.015,2,117.0,825.0,343.0,1102.0,1899.0,669.0,2094.0,887.0
40174,22:20.500,22:20.517,1,1555.0,646.0,1716.0,849.0,,,,
40189,22:21.000,22:21.017,1,1538.0,586.0,1702.0,786.0,,,,
40204,22:21.500,22:21.517,1,1542.0,599.0,1702.0,799.0,,,,
40219,22:22.000,22:22.017,1,1679.0,640.0,1850.0,847.0,,,,
40234,22:22.500,22:22.517,1,536.0,671.0,707.0,919.0,,,,
40249,22:23.000,22:23.017,1,621.0,603.0,793.0,845.0,,,,
40264,22:23.500,22:23.517,1,552.0,607.0,731.0,842.0,,,,
40279,22:24.000,22:24.017,1,580.0,585.0,756.0,816.0,,,,
40294,22:24.500,22:24.518,1,608.0,554.0,784.0,806.0,,,,
40309,22:25.000,22:25.018,2,342.0,602.0,541.0,847.0,2122.0,470.0,2351.0,709.0
40324,22:25.500,22:25.518,1,1709.0,619.0,1882.0,822.0,,,,
40339,22:26.000,22:26.018,1,643.0,639.0,819.0,880.0,,,,
40354,22:26.500,22:26.518,1,781.0,641.0,941.0,883.0,,,,
40369,22:27.000,22:27.018,2,518.0,765.0,685.0,1007.0,2229.0,641.0,2432.0,861.0
40384,22:27.500,22:27.518,1,1485.0,636.0,1640.0,829.0,,,,
40399,22:28.000,22:28.018,1,1445.0,603.0,1599.0,798.0,,,,
40414,22:28.500,22:28.520,1,1511.0,559.0,1670.0,764.0,,,,
40429,22:29.000,22:29.020,1,1486.0,582.0,1642.0,775.0,,,,
40444,22:29.500,22:29.520,1,1463.0,493.0,1621.0,694.0,,,,
40459,22:30.000,22:30.020,1,1420.0,651.0,1572.0,850.0,,,,
40474,22:30.500,22:30.520,1,1425.0,630.0,1579.0,830.0,,,,
40489,22:31.000,22:31.020,1,1509.0,726.0,1666.0,923.0,,,,
40504,22:31.500,22:31.520,1,1597.0,454.0,1765.0,665.0,,,,
40519,22:32.000,22:32.020,1,1646.0,434.0,1814.0,648.0,,,,
40534,22:32.500,22:32.522,1,1601.0,624.0,1762.0,824.0,,,,
40549,22:33.000,22:33.022,1,1627.0,645.0,1793.0,843.0,,,,
40564,22:33.500,22:33.505,2,305.0,600.0,508.0,868.0,2084.0,546.0,2308.0,779.0
40579,22:34.000,22:34.022,2,2112.0,516.0,2336.0,754.0,320.0,621.0,525.0,885.0
40594,22:34.500,22:34.522,2,1731.0,571.0,1908.0,779.0,-103.0,701.0,123.0,995.0
40609,22:35.000,22:35.013,1,1653.0,533.0,1822.0,741.0,,,,
40624,22:35.500,22:35.513,2,375.0,581.0,568.0,833.0,2158.0,471.0,2396.0,717.0
40639,22:36.000,22:36.013,1,637.0,594.0,810.0,831.0,,,,
40654,22:36.500,22:36.515,2,487.0,656.0,669.0,901.0,2245.0,555.0,2438.0,784.0
40669,22:37.000,22:37.015,2,483.0,663.0,667.0,908.0,2241.0,533.0,2443.0,766.0
40685,22:37.500,22:37.515,2,286.0,668.0,490.0,922.0,2033.0,506.0,2243.0,734.0
40700,22:38.000,22:38.015,2,156.0,702.0,377.0,961.0,1935.0,495.0,2139.0,722.0
40715,22:38.500,22:38.515,2,73.0,752.0,305.0,1017.0,1866.0,528.0,2059.0,740.0
40730,22:39.000,22:39.015,1,1516.0,667.0,1681.0,861.0,,,,
40745,22:39.500,22:39.515,1,1697.0,647.0,1873.0,848.0,,,,
40761,22:40.000,22:40.015,2,197.0,626.0,411.0,888.0,1993.0,530.0,2199.0,757.0
40776,22:40.500,22:40.517,2,194.0,594.0,408.0,860.0,1992.0,524.0,2199.0,748.0
40791,22:41.000,22:41.017,2,196.0,516.0,411.0,786.0,1994.0,433.0,2203.0,670.0
40806,22:41.500,22:41.517,2,198.0,511.0,414.0,780.0,2011.0,433.0,2220.0,670.0
40821,22:42.000,22:42.017,2,1899.0,589.0,2091.0,803.0,107.0,686.0,334.0,955.0
40836,22:42.500,22:42.517,1,1604.0,695.0,1768.0,893.0,,,,
40851,22:43.000,22:43.017,1,1572.0,712.0,1732.0,911.0,,,,
40866,22:43.500,22:43.517,2,1756.0,709.0,1932.0,917.0,-84.0,665.0,157.0,956.0
40881,22:44.000,22:44.017,2,411.0,614.0,603.0,869.0,2193.0,656.0,2418.0,871.0
40896,22:44.500,22:44.518,1,588.0,599.0,762.0,836.0,,,,
40911,22:45.000,22:45.018,2,170.0,626.0,388.0,891.0,1957.0,564.0,2162.0,775.0
40926,22:45.500,22:45.518,2,15.0,606.0,249.0,882.0,1845.0,512.0,2036.0,728.0
40941,22:46.000,22:46.018,2,1753.0,472.0,1935.0,684.0,-88.0,566.0,132.0,845.0
40956,22:46.500,22:46.518,2,1812.0,439.0,2001.0,661.0,-32.0,525.0,199.0,807.0
40971,22:47.000,22:47.018,1,1721.0,413.0,1898.0,631.0,,,,
40986,22:47.500,22:47.518,2,66.0,475.0,296.0,755.0,1907.0,401.0,2105.0,631.0
41001,22:48.000,22:48.018,1,1728.0,440.0,1907.0,655.0,,,,
41016,22:48.500,22:48.520,1,1603.0,505.0,1767.0,712.0,,,,
41031,22:49.000,22:49.020,1,1551.0,483.0,1716.0,687.0,,,,
41046,22:49.500,22:49.520,1,1543.0,456.0,1710.0,669.0,,,,
41061,22:50.000,22:50.020,1,1555.0,445.0,1722.0,660.0,,,,
41076,22:50.500,22:50.520,1,1545.0,423.0,1711.0,637.0,,,,
41091,22:51.000,22:51.020,1,1452.0,545.0,1607.0,745.0,,,,
41106,22:51.500,22:51.520,1,1473.0,515.0,1631.0,717.0,,,,
41121,22:52.000,22:52.020,1,1497.0,505.0,1656.0,706.0,,,,
41136,22:52.500,22:52.513,1,1498.0,539.0,1653.0,733.0,,,,
41152,22:53.000,22:53.022,1,1488.0,550.0,1647.0,748.0,,,,
41167,22:53.500,22:53.522,1,1452.0,515.0,1608.0,710.0,,,,
41182,22:54.000,22:54.022,1,1469.0,504.0,1627.0,702.0,,,,
41197,22:54.500,22:54.513,1,1480.0,501.0,1637.0,701.0,,,,
41212,22:55.000,22:55.013,1,1492.0,539.0,1648.0,733.0,,,,
41227,22:55.500,22:55.513,1,1496.0,659.0,1651.0,847.0,,,,
41242,22:56.000,22:56.013,1,1469.0,642.0,1624.0,835.0,,,,
41257,22:56.500,22:56.515,1,1459.0,615.0,1615.0,807.0,,,,
41272,22:57.000,22:57.015,1,1448.0,603.0,1601.0,795.0,,,,
41287,22:57.500,22:57.515,1,1430.0,567.0,1584.0,770.0,,,,
41302,22:58.000,22:58.015,1,1472.0,534.0,1627.0,732.0,,,,
41317,22:58.500,22:58.515,1,1420.0,531.0,1576.0,728.0,,,,
41332,22:59.000,22:59.015,1,1422.0,501.0,1578.0,699.0,,,,
41347,22:59.500,22:59.515,1,1403.0,554.0,1557.0,747.0,,,,
41362,23:00.000,23:00.015,1,1386.0,516.0,1539.0,711.0,,,,
41377,23:00.500,23:00.517,1,1351.0,564.0,1501.0,759.0,,,,
41392,23:01.000,23:01.017,1,1351.0,541.0,1501.0,735.0,,,,
41407,23:01.500,23:01.517,1,1336.0,504.0,1489.0,705.0,,,,
41422,23:02.000,23:02.017,1,1348.0,495.0,1503.0,694.0,,,,
41437,23:02.500,23:02.517,1,1353.0,518.0,1507.0,714.0,,,,
41452,23:03.000,23:03.017,1,1374.0,499.0,1529.0,694.0,,,,
41467,23:03.500,23:03.517,1,1361.0,522.0,1515.0,715.0,,,,
41482,23:04.000,23:04.017,1,1363.0,486.0,1516.0,685.0,,,,
41497,23:04.500,23:04.518,1,1368.0,478.0,1523.0,676.0,,,,
41512,23:05.000,23:05.018,1,1415.0,451.0,1571.0,653.0,,,,
41527,23:05.500,23:05.518,1,1416.0,383.0,1572.0,585.0,,,,
41542,23:06.000,23:06.018,1,1400.0,435.0,1555.0,639.0,,,,
41557,23:06.500,23:06.518,1,1406.0,478.0,1559.0,676.0,,,,
41572,23:07.000,23:07.018,1,1386.0,420.0,1541.0,626.0,,,,
41588,23:07.500,23:07.518,1,1378.0,427.0,1534.0,630.0,,,,
41603,23:08.000,23:08.018,1,1389.0,407.0,1544.0,608.0,,,,
41618,23:08.500,23:08.520,1,1426.0,479.0,1579.0,680.0,,,,
41633,23:09.000,23:09.020,1,1424.0,269.0,1584.0,481.0,,,,
41648,23:09.500,23:09.520,1,1417.0,377.0,1574.0,573.0,,,,
41663,23:10.000,23:10.020,1,1400.0,448.0,1557.0,644.0,,,,
41678,23:10.500,23:10.520,1,1488.0,506.0,1650.0,700.0,,,,
41693,23:11.000,23:11.020,1,1511.0,450.0,1672.0,654.0,,,,
41708,23:11.500,23:11.520,1,1463.0,366.0,1624.0,569.0,,,,
41723,23:12.000,23:12.020,1,1459.0,396.0,1619.0,598.0,,,,
41738,23:12.500,23:12.522,1,1564.0,230.0,1739.0,456.0,,,,
41753,23:13.000,23:13.022,1,1509.0,370.0,1673.0,577.0,,,,
41768,23:13.500,23:13.522,1,1496.0,284.0,1669.0,500.0,,,,
41783,23:14.000,23:14.013,1,1499.0,384.0,1664.0,597.0,,,,
41798,23:14.500,23:14.513,1,1530.0,488.0,1690.0,688.0,,,,
41813,23:15.000,23:15.013,1,1011.0,567.0,1162.0,784.0,,,,
41828,23:15.500,23:15.513,1,1195.0,594.0,1346.0,809.0,,,,
41843,23:16.000,23:16.013,1,1187.0,550.0,1335.0,761.0,,,,
41858,23:16.500,23:16.515,1,1212.0,565.0,1364.0,782.0,,,,
41873,23:17.000,23:17.015,1,1156.0,546.0,1306.0,762.0,,,,
41888,23:17.500,23:17.515,1,1137.0,524.0,1285.0,741.0,,,,
41903,23:18.000,23:18.015,1,1181.0,522.0,1326.0,738.0,,,,
41918,23:18.500,23:18.515,1,1133.0,579.0,1281.0,781.0,,,,
41933,23:19.000,23:19.015,1,1089.0,428.0,1240.0,644.0,,,,
41948,23:19.500,23:19.515,1,1043.0,448.0,1194.0,662.0,,,,
41963,23:20.000,23:20.015,1,916.0,585.0,1067.0,797.0,,,,
41978,23:20.500,23:20.517,2,396.0,639.0,582.0,884.0,2085.0,550.0,2306.0,780.0
41993,23:21.000,23:21.017,2,89.0,618.0,314.0,883.0,1829.0,543.0,2016.0,754.0
42008,23:21.500,23:21.517,2,1921.0,398.0,2116.0,623.0,134.0,373.0,357.0,648.0
42023,23:22.000,23:22.017,1,708.0,528.0,871.0,764.0,,,,
42038,23:22.500,23:22.517,1,691.0,619.0,854.0,853.0,,,,
42053,23:23.000,23:23.017,1,1692.0,591.0,1863.0,794.0,,,,
42068,23:23.500,23:23.517,1,1395.0,549.0,1551.0,742.0,,,,
42083,23:24.000,23:24.017,1,1449.0,622.0,1605.0,814.0,,,,
42098,23:24.500,23:24.518,1,1458.0,602.0,1615.0,794.0,,,,
42113,23:25.000,23:25.018,1,1565.0,520.0,1731.0,719.0,,,,
42128,23:25.500,23:25.518,1,1619.0,414.0,1796.0,621.0,,,,
42143,23:26.000,23:26.018,1,1553.0,646.0,1710.0,840.0,,,,
42158,23:26.500,23:26.518,1,472.0,1285.0,664.0,1508.0,,,,
42173,23:27.000,23:27.018,2,2105.0,1025.0,2334.0,1250.0,306.0,1339.0,520.0,1509.0
42188,23:27.500,23:27.518,2,108.0,1091.0,336.0,1367.0,1914.0,854.0,2111.0,1066.0
42203,23:28.000,23:28.018,2,194.0,804.0,408.0,1055.0,1984.0,615.0,2184.0,833.0
42218,23:28.500,23:28.520,2,92.0,795.0,317.0,1057.0,1892.0,612.0,2085.0,826.0
42233,23:29.000,23:29.020,1,1599.0,461.0,1767.0,665.0,,,,
42248,23:29.500,23:29.520,1,854.0,671.0,1012.0,863.0,,,,
42263,23:30.000,23:30.020,1,790.0,680.0,953.0,876.0,,,,
42278,23:30.500,23:30.520,1,776.0,757.0,942.0,970.0,,,,
42293,23:31.000,23:31.020,1,643.0,759.0,815.0,978.0,,,,
42308,23:31.500,23:31.520,2,423.0,727.0,614.0,972.0,2199.0,589.0,2404.0,816.0
42323,23:32.000,23:32.020,2,308.0,665.0,511.0,910.0,2076.0,509.0,2295.0,741.0
42338,23:32.500,23:32.522,2,274.0,618.0,480.0,873.0,2046.0,467.0,2258.0,698.0
42353,23:33.000,23:33.013,2,265.0,604.0,473.0,868.0,2037.0,465.0,2249.0,698.0
42368,23:33.500,23:33.513,2,219.0,630.0,431.0,888.0,1982.0,485.0,2189.0,710.0
42383,23:34.000,23:34.013,2,97.0,633.0,323.0,900.0,1878.0,430.0,2073.0,661.0
42398,23:34.500,23:34.513,2,-14.0,691.0,220.0,962.0,1783.0,416.0,1970.0,642.0
42413,23:35.000,23:35.013,2,108.0,687.0,334.0,955.0,1882.0,502.0,2071.0,726.0
42428,23:35.500,23:35.513,2,90.0,666.0,314.0,937.0,1869.0,506.0,2059.0,725.0
42443,23:36.000,23:36.013,2,148.0,629.0,363.0,890.0,1912.0,497.0,2106.0,721.0
42458,23:36.500,23:36.515,1,1491.0,621.0,1649.0,805.0,,,,
42473,23:37.000,23:37.015,1,1619.0,622.0,1779.0,815.0,,,,
42488,23:37.500,23:37.515,2,524.0,627.0,695.0,877.0,2265.0,580.0,2457.0,808.0
42503,23:38.000,23:38.015,2,221.0,675.0,435.0,944.0,2006.0,617.0,2207.0,832.0
42518,23:38.500,23:38.515,1,1596.0,646.0,1760.0,840.0,,,,
42533,23:39.000,23:39.015,1,1725.0,606.0,1897.0,807.0,,,,
42548,23:39.500,23:39.515,1,880.0,733.0,1034.0,958.0,,,,
42563,23:40.000,23:40.015,1,843.0,842.0,1000.0,1069.0,,,,
42578,23:40.500,23:40.517,1,853.0,822.0,1011.0,1048.0,,,,
42593,23:41.000,23:41.017,1,703.0,866.0,870.0,1101.0,,,,
42608,23:41.500,23:41.517,2,480.0,841.0,661.0,1085.0,2251.0,676.0,2454.0,897.0
42623,23:42.000,23:42.017,2,28.0,821.0,266.0,1092.0,1843.0,613.0,2028.0,815.0
42638,23:42.500,23:42.517,2,1738.0,541.0,1911.0,744.0,-95.0,657.0,141.0,939.0
42653,23:43.000,23:43.017,2,1839.0,380.0,2032.0,600.0,-13.0,487.0,235.0,754.0
42668,23:43.500,23:43.517,2,1857.0,327.0,2050.0,548.0,-6.0,459.0,245.0,718.0
42683,23:44.000,23:44.017,2,1848.0,374.0,2038.0,590.0,-10.0,493.0,242.0,757.0
42698,23:44.500,23:44.518,2,1761.0,424.0,1942.0,643.0,-96.0,542.0,129.0,808.0
42713,23:45.000,23:45.018,1,1641.0,497.0,1810.0,705.0,,,,
42728,23:45.500,23:45.518,1,663.0,761.0,824.0,997.0,,,,
42744,23:46.000,23:46.018,1,1791.0,1019.0,1963.0,1281.0,,,,
42759,23:46.500,23:46.518,1,1674.0,1043.0,1849.0,1295.0,,,,
42774,23:47.000,23:47.018,1,891.0,995.0,1059.0,1225.0,,,,
42790,23:47.500,23:47.518,2,34.0,993.0,283.0,1275.0,1828.0,622.0,2012.0,829.0
42805,23:48.000,23:48.018,2,8.0,950.0,250.0,1228.0,1821.0,607.0,2007.0,817.0
42820,23:48.500,23:48.520,2,1765.0,623.0,1943.0,833.0,-46.0,948.0,182.0,1231.0
42835,23:49.000,23:49.020,2,1674.0,562.0,1854.0,767.0,-96.0,1099.0,126.0,1371.0
42850,23:49.500,23:49.520,2,170.0,880.0,392.0,1137.0,1936.0,522.0,2136.0,725.0
42865,23:50.000,23:50.020,2,22.0,901.0,249.0,1165.0,1806.0,541.0,1983.0,733.0
42881,23:50.500,23:50.520,2,-12.0,831.0,200.0,1101.0,1790.0,618.0,1968.0,828.0
42896,23:51.000,23:51.020,1,780.0,707.0,940.0,929.0,,,,
42911,23:51.500,23:51.520,1,660.0,660.0,826.0,890.0,,,,
42927,23:52.000,23:52.020,2,331.0,712.0,529.0,959.0,2092.0,608.0,2310.0,832.0
42942,23:52.500,23:52.513,1,1594.0,607.0,1755.0,799.0,,,,
42957,23:53.000,23:53.013,2,0.0,640.0,218.0,908.0,1815.0,555.0,1997.0,759.0
42973,23:53.500,23:53.513,2,499.0,754.0,679.0,994.0,2268.0,640.0,2462.0,863.0
42988,23:54.000,23:54.013,2,240.0,829.0,439.0,1079.0,1985.0,650.0,2188.0,859.0
43003,23:54.500,23:54.513,2,101.0,766.0,317.0,1022.0,1887.0,573.0,2082.0,783.0
43018,23:55.000,23:55.013,1,1585.0,649.0,1749.0,844.0,,,,
43033,23:55.500,23:55.513,1,1489.0,628.0,1645.0,820.0,,,,
43048,23:56.000,23:56.013,1,1417.0,615.0,1569.0,804.0,,,,
43063,23:56.500,23:56.515,1,1639.0,481.0,1807.0,689.0,,,,
43078,23:57.000,23:57.015,1,1728.0,388.0,1910.0,601.0,,,,
43093,23:57.500,23:57.515,1,1666.0,421.0,1839.0,637.0,,,,
43108,23:58.000,23:58.015,2,1774.0,314.0,1958.0,532.0,-68.0,511.0,179.0,793.0
43123,23:58.500,23:58.515,2,0.0,470.0,250.0,748.0,1829.0,273.0,2017.0,492.0
43138,23:59.000,23:59.015,2,1865.0,322.0,2053.0,536.0,117.0,563.0,345.0,815.0
43153,23:59.500,23:59.515,1,1469.0,658.0,1619.0,846.0,,,,
43168,24:00.000,24:00.015,1,1320.0,745.0,1467.0,936.0,,,,
43183,24:00.500,24:00.517,1,1503.0,768.0,1657.0,957.0,,,,
43198,24:01.000,24:01.017,1,1633.0,605.0,1795.0,798.0,,,,
43213,24:01.500,24:01.517,1,1731.0,591.0,1900.0,788.0,,,,
43228,24:02.000,24:02.008,2,2014.0,587.0,2216.0,802.0,227.0,641.0,426.0,896.0
43244,24:02.500,24:02.517,2,452.0,673.0,628.0,913.0,2230.0,588.0,2432.0,805.0
43259,24:03.000,24:03.017,2,279.0,667.0,475.0,919.0,2037.0,553.0,2244.0,768.0
43274,24:03.500,24:03.517,2,497.0,682.0,676.0,916.0,2279.0,550.0,2466.0,767.0
43289,24:04.000,24:04.017,2,517.0,718.0,692.0,959.0,2287.0,605.0,2472.0,825.0
43304,24:04.500,24:04.518,1,704.0,690.0,865.0,916.0,,,,
43319,24:05.000,24:05.018,1,674.0,648.0,837.0,871.0,,,,
43334,24:05.500,24:05.518,2,1730.0,643.0,1904.0,839.0,-88.0,740.0,131.0,1014.0
43349,24:06.000,24:06.018,1,1614.0,620.0,1778.0,809.0,,,,
43364,24:06.500,24:06.518,2,1709.0,595.0,1881.0,789.0,-92.0,719.0,125.0,1004.0
43380,24:07.000,24:07.018,1,1652.0,569.0,1817.0,770.0,,,,
43395,24:07.500,24:07.518,2,1708.0,602.0,1875.0,796.0,-86.0,758.0,143.0,1041.0
43410,24:08.000,24:08.018,1,1671.0,596.0,1835.0,799.0,,,,
43425,24:08.500,24:08.520,2,1759.0,655.0,1931.0,862.0,-61.0,785.0,175.0,1045.0
43440,24:09.000,24:09.020,2,40.0,780.0,247.0,1035.0,1801.0,640.0,1975.0,850.0
43455,24:09.500,24:09.520,2,282.0,738.0,466.0,987.0,2000.0,604.0,2199.0,818.0
43470,24:10.000,24:10.020,2,2043.0,576.0,2247.0,794.0,305.0,723.0,485.0,974.0
43485,24:10.500,24:10.520,2,2077.0,558.0,2290.0,784.0,339.0,711.0,517.0,958.0
43500,24:11.000,24:11.020,2,2088.0,554.0,2301.0,782.0,334.0,711.0,514.0,958.0
43515,24:11.500,24:11.512,2,2101.0,546.0,2317.0,778.0,349.0,707.0,528.0,951.0
43530,24:12.000,24:12.012,2,2103.0,538.0,2316.0,765.0,348.0,702.0,528.0,947.0
43545,24:12.500,24:12.513,2,320.0,691.0,512.0,937.0,2108.0,537.0,2323.0,765.0
43560,24:13.000,24:13.013,1,638.0,768.0,804.0,969.0,,,,
43575,24:13.500,24:13.513,1,534.0,725.0,709.0,917.0,,,,
43590,24:14.000,24:14.013,2,278.0,732.0,483.0,983.0,2076.0,523.0,2297.0,760.0
43605,24:14.500,24:14.513,2,338.0,706.0,526.0,945.0,2046.0,472.0,2282.0,730.0
43620,24:15.000,24:15.013,2,316.0,694.0,512.0,929.0,2060.0,481.0,2283.0,722.0
43635,24:15.500,24:15.513,2,319.0,664.0,515.0,910.0,2132.0,512.0,2350.0,742.0
43650,24:16.000,24:16.013,2,322.0,711.0,516.0,950.0,2093.0,528.0,2303.0,746.0
43665,24:16.500,24:16.515,1,567.0,729.0,740.0,945.0,,,,
43680,24:17.000,24:17.015,2,493.0,795.0,674.0,1013.0,2287.0,592.0,2477.0,816.0
43695,24:17.500,24:17.515,2,368.0,1245.0,568.0,1496.0,2145.0,971.0,2388.0,1206.0
43710,24:18.000,24:18.015,2,311.0,1242.0,515.0,1502.0,2100.0,951.0,2318.0,1172.0
43725,24:18.500,24:18.515,2,269.0,1244.0,474.0,1503.0,2059.0,937.0,2274.0,1154.0
43740,24:19.000,24:19.015,2,270.0,1228.0,471.0,1495.0,2060.0,936.0,2277.0,1158.0
43755,24:19.500,24:19.515,2,269.0,1205.0,469.0,1481.0,2050.0,929.0,2266.0,1145.0
43770,24:20.000,24:20.015,2,253.0,1183.0,459.0,1454.0,2039.0,913.0,2253.0,1129.0
43785,24:20.500,24:20.517,2,239.0,1044.0,442.0,1293.0,2003.0,771.0,2204.0,979.0
43800,24:21.000,24:21.017,2,197.0,891.0,402.0,1139.0,1966.0,646.0,2165.0,854.0
43815,24:21.500,24:21.517,2,108.0,810.0,331.0,1069.0,1914.0,614.0,2106.0,825.0
43830,24:22.000,24:22.017,2,138.0,810.0,352.0,1061.0,1930.0,611.0,2123.0,823.0
43845,24:22.500,24:22.517,2,128.0,821.0,346.0,1075.0,1930.0,621.0,2122.0,828.0
43860,24:23.000,24:23.017,2,141.0,798.0,351.0,1053.0,1930.0,605.0,2124.0,819.0
43875,24:23.500,24:23.517,2,132.0,795.0,345.0,1054.0,1918.0,614.0,2109.0,830.0
43890,24:24.000,24:24.017,2,127.0,788.0,340.0,1046.0,1916.0,606.0,2109.0,820.0
43905,24:24.500,24:24.518,2,128.0,827.0,341.0,1087.0,1904.0,635.0,2097.0,850.0
43920,24:25.000,24:25.018,2,121.0,813.0,340.0,1074.0,1914.0,621.0,2105.0,840.0
43935,24:25.500,24:25.518,2,127.0,822.0,342.0,1077.0,1912.0,610.0,2104.0,829.0
43950,24:26.000,24:26.018,2,133.0,823.0,347.0,1082.0,1917.0,621.0,2108.0,837.0
43965,24:26.500,24:26.518,2,129.0,823.0,344.0,1079.0,1912.0,628.0,2103.0,845.0
43980,24:27.000,24:27.018,2,112.0,816.0,330.0,1079.0,1893.0,623.0,2083.0,838.0
43995,24:27.500,24:27.518,2,110.0,818.0,329.0,1078.0,1896.0,625.0,2085.0,838.0
44010,24:28.000,24:28.018,2,167.0,837.0,375.0,1098.0,1937.0,649.0,2133.0,858.0
44025,24:28.500,24:28.520,2,290.0,804.0,484.0,1053.0,2049.0,624.0,2257.0,844.0
44040,24:29.000,24:29.020,2,52.0,826.0,279.0,1099.0,1848.0,654.0,2031.0,859.0
44055,24:29.500,24:29.520,2,310.0,676.0,513.0,935.0,2096.0,590.0,2308.0,805.0
44070,24:30.000,24:30.020,1,669.0,625.0,838.0,856.0,,,,
44085,24:30.500,24:30.520,2,485.0,695.0,665.0,933.0,2239.0,571.0,2448.0,796.0
44100,24:31.000,24:31.012,2,1724.0,608.0,1889.0,802.0,-98.0,690.0,132.0,970.0
44115,24:31.500,24:31.512,1,1614.0,647.0,1770.0,835.0,,,,
44130,24:32.000,24:32.012,2,-45.0,691.0,188.0,973.0,1758.0,634.0,1926.0,832.0
44145,24:32.500,24:32.512,2,181.0,681.0,395.0,941.0,1928.0,583.0,2116.0,786.0
44160,24:33.000,24:33.013,2,119.0,849.0,330.0,1105.0,1837.0,553.0,2021.0,759.0
44175,24:33.500,24:33.513,2,52.0,693.0,269.0,949.0,1798.0,453.0,1980.0,660.0
44190,24:34.000,24:34.013,2,101.0,508.0,333.0,768.0,1908.0,273.0,2105.0,501.0
44205,24:34.500,24:34.513,2,65.0,538.0,301.0,806.0,1891.0,304.0,2084.0,528.0
44220,24:35.000,24:35.013,2,61.0,574.0,296.0,842.0,1875.0,356.0,2068.0,573.0
44235,24:35.500,24:35.513,2,39.0,604.0,278.0,873.0,1857.0,364.0,2044.0,577.0
44250,24:36.000,24:36.013,2,27.0,603.0,270.0,872.0,1854.0,370.0,2040.0,583.0
44265,24:36.500,24:36.513,1,1592.0,515.0,1754.0,710.0,,,,
44280,24:37.000,24:37.015,1,1503.0,607.0,1659.0,790.0,,,,
44295,24:37.500,24:37.515,2,160.0,754.0,374.0,1015.0,1927.0,647.0,2116.0,857.0
44310,24:38.000,24:38.015,1,1656.0,636.0,1815.0,828.0,,,,
44325,24:38.500,24:38.515,1,1537.0,652.0,1688.0,837.0,,,,
44340,24:39.000,24:39.015,1,555.0,699.0,725.0,935.0,,,,
44355,24:39.500,24:39.515,1,974.0,741.0,1123.0,961.0,,,,
44370,24:40.000,24:40.015,1,1072.0,788.0,1216.0,994.0,,,,
44385,24:40.500,24:40.517,1,1045.0,768.0,1193.0,968.0,,,,
44400,24:41.000,24:41.017,1,1022.0,769.0,1170.0,970.0,,,,
44415,24:41.500,24:41.517,1,1015.0,761.0,1161.0,963.0,,,,
44430,24:42.000,24:42.017,1,988.0,772.0,1136.0,974.0,,,,
44445,24:42.500,24:42.517,1,859.0,765.0,1016.0,975.0,,,,
44460,24:43.000,24:43.017,1,875.0,710.0,1029.0,921.0,,,,
44475,24:43.500,24:43.517,1,870.0,710.0,1023.0,917.0,,,,
44490,24:44.000,24:44.017,1,870.0,706.0,1022.0,913.0,,,,
44505,24:44.500,24:44.517,1,844.0,712.0,999.0,927.0,,,,
44520,24:45.000,24:45.018,1,831.0,710.0,987.0,923.0,,,,
44535,24:45.500,24:45.518,1,787.0,712.0,942.0,925.0,,,,
44550,24:46.000,24:46.018,2,1748.0,629.0,1917.0,824.0,-42.0,814.0,179.0,1074.0
44565,24:46.500,24:46.518,1,1512.0,637.0,1667.0,823.0,,,,
44580,24:47.000,24:47.018,1,1534.0,658.0,1688.0,848.0,,,,
44595,24:47.500,24:47.518,1,1524.0,631.0,1684.0,815.0,,,,
44610,24:48.000,24:48.018,1,1533.0,607.0,1693.0,796.0,,,,
44625,24:48.500,24:48.518,1,1567.0,604.0,1725.0,792.0,,,,
44640,24:49.000,24:49.020,1,1575.0,596.0,1734.0,787.0,,,,
44655,24:49.500,24:49.520,1,1564.0,602.0,1720.0,792.0,,,,
44670,24:50.000,24:50.012,1,1566.0,597.0,1721.0,792.0,,,,
44685,24:50.500,24:50.512,1,1557.0,599.0,1713.0,788.0,,,,
44700,24:51.000,24:51.012,1,1541.0,586.0,1702.0,781.0,,,,
44715,24:51.500,24:51.512,1,1539.0,586.0,1701.0,779.0,,,,
44730,24:52.000,24:52.012,1,1542.0,587.0,1704.0,782.0,,,,
44745,24:52.500,24:52.512,1,1623.0,584.0,1788.0,774.0,,,,
44760,24:53.000,24:53.013,2,1682.0,564.0,1849.0,762.0,-78.0,784.0,124.0,1040.0
44775,24:53.500,24:53.513,2,1698.0,648.0,1870.0,843.0,-69.0,832.0,135.0,1092.0
44790,24:54.000,24:54.013,2,1718.0,632.0,1885.0,833.0,-56.0,818.0,150.0,1073.0
44805,24:54.500,24:54.513,2,1923.0,555.0,2117.0,768.0,246.0,920.0,434.0,1154.0
44820,24:55.000,24:55.013,2,292.0,843.0,479.0,1085.0,1992.0,506.0,2188.0,726.0
44835,24:55.500,24:55.513,2,260.0,775.0,452.0,1014.0,1955.0,471.0,2153.0,688.0
44850,24:56.000,24:56.013,2,178.0,747.0,386.0,996.0,1890.0,439.0,2084.0,664.0
44865,24:56.500,24:56.513,2,1891.0,461.0,2081.0,674.0,176.0,746.0,385.0,994.0
44880,24:57.000,24:57.015,2,166.0,733.0,381.0,971.0,1889.0,459.0,2078.0,672.0
44895,24:57.500,24:57.515,2,145.0,718.0,372.0,936.0,1888.0,429.0,2079.0,651.0
44910,24:58.000,24:58.015,1,642.0,719.0,811.0,943.0,,,,
44925,24:58.500,24:58.515,1,806.0,715.0,962.0,933.0,,,,
44940,24:59.000,24:59.015,1,792.0,715.0,948.0,929.0,,,,
44955,24:59.500,24:59.515,1,768.0,724.0,927.0,940.0,,,,
44970,25:00.000,25:00.015,1,721.0,720.0,882.0,941.0,,,,
44985,25:00.500,25:00.515,1,719.0,710.0,879.0,926.0,,,,
45000,25:01.000,25:01.017,1,674.0,703.0,840.0,925.0,,,,
45015,25:01.500,25:01.517,1,727.0,751.0,888.0,978.0,,,,
45030,25:02.000,25:02.017,1,720.0,763.0,865.0,983.0,,,,
45045,25:02.500,25:02.517,2,567.0,668.0,730.0,900.0,2289.0,508.0,2475.0,737.0
45060,25:03.000,25:03.017,2,463.0,640.0,643.0,886.0,2184.0,497.0,2395.0,724.0
45075,25:03.500,25:03.517,2,542.0,650.0,710.0,883.0,2267.0,522.0,2457.0,744.0
45090,25:04.000,25:04.017,1,882.0,639.0,1030.0,854.0,,,,
45105,25:04.500,25:04.517,1,858.0,648.0,1011.0,866.0,,,,
45120,25:05.000,25:05.018,1,853.0,643.0,1008.0,860.0,,,,
45135,25:05.500,25:05.518,1,840.0,646.0,993.0,865.0,,,,
45150,25:06.000,25:06.018,1,827.0,659.0,976.0,873.0,,,,
45165,25:06.500,25:06.518,1,813.0,659.0,959.0,877.0,,,,
45180,25:07.000,25:07.018,1,819.0,695.0,968.0,911.0,,,,
45195,25:07.500,25:07.518,1,811.0,697.0,961.0,915.0,,,,
45210,25:08.000,25:08.018,1,804.0,689.0,957.0,903.0,,,,
45225,25:08.500,25:08.518,1,828.0,689.0,976.0,900.0,,,,
45240,25:09.000,25:09.020,1,825.0,692.0,974.0,905.0,,,,
45255,25:09.500,25:09.512,1,781.0,687.0,935.0,900.0,,,,
45270,25:10.000,25:10.012,1,778.0,685.0,932.0,901.0,,,,
45285,25:10.500,25:10.512,1,779.0,694.0,934.0,913.0,,,,
45300,25:11.000,25:11.012,1,762.0,693.0,918.0,909.0,,,,
45315,25:11.500,25:11.512,1,758.0,701.0,917.0,914.0,,,,
45330,25:12.000,25:12.012,1,761.0,710.0,916.0,928.0,,,,
45345,25:12.500,25:12.512,1,746.0,741.0,902.0,958.0,,,,
45360,25:13.000,25:13.013,1,693.0,716.0,856.0,942.0,,,,
45375,25:13.500,25:13.513,1,681.0,721.0,846.0,947.0,,,,
45390,25:14.000,25:14.013,1,686.0,693.0,846.0,913.0,,,,
45405,25:14.500,25:14.513,1,689.0,666.0,846.0,889.0,,,,
45420,25:15.000,25:15.013,1,679.0,674.0,841.0,893.0,,,,
45435,25:15.500,25:15.513,1,701.0,672.0,857.0,895.0,,,,
45450,25:16.000,25:16.013,1,690.0,689.0,846.0,908.0,,,,
45465,25:16.500,25:16.513,1,700.0,667.0,856.0,887.0,,,,
45480,25:17.000,25:17.015,1,663.0,651.0,830.0,878.0,,,,
45495,25:17.500,25:17.515,1,675.0,699.0,835.0,915.0,,,,
45510,25:18.000,25:18.015,1,679.0,701.0,840.0,920.0,,,,
45525,25:18.500,25:18.515,1,676.0,688.0,837.0,906.0,,,,
45540,25:19.000,25:19.015,1,662.0,676.0,820.0,892.0,,,,
45555,25:19.500,25:19.515,1,663.0,684.0,824.0,901.0,,,,
45570,25:20.000,25:20.015,1,673.0,690.0,832.0,904.0,,,,
45585,25:20.500,25:20.515,1,678.0,678.0,838.0,896.0,,,,
45600,25:21.000,25:21.017,1,683.0,681.0,843.0,896.0,,,,
45615,25:21.500,25:21.517,1,665.0,677.0,825.0,900.0,,,,
45630,25:22.000,25:22.017,1,628.0,687.0,789.0,901.0,,,,
45645,25:22.500,25:22.517,2,7.0,775.0,230.0,1038.0,1799.0,666.0,1971.0,863.0
45660,25:23.000,25:23.017,2,1737.0,547.0,1905.0,742.0,-73.0,686.0,153.0,964.0
45675,25:23.500,25:23.517,2,63.0,555.0,301.0,811.0,1877.0,411.0,2064.0,629.0
45690,25:24.000,25:24.017,2,66.0,617.0,302.0,877.0,1852.0,526.0,2032.0,725.0
45705,25:24.500,25:24.517,2,119.0,640.0,348.0,901.0,1886.0,535.0,2070.0,744.0
45720,25:25.000,25:25.018,2,239.0,724.0,452.0,976.0,1973.0,592.0,2164.0,795.0
45735,25:25.500,25:25.518,2,218.0,741.0,429.0,993.0,1951.0,585.0,2144.0,786.0
45750,25:26.000,25:26.018,2,78.0,746.0,308.0,1006.0,1845.0,602.0,2026.0,796.0
45765,25:26.500,25:26.518,1,1654.0,630.0,1816.0,818.0,,,,
45780,25:27.000,25:27.018,2,67.0,706.0,302.0,973.0,1858.0,573.0,2038.0,774.0
45795,25:27.500,25:27.518,1,1660.0,605.0,1824.0,794.0,,,,
45810,25:28.000,25:28.018,1,1370.0,669.0,1517.0,846.0,,,,
45825,25:28.500,25:28.518,1,1374.0,653.0,1523.0,830.0,,,,
45840,25:29.000,25:29.012,1,1407.0,633.0,1551.0,816.0,,,,
45855,25:29.500,25:29.512,1,1622.0,568.0,1779.0,757.0,,,,
45871,25:30.000,25:30.012,1,1604.0,589.0,1760.0,772.0,,,,
45886,25:30.500,25:30.512,1,1520.0,637.0,1670.0,816.0,,,,
45901,25:31.000,25:31.012,2,1779.0,599.0,1947.0,792.0,-13.0,698.0,184.0,958.0
45916,25:31.500,25:31.512,1,1702.0,594.0,1867.0,784.0,,,,
45931,25:32.000,25:32.012,1,1688.0,603.0,1849.0,791.0,,,,
45946,25:32.500,25:32.512,2,1728.0,610.0,1896.0,796.0,-75.0,754.0,117.0,1012.0
45961,25:33.000,25:33.013,2,1738.0,603.0,1903.0,788.0,-79.0,737.0,130.0,1008.0
45976,25:33.500,25:33.513,2,1740.0,594.0,1906.0,786.0,-78.0,731.0,132.0,1002.0
45991,25:34.000,25:34.013,2,1738.0,591.0,1905.0,779.0,-80.0,724.0,129.0,997.0
46006,25:34.500,25:34.513,2,1747.0,574.0,1915.0,765.0,-71.0,707.0,139.0,977.0
46021,25:35.000,25:35.013,2,-35.0,710.0,166.0,976.0,1748.0,565.0,1916.0,754.0
46036,25:35.500,25:35.513,2,1699.0,535.0,1879.0,742.0,-8.0,730.0,194.0,991.0
46051,25:36.000,25:36.013,2,53.0,703.0,261.0,966.0,1704.0,445.0,1909.0,680.0
46066,25:36.500,25:36.513,2,1863.0,486.0,2049.0,696.0,74.0,698.0,285.0,955.0
46082,25:37.000,25:37.015,2,1874.0,504.0,2062.0,715.0,105.0,703.0,310.0,958.0
46097,25:37.500,25:37.515,2,1863.0,513.0,2051.0,723.0,106.0,704.0,311.0,958.0
46112,25:38.000,25:38.015,2,98.0,707.0,305.0,966.0,1868.0,516.0,2056.0,726.0
46127,25:38.500,25:38.515,2,84.0,705.0,305.0,968.0,1861.0,512.0,2047.0,716.0
46142,25:39.000,25:39.015,2,94.0,624.0,311.0,888.0,1873.0,495.0,2062.0,704.0
46157,25:39.500,25:39.515,2,141.0,455.0,364.0,724.0,1946.0,382.0,2143.0,603.0
46172,25:40.000,25:40.015,2,108.0,478.0,336.0,746.0,1902.0,437.0,2095.0,661.0
46187,25:40.500,25:40.515,2,5.0,533.0,246.0,807.0,1821.0,486.0,2003.0,697.0
46202,25:41.000,25:41.017,2,1709.0,586.0,1880.0,780.0,-99.0,665.0,121.0,934.0
46217,25:41.500,25:41.517,1,1637.0,619.0,1804.0,819.0,,,,
46232,25:42.000,25:42.017,1,1596.0,788.0,1762.0,984.0,,,,
46247,25:42.500,25:42.517,1,1690.0,692.0,1860.0,890.0,,,,
46262,25:43.000,25:43.017,2,68.0,941.0,296.0,1218.0,1823.0,705.0,2006.0,905.0
46277,25:43.500,25:43.517,1,1593.0,776.0,1756.0,965.0,,,,
46292,25:44.000,25:44.017,1,518.0,760.0,694.0,1000.0,,,,
46307,25:44.500,25:44.517,1,1670.0,716.0,1834.0,916.0,,,,
46322,25:45.000,25:45.018,1,1510.0,737.0,1663.0,924.0,,,,
46337,25:45.500,25:45.518,2,1933.0,702.0,2124.0,908.0,184.0,765.0,388.0,1039.0
46352,25:46.000,25:46.018,2,1881.0,682.0,2069.0,895.0,123.0,758.0,336.0,1032.0
46367,25:46.500,25:46.518,1,1705.0,710.0,1875.0,906.0,,,,
46382,25:47.000,25:47.018,1,1499.0,726.0,1650.0,911.0,,,,
46397,25:47.500,25:47.518,1,1490.0,725.0,1646.0,913.0,,,,
46412,25:48.000,25:48.018,1,1488.0,717.0,1644.0,906.0,,,,
46427,25:48.500,25:48.510,1,1523.0,760.0,1680.0,950.0,,,,
46442,25:49.000,25:49.012,1,1525.0,695.0,1686.0,895.0,,,,
46457,25:49.500,25:49.512,1,1544.0,721.0,1708.0,913.0,,,,
46472,25:50.000,25:50.012,1,1559.0,690.0,1722.0,892.0,,,,
46487,25:50.500,25:50.512,1,1567.0,678.0,1726.0,878.0,,,,
46502,25:51.000,25:51.012,2,2112.0,673.0,2324.0,896.0,304.0,823.0,492.0,1081.0
46517,25:51.500,25:51.512,2,2073.0,620.0,2287.0,833.0,275.0,793.0,467.0,1047.0
46532,25:52.000,25:52.012,2,2023.0,667.0,2226.0,882.0,232.0,838.0,422.0,1102.0
46547,25:52.500,25:52.512,2,2114.0,550.0,2328.0,778.0,359.0,690.0,550.0,935.0
46562,25:53.000,25:53.013,2,175.0,792.0,398.0,1053.0,1950.0,611.0,2140.0,816.0
46577,25:53.500,25:53.513,1,1629.0,718.0,1790.0,909.0,,,,
46592,25:54.000,25:54.013,1,1614.0,667.0,1774.0,862.0,,,,
46607,25:54.500,25:54.513,1,1661.0,647.0,1825.0,846.0,,,,
46622,25:55.000,25:55.013,2,274.0,872.0,494.0,1146.0,2103.0,695.0,2320.0,919.0
46637,25:55.500,25:55.513,1,604.0,838.0,774.0,1073.0,,,,
46652,25:56.000,25:56.013,2,494.0,839.0,663.0,1075.0,2247.0,638.0,2456.0,865.0
46667,25:56.500,25:56.513,2,2069.0,642.0,2282.0,862.0,321.0,859.0,508.0,1112.0
46682,25:57.000,25:57.015,2,1794.0,682.0,1973.0,886.0,-10.0,908.0,199.0,1176.0
46697,25:57.500,25:57.515,2,-4.0,902.0,205.0,1172.0,1805.0,691.0,1982.0,890.0
46712,25:58.000,25:58.015,2,1769.0,689.0,1943.0,896.0,-49.0,914.0,162.0,1189.0
46727,25:58.500,25:58.515,1,1568.0,739.0,1729.0,931.0,,,,
46742,25:59.000,25:59.015,1,1498.0,793.0,1655.0,982.0,,,,
46757,25:59.500,25:59.515,1,1524.0,767.0,1684.0,962.0,,,,
46772,26:00.000,26:00.015,2,186.0,953.0,385.0,1223.0,1960.0,796.0,2158.0,1004.0
46787,26:00.500,26:00.515,1,523.0,809.0,695.0,1056.0,,,,
46802,26:01.000,26:01.017,1,707.0,764.0,868.0,997.0,,,,
46817,26:01.500,26:01.517,1,648.0,750.0,811.0,983.0,,,,
46832,26:02.000,26:02.017,1,639.0,752.0,801.0,985.0,,,,
46847,26:02.500,26:02.517,1,654.0,767.0,816.0,1004.0,,,,
46862,26:03.000,26:03.017,1,608.0,741.0,777.0,978.0,,,,
46877,26:03.500,26:03.517,1,528.0,819.0,705.0,1057.0,,,,
46892,26:04.000,26:04.017,1,511.0,869.0,696.0,1114.0,,,,
46907,26:04.500,26:04.517,1,451.0,1067.0,649.0,1339.0,,,,
46922,26:05.000,26:05.018,1,472.0,1027.0,664.0,1291.0,,,,
46937,26:05.500,26:05.518,1,461.0,988.0,656.0,1249.0,,,,
46952,26:06.000,26:06.018,2,441.0,829.0,637.0,1083.0,2267.0,667.0,2465.0,893.0
46967,26:06.500,26:06.518,2,422.0,841.0,620.0,1098.0,2249.0,675.0,2447.0,893.0
46982,26:07.000,26:07.018,2,399.0,840.0,601.0,1104.0,2211.0,685.0,2416.0,901.0
46997,26:07.500,26:07.518,2,301.0,841.0,510.0,1107.0,2092.0,671.0,2306.0,891.0
47012,26:08.000,26:08.018,2,132.0,886.0,361.0,1162.0,1945.0,710.0,2135.0,914.0
47027,26:08.500,26:08.518,2,341.0,897.0,544.0,1161.0,2141.0,787.0,2362.0,1008.0
47042,26:09.000,26:09.012,2,267.0,948.0,482.0,1228.0,2061.0,776.0,2269.0,991.0
47057,26:09.500,26:09.512,1,929.0,832.0,1083.0,1059.0,,,,
47072,26:10.000,26:10.012,1,923.0,788.0,1080.0,1013.0,,,,
47087,26:10.500,26:10.512,1,818.0,760.0,978.0,978.0,,,,
47102,26:11.000,26:11.012,1,832.0,750.0,985.0,955.0,,,,
47117,26:11.500,26:11.512,1,823.0,752.0,984.0,968.0,,,,
47132,26:12.000,26:12.012,1,814.0,756.0,976.0,975.0,,,,
47147,26:12.500,26:12.512,1,819.0,794.0,980.0,1015.0,,,,
47162,26:13.000,26:13.013,1,1575.0,1146.0,1756.0,1401.0,,,,
47177,26:13.500,26:13.513,1,1776.0,1330.0,1999.0,1510.0,,,,
47192,26:14.000,26:14.013,1,1773.0,1297.0,1980.0,1510.0,,,,
47207,26:14.500,26:14.513,1,1743.0,1297.0,1946.0,1509.0,,,,
47222,26:15.000,26:15.013,1,1726.0,1292.0,1926.0,1506.0,,,,
47237,26:15.500,26:15.513,1,1719.0,1268.0,1918.0,1502.0,,,,
47252,26:16.000,26:16.013,1,1681.0,1222.0,1875.0,1491.0,,,,
47267,26:16.500,26:16.513,1,1623.0,1186.0,1809.0,1451.0,,,,
47282,26:17.000,26:17.015,2,472.0,1068.0,666.0,1325.0,2291.0,702.0,2469.0,907.0
47297,26:17.500,26:17.515,2,286.0,1095.0,502.0,1370.0,2075.0,673.0,2284.0,887.0
47312,26:18.000,26:18.015,2,199.0,1106.0,425.0,1383.0,2001.0,659.0,2201.0,866.0
47327,26:18.500,26:18.515,1,1673.0,727.0,1839.0,925.0,,,,
47342,26:19.000,26:19.015,1,1701.0,698.0,1870.0,891.0,,,,
47357,26:19.500,26:19.515,1,713.0,831.0,882.0,1064.0,,,,
47372,26:20.000,26:20.015,1,619.0,822.0,796.0,1057.0,,,,
47387,26:20.500,26:20.515,1,1629.0,620.0,1789.0,810.0,,,,
47401,26:21.000,26:21.017,1,1697.0,633.0,1868.0,831.0,,,,
47416,26:21.500,26:21.517,1,1357.0,1100.0,1524.0,1348.0,,,,
47431,26:22.000,26:22.017,1,1662.0,1186.0,1854.0,1457.0,,,,
47446,26:22.500,26:22.517,1,1603.0,1166.0,1788.0,1405.0,,,,
47461,26:23.000,26:23.017,1,1286.0,1075.0,1450.0,1249.0,,,,
47476,26:23.500,26:23.517,1,1468.0,1155.0,1657.0,1329.0,,,,
47491,26:24.000,26:24.017,1,1754.0,1181.0,1961.0,1384.0,,,,
47505,26:24.500,26:24.517,1,1786.0,1209.0,1999.0,1491.0,,,,
47520,26:25.000,26:25.018,1,1427.0,962.0,1589.0,1199.0,,,,
47535,26:25.500,26:25.518,1,936.0,929.0,1091.0,1150.0,,,,
47550,26:26.000,26:26.018,2,355.0,877.0,550.0,1118.0,2114.0,631.0,2332.0,855.0
47565,26:26.500,26:26.518,2,473.0,849.0,655.0,1089.0,2242.0,631.0,2449.0,858.0
47580,26:27.000,26:27.018,1,686.0,764.0,852.0,1001.0,,,,
47595,26:27.500,26:27.518,1,565.0,755.0,741.0,996.0,,,,
47610,26:28.000,26:28.018,1,1589.0,630.0,1748.0,823.0,,,,
47625,26:28.500,26:28.510,1,1622.0,627.0,1782.0,820.0,,,,
47640,26:29.000,26:29.012,2,11.0,790.0,228.0,1061.0,1820.0,579.0,1999.0,777.0
47655,26:29.500,26:29.512,2,125.0,765.0,335.0,1025.0,1912.0,542.0,2102.0,750.0
47670,26:30.000,26:30.012,2,1916.0,512.0,2107.0,727.0,113.0,731.0,336.0,990.0
47685,26:30.500,26:30.578,2,138.0,736.0,357.0,995.0,1923.0,483.0,2117.0,703.0
47699,26:31.000,26:31.012,2,185.0,670.0,400.0,924.0,1970.0,425.0,2171.0,650.0
47714,26:31.500,26:31.512,2,140.0,665.0,366.0,927.0,1938.0,394.0,2137.0,614.0
47729,26:32.000,26:32.012,2,115.0,667.0,344.0,931.0,1937.0,396.0,2135.0,617.0
47744,26:32.500,26:32.512,2,1919.0,403.0,2113.0,634.0,106.0,683.0,335.0,947.0
47759,26:33.000,26:33.013,2,87.0,705.0,317.0,967.0,1892.0,422.0,2088.0,653.0
47774,26:33.500,26:33.513,2,63.0,738.0,294.0,1002.0,1867.0,487.0,2057.0,703.0
47789,26:34.000,26:34.013,1,701.0,722.0,873.0,966.0,,,,
47804,26:34.500,26:34.513,1,825.0,708.0,991.0,937.0,,,,
47817,26:35.000,26:35.013,1,808.0,696.0,974.0,925.0,,,,
47832,26:35.500,26:35.513,1,759.0,658.0,936.0,896.0,,,,
47847,26:36.000,26:36.013,1,725.0,652.0,902.0,884.0,,,,
47862,26:36.500,26:36.513,1,710.0,658.0,887.0,889.0,,,,
47876,26:37.000,26:37.015,1,1637.0,1107.0,1829.0,1370.0,,,,
47891,26:37.500,26:37.515,1,1689.0,1106.0,1884.0,1371.0,,,,
47906,26:38.000,26:38.015,1,1665.0,1080.0,1857.0,1343.0,,,,
47921,26:38.500,26:38.507,1,1395.0,1005.0,1558.0,1230.0,,,,
47935,26:39.000,26:39.015,1,1081.0,897.0,1243.0,1113.0,,,,
47950,26:39.500,26:39.515,1,527.0,1054.0,735.0,1326.0,,,,
47965,26:40.000,26:40.015,2,364.0,1059.0,583.0,1342.0,2170.0,753.0,2394.0,975.0
47980,26:40.500,26:40.515,2,293.0,919.0,491.0,1188.0,2013.0,687.0,2218.0,903.0
47995,26:41.000,26:41.075,2,137.0,1006.0,371.0,1306.0,1908.0,739.0,2102.0,950.0
48009,26:41.500,26:41.517,1,1074.0,1008.0,1242.0,1262.0,,,,
48024,26:42.000,26:42.017,1,1578.0,1095.0,1763.0,1361.0,,,,
48039,26:42.500,26:42.517,1,1413.0,874.0,1585.0,1122.0,,,,
48054,26:43.000,26:43.017,2,547.0,841.0,734.0,1080.0,2266.0,602.0,2466.0,824.0
48069,26:43.500,26:43.517,1,1648.0,479.0,1819.0,688.0,,,,
48084,26:44.000,26:44.017,1,1751.0,314.0,1930.0,525.0,,,,
48099,26:44.500,26:44.517,1,1729.0,547.0,1902.0,756.0,,,,
48114,26:45.000,26:45.018,1,881.0,879.0,1062.0,1131.0,,,,
48128,26:45.500,26:45.518,1,977.0,758.0,1141.0,987.0,,,,
48143,26:46.000,26:46.018,1,970.0,744.0,1129.0,959.0,,,,
48158,26:46.500,26:46.518,1,929.0,729.0,1094.0,927.0,,,,
48173,26:47.000,26:47.018,1,888.0,862.0,1053.0,1058.0,,,,
48188,26:47.500,26:47.510,1,666.0,885.0,844.0,1114.0,,,,
48203,26:48.000,26:48.010,2,413.0,837.0,614.0,1096.0,2180.0,688.0,2394.0,902.0
48218,26:48.500,26:48.510,2,235.0,662.0,459.0,928.0,2046.0,528.0,2254.0,757.0
48233,26:49.000,26:49.012,2,1771.0,633.0,1948.0,835.0,-84.0,778.0,170.0,1083.0
48248,26:49.500,26:49.512,1,1708.0,743.0,1880.0,940.0,,,,
48263,26:50.000,26:50.012,1,1553.0,653.0,1714.0,845.0,,,,
48278,26:50.500,26:50.512,2,47.0,876.0,292.0,1168.0,1853.0,736.0,2037.0,934.0
48293,26:51.000,26:51.012,1,1625.0,1098.0,1816.0,1364.0,,,,
48308,26:51.500,26:51.512,1,1611.0,1073.0,1797.0,1322.0,,,,
48323,26:52.000,26:52.012,1,1438.0,1030.0,1614.0,1266.0,,,,
48338,26:52.500,26:52.512,2,63.0,841.0,311.0,1116.0,1875.0,620.0,2066.0,825.0
48353,26:53.000,26:53.013,2,1872.0,594.0,2061.0,802.0,54.0,798.0,304.0,1072.0
48368,26:53.500,26:53.513,2,107.0,684.0,348.0,957.0,1919.0,497.0,2113.0,715.0
48383,26:54.000,26:54.013,2,185.0,667.0,412.0,927.0,1985.0,489.0,2188.0,710.0
48398,26:54.500,26:54.513,2,200.0,601.0,424.0,859.0,2011.0,430.0,2217.0,657.0
48413,26:55.000,26:55.013,2,158.0,577.0,380.0,856.0,1955.0,398.0,2155.0,623.0
48428,26:55.500,26:55.513,2,127.0,575.0,356.0,851.0,1933.0,397.0,2132.0,618.0
48443,26:56.000,26:56.013,2,14.0,646.0,255.0,934.0,1836.0,465.0,2018.0,678.0
48458,26:56.500,26:56.513,2,1864.0,407.0,2053.0,629.0,40.0,587.0,280.0,869.0
48473,26:57.000,26:57.015,2,143.0,532.0,375.0,811.0,1962.0,367.0,2167.0,590.0
48488,26:57.500,26:57.515,2,1833.0,571.0,2014.0,781.0,21.0,716.0,263.0,1000.0
48503,26:58.000,26:58.015,1,1561.0,617.0,1718.0,812.0,,,,
48518,26:58.500,26:58.515,1,1587.0,583.0,1748.0,777.0,,,,
48533,26:59.000,26:59.015,1,1608.0,574.0,1769.0,769.0,,,,
48548,26:59.500,26:59.515,1,1620.0,560.0,1782.0,760.0,,,,
48563,27:00.000,27:00.015,1,1630.0,549.0,1792.0,748.0,,,,
48578,27:00.500,27:00.515,1,1626.0,535.0,1789.0,733.0,,,,
48593,27:01.000,27:01.017,1,1673.0,603.0,1840.0,801.0,,,,
48608,27:01.500,27:01.517,1,1637.0,539.0,1803.0,743.0,,,,
48623,27:02.000,27:02.017,1,1604.0,557.0,1768.0,753.0,,,,
48638,27:02.500,27:02.517,1,1601.0,557.0,1764.0,754.0,,,,
48653,27:03.000,27:03.017,1,1595.0,554.0,1758.0,753.0,,,,
48668,27:03.500,27:03.517,1,1591.0,558.0,1754.0,754.0,,,,
48683,27:04.000,27:04.017,1,1587.0,549.0,1750.0,747.0,,,,
48698,27:04.500,27:04.517,1,1608.0,586.0,1772.0,777.0,,,,
48713,27:05.000,27:05.018,1,1643.0,574.0,1810.0,775.0,,,,
48728,27:05.500,27:05.518,2,1721.0,554.0,1895.0,752.0,-85.0,737.0,124.0,1013.0
48743,27:06.000,27:06.018,2,1722.0,551.0,1896.0,755.0,-84.0,735.0,140.0,1016.0
48758,27:06.500,27:06.510,2,1720.0,530.0,1896.0,728.0,-86.0,712.0,136.0,998.0
48773,27:07.000,27:07.010,1,583.0,668.0,758.0,915.0,,,,
48788,27:07.500,27:07.510,1,812.0,678.0,980.0,912.0,,,,
48803,27:08.000,27:08.010,1,774.0,676.0,936.0,907.0,,,,
48818,27:08.500,27:08.510,1,737.0,679.0,905.0,909.0,,,,
48833,27:09.000,27:09.012,1,647.0,698.0,824.0,932.0,,,,
48848,27:09.500,27:09.512,2,483.0,747.0,678.0,1002.0,2263.0,573.0,2459.0,797.0
48863,27:10.000,27:10.012,2,455.0,768.0,646.0,1019.0,2243.0,595.0,2445.0,827.0
48878,27:10.500,27:10.512,2,455.0,805.0,648.0,1057.0,2252.0,646.0,2457.0,868.0
48893,27:11.000,27:11.012,2,478.0,790.0,669.0,1038.0,2260.0,663.0,2457.0,880.0
48908,27:11.500,27:11.512,2,406.0,763.0,604.0,1019.0,2171.0,634.0,2391.0,850.0
48923,27:12.000,27:12.012,2,421.0,763.0,614.0,1017.0,2189.0,616.0,2409.0,835.0
48938,27:12.500,27:12.512,2,403.0,744.0,601.0,997.0,2172.0,589.0,2394.0,815.0
48953,27:13.000,27:13.013,2,400.0,724.0,599.0,984.0,2181.0,591.0,2401.0,808.0
48968,27:13.500,27:13.513,2,352.0,747.0,558.0,1006.0,2132.0,590.0,2354.0,815.0
48983,27:14.000,27:14.013,2,224.0,746.0,444.0,1014.0,2003.0,569.0,2204.0,786.0
48998,27:14.500,27:14.513,2,251.0,746.0,466.0,1009.0,2026.0,571.0,2231.0,789.0
49013,27:15.000,27:15.013,2,2093.0,586.0,2308.0,807.0,309.0,744.0,517.0,1006.0
49028,27:15.500,27:15.513,1,795.0,722.0,964.0,953.0,,,,
49043,27:16.000,27:16.013,1,911.0,760.0,1074.0,993.0,,,,
49058,27:16.500,27:16.513,1,879.0,726.0,1043.0,955.0,,,,
49073,27:17.000,27:17.015,1,856.0,704.0,1019.0,937.0,,,,
49088,27:17.500,27:17.515,1,838.0,698.0,1003.0,922.0,,,,
49103,27:18.000,27:18.015,1,824.0,696.0,991.0,925.0,,,,
49118,27:18.500,27:18.515,1,938.0,876.0,1101.0,1102.0,,,,
49133,27:19.000,27:19.015,1,900.0,818.0,1062.0,1040.0,,,,
49148,27:19.500,27:19.515,1,891.0,795.0,1054.0,1015.0,,,,
49163,27:20.000,27:20.015,1,780.0,781.0,946.0,1006.0,,,,
49178,27:20.500,27:20.515,1,717.0,779.0,887.0,1003.0,,,,
49193,27:21.000,27:21.017,1,1598.0,635.0,1759.0,825.0,,,,
49208,27:21.500,27:21.517,2,-11.0,782.0,227.0,1056.0,1799.0,576.0,1977.0,777.0
49223,27:22.000,27:22.017,2,13.0,780.0,253.0,1054.0,1813.0,572.0,1993.0,774.0
49238,27:22.500,27:22.517,2,61.0,776.0,299.0,1051.0,1856.0,574.0,2040.0,778.0
49253,27:23.000,27:23.017,2,1958.0,460.0,2153.0,678.0,145.0,609.0,378.0,880.0
49268,27:23.500,27:23.517,2,170.0,618.0,406.0,888.0,1972.0,429.0,2170.0,650.0
49283,27:24.000,27:24.017,2,2007.0,403.0,2211.0,631.0,225.0,632.0,455.0,896.0
49298,27:24.500,27:24.517,2,208.0,658.0,439.0,920.0,1993.0,415.0,2197.0,642.0
49313,27:25.000,27:25.018,2,271.0,663.0,491.0,922.0,2041.0,450.0,2246.0,668.0
49328,27:25.500,27:25.518,2,287.0,646.0,500.0,906.0,2046.0,459.0,2253.0,678.0
49343,27:26.000,27:26.018,2,375.0,705.0,579.0,957.0,2112.0,508.0,2331.0,735.0
49358,27:26.500,27:26.510,2,439.0,722.0,637.0,971.0,2184.0,542.0,2408.0,766.0
49373,27:27.000,27:27.010,2,407.0,736.0,608.0,987.0,2133.0,550.0,2354.0,777.0
49388,27:27.500,27:27.510,1,661.0,737.0,841.0,974.0,,,,
49403,27:28.000,27:28.010,1,579.0,771.0,766.0,1011.0,,,,
49418,27:28.500,27:28.510,2,419.0,815.0,617.0,1068.0,2142.0,607.0,2369.0,829.0
49433,27:29.000,27:29.012,2,385.0,845.0,588.0,1103.0,2102.0,647.0,2315.0,856.0
49448,27:29.500,27:29.512,2,359.0,846.0,565.0,1102.0,2079.0,649.0,2292.0,865.0
49463,27:30.000,27:30.012,2,388.0,822.0,589.0,1075.0,2116.0,629.0,2332.0,848.0
49478,27:30.500,27:30.512,2,365.0,839.0,571.0,1095.0,2094.0,653.0,2309.0,872.0
49493,27:31.000,27:31.012,1,615.0,816.0,795.0,1051.0,,,,
49508,27:31.500,27:31.512,1,630.0,826.0,810.0,1070.0,,,,
49523,27:32.000,27:32.012,2,496.0,855.0,688.0,1105.0,2237.0,668.0,2451.0,887.0
49538,27:32.500,27:32.512,1,1621.0,662.0,1779.0,848.0,,,,
49553,27:33.000,27:33.013,1,1646.0,665.0,1808.0,857.0,,,,
49568,27:33.500,27:33.513,1,1628.0,649.0,1792.0,840.0,,,,
49583,27:34.000,27:34.013,2,1716.0,536.0,1884.0,734.0,-75.0,785.0,176.0,1077.0
49598,27:34.500,27:34.513,2,1831.0,470.0,2009.0,674.0,109.0,718.0,327.0,984.0
49613,27:35.000,27:35.013,2,102.0,818.0,333.0,1087.0,1823.0,552.0,2003.0,759.0
49628,27:35.500,27:35.513,2,1831.0,451.0,2017.0,663.0,103.0,784.0,339.0,1046.0
49643,27:36.000,27:36.013,2,1834.0,465.0,2016.0,672.0,106.0,816.0,349.0,1078.0
49658,27:36.500,27:36.513,2,-13.0,745.0,237.0,1020.0,1764.0,442.0,1940.0,653.0
49673,27:37.000,27:37.015,2,12.0,692.0,268.0,970.0,1806.0,410.0,1986.0,624.0
49688,27:37.500,27:37.515,2,35.0,710.0,293.0,989.0,1830.0,424.0,2015.0,640.0
49703,27:38.000,27:38.015,2,21.0,755.0,280.0,1033.0,1822.0,506.0,2003.0,710.0
49719,27:38.500,27:38.515,2,4.0,765.0,250.0,1044.0,1796.0,526.0,1972.0,735.0
49734,27:39.000,27:39.015,2,286.0,727.0,498.0,996.0,2027.0,518.0,2232.0,739.0
49749,27:39.500,27:39.515,2,263.0,776.0,478.0,1038.0,2002.0,530.0,2203.0,749.0
49764,27:40.000,27:40.015,2,1694.0,524.0,1867.0,726.0,-98.0,754.0,111.0,1043.0
49779,27:40.500,27:40.515,1,1426.0,617.0,1578.0,803.0,,,,
49794,27:41.000,27:41.017,1,1411.0,622.0,1562.0,807.0,,,,
49809,27:41.500,27:41.517,1,1423.0,619.0,1574.0,805.0,,,,
49824,27:42.000,27:42.017,1,1436.0,609.0,1589.0,800.0,,,,
49839,27:42.500,27:42.517,1,1503.0,599.0,1656.0,786.0,,,,
49854,27:43.000,27:43.017,1,1558.0,572.0,1715.0,765.0,,,,
49869,27:43.500,27:43.517,1,1586.0,560.0,1744.0,752.0,,,,
49885,27:44.000,27:44.017,1,1604.0,535.0,1765.0,728.0,,,,
49900,27:44.500,27:44.517,1,1614.0,535.0,1773.0,729.0,,,,
49915,27:45.000,27:45.018,1,1647.0,528.0,1810.0,728.0,,,,
49930,27:45.500,27:45.518,2,1919.0,478.0,2106.0,696.0,175.0,668.0,375.0,925.0
49945,27:46.000,27:46.010,2,121.0,895.0,326.0,1161.0,1861.0,694.0,2040.0,896.0
49960,27:46.500,27:46.510,2,22.0,1052.0,236.0,1322.0,1784.0,808.0,1959.0,1009.0
49975,27:47.000,27:47.010,2,1749.0,795.0,1920.0,995.0,-12.0,1054.0,194.0,1332.0
49990,27:47.500,27:47.510,2,1680.0,767.0,1849.0,959.0,-87.0,1036.0,109.0,1317.0
50005,27:48.000,27:48.010,2,190.0,955.0,389.0,1217.0,1891.0,708.0,2083.0,906.0
50020,27:48.500,27:48.510,2,1902.0,641.0,2097.0,852.0,204.0,930.0,407.0,1181.0
50035,27:49.000,27:49.012,2,1916.0,639.0,2109.0,845.0,208.0,926.0,417.0,1184.0
50050,27:49.500,27:49.512,2,1895.0,605.0,2090.0,814.0,163.0,904.0,390.0,1159.0
50065,27:50.000,27:50.012,2,143.0,893.0,371.0,1142.0,1884.0,595.0,2074.0,799.0
50080,27:50.500,27:50.512,2,1839.0,559.0,2023.0,768.0,67.0,797.0,308.0,1054.0
50095,27:51.000,27:51.012,2,65.0,695.0,314.0,948.0,1846.0,442.0,2036.0,658.0
50110,27:51.500,27:51.512,2,1827.0,479.0,2014.0,687.0,53.0,728.0,300.0,991.0
50125,27:52.000,27:52.012,2,1805.0,475.0,1987.0,683.0,39.0,738.0,289.0,1002.0
50140,27:52.500,27:52.512,2,1798.0,476.0,1982.0,688.0,22.0,733.0,271.0,1002.0
50155,27:53.000,27:53.013,2,1808.0,468.0,1992.0,678.0,28.0,719.0,272.0,980.0
50170,27:53.500,27:53.513,1,542.0,729.0,729.0,962.0,,,,
50185,27:54.000,27:54.013,2,489.0,751.0,677.0,981.0,2239.0,555.0,2450.0,776.0
50200,27:54.500,27:54.513,2,458.0,745.0,651.0,974.0,2198.0,538.0,2417.0,760.0
50215,27:55.000,27:55.013,2,283.0,774.0,493.0,1019.0,2019.0,569.0,2225.0,792.0
50230,27:55.500,27:55.513,1,562.0,774.0,745.0,998.0,,,,
50245,27:56.000,27:56.013,2,0.0,884.0,239.0,1156.0,1780.0,698.0,1960.0,899.0
50260,27:56.500,27:56.513,1,1323.0,767.0,1476.0,949.0,,,,
50275,27:57.000,27:57.015,1,1335.0,737.0,1487.0,920.0,,,,
50290,27:57.500,27:57.515,1,1411.0,749.0,1564.0,931.0,,,,
50305,27:58.000,27:58.015,1,1465.0,766.0,1619.0,953.0,,,,
50320,27:58.500,27:58.515,1,1422.0,750.0,1574.0,937.0,,,,
50335,27:59.000,27:59.015,1,1418.0,743.0,1571.0,928.0,,,,
50350,27:59.500,27:59.515,1,1403.0,724.0,1553.0,917.0,,,,
50365,28:00.000,28:00.015,1,1396.0,699.0,1548.0,891.0,,,,
50380,28:00.500,28:00.515,1,1391.0,685.0,1540.0,872.0,,,,
50395,28:01.000,28:01.017,1,1400.0,686.0,1551.0,873.0,,,,
50410,28:01.500,28:01.517,1,1403.0,681.0,1557.0,870.0,,,,
50425,28:02.000,28:02.017,1,1412.0,673.0,1566.0,861.0,,,,
50440,28:02.500,28:02.517,1,1425.0,696.0,1581.0,887.0,,,,
50455,28:03.000,28:03.017,1,1477.0,834.0,1639.0,1020.0,,,,
50470,28:03.500,28:03.517,1,1466.0,792.0,1625.0,977.0,,,,
50485,28:04.000,28:04.017,1,1475.0,767.0,1635.0,954.0,,,,
50500,28:04.500,28:04.517,1,1477.0,761.0,1636.0,945.0,,,,
50515,28:05.000,28:05.018,1,1484.0,753.0,1642.0,935.0,,,,
50530,28:05.500,28:05.518,1,1500.0,737.0,1657.0,927.0,,,,
50545,28:06.000,28:06.010,1,1501.0,725.0,1660.0,912.0,,,,
50560,28:06.500,28:06.510,1,1651.0,685.0,1818.0,877.0,,,,
50575,28:07.000,28:07.010,1,1651.0,679.0,1822.0,873.0,,,,
50590,28:07.500,28:07.510,2,1719.0,695.0,1900.0,894.0,-74.0,1003.0,170.0,1303.0
50605,28:08.000,28:08.010,2,227.0,927.0,456.0,1194.0,1964.0,646.0,2170.0,860.0
50620,28:08.500,28:08.510,2,397.0,877.0,610.0,1129.0,2114.0,546.0,2340.0,767.0
50635,28:09.000,28:09.012,2,493.0,905.0,698.0,1151.0,2233.0,572.0,2450.0,791.0
50650,28:09.500,28:09.512,2,282.0,843.0,504.0,1111.0,2025.0,626.0,2230.0,837.0
50665,28:10.000,28:10.012,1,1692.0,699.0,1857.0,894.0,,,,
50680,28:10.500,28:10.512,1,1631.0,659.0,1791.0,847.0,,,,
50695,28:11.000,28:11.012,1,1611.0,629.0,1770.0,820.0,,,,
50710,28:11.500,28:11.512,1,1705.0,556.0,1872.0,752.0,,,,
50726,28:12.000,28:12.012,2,125.0,192.0,391.0,481.0,2050.0,79.0,2267.0,341.0
50741,28:12.500,28:12.512,2,132.0,200.0,405.0,493.0,2069.0,55.0,2283.0,316.0
50756,28:13.000,28:13.012,1,508.0,637.0,705.0,884.0,,,,
50771,28:13.500,28:13.513,1,558.0,767.0,746.0,1014.0,,,,
50786,28:14.000,28:14.013,2,425.0,726.0,617.0,978.0,2187.0,748.0,2395.0,966.0
50801,28:14.500,28:14.513,2,352.0,730.0,548.0,983.0,2108.0,762.0,2323.0,981.0
50816,28:15.000,28:15.013,2,299.0,734.0,503.0,996.0,2059.0,765.0,2266.0,980.0
50831,28:15.500,28:15.513,2,293.0,802.0,500.0,1066.0,2059.0,811.0,2265.0,1024.0
50846,28:16.000,28:16.013,2,275.0,743.0,483.0,1003.0,2047.0,747.0,2250.0,958.0
50861,28:16.500,28:16.513,2,154.0,716.0,377.0,986.0,1944.0,701.0,2137.0,908.0
50876,28:17.000,28:17.015,2,40.0,726.0,280.0,1007.0,1853.0,669.0,2034.0,877.0
50891,28:17.500,28:17.515,2,1741.0,636.0,1919.0,832.0,-78.0,903.0,174.0,1193.0
50906,28:18.000,28:18.015,2,1748.0,618.0,1924.0,815.0,-81.0,843.0,175.0,1139.0
50921,28:18.500,28:18.515,1,1678.0,598.0,1847.0,792.0,,,,
50936,28:19.000,28:19.015,1,1683.0,655.0,1849.0,851.0,,,,
50951,28:19.500,28:19.515,1,1641.0,518.0,1809.0,713.0,,,,
50966,28:20.000,28:20.015,0,,,,,,,,
50981,28:20.500,28:20.515,0,,,,,,,,
50996,28:21.000,28:21.017,2,301.0,263.0,521.0,548.0,2190.0,126.0,2411.0,390.0
51011,28:21.500,28:21.517,1,525.0,621.0,711.0,863.0,,,,
51026,28:22.000,28:22.017,2,365.0,674.0,565.0,928.0,2146.0,648.0,2362.0,871.0
51041,28:22.500,28:22.517,2,287.0,621.0,497.0,882.0,2096.0,616.0,2301.0,835.0
51056,28:23.000,28:23.017,2,2030.0,650.0,2230.0,860.0,241.0,680.0,451.0,942.0
51071,28:23.500,28:23.517,2,3.0,757.0,239.0,1036.0,1825.0,661.0,2000.0,862.0
51086,28:24.000,28:24.017,1,1607.0,681.0,1771.0,864.0,,,,
51101,28:24.500,28:24.517,1,1614.0,672.0,1773.0,858.0,,,,
51116,28:25.000,28:25.010,1,1641.0,651.0,1806.0,843.0,,,,
51131,28:25.500,28:25.510,1,632.0,778.0,801.0,1019.0,,,,
51146,28:26.000,28:26.010,1,776.0,786.0,946.0,1017.0,,,,
51161,28:26.500,28:26.510,1,743.0,806.0,919.0,1037.0,,,,
51176,28:27.000,28:27.010,1,784.0,800.0,960.0,1032.0,,,,
51191,28:27.500,28:27.510,1,767.0,768.0,943.0,1001.0,,,,
51206,28:28.000,28:28.010,1,788.0,774.0,955.0,1009.0,,,,
51221,28:28.500,28:28.510,1,792.0,771.0,957.0,1003.0,,,,
51236,28:29.000,28:29.010,1,799.0,766.0,962.0,992.0,,,,
51251,28:29.500,28:29.512,1,805.0,758.0,967.0,981.0,,,,
51266,28:30.000,28:30.012,1,840.0,763.0,1003.0,989.0,,,,
51281,28:30.500,28:30.512,1,856.0,764.0,1019.0,991.0,,,,
51296,28:31.000,28:31.012,1,885.0,768.0,1042.0,992.0,,,,
51311,28:31.500,28:31.512,1,850.0,764.0,1015.0,982.0,,,,
51326,28:32.000,28:32.012,1,844.0,767.0,1011.0,994.0,,,,
51341,28:32.500,28:32.512,1,844.0,765.0,1011.0,993.0,,,,
51356,28:33.000,28:33.012,1,844.0,763.0,1009.0,989.0,,,,
51371,28:33.500,28:33.513,1,842.0,766.0,1009.0,994.0,,,,
51386,28:34.000,28:34.013,1,902.0,954.0,1071.0,1185.0,,,,
51401,28:34.500,28:34.513,1,933.0,870.0,1090.0,1094.0,,,,
51416,28:35.000,28:35.013,1,907.0,819.0,1068.0,1035.0,,,,
51431,28:35.500,28:35.513,1,863.0,834.0,1029.0,1058.0,,,,
51446,28:36.000,28:36.013,1,737.0,749.0,908.0,973.0,,,,
51461,28:36.500,28:36.513,1,667.0,704.0,839.0,935.0,,,,
51476,28:37.000,28:37.013,1,615.0,722.0,793.0,955.0,,,,
51491,28:37.500,28:37.515,1,631.0,709.0,806.0,935.0,,,,
51506,28:38.000,28:38.015,2,470.0,704.0,659.0,946.0,2257.0,562.0,2459.0,783.0
51521,28:38.500,28:38.515,1,657.0,709.0,829.0,944.0,,,,
51536,28:39.000,28:39.015,1,833.0,717.0,997.0,942.0,,,,
51551,28:39.500,28:39.515,1,819.0,721.0,982.0,947.0,,,,
51566,28:40.000,28:40.015,1,814.0,718.0,978.0,946.0,,,,
51581,28:40.500,28:40.515,1,805.0,716.0,968.0,946.0,,,,
51596,28:41.000,28:41.017,1,798.0,706.0,964.0,922.0,,,,
51611,28:41.500,28:41.517,1,791.0,706.0,956.0,926.0,,,,
51626,28:42.000,28:42.017,1,736.0,806.0,909.0,1035.0,,,,
51641,28:42.500,28:42.517,1,814.0,769.0,984.0,1004.0,,,,
51656,28:43.000,28:43.017,1,784.0,724.0,947.0,956.0,,,,
51671,28:43.500,28:43.517,1,800.0,719.0,965.0,945.0,,,,
51686,28:44.000,28:44.017,1,773.0,718.0,941.0,945.0,,,,
51701,28:44.500,28:44.508,1,781.0,720.0,948.0,944.0,,,,
51716,28:45.000,28:45.008,1,765.0,726.0,933.0,954.0,,,,
51731,28:45.500,28:45.510,1,762.0,726.0,932.0,955.0,,,,
51746,28:46.000,28:46.010,1,749.0,1074.0,921.0,1316.0,,,,
51761,28:46.500,28:46.510,1,702.0,893.0,873.0,1131.0,,,,
51776,28:47.000,28:47.010,1,716.0,744.0,879.0,979.0,,,,
51791,28:47.500,28:47.510,1,711.0,717.0,877.0,958.0,,,,
51806,28:48.000,28:48.010,1,735.0,724.0,904.0,957.0,,,,
51821,28:48.500,28:48.510,1,733.0,719.0,903.0,953.0,,,,
51836,28:49.000,28:49.010,1,733.0,711.0,903.0,943.0,,,,
51851,28:49.500,28:49.512,1,731.0,708.0,899.0,935.0,,,,
51866,28:50.000,28:50.012,1,697.0,720.0,869.0,959.0,,,,
51881,28:50.500,28:50.512,1,702.0,691.0,873.0,923.0,,,,
51896,28:51.000,28:51.012,1,716.0,710.0,885.0,946.0,,,,
51911,28:51.500,28:51.512,1,719.0,727.0,891.0,964.0,,,,
51926,28:52.000,28:52.012,1,807.0,916.0,975.0,1152.0,,,,
51941,28:52.500,28:52.512,1,661.0,780.0,837.0,1020.0,,,,
51956,28:53.000,28:53.012,2,122.0,775.0,352.0,1042.0,1902.0,609.0,2084.0,810.0
51971,28:53.500,28:53.513,1,1554.0,739.0,1708.0,925.0,,,,
51986,28:54.000,28:54.013,2,1714.0,647.0,1879.0,834.0,-84.0,803.0,140.0,1078.0
52001,28:54.500,28:54.513,1,611.0,727.0,786.0,964.0,,,,
52016,28:55.000,28:55.013,1,597.0,731.0,771.0,967.0,,,,
52031,28:55.500,28:55.513,2,237.0,644.0,447.0,901.0,1988.0,529.0,2182.0,745.0
52046,28:56.000,28:56.013,2,-13.0,433.0,231.0,716.0,1819.0,325.0,1997.0,531.0
52061,28:56.500,28:56.513,2,-15.0,557.0,220.0,835.0,1768.0,474.0,1936.0,675.0
52076,28:57.000,28:57.013,1,1630.0,560.0,1786.0,745.0,,,,
52091,28:57.500,28:57.515,2,65.0,739.0,302.0,1007.0,1830.0,554.0,2007.0,754.0
52106,28:58.000,28:58.015,2,189.0,699.0,403.0,963.0,1942.0,601.0,2130.0,805.0
52121,28:58.500,28:58.515,2,234.0,647.0,442.0,916.0,1994.0,570.0,2189.0,785.0
52136,28:59.000,28:59.015,2,242.0,655.0,449.0,917.0,2006.0,626.0,2199.0,836.0
52151,28:59.500,28:59.515,2,289.0,602.0,492.0,864.0,2069.0,559.0,2277.0,782.0
52166,29:00.000,29:00.015,2,2044.0,563.0,2246.0,778.0,277.0,612.0,486.0,877.0
52181,29:00.500,29:00.515,2,284.0,604.0,491.0,864.0,2046.0,561.0,2249.0,766.0
52195,29:01.000,29:01.015,2,259.0,740.0,471.0,986.0,2013.0,682.0,2211.0,886.0
52210,29:01.500,29:01.517,2,242.0,1182.0,459.0,1434.0,2025.0,970.0,2231.0,1179.0
52225,29:02.000,29:02.017,2,162.0,1164.0,390.0,1428.0,1952.0,940.0,2152.0,1147.0
52240,29:02.500,29:02.517,2,147.0,1087.0,373.0,1351.0,1923.0,880.0,2117.0,1084.0
52255,29:03.000,29:03.017,2,170.0,864.0,401.0,1139.0,1942.0,713.0,2132.0,916.0
52270,29:03.500,29:03.517,2,277.0,651.0,492.0,914.0,2036.0,610.0,2234.0,821.0
52285,29:04.000,29:04.008,2,2026.0,492.0,2226.0,710.0,251.0,559.0,473.0,820.0
52300,29:04.500,29:04.508,2,206.0,543.0,434.0,808.0,1990.0,473.0,2186.0,694.0
52315,29:05.000,29:05.008,2,273.0,520.0,490.0,786.0,2042.0,527.0,2243.0,742.0
52330,29:05.500,29:05.510,2,2010.0,584.0,2205.0,793.0,251.0,592.0,470.0,852.0
52345,29:06.000,29:06.010,2,247.0,677.0,462.0,935.0,1999.0,663.0,2195.0,872.0
52360,29:06.500,29:06.510,2,286.0,552.0,503.0,815.0,2057.0,560.0,2259.0,776.0
52375,29:07.000,29:07.010,1,1391.0,702.0,1536.0,885.0,,,,
52390,29:07.500,29:07.510,1,1452.0,647.0,1603.0,832.0,,,,
52405,29:08.000,29:08.010,1,1577.0,656.0,1734.0,839.0,,,,
52420,29:08.500,29:08.510,1,1687.0,650.0,1853.0,838.0,,,,
52435,29:09.000,29:09.010,1,876.0,743.0,1045.0,974.0,,,,
52450,29:09.500,29:09.512,1,802.0,731.0,975.0,966.0,,,,
52465,29:10.000,29:10.012,1,728.0,727.0,904.0,966.0,,,,
52480,29:10.500,29:10.512,1,520.0,934.0,716.0,1188.0,,,,
52495,29:11.000,29:11.012,2,395.0,1002.0,592.0,1254.0,2163.0,793.0,2392.0,1006.0
52510,29:11.500,29:11.512,2,307.0,942.0,503.0,1189.0,2024.0,714.0,2245.0,940.0
52525,29:12.000,29:12.012,2,614.0,789.0,790.0,1012.0,2253.0,598.0,2484.0,866.0
52540,29:12.500,29:12.512,1,655.0,749.0,827.0,978.0,,,,
52555,29:13.000,29:13.012,1,541.0,716.0,723.0,946.0,,,,
52570,29:13.500,29:13.513,1,943.0,750.0,1099.0,967.0,,,,
52585,29:14.000,29:14.013,1,905.0,766.0,1064.0,978.0,,,,
52600,29:14.500,29:14.513,1,868.0,768.0,1025.0,980.0,,,,
52615,29:15.000,29:15.013,1,770.0,874.0,939.0,1091.0,,,,
52630,29:15.500,29:15.513,1,717.0,907.0,886.0,1131.0,,,,
52645,29:16.000,29:16.013,1,692.0,907.0,865.0,1137.0,,,,
52660,29:16.500,29:16.513,1,674.0,898.0,847.0,1128.0,,,,
52675,29:17.000,29:17.013,1,656.0,907.0,830.0,1136.0,,,,
52690,29:17.500,29:17.515,1,624.0,914.0,801.0,1141.0,,,,
52705,29:18.000,29:18.015,1,560.0,956.0,741.0,1191.0,,,,
52720,29:18.500,29:18.515,1,550.0,1003.0,734.0,1241.0,,,,
52735,29:19.000,29:19.015,1,552.0,993.0,737.0,1238.0,,,,
52750,29:19.500,29:19.515,1,567.0,970.0,750.0,1208.0,,,,
52765,29:20.000,29:20.015,1,626.0,976.0,803.0,1207.0,,,,
52780,29:20.500,29:20.515,1,681.0,955.0,854.0,1187.0,,,,
52795,29:21.000,29:21.015,1,784.0,910.0,950.0,1138.0,,,,
52810,29:21.500,29:21.517,1,922.0,871.0,1081.0,1091.0,,,,
52825,29:22.000,29:22.017,1,881.0,882.0,1044.0,1100.0,,,,
52840,29:22.500,29:22.517,1,769.0,934.0,932.0,1160.0,,,,
52855,29:23.000,29:23.017,2,409.0,954.0,604.0,1200.0,2137.0,744.0,2365.0,971.0
52870,29:23.500,29:23.517,2,334.0,924.0,531.0,1164.0,2038.0,730.0,2254.0,953.0
52885,29:24.000,29:24.008,2,202.0,860.0,409.0,1110.0,1911.0,647.0,2108.0,868.0
52900,29:24.500,29:24.508,2,1921.0,592.0,2123.0,803.0,180.0,807.0,402.0,1063.0
52915,29:25.000,29:25.008,2,233.0,795.0,449.0,1046.0,1973.0,579.0,2179.0,798.0
52930,29:25.500,29:25.510,2,317.0,802.0,519.0,1044.0,2046.0,588.0,2260.0,812.0
52945,29:26.000,29:26.010,2,318.0,788.0,522.0,1032.0,2051.0,574.0,2269.0,799.0
52960,29:26.500,29:26.510,2,329.0,779.0,536.0,1026.0,2066.0,567.0,2290.0,795.0
52975,29:27.000,29:27.010,1,908.0,869.0,1073.0,1088.0,,,,
52990,29:27.500,29:27.510,1,881.0,854.0,1046.0,1073.0,,,,
53005,29:28.000,29:28.010,1,858.0,820.0,1019.0,1031.0,,,,
53020,29:28.500,29:28.510,1,814.0,784.0,977.0,1002.0,,,,
53035,29:29.000,29:29.010,1,742.0,784.0,905.0,1003.0,,,,
53050,29:29.500,29:29.512,1,1635.0,662.0,1802.0,864.0,,,,
53065,29:30.000,29:30.012,1,1561.0,664.0,1719.0,861.0,,,,
53080,29:30.500,29:30.512,1,1346.0,756.0,1505.0,941.0,,,,
53095,29:31.000,29:31.012,1,1428.0,726.0,1591.0,918.0,,,,
53110,29:31.500,29:31.512,1,1567.0,673.0,1740.0,876.0,,,,
53125,29:32.000,29:32.012,1,1671.0,618.0,1847.0,823.0,,,,
