frame,time,actual_video_time,faces_detected_count,face_0_tl_x,face_0_tl_y,face_0_br_x,face_0_br_y,face_1_tl_x,face_1_tl_y,face_1_br_x,face_1_br_y,face_2_tl_x,face_2_tl_y,face_2_br_x,face_2_br_y
34770,18:24.000,18:24.022,0,,,,,,,,,,,,
34785,18:24.500,18:24.522,0,,,,,,,,,,,,
34800,18:25.000,18:25.022,1,1051.0,664.0,1166.0,815.0,,,,,,,,
34815,18:25.500,18:25.522,2,1506.0,660.0,1648.0,879.0,243.0,707.0,401.0,874.0,,,,
34830,18:26.000,18:26.022,2,42.0,756.0,219.0,929.0,1338.0,658.0,1461.0,866.0,,,,
34845,18:26.500,18:26.522,2,680.0,701.0,805.0,847.0,1886.0,572.0,2062.0,808.0,,,,
34860,18:27.000,18:27.022,2,50.0,633.0,284.0,930.0,1353.0,619.0,1464.0,759.0,,,,
34875,18:27.500,18:27.523,2,714.0,656.0,879.0,905.0,1880.0,631.0,2018.0,796.0,,,,
34890,18:28.000,18:28.023,2,809.0,684.0,960.0,924.0,1963.0,629.0,2114.0,802.0,,,,
34905,18:28.500,18:28.523,2,1616.0,594.0,1741.0,749.0,501.0,658.0,652.0,906.0,,,,
34920,18:29.000,18:29.023,2,1668.0,609.0,1789.0,763.0,608.0,659.0,725.0,908.0,,,,
34935,18:29.500,18:29.523,2,1707.0,597.0,1836.0,750.0,600.0,651.0,742.0,904.0,,,,
34950,18:30.000,18:30.023,2,471.0,642.0,657.0,905.0,1704.0,581.0,1827.0,734.0,,,,
34965,18:30.500,18:30.523,1,1250.0,576.0,1358.0,719.0,,,,,,,,
34980,18:31.000,18:31.023,1,1108.0,653.0,1213.0,792.0,,,,,,,,
34995,18:31.500,18:31.525,1,1144.0,676.0,1251.0,819.0,,,,,,,,
35010,18:32.000,18:32.025,1,1169.0,680.0,1282.0,822.0,,,,,,,,
35025,18:32.500,18:32.525,1,1168.0,695.0,1282.0,840.0,,,,,,,,
35040,18:33.000,18:33.025,1,1157.0,699.0,1274.0,845.0,,,,,,,,
35055,18:33.500,18:33.525,1,1206.0,696.0,1324.0,842.0,,,,,,,,
35070,18:34.000,18:34.025,1,1178.0,689.0,1298.0,836.0,,,,,,,,
35085,18:34.500,18:34.525,1,1152.0,679.0,1271.0,830.0,,,,,,,,
35100,18:35.000,18:35.025,1,1148.0,680.0,1268.0,829.0,,,,,,,,
35115,18:35.500,18:35.527,2,348.0,802.0,556.0,1085.0,1582.0,678.0,1705.0,825.0,,,,
35130,18:36.000,18:36.027,2,592.0,714.0,780.0,981.0,1798.0,652.0,1933.0,806.0,,,,
35145,18:36.500,18:36.527,2,391.0,714.0,595.0,994.0,1616.0,639.0,1741.0,791.0,,,,
35160,18:37.000,18:37.027,2,193.0,731.0,416.0,1026.0,1471.0,650.0,1592.0,797.0,,,,
35175,18:37.500,18:37.527,2,-12.0,695.0,242.0,1022.0,1363.0,681.0,1482.0,826.0,,,,
35190,18:38.000,18:38.027,2,1306.0,586.0,1425.0,731.0,-88.0,714.0,164.0,1046.0,,,,
35205,18:38.500,18:38.527,1,1260.0,657.0,1381.0,802.0,,,,,,,,
35220,18:39.000,18:39.027,2,1282.0,667.0,1401.0,814.0,-98.0,828.0,144.0,1159.0,,,,
35235,18:39.500,18:39.528,1,1194.0,636.0,1313.0,784.0,,,,,,,,
35250,18:40.000,18:40.028,1,1124.0,640.0,1244.0,793.0,,,,,,,,
35265,18:40.500,18:40.528,1,1018.0,763.0,1134.0,916.0,,,,,,,,
35280,18:41.000,18:41.028,1,1062.0,699.0,1179.0,851.0,,,,,,,,
35295,18:41.500,18:41.528,1,1138.0,706.0,1255.0,860.0,,,,,,,,
35310,18:42.000,18:42.028,2,122.0,617.0,362.0,935.0,1441.0,628.0,1561.0,783.0,,,,
35325,18:42.500,18:42.528,2,616.0,646.0,809.0,928.0,1849.0,681.0,1991.0,845.0,,,,
35340,18:43.000,18:43.020,2,667.0,706.0,849.0,977.0,1888.0,696.0,2034.0,867.0,,,,
35355,18:43.500,18:43.522,2,285.0,678.0,501.0,974.0,1563.0,562.0,1692.0,728.0,,,,
35370,18:44.000,18:44.022,2,130.0,810.0,366.0,1115.0,1440.0,700.0,1561.0,856.0,,,,
35385,18:44.500,18:44.522,2,113.0,853.0,351.0,1171.0,1428.0,763.0,1548.0,916.0,,,,
35400,18:45.000,18:45.022,2,106.0,879.0,344.0,1198.0,1424.0,766.0,1542.0,913.0,,,,
35415,18:45.500,18:45.522,2,1304.0,745.0,1424.0,886.0,-73.0,945.0,186.0,1282.0,,,,
35430,18:46.000,18:46.022,2,1281.0,749.0,1398.0,885.0,-88.0,1005.0,162.0,1340.0,,,,
35445,18:46.500,18:46.522,1,1147.0,746.0,1268.0,889.0,,,,,,,,
35460,18:47.000,18:47.023,1,1137.0,732.0,1250.0,875.0,,,,,,,,
35475,18:47.500,18:47.523,1,1158.0,636.0,1272.0,774.0,,,,,,,,
35490,18:48.000,18:48.023,2,565.0,728.0,753.0,1003.0,1766.0,734.0,1898.0,883.0,,,,
35505,18:48.500,18:48.523,2,749.0,719.0,926.0,984.0,1959.0,744.0,2107.0,896.0,,,,
35520,18:49.000,18:49.023,2,1293.0,698.0,1406.0,839.0,-85.0,784.0,164.0,1113.0,,,,
35535,18:49.500,18:49.523,1,1083.0,716.0,1195.0,850.0,,,,,,,,
35550,18:50.000,18:50.023,1,1048.0,672.0,1158.0,811.0,,,,,,,,
35565,18:50.500,18:50.523,1,1111.0,621.0,1222.0,757.0,,,,,,,,
35580,18:51.000,18:51.025,1,1158.0,653.0,1271.0,793.0,,,,,,,,
35595,18:51.500,18:51.525,1,1178.0,695.0,1289.0,832.0,,,,,,,,
35610,18:52.000,18:52.025,1,1203.0,698.0,1314.0,837.0,,,,,,,,
35625,18:52.500,18:52.525,1,1182.0,680.0,1293.0,823.0,,,,,,,,
35640,18:53.000,18:53.025,1,1171.0,664.0,1284.0,810.0,,,,,,,,
35655,18:53.500,18:53.525,1,1172.0,633.0,1285.0,779.0,,,,,,,,
35670,18:54.000,18:54.025,1,1195.0,620.0,1307.0,764.0,,,,,,,,
35685,18:54.500,18:54.525,1,1166.0,631.0,1276.0,777.0,,,,,,,,
35700,18:55.000,18:55.027,1,1147.0,620.0,1260.0,767.0,,,,,,,,
35715,18:55.500,18:55.527,1,1088.0,621.0,1200.0,764.0,,,,,,,,
35730,18:56.000,18:56.027,1,1049.0,627.0,1161.0,774.0,,,,,,,,
35745,18:56.500,18:56.527,1,1086.0,605.0,1201.0,756.0,,,,,,,,
35760,18:57.000,18:57.027,1,1125.0,580.0,1239.0,734.0,,,,,,,,
35775,18:57.500,18:57.527,1,1129.0,535.0,1246.0,690.0,,,,,,,,
35790,18:58.000,18:58.027,1,1153.0,514.0,1267.0,670.0,,,,,,,,
35805,18:58.500,18:58.527,1,1160.0,523.0,1275.0,677.0,,,,,,,,
35820,18:59.000,18:59.028,1,1161.0,515.0,1275.0,675.0,,,,,,,,
35835,18:59.500,18:59.528,1,1152.0,512.0,1268.0,669.0,,,,,,,,
35850,19:00.000,19:00.028,1,1155.0,508.0,1270.0,663.0,,,,,,,,
35865,19:00.500,19:00.528,1,1153.0,502.0,1268.0,658.0,,,,,,,,
35880,19:01.000,19:01.028,1,1159.0,499.0,1274.0,650.0,,,,,,,,
35895,19:01.500,19:01.528,1,1148.0,491.0,1264.0,647.0,,,,,,,,
35910,19:02.000,19:02.028,1,1145.0,493.0,1261.0,649.0,,,,,,,,
35925,19:02.500,19:02.520,1,1143.0,489.0,1256.0,642.0,,,,,,,,
35940,19:03.000,19:03.022,1,1139.0,488.0,1252.0,643.0,,,,,,,,
35955,19:03.500,19:03.522,1,1142.0,482.0,1260.0,641.0,,,,,,,,
35970,19:04.000,19:04.022,1,1138.0,480.0,1256.0,636.0,,,,,,,,
35985,19:04.500,19:04.522,1,1141.0,483.0,1256.0,640.0,,,,,,,,
36000,19:05.000,19:05.022,1,1141.0,503.0,1255.0,660.0,,,,,,,,
36015,19:05.500,19:05.522,1,1112.0,535.0,1226.0,695.0,,,,,,,,
36030,19:06.000,19:06.022,1,1126.0,521.0,1239.0,678.0,,,,,,,,
36045,19:06.500,19:06.522,1,1154.0,514.0,1269.0,673.0,,,,,,,,
36060,19:07.000,19:07.023,1,1168.0,541.0,1282.0,694.0,,,,,,,,
36075,19:07.500,19:07.523,1,1172.0,560.0,1284.0,712.0,,,,,,,,
36090,19:08.000,19:08.023,1,1182.0,563.0,1297.0,717.0,,,,,,,,
36105,19:08.500,19:08.523,1,1190.0,563.0,1304.0,719.0,,,,,,,,
36120,19:09.000,19:09.023,1,1182.0,556.0,1295.0,715.0,,,,,,,,
36135,19:09.500,19:09.523,1,1185.0,555.0,1298.0,710.0,,,,,,,,
36150,19:10.000,19:10.023,1,1175.0,558.0,1291.0,711.0,,,,,,,,
36165,19:10.500,19:10.523,1,1172.0,560.0,1286.0,715.0,,,,,,,,
36180,19:11.000,19:11.025,1,1169.0,580.0,1281.0,731.0,,,,,,,,
36195,19:11.500,19:11.525,1,1206.0,588.0,1319.0,737.0,,,,,,,,
36210,19:12.000,19:12.025,2,1218.0,592.0,1330.0,740.0,-90.0,408.0,138.0,743.0,,,,
36225,19:12.500,19:12.525,2,1222.0,580.0,1333.0,727.0,-78.0,400.0,155.0,727.0,,,,
36240,19:13.000,19:13.025,2,1219.0,566.0,1331.0,716.0,-92.0,402.0,136.0,736.0,,,,
36255,19:13.500,19:13.525,1,1209.0,550.0,1324.0,699.0,,,,,,,,
36270,19:14.000,19:14.025,1,1192.0,550.0,1305.0,699.0,,,,,,,,
36285,19:14.500,19:14.525,1,1187.0,554.0,1298.0,702.0,,,,,,,,
36300,19:15.000,19:15.027,1,1162.0,564.0,1275.0,711.0,,,,,,,,
36315,19:15.500,19:15.527,2,379.0,530.0,571.0,822.0,1542.0,620.0,1664.0,772.0,,,,
36330,19:16.000,19:16.027,2,1919.0,687.0,2064.0,851.0,770.0,607.0,938.0,869.0,,,,
36345,19:16.500,19:16.527,2,951.0,590.0,1113.0,848.0,2139.0,684.0,2298.0,855.0,,,,
36360,19:17.000,19:17.027,2,1002.0,569.0,1158.0,829.0,2205.0,684.0,2369.0,856.0,,,,
36375,19:17.500,19:17.527,2,986.0,542.0,1149.0,808.0,2205.0,662.0,2360.0,831.0,,,,
36390,19:18.000,19:18.027,2,968.0,542.0,1131.0,803.0,2187.0,659.0,2346.0,828.0,,,,
36405,19:18.500,19:18.527,2,954.0,561.0,1115.0,821.0,2149.0,664.0,2307.0,834.0,,,,
36420,19:19.000,19:19.028,2,976.0,548.0,1119.0,802.0,2128.0,648.0,2283.0,821.0,,,,
36435,19:19.500,19:19.528,2,975.0,551.0,1118.0,806.0,2123.0,646.0,2281.0,818.0,,,,
36450,19:20.000,19:20.028,2,953.0,536.0,1094.0,790.0,2100.0,632.0,2259.0,806.0,,,,
36465,19:20.500,19:20.528,2,1848.0,780.0,2017.0,1006.0,636.0,643.0,763.0,801.0,,,,
36480,19:21.000,19:21.028,1,1236.0,721.0,1369.0,925.0,,,,,,,,
36495,19:21.500,19:21.528,1,1224.0,712.0,1356.0,917.0,,,,,,,,
36510,19:22.000,19:22.028,1,1222.0,698.0,1355.0,907.0,,,,,,,,
36525,19:22.500,19:22.520,1,1232.0,694.0,1360.0,898.0,,,,,,,,
36539,19:23.000,19:23.022,2,808.0,512.0,927.0,669.0,2048.0,545.0,2218.0,785.0,,,,
36554,19:23.500,19:23.522,2,396.0,497.0,600.0,791.0,1612.0,553.0,1739.0,710.0,,,,
36569,19:24.000,19:24.022,2,1550.0,562.0,1672.0,724.0,329.0,527.0,536.0,820.0,,,,
36584,19:24.500,19:24.522,2,173.0,510.0,402.0,816.0,1428.0,530.0,1548.0,691.0,,,,
36599,19:25.000,19:25.022,2,1368.0,526.0,1487.0,682.0,131.0,491.0,356.0,813.0,,,,
36614,19:25.500,19:25.522,2,1428.0,493.0,1541.0,645.0,140.0,473.0,360.0,786.0,,,,
36629,19:26.000,19:26.022,2,95.0,457.0,335.0,772.0,1418.0,470.0,1535.0,622.0,,,,
36644,19:26.500,19:26.522,2,423.0,542.0,622.0,832.0,1619.0,561.0,1744.0,717.0,,,,
36659,19:27.000,19:27.023,2,416.0,524.0,618.0,817.0,1616.0,558.0,1739.0,715.0,,,,
36674,19:27.500,19:27.523,2,1601.0,541.0,1723.0,698.0,393.0,509.0,597.0,799.0,,,,
36689,19:28.000,19:28.023,2,1410.0,561.0,1527.0,719.0,110.0,543.0,348.0,848.0,,,,
36704,19:28.500,19:28.523,2,1279.0,571.0,1395.0,723.0,-88.0,594.0,167.0,913.0,,,,
36719,19:29.000,19:29.023,1,1231.0,563.0,1345.0,711.0,,,,,,,,
36734,19:29.500,19:29.523,1,1216.0,579.0,1331.0,724.0,,,,,,,,
36749,19:30.000,19:30.023,1,1178.0,609.0,1292.0,750.0,,,,,,,,
36764,19:30.500,19:30.523,1,1099.0,665.0,1213.0,807.0,,,,,,,,
36779,19:31.000,19:31.025,1,1063.0,652.0,1177.0,797.0,,,,,,,,
36794,19:31.500,19:31.525,1,1056.0,633.0,1171.0,784.0,,,,,,,,
36809,19:32.000,19:32.025,1,1066.0,623.0,1181.0,772.0,,,,,,,,
36824,19:32.500,19:32.525,1,1064.0,632.0,1178.0,783.0,,,,,,,,
36839,19:33.000,19:33.025,1,1059.0,645.0,1173.0,796.0,,,,,,,,
36854,19:33.500,19:33.525,1,1075.0,639.0,1187.0,788.0,,,,,,,,
36869,19:34.000,19:34.025,1,1067.0,620.0,1181.0,772.0,,,,,,,,
36884,19:34.500,19:34.525,1,1076.0,610.0,1188.0,762.0,,,,,,,,
36899,19:35.000,19:35.027,1,1079.0,623.0,1193.0,777.0,,,,,,,,
36914,19:35.500,19:35.527,1,1081.0,629.0,1194.0,786.0,,,,,,,,
36929,19:36.000,19:36.027,1,1083.0,611.0,1199.0,761.0,,,,,,,,
36944,19:36.500,19:36.527,1,1089.0,572.0,1206.0,727.0,,,,,,,,
36959,19:37.000,19:37.027,2,1080.0,569.0,1196.0,722.0,2292.0,555.0,2462.0,782.0,,,,
36974,19:37.500,19:37.527,1,1073.0,568.0,1186.0,719.0,,,,,,,,
36989,19:38.000,19:38.027,1,1102.0,592.0,1213.0,738.0,,,,,,,,
37004,19:38.500,19:38.527,2,676.0,626.0,801.0,782.0,1755.0,689.0,1931.0,894.0,,,,
37019,19:39.000,19:39.028,2,1524.0,668.0,1674.0,882.0,410.0,615.0,545.0,777.0,,,,
37034,19:39.500,19:39.528,2,1459.0,660.0,1608.0,878.0,310.0,608.0,452.0,775.0,,,,
37049,19:40.000,19:40.028,2,296.0,605.0,435.0,770.0,1448.0,657.0,1597.0,875.0,,,,
37064,19:40.500,19:40.528,2,1451.0,640.0,1600.0,855.0,275.0,604.0,419.0,768.0,,,,
37079,19:41.000,19:41.028,2,1439.0,633.0,1585.0,852.0,254.0,610.0,399.0,776.0,,,,
37094,19:41.500,19:41.528,2,1452.0,637.0,1598.0,850.0,265.0,612.0,409.0,778.0,,,,
37109,19:42.000,19:42.028,2,326.0,593.0,467.0,759.0,1511.0,595.0,1660.0,815.0,,,,
37124,19:42.500,19:42.520,2,1529.0,579.0,1681.0,801.0,343.0,587.0,481.0,752.0,,,,
37139,19:43.000,19:43.022,2,1537.0,568.0,1697.0,789.0,346.0,584.0,485.0,748.0,,,,
37154,19:43.500,19:43.522,2,1567.0,578.0,1730.0,804.0,380.0,610.0,518.0,768.0,,,,
37169,19:44.000,19:44.022,2,998.0,694.0,1111.0,838.0,2261.0,643.0,2471.0,909.0,,,,
37184,19:44.500,19:44.522,1,1201.0,743.0,1313.0,886.0,,,,,,,,
37199,19:45.000,19:45.022,1,1237.0,721.0,1351.0,864.0,,,,,,,,
37214,19:45.500,19:45.522,1,1188.0,738.0,1300.0,880.0,,,,,,,,
37229,19:46.000,19:46.022,1,1212.0,832.0,1327.0,975.0,,,,,,,,
37244,19:46.500,19:46.522,1,1228.0,802.0,1342.0,945.0,,,,,,,,
37259,19:47.000,19:47.023,1,1171.0,675.0,1287.0,821.0,,,,,,,,
37274,19:47.500,19:47.523,1,1150.0,718.0,1265.0,866.0,,,,,,,,
37289,19:48.000,19:48.023,1,1137.0,758.0,1251.0,903.0,,,,,,,,
37304,19:48.500,19:48.523,1,1162.0,695.0,1278.0,842.0,,,,,,,,
37319,19:49.000,19:49.023,2,1331.0,709.0,1449.0,860.0,-95.0,787.0,157.0,1119.0,,,,
37334,19:49.500,19:49.523,2,1336.0,687.0,1451.0,839.0,-88.0,766.0,165.0,1102.0,,,,
37349,19:50.000,19:50.023,1,1237.0,678.0,1352.0,837.0,,,,,,,,
37364,19:50.500,19:50.523,1,1157.0,702.0,1273.0,859.0,,,,,,,,
37379,19:51.000,19:51.025,2,1311.0,729.0,1428.0,883.0,-51.0,611.0,188.0,923.0,,,,
37394,19:51.500,19:51.525,2,611.0,697.0,772.0,945.0,1726.0,852.0,1861.0,1016.0,,,,
37409,19:52.000,19:52.025,2,1485.0,776.0,1613.0,930.0,319.0,605.0,504.0,876.0,,,,
37424,19:52.500,19:52.525,2,1418.0,750.0,1544.0,902.0,225.0,569.0,417.0,843.0,,,,
37439,19:53.000,19:53.025,2,1402.0,750.0,1525.0,902.0,196.0,568.0,394.0,847.0,,,,
37454,19:53.500,19:53.525,2,1389.0,729.0,1511.0,885.0,165.0,550.0,365.0,835.0,,,,
37469,19:54.000,19:54.025,2,1377.0,738.0,1498.0,889.0,174.0,544.0,374.0,829.0,,,,
37484,19:54.500,19:54.525,2,181.0,563.0,379.0,842.0,1384.0,739.0,1505.0,890.0,,,,
37499,19:55.000,19:55.027,2,1376.0,719.0,1495.0,873.0,92.0,528.0,319.0,825.0,,,,
37514,19:55.500,19:55.527,2,1352.0,725.0,1472.0,881.0,-13.0,528.0,233.0,838.0,,,,
37529,19:56.000,19:56.027,2,-6.0,504.0,237.0,814.0,1358.0,712.0,1478.0,866.0,,,,
37544,19:56.500,19:56.527,2,1360.0,705.0,1480.0,855.0,57.0,502.0,288.0,803.0,,,,
37559,19:57.000,19:57.027,2,1374.0,708.0,1494.0,864.0,173.0,537.0,371.0,823.0,,,,
37574,19:57.500,19:57.527,2,184.0,533.0,378.0,820.0,1384.0,700.0,1506.0,859.0,,,,
37589,19:58.000,19:58.027,2,1399.0,689.0,1521.0,845.0,185.0,547.0,385.0,832.0,,,,
37604,19:58.500,19:58.527,2,1343.0,677.0,1461.0,833.0,17.0,529.0,249.0,831.0,,,,
37619,19:59.000,19:59.028,2,-20.0,568.0,216.0,871.0,1325.0,702.0,1441.0,855.0,,,,
37634,19:59.500,19:59.528,2,1334.0,699.0,1452.0,849.0,-31.0,600.0,201.0,898.0,,,,
37649,20:00.000,20:00.028,2,1313.0,663.0,1426.0,810.0,-92.0,666.0,141.0,970.0,,,,
37664,20:00.500,20:00.528,2,1297.0,752.0,1417.0,902.0,-58.0,954.0,187.0,1245.0,,,,
37679,20:01.000,20:01.028,2,1300.0,700.0,1420.0,849.0,-51.0,880.0,192.0,1169.0,,,,
37694,20:01.500,20:01.528,1,1144.0,673.0,1265.0,823.0,,,,,,,,
37709,20:02.000,20:02.028,1,1186.0,586.0,1306.0,737.0,,,,,,,,
37724,20:02.500,20:02.520,1,1157.0,594.0,1276.0,745.0,,,,,,,,
37739,20:03.000,20:03.022,1,1185.0,668.0,1302.0,816.0,,,,,,,,
37754,20:03.500,20:03.522,1,1196.0,624.0,1310.0,769.0,,,,,,,,
37769,20:04.000,20:04.022,1,1167.0,665.0,1281.0,810.0,,,,,,,,
37784,20:04.500,20:04.522,1,1172.0,670.0,1286.0,815.0,,,,,,,,
37799,20:05.000,20:05.022,1,1052.0,633.0,1171.0,777.0,,,,,,,,
37814,20:05.500,20:05.522,2,984.0,774.0,1104.0,919.0,2266.0,380.0,2491.0,681.0,,,,
37829,20:06.000,20:06.022,1,1005.0,692.0,1128.0,843.0,,,,,,,,
37844,20:06.500,20:06.522,1,1026.0,682.0,1144.0,832.0,,,,,,,,
37859,20:07.000,20:07.023,1,1043.0,679.0,1160.0,827.0,,,,,,,,
37874,20:07.500,20:07.523,2,669.0,722.0,853.0,983.0,1890.0,703.0,2035.0,874.0,,,,
37889,20:08.000,20:08.023,2,808.0,749.0,977.0,1008.0,2036.0,779.0,2195.0,954.0,,,,
37904,20:08.500,20:08.523,2,692.0,659.0,817.0,818.0,1900.0,794.0,2091.0,1031.0,,,,
37919,20:09.000,20:09.023,2,1479.0,770.0,1632.0,992.0,215.0,579.0,377.0,758.0,,,,
37934,20:09.500,20:09.523,2,417.0,557.0,559.0,726.0,1625.0,738.0,1786.0,961.0,,,,
37949,20:10.000,20:10.023,2,738.0,547.0,859.0,704.0,1889.0,727.0,2048.0,959.0,,,,
37964,20:10.500,20:10.523,2,847.0,513.0,965.0,669.0,2013.0,698.0,2187.0,932.0,,,,
37979,20:11.000,20:11.025,2,899.0,532.0,1012.0,681.0,2071.0,706.0,2252.0,946.0,,,,
37994,20:11.500,20:11.525,2,900.0,546.0,1014.0,697.0,2072.0,720.0,2250.0,964.0,,,,
38009,20:12.000,20:12.025,2,903.0,565.0,1019.0,718.0,2082.0,750.0,2269.0,991.0,,,,
38024,20:12.500,20:12.525,2,855.0,587.0,972.0,741.0,2012.0,788.0,2188.0,1025.0,,,,
38039,20:13.000,20:13.025,2,865.0,649.0,979.0,796.0,2033.0,843.0,2207.0,1087.0,,,,
38054,20:13.500,20:13.525,2,631.0,586.0,758.0,737.0,1792.0,806.0,1952.0,1029.0,,,,
38069,20:14.000,20:14.025,2,711.0,481.0,834.0,638.0,1885.0,720.0,2062.0,954.0,,,,
38084,20:14.500,20:14.525,1,1137.0,704.0,1301.0,970.0,,,,,,,,
38099,20:15.000,20:15.027,1,1406.0,724.0,1574.0,995.0,,,,,,,,
38114,20:15.500,20:15.527,1,1387.0,719.0,1554.0,985.0,,,,,,,,
38129,20:16.000,20:16.027,1,1286.0,646.0,1449.0,911.0,,,,,,,,
38144,20:16.500,20:16.527,2,1009.0,590.0,1179.0,867.0,2276.0,918.0,2425.0,1094.0,,,,
38159,20:17.000,20:17.027,1,1070.0,567.0,1242.0,843.0,,,,,,,,
38174,20:17.500,20:17.527,1,1051.0,541.0,1217.0,825.0,,,,,,,,
38189,20:18.000,20:18.027,2,1036.0,592.0,1198.0,852.0,2252.0,856.0,2411.0,1039.0,,,,
38204,20:18.500,20:18.528,2,579.0,493.0,755.0,770.0,1735.0,679.0,1859.0,833.0,,,,
38219,20:19.000,20:19.028,2,1348.0,648.0,1457.0,794.0,40.0,468.0,289.0,791.0,,,,
38234,20:19.500,20:19.528,2,-21.0,429.0,226.0,767.0,1306.0,630.0,1415.0,775.0,,,,
38249,20:20.000,20:20.028,1,1223.0,636.0,1333.0,780.0,,,,,,,,
38264,20:20.500,20:20.528,1,1223.0,631.0,1331.0,774.0,,,,,,,,
38279,20:21.000,20:21.028,2,1237.0,622.0,1343.0,766.0,-107.0,494.0,127.0,827.0,,,,
38294,20:21.500,20:21.520,2,1257.0,599.0,1364.0,742.0,-96.0,474.0,153.0,807.0,,,,
38309,20:22.000,20:22.020,2,1271.0,596.0,1380.0,741.0,-94.0,472.0,154.0,816.0,,,,
38324,20:22.500,20:22.522,2,482.0,533.0,676.0,829.0,1684.0,646.0,1807.0,800.0,,,,
38339,20:23.000,20:23.022,2,696.0,512.0,874.0,789.0,1891.0,589.0,2027.0,752.0,,,,
38354,20:23.500,20:23.522,2,667.0,539.0,847.0,816.0,1851.0,594.0,1986.0,756.0,,,,
38369,20:24.000,20:24.022,2,674.0,548.0,851.0,821.0,1850.0,586.0,1985.0,749.0,,,,
38384,20:24.500,20:24.522,2,694.0,561.0,864.0,833.0,1865.0,594.0,1998.0,755.0,,,,
38399,20:25.000,20:25.022,2,699.0,551.0,870.0,827.0,1870.0,583.0,2005.0,748.0,,,,
38414,20:25.500,20:25.522,2,1844.0,574.0,1977.0,735.0,670.0,544.0,847.0,824.0,,,,
38429,20:26.000,20:26.022,2,1865.0,570.0,2006.0,734.0,691.0,552.0,862.0,828.0,,,,
38444,20:26.500,20:26.523,2,343.0,590.0,542.0,874.0,1566.0,585.0,1687.0,736.0,,,,
38459,20:27.000,20:27.023,2,236.0,679.0,451.0,968.0,1480.0,636.0,1598.0,780.0,,,,
38474,20:27.500,20:27.523,2,168.0,699.0,395.0,1000.0,1445.0,647.0,1557.0,790.0,,,,
38489,20:28.000,20:28.023,2,458.0,723.0,635.0,1004.0,1588.0,672.0,1704.0,815.0,,,,
38504,20:28.500,20:28.523,2,590.0,695.0,762.0,973.0,1710.0,662.0,1835.0,809.0,,,,
38519,20:29.000,20:29.023,2,537.0,694.0,720.0,961.0,1690.0,656.0,1810.0,805.0,,,,
38534,20:29.500,20:29.523,2,512.0,692.0,689.0,952.0,1652.0,647.0,1773.0,793.0,,,,
38549,20:30.000,20:30.023,2,343.0,710.0,538.0,986.0,1508.0,649.0,1625.0,795.0,,,,
38564,20:30.500,20:30.525,2,1295.0,640.0,1403.0,779.0,-18.0,704.0,224.0,1009.0,,,,
38579,20:31.000,20:31.025,2,1270.0,634.0,1379.0,771.0,-63.0,706.0,183.0,1015.0,,,,
38594,20:31.500,20:31.525,2,1278.0,626.0,1385.0,766.0,-56.0,701.0,192.0,1009.0,,,,
38609,20:32.000,20:32.025,2,1273.0,604.0,1383.0,747.0,-70.0,681.0,175.0,989.0,,,,
38624,20:32.500,20:32.525,2,1262.0,580.0,1373.0,723.0,-78.0,661.0,175.0,986.0,,,,
38639,20:33.000,20:33.025,2,1250.0,559.0,1361.0,706.0,-60.0,641.0,183.0,951.0,,,,
38654,20:33.500,20:33.525,1,1184.0,546.0,1295.0,692.0,,,,,,,,
38669,20:34.000,20:34.025,1,1174.0,550.0,1286.0,697.0,,,,,,,,
38684,20:34.500,20:34.527,1,1158.0,564.0,1270.0,708.0,,,,,,,,
38699,20:35.000,20:35.027,1,1157.0,571.0,1268.0,718.0,,,,,,,,
38714,20:35.500,20:35.527,1,1154.0,600.0,1265.0,742.0,,,,,,,,
38729,20:36.000,20:36.027,1,1151.0,656.0,1260.0,798.0,,,,,,,,
38744,20:36.500,20:36.527,1,1144.0,611.0,1257.0,757.0,,,,,,,,
38759,20:37.000,20:37.027,1,1153.0,655.0,1264.0,798.0,,,,,,,,
38774,20:37.500,20:37.527,1,1132.0,671.0,1244.0,812.0,,,,,,,,
38789,20:38.000,20:38.027,1,1131.0,693.0,1238.0,832.0,,,,,,,,
38804,20:38.500,20:38.528,1,1049.0,726.0,1157.0,867.0,,,,,,,,
38819,20:39.000,20:39.028,1,996.0,734.0,1108.0,877.0,,,,,,,,
38834,20:39.500,20:39.528,1,1060.0,714.0,1167.0,855.0,,,,,,,,
38849,20:40.000,20:40.028,1,1063.0,698.0,1169.0,837.0,,,,,,,,
38864,20:40.500,20:40.520,1,1065.0,688.0,1173.0,829.0,,,,,,,,
38879,20:41.000,20:41.020,1,1072.0,687.0,1178.0,827.0,,,,,,,,
38894,20:41.500,20:41.520,1,1098.0,677.0,1206.0,819.0,,,,,,,,
38909,20:42.000,20:42.020,1,1137.0,675.0,1244.0,818.0,,,,,,,,
38924,20:42.500,20:42.522,1,1145.0,680.0,1253.0,822.0,,,,,,,,
38939,20:43.000,20:43.022,1,1146.0,675.0,1259.0,824.0,,,,,,,,
38954,20:43.500,20:43.522,1,1146.0,693.0,1262.0,847.0,,,,,,,,
38969,20:44.000,20:44.022,1,1153.0,703.0,1266.0,850.0,,,,,,,,
38984,20:44.500,20:44.522,1,1147.0,711.0,1260.0,857.0,,,,,,,,
38999,20:45.000,20:45.022,1,1160.0,707.0,1274.0,847.0,,,,,,,,
39014,20:45.500,20:45.522,1,1150.0,701.0,1267.0,848.0,,,,,,,,
39029,20:46.000,20:46.022,2,569.0,692.0,700.0,852.0,1796.0,706.0,1961.0,932.0,,,,
39044,20:46.500,20:46.523,2,1609.0,742.0,1761.0,957.0,353.0,694.0,498.0,863.0,,,,
39059,20:47.000,20:47.023,2,1515.0,745.0,1663.0,961.0,252.0,651.0,407.0,824.0,,,,
39074,20:47.500,20:47.523,2,1492.0,729.0,1638.0,946.0,216.0,633.0,374.0,805.0,,,,
39089,20:48.000,20:48.023,2,1554.0,660.0,1706.0,883.0,296.0,577.0,449.0,750.0,,,,
39104,20:48.500,20:48.523,2,403.0,629.0,548.0,793.0,1646.0,654.0,1805.0,881.0,,,,
39119,20:49.000,20:49.023,2,814.0,667.0,935.0,820.0,2079.0,655.0,2283.0,909.0,,,,
39134,20:49.500,20:49.523,2,2224.0,649.0,2441.0,916.0,912.0,709.0,1034.0,860.0,,,,
39149,20:50.000,20:50.023,1,1017.0,732.0,1133.0,881.0,,,,,,,,
39164,20:50.500,20:50.525,1,1111.0,740.0,1227.0,889.0,,,,,,,,
39179,20:51.000,20:51.025,1,1122.0,700.0,1242.0,853.0,,,,,,,,
39194,20:51.500,20:51.525,1,1153.0,727.0,1271.0,881.0,,,,,,,,
39209,20:52.000,20:52.025,1,1104.0,764.0,1219.0,914.0,,,,,,,,
39224,20:52.500,20:52.525,1,1058.0,737.0,1177.0,889.0,,,,,,,,
39239,20:53.000,20:53.025,1,1077.0,833.0,1194.0,985.0,,,,,,,,
39254,20:53.500,20:53.525,1,1093.0,770.0,1213.0,921.0,,,,,,,,
39269,20:54.000,20:54.025,1,1015.0,819.0,1135.0,970.0,,,,,,,,
39284,20:54.500,20:54.527,1,1049.0,744.0,1170.0,894.0,,,,,,,,
39299,20:55.000,20:55.027,1,1016.0,780.0,1141.0,931.0,,,,,,,,
39314,20:55.500,20:55.527,1,1103.0,772.0,1223.0,923.0,,,,,,,,
39329,20:56.000,20:56.027,1,1062.0,763.0,1191.0,916.0,,,,,,,,
39344,20:56.500,20:56.527,1,1083.0,752.0,1210.0,903.0,,,,,,,,
39359,20:57.000,20:57.027,1,1102.0,737.0,1225.0,885.0,,,,,,,,
39374,20:57.500,20:57.527,1,1106.0,719.0,1222.0,865.0,,,,,,,,
39389,20:58.000,20:58.027,1,1070.0,715.0,1191.0,866.0,,,,,,,,
39404,20:58.500,20:58.528,1,1004.0,695.0,1131.0,848.0,,,,,,,,
39419,20:59.000,20:59.028,1,1001.0,716.0,1129.0,867.0,,,,,,,,
39434,20:59.500,20:59.520,1,1076.0,715.0,1192.0,868.0,,,,,,,,
39449,21:00.000,21:00.020,2,1322.0,762.0,1438.0,911.0,-5.0,484.0,248.0,823.0,,,,
39464,21:00.500,21:00.520,2,734.0,650.0,911.0,932.0,1903.0,840.0,2050.0,1007.0,,,,
39479,21:01.000,21:01.020,2,672.0,617.0,852.0,897.0,1854.0,770.0,1995.0,937.0,,,,
39494,21:01.500,21:01.520,2,232.0,517.0,458.0,829.0,1499.0,675.0,1620.0,830.0,,,,
39509,21:02.000,21:02.020,2,1273.0,798.0,1391.0,950.0,-106.0,580.0,132.0,923.0,,,,
39524,21:02.500,21:02.522,1,1135.0,691.0,1250.0,846.0,,,,,,,,
39539,21:03.000,21:03.022,1,1142.0,640.0,1258.0,793.0,,,,,,,,
39554,21:03.500,21:03.522,1,1145.0,627.0,1261.0,779.0,,,,,,,,
39569,21:04.000,21:04.022,1,1100.0,600.0,1214.0,751.0,,,,,,,,
39584,21:04.500,21:04.522,1,1074.0,601.0,1188.0,750.0,,,,,,,,
39599,21:05.000,21:05.022,1,1067.0,654.0,1183.0,808.0,,,,,,,,
39614,21:05.500,21:05.522,1,1093.0,694.0,1209.0,847.0,,,,,,,,
39629,21:06.000,21:06.022,1,1098.0,701.0,1213.0,856.0,,,,,,,,
39644,21:06.500,21:06.523,1,1092.0,700.0,1208.0,857.0,,,,,,,,
39659,21:07.000,21:07.023,1,1091.0,710.0,1205.0,863.0,,,,,,,,
39674,21:07.500,21:07.523,1,1081.0,687.0,1197.0,846.0,,,,,,,,
39689,21:08.000,21:08.023,1,1090.0,674.0,1204.0,826.0,,,,,,,,
39704,21:08.500,21:08.523,1,1085.0,664.0,1202.0,815.0,,,,,,,,
39719,21:09.000,21:09.023,1,1105.0,692.0,1218.0,845.0,,,,,,,,
39734,21:09.500,21:09.523,1,1109.0,737.0,1221.0,886.0,,,,,,,,
39749,21:10.000,21:10.023,1,1101.0,749.0,1214.0,897.0,,,,,,,,
39764,21:10.500,21:10.525,2,624.0,753.0,753.0,911.0,1837.0,862.0,2006.0,1091.0,,,,
39779,21:11.000,21:11.025,2,821.0,778.0,943.0,933.0,2111.0,781.0,2329.0,1044.0,,,,
39794,21:11.500,21:11.525,1,1033.0,717.0,1153.0,871.0,,,,,,,,
39809,21:12.000,21:12.025,1,1082.0,1060.0,1202.0,1214.0,,,,,,,,
39824,21:12.500,21:12.525,1,1078.0,824.0,1197.0,978.0,,,,,,,,
39839,21:13.000,21:13.025,1,1137.0,730.0,1267.0,896.0,,,,,,,,
39854,21:13.500,21:13.525,1,1024.0,707.0,1153.0,874.0,,,,,,,,
39869,21:14.000,21:14.025,1,1073.0,651.0,1191.0,809.0,,,,,,,,
39884,21:14.500,21:14.527,1,1106.0,509.0,1221.0,665.0,,,,,,,,
39899,21:15.000,21:15.027,1,1163.0,543.0,1277.0,700.0,,,,,,,,
39914,21:15.500,21:15.527,1,1179.0,515.0,1293.0,674.0,,,,,,,,
39929,21:16.000,21:16.027,1,1211.0,450.0,1326.0,607.0,,,,,,,,
39944,21:16.500,21:16.527,1,1207.0,391.0,1324.0,549.0,,,,,,,,
39959,21:17.000,21:17.027,1,1173.0,110.0,1298.0,261.0,,,,,,,,
39974,21:17.500,21:17.527,0,,,,,,,,,,,,
39989,21:18.000,21:18.027,0,,,,,,,,,,,,
40004,21:18.500,21:18.528,2,731.0,287.0,911.0,555.0,1992.0,129.0,2152.0,326.0,,,,
40019,21:19.000,21:19.020,2,952.0,624.0,1113.0,864.0,2189.0,570.0,2350.0,744.0,,,,
40034,21:19.500,21:19.520,2,972.0,641.0,1130.0,886.0,2198.0,643.0,2352.0,818.0,,,,
40049,21:20.000,21:20.020,2,993.0,613.0,1151.0,862.0,2219.0,627.0,2375.0,801.0,,,,
40064,21:20.500,21:20.520,2,395.0,662.0,584.0,935.0,1568.0,643.0,1689.0,796.0,,,,
40079,21:21.000,21:21.020,2,1303.0,834.0,1416.0,975.0,-67.0,891.0,184.0,1220.0,,,,
40094,21:21.500,21:21.520,1,1173.0,633.0,1290.0,783.0,,,,,,,,
40109,21:22.000,21:22.020,1,1136.0,429.0,1253.0,583.0,,,,,,,,
40124,21:22.500,21:22.522,1,986.0,259.0,1107.0,426.0,,,,,,,,
40139,21:23.000,21:23.022,2,904.0,305.0,1029.0,472.0,2213.0,424.0,2436.0,692.0,,,,
40154,21:23.500,21:23.522,2,1648.0,640.0,1811.0,864.0,438.0,497.0,574.0,665.0,,,,
40169,21:24.000,21:24.022,2,1565.0,718.0,1716.0,933.0,347.0,595.0,485.0,762.0,,,,
40184,21:24.500,21:24.522,2,1615.0,730.0,1773.0,955.0,414.0,618.0,545.0,781.0,,,,
40199,21:25.000,21:25.022,2,1709.0,762.0,1874.0,983.0,526.0,656.0,652.0,816.0,,,,
40214,21:25.500,21:25.522,2,1785.0,769.0,1954.0,999.0,602.0,684.0,724.0,840.0,,,,
40229,21:26.000,21:26.022,2,812.0,674.0,925.0,822.0,2011.0,756.0,2207.0,1002.0,,,,
40244,21:26.500,21:26.523,2,2022.0,733.0,2215.0,979.0,823.0,661.0,934.0,808.0,,,,
40259,21:27.000,21:27.023,2,814.0,676.0,925.0,823.0,2015.0,745.0,2208.0,991.0,,,,
40274,21:27.500,21:27.523,2,2027.0,761.0,2221.0,1008.0,824.0,694.0,936.0,842.0,,,,
40289,21:28.000,21:28.023,2,826.0,700.0,937.0,848.0,2030.0,764.0,2223.0,1012.0,,,,
40304,21:28.500,21:28.523,2,2038.0,759.0,2231.0,1008.0,833.0,696.0,945.0,843.0,,,,
40319,21:29.000,21:29.023,2,2170.0,741.0,2383.0,1003.0,932.0,685.0,1038.0,829.0,,,,
40334,21:29.500,21:29.523,2,2196.0,723.0,2398.0,983.0,946.0,669.0,1053.0,814.0,,,,
40349,21:30.000,21:30.023,2,2192.0,715.0,2395.0,972.0,946.0,665.0,1051.0,809.0,,,,
40364,21:30.500,21:30.525,2,2193.0,701.0,2399.0,962.0,947.0,663.0,1052.0,806.0,,,,
40379,21:31.000,21:31.025,2,977.0,664.0,1081.0,807.0,2240.0,712.0,2444.0,968.0,,,,
40394,21:31.500,21:31.525,1,1041.0,629.0,1147.0,774.0,,,,,,,,
40409,21:32.000,21:32.025,1,1066.0,637.0,1170.0,781.0,,,,,,,,
40424,21:32.500,21:32.525,1,1096.0,721.0,1207.0,868.0,,,,,,,,
40439,21:33.000,21:33.025,1,1070.0,701.0,1183.0,850.0,,,,,,,,
40454,21:33.500,21:33.525,1,1076.0,703.0,1187.0,852.0,,,,,,,,
40469,21:34.000,21:34.025,1,1052.0,713.0,1164.0,860.0,,,,,,,,
40484,21:34.500,21:34.527,1,1109.0,580.0,1222.0,728.0,,,,,,,,
40499,21:35.000,21:35.027,2,931.0,523.0,1049.0,675.0,2242.0,444.0,2465.0,718.0,,,,
40514,21:35.500,21:35.527,2,1974.0,324.0,2190.0,590.0,713.0,521.0,845.0,680.0,,,,
40529,21:36.000,21:36.027,2,851.0,547.0,979.0,703.0,2159.0,330.0,2398.0,610.0,,,,
40544,21:36.500,21:36.527,2,2140.0,389.0,2378.0,663.0,826.0,646.0,958.0,794.0,,,,
40559,21:37.000,21:37.027,1,1019.0,569.0,1139.0,729.0,,,,,,,,
40574,21:37.500,21:37.527,1,1022.0,573.0,1142.0,735.0,,,,,,,,
40589,21:38.000,21:38.027,1,1036.0,568.0,1157.0,724.0,,,,,,,,
40604,21:38.500,21:38.520,1,1035.0,586.0,1155.0,740.0,,,,,,,,
40619,21:39.000,21:39.020,1,1104.0,648.0,1221.0,794.0,,,,,,,,
40634,21:39.500,21:39.520,1,1044.0,637.0,1162.0,792.0,,,,,,,,
40649,21:40.000,21:40.020,1,1092.0,617.0,1211.0,770.0,,,,,,,,
40664,21:40.500,21:40.520,1,1099.0,660.0,1214.0,816.0,,,,,,,,
40679,21:41.000,21:41.020,1,1018.0,823.0,1136.0,975.0,,,,,,,,
40694,21:41.500,21:41.520,1,1030.0,982.0,1151.0,1126.0,,,,,,,,
40709,21:42.000,21:42.020,1,1018.0,1005.0,1141.0,1154.0,,,,,,,,
40724,21:42.500,21:42.522,1,1056.0,903.0,1176.0,1048.0,,,,,,,,
40739,21:43.000,21:43.022,1,1002.0,815.0,1123.0,970.0,,,,,,,,
40754,21:43.500,21:43.522,1,1081.0,810.0,1199.0,962.0,,,,,,,,
40769,21:44.000,21:44.022,1,1027.0,807.0,1146.0,965.0,,,,,,,,
40784,21:44.500,21:44.522,1,1020.0,771.0,1136.0,922.0,,,,,,,,
40799,21:45.000,21:45.022,1,1034.0,715.0,1149.0,862.0,,,,,,,,
40814,21:45.500,21:45.522,1,1028.0,725.0,1146.0,877.0,,,,,,,,
40829,21:46.000,21:46.022,1,1000.0,756.0,1118.0,903.0,,,,,,,,
40844,21:46.500,21:46.523,1,995.0,785.0,1112.0,931.0,,,,,,,,
40859,21:47.000,21:47.023,1,1033.0,688.0,1147.0,838.0,,,,,,,,
40874,21:47.500,21:47.523,1,1097.0,752.0,1201.0,900.0,,,,,,,,
40889,21:48.000,21:48.023,1,1103.0,676.0,1216.0,827.0,,,,,,,,
40904,21:48.500,21:48.523,1,1160.0,768.0,1274.0,913.0,,,,,,,,
40919,21:49.000,21:49.023,2,1856.0,690.0,2039.0,935.0,700.0,913.0,828.0,1076.0,,,,
40934,21:49.500,21:49.523,2,1661.0,761.0,1821.0,989.0,486.0,969.0,630.0,1140.0,,,,
40949,21:50.000,21:50.025,2,1610.0,818.0,1768.0,1040.0,421.0,1043.0,569.0,1213.0,,,,
40964,21:50.500,21:50.525,2,1709.0,824.0,1875.0,1052.0,544.0,1044.0,681.0,1211.0,,,,
40979,21:51.000,21:51.025,2,2119.0,687.0,2337.0,944.0,875.0,773.0,989.0,920.0,,,,
40994,21:51.500,21:51.525,2,988.0,702.0,1100.0,849.0,2278.0,585.0,2483.0,855.0,,,,
41009,21:52.000,21:52.025,1,1007.0,855.0,1124.0,1005.0,,,,,,,,
41024,21:52.500,21:52.525,1,1023.0,841.0,1138.0,992.0,,,,,,,,
41039,21:53.000,21:53.025,1,992.0,638.0,1109.0,786.0,,,,,,,,
41054,21:53.500,21:53.525,1,1042.0,782.0,1161.0,928.0,,,,,,,,
41069,21:54.000,21:54.027,1,1068.0,766.0,1185.0,911.0,,,,,,,,
41084,21:54.500,21:54.527,1,1084.0,733.0,1199.0,881.0,,,,,,,,
41099,21:55.000,21:55.027,1,1121.0,723.0,1237.0,872.0,,,,,,,,
41114,21:55.500,21:55.527,1,1112.0,730.0,1225.0,878.0,,,,,,,,
41129,21:56.000,21:56.027,1,1117.0,709.0,1230.0,859.0,,,,,,,,
41144,21:56.500,21:56.527,1,1120.0,699.0,1233.0,851.0,,,,,,,,
41159,21:57.000,21:57.027,1,1145.0,692.0,1261.0,847.0,,,,,,,,
41174,21:57.500,21:57.527,2,249.0,733.0,446.0,1020.0,1409.0,672.0,1520.0,821.0,,,,
41189,21:58.000,21:58.028,2,623.0,712.0,801.0,983.0,1748.0,717.0,1874.0,873.0,,,,
41204,21:58.500,21:58.520,2,737.0,702.0,911.0,963.0,1898.0,737.0,2031.0,904.0,,,,
41219,21:59.000,21:59.020,2,792.0,692.0,963.0,953.0,1959.0,745.0,2096.0,913.0,,,,
41234,21:59.500,21:59.520,2,754.0,680.0,924.0,942.0,1911.0,728.0,2045.0,891.0,,,,
41249,22:00.000,22:00.020,2,630.0,672.0,809.0,939.0,1782.0,725.0,1909.0,884.0,,,,
41264,22:00.500,22:00.520,2,184.0,629.0,407.0,920.0,1440.0,682.0,1555.0,833.0,,,,
41279,22:01.000,22:01.020,2,-3.0,542.0,247.0,866.0,1323.0,690.0,1435.0,838.0,,,,
41294,22:01.500,22:01.520,2,486.0,489.0,688.0,785.0,1599.0,894.0,1723.0,1045.0,,,,
41309,22:02.000,22:02.022,2,741.0,529.0,923.0,806.0,1836.0,969.0,1979.0,1129.0,,,,
41324,22:02.500,22:02.522,2,720.0,522.0,897.0,811.0,1838.0,920.0,1981.0,1078.0,,,,
41339,22:03.000,22:03.022,2,1842.0,873.0,1986.0,1034.0,718.0,512.0,895.0,789.0,,,,
41354,22:03.500,22:03.522,2,905.0,594.0,1068.0,866.0,2075.0,877.0,2237.0,1046.0,,,,
41369,22:04.000,22:04.022,2,962.0,615.0,1124.0,874.0,2142.0,877.0,2303.0,1047.0,,,,
41384,22:04.500,22:04.522,2,962.0,637.0,1129.0,896.0,2136.0,883.0,2293.0,1053.0,,,,
41399,22:05.000,22:05.022,2,956.0,642.0,1124.0,898.0,2127.0,885.0,2278.0,1052.0,,,,
41414,22:05.500,22:05.522,2,932.0,649.0,1093.0,913.0,2092.0,871.0,2237.0,1035.0,,,,
41429,22:06.000,22:06.023,2,916.0,689.0,1085.0,945.0,2088.0,876.0,2235.0,1040.0,,,,
41444,22:06.500,22:06.523,2,908.0,740.0,1071.0,989.0,2100.0,736.0,2250.0,902.0,,,,
41459,22:07.000,22:07.023,2,900.0,729.0,1064.0,974.0,2109.0,635.0,2260.0,813.0,,,,
41474,22:07.500,22:07.523,2,888.0,727.0,1053.0,981.0,2088.0,602.0,2240.0,771.0,,,,
41489,22:08.000,22:08.023,2,877.0,707.0,1038.0,951.0,2074.0,601.0,2225.0,771.0,,,,
41504,22:08.500,22:08.523,2,882.0,679.0,1039.0,932.0,2063.0,572.0,2215.0,749.0,,,,
41519,22:09.000,22:09.023,2,870.0,676.0,1032.0,923.0,2068.0,571.0,2219.0,745.0,,,,
41534,22:09.500,22:09.523,2,834.0,646.0,998.0,888.0,2029.0,516.0,2176.0,691.0,,,,
41549,22:10.000,22:10.025,2,836.0,664.0,1002.0,914.0,2029.0,540.0,2176.0,713.0,,,,
41564,22:10.500,22:10.525,2,819.0,646.0,985.0,892.0,2017.0,502.0,2166.0,679.0,,,,
41579,22:11.000,22:11.025,2,815.0,666.0,979.0,920.0,2009.0,520.0,2159.0,704.0,,,,
41594,22:11.500,22:11.525,2,731.0,692.0,904.0,942.0,1908.0,546.0,2049.0,717.0,,,,
41609,22:12.000,22:12.025,2,657.0,710.0,832.0,956.0,1823.0,543.0,1961.0,716.0,,,,
41624,22:12.500,22:12.525,2,352.0,710.0,554.0,977.0,1543.0,533.0,1666.0,690.0,,,,
41639,22:13.000,22:13.025,2,248.0,757.0,460.0,1027.0,1448.0,579.0,1565.0,730.0,,,,
41654,22:13.500,22:13.525,2,290.0,768.0,498.0,1037.0,1476.0,595.0,1593.0,744.0,,,,
41669,22:14.000,22:14.027,2,405.0,780.0,599.0,1040.0,1567.0,605.0,1685.0,757.0,,,,
41684,22:14.500,22:14.527,2,347.0,770.0,550.0,1034.0,1538.0,607.0,1663.0,767.0,,,,
41699,22:15.000,22:15.027,2,2178.0,555.0,2392.0,837.0,898.0,661.0,1012.0,808.0,,,,
41714,22:15.500,22:15.527,2,1640.0,746.0,1812.0,982.0,411.0,676.0,550.0,843.0,,,,
41729,22:16.000,22:16.027,2,1688.0,762.0,1867.0,999.0,486.0,656.0,623.0,820.0,,,,
41744,22:16.500,22:16.527,2,935.0,638.0,1051.0,792.0,2213.0,766.0,2439.0,1037.0,,,,
41759,22:17.000,22:17.027,2,990.0,666.0,1104.0,819.0,2261.0,690.0,2451.0,957.0,,,,
41774,22:17.500,22:17.527,2,856.0,732.0,974.0,886.0,2080.0,734.0,2263.0,988.0,,,,
41789,22:18.000,22:18.028,1,1027.0,772.0,1141.0,926.0,,,,,,,,
41804,22:18.500,22:18.528,1,1102.0,774.0,1215.0,925.0,,,,,,,,
41819,22:19.000,22:19.020,1,1083.0,759.0,1198.0,911.0,,,,,,,,
41834,22:19.500,22:19.520,1,1030.0,742.0,1143.0,892.0,,,,,,,,
41849,22:20.000,22:20.020,1,1051.0,732.0,1166.0,882.0,,,,,,,,
41864,22:20.500,22:20.520,1,1046.0,734.0,1160.0,887.0,,,,,,,,
41879,22:21.000,22:21.020,1,1045.0,745.0,1159.0,897.0,,,,,,,,
41894,22:21.500,22:21.520,1,1036.0,744.0,1152.0,898.0,,,,,,,,
41909,22:22.000,22:22.022,1,1025.0,718.0,1139.0,872.0,,,,,,,,
41924,22:22.500,22:22.522,1,1027.0,681.0,1141.0,835.0,,,,,,,,
41939,22:23.000,22:23.022,1,1062.0,600.0,1176.0,754.0,,,,,,,,
41954,22:23.500,22:23.522,2,484.0,600.0,672.0,883.0,1680.0,642.0,1808.0,806.0,,,,
41969,22:24.000,22:24.022,2,761.0,657.0,929.0,921.0,1958.0,688.0,2107.0,858.0,,,,
41984,22:24.500,22:24.522,2,780.0,641.0,949.0,904.0,1965.0,656.0,2118.0,830.0,,,,
41999,22:25.000,22:25.022,2,798.0,648.0,966.0,902.0,1961.0,669.0,2104.0,833.0,,,,
42014,22:25.500,22:25.522,2,796.0,642.0,964.0,892.0,1951.0,651.0,2091.0,820.0,,,,
42029,22:26.000,22:26.023,2,787.0,627.0,955.0,885.0,1934.0,640.0,2071.0,808.0,,,,
42044,22:26.500,22:26.523,2,784.0,630.0,952.0,886.0,1941.0,640.0,2078.0,808.0,,,,
42059,22:27.000,22:27.023,2,783.0,628.0,951.0,878.0,1942.0,634.0,2082.0,802.0,,,,
42074,22:27.500,22:27.523,2,773.0,621.0,941.0,874.0,1930.0,624.0,2067.0,791.0,,,,
42089,22:28.000,22:28.023,2,768.0,608.0,939.0,868.0,1922.0,611.0,2059.0,775.0,,,,
42104,22:28.500,22:28.523,2,767.0,595.0,936.0,852.0,1920.0,593.0,2057.0,759.0,,,,
42119,22:29.000,22:29.023,2,758.0,596.0,926.0,855.0,1909.0,581.0,2048.0,748.0,,,,
42134,22:29.500,22:29.523,2,647.0,603.0,821.0,860.0,1794.0,570.0,1925.0,736.0,,,,
42149,22:30.000,22:30.025,2,343.0,600.0,529.0,878.0,1491.0,562.0,1608.0,720.0,,,,
42164,22:30.500,22:30.525,2,244.0,624.0,436.0,903.0,1410.0,573.0,1524.0,723.0,,,,
42179,22:31.000,22:31.025,2,54.0,601.0,277.0,895.0,1290.0,542.0,1401.0,692.0,,,,
42194,22:31.500,22:31.525,2,1266.0,519.0,1379.0,671.0,8.0,600.0,245.0,908.0,,,,
42209,22:32.000,22:32.025,2,1248.0,536.0,1361.0,688.0,-43.0,628.0,201.0,946.0,,,,
42224,22:32.500,22:32.525,2,1232.0,563.0,1347.0,716.0,-79.0,666.0,170.0,984.0,,,,
42239,22:33.000,22:33.025,2,1214.0,591.0,1326.0,738.0,-99.0,715.0,139.0,1031.0,,,,
42254,22:33.500,22:33.525,1,1186.0,700.0,1301.0,850.0,,,,,,,,
42269,22:34.000,22:34.027,1,1171.0,723.0,1286.0,873.0,,,,,,,,
42284,22:34.500,22:34.527,1,1120.0,735.0,1240.0,887.0,,,,,,,,
42299,22:35.000,22:35.027,1,1143.0,730.0,1265.0,882.0,,,,,,,,
42314,22:35.500,22:35.527,1,1014.0,779.0,1135.0,924.0,,,,,,,,
42329,22:36.000,22:36.027,1,1081.0,751.0,1203.0,893.0,,,,,,,,
42344,22:36.500,22:36.527,2,918.0,776.0,1043.0,923.0,2180.0,322.0,2420.0,610.0,,,,
42359,22:37.000,22:37.027,2,1711.0,545.0,1895.0,786.0,501.0,881.0,648.0,1045.0,,,,
42374,22:37.500,22:37.527,2,1756.0,524.0,1948.0,767.0,562.0,905.0,704.0,1066.0,,,,
42389,22:38.000,22:38.020,2,751.0,839.0,881.0,994.0,1974.0,458.0,2196.0,724.0,,,,
42404,22:38.500,22:38.520,2,840.0,788.0,966.0,939.0,2092.0,419.0,2328.0,695.0,,,,
42419,22:39.000,22:39.020,2,2195.0,398.0,2428.0,679.0,907.0,763.0,1032.0,914.0,,,,
42434,22:39.500,22:39.520,1,987.0,719.0,1108.0,871.0,,,,,,,,
42449,22:40.000,22:40.020,1,990.0,714.0,1113.0,870.0,,,,,,,,
42464,22:40.500,22:40.520,1,1002.0,737.0,1124.0,886.0,,,,,,,,
42479,22:41.000,22:41.020,1,1007.0,740.0,1129.0,891.0,,,,,,,,
42494,22:41.500,22:41.520,1,1009.0,735.0,1131.0,884.0,,,,,,,,
42509,22:42.000,22:42.022,1,1032.0,707.0,1154.0,855.0,,,,,,,,
42524,22:42.500,22:42.522,1,1005.0,748.0,1126.0,896.0,,,,,,,,
42539,22:43.000,22:43.022,1,1045.0,766.0,1160.0,913.0,,,,,,,,
42554,22:43.500,22:43.522,1,1023.0,777.0,1139.0,924.0,,,,,,,,
42569,22:44.000,22:44.022,2,2225.0,785.0,2449.0,1053.0,925.0,688.0,1040.0,838.0,,,,
42584,22:44.500,22:44.522,2,1780.0,766.0,1970.0,1001.0,554.0,620.0,688.0,783.0,,,,
42599,22:45.000,22:45.022,2,694.0,634.0,877.0,904.0,1860.0,838.0,2001.0,1000.0,,,,
42614,22:45.500,22:45.522,2,966.0,694.0,1135.0,953.0,2156.0,1017.0,2328.0,1198.0,,,,
42629,22:46.000,22:46.023,2,820.0,652.0,994.0,921.0,1961.0,940.0,2113.0,1112.0,,,,
42644,22:46.500,22:46.523,2,381.0,494.0,593.0,793.0,1552.0,807.0,1675.0,956.0,,,,
42659,22:47.000,22:47.023,2,226.0,480.0,451.0,785.0,1449.0,767.0,1567.0,913.0,,,,
42674,22:47.500,22:47.523,2,1386.0,735.0,1502.0,883.0,120.0,467.0,365.0,786.0,,,,
42689,22:48.000,22:48.023,2,1330.0,705.0,1442.0,851.0,19.0,452.0,267.0,780.0,,,,
42704,22:48.500,22:48.523,2,1283.0,670.0,1396.0,818.0,-55.0,410.0,196.0,746.0,,,,
42719,22:49.000,22:49.023,1,1202.0,674.0,1315.0,821.0,,,,,,,,
42734,22:49.500,22:49.523,1,1192.0,692.0,1304.0,838.0,,,,,,,,
42749,22:50.000,22:50.025,1,1180.0,688.0,1294.0,840.0,,,,,,,,
42764,22:50.500,22:50.525,1,1171.0,681.0,1286.0,830.0,,,,,,,,
42779,22:51.000,22:51.025,1,1151.0,700.0,1265.0,851.0,,,,,,,,
42794,22:51.500,22:51.525,1,1145.0,669.0,1258.0,819.0,,,,,,,,
42809,22:52.000,22:52.025,2,1895.0,881.0,2090.0,1128.0,724.0,627.0,846.0,787.0,,,,
42824,22:52.500,22:52.525,2,1621.0,843.0,1790.0,1073.0,434.0,599.0,576.0,771.0,,,,
42839,22:53.000,22:53.025,2,550.0,599.0,687.0,768.0,1706.0,846.0,1853.0,1059.0,,,,
42854,22:53.500,22:53.525,2,573.0,605.0,710.0,767.0,1750.0,835.0,1895.0,1045.0,,,,
42869,22:54.000,22:54.027,2,865.0,640.0,981.0,794.0,2073.0,815.0,2249.0,1053.0,,,,
42884,22:54.500,22:54.527,2,923.0,656.0,1039.0,808.0,2138.0,863.0,2322.0,1099.0,,,,
42899,22:55.000,22:55.027,2,974.0,658.0,1089.0,808.0,2207.0,895.0,2396.0,1136.0,,,,
42914,22:55.500,22:55.527,2,1017.0,622.0,1129.0,776.0,2259.0,897.0,2448.0,1136.0,,,,
42929,22:56.000,22:56.027,2,1031.0,627.0,1146.0,782.0,2284.0,931.0,2442.0,1149.0,,,,
42944,22:56.500,22:56.527,2,1024.0,640.0,1137.0,795.0,2276.0,926.0,2455.0,1162.0,,,,
42959,22:57.000,22:57.018,2,1034.0,623.0,1147.0,781.0,2289.0,927.0,2444.0,1140.0,,,,
42974,22:57.500,22:57.518,2,1031.0,615.0,1143.0,768.0,2292.0,909.0,2446.0,1128.0,,,,
42989,22:58.000,22:58.020,2,1015.0,611.0,1128.0,760.0,2297.0,901.0,2449.0,1115.0,,,,
43004,22:58.500,22:58.520,1,1024.0,610.0,1139.0,760.0,,,,,,,,
43019,22:59.000,22:59.020,1,1024.0,598.0,1138.0,750.0,,,,,,,,
43034,22:59.500,22:59.520,1,1026.0,599.0,1140.0,750.0,,,,,,,,
43049,23:00.000,23:00.020,1,1040.0,609.0,1153.0,758.0,,,,,,,,
43064,23:00.500,23:00.520,1,1120.0,642.0,1231.0,791.0,,,,,,,,
43079,23:01.000,23:01.020,2,1241.0,690.0,1354.0,838.0,-111.0,377.0,146.0,720.0,,,,
43094,23:01.500,23:01.520,2,920.0,675.0,1090.0,943.0,2084.0,974.0,2244.0,1149.0,,,,
43109,23:02.000,23:02.022,2,947.0,678.0,1118.0,941.0,2117.0,985.0,2285.0,1159.0,,,,
43124,23:02.500,23:02.522,2,930.0,666.0,1100.0,935.0,2089.0,965.0,2255.0,1141.0,,,,
43139,23:03.000,23:03.022,2,903.0,668.0,1073.0,937.0,2051.0,965.0,2210.0,1143.0,,,,
43154,23:03.500,23:03.522,2,873.0,673.0,1042.0,937.0,2015.0,957.0,2170.0,1130.0,,,,
43169,23:04.000,23:04.022,2,881.0,672.0,1051.0,938.0,2024.0,955.0,2181.0,1129.0,,,,
43184,23:04.500,23:04.522,2,876.0,664.0,1043.0,932.0,2020.0,932.0,2174.0,1102.0,,,,
43199,23:05.000,23:05.022,2,859.0,655.0,1030.0,922.0,2007.0,909.0,2159.0,1076.0,,,,
43214,23:05.500,23:05.522,2,856.0,651.0,1028.0,911.0,2003.0,898.0,2157.0,1068.0,,,,
43229,23:06.000,23:06.023,2,850.0,650.0,1023.0,915.0,1997.0,890.0,2151.0,1059.0,,,,
43244,23:06.500,23:06.523,2,843.0,640.0,1012.0,898.0,1989.0,855.0,2142.0,1025.0,,,,
43259,23:07.000,23:07.023,2,481.0,599.0,673.0,878.0,1633.0,732.0,1760.0,891.0,,,,
43274,23:07.500,23:07.523,2,102.0,629.0,338.0,932.0,1362.0,680.0,1480.0,831.0,,,,
43289,23:08.000,23:08.023,2,29.0,726.0,274.0,1028.0,1317.0,716.0,1433.0,865.0,,,,
43304,23:08.500,23:08.523,2,91.0,813.0,328.0,1116.0,1351.0,771.0,1470.0,920.0,,,,
43319,23:09.000,23:09.023,2,-22.0,866.0,221.0,1179.0,1270.0,765.0,1390.0,913.0,,,,
43334,23:09.500,23:09.525,1,1165.0,702.0,1287.0,850.0,,,,,,,,
43349,23:10.000,23:10.025,1,1130.0,686.0,1250.0,837.0,,,,,,,,
43364,23:10.500,23:10.525,1,1088.0,683.0,1209.0,833.0,,,,,,,,
43379,23:11.000,23:11.025,2,2186.0,584.0,2379.0,843.0,901.0,743.0,1023.0,890.0,,,,
43394,23:11.500,23:11.525,2,327.0,731.0,481.0,908.0,1593.0,805.0,1738.0,1017.0,,,,
43409,23:12.000,23:12.025,2,337.0,696.0,491.0,873.0,1595.0,814.0,1737.0,1029.0,,,,
43424,23:12.500,23:12.525,2,413.0,708.0,569.0,879.0,1680.0,821.0,1822.0,1032.0,,,,
43439,23:13.000,23:13.025,2,2123.0,808.0,2306.0,1054.0,835.0,736.0,965.0,889.0,,,,
43454,23:13.500,23:13.527,2,896.0,759.0,1019.0,909.0,2201.0,808.0,2389.0,1057.0,,,,
43469,23:14.000,23:14.027,2,928.0,783.0,1052.0,932.0,2253.0,829.0,2434.0,1079.0,,,,
43484,23:14.500,23:14.527,1,991.0,763.0,1115.0,912.0,,,,,,,,
43499,23:15.000,23:15.027,1,1009.0,749.0,1133.0,901.0,,,,,,,,
43514,23:15.500,23:15.527,1,989.0,744.0,1113.0,898.0,,,,,,,,
43529,23:16.000,23:16.018,1,986.0,734.0,1110.0,885.0,,,,,,,,
43544,23:16.500,23:16.518,1,990.0,733.0,1113.0,881.0,,,,,,,,
43559,23:17.000,23:17.018,1,989.0,726.0,1112.0,875.0,,,,,,,,
43574,23:17.500,23:17.520,1,988.0,726.0,1110.0,874.0,,,,,,,,
43589,23:18.000,23:18.020,1,988.0,722.0,1111.0,873.0,,,,,,,,
43604,23:18.500,23:18.520,1,988.0,723.0,1113.0,871.0,,,,,,,,
43619,23:19.000,23:19.020,1,986.0,724.0,1109.0,872.0,,,,,,,,
43634,23:19.500,23:19.520,1,986.0,720.0,1109.0,869.0,,,,,,,,
43649,23:20.000,23:20.020,1,977.0,712.0,1101.0,862.0,,,,,,,,
43664,23:20.500,23:20.520,1,976.0,702.0,1100.0,851.0,,,,,,,,
43678,23:21.000,23:21.003,1,983.0,704.0,1105.0,853.0,,,,,,,,
43692,23:21.500,23:21.520,1,990.0,716.0,1111.0,862.0,,,,,,,,
43707,23:22.000,23:22.022,1,991.0,708.0,1113.0,858.0,,,,,,,,
43722,23:22.500,23:22.522,1,991.0,703.0,1112.0,848.0,,,,,,,,
43737,23:23.000,23:23.022,1,994.0,700.0,1116.0,846.0,,,,,,,,
43752,23:23.500,23:23.522,1,997.0,698.0,1115.0,848.0,,,,,,,,
43767,23:24.000,23:24.022,1,986.0,687.0,1102.0,837.0,,,,,,,,
43782,23:24.500,23:24.522,1,984.0,682.0,1102.0,832.0,,,,,,,,
43797,23:25.000,23:25.022,1,994.0,679.0,1113.0,826.0,,,,,,,,
43812,23:25.500,23:25.522,1,998.0,675.0,1117.0,827.0,,,,,,,,
43827,23:26.000,23:26.023,1,999.0,695.0,1118.0,845.0,,,,,,,,
43842,23:26.500,23:26.523,1,1013.0,689.0,1130.0,843.0,,,,,,,,
43857,23:27.000,23:27.023,1,1014.0,690.0,1129.0,841.0,,,,,,,,
43872,23:27.500,23:27.523,1,1021.0,669.0,1138.0,820.0,,,,,,,,
43887,23:28.000,23:28.023,1,1022.0,653.0,1138.0,805.0,,,,,,,,
43902,23:28.500,23:28.523,1,1028.0,633.0,1146.0,782.0,,,,,,,,
43917,23:29.000,23:29.023,1,1062.0,632.0,1177.0,783.0,,,,,,,,
43932,23:29.500,23:29.525,1,1032.0,646.0,1149.0,797.0,,,,,,,,
43947,23:30.000,23:30.025,2,850.0,608.0,974.0,762.0,2115.0,627.0,2293.0,871.0,,,,
43962,23:30.500,23:30.525,2,954.0,630.0,1072.0,780.0,2258.0,645.0,2436.0,899.0,,,,
43977,23:31.000,23:31.025,1,981.0,621.0,1101.0,769.0,,,,,,,,
43992,23:31.500,23:31.525,1,981.0,582.0,1101.0,731.0,,,,,,,,
44007,23:32.000,23:32.025,1,977.0,531.0,1099.0,686.0,,,,,,,,
44022,23:32.500,23:32.525,1,1045.0,441.0,1165.0,595.0,,,,,,,,
44037,23:33.000,23:33.025,1,1208.0,398.0,1329.0,555.0,,,,,,,,
44052,23:33.500,23:33.527,1,1155.0,452.0,1277.0,609.0,,,,,,,,
44067,23:34.000,23:34.027,1,1120.0,505.0,1242.0,656.0,,,,,,,,
44082,23:34.500,23:34.527,1,1129.0,616.0,1248.0,761.0,,,,,,,,
44097,23:35.000,23:35.027,2,1208.0,669.0,1327.0,812.0,-102.0,631.0,151.0,968.0,,,,
44112,23:35.500,23:35.527,2,543.0,679.0,729.0,953.0,1651.0,740.0,1777.0,897.0,,,,
44127,23:36.000,23:36.018,2,1693.0,729.0,1820.0,884.0,587.0,658.0,770.0,937.0,,,,
44142,23:36.500,23:36.518,2,568.0,672.0,753.0,948.0,1677.0,735.0,1799.0,885.0,,,,
44157,23:37.000,23:37.018,2,110.0,721.0,348.0,1025.0,1340.0,727.0,1452.0,869.0,,,,
44172,23:37.500,23:37.520,2,1195.0,711.0,1306.0,851.0,-104.0,751.0,120.0,1085.0,,,,
44187,23:38.000,23:38.020,1,1150.0,723.0,1261.0,862.0,,,,,,,,
44202,23:38.500,23:38.520,1,1149.0,709.0,1260.0,852.0,,,,,,,,
44217,23:39.000,23:39.020,1,1122.0,693.0,1234.0,839.0,,,,,,,,
44232,23:39.500,23:39.520,1,1083.0,669.0,1197.0,812.0,,,,,,,,
44247,23:40.000,23:40.020,1,1076.0,667.0,1188.0,806.0,,,,,,,,
44262,23:40.500,23:40.520,1,1079.0,660.0,1186.0,801.0,,,,,,,,
44277,23:41.000,23:41.020,1,1085.0,652.0,1193.0,793.0,,,,,,,,
44292,23:41.500,23:41.522,1,1092.0,654.0,1202.0,798.0,,,,,,,,
44307,23:42.000,23:42.022,1,1089.0,658.0,1200.0,801.0,,,,,,,,
44322,23:42.500,23:42.522,1,1079.0,658.0,1189.0,803.0,,,,,,,,
44337,23:43.000,23:43.022,1,989.0,650.0,1100.0,793.0,,,,,,,,
44352,23:43.500,23:43.522,1,993.0,635.0,1109.0,782.0,,,,,,,,
44367,23:44.000,23:44.022,1,996.0,621.0,1112.0,768.0,,,,,,,,
44382,23:44.500,23:44.522,1,997.0,611.0,1112.0,757.0,,,,,,,,
44397,23:45.000,23:45.013,1,1020.0,613.0,1136.0,760.0,,,,,,,,
44412,23:45.500,23:45.523,1,1067.0,629.0,1182.0,779.0,,,,,,,,
44427,23:46.000,23:46.023,1,1077.0,633.0,1190.0,778.0,,,,,,,,
44442,23:46.500,23:46.523,1,1033.0,671.0,1148.0,817.0,,,,,,,,
44457,23:47.000,23:47.023,1,1016.0,689.0,1132.0,837.0,,,,,,,,
44472,23:47.500,23:47.523,1,1015.0,686.0,1131.0,836.0,,,,,,,,
44487,23:48.000,23:48.023,1,1055.0,720.0,1169.0,870.0,,,,,,,,
44502,23:48.500,23:48.523,1,1061.0,739.0,1177.0,888.0,,,,,,,,
44517,23:49.000,23:49.023,1,1053.0,730.0,1169.0,879.0,,,,,,,,
44532,23:49.500,23:49.525,1,1044.0,726.0,1162.0,876.0,,,,,,,,
44547,23:50.000,23:50.025,1,1030.0,733.0,1150.0,879.0,,,,,,,,
44562,23:50.500,23:50.525,1,1033.0,730.0,1152.0,874.0,,,,,,,,
44577,23:51.000,23:51.025,1,1028.0,731.0,1148.0,877.0,,,,,,,,
44592,23:51.500,23:51.525,1,1042.0,760.0,1159.0,906.0,,,,,,,,
44607,23:52.000,23:52.025,1,1041.0,798.0,1157.0,939.0,,,,,,,,
44622,23:52.500,23:52.525,2,913.0,882.0,1035.0,1028.0,2164.0,698.0,2355.0,947.0,,,,
44637,23:53.000,23:53.025,2,2036.0,746.0,2209.0,977.0,822.0,949.0,947.0,1101.0,,,,
44652,23:53.500,23:53.527,2,798.0,967.0,921.0,1118.0,2011.0,752.0,2185.0,981.0,,,,
44667,23:54.000,23:54.027,2,804.0,964.0,924.0,1115.0,2023.0,750.0,2197.0,978.0,,,,
44682,23:54.500,23:54.527,2,794.0,965.0,919.0,1117.0,2006.0,744.0,2181.0,969.0,,,,
44697,23:55.000,23:55.018,2,811.0,984.0,934.0,1138.0,2020.0,752.0,2195.0,980.0,,,,
44712,23:55.500,23:55.518,2,808.0,998.0,933.0,1151.0,2020.0,762.0,2196.0,994.0,,,,
44727,23:56.000,23:56.018,2,1952.0,809.0,2143.0,1043.0,749.0,1033.0,875.0,1186.0,,,,
44742,23:56.500,23:56.518,2,1966.0,804.0,2180.0,1050.0,761.0,1019.0,887.0,1170.0,,,,
44757,23:57.000,23:57.018,2,2033.0,732.0,2249.0,982.0,798.0,882.0,918.0,1032.0,,,,
44772,23:57.500,23:57.520,2,942.0,805.0,1061.0,951.0,2247.0,688.0,2459.0,950.0,,,,
44787,23:58.000,23:58.020,1,1003.0,774.0,1121.0,919.0,,,,,,,,
44802,23:58.500,23:58.520,1,1022.0,778.0,1138.0,923.0,,,,,,,,
44817,23:59.000,23:59.020,1,961.0,819.0,1079.0,967.0,,,,,,,,
44832,23:59.500,23:59.520,1,989.0,820.0,1105.0,964.0,,,,,,,,
44847,24:00.000,24:00.020,1,1116.0,855.0,1232.0,997.0,,,,,,,,
44862,24:00.500,24:00.520,2,368.0,844.0,581.0,1148.0,1588.0,900.0,1710.0,1050.0,,,,
44877,24:01.000,24:01.020,2,640.0,720.0,824.0,997.0,1802.0,829.0,1934.0,985.0,,,,
44892,24:01.500,24:01.522,2,730.0,708.0,911.0,976.0,1892.0,814.0,2033.0,970.0,,,,
44907,24:02.000,24:02.022,2,202.0,769.0,427.0,1062.0,1440.0,723.0,1556.0,867.0,,,,
44922,24:02.500,24:02.522,2,1258.0,791.0,1369.0,933.0,-101.0,829.0,147.0,1170.0,,,,
44937,24:03.000,24:03.022,2,2142.0,829.0,2368.0,1087.0,887.0,682.0,1003.0,827.0,,,,
44952,24:03.500,24:03.522,1,1112.0,627.0,1224.0,771.0,,,,,,,,
44967,24:04.000,24:04.022,1,1155.0,677.0,1272.0,818.0,,,,,,,,
44982,24:04.500,24:04.522,2,1564.0,686.0,1739.0,904.0,378.0,1056.0,535.0,1223.0,,,,
44997,24:05.000,24:05.022,2,1402.0,733.0,1571.0,952.0,132.0,1106.0,314.0,1279.0,,,,
45012,24:05.500,24:05.523,2,1319.0,709.0,1474.0,927.0,-48.0,855.0,122.0,1043.0,,,,
45027,24:06.000,24:06.023,2,1348.0,734.0,1501.0,948.0,-22.0,796.0,148.0,983.0,,,,
45042,24:06.500,24:06.523,2,1372.0,748.0,1527.0,965.0,6.0,782.0,186.0,966.0,,,,
45057,24:07.000,24:07.023,2,1693.0,769.0,1869.0,998.0,450.0,743.0,592.0,909.0,,,,
45072,24:07.500,24:07.523,2,204.0,635.0,425.0,939.0,1443.0,712.0,1561.0,860.0,,,,
45087,24:08.000,24:08.023,2,737.0,684.0,911.0,941.0,1896.0,749.0,2041.0,915.0,,,,
45102,24:08.500,24:08.523,2,658.0,654.0,834.0,927.0,1802.0,722.0,1934.0,876.0,,,,
45117,24:09.000,24:09.023,2,581.0,630.0,763.0,901.0,1718.0,655.0,1840.0,810.0,,,,
45132,24:09.500,24:09.525,2,299.0,566.0,510.0,861.0,1488.0,583.0,1602.0,731.0,,,,
45147,24:10.000,24:10.025,2,328.0,536.0,533.0,825.0,1511.0,559.0,1627.0,708.0,,,,
45162,24:10.500,24:10.525,2,321.0,497.0,530.0,794.0,1512.0,517.0,1629.0,671.0,,,,
45177,24:11.000,24:11.025,2,504.0,512.0,696.0,789.0,1655.0,512.0,1781.0,673.0,,,,
45192,24:11.500,24:11.525,2,602.0,653.0,782.0,925.0,1726.0,605.0,1851.0,757.0,,,,
45207,24:12.000,24:12.025,2,1754.0,672.0,1883.0,826.0,666.0,797.0,834.0,1054.0,,,,
45222,24:12.500,24:12.525,2,625.0,929.0,806.0,1187.0,1704.0,674.0,1834.0,831.0,,,,
45238,24:13.000,24:13.025,2,286.0,1084.0,503.0,1365.0,1413.0,730.0,1538.0,882.0,,,,
45253,24:13.500,24:13.527,2,1445.0,696.0,1567.0,845.0,315.0,1019.0,531.0,1296.0,,,,
45268,24:14.000,24:14.027,2,1431.0,693.0,1555.0,839.0,294.0,998.0,512.0,1275.0,,,,
45283,24:14.500,24:14.527,2,1400.0,687.0,1526.0,837.0,255.0,990.0,477.0,1263.0,,,,
45298,24:15.000,24:15.027,2,230.0,980.0,452.0,1261.0,1382.0,680.0,1509.0,828.0,,,,
45313,24:15.500,24:15.518,2,1373.0,655.0,1500.0,803.0,218.0,950.0,441.0,1228.0,,,,
45328,24:16.000,24:16.018,2,1279.0,627.0,1402.0,773.0,68.0,938.0,314.0,1224.0,,,,
45343,24:16.500,24:16.518,2,1211.0,666.0,1338.0,809.0,-38.0,1016.0,219.0,1309.0,,,,
45358,24:17.000,24:17.018,2,1162.0,575.0,1285.0,718.0,-100.0,926.0,144.0,1232.0,,,,
45373,24:17.500,24:17.520,2,1165.0,557.0,1292.0,701.0,-101.0,894.0,158.0,1210.0,,,,
45388,24:18.000,24:18.020,1,1135.0,586.0,1261.0,733.0,,,,,,,,
45403,24:18.500,24:18.520,1,1148.0,664.0,1275.0,803.0,,,,,,,,
45418,24:19.000,24:19.020,2,1200.0,721.0,1325.0,866.0,-109.0,1097.0,138.0,1437.0,,,,
45433,24:19.500,24:19.520,1,1091.0,787.0,1220.0,933.0,,,,,,,,
45448,24:20.000,24:20.020,1,1102.0,725.0,1228.0,873.0,,,,,,,,
45463,24:20.500,24:20.520,1,1105.0,685.0,1234.0,833.0,,,,,,,,
45478,24:21.000,24:21.020,1,1091.0,574.0,1223.0,723.0,,,,,,,,
45493,24:21.500,24:21.522,1,1074.0,678.0,1203.0,822.0,,,,,,,,
45508,24:22.000,24:22.022,1,1091.0,683.0,1223.0,821.0,,,,,,,,
45523,24:22.500,24:22.522,1,1099.0,658.0,1236.0,805.0,,,,,,,,
45538,24:23.000,24:23.022,1,1139.0,678.0,1272.0,819.0,,,,,,,,
45553,24:23.500,24:23.522,1,1150.0,675.0,1282.0,821.0,,,,,,,,
45568,24:24.000,24:24.022,1,1157.0,576.0,1278.0,723.0,,,,,,,,
45583,24:24.500,24:24.522,1,1143.0,739.0,1271.0,891.0,,,,,,,,
45598,24:25.000,24:25.022,1,1141.0,754.0,1270.0,900.0,,,,,,,,
45613,24:25.500,24:25.523,1,1170.0,713.0,1295.0,860.0,,,,,,,,
45628,24:26.000,24:26.023,1,1209.0,689.0,1331.0,839.0,,,,,,,,
45643,24:26.500,24:26.523,1,1200.0,716.0,1322.0,866.0,,,,,,,,
45658,24:27.000,24:27.023,1,1111.0,565.0,1234.0,720.0,,,,,,,,
45673,24:27.500,24:27.523,1,1059.0,635.0,1176.0,783.0,,,,,,,,
45688,24:28.000,24:28.023,1,1055.0,660.0,1172.0,810.0,,,,,,,,
45703,24:28.500,24:28.523,1,1128.0,700.0,1246.0,850.0,,,,,,,,
45718,24:29.000,24:29.023,1,1241.0,666.0,1360.0,814.0,,,,,,,,
45734,24:29.500,24:29.525,1,1179.0,731.0,1298.0,879.0,,,,,,,,
45749,24:30.000,24:30.025,1,1210.0,737.0,1329.0,889.0,,,,,,,,
45764,24:30.500,24:30.525,1,1232.0,723.0,1351.0,875.0,,,,,,,,
45779,24:31.000,24:31.025,1,1329.0,769.0,1452.0,929.0,,,,,,,,
45794,24:31.500,24:31.525,1,1199.0,766.0,1318.0,927.0,,,,,,,,
45809,24:32.000,24:32.025,1,1184.0,740.0,1303.0,897.0,,,,,,,,
45824,24:32.500,24:32.525,1,1206.0,762.0,1323.0,916.0,,,,,,,,
45839,24:33.000,24:33.025,1,1257.0,745.0,1376.0,899.0,,,,,,,,
45854,24:33.500,24:33.527,1,1282.0,725.0,1401.0,879.0,,,,,,,,
45869,24:34.000,24:34.027,1,1274.0,706.0,1394.0,861.0,,,,,,,,
45884,24:34.500,24:34.527,1,1255.0,700.0,1375.0,855.0,,,,,,,,
45899,24:35.000,24:35.027,1,1253.0,741.0,1371.0,894.0,,,,,,,,
45914,24:35.500,24:35.518,1,1243.0,750.0,1363.0,901.0,,,,,,,,
45929,24:36.000,24:36.018,1,1241.0,788.0,1358.0,941.0,,,,,,,,
45944,24:36.500,24:36.518,1,1254.0,793.0,1371.0,944.0,,,,,,,,
45959,24:37.000,24:37.020,1,1248.0,794.0,1367.0,948.0,,,,,,,,
45974,24:37.500,24:37.520,2,315.0,620.0,523.0,907.0,1589.0,845.0,1714.0,1003.0,,,,
45989,24:38.000,24:38.020,2,796.0,673.0,973.0,943.0,2040.0,945.0,2192.0,1121.0,,,,
46004,24:38.500,24:38.520,2,851.0,673.0,1028.0,937.0,2097.0,954.0,2271.0,1134.0,,,,
46019,24:39.000,24:39.020,2,842.0,659.0,1017.0,925.0,2103.0,948.0,2278.0,1124.0,,,,
46034,24:39.500,24:39.520,2,368.0,515.0,581.0,816.0,1623.0,821.0,1753.0,976.0,,,,
46049,24:40.000,24:40.020,2,888.0,760.0,1008.0,912.0,2238.0,1024.0,2463.0,1316.0,,,,
46064,24:40.500,24:40.520,2,1917.0,902.0,2119.0,1170.0,644.0,729.0,774.0,883.0,,,,
46079,24:41.000,24:41.022,2,1788.0,829.0,1974.0,1092.0,500.0,734.0,638.0,890.0,,,,
46094,24:41.500,24:41.522,2,1687.0,773.0,1864.0,1019.0,373.0,708.0,521.0,871.0,,,,
46109,24:42.000,24:42.022,2,1649.0,764.0,1820.0,1012.0,346.0,727.0,495.0,895.0,,,,
46124,24:42.500,24:42.522,2,1818.0,832.0,1989.0,1090.0,541.0,788.0,680.0,958.0,,,,
46139,24:43.000,24:43.022,2,791.0,807.0,917.0,971.0,2090.0,906.0,2288.0,1180.0,,,,
46154,24:43.500,24:43.522,1,932.0,790.0,1054.0,949.0,,,,,,,,
46169,24:44.000,24:44.022,1,1011.0,776.0,1131.0,933.0,,,,,,,,
46184,24:44.500,24:44.522,1,1162.0,737.0,1276.0,892.0,,,,,,,,
46199,24:45.000,24:45.023,1,1188.0,706.0,1304.0,863.0,,,,,,,,
46214,24:45.500,24:45.523,1,1176.0,702.0,1295.0,854.0,,,,,,,,
46229,24:46.000,24:46.023,1,1164.0,719.0,1280.0,868.0,,,,,,,,
46244,24:46.500,24:46.523,1,1151.0,732.0,1266.0,877.0,,,,,,,,
46259,24:47.000,24:47.023,1,1153.0,692.0,1270.0,843.0,,,,,,,,
46274,24:47.500,24:47.523,1,1155.0,647.0,1272.0,797.0,,,,,,,,
46289,24:48.000,24:48.023,1,1175.0,437.0,1295.0,603.0,,,,,,,,
46304,24:48.500,24:48.523,1,1166.0,458.0,1284.0,623.0,,,,,,,,
46319,24:49.000,24:49.025,1,1141.0,581.0,1259.0,739.0,,,,,,,,
46334,24:49.500,24:49.525,1,1136.0,648.0,1251.0,798.0,,,,,,,,
46349,24:50.000,24:50.025,1,1143.0,670.0,1260.0,822.0,,,,,,,,
46364,24:50.500,24:50.525,1,1178.0,649.0,1294.0,799.0,,,,,,,,
46379,24:51.000,24:51.025,1,1173.0,668.0,1290.0,818.0,,,,,,,,
46394,24:51.500,24:51.525,1,1194.0,712.0,1309.0,862.0,,,,,,,,
46409,24:52.000,24:52.025,1,1199.0,695.0,1316.0,848.0,,,,,,,,
46424,24:52.500,24:52.525,1,1241.0,704.0,1358.0,851.0,,,,,,,,
46439,24:53.000,24:53.027,1,1297.0,814.0,1414.0,963.0,,,,,,,,
46454,24:53.500,24:53.527,1,1273.0,834.0,1388.0,984.0,,,,,,,,
46469,24:54.000,24:54.027,1,1224.0,731.0,1338.0,878.0,,,,,,,,
46484,24:54.500,24:54.518,1,1205.0,687.0,1322.0,841.0,,,,,,,,
46499,24:55.000,24:55.018,1,1144.0,669.0,1261.0,827.0,,,,,,,,
46514,24:55.500,24:55.518,1,1063.0,659.0,1180.0,816.0,,,,,,,,
46529,24:56.000,24:56.018,1,1084.0,638.0,1200.0,792.0,,,,,,,,
46544,24:56.500,24:56.518,1,1110.0,667.0,1224.0,819.0,,,,,,,,
46559,24:57.000,24:57.020,1,1135.0,605.0,1251.0,756.0,,,,,,,,
46574,24:57.500,24:57.520,1,1170.0,599.0,1286.0,752.0,,,,,,,,
46589,24:58.000,24:58.020,1,1102.0,630.0,1219.0,783.0,,,,,,,,
46604,24:58.500,24:58.520,1,992.0,678.0,1110.0,827.0,,,,,,,,
46619,24:59.000,24:59.020,2,1850.0,685.0,2035.0,915.0,579.0,667.0,715.0,830.0,,,,
46634,24:59.500,24:59.520,2,1508.0,740.0,1667.0,961.0,171.0,736.0,341.0,917.0,,,,
46649,25:00.000,25:00.020,2,1429.0,731.0,1584.0,950.0,43.0,698.0,226.0,891.0,,,,
46664,25:00.500,25:00.520,2,1435.0,736.0,1590.0,954.0,56.0,723.0,237.0,910.0,,,,
46679,25:01.000,25:01.022,2,1468.0,777.0,1622.0,989.0,97.0,772.0,272.0,960.0,,,,
46694,25:01.500,25:01.522,2,1453.0,720.0,1609.0,942.0,83.0,688.0,258.0,877.0,,,,
46709,25:02.000,25:02.022,2,1855.0,701.0,2041.0,945.0,623.0,660.0,753.0,820.0,,,,
46724,25:02.500,25:02.530,2,965.0,631.0,1082.0,778.0,2218.0,709.0,2404.0,959.0,,,,
46739,25:03.000,25:03.022,1,1139.0,622.0,1252.0,767.0,,,,,,,,
46754,25:03.500,25:03.522,1,1165.0,663.0,1276.0,808.0,,,,,,,,
46769,25:04.000,25:04.022,1,1182.0,667.0,1294.0,818.0,,,,,,,,
46784,25:04.500,25:04.522,1,1159.0,641.0,1273.0,790.0,,,,,,,,
46799,25:05.000,25:05.023,1,1142.0,662.0,1254.0,810.0,,,,,,,,
46814,25:05.500,25:05.523,1,1067.0,663.0,1179.0,810.0,,,,,,,,
46829,25:06.000,25:06.023,2,848.0,687.0,967.0,838.0,2029.0,1001.0,2217.0,1245.0,,,,
46844,25:06.500,25:06.523,2,905.0,657.0,1022.0,812.0,2110.0,982.0,2334.0,1243.0,,,,
46859,25:07.000,25:07.023,2,954.0,640.0,1068.0,792.0,2162.0,972.0,2386.0,1226.0,,,,
46874,25:07.500,25:07.523,2,968.0,648.0,1083.0,801.0,2181.0,988.0,2393.0,1239.0,,,,
46889,25:08.000,25:08.023,2,1052.0,530.0,1165.0,682.0,2251.0,961.0,2463.0,1214.0,,,,
46904,25:08.500,25:08.523,2,1043.0,430.0,1157.0,585.0,2243.0,845.0,2459.0,1099.0,,,,
46919,25:09.000,25:09.025,1,625.0,167.0,762.0,343.0,,,,,,,,
46934,25:09.500,25:09.525,2,1672.0,659.0,1846.0,885.0,468.0,293.0,611.0,472.0,,,,
46949,25:10.000,25:10.025,2,2000.0,586.0,2205.0,837.0,750.0,523.0,873.0,681.0,,,,
46964,25:10.500,25:10.525,1,1117.0,646.0,1236.0,793.0,,,,,,,,
46979,25:11.000,25:11.025,1,1063.0,692.0,1183.0,841.0,,,,,,,,
46994,25:11.500,25:11.525,1,1088.0,731.0,1211.0,880.0,,,,,,,,
47009,25:12.000,25:12.025,1,1046.0,760.0,1167.0,905.0,,,,,,,,
47024,25:12.500,25:12.525,1,1042.0,763.0,1159.0,909.0,,,,,,,,
47039,25:13.000,25:13.018,1,1016.0,605.0,1136.0,752.0,,,,,,,,
47054,25:13.500,25:13.518,1,1033.0,609.0,1157.0,756.0,,,,,,,,
47069,25:14.000,25:14.018,1,1010.0,710.0,1130.0,859.0,,,,,,,,
47084,25:14.500,25:14.518,1,1039.0,674.0,1159.0,821.0,,,,,,,,
47099,25:15.000,25:15.018,1,1032.0,692.0,1152.0,840.0,,,,,,,,
47114,25:15.500,25:15.518,1,1017.0,670.0,1137.0,821.0,,,,,,,,
47129,25:16.000,25:16.018,1,994.0,543.0,1111.0,696.0,,,,,,,,
47144,25:16.500,25:16.518,1,1067.0,680.0,1181.0,824.0,,,,,,,,
47159,25:17.000,25:17.020,1,1095.0,772.0,1208.0,916.0,,,,,,,,
47174,25:17.500,25:17.520,1,1089.0,783.0,1201.0,930.0,,,,,,,,
47189,25:18.000,25:18.020,1,1072.0,666.0,1187.0,814.0,,,,,,,,
47204,25:18.500,25:18.520,1,1009.0,622.0,1126.0,767.0,,,,,,,,
47219,25:19.000,25:19.020,1,1026.0,671.0,1144.0,818.0,,,,,,,,
47234,25:19.500,25:19.520,1,1027.0,689.0,1143.0,837.0,,,,,,,,
47249,25:20.000,25:20.020,1,1029.0,682.0,1146.0,829.0,,,,,,,,
47264,25:20.500,25:20.520,2,1015.0,745.0,1130.0,890.0,2278.0,410.0,2497.0,679.0,,,,
47279,25:21.000,25:21.022,1,1059.0,937.0,1175.0,1092.0,,,,,,,,
47294,25:21.500,25:21.522,1,1070.0,842.0,1186.0,990.0,,,,,,,,
47309,25:22.000,25:22.022,1,1232.0,822.0,1343.0,966.0,,,,,,,,
47324,25:22.500,25:22.522,2,1290.0,780.0,1402.0,924.0,-93.0,702.0,134.0,1007.0,,,,
47339,25:23.000,25:23.022,1,1020.0,762.0,1179.0,997.0,,,,,,,,
47354,25:23.500,25:23.522,2,801.0,714.0,963.0,954.0,2033.0,795.0,2194.0,961.0,,,,
47369,25:24.000,25:24.022,2,1468.0,642.0,1619.0,880.0,136.0,708.0,309.0,888.0,,,,
47384,25:24.500,25:24.522,2,1508.0,595.0,1667.0,837.0,187.0,689.0,352.0,866.0,,,,
47399,25:25.000,25:25.023,2,661.0,690.0,835.0,949.0,1888.0,612.0,2035.0,781.0,,,,
47414,25:25.500,25:25.523,1,1062.0,723.0,1208.0,957.0,,,,,,,,
47429,25:26.000,25:26.023,1,1048.0,693.0,1200.0,937.0,,,,,,,,
47444,25:26.500,25:26.523,1,1050.0,696.0,1204.0,936.0,,,,,,,,
47459,25:27.000,25:27.023,1,1054.0,695.0,1208.0,935.0,,,,,,,,
47474,25:27.500,25:27.523,1,1056.0,692.0,1210.0,933.0,,,,,,,,
47489,25:28.000,25:28.023,1,1047.0,692.0,1202.0,935.0,,,,,,,,
47504,25:28.500,25:28.523,1,1054.0,691.0,1207.0,930.0,,,,,,,,
47519,25:29.000,25:29.025,1,1023.0,682.0,1181.0,919.0,,,,,,,,
47534,25:29.500,25:29.525,1,1015.0,664.0,1169.0,913.0,,,,,,,,
47549,25:30.000,25:30.025,1,1004.0,663.0,1159.0,903.0,,,,,,,,
47564,25:30.500,25:30.525,2,994.0,657.0,1149.0,900.0,2299.0,737.0,2442.0,914.0,,,,
47579,25:31.000,25:31.025,2,950.0,669.0,1107.0,909.0,2239.0,745.0,2401.0,921.0,,,,
47594,25:31.500,25:31.525,2,823.0,665.0,983.0,917.0,2072.0,719.0,2236.0,885.0,,,,
47609,25:32.000,25:32.025,2,837.0,658.0,998.0,903.0,2097.0,710.0,2262.0,881.0,,,,
47624,25:32.500,25:32.525,2,836.0,658.0,997.0,902.0,2097.0,692.0,2262.0,863.0,,,,
47639,25:33.000,25:33.018,2,855.0,649.0,1014.0,896.0,2115.0,696.0,2278.0,867.0,,,,
47654,25:33.500,25:33.518,2,859.0,667.0,1020.0,917.0,2110.0,719.0,2270.0,888.0,,,,
47669,25:34.000,25:34.018,2,852.0,674.0,1010.0,920.0,2096.0,726.0,2254.0,894.0,,,,
47684,25:34.500,25:34.518,2,849.0,673.0,1009.0,921.0,2093.0,724.0,2251.0,892.0,,,,
47699,25:35.000,25:35.018,2,856.0,673.0,1018.0,924.0,2101.0,738.0,2258.0,906.0,,,,
47714,25:35.500,25:35.518,2,863.0,682.0,1023.0,931.0,2104.0,763.0,2261.0,932.0,,,,
47729,25:36.000,25:36.018,2,862.0,683.0,1021.0,937.0,2108.0,769.0,2264.0,939.0,,,,
47744,25:36.500,25:36.518,2,840.0,681.0,1001.0,924.0,2089.0,751.0,2244.0,920.0,,,,
47759,25:37.000,25:37.020,2,818.0,676.0,969.0,918.0,2025.0,691.0,2175.0,854.0,,,,
47774,25:37.500,25:37.520,2,793.0,660.0,954.0,904.0,2030.0,664.0,2178.0,827.0,,,,
47789,25:38.000,25:38.020,2,821.0,704.0,979.0,940.0,2049.0,722.0,2201.0,887.0,,,,
47804,25:38.500,25:38.520,2,510.0,661.0,681.0,913.0,1685.0,667.0,1807.0,817.0,,,,
47819,25:39.000,25:39.020,2,1264.0,639.0,1374.0,782.0,-87.0,609.0,138.0,907.0,,,,
47834,25:39.500,25:39.520,1,1161.0,654.0,1273.0,799.0,,,,,,,,
47849,25:40.000,25:40.020,1,958.0,695.0,1074.0,847.0,,,,,,,,
47864,25:40.500,25:40.520,2,891.0,701.0,1010.0,853.0,2154.0,685.0,2341.0,960.0,,,,
47879,25:41.000,25:41.022,2,1671.0,728.0,1824.0,969.0,442.0,760.0,590.0,930.0,,,,
47894,25:41.500,25:41.522,2,501.0,774.0,643.0,941.0,1726.0,714.0,1886.0,964.0,,,,
47909,25:42.000,25:42.022,2,2077.0,703.0,2259.0,972.0,822.0,709.0,948.0,868.0,,,,
47924,25:42.500,25:42.522,1,987.0,661.0,1106.0,814.0,,,,,,,,
47939,25:43.000,25:43.022,1,1023.0,661.0,1141.0,818.0,,,,,,,,
47954,25:43.500,25:43.522,1,1127.0,666.0,1243.0,819.0,,,,,,,,
47969,25:44.000,25:44.022,1,1198.0,657.0,1315.0,813.0,,,,,,,,
47984,25:44.500,25:44.522,1,1051.0,728.0,1172.0,883.0,,,,,,,,
47999,25:45.000,25:45.023,1,1030.0,708.0,1151.0,859.0,,,,,,,,
48014,25:45.500,25:45.523,1,1016.0,686.0,1134.0,837.0,,,,,,,,
48029,25:46.000,25:46.023,1,970.0,688.0,1090.0,838.0,,,,,,,,
48044,25:46.500,25:46.523,1,1027.0,682.0,1145.0,833.0,,,,,,,,
48059,25:47.000,25:47.023,1,1117.0,698.0,1233.0,846.0,,,,,,,,
48074,25:47.500,25:47.523,1,1159.0,701.0,1276.0,852.0,,,,,,,,
48089,25:48.000,25:48.023,1,1147.0,693.0,1264.0,844.0,,,,,,,,
48104,25:48.500,25:48.523,1,1140.0,671.0,1256.0,822.0,,,,,,,,
48119,25:49.000,25:49.025,1,1132.0,688.0,1249.0,840.0,,,,,,,,
48134,25:49.500,25:49.525,1,1182.0,658.0,1296.0,813.0,,,,,,,,
48149,25:50.000,25:50.025,1,1144.0,691.0,1262.0,847.0,,,,,,,,
48164,25:50.500,25:50.525,1,1146.0,702.0,1261.0,854.0,,,,,,,,
48179,25:51.000,25:51.025,1,1138.0,672.0,1252.0,829.0,,,,,,,,
48194,25:51.500,25:51.525,1,1137.0,685.0,1250.0,836.0,,,,,,,,
48209,25:52.000,25:52.025,1,1137.0,694.0,1252.0,844.0,,,,,,,,
48224,25:52.500,25:52.517,1,1150.0,705.0,1264.0,853.0,,,,,,,,
48239,25:53.000,25:53.018,1,1171.0,723.0,1286.0,871.0,,,,,,,,
48254,25:53.500,25:53.518,1,1200.0,747.0,1316.0,893.0,,,,,,,,
48269,25:54.000,25:54.018,1,1217.0,772.0,1333.0,918.0,,,,,,,,
48284,25:54.500,25:54.518,1,1162.0,812.0,1277.0,957.0,,,,,,,,
48299,25:55.000,25:55.018,1,1059.0,859.0,1177.0,1003.0,,,,,,,,
48314,25:55.500,25:55.518,1,1064.0,684.0,1183.0,831.0,,,,,,,,
48329,25:56.000,25:56.018,1,1060.0,549.0,1185.0,705.0,,,,,,,,
48344,25:56.500,25:56.518,1,1020.0,609.0,1145.0,762.0,,,,,,,,
48359,25:57.000,25:57.020,1,1172.0,681.0,1296.0,833.0,,,,,,,,
48374,25:57.500,25:57.520,1,1121.0,692.0,1245.0,843.0,,,,,,,,
48389,25:58.000,25:58.020,1,1091.0,695.0,1213.0,843.0,,,,,,,,
48404,25:58.500,25:58.520,1,998.0,745.0,1123.0,892.0,,,,,,,,
48419,25:59.000,25:59.020,1,1020.0,691.0,1144.0,847.0,,,,,,,,
48434,25:59.500,25:59.520,1,1047.0,704.0,1171.0,862.0,,,,,,,,
48449,26:00.000,26:00.020,1,1084.0,681.0,1207.0,836.0,,,,,,,,
48464,26:00.500,26:00.520,1,1086.0,669.0,1210.0,822.0,,,,,,,,
48479,26:01.000,26:01.022,1,1099.0,659.0,1221.0,811.0,,,,,,,,
48494,26:01.500,26:01.522,1,1111.0,651.0,1233.0,801.0,,,,,,,,
48509,26:02.000,26:02.022,1,1110.0,656.0,1230.0,808.0,,,,,,,,
48524,26:02.500,26:02.522,1,1116.0,657.0,1238.0,810.0,,,,,,,,
48539,26:03.000,26:03.022,1,1105.0,672.0,1226.0,826.0,,,,,,,,
48554,26:03.500,26:03.522,2,1202.0,667.0,1324.0,821.0,-99.0,1039.0,146.0,1357.0,,,,
48569,26:04.000,26:04.022,1,1136.0,702.0,1260.0,859.0,,,,,,,,
48584,26:04.500,26:04.522,1,1114.0,724.0,1236.0,876.0,,,,,,,,
48599,26:05.000,26:05.023,1,1115.0,726.0,1234.0,876.0,,,,,,,,
48614,26:05.500,26:05.523,1,1098.0,732.0,1217.0,878.0,,,,,,,,
48629,26:06.000,26:06.023,2,2094.0,547.0,2328.0,836.0,837.0,729.0,960.0,876.0,,,,
48644,26:06.500,26:06.523,2,1654.0,652.0,1839.0,899.0,428.0,710.0,572.0,871.0,,,,
48659,26:07.000,26:07.023,2,1519.0,674.0,1692.0,917.0,247.0,702.0,409.0,870.0,,,,
48674,26:07.500,26:07.523,2,1534.0,708.0,1708.0,955.0,272.0,726.0,429.0,893.0,,,,
48689,26:08.000,26:08.023,2,1602.0,720.0,1783.0,967.0,357.0,719.0,510.0,887.0,,,,
48704,26:08.500,26:08.525,2,1919.0,806.0,2131.0,1073.0,690.0,747.0,819.0,901.0,,,,
48719,26:09.000,26:09.025,2,843.0,692.0,966.0,843.0,2104.0,794.0,2345.0,1077.0,,,,
48734,26:09.500,26:09.525,2,906.0,655.0,1026.0,802.0,2185.0,770.0,2418.0,1055.0,,,,
48749,26:10.000,26:10.025,1,971.0,630.0,1090.0,776.0,,,,,,,,
48764,26:10.500,26:10.525,1,994.0,598.0,1114.0,747.0,,,,,,,,
48779,26:11.000,26:11.025,1,999.0,569.0,1118.0,726.0,,,,,,,,
48794,26:11.500,26:11.525,1,1007.0,570.0,1128.0,729.0,,,,,,,,
48809,26:12.000,26:12.017,1,1023.0,549.0,1144.0,702.0,,,,,,,,
48824,26:12.500,26:12.518,1,1022.0,537.0,1142.0,689.0,,,,,,,,
48839,26:13.000,26:13.018,1,1013.0,533.0,1131.0,685.0,,,,,,,,
48854,26:13.500,26:13.518,1,1009.0,533.0,1129.0,685.0,,,,,,,,
48869,26:14.000,26:14.018,1,1006.0,529.0,1128.0,682.0,,,,,,,,
48884,26:14.500,26:14.518,1,1001.0,529.0,1122.0,683.0,,,,,,,,
48899,26:15.000,26:15.018,1,1002.0,539.0,1120.0,692.0,,,,,,,,
48914,26:15.500,26:15.518,1,993.0,558.0,1112.0,707.0,,,,,,,,
48929,26:16.000,26:16.018,1,978.0,575.0,1095.0,730.0,,,,,,,,
48944,26:16.500,26:16.520,1,994.0,582.0,1114.0,735.0,,,,,,,,
48959,26:17.000,26:17.020,1,1040.0,607.0,1158.0,761.0,,,,,,,,
48974,26:17.500,26:17.520,1,1104.0,609.0,1222.0,763.0,,,,,,,,
48989,26:18.000,26:18.020,1,1129.0,552.0,1250.0,706.0,,,,,,,,
49004,26:18.500,26:18.520,1,1109.0,750.0,1229.0,902.0,,,,,,,,
49019,26:19.000,26:19.020,1,1073.0,759.0,1197.0,914.0,,,,,,,,
49034,26:19.500,26:19.520,1,1058.0,695.0,1184.0,852.0,,,,,,,,
49049,26:20.000,26:20.020,1,1078.0,655.0,1201.0,811.0,,,,,,,,
49064,26:20.500,26:20.520,1,1014.0,842.0,1134.0,997.0,,,,,,,,
49079,26:21.000,26:21.022,1,1135.0,777.0,1253.0,932.0,,,,,,,,
49094,26:21.500,26:21.522,1,1165.0,709.0,1284.0,866.0,,,,,,,,
49109,26:22.000,26:22.022,1,1146.0,794.0,1264.0,948.0,,,,,,,,
49124,26:22.500,26:22.522,1,1149.0,752.0,1268.0,906.0,,,,,,,,
49139,26:23.000,26:23.022,1,1160.0,760.0,1276.0,911.0,,,,,,,,
49154,26:23.500,26:23.522,1,1129.0,770.0,1244.0,922.0,,,,,,,,
49169,26:24.000,26:24.022,2,663.0,585.0,849.0,860.0,1870.0,901.0,2018.0,1066.0,,,,
49184,26:24.500,26:24.522,1,1066.0,693.0,1233.0,948.0,,,,,,,,
49199,26:25.000,26:25.023,2,548.0,567.0,743.0,846.0,1758.0,878.0,1895.0,1039.0,,,,
49214,26:25.500,26:25.523,2,1348.0,684.0,1466.0,837.0,-59.0,373.0,200.0,717.0,,,,
49229,26:26.000,26:26.023,1,1285.0,676.0,1402.0,828.0,,,,,,,,
49244,26:26.500,26:26.523,1,1153.0,668.0,1270.0,822.0,,,,,,,,
49259,26:27.000,26:27.023,1,1258.0,651.0,1376.0,805.0,,,,,,,,
49274,26:27.500,26:27.523,2,931.0,665.0,1094.0,926.0,2237.0,797.0,2392.0,977.0,,,,
49289,26:28.000,26:28.023,1,1055.0,727.0,1214.0,983.0,,,,,,,,
49304,26:28.500,26:28.525,1,1060.0,721.0,1218.0,976.0,,,,,,,,
49319,26:29.000,26:29.025,1,1066.0,695.0,1222.0,944.0,,,,,,,,
49334,26:29.500,26:29.525,1,1067.0,700.0,1223.0,953.0,,,,,,,,
49349,26:30.000,26:30.025,1,1066.0,708.0,1225.0,963.0,,,,,,,,
49364,26:30.500,26:30.525,1,1063.0,703.0,1220.0,953.0,,,,,,,,
49379,26:31.000,26:31.025,1,1061.0,687.0,1220.0,935.0,,,,,,,,
49394,26:31.500,26:31.517,1,1060.0,687.0,1216.0,942.0,,,,,,,,
49409,26:32.000,26:32.017,1,1050.0,635.0,1209.0,882.0,,,,,,,,
49424,26:32.500,26:32.518,1,1057.0,618.0,1217.0,868.0,,,,,,,,
49439,26:33.000,26:33.018,2,978.0,558.0,1141.0,817.0,2292.0,654.0,2433.0,851.0,,,,
49454,26:33.500,26:33.518,2,982.0,585.0,1140.0,833.0,2290.0,673.0,2429.0,859.0,,,,
49469,26:34.000,26:34.018,2,988.0,575.0,1147.0,826.0,2299.0,656.0,2442.0,850.0,,,,
49484,26:34.500,26:34.518,2,973.0,563.0,1135.0,817.0,2289.0,632.0,2431.0,826.0,,,,
49499,26:35.000,26:35.018,2,962.0,562.0,1123.0,808.0,2272.0,630.0,2418.0,817.0,,,,
49514,26:35.500,26:35.518,2,955.0,552.0,1117.0,803.0,2260.0,626.0,2412.0,817.0,,,,
49529,26:36.000,26:36.018,2,970.0,564.0,1123.0,809.0,2243.0,616.0,2393.0,799.0,,,,
49544,26:36.500,26:36.520,2,933.0,523.0,1092.0,776.0,2223.0,577.0,2383.0,766.0,,,,
49559,26:37.000,26:37.020,2,902.0,526.0,1066.0,786.0,2186.0,585.0,2354.0,775.0,,,,
49574,26:37.500,26:37.520,2,882.0,508.0,1042.0,769.0,2167.0,560.0,2326.0,743.0,,,,
49589,26:38.000,26:38.020,2,866.0,510.0,1028.0,773.0,2153.0,562.0,2312.0,745.0,,,,
49604,26:38.500,26:38.520,2,795.0,528.0,964.0,800.0,2075.0,555.0,2235.0,735.0,,,,
49619,26:39.000,26:39.020,2,713.0,463.0,882.0,743.0,2007.0,461.0,2170.0,643.0,,,,
49634,26:39.500,26:39.520,2,389.0,325.0,588.0,625.0,1730.0,290.0,1874.0,475.0,,,,
49649,26:40.000,26:40.020,2,76.0,244.0,320.0,579.0,1520.0,190.0,1656.0,374.0,,,,
49664,26:40.500,26:40.522,2,91.0,317.0,319.0,638.0,1454.0,266.0,1586.0,444.0,,,,
49679,26:41.000,26:41.022,2,-45.0,545.0,203.0,871.0,1400.0,549.0,1523.0,714.0,,,,
49694,26:41.500,26:41.522,2,1328.0,635.0,1443.0,789.0,-67.0,584.0,173.0,904.0,,,,
49709,26:42.000,26:42.022,2,1360.0,678.0,1470.0,832.0,71.0,589.0,297.0,895.0,,,,
49724,26:42.500,26:42.522,2,129.0,592.0,350.0,891.0,1397.0,713.0,1507.0,863.0,,,,
49739,26:43.000,26:43.022,2,291.0,576.0,497.0,862.0,1538.0,743.0,1651.0,892.0,,,,
49754,26:43.500,26:43.522,2,46.0,520.0,287.0,831.0,1408.0,685.0,1522.0,840.0,,,,
49769,26:44.000,26:44.022,1,1181.0,660.0,1293.0,812.0,,,,,,,,
49784,26:44.500,26:44.523,1,1108.0,708.0,1223.0,859.0,,,,,,,,
49799,26:45.000,26:45.023,1,1140.0,743.0,1250.0,891.0,,,,,,,,
49814,26:45.500,26:45.523,1,1162.0,745.0,1273.0,894.0,,,,,,,,
49829,26:46.000,26:46.023,1,1129.0,685.0,1241.0,835.0,,,,,,,,
49844,26:46.500,26:46.523,1,1109.0,669.0,1218.0,822.0,,,,,,,,
49859,26:47.000,26:47.023,1,1075.0,655.0,1188.0,810.0,,,,,,,,
49874,26:47.500,26:47.523,1,1081.0,772.0,1194.0,922.0,,,,,,,,
49889,26:48.000,26:48.023,1,1074.0,784.0,1188.0,934.0,,,,,,,,
49904,26:48.500,26:48.525,1,1084.0,778.0,1196.0,927.0,,,,,,,,
49919,26:49.000,26:49.025,1,1104.0,771.0,1213.0,919.0,,,,,,,,
49934,26:49.500,26:49.525,1,1106.0,748.0,1218.0,897.0,,,,,,,,
49949,26:50.000,26:50.025,1,1129.0,753.0,1241.0,901.0,,,,,,,,
49964,26:50.500,26:50.525,1,1151.0,752.0,1261.0,898.0,,,,,,,,
49979,26:51.000,26:51.017,1,1138.0,724.0,1248.0,871.0,,,,,,,,
49994,26:51.500,26:51.517,1,1135.0,736.0,1243.0,882.0,,,,,,,,
50009,26:52.000,26:52.017,1,1121.0,722.0,1233.0,870.0,,,,,,,,
50024,26:52.500,26:52.518,1,1095.0,710.0,1205.0,855.0,,,,,,,,
50039,26:53.000,26:53.018,1,1100.0,671.0,1215.0,819.0,,,,,,,,
50054,26:53.500,26:53.518,1,995.0,705.0,1113.0,854.0,,,,,,,,
50069,26:54.000,26:54.018,2,890.0,646.0,1008.0,795.0,2242.0,768.0,2474.0,1064.0,,,,
50084,26:54.500,26:54.518,2,885.0,619.0,1009.0,774.0,2263.0,754.0,2492.0,1047.0,,,,
50099,26:55.000,26:55.018,1,923.0,657.0,1044.0,810.0,,,,,,,,
50114,26:55.500,26:55.518,2,1814.0,712.0,1996.0,976.0,515.0,646.0,657.0,809.0,,,,
50129,26:56.000,26:56.018,2,1650.0,713.0,1813.0,957.0,358.0,675.0,507.0,844.0,,,,
50144,26:56.500,26:56.520,2,1649.0,725.0,1814.0,968.0,358.0,765.0,506.0,936.0,,,,
50159,26:57.000,26:57.020,2,1821.0,636.0,2012.0,900.0,525.0,802.0,669.0,961.0,,,,
50174,26:57.500,26:57.520,1,907.0,737.0,1033.0,885.0,,,,,,,,
50189,26:58.000,26:58.020,2,2047.0,482.0,2284.0,775.0,716.0,708.0,852.0,861.0,,,,
50204,26:58.500,26:58.520,2,1402.0,640.0,1571.0,875.0,-18.0,873.0,172.0,1066.0,,,,
50219,26:59.000,26:59.020,1,1341.0,728.0,1508.0,958.0,,,,,,,,
50234,26:59.500,26:59.520,2,1511.0,533.0,1687.0,776.0,159.0,813.0,337.0,983.0,,,,
50249,27:00.000,27:00.020,2,1678.0,431.0,1869.0,685.0,346.0,654.0,512.0,841.0,,,,
50264,27:00.500,27:00.522,2,783.0,576.0,915.0,733.0,2148.0,386.0,2388.0,679.0,,,,
50279,27:01.000,27:01.022,2,865.0,612.0,990.0,762.0,2246.0,431.0,2460.0,720.0,,,,
50294,27:01.500,27:01.522,2,880.0,619.0,1010.0,769.0,2276.0,442.0,2481.0,737.0,,,,
50309,27:02.000,27:02.022,1,895.0,596.0,1023.0,749.0,,,,,,,,
50324,27:02.500,27:02.522,1,898.0,588.0,1025.0,742.0,,,,,,,,
50339,27:03.000,27:03.022,1,905.0,576.0,1033.0,735.0,,,,,,,,
50354,27:03.500,27:03.522,1,908.0,573.0,1038.0,727.0,,,,,,,,
50369,27:04.000,27:04.022,1,933.0,587.0,1060.0,741.0,,,,,,,,
50384,27:04.500,27:04.523,1,992.0,597.0,1117.0,753.0,,,,,,,,
50399,27:05.000,27:05.023,1,1011.0,577.0,1133.0,729.0,,,,,,,,
50414,27:05.500,27:05.523,1,1039.0,591.0,1160.0,747.0,,,,,,,,
50429,27:06.000,27:06.023,1,1113.0,705.0,1233.0,853.0,,,,,,,,
50444,27:06.500,27:06.523,1,1093.0,816.0,1213.0,963.0,,,,,,,,
50459,27:07.000,27:07.023,1,975.0,920.0,1098.0,1068.0,,,,,,,,
50474,27:07.500,27:07.523,2,2177.0,774.0,2389.0,1040.0,863.0,977.0,990.0,1129.0,,,,
50489,27:08.000,27:08.023,2,2136.0,802.0,2344.0,1067.0,843.0,1003.0,971.0,1157.0,,,,
50504,27:08.500,27:08.525,2,2121.0,809.0,2340.0,1078.0,857.0,1009.0,976.0,1160.0,,,,
50519,27:09.000,27:09.025,2,2097.0,798.0,2341.0,1078.0,816.0,1018.0,941.0,1173.0,,,,
50534,27:09.500,27:09.525,2,2075.0,839.0,2312.0,1113.0,783.0,1030.0,911.0,1188.0,,,,
50549,27:10.000,27:10.025,2,2002.0,840.0,2232.0,1109.0,724.0,1033.0,854.0,1189.0,,,,
50564,27:10.500,27:10.525,2,2018.0,832.0,2247.0,1105.0,727.0,1022.0,858.0,1177.0,,,,
50579,27:11.000,27:11.017,2,2115.0,727.0,2358.0,1008.0,814.0,940.0,941.0,1090.0,,,,
50594,27:11.500,27:11.517,1,947.0,767.0,1070.0,912.0,,,,,,,,
50609,27:12.000,27:12.017,1,955.0,796.0,1083.0,947.0,,,,,,,,
50624,27:12.500,27:12.518,1,973.0,807.0,1096.0,960.0,,,,,,,,
50639,27:13.000,27:13.010,1,1069.0,758.0,1190.0,905.0,,,,,,,,
50654,27:13.500,27:13.518,1,1077.0,642.0,1203.0,791.0,,,,,,,,
50669,27:14.000,27:14.018,1,1033.0,567.0,1161.0,721.0,,,,,,,,
50684,27:14.500,27:14.518,1,956.0,532.0,1085.0,682.0,,,,,,,,
50699,27:15.000,27:15.018,1,774.0,373.0,915.0,533.0,,,,,,,,
50714,27:15.500,27:15.518,1,787.0,306.0,933.0,476.0,,,,,,,,
50729,27:16.000,27:16.018,1,759.0,260.0,905.0,431.0,,,,,,,,
50744,27:16.500,27:16.520,1,879.0,403.0,1019.0,560.0,,,,,,,,
50759,27:17.000,27:17.020,1,1080.0,507.0,1206.0,664.0,,,,,,,,
50774,27:17.500,27:17.520,1,1102.0,590.0,1226.0,746.0,,,,,,,,
50789,27:18.000,27:18.020,1,1153.0,629.0,1276.0,778.0,,,,,,,,
50804,27:18.500,27:18.520,1,1186.0,675.0,1308.0,824.0,,,,,,,,
50819,27:19.000,27:19.020,1,1075.0,750.0,1194.0,897.0,,,,,,,,
50833,27:19.500,27:19.520,2,1570.0,768.0,1727.0,991.0,266.0,803.0,418.0,974.0,,,,
50848,27:20.000,27:20.020,2,1386.0,794.0,1533.0,1012.0,9.0,793.0,180.0,974.0,,,,
50863,27:20.500,27:20.522,2,1374.0,795.0,1520.0,1008.0,-4.0,794.0,158.0,970.0,,,,
50878,27:21.000,27:21.022,2,1372.0,825.0,1518.0,1034.0,-10.0,811.0,156.0,991.0,,,,
50893,27:21.500,27:21.522,1,1267.0,714.0,1382.0,867.0,,,,,,,,
50908,27:22.000,27:22.022,2,1048.0,646.0,1213.0,912.0,2295.0,912.0,2457.0,1101.0,,,,
50923,27:22.500,27:22.522,2,1062.0,632.0,1229.0,891.0,2293.0,881.0,2442.0,1063.0,,,,
50938,27:23.000,27:23.022,2,1067.0,574.0,1236.0,848.0,2301.0,832.0,2448.0,1020.0,,,,
50953,27:23.500,27:23.522,2,1056.0,567.0,1216.0,842.0,2284.0,821.0,2432.0,1004.0,,,,
50968,27:24.000,27:24.022,2,1034.0,567.0,1207.0,839.0,2265.0,821.0,2419.0,1001.0,,,,
50983,27:24.500,27:24.523,2,1010.0,546.0,1179.0,823.0,2234.0,796.0,2388.0,972.0,,,,
50998,27:25.000,27:25.023,2,966.0,549.0,1136.0,828.0,2178.0,778.0,2337.0,950.0,,,,
51013,27:25.500,27:25.523,2,971.0,550.0,1141.0,824.0,2175.0,783.0,2335.0,953.0,,,,
51028,27:26.000,27:26.023,2,954.0,528.0,1128.0,804.0,2178.0,757.0,2338.0,929.0,,,,
51043,27:26.500,27:26.523,2,947.0,527.0,1121.0,806.0,2174.0,755.0,2329.0,925.0,,,,
51058,27:27.000,27:27.023,2,949.0,531.0,1120.0,811.0,2164.0,755.0,2325.0,926.0,,,,
51073,27:27.500,27:27.523,2,935.0,527.0,1106.0,805.0,2141.0,744.0,2298.0,916.0,,,,
51088,27:28.000,27:28.023,2,920.0,512.0,1092.0,783.0,2123.0,725.0,2278.0,894.0,,,,
51103,27:28.500,27:28.525,2,892.0,474.0,1066.0,753.0,2092.0,685.0,2246.0,854.0,,,,
51118,27:29.000,27:29.025,2,825.0,419.0,1001.0,702.0,2020.0,613.0,2170.0,780.0,,,,
51133,27:29.500,27:29.525,2,769.0,465.0,951.0,744.0,1960.0,626.0,2105.0,790.0,,,,
51148,27:30.000,27:30.025,2,779.0,476.0,956.0,758.0,1957.0,634.0,2099.0,801.0,,,,
51163,27:30.500,27:30.517,2,764.0,504.0,943.0,787.0,1943.0,665.0,2081.0,824.0,,,,
51178,27:31.000,27:31.017,2,747.0,530.0,928.0,808.0,1926.0,685.0,2063.0,844.0,,,,
51193,27:31.500,27:31.517,2,765.0,535.0,942.0,820.0,1917.0,696.0,2056.0,855.0,,,,
51208,27:32.000,27:32.017,2,765.0,543.0,939.0,828.0,1906.0,701.0,2044.0,860.0,,,,
51223,27:32.500,27:32.518,2,504.0,577.0,697.0,864.0,1658.0,666.0,1782.0,819.0,,,,
51238,27:33.000,27:33.018,2,177.0,582.0,412.0,897.0,1417.0,721.0,1531.0,871.0,,,,
51253,27:33.500,27:33.518,2,1339.0,722.0,1456.0,874.0,22.0,593.0,273.0,919.0,,,,
51268,27:34.000,27:34.018,2,9.0,595.0,260.0,924.0,1327.0,716.0,1442.0,868.0,,,,
51283,27:34.500,27:34.518,2,1293.0,689.0,1408.0,837.0,-43.0,585.0,204.0,919.0,,,,
51298,27:35.000,27:35.018,2,1257.0,679.0,1369.0,825.0,-100.0,639.0,152.0,973.0,,,,
51313,27:35.500,27:35.518,2,1248.0,682.0,1364.0,828.0,-72.0,668.0,172.0,999.0,,,,
51328,27:36.000,27:36.018,2,1234.0,673.0,1349.0,820.0,-111.0,670.0,141.0,1013.0,,,,
51343,27:36.500,27:36.520,1,1262.0,668.0,1375.0,820.0,,,,,,,,
51358,27:37.000,27:37.020,2,1256.0,663.0,1370.0,811.0,-95.0,660.0,161.0,983.0,,,,
51373,27:37.500,27:37.520,2,1252.0,658.0,1367.0,805.0,-51.0,664.0,190.0,987.0,,,,
51388,27:38.000,27:38.020,2,1256.0,652.0,1369.0,800.0,-42.0,657.0,194.0,976.0,,,,
51403,27:38.500,27:38.520,2,1234.0,671.0,1349.0,821.0,-68.0,683.0,169.0,1000.0,,,,
51418,27:39.000,27:39.020,2,1221.0,675.0,1335.0,826.0,-87.0,682.0,148.0,1005.0,,,,
51433,27:39.500,27:39.520,2,1216.0,692.0,1331.0,841.0,-84.0,695.0,145.0,1011.0,,,,
51448,27:40.000,27:40.022,2,1202.0,681.0,1318.0,832.0,-101.0,689.0,124.0,1027.0,,,,
51463,27:40.500,27:40.522,1,1206.0,661.0,1322.0,813.0,,,,,,,,
51478,27:41.000,27:41.022,1,1170.0,649.0,1283.0,798.0,,,,,,,,
51493,27:41.500,27:41.522,1,1140.0,660.0,1255.0,809.0,,,,,,,,
51508,27:42.000,27:42.022,1,1100.0,632.0,1216.0,783.0,,,,,,,,
51523,27:42.500,27:42.522,1,1064.0,694.0,1180.0,846.0,,,,,,,,
51538,27:43.000,27:43.022,1,1012.0,624.0,1129.0,775.0,,,,,,,,
51553,27:43.500,27:43.522,1,1020.0,545.0,1137.0,702.0,,,,,,,,
51568,27:44.000,27:44.023,1,1028.0,591.0,1143.0,745.0,,,,,,,,
51583,27:44.500,27:44.523,1,1001.0,614.0,1118.0,768.0,,,,,,,,
51598,27:45.000,27:45.023,1,889.0,477.0,1012.0,641.0,,,,,,,,
51613,27:45.500,27:45.523,2,853.0,441.0,980.0,611.0,2275.0,404.0,2499.0,689.0,,,,
51628,27:46.000,27:46.023,2,2078.0,322.0,2310.0,606.0,729.0,495.0,863.0,664.0,,,,
51643,27:46.500,27:46.523,1,885.0,665.0,1009.0,821.0,,,,,,,,
51658,27:47.000,27:47.023,1,960.0,766.0,1082.0,919.0,,,,,,,,
51673,27:47.500,27:47.523,1,993.0,757.0,1117.0,911.0,,,,,,,,
51688,27:48.000,27:48.025,2,888.0,720.0,1019.0,880.0,2195.0,267.0,2437.0,553.0,,,,
51703,27:48.500,27:48.525,1,995.0,671.0,1123.0,830.0,,,,,,,,
51718,27:49.000,27:49.025,1,1006.0,734.0,1129.0,889.0,,,,,,,,
51733,27:49.500,27:49.525,1,998.0,792.0,1123.0,954.0,,,,,,,,
51748,27:50.000,27:50.017,1,1017.0,805.0,1140.0,961.0,,,,,,,,
51763,27:50.500,27:50.517,1,1047.0,790.0,1170.0,942.0,,,,,,,,
51778,27:51.000,27:51.017,1,1045.0,805.0,1166.0,963.0,,,,,,,,
51793,27:51.500,27:51.517,1,1053.0,793.0,1175.0,949.0,,,,,,,,
51808,27:52.000,27:52.018,1,1086.0,727.0,1205.0,879.0,,,,,,,,
51823,27:52.500,27:52.518,1,1062.0,705.0,1184.0,861.0,,,,,,,,
51838,27:53.000,27:53.018,1,1061.0,707.0,1180.0,870.0,,,,,,,,
51853,27:53.500,27:53.518,1,1070.0,693.0,1189.0,850.0,,,,,,,,
51868,27:54.000,27:54.018,1,1058.0,695.0,1181.0,849.0,,,,,,,,
51883,27:54.500,27:54.518,1,1068.0,693.0,1187.0,848.0,,,,,,,,
51898,27:55.000,27:55.018,1,1072.0,710.0,1193.0,861.0,,,,,,,,
51913,27:55.500,27:55.518,1,1065.0,694.0,1188.0,844.0,,,,,,,,
51928,27:56.000,27:56.020,1,1078.0,703.0,1200.0,849.0,,,,,,,,
51943,27:56.500,27:56.520,1,1086.0,701.0,1212.0,849.0,,,,,,,,
51958,27:57.000,27:57.020,1,1089.0,710.0,1211.0,865.0,,,,,,,,
51973,27:57.500,27:57.520,1,1069.0,721.0,1191.0,871.0,,,,,,,,
51988,27:58.000,27:58.020,1,1028.0,721.0,1151.0,870.0,,,,,,,,
52003,27:58.500,27:58.520,1,1033.0,727.0,1155.0,875.0,,,,,,,,
52018,27:59.000,27:59.020,1,1035.0,733.0,1156.0,889.0,,,,,,,,
52033,27:59.500,27:59.520,1,1089.0,733.0,1208.0,885.0,,,,,,,,
52048,28:00.000,28:00.022,1,1140.0,720.0,1258.0,879.0,,,,,,,,
52063,28:00.500,28:00.522,1,1097.0,718.0,1218.0,868.0,,,,,,,,
52078,28:01.000,28:01.022,1,1091.0,728.0,1208.0,875.0,,,,,,,,
52093,28:01.500,28:01.522,1,1091.0,726.0,1209.0,874.0,,,,,,,,
52108,28:02.000,28:02.022,1,1080.0,727.0,1200.0,881.0,,,,,,,,
52123,28:02.500,28:02.522,1,1054.0,753.0,1173.0,905.0,,,,,,,,
52138,28:03.000,28:03.022,1,1061.0,748.0,1179.0,905.0,,,,,,,,
52153,28:03.500,28:03.522,1,1065.0,751.0,1185.0,905.0,,,,,,,,
52168,28:04.000,28:04.023,1,1057.0,755.0,1179.0,906.0,,,,,,,,
52183,28:04.500,28:04.523,1,1102.0,759.0,1219.0,907.0,,,,,,,,
52198,28:05.000,28:05.023,1,1062.0,752.0,1183.0,903.0,,,,,,,,
52213,28:05.500,28:05.523,1,963.0,762.0,1084.0,911.0,,,,,,,,
52228,28:06.000,28:06.023,2,873.0,756.0,997.0,907.0,2218.0,644.0,2408.0,903.0,,,,
52243,28:06.500,28:06.523,1,983.0,762.0,1104.0,912.0,,,,,,,,
52258,28:07.000,28:07.023,1,929.0,677.0,1050.0,832.0,,,,,,,,
52273,28:07.500,28:07.523,1,986.0,637.0,1104.0,793.0,,,,,,,,
52287,28:08.000,28:08.000,2,1468.0,668.0,1629.0,893.0,44.0,783.0,236.0,981.0,,,,
52303,28:08.500,28:08.525,2,1585.0,720.0,1750.0,948.0,256.0,867.0,421.0,1054.0,,,,
52318,28:09.000,28:09.025,1,1029.0,720.0,1153.0,877.0,,,,,,,,
52333,28:09.500,28:09.517,1,1262.0,676.0,1385.0,830.0,,,,,,,,
52348,28:10.000,28:10.017,2,1348.0,690.0,1467.0,848.0,-62.0,764.0,203.0,1120.0,,,,
52363,28:10.500,28:10.517,1,1285.0,645.0,1402.0,808.0,,,,,,,,
52378,28:11.000,28:11.017,1,1174.0,634.0,1294.0,794.0,,,,,,,,
52393,28:11.500,28:11.517,1,1155.0,656.0,1274.0,813.0,,,,,,,,
52408,28:12.000,28:12.018,1,1166.0,655.0,1284.0,809.0,,,,,,,,
52423,28:12.500,28:12.518,1,1287.0,683.0,1406.0,838.0,,,,,,,,
52438,28:13.000,28:13.018,1,1217.0,719.0,1335.0,875.0,,,,,,,,
52453,28:13.500,28:13.518,1,1191.0,932.0,1307.0,1091.0,,,,,,,,
52468,28:14.000,28:14.018,1,1194.0,975.0,1311.0,1134.0,,,,,,,,
52483,28:14.500,28:14.518,1,1218.0,1063.0,1337.0,1224.0,,,,,,,,
52498,28:15.000,28:15.018,1,1184.0,966.0,1302.0,1125.0,,,,,,,,
52513,28:15.500,28:15.518,1,1207.0,974.0,1321.0,1130.0,,,,,,,,
52528,28:16.000,28:16.020,1,1235.0,983.0,1353.0,1139.0,,,,,,,,
52543,28:16.500,28:16.520,2,532.0,859.0,736.0,1165.0,1908.0,976.0,2047.0,1146.0,,,,
52558,28:17.000,28:17.020,2,559.0,840.0,760.0,1142.0,1924.0,924.0,2061.0,1093.0,,,,
52573,28:17.500,28:17.528,2,1511.0,792.0,1667.0,1014.0,232.0,698.0,383.0,876.0,,,,
52588,28:18.000,28:18.020,1,1306.0,784.0,1456.0,1007.0,,,,,,,,
52603,28:18.500,28:18.520,1,1303.0,770.0,1452.0,991.0,,,,,,,,
52618,28:19.000,28:19.020,1,1298.0,797.0,1442.0,1015.0,,,,,,,,
52633,28:19.500,28:19.520,1,1313.0,776.0,1461.0,997.0,,,,,,,,
52648,28:20.000,28:20.022,2,1381.0,775.0,1527.0,994.0,-33.0,673.0,138.0,860.0,,,,
52663,28:20.500,28:20.538,2,513.0,663.0,652.0,825.0,1774.0,720.0,1945.0,956.0,,,,
52678,28:21.000,28:21.022,1,1040.0,625.0,1157.0,775.0,,,,,,,,
52693,28:21.500,28:21.522,1,1088.0,584.0,1205.0,734.0,,,,,,,,
52708,28:22.000,28:22.022,1,1126.0,592.0,1235.0,736.0,,,,,,,,
52723,28:22.500,28:22.522,1,1090.0,604.0,1205.0,753.0,,,,,,,,
52738,28:23.000,28:23.022,1,1205.0,649.0,1318.0,797.0,,,,,,,,
52753,28:23.500,28:23.522,2,549.0,669.0,736.0,951.0,1783.0,653.0,1918.0,813.0,,,,
52768,28:24.000,28:24.023,2,1412.0,695.0,1528.0,841.0,84.0,820.0,326.0,1115.0,,,,
52783,28:24.500,28:24.523,2,934.0,707.0,1048.0,851.0,2226.0,698.0,2426.0,959.0,,,,
52798,28:25.000,28:25.023,2,931.0,650.0,1045.0,795.0,2206.0,664.0,2404.0,925.0,,,,
52813,28:25.500,28:25.523,1,1035.0,573.0,1145.0,721.0,,,,,,,,
52828,28:26.000,28:26.023,1,1000.0,568.0,1112.0,713.0,,,,,,,,
52843,28:26.500,28:26.523,2,1761.0,596.0,1937.0,831.0,547.0,568.0,679.0,725.0,,,,
52858,28:27.000,28:27.023,2,660.0,482.0,781.0,634.0,1868.0,504.0,2064.0,748.0,,,,
52873,28:27.500,28:27.523,2,901.0,407.0,1017.0,555.0,2191.0,370.0,2418.0,647.0,,,,
52888,28:28.000,28:28.025,2,927.0,392.0,1044.0,544.0,2263.0,245.0,2481.0,518.0,,,,
52904,28:28.500,28:28.517,2,928.0,402.0,1049.0,558.0,2258.0,220.0,2461.0,500.0,,,,
52919,28:29.000,28:29.017,2,957.0,483.0,1075.0,641.0,2275.0,291.0,2470.0,558.0,,,,
52934,28:29.500,28:29.517,1,583.0,332.0,729.0,497.0,,,,,,,,
52949,28:30.000,28:30.017,1,591.0,271.0,739.0,443.0,,,,,,,,
52964,28:30.500,28:30.517,1,623.0,352.0,767.0,516.0,,,,,,,,
52978,28:31.000,28:31.017,2,1829.0,307.0,2029.0,581.0,594.0,680.0,735.0,839.0,,,,
52993,28:31.500,28:31.517,2,1889.0,554.0,2091.0,811.0,641.0,836.0,778.0,995.0,,,,
53008,28:32.000,28:32.018,2,1929.0,583.0,2137.0,845.0,686.0,875.0,816.0,1033.0,,,,
53023,28:32.500,28:32.518,2,1810.0,486.0,1996.0,741.0,571.0,707.0,710.0,867.0,,,,
53038,28:33.000,28:33.018,2,1716.0,837.0,1899.0,1074.0,535.0,998.0,675.0,1157.0,,,,
53053,28:33.500,28:33.518,2,1521.0,771.0,1687.0,997.0,298.0,884.0,456.0,1061.0,,,,
53068,28:34.000,28:34.018,2,1776.0,805.0,1961.0,1043.0,561.0,769.0,699.0,934.0,,,,
53083,28:34.500,28:34.518,1,1009.0,641.0,1128.0,795.0,,,,,,,,
53098,28:35.000,28:35.018,1,1133.0,623.0,1252.0,775.0,,,,,,,,
53113,28:35.500,28:35.518,1,1158.0,614.0,1275.0,769.0,,,,,,,,
53128,28:36.000,28:36.020,1,1126.0,587.0,1245.0,746.0,,,,,,,,
53143,28:36.500,28:36.520,1,1041.0,600.0,1159.0,760.0,,,,,,,,
53158,28:37.000,28:37.020,1,1108.0,656.0,1224.0,809.0,,,,,,,,
53173,28:37.500,28:37.520,1,1122.0,666.0,1239.0,821.0,,,,,,,,
53188,28:38.000,28:38.020,1,1120.0,684.0,1237.0,836.0,,,,,,,,
53203,28:38.500,28:38.520,1,1132.0,717.0,1247.0,865.0,,,,,,,,
53218,28:39.000,28:39.020,1,1160.0,715.0,1277.0,869.0,,,,,,,,
53233,28:39.500,28:39.520,2,636.0,606.0,829.0,880.0,1932.0,678.0,2083.0,850.0,,,,
53248,28:40.000,28:40.022,2,660.0,598.0,847.0,866.0,1916.0,630.0,2061.0,804.0,,,,
53263,28:40.500,28:40.522,1,1277.0,507.0,1393.0,661.0,,,,,,,,
53278,28:41.000,28:41.022,2,1666.0,535.0,1828.0,764.0,478.0,556.0,608.0,717.0,,,,
53293,28:41.500,28:41.522,2,1469.0,580.0,1621.0,799.0,255.0,638.0,400.0,807.0,,,,
53308,28:42.000,28:42.022,2,1514.0,571.0,1672.0,791.0,312.0,633.0,453.0,799.0,,,,
53323,28:42.500,28:42.522,2,1481.0,558.0,1636.0,775.0,276.0,640.0,417.0,810.0,,,,
53338,28:43.000,28:43.022,2,1524.0,574.0,1682.0,796.0,330.0,666.0,467.0,829.0,,,,
53353,28:43.500,28:43.522,2,1555.0,600.0,1714.0,821.0,369.0,703.0,503.0,865.0,,,,
53368,28:44.000,28:44.023,2,1582.0,608.0,1749.0,835.0,362.0,745.0,497.0,908.0,,,,
53384,28:44.500,28:44.523,2,1602.0,632.0,1765.0,857.0,412.0,774.0,546.0,936.0,,,,
53399,28:45.000,28:45.023,2,1613.0,640.0,1774.0,865.0,430.0,794.0,563.0,956.0,,,,
53414,28:45.500,28:45.523,2,1623.0,642.0,1787.0,869.0,438.0,804.0,575.0,966.0,,,,
53429,28:46.000,28:46.023,2,688.0,748.0,808.0,905.0,1863.0,586.0,2047.0,829.0,,,,
53444,28:46.500,28:46.523,2,2012.0,551.0,2213.0,804.0,812.0,711.0,926.0,866.0,,,,
53459,28:47.000,28:47.023,2,904.0,729.0,1015.0,873.0,2122.0,572.0,2337.0,835.0,,,,
53474,28:47.500,28:47.523,2,1009.0,751.0,1118.0,896.0,2281.0,572.0,2483.0,849.0,,,,
53489,28:48.000,28:48.025,2,1002.0,729.0,1115.0,874.0,2226.0,535.0,2458.0,804.0,,,,
53504,28:48.500,28:48.517,1,1121.0,678.0,1236.0,826.0,,,,,,,,
53519,28:49.000,28:49.017,1,1077.0,682.0,1192.0,828.0,,,,,,,,
53534,28:49.500,28:49.517,1,1075.0,683.0,1190.0,829.0,,,,,,,,
53549,28:50.000,28:50.017,1,1050.0,650.0,1169.0,796.0,,,,,,,,
53564,28:50.500,28:50.517,1,1135.0,632.0,1252.0,780.0,,,,,,,,
53579,28:51.000,28:51.017,1,1120.0,620.0,1241.0,768.0,,,,,,,,
53594,28:51.500,28:51.517,1,1041.0,652.0,1160.0,800.0,,,,,,,,
53609,28:52.000,28:52.018,1,1015.0,660.0,1137.0,812.0,,,,,,,,
53624,28:52.500,28:52.518,1,1032.0,698.0,1153.0,850.0,,,,,,,,
53639,28:53.000,28:53.018,2,922.0,794.0,1043.0,942.0,2114.0,526.0,2343.0,775.0,,,,
53655,28:53.500,28:53.518,2,907.0,685.0,1027.0,839.0,2072.0,477.0,2297.0,725.0,,,,
53670,28:54.000,28:54.018,2,1020.0,682.0,1133.0,828.0,2252.0,593.0,2469.0,853.0,,,,
53685,28:54.500,28:54.518,2,1014.0,811.0,1129.0,959.0,2232.0,709.0,2457.0,969.0,,,,
53700,28:55.000,28:55.018,2,988.0,832.0,1102.0,981.0,2183.0,662.0,2426.0,915.0,,,,
53715,28:55.500,28:55.518,2,926.0,804.0,1042.0,955.0,2106.0,616.0,2341.0,865.0,,,,
53730,28:56.000,28:56.020,2,2086.0,624.0,2320.0,873.0,908.0,798.0,1027.0,949.0,,,,
53745,28:56.500,28:56.520,2,2056.0,662.0,2282.0,904.0,884.0,817.0,1003.0,971.0,,,,
53760,28:57.000,28:57.020,2,1001.0,806.0,1119.0,958.0,2201.0,571.0,2448.0,836.0,,,,
53775,28:57.500,28:57.520,2,2136.0,283.0,2400.0,556.0,970.0,727.0,1096.0,889.0,,,,
53790,28:58.000,28:58.020,2,2131.0,178.0,2399.0,457.0,939.0,641.0,1067.0,799.0,,,,
53805,28:58.500,28:58.520,2,2159.0,282.0,2413.0,550.0,973.0,708.0,1097.0,863.0,,,,
53820,28:59.000,28:59.020,2,1018.0,720.0,1137.0,873.0,2228.0,361.0,2473.0,632.0,,,,
53835,28:59.500,28:59.520,1,1063.0,700.0,1181.0,849.0,,,,,,,,
53850,29:00.000,29:00.022,1,1034.0,676.0,1153.0,823.0,,,,,,,,
53865,29:00.500,29:00.522,1,1036.0,813.0,1152.0,966.0,,,,,,,,
53880,29:01.000,29:01.022,1,1028.0,733.0,1146.0,883.0,,,,,,,,
53895,29:01.500,29:01.522,1,1099.0,609.0,1219.0,760.0,,,,,,,,
53910,29:02.000,29:02.022,1,1042.0,678.0,1161.0,823.0,,,,,,,,
53925,29:02.500,29:02.522,1,1059.0,648.0,1181.0,799.0,,,,,,,,
53940,29:03.000,29:03.022,1,1070.0,657.0,1190.0,807.0,,,,,,,,
53955,29:03.500,29:03.522,1,1089.0,633.0,1207.0,784.0,,,,,,,,
53970,29:04.000,29:04.023,1,1106.0,622.0,1221.0,766.0,,,,,,,,
53985,29:04.500,29:04.523,1,1101.0,611.0,1223.0,764.0,,,,,,,,
54000,29:05.000,29:05.023,1,1102.0,614.0,1223.0,765.0,,,,,,,,
54015,29:05.500,29:05.523,1,1125.0,634.0,1248.0,785.0,,,,,,,,
54030,29:06.000,29:06.023,1,1168.0,632.0,1289.0,778.0,,,,,,,,
54045,29:06.500,29:06.523,1,1203.0,591.0,1322.0,741.0,,,,,,,,
54060,29:07.000,29:07.023,2,1213.0,573.0,1332.0,723.0,-95.0,990.0,129.0,1271.0,,,,
54075,29:07.500,29:07.523,1,1213.0,560.0,1328.0,697.0,,,,,,,,
54090,29:08.000,29:08.025,1,1221.0,588.0,1326.0,710.0,,,,,,,,
54105,29:08.500,29:08.517,1,1238.0,623.0,1350.0,762.0,,,,,,,,
54120,29:09.000,29:09.017,1,1238.0,636.0,1350.0,773.0,,,,,,,,
54135,29:09.500,29:09.517,2,1234.0,642.0,1349.0,787.0,-91.0,1017.0,142.0,1318.0,,,,
54150,29:10.000,29:10.017,2,1248.0,680.0,1364.0,824.0,-86.0,1032.0,151.0,1327.0,,,,
54165,29:10.500,29:10.517,2,1238.0,657.0,1353.0,808.0,-92.0,1030.0,143.0,1325.0,,,,
54180,29:11.000,29:11.017,2,1215.0,689.0,1330.0,839.0,-94.0,1060.0,135.0,1354.0,,,,
54195,29:11.500,29:11.527,1,1183.0,742.0,1302.0,887.0,,,,,,,,
54210,29:12.000,29:12.018,1,1067.0,622.0,1188.0,766.0,,,,,,,,
54225,29:12.500,29:12.518,1,1126.0,663.0,1246.0,803.0,,,,,,,,
54240,29:13.000,29:13.018,1,1142.0,631.0,1265.0,773.0,,,,,,,,
54255,29:13.500,29:13.518,1,1151.0,651.0,1272.0,794.0,,,,,,,,
54270,29:14.000,29:14.018,1,1166.0,669.0,1286.0,813.0,,,,,,,,
54285,29:14.500,29:14.518,2,514.0,930.0,693.0,1182.0,1683.0,589.0,1814.0,748.0,,,,
54300,29:15.000,29:15.018,2,641.0,793.0,812.0,1045.0,1813.0,561.0,1951.0,727.0,,,,
54315,29:15.500,29:15.520,2,626.0,799.0,797.0,1053.0,1832.0,564.0,1972.0,731.0,,,,
54330,29:16.000,29:16.020,2,1357.0,601.0,1474.0,752.0,-33.0,763.0,202.0,1066.0,,,,
54345,29:16.500,29:16.520,1,1240.0,683.0,1355.0,835.0,,,,,,,,
54360,29:17.000,29:17.020,2,1305.0,695.0,1421.0,846.0,-94.0,891.0,125.0,1196.0,,,,
54375,29:17.500,29:17.520,2,1390.0,665.0,1509.0,815.0,0.0,910.0,253.0,1202.0,,,,
54390,29:18.000,29:18.020,1,1238.0,639.0,1354.0,787.0,,,,,,,,
54405,29:18.500,29:18.520,1,1190.0,650.0,1306.0,796.0,,,,,,,,
54420,29:19.000,29:19.020,1,1176.0,666.0,1291.0,819.0,,,,,,,,
54435,29:19.500,29:19.522,1,1174.0,678.0,1292.0,830.0,,,,,,,,
54450,29:20.000,29:20.022,1,1167.0,677.0,1282.0,829.0,,,,,,,,
54465,29:20.500,29:20.522,1,1132.0,733.0,1246.0,885.0,,,,,,,,
54480,29:21.000,29:21.022,1,1166.0,755.0,1280.0,901.0,,,,,,,,
54495,29:21.500,29:21.522,1,1202.0,779.0,1316.0,927.0,,,,,,,,
54510,29:22.000,29:22.022,1,1169.0,760.0,1280.0,907.0,,,,,,,,
54525,29:22.500,29:22.522,1,1140.0,768.0,1248.0,917.0,,,,,,,,
54540,29:23.000,29:23.022,1,1105.0,790.0,1218.0,938.0,,,,,,,,
54555,29:23.500,29:23.523,1,1115.0,798.0,1230.0,945.0,,,,,,,,
54570,29:24.000,29:24.023,1,1091.0,772.0,1201.0,921.0,,,,,,,,
54585,29:24.500,29:24.523,1,1071.0,779.0,1182.0,925.0,,,,,,,,
54600,29:25.000,29:25.023,1,1049.0,759.0,1157.0,906.0,,,,,,,,
54615,29:25.500,29:25.523,1,1012.0,740.0,1119.0,884.0,,,,,,,,
54630,29:26.000,29:26.023,2,779.0,718.0,891.0,863.0,2010.0,670.0,2218.0,938.0,,,,
54645,29:26.500,29:26.523,2,1756.0,682.0,1937.0,932.0,544.0,744.0,668.0,900.0,,,,
54660,29:27.000,29:27.023,2,1769.0,679.0,1950.0,927.0,554.0,749.0,677.0,902.0,,,,
54675,29:27.500,29:27.517,2,662.0,733.0,784.0,883.0,1879.0,672.0,2072.0,930.0,,,,
54690,29:28.000,29:28.017,2,2189.0,680.0,2401.0,957.0,913.0,723.0,1022.0,868.0,,,,
54705,29:28.500,29:28.517,1,1079.0,753.0,1185.0,898.0,,,,,,,,
54720,29:29.000,29:29.017,1,1130.0,754.0,1243.0,900.0,,,,,,,,
54735,29:29.500,29:29.517,1,1085.0,731.0,1200.0,878.0,,,,,,,,
54750,29:30.000,29:30.017,2,2091.0,596.0,2332.0,882.0,788.0,683.0,911.0,834.0,,,,
54765,29:30.500,29:30.517,2,356.0,768.0,505.0,937.0,1612.0,681.0,1773.0,909.0,,,,
54780,29:31.000,29:31.017,2,613.0,673.0,733.0,820.0,1828.0,563.0,1982.0,811.0,,,,
54794,29:31.500,29:31.518,2,2128.0,639.0,2349.0,909.0,885.0,791.0,995.0,933.0,,,,
54809,29:32.000,29:32.018,2,900.0,907.0,1009.0,1054.0,2141.0,732.0,2375.0,1005.0,,,,
54824,29:32.500,29:32.518,1,947.0,922.0,1066.0,1071.0,,,,,,,,
54839,29:33.000,29:33.018,1,1008.0,958.0,1127.0,1109.0,,,,,,,,
54854,29:33.500,29:33.518,1,1050.0,949.0,1168.0,1097.0,,,,,,,,
54869,29:34.000,29:34.018,1,1076.0,964.0,1194.0,1117.0,,,,,,,,
54884,29:34.500,29:34.518,1,1078.0,1020.0,1198.0,1174.0,,,,,,,,
54899,29:35.000,29:35.018,1,1156.0,915.0,1276.0,1070.0,,,,,,,,
54914,29:35.500,29:35.520,1,1192.0,754.0,1308.0,906.0,,,,,,,,
54929,29:36.000,29:36.020,1,1188.0,693.0,1306.0,849.0,,,,,,,,
54944,29:36.500,29:36.520,1,1194.0,652.0,1311.0,807.0,,,,,,,,
54959,29:37.000,29:37.020,1,1160.0,622.0,1277.0,772.0,,,,,,,,
54974,29:37.500,29:37.520,1,1170.0,623.0,1289.0,772.0,,,,,,,,
54989,29:38.000,29:38.020,1,1174.0,643.0,1297.0,795.0,,,,,,,,
55004,29:38.500,29:38.520,1,1189.0,684.0,1311.0,838.0,,,,,,,,
55019,29:39.000,29:39.020,1,1196.0,725.0,1307.0,877.0,,,,,,,,
55034,29:39.500,29:39.522,1,1201.0,658.0,1310.0,802.0,,,,,,,,
55049,29:40.000,29:40.022,2,1172.0,488.0,1292.0,633.0,-95.0,913.0,149.0,1194.0,,,,
55064,29:40.500,29:40.522,1,1131.0,592.0,1256.0,743.0,,,,,,,,
55079,29:41.000,29:41.022,1,1154.0,620.0,1277.0,766.0,,,,,,,,
55094,29:41.500,29:41.522,1,1060.0,644.0,1185.0,792.0,,,,,,,,
55109,29:42.000,29:42.022,1,1076.0,633.0,1198.0,780.0,,,,,,,,
55124,29:42.500,29:42.522,1,1210.0,482.0,1328.0,620.0,,,,,,,,
55139,29:43.000,29:43.022,1,1224.0,405.0,1342.0,539.0,,,,,,,,
55153,29:43.500,29:43.515,0,,,,,,,,,,,,
55169,29:44.000,29:44.023,1,1172.0,188.0,1295.0,335.0,,,,,,,,
55184,29:44.500,29:44.523,1,956.0,275.0,1076.0,424.0,,,,,,,,
55199,29:45.000,29:45.023,0,,,,,,,,,,,,
55214,29:45.500,29:45.523,0,,,,,,,,,,,,
55229,29:46.000,29:46.023,0,,,,,,,,,,,,
55244,29:46.500,29:46.523,1,1161.0,368.0,1287.0,521.0,,,,,,,,
55259,29:47.000,29:47.015,1,1210.0,823.0,1330.0,968.0,,,,,,,,
55274,29:47.500,29:47.517,1,1173.0,879.0,1294.0,1031.0,,,,,,,,
55289,29:48.000,29:48.017,1,1154.0,816.0,1277.0,961.0,,,,,,,,
55304,29:48.500,29:48.517,1,1319.0,841.0,1445.0,984.0,,,,,,,,
55319,29:49.000,29:49.017,2,317.0,862.0,538.0,1163.0,1675.0,804.0,1817.0,962.0,,,,
55334,29:49.500,29:49.517,1,1445.0,884.0,1630.0,1168.0,,,,,,,,
55349,29:50.000,29:50.017,1,2083.0,868.0,2339.0,1203.0,,,,,,,,
55364,29:50.500,29:50.517,1,2102.0,843.0,2360.0,1184.0,,,,,,,,
55379,29:51.000,29:51.017,1,2049.0,847.0,2304.0,1177.0,,,,,,,,
55394,29:51.500,29:51.518,1,1908.0,807.0,2139.0,1124.0,,,,,,,,
55409,29:52.000,29:52.018,1,1776.0,838.0,1985.0,1139.0,,,,,,,,
55424,29:52.500,29:52.518,1,1625.0,828.0,1819.0,1125.0,,,,,,,,
55439,29:53.000,29:53.018,1,1303.0,809.0,1482.0,1089.0,,,,,,,,
55454,29:53.500,29:53.518,2,725.0,780.0,915.0,1054.0,2158.0,724.0,2351.0,918.0,,,,
55469,29:54.000,29:54.018,1,1329.0,672.0,1457.0,836.0,,,,,,,,
55484,29:54.500,29:54.518,1,1157.0,760.0,1282.0,923.0,,,,,,,,
55499,29:55.000,29:55.018,1,1060.0,836.0,1186.0,996.0,,,,,,,,
55514,29:55.500,29:55.520,1,1134.0,839.0,1259.0,997.0,,,,,,,,
55529,29:56.000,29:56.020,1,1017.0,805.0,1145.0,966.0,,,,,,,,
55544,29:56.500,29:56.520,2,2106.0,745.0,2346.0,1037.0,674.0,727.0,813.0,893.0,,,,
55559,29:57.000,29:57.020,2,1869.0,757.0,2074.0,1027.0,476.0,726.0,620.0,895.0,,,,
55574,29:57.500,29:57.520,2,1951.0,833.0,2165.0,1107.0,554.0,786.0,694.0,955.0,,,,
55589,29:58.000,29:58.020,2,653.0,806.0,789.0,972.0,2071.0,838.0,2304.0,1134.0,,,,
55604,29:58.500,29:58.520,1,926.0,749.0,1049.0,908.0,,,,,,,,
55619,29:59.000,29:59.020,1,1002.0,718.0,1124.0,874.0,,,,,,,,
55634,29:59.500,29:59.522,1,941.0,721.0,1063.0,879.0,,,,,,,,
55649,30:00.000,30:00.022,1,984.0,712.0,1105.0,874.0,,,,,,,,
55664,30:00.500,30:00.522,1,984.0,714.0,1106.0,879.0,,,,,,,,
55679,30:01.000,30:01.022,1,960.0,714.0,1084.0,875.0,,,,,,,,
55694,30:01.500,30:01.522,1,964.0,719.0,1089.0,882.0,,,,,,,,
55709,30:02.000,30:02.022,1,1054.0,743.0,1177.0,902.0,,,,,,,,
55724,30:02.500,30:02.522,1,1125.0,779.0,1247.0,942.0,,,,,,,,
55739,30:03.000,30:03.022,1,1010.0,804.0,1136.0,969.0,,,,,,,,
55754,30:03.500,30:03.523,1,1030.0,792.0,1159.0,958.0,,,,,,,,
55769,30:04.000,30:04.023,1,1075.0,815.0,1203.0,979.0,,,,,,,,
55784,30:04.500,30:04.523,1,1057.0,831.0,1186.0,994.0,,,,,,,,
55799,30:05.000,30:05.023,1,1098.0,764.0,1222.0,923.0,,,,,,,,
55814,30:05.500,30:05.523,1,1091.0,717.0,1217.0,877.0,,,,,,,,
55829,30:06.000,30:06.023,1,1104.0,745.0,1229.0,904.0,,,,,,,,
55844,30:06.500,30:06.523,1,1060.0,739.0,1189.0,905.0,,,,,,,,
55859,30:07.000,30:07.015,1,1030.0,750.0,1155.0,912.0,,,,,,,,
55874,30:07.500,30:07.517,1,1052.0,720.0,1179.0,883.0,,,,,,,,
55889,30:08.000,30:08.017,1,989.0,743.0,1118.0,907.0,,,,,,,,
55904,30:08.500,30:08.517,2,1631.0,745.0,1817.0,990.0,203.0,668.0,385.0,859.0,,,,
55919,30:09.000,30:09.017,2,1536.0,747.0,1709.0,984.0,68.0,612.0,259.0,820.0,,,,
55934,30:09.500,30:09.517,2,1535.0,749.0,1705.0,984.0,68.0,609.0,262.0,816.0,,,,
55949,30:10.000,30:10.017,2,796.0,711.0,928.0,880.0,2199.0,831.0,2402.0,1113.0,,,,
55964,30:10.500,30:10.517,2,2037.0,842.0,2212.0,1032.0,646.0,716.0,843.0,998.0,,,,
55979,30:11.000,30:11.017,1,862.0,766.0,1040.0,1036.0,,,,,,,,
55994,30:11.500,30:11.518,2,864.0,775.0,1033.0,1038.0,2260.0,838.0,2440.0,1037.0,,,,
56009,30:12.000,30:12.018,1,1289.0,838.0,1455.0,1103.0,,,,,,,,
56024,30:12.500,30:12.518,1,1634.0,811.0,1818.0,1089.0,,,,,,,,
56039,30:13.000,30:13.018,1,1710.0,762.0,1894.0,1046.0,,,,,,,,
56054,30:13.500,30:13.518,1,1674.0,752.0,1861.0,1031.0,,,,,,,,
56069,30:14.000,30:14.018,1,1610.0,754.0,1789.0,1025.0,,,,,,,,
56084,30:14.500,30:14.518,1,1538.0,754.0,1713.0,1025.0,,,,,,,,
56099,30:15.000,30:15.018,1,1249.0,732.0,1417.0,993.0,,,,,,,,
56114,30:15.500,30:15.520,2,405.0,760.0,611.0,1042.0,1732.0,718.0,1881.0,899.0,,,,
56129,30:16.000,30:16.020,1,1330.0,705.0,1460.0,873.0,,,,,,,,
56144,30:16.500,30:16.520,1,1204.0,698.0,1334.0,871.0,,,,,,,,
56159,30:17.000,30:17.020,1,1126.0,755.0,1256.0,918.0,,,,,,,,
56174,30:17.500,30:17.520,1,1155.0,740.0,1284.0,905.0,,,,,,,,
56189,30:18.000,30:18.020,1,1173.0,760.0,1303.0,922.0,,,,,,,,
56204,30:18.500,30:18.520,1,1033.0,649.0,1166.0,811.0,,,,,,,,
56219,30:19.000,30:19.020,1,1043.0,827.0,1176.0,986.0,,,,,,,,
56234,30:19.500,30:19.522,1,1065.0,813.0,1194.0,971.0,,,,,,,,
56249,30:20.000,30:20.022,1,1091.0,624.0,1212.0,779.0,,,,,,,,
56264,30:20.500,30:20.522,1,1128.0,558.0,1247.0,714.0,,,,,,,,
56279,30:21.000,30:21.022,1,1153.0,581.0,1269.0,733.0,,,,,,,,
56294,30:21.500,30:21.522,1,1120.0,561.0,1237.0,712.0,,,,,,,,
56309,30:22.000,30:22.022,1,1128.0,539.0,1245.0,695.0,,,,,,,,
56324,30:22.500,30:22.522,1,1149.0,619.0,1263.0,767.0,,,,,,,,
56339,30:23.000,30:23.022,1,1146.0,564.0,1263.0,715.0,,,,,,,,
56354,30:23.500,30:23.523,1,1165.0,595.0,1279.0,749.0,,,,,,,,
56369,30:24.000,30:24.023,1,1147.0,588.0,1263.0,741.0,,,,,,,,
56384,30:24.500,30:24.523,1,1143.0,608.0,1261.0,762.0,,,,,,,,
56399,30:25.000,30:25.023,1,1149.0,629.0,1266.0,782.0,,,,,,,,
56414,30:25.500,30:25.523,1,1101.0,701.0,1216.0,852.0,,,,,,,,
56429,30:26.000,30:26.023,1,1027.0,682.0,1142.0,832.0,,,,,,,,
56444,30:26.500,30:26.515,2,985.0,667.0,1098.0,817.0,2266.0,635.0,2432.0,877.0,,,,
56459,30:27.000,30:27.015,2,993.0,657.0,1108.0,808.0,2281.0,626.0,2451.0,873.0,,,,
56474,30:27.500,30:27.517,1,1030.0,613.0,1145.0,765.0,,,,,,,,
56489,30:28.000,30:28.017,1,1079.0,566.0,1193.0,719.0,,,,,,,,
56504,30:28.500,30:28.517,1,1115.0,521.0,1229.0,671.0,,,,,,,,
56519,30:29.000,30:29.017,1,1141.0,503.0,1258.0,662.0,,,,,,,,
56534,30:29.500,30:29.517,1,1131.0,544.0,1247.0,698.0,,,,,,,,
56549,30:30.000,30:30.017,1,1117.0,543.0,1233.0,698.0,,,,,,,,
56564,30:30.500,30:30.517,1,1073.0,559.0,1186.0,709.0,,,,,,,,
56579,30:31.000,30:31.017,1,1095.0,567.0,1208.0,713.0,,,,,,,,
56594,30:31.500,30:31.518,1,1170.0,591.0,1283.0,740.0,,,,,,,,
56609,30:32.000,30:32.018,1,1144.0,652.0,1258.0,799.0,,,,,,,,
56624,30:32.500,30:32.518,1,1133.0,693.0,1243.0,836.0,,,,,,,,
56639,30:33.000,30:33.018,1,1097.0,663.0,1209.0,811.0,,,,,,,,
56654,30:33.500,30:33.518,1,1143.0,574.0,1255.0,729.0,,,,,,,,
56669,30:34.000,30:34.018,1,1213.0,533.0,1326.0,684.0,,,,,,,,
56684,30:34.500,30:34.518,1,1144.0,577.0,1258.0,727.0,,,,,,,,
56699,30:35.000,30:35.018,1,1119.0,613.0,1232.0,760.0,,,,,,,,
56714,30:35.500,30:35.520,1,1083.0,613.0,1197.0,759.0,,,,,,,,
56729,30:36.000,30:36.020,1,1053.0,584.0,1166.0,731.0,,,,,,,,
56744,30:36.500,30:36.520,1,1076.0,603.0,1189.0,750.0,,,,,,,,
56759,30:37.000,30:37.020,1,1072.0,665.0,1185.0,819.0,,,,,,,,
56774,30:37.500,30:37.520,1,1021.0,711.0,1137.0,866.0,,,,,,,,
56789,30:38.000,30:38.020,2,975.0,693.0,1093.0,843.0,2262.0,332.0,2487.0,614.0,,,,
56804,30:38.500,30:38.520,1,1019.0,706.0,1135.0,857.0,,,,,,,,
56819,30:39.000,30:39.020,1,1068.0,707.0,1185.0,861.0,,,,,,,,
56834,30:39.500,30:39.522,1,1153.0,693.0,1268.0,846.0,,,,,,,,
56849,30:40.000,30:40.022,1,1091.0,691.0,1204.0,848.0,,,,,,,,
56864,30:40.500,30:40.522,2,923.0,690.0,1038.0,849.0,2191.0,517.0,2414.0,780.0,,,,
56879,30:41.000,30:41.022,2,971.0,667.0,1085.0,822.0,2268.0,505.0,2463.0,769.0,,,,
56894,30:41.500,30:41.522,2,880.0,700.0,997.0,857.0,2130.0,562.0,2338.0,816.0,,,,
56909,30:42.000,30:42.022,2,2108.0,569.0,2312.0,822.0,859.0,667.0,976.0,823.0,,,,
56924,30:42.500,30:42.522,2,2230.0,536.0,2432.0,791.0,931.0,621.0,1047.0,774.0,,,,
56939,30:43.000,30:43.023,2,956.0,625.0,1072.0,778.0,2253.0,533.0,2436.0,782.0,,,,
56954,30:43.500,30:43.523,2,952.0,632.0,1067.0,786.0,2240.0,531.0,2422.0,776.0,,,,
56969,30:44.000,30:44.023,2,950.0,622.0,1067.0,777.0,2241.0,526.0,2420.0,771.0,,,,
56984,30:44.500,30:44.523,1,1038.0,660.0,1150.0,811.0,,,,,,,,
56999,30:45.000,30:45.023,1,1107.0,667.0,1217.0,813.0,,,,,,,,
57014,30:45.500,30:45.515,1,1113.0,542.0,1226.0,691.0,,,,,,,,
57029,30:46.000,30:46.015,1,1084.0,302.0,1202.0,458.0,,,,,,,,
57044,30:46.500,30:46.515,1,1024.0,111.0,1156.0,277.0,,,,,,,,
57059,30:47.000,30:47.017,1,1031.0,226.0,1154.0,406.0,,,,,,,,
57074,30:47.500,30:47.517,1,1136.0,465.0,1253.0,622.0,,,,,,,,
57089,30:48.000,30:48.017,1,1204.0,617.0,1316.0,766.0,,,,,,,,
57104,30:48.500,30:48.517,1,1182.0,636.0,1293.0,789.0,,,,,,,,
57119,30:49.000,30:49.017,1,1172.0,647.0,1285.0,798.0,,,,,,,,
57134,30:49.500,30:49.517,2,333.0,639.0,541.0,930.0,1557.0,685.0,1676.0,837.0,,,,
57149,30:50.000,30:50.017,2,1591.0,668.0,1710.0,821.0,393.0,611.0,596.0,889.0,,,,
57164,30:50.500,30:50.517,2,1281.0,704.0,1391.0,848.0,-77.0,664.0,176.0,988.0,,,,
57179,30:51.000,30:51.018,1,1206.0,719.0,1317.0,864.0,,,,,,,,
57194,30:51.500,30:51.518,1,1237.0,743.0,1341.0,885.0,,,,,,,,
57209,30:52.000,30:52.018,1,1232.0,781.0,1343.0,923.0,,,,,,,,
57224,30:52.500,30:52.518,1,1174.0,759.0,1288.0,906.0,,,,,,,,
57239,30:53.000,30:53.018,1,1134.0,814.0,1247.0,956.0,,,,,,,,
57254,30:53.500,30:53.518,1,1062.0,922.0,1179.0,1070.0,,,,,,,,
57269,30:54.000,30:54.018,1,1079.0,879.0,1191.0,1024.0,,,,,,,,
57284,30:54.500,30:54.518,1,1079.0,771.0,1190.0,912.0,,,,,,,,
57299,30:55.000,30:55.020,1,1054.0,742.0,1171.0,884.0,,,,,,,,
57314,30:55.500,30:55.520,1,1034.0,709.0,1155.0,846.0,,,,,,,,
57329,30:56.000,30:56.020,1,970.0,834.0,1088.0,972.0,,,,,,,,
57344,30:56.500,30:56.520,2,966.0,759.0,1083.0,900.0,2284.0,669.0,2487.0,919.0,,,,
57359,30:57.000,30:57.020,2,2237.0,555.0,2456.0,814.0,934.0,653.0,1052.0,793.0,,,,
57374,30:57.500,30:57.520,2,929.0,642.0,1046.0,786.0,2222.0,528.0,2440.0,787.0,,,,
57389,30:58.000,30:58.020,2,948.0,655.0,1066.0,796.0,2245.0,541.0,2460.0,798.0,,,,
57404,30:58.500,30:58.520,2,2095.0,582.0,2309.0,835.0,850.0,694.0,967.0,833.0,,,,
57419,30:59.000,30:59.022,2,1789.0,749.0,1964.0,972.0,581.0,855.0,714.0,1007.0,,,,
57434,30:59.500,30:59.522,2,1935.0,643.0,2131.0,886.0,696.0,741.0,824.0,892.0,,,,
57448,31:00.000,31:00.005,2,1802.0,810.0,1982.0,1034.0,540.0,851.0,678.0,1006.0,,,,
57464,31:00.500,31:00.522,2,1537.0,964.0,1687.0,1163.0,186.0,858.0,353.0,1028.0,,,,
57479,31:01.000,31:01.022,2,1423.0,918.0,1576.0,1134.0,15.0,801.0,200.0,978.0,,,,
57494,31:01.500,31:01.522,2,1541.0,986.0,1696.0,1202.0,215.0,894.0,373.0,1062.0,,,,
57509,31:02.000,31:02.022,2,1600.0,965.0,1761.0,1182.0,334.0,919.0,465.0,1080.0,,,,
57524,31:02.500,31:02.522,2,1551.0,917.0,1706.0,1132.0,279.0,847.0,408.0,1007.0,,,,
57539,31:03.000,31:03.023,2,1394.0,779.0,1544.0,984.0,64.0,729.0,212.0,899.0,,,,
57554,31:03.500,31:03.523,2,1867.0,701.0,2055.0,933.0,632.0,664.0,743.0,810.0,,,,
57569,31:04.000,31:04.023,2,1975.0,770.0,2175.0,1011.0,736.0,745.0,847.0,888.0,,,,
57584,31:04.500,31:04.523,2,1893.0,795.0,2085.0,1024.0,676.0,766.0,788.0,912.0,,,,
57599,31:05.000,31:05.015,2,1326.0,962.0,1478.0,1173.0,-37.0,1009.0,100.0,1184.0,,,,
57614,31:05.500,31:05.515,1,1116.0,975.0,1219.0,1121.0,,,,,,,,
57629,31:06.000,31:06.015,1,1569.0,735.0,1693.0,895.0,,,,,,,,
57644,31:06.500,31:06.515,2,1309.0,965.0,1431.0,1113.0,-84.0,1267.0,142.0,1552.0,,,,
57659,31:07.000,31:07.017,1,1173.0,671.0,1288.0,814.0,,,,,,,,
57674,31:07.500,31:07.517,1,1054.0,647.0,1176.0,789.0,,,,,,,,
57689,31:08.000,31:08.017,0,,,,,,,,,,,,
57704,31:08.500,31:08.517,0,,,,,,,,,,,,
57719,31:09.000,31:09.017,1,1025.0,606.0,1144.0,756.0,,,,,,,,
57734,31:09.500,31:09.517,1,1075.0,618.0,1192.0,765.0,,,,,,,,
57749,31:10.000,31:10.017,1,1068.0,698.0,1187.0,844.0,,,,,,,,
57764,31:10.500,31:10.517,1,1072.0,698.0,1187.0,840.0,,,,,,,,
57779,31:11.000,31:11.018,1,1112.0,671.0,1224.0,814.0,,,,,,,,
57794,31:11.500,31:11.518,1,1066.0,643.0,1181.0,789.0,,,,,,,,
57809,31:12.000,31:12.018,1,1046.0,640.0,1159.0,787.0,,,,,,,,
57824,31:12.500,31:12.518,1,1065.0,629.0,1181.0,777.0,,,,,,,,
57839,31:13.000,31:13.018,1,1056.0,634.0,1173.0,783.0,,,,,,,,
57854,31:13.500,31:13.518,2,979.0,636.0,1095.0,782.0,2256.0,549.0,2431.0,792.0,,,,
57869,31:14.000,31:14.018,2,947.0,624.0,1065.0,771.0,2207.0,525.0,2390.0,776.0,,,,
57884,31:14.500,31:14.518,1,1022.0,629.0,1137.0,777.0,,,,,,,,
57899,31:15.000,31:15.020,1,1092.0,638.0,1205.0,781.0,,,,,,,,
57914,31:15.500,31:15.520,1,1104.0,649.0,1217.0,795.0,,,,,,,,
57929,31:16.000,31:16.020,1,1101.0,669.0,1215.0,816.0,,,,,,,,
57944,31:16.500,31:16.520,1,1084.0,731.0,1198.0,878.0,,,,,,,,
57959,31:17.000,31:17.020,1,1045.0,730.0,1159.0,875.0,,,,,,,,
57974,31:17.500,31:17.520,1,1072.0,723.0,1184.0,865.0,,,,,,,,
57989,31:18.000,31:18.020,1,1079.0,724.0,1191.0,867.0,,,,,,,,
58004,31:18.500,31:18.520,1,1094.0,676.0,1211.0,823.0,,,,,,,,
58019,31:19.000,31:19.022,1,1096.0,689.0,1211.0,837.0,,,,,,,,
58034,31:19.500,31:19.522,2,1268.0,791.0,1383.0,933.0,8.0,872.0,229.0,1182.0,,,,
58049,31:20.000,31:20.022,1,1390.0,883.0,1550.0,1131.0,,,,,,,,
58064,31:20.500,31:20.522,1,1993.0,1125.0,2218.0,1430.0,,,,,,,,
58079,31:21.000,31:21.022,1,1865.0,1097.0,2072.0,1398.0,,,,,,,,
58094,31:21.500,31:21.522,1,1920.0,969.0,2135.0,1271.0,,,,,,,,
58109,31:22.000,31:22.022,0,,,,,,,,,,,,
58124,31:22.500,31:22.522,0,,,,,,,,,,,,
58139,31:23.000,31:23.023,0,,,,,,,,,,,,
58154,31:23.500,31:23.523,0,,,,,,,,,,,,
58169,31:24.000,31:24.023,0,,,,,,,,,,,,
58184,31:24.500,31:24.523,0,,,,,,,,,,,,
58199,31:25.000,31:25.015,0,,,,,,,,,,,,
58214,31:25.500,31:25.515,0,,,,,,,,,,,,
58229,31:26.000,31:26.015,0,,,,,,,,,,,,
58244,31:26.500,31:26.515,0,,,,,,,,,,,,
58259,31:27.000,31:27.017,0,,,,,,,,,,,,
58274,31:27.500,31:27.517,0,,,,,,,,,,,,
58289,31:28.000,31:28.017,1,2087.0,826.0,2323.0,1128.0,,,,,,,,
58304,31:28.500,31:28.517,2,1737.0,596.0,1871.0,761.0,460.0,733.0,661.0,999.0,,,,
58318,31:29.000,31:29.017,2,1502.0,576.0,1653.0,791.0,155.0,637.0,318.0,812.0,,,,
