frame,time,actual_video_time,faces_detected_count,face_0_tl_x,face_0_tl_y,face_0_br_x,face_0_br_y,face_1_tl_x,face_1_tl_y,face_1_br_x,face_1_br_y,face_2_tl_x,face_2_tl_y,face_2_br_x,face_2_br_y
29363,16:10.000,16:10.012,2,1706.0,892.0,1894.0,1137.0,1222.0,828.0,1357.0,1008.0,,,,
29378,16:10.500,16:10.512,2,2050.0,1016.0,2283.0,1289.0,1471.0,946.0,1618.0,1120.0,,,,
29393,16:11.000,16:11.012,2,1957.0,957.0,2175.0,1223.0,1380.0,904.0,1519.0,1067.0,,,,
29408,16:11.500,16:11.513,2,1874.0,966.0,2080.0,1218.0,1324.0,880.0,1447.0,1059.0,,,,
29423,16:12.000,16:12.013,2,1324.0,1024.0,1491.0,1265.0,873.0,910.0,1009.0,1105.0,,,,
29438,16:12.500,16:12.513,3,789.0,927.0,961.0,1168.0,328.0,845.0,503.0,1043.0,1785.0,844.0,1923.0,1047.0
29453,16:13.000,16:13.013,3,616.0,844.0,793.0,1081.0,87.0,757.0,287.0,978.0,1606.0,730.0,1734.0,922.0
29468,16:13.500,16:13.513,3,23.0,762.0,205.0,1005.0,1639.0,737.0,1770.0,927.0,643.0,849.0,817.0,1086.0
29483,16:14.000,16:14.013,3,33.0,778.0,216.0,1018.0,1667.0,741.0,1799.0,935.0,674.0,866.0,848.0,1107.0
29498,16:14.500,16:14.513,3,526.0,783.0,683.0,993.0,1580.0,748.0,1727.0,960.0,1071.0,862.0,1233.0,1096.0
29513,16:15.000,16:15.013,3,1711.0,786.0,1867.0,1004.0,1201.0,862.0,1367.0,1107.0,685.0,807.0,836.0,1016.0
29528,16:15.500,16:15.515,3,1683.0,772.0,1833.0,986.0,1186.0,853.0,1352.0,1094.0,662.0,802.0,811.0,1013.0
29543,16:16.000,16:16.015,3,1855.0,688.0,2021.0,917.0,1333.0,808.0,1502.0,1048.0,824.0,784.0,969.0,985.0
29558,16:16.500,16:16.515,3,1090.0,786.0,1257.0,1031.0,557.0,741.0,713.0,963.0,1580.0,699.0,1729.0,913.0
29573,16:17.000,16:17.015,3,403.0,776.0,570.0,1004.0,976.0,826.0,1143.0,1066.0,1461.0,740.0,1603.0,950.0
29588,16:17.500,16:17.515,3,417.0,786.0,579.0,1009.0,981.0,834.0,1148.0,1076.0,1475.0,759.0,1613.0,965.0
29603,16:18.000,16:18.015,3,1122.0,816.0,1288.0,1054.0,589.0,765.0,742.0,980.0,1623.0,739.0,1770.0,949.0
29618,16:18.500,16:18.515,3,1787.0,787.0,1946.0,1002.0,1266.0,856.0,1432.0,1098.0,753.0,806.0,898.0,1010.0
29633,16:19.000,16:19.015,3,1794.0,770.0,1954.0,987.0,1278.0,849.0,1446.0,1094.0,760.0,809.0,904.0,1012.0
29648,16:19.500,16:19.515,3,1833.0,791.0,1997.0,1011.0,1307.0,859.0,1476.0,1107.0,800.0,813.0,939.0,1015.0
29663,16:20.000,16:20.017,3,1897.0,786.0,2067.0,1008.0,1354.0,846.0,1517.0,1087.0,848.0,778.0,985.0,976.0
29678,16:20.500,16:20.517,3,1412.0,935.0,1586.0,1190.0,1966.0,870.0,2146.0,1098.0,891.0,883.0,1028.0,1086.0
29693,16:21.000,16:21.017,3,1318.0,822.0,1488.0,1066.0,1839.0,719.0,2005.0,941.0,788.0,799.0,929.0,1002.0
29708,16:21.500,16:21.517,3,1048.0,807.0,1213.0,1052.0,478.0,752.0,638.0,972.0,1539.0,744.0,1686.0,951.0
29723,16:22.000,16:22.017,3,1094.0,805.0,1261.0,1043.0,549.0,745.0,702.0,953.0,1594.0,727.0,1745.0,939.0
29738,16:22.500,16:22.517,3,1865.0,778.0,2033.0,1000.0,1329.0,870.0,1497.0,1109.0,810.0,803.0,950.0,1003.0
29753,16:23.000,16:23.017,3,1401.0,886.0,1571.0,1137.0,1964.0,805.0,2142.0,1034.0,888.0,823.0,1022.0,1013.0
29768,16:23.500,16:23.517,3,1994.0,799.0,2175.0,1029.0,1425.0,886.0,1597.0,1134.0,933.0,816.0,1065.0,1008.0
29783,16:24.000,16:24.018,3,1992.0,776.0,2172.0,1007.0,1423.0,859.0,1594.0,1107.0,936.0,788.0,1069.0,979.0
29798,16:24.500,16:24.518,3,1987.0,770.0,2167.0,1001.0,1420.0,852.0,1590.0,1096.0,942.0,786.0,1076.0,980.0
29813,16:25.000,16:25.018,3,1878.0,757.0,2048.0,982.0,1333.0,840.0,1499.0,1079.0,856.0,777.0,993.0,970.0
29828,16:25.500,16:25.518,3,1152.0,833.0,1316.0,1076.0,1665.0,777.0,1816.0,991.0,650.0,763.0,792.0,963.0
29843,16:26.000,16:26.018,3,1093.0,848.0,1256.0,1090.0,1601.0,781.0,1749.0,987.0,579.0,776.0,729.0,983.0
29858,16:26.500,16:26.518,3,1121.0,844.0,1283.0,1081.0,1627.0,773.0,1776.0,983.0,606.0,770.0,755.0,978.0
29873,16:27.000,16:27.018,3,1093.0,838.0,1257.0,1079.0,1600.0,771.0,1748.0,980.0,572.0,770.0,722.0,974.0
29888,16:27.500,16:27.518,3,1603.0,789.0,1751.0,1000.0,1098.0,862.0,1262.0,1105.0,573.0,792.0,723.0,1000.0
29903,16:28.000,16:28.018,3,1074.0,855.0,1240.0,1096.0,546.0,783.0,696.0,991.0,1575.0,781.0,1719.0,988.0
29918,16:28.500,16:28.520,3,1215.0,873.0,1382.0,1116.0,1730.0,791.0,1884.0,1008.0,708.0,808.0,852.0,1011.0
29933,16:29.000,16:29.020,3,1274.0,897.0,1438.0,1142.0,1799.0,820.0,1957.0,1039.0,769.0,831.0,909.0,1035.0
29948,16:29.500,16:29.512,3,1285.0,885.0,1452.0,1131.0,1813.0,807.0,1975.0,1026.0,783.0,823.0,921.0,1018.0
29963,16:30.000,16:30.012,3,1216.0,889.0,1380.0,1130.0,1734.0,813.0,1890.0,1024.0,707.0,809.0,851.0,1019.0
29978,16:30.500,16:30.512,3,562.0,789.0,714.0,999.0,1088.0,863.0,1254.0,1107.0,1593.0,791.0,1737.0,999.0
29993,16:31.000,16:31.012,3,1092.0,872.0,1257.0,1113.0,562.0,793.0,716.0,1009.0,1595.0,800.0,1739.0,1012.0
30008,16:31.500,16:31.512,3,1064.0,867.0,1232.0,1110.0,533.0,797.0,686.0,1005.0,1566.0,796.0,1709.0,1009.0
30023,16:32.000,16:32.012,3,1045.0,866.0,1211.0,1113.0,505.0,798.0,663.0,1015.0,1544.0,799.0,1690.0,1009.0
30038,16:32.500,16:32.513,3,1143.0,888.0,1307.0,1132.0,1652.0,819.0,1802.0,1033.0,625.0,812.0,775.0,1020.0
30053,16:33.000,16:33.013,3,1117.0,803.0,1278.0,1031.0,595.0,718.0,743.0,926.0,1620.0,730.0,1768.0,941.0
30068,16:33.500,16:33.513,3,1130.0,733.0,1296.0,975.0,602.0,652.0,753.0,867.0,1630.0,659.0,1778.0,869.0
30081,16:34.000,16:34.013,3,1048.0,645.0,1212.0,884.0,497.0,564.0,657.0,782.0,1543.0,573.0,1688.0,779.0
30096,16:34.500,16:34.513,3,500.0,543.0,657.0,760.0,1049.0,623.0,1215.0,866.0,1544.0,559.0,1690.0,766.0
30111,16:35.000,16:35.013,3,1120.0,733.0,1283.0,965.0,1617.0,660.0,1764.0,872.0,590.0,649.0,739.0,858.0
30126,16:35.500,16:35.513,3,1118.0,787.0,1281.0,1020.0,1615.0,720.0,1762.0,933.0,591.0,701.0,740.0,909.0
30141,16:36.000,16:36.013,3,1963.0,797.0,2140.0,1027.0,1413.0,853.0,1585.0,1107.0,913.0,780.0,1048.0,975.0
30156,16:36.500,16:36.513,3,1997.0,971.0,2180.0,1212.0,1440.0,1033.0,1614.0,1292.0,940.0,953.0,1071.0,1156.0
30171,16:37.000,16:37.015,3,1967.0,775.0,2145.0,1007.0,1422.0,861.0,1596.0,1111.0,923.0,812.0,1057.0,1009.0
30186,16:37.500,16:37.515,3,1745.0,673.0,1902.0,893.0,1239.0,777.0,1405.0,1012.0,729.0,727.0,868.0,928.0
30201,16:38.000,16:38.015,3,1162.0,819.0,1327.0,1065.0,1656.0,728.0,1811.0,944.0,646.0,778.0,791.0,984.0
30216,16:38.500,16:38.515,3,1209.0,834.0,1375.0,1077.0,1712.0,747.0,1869.0,963.0,696.0,784.0,839.0,986.0
30231,16:39.000,16:39.015,3,1119.0,837.0,1284.0,1078.0,593.0,779.0,741.0,985.0,1611.0,750.0,1759.0,962.0
30246,16:39.500,16:39.515,3,1822.0,756.0,1986.0,978.0,1301.0,841.0,1469.0,1085.0,800.0,787.0,937.0,981.0
30261,16:40.000,16:40.015,3,1720.0,708.0,1877.0,928.0,1212.0,805.0,1377.0,1043.0,708.0,742.0,852.0,946.0
30276,16:40.500,16:40.515,3,1177.0,708.0,1342.0,944.0,1685.0,622.0,1839.0,838.0,675.0,644.0,818.0,849.0
30291,16:41.000,16:41.017,3,1728.0,417.0,1884.0,638.0,1202.0,506.0,1367.0,739.0,690.0,422.0,836.0,632.0
30306,16:41.500,16:41.517,3,1127.0,231.0,1300.0,485.0,1673.0,147.0,1838.0,380.0,577.0,134.0,738.0,372.0
30321,16:42.000,16:42.017,3,551.0,182.0,714.0,411.0,1100.0,273.0,1272.0,530.0,1633.0,189.0,1793.0,424.0
30336,16:42.500,16:42.517,3,1099.0,480.0,1264.0,716.0,571.0,380.0,728.0,599.0,1613.0,406.0,1762.0,621.0
30351,16:43.000,16:43.017,3,1024.0,740.0,1187.0,984.0,496.0,664.0,653.0,876.0,1521.0,675.0,1666.0,884.0
30366,16:43.500,16:43.517,3,872.0,898.0,1044.0,1141.0,303.0,840.0,476.0,1061.0,1369.0,808.0,1507.0,1011.0
30381,16:44.000,16:44.017,3,287.0,791.0,460.0,1017.0,860.0,860.0,1031.0,1104.0,1358.0,774.0,1494.0,970.0
30396,16:44.500,16:44.517,3,357.0,743.0,524.0,962.0,914.0,809.0,1080.0,1057.0,1408.0,730.0,1548.0,936.0
30411,16:45.000,16:45.017,3,1027.0,845.0,1192.0,1083.0,488.0,775.0,643.0,984.0,1521.0,762.0,1663.0,968.0
30426,16:45.500,16:45.518,3,1743.0,783.0,1899.0,1000.0,1224.0,865.0,1390.0,1104.0,721.0,787.0,861.0,985.0
30441,16:46.000,16:46.018,3,1143.0,803.0,1306.0,1050.0,1650.0,728.0,1799.0,942.0,626.0,740.0,774.0,943.0
30456,16:46.500,16:46.518,3,1098.0,800.0,1262.0,1034.0,1599.0,714.0,1746.0,923.0,577.0,725.0,726.0,929.0
30471,16:47.000,16:47.018,3,1109.0,814.0,1273.0,1051.0,1611.0,734.0,1759.0,944.0,594.0,742.0,741.0,948.0
30486,16:47.500,16:47.518,3,1108.0,822.0,1272.0,1062.0,1609.0,739.0,1759.0,949.0,591.0,753.0,738.0,957.0
30501,16:48.000,16:48.018,3,1148.0,902.0,1314.0,1149.0,1654.0,828.0,1805.0,1042.0,635.0,828.0,783.0,1034.0
30516,16:48.500,16:48.518,3,1274.0,903.0,1440.0,1154.0,1804.0,832.0,1960.0,1046.0,782.0,843.0,919.0,1034.0
30531,16:49.000,16:49.010,3,1259.0,887.0,1425.0,1132.0,1782.0,802.0,1940.0,1022.0,765.0,825.0,903.0,1030.0
30546,16:49.500,16:49.512,3,1240.0,889.0,1406.0,1127.0,1758.0,797.0,1917.0,1018.0,744.0,819.0,882.0,1017.0
30561,16:50.000,16:50.012,3,1248.0,892.0,1414.0,1133.0,1771.0,808.0,1928.0,1026.0,754.0,825.0,892.0,1021.0
30576,16:50.500,16:50.512,3,1232.0,890.0,1398.0,1127.0,1751.0,799.0,1909.0,1017.0,733.0,814.0,872.0,1016.0
30591,16:51.000,16:51.012,3,1245.0,884.0,1410.0,1126.0,1765.0,799.0,1923.0,1016.0,743.0,812.0,882.0,1008.0
30606,16:51.500,16:51.512,3,1140.0,899.0,1307.0,1146.0,1648.0,815.0,1798.0,1033.0,623.0,833.0,772.0,1036.0
30621,16:52.000,16:52.012,3,1747.0,960.0,1906.0,1194.0,1224.0,1066.0,1393.0,1319.0,712.0,1007.0,856.0,1212.0
30636,16:52.500,16:52.512,3,1217.0,1060.0,1388.0,1313.0,1739.0,955.0,1896.0,1184.0,709.0,1005.0,851.0,1212.0
30651,16:53.000,16:53.012,3,1196.0,1013.0,1367.0,1272.0,1714.0,921.0,1870.0,1146.0,672.0,962.0,817.0,1170.0
30666,16:53.500,16:53.512,3,1700.0,899.0,1855.0,1117.0,1189.0,983.0,1358.0,1232.0,664.0,919.0,804.0,1127.0
30681,16:54.000,16:54.013,3,1728.0,895.0,1883.0,1116.0,1211.0,964.0,1378.0,1215.0,692.0,888.0,836.0,1090.0
30696,16:54.500,16:54.513,3,1200.0,915.0,1365.0,1158.0,1709.0,835.0,1867.0,1056.0,678.0,829.0,821.0,1035.0
30711,16:55.000,16:55.013,3,1183.0,871.0,1351.0,1116.0,1685.0,794.0,1836.0,1010.0,661.0,798.0,805.0,1000.0
30726,16:55.500,16:55.513,3,1201.0,875.0,1368.0,1120.0,1698.0,799.0,1854.0,1013.0,660.0,798.0,801.0,1002.0
30741,16:56.000,16:56.013,3,1166.0,919.0,1332.0,1163.0,1664.0,841.0,1816.0,1056.0,595.0,842.0,736.0,1045.0
30756,16:56.500,16:56.513,3,1172.0,861.0,1335.0,1102.0,1669.0,781.0,1819.0,991.0,604.0,793.0,743.0,994.0
30771,16:57.000,16:57.013,3,1228.0,907.0,1395.0,1148.0,1737.0,831.0,1894.0,1050.0,663.0,828.0,804.0,1031.0
30786,16:57.500,16:57.513,3,1098.0,912.0,1269.0,1153.0,1579.0,778.0,1730.0,985.0,499.0,906.0,650.0,1110.0
30801,16:58.000,16:58.013,3,2073.0,837.0,2265.0,1075.0,1490.0,909.0,1668.0,1171.0,949.0,833.0,1078.0,1031.0
30816,16:58.500,16:58.515,3,2125.0,1189.0,2333.0,1453.0,1507.0,1254.0,1706.0,1510.0,949.0,1208.0,1091.0,1418.0
30831,16:59.000,16:59.015,3,1500.0,854.0,1675.0,1107.0,2076.0,758.0,2264.0,991.0,964.0,805.0,1097.0,997.0
30846,16:59.500,16:59.515,3,1182.0,666.0,1349.0,910.0,1691.0,589.0,1850.0,802.0,634.0,614.0,786.0,818.0
30861,17:00.000,17:00.015,3,1498.0,799.0,1673.0,1045.0,2069.0,688.0,2259.0,924.0,981.0,762.0,1116.0,950.0
30876,17:00.500,17:00.515,3,2023.0,755.0,2209.0,988.0,1465.0,851.0,1640.0,1102.0,952.0,801.0,1088.0,997.0
30891,17:01.000,17:01.015,3,1193.0,820.0,1358.0,1065.0,1684.0,726.0,1837.0,941.0,660.0,766.0,810.0,965.0
30906,17:01.500,17:01.515,3,186.0,793.0,372.0,1026.0,809.0,855.0,983.0,1118.0,1301.0,778.0,1434.0,978.0
30921,17:02.000,17:02.015,3,1042.0,778.0,1209.0,1026.0,503.0,720.0,662.0,932.0,1526.0,691.0,1670.0,897.0
30936,17:02.500,17:02.517,3,1158.0,866.0,1323.0,1111.0,1653.0,783.0,1807.0,994.0,640.0,798.0,790.0,1000.0
30951,17:03.000,17:03.017,3,1277.0,935.0,1445.0,1185.0,1807.0,865.0,1971.0,1081.0,776.0,862.0,917.0,1058.0
30966,17:03.500,17:03.517,3,1897.0,810.0,2069.0,1034.0,1353.0,878.0,1524.0,1125.0,854.0,799.0,992.0,996.0
30981,17:04.000,17:04.017,3,2025.0,791.0,2210.0,1021.0,1455.0,868.0,1632.0,1123.0,958.0,797.0,1091.0,986.0
30996,17:04.500,17:04.517,3,1442.0,909.0,1616.0,1162.0,2007.0,809.0,2191.0,1041.0,940.0,844.0,1075.0,1038.0
31011,17:05.000,17:05.017,3,1236.0,989.0,1406.0,1243.0,1752.0,879.0,1913.0,1099.0,717.0,941.0,862.0,1144.0
31026,17:05.500,17:05.517,2,563.0,816.0,756.0,1077.0,1083.0,675.0,1218.0,878.0,,,,
31041,17:06.000,17:06.017,3,245.0,405.0,433.0,649.0,872.0,488.0,1048.0,740.0,1388.0,388.0,1537.0,608.0
31056,17:06.500,17:06.517,3,178.0,487.0,367.0,730.0,807.0,571.0,984.0,829.0,1319.0,497.0,1460.0,703.0
31071,17:07.000,17:07.018,3,1099.0,775.0,1267.0,1018.0,1596.0,666.0,1748.0,876.0,567.0,730.0,718.0,937.0
31086,17:07.500,17:07.518,3,1318.0,848.0,1490.0,1096.0,1842.0,760.0,2011.0,979.0,818.0,792.0,954.0,992.0
31101,17:08.000,17:08.018,3,1171.0,945.0,1339.0,1196.0,1661.0,860.0,1814.0,1070.0,635.0,892.0,781.0,1107.0
31116,17:08.500,17:08.518,3,1718.0,852.0,1876.0,1068.0,1219.0,933.0,1388.0,1184.0,699.0,868.0,843.0,1078.0
31131,17:09.000,17:09.010,3,1745.0,858.0,1905.0,1078.0,1242.0,934.0,1411.0,1181.0,720.0,856.0,865.0,1066.0
31146,17:09.500,17:09.510,3,1717.0,893.0,1877.0,1114.0,1223.0,983.0,1394.0,1237.0,695.0,923.0,841.0,1141.0
31161,17:10.000,17:10.010,3,1988.0,753.0,2175.0,986.0,1450.0,862.0,1625.0,1110.0,942.0,808.0,1078.0,1005.0
31176,17:10.500,17:10.510,3,2042.0,763.0,2233.0,1003.0,1489.0,876.0,1665.0,1131.0,1000.0,835.0,1134.0,1035.0
31191,17:11.000,17:11.012,3,2072.0,748.0,2268.0,984.0,1505.0,860.0,1682.0,1107.0,1024.0,812.0,1158.0,1007.0
31206,17:11.500,17:11.512,3,2045.0,754.0,2235.0,993.0,1473.0,865.0,1649.0,1105.0,993.0,815.0,1126.0,1008.0
31221,17:12.000,17:12.012,3,2035.0,762.0,2227.0,1002.0,987.0,833.0,1122.0,1021.0,1442.0,890.0,1612.0,1127.0
31236,17:12.500,17:12.512,3,2013.0,756.0,2202.0,989.0,1432.0,877.0,1609.0,1113.0,970.0,812.0,1103.0,1009.0
31251,17:13.000,17:13.012,3,1102.0,636.0,1273.0,875.0,1616.0,547.0,1766.0,757.0,607.0,574.0,756.0,783.0
31266,17:13.500,17:13.512,3,376.0,684.0,545.0,908.0,896.0,744.0,1093.0,984.0,1417.0,659.0,1560.0,863.0
31281,17:14.000,17:14.012,3,422.0,967.0,587.0,1193.0,913.0,1035.0,1124.0,1265.0,1461.0,942.0,1610.0,1159.0
31296,17:14.500,17:14.512,3,380.0,1073.0,554.0,1307.0,1445.0,1034.0,1593.0,1254.0,870.0,1154.0,1099.0,1365.0
31311,17:15.000,17:15.012,3,1598.0,786.0,1749.0,992.0,591.0,828.0,741.0,1037.0,1053.0,880.0,1260.0,1087.0
31326,17:15.500,17:15.513,3,447.0,832.0,608.0,1051.0,1017.0,873.0,1193.0,1086.0,1477.0,803.0,1621.0,1012.0
31341,17:16.000,17:16.013,3,1661.0,822.0,1816.0,1040.0,1220.0,906.0,1389.0,1124.0,658.0,858.0,806.0,1063.0
31356,17:16.500,17:16.513,3,2070.0,766.0,2265.0,1005.0,1584.0,887.0,1786.0,1102.0,1020.0,825.0,1153.0,1018.0
31371,17:17.000,17:17.013,3,1745.0,746.0,1905.0,962.0,1294.0,844.0,1468.0,1048.0,748.0,796.0,891.0,998.0
31386,17:17.500,17:17.513,3,1790.0,755.0,1957.0,976.0,1324.0,852.0,1500.0,1059.0,794.0,803.0,932.0,1008.0
31401,17:18.000,17:18.013,3,1758.0,765.0,1923.0,982.0,1298.0,859.0,1474.0,1075.0,762.0,821.0,901.0,1019.0
31416,17:18.500,17:18.513,3,1771.0,742.0,1934.0,965.0,1304.0,845.0,1486.0,1064.0,769.0,807.0,911.0,1014.0
31431,17:19.000,17:19.013,3,1780.0,710.0,1944.0,936.0,1311.0,814.0,1492.0,1034.0,772.0,777.0,912.0,976.0
31446,17:19.500,17:19.515,3,1921.0,733.0,2096.0,963.0,1425.0,845.0,1608.0,1059.0,892.0,804.0,1027.0,1004.0
31461,17:20.000,17:20.015,3,1805.0,709.0,1969.0,929.0,1328.0,798.0,1505.0,1024.0,793.0,776.0,932.0,973.0
31476,17:20.500,17:20.515,3,544.0,770.0,698.0,981.0,1109.0,829.0,1285.0,1040.0,1565.0,752.0,1711.0,960.0
31491,17:21.000,17:21.015,3,1118.0,853.0,1292.0,1068.0,1566.0,773.0,1713.0,983.0,555.0,805.0,706.0,1014.0
31506,17:21.500,17:21.515,3,1723.0,775.0,1881.0,999.0,1257.0,878.0,1436.0,1091.0,717.0,826.0,859.0,1031.0
31521,17:22.000,17:22.015,3,1856.0,777.0,2024.0,1006.0,1370.0,877.0,1552.0,1094.0,839.0,829.0,978.0,1031.0
31536,17:22.500,17:22.515,3,1818.0,756.0,1988.0,982.0,1340.0,855.0,1515.0,1069.0,811.0,812.0,949.0,1014.0
31551,17:23.000,17:23.015,3,1819.0,738.0,1987.0,963.0,1343.0,842.0,1520.0,1056.0,811.0,796.0,949.0,996.0
31566,17:23.500,17:23.515,3,1821.0,724.0,1989.0,950.0,1344.0,826.0,1523.0,1041.0,814.0,779.0,953.0,982.0
31581,17:24.000,17:24.017,3,1820.0,719.0,1989.0,945.0,1342.0,822.0,1523.0,1038.0,815.0,777.0,954.0,981.0
31596,17:24.500,17:24.517,3,1843.0,732.0,2013.0,956.0,1365.0,831.0,1543.0,1046.0,839.0,787.0,975.0,985.0
31611,17:25.000,17:25.017,3,1887.0,732.0,2057.0,961.0,1396.0,832.0,1574.0,1046.0,872.0,782.0,1010.0,978.0
31626,17:25.500,17:25.517,3,1905.0,729.0,2083.0,960.0,1404.0,821.0,1581.0,1039.0,882.0,778.0,1015.0,973.0
31641,17:26.000,17:26.017,3,1908.0,719.0,2085.0,953.0,1382.0,806.0,1550.0,1045.0,815.0,783.0,950.0,980.0
31656,17:26.500,17:26.517,3,1900.0,707.0,2076.0,937.0,1371.0,803.0,1540.0,1047.0,815.0,772.0,949.0,959.0
31671,17:27.000,17:27.017,3,1925.0,718.0,2105.0,955.0,1367.0,820.0,1540.0,1068.0,867.0,776.0,999.0,962.0
31686,17:27.500,17:27.517,3,1930.0,722.0,2109.0,962.0,1357.0,827.0,1533.0,1069.0,886.0,781.0,1021.0,977.0
31701,17:28.000,17:28.018,3,1930.0,722.0,2109.0,961.0,1361.0,829.0,1536.0,1068.0,886.0,775.0,1022.0,971.0
31716,17:28.500,17:28.518,3,1915.0,722.0,2093.0,954.0,1343.0,819.0,1521.0,1065.0,890.0,768.0,1026.0,962.0
31731,17:29.000,17:29.010,3,1818.0,714.0,1989.0,943.0,1267.0,807.0,1445.0,1063.0,808.0,764.0,947.0,957.0
31746,17:29.500,17:29.510,3,1783.0,727.0,1948.0,949.0,1231.0,834.0,1415.0,1075.0,776.0,785.0,915.0,983.0
31761,17:30.000,17:30.010,3,1876.0,733.0,2050.0,961.0,1306.0,847.0,1488.0,1078.0,853.0,778.0,992.0,977.0
31776,17:30.500,17:30.510,3,1875.0,733.0,2048.0,961.0,1298.0,848.0,1485.0,1079.0,855.0,780.0,995.0,976.0
31791,17:31.000,17:31.010,3,1305.0,856.0,1492.0,1084.0,1886.0,739.0,2058.0,965.0,863.0,785.0,1000.0,978.0
31806,17:31.500,17:31.510,3,1883.0,735.0,2056.0,964.0,1302.0,854.0,1492.0,1082.0,860.0,782.0,998.0,982.0
31821,17:32.000,17:32.010,3,1871.0,725.0,2044.0,955.0,1292.0,843.0,1481.0,1072.0,852.0,776.0,990.0,968.0
31836,17:32.500,17:32.512,3,1869.0,726.0,2041.0,955.0,1291.0,841.0,1480.0,1071.0,854.0,776.0,993.0,973.0
31851,17:33.000,17:33.012,3,1785.0,835.0,1952.0,1060.0,1225.0,938.0,1411.0,1170.0,776.0,871.0,918.0,1068.0
31866,17:33.500,17:33.512,3,1777.0,832.0,1941.0,1058.0,1225.0,928.0,1417.0,1164.0,764.0,861.0,907.0,1062.0
31881,17:34.000,17:34.012,3,1313.0,897.0,1508.0,1149.0,1875.0,816.0,2051.0,1052.0,854.0,847.0,992.0,1044.0
31896,17:34.500,17:34.512,3,1229.0,895.0,1416.0,1133.0,1748.0,812.0,1909.0,1035.0,737.0,846.0,880.0,1046.0
31911,17:35.000,17:35.012,3,1769.0,790.0,1931.0,1014.0,1264.0,880.0,1441.0,1123.0,758.0,827.0,900.0,1025.0
31926,17:35.500,17:35.512,3,1660.0,763.0,1814.0,980.0,1167.0,853.0,1335.0,1100.0,641.0,794.0,791.0,999.0
31941,17:36.000,17:36.012,3,486.0,794.0,645.0,1007.0,1040.0,855.0,1207.0,1099.0,1520.0,749.0,1669.0,957.0
31956,17:36.500,17:36.513,3,1083.0,846.0,1252.0,1095.0,542.0,785.0,697.0,995.0,1569.0,741.0,1718.0,953.0
31971,17:37.000,17:37.013,3,1072.0,808.0,1240.0,1063.0,534.0,767.0,689.0,971.0,1562.0,717.0,1706.0,929.0
31986,17:37.500,17:37.513,3,1012.0,836.0,1179.0,1080.0,459.0,786.0,619.0,1003.0,1502.0,737.0,1644.0,943.0
32001,17:38.000,17:38.013,3,1259.0,833.0,1426.0,1078.0,1771.0,720.0,1934.0,943.0,755.0,793.0,896.0,990.0
32016,17:38.500,17:38.513,3,1752.0,716.0,1919.0,940.0,1244.0,823.0,1410.0,1067.0,738.0,774.0,881.0,975.0
32031,17:39.000,17:39.013,3,1242.0,810.0,1410.0,1055.0,1749.0,712.0,1913.0,933.0,735.0,758.0,876.0,957.0
32046,17:39.500,17:39.513,3,1150.0,428.0,1319.0,673.0,617.0,353.0,778.0,577.0,1663.0,332.0,1823.0,555.0
32061,17:40.000,17:40.013,3,1173.0,543.0,1336.0,780.0,651.0,473.0,801.0,684.0,1676.0,471.0,1829.0,683.0
32076,17:40.500,17:40.513,3,1226.0,507.0,1393.0,745.0,1731.0,419.0,1889.0,639.0,703.0,437.0,852.0,649.0
32091,17:41.000,17:41.015,3,1158.0,594.0,1325.0,843.0,624.0,535.0,776.0,745.0,1650.0,521.0,1801.0,732.0
32106,17:41.500,17:41.515,3,1075.0,767.0,1239.0,1007.0,542.0,705.0,693.0,911.0,1552.0,690.0,1695.0,901.0
32121,17:42.000,17:42.015,3,966.0,676.0,1135.0,917.0,400.0,598.0,566.0,823.0,1448.0,607.0,1587.0,813.0
32136,17:42.500,17:42.540,3,369.0,804.0,537.0,1026.0,937.0,867.0,1106.0,1114.0,1426.0,796.0,1564.0,1006.0
32151,17:43.000,17:43.015,3,1056.0,779.0,1219.0,1019.0,517.0,716.0,672.0,926.0,1562.0,730.0,1699.0,921.0
32166,17:43.500,17:43.515,3,1004.0,811.0,1172.0,1054.0,457.0,747.0,617.0,959.0,1503.0,766.0,1640.0,957.0
32181,17:44.000,17:44.015,3,1069.0,829.0,1236.0,1078.0,541.0,770.0,697.0,980.0,1573.0,774.0,1715.0,981.0
32196,17:44.500,17:44.515,3,1372.0,822.0,1541.0,1069.0,1907.0,747.0,2080.0,968.0,873.0,774.0,1009.0,966.0
32211,17:45.000,17:45.017,3,2010.0,789.0,2196.0,1021.0,1449.0,868.0,1624.0,1118.0,944.0,806.0,1080.0,1000.0
32226,17:45.500,17:45.517,3,1251.0,801.0,1419.0,1046.0,1768.0,737.0,1929.0,953.0,749.0,735.0,890.0,930.0
32241,17:46.000,17:46.017,3,1136.0,759.0,1301.0,1003.0,1632.0,681.0,1787.0,895.0,617.0,706.0,765.0,909.0
32256,17:46.500,17:46.517,3,898.0,786.0,1068.0,1034.0,315.0,704.0,490.0,929.0,1391.0,722.0,1530.0,929.0
32271,17:47.000,17:47.017,3,966.0,823.0,1136.0,1071.0,400.0,783.0,569.0,1003.0,1453.0,732.0,1597.0,942.0
32286,17:47.500,17:47.517,3,2025.0,746.0,2212.0,980.0,1470.0,860.0,1646.0,1104.0,969.0,828.0,1102.0,1016.0
32301,17:48.000,17:48.017,3,-3.0,826.0,205.0,1069.0,664.0,929.0,844.0,1191.0,1177.0,895.0,1313.0,1095.0
32316,17:48.500,17:48.517,3,769.0,887.0,947.0,1150.0,141.0,819.0,333.0,1053.0,1268.0,833.0,1404.0,1037.0
32331,17:49.000,17:49.008,3,1659.0,783.0,1812.0,994.0,1162.0,852.0,1328.0,1097.0,647.0,800.0,792.0,997.0
32346,17:49.500,17:49.510,3,1253.0,908.0,1421.0,1158.0,1761.0,830.0,1925.0,1054.0,746.0,856.0,886.0,1052.0
32361,17:50.000,17:50.010,3,1335.0,941.0,1509.0,1195.0,1864.0,871.0,2034.0,1092.0,833.0,893.0,974.0,1088.0
32376,17:50.500,17:50.510,3,1388.0,944.0,1562.0,1201.0,1924.0,860.0,2103.0,1092.0,888.0,905.0,1026.0,1102.0
32391,17:51.000,17:51.010,3,1800.0,849.0,1964.0,1070.0,1280.0,924.0,1448.0,1180.0,779.0,877.0,920.0,1076.0
32406,17:51.500,17:51.510,3,1180.0,896.0,1349.0,1149.0,1683.0,828.0,1835.0,1043.0,670.0,845.0,816.0,1047.0
32421,17:52.000,17:52.010,3,1080.0,897.0,1250.0,1148.0,559.0,850.0,712.0,1054.0,1571.0,821.0,1722.0,1037.0
32436,17:52.500,17:52.510,3,1414.0,952.0,1588.0,1208.0,1970.0,1003.0,2150.0,1238.0,957.0,781.0,1095.0,972.0
32451,17:53.000,17:53.010,3,1501.0,941.0,1686.0,1198.0,2088.0,1037.0,2279.0,1276.0,1053.0,749.0,1190.0,935.0
32466,17:53.500,17:53.510,3,1648.0,691.0,1806.0,916.0,1162.0,851.0,1333.0,1092.0,645.0,877.0,794.0,1081.0
32481,17:54.000,17:54.012,3,1207.0,874.0,1379.0,1112.0,1680.0,707.0,1836.0,925.0,679.0,900.0,830.0,1108.0
32496,17:54.500,17:54.528,3,1877.0,798.0,2052.0,1025.0,1350.0,895.0,1526.0,1139.0,854.0,843.0,992.0,1045.0
32511,17:55.000,17:55.012,3,970.0,831.0,1138.0,1073.0,413.0,789.0,577.0,1011.0,1455.0,727.0,1602.0,940.0
32526,17:55.500,17:55.512,3,912.0,862.0,1087.0,1123.0,336.0,810.0,510.0,1034.0,1399.0,783.0,1540.0,988.0
32541,17:56.000,17:56.012,3,1212.0,807.0,1393.0,1080.0,1701.0,734.0,1861.0,953.0,701.0,782.0,845.0,986.0
32556,17:56.500,17:56.512,3,1360.0,770.0,1572.0,1085.0,1889.0,710.0,2062.0,937.0,874.0,751.0,1012.0,948.0
32571,17:57.000,17:57.012,3,1240.0,795.0,1413.0,1048.0,1730.0,738.0,1890.0,955.0,734.0,780.0,876.0,982.0
32586,17:57.500,17:57.512,3,1198.0,805.0,1361.0,1055.0,1701.0,742.0,1861.0,963.0,702.0,793.0,849.0,1002.0
32601,17:58.000,17:58.013,3,1119.0,796.0,1285.0,1044.0,1659.0,727.0,1815.0,944.0,649.0,769.0,796.0,975.0
32616,17:58.500,17:58.513,3,1151.0,808.0,1326.0,1079.0,1698.0,766.0,1856.0,980.0,684.0,774.0,829.0,977.0
32631,17:59.000,17:59.013,3,1124.0,814.0,1299.0,1085.0,1667.0,729.0,1821.0,945.0,653.0,743.0,798.0,945.0
32646,17:59.500,17:59.513,3,1137.0,782.0,1306.0,1045.0,1652.0,720.0,1809.0,937.0,639.0,742.0,784.0,946.0
32661,18:00.000,18:00.013,3,1100.0,771.0,1260.0,1011.0,1622.0,746.0,1771.0,956.0,602.0,756.0,752.0,963.0
32676,18:00.500,18:00.513,3,1137.0,849.0,1293.0,1082.0,1665.0,820.0,1820.0,1037.0,647.0,842.0,793.0,1052.0
32691,18:01.000,18:01.013,3,1884.0,840.0,2054.0,1071.0,1334.0,850.0,1497.0,1095.0,854.0,856.0,990.0,1056.0
32706,18:01.500,18:01.513,3,1735.0,742.0,1895.0,961.0,1208.0,772.0,1363.0,1003.0,724.0,775.0,865.0,981.0
32720,18:02.000,18:02.022,3,1962.0,744.0,2146.0,972.0,1365.0,785.0,1524.0,1017.0,917.0,803.0,1051.0,1001.0
32736,18:02.500,18:02.515,3,1970.0,915.0,2156.0,1156.0,1297.0,959.0,1454.0,1195.0,916.0,959.0,1051.0,1163.0
32751,18:03.000,18:03.015,3,1005.0,916.0,1163.0,1163.0,1584.0,844.0,1737.0,1065.0,559.0,953.0,715.0,1172.0
32766,18:03.500,18:03.515,3,1083.0,843.0,1242.0,1082.0,1682.0,780.0,1837.0,999.0,671.0,858.0,815.0,1067.0
32781,18:04.000,18:04.015,3,1717.0,760.0,1876.0,982.0,1135.0,806.0,1295.0,1052.0,701.0,825.0,845.0,1032.0
32796,18:04.500,18:04.515,3,1688.0,773.0,1843.0,993.0,1154.0,825.0,1309.0,1063.0,674.0,842.0,819.0,1047.0
32811,18:05.000,18:05.015,3,1717.0,786.0,1876.0,1005.0,1195.0,836.0,1351.0,1080.0,704.0,847.0,846.0,1050.0
32826,18:05.500,18:05.515,3,1673.0,764.0,1828.0,981.0,1150.0,835.0,1306.0,1070.0,658.0,837.0,803.0,1044.0
32841,18:06.000,18:06.015,3,1694.0,727.0,1853.0,944.0,677.0,798.0,823.0,1012.0,1160.0,790.0,1316.0,1041.0
32856,18:06.500,18:06.517,3,1941.0,763.0,2122.0,997.0,1358.0,852.0,1517.0,1083.0,904.0,853.0,1039.0,1046.0
32871,18:07.000,18:07.017,3,1948.0,800.0,2129.0,1030.0,1356.0,875.0,1520.0,1115.0,902.0,880.0,1040.0,1079.0
32886,18:07.500,18:07.517,3,1843.0,771.0,2012.0,994.0,1261.0,824.0,1420.0,1067.0,811.0,839.0,951.0,1038.0
32901,18:08.000,18:08.017,3,1772.0,710.0,1937.0,935.0,1229.0,774.0,1385.0,1006.0,739.0,791.0,884.0,987.0
32916,18:08.500,18:08.517,3,1787.0,714.0,1952.0,938.0,1253.0,760.0,1410.0,999.0,750.0,782.0,894.0,981.0
32931,18:09.000,18:09.017,3,1752.0,712.0,1918.0,939.0,1201.0,764.0,1354.0,995.0,719.0,775.0,863.0,975.0
32946,18:09.500,18:09.508,3,1750.0,768.0,1912.0,986.0,1200.0,819.0,1353.0,1046.0,715.0,812.0,861.0,1016.0
32961,18:10.000,18:10.008,3,1743.0,760.0,1903.0,979.0,1184.0,822.0,1336.0,1047.0,709.0,808.0,853.0,1010.0
32976,18:10.500,18:10.508,3,1193.0,809.0,1357.0,1053.0,1723.0,751.0,1882.0,965.0,691.0,798.0,837.0,998.0
32991,18:11.000,18:11.010,3,1768.0,801.0,1929.0,1021.0,1223.0,860.0,1396.0,1117.0,733.0,849.0,874.0,1050.0
33006,18:11.500,18:11.510,3,1105.0,909.0,1277.0,1168.0,556.0,897.0,708.0,1104.0,1600.0,858.0,1753.0,1070.0
33021,18:12.000,18:12.010,3,2016.0,897.0,2207.0,1140.0,1462.0,940.0,1649.0,1217.0,938.0,925.0,1077.0,1130.0
33036,18:12.500,18:12.510,3,1869.0,947.0,2045.0,1188.0,1353.0,1025.0,1535.0,1293.0,811.0,1027.0,955.0,1225.0
33051,18:13.000,18:13.010,3,1986.0,986.0,2176.0,1230.0,1426.0,1046.0,1605.0,1323.0,910.0,1020.0,1048.0,1222.0
33066,18:13.500,18:13.510,3,1688.0,854.0,1846.0,1071.0,1163.0,921.0,1329.0,1176.0,656.0,898.0,803.0,1106.0
33081,18:14.000,18:14.010,3,1077.0,818.0,1242.0,1074.0,565.0,807.0,722.0,1019.0,1600.0,752.0,1751.0,963.0
33096,18:14.500,18:14.510,3,1671.0,790.0,1826.0,1011.0,1168.0,857.0,1338.0,1113.0,645.0,839.0,793.0,1043.0
33111,18:15.000,18:15.012,3,1667.0,796.0,1823.0,1016.0,1157.0,859.0,1327.0,1116.0,646.0,847.0,794.0,1051.0
33126,18:15.500,18:15.512,3,1806.0,820.0,1974.0,1044.0,1250.0,872.0,1425.0,1144.0,779.0,870.0,919.0,1068.0
33141,18:16.000,18:16.012,3,1281.0,866.0,1451.0,1126.0,1829.0,804.0,1996.0,1026.0,804.0,850.0,943.0,1049.0
33156,18:16.500,18:16.512,3,1236.0,825.0,1406.0,1068.0,1767.0,741.0,1930.0,964.0,747.0,804.0,891.0,1007.0
33171,18:17.000,18:17.012,3,1820.0,726.0,1989.0,958.0,1276.0,807.0,1445.0,1061.0,815.0,789.0,953.0,986.0
33186,18:17.500,18:17.512,3,1726.0,779.0,1886.0,998.0,1205.0,865.0,1373.0,1110.0,781.0,862.0,922.0,1061.0
33201,18:18.000,18:18.012,3,994.0,888.0,1165.0,1139.0,502.0,882.0,660.0,1095.0,1499.0,808.0,1646.0,1017.0
33216,18:18.500,18:18.512,3,1001.0,866.0,1172.0,1121.0,482.0,848.0,640.0,1063.0,1509.0,792.0,1656.0,1001.0
33231,18:19.000,18:19.012,3,1016.0,860.0,1187.0,1112.0,483.0,841.0,639.0,1045.0,1524.0,787.0,1671.0,998.0
33246,18:19.500,18:19.513,3,982.0,878.0,1154.0,1131.0,450.0,856.0,611.0,1073.0,1489.0,803.0,1635.0,1012.0
33261,18:20.000,18:20.013,3,970.0,886.0,1142.0,1139.0,432.0,873.0,596.0,1086.0,1478.0,805.0,1625.0,1019.0
33276,18:20.500,18:20.513,3,967.0,882.0,1139.0,1138.0,429.0,874.0,594.0,1088.0,1476.0,803.0,1622.0,1016.0
33291,18:21.000,18:21.013,3,986.0,898.0,1158.0,1153.0,470.0,874.0,631.0,1091.0,1499.0,827.0,1644.0,1034.0
33306,18:21.500,18:21.513,3,1875.0,874.0,2050.0,1102.0,1323.0,972.0,1500.0,1229.0,838.0,936.0,977.0,1137.0
33321,18:22.000,18:22.013,3,1950.0,930.0,2133.0,1168.0,1380.0,1015.0,1561.0,1292.0,882.0,988.0,1019.0,1189.0
33336,18:22.500,18:22.513,3,1942.0,906.0,2122.0,1141.0,1372.0,993.0,1554.0,1267.0,867.0,951.0,1006.0,1144.0
33351,18:23.000,18:23.013,3,1961.0,886.0,2146.0,1119.0,1388.0,958.0,1570.0,1239.0,905.0,934.0,1043.0,1134.0
33366,18:23.500,18:23.515,3,1371.0,949.0,1551.0,1214.0,1936.0,862.0,2117.0,1094.0,882.0,921.0,1021.0,1119.0
33381,18:24.000,18:24.015,3,1907.0,831.0,2085.0,1062.0,1346.0,921.0,1525.0,1183.0,841.0,901.0,978.0,1102.0
33396,18:24.500,18:24.515,3,1895.0,826.0,2070.0,1058.0,1335.0,919.0,1511.0,1176.0,840.0,896.0,977.0,1092.0
33411,18:25.000,18:25.015,3,1846.0,826.0,2016.0,1047.0,1296.0,907.0,1474.0,1172.0,802.0,895.0,941.0,1091.0
33426,18:25.500,18:25.515,3,1747.0,800.0,1909.0,1024.0,1215.0,915.0,1387.0,1163.0,708.0,903.0,853.0,1103.0
33441,18:26.000,18:26.015,3,1154.0,894.0,1327.0,1159.0,1677.0,801.0,1833.0,1022.0,639.0,903.0,788.0,1102.0
33456,18:26.500,18:26.515,3,272.0,909.0,450.0,1138.0,864.0,918.0,1045.0,1178.0,1381.0,817.0,1521.0,1025.0
33471,18:27.000,18:27.015,2,-58.0,930.0,206.0,1247.0,652.0,808.0,804.0,1024.0,,,,
33486,18:27.500,18:27.515,2,458.0,941.0,672.0,1215.0,1014.0,788.0,1155.0,992.0,,,,
33501,18:28.000,18:28.017,3,1103.0,821.0,1278.0,1066.0,1612.0,683.0,1767.0,899.0,581.0,842.0,734.0,1046.0
33516,18:28.500,18:28.517,3,1727.0,732.0,1891.0,953.0,1206.0,862.0,1379.0,1106.0,695.0,861.0,842.0,1058.0
33531,18:29.000,18:29.017,3,1461.0,901.0,1650.0,1153.0,2023.0,714.0,2215.0,941.0,1003.0,944.0,1139.0,1134.0
33546,18:29.500,18:29.517,3,1299.0,936.0,1498.0,1174.0,1777.0,653.0,1962.0,854.0,858.0,1067.0,1007.0,1264.0
33561,18:30.000,18:30.008,3,1267.0,909.0,1445.0,1141.0,1776.0,664.0,1942.0,874.0,819.0,1032.0,968.0,1231.0
33576,18:30.500,18:30.508,3,731.0,1162.0,918.0,1439.0,123.0,1093.0,316.0,1340.0,1292.0,1150.0,1435.0,1362.0
33591,18:31.000,18:31.008,2,-4.0,1017.0,215.0,1261.0,567.0,1273.0,788.0,1520.0,,,,
33606,18:31.500,18:31.508,2,963.0,1254.0,1150.0,1506.0,472.0,1030.0,636.0,1245.0,,,,
33621,18:32.000,18:32.008,1,881.0,1318.0,1029.0,1504.0,,,,,,,,
33636,18:32.500,18:32.510,0,,,,,,,,,,,,
33651,18:33.000,18:33.010,1,914.0,1358.0,1058.0,1505.0,,,,,,,,
33666,18:33.500,18:33.510,3,1007.0,924.0,1177.0,1178.0,473.0,888.0,635.0,1102.0,1562.0,886.0,1706.0,1098.0
33681,18:34.000,18:34.010,3,735.0,712.0,915.0,970.0,112.0,689.0,309.0,923.0,1303.0,662.0,1440.0,860.0
33696,18:34.500,18:34.510,3,197.0,658.0,387.0,888.0,795.0,672.0,970.0,924.0,1356.0,614.0,1495.0,810.0
33711,18:35.000,18:35.010,3,1077.0,704.0,1243.0,952.0,567.0,681.0,721.0,887.0,1641.0,653.0,1794.0,866.0
33725,18:35.500,18:35.510,3,1207.0,846.0,1376.0,1094.0,1791.0,779.0,1950.0,1007.0,719.0,827.0,864.0,1028.0
33740,18:36.000,18:36.010,3,1381.0,864.0,1554.0,1127.0,2014.0,821.0,2191.0,1057.0,911.0,841.0,1046.0,1035.0
33755,18:36.500,18:36.512,3,1459.0,896.0,1637.0,1156.0,985.0,875.0,1119.0,1062.0,2122.0,838.0,2315.0,1084.0
33770,18:37.000,18:37.012,3,1522.0,957.0,1707.0,1226.0,2217.0,914.0,2410.0,1159.0,1045.0,931.0,1180.0,1133.0
33785,18:37.500,18:37.512,2,1692.0,930.0,1887.0,1198.0,1201.0,908.0,1337.0,1100.0,,,,
33800,18:38.000,18:38.012,2,1691.0,858.0,1885.0,1116.0,1203.0,830.0,1338.0,1019.0,,,,
33815,18:38.500,18:38.512,3,1002.0,926.0,1170.0,1177.0,477.0,863.0,639.0,1080.0,1578.0,901.0,1724.0,1114.0
33830,18:39.000,18:39.012,3,654.0,885.0,841.0,1156.0,5.0,887.0,215.0,1128.0,1241.0,822.0,1375.0,1016.0
33845,18:39.500,18:39.512,3,173.0,849.0,361.0,1080.0,762.0,842.0,945.0,1105.0,1336.0,768.0,1471.0,964.0
33860,18:40.000,18:40.012,3,933.0,784.0,1106.0,1039.0,396.0,775.0,565.0,985.0,1498.0,716.0,1639.0,930.0
33875,18:40.500,18:40.513,3,1036.0,786.0,1203.0,1039.0,524.0,774.0,682.0,978.0,1604.0,731.0,1751.0,944.0
33890,18:41.000,18:41.013,3,1014.0,802.0,1183.0,1058.0,497.0,791.0,656.0,1001.0,1581.0,752.0,1727.0,958.0
33905,18:41.500,18:41.513,3,958.0,853.0,1128.0,1105.0,428.0,836.0,592.0,1050.0,1522.0,789.0,1666.0,997.0
33920,18:42.000,18:42.013,3,954.0,832.0,1126.0,1089.0,426.0,821.0,592.0,1034.0,1519.0,775.0,1662.0,984.0
33935,18:42.500,18:42.513,3,1035.0,826.0,1201.0,1071.0,526.0,803.0,681.0,1015.0,1551.0,765.0,1710.0,974.0
33950,18:43.000,18:43.013,3,1195.0,837.0,1363.0,1086.0,1742.0,770.0,1899.0,983.0,711.0,816.0,859.0,1025.0
33965,18:43.500,18:43.513,3,1949.0,775.0,2127.0,1007.0,1357.0,849.0,1529.0,1098.0,888.0,818.0,1026.0,1011.0
33980,18:44.000,18:44.013,3,1994.0,786.0,2177.0,1019.0,1390.0,854.0,1563.0,1110.0,924.0,828.0,1060.0,1026.0
33995,18:44.500,18:44.513,3,1971.0,772.0,2151.0,1004.0,1365.0,854.0,1538.0,1102.0,900.0,823.0,1039.0,1017.0
34010,18:45.000,18:45.015,3,1196.0,794.0,1364.0,1041.0,1753.0,702.0,1916.0,923.0,717.0,782.0,862.0,980.0
34025,18:45.500,18:45.515,3,1206.0,808.0,1375.0,1050.0,1775.0,711.0,1936.0,935.0,733.0,784.0,877.0,984.0
34040,18:46.000,18:46.015,3,1184.0,834.0,1361.0,1075.0,1785.0,739.0,1944.0,961.0,736.0,801.0,883.0,1004.0
34055,18:46.500,18:46.515,3,1190.0,811.0,1361.0,1064.0,1756.0,720.0,1918.0,948.0,711.0,791.0,857.0,991.0
34070,18:47.000,18:47.015,3,1211.0,819.0,1380.0,1065.0,1748.0,724.0,1905.0,948.0,701.0,792.0,845.0,992.0
34085,18:47.500,18:47.515,3,1217.0,812.0,1387.0,1056.0,1748.0,715.0,1907.0,940.0,702.0,780.0,849.0,982.0
34100,18:48.000,18:48.015,3,1798.0,719.0,1958.0,947.0,1222.0,821.0,1393.0,1067.0,753.0,791.0,899.0,987.0
34115,18:48.500,18:48.515,3,1062.0,857.0,1241.0,1094.0,1643.0,773.0,1793.0,983.0,628.0,813.0,780.0,1017.0
34130,18:49.000,18:49.015,3,1749.0,783.0,1908.0,1004.0,1162.0,862.0,1337.0,1108.0,735.0,821.0,881.0,1017.0
34145,18:49.500,18:49.517,3,1236.0,867.0,1415.0,1112.0,1838.0,793.0,2000.0,1014.0,810.0,829.0,953.0,1030.0
34160,18:50.000,18:50.017,3,1905.0,798.0,2078.0,1024.0,1305.0,886.0,1469.0,1120.0,849.0,836.0,993.0,1033.0
34175,18:50.500,18:50.508,3,1348.0,888.0,1515.0,1134.0,1950.0,815.0,2127.0,1040.0,878.0,858.0,1018.0,1050.0
34190,18:51.000,18:51.008,3,1349.0,888.0,1515.0,1131.0,1963.0,817.0,2143.0,1046.0,891.0,853.0,1029.0,1044.0
34205,18:51.500,18:51.508,3,1963.0,798.0,2141.0,1028.0,1354.0,870.0,1519.0,1109.0,888.0,836.0,1028.0,1027.0
34220,18:52.000,18:52.008,3,1935.0,777.0,2113.0,1014.0,1337.0,872.0,1498.0,1102.0,869.0,831.0,1009.0,1022.0
34235,18:52.500,18:52.508,3,1931.0,787.0,2106.0,1020.0,1330.0,873.0,1496.0,1108.0,862.0,835.0,1004.0,1029.0
34250,18:53.000,18:53.008,3,1154.0,821.0,1315.0,1062.0,1718.0,747.0,1877.0,961.0,670.0,802.0,815.0,1000.0
34265,18:53.500,18:53.510,3,1072.0,882.0,1233.0,1122.0,572.0,850.0,727.0,1061.0,1629.0,805.0,1777.0,1016.0
34280,18:54.000,18:54.010,3,2019.0,841.0,2205.0,1081.0,1400.0,898.0,1567.0,1154.0,933.0,873.0,1071.0,1068.0
34295,18:54.500,18:54.510,3,1829.0,846.0,1993.0,1071.0,1251.0,913.0,1418.0,1165.0,773.0,898.0,917.0,1095.0
34310,18:55.000,18:55.010,3,1057.0,922.0,1220.0,1172.0,551.0,912.0,709.0,1131.0,1602.0,842.0,1756.0,1057.0
34325,18:55.500,18:55.510,3,1269.0,893.0,1436.0,1154.0,1848.0,825.0,2016.0,1044.0,795.0,888.0,937.0,1081.0
34340,18:56.000,18:56.010,3,2000.0,827.0,2185.0,1066.0,1386.0,903.0,1553.0,1155.0,922.0,875.0,1059.0,1072.0
34355,18:56.500,18:56.510,3,2003.0,846.0,2186.0,1085.0,1387.0,918.0,1554.0,1170.0,921.0,891.0,1056.0,1082.0
34370,18:57.000,18:57.010,3,2010.0,850.0,2196.0,1088.0,1392.0,913.0,1558.0,1169.0,926.0,887.0,1064.0,1082.0
34385,18:57.500,18:57.510,3,1916.0,817.0,2088.0,1044.0,1318.0,888.0,1482.0,1132.0,849.0,853.0,989.0,1048.0
34400,18:58.000,18:58.012,3,1690.0,793.0,1848.0,1012.0,1133.0,867.0,1297.0,1108.0,645.0,836.0,792.0,1035.0
34415,18:58.500,18:58.512,3,1234.0,884.0,1397.0,1125.0,1809.0,813.0,1973.0,1027.0,760.0,858.0,903.0,1059.0
34430,18:59.000,18:59.012,3,1870.0,828.0,2043.0,1055.0,1285.0,893.0,1450.0,1145.0,819.0,865.0,960.0,1064.0
34445,18:59.500,18:59.512,3,1796.0,825.0,1958.0,1047.0,1222.0,912.0,1385.0,1150.0,747.0,882.0,893.0,1082.0
34460,19:00.000,19:00.012,3,1111.0,920.0,1272.0,1158.0,617.0,894.0,772.0,1100.0,1666.0,828.0,1819.0,1043.0
34475,19:00.500,19:00.512,3,1206.0,944.0,1368.0,1185.0,1776.0,859.0,1937.0,1079.0,724.0,916.0,871.0,1120.0
34490,19:01.000,19:01.012,3,1708.0,858.0,1867.0,1076.0,1142.0,917.0,1305.0,1174.0,656.0,900.0,806.0,1104.0
34505,19:01.500,19:01.512,3,1047.0,863.0,1209.0,1109.0,1601.0,793.0,1753.0,1002.0,549.0,835.0,703.0,1044.0
34520,19:02.000,19:02.013,3,1765.0,797.0,1927.0,1017.0,1189.0,875.0,1353.0,1114.0,715.0,847.0,863.0,1049.0
34535,19:02.500,19:02.513,3,1838.0,793.0,2005.0,1016.0,1251.0,866.0,1417.0,1112.0,785.0,853.0,928.0,1050.0
34550,19:03.000,19:03.013,3,1302.0,894.0,1466.0,1137.0,1902.0,814.0,2077.0,1041.0,843.0,869.0,985.0,1070.0
34565,19:03.500,19:03.513,3,1894.0,803.0,2067.0,1030.0,1296.0,890.0,1458.0,1131.0,835.0,861.0,977.0,1064.0
34580,19:04.000,19:04.013,3,1871.0,777.0,2042.0,1005.0,1277.0,864.0,1439.0,1108.0,811.0,838.0,953.0,1038.0
34595,19:04.500,19:04.513,3,1897.0,768.0,2070.0,996.0,1299.0,864.0,1462.0,1098.0,843.0,829.0,982.0,1023.0
34610,19:05.000,19:05.013,3,1948.0,779.0,2126.0,1014.0,1338.0,865.0,1501.0,1101.0,881.0,829.0,1019.0,1024.0
34625,19:05.500,19:05.513,3,1835.0,832.0,2002.0,1058.0,1245.0,915.0,1411.0,1164.0,781.0,899.0,923.0,1098.0
34640,19:06.000,19:06.013,3,394.0,1201.0,568.0,1443.0,939.0,1221.0,1113.0,1491.0,1511.0,1123.0,1665.0,1345.0
34655,19:06.500,19:06.515,0,,,,,,,,,,,,
34670,19:07.000,19:07.015,2,506.0,1335.0,667.0,1507.0,1642.0,1318.0,1811.0,1504.0,,,,
34685,19:07.500,19:07.515,3,1061.0,1150.0,1230.0,1412.0,1639.0,1094.0,1797.0,1325.0,549.0,1101.0,703.0,1310.0
34700,19:08.000,19:08.015,3,345.0,911.0,517.0,1128.0,896.0,935.0,1062.0,1191.0,1449.0,864.0,1593.0,1073.0
34715,19:08.500,19:08.515,3,942.0,681.0,1105.0,921.0,407.0,625.0,575.0,838.0,1496.0,624.0,1640.0,830.0
34730,19:09.000,19:09.015,3,1149.0,594.0,1311.0,828.0,1722.0,635.0,1876.0,845.0,670.0,452.0,816.0,655.0
34745,19:09.500,19:09.515,3,1528.0,603.0,1709.0,843.0,2201.0,704.0,2408.0,941.0,1089.0,436.0,1223.0,631.0
34760,19:10.000,19:10.007,2,1670.0,159.0,1830.0,387.0,2209.0,335.0,2467.0,638.0,,,,
34775,19:10.500,19:10.508,1,1751.0,110.0,1920.0,338.0,,,,,,,,
34790,19:11.000,19:11.008,1,1754.0,97.0,1922.0,332.0,,,,,,,,
34804,19:11.500,19:11.508,1,1750.0,108.0,1919.0,342.0,,,,,,,,
34819,19:12.000,19:12.008,1,1741.0,135.0,1909.0,379.0,,,,,,,,
34834,19:12.500,19:12.508,2,1993.0,472.0,2228.0,750.0,1489.0,324.0,1635.0,535.0,,,,
34850,19:13.000,19:13.008,3,2055.0,956.0,2248.0,1195.0,1411.0,909.0,1582.0,1150.0,963.0,781.0,1095.0,972.0
34865,19:13.500,19:13.508,3,1270.0,1014.0,1436.0,1270.0,1866.0,999.0,2041.0,1231.0,797.0,942.0,939.0,1142.0
34880,19:14.000,19:14.008,3,1157.0,1066.0,1324.0,1334.0,1728.0,1025.0,1891.0,1256.0,655.0,1030.0,806.0,1239.0
34895,19:14.500,19:14.508,3,1732.0,1042.0,1898.0,1277.0,1180.0,1096.0,1345.0,1350.0,664.0,1058.0,813.0,1262.0
34910,19:15.000,19:15.010,3,1746.0,1009.0,1912.0,1240.0,1197.0,1062.0,1361.0,1312.0,679.0,1012.0,831.0,1221.0
34925,19:15.500,19:15.510,3,1175.0,1123.0,1340.0,1386.0,1740.0,1067.0,1905.0,1300.0,664.0,1086.0,814.0,1296.0
34940,19:16.000,19:16.010,3,1743.0,1129.0,1909.0,1364.0,1176.0,1200.0,1345.0,1463.0,654.0,1155.0,806.0,1369.0
34955,19:16.500,19:16.510,3,1884.0,1006.0,2061.0,1246.0,1306.0,1079.0,1477.0,1337.0,807.0,1048.0,952.0,1253.0
34970,19:17.000,19:17.010,3,1410.0,1064.0,1578.0,1314.0,2028.0,1004.0,2222.0,1252.0,928.0,1019.0,1068.0,1220.0
34985,19:17.500,19:17.510,3,1420.0,1070.0,1594.0,1330.0,2055.0,1016.0,2250.0,1263.0,947.0,1020.0,1086.0,1220.0
35000,19:18.000,19:18.010,3,1341.0,1044.0,1511.0,1303.0,1956.0,988.0,2140.0,1229.0,871.0,1008.0,1013.0,1208.0
35015,19:18.500,19:18.510,3,1906.0,997.0,2087.0,1229.0,1303.0,1053.0,1469.0,1305.0,833.0,1011.0,975.0,1213.0
35030,19:19.000,19:19.012,3,1900.0,978.0,2077.0,1212.0,1294.0,1035.0,1463.0,1293.0,828.0,999.0,971.0,1205.0
35045,19:19.500,19:19.512,3,1893.0,973.0,2068.0,1207.0,1286.0,1029.0,1454.0,1289.0,823.0,998.0,966.0,1203.0
35060,19:20.000,19:20.012,3,1831.0,954.0,2001.0,1187.0,1237.0,1020.0,1404.0,1271.0,769.0,987.0,915.0,1190.0
35075,19:20.500,19:20.512,3,1780.0,956.0,1946.0,1189.0,1194.0,1034.0,1361.0,1286.0,717.0,1002.0,867.0,1207.0
35090,19:21.000,19:21.012,3,1165.0,949.0,1330.0,1212.0,1736.0,888.0,1894.0,1110.0,679.0,929.0,831.0,1140.0
35105,19:21.500,19:21.512,3,2073.0,774.0,2268.0,1017.0,1467.0,866.0,1638.0,1110.0,970.0,838.0,1107.0,1034.0
35120,19:22.000,19:22.012,3,1036.0,888.0,1198.0,1122.0,1573.0,785.0,1724.0,1001.0,494.0,839.0,661.0,1057.0
35135,19:22.500,19:22.512,3,1331.0,664.0,1508.0,913.0,1954.0,513.0,2153.0,769.0,804.0,660.0,956.0,868.0
35150,19:23.000,19:23.012,3,1361.0,583.0,1551.0,860.0,2039.0,463.0,2247.0,724.0,824.0,533.0,979.0,759.0
35165,19:23.500,19:23.513,3,1369.0,598.0,1535.0,838.0,1986.0,514.0,2169.0,744.0,906.0,536.0,1044.0,734.0
35180,19:24.000,19:24.013,3,1796.0,970.0,1957.0,1196.0,1212.0,1044.0,1375.0,1290.0,763.0,987.0,906.0,1188.0
35195,19:24.500,19:24.513,3,1266.0,1052.0,1436.0,1309.0,1846.0,955.0,2018.0,1183.0,803.0,1021.0,948.0,1229.0
35210,19:25.000,19:25.013,3,1948.0,879.0,2125.0,1110.0,1343.0,972.0,1510.0,1216.0,894.0,930.0,1029.0,1126.0
35225,19:25.500,19:25.513,3,1957.0,834.0,2138.0,1068.0,1352.0,923.0,1519.0,1171.0,907.0,893.0,1043.0,1087.0
35240,19:26.000,19:26.013,3,1847.0,780.0,2016.0,1006.0,1269.0,868.0,1434.0,1114.0,820.0,839.0,959.0,1041.0
35255,19:26.500,19:26.513,3,1877.0,820.0,2047.0,1043.0,1301.0,888.0,1465.0,1129.0,845.0,831.0,984.0,1031.0
35270,19:27.000,19:27.013,3,1327.0,892.0,1490.0,1128.0,1906.0,811.0,2079.0,1030.0,874.0,847.0,1011.0,1045.0
35285,19:27.500,19:27.515,3,1358.0,910.0,1524.0,1149.0,1954.0,820.0,2130.0,1048.0,909.0,866.0,1045.0,1060.0
35300,19:28.000,19:28.015,3,1936.0,810.0,2113.0,1037.0,1339.0,898.0,1504.0,1135.0,898.0,862.0,1035.0,1053.0
35315,19:28.500,19:28.515,3,1809.0,821.0,1974.0,1041.0,1238.0,904.0,1398.0,1137.0,786.0,858.0,926.0,1060.0
35330,19:29.000,19:29.007,3,1986.0,1035.0,2171.0,1275.0,1376.0,1097.0,1545.0,1357.0,913.0,1049.0,1053.0,1256.0
35345,19:29.500,19:29.507,0,,,,,,,,,,,,
35360,19:30.000,19:30.007,3,1870.0,1183.0,2050.0,1438.0,1271.0,1249.0,1444.0,1501.0,790.0,1186.0,935.0,1405.0
35375,19:30.500,19:30.507,3,1827.0,916.0,1993.0,1141.0,1253.0,990.0,1417.0,1237.0,792.0,951.0,936.0,1156.0
35390,19:31.000,19:31.007,3,1067.0,876.0,1229.0,1109.0,1619.0,776.0,1767.0,987.0,592.0,841.0,744.0,1053.0
35405,19:31.500,19:31.507,3,1073.0,855.0,1238.0,1083.0,1625.0,745.0,1775.0,956.0,602.0,822.0,754.0,1025.0
35420,19:32.000,19:32.008,3,1807.0,758.0,1973.0,981.0,1232.0,872.0,1392.0,1101.0,786.0,839.0,927.0,1032.0
35435,19:32.500,19:32.508,3,1769.0,768.0,1931.0,993.0,1197.0,885.0,1359.0,1112.0,754.0,852.0,898.0,1046.0
35450,19:33.000,19:33.008,3,1130.0,879.0,1294.0,1112.0,1690.0,769.0,1846.0,986.0,673.0,857.0,820.0,1057.0
35465,19:33.500,19:33.508,3,1687.0,775.0,1842.0,992.0,1132.0,882.0,1295.0,1116.0,670.0,860.0,817.0,1060.0
35480,19:34.000,19:34.008,3,1163.0,897.0,1327.0,1138.0,1728.0,803.0,1886.0,1021.0,706.0,869.0,852.0,1071.0
35495,19:34.500,19:34.508,3,1926.0,821.0,2103.0,1053.0,1330.0,919.0,1495.0,1153.0,884.0,874.0,1022.0,1065.0
35510,19:35.000,19:35.008,3,1930.0,892.0,2107.0,1129.0,1333.0,996.0,1500.0,1234.0,880.0,951.0,1021.0,1151.0
35525,19:35.500,19:35.508,3,2059.0,1137.0,2255.0,1389.0,1419.0,1206.0,1597.0,1468.0,955.0,1150.0,1093.0,1356.0
35540,19:36.000,19:36.008,3,2024.0,1188.0,2222.0,1452.0,1387.0,1249.0,1569.0,1505.0,911.0,1208.0,1056.0,1422.0
35555,19:36.500,19:36.510,3,1361.0,1117.0,1532.0,1375.0,1974.0,1043.0,2160.0,1283.0,895.0,1062.0,1033.0,1265.0
35570,19:37.000,19:37.010,3,1832.0,847.0,1997.0,1071.0,1255.0,934.0,1418.0,1178.0,795.0,895.0,934.0,1096.0
35585,19:37.500,19:37.510,3,1814.0,793.0,1983.0,1016.0,1249.0,892.0,1411.0,1133.0,789.0,858.0,929.0,1057.0
35600,19:38.000,19:38.010,3,1008.0,934.0,1172.0,1170.0,1540.0,837.0,1689.0,1053.0,514.0,894.0,670.0,1105.0
35615,19:38.500,19:38.510,3,884.0,961.0,1050.0,1204.0,355.0,927.0,525.0,1156.0,1417.0,855.0,1561.0,1064.0
35630,19:39.000,19:39.010,3,892.0,963.0,1060.0,1208.0,368.0,935.0,538.0,1160.0,1422.0,855.0,1569.0,1068.0
35645,19:39.500,19:39.510,3,1574.0,886.0,1727.0,1100.0,550.0,944.0,706.0,1159.0,1036.0,982.0,1199.0,1224.0
35660,19:40.000,19:40.010,3,928.0,1003.0,1094.0,1258.0,420.0,980.0,583.0,1202.0,1472.0,921.0,1616.0,1136.0
35675,19:40.500,19:40.512,3,478.0,1029.0,638.0,1252.0,982.0,1068.0,1148.0,1314.0,1534.0,969.0,1682.0,1185.0
35690,19:41.000,19:41.012,3,1799.0,774.0,1964.0,997.0,1230.0,872.0,1392.0,1108.0,773.0,833.0,914.0,1033.0
35705,19:41.500,19:41.512,3,1827.0,753.0,1992.0,972.0,1246.0,838.0,1406.0,1074.0,791.0,797.0,930.0,993.0
35720,19:42.000,19:42.012,3,1778.0,766.0,1938.0,989.0,1198.0,848.0,1361.0,1083.0,743.0,805.0,888.0,1008.0
35735,19:42.500,19:42.512,3,1257.0,822.0,1419.0,1063.0,1836.0,744.0,2003.0,965.0,801.0,786.0,940.0,989.0
35750,19:43.000,19:43.012,3,1997.0,860.0,2182.0,1093.0,1378.0,932.0,1547.0,1184.0,930.0,896.0,1067.0,1094.0
35765,19:43.500,19:43.512,3,2112.0,778.0,2312.0,1023.0,1457.0,870.0,1628.0,1112.0,1006.0,828.0,1144.0,1026.0
35780,19:44.000,19:44.012,3,1560.0,899.0,1735.0,1149.0,1113.0,831.0,1247.0,1022.0,2263.0,854.0,2470.0,1107.0
35795,19:44.500,19:44.512,3,1524.0,1004.0,1698.0,1258.0,2215.0,943.0,2417.0,1191.0,1075.0,942.0,1212.0,1141.0
35810,19:45.000,19:45.013,3,2053.0,755.0,2245.0,989.0,1415.0,867.0,1582.0,1103.0,970.0,823.0,1107.0,1013.0
35825,19:45.500,19:45.513,3,1944.0,704.0,2127.0,941.0,1337.0,835.0,1503.0,1066.0,885.0,801.0,1025.0,993.0
35840,19:46.000,19:46.013,3,1893.0,772.0,2069.0,1011.0,1299.0,896.0,1466.0,1137.0,841.0,876.0,982.0,1067.0
35855,19:46.500,19:46.513,3,1696.0,790.0,1853.0,1010.0,1130.0,887.0,1290.0,1122.0,657.0,848.0,807.0,1047.0
35870,19:47.000,19:47.013,3,1071.0,894.0,1233.0,1131.0,1632.0,795.0,1786.0,1006.0,588.0,858.0,741.0,1063.0
35885,19:47.500,19:47.513,3,1640.0,766.0,1794.0,981.0,1078.0,862.0,1241.0,1102.0,597.0,826.0,750.0,1027.0
35900,19:48.000,19:48.013,3,1059.0,852.0,1220.0,1087.0,1612.0,759.0,1764.0,970.0,565.0,807.0,724.0,1016.0
35915,19:48.500,19:48.513,3,1629.0,772.0,1781.0,984.0,1074.0,863.0,1238.0,1104.0,584.0,819.0,740.0,1028.0
35930,19:49.000,19:49.007,3,1636.0,795.0,1791.0,1012.0,1081.0,889.0,1242.0,1128.0,590.0,847.0,744.0,1054.0
35945,19:49.500,19:49.507,3,1641.0,770.0,1794.0,984.0,1083.0,860.0,1246.0,1098.0,595.0,821.0,749.0,1023.0
35961,19:50.000,19:50.007,3,1047.0,862.0,1209.0,1106.0,1607.0,779.0,1757.0,987.0,555.0,829.0,712.0,1036.0
35976,19:50.500,19:50.507,3,1042.0,873.0,1205.0,1116.0,1600.0,792.0,1751.0,998.0,549.0,841.0,703.0,1046.0
35991,19:51.000,19:51.007,3,1730.0,785.0,1890.0,1009.0,1162.0,869.0,1323.0,1119.0,683.0,843.0,834.0,1043.0
36006,19:51.500,19:51.507,3,1962.0,805.0,2144.0,1034.0,1352.0,888.0,1518.0,1128.0,893.0,842.0,1031.0,1036.0
36021,19:52.000,19:52.007,3,1858.0,764.0,2025.0,987.0,1270.0,836.0,1431.0,1079.0,804.0,799.0,946.0,992.0
36036,19:52.500,19:52.507,3,1750.0,714.0,1913.0,937.0,1184.0,795.0,1343.0,1034.0,706.0,763.0,853.0,963.0
36051,19:53.000,19:53.007,3,1173.0,838.0,1332.0,1076.0,1727.0,757.0,1886.0,970.0,682.0,803.0,831.0,1001.0
36066,19:53.500,19:53.508,3,1715.0,781.0,1873.0,999.0,1166.0,865.0,1327.0,1109.0,673.0,826.0,819.0,1026.0
36081,19:54.000,19:54.008,3,1713.0,770.0,1870.0,987.0,1165.0,854.0,1327.0,1093.0,671.0,818.0,818.0,1016.0
36096,19:54.500,19:54.508,3,1712.0,775.0,1871.0,993.0,1164.0,864.0,1327.0,1105.0,671.0,824.0,816.0,1023.0
36111,19:55.000,19:55.008,3,1287.0,890.0,1451.0,1143.0,1866.0,822.0,2038.0,1050.0,811.0,860.0,953.0,1060.0
36126,19:55.500,19:55.508,3,1331.0,903.0,1498.0,1152.0,1926.0,830.0,2103.0,1064.0,860.0,861.0,1000.0,1055.0
36141,19:56.000,19:56.008,3,1904.0,810.0,2078.0,1038.0,1318.0,883.0,1484.0,1126.0,839.0,830.0,979.0,1031.0
36156,19:56.500,19:56.508,3,1904.0,812.0,2079.0,1038.0,1313.0,885.0,1476.0,1128.0,839.0,829.0,971.0,1029.0
36171,19:57.000,19:57.008,3,1913.0,813.0,2087.0,1041.0,1301.0,881.0,1465.0,1124.0,844.0,832.0,980.0,1031.0
36186,19:57.500,19:57.510,3,1931.0,809.0,2110.0,1041.0,1312.0,881.0,1475.0,1122.0,863.0,827.0,995.0,1023.0
36201,19:58.000,19:58.010,3,1942.0,811.0,2122.0,1047.0,1324.0,889.0,1486.0,1130.0,872.0,837.0,1004.0,1032.0
36216,19:58.500,19:58.510,3,1897.0,811.0,2072.0,1043.0,1297.0,886.0,1460.0,1128.0,830.0,831.0,965.0,1031.0
36231,19:59.000,19:59.010,3,1872.0,818.0,2045.0,1051.0,1278.0,884.0,1440.0,1135.0,815.0,843.0,952.0,1043.0
36246,19:59.500,19:59.510,3,1868.0,821.0,2041.0,1049.0,1277.0,887.0,1440.0,1141.0,813.0,854.0,950.0,1052.0
36261,20:00.000,20:00.010,3,1863.0,831.0,2035.0,1061.0,1274.0,890.0,1437.0,1153.0,810.0,865.0,946.0,1064.0
36276,20:00.500,20:00.510,3,1845.0,854.0,2016.0,1079.0,1258.0,912.0,1421.0,1169.0,798.0,887.0,937.0,1081.0
36291,20:01.000,20:01.010,3,1816.0,835.0,1984.0,1066.0,1235.0,917.0,1397.0,1160.0,770.0,877.0,910.0,1071.0
36306,20:01.500,20:01.510,3,1803.0,827.0,1965.0,1049.0,1221.0,900.0,1383.0,1140.0,749.0,859.0,893.0,1057.0
36321,20:02.000,20:02.012,3,1208.0,901.0,1368.0,1140.0,1787.0,824.0,1950.0,1048.0,750.0,871.0,898.0,1076.0
36336,20:02.500,20:02.512,3,1047.0,870.0,1209.0,1122.0,1605.0,801.0,1755.0,1016.0,571.0,851.0,727.0,1063.0
36351,20:03.000,20:03.012,3,1053.0,877.0,1214.0,1124.0,1618.0,800.0,1766.0,1019.0,571.0,845.0,720.0,1054.0
36366,20:03.500,20:03.512,3,1037.0,868.0,1200.0,1113.0,1621.0,795.0,1767.0,1011.0,571.0,836.0,719.0,1042.0
36381,20:04.000,20:04.012,3,1032.0,863.0,1194.0,1106.0,523.0,828.0,670.0,1043.0,1598.0,795.0,1744.0,1001.0
36396,20:04.500,20:04.512,3,1030.0,852.0,1194.0,1099.0,526.0,826.0,680.0,1047.0,1566.0,831.0,1715.0,1027.0
36411,20:05.000,20:05.012,3,1021.0,860.0,1183.0,1106.0,526.0,835.0,682.0,1052.0,1384.0,940.0,1524.0,1089.0
36426,20:05.500,20:05.512,2,1007.0,864.0,1174.0,1109.0,535.0,839.0,692.0,1061.0,,,,
36441,20:06.000,20:06.013,2,1003.0,866.0,1169.0,1109.0,526.0,840.0,682.0,1057.0,,,,
36456,20:06.500,20:06.513,2,999.0,871.0,1163.0,1112.0,517.0,854.0,672.0,1068.0,,,,
36471,20:07.000,20:07.013,2,987.0,875.0,1151.0,1111.0,504.0,854.0,664.0,1074.0,,,,
36486,20:07.500,20:07.513,2,918.0,918.0,1084.0,1171.0,426.0,903.0,590.0,1132.0,,,,
36501,20:08.000,20:08.013,3,827.0,965.0,1001.0,1219.0,313.0,943.0,489.0,1180.0,1466.0,842.0,1610.0,942.0
36516,20:08.500,20:08.505,2,745.0,1010.0,922.0,1269.0,208.0,992.0,395.0,1236.0,,,,
36531,20:09.000,20:09.005,3,675.0,996.0,854.0,1261.0,120.0,964.0,312.0,1212.0,1436.0,809.0,1531.0,982.0
36546,20:09.500,20:09.505,3,141.0,946.0,336.0,1190.0,696.0,972.0,877.0,1240.0,1320.0,853.0,1454.0,1047.0
36561,20:10.000,20:10.005,3,744.0,955.0,918.0,1211.0,151.0,916.0,342.0,1162.0,1293.0,865.0,1430.0,1063.0
36576,20:10.500,20:10.507,3,211.0,900.0,398.0,1136.0,810.0,938.0,980.0,1188.0,1315.0,852.0,1453.0,1055.0
36591,20:11.000,20:11.007,3,678.0,1070.0,857.0,1335.0,35.0,1058.0,245.0,1314.0,1203.0,961.0,1343.0,1164.0
36606,20:11.500,20:11.507,3,1242.0,888.0,1403.0,1121.0,1753.0,814.0,1918.0,1031.0,766.0,836.0,908.0,1039.0
36621,20:12.000,20:12.007,3,1001.0,914.0,1166.0,1157.0,475.0,856.0,635.0,1077.0,1504.0,849.0,1650.0,1062.0
36636,20:12.500,20:12.507,3,1146.0,1078.0,1316.0,1338.0,1654.0,1022.0,1811.0,1248.0,624.0,1014.0,777.0,1235.0
36651,20:13.000,20:13.007,3,854.0,1003.0,1025.0,1263.0,283.0,974.0,460.0,1207.0,1361.0,914.0,1506.0,1125.0
36666,20:13.500,20:13.507,3,874.0,828.0,1052.0,1093.0,299.0,789.0,476.0,1019.0,1369.0,749.0,1513.0,955.0
36681,20:14.000,20:14.007,3,995.0,801.0,1175.0,1065.0,445.0,779.0,612.0,998.0,1470.0,688.0,1618.0,902.0
36696,20:14.500,20:14.508,1,1096.0,48.0,1297.0,314.0,,,,,,,,
36711,20:15.000,20:15.008,0,,,,,,,,,,,,
36726,20:15.500,20:15.508,0,,,,,,,,,,,,
36740,20:16.000,20:16.008,1,621.0,94.0,889.0,375.0,,,,,,,,
36755,20:16.500,20:16.508,2,1636.0,631.0,1849.0,907.0,1140.0,724.0,1293.0,929.0,,,,
36770,20:17.000,20:17.008,2,1705.0,890.0,1909.0,1158.0,1218.0,906.0,1359.0,1099.0,,,,
36785,20:17.500,20:17.508,2,1694.0,911.0,1889.0,1173.0,1205.0,902.0,1342.0,1099.0,,,,
36800,20:18.000,20:18.008,2,1652.0,935.0,1849.0,1206.0,1168.0,916.0,1306.0,1117.0,,,,
36815,20:18.500,20:18.508,3,1518.0,989.0,1701.0,1249.0,2144.0,913.0,2355.0,1166.0,1035.0,965.0,1175.0,1166.0
36830,20:19.000,20:19.010,3,2031.0,824.0,2225.0,1069.0,1434.0,895.0,1607.0,1148.0,966.0,861.0,1101.0,1056.0
36845,20:19.500,20:19.510,3,2081.0,931.0,2288.0,1185.0,1473.0,975.0,1650.0,1236.0,1004.0,921.0,1140.0,1116.0
36860,20:20.000,20:20.010,3,1452.0,929.0,1626.0,1181.0,2059.0,863.0,2259.0,1111.0,999.0,885.0,1134.0,1076.0
36875,20:20.500,20:20.510,3,1449.0,887.0,1625.0,1139.0,2051.0,806.0,2248.0,1053.0,989.0,852.0,1124.0,1045.0
36890,20:21.000,20:21.010,3,1488.0,825.0,1666.0,1081.0,2100.0,758.0,2304.0,1007.0,1037.0,778.0,1175.0,968.0
36905,20:21.500,20:21.510,3,1455.0,832.0,1632.0,1080.0,2046.0,741.0,2243.0,988.0,1002.0,793.0,1143.0,985.0
36920,20:22.000,20:22.010,3,1746.0,899.0,1931.0,1136.0,1249.0,1115.0,1436.0,1366.0,779.0,1174.0,935.0,1390.0
36935,20:22.500,20:22.510,3,1902.0,679.0,2096.0,906.0,1380.0,857.0,1561.0,1099.0,939.0,881.0,1082.0,1082.0
36950,20:23.000,20:23.012,3,2066.0,561.0,2273.0,802.0,1480.0,703.0,1657.0,946.0,1035.0,694.0,1173.0,889.0
36965,20:23.500,20:23.512,3,1295.0,862.0,1466.0,1105.0,1835.0,746.0,2015.0,975.0,823.0,851.0,966.0,1049.0
36980,20:24.000,20:24.012,3,1121.0,919.0,1292.0,1168.0,1626.0,822.0,1789.0,1045.0,618.0,933.0,778.0,1141.0
36995,20:24.500,20:24.512,3,1709.0,782.0,1875.0,1002.0,1192.0,876.0,1356.0,1108.0,706.0,858.0,854.0,1061.0
37010,20:25.000,20:25.012,3,1804.0,762.0,1982.0,988.0,1275.0,866.0,1435.0,1102.0,780.0,864.0,923.0,1063.0
37025,20:25.500,20:25.512,3,1826.0,806.0,2001.0,1030.0,1301.0,916.0,1460.0,1146.0,802.0,908.0,946.0,1106.0
37040,20:26.000,20:26.012,3,1973.0,770.0,2162.0,1004.0,1422.0,878.0,1592.0,1121.0,921.0,893.0,1059.0,1081.0
37055,20:26.500,20:26.512,3,1729.0,759.0,1897.0,976.0,1214.0,871.0,1382.0,1111.0,704.0,897.0,853.0,1097.0
37070,20:27.000,20:27.012,3,1809.0,1205.0,1993.0,1458.0,733.0,1350.0,884.0,1506.0,1244.0,1326.0,1444.0,1509.0
37085,20:27.500,20:27.513,3,1837.0,973.0,2013.0,1207.0,1288.0,1049.0,1461.0,1313.0,800.0,1051.0,947.0,1255.0
37100,20:28.000,20:28.013,3,2160.0,597.0,2370.0,842.0,1534.0,687.0,1715.0,937.0,1052.0,678.0,1188.0,867.0
37115,20:28.500,20:28.513,3,1708.0,938.0,1874.0,1170.0,1183.0,1039.0,1356.0,1294.0,671.0,1032.0,823.0,1239.0
37130,20:29.000,20:29.013,3,866.0,1002.0,1039.0,1262.0,291.0,967.0,472.0,1197.0,1372.0,917.0,1520.0,1133.0
37145,20:29.500,20:29.513,3,329.0,696.0,506.0,916.0,897.0,746.0,1067.0,993.0,1403.0,675.0,1550.0,885.0
37160,20:30.000,20:30.005,3,977.0,657.0,1146.0,894.0,437.0,592.0,606.0,806.0,1504.0,583.0,1650.0,788.0
37175,20:30.500,20:30.505,3,983.0,668.0,1159.0,927.0,436.0,643.0,602.0,851.0,1490.0,624.0,1638.0,835.0
37190,20:31.000,20:31.005,3,1158.0,738.0,1345.0,1025.0,1682.0,704.0,1840.0,923.0,656.0,745.0,804.0,939.0
37205,20:31.500,20:31.505,3,1236.0,710.0,1424.0,993.0,1757.0,676.0,1925.0,896.0,732.0,704.0,877.0,902.0
37221,20:32.000,20:32.007,3,1268.0,685.0,1444.0,947.0,1806.0,656.0,1974.0,875.0,775.0,678.0,917.0,871.0
37236,20:32.500,20:32.507,3,1812.0,710.0,1985.0,934.0,1275.0,741.0,1444.0,990.0,788.0,742.0,929.0,933.0
37251,20:33.000,20:33.007,3,1963.0,765.0,2149.0,999.0,1390.0,792.0,1556.0,1038.0,919.0,784.0,1053.0,969.0
37266,20:33.500,20:33.507,3,1324.0,781.0,1487.0,1018.0,1881.0,743.0,2057.0,968.0,853.0,777.0,991.0,964.0
37281,20:34.000,20:34.007,3,1900.0,752.0,2080.0,978.0,1331.0,791.0,1494.0,1027.0,870.0,781.0,1008.0,969.0
37296,20:34.500,20:34.507,3,1866.0,716.0,2042.0,941.0,1300.0,756.0,1463.0,992.0,842.0,748.0,981.0,949.0
37311,20:35.000,20:35.007,3,1864.0,712.0,2039.0,937.0,1299.0,755.0,1462.0,992.0,840.0,746.0,979.0,941.0
37326,20:35.500,20:35.507,3,1927.0,760.0,2110.0,989.0,1352.0,805.0,1515.0,1045.0,896.0,795.0,1032.0,985.0
37341,20:36.000,20:36.008,3,1932.0,761.0,2117.0,990.0,1358.0,806.0,1523.0,1046.0,907.0,799.0,1040.0,988.0
37356,20:36.500,20:36.508,3,1781.0,679.0,1946.0,897.0,1238.0,729.0,1396.0,957.0,780.0,716.0,919.0,916.0
37371,20:37.000,20:37.008,3,1870.0,772.0,2047.0,999.0,1310.0,859.0,1476.0,1096.0,859.0,870.0,997.0,1072.0
37386,20:37.500,20:37.508,3,1536.0,766.0,1712.0,1014.0,2177.0,716.0,2387.0,959.0,1079.0,764.0,1215.0,956.0
37401,20:38.000,20:38.008,3,2116.0,801.0,2323.0,1043.0,1494.0,853.0,1669.0,1106.0,1035.0,857.0,1170.0,1049.0
37416,20:38.500,20:38.508,3,1930.0,698.0,2115.0,930.0,886.0,788.0,1025.0,972.0,1355.0,784.0,1514.0,1015.0
37431,20:39.000,20:39.008,3,1777.0,714.0,1944.0,936.0,1229.0,786.0,1383.0,1012.0,747.0,793.0,893.0,990.0
37446,20:39.500,20:39.508,3,1914.0,808.0,2095.0,1037.0,1328.0,872.0,1487.0,1104.0,877.0,860.0,1014.0,1059.0
37461,20:40.000,20:40.008,3,2063.0,1067.0,2260.0,1316.0,1455.0,1045.0,1629.0,1296.0,1022.0,964.0,1157.0,1161.0
37476,20:40.500,20:40.510,3,1146.0,723.0,1310.0,967.0,1661.0,733.0,1814.0,949.0,604.0,628.0,731.0,830.0
37491,20:41.000,20:41.010,3,408.0,714.0,575.0,934.0,965.0,752.0,1131.0,1001.0,1455.0,706.0,1600.0,917.0
37506,20:41.500,20:41.510,3,1138.0,788.0,1304.0,1033.0,1617.0,727.0,1769.0,942.0,630.0,775.0,784.0,994.0
37521,20:42.000,20:42.010,3,1412.0,799.0,1584.0,1052.0,1931.0,738.0,2111.0,967.0,864.0,814.0,1004.0,1025.0
37536,20:42.500,20:42.510,3,1823.0,762.0,1993.0,983.0,1298.0,816.0,1466.0,1069.0,808.0,829.0,955.0,1029.0
37551,20:43.000,20:43.010,3,1353.0,882.0,1522.0,1128.0,1893.0,828.0,2070.0,1059.0,837.0,871.0,977.0,1069.0
37566,20:43.500,20:43.527,3,1434.0,907.0,1605.0,1160.0,1988.0,871.0,2178.0,1104.0,926.0,890.0,1064.0,1084.0
37581,20:44.000,20:44.010,3,1295.0,911.0,1461.0,1162.0,1812.0,873.0,1981.0,1092.0,774.0,899.0,917.0,1096.0
37596,20:44.500,20:44.512,3,1887.0,579.0,2063.0,805.0,1333.0,643.0,1505.0,892.0,816.0,661.0,961.0,855.0
37611,20:45.000,20:45.012,3,1403.0,942.0,1589.0,1216.0,2023.0,882.0,2230.0,1140.0,864.0,943.0,1017.0,1158.0
37626,20:45.500,20:45.512,3,1495.0,714.0,1684.0,975.0,2143.0,612.0,2354.0,859.0,995.0,740.0,1137.0,941.0
37641,20:46.000,20:46.012,3,1702.0,1222.0,1866.0,1452.0,1163.0,1247.0,1331.0,1498.0,656.0,1218.0,807.0,1440.0
37656,20:46.500,20:46.512,3,1906.0,775.0,2078.0,1000.0,1374.0,820.0,1538.0,1063.0,874.0,817.0,1006.0,1005.0
37671,20:47.000,20:47.012,3,1923.0,775.0,2100.0,1004.0,1393.0,842.0,1561.0,1086.0,870.0,863.0,996.0,1053.0
37686,20:47.500,20:47.512,3,1693.0,1086.0,1856.0,1312.0,1192.0,1162.0,1361.0,1425.0,641.0,1202.0,786.0,1412.0
37701,20:48.000,20:48.012,3,1124.0,906.0,1287.0,1147.0,612.0,915.0,758.0,1125.0,1606.0,822.0,1756.0,1032.0
37716,20:48.500,20:48.512,3,1134.0,653.0,1294.0,886.0,628.0,660.0,774.0,859.0,1614.0,574.0,1761.0,780.0
37731,20:49.000,20:49.013,3,1136.0,637.0,1297.0,876.0,1616.0,569.0,1763.0,775.0,628.0,639.0,773.0,840.0
37746,20:49.500,20:49.513,3,1155.0,680.0,1316.0,917.0,1637.0,614.0,1790.0,822.0,655.0,659.0,798.0,858.0
37761,20:50.000,20:50.013,3,1146.0,712.0,1305.0,952.0,1629.0,655.0,1776.0,862.0,644.0,699.0,787.0,904.0
37776,20:50.500,20:50.505,3,1145.0,711.0,1304.0,951.0,1630.0,654.0,1779.0,861.0,645.0,693.0,789.0,896.0
37791,20:51.000,20:51.005,3,1107.0,776.0,1271.0,1015.0,1586.0,703.0,1734.0,916.0,601.0,765.0,745.0,964.0
37806,20:51.500,20:51.505,3,1129.0,806.0,1293.0,1044.0,1601.0,736.0,1752.0,946.0,618.0,789.0,763.0,991.0
37821,20:52.000,20:52.005,3,1134.0,814.0,1297.0,1048.0,1608.0,742.0,1757.0,949.0,625.0,799.0,771.0,999.0
37836,20:52.500,20:52.505,3,1151.0,795.0,1315.0,1034.0,1625.0,729.0,1773.0,938.0,645.0,780.0,788.0,980.0
37851,20:53.000,20:53.007,3,1202.0,798.0,1363.0,1039.0,1681.0,730.0,1831.0,943.0,701.0,776.0,842.0,977.0
37866,20:53.500,20:53.507,3,1185.0,818.0,1346.0,1061.0,694.0,793.0,835.0,989.0,1672.0,762.0,1823.0,964.0
37881,20:54.000,20:54.007,3,1658.0,733.0,1812.0,944.0,1161.0,793.0,1319.0,1034.0,678.0,774.0,820.0,974.0
37896,20:54.500,20:54.507,3,1175.0,829.0,1335.0,1074.0,1683.0,777.0,1830.0,987.0,703.0,807.0,842.0,1011.0
37911,20:55.000,20:55.007,3,1149.0,811.0,1309.0,1054.0,1654.0,759.0,1802.0,965.0,674.0,784.0,816.0,983.0
37926,20:55.500,20:55.507,3,1137.0,817.0,1298.0,1053.0,657.0,789.0,798.0,985.0,1635.0,762.0,1784.0,965.0
37941,20:56.000,20:56.007,3,1147.0,811.0,1306.0,1048.0,1641.0,764.0,1792.0,968.0,663.0,780.0,806.0,979.0
37956,20:56.500,20:56.507,3,1092.0,965.0,1257.0,1213.0,1576.0,910.0,1728.0,1123.0,597.0,937.0,744.0,1140.0
37971,20:57.000,20:57.007,3,1145.0,1045.0,1309.0,1300.0,1641.0,993.0,1795.0,1207.0,650.0,1024.0,796.0,1228.0
37986,20:57.500,20:57.508,3,1141.0,924.0,1303.0,1168.0,1624.0,851.0,1773.0,1062.0,643.0,898.0,788.0,1099.0
38001,20:58.000,20:58.008,3,1133.0,762.0,1294.0,993.0,637.0,734.0,781.0,930.0,1614.0,684.0,1760.0,891.0
38016,20:58.500,20:58.508,3,1163.0,792.0,1324.0,1026.0,1642.0,722.0,1793.0,930.0,666.0,764.0,809.0,958.0
38031,20:59.000,20:59.008,3,1183.0,816.0,1344.0,1046.0,1639.0,736.0,1791.0,944.0,664.0,774.0,809.0,973.0
38046,20:59.500,20:59.508,3,1806.0,788.0,1969.0,1003.0,1321.0,867.0,1484.0,1104.0,827.0,829.0,963.0,1024.0
38061,21:00.000,21:00.008,3,1231.0,792.0,1391.0,1019.0,1721.0,706.0,1876.0,920.0,747.0,769.0,886.0,962.0
38076,21:00.500,21:00.508,3,1230.0,757.0,1390.0,986.0,1729.0,679.0,1883.0,891.0,756.0,735.0,891.0,926.0
38091,21:01.000,21:01.008,3,1214.0,721.0,1373.0,951.0,1722.0,652.0,1877.0,862.0,747.0,694.0,886.0,892.0
38106,21:01.500,21:01.510,3,1206.0,716.0,1361.0,950.0,1714.0,651.0,1867.0,860.0,739.0,686.0,879.0,889.0
38121,21:02.000,21:02.010,3,1206.0,747.0,1366.0,970.0,1713.0,676.0,1866.0,885.0,739.0,714.0,878.0,915.0
38136,21:02.500,21:02.510,3,1215.0,762.0,1374.0,989.0,753.0,743.0,891.0,934.0,1728.0,702.0,1883.0,906.0
38151,21:03.000,21:03.010,3,1237.0,769.0,1398.0,1005.0,1752.0,713.0,1911.0,925.0,777.0,750.0,914.0,943.0
38166,21:03.500,21:03.510,3,1259.0,776.0,1421.0,1016.0,1771.0,724.0,1929.0,935.0,792.0,761.0,928.0,954.0
38181,21:04.000,21:04.010,3,1273.0,775.0,1435.0,1012.0,1773.0,723.0,1930.0,933.0,791.0,756.0,926.0,948.0
38196,21:04.500,21:04.510,3,1267.0,766.0,1427.0,1004.0,1759.0,715.0,1917.0,927.0,780.0,752.0,916.0,945.0
38211,21:05.000,21:05.010,3,1226.0,764.0,1388.0,993.0,1721.0,699.0,1876.0,911.0,739.0,745.0,878.0,939.0
38226,21:05.500,21:05.510,3,1238.0,754.0,1397.0,984.0,753.0,730.0,890.0,923.0,1732.0,695.0,1886.0,903.0
38241,21:06.000,21:06.012,3,1719.0,680.0,1872.0,891.0,1220.0,744.0,1381.0,973.0,737.0,714.0,875.0,915.0
38256,21:06.500,21:06.512,3,1724.0,678.0,1879.0,889.0,1221.0,745.0,1379.0,970.0,743.0,709.0,881.0,914.0
38271,21:07.000,21:07.012,3,1728.0,673.0,1881.0,885.0,1221.0,734.0,1379.0,965.0,744.0,696.0,882.0,898.0
38286,21:07.500,21:07.512,3,1723.0,679.0,1876.0,889.0,1219.0,739.0,1378.0,968.0,736.0,696.0,878.0,899.0
38301,21:08.000,21:08.012,3,1225.0,758.0,1384.0,987.0,738.0,725.0,880.0,914.0,1733.0,701.0,1886.0,907.0
38316,21:08.500,21:08.512,3,1252.0,795.0,1411.0,1025.0,1764.0,738.0,1920.0,948.0,770.0,767.0,913.0,955.0
38331,21:09.000,21:09.012,3,1260.0,802.0,1421.0,1035.0,1772.0,754.0,1930.0,962.0,780.0,773.0,921.0,958.0
38346,21:09.500,21:09.512,3,1808.0,780.0,1970.0,992.0,1294.0,827.0,1454.0,1065.0,816.0,793.0,955.0,986.0
38361,21:10.000,21:10.013,3,1927.0,819.0,2099.0,1040.0,1392.0,863.0,1556.0,1103.0,918.0,820.0,1054.0,1011.0
38376,21:10.500,21:10.505,3,1951.0,886.0,2125.0,1110.0,1405.0,915.0,1571.0,1164.0,934.0,868.0,1069.0,1057.0
38391,21:11.000,21:11.005,3,1361.0,898.0,1524.0,1137.0,1896.0,867.0,2067.0,1087.0,891.0,845.0,1026.0,1035.0
38406,21:11.500,21:11.505,3,1874.0,844.0,2043.0,1065.0,1344.0,885.0,1505.0,1116.0,872.0,832.0,1009.0,1019.0
38421,21:12.000,21:12.005,3,1359.0,890.0,1521.0,1125.0,1895.0,860.0,2063.0,1077.0,893.0,836.0,1028.0,1030.0
38436,21:12.500,21:12.505,3,1359.0,881.0,1522.0,1118.0,1896.0,851.0,2063.0,1068.0,901.0,829.0,1034.0,1017.0
38451,21:13.000,21:13.005,3,1358.0,881.0,1521.0,1118.0,1894.0,854.0,2062.0,1070.0,900.0,829.0,1033.0,1017.0
38466,21:13.500,21:13.505,3,1348.0,878.0,1512.0,1114.0,1878.0,844.0,2047.0,1064.0,888.0,827.0,1024.0,1017.0
38481,21:14.000,21:14.005,3,1344.0,880.0,1507.0,1116.0,1875.0,848.0,2044.0,1068.0,885.0,829.0,1018.0,1017.0
38496,21:14.500,21:14.507,3,1865.0,845.0,2033.0,1065.0,1337.0,879.0,1499.0,1113.0,879.0,825.0,1012.0,1018.0
38511,21:15.000,21:15.007,3,1342.0,888.0,1503.0,1122.0,1872.0,856.0,2039.0,1076.0,887.0,833.0,1022.0,1031.0
38526,21:15.500,21:15.507,3,1868.0,844.0,2036.0,1062.0,1338.0,875.0,1500.0,1109.0,889.0,821.0,1023.0,1015.0
38541,21:16.000,21:16.007,3,1345.0,882.0,1509.0,1115.0,1879.0,854.0,2049.0,1071.0,892.0,823.0,1025.0,1014.0
38556,21:16.500,21:16.507,3,1324.0,885.0,1486.0,1121.0,1854.0,850.0,2020.0,1068.0,864.0,833.0,999.0,1025.0
38571,21:17.000,21:17.007,3,1842.0,842.0,2004.0,1055.0,1312.0,874.0,1475.0,1109.0,856.0,820.0,992.0,1013.0
38586,21:17.500,21:17.507,3,1155.0,902.0,1317.0,1141.0,1659.0,853.0,1811.0,1061.0,682.0,872.0,827.0,1074.0
38601,21:18.000,21:18.007,3,947.0,929.0,1114.0,1171.0,426.0,934.0,593.0,1145.0,1437.0,851.0,1574.0,1053.0
38616,21:18.500,21:18.508,3,935.0,880.0,1102.0,1129.0,416.0,891.0,581.0,1103.0,1426.0,806.0,1569.0,1012.0
38631,21:19.000,21:19.008,3,1025.0,861.0,1188.0,1107.0,524.0,864.0,679.0,1070.0,1516.0,788.0,1664.0,999.0
38646,21:19.500,21:19.517,3,1036.0,821.0,1197.0,1062.0,534.0,825.0,687.0,1025.0,1527.0,754.0,1672.0,955.0
38661,21:20.000,21:20.008,3,1062.0,821.0,1225.0,1059.0,562.0,813.0,716.0,1017.0,1553.0,757.0,1698.0,960.0
38675,21:20.500,21:20.508,3,1141.0,864.0,1304.0,1095.0,1635.0,785.0,1787.0,994.0,658.0,854.0,802.0,1050.0
38690,21:21.000,21:21.008,3,1232.0,888.0,1396.0,1124.0,1743.0,819.0,1898.0,1032.0,757.0,872.0,897.0,1065.0
38705,21:21.500,21:21.508,3,1172.0,845.0,1333.0,1078.0,1673.0,779.0,1822.0,985.0,686.0,827.0,835.0,1025.0
38720,21:22.000,21:22.008,3,1182.0,688.0,1343.0,920.0,1684.0,625.0,1838.0,836.0,696.0,657.0,844.0,851.0
38735,21:22.500,21:22.508,3,1208.0,624.0,1370.0,857.0,1714.0,569.0,1868.0,776.0,717.0,592.0,864.0,789.0
38750,21:23.000,21:23.010,3,1175.0,647.0,1337.0,887.0,1677.0,599.0,1824.0,805.0,683.0,632.0,830.0,829.0
38765,21:23.500,21:23.510,3,1161.0,680.0,1319.0,914.0,1658.0,625.0,1808.0,832.0,663.0,658.0,812.0,852.0
38780,21:24.000,21:24.010,3,1160.0,694.0,1319.0,925.0,672.0,673.0,817.0,868.0,1653.0,629.0,1804.0,837.0
38795,21:24.500,21:24.510,3,1162.0,707.0,1321.0,942.0,1658.0,649.0,1807.0,855.0,675.0,684.0,820.0,883.0
38810,21:25.000,21:25.010,3,1161.0,716.0,1320.0,950.0,1654.0,659.0,1804.0,863.0,673.0,697.0,819.0,896.0
38825,21:25.500,21:25.510,3,1162.0,719.0,1320.0,954.0,1655.0,664.0,1804.0,866.0,670.0,692.0,818.0,891.0
38840,21:26.000,21:26.010,3,1170.0,716.0,1329.0,955.0,1668.0,670.0,1817.0,876.0,685.0,701.0,831.0,901.0
38855,21:26.500,21:26.510,3,1157.0,752.0,1316.0,987.0,1652.0,699.0,1801.0,906.0,665.0,730.0,811.0,920.0
38870,21:27.000,21:27.010,3,1119.0,772.0,1279.0,1001.0,1608.0,701.0,1755.0,908.0,619.0,752.0,768.0,949.0
38885,21:27.500,21:27.512,3,900.0,678.0,1064.0,911.0,343.0,651.0,515.0,864.0,1380.0,611.0,1518.0,811.0
38900,21:28.000,21:28.012,3,250.0,424.0,435.0,655.0,835.0,464.0,1003.0,703.0,1329.0,395.0,1468.0,600.0
38915,21:28.500,21:28.512,3,74.0,545.0,274.0,781.0,701.0,568.0,879.0,821.0,1205.0,514.0,1341.0,711.0
38930,21:29.000,21:29.012,1,334.0,564.0,509.0,789.0,,,,,,,,
38945,21:29.500,21:29.512,3,810.0,752.0,982.0,993.0,236.0,776.0,418.0,990.0,1301.0,653.0,1438.0,852.0
38960,21:30.000,21:30.012,3,1081.0,807.0,1244.0,1046.0,1575.0,709.0,1722.0,920.0,579.0,811.0,734.0,1019.0
38975,21:30.500,21:30.503,3,1041.0,809.0,1206.0,1050.0,529.0,834.0,690.0,1040.0,1532.0,702.0,1675.0,910.0
38990,21:31.000,21:31.003,3,928.0,776.0,1093.0,1016.0,380.0,785.0,554.0,999.0,1423.0,689.0,1566.0,897.0
39005,21:31.500,21:31.505,3,760.0,760.0,937.0,1012.0,152.0,741.0,343.0,970.0,1268.0,707.0,1403.0,902.0
39020,21:32.000,21:32.005,3,74.0,872.0,275.0,1105.0,714.0,862.0,893.0,1117.0,1221.0,783.0,1357.0,984.0
39035,21:32.500,21:32.505,3,1079.0,825.0,1245.0,1075.0,563.0,813.0,722.0,1022.0,1581.0,759.0,1730.0,965.0
39050,21:33.000,21:33.005,3,1158.0,747.0,1323.0,991.0,1663.0,678.0,1814.0,888.0,655.0,739.0,802.0,937.0
39065,21:33.500,21:33.505,3,1194.0,753.0,1359.0,992.0,1701.0,678.0,1856.0,891.0,702.0,736.0,846.0,941.0
39080,21:34.000,21:34.005,3,1930.0,708.0,2107.0,934.0,1393.0,792.0,1561.0,1039.0,916.0,790.0,1053.0,984.0
39095,21:34.500,21:34.505,3,1394.0,826.0,1563.0,1074.0,1932.0,743.0,2109.0,968.0,911.0,822.0,1049.0,1024.0
39110,21:35.000,21:35.005,3,1269.0,840.0,1437.0,1083.0,1777.0,748.0,1938.0,965.0,775.0,846.0,921.0,1044.0
39125,21:35.500,21:35.505,3,1187.0,828.0,1354.0,1076.0,1688.0,756.0,1844.0,966.0,688.0,829.0,838.0,1029.0
39140,21:36.000,21:36.007,3,1302.0,896.0,1470.0,1145.0,1811.0,842.0,1976.0,1063.0,811.0,878.0,953.0,1077.0
39155,21:36.500,21:36.507,3,1920.0,901.0,2096.0,1128.0,1427.0,924.0,1600.0,1171.0,924.0,890.0,1060.0,1081.0
39170,21:37.000,21:37.007,3,1228.0,925.0,1392.0,1169.0,1665.0,858.0,1820.0,1076.0,688.0,922.0,837.0,1127.0
39185,21:37.500,21:37.507,3,1324.0,1069.0,1497.0,1320.0,1760.0,957.0,1925.0,1191.0,763.0,1080.0,912.0,1289.0
39200,21:38.000,21:38.007,3,1922.0,829.0,2098.0,1063.0,1415.0,923.0,1588.0,1172.0,911.0,928.0,1052.0,1125.0
39215,21:38.500,21:38.507,3,2002.0,772.0,2189.0,1010.0,1464.0,869.0,1642.0,1118.0,986.0,882.0,1123.0,1075.0
39230,21:39.000,21:39.007,3,1919.0,767.0,2100.0,992.0,1403.0,846.0,1575.0,1100.0,918.0,862.0,1055.0,1057.0
39245,21:39.500,21:39.507,3,1191.0,889.0,1358.0,1139.0,1665.0,827.0,1818.0,1044.0,683.0,902.0,831.0,1104.0
39260,21:40.000,21:40.008,3,1052.0,933.0,1216.0,1184.0,517.0,943.0,674.0,1150.0,1521.0,872.0,1668.0,1083.0
39275,21:40.500,21:40.508,3,1165.0,926.0,1329.0,1171.0,1656.0,874.0,1808.0,1085.0,656.0,916.0,804.0,1116.0
39290,21:41.000,21:41.008,3,1342.0,899.0,1512.0,1146.0,1871.0,848.0,2040.0,1075.0,857.0,879.0,995.0,1074.0
39305,21:41.500,21:41.508,3,1404.0,942.0,1574.0,1196.0,1941.0,874.0,2119.0,1106.0,913.0,937.0,1051.0,1135.0
39320,21:42.000,21:42.008,3,1306.0,958.0,1478.0,1213.0,1825.0,885.0,1990.0,1114.0,809.0,958.0,953.0,1161.0
39335,21:42.500,21:42.508,3,1393.0,827.0,1564.0,1074.0,1927.0,732.0,2103.0,961.0,892.0,831.0,1032.0,1017.0
39350,21:43.000,21:43.008,3,1885.0,781.0,2053.0,1006.0,1352.0,861.0,1522.0,1105.0,843.0,830.0,977.0,1014.0
39365,21:43.500,21:43.508,3,1760.0,765.0,1921.0,984.0,1252.0,853.0,1419.0,1090.0,745.0,822.0,887.0,1007.0
39380,21:44.000,21:44.008,3,1039.0,851.0,1203.0,1095.0,504.0,828.0,662.0,1030.0,1528.0,781.0,1670.0,984.0
39395,21:44.500,21:44.510,3,1025.0,805.0,1189.0,1050.0,497.0,809.0,660.0,1018.0,1512.0,733.0,1658.0,940.0
39410,21:45.000,21:45.010,3,518.0,787.0,677.0,996.0,1041.0,793.0,1205.0,1033.0,1533.0,719.0,1675.0,928.0
39425,21:45.500,21:45.510,3,1079.0,847.0,1244.0,1087.0,565.0,832.0,720.0,1041.0,1572.0,780.0,1715.0,986.0
39440,21:46.000,21:46.010,3,1253.0,882.0,1419.0,1136.0,1762.0,834.0,1923.0,1052.0,765.0,865.0,906.0,1062.0
39455,21:46.500,21:46.510,3,1246.0,904.0,1413.0,1149.0,1755.0,845.0,1917.0,1069.0,756.0,887.0,898.0,1087.0
39470,21:47.000,21:47.010,3,1864.0,861.0,2032.0,1082.0,1337.0,917.0,1505.0,1162.0,853.0,893.0,992.0,1094.0
39485,21:47.500,21:47.510,3,1883.0,816.0,2052.0,1038.0,1349.0,868.0,1521.0,1116.0,872.0,851.0,1009.0,1046.0
39500,21:48.000,21:48.010,3,1263.0,821.0,1429.0,1070.0,1779.0,766.0,1938.0,980.0,782.0,811.0,924.0,1014.0
39515,21:48.500,21:48.512,3,1869.0,786.0,2036.0,1010.0,1336.0,863.0,1504.0,1099.0,875.0,841.0,1014.0,1038.0
39530,21:49.000,21:49.012,3,1942.0,789.0,2116.0,1016.0,1389.0,846.0,1558.0,1098.0,923.0,834.0,1061.0,1035.0
39545,21:49.500,21:49.512,3,1405.0,865.0,1576.0,1117.0,1963.0,811.0,2143.0,1041.0,942.0,847.0,1079.0,1044.0
39560,21:50.000,21:50.012,3,1849.0,764.0,2013.0,980.0,1314.0,827.0,1478.0,1062.0,849.0,800.0,990.0,996.0
39575,21:50.500,21:50.503,3,1224.0,813.0,1389.0,1047.0,1745.0,738.0,1901.0,952.0,754.0,800.0,899.0,993.0
39590,21:51.000,21:51.003,3,1840.0,780.0,2005.0,1001.0,1309.0,855.0,1479.0,1097.0,842.0,837.0,984.0,1034.0
39605,21:51.500,21:51.503,3,1797.0,886.0,1957.0,1103.0,1271.0,937.0,1438.0,1188.0,798.0,915.0,941.0,1115.0
39620,21:52.000,21:52.003,3,1833.0,1006.0,2001.0,1237.0,1294.0,1042.0,1464.0,1303.0,817.0,1003.0,960.0,1209.0
39635,21:52.500,21:52.503,3,1355.0,1049.0,1531.0,1308.0,1905.0,1003.0,2079.0,1229.0,875.0,1023.0,1017.0,1224.0
39650,21:53.000,21:53.005,3,1648.0,706.0,1841.0,949.0,1164.0,745.0,1302.0,933.0,2284.0,553.0,2479.0,795.0
39665,21:53.500,21:53.505,2,1786.0,681.0,2008.0,939.0,1297.0,798.0,1445.0,998.0,,,,
39680,21:54.000,21:54.005,2,1741.0,834.0,1950.0,1090.0,1255.0,911.0,1400.0,1108.0,,,,
39695,21:54.500,21:54.505,3,1547.0,952.0,1734.0,1208.0,2139.0,828.0,2339.0,1071.0,1069.0,975.0,1207.0,1173.0
39710,21:55.000,21:55.005,0,,,,,,,,,,,,
39725,21:55.500,21:55.505,3,161.0,1221.0,360.0,1482.0,1300.0,1168.0,1445.0,1395.0,767.0,1231.0,951.0,1501.0
39740,21:56.000,21:56.005,3,1001.0,759.0,1167.0,998.0,490.0,740.0,652.0,955.0,1489.0,681.0,1633.0,890.0
39755,21:56.500,21:56.505,3,1105.0,643.0,1270.0,880.0,611.0,617.0,764.0,825.0,1609.0,580.0,1756.0,786.0
39770,21:57.000,21:57.007,3,1148.0,619.0,1313.0,856.0,1660.0,550.0,1812.0,754.0,665.0,602.0,811.0,805.0
39785,21:57.500,21:57.507,3,1176.0,731.0,1341.0,967.0,1687.0,655.0,1838.0,859.0,696.0,721.0,842.0,924.0
39800,21:58.000,21:58.007,3,1659.0,659.0,1809.0,864.0,1151.0,739.0,1316.0,980.0,668.0,737.0,816.0,939.0
39815,21:58.500,21:58.507,3,1222.0,712.0,1386.0,948.0,1740.0,628.0,1897.0,840.0,744.0,709.0,891.0,908.0
39830,21:59.000,21:59.007,3,1197.0,711.0,1361.0,953.0,1715.0,634.0,1871.0,846.0,718.0,710.0,864.0,912.0
39845,21:59.500,21:59.507,3,1169.0,740.0,1333.0,987.0,1682.0,666.0,1831.0,875.0,685.0,753.0,835.0,954.0
39860,22:00.000,22:00.007,3,1672.0,658.0,1821.0,861.0,1160.0,739.0,1324.0,974.0,675.0,740.0,823.0,941.0
39876,22:00.500,22:00.507,3,1105.0,785.0,1271.0,1020.0,615.0,784.0,765.0,989.0,1613.0,712.0,1759.0,918.0
39891,22:01.000,22:01.007,3,1066.0,780.0,1235.0,1024.0,570.0,789.0,723.0,995.0,1570.0,713.0,1714.0,920.0
39906,22:01.500,22:01.508,3,1057.0,787.0,1223.0,1028.0,553.0,788.0,711.0,998.0,1557.0,714.0,1700.0,920.0
39921,22:02.000,22:02.008,3,1064.0,762.0,1232.0,1009.0,565.0,773.0,720.0,973.0,1561.0,700.0,1704.0,905.0
39936,22:02.500,22:02.508,3,1066.0,762.0,1232.0,1005.0,563.0,766.0,720.0,970.0,1562.0,692.0,1705.0,900.0
39951,22:03.000,22:03.008,3,1068.0,774.0,1236.0,1018.0,569.0,782.0,725.0,984.0,1566.0,712.0,1709.0,921.0
39966,22:03.500,22:03.508,3,1114.0,776.0,1278.0,1015.0,620.0,779.0,774.0,981.0,1616.0,706.0,1762.0,918.0
39981,22:04.000,22:04.008,3,1132.0,771.0,1295.0,1014.0,1635.0,704.0,1789.0,922.0,643.0,776.0,791.0,976.0
39996,22:04.500,22:04.508,3,1119.0,783.0,1281.0,1020.0,1622.0,714.0,1769.0,927.0,633.0,773.0,780.0,976.0
40011,22:05.000,22:05.008,3,1098.0,793.0,1262.0,1029.0,1599.0,725.0,1749.0,934.0,610.0,774.0,759.0,975.0
40026,22:05.500,22:05.508,3,1115.0,798.0,1277.0,1035.0,1616.0,729.0,1765.0,941.0,624.0,779.0,774.0,974.0
40041,22:06.000,22:06.010,3,1118.0,805.0,1281.0,1039.0,627.0,783.0,778.0,980.0,1625.0,737.0,1772.0,949.0
40056,22:06.500,22:06.510,3,1116.0,795.0,1281.0,1029.0,624.0,777.0,775.0,975.0,1621.0,728.0,1768.0,939.0
40071,22:07.000,22:07.010,3,1078.0,744.0,1243.0,984.0,579.0,722.0,733.0,927.0,1578.0,680.0,1725.0,889.0
40086,22:07.500,22:07.510,2,100.0,561.0,338.0,843.0,758.0,566.0,900.0,772.0,,,,
40101,22:08.000,22:08.010,1,268.0,450.0,452.0,685.0,,,,,,,,
40116,22:08.500,22:08.510,3,903.0,699.0,1082.0,930.0,374.0,779.0,557.0,1005.0,1380.0,531.0,1520.0,724.0
40131,22:09.000,22:09.010,3,1412.0,853.0,1586.0,1090.0,1969.0,750.0,2148.0,973.0,946.0,859.0,1085.0,1050.0
40146,22:09.500,22:09.510,3,1336.0,986.0,1509.0,1240.0,1884.0,916.0,2054.0,1143.0,863.0,977.0,1005.0,1175.0
40161,22:10.000,22:10.012,3,1287.0,981.0,1457.0,1244.0,1829.0,925.0,1995.0,1146.0,814.0,975.0,957.0,1176.0
40176,22:10.500,22:10.512,3,1244.0,890.0,1413.0,1139.0,1776.0,830.0,1934.0,1049.0,774.0,885.0,917.0,1079.0
40191,22:11.000,22:11.012,3,1347.0,875.0,1516.0,1124.0,1902.0,836.0,2073.0,1059.0,887.0,848.0,1024.0,1038.0
40206,22:11.500,22:11.503,3,1839.0,826.0,2002.0,1043.0,1297.0,880.0,1464.0,1123.0,832.0,860.0,973.0,1058.0
40221,22:12.000,22:12.003,3,1208.0,818.0,1375.0,1056.0,1735.0,748.0,1889.0,959.0,738.0,810.0,884.0,1011.0
40236,22:12.500,22:12.503,3,1160.0,772.0,1326.0,1028.0,1681.0,719.0,1831.0,934.0,684.0,781.0,832.0,977.0
40251,22:13.000,22:13.003,3,1086.0,808.0,1249.0,1045.0,595.0,790.0,748.0,996.0,1597.0,744.0,1746.0,951.0
40266,22:13.500,22:13.503,3,11.0,777.0,219.0,1019.0,650.0,796.0,829.0,1048.0,1173.0,744.0,1305.0,940.0
40281,22:14.000,22:14.003,3,1107.0,872.0,1273.0,1112.0,613.0,851.0,766.0,1058.0,1617.0,811.0,1763.0,1022.0
40296,22:14.500,22:14.505,3,1179.0,867.0,1346.0,1117.0,1699.0,815.0,1856.0,1033.0,701.0,860.0,847.0,1062.0
40311,22:15.000,22:15.005,3,1154.0,868.0,1322.0,1120.0,1675.0,824.0,1824.0,1034.0,676.0,869.0,823.0,1069.0
40326,22:15.500,22:15.505,3,1166.0,819.0,1329.0,1062.0,678.0,807.0,826.0,1008.0,1677.0,769.0,1826.0,974.0
40341,22:16.000,22:16.005,3,1182.0,830.0,1346.0,1069.0,1679.0,773.0,1827.0,983.0,682.0,813.0,831.0,1013.0
40356,22:16.500,22:16.505,3,1195.0,825.0,1357.0,1065.0,1678.0,774.0,1826.0,986.0,680.0,809.0,830.0,1010.0
40371,22:17.000,22:17.005,3,1196.0,807.0,1360.0,1048.0,1688.0,762.0,1842.0,971.0,701.0,784.0,844.0,983.0
40386,22:17.500,22:17.505,3,1229.0,812.0,1396.0,1048.0,1737.0,764.0,1892.0,972.0,749.0,790.0,885.0,994.0
40401,22:18.000,22:18.005,3,1129.0,819.0,1296.0,1049.0,636.0,789.0,781.0,998.0,1627.0,770.0,1773.0,978.0
40416,22:18.500,22:18.507,3,974.0,825.0,1144.0,1066.0,453.0,800.0,610.0,1017.0,1463.0,784.0,1603.0,986.0
40431,22:19.000,22:19.007,3,932.0,826.0,1103.0,1074.0,403.0,807.0,565.0,1028.0,1421.0,789.0,1558.0,993.0
40446,22:19.500,22:19.507,3,943.0,824.0,1115.0,1066.0,416.0,801.0,577.0,1024.0,1434.0,786.0,1573.0,986.0
40461,22:20.000,22:20.007,3,945.0,829.0,1116.0,1078.0,414.0,817.0,577.0,1036.0,1428.0,792.0,1568.0,994.0
40476,22:20.500,22:20.507,3,944.0,846.0,1116.0,1088.0,1425.0,801.0,1565.0,1010.0,407.0,827.0,570.0,1049.0
40491,22:21.000,22:21.007,3,938.0,858.0,1108.0,1102.0,399.0,842.0,564.0,1061.0,1417.0,814.0,1555.0,1015.0
40506,22:21.500,22:21.507,3,964.0,862.0,1130.0,1103.0,432.0,842.0,594.0,1062.0,1442.0,817.0,1580.0,1017.0
40521,22:22.000,22:22.007,3,1033.0,901.0,1200.0,1148.0,523.0,886.0,678.0,1099.0,1518.0,863.0,1664.0,1070.0
40536,22:22.500,22:22.507,3,1095.0,900.0,1262.0,1144.0,1585.0,856.0,1731.0,1070.0,597.0,881.0,748.0,1088.0
40551,22:23.000,22:23.008,3,1048.0,877.0,1214.0,1124.0,526.0,868.0,679.0,1078.0,1524.0,836.0,1667.0,1045.0
40566,22:23.500,22:23.508,3,908.0,890.0,1081.0,1140.0,345.0,890.0,513.0,1116.0,1384.0,843.0,1519.0,1045.0
40581,22:24.000,22:24.008,3,804.0,959.0,990.0,1212.0,222.0,975.0,403.0,1206.0,1301.0,895.0,1435.0,1101.0
40596,22:24.500,22:24.508,3,203.0,1048.0,390.0,1284.0,817.0,1013.0,998.0,1266.0,1290.0,933.0,1428.0,1142.0
40611,22:25.000,22:25.008,3,262.0,999.0,445.0,1230.0,859.0,971.0,1033.0,1227.0,1325.0,906.0,1461.0,1106.0
40626,22:25.500,22:25.508,3,954.0,904.0,1123.0,1153.0,396.0,918.0,564.0,1137.0,1420.0,837.0,1559.0,1048.0
40641,22:26.000,22:26.008,3,955.0,904.0,1124.0,1154.0,397.0,911.0,563.0,1137.0,1426.0,835.0,1564.0,1047.0
40656,22:26.500,22:26.508,3,1021.0,890.0,1185.0,1137.0,478.0,882.0,641.0,1103.0,1493.0,820.0,1636.0,1024.0
40671,22:27.000,22:27.010,3,1265.0,882.0,1431.0,1127.0,1759.0,812.0,1918.0,1030.0,759.0,863.0,899.0,1062.0
40686,22:27.500,22:27.510,3,1865.0,888.0,2032.0,1105.0,1351.0,921.0,1516.0,1166.0,878.0,868.0,1012.0,1051.0
40701,22:28.000,22:28.010,3,1344.0,892.0,1511.0,1135.0,1856.0,865.0,2020.0,1080.0,878.0,831.0,1016.0,1023.0
40716,22:28.500,22:28.510,3,1269.0,814.0,1434.0,1055.0,1765.0,778.0,1920.0,984.0,775.0,776.0,915.0,972.0
40731,22:29.000,22:29.010,3,1268.0,841.0,1429.0,1079.0,1748.0,796.0,1904.0,1010.0,770.0,803.0,912.0,1003.0
40746,22:29.500,22:29.510,3,1813.0,827.0,1975.0,1041.0,1304.0,861.0,1469.0,1105.0,824.0,835.0,965.0,1037.0
40761,22:30.000,22:30.010,3,1859.0,852.0,2025.0,1071.0,1333.0,888.0,1498.0,1130.0,846.0,861.0,987.0,1059.0
40776,22:30.500,22:30.510,3,1303.0,851.0,1468.0,1093.0,1815.0,816.0,1977.0,1032.0,816.0,847.0,957.0,1042.0
40791,22:31.000,22:31.010,3,1778.0,912.0,1935.0,1128.0,1276.0,940.0,1441.0,1187.0,775.0,934.0,914.0,1137.0
40806,22:31.500,22:31.512,3,1971.0,1025.0,2152.0,1265.0,1433.0,1081.0,1616.0,1345.0,931.0,1092.0,1077.0,1300.0
40821,22:32.000,22:32.003,3,1332.0,666.0,1504.0,900.0,1828.0,547.0,1993.0,770.0,847.0,727.0,988.0,923.0
40836,22:32.500,22:32.503,3,1834.0,742.0,2000.0,963.0,1337.0,818.0,1507.0,1052.0,846.0,834.0,986.0,1039.0
40851,22:33.000,22:33.003,3,1220.0,772.0,1388.0,1006.0,1720.0,701.0,1882.0,916.0,746.0,812.0,895.0,1014.0
40866,22:33.500,22:33.503,3,1417.0,727.0,1590.0,975.0,1950.0,668.0,2140.0,900.0,940.0,770.0,1078.0,959.0
40881,22:34.000,22:34.003,3,1505.0,848.0,1682.0,1107.0,2074.0,838.0,2271.0,1078.0,1023.0,852.0,1159.0,1041.0
40896,22:34.500,22:34.503,3,1406.0,998.0,1582.0,1270.0,933.0,1013.0,1075.0,1207.0,1951.0,1001.0,2139.0,1252.0
40911,22:35.000,22:35.003,3,1388.0,1057.0,1566.0,1333.0,1927.0,1056.0,2112.0,1293.0,941.0,1060.0,1082.0,1261.0
40926,22:35.500,22:35.505,3,1857.0,1248.0,2040.0,1499.0,1317.0,1257.0,1497.0,1502.0,849.0,1218.0,1000.0,1445.0
40941,22:36.000,22:36.005,0,,,,,,,,,,,,
40956,22:36.500,22:36.505,3,1627.0,1147.0,1787.0,1377.0,1139.0,1186.0,1307.0,1466.0,640.0,1170.0,797.0,1388.0
40971,22:37.000,22:37.005,3,1097.0,751.0,1262.0,987.0,609.0,743.0,763.0,951.0,1554.0,703.0,1700.0,901.0
40986,22:37.500,22:37.505,3,1076.0,734.0,1242.0,973.0,1531.0,670.0,1677.0,874.0,581.0,756.0,735.0,957.0
41001,22:38.000,22:38.005,3,1391.0,822.0,1561.0,1067.0,1881.0,740.0,2057.0,965.0,916.0,845.0,1056.0,1039.0
41016,22:38.500,22:38.505,3,587.0,920.0,749.0,1139.0,1124.0,927.0,1299.0,1186.0,1606.0,876.0,1771.0,1094.0
41031,22:39.000,22:39.005,3,1866.0,702.0,2058.0,949.0,1314.0,780.0,1499.0,1045.0,797.0,791.0,953.0,1001.0
41046,22:39.500,22:39.505,3,1784.0,733.0,1953.0,949.0,1284.0,759.0,1451.0,1008.0,805.0,742.0,951.0,943.0
41061,22:40.000,22:40.007,3,1708.0,1003.0,1868.0,1223.0,1232.0,1045.0,1390.0,1284.0,770.0,1026.0,911.0,1224.0
41076,22:40.500,22:40.507,3,1253.0,832.0,1413.0,1067.0,1730.0,778.0,1888.0,991.0,795.0,831.0,935.0,1029.0
41091,22:41.000,22:41.007,3,1253.0,748.0,1417.0,980.0,1722.0,682.0,1880.0,896.0,792.0,758.0,932.0,949.0
41106,22:41.500,22:41.507,3,1827.0,726.0,1993.0,944.0,1341.0,787.0,1504.0,1019.0,882.0,787.0,1019.0,976.0
41121,22:42.000,22:42.007,3,1360.0,809.0,1525.0,1041.0,1852.0,752.0,2020.0,967.0,898.0,805.0,1036.0,998.0
41136,22:42.500,22:42.507,3,1820.0,788.0,1986.0,1009.0,1337.0,852.0,1503.0,1088.0,876.0,847.0,1011.0,1043.0
41151,22:43.000,22:43.007,3,1139.0,857.0,1299.0,1079.0,1585.0,760.0,1737.0,970.0,659.0,892.0,805.0,1091.0
41167,22:43.500,22:43.507,3,1212.0,848.0,1376.0,1077.0,1663.0,726.0,1818.0,938.0,752.0,906.0,896.0,1107.0
41182,22:44.000,22:44.008,3,1761.0,728.0,1922.0,951.0,1292.0,842.0,1454.0,1074.0,832.0,894.0,972.0,1090.0
41196,22:44.500,22:44.508,3,1155.0,832.0,1317.0,1056.0,1617.0,723.0,1765.0,931.0,679.0,903.0,828.0,1102.0
41211,22:45.000,22:45.008,3,1061.0,814.0,1226.0,1048.0,583.0,868.0,735.0,1083.0,1527.0,722.0,1673.0,935.0
41226,22:45.500,22:45.508,3,1091.0,687.0,1253.0,917.0,621.0,717.0,771.0,936.0,1563.0,615.0,1708.0,821.0
41241,22:46.000,22:46.008,3,1193.0,664.0,1352.0,896.0,1676.0,621.0,1826.0,831.0,736.0,670.0,876.0,880.0
41256,22:46.500,22:46.508,3,1196.0,735.0,1357.0,965.0,1681.0,687.0,1831.0,894.0,743.0,746.0,883.0,953.0
41271,22:47.000,22:47.008,3,1196.0,767.0,1357.0,1001.0,1684.0,714.0,1835.0,926.0,747.0,793.0,888.0,998.0
41286,22:47.500,22:47.508,3,1259.0,797.0,1422.0,1027.0,1750.0,734.0,1911.0,947.0,815.0,815.0,951.0,1018.0
41301,22:48.000,22:48.008,3,1271.0,827.0,1433.0,1064.0,1766.0,766.0,1925.0,979.0,828.0,855.0,966.0,1058.0
41316,22:48.500,22:48.510,3,1322.0,845.0,1484.0,1076.0,1824.0,785.0,1988.0,1001.0,882.0,866.0,1020.0,1060.0
41331,22:49.000,22:49.010,3,1296.0,819.0,1458.0,1051.0,1781.0,762.0,1940.0,971.0,847.0,846.0,984.0,1045.0
41346,22:49.500,22:49.510,3,1162.0,785.0,1322.0,1022.0,1618.0,730.0,1764.0,939.0,683.0,816.0,831.0,1018.0
41361,22:50.000,22:50.010,3,1087.0,803.0,1249.0,1033.0,622.0,833.0,773.0,1044.0,1553.0,742.0,1697.0,944.0
41376,22:50.500,22:50.510,3,1058.0,844.0,1219.0,1079.0,591.0,871.0,745.0,1087.0,1529.0,796.0,1672.0,994.0
41391,22:51.000,22:51.010,2,1635.0,979.0,1785.0,1188.0,1160.0,970.0,1319.0,1214.0,,,,
41406,22:51.500,22:51.510,3,1266.0,1120.0,1434.0,1361.0,1758.0,1223.0,1917.0,1448.0,845.0,994.0,981.0,1184.0
41421,22:52.000,22:52.002,3,1247.0,878.0,1405.0,1104.0,1722.0,924.0,1870.0,1134.0,823.0,794.0,967.0,982.0
41436,22:52.500,22:52.503,3,1107.0,314.0,1270.0,554.0,612.0,292.0,767.0,511.0,1599.0,286.0,1747.0,505.0
41451,22:53.000,22:53.003,3,1248.0,284.0,1412.0,526.0,1761.0,269.0,1925.0,497.0,781.0,240.0,928.0,462.0
41466,22:53.500,22:53.503,3,1245.0,648.0,1403.0,872.0,1726.0,661.0,1874.0,867.0,806.0,597.0,945.0,790.0
41481,22:54.000,22:54.003,3,1123.0,863.0,1278.0,1085.0,658.0,822.0,797.0,1014.0,1571.0,865.0,1709.0,1068.0
41496,22:54.500,22:54.503,2,403.0,1268.0,605.0,1501.0,900.0,1109.0,1041.0,1301.0,,,,
41511,22:55.000,22:55.003,0,,,,,,,,,,,,
41526,22:55.500,22:55.503,0,,,,,,,,,,,,
41541,22:56.000,22:56.003,0,,,,,,,,,,,,
41556,22:56.500,22:56.503,2,354.0,761.0,599.0,988.0,864.0,433.0,1007.0,627.0,,,,
41571,22:57.000,22:57.005,3,1259.0,746.0,1426.0,974.0,1769.0,578.0,1927.0,794.0,808.0,795.0,952.0,1001.0
41586,22:57.500,22:57.505,3,1585.0,917.0,1768.0,1175.0,2233.0,896.0,2435.0,1141.0,1128.0,847.0,1260.0,1047.0
41601,22:58.000,22:58.005,3,2104.0,943.0,2296.0,1183.0,1501.0,966.0,1677.0,1229.0,1056.0,916.0,1190.0,1114.0
41616,22:58.500,22:58.505,3,1504.0,880.0,1678.0,1137.0,2107.0,848.0,2295.0,1080.0,1056.0,843.0,1190.0,1043.0
41631,22:59.000,22:59.005,3,1475.0,770.0,1645.0,1016.0,2062.0,715.0,2247.0,943.0,1025.0,735.0,1158.0,932.0
41646,22:59.500,22:59.505,3,2053.0,811.0,2237.0,1038.0,1468.0,867.0,1642.0,1114.0,1013.0,839.0,1144.0,1043.0
41661,23:00.000,23:00.005,3,1455.0,887.0,1628.0,1139.0,2036.0,826.0,2219.0,1051.0,1001.0,864.0,1136.0,1059.0
41676,23:00.500,23:00.505,3,1365.0,841.0,1534.0,1086.0,1918.0,770.0,2087.0,994.0,911.0,810.0,1046.0,1008.0
41691,23:01.000,23:01.005,3,1852.0,800.0,2017.0,1013.0,1313.0,878.0,1479.0,1121.0,852.0,862.0,992.0,1060.0
41706,23:01.500,23:01.507,3,1347.0,888.0,1514.0,1135.0,1899.0,820.0,2067.0,1040.0,895.0,880.0,1030.0,1075.0
41721,23:02.000,23:02.007,3,1317.0,876.0,1483.0,1117.0,1862.0,803.0,2027.0,1019.0,854.0,861.0,993.0,1060.0
41736,23:02.500,23:02.507,3,1837.0,779.0,2000.0,995.0,1298.0,860.0,1463.0,1098.0,841.0,831.0,980.0,1037.0
41751,23:03.000,23:03.007,3,1233.0,598.0,1395.0,833.0,1768.0,519.0,1926.0,728.0,767.0,582.0,910.0,785.0
41766,23:03.500,23:03.507,3,1872.0,668.0,2039.0,884.0,1325.0,759.0,1492.0,993.0,867.0,752.0,1004.0,954.0
41781,23:04.000,23:04.007,3,1412.0,908.0,1589.0,1144.0,1960.0,738.0,2141.0,963.0,954.0,956.0,1093.0,1159.0
41796,23:04.500,23:04.507,3,1376.0,897.0,1551.0,1141.0,1912.0,762.0,2087.0,983.0,909.0,927.0,1048.0,1127.0
41811,23:05.000,23:05.007,3,1490.0,824.0,1664.0,1066.0,2064.0,705.0,2252.0,933.0,1017.0,833.0,1153.0,1025.0
41826,23:05.500,23:05.508,3,1507.0,908.0,1683.0,1160.0,2083.0,810.0,2273.0,1039.0,1030.0,910.0,1162.0,1107.0
41841,23:06.000,23:06.008,3,2076.0,821.0,2265.0,1051.0,1497.0,907.0,1674.0,1164.0,1024.0,904.0,1158.0,1097.0
41856,23:06.500,23:06.508,3,1951.0,783.0,2126.0,1008.0,1401.0,865.0,1573.0,1116.0,933.0,866.0,1069.0,1058.0
41871,23:07.000,23:07.008,3,2014.0,778.0,2201.0,1010.0,1453.0,871.0,1627.0,1109.0,986.0,849.0,1120.0,1047.0
41886,23:07.500,23:07.508,3,1375.0,786.0,1544.0,1022.0,1914.0,688.0,2087.0,906.0,909.0,781.0,1045.0,974.0
41901,23:08.000,23:08.008,3,1387.0,790.0,1558.0,1027.0,1928.0,675.0,2102.0,899.0,922.0,795.0,1057.0,997.0
41916,23:08.500,23:08.508,3,1418.0,802.0,1590.0,1037.0,1970.0,682.0,2150.0,903.0,949.0,802.0,1086.0,1001.0
41931,23:09.000,23:09.008,3,1392.0,821.0,1561.0,1057.0,1930.0,704.0,2108.0,930.0,926.0,820.0,1063.0,1017.0
41946,23:09.500,23:09.508,3,1874.0,664.0,2044.0,884.0,1340.0,775.0,1509.0,1014.0,877.0,776.0,1015.0,967.0
41961,23:10.000,23:10.010,3,1871.0,696.0,2040.0,910.0,1338.0,808.0,1503.0,1034.0,873.0,796.0,1012.0,991.0
41976,23:10.500,23:10.510,3,1365.0,806.0,1536.0,1046.0,1903.0,707.0,2077.0,922.0,901.0,806.0,1039.0,1001.0
41991,23:11.000,23:11.010,3,1409.0,829.0,1580.0,1076.0,1962.0,749.0,2143.0,963.0,947.0,824.0,1082.0,1016.0
42006,23:11.500,23:11.510,3,1949.0,760.0,2121.0,974.0,1397.0,849.0,1566.0,1093.0,934.0,847.0,1070.0,1037.0
42021,23:12.000,23:12.002,3,1388.0,849.0,1557.0,1091.0,1938.0,752.0,2116.0,967.0,932.0,842.0,1073.0,1033.0
42036,23:12.500,23:12.502,3,1374.0,845.0,1546.0,1084.0,1923.0,751.0,2095.0,966.0,924.0,826.0,1078.0,1031.0
42051,23:13.000,23:13.002,3,1345.0,932.0,1516.0,1172.0,862.0,924.0,1025.0,1150.0,1890.0,827.0,2058.0,1046.0
42066,23:13.500,23:13.502,3,1916.0,829.0,2087.0,1048.0,872.0,897.0,1026.0,1112.0,1368.0,920.0,1538.0,1167.0
42081,23:14.000,23:14.003,3,1205.0,997.0,1373.0,1250.0,679.0,921.0,830.0,1129.0,1727.0,932.0,1885.0,1145.0
42096,23:14.500,23:14.503,3,1934.0,839.0,2110.0,1064.0,1383.0,912.0,1555.0,1166.0,853.0,860.0,992.0,1052.0
42111,23:15.000,23:15.003,3,1292.0,849.0,1461.0,1090.0,1772.0,795.0,1938.0,1011.0,764.0,805.0,905.0,997.0
42126,23:15.500,23:15.503,3,1200.0,803.0,1364.0,1047.0,1661.0,784.0,1821.0,995.0,659.0,758.0,808.0,952.0
42141,23:16.000,23:16.003,3,1226.0,1048.0,1395.0,1299.0,683.0,990.0,835.0,1199.0,1736.0,1051.0,1896.0,1265.0
42156,23:16.500,23:16.503,1,268.0,1318.0,458.0,1505.0,,,,,,,,
42171,23:17.000,23:17.003,3,1332.0,1181.0,1506.0,1449.0,796.0,1096.0,941.0,1301.0,1871.0,1244.0,2045.0,1462.0
42187,23:17.500,23:17.503,3,1397.0,901.0,1565.0,1148.0,875.0,845.0,1016.0,1040.0,1929.0,924.0,2101.0,1135.0
42202,23:18.000,23:18.003,3,1415.0,868.0,1588.0,1119.0,1959.0,838.0,2137.0,1080.0,900.0,829.0,1041.0,1020.0
42217,23:18.500,23:18.505,3,1465.0,920.0,1640.0,1171.0,2030.0,902.0,2215.0,1130.0,954.0,860.0,1091.0,1054.0
42232,23:19.000,23:19.005,3,1462.0,977.0,1637.0,1231.0,2018.0,938.0,2205.0,1167.0,948.0,912.0,1085.0,1109.0
42247,23:19.500,23:19.505,3,1473.0,922.0,1649.0,1178.0,2022.0,880.0,2211.0,1110.0,959.0,861.0,1097.0,1050.0
42262,23:20.000,23:20.005,3,2010.0,857.0,2197.0,1087.0,1461.0,914.0,1632.0,1159.0,945.0,845.0,1082.0,1035.0
42277,23:20.500,23:20.505,3,1920.0,839.0,2098.0,1071.0,1389.0,908.0,1560.0,1159.0,869.0,856.0,1010.0,1048.0
42292,23:21.000,23:21.005,3,490.0,835.0,651.0,1047.0,1052.0,888.0,1217.0,1135.0,1538.0,820.0,1684.0,1036.0
42307,23:21.500,23:21.505,3,151.0,778.0,342.0,1010.0,794.0,847.0,967.0,1106.0,1285.0,800.0,1424.0,1010.0
42322,23:22.000,23:22.005,3,142.0,793.0,333.0,1022.0,789.0,860.0,961.0,1114.0,1280.0,807.0,1420.0,1013.0
42337,23:22.500,23:22.507,3,1959.0,888.0,2139.0,1119.0,1420.0,1002.0,1601.0,1253.0,895.0,986.0,1039.0,1183.0
42352,23:23.000,23:23.007,3,1452.0,1111.0,1633.0,1370.0,2000.0,984.0,2189.0,1228.0,918.0,1095.0,1063.0,1297.0
42367,23:23.500,23:23.507,3,1260.0,1037.0,1431.0,1285.0,1765.0,925.0,1928.0,1148.0,719.0,1016.0,870.0,1223.0
42382,23:24.000,23:24.007,3,100.0,489.0,299.0,734.0,769.0,622.0,941.0,868.0,1260.0,608.0,1396.0,807.0
42397,23:24.500,23:24.507,2,224.0,621.0,446.0,892.0,817.0,596.0,958.0,800.0,,,,
42412,23:25.000,23:25.007,2,312.0,1054.0,525.0,1336.0,887.0,973.0,1031.0,1183.0,,,,
42427,23:25.500,23:25.507,1,1732.0,1253.0,1903.0,1498.0,,,,,,,,
42442,23:26.000,23:26.007,0,,,,,,,,,,,,
42457,23:26.500,23:26.507,0,,,,,,,,,,,,
42472,23:27.000,23:27.008,3,1238.0,842.0,1406.0,1085.0,1733.0,712.0,1893.0,932.0,722.0,840.0,869.0,1033.0
42487,23:27.500,23:27.508,3,949.0,916.0,1121.0,1163.0,367.0,915.0,543.0,1143.0,1425.0,780.0,1568.0,987.0
42502,23:28.000,23:28.008,3,-22.0,1053.0,202.0,1279.0,706.0,983.0,893.0,1227.0,1159.0,789.0,1308.0,1003.0
42518,23:28.500,23:28.508,3,1243.0,634.0,1409.0,873.0,1727.0,536.0,1888.0,754.0,703.0,595.0,852.0,790.0
42533,23:29.000,23:29.008,3,1947.0,661.0,2129.0,895.0,1420.0,709.0,1590.0,955.0,927.0,640.0,1062.0,828.0
42547,23:29.500,23:29.508,3,1334.0,717.0,1503.0,965.0,1832.0,675.0,1999.0,895.0,833.0,637.0,968.0,832.0
42563,23:30.000,23:30.008,3,1010.0,746.0,1179.0,989.0,468.0,657.0,626.0,872.0,1478.0,682.0,1620.0,885.0
42578,23:30.500,23:30.508,2,136.0,788.0,368.0,1082.0,752.0,775.0,898.0,977.0,,,,
42593,23:31.000,23:31.010,2,0.0,897.0,251.0,1199.0,680.0,867.0,829.0,1075.0,,,,
42608,23:31.500,23:31.510,2,114.0,988.0,350.0,1300.0,761.0,967.0,909.0,1178.0,,,,
42623,23:32.000,23:32.002,2,153.0,1085.0,388.0,1394.0,797.0,1055.0,944.0,1270.0,,,,
42639,23:32.500,23:32.502,3,817.0,1006.0,993.0,1269.0,212.0,905.0,397.0,1133.0,1300.0,957.0,1437.0,1166.0
42654,23:33.000,23:33.002,3,1331.0,905.0,1503.0,1151.0,1817.0,834.0,1985.0,1056.0,818.0,822.0,958.0,1017.0
42669,23:33.500,23:33.502,3,1843.0,830.0,2012.0,1059.0,1346.0,906.0,1513.0,1147.0,837.0,815.0,979.0,1015.0
42684,23:34.000,23:34.002,3,1338.0,902.0,1507.0,1148.0,1851.0,823.0,2020.0,1049.0,846.0,837.0,986.0,1030.0
42699,23:34.500,23:34.502,3,1332.0,889.0,1499.0,1136.0,1847.0,815.0,2017.0,1040.0,841.0,818.0,983.0,1017.0
42714,23:35.000,23:35.002,3,1854.0,824.0,2022.0,1052.0,1338.0,893.0,1506.0,1141.0,846.0,832.0,987.0,1033.0
42729,23:35.500,23:35.503,3,1785.0,900.0,1950.0,1127.0,1274.0,960.0,1441.0,1216.0,784.0,900.0,924.0,1102.0
42744,23:36.000,23:36.003,3,1179.0,948.0,1345.0,1199.0,1679.0,894.0,1833.0,1114.0,682.0,879.0,830.0,1091.0
42759,23:36.500,23:36.503,3,1662.0,909.0,1818.0,1131.0,1177.0,964.0,1341.0,1209.0,675.0,884.0,821.0,1092.0
42774,23:37.000,23:37.003,3,1683.0,888.0,1839.0,1108.0,1194.0,941.0,1356.0,1184.0,700.0,855.0,845.0,1063.0
42789,23:37.500,23:37.503,3,1298.0,864.0,1465.0,1111.0,1803.0,810.0,1972.0,1023.0,818.0,790.0,958.0,986.0
42804,23:38.000,23:38.003,3,1061.0,981.0,1231.0,1242.0,534.0,954.0,695.0,1156.0,1540.0,896.0,1689.0,1106.0
42819,23:38.500,23:38.503,3,1225.0,747.0,1390.0,982.0,1712.0,654.0,1873.0,869.0,722.0,692.0,869.0,891.0
42834,23:39.000,23:39.003,0,,,,,,,,,,,,
42849,23:39.500,23:39.505,0,,,,,,,,,,,,
42864,23:40.000,23:40.005,0,,,,,,,,,,,,
42879,23:40.500,23:40.505,3,1095.0,466.0,1264.0,703.0,1577.0,360.0,1736.0,579.0,514.0,391.0,682.0,607.0
42894,23:41.000,23:41.005,3,1201.0,707.0,1363.0,945.0,1687.0,605.0,1844.0,821.0,519.0,694.0,655.0,876.0
42909,23:41.500,23:41.505,2,1458.0,814.0,1629.0,1051.0,2007.0,702.0,2195.0,935.0,,,,
42924,23:42.000,23:42.005,3,1443.0,815.0,1614.0,1055.0,1986.0,703.0,2172.0,935.0,810.0,819.0,937.0,980.0
42939,23:42.500,23:42.505,3,1402.0,808.0,1572.0,1058.0,1934.0,715.0,2113.0,946.0,837.0,805.0,997.0,978.0
42954,23:43.000,23:43.005,3,1942.0,713.0,2122.0,945.0,1402.0,802.0,1570.0,1045.0,888.0,764.0,1036.0,949.0
42969,23:43.500,23:43.505,3,1978.0,721.0,2162.0,959.0,1422.0,809.0,1595.0,1050.0,911.0,762.0,1057.0,947.0
42984,23:44.000,23:44.007,3,1992.0,741.0,2176.0,974.0,1432.0,821.0,1601.0,1065.0,921.0,779.0,1064.0,963.0
42999,23:44.500,23:44.507,3,1984.0,746.0,2167.0,976.0,1434.0,822.0,1604.0,1068.0,920.0,781.0,1062.0,967.0
43014,23:45.000,23:45.007,3,1431.0,839.0,1601.0,1084.0,1981.0,763.0,2165.0,994.0,1004.0,757.0,1139.0,960.0
43029,23:45.500,23:45.507,3,1896.0,773.0,2070.0,1000.0,1367.0,856.0,1535.0,1098.0,1044.0,802.0,1198.0,988.0
43044,23:46.000,23:46.007,3,1353.0,833.0,1519.0,1070.0,1874.0,753.0,2045.0,973.0,1015.0,771.0,1168.0,967.0
43059,23:46.500,23:46.507,3,1408.0,829.0,1577.0,1072.0,1951.0,758.0,2128.0,986.0,897.0,760.0,1037.0,949.0
43074,23:47.000,23:47.007,3,2005.0,851.0,2188.0,1084.0,1448.0,916.0,1620.0,1161.0,825.0,873.0,957.0,1042.0
43088,23:47.500,23:47.507,3,2009.0,833.0,2197.0,1070.0,1452.0,915.0,1624.0,1157.0,829.0,919.0,927.0,1053.0
43103,23:48.000,23:48.008,3,2013.0,890.0,2204.0,1127.0,1455.0,948.0,1629.0,1210.0,837.0,911.0,980.0,1086.0
43118,23:48.500,23:48.508,3,1872.0,875.0,2044.0,1100.0,1345.0,942.0,1514.0,1189.0,864.0,857.0,1003.0,1054.0
43133,23:49.000,23:49.008,3,503.0,898.0,695.0,1158.0,37.0,835.0,263.0,1077.0,1038.0,844.0,1176.0,1044.0
43148,23:49.500,23:49.508,1,288.0,1123.0,478.0,1371.0,,,,,,,,
43163,23:50.000,23:50.008,0,,,,,,,,,,,,
43178,23:50.500,23:50.508,0,,,,,,,,,,,,
43193,23:51.000,23:51.008,1,1042.0,1090.0,1186.0,1282.0,,,,,,,,
43208,23:51.500,23:51.508,1,1251.0,1184.0,1415.0,1385.0,,,,,,,,
43223,23:52.000,23:52.008,3,1541.0,1172.0,1731.0,1450.0,2168.0,1296.0,2378.0,1519.0,1230.0,1062.0,1393.0,1207.0
43238,23:52.500,23:52.502,3,1065.0,1106.0,1234.0,1353.0,1575.0,1122.0,1730.0,1340.0,613.0,931.0,771.0,1147.0
43253,23:53.000,23:53.002,3,239.0,984.0,453.0,1195.0,910.0,1070.0,1079.0,1329.0,1414.0,1033.0,1556.0,1252.0
43268,23:53.500,23:53.502,3,1959.0,964.0,2144.0,1205.0,1402.0,1015.0,1576.0,1273.0,840.0,957.0,1006.0,1138.0
43283,23:54.000,23:54.002,3,1389.0,1019.0,1560.0,1277.0,1932.0,965.0,2111.0,1205.0,956.0,939.0,1098.0,1145.0
43298,23:54.500,23:54.502,3,1821.0,900.0,1989.0,1124.0,1308.0,969.0,1478.0,1223.0,928.0,932.0,1092.0,1131.0
43313,23:55.000,23:55.002,1,1005.0,1213.0,1157.0,1441.0,,,,,,,,
43328,23:55.500,23:55.502,3,1095.0,885.0,1264.0,1119.0,1556.0,725.0,1707.0,941.0,397.0,982.0,621.0,1149.0
43343,23:56.000,23:56.002,3,1880.0,686.0,2055.0,916.0,1357.0,808.0,1525.0,1047.0,828.0,793.0,992.0,983.0
43358,23:56.500,23:56.502,3,1814.0,819.0,1983.0,1041.0,1312.0,916.0,1480.0,1164.0,938.0,895.0,1086.0,1090.0
43373,23:57.000,23:57.003,3,1882.0,801.0,2056.0,1025.0,1346.0,897.0,1515.0,1140.0,973.0,851.0,1118.0,1054.0
43388,23:57.500,23:57.503,3,1975.0,888.0,2159.0,1129.0,1401.0,970.0,1575.0,1224.0,844.0,926.0,993.0,1112.0
43403,23:58.000,23:58.003,3,1473.0,929.0,1652.0,1185.0,2070.0,872.0,2265.0,1115.0,860.0,920.0,979.0,1084.0
43418,23:58.500,23:58.503,3,2026.0,810.0,2212.0,1040.0,1435.0,875.0,1612.0,1125.0,952.0,811.0,1094.0,1011.0
43433,23:59.000,23:59.003,3,1923.0,817.0,2101.0,1045.0,1352.0,903.0,1526.0,1144.0,996.0,857.0,1137.0,1058.0
43448,23:59.500,23:59.503,3,1887.0,811.0,2058.0,1036.0,1324.0,892.0,1497.0,1141.0,942.0,912.0,1088.0,1105.0
43463,24:00.000,24:00.003,3,1786.0,912.0,1952.0,1135.0,1246.0,948.0,1416.0,1200.0,839.0,891.0,994.0,1107.0
43478,24:00.500,24:00.503,3,1924.0,839.0,2102.0,1071.0,1379.0,879.0,1549.0,1134.0,926.0,762.0,1078.0,977.0
43493,24:01.000,24:01.005,3,1897.0,883.0,2072.0,1108.0,1364.0,940.0,1532.0,1189.0,897.0,821.0,1047.0,1039.0
43508,24:01.500,24:01.505,3,1262.0,872.0,1424.0,1114.0,1746.0,808.0,1906.0,1026.0,698.0,857.0,837.0,1053.0
43523,24:02.000,24:02.005,3,1198.0,902.0,1362.0,1146.0,1693.0,842.0,1853.0,1058.0,606.0,907.0,751.0,1101.0
43538,24:02.500,24:02.505,3,1161.0,901.0,1327.0,1159.0,1658.0,834.0,1811.0,1046.0,580.0,887.0,732.0,1096.0
43553,24:03.000,24:03.005,3,1156.0,888.0,1319.0,1135.0,1654.0,818.0,1807.0,1034.0,589.0,856.0,735.0,1067.0
43568,24:03.500,24:03.505,2,253.0,1055.0,474.0,1368.0,831.0,988.0,974.0,1193.0,,,,
43583,24:04.000,24:04.005,3,287.0,883.0,474.0,1113.0,882.0,923.0,1055.0,1179.0,1325.0,839.0,1461.0,1043.0
43598,24:04.500,24:04.505,3,288.0,842.0,472.0,1074.0,879.0,865.0,1050.0,1114.0,1310.0,772.0,1448.0,979.0
43613,24:05.000,24:05.005,3,1039.0,883.0,1208.0,1133.0,512.0,861.0,676.0,1078.0,1482.0,802.0,1631.0,1015.0
43628,24:05.500,24:05.507,3,1768.0,762.0,1936.0,979.0,1273.0,816.0,1440.0,1068.0,810.0,790.0,957.0,992.0
43643,24:06.000,24:06.007,3,1303.0,834.0,1476.0,1089.0,1806.0,772.0,1976.0,992.0,843.0,807.0,987.0,1010.0
43658,24:06.500,24:06.507,3,1360.0,778.0,1535.0,1035.0,1865.0,702.0,2040.0,928.0,892.0,786.0,1031.0,984.0
43673,24:07.000,24:07.007,3,1325.0,813.0,1511.0,1087.0,1867.0,743.0,2040.0,966.0,868.0,804.0,1008.0,1011.0
43688,24:07.500,24:07.507,3,1286.0,806.0,1465.0,1077.0,1853.0,768.0,2023.0,990.0,829.0,801.0,971.0,1017.0
43703,24:08.000,24:08.007,3,1830.0,906.0,1999.0,1132.0,1338.0,932.0,1503.0,1184.0,806.0,884.0,944.0,1103.0
43718,24:08.500,24:08.507,3,1261.0,852.0,1425.0,1091.0,1708.0,781.0,1867.0,1000.0,714.0,864.0,853.0,1077.0
43733,24:09.000,24:09.007,3,1738.0,704.0,1898.0,931.0,1284.0,786.0,1450.0,1034.0,727.0,790.0,858.0,1005.0
43748,24:09.500,24:09.508,3,343.0,906.0,511.0,1150.0,973.0,914.0,1147.0,1183.0,1384.0,863.0,1528.0,1063.0
43763,24:10.000,24:10.008,3,974.0,831.0,1151.0,1101.0,351.0,814.0,527.0,1043.0,1402.0,785.0,1546.0,991.0
43778,24:10.500,24:10.508,3,1101.0,803.0,1275.0,1065.0,512.0,785.0,677.0,1001.0,1559.0,766.0,1705.0,966.0
43793,24:11.000,24:11.008,3,1126.0,846.0,1304.0,1114.0,544.0,813.0,706.0,1031.0,1604.0,813.0,1753.0,1021.0
43808,24:11.500,24:11.508,3,1198.0,806.0,1384.0,1091.0,621.0,785.0,777.0,993.0,1678.0,779.0,1827.0,980.0
43823,24:12.000,24:12.008,3,1208.0,829.0,1388.0,1109.0,623.0,799.0,778.0,1008.0,1679.0,786.0,1830.0,995.0
43838,24:12.500,24:12.508,3,1187.0,820.0,1358.0,1083.0,1692.0,797.0,1845.0,1003.0,628.0,805.0,784.0,1015.0
43853,24:13.000,24:13.000,3,1195.0,832.0,1361.0,1089.0,648.0,860.0,808.0,1074.0,1718.0,810.0,1873.0,1019.0
43868,24:13.500,24:13.500,3,861.0,852.0,1047.0,1130.0,1890.0,824.0,2057.0,1042.0,1326.0,854.0,1493.0,1099.0
43883,24:14.000,24:14.002,3,970.0,854.0,1171.0,1158.0,1341.0,835.0,1507.0,1080.0,1917.0,812.0,2088.0,1032.0
43898,24:14.500,24:14.502,3,2001.0,825.0,2184.0,1059.0,1392.0,852.0,1558.0,1097.0,918.0,743.0,1065.0,952.0
43913,24:15.000,24:15.002,3,1447.0,931.0,1617.0,1184.0,2068.0,926.0,2259.0,1160.0,993.0,841.0,1123.0,1031.0
43928,24:15.500,24:15.502,3,2051.0,893.0,2238.0,1129.0,1434.0,908.0,1602.0,1156.0,1001.0,857.0,1145.0,1062.0
43943,24:16.000,24:16.002,3,733.0,791.0,895.0,1020.0,1195.0,753.0,1353.0,988.0,1758.0,731.0,1913.0,951.0
43958,24:16.500,24:16.502,3,584.0,684.0,745.0,908.0,1072.0,676.0,1221.0,897.0,1663.0,635.0,1776.0,833.0
43973,24:17.000,24:17.002,2,1335.0,846.0,1494.0,1072.0,866.0,843.0,1001.0,1040.0,,,,
43988,24:17.500,24:17.502,3,1531.0,883.0,1699.0,1121.0,1044.0,887.0,1191.0,1096.0,2281.0,844.0,2432.0,1048.0
44003,24:18.000,24:18.003,3,2146.0,808.0,2351.0,1053.0,1543.0,864.0,1711.0,1106.0,1030.0,899.0,1174.0,1110.0
44018,24:18.500,24:18.503,3,1566.0,895.0,1735.0,1137.0,2160.0,852.0,2372.0,1103.0,1055.0,917.0,1198.0,1132.0
44033,24:19.000,24:19.003,3,2147.0,826.0,2355.0,1078.0,1548.0,877.0,1714.0,1117.0,1027.0,898.0,1163.0,1108.0
44048,24:19.500,24:19.503,3,2170.0,808.0,2380.0,1060.0,1561.0,868.0,1731.0,1107.0,986.0,888.0,1114.0,1098.0
44063,24:20.000,24:20.003,3,2176.0,804.0,2385.0,1050.0,1560.0,869.0,1729.0,1110.0,1004.0,892.0,1139.0,1097.0
44078,24:20.500,24:20.503,3,2132.0,768.0,2333.0,1017.0,1528.0,834.0,1691.0,1068.0,1051.0,824.0,1195.0,1030.0
44093,24:21.000,24:21.003,3,2120.0,773.0,2321.0,1019.0,1521.0,832.0,1685.0,1067.0,1097.0,799.0,1240.0,1000.0
44108,24:21.500,24:21.503,3,2152.0,834.0,2355.0,1083.0,1538.0,883.0,1707.0,1119.0,1080.0,834.0,1219.0,1032.0
44123,24:22.000,24:22.003,3,2178.0,874.0,2388.0,1127.0,1555.0,917.0,1723.0,1155.0,1052.0,867.0,1185.0,1060.0
44138,24:22.500,24:22.505,3,1991.0,653.0,2175.0,894.0,1430.0,832.0,1597.0,1052.0,955.0,868.0,1091.0,1065.0
44153,24:23.000,24:23.005,3,2055.0,595.0,2249.0,840.0,1476.0,762.0,1641.0,979.0,1035.0,780.0,1169.0,975.0
44168,24:23.500,24:23.505,3,2123.0,649.0,2323.0,893.0,1523.0,774.0,1690.0,997.0,1082.0,778.0,1213.0,972.0
44183,24:24.000,24:24.005,3,431.0,826.0,595.0,1048.0,948.0,866.0,1103.0,1100.0,1459.0,823.0,1601.0,1031.0
44198,24:24.500,24:24.505,3,1649.0,821.0,1804.0,1039.0,595.0,842.0,745.0,1047.0,1130.0,869.0,1288.0,1104.0
44213,24:25.000,24:25.005,3,1820.0,783.0,1987.0,1005.0,1280.0,824.0,1436.0,1068.0,743.0,811.0,881.0,1014.0
44228,24:25.500,24:25.505,3,2196.0,763.0,2405.0,1013.0,1570.0,817.0,1737.0,1059.0,1003.0,785.0,1126.0,977.0
44243,24:26.000,24:26.005,3,1622.0,868.0,1794.0,1108.0,1045.0,819.0,1169.0,1006.0,2277.0,833.0,2479.0,1088.0
44258,24:26.500,24:26.507,2,1914.0,1127.0,2120.0,1404.0,1304.0,933.0,1435.0,1126.0,,,,
44273,24:27.000,24:27.007,2,1251.0,1116.0,1391.0,1315.0,1787.0,1287.0,1981.0,1511.0,,,,
44288,24:27.500,24:27.507,2,1713.0,1088.0,1900.0,1351.0,1193.0,924.0,1333.0,1125.0,,,,
44303,24:28.000,24:28.007,2,1665.0,957.0,1856.0,1219.0,1118.0,895.0,1248.0,1093.0,,,,
44318,24:28.500,24:28.507,2,1668.0,811.0,1867.0,1058.0,1117.0,858.0,1246.0,1046.0,,,,
44333,24:29.000,24:29.007,2,1694.0,866.0,1898.0,1129.0,1136.0,894.0,1264.0,1074.0,,,,
44348,24:29.500,24:29.507,3,1599.0,871.0,1791.0,1137.0,2184.0,704.0,2395.0,954.0,1052.0,855.0,1181.0,1037.0
44363,24:30.000,24:30.007,3,1872.0,728.0,2045.0,958.0,1364.0,848.0,1541.0,1095.0,796.0,838.0,932.0,1028.0
44378,24:30.500,24:30.507,3,1195.0,872.0,1376.0,1147.0,1665.0,789.0,1821.0,1008.0,563.0,882.0,712.0,1083.0
44393,24:31.000,24:31.008,3,1664.0,773.0,1817.0,988.0,1212.0,855.0,1392.0,1114.0,544.0,857.0,693.0,1056.0
44408,24:31.500,24:31.508,3,1596.0,664.0,1751.0,878.0,1150.0,800.0,1328.0,1055.0,459.0,864.0,610.0,1066.0
44423,24:32.000,24:32.008,3,1642.0,654.0,1797.0,869.0,1170.0,793.0,1348.0,1041.0,511.0,847.0,652.0,1041.0
44438,24:32.500,24:32.500,0,,,,,,,,,,,,
44453,24:33.000,24:33.000,3,1162.0,790.0,1333.0,1043.0,541.0,732.0,691.0,937.0,1638.0,748.0,1788.0,953.0
44468,24:33.500,24:33.500,3,386.0,706.0,550.0,908.0,1031.0,734.0,1206.0,1002.0,1493.0,680.0,1637.0,889.0
44483,24:34.000,24:34.000,3,1044.0,773.0,1220.0,1035.0,378.0,751.0,538.0,947.0,1510.0,720.0,1653.0,925.0
44498,24:34.500,24:34.500,3,1178.0,936.0,1358.0,1199.0,1658.0,867.0,1813.0,1083.0,532.0,924.0,676.0,1122.0
44513,24:35.000,24:35.002,0,,,,,,,,,,,,
44530,24:35.500,24:35.502,1,1310.0,1297.0,1457.0,1501.0,,,,,,,,
44545,24:36.000,24:36.002,2,1721.0,1252.0,1961.0,1511.0,1156.0,1263.0,1310.0,1498.0,,,,
44560,24:36.500,24:36.502,3,1654.0,1099.0,1860.0,1381.0,2225.0,1000.0,2435.0,1250.0,1120.0,1108.0,1265.0,1311.0
44575,24:37.000,24:37.002,3,1271.0,703.0,1447.0,955.0,1783.0,644.0,1945.0,856.0,805.0,665.0,948.0,865.0
44590,24:37.500,24:37.502,3,567.0,718.0,729.0,929.0,1085.0,705.0,1258.0,942.0,1568.0,618.0,1714.0,822.0
44605,24:38.000,24:38.002,3,1135.0,781.0,1306.0,1032.0,614.0,785.0,772.0,991.0,1617.0,694.0,1769.0,909.0
44620,24:38.500,24:38.502,3,1844.0,727.0,2011.0,948.0,1331.0,810.0,1508.0,1059.0,834.0,777.0,978.0,977.0
44635,24:39.000,24:39.002,3,957.0,774.0,1133.0,1037.0,377.0,771.0,559.0,1000.0,1435.0,702.0,1578.0,908.0
44650,24:39.500,24:39.503,3,335.0,823.0,519.0,1057.0,947.0,845.0,1125.0,1108.0,1423.0,773.0,1564.0,981.0
44665,24:40.000,24:40.003,3,1102.0,720.0,1274.0,977.0,562.0,675.0,725.0,885.0,1605.0,674.0,1756.0,883.0
44680,24:40.500,24:40.503,3,529.0,704.0,692.0,918.0,1098.0,724.0,1268.0,969.0,1562.0,675.0,1709.0,883.0
44695,24:41.000,24:41.003,3,573.0,720.0,729.0,931.0,1170.0,765.0,1340.0,1008.0,1614.0,690.0,1765.0,902.0
44710,24:41.500,24:41.503,3,578.0,657.0,735.0,869.0,1624.0,601.0,1780.0,817.0,1171.0,677.0,1337.0,919.0
44726,24:42.000,24:42.003,3,1196.0,696.0,1363.0,944.0,635.0,667.0,787.0,866.0,1678.0,627.0,1835.0,841.0
44741,24:42.500,24:42.503,3,1881.0,710.0,2054.0,935.0,1363.0,799.0,1536.0,1046.0,832.0,760.0,974.0,960.0
44756,24:43.000,24:43.003,3,1318.0,767.0,1489.0,1015.0,1843.0,687.0,2013.0,903.0,799.0,738.0,947.0,940.0
44771,24:43.500,24:43.503,3,1161.0,748.0,1326.0,997.0,1657.0,680.0,1811.0,882.0,644.0,705.0,792.0,900.0
44786,24:44.000,24:44.005,3,1101.0,778.0,1268.0,1025.0,555.0,761.0,715.0,975.0,1563.0,707.0,1712.0,908.0
44801,24:44.500,24:44.505,3,1096.0,768.0,1264.0,1015.0,543.0,739.0,700.0,942.0,1570.0,703.0,1717.0,906.0
44816,24:45.000,24:45.005,3,1086.0,790.0,1252.0,1029.0,557.0,735.0,708.0,937.0,1568.0,706.0,1716.0,915.0
44831,24:45.500,24:45.505,3,1077.0,767.0,1243.0,1021.0,526.0,740.0,685.0,948.0,1563.0,699.0,1711.0,903.0
44846,24:46.000,24:46.005,3,1093.0,827.0,1259.0,1069.0,1597.0,775.0,1747.0,980.0,557.0,756.0,712.0,961.0
44861,24:46.500,24:46.505,3,1246.0,899.0,1413.0,1128.0,813.0,667.0,954.0,862.0,1763.0,985.0,1920.0,1197.0
44876,24:47.000,24:47.005,3,1350.0,891.0,1532.0,1121.0,1879.0,1052.0,2046.0,1257.0,941.0,625.0,1085.0,812.0
44891,24:47.500,24:47.505,3,1381.0,866.0,1562.0,1094.0,1909.0,1018.0,2078.0,1229.0,956.0,579.0,1102.0,768.0
44906,24:48.000,24:48.007,3,1360.0,857.0,1535.0,1098.0,1908.0,977.0,2074.0,1190.0,927.0,640.0,1073.0,834.0
44921,24:48.500,24:48.507,3,1040.0,602.0,1211.0,856.0,514.0,574.0,677.0,789.0,1552.0,510.0,1700.0,717.0
44936,24:49.000,24:49.007,3,983.0,626.0,1156.0,875.0,441.0,575.0,609.0,795.0,1496.0,543.0,1638.0,745.0
44951,24:49.500,24:49.507,3,204.0,733.0,394.0,960.0,814.0,760.0,989.0,1013.0,1318.0,689.0,1456.0,889.0
44966,24:50.000,24:50.007,3,118.0,790.0,314.0,1024.0,738.0,830.0,918.0,1084.0,1259.0,754.0,1397.0,951.0
44981,24:50.500,24:50.507,3,168.0,807.0,360.0,1040.0,778.0,843.0,956.0,1102.0,1293.0,777.0,1429.0,979.0
44996,24:51.000,24:51.007,3,896.0,840.0,1065.0,1097.0,324.0,782.0,498.0,1005.0,1409.0,787.0,1548.0,987.0
45011,24:51.500,24:51.507,3,1081.0,798.0,1245.0,1033.0,542.0,715.0,695.0,925.0,1593.0,762.0,1740.0,964.0
45027,24:52.000,24:52.032,3,972.0,828.0,1139.0,1077.0,387.0,783.0,548.0,995.0,1477.0,783.0,1618.0,980.0
45041,24:52.500,24:52.500,3,1050.0,703.0,1219.0,953.0,498.0,655.0,648.0,860.0,1586.0,668.0,1732.0,867.0
45056,24:53.000,24:53.000,3,1098.0,736.0,1269.0,975.0,586.0,682.0,733.0,888.0,1647.0,691.0,1800.0,902.0
45071,24:53.500,24:53.500,3,1246.0,733.0,1421.0,980.0,1807.0,694.0,1972.0,908.0,755.0,683.0,898.0,885.0
45086,24:54.000,24:54.000,3,1369.0,790.0,1542.0,1033.0,1943.0,746.0,2120.0,969.0,881.0,723.0,1018.0,922.0
45101,24:54.500,24:54.500,3,1891.0,781.0,2063.0,1004.0,1318.0,829.0,1488.0,1072.0,845.0,770.0,985.0,965.0
45116,24:55.000,24:55.000,3,1354.0,940.0,1521.0,1175.0,1922.0,1077.0,2091.0,1293.0,948.0,720.0,1082.0,904.0
45131,24:55.500,24:55.500,3,1498.0,952.0,1674.0,1199.0,2090.0,1142.0,2277.0,1370.0,1115.0,719.0,1256.0,903.0
45146,24:56.000,24:56.000,3,1279.0,920.0,1444.0,1155.0,1819.0,984.0,1980.0,1197.0,847.0,740.0,986.0,931.0
45161,24:56.500,24:56.502,3,478.0,711.0,639.0,926.0,984.0,869.0,1147.0,1105.0,1494.0,878.0,1636.0,1075.0
45176,24:57.000,24:57.002,3,1204.0,904.0,1365.0,1138.0,1736.0,918.0,1890.0,1135.0,737.0,769.0,881.0,970.0
45191,24:57.500,24:57.502,3,1180.0,908.0,1347.0,1153.0,1714.0,869.0,1870.0,1079.0,703.0,799.0,850.0,1001.0
45206,24:58.000,24:58.002,3,798.0,764.0,972.0,1025.0,224.0,713.0,414.0,946.0,1320.0,722.0,1457.0,921.0
45221,24:58.500,24:58.502,3,1039.0,832.0,1208.0,1087.0,539.0,794.0,697.0,1010.0,1569.0,789.0,1716.0,995.0
45236,24:59.000,24:59.002,3,965.0,779.0,1132.0,1025.0,432.0,684.0,593.0,886.0,1482.0,727.0,1624.0,927.0
45251,24:59.500,24:59.502,3,1092.0,810.0,1256.0,1049.0,606.0,756.0,759.0,968.0,1626.0,745.0,1779.0,953.0
45266,25:00.000,25:00.002,3,353.0,783.0,521.0,1008.0,889.0,857.0,1059.0,1112.0,1422.0,809.0,1566.0,1018.0
45281,25:00.500,25:00.502,3,301.0,767.0,471.0,980.0,863.0,858.0,1032.0,1111.0,1388.0,829.0,1528.0,1033.0
45296,25:01.000,25:01.003,3,467.0,779.0,626.0,1001.0,993.0,840.0,1156.0,1084.0,1524.0,828.0,1665.0,1019.0
45311,25:01.500,25:01.503,3,936.0,834.0,1100.0,1084.0,403.0,759.0,566.0,968.0,1462.0,825.0,1601.0,1010.0
45326,25:02.000,25:02.003,3,985.0,829.0,1151.0,1072.0,463.0,753.0,623.0,964.0,1509.0,795.0,1653.0,997.0
45341,25:02.500,25:02.503,3,1067.0,835.0,1229.0,1077.0,554.0,786.0,710.0,997.0,1592.0,806.0,1740.0,998.0
45356,25:03.000,25:03.003,3,1150.0,813.0,1313.0,1052.0,647.0,731.0,792.0,926.0,1687.0,779.0,1838.0,985.0
45371,25:03.500,25:03.503,3,1225.0,810.0,1390.0,1050.0,1774.0,769.0,1933.0,974.0,732.0,763.0,873.0,960.0
45386,25:04.000,25:04.003,3,1274.0,846.0,1438.0,1090.0,1831.0,814.0,1999.0,1027.0,786.0,764.0,922.0,956.0
45401,25:04.500,25:04.503,3,1880.0,813.0,2051.0,1030.0,1315.0,858.0,1481.0,1101.0,827.0,764.0,962.0,953.0
45416,25:05.000,25:05.005,3,1258.0,896.0,1422.0,1137.0,1813.0,858.0,1977.0,1074.0,788.0,834.0,928.0,1037.0
45431,25:05.500,25:05.505,3,1378.0,838.0,1548.0,1082.0,1959.0,738.0,2141.0,970.0,903.0,781.0,1040.0,979.0
45446,25:06.000,25:06.005,3,2055.0,710.0,2247.0,953.0,1452.0,827.0,1625.0,1065.0,969.0,778.0,1104.0,978.0
45461,25:06.500,25:06.505,3,1971.0,716.0,2158.0,958.0,1367.0,827.0,1540.0,1067.0,891.0,778.0,1025.0,974.0
45476,25:07.000,25:07.005,3,1217.0,835.0,1389.0,1073.0,1823.0,748.0,1993.0,968.0,758.0,758.0,902.0,955.0
45491,25:07.500,25:07.505,3,1980.0,763.0,2163.0,995.0,1349.0,859.0,1521.0,1097.0,885.0,810.0,1028.0,1017.0
45506,25:08.000,25:08.005,3,1361.0,839.0,1534.0,1080.0,1982.0,774.0,2163.0,999.0,897.0,788.0,1036.0,984.0
45521,25:08.500,25:08.505,3,765.0,667.0,891.0,834.0,1242.0,800.0,1413.0,1043.0,1819.0,764.0,1982.0,973.0
45536,25:09.000,25:09.005,3,1326.0,833.0,1494.0,1061.0,837.0,695.0,956.0,851.0,1899.0,785.0,2067.0,999.0
45551,25:09.500,25:09.507,3,1195.0,851.0,1366.0,1087.0,1736.0,779.0,1892.0,1000.0,697.0,800.0,837.0,999.0
45566,25:10.000,25:10.007,3,1185.0,843.0,1359.0,1082.0,1734.0,778.0,1888.0,993.0,685.0,827.0,836.0,1035.0
45581,25:10.500,25:10.507,3,1163.0,822.0,1346.0,1071.0,686.0,847.0,847.0,1077.0,1721.0,746.0,1878.0,959.0
45596,25:11.000,25:11.007,3,1141.0,832.0,1330.0,1074.0,1726.0,740.0,1885.0,951.0,725.0,866.0,891.0,1099.0
45611,25:11.500,25:11.507,3,1155.0,881.0,1351.0,1098.0,1779.0,792.0,1938.0,1003.0,767.0,837.0,921.0,1051.0
45626,25:12.000,25:12.007,3,1118.0,818.0,1322.0,1048.0,694.0,781.0,847.0,995.0,1739.0,700.0,1896.0,920.0
45642,25:12.500,25:12.532,3,1933.0,636.0,2111.0,861.0,1271.0,778.0,1481.0,988.0,861.0,716.0,1002.0,911.0
45657,25:13.000,25:13.032,3,1060.0,866.0,1265.0,1090.0,1693.0,786.0,1848.0,999.0,650.0,772.0,799.0,974.0
45671,25:13.500,25:13.500,3,1112.0,718.0,1300.0,950.0,1735.0,727.0,1893.0,942.0,693.0,551.0,839.0,758.0
45686,25:14.000,25:14.000,3,1136.0,700.0,1349.0,909.0,1762.0,487.0,1927.0,713.0,701.0,662.0,856.0,878.0
45701,25:14.500,25:14.500,1,379.0,457.0,590.0,660.0,,,,,,,,
45716,25:15.000,25:15.000,3,1415.0,476.0,1602.0,657.0,652.0,1203.0,842.0,1382.0,1034.0,965.0,1277.0,1137.0
45731,25:15.500,25:15.500,3,1048.0,969.0,1298.0,1155.0,665.0,1202.0,850.0,1391.0,1462.0,523.0,1654.0,695.0
45746,25:16.000,25:16.000,3,1050.0,882.0,1294.0,1066.0,1498.0,455.0,1687.0,634.0,646.0,1082.0,823.0,1262.0
45761,25:16.500,25:16.500,3,1028.0,825.0,1270.0,1009.0,611.0,1029.0,785.0,1213.0,1485.0,422.0,1664.0,605.0
45776,25:17.000,25:17.000,3,1147.0,759.0,1376.0,947.0,1667.0,385.0,1843.0,583.0,706.0,875.0,855.0,1057.0
45791,25:17.500,25:17.500,3,1254.0,742.0,1489.0,938.0,1838.0,402.0,2020.0,615.0,824.0,822.0,981.0,1024.0
45806,25:18.000,25:18.002,3,1179.0,794.0,1399.0,1002.0,1755.0,519.0,1928.0,731.0,755.0,859.0,910.0,1068.0
45821,25:18.500,25:18.502,3,1315.0,883.0,1523.0,1115.0,1949.0,740.0,2128.0,963.0,877.0,860.0,1016.0,1061.0
45836,25:19.000,25:19.002,3,1516.0,937.0,1723.0,1197.0,2233.0,892.0,2437.0,1135.0,1073.0,880.0,1209.0,1086.0
45851,25:19.500,25:19.502,3,2111.0,787.0,2307.0,1025.0,1426.0,871.0,1634.0,1117.0,985.0,805.0,1117.0,1000.0
45866,25:20.000,25:20.002,3,1260.0,849.0,1458.0,1078.0,1909.0,763.0,2086.0,982.0,802.0,781.0,940.0,980.0
45881,25:20.500,25:20.502,3,1214.0,822.0,1415.0,1063.0,1868.0,753.0,2040.0,972.0,761.0,763.0,900.0,962.0
45896,25:21.000,25:21.002,3,1836.0,739.0,2003.0,955.0,1189.0,816.0,1388.0,1051.0,764.0,736.0,905.0,932.0
45911,25:21.500,25:21.502,3,1173.0,789.0,1371.0,1021.0,1806.0,703.0,1972.0,920.0,732.0,740.0,875.0,941.0
45926,25:22.000,25:22.003,3,1133.0,796.0,1326.0,1030.0,1746.0,695.0,1908.0,909.0,669.0,719.0,813.0,920.0
45941,25:22.500,25:22.503,3,1054.0,796.0,1254.0,1032.0,1656.0,703.0,1811.0,915.0,589.0,746.0,745.0,955.0
45956,25:23.000,25:23.003,3,1666.0,773.0,1820.0,982.0,608.0,789.0,762.0,1002.0,1059.0,871.0,1257.0,1093.0
45971,25:23.500,25:23.503,3,1025.0,901.0,1216.0,1148.0,562.0,828.0,718.0,1041.0,1623.0,830.0,1772.0,1042.0
45986,25:24.000,25:24.003,3,1320.0,962.0,1506.0,1210.0,1947.0,882.0,2127.0,1114.0,858.0,927.0,999.0,1132.0
46001,25:24.500,25:24.503,3,1285.0,916.0,1467.0,1159.0,1900.0,837.0,2076.0,1065.0,836.0,839.0,976.0,1035.0
46016,25:25.000,25:25.003,3,1240.0,875.0,1430.0,1108.0,1873.0,783.0,2044.0,1004.0,839.0,797.0,982.0,997.0
46031,25:25.500,25:25.503,3,1189.0,843.0,1366.0,1082.0,1781.0,769.0,1942.0,982.0,747.0,783.0,894.0,981.0
46046,25:26.000,25:26.003,3,1168.0,813.0,1340.0,1051.0,1742.0,756.0,1899.0,966.0,682.0,758.0,827.0,958.0
46061,25:26.500,25:26.505,3,2023.0,734.0,2209.0,962.0,1391.0,813.0,1568.0,1061.0,916.0,785.0,1052.0,993.0
46076,25:27.000,25:27.005,3,1388.0,831.0,1560.0,1079.0,2004.0,751.0,2190.0,981.0,920.0,765.0,1057.0,956.0
46091,25:27.500,25:27.505,3,1216.0,827.0,1384.0,1073.0,1779.0,747.0,1940.0,961.0,762.0,767.0,906.0,969.0
46106,25:28.000,25:28.005,3,1137.0,846.0,1302.0,1086.0,1679.0,735.0,1831.0,949.0,631.0,810.0,779.0,1004.0
46121,25:28.500,25:28.505,3,1156.0,825.0,1321.0,1066.0,1704.0,727.0,1860.0,945.0,605.0,819.0,755.0,1034.0
46136,25:29.000,25:29.005,3,1182.0,801.0,1348.0,1043.0,1747.0,723.0,1909.0,942.0,657.0,764.0,799.0,962.0
46151,25:29.500,25:29.505,3,1180.0,780.0,1344.0,1019.0,1748.0,695.0,1910.0,911.0,710.0,717.0,850.0,895.0
46166,25:30.000,25:30.005,3,1370.0,892.0,1538.0,1141.0,2004.0,821.0,2189.0,1054.0,962.0,825.0,1094.0,984.0
46181,25:30.500,25:30.507,3,2183.0,925.0,2391.0,1171.0,1484.0,968.0,1663.0,1220.0,1071.0,877.0,1201.0,1046.0
46196,25:31.000,25:31.007,3,2210.0,907.0,2411.0,1152.0,1503.0,934.0,1683.0,1196.0,1070.0,876.0,1204.0,1078.0
46211,25:31.500,25:31.507,3,2037.0,877.0,2227.0,1114.0,1411.0,914.0,1582.0,1168.0,948.0,875.0,1091.0,1085.0
46226,25:32.000,25:32.007,3,1877.0,839.0,2048.0,1062.0,1315.0,881.0,1479.0,1124.0,829.0,844.0,973.0,1053.0
46242,25:32.500,25:32.532,3,1797.0,776.0,1956.0,991.0,1250.0,823.0,1411.0,1061.0,744.0,809.0,892.0,1025.0
46257,25:33.000,25:33.032,3,1207.0,816.0,1370.0,1051.0,1756.0,762.0,1916.0,975.0,691.0,789.0,837.0,1009.0
46272,25:33.500,25:33.532,3,1142.0,812.0,1303.0,1053.0,596.0,798.0,744.0,1014.0,1685.0,760.0,1839.0,967.0
46287,25:34.000,25:34.032,3,1694.0,739.0,1851.0,953.0,1153.0,791.0,1315.0,1037.0,589.0,765.0,735.0,971.0
46303,25:34.500,25:34.532,3,1730.0,665.0,1886.0,879.0,1180.0,728.0,1340.0,959.0,659.0,657.0,798.0,849.0
46317,25:35.000,25:35.000,3,608.0,664.0,728.0,816.0,1184.0,730.0,1346.0,958.0,1733.0,661.0,1888.0,875.0
46332,25:35.500,25:35.500,3,1203.0,751.0,1364.0,990.0,1748.0,693.0,1908.0,906.0,650.0,738.0,762.0,883.0
46347,25:36.000,25:36.000,3,1194.0,880.0,1357.0,1126.0,1717.0,822.0,1874.0,1037.0,673.0,876.0,805.0,1063.0
46362,25:36.500,25:36.500,3,1199.0,657.0,1360.0,889.0,1728.0,611.0,1885.0,827.0,681.0,607.0,833.0,809.0
46377,25:37.000,25:37.000,3,1756.0,269.0,1941.0,528.0,545.0,310.0,728.0,563.0,1208.0,357.0,1391.0,619.0
46392,25:37.500,25:37.500,3,311.0,642.0,499.0,885.0,989.0,623.0,1152.0,847.0,1439.0,495.0,1591.0,716.0
46407,25:38.000,25:38.000,3,93.0,1051.0,301.0,1299.0,786.0,1017.0,945.0,1245.0,1219.0,888.0,1356.0,1089.0
46422,25:38.500,25:38.500,3,911.0,1114.0,1050.0,1316.0,1411.0,1285.0,1597.0,1494.0,1971.0,1341.0,2162.0,1509.0
46437,25:39.000,25:39.000,3,1186.0,1045.0,1358.0,1298.0,1713.0,1038.0,1869.0,1252.0,700.0,977.0,846.0,1195.0
46452,25:39.500,25:39.502,3,1883.0,821.0,2049.0,1031.0,1335.0,817.0,1503.0,1045.0,874.0,724.0,1015.0,922.0
46467,25:40.000,25:40.002,2,632.0,1004.0,785.0,1209.0,-29.0,1272.0,219.0,1519.0,,,,
46482,25:40.500,25:40.502,0,,,,,,,,,,,,
46497,25:41.000,25:41.002,0,,,,,,,,,,,,
46513,25:41.500,25:41.502,0,,,,,,,,,,,,
46528,25:42.000,25:42.002,2,1873.0,527.0,2106.0,808.0,1475.0,295.0,1643.0,514.0,,,,
46543,25:42.500,25:42.502,0,,,,,,,,,,,,
46558,25:43.000,25:43.002,0,,,,,,,,,,,,
46574,25:43.500,25:43.503,0,,,,,,,,,,,,
46590,25:44.000,25:44.003,1,-32.0,1201.0,191.0,1459.0,,,,,,,,
46605,25:44.500,25:44.503,0,,,,,,,,,,,,
46620,25:45.000,25:45.003,0,,,,,,,,,,,,
46635,25:45.500,25:45.503,1,1366.0,1119.0,1530.0,1317.0,,,,,,,,
46650,25:46.000,25:46.003,0,,,,,,,,,,,,
46665,25:46.500,25:46.503,0,,,,,,,,,,,,
46680,25:47.000,25:47.003,1,584.0,1319.0,751.0,1505.0,,,,,,,,
46695,25:47.500,25:47.503,3,1239.0,1036.0,1409.0,1300.0,1794.0,1065.0,1959.0,1288.0,779.0,930.0,924.0,1145.0
46710,25:48.000,25:48.005,3,658.0,786.0,806.0,1004.0,1185.0,869.0,1341.0,1093.0,1666.0,833.0,1815.0,1040.0
46725,25:48.500,25:48.505,0,,,,,,,,,,,,
46740,25:49.000,25:49.005,2,7.0,1055.0,247.0,1324.0,618.0,791.0,769.0,1004.0,,,,
46755,25:49.500,25:49.505,3,539.0,839.0,698.0,1065.0,1085.0,808.0,1246.0,1024.0,1597.0,637.0,1717.0,832.0
46770,25:50.000,25:50.005,3,1568.0,845.0,1748.0,1090.0,2210.0,885.0,2407.0,1123.0,1121.0,735.0,1254.0,929.0
46785,25:50.500,25:50.505,2,1791.0,821.0,1992.0,1093.0,1352.0,709.0,1489.0,904.0,,,,
46800,25:51.000,25:51.005,3,2010.0,707.0,2196.0,932.0,1417.0,808.0,1587.0,1047.0,988.0,805.0,1125.0,1004.0
46815,25:51.500,25:51.505,3,1117.0,822.0,1322.0,1025.0,739.0,1030.0,907.0,1220.0,1577.0,453.0,1752.0,636.0
46831,25:52.000,25:52.032,3,1166.0,958.0,1379.0,1156.0,1545.0,479.0,1746.0,649.0,854.0,1208.0,1038.0,1393.0
46846,25:52.500,25:52.532,3,1180.0,949.0,1404.0,1145.0,1556.0,463.0,1766.0,639.0,869.0,1211.0,1071.0,1400.0
46861,25:53.000,25:53.032,3,1137.0,848.0,1354.0,1044.0,1496.0,372.0,1696.0,551.0,821.0,1143.0,1007.0,1315.0
46876,25:53.500,25:53.532,3,1322.0,607.0,1534.0,821.0,1800.0,112.0,2031.0,349.0,965.0,834.0,1130.0,1018.0
46891,25:54.000,25:54.032,2,1696.0,505.0,1915.0,760.0,1282.0,644.0,1434.0,844.0,,,,
46906,25:54.500,25:54.532,2,1691.0,579.0,1892.0,845.0,1263.0,649.0,1403.0,848.0,,,,
46921,25:55.000,25:55.032,3,1683.0,165.0,1852.0,398.0,1085.0,418.0,1264.0,657.0,666.0,482.0,824.0,702.0
46936,25:55.500,25:55.532,3,724.0,410.0,930.0,662.0,228.0,520.0,428.0,758.0,1285.0,166.0,1440.0,385.0
46951,25:56.000,25:56.032,3,270.0,563.0,458.0,792.0,773.0,433.0,964.0,675.0,1303.0,176.0,1456.0,397.0
46965,25:56.500,25:56.500,3,249.0,436.0,445.0,678.0,786.0,333.0,969.0,553.0,1315.0,98.0,1474.0,308.0
46980,25:57.000,25:57.000,3,283.0,428.0,479.0,668.0,847.0,313.0,1025.0,518.0,1340.0,82.0,1507.0,296.0
46995,25:57.500,25:57.500,1,298.0,460.0,489.0,693.0,,,,,,,,
47010,25:58.000,25:58.000,2,366.0,759.0,553.0,983.0,1391.0,394.0,1535.0,593.0,,,,
47025,25:58.500,25:58.500,3,897.0,647.0,1083.0,890.0,447.0,752.0,623.0,974.0,1459.0,396.0,1614.0,606.0
47040,25:59.000,25:59.000,3,1348.0,839.0,1525.0,1077.0,1994.0,647.0,2180.0,882.0,926.0,867.0,1074.0,1076.0
47055,25:59.500,25:59.500,3,1179.0,966.0,1353.0,1215.0,1790.0,813.0,1957.0,1037.0,749.0,980.0,904.0,1202.0
47070,26:00.000,26:00.000,3,911.0,856.0,1088.0,1097.0,431.0,894.0,602.0,1138.0,1491.0,686.0,1634.0,890.0
47085,26:00.500,26:00.502,3,1058.0,782.0,1230.0,1018.0,605.0,806.0,764.0,1028.0,1692.0,622.0,1836.0,835.0
47101,26:01.000,26:01.002,3,1193.0,830.0,1365.0,1072.0,745.0,858.0,901.0,1074.0,1858.0,660.0,2004.0,884.0
47116,26:01.500,26:01.502,3,1126.0,802.0,1300.0,1045.0,672.0,838.0,829.0,1060.0,1757.0,630.0,1901.0,847.0
47131,26:02.000,26:02.002,3,1146.0,788.0,1320.0,1035.0,686.0,816.0,842.0,1036.0,1754.0,620.0,1905.0,834.0
47146,26:02.500,26:02.502,3,999.0,725.0,1173.0,978.0,508.0,785.0,676.0,1014.0,1539.0,553.0,1689.0,761.0
47161,26:03.000,26:03.002,3,421.0,779.0,599.0,1014.0,912.0,705.0,1095.0,941.0,1455.0,498.0,1603.0,705.0
47176,26:03.500,26:03.502,3,990.0,737.0,1170.0,972.0,520.0,806.0,690.0,1029.0,1544.0,535.0,1693.0,743.0
47191,26:04.000,26:04.002,3,1046.0,774.0,1222.0,1004.0,588.0,823.0,756.0,1044.0,1609.0,566.0,1759.0,775.0
47206,26:04.500,26:04.502,3,1068.0,804.0,1242.0,1034.0,616.0,846.0,779.0,1069.0,1635.0,603.0,1789.0,814.0
47221,26:05.000,26:05.003,3,1265.0,795.0,1440.0,1034.0,1866.0,643.0,2037.0,864.0,825.0,809.0,974.0,1021.0
47237,26:05.500,26:05.503,3,1242.0,707.0,1414.0,943.0,1832.0,552.0,1997.0,774.0,790.0,720.0,938.0,932.0
47252,26:06.000,26:06.003,3,1193.0,899.0,1363.0,1132.0,1786.0,740.0,1953.0,959.0,756.0,897.0,907.0,1117.0
47267,26:06.500,26:06.503,3,1385.0,958.0,1559.0,1208.0,2045.0,856.0,2232.0,1093.0,956.0,933.0,1101.0,1144.0
47282,26:07.000,26:07.003,3,1897.0,740.0,2067.0,963.0,1283.0,860.0,1456.0,1099.0,840.0,849.0,988.0,1060.0
47297,26:07.500,26:07.503,3,1271.0,848.0,1444.0,1092.0,1872.0,709.0,2046.0,933.0,822.0,859.0,971.0,1071.0
47312,26:08.000,26:08.003,3,1879.0,878.0,2052.0,1111.0,1266.0,996.0,1444.0,1250.0,816.0,984.0,966.0,1200.0
47327,26:08.500,26:08.503,3,1394.0,916.0,1574.0,1173.0,2049.0,811.0,2239.0,1051.0,951.0,899.0,1095.0,1105.0
47342,26:09.000,26:09.005,3,1194.0,912.0,1370.0,1157.0,1788.0,760.0,1953.0,981.0,739.0,917.0,895.0,1129.0
47357,26:09.500,26:09.505,3,1348.0,875.0,1524.0,1123.0,1984.0,752.0,2166.0,985.0,908.0,848.0,1054.0,1057.0
47372,26:10.000,26:10.005,3,1420.0,901.0,1601.0,1158.0,2069.0,761.0,2260.0,998.0,973.0,892.0,1119.0,1098.0
47387,26:10.500,26:10.505,3,2046.0,784.0,2234.0,1024.0,1401.0,919.0,1581.0,1174.0,955.0,901.0,1102.0,1108.0
47402,26:11.000,26:11.005,3,1215.0,945.0,1388.0,1187.0,1810.0,800.0,1973.0,1023.0,761.0,929.0,914.0,1138.0
47417,26:11.500,26:11.505,3,1136.0,939.0,1309.0,1191.0,667.0,924.0,828.0,1148.0,1718.0,809.0,1875.0,1023.0
47432,26:12.000,26:12.005,3,1176.0,727.0,1354.0,979.0,1780.0,578.0,1942.0,800.0,691.0,714.0,855.0,942.0
47448,26:12.500,26:12.530,3,1095.0,750.0,1295.0,1017.0,1742.0,514.0,1924.0,757.0,568.0,799.0,748.0,1043.0
47463,26:13.000,26:13.030,3,1023.0,815.0,1209.0,1077.0,503.0,811.0,685.0,1054.0,1653.0,660.0,1817.0,890.0
47478,26:13.500,26:13.532,3,890.0,832.0,1066.0,1085.0,474.0,782.0,658.0,1023.0,1489.0,761.0,1630.0,964.0
47493,26:14.000,26:14.032,3,1059.0,928.0,1227.0,1179.0,679.0,932.0,856.0,1141.0,1633.0,833.0,1780.0,1040.0
47508,26:14.500,26:14.532,3,1135.0,962.0,1303.0,1214.0,1718.0,881.0,1870.0,1098.0,708.0,942.0,860.0,1158.0
47523,26:15.000,26:15.032,3,1354.0,893.0,1529.0,1141.0,1995.0,804.0,2175.0,1035.0,959.0,885.0,1099.0,1083.0
47538,26:15.500,26:15.532,3,1120.0,935.0,1294.0,1187.0,742.0,917.0,913.0,1140.0,1720.0,860.0,1872.0,1071.0
47553,26:16.000,26:16.032,3,1254.0,917.0,1428.0,1169.0,1868.0,814.0,2036.0,1034.0,897.0,932.0,1068.0,1143.0
47568,26:16.500,26:16.532,3,1355.0,959.0,1533.0,1213.0,1994.0,881.0,2174.0,1117.0,991.0,957.0,1156.0,1157.0
47583,26:17.000,26:17.032,3,1219.0,1045.0,1393.0,1303.0,1829.0,960.0,1993.0,1185.0,837.0,1050.0,1005.0,1279.0
47597,26:17.500,26:17.500,3,1236.0,1021.0,1410.0,1281.0,1876.0,930.0,2046.0,1161.0,862.0,1003.0,1019.0,1224.0
47612,26:18.000,26:18.000,3,1817.0,526.0,1984.0,746.0,1201.0,700.0,1376.0,947.0,796.0,718.0,949.0,933.0
47627,26:18.500,26:18.500,3,1129.0,926.0,1301.0,1183.0,700.0,917.0,854.0,1141.0,1732.0,836.0,1886.0,1047.0
47642,26:19.000,26:19.000,3,1094.0,860.0,1265.0,1099.0,646.0,834.0,810.0,1047.0,1690.0,776.0,1842.0,987.0
47657,26:19.500,26:19.500,3,1060.0,813.0,1235.0,1067.0,1639.0,745.0,1788.0,952.0,584.0,824.0,729.0,1034.0
47672,26:20.000,26:20.000,2,599.0,736.0,751.0,954.0,1623.0,697.0,1747.0,891.0,,,,
47687,26:20.500,26:20.500,2,1640.0,847.0,1778.0,1055.0,635.0,899.0,779.0,1115.0,,,,
47702,26:21.000,26:21.000,3,1053.0,966.0,1207.0,1212.0,636.0,933.0,778.0,1149.0,1610.0,889.0,1779.0,1116.0
47717,26:21.500,26:21.500,1,1573.0,811.0,1704.0,1008.0,,,,,,,,
47732,26:22.000,26:22.002,2,1581.0,831.0,1703.0,1012.0,975.0,884.0,1139.0,1153.0,,,,
47747,26:22.500,26:22.502,1,1602.0,769.0,1758.0,1000.0,,,,,,,,
47762,26:23.000,26:23.002,1,1595.0,783.0,1738.0,995.0,,,,,,,,
47777,26:23.500,26:23.502,3,1017.0,873.0,1184.0,1091.0,659.0,849.0,823.0,1071.0,1610.0,781.0,1755.0,996.0
47792,26:24.000,26:24.002,3,642.0,835.0,809.0,1064.0,1033.0,856.0,1199.0,1080.0,1618.0,779.0,1758.0,988.0
47807,26:24.500,26:24.502,2,1044.0,846.0,1200.0,1064.0,1618.0,770.0,1762.0,976.0,,,,
47822,26:25.000,26:25.002,3,1030.0,855.0,1194.0,1071.0,1613.0,767.0,1758.0,976.0,685.0,855.0,821.0,1077.0
47837,26:25.500,26:25.502,2,1594.0,771.0,1741.0,982.0,1033.0,854.0,1191.0,1076.0,,,,
47852,26:26.000,26:26.003,3,892.0,898.0,1061.0,1124.0,515.0,890.0,669.0,1120.0,1456.0,827.0,1594.0,1030.0
47867,26:26.500,26:26.503,3,854.0,920.0,1030.0,1164.0,1430.0,858.0,1565.0,1061.0,468.0,937.0,644.0,1154.0
47882,26:27.000,26:27.003,3,711.0,1095.0,898.0,1340.0,294.0,1086.0,511.0,1338.0,1307.0,1006.0,1440.0,1218.0
47897,26:27.500,26:27.503,3,826.0,1005.0,1006.0,1250.0,436.0,1001.0,638.0,1235.0,1406.0,915.0,1547.0,1133.0
47912,26:28.000,26:28.003,3,907.0,932.0,1080.0,1177.0,1483.0,856.0,1627.0,1064.0,540.0,919.0,717.0,1147.0
47927,26:28.500,26:28.503,1,1550.0,804.0,1694.0,1019.0,,,,,,,,
47942,26:29.000,26:29.003,3,898.0,999.0,1075.0,1246.0,518.0,995.0,687.0,1247.0,1463.0,907.0,1605.0,1124.0
47957,26:29.500,26:29.503,3,764.0,861.0,944.0,1104.0,336.0,838.0,530.0,1089.0,1328.0,773.0,1463.0,976.0
47972,26:30.000,26:30.003,3,1540.0,793.0,1685.0,999.0,979.0,873.0,1152.0,1091.0,595.0,863.0,744.0,1064.0
47987,26:30.500,26:30.505,1,1580.0,889.0,1730.0,1111.0,,,,,,,,
48002,26:31.000,26:31.005,3,1564.0,897.0,1711.0,1117.0,993.0,975.0,1177.0,1222.0,614.0,943.0,778.0,1158.0
48017,26:31.500,26:31.505,3,888.0,974.0,1065.0,1215.0,461.0,941.0,635.0,1185.0,1448.0,891.0,1585.0,1093.0
48032,26:32.000,26:32.005,3,781.0,930.0,958.0,1182.0,308.0,896.0,496.0,1149.0,1340.0,852.0,1476.0,1050.0
48047,26:32.500,26:32.505,3,942.0,962.0,1116.0,1216.0,525.0,927.0,702.0,1162.0,1498.0,884.0,1640.0,1091.0
48062,26:33.000,26:33.005,3,536.0,898.0,706.0,1137.0,948.0,928.0,1119.0,1188.0,1498.0,851.0,1637.0,1060.0
48078,26:33.500,26:33.530,3,541.0,888.0,713.0,1124.0,947.0,916.0,1120.0,1174.0,1495.0,840.0,1633.0,1047.0
48093,26:34.000,26:34.030,3,525.0,941.0,700.0,1183.0,936.0,978.0,1109.0,1231.0,1487.0,882.0,1629.0,1102.0
48108,26:34.500,26:34.532,3,317.0,981.0,512.0,1240.0,772.0,998.0,954.0,1272.0,1329.0,918.0,1465.0,1123.0
48123,26:35.000,26:35.032,3,311.0,997.0,524.0,1247.0,748.0,1019.0,930.0,1289.0,1314.0,936.0,1452.0,1142.0
48138,26:35.500,26:35.532,3,961.0,1045.0,1133.0,1304.0,581.0,1017.0,774.0,1241.0,1526.0,972.0,1671.0,1191.0
48153,26:36.000,26:36.032,3,400.0,1018.0,604.0,1247.0,822.0,1030.0,1001.0,1298.0,1385.0,942.0,1524.0,1146.0
48168,26:36.500,26:36.532,3,245.0,1034.0,451.0,1282.0,722.0,1064.0,906.0,1331.0,1296.0,959.0,1432.0,1168.0
48183,26:37.000,26:37.032,3,265.0,920.0,469.0,1170.0,738.0,946.0,925.0,1217.0,1317.0,853.0,1455.0,1063.0
48198,26:37.500,26:37.532,3,586.0,764.0,755.0,1008.0,1000.0,815.0,1175.0,1072.0,1573.0,734.0,1722.0,950.0
48213,26:38.000,26:38.032,3,332.0,816.0,524.0,1062.0,820.0,851.0,1001.0,1116.0,1380.0,752.0,1518.0,954.0
48228,26:38.500,26:38.532,3,623.0,893.0,819.0,1165.0,-67.0,914.0,191.0,1185.0,1204.0,769.0,1343.0,981.0
48242,26:39.000,26:39.000,3,71.0,909.0,296.0,1171.0,664.0,914.0,856.0,1194.0,1252.0,821.0,1390.0,1027.0
48257,26:39.500,26:39.500,3,712.0,925.0,897.0,1199.0,135.0,930.0,351.0,1188.0,1293.0,834.0,1430.0,1042.0
48272,26:40.000,26:40.000,3,407.0,887.0,590.0,1135.0,912.0,905.0,1089.0,1172.0,1484.0,830.0,1626.0,1043.0
48287,26:40.500,26:40.500,3,864.0,1024.0,1044.0,1299.0,334.0,989.0,525.0,1253.0,1450.0,960.0,1590.0,1175.0
48302,26:41.000,26:41.000,3,851.0,1005.0,1032.0,1276.0,351.0,950.0,545.0,1205.0,1445.0,949.0,1581.0,1165.0
48317,26:41.500,26:41.500,3,268.0,964.0,462.0,1232.0,818.0,1002.0,1002.0,1283.0,1407.0,945.0,1549.0,1159.0
48332,26:42.000,26:42.000,3,960.0,964.0,1133.0,1231.0,434.0,931.0,609.0,1179.0,1525.0,896.0,1671.0,1119.0
48347,26:42.500,26:42.500,3,999.0,945.0,1175.0,1202.0,517.0,944.0,695.0,1187.0,1555.0,851.0,1700.0,1073.0
48362,26:43.000,26:43.000,3,1080.0,896.0,1252.0,1154.0,608.0,901.0,774.0,1133.0,1644.0,817.0,1798.0,1039.0
48377,26:43.500,26:43.502,3,1022.0,1005.0,1200.0,1258.0,526.0,987.0,696.0,1233.0,1582.0,927.0,1733.0,1147.0
48392,26:44.000,26:44.002,3,910.0,953.0,1091.0,1216.0,401.0,947.0,577.0,1203.0,1476.0,858.0,1625.0,1075.0
48407,26:44.500,26:44.502,3,1355.0,870.0,1544.0,1140.0,1962.0,834.0,2152.0,1082.0,918.0,839.0,1070.0,1061.0
48422,26:45.000,26:45.002,3,1214.0,1044.0,1413.0,1348.0,1868.0,1073.0,2049.0,1318.0,818.0,1001.0,987.0,1227.0
48437,26:45.500,26:45.502,3,1316.0,938.0,1507.0,1225.0,2056.0,1001.0,2258.0,1260.0,996.0,937.0,1160.0,1153.0
48452,26:46.000,26:46.002,3,1388.0,1092.0,1579.0,1374.0,1915.0,1109.0,2100.0,1365.0,877.0,1058.0,1044.0,1277.0
48467,26:46.500,26:46.502,3,1144.0,906.0,1319.0,1163.0,530.0,883.0,698.0,1122.0,1549.0,843.0,1699.0,1073.0
48482,26:47.000,26:47.002,3,1117.0,871.0,1291.0,1119.0,532.0,822.0,697.0,1055.0,1550.0,785.0,1698.0,1007.0
48497,26:47.500,26:47.503,2,1014.0,885.0,1185.0,1144.0,1476.0,794.0,1622.0,1010.0,,,,
48512,26:48.000,26:48.003,3,581.0,830.0,745.0,1069.0,1599.0,825.0,1731.0,1022.0,1145.0,871.0,1293.0,1102.0
48527,26:48.500,26:48.503,1,523.0,938.0,692.0,1176.0,,,,,,,,
48542,26:49.000,26:49.003,2,1080.0,885.0,1239.0,1137.0,565.0,898.0,708.0,1132.0,,,,
48557,26:49.500,26:49.503,1,1089.0,888.0,1247.0,1137.0,,,,,,,,
48572,26:50.000,26:50.003,2,143.0,1046.0,346.0,1319.0,763.0,991.0,941.0,1244.0,,,,
48587,26:50.500,26:50.503,3,238.0,1041.0,434.0,1313.0,816.0,956.0,972.0,1174.0,1342.0,914.0,1487.0,1138.0
48602,26:51.000,26:51.003,3,499.0,1023.0,671.0,1273.0,1023.0,986.0,1175.0,1204.0,1565.0,983.0,1713.0,1214.0
48617,26:51.500,26:51.503,3,292.0,1033.0,476.0,1299.0,879.0,994.0,1052.0,1244.0,1396.0,935.0,1538.0,1153.0
48632,26:52.000,26:52.005,3,827.0,802.0,999.0,1047.0,216.0,809.0,406.0,1065.0,1334.0,759.0,1475.0,966.0
48647,26:52.500,26:52.505,3,-2.0,918.0,215.0,1193.0,685.0,916.0,865.0,1166.0,1200.0,853.0,1335.0,1073.0
48662,26:53.000,26:53.005,3,123.0,920.0,327.0,1191.0,776.0,900.0,957.0,1160.0,1276.0,834.0,1415.0,1043.0
48678,26:53.500,26:53.530,3,1102.0,1000.0,1278.0,1244.0,570.0,978.0,734.0,1217.0,1607.0,925.0,1759.0,1144.0
48693,26:54.000,26:54.030,3,454.0,901.0,627.0,1138.0,1031.0,890.0,1196.0,1134.0,1511.0,793.0,1655.0,1010.0
48708,26:54.500,26:54.530,3,1400.0,966.0,1573.0,1222.0,1926.0,889.0,2099.0,1120.0,858.0,946.0,1009.0,1164.0
48723,26:55.000,26:55.030,3,1435.0,944.0,1619.0,1211.0,1985.0,893.0,2164.0,1134.0,904.0,884.0,1051.0,1095.0
48738,26:55.500,26:55.530,3,1549.0,937.0,1746.0,1219.0,2122.0,864.0,2323.0,1103.0,1009.0,917.0,1160.0,1130.0
48753,26:56.000,26:56.032,3,2150.0,900.0,2349.0,1143.0,1577.0,959.0,1787.0,1260.0,1029.0,915.0,1171.0,1129.0
48768,26:56.500,26:56.532,3,1561.0,923.0,1772.0,1225.0,2154.0,844.0,2356.0,1086.0,1035.0,908.0,1176.0,1126.0
48783,26:57.000,26:57.032,2,1689.0,753.0,1896.0,1033.0,1177.0,713.0,1326.0,930.0,,,,
48798,26:57.500,26:57.532,2,1657.0,920.0,1856.0,1200.0,1148.0,872.0,1305.0,1099.0,,,,
48813,26:58.000,26:58.032,2,1074.0,1246.0,1237.0,1497.0,1614.0,1318.0,1856.0,1518.0,,,,
48828,26:58.500,26:58.532,2,1745.0,618.0,1945.0,884.0,1194.0,624.0,1346.0,844.0,,,,
48843,26:59.000,26:59.032,2,1749.0,552.0,1959.0,829.0,1174.0,578.0,1329.0,795.0,,,,
48858,26:59.500,26:59.532,2,1735.0,853.0,1931.0,1107.0,1232.0,822.0,1383.0,1042.0,,,,
48873,27:00.000,27:00.032,2,1753.0,903.0,1940.0,1162.0,1239.0,864.0,1393.0,1085.0,,,,
48887,27:00.500,27:00.500,2,1610.0,862.0,1785.0,1106.0,1119.0,848.0,1275.0,1069.0,,,,
48902,27:01.000,27:01.000,3,2031.0,725.0,2220.0,965.0,1396.0,816.0,1563.0,1057.0,914.0,822.0,1071.0,1049.0
48917,27:01.500,27:01.500,3,1195.0,793.0,1352.0,1023.0,1768.0,731.0,1927.0,949.0,701.0,775.0,863.0,1001.0
48932,27:02.000,27:02.000,3,1790.0,843.0,1953.0,1069.0,1209.0,936.0,1371.0,1176.0,721.0,939.0,882.0,1171.0
48947,27:02.500,27:02.500,3,1393.0,931.0,1560.0,1169.0,2016.0,814.0,2201.0,1054.0,910.0,943.0,1065.0,1165.0
48962,27:03.000,27:03.000,3,2083.0,727.0,2274.0,964.0,1443.0,827.0,1610.0,1064.0,964.0,835.0,1112.0,1051.0
48977,27:03.500,27:03.500,3,1919.0,651.0,2095.0,881.0,1321.0,754.0,1484.0,987.0,840.0,776.0,993.0,994.0
48992,27:04.000,27:04.000,3,549.0,668.0,718.0,895.0,1077.0,638.0,1240.0,862.0,1614.0,523.0,1765.0,732.0
49007,27:04.500,27:04.502,3,428.0,725.0,607.0,969.0,1014.0,695.0,1182.0,935.0,1509.0,598.0,1655.0,807.0
49022,27:05.000,27:05.002,3,429.0,724.0,607.0,967.0,1054.0,705.0,1223.0,942.0,1513.0,603.0,1660.0,815.0
49037,27:05.500,27:05.502,3,1196.0,667.0,1359.0,895.0,585.0,674.0,752.0,899.0,1657.0,561.0,1809.0,777.0
49052,27:06.000,27:06.002,3,526.0,784.0,696.0,1015.0,1596.0,673.0,1746.0,888.0,1115.0,764.0,1278.0,986.0
49067,27:06.500,27:06.502,3,486.0,812.0,661.0,1049.0,1051.0,794.0,1224.0,1024.0,1568.0,720.0,1713.0,928.0
49082,27:07.000,27:07.002,3,470.0,844.0,644.0,1086.0,1050.0,840.0,1220.0,1067.0,1552.0,766.0,1698.0,977.0
49097,27:07.500,27:07.502,3,1130.0,804.0,1304.0,1046.0,590.0,794.0,753.0,1022.0,1660.0,751.0,1813.0,966.0
49113,27:08.000,27:08.002,3,1138.0,766.0,1309.0,1001.0,1665.0,715.0,1816.0,923.0,595.0,740.0,760.0,970.0
49128,27:08.500,27:08.502,3,597.0,908.0,763.0,1143.0,1144.0,927.0,1321.0,1185.0,1679.0,879.0,1834.0,1105.0
49143,27:09.000,27:09.003,3,1191.0,897.0,1365.0,1151.0,1729.0,863.0,1886.0,1082.0,654.0,859.0,816.0,1089.0
49158,27:09.500,27:09.503,2,504.0,1118.0,713.0,1413.0,1088.0,1084.0,1226.0,1311.0,,,,
49174,27:10.000,27:10.003,1,369.0,676.0,542.0,902.0,,,,,,,,
49190,27:10.500,27:10.503,2,601.0,555.0,760.0,770.0,-49.0,679.0,220.0,975.0,,,,
49205,27:11.000,27:11.003,2,576.0,641.0,779.0,895.0,1039.0,622.0,1191.0,793.0,,,,
49220,27:11.500,27:11.503,3,706.0,637.0,900.0,876.0,57.0,617.0,275.0,871.0,1158.0,612.0,1304.0,779.0
49235,27:12.000,27:12.003,3,62.0,633.0,278.0,890.0,711.0,648.0,903.0,892.0,1163.0,624.0,1315.0,797.0
49250,27:12.500,27:12.503,3,643.0,729.0,836.0,983.0,-29.0,696.0,186.0,965.0,1106.0,725.0,1253.0,891.0
49266,27:13.000,27:13.030,3,599.0,729.0,797.0,982.0,-87.0,702.0,126.0,970.0,1074.0,719.0,1220.0,895.0
49281,27:13.500,27:13.530,3,649.0,708.0,843.0,966.0,-33.0,672.0,185.0,944.0,1117.0,703.0,1257.0,882.0
49297,27:14.000,27:14.030,3,666.0,702.0,855.0,956.0,-4.0,671.0,210.0,932.0,1130.0,688.0,1272.0,870.0
49312,27:14.500,27:14.530,3,634.0,707.0,829.0,964.0,-59.0,679.0,171.0,951.0,1122.0,650.0,1263.0,849.0
49327,27:15.000,27:15.030,3,654.0,702.0,846.0,956.0,-20.0,668.0,191.0,935.0,1158.0,628.0,1301.0,834.0
49342,27:15.500,27:15.530,3,639.0,702.0,836.0,959.0,-32.0,664.0,189.0,937.0,1158.0,621.0,1302.0,830.0
49357,27:16.000,27:16.030,3,0.0,673.0,212.0,932.0,651.0,709.0,840.0,967.0,1181.0,624.0,1320.0,831.0
49372,27:16.500,27:16.530,3,359.0,674.0,547.0,918.0,914.0,689.0,1081.0,938.0,1426.0,604.0,1572.0,817.0
49387,27:17.000,27:17.030,3,1136.0,678.0,1303.0,917.0,1652.0,581.0,1808.0,802.0,623.0,667.0,786.0,891.0
49402,27:17.500,27:17.532,3,1025.0,1013.0,1199.0,1278.0,1534.0,960.0,1688.0,1185.0,470.0,983.0,652.0,1231.0
49417,27:18.000,27:18.032,2,1279.0,1253.0,1436.0,1500.0,70.0,1314.0,299.0,1521.0,,,,
49432,27:18.500,27:18.532,0,,,,,,,,,,,,
49447,27:19.000,27:19.032,0,,,,,,,,,,,,
49462,27:19.500,27:19.532,0,,,,,,,,,,,,
49477,27:20.000,27:20.032,0,,,,,,,,,,,,
49492,27:20.500,27:20.532,0,,,,,,,,,,,,
49507,27:21.000,27:21.032,3,1335.0,1182.0,1517.0,1451.0,1879.0,1164.0,2062.0,1413.0,803.0,1077.0,963.0,1321.0
49522,27:21.500,27:21.532,3,2051.0,936.0,2245.0,1181.0,1484.0,984.0,1668.0,1240.0,963.0,907.0,1116.0,1136.0
49536,27:22.000,27:22.000,3,1449.0,1014.0,1630.0,1281.0,2003.0,982.0,2196.0,1222.0,923.0,945.0,1079.0,1175.0
49551,27:22.500,27:22.500,3,1466.0,987.0,1647.0,1244.0,2022.0,937.0,2212.0,1181.0,942.0,922.0,1095.0,1138.0
49566,27:23.000,27:23.000,3,1498.0,994.0,1683.0,1254.0,2075.0,953.0,2269.0,1196.0,973.0,925.0,1130.0,1143.0
49581,27:23.500,27:23.500,3,2038.0,934.0,2228.0,1177.0,1471.0,985.0,1653.0,1244.0,943.0,917.0,1098.0,1136.0
49596,27:24.000,27:24.000,3,1397.0,1010.0,1576.0,1271.0,1950.0,966.0,2131.0,1204.0,837.0,948.0,989.0,1167.0
49611,27:24.500,27:24.500,3,1177.0,1106.0,1354.0,1371.0,1703.0,1058.0,1865.0,1293.0,618.0,1039.0,792.0,1270.0
49627,27:25.000,27:25.000,3,960.0,1209.0,1141.0,1473.0,1480.0,1120.0,1632.0,1356.0,345.0,1163.0,543.0,1426.0
49642,27:25.500,27:25.500,3,358.0,1062.0,548.0,1316.0,961.0,1099.0,1137.0,1359.0,1468.0,1017.0,1619.0,1246.0
49657,27:26.000,27:26.002,3,457.0,1003.0,639.0,1259.0,1065.0,1057.0,1239.0,1322.0,1570.0,976.0,1722.0,1213.0
49672,27:26.500,27:26.502,3,1325.0,932.0,1498.0,1188.0,1892.0,881.0,2065.0,1120.0,781.0,870.0,949.0,1090.0
49687,27:27.000,27:27.002,3,1929.0,898.0,2108.0,1139.0,1351.0,943.0,1525.0,1197.0,823.0,877.0,979.0,1095.0
49701,27:27.500,27:27.543,3,1857.0,890.0,2028.0,1129.0,1291.0,945.0,1464.0,1195.0,763.0,887.0,922.0,1106.0
49714,27:28.000,27:28.035,3,1980.0,923.0,2167.0,1172.0,1392.0,971.0,1570.0,1227.0,869.0,907.0,1025.0,1126.0
49729,27:28.500,27:28.502,3,1368.0,1078.0,1549.0,1346.0,1939.0,1045.0,2122.0,1289.0,821.0,1012.0,981.0,1236.0
49744,27:29.000,27:29.002,2,630.0,975.0,826.0,1246.0,1156.0,851.0,1298.0,1070.0,,,,
49756,27:29.500,27:29.502,3,737.0,912.0,901.0,1132.0,1827.0,853.0,1996.0,1082.0,1293.0,932.0,1466.0,1186.0
49771,27:30.000,27:30.037,3,2090.0,910.0,2286.0,1156.0,1490.0,938.0,1673.0,1197.0,962.0,878.0,1116.0,1088.0
49786,27:30.500,27:30.503,3,1786.0,790.0,1950.0,1019.0,1238.0,869.0,1411.0,1121.0,714.0,843.0,875.0,1066.0
49797,27:31.000,27:31.003,3,1788.0,776.0,1953.0,1010.0,1240.0,851.0,1415.0,1105.0,696.0,811.0,855.0,1035.0
49812,27:31.500,27:31.503,3,596.0,827.0,761.0,1054.0,1165.0,860.0,1337.0,1109.0,1694.0,787.0,1853.0,1012.0
49827,27:32.000,27:32.003,3,1141.0,949.0,1317.0,1208.0,1662.0,879.0,1820.0,1108.0,563.0,922.0,727.0,1148.0
49842,27:32.500,27:32.503,3,601.0,813.0,764.0,1041.0,1170.0,833.0,1343.0,1081.0,1697.0,762.0,1860.0,985.0
49857,27:33.000,27:33.003,3,1183.0,790.0,1355.0,1032.0,601.0,758.0,765.0,976.0,1695.0,733.0,1858.0,957.0
49873,27:33.500,27:33.528,3,1051.0,953.0,1218.0,1195.0,447.0,893.0,621.0,1126.0,1539.0,905.0,1691.0,1124.0
49888,27:34.000,27:34.028,3,411.0,1095.0,591.0,1342.0,1016.0,1141.0,1189.0,1415.0,1524.0,1085.0,1677.0,1312.0
49904,27:34.500,27:34.530,3,1169.0,756.0,1336.0,995.0,616.0,693.0,780.0,912.0,1670.0,693.0,1824.0,903.0
49919,27:35.000,27:35.030,3,1151.0,191.0,1328.0,450.0,563.0,125.0,743.0,380.0,1676.0,107.0,1842.0,337.0
49935,27:35.500,27:35.530,3,1186.0,329.0,1359.0,581.0,612.0,269.0,790.0,516.0,1707.0,273.0,1870.0,491.0
49950,27:36.000,27:36.030,3,1207.0,469.0,1376.0,713.0,646.0,412.0,815.0,644.0,1712.0,422.0,1865.0,621.0
49965,27:36.500,27:36.530,3,1394.0,748.0,1574.0,996.0,856.0,699.0,1013.0,912.0,1915.0,679.0,2074.0,887.0
49980,27:37.000,27:37.030,3,1508.0,897.0,1688.0,1153.0,976.0,839.0,1124.0,1074.0,2076.0,847.0,2250.0,1063.0
49995,27:37.500,27:37.530,3,1527.0,1032.0,1713.0,1302.0,2139.0,1021.0,2332.0,1250.0,1001.0,966.0,1150.0,1200.0
50010,27:38.000,27:38.030,3,1529.0,967.0,1711.0,1238.0,2148.0,952.0,2344.0,1193.0,1009.0,895.0,1157.0,1130.0
50025,27:38.500,27:38.530,3,976.0,871.0,1127.0,1106.0,1496.0,925.0,1676.0,1187.0,2094.0,915.0,2289.0,1149.0
50040,27:39.000,27:39.032,3,2075.0,834.0,2266.0,1072.0,1478.0,868.0,1657.0,1123.0,970.0,820.0,1119.0,1027.0
50055,27:39.500,27:39.532,3,1945.0,786.0,2122.0,1018.0,1373.0,844.0,1547.0,1089.0,864.0,805.0,1018.0,1017.0
50070,27:40.000,27:40.032,3,607.0,794.0,774.0,1014.0,1138.0,798.0,1305.0,1042.0,1663.0,708.0,1816.0,922.0
50085,27:40.500,27:40.532,3,1214.0,663.0,1379.0,899.0,675.0,646.0,837.0,867.0,1748.0,587.0,1909.0,803.0
50100,27:41.000,27:41.032,3,1189.0,568.0,1356.0,806.0,646.0,548.0,812.0,775.0,1727.0,475.0,1883.0,691.0
50115,27:41.500,27:41.532,3,603.0,334.0,776.0,584.0,1165.0,361.0,1334.0,614.0,1716.0,271.0,1878.0,500.0
50130,27:42.000,27:42.032,3,1168.0,222.0,1346.0,485.0,596.0,193.0,775.0,459.0,1744.0,145.0,1909.0,373.0
50145,27:42.500,27:42.532,3,596.0,177.0,778.0,446.0,1169.0,198.0,1346.0,464.0,1745.0,114.0,1915.0,345.0
50159,27:43.000,27:43.000,3,598.0,183.0,782.0,455.0,1170.0,209.0,1347.0,472.0,1746.0,119.0,1914.0,356.0
50174,27:43.500,27:43.500,3,594.0,191.0,776.0,459.0,1168.0,215.0,1343.0,476.0,1737.0,128.0,1905.0,359.0
50189,27:44.000,27:44.000,3,593.0,204.0,774.0,467.0,1170.0,218.0,1346.0,485.0,1732.0,140.0,1900.0,370.0
50204,27:44.500,27:44.500,3,597.0,202.0,777.0,461.0,1167.0,220.0,1341.0,484.0,1737.0,141.0,1904.0,369.0
50219,27:45.000,27:45.000,3,590.0,187.0,774.0,455.0,1169.0,210.0,1342.0,474.0,1731.0,123.0,1900.0,356.0
50234,27:45.500,27:45.500,3,587.0,188.0,770.0,450.0,1166.0,213.0,1338.0,470.0,1730.0,126.0,1899.0,357.0
50249,27:46.000,27:46.000,3,562.0,194.0,743.0,454.0,1157.0,212.0,1330.0,472.0,1727.0,125.0,1895.0,357.0
50264,27:46.500,27:46.500,3,583.0,183.0,766.0,453.0,1166.0,211.0,1342.0,471.0,1728.0,122.0,1898.0,355.0
50279,27:47.000,27:47.000,3,599.0,178.0,781.0,450.0,1161.0,217.0,1335.0,473.0,1730.0,128.0,1900.0,359.0
50294,27:47.500,27:47.502,3,1169.0,221.0,1345.0,494.0,601.0,183.0,782.0,461.0,1733.0,141.0,1901.0,370.0
50309,27:48.000,27:48.002,3,599.0,181.0,782.0,457.0,1181.0,215.0,1356.0,492.0,1734.0,139.0,1901.0,369.0
50324,27:48.500,27:48.502,3,604.0,178.0,787.0,456.0,1183.0,212.0,1359.0,497.0,1733.0,138.0,1900.0,366.0
50339,27:49.000,27:49.002,3,587.0,180.0,768.0,459.0,1181.0,212.0,1358.0,462.0,1732.0,136.0,1899.0,366.0
50354,27:49.500,27:49.502,3,1193.0,222.0,1371.0,484.0,596.0,180.0,778.0,462.0,1733.0,143.0,1900.0,372.0
50369,27:50.000,27:50.002,3,582.0,181.0,758.0,446.0,1197.0,218.0,1372.0,490.0,1735.0,141.0,1901.0,368.0
50384,27:50.500,27:50.502,3,583.0,190.0,762.0,454.0,1189.0,211.0,1367.0,486.0,1733.0,136.0,1901.0,365.0
50398,27:51.000,27:51.002,3,1192.0,217.0,1369.0,497.0,584.0,200.0,764.0,465.0,1734.0,146.0,1901.0,375.0
50413,27:51.500,27:51.503,3,1196.0,233.0,1373.0,511.0,593.0,214.0,772.0,477.0,1739.0,159.0,1903.0,390.0
50428,27:52.000,27:52.003,3,1196.0,481.0,1364.0,743.0,1709.0,417.0,1869.0,641.0,617.0,451.0,784.0,706.0
50443,27:52.500,27:52.503,3,1095.0,741.0,1262.0,988.0,522.0,690.0,690.0,921.0,1593.0,673.0,1740.0,887.0
50458,27:53.000,27:53.003,3,56.0,736.0,271.0,990.0,723.0,784.0,905.0,1060.0,1229.0,737.0,1363.0,936.0
50473,27:53.500,27:53.503,1,499.0,724.0,661.0,943.0,,,,,,,,
50489,27:54.000,27:54.028,2,593.0,715.0,746.0,924.0,-114.0,754.0,139.0,1081.0,,,,
50504,27:54.500,27:54.528,3,1628.0,870.0,1821.0,1126.0,1130.0,807.0,1274.0,1011.0,2272.0,765.0,2473.0,1008.0
50517,27:55.000,27:55.003,3,1595.0,971.0,1785.0,1233.0,1081.0,893.0,1231.0,1107.0,2230.0,901.0,2425.0,1129.0
50534,27:55.500,27:55.528,2,1700.0,1007.0,1905.0,1276.0,1149.0,972.0,1307.0,1191.0,,,,
50549,27:56.000,27:56.030,2,1715.0,1103.0,1924.0,1393.0,1153.0,1038.0,1314.0,1268.0,,,,
50563,27:56.500,27:56.530,3,1607.0,1062.0,1801.0,1337.0,1084.0,1007.0,1239.0,1227.0,2257.0,982.0,2432.0,1178.0
50577,27:57.000,27:57.005,3,1453.0,873.0,1632.0,1123.0,942.0,848.0,1102.0,1065.0,2045.0,767.0,2227.0,952.0
50593,27:57.500,27:57.530,3,1283.0,874.0,1455.0,1120.0,761.0,842.0,926.0,1067.0,1842.0,810.0,2013.0,1034.0
50607,27:58.000,27:58.030,3,2073.0,867.0,2264.0,1107.0,1457.0,912.0,1634.0,1169.0,953.0,873.0,1107.0,1093.0
50622,27:58.500,27:58.530,3,1563.0,974.0,1747.0,1233.0,1039.0,919.0,1198.0,1143.0,2225.0,927.0,2430.0,1181.0
50637,27:59.000,27:59.030,3,1553.0,987.0,1738.0,1258.0,2203.0,926.0,2411.0,1179.0,991.0,960.0,1142.0,1171.0
50652,27:59.500,27:59.530,3,1539.0,1005.0,1729.0,1266.0,2197.0,966.0,2398.0,1216.0,905.0,949.0,1048.0,1159.0
50667,28:00.000,28:00.032,3,1024.0,852.0,1192.0,1055.0,1595.0,969.0,1788.0,1222.0,2254.0,888.0,2451.0,1129.0
50682,28:00.500,28:00.532,3,2089.0,858.0,2286.0,1098.0,1476.0,976.0,1663.0,1226.0,978.0,863.0,1143.0,1078.0
50697,28:01.000,28:01.032,3,422.0,945.0,602.0,1183.0,1001.0,1025.0,1181.0,1282.0,1526.0,913.0,1680.0,1141.0
50712,28:01.500,28:01.532,2,1306.0,1113.0,1457.0,1331.0,769.0,1270.0,970.0,1510.0,,,,
50727,28:02.000,28:02.032,3,261.0,1083.0,436.0,1318.0,884.0,1003.0,1067.0,1262.0,1404.0,879.0,1551.0,1098.0
50742,28:02.500,28:02.532,3,890.0,851.0,1066.0,1099.0,345.0,895.0,512.0,1129.0,1403.0,743.0,1553.0,961.0
50757,28:03.000,28:03.032,3,241.0,953.0,430.0,1207.0,807.0,905.0,991.0,1163.0,1326.0,787.0,1467.0,1000.0
50772,28:03.500,28:03.532,3,179.0,999.0,377.0,1260.0,803.0,949.0,987.0,1209.0,1318.0,817.0,1461.0,1028.0
50787,28:04.000,28:04.032,3,776.0,948.0,962.0,1212.0,136.0,985.0,343.0,1246.0,1301.0,819.0,1440.0,1032.0
50801,28:04.500,28:04.500,3,171.0,953.0,370.0,1211.0,793.0,920.0,978.0,1187.0,1307.0,815.0,1454.0,1027.0
50816,28:05.000,28:05.000,3,713.0,939.0,905.0,1208.0,104.0,1003.0,317.0,1275.0,1238.0,815.0,1383.0,1018.0
50831,28:05.500,28:05.500,3,780.0,938.0,967.0,1190.0,143.0,1008.0,341.0,1276.0,1292.0,785.0,1434.0,991.0
50846,28:06.000,28:06.000,3,1120.0,830.0,1299.0,1074.0,576.0,829.0,738.0,1062.0,1640.0,711.0,1800.0,931.0
50861,28:06.500,28:06.500,3,1394.0,858.0,1575.0,1095.0,1975.0,728.0,2158.0,963.0,877.0,847.0,1024.0,1045.0
50876,28:07.000,28:07.000,3,1445.0,887.0,1628.0,1137.0,2046.0,782.0,2236.0,1025.0,922.0,868.0,1073.0,1078.0
50891,28:07.500,28:07.500,3,1276.0,896.0,1451.0,1139.0,1840.0,823.0,2008.0,1043.0,761.0,849.0,915.0,1068.0
50906,28:08.000,28:08.000,3,920.0,911.0,1100.0,1162.0,355.0,879.0,542.0,1126.0,1453.0,834.0,1596.0,1045.0
50921,28:08.500,28:08.502,3,783.0,943.0,1001.0,1191.0,175.0,924.0,386.0,1183.0,1367.0,836.0,1510.0,1044.0
50936,28:09.000,28:09.002,3,707.0,1086.0,959.0,1311.0,77.0,1087.0,287.0,1348.0,1338.0,918.0,1487.0,1140.0
50951,28:09.500,28:09.502,3,683.0,990.0,928.0,1210.0,1315.0,840.0,1455.0,1057.0,-70.0,1032.0,134.0,1271.0
50966,28:10.000,28:10.002,3,647.0,909.0,898.0,1133.0,-61.0,927.0,163.0,1193.0,1275.0,783.0,1415.0,985.0
50981,28:10.500,28:10.502,2,372.0,984.0,619.0,1231.0,996.0,887.0,1135.0,1082.0,,,,
50996,28:11.000,28:11.002,2,418.0,992.0,634.0,1240.0,1002.0,896.0,1140.0,1106.0,,,,
51011,28:11.500,28:11.502,2,474.0,1004.0,689.0,1262.0,1015.0,906.0,1153.0,1127.0,,,,
51026,28:12.000,28:12.002,2,587.0,1005.0,803.0,1269.0,1072.0,895.0,1209.0,1113.0,,,,
51041,28:12.500,28:12.502,2,631.0,1014.0,846.0,1265.0,1109.0,897.0,1244.0,1098.0,,,,
51056,28:13.000,28:13.003,2,655.0,974.0,864.0,1229.0,1141.0,872.0,1277.0,1074.0,,,,
51071,28:13.500,28:13.503,2,629.0,925.0,824.0,1184.0,1148.0,840.0,1284.0,1038.0,,,,
51087,28:14.000,28:14.028,2,682.0,754.0,870.0,996.0,1209.0,693.0,1348.0,887.0,,,,
51102,28:14.500,28:14.528,3,691.0,726.0,884.0,963.0,-67.0,655.0,151.0,918.0,1245.0,700.0,1382.0,893.0
51117,28:15.000,28:15.028,3,54.0,835.0,257.0,1096.0,731.0,878.0,942.0,1105.0,1310.0,824.0,1446.0,1022.0
51132,28:15.500,28:15.528,3,1260.0,944.0,1482.0,1160.0,791.0,882.0,940.0,1097.0,1931.0,874.0,2110.0,1103.0
51147,28:16.000,28:16.028,3,2068.0,1024.0,2262.0,1262.0,1323.0,1067.0,1553.0,1285.0,893.0,963.0,1040.0,1176.0
51162,28:16.500,28:16.528,3,1255.0,1043.0,1482.0,1268.0,1931.0,1002.0,2109.0,1234.0,806.0,965.0,952.0,1173.0
51177,28:17.000,28:17.028,3,1203.0,972.0,1410.0,1180.0,1808.0,926.0,1975.0,1158.0,702.0,912.0,845.0,1127.0
51192,28:17.500,28:17.530,3,531.0,870.0,697.0,1090.0,1123.0,898.0,1309.0,1119.0,1662.0,856.0,1818.0,1078.0
51207,28:18.000,28:18.030,3,467.0,936.0,641.0,1162.0,1121.0,908.0,1292.0,1135.0,1610.0,826.0,1761.0,1040.0
51222,28:18.500,28:18.530,3,386.0,1001.0,571.0,1229.0,1113.0,951.0,1289.0,1186.0,1558.0,829.0,1705.0,1042.0
51237,28:19.000,28:19.030,3,386.0,900.0,560.0,1134.0,1104.0,944.0,1304.0,1169.0,1521.0,841.0,1671.0,1056.0
51252,28:19.500,28:19.530,3,1045.0,954.0,1247.0,1181.0,335.0,894.0,521.0,1139.0,1451.0,837.0,1598.0,1065.0
51267,28:20.000,28:20.030,3,1424.0,945.0,1637.0,1171.0,1875.0,836.0,2050.0,1072.0,780.0,874.0,931.0,1085.0
51282,28:20.500,28:20.530,3,1450.0,949.0,1652.0,1178.0,1956.0,881.0,2136.0,1114.0,846.0,882.0,994.0,1092.0
51297,28:21.000,28:21.030,3,122.0,822.0,338.0,1075.0,824.0,1007.0,1007.0,1239.0,1305.0,1005.0,1447.0,1232.0
51312,28:21.500,28:21.532,3,553.0,901.0,724.0,1129.0,1118.0,1113.0,1290.0,1351.0,1616.0,1177.0,1763.0,1399.0
51327,28:22.000,28:22.032,3,346.0,818.0,526.0,1067.0,968.0,954.0,1135.0,1177.0,1466.0,951.0,1605.0,1160.0
51342,28:22.500,28:22.532,3,107.0,1281.0,343.0,1515.0,751.0,1090.0,998.0,1301.0,1298.0,800.0,1442.0,988.0
51357,28:23.000,28:23.032,3,619.0,1187.0,795.0,1426.0,1729.0,846.0,1894.0,1062.0,1107.0,1132.0,1354.0,1339.0
51372,28:23.500,28:23.532,3,1963.0,765.0,2148.0,993.0,1292.0,987.0,1520.0,1181.0,813.0,980.0,965.0,1197.0
51387,28:24.000,28:24.032,3,2185.0,837.0,2392.0,1080.0,1457.0,938.0,1687.0,1157.0,947.0,901.0,1091.0,1101.0
51402,28:24.500,28:24.532,2,1612.0,962.0,1827.0,1195.0,1058.0,918.0,1200.0,1135.0,,,,
51417,28:25.000,28:25.032,3,264.0,1038.0,451.0,1285.0,949.0,1010.0,1123.0,1253.0,1465.0,937.0,1613.0,1158.0
51432,28:25.500,28:25.532,3,113.0,956.0,316.0,1213.0,873.0,918.0,1048.0,1167.0,1373.0,837.0,1513.0,1047.0
51446,28:26.000,28:26.000,3,509.0,817.0,676.0,1028.0,1179.0,813.0,1352.0,1049.0,1683.0,740.0,1840.0,960.0
51461,28:26.500,28:26.500,3,1423.0,912.0,1618.0,1142.0,1948.0,858.0,2131.0,1088.0,762.0,855.0,909.0,1052.0
51476,28:27.000,28:27.000,3,1056.0,905.0,1255.0,1135.0,238.0,859.0,420.0,1082.0,1489.0,843.0,1635.0,1056.0
51491,28:27.500,28:27.500,3,48.0,843.0,257.0,1098.0,916.0,889.0,1091.0,1119.0,1348.0,837.0,1487.0,1040.0
51506,28:28.000,28:28.000,3,855.0,863.0,1028.0,1077.0,93.0,814.0,302.0,1058.0,1334.0,820.0,1474.0,1023.0
51521,28:28.500,28:28.500,3,735.0,904.0,943.0,1130.0,44.0,866.0,253.0,1114.0,1317.0,846.0,1456.0,1077.0
51536,28:29.000,28:29.000,3,674.0,839.0,903.0,1049.0,39.0,747.0,251.0,992.0,1319.0,771.0,1456.0,974.0
51551,28:29.500,28:29.500,3,56.0,815.0,261.0,1057.0,681.0,892.0,916.0,1120.0,1328.0,821.0,1464.0,1037.0
51566,28:30.000,28:30.002,3,68.0,822.0,275.0,1059.0,719.0,891.0,946.0,1118.0,1333.0,823.0,1472.0,1038.0
51581,28:30.500,28:30.502,3,1877.0,906.0,2052.0,1143.0,1304.0,955.0,1482.0,1199.0,727.0,912.0,878.0,1120.0
51596,28:31.000,28:31.002,3,1623.0,1049.0,1823.0,1312.0,2243.0,1033.0,2457.0,1283.0,1002.0,984.0,1145.0,1192.0
51611,28:31.500,28:31.502,2,1746.0,942.0,1985.0,1179.0,1100.0,811.0,1242.0,1009.0,,,,
51626,28:32.000,28:32.002,3,1672.0,662.0,1913.0,893.0,2240.0,600.0,2444.0,844.0,993.0,546.0,1139.0,752.0
51641,28:32.500,28:32.502,2,1736.0,757.0,1981.0,988.0,1058.0,633.0,1198.0,836.0,,,,
51656,28:33.000,28:33.002,3,1663.0,982.0,1895.0,1223.0,1024.0,821.0,1159.0,1027.0,2266.0,997.0,2472.0,1252.0
51671,28:33.500,28:33.502,3,2131.0,1005.0,2331.0,1250.0,1533.0,964.0,1722.0,1220.0,942.0,834.0,1078.0,1038.0
51687,28:34.000,28:34.027,3,1382.0,648.0,1555.0,879.0,1957.0,648.0,2138.0,879.0,805.0,541.0,948.0,749.0
51703,28:34.500,28:34.528,3,1789.0,175.0,1961.0,413.0,541.0,171.0,711.0,416.0,1104.0,261.0,1330.0,481.0
51718,28:35.000,28:35.028,3,1747.0,617.0,1910.0,835.0,600.0,624.0,757.0,847.0,1094.0,710.0,1313.0,917.0
51733,28:35.500,28:35.528,3,1304.0,1035.0,1519.0,1281.0,1960.0,995.0,2148.0,1236.0,790.0,985.0,939.0,1201.0
51748,28:36.000,28:36.028,3,2031.0,1155.0,2230.0,1412.0,1418.0,1159.0,1608.0,1434.0,836.0,1079.0,983.0,1319.0
51763,28:36.500,28:36.528,3,1783.0,1004.0,1951.0,1246.0,1257.0,1025.0,1441.0,1283.0,648.0,948.0,800.0,1173.0
51778,28:37.000,28:37.028,3,1461.0,579.0,1672.0,794.0,1977.0,557.0,2155.0,794.0,830.0,417.0,974.0,638.0
51793,28:37.500,28:37.528,0,,,,,,,,,,,,
51808,28:38.000,28:38.028,0,,,,,,,,,,,,
51823,28:38.500,28:38.530,0,,,,,,,,,,,,
51838,28:39.000,28:39.030,3,1224.0,626.0,1424.0,854.0,1843.0,511.0,2015.0,734.0,702.0,614.0,858.0,832.0
51853,28:39.500,28:39.530,2,345.0,126.0,555.0,377.0,901.0,128.0,1160.0,352.0,,,,
51868,28:40.000,28:40.030,2,978.0,83.0,1192.0,317.0,354.0,52.0,570.0,322.0,,,,
51883,28:40.500,28:40.530,3,1687.0,662.0,1843.0,880.0,1169.0,744.0,1338.0,974.0,560.0,753.0,720.0,965.0
51898,28:41.000,28:41.030,3,290.0,1159.0,517.0,1386.0,979.0,811.0,1146.0,1027.0,1307.0,530.0,1464.0,716.0
51913,28:41.500,28:41.530,2,655.0,833.0,836.0,1044.0,851.0,490.0,1045.0,661.0,,,,
51928,28:42.000,28:42.030,3,315.0,708.0,508.0,948.0,909.0,742.0,1077.0,962.0,1408.0,688.0,1548.0,894.0
51943,28:42.500,28:42.530,2,1731.0,726.0,1925.0,981.0,1382.0,426.0,1579.0,605.0,,,,
51958,28:43.000,28:43.032,2,1658.0,875.0,1869.0,1112.0,1245.0,548.0,1381.0,753.0,,,,
51973,28:43.500,28:43.532,0,,,,,,,,,,,,
51988,28:44.000,28:44.032,0,,,,,,,,,,,,
52004,28:44.500,28:44.532,2,-15.0,1091.0,221.0,1361.0,346.0,788.0,560.0,979.0,,,,
52019,28:45.000,28:45.032,2,724.0,1188.0,911.0,1426.0,1082.0,1014.0,1233.0,1213.0,,,,
52034,28:45.500,28:45.532,1,661.0,1132.0,833.0,1362.0,,,,,,,,
52049,28:46.000,28:46.032,1,1727.0,539.0,1905.0,759.0,,,,,,,,
52064,28:46.500,28:46.532,2,934.0,1094.0,1086.0,1304.0,1546.0,1337.0,1780.0,1513.0,,,,
52078,28:47.000,28:47.000,1,1408.0,1263.0,1558.0,1492.0,,,,,,,,
52093,28:47.500,28:47.500,1,398.0,237.0,590.0,459.0,,,,,,,,
52108,28:48.000,28:48.000,3,87.0,958.0,294.0,1214.0,809.0,894.0,991.0,1142.0,1305.0,772.0,1446.0,978.0
52123,28:48.500,28:48.500,2,1558.0,487.0,1716.0,702.0,2220.0,669.0,2475.0,960.0,,,,
52138,28:49.000,28:49.000,3,353.0,1043.0,529.0,1283.0,1000.0,1080.0,1175.0,1342.0,1510.0,1014.0,1660.0,1233.0
52153,28:49.500,28:49.500,1,67.0,876.0,273.0,1124.0,,,,,,,,
52168,28:50.000,28:50.000,3,2067.0,709.0,2258.0,949.0,1481.0,775.0,1657.0,1015.0,919.0,742.0,1062.0,944.0
52183,28:50.500,28:50.500,3,1980.0,877.0,2164.0,1118.0,1422.0,950.0,1597.0,1196.0,836.0,929.0,981.0,1144.0
52198,28:51.000,28:51.000,3,2003.0,780.0,2189.0,1019.0,1433.0,856.0,1609.0,1096.0,847.0,834.0,992.0,1045.0
52213,28:51.500,28:51.502,3,1322.0,684.0,1492.0,919.0,1867.0,619.0,2037.0,849.0,752.0,652.0,903.0,868.0
52228,28:52.000,28:52.002,3,1263.0,713.0,1429.0,948.0,1793.0,656.0,1954.0,878.0,706.0,683.0,862.0,899.0
52243,28:52.500,28:52.502,3,1240.0,793.0,1409.0,1037.0,1774.0,745.0,1937.0,967.0,691.0,766.0,846.0,978.0
52258,28:53.000,28:53.002,3,1243.0,840.0,1410.0,1078.0,1794.0,797.0,1957.0,1024.0,692.0,801.0,848.0,1020.0
52273,28:53.500,28:53.502,3,1844.0,807.0,2012.0,1035.0,1270.0,858.0,1441.0,1087.0,733.0,810.0,887.0,1029.0
52288,28:54.000,28:54.002,3,1497.0,913.0,1703.0,1144.0,2203.0,864.0,2402.0,1108.0,1012.0,861.0,1154.0,1075.0
52303,28:54.500,28:54.502,2,1559.0,931.0,1765.0,1174.0,1064.0,883.0,1205.0,1102.0,,,,
52319,28:55.000,28:55.027,2,1608.0,916.0,1795.0,1168.0,1077.0,871.0,1222.0,1083.0,,,,
52334,28:55.500,28:55.528,2,1659.0,906.0,1853.0,1162.0,1061.0,854.0,1206.0,1062.0,,,,
52349,28:56.000,28:56.028,2,1692.0,920.0,1893.0,1168.0,1078.0,865.0,1221.0,1078.0,,,,
52364,28:56.500,28:56.528,2,1625.0,881.0,1815.0,1134.0,1044.0,858.0,1189.0,1066.0,,,,
52379,28:57.000,28:57.028,2,1648.0,828.0,1838.0,1079.0,1074.0,802.0,1217.0,1015.0,,,,
52394,28:57.500,28:57.528,3,1617.0,795.0,1804.0,1047.0,1033.0,792.0,1175.0,998.0,2260.0,727.0,2461.0,973.0
52409,28:58.000,28:58.028,3,1609.0,807.0,1798.0,1061.0,2249.0,741.0,2455.0,982.0,1033.0,817.0,1177.0,1021.0
52424,28:58.500,28:58.528,3,2104.0,733.0,2298.0,971.0,1504.0,814.0,1681.0,1055.0,935.0,825.0,1081.0,1028.0
52439,28:59.000,28:59.028,3,1492.0,823.0,1671.0,1070.0,2089.0,743.0,2284.0,978.0,924.0,834.0,1074.0,1040.0
52454,28:59.500,28:59.528,3,1918.0,721.0,2093.0,952.0,1355.0,797.0,1527.0,1035.0,788.0,791.0,937.0,1000.0
52469,29:00.000,29:00.030,3,1929.0,641.0,2108.0,877.0,1367.0,713.0,1537.0,953.0,792.0,703.0,941.0,908.0
52484,29:00.500,29:00.530,3,1426.0,763.0,1598.0,1002.0,2007.0,685.0,2195.0,919.0,849.0,750.0,999.0,959.0
52499,29:01.000,29:01.030,3,2058.0,771.0,2247.0,1013.0,1464.0,850.0,1642.0,1094.0,882.0,830.0,1025.0,1040.0
52514,29:01.500,29:01.530,3,1976.0,757.0,2158.0,992.0,1405.0,853.0,1582.0,1096.0,812.0,848.0,957.0,1061.0
52529,29:02.000,29:02.030,3,1542.0,898.0,1723.0,1151.0,2154.0,824.0,2355.0,1073.0,968.0,888.0,1106.0,1100.0
52544,29:02.500,29:02.530,3,1591.0,945.0,1779.0,1200.0,2230.0,889.0,2436.0,1137.0,1005.0,927.0,1145.0,1142.0
52559,29:03.000,29:03.030,3,1604.0,922.0,1795.0,1183.0,2251.0,869.0,2446.0,1106.0,1018.0,905.0,1158.0,1117.0
52574,29:03.500,29:03.530,3,1609.0,914.0,1796.0,1171.0,2252.0,853.0,2459.0,1100.0,1028.0,900.0,1170.0,1108.0
52589,29:04.000,29:04.030,3,1617.0,907.0,1803.0,1161.0,1031.0,896.0,1172.0,1106.0,2263.0,842.0,2458.0,1087.0
52604,29:04.500,29:04.532,3,1630.0,917.0,1817.0,1171.0,1038.0,891.0,1178.0,1096.0,2273.0,844.0,2477.0,1096.0
52619,29:05.000,29:05.032,3,1603.0,919.0,1791.0,1174.0,2230.0,837.0,2429.0,1083.0,1011.0,899.0,1153.0,1104.0
52634,29:05.500,29:05.532,3,1399.0,898.0,1572.0,1141.0,1952.0,806.0,2134.0,1040.0,798.0,895.0,945.0,1103.0
52649,29:06.000,29:06.032,3,2097.0,829.0,2292.0,1073.0,1508.0,906.0,1687.0,1157.0,923.0,892.0,1066.0,1098.0
52664,29:06.500,29:06.532,3,2053.0,835.0,2241.0,1078.0,1466.0,916.0,1648.0,1167.0,892.0,919.0,1035.0,1128.0
52679,29:07.000,29:07.032,3,1694.0,899.0,1854.0,1121.0,1176.0,1004.0,1348.0,1249.0,552.0,1055.0,720.0,1278.0
52694,29:07.500,29:07.532,2,695.0,1133.0,897.0,1380.0,1185.0,898.0,1331.0,1100.0,,,,
52709,29:08.000,29:08.032,2,750.0,1207.0,945.0,1479.0,1252.0,1031.0,1398.0,1244.0,,,,
52723,29:08.500,29:08.500,3,1139.0,1115.0,1318.0,1382.0,473.0,1147.0,642.0,1397.0,1651.0,1026.0,1808.0,1254.0
52738,29:09.000,29:09.000,3,1611.0,959.0,1803.0,1227.0,1003.0,949.0,1145.0,1155.0,2250.0,920.0,2464.0,1169.0
52753,29:09.500,29:09.500,3,1320.0,1019.0,1495.0,1274.0,1871.0,947.0,2047.0,1189.0,726.0,997.0,885.0,1225.0
52768,29:10.000,29:10.000,3,308.0,1010.0,494.0,1260.0,987.0,989.0,1162.0,1250.0,1483.0,911.0,1634.0,1137.0
52783,29:10.500,29:10.500,2,242.0,1244.0,483.0,1516.0,812.0,1058.0,967.0,1273.0,,,,
52798,29:11.000,29:11.000,3,1226.0,1005.0,1397.0,1257.0,586.0,1019.0,751.0,1253.0,1692.0,966.0,1853.0,1169.0
52813,29:11.500,29:11.500,2,1647.0,952.0,1843.0,1228.0,1059.0,912.0,1201.0,1127.0,,,,
52828,29:12.000,29:12.000,2,1697.0,936.0,1896.0,1206.0,1118.0,894.0,1260.0,1109.0,,,,
52843,29:12.500,29:12.500,3,1641.0,922.0,1830.0,1184.0,1076.0,886.0,1216.0,1095.0,2271.0,990.0,2464.0,1214.0
52858,29:13.000,29:13.002,3,1507.0,911.0,1686.0,1168.0,955.0,886.0,1097.0,1102.0,2096.0,928.0,2295.0,1169.0
52873,29:13.500,29:13.502,3,1267.0,902.0,1439.0,1155.0,691.0,895.0,842.0,1111.0,1794.0,888.0,1964.0,1123.0
52888,29:14.000,29:14.002,3,481.0,908.0,648.0,1142.0,1106.0,923.0,1277.0,1174.0,1624.0,882.0,1777.0,1103.0
52903,29:14.500,29:14.502,3,488.0,299.0,664.0,543.0,1117.0,324.0,1289.0,575.0,1683.0,249.0,1847.0,488.0
52919,29:15.000,29:15.027,0,,,,,,,,,,,,
