frame,time,actual_video_time,faces_detected_count,face_0_tl_x,face_0_tl_y,face_0_br_x,face_0_br_y,face_1_tl_x,face_1_tl_y,face_1_br_x,face_1_br_y,face_2_tl_x,face_2_tl_y,face_2_br_x,face_2_br_y
45341,25:03.000,25:03.025,3,731.0,992.0,927.0,1265.0,8.0,958.0,254.0,1263.0,1273.0,872.0,1418.0,1093.0
45356,25:03.500,25:03.525,3,685.0,1005.0,886.0,1278.0,-48.0,988.0,207.0,1312.0,1225.0,873.0,1371.0,1083.0
45371,25:04.000,25:04.025,3,802.0,1009.0,996.0,1279.0,151.0,997.0,380.0,1295.0,1331.0,879.0,1475.0,1092.0
45386,25:04.500,25:04.525,3,782.0,1020.0,978.0,1294.0,94.0,1003.0,327.0,1306.0,1318.0,898.0,1464.0,1117.0
45401,25:05.000,25:05.027,3,51.0,988.0,291.0,1291.0,770.0,1007.0,965.0,1281.0,1306.0,895.0,1452.0,1112.0
45416,25:05.500,25:05.527,3,51.0,942.0,286.0,1239.0,760.0,976.0,953.0,1253.0,1300.0,885.0,1444.0,1100.0
45431,25:06.000,25:06.027,3,731.0,937.0,924.0,1208.0,12.0,884.0,253.0,1179.0,1277.0,853.0,1422.0,1069.0
45446,25:06.500,25:06.527,3,646.0,933.0,843.0,1208.0,1205.0,878.0,1345.0,1086.0,-106.0,853.0,146.0,1162.0
45461,25:07.000,25:07.027,3,604.0,902.0,803.0,1174.0,1186.0,941.0,1326.0,1161.0,-109.0,703.0,131.0,998.0
45476,25:07.500,25:07.527,3,108.0,616.0,338.0,884.0,733.0,872.0,928.0,1124.0,1299.0,972.0,1445.0,1192.0
45491,25:08.000,25:08.027,2,553.0,961.0,757.0,1235.0,1153.0,1004.0,1297.0,1231.0,,,,
45506,25:08.500,25:08.527,2,583.0,1049.0,786.0,1326.0,1175.0,1092.0,1323.0,1322.0,,,,
45521,25:09.000,25:09.028,3,649.0,926.0,843.0,1201.0,1218.0,961.0,1364.0,1187.0,-59.0,791.0,194.0,1083.0
45536,25:09.500,25:09.528,2,365.0,538.0,591.0,823.0,981.0,520.0,1130.0,750.0,,,,
45551,25:10.000,25:10.028,2,392.0,793.0,612.0,1078.0,998.0,756.0,1143.0,975.0,,,,
45566,25:10.500,25:10.528,2,511.0,935.0,721.0,1218.0,1098.0,904.0,1243.0,1127.0,,,,
45581,25:11.000,25:11.028,2,537.0,929.0,742.0,1208.0,1123.0,909.0,1266.0,1129.0,,,,
45596,25:11.500,25:11.528,2,541.0,704.0,742.0,974.0,1123.0,703.0,1264.0,920.0,,,,
45611,25:12.000,25:12.028,2,531.0,381.0,741.0,663.0,1132.0,402.0,1277.0,631.0,,,,
45626,25:12.500,25:12.528,2,549.0,416.0,735.0,670.0,1138.0,485.0,1284.0,711.0,,,,
45641,25:13.000,25:13.028,2,553.0,550.0,724.0,786.0,1118.0,551.0,1262.0,776.0,,,,
45656,25:13.500,25:13.530,2,588.0,686.0,760.0,916.0,1110.0,618.0,1254.0,839.0,,,,
45671,25:14.000,25:14.030,3,633.0,773.0,817.0,1023.0,1154.0,698.0,1298.0,919.0,-105.0,642.0,128.0,939.0
45686,25:14.500,25:14.530,3,673.0,661.0,856.0,912.0,-49.0,492.0,194.0,786.0,1210.0,640.0,1353.0,860.0
45701,25:15.000,25:15.030,3,731.0,751.0,916.0,996.0,13.0,583.0,256.0,868.0,1283.0,712.0,1425.0,929.0
45716,25:15.500,25:15.530,3,-15.0,518.0,232.0,802.0,730.0,690.0,911.0,933.0,1275.0,650.0,1417.0,872.0
45731,25:16.000,25:16.030,3,724.0,745.0,907.0,995.0,-68.0,599.0,183.0,890.0,1233.0,702.0,1375.0,920.0
45746,25:16.500,25:16.530,2,680.0,826.0,861.0,1077.0,1182.0,767.0,1320.0,991.0,,,,
45761,25:17.000,25:17.030,2,652.0,928.0,838.0,1190.0,1164.0,861.0,1304.0,1080.0,,,,
45776,25:17.500,25:17.532,2,662.0,962.0,847.0,1222.0,1163.0,899.0,1303.0,1121.0,,,,
45791,25:18.000,25:18.032,3,684.0,951.0,868.0,1211.0,1179.0,914.0,1322.0,1132.0,-105.0,844.0,138.0,1145.0
45806,25:18.500,25:18.532,2,663.0,943.0,850.0,1203.0,1160.0,924.0,1305.0,1154.0,,,,
45821,25:19.000,25:19.032,2,639.0,973.0,829.0,1233.0,1141.0,934.0,1284.0,1159.0,,,,
45836,25:19.500,25:19.532,2,645.0,941.0,835.0,1201.0,1149.0,887.0,1293.0,1108.0,,,,
45851,25:20.000,25:20.032,2,668.0,894.0,855.0,1149.0,1163.0,855.0,1304.0,1073.0,,,,
45866,25:20.500,25:20.532,3,732.0,935.0,915.0,1190.0,-60.0,825.0,189.0,1123.0,1218.0,867.0,1359.0,1082.0
45881,25:21.000,25:21.032,3,787.0,1011.0,970.0,1268.0,31.0,943.0,276.0,1251.0,1286.0,909.0,1429.0,1126.0
45895,25:21.500,25:21.500,3,6.0,984.0,255.0,1306.0,757.0,1003.0,934.0,1250.0,1258.0,885.0,1396.0,1097.0
45910,25:22.000,25:22.000,3,667.0,1042.0,855.0,1298.0,1166.0,924.0,1309.0,1144.0,-106.0,1042.0,133.0,1363.0
45925,25:22.500,25:22.500,2,566.0,1168.0,772.0,1445.0,1112.0,1039.0,1256.0,1259.0,,,,
45941,25:23.000,25:23.025,2,554.0,1153.0,753.0,1433.0,1133.0,1109.0,1271.0,1330.0,,,,
45956,25:23.500,25:23.525,3,643.0,1083.0,831.0,1352.0,1201.0,1068.0,1340.0,1283.0,-109.0,917.0,140.0,1222.0
45971,25:24.000,25:24.025,2,625.0,1065.0,818.0,1334.0,1184.0,1055.0,1323.0,1268.0,,,,
45986,25:24.500,25:24.525,3,637.0,1054.0,831.0,1324.0,1197.0,1049.0,1335.0,1264.0,-106.0,901.0,141.0,1198.0
46001,25:25.000,25:25.025,3,632.0,1059.0,825.0,1324.0,1196.0,1050.0,1333.0,1265.0,-106.0,904.0,141.0,1199.0
46016,25:25.500,25:25.525,3,646.0,1045.0,835.0,1306.0,1201.0,1037.0,1339.0,1258.0,-84.0,884.0,168.0,1180.0
46031,25:26.000,25:26.027,3,628.0,1035.0,821.0,1301.0,1188.0,1026.0,1326.0,1247.0,-96.0,872.0,163.0,1178.0
46046,25:26.500,25:26.527,3,638.0,1041.0,828.0,1303.0,1211.0,1030.0,1351.0,1251.0,-95.0,887.0,163.0,1192.0
46061,25:27.000,25:27.027,3,670.0,999.0,853.0,1260.0,-76.0,853.0,183.0,1148.0,1243.0,993.0,1382.0,1205.0
46076,25:27.500,25:27.527,3,640.0,1011.0,825.0,1276.0,1231.0,989.0,1368.0,1200.0,-113.0,869.0,124.0,1182.0
46091,25:28.000,25:28.027,2,616.0,982.0,807.0,1240.0,1194.0,950.0,1332.0,1156.0,,,,
46106,25:28.500,25:28.527,2,610.0,1006.0,801.0,1271.0,1180.0,968.0,1319.0,1183.0,,,,
46121,25:29.000,25:29.027,2,608.0,1006.0,800.0,1269.0,1169.0,973.0,1308.0,1191.0,,,,
46136,25:29.500,25:29.527,2,612.0,1006.0,803.0,1268.0,1179.0,975.0,1317.0,1189.0,,,,
46151,25:30.000,25:30.028,2,615.0,1032.0,807.0,1298.0,1195.0,1006.0,1330.0,1217.0,,,,
46166,25:30.500,25:30.528,2,617.0,1016.0,808.0,1279.0,1194.0,985.0,1332.0,1199.0,,,,
46181,25:31.000,25:31.028,2,618.0,1034.0,810.0,1297.0,1183.0,1008.0,1321.0,1224.0,,,,
46196,25:31.500,25:31.528,2,625.0,832.0,812.0,1084.0,1181.0,841.0,1317.0,1045.0,,,,
46211,25:32.000,25:32.028,2,577.0,959.0,768.0,1219.0,1147.0,948.0,1284.0,1159.0,,,,
46226,25:32.500,25:32.528,2,574.0,884.0,764.0,1138.0,1149.0,892.0,1286.0,1101.0,,,,
46241,25:33.000,25:33.028,2,532.0,890.0,724.0,1151.0,1111.0,888.0,1249.0,1099.0,,,,
46256,25:33.500,25:33.528,3,708.0,878.0,892.0,1128.0,-55.0,704.0,196.0,986.0,1248.0,880.0,1389.0,1090.0
46271,25:34.000,25:34.030,2,659.0,878.0,841.0,1130.0,1206.0,862.0,1342.0,1075.0,,,,
46286,25:34.500,25:34.530,2,615.0,960.0,804.0,1220.0,1171.0,931.0,1308.0,1141.0,,,,
46301,25:35.000,25:35.030,2,553.0,989.0,748.0,1256.0,1119.0,948.0,1255.0,1160.0,,,,
46316,25:35.500,25:35.530,2,534.0,1015.0,730.0,1282.0,1103.0,965.0,1242.0,1177.0,,,,
46331,25:36.000,25:36.030,2,526.0,1017.0,722.0,1284.0,1099.0,965.0,1236.0,1175.0,,,,
46346,25:36.500,25:36.530,2,532.0,1045.0,729.0,1318.0,1104.0,990.0,1244.0,1204.0,,,,
46361,25:37.000,25:37.030,2,538.0,1023.0,737.0,1292.0,1108.0,973.0,1248.0,1188.0,,,,
46376,25:37.500,25:37.530,2,547.0,1016.0,743.0,1285.0,1115.0,969.0,1254.0,1182.0,,,,
46391,25:38.000,25:38.030,2,536.0,1017.0,732.0,1284.0,1105.0,965.0,1245.0,1180.0,,,,
46406,25:38.500,25:38.532,2,538.0,1018.0,735.0,1287.0,1105.0,967.0,1245.0,1182.0,,,,
46421,25:39.000,25:39.032,2,528.0,1027.0,725.0,1295.0,1098.0,969.0,1238.0,1182.0,,,,
46436,25:39.500,25:39.532,2,531.0,1016.0,726.0,1283.0,1103.0,960.0,1241.0,1175.0,,,,
46451,25:40.000,25:40.032,2,532.0,1030.0,730.0,1300.0,1103.0,972.0,1243.0,1184.0,,,,
46466,25:40.500,25:40.532,2,535.0,1046.0,732.0,1318.0,1108.0,989.0,1247.0,1201.0,,,,
46481,25:41.000,25:41.032,2,523.0,1067.0,724.0,1336.0,1098.0,1002.0,1237.0,1214.0,,,,
46496,25:41.500,25:41.532,2,522.0,1034.0,722.0,1302.0,1093.0,970.0,1231.0,1185.0,,,,
46511,25:42.000,25:42.032,2,523.0,1031.0,722.0,1298.0,1093.0,967.0,1232.0,1178.0,,,,
46525,25:42.500,25:42.500,2,521.0,1038.0,721.0,1306.0,1094.0,973.0,1233.0,1189.0,,,,
46540,25:43.000,25:43.000,2,527.0,1036.0,726.0,1304.0,1099.0,973.0,1240.0,1185.0,,,,
46555,25:43.500,25:43.500,2,521.0,1058.0,722.0,1332.0,1097.0,993.0,1238.0,1204.0,,,,
46570,25:44.000,25:44.000,2,523.0,1056.0,723.0,1334.0,1098.0,994.0,1238.0,1205.0,,,,
46586,25:44.500,25:44.525,2,517.0,1050.0,719.0,1325.0,1100.0,992.0,1239.0,1204.0,,,,
46601,25:45.000,25:45.025,2,524.0,1062.0,722.0,1336.0,1099.0,998.0,1238.0,1212.0,,,,
46616,25:45.500,25:45.525,2,507.0,1083.0,706.0,1360.0,1089.0,1010.0,1226.0,1227.0,,,,
46631,25:46.000,25:46.025,2,542.0,1075.0,738.0,1345.0,1116.0,1009.0,1253.0,1223.0,,,,
46646,25:46.500,25:46.527,3,32.0,873.0,279.0,1156.0,767.0,1012.0,944.0,1270.0,1309.0,985.0,1449.0,1203.0
46661,25:47.000,25:47.027,3,767.0,988.0,947.0,1244.0,22.0,841.0,264.0,1124.0,1310.0,972.0,1448.0,1183.0
46676,25:47.500,25:47.527,3,771.0,1007.0,951.0,1264.0,22.0,858.0,263.0,1137.0,1313.0,984.0,1451.0,1202.0
46691,25:48.000,25:48.027,3,760.0,995.0,940.0,1251.0,0.0,837.0,242.0,1124.0,1300.0,975.0,1440.0,1193.0
46706,25:48.500,25:48.527,3,695.0,1129.0,881.0,1399.0,1253.0,1099.0,1390.0,1314.0,-94.0,983.0,155.0,1282.0
46721,25:49.000,25:49.027,3,687.0,1073.0,873.0,1341.0,1241.0,1040.0,1379.0,1257.0,-108.0,930.0,142.0,1230.0
46736,25:49.500,25:49.527,3,713.0,1105.0,898.0,1369.0,-70.0,957.0,180.0,1255.0,1266.0,1070.0,1406.0,1288.0
46751,25:50.000,25:50.027,3,705.0,1103.0,894.0,1368.0,-80.0,961.0,168.0,1255.0,1260.0,1069.0,1395.0,1283.0
46766,25:50.500,25:50.527,3,710.0,1086.0,895.0,1350.0,-71.0,940.0,176.0,1237.0,1262.0,1059.0,1397.0,1274.0
46781,25:51.000,25:51.028,2,676.0,1164.0,865.0,1440.0,1235.0,1122.0,1374.0,1338.0,,,,
46796,25:51.500,25:51.528,3,698.0,1107.0,886.0,1378.0,1248.0,1072.0,1385.0,1289.0,-101.0,978.0,151.0,1276.0
46811,25:52.000,25:52.028,3,697.0,1127.0,885.0,1403.0,1248.0,1095.0,1387.0,1310.0,-77.0,1002.0,167.0,1300.0
46826,25:52.500,25:52.528,3,725.0,1128.0,911.0,1397.0,-52.0,996.0,204.0,1297.0,1271.0,1088.0,1413.0,1307.0
46841,25:53.000,25:53.028,3,731.0,1119.0,917.0,1385.0,-42.0,994.0,212.0,1297.0,1276.0,1089.0,1417.0,1306.0
46856,25:53.500,25:53.528,3,748.0,1094.0,933.0,1360.0,-10.0,971.0,245.0,1260.0,1289.0,1072.0,1426.0,1286.0
46871,25:54.000,25:54.028,3,743.0,1064.0,930.0,1332.0,-6.0,956.0,249.0,1246.0,1285.0,1046.0,1424.0,1259.0
46886,25:54.500,25:54.528,3,746.0,953.0,946.0,1230.0,40.0,879.0,285.0,1169.0,1313.0,985.0,1451.0,1199.0
46901,25:55.000,25:55.030,3,780.0,938.0,980.0,1223.0,83.0,889.0,319.0,1177.0,1338.0,992.0,1476.0,1209.0
46916,25:55.500,25:55.530,3,101.0,873.0,336.0,1147.0,785.0,946.0,967.0,1212.0,1340.0,970.0,1481.0,1183.0
46931,25:56.000,25:56.030,3,118.0,881.0,349.0,1159.0,802.0,1005.0,972.0,1251.0,1353.0,984.0,1494.0,1200.0
46946,25:56.500,25:56.530,3,72.0,928.0,312.0,1213.0,782.0,1048.0,950.0,1296.0,1330.0,1016.0,1470.0,1235.0
46961,25:57.000,25:57.030,3,-28.0,819.0,221.0,1110.0,713.0,938.0,886.0,1182.0,1265.0,920.0,1401.0,1126.0
46976,25:57.500,25:57.530,3,-29.0,856.0,218.0,1143.0,723.0,957.0,893.0,1201.0,1264.0,926.0,1402.0,1133.0
46991,25:58.000,25:58.030,3,38.0,885.0,282.0,1177.0,769.0,993.0,935.0,1240.0,1310.0,949.0,1445.0,1163.0
47006,25:58.500,25:58.530,3,19.0,877.0,266.0,1173.0,757.0,990.0,926.0,1230.0,1297.0,944.0,1434.0,1155.0
47021,25:59.000,25:59.032,3,15.0,874.0,262.0,1169.0,754.0,988.0,924.0,1229.0,1291.0,944.0,1432.0,1152.0
47036,25:59.500,25:59.532,3,54.0,933.0,294.0,1221.0,777.0,1034.0,943.0,1279.0,1318.0,985.0,1455.0,1200.0
47051,26:00.000,26:00.032,3,46.0,940.0,292.0,1231.0,763.0,1052.0,931.0,1295.0,1309.0,1004.0,1446.0,1215.0
47066,26:00.500,26:00.532,3,34.0,914.0,283.0,1200.0,753.0,1021.0,922.0,1268.0,1297.0,973.0,1436.0,1188.0
47081,26:01.000,26:01.032,3,735.0,1058.0,905.0,1309.0,4.0,963.0,259.0,1254.0,1284.0,1006.0,1421.0,1220.0
47096,26:01.500,26:01.532,3,726.0,1079.0,898.0,1329.0,-9.0,983.0,248.0,1275.0,1276.0,1021.0,1415.0,1234.0
47111,26:02.000,26:02.032,3,732.0,1051.0,905.0,1296.0,2.0,949.0,257.0,1244.0,1280.0,999.0,1419.0,1214.0
47126,26:02.500,26:02.532,3,731.0,1064.0,903.0,1312.0,2.0,971.0,257.0,1257.0,1281.0,1010.0,1418.0,1228.0
47141,26:03.000,26:03.032,3,-24.0,939.0,231.0,1226.0,717.0,1032.0,888.0,1280.0,1264.0,980.0,1400.0,1195.0
47155,26:03.500,26:03.500,3,697.0,1046.0,872.0,1295.0,-64.0,943.0,197.0,1246.0,1251.0,990.0,1388.0,1205.0
47171,26:04.000,26:04.025,3,702.0,1054.0,875.0,1307.0,-69.0,952.0,185.0,1257.0,1253.0,1002.0,1389.0,1212.0
47186,26:04.500,26:04.525,3,706.0,1041.0,879.0,1290.0,-61.0,940.0,188.0,1237.0,1257.0,986.0,1394.0,1200.0
47201,26:05.000,26:05.025,3,722.0,1053.0,896.0,1302.0,-27.0,949.0,218.0,1239.0,1275.0,1000.0,1412.0,1217.0
47216,26:05.500,26:05.525,3,187.0,972.0,413.0,1260.0,867.0,1079.0,1034.0,1322.0,1407.0,1023.0,1549.0,1239.0
47231,26:06.000,26:06.025,3,250.0,882.0,465.0,1164.0,906.0,1003.0,1072.0,1241.0,1442.0,961.0,1583.0,1173.0
47246,26:06.500,26:06.525,3,166.0,830.0,391.0,1105.0,843.0,946.0,1009.0,1183.0,1381.0,906.0,1519.0,1117.0
47261,26:07.000,26:07.025,3,146.0,792.0,376.0,1068.0,830.0,918.0,994.0,1152.0,1368.0,887.0,1504.0,1098.0
47276,26:07.500,26:07.527,3,136.0,860.0,369.0,1135.0,824.0,978.0,988.0,1215.0,1365.0,939.0,1503.0,1150.0
47291,26:08.000,26:08.027,3,136.0,874.0,368.0,1149.0,819.0,990.0,986.0,1226.0,1362.0,948.0,1499.0,1162.0
47306,26:08.500,26:08.527,3,132.0,855.0,364.0,1132.0,813.0,974.0,979.0,1213.0,1356.0,944.0,1496.0,1151.0
47321,26:09.000,26:09.027,3,109.0,884.0,339.0,1158.0,807.0,991.0,974.0,1232.0,1351.0,959.0,1491.0,1168.0
47336,26:09.500,26:09.527,3,98.0,862.0,325.0,1142.0,809.0,968.0,976.0,1206.0,1352.0,944.0,1493.0,1149.0
47351,26:10.000,26:10.027,3,97.0,867.0,324.0,1139.0,807.0,969.0,971.0,1205.0,1348.0,939.0,1487.0,1149.0
47366,26:10.500,26:10.527,3,107.0,903.0,340.0,1183.0,818.0,1008.0,985.0,1246.0,1360.0,971.0,1500.0,1188.0
47381,26:11.000,26:11.027,3,109.0,852.0,344.0,1131.0,813.0,965.0,977.0,1198.0,1353.0,934.0,1491.0,1145.0
47396,26:11.500,26:11.527,3,107.0,906.0,341.0,1180.0,805.0,1006.0,972.0,1245.0,1347.0,972.0,1488.0,1184.0
47411,26:12.000,26:12.028,3,77.0,789.0,312.0,1067.0,787.0,912.0,954.0,1148.0,1333.0,885.0,1471.0,1097.0
47426,26:12.500,26:12.528,3,39.0,882.0,284.0,1175.0,757.0,1007.0,926.0,1247.0,1311.0,965.0,1450.0,1175.0
47441,26:13.000,26:13.028,3,115.0,872.0,352.0,1147.0,800.0,1007.0,966.0,1247.0,1344.0,969.0,1485.0,1182.0
47456,26:13.500,26:13.528,3,465.0,758.0,669.0,1012.0,1032.0,974.0,1199.0,1208.0,1578.0,1015.0,1728.0,1238.0
47471,26:14.000,26:14.028,3,1689.0,1048.0,1854.0,1278.0,1150.0,954.0,1323.0,1185.0,626.0,694.0,824.0,932.0
47486,26:14.500,26:14.528,3,1062.0,966.0,1235.0,1196.0,1590.0,1063.0,1749.0,1287.0,531.0,676.0,738.0,925.0
47501,26:15.000,26:15.028,3,414.0,632.0,630.0,884.0,976.0,949.0,1154.0,1174.0,1503.0,1048.0,1654.0,1263.0
47516,26:15.500,26:15.528,3,349.0,632.0,567.0,879.0,931.0,940.0,1108.0,1168.0,1455.0,1045.0,1605.0,1261.0
47531,26:16.000,26:16.030,3,930.0,962.0,1108.0,1191.0,350.0,640.0,565.0,898.0,1458.0,1067.0,1609.0,1284.0
47546,26:16.500,26:16.530,3,278.0,634.0,502.0,890.0,878.0,951.0,1055.0,1182.0,1406.0,1044.0,1556.0,1264.0
47561,26:17.000,26:17.030,3,869.0,972.0,1047.0,1199.0,260.0,678.0,484.0,918.0,1400.0,1058.0,1547.0,1273.0
47576,26:17.500,26:17.530,3,1435.0,1091.0,1581.0,1313.0,898.0,1045.0,1072.0,1282.0,281.0,796.0,502.0,1052.0
47591,26:18.000,26:18.030,3,354.0,777.0,564.0,1032.0,953.0,1025.0,1118.0,1255.0,1486.0,1066.0,1633.0,1285.0
47606,26:18.500,26:18.530,3,756.0,991.0,932.0,1225.0,76.0,745.0,321.0,1015.0,1295.0,1016.0,1436.0,1233.0
47621,26:19.000,26:19.030,3,704.0,1005.0,881.0,1245.0,-13.0,769.0,247.0,1054.0,1254.0,1020.0,1394.0,1235.0
47636,26:19.500,26:19.530,3,709.0,1002.0,884.0,1240.0,-12.0,762.0,247.0,1051.0,1255.0,1018.0,1396.0,1234.0
47651,26:20.000,26:20.032,3,3.0,760.0,259.0,1037.0,715.0,992.0,894.0,1227.0,1266.0,1011.0,1405.0,1223.0
47666,26:20.500,26:20.532,3,691.0,993.0,869.0,1232.0,1244.0,1010.0,1382.0,1226.0,-37.0,765.0,217.0,1046.0
47681,26:21.000,26:21.032,2,600.0,952.0,782.0,1195.0,1163.0,958.0,1298.0,1172.0,,,,
47696,26:21.500,26:21.532,2,598.0,958.0,781.0,1201.0,1160.0,960.0,1298.0,1169.0,,,,
47711,26:22.000,26:22.032,2,555.0,931.0,742.0,1176.0,1123.0,935.0,1262.0,1144.0,,,,
47726,26:22.500,26:22.532,2,583.0,948.0,767.0,1191.0,1147.0,953.0,1284.0,1160.0,,,,
47741,26:23.000,26:23.032,2,611.0,958.0,793.0,1203.0,1169.0,963.0,1308.0,1172.0,,,,
47756,26:23.500,26:23.532,2,624.0,953.0,803.0,1193.0,1174.0,940.0,1315.0,1148.0,,,,
47771,26:24.000,26:24.023,2,645.0,970.0,822.0,1212.0,1195.0,961.0,1332.0,1168.0,,,,
47786,26:24.500,26:24.525,2,646.0,960.0,821.0,1204.0,1193.0,955.0,1328.0,1165.0,,,,
47801,26:25.000,26:25.025,2,646.0,966.0,822.0,1209.0,1191.0,960.0,1327.0,1168.0,,,,
47816,26:25.500,26:25.525,2,643.0,962.0,819.0,1205.0,1189.0,952.0,1325.0,1158.0,,,,
47831,26:26.000,26:26.025,2,646.0,958.0,822.0,1200.0,1181.0,953.0,1317.0,1159.0,,,,
47846,26:26.500,26:26.525,3,651.0,950.0,828.0,1192.0,1177.0,945.0,1312.0,1162.0,-108.0,733.0,124.0,1028.0
47861,26:27.000,26:27.025,3,657.0,956.0,834.0,1197.0,1189.0,950.0,1323.0,1160.0,-113.0,739.0,136.0,1031.0
47876,26:27.500,26:27.525,3,661.0,959.0,838.0,1201.0,1203.0,961.0,1341.0,1172.0,-108.0,743.0,143.0,1032.0
47891,26:28.000,26:28.025,3,667.0,962.0,842.0,1203.0,1208.0,963.0,1345.0,1176.0,-95.0,751.0,153.0,1037.0
47906,26:28.500,26:28.527,3,663.0,969.0,839.0,1213.0,1204.0,972.0,1343.0,1183.0,-105.0,757.0,146.0,1045.0
47921,26:29.000,26:29.027,3,667.0,977.0,843.0,1219.0,1209.0,968.0,1348.0,1178.0,-92.0,769.0,156.0,1053.0
47936,26:29.500,26:29.527,3,668.0,973.0,843.0,1215.0,-88.0,763.0,163.0,1049.0,1215.0,967.0,1353.0,1176.0
47951,26:30.000,26:30.027,3,671.0,990.0,847.0,1230.0,-84.0,778.0,167.0,1064.0,1211.0,978.0,1348.0,1192.0
47966,26:30.500,26:30.527,3,679.0,977.0,855.0,1217.0,-69.0,766.0,177.0,1049.0,1216.0,972.0,1355.0,1187.0
47981,26:31.000,26:31.027,3,679.0,978.0,855.0,1218.0,-71.0,766.0,183.0,1053.0,1223.0,973.0,1363.0,1186.0
47996,26:31.500,26:31.527,3,680.0,977.0,855.0,1215.0,-67.0,761.0,187.0,1048.0,1229.0,974.0,1369.0,1181.0
48011,26:32.000,26:32.027,3,674.0,942.0,847.0,1178.0,-72.0,726.0,178.0,1016.0,1227.0,948.0,1365.0,1158.0
48026,26:32.500,26:32.528,3,671.0,963.0,843.0,1203.0,1223.0,967.0,1361.0,1174.0,-83.0,754.0,167.0,1039.0
48041,26:33.000,26:33.028,3,686.0,931.0,860.0,1165.0,-53.0,712.0,205.0,1000.0,1235.0,942.0,1376.0,1147.0
48056,26:33.500,26:33.528,3,23.0,733.0,274.0,1015.0,728.0,939.0,901.0,1175.0,1275.0,948.0,1414.0,1154.0
48071,26:34.000,26:34.028,3,784.0,911.0,952.0,1147.0,113.0,710.0,348.0,983.0,1326.0,915.0,1465.0,1131.0
48086,26:34.500,26:34.528,3,116.0,729.0,362.0,1012.0,792.0,949.0,958.0,1182.0,1333.0,958.0,1472.0,1171.0
48101,26:35.000,26:35.028,3,787.0,905.0,954.0,1134.0,113.0,665.0,355.0,943.0,1326.0,914.0,1466.0,1130.0
48116,26:35.500,26:35.528,3,40.0,698.0,283.0,967.0,763.0,929.0,932.0,1160.0,1302.0,947.0,1442.0,1152.0
48131,26:36.000,26:36.028,3,40.0,687.0,288.0,959.0,760.0,910.0,929.0,1145.0,1299.0,923.0,1440.0,1136.0
48146,26:36.500,26:36.528,3,732.0,919.0,904.0,1154.0,8.0,692.0,265.0,973.0,1276.0,919.0,1413.0,1134.0
48161,26:37.000,26:37.030,3,706.0,831.0,875.0,1062.0,1250.0,846.0,1388.0,1044.0,-56.0,578.0,202.0,861.0
48176,26:37.500,26:37.530,3,714.0,865.0,883.0,1099.0,-51.0,602.0,204.0,896.0,1258.0,869.0,1397.0,1078.0
48191,26:38.000,26:38.030,3,720.0,894.0,889.0,1131.0,-45.0,641.0,210.0,932.0,1262.0,899.0,1398.0,1111.0
48206,26:38.500,26:38.530,3,725.0,896.0,896.0,1132.0,-31.0,654.0,218.0,935.0,1267.0,902.0,1405.0,1112.0
48221,26:39.000,26:39.030,3,724.0,898.0,893.0,1134.0,-12.0,660.0,240.0,947.0,1269.0,897.0,1407.0,1106.0
48236,26:39.500,26:39.530,3,357.0,757.0,565.0,1021.0,991.0,954.0,1152.0,1184.0,1517.0,941.0,1662.0,1157.0
48251,26:40.000,26:40.030,3,1317.0,1023.0,1481.0,1260.0,1888.0,1053.0,2063.0,1296.0,762.0,816.0,939.0,1055.0
48266,26:40.500,26:40.530,3,1885.0,1046.0,2062.0,1289.0,1313.0,1000.0,1481.0,1233.0,772.0,770.0,946.0,1003.0
48281,26:41.000,26:41.032,3,512.0,724.0,705.0,967.0,1624.0,1009.0,1778.0,1235.0,1089.0,969.0,1254.0,1194.0
48296,26:41.500,26:41.532,3,910.0,916.0,1080.0,1146.0,274.0,673.0,492.0,928.0,1441.0,956.0,1583.0,1167.0
48311,26:42.000,26:42.032,3,837.0,908.0,1004.0,1138.0,163.0,668.0,394.0,928.0,1368.0,936.0,1511.0,1144.0
48326,26:42.500,26:42.532,3,807.0,908.0,979.0,1141.0,114.0,672.0,351.0,938.0,1342.0,934.0,1484.0,1144.0
48341,26:43.000,26:43.032,3,100.0,689.0,333.0,960.0,809.0,938.0,982.0,1169.0,1345.0,959.0,1483.0,1167.0
48356,26:43.500,26:43.532,3,201.0,801.0,424.0,1059.0,877.0,1043.0,1049.0,1280.0,1414.0,1070.0,1559.0,1286.0
48371,26:44.000,26:44.023,3,89.0,808.0,322.0,1071.0,801.0,1048.0,973.0,1284.0,1342.0,1068.0,1481.0,1278.0
48386,26:44.500,26:44.523,3,173.0,872.0,403.0,1141.0,854.0,1094.0,1025.0,1338.0,1397.0,1103.0,1540.0,1322.0
48401,26:45.000,26:45.025,3,848.0,1069.0,1020.0,1310.0,168.0,848.0,400.0,1123.0,1387.0,1081.0,1531.0,1293.0
48416,26:45.500,26:45.525,3,204.0,836.0,430.0,1110.0,872.0,1058.0,1044.0,1296.0,1410.0,1068.0,1551.0,1284.0
48431,26:46.000,26:46.025,3,845.0,1048.0,1019.0,1288.0,153.0,823.0,381.0,1101.0,1380.0,1043.0,1520.0,1262.0
48446,26:46.500,26:46.525,3,149.0,809.0,377.0,1083.0,845.0,1038.0,1014.0,1276.0,1378.0,1039.0,1518.0,1257.0
48461,26:47.000,26:47.025,3,145.0,817.0,373.0,1092.0,843.0,1046.0,1014.0,1285.0,1382.0,1055.0,1523.0,1267.0
48476,26:47.500,26:47.525,3,847.0,1031.0,1016.0,1269.0,144.0,809.0,372.0,1076.0,1382.0,1033.0,1522.0,1254.0
48491,26:48.000,26:48.025,3,847.0,1042.0,1020.0,1281.0,146.0,814.0,374.0,1088.0,1383.0,1047.0,1524.0,1263.0
48506,26:48.500,26:48.525,3,144.0,809.0,372.0,1077.0,848.0,1033.0,1017.0,1272.0,1381.0,1036.0,1522.0,1255.0
48521,26:49.000,26:49.025,3,158.0,815.0,385.0,1082.0,854.0,1034.0,1023.0,1274.0,1393.0,1037.0,1535.0,1254.0
48536,26:49.500,26:49.527,3,157.0,816.0,382.0,1087.0,852.0,1040.0,1021.0,1276.0,1389.0,1039.0,1533.0,1261.0
48551,26:50.000,26:50.027,3,152.0,820.0,380.0,1093.0,846.0,1042.0,1016.0,1283.0,1388.0,1050.0,1530.0,1266.0
48566,26:50.500,26:50.527,3,158.0,813.0,384.0,1085.0,848.0,1039.0,1017.0,1277.0,1389.0,1046.0,1531.0,1264.0
48581,26:51.000,26:51.027,3,155.0,820.0,383.0,1098.0,844.0,1047.0,1015.0,1287.0,1384.0,1059.0,1528.0,1270.0
48596,26:51.500,26:51.527,3,165.0,807.0,397.0,1074.0,847.0,1021.0,1016.0,1258.0,1385.0,1024.0,1528.0,1244.0
48611,26:52.000,26:52.027,3,159.0,816.0,388.0,1086.0,843.0,1034.0,1013.0,1271.0,1383.0,1035.0,1524.0,1253.0
48626,26:52.500,26:52.527,3,841.0,1022.0,1011.0,1260.0,156.0,805.0,384.0,1076.0,1383.0,1026.0,1526.0,1243.0
48641,26:53.000,26:53.027,3,179.0,826.0,404.0,1082.0,856.0,1028.0,1025.0,1267.0,1400.0,1036.0,1544.0,1256.0
48656,26:53.500,26:53.528,3,176.0,828.0,401.0,1096.0,857.0,1045.0,1026.0,1282.0,1400.0,1053.0,1542.0,1266.0
48671,26:54.000,26:54.028,3,164.0,801.0,393.0,1067.0,853.0,1018.0,1021.0,1254.0,1393.0,1024.0,1536.0,1240.0
48686,26:54.500,26:54.528,3,162.0,800.0,393.0,1066.0,852.0,1015.0,1021.0,1252.0,1393.0,1021.0,1535.0,1235.0
48701,26:55.000,26:55.028,3,163.0,802.0,394.0,1071.0,1392.0,1028.0,1535.0,1242.0,902.0,1030.0,1045.0,1267.0
48716,26:55.500,26:55.528,3,190.0,805.0,421.0,1068.0,1395.0,1026.0,1538.0,1245.0,953.0,1038.0,1085.0,1277.0
48731,26:56.000,26:56.028,3,198.0,805.0,428.0,1063.0,1394.0,1019.0,1536.0,1236.0,935.0,1027.0,1070.0,1270.0
48746,26:56.500,26:56.528,3,198.0,793.0,427.0,1050.0,1389.0,1007.0,1531.0,1222.0,891.0,1014.0,1042.0,1259.0
48761,26:57.000,26:57.028,3,214.0,801.0,445.0,1056.0,890.0,1024.0,1044.0,1264.0,1397.0,1017.0,1537.0,1233.0
48776,26:57.500,26:57.530,3,216.0,808.0,450.0,1064.0,1396.0,1022.0,1539.0,1241.0,888.0,1027.0,1034.0,1269.0
48791,26:58.000,26:58.030,3,226.0,793.0,454.0,1047.0,1405.0,1018.0,1546.0,1234.0,884.0,1013.0,1025.0,1253.0
48806,26:58.500,26:58.530,3,219.0,802.0,449.0,1058.0,1403.0,1024.0,1545.0,1240.0,885.0,1018.0,1025.0,1259.0
48821,26:59.000,26:59.030,3,223.0,781.0,452.0,1037.0,871.0,1000.0,1025.0,1238.0,1403.0,1007.0,1542.0,1219.0
48836,26:59.500,26:59.530,3,846.0,1015.0,1023.0,1255.0,237.0,807.0,452.0,1063.0,1399.0,1022.0,1541.0,1239.0
48851,27:00.000,27:00.030,3,841.0,999.0,1020.0,1241.0,293.0,807.0,478.0,1057.0,1402.0,1017.0,1542.0,1233.0
48866,27:00.500,27:00.530,3,841.0,1009.0,1015.0,1245.0,1404.0,1022.0,1546.0,1239.0,321.0,823.0,479.0,1070.0
48881,27:01.000,27:01.030,3,840.0,1007.0,1015.0,1244.0,1402.0,1021.0,1544.0,1238.0,299.0,800.0,462.0,1069.0
48896,27:01.500,27:01.530,3,844.0,998.0,1017.0,1234.0,1408.0,1012.0,1550.0,1230.0,298.0,792.0,463.0,1061.0
48911,27:02.000,27:02.032,3,841.0,991.0,1014.0,1227.0,234.0,799.0,439.0,1056.0,1425.0,1011.0,1563.0,1226.0
48926,27:02.500,27:02.532,3,113.0,780.0,338.0,1050.0,835.0,999.0,1006.0,1235.0,1410.0,1020.0,1552.0,1236.0
48941,27:03.000,27:03.032,3,119.0,781.0,344.0,1054.0,836.0,997.0,1010.0,1234.0,1388.0,1013.0,1531.0,1232.0
48956,27:03.500,27:03.523,3,1767.0,964.0,1931.0,1197.0,1202.0,993.0,1366.0,1223.0,575.0,842.0,751.0,1093.0
48971,27:04.000,27:04.023,0,,,,,,,,,,,,
48986,27:04.500,27:04.523,0,,,,,,,,,,,,
49001,27:05.000,27:05.023,0,,,,,,,,,,,,
49016,27:05.500,27:05.523,1,1834.0,665.0,2065.0,948.0,,,,,,,,
49031,27:06.000,27:06.025,3,1690.0,646.0,1853.0,882.0,699.0,796.0,901.0,1047.0,1166.0,805.0,1332.0,1032.0
49046,27:06.500,27:06.525,3,928.0,891.0,1096.0,1123.0,373.0,840.0,574.0,1088.0,1446.0,759.0,1592.0,979.0
49061,27:07.000,27:07.025,3,924.0,903.0,1087.0,1133.0,341.0,810.0,536.0,1077.0,1449.0,778.0,1594.0,992.0
49076,27:07.500,27:07.525,3,897.0,935.0,1064.0,1174.0,272.0,802.0,478.0,1078.0,1434.0,830.0,1576.0,1041.0
49091,27:08.000,27:08.025,3,1650.0,856.0,1806.0,1082.0,481.0,806.0,654.0,1056.0,1124.0,952.0,1283.0,1183.0
49106,27:08.500,27:08.525,3,405.0,816.0,581.0,1062.0,1591.0,916.0,1743.0,1136.0,1070.0,991.0,1229.0,1221.0
49121,27:09.000,27:09.025,3,318.0,786.0,507.0,1037.0,998.0,957.0,1161.0,1185.0,1512.0,889.0,1657.0,1110.0
49136,27:09.500,27:09.525,3,177.0,823.0,381.0,1092.0,898.0,982.0,1063.0,1218.0,1419.0,903.0,1560.0,1118.0
49151,27:10.000,27:10.027,3,756.0,1065.0,932.0,1310.0,-47.0,947.0,179.0,1235.0,1289.0,948.0,1427.0,1161.0
49166,27:10.500,27:10.527,2,711.0,1088.0,886.0,1338.0,1251.0,969.0,1391.0,1183.0,,,,
49181,27:11.000,27:11.027,2,659.0,948.0,813.0,1171.0,-74.0,1107.0,173.0,1413.0,,,,
49196,27:11.500,27:11.527,1,520.0,933.0,682.0,1154.0,,,,,,,,
49211,27:12.000,27:12.027,1,400.0,886.0,573.0,1124.0,,,,,,,,
49226,27:12.500,27:12.527,1,416.0,877.0,587.0,1112.0,,,,,,,,
49241,27:13.000,27:13.027,1,446.0,883.0,616.0,1116.0,,,,,,,,
49256,27:13.500,27:13.527,1,525.0,861.0,686.0,1084.0,,,,,,,,
49271,27:14.000,27:14.027,1,534.0,882.0,694.0,1103.0,,,,,,,,
49286,27:14.500,27:14.528,1,536.0,878.0,698.0,1104.0,,,,,,,,
49301,27:15.000,27:15.028,3,30.0,589.0,277.0,867.0,695.0,820.0,875.0,1067.0,1277.0,852.0,1418.0,1058.0
49316,27:15.500,27:15.528,3,743.0,947.0,925.0,1197.0,128.0,709.0,361.0,986.0,1325.0,982.0,1463.0,1194.0
49331,27:16.000,27:16.028,3,226.0,463.0,449.0,740.0,837.0,702.0,1013.0,947.0,1409.0,744.0,1554.0,957.0
49346,27:16.500,27:16.528,3,795.0,931.0,975.0,1183.0,186.0,711.0,408.0,987.0,1377.0,957.0,1516.0,1171.0
49361,27:17.000,27:17.028,3,260.0,887.0,478.0,1158.0,839.0,1089.0,1018.0,1346.0,1433.0,1100.0,1577.0,1325.0
49376,27:17.500,27:17.528,3,494.0,826.0,685.0,1081.0,1019.0,1028.0,1188.0,1276.0,1609.0,1052.0,1763.0,1280.0
49391,27:18.000,27:18.028,3,1000.0,1105.0,1175.0,1357.0,1592.0,1097.0,1748.0,1336.0,463.0,918.0,659.0,1183.0
49406,27:18.500,27:18.530,3,1646.0,1062.0,1804.0,1294.0,1056.0,1089.0,1229.0,1344.0,519.0,927.0,709.0,1195.0
49421,27:19.000,27:19.030,3,1013.0,772.0,1178.0,1004.0,461.0,634.0,649.0,884.0,1579.0,725.0,1728.0,939.0
49436,27:19.500,27:19.530,3,433.0,720.0,622.0,976.0,990.0,861.0,1160.0,1099.0,1555.0,802.0,1701.0,1017.0
49451,27:20.000,27:20.030,3,999.0,932.0,1172.0,1177.0,444.0,794.0,633.0,1050.0,1546.0,866.0,1688.0,1077.0
49466,27:20.500,27:20.530,3,1008.0,935.0,1178.0,1178.0,409.0,785.0,585.0,1044.0,1553.0,877.0,1694.0,1089.0
49481,27:21.000,27:21.030,3,1007.0,915.0,1176.0,1156.0,1582.0,859.0,1735.0,1085.0,375.0,766.0,532.0,1017.0
49496,27:21.500,27:21.530,3,339.0,782.0,535.0,1044.0,940.0,933.0,1110.0,1174.0,1518.0,880.0,1665.0,1098.0
49511,27:22.000,27:22.030,3,103.0,848.0,334.0,1124.0,745.0,985.0,926.0,1242.0,1331.0,934.0,1470.0,1141.0
49526,27:22.500,27:22.532,3,167.0,830.0,390.0,1112.0,778.0,981.0,956.0,1233.0,1360.0,927.0,1503.0,1139.0
49541,27:23.000,27:23.032,3,167.0,821.0,391.0,1097.0,779.0,972.0,956.0,1224.0,1364.0,922.0,1506.0,1135.0
49556,27:23.500,27:23.523,3,794.0,988.0,974.0,1237.0,176.0,829.0,397.0,1109.0,1370.0,937.0,1510.0,1146.0
49571,27:24.000,27:24.023,3,261.0,825.0,475.0,1102.0,868.0,982.0,1047.0,1232.0,1434.0,927.0,1575.0,1143.0
49586,27:24.500,27:24.523,3,879.0,964.0,1055.0,1215.0,271.0,810.0,483.0,1081.0,1438.0,909.0,1581.0,1123.0
49601,27:25.000,27:25.023,2,552.0,947.0,747.0,1203.0,1146.0,884.0,1285.0,1094.0,,,,
49616,27:25.500,27:25.523,1,280.0,577.0,467.0,828.0,,,,,,,,
49631,27:26.000,27:26.023,1,567.0,611.0,728.0,840.0,,,,,,,,
49646,27:26.500,27:26.523,3,2090.0,659.0,2287.0,919.0,1437.0,730.0,1614.0,973.0,928.0,599.0,1090.0,835.0
49661,27:27.000,27:27.025,1,1748.0,634.0,1935.0,891.0,,,,,,,,
49676,27:27.500,27:27.525,1,2213.0,574.0,2457.0,859.0,,,,,,,,
49691,27:28.000,27:28.025,1,2138.0,638.0,2384.0,921.0,,,,,,,,
49706,27:28.500,27:28.525,3,1531.0,795.0,1760.0,1083.0,2195.0,653.0,2419.0,911.0,999.0,907.0,1158.0,1141.0
49721,27:29.000,27:29.025,3,641.0,1032.0,867.0,1296.0,1133.0,730.0,1300.0,933.0,-92.0,1295.0,136.0,1530.0
49736,27:29.500,27:29.525,2,622.0,1068.0,838.0,1331.0,1137.0,790.0,1295.0,996.0,,,,
49751,27:30.000,27:30.025,3,781.0,956.0,974.0,1203.0,68.0,1030.0,307.0,1323.0,1276.0,731.0,1424.0,933.0
49766,27:30.500,27:30.525,3,687.0,832.0,872.0,1072.0,-35.0,824.0,200.0,1117.0,1206.0,684.0,1342.0,885.0
49781,27:31.000,27:31.027,2,622.0,974.0,811.0,1223.0,1165.0,850.0,1299.0,1046.0,,,,
49796,27:31.500,27:31.527,2,616.0,894.0,799.0,1141.0,1158.0,796.0,1293.0,995.0,,,,
49811,27:32.000,27:32.027,3,-22.0,934.0,213.0,1229.0,693.0,971.0,872.0,1218.0,1232.0,877.0,1366.0,1078.0
49826,27:32.500,27:32.527,3,-15.0,894.0,223.0,1186.0,706.0,949.0,882.0,1197.0,1249.0,874.0,1382.0,1076.0
49841,27:33.000,27:33.027,3,672.0,872.0,851.0,1120.0,1214.0,819.0,1345.0,1020.0,-97.0,819.0,152.0,1115.0
49856,27:33.500,27:33.527,3,59.0,802.0,292.0,1080.0,783.0,863.0,950.0,1099.0,1308.0,805.0,1440.0,1008.0
49871,27:34.000,27:34.027,2,594.0,895.0,776.0,1151.0,1147.0,848.0,1278.0,1049.0,,,,
49886,27:34.500,27:34.527,1,304.0,843.0,475.0,1073.0,,,,,,,,
49901,27:35.000,27:35.028,1,261.0,831.0,437.0,1065.0,,,,,,,,
49916,27:35.500,27:35.528,1,261.0,805.0,438.0,1037.0,,,,,,,,
49931,27:36.000,27:36.028,1,290.0,785.0,463.0,1021.0,,,,,,,,
49946,27:36.500,27:36.528,1,300.0,797.0,472.0,1028.0,,,,,,,,
49961,27:37.000,27:37.028,1,294.0,794.0,467.0,1028.0,,,,,,,,
49976,27:37.500,27:37.528,1,279.0,919.0,454.0,1154.0,,,,,,,,
49991,27:38.000,27:38.028,1,504.0,910.0,660.0,1133.0,,,,,,,,
50006,27:38.500,27:38.528,3,172.0,714.0,391.0,988.0,836.0,833.0,1003.0,1073.0,1380.0,829.0,1516.0,1031.0
50021,27:39.000,27:39.028,3,985.0,831.0,1148.0,1062.0,387.0,696.0,585.0,955.0,1530.0,834.0,1668.0,1038.0
50036,27:39.500,27:39.530,3,436.0,716.0,626.0,973.0,1020.0,860.0,1181.0,1088.0,1564.0,867.0,1704.0,1074.0
50051,27:40.000,27:40.030,3,449.0,701.0,641.0,958.0,1027.0,857.0,1189.0,1085.0,1574.0,870.0,1715.0,1077.0
50066,27:40.500,27:40.530,3,480.0,700.0,670.0,956.0,1046.0,855.0,1209.0,1084.0,1593.0,876.0,1738.0,1083.0
50081,27:41.000,27:41.030,3,1032.0,851.0,1193.0,1079.0,462.0,693.0,655.0,946.0,1581.0,876.0,1721.0,1089.0
50096,27:41.500,27:41.530,3,932.0,846.0,1096.0,1074.0,328.0,684.0,528.0,938.0,1476.0,871.0,1614.0,1082.0
50111,27:42.000,27:42.030,3,117.0,687.0,341.0,949.0,779.0,866.0,950.0,1105.0,1330.0,903.0,1467.0,1110.0
50126,27:42.500,27:42.530,3,100.0,676.0,325.0,941.0,768.0,853.0,939.0,1092.0,1318.0,895.0,1452.0,1103.0
50141,27:43.000,27:43.030,3,751.0,828.0,925.0,1067.0,77.0,641.0,308.0,911.0,1302.0,878.0,1437.0,1080.0
50156,27:43.500,27:43.523,3,16.0,620.0,256.0,894.0,705.0,808.0,880.0,1043.0,1261.0,855.0,1396.0,1055.0
50171,27:44.000,27:44.023,2,580.0,788.0,764.0,1037.0,1157.0,846.0,1289.0,1046.0,,,,
50186,27:44.500,27:44.523,2,420.0,750.0,625.0,1004.0,1024.0,846.0,1158.0,1046.0,,,,
50201,27:45.000,27:45.023,2,446.0,741.0,646.0,987.0,1040.0,834.0,1177.0,1039.0,,,,
50216,27:45.500,27:45.523,2,459.0,744.0,662.0,989.0,1052.0,843.0,1186.0,1039.0,,,,
50231,27:46.000,27:46.023,2,478.0,752.0,678.0,999.0,1069.0,846.0,1203.0,1046.0,,,,
50246,27:46.500,27:46.523,3,99.0,743.0,331.0,1009.0,742.0,935.0,922.0,1180.0,1297.0,985.0,1432.0,1192.0
50261,27:47.000,27:47.023,3,173.0,704.0,396.0,969.0,803.0,878.0,979.0,1120.0,1354.0,916.0,1490.0,1123.0
50276,27:47.500,27:47.525,3,95.0,811.0,327.0,1086.0,759.0,952.0,934.0,1199.0,1316.0,959.0,1450.0,1167.0
50291,27:48.000,27:48.025,2,572.0,950.0,758.0,1210.0,1153.0,899.0,1288.0,1108.0,,,,
50306,27:48.500,27:48.525,2,169.0,1040.0,405.0,1335.0,852.0,947.0,993.0,1159.0,,,,
50321,27:49.000,27:49.025,2,175.0,1005.0,407.0,1300.0,857.0,938.0,994.0,1152.0,,,,
50336,27:49.500,27:49.525,2,171.0,1004.0,404.0,1303.0,851.0,938.0,990.0,1158.0,,,,
50351,27:50.000,27:50.025,2,133.0,1023.0,375.0,1324.0,827.0,948.0,967.0,1160.0,,,,
50366,27:50.500,27:50.525,2,157.0,992.0,395.0,1293.0,842.0,925.0,980.0,1137.0,,,,
50381,27:51.000,27:51.025,2,547.0,948.0,737.0,1210.0,1136.0,919.0,1268.0,1126.0,,,,
50396,27:51.500,27:51.525,3,742.0,872.0,920.0,1117.0,58.0,707.0,293.0,986.0,1304.0,893.0,1439.0,1103.0
50411,27:52.000,27:52.027,3,817.0,907.0,991.0,1153.0,175.0,741.0,399.0,1009.0,1375.0,942.0,1513.0,1154.0
50426,27:52.500,27:52.527,3,893.0,910.0,1062.0,1156.0,291.0,721.0,500.0,987.0,1447.0,965.0,1587.0,1176.0
50441,27:53.000,27:53.027,3,304.0,706.0,513.0,967.0,902.0,893.0,1073.0,1137.0,1457.0,956.0,1594.0,1169.0
50456,27:53.500,27:53.527,3,940.0,897.0,1109.0,1137.0,359.0,693.0,563.0,949.0,1491.0,966.0,1631.0,1175.0
50471,27:54.000,27:54.027,3,958.0,927.0,1127.0,1164.0,390.0,715.0,589.0,972.0,1509.0,998.0,1651.0,1209.0
50486,27:54.500,27:54.527,3,957.0,891.0,1124.0,1133.0,388.0,687.0,593.0,950.0,1506.0,959.0,1648.0,1174.0
50501,27:55.000,27:55.027,3,561.0,745.0,750.0,991.0,1109.0,877.0,1278.0,1115.0,1674.0,886.0,1823.0,1109.0
50516,27:55.500,27:55.527,3,1029.0,996.0,1200.0,1247.0,445.0,929.0,643.0,1192.0,1586.0,938.0,1731.0,1159.0
50531,27:56.000,27:56.028,3,836.0,993.0,1017.0,1252.0,195.0,965.0,420.0,1246.0,1385.0,904.0,1524.0,1116.0
50546,27:56.500,27:56.528,3,334.0,850.0,544.0,1114.0,914.0,984.0,1087.0,1224.0,1477.0,981.0,1619.0,1199.0
50561,27:57.000,27:57.028,3,632.0,697.0,826.0,918.0,1097.0,944.0,1272.0,1175.0,1653.0,1092.0,1811.0,1315.0
50576,27:57.500,27:57.528,3,511.0,658.0,721.0,890.0,994.0,928.0,1175.0,1155.0,1534.0,1081.0,1686.0,1298.0
50591,27:58.000,27:58.028,3,495.0,677.0,704.0,902.0,975.0,951.0,1157.0,1180.0,1517.0,1108.0,1668.0,1325.0
50606,27:58.500,27:58.528,3,664.0,822.0,850.0,1066.0,27.0,561.0,285.0,835.0,1228.0,924.0,1367.0,1134.0
50621,27:59.000,27:59.028,2,535.0,756.0,732.0,1010.0,1118.0,872.0,1257.0,1076.0,,,,
50636,27:59.500,27:59.528,3,625.0,801.0,815.0,1036.0,-26.0,512.0,238.0,793.0,1193.0,907.0,1328.0,1118.0
50651,28:00.000,28:00.030,3,612.0,869.0,806.0,1110.0,-31.0,588.0,233.0,866.0,1183.0,976.0,1321.0,1188.0
50666,28:00.500,28:00.530,3,576.0,862.0,773.0,1111.0,-81.0,585.0,187.0,876.0,1156.0,973.0,1297.0,1183.0
50681,28:01.000,28:01.030,2,381.0,909.0,590.0,1163.0,1008.0,982.0,1146.0,1194.0,,,,
50696,28:01.500,28:01.530,2,-16.0,773.0,237.0,1066.0,720.0,867.0,863.0,1082.0,,,,
50711,28:02.000,28:02.030,2,-52.0,760.0,211.0,1062.0,703.0,854.0,850.0,1066.0,,,,
50726,28:02.500,28:02.530,2,-44.0,727.0,212.0,1036.0,704.0,830.0,849.0,1039.0,,,,
50741,28:03.000,28:03.030,2,-1.0,775.0,248.0,1070.0,738.0,851.0,883.0,1060.0,,,,
50756,28:03.500,28:03.530,1,592.0,764.0,741.0,984.0,,,,,,,,
50771,28:04.000,28:04.022,1,615.0,761.0,766.0,981.0,,,,,,,,
50786,28:04.500,28:04.523,2,-46.0,718.0,205.0,1022.0,704.0,764.0,847.0,977.0,,,,
50801,28:05.000,28:05.023,2,52.0,728.0,300.0,1024.0,775.0,796.0,915.0,1012.0,,,,
50816,28:05.500,28:05.523,2,407.0,723.0,609.0,981.0,1022.0,831.0,1159.0,1036.0,,,,
50831,28:06.000,28:06.023,3,170.0,394.0,403.0,660.0,779.0,705.0,961.0,940.0,1323.0,857.0,1461.0,1056.0
50846,28:06.500,28:06.523,3,602.0,465.0,798.0,707.0,1092.0,744.0,1267.0,973.0,1633.0,905.0,1784.0,1115.0
50861,28:07.000,28:07.023,3,1329.0,847.0,1504.0,1080.0,1919.0,989.0,2093.0,1225.0,864.0,630.0,1039.0,840.0
50876,28:07.500,28:07.523,3,1925.0,1075.0,2100.0,1318.0,1332.0,924.0,1509.0,1163.0,869.0,708.0,1040.0,921.0
50891,28:08.000,28:08.023,3,1095.0,934.0,1275.0,1164.0,613.0,680.0,803.0,896.0,1644.0,1100.0,1800.0,1325.0
50906,28:08.500,28:08.525,3,1079.0,945.0,1257.0,1178.0,603.0,684.0,794.0,900.0,1626.0,1119.0,1779.0,1341.0
50921,28:09.000,28:09.025,3,1171.0,909.0,1347.0,1147.0,1737.0,1060.0,1895.0,1284.0,688.0,682.0,870.0,903.0
50936,28:09.500,28:09.525,3,933.0,759.0,1107.0,1002.0,314.0,695.0,521.0,959.0,1478.0,715.0,1618.0,923.0
50951,28:10.000,28:10.025,3,745.0,855.0,944.0,1107.0,67.0,925.0,310.0,1234.0,1268.0,680.0,1421.0,888.0
50966,28:10.500,28:10.525,3,766.0,977.0,960.0,1232.0,80.0,1064.0,321.0,1373.0,1287.0,792.0,1439.0,999.0
50981,28:11.000,28:11.025,3,699.0,1040.0,898.0,1294.0,-23.0,1160.0,225.0,1479.0,1223.0,842.0,1377.0,1040.0
50996,28:11.500,28:11.525,3,699.0,988.0,901.0,1245.0,-34.0,1098.0,220.0,1414.0,1227.0,796.0,1379.0,1001.0
51011,28:12.000,28:12.025,3,874.0,904.0,1064.0,1153.0,217.0,959.0,437.0,1239.0,1404.0,765.0,1547.0,971.0
51026,28:12.500,28:12.525,3,24.0,1043.0,271.0,1344.0,729.0,985.0,909.0,1226.0,1295.0,855.0,1438.0,1058.0
51041,28:13.000,28:13.027,3,729.0,1016.0,901.0,1256.0,31.0,1057.0,276.0,1366.0,1301.0,907.0,1443.0,1114.0
51056,28:13.500,28:13.527,3,115.0,990.0,348.0,1284.0,761.0,981.0,931.0,1217.0,1342.0,889.0,1482.0,1097.0
51071,28:14.000,28:14.027,3,244.0,1030.0,462.0,1306.0,822.0,1018.0,997.0,1259.0,1424.0,922.0,1572.0,1131.0
51086,28:14.500,28:14.527,3,803.0,963.0,987.0,1213.0,187.0,1002.0,410.0,1284.0,1374.0,859.0,1518.0,1063.0
51101,28:15.000,28:15.027,3,197.0,1028.0,417.0,1305.0,789.0,998.0,962.0,1251.0,1384.0,876.0,1531.0,1080.0
51116,28:15.500,28:15.527,3,266.0,979.0,479.0,1257.0,1434.0,855.0,1577.0,1064.0,846.0,975.0,992.0,1213.0
51131,28:16.000,28:16.027,3,387.0,943.0,585.0,1206.0,1523.0,857.0,1672.0,1070.0,917.0,970.0,1063.0,1196.0
51146,28:16.500,28:16.527,3,298.0,937.0,507.0,1214.0,872.0,954.0,1040.0,1198.0,1458.0,857.0,1605.0,1071.0
51161,28:17.000,28:17.028,3,903.0,962.0,1079.0,1205.0,293.0,943.0,505.0,1221.0,1460.0,871.0,1605.0,1082.0
51176,28:17.500,28:17.528,3,824.0,921.0,1006.0,1171.0,184.0,926.0,407.0,1209.0,1387.0,819.0,1529.0,1029.0
51191,28:18.000,28:18.028,3,161.0,926.0,388.0,1200.0,819.0,913.0,1001.0,1164.0,1379.0,821.0,1519.0,1028.0
51206,28:18.500,28:18.528,3,160.0,935.0,385.0,1217.0,820.0,932.0,1002.0,1180.0,1379.0,846.0,1518.0,1055.0
51221,28:19.000,28:19.028,3,826.0,959.0,1005.0,1208.0,178.0,957.0,401.0,1246.0,1382.0,871.0,1524.0,1081.0
51236,28:19.500,28:19.528,3,208.0,932.0,427.0,1213.0,839.0,936.0,1018.0,1185.0,1395.0,856.0,1535.0,1060.0
51251,28:20.000,28:20.028,3,208.0,937.0,425.0,1203.0,833.0,931.0,1011.0,1176.0,1387.0,846.0,1526.0,1051.0
51266,28:20.500,28:20.528,3,824.0,954.0,999.0,1199.0,199.0,952.0,418.0,1232.0,1373.0,868.0,1515.0,1080.0
51281,28:21.000,28:21.030,3,848.0,887.0,1024.0,1134.0,230.0,871.0,448.0,1152.0,1397.0,814.0,1537.0,1027.0
51296,28:21.500,28:21.530,3,195.0,878.0,411.0,1142.0,822.0,878.0,999.0,1126.0,1372.0,815.0,1514.0,1021.0
51311,28:22.000,28:22.030,3,827.0,905.0,1000.0,1156.0,183.0,919.0,404.0,1183.0,1380.0,844.0,1516.0,1052.0
51326,28:22.500,28:22.530,3,812.0,953.0,986.0,1197.0,135.0,975.0,359.0,1244.0,1364.0,876.0,1506.0,1082.0
51341,28:23.000,28:23.030,3,121.0,964.0,347.0,1247.0,831.0,948.0,1010.0,1198.0,1388.0,876.0,1528.0,1079.0
51356,28:23.500,28:23.530,3,1190.0,933.0,1357.0,1170.0,576.0,913.0,741.0,1172.0,1760.0,866.0,1921.0,1087.0
51371,28:24.000,28:24.030,3,1055.0,815.0,1222.0,1043.0,413.0,769.0,583.0,1033.0,1616.0,760.0,1762.0,969.0
51386,28:24.500,28:24.522,3,222.0,711.0,413.0,980.0,905.0,745.0,1077.0,982.0,1460.0,691.0,1601.0,899.0
51401,28:25.000,28:25.022,3,913.0,778.0,1087.0,1022.0,290.0,740.0,500.0,1014.0,1466.0,733.0,1608.0,935.0
51416,28:25.500,28:25.523,3,885.0,778.0,1064.0,1020.0,265.0,736.0,478.0,1017.0,1440.0,730.0,1579.0,931.0
51431,28:26.000,28:26.023,3,163.0,684.0,386.0,962.0,814.0,735.0,992.0,976.0,1369.0,685.0,1509.0,896.0
51446,28:26.500,28:26.523,3,122.0,680.0,349.0,963.0,788.0,739.0,968.0,979.0,1348.0,692.0,1487.0,900.0
51461,28:27.000,28:27.023,2,566.0,779.0,754.0,1030.0,1156.0,751.0,1293.0,954.0,,,,
51476,28:27.500,28:27.523,3,4.0,742.0,249.0,1046.0,706.0,822.0,886.0,1069.0,1275.0,787.0,1413.0,991.0
51491,28:28.000,28:28.023,3,886.0,871.0,1060.0,1111.0,259.0,790.0,473.0,1066.0,1444.0,845.0,1584.0,1052.0
51506,28:28.500,28:28.523,3,433.0,817.0,627.0,1079.0,1013.0,906.0,1178.0,1145.0,1573.0,891.0,1717.0,1102.0
51521,28:29.000,28:29.023,3,491.0,779.0,679.0,1041.0,1055.0,880.0,1224.0,1116.0,1625.0,876.0,1771.0,1093.0
51536,28:29.500,28:29.525,3,1067.0,898.0,1235.0,1135.0,508.0,786.0,697.0,1050.0,1635.0,903.0,1783.0,1119.0
51551,28:30.000,28:30.025,3,225.0,789.0,445.0,1070.0,859.0,864.0,1033.0,1100.0,1414.0,820.0,1555.0,1024.0
51566,28:30.500,28:30.525,3,802.0,894.0,979.0,1142.0,135.0,842.0,364.0,1131.0,1360.0,848.0,1499.0,1048.0
51581,28:31.000,28:31.025,3,804.0,901.0,978.0,1147.0,125.0,846.0,355.0,1135.0,1361.0,857.0,1500.0,1056.0
51596,28:31.500,28:31.525,3,139.0,860.0,367.0,1141.0,811.0,917.0,988.0,1162.0,1367.0,870.0,1506.0,1073.0
51611,28:32.000,28:32.025,3,835.0,901.0,1007.0,1148.0,173.0,842.0,398.0,1124.0,1389.0,857.0,1530.0,1067.0
51626,28:32.500,28:32.525,3,825.0,909.0,999.0,1156.0,159.0,858.0,386.0,1136.0,1381.0,865.0,1519.0,1072.0
51641,28:33.000,28:33.025,3,835.0,907.0,1008.0,1157.0,179.0,847.0,404.0,1126.0,1392.0,867.0,1532.0,1074.0
51656,28:33.500,28:33.527,3,360.0,780.0,562.0,1051.0,962.0,877.0,1131.0,1119.0,1519.0,868.0,1661.0,1077.0
51671,28:34.000,28:34.027,3,1087.0,895.0,1255.0,1134.0,540.0,743.0,728.0,998.0,1655.0,947.0,1803.0,1164.0
51686,28:34.500,28:34.527,3,1149.0,899.0,1320.0,1138.0,650.0,688.0,831.0,921.0,1719.0,1038.0,1872.0,1259.0
51701,28:35.000,28:35.027,3,1125.0,913.0,1305.0,1146.0,658.0,660.0,841.0,875.0,1681.0,1113.0,1836.0,1336.0
51716,28:35.500,28:35.527,3,1067.0,933.0,1251.0,1162.0,598.0,666.0,790.0,882.0,1614.0,1140.0,1769.0,1360.0
51731,28:36.000,28:36.027,3,583.0,709.0,776.0,919.0,1039.0,997.0,1225.0,1224.0,1584.0,1215.0,1740.0,1445.0
51746,28:36.500,28:36.527,3,611.0,680.0,806.0,893.0,1055.0,976.0,1239.0,1211.0,1598.0,1214.0,1758.0,1440.0
51761,28:37.000,28:37.027,3,1054.0,960.0,1234.0,1187.0,590.0,658.0,780.0,867.0,1584.0,1195.0,1741.0,1423.0
51776,28:37.500,28:37.527,3,614.0,846.0,814.0,1083.0,18.0,466.0,282.0,727.0,1170.0,1073.0,1314.0,1283.0
51791,28:38.000,28:38.028,2,336.0,675.0,571.0,926.0,944.0,922.0,1092.0,1131.0,,,,
51806,28:38.500,28:38.528,2,304.0,677.0,542.0,928.0,927.0,918.0,1072.0,1119.0,,,,
51821,28:39.000,28:39.028,2,315.0,675.0,549.0,927.0,932.0,914.0,1077.0,1118.0,,,,
51836,28:39.500,28:39.528,2,324.0,682.0,564.0,932.0,942.0,918.0,1088.0,1139.0,,,,
51851,28:40.000,28:40.028,2,319.0,701.0,556.0,954.0,936.0,938.0,1081.0,1144.0,,,,
51866,28:40.500,28:40.528,2,401.0,709.0,623.0,958.0,995.0,931.0,1139.0,1136.0,,,,
51881,28:41.000,28:41.028,2,523.0,812.0,736.0,1056.0,1105.0,1009.0,1244.0,1221.0,,,,
51896,28:41.500,28:41.528,3,604.0,832.0,810.0,1072.0,-12.0,477.0,253.0,752.0,1175.0,1024.0,1316.0,1229.0
51911,28:42.000,28:42.030,3,754.0,907.0,959.0,1150.0,209.0,587.0,449.0,840.0,1302.0,1099.0,1443.0,1312.0
51926,28:42.500,28:42.530,3,1252.0,911.0,1442.0,1146.0,1825.0,1123.0,1994.0,1358.0,809.0,650.0,990.0,864.0
51941,28:43.000,28:43.030,3,1215.0,954.0,1406.0,1190.0,1780.0,1174.0,1950.0,1411.0,771.0,678.0,952.0,889.0
51956,28:43.500,28:43.530,3,994.0,887.0,1181.0,1112.0,516.0,574.0,716.0,800.0,1522.0,1102.0,1673.0,1321.0
51971,28:44.000,28:44.030,3,901.0,886.0,1093.0,1123.0,400.0,573.0,618.0,809.0,1430.0,1101.0,1576.0,1317.0
51986,28:44.500,28:44.530,3,953.0,773.0,1141.0,991.0,449.0,448.0,660.0,686.0,1471.0,974.0,1618.0,1186.0
52001,28:45.000,28:45.022,3,914.0,852.0,1104.0,1084.0,400.0,554.0,610.0,791.0,1444.0,1048.0,1585.0,1258.0
52016,28:45.500,28:45.522,3,908.0,912.0,1102.0,1155.0,382.0,644.0,589.0,874.0,1449.0,1094.0,1591.0,1310.0
52031,28:46.000,28:46.023,3,897.0,881.0,1087.0,1113.0,381.0,594.0,596.0,826.0,1430.0,1069.0,1574.0,1284.0
52046,28:46.500,28:46.523,3,387.0,605.0,606.0,836.0,890.0,898.0,1081.0,1135.0,1424.0,1092.0,1567.0,1307.0
52061,28:47.000,28:47.023,3,878.0,892.0,1067.0,1126.0,378.0,595.0,595.0,824.0,1419.0,1087.0,1563.0,1305.0
52076,28:47.500,28:47.523,3,296.0,566.0,517.0,806.0,828.0,864.0,1006.0,1095.0,1384.0,1064.0,1525.0,1274.0
52091,28:48.000,28:48.023,3,787.0,824.0,972.0,1057.0,202.0,507.0,431.0,753.0,1335.0,1008.0,1475.0,1217.0
52106,28:48.500,28:48.523,3,202.0,700.0,423.0,947.0,825.0,943.0,1005.0,1187.0,1383.0,1078.0,1521.0,1291.0
52121,28:49.000,28:49.023,3,768.0,927.0,955.0,1173.0,136.0,681.0,367.0,941.0,1320.0,1044.0,1456.0,1255.0
52136,28:49.500,28:49.523,3,854.0,1022.0,1030.0,1269.0,236.0,844.0,455.0,1112.0,1421.0,1093.0,1560.0,1307.0
52151,28:50.000,28:50.023,3,694.0,841.0,874.0,1088.0,-13.0,658.0,229.0,938.0,1267.0,906.0,1401.0,1111.0
52166,28:50.500,28:50.525,3,654.0,806.0,834.0,1052.0,-73.0,631.0,173.0,916.0,1230.0,862.0,1363.0,1069.0
52181,28:51.000,28:51.025,3,773.0,893.0,946.0,1142.0,97.0,751.0,326.0,1016.0,1338.0,944.0,1473.0,1147.0
52196,28:51.500,28:51.525,3,1166.0,1045.0,1333.0,1286.0,1751.0,1058.0,1911.0,1292.0,600.0,917.0,780.0,1177.0
52211,28:52.000,28:52.025,3,1031.0,978.0,1200.0,1220.0,447.0,838.0,642.0,1098.0,1607.0,1015.0,1753.0,1236.0
52226,28:52.500,28:52.525,3,652.0,880.0,836.0,1139.0,1241.0,913.0,1377.0,1120.0,-92.0,738.0,164.0,1039.0
52241,28:53.000,28:53.025,3,658.0,864.0,839.0,1117.0,-72.0,715.0,174.0,1016.0,1249.0,895.0,1383.0,1102.0
52256,28:53.500,28:53.500,3,666.0,880.0,849.0,1133.0,-62.0,736.0,187.0,1028.0,1256.0,908.0,1392.0,1121.0
52271,28:54.000,28:54.025,3,112.0,777.0,337.0,1057.0,803.0,913.0,979.0,1161.0,1377.0,934.0,1514.0,1147.0
52286,28:54.500,28:54.527,3,52.0,786.0,281.0,1070.0,770.0,922.0,945.0,1169.0,1342.0,939.0,1479.0,1150.0
52301,28:55.000,28:55.027,3,661.0,913.0,846.0,1165.0,1251.0,949.0,1384.0,1160.0,-99.0,750.0,153.0,1041.0
52316,28:55.500,28:55.527,2,600.0,893.0,787.0,1148.0,1194.0,947.0,1328.0,1158.0,,,,
52331,28:56.000,28:56.027,2,562.0,938.0,753.0,1192.0,1165.0,985.0,1299.0,1203.0,,,,
52346,28:56.500,28:56.527,2,538.0,959.0,731.0,1221.0,1149.0,1015.0,1281.0,1225.0,,,,
52361,28:57.000,28:57.027,2,549.0,971.0,743.0,1227.0,1157.0,1019.0,1292.0,1235.0,,,,
52376,28:57.500,28:57.527,2,565.0,977.0,760.0,1237.0,1169.0,1025.0,1306.0,1238.0,,,,
52391,28:58.000,28:58.027,2,565.0,958.0,757.0,1223.0,1168.0,1017.0,1301.0,1230.0,,,,
52406,28:58.500,28:58.528,2,560.0,976.0,753.0,1235.0,1162.0,1024.0,1296.0,1241.0,,,,
52421,28:59.000,28:59.028,2,558.0,984.0,754.0,1242.0,1162.0,1028.0,1298.0,1245.0,,,,
52436,28:59.500,28:59.528,2,569.0,1003.0,762.0,1263.0,1175.0,1053.0,1312.0,1266.0,,,,
52451,29:00.000,29:00.028,2,590.0,995.0,782.0,1258.0,1193.0,1050.0,1327.0,1262.0,,,,
52466,29:00.500,29:00.528,2,566.0,987.0,762.0,1251.0,1172.0,1043.0,1306.0,1256.0,,,,
52481,29:01.000,29:01.028,2,545.0,979.0,744.0,1238.0,1155.0,1029.0,1292.0,1249.0,,,,
52496,29:01.500,29:01.528,2,544.0,983.0,743.0,1241.0,1154.0,1031.0,1291.0,1250.0,,,,
52511,29:02.000,29:02.028,2,569.0,988.0,765.0,1252.0,1175.0,1042.0,1310.0,1259.0,,,,
52526,29:02.500,29:02.528,2,532.0,985.0,730.0,1254.0,1148.0,1041.0,1282.0,1262.0,,,,
52541,29:03.000,29:03.030,2,512.0,972.0,710.0,1236.0,1133.0,1029.0,1267.0,1247.0,,,,
52556,29:03.500,29:03.530,2,512.0,950.0,712.0,1211.0,1129.0,1011.0,1262.0,1223.0,,,,
52571,29:04.000,29:04.030,2,518.0,955.0,718.0,1218.0,1136.0,1017.0,1269.0,1232.0,,,,
52586,29:04.500,29:04.530,2,528.0,961.0,724.0,1223.0,1141.0,1022.0,1275.0,1233.0,,,,
52601,29:05.000,29:05.022,2,528.0,961.0,724.0,1223.0,1140.0,1022.0,1274.0,1236.0,,,,
52616,29:05.500,29:05.522,2,496.0,945.0,693.0,1204.0,1111.0,997.0,1249.0,1211.0,,,,
52631,29:06.000,29:06.022,2,474.0,954.0,668.0,1220.0,1092.0,1002.0,1230.0,1215.0,,,,
52646,29:06.500,29:06.522,2,469.0,940.0,667.0,1202.0,1089.0,988.0,1226.0,1198.0,,,,
52661,29:07.000,29:07.023,2,471.0,881.0,668.0,1143.0,1088.0,936.0,1225.0,1143.0,,,,
52676,29:07.500,29:07.523,3,600.0,740.0,789.0,994.0,1199.0,800.0,1330.0,1008.0,-107.0,551.0,126.0,846.0
52691,29:08.000,29:08.023,2,525.0,728.0,717.0,984.0,1135.0,789.0,1269.0,995.0,,,,
52706,29:08.500,29:08.523,2,481.0,734.0,678.0,995.0,1098.0,787.0,1232.0,997.0,,,,
52721,29:09.000,29:09.023,2,332.0,797.0,544.0,1069.0,982.0,824.0,1118.0,1030.0,,,,
52736,29:09.500,29:09.523,2,288.0,810.0,506.0,1093.0,950.0,822.0,1087.0,1026.0,,,,
52751,29:10.000,29:10.023,2,300.0,837.0,514.0,1116.0,962.0,845.0,1096.0,1047.0,,,,
52766,29:10.500,29:10.523,2,303.0,861.0,518.0,1139.0,965.0,858.0,1099.0,1063.0,,,,
52781,29:11.000,29:11.023,2,338.0,864.0,546.0,1139.0,990.0,865.0,1123.0,1081.0,,,,
52796,29:11.500,29:11.525,2,348.0,870.0,557.0,1146.0,997.0,867.0,1132.0,1073.0,,,,
52811,29:12.000,29:12.025,2,353.0,900.0,561.0,1169.0,1001.0,893.0,1136.0,1099.0,,,,
52826,29:12.500,29:12.525,2,523.0,906.0,716.0,1167.0,1133.0,900.0,1266.0,1106.0,,,,
52841,29:13.000,29:13.025,2,509.0,933.0,706.0,1200.0,1126.0,928.0,1259.0,1134.0,,,,
52856,29:13.500,29:13.525,2,479.0,904.0,674.0,1164.0,1099.0,894.0,1231.0,1101.0,,,,
52871,29:14.000,29:14.025,2,437.0,937.0,636.0,1206.0,1066.0,924.0,1199.0,1136.0,,,,
52886,29:14.500,29:14.525,2,421.0,886.0,621.0,1158.0,1051.0,886.0,1182.0,1100.0,,,,
52901,29:15.000,29:15.025,2,419.0,887.0,621.0,1160.0,1049.0,885.0,1183.0,1092.0,,,,
52916,29:15.500,29:15.527,2,420.0,897.0,622.0,1166.0,1052.0,892.0,1184.0,1097.0,,,,
52931,29:16.000,29:16.027,2,419.0,893.0,621.0,1165.0,1051.0,887.0,1183.0,1099.0,,,,
52946,29:16.500,29:16.527,2,461.0,924.0,658.0,1189.0,1084.0,910.0,1218.0,1116.0,,,,
52961,29:17.000,29:17.027,2,468.0,920.0,666.0,1182.0,1088.0,906.0,1222.0,1113.0,,,,
52976,29:17.500,29:17.527,2,495.0,910.0,691.0,1171.0,1110.0,905.0,1243.0,1110.0,,,,
52991,29:18.000,29:18.027,2,485.0,909.0,682.0,1169.0,1102.0,905.0,1235.0,1115.0,,,,
53006,29:18.500,29:18.527,2,494.0,903.0,686.0,1162.0,1110.0,898.0,1243.0,1106.0,,,,
53021,29:19.000,29:19.027,2,472.0,951.0,667.0,1218.0,1094.0,946.0,1228.0,1152.0,,,,
53036,29:19.500,29:19.528,2,442.0,934.0,641.0,1198.0,1070.0,930.0,1204.0,1136.0,,,,
53051,29:20.000,29:20.028,2,434.0,921.0,635.0,1183.0,1061.0,916.0,1196.0,1124.0,,,,
53066,29:20.500,29:20.528,2,433.0,931.0,635.0,1199.0,1063.0,926.0,1196.0,1137.0,,,,
53081,29:21.000,29:21.028,2,430.0,924.0,631.0,1189.0,1068.0,919.0,1201.0,1134.0,,,,
53096,29:21.500,29:21.528,2,432.0,921.0,632.0,1184.0,1068.0,918.0,1201.0,1124.0,,,,
53111,29:22.000,29:22.028,2,422.0,903.0,622.0,1171.0,1058.0,904.0,1191.0,1116.0,,,,
53126,29:22.500,29:22.528,2,431.0,899.0,630.0,1168.0,1066.0,901.0,1199.0,1113.0,,,,
53141,29:23.000,29:23.028,2,429.0,901.0,629.0,1173.0,1066.0,905.0,1199.0,1114.0,,,,
53156,29:23.500,29:23.528,2,272.0,822.0,490.0,1100.0,947.0,813.0,1082.0,1019.0,,,,
53171,29:24.000,29:24.030,2,227.0,936.0,454.0,1223.0,912.0,876.0,1052.0,1088.0,,,,
53186,29:24.500,29:24.530,2,269.0,975.0,491.0,1259.0,940.0,903.0,1077.0,1116.0,,,,
53201,29:25.000,29:25.022,2,300.0,958.0,520.0,1240.0,958.0,888.0,1093.0,1099.0,,,,
53216,29:25.500,29:25.522,2,338.0,989.0,556.0,1273.0,984.0,913.0,1124.0,1127.0,,,,
53231,29:26.000,29:26.022,3,115.0,992.0,348.0,1297.0,800.0,991.0,984.0,1247.0,1362.0,892.0,1500.0,1102.0
53246,29:26.500,29:26.522,3,824.0,1030.0,1014.0,1289.0,136.0,1096.0,370.0,1405.0,1372.0,885.0,1518.0,1087.0
53261,29:27.000,29:27.022,3,810.0,1051.0,1007.0,1313.0,116.0,1143.0,355.0,1454.0,1353.0,885.0,1499.0,1089.0
53276,29:27.500,29:27.522,3,139.0,1111.0,372.0,1418.0,823.0,1034.0,1011.0,1293.0,1366.0,877.0,1513.0,1079.0
53291,29:28.000,29:28.023,3,744.0,1036.0,941.0,1296.0,17.0,1133.0,271.0,1444.0,1292.0,859.0,1441.0,1066.0
53306,29:28.500,29:28.523,3,747.0,1052.0,947.0,1322.0,13.0,1162.0,270.0,1470.0,1295.0,885.0,1442.0,1092.0
53321,29:29.000,29:29.023,3,23.0,1155.0,277.0,1464.0,758.0,1043.0,956.0,1315.0,1304.0,881.0,1454.0,1084.0
53336,29:29.500,29:29.523,3,781.0,1078.0,976.0,1343.0,67.0,1164.0,311.0,1485.0,1328.0,903.0,1479.0,1114.0
53351,29:30.000,29:30.023,3,789.0,1060.0,982.0,1324.0,79.0,1147.0,321.0,1461.0,1333.0,896.0,1483.0,1102.0
53366,29:30.500,29:30.523,3,109.0,1110.0,347.0,1422.0,801.0,1031.0,996.0,1293.0,1346.0,878.0,1497.0,1081.0
53381,29:31.000,29:31.023,3,112.0,1118.0,346.0,1432.0,804.0,1038.0,999.0,1299.0,1351.0,880.0,1499.0,1084.0
53396,29:31.500,29:31.523,3,117.0,1120.0,350.0,1428.0,807.0,1042.0,1000.0,1296.0,1355.0,878.0,1502.0,1082.0
53411,29:32.000,29:32.025,3,816.0,1061.0,1011.0,1324.0,121.0,1151.0,358.0,1459.0,1363.0,899.0,1510.0,1103.0
53426,29:32.500,29:32.525,3,836.0,1066.0,1028.0,1329.0,148.0,1152.0,380.0,1456.0,1384.0,904.0,1531.0,1115.0
53441,29:33.000,29:33.025,3,164.0,1131.0,393.0,1438.0,843.0,1055.0,1035.0,1318.0,1388.0,895.0,1537.0,1107.0
53456,29:33.500,29:33.525,3,853.0,1032.0,1045.0,1293.0,180.0,1100.0,411.0,1406.0,1400.0,881.0,1546.0,1090.0
53471,29:34.000,29:34.025,3,202.0,1096.0,427.0,1399.0,864.0,1033.0,1057.0,1292.0,1413.0,884.0,1560.0,1093.0
53486,29:34.500,29:34.525,3,864.0,1034.0,1055.0,1295.0,198.0,1106.0,425.0,1405.0,1411.0,885.0,1559.0,1096.0
53501,29:35.000,29:35.025,3,862.0,1050.0,1049.0,1312.0,202.0,1119.0,426.0,1418.0,1414.0,899.0,1564.0,1108.0
53516,29:35.500,29:35.525,3,232.0,1106.0,453.0,1405.0,877.0,1046.0,1069.0,1308.0,1431.0,901.0,1579.0,1111.0
53531,29:36.000,29:36.025,3,881.0,1013.0,1068.0,1269.0,245.0,1065.0,464.0,1365.0,1436.0,876.0,1587.0,1083.0
53546,29:36.500,29:36.527,3,254.0,1043.0,470.0,1327.0,885.0,985.0,1071.0,1239.0,1442.0,848.0,1591.0,1061.0
53561,29:37.000,29:37.027,3,219.0,1054.0,439.0,1348.0,876.0,993.0,1067.0,1251.0,1430.0,860.0,1578.0,1072.0
53576,29:37.500,29:37.527,3,781.0,1076.0,974.0,1344.0,71.0,1140.0,309.0,1448.0,1348.0,940.0,1493.0,1155.0
53591,29:38.000,29:38.027,3,680.0,1142.0,880.0,1415.0,1255.0,998.0,1400.0,1202.0,-99.0,1216.0,175.0,1517.0
53606,29:38.500,29:38.527,3,640.0,1106.0,842.0,1378.0,1214.0,946.0,1361.0,1153.0,-109.0,1207.0,132.0,1510.0
53621,29:39.000,29:39.027,3,762.0,1037.0,950.0,1299.0,52.0,1057.0,293.0,1377.0,1332.0,914.0,1477.0,1134.0
53636,29:39.500,29:39.527,3,170.0,1035.0,393.0,1338.0,836.0,1042.0,1021.0,1301.0,1419.0,941.0,1565.0,1166.0
53651,29:40.000,29:40.027,3,637.0,1082.0,832.0,1356.0,1262.0,1025.0,1403.0,1252.0,-115.0,1033.0,128.0,1351.0
53666,29:40.500,29:40.528,2,536.0,1032.0,746.0,1310.0,1170.0,936.0,1311.0,1156.0,,,,
53681,29:41.000,29:41.028,2,436.0,879.0,656.0,1157.0,1051.0,729.0,1195.0,952.0,,,,
53696,29:41.500,29:41.528,2,451.0,955.0,666.0,1234.0,1071.0,841.0,1211.0,1047.0,,,,
53711,29:42.000,29:42.028,2,566.0,964.0,766.0,1230.0,1169.0,864.0,1307.0,1074.0,,,,
53726,29:42.500,29:42.528,2,551.0,978.0,749.0,1239.0,1156.0,881.0,1296.0,1091.0,,,,
53741,29:43.000,29:43.028,2,522.0,992.0,726.0,1267.0,1138.0,910.0,1273.0,1118.0,,,,
53756,29:43.500,29:43.528,2,599.0,959.0,791.0,1228.0,1202.0,891.0,1334.0,1100.0,,,,
53771,29:44.000,29:44.028,3,1028.0,890.0,1201.0,1136.0,421.0,850.0,620.0,1117.0,1601.0,840.0,1749.0,1051.0
53786,29:44.500,29:44.530,3,370.0,883.0,571.0,1161.0,987.0,917.0,1163.0,1169.0,1559.0,857.0,1705.0,1075.0
53801,29:45.000,29:45.030,3,295.0,950.0,507.0,1236.0,937.0,988.0,1116.0,1245.0,1509.0,934.0,1654.0,1153.0
53816,29:45.500,29:45.522,3,961.0,955.0,1137.0,1208.0,329.0,924.0,537.0,1200.0,1532.0,897.0,1673.0,1117.0
53831,29:46.000,29:46.022,3,815.0,981.0,998.0,1232.0,128.0,932.0,360.0,1226.0,1393.0,924.0,1531.0,1141.0
53846,29:46.500,29:46.522,3,80.0,863.0,315.0,1154.0,783.0,901.0,962.0,1158.0,1357.0,854.0,1496.0,1062.0
53861,29:47.000,29:47.022,3,68.0,1047.0,309.0,1357.0,789.0,1072.0,974.0,1338.0,1368.0,1004.0,1507.0,1217.0
53876,29:47.500,29:47.522,3,660.0,981.0,853.0,1243.0,1251.0,903.0,1387.0,1112.0,-110.0,961.0,148.0,1277.0
53891,29:48.000,29:48.022,2,605.0,954.0,796.0,1220.0,1202.0,887.0,1337.0,1099.0,,,,
53906,29:48.500,29:48.522,2,582.0,977.0,777.0,1251.0,1186.0,919.0,1322.0,1132.0,,,,
53921,29:49.000,29:49.023,2,561.0,990.0,755.0,1261.0,1169.0,934.0,1305.0,1143.0,,,,
53936,29:49.500,29:49.523,2,550.0,993.0,747.0,1267.0,1165.0,946.0,1299.0,1157.0,,,,
53951,29:50.000,29:50.023,2,613.0,970.0,803.0,1232.0,1216.0,935.0,1351.0,1140.0,,,,
53966,29:50.500,29:50.523,3,663.0,952.0,846.0,1212.0,-95.0,868.0,156.0,1184.0,1258.0,927.0,1392.0,1134.0
53981,29:51.000,29:51.023,3,728.0,877.0,917.0,1123.0,57.0,653.0,302.0,924.0,1312.0,997.0,1452.0,1207.0
53996,29:51.500,29:51.523,3,55.0,565.0,308.0,833.0,710.0,858.0,903.0,1095.0,1277.0,1029.0,1419.0,1240.0
54011,29:52.000,29:52.023,3,605.0,865.0,813.0,1104.0,-79.0,524.0,200.0,814.0,1180.0,1054.0,1321.0,1261.0
54026,29:52.500,29:52.523,3,578.0,815.0,791.0,1063.0,1152.0,1021.0,1294.0,1230.0,-98.0,455.0,168.0,742.0
54041,29:53.000,29:53.025,3,623.0,834.0,834.0,1074.0,1197.0,1028.0,1341.0,1244.0,-46.0,484.0,224.0,760.0
54056,29:53.500,29:53.525,3,677.0,849.0,877.0,1093.0,21.0,502.0,276.0,772.0,1245.0,1059.0,1393.0,1264.0
54071,29:54.000,29:54.025,3,688.0,838.0,891.0,1081.0,34.0,489.0,288.0,763.0,1248.0,1039.0,1393.0,1249.0
54086,29:54.500,29:54.525,3,694.0,834.0,897.0,1078.0,44.0,487.0,296.0,762.0,1250.0,1032.0,1395.0,1242.0
54101,29:55.000,29:55.025,3,105.0,525.0,350.0,784.0,718.0,856.0,919.0,1098.0,1273.0,1048.0,1419.0,1260.0
54116,29:55.500,29:55.525,3,788.0,893.0,985.0,1138.0,178.0,606.0,407.0,856.0,1353.0,1084.0,1499.0,1295.0
54131,29:56.000,29:56.025,3,179.0,564.0,413.0,821.0,792.0,854.0,983.0,1096.0,1346.0,1032.0,1493.0,1243.0
54146,29:56.500,29:56.525,3,252.0,598.0,482.0,844.0,834.0,890.0,1022.0,1124.0,1390.0,1073.0,1540.0,1284.0
54161,29:57.000,29:57.027,3,307.0,639.0,529.0,885.0,870.0,916.0,1061.0,1155.0,1433.0,1119.0,1584.0,1330.0
54176,29:57.500,29:57.527,3,861.0,911.0,1053.0,1148.0,290.0,633.0,518.0,874.0,1420.0,1099.0,1573.0,1313.0
54191,29:58.000,29:58.027,3,288.0,606.0,516.0,845.0,862.0,891.0,1053.0,1127.0,1414.0,1077.0,1566.0,1289.0
54206,29:58.500,29:58.527,3,848.0,891.0,1045.0,1127.0,279.0,597.0,512.0,840.0,1400.0,1082.0,1552.0,1293.0
54221,29:59.000,29:59.027,3,840.0,875.0,1036.0,1106.0,267.0,573.0,500.0,818.0,1385.0,1067.0,1537.0,1279.0
54236,29:59.500,29:59.527,3,846.0,836.0,1044.0,1075.0,275.0,530.0,503.0,783.0,1386.0,1039.0,1539.0,1246.0
54251,30:00.000,30:00.027,3,851.0,841.0,1048.0,1076.0,279.0,530.0,510.0,780.0,1387.0,1039.0,1540.0,1251.0
54266,30:00.500,30:00.527,3,288.0,542.0,517.0,785.0,854.0,856.0,1047.0,1083.0,1392.0,1052.0,1545.0,1261.0
54281,30:01.000,30:01.027,3,307.0,552.0,532.0,795.0,865.0,865.0,1059.0,1095.0,1404.0,1068.0,1557.0,1282.0
54296,30:01.500,30:01.528,3,309.0,544.0,535.0,788.0,867.0,857.0,1061.0,1090.0,1406.0,1063.0,1560.0,1277.0
54311,30:02.000,30:02.028,3,864.0,852.0,1055.0,1087.0,307.0,538.0,530.0,783.0,1403.0,1060.0,1558.0,1273.0
54326,30:02.500,30:02.528,3,867.0,869.0,1061.0,1099.0,312.0,551.0,536.0,793.0,1405.0,1073.0,1558.0,1287.0
54341,30:03.000,30:03.028,3,322.0,546.0,546.0,787.0,875.0,869.0,1067.0,1095.0,1410.0,1073.0,1565.0,1287.0
54356,30:03.500,30:03.528,3,879.0,870.0,1077.0,1097.0,332.0,549.0,555.0,784.0,1416.0,1076.0,1573.0,1290.0
54371,30:04.000,30:04.028,3,883.0,883.0,1077.0,1106.0,1423.0,1092.0,1581.0,1302.0,343.0,560.0,571.0,793.0
54386,30:04.500,30:04.528,3,357.0,572.0,578.0,810.0,895.0,889.0,1085.0,1129.0,1429.0,1107.0,1587.0,1320.0
54401,30:05.000,30:05.028,3,369.0,554.0,586.0,783.0,899.0,869.0,1093.0,1098.0,1436.0,1084.0,1594.0,1299.0
54416,30:05.500,30:05.522,3,326.0,544.0,550.0,783.0,872.0,865.0,1065.0,1092.0,1411.0,1069.0,1567.0,1285.0
54431,30:06.000,30:06.022,3,881.0,854.0,1074.0,1085.0,339.0,536.0,563.0,773.0,1417.0,1065.0,1574.0,1282.0
54446,30:06.500,30:06.522,3,353.0,517.0,575.0,760.0,888.0,847.0,1079.0,1079.0,1421.0,1065.0,1579.0,1282.0
54461,30:07.000,30:07.022,3,884.0,832.0,1080.0,1067.0,341.0,484.0,562.0,730.0,1417.0,1056.0,1574.0,1264.0
54476,30:07.500,30:07.522,3,339.0,519.0,562.0,753.0,883.0,858.0,1079.0,1092.0,1411.0,1085.0,1571.0,1298.0
54491,30:08.000,30:08.022,3,885.0,852.0,1079.0,1082.0,338.0,511.0,560.0,748.0,1415.0,1074.0,1574.0,1290.0
54506,30:08.500,30:08.522,3,882.0,836.0,1078.0,1067.0,349.0,494.0,571.0,741.0,1413.0,1057.0,1571.0,1267.0
54521,30:09.000,30:09.022,3,875.0,851.0,1070.0,1082.0,343.0,517.0,572.0,758.0,1407.0,1071.0,1564.0,1286.0
54536,30:09.500,30:09.523,3,347.0,534.0,573.0,770.0,878.0,855.0,1074.0,1091.0,1413.0,1082.0,1568.0,1292.0
54551,30:10.000,30:10.023,3,347.0,560.0,575.0,793.0,879.0,882.0,1079.0,1110.0,1414.0,1098.0,1573.0,1311.0
54566,30:10.500,30:10.523,3,840.0,933.0,1031.0,1168.0,266.0,652.0,496.0,892.0,1392.0,1105.0,1542.0,1316.0
54581,30:11.000,30:11.023,3,343.0,403.0,560.0,660.0,920.0,697.0,1107.0,922.0,1460.0,867.0,1610.0,1073.0
54596,30:11.500,30:11.523,3,304.0,387.0,522.0,635.0,890.0,695.0,1083.0,925.0,1428.0,885.0,1578.0,1085.0
54611,30:12.000,30:12.023,3,884.0,661.0,1074.0,895.0,307.0,349.0,535.0,600.0,1418.0,862.0,1569.0,1062.0
54626,30:12.500,30:12.523,3,357.0,422.0,579.0,656.0,905.0,716.0,1093.0,952.0,1436.0,916.0,1589.0,1125.0
54641,30:13.000,30:13.023,3,359.0,448.0,581.0,688.0,907.0,753.0,1097.0,981.0,1440.0,948.0,1591.0,1153.0
54656,30:13.500,30:13.523,3,919.0,784.0,1110.0,1017.0,383.0,478.0,603.0,723.0,1451.0,985.0,1603.0,1194.0
54671,30:14.000,30:14.025,3,922.0,780.0,1112.0,1011.0,384.0,473.0,604.0,718.0,1452.0,976.0,1604.0,1188.0
54686,30:14.500,30:14.525,3,935.0,809.0,1124.0,1034.0,403.0,503.0,622.0,743.0,1464.0,1008.0,1617.0,1221.0
54701,30:15.000,30:15.025,3,428.0,486.0,640.0,728.0,950.0,796.0,1141.0,1027.0,1478.0,1005.0,1633.0,1213.0
54716,30:15.500,30:15.525,3,952.0,812.0,1146.0,1038.0,434.0,497.0,646.0,738.0,1482.0,1020.0,1639.0,1231.0
54731,30:16.000,30:16.025,3,968.0,834.0,1165.0,1060.0,458.0,520.0,670.0,760.0,1500.0,1042.0,1656.0,1255.0
54746,30:16.500,30:16.525,3,558.0,575.0,755.0,800.0,1066.0,842.0,1251.0,1074.0,1609.0,1044.0,1768.0,1257.0
54761,30:17.000,30:17.025,3,1173.0,844.0,1352.0,1075.0,1739.0,1015.0,1899.0,1235.0,660.0,609.0,844.0,831.0
54776,30:17.500,30:17.525,3,938.0,849.0,1117.0,1088.0,339.0,622.0,547.0,864.0,1499.0,985.0,1639.0,1198.0
54791,30:18.000,30:18.027,3,64.0,567.0,306.0,836.0,750.0,823.0,937.0,1061.0,1313.0,942.0,1453.0,1151.0
54806,30:18.500,30:18.527,3,737.0,872.0,927.0,1108.0,57.0,607.0,301.0,880.0,1303.0,991.0,1443.0,1200.0
54821,30:19.000,30:19.027,3,766.0,929.0,960.0,1169.0,114.0,658.0,347.0,935.0,1330.0,1061.0,1470.0,1273.0
54836,30:19.500,30:19.527,3,172.0,681.0,401.0,941.0,808.0,938.0,996.0,1180.0,1370.0,1072.0,1510.0,1285.0
54851,30:20.000,30:20.027,3,234.0,576.0,460.0,828.0,845.0,827.0,1030.0,1068.0,1401.0,971.0,1544.0,1175.0
54866,30:20.500,30:20.527,3,219.0,569.0,448.0,827.0,835.0,825.0,1020.0,1067.0,1386.0,971.0,1530.0,1175.0
54881,30:21.000,30:21.027,3,233.0,697.0,459.0,941.0,838.0,946.0,1020.0,1188.0,1394.0,1090.0,1539.0,1303.0
54896,30:21.500,30:21.527,3,285.0,692.0,512.0,933.0,871.0,951.0,1058.0,1190.0,1425.0,1101.0,1571.0,1315.0
54911,30:22.000,30:22.028,3,904.0,947.0,1084.0,1190.0,338.0,684.0,554.0,922.0,1458.0,1108.0,1605.0,1321.0
54926,30:22.500,30:22.528,3,362.0,518.0,577.0,766.0,930.0,795.0,1113.0,1027.0,1476.0,961.0,1624.0,1167.0
54941,30:23.000,30:23.028,3,359.0,577.0,574.0,819.0,928.0,845.0,1110.0,1079.0,1472.0,1012.0,1619.0,1223.0
54956,30:23.500,30:23.528,3,939.0,888.0,1127.0,1122.0,385.0,620.0,598.0,850.0,1486.0,1059.0,1636.0,1270.0
54971,30:24.000,30:24.028,3,904.0,841.0,1088.0,1079.0,329.0,552.0,545.0,799.0,1447.0,1010.0,1593.0,1223.0
54986,30:24.500,30:24.528,2,528.0,853.0,751.0,1099.0,1103.0,1068.0,1251.0,1274.0,,,,
55001,30:25.000,30:25.028,2,457.0,807.0,688.0,1049.0,1037.0,1027.0,1189.0,1234.0,,,,
55016,30:25.500,30:25.520,2,416.0,770.0,644.0,1017.0,1002.0,994.0,1158.0,1200.0,,,,
55031,30:26.000,30:26.020,2,390.0,778.0,621.0,1022.0,983.0,999.0,1136.0,1204.0,,,,
55046,30:26.500,30:26.522,2,407.0,774.0,637.0,1018.0,994.0,998.0,1144.0,1204.0,,,,
55061,30:27.000,30:27.022,2,427.0,793.0,659.0,1040.0,1009.0,1016.0,1164.0,1228.0,,,,
55076,30:27.500,30:27.522,3,574.0,861.0,792.0,1103.0,1133.0,1074.0,1283.0,1286.0,-110.0,544.0,157.0,828.0
55091,30:28.000,30:28.022,3,625.0,889.0,843.0,1129.0,-14.0,540.0,264.0,814.0,1185.0,1093.0,1336.0,1307.0
55106,30:28.500,30:28.522,3,679.0,880.0,889.0,1116.0,69.0,528.0,331.0,791.0,1226.0,1091.0,1376.0,1303.0
55121,30:29.000,30:29.022,3,682.0,872.0,890.0,1107.0,67.0,529.0,329.0,787.0,1231.0,1081.0,1379.0,1291.0
55136,30:29.500,30:29.522,3,725.0,840.0,929.0,1078.0,125.0,499.0,379.0,759.0,1266.0,1046.0,1416.0,1257.0
55151,30:30.000,30:30.022,3,733.0,814.0,937.0,1050.0,130.0,466.0,387.0,728.0,1271.0,1022.0,1422.0,1230.0
55166,30:30.500,30:30.523,3,715.0,801.0,920.0,1035.0,98.0,454.0,354.0,719.0,1258.0,1001.0,1406.0,1206.0
55181,30:31.000,30:31.023,3,101.0,456.0,351.0,722.0,728.0,816.0,931.0,1050.0,1269.0,1020.0,1418.0,1229.0
55196,30:31.500,30:31.523,3,735.0,823.0,939.0,1053.0,129.0,467.0,381.0,731.0,1276.0,1027.0,1426.0,1233.0
55211,30:32.000,30:32.023,3,735.0,823.0,939.0,1056.0,134.0,469.0,386.0,729.0,1275.0,1030.0,1426.0,1236.0
55226,30:32.500,30:32.523,3,730.0,823.0,926.0,1054.0,142.0,469.0,392.0,729.0,1279.0,1036.0,1431.0,1244.0
55241,30:33.000,30:33.023,3,730.0,832.0,923.0,1064.0,150.0,477.0,399.0,740.0,1280.0,1040.0,1430.0,1253.0
55256,30:33.500,30:33.523,3,423.0,592.0,636.0,828.0,1499.0,1089.0,1655.0,1309.0,959.0,876.0,1124.0,1093.0
55271,30:34.000,30:34.023,3,446.0,615.0,653.0,845.0,992.0,914.0,1157.0,1123.0,1512.0,1112.0,1668.0,1329.0
55286,30:34.500,30:34.525,3,373.0,518.0,576.0,756.0,1474.0,1027.0,1628.0,1242.0,947.0,883.0,1118.0,1077.0
55301,30:35.000,30:35.025,3,229.0,449.0,451.0,707.0,833.0,833.0,1020.0,1061.0,1372.0,970.0,1520.0,1186.0
55316,30:35.500,30:35.525,3,721.0,819.0,919.0,1057.0,83.0,417.0,328.0,672.0,1267.0,962.0,1414.0,1173.0
55331,30:36.000,30:36.025,3,698.0,806.0,901.0,1041.0,70.0,384.0,316.0,651.0,1250.0,971.0,1400.0,1177.0
55346,30:36.500,30:36.525,3,676.0,817.0,878.0,1053.0,60.0,402.0,308.0,664.0,1239.0,992.0,1389.0,1197.0
55361,30:37.000,30:37.025,3,606.0,837.0,808.0,1076.0,-22.0,416.0,239.0,686.0,1188.0,1010.0,1337.0,1223.0
55376,30:37.500,30:37.525,2,514.0,817.0,724.0,1064.0,1113.0,1000.0,1260.0,1205.0,,,,
55391,30:38.000,30:38.025,2,402.0,832.0,617.0,1088.0,1028.0,1004.0,1176.0,1210.0,,,,
55406,30:38.500,30:38.525,2,304.0,813.0,532.0,1078.0,960.0,966.0,1109.0,1180.0,,,,
55421,30:39.000,30:39.027,2,327.0,756.0,542.0,1017.0,992.0,934.0,1142.0,1140.0,,,,
55436,30:39.500,30:39.527,2,357.0,806.0,569.0,1063.0,1019.0,969.0,1165.0,1182.0,,,,
55451,30:40.000,30:40.027,2,400.0,805.0,609.0,1066.0,1047.0,969.0,1192.0,1178.0,,,,
55466,30:40.500,30:40.527,2,429.0,818.0,636.0,1079.0,1067.0,977.0,1213.0,1187.0,,,,
55481,30:41.000,30:41.027,2,473.0,831.0,680.0,1087.0,1090.0,982.0,1234.0,1197.0,,,,
55496,30:41.500,30:41.527,2,484.0,818.0,695.0,1073.0,1097.0,973.0,1245.0,1183.0,,,,
55511,30:42.000,30:42.027,2,497.0,831.0,706.0,1082.0,1100.0,980.0,1246.0,1189.0,,,,
55526,30:42.500,30:42.527,2,518.0,849.0,727.0,1102.0,1120.0,1004.0,1266.0,1213.0,,,,
55541,30:43.000,30:43.028,2,538.0,831.0,747.0,1084.0,1131.0,989.0,1279.0,1198.0,,,,
55556,30:43.500,30:43.528,3,539.0,827.0,751.0,1082.0,1133.0,989.0,1280.0,1197.0,-106.0,438.0,160.0,725.0
55571,30:44.000,30:44.028,3,542.0,831.0,754.0,1084.0,1137.0,991.0,1281.0,1199.0,-99.0,442.0,172.0,732.0
55586,30:44.500,30:44.528,3,557.0,835.0,774.0,1091.0,1136.0,993.0,1281.0,1200.0,-97.0,442.0,174.0,730.0
55601,30:45.000,30:45.028,3,556.0,838.0,778.0,1092.0,1133.0,988.0,1280.0,1196.0,-96.0,443.0,174.0,727.0
55616,30:45.500,30:45.520,3,562.0,855.0,785.0,1108.0,-90.0,462.0,184.0,740.0,1140.0,1002.0,1284.0,1206.0
55631,30:46.000,30:46.020,3,621.0,856.0,830.0,1099.0,-17.0,465.0,260.0,744.0,1191.0,996.0,1337.0,1204.0
55646,30:46.500,30:46.520,3,756.0,875.0,961.0,1115.0,175.0,518.0,423.0,773.0,1313.0,1012.0,1459.0,1224.0
55661,30:47.000,30:47.020,3,285.0,541.0,519.0,782.0,831.0,888.0,1023.0,1130.0,1379.0,1036.0,1529.0,1250.0
55676,30:47.500,30:47.522,3,274.0,536.0,509.0,779.0,821.0,892.0,1019.0,1129.0,1375.0,1034.0,1526.0,1250.0
55691,30:48.000,30:48.022,3,266.0,517.0,503.0,764.0,817.0,873.0,1014.0,1108.0,1373.0,1019.0,1522.0,1230.0
55706,30:48.500,30:48.522,3,816.0,880.0,1017.0,1117.0,262.0,525.0,497.0,770.0,1369.0,1028.0,1519.0,1238.0
55721,30:49.000,30:49.022,3,253.0,521.0,488.0,767.0,814.0,871.0,1009.0,1111.0,1367.0,1016.0,1515.0,1229.0
55736,30:49.500,30:49.522,3,793.0,840.0,987.0,1078.0,230.0,475.0,465.0,726.0,1346.0,990.0,1494.0,1198.0
55751,30:50.000,30:50.022,3,808.0,843.0,1005.0,1082.0,251.0,477.0,487.0,733.0,1359.0,1001.0,1507.0,1205.0
55766,30:50.500,30:50.522,3,807.0,838.0,1003.0,1075.0,250.0,466.0,487.0,722.0,1356.0,996.0,1505.0,1200.0
55781,30:51.000,30:51.022,3,803.0,845.0,1000.0,1086.0,250.0,475.0,485.0,734.0,1353.0,1006.0,1502.0,1215.0
55796,30:51.500,30:51.523,3,769.0,905.0,964.0,1148.0,208.0,547.0,446.0,796.0,1327.0,1065.0,1475.0,1273.0
55811,30:52.000,30:52.023,3,769.0,770.0,966.0,1010.0,185.0,400.0,428.0,659.0,1322.0,936.0,1470.0,1140.0
55826,30:52.500,30:52.523,3,756.0,792.0,956.0,1030.0,170.0,418.0,410.0,676.0,1311.0,954.0,1459.0,1164.0
55841,30:53.000,30:53.023,3,746.0,781.0,946.0,1014.0,136.0,384.0,378.0,653.0,1300.0,941.0,1447.0,1149.0
55856,30:53.500,30:53.523,3,740.0,785.0,941.0,1018.0,131.0,384.0,372.0,650.0,1290.0,946.0,1435.0,1160.0
55871,30:54.000,30:54.023,3,733.0,787.0,932.0,1023.0,120.0,377.0,362.0,649.0,1287.0,964.0,1434.0,1167.0
55886,30:54.500,30:54.523,3,732.0,806.0,934.0,1042.0,135.0,411.0,382.0,675.0,1282.0,975.0,1431.0,1185.0
55901,30:55.000,30:55.023,3,727.0,792.0,932.0,1028.0,122.0,388.0,368.0,654.0,1279.0,964.0,1427.0,1167.0
55916,30:55.500,30:55.525,3,668.0,787.0,871.0,1026.0,20.0,366.0,272.0,637.0,1229.0,966.0,1377.0,1164.0
55931,30:56.000,30:56.025,3,675.0,788.0,878.0,1026.0,29.0,360.0,281.0,634.0,1234.0,974.0,1382.0,1172.0
55946,30:56.500,30:56.525,3,737.0,809.0,937.0,1043.0,106.0,425.0,342.0,688.0,1294.0,962.0,1440.0,1170.0
55961,30:57.000,30:57.025,3,668.0,882.0,854.0,1139.0,1246.0,828.0,1380.0,1038.0,-109.0,761.0,122.0,1058.0
55976,30:57.500,30:57.525,2,390.0,1185.0,627.0,1472.0,966.0,909.0,1120.0,1117.0,,,,
55991,30:58.000,30:58.025,2,449.0,1144.0,678.0,1421.0,1009.0,880.0,1161.0,1075.0,,,,
56006,30:58.500,30:58.525,2,405.0,1172.0,647.0,1457.0,974.0,904.0,1126.0,1098.0,,,,
56021,30:59.000,30:59.025,2,464.0,1132.0,699.0,1410.0,1025.0,882.0,1180.0,1077.0,,,,
56036,30:59.500,30:59.525,3,777.0,1041.0,979.0,1298.0,33.0,1159.0,290.0,1468.0,1289.0,819.0,1439.0,1022.0
56051,31:00.000,31:00.027,3,864.0,1056.0,1069.0,1316.0,187.0,1136.0,416.0,1443.0,1377.0,824.0,1531.0,1027.0
56066,31:00.500,31:00.527,3,918.0,947.0,1111.0,1206.0,264.0,974.0,481.0,1265.0,1445.0,768.0,1593.0,980.0
56081,31:01.000,31:01.027,3,854.0,926.0,1039.0,1176.0,173.0,875.0,400.0,1162.0,1401.0,798.0,1542.0,1006.0
56096,31:01.500,31:01.527,3,213.0,862.0,433.0,1142.0,882.0,919.0,1061.0,1166.0,1429.0,794.0,1569.0,1003.0
56111,31:02.000,31:02.027,3,203.0,868.0,426.0,1150.0,878.0,948.0,1060.0,1199.0,1427.0,843.0,1566.0,1050.0
56126,31:02.500,31:02.527,3,377.0,792.0,582.0,1056.0,994.0,933.0,1165.0,1178.0,1556.0,884.0,1695.0,1096.0
56141,31:03.000,31:03.027,3,594.0,718.0,779.0,961.0,1152.0,916.0,1320.0,1157.0,1733.0,919.0,1885.0,1145.0
56156,31:03.500,31:03.527,3,1804.0,914.0,1965.0,1142.0,1216.0,894.0,1385.0,1133.0,673.0,684.0,853.0,930.0
56171,31:04.000,31:04.028,3,529.0,731.0,721.0,981.0,1089.0,943.0,1261.0,1185.0,1660.0,970.0,1812.0,1190.0
56186,31:04.500,31:04.528,3,507.0,771.0,700.0,1015.0,1069.0,987.0,1240.0,1229.0,1641.0,1018.0,1791.0,1240.0
56201,31:05.000,31:05.028,3,376.0,746.0,582.0,1004.0,964.0,980.0,1139.0,1222.0,1529.0,1011.0,1672.0,1229.0
56216,31:05.500,31:05.520,3,824.0,978.0,1010.0,1225.0,249.0,669.0,478.0,914.0,1386.0,1091.0,1532.0,1309.0
56231,31:06.000,31:06.020,3,385.0,603.0,605.0,836.0,899.0,939.0,1090.0,1188.0,1448.0,1107.0,1598.0,1324.0
56246,31:06.500,31:06.520,3,909.0,958.0,1098.0,1203.0,1463.0,1121.0,1615.0,1341.0,400.0,626.0,615.0,854.0
56261,31:07.000,31:07.020,3,898.0,928.0,1087.0,1169.0,373.0,585.0,587.0,823.0,1450.0,1091.0,1602.0,1305.0
56276,31:07.500,31:07.520,3,926.0,1030.0,1113.0,1273.0,402.0,702.0,616.0,940.0,1495.0,1180.0,1646.0,1397.0
56291,31:08.000,31:08.022,3,1002.0,1117.0,1197.0,1365.0,509.0,794.0,707.0,1019.0,1579.0,1276.0,1739.0,1500.0
56306,31:08.500,31:08.522,3,1004.0,1039.0,1193.0,1281.0,510.0,717.0,707.0,943.0,1569.0,1201.0,1726.0,1428.0
56321,31:09.000,31:09.022,3,1005.0,1044.0,1198.0,1292.0,509.0,729.0,707.0,947.0,1572.0,1212.0,1730.0,1437.0
56336,31:09.500,31:09.522,3,504.0,694.0,703.0,917.0,1008.0,1018.0,1195.0,1258.0,1570.0,1181.0,1729.0,1404.0
56351,31:10.000,31:10.022,3,1005.0,1030.0,1194.0,1271.0,511.0,706.0,711.0,928.0,1568.0,1191.0,1728.0,1419.0
56366,31:10.500,31:10.522,3,1036.0,1010.0,1226.0,1248.0,568.0,677.0,766.0,898.0,1594.0,1185.0,1757.0,1409.0
56381,31:11.000,31:11.022,3,1060.0,1011.0,1253.0,1254.0,1623.0,1198.0,1786.0,1424.0,597.0,695.0,793.0,907.0
56396,31:11.500,31:11.522,3,1636.0,1233.0,1801.0,1464.0,612.0,713.0,811.0,926.0,1072.0,1035.0,1264.0,1280.0
56411,31:12.000,31:12.022,3,1640.0,1230.0,1805.0,1458.0,619.0,712.0,816.0,922.0,1075.0,1034.0,1267.0,1276.0
56426,31:12.500,31:12.523,3,1078.0,1026.0,1268.0,1268.0,1642.0,1227.0,1808.0,1452.0,626.0,697.0,821.0,912.0
56441,31:13.000,31:13.023,3,1645.0,1235.0,1813.0,1465.0,1083.0,1037.0,1274.0,1276.0,635.0,702.0,833.0,917.0
56456,31:13.500,31:13.523,3,1088.0,1020.0,1279.0,1256.0,1649.0,1216.0,1816.0,1448.0,640.0,681.0,839.0,893.0
56471,31:14.000,31:14.023,3,1087.0,1027.0,1279.0,1265.0,1648.0,1226.0,1813.0,1454.0,638.0,687.0,836.0,900.0
56486,31:14.500,31:14.523,3,1088.0,1026.0,1279.0,1264.0,633.0,679.0,830.0,893.0,1650.0,1224.0,1816.0,1452.0
56501,31:15.000,31:15.023,3,1669.0,1203.0,1837.0,1433.0,653.0,660.0,850.0,875.0,1107.0,1006.0,1297.0,1245.0
56516,31:15.500,31:15.523,3,1088.0,1016.0,1281.0,1253.0,1650.0,1210.0,1818.0,1438.0,635.0,670.0,830.0,884.0
56531,31:16.000,31:16.023,3,1646.0,1132.0,1815.0,1357.0,1094.0,937.0,1288.0,1171.0,639.0,590.0,841.0,804.0
56546,31:16.500,31:16.525,3,1662.0,1203.0,1832.0,1435.0,657.0,658.0,859.0,869.0,1104.0,1003.0,1299.0,1241.0
56561,31:17.000,31:17.025,3,1688.0,1231.0,1861.0,1464.0,1121.0,1030.0,1316.0,1270.0,670.0,699.0,868.0,904.0
56576,31:17.500,31:17.525,3,1150.0,1017.0,1344.0,1256.0,1717.0,1214.0,1893.0,1447.0,699.0,685.0,892.0,893.0
56591,31:18.000,31:18.025,3,1730.0,1193.0,1903.0,1426.0,1165.0,1002.0,1353.0,1234.0,714.0,677.0,909.0,886.0
56606,31:18.500,31:18.525,3,1742.0,1175.0,1917.0,1404.0,1176.0,972.0,1367.0,1211.0,731.0,648.0,927.0,860.0
56621,31:19.000,31:19.025,3,1171.0,966.0,1364.0,1205.0,1732.0,1180.0,1905.0,1407.0,731.0,630.0,927.0,838.0
56636,31:19.500,31:19.525,3,1183.0,943.0,1380.0,1182.0,1741.0,1161.0,1921.0,1390.0,740.0,610.0,931.0,821.0
56651,31:20.000,31:20.025,3,1746.0,1174.0,1929.0,1401.0,1203.0,931.0,1400.0,1164.0,734.0,580.0,920.0,783.0
56666,31:20.500,31:20.527,3,1105.0,910.0,1301.0,1141.0,1626.0,1156.0,1801.0,1374.0,641.0,544.0,836.0,757.0
56681,31:21.000,31:21.027,3,396.0,535.0,626.0,768.0,875.0,918.0,1078.0,1157.0,1395.0,1169.0,1560.0,1382.0
56696,31:21.500,31:21.527,3,752.0,930.0,971.0,1173.0,248.0,531.0,497.0,767.0,1275.0,1175.0,1438.0,1385.0
56711,31:22.000,31:22.027,3,646.0,957.0,871.0,1204.0,102.0,514.0,374.0,776.0,1177.0,1186.0,1338.0,1407.0
56726,31:22.500,31:22.527,3,560.0,922.0,783.0,1171.0,1143.0,1209.0,1305.0,1428.0,57.0,510.0,334.0,767.0
56741,31:23.000,31:23.027,3,58.0,538.0,343.0,792.0,577.0,946.0,814.0,1211.0,1142.0,1243.0,1305.0,1457.0
56756,31:23.500,31:23.527,3,1139.0,1254.0,1306.0,1475.0,66.0,543.0,348.0,796.0,627.0,939.0,873.0,1209.0
56771,31:24.000,31:24.027,3,594.0,959.0,820.0,1208.0,44.0,526.0,327.0,780.0,1124.0,1250.0,1290.0,1467.0
56786,31:24.500,31:24.527,3,577.0,965.0,797.0,1215.0,20.0,505.0,300.0,761.0,1113.0,1240.0,1279.0,1453.0
56801,31:25.000,31:25.020,3,573.0,979.0,801.0,1229.0,22.0,498.0,304.0,756.0,1111.0,1233.0,1278.0,1448.0
56816,31:25.500,31:25.520,3,575.0,980.0,805.0,1231.0,21.0,503.0,303.0,761.0,1113.0,1235.0,1280.0,1449.0
56831,31:26.000,31:26.020,3,575.0,975.0,806.0,1227.0,29.0,500.0,313.0,761.0,1112.0,1232.0,1280.0,1456.0
56846,31:26.500,31:26.520,3,586.0,978.0,811.0,1228.0,1126.0,1236.0,1292.0,1450.0,59.0,514.0,341.0,778.0
56861,31:27.000,31:27.020,3,596.0,961.0,814.0,1207.0,1134.0,1215.0,1298.0,1432.0,67.0,500.0,350.0,760.0
56876,31:27.500,31:27.520,3,606.0,959.0,827.0,1200.0,1139.0,1215.0,1302.0,1432.0,80.0,499.0,355.0,757.0
56891,31:28.000,31:28.020,3,610.0,961.0,835.0,1200.0,1143.0,1211.0,1308.0,1431.0,87.0,499.0,364.0,759.0
56906,31:28.500,31:28.520,3,611.0,958.0,835.0,1198.0,1146.0,1211.0,1310.0,1430.0,103.0,499.0,375.0,760.0
56921,31:29.000,31:29.022,3,622.0,966.0,844.0,1209.0,122.0,518.0,395.0,779.0,1151.0,1227.0,1318.0,1437.0
56936,31:29.500,31:29.522,3,635.0,973.0,855.0,1218.0,133.0,523.0,403.0,784.0,1160.0,1233.0,1326.0,1444.0
56951,31:30.000,31:30.022,3,637.0,962.0,862.0,1203.0,136.0,512.0,408.0,767.0,1160.0,1217.0,1326.0,1431.0
56966,31:30.500,31:30.522,3,646.0,964.0,872.0,1207.0,1166.0,1226.0,1333.0,1435.0,144.0,512.0,417.0,768.0
56981,31:31.000,31:31.022,3,648.0,963.0,874.0,1208.0,158.0,512.0,425.0,768.0,1169.0,1232.0,1336.0,1441.0
56996,31:31.500,31:31.522,3,654.0,963.0,878.0,1211.0,164.0,514.0,429.0,767.0,1173.0,1230.0,1339.0,1441.0
57011,31:32.000,31:32.022,3,661.0,973.0,886.0,1222.0,168.0,524.0,434.0,779.0,1178.0,1236.0,1344.0,1448.0
57026,31:32.500,31:32.522,3,667.0,963.0,896.0,1213.0,182.0,516.0,444.0,768.0,1182.0,1228.0,1352.0,1444.0
57041,31:33.000,31:33.023,3,1195.0,1207.0,1362.0,1420.0,193.0,496.0,453.0,746.0,689.0,952.0,915.0,1193.0
57056,31:33.500,31:33.523,3,211.0,490.0,470.0,742.0,1206.0,1209.0,1369.0,1419.0,694.0,943.0,921.0,1185.0
57071,31:34.000,31:34.023,3,219.0,497.0,482.0,744.0,702.0,945.0,926.0,1187.0,1211.0,1211.0,1378.0,1422.0
57086,31:34.500,31:34.523,3,705.0,957.0,927.0,1194.0,223.0,512.0,481.0,751.0,1214.0,1217.0,1379.0,1428.0
57101,31:35.000,31:35.023,3,242.0,521.0,494.0,754.0,718.0,958.0,937.0,1197.0,1226.0,1223.0,1393.0,1432.0
57116,31:35.500,31:35.523,3,725.0,953.0,943.0,1193.0,1233.0,1215.0,1400.0,1430.0,243.0,507.0,496.0,745.0
57131,31:36.000,31:36.023,3,248.0,506.0,496.0,742.0,731.0,956.0,956.0,1194.0,1235.0,1214.0,1403.0,1429.0
57146,31:36.500,31:36.523,3,284.0,530.0,530.0,765.0,757.0,970.0,978.0,1207.0,1268.0,1235.0,1432.0,1439.0
57161,31:37.000,31:37.023,3,312.0,541.0,550.0,777.0,783.0,979.0,995.0,1220.0,1294.0,1240.0,1459.0,1457.0
57176,31:37.500,31:37.525,3,808.0,977.0,1020.0,1218.0,340.0,552.0,572.0,782.0,1316.0,1236.0,1479.0,1446.0
57191,31:38.000,31:38.025,3,502.0,538.0,718.0,769.0,965.0,931.0,1166.0,1164.0,1480.0,1166.0,1647.0,1382.0
57206,31:38.500,31:38.525,3,1562.0,1088.0,1725.0,1300.0,1037.0,872.0,1238.0,1101.0,561.0,504.0,764.0,739.0
57221,31:39.000,31:39.025,3,2148.0,895.0,2342.0,1146.0,1492.0,866.0,1673.0,1110.0,947.0,702.0,1112.0,937.0
57236,31:39.500,31:39.525,2,1603.0,694.0,1799.0,944.0,1031.0,713.0,1195.0,955.0,,,,
57251,31:40.000,31:40.025,3,1466.0,988.0,1664.0,1249.0,2039.0,768.0,2241.0,1008.0,892.0,1060.0,1064.0,1319.0
57266,31:40.500,31:40.525,3,1335.0,1060.0,1540.0,1313.0,764.0,1185.0,951.0,1461.0,1846.0,789.0,2037.0,1007.0
57281,31:41.000,31:41.025,3,1297.0,1013.0,1494.0,1261.0,1789.0,737.0,1975.0,957.0,726.0,1150.0,912.0,1421.0
57296,31:41.500,31:41.527,3,935.0,899.0,1134.0,1137.0,307.0,1099.0,533.0,1376.0,1389.0,610.0,1550.0,815.0
57311,31:42.000,31:42.027,3,679.0,944.0,896.0,1187.0,-59.0,1218.0,224.0,1503.0,1141.0,646.0,1307.0,831.0
57326,31:42.500,31:42.527,3,743.0,1047.0,953.0,1289.0,9.0,1307.0,268.0,1521.0,1208.0,760.0,1364.0,948.0
57341,31:43.000,31:43.027,3,794.0,1059.0,999.0,1302.0,71.0,1287.0,325.0,1514.0,1259.0,780.0,1418.0,965.0
57356,31:43.500,31:43.527,2,730.0,1122.0,938.0,1383.0,1200.0,836.0,1359.0,1026.0,,,,
57371,31:44.000,31:44.027,3,819.0,1089.0,1027.0,1336.0,1280.0,790.0,1445.0,977.0,124.0,1341.0,373.0,1517.0
57386,31:44.500,31:44.527,2,848.0,1142.0,1053.0,1396.0,1311.0,850.0,1475.0,1044.0,,,,
57401,31:45.000,31:45.018,2,767.0,1144.0,971.0,1401.0,1244.0,875.0,1402.0,1069.0,,,,
57416,31:45.500,31:45.518,3,740.0,1079.0,947.0,1340.0,1222.0,818.0,1381.0,1015.0,-13.0,1296.0,244.0,1514.0
57431,31:46.000,31:46.020,3,730.0,991.0,938.0,1248.0,-22.0,1177.0,245.0,1480.0,1224.0,750.0,1371.0,940.0
57446,31:46.500,31:46.520,3,677.0,1004.0,888.0,1264.0,-100.0,1200.0,168.0,1500.0,1171.0,755.0,1323.0,946.0
57461,31:47.000,31:47.020,2,585.0,1050.0,800.0,1312.0,1093.0,793.0,1246.0,987.0,,,,
57476,31:47.500,31:47.520,2,606.0,1046.0,821.0,1305.0,1115.0,794.0,1267.0,985.0,,,,
57491,31:48.000,31:48.020,2,654.0,1035.0,859.0,1294.0,1163.0,799.0,1309.0,992.0,,,,
57506,31:48.500,31:48.520,3,729.0,1047.0,923.0,1308.0,1255.0,874.0,1395.0,1069.0,-61.0,1124.0,203.0,1439.0
57521,31:49.000,31:49.020,3,326.0,1002.0,542.0,1289.0,993.0,1002.0,1172.0,1252.0,1512.0,873.0,1658.0,1076.0
57536,31:49.500,31:49.520,3,342.0,976.0,552.0,1268.0,998.0,1020.0,1171.0,1269.0,1535.0,920.0,1678.0,1130.0
57551,31:50.000,31:50.022,3,1086.0,925.0,1254.0,1164.0,516.0,743.0,705.0,995.0,1662.0,954.0,1809.0,1171.0
57566,31:50.500,31:50.522,3,2044.0,1011.0,2238.0,1253.0,1412.0,859.0,1585.0,1096.0,933.0,621.0,1098.0,831.0
57581,31:51.000,31:51.022,3,2041.0,1017.0,2235.0,1259.0,1414.0,869.0,1595.0,1107.0,932.0,631.0,1097.0,835.0
57596,31:51.500,31:51.522,3,1079.0,801.0,1257.0,1034.0,552.0,545.0,741.0,786.0,1644.0,911.0,1795.0,1122.0
57611,31:52.000,31:52.022,3,1249.0,865.0,1423.0,1097.0,1842.0,967.0,2005.0,1189.0,741.0,656.0,913.0,873.0
57626,31:52.500,31:52.522,3,1311.0,894.0,1490.0,1133.0,1916.0,1000.0,2090.0,1233.0,797.0,680.0,966.0,895.0
57641,31:53.000,31:53.022,3,1112.0,881.0,1290.0,1113.0,1680.0,1009.0,1835.0,1226.0,597.0,628.0,778.0,843.0
57656,31:53.500,31:53.522,3,852.0,901.0,1048.0,1135.0,303.0,573.0,516.0,804.0,1394.0,1076.0,1545.0,1285.0
57671,31:54.000,31:54.023,3,266.0,598.0,491.0,831.0,822.0,931.0,1023.0,1170.0,1363.0,1120.0,1514.0,1329.0
57686,31:54.500,31:54.523,3,778.0,907.0,979.0,1148.0,212.0,568.0,437.0,803.0,1320.0,1094.0,1471.0,1308.0
57701,31:55.000,31:55.023,3,772.0,927.0,980.0,1166.0,205.0,569.0,433.0,804.0,1310.0,1109.0,1461.0,1319.0
57716,31:55.500,31:55.523,3,222.0,545.0,448.0,783.0,776.0,908.0,975.0,1145.0,1319.0,1094.0,1472.0,1305.0
57731,31:56.000,31:56.023,3,766.0,916.0,965.0,1149.0,222.0,539.0,452.0,779.0,1314.0,1096.0,1468.0,1305.0
57746,31:56.500,31:56.523,3,250.0,538.0,493.0,780.0,767.0,918.0,971.0,1153.0,1311.0,1097.0,1466.0,1310.0
57761,31:57.000,31:57.023,3,741.0,911.0,946.0,1153.0,230.0,538.0,484.0,780.0,1291.0,1095.0,1443.0,1301.0
57776,31:57.500,31:57.523,3,733.0,908.0,938.0,1149.0,227.0,534.0,485.0,776.0,1285.0,1097.0,1438.0,1309.0
57791,31:58.000,31:58.023,3,744.0,901.0,950.0,1139.0,244.0,516.0,495.0,759.0,1291.0,1094.0,1443.0,1297.0
57806,31:58.500,31:58.525,3,743.0,895.0,949.0,1129.0,234.0,493.0,492.0,739.0,1292.0,1085.0,1443.0,1289.0
57821,31:59.000,31:59.025,3,236.0,486.0,497.0,725.0,740.0,893.0,943.0,1128.0,1283.0,1084.0,1434.0,1288.0
57836,31:59.500,31:59.525,3,736.0,898.0,943.0,1132.0,229.0,490.0,498.0,733.0,1275.0,1090.0,1431.0,1296.0
57851,32:00.000,32:00.025,3,685.0,820.0,900.0,1056.0,164.0,399.0,432.0,644.0,1225.0,1026.0,1377.0,1226.0
57866,32:00.500,32:00.525,3,638.0,761.0,854.0,988.0,112.0,305.0,398.0,566.0,1177.0,979.0,1333.0,1178.0
57881,32:01.000,32:01.025,3,599.0,732.0,822.0,973.0,101.0,249.0,403.0,512.0,1121.0,995.0,1285.0,1192.0
57896,32:01.500,32:01.525,3,590.0,734.0,816.0,976.0,91.0,248.0,399.0,512.0,1117.0,1000.0,1279.0,1192.0
57911,32:02.000,32:02.025,3,597.0,757.0,816.0,986.0,102.0,266.0,397.0,524.0,1122.0,1008.0,1285.0,1199.0
57926,32:02.500,32:02.527,3,597.0,748.0,820.0,981.0,89.0,252.0,382.0,513.0,1125.0,997.0,1288.0,1192.0
57941,32:03.000,32:03.027,3,594.0,753.0,816.0,983.0,76.0,250.0,370.0,511.0,1123.0,1002.0,1284.0,1193.0
57956,32:03.500,32:03.527,3,603.0,759.0,825.0,989.0,89.0,258.0,382.0,526.0,1132.0,1004.0,1290.0,1197.0
57971,32:04.000,32:04.027,3,605.0,749.0,830.0,982.0,93.0,256.0,385.0,517.0,1140.0,1000.0,1292.0,1193.0
57986,32:04.500,32:04.527,3,607.0,733.0,833.0,973.0,1138.0,989.0,1296.0,1189.0,91.0,248.0,392.0,514.0
58001,32:05.000,32:05.027,3,589.0,766.0,814.0,1001.0,44.0,280.0,339.0,553.0,1123.0,1000.0,1282.0,1198.0
58016,32:05.500,32:05.518,3,600.0,746.0,821.0,983.0,1136.0,981.0,1294.0,1184.0,57.0,260.0,345.0,534.0
58031,32:06.000,32:06.018,3,607.0,772.0,829.0,1009.0,72.0,287.0,362.0,565.0,1146.0,1009.0,1301.0,1206.0
58046,32:06.500,32:06.520,3,608.0,740.0,831.0,981.0,1145.0,979.0,1305.0,1181.0,69.0,260.0,358.0,541.0
58061,32:07.000,32:07.020,3,619.0,758.0,839.0,988.0,82.0,266.0,366.0,548.0,1156.0,996.0,1309.0,1199.0
58076,32:07.500,32:07.520,3,630.0,784.0,847.0,1017.0,112.0,318.0,388.0,579.0,1166.0,1031.0,1319.0,1236.0
58091,32:08.000,32:08.020,3,627.0,790.0,846.0,1032.0,108.0,329.0,387.0,594.0,1160.0,1036.0,1320.0,1245.0
58106,32:08.500,32:08.520,3,663.0,902.0,878.0,1151.0,170.0,481.0,435.0,734.0,1205.0,1141.0,1362.0,1358.0
58121,32:09.000,32:09.020,3,229.0,434.0,490.0,683.0,715.0,859.0,927.0,1099.0,1243.0,1095.0,1406.0,1307.0
58136,32:09.500,32:09.520,3,719.0,850.0,931.0,1088.0,233.0,423.0,492.0,669.0,1248.0,1086.0,1409.0,1302.0
58151,32:10.000,32:10.020,3,722.0,836.0,936.0,1073.0,236.0,408.0,492.0,652.0,1252.0,1073.0,1413.0,1284.0
58166,32:10.500,32:10.520,3,552.0,803.0,773.0,1054.0,-46.0,382.0,230.0,659.0,1125.0,999.0,1275.0,1209.0
58181,32:11.000,32:11.022,2,492.0,914.0,708.0,1179.0,1043.0,691.0,1193.0,895.0,,,,
58196,32:11.500,32:11.522,2,223.0,1171.0,498.0,1459.0,783.0,799.0,957.0,994.0,,,,
58211,32:12.000,32:12.022,2,273.0,1150.0,533.0,1432.0,820.0,786.0,991.0,983.0,,,,
58226,32:12.500,32:12.522,2,284.0,1162.0,542.0,1444.0,828.0,795.0,998.0,993.0,,,,
58241,32:13.000,32:13.022,2,358.0,1186.0,606.0,1467.0,884.0,828.0,1056.0,1025.0,,,,
58256,32:13.500,32:13.522,2,368.0,1202.0,622.0,1491.0,900.0,841.0,1065.0,1043.0,,,,
58271,32:14.000,32:14.022,2,418.0,1204.0,661.0,1483.0,936.0,850.0,1101.0,1046.0,,,,
58286,32:14.500,32:14.522,2,441.0,1181.0,684.0,1452.0,964.0,837.0,1123.0,1030.0,,,,
58301,32:15.000,32:15.023,2,439.0,1173.0,684.0,1444.0,960.0,832.0,1123.0,1021.0,,,,
58316,32:15.500,32:15.523,2,437.0,1180.0,681.0,1453.0,961.0,835.0,1123.0,1028.0,,,,
58331,32:16.000,32:16.023,2,441.0,1191.0,686.0,1467.0,961.0,840.0,1123.0,1035.0,,,,
58346,32:16.500,32:16.523,2,415.0,1176.0,664.0,1452.0,941.0,829.0,1113.0,1021.0,,,,
58361,32:17.000,32:17.023,2,406.0,1111.0,657.0,1381.0,929.0,766.0,1101.0,960.0,,,,
58376,32:17.500,32:17.523,2,414.0,1124.0,660.0,1398.0,943.0,791.0,1108.0,979.0,,,,
58391,32:18.000,32:18.023,2,450.0,1131.0,690.0,1405.0,980.0,802.0,1147.0,994.0,,,,
58406,32:18.500,32:18.523,2,488.0,1125.0,719.0,1403.0,992.0,812.0,1154.0,1007.0,,,,
58421,32:19.000,32:19.025,2,519.0,1123.0,734.0,1386.0,996.0,811.0,1158.0,1007.0,,,,
58436,32:19.500,32:19.525,2,542.0,1129.0,760.0,1370.0,1010.0,825.0,1179.0,1019.0,,,,
58451,32:20.000,32:20.025,2,527.0,1126.0,752.0,1383.0,1009.0,825.0,1181.0,1023.0,,,,
58466,32:20.500,32:20.525,2,528.0,1118.0,757.0,1371.0,1015.0,823.0,1184.0,1016.0,,,,
58481,32:21.000,32:21.025,2,525.0,1125.0,754.0,1390.0,1023.0,827.0,1185.0,1024.0,,,,
58496,32:21.500,32:21.525,2,521.0,1131.0,754.0,1401.0,1033.0,830.0,1194.0,1025.0,,,,
58511,32:22.000,32:22.025,2,522.0,1131.0,755.0,1401.0,1038.0,825.0,1201.0,1023.0,,,,
58526,32:22.500,32:22.525,2,517.0,1143.0,750.0,1410.0,1034.0,835.0,1197.0,1026.0,,,,
58541,32:23.000,32:23.025,2,517.0,1140.0,753.0,1408.0,1036.0,830.0,1199.0,1024.0,,,,
58556,32:23.500,32:23.527,2,527.0,1125.0,763.0,1396.0,1042.0,814.0,1207.0,1013.0,,,,
58571,32:24.000,32:24.027,2,539.0,1117.0,770.0,1386.0,1054.0,806.0,1215.0,1007.0,,,,
58586,32:24.500,32:24.527,3,363.0,954.0,568.0,1239.0,990.0,947.0,1169.0,1199.0,1533.0,807.0,1679.0,1018.0
58601,32:25.000,32:25.027,3,2041.0,986.0,2230.0,1231.0,1395.0,919.0,1572.0,1164.0,889.0,730.0,1058.0,959.0
58616,32:25.500,32:25.527,3,1945.0,1027.0,2125.0,1266.0,1321.0,918.0,1502.0,1158.0,835.0,697.0,1005.0,916.0
58631,32:26.000,32:26.018,3,892.0,893.0,1077.0,1135.0,346.0,619.0,565.0,852.0,1453.0,1033.0,1601.0,1249.0
58646,32:26.500,32:26.518,3,707.0,927.0,908.0,1171.0,116.0,576.0,364.0,839.0,1278.0,1087.0,1425.0,1297.0
58661,32:27.000,32:27.018,3,784.0,824.0,983.0,1069.0,207.0,470.0,437.0,720.0,1348.0,997.0,1494.0,1199.0
58676,32:27.500,32:27.520,3,277.0,235.0,507.0,500.0,828.0,661.0,1025.0,899.0,1361.0,882.0,1520.0,1083.0
58691,32:28.000,32:28.020,3,700.0,811.0,911.0,1050.0,142.0,383.0,391.0,638.0,1249.0,1031.0,1403.0,1230.0
58706,32:28.500,32:28.520,3,660.0,815.0,872.0,1056.0,94.0,374.0,352.0,630.0,1206.0,1040.0,1361.0,1242.0
58721,32:29.000,32:29.020,3,109.0,364.0,363.0,620.0,669.0,802.0,881.0,1045.0,1209.0,1037.0,1367.0,1240.0
58736,32:29.500,32:29.520,3,105.0,422.0,359.0,673.0,662.0,848.0,873.0,1088.0,1211.0,1070.0,1364.0,1274.0
58751,32:30.000,32:30.020,3,569.0,714.0,755.0,953.0,1099.0,965.0,1274.0,1204.0,1684.0,1065.0,1838.0,1293.0
58766,32:30.500,32:30.520,3,421.0,931.0,619.0,1205.0,1030.0,1067.0,1202.0,1313.0,1614.0,1034.0,1757.0,1257.0
58781,32:31.000,32:31.020,3,750.0,1069.0,936.0,1327.0,-1.0,1041.0,249.0,1350.0,1322.0,957.0,1457.0,1167.0
58796,32:31.500,32:31.520,3,741.0,1107.0,927.0,1368.0,-4.0,1057.0,245.0,1363.0,1321.0,1005.0,1457.0,1221.0
58811,32:32.000,32:32.022,3,670.0,1197.0,866.0,1473.0,1264.0,1086.0,1400.0,1304.0,-102.0,1157.0,154.0,1489.0
58826,32:32.500,32:32.522,2,634.0,1224.0,832.0,1497.0,1238.0,1115.0,1374.0,1335.0,,,,
58841,32:33.000,32:33.022,3,31.0,1095.0,283.0,1406.0,762.0,1145.0,948.0,1412.0,1343.0,1035.0,1486.0,1265.0
58856,32:33.500,32:33.522,3,703.0,1027.0,889.0,1288.0,-37.0,948.0,211.0,1251.0,1287.0,953.0,1421.0,1165.0
58871,32:34.000,32:34.022,2,604.0,1245.0,800.0,1503.0,1207.0,1121.0,1349.0,1346.0,,,,
58886,32:34.500,32:34.522,2,593.0,1219.0,796.0,1496.0,1201.0,1103.0,1337.0,1322.0,,,,
58901,32:35.000,32:35.022,2,608.0,1207.0,807.0,1486.0,1214.0,1102.0,1353.0,1320.0,,,,
58916,32:35.500,32:35.522,2,619.0,1190.0,816.0,1461.0,1222.0,1086.0,1360.0,1301.0,,,,
58931,32:36.000,32:36.023,2,608.0,1211.0,808.0,1486.0,1216.0,1110.0,1353.0,1327.0,,,,
58946,32:36.500,32:36.523,2,608.0,1217.0,807.0,1495.0,1220.0,1118.0,1356.0,1339.0,,,,
58961,32:37.000,32:37.023,2,580.0,1114.0,778.0,1378.0,1186.0,1014.0,1320.0,1231.0,,,,
58976,32:37.500,32:37.523,2,588.0,1142.0,783.0,1412.0,1195.0,1042.0,1329.0,1262.0,,,,
58991,32:38.000,32:38.023,2,561.0,1208.0,763.0,1486.0,1174.0,1099.0,1310.0,1325.0,,,,
59006,32:38.500,32:38.523,2,1167.0,1157.0,1306.0,1384.0,552.0,1280.0,756.0,1503.0,,,,
59021,32:39.000,32:39.023,2,1174.0,1182.0,1313.0,1412.0,556.0,1305.0,767.0,1505.0,,,,
59036,32:39.500,32:39.523,2,1198.0,1152.0,1332.0,1377.0,582.0,1256.0,780.0,1497.0,,,,
59051,32:40.000,32:40.025,2,578.0,1219.0,779.0,1492.0,1195.0,1125.0,1328.0,1342.0,,,,
59066,32:40.500,32:40.525,2,587.0,1221.0,786.0,1494.0,1204.0,1126.0,1336.0,1347.0,,,,
59081,32:41.000,32:41.025,2,585.0,1225.0,784.0,1496.0,1202.0,1130.0,1334.0,1352.0,,,,
59096,32:41.500,32:41.525,2,583.0,1229.0,783.0,1496.0,1199.0,1131.0,1334.0,1357.0,,,,
59111,32:42.000,32:42.025,2,1196.0,1145.0,1331.0,1371.0,577.0,1234.0,778.0,1498.0,,,,
59126,32:42.500,32:42.525,2,565.0,1238.0,764.0,1499.0,1185.0,1147.0,1322.0,1372.0,,,,
59141,32:43.000,32:43.025,2,569.0,1224.0,767.0,1500.0,1194.0,1141.0,1329.0,1363.0,,,,
59156,32:43.500,32:43.525,2,589.0,1211.0,788.0,1489.0,1209.0,1140.0,1344.0,1365.0,,,,
59171,32:44.000,32:44.027,2,583.0,1222.0,784.0,1497.0,1210.0,1161.0,1344.0,1388.0,,,,
59186,32:44.500,32:44.527,2,1210.0,1184.0,1348.0,1412.0,588.0,1250.0,784.0,1497.0,,,,
59201,32:45.000,32:45.027,2,601.0,1127.0,794.0,1397.0,1211.0,1088.0,1348.0,1302.0,,,,
59216,32:45.500,32:45.527,2,563.0,983.0,759.0,1244.0,1173.0,968.0,1310.0,1176.0,,,,
59231,32:46.000,32:46.018,2,514.0,1012.0,720.0,1279.0,1144.0,1030.0,1278.0,1249.0,,,,
59246,32:46.500,32:46.518,2,454.0,1048.0,667.0,1322.0,1096.0,1070.0,1232.0,1291.0,,,,
59261,32:47.000,32:47.018,2,331.0,1039.0,556.0,1316.0,1000.0,1073.0,1137.0,1288.0,,,,
59276,32:47.500,32:47.518,2,330.0,1026.0,558.0,1306.0,999.0,1069.0,1138.0,1282.0,,,,
59291,32:48.000,32:48.018,2,332.0,1002.0,558.0,1277.0,1001.0,1040.0,1141.0,1254.0,,,,
59306,32:48.500,32:48.520,2,370.0,990.0,590.0,1263.0,1028.0,1037.0,1167.0,1251.0,,,,
59321,32:49.000,32:49.020,2,355.0,988.0,575.0,1261.0,1018.0,1031.0,1156.0,1252.0,,,,
59336,32:49.500,32:49.520,2,350.0,994.0,570.0,1268.0,1017.0,1041.0,1154.0,1257.0,,,,
59351,32:50.000,32:50.020,2,349.0,997.0,569.0,1271.0,1016.0,1044.0,1153.0,1259.0,,,,
59366,32:50.500,32:50.520,2,360.0,1027.0,581.0,1303.0,1023.0,1073.0,1162.0,1286.0,,,,
59381,32:51.000,32:51.020,2,440.0,1051.0,657.0,1329.0,1087.0,1103.0,1222.0,1317.0,,,,
59396,32:51.500,32:51.520,2,525.0,1039.0,733.0,1311.0,1150.0,1090.0,1288.0,1301.0,,,,
59411,32:52.000,32:52.020,2,532.0,1034.0,741.0,1304.0,1156.0,1086.0,1292.0,1299.0,,,,
59426,32:52.500,32:52.522,2,527.0,1030.0,734.0,1300.0,1150.0,1087.0,1289.0,1296.0,,,,
59441,32:53.000,32:53.022,2,526.0,1026.0,732.0,1293.0,1149.0,1085.0,1288.0,1294.0,,,,
59456,32:53.500,32:53.522,2,516.0,1018.0,725.0,1287.0,1148.0,1075.0,1284.0,1287.0,,,,
59471,32:54.000,32:54.022,2,513.0,1020.0,723.0,1288.0,1144.0,1081.0,1280.0,1290.0,,,,
59486,32:54.500,32:54.522,2,426.0,1021.0,642.0,1295.0,1071.0,1085.0,1208.0,1297.0,,,,
59501,32:55.000,32:55.022,2,486.0,993.0,696.0,1258.0,1116.0,1054.0,1257.0,1266.0,,,,
59516,32:55.500,32:55.522,2,509.0,998.0,717.0,1261.0,1138.0,1056.0,1276.0,1264.0,,,,
59531,32:56.000,32:56.022,2,483.0,1020.0,689.0,1284.0,1119.0,1071.0,1256.0,1284.0,,,,
59546,32:56.500,32:56.523,2,465.0,991.0,674.0,1259.0,1101.0,1033.0,1238.0,1250.0,,,,
59561,32:57.000,32:57.023,2,424.0,962.0,636.0,1234.0,1070.0,1009.0,1204.0,1222.0,,,,
59576,32:57.500,32:57.523,2,396.0,948.0,611.0,1215.0,1048.0,992.0,1185.0,1198.0,,,,
59591,32:58.000,32:58.023,2,395.0,927.0,609.0,1190.0,1044.0,974.0,1181.0,1180.0,,,,
59606,32:58.500,32:58.523,2,399.0,910.0,612.0,1171.0,1050.0,954.0,1185.0,1161.0,,,,
59621,32:59.000,32:59.023,2,402.0,937.0,614.0,1204.0,1049.0,985.0,1185.0,1195.0,,,,
59636,32:59.500,32:59.523,2,391.0,972.0,607.0,1241.0,1044.0,1014.0,1179.0,1226.0,,,,
59651,33:00.000,33:00.023,2,390.0,861.0,603.0,1124.0,1034.0,912.0,1173.0,1121.0,,,,
59666,33:00.500,33:00.523,2,383.0,676.0,594.0,936.0,1028.0,758.0,1167.0,961.0,,,,
59681,33:01.000,33:01.025,2,367.0,605.0,581.0,873.0,1023.0,696.0,1159.0,896.0,,,,
59696,33:01.500,33:01.525,2,354.0,881.0,569.0,1147.0,1012.0,936.0,1148.0,1138.0,,,,
59711,33:02.000,33:02.025,2,324.0,993.0,546.0,1265.0,995.0,1014.0,1132.0,1228.0,,,,
59726,33:02.500,33:02.525,2,343.0,1012.0,561.0,1286.0,1010.0,1033.0,1146.0,1251.0,,,,
59741,33:03.000,33:03.025,2,364.0,1033.0,581.0,1303.0,1027.0,1048.0,1163.0,1261.0,,,,
59756,33:03.500,33:03.525,2,401.0,1026.0,616.0,1297.0,1053.0,1046.0,1191.0,1264.0,,,,
59771,33:04.000,33:04.025,2,515.0,1030.0,718.0,1295.0,1144.0,1040.0,1278.0,1258.0,,,,
59786,33:04.500,33:04.525,2,594.0,1041.0,789.0,1305.0,1208.0,1038.0,1341.0,1257.0,,,,
59801,33:05.000,33:05.027,2,586.0,1029.0,783.0,1291.0,1201.0,1026.0,1335.0,1238.0,,,,
59816,33:05.500,33:05.518,2,581.0,1035.0,779.0,1295.0,1200.0,1024.0,1331.0,1233.0,,,,
59831,33:06.000,33:06.018,2,602.0,1019.0,793.0,1280.0,1211.0,1006.0,1347.0,1219.0,,,,
59846,33:06.500,33:06.518,3,629.0,1013.0,819.0,1274.0,1235.0,1000.0,1372.0,1211.0,-116.0,849.0,140.0,1155.0
59861,33:07.000,33:07.018,3,636.0,1015.0,825.0,1278.0,1240.0,1003.0,1377.0,1212.0,-110.0,858.0,147.0,1159.0
59876,33:07.500,33:07.518,3,652.0,1012.0,839.0,1269.0,-90.0,859.0,163.0,1157.0,1253.0,988.0,1388.0,1198.0
59891,33:08.000,33:08.018,3,663.0,1013.0,849.0,1269.0,-78.0,867.0,175.0,1158.0,1262.0,991.0,1398.0,1198.0
59906,33:08.500,33:08.518,3,676.0,1015.0,863.0,1271.0,-55.0,873.0,193.0,1160.0,1275.0,992.0,1411.0,1202.0
59921,33:09.000,33:09.020,3,244.0,869.0,459.0,1132.0,886.0,1003.0,1060.0,1249.0,1467.0,989.0,1608.0,1202.0
59936,33:09.500,33:09.520,3,928.0,976.0,1102.0,1219.0,295.0,864.0,501.0,1124.0,1508.0,941.0,1646.0,1151.0
59951,33:10.000,33:10.020,3,910.0,975.0,1083.0,1220.0,266.0,862.0,477.0,1131.0,1485.0,927.0,1627.0,1143.0
59966,33:10.500,33:10.520,3,846.0,966.0,1020.0,1216.0,173.0,859.0,395.0,1136.0,1422.0,918.0,1557.0,1129.0
59981,33:11.000,33:11.020,3,698.0,956.0,881.0,1211.0,-47.0,861.0,200.0,1156.0,1284.0,895.0,1417.0,1106.0
59996,33:11.500,33:11.520,3,-16.0,884.0,227.0,1179.0,717.0,978.0,901.0,1233.0,1301.0,911.0,1437.0,1123.0
60011,33:12.000,33:12.020,3,720.0,979.0,906.0,1241.0,-8.0,889.0,235.0,1186.0,1305.0,915.0,1440.0,1123.0
60026,33:12.500,33:12.520,3,54.0,878.0,294.0,1180.0,755.0,988.0,934.0,1242.0,1336.0,923.0,1471.0,1134.0
60041,33:13.000,33:13.020,3,39.0,877.0,283.0,1177.0,744.0,984.0,927.0,1236.0,1325.0,916.0,1459.0,1124.0
60056,33:13.500,33:13.522,3,736.0,999.0,918.0,1255.0,26.0,904.0,272.0,1201.0,1317.0,934.0,1451.0,1142.0
60071,33:14.000,33:14.022,3,870.0,1004.0,1046.0,1249.0,219.0,903.0,440.0,1193.0,1439.0,931.0,1577.0,1142.0
60086,33:14.500,33:14.522,3,394.0,877.0,597.0,1150.0,998.0,982.0,1170.0,1227.0,1569.0,915.0,1710.0,1134.0
60101,33:15.000,33:15.022,3,340.0,877.0,547.0,1152.0,957.0,978.0,1131.0,1225.0,1526.0,911.0,1666.0,1124.0
60116,33:15.500,33:15.522,3,159.0,920.0,388.0,1199.0,827.0,999.0,1004.0,1254.0,1397.0,926.0,1535.0,1142.0
60131,33:16.000,33:16.022,3,642.0,971.0,829.0,1231.0,-97.0,888.0,157.0,1201.0,1234.0,900.0,1366.0,1107.0
60146,33:16.500,33:16.522,2,518.0,574.0,717.0,837.0,1124.0,517.0,1259.0,728.0,,,,
60161,33:17.000,33:17.022,2,319.0,109.0,563.0,419.0,995.0,91.0,1142.0,310.0,,,,
60176,33:17.500,33:17.523,2,441.0,215.0,661.0,495.0,1083.0,183.0,1221.0,409.0,,,,
60191,33:18.000,33:18.023,2,633.0,272.0,826.0,538.0,1237.0,235.0,1376.0,461.0,,,,
60206,33:18.500,33:18.523,3,765.0,366.0,941.0,616.0,54.0,222.0,298.0,521.0,1345.0,321.0,1484.0,542.0
60221,33:19.000,33:19.023,3,853.0,448.0,1023.0,687.0,190.0,308.0,414.0,593.0,1416.0,406.0,1553.0,623.0
60236,33:19.500,33:19.523,3,851.0,476.0,1020.0,714.0,189.0,337.0,412.0,618.0,1415.0,433.0,1552.0,654.0
60251,33:20.000,33:20.023,3,860.0,482.0,1028.0,724.0,196.0,337.0,419.0,621.0,1424.0,445.0,1561.0,662.0
60266,33:20.500,33:20.523,3,222.0,373.0,442.0,649.0,877.0,523.0,1046.0,761.0,1437.0,494.0,1574.0,704.0
60281,33:21.000,33:21.023,3,890.0,546.0,1054.0,782.0,248.0,400.0,461.0,668.0,1448.0,521.0,1587.0,730.0
60296,33:21.500,33:21.523,3,875.0,569.0,1042.0,809.0,226.0,429.0,446.0,697.0,1433.0,540.0,1569.0,751.0
60311,33:22.000,33:22.025,3,882.0,610.0,1045.0,843.0,242.0,464.0,455.0,734.0,1436.0,587.0,1571.0,792.0
60326,33:22.500,33:22.525,3,911.0,659.0,1075.0,891.0,296.0,508.0,504.0,769.0,1465.0,637.0,1602.0,840.0
60341,33:23.000,33:23.025,3,325.0,531.0,526.0,792.0,928.0,685.0,1096.0,915.0,1482.0,666.0,1619.0,869.0
60356,33:23.500,33:23.525,3,934.0,707.0,1101.0,939.0,333.0,556.0,534.0,813.0,1487.0,682.0,1624.0,892.0
60371,33:24.000,33:24.025,3,315.0,577.0,518.0,838.0,921.0,722.0,1084.0,951.0,1472.0,701.0,1609.0,902.0
60386,33:24.500,33:24.525,3,308.0,585.0,509.0,854.0,919.0,738.0,1083.0,967.0,1471.0,714.0,1606.0,918.0
60401,33:25.000,33:25.025,3,336.0,784.0,538.0,1043.0,941.0,922.0,1106.0,1155.0,1494.0,890.0,1630.0,1095.0
60416,33:25.500,33:25.517,3,857.0,944.0,1029.0,1188.0,215.0,816.0,431.0,1097.0,1415.0,897.0,1548.0,1103.0
60431,33:26.000,33:26.018,3,762.0,891.0,936.0,1135.0,59.0,823.0,295.0,1103.0,1317.0,802.0,1447.0,1006.0
60446,33:26.500,33:26.518,3,44.0,791.0,284.0,1078.0,755.0,859.0,933.0,1105.0,1312.0,768.0,1445.0,968.0
60461,33:27.000,33:27.018,3,735.0,877.0,916.0,1122.0,15.0,827.0,258.0,1124.0,1292.0,769.0,1425.0,972.0
60476,33:27.500,33:27.518,3,734.0,922.0,920.0,1173.0,16.0,915.0,262.0,1209.0,1288.0,786.0,1422.0,987.0
60491,33:28.000,33:28.018,3,81.0,921.0,313.0,1208.0,776.0,920.0,954.0,1168.0,1321.0,778.0,1457.0,985.0
60506,33:28.500,33:28.518,3,358.0,595.0,560.0,847.0,934.0,805.0,1103.0,1038.0,1502.0,859.0,1644.0,1066.0
60521,33:29.000,33:29.018,3,1106.0,793.0,1276.0,1026.0,585.0,580.0,767.0,815.0,1689.0,870.0,1836.0,1081.0
60536,33:29.500,33:29.518,3,601.0,511.0,788.0,743.0,1114.0,764.0,1289.0,991.0,1692.0,874.0,1847.0,1089.0
60551,33:30.000,33:30.020,3,844.0,753.0,1028.0,993.0,270.0,456.0,489.0,710.0,1406.0,884.0,1552.0,1087.0
60566,33:30.500,33:30.520,3,752.0,738.0,940.0,977.0,147.0,413.0,382.0,675.0,1320.0,879.0,1461.0,1077.0
60581,33:31.000,33:31.020,3,180.0,467.0,407.0,725.0,778.0,777.0,962.0,1021.0,1346.0,911.0,1486.0,1112.0
60596,33:31.500,33:31.520,3,885.0,878.0,1063.0,1116.0,318.0,619.0,527.0,858.0,1453.0,980.0,1594.0,1190.0
60611,33:32.000,33:32.020,3,1869.0,946.0,2034.0,1181.0,1257.0,969.0,1425.0,1207.0,715.0,830.0,886.0,1066.0
60626,33:32.500,33:32.520,3,371.0,1005.0,574.0,1296.0,999.0,1029.0,1181.0,1281.0,1549.0,887.0,1696.0,1098.0
60641,33:33.000,33:33.020,3,752.0,1057.0,957.0,1321.0,11.0,1184.0,278.0,1502.0,1266.0,814.0,1418.0,1015.0
60656,33:33.500,33:33.520,3,709.0,1063.0,912.0,1325.0,-55.0,1205.0,219.0,1507.0,1227.0,814.0,1380.0,1016.0
60671,33:34.000,33:34.020,3,693.0,1118.0,901.0,1387.0,1223.0,881.0,1370.0,1077.0,-71.0,1270.0,183.0,1514.0
60686,33:34.500,33:34.522,3,693.0,1115.0,896.0,1381.0,-92.0,1229.0,185.0,1523.0,1226.0,885.0,1373.0,1085.0
60701,33:35.000,33:35.022,3,693.0,1107.0,896.0,1374.0,-96.0,1230.0,180.0,1524.0,1225.0,885.0,1370.0,1082.0
60716,33:35.500,33:35.522,3,690.0,1127.0,895.0,1395.0,1224.0,899.0,1368.0,1101.0,-89.0,1253.0,167.0,1526.0
60731,33:36.000,33:36.022,3,695.0,1125.0,900.0,1393.0,1231.0,895.0,1374.0,1100.0,-89.0,1253.0,177.0,1528.0
60746,33:36.500,33:36.522,3,670.0,1141.0,875.0,1410.0,1209.0,913.0,1354.0,1117.0,-98.0,1279.0,128.0,1531.0
60761,33:37.000,33:37.022,2,631.0,1175.0,840.0,1450.0,1180.0,947.0,1323.0,1157.0,,,,
60776,33:37.500,33:37.522,3,640.0,860.0,843.0,1117.0,1179.0,660.0,1321.0,866.0,-101.0,988.0,143.0,1296.0
60791,33:38.000,33:38.022,3,666.0,930.0,864.0,1184.0,-64.0,1051.0,173.0,1360.0,1210.0,738.0,1353.0,936.0
60806,33:38.500,33:38.523,2,630.0,1061.0,834.0,1326.0,1187.0,870.0,1325.0,1067.0,,,,
60821,33:39.000,33:39.023,2,632.0,1010.0,833.0,1273.0,1184.0,827.0,1325.0,1025.0,,,,
60836,33:39.500,33:39.523,3,678.0,971.0,878.0,1233.0,-65.0,1060.0,178.0,1375.0,1229.0,795.0,1367.0,1004.0
60851,33:40.000,33:40.023,3,1146.0,815.0,1316.0,1050.0,570.0,824.0,750.0,1062.0,1704.0,690.0,1856.0,907.0
60866,33:40.500,33:40.523,3,1166.0,761.0,1335.0,995.0,1735.0,636.0,1888.0,860.0,593.0,756.0,773.0,997.0
60881,33:41.000,33:41.023,3,1161.0,782.0,1331.0,1014.0,1726.0,655.0,1878.0,876.0,590.0,785.0,767.0,1021.0
60896,33:41.500,33:41.523,3,1164.0,780.0,1331.0,1016.0,1727.0,660.0,1879.0,882.0,588.0,778.0,765.0,1018.0
60911,33:42.000,33:42.023,3,1188.0,774.0,1355.0,1010.0,1755.0,660.0,1910.0,883.0,616.0,766.0,791.0,1006.0
60926,33:42.500,33:42.525,3,1199.0,798.0,1369.0,1036.0,1771.0,688.0,1927.0,906.0,632.0,793.0,807.0,1030.0
60941,33:43.000,33:43.025,3,1833.0,728.0,1992.0,949.0,1251.0,828.0,1417.0,1064.0,696.0,824.0,863.0,1050.0
60956,33:43.500,33:43.525,3,1293.0,841.0,1462.0,1073.0,1884.0,743.0,2050.0,972.0,739.0,821.0,907.0,1047.0
60971,33:44.000,33:44.025,3,1828.0,648.0,1989.0,883.0,1246.0,767.0,1412.0,998.0,685.0,761.0,857.0,988.0
60986,33:44.500,33:44.525,3,1187.0,868.0,1355.0,1105.0,1756.0,760.0,1911.0,980.0,620.0,865.0,795.0,1094.0
61001,33:45.000,33:45.025,3,1148.0,939.0,1316.0,1179.0,1715.0,849.0,1868.0,1067.0,576.0,914.0,756.0,1160.0
61016,33:45.500,33:45.525,3,1216.0,954.0,1384.0,1191.0,1799.0,876.0,1955.0,1106.0,655.0,883.0,832.0,1133.0
61031,33:46.000,33:46.017,3,1774.0,850.0,1929.0,1072.0,1197.0,931.0,1367.0,1171.0,631.0,877.0,808.0,1122.0
61046,33:46.500,33:46.517,3,1801.0,476.0,1960.0,711.0,1214.0,608.0,1383.0,847.0,639.0,596.0,816.0,839.0
61061,33:47.000,33:47.018,3,1199.0,851.0,1368.0,1089.0,1771.0,737.0,1929.0,958.0,628.0,827.0,806.0,1068.0
61076,33:47.500,33:47.518,3,960.0,1040.0,1141.0,1292.0,317.0,1055.0,525.0,1331.0,1506.0,894.0,1650.0,1108.0
61091,33:48.000,33:48.018,2,686.0,1131.0,893.0,1407.0,1217.0,895.0,1360.0,1097.0,,,,
61106,33:48.500,33:48.518,2,684.0,1116.0,890.0,1383.0,1210.0,882.0,1355.0,1076.0,,,,
61121,33:49.000,33:49.018,3,697.0,843.0,896.0,1097.0,-28.0,978.0,217.0,1273.0,1224.0,634.0,1367.0,832.0
61136,33:49.500,33:49.518,3,735.0,965.0,930.0,1222.0,2.0,1081.0,252.0,1382.0,1260.0,766.0,1405.0,966.0
61151,33:50.000,33:50.018,3,731.0,1005.0,924.0,1266.0,-9.0,1122.0,242.0,1432.0,1258.0,805.0,1400.0,1010.0
61166,33:50.500,33:50.518,3,711.0,1017.0,909.0,1276.0,-33.0,1142.0,215.0,1446.0,1239.0,808.0,1384.0,1017.0
61181,33:51.000,33:51.020,3,718.0,1001.0,915.0,1265.0,-16.0,1120.0,228.0,1426.0,1248.0,800.0,1391.0,1003.0
61196,33:51.500,33:51.520,3,778.0,962.0,974.0,1221.0,70.0,1068.0,310.0,1360.0,1306.0,781.0,1448.0,987.0
61211,33:52.000,33:52.020,3,754.0,933.0,949.0,1193.0,36.0,1033.0,280.0,1329.0,1283.0,751.0,1424.0,954.0
61226,33:52.500,33:52.520,3,733.0,970.0,925.0,1230.0,1.0,1063.0,248.0,1370.0,1264.0,783.0,1405.0,985.0
61241,33:53.000,33:53.020,3,734.0,975.0,926.0,1236.0,7.0,1064.0,251.0,1368.0,1264.0,789.0,1406.0,987.0
61256,33:53.500,33:53.520,3,739.0,988.0,933.0,1249.0,13.0,1076.0,260.0,1379.0,1272.0,798.0,1414.0,1004.0
61271,33:54.000,33:54.020,3,749.0,960.0,946.0,1226.0,35.0,1039.0,278.0,1339.0,1284.0,786.0,1424.0,986.0
61286,33:54.500,33:54.520,3,797.0,880.0,983.0,1133.0,110.0,932.0,343.0,1225.0,1326.0,710.0,1467.0,916.0
61301,33:55.000,33:55.022,3,795.0,882.0,979.0,1138.0,110.0,933.0,343.0,1228.0,1326.0,714.0,1467.0,920.0
61316,33:55.500,33:55.522,3,152.0,930.0,378.0,1217.0,830.0,870.0,1015.0,1127.0,1362.0,709.0,1503.0,913.0
61331,33:56.000,33:56.022,3,871.0,886.0,1052.0,1134.0,199.0,912.0,421.0,1191.0,1409.0,735.0,1547.0,943.0
61346,33:56.500,33:56.522,3,34.0,922.0,276.0,1215.0,761.0,912.0,940.0,1162.0,1310.0,772.0,1445.0,983.0
61361,33:57.000,33:57.022,3,754.0,976.0,936.0,1231.0,20.0,967.0,265.0,1262.0,1309.0,853.0,1445.0,1059.0
61376,33:57.500,33:57.522,3,738.0,990.0,921.0,1245.0,-1.0,962.0,246.0,1258.0,1300.0,878.0,1437.0,1088.0
61391,33:58.000,33:58.022,3,713.0,998.0,899.0,1256.0,-22.0,969.0,215.0,1266.0,1282.0,890.0,1416.0,1100.0
61406,33:58.500,33:58.522,3,712.0,1001.0,897.0,1258.0,-27.0,963.0,215.0,1259.0,1281.0,891.0,1415.0,1103.0
61421,33:59.000,33:59.022,3,697.0,995.0,882.0,1253.0,-64.0,949.0,187.0,1260.0,1266.0,889.0,1399.0,1102.0
61436,33:59.500,33:59.523,3,707.0,995.0,892.0,1253.0,-47.0,946.0,197.0,1247.0,1274.0,891.0,1410.0,1106.0
61451,34:00.000,34:00.023,3,718.0,979.0,900.0,1232.0,-8.0,913.0,230.0,1202.0,1284.0,877.0,1418.0,1083.0
61466,34:00.500,34:00.523,3,996.0,1012.0,1172.0,1255.0,379.0,940.0,582.0,1221.0,1553.0,914.0,1694.0,1129.0
61481,34:01.000,34:01.023,3,1003.0,1044.0,1176.0,1287.0,387.0,956.0,586.0,1238.0,1560.0,941.0,1702.0,1161.0
61496,34:01.500,34:01.523,3,857.0,1002.0,1037.0,1253.0,187.0,950.0,408.0,1250.0,1410.0,884.0,1546.0,1096.0
61511,34:02.000,34:02.023,3,851.0,1026.0,1030.0,1278.0,174.0,990.0,398.0,1274.0,1402.0,903.0,1542.0,1117.0
61526,34:02.500,34:02.523,3,845.0,1008.0,1027.0,1266.0,173.0,970.0,397.0,1257.0,1401.0,887.0,1537.0,1098.0
61541,34:03.000,34:03.023,3,842.0,1013.0,1024.0,1272.0,167.0,978.0,393.0,1264.0,1397.0,896.0,1534.0,1106.0
61556,34:03.500,34:03.525,3,851.0,1011.0,1029.0,1266.0,170.0,974.0,396.0,1257.0,1398.0,891.0,1536.0,1107.0
61571,34:04.000,34:04.025,3,849.0,1020.0,1028.0,1276.0,168.0,985.0,393.0,1268.0,1397.0,903.0,1537.0,1117.0
61586,34:04.500,34:04.525,3,172.0,986.0,397.0,1277.0,849.0,1031.0,1028.0,1283.0,1401.0,914.0,1541.0,1127.0
61601,34:05.000,34:05.025,3,167.0,979.0,392.0,1263.0,843.0,1019.0,1024.0,1276.0,1395.0,903.0,1535.0,1118.0
61616,34:05.500,34:05.525,3,158.0,995.0,385.0,1278.0,837.0,1037.0,1020.0,1294.0,1393.0,925.0,1533.0,1143.0
61631,34:06.000,34:06.025,3,838.0,1021.0,1020.0,1277.0,162.0,977.0,387.0,1259.0,1392.0,911.0,1531.0,1124.0
61646,34:06.500,34:06.525,3,846.0,1016.0,1024.0,1268.0,172.0,948.0,397.0,1245.0,1403.0,912.0,1542.0,1122.0
61661,34:07.000,34:07.017,3,854.0,992.0,1031.0,1241.0,183.0,923.0,407.0,1219.0,1411.0,893.0,1547.0,1102.0
61676,34:07.500,34:07.517,3,176.0,936.0,402.0,1234.0,850.0,1010.0,1026.0,1260.0,1405.0,909.0,1543.0,1116.0
61691,34:08.000,34:08.018,3,853.0,996.0,1028.0,1244.0,180.0,927.0,406.0,1223.0,1411.0,896.0,1546.0,1108.0
61706,34:08.500,34:08.518,3,858.0,1002.0,1032.0,1250.0,184.0,931.0,407.0,1231.0,1409.0,904.0,1548.0,1116.0
61721,34:09.000,34:09.018,3,177.0,934.0,403.0,1233.0,852.0,1001.0,1028.0,1252.0,1404.0,904.0,1541.0,1114.0
61736,34:09.500,34:09.518,3,849.0,1037.0,1026.0,1292.0,170.0,981.0,398.0,1267.0,1404.0,934.0,1542.0,1150.0
61751,34:10.000,34:10.018,3,847.0,1017.0,1022.0,1269.0,170.0,949.0,396.0,1245.0,1399.0,920.0,1537.0,1133.0
61766,34:10.500,34:10.518,3,844.0,1021.0,1021.0,1276.0,167.0,952.0,392.0,1247.0,1399.0,927.0,1538.0,1141.0
61781,34:11.000,34:11.018,3,841.0,1018.0,1019.0,1271.0,157.0,952.0,381.0,1241.0,1396.0,919.0,1534.0,1134.0
61796,34:11.500,34:11.518,3,139.0,926.0,365.0,1208.0,830.0,991.0,1009.0,1246.0,1389.0,901.0,1523.0,1116.0
61811,34:12.000,34:12.020,3,121.0,919.0,352.0,1203.0,826.0,993.0,1000.0,1239.0,1381.0,905.0,1514.0,1115.0
61826,34:12.500,34:12.520,3,109.0,890.0,340.0,1180.0,814.0,963.0,993.0,1218.0,1367.0,884.0,1505.0,1092.0
61841,34:13.000,34:13.020,3,105.0,922.0,336.0,1206.0,808.0,993.0,987.0,1245.0,1366.0,909.0,1501.0,1119.0
61856,34:13.500,34:13.520,3,102.0,888.0,332.0,1174.0,804.0,966.0,982.0,1218.0,1356.0,884.0,1493.0,1094.0
61871,34:14.000,34:14.020,3,89.0,861.0,323.0,1142.0,791.0,930.0,966.0,1175.0,1346.0,848.0,1482.0,1049.0
61886,34:14.500,34:14.520,3,59.0,863.0,297.0,1154.0,771.0,931.0,951.0,1187.0,1327.0,851.0,1463.0,1056.0
61901,34:15.000,34:15.020,3,71.0,924.0,306.0,1213.0,776.0,1001.0,954.0,1254.0,1334.0,919.0,1470.0,1130.0
61916,34:15.500,34:15.520,3,107.0,866.0,338.0,1142.0,797.0,947.0,969.0,1196.0,1353.0,882.0,1491.0,1085.0
61931,34:16.000,34:16.022,3,802.0,879.0,980.0,1125.0,119.0,779.0,350.0,1059.0,1361.0,820.0,1497.0,1025.0
61946,34:16.500,34:16.522,3,94.0,821.0,328.0,1108.0,784.0,923.0,957.0,1170.0,1347.0,858.0,1482.0,1063.0
61961,34:17.000,34:17.022,3,766.0,954.0,942.0,1203.0,74.0,844.0,309.0,1130.0,1333.0,895.0,1467.0,1106.0
61976,34:17.500,34:17.522,3,77.0,820.0,310.0,1112.0,766.0,942.0,943.0,1190.0,1334.0,886.0,1470.0,1100.0
61991,34:18.000,34:18.022,3,81.0,867.0,315.0,1146.0,771.0,981.0,945.0,1231.0,1338.0,925.0,1474.0,1137.0
62006,34:18.500,34:18.522,3,72.0,871.0,306.0,1151.0,765.0,984.0,942.0,1235.0,1334.0,932.0,1469.0,1139.0
62021,34:19.000,34:19.022,3,768.0,971.0,943.0,1222.0,79.0,853.0,311.0,1135.0,1336.0,915.0,1471.0,1129.0
62036,34:19.500,34:19.522,3,78.0,867.0,310.0,1141.0,767.0,984.0,946.0,1234.0,1336.0,923.0,1472.0,1136.0
62051,34:20.000,34:20.022,3,90.0,873.0,326.0,1147.0,774.0,987.0,953.0,1242.0,1344.0,940.0,1481.0,1149.0
62066,34:20.500,34:20.523,3,88.0,875.0,322.0,1148.0,772.0,990.0,950.0,1247.0,1345.0,947.0,1479.0,1156.0
62081,34:21.000,34:21.023,3,87.0,875.0,320.0,1152.0,770.0,1001.0,950.0,1252.0,1342.0,960.0,1478.0,1168.0
62096,34:21.500,34:21.523,3,87.0,867.0,318.0,1139.0,775.0,994.0,954.0,1247.0,1348.0,958.0,1483.0,1167.0
62111,34:22.000,34:22.023,3,87.0,867.0,317.0,1140.0,776.0,994.0,954.0,1248.0,1348.0,962.0,1483.0,1169.0
62126,34:22.500,34:22.523,3,93.0,872.0,325.0,1143.0,775.0,989.0,954.0,1246.0,1348.0,955.0,1483.0,1163.0
62141,34:23.000,34:23.023,3,102.0,862.0,334.0,1137.0,780.0,986.0,957.0,1237.0,1350.0,950.0,1484.0,1160.0
62156,34:23.500,34:23.523,3,138.0,860.0,367.0,1134.0,808.0,986.0,987.0,1241.0,1375.0,949.0,1509.0,1159.0
62171,34:24.000,34:24.023,3,815.0,969.0,991.0,1218.0,148.0,842.0,375.0,1116.0,1379.0,930.0,1516.0,1140.0
62186,34:24.500,34:24.525,3,823.0,964.0,996.0,1213.0,160.0,830.0,382.0,1113.0,1385.0,925.0,1522.0,1135.0
62201,34:25.000,34:25.025,3,100.0,793.0,331.0,1073.0,782.0,920.0,957.0,1169.0,1348.0,884.0,1484.0,1090.0
62216,34:25.500,34:25.525,3,132.0,791.0,359.0,1075.0,804.0,923.0,979.0,1166.0,1368.0,891.0,1503.0,1097.0
62231,34:26.000,34:26.025,3,117.0,771.0,344.0,1047.0,793.0,904.0,965.0,1151.0,1357.0,877.0,1493.0,1083.0
62246,34:26.500,34:26.525,3,33.0,846.0,276.0,1131.0,731.0,981.0,913.0,1235.0,1309.0,946.0,1443.0,1159.0
62261,34:27.000,34:27.017,3,104.0,761.0,333.0,1038.0,780.0,894.0,954.0,1136.0,1349.0,865.0,1484.0,1072.0
62276,34:27.500,34:27.517,3,804.0,909.0,980.0,1155.0,134.0,793.0,361.0,1062.0,1372.0,880.0,1508.0,1084.0
62291,34:28.000,34:28.017,3,188.0,868.0,406.0,1144.0,851.0,971.0,1025.0,1221.0,1418.0,923.0,1555.0,1136.0
62306,34:28.500,34:28.518,3,957.0,1033.0,1130.0,1282.0,315.0,980.0,519.0,1244.0,1519.0,960.0,1662.0,1178.0
62321,34:29.000,34:29.018,3,369.0,989.0,568.0,1258.0,1002.0,1030.0,1174.0,1277.0,1563.0,945.0,1708.0,1162.0
62336,34:29.500,34:29.518,3,963.0,1038.0,1141.0,1286.0,315.0,998.0,521.0,1274.0,1524.0,942.0,1666.0,1162.0
62351,34:30.000,34:30.018,3,945.0,1049.0,1117.0,1298.0,290.0,1001.0,496.0,1277.0,1507.0,969.0,1648.0,1184.0
62366,34:30.500,34:30.518,3,943.0,1015.0,1117.0,1262.0,288.0,972.0,497.0,1243.0,1502.0,932.0,1643.0,1147.0
62381,34:31.000,34:31.018,3,941.0,1026.0,1115.0,1276.0,285.0,984.0,495.0,1255.0,1503.0,946.0,1643.0,1161.0
62396,34:31.500,34:31.518,3,941.0,1019.0,1116.0,1270.0,286.0,981.0,494.0,1247.0,1503.0,939.0,1644.0,1153.0
62411,34:32.000,34:32.018,3,945.0,1021.0,1118.0,1274.0,293.0,983.0,499.0,1249.0,1509.0,939.0,1649.0,1158.0
62426,34:32.500,34:32.518,3,941.0,1024.0,1116.0,1275.0,285.0,982.0,493.0,1253.0,1502.0,940.0,1642.0,1157.0
62441,34:33.000,34:33.020,3,945.0,1033.0,1118.0,1282.0,287.0,986.0,497.0,1258.0,1504.0,949.0,1645.0,1167.0
62456,34:33.500,34:33.520,3,950.0,1025.0,1120.0,1281.0,294.0,983.0,500.0,1256.0,1506.0,947.0,1648.0,1163.0
62471,34:34.000,34:34.020,3,953.0,1027.0,1122.0,1279.0,304.0,971.0,512.0,1250.0,1509.0,950.0,1651.0,1167.0
62486,34:34.500,34:34.520,3,956.0,1027.0,1127.0,1278.0,327.0,950.0,536.0,1236.0,1510.0,952.0,1653.0,1169.0
62501,34:35.000,34:35.020,3,958.0,1032.0,1132.0,1286.0,336.0,947.0,544.0,1240.0,1519.0,960.0,1661.0,1175.0
62516,34:35.500,34:35.520,3,962.0,1036.0,1138.0,1286.0,343.0,951.0,552.0,1243.0,1525.0,962.0,1668.0,1177.0
62531,34:36.000,34:36.020,3,970.0,1042.0,1145.0,1295.0,348.0,961.0,559.0,1249.0,1533.0,966.0,1676.0,1182.0
62546,34:36.500,34:36.520,3,970.0,1034.0,1142.0,1286.0,350.0,957.0,557.0,1240.0,1530.0,955.0,1672.0,1171.0
62559,34:37.000,34:37.022,3,955.0,1028.0,1127.0,1280.0,330.0,947.0,539.0,1236.0,1512.0,945.0,1655.0,1160.0
62574,34:37.500,34:37.522,3,957.0,1046.0,1133.0,1297.0,334.0,973.0,542.0,1257.0,1518.0,966.0,1661.0,1181.0
62589,34:38.000,34:38.022,3,959.0,1027.0,1137.0,1280.0,355.0,950.0,561.0,1234.0,1535.0,958.0,1678.0,1175.0
62604,34:38.500,34:38.522,3,935.0,1027.0,1117.0,1283.0,354.0,951.0,560.0,1232.0,1535.0,961.0,1678.0,1177.0
62619,34:39.000,34:39.022,3,925.0,993.0,1109.0,1251.0,332.0,921.0,540.0,1200.0,1516.0,931.0,1657.0,1146.0
62634,34:39.500,34:39.522,3,930.0,996.0,1115.0,1264.0,318.0,950.0,529.0,1237.0,1508.0,960.0,1650.0,1175.0
62649,34:40.000,34:40.022,3,293.0,947.0,507.0,1230.0,911.0,949.0,1099.0,1224.0,1491.0,948.0,1627.0,1158.0
62664,34:40.500,34:40.522,3,892.0,956.0,1096.0,1249.0,272.0,967.0,487.0,1251.0,1475.0,965.0,1615.0,1178.0
62679,34:41.000,34:41.023,3,916.0,983.0,1101.0,1245.0,266.0,955.0,482.0,1238.0,1471.0,953.0,1609.0,1163.0
62694,34:41.500,34:41.523,3,928.0,990.0,1106.0,1239.0,273.0,948.0,489.0,1235.0,1475.0,958.0,1613.0,1168.0
62709,34:42.000,34:42.023,3,293.0,940.0,504.0,1224.0,944.0,988.0,1117.0,1236.0,1483.0,960.0,1621.0,1167.0
62724,34:42.500,34:42.523,3,946.0,1015.0,1119.0,1276.0,290.0,978.0,501.0,1253.0,1479.0,987.0,1622.0,1200.0
62739,34:43.000,34:43.023,3,955.0,1018.0,1127.0,1277.0,300.0,968.0,512.0,1248.0,1489.0,986.0,1629.0,1200.0
62754,34:43.500,34:43.523,3,354.0,979.0,559.0,1258.0,989.0,1042.0,1164.0,1290.0,1529.0,1001.0,1671.0,1220.0
62769,34:44.000,34:44.023,3,1011.0,1018.0,1182.0,1280.0,379.0,972.0,584.0,1246.0,1545.0,995.0,1689.0,1209.0
62784,34:44.500,34:44.523,3,992.0,1012.0,1166.0,1266.0,355.0,958.0,558.0,1234.0,1527.0,979.0,1670.0,1197.0
62799,34:45.000,34:45.023,3,993.0,1026.0,1168.0,1284.0,356.0,977.0,560.0,1253.0,1531.0,995.0,1673.0,1214.0
62814,34:45.500,34:45.525,3,1009.0,1017.0,1183.0,1281.0,379.0,984.0,584.0,1251.0,1543.0,996.0,1687.0,1212.0
62829,34:46.000,34:46.025,3,995.0,1019.0,1169.0,1282.0,353.0,986.0,560.0,1260.0,1530.0,994.0,1673.0,1211.0
62844,34:46.500,34:46.525,3,980.0,1015.0,1156.0,1271.0,339.0,980.0,544.0,1253.0,1515.0,980.0,1657.0,1201.0
62859,34:47.000,34:47.017,3,979.0,1020.0,1154.0,1274.0,339.0,981.0,545.0,1254.0,1516.0,986.0,1658.0,1203.0
62874,34:47.500,34:47.517,3,992.0,1021.0,1166.0,1279.0,352.0,984.0,562.0,1258.0,1528.0,994.0,1671.0,1210.0
62889,34:48.000,34:48.017,3,1002.0,1021.0,1177.0,1283.0,367.0,983.0,573.0,1258.0,1538.0,1001.0,1679.0,1215.0
62904,34:48.500,34:48.517,3,387.0,985.0,591.0,1258.0,1019.0,1025.0,1190.0,1285.0,1553.0,1005.0,1693.0,1219.0
62919,34:49.000,34:49.017,3,431.0,1000.0,630.0,1258.0,1046.0,1031.0,1219.0,1284.0,1585.0,1003.0,1729.0,1222.0
62934,34:49.500,34:49.518,3,2124.0,897.0,2317.0,1150.0,1501.0,940.0,1684.0,1199.0,946.0,925.0,1111.0,1151.0
62949,34:50.000,34:50.018,3,2093.0,884.0,2281.0,1129.0,1472.0,927.0,1655.0,1187.0,925.0,909.0,1090.0,1147.0
62964,34:50.500,34:50.518,3,1463.0,941.0,1646.0,1192.0,2078.0,888.0,2266.0,1134.0,914.0,914.0,1080.0,1153.0
62979,34:51.000,34:51.018,3,2074.0,901.0,2262.0,1145.0,1458.0,951.0,1641.0,1200.0,911.0,931.0,1078.0,1162.0
62994,34:51.500,34:51.518,3,1457.0,946.0,1641.0,1198.0,2071.0,894.0,2257.0,1138.0,910.0,925.0,1076.0,1158.0
63009,34:52.000,34:52.018,3,1454.0,936.0,1637.0,1191.0,2062.0,884.0,2249.0,1130.0,904.0,915.0,1069.0,1156.0
63024,34:52.500,34:52.518,3,2052.0,879.0,2236.0,1124.0,1446.0,930.0,1629.0,1186.0,896.0,909.0,1061.0,1150.0
63039,34:53.000,34:53.018,3,2045.0,893.0,2228.0,1136.0,1441.0,945.0,1623.0,1197.0,886.0,919.0,1054.0,1158.0
63054,34:53.500,34:53.520,3,411.0,961.0,609.0,1224.0,1023.0,922.0,1199.0,1174.0,1543.0,837.0,1686.0,1043.0
63069,34:54.000,34:54.020,3,398.0,952.0,596.0,1226.0,1003.0,883.0,1185.0,1130.0,1519.0,760.0,1664.0,968.0
63084,34:54.500,34:54.520,3,978.0,915.0,1161.0,1166.0,321.0,996.0,533.0,1276.0,1493.0,797.0,1634.0,1000.0
63099,34:55.000,34:55.020,3,680.0,1028.0,885.0,1298.0,1204.0,871.0,1348.0,1070.0,-107.0,1184.0,148.0,1506.0
63114,34:55.500,34:55.520,3,652.0,1007.0,855.0,1275.0,1180.0,866.0,1324.0,1062.0,-104.0,1132.0,128.0,1455.0
63129,34:56.000,34:56.020,2,604.0,936.0,803.0,1201.0,1142.0,814.0,1278.0,1009.0,,,,
63144,34:56.500,34:56.520,2,717.0,942.0,905.0,1198.0,1212.0,820.0,1352.0,1018.0,,,,
63159,34:57.000,34:57.020,3,732.0,998.0,918.0,1258.0,-95.0,1078.0,164.0,1396.0,1231.0,873.0,1369.0,1074.0
63174,34:57.500,34:57.520,2,700.0,990.0,888.0,1256.0,1205.0,872.0,1343.0,1072.0,,,,
63189,34:58.000,34:58.022,3,716.0,995.0,905.0,1260.0,1251.0,964.0,1386.0,1168.0,-109.0,934.0,145.0,1237.0
63204,34:58.500,34:58.522,3,692.0,916.0,882.0,1176.0,1238.0,902.0,1370.0,1106.0,-111.0,818.0,131.0,1112.0
63219,34:59.000,34:59.022,2,649.0,970.0,843.0,1238.0,1207.0,959.0,1340.0,1167.0,,,,
63234,34:59.500,34:59.522,3,680.0,900.0,874.0,1157.0,-77.0,701.0,188.0,990.0,1234.0,959.0,1368.0,1166.0
63249,35:00.000,35:00.022,3,682.0,894.0,872.0,1149.0,-80.0,701.0,179.0,994.0,1233.0,940.0,1369.0,1144.0
63264,35:00.500,35:00.522,2,592.0,993.0,787.0,1264.0,1151.0,935.0,1287.0,1145.0,,,,
63279,35:01.000,35:01.022,2,538.0,1032.0,746.0,1310.0,1088.0,888.0,1231.0,1094.0,,,,
63294,35:01.500,35:01.522,2,567.0,1056.0,772.0,1329.0,1115.0,917.0,1256.0,1128.0,,,,
63309,35:02.000,35:02.023,2,551.0,1077.0,756.0,1357.0,1106.0,960.0,1246.0,1173.0,,,,
63324,35:02.500,35:02.523,2,635.0,958.0,829.0,1231.0,1180.0,884.0,1318.0,1090.0,,,,
63339,35:03.000,35:03.023,2,517.0,1007.0,722.0,1283.0,1092.0,948.0,1229.0,1168.0,,,,
63354,35:03.500,35:03.523,2,555.0,1001.0,752.0,1277.0,1124.0,966.0,1261.0,1175.0,,,,
63369,35:04.000,35:04.023,2,543.0,999.0,741.0,1272.0,1119.0,972.0,1255.0,1188.0,,,,
63384,35:04.500,35:04.523,2,514.0,1035.0,717.0,1310.0,1123.0,1017.0,1257.0,1234.0,,,,
63399,35:05.000,35:05.023,2,492.0,954.0,689.0,1219.0,1147.0,980.0,1280.0,1193.0,,,,
63414,35:05.500,35:05.523,3,660.0,713.0,838.0,960.0,-31.0,629.0,219.0,905.0,1271.0,799.0,1408.0,1012.0
63429,35:06.000,35:06.025,3,686.0,715.0,858.0,957.0,-6.0,558.0,247.0,833.0,1271.0,840.0,1408.0,1044.0
63444,35:06.500,35:06.525,3,631.0,758.0,815.0,1002.0,-64.0,584.0,211.0,867.0,1232.0,902.0,1368.0,1111.0
63459,35:07.000,35:07.017,2,532.0,779.0,721.0,1026.0,1132.0,922.0,1268.0,1135.0,,,,
63474,35:07.500,35:07.517,2,515.0,851.0,720.0,1099.0,1114.0,971.0,1253.0,1177.0,,,,
63489,35:08.000,35:08.017,3,675.0,857.0,857.0,1100.0,-60.0,682.0,202.0,967.0,1253.0,927.0,1387.0,1135.0
63504,35:08.500,35:08.517,3,645.0,906.0,828.0,1161.0,-95.0,791.0,164.0,1078.0,1232.0,951.0,1364.0,1168.0
63519,35:09.000,35:09.017,2,516.0,747.0,710.0,998.0,1120.0,829.0,1255.0,1031.0,,,,
63534,35:09.500,35:09.517,2,477.0,842.0,677.0,1101.0,1088.0,918.0,1226.0,1132.0,,,,
63549,35:10.000,35:10.017,2,477.0,840.0,676.0,1099.0,1090.0,921.0,1223.0,1133.0,,,,
63564,35:10.500,35:10.518,2,460.0,849.0,665.0,1107.0,1079.0,934.0,1215.0,1143.0,,,,
63579,35:11.000,35:11.018,2,459.0,833.0,666.0,1092.0,1078.0,924.0,1212.0,1137.0,,,,
63594,35:11.500,35:11.518,2,484.0,828.0,687.0,1082.0,1093.0,916.0,1229.0,1128.0,,,,
63609,35:12.000,35:12.018,2,510.0,838.0,709.0,1094.0,1115.0,939.0,1253.0,1147.0,,,,
63624,35:12.500,35:12.518,3,614.0,867.0,806.0,1118.0,1205.0,946.0,1341.0,1158.0,-97.0,682.0,172.0,979.0
63639,35:13.000,35:13.018,3,131.0,803.0,375.0,1076.0,783.0,936.0,963.0,1188.0,1359.0,995.0,1498.0,1204.0
63654,35:13.500,35:13.518,3,761.0,907.0,938.0,1154.0,92.0,757.0,335.0,1037.0,1336.0,967.0,1473.0,1175.0
63669,35:14.000,35:14.018,3,-25.0,693.0,228.0,966.0,669.0,851.0,854.0,1099.0,1254.0,907.0,1391.0,1121.0
63684,35:14.500,35:14.520,2,549.0,817.0,745.0,1070.0,1149.0,889.0,1286.0,1100.0,,,,
63699,35:15.000,35:15.020,2,510.0,732.0,707.0,985.0,1112.0,818.0,1248.0,1024.0,,,,
63714,35:15.500,35:15.520,2,473.0,794.0,674.0,1048.0,1084.0,871.0,1218.0,1078.0,,,,
63729,35:16.000,35:16.020,2,500.0,790.0,697.0,1040.0,1107.0,870.0,1242.0,1078.0,,,,
63744,35:16.500,35:16.520,2,527.0,802.0,725.0,1064.0,1127.0,888.0,1264.0,1098.0,,,,
63759,35:17.000,35:17.020,2,490.0,875.0,692.0,1132.0,1103.0,946.0,1237.0,1160.0,,,,
63774,35:17.500,35:17.520,2,495.0,863.0,696.0,1117.0,1104.0,945.0,1239.0,1156.0,,,,
63789,35:18.000,35:18.020,2,467.0,852.0,672.0,1110.0,1080.0,936.0,1217.0,1148.0,,,,
63804,35:18.500,35:18.522,2,474.0,856.0,680.0,1113.0,1087.0,945.0,1223.0,1157.0,,,,
63819,35:19.000,35:19.022,2,479.0,860.0,686.0,1115.0,1091.0,948.0,1231.0,1162.0,,,,
63834,35:19.500,35:19.522,2,484.0,865.0,690.0,1122.0,1097.0,959.0,1234.0,1170.0,,,,
63849,35:20.000,35:20.022,2,506.0,869.0,710.0,1119.0,1113.0,963.0,1250.0,1169.0,,,,
63864,35:20.500,35:20.522,2,518.0,873.0,722.0,1128.0,1115.0,970.0,1255.0,1184.0,,,,
63879,35:21.000,35:21.022,2,532.0,811.0,732.0,1070.0,1126.0,913.0,1266.0,1122.0,,,,
63894,35:21.500,35:21.522,2,536.0,833.0,730.0,1088.0,1126.0,935.0,1264.0,1143.0,,,,
63909,35:22.000,35:22.022,2,540.0,881.0,740.0,1133.0,1138.0,982.0,1272.0,1195.0,,,,
63924,35:22.500,35:22.522,2,547.0,866.0,748.0,1118.0,1141.0,975.0,1278.0,1180.0,,,,
63939,35:23.000,35:23.023,2,542.0,869.0,743.0,1122.0,1138.0,977.0,1276.0,1184.0,,,,
63954,35:23.500,35:23.523,2,564.0,873.0,764.0,1123.0,1151.0,979.0,1288.0,1191.0,,,,
63969,35:24.000,35:24.023,2,546.0,655.0,746.0,900.0,1138.0,772.0,1276.0,978.0,,,,
63984,35:24.500,35:24.523,2,493.0,790.0,694.0,1036.0,1090.0,888.0,1230.0,1103.0,,,,
63999,35:25.000,35:25.023,2,507.0,915.0,711.0,1162.0,1108.0,1014.0,1244.0,1229.0,,,,
64014,35:25.500,35:25.523,2,522.0,882.0,725.0,1133.0,1115.0,988.0,1255.0,1200.0,,,,
64029,35:26.000,35:26.023,2,517.0,933.0,723.0,1190.0,1115.0,1036.0,1253.0,1253.0,,,,
64044,35:26.500,35:26.515,2,534.0,940.0,732.0,1197.0,1131.0,1045.0,1269.0,1260.0,,,,
64059,35:27.000,35:27.017,2,531.0,938.0,731.0,1197.0,1129.0,1046.0,1267.0,1262.0,,,,
64074,35:27.500,35:27.517,2,520.0,921.0,725.0,1179.0,1117.0,1024.0,1256.0,1239.0,,,,
64089,35:28.000,35:28.017,2,528.0,924.0,730.0,1180.0,1127.0,1028.0,1263.0,1239.0,,,,
64104,35:28.500,35:28.517,2,539.0,926.0,740.0,1179.0,1140.0,1021.0,1277.0,1237.0,,,,
64119,35:29.000,35:29.017,2,540.0,912.0,739.0,1160.0,1136.0,1007.0,1272.0,1221.0,,,,
64134,35:29.500,35:29.517,2,542.0,912.0,743.0,1160.0,1140.0,1009.0,1274.0,1222.0,,,,
64149,35:30.000,35:30.017,2,545.0,907.0,744.0,1157.0,1141.0,1008.0,1274.0,1221.0,,,,
64164,35:30.500,35:30.517,2,551.0,911.0,749.0,1161.0,1146.0,1013.0,1279.0,1226.0,,,,
64179,35:31.000,35:31.018,2,550.0,916.0,750.0,1166.0,1145.0,1019.0,1281.0,1230.0,,,,
64194,35:31.500,35:31.518,2,547.0,910.0,747.0,1160.0,1142.0,1010.0,1275.0,1223.0,,,,
64209,35:32.000,35:32.018,2,542.0,915.0,745.0,1165.0,1140.0,1018.0,1273.0,1229.0,,,,
64224,35:32.500,35:32.518,2,544.0,892.0,744.0,1140.0,1137.0,991.0,1275.0,1207.0,,,,
64239,35:33.000,35:33.018,2,533.0,874.0,731.0,1126.0,1125.0,978.0,1263.0,1186.0,,,,
64254,35:33.500,35:33.518,2,545.0,897.0,746.0,1147.0,1137.0,997.0,1276.0,1205.0,,,,
64269,35:34.000,35:34.018,2,554.0,915.0,751.0,1161.0,1145.0,1015.0,1280.0,1224.0,,,,
64284,35:34.500,35:34.518,2,546.0,913.0,744.0,1159.0,1144.0,1012.0,1280.0,1222.0,,,,
64299,35:35.000,35:35.018,2,542.0,912.0,741.0,1158.0,1139.0,1003.0,1276.0,1217.0,,,,
64314,35:35.500,35:35.520,2,544.0,918.0,746.0,1168.0,1142.0,1013.0,1276.0,1227.0,,,,
64329,35:36.000,35:36.020,2,545.0,916.0,747.0,1167.0,1143.0,1012.0,1279.0,1229.0,,,,
64344,35:36.500,35:36.520,2,545.0,916.0,744.0,1166.0,1148.0,1015.0,1285.0,1229.0,,,,
64359,35:37.000,35:37.020,2,555.0,908.0,752.0,1158.0,1152.0,1010.0,1289.0,1222.0,,,,
64374,35:37.500,35:37.520,2,557.0,871.0,755.0,1119.0,1149.0,971.0,1289.0,1178.0,,,,
64389,35:38.000,35:38.020,2,572.0,835.0,769.0,1092.0,1163.0,942.0,1300.0,1152.0,,,,
64404,35:38.500,35:38.520,2,584.0,840.0,779.0,1097.0,1171.0,948.0,1306.0,1158.0,,,,
64419,35:39.000,35:39.020,2,589.0,813.0,784.0,1064.0,1174.0,913.0,1312.0,1125.0,,,,
64434,35:39.500,35:39.522,2,444.0,846.0,648.0,1110.0,1058.0,909.0,1197.0,1116.0,,,,
64449,35:40.000,35:40.022,2,399.0,887.0,609.0,1157.0,1029.0,937.0,1165.0,1141.0,,,,
64464,35:40.500,35:40.522,2,423.0,861.0,630.0,1128.0,1043.0,902.0,1179.0,1116.0,,,,
64479,35:41.000,35:41.022,3,657.0,959.0,840.0,1222.0,1234.0,971.0,1369.0,1178.0,-100.0,853.0,143.0,1157.0
64494,35:41.500,35:41.522,3,20.0,892.0,268.0,1183.0,752.0,976.0,933.0,1235.0,1320.0,974.0,1454.0,1185.0
64509,35:42.000,35:42.022,3,41.0,904.0,285.0,1197.0,769.0,975.0,947.0,1235.0,1331.0,969.0,1469.0,1182.0
64524,35:42.500,35:42.522,3,49.0,904.0,297.0,1202.0,767.0,984.0,947.0,1240.0,1338.0,978.0,1474.0,1187.0
64539,35:43.000,35:43.022,3,76.0,888.0,314.0,1179.0,777.0,975.0,958.0,1234.0,1349.0,971.0,1486.0,1183.0
64554,35:43.500,35:43.523,3,103.0,895.0,340.0,1177.0,792.0,981.0,975.0,1234.0,1367.0,979.0,1503.0,1193.0
64569,35:44.000,35:44.023,3,154.0,884.0,388.0,1165.0,831.0,972.0,1008.0,1227.0,1395.0,976.0,1532.0,1191.0
64584,35:44.500,35:44.523,3,170.0,868.0,401.0,1153.0,835.0,962.0,1009.0,1218.0,1402.0,965.0,1539.0,1177.0
64599,35:45.000,35:45.023,3,203.0,863.0,432.0,1147.0,842.0,957.0,1019.0,1210.0,1424.0,968.0,1562.0,1179.0
64614,35:45.500,35:45.515,3,1062.0,957.0,1230.0,1196.0,497.0,857.0,693.0,1113.0,1649.0,972.0,1799.0,1194.0
64629,35:46.000,35:46.015,3,524.0,842.0,718.0,1092.0,1086.0,938.0,1257.0,1187.0,1672.0,967.0,1821.0,1188.0
64644,35:46.500,35:46.515,3,1080.0,961.0,1249.0,1206.0,513.0,861.0,707.0,1113.0,1659.0,988.0,1808.0,1214.0
64659,35:47.000,35:47.015,3,1068.0,957.0,1235.0,1198.0,492.0,853.0,683.0,1102.0,1641.0,981.0,1790.0,1204.0
64674,35:47.500,35:47.515,3,550.0,871.0,739.0,1123.0,1124.0,960.0,1294.0,1205.0,1698.0,976.0,1850.0,1196.0
64689,35:48.000,35:48.017,3,556.0,940.0,744.0,1198.0,1139.0,984.0,1308.0,1229.0,1708.0,943.0,1859.0,1167.0
64704,35:48.500,35:48.517,3,484.0,922.0,677.0,1190.0,1078.0,966.0,1246.0,1218.0,1639.0,926.0,1787.0,1149.0
64719,35:49.000,35:49.017,3,364.0,934.0,570.0,1207.0,984.0,962.0,1159.0,1214.0,1541.0,910.0,1684.0,1130.0
64734,35:49.500,35:49.517,3,381.0,931.0,587.0,1203.0,992.0,967.0,1164.0,1219.0,1551.0,920.0,1692.0,1135.0
64749,35:50.000,35:50.017,3,231.0,985.0,454.0,1281.0,888.0,1026.0,1062.0,1288.0,1445.0,987.0,1582.0,1202.0
64764,35:50.500,35:50.517,3,857.0,1078.0,1034.0,1340.0,191.0,1028.0,423.0,1318.0,1423.0,1040.0,1564.0,1260.0
64779,35:51.000,35:51.017,3,872.0,1028.0,1048.0,1282.0,217.0,973.0,442.0,1256.0,1432.0,999.0,1573.0,1213.0
64794,35:51.500,35:51.517,3,842.0,1123.0,1024.0,1386.0,183.0,1009.0,418.0,1306.0,1416.0,1128.0,1555.0,1351.0
64809,35:52.000,35:52.018,3,955.0,1068.0,1130.0,1320.0,340.0,947.0,557.0,1219.0,1522.0,1094.0,1666.0,1312.0
64824,35:52.500,35:52.518,3,979.0,1003.0,1154.0,1251.0,378.0,886.0,585.0,1147.0,1546.0,1027.0,1689.0,1249.0
64839,35:53.000,35:53.018,3,362.0,895.0,571.0,1159.0,966.0,1012.0,1141.0,1260.0,1531.0,1034.0,1675.0,1261.0
64854,35:53.500,35:53.518,3,807.0,1000.0,988.0,1255.0,140.0,883.0,379.0,1154.0,1376.0,1025.0,1512.0,1245.0
64869,35:54.000,35:54.018,3,730.0,982.0,916.0,1236.0,27.0,833.0,278.0,1115.0,1303.0,1019.0,1438.0,1238.0
64884,35:54.500,35:54.518,3,50.0,757.0,291.0,1027.0,748.0,902.0,930.0,1156.0,1316.0,953.0,1449.0,1161.0
64899,35:55.000,35:55.018,3,658.0,729.0,843.0,980.0,-89.0,555.0,164.0,836.0,1230.0,786.0,1364.0,993.0
64914,35:55.500,35:55.518,2,633.0,856.0,822.0,1115.0,1208.0,882.0,1345.0,1090.0,,,,
64929,35:56.000,35:56.018,3,274.0,994.0,491.0,1286.0,932.0,1021.0,1110.0,1280.0,1483.0,964.0,1623.0,1176.0
64944,35:56.500,35:56.520,3,154.0,980.0,380.0,1260.0,848.0,941.0,1029.0,1200.0,1390.0,857.0,1530.0,1064.0
64959,35:57.000,35:57.020,2,636.0,1074.0,844.0,1342.0,1172.0,883.0,1320.0,1076.0,,,,
64974,35:57.500,35:57.520,2,666.0,1075.0,868.0,1336.0,1200.0,890.0,1349.0,1081.0,,,,
64989,35:58.000,35:58.020,3,707.0,1029.0,904.0,1287.0,-35.0,1174.0,212.0,1489.0,1242.0,850.0,1386.0,1043.0
65004,35:58.500,35:58.520,3,701.0,992.0,899.0,1252.0,-23.0,1134.0,216.0,1444.0,1229.0,812.0,1376.0,1010.0
65019,35:59.000,35:59.020,3,676.0,1031.0,880.0,1292.0,-39.0,1193.0,204.0,1494.0,1203.0,836.0,1351.0,1037.0
65034,35:59.500,35:59.520,3,698.0,1028.0,897.0,1284.0,-19.0,1185.0,226.0,1493.0,1220.0,828.0,1366.0,1028.0
65049,36:00.000,36:00.020,3,657.0,986.0,860.0,1248.0,-78.0,1148.0,175.0,1464.0,1190.0,803.0,1335.0,1002.0
65064,36:00.500,36:00.522,3,655.0,1007.0,857.0,1274.0,-85.0,1166.0,164.0,1489.0,1190.0,834.0,1334.0,1033.0
65079,36:01.000,36:01.022,3,646.0,1011.0,848.0,1278.0,1179.0,836.0,1323.0,1035.0,-106.0,1164.0,147.0,1493.0
65094,36:01.500,36:01.522,3,668.0,1005.0,864.0,1266.0,-100.0,1152.0,158.0,1476.0,1201.0,837.0,1345.0,1033.0
65109,36:02.000,36:02.022,3,693.0,1021.0,889.0,1280.0,-71.0,1159.0,188.0,1478.0,1226.0,860.0,1369.0,1055.0
65124,36:02.500,36:02.522,3,708.0,992.0,904.0,1248.0,-47.0,1114.0,207.0,1433.0,1238.0,836.0,1380.0,1027.0
65139,36:03.000,36:03.022,3,704.0,1016.0,900.0,1276.0,-57.0,1139.0,200.0,1460.0,1238.0,868.0,1378.0,1055.0
65154,36:03.500,36:03.522,3,704.0,1017.0,900.0,1277.0,-55.0,1139.0,202.0,1457.0,1245.0,870.0,1383.0,1066.0
65169,36:04.000,36:04.022,3,699.0,1009.0,896.0,1266.0,-60.0,1128.0,197.0,1446.0,1235.0,859.0,1378.0,1056.0
65184,36:04.500,36:04.523,3,698.0,1013.0,894.0,1273.0,-60.0,1139.0,195.0,1456.0,1238.0,866.0,1378.0,1060.0
65199,36:05.000,36:05.023,3,668.0,1061.0,863.0,1328.0,1213.0,908.0,1354.0,1107.0,-105.0,1196.0,150.0,1507.0
65214,36:05.500,36:05.515,3,656.0,1101.0,857.0,1375.0,1204.0,946.0,1350.0,1146.0,-101.0,1254.0,130.0,1541.0
65229,36:06.000,36:06.015,3,659.0,1069.0,858.0,1339.0,1206.0,920.0,1349.0,1120.0,-109.0,1216.0,138.0,1526.0
65244,36:06.500,36:06.515,2,644.0,1057.0,845.0,1331.0,1194.0,910.0,1335.0,1107.0,,,,
65259,36:07.000,36:07.015,3,659.0,1002.0,855.0,1269.0,1204.0,863.0,1345.0,1062.0,-113.0,1143.0,146.0,1464.0
65274,36:07.500,36:07.515,3,658.0,994.0,855.0,1262.0,1205.0,861.0,1345.0,1053.0,-109.0,1129.0,144.0,1452.0
65289,36:08.000,36:08.015,3,657.0,1016.0,855.0,1280.0,1207.0,877.0,1347.0,1072.0,-113.0,1144.0,137.0,1471.0
65304,36:08.500,36:08.515,3,652.0,1016.0,849.0,1281.0,1203.0,874.0,1341.0,1069.0,-115.0,1145.0,128.0,1468.0
65319,36:09.000,36:09.017,3,653.0,1030.0,853.0,1296.0,1205.0,890.0,1345.0,1083.0,-117.0,1149.0,129.0,1474.0
65334,36:09.500,36:09.517,3,650.0,1009.0,847.0,1277.0,1203.0,870.0,1339.0,1066.0,-106.0,1131.0,129.0,1455.0
65349,36:10.000,36:10.017,3,645.0,1021.0,842.0,1288.0,1201.0,884.0,1338.0,1077.0,-113.0,1141.0,125.0,1468.0
65364,36:10.500,36:10.517,3,645.0,1015.0,841.0,1282.0,1200.0,878.0,1336.0,1073.0,-108.0,1136.0,125.0,1460.0
65379,36:11.000,36:11.017,2,645.0,1025.0,842.0,1290.0,1200.0,887.0,1339.0,1085.0,,,,
65394,36:11.500,36:11.517,2,640.0,1027.0,837.0,1294.0,1196.0,890.0,1335.0,1089.0,,,,
65409,36:12.000,36:12.017,2,642.0,1031.0,838.0,1300.0,1200.0,892.0,1337.0,1092.0,,,,
65424,36:12.500,36:12.517,2,647.0,1034.0,842.0,1303.0,1202.0,897.0,1340.0,1097.0,,,,
65439,36:13.000,36:13.018,2,642.0,1028.0,836.0,1296.0,1197.0,892.0,1337.0,1093.0,,,,
65454,36:13.500,36:13.518,2,636.0,1014.0,834.0,1279.0,1192.0,882.0,1329.0,1078.0,,,,
65469,36:14.000,36:14.018,2,642.0,1018.0,839.0,1282.0,1195.0,886.0,1334.0,1079.0,,,,
65484,36:14.500,36:14.518,3,652.0,1018.0,848.0,1281.0,1201.0,877.0,1340.0,1073.0,-109.0,1139.0,133.0,1462.0
65499,36:15.000,36:15.018,3,650.0,1011.0,846.0,1278.0,1200.0,872.0,1339.0,1068.0,-105.0,1131.0,129.0,1452.0
65514,36:15.500,36:15.518,3,657.0,1004.0,853.0,1267.0,1206.0,866.0,1345.0,1064.0,-106.0,1108.0,137.0,1428.0
65529,36:16.000,36:16.018,3,653.0,1001.0,848.0,1267.0,-102.0,1103.0,149.0,1430.0,1206.0,869.0,1341.0,1064.0
65544,36:16.500,36:16.518,2,614.0,1015.0,811.0,1277.0,1173.0,877.0,1309.0,1072.0,,,,
65559,36:17.000,36:17.020,3,657.0,927.0,857.0,1196.0,-84.0,1022.0,163.0,1336.0,1208.0,811.0,1345.0,1010.0
65574,36:17.500,36:17.520,3,-28.0,1033.0,212.0,1331.0,692.0,929.0,890.0,1193.0,1238.0,802.0,1377.0,1000.0
65589,36:18.000,36:18.020,2,204.0,1000.0,440.0,1288.0,869.0,871.0,1009.0,1075.0,,,,
65604,36:18.500,36:18.520,2,274.0,972.0,502.0,1263.0,916.0,857.0,1056.0,1059.0,,,,
65619,36:19.000,36:19.020,2,297.0,948.0,527.0,1239.0,938.0,849.0,1073.0,1047.0,,,,
65634,36:19.500,36:19.520,2,278.0,974.0,507.0,1267.0,922.0,860.0,1064.0,1065.0,,,,
65649,36:20.000,36:20.020,2,262.0,965.0,497.0,1256.0,910.0,853.0,1049.0,1049.0,,,,
65664,36:20.500,36:20.520,2,269.0,966.0,501.0,1257.0,913.0,854.0,1053.0,1053.0,,,,
65679,36:21.000,36:21.020,2,279.0,964.0,513.0,1258.0,924.0,855.0,1063.0,1056.0,,,,
65694,36:21.500,36:21.522,2,281.0,976.0,513.0,1268.0,925.0,861.0,1066.0,1067.0,,,,
65709,36:22.000,36:22.022,2,280.0,990.0,512.0,1282.0,925.0,876.0,1065.0,1078.0,,,,
65724,36:22.500,36:22.522,2,278.0,991.0,509.0,1282.0,922.0,877.0,1062.0,1079.0,,,,
65739,36:23.000,36:23.022,2,271.0,1000.0,503.0,1288.0,917.0,880.0,1058.0,1084.0,,,,
65754,36:23.500,36:23.522,2,272.0,1003.0,503.0,1291.0,918.0,881.0,1058.0,1084.0,,,,
65769,36:24.000,36:24.022,2,280.0,991.0,511.0,1283.0,922.0,877.0,1063.0,1083.0,,,,
65784,36:24.500,36:24.522,2,283.0,994.0,516.0,1287.0,926.0,879.0,1067.0,1085.0,,,,
65799,36:25.000,36:25.022,2,280.0,960.0,511.0,1248.0,926.0,851.0,1065.0,1048.0,,,,
65814,36:25.500,36:25.523,2,282.0,943.0,508.0,1229.0,925.0,833.0,1064.0,1036.0,,,,
65829,36:26.000,36:26.023,2,287.0,927.0,519.0,1216.0,926.0,828.0,1067.0,1029.0,,,,
65844,36:26.500,36:26.515,2,261.0,866.0,494.0,1151.0,908.0,766.0,1049.0,972.0,,,,
65859,36:27.000,36:27.015,2,280.0,935.0,507.0,1225.0,923.0,843.0,1062.0,1042.0,,,,
65874,36:27.500,36:27.515,2,263.0,898.0,496.0,1180.0,911.0,797.0,1050.0,1004.0,,,,
65889,36:28.000,36:28.015,2,262.0,983.0,494.0,1271.0,911.0,878.0,1051.0,1079.0,,,,
65904,36:28.500,36:28.515,2,267.0,954.0,495.0,1237.0,917.0,855.0,1056.0,1057.0,,,,
65919,36:29.000,36:29.015,2,248.0,1016.0,479.0,1303.0,907.0,909.0,1046.0,1111.0,,,,
65934,36:29.500,36:29.517,2,243.0,869.0,475.0,1149.0,903.0,786.0,1040.0,994.0,,,,
65949,36:30.000,36:30.017,2,261.0,931.0,492.0,1219.0,915.0,852.0,1053.0,1055.0,,,,
65964,36:30.500,36:30.517,2,272.0,923.0,498.0,1215.0,921.0,849.0,1058.0,1050.0,,,,
65979,36:31.000,36:31.017,2,261.0,938.0,489.0,1226.0,912.0,853.0,1051.0,1057.0,,,,
65994,36:31.500,36:31.517,2,283.0,964.0,512.0,1250.0,931.0,874.0,1068.0,1078.0,,,,
66009,36:32.000,36:32.017,2,359.0,954.0,577.0,1233.0,988.0,866.0,1123.0,1075.0,,,,
66024,36:32.500,36:32.517,2,340.0,881.0,557.0,1157.0,968.0,797.0,1105.0,1001.0,,,,
66039,36:33.000,36:33.017,2,352.0,759.0,566.0,1033.0,978.0,691.0,1114.0,897.0,,,,
66054,36:33.500,36:33.517,2,316.0,852.0,538.0,1129.0,953.0,771.0,1087.0,977.0,,,,
66069,36:34.000,36:34.018,2,418.0,872.0,626.0,1146.0,1025.0,790.0,1162.0,995.0,,,,
66084,36:34.500,36:34.518,2,463.0,931.0,664.0,1203.0,1058.0,854.0,1193.0,1051.0,,,,
66099,36:35.000,36:35.018,2,454.0,965.0,653.0,1237.0,1040.0,885.0,1177.0,1091.0,,,,
66114,36:35.500,36:35.518,2,381.0,916.0,592.0,1191.0,1014.0,841.0,1150.0,1041.0,,,,
66129,36:36.000,36:36.018,2,274.0,1003.0,504.0,1293.0,946.0,893.0,1084.0,1099.0,,,,
66144,36:36.500,36:36.518,2,276.0,1069.0,507.0,1361.0,937.0,945.0,1075.0,1156.0,,,,
66159,36:37.000,36:37.018,2,303.0,1086.0,536.0,1382.0,945.0,947.0,1086.0,1156.0,,,,
66174,36:37.500,36:37.518,2,501.0,1067.0,709.0,1342.0,1093.0,931.0,1234.0,1135.0,,,,
66189,36:38.000,36:38.020,2,492.0,1045.0,702.0,1323.0,1085.0,913.0,1226.0,1115.0,,,,
66204,36:38.500,36:38.520,2,480.0,1057.0,688.0,1333.0,1077.0,920.0,1215.0,1124.0,,,,
66219,36:39.000,36:39.020,2,465.0,1081.0,674.0,1361.0,1063.0,942.0,1205.0,1144.0,,,,
66234,36:39.500,36:39.520,2,422.0,1091.0,638.0,1383.0,1034.0,961.0,1173.0,1162.0,,,,
66249,36:40.000,36:40.020,2,490.0,1030.0,696.0,1309.0,1083.0,912.0,1223.0,1112.0,,,,
66264,36:40.500,36:40.520,2,511.0,1023.0,716.0,1296.0,1106.0,901.0,1244.0,1107.0,,,,
66279,36:41.000,36:41.020,2,491.0,1033.0,699.0,1310.0,1087.0,911.0,1225.0,1119.0,,,,
66294,36:41.500,36:41.520,2,561.0,1058.0,762.0,1323.0,1141.0,920.0,1279.0,1124.0,,,,
66309,36:42.000,36:42.020,3,686.0,1009.0,884.0,1267.0,-78.0,1114.0,177.0,1438.0,1243.0,876.0,1384.0,1078.0
66324,36:42.500,36:42.522,3,685.0,1022.0,882.0,1281.0,-82.0,1129.0,175.0,1451.0,1243.0,888.0,1385.0,1088.0
66339,36:43.000,36:43.022,2,638.0,1034.0,832.0,1297.0,1207.0,904.0,1347.0,1112.0,,,,
66354,36:43.500,36:43.522,3,647.0,1004.0,843.0,1267.0,1212.0,877.0,1352.0,1077.0,-112.0,1107.0,126.0,1424.0
66369,36:44.000,36:44.022,2,647.0,1009.0,840.0,1274.0,1218.0,892.0,1356.0,1101.0,,,,
66384,36:44.500,36:44.522,2,644.0,998.0,838.0,1261.0,1216.0,881.0,1356.0,1085.0,,,,
66399,36:45.000,36:45.022,3,674.0,993.0,863.0,1247.0,-82.0,1046.0,166.0,1355.0,1243.0,881.0,1379.0,1080.0
66414,36:45.500,36:45.522,3,140.0,997.0,372.0,1293.0,830.0,937.0,1013.0,1190.0,1376.0,822.0,1517.0,1024.0
66429,36:46.000,36:46.022,3,778.0,1042.0,963.0,1296.0,49.0,1110.0,297.0,1420.0,1326.0,916.0,1469.0,1118.0
66444,36:46.500,36:46.523,3,736.0,1043.0,926.0,1300.0,-6.0,1110.0,242.0,1434.0,1293.0,913.0,1435.0,1122.0
66459,36:47.000,36:47.023,3,674.0,1019.0,863.0,1276.0,-99.0,1093.0,157.0,1418.0,1232.0,900.0,1369.0,1103.0
66474,36:47.500,36:47.523,2,636.0,1031.0,829.0,1295.0,1203.0,901.0,1343.0,1108.0,,,,
66489,36:48.000,36:48.015,2,630.0,1014.0,826.0,1278.0,1199.0,889.0,1339.0,1095.0,,,,
66504,36:48.500,36:48.515,2,621.0,1016.0,815.0,1278.0,1186.0,890.0,1329.0,1095.0,,,,
66519,36:49.000,36:49.015,2,620.0,1026.0,816.0,1293.0,1180.0,900.0,1321.0,1104.0,,,,
66534,36:49.500,36:49.515,2,620.0,1019.0,813.0,1283.0,1183.0,894.0,1323.0,1095.0,,,,
66549,36:50.000,36:50.015,2,636.0,1020.0,828.0,1285.0,1201.0,896.0,1340.0,1098.0,,,,
66564,36:50.500,36:50.517,3,295.0,1020.0,509.0,1312.0,942.0,972.0,1122.0,1222.0,1481.0,859.0,1628.0,1064.0
66579,36:51.000,36:51.017,3,1055.0,855.0,1230.0,1099.0,451.0,885.0,645.0,1156.0,1601.0,755.0,1750.0,963.0
66594,36:51.500,36:51.517,3,1098.0,682.0,1267.0,920.0,1660.0,589.0,1811.0,809.0,507.0,695.0,695.0,956.0
66609,36:52.000,36:52.017,3,1066.0,723.0,1236.0,966.0,467.0,740.0,657.0,1000.0,1623.0,637.0,1771.0,855.0
66624,36:52.500,36:52.517,3,1063.0,756.0,1236.0,992.0,466.0,763.0,658.0,1027.0,1620.0,664.0,1767.0,884.0
66639,36:53.000,36:53.017,3,436.0,820.0,630.0,1085.0,1039.0,807.0,1207.0,1044.0,1591.0,717.0,1736.0,929.0
66654,36:53.500,36:53.517,3,1042.0,818.0,1212.0,1058.0,444.0,825.0,640.0,1098.0,1596.0,735.0,1742.0,948.0
66669,36:54.000,36:54.017,3,1038.0,828.0,1208.0,1072.0,439.0,844.0,632.0,1113.0,1588.0,747.0,1734.0,958.0
66684,36:54.500,36:54.517,3,1040.0,813.0,1211.0,1053.0,439.0,823.0,634.0,1086.0,1592.0,735.0,1738.0,948.0
66699,36:55.000,36:55.018,3,406.0,721.0,604.0,992.0,1017.0,747.0,1187.0,981.0,1575.0,689.0,1721.0,904.0
66714,36:55.500,36:55.518,3,1004.0,820.0,1173.0,1061.0,385.0,793.0,589.0,1061.0,1562.0,777.0,1703.0,993.0
66729,36:56.000,36:56.018,3,430.0,921.0,628.0,1192.0,1048.0,959.0,1221.0,1207.0,1616.0,932.0,1761.0,1147.0
66744,36:56.500,36:56.518,3,438.0,941.0,635.0,1218.0,1066.0,976.0,1236.0,1225.0,1628.0,946.0,1775.0,1166.0
66759,36:57.000,36:57.018,3,1037.0,895.0,1205.0,1141.0,399.0,868.0,596.0,1122.0,1589.0,887.0,1730.0,1103.0
66774,36:57.500,36:57.518,3,430.0,812.0,632.0,1066.0,1022.0,919.0,1199.0,1165.0,1581.0,966.0,1724.0,1181.0
66789,36:58.000,36:58.018,3,1031.0,918.0,1205.0,1159.0,479.0,800.0,678.0,1048.0,1591.0,964.0,1736.0,1184.0
66804,36:58.500,36:58.518,3,973.0,929.0,1149.0,1174.0,361.0,809.0,565.0,1057.0,1530.0,969.0,1672.0,1185.0
66819,36:59.000,36:59.020,3,122.0,637.0,362.0,940.0,806.0,936.0,988.0,1183.0,1364.0,988.0,1501.0,1201.0
66834,36:59.500,36:59.520,3,804.0,961.0,981.0,1204.0,187.0,710.0,413.0,997.0,1349.0,998.0,1482.0,1212.0
66849,37:00.000,37:00.020,3,788.0,1005.0,969.0,1258.0,157.0,800.0,384.0,1077.0,1325.0,1031.0,1450.0,1238.0
66864,37:00.500,37:00.520,3,753.0,1000.0,935.0,1257.0,106.0,806.0,332.0,1090.0,1292.0,1022.0,1417.0,1228.0
66879,37:01.000,37:01.020,3,741.0,1007.0,921.0,1260.0,92.0,813.0,326.0,1106.0,1313.0,1031.0,1449.0,1252.0
66894,37:01.500,37:01.520,3,742.0,1004.0,922.0,1259.0,113.0,818.0,352.0,1107.0,1346.0,1036.0,1483.0,1254.0
66909,37:02.000,37:02.020,3,674.0,1043.0,864.0,1302.0,-4.0,854.0,251.0,1153.0,1280.0,1066.0,1414.0,1283.0
66924,37:02.500,37:02.520,3,657.0,1031.0,847.0,1296.0,-33.0,840.0,222.0,1140.0,1261.0,1059.0,1393.0,1274.0
66939,37:03.000,37:03.022,3,624.0,1063.0,812.0,1329.0,-76.0,877.0,177.0,1178.0,1223.0,1087.0,1359.0,1302.0
66954,37:03.500,37:03.522,3,599.0,1069.0,792.0,1340.0,1209.0,1099.0,1343.0,1312.0,-109.0,877.0,153.0,1189.0
66969,37:04.000,37:04.022,3,589.0,1066.0,782.0,1339.0,1204.0,1098.0,1338.0,1315.0,-113.0,869.0,137.0,1174.0
66984,37:04.500,37:04.522,2,558.0,1088.0,754.0,1359.0,1177.0,1113.0,1314.0,1330.0,,,,
66999,37:05.000,37:05.022,2,533.0,1080.0,726.0,1353.0,1176.0,1109.0,1309.0,1326.0,,,,
67014,37:05.500,37:05.522,2,414.0,1103.0,622.0,1383.0,1122.0,1138.0,1242.0,1342.0,,,,
67029,37:06.000,37:06.022,2,305.0,1065.0,510.0,1343.0,1058.0,1116.0,1178.0,1315.0,,,,
67044,37:06.500,37:06.522,3,676.0,848.0,844.0,1077.0,-46.0,818.0,204.0,1121.0,1241.0,833.0,1373.0,1040.0
67059,37:07.000,37:07.022,2,509.0,883.0,692.0,1106.0,1054.0,764.0,1195.0,968.0,,,,
67074,37:07.500,37:07.523,3,744.0,980.0,939.0,1209.0,74.0,1138.0,326.0,1457.0,1226.0,751.0,1379.0,946.0
67089,37:08.000,37:08.015,3,865.0,921.0,1065.0,1159.0,275.0,1095.0,497.0,1390.0,1337.0,672.0,1498.0,873.0
67104,37:08.500,37:08.515,3,505.0,881.0,707.0,1152.0,1037.0,744.0,1227.0,983.0,1533.0,514.0,1693.0,728.0
67119,37:09.000,37:09.015,3,399.0,583.0,603.0,855.0,970.0,505.0,1145.0,734.0,1485.0,367.0,1629.0,576.0
67134,37:09.500,37:09.515,3,815.0,775.0,992.0,1015.0,144.0,869.0,377.0,1145.0,1315.0,655.0,1451.0,860.0
67149,37:10.000,37:10.015,1,500.0,878.0,666.0,1087.0,,,,,,,,
67164,37:10.500,37:10.515,2,345.0,979.0,561.0,1250.0,932.0,849.0,1070.0,1049.0,,,,
67179,37:11.000,37:11.015,3,708.0,837.0,881.0,1082.0,-9.0,781.0,237.0,1073.0,1252.0,803.0,1384.0,1007.0
67194,37:11.500,37:11.517,3,853.0,826.0,1022.0,1065.0,207.0,693.0,428.0,969.0,1410.0,854.0,1549.0,1063.0
67209,37:12.000,37:12.017,3,955.0,1144.0,1125.0,1402.0,308.0,1031.0,517.0,1317.0,1515.0,1140.0,1658.0,1367.0
67224,37:12.500,37:12.517,1,477.0,1172.0,675.0,1461.0,,,,,,,,
67239,37:13.000,37:13.017,3,1256.0,1063.0,1437.0,1311.0,1832.0,1207.0,1998.0,1448.0,755.0,840.0,935.0,1067.0
67254,37:13.500,37:13.517,3,1715.0,1185.0,1881.0,1418.0,718.0,712.0,920.0,935.0,1183.0,1003.0,1371.0,1228.0
67269,37:14.000,37:14.017,3,1700.0,1234.0,1867.0,1465.0,744.0,730.0,959.0,944.0,1167.0,1015.0,1355.0,1247.0
67284,37:14.500,37:14.517,2,1399.0,1116.0,1600.0,1354.0,1001.0,818.0,1210.0,1024.0,,,,
67299,37:15.000,37:15.017,2,1436.0,1142.0,1642.0,1383.0,1045.0,837.0,1246.0,1037.0,,,,
67314,37:15.500,37:15.518,2,1440.0,1258.0,1647.0,1503.0,1041.0,947.0,1245.0,1149.0,,,,
67329,37:16.000,37:16.018,2,1434.0,1241.0,1643.0,1491.0,1046.0,916.0,1254.0,1116.0,,,,
67344,37:16.500,37:16.518,2,1406.0,1190.0,1615.0,1442.0,1025.0,877.0,1232.0,1068.0,,,,
67359,37:17.000,37:17.018,3,1115.0,1049.0,1318.0,1277.0,734.0,707.0,952.0,910.0,1616.0,1359.0,1789.0,1514.0
67374,37:17.500,37:17.518,3,981.0,968.0,1183.0,1191.0,566.0,591.0,802.0,824.0,1451.0,1247.0,1621.0,1457.0
67389,37:18.000,37:18.018,2,465.0,897.0,666.0,1145.0,1048.0,989.0,1183.0,1196.0,,,,
67404,37:18.500,37:18.518,2,-31.0,994.0,214.0,1284.0,689.0,888.0,830.0,1101.0,,,,
67419,37:19.000,37:19.018,3,1085.0,882.0,1264.0,1112.0,541.0,1016.0,730.0,1290.0,1552.0,656.0,1712.0,855.0
67434,37:19.500,37:19.518,3,1234.0,831.0,1422.0,1069.0,1736.0,605.0,1906.0,826.0,728.0,959.0,897.0,1205.0
67449,37:20.000,37:20.020,3,1138.0,827.0,1319.0,1063.0,610.0,938.0,796.0,1199.0,1631.0,601.0,1794.0,820.0
67464,37:20.500,37:20.520,3,1084.0,819.0,1266.0,1059.0,539.0,898.0,727.0,1156.0,1592.0,652.0,1746.0,862.0
67479,37:21.000,37:21.020,3,958.0,962.0,1137.0,1209.0,367.0,1043.0,573.0,1313.0,1462.0,805.0,1609.0,1007.0
67494,37:21.500,37:21.520,3,430.0,811.0,627.0,1054.0,1005.0,822.0,1173.0,1059.0,1533.0,749.0,1674.0,959.0
67509,37:22.000,37:22.020,3,1781.0,831.0,1932.0,1050.0,688.0,758.0,867.0,998.0,1222.0,857.0,1385.0,1089.0
67524,37:22.500,37:22.520,3,2034.0,842.0,2213.0,1085.0,1427.0,847.0,1592.0,1084.0,902.0,733.0,1064.0,963.0
67539,37:23.000,37:23.020,2,1632.0,930.0,1816.0,1173.0,1096.0,773.0,1251.0,996.0,,,,
67554,37:23.500,37:23.520,3,1160.0,894.0,1320.0,1128.0,1714.0,911.0,1863.0,1134.0,598.0,739.0,777.0,987.0
67569,37:24.000,37:24.022,3,736.0,877.0,911.0,1123.0,40.0,717.0,273.0,997.0,1289.0,887.0,1422.0,1097.0
67584,37:24.500,37:24.522,3,760.0,875.0,933.0,1112.0,113.0,651.0,348.0,919.0,1311.0,943.0,1446.0,1149.0
67599,37:25.000,37:25.022,3,247.0,643.0,477.0,904.0,836.0,911.0,1007.0,1144.0,1383.0,1021.0,1521.0,1232.0
67614,37:25.500,37:25.522,3,299.0,679.0,526.0,935.0,866.0,939.0,1043.0,1173.0,1415.0,1052.0,1557.0,1263.0
67629,37:26.000,37:26.022,3,968.0,948.0,1141.0,1189.0,495.0,725.0,702.0,958.0,1513.0,1087.0,1658.0,1302.0
67644,37:26.500,37:26.522,3,1003.0,963.0,1171.0,1192.0,557.0,732.0,757.0,958.0,1545.0,1110.0,1694.0,1329.0
67659,37:27.000,37:27.013,3,1550.0,1146.0,1697.0,1370.0,564.0,757.0,751.0,977.0,991.0,996.0,1151.0,1222.0
67674,37:27.500,37:27.513,3,1583.0,1231.0,1741.0,1454.0,632.0,740.0,825.0,957.0,1032.0,1021.0,1195.0,1246.0
67689,37:28.000,37:28.015,3,1808.0,1256.0,2006.0,1487.0,903.0,606.0,1111.0,817.0,1270.0,943.0,1450.0,1161.0
67704,37:28.500,37:28.515,3,628.0,461.0,830.0,692.0,1056.0,854.0,1226.0,1070.0,1568.0,1129.0,1733.0,1331.0
67719,37:29.000,37:29.015,3,793.0,628.0,963.0,855.0,185.0,263.0,408.0,538.0,1333.0,826.0,1476.0,1018.0
67734,37:29.500,37:29.515,3,852.0,843.0,1031.0,1091.0,195.0,834.0,418.0,1101.0,1396.0,772.0,1532.0,974.0
67749,37:30.000,37:30.015,3,741.0,941.0,936.0,1192.0,52.0,1040.0,293.0,1347.0,1253.0,775.0,1395.0,971.0
67764,37:30.500,37:30.515,3,697.0,871.0,893.0,1120.0,-4.0,961.0,248.0,1265.0,1200.0,709.0,1348.0,910.0
67779,37:31.000,37:31.015,3,660.0,843.0,857.0,1094.0,-62.0,959.0,206.0,1264.0,1159.0,673.0,1304.0,871.0
67794,37:31.500,37:31.515,3,763.0,777.0,951.0,1022.0,66.0,878.0,311.0,1177.0,1225.0,613.0,1369.0,810.0
67809,37:32.000,37:32.015,3,806.0,803.0,974.0,1047.0,100.0,891.0,337.0,1198.0,1200.0,640.0,1347.0,834.0
67824,37:32.500,37:32.517,3,954.0,825.0,1116.0,1058.0,342.0,905.0,549.0,1179.0,1366.0,647.0,1519.0,847.0
67839,37:33.000,37:33.017,3,729.0,814.0,904.0,1043.0,1253.0,825.0,1418.0,1059.0,1760.0,716.0,1916.0,937.0
67854,37:33.500,37:33.517,3,670.0,819.0,852.0,1046.0,1710.0,776.0,1860.0,992.0,1203.0,853.0,1363.0,1092.0
67869,37:34.000,37:34.017,3,165.0,1000.0,399.0,1277.0,812.0,956.0,972.0,1205.0,1300.0,817.0,1438.0,1013.0
67884,37:34.500,37:34.517,3,10.0,1132.0,262.0,1446.0,720.0,1039.0,883.0,1294.0,1198.0,856.0,1341.0,1049.0
67899,37:35.000,37:35.017,3,716.0,1009.0,904.0,1266.0,84.0,1082.0,327.0,1386.0,1242.0,829.0,1385.0,1022.0
67914,37:35.500,37:35.517,3,1917.0,843.0,2086.0,1073.0,1303.0,943.0,1474.0,1174.0,857.0,908.0,1029.0,1129.0
67929,37:36.000,37:36.017,3,1567.0,923.0,1749.0,1170.0,1125.0,828.0,1296.0,1047.0,2276.0,936.0,2481.0,1187.0
67944,37:36.500,37:36.518,3,1532.0,916.0,1712.0,1163.0,2219.0,913.0,2429.0,1170.0,1088.0,832.0,1261.0,1050.0
67959,37:37.000,37:37.018,3,1539.0,949.0,1718.0,1198.0,2228.0,956.0,2441.0,1215.0,1095.0,856.0,1267.0,1076.0
67974,37:37.500,37:37.518,3,1537.0,973.0,1720.0,1225.0,2230.0,992.0,2443.0,1252.0,1093.0,875.0,1266.0,1097.0
67989,37:38.000,37:38.018,3,1405.0,1008.0,1579.0,1254.0,2051.0,1046.0,2236.0,1296.0,966.0,887.0,1142.0,1114.0
68004,37:38.500,37:38.518,3,1890.0,968.0,2055.0,1201.0,1286.0,958.0,1453.0,1186.0,832.0,831.0,1010.0,1066.0
68019,37:39.000,37:39.018,3,1925.0,1012.0,2094.0,1250.0,1312.0,985.0,1483.0,1224.0,851.0,846.0,1027.0,1073.0
68034,37:39.500,37:39.518,3,1944.0,1028.0,2114.0,1267.0,1324.0,991.0,1500.0,1234.0,853.0,831.0,1027.0,1059.0
68049,37:40.000,37:40.018,3,1342.0,1002.0,1514.0,1247.0,1963.0,1047.0,2137.0,1289.0,867.0,833.0,1040.0,1060.0
68064,37:40.500,37:40.520,3,1945.0,1043.0,2119.0,1285.0,1332.0,996.0,1507.0,1244.0,856.0,824.0,1030.0,1050.0
68079,37:41.000,37:41.020,3,1876.0,999.0,2041.0,1234.0,1287.0,963.0,1459.0,1207.0,798.0,805.0,974.0,1035.0
68094,37:41.500,37:41.520,3,1796.0,988.0,1954.0,1217.0,1231.0,968.0,1404.0,1208.0,724.0,802.0,903.0,1038.0
68109,37:42.000,37:42.020,3,1208.0,959.0,1381.0,1196.0,705.0,792.0,883.0,1028.0,1773.0,981.0,1929.0,1208.0
68124,37:42.500,37:42.520,3,1711.0,1008.0,1862.0,1233.0,1149.0,981.0,1322.0,1223.0,647.0,806.0,833.0,1048.0
68139,37:43.000,37:43.020,3,1148.0,998.0,1318.0,1234.0,1726.0,1025.0,1878.0,1246.0,657.0,825.0,841.0,1069.0
68154,37:43.500,37:43.520,3,1149.0,1000.0,1316.0,1236.0,1738.0,1026.0,1890.0,1255.0,659.0,830.0,842.0,1072.0
68169,37:44.000,37:44.020,3,1144.0,1015.0,1308.0,1250.0,658.0,829.0,841.0,1079.0,1743.0,1047.0,1897.0,1272.0
68184,37:44.500,37:44.520,3,1154.0,1019.0,1319.0,1260.0,1745.0,1055.0,1902.0,1280.0,662.0,831.0,846.0,1083.0
68199,37:45.000,37:45.022,3,1147.0,997.0,1317.0,1237.0,647.0,814.0,830.0,1063.0,1729.0,1036.0,1880.0,1260.0
68214,37:45.500,37:45.522,3,1137.0,984.0,1303.0,1219.0,1710.0,1017.0,1862.0,1239.0,608.0,792.0,786.0,1041.0
68229,37:46.000,37:46.022,3,1028.0,985.0,1199.0,1225.0,1596.0,1028.0,1741.0,1250.0,465.0,786.0,638.0,1049.0
68244,37:46.500,37:46.522,3,924.0,966.0,1093.0,1204.0,1494.0,1019.0,1633.0,1233.0,327.0,760.0,510.0,1025.0
68259,37:47.000,37:47.022,3,904.0,977.0,1092.0,1224.0,323.0,776.0,503.0,1036.0,1485.0,1034.0,1624.0,1246.0
68274,37:47.500,37:47.513,3,910.0,967.0,1093.0,1216.0,315.0,768.0,500.0,1025.0,1474.0,1029.0,1615.0,1241.0
68289,37:48.000,37:48.013,3,917.0,837.0,1094.0,1076.0,355.0,685.0,558.0,938.0,1469.0,888.0,1609.0,1093.0
68304,37:48.500,37:48.513,3,839.0,723.0,1017.0,962.0,256.0,597.0,478.0,857.0,1397.0,752.0,1534.0,955.0
68319,37:49.000,37:49.015,3,101.0,458.0,343.0,756.0,764.0,616.0,944.0,864.0,1314.0,594.0,1445.0,798.0
68334,37:49.500,37:49.515,3,641.0,611.0,826.0,863.0,1196.0,565.0,1327.0,775.0,-113.0,481.0,134.0,791.0
68349,37:50.000,37:50.015,2,580.0,652.0,768.0,900.0,1147.0,596.0,1277.0,799.0,,,,
68364,37:50.500,37:50.515,2,534.0,661.0,712.0,915.0,1130.0,602.0,1263.0,804.0,,,,
68379,37:51.000,37:51.015,3,652.0,780.0,830.0,1027.0,-6.0,697.0,236.0,985.0,1216.0,670.0,1350.0,874.0
68394,37:51.500,37:51.515,3,730.0,926.0,931.0,1171.0,130.0,992.0,357.0,1282.0,1226.0,667.0,1376.0,860.0
68409,37:52.000,37:52.015,3,903.0,925.0,1098.0,1167.0,372.0,1033.0,567.0,1275.0,1365.0,634.0,1525.0,831.0
68424,37:52.500,37:52.515,3,789.0,1006.0,994.0,1263.0,256.0,1149.0,457.0,1402.0,1250.0,707.0,1414.0,894.0
68439,37:53.000,37:53.017,3,896.0,979.0,1090.0,1218.0,333.0,1089.0,549.0,1363.0,1356.0,673.0,1517.0,876.0
68454,37:53.500,37:53.517,3,185.0,1141.0,427.0,1441.0,843.0,990.0,1041.0,1237.0,1304.0,685.0,1463.0,883.0
68469,37:54.000,37:54.017,3,236.0,1114.0,468.0,1417.0,1335.0,687.0,1499.0,894.0,824.0,1049.0,1034.0,1274.0
68484,37:54.500,37:54.517,3,211.0,1167.0,445.0,1464.0,1325.0,729.0,1482.0,925.0,797.0,1119.0,1014.0,1323.0
68499,37:55.000,37:55.017,3,222.0,1165.0,459.0,1463.0,796.0,1129.0,1025.0,1327.0,1331.0,735.0,1488.0,932.0
68514,37:55.500,37:55.517,3,169.0,1134.0,409.0,1431.0,741.0,1104.0,968.0,1303.0,1279.0,720.0,1430.0,910.0
68529,37:56.000,37:56.017,3,180.0,1115.0,422.0,1408.0,744.0,1088.0,969.0,1296.0,1284.0,721.0,1437.0,911.0
68544,37:56.500,37:56.517,3,210.0,1106.0,443.0,1396.0,771.0,1060.0,986.0,1292.0,1301.0,714.0,1454.0,909.0
68559,37:57.000,37:57.017,3,224.0,1119.0,457.0,1411.0,799.0,1055.0,1011.0,1298.0,1316.0,730.0,1473.0,927.0
68574,37:57.500,37:57.518,3,240.0,1115.0,468.0,1410.0,813.0,1065.0,1028.0,1301.0,1328.0,735.0,1482.0,933.0
68589,37:58.000,37:58.018,3,247.0,1101.0,472.0,1391.0,818.0,1047.0,1033.0,1283.0,1336.0,736.0,1486.0,925.0
68604,37:58.500,37:58.518,3,831.0,1030.0,1030.0,1269.0,255.0,1077.0,482.0,1370.0,1344.0,722.0,1496.0,913.0
68619,37:59.000,37:59.018,3,292.0,1048.0,512.0,1337.0,862.0,1001.0,1075.0,1251.0,1374.0,718.0,1526.0,914.0
68634,37:59.500,37:59.518,3,880.0,1016.0,1083.0,1262.0,294.0,1051.0,514.0,1342.0,1387.0,752.0,1534.0,942.0
68649,38:00.000,38:00.018,3,910.0,1008.0,1109.0,1260.0,326.0,1054.0,542.0,1337.0,1415.0,757.0,1565.0,950.0
68664,38:00.500,38:00.518,3,914.0,1004.0,1114.0,1256.0,340.0,1042.0,548.0,1316.0,1426.0,763.0,1574.0,959.0
68679,38:01.000,38:01.018,3,907.0,1022.0,1101.0,1270.0,323.0,1050.0,535.0,1327.0,1416.0,783.0,1563.0,980.0
68694,38:01.500,38:01.520,3,933.0,1007.0,1126.0,1253.0,325.0,1036.0,537.0,1310.0,1419.0,765.0,1568.0,964.0
68709,38:02.000,38:02.020,3,336.0,1002.0,547.0,1283.0,964.0,978.0,1145.0,1217.0,1430.0,745.0,1575.0,942.0
68724,38:02.500,38:02.520,3,347.0,998.0,555.0,1280.0,1003.0,973.0,1174.0,1218.0,1440.0,747.0,1587.0,944.0
68739,38:03.000,38:03.020,3,998.0,979.0,1171.0,1227.0,324.0,1029.0,537.0,1301.0,1436.0,764.0,1588.0,960.0
68754,38:03.500,38:03.520,3,1036.0,1022.0,1205.0,1264.0,380.0,1017.0,587.0,1291.0,1500.0,834.0,1647.0,1035.0
68769,38:04.000,38:04.020,3,405.0,1031.0,608.0,1298.0,1049.0,1036.0,1220.0,1280.0,1521.0,849.0,1667.0,1053.0
68784,38:04.500,38:04.520,3,1043.0,1066.0,1216.0,1312.0,410.0,1059.0,613.0,1326.0,1531.0,893.0,1677.0,1101.0
68799,38:05.000,38:05.020,3,969.0,1033.0,1153.0,1277.0,343.0,1017.0,551.0,1295.0,1474.0,853.0,1618.0,1059.0
68814,38:05.500,38:05.522,3,909.0,995.0,1096.0,1245.0,290.0,974.0,504.0,1232.0,1422.0,817.0,1565.0,1020.0
68829,38:06.000,38:06.022,3,740.0,1075.0,940.0,1336.0,34.0,1093.0,291.0,1382.0,1254.0,860.0,1397.0,1057.0
68844,38:06.500,38:06.522,3,875.0,1032.0,1065.0,1283.0,238.0,1033.0,462.0,1294.0,1381.0,831.0,1525.0,1032.0
68859,38:07.000,38:07.022,3,1062.0,933.0,1243.0,1171.0,495.0,884.0,688.0,1135.0,1582.0,769.0,1727.0,972.0
68874,38:07.500,38:07.522,3,526.0,773.0,716.0,1029.0,1066.0,925.0,1238.0,1166.0,1621.0,852.0,1765.0,1063.0
68889,38:08.000,38:08.013,3,451.0,692.0,651.0,948.0,948.0,910.0,1099.0,1146.0,1549.0,892.0,1685.0,1097.0
