frame,time,actual_video_time,faces_detected_count,face_0_tl_x,face_0_tl_y,face_0_br_x,face_0_br_y,face_1_tl_x,face_1_tl_y,face_1_br_x,face_1_br_y,face_2_tl_x,face_2_tl_y,face_2_br_x,face_2_br_y,face_3_tl_x,face_3_tl_y,face_3_br_x,face_3_br_y
24163,13:12.000,13:12.025,3,1071.0,710.0,1217.0,929.0,638.0,612.0,797.0,832.0,1679.0,635.0,1841.0,839.0,,,,
24178,13:12.500,13:12.525,3,504.0,657.0,669.0,886.0,960.0,758.0,1110.0,972.0,1558.0,679.0,1710.0,879.0,,,,
24193,13:13.000,13:13.027,3,473.0,645.0,641.0,879.0,931.0,748.0,1080.0,965.0,1528.0,668.0,1677.0,869.0,,,,
24208,13:13.500,13:13.527,3,227.0,671.0,421.0,915.0,741.0,767.0,897.0,995.0,1341.0,685.0,1487.0,881.0,,,,
24223,13:14.000,13:14.018,3,340.0,644.0,523.0,885.0,833.0,726.0,984.0,948.0,1425.0,620.0,1574.0,817.0,,,,
24238,13:14.500,13:14.518,3,422.0,684.0,596.0,910.0,894.0,758.0,1043.0,976.0,1485.0,649.0,1637.0,844.0,,,,
24253,13:15.000,13:15.018,3,636.0,653.0,795.0,870.0,1677.0,635.0,1839.0,841.0,1075.0,735.0,1219.0,948.0,,,,
24268,13:15.500,13:15.518,3,1831.0,632.0,2005.0,848.0,1204.0,717.0,1350.0,936.0,782.0,638.0,931.0,844.0,,,,
24283,13:16.000,13:16.018,3,1821.0,615.0,1997.0,833.0,1196.0,706.0,1343.0,925.0,777.0,629.0,927.0,843.0,,,,
24298,13:16.500,13:16.518,3,1785.0,597.0,1959.0,816.0,741.0,614.0,894.0,828.0,1169.0,693.0,1316.0,913.0,,,,
24313,13:17.000,13:17.018,3,1732.0,607.0,1899.0,821.0,688.0,624.0,845.0,840.0,1129.0,695.0,1274.0,911.0,,,,
24328,13:17.500,13:17.520,3,663.0,602.0,819.0,825.0,1702.0,592.0,1868.0,804.0,1098.0,677.0,1245.0,899.0,,,,
24343,13:18.000,13:18.020,3,689.0,601.0,845.0,821.0,1713.0,602.0,1880.0,817.0,1107.0,686.0,1255.0,906.0,,,,
24358,13:18.500,13:18.520,3,1710.0,659.0,1876.0,868.0,692.0,649.0,850.0,864.0,1107.0,734.0,1251.0,951.0,,,,
24373,13:19.000,13:19.020,3,1779.0,707.0,1949.0,920.0,1165.0,782.0,1310.0,997.0,752.0,683.0,906.0,893.0,,,,
24388,13:19.500,13:19.520,3,1780.0,736.0,1948.0,950.0,750.0,714.0,902.0,919.0,1165.0,813.0,1313.0,1027.0,,,,
24403,13:20.000,13:20.020,3,1820.0,698.0,1995.0,915.0,1197.0,775.0,1344.0,995.0,777.0,674.0,927.0,885.0,,,,
24418,13:20.500,13:20.520,3,1836.0,698.0,2013.0,921.0,1211.0,785.0,1357.0,1004.0,794.0,685.0,943.0,900.0,,,,
24433,13:21.000,13:21.020,3,1810.0,689.0,1984.0,903.0,1193.0,771.0,1338.0,989.0,776.0,671.0,925.0,884.0,,,,
24448,13:21.500,13:21.522,3,1789.0,686.0,1962.0,902.0,1177.0,771.0,1321.0,986.0,757.0,670.0,908.0,885.0,,,,
24463,13:22.000,13:22.022,3,1793.0,693.0,1967.0,908.0,1180.0,772.0,1325.0,988.0,762.0,684.0,912.0,891.0,,,,
24478,13:22.500,13:22.522,3,1782.0,660.0,1954.0,872.0,750.0,647.0,902.0,861.0,1166.0,739.0,1313.0,958.0,,,,
24493,13:23.000,13:23.022,3,723.0,652.0,878.0,865.0,1753.0,669.0,1922.0,882.0,1143.0,749.0,1290.0,965.0,,,,
24508,13:23.500,13:23.522,3,1734.0,680.0,1901.0,894.0,712.0,671.0,865.0,887.0,1129.0,764.0,1274.0,981.0,,,,
24523,13:24.000,13:24.022,3,1719.0,684.0,1884.0,897.0,692.0,669.0,847.0,884.0,1115.0,763.0,1261.0,982.0,,,,
24538,13:24.500,13:24.522,3,1710.0,714.0,1876.0,927.0,669.0,693.0,826.0,907.0,1105.0,785.0,1253.0,1005.0,,,,
24553,13:25.000,13:25.022,3,1705.0,702.0,1873.0,917.0,665.0,682.0,820.0,893.0,1105.0,777.0,1252.0,994.0,,,,
24568,13:25.500,13:25.522,3,1667.0,686.0,1827.0,892.0,625.0,663.0,784.0,871.0,1071.0,760.0,1215.0,970.0,,,,
24583,13:26.000,13:26.023,3,609.0,672.0,769.0,885.0,1649.0,699.0,1810.0,906.0,1055.0,769.0,1200.0,985.0,,,,
24598,13:26.500,13:26.523,3,607.0,703.0,768.0,916.0,1648.0,735.0,1808.0,944.0,1051.0,802.0,1200.0,1019.0,,,,
24613,13:27.000,13:27.023,3,598.0,683.0,760.0,902.0,1642.0,720.0,1798.0,927.0,1043.0,789.0,1191.0,1003.0,,,,
24628,13:27.500,13:27.523,3,1612.0,714.0,1770.0,924.0,1019.0,784.0,1167.0,1002.0,568.0,677.0,732.0,902.0,,,,
24643,13:28.000,13:28.023,3,576.0,668.0,739.0,892.0,1618.0,713.0,1775.0,918.0,1026.0,776.0,1172.0,994.0,,,,
24658,13:28.500,13:28.523,3,576.0,667.0,739.0,892.0,1616.0,718.0,1772.0,925.0,1024.0,782.0,1171.0,1001.0,,,,
24673,13:29.000,13:29.023,3,565.0,662.0,728.0,884.0,1014.0,769.0,1161.0,987.0,1609.0,702.0,1765.0,905.0,,,,
24688,13:29.500,13:29.523,3,1658.0,686.0,1817.0,889.0,616.0,627.0,779.0,845.0,1056.0,738.0,1203.0,953.0,,,,
24703,13:30.000,13:30.025,3,618.0,698.0,781.0,911.0,1053.0,814.0,1201.0,1027.0,1658.0,776.0,1815.0,978.0,,,,
24718,13:30.500,13:30.525,3,593.0,674.0,754.0,891.0,1635.0,719.0,1791.0,933.0,1021.0,776.0,1165.0,994.0,,,,
24733,13:31.000,13:31.025,3,675.0,755.0,835.0,981.0,152.0,617.0,361.0,882.0,1298.0,694.0,1440.0,906.0,,,,
24748,13:31.500,13:31.525,3,569.0,765.0,736.0,996.0,2.0,641.0,228.0,915.0,1203.0,699.0,1345.0,906.0,,,,
24763,13:32.000,13:32.025,3,496.0,736.0,667.0,974.0,1146.0,672.0,1286.0,870.0,-88.0,613.0,140.0,878.0,,,,
24778,13:32.500,13:32.525,2,450.0,687.0,628.0,936.0,1112.0,635.0,1252.0,845.0,,,,,,,,
24793,13:33.000,13:33.025,3,532.0,634.0,700.0,873.0,-43.0,476.0,186.0,758.0,1177.0,593.0,1316.0,802.0,,,,
24808,13:33.500,13:33.525,3,530.0,703.0,697.0,944.0,-37.0,563.0,190.0,830.0,1169.0,668.0,1309.0,871.0,,,,
24823,13:34.000,13:34.025,2,453.0,734.0,630.0,982.0,1107.0,681.0,1249.0,881.0,,,,,,,,
24838,13:34.500,13:34.518,2,444.0,710.0,621.0,957.0,1097.0,660.0,1239.0,860.0,,,,,,,,
24853,13:35.000,13:35.018,2,437.0,676.0,617.0,923.0,1093.0,630.0,1234.0,828.0,,,,,,,,
24868,13:35.500,13:35.518,3,536.0,713.0,702.0,953.0,-19.0,569.0,206.0,836.0,1170.0,671.0,1311.0,870.0,,,,
24883,13:36.000,13:36.018,3,248.0,626.0,446.0,877.0,734.0,752.0,887.0,978.0,1343.0,697.0,1486.0,896.0,,,,
24898,13:36.500,13:36.518,3,307.0,638.0,494.0,878.0,778.0,755.0,930.0,976.0,1383.0,700.0,1527.0,899.0,,,,
24913,13:37.000,13:37.018,3,264.0,613.0,458.0,858.0,746.0,737.0,903.0,968.0,1352.0,680.0,1496.0,882.0,,,,
24928,13:37.500,13:37.518,3,267.0,573.0,461.0,826.0,760.0,708.0,915.0,936.0,1366.0,658.0,1510.0,859.0,,,,
24943,13:38.000,13:38.018,3,315.0,584.0,502.0,829.0,794.0,715.0,948.0,948.0,1397.0,664.0,1542.0,865.0,,,,
24958,13:38.500,13:38.518,3,462.0,676.0,635.0,904.0,909.0,805.0,1058.0,1025.0,1506.0,750.0,1653.0,951.0,,,,
24973,13:39.000,13:39.020,3,1064.0,952.0,1210.0,1178.0,641.0,848.0,802.0,1063.0,1670.0,880.0,1830.0,1090.0,,,,
24988,13:39.500,13:39.520,3,552.0,782.0,718.0,1000.0,995.0,853.0,1145.0,1078.0,1581.0,734.0,1737.0,942.0,,,,
25003,13:40.000,13:40.020,3,570.0,542.0,734.0,767.0,1606.0,523.0,1762.0,731.0,1012.0,628.0,1158.0,849.0,,,,
25018,13:40.500,13:40.520,3,487.0,525.0,660.0,758.0,941.0,633.0,1086.0,857.0,1535.0,546.0,1688.0,753.0,,,,
25033,13:41.000,13:41.020,3,503.0,607.0,675.0,841.0,951.0,719.0,1098.0,941.0,1544.0,635.0,1697.0,839.0,,,,
25048,13:41.500,13:41.520,3,618.0,590.0,783.0,814.0,1651.0,593.0,1811.0,805.0,1047.0,693.0,1196.0,910.0,,,,
25063,13:42.000,13:42.020,3,1153.0,792.0,1301.0,1017.0,1765.0,690.0,1935.0,904.0,744.0,703.0,897.0,915.0,,,,
25078,13:42.500,13:42.520,3,623.0,759.0,784.0,976.0,1053.0,831.0,1200.0,1052.0,1642.0,706.0,1800.0,914.0,,,,
25093,13:43.000,13:43.022,3,422.0,613.0,601.0,854.0,906.0,693.0,1058.0,931.0,1477.0,594.0,1627.0,797.0,,,,
25108,13:43.500,13:43.522,3,1146.0,518.0,1298.0,741.0,1733.0,466.0,1901.0,689.0,688.0,396.0,850.0,622.0,,,,
25123,13:44.000,13:44.022,3,559.0,530.0,726.0,758.0,1592.0,589.0,1747.0,801.0,1038.0,626.0,1186.0,848.0,,,,
25138,13:44.500,13:44.522,3,478.0,609.0,651.0,845.0,956.0,683.0,1113.0,918.0,1521.0,652.0,1670.0,849.0,,,,
25153,13:45.000,13:45.022,3,544.0,700.0,710.0,925.0,1036.0,801.0,1189.0,1026.0,1573.0,780.0,1727.0,983.0,,,,
25168,13:45.500,13:45.522,3,452.0,666.0,626.0,895.0,925.0,770.0,1082.0,990.0,1500.0,724.0,1647.0,926.0,,,,
25183,13:46.000,13:46.022,3,441.0,652.0,616.0,883.0,904.0,761.0,1060.0,981.0,1493.0,707.0,1640.0,907.0,,,,
25198,13:46.500,13:46.522,3,302.0,696.0,491.0,938.0,787.0,807.0,947.0,1035.0,1383.0,728.0,1528.0,926.0,,,,
25213,13:47.000,13:47.022,3,214.0,703.0,414.0,944.0,725.0,807.0,888.0,1042.0,1326.0,722.0,1470.0,921.0,,,,
25228,13:47.500,13:47.523,3,359.0,653.0,539.0,888.0,843.0,763.0,999.0,997.0,1437.0,679.0,1584.0,881.0,,,,
25243,13:48.000,13:48.023,3,1904.0,669.0,2088.0,893.0,1261.0,767.0,1415.0,987.0,845.0,670.0,995.0,880.0,,,,
25258,13:48.500,13:48.523,3,1856.0,687.0,2034.0,906.0,1224.0,780.0,1377.0,1002.0,805.0,695.0,955.0,902.0,,,,
25273,13:49.000,13:49.023,3,1142.0,759.0,1293.0,982.0,1758.0,666.0,1924.0,877.0,718.0,661.0,874.0,878.0,,,,
25288,13:49.500,13:49.523,3,1108.0,763.0,1258.0,984.0,1725.0,661.0,1887.0,872.0,687.0,666.0,842.0,878.0,,,,
25303,13:50.000,13:50.023,3,1090.0,762.0,1242.0,994.0,673.0,666.0,832.0,879.0,1709.0,667.0,1870.0,878.0,,,,
25318,13:50.500,13:50.523,3,1684.0,669.0,1846.0,880.0,652.0,660.0,812.0,871.0,1075.0,759.0,1224.0,975.0,,,,
25333,13:51.000,13:51.023,3,519.0,583.0,688.0,812.0,947.0,683.0,1097.0,910.0,1553.0,607.0,1707.0,814.0,,,,
25348,13:51.500,13:51.525,3,977.0,652.0,1128.0,881.0,1597.0,554.0,1754.0,768.0,566.0,563.0,731.0,790.0,,,,
25363,13:52.000,13:52.025,3,1708.0,644.0,1872.0,855.0,1082.0,728.0,1228.0,949.0,688.0,640.0,845.0,855.0,,,,
25378,13:52.500,13:52.525,3,1712.0,682.0,1876.0,895.0,1082.0,767.0,1229.0,991.0,685.0,678.0,843.0,891.0,,,,
25393,13:53.000,13:53.025,3,230.0,698.0,430.0,938.0,714.0,788.0,873.0,1021.0,1341.0,701.0,1484.0,910.0,,,,
25408,13:53.500,13:53.525,3,658.0,787.0,819.0,1028.0,157.0,701.0,364.0,945.0,1289.0,693.0,1432.0,897.0,,,,
25423,13:54.000,13:54.025,3,654.0,727.0,815.0,966.0,142.0,628.0,352.0,885.0,1286.0,635.0,1429.0,837.0,,,,
25438,13:54.500,13:54.517,3,223.0,685.0,419.0,922.0,711.0,776.0,868.0,1013.0,1334.0,688.0,1477.0,890.0,,,,
25453,13:55.000,13:55.017,3,285.0,675.0,476.0,912.0,756.0,773.0,916.0,1007.0,1379.0,699.0,1523.0,901.0,,,,
25468,13:55.500,13:55.517,3,401.0,663.0,580.0,892.0,847.0,764.0,998.0,992.0,1463.0,688.0,1612.0,889.0,,,,
25483,13:56.000,13:56.018,3,1683.0,615.0,1844.0,830.0,649.0,594.0,808.0,810.0,1053.0,692.0,1202.0,915.0,,,,
25498,13:56.500,13:56.518,3,632.0,582.0,794.0,805.0,1671.0,591.0,1833.0,805.0,1043.0,675.0,1193.0,907.0,,,,
25513,13:57.000,13:57.018,3,1086.0,708.0,1233.0,936.0,1714.0,648.0,1877.0,857.0,688.0,605.0,845.0,824.0,,,,
25528,13:57.500,13:57.518,3,1763.0,584.0,1933.0,804.0,733.0,549.0,888.0,769.0,1129.0,658.0,1275.0,885.0,,,,
25543,13:58.000,13:58.018,3,1701.0,474.0,1864.0,693.0,1066.0,554.0,1216.0,777.0,659.0,453.0,819.0,673.0,,,,
25558,13:58.500,13:58.518,3,140.0,459.0,349.0,713.0,657.0,578.0,819.0,820.0,1291.0,521.0,1433.0,728.0,,,,
25573,13:59.000,13:59.018,3,582.0,539.0,750.0,778.0,6.0,411.0,231.0,679.0,1213.0,476.0,1353.0,679.0,,,,
25588,13:59.500,13:59.518,3,478.0,659.0,658.0,904.0,1128.0,617.0,1269.0,815.0,-100.0,519.0,119.0,794.0,,,,
25603,14:00.000,14:00.020,3,507.0,773.0,685.0,1014.0,-62.0,645.0,163.0,907.0,1156.0,717.0,1292.0,919.0,,,,
25618,14:00.500,14:00.520,3,509.0,764.0,684.0,1006.0,-64.0,633.0,162.0,898.0,1158.0,705.0,1299.0,906.0,,,,
25633,14:01.000,14:01.020,3,21.0,627.0,245.0,892.0,571.0,756.0,740.0,989.0,1216.0,691.0,1357.0,895.0,,,,
25648,14:01.500,14:01.520,3,140.0,592.0,347.0,851.0,651.0,719.0,811.0,956.0,1293.0,666.0,1433.0,867.0,,,,
25663,14:02.000,14:02.020,3,112.0,531.0,320.0,792.0,636.0,661.0,800.0,895.0,1279.0,610.0,1421.0,814.0,,,,
25678,14:02.500,14:02.520,3,527.0,567.0,700.0,814.0,1185.0,525.0,1326.0,730.0,-42.0,435.0,182.0,706.0,,,,
25693,14:03.000,14:03.020,3,510.0,552.0,685.0,801.0,-63.0,426.0,157.0,695.0,1171.0,504.0,1311.0,708.0,,,,
25708,14:03.500,14:03.520,2,-26.0,455.0,203.0,749.0,795.0,444.0,945.0,656.0,,,,,,,,
25723,14:04.000,14:04.020,1,430.0,371.0,604.0,603.0,,,,,,,,,,,,
25738,14:04.500,14:04.522,1,429.0,328.0,607.0,560.0,,,,,,,,,,,,
25753,14:05.000,14:05.022,1,642.0,376.0,801.0,594.0,,,,,,,,,,,,
25768,14:05.500,14:05.522,3,567.0,544.0,741.0,786.0,115.0,479.0,345.0,743.0,1215.0,513.0,1356.0,721.0,,,,
25783,14:06.000,14:06.022,3,1862.0,716.0,2037.0,941.0,1219.0,773.0,1370.0,994.0,887.0,736.0,1051.0,946.0,,,,
25798,14:06.500,14:06.522,3,1809.0,729.0,1981.0,950.0,1176.0,780.0,1327.0,1000.0,813.0,724.0,970.0,924.0,,,,
25813,14:07.000,14:07.022,3,1788.0,708.0,1958.0,925.0,1158.0,767.0,1308.0,983.0,709.0,666.0,867.0,880.0,,,,
25828,14:07.500,14:07.522,3,1768.0,679.0,1935.0,891.0,734.0,619.0,890.0,833.0,1137.0,732.0,1287.0,954.0,,,,
25843,14:08.000,14:08.022,3,1758.0,704.0,1924.0,920.0,735.0,653.0,891.0,866.0,1132.0,765.0,1281.0,983.0,,,,
25858,14:08.500,14:08.522,3,1770.0,700.0,1937.0,912.0,1141.0,758.0,1290.0,971.0,737.0,646.0,893.0,855.0,,,,
25873,14:09.000,14:09.023,3,1137.0,739.0,1286.0,962.0,725.0,628.0,882.0,842.0,1764.0,688.0,1932.0,904.0,,,,
25888,14:09.500,14:09.523,3,1755.0,701.0,1921.0,917.0,720.0,640.0,874.0,849.0,1130.0,751.0,1279.0,965.0,,,,
25903,14:10.000,14:10.023,3,1126.0,736.0,1278.0,957.0,1750.0,690.0,1913.0,905.0,712.0,628.0,867.0,841.0,,,,
25918,14:10.500,14:10.523,3,1123.0,738.0,1273.0,955.0,1746.0,692.0,1912.0,909.0,707.0,629.0,860.0,841.0,,,,
25933,14:11.000,14:11.023,3,1744.0,679.0,1908.0,893.0,1118.0,717.0,1270.0,938.0,702.0,605.0,856.0,823.0,,,,
25948,14:11.500,14:11.523,3,1750.0,675.0,1914.0,890.0,1124.0,707.0,1278.0,930.0,707.0,594.0,862.0,812.0,,,,
25963,14:12.000,14:12.023,3,1781.0,699.0,1951.0,914.0,1153.0,734.0,1306.0,956.0,740.0,624.0,895.0,841.0,,,,
25978,14:12.500,14:12.523,3,1778.0,698.0,1948.0,911.0,1151.0,733.0,1302.0,954.0,734.0,618.0,889.0,837.0,,,,
25993,14:13.000,14:13.025,3,1779.0,694.0,1947.0,908.0,733.0,616.0,889.0,834.0,1150.0,732.0,1302.0,955.0,,,,
26008,14:13.500,14:13.525,3,1783.0,679.0,1951.0,891.0,1156.0,712.0,1310.0,934.0,740.0,596.0,895.0,811.0,,,,
26023,14:14.000,14:14.025,3,1776.0,663.0,1945.0,877.0,732.0,590.0,887.0,810.0,1150.0,703.0,1303.0,926.0,,,,
26038,14:14.500,14:14.525,3,1767.0,642.0,1936.0,856.0,1144.0,693.0,1295.0,910.0,721.0,573.0,877.0,796.0,,,,
26053,14:15.000,14:15.017,3,1131.0,675.0,1281.0,897.0,711.0,556.0,865.0,783.0,1757.0,630.0,1923.0,841.0,,,,
26068,14:15.500,14:15.517,3,1097.0,676.0,1248.0,899.0,1717.0,630.0,1879.0,839.0,682.0,556.0,839.0,782.0,,,,
26083,14:16.000,14:16.017,3,1032.0,672.0,1182.0,898.0,620.0,552.0,786.0,780.0,1642.0,618.0,1800.0,825.0,,,,
26098,14:16.500,14:16.517,3,256.0,517.0,455.0,777.0,744.0,642.0,903.0,874.0,1351.0,575.0,1496.0,777.0,,,,
26113,14:17.000,14:17.017,3,576.0,615.0,746.0,857.0,-16.0,491.0,206.0,764.0,1203.0,551.0,1347.0,754.0,,,,
26128,14:17.500,14:17.518,3,177.0,514.0,378.0,771.0,712.0,648.0,870.0,881.0,1323.0,586.0,1465.0,786.0,,,,
26143,14:18.000,14:18.018,3,206.0,524.0,404.0,774.0,723.0,662.0,881.0,896.0,1332.0,605.0,1477.0,805.0,,,,
26158,14:18.500,14:18.518,3,594.0,654.0,754.0,881.0,1026.0,767.0,1176.0,992.0,1629.0,701.0,1789.0,906.0,,,,
26173,14:19.000,14:19.018,3,1837.0,719.0,2013.0,936.0,795.0,675.0,943.0,887.0,1206.0,783.0,1355.0,1000.0,,,,
26188,14:19.500,14:19.518,3,1840.0,737.0,2014.0,956.0,1209.0,792.0,1357.0,1014.0,799.0,671.0,947.0,885.0,,,,
26203,14:20.000,14:20.018,3,1705.0,713.0,1868.0,923.0,1095.0,766.0,1245.0,988.0,676.0,645.0,833.0,862.0,,,,
26218,14:20.500,14:20.518,3,1837.0,762.0,2012.0,979.0,1208.0,812.0,1360.0,1032.0,803.0,692.0,951.0,903.0,,,,
26233,14:21.000,14:21.018,3,1852.0,766.0,2029.0,991.0,1221.0,815.0,1376.0,1036.0,812.0,708.0,961.0,919.0,,,,
26248,14:21.500,14:21.520,3,1800.0,730.0,1973.0,952.0,1178.0,784.0,1332.0,1004.0,769.0,674.0,920.0,889.0,,,,
26263,14:22.000,14:22.020,3,1906.0,770.0,2090.0,995.0,1263.0,827.0,1417.0,1054.0,857.0,734.0,1006.0,947.0,,,,
26278,14:22.500,14:22.520,3,1866.0,768.0,2043.0,989.0,1229.0,822.0,1386.0,1048.0,820.0,732.0,970.0,943.0,,,,
26293,14:23.000,14:23.020,3,1821.0,786.0,1993.0,1002.0,1194.0,840.0,1345.0,1058.0,786.0,743.0,939.0,956.0,,,,
26308,14:23.500,14:23.520,3,1784.0,781.0,1953.0,997.0,1161.0,829.0,1314.0,1047.0,750.0,745.0,907.0,954.0,,,,
26323,14:24.000,14:24.020,3,1152.0,797.0,1305.0,1016.0,1775.0,753.0,1942.0,965.0,736.0,710.0,893.0,922.0,,,,
26338,14:24.500,14:24.520,3,1136.0,788.0,1290.0,1005.0,1757.0,757.0,1924.0,971.0,724.0,689.0,878.0,901.0,,,,
26353,14:25.000,14:25.020,3,1704.0,737.0,1869.0,948.0,668.0,668.0,824.0,888.0,1093.0,775.0,1245.0,989.0,,,,
26368,14:25.500,14:25.520,3,647.0,613.0,808.0,839.0,1685.0,692.0,1847.0,899.0,1075.0,725.0,1227.0,941.0,,,,
26383,14:26.000,14:26.022,3,1087.0,760.0,1243.0,976.0,1705.0,736.0,1866.0,943.0,666.0,641.0,825.0,864.0,,,,
26398,14:26.500,14:26.522,3,610.0,599.0,772.0,827.0,1038.0,722.0,1193.0,943.0,1650.0,703.0,1807.0,908.0,,,,
26413,14:27.000,14:27.022,3,610.0,591.0,774.0,820.0,1041.0,709.0,1196.0,932.0,1653.0,687.0,1812.0,891.0,,,,
26428,14:27.500,14:27.522,3,1058.0,673.0,1213.0,894.0,628.0,548.0,789.0,776.0,1672.0,643.0,1831.0,852.0,,,,
26443,14:28.000,14:28.022,3,2037.0,548.0,2237.0,785.0,1357.0,586.0,1519.0,815.0,956.0,484.0,1103.0,696.0,,,,
26458,14:28.500,14:28.522,3,723.0,409.0,880.0,634.0,1144.0,533.0,1297.0,758.0,1772.0,505.0,1939.0,727.0,,,,
26473,14:29.000,14:29.022,3,586.0,418.0,752.0,653.0,1633.0,557.0,1791.0,778.0,1024.0,562.0,1179.0,788.0,,,,
26488,14:29.500,14:29.522,3,745.0,536.0,910.0,767.0,232.0,361.0,432.0,621.0,1355.0,550.0,1497.0,751.0,,,,
26503,14:30.000,14:30.023,3,663.0,643.0,833.0,878.0,126.0,484.0,339.0,747.0,1281.0,656.0,1423.0,849.0,,,,
26518,14:30.500,14:30.523,3,502.0,530.0,672.0,759.0,962.0,655.0,1119.0,871.0,1555.0,645.0,1706.0,846.0,,,,
26533,14:31.000,14:31.023,3,614.0,544.0,776.0,770.0,1051.0,649.0,1204.0,872.0,1646.0,610.0,1802.0,820.0,,,,
26548,14:31.500,14:31.523,3,542.0,544.0,707.0,769.0,999.0,631.0,1153.0,852.0,1587.0,581.0,1742.0,790.0,,,,
26563,14:32.000,14:32.023,3,414.0,604.0,589.0,841.0,903.0,696.0,1062.0,920.0,1489.0,647.0,1638.0,843.0,,,,
26578,14:32.500,14:32.523,3,172.0,579.0,375.0,839.0,723.0,692.0,887.0,920.0,1319.0,649.0,1463.0,842.0,,,,
26593,14:33.000,14:33.023,3,1852.0,658.0,2027.0,879.0,1225.0,704.0,1381.0,920.0,797.0,621.0,949.0,838.0,,,,
26608,14:33.500,14:33.523,3,1184.0,677.0,1340.0,900.0,1804.0,630.0,1975.0,849.0,765.0,567.0,916.0,782.0,,,,
26623,14:34.000,14:34.023,3,1096.0,670.0,1252.0,893.0,1703.0,620.0,1867.0,834.0,664.0,575.0,823.0,798.0,,,,
26638,14:34.500,14:34.525,3,472.0,538.0,644.0,772.0,936.0,640.0,1091.0,864.0,1530.0,586.0,1681.0,793.0,,,,
26653,14:35.000,14:35.025,3,956.0,611.0,1111.0,839.0,485.0,514.0,661.0,750.0,1550.0,559.0,1701.0,767.0,,,,
26668,14:35.500,14:35.525,3,502.0,462.0,676.0,693.0,972.0,552.0,1127.0,776.0,1567.0,494.0,1722.0,702.0,,,,
26683,14:36.000,14:36.017,3,480.0,479.0,654.0,719.0,946.0,603.0,1106.0,831.0,1536.0,572.0,1687.0,780.0,,,,
26698,14:36.500,14:36.517,3,549.0,475.0,717.0,706.0,1000.0,604.0,1157.0,835.0,1594.0,584.0,1747.0,792.0,,,,
26713,14:37.000,14:37.017,3,1095.0,526.0,1252.0,745.0,658.0,393.0,822.0,623.0,1708.0,497.0,1873.0,715.0,,,,
26728,14:37.500,14:37.517,3,1820.0,584.0,1993.0,807.0,1181.0,589.0,1329.0,814.0,779.0,462.0,934.0,682.0,,,,
26743,14:38.000,14:38.017,3,1749.0,614.0,1913.0,831.0,713.0,499.0,869.0,719.0,1103.0,621.0,1251.0,840.0,,,,
26758,14:38.500,14:38.518,3,1077.0,587.0,1225.0,813.0,684.0,463.0,844.0,686.0,1727.0,575.0,1890.0,789.0,,,,
26773,14:39.000,14:39.018,3,1793.0,742.0,1960.0,958.0,1139.0,706.0,1286.0,921.0,773.0,554.0,926.0,771.0,,,,
26788,14:39.500,14:39.518,3,1892.0,723.0,2074.0,946.0,1221.0,679.0,1372.0,902.0,859.0,529.0,1013.0,746.0,,,,
26803,14:40.000,14:40.018,3,1478.0,607.0,1634.0,835.0,2248.0,586.0,2450.0,833.0,1103.0,492.0,1251.0,705.0,,,,
26818,14:40.500,14:40.518,3,1983.0,576.0,2176.0,811.0,1290.0,603.0,1439.0,827.0,914.0,486.0,1064.0,702.0,,,,
26833,14:41.000,14:41.018,3,1800.0,572.0,1969.0,789.0,1146.0,603.0,1289.0,826.0,754.0,487.0,910.0,708.0,,,,
26848,14:41.500,14:41.518,3,1729.0,587.0,1893.0,806.0,1086.0,613.0,1233.0,836.0,687.0,491.0,847.0,715.0,,,,
26863,14:42.000,14:42.018,3,1740.0,603.0,1905.0,822.0,1095.0,626.0,1242.0,848.0,701.0,502.0,856.0,723.0,,,,
26878,14:42.500,14:42.518,3,1784.0,609.0,1954.0,831.0,745.0,499.0,902.0,723.0,1138.0,624.0,1286.0,846.0,,,,
26893,14:43.000,14:43.020,3,1763.0,596.0,1931.0,819.0,721.0,496.0,877.0,716.0,1130.0,617.0,1279.0,842.0,,,,
26908,14:43.500,14:43.520,3,1758.0,615.0,1925.0,835.0,1123.0,639.0,1272.0,860.0,718.0,511.0,876.0,735.0,,,,
26923,14:44.000,14:44.020,3,1766.0,595.0,1935.0,817.0,1131.0,615.0,1281.0,837.0,725.0,487.0,881.0,710.0,,,,
26938,14:44.500,14:44.520,3,1771.0,602.0,1940.0,824.0,1135.0,616.0,1285.0,840.0,730.0,489.0,887.0,712.0,,,,
26953,14:45.000,14:45.020,3,1772.0,619.0,1939.0,836.0,1133.0,637.0,1282.0,865.0,729.0,506.0,888.0,727.0,,,,
26968,14:45.500,14:45.520,3,1766.0,594.0,1933.0,813.0,1134.0,609.0,1283.0,834.0,728.0,477.0,884.0,698.0,,,,
26983,14:46.000,14:46.020,3,1783.0,596.0,1953.0,820.0,1148.0,619.0,1297.0,845.0,742.0,491.0,899.0,713.0,,,,
26998,14:46.500,14:46.520,3,551.0,473.0,718.0,705.0,989.0,585.0,1139.0,814.0,1606.0,542.0,1761.0,753.0,,,,
27013,14:47.000,14:47.022,3,2151.0,670.0,2364.0,906.0,1434.0,709.0,1588.0,937.0,1041.0,606.0,1182.0,817.0,,,,
27028,14:47.500,14:47.522,3,2100.0,676.0,2307.0,909.0,1412.0,732.0,1565.0,954.0,1004.0,646.0,1146.0,855.0,,,,
27043,14:48.000,14:48.022,3,1873.0,581.0,2054.0,812.0,813.0,584.0,962.0,800.0,1231.0,659.0,1379.0,881.0,,,,
27058,14:48.500,14:48.522,3,1903.0,615.0,2087.0,841.0,1256.0,702.0,1404.0,923.0,839.0,633.0,986.0,840.0,,,,
27073,14:49.000,14:49.022,3,34.0,594.0,255.0,868.0,574.0,689.0,741.0,920.0,1242.0,621.0,1386.0,818.0,,,,
27088,14:49.500,14:49.522,3,-6.0,531.0,217.0,809.0,545.0,637.0,712.0,872.0,1212.0,569.0,1354.0,776.0,,,,
27103,14:50.000,14:50.022,3,507.0,639.0,680.0,875.0,-29.0,524.0,193.0,809.0,1177.0,588.0,1321.0,791.0,,,,
27118,14:50.500,14:50.522,2,388.0,571.0,574.0,827.0,1086.0,523.0,1228.0,730.0,,,,,,,,
27133,14:51.000,14:51.022,2,387.0,576.0,572.0,831.0,1089.0,524.0,1228.0,730.0,,,,,,,,
27148,14:51.500,14:51.523,3,113.0,493.0,326.0,759.0,627.0,615.0,791.0,851.0,1280.0,569.0,1424.0,771.0,,,,
27163,14:52.000,14:52.023,3,91.0,509.0,305.0,777.0,621.0,634.0,787.0,871.0,1270.0,583.0,1414.0,790.0,,,,
27178,14:52.500,14:52.523,3,1564.0,602.0,1718.0,815.0,496.0,560.0,667.0,797.0,935.0,667.0,1085.0,887.0,,,,
27193,14:53.000,14:53.023,3,1008.0,649.0,1158.0,876.0,578.0,554.0,739.0,784.0,1634.0,568.0,1794.0,790.0,,,,
27208,14:53.500,14:53.523,3,604.0,555.0,766.0,784.0,1655.0,582.0,1815.0,798.0,1026.0,654.0,1173.0,875.0,,,,
27223,14:54.000,14:54.023,3,556.0,558.0,724.0,792.0,1605.0,600.0,1760.0,814.0,979.0,663.0,1129.0,888.0,,,,
27238,14:54.500,14:54.523,3,537.0,533.0,703.0,768.0,964.0,647.0,1113.0,874.0,1588.0,583.0,1743.0,799.0,,,,
27253,14:55.000,14:55.023,3,512.0,568.0,682.0,805.0,943.0,686.0,1092.0,911.0,1565.0,632.0,1718.0,839.0,,,,
27268,14:55.500,14:55.523,3,889.0,727.0,1040.0,953.0,450.0,613.0,624.0,847.0,1507.0,673.0,1657.0,876.0,,,,
27283,14:56.000,14:56.017,3,362.0,650.0,542.0,892.0,819.0,775.0,972.0,1000.0,1441.0,717.0,1586.0,916.0,,,,
27298,14:56.500,14:56.517,3,433.0,636.0,608.0,869.0,872.0,763.0,1022.0,987.0,1495.0,718.0,1642.0,920.0,,,,
27313,14:57.000,14:57.017,3,487.0,645.0,656.0,873.0,915.0,769.0,1065.0,991.0,1537.0,728.0,1687.0,932.0,,,,
27328,14:57.500,14:57.517,3,479.0,637.0,650.0,868.0,908.0,769.0,1059.0,992.0,1530.0,741.0,1680.0,944.0,,,,
27343,14:58.000,14:58.017,3,473.0,597.0,644.0,833.0,910.0,736.0,1061.0,962.0,1529.0,710.0,1680.0,912.0,,,,
27358,14:58.500,14:58.517,3,494.0,604.0,666.0,833.0,922.0,736.0,1077.0,964.0,1543.0,713.0,1694.0,913.0,,,,
27373,14:59.000,14:59.017,3,491.0,591.0,664.0,825.0,912.0,726.0,1064.0,950.0,1526.0,702.0,1677.0,903.0,,,,
27388,14:59.500,14:59.517,3,484.0,572.0,663.0,808.0,901.0,707.0,1056.0,934.0,1516.0,693.0,1666.0,894.0,,,,
27403,15:00.000,15:00.018,3,911.0,694.0,1063.0,918.0,492.0,566.0,669.0,798.0,1531.0,677.0,1681.0,879.0,,,,
27418,15:00.500,15:00.518,3,307.0,578.0,499.0,826.0,752.0,724.0,912.0,962.0,1389.0,683.0,1535.0,880.0,,,,
27433,15:01.000,15:01.018,3,266.0,595.0,462.0,847.0,733.0,734.0,894.0,968.0,1362.0,687.0,1508.0,887.0,,,,
27448,15:01.500,15:01.518,3,940.0,680.0,1093.0,901.0,506.0,556.0,676.0,787.0,1551.0,645.0,1703.0,846.0,,,,
27463,15:02.000,15:02.018,3,898.0,701.0,1055.0,923.0,450.0,573.0,627.0,811.0,1507.0,657.0,1656.0,858.0,,,,
27478,15:02.500,15:02.518,3,449.0,597.0,627.0,832.0,898.0,718.0,1055.0,945.0,1505.0,679.0,1655.0,880.0,,,,
27493,15:03.000,15:03.018,3,433.0,640.0,609.0,870.0,889.0,762.0,1042.0,978.0,1493.0,710.0,1641.0,908.0,,,,
27508,15:03.500,15:03.518,3,440.0,593.0,615.0,830.0,893.0,712.0,1049.0,935.0,1499.0,670.0,1647.0,870.0,,,,
27523,15:04.000,15:04.018,3,864.0,673.0,1023.0,899.0,406.0,552.0,584.0,794.0,1476.0,626.0,1625.0,827.0,,,,
27538,15:04.500,15:04.520,3,883.0,647.0,1036.0,871.0,432.0,526.0,611.0,762.0,1504.0,604.0,1654.0,808.0,,,,
27553,15:05.000,15:05.020,3,52.0,403.0,272.0,666.0,609.0,529.0,779.0,761.0,1250.0,475.0,1394.0,676.0,,,,
27568,15:05.500,15:05.520,2,283.0,583.0,482.0,843.0,988.0,540.0,1131.0,738.0,,,,,,,,
27583,15:06.000,15:06.020,3,484.0,452.0,660.0,690.0,940.0,555.0,1092.0,777.0,1555.0,484.0,1711.0,692.0,,,,
27598,15:06.500,15:06.520,3,1916.0,549.0,2103.0,775.0,1259.0,661.0,1411.0,883.0,847.0,592.0,996.0,803.0,,,,
27613,15:07.000,15:07.020,3,1903.0,608.0,2090.0,833.0,1248.0,705.0,1398.0,925.0,842.0,629.0,990.0,834.0,,,,
27628,15:07.500,15:07.520,3,1869.0,591.0,2052.0,818.0,1221.0,690.0,1373.0,912.0,814.0,613.0,962.0,825.0,,,,
27643,15:08.000,15:08.020,3,1812.0,642.0,1989.0,860.0,1172.0,724.0,1322.0,944.0,760.0,647.0,910.0,859.0,,,,
27658,15:08.500,15:08.522,3,659.0,642.0,817.0,862.0,1713.0,660.0,1878.0,865.0,1058.0,735.0,1212.0,953.0,,,,
27673,15:09.000,15:09.022,3,607.0,642.0,770.0,865.0,993.0,730.0,1153.0,950.0,1667.0,639.0,1829.0,845.0,,,,
27688,15:09.500,15:09.522,3,542.0,650.0,705.0,872.0,945.0,732.0,1108.0,955.0,1620.0,642.0,1776.0,845.0,,,,
27703,15:10.000,15:10.022,3,522.0,652.0,688.0,872.0,918.0,729.0,1086.0,956.0,1604.0,638.0,1762.0,841.0,,,,
27718,15:10.500,15:10.522,3,977.0,676.0,1138.0,899.0,509.0,621.0,677.0,842.0,1592.0,612.0,1750.0,821.0,,,,
27733,15:11.000,15:11.022,3,504.0,642.0,672.0,869.0,1027.0,687.0,1183.0,902.0,1583.0,645.0,1739.0,850.0,,,,
27748,15:11.500,15:11.522,3,499.0,665.0,667.0,884.0,1578.0,665.0,1733.0,867.0,1036.0,700.0,1191.0,913.0,,,,
27763,15:12.000,15:12.022,3,493.0,672.0,663.0,893.0,1030.0,710.0,1185.0,924.0,1570.0,671.0,1728.0,874.0,,,,
27778,15:12.500,15:12.522,3,518.0,657.0,687.0,878.0,1591.0,672.0,1747.0,875.0,1051.0,703.0,1201.0,917.0,,,,
27793,15:13.000,15:13.023,3,500.0,679.0,668.0,896.0,1574.0,680.0,1732.0,889.0,1035.0,720.0,1188.0,934.0,,,,
27808,15:13.500,15:13.523,3,493.0,667.0,662.0,884.0,1010.0,727.0,1171.0,935.0,1570.0,676.0,1728.0,881.0,,,,
27823,15:14.000,15:14.023,3,1759.0,743.0,1928.0,958.0,698.0,728.0,852.0,937.0,1182.0,789.0,1343.0,1002.0,,,,
27838,15:14.500,15:14.523,3,657.0,710.0,813.0,923.0,1717.0,721.0,1882.0,935.0,1146.0,772.0,1303.0,985.0,,,,
27853,15:15.000,15:15.023,3,1688.0,710.0,1852.0,920.0,626.0,698.0,785.0,916.0,1118.0,764.0,1279.0,972.0,,,,
27868,15:15.500,15:15.523,3,599.0,718.0,758.0,934.0,1662.0,728.0,1823.0,935.0,1093.0,781.0,1255.0,993.0,,,,
27883,15:16.000,15:16.023,3,580.0,718.0,743.0,936.0,1081.0,777.0,1238.0,990.0,1647.0,727.0,1805.0,934.0,,,,
27898,15:16.500,15:16.515,3,555.0,722.0,720.0,946.0,1626.0,734.0,1787.0,943.0,1059.0,783.0,1222.0,1000.0,,,,
27913,15:17.000,15:17.017,3,519.0,723.0,686.0,950.0,1031.0,788.0,1193.0,1008.0,1593.0,741.0,1750.0,947.0,,,,
27928,15:17.500,15:17.517,3,518.0,675.0,683.0,898.0,1029.0,747.0,1189.0,958.0,1591.0,699.0,1747.0,906.0,,,,
27943,15:18.000,15:18.017,3,482.0,554.0,654.0,785.0,1007.0,650.0,1167.0,864.0,1569.0,621.0,1726.0,831.0,,,,
27958,15:18.500,15:18.517,3,520.0,583.0,688.0,816.0,1032.0,672.0,1193.0,895.0,1598.0,652.0,1754.0,856.0,,,,
27973,15:19.000,15:19.017,3,1732.0,681.0,1896.0,899.0,667.0,654.0,823.0,874.0,1155.0,732.0,1314.0,950.0,,,,
27988,15:19.500,15:19.517,3,1138.0,715.0,1293.0,931.0,1709.0,676.0,1872.0,887.0,644.0,625.0,802.0,846.0,,,,
28003,15:20.000,15:20.017,3,528.0,543.0,693.0,779.0,1606.0,616.0,1762.0,825.0,1040.0,647.0,1198.0,863.0,,,,
28018,15:20.500,15:20.517,3,1814.0,672.0,1985.0,887.0,1224.0,687.0,1378.0,900.0,750.0,565.0,901.0,783.0,,,,
28033,15:21.000,15:21.017,3,1839.0,583.0,2015.0,808.0,1241.0,659.0,1401.0,876.0,778.0,597.0,927.0,807.0,,,,
28048,15:21.500,15:21.518,3,607.0,610.0,767.0,831.0,1668.0,584.0,1830.0,796.0,1095.0,666.0,1261.0,884.0,,,,
28063,15:22.000,15:22.018,3,1679.0,585.0,1842.0,802.0,614.0,577.0,776.0,801.0,1107.0,653.0,1265.0,868.0,,,,
28078,15:22.500,15:22.518,3,598.0,597.0,759.0,822.0,1659.0,606.0,1820.0,819.0,1090.0,671.0,1252.0,890.0,,,,
28093,15:23.000,15:23.018,3,516.0,465.0,687.0,704.0,1026.0,560.0,1188.0,780.0,1595.0,519.0,1750.0,731.0,,,,
28108,15:23.500,15:23.518,3,479.0,551.0,649.0,784.0,990.0,652.0,1148.0,866.0,1552.0,615.0,1704.0,821.0,,,,
28123,15:24.000,15:24.018,3,487.0,588.0,655.0,820.0,994.0,690.0,1152.0,905.0,1556.0,661.0,1706.0,865.0,,,,
28138,15:24.500,15:24.518,3,420.0,505.0,597.0,749.0,937.0,659.0,1090.0,874.0,1495.0,675.0,1642.0,876.0,,,,
28153,15:25.000,15:25.018,3,1767.0,910.0,1935.0,1129.0,743.0,662.0,901.0,875.0,1195.0,836.0,1342.0,1053.0,,,,
28168,15:25.500,15:25.518,3,1765.0,858.0,1933.0,1087.0,758.0,544.0,921.0,762.0,1204.0,757.0,1348.0,970.0,,,,
28183,15:26.000,15:26.020,3,1668.0,972.0,1828.0,1187.0,706.0,538.0,879.0,745.0,1133.0,797.0,1273.0,1009.0,,,,
28198,15:26.500,15:26.520,3,65.0,500.0,286.0,768.0,665.0,692.0,829.0,933.0,1237.0,752.0,1379.0,951.0,,,,
28213,15:27.000,15:27.020,3,86.0,447.0,304.0,712.0,673.0,593.0,841.0,826.0,1262.0,609.0,1403.0,805.0,,,,
28228,15:27.500,15:27.520,3,543.0,534.0,704.0,763.0,998.0,580.0,1161.0,800.0,1602.0,518.0,1760.0,727.0,,,,
28243,15:28.000,15:28.020,3,558.0,677.0,720.0,894.0,1607.0,657.0,1762.0,852.0,994.0,731.0,1150.0,937.0,,,,
28258,15:28.500,15:28.520,3,458.0,722.0,628.0,954.0,940.0,801.0,1093.0,1015.0,1523.0,776.0,1674.0,976.0,,,,
28273,15:29.000,15:29.020,3,302.0,690.0,486.0,930.0,886.0,704.0,1039.0,919.0,1402.0,643.0,1550.0,837.0,,,,
28288,15:29.500,15:29.520,3,348.0,754.0,535.0,994.0,950.0,735.0,1097.0,944.0,1438.0,668.0,1586.0,868.0,,,,
28303,15:30.000,15:30.022,3,269.0,646.0,466.0,901.0,1380.0,554.0,1528.0,757.0,915.0,627.0,1059.0,844.0,,,,
28318,15:30.500,15:30.522,3,82.0,598.0,302.0,861.0,774.0,582.0,923.0,795.0,1237.0,496.0,1384.0,691.0,,,,
28333,15:31.000,15:31.022,3,201.0,601.0,403.0,858.0,1306.0,557.0,1450.0,759.0,837.0,638.0,983.0,843.0,,,,
28348,15:31.500,15:31.522,3,151.0,572.0,357.0,819.0,806.0,606.0,958.0,824.0,1285.0,535.0,1430.0,736.0,,,,
28363,15:32.000,15:32.022,3,379.0,613.0,559.0,848.0,959.0,649.0,1106.0,854.0,1435.0,567.0,1582.0,772.0,,,,
28378,15:32.500,15:32.522,3,567.0,602.0,729.0,818.0,1592.0,526.0,1752.0,734.0,1108.0,619.0,1254.0,834.0,,,,
28393,15:33.000,15:33.022,3,524.0,644.0,688.0,859.0,1556.0,543.0,1713.0,756.0,1078.0,650.0,1224.0,866.0,,,,
28408,15:33.500,15:33.522,3,221.0,681.0,415.0,914.0,845.0,675.0,997.0,901.0,1324.0,585.0,1470.0,784.0,,,,
28423,15:34.000,15:34.022,3,171.0,525.0,374.0,779.0,792.0,521.0,955.0,756.0,1294.0,429.0,1442.0,632.0,,,,
28438,15:34.500,15:34.523,3,441.0,553.0,614.0,783.0,976.0,544.0,1137.0,767.0,1487.0,439.0,1641.0,643.0,,,,
28453,15:35.000,15:35.023,3,1701.0,509.0,1868.0,723.0,1183.0,649.0,1338.0,860.0,687.0,675.0,843.0,885.0,,,,
28468,15:35.500,15:35.523,3,663.0,658.0,820.0,880.0,1684.0,519.0,1853.0,731.0,1163.0,645.0,1316.0,856.0,,,,
28483,15:36.000,15:36.023,3,636.0,656.0,795.0,874.0,1663.0,534.0,1825.0,739.0,1146.0,653.0,1297.0,865.0,,,,
28498,15:36.500,15:36.523,3,1655.0,536.0,1817.0,748.0,626.0,629.0,787.0,845.0,1142.0,641.0,1293.0,851.0,,,,
28513,15:37.000,15:37.015,3,631.0,664.0,790.0,881.0,1668.0,566.0,1830.0,776.0,1153.0,662.0,1303.0,876.0,,,,
28528,15:37.500,15:37.515,3,505.0,662.0,679.0,896.0,1041.0,666.0,1195.0,884.0,1554.0,569.0,1707.0,776.0,,,,
28543,15:38.000,15:38.015,3,491.0,536.0,663.0,774.0,1026.0,579.0,1179.0,794.0,1521.0,534.0,1680.0,735.0,,,,
28558,15:38.500,15:38.517,3,455.0,558.0,628.0,792.0,1014.0,587.0,1167.0,804.0,1503.0,559.0,1662.0,748.0,,,,
28573,15:39.000,15:39.017,3,462.0,564.0,639.0,799.0,1027.0,585.0,1180.0,806.0,1529.0,518.0,1687.0,723.0,,,,
28588,15:39.500,15:39.517,3,484.0,571.0,657.0,804.0,1559.0,488.0,1717.0,700.0,1038.0,583.0,1193.0,808.0,,,,
28603,15:40.000,15:40.017,3,490.0,574.0,663.0,808.0,1030.0,581.0,1186.0,811.0,1550.0,482.0,1706.0,700.0,,,,
28618,15:40.500,15:40.517,3,624.0,588.0,784.0,809.0,1654.0,486.0,1817.0,711.0,1129.0,589.0,1280.0,806.0,,,,
28633,15:41.000,15:41.017,3,1787.0,541.0,1959.0,762.0,756.0,672.0,910.0,883.0,1244.0,650.0,1397.0,859.0,,,,
28648,15:41.500,15:41.517,3,1763.0,558.0,1934.0,773.0,739.0,665.0,893.0,875.0,1223.0,658.0,1377.0,871.0,,,,
28663,15:42.000,15:42.017,3,1708.0,565.0,1875.0,777.0,685.0,674.0,839.0,887.0,1175.0,665.0,1327.0,881.0,,,,
28678,15:42.500,15:42.517,3,627.0,657.0,789.0,878.0,1649.0,520.0,1816.0,734.0,1133.0,644.0,1285.0,859.0,,,,
28693,15:43.000,15:43.018,3,535.0,692.0,706.0,910.0,1570.0,542.0,1731.0,749.0,1054.0,664.0,1207.0,884.0,,,,
28708,15:43.500,15:43.518,3,498.0,710.0,668.0,933.0,1016.0,681.0,1173.0,902.0,1538.0,557.0,1697.0,765.0,,,,
28723,15:44.000,15:44.018,3,404.0,753.0,588.0,976.0,941.0,684.0,1104.0,902.0,1451.0,537.0,1606.0,736.0,,,,
28738,15:44.500,15:44.518,3,144.0,782.0,363.0,1026.0,749.0,700.0,923.0,921.0,1258.0,535.0,1411.0,729.0,,,,
28753,15:45.000,15:45.018,3,262.0,773.0,466.0,1014.0,834.0,696.0,1003.0,922.0,1333.0,530.0,1487.0,726.0,,,,
28768,15:45.500,15:45.518,3,271.0,751.0,472.0,984.0,847.0,665.0,1013.0,889.0,1341.0,511.0,1495.0,705.0,,,,
28783,15:46.000,15:46.018,3,231.0,781.0,438.0,1018.0,821.0,673.0,988.0,893.0,1304.0,515.0,1458.0,712.0,,,,
28798,15:46.500,15:46.518,3,83.0,812.0,306.0,1056.0,740.0,728.0,905.0,947.0,1223.0,578.0,1376.0,776.0,,,,
28813,15:47.000,15:47.020,3,300.0,765.0,494.0,998.0,896.0,694.0,1055.0,907.0,1371.0,541.0,1524.0,736.0,,,,
28828,15:47.500,15:47.520,3,418.0,726.0,602.0,952.0,993.0,656.0,1145.0,870.0,1466.0,508.0,1624.0,711.0,,,,
28843,15:48.000,15:48.020,3,554.0,765.0,724.0,984.0,1581.0,564.0,1743.0,772.0,1092.0,705.0,1243.0,919.0,,,,
28858,15:48.500,15:48.520,3,1694.0,558.0,1863.0,773.0,664.0,744.0,826.0,953.0,1193.0,697.0,1343.0,908.0,,,,
28873,15:49.000,15:49.020,3,1716.0,568.0,1885.0,780.0,684.0,728.0,842.0,941.0,1209.0,696.0,1359.0,906.0,,,,
28888,15:49.500,15:49.520,3,1807.0,580.0,1984.0,801.0,1286.0,707.0,1437.0,919.0,768.0,740.0,922.0,945.0,,,,
28903,15:50.000,15:50.020,3,1808.0,590.0,1987.0,809.0,1288.0,720.0,1438.0,933.0,774.0,749.0,927.0,956.0,,,,
28918,15:50.500,15:50.520,3,1778.0,592.0,1954.0,809.0,754.0,751.0,908.0,960.0,1260.0,720.0,1409.0,933.0,,,,
28933,15:51.000,15:51.020,3,1687.0,613.0,1855.0,825.0,664.0,769.0,821.0,978.0,1162.0,746.0,1316.0,963.0,,,,
28948,15:51.500,15:51.522,3,613.0,757.0,778.0,969.0,1654.0,613.0,1818.0,823.0,1129.0,739.0,1283.0,961.0,,,,
28963,15:52.000,15:52.022,3,567.0,768.0,731.0,987.0,1605.0,651.0,1763.0,848.0,1084.0,762.0,1235.0,976.0,,,,
28978,15:52.500,15:52.522,3,1759.0,590.0,1926.0,805.0,719.0,699.0,872.0,910.0,1204.0,705.0,1355.0,919.0,,,,
28993,15:53.000,15:53.022,3,2046.0,642.0,2247.0,869.0,1427.0,733.0,1580.0,951.0,960.0,709.0,1104.0,913.0,,,,
29008,15:53.500,15:53.522,3,1974.0,695.0,2164.0,924.0,1368.0,776.0,1522.0,1000.0,906.0,763.0,1051.0,967.0,,,,
29023,15:54.000,15:54.022,3,1743.0,705.0,1909.0,921.0,702.0,750.0,854.0,962.0,1172.0,777.0,1319.0,976.0,,,,
29038,15:54.500,15:54.522,3,1828.0,697.0,2000.0,915.0,780.0,720.0,930.0,931.0,1247.0,763.0,1398.0,967.0,,,,
29053,15:55.000,15:55.022,3,1964.0,689.0,2153.0,909.0,1358.0,764.0,1512.0,977.0,900.0,736.0,1046.0,939.0,,,,
29068,15:55.500,15:55.523,3,1702.0,699.0,1864.0,923.0,672.0,774.0,827.0,986.0,1146.0,788.0,1298.0,1003.0,,,,
29083,15:56.000,15:56.023,3,22.0,718.0,241.0,979.0,638.0,728.0,809.0,957.0,1206.0,650.0,1350.0,850.0,,,,
29098,15:56.500,15:56.523,2,525.0,666.0,707.0,905.0,1113.0,599.0,1257.0,798.0,,,,,,,,
29113,15:57.000,15:57.015,3,541.0,834.0,704.0,1048.0,1598.0,702.0,1756.0,905.0,1045.0,817.0,1201.0,1035.0,,,,
29128,15:57.500,15:57.515,3,451.0,761.0,624.0,984.0,968.0,753.0,1127.0,967.0,1515.0,644.0,1668.0,842.0,,,,
29143,15:58.000,15:58.015,3,368.0,755.0,549.0,982.0,900.0,742.0,1060.0,954.0,1442.0,628.0,1594.0,831.0,,,,
29158,15:58.500,15:58.515,3,360.0,711.0,541.0,939.0,893.0,707.0,1056.0,918.0,1435.0,600.0,1584.0,802.0,,,,
29173,15:59.000,15:59.015,3,361.0,654.0,544.0,888.0,909.0,656.0,1068.0,879.0,1450.0,564.0,1600.0,772.0,,,,
29188,15:59.500,15:59.515,3,417.0,680.0,595.0,905.0,949.0,682.0,1109.0,903.0,1494.0,595.0,1644.0,797.0,,,,
29203,16:00.000,16:00.017,3,414.0,712.0,591.0,940.0,949.0,729.0,1105.0,943.0,1490.0,643.0,1640.0,838.0,,,,
29218,16:00.500,16:00.517,3,479.0,724.0,649.0,948.0,1543.0,657.0,1697.0,856.0,1001.0,743.0,1155.0,956.0,,,,
29233,16:01.000,16:01.017,3,618.0,728.0,777.0,937.0,1667.0,663.0,1826.0,865.0,1115.0,745.0,1268.0,954.0,,,,
29248,16:01.500,16:01.517,3,1732.0,649.0,1899.0,862.0,687.0,713.0,844.0,924.0,1173.0,730.0,1324.0,946.0,,,,
29263,16:02.000,16:02.017,3,575.0,738.0,737.0,957.0,1615.0,662.0,1773.0,864.0,1070.0,748.0,1222.0,962.0,,,,
29278,16:02.500,16:02.517,3,321.0,700.0,506.0,938.0,875.0,717.0,1036.0,937.0,1416.0,632.0,1565.0,832.0,,,,
29293,16:03.000,16:03.017,2,278.0,163.0,507.0,438.0,949.0,92.0,1112.0,306.0,,,,,,,,
29308,16:03.500,16:03.517,1,129.0,52.0,384.0,350.0,,,,,,,,,,,,
29323,16:04.000,16:04.008,2,98.0,357.0,332.0,630.0,812.0,358.0,964.0,568.0,,,,,,,,
29339,16:04.500,16:04.518,3,1679.0,684.0,1839.0,893.0,636.0,550.0,793.0,770.0,1121.0,677.0,1266.0,891.0,,,,
29354,16:05.000,16:05.018,3,1561.0,848.0,1714.0,1076.0,2234.0,883.0,2438.0,1134.0,1109.0,718.0,1254.0,921.0,,,,
29369,16:05.500,16:05.518,3,1914.0,804.0,2098.0,1030.0,873.0,709.0,1023.0,914.0,1317.0,810.0,1466.0,1024.0,,,,
29384,16:06.000,16:06.018,3,1864.0,759.0,2042.0,984.0,1277.0,779.0,1426.0,996.0,832.0,687.0,982.0,894.0,,,,
29399,16:06.500,16:06.518,3,1803.0,784.0,1973.0,1003.0,1223.0,794.0,1371.0,1009.0,775.0,694.0,925.0,903.0,,,,
29414,16:07.000,16:07.018,3,1970.0,814.0,2161.0,1043.0,1361.0,814.0,1511.0,1034.0,919.0,715.0,1067.0,920.0,,,,
29429,16:07.500,16:07.518,3,1948.0,813.0,2136.0,1040.0,900.0,716.0,1047.0,926.0,1345.0,815.0,1495.0,1033.0,,,,
29444,16:08.000,16:08.018,3,1858.0,760.0,2034.0,986.0,816.0,661.0,963.0,873.0,1274.0,769.0,1422.0,985.0,,,,
29459,16:08.500,16:08.520,3,540.0,698.0,703.0,921.0,1593.0,783.0,1746.0,987.0,1044.0,798.0,1193.0,1016.0,,,,
29474,16:09.000,16:09.020,2,554.0,787.0,724.0,1021.0,1128.0,742.0,1269.0,935.0,,,,,,,,
29489,16:09.500,16:09.520,3,578.0,782.0,749.0,1021.0,1147.0,736.0,1288.0,930.0,-88.0,741.0,139.0,1004.0,,,,
29504,16:10.000,16:10.020,3,21.0,691.0,247.0,946.0,680.0,734.0,839.0,966.0,1211.0,695.0,1353.0,902.0,,,,
29519,16:10.500,16:10.520,2,603.0,744.0,768.0,975.0,1123.0,671.0,1265.0,873.0,,,,,,,,
29534,16:11.000,16:11.020,2,537.0,762.0,711.0,1006.0,1113.0,683.0,1258.0,881.0,,,,,,,,
29549,16:11.500,16:11.520,3,575.0,765.0,748.0,1010.0,-62.0,712.0,159.0,980.0,1161.0,682.0,1304.0,883.0,,,,
29564,16:12.000,16:12.020,3,-13.0,744.0,208.0,1002.0,611.0,815.0,786.0,1053.0,1199.0,745.0,1339.0,947.0,,,,
29579,16:12.500,16:12.520,3,387.0,760.0,566.0,996.0,906.0,835.0,1058.0,1057.0,1467.0,771.0,1614.0,976.0,,,,
29594,16:13.000,16:13.022,3,202.0,689.0,400.0,939.0,767.0,762.0,927.0,988.0,1339.0,690.0,1482.0,892.0,,,,
29609,16:13.500,16:13.522,3,381.0,673.0,558.0,914.0,909.0,744.0,1059.0,960.0,1472.0,674.0,1620.0,881.0,,,,
29624,16:14.000,16:14.022,3,539.0,661.0,701.0,889.0,1034.0,704.0,1189.0,924.0,1603.0,642.0,1759.0,850.0,,,,
29639,16:14.500,16:14.522,3,520.0,693.0,687.0,920.0,1588.0,666.0,1741.0,878.0,1021.0,737.0,1170.0,950.0,,,,
29654,16:15.000,16:15.022,3,328.0,684.0,512.0,928.0,867.0,746.0,1022.0,973.0,1433.0,686.0,1578.0,890.0,,,,
29669,16:15.500,16:15.522,2,426.0,653.0,611.0,909.0,1050.0,614.0,1193.0,819.0,,,,,,,,
29684,16:16.000,16:16.022,3,536.0,654.0,711.0,898.0,1142.0,638.0,1281.0,836.0,-102.0,564.0,118.0,839.0,,,,
29699,16:16.500,16:16.522,3,901.0,706.0,1056.0,929.0,390.0,627.0,570.0,869.0,1468.0,671.0,1614.0,880.0,,,,
29714,16:17.000,16:17.023,3,624.0,673.0,785.0,893.0,1670.0,706.0,1830.0,916.0,1092.0,743.0,1241.0,959.0,,,,
29729,16:17.500,16:17.515,3,528.0,664.0,692.0,889.0,1583.0,700.0,1737.0,912.0,1014.0,737.0,1162.0,953.0,,,,
29744,16:18.000,16:18.015,3,433.0,654.0,606.0,888.0,941.0,735.0,1093.0,954.0,1507.0,704.0,1656.0,911.0,,,,
29759,16:18.500,16:18.515,3,427.0,634.0,601.0,872.0,936.0,730.0,1084.0,950.0,1504.0,710.0,1653.0,912.0,,,,
29774,16:19.000,16:19.015,3,453.0,612.0,627.0,845.0,954.0,705.0,1106.0,927.0,1521.0,691.0,1671.0,893.0,,,,
29789,16:19.500,16:19.515,3,424.0,614.0,600.0,851.0,929.0,707.0,1081.0,929.0,1496.0,684.0,1647.0,889.0,,,,
29804,16:20.000,16:20.015,3,385.0,550.0,564.0,795.0,902.0,655.0,1052.0,879.0,1468.0,631.0,1617.0,836.0,,,,
29819,16:20.500,16:20.515,3,289.0,508.0,481.0,761.0,832.0,620.0,987.0,846.0,1403.0,599.0,1550.0,803.0,,,,
29834,16:21.000,16:21.015,3,306.0,521.0,493.0,768.0,843.0,626.0,998.0,846.0,1412.0,600.0,1556.0,805.0,,,,
29849,16:21.500,16:21.517,3,330.0,527.0,514.0,771.0,863.0,625.0,1019.0,848.0,1432.0,603.0,1578.0,806.0,,,,
29864,16:22.000,16:22.017,3,334.0,565.0,520.0,815.0,862.0,672.0,1017.0,897.0,1432.0,653.0,1577.0,851.0,,,,
29879,16:22.500,16:22.517,3,656.0,647.0,812.0,870.0,1700.0,708.0,1861.0,917.0,1123.0,733.0,1271.0,950.0,,,,
29894,16:23.000,16:23.017,3,1798.0,701.0,1971.0,921.0,746.0,662.0,897.0,878.0,1203.0,744.0,1352.0,959.0,,,,
29909,16:23.500,16:23.517,3,1792.0,713.0,1964.0,930.0,1200.0,761.0,1349.0,977.0,741.0,684.0,894.0,893.0,,,,
29924,16:24.000,16:24.017,3,1791.0,712.0,1962.0,929.0,744.0,680.0,894.0,885.0,1210.0,752.0,1360.0,964.0,,,,
29939,16:24.500,16:24.517,3,1747.0,660.0,1913.0,872.0,707.0,636.0,860.0,851.0,1180.0,701.0,1328.0,915.0,,,,
29954,16:25.000,16:25.017,3,548.0,659.0,711.0,885.0,1593.0,708.0,1748.0,923.0,1041.0,738.0,1190.0,960.0,,,,
29969,16:25.500,16:25.518,3,130.0,594.0,337.0,859.0,718.0,681.0,878.0,910.0,1279.0,646.0,1422.0,844.0,,,,
29984,16:26.000,16:26.018,3,1660.0,643.0,1823.0,857.0,623.0,672.0,784.0,892.0,1099.0,714.0,1253.0,927.0,,,,
29999,16:26.500,16:26.518,3,589.0,651.0,750.0,874.0,1631.0,648.0,1793.0,859.0,1072.0,705.0,1225.0,918.0,,,,
30014,16:27.000,16:27.018,3,1863.0,582.0,2043.0,811.0,1271.0,633.0,1421.0,851.0,810.0,568.0,960.0,788.0,,,,
30029,16:27.500,16:27.518,3,1995.0,726.0,2190.0,953.0,1381.0,762.0,1532.0,987.0,924.0,706.0,1068.0,913.0,,,,
30044,16:28.000,16:28.018,3,1914.0,780.0,2099.0,999.0,1321.0,823.0,1471.0,1036.0,851.0,770.0,998.0,976.0,,,,
30059,16:28.500,16:28.518,3,578.0,722.0,739.0,947.0,1618.0,797.0,1775.0,1004.0,1071.0,808.0,1220.0,1024.0,,,,
30074,16:29.000,16:29.018,3,597.0,730.0,758.0,946.0,1639.0,802.0,1797.0,1008.0,1083.0,817.0,1230.0,1027.0,,,,
30089,16:29.500,16:29.518,3,591.0,836.0,751.0,1054.0,1637.0,913.0,1797.0,1128.0,1078.0,925.0,1228.0,1145.0,,,,
30104,16:30.000,16:30.020,3,1683.0,879.0,1848.0,1092.0,639.0,801.0,796.0,1020.0,1124.0,897.0,1270.0,1113.0,,,,
30119,16:30.500,16:30.520,3,356.0,760.0,535.0,1002.0,896.0,836.0,1048.0,1056.0,1442.0,790.0,1589.0,990.0,,,,
30134,16:31.000,16:31.020,3,1792.0,814.0,1965.0,1028.0,745.0,780.0,895.0,990.0,1218.0,849.0,1367.0,1067.0,,,,
30149,16:31.500,16:31.520,3,1913.0,824.0,2102.0,1047.0,1356.0,871.0,1505.0,1086.0,852.0,807.0,998.0,1012.0,,,,
30164,16:32.000,16:32.020,3,1903.0,814.0,2093.0,1032.0,1348.0,863.0,1500.0,1083.0,846.0,801.0,992.0,1011.0,,,,
30179,16:32.500,16:32.520,3,1890.0,797.0,2076.0,1018.0,1336.0,848.0,1486.0,1065.0,836.0,785.0,980.0,995.0,,,,
30194,16:33.000,16:33.020,3,1849.0,793.0,2030.0,1009.0,789.0,776.0,937.0,988.0,1293.0,840.0,1442.0,1057.0,,,,
30209,16:33.500,16:33.520,3,426.0,735.0,598.0,959.0,1500.0,803.0,1652.0,1005.0,981.0,825.0,1128.0,1039.0,,,,
30224,16:34.000,16:34.022,3,77.0,698.0,287.0,949.0,728.0,783.0,883.0,1008.0,1242.0,749.0,1388.0,941.0,,,,
30239,16:34.500,16:34.522,3,216.0,657.0,412.0,903.0,826.0,741.0,978.0,961.0,1328.0,703.0,1477.0,898.0,,,,
30254,16:35.000,16:35.022,3,369.0,640.0,548.0,878.0,933.0,725.0,1083.0,943.0,1437.0,694.0,1587.0,889.0,,,,
30269,16:35.500,16:35.522,3,89.0,710.0,299.0,966.0,734.0,787.0,891.0,1009.0,1249.0,746.0,1394.0,938.0,,,,
30284,16:36.000,16:36.022,3,114.0,659.0,318.0,915.0,752.0,743.0,910.0,966.0,1266.0,710.0,1412.0,903.0,,,,
30299,16:36.500,16:36.522,3,426.0,627.0,602.0,858.0,981.0,726.0,1128.0,941.0,1490.0,708.0,1641.0,905.0,,,,
30314,16:37.000,16:37.022,3,474.0,638.0,642.0,871.0,1015.0,736.0,1160.0,949.0,1529.0,710.0,1681.0,912.0,,,,
30329,16:37.500,16:37.513,3,496.0,613.0,665.0,842.0,1028.0,709.0,1175.0,925.0,1548.0,690.0,1702.0,891.0,,,,
30344,16:38.000,16:38.013,3,506.0,634.0,671.0,859.0,1039.0,725.0,1185.0,938.0,1556.0,702.0,1709.0,900.0,,,,
30359,16:38.500,16:38.515,3,496.0,644.0,666.0,871.0,1025.0,733.0,1172.0,947.0,1540.0,706.0,1696.0,906.0,,,,
30374,16:39.000,16:39.015,3,479.0,637.0,650.0,868.0,1009.0,728.0,1156.0,947.0,1522.0,696.0,1677.0,898.0,,,,
30389,16:39.500,16:39.515,3,508.0,661.0,675.0,889.0,1546.0,736.0,1702.0,943.0,1031.0,760.0,1177.0,973.0,,,,
30404,16:40.000,16:40.015,3,417.0,682.0,591.0,915.0,958.0,771.0,1105.0,987.0,1465.0,743.0,1616.0,951.0,,,,
30419,16:40.500,16:40.515,3,144.0,690.0,348.0,936.0,763.0,769.0,918.0,992.0,1274.0,739.0,1419.0,934.0,,,,
30434,16:41.000,16:41.015,3,164.0,709.0,365.0,958.0,778.0,781.0,931.0,1007.0,1293.0,741.0,1439.0,939.0,,,,
30449,16:41.500,16:41.515,3,143.0,736.0,348.0,983.0,763.0,807.0,917.0,1035.0,1280.0,765.0,1425.0,958.0,,,,
30464,16:42.000,16:42.015,3,239.0,689.0,435.0,934.0,832.0,770.0,984.0,996.0,1347.0,730.0,1493.0,927.0,,,,
30479,16:42.500,16:42.515,3,1706.0,721.0,1871.0,934.0,675.0,705.0,832.0,915.0,1175.0,769.0,1319.0,992.0,,,,
30494,16:43.000,16:43.017,3,2112.0,658.0,2328.0,895.0,1506.0,767.0,1665.0,988.0,1016.0,753.0,1160.0,950.0,,,,
30509,16:43.500,16:43.517,3,1660.0,630.0,1829.0,839.0,1103.0,762.0,1270.0,972.0,625.0,752.0,784.0,959.0,,,,
30524,16:44.000,16:44.017,3,516.0,734.0,682.0,950.0,998.0,764.0,1168.0,974.0,1559.0,654.0,1717.0,853.0,,,,
30539,16:44.500,16:44.517,3,454.0,699.0,625.0,925.0,951.0,732.0,1125.0,951.0,1515.0,628.0,1672.0,831.0,,,,
30554,16:45.000,16:45.017,3,422.0,708.0,595.0,933.0,933.0,738.0,1104.0,955.0,1496.0,637.0,1650.0,835.0,,,,
30569,16:45.500,16:45.517,3,363.0,686.0,546.0,922.0,881.0,750.0,1055.0,965.0,1443.0,651.0,1594.0,844.0,,,,
30584,16:46.000,16:46.017,3,327.0,712.0,507.0,945.0,854.0,789.0,1024.0,1013.0,1412.0,714.0,1565.0,916.0,,,,
30599,16:46.500,16:46.517,3,448.0,739.0,612.0,953.0,934.0,807.0,1102.0,1025.0,1495.0,742.0,1649.0,941.0,,,,
30614,16:47.000,16:47.018,3,1868.0,705.0,2056.0,923.0,1272.0,779.0,1434.0,994.0,842.0,734.0,989.0,932.0,,,,
30629,16:47.500,16:47.518,3,1773.0,737.0,1948.0,955.0,1189.0,803.0,1350.0,1017.0,740.0,762.0,890.0,966.0,,,,
30644,16:48.000,16:48.018,3,1706.0,706.0,1878.0,918.0,672.0,728.0,827.0,945.0,1133.0,777.0,1291.0,989.0,,,,
30659,16:48.500,16:48.518,3,1662.0,709.0,1827.0,916.0,1095.0,780.0,1256.0,996.0,630.0,730.0,790.0,943.0,,,,
30674,16:49.000,16:49.018,3,540.0,715.0,703.0,931.0,1014.0,762.0,1179.0,981.0,1576.0,690.0,1735.0,895.0,,,,
30689,16:49.500,16:49.518,3,474.0,681.0,644.0,908.0,965.0,736.0,1128.0,948.0,1523.0,663.0,1680.0,862.0,,,,
30704,16:50.000,16:50.018,3,146.0,806.0,352.0,1055.0,714.0,873.0,889.0,1092.0,1283.0,805.0,1433.0,1005.0,,,,
30719,16:50.500,16:50.518,3,163.0,814.0,366.0,1066.0,730.0,878.0,904.0,1099.0,1292.0,795.0,1441.0,993.0,,,,
30734,16:51.000,16:51.018,3,161.0,749.0,364.0,997.0,729.0,812.0,901.0,1031.0,1291.0,744.0,1441.0,942.0,,,,
30749,16:51.500,16:51.520,3,362.0,753.0,543.0,988.0,879.0,803.0,1046.0,1021.0,1430.0,726.0,1582.0,924.0,,,,
30764,16:52.000,16:52.020,3,426.0,765.0,597.0,993.0,931.0,813.0,1093.0,1029.0,1480.0,741.0,1635.0,947.0,,,,
30779,16:52.500,16:52.520,3,514.0,720.0,681.0,939.0,1001.0,763.0,1166.0,977.0,1555.0,681.0,1711.0,889.0,,,,
30794,16:53.000,16:53.020,3,589.0,669.0,749.0,889.0,1621.0,628.0,1784.0,834.0,1062.0,710.0,1226.0,924.0,,,,
30809,16:53.500,16:53.520,3,508.0,698.0,674.0,919.0,996.0,742.0,1162.0,954.0,1552.0,659.0,1708.0,853.0,,,,
30824,16:54.000,16:54.020,3,484.0,661.0,654.0,887.0,978.0,711.0,1143.0,923.0,1533.0,624.0,1690.0,833.0,,,,
30839,16:54.500,16:54.520,3,445.0,674.0,616.0,900.0,946.0,719.0,1110.0,935.0,1502.0,648.0,1654.0,847.0,,,,
30854,16:55.000,16:55.020,3,406.0,696.0,582.0,931.0,914.0,748.0,1078.0,966.0,1467.0,668.0,1619.0,871.0,,,,
30869,16:55.500,16:55.522,3,303.0,689.0,490.0,931.0,827.0,741.0,999.0,961.0,1394.0,661.0,1543.0,864.0,,,,
30884,16:56.000,16:56.022,3,160.0,694.0,363.0,945.0,722.0,752.0,899.0,970.0,1294.0,664.0,1441.0,862.0,,,,
30899,16:56.500,16:56.522,3,612.0,775.0,797.0,1009.0,0.0,742.0,225.0,998.0,1199.0,689.0,1341.0,889.0,,,,
30914,16:57.000,16:57.022,3,583.0,784.0,773.0,1022.0,-31.0,751.0,186.0,1014.0,1168.0,690.0,1316.0,893.0,,,,
30929,16:57.500,16:57.522,3,174.0,659.0,372.0,908.0,734.0,726.0,909.0,947.0,1307.0,656.0,1451.0,853.0,,,,
30944,16:58.000,16:58.022,3,482.0,660.0,653.0,888.0,972.0,731.0,1134.0,948.0,1537.0,663.0,1690.0,873.0,,,,
30959,16:58.500,16:58.513,3,467.0,657.0,637.0,883.0,961.0,724.0,1121.0,934.0,1517.0,657.0,1671.0,859.0,,,,
30974,16:59.000,16:59.013,3,406.0,663.0,582.0,895.0,913.0,729.0,1074.0,941.0,1473.0,666.0,1623.0,872.0,,,,
30989,16:59.500,16:59.513,3,179.0,694.0,380.0,939.0,742.0,757.0,916.0,978.0,1319.0,686.0,1465.0,891.0,,,,
31004,17:00.000,17:00.015,3,44.0,728.0,258.0,986.0,645.0,778.0,829.0,1006.0,1235.0,705.0,1379.0,909.0,,,,
31019,17:00.500,17:00.515,3,26.0,719.0,245.0,980.0,634.0,775.0,816.0,1007.0,1229.0,711.0,1373.0,910.0,,,,
31034,17:01.000,17:01.015,3,-4.0,741.0,220.0,996.0,615.0,792.0,796.0,1019.0,1216.0,722.0,1359.0,919.0,,,,
31049,17:01.500,17:01.515,3,553.0,722.0,742.0,952.0,1163.0,647.0,1308.0,845.0,-86.0,667.0,139.0,934.0,,,,
31064,17:02.000,17:02.015,3,535.0,568.0,729.0,811.0,1152.0,515.0,1299.0,724.0,-96.0,499.0,115.0,766.0,,,,
31079,17:02.500,17:02.515,2,485.0,568.0,681.0,812.0,1108.0,522.0,1254.0,731.0,,,,,,,,
31094,17:03.000,17:03.015,3,36.0,390.0,260.0,655.0,653.0,507.0,834.0,735.0,1255.0,482.0,1396.0,689.0,,,,
31109,17:03.500,17:03.515,3,616.0,486.0,797.0,720.0,-12.0,372.0,210.0,638.0,1221.0,467.0,1367.0,673.0,,,,
31124,17:04.000,17:04.017,3,-16.0,391.0,206.0,661.0,612.0,511.0,793.0,740.0,1217.0,479.0,1360.0,689.0,,,,
31139,17:04.500,17:04.517,3,-15.0,411.0,203.0,677.0,611.0,520.0,792.0,753.0,1216.0,490.0,1361.0,699.0,,,,
31154,17:05.000,17:05.017,3,731.0,597.0,903.0,828.0,145.0,504.0,354.0,768.0,1315.0,561.0,1459.0,766.0,,,,
31169,17:05.500,17:05.517,3,757.0,540.0,927.0,768.0,175.0,449.0,381.0,705.0,1343.0,503.0,1489.0,709.0,,,,
31184,17:06.000,17:06.017,3,699.0,535.0,873.0,771.0,91.0,438.0,306.0,696.0,1289.0,504.0,1434.0,711.0,,,,
31199,17:06.500,17:06.517,3,532.0,684.0,697.0,903.0,1594.0,681.0,1752.0,884.0,1024.0,752.0,1180.0,960.0,,,,
31214,17:07.000,17:07.017,3,1711.0,686.0,1876.0,895.0,1125.0,751.0,1286.0,963.0,654.0,684.0,810.0,901.0,,,,
31229,17:07.500,17:07.517,3,1531.0,783.0,1701.0,1007.0,2219.0,701.0,2430.0,945.0,1067.0,743.0,1209.0,948.0,,,,
31244,17:08.000,17:08.017,3,2059.0,684.0,2269.0,914.0,1459.0,764.0,1617.0,981.0,956.0,731.0,1101.0,937.0,,,,
31259,17:08.500,17:08.518,3,1865.0,665.0,2044.0,882.0,800.0,708.0,949.0,919.0,1302.0,744.0,1455.0,957.0,,,,
31274,17:09.000,17:09.018,3,609.0,716.0,769.0,930.0,1665.0,696.0,1829.0,905.0,1131.0,764.0,1281.0,975.0,,,,
31289,17:09.500,17:09.518,3,401.0,708.0,577.0,941.0,963.0,761.0,1116.0,975.0,1487.0,685.0,1638.0,894.0,,,,
31304,17:10.000,17:10.018,3,292.0,700.0,478.0,942.0,877.0,757.0,1031.0,976.0,1401.0,686.0,1551.0,892.0,,,,
31319,17:10.500,17:10.518,3,288.0,689.0,475.0,930.0,877.0,750.0,1031.0,966.0,1399.0,687.0,1549.0,889.0,,,,
31334,17:11.000,17:11.018,3,537.0,705.0,701.0,930.0,1597.0,691.0,1757.0,902.0,1069.0,764.0,1217.0,976.0,,,,
31349,17:11.500,17:11.518,3,527.0,770.0,692.0,994.0,1584.0,735.0,1743.0,941.0,1054.0,799.0,1205.0,1015.0,,,,
31364,17:12.000,17:12.018,3,397.0,831.0,577.0,1068.0,941.0,819.0,1096.0,1040.0,1479.0,766.0,1631.0,967.0,,,,
31379,17:12.500,17:12.518,3,448.0,814.0,624.0,1044.0,923.0,827.0,1081.0,1047.0,1507.0,750.0,1660.0,952.0,,,,
31394,17:13.000,17:13.020,3,537.0,766.0,705.0,995.0,1577.0,724.0,1734.0,927.0,1001.0,803.0,1158.0,1019.0,,,,
31409,17:13.500,17:13.520,3,532.0,756.0,699.0,981.0,1023.0,784.0,1175.0,1000.0,1581.0,711.0,1736.0,912.0,,,,
31424,17:14.000,17:14.020,3,512.0,680.0,680.0,907.0,1567.0,665.0,1724.0,868.0,1007.0,731.0,1160.0,941.0,,,,
31439,17:14.500,17:14.520,3,207.0,647.0,406.0,899.0,774.0,700.0,937.0,917.0,1338.0,611.0,1485.0,814.0,,,,
31454,17:15.000,17:15.020,3,147.0,670.0,354.0,926.0,727.0,739.0,894.0,963.0,1300.0,670.0,1444.0,871.0,,,,
31469,17:15.500,17:15.520,3,251.0,629.0,445.0,882.0,810.0,704.0,968.0,924.0,1383.0,645.0,1529.0,843.0,,,,
31484,17:16.000,17:16.020,3,674.0,659.0,830.0,875.0,1725.0,667.0,1889.0,879.0,1139.0,723.0,1289.0,937.0,,,,
31499,17:16.500,17:16.520,3,1908.0,651.0,2091.0,870.0,1293.0,712.0,1445.0,931.0,845.0,662.0,994.0,869.0,,,,
31514,17:17.000,17:17.022,3,1864.0,636.0,2043.0,856.0,1261.0,702.0,1414.0,920.0,809.0,655.0,960.0,867.0,,,,
31529,17:17.500,17:17.522,3,1725.0,683.0,1890.0,896.0,1145.0,746.0,1294.0,957.0,677.0,697.0,835.0,913.0,,,,
31544,17:18.000,17:18.022,3,1627.0,657.0,1785.0,861.0,1058.0,702.0,1212.0,921.0,573.0,676.0,736.0,898.0,,,,
31559,17:18.500,17:18.522,3,551.0,672.0,716.0,898.0,1029.0,713.0,1181.0,932.0,1596.0,665.0,1752.0,872.0,,,,
31574,17:19.000,17:19.013,3,534.0,766.0,703.0,993.0,1018.0,824.0,1170.0,1041.0,1580.0,763.0,1734.0,967.0,,,,
31589,17:19.500,17:19.513,3,242.0,795.0,437.0,1038.0,792.0,840.0,954.0,1065.0,1354.0,759.0,1500.0,957.0,,,,
31604,17:20.000,17:20.013,3,216.0,793.0,414.0,1035.0,776.0,836.0,937.0,1060.0,1336.0,757.0,1483.0,954.0,,,,
31619,17:20.500,17:20.513,3,162.0,792.0,364.0,1039.0,732.0,830.0,899.0,1063.0,1299.0,750.0,1443.0,944.0,,,,
31634,17:21.000,17:21.013,3,200.0,779.0,396.0,1020.0,761.0,826.0,928.0,1056.0,1326.0,753.0,1469.0,945.0,,,,
31649,17:21.500,17:21.515,3,172.0,776.0,373.0,1028.0,735.0,833.0,904.0,1068.0,1309.0,757.0,1454.0,956.0,,,,
31664,17:22.000,17:22.015,3,701.0,790.0,873.0,1022.0,118.0,748.0,328.0,1007.0,1278.0,709.0,1423.0,906.0,,,,
31679,17:22.500,17:22.515,3,27.0,635.0,250.0,901.0,640.0,689.0,818.0,921.0,1226.0,612.0,1371.0,808.0,,,,
31694,17:23.000,17:23.015,3,684.0,705.0,854.0,936.0,91.0,621.0,302.0,886.0,1264.0,654.0,1407.0,848.0,,,,
31709,17:23.500,17:23.515,3,311.0,715.0,496.0,960.0,842.0,795.0,1003.0,1019.0,1408.0,732.0,1555.0,930.0,,,,
31724,17:24.000,17:24.015,3,438.0,659.0,609.0,895.0,936.0,741.0,1095.0,959.0,1502.0,673.0,1651.0,878.0,,,,
31739,17:24.500,17:24.515,3,1613.0,553.0,1768.0,772.0,1039.0,601.0,1191.0,823.0,556.0,505.0,724.0,736.0,,,,
31754,17:25.000,17:25.015,3,1921.0,723.0,2103.0,947.0,1324.0,735.0,1473.0,952.0,870.0,647.0,1020.0,857.0,,,,
31769,17:25.500,17:25.517,3,1980.0,812.0,2171.0,1039.0,1370.0,787.0,1518.0,1003.0,917.0,683.0,1063.0,889.0,,,,
31784,17:26.000,17:26.017,3,1965.0,724.0,2154.0,953.0,1360.0,710.0,1508.0,930.0,909.0,604.0,1057.0,818.0,,,,
31799,17:26.500,17:26.517,3,703.0,583.0,861.0,806.0,1728.0,697.0,1894.0,909.0,1162.0,699.0,1309.0,917.0,,,,
31814,17:27.000,17:27.017,3,519.0,557.0,688.0,790.0,1010.0,674.0,1158.0,889.0,1558.0,669.0,1710.0,872.0,,,,
31829,17:27.500,17:27.517,3,425.0,495.0,605.0,740.0,942.0,613.0,1093.0,831.0,1498.0,607.0,1646.0,812.0,,,,
31844,17:28.000,17:28.017,3,385.0,480.0,567.0,727.0,912.0,605.0,1062.0,830.0,1467.0,597.0,1614.0,801.0,,,,
31859,17:28.500,17:28.517,3,1829.0,707.0,2003.0,925.0,1243.0,765.0,1397.0,981.0,779.0,708.0,928.0,919.0,,,,
31874,17:29.000,17:29.017,3,2052.0,694.0,2260.0,926.0,1419.0,793.0,1583.0,1020.0,962.0,781.0,1105.0,985.0,,,,
31889,17:29.500,17:29.517,3,1996.0,714.0,2195.0,950.0,1381.0,814.0,1542.0,1031.0,920.0,790.0,1067.0,999.0,,,,
31904,17:30.000,17:30.018,3,519.0,778.0,688.0,1005.0,1573.0,788.0,1731.0,993.0,1019.0,840.0,1171.0,1057.0,,,,
31919,17:30.500,17:30.518,3,508.0,769.0,676.0,994.0,1009.0,829.0,1162.0,1044.0,1564.0,771.0,1718.0,976.0,,,,
31934,17:31.000,17:31.018,3,480.0,763.0,651.0,992.0,987.0,822.0,1141.0,1046.0,1541.0,765.0,1696.0,965.0,,,,
31949,17:31.500,17:31.518,3,440.0,767.0,613.0,999.0,952.0,826.0,1108.0,1042.0,1506.0,768.0,1656.0,970.0,,,,
31964,17:32.000,17:32.018,3,429.0,766.0,605.0,1004.0,945.0,819.0,1101.0,1031.0,1497.0,756.0,1646.0,954.0,,,,
31979,17:32.500,17:32.518,3,374.0,758.0,554.0,995.0,904.0,809.0,1063.0,1023.0,1450.0,735.0,1603.0,934.0,,,,
31994,17:33.000,17:33.018,3,389.0,767.0,567.0,1001.0,911.0,809.0,1072.0,1030.0,1463.0,734.0,1614.0,933.0,,,,
32009,17:33.500,17:33.518,3,438.0,806.0,611.0,1030.0,951.0,829.0,1110.0,1053.0,1506.0,763.0,1656.0,962.0,,,,
32024,17:34.000,17:34.020,3,471.0,849.0,640.0,1079.0,978.0,882.0,1135.0,1102.0,1535.0,806.0,1691.0,1014.0,,,,
32039,17:34.500,17:34.520,3,500.0,820.0,669.0,1041.0,1553.0,785.0,1706.0,990.0,996.0,856.0,1150.0,1073.0,,,,
32054,17:35.000,17:35.020,3,645.0,770.0,802.0,986.0,1680.0,756.0,1844.0,963.0,1116.0,817.0,1265.0,1029.0,,,,
32069,17:35.500,17:35.520,3,1854.0,787.0,2032.0,1009.0,1264.0,836.0,1414.0,1056.0,807.0,778.0,955.0,987.0,,,,
32084,17:36.000,17:36.020,3,1819.0,800.0,1992.0,1011.0,776.0,785.0,925.0,1000.0,1234.0,850.0,1382.0,1068.0,,,,
32099,17:36.500,17:36.520,3,1777.0,726.0,1947.0,941.0,743.0,728.0,895.0,936.0,1200.0,780.0,1351.0,996.0,,,,
32114,17:37.000,17:37.020,3,1805.0,723.0,1979.0,941.0,779.0,723.0,931.0,928.0,1224.0,779.0,1374.0,996.0,,,,
32129,17:37.500,17:37.520,3,1742.0,736.0,1911.0,952.0,710.0,748.0,863.0,961.0,1169.0,798.0,1317.0,1014.0,,,,
32144,17:38.000,17:38.020,3,594.0,769.0,756.0,989.0,1073.0,821.0,1224.0,1030.0,1636.0,756.0,1795.0,960.0,,,,
32159,17:38.500,17:38.522,3,530.0,752.0,698.0,967.0,1574.0,717.0,1731.0,920.0,1020.0,787.0,1173.0,998.0,,,,
32174,17:39.000,17:39.022,3,482.0,658.0,653.0,888.0,980.0,704.0,1134.0,922.0,1536.0,640.0,1689.0,843.0,,,,
32189,17:39.500,17:39.522,3,508.0,708.0,677.0,935.0,1003.0,762.0,1155.0,975.0,1558.0,696.0,1712.0,902.0,,,,
32204,17:40.000,17:40.013,3,557.0,734.0,722.0,954.0,1598.0,722.0,1755.0,928.0,1041.0,784.0,1191.0,1000.0,,,,
32219,17:40.500,17:40.513,3,553.0,728.0,718.0,951.0,1595.0,718.0,1752.0,923.0,1038.0,777.0,1189.0,992.0,,,,
32234,17:41.000,17:41.013,3,573.0,715.0,736.0,934.0,1053.0,763.0,1202.0,980.0,1613.0,703.0,1771.0,908.0,,,,
32249,17:41.500,17:41.513,3,586.0,717.0,748.0,938.0,1058.0,761.0,1210.0,980.0,1622.0,695.0,1783.0,907.0,,,,
32264,17:42.000,17:42.013,3,601.0,739.0,763.0,962.0,1637.0,724.0,1797.0,934.0,1079.0,788.0,1228.0,1005.0,,,,
32279,17:42.500,17:42.515,3,488.0,718.0,658.0,946.0,990.0,778.0,1139.0,995.0,1542.0,720.0,1695.0,924.0,,,,
32294,17:43.000,17:43.015,3,668.0,726.0,825.0,941.0,1710.0,688.0,1876.0,897.0,1145.0,766.0,1295.0,976.0,,,,
32309,17:43.500,17:43.515,3,1879.0,600.0,2065.0,840.0,1293.0,751.0,1452.0,964.0,830.0,765.0,981.0,971.0,,,,
32324,17:44.000,17:44.015,3,311.0,713.0,498.0,955.0,874.0,728.0,1033.0,947.0,1408.0,650.0,1557.0,850.0,,,,
32339,17:44.500,17:44.515,3,310.0,781.0,496.0,1012.0,869.0,784.0,1030.0,1009.0,1404.0,693.0,1553.0,898.0,,,,
32354,17:45.000,17:45.015,3,499.0,734.0,670.0,961.0,1554.0,675.0,1709.0,881.0,1018.0,764.0,1171.0,977.0,,,,
32369,17:45.500,17:45.515,3,541.0,750.0,707.0,968.0,1047.0,765.0,1199.0,984.0,1586.0,674.0,1743.0,881.0,,,,
32384,17:46.000,17:46.015,3,495.0,733.0,667.0,962.0,993.0,765.0,1153.0,976.0,1551.0,664.0,1705.0,865.0,,,,
32399,17:46.500,17:46.515,3,436.0,744.0,611.0,968.0,942.0,768.0,1106.0,985.0,1498.0,667.0,1650.0,871.0,,,,
32414,17:47.000,17:47.017,3,416.0,756.0,590.0,985.0,923.0,776.0,1085.0,999.0,1482.0,682.0,1635.0,880.0,,,,
32429,17:47.500,17:47.517,3,368.0,750.0,549.0,984.0,889.0,779.0,1054.0,996.0,1448.0,681.0,1598.0,884.0,,,,
32444,17:48.000,17:48.017,3,215.0,770.0,415.0,1016.0,779.0,781.0,947.0,1008.0,1337.0,681.0,1486.0,875.0,,,,
32459,17:48.500,17:48.517,3,910.0,767.0,1074.0,992.0,396.0,741.0,574.0,977.0,1471.0,669.0,1619.0,866.0,,,,
32474,17:49.000,17:49.017,3,508.0,706.0,676.0,934.0,1557.0,647.0,1712.0,849.0,991.0,745.0,1150.0,958.0,,,,
32489,17:49.500,17:49.517,3,539.0,759.0,704.0,982.0,1012.0,793.0,1174.0,1013.0,1584.0,673.0,1736.0,871.0,,,,
32504,17:50.000,17:50.017,3,539.0,764.0,705.0,985.0,1011.0,795.0,1175.0,1013.0,1606.0,692.0,1761.0,898.0,,,,
32519,17:50.500,17:50.517,3,527.0,776.0,692.0,997.0,1005.0,803.0,1167.0,1022.0,1591.0,696.0,1744.0,913.0,,,,
32534,17:51.000,17:51.018,3,297.0,757.0,485.0,995.0,827.0,781.0,995.0,1007.0,1408.0,671.0,1555.0,871.0,,,,
32549,17:51.500,17:51.518,3,37.0,819.0,256.0,1078.0,641.0,848.0,819.0,1077.0,1237.0,748.0,1381.0,939.0,,,,
32564,17:52.000,17:52.018,3,118.0,816.0,327.0,1065.0,694.0,832.0,872.0,1069.0,1280.0,716.0,1426.0,913.0,,,,
32579,17:52.500,17:52.518,3,293.0,695.0,484.0,937.0,820.0,695.0,994.0,923.0,1395.0,565.0,1546.0,770.0,,,,
32594,17:53.000,17:53.018,3,200.0,671.0,400.0,916.0,751.0,670.0,927.0,904.0,1328.0,544.0,1475.0,748.0,,,,
32609,17:53.500,17:53.518,3,358.0,691.0,541.0,926.0,874.0,707.0,1040.0,923.0,1445.0,591.0,1594.0,791.0,,,,
32624,17:54.000,17:54.018,3,658.0,761.0,814.0,975.0,1114.0,776.0,1276.0,987.0,1699.0,667.0,1863.0,871.0,,,,
32639,17:54.500,17:54.518,3,1832.0,724.0,2006.0,946.0,1228.0,832.0,1386.0,1041.0,782.0,801.0,930.0,1009.0,,,,
32654,17:55.000,17:55.018,3,1831.0,699.0,2006.0,916.0,1226.0,800.0,1385.0,1012.0,780.0,766.0,929.0,975.0,,,,
32669,17:55.500,17:55.520,3,1778.0,702.0,1948.0,929.0,734.0,785.0,885.0,995.0,1185.0,815.0,1346.0,1024.0,,,,
32684,17:56.000,17:56.020,3,443.0,795.0,615.0,1020.0,934.0,817.0,1099.0,1034.0,1504.0,714.0,1657.0,918.0,,,,
32699,17:56.500,17:56.520,3,369.0,767.0,549.0,1001.0,878.0,804.0,1044.0,1021.0,1448.0,710.0,1596.0,913.0,,,,
32714,17:57.000,17:57.020,3,539.0,742.0,703.0,962.0,1586.0,710.0,1741.0,923.0,1015.0,789.0,1173.0,1003.0,,,,
32729,17:57.500,17:57.520,3,1899.0,777.0,2084.0,1003.0,1285.0,826.0,1439.0,1040.0,844.0,759.0,990.0,963.0,,,,
32744,17:58.000,17:58.020,3,1882.0,889.0,2063.0,1118.0,1243.0,931.0,1412.0,1140.0,822.0,833.0,969.0,1042.0,,,,
32759,17:58.500,17:58.520,3,1121.0,883.0,1292.0,1089.0,1741.0,821.0,1908.0,1038.0,697.0,785.0,853.0,1005.0,,,,
32774,17:59.000,17:59.020,3,665.0,773.0,820.0,991.0,1712.0,807.0,1876.0,1021.0,1092.0,873.0,1261.0,1074.0,,,,
32789,17:59.500,17:59.520,3,1690.0,832.0,1854.0,1046.0,1072.0,888.0,1244.0,1097.0,639.0,787.0,797.0,1005.0,,,,
32804,18:00.000,18:00.013,3,1063.0,866.0,1231.0,1077.0,627.0,765.0,786.0,982.0,1680.0,822.0,1843.0,1032.0,,,,
32819,18:00.500,18:00.513,3,658.0,732.0,814.0,950.0,1710.0,793.0,1874.0,1004.0,1091.0,837.0,1258.0,1048.0,,,,
32834,18:01.000,18:01.013,3,1801.0,829.0,1973.0,1050.0,1169.0,853.0,1335.0,1069.0,755.0,739.0,910.0,954.0,,,,
32849,18:01.500,18:01.513,3,1113.0,954.0,1276.0,1174.0,693.0,843.0,850.0,1061.0,1735.0,930.0,1903.0,1156.0,,,,
32864,18:02.000,18:02.013,3,667.0,793.0,825.0,1011.0,1088.0,905.0,1251.0,1112.0,1701.0,867.0,1866.0,1083.0,,,,
32879,18:02.500,18:02.513,3,1652.0,825.0,1810.0,1043.0,1040.0,858.0,1209.0,1075.0,611.0,751.0,774.0,967.0,,,,
32894,18:03.000,18:03.013,3,508.0,752.0,679.0,981.0,952.0,875.0,1119.0,1082.0,1563.0,828.0,1715.0,1045.0,,,,
32909,18:03.500,18:03.513,3,287.0,763.0,479.0,1010.0,778.0,877.0,956.0,1092.0,1391.0,824.0,1536.0,1033.0,,,,
32924,18:04.000,18:04.015,3,173.0,753.0,377.0,1003.0,696.0,854.0,882.0,1077.0,1317.0,790.0,1458.0,994.0,,,,
32939,18:04.500,18:04.515,3,36.0,740.0,257.0,995.0,601.0,831.0,794.0,1053.0,1236.0,759.0,1378.0,960.0,,,,
32954,18:05.000,18:05.015,3,534.0,852.0,731.0,1077.0,-35.0,767.0,183.0,1033.0,1188.0,771.0,1329.0,976.0,,,,
32969,18:05.500,18:05.515,3,515.0,823.0,717.0,1054.0,-54.0,748.0,163.0,1009.0,1174.0,744.0,1316.0,942.0,,,,
32984,18:06.000,18:06.015,3,621.0,786.0,813.0,1014.0,84.0,694.0,298.0,953.0,1265.0,729.0,1408.0,929.0,,,,
32999,18:06.500,18:06.515,3,478.0,844.0,648.0,1078.0,922.0,939.0,1098.0,1154.0,1549.0,880.0,1702.0,1092.0,,,,
33014,18:07.000,18:07.015,3,487.0,843.0,658.0,1076.0,930.0,939.0,1102.0,1157.0,1560.0,876.0,1710.0,1084.0,,,,
33029,18:07.500,18:07.515,3,561.0,783.0,724.0,1007.0,1619.0,817.0,1774.0,1037.0,990.0,885.0,1160.0,1101.0,,,,
33044,18:08.000,18:08.015,3,1624.0,778.0,1781.0,991.0,569.0,781.0,731.0,1004.0,996.0,858.0,1165.0,1069.0,,,,
33059,18:08.500,18:08.517,3,554.0,833.0,718.0,1056.0,979.0,904.0,1159.0,1125.0,1608.0,821.0,1764.0,1028.0,,,,
33074,18:09.000,18:09.017,3,570.0,821.0,734.0,1039.0,995.0,899.0,1166.0,1118.0,1622.0,823.0,1782.0,1034.0,,,,
33089,18:09.500,18:09.517,3,1028.0,907.0,1197.0,1121.0,620.0,823.0,783.0,1038.0,1657.0,837.0,1817.0,1048.0,,,,
33104,18:10.000,18:10.017,3,1026.0,905.0,1194.0,1126.0,1659.0,835.0,1819.0,1048.0,618.0,820.0,780.0,1034.0,,,,
33119,18:10.500,18:10.517,3,633.0,733.0,795.0,949.0,1036.0,820.0,1200.0,1031.0,1672.0,762.0,1830.0,968.0,,,,
33134,18:11.000,18:11.017,3,629.0,760.0,791.0,983.0,1666.0,802.0,1825.0,1019.0,1075.0,824.0,1226.0,1026.0,,,,
33149,18:11.500,18:11.517,3,183.0,766.0,387.0,1013.0,757.0,810.0,910.0,1021.0,1315.0,791.0,1458.0,989.0,,,,
33164,18:12.000,18:12.017,3,304.0,665.0,490.0,914.0,905.0,713.0,1051.0,936.0,1404.0,706.0,1551.0,905.0,,,,
33179,18:12.500,18:12.518,3,499.0,630.0,669.0,863.0,1561.0,689.0,1714.0,887.0,1123.0,692.0,1269.0,899.0,,,,
33194,18:13.000,18:13.018,3,539.0,633.0,706.0,864.0,1155.0,708.0,1305.0,921.0,1589.0,689.0,1744.0,891.0,,,,
33209,18:13.500,18:13.518,3,549.0,632.0,715.0,861.0,1591.0,676.0,1745.0,878.0,1149.0,709.0,1296.0,915.0,,,,
33224,18:14.000,18:14.018,3,498.0,659.0,668.0,890.0,1096.0,739.0,1240.0,949.0,1547.0,705.0,1699.0,902.0,,,,
33239,18:14.500,18:14.518,3,551.0,654.0,717.0,882.0,1132.0,736.0,1273.0,950.0,1592.0,708.0,1747.0,911.0,,,,
33254,18:15.000,18:15.018,3,556.0,659.0,720.0,884.0,1598.0,711.0,1753.0,919.0,1137.0,744.0,1279.0,953.0,,,,
33269,18:15.500,18:15.518,3,547.0,658.0,712.0,887.0,1130.0,739.0,1273.0,949.0,1590.0,708.0,1744.0,910.0,,,,
33284,18:16.000,18:16.018,3,526.0,651.0,690.0,875.0,1571.0,700.0,1725.0,901.0,1112.0,733.0,1256.0,940.0,,,,
33299,18:16.500,18:16.518,3,499.0,660.0,670.0,890.0,1091.0,744.0,1235.0,950.0,1551.0,710.0,1702.0,910.0,,,,
33314,18:17.000,18:17.020,3,447.0,662.0,621.0,893.0,1050.0,741.0,1196.0,954.0,1506.0,707.0,1656.0,910.0,,,,
33329,18:17.500,18:17.520,3,419.0,643.0,596.0,874.0,1031.0,729.0,1175.0,938.0,1485.0,693.0,1635.0,896.0,,,,
33344,18:18.000,18:18.020,3,440.0,659.0,613.0,890.0,1044.0,749.0,1189.0,958.0,1501.0,717.0,1650.0,918.0,,,,
33359,18:18.500,18:18.520,3,468.0,663.0,640.0,897.0,1522.0,716.0,1672.0,919.0,1068.0,749.0,1211.0,961.0,,,,
33374,18:19.000,18:19.020,3,542.0,692.0,707.0,913.0,1129.0,782.0,1269.0,986.0,1582.0,756.0,1735.0,959.0,,,,
33389,18:19.500,18:19.520,3,1734.0,738.0,1899.0,951.0,701.0,693.0,854.0,906.0,1263.0,775.0,1405.0,987.0,,,,
33404,18:20.000,18:20.020,3,1955.0,801.0,2146.0,1019.0,1443.0,822.0,1595.0,1035.0,895.0,736.0,1040.0,943.0,,,,
33419,18:20.500,18:20.512,3,2099.0,773.0,2308.0,1009.0,1557.0,794.0,1713.0,1014.0,1004.0,702.0,1148.0,902.0,,,,
33434,18:21.000,18:21.012,3,2034.0,724.0,2235.0,957.0,1509.0,757.0,1665.0,970.0,955.0,668.0,1095.0,871.0,,,,
33449,18:21.500,18:21.513,3,1666.0,716.0,1825.0,924.0,626.0,688.0,786.0,901.0,1205.0,759.0,1346.0,971.0,,,,
33464,18:22.000,18:22.013,3,384.0,665.0,561.0,897.0,1014.0,736.0,1156.0,946.0,1459.0,690.0,1608.0,886.0,,,,
33479,18:22.500,18:22.513,3,136.0,710.0,342.0,953.0,835.0,765.0,983.0,989.0,1284.0,711.0,1431.0,908.0,,,,
33494,18:23.000,18:23.013,3,128.0,661.0,331.0,912.0,829.0,726.0,975.0,939.0,1281.0,678.0,1424.0,869.0,,,,
33509,18:23.500,18:23.513,3,113.0,564.0,322.0,820.0,823.0,635.0,971.0,861.0,1279.0,589.0,1423.0,788.0,,,,
33524,18:24.000,18:24.013,3,87.0,525.0,301.0,779.0,793.0,597.0,941.0,819.0,1269.0,554.0,1414.0,754.0,,,,
33539,18:24.500,18:24.513,3,373.0,534.0,552.0,772.0,982.0,607.0,1128.0,830.0,1468.0,571.0,1617.0,777.0,,,,
33554,18:25.000,18:25.013,3,501.0,550.0,672.0,781.0,1567.0,585.0,1720.0,791.0,1082.0,625.0,1222.0,837.0,,,,
33569,18:25.500,18:25.515,3,531.0,612.0,698.0,838.0,1586.0,614.0,1742.0,823.0,1104.0,667.0,1246.0,881.0,,,,
33584,18:26.000,18:26.015,3,464.0,746.0,636.0,970.0,1049.0,801.0,1191.0,1018.0,1526.0,753.0,1678.0,957.0,,,,
33599,18:26.500,18:26.515,3,295.0,692.0,482.0,927.0,915.0,738.0,1062.0,951.0,1396.0,687.0,1546.0,883.0,,,,
33614,18:27.000,18:27.015,3,318.0,664.0,503.0,897.0,937.0,702.0,1081.0,920.0,1415.0,651.0,1563.0,848.0,,,,
33629,18:27.500,18:27.515,3,382.0,718.0,562.0,949.0,985.0,762.0,1128.0,979.0,1461.0,706.0,1612.0,908.0,,,,
33644,18:28.000,18:28.015,3,429.0,764.0,602.0,989.0,1497.0,724.0,1649.0,927.0,1024.0,791.0,1164.0,1007.0,,,,
33659,18:28.500,18:28.515,3,452.0,755.0,626.0,981.0,1515.0,691.0,1670.0,893.0,1042.0,761.0,1185.0,986.0,,,,
33674,18:29.000,18:29.015,3,494.0,745.0,665.0,970.0,1549.0,680.0,1703.0,883.0,1078.0,761.0,1218.0,973.0,,,,
33689,18:29.500,18:29.515,3,1828.0,737.0,2004.0,957.0,779.0,790.0,929.0,1000.0,1346.0,808.0,1491.0,1015.0,,,,
33704,18:30.000,18:30.017,3,564.0,775.0,728.0,992.0,1617.0,711.0,1776.0,921.0,1157.0,781.0,1297.0,995.0,,,,
33719,18:30.500,18:30.517,3,447.0,747.0,622.0,974.0,1517.0,686.0,1671.0,893.0,1067.0,757.0,1207.0,977.0,,,,
33734,18:31.000,18:31.017,3,224.0,719.0,421.0,964.0,900.0,745.0,1045.0,957.0,1349.0,678.0,1494.0,880.0,,,,
33749,18:31.500,18:31.517,3,382.0,777.0,562.0,1006.0,999.0,775.0,1141.0,992.0,1461.0,696.0,1611.0,903.0,,,,
33764,18:32.000,18:32.017,3,411.0,713.0,587.0,939.0,1021.0,727.0,1161.0,939.0,1485.0,653.0,1637.0,847.0,,,,
33779,18:32.500,18:32.517,3,338.0,695.0,522.0,928.0,965.0,717.0,1109.0,934.0,1429.0,647.0,1578.0,844.0,,,,
33794,18:33.000,18:33.017,3,324.0,685.0,509.0,916.0,965.0,708.0,1108.0,926.0,1419.0,634.0,1568.0,835.0,,,,
33809,18:33.500,18:33.517,3,159.0,816.0,364.0,1060.0,849.0,838.0,995.0,1056.0,1303.0,768.0,1447.0,962.0,,,,
33824,18:34.000,18:34.018,3,284.0,765.0,475.0,1006.0,937.0,785.0,1082.0,1005.0,1388.0,716.0,1533.0,911.0,,,,
33839,18:34.500,18:34.518,3,448.0,695.0,621.0,921.0,1513.0,666.0,1665.0,860.0,1060.0,732.0,1201.0,944.0,,,,
33854,18:35.000,18:35.018,3,323.0,665.0,508.0,903.0,967.0,678.0,1110.0,897.0,1413.0,597.0,1563.0,804.0,,,,
33869,18:35.500,18:35.518,3,402.0,665.0,581.0,901.0,1476.0,618.0,1627.0,820.0,1026.0,697.0,1167.0,907.0,,,,
33884,18:36.000,18:36.018,3,400.0,691.0,577.0,920.0,1026.0,720.0,1167.0,939.0,1474.0,650.0,1624.0,845.0,,,,
33899,18:36.500,18:36.518,3,213.0,721.0,411.0,963.0,889.0,740.0,1035.0,958.0,1337.0,663.0,1485.0,863.0,,,,
33914,18:37.000,18:37.018,3,109.0,721.0,317.0,976.0,817.0,743.0,964.0,962.0,1269.0,673.0,1412.0,863.0,,,,
33929,18:37.500,18:37.518,3,85.0,712.0,299.0,965.0,801.0,737.0,951.0,958.0,1256.0,666.0,1400.0,856.0,,,,
33944,18:38.000,18:38.018,3,72.0,710.0,287.0,961.0,790.0,730.0,938.0,950.0,1247.0,651.0,1390.0,842.0,,,,
33959,18:38.500,18:38.520,3,58.0,707.0,275.0,962.0,771.0,736.0,921.0,956.0,1239.0,649.0,1382.0,842.0,,,,
33974,18:39.000,18:39.020,3,122.0,725.0,329.0,978.0,801.0,747.0,950.0,976.0,1281.0,669.0,1425.0,874.0,,,,
33989,18:39.500,18:39.520,3,169.0,741.0,370.0,981.0,833.0,767.0,979.0,984.0,1312.0,689.0,1456.0,890.0,,,,
34004,18:40.000,18:40.020,4,113.0,713.0,321.0,965.0,1531.0,857.0,1608.0,968.0,794.0,744.0,943.0,958.0,1279.0,670.0,1424.0,866.0
34019,18:40.500,18:40.520,3,202.0,711.0,400.0,949.0,857.0,734.0,1005.0,948.0,1334.0,658.0,1479.0,848.0,,,,
34034,18:41.000,18:41.012,4,227.0,690.0,425.0,935.0,1609.0,856.0,1686.0,967.0,880.0,731.0,1024.0,945.0,1357.0,661.0,1503.0,856.0
34049,18:41.500,18:41.512,3,225.0,667.0,421.0,909.0,885.0,718.0,1029.0,926.0,1357.0,652.0,1502.0,843.0,,,,
34064,18:42.000,18:42.012,4,146.0,689.0,352.0,933.0,1554.0,850.0,1634.0,961.0,830.0,730.0,976.0,942.0,1303.0,659.0,1446.0,850.0
34079,18:42.500,18:42.513,4,128.0,699.0,334.0,944.0,1539.0,876.0,1617.0,986.0,820.0,748.0,966.0,966.0,1293.0,686.0,1436.0,881.0
34094,18:43.000,18:43.013,4,172.0,662.0,371.0,909.0,855.0,724.0,999.0,932.0,1321.0,667.0,1463.0,860.0,1566.0,859.0,1643.0,970.0
34109,18:43.500,18:43.513,3,199.0,581.0,400.0,832.0,878.0,645.0,1023.0,858.0,1337.0,595.0,1484.0,794.0,,,,
34124,18:44.000,18:44.013,4,418.0,503.0,596.0,744.0,1506.0,547.0,1657.0,754.0,1044.0,587.0,1186.0,797.0,1757.0,764.0,1841.0,877.0
34139,18:44.500,18:44.513,4,385.0,499.0,568.0,746.0,1482.0,547.0,1633.0,751.0,1732.0,763.0,1815.0,875.0,1020.0,584.0,1162.0,799.0
34154,18:45.000,18:45.013,2,621.0,591.0,780.0,816.0,1107.0,565.0,1251.0,761.0,,,,,,,,
34169,18:45.500,18:45.513,2,615.0,576.0,778.0,804.0,1103.0,550.0,1247.0,749.0,,,,,,,,
34184,18:46.000,18:46.013,2,658.0,563.0,811.0,786.0,1136.0,544.0,1279.0,741.0,,,,,,,,
34199,18:46.500,18:46.513,4,127.0,411.0,337.0,674.0,838.0,528.0,984.0,745.0,1316.0,516.0,1462.0,718.0,1548.0,742.0,1627.0,852.0
34214,18:47.000,18:47.015,3,641.0,522.0,798.0,745.0,1147.0,517.0,1291.0,713.0,1372.0,729.0,1448.0,842.0,,,,
34229,18:47.500,18:47.515,2,601.0,599.0,758.0,826.0,1106.0,593.0,1251.0,788.0,,,,,,,,
34244,18:48.000,18:48.015,4,311.0,734.0,499.0,974.0,939.0,850.0,1087.0,1062.0,1410.0,856.0,1559.0,1059.0,1654.0,1076.0,1739.0,1206.0
34259,18:48.500,18:48.515,4,445.0,763.0,622.0,1000.0,1516.0,847.0,1673.0,1054.0,1778.0,1062.0,1867.0,1200.0,1038.0,851.0,1182.0,1065.0
34274,18:49.000,18:49.015,4,375.0,713.0,556.0,951.0,991.0,821.0,1136.0,1030.0,1715.0,1035.0,1800.0,1165.0,1465.0,814.0,1618.0,1016.0
34289,18:49.500,18:49.515,4,245.0,652.0,442.0,902.0,1609.0,978.0,1691.0,1103.0,899.0,769.0,1045.0,984.0,1369.0,767.0,1515.0,961.0
34304,18:50.000,18:50.015,4,339.0,682.0,521.0,920.0,1690.0,943.0,1772.0,1060.0,970.0,762.0,1113.0,968.0,1437.0,735.0,1584.0,927.0
34319,18:50.500,18:50.515,3,2066.0,692.0,2274.0,926.0,1519.0,725.0,1672.0,935.0,964.0,657.0,1109.0,864.0,,,,
34334,18:51.000,18:51.017,3,2016.0,703.0,2221.0,935.0,1484.0,730.0,1635.0,941.0,930.0,658.0,1075.0,866.0,,,,
34349,18:51.500,18:51.517,3,1786.0,632.0,1960.0,853.0,727.0,597.0,880.0,814.0,1290.0,669.0,1436.0,878.0,,,,
34364,18:52.000,18:52.017,3,539.0,569.0,704.0,803.0,1602.0,638.0,1760.0,843.0,1129.0,660.0,1270.0,864.0,,,,
34379,18:52.500,18:52.517,3,417.0,562.0,593.0,808.0,1525.0,645.0,1678.0,846.0,1053.0,661.0,1198.0,868.0,,,,
34394,18:53.000,18:53.017,3,244.0,589.0,430.0,842.0,1421.0,684.0,1568.0,879.0,960.0,697.0,1105.0,904.0,,,,
34409,18:53.500,18:53.517,3,111.0,650.0,312.0,908.0,1299.0,714.0,1444.0,905.0,839.0,737.0,986.0,945.0,,,,
34424,18:54.000,18:54.017,3,448.0,596.0,623.0,837.0,1506.0,669.0,1657.0,868.0,1003.0,683.0,1144.0,898.0,,,,
34439,18:54.500,18:54.517,3,542.0,596.0,714.0,828.0,1545.0,683.0,1699.0,884.0,1013.0,696.0,1152.0,909.0,,,,
34454,18:55.000,18:55.017,3,384.0,606.0,570.0,850.0,913.0,711.0,1057.0,923.0,1443.0,697.0,1591.0,900.0,,,,
34469,18:55.500,18:55.518,3,42.0,691.0,256.0,956.0,717.0,794.0,871.0,1018.0,1255.0,767.0,1398.0,965.0,,,,
34484,18:56.000,18:56.018,3,483.0,627.0,654.0,856.0,1541.0,697.0,1694.0,902.0,1022.0,723.0,1164.0,937.0,,,,
34499,18:56.500,18:56.518,3,507.0,564.0,674.0,799.0,1554.0,664.0,1706.0,880.0,1052.0,673.0,1191.0,886.0,,,,
34514,18:57.000,18:57.018,3,462.0,502.0,634.0,742.0,1034.0,590.0,1177.0,815.0,1520.0,571.0,1671.0,781.0,,,,
34529,18:57.500,18:57.518,3,619.0,517.0,782.0,745.0,1659.0,557.0,1819.0,767.0,1163.0,585.0,1305.0,800.0,,,,
34544,18:58.000,18:58.018,3,570.0,696.0,731.0,912.0,1608.0,698.0,1764.0,898.0,1124.0,739.0,1265.0,950.0,,,,
34559,18:58.500,18:58.518,3,516.0,657.0,684.0,883.0,1559.0,591.0,1714.0,800.0,1080.0,670.0,1221.0,883.0,,,,
34574,18:59.000,18:59.018,3,668.0,449.0,828.0,666.0,1732.0,425.0,1899.0,642.0,1225.0,475.0,1371.0,694.0,,,,
34589,18:59.500,18:59.520,3,1701.0,299.0,1871.0,522.0,612.0,295.0,781.0,526.0,1192.0,349.0,1335.0,569.0,,,,
34604,19:00.000,19:00.020,3,1788.0,96.0,1973.0,329.0,1252.0,143.0,1403.0,379.0,646.0,96.0,821.0,342.0,,,,
34619,19:00.500,19:00.520,0,,,,,,,,,,,,,,,,
34634,19:01.000,19:01.020,3,1304.0,125.0,1461.0,362.0,676.0,64.0,856.0,323.0,1805.0,76.0,1987.0,306.0,,,,
34649,19:01.500,19:01.512,3,1946.0,151.0,2146.0,402.0,815.0,192.0,974.0,428.0,1391.0,238.0,1547.0,474.0,,,,
34664,19:02.000,19:02.012,3,1859.0,212.0,2046.0,454.0,749.0,233.0,911.0,467.0,1316.0,293.0,1466.0,518.0,,,,
34679,19:02.500,19:02.512,3,1658.0,244.0,1825.0,471.0,560.0,274.0,733.0,514.0,1153.0,323.0,1301.0,549.0,,,,
34694,19:03.000,19:03.012,3,1702.0,125.0,1879.0,360.0,578.0,147.0,753.0,395.0,1181.0,212.0,1330.0,447.0,,,,
34709,19:03.500,19:03.512,3,1706.0,292.0,1877.0,522.0,615.0,164.0,787.0,407.0,1196.0,307.0,1346.0,534.0,,,,
34724,19:04.000,19:04.013,3,666.0,401.0,825.0,628.0,1726.0,420.0,1892.0,640.0,1227.0,478.0,1374.0,695.0,,,,
34739,19:04.500,19:04.513,3,557.0,483.0,724.0,719.0,1607.0,472.0,1764.0,688.0,1134.0,549.0,1273.0,775.0,,,,
34754,19:05.000,19:05.013,3,491.0,460.0,664.0,694.0,1553.0,484.0,1705.0,694.0,1078.0,544.0,1220.0,761.0,,,,
34769,19:05.500,19:05.513,3,1651.0,542.0,1810.0,754.0,614.0,512.0,777.0,737.0,1172.0,594.0,1314.0,805.0,,,,
34784,19:06.000,19:06.013,3,259.0,576.0,451.0,821.0,890.0,699.0,1035.0,909.0,1353.0,671.0,1496.0,866.0,,,,
34799,19:06.500,19:06.513,3,386.0,412.0,568.0,651.0,1468.0,470.0,1617.0,676.0,998.0,508.0,1143.0,726.0,,,,
34814,19:07.000,19:07.013,3,234.0,128.0,446.0,408.0,926.0,245.0,1079.0,476.0,1421.0,192.0,1577.0,414.0,,,,
34829,19:07.500,19:07.513,3,335.0,230.0,527.0,481.0,983.0,323.0,1133.0,551.0,1470.0,266.0,1626.0,484.0,,,,
34844,19:08.000,19:08.013,3,518.0,580.0,684.0,811.0,1568.0,595.0,1723.0,803.0,1102.0,655.0,1242.0,865.0,,,,
34859,19:08.500,19:08.515,3,538.0,661.0,700.0,887.0,1584.0,693.0,1737.0,896.0,1122.0,739.0,1265.0,949.0,,,,
34874,19:09.000,19:09.015,3,508.0,636.0,676.0,862.0,1101.0,733.0,1241.0,931.0,1563.0,696.0,1714.0,893.0,,,,
34889,19:09.500,19:09.515,3,666.0,640.0,823.0,861.0,1709.0,703.0,1871.0,912.0,1232.0,737.0,1376.0,952.0,,,,
34904,19:10.000,19:10.015,3,643.0,619.0,801.0,840.0,1684.0,698.0,1845.0,904.0,1209.0,728.0,1355.0,934.0,,,,
34919,19:10.500,19:10.515,3,369.0,547.0,549.0,794.0,993.0,662.0,1140.0,879.0,1452.0,627.0,1601.0,830.0,,,,
34934,19:11.000,19:11.015,3,26.0,431.0,252.0,693.0,770.0,522.0,922.0,747.0,1240.0,479.0,1381.0,681.0,,,,
34949,19:11.500,19:11.515,3,164.0,481.0,368.0,737.0,849.0,583.0,1002.0,804.0,1317.0,544.0,1459.0,750.0,,,,
34964,19:12.000,19:12.015,3,309.0,516.0,495.0,763.0,1410.0,589.0,1555.0,800.0,949.0,626.0,1095.0,839.0,,,,
34979,19:12.500,19:12.517,3,353.0,595.0,536.0,839.0,969.0,705.0,1116.0,918.0,1442.0,669.0,1587.0,866.0,,,,
34994,19:13.000,19:13.017,3,488.0,531.0,660.0,767.0,1552.0,605.0,1703.0,811.0,1079.0,646.0,1221.0,850.0,,,,
35009,19:13.500,19:13.517,3,724.0,585.0,879.0,799.0,1762.0,697.0,1928.0,910.0,1271.0,705.0,1422.0,915.0,,,,
35024,19:14.000,19:14.017,3,1923.0,767.0,2106.0,994.0,1409.0,750.0,1564.0,962.0,878.0,607.0,1027.0,813.0,,,,
35039,19:14.500,19:14.517,3,722.0,537.0,878.0,761.0,1760.0,678.0,1928.0,891.0,1271.0,678.0,1424.0,888.0,,,,
35054,19:15.000,19:15.017,3,1805.0,727.0,1976.0,947.0,772.0,605.0,922.0,815.0,1308.0,734.0,1456.0,942.0,,,,
35069,19:15.500,19:15.517,3,1818.0,733.0,1990.0,950.0,781.0,606.0,933.0,821.0,1309.0,734.0,1454.0,944.0,,,,
35084,19:16.000,19:16.017,3,1885.0,722.0,2063.0,942.0,1368.0,727.0,1518.0,939.0,838.0,608.0,986.0,817.0,,,,
35099,19:16.500,19:16.517,3,1883.0,699.0,2062.0,914.0,1366.0,703.0,1517.0,917.0,836.0,586.0,982.0,795.0,,,,
35114,19:17.000,19:17.018,3,1851.0,698.0,2026.0,925.0,805.0,598.0,953.0,809.0,1339.0,712.0,1490.0,924.0,,,,
35129,19:17.500,19:17.518,3,1771.0,688.0,1938.0,909.0,729.0,589.0,883.0,806.0,1272.0,707.0,1421.0,917.0,,,,
35144,19:18.000,19:18.018,2,631.0,719.0,789.0,943.0,1131.0,668.0,1272.0,866.0,,,,,,,,
35159,19:18.500,19:18.518,2,551.0,697.0,714.0,929.0,1072.0,651.0,1212.0,849.0,,,,,,,,
35174,19:19.000,19:19.018,2,540.0,593.0,704.0,830.0,1070.0,567.0,1209.0,767.0,,,,,,,,
35189,19:19.500,19:19.518,2,519.0,527.0,686.0,759.0,1067.0,543.0,1205.0,746.0,,,,,,,,
35204,19:20.000,19:20.018,2,571.0,569.0,733.0,800.0,1106.0,570.0,1249.0,775.0,,,,,,,,
35219,19:20.500,19:20.518,3,-45.0,421.0,179.0,690.0,667.0,567.0,822.0,794.0,1183.0,564.0,1326.0,772.0,,,,
35234,19:21.000,19:21.020,3,152.0,477.0,358.0,738.0,805.0,615.0,953.0,835.0,1311.0,618.0,1453.0,822.0,,,,
35249,19:21.500,19:21.512,3,412.0,516.0,587.0,753.0,1492.0,591.0,1641.0,802.0,1004.0,617.0,1146.0,831.0,,,,
35264,19:22.000,19:22.012,3,-11.0,570.0,212.0,836.0,707.0,646.0,860.0,871.0,1204.0,600.0,1347.0,804.0,,,,
35279,19:22.500,19:22.512,3,-21.0,581.0,193.0,844.0,694.0,666.0,846.0,888.0,1193.0,618.0,1335.0,821.0,,,,
35294,19:23.000,19:23.012,3,46.0,617.0,264.0,879.0,744.0,704.0,895.0,922.0,1232.0,662.0,1375.0,864.0,,,,
35309,19:23.500,19:23.512,3,1959.0,695.0,2154.0,931.0,1423.0,776.0,1569.0,991.0,894.0,739.0,1037.0,944.0,,,,
35324,19:24.000,19:24.012,3,2079.0,606.0,2285.0,854.0,1507.0,680.0,1658.0,895.0,979.0,627.0,1123.0,833.0,,,,
35339,19:24.500,19:24.512,3,1684.0,618.0,1849.0,841.0,633.0,608.0,791.0,829.0,1186.0,677.0,1329.0,887.0,,,,
35354,19:25.000,19:25.012,3,469.0,381.0,644.0,617.0,1557.0,438.0,1711.0,653.0,1067.0,475.0,1208.0,694.0,,,,
35369,19:25.500,19:25.513,3,492.0,349.0,668.0,584.0,1583.0,431.0,1739.0,646.0,1112.0,460.0,1259.0,670.0,,,,
35384,19:26.000,19:26.013,3,546.0,554.0,713.0,781.0,1602.0,599.0,1758.0,808.0,1137.0,639.0,1278.0,853.0,,,,
35399,19:26.500,19:26.513,3,637.0,590.0,795.0,804.0,1681.0,637.0,1842.0,845.0,1205.0,679.0,1349.0,885.0,,,,
35414,19:27.000,19:27.013,3,629.0,469.0,792.0,690.0,1691.0,476.0,1853.0,695.0,1206.0,536.0,1348.0,748.0,,,,
35429,19:27.500,19:27.513,3,566.0,559.0,730.0,784.0,1618.0,590.0,1775.0,804.0,1144.0,644.0,1286.0,854.0,,,,
35444,19:28.000,19:28.013,3,608.0,576.0,769.0,799.0,1655.0,627.0,1814.0,839.0,1175.0,673.0,1318.0,883.0,,,,
35459,19:28.500,19:28.513,3,600.0,629.0,760.0,847.0,1642.0,669.0,1800.0,876.0,1165.0,714.0,1309.0,920.0,,,,
35474,19:29.000,19:29.013,3,1721.0,669.0,1886.0,883.0,682.0,618.0,839.0,834.0,1231.0,703.0,1374.0,912.0,,,,
35489,19:29.500,19:29.513,3,1866.0,710.0,2045.0,938.0,820.0,707.0,969.0,912.0,1356.0,766.0,1499.0,979.0,,,,
35504,19:30.000,19:30.015,3,1860.0,678.0,2039.0,896.0,811.0,661.0,959.0,866.0,1348.0,724.0,1495.0,933.0,,,,
35519,19:30.500,19:30.515,3,1836.0,672.0,2011.0,889.0,787.0,655.0,937.0,861.0,1325.0,722.0,1467.0,932.0,,,,
35534,19:31.000,19:31.015,3,1812.0,680.0,1986.0,895.0,768.0,652.0,917.0,860.0,1307.0,729.0,1449.0,935.0,,,,
35549,19:31.500,19:31.515,3,1828.0,657.0,2001.0,876.0,778.0,632.0,927.0,838.0,1317.0,708.0,1459.0,914.0,,,,
35564,19:32.000,19:32.015,3,1915.0,672.0,2100.0,893.0,1391.0,717.0,1534.0,931.0,858.0,642.0,1005.0,846.0,,,,
35579,19:32.500,19:32.515,3,1951.0,708.0,2144.0,937.0,1418.0,756.0,1567.0,966.0,893.0,665.0,1039.0,870.0,,,,
35594,19:33.000,19:33.015,3,1955.0,685.0,2145.0,915.0,1416.0,726.0,1565.0,936.0,892.0,632.0,1036.0,838.0,,,,
35609,19:33.500,19:33.515,3,1895.0,696.0,2078.0,931.0,1372.0,733.0,1514.0,943.0,841.0,642.0,989.0,841.0,,,,
35624,19:34.000,19:34.017,3,334.0,648.0,518.0,883.0,1422.0,700.0,1570.0,902.0,947.0,748.0,1090.0,958.0,,,,
35639,19:34.500,19:34.517,2,597.0,760.0,755.0,992.0,1093.0,664.0,1234.0,864.0,,,,,,,,
35654,19:35.000,19:35.017,3,657.0,665.0,809.0,888.0,1133.0,588.0,1276.0,793.0,-98.0,620.0,107.0,884.0,,,,
35669,19:35.500,19:35.517,3,85.0,554.0,299.0,810.0,785.0,646.0,931.0,861.0,1260.0,590.0,1403.0,793.0,,,,
35684,19:36.000,19:36.017,2,622.0,567.0,781.0,795.0,1114.0,526.0,1257.0,734.0,,,,,,,,
35699,19:36.500,19:36.517,3,0.0,483.0,222.0,750.0,724.0,600.0,875.0,822.0,1202.0,567.0,1345.0,776.0,,,,
35714,19:37.000,19:37.017,3,592.0,653.0,752.0,872.0,1627.0,671.0,1785.0,875.0,1154.0,723.0,1294.0,933.0,,,,
35729,19:37.500,19:37.517,3,439.0,571.0,612.0,803.0,1504.0,618.0,1655.0,825.0,1034.0,660.0,1173.0,879.0,,,,
35744,19:38.000,19:38.017,2,548.0,646.0,708.0,878.0,1055.0,618.0,1199.0,820.0,,,,,,,,
35759,19:38.500,19:38.518,2,625.0,602.0,784.0,831.0,1115.0,590.0,1258.0,791.0,,,,,,,,
35774,19:39.000,19:39.018,3,430.0,567.0,604.0,802.0,1496.0,636.0,1646.0,839.0,1032.0,669.0,1173.0,877.0,,,,
35789,19:39.500,19:39.518,3,2117.0,753.0,2333.0,994.0,1560.0,782.0,1714.0,1001.0,1018.0,700.0,1161.0,900.0,,,,
35804,19:40.000,19:40.018,3,2118.0,738.0,2331.0,979.0,1557.0,760.0,1712.0,977.0,1017.0,661.0,1158.0,867.0,,,,
35819,19:40.500,19:40.518,3,2108.0,784.0,2321.0,1023.0,1548.0,801.0,1701.0,1020.0,1008.0,708.0,1151.0,910.0,,,,
35834,19:41.000,19:41.018,3,1926.0,783.0,2113.0,1005.0,1406.0,801.0,1554.0,1013.0,867.0,699.0,1017.0,904.0,,,,
35849,19:41.500,19:41.518,3,1914.0,795.0,2102.0,1021.0,863.0,708.0,1009.0,916.0,1399.0,818.0,1547.0,1025.0,,,,
35864,19:42.000,19:42.010,3,2004.0,784.0,2204.0,1024.0,1471.0,805.0,1623.0,1021.0,935.0,692.0,1081.0,900.0,,,,
35879,19:42.500,19:42.512,3,1995.0,767.0,2193.0,996.0,1463.0,781.0,1615.0,997.0,925.0,671.0,1069.0,877.0,,,,
35894,19:43.000,19:43.012,3,1972.0,776.0,2166.0,1000.0,1448.0,773.0,1599.0,985.0,907.0,661.0,1053.0,866.0,,,,
35909,19:43.500,19:43.512,3,1750.0,751.0,1920.0,961.0,710.0,637.0,862.0,848.0,1268.0,755.0,1411.0,956.0,,,,
35924,19:44.000,19:44.012,3,502.0,633.0,668.0,857.0,1558.0,731.0,1713.0,933.0,1097.0,736.0,1240.0,943.0,,,,
35939,19:44.500,19:44.512,3,459.0,634.0,627.0,862.0,1526.0,728.0,1678.0,936.0,1068.0,739.0,1211.0,943.0,,,,
35954,19:45.000,19:45.012,3,465.0,655.0,635.0,875.0,1516.0,743.0,1670.0,945.0,1063.0,759.0,1204.0,967.0,,,,
35969,19:45.500,19:45.512,3,456.0,663.0,632.0,885.0,1479.0,748.0,1630.0,949.0,1023.0,763.0,1164.0,970.0,,,,
35984,19:46.000,19:46.012,3,676.0,667.0,834.0,882.0,1682.0,756.0,1847.0,966.0,1211.0,768.0,1355.0,983.0,,,,
35999,19:46.500,19:46.512,3,1984.0,787.0,2179.0,1013.0,1464.0,793.0,1615.0,1011.0,932.0,698.0,1077.0,902.0,,,,
36014,19:47.000,19:47.013,3,2039.0,814.0,2240.0,1042.0,1506.0,812.0,1661.0,1027.0,971.0,712.0,1114.0,909.0,,,,
36029,19:47.500,19:47.513,3,1825.0,777.0,2000.0,995.0,795.0,672.0,944.0,883.0,1335.0,785.0,1479.0,991.0,,,,
36044,19:48.000,19:48.013,3,1817.0,760.0,1995.0,979.0,787.0,658.0,936.0,871.0,1328.0,770.0,1474.0,979.0,,,,
36059,19:48.500,19:48.513,3,1841.0,797.0,2017.0,1016.0,1341.0,799.0,1492.0,1016.0,799.0,699.0,945.0,904.0,,,,
36074,19:49.000,19:49.013,3,1815.0,804.0,1990.0,1018.0,783.0,700.0,931.0,908.0,1323.0,808.0,1468.0,1017.0,,,,
36089,19:49.500,19:49.513,3,1758.0,763.0,1927.0,979.0,737.0,667.0,887.0,872.0,1271.0,771.0,1417.0,986.0,,,,
36104,19:50.000,19:50.013,3,1643.0,704.0,1801.0,919.0,623.0,629.0,784.0,847.0,1170.0,734.0,1313.0,939.0,,,,
36119,19:50.500,19:50.513,3,466.0,628.0,636.0,861.0,1499.0,702.0,1649.0,906.0,1028.0,728.0,1169.0,937.0,,,,
36134,19:51.000,19:51.015,3,466.0,646.0,635.0,875.0,1501.0,708.0,1652.0,916.0,1042.0,739.0,1184.0,949.0,,,,
36149,19:51.500,19:51.515,3,163.0,645.0,364.0,903.0,841.0,733.0,987.0,942.0,1301.0,691.0,1447.0,888.0,,,,
36164,19:52.000,19:52.015,3,275.0,595.0,465.0,849.0,924.0,675.0,1073.0,887.0,1387.0,657.0,1531.0,852.0,,,,
36179,19:52.500,19:52.515,3,362.0,575.0,546.0,819.0,974.0,659.0,1116.0,869.0,1451.0,638.0,1598.0,837.0,,,,
36194,19:53.000,19:53.015,3,483.0,652.0,652.0,880.0,1565.0,706.0,1718.0,906.0,1069.0,732.0,1211.0,941.0,,,,
36209,19:53.500,19:53.515,3,566.0,691.0,730.0,909.0,1634.0,748.0,1795.0,951.0,1136.0,766.0,1278.0,975.0,,,,
36224,19:54.000,19:54.015,3,1712.0,761.0,1876.0,966.0,654.0,688.0,811.0,902.0,1212.0,778.0,1352.0,983.0,,,,
36239,19:54.500,19:54.515,3,1866.0,806.0,2045.0,1033.0,801.0,726.0,949.0,937.0,1342.0,816.0,1490.0,1028.0,,,,
36254,19:55.000,19:55.015,3,1722.0,820.0,1888.0,1041.0,668.0,752.0,824.0,968.0,1221.0,838.0,1361.0,1047.0,,,,
36269,19:55.500,19:55.517,3,1700.0,765.0,1862.0,979.0,653.0,688.0,808.0,901.0,1198.0,776.0,1334.0,986.0,,,,
36284,19:56.000,19:56.017,3,1837.0,773.0,2013.0,998.0,783.0,711.0,933.0,920.0,1317.0,789.0,1458.0,1002.0,,,,
36299,19:56.500,19:56.517,3,1851.0,763.0,2028.0,988.0,1333.0,784.0,1474.0,997.0,800.0,697.0,946.0,903.0,,,,
36314,19:57.000,19:57.017,3,1761.0,733.0,1933.0,950.0,716.0,666.0,868.0,876.0,1258.0,753.0,1399.0,962.0,,,,
36329,19:57.500,19:57.517,3,1731.0,733.0,1895.0,949.0,687.0,658.0,839.0,870.0,1228.0,747.0,1373.0,962.0,,,,
36344,19:58.000,19:58.017,3,1734.0,731.0,1901.0,948.0,692.0,649.0,847.0,861.0,1234.0,739.0,1376.0,953.0,,,,
36359,19:58.500,19:58.517,3,1729.0,817.0,1894.0,1032.0,689.0,722.0,842.0,937.0,1226.0,822.0,1369.0,1034.0,,,,
36374,19:59.000,19:59.017,3,1747.0,839.0,1914.0,1056.0,705.0,737.0,860.0,948.0,1245.0,841.0,1385.0,1053.0,,,,
36389,19:59.500,19:59.518,3,1760.0,825.0,1926.0,1038.0,714.0,718.0,866.0,926.0,1256.0,823.0,1396.0,1030.0,,,,
36404,20:00.000,20:00.018,3,1729.0,826.0,1891.0,1042.0,682.0,724.0,836.0,935.0,1227.0,829.0,1370.0,1041.0,,,,
36419,20:00.500,20:00.518,3,635.0,709.0,795.0,923.0,1683.0,807.0,1843.0,1015.0,1188.0,818.0,1327.0,1026.0,,,,
36434,20:01.000,20:01.018,3,1750.0,786.0,1918.0,1001.0,711.0,687.0,864.0,894.0,1246.0,789.0,1385.0,999.0,,,,
36449,20:01.500,20:01.518,3,1753.0,806.0,1920.0,1011.0,713.0,687.0,866.0,894.0,1244.0,794.0,1383.0,1003.0,,,,
36464,20:02.000,20:02.018,3,1768.0,798.0,1936.0,1009.0,724.0,678.0,878.0,884.0,1256.0,786.0,1394.0,995.0,,,,
36479,20:02.500,20:02.510,3,1764.0,779.0,1928.0,984.0,716.0,657.0,868.0,869.0,1251.0,763.0,1390.0,972.0,,,,
36494,20:03.000,20:03.010,3,704.0,624.0,858.0,834.0,1744.0,760.0,1908.0,962.0,1238.0,733.0,1380.0,943.0,,,,
36509,20:03.500,20:03.510,3,692.0,623.0,848.0,837.0,1735.0,760.0,1897.0,962.0,1228.0,734.0,1370.0,945.0,,,,
36524,20:04.000,20:04.012,3,678.0,597.0,833.0,811.0,1715.0,741.0,1877.0,940.0,1212.0,707.0,1355.0,925.0,,,,
36539,20:04.500,20:04.512,3,665.0,623.0,820.0,837.0,1712.0,759.0,1876.0,961.0,1204.0,736.0,1345.0,943.0,,,,
36554,20:05.000,20:05.012,3,667.0,785.0,823.0,1003.0,1708.0,914.0,1873.0,1120.0,1203.0,898.0,1342.0,1109.0,,,,
36569,20:05.500,20:05.512,3,557.0,1031.0,726.0,1261.0,1625.0,1120.0,1789.0,1343.0,1112.0,1128.0,1258.0,1371.0,,,,
36584,20:06.000,20:06.012,3,573.0,823.0,736.0,1042.0,1622.0,882.0,1778.0,1088.0,1124.0,908.0,1263.0,1131.0,,,,
36599,20:06.500,20:06.512,3,616.0,618.0,779.0,840.0,1679.0,625.0,1838.0,834.0,1162.0,674.0,1306.0,889.0,,,,
36614,20:07.000,20:07.012,3,1829.0,790.0,1998.0,1001.0,776.0,787.0,923.0,993.0,1302.0,841.0,1442.0,1052.0,,,,
36629,20:07.500,20:07.512,3,1823.0,809.0,1996.0,1025.0,773.0,803.0,919.0,1008.0,1300.0,859.0,1442.0,1073.0,,,,
36644,20:08.000,20:08.013,3,652.0,819.0,806.0,1029.0,1694.0,838.0,1856.0,1038.0,1195.0,876.0,1334.0,1086.0,,,,
36659,20:08.500,20:08.513,3,625.0,781.0,782.0,989.0,1671.0,798.0,1830.0,998.0,1170.0,835.0,1313.0,1044.0,,,,
36674,20:09.000,20:09.013,3,648.0,758.0,803.0,972.0,1693.0,780.0,1854.0,979.0,1193.0,808.0,1333.0,1023.0,,,,
36689,20:09.500,20:09.513,3,649.0,779.0,803.0,989.0,1693.0,809.0,1854.0,1012.0,1195.0,839.0,1332.0,1047.0,,,,
36704,20:10.000,20:10.013,3,490.0,761.0,657.0,978.0,1553.0,767.0,1703.0,970.0,1065.0,812.0,1205.0,1021.0,,,,
36719,20:10.500,20:10.513,3,-13.0,810.0,208.0,1062.0,706.0,860.0,857.0,1077.0,1202.0,809.0,1344.0,1000.0,,,,
36734,20:11.000,20:11.013,3,39.0,756.0,254.0,1010.0,739.0,820.0,888.0,1036.0,1225.0,778.0,1367.0,966.0,,,,
36749,20:11.500,20:11.513,3,113.0,694.0,321.0,947.0,778.0,750.0,924.0,966.0,1262.0,714.0,1406.0,913.0,,,,
36764,20:12.000,20:12.013,3,147.0,661.0,350.0,912.0,799.0,738.0,946.0,960.0,1288.0,707.0,1429.0,907.0,,,,
36779,20:12.500,20:12.515,3,166.0,674.0,363.0,916.0,832.0,769.0,977.0,978.0,1292.0,721.0,1434.0,924.0,,,,
36794,20:13.000,20:13.015,3,213.0,691.0,408.0,926.0,860.0,783.0,1005.0,995.0,1330.0,736.0,1475.0,937.0,,,,
36809,20:13.500,20:13.515,3,255.0,667.0,445.0,906.0,889.0,766.0,1033.0,980.0,1369.0,735.0,1512.0,932.0,,,,
36824,20:14.000,20:14.015,3,337.0,582.0,520.0,823.0,1432.0,599.0,1580.0,806.0,958.0,657.0,1101.0,870.0,,,,
36839,20:14.500,20:14.515,3,141.0,661.0,342.0,907.0,798.0,726.0,945.0,942.0,1291.0,675.0,1434.0,880.0,,,,
36854,20:15.000,20:15.015,3,109.0,712.0,314.0,964.0,779.0,763.0,926.0,983.0,1265.0,706.0,1409.0,909.0,,,,
36869,20:15.500,20:15.515,3,126.0,710.0,331.0,955.0,789.0,752.0,937.0,971.0,1274.0,680.0,1416.0,878.0,,,,
36884,20:16.000,20:16.015,3,594.0,730.0,753.0,951.0,1634.0,682.0,1794.0,886.0,1146.0,765.0,1288.0,975.0,,,,
36899,20:16.500,20:16.515,3,1913.0,734.0,2098.0,953.0,1398.0,800.0,1545.0,1012.0,859.0,753.0,1003.0,952.0,,,,
36914,20:17.000,20:17.017,3,1801.0,701.0,1973.0,916.0,758.0,731.0,910.0,938.0,1306.0,775.0,1446.0,985.0,,,,
36929,20:17.500,20:17.517,3,631.0,712.0,789.0,922.0,1668.0,692.0,1828.0,898.0,1180.0,759.0,1319.0,966.0,,,,
36944,20:18.000,20:18.017,3,550.0,690.0,713.0,905.0,1590.0,661.0,1745.0,873.0,1109.0,729.0,1251.0,942.0,,,,
36959,20:18.500,20:18.517,3,475.0,710.0,642.0,937.0,1526.0,688.0,1677.0,894.0,1048.0,767.0,1190.0,980.0,,,,
36974,20:19.000,20:19.017,3,419.0,710.0,592.0,939.0,1008.0,760.0,1149.0,976.0,1484.0,688.0,1632.0,885.0,,,,
36989,20:19.500,20:19.517,3,520.0,701.0,684.0,914.0,1573.0,661.0,1727.0,864.0,1093.0,740.0,1234.0,950.0,,,,
37004,20:20.000,20:20.017,3,451.0,687.0,623.0,909.0,1041.0,723.0,1180.0,936.0,1522.0,643.0,1672.0,840.0,,,,
37019,20:20.500,20:20.517,3,433.0,685.0,606.0,908.0,1025.0,725.0,1166.0,938.0,1503.0,647.0,1652.0,844.0,,,,
37034,20:21.000,20:21.018,3,443.0,682.0,613.0,901.0,1032.0,718.0,1172.0,933.0,1509.0,642.0,1658.0,838.0,,,,
37049,20:21.500,20:21.518,3,497.0,696.0,665.0,918.0,1556.0,654.0,1707.0,853.0,1077.0,738.0,1217.0,946.0,,,,
37064,20:22.000,20:22.018,3,356.0,729.0,538.0,963.0,967.0,737.0,1109.0,948.0,1435.0,629.0,1582.0,827.0,,,,
37079,20:22.500,20:22.518,3,697.0,814.0,855.0,1044.0,-19.0,902.0,196.0,1157.0,1162.0,662.0,1307.0,850.0,,,,
37094,20:23.000,20:23.010,3,-10.0,816.0,208.0,1074.0,701.0,746.0,859.0,969.0,1170.0,600.0,1315.0,791.0,,,,
37109,20:23.500,20:23.510,3,361.0,833.0,543.0,1057.0,968.0,771.0,1113.0,992.0,1427.0,626.0,1575.0,822.0,,,,
37124,20:24.000,20:24.010,3,452.0,848.0,629.0,1070.0,1036.0,775.0,1181.0,988.0,1491.0,612.0,1644.0,810.0,,,,
37139,20:24.500,20:24.510,3,578.0,861.0,748.0,1082.0,1123.0,760.0,1274.0,973.0,1579.0,566.0,1742.0,770.0,,,,
37154,20:25.000,20:25.010,3,501.0,865.0,678.0,1084.0,1059.0,759.0,1210.0,970.0,1509.0,557.0,1671.0,760.0,,,,
37169,20:25.500,20:25.512,3,470.0,837.0,649.0,1054.0,1040.0,736.0,1193.0,950.0,1490.0,546.0,1648.0,746.0,,,,
37184,20:26.000,20:26.012,3,426.0,931.0,606.0,1151.0,1011.0,835.0,1161.0,1052.0,1454.0,646.0,1611.0,838.0,,,,
37199,20:26.500,20:26.512,3,434.0,934.0,614.0,1157.0,1026.0,850.0,1170.0,1065.0,1464.0,673.0,1619.0,866.0,,,,
37214,20:27.000,20:27.012,3,443.0,893.0,620.0,1118.0,1028.0,817.0,1173.0,1032.0,1473.0,633.0,1629.0,830.0,,,,
37229,20:27.500,20:27.512,3,435.0,917.0,614.0,1144.0,1025.0,824.0,1170.0,1035.0,1464.0,654.0,1618.0,841.0,,,,
37244,20:28.000,20:28.012,3,366.0,953.0,551.0,1183.0,969.0,853.0,1115.0,1069.0,1395.0,680.0,1552.0,868.0,,,,
37259,20:28.500,20:28.512,3,276.0,922.0,474.0,1151.0,898.0,803.0,1049.0,1021.0,1328.0,628.0,1482.0,821.0,,,,
37274,20:29.000,20:29.012,3,264.0,894.0,468.0,1128.0,890.0,780.0,1040.0,999.0,1320.0,616.0,1476.0,803.0,,,,
37289,20:29.500,20:29.513,3,324.0,947.0,520.0,1176.0,941.0,835.0,1090.0,1054.0,1371.0,673.0,1527.0,859.0,,,,
37304,20:30.000,20:30.013,3,307.0,958.0,502.0,1199.0,924.0,842.0,1073.0,1060.0,1352.0,676.0,1506.0,860.0,,,,
37319,20:30.500,20:30.513,3,259.0,957.0,462.0,1196.0,889.0,835.0,1040.0,1053.0,1323.0,671.0,1475.0,859.0,,,,
37334,20:31.000,20:31.013,3,257.0,968.0,457.0,1208.0,901.0,848.0,1050.0,1068.0,1330.0,689.0,1481.0,874.0,,,,
37349,20:31.500,20:31.513,3,244.0,975.0,448.0,1212.0,896.0,852.0,1046.0,1073.0,1326.0,690.0,1478.0,880.0,,,,
37364,20:32.000,20:32.013,3,217.0,1044.0,425.0,1282.0,877.0,912.0,1031.0,1137.0,1314.0,750.0,1464.0,937.0,,,,
37379,20:32.500,20:32.513,3,248.0,1002.0,449.0,1240.0,902.0,883.0,1049.0,1103.0,1331.0,719.0,1481.0,910.0,,,,
37394,20:33.000,20:33.013,3,246.0,968.0,449.0,1207.0,895.0,854.0,1044.0,1072.0,1328.0,697.0,1480.0,886.0,,,,
37409,20:33.500,20:33.513,3,229.0,966.0,433.0,1216.0,872.0,857.0,1019.0,1077.0,1301.0,692.0,1452.0,883.0,,,,
37424,20:34.000,20:34.015,3,333.0,953.0,523.0,1197.0,940.0,891.0,1086.0,1111.0,1374.0,741.0,1527.0,928.0,,,,
37439,20:34.500,20:34.515,3,449.0,955.0,623.0,1179.0,1026.0,903.0,1171.0,1120.0,1465.0,753.0,1618.0,952.0,,,,
37454,20:35.000,20:35.015,3,414.0,920.0,590.0,1145.0,1002.0,872.0,1143.0,1097.0,1431.0,706.0,1588.0,907.0,,,,
37469,20:35.500,20:35.515,3,466.0,823.0,639.0,1044.0,1050.0,777.0,1190.0,988.0,1484.0,612.0,1636.0,812.0,,,,
37484,20:36.000,20:36.015,3,1701.0,501.0,1869.0,715.0,671.0,666.0,828.0,877.0,1237.0,647.0,1375.0,865.0,,,,
37499,20:36.500,20:36.515,3,1701.0,533.0,1865.0,748.0,679.0,675.0,836.0,886.0,1230.0,669.0,1370.0,884.0,,,,
37514,20:37.000,20:37.015,3,1683.0,631.0,1848.0,840.0,697.0,768.0,851.0,974.0,1218.0,763.0,1358.0,970.0,,,,
37529,20:37.500,20:37.515,3,652.0,774.0,808.0,985.0,1638.0,674.0,1797.0,886.0,1173.0,789.0,1313.0,1003.0,,,,
37544,20:38.000,20:38.017,3,648.0,757.0,805.0,962.0,1642.0,655.0,1799.0,861.0,1174.0,766.0,1314.0,975.0,,,,
37559,20:38.500,20:38.517,3,612.0,776.0,773.0,989.0,1631.0,670.0,1792.0,880.0,1169.0,780.0,1310.0,992.0,,,,
37574,20:39.000,20:39.017,3,586.0,801.0,750.0,1016.0,1607.0,705.0,1765.0,911.0,1147.0,807.0,1288.0,1019.0,,,,
37589,20:39.500,20:39.517,3,568.0,786.0,732.0,1000.0,1593.0,689.0,1750.0,897.0,1136.0,794.0,1276.0,1008.0,,,,
37604,20:40.000,20:40.017,3,566.0,763.0,729.0,978.0,1591.0,670.0,1748.0,875.0,1125.0,771.0,1264.0,984.0,,,,
37619,20:40.500,20:40.517,3,574.0,745.0,737.0,959.0,1600.0,651.0,1759.0,850.0,1122.0,760.0,1263.0,971.0,,,,
37634,20:41.000,20:41.017,3,579.0,756.0,741.0,966.0,1607.0,664.0,1763.0,868.0,1126.0,763.0,1266.0,981.0,,,,
37649,20:41.500,20:41.517,3,575.0,759.0,739.0,970.0,1612.0,665.0,1767.0,873.0,1132.0,768.0,1272.0,984.0,,,,
37664,20:42.000,20:42.017,3,1722.0,703.0,1889.0,911.0,685.0,797.0,842.0,1010.0,1232.0,812.0,1374.0,1028.0,,,,
37679,20:42.500,20:42.518,3,1769.0,542.0,1941.0,765.0,715.0,650.0,873.0,858.0,1268.0,661.0,1409.0,879.0,,,,
37694,20:43.000,20:43.010,3,431.0,697.0,608.0,919.0,1031.0,708.0,1175.0,923.0,1503.0,605.0,1654.0,807.0,,,,
37709,20:43.500,20:43.510,3,388.0,713.0,571.0,946.0,998.0,731.0,1141.0,947.0,1462.0,632.0,1612.0,833.0,,,,
37724,20:44.000,20:44.010,3,409.0,726.0,590.0,955.0,1473.0,649.0,1623.0,846.0,1010.0,748.0,1152.0,962.0,,,,
37739,20:44.500,20:44.510,3,349.0,746.0,536.0,977.0,966.0,771.0,1107.0,987.0,1427.0,667.0,1575.0,869.0,,,,
37754,20:45.000,20:45.010,3,336.0,727.0,522.0,962.0,1417.0,658.0,1565.0,854.0,967.0,760.0,1110.0,964.0,,,,
37769,20:45.500,20:45.510,3,196.0,720.0,398.0,962.0,867.0,749.0,1014.0,961.0,1317.0,640.0,1462.0,836.0,,,,
37784,20:46.000,20:46.010,4,126.0,717.0,335.0,966.0,1543.0,822.0,1621.0,933.0,818.0,741.0,967.0,958.0,1270.0,637.0,1415.0,832.0
37799,20:46.500,20:46.510,3,711.0,762.0,862.0,981.0,-23.0,743.0,194.0,999.0,1172.0,661.0,1316.0,851.0,,,,
37814,20:47.000,20:47.012,3,657.0,768.0,810.0,995.0,1134.0,674.0,1278.0,865.0,-94.0,755.0,133.0,1018.0,,,,
37829,20:47.500,20:47.512,3,680.0,719.0,834.0,941.0,-59.0,705.0,159.0,961.0,1153.0,638.0,1296.0,830.0,,,,
37844,20:48.000,20:48.012,3,701.0,726.0,853.0,936.0,-49.0,715.0,175.0,978.0,1166.0,665.0,1308.0,855.0,,,,
37859,20:48.500,20:48.512,3,687.0,769.0,839.0,984.0,-42.0,751.0,179.0,1011.0,1165.0,709.0,1309.0,905.0,,,,
37874,20:49.000,20:49.012,3,671.0,768.0,825.0,993.0,-51.0,734.0,174.0,993.0,1164.0,699.0,1307.0,895.0,,,,
37889,20:49.500,20:49.512,3,161.0,746.0,368.0,991.0,820.0,780.0,964.0,1001.0,1297.0,694.0,1443.0,890.0,,,,
37904,20:50.000,20:50.012,3,204.0,653.0,404.0,902.0,853.0,705.0,1000.0,922.0,1332.0,620.0,1476.0,816.0,,,,
37919,20:50.500,20:50.512,3,687.0,710.0,841.0,936.0,-38.0,655.0,181.0,925.0,1176.0,633.0,1319.0,829.0,,,,
37934,20:51.000,20:51.013,3,700.0,653.0,851.0,881.0,-29.0,584.0,190.0,857.0,1182.0,579.0,1327.0,779.0,,,,
37949,20:51.500,20:51.513,3,2013.0,652.0,2212.0,879.0,1467.0,718.0,1617.0,936.0,931.0,655.0,1074.0,863.0,,,,
37964,20:52.000,20:52.013,4,1900.0,670.0,2085.0,882.0,2187.0,891.0,2295.0,1021.0,1381.0,722.0,1526.0,934.0,841.0,646.0,989.0,851.0
37979,20:52.500,20:52.513,4,1850.0,801.0,1937.0,918.0,545.0,564.0,712.0,795.0,1603.0,591.0,1760.0,795.0,1124.0,647.0,1266.0,863.0
37994,20:53.000,20:53.013,3,-12.0,512.0,207.0,785.0,719.0,616.0,868.0,836.0,1222.0,551.0,1365.0,750.0,,,,
38009,20:53.500,20:53.513,3,0.0,484.0,227.0,753.0,724.0,596.0,874.0,815.0,1273.0,551.0,1413.0,745.0,,,,
38024,20:54.000,20:54.013,3,696.0,595.0,848.0,820.0,-19.0,488.0,198.0,760.0,1221.0,540.0,1362.0,740.0,,,,
38039,20:54.500,20:54.513,3,702.0,593.0,853.0,814.0,-19.0,492.0,199.0,762.0,1210.0,539.0,1353.0,739.0,,,,
38054,20:55.000,20:55.013,3,690.0,591.0,842.0,810.0,-39.0,487.0,184.0,764.0,1195.0,537.0,1336.0,735.0,,,,
38069,20:55.500,20:55.515,3,688.0,651.0,839.0,870.0,-42.0,559.0,180.0,826.0,1175.0,615.0,1317.0,805.0,,,,
38084,20:56.000,20:56.015,3,87.0,618.0,304.0,876.0,787.0,701.0,935.0,914.0,1245.0,678.0,1388.0,862.0,,,,
38099,20:56.500,20:56.515,3,117.0,625.0,327.0,883.0,809.0,709.0,957.0,920.0,1231.0,695.0,1382.0,885.0,,,,
38114,20:57.000,20:57.015,3,218.0,661.0,416.0,910.0,872.0,736.0,1017.0,952.0,1321.0,720.0,1470.0,908.0,,,,
38129,20:57.500,20:57.515,3,310.0,661.0,494.0,901.0,937.0,740.0,1080.0,951.0,1404.0,733.0,1553.0,913.0,,,,
38144,20:58.000,20:58.015,4,253.0,664.0,444.0,911.0,1603.0,852.0,1681.0,963.0,898.0,736.0,1040.0,945.0,1364.0,722.0,1511.0,904.0
38159,20:58.500,20:58.515,3,213.0,688.0,410.0,925.0,864.0,738.0,1010.0,947.0,1332.0,720.0,1479.0,899.0,,,,
38174,20:59.000,20:59.015,3,139.0,665.0,343.0,915.0,804.0,726.0,952.0,936.0,1271.0,697.0,1418.0,878.0,,,,
38189,20:59.500,20:59.517,3,145.0,700.0,350.0,945.0,816.0,751.0,961.0,972.0,1276.0,722.0,1426.0,904.0,,,,
38204,21:00.000,21:00.017,3,123.0,717.0,328.0,969.0,797.0,773.0,943.0,986.0,1261.0,750.0,1409.0,921.0,,,,
38219,21:00.500,21:00.517,3,46.0,675.0,266.0,928.0,748.0,728.0,898.0,940.0,1209.0,689.0,1354.0,870.0,,,,
38234,21:01.000,21:01.017,3,82.0,643.0,297.0,894.0,774.0,702.0,920.0,914.0,1212.0,643.0,1358.0,838.0,,,,
38249,21:01.500,21:01.517,3,108.0,583.0,319.0,839.0,790.0,649.0,939.0,873.0,1223.0,580.0,1371.0,792.0,,,,
38264,21:02.000,21:02.017,3,184.0,616.0,387.0,866.0,836.0,687.0,981.0,901.0,1277.0,632.0,1423.0,829.0,,,,
38279,21:02.500,21:02.517,4,509.0,642.0,678.0,868.0,1811.0,847.0,1896.0,958.0,1587.0,646.0,1741.0,846.0,1078.0,710.0,1220.0,916.0
38294,21:03.000,21:03.017,4,1744.0,687.0,1913.0,897.0,1991.0,894.0,2085.0,1018.0,687.0,684.0,845.0,898.0,1225.0,749.0,1368.0,961.0
38309,21:03.500,21:03.517,3,2037.0,787.0,2241.0,1022.0,1480.0,881.0,1628.0,1099.0,953.0,845.0,1098.0,1047.0,,,,
38324,21:04.000,21:04.010,3,2040.0,978.0,2252.0,1216.0,1484.0,1070.0,1638.0,1300.0,940.0,1029.0,1090.0,1248.0,,,,
38339,21:04.500,21:04.510,4,1752.0,1050.0,1938.0,1280.0,2074.0,1233.0,2180.0,1378.0,684.0,1154.0,848.0,1380.0,1261.0,1161.0,1410.0,1398.0
38354,21:05.000,21:05.010,4,1658.0,1075.0,1834.0,1304.0,581.0,1195.0,750.0,1431.0,1175.0,1194.0,1322.0,1429.0,1971.0,1252.0,2070.0,1392.0
38369,21:05.500,21:05.510,1,1671.0,1310.0,1853.0,1504.0,,,,,,,,,,,,
38384,21:06.000,21:06.010,0,,,,,,,,,,,,,,,,
38399,21:06.500,21:06.510,0,,,,,,,,,,,,,,,,
38414,21:07.000,21:07.010,0,,,,,,,,,,,,,,,,
38429,21:07.500,21:07.510,0,,,,,,,,,,,,,,,,
38444,21:08.000,21:08.012,3,472.0,913.0,641.0,1145.0,1558.0,937.0,1717.0,1149.0,1078.0,1002.0,1220.0,1221.0,,,,
38459,21:08.500,21:08.512,3,419.0,709.0,593.0,944.0,1496.0,749.0,1649.0,947.0,1027.0,803.0,1168.0,1015.0,,,,
38474,21:09.000,21:09.012,3,1485.0,864.0,1637.0,1066.0,384.0,869.0,566.0,1107.0,1009.0,912.0,1151.0,1122.0,,,,
38489,21:09.500,21:09.512,3,429.0,958.0,613.0,1206.0,1516.0,1019.0,1672.0,1232.0,1029.0,1057.0,1177.0,1272.0,,,,
38504,21:10.000,21:10.012,3,444.0,636.0,622.0,872.0,1487.0,727.0,1639.0,933.0,1015.0,763.0,1158.0,965.0,,,,
38519,21:10.500,21:10.512,3,424.0,600.0,602.0,843.0,992.0,723.0,1139.0,930.0,1467.0,698.0,1615.0,896.0,,,,
38534,21:11.000,21:11.012,3,386.0,606.0,567.0,846.0,982.0,722.0,1129.0,926.0,1455.0,691.0,1605.0,890.0,,,,
38549,21:11.500,21:11.512,3,384.0,607.0,565.0,847.0,978.0,724.0,1124.0,936.0,1449.0,695.0,1598.0,895.0,,,,
38564,21:12.000,21:12.012,3,343.0,608.0,528.0,852.0,956.0,736.0,1103.0,944.0,1425.0,702.0,1573.0,911.0,,,,
38579,21:12.500,21:12.513,3,210.0,594.0,410.0,849.0,1331.0,685.0,1475.0,895.0,858.0,718.0,1005.0,929.0,,,,
38594,21:13.000,21:13.013,3,208.0,649.0,406.0,899.0,1331.0,702.0,1475.0,906.0,845.0,751.0,991.0,960.0,,,,
38609,21:13.500,21:13.513,3,548.0,646.0,713.0,873.0,1594.0,683.0,1752.0,895.0,1108.0,729.0,1250.0,938.0,,,,
38624,21:14.000,21:14.013,3,344.0,688.0,526.0,923.0,946.0,781.0,1088.0,993.0,1420.0,736.0,1567.0,943.0,,,,
38639,21:14.500,21:14.513,3,153.0,696.0,358.0,948.0,811.0,790.0,960.0,1006.0,1292.0,740.0,1437.0,940.0,,,,
38654,21:15.000,21:15.013,3,343.0,758.0,525.0,995.0,956.0,833.0,1098.0,1045.0,1428.0,771.0,1576.0,969.0,,,,
38669,21:15.500,21:15.513,3,330.0,816.0,514.0,1049.0,950.0,858.0,1092.0,1074.0,1417.0,767.0,1564.0,969.0,,,,
38684,21:16.000,21:16.013,3,317.0,872.0,503.0,1110.0,939.0,901.0,1082.0,1120.0,1406.0,815.0,1555.0,1017.0,,,,
38699,21:16.500,21:16.515,3,374.0,865.0,552.0,1106.0,979.0,912.0,1122.0,1129.0,1447.0,828.0,1598.0,1032.0,,,,
38714,21:17.000,21:17.015,3,408.0,856.0,584.0,1090.0,1001.0,902.0,1143.0,1122.0,1470.0,819.0,1621.0,1024.0,,,,
38729,21:17.500,21:17.515,3,449.0,852.0,622.0,1084.0,1513.0,812.0,1668.0,1017.0,1035.0,897.0,1176.0,1116.0,,,,
38744,21:18.000,21:18.015,3,524.0,844.0,690.0,1065.0,1576.0,809.0,1734.0,1014.0,1096.0,885.0,1237.0,1109.0,,,,
38759,21:18.500,21:18.515,3,616.0,826.0,777.0,1045.0,1656.0,757.0,1821.0,976.0,1170.0,856.0,1310.0,1065.0,,,,
38774,21:19.000,21:19.015,3,391.0,818.0,584.0,1038.0,1004.0,709.0,1155.0,925.0,1453.0,543.0,1614.0,740.0,,,,
38789,21:19.500,21:19.515,3,397.0,843.0,575.0,1074.0,1442.0,538.0,1604.0,733.0,1003.0,720.0,1153.0,935.0,,,,
38804,21:20.000,21:20.015,3,585.0,935.0,759.0,1155.0,1527.0,440.0,1709.0,639.0,1125.0,715.0,1286.0,919.0,,,,
38819,21:20.500,21:20.515,3,483.0,1014.0,668.0,1248.0,1041.0,784.0,1204.0,991.0,1429.0,507.0,1605.0,699.0,,,,
38834,21:21.000,21:21.017,3,430.0,972.0,616.0,1209.0,1416.0,532.0,1590.0,719.0,1017.0,772.0,1172.0,976.0,,,,
38849,21:21.500,21:21.517,3,430.0,939.0,625.0,1166.0,1457.0,541.0,1623.0,738.0,1040.0,767.0,1196.0,974.0,,,,
38864,21:22.000,21:22.017,3,495.0,921.0,674.0,1147.0,1033.0,778.0,1190.0,993.0,1467.0,558.0,1631.0,751.0,,,,
38879,21:22.500,21:22.517,3,461.0,954.0,639.0,1183.0,978.0,825.0,1142.0,1031.0,1413.0,592.0,1577.0,787.0,,,,
38894,21:23.000,21:23.017,3,423.0,955.0,610.0,1181.0,969.0,815.0,1126.0,1022.0,1402.0,576.0,1564.0,773.0,,,,
38909,21:23.500,21:23.517,3,386.0,945.0,582.0,1172.0,964.0,792.0,1117.0,1001.0,1396.0,565.0,1556.0,757.0,,,,
38924,21:24.000,21:24.017,3,229.0,961.0,438.0,1202.0,866.0,789.0,1020.0,1005.0,1296.0,580.0,1451.0,775.0,,,,
38939,21:24.500,21:24.508,3,345.0,937.0,544.0,1170.0,963.0,775.0,1115.0,985.0,1386.0,592.0,1538.0,779.0,,,,
38954,21:25.000,21:25.008,3,397.0,949.0,588.0,1183.0,1421.0,605.0,1577.0,801.0,1007.0,797.0,1154.0,1011.0,,,,
38969,21:25.500,21:25.510,3,416.0,985.0,605.0,1214.0,1020.0,829.0,1170.0,1044.0,1437.0,643.0,1591.0,837.0,,,,
38984,21:26.000,21:26.010,3,408.0,948.0,600.0,1179.0,1010.0,789.0,1159.0,1007.0,1411.0,588.0,1571.0,783.0,,,,
38999,21:26.500,21:26.510,3,429.0,902.0,619.0,1133.0,1022.0,755.0,1172.0,964.0,1409.0,549.0,1577.0,744.0,,,,
39014,21:27.000,21:27.010,3,474.0,947.0,661.0,1178.0,1046.0,803.0,1203.0,1026.0,1459.0,587.0,1623.0,780.0,,,,
39029,21:27.500,21:27.510,3,450.0,914.0,638.0,1145.0,1025.0,756.0,1182.0,967.0,1423.0,528.0,1593.0,722.0,,,,
39044,21:28.000,21:28.010,3,425.0,921.0,620.0,1149.0,1010.0,766.0,1163.0,975.0,1412.0,538.0,1581.0,732.0,,,,
39059,21:28.500,21:28.510,3,411.0,926.0,605.0,1152.0,999.0,772.0,1156.0,988.0,1407.0,557.0,1572.0,748.0,,,,
39074,21:29.000,21:29.010,3,408.0,930.0,601.0,1149.0,996.0,780.0,1152.0,997.0,1409.0,567.0,1570.0,762.0,,,,
39089,21:29.500,21:29.512,3,424.0,907.0,612.0,1136.0,1009.0,775.0,1161.0,988.0,1425.0,567.0,1586.0,763.0,,,,
39104,21:30.000,21:30.012,3,406.0,917.0,599.0,1143.0,985.0,780.0,1141.0,996.0,1411.0,562.0,1572.0,754.0,,,,
39119,21:30.500,21:30.512,3,432.0,926.0,625.0,1150.0,1000.0,784.0,1159.0,1000.0,1428.0,554.0,1592.0,744.0,,,,
39134,21:31.000,21:31.012,3,405.0,919.0,604.0,1143.0,976.0,764.0,1141.0,974.0,1397.0,512.0,1561.0,710.0,,,,
39149,21:31.500,21:31.512,3,416.0,910.0,612.0,1136.0,983.0,764.0,1147.0,975.0,1406.0,510.0,1570.0,708.0,,,,
39164,21:32.000,21:32.012,3,422.0,948.0,632.0,1162.0,975.0,718.0,1146.0,923.0,1350.0,423.0,1529.0,609.0,,,,
39179,21:32.500,21:32.512,3,388.0,1001.0,606.0,1214.0,946.0,735.0,1120.0,942.0,1302.0,433.0,1480.0,612.0,,,,
39194,21:33.000,21:33.012,3,425.0,964.0,635.0,1176.0,978.0,724.0,1147.0,924.0,1346.0,422.0,1525.0,606.0,,,,
39209,21:33.500,21:33.512,3,418.0,952.0,625.0,1168.0,977.0,719.0,1147.0,925.0,1349.0,428.0,1526.0,613.0,,,,
39224,21:34.000,21:34.013,3,404.0,1034.0,620.0,1252.0,968.0,786.0,1136.0,993.0,1326.0,477.0,1503.0,665.0,,,,
39239,21:34.500,21:34.513,3,291.0,1046.0,518.0,1273.0,889.0,794.0,1059.0,998.0,1248.0,502.0,1424.0,684.0,,,,
39254,21:35.000,21:35.013,3,275.0,1056.0,501.0,1287.0,876.0,805.0,1044.0,1017.0,1239.0,523.0,1412.0,703.0,,,,
39269,21:35.500,21:35.513,3,283.0,953.0,501.0,1188.0,899.0,765.0,1058.0,972.0,1287.0,504.0,1454.0,695.0,,,,
39284,21:36.000,21:36.013,3,241.0,846.0,445.0,1085.0,888.0,752.0,1040.0,970.0,1319.0,562.0,1472.0,766.0,,,,
39299,21:36.500,21:36.513,3,1577.0,467.0,1751.0,676.0,600.0,823.0,776.0,1036.0,1158.0,697.0,1306.0,909.0,,,,
39314,21:37.000,21:37.013,3,426.0,813.0,625.0,1035.0,1414.0,415.0,1584.0,621.0,1011.0,660.0,1161.0,869.0,,,,
39329,21:37.500,21:37.513,3,453.0,813.0,646.0,1030.0,1028.0,680.0,1184.0,895.0,1451.0,463.0,1617.0,661.0,,,,
39344,21:38.000,21:38.015,3,448.0,812.0,639.0,1030.0,1023.0,694.0,1177.0,903.0,1451.0,474.0,1618.0,672.0,,,,
39359,21:38.500,21:38.515,3,447.0,810.0,635.0,1028.0,1021.0,695.0,1176.0,905.0,1449.0,478.0,1614.0,679.0,,,,
39374,21:39.000,21:39.015,3,449.0,824.0,638.0,1047.0,1028.0,706.0,1179.0,918.0,1455.0,492.0,1620.0,693.0,,,,
39389,21:39.500,21:39.515,3,1768.0,567.0,1953.0,784.0,1320.0,781.0,1471.0,994.0,773.0,886.0,934.0,1099.0,,,,
39404,21:40.000,21:40.015,3,1661.0,614.0,1837.0,828.0,669.0,910.0,834.0,1131.0,1229.0,816.0,1376.0,1027.0,,,,
39419,21:40.500,21:40.515,3,490.0,854.0,671.0,1078.0,1508.0,562.0,1673.0,768.0,1083.0,757.0,1231.0,964.0,,,,
39434,21:41.000,21:41.015,3,419.0,863.0,607.0,1088.0,1450.0,560.0,1613.0,760.0,1030.0,745.0,1179.0,961.0,,,,
39449,21:41.500,21:41.515,3,572.0,892.0,756.0,1113.0,1548.0,486.0,1723.0,689.0,1145.0,727.0,1295.0,936.0,,,,
39464,21:42.000,21:42.015,3,1604.0,364.0,1800.0,567.0,703.0,924.0,893.0,1131.0,1223.0,672.0,1395.0,882.0,,,,
39479,21:42.500,21:42.517,3,529.0,1101.0,733.0,1312.0,1057.0,840.0,1228.0,1037.0,1427.0,526.0,1605.0,711.0,,,,
39494,21:43.000,21:43.017,3,436.0,1028.0,645.0,1253.0,983.0,791.0,1157.0,991.0,1365.0,496.0,1544.0,682.0,,,,
39509,21:43.500,21:43.517,3,514.0,936.0,718.0,1146.0,1050.0,703.0,1222.0,903.0,1436.0,400.0,1615.0,596.0,,,,
39524,21:44.000,21:44.017,3,1533.0,402.0,1716.0,600.0,598.0,887.0,784.0,1100.0,1099.0,695.0,1265.0,903.0,,,,
39539,21:44.500,21:44.508,3,373.0,844.0,573.0,1079.0,932.0,703.0,1093.0,910.0,1368.0,455.0,1536.0,648.0,,,,
39554,21:45.000,21:45.008,3,229.0,795.0,425.0,1027.0,837.0,725.0,994.0,948.0,1301.0,540.0,1456.0,746.0,,,,
39569,21:45.500,21:45.508,3,157.0,813.0,359.0,1041.0,799.0,757.0,958.0,981.0,1264.0,604.0,1416.0,808.0,,,,
39584,21:46.000,21:46.008,3,153.0,801.0,357.0,1032.0,805.0,740.0,959.0,960.0,1261.0,581.0,1414.0,782.0,,,,
39599,21:46.500,21:46.508,3,567.0,825.0,733.0,1038.0,1118.0,781.0,1264.0,998.0,1577.0,631.0,1738.0,834.0,,,,
39614,21:47.000,21:47.010,3,546.0,788.0,716.0,1008.0,1565.0,585.0,1729.0,799.0,1110.0,745.0,1256.0,961.0,,,,
39629,21:47.500,21:47.510,3,499.0,803.0,672.0,1025.0,1528.0,591.0,1690.0,804.0,1079.0,758.0,1224.0,968.0,,,,
39644,21:48.000,21:48.010,3,473.0,804.0,651.0,1028.0,1505.0,598.0,1666.0,807.0,1057.0,760.0,1199.0,973.0,,,,
39659,21:48.500,21:48.510,3,467.0,807.0,649.0,1025.0,1490.0,540.0,1651.0,746.0,1048.0,726.0,1196.0,936.0,,,,
39674,21:49.000,21:49.010,3,497.0,807.0,688.0,1025.0,1059.0,651.0,1216.0,866.0,1474.0,411.0,1651.0,617.0,,,,
39689,21:49.500,21:49.510,3,463.0,822.0,651.0,1041.0,1048.0,705.0,1200.0,916.0,1469.0,493.0,1635.0,699.0,,,,
39704,21:50.000,21:50.010,3,474.0,808.0,664.0,1026.0,1474.0,458.0,1644.0,660.0,1055.0,677.0,1205.0,890.0,,,,
39719,21:50.500,21:50.510,3,435.0,831.0,628.0,1055.0,1431.0,467.0,1602.0,674.0,1016.0,696.0,1173.0,906.0,,,,
39734,21:51.000,21:51.012,3,435.0,835.0,635.0,1060.0,1009.0,674.0,1171.0,893.0,1416.0,435.0,1587.0,637.0,,,,
39749,21:51.500,21:51.512,3,478.0,961.0,679.0,1179.0,1025.0,734.0,1192.0,950.0,1398.0,451.0,1576.0,643.0,,,,
39764,21:52.000,21:52.012,3,420.0,960.0,624.0,1184.0,983.0,760.0,1152.0,965.0,1369.0,489.0,1544.0,683.0,,,,
39779,21:52.500,21:52.512,3,289.0,1035.0,507.0,1269.0,908.0,846.0,1068.0,1061.0,1297.0,599.0,1469.0,792.0,,,,
39794,21:53.000,21:53.012,3,200.0,1060.0,426.0,1300.0,845.0,874.0,1007.0,1087.0,1243.0,627.0,1412.0,816.0,,,,
39809,21:53.500,21:53.512,3,221.0,1003.0,444.0,1240.0,853.0,826.0,1019.0,1033.0,1251.0,588.0,1416.0,769.0,,,,
39824,21:54.000,21:54.012,3,824.0,793.0,991.0,1016.0,181.0,988.0,414.0,1233.0,1220.0,565.0,1387.0,742.0,,,,
39839,21:54.500,21:54.512,3,176.0,972.0,403.0,1215.0,823.0,790.0,989.0,1004.0,1226.0,547.0,1393.0,727.0,,,,
39854,21:55.000,21:55.012,3,185.0,987.0,407.0,1235.0,823.0,802.0,989.0,1019.0,1220.0,565.0,1388.0,743.0,,,,
39869,21:55.500,21:55.513,3,282.0,1044.0,494.0,1273.0,903.0,848.0,1062.0,1061.0,1288.0,596.0,1463.0,781.0,,,,
39884,21:56.000,21:56.013,3,219.0,1051.0,438.0,1292.0,852.0,850.0,1018.0,1068.0,1238.0,608.0,1414.0,786.0,,,,
39899,21:56.500,21:56.513,3,452.0,1020.0,646.0,1257.0,1038.0,866.0,1196.0,1082.0,1440.0,649.0,1614.0,831.0,,,,
39914,21:57.000,21:57.013,3,411.0,1044.0,607.0,1273.0,1013.0,889.0,1167.0,1105.0,1416.0,676.0,1590.0,859.0,,,,
39929,21:57.500,21:57.513,3,369.0,1003.0,561.0,1236.0,975.0,847.0,1132.0,1063.0,1379.0,620.0,1553.0,816.0,,,,
39944,21:58.000,21:58.013,3,373.0,997.0,569.0,1229.0,980.0,844.0,1136.0,1057.0,1388.0,618.0,1559.0,813.0,,,,
39959,21:58.500,21:58.513,3,357.0,952.0,548.0,1188.0,971.0,822.0,1123.0,1033.0,1385.0,610.0,1552.0,802.0,,,,
39974,21:59.000,21:59.013,3,363.0,943.0,554.0,1176.0,980.0,824.0,1133.0,1037.0,1397.0,625.0,1564.0,816.0,,,,
39989,21:59.500,21:59.515,3,356.0,875.0,548.0,1104.0,975.0,768.0,1128.0,987.0,1404.0,582.0,1565.0,779.0,,,,
40004,22:00.000,22:00.015,3,366.0,869.0,554.0,1094.0,986.0,767.0,1133.0,984.0,1411.0,579.0,1578.0,782.0,,,,
40019,22:00.500,22:00.515,3,363.0,865.0,550.0,1091.0,984.0,768.0,1132.0,986.0,1411.0,583.0,1574.0,784.0,,,,
40034,22:01.000,22:01.015,3,377.0,871.0,565.0,1093.0,995.0,767.0,1141.0,986.0,1420.0,584.0,1588.0,786.0,,,,
40049,22:01.500,22:01.515,3,311.0,909.0,500.0,1143.0,947.0,821.0,1099.0,1041.0,1378.0,664.0,1537.0,852.0,,,,
40064,22:02.000,22:02.015,3,311.0,1131.0,505.0,1380.0,960.0,1017.0,1110.0,1241.0,1386.0,837.0,1551.0,1031.0,,,,
40079,22:02.500,22:02.515,3,330.0,1122.0,524.0,1366.0,974.0,1010.0,1127.0,1233.0,1402.0,823.0,1565.0,1021.0,,,,
40094,22:03.000,22:03.015,3,355.0,1113.0,547.0,1352.0,994.0,1000.0,1142.0,1224.0,1418.0,817.0,1588.0,1019.0,,,,
40109,22:03.500,22:03.515,3,380.0,1054.0,569.0,1291.0,1440.0,786.0,1603.0,985.0,1010.0,958.0,1159.0,1184.0,,,,
40124,22:04.000,22:04.017,3,394.0,1072.0,583.0,1307.0,1024.0,962.0,1170.0,1189.0,1448.0,790.0,1614.0,984.0,,,,
40139,22:04.500,22:04.508,3,405.0,1044.0,591.0,1278.0,1027.0,940.0,1177.0,1163.0,1452.0,768.0,1621.0,964.0,,,,
40155,22:05.000,22:05.008,3,427.0,1029.0,608.0,1265.0,1038.0,936.0,1186.0,1160.0,1468.0,758.0,1637.0,959.0,,,,
40170,22:05.500,22:05.508,3,426.0,951.0,605.0,1181.0,1031.0,853.0,1180.0,1080.0,1461.0,688.0,1625.0,882.0,,,,
40185,22:06.000,22:06.008,3,526.0,764.0,696.0,980.0,1544.0,525.0,1714.0,728.0,1103.0,695.0,1249.0,910.0,,,,
40200,22:06.500,22:06.508,3,499.0,768.0,674.0,989.0,1530.0,543.0,1695.0,755.0,1087.0,709.0,1232.0,919.0,,,,
40215,22:07.000,22:07.008,3,362.0,788.0,574.0,1024.0,1030.0,714.0,1174.0,928.0,1472.0,560.0,1631.0,764.0,,,,
40230,22:07.500,22:07.508,3,289.0,815.0,518.0,1042.0,984.0,727.0,1132.0,943.0,1429.0,573.0,1587.0,782.0,,,,
40245,22:08.000,22:08.010,3,1448.0,592.0,1609.0,797.0,1009.0,737.0,1154.0,957.0,324.0,818.0,542.0,1049.0,,,,
40260,22:08.500,22:08.510,3,449.0,816.0,621.0,1033.0,1034.0,782.0,1176.0,998.0,1473.0,639.0,1633.0,837.0,,,,
40275,22:09.000,22:09.010,3,537.0,780.0,699.0,998.0,1523.0,606.0,1686.0,814.0,1082.0,759.0,1225.0,972.0,,,,
40290,22:09.500,22:09.510,3,566.0,811.0,729.0,1023.0,1584.0,650.0,1746.0,851.0,1134.0,784.0,1277.0,1003.0,,,,
40305,22:10.000,22:10.010,3,541.0,809.0,707.0,1024.0,1567.0,626.0,1734.0,833.0,1124.0,771.0,1265.0,990.0,,,,
40320,22:10.500,22:10.510,3,561.0,795.0,725.0,1013.0,1591.0,575.0,1749.0,787.0,1138.0,754.0,1281.0,968.0,,,,
40335,22:11.000,22:11.010,3,303.0,829.0,491.0,1068.0,935.0,787.0,1081.0,1012.0,1389.0,641.0,1540.0,836.0,,,,
40350,22:11.500,22:11.510,3,307.0,898.0,494.0,1136.0,936.0,841.0,1083.0,1066.0,1364.0,696.0,1521.0,889.0,,,,
40365,22:12.000,22:12.010,3,526.0,945.0,698.0,1168.0,1507.0,682.0,1681.0,875.0,1103.0,835.0,1252.0,1053.0,,,,
40380,22:12.500,22:12.512,3,606.0,879.0,777.0,1092.0,1151.0,724.0,1305.0,940.0,1544.0,526.0,1734.0,717.0,,,,
40395,22:13.000,22:13.012,3,620.0,891.0,786.0,1110.0,1568.0,574.0,1745.0,768.0,1162.0,767.0,1315.0,978.0,,,,
40410,22:13.500,22:13.512,3,634.0,874.0,799.0,1090.0,1598.0,505.0,1766.0,713.0,1170.0,743.0,1323.0,954.0,,,,
40425,22:14.000,22:14.012,3,1621.0,485.0,1796.0,704.0,677.0,899.0,843.0,1113.0,1204.0,752.0,1357.0,959.0,,,,
40440,22:14.500,22:14.512,3,643.0,897.0,810.0,1113.0,1599.0,513.0,1772.0,723.0,1178.0,764.0,1331.0,973.0,,,,
40455,22:15.000,22:15.012,3,523.0,891.0,696.0,1112.0,1088.0,778.0,1238.0,994.0,1521.0,565.0,1682.0,772.0,,,,
40470,22:15.500,22:15.512,3,277.0,1011.0,474.0,1252.0,918.0,899.0,1071.0,1125.0,1354.0,710.0,1505.0,908.0,,,,
40485,22:16.000,22:16.012,3,382.0,916.0,565.0,1143.0,993.0,822.0,1139.0,1037.0,1433.0,633.0,1588.0,837.0,,,,
40500,22:16.500,22:16.513,3,475.0,888.0,647.0,1112.0,1516.0,653.0,1674.0,858.0,1068.0,821.0,1214.0,1037.0,,,,
40515,22:17.000,22:17.013,3,471.0,875.0,645.0,1101.0,1507.0,650.0,1667.0,856.0,1063.0,804.0,1210.0,1021.0,,,,
40530,22:17.500,22:17.513,3,453.0,877.0,628.0,1101.0,1489.0,655.0,1646.0,859.0,1046.0,808.0,1192.0,1026.0,,,,
40545,22:18.000,22:18.013,2,587.0,870.0,748.0,1102.0,1069.0,766.0,1217.0,965.0,,,,,,,,
40560,22:18.500,22:18.513,2,571.0,841.0,732.0,1074.0,1054.0,731.0,1201.0,934.0,,,,,,,,
40575,22:19.000,22:19.013,3,644.0,813.0,801.0,1040.0,1122.0,703.0,1269.0,904.0,-85.0,831.0,132.0,1093.0,,,,
40590,22:19.500,22:19.513,3,649.0,828.0,808.0,1058.0,-74.0,846.0,142.0,1108.0,1132.0,719.0,1278.0,920.0,,,,
40605,22:20.000,22:20.013,3,684.0,792.0,841.0,1027.0,-25.0,810.0,191.0,1063.0,1164.0,685.0,1310.0,885.0,,,,
40620,22:20.500,22:20.513,3,688.0,772.0,842.0,1004.0,-24.0,773.0,191.0,1032.0,1171.0,666.0,1317.0,865.0,,,,
40635,22:21.000,22:21.015,3,664.0,822.0,818.0,1052.0,-64.0,825.0,154.0,1085.0,1144.0,714.0,1289.0,910.0,,,,
40650,22:21.500,22:21.515,3,687.0,754.0,841.0,976.0,-39.0,754.0,177.0,1014.0,1159.0,654.0,1305.0,850.0,,,,
40665,22:22.000,22:22.015,3,-18.0,722.0,197.0,980.0,700.0,736.0,853.0,956.0,1171.0,630.0,1317.0,830.0,,,,
40680,22:22.500,22:22.515,3,-16.0,730.0,201.0,987.0,699.0,737.0,853.0,958.0,1172.0,632.0,1320.0,833.0,,,,
40695,22:23.000,22:23.015,3,6.0,738.0,228.0,991.0,717.0,750.0,870.0,970.0,1189.0,643.0,1335.0,842.0,,,,
40710,22:23.500,22:23.515,3,-6.0,747.0,217.0,1006.0,719.0,752.0,873.0,976.0,1192.0,646.0,1339.0,846.0,,,,
40725,22:24.000,22:24.015,3,10.0,766.0,232.0,1022.0,729.0,769.0,881.0,993.0,1201.0,663.0,1348.0,863.0,,,,
40740,22:24.500,22:24.507,3,17.0,752.0,240.0,1007.0,728.0,761.0,880.0,987.0,1203.0,659.0,1347.0,850.0,,,,
40755,22:25.000,22:25.008,3,62.0,760.0,278.0,1011.0,748.0,776.0,898.0,997.0,1223.0,674.0,1368.0,869.0,,,,
40770,22:25.500,22:25.508,3,42.0,748.0,264.0,1002.0,740.0,767.0,893.0,991.0,1215.0,668.0,1360.0,865.0,,,,
40785,22:26.000,22:26.008,3,107.0,722.0,314.0,972.0,780.0,752.0,930.0,968.0,1250.0,653.0,1398.0,851.0,,,,
40800,22:26.500,22:26.508,3,437.0,745.0,610.0,967.0,1018.0,780.0,1159.0,996.0,1484.0,693.0,1637.0,896.0,,,,
40815,22:27.000,22:27.008,3,1736.0,744.0,1904.0,960.0,1248.0,789.0,1388.0,1008.0,718.0,700.0,870.0,904.0,,,,
40830,22:27.500,22:27.508,3,560.0,560.0,724.0,787.0,1594.0,635.0,1752.0,841.0,1126.0,665.0,1267.0,872.0,,,,
40845,22:28.000,22:28.008,3,532.0,627.0,694.0,846.0,1566.0,723.0,1722.0,929.0,1104.0,750.0,1241.0,957.0,,,,
40860,22:28.500,22:28.508,3,594.0,591.0,754.0,812.0,1621.0,692.0,1780.0,904.0,1150.0,708.0,1295.0,918.0,,,,
40875,22:29.000,22:29.008,3,566.0,673.0,730.0,890.0,1594.0,751.0,1751.0,958.0,1131.0,778.0,1270.0,985.0,,,,
40890,22:29.500,22:29.510,3,1791.0,573.0,1968.0,798.0,1316.0,720.0,1458.0,932.0,762.0,754.0,914.0,954.0,,,,
40905,22:30.000,22:30.010,3,1651.0,587.0,1819.0,805.0,631.0,780.0,793.0,997.0,1202.0,739.0,1342.0,951.0,,,,
40920,22:30.500,22:30.510,3,1651.0,615.0,1818.0,829.0,629.0,809.0,793.0,1024.0,1202.0,766.0,1342.0,979.0,,,,
40935,22:31.000,22:31.010,3,1727.0,613.0,1899.0,832.0,708.0,791.0,864.0,1006.0,1266.0,760.0,1409.0,970.0,,,,
40950,22:31.500,22:31.510,3,2083.0,301.0,2317.0,546.0,1588.0,598.0,1763.0,817.0,1064.0,782.0,1222.0,985.0,,,,
40965,22:32.000,22:32.010,3,1631.0,207.0,1826.0,426.0,746.0,784.0,928.0,991.0,1233.0,538.0,1409.0,734.0,,,,
40980,22:32.500,22:32.510,3,1573.0,341.0,1759.0,547.0,667.0,848.0,852.0,1061.0,1179.0,627.0,1345.0,829.0,,,,
40995,22:33.000,22:33.010,3,475.0,840.0,660.0,1063.0,1431.0,415.0,1597.0,615.0,1030.0,653.0,1189.0,855.0,,,,
41010,22:33.500,22:33.510,3,1.0,893.0,229.0,1153.0,722.0,777.0,881.0,998.0,1162.0,627.0,1314.0,821.0,,,,
41025,22:34.000,22:34.012,3,462.0,883.0,639.0,1113.0,1053.0,792.0,1203.0,1012.0,1484.0,637.0,1643.0,836.0,,,,
41040,22:34.500,22:34.512,3,524.0,844.0,698.0,1063.0,1531.0,567.0,1695.0,780.0,1112.0,740.0,1261.0,946.0,,,,
41055,22:35.000,22:35.012,3,604.0,852.0,774.0,1070.0,1585.0,520.0,1755.0,731.0,1175.0,722.0,1323.0,930.0,,,,
41070,22:35.500,22:35.512,3,1680.0,395.0,1870.0,600.0,767.0,890.0,944.0,1091.0,1293.0,678.0,1453.0,879.0,,,,
41085,22:36.000,22:36.012,3,745.0,901.0,919.0,1110.0,1665.0,430.0,1850.0,634.0,1278.0,707.0,1435.0,900.0,,,,
41100,22:36.500,22:36.512,3,1643.0,372.0,1830.0,584.0,721.0,851.0,893.0,1063.0,1251.0,656.0,1412.0,856.0,,,,
41115,22:37.000,22:37.012,3,1616.0,350.0,1802.0,559.0,695.0,840.0,875.0,1052.0,1227.0,636.0,1388.0,835.0,,,,
41130,22:37.500,22:37.512,3,1754.0,286.0,1952.0,509.0,815.0,777.0,986.0,980.0,1339.0,581.0,1504.0,780.0,,,,
41145,22:38.000,22:38.013,3,1642.0,360.0,1824.0,570.0,710.0,829.0,884.0,1035.0,1249.0,641.0,1405.0,836.0,,,,
41160,22:38.500,22:38.513,3,436.0,1071.0,633.0,1297.0,977.0,855.0,1153.0,1064.0,1373.0,589.0,1537.0,773.0,,,,
41175,22:39.000,22:39.013,3,142.0,1055.0,364.0,1301.0,771.0,888.0,946.0,1104.0,1206.0,659.0,1365.0,845.0,,,,
41190,22:39.500,22:39.513,3,16.0,1066.0,246.0,1328.0,702.0,943.0,868.0,1170.0,1162.0,750.0,1315.0,947.0,,,,
41205,22:40.000,22:40.013,3,72.0,1020.0,296.0,1276.0,733.0,896.0,900.0,1117.0,1183.0,695.0,1342.0,902.0,,,,
41220,22:40.500,22:40.513,3,105.0,999.0,327.0,1253.0,752.0,862.0,922.0,1080.0,1196.0,649.0,1354.0,845.0,,,,
41235,22:41.000,22:41.013,3,139.0,991.0,357.0,1240.0,778.0,863.0,942.0,1079.0,1224.0,658.0,1378.0,847.0,,,,
41250,22:41.500,22:41.513,3,493.0,881.0,668.0,1105.0,1041.0,783.0,1196.0,999.0,1489.0,583.0,1656.0,790.0,,,,
41265,22:42.000,22:42.013,3,526.0,873.0,700.0,1090.0,1066.0,779.0,1222.0,992.0,1525.0,574.0,1689.0,784.0,,,,
41280,22:42.500,22:42.515,3,503.0,882.0,678.0,1106.0,1503.0,587.0,1670.0,791.0,1050.0,789.0,1206.0,1005.0,,,,
41295,22:43.000,22:43.015,3,477.0,851.0,654.0,1077.0,1500.0,562.0,1664.0,777.0,1028.0,767.0,1187.0,985.0,,,,
41310,22:43.500,22:43.515,3,459.0,854.0,636.0,1080.0,1018.0,773.0,1170.0,990.0,1489.0,582.0,1651.0,792.0,,,,
41325,22:44.000,22:44.015,3,424.0,864.0,604.0,1090.0,992.0,780.0,1147.0,997.0,1457.0,605.0,1616.0,811.0,,,,
41340,22:44.500,22:44.507,3,307.0,896.0,497.0,1129.0,901.0,816.0,1057.0,1028.0,1374.0,648.0,1529.0,846.0,,,,
41355,22:45.000,22:45.007,3,172.0,939.0,378.0,1181.0,806.0,848.0,966.0,1072.0,1274.0,688.0,1435.0,887.0,,,,
41370,22:45.500,22:45.507,3,204.0,932.0,408.0,1169.0,831.0,846.0,989.0,1069.0,1297.0,692.0,1454.0,892.0,,,,
41385,22:46.000,22:46.007,3,237.0,893.0,435.0,1128.0,855.0,814.0,1011.0,1033.0,1319.0,662.0,1477.0,862.0,,,,
41400,22:46.500,22:46.508,3,421.0,847.0,599.0,1070.0,986.0,791.0,1136.0,1011.0,1456.0,642.0,1617.0,850.0,,,,
41415,22:47.000,22:47.008,3,542.0,822.0,710.0,1034.0,1077.0,772.0,1226.0,992.0,1541.0,623.0,1707.0,835.0,,,,
41430,22:47.500,22:47.508,3,541.0,794.0,710.0,1010.0,1078.0,742.0,1228.0,955.0,1540.0,583.0,1710.0,799.0,,,,
41445,22:48.000,22:48.008,3,495.0,744.0,669.0,963.0,1045.0,671.0,1197.0,889.0,1521.0,504.0,1686.0,715.0,,,,
41460,22:48.500,22:48.508,3,478.0,769.0,654.0,991.0,1505.0,512.0,1669.0,718.0,1032.0,703.0,1183.0,915.0,,,,
41475,22:49.000,22:49.008,3,440.0,822.0,618.0,1042.0,999.0,756.0,1151.0,965.0,1459.0,570.0,1617.0,775.0,,,,
41490,22:49.500,22:49.508,3,423.0,860.0,601.0,1084.0,984.0,789.0,1137.0,1008.0,1446.0,606.0,1602.0,810.0,,,,
41505,22:50.000,22:50.008,3,405.0,857.0,585.0,1079.0,968.0,788.0,1121.0,1010.0,1430.0,603.0,1587.0,817.0,,,,
41520,22:50.500,22:50.508,3,247.0,887.0,443.0,1121.0,849.0,821.0,1004.0,1038.0,1318.0,644.0,1469.0,839.0,,,,
41535,22:51.000,22:51.010,3,1611.0,607.0,1780.0,812.0,640.0,930.0,805.0,1144.0,1155.0,836.0,1314.0,1048.0,,,,
41550,22:51.500,22:51.510,3,1686.0,388.0,1878.0,593.0,795.0,901.0,969.0,1110.0,1268.0,714.0,1439.0,911.0,,,,
41565,22:52.000,22:52.010,3,1390.0,454.0,1573.0,668.0,922.0,670.0,1093.0,868.0,1864.0,64.0,2083.0,316.0,,,,
41580,22:52.500,22:52.510,3,1760.0,288.0,1961.0,507.0,1314.0,621.0,1489.0,830.0,842.0,810.0,1008.0,1014.0,,,,
41595,22:53.000,22:53.010,3,1671.0,320.0,1863.0,532.0,1242.0,644.0,1417.0,849.0,776.0,862.0,954.0,1082.0,,,,
41610,22:53.500,22:53.510,3,1779.0,224.0,1988.0,451.0,864.0,788.0,1036.0,1002.0,1333.0,573.0,1511.0,784.0,,,,
41625,22:54.000,22:54.010,3,1802.0,340.0,2009.0,557.0,1356.0,656.0,1528.0,861.0,870.0,838.0,1043.0,1045.0,,,,
41640,22:54.500,22:54.510,3,1791.0,425.0,1991.0,642.0,1345.0,721.0,1512.0,927.0,851.0,890.0,1020.0,1093.0,,,,
41655,22:55.000,22:55.010,3,608.0,923.0,795.0,1139.0,1534.0,466.0,1713.0,665.0,1123.0,740.0,1288.0,946.0,,,,
41670,22:55.500,22:55.512,3,505.0,1045.0,704.0,1263.0,1037.0,835.0,1205.0,1038.0,1423.0,552.0,1595.0,740.0,,,,
41685,22:56.000,22:56.012,3,563.0,957.0,750.0,1183.0,1110.0,779.0,1267.0,983.0,1502.0,525.0,1674.0,719.0,,,,
41700,22:56.500,22:56.512,3,533.0,991.0,714.0,1212.0,1506.0,681.0,1677.0,880.0,1117.0,863.0,1265.0,1078.0,,,,
41715,22:57.000,22:57.012,3,481.0,966.0,660.0,1193.0,1075.0,893.0,1221.0,1108.0,1424.0,774.0,1603.0,964.0,,,,
41730,22:57.500,22:57.512,3,527.0,888.0,696.0,1108.0,1452.0,752.0,1626.0,944.0,1116.0,847.0,1259.0,1060.0,,,,
41745,22:58.000,22:58.012,3,509.0,847.0,678.0,1066.0,1431.0,776.0,1598.0,971.0,1100.0,854.0,1242.0,1065.0,,,,
41760,22:58.500,22:58.512,3,482.0,777.0,651.0,1000.0,1072.0,829.0,1211.0,1043.0,1453.0,763.0,1613.0,966.0,,,,
41775,22:59.000,22:59.012,3,661.0,770.0,815.0,994.0,1094.0,699.0,1241.0,903.0,-89.0,707.0,133.0,971.0,,,,
41790,22:59.500,22:59.513,3,165.0,677.0,364.0,916.0,1261.0,682.0,1408.0,887.0,837.0,751.0,982.0,965.0,,,,
41805,23:00.000,23:00.013,3,195.0,798.0,392.0,1044.0,842.0,889.0,988.0,1110.0,1295.0,838.0,1440.0,1044.0,,,,
41820,23:00.500,23:00.513,3,206.0,782.0,402.0,1024.0,850.0,879.0,997.0,1100.0,1290.0,826.0,1438.0,1030.0,,,,
41835,23:01.000,23:01.013,3,522.0,638.0,687.0,859.0,1522.0,690.0,1677.0,895.0,1096.0,734.0,1238.0,939.0,,,,
41850,23:01.500,23:01.513,3,551.0,585.0,716.0,810.0,1571.0,620.0,1730.0,833.0,1137.0,675.0,1276.0,884.0,,,,
41865,23:02.000,23:02.013,3,1705.0,711.0,1874.0,924.0,698.0,646.0,851.0,860.0,1252.0,745.0,1394.0,953.0,,,,
41880,23:02.500,23:02.513,3,1817.0,784.0,1997.0,1008.0,1349.0,831.0,1495.0,1046.0,813.0,742.0,964.0,955.0,,,,
41895,23:03.000,23:03.013,3,1656.0,726.0,1821.0,940.0,654.0,700.0,809.0,915.0,1209.0,774.0,1350.0,985.0,,,,
41910,23:03.500,23:03.513,3,357.0,674.0,536.0,908.0,1414.0,720.0,1562.0,925.0,974.0,765.0,1118.0,974.0,,,,
41925,23:04.000,23:04.015,3,280.0,673.0,469.0,912.0,1354.0,718.0,1499.0,924.0,918.0,759.0,1064.0,976.0,,,,
41940,23:04.500,23:04.515,3,228.0,689.0,424.0,938.0,877.0,777.0,1023.0,994.0,1317.0,731.0,1463.0,937.0,,,,
41955,23:05.000,23:05.007,3,268.0,667.0,459.0,911.0,1351.0,702.0,1497.0,905.0,906.0,754.0,1051.0,966.0,,,,
41970,23:05.500,23:05.507,3,2110.0,713.0,2324.0,950.0,1571.0,821.0,1727.0,1046.0,1020.0,807.0,1163.0,1009.0,,,,
41985,23:06.000,23:06.007,3,2084.0,753.0,2296.0,991.0,1549.0,846.0,1701.0,1060.0,984.0,810.0,1129.0,1019.0,,,,
42000,23:06.500,23:06.507,3,1859.0,711.0,2039.0,936.0,1371.0,802.0,1515.0,1021.0,783.0,821.0,933.0,1018.0,,,,
42015,23:07.000,23:07.007,3,1746.0,718.0,1915.0,934.0,1274.0,799.0,1417.0,1023.0,666.0,814.0,824.0,1014.0,,,,
42030,23:07.500,23:07.507,3,1711.0,738.0,1878.0,947.0,696.0,775.0,850.0,996.0,1244.0,810.0,1388.0,1020.0,,,,
42045,23:08.000,23:08.008,3,1726.0,726.0,1893.0,939.0,718.0,759.0,874.0,977.0,1256.0,806.0,1398.0,1017.0,,,,
42060,23:08.500,23:08.508,3,1689.0,738.0,1856.0,953.0,680.0,759.0,836.0,977.0,1226.0,818.0,1369.0,1028.0,,,,
42075,23:09.000,23:09.008,3,570.0,780.0,737.0,1005.0,1571.0,563.0,1734.0,771.0,1140.0,720.0,1282.0,940.0,,,,
42090,23:09.500,23:09.508,3,343.0,927.0,558.0,1152.0,913.0,675.0,1083.0,879.0,1277.0,403.0,1447.0,595.0,,,,
42105,23:10.000,23:10.008,3,543.0,901.0,730.0,1122.0,1469.0,460.0,1643.0,660.0,1079.0,716.0,1241.0,918.0,,,,
42120,23:10.500,23:10.508,3,584.0,890.0,763.0,1116.0,1546.0,520.0,1717.0,721.0,1122.0,746.0,1284.0,958.0,,,,
42135,23:11.000,23:11.008,3,1918.0,518.0,2117.0,756.0,1425.0,719.0,1579.0,933.0,903.0,791.0,1054.0,1005.0,,,,
42150,23:11.500,23:11.508,3,1831.0,587.0,2017.0,810.0,824.0,842.0,978.0,1049.0,1372.0,760.0,1521.0,974.0,,,,
42165,23:12.000,23:12.008,3,666.0,814.0,829.0,1030.0,1661.0,570.0,1830.0,784.0,1229.0,735.0,1373.0,947.0,,,,
42180,23:12.500,23:12.510,3,642.0,822.0,806.0,1038.0,1641.0,569.0,1809.0,783.0,1212.0,735.0,1357.0,952.0,,,,
42195,23:13.000,23:13.010,3,1634.0,585.0,1801.0,800.0,632.0,826.0,796.0,1044.0,1202.0,753.0,1349.0,961.0,,,,
42210,23:13.500,23:13.510,3,1645.0,597.0,1812.0,810.0,645.0,855.0,811.0,1068.0,1213.0,769.0,1358.0,982.0,,,,
42225,23:14.000,23:14.010,3,675.0,832.0,836.0,1047.0,1668.0,571.0,1840.0,787.0,1232.0,747.0,1380.0,961.0,,,,
42240,23:14.500,23:14.510,3,1922.0,472.0,2127.0,701.0,1461.0,716.0,1619.0,929.0,925.0,846.0,1083.0,1057.0,,,,
42255,23:15.000,23:15.010,3,1937.0,425.0,2142.0,656.0,1474.0,673.0,1635.0,893.0,939.0,824.0,1097.0,1031.0,,,,
42270,23:15.500,23:15.510,3,1930.0,451.0,2136.0,681.0,1467.0,696.0,1625.0,909.0,930.0,832.0,1087.0,1041.0,,,,
42285,23:16.000,23:16.010,3,1842.0,515.0,2034.0,739.0,1391.0,726.0,1542.0,942.0,845.0,837.0,1001.0,1050.0,,,,
42300,23:16.500,23:16.512,3,1884.0,500.0,2077.0,726.0,882.0,836.0,1039.0,1049.0,1426.0,724.0,1578.0,935.0,,,,
42315,23:17.000,23:17.012,3,1883.0,499.0,2076.0,724.0,1424.0,718.0,1575.0,930.0,873.0,843.0,1033.0,1050.0,,,,
42330,23:17.500,23:17.512,3,1803.0,529.0,1989.0,751.0,1359.0,734.0,1511.0,950.0,803.0,856.0,967.0,1068.0,,,,
42345,23:18.000,23:18.012,3,1753.0,571.0,1930.0,795.0,747.0,853.0,909.0,1067.0,1310.0,762.0,1455.0,970.0,,,,
42360,23:18.500,23:18.512,3,1827.0,489.0,2014.0,719.0,822.0,814.0,984.0,1023.0,1376.0,704.0,1526.0,914.0,,,,
42375,23:19.000,23:19.012,3,1800.0,482.0,1984.0,709.0,806.0,821.0,968.0,1032.0,1356.0,704.0,1507.0,914.0,,,,
42390,23:19.500,23:19.512,3,1778.0,456.0,1967.0,675.0,808.0,828.0,971.0,1043.0,1349.0,694.0,1503.0,903.0,,,,
42405,23:20.000,23:20.012,3,1740.0,448.0,1926.0,672.0,782.0,844.0,947.0,1058.0,1321.0,701.0,1476.0,907.0,,,,
42420,23:20.500,23:20.512,3,1889.0,407.0,2092.0,628.0,1444.0,658.0,1600.0,874.0,908.0,815.0,1071.0,1028.0,,,,
42435,23:21.000,23:21.013,3,1859.0,359.0,2060.0,581.0,888.0,800.0,1050.0,1008.0,1419.0,625.0,1578.0,841.0,,,,
42450,23:21.500,23:21.513,3,1742.0,390.0,1928.0,602.0,799.0,835.0,972.0,1054.0,1320.0,664.0,1480.0,872.0,,,,
42465,23:22.000,23:22.013,3,1841.0,404.0,2038.0,627.0,1382.0,659.0,1541.0,871.0,874.0,800.0,1034.0,1013.0,,,,
42480,23:22.500,23:22.513,3,1824.0,445.0,2017.0,673.0,1368.0,699.0,1531.0,903.0,860.0,836.0,1020.0,1046.0,,,,
42495,23:23.000,23:23.013,3,1830.0,470.0,2023.0,693.0,1382.0,714.0,1539.0,928.0,863.0,853.0,1020.0,1068.0,,,,
42510,23:23.500,23:23.513,3,1726.0,473.0,1912.0,693.0,1295.0,719.0,1454.0,927.0,779.0,867.0,941.0,1082.0,,,,
42525,23:24.000,23:24.013,3,321.0,954.0,518.0,1194.0,922.0,806.0,1080.0,1018.0,1336.0,606.0,1495.0,803.0,,,,
42540,23:24.500,23:24.513,3,450.0,943.0,636.0,1175.0,1019.0,792.0,1173.0,1004.0,1429.0,578.0,1592.0,774.0,,,,
42555,23:25.000,23:25.015,3,582.0,926.0,755.0,1146.0,1534.0,554.0,1699.0,758.0,1123.0,789.0,1278.0,995.0,,,,
42570,23:25.500,23:25.515,3,577.0,923.0,751.0,1146.0,1127.0,785.0,1279.0,992.0,1539.0,563.0,1705.0,765.0,,,,
42585,23:26.000,23:26.015,3,580.0,933.0,759.0,1154.0,1547.0,570.0,1717.0,776.0,1137.0,793.0,1289.0,1000.0,,,,
42600,23:26.500,23:26.507,3,605.0,913.0,779.0,1137.0,1568.0,548.0,1737.0,751.0,1154.0,773.0,1310.0,981.0,,,,
42615,23:27.000,23:27.007,3,592.0,923.0,767.0,1147.0,1558.0,575.0,1726.0,777.0,1146.0,786.0,1299.0,996.0,,,,
42630,23:27.500,23:27.507,3,590.0,898.0,765.0,1129.0,1561.0,557.0,1730.0,764.0,1144.0,770.0,1298.0,978.0,,,,
42645,23:28.000,23:28.007,3,637.0,887.0,804.0,1105.0,1605.0,552.0,1776.0,760.0,1185.0,763.0,1336.0,969.0,,,,
42660,23:28.500,23:28.507,3,1687.0,543.0,1865.0,756.0,717.0,865.0,881.0,1080.0,1257.0,746.0,1410.0,961.0,,,,
42675,23:29.000,23:29.007,3,643.0,810.0,811.0,1027.0,1619.0,503.0,1794.0,723.0,1192.0,713.0,1340.0,915.0,,,,
42690,23:29.500,23:29.508,3,517.0,843.0,692.0,1064.0,1087.0,762.0,1234.0,969.0,1514.0,581.0,1676.0,788.0,,,,
42705,23:30.000,23:30.008,3,534.0,843.0,705.0,1062.0,1526.0,568.0,1689.0,779.0,1098.0,751.0,1247.0,963.0,,,,
42720,23:30.500,23:30.508,3,1729.0,617.0,1908.0,834.0,744.0,881.0,901.0,1091.0,1286.0,798.0,1434.0,1013.0,,,,
42735,23:31.000,23:31.008,3,1847.0,635.0,2036.0,861.0,1385.0,819.0,1535.0,1034.0,850.0,889.0,1004.0,1099.0,,,,
42750,23:31.500,23:31.508,3,1805.0,587.0,1990.0,809.0,1350.0,765.0,1497.0,979.0,809.0,841.0,962.0,1049.0,,,,
42765,23:32.000,23:32.008,3,1633.0,593.0,1803.0,810.0,647.0,833.0,808.0,1047.0,1199.0,767.0,1344.0,973.0,,,,
42780,23:32.500,23:32.508,3,1631.0,589.0,1800.0,801.0,654.0,822.0,814.0,1037.0,1197.0,759.0,1342.0,963.0,,,,
42795,23:33.000,23:33.008,3,1853.0,586.0,2044.0,811.0,1397.0,781.0,1548.0,993.0,873.0,867.0,1023.0,1072.0,,,,
42810,23:33.500,23:33.510,3,1809.0,564.0,1997.0,786.0,1359.0,762.0,1514.0,980.0,835.0,863.0,991.0,1072.0,,,,
42825,23:34.000,23:34.010,3,1749.0,565.0,1928.0,788.0,773.0,843.0,929.0,1056.0,1304.0,763.0,1455.0,972.0,,,,
42840,23:34.500,23:34.510,3,1729.0,610.0,1909.0,828.0,758.0,887.0,914.0,1100.0,1291.0,798.0,1439.0,1013.0,,,,
42855,23:35.000,23:35.010,3,1741.0,590.0,1920.0,810.0,757.0,835.0,913.0,1047.0,1293.0,767.0,1439.0,979.0,,,,
42870,23:35.500,23:35.510,3,1659.0,626.0,1830.0,841.0,668.0,867.0,827.0,1079.0,1216.0,794.0,1366.0,1010.0,,,,
42885,23:36.000,23:36.010,3,1680.0,622.0,1853.0,835.0,693.0,862.0,851.0,1073.0,1238.0,792.0,1386.0,1006.0,,,,
42900,23:36.500,23:36.510,3,1827.0,587.0,2014.0,811.0,1365.0,760.0,1514.0,974.0,827.0,822.0,978.0,1027.0,,,,
42915,23:37.000,23:37.010,3,2109.0,642.0,2326.0,880.0,1569.0,759.0,1725.0,988.0,1031.0,757.0,1174.0,955.0,,,,
42930,23:37.500,23:37.510,3,1917.0,631.0,2109.0,860.0,1417.0,744.0,1563.0,965.0,893.0,742.0,1038.0,945.0,,,,
42945,23:38.000,23:38.012,3,1893.0,692.0,2082.0,915.0,1396.0,779.0,1540.0,996.0,878.0,757.0,1025.0,961.0,,,,
42960,23:38.500,23:38.512,3,1703.0,820.0,1872.0,1037.0,700.0,792.0,855.0,1005.0,1235.0,862.0,1379.0,1077.0,,,,
42975,23:39.000,23:39.012,3,1791.0,808.0,1968.0,1027.0,789.0,773.0,942.0,984.0,1316.0,848.0,1458.0,1058.0,,,,
42990,23:39.500,23:39.512,3,1830.0,750.0,2009.0,971.0,1346.0,796.0,1492.0,1015.0,823.0,744.0,973.0,950.0,,,,
43005,23:40.000,23:40.012,3,1882.0,806.0,2071.0,1030.0,870.0,835.0,1019.0,1041.0,1401.0,879.0,1543.0,1088.0,,,,
43020,23:40.500,23:40.512,3,583.0,675.0,759.0,888.0,1558.0,909.0,1715.0,1123.0,1105.0,855.0,1257.0,1064.0,,,,
43035,23:41.000,23:41.012,3,645.0,690.0,824.0,898.0,1596.0,1015.0,1760.0,1226.0,1142.0,916.0,1300.0,1121.0,,,,
43050,23:41.500,23:41.512,3,383.0,680.0,562.0,910.0,977.0,737.0,1122.0,950.0,1419.0,692.0,1568.0,891.0,,,,
43065,23:42.000,23:42.012,3,288.0,890.0,479.0,1132.0,914.0,876.0,1059.0,1096.0,1345.0,773.0,1494.0,970.0,,,,
43080,23:42.500,23:42.513,3,577.0,878.0,740.0,1098.0,1572.0,782.0,1733.0,989.0,1138.0,880.0,1279.0,1096.0,,,,
43095,23:43.000,23:43.013,3,566.0,861.0,731.0,1079.0,1564.0,765.0,1723.0,971.0,1131.0,862.0,1273.0,1077.0,,,,
43110,23:43.500,23:43.513,3,612.0,858.0,774.0,1075.0,1606.0,759.0,1768.0,962.0,1167.0,863.0,1312.0,1079.0,,,,
43125,23:44.000,23:44.013,3,589.0,882.0,753.0,1103.0,1581.0,748.0,1744.0,957.0,1151.0,872.0,1292.0,1090.0,,,,
43140,23:44.500,23:44.513,3,1630.0,737.0,1798.0,952.0,652.0,912.0,809.0,1132.0,1204.0,882.0,1347.0,1103.0,,,,
43155,23:45.000,23:45.013,3,672.0,834.0,829.0,1048.0,1652.0,673.0,1821.0,885.0,1220.0,807.0,1366.0,1027.0,,,,
43170,23:45.500,23:45.513,3,713.0,837.0,868.0,1046.0,1696.0,689.0,1867.0,902.0,1260.0,820.0,1404.0,1037.0,,,,
43185,23:46.000,23:46.013,3,1660.0,732.0,1827.0,946.0,664.0,854.0,820.0,1067.0,1221.0,848.0,1367.0,1067.0,,,,
43200,23:46.500,23:46.515,3,1653.0,774.0,1822.0,985.0,645.0,894.0,802.0,1107.0,1217.0,887.0,1359.0,1102.0,,,,
43215,23:47.000,23:47.015,3,284.0,907.0,475.0,1144.0,931.0,874.0,1076.0,1095.0,1350.0,743.0,1503.0,951.0,,,,
43230,23:47.500,23:47.507,2,611.0,820.0,772.0,1054.0,1063.0,711.0,1210.0,920.0,,,,,,,,
43245,23:48.000,23:48.007,3,444.0,910.0,615.0,1135.0,1048.0,886.0,1190.0,1103.0,1465.0,766.0,1617.0,968.0,,,,
43260,23:48.500,23:48.507,3,1669.0,665.0,1838.0,879.0,680.0,844.0,837.0,1052.0,1238.0,805.0,1382.0,1021.0,,,,
43275,23:49.000,23:49.007,3,1800.0,694.0,1978.0,912.0,803.0,838.0,951.0,1038.0,1349.0,814.0,1493.0,1024.0,,,,
43290,23:49.500,23:49.507,3,1880.0,721.0,2066.0,946.0,872.0,839.0,1019.0,1045.0,1407.0,842.0,1554.0,1056.0,,,,
43305,23:50.000,23:50.007,3,552.0,864.0,716.0,1082.0,1551.0,736.0,1708.0,941.0,1107.0,842.0,1251.0,1054.0,,,,
43320,23:50.500,23:50.507,3,400.0,811.0,579.0,1038.0,978.0,785.0,1130.0,1005.0,1422.0,663.0,1575.0,863.0,,,,
43335,23:51.000,23:51.008,3,298.0,814.0,486.0,1054.0,908.0,819.0,1057.0,1045.0,1353.0,714.0,1502.0,912.0,,,,
43350,23:51.500,23:51.508,3,584.0,787.0,744.0,1006.0,1578.0,718.0,1737.0,925.0,1131.0,814.0,1274.0,1024.0,,,,
43365,23:52.000,23:52.008,3,442.0,783.0,614.0,1008.0,1449.0,712.0,1604.0,925.0,1011.0,804.0,1155.0,1016.0,,,,
43380,23:52.500,23:52.508,3,181.0,794.0,378.0,1040.0,829.0,816.0,977.0,1035.0,1273.0,722.0,1420.0,923.0,,,,
43395,23:53.000,23:53.008,3,86.0,814.0,300.0,1068.0,778.0,822.0,927.0,1042.0,1222.0,717.0,1369.0,912.0,,,,
43410,23:53.500,23:53.508,3,296.0,818.0,483.0,1054.0,926.0,827.0,1071.0,1044.0,1359.0,734.0,1509.0,929.0,,,,
43425,23:54.000,23:54.008,3,574.0,884.0,736.0,1105.0,1586.0,810.0,1748.0,1019.0,1135.0,903.0,1278.0,1121.0,,,,
43440,23:54.500,23:54.508,3,580.0,841.0,742.0,1058.0,1587.0,748.0,1750.0,954.0,1130.0,850.0,1272.0,1068.0,,,,
43455,23:55.000,23:55.010,3,621.0,722.0,782.0,937.0,1612.0,621.0,1774.0,830.0,1154.0,731.0,1297.0,942.0,,,,
43470,23:55.500,23:55.510,3,587.0,628.0,748.0,849.0,1579.0,549.0,1740.0,764.0,1127.0,653.0,1268.0,871.0,,,,
43485,23:56.000,23:56.010,3,614.0,674.0,775.0,892.0,1593.0,603.0,1754.0,813.0,1142.0,699.0,1283.0,907.0,,,,
43500,23:56.500,23:56.510,3,642.0,654.0,801.0,877.0,1619.0,581.0,1783.0,794.0,1163.0,667.0,1308.0,884.0,,,,
43515,23:57.000,23:57.010,3,677.0,715.0,835.0,932.0,1661.0,647.0,1826.0,859.0,1203.0,735.0,1343.0,945.0,,,,
43530,23:57.500,23:57.510,3,356.0,816.0,539.0,1051.0,942.0,837.0,1085.0,1043.0,1390.0,766.0,1538.0,970.0,,,,
43545,23:58.000,23:58.010,3,404.0,759.0,582.0,996.0,1426.0,739.0,1577.0,941.0,997.0,795.0,1140.0,999.0,,,,
43560,23:58.500,23:58.510,3,570.0,737.0,736.0,960.0,1570.0,756.0,1730.0,962.0,1166.0,783.0,1305.0,991.0,,,,
43575,23:59.000,23:59.010,3,510.0,775.0,678.0,1006.0,1518.0,765.0,1673.0,968.0,1139.0,833.0,1276.0,1044.0,,,,
43590,23:59.500,23:59.512,3,541.0,723.0,705.0,946.0,1532.0,720.0,1689.0,925.0,1157.0,786.0,1298.0,989.0,,,,
43605,24:00.000,24:00.012,3,301.0,716.0,488.0,960.0,979.0,790.0,1123.0,1000.0,1343.0,724.0,1491.0,923.0,,,,
43620,24:00.500,24:00.512,3,178.0,675.0,378.0,926.0,1265.0,672.0,1410.0,866.0,898.0,749.0,1043.0,956.0,,,,
43635,24:01.000,24:01.012,3,451.0,689.0,624.0,920.0,1095.0,765.0,1235.0,967.0,1474.0,691.0,1626.0,887.0,,,,
43650,24:01.500,24:01.512,3,2162.0,738.0,2386.0,975.0,1659.0,823.0,1817.0,1043.0,1081.0,768.0,1223.0,970.0,,,,
43665,24:02.000,24:02.012,3,2096.0,737.0,2311.0,977.0,1605.0,822.0,1758.0,1035.0,1030.0,760.0,1172.0,965.0,,,,
43680,24:02.500,24:02.512,3,2074.0,771.0,2285.0,1004.0,1582.0,851.0,1733.0,1070.0,1007.0,779.0,1147.0,985.0,,,,
43695,24:03.000,24:03.012,3,1954.0,811.0,2149.0,1036.0,1485.0,884.0,1632.0,1094.0,905.0,810.0,1050.0,1018.0,,,,
43710,24:03.500,24:03.513,3,1928.0,795.0,2117.0,1017.0,889.0,779.0,1032.0,988.0,1464.0,858.0,1612.0,1067.0,,,,
43725,24:04.000,24:04.013,3,1815.0,769.0,1995.0,982.0,793.0,756.0,943.0,967.0,1375.0,831.0,1517.0,1042.0,,,,
43740,24:04.500,24:04.513,3,425.0,621.0,601.0,855.0,1472.0,658.0,1623.0,855.0,1047.0,710.0,1187.0,915.0,,,,
43755,24:05.000,24:05.013,3,528.0,549.0,695.0,782.0,1548.0,618.0,1704.0,825.0,1106.0,655.0,1241.0,873.0,,,,
43770,24:05.500,24:05.513,3,560.0,488.0,728.0,721.0,1571.0,580.0,1730.0,790.0,1127.0,604.0,1265.0,819.0,,,,
43785,24:06.000,24:06.013,3,672.0,426.0,834.0,657.0,1676.0,550.0,1840.0,763.0,1212.0,561.0,1351.0,775.0,,,,
43800,24:06.500,24:06.513,3,697.0,413.0,858.0,641.0,1699.0,549.0,1865.0,765.0,1234.0,555.0,1371.0,766.0,,,,
43815,24:07.000,24:07.013,3,698.0,411.0,858.0,638.0,1698.0,553.0,1866.0,770.0,1236.0,556.0,1373.0,771.0,,,,
43830,24:07.500,24:07.513,3,1682.0,652.0,1847.0,861.0,693.0,494.0,852.0,716.0,1226.0,644.0,1363.0,850.0,,,,
43845,24:08.000,24:08.007,3,600.0,511.0,765.0,743.0,1593.0,675.0,1753.0,878.0,1148.0,667.0,1289.0,872.0,,,,
43860,24:08.500,24:08.507,3,595.0,604.0,756.0,826.0,1589.0,721.0,1744.0,926.0,1153.0,736.0,1292.0,939.0,,,,
43875,24:09.000,24:09.007,3,505.0,604.0,675.0,832.0,1512.0,711.0,1666.0,913.0,1090.0,732.0,1232.0,938.0,,,,
43890,24:09.500,24:09.507,3,552.0,524.0,721.0,757.0,1559.0,635.0,1714.0,838.0,1136.0,655.0,1276.0,862.0,,,,
43905,24:10.000,24:10.007,3,534.0,551.0,700.0,782.0,1543.0,671.0,1696.0,871.0,1129.0,677.0,1270.0,879.0,,,,
43920,24:10.500,24:10.507,3,530.0,591.0,696.0,822.0,1538.0,710.0,1691.0,913.0,1128.0,725.0,1269.0,924.0,,,,
43935,24:11.000,24:11.007,3,503.0,586.0,675.0,817.0,1524.0,692.0,1677.0,893.0,1102.0,713.0,1245.0,914.0,,,,
43950,24:11.500,24:11.507,3,723.0,645.0,876.0,862.0,-48.0,527.0,173.0,799.0,1151.0,600.0,1294.0,806.0,,,,
43965,24:12.000,24:12.007,2,647.0,631.0,803.0,847.0,1082.0,577.0,1227.0,773.0,,,,,,,,
43980,24:12.500,24:12.508,2,680.0,622.0,836.0,830.0,1113.0,576.0,1259.0,772.0,,,,,,,,
43995,24:13.000,24:13.008,3,-9.0,513.0,216.0,789.0,756.0,635.0,908.0,847.0,1180.0,590.0,1325.0,789.0,,,,
44010,24:13.500,24:13.508,3,580.0,613.0,743.0,839.0,1599.0,691.0,1757.0,890.0,1175.0,725.0,1319.0,925.0,,,,
44025,24:14.000,24:14.008,3,556.0,582.0,721.0,813.0,1580.0,656.0,1736.0,857.0,1160.0,689.0,1302.0,893.0,,,,
44040,24:14.500,24:14.508,3,303.0,588.0,491.0,839.0,1377.0,664.0,1525.0,855.0,970.0,699.0,1113.0,902.0,,,,
44055,24:15.000,24:15.008,3,248.0,580.0,442.0,838.0,1340.0,660.0,1487.0,849.0,933.0,696.0,1078.0,897.0,,,,
44070,24:15.500,24:15.508,3,200.0,584.0,399.0,842.0,1307.0,655.0,1452.0,848.0,897.0,693.0,1043.0,902.0,,,,
44085,24:16.000,24:16.008,3,231.0,598.0,426.0,857.0,913.0,709.0,1059.0,917.0,1326.0,666.0,1473.0,864.0,,,,
44100,24:16.500,24:16.510,3,507.0,642.0,676.0,868.0,1536.0,692.0,1691.0,893.0,1123.0,742.0,1267.0,943.0,,,,
44115,24:17.000,24:17.010,3,2045.0,748.0,2251.0,979.0,1555.0,795.0,1708.0,1015.0,977.0,716.0,1121.0,921.0,,,,
44130,24:17.500,24:17.510,3,1802.0,733.0,1978.0,955.0,791.0,704.0,942.0,918.0,1355.0,790.0,1499.0,998.0,,,,
44145,24:18.000,24:18.010,3,662.0,712.0,822.0,932.0,1663.0,750.0,1824.0,957.0,1233.0,800.0,1375.0,1006.0,,,,
44160,24:18.500,24:18.510,3,1633.0,782.0,1792.0,981.0,638.0,759.0,798.0,968.0,1202.0,824.0,1340.0,1029.0,,,,
44175,24:19.000,24:19.010,3,653.0,716.0,816.0,937.0,1636.0,775.0,1795.0,978.0,1205.0,811.0,1342.0,1015.0,,,,
44190,24:19.500,24:19.510,3,661.0,697.0,821.0,912.0,1639.0,776.0,1798.0,982.0,1225.0,811.0,1365.0,1017.0,,,,
44205,24:20.000,24:20.010,3,690.0,667.0,849.0,889.0,1666.0,763.0,1826.0,967.0,1210.0,788.0,1346.0,997.0,,,,
44220,24:20.500,24:20.510,3,699.0,650.0,856.0,872.0,1680.0,751.0,1844.0,959.0,1249.0,772.0,1389.0,977.0,,,,
44235,24:21.000,24:21.012,3,1699.0,724.0,1864.0,934.0,709.0,622.0,865.0,839.0,1286.0,739.0,1426.0,940.0,,,,
44250,24:21.500,24:21.512,3,1729.0,667.0,1897.0,879.0,732.0,536.0,890.0,759.0,1310.0,673.0,1450.0,879.0,,,,
44265,24:22.000,24:22.012,3,1752.0,692.0,1923.0,906.0,755.0,553.0,909.0,773.0,1330.0,675.0,1474.0,888.0,,,,
44280,24:22.500,24:22.512,3,1755.0,677.0,1924.0,889.0,1329.0,655.0,1474.0,867.0,750.0,556.0,904.0,771.0,,,,
44295,24:23.000,24:23.012,3,1707.0,683.0,1875.0,893.0,1288.0,663.0,1432.0,869.0,708.0,635.0,861.0,817.0,,,,
44310,24:23.500,24:23.512,3,1664.0,677.0,1825.0,887.0,1251.0,663.0,1396.0,868.0,667.0,677.0,829.0,844.0,,,,
44325,24:24.000,24:24.012,3,1545.0,691.0,1701.0,896.0,556.0,694.0,730.0,893.0,1154.0,688.0,1302.0,893.0,,,,
44340,24:24.500,24:24.512,3,514.0,558.0,691.0,787.0,1496.0,605.0,1649.0,810.0,1098.0,604.0,1240.0,806.0,,,,
44355,24:25.000,24:25.013,3,559.0,545.0,727.0,777.0,1558.0,640.0,1714.0,848.0,1124.0,638.0,1260.0,806.0,,,,
44370,24:25.500,24:25.513,3,1657.0,780.0,1819.0,989.0,666.0,682.0,824.0,896.0,1235.0,783.0,1374.0,972.0,,,,
44385,24:26.000,24:26.013,3,556.0,723.0,719.0,947.0,1558.0,768.0,1712.0,971.0,1145.0,820.0,1286.0,1028.0,,,,
44400,24:26.500,24:26.513,3,392.0,902.0,575.0,1149.0,1031.0,969.0,1174.0,1191.0,1436.0,890.0,1586.0,1095.0,,,,
44415,24:27.000,24:27.013,3,1739.0,779.0,1906.0,990.0,745.0,643.0,898.0,859.0,1310.0,794.0,1455.0,1000.0,,,,
44430,24:27.500,24:27.513,3,566.0,713.0,728.0,936.0,1581.0,736.0,1736.0,942.0,1172.0,796.0,1314.0,1002.0,,,,
44445,24:28.000,24:28.013,3,519.0,717.0,687.0,938.0,1513.0,740.0,1669.0,943.0,1129.0,800.0,1268.0,1010.0,,,,
44460,24:28.500,24:28.513,3,532.0,718.0,698.0,941.0,1470.0,779.0,1629.0,968.0,1143.0,808.0,1282.0,1013.0,,,,
44475,24:29.000,24:29.005,3,388.0,789.0,568.0,1033.0,1368.0,811.0,1524.0,1005.0,1033.0,861.0,1176.0,1066.0,,,,
44490,24:29.500,24:29.507,3,684.0,806.0,840.0,1026.0,1647.0,820.0,1822.0,1018.0,1280.0,848.0,1422.0,1054.0,,,,
44505,24:30.000,24:30.007,3,1865.0,831.0,2052.0,1034.0,855.0,805.0,1004.0,1021.0,1442.0,851.0,1587.0,1059.0,,,,
44520,24:30.500,24:30.507,3,1786.0,909.0,1961.0,1109.0,770.0,877.0,921.0,1088.0,1369.0,919.0,1512.0,1129.0,,,,
44535,24:31.000,24:31.007,3,1789.0,823.0,1962.0,1039.0,766.0,841.0,915.0,1046.0,1371.0,873.0,1515.0,1081.0,,,,
44550,24:31.500,24:31.507,3,1757.0,751.0,1927.0,977.0,726.0,786.0,878.0,993.0,1340.0,809.0,1485.0,1016.0,,,,
44565,24:32.000,24:32.007,3,119.0,741.0,327.0,1005.0,1267.0,793.0,1412.0,999.0,865.0,824.0,1009.0,1034.0,,,,
44580,24:32.500,24:32.507,3,233.0,582.0,431.0,843.0,882.0,704.0,1023.0,917.0,1327.0,699.0,1471.0,900.0,,,,
44595,24:33.000,24:33.007,3,420.0,622.0,597.0,853.0,1446.0,780.0,1593.0,984.0,1015.0,766.0,1150.0,977.0,,,,
44610,24:33.500,24:33.508,3,430.0,612.0,611.0,844.0,1442.0,787.0,1590.0,990.0,1012.0,763.0,1150.0,970.0,,,,
44625,24:34.000,24:34.008,3,610.0,578.0,778.0,803.0,1591.0,745.0,1747.0,952.0,1155.0,727.0,1293.0,937.0,,,,
44640,24:34.500,24:34.508,3,626.0,625.0,791.0,849.0,1609.0,754.0,1764.0,960.0,1174.0,763.0,1314.0,963.0,,,,
44655,24:35.000,24:35.008,3,459.0,668.0,634.0,901.0,1472.0,745.0,1622.0,954.0,1049.0,773.0,1189.0,976.0,,,,
44670,24:35.500,24:35.508,3,124.0,612.0,336.0,877.0,817.0,746.0,963.0,956.0,1247.0,731.0,1390.0,924.0,,,,
44685,24:36.000,24:36.008,3,349.0,602.0,535.0,846.0,986.0,733.0,1132.0,947.0,1411.0,740.0,1556.0,942.0,,,,
44700,24:36.500,24:36.508,3,550.0,588.0,718.0,817.0,1537.0,775.0,1693.0,974.0,1140.0,732.0,1286.0,942.0,,,,
44715,24:37.000,24:37.008,3,643.0,605.0,806.0,828.0,1609.0,811.0,1767.0,1011.0,1206.0,767.0,1352.0,971.0,,,,
44730,24:37.500,24:37.508,3,636.0,615.0,802.0,836.0,1611.0,842.0,1766.0,1046.0,1200.0,792.0,1347.0,989.0,,,,
44745,24:38.000,24:38.010,3,716.0,586.0,876.0,801.0,1685.0,821.0,1847.0,1029.0,1266.0,766.0,1417.0,965.0,,,,
44760,24:38.500,24:38.510,3,1919.0,878.0,2105.0,1097.0,1464.0,834.0,1620.0,1045.0,921.0,672.0,1071.0,881.0,,,,
44775,24:39.000,24:39.010,3,735.0,625.0,894.0,841.0,1719.0,805.0,1882.0,1013.0,1290.0,789.0,1438.0,984.0,,,,
44790,24:39.500,24:39.510,3,678.0,601.0,839.0,817.0,1664.0,798.0,1822.0,1005.0,1236.0,776.0,1383.0,972.0,,,,
44805,24:40.000,24:40.010,3,622.0,579.0,788.0,798.0,1633.0,790.0,1789.0,997.0,1187.0,763.0,1338.0,965.0,,,,
44820,24:40.500,24:40.510,3,669.0,549.0,831.0,774.0,1671.0,738.0,1830.0,945.0,1229.0,725.0,1379.0,928.0,,,,
44835,24:41.000,24:41.010,3,477.0,568.0,651.0,798.0,1486.0,793.0,1636.0,992.0,1059.0,765.0,1206.0,963.0,,,,
44850,24:41.500,24:41.510,3,480.0,581.0,657.0,804.0,1056.0,782.0,1205.0,986.0,1482.0,811.0,1634.0,1011.0,,,,
44865,24:42.000,24:42.010,3,528.0,522.0,701.0,757.0,1093.0,734.0,1240.0,939.0,1522.0,769.0,1673.0,963.0,,,,
44880,24:42.500,24:42.512,3,1963.0,869.0,2155.0,1093.0,1484.0,828.0,1642.0,1033.0,951.0,635.0,1104.0,843.0,,,,
44895,24:43.000,24:43.012,3,1947.0,885.0,2136.0,1115.0,1474.0,849.0,1631.0,1055.0,941.0,643.0,1093.0,855.0,,,,
44910,24:43.500,24:43.512,3,1859.0,879.0,2037.0,1103.0,1408.0,845.0,1560.0,1053.0,870.0,652.0,1024.0,857.0,,,,
44925,24:44.000,24:44.012,3,1733.0,742.0,1896.0,953.0,741.0,553.0,900.0,773.0,1295.0,737.0,1444.0,945.0,,,,
44940,24:44.500,24:44.512,3,617.0,568.0,783.0,791.0,1614.0,736.0,1772.0,939.0,1184.0,739.0,1328.0,957.0,,,,
44955,24:45.000,24:45.012,3,619.0,640.0,782.0,859.0,1619.0,809.0,1774.0,1016.0,1191.0,812.0,1334.0,1021.0,,,,
44970,24:45.500,24:45.512,3,580.0,660.0,743.0,881.0,1588.0,781.0,1741.0,990.0,1162.0,809.0,1305.0,1013.0,,,,
44985,24:46.000,24:46.012,3,465.0,633.0,639.0,862.0,1080.0,743.0,1223.0,958.0,1499.0,694.0,1648.0,895.0,,,,
45000,24:46.500,24:46.513,3,419.0,646.0,595.0,878.0,1043.0,741.0,1184.0,952.0,1462.0,684.0,1610.0,881.0,,,,
45015,24:47.000,24:47.013,3,353.0,667.0,536.0,905.0,997.0,754.0,1139.0,967.0,1408.0,687.0,1554.0,888.0,,,,
45030,24:47.500,24:47.513,3,102.0,661.0,310.0,921.0,821.0,755.0,966.0,972.0,1238.0,683.0,1382.0,876.0,,,,
45045,24:48.000,24:48.013,3,2.0,660.0,229.0,927.0,760.0,727.0,910.0,948.0,1181.0,649.0,1325.0,847.0,,,,
45060,24:48.500,24:48.513,3,402.0,656.0,582.0,895.0,1037.0,736.0,1178.0,944.0,1452.0,666.0,1602.0,860.0,,,,
45075,24:49.000,24:49.005,3,219.0,647.0,420.0,901.0,906.0,720.0,1049.0,936.0,1322.0,641.0,1467.0,836.0,,,,
45090,24:49.500,24:49.505,3,174.0,653.0,374.0,912.0,869.0,733.0,1015.0,941.0,1290.0,652.0,1436.0,852.0,,,,
45105,24:50.000,24:50.005,3,361.0,627.0,546.0,868.0,1031.0,673.0,1174.0,884.0,1433.0,591.0,1582.0,792.0,,,,
45120,24:50.500,24:50.505,3,134.0,643.0,343.0,896.0,1292.0,642.0,1434.0,836.0,876.0,708.0,1021.0,919.0,,,,
45135,24:51.000,24:51.007,3,86.0,612.0,301.0,875.0,1263.0,644.0,1405.0,835.0,839.0,710.0,980.0,919.0,,,,
45150,24:51.500,24:51.507,3,206.0,602.0,410.0,860.0,914.0,706.0,1058.0,913.0,1334.0,636.0,1481.0,833.0,,,,
45165,24:52.000,24:52.007,3,234.0,610.0,431.0,865.0,1351.0,636.0,1496.0,833.0,931.0,709.0,1072.0,916.0,,,,
45180,24:52.500,24:52.507,3,213.0,603.0,413.0,856.0,1330.0,615.0,1478.0,818.0,911.0,689.0,1055.0,907.0,,,,
45195,24:53.000,24:53.007,3,326.0,710.0,511.0,947.0,985.0,794.0,1127.0,1011.0,1406.0,729.0,1553.0,929.0,,,,
45210,24:53.500,24:53.507,3,358.0,693.0,539.0,935.0,1011.0,791.0,1150.0,1006.0,1430.0,731.0,1576.0,931.0,,,,
45225,24:54.000,24:54.007,3,401.0,685.0,578.0,917.0,1040.0,782.0,1179.0,996.0,1465.0,726.0,1613.0,926.0,,,,
45240,24:54.500,24:54.507,3,398.0,666.0,576.0,900.0,1037.0,767.0,1177.0,978.0,1462.0,712.0,1611.0,911.0,,,,
45255,24:55.000,24:55.008,3,1655.0,728.0,1816.0,937.0,623.0,695.0,784.0,906.0,1220.0,783.0,1359.0,995.0,,,,
45270,24:55.500,24:55.508,3,2007.0,707.0,2208.0,936.0,1517.0,761.0,1668.0,978.0,940.0,667.0,1085.0,872.0,,,,
45285,24:56.000,24:56.008,3,2125.0,644.0,2340.0,886.0,1607.0,684.0,1764.0,906.0,1030.0,578.0,1176.0,786.0,,,,
45300,24:56.500,24:56.508,3,2173.0,666.0,2394.0,911.0,1078.0,564.0,1223.0,773.0,1638.0,690.0,1801.0,918.0,,,,
45315,24:57.000,24:57.008,3,2078.0,755.0,2290.0,993.0,1574.0,781.0,1729.0,991.0,1013.0,644.0,1155.0,852.0,,,,
45330,24:57.500,24:57.508,3,562.0,641.0,727.0,864.0,1584.0,726.0,1740.0,938.0,1158.0,766.0,1299.0,976.0,,,,
45345,24:58.000,24:58.008,3,207.0,605.0,406.0,858.0,1317.0,690.0,1462.0,887.0,898.0,738.0,1040.0,951.0,,,,
45360,24:58.500,24:58.508,3,175.0,613.0,373.0,862.0,1314.0,695.0,1457.0,892.0,895.0,738.0,1036.0,951.0,,,,
45375,24:59.000,24:59.008,3,293.0,633.0,480.0,879.0,1415.0,712.0,1561.0,911.0,994.0,751.0,1138.0,963.0,,,,
45390,24:59.500,24:59.510,3,273.0,639.0,464.0,878.0,1408.0,706.0,1555.0,906.0,985.0,750.0,1128.0,964.0,,,,
45405,25:00.000,25:00.010,3,106.0,601.0,312.0,862.0,1266.0,680.0,1409.0,872.0,842.0,728.0,989.0,942.0,,,,
45420,25:00.500,25:00.510,3,189.0,618.0,390.0,867.0,1298.0,685.0,1443.0,883.0,878.0,738.0,1023.0,955.0,,,,
45435,25:01.000,25:01.010,3,179.0,606.0,381.0,858.0,1287.0,676.0,1431.0,870.0,863.0,726.0,1010.0,938.0,,,,
45450,25:01.500,25:01.510,3,420.0,641.0,600.0,873.0,1462.0,695.0,1613.0,894.0,1044.0,750.0,1183.0,954.0,,,,
45465,25:02.000,25:02.010,3,27.0,617.0,252.0,878.0,775.0,722.0,923.0,933.0,1200.0,659.0,1343.0,855.0,,,,
45480,25:02.500,25:02.510,3,67.0,571.0,284.0,836.0,800.0,686.0,946.0,899.0,1224.0,622.0,1370.0,819.0,,,,
45495,25:03.000,25:03.010,3,81.0,510.0,299.0,773.0,1238.0,571.0,1384.0,773.0,813.0,629.0,961.0,842.0,,,,
45510,25:03.500,25:03.512,2,822.0,327.0,982.0,543.0,332.0,419.0,517.0,663.0,,,,,,,,
45525,25:04.000,25:04.012,2,82.0,429.0,297.0,692.0,656.0,346.0,823.0,571.0,,,,,,,,
45540,25:04.500,25:04.512,2,329.0,529.0,513.0,772.0,846.0,458.0,1000.0,669.0,,,,,,,,
45555,25:05.000,25:05.012,3,609.0,774.0,771.0,992.0,1631.0,727.0,1793.0,934.0,1189.0,823.0,1330.0,1030.0,,,,
45570,25:05.500,25:05.512,3,400.0,813.0,579.0,1045.0,1443.0,723.0,1596.0,927.0,1028.0,835.0,1166.0,1045.0,,,,
45585,25:06.000,25:06.012,3,431.0,813.0,608.0,1038.0,1464.0,717.0,1619.0,918.0,1058.0,824.0,1198.0,1030.0,,,,
45600,25:06.500,25:06.512,3,433.0,821.0,610.0,1046.0,1061.0,825.0,1201.0,1035.0,1464.0,718.0,1619.0,919.0,,,,
45615,25:07.000,25:07.012,3,415.0,811.0,594.0,1038.0,1449.0,707.0,1605.0,915.0,1046.0,814.0,1187.0,1023.0,,,,
45630,25:07.500,25:07.512,3,411.0,812.0,590.0,1042.0,1446.0,712.0,1598.0,919.0,1043.0,821.0,1184.0,1034.0,,,,
45645,25:08.000,25:08.013,3,393.0,809.0,574.0,1040.0,1030.0,823.0,1170.0,1034.0,1434.0,714.0,1586.0,911.0,,,,
45660,25:08.500,25:08.513,3,380.0,813.0,562.0,1043.0,1419.0,710.0,1573.0,919.0,996.0,823.0,1139.0,1033.0,,,,
45675,25:09.000,25:09.013,3,24.0,842.0,249.0,1105.0,735.0,842.0,891.0,1066.0,1185.0,736.0,1332.0,928.0,,,,
45690,25:09.500,25:09.505,3,694.0,859.0,849.0,1079.0,-35.0,860.0,190.0,1128.0,1146.0,758.0,1292.0,945.0,,,,
45705,25:10.000,25:10.005,3,180.0,820.0,385.0,1069.0,828.0,830.0,986.0,1048.0,1282.0,739.0,1430.0,931.0,,,,
45720,25:10.500,25:10.505,3,453.0,816.0,627.0,1041.0,1036.0,830.0,1182.0,1034.0,1476.0,740.0,1629.0,937.0,,,,
45735,25:11.000,25:11.005,3,432.0,830.0,610.0,1062.0,1453.0,721.0,1609.0,922.0,1043.0,823.0,1190.0,1034.0,,,,
45750,25:11.500,25:11.505,2,1856.0,816.0,2032.0,1053.0,1260.0,788.0,1405.0,1001.0,,,,,,,,
45765,25:12.000,25:12.007,1,1597.0,581.0,1759.0,807.0,,,,,,,,,,,,
45780,25:12.500,25:12.507,3,1690.0,440.0,1852.0,663.0,2238.0,409.0,2448.0,668.0,1107.0,384.0,1259.0,608.0,,,,
45795,25:13.000,25:13.007,3,514.0,398.0,688.0,637.0,1563.0,423.0,1721.0,641.0,1116.0,466.0,1256.0,678.0,,,,
45810,25:13.500,25:13.507,3,434.0,503.0,611.0,742.0,1494.0,544.0,1645.0,757.0,1073.0,567.0,1209.0,780.0,,,,
45825,25:14.000,25:14.007,3,549.0,746.0,713.0,950.0,1158.0,784.0,1293.0,987.0,1575.0,764.0,1731.0,973.0,,,,
45840,25:14.500,25:14.507,3,1603.0,821.0,1761.0,1023.0,1189.0,858.0,1327.0,1063.0,591.0,835.0,752.0,1032.0,,,,
45855,25:15.000,25:15.007,3,572.0,832.0,738.0,1038.0,1163.0,858.0,1301.0,1062.0,1573.0,819.0,1730.0,1021.0,,,,
45870,25:15.500,25:15.507,3,540.0,733.0,707.0,959.0,1162.0,821.0,1299.0,1020.0,1561.0,778.0,1715.0,978.0,,,,
45885,25:16.000,25:16.007,3,239.0,683.0,432.0,923.0,943.0,806.0,1085.0,1007.0,1334.0,769.0,1479.0,960.0,,,,
45900,25:16.500,25:16.508,3,269.0,706.0,461.0,944.0,1340.0,772.0,1486.0,963.0,960.0,816.0,1100.0,1020.0,,,,
45915,25:17.000,25:17.008,3,197.0,747.0,397.0,986.0,1294.0,790.0,1438.0,986.0,906.0,838.0,1047.0,1045.0,,,,
45930,25:17.500,25:17.508,3,124.0,747.0,331.0,1002.0,866.0,831.0,1008.0,1041.0,1250.0,776.0,1395.0,969.0,,,,
45945,25:18.000,25:18.008,3,269.0,770.0,463.0,1019.0,962.0,851.0,1104.0,1059.0,1348.0,792.0,1495.0,985.0,,,,
45960,25:18.500,25:18.508,3,259.0,804.0,453.0,1050.0,944.0,856.0,1085.0,1067.0,1341.0,801.0,1490.0,999.0,,,,
45975,25:19.000,25:19.008,3,287.0,812.0,479.0,1054.0,1356.0,802.0,1504.0,993.0,964.0,859.0,1102.0,1061.0,,,,
45990,25:19.500,25:19.508,3,287.0,818.0,480.0,1063.0,1358.0,805.0,1507.0,996.0,967.0,863.0,1107.0,1066.0,,,,
46005,25:20.000,25:20.008,3,281.0,835.0,476.0,1080.0,975.0,871.0,1114.0,1079.0,1356.0,810.0,1506.0,1008.0,,,,
46020,25:20.500,25:20.508,3,250.0,832.0,448.0,1074.0,954.0,858.0,1095.0,1057.0,1331.0,799.0,1478.0,991.0,,,,
46035,25:21.000,25:21.010,3,143.0,847.0,355.0,1107.0,1258.0,822.0,1405.0,1014.0,852.0,863.0,996.0,1064.0,,,,
46050,25:21.500,25:21.510,3,87.0,817.0,304.0,1075.0,791.0,847.0,942.0,1070.0,1225.0,783.0,1371.0,974.0,,,,
46065,25:22.000,25:22.010,3,77.0,868.0,295.0,1130.0,779.0,888.0,930.0,1112.0,1218.0,810.0,1366.0,1010.0,,,,
46080,25:22.500,25:22.510,3,135.0,845.0,348.0,1106.0,817.0,870.0,962.0,1092.0,1257.0,804.0,1402.0,998.0,,,,
46095,25:23.000,25:23.010,3,341.0,809.0,525.0,1053.0,970.0,846.0,1109.0,1057.0,1401.0,786.0,1550.0,984.0,,,,
46110,25:23.500,25:23.510,3,391.0,784.0,573.0,1022.0,1433.0,779.0,1581.0,977.0,1009.0,827.0,1148.0,1038.0,,,,
46125,25:24.000,25:24.010,3,447.0,779.0,624.0,1015.0,1066.0,854.0,1205.0,1065.0,1479.0,814.0,1630.0,1019.0,,,,
46140,25:24.500,25:24.510,3,446.0,837.0,624.0,1077.0,1480.0,886.0,1632.0,1086.0,1078.0,922.0,1219.0,1135.0,,,,
46155,25:25.000,25:25.012,3,450.0,800.0,626.0,1034.0,1483.0,848.0,1633.0,1051.0,1094.0,883.0,1236.0,1092.0,,,,
46170,25:25.500,25:25.512,3,444.0,817.0,620.0,1050.0,1092.0,894.0,1235.0,1105.0,1480.0,867.0,1632.0,1067.0,,,,
46185,25:26.000,25:26.012,3,441.0,777.0,616.0,1014.0,1479.0,836.0,1629.0,1038.0,1086.0,871.0,1226.0,1076.0,,,,
46200,25:26.500,25:26.512,3,1684.0,684.0,1844.0,908.0,2185.0,639.0,2407.0,883.0,1085.0,614.0,1231.0,825.0,,,,
46215,25:27.000,25:27.012,3,1978.0,592.0,2173.0,822.0,1512.0,639.0,1656.0,846.0,936.0,556.0,1081.0,771.0,,,,
46230,25:27.500,25:27.512,3,1943.0,777.0,2135.0,998.0,917.0,728.0,1062.0,939.0,1488.0,805.0,1633.0,1017.0,,,,
46245,25:28.000,25:28.012,3,2016.0,753.0,2222.0,983.0,1552.0,780.0,1699.0,992.0,975.0,703.0,1119.0,907.0,,,,
46260,25:28.500,25:28.512,3,258.0,608.0,451.0,859.0,946.0,697.0,1084.0,897.0,1333.0,651.0,1482.0,841.0,,,,
46275,25:29.000,25:29.012,3,147.0,508.0,355.0,773.0,876.0,610.0,1018.0,816.0,1266.0,581.0,1413.0,778.0,,,,
46290,25:29.500,25:29.505,3,204.0,545.0,402.0,805.0,1306.0,600.0,1451.0,810.0,903.0,641.0,1044.0,845.0,,,,
46305,25:30.000,25:30.005,3,242.0,559.0,437.0,816.0,1329.0,616.0,1480.0,820.0,927.0,654.0,1067.0,858.0,,,,
46320,25:30.500,25:30.505,3,437.0,626.0,612.0,862.0,1481.0,666.0,1632.0,868.0,1076.0,702.0,1216.0,906.0,,,,
46335,25:31.000,25:31.005,3,514.0,630.0,681.0,859.0,1556.0,688.0,1710.0,894.0,1145.0,717.0,1284.0,925.0,,,,
46350,25:31.500,25:31.505,3,2084.0,809.0,2299.0,1051.0,1588.0,804.0,1744.0,1019.0,997.0,685.0,1142.0,885.0,,,,
46365,25:32.000,25:32.005,2,1779.0,704.0,1951.0,939.0,1171.0,601.0,1315.0,812.0,,,,,,,,
46380,25:32.500,25:32.505,3,612.0,469.0,779.0,699.0,1645.0,541.0,1809.0,759.0,1221.0,576.0,1362.0,790.0,,,,
46395,25:33.000,25:33.005,3,552.0,340.0,727.0,575.0,1611.0,404.0,1774.0,624.0,1183.0,443.0,1326.0,653.0,,,,
46410,25:33.500,25:33.505,3,557.0,404.0,730.0,638.0,1601.0,494.0,1762.0,707.0,1194.0,518.0,1336.0,726.0,,,,
46425,25:34.000,25:34.007,3,589.0,378.0,759.0,608.0,1631.0,461.0,1797.0,681.0,1216.0,488.0,1360.0,696.0,,,,
46440,25:34.500,25:34.507,3,521.0,402.0,693.0,638.0,1562.0,498.0,1721.0,714.0,1150.0,520.0,1290.0,725.0,,,,
46455,25:35.000,25:35.007,3,529.0,404.0,701.0,638.0,1564.0,508.0,1725.0,720.0,1155.0,521.0,1296.0,729.0,,,,
46470,25:35.500,25:35.507,3,505.0,432.0,679.0,662.0,1540.0,536.0,1698.0,745.0,1135.0,547.0,1274.0,755.0,,,,
46485,25:36.000,25:36.007,3,1749.0,687.0,1923.0,896.0,746.0,577.0,899.0,798.0,1327.0,692.0,1470.0,896.0,,,,
46500,25:36.500,25:36.507,3,1775.0,653.0,1952.0,876.0,771.0,621.0,923.0,833.0,1354.0,693.0,1494.0,908.0,,,,
46515,25:37.000,25:37.007,3,507.0,620.0,678.0,846.0,1523.0,696.0,1680.0,897.0,1123.0,714.0,1263.0,917.0,,,,
46530,25:37.500,25:37.507,3,369.0,867.0,556.0,1099.0,1417.0,746.0,1575.0,940.0,1034.0,840.0,1176.0,1045.0,,,,
46545,25:38.000,25:38.008,3,73.0,915.0,306.0,1164.0,812.0,778.0,967.0,988.0,1188.0,622.0,1351.0,820.0,,,,
46560,25:38.500,25:38.508,3,39.0,794.0,278.0,1041.0,767.0,685.0,931.0,901.0,1173.0,529.0,1334.0,731.0,,,,
46575,25:39.000,25:39.008,3,428.0,653.0,618.0,884.0,1023.0,596.0,1177.0,815.0,1450.0,454.0,1620.0,659.0,,,,
46590,25:39.500,25:39.508,3,480.0,514.0,669.0,745.0,1518.0,326.0,1689.0,546.0,1082.0,474.0,1232.0,689.0,,,,
46605,25:40.000,25:40.008,3,348.0,574.0,549.0,820.0,1407.0,437.0,1571.0,650.0,997.0,548.0,1145.0,771.0,,,,
46620,25:40.500,25:40.508,3,388.0,445.0,580.0,684.0,1462.0,400.0,1623.0,613.0,1043.0,482.0,1186.0,696.0,,,,
46635,25:41.000,25:41.008,3,434.0,363.0,618.0,606.0,1511.0,357.0,1676.0,575.0,1092.0,422.0,1237.0,646.0,,,,
46650,25:41.500,25:41.508,3,307.0,467.0,501.0,718.0,988.0,513.0,1133.0,736.0,1396.0,449.0,1553.0,658.0,,,,
46665,25:42.000,25:42.008,3,293.0,449.0,495.0,703.0,1387.0,433.0,1545.0,643.0,977.0,496.0,1123.0,717.0,,,,
46680,25:42.500,25:42.510,3,399.0,385.0,588.0,631.0,1467.0,310.0,1633.0,539.0,1059.0,407.0,1203.0,627.0,,,,
46695,25:43.000,25:43.010,3,405.0,372.0,594.0,620.0,1479.0,335.0,1643.0,555.0,1055.0,405.0,1198.0,637.0,,,,
46710,25:43.500,25:43.510,3,359.0,449.0,550.0,693.0,1429.0,404.0,1587.0,620.0,1000.0,466.0,1143.0,686.0,,,,
46725,25:44.000,25:44.010,3,340.0,539.0,529.0,776.0,977.0,512.0,1121.0,733.0,1399.0,450.0,1557.0,659.0,,,,
46740,25:44.500,25:44.510,3,265.0,528.0,464.0,785.0,937.0,547.0,1084.0,770.0,1354.0,480.0,1511.0,689.0,,,,
46755,25:45.000,25:45.010,3,237.0,515.0,440.0,777.0,943.0,560.0,1090.0,781.0,1354.0,496.0,1511.0,702.0,,,,
46770,25:45.500,25:45.510,3,260.0,503.0,460.0,766.0,950.0,559.0,1095.0,781.0,1363.0,491.0,1521.0,701.0,,,,
46785,25:46.000,25:46.010,3,284.0,503.0,483.0,760.0,1384.0,495.0,1540.0,706.0,970.0,558.0,1114.0,783.0,,,,
46800,25:46.500,25:46.512,3,280.0,490.0,483.0,751.0,968.0,546.0,1111.0,771.0,1379.0,482.0,1535.0,693.0,,,,
46815,25:47.000,25:47.012,3,283.0,486.0,483.0,740.0,965.0,540.0,1107.0,765.0,1377.0,471.0,1533.0,681.0,,,,
46830,25:47.500,25:47.512,3,288.0,461.0,489.0,724.0,1382.0,452.0,1540.0,661.0,968.0,521.0,1114.0,745.0,,,,
46845,25:48.000,25:48.012,3,303.0,467.0,499.0,723.0,980.0,528.0,1123.0,751.0,1392.0,458.0,1551.0,665.0,,,,
46860,25:48.500,25:48.512,3,265.0,455.0,466.0,711.0,1367.0,454.0,1523.0,661.0,959.0,521.0,1101.0,740.0,,,,
46875,25:49.000,25:49.012,3,275.0,446.0,472.0,702.0,1380.0,450.0,1535.0,657.0,971.0,504.0,1114.0,724.0,,,,
46890,25:49.500,25:49.512,3,1786.0,393.0,1969.0,615.0,728.0,529.0,889.0,756.0,1336.0,517.0,1481.0,737.0,,,,
46905,25:50.000,25:50.003,3,1843.0,410.0,2030.0,640.0,772.0,576.0,931.0,786.0,1379.0,544.0,1525.0,769.0,,,,
46920,25:50.500,25:50.503,3,1723.0,409.0,1896.0,632.0,654.0,549.0,820.0,774.0,1275.0,538.0,1417.0,759.0,,,,
46935,25:51.000,25:51.005,3,349.0,516.0,539.0,764.0,1461.0,421.0,1617.0,636.0,1033.0,525.0,1177.0,744.0,,,,
46950,25:51.500,25:51.505,3,356.0,487.0,540.0,737.0,1453.0,431.0,1610.0,644.0,1026.0,525.0,1168.0,747.0,,,,
46965,25:52.000,25:52.005,3,414.0,476.0,593.0,721.0,1484.0,467.0,1639.0,676.0,1051.0,542.0,1194.0,761.0,,,,
46980,25:52.500,25:52.505,3,420.0,469.0,599.0,713.0,1478.0,466.0,1633.0,678.0,1049.0,536.0,1195.0,761.0,,,,
46995,25:53.000,25:53.005,3,416.0,453.0,596.0,698.0,1472.0,456.0,1627.0,670.0,1044.0,528.0,1187.0,744.0,,,,
47010,25:53.500,25:53.505,3,414.0,445.0,595.0,690.0,1468.0,447.0,1627.0,660.0,1045.0,521.0,1189.0,737.0,,,,
47025,25:54.000,25:54.005,3,438.0,434.0,616.0,676.0,1489.0,444.0,1647.0,659.0,1066.0,514.0,1209.0,736.0,,,,
47040,25:54.500,25:54.505,3,602.0,408.0,770.0,640.0,1638.0,367.0,1807.0,594.0,1204.0,466.0,1348.0,689.0,,,,
47055,25:55.000,25:55.007,3,1634.0,312.0,1806.0,544.0,587.0,353.0,757.0,593.0,1196.0,407.0,1341.0,628.0,,,,
47070,25:55.500,25:55.507,3,465.0,324.0,645.0,569.0,1527.0,329.0,1691.0,562.0,1096.0,403.0,1242.0,622.0,,,,
47085,25:56.000,25:56.007,3,403.0,326.0,589.0,571.0,1482.0,341.0,1642.0,566.0,1053.0,408.0,1197.0,624.0,,,,
47100,25:56.500,25:56.507,3,364.0,327.0,554.0,576.0,1454.0,356.0,1612.0,576.0,1028.0,412.0,1175.0,629.0,,,,
47115,25:57.000,25:57.007,3,220.0,401.0,423.0,661.0,917.0,498.0,1065.0,713.0,1340.0,443.0,1493.0,659.0,,,,
47130,25:57.500,25:57.507,3,219.0,462.0,421.0,720.0,1331.0,505.0,1483.0,718.0,913.0,555.0,1059.0,773.0,,,,
47145,25:58.000,25:58.007,3,227.0,464.0,429.0,722.0,907.0,555.0,1053.0,775.0,1338.0,509.0,1490.0,723.0,,,,
47160,25:58.500,25:58.507,3,266.0,450.0,463.0,709.0,919.0,544.0,1064.0,764.0,1373.0,492.0,1523.0,713.0,,,,
47175,25:59.000,25:59.007,3,275.0,444.0,471.0,703.0,928.0,536.0,1074.0,758.0,1378.0,487.0,1528.0,702.0,,,,
47190,25:59.500,25:59.508,3,263.0,452.0,460.0,710.0,1369.0,492.0,1520.0,707.0,922.0,544.0,1066.0,763.0,,,,
47205,26:00.000,26:00.008,3,268.0,455.0,464.0,712.0,1376.0,488.0,1527.0,702.0,928.0,543.0,1071.0,762.0,,,,
47220,26:00.500,26:00.508,3,263.0,445.0,460.0,705.0,1375.0,488.0,1525.0,702.0,925.0,538.0,1070.0,758.0,,,,
47235,26:01.000,26:01.008,3,253.0,442.0,451.0,697.0,1372.0,488.0,1522.0,700.0,921.0,540.0,1064.0,757.0,,,,
47250,26:01.500,26:01.508,3,257.0,433.0,454.0,691.0,1378.0,487.0,1526.0,700.0,927.0,533.0,1072.0,754.0,,,,
47265,26:02.000,26:02.008,3,266.0,430.0,464.0,690.0,949.0,528.0,1092.0,754.0,1381.0,485.0,1531.0,701.0,,,,
47280,26:02.500,26:02.508,3,264.0,402.0,463.0,658.0,1370.0,470.0,1521.0,678.0,944.0,509.0,1090.0,721.0,,,,
47295,26:03.000,26:03.008,3,247.0,375.0,449.0,637.0,933.0,488.0,1082.0,713.0,1360.0,451.0,1512.0,663.0,,,,
47310,26:03.500,26:03.510,3,241.0,373.0,443.0,632.0,932.0,486.0,1080.0,702.0,1356.0,442.0,1508.0,651.0,,,,
47325,26:04.000,26:04.010,3,241.0,378.0,444.0,636.0,933.0,490.0,1080.0,713.0,1359.0,445.0,1510.0,651.0,,,,
47340,26:04.500,26:04.510,3,242.0,377.0,445.0,635.0,934.0,490.0,1082.0,709.0,1363.0,445.0,1513.0,652.0,,,,
47355,26:05.000,26:05.010,3,252.0,376.0,451.0,630.0,941.0,490.0,1090.0,707.0,1369.0,441.0,1520.0,649.0,,,,
47370,26:05.500,26:05.510,3,234.0,389.0,436.0,643.0,926.0,497.0,1078.0,718.0,1357.0,447.0,1508.0,654.0,,,,
47385,26:06.000,26:06.010,3,332.0,407.0,522.0,654.0,1426.0,437.0,1579.0,645.0,1003.0,500.0,1148.0,715.0,,,,
47400,26:06.500,26:06.510,3,302.0,405.0,494.0,657.0,1401.0,448.0,1553.0,657.0,977.0,505.0,1122.0,718.0,,,,
47415,26:07.000,26:07.010,3,310.0,397.0,500.0,648.0,1406.0,441.0,1561.0,651.0,982.0,495.0,1130.0,714.0,,,,
47430,26:07.500,26:07.510,3,319.0,387.0,510.0,638.0,1418.0,437.0,1571.0,642.0,995.0,488.0,1141.0,703.0,,,,
47445,26:08.000,26:08.012,3,307.0,382.0,499.0,634.0,986.0,485.0,1136.0,704.0,1412.0,434.0,1563.0,642.0,,,,
47460,26:08.500,26:08.512,3,4.0,402.0,236.0,669.0,774.0,548.0,929.0,775.0,1203.0,527.0,1347.0,728.0,,,,
47475,26:09.000,26:09.012,3,743.0,583.0,900.0,802.0,-26.0,427.0,197.0,698.0,1174.0,563.0,1319.0,762.0,,,,
47490,26:09.500,26:09.512,3,9.0,422.0,236.0,689.0,770.0,576.0,925.0,801.0,1199.0,554.0,1343.0,756.0,,,,
47505,26:10.000,26:10.012,3,-7.0,479.0,217.0,748.0,758.0,623.0,911.0,842.0,1183.0,596.0,1329.0,798.0,,,,
47520,26:10.500,26:10.503,3,1.0,496.0,228.0,772.0,765.0,644.0,919.0,861.0,1191.0,613.0,1334.0,817.0,,,,
47535,26:11.000,26:11.003,3,58.0,506.0,279.0,774.0,824.0,646.0,971.0,851.0,1230.0,607.0,1374.0,807.0,,,,
47550,26:11.500,26:11.503,3,-6.0,498.0,221.0,774.0,771.0,622.0,919.0,837.0,1187.0,593.0,1332.0,790.0,,,,
47565,26:12.000,26:12.005,3,21.0,495.0,246.0,770.0,777.0,625.0,928.0,837.0,1203.0,595.0,1349.0,792.0,,,,
47580,26:12.500,26:12.505,3,14.0,501.0,238.0,775.0,774.0,635.0,925.0,850.0,1201.0,603.0,1346.0,799.0,,,,
47595,26:13.000,26:13.005,3,87.0,476.0,305.0,747.0,823.0,618.0,972.0,836.0,1245.0,590.0,1392.0,788.0,,,,
47610,26:13.500,26:13.505,3,92.0,399.0,307.0,662.0,828.0,526.0,974.0,737.0,1258.0,493.0,1401.0,691.0,,,,
47625,26:14.000,26:14.005,3,326.0,445.0,516.0,691.0,986.0,563.0,1133.0,776.0,1412.0,532.0,1561.0,738.0,,,,
47640,26:14.500,26:14.505,3,404.0,458.0,583.0,703.0,1467.0,545.0,1618.0,754.0,1043.0,582.0,1187.0,790.0,,,,
47655,26:15.000,26:15.005,3,388.0,477.0,572.0,722.0,1452.0,575.0,1605.0,780.0,1025.0,609.0,1168.0,813.0,,,,
47670,26:15.500,26:15.505,3,64.0,461.0,282.0,727.0,785.0,591.0,930.0,808.0,1233.0,561.0,1379.0,758.0,,,,
47685,26:16.000,26:16.005,3,23.0,425.0,250.0,693.0,758.0,560.0,908.0,780.0,1207.0,529.0,1353.0,732.0,,,,
47700,26:16.500,26:16.507,3,701.0,533.0,852.0,749.0,-56.0,388.0,167.0,660.0,1157.0,496.0,1306.0,701.0,,,,
47715,26:17.000,26:17.007,2,642.0,463.0,802.0,684.0,1108.0,436.0,1257.0,640.0,,,,,,,,
