frame,time,actual_video_time,faces_detected_count,face_0_tl_x,face_0_tl_y,face_0_br_x,face_0_br_y,face_1_tl_x,face_1_tl_y,face_1_br_x,face_1_br_y,face_2_tl_x,face_2_tl_y,face_2_br_x,face_2_br_y
41646,22:55.000,22:55.007,3,531.0,662.0,705.0,901.0,1056.0,719.0,1227.0,958.0,1501.0,671.0,1642.0,885.0
41661,22:55.500,22:55.508,3,599.0,621.0,764.0,850.0,1106.0,686.0,1277.0,923.0,1556.0,633.0,1699.0,842.0
41676,22:56.000,22:56.008,3,611.0,604.0,777.0,832.0,1114.0,677.0,1286.0,914.0,1567.0,622.0,1710.0,831.0
41691,22:56.500,22:56.508,3,1144.0,705.0,1317.0,944.0,643.0,633.0,805.0,859.0,1600.0,648.0,1744.0,861.0
41706,22:57.000,22:57.008,3,1152.0,709.0,1324.0,944.0,644.0,636.0,808.0,864.0,1604.0,650.0,1748.0,865.0
41721,22:57.500,22:57.508,3,1242.0,680.0,1415.0,913.0,745.0,608.0,903.0,831.0,1700.0,612.0,1854.0,836.0
41736,22:58.000,22:58.008,3,1260.0,671.0,1432.0,907.0,1717.0,599.0,1873.0,826.0,757.0,598.0,915.0,820.0
41751,22:58.500,22:58.508,3,1267.0,671.0,1439.0,908.0,770.0,600.0,926.0,821.0,1730.0,602.0,1882.0,828.0
41766,22:59.000,22:59.008,3,1259.0,659.0,1433.0,895.0,758.0,588.0,914.0,819.0,1729.0,592.0,1881.0,819.0
41781,22:59.500,22:59.508,3,1248.0,651.0,1420.0,885.0,1717.0,582.0,1872.0,807.0,751.0,589.0,909.0,810.0
41796,23:00.000,23:00.010,3,1234.0,640.0,1409.0,875.0,1702.0,570.0,1857.0,796.0,739.0,578.0,900.0,802.0
41811,23:00.500,23:00.510,3,1231.0,658.0,1406.0,896.0,747.0,598.0,907.0,820.0,1708.0,596.0,1861.0,823.0
41826,23:01.000,23:01.010,3,1222.0,659.0,1397.0,896.0,739.0,593.0,899.0,817.0,1699.0,594.0,1852.0,819.0
41841,23:01.500,23:01.510,3,1219.0,648.0,1395.0,884.0,729.0,591.0,889.0,809.0,1694.0,575.0,1849.0,803.0
41856,23:02.000,23:02.010,3,1230.0,657.0,1403.0,894.0,728.0,593.0,886.0,816.0,1692.0,584.0,1847.0,809.0
41871,23:02.500,23:02.510,3,1234.0,659.0,1407.0,896.0,726.0,602.0,884.0,830.0,1689.0,585.0,1844.0,811.0
41886,23:03.000,23:03.010,3,1225.0,659.0,1399.0,894.0,716.0,605.0,879.0,827.0,1682.0,583.0,1834.0,812.0
41901,23:03.500,23:03.510,3,1212.0,658.0,1385.0,896.0,703.0,602.0,866.0,828.0,1679.0,580.0,1828.0,804.0
41916,23:04.000,23:04.003,3,1194.0,672.0,1367.0,910.0,689.0,613.0,852.0,836.0,1656.0,589.0,1804.0,813.0
41931,23:04.500,23:04.503,3,1190.0,671.0,1362.0,907.0,700.0,604.0,863.0,829.0,1649.0,589.0,1798.0,817.0
41946,23:05.000,23:05.003,3,1190.0,687.0,1363.0,924.0,703.0,620.0,865.0,846.0,1648.0,610.0,1796.0,829.0
41961,23:05.500,23:05.503,3,1179.0,749.0,1351.0,982.0,685.0,694.0,848.0,909.0,1633.0,668.0,1783.0,886.0
41976,23:06.000,23:06.003,3,1183.0,773.0,1353.0,1007.0,672.0,717.0,835.0,939.0,1628.0,702.0,1774.0,923.0
41991,23:06.500,23:06.503,3,1170.0,754.0,1341.0,985.0,654.0,702.0,817.0,917.0,1617.0,682.0,1763.0,901.0
42006,23:07.000,23:07.003,3,656.0,705.0,817.0,922.0,1172.0,755.0,1342.0,986.0,1615.0,681.0,1761.0,900.0
42021,23:07.500,23:07.503,3,1173.0,719.0,1343.0,954.0,658.0,668.0,819.0,891.0,1619.0,650.0,1764.0,867.0
42036,23:08.000,23:08.003,3,1168.0,719.0,1339.0,951.0,657.0,668.0,820.0,891.0,1616.0,646.0,1761.0,861.0
42051,23:08.500,23:08.505,3,670.0,655.0,833.0,879.0,1181.0,692.0,1353.0,928.0,1630.0,617.0,1780.0,834.0
42066,23:09.000,23:09.005,3,1184.0,676.0,1355.0,912.0,672.0,630.0,835.0,852.0,1633.0,601.0,1781.0,823.0
42081,23:09.500,23:09.505,3,1173.0,649.0,1347.0,881.0,662.0,593.0,824.0,820.0,1624.0,569.0,1772.0,790.0
42096,23:10.000,23:10.005,3,1154.0,656.0,1324.0,889.0,642.0,616.0,807.0,841.0,1603.0,571.0,1749.0,796.0
42111,23:10.500,23:10.505,3,1147.0,657.0,1319.0,891.0,636.0,612.0,802.0,839.0,1598.0,578.0,1745.0,803.0
42126,23:11.000,23:11.005,3,1131.0,654.0,1301.0,890.0,601.0,606.0,769.0,835.0,1580.0,580.0,1725.0,799.0
42141,23:11.500,23:11.505,3,1131.0,654.0,1301.0,894.0,596.0,604.0,763.0,834.0,1581.0,582.0,1726.0,802.0
42156,23:12.000,23:12.005,3,1112.0,652.0,1284.0,888.0,580.0,611.0,750.0,837.0,1563.0,578.0,1710.0,799.0
42171,23:12.500,23:12.507,3,1118.0,650.0,1291.0,887.0,590.0,603.0,760.0,832.0,1570.0,572.0,1718.0,795.0
42186,23:13.000,23:13.007,3,1132.0,651.0,1302.0,887.0,604.0,601.0,773.0,833.0,1582.0,579.0,1727.0,800.0
42201,23:13.500,23:13.507,3,608.0,609.0,776.0,837.0,1135.0,652.0,1307.0,892.0,1586.0,585.0,1732.0,805.0
42216,23:14.000,23:14.007,3,1126.0,654.0,1296.0,892.0,597.0,615.0,766.0,844.0,1575.0,585.0,1722.0,805.0
42231,23:14.500,23:14.507,3,1116.0,663.0,1290.0,902.0,589.0,623.0,760.0,859.0,1569.0,598.0,1712.0,815.0
42246,23:15.000,23:15.007,3,1104.0,675.0,1277.0,918.0,577.0,629.0,746.0,863.0,1556.0,616.0,1698.0,824.0
42261,23:15.500,23:15.507,3,1118.0,725.0,1291.0,961.0,595.0,682.0,762.0,907.0,1565.0,664.0,1708.0,881.0
42276,23:16.000,23:16.007,3,599.0,718.0,766.0,939.0,1122.0,755.0,1294.0,990.0,1568.0,694.0,1709.0,907.0
42291,23:16.500,23:16.508,3,582.0,722.0,753.0,945.0,1117.0,753.0,1288.0,986.0,1555.0,696.0,1697.0,908.0
42306,23:17.000,23:17.008,3,521.0,722.0,698.0,948.0,1067.0,759.0,1238.0,997.0,1494.0,705.0,1633.0,920.0
42321,23:17.500,23:17.508,3,552.0,655.0,725.0,886.0,1079.0,715.0,1251.0,950.0,1520.0,665.0,1661.0,877.0
42336,23:18.000,23:18.008,3,1068.0,734.0,1240.0,968.0,562.0,689.0,732.0,910.0,1520.0,685.0,1663.0,900.0
42351,23:18.500,23:18.508,3,1069.0,781.0,1241.0,1019.0,574.0,717.0,745.0,946.0,1529.0,734.0,1672.0,952.0
42366,23:19.000,23:19.008,3,1041.0,708.0,1216.0,945.0,546.0,634.0,720.0,862.0,1509.0,674.0,1650.0,890.0
42381,23:19.500,23:19.508,3,488.0,608.0,665.0,834.0,996.0,686.0,1173.0,922.0,1458.0,653.0,1597.0,865.0
42396,23:20.000,23:20.008,3,975.0,702.0,1152.0,942.0,456.0,628.0,637.0,862.0,1434.0,666.0,1568.0,877.0
42411,23:20.500,23:20.508,3,972.0,662.0,1149.0,903.0,451.0,593.0,634.0,820.0,1431.0,634.0,1567.0,845.0
42426,23:21.000,23:21.010,3,484.0,599.0,661.0,835.0,993.0,670.0,1166.0,905.0,1454.0,638.0,1591.0,847.0
42441,23:21.500,23:21.510,3,987.0,670.0,1162.0,906.0,478.0,603.0,657.0,837.0,1451.0,633.0,1589.0,843.0
42456,23:22.000,23:22.010,3,985.0,671.0,1160.0,904.0,482.0,576.0,661.0,811.0,1450.0,639.0,1588.0,848.0
42471,23:22.500,23:22.510,3,970.0,655.0,1147.0,895.0,461.0,573.0,643.0,800.0,1432.0,636.0,1567.0,849.0
42486,23:23.000,23:23.010,3,960.0,640.0,1136.0,880.0,434.0,545.0,619.0,790.0,1414.0,617.0,1551.0,835.0
42501,23:23.500,23:23.510,3,442.0,529.0,625.0,767.0,963.0,630.0,1140.0,871.0,1417.0,608.0,1554.0,831.0
42516,23:24.000,23:24.002,3,430.0,528.0,612.0,771.0,959.0,637.0,1133.0,877.0,1417.0,616.0,1555.0,834.0
42531,23:24.500,23:24.502,3,416.0,510.0,602.0,754.0,955.0,623.0,1129.0,864.0,1409.0,602.0,1547.0,820.0
42546,23:25.000,23:25.003,3,955.0,629.0,1129.0,868.0,414.0,518.0,601.0,759.0,1406.0,612.0,1545.0,831.0
42561,23:25.500,23:25.503,3,963.0,623.0,1135.0,864.0,410.0,514.0,597.0,756.0,1404.0,606.0,1543.0,825.0
42576,23:26.000,23:26.003,3,386.0,521.0,576.0,768.0,932.0,621.0,1106.0,865.0,1388.0,608.0,1524.0,825.0
42591,23:26.500,23:26.503,3,925.0,634.0,1103.0,879.0,401.0,526.0,586.0,774.0,1395.0,610.0,1534.0,829.0
42606,23:27.000,23:27.003,3,935.0,655.0,1110.0,887.0,409.0,520.0,599.0,768.0,1400.0,611.0,1538.0,832.0
42621,23:27.500,23:27.503,3,943.0,660.0,1116.0,899.0,418.0,549.0,604.0,787.0,1406.0,639.0,1543.0,856.0
42636,23:28.000,23:28.003,3,439.0,694.0,620.0,925.0,955.0,801.0,1127.0,1043.0,1410.0,783.0,1547.0,996.0
42651,23:28.500,23:28.503,3,979.0,692.0,1151.0,928.0,456.0,576.0,638.0,807.0,1424.0,682.0,1563.0,895.0
42666,23:29.000,23:29.005,3,445.0,597.0,629.0,831.0,980.0,696.0,1152.0,934.0,1422.0,684.0,1559.0,899.0
42681,23:29.500,23:29.505,3,465.0,578.0,645.0,810.0,978.0,682.0,1152.0,923.0,1449.0,667.0,1585.0,882.0
42696,23:30.000,23:30.005,3,991.0,712.0,1166.0,946.0,482.0,593.0,660.0,829.0,1492.0,681.0,1628.0,895.0
42711,23:30.500,23:30.505,3,1021.0,665.0,1191.0,894.0,489.0,547.0,670.0,785.0,1507.0,617.0,1649.0,843.0
42726,23:31.000,23:31.005,3,1029.0,633.0,1201.0,865.0,512.0,511.0,691.0,754.0,1511.0,574.0,1655.0,803.0
42741,23:31.500,23:31.505,3,495.0,510.0,677.0,757.0,1013.0,630.0,1182.0,865.0,1529.0,583.0,1675.0,815.0
42756,23:32.000,23:32.005,3,1026.0,633.0,1198.0,870.0,501.0,513.0,683.0,757.0,1513.0,599.0,1661.0,817.0
42771,23:32.500,23:32.505,3,1023.0,674.0,1197.0,915.0,515.0,562.0,691.0,796.0,1494.0,651.0,1639.0,865.0
42786,23:33.000,23:33.005,3,1029.0,735.0,1201.0,967.0,526.0,618.0,702.0,852.0,1491.0,709.0,1634.0,923.0
42801,23:33.500,23:33.507,3,1041.0,680.0,1215.0,927.0,556.0,573.0,730.0,801.0,1517.0,671.0,1666.0,890.0
42816,23:34.000,23:34.007,3,1063.0,731.0,1236.0,977.0,577.0,618.0,748.0,844.0,1538.0,715.0,1684.0,938.0
42831,23:34.500,23:34.507,3,1169.0,770.0,1343.0,1006.0,685.0,659.0,848.0,882.0,1644.0,742.0,1799.0,965.0
42846,23:35.000,23:35.007,3,1188.0,740.0,1360.0,975.0,1644.0,710.0,1798.0,940.0,685.0,630.0,848.0,856.0
42861,23:35.500,23:35.507,3,1176.0,740.0,1345.0,973.0,1639.0,709.0,1792.0,931.0,680.0,628.0,844.0,854.0
42876,23:36.000,23:36.007,3,618.0,640.0,788.0,864.0,1109.0,753.0,1280.0,989.0,1568.0,734.0,1715.0,955.0
42891,23:36.500,23:36.507,3,1030.0,759.0,1203.0,996.0,526.0,651.0,702.0,883.0,1486.0,730.0,1630.0,946.0
42906,23:37.000,23:37.007,3,411.0,473.0,601.0,723.0,951.0,592.0,1124.0,834.0,1409.0,565.0,1556.0,785.0
42921,23:37.500,23:37.508,3,867.0,533.0,1046.0,774.0,300.0,408.0,499.0,663.0,1328.0,500.0,1465.0,721.0
42936,23:38.000,23:38.008,3,359.0,570.0,553.0,812.0,896.0,689.0,1073.0,931.0,1336.0,667.0,1473.0,879.0
42951,23:38.500,23:38.508,3,372.0,598.0,564.0,838.0,909.0,708.0,1085.0,943.0,1350.0,678.0,1487.0,890.0
42966,23:39.000,23:39.008,3,953.0,685.0,1125.0,925.0,412.0,580.0,602.0,815.0,1385.0,663.0,1524.0,879.0
42981,23:39.500,23:39.508,3,947.0,683.0,1121.0,925.0,413.0,581.0,601.0,816.0,1387.0,657.0,1524.0,877.0
42996,23:40.000,23:40.008,3,942.0,708.0,1119.0,949.0,427.0,610.0,613.0,845.0,1393.0,678.0,1532.0,894.0
43011,23:40.500,23:40.508,3,960.0,687.0,1137.0,932.0,456.0,590.0,641.0,819.0,1416.0,670.0,1555.0,891.0
43026,23:41.000,23:41.008,3,489.0,531.0,669.0,773.0,993.0,646.0,1168.0,885.0,1449.0,618.0,1590.0,839.0
43041,23:41.500,23:41.510,3,1019.0,624.0,1192.0,862.0,512.0,512.0,689.0,752.0,1470.0,588.0,1613.0,809.0
43056,23:42.000,23:42.010,3,493.0,521.0,675.0,764.0,1001.0,636.0,1177.0,877.0,1451.0,608.0,1594.0,830.0
43071,23:42.500,23:42.510,3,985.0,634.0,1159.0,874.0,463.0,524.0,646.0,762.0,1429.0,605.0,1567.0,824.0
43086,23:43.000,23:43.010,3,979.0,660.0,1151.0,894.0,453.0,545.0,636.0,783.0,1421.0,626.0,1560.0,842.0
43101,23:43.500,23:43.510,3,441.0,536.0,625.0,778.0,969.0,653.0,1141.0,883.0,1410.0,617.0,1552.0,842.0
43116,23:44.000,23:44.002,3,475.0,595.0,657.0,819.0,1003.0,694.0,1174.0,925.0,1436.0,666.0,1572.0,882.0
43131,23:44.500,23:44.502,3,460.0,653.0,643.0,887.0,993.0,756.0,1163.0,987.0,1417.0,718.0,1555.0,934.0
43146,23:45.000,23:45.002,3,471.0,613.0,654.0,842.0,995.0,722.0,1167.0,951.0,1430.0,682.0,1569.0,899.0
43161,23:45.500,23:45.502,3,467.0,589.0,648.0,815.0,976.0,689.0,1153.0,926.0,1443.0,658.0,1583.0,872.0
43176,23:46.000,23:46.003,3,469.0,573.0,648.0,806.0,978.0,690.0,1150.0,919.0,1445.0,649.0,1586.0,863.0
43191,23:46.500,23:46.503,3,990.0,654.0,1165.0,893.0,494.0,556.0,673.0,791.0,1465.0,649.0,1609.0,859.0
43206,23:47.000,23:47.003,3,477.0,544.0,656.0,783.0,982.0,645.0,1154.0,887.0,1452.0,634.0,1594.0,847.0
43221,23:47.500,23:47.503,3,989.0,666.0,1163.0,905.0,490.0,569.0,669.0,802.0,1457.0,650.0,1597.0,865.0
43236,23:48.000,23:48.003,3,500.0,579.0,678.0,806.0,1001.0,681.0,1177.0,922.0,1457.0,664.0,1596.0,879.0
43251,23:48.500,23:48.503,3,982.0,692.0,1156.0,933.0,474.0,587.0,653.0,817.0,1435.0,676.0,1574.0,890.0
43266,23:49.000,23:49.003,3,440.0,532.0,622.0,776.0,959.0,656.0,1136.0,894.0,1416.0,633.0,1556.0,848.0
43281,23:49.500,23:49.503,3,428.0,575.0,612.0,811.0,945.0,683.0,1121.0,921.0,1404.0,652.0,1542.0,869.0
43296,23:50.000,23:50.005,3,417.0,597.0,599.0,828.0,929.0,696.0,1105.0,934.0,1393.0,667.0,1529.0,879.0
43311,23:50.500,23:50.505,3,515.0,599.0,692.0,832.0,995.0,704.0,1159.0,937.0,1471.0,671.0,1615.0,884.0
43326,23:51.000,23:51.005,3,458.0,620.0,641.0,852.0,929.0,722.0,1093.0,952.0,1422.0,687.0,1561.0,899.0
43341,23:51.500,23:51.505,3,517.0,635.0,711.0,862.0,921.0,708.0,1086.0,941.0,1430.0,669.0,1567.0,880.0
43356,23:52.000,23:52.005,3,1055.0,685.0,1224.0,920.0,678.0,640.0,861.0,855.0,1556.0,652.0,1704.0,866.0
43371,23:52.500,23:52.505,3,1088.0,681.0,1262.0,917.0,1568.0,638.0,1717.0,854.0,686.0,659.0,871.0,886.0
43386,23:53.000,23:53.005,3,1098.0,676.0,1269.0,911.0,1550.0,645.0,1693.0,857.0,656.0,652.0,830.0,882.0
43402,23:53.500,23:53.505,3,1032.0,669.0,1203.0,904.0,460.0,569.0,646.0,805.0,1480.0,642.0,1623.0,852.0
43417,23:54.000,23:54.007,3,1026.0,690.0,1196.0,926.0,503.0,577.0,681.0,806.0,1471.0,665.0,1615.0,881.0
43432,23:54.500,23:54.507,3,1015.0,686.0,1185.0,923.0,506.0,579.0,684.0,807.0,1460.0,662.0,1599.0,882.0
43447,23:55.000,23:55.007,3,491.0,578.0,670.0,807.0,1012.0,683.0,1182.0,923.0,1455.0,664.0,1594.0,876.0
43462,23:55.500,23:55.507,3,1011.0,669.0,1181.0,906.0,477.0,558.0,655.0,794.0,1452.0,647.0,1593.0,869.0
43477,23:56.000,23:56.007,3,1025.0,649.0,1197.0,884.0,496.0,523.0,676.0,765.0,1470.0,622.0,1616.0,838.0
43492,23:56.500,23:56.507,3,1002.0,649.0,1173.0,883.0,467.0,526.0,649.0,768.0,1447.0,617.0,1590.0,833.0
43507,23:57.000,23:57.007,3,1010.0,639.0,1180.0,875.0,472.0,518.0,656.0,757.0,1457.0,607.0,1601.0,821.0
43522,23:57.500,23:57.507,3,1004.0,641.0,1176.0,875.0,467.0,516.0,647.0,760.0,1452.0,608.0,1594.0,821.0
43537,23:58.000,23:58.007,3,1011.0,639.0,1182.0,873.0,468.0,510.0,648.0,757.0,1458.0,602.0,1599.0,817.0
43552,23:58.500,23:58.508,3,477.0,528.0,657.0,774.0,1018.0,654.0,1188.0,890.0,1461.0,616.0,1607.0,836.0
43567,23:59.000,23:59.008,3,1055.0,656.0,1226.0,892.0,523.0,548.0,698.0,781.0,1503.0,616.0,1647.0,835.0
43582,23:59.500,23:59.508,3,1165.0,735.0,1335.0,967.0,659.0,633.0,824.0,861.0,1620.0,690.0,1770.0,908.0
43597,24:00.000,24:00.008,3,1173.0,766.0,1343.0,1003.0,664.0,689.0,827.0,908.0,1629.0,708.0,1778.0,931.0
43612,24:00.500,24:00.508,3,1161.0,779.0,1332.0,1014.0,656.0,702.0,820.0,924.0,1616.0,722.0,1764.0,940.0
43627,24:01.000,24:01.008,3,1136.0,812.0,1306.0,1049.0,621.0,728.0,788.0,960.0,1585.0,757.0,1734.0,974.0
43642,24:01.500,24:01.508,3,594.0,706.0,761.0,935.0,1108.0,798.0,1279.0,1035.0,1558.0,754.0,1702.0,967.0
43657,24:02.000,24:02.008,3,569.0,721.0,739.0,950.0,1084.0,810.0,1256.0,1047.0,1529.0,758.0,1673.0,970.0
43672,24:02.500,24:02.510,3,569.0,719.0,741.0,944.0,1067.0,803.0,1235.0,1042.0,1513.0,757.0,1655.0,973.0
43687,24:03.000,24:03.010,3,577.0,728.0,751.0,952.0,1067.0,810.0,1236.0,1043.0,1518.0,758.0,1659.0,975.0
43702,24:03.500,24:03.510,3,1081.0,764.0,1253.0,999.0,587.0,675.0,755.0,901.0,1551.0,721.0,1690.0,943.0
43717,24:04.000,24:04.010,3,1078.0,727.0,1251.0,961.0,582.0,620.0,752.0,854.0,1555.0,678.0,1700.0,899.0
43732,24:04.500,24:04.502,3,569.0,601.0,739.0,827.0,1065.0,705.0,1239.0,941.0,1535.0,661.0,1680.0,880.0
43747,24:05.000,24:05.002,3,563.0,593.0,733.0,822.0,1061.0,695.0,1236.0,935.0,1527.0,654.0,1674.0,874.0
43762,24:05.500,24:05.502,3,554.0,591.0,728.0,824.0,1078.0,687.0,1248.0,924.0,1526.0,650.0,1672.0,868.0
43777,24:06.000,24:06.002,3,552.0,587.0,725.0,818.0,1084.0,688.0,1252.0,924.0,1527.0,648.0,1672.0,863.0
43792,24:06.500,24:06.503,3,1082.0,704.0,1252.0,937.0,558.0,607.0,728.0,833.0,1524.0,659.0,1673.0,879.0
43807,24:07.000,24:07.003,3,547.0,601.0,718.0,832.0,1065.0,700.0,1235.0,934.0,1516.0,650.0,1660.0,874.0
43822,24:07.500,24:07.503,3,542.0,619.0,715.0,854.0,1071.0,707.0,1240.0,943.0,1518.0,663.0,1663.0,876.0
43837,24:08.000,24:08.003,3,537.0,606.0,710.0,843.0,1063.0,691.0,1232.0,925.0,1510.0,639.0,1656.0,859.0
43852,24:08.500,24:08.503,3,1046.0,723.0,1218.0,956.0,519.0,646.0,698.0,884.0,1496.0,668.0,1639.0,882.0
43867,24:09.000,24:09.003,3,509.0,604.0,687.0,839.0,1047.0,668.0,1220.0,907.0,1495.0,624.0,1639.0,839.0
43882,24:09.500,24:09.503,3,537.0,622.0,711.0,855.0,1061.0,686.0,1231.0,923.0,1508.0,642.0,1652.0,852.0
43897,24:10.000,24:10.003,3,546.0,640.0,722.0,874.0,1070.0,691.0,1239.0,928.0,1516.0,651.0,1661.0,866.0
43912,24:10.500,24:10.503,3,1065.0,693.0,1235.0,929.0,540.0,646.0,713.0,874.0,1511.0,650.0,1656.0,866.0
43927,24:11.000,24:11.005,3,1067.0,687.0,1238.0,926.0,541.0,632.0,714.0,867.0,1515.0,645.0,1660.0,859.0
43942,24:11.500,24:11.505,3,532.0,651.0,705.0,880.0,1067.0,702.0,1238.0,941.0,1510.0,657.0,1655.0,872.0
43957,24:12.000,24:12.005,3,526.0,634.0,702.0,865.0,1057.0,691.0,1228.0,928.0,1505.0,644.0,1651.0,859.0
43972,24:12.500,24:12.505,3,1069.0,712.0,1239.0,948.0,538.0,650.0,712.0,880.0,1516.0,662.0,1659.0,878.0
43987,24:13.000,24:13.005,3,1070.0,707.0,1241.0,944.0,541.0,640.0,713.0,877.0,1517.0,660.0,1660.0,878.0
44002,24:13.500,24:13.505,3,1079.0,757.0,1251.0,993.0,552.0,704.0,727.0,928.0,1526.0,702.0,1670.0,920.0
44017,24:14.000,24:14.005,3,547.0,689.0,722.0,916.0,1076.0,748.0,1245.0,985.0,1522.0,689.0,1669.0,911.0
44032,24:14.500,24:14.505,3,549.0,687.0,722.0,922.0,1078.0,748.0,1248.0,982.0,1521.0,686.0,1668.0,908.0
44047,24:15.000,24:15.007,3,554.0,676.0,728.0,905.0,1089.0,740.0,1262.0,972.0,1525.0,681.0,1674.0,902.0
44062,24:15.500,24:15.507,3,539.0,640.0,711.0,875.0,1072.0,715.0,1239.0,941.0,1519.0,653.0,1664.0,875.0
44077,24:16.000,24:16.007,3,556.0,635.0,729.0,863.0,1087.0,697.0,1256.0,928.0,1536.0,643.0,1681.0,860.0
44092,24:16.500,24:16.507,3,1091.0,696.0,1264.0,931.0,568.0,632.0,738.0,863.0,1543.0,643.0,1689.0,860.0
44107,24:17.000,24:17.007,3,1077.0,689.0,1250.0,928.0,567.0,629.0,738.0,862.0,1553.0,640.0,1696.0,850.0
44122,24:17.500,24:17.507,3,1086.0,685.0,1256.0,921.0,572.0,619.0,745.0,845.0,1554.0,634.0,1700.0,849.0
44137,24:18.000,24:18.007,3,1077.0,669.0,1247.0,902.0,567.0,620.0,741.0,841.0,1551.0,624.0,1697.0,840.0
44152,24:18.500,24:18.507,3,1087.0,664.0,1257.0,897.0,557.0,608.0,730.0,835.0,1553.0,618.0,1703.0,835.0
44167,24:19.000,24:19.008,3,1088.0,662.0,1261.0,897.0,575.0,601.0,747.0,832.0,1572.0,620.0,1720.0,836.0
44182,24:19.500,24:19.508,3,1081.0,665.0,1253.0,903.0,565.0,609.0,738.0,842.0,1559.0,619.0,1706.0,834.0
44197,24:20.000,24:20.008,3,1094.0,677.0,1265.0,911.0,565.0,605.0,737.0,828.0,1546.0,630.0,1694.0,842.0
44212,24:20.500,24:20.508,3,1089.0,672.0,1259.0,909.0,567.0,607.0,741.0,832.0,1548.0,626.0,1696.0,840.0
44227,24:21.000,24:21.008,3,1081.0,674.0,1252.0,910.0,566.0,611.0,737.0,836.0,1545.0,625.0,1691.0,849.0
44242,24:21.500,24:21.508,3,1079.0,676.0,1248.0,910.0,564.0,615.0,736.0,835.0,1548.0,626.0,1696.0,845.0
44257,24:22.000,24:22.008,3,1081.0,675.0,1253.0,908.0,566.0,610.0,741.0,831.0,1551.0,621.0,1699.0,838.0
44272,24:22.500,24:22.508,3,1075.0,675.0,1243.0,906.0,557.0,602.0,731.0,826.0,1543.0,619.0,1690.0,837.0
44287,24:23.000,24:23.008,3,1086.0,670.0,1255.0,903.0,559.0,595.0,733.0,821.0,1544.0,618.0,1692.0,837.0
44302,24:23.500,24:23.510,3,1089.0,664.0,1259.0,898.0,559.0,595.0,733.0,817.0,1545.0,615.0,1693.0,832.0
44317,24:24.000,24:24.010,3,1097.0,676.0,1267.0,906.0,559.0,596.0,732.0,825.0,1535.0,619.0,1680.0,836.0
44332,24:24.500,24:24.502,3,1096.0,666.0,1264.0,897.0,554.0,598.0,728.0,823.0,1512.0,615.0,1655.0,834.0
44347,24:25.000,24:25.002,3,1088.0,664.0,1257.0,897.0,549.0,597.0,722.0,821.0,1499.0,615.0,1641.0,839.0
44362,24:25.500,24:25.502,3,1083.0,664.0,1253.0,897.0,549.0,597.0,722.0,820.0,1496.0,614.0,1639.0,831.0
44377,24:26.000,24:26.002,3,1098.0,657.0,1266.0,891.0,551.0,595.0,726.0,819.0,1502.0,614.0,1644.0,834.0
44392,24:26.500,24:26.502,3,1094.0,667.0,1265.0,902.0,550.0,597.0,723.0,823.0,1499.0,617.0,1643.0,839.0
44407,24:27.000,24:27.002,3,548.0,594.0,720.0,822.0,1094.0,669.0,1267.0,901.0,1497.0,620.0,1642.0,838.0
44422,24:27.500,24:27.503,3,1085.0,660.0,1255.0,893.0,547.0,590.0,721.0,817.0,1502.0,613.0,1644.0,830.0
44437,24:28.000,24:28.003,3,1075.0,657.0,1241.0,893.0,542.0,588.0,715.0,813.0,1497.0,608.0,1640.0,826.0
44452,24:28.500,24:28.503,3,539.0,587.0,713.0,809.0,1075.0,654.0,1243.0,887.0,1498.0,605.0,1638.0,822.0
44467,24:29.000,24:29.003,3,1081.0,657.0,1249.0,892.0,543.0,588.0,717.0,815.0,1500.0,606.0,1643.0,833.0
44482,24:29.500,24:29.503,3,1082.0,657.0,1250.0,892.0,541.0,585.0,715.0,812.0,1510.0,603.0,1654.0,823.0
44497,24:30.000,24:30.003,3,1078.0,655.0,1246.0,889.0,542.0,584.0,716.0,806.0,1512.0,599.0,1655.0,817.0
44512,24:30.500,24:30.503,3,540.0,580.0,715.0,800.0,1076.0,648.0,1246.0,884.0,1511.0,595.0,1655.0,823.0
44527,24:31.000,24:31.003,3,1074.0,644.0,1243.0,880.0,537.0,571.0,711.0,794.0,1509.0,583.0,1652.0,812.0
44542,24:31.500,24:31.503,3,554.0,600.0,728.0,832.0,1086.0,685.0,1257.0,920.0,1519.0,638.0,1660.0,862.0
44557,24:32.000,24:32.005,3,529.0,628.0,706.0,857.0,1066.0,701.0,1235.0,932.0,1495.0,648.0,1635.0,867.0
44572,24:32.500,24:32.505,3,1073.0,671.0,1241.0,907.0,529.0,600.0,705.0,831.0,1501.0,615.0,1642.0,837.0
44587,24:33.000,24:33.005,3,524.0,587.0,700.0,810.0,1064.0,654.0,1234.0,889.0,1496.0,595.0,1639.0,819.0
44602,24:33.500,24:33.505,3,529.0,587.0,702.0,813.0,1070.0,649.0,1239.0,879.0,1503.0,595.0,1645.0,818.0
44617,24:34.000,24:34.005,3,530.0,586.0,702.0,817.0,1088.0,646.0,1260.0,876.0,1514.0,594.0,1658.0,813.0
44632,24:34.500,24:34.505,3,1077.0,706.0,1245.0,933.0,530.0,632.0,702.0,875.0,1510.0,650.0,1653.0,866.0
44647,24:35.000,24:35.005,3,562.0,695.0,734.0,923.0,1098.0,759.0,1269.0,991.0,1538.0,708.0,1681.0,920.0
44662,24:35.500,24:35.505,3,603.0,682.0,771.0,908.0,1124.0,754.0,1294.0,985.0,1553.0,705.0,1696.0,921.0
44677,24:36.000,24:36.007,3,569.0,654.0,739.0,891.0,1072.0,729.0,1244.0,962.0,1514.0,682.0,1659.0,896.0
44692,24:36.500,24:36.507,3,574.0,652.0,748.0,898.0,1069.0,733.0,1241.0,966.0,1508.0,692.0,1651.0,902.0
44707,24:37.000,24:37.007,3,596.0,622.0,767.0,856.0,1070.0,701.0,1242.0,936.0,1516.0,660.0,1659.0,876.0
44722,24:37.500,24:37.507,3,616.0,649.0,785.0,882.0,1090.0,740.0,1262.0,975.0,1541.0,697.0,1684.0,911.0
44737,24:38.000,24:38.007,3,1103.0,712.0,1274.0,944.0,616.0,629.0,785.0,865.0,1552.0,670.0,1696.0,884.0
44752,24:38.500,24:38.507,3,593.0,594.0,761.0,825.0,1096.0,670.0,1270.0,907.0,1545.0,632.0,1688.0,846.0
44767,24:39.000,24:39.007,3,587.0,610.0,758.0,845.0,1094.0,689.0,1268.0,924.0,1542.0,648.0,1686.0,865.0
44782,24:39.500,24:39.507,3,580.0,585.0,751.0,809.0,1104.0,652.0,1275.0,886.0,1543.0,613.0,1686.0,834.0
44797,24:40.000,24:40.008,3,578.0,579.0,749.0,801.0,1094.0,651.0,1266.0,882.0,1538.0,603.0,1681.0,825.0
44812,24:40.500,24:40.508,3,587.0,576.0,758.0,797.0,1097.0,644.0,1269.0,878.0,1537.0,598.0,1681.0,821.0
44827,24:41.000,24:41.008,3,590.0,562.0,763.0,787.0,1099.0,640.0,1272.0,874.0,1543.0,598.0,1686.0,822.0
44842,24:41.500,24:41.508,3,1095.0,604.0,1267.0,836.0,581.0,512.0,755.0,754.0,1539.0,562.0,1684.0,782.0
44857,24:42.000,24:42.008,3,1091.0,622.0,1264.0,856.0,579.0,539.0,752.0,775.0,1535.0,581.0,1680.0,804.0
44872,24:42.500,24:42.508,3,593.0,617.0,765.0,847.0,1092.0,694.0,1265.0,931.0,1541.0,673.0,1686.0,890.0
44887,24:43.000,24:43.008,3,1090.0,669.0,1261.0,906.0,586.0,601.0,758.0,825.0,1535.0,649.0,1679.0,864.0
44902,24:43.500,24:43.508,3,589.0,600.0,760.0,829.0,1097.0,673.0,1268.0,908.0,1539.0,648.0,1682.0,863.0
44917,24:44.000,24:44.008,3,1105.0,672.0,1276.0,908.0,599.0,600.0,769.0,825.0,1550.0,647.0,1693.0,858.0
44932,24:44.500,24:44.502,3,596.0,600.0,764.0,823.0,1110.0,674.0,1281.0,908.0,1553.0,647.0,1694.0,860.0
44947,24:45.000,24:45.002,3,1102.0,652.0,1272.0,887.0,591.0,575.0,760.0,798.0,1546.0,615.0,1691.0,832.0
44962,24:45.500,24:45.502,3,560.0,575.0,733.0,793.0,1072.0,637.0,1242.0,875.0,1513.0,588.0,1656.0,812.0
44977,24:46.000,24:46.002,3,576.0,580.0,749.0,795.0,1075.0,637.0,1247.0,877.0,1517.0,589.0,1661.0,814.0
44992,24:46.500,24:46.502,3,1095.0,657.0,1266.0,894.0,597.0,592.0,767.0,815.0,1538.0,608.0,1682.0,831.0
45007,24:47.000,24:47.002,3,1071.0,654.0,1241.0,888.0,558.0,583.0,733.0,805.0,1503.0,605.0,1647.0,829.0
45022,24:47.500,24:47.502,3,571.0,573.0,745.0,790.0,1070.0,636.0,1243.0,874.0,1506.0,604.0,1650.0,832.0
45037,24:48.000,24:48.002,3,1079.0,636.0,1252.0,873.0,582.0,560.0,753.0,784.0,1535.0,589.0,1680.0,813.0
45052,24:48.500,24:48.503,3,592.0,564.0,763.0,785.0,1091.0,640.0,1264.0,877.0,1549.0,595.0,1695.0,814.0
45067,24:49.000,24:49.003,3,595.0,550.0,764.0,776.0,1090.0,634.0,1263.0,869.0,1555.0,589.0,1704.0,809.0
45082,24:49.500,24:49.503,3,595.0,541.0,764.0,770.0,1094.0,629.0,1266.0,863.0,1559.0,584.0,1708.0,801.0
45097,24:50.000,24:50.003,3,1098.0,610.0,1270.0,848.0,596.0,524.0,765.0,760.0,1560.0,572.0,1708.0,787.0
45112,24:50.500,24:50.503,3,1104.0,617.0,1277.0,855.0,605.0,531.0,774.0,763.0,1570.0,577.0,1716.0,793.0
45127,24:51.000,24:51.003,3,1103.0,614.0,1275.0,850.0,599.0,519.0,770.0,757.0,1557.0,567.0,1703.0,785.0
45142,24:51.500,24:51.503,3,1098.0,616.0,1272.0,852.0,592.0,521.0,763.0,757.0,1552.0,564.0,1699.0,781.0
45157,24:52.000,24:52.003,3,591.0,515.0,761.0,754.0,1078.0,623.0,1250.0,856.0,1553.0,562.0,1701.0,779.0
45172,24:52.500,24:52.505,3,1080.0,615.0,1253.0,853.0,598.0,515.0,770.0,753.0,1559.0,561.0,1706.0,780.0
45187,24:53.000,24:53.005,3,1105.0,622.0,1278.0,852.0,594.0,505.0,765.0,747.0,1565.0,558.0,1712.0,780.0
45202,24:53.500,24:53.505,3,1118.0,608.0,1292.0,840.0,596.0,502.0,766.0,746.0,1562.0,560.0,1709.0,778.0
45217,24:54.000,24:54.005,3,1112.0,601.0,1284.0,835.0,584.0,505.0,756.0,743.0,1553.0,554.0,1700.0,771.0
45232,24:54.500,24:54.505,3,1107.0,591.0,1279.0,829.0,579.0,494.0,750.0,737.0,1553.0,548.0,1699.0,763.0
45247,24:55.000,24:55.005,3,1105.0,593.0,1278.0,831.0,573.0,497.0,744.0,734.0,1536.0,551.0,1686.0,766.0
45262,24:55.500,24:55.505,3,1109.0,590.0,1282.0,830.0,582.0,494.0,754.0,736.0,1512.0,555.0,1668.0,772.0
45277,24:56.000,24:56.005,3,1094.0,578.0,1269.0,820.0,556.0,495.0,730.0,733.0,1501.0,544.0,1653.0,762.0
45292,24:56.500,24:56.505,3,1094.0,586.0,1269.0,827.0,548.0,507.0,724.0,741.0,1489.0,556.0,1646.0,771.0
45307,24:57.000,24:57.007,3,1095.0,578.0,1271.0,819.0,554.0,500.0,729.0,735.0,1514.0,540.0,1672.0,755.0
45322,24:57.500,24:57.507,3,1094.0,587.0,1269.0,824.0,556.0,504.0,730.0,741.0,1599.0,506.0,1750.0,721.0
45337,24:58.000,24:58.007,3,1096.0,587.0,1271.0,825.0,559.0,507.0,733.0,742.0,1627.0,499.0,1777.0,716.0
45352,24:58.500,24:58.507,3,1096.0,596.0,1269.0,833.0,561.0,511.0,735.0,745.0,1625.0,508.0,1777.0,724.0
45367,24:59.000,24:59.007,3,1092.0,590.0,1265.0,831.0,555.0,510.0,729.0,743.0,1622.0,505.0,1771.0,721.0
45382,24:59.500,24:59.507,3,1092.0,586.0,1265.0,827.0,551.0,508.0,726.0,740.0,1621.0,502.0,1767.0,717.0
45397,25:00.000,25:00.007,3,1094.0,571.0,1270.0,817.0,557.0,487.0,730.0,725.0,1618.0,497.0,1769.0,715.0
45412,25:00.500,25:00.507,3,1091.0,594.0,1265.0,833.0,548.0,514.0,723.0,752.0,1597.0,528.0,1754.0,737.0
45427,25:01.000,25:01.008,3,1107.0,585.0,1279.0,826.0,553.0,511.0,727.0,752.0,1601.0,530.0,1757.0,739.0
45442,25:01.500,25:01.508,3,1104.0,581.0,1277.0,822.0,557.0,504.0,730.0,740.0,1605.0,526.0,1761.0,736.0
45457,25:02.000,25:02.008,3,1103.0,573.0,1275.0,814.0,556.0,494.0,729.0,732.0,1606.0,523.0,1761.0,730.0
45472,25:02.500,25:02.508,3,1101.0,575.0,1274.0,817.0,555.0,503.0,728.0,739.0,1604.0,525.0,1760.0,731.0
45487,25:03.000,25:03.008,3,1101.0,577.0,1274.0,819.0,557.0,500.0,731.0,737.0,1607.0,525.0,1762.0,733.0
45502,25:03.500,25:03.508,3,1101.0,587.0,1274.0,827.0,559.0,507.0,733.0,744.0,1608.0,530.0,1762.0,741.0
45517,25:04.000,25:04.008,3,1096.0,591.0,1269.0,833.0,554.0,509.0,728.0,747.0,1603.0,531.0,1760.0,745.0
45532,25:04.500,25:04.500,3,1090.0,604.0,1263.0,842.0,545.0,513.0,720.0,755.0,1593.0,537.0,1748.0,755.0
45547,25:05.000,25:05.002,3,1094.0,609.0,1267.0,845.0,547.0,516.0,721.0,756.0,1593.0,538.0,1748.0,757.0
45562,25:05.500,25:05.502,3,549.0,666.0,719.0,900.0,1088.0,755.0,1260.0,988.0,1579.0,686.0,1735.0,894.0
45577,25:06.000,25:06.002,3,1094.0,736.0,1266.0,969.0,546.0,647.0,718.0,879.0,1580.0,670.0,1734.0,880.0
45592,25:06.500,25:06.502,3,1105.0,753.0,1277.0,987.0,560.0,684.0,731.0,907.0,1590.0,687.0,1746.0,897.0
45607,25:07.000,25:07.002,3,565.0,657.0,734.0,888.0,1110.0,749.0,1282.0,987.0,1594.0,681.0,1748.0,892.0
45622,25:07.500,25:07.502,3,1123.0,780.0,1294.0,1015.0,576.0,692.0,743.0,921.0,1589.0,720.0,1743.0,927.0
45637,25:08.000,25:08.002,3,569.0,654.0,738.0,891.0,1096.0,755.0,1269.0,989.0,1587.0,691.0,1740.0,898.0
45652,25:08.500,25:08.502,3,1080.0,782.0,1255.0,1021.0,563.0,701.0,735.0,929.0,1586.0,721.0,1740.0,929.0
45667,25:09.000,25:09.002,3,1092.0,755.0,1265.0,988.0,560.0,659.0,730.0,895.0,1583.0,690.0,1738.0,899.0
45682,25:09.500,25:09.503,3,562.0,644.0,733.0,876.0,1092.0,735.0,1266.0,967.0,1587.0,670.0,1739.0,877.0
45697,25:10.000,25:10.003,3,1097.0,731.0,1268.0,963.0,561.0,639.0,731.0,872.0,1586.0,666.0,1740.0,877.0
45712,25:10.500,25:10.503,3,1095.0,707.0,1267.0,940.0,565.0,626.0,736.0,854.0,1591.0,652.0,1743.0,858.0
45727,25:11.000,25:11.003,3,1094.0,693.0,1267.0,932.0,566.0,613.0,736.0,844.0,1590.0,641.0,1742.0,846.0
45742,25:11.500,25:11.503,3,1102.0,689.0,1271.0,924.0,560.0,609.0,731.0,841.0,1586.0,636.0,1739.0,842.0
45757,25:12.000,25:12.003,3,550.0,673.0,722.0,902.0,1119.0,752.0,1291.0,982.0,1573.0,702.0,1726.0,904.0
45772,25:12.500,25:12.503,3,1165.0,724.0,1341.0,958.0,563.0,642.0,734.0,879.0,1586.0,674.0,1739.0,880.0
45787,25:13.000,25:13.003,3,1176.0,731.0,1353.0,962.0,572.0,640.0,745.0,876.0,1591.0,670.0,1745.0,877.0
45802,25:13.500,25:13.505,3,1072.0,703.0,1249.0,942.0,578.0,624.0,747.0,854.0,1583.0,648.0,1739.0,860.0
45817,25:14.000,25:14.005,3,1087.0,692.0,1264.0,933.0,593.0,607.0,760.0,834.0,1587.0,639.0,1742.0,847.0
45832,25:14.500,25:14.505,3,1083.0,681.0,1256.0,914.0,575.0,595.0,746.0,828.0,1539.0,629.0,1693.0,835.0
45847,25:15.000,25:15.005,3,1082.0,646.0,1255.0,882.0,576.0,574.0,745.0,802.0,1555.0,595.0,1704.0,802.0
45862,25:15.500,25:15.505,3,1079.0,645.0,1251.0,881.0,563.0,563.0,735.0,790.0,1606.0,575.0,1746.0,794.0
45877,25:16.000,25:16.005,3,1069.0,652.0,1242.0,891.0,579.0,598.0,752.0,826.0,1652.0,570.0,1793.0,784.0
45892,25:16.500,25:16.505,3,1060.0,654.0,1235.0,892.0,553.0,587.0,729.0,821.0,1657.0,576.0,1798.0,791.0
45907,25:17.000,25:17.005,3,1040.0,725.0,1215.0,956.0,555.0,638.0,730.0,879.0,1653.0,636.0,1782.0,842.0
45922,25:17.500,25:17.507,3,562.0,603.0,736.0,835.0,1036.0,703.0,1214.0,937.0,1640.0,610.0,1773.0,820.0
45937,25:18.000,25:18.007,3,545.0,605.0,718.0,835.0,1031.0,720.0,1207.0,954.0,1616.0,633.0,1753.0,838.0
45952,25:18.500,25:18.507,3,1031.0,687.0,1205.0,921.0,544.0,570.0,718.0,796.0,1615.0,600.0,1753.0,808.0
45967,25:19.000,25:19.007,3,1025.0,699.0,1200.0,933.0,539.0,585.0,712.0,806.0,1595.0,624.0,1733.0,829.0
45982,25:19.500,25:19.507,3,1031.0,689.0,1207.0,924.0,535.0,577.0,704.0,794.0,1600.0,608.0,1738.0,826.0
45997,25:20.000,25:20.007,3,1037.0,679.0,1212.0,914.0,537.0,577.0,706.0,796.0,1609.0,608.0,1746.0,815.0
46012,25:20.500,25:20.507,3,1027.0,688.0,1205.0,924.0,545.0,581.0,717.0,809.0,1610.0,612.0,1747.0,825.0
46027,25:21.000,25:21.007,3,543.0,585.0,714.0,809.0,1033.0,700.0,1210.0,934.0,1591.0,616.0,1730.0,825.0
46042,25:21.500,25:21.507,3,551.0,587.0,721.0,813.0,1046.0,696.0,1221.0,928.0,1592.0,615.0,1732.0,828.0
46057,25:22.000,25:22.008,3,547.0,595.0,718.0,827.0,1054.0,695.0,1227.0,927.0,1588.0,622.0,1728.0,833.0
46072,25:22.500,25:22.508,3,1046.0,901.0,1222.0,1135.0,531.0,834.0,702.0,1062.0,1567.0,808.0,1708.0,1016.0
46087,25:23.000,25:23.008,3,479.0,749.0,656.0,989.0,1016.0,819.0,1189.0,1054.0,1532.0,721.0,1672.0,925.0
46102,25:23.500,25:23.508,3,488.0,735.0,663.0,969.0,1028.0,812.0,1201.0,1044.0,1547.0,714.0,1686.0,922.0
46117,25:24.000,25:24.008,3,993.0,725.0,1165.0,956.0,447.0,639.0,633.0,883.0,1518.0,658.0,1653.0,862.0
46132,25:24.500,25:24.508,2,524.0,361.0,740.0,624.0,1114.0,254.0,1255.0,474.0,,,,
46147,25:25.000,25:25.000,2,524.0,195.0,750.0,476.0,1134.0,103.0,1276.0,305.0,,,,
46162,25:25.500,25:25.500,3,792.0,421.0,980.0,663.0,150.0,298.0,368.0,559.0,1353.0,339.0,1487.0,559.0
46177,25:26.000,25:26.002,3,479.0,414.0,658.0,658.0,1018.0,569.0,1189.0,806.0,1567.0,527.0,1704.0,740.0
46192,25:26.500,25:26.502,3,964.0,664.0,1138.0,900.0,428.0,522.0,611.0,772.0,1505.0,619.0,1639.0,827.0
46207,25:27.000,25:27.002,3,950.0,685.0,1124.0,921.0,432.0,555.0,613.0,800.0,1492.0,635.0,1627.0,842.0
46222,25:27.500,25:27.502,3,1125.0,701.0,1296.0,927.0,645.0,586.0,811.0,814.0,1679.0,641.0,1818.0,848.0
46237,25:28.000,25:28.002,3,1171.0,647.0,1343.0,881.0,693.0,557.0,855.0,778.0,1727.0,571.0,1872.0,798.0
46252,25:28.500,25:28.502,3,1214.0,633.0,1390.0,866.0,736.0,550.0,896.0,772.0,1772.0,543.0,1923.0,771.0
46267,25:29.000,25:29.002,3,1144.0,641.0,1317.0,875.0,658.0,563.0,822.0,786.0,1697.0,546.0,1846.0,779.0
46282,25:29.500,25:29.502,3,1146.0,670.0,1323.0,906.0,663.0,593.0,824.0,819.0,1708.0,576.0,1853.0,797.0
46297,25:30.000,25:30.002,3,1090.0,655.0,1267.0,902.0,598.0,574.0,766.0,803.0,1637.0,575.0,1781.0,796.0
46312,25:30.500,25:30.503,3,1087.0,657.0,1263.0,901.0,595.0,577.0,764.0,803.0,1636.0,578.0,1779.0,799.0
46327,25:31.000,25:31.003,3,576.0,550.0,746.0,778.0,1056.0,637.0,1237.0,872.0,1626.0,550.0,1767.0,770.0
46342,25:31.500,25:31.503,3,1033.0,647.0,1218.0,883.0,569.0,569.0,741.0,789.0,1621.0,559.0,1758.0,784.0
46357,25:32.000,25:32.003,3,1030.0,636.0,1213.0,867.0,553.0,550.0,725.0,781.0,1611.0,541.0,1749.0,757.0
46372,25:32.500,25:32.503,3,1054.0,645.0,1235.0,878.0,584.0,571.0,753.0,793.0,1637.0,547.0,1780.0,770.0
46387,25:33.000,25:33.003,3,1034.0,705.0,1216.0,941.0,561.0,626.0,730.0,857.0,1629.0,620.0,1769.0,831.0
46402,25:33.500,25:33.503,3,1032.0,726.0,1212.0,956.0,556.0,642.0,727.0,873.0,1628.0,644.0,1767.0,854.0
46417,25:34.000,25:34.003,3,1009.0,720.0,1188.0,954.0,538.0,643.0,709.0,873.0,1611.0,641.0,1749.0,847.0
46432,25:34.500,25:34.505,3,1002.0,685.0,1184.0,912.0,532.0,595.0,704.0,834.0,1601.0,595.0,1738.0,810.0
46447,25:35.000,25:35.005,3,1030.0,674.0,1209.0,907.0,528.0,593.0,700.0,823.0,1604.0,593.0,1740.0,801.0
46462,25:35.500,25:35.505,3,1039.0,670.0,1217.0,904.0,530.0,590.0,699.0,820.0,1605.0,594.0,1742.0,799.0
46477,25:36.000,25:36.005,3,1049.0,659.0,1225.0,894.0,540.0,576.0,710.0,807.0,1613.0,576.0,1754.0,790.0
46492,25:36.500,25:36.505,3,1088.0,655.0,1261.0,892.0,579.0,568.0,748.0,801.0,1649.0,575.0,1790.0,785.0
46507,25:37.000,25:37.005,3,594.0,564.0,762.0,787.0,1091.0,644.0,1266.0,881.0,1654.0,561.0,1798.0,780.0
46522,25:37.500,25:37.505,3,1074.0,651.0,1249.0,885.0,575.0,566.0,745.0,791.0,1623.0,575.0,1763.0,803.0
46537,25:38.000,25:38.005,3,1146.0,696.0,1319.0,934.0,657.0,600.0,818.0,826.0,1700.0,642.0,1844.0,859.0
46552,25:38.500,25:38.507,3,1130.0,770.0,1301.0,1007.0,645.0,658.0,807.0,886.0,1679.0,726.0,1820.0,944.0
46567,25:39.000,25:39.007,3,1040.0,755.0,1211.0,989.0,572.0,574.0,749.0,797.0,1582.0,787.0,1722.0,1004.0
46582,25:39.500,25:39.507,3,1054.0,726.0,1225.0,956.0,592.0,530.0,771.0,758.0,1592.0,770.0,1731.0,982.0
46597,25:40.000,25:40.007,3,1085.0,695.0,1254.0,925.0,599.0,507.0,774.0,731.0,1603.0,719.0,1739.0,929.0
46612,25:40.500,25:40.507,3,1075.0,688.0,1245.0,922.0,583.0,516.0,754.0,741.0,1583.0,688.0,1722.0,898.0
46627,25:41.000,25:41.007,3,1084.0,674.0,1252.0,906.0,592.0,496.0,764.0,727.0,1597.0,667.0,1737.0,879.0
46642,25:41.500,25:41.507,3,1175.0,687.0,1342.0,925.0,695.0,533.0,861.0,752.0,1696.0,671.0,1843.0,892.0
46657,25:42.000,25:42.007,3,1147.0,781.0,1319.0,1017.0,671.0,640.0,840.0,858.0,1669.0,755.0,1809.0,966.0
46672,25:42.500,25:42.507,3,1119.0,757.0,1290.0,991.0,644.0,631.0,813.0,852.0,1642.0,723.0,1782.0,939.0
46687,25:43.000,25:43.008,3,1090.0,728.0,1263.0,961.0,626.0,590.0,793.0,813.0,1636.0,694.0,1777.0,919.0
46702,25:43.500,25:43.508,3,1128.0,738.0,1301.0,972.0,674.0,596.0,835.0,819.0,1684.0,717.0,1825.0,934.0
46717,25:44.000,25:44.008,3,1099.0,660.0,1270.0,896.0,613.0,527.0,780.0,755.0,1634.0,635.0,1773.0,847.0
46732,25:44.500,25:44.508,3,580.0,495.0,751.0,727.0,1064.0,630.0,1236.0,867.0,1608.0,586.0,1745.0,809.0
46747,25:45.000,25:45.000,3,1027.0,645.0,1203.0,881.0,547.0,520.0,718.0,754.0,1572.0,601.0,1709.0,812.0
46762,25:45.500,25:45.500,3,1038.0,652.0,1213.0,888.0,548.0,520.0,720.0,756.0,1581.0,603.0,1721.0,816.0
46777,25:46.000,25:46.000,3,1046.0,663.0,1221.0,899.0,545.0,531.0,717.0,770.0,1581.0,615.0,1724.0,831.0
46792,25:46.500,25:46.500,3,1051.0,656.0,1224.0,892.0,549.0,525.0,722.0,759.0,1586.0,614.0,1725.0,827.0
46807,25:47.000,25:47.002,3,1050.0,645.0,1225.0,883.0,543.0,517.0,716.0,752.0,1582.0,604.0,1721.0,819.0
46822,25:47.500,25:47.502,3,1056.0,644.0,1230.0,879.0,549.0,515.0,719.0,755.0,1586.0,602.0,1725.0,815.0
46837,25:48.000,25:48.002,3,1065.0,649.0,1236.0,883.0,550.0,522.0,721.0,756.0,1586.0,603.0,1726.0,816.0
46852,25:48.500,25:48.502,3,1068.0,661.0,1239.0,897.0,562.0,536.0,732.0,773.0,1588.0,615.0,1727.0,830.0
46867,25:49.000,25:49.002,3,1062.0,657.0,1233.0,893.0,563.0,530.0,733.0,767.0,1591.0,613.0,1729.0,825.0
46882,25:49.500,25:49.502,3,1057.0,664.0,1232.0,900.0,547.0,528.0,716.0,757.0,1597.0,615.0,1736.0,831.0
46897,25:50.000,25:50.002,3,564.0,537.0,731.0,764.0,1023.0,724.0,1198.0,937.0,1598.0,635.0,1738.0,845.0
46912,25:50.500,25:50.502,3,568.0,527.0,737.0,757.0,1011.0,717.0,1188.0,930.0,1593.0,623.0,1732.0,837.0
46927,25:51.000,25:51.003,3,552.0,543.0,721.0,770.0,1016.0,705.0,1184.0,936.0,1578.0,650.0,1717.0,860.0
46942,25:51.500,25:51.503,3,1099.0,694.0,1274.0,932.0,583.0,558.0,750.0,780.0,1592.0,649.0,1730.0,859.0
46957,25:52.000,25:52.003,3,1105.0,707.0,1279.0,943.0,570.0,577.0,741.0,801.0,1573.0,663.0,1711.0,875.0
46972,25:52.500,25:52.503,3,1073.0,702.0,1242.0,939.0,564.0,581.0,734.0,800.0,1564.0,664.0,1699.0,874.0
46987,25:53.000,25:53.003,3,1074.0,697.0,1245.0,934.0,564.0,573.0,735.0,791.0,1566.0,656.0,1702.0,867.0
47002,25:53.500,25:53.503,3,1074.0,694.0,1244.0,931.0,565.0,571.0,735.0,794.0,1569.0,652.0,1706.0,863.0
47017,25:54.000,25:54.003,3,1084.0,686.0,1257.0,924.0,565.0,562.0,736.0,786.0,1571.0,641.0,1710.0,852.0
47032,25:54.500,25:54.503,3,1089.0,674.0,1262.0,913.0,566.0,539.0,733.0,766.0,1579.0,628.0,1722.0,841.0
47047,25:55.000,25:55.003,3,1089.0,666.0,1261.0,903.0,557.0,523.0,727.0,751.0,1587.0,626.0,1727.0,841.0
47062,25:55.500,25:55.505,3,1046.0,704.0,1216.0,943.0,520.0,587.0,695.0,821.0,1562.0,670.0,1699.0,882.0
47077,25:56.000,25:56.005,3,1022.0,682.0,1195.0,924.0,530.0,580.0,702.0,814.0,1562.0,652.0,1697.0,862.0
47092,25:56.500,25:56.505,3,1012.0,658.0,1184.0,896.0,518.0,554.0,695.0,789.0,1557.0,625.0,1693.0,834.0
47107,25:57.000,25:57.005,3,489.0,572.0,668.0,805.0,989.0,675.0,1163.0,915.0,1560.0,636.0,1697.0,846.0
47122,25:57.500,25:57.505,3,479.0,607.0,656.0,845.0,971.0,707.0,1148.0,948.0,1522.0,665.0,1656.0,876.0
47137,25:58.000,25:58.005,3,462.0,610.0,640.0,850.0,965.0,714.0,1140.0,953.0,1484.0,674.0,1621.0,890.0
47152,25:58.500,25:58.505,3,1018.0,684.0,1189.0,923.0,516.0,563.0,688.0,795.0,1532.0,652.0,1672.0,868.0
47167,25:59.000,25:59.005,3,1023.0,680.0,1196.0,919.0,510.0,577.0,689.0,808.0,1533.0,651.0,1672.0,866.0
47182,25:59.500,25:59.507,3,1049.0,747.0,1218.0,982.0,542.0,625.0,713.0,858.0,1550.0,725.0,1685.0,945.0
47197,26:00.000,26:00.007,3,1035.0,698.0,1209.0,938.0,534.0,568.0,706.0,813.0,1549.0,681.0,1685.0,897.0
47212,26:00.500,26:00.507,3,1020.0,676.0,1192.0,912.0,493.0,539.0,669.0,787.0,1524.0,643.0,1661.0,860.0
47227,26:01.000,26:01.007,3,1026.0,661.0,1197.0,897.0,497.0,523.0,674.0,768.0,1529.0,632.0,1667.0,847.0
47242,26:01.500,26:01.507,3,1012.0,670.0,1182.0,907.0,483.0,533.0,661.0,779.0,1512.0,639.0,1649.0,854.0
47257,26:02.000,26:02.007,3,974.0,656.0,1150.0,902.0,468.0,521.0,645.0,769.0,1498.0,622.0,1633.0,834.0
47272,26:02.500,26:02.507,3,925.0,654.0,1103.0,903.0,429.0,512.0,612.0,756.0,1460.0,614.0,1593.0,828.0
47287,26:03.000,26:03.007,3,450.0,556.0,632.0,795.0,945.0,691.0,1124.0,943.0,1468.0,656.0,1605.0,875.0
47302,26:03.500,26:03.508,3,452.0,527.0,634.0,768.0,965.0,676.0,1139.0,922.0,1472.0,643.0,1607.0,853.0
47317,26:04.000,26:04.008,3,450.0,516.0,633.0,762.0,969.0,663.0,1143.0,908.0,1474.0,634.0,1610.0,845.0
47332,26:04.500,26:04.508,3,451.0,508.0,633.0,756.0,972.0,657.0,1146.0,901.0,1481.0,628.0,1616.0,845.0
47347,26:05.000,26:05.008,3,471.0,502.0,648.0,745.0,980.0,651.0,1157.0,895.0,1495.0,624.0,1630.0,834.0
47362,26:05.500,26:05.500,3,445.0,517.0,627.0,760.0,968.0,668.0,1142.0,913.0,1472.0,635.0,1608.0,847.0
47377,26:06.000,26:06.000,3,449.0,534.0,631.0,776.0,968.0,687.0,1145.0,933.0,1474.0,650.0,1610.0,861.0
47392,26:06.500,26:06.500,3,469.0,569.0,646.0,800.0,975.0,712.0,1151.0,955.0,1481.0,674.0,1619.0,890.0
47407,26:07.000,26:07.000,3,481.0,541.0,658.0,779.0,985.0,701.0,1159.0,945.0,1498.0,666.0,1633.0,877.0
47422,26:07.500,26:07.500,3,458.0,530.0,639.0,768.0,962.0,681.0,1143.0,934.0,1476.0,646.0,1615.0,857.0
47437,26:08.000,26:08.002,3,965.0,670.0,1141.0,917.0,462.0,507.0,642.0,752.0,1483.0,630.0,1619.0,842.0
47452,26:08.500,26:08.502,3,966.0,676.0,1143.0,922.0,464.0,513.0,645.0,761.0,1484.0,638.0,1621.0,852.0
47467,26:09.000,26:09.002,3,493.0,526.0,670.0,762.0,995.0,674.0,1171.0,922.0,1512.0,642.0,1648.0,853.0
47482,26:09.500,26:09.502,3,685.0,611.0,848.0,836.0,1172.0,740.0,1344.0,979.0,1684.0,684.0,1828.0,898.0
47497,26:10.000,26:10.002,3,1171.0,781.0,1344.0,1022.0,685.0,669.0,845.0,889.0,1681.0,715.0,1827.0,934.0
47512,26:10.500,26:10.502,3,566.0,721.0,736.0,950.0,1076.0,832.0,1245.0,1076.0,1576.0,768.0,1719.0,982.0
47527,26:11.000,26:11.002,3,463.0,763.0,641.0,1001.0,990.0,863.0,1162.0,1108.0,1489.0,781.0,1631.0,981.0
47542,26:11.500,26:11.502,3,418.0,708.0,599.0,946.0,952.0,808.0,1123.0,1051.0,1454.0,722.0,1592.0,926.0
47557,26:12.000,26:12.003,3,385.0,688.0,571.0,930.0,917.0,795.0,1094.0,1039.0,1428.0,709.0,1560.0,928.0
47572,26:12.500,26:12.503,3,566.0,666.0,734.0,894.0,1048.0,766.0,1223.0,1005.0,1572.0,670.0,1713.0,875.0
47587,26:13.000,26:13.003,3,611.0,611.0,779.0,842.0,1098.0,708.0,1275.0,948.0,1622.0,606.0,1765.0,821.0
47602,26:13.500,26:13.503,3,547.0,608.0,717.0,842.0,1047.0,710.0,1223.0,950.0,1565.0,614.0,1706.0,822.0
47617,26:14.000,26:14.003,3,1140.0,700.0,1316.0,943.0,632.0,614.0,796.0,839.0,1643.0,591.0,1792.0,808.0
47632,26:14.500,26:14.503,3,1155.0,690.0,1328.0,925.0,636.0,604.0,800.0,830.0,1657.0,596.0,1803.0,809.0
47647,26:15.000,26:15.003,3,467.0,618.0,644.0,855.0,1018.0,698.0,1189.0,935.0,1505.0,619.0,1646.0,828.0
47662,26:15.500,26:15.503,3,484.0,589.0,660.0,830.0,1024.0,689.0,1194.0,927.0,1520.0,614.0,1661.0,827.0
47677,26:16.000,26:16.005,3,1021.0,668.0,1193.0,905.0,483.0,581.0,658.0,812.0,1520.0,597.0,1659.0,808.0
47692,26:16.500,26:16.505,3,1005.0,683.0,1178.0,923.0,462.0,593.0,641.0,828.0,1501.0,617.0,1641.0,826.0
47707,26:17.000,26:17.005,3,470.0,590.0,646.0,833.0,1006.0,693.0,1179.0,930.0,1508.0,624.0,1649.0,832.0
47722,26:17.500,26:17.505,3,484.0,598.0,659.0,838.0,1003.0,698.0,1178.0,939.0,1519.0,622.0,1661.0,836.0
47737,26:18.000,26:18.005,3,1264.0,889.0,1439.0,1127.0,759.0,866.0,915.0,1082.0,1781.0,744.0,1945.0,961.0
47752,26:18.500,26:18.505,3,1429.0,920.0,1612.0,1163.0,1992.0,722.0,2172.0,956.0,925.0,930.0,1079.0,1145.0
47767,26:19.000,26:19.005,3,1413.0,873.0,1596.0,1117.0,911.0,878.0,1064.0,1092.0,1972.0,685.0,2153.0,918.0
47782,26:19.500,26:19.505,3,1411.0,842.0,1594.0,1084.0,1977.0,669.0,2155.0,904.0,911.0,834.0,1063.0,1049.0
47797,26:20.000,26:20.005,3,1386.0,858.0,1568.0,1095.0,1947.0,677.0,2122.0,907.0,888.0,844.0,1042.0,1058.0
47812,26:20.500,26:20.507,3,1190.0,969.0,1367.0,1212.0,681.0,957.0,842.0,1184.0,1717.0,808.0,1876.0,1022.0
47827,26:21.000,26:21.007,3,1144.0,946.0,1323.0,1188.0,642.0,946.0,807.0,1167.0,1677.0,779.0,1830.0,987.0
47842,26:21.500,26:21.507,3,1134.0,932.0,1310.0,1173.0,624.0,924.0,791.0,1152.0,1659.0,771.0,1809.0,971.0
47857,26:22.000,26:22.007,3,1145.0,920.0,1323.0,1162.0,638.0,901.0,802.0,1126.0,1673.0,771.0,1823.0,971.0
47872,26:22.500,26:22.507,3,612.0,897.0,780.0,1130.0,1115.0,920.0,1294.0,1162.0,1653.0,770.0,1799.0,977.0
47887,26:23.000,26:23.007,3,1106.0,902.0,1283.0,1141.0,592.0,881.0,761.0,1112.0,1633.0,750.0,1782.0,953.0
47902,26:23.500,26:23.507,3,1113.0,896.0,1289.0,1134.0,587.0,875.0,755.0,1102.0,1627.0,744.0,1776.0,952.0
47917,26:24.000,26:24.007,3,1105.0,886.0,1281.0,1125.0,583.0,858.0,751.0,1091.0,1618.0,740.0,1764.0,941.0
47932,26:24.500,26:24.508,3,576.0,849.0,745.0,1079.0,1102.0,877.0,1279.0,1115.0,1609.0,725.0,1758.0,927.0
47947,26:25.000,26:25.008,3,585.0,832.0,754.0,1061.0,1101.0,860.0,1279.0,1098.0,1613.0,712.0,1763.0,914.0
47962,26:25.500,26:25.500,3,1092.0,845.0,1270.0,1084.0,583.0,825.0,751.0,1046.0,1604.0,694.0,1751.0,900.0
47977,26:26.000,26:26.000,3,1079.0,812.0,1254.0,1053.0,566.0,783.0,734.0,1009.0,1592.0,672.0,1739.0,877.0
47992,26:26.500,26:26.500,3,951.0,795.0,1126.0,1038.0,399.0,762.0,583.0,999.0,1455.0,663.0,1596.0,875.0
48007,26:27.000,26:27.000,3,925.0,791.0,1104.0,1032.0,371.0,758.0,558.0,999.0,1439.0,657.0,1578.0,863.0
48022,26:27.500,26:27.500,3,934.0,799.0,1112.0,1039.0,398.0,754.0,581.0,996.0,1458.0,680.0,1600.0,888.0
48037,26:28.000,26:28.000,3,933.0,792.0,1111.0,1034.0,391.0,747.0,577.0,987.0,1456.0,676.0,1598.0,879.0
48052,26:28.500,26:28.502,3,956.0,796.0,1130.0,1039.0,422.0,746.0,604.0,980.0,1481.0,695.0,1621.0,907.0
48067,26:29.000,26:29.002,3,965.0,796.0,1143.0,1039.0,430.0,735.0,611.0,970.0,1483.0,698.0,1623.0,900.0
48082,26:29.500,26:29.502,3,426.0,708.0,607.0,937.0,989.0,761.0,1164.0,997.0,1478.0,649.0,1622.0,854.0
48097,26:30.000,26:30.002,3,388.0,749.0,573.0,985.0,967.0,812.0,1143.0,1051.0,1441.0,705.0,1584.0,919.0
48112,26:30.500,26:30.502,3,414.0,736.0,594.0,964.0,954.0,803.0,1133.0,1046.0,1426.0,699.0,1582.0,902.0
48127,26:31.000,26:31.002,3,965.0,787.0,1146.0,1030.0,430.0,711.0,609.0,940.0,1445.0,691.0,1597.0,893.0
48142,26:31.500,26:31.502,3,1088.0,801.0,1266.0,1040.0,574.0,733.0,739.0,958.0,1573.0,691.0,1733.0,896.0
48157,26:32.000,26:32.002,3,1182.0,810.0,1364.0,1050.0,689.0,776.0,854.0,998.0,1666.0,665.0,1839.0,877.0
48172,26:32.500,26:32.502,3,1114.0,741.0,1296.0,972.0,605.0,689.0,771.0,911.0,1594.0,583.0,1764.0,797.0
48187,26:33.000,26:33.003,3,1078.0,716.0,1259.0,956.0,566.0,680.0,729.0,892.0,1550.0,578.0,1721.0,783.0
48202,26:33.500,26:33.503,3,1090.0,714.0,1269.0,954.0,591.0,686.0,756.0,904.0,1560.0,583.0,1726.0,785.0
48217,26:34.000,26:34.003,3,1119.0,720.0,1295.0,959.0,592.0,712.0,759.0,929.0,1574.0,599.0,1738.0,799.0
48232,26:34.500,26:34.503,3,1115.0,708.0,1292.0,944.0,588.0,693.0,757.0,920.0,1577.0,580.0,1741.0,787.0
48247,26:35.000,26:35.003,3,1112.0,708.0,1289.0,946.0,594.0,675.0,761.0,900.0,1579.0,581.0,1744.0,792.0
48262,26:35.500,26:35.503,3,1105.0,711.0,1283.0,947.0,595.0,672.0,762.0,897.0,1578.0,583.0,1742.0,792.0
48277,26:36.000,26:36.003,3,1099.0,711.0,1277.0,947.0,592.0,667.0,760.0,893.0,1577.0,578.0,1739.0,785.0
48292,26:36.500,26:36.503,3,1090.0,703.0,1271.0,945.0,586.0,653.0,756.0,890.0,1576.0,568.0,1740.0,778.0
48307,26:37.000,26:37.005,3,1058.0,879.0,1236.0,1120.0,553.0,855.0,723.0,1086.0,1536.0,755.0,1699.0,956.0
48322,26:37.500,26:37.505,3,1036.0,732.0,1216.0,967.0,530.0,711.0,701.0,939.0,1519.0,583.0,1686.0,791.0
48337,26:38.000,26:38.005,3,1024.0,799.0,1205.0,1040.0,515.0,776.0,689.0,1009.0,1507.0,661.0,1667.0,862.0
48352,26:38.500,26:38.505,3,1031.0,758.0,1210.0,996.0,515.0,727.0,689.0,962.0,1510.0,626.0,1671.0,830.0
48367,26:39.000,26:39.005,3,530.0,724.0,703.0,958.0,1045.0,755.0,1222.0,991.0,1521.0,619.0,1687.0,826.0
48382,26:39.500,26:39.505,3,1053.0,752.0,1230.0,984.0,536.0,720.0,706.0,947.0,1529.0,615.0,1693.0,821.0
48397,26:40.000,26:40.005,3,1054.0,731.0,1233.0,964.0,533.0,703.0,705.0,926.0,1532.0,598.0,1692.0,807.0
48412,26:40.500,26:40.505,3,1045.0,725.0,1225.0,960.0,524.0,691.0,696.0,919.0,1523.0,594.0,1683.0,802.0
48427,26:41.000,26:41.007,3,1046.0,720.0,1226.0,956.0,521.0,694.0,693.0,913.0,1522.0,594.0,1683.0,798.0
48442,26:41.500,26:41.507,3,529.0,757.0,702.0,984.0,1049.0,797.0,1227.0,1035.0,1530.0,676.0,1690.0,885.0
48458,26:42.000,26:42.007,3,1033.0,779.0,1210.0,1016.0,513.0,717.0,686.0,953.0,1511.0,668.0,1667.0,876.0
48472,26:42.500,26:42.507,3,468.0,722.0,645.0,963.0,994.0,793.0,1173.0,1031.0,1471.0,690.0,1624.0,894.0
48488,26:43.000,26:43.007,3,401.0,754.0,583.0,993.0,935.0,811.0,1115.0,1055.0,1413.0,702.0,1565.0,905.0
48503,26:43.500,26:43.507,3,318.0,771.0,509.0,1016.0,871.0,827.0,1054.0,1067.0,1352.0,716.0,1502.0,913.0
48518,26:44.000,26:44.007,3,318.0,694.0,509.0,933.0,871.0,762.0,1054.0,1004.0,1358.0,668.0,1504.0,866.0
48533,26:44.500,26:44.507,3,877.0,793.0,1057.0,1033.0,312.0,728.0,502.0,964.0,1352.0,695.0,1501.0,900.0
48548,26:45.000,26:45.007,3,892.0,792.0,1070.0,1030.0,317.0,735.0,507.0,975.0,1355.0,681.0,1507.0,878.0
48563,26:45.500,26:45.508,3,348.0,687.0,539.0,925.0,916.0,748.0,1096.0,983.0,1383.0,636.0,1534.0,836.0
48578,26:46.000,26:46.000,3,475.0,609.0,651.0,847.0,1012.0,682.0,1187.0,922.0,1490.0,587.0,1645.0,786.0
48593,26:46.500,26:46.500,3,1094.0,643.0,1273.0,883.0,592.0,569.0,761.0,795.0,1597.0,555.0,1753.0,768.0
48608,26:47.000,26:47.000,3,1166.0,694.0,1341.0,933.0,681.0,607.0,843.0,832.0,1679.0,622.0,1841.0,834.0
48623,26:47.500,26:47.500,3,1180.0,680.0,1357.0,922.0,694.0,595.0,856.0,816.0,1694.0,609.0,1855.0,824.0
48638,26:48.000,26:48.000,3,1151.0,697.0,1329.0,938.0,665.0,612.0,826.0,833.0,1660.0,626.0,1821.0,838.0
48653,26:48.500,26:48.500,3,502.0,614.0,676.0,843.0,1009.0,712.0,1186.0,950.0,1514.0,634.0,1663.0,838.0
48668,26:49.000,26:49.000,3,429.0,600.0,610.0,838.0,953.0,696.0,1130.0,937.0,1454.0,622.0,1603.0,827.0
48683,26:49.500,26:49.502,3,963.0,684.0,1141.0,929.0,432.0,576.0,613.0,811.0,1459.0,604.0,1606.0,808.0
48698,26:50.000,26:50.002,3,958.0,676.0,1136.0,919.0,417.0,563.0,598.0,797.0,1449.0,600.0,1593.0,806.0
48713,26:50.500,26:50.502,3,438.0,594.0,619.0,820.0,970.0,698.0,1149.0,937.0,1465.0,616.0,1613.0,823.0
48728,26:51.000,26:51.002,3,992.0,712.0,1170.0,957.0,463.0,594.0,642.0,835.0,1483.0,632.0,1633.0,836.0
48743,26:51.500,26:51.502,3,982.0,682.0,1159.0,925.0,448.0,568.0,627.0,804.0,1478.0,601.0,1624.0,806.0
48758,26:52.000,26:52.002,3,993.0,668.0,1170.0,910.0,450.0,558.0,628.0,793.0,1484.0,590.0,1630.0,796.0
48773,26:52.500,26:52.502,3,997.0,682.0,1175.0,922.0,457.0,567.0,634.0,807.0,1488.0,603.0,1633.0,812.0
48788,26:53.000,26:53.002,3,934.0,687.0,1114.0,929.0,383.0,572.0,568.0,809.0,1430.0,618.0,1573.0,826.0
48803,26:53.500,26:53.503,3,953.0,666.0,1126.0,909.0,382.0,556.0,565.0,797.0,1430.0,608.0,1571.0,815.0
48818,26:54.000,26:54.003,3,1130.0,650.0,1302.0,889.0,592.0,565.0,758.0,785.0,1607.0,569.0,1759.0,781.0
48833,26:54.500,26:54.503,3,1228.0,678.0,1404.0,916.0,695.0,610.0,857.0,830.0,1744.0,574.0,1900.0,791.0
48848,26:55.000,26:55.003,3,1223.0,682.0,1397.0,920.0,698.0,608.0,858.0,834.0,1752.0,572.0,1905.0,788.0
48863,26:55.500,26:55.503,3,1208.0,691.0,1384.0,935.0,690.0,623.0,853.0,847.0,1741.0,583.0,1894.0,802.0
48878,26:56.000,26:56.003,3,1192.0,807.0,1368.0,1048.0,685.0,724.0,843.0,949.0,1725.0,710.0,1874.0,923.0
48893,26:56.500,26:56.503,3,672.0,688.0,835.0,912.0,1171.0,761.0,1348.0,999.0,1711.0,652.0,1862.0,866.0
48908,26:57.000,26:57.003,3,1157.0,728.0,1334.0,967.0,655.0,660.0,816.0,882.0,1696.0,621.0,1849.0,833.0
48923,26:57.500,26:57.503,3,1167.0,688.0,1343.0,930.0,660.0,616.0,822.0,842.0,1707.0,583.0,1857.0,802.0
48938,26:58.000,26:58.005,3,1172.0,685.0,1345.0,926.0,657.0,608.0,821.0,840.0,1700.0,587.0,1850.0,799.0
48953,26:58.500,26:58.505,3,1148.0,678.0,1324.0,920.0,639.0,650.0,807.0,871.0,1678.0,580.0,1824.0,797.0
48968,26:59.000,26:59.005,3,1081.0,733.0,1257.0,973.0,569.0,705.0,741.0,927.0,1564.0,638.0,1714.0,847.0
48983,26:59.500,26:59.505,3,562.0,639.0,738.0,870.0,1063.0,691.0,1237.0,931.0,1538.0,606.0,1683.0,823.0
48998,27:00.000,27:00.005,3,1058.0,686.0,1233.0,927.0,541.0,625.0,716.0,859.0,1543.0,599.0,1688.0,816.0
49013,27:00.500,27:00.505,3,519.0,612.0,695.0,844.0,1044.0,681.0,1219.0,923.0,1534.0,591.0,1678.0,802.0
49028,27:01.000,27:01.005,3,932.0,892.0,1111.0,1139.0,388.0,809.0,574.0,1052.0,1419.0,807.0,1563.0,1015.0
49043,27:01.500,27:01.505,3,933.0,782.0,1111.0,1027.0,411.0,651.0,595.0,896.0,1441.0,731.0,1578.0,940.0
49058,27:02.000,27:02.007,3,1045.0,711.0,1220.0,956.0,536.0,578.0,712.0,810.0,1553.0,684.0,1691.0,898.0
49073,27:02.500,27:02.507,3,565.0,584.0,737.0,811.0,1070.0,701.0,1241.0,943.0,1570.0,657.0,1711.0,870.0
49088,27:03.000,27:03.007,3,547.0,598.0,721.0,823.0,1074.0,700.0,1245.0,942.0,1556.0,648.0,1697.0,856.0
49103,27:03.500,27:03.507,3,1088.0,699.0,1262.0,940.0,561.0,606.0,733.0,832.0,1565.0,640.0,1708.0,846.0
49118,27:04.000,27:04.007,3,1085.0,713.0,1258.0,953.0,562.0,627.0,732.0,856.0,1567.0,651.0,1711.0,861.0
49133,27:04.500,27:04.507,3,1022.0,706.0,1195.0,950.0,477.0,644.0,656.0,888.0,1504.0,643.0,1648.0,849.0
49148,27:05.000,27:05.007,3,1010.0,726.0,1182.0,966.0,473.0,654.0,652.0,898.0,1490.0,661.0,1630.0,873.0
49164,27:05.500,27:05.532,3,998.0,703.0,1174.0,943.0,465.0,613.0,646.0,851.0,1481.0,646.0,1624.0,856.0
49178,27:06.000,27:06.000,3,999.0,710.0,1173.0,947.0,467.0,614.0,648.0,856.0,1486.0,663.0,1626.0,869.0
49193,27:06.500,27:06.500,3,977.0,700.0,1152.0,940.0,453.0,617.0,635.0,847.0,1477.0,654.0,1617.0,860.0
49208,27:07.000,27:07.000,3,981.0,702.0,1157.0,943.0,462.0,613.0,643.0,848.0,1484.0,654.0,1623.0,867.0
49223,27:07.500,27:07.500,3,976.0,698.0,1153.0,939.0,459.0,606.0,639.0,843.0,1479.0,649.0,1619.0,856.0
49238,27:08.000,27:08.000,3,986.0,679.0,1163.0,921.0,462.0,592.0,643.0,823.0,1483.0,636.0,1625.0,843.0
49253,27:08.500,27:08.500,3,463.0,596.0,642.0,830.0,985.0,683.0,1162.0,925.0,1482.0,645.0,1625.0,854.0
49268,27:09.000,27:09.000,3,976.0,683.0,1155.0,922.0,456.0,593.0,637.0,826.0,1479.0,638.0,1620.0,843.0
49283,27:09.500,27:09.500,3,451.0,602.0,632.0,830.0,972.0,688.0,1152.0,928.0,1476.0,641.0,1617.0,857.0
49298,27:10.000,27:10.000,3,457.0,593.0,637.0,826.0,990.0,683.0,1167.0,924.0,1481.0,638.0,1623.0,845.0
49313,27:10.500,27:10.502,3,989.0,720.0,1164.0,956.0,457.0,625.0,636.0,862.0,1477.0,676.0,1619.0,886.0
49328,27:11.000,27:11.002,3,1104.0,712.0,1275.0,947.0,601.0,607.0,765.0,835.0,1589.0,661.0,1736.0,869.0
49343,27:11.500,27:11.502,3,1158.0,718.0,1329.0,949.0,656.0,618.0,817.0,839.0,1657.0,618.0,1807.0,834.0
49358,27:12.000,27:12.002,3,1186.0,647.0,1360.0,885.0,654.0,590.0,818.0,804.0,1667.0,559.0,1818.0,776.0
49373,27:12.500,27:12.502,3,1184.0,681.0,1355.0,916.0,643.0,616.0,807.0,840.0,1652.0,588.0,1801.0,803.0
49388,27:13.000,27:13.002,3,1177.0,761.0,1352.0,996.0,646.0,682.0,809.0,903.0,1644.0,665.0,1796.0,879.0
49403,27:13.500,27:13.502,3,651.0,660.0,813.0,883.0,1163.0,740.0,1335.0,976.0,1644.0,650.0,1794.0,858.0
49418,27:14.000,27:14.002,3,653.0,653.0,816.0,877.0,1162.0,738.0,1332.0,970.0,1655.0,646.0,1805.0,857.0
49433,27:14.500,27:14.503,3,1161.0,732.0,1333.0,964.0,657.0,629.0,820.0,859.0,1658.0,637.0,1808.0,845.0
49448,27:15.000,27:15.003,3,1161.0,717.0,1334.0,953.0,654.0,633.0,817.0,858.0,1658.0,628.0,1809.0,839.0
49463,27:15.500,27:15.503,3,1184.0,706.0,1358.0,943.0,665.0,624.0,827.0,846.0,1670.0,629.0,1818.0,841.0
49478,27:16.000,27:16.003,3,1168.0,651.0,1344.0,888.0,654.0,585.0,817.0,801.0,1663.0,565.0,1813.0,782.0
49493,27:16.500,27:16.503,3,647.0,609.0,811.0,834.0,1157.0,683.0,1330.0,923.0,1655.0,608.0,1804.0,821.0
49508,27:17.000,27:17.003,3,1138.0,675.0,1312.0,917.0,629.0,604.0,794.0,827.0,1641.0,599.0,1790.0,814.0
49523,27:17.500,27:17.503,3,1137.0,668.0,1310.0,908.0,630.0,589.0,796.0,812.0,1643.0,589.0,1791.0,816.0
49538,27:18.000,27:18.003,3,1127.0,661.0,1300.0,902.0,625.0,586.0,790.0,809.0,1633.0,588.0,1784.0,805.0
49553,27:18.500,27:18.505,3,584.0,608.0,753.0,841.0,1091.0,681.0,1266.0,922.0,1597.0,603.0,1744.0,811.0
49568,27:19.000,27:19.005,3,1089.0,681.0,1264.0,924.0,582.0,613.0,752.0,841.0,1595.0,602.0,1741.0,812.0
49584,27:19.500,27:19.505,3,1083.0,675.0,1261.0,917.0,583.0,598.0,752.0,830.0,1597.0,592.0,1743.0,807.0
49599,27:20.000,27:20.005,3,1087.0,671.0,1263.0,912.0,582.0,608.0,752.0,830.0,1597.0,587.0,1745.0,804.0
49614,27:20.500,27:20.505,3,1093.0,663.0,1266.0,905.0,576.0,611.0,745.0,833.0,1591.0,585.0,1736.0,803.0
49629,27:21.000,27:21.005,3,1098.0,657.0,1269.0,899.0,586.0,597.0,757.0,821.0,1596.0,583.0,1741.0,803.0
49644,27:21.500,27:21.505,3,1100.0,648.0,1275.0,887.0,595.0,579.0,761.0,801.0,1601.0,568.0,1748.0,783.0
49659,27:22.000,27:22.005,3,599.0,560.0,765.0,786.0,1117.0,641.0,1291.0,878.0,1609.0,560.0,1755.0,780.0
49674,27:22.500,27:22.505,3,603.0,534.0,771.0,771.0,1134.0,628.0,1304.0,864.0,1621.0,548.0,1765.0,773.0
49689,27:23.000,27:23.007,3,1126.0,614.0,1298.0,848.0,604.0,520.0,773.0,753.0,1621.0,534.0,1763.0,752.0
49704,27:23.500,27:23.507,3,626.0,540.0,793.0,769.0,1131.0,640.0,1302.0,876.0,1626.0,555.0,1772.0,780.0
49719,27:24.000,27:24.007,3,1137.0,637.0,1310.0,875.0,628.0,539.0,795.0,770.0,1633.0,560.0,1780.0,782.0
49734,27:24.500,27:24.507,3,1136.0,637.0,1311.0,875.0,628.0,546.0,795.0,773.0,1637.0,561.0,1786.0,783.0
49749,27:25.000,27:25.007,3,612.0,541.0,781.0,777.0,1117.0,637.0,1292.0,875.0,1623.0,562.0,1767.0,779.0
49765,27:25.500,27:25.532,3,1109.0,645.0,1284.0,884.0,610.0,547.0,778.0,781.0,1619.0,563.0,1763.0,787.0
49780,27:26.000,27:26.032,3,1117.0,647.0,1292.0,885.0,615.0,542.0,784.0,780.0,1625.0,567.0,1769.0,791.0
49795,27:26.500,27:26.532,3,621.0,541.0,789.0,775.0,1121.0,643.0,1294.0,882.0,1627.0,571.0,1772.0,791.0
49809,27:27.000,27:27.000,3,623.0,540.0,791.0,775.0,1130.0,639.0,1302.0,878.0,1633.0,564.0,1779.0,789.0
49824,27:27.500,27:27.500,3,625.0,539.0,793.0,771.0,1130.0,637.0,1303.0,874.0,1635.0,559.0,1783.0,787.0
49839,27:28.000,27:28.000,3,626.0,538.0,795.0,772.0,1130.0,639.0,1302.0,878.0,1629.0,559.0,1777.0,781.0
49854,27:28.500,27:28.500,3,624.0,536.0,791.0,773.0,1129.0,637.0,1300.0,874.0,1630.0,557.0,1778.0,781.0
49869,27:29.000,27:29.000,3,620.0,534.0,787.0,767.0,1130.0,632.0,1301.0,868.0,1635.0,556.0,1782.0,781.0
49884,27:29.500,27:29.500,3,617.0,536.0,785.0,770.0,1119.0,635.0,1294.0,874.0,1630.0,561.0,1777.0,782.0
49899,27:30.000,27:30.000,3,605.0,540.0,773.0,779.0,1117.0,640.0,1292.0,878.0,1621.0,565.0,1766.0,783.0
49914,27:30.500,27:30.500,3,614.0,536.0,782.0,777.0,1114.0,637.0,1289.0,870.0,1647.0,543.0,1792.0,758.0
49929,27:31.000,27:31.000,3,1097.0,637.0,1275.0,876.0,615.0,539.0,783.0,779.0,1647.0,549.0,1794.0,772.0
49944,27:31.500,27:31.502,3,610.0,531.0,778.0,771.0,1100.0,634.0,1278.0,872.0,1642.0,546.0,1788.0,767.0
49959,27:32.000,27:32.002,3,1098.0,631.0,1276.0,869.0,601.0,536.0,767.0,771.0,1632.0,547.0,1777.0,764.0
49974,27:32.500,27:32.502,3,1103.0,637.0,1279.0,874.0,607.0,529.0,776.0,766.0,1628.0,553.0,1774.0,774.0
49989,27:33.000,27:33.002,3,1105.0,635.0,1283.0,872.0,614.0,534.0,782.0,767.0,1626.0,556.0,1774.0,776.0
50004,27:33.500,27:33.502,3,1107.0,635.0,1284.0,874.0,614.0,530.0,783.0,760.0,1626.0,558.0,1774.0,776.0
50019,27:34.000,27:34.002,3,1108.0,622.0,1285.0,863.0,615.0,523.0,783.0,756.0,1626.0,548.0,1774.0,764.0
50034,27:34.500,27:34.502,3,1107.0,625.0,1284.0,863.0,615.0,524.0,784.0,760.0,1629.0,553.0,1778.0,768.0
50049,27:35.000,27:35.002,3,1099.0,625.0,1277.0,864.0,615.0,523.0,783.0,759.0,1628.0,552.0,1775.0,767.0
50064,27:35.500,27:35.503,3,1098.0,745.0,1276.0,981.0,608.0,644.0,776.0,877.0,1605.0,674.0,1752.0,883.0
50079,27:36.000,27:36.003,3,1114.0,1056.0,1292.0,1305.0,633.0,938.0,802.0,1170.0,1623.0,1009.0,1774.0,1238.0
50094,27:36.500,27:36.503,3,1267.0,735.0,1442.0,976.0,1791.0,737.0,1944.0,960.0,812.0,573.0,969.0,795.0
50109,27:37.000,27:37.003,3,1254.0,753.0,1430.0,994.0,787.0,615.0,946.0,836.0,1776.0,740.0,1928.0,959.0
50124,27:37.500,27:37.503,3,1251.0,769.0,1425.0,1008.0,779.0,642.0,938.0,863.0,1771.0,744.0,1924.0,960.0
50139,27:38.000,27:38.003,3,1191.0,744.0,1364.0,981.0,723.0,616.0,884.0,840.0,1716.0,705.0,1868.0,925.0
50154,27:38.500,27:38.503,3,1147.0,730.0,1320.0,966.0,677.0,607.0,840.0,829.0,1669.0,700.0,1814.0,920.0
50169,27:39.000,27:39.003,3,1139.0,746.0,1312.0,986.0,671.0,621.0,834.0,849.0,1658.0,706.0,1807.0,924.0
50184,27:39.500,27:39.505,3,1118.0,759.0,1296.0,998.0,660.0,628.0,824.0,858.0,1648.0,707.0,1794.0,933.0
50199,27:40.000,27:40.005,3,1108.0,746.0,1284.0,982.0,646.0,618.0,811.0,838.0,1632.0,691.0,1781.0,906.0
50214,27:40.500,27:40.505,3,1119.0,722.0,1294.0,960.0,647.0,597.0,810.0,823.0,1637.0,671.0,1786.0,884.0
50229,27:41.000,27:41.005,3,1136.0,703.0,1310.0,943.0,648.0,581.0,813.0,808.0,1638.0,662.0,1787.0,873.0
50244,27:41.500,27:41.505,3,1142.0,735.0,1315.0,973.0,646.0,611.0,811.0,836.0,1632.0,685.0,1783.0,900.0
50260,27:42.000,27:42.005,3,1107.0,774.0,1278.0,1012.0,606.0,651.0,773.0,884.0,1596.0,725.0,1739.0,932.0
50275,27:42.500,27:42.505,3,1107.0,745.0,1281.0,984.0,620.0,636.0,787.0,861.0,1608.0,691.0,1755.0,900.0
50290,27:43.000,27:43.005,3,1101.0,759.0,1275.0,1000.0,624.0,650.0,789.0,876.0,1616.0,711.0,1760.0,928.0
50305,27:43.500,27:43.505,3,1096.0,693.0,1272.0,936.0,614.0,591.0,782.0,815.0,1607.0,643.0,1753.0,857.0
50320,27:44.000,27:44.007,3,1117.0,686.0,1287.0,924.0,613.0,578.0,781.0,800.0,1610.0,636.0,1757.0,841.0
50335,27:44.500,27:44.507,3,1075.0,698.0,1246.0,935.0,535.0,583.0,707.0,813.0,1532.0,659.0,1682.0,865.0
50350,27:45.000,27:45.007,3,1072.0,703.0,1242.0,942.0,537.0,590.0,708.0,820.0,1517.0,672.0,1672.0,877.0
50365,27:45.500,27:45.507,3,1029.0,738.0,1203.0,976.0,494.0,625.0,671.0,858.0,1478.0,695.0,1635.0,901.0
50381,27:46.000,27:46.032,3,465.0,594.0,646.0,837.0,1014.0,705.0,1185.0,946.0,1459.0,668.0,1618.0,865.0
50396,27:46.500,27:46.532,3,1043.0,673.0,1215.0,914.0,494.0,577.0,670.0,810.0,1489.0,636.0,1647.0,832.0
50411,27:47.000,27:47.032,3,1033.0,621.0,1208.0,859.0,479.0,508.0,657.0,752.0,1483.0,574.0,1641.0,774.0
50426,27:47.500,27:47.532,3,1015.0,675.0,1187.0,914.0,463.0,568.0,643.0,804.0,1451.0,630.0,1610.0,829.0
50440,27:48.000,27:48.000,3,1026.0,628.0,1200.0,866.0,469.0,519.0,653.0,760.0,1460.0,582.0,1618.0,784.0
50455,27:48.500,27:48.500,3,1033.0,643.0,1206.0,880.0,491.0,541.0,670.0,782.0,1474.0,601.0,1629.0,803.0
50470,27:49.000,27:49.000,3,489.0,636.0,668.0,875.0,1030.0,748.0,1202.0,987.0,1471.0,707.0,1628.0,908.0
50485,27:49.500,27:49.500,3,1029.0,817.0,1203.0,1057.0,500.0,700.0,678.0,933.0,1473.0,788.0,1631.0,991.0
50500,27:50.000,27:50.000,3,1022.0,745.0,1194.0,987.0,495.0,621.0,673.0,860.0,1469.0,719.0,1623.0,923.0
50515,27:50.500,27:50.500,3,1015.0,764.0,1188.0,1004.0,497.0,644.0,675.0,884.0,1473.0,736.0,1630.0,941.0
50530,27:51.000,27:51.000,3,1083.0,752.0,1259.0,996.0,583.0,647.0,751.0,877.0,1550.0,720.0,1711.0,929.0
50545,27:51.500,27:51.500,3,557.0,642.0,730.0,880.0,1059.0,755.0,1235.0,994.0,1519.0,722.0,1680.0,924.0
50560,27:52.000,27:52.002,3,1051.0,708.0,1226.0,951.0,553.0,597.0,726.0,836.0,1518.0,683.0,1678.0,887.0
50575,27:52.500,27:52.502,3,1033.0,679.0,1211.0,921.0,535.0,567.0,707.0,804.0,1501.0,646.0,1662.0,845.0
50590,27:53.000,27:53.002,3,972.0,716.0,1146.0,957.0,440.0,611.0,622.0,843.0,1422.0,686.0,1581.0,890.0
50605,27:53.500,27:53.502,3,396.0,712.0,581.0,952.0,946.0,821.0,1120.0,1062.0,1382.0,802.0,1536.0,1007.0
50620,27:54.000,27:54.002,3,967.0,769.0,1139.0,1012.0,423.0,650.0,605.0,887.0,1401.0,762.0,1555.0,964.0
50635,27:54.500,27:54.502,3,975.0,687.0,1149.0,929.0,431.0,564.0,613.0,801.0,1413.0,676.0,1570.0,888.0
50650,27:55.000,27:55.002,3,963.0,675.0,1137.0,921.0,429.0,541.0,611.0,785.0,1408.0,664.0,1558.0,869.0
50665,27:55.500,27:55.502,3,963.0,670.0,1138.0,913.0,432.0,537.0,614.0,779.0,1412.0,664.0,1564.0,869.0
50680,27:56.000,27:56.002,3,955.0,666.0,1128.0,909.0,427.0,534.0,611.0,776.0,1400.0,656.0,1551.0,863.0
50695,27:56.500,27:56.503,3,949.0,674.0,1121.0,919.0,410.0,535.0,599.0,783.0,1388.0,664.0,1538.0,871.0
50710,27:57.000,27:57.003,3,986.0,827.0,1160.0,1069.0,462.0,707.0,644.0,945.0,1415.0,807.0,1570.0,1018.0
50725,27:57.500,27:57.503,3,462.0,667.0,643.0,909.0,992.0,795.0,1163.0,1036.0,1440.0,745.0,1584.0,946.0
50740,27:58.000,27:58.003,3,472.0,656.0,654.0,902.0,1004.0,772.0,1177.0,1014.0,1490.0,695.0,1626.0,905.0
50755,27:58.500,27:58.503,3,981.0,701.0,1155.0,941.0,459.0,587.0,641.0,827.0,1518.0,620.0,1652.0,832.0
50770,27:59.000,27:59.003,3,1092.0,656.0,1265.0,894.0,577.0,559.0,748.0,787.0,1699.0,543.0,1844.0,766.0
50785,27:59.500,27:59.503,3,1024.0,631.0,1198.0,868.0,488.0,517.0,667.0,761.0,1644.0,537.0,1783.0,748.0
50800,28:00.000,28:00.003,3,973.0,607.0,1150.0,848.0,431.0,496.0,614.0,743.0,1584.0,534.0,1717.0,740.0
50815,28:00.500,28:00.505,3,299.0,509.0,498.0,767.0,871.0,632.0,1052.0,875.0,1470.0,564.0,1599.0,776.0
50830,28:01.000,28:01.005,3,897.0,631.0,1074.0,871.0,332.0,504.0,527.0,759.0,1482.0,569.0,1612.0,774.0
50845,28:01.500,28:01.505,3,360.0,500.0,553.0,756.0,922.0,630.0,1097.0,866.0,1505.0,568.0,1637.0,775.0
50860,28:02.000,28:02.005,3,369.0,482.0,557.0,735.0,926.0,610.0,1103.0,848.0,1513.0,553.0,1644.0,757.0
50875,28:02.500,28:02.505,3,350.0,494.0,544.0,751.0,914.0,626.0,1090.0,863.0,1501.0,562.0,1631.0,776.0
50890,28:03.000,28:03.005,3,362.0,493.0,554.0,745.0,922.0,628.0,1098.0,865.0,1506.0,568.0,1640.0,775.0
50905,28:03.500,28:03.505,3,333.0,489.0,530.0,742.0,898.0,620.0,1073.0,857.0,1487.0,563.0,1617.0,765.0
50920,28:04.000,28:04.005,3,888.0,623.0,1064.0,863.0,319.0,498.0,514.0,747.0,1477.0,565.0,1605.0,764.0
50935,28:04.500,28:04.507,3,899.0,634.0,1075.0,878.0,334.0,514.0,528.0,765.0,1486.0,581.0,1615.0,787.0
50950,28:05.000,28:05.007,3,312.0,520.0,507.0,768.0,883.0,635.0,1060.0,879.0,1469.0,574.0,1598.0,781.0
50965,28:05.500,28:05.507,3,871.0,646.0,1049.0,888.0,294.0,535.0,490.0,787.0,1450.0,579.0,1580.0,789.0
50981,28:06.000,28:06.032,3,319.0,527.0,511.0,773.0,894.0,637.0,1071.0,880.0,1471.0,577.0,1601.0,786.0
50996,28:06.500,28:06.532,3,909.0,638.0,1085.0,877.0,334.0,514.0,527.0,765.0,1488.0,579.0,1618.0,781.0
51011,28:07.000,28:07.032,3,332.0,497.0,526.0,746.0,926.0,629.0,1102.0,864.0,1491.0,573.0,1619.0,776.0
51026,28:07.500,28:07.532,3,934.0,618.0,1109.0,854.0,333.0,489.0,526.0,739.0,1495.0,563.0,1626.0,768.0
51041,28:08.000,28:08.032,3,922.0,606.0,1099.0,842.0,324.0,479.0,517.0,729.0,1488.0,551.0,1617.0,750.0
51056,28:08.500,28:08.532,3,901.0,600.0,1077.0,838.0,328.0,472.0,523.0,721.0,1492.0,551.0,1621.0,750.0
51070,28:09.000,28:09.000,3,891.0,595.0,1072.0,836.0,332.0,468.0,524.0,712.0,1493.0,545.0,1623.0,747.0
51085,28:09.500,28:09.500,3,892.0,579.0,1071.0,824.0,342.0,451.0,536.0,701.0,1501.0,535.0,1633.0,745.0
51100,28:10.000,28:10.000,3,896.0,577.0,1076.0,824.0,346.0,445.0,539.0,691.0,1503.0,530.0,1636.0,736.0
51115,28:10.500,28:10.500,3,915.0,594.0,1096.0,837.0,377.0,450.0,566.0,692.0,1525.0,540.0,1655.0,744.0
51130,28:11.000,28:11.000,3,932.0,611.0,1110.0,852.0,395.0,460.0,583.0,705.0,1524.0,552.0,1651.0,756.0
51145,28:11.500,28:11.500,3,937.0,619.0,1111.0,856.0,391.0,462.0,581.0,705.0,1516.0,566.0,1647.0,777.0
51160,28:12.000,28:12.000,3,372.0,475.0,563.0,724.0,924.0,629.0,1101.0,866.0,1501.0,574.0,1629.0,784.0
51175,28:12.500,28:12.500,3,935.0,595.0,1112.0,836.0,380.0,456.0,571.0,705.0,1513.0,546.0,1645.0,752.0
51190,28:13.000,28:13.002,3,916.0,582.0,1095.0,827.0,370.0,451.0,561.0,694.0,1502.0,537.0,1632.0,746.0
51205,28:13.500,28:13.502,3,902.0,587.0,1083.0,834.0,371.0,448.0,561.0,688.0,1501.0,534.0,1630.0,743.0
51220,28:14.000,28:14.002,3,902.0,601.0,1083.0,847.0,365.0,457.0,555.0,701.0,1498.0,549.0,1624.0,755.0
51235,28:14.500,28:14.502,3,907.0,575.0,1088.0,826.0,369.0,440.0,559.0,682.0,1502.0,532.0,1631.0,742.0
51250,28:15.000,28:15.002,3,906.0,568.0,1088.0,819.0,369.0,436.0,558.0,678.0,1502.0,526.0,1631.0,740.0
51265,28:15.500,28:15.502,3,899.0,564.0,1081.0,813.0,359.0,422.0,550.0,673.0,1497.0,514.0,1624.0,727.0
51280,28:16.000,28:16.002,3,979.0,585.0,1157.0,828.0,453.0,445.0,637.0,691.0,1588.0,530.0,1723.0,743.0
51295,28:16.500,28:16.502,3,539.0,434.0,714.0,669.0,1056.0,574.0,1228.0,817.0,1664.0,543.0,1802.0,752.0
51310,28:17.000,28:17.002,3,478.0,438.0,658.0,678.0,998.0,573.0,1175.0,818.0,1614.0,534.0,1750.0,746.0
51325,28:17.500,28:17.503,3,990.0,652.0,1166.0,891.0,472.0,517.0,652.0,760.0,1603.0,601.0,1737.0,806.0
51341,28:18.000,28:18.037,3,480.0,486.0,658.0,737.0,995.0,620.0,1171.0,856.0,1607.0,566.0,1740.0,776.0
51355,28:18.500,28:18.503,3,989.0,606.0,1166.0,841.0,467.0,478.0,649.0,724.0,1586.0,555.0,1719.0,769.0
51370,28:19.000,28:19.003,3,978.0,598.0,1155.0,836.0,455.0,468.0,638.0,712.0,1582.0,546.0,1713.0,754.0
51385,28:19.500,28:19.503,3,969.0,609.0,1145.0,848.0,446.0,484.0,628.0,724.0,1573.0,553.0,1707.0,765.0
51400,28:20.000,28:20.003,3,963.0,596.0,1143.0,837.0,442.0,471.0,625.0,710.0,1579.0,543.0,1712.0,755.0
51415,28:20.500,28:20.503,3,955.0,581.0,1132.0,826.0,435.0,463.0,620.0,707.0,1575.0,538.0,1709.0,747.0
51430,28:21.000,28:21.003,3,955.0,579.0,1134.0,824.0,431.0,457.0,615.0,699.0,1570.0,530.0,1705.0,744.0
51445,28:21.500,28:21.505,3,951.0,584.0,1128.0,826.0,420.0,458.0,605.0,700.0,1561.0,527.0,1698.0,739.0
51460,28:22.000,28:22.005,3,945.0,603.0,1122.0,844.0,422.0,468.0,607.0,715.0,1561.0,547.0,1693.0,756.0
51475,28:22.500,28:22.505,3,951.0,609.0,1128.0,850.0,422.0,480.0,606.0,721.0,1559.0,551.0,1693.0,761.0
51490,28:23.000,28:23.005,3,947.0,595.0,1127.0,836.0,417.0,466.0,602.0,711.0,1560.0,533.0,1692.0,744.0
51505,28:23.500,28:23.505,3,935.0,592.0,1115.0,834.0,407.0,470.0,596.0,718.0,1555.0,536.0,1685.0,744.0
51520,28:24.000,28:24.005,3,931.0,598.0,1111.0,839.0,406.0,472.0,594.0,717.0,1550.0,544.0,1681.0,761.0
51535,28:24.500,28:24.505,3,873.0,774.0,1053.0,1016.0,348.0,633.0,541.0,881.0,1488.0,739.0,1615.0,938.0
51550,28:25.000,28:25.005,3,806.0,822.0,989.0,1069.0,264.0,676.0,463.0,926.0,1419.0,794.0,1544.0,993.0
51565,28:25.500,28:25.507,3,836.0,787.0,1015.0,1030.0,299.0,644.0,494.0,893.0,1432.0,747.0,1555.0,953.0
51581,28:26.000,28:26.032,3,1048.0,779.0,1223.0,1017.0,560.0,657.0,730.0,888.0,1646.0,727.0,1780.0,935.0
51596,28:26.500,28:26.532,3,1191.0,777.0,1367.0,1017.0,723.0,685.0,883.0,902.0,1806.0,709.0,1949.0,921.0
51611,28:27.000,28:27.032,3,1054.0,774.0,1231.0,1011.0,566.0,656.0,736.0,886.0,1654.0,709.0,1791.0,919.0
51626,28:27.500,28:27.532,3,1064.0,718.0,1238.0,955.0,569.0,596.0,740.0,827.0,1657.0,671.0,1794.0,880.0
51641,28:28.000,28:28.032,3,1074.0,720.0,1248.0,957.0,577.0,597.0,748.0,826.0,1673.0,663.0,1809.0,871.0
51656,28:28.500,28:28.532,3,1016.0,751.0,1190.0,987.0,509.0,629.0,686.0,862.0,1609.0,691.0,1742.0,898.0
51671,28:29.000,28:29.032,3,924.0,680.0,1104.0,921.0,405.0,528.0,588.0,769.0,1525.0,652.0,1653.0,860.0
51686,28:29.500,28:29.533,3,926.0,648.0,1104.0,887.0,402.0,497.0,586.0,736.0,1532.0,614.0,1667.0,823.0
51700,28:30.000,28:30.000,3,351.0,482.0,541.0,737.0,896.0,634.0,1075.0,889.0,1499.0,586.0,1629.0,791.0
51715,28:30.500,28:30.500,3,370.0,465.0,560.0,711.0,916.0,616.0,1095.0,861.0,1521.0,556.0,1654.0,763.0
51730,28:31.000,28:31.000,3,928.0,614.0,1108.0,855.0,366.0,458.0,555.0,707.0,1522.0,550.0,1653.0,757.0
51745,28:31.500,28:31.500,3,940.0,619.0,1118.0,857.0,388.0,468.0,576.0,711.0,1533.0,556.0,1667.0,764.0
51760,28:32.000,28:32.000,3,916.0,598.0,1096.0,839.0,382.0,456.0,572.0,700.0,1534.0,545.0,1666.0,750.0
51775,28:32.500,28:32.500,3,926.0,586.0,1108.0,828.0,392.0,438.0,583.0,685.0,1545.0,525.0,1678.0,735.0
51790,28:33.000,28:33.000,3,1205.0,712.0,1383.0,951.0,726.0,597.0,883.0,826.0,1845.0,621.0,1992.0,836.0
51805,28:33.500,28:33.500,3,1329.0,753.0,1513.0,1005.0,848.0,645.0,1003.0,867.0,1975.0,640.0,2135.0,862.0
51820,28:34.000,28:34.002,3,1331.0,732.0,1514.0,984.0,1996.0,609.0,2157.0,837.0,864.0,629.0,1018.0,850.0
51835,28:34.500,28:34.502,3,1291.0,689.0,1475.0,946.0,833.0,595.0,987.0,823.0,1963.0,560.0,2120.0,785.0
51850,28:35.000,28:35.002,3,1215.0,668.0,1396.0,928.0,758.0,574.0,916.0,803.0,1861.0,557.0,2008.0,774.0
51865,28:35.500,28:35.502,3,1252.0,688.0,1432.0,954.0,788.0,600.0,943.0,827.0,1900.0,578.0,2051.0,797.0
51880,28:36.000,28:36.002,3,1242.0,690.0,1421.0,952.0,778.0,599.0,936.0,825.0,1890.0,585.0,2043.0,806.0
51895,28:36.500,28:36.502,3,1230.0,679.0,1413.0,943.0,772.0,601.0,929.0,817.0,1883.0,587.0,2035.0,798.0
51910,28:37.000,28:37.002,3,1234.0,684.0,1414.0,940.0,764.0,607.0,921.0,825.0,1880.0,586.0,2032.0,797.0
51925,28:37.500,28:37.502,3,1258.0,695.0,1436.0,941.0,756.0,611.0,913.0,833.0,1874.0,589.0,2028.0,801.0
51940,28:38.000,28:38.003,3,1269.0,754.0,1448.0,999.0,780.0,656.0,938.0,878.0,1891.0,661.0,2044.0,874.0
51955,28:38.500,28:38.503,3,1267.0,722.0,1444.0,965.0,785.0,629.0,943.0,850.0,1905.0,616.0,2059.0,833.0
51970,28:39.000,28:39.003,3,1268.0,692.0,1446.0,939.0,773.0,601.0,932.0,819.0,1913.0,592.0,2069.0,813.0
51985,28:39.500,28:39.503,3,1181.0,635.0,1356.0,879.0,632.0,533.0,794.0,760.0,1811.0,540.0,1959.0,753.0
52000,28:40.000,28:40.003,3,1152.0,595.0,1331.0,836.0,619.0,506.0,787.0,733.0,1792.0,492.0,1939.0,711.0
52015,28:40.500,28:40.503,3,1068.0,638.0,1245.0,880.0,587.0,532.0,757.0,770.0,1675.0,547.0,1811.0,763.0
52030,28:41.000,28:41.003,3,1075.0,622.0,1248.0,861.0,630.0,497.0,803.0,731.0,1626.0,530.0,1758.0,743.0
52045,28:41.500,28:41.503,3,1036.0,607.0,1212.0,844.0,560.0,498.0,737.0,739.0,1578.0,522.0,1713.0,739.0
52060,28:42.000,28:42.003,3,998.0,588.0,1176.0,828.0,455.0,460.0,635.0,707.0,1547.0,512.0,1679.0,727.0
52075,28:42.500,28:42.505,3,991.0,578.0,1172.0,822.0,483.0,454.0,664.0,691.0,1557.0,515.0,1689.0,725.0
52090,28:43.000,28:43.005,3,1015.0,560.0,1190.0,804.0,505.0,431.0,681.0,669.0,1575.0,485.0,1708.0,697.0
52105,28:43.500,28:43.505,3,494.0,472.0,674.0,716.0,1004.0,589.0,1177.0,824.0,1589.0,512.0,1723.0,729.0
52120,28:44.000,28:44.005,3,495.0,464.0,673.0,707.0,1007.0,576.0,1181.0,809.0,1585.0,496.0,1721.0,710.0
52135,28:44.500,28:44.505,3,1009.0,541.0,1182.0,781.0,484.0,435.0,665.0,676.0,1590.0,474.0,1727.0,686.0
52150,28:45.000,28:45.005,3,488.0,426.0,668.0,671.0,992.0,523.0,1169.0,767.0,1591.0,466.0,1727.0,680.0
52166,28:45.500,28:45.530,3,484.0,431.0,666.0,674.0,998.0,530.0,1173.0,766.0,1597.0,461.0,1734.0,677.0
52181,28:46.000,28:46.030,3,1012.0,558.0,1185.0,788.0,483.0,438.0,664.0,679.0,1594.0,478.0,1730.0,690.0
52196,28:46.500,28:46.532,3,942.0,486.0,1120.0,722.0,385.0,362.0,578.0,612.0,1532.0,401.0,1665.0,611.0
52211,28:47.000,28:47.032,2,478.0,303.0,689.0,556.0,1129.0,199.0,1259.0,411.0,,,,
52227,28:47.500,28:47.532,2,456.0,451.0,665.0,689.0,1101.0,337.0,1228.0,547.0,,,,
52242,28:48.000,28:48.032,3,659.0,634.0,822.0,862.0,1155.0,753.0,1328.0,970.0,1744.0,648.0,1884.0,860.0
52257,28:48.500,28:48.532,3,708.0,753.0,868.0,976.0,1203.0,870.0,1376.0,1089.0,1781.0,772.0,1923.0,983.0
52272,28:49.000,28:49.032,3,443.0,733.0,622.0,966.0,965.0,855.0,1141.0,1090.0,1538.0,781.0,1667.0,985.0
52287,28:49.500,28:49.532,3,419.0,705.0,603.0,939.0,935.0,845.0,1108.0,1073.0,1518.0,777.0,1647.0,976.0
52302,28:50.000,28:50.032,3,403.0,668.0,586.0,902.0,932.0,812.0,1104.0,1043.0,1506.0,743.0,1638.0,954.0
52316,28:50.500,28:50.500,3,375.0,645.0,564.0,884.0,932.0,778.0,1105.0,1011.0,1489.0,721.0,1617.0,919.0
52331,28:51.000,28:51.000,3,383.0,732.0,569.0,969.0,922.0,832.0,1096.0,1069.0,1493.0,778.0,1621.0,986.0
52346,28:51.500,28:51.500,3,371.0,713.0,559.0,960.0,910.0,815.0,1085.0,1056.0,1486.0,767.0,1615.0,971.0
52361,28:52.000,28:52.000,3,371.0,709.0,559.0,942.0,913.0,803.0,1089.0,1043.0,1483.0,751.0,1610.0,955.0
52376,28:52.500,28:52.500,3,374.0,690.0,562.0,931.0,923.0,788.0,1095.0,1026.0,1488.0,746.0,1616.0,943.0
52391,28:53.000,28:53.000,3,383.0,655.0,571.0,900.0,922.0,761.0,1095.0,1003.0,1497.0,722.0,1626.0,925.0
52406,28:53.500,28:53.500,3,367.0,631.0,554.0,876.0,922.0,761.0,1095.0,987.0,1494.0,699.0,1622.0,906.0
52421,28:54.000,28:54.000,3,925.0,775.0,1101.0,1003.0,383.0,639.0,570.0,879.0,1501.0,710.0,1631.0,912.0
52436,28:54.500,28:54.500,3,380.0,604.0,567.0,843.0,926.0,731.0,1101.0,965.0,1503.0,677.0,1632.0,880.0
52451,28:55.000,28:55.002,3,916.0,720.0,1091.0,957.0,360.0,605.0,548.0,851.0,1493.0,687.0,1622.0,891.0
52466,28:55.500,28:55.502,3,935.0,717.0,1110.0,956.0,371.0,610.0,557.0,848.0,1503.0,686.0,1636.0,883.0
52481,28:56.000,28:56.002,3,937.0,732.0,1109.0,968.0,354.0,618.0,542.0,860.0,1491.0,693.0,1621.0,889.0
52496,28:56.500,28:56.502,3,977.0,697.0,1151.0,938.0,400.0,592.0,583.0,826.0,1531.0,660.0,1662.0,865.0
52511,28:57.000,28:57.002,3,970.0,717.0,1143.0,955.0,402.0,599.0,586.0,838.0,1529.0,671.0,1660.0,871.0
52526,28:57.500,28:57.502,3,942.0,747.0,1120.0,985.0,400.0,621.0,583.0,859.0,1526.0,689.0,1657.0,895.0
52541,28:58.000,28:58.002,3,939.0,712.0,1118.0,950.0,408.0,591.0,589.0,823.0,1531.0,659.0,1663.0,864.0
52556,28:58.500,28:58.502,3,408.0,573.0,590.0,815.0,949.0,685.0,1129.0,936.0,1533.0,643.0,1666.0,844.0
52571,28:59.000,28:59.003,3,545.0,634.0,718.0,866.0,1066.0,751.0,1240.0,993.0,1644.0,713.0,1782.0,924.0
52586,28:59.500,28:59.503,3,496.0,642.0,672.0,872.0,1029.0,751.0,1204.0,993.0,1595.0,717.0,1729.0,922.0
52601,29:00.000,29:00.003,3,478.0,598.0,655.0,832.0,1025.0,718.0,1196.0,957.0,1585.0,673.0,1720.0,883.0
52616,29:00.500,29:00.503,3,488.0,589.0,664.0,815.0,1054.0,696.0,1226.0,937.0,1598.0,667.0,1735.0,869.0
52631,29:01.000,29:01.003,3,484.0,578.0,661.0,809.0,1056.0,696.0,1228.0,938.0,1594.0,657.0,1731.0,864.0
52646,29:01.500,29:01.503,3,479.0,588.0,655.0,819.0,1031.0,706.0,1205.0,947.0,1586.0,668.0,1721.0,873.0
52661,29:02.000,29:02.003,3,477.0,589.0,653.0,822.0,1032.0,704.0,1206.0,946.0,1567.0,668.0,1701.0,876.0
52676,29:02.500,29:02.503,3,477.0,580.0,655.0,813.0,1032.0,696.0,1206.0,939.0,1577.0,662.0,1710.0,877.0
52691,29:03.000,29:03.005,3,1033.0,705.0,1208.0,946.0,476.0,588.0,651.0,816.0,1576.0,666.0,1709.0,877.0
52706,29:03.500,29:03.505,3,517.0,611.0,692.0,841.0,1069.0,733.0,1239.0,975.0,1616.0,686.0,1751.0,894.0
52721,29:04.000,29:04.005,3,549.0,629.0,719.0,863.0,1091.0,742.0,1265.0,984.0,1644.0,690.0,1780.0,896.0
52736,29:04.500,29:04.505,3,499.0,636.0,675.0,870.0,1043.0,753.0,1214.0,992.0,1593.0,704.0,1728.0,912.0
52751,29:05.000,29:05.005,3,522.0,662.0,697.0,896.0,1010.0,799.0,1185.0,1045.0,1608.0,791.0,1743.0,1002.0
52766,29:05.500,29:05.505,3,519.0,764.0,695.0,997.0,1020.0,896.0,1197.0,1141.0,1615.0,876.0,1747.0,1084.0
52782,29:06.000,29:06.030,3,613.0,689.0,783.0,916.0,1107.0,822.0,1282.0,1067.0,1699.0,794.0,1840.0,1010.0
52797,29:06.500,29:06.530,3,517.0,598.0,694.0,830.0,1033.0,734.0,1210.0,977.0,1603.0,692.0,1735.0,900.0
52812,29:07.000,29:07.030,3,390.0,601.0,577.0,838.0,940.0,724.0,1119.0,972.0,1502.0,671.0,1629.0,876.0
52827,29:07.500,29:07.532,3,472.0,630.0,649.0,870.0,1012.0,736.0,1185.0,973.0,1566.0,651.0,1695.0,856.0
52842,29:08.000,29:08.032,3,581.0,672.0,749.0,891.0,1112.0,749.0,1287.0,987.0,1666.0,648.0,1800.0,854.0
52857,29:08.500,29:08.532,3,637.0,659.0,802.0,883.0,1158.0,730.0,1333.0,967.0,1720.0,622.0,1861.0,832.0
52872,29:09.000,29:09.032,3,461.0,627.0,641.0,868.0,984.0,742.0,1160.0,984.0,1563.0,667.0,1694.0,871.0
52887,29:09.500,29:09.532,3,376.0,618.0,563.0,857.0,916.0,732.0,1095.0,974.0,1496.0,667.0,1623.0,865.0
52902,29:10.000,29:10.032,3,635.0,715.0,798.0,934.0,1130.0,798.0,1305.0,1044.0,1713.0,721.0,1852.0,930.0
52917,29:10.500,29:10.532,3,640.0,712.0,805.0,938.0,1163.0,806.0,1336.0,1049.0,1718.0,741.0,1859.0,952.0
52932,29:11.000,29:11.032,3,570.0,622.0,740.0,859.0,1098.0,731.0,1273.0,975.0,1661.0,661.0,1797.0,869.0
52946,29:11.500,29:11.500,3,423.0,624.0,607.0,862.0,971.0,740.0,1150.0,983.0,1535.0,675.0,1666.0,891.0
52961,29:12.000,29:12.000,3,343.0,552.0,533.0,800.0,914.0,693.0,1092.0,937.0,1497.0,633.0,1626.0,835.0
52976,29:12.500,29:12.500,3,298.0,600.0,492.0,838.0,883.0,721.0,1061.0,964.0,1459.0,652.0,1586.0,853.0
52991,29:13.000,29:13.000,3,838.0,785.0,1017.0,1035.0,237.0,669.0,434.0,912.0,1407.0,727.0,1532.0,932.0
53006,29:13.500,29:13.500,3,872.0,734.0,1049.0,971.0,286.0,592.0,481.0,838.0,1442.0,685.0,1568.0,887.0
53021,29:14.000,29:14.000,3,844.0,728.0,1021.0,967.0,264.0,566.0,465.0,812.0,1422.0,693.0,1550.0,895.0
53036,29:14.500,29:14.500,3,869.0,709.0,1045.0,948.0,297.0,550.0,490.0,792.0,1444.0,685.0,1572.0,883.0
53051,29:15.000,29:15.000,3,867.0,690.0,1045.0,935.0,296.0,529.0,491.0,779.0,1443.0,666.0,1570.0,868.0
53066,29:15.500,29:15.502,3,867.0,677.0,1043.0,921.0,289.0,519.0,486.0,770.0,1437.0,644.0,1562.0,845.0
53081,29:16.000,29:16.002,3,299.0,524.0,493.0,774.0,881.0,683.0,1057.0,924.0,1441.0,649.0,1567.0,852.0
53096,29:16.500,29:16.502,3,888.0,675.0,1064.0,918.0,309.0,522.0,503.0,768.0,1447.0,644.0,1578.0,847.0
53111,29:17.000,29:17.002,3,314.0,531.0,507.0,773.0,891.0,687.0,1068.0,926.0,1449.0,651.0,1581.0,859.0
53126,29:17.500,29:17.502,3,326.0,535.0,520.0,778.0,899.0,689.0,1076.0,931.0,1460.0,658.0,1589.0,865.0
53141,29:18.000,29:18.002,3,911.0,715.0,1085.0,954.0,348.0,559.0,536.0,799.0,1473.0,681.0,1599.0,889.0
53156,29:18.500,29:18.502,3,921.0,710.0,1097.0,950.0,358.0,555.0,548.0,792.0,1478.0,681.0,1609.0,885.0
53171,29:19.000,29:19.002,3,936.0,735.0,1110.0,971.0,371.0,583.0,561.0,815.0,1488.0,707.0,1616.0,911.0
53186,29:19.500,29:19.502,3,392.0,604.0,580.0,841.0,955.0,756.0,1131.0,999.0,1503.0,733.0,1633.0,937.0
53201,29:20.000,29:20.003,3,963.0,767.0,1139.0,1007.0,407.0,621.0,591.0,857.0,1515.0,736.0,1644.0,940.0
53216,29:20.500,29:20.503,3,860.0,747.0,1038.0,987.0,276.0,591.0,474.0,830.0,1415.0,724.0,1541.0,925.0
53231,29:21.000,29:21.003,3,760.0,795.0,946.0,1044.0,195.0,638.0,403.0,880.0,1353.0,791.0,1477.0,991.0
53246,29:21.500,29:21.503,3,180.0,569.0,391.0,813.0,736.0,734.0,921.0,979.0,1358.0,731.0,1485.0,934.0
53261,29:22.000,29:22.003,3,806.0,730.0,990.0,973.0,262.0,561.0,464.0,804.0,1416.0,717.0,1545.0,918.0
53276,29:22.500,29:22.503,3,269.0,602.0,471.0,843.0,826.0,742.0,1008.0,983.0,1423.0,683.0,1551.0,887.0
53291,29:23.000,29:23.003,3,312.0,600.0,505.0,835.0,850.0,719.0,1033.0,964.0,1452.0,651.0,1580.0,854.0
53306,29:23.500,29:23.503,3,858.0,689.0,1040.0,941.0,312.0,568.0,503.0,804.0,1450.0,637.0,1579.0,839.0
53321,29:24.000,29:24.005,3,342.0,490.0,531.0,737.0,906.0,632.0,1085.0,872.0,1478.0,588.0,1610.0,794.0
53336,29:24.500,29:24.505,3,370.0,479.0,558.0,727.0,921.0,627.0,1101.0,864.0,1504.0,581.0,1634.0,787.0
53351,29:25.000,29:25.005,3,1038.0,678.0,1213.0,913.0,548.0,562.0,719.0,785.0,1645.0,621.0,1784.0,830.0
53366,29:25.500,29:25.505,3,1170.0,731.0,1345.0,961.0,694.0,621.0,853.0,850.0,1793.0,656.0,1936.0,865.0
53381,29:26.000,29:26.005,3,1244.0,691.0,1421.0,927.0,739.0,612.0,898.0,834.0,1851.0,598.0,1999.0,814.0
53396,29:26.500,29:26.505,3,1288.0,684.0,1464.0,919.0,770.0,605.0,927.0,826.0,1881.0,593.0,2033.0,805.0
53412,29:27.000,29:27.030,3,1295.0,694.0,1473.0,932.0,778.0,616.0,934.0,835.0,1889.0,597.0,2042.0,818.0
53427,29:27.500,29:27.530,3,1278.0,682.0,1455.0,932.0,764.0,611.0,920.0,830.0,1874.0,592.0,2027.0,808.0
53442,29:28.000,29:28.032,3,1255.0,787.0,1428.0,1038.0,747.0,712.0,904.0,934.0,1853.0,704.0,1998.0,918.0
53457,29:28.500,29:28.532,3,653.0,851.0,814.0,1078.0,1173.0,914.0,1349.0,1166.0,1747.0,819.0,1888.0,1026.0
53472,29:29.000,29:29.032,3,1212.0,751.0,1389.0,997.0,686.0,689.0,848.0,913.0,1791.0,647.0,1930.0,856.0
53487,29:29.500,29:29.532,3,1242.0,618.0,1417.0,865.0,706.0,558.0,869.0,782.0,1832.0,500.0,1980.0,718.0
53502,29:30.000,29:30.032,3,1252.0,535.0,1430.0,786.0,710.0,492.0,875.0,726.0,1850.0,396.0,2000.0,619.0
53517,29:30.500,29:30.532,3,1196.0,512.0,1375.0,768.0,659.0,480.0,828.0,712.0,1800.0,374.0,1948.0,594.0
53532,29:31.000,29:31.032,3,1135.0,552.0,1312.0,803.0,590.0,502.0,765.0,744.0,1734.0,419.0,1876.0,637.0
53547,29:31.500,29:31.532,3,426.0,586.0,608.0,817.0,990.0,622.0,1168.0,872.0,1569.0,499.0,1701.0,711.0
53562,29:32.000,29:32.032,3,482.0,574.0,659.0,798.0,993.0,616.0,1172.0,867.0,1574.0,500.0,1707.0,716.0
53576,29:32.500,29:32.500,3,1014.0,618.0,1190.0,866.0,504.0,573.0,678.0,800.0,1595.0,497.0,1728.0,705.0
53591,29:33.000,29:33.000,3,1036.0,605.0,1212.0,852.0,504.0,555.0,678.0,790.0,1611.0,485.0,1745.0,699.0
53606,29:33.500,29:33.500,3,1066.0,597.0,1241.0,845.0,518.0,551.0,690.0,784.0,1630.0,480.0,1766.0,687.0
53621,29:34.000,29:34.000,3,1107.0,618.0,1282.0,866.0,568.0,580.0,736.0,805.0,1675.0,499.0,1811.0,707.0
53636,29:34.500,29:34.500,3,1156.0,619.0,1328.0,867.0,626.0,574.0,792.0,803.0,1735.0,490.0,1875.0,702.0
53651,29:35.000,29:35.000,3,1176.0,626.0,1350.0,868.0,647.0,590.0,810.0,815.0,1759.0,494.0,1903.0,710.0
53666,29:35.500,29:35.500,3,1179.0,619.0,1354.0,866.0,651.0,585.0,814.0,808.0,1759.0,493.0,1904.0,712.0
53681,29:36.000,29:36.000,3,661.0,585.0,822.0,810.0,1176.0,627.0,1350.0,868.0,1756.0,498.0,1901.0,715.0
53696,29:36.500,29:36.502,3,584.0,717.0,753.0,944.0,1103.0,747.0,1278.0,992.0,1664.0,614.0,1800.0,821.0
53711,29:37.000,29:37.002,3,1039.0,712.0,1216.0,959.0,521.0,690.0,691.0,921.0,1586.0,560.0,1724.0,772.0
53726,29:37.500,29:37.502,3,1078.0,767.0,1254.0,1010.0,576.0,742.0,741.0,969.0,1643.0,614.0,1781.0,814.0
53741,29:38.000,29:38.002,3,552.0,666.0,722.0,897.0,1073.0,696.0,1249.0,943.0,1648.0,555.0,1785.0,764.0
53756,29:38.500,29:38.502,3,990.0,656.0,1169.0,906.0,452.0,597.0,633.0,838.0,1585.0,560.0,1718.0,766.0
53771,29:39.000,29:39.002,3,512.0,462.0,692.0,688.0,998.0,628.0,1178.0,874.0,1597.0,665.0,1737.0,872.0
53786,29:39.500,29:39.502,3,1042.0,645.0,1221.0,888.0,595.0,385.0,784.0,616.0,1619.0,792.0,1775.0,987.0
53801,29:40.000,29:40.002,3,604.0,377.0,787.0,609.0,1059.0,638.0,1237.0,877.0,1630.0,786.0,1790.0,980.0
53816,29:40.500,29:40.503,3,1018.0,642.0,1196.0,885.0,536.0,400.0,722.0,635.0,1586.0,754.0,1739.0,952.0
53831,29:41.000,29:41.003,3,1093.0,651.0,1270.0,895.0,600.0,456.0,771.0,679.0,1671.0,715.0,1820.0,919.0
53846,29:41.500,29:41.503,3,1092.0,601.0,1270.0,850.0,578.0,430.0,751.0,661.0,1672.0,643.0,1817.0,857.0
53861,29:42.000,29:42.003,3,1029.0,558.0,1205.0,807.0,499.0,392.0,679.0,630.0,1599.0,578.0,1736.0,787.0
53876,29:42.500,29:42.503,3,1004.0,570.0,1179.0,816.0,468.0,404.0,646.0,645.0,1573.0,569.0,1709.0,783.0
53891,29:43.000,29:43.003,3,432.0,457.0,614.0,687.0,983.0,618.0,1159.0,866.0,1540.0,619.0,1672.0,824.0
53906,29:43.500,29:43.503,3,427.0,479.0,611.0,715.0,978.0,635.0,1154.0,878.0,1538.0,636.0,1671.0,841.0
53921,29:44.000,29:44.003,3,973.0,645.0,1148.0,886.0,425.0,479.0,608.0,718.0,1534.0,645.0,1666.0,853.0
53936,29:44.500,29:44.503,3,973.0,642.0,1148.0,882.0,428.0,480.0,611.0,719.0,1535.0,642.0,1668.0,849.0
53951,29:45.000,29:45.005,3,971.0,645.0,1145.0,886.0,422.0,485.0,605.0,725.0,1530.0,643.0,1661.0,850.0
53966,29:45.500,29:45.505,3,980.0,637.0,1156.0,880.0,429.0,485.0,610.0,722.0,1537.0,640.0,1670.0,847.0
53982,29:46.000,29:46.005,3,955.0,673.0,1125.0,913.0,390.0,515.0,575.0,754.0,1501.0,673.0,1638.0,882.0
53997,29:46.500,29:46.505,3,797.0,703.0,978.0,948.0,184.0,528.0,391.0,779.0,1355.0,715.0,1481.0,915.0
54012,29:47.000,29:47.005,3,200.0,572.0,406.0,816.0,807.0,729.0,985.0,973.0,1365.0,731.0,1490.0,940.0
54028,29:47.500,29:47.530,3,912.0,626.0,1089.0,868.0,338.0,478.0,533.0,721.0,1473.0,609.0,1600.0,812.0
54043,29:48.000,29:48.030,3,958.0,431.0,1135.0,677.0,377.0,277.0,571.0,524.0,1522.0,405.0,1655.0,621.0
54058,29:48.500,29:48.530,3,1017.0,401.0,1192.0,650.0,454.0,227.0,640.0,473.0,1584.0,404.0,1719.0,616.0
54073,29:49.000,29:49.032,3,1083.0,375.0,1262.0,623.0,536.0,208.0,715.0,449.0,1659.0,367.0,1801.0,583.0
54088,29:49.500,29:49.532,3,1029.0,329.0,1211.0,580.0,470.0,139.0,656.0,401.0,1610.0,331.0,1751.0,550.0
54103,29:50.000,29:50.032,3,1048.0,298.0,1230.0,547.0,486.0,86.0,675.0,345.0,1629.0,317.0,1779.0,536.0
54118,29:50.500,29:50.532,3,1123.0,247.0,1307.0,502.0,1715.0,255.0,1870.0,484.0,571.0,66.0,754.0,304.0
54133,29:51.000,29:51.032,3,1123.0,242.0,1307.0,495.0,1718.0,239.0,1874.0,468.0,569.0,66.0,750.0,301.0
54148,29:51.500,29:51.532,3,1083.0,273.0,1267.0,534.0,1673.0,290.0,1823.0,510.0,532.0,84.0,719.0,339.0
54163,29:52.000,29:52.032,3,1018.0,402.0,1193.0,649.0,470.0,252.0,656.0,498.0,1584.0,413.0,1722.0,631.0
54178,29:52.500,29:52.532,3,424.0,231.0,612.0,474.0,980.0,364.0,1157.0,613.0,1554.0,377.0,1689.0,594.0
54192,29:53.000,29:53.000,3,958.0,405.0,1134.0,652.0,409.0,237.0,600.0,477.0,1529.0,413.0,1662.0,623.0
54207,29:53.500,29:53.500,3,986.0,431.0,1163.0,676.0,453.0,268.0,640.0,512.0,1562.0,431.0,1700.0,637.0
54222,29:54.000,29:54.000,3,1017.0,348.0,1193.0,597.0,465.0,216.0,651.0,467.0,1593.0,323.0,1735.0,542.0
54237,29:54.500,29:54.500,3,1019.0,321.0,1194.0,572.0,463.0,205.0,647.0,452.0,1604.0,286.0,1742.0,503.0
54252,29:55.000,29:55.000,3,1020.0,325.0,1198.0,578.0,471.0,211.0,656.0,456.0,1613.0,294.0,1750.0,511.0
54267,29:55.500,29:55.500,3,1034.0,320.0,1211.0,571.0,490.0,188.0,672.0,441.0,1630.0,289.0,1773.0,509.0
54282,29:56.000,29:56.000,3,1045.0,347.0,1222.0,596.0,503.0,219.0,685.0,463.0,1635.0,315.0,1778.0,536.0
54297,29:56.500,29:56.500,3,1027.0,387.0,1206.0,635.0,485.0,263.0,668.0,507.0,1615.0,347.0,1753.0,566.0
54312,29:57.000,29:57.000,3,974.0,399.0,1156.0,651.0,433.0,303.0,618.0,547.0,1573.0,341.0,1710.0,556.0
54327,29:57.500,29:57.502,3,892.0,410.0,1077.0,658.0,341.0,347.0,538.0,599.0,1497.0,312.0,1627.0,526.0
54342,29:58.000,29:58.002,3,704.0,538.0,898.0,787.0,102.0,479.0,317.0,739.0,1302.0,432.0,1427.0,642.0
54357,29:58.500,29:58.502,3,614.0,702.0,813.0,959.0,-21.0,611.0,203.0,873.0,1213.0,634.0,1334.0,831.0
54372,29:59.000,29:59.002,3,126.0,742.0,340.0,993.0,710.0,864.0,901.0,1121.0,1311.0,831.0,1434.0,1036.0
54387,29:59.500,29:59.502,3,818.0,882.0,1003.0,1133.0,277.0,747.0,473.0,993.0,1418.0,874.0,1545.0,1076.0
54402,30:00.000,30:00.002,3,1240.0,863.0,1418.0,1106.0,776.0,763.0,930.0,979.0,1866.0,824.0,2017.0,1045.0
54417,30:00.500,30:00.502,3,1214.0,831.0,1391.0,1074.0,747.0,738.0,909.0,956.0,1841.0,778.0,1987.0,994.0
54432,30:01.000,30:01.002,3,1161.0,797.0,1338.0,1039.0,679.0,694.0,840.0,913.0,1762.0,733.0,1907.0,947.0
54447,30:01.500,30:01.503,3,1051.0,762.0,1228.0,1006.0,561.0,655.0,730.0,885.0,1639.0,713.0,1771.0,920.0
54462,30:02.000,30:02.003,3,922.0,915.0,1103.0,1164.0,411.0,806.0,592.0,1046.0,1508.0,876.0,1637.0,1077.0
54477,30:02.500,30:02.503,3,1016.0,877.0,1192.0,1122.0,524.0,770.0,695.0,1004.0,1603.0,834.0,1735.0,1040.0
54492,30:03.000,30:03.003,3,1150.0,876.0,1323.0,1115.0,660.0,781.0,820.0,1006.0,1742.0,824.0,1884.0,1033.0
54507,30:03.500,30:03.503,3,1117.0,844.0,1288.0,1078.0,610.0,743.0,778.0,965.0,1699.0,794.0,1837.0,1005.0
54522,30:04.000,30:04.003,3,1043.0,845.0,1214.0,1082.0,536.0,737.0,706.0,969.0,1623.0,800.0,1757.0,1011.0
54537,30:04.500,30:04.503,3,1013.0,825.0,1183.0,1066.0,507.0,715.0,679.0,945.0,1590.0,788.0,1721.0,1001.0
54552,30:05.000,30:05.003,3,1000.0,947.0,1174.0,1189.0,492.0,822.0,667.0,1057.0,1575.0,910.0,1706.0,1122.0
54567,30:05.500,30:05.503,3,527.0,723.0,698.0,954.0,1019.0,854.0,1192.0,1093.0,1600.0,830.0,1734.0,1035.0
54582,30:06.000,30:06.005,3,437.0,641.0,619.0,871.0,945.0,803.0,1120.0,1043.0,1527.0,809.0,1659.0,1017.0
54597,30:06.500,30:06.505,3,936.0,808.0,1108.0,1042.0,456.0,631.0,634.0,854.0,1527.0,852.0,1663.0,1060.0
54612,30:07.000,30:07.005,3,933.0,799.0,1105.0,1034.0,447.0,621.0,627.0,846.0,1525.0,829.0,1660.0,1037.0
54628,30:07.500,30:07.530,3,447.0,640.0,626.0,864.0,936.0,808.0,1109.0,1045.0,1524.0,829.0,1659.0,1040.0
54643,30:08.000,30:08.030,3,933.0,790.0,1106.0,1028.0,434.0,618.0,615.0,850.0,1521.0,805.0,1654.0,1015.0
54658,30:08.500,30:08.530,3,927.0,767.0,1103.0,1006.0,428.0,598.0,608.0,833.0,1517.0,783.0,1651.0,985.0
54673,30:09.000,30:09.030,3,901.0,769.0,1080.0,1009.0,434.0,604.0,613.0,834.0,1523.0,784.0,1655.0,992.0
54688,30:09.500,30:09.530,3,880.0,774.0,1059.0,1012.0,435.0,609.0,614.0,841.0,1523.0,787.0,1655.0,996.0
54703,30:10.000,30:10.032,3,884.0,778.0,1064.0,1016.0,432.0,611.0,611.0,841.0,1521.0,788.0,1652.0,989.0
54718,30:10.500,30:10.532,3,891.0,782.0,1069.0,1024.0,423.0,620.0,603.0,855.0,1512.0,786.0,1643.0,988.0
54733,30:11.000,30:11.032,3,866.0,770.0,1050.0,1016.0,396.0,613.0,578.0,852.0,1486.0,764.0,1613.0,969.0
54748,30:11.500,30:11.532,3,867.0,743.0,1054.0,984.0,407.0,583.0,588.0,818.0,1495.0,733.0,1624.0,934.0
54763,30:12.000,30:12.032,3,880.0,779.0,1068.0,1022.0,421.0,637.0,600.0,869.0,1514.0,752.0,1644.0,955.0
54778,30:12.500,30:12.532,3,902.0,928.0,1086.0,1173.0,448.0,794.0,626.0,1025.0,1534.0,887.0,1663.0,1091.0
54793,30:13.000,30:13.032,3,896.0,872.0,1076.0,1113.0,436.0,747.0,612.0,976.0,1527.0,833.0,1653.0,1037.0
54808,30:13.500,30:13.532,3,911.0,830.0,1094.0,1075.0,455.0,704.0,632.0,935.0,1545.0,793.0,1675.0,994.0
54822,30:14.000,30:14.000,3,873.0,804.0,1058.0,1041.0,405.0,690.0,585.0,921.0,1505.0,749.0,1633.0,951.0
54837,30:14.500,30:14.500,3,857.0,763.0,1045.0,1003.0,382.0,662.0,563.0,900.0,1489.0,690.0,1616.0,888.0
54852,30:15.000,30:15.000,3,900.0,644.0,1085.0,882.0,437.0,524.0,615.0,760.0,1540.0,582.0,1672.0,787.0
54867,30:15.500,30:15.500,3,942.0,474.0,1133.0,718.0,477.0,366.0,659.0,614.0,1595.0,400.0,1733.0,607.0
54882,30:16.000,30:16.000,3,946.0,456.0,1135.0,693.0,479.0,344.0,661.0,590.0,1604.0,373.0,1741.0,586.0
54897,30:16.500,30:16.500,3,958.0,374.0,1147.0,622.0,492.0,241.0,673.0,488.0,1621.0,336.0,1765.0,548.0
54912,30:17.000,30:17.000,3,994.0,290.0,1184.0,542.0,533.0,139.0,713.0,394.0,1675.0,264.0,1826.0,486.0
54927,30:17.500,30:17.500,3,1028.0,303.0,1217.0,558.0,569.0,171.0,747.0,417.0,1711.0,277.0,1864.0,499.0
54942,30:18.000,30:18.000,3,1019.0,323.0,1208.0,574.0,550.0,180.0,727.0,427.0,1697.0,294.0,1852.0,519.0
54957,30:18.500,30:18.502,3,1013.0,318.0,1205.0,565.0,541.0,173.0,723.0,422.0,1694.0,291.0,1845.0,512.0
54972,30:19.000,30:19.002,3,998.0,353.0,1185.0,601.0,526.0,219.0,704.0,468.0,1673.0,318.0,1822.0,545.0
54987,30:19.500,30:19.502,3,971.0,294.0,1161.0,551.0,487.0,150.0,671.0,402.0,1652.0,275.0,1802.0,497.0
55002,30:20.000,30:20.002,3,476.0,180.0,667.0,439.0,949.0,322.0,1140.0,577.0,1625.0,300.0,1773.0,512.0
55017,30:20.500,30:20.502,3,961.0,359.0,1148.0,612.0,509.0,192.0,700.0,445.0,1633.0,339.0,1778.0,551.0
55032,30:21.000,30:21.002,3,941.0,417.0,1125.0,663.0,490.0,248.0,677.0,494.0,1593.0,406.0,1735.0,613.0
55047,30:21.500,30:21.502,3,726.0,726.0,916.0,972.0,229.0,570.0,437.0,816.0,1368.0,701.0,1492.0,895.0
55062,30:22.000,30:22.002,3,238.0,644.0,443.0,889.0,728.0,811.0,918.0,1061.0,1373.0,803.0,1497.0,999.0
55077,30:22.500,30:22.503,3,784.0,786.0,970.0,1032.0,277.0,620.0,474.0,866.0,1416.0,765.0,1543.0,965.0
55092,30:23.000,30:23.003,3,805.0,776.0,987.0,1013.0,285.0,603.0,479.0,846.0,1422.0,750.0,1548.0,953.0
55107,30:23.500,30:23.503,3,353.0,600.0,545.0,834.0,825.0,755.0,1004.0,992.0,1435.0,727.0,1563.0,932.0
55122,30:24.000,30:24.003,3,825.0,719.0,1005.0,962.0,360.0,566.0,550.0,797.0,1433.0,704.0,1560.0,906.0
55137,30:24.500,30:24.503,3,831.0,711.0,1010.0,956.0,360.0,560.0,551.0,796.0,1437.0,695.0,1566.0,898.0
55152,30:25.000,30:25.003,3,818.0,715.0,996.0,957.0,311.0,564.0,503.0,801.0,1427.0,693.0,1556.0,907.0
55167,30:25.500,30:25.503,3,310.0,529.0,504.0,775.0,822.0,688.0,1001.0,932.0,1431.0,676.0,1561.0,879.0
55182,30:26.000,30:26.003,3,816.0,680.0,994.0,925.0,291.0,517.0,490.0,771.0,1424.0,669.0,1552.0,866.0
55197,30:26.500,30:26.505,3,834.0,667.0,1013.0,913.0,313.0,510.0,508.0,758.0,1438.0,655.0,1568.0,855.0
55213,30:27.000,30:27.030,3,1094.0,724.0,1267.0,962.0,633.0,611.0,798.0,833.0,1695.0,670.0,1833.0,885.0
55228,30:27.500,30:27.530,3,1082.0,714.0,1256.0,953.0,620.0,599.0,787.0,823.0,1681.0,669.0,1822.0,876.0
55244,30:28.000,30:28.030,3,1071.0,707.0,1243.0,946.0,594.0,590.0,761.0,813.0,1665.0,659.0,1800.0,871.0
55259,30:28.500,30:28.530,3,1061.0,688.0,1233.0,929.0,580.0,569.0,748.0,794.0,1658.0,654.0,1795.0,857.0
55274,30:29.000,30:29.030,3,1068.0,682.0,1242.0,920.0,569.0,554.0,738.0,780.0,1655.0,642.0,1794.0,852.0
55289,30:29.500,30:29.530,3,1060.0,684.0,1234.0,920.0,571.0,535.0,742.0,769.0,1657.0,638.0,1797.0,846.0
55304,30:30.000,30:30.030,3,1011.0,702.0,1187.0,943.0,532.0,567.0,702.0,792.0,1622.0,660.0,1757.0,869.0
55319,30:30.500,30:30.530,3,988.0,693.0,1168.0,936.0,511.0,556.0,687.0,783.0,1601.0,659.0,1735.0,863.0
55334,30:31.000,30:31.032,3,503.0,540.0,678.0,775.0,985.0,682.0,1163.0,923.0,1595.0,648.0,1730.0,851.0
55349,30:31.500,30:31.532,3,500.0,539.0,676.0,773.0,983.0,680.0,1161.0,921.0,1599.0,649.0,1735.0,850.0
55364,30:32.000,30:32.032,3,983.0,669.0,1162.0,908.0,504.0,528.0,681.0,763.0,1608.0,645.0,1746.0,849.0
55379,30:32.500,30:32.532,3,967.0,677.0,1145.0,917.0,489.0,535.0,666.0,770.0,1593.0,644.0,1730.0,850.0
55394,30:33.000,30:33.032,3,964.0,677.0,1143.0,916.0,490.0,535.0,666.0,771.0,1592.0,642.0,1730.0,850.0
55409,30:33.500,30:33.532,3,960.0,673.0,1138.0,914.0,488.0,532.0,664.0,768.0,1585.0,637.0,1720.0,842.0
55424,30:34.000,30:34.032,3,979.0,651.0,1156.0,889.0,492.0,526.0,670.0,765.0,1593.0,630.0,1728.0,835.0
55439,30:34.500,30:34.532,3,495.0,530.0,672.0,769.0,1003.0,639.0,1177.0,873.0,1606.0,619.0,1740.0,826.0
55453,30:35.000,30:35.000,3,1008.0,613.0,1179.0,844.0,493.0,514.0,671.0,755.0,1603.0,588.0,1736.0,795.0
55468,30:35.500,30:35.500,3,497.0,537.0,673.0,777.0,1012.0,635.0,1184.0,866.0,1585.0,625.0,1716.0,829.0
55483,30:36.000,30:36.000,3,494.0,537.0,670.0,779.0,1012.0,638.0,1182.0,873.0,1578.0,633.0,1711.0,842.0
55498,30:36.500,30:36.500,3,506.0,539.0,682.0,775.0,1028.0,633.0,1201.0,869.0,1591.0,643.0,1728.0,849.0
55513,30:37.000,30:37.000,3,1023.0,657.0,1195.0,889.0,497.0,566.0,671.0,800.0,1587.0,653.0,1721.0,864.0
55528,30:37.500,30:37.500,3,604.0,593.0,770.0,827.0,1101.0,682.0,1273.0,923.0,1681.0,673.0,1823.0,881.0
55543,30:38.000,30:38.000,3,1185.0,696.0,1357.0,927.0,691.0,615.0,851.0,843.0,1773.0,674.0,1918.0,886.0
55558,30:38.500,30:38.500,3,1232.0,668.0,1404.0,906.0,696.0,598.0,858.0,826.0,1785.0,655.0,1930.0,865.0
55573,30:39.000,30:39.002,3,1223.0,681.0,1394.0,915.0,698.0,605.0,859.0,832.0,1786.0,661.0,1932.0,872.0
55588,30:39.500,30:39.502,3,2126.0,701.0,2309.0,933.0,1474.0,698.0,1656.0,940.0,986.0,600.0,1137.0,818.0
55603,30:40.000,30:40.002,2,1729.0,762.0,1931.0,1015.0,1254.0,601.0,1407.0,817.0,,,,
55618,30:40.500,30:40.502,3,1149.0,689.0,1324.0,927.0,659.0,546.0,822.0,776.0,1716.0,725.0,1859.0,940.0
55633,30:41.000,30:41.002,3,482.0,507.0,661.0,750.0,1008.0,643.0,1179.0,875.0,1570.0,653.0,1705.0,861.0
55648,30:41.500,30:41.502,3,994.0,648.0,1169.0,885.0,469.0,520.0,648.0,765.0,1561.0,658.0,1693.0,864.0
55663,30:42.000,30:42.002,3,678.0,190.0,882.0,457.0,-5.0,42.0,244.0,354.0,1299.0,178.0,1434.0,398.0
55678,30:42.500,30:42.502,2,567.0,116.0,784.0,388.0,1219.0,128.0,1356.0,348.0,,,,
55693,30:43.000,30:43.002,2,715.0,138.0,924.0,412.0,1354.0,177.0,1501.0,409.0,,,,
55708,30:43.500,30:43.503,2,1319.0,98.0,1457.0,300.0,672.0,60.0,878.0,317.0,,,,
55723,30:44.000,30:44.003,0,,,,,,,,,,,,
55738,30:44.500,30:44.503,0,,,,,,,,,,,,
55753,30:45.000,30:45.003,0,,,,,,,,,,,,
55768,30:45.500,30:45.503,0,,,,,,,,,,,,
55783,30:46.000,30:46.003,0,,,,,,,,,,,,
55798,30:46.500,30:46.503,0,,,,,,,,,,,,
55813,30:47.000,30:47.003,2,727.0,57.0,932.0,316.0,1371.0,95.0,1510.0,282.0,,,,
55829,30:47.500,30:47.530,3,609.0,416.0,811.0,677.0,-60.0,289.0,171.0,567.0,1229.0,438.0,1357.0,642.0
55844,30:48.000,30:48.030,3,261.0,606.0,464.0,852.0,821.0,748.0,1002.0,986.0,1407.0,780.0,1536.0,982.0
55859,30:48.500,30:48.530,3,173.0,685.0,389.0,933.0,757.0,825.0,942.0,1071.0,1344.0,863.0,1473.0,1065.0
55874,30:49.000,30:49.030,3,353.0,674.0,545.0,919.0,900.0,801.0,1075.0,1043.0,1461.0,820.0,1588.0,1025.0
55889,30:49.500,30:49.530,3,1110.0,716.0,1282.0,950.0,586.0,630.0,757.0,860.0,1666.0,696.0,1802.0,905.0
55904,30:50.000,30:50.030,3,1152.0,637.0,1325.0,874.0,629.0,567.0,798.0,798.0,1707.0,610.0,1848.0,818.0
55919,30:50.500,30:50.530,3,1216.0,660.0,1387.0,895.0,687.0,628.0,850.0,849.0,1767.0,625.0,1911.0,837.0
55934,30:51.000,30:51.030,3,659.0,638.0,823.0,860.0,1183.0,659.0,1351.0,884.0,1751.0,633.0,1892.0,838.0
55949,30:51.500,30:51.532,3,534.0,612.0,706.0,841.0,1058.0,649.0,1229.0,880.0,1631.0,638.0,1766.0,842.0
55964,30:52.000,30:52.032,3,1181.0,646.0,1351.0,874.0,681.0,613.0,844.0,842.0,1769.0,629.0,1916.0,841.0
55979,30:52.500,30:52.532,3,712.0,644.0,873.0,865.0,1213.0,659.0,1375.0,848.0,1801.0,649.0,1945.0,857.0
55994,30:53.000,30:53.032,3,660.0,609.0,823.0,834.0,1167.0,632.0,1328.0,822.0,1750.0,632.0,1891.0,841.0
56009,30:53.500,30:53.532,3,570.0,594.0,742.0,828.0,1109.0,629.0,1272.0,832.0,1678.0,639.0,1817.0,848.0
56024,30:54.000,30:54.032,3,565.0,590.0,736.0,819.0,1108.0,621.0,1272.0,826.0,1676.0,633.0,1817.0,840.0
56039,30:54.500,30:54.532,3,1061.0,772.0,1230.0,1002.0,515.0,709.0,689.0,937.0,1631.0,779.0,1766.0,985.0
56054,30:55.000,30:55.032,3,467.0,671.0,645.0,908.0,999.0,752.0,1177.0,1001.0,1586.0,728.0,1716.0,930.0
56069,30:55.500,30:55.532,3,914.0,720.0,1094.0,967.0,372.0,649.0,565.0,903.0,1509.0,714.0,1639.0,912.0
56083,30:56.000,30:56.000,3,901.0,707.0,1077.0,952.0,332.0,651.0,529.0,908.0,1484.0,722.0,1613.0,921.0
56098,30:56.500,30:56.500,3,860.0,714.0,1041.0,963.0,321.0,608.0,518.0,855.0,1444.0,717.0,1571.0,913.0
56113,30:57.000,30:57.000,3,806.0,707.0,990.0,957.0,299.0,596.0,497.0,845.0,1408.0,695.0,1534.0,894.0
56128,30:57.500,30:57.500,3,810.0,689.0,993.0,942.0,274.0,583.0,473.0,833.0,1414.0,689.0,1538.0,886.0
56143,30:58.000,30:58.000,3,806.0,691.0,989.0,942.0,279.0,585.0,478.0,836.0,1414.0,687.0,1541.0,889.0
56158,30:58.500,30:58.500,3,264.0,598.0,465.0,844.0,809.0,697.0,990.0,946.0,1413.0,689.0,1537.0,890.0
56173,30:59.000,30:59.000,3,840.0,671.0,1020.0,921.0,311.0,570.0,506.0,818.0,1445.0,667.0,1573.0,866.0
56188,30:59.500,30:59.500,3,794.0,716.0,978.0,964.0,268.0,604.0,468.0,857.0,1405.0,711.0,1532.0,913.0
56203,31:00.000,31:00.002,3,799.0,683.0,981.0,929.0,265.0,568.0,464.0,823.0,1405.0,682.0,1529.0,878.0
56218,31:00.500,31:00.502,3,835.0,689.0,1016.0,940.0,298.0,578.0,495.0,824.0,1429.0,696.0,1555.0,899.0
56233,31:01.000,31:01.002,3,815.0,715.0,998.0,961.0,296.0,601.0,491.0,853.0,1421.0,732.0,1549.0,939.0
56248,31:01.500,31:01.502,3,290.0,575.0,488.0,823.0,814.0,693.0,998.0,941.0,1425.0,710.0,1552.0,908.0
56263,31:02.000,31:02.002,3,241.0,574.0,446.0,827.0,787.0,687.0,970.0,937.0,1391.0,711.0,1519.0,911.0
56278,31:02.500,31:02.502,3,762.0,661.0,943.0,909.0,213.0,546.0,419.0,802.0,1373.0,688.0,1501.0,884.0
56293,31:03.000,31:03.002,3,777.0,658.0,957.0,904.0,234.0,543.0,435.0,798.0,1385.0,687.0,1510.0,883.0
56308,31:03.500,31:03.502,3,253.0,575.0,456.0,824.0,792.0,680.0,971.0,925.0,1395.0,700.0,1522.0,900.0
56323,31:04.000,31:04.002,3,1156.0,770.0,1329.0,1010.0,702.0,705.0,862.0,930.0,1775.0,766.0,1916.0,972.0
56338,31:04.500,31:04.503,3,1149.0,705.0,1323.0,947.0,685.0,654.0,846.0,880.0,1764.0,676.0,1909.0,889.0
56353,31:05.000,31:05.003,3,1031.0,663.0,1203.0,901.0,534.0,591.0,707.0,830.0,1618.0,642.0,1752.0,849.0
56368,31:05.500,31:05.503,3,817.0,466.0,1004.0,717.0,260.0,372.0,464.0,629.0,1443.0,457.0,1570.0,672.0
56384,31:06.000,31:06.037,3,708.0,526.0,910.0,778.0,179.0,418.0,384.0,677.0,1390.0,501.0,1519.0,706.0
56398,31:06.500,31:06.503,3,238.0,541.0,441.0,798.0,741.0,629.0,940.0,871.0,1414.0,608.0,1539.0,813.0
56413,31:07.000,31:07.003,3,215.0,552.0,420.0,808.0,700.0,639.0,915.0,882.0,1404.0,614.0,1527.0,822.0
56429,31:07.500,31:07.528,3,598.0,722.0,818.0,970.0,73.0,663.0,294.0,921.0,1313.0,691.0,1436.0,884.0
56444,31:08.000,31:08.028,3,504.0,621.0,723.0,873.0,1222.0,654.0,1347.0,848.0,-108.0,461.0,125.0,748.0
56459,31:08.500,31:08.530,3,652.0,565.0,858.0,816.0,165.0,404.0,385.0,663.0,1337.0,622.0,1462.0,820.0
56474,31:09.000,31:09.030,3,608.0,532.0,815.0,789.0,146.0,384.0,376.0,642.0,1292.0,584.0,1418.0,796.0
56489,31:09.500,31:09.530,3,765.0,506.0,963.0,753.0,336.0,352.0,539.0,599.0,1441.0,561.0,1570.0,775.0
56504,31:10.000,31:10.030,3,846.0,447.0,1040.0,701.0,414.0,277.0,609.0,532.0,1522.0,531.0,1659.0,744.0
56519,31:10.500,31:10.530,3,850.0,314.0,1046.0,566.0,399.0,89.0,605.0,358.0,1531.0,453.0,1683.0,658.0
56534,31:11.000,31:11.030,3,830.0,345.0,1024.0,600.0,382.0,124.0,588.0,397.0,1526.0,482.0,1672.0,693.0
56549,31:11.500,31:11.530,3,785.0,348.0,977.0,607.0,314.0,123.0,528.0,408.0,1470.0,506.0,1617.0,712.0
56564,31:12.000,31:12.030,3,783.0,374.0,977.0,626.0,309.0,181.0,517.0,451.0,1472.0,498.0,1612.0,702.0
56579,31:12.500,31:12.532,3,742.0,483.0,939.0,733.0,263.0,358.0,469.0,609.0,1435.0,532.0,1566.0,746.0
56594,31:13.000,31:13.032,3,106.0,510.0,325.0,780.0,616.0,626.0,824.0,868.0,1324.0,621.0,1450.0,823.0
56609,31:13.500,31:13.532,3,710.0,656.0,907.0,904.0,223.0,551.0,427.0,809.0,1387.0,659.0,1514.0,873.0
56624,31:14.000,31:14.032,3,196.0,524.0,404.0,781.0,686.0,628.0,890.0,866.0,1370.0,616.0,1497.0,821.0
56639,31:14.500,31:14.532,3,176.0,516.0,386.0,777.0,664.0,632.0,868.0,874.0,1357.0,627.0,1485.0,835.0
56654,31:15.000,31:15.032,3,223.0,515.0,428.0,773.0,703.0,632.0,905.0,873.0,1387.0,636.0,1516.0,840.0
56669,31:15.500,31:15.532,3,270.0,530.0,470.0,782.0,741.0,647.0,938.0,887.0,1419.0,650.0,1547.0,852.0
56684,31:16.000,31:16.032,3,274.0,531.0,473.0,781.0,746.0,647.0,943.0,888.0,1420.0,653.0,1549.0,851.0
56699,31:16.500,31:16.533,3,268.0,517.0,468.0,773.0,745.0,636.0,942.0,878.0,1418.0,642.0,1544.0,845.0
56713,31:17.000,31:17.000,3,740.0,654.0,938.0,897.0,264.0,536.0,463.0,789.0,1406.0,660.0,1530.0,861.0
56728,31:17.500,31:17.500,3,732.0,654.0,931.0,892.0,253.0,550.0,454.0,801.0,1401.0,636.0,1525.0,837.0
56743,31:18.000,31:18.000,3,741.0,671.0,941.0,912.0,270.0,562.0,470.0,813.0,1411.0,662.0,1534.0,863.0
56758,31:18.500,31:18.500,3,735.0,660.0,935.0,899.0,269.0,547.0,469.0,798.0,1415.0,654.0,1540.0,853.0
56773,31:19.000,31:19.000,3,239.0,565.0,443.0,813.0,686.0,690.0,905.0,920.0,1402.0,660.0,1528.0,861.0
56788,31:19.500,31:19.500,3,685.0,675.0,906.0,915.0,246.0,554.0,447.0,802.0,1407.0,655.0,1533.0,862.0
56803,31:20.000,31:20.000,3,240.0,538.0,441.0,789.0,696.0,667.0,907.0,901.0,1402.0,648.0,1530.0,853.0
56818,31:20.500,31:20.500,3,239.0,534.0,440.0,787.0,690.0,665.0,906.0,901.0,1402.0,649.0,1530.0,855.0
56833,31:21.000,31:21.002,3,680.0,652.0,898.0,889.0,229.0,526.0,432.0,781.0,1398.0,635.0,1525.0,836.0
56848,31:21.500,31:21.502,3,252.0,511.0,452.0,765.0,691.0,643.0,909.0,882.0,1415.0,630.0,1541.0,835.0
56863,31:22.000,31:22.002,3,251.0,529.0,450.0,781.0,697.0,656.0,909.0,895.0,1412.0,647.0,1536.0,845.0
56879,31:22.500,31:22.502,3,245.0,524.0,448.0,777.0,724.0,644.0,925.0,885.0,1410.0,640.0,1536.0,845.0
56894,31:23.000,31:23.002,3,244.0,517.0,447.0,771.0,755.0,628.0,945.0,869.0,1408.0,636.0,1534.0,837.0
56909,31:23.500,31:23.502,3,241.0,524.0,444.0,779.0,725.0,640.0,924.0,880.0,1404.0,640.0,1532.0,841.0
56924,31:24.000,31:24.002,3,247.0,514.0,448.0,769.0,725.0,637.0,924.0,879.0,1406.0,635.0,1534.0,835.0
56939,31:24.500,31:24.502,3,239.0,508.0,445.0,761.0,732.0,627.0,929.0,867.0,1397.0,624.0,1524.0,826.0
56954,31:25.000,31:25.003,3,243.0,513.0,446.0,768.0,733.0,631.0,929.0,871.0,1398.0,631.0,1525.0,832.0
56969,31:25.500,31:25.503,3,242.0,508.0,446.0,769.0,736.0,627.0,932.0,864.0,1400.0,626.0,1528.0,828.0
56984,31:26.000,31:26.003,3,836.0,655.0,1025.0,894.0,364.0,556.0,552.0,802.0,1496.0,648.0,1627.0,849.0
56999,31:26.500,31:26.503,3,868.0,646.0,1052.0,884.0,382.0,558.0,569.0,802.0,1513.0,644.0,1643.0,840.0
57014,31:27.000,31:27.003,3,859.0,648.0,1044.0,887.0,379.0,557.0,566.0,802.0,1515.0,644.0,1645.0,842.0
57030,31:27.500,31:27.528,3,350.0,544.0,538.0,797.0,839.0,647.0,1026.0,885.0,1497.0,637.0,1626.0,836.0
57045,31:28.000,31:28.028,3,329.0,535.0,523.0,787.0,820.0,642.0,1008.0,881.0,1484.0,630.0,1614.0,830.0
57060,31:28.500,31:28.528,3,304.0,535.0,499.0,790.0,778.0,651.0,986.0,888.0,1464.0,631.0,1592.0,832.0
57075,31:29.000,31:29.030,3,729.0,660.0,942.0,907.0,270.0,540.0,470.0,795.0,1426.0,639.0,1551.0,840.0
57090,31:29.500,31:29.530,3,706.0,646.0,925.0,892.0,267.0,533.0,466.0,791.0,1420.0,623.0,1546.0,825.0
57105,31:30.000,31:30.030,3,703.0,665.0,917.0,904.0,257.0,545.0,455.0,795.0,1413.0,624.0,1537.0,826.0
57120,31:30.500,31:30.530,3,779.0,665.0,989.0,905.0,328.0,542.0,521.0,787.0,1452.0,628.0,1580.0,827.0
57135,31:31.000,31:31.030,3,737.0,678.0,947.0,918.0,284.0,555.0,480.0,806.0,1407.0,634.0,1530.0,837.0
57150,31:31.500,31:31.530,3,754.0,665.0,953.0,902.0,301.0,536.0,492.0,784.0,1414.0,630.0,1536.0,839.0
57165,31:32.000,31:32.030,3,776.0,629.0,967.0,869.0,295.0,510.0,489.0,753.0,1417.0,604.0,1543.0,813.0
57180,31:32.500,31:32.530,3,775.0,625.0,964.0,865.0,283.0,511.0,480.0,755.0,1418.0,607.0,1545.0,813.0
57195,31:33.000,31:33.030,3,177.0,509.0,388.0,765.0,697.0,624.0,890.0,864.0,1346.0,608.0,1469.0,813.0
57210,31:33.500,31:33.532,3,169.0,508.0,381.0,770.0,720.0,617.0,909.0,861.0,1348.0,612.0,1470.0,816.0
57225,31:34.000,31:34.032,3,718.0,616.0,909.0,862.0,160.0,507.0,371.0,768.0,1348.0,610.0,1471.0,815.0
57240,31:34.500,31:34.532,3,714.0,610.0,907.0,857.0,160.0,503.0,374.0,762.0,1349.0,607.0,1469.0,816.0
57255,31:35.000,31:35.032,3,724.0,610.0,916.0,855.0,182.0,499.0,393.0,757.0,1360.0,610.0,1486.0,815.0
57270,31:35.500,31:35.532,3,186.0,483.0,394.0,740.0,706.0,609.0,906.0,853.0,1367.0,597.0,1494.0,800.0
57285,31:36.000,31:36.032,3,707.0,608.0,910.0,851.0,200.0,478.0,408.0,732.0,1381.0,593.0,1505.0,800.0
57300,31:36.500,31:36.532,3,233.0,505.0,438.0,758.0,744.0,626.0,943.0,866.0,1402.0,607.0,1528.0,812.0
57315,31:37.000,31:37.032,3,735.0,625.0,935.0,863.0,234.0,503.0,438.0,756.0,1402.0,600.0,1528.0,803.0
57329,31:37.500,31:37.500,3,237.0,500.0,440.0,755.0,733.0,627.0,934.0,863.0,1402.0,598.0,1529.0,800.0
57344,31:38.000,31:38.000,3,710.0,631.0,926.0,868.0,230.0,506.0,435.0,758.0,1400.0,599.0,1526.0,814.0
57359,31:38.500,31:38.500,3,225.0,487.0,429.0,739.0,693.0,606.0,908.0,843.0,1395.0,581.0,1523.0,786.0
57374,31:39.000,31:39.000,3,692.0,611.0,906.0,849.0,216.0,493.0,421.0,748.0,1387.0,587.0,1515.0,789.0
57389,31:39.500,31:39.500,3,713.0,593.0,919.0,836.0,233.0,489.0,434.0,742.0,1400.0,579.0,1526.0,784.0
57404,31:40.000,31:40.000,3,215.0,481.0,419.0,733.0,699.0,590.0,905.0,834.0,1389.0,574.0,1516.0,777.0
57419,31:40.500,31:40.500,3,217.0,517.0,421.0,773.0,696.0,626.0,904.0,867.0,1389.0,594.0,1519.0,801.0
57434,31:41.000,31:41.000,3,540.0,664.0,710.0,888.0,946.0,742.0,1141.0,963.0,1634.0,658.0,1767.0,862.0
57449,31:41.500,31:41.500,3,873.0,707.0,1076.0,937.0,465.0,631.0,641.0,859.0,1566.0,618.0,1697.0,824.0
57464,31:42.000,31:42.002,3,959.0,734.0,1155.0,955.0,560.0,678.0,729.0,896.0,1647.0,616.0,1784.0,820.0
57479,31:42.500,31:42.502,3,941.0,721.0,1145.0,947.0,541.0,690.0,712.0,907.0,1629.0,593.0,1765.0,798.0
57494,31:43.000,31:43.002,3,944.0,688.0,1148.0,917.0,534.0,654.0,704.0,881.0,1630.0,576.0,1765.0,783.0
57509,31:43.500,31:43.502,3,939.0,672.0,1137.0,909.0,502.0,643.0,678.0,877.0,1607.0,572.0,1739.0,781.0
57524,31:44.000,31:44.002,3,918.0,663.0,1116.0,905.0,483.0,635.0,659.0,868.0,1589.0,584.0,1721.0,788.0
57539,31:44.500,31:44.502,3,911.0,660.0,1108.0,899.0,469.0,629.0,647.0,862.0,1582.0,575.0,1714.0,784.0
57554,31:45.000,31:45.002,3,478.0,615.0,656.0,850.0,920.0,651.0,1119.0,889.0,1589.0,567.0,1723.0,778.0
57569,31:45.500,31:45.502,3,923.0,652.0,1120.0,892.0,477.0,618.0,654.0,857.0,1589.0,567.0,1722.0,778.0
57584,31:46.000,31:46.003,3,477.0,609.0,655.0,846.0,931.0,645.0,1124.0,886.0,1590.0,562.0,1724.0,776.0
57599,31:46.500,31:46.503,3,932.0,653.0,1125.0,892.0,471.0,614.0,650.0,854.0,1586.0,568.0,1718.0,779.0
57614,31:47.000,31:47.003,3,462.0,592.0,642.0,831.0,929.0,632.0,1123.0,867.0,1583.0,546.0,1716.0,761.0
57630,31:47.500,31:47.528,3,462.0,595.0,644.0,839.0,932.0,636.0,1123.0,871.0,1582.0,550.0,1716.0,766.0
57645,31:48.000,31:48.028,3,441.0,592.0,622.0,830.0,916.0,630.0,1108.0,866.0,1567.0,548.0,1701.0,759.0
57660,31:48.500,31:48.528,3,917.0,615.0,1104.0,850.0,453.0,589.0,636.0,829.0,1578.0,544.0,1710.0,756.0
57675,31:49.000,31:49.028,3,910.0,597.0,1098.0,839.0,449.0,593.0,630.0,822.0,1574.0,534.0,1707.0,741.0
57690,31:49.500,31:49.528,3,902.0,576.0,1092.0,817.0,437.0,553.0,617.0,792.0,1569.0,507.0,1703.0,715.0
57705,31:50.000,31:50.030,3,913.0,569.0,1104.0,809.0,443.0,538.0,625.0,780.0,1577.0,500.0,1709.0,710.0
57720,31:50.500,31:50.530,3,911.0,573.0,1102.0,813.0,442.0,542.0,623.0,784.0,1576.0,507.0,1708.0,724.0
57735,31:51.000,31:51.030,3,912.0,569.0,1105.0,809.0,443.0,538.0,624.0,782.0,1578.0,498.0,1711.0,718.0
57750,31:51.500,31:51.530,3,920.0,573.0,1114.0,814.0,454.0,538.0,635.0,781.0,1582.0,506.0,1713.0,720.0
57765,31:52.000,31:52.030,3,925.0,605.0,1115.0,847.0,462.0,582.0,641.0,815.0,1582.0,541.0,1713.0,757.0
57780,31:52.500,31:52.530,3,922.0,609.0,1112.0,845.0,453.0,577.0,633.0,807.0,1573.0,533.0,1706.0,743.0
57795,31:53.000,31:53.030,3,912.0,612.0,1101.0,848.0,427.0,571.0,610.0,808.0,1553.0,530.0,1684.0,744.0
57810,31:53.500,31:53.530,3,346.0,590.0,550.0,846.0,898.0,624.0,1085.0,855.0,1538.0,548.0,1669.0,753.0
57825,31:54.000,31:54.030,3,908.0,597.0,1094.0,840.0,344.0,577.0,554.0,838.0,1551.0,530.0,1680.0,744.0
57840,31:54.500,31:54.532,3,912.0,605.0,1098.0,848.0,353.0,589.0,567.0,850.0,1556.0,539.0,1688.0,752.0
57855,31:55.000,31:55.032,3,913.0,598.0,1097.0,834.0,434.0,553.0,613.0,790.0,1553.0,528.0,1684.0,740.0
57870,31:55.500,31:55.532,3,910.0,585.0,1095.0,823.0,471.0,538.0,650.0,774.0,1549.0,521.0,1681.0,733.0
57885,31:56.000,31:56.032,3,913.0,581.0,1100.0,820.0,439.0,538.0,618.0,775.0,1550.0,517.0,1680.0,725.0
57900,31:56.500,31:56.532,3,917.0,702.0,1101.0,937.0,424.0,657.0,605.0,896.0,1546.0,641.0,1675.0,846.0
57915,31:57.000,31:57.032,3,942.0,792.0,1118.0,1025.0,468.0,707.0,647.0,935.0,1562.0,794.0,1692.0,1001.0
57930,31:57.500,31:57.532,3,1025.0,672.0,1202.0,905.0,557.0,595.0,728.0,831.0,1654.0,649.0,1791.0,862.0
57945,31:58.000,31:58.032,3,758.0,523.0,953.0,768.0,224.0,479.0,428.0,735.0,1407.0,465.0,1535.0,680.0
57959,31:58.500,31:58.500,2,488.0,122.0,724.0,401.0,1228.0,123.0,1364.0,339.0,,,,
57974,31:59.000,31:59.000,2,408.0,285.0,656.0,560.0,1156.0,258.0,1288.0,472.0,,,,
57989,31:59.500,31:59.500,3,1.0,265.0,242.0,539.0,566.0,391.0,792.0,646.0,1279.0,381.0,1408.0,592.0
58004,32:00.000,32:00.000,3,819.0,797.0,1003.0,1037.0,369.0,625.0,574.0,863.0,1463.0,886.0,1599.0,1091.0
58019,32:00.500,32:00.500,3,813.0,768.0,999.0,1010.0,365.0,591.0,571.0,826.0,1463.0,854.0,1597.0,1056.0
58034,32:01.000,32:01.000,3,898.0,840.0,1083.0,1084.0,474.0,694.0,665.0,918.0,1555.0,921.0,1689.0,1133.0
58049,32:01.500,32:01.500,3,967.0,816.0,1147.0,1056.0,553.0,654.0,738.0,876.0,1617.0,913.0,1760.0,1127.0
58064,32:02.000,32:02.000,3,998.0,767.0,1176.0,1011.0,574.0,606.0,755.0,831.0,1644.0,880.0,1791.0,1083.0
58079,32:02.500,32:02.502,3,1000.0,717.0,1179.0,961.0,590.0,582.0,766.0,797.0,1669.0,814.0,1813.0,1024.0
58094,32:03.000,32:03.002,3,1030.0,772.0,1207.0,1012.0,610.0,625.0,787.0,839.0,1689.0,862.0,1833.0,1076.0
58109,32:03.500,32:03.502,3,1017.0,663.0,1191.0,899.0,576.0,514.0,755.0,736.0,1665.0,763.0,1809.0,967.0
58124,32:04.000,32:04.002,3,973.0,675.0,1149.0,910.0,530.0,520.0,714.0,745.0,1621.0,765.0,1761.0,967.0
58139,32:04.500,32:04.502,3,961.0,634.0,1137.0,873.0,526.0,475.0,707.0,703.0,1609.0,728.0,1750.0,930.0
58154,32:05.000,32:05.002,3,992.0,640.0,1167.0,883.0,578.0,501.0,760.0,724.0,1641.0,750.0,1790.0,957.0
58169,32:05.500,32:05.502,3,964.0,636.0,1140.0,876.0,540.0,491.0,722.0,718.0,1610.0,739.0,1752.0,940.0
58184,32:06.000,32:06.002,3,962.0,613.0,1140.0,854.0,537.0,463.0,723.0,689.0,1604.0,724.0,1744.0,931.0
58199,32:06.500,32:06.502,3,961.0,677.0,1134.0,907.0,531.0,516.0,719.0,745.0,1592.0,778.0,1733.0,987.0
58214,32:07.000,32:07.003,3,983.0,710.0,1157.0,947.0,562.0,553.0,747.0,775.0,1618.0,819.0,1760.0,1023.0
58229,32:07.500,32:07.503,3,992.0,654.0,1167.0,890.0,557.0,515.0,737.0,737.0,1626.0,733.0,1768.0,939.0
58244,32:08.000,32:08.003,3,978.0,570.0,1155.0,813.0,529.0,438.0,708.0,672.0,1620.0,644.0,1758.0,849.0
58260,32:08.500,32:08.528,3,987.0,588.0,1162.0,832.0,545.0,451.0,725.0,677.0,1625.0,660.0,1767.0,864.0
58275,32:09.000,32:09.028,3,1001.0,605.0,1176.0,851.0,558.0,469.0,737.0,694.0,1632.0,672.0,1773.0,881.0
58290,32:09.500,32:09.528,3,554.0,473.0,730.0,697.0,994.0,615.0,1168.0,857.0,1622.0,680.0,1765.0,892.0
58305,32:10.000,32:10.028,3,574.0,486.0,750.0,715.0,1024.0,621.0,1199.0,861.0,1653.0,681.0,1797.0,894.0
58320,32:10.500,32:10.528,3,602.0,503.0,775.0,722.0,1047.0,638.0,1219.0,876.0,1679.0,703.0,1820.0,915.0
58335,32:11.000,32:11.030,3,1033.0,659.0,1207.0,895.0,593.0,522.0,767.0,743.0,1659.0,734.0,1801.0,942.0
58350,32:11.500,32:11.530,3,599.0,509.0,775.0,730.0,1031.0,647.0,1204.0,885.0,1650.0,723.0,1794.0,934.0
58365,32:12.000,32:12.030,3,593.0,508.0,770.0,730.0,1032.0,645.0,1206.0,883.0,1650.0,723.0,1794.0,929.0
58380,32:12.500,32:12.530,3,593.0,501.0,769.0,726.0,1033.0,638.0,1208.0,875.0,1651.0,714.0,1794.0,922.0
58395,32:13.000,32:13.030,3,594.0,494.0,770.0,719.0,1048.0,639.0,1217.0,871.0,1651.0,712.0,1795.0,920.0
58410,32:13.500,32:13.530,3,594.0,494.0,770.0,719.0,1063.0,644.0,1232.0,872.0,1652.0,715.0,1796.0,923.0
58425,32:14.000,32:14.030,3,1080.0,639.0,1247.0,868.0,581.0,503.0,759.0,723.0,1656.0,712.0,1802.0,917.0
58440,32:14.500,32:14.530,3,564.0,484.0,740.0,706.0,1068.0,627.0,1235.0,855.0,1651.0,707.0,1793.0,914.0
58455,32:15.000,32:15.032,3,1068.0,622.0,1233.0,848.0,552.0,485.0,728.0,708.0,1640.0,694.0,1784.0,904.0
58470,32:15.500,32:15.532,3,1058.0,620.0,1225.0,845.0,544.0,487.0,721.0,715.0,1630.0,695.0,1773.0,904.0
58485,32:16.000,32:16.032,3,1039.0,611.0,1208.0,845.0,535.0,476.0,712.0,707.0,1622.0,685.0,1767.0,893.0
58500,32:16.500,32:16.532,3,998.0,619.0,1172.0,855.0,534.0,475.0,711.0,704.0,1623.0,683.0,1769.0,893.0
58515,32:17.000,32:17.032,3,984.0,636.0,1159.0,877.0,520.0,502.0,698.0,730.0,1610.0,698.0,1752.0,908.0
58530,32:17.500,32:17.532,3,1004.0,629.0,1177.0,865.0,539.0,485.0,716.0,722.0,1626.0,689.0,1770.0,898.0
58545,32:18.000,32:18.032,3,1005.0,655.0,1177.0,890.0,545.0,509.0,723.0,745.0,1631.0,693.0,1770.0,904.0
58560,32:18.500,32:18.532,3,980.0,657.0,1164.0,893.0,550.0,505.0,726.0,740.0,1635.0,683.0,1774.0,893.0
58575,32:19.000,32:19.032,3,938.0,659.0,1139.0,892.0,537.0,495.0,713.0,733.0,1624.0,673.0,1764.0,882.0
58589,32:19.500,32:19.500,3,532.0,487.0,709.0,722.0,946.0,639.0,1139.0,874.0,1618.0,664.0,1756.0,871.0
58604,32:20.000,32:20.000,3,947.0,621.0,1137.0,856.0,527.0,472.0,703.0,705.0,1615.0,646.0,1754.0,854.0
58619,32:20.500,32:20.500,3,509.0,459.0,689.0,695.0,951.0,598.0,1129.0,836.0,1608.0,642.0,1743.0,849.0
58634,32:21.000,32:21.000,3,971.0,605.0,1149.0,844.0,517.0,473.0,695.0,702.0,1617.0,648.0,1755.0,853.0
58649,32:21.500,32:21.500,3,971.0,600.0,1150.0,838.0,518.0,461.0,698.0,693.0,1625.0,655.0,1763.0,860.0
58664,32:22.000,32:22.000,3,954.0,608.0,1138.0,845.0,500.0,465.0,682.0,699.0,1606.0,656.0,1739.0,863.0
58679,32:22.500,32:22.500,3,491.0,456.0,672.0,686.0,922.0,597.0,1118.0,834.0,1597.0,642.0,1737.0,848.0
58694,32:23.000,32:23.000,3,937.0,605.0,1130.0,843.0,504.0,459.0,684.0,690.0,1605.0,652.0,1743.0,862.0
58709,32:23.500,32:23.502,3,932.0,595.0,1123.0,833.0,493.0,444.0,676.0,676.0,1599.0,652.0,1737.0,857.0
58724,32:24.000,32:24.002,3,461.0,477.0,645.0,713.0,902.0,631.0,1096.0,864.0,1571.0,665.0,1707.0,870.0
58739,32:24.500,32:24.502,3,865.0,726.0,1056.0,963.0,401.0,579.0,588.0,813.0,1516.0,755.0,1649.0,956.0
58754,32:25.000,32:25.002,3,367.0,570.0,557.0,803.0,823.0,697.0,1023.0,935.0,1484.0,714.0,1614.0,912.0
58769,32:25.500,32:25.502,3,764.0,634.0,973.0,873.0,319.0,515.0,514.0,759.0,1429.0,636.0,1555.0,839.0
58784,32:26.000,32:26.002,3,762.0,629.0,955.0,866.0,286.0,513.0,483.0,767.0,1407.0,629.0,1530.0,833.0
58799,32:26.500,32:26.502,3,251.0,471.0,452.0,724.0,752.0,565.0,945.0,813.0,1391.0,576.0,1515.0,782.0
58814,32:27.000,32:27.002,3,722.0,617.0,918.0,861.0,224.0,508.0,430.0,766.0,1367.0,624.0,1493.0,827.0
58829,32:27.500,32:27.503,3,724.0,654.0,918.0,900.0,235.0,543.0,433.0,795.0,1367.0,666.0,1489.0,873.0
58845,32:28.000,32:28.028,3,196.0,533.0,404.0,785.0,703.0,646.0,902.0,892.0,1346.0,660.0,1468.0,864.0
58860,32:28.500,32:28.528,3,715.0,663.0,907.0,909.0,185.0,540.0,392.0,798.0,1334.0,679.0,1456.0,883.0
58875,32:29.000,32:29.028,3,729.0,715.0,920.0,957.0,204.0,621.0,411.0,861.0,1348.0,726.0,1468.0,926.0
58890,32:29.500,32:29.528,3,1028.0,703.0,1209.0,939.0,578.0,611.0,748.0,839.0,1645.0,706.0,1779.0,920.0
58905,32:30.000,32:30.028,3,1037.0,638.0,1219.0,872.0,589.0,533.0,759.0,768.0,1655.0,642.0,1791.0,857.0
58920,32:30.500,32:30.528,3,870.0,554.0,1057.0,796.0,374.0,449.0,565.0,694.0,1491.0,564.0,1618.0,779.0
58935,32:31.000,32:31.028,3,533.0,421.0,708.0,666.0,1002.0,524.0,1182.0,766.0,1623.0,538.0,1755.0,746.0
58950,32:31.500,32:31.528,3,921.0,540.0,1109.0,787.0,442.0,464.0,626.0,706.0,1549.0,532.0,1680.0,743.0
58965,32:32.000,32:32.030,3,1007.0,465.0,1193.0,713.0,539.0,396.0,716.0,636.0,1644.0,450.0,1782.0,669.0
58980,32:32.500,32:32.530,3,888.0,490.0,1079.0,737.0,391.0,412.0,581.0,659.0,1522.0,474.0,1653.0,689.0
58995,32:33.000,32:33.030,3,989.0,473.0,1177.0,721.0,512.0,391.0,694.0,632.0,1620.0,465.0,1750.0,679.0
59010,32:33.500,32:33.530,3,244.0,400.0,451.0,654.0,775.0,483.0,968.0,734.0,1396.0,470.0,1524.0,679.0
59025,32:34.000,32:34.030,3,842.0,449.0,1033.0,700.0,318.0,358.0,518.0,613.0,1458.0,438.0,1587.0,650.0
59040,32:34.500,32:34.530,3,596.0,377.0,769.0,614.0,1063.0,464.0,1245.0,707.0,1689.0,446.0,1829.0,668.0
59055,32:35.000,32:35.030,3,1052.0,689.0,1231.0,922.0,602.0,596.0,768.0,827.0,1665.0,668.0,1799.0,882.0
59070,32:35.500,32:35.530,3,888.0,731.0,1071.0,967.0,411.0,637.0,596.0,871.0,1493.0,721.0,1618.0,932.0
59085,32:36.000,32:36.032,3,939.0,715.0,1118.0,948.0,478.0,601.0,657.0,829.0,1541.0,736.0,1673.0,950.0
59100,32:36.500,32:36.532,3,902.0,726.0,1082.0,968.0,431.0,618.0,615.0,844.0,1503.0,755.0,1632.0,964.0
59115,32:37.000,32:37.032,3,894.0,741.0,1071.0,975.0,426.0,616.0,611.0,844.0,1495.0,781.0,1622.0,989.0
59130,32:37.500,32:37.532,3,885.0,753.0,1064.0,988.0,418.0,631.0,606.0,866.0,1485.0,791.0,1614.0,1006.0
59145,32:38.000,32:38.032,3,863.0,726.0,1053.0,968.0,404.0,626.0,589.0,858.0,1479.0,763.0,1605.0,969.0
59160,32:38.500,32:38.532,3,406.0,545.0,594.0,779.0,852.0,697.0,1052.0,926.0,1487.0,708.0,1615.0,913.0
59175,32:39.000,32:39.032,3,371.0,583.0,563.0,816.0,847.0,727.0,1038.0,963.0,1461.0,736.0,1586.0,941.0
59190,32:39.500,32:39.532,3,814.0,701.0,1014.0,934.0,351.0,595.0,542.0,826.0,1452.0,708.0,1579.0,913.0
59205,32:40.000,32:40.032,3,805.0,696.0,1004.0,925.0,336.0,572.0,529.0,810.0,1446.0,697.0,1570.0,906.0
59219,32:40.500,32:40.500,3,816.0,666.0,1014.0,904.0,335.0,521.0,527.0,768.0,1447.0,671.0,1573.0,878.0
59234,32:41.000,32:41.000,3,820.0,645.0,1014.0,883.0,332.0,512.0,527.0,761.0,1448.0,663.0,1575.0,868.0
59249,32:41.500,32:41.500,3,829.0,644.0,1020.0,883.0,339.0,520.0,532.0,766.0,1451.0,672.0,1580.0,875.0
59264,32:42.000,32:42.000,3,797.0,641.0,997.0,873.0,341.0,514.0,536.0,762.0,1454.0,670.0,1582.0,876.0
59279,32:42.500,32:42.500,3,803.0,697.0,1002.0,928.0,360.0,578.0,553.0,819.0,1470.0,725.0,1600.0,924.0
59294,32:43.000,32:43.000,3,674.0,708.0,889.0,960.0,154.0,679.0,366.0,928.0,1355.0,658.0,1479.0,858.0
59309,32:43.500,32:43.500,2,357.0,608.0,608.0,866.0,1054.0,453.0,1185.0,657.0,,,,
59324,32:44.000,32:44.000,3,542.0,577.0,764.0,831.0,-55.0,639.0,168.0,897.0,1187.0,443.0,1318.0,652.0
59339,32:44.500,32:44.502,3,658.0,612.0,861.0,855.0,73.0,642.0,292.0,888.0,1282.0,497.0,1412.0,705.0
59354,32:45.000,32:45.002,3,182.0,609.0,386.0,855.0,755.0,625.0,943.0,865.0,1360.0,551.0,1487.0,756.0
59369,32:45.500,32:45.502,3,944.0,732.0,1117.0,967.0,418.0,696.0,598.0,923.0,1527.0,699.0,1656.0,904.0
59384,32:46.000,32:46.002,3,429.0,745.0,608.0,979.0,950.0,758.0,1126.0,992.0,1537.0,691.0,1670.0,893.0
59399,32:46.500,32:46.502,3,1218.0,632.0,1392.0,863.0,728.0,595.0,885.0,814.0,1828.0,585.0,1978.0,805.0
59414,32:47.000,32:47.002,3,593.0,542.0,761.0,772.0,1103.0,563.0,1274.0,799.0,1679.0,522.0,1817.0,729.0
59430,32:47.500,32:47.527,3,485.0,482.0,663.0,722.0,1008.0,557.0,1177.0,791.0,1593.0,553.0,1729.0,759.0
59445,32:48.000,32:48.027,3,497.0,539.0,672.0,776.0,1038.0,648.0,1205.0,875.0,1604.0,670.0,1742.0,876.0
59460,32:48.500,32:48.528,3,1164.0,682.0,1331.0,913.0,656.0,568.0,816.0,790.0,1743.0,722.0,1886.0,930.0
59475,32:49.000,32:49.028,3,1173.0,670.0,1343.0,900.0,663.0,570.0,824.0,794.0,1744.0,697.0,1888.0,905.0
59490,32:49.500,32:49.528,3,1052.0,651.0,1221.0,886.0,533.0,538.0,703.0,774.0,1619.0,688.0,1759.0,903.0
59505,32:50.000,32:50.028,3,1254.0,628.0,1421.0,862.0,764.0,529.0,922.0,756.0,1861.0,649.0,2016.0,868.0
59520,32:50.500,32:50.528,3,1204.0,620.0,1376.0,856.0,719.0,528.0,881.0,756.0,1815.0,641.0,1964.0,857.0
59535,32:51.000,32:51.028,3,1206.0,646.0,1379.0,885.0,729.0,565.0,889.0,785.0,1821.0,662.0,1971.0,880.0
59550,32:51.500,32:51.528,3,1197.0,698.0,1368.0,935.0,1808.0,733.0,1957.0,950.0,732.0,606.0,890.0,824.0
59565,32:52.000,32:52.028,3,1388.0,774.0,1565.0,1014.0,2053.0,835.0,2228.0,1067.0,938.0,660.0,1091.0,877.0
59580,32:52.500,32:52.528,3,1534.0,774.0,1719.0,1018.0,2219.0,836.0,2415.0,1082.0,1041.0,673.0,1193.0,887.0
59595,32:53.000,32:53.030,3,1482.0,722.0,1662.0,963.0,2142.0,763.0,2328.0,1001.0,961.0,662.0,1109.0,873.0
59610,32:53.500,32:53.530,3,1432.0,722.0,1608.0,960.0,2087.0,773.0,2265.0,1006.0,909.0,657.0,1061.0,863.0
59625,32:54.000,32:54.030,3,1144.0,664.0,1312.0,895.0,645.0,575.0,811.0,806.0,1726.0,703.0,1870.0,920.0
59640,32:54.500,32:54.530,3,1237.0,748.0,1404.0,978.0,774.0,660.0,934.0,886.0,1839.0,775.0,1988.0,986.0
59655,32:55.000,32:55.030,3,1214.0,738.0,1383.0,972.0,734.0,658.0,894.0,883.0,1809.0,747.0,1956.0,964.0
59670,32:55.500,32:55.530,3,719.0,611.0,879.0,836.0,1202.0,685.0,1369.0,916.0,1796.0,687.0,1941.0,903.0
59685,32:56.000,32:56.030,3,1147.0,709.0,1334.0,939.0,756.0,632.0,912.0,848.0,1846.0,673.0,1993.0,890.0
59700,32:56.500,32:56.530,3,1164.0,718.0,1364.0,951.0,1912.0,676.0,2065.0,895.0,818.0,636.0,970.0,853.0
59715,32:57.000,32:57.032,3,1203.0,695.0,1395.0,926.0,1909.0,656.0,2061.0,874.0,817.0,618.0,972.0,835.0
59730,32:57.500,32:57.532,3,1241.0,681.0,1423.0,916.0,1917.0,655.0,2068.0,876.0,836.0,605.0,988.0,825.0
59745,32:58.000,32:58.032,3,1278.0,656.0,1455.0,895.0,1936.0,644.0,2094.0,862.0,837.0,594.0,991.0,811.0
59760,32:58.500,32:58.532,3,1269.0,656.0,1447.0,895.0,1949.0,642.0,2110.0,865.0,839.0,591.0,994.0,808.0
59775,32:59.000,32:59.032,3,1246.0,654.0,1425.0,891.0,815.0,582.0,971.0,802.0,1927.0,640.0,2086.0,861.0
59790,32:59.500,32:59.532,3,1239.0,649.0,1416.0,886.0,1918.0,641.0,2076.0,862.0,808.0,574.0,966.0,795.0
59805,33:00.000,33:00.032,3,1235.0,637.0,1414.0,874.0,1916.0,635.0,2071.0,853.0,805.0,566.0,962.0,782.0
59820,33:00.500,33:00.532,3,1242.0,632.0,1419.0,865.0,817.0,555.0,973.0,774.0,1923.0,633.0,2081.0,850.0
59834,33:01.000,33:01.000,3,1257.0,633.0,1434.0,869.0,1941.0,637.0,2100.0,858.0,832.0,555.0,985.0,773.0
59849,33:01.500,33:01.500,3,1260.0,634.0,1440.0,870.0,1947.0,636.0,2109.0,859.0,837.0,553.0,992.0,775.0
59864,33:02.000,33:02.000,3,1259.0,628.0,1439.0,859.0,1941.0,630.0,2103.0,849.0,831.0,542.0,984.0,765.0
59879,33:02.500,33:02.500,3,1261.0,632.0,1439.0,865.0,833.0,541.0,986.0,766.0,1941.0,634.0,2103.0,855.0
59894,33:03.000,33:03.000,3,1259.0,626.0,1440.0,859.0,829.0,539.0,983.0,766.0,1937.0,632.0,2098.0,851.0
59909,33:03.500,33:03.500,3,1259.0,636.0,1435.0,868.0,1932.0,642.0,2092.0,862.0,818.0,561.0,971.0,781.0
59924,33:04.000,33:04.000,3,1271.0,625.0,1448.0,858.0,1946.0,633.0,2109.0,852.0,828.0,557.0,982.0,769.0
59939,33:04.500,33:04.500,3,1276.0,622.0,1455.0,854.0,1957.0,632.0,2122.0,852.0,838.0,549.0,994.0,768.0
59954,33:05.000,33:05.000,3,1281.0,623.0,1461.0,854.0,843.0,544.0,997.0,765.0,1962.0,630.0,2125.0,850.0
59969,33:05.500,33:05.502,3,1274.0,653.0,1453.0,890.0,1954.0,659.0,2116.0,881.0,841.0,576.0,994.0,798.0
59984,33:06.000,33:06.002,3,1231.0,675.0,1410.0,909.0,1909.0,674.0,2065.0,894.0,806.0,599.0,961.0,818.0
59999,33:06.500,33:06.502,3,1210.0,686.0,1392.0,918.0,791.0,601.0,946.0,823.0,1894.0,679.0,2048.0,897.0
60014,33:07.000,33:07.002,3,1221.0,667.0,1404.0,902.0,804.0,587.0,960.0,803.0,1909.0,670.0,2063.0,888.0
60029,33:07.500,33:07.502,3,1227.0,704.0,1410.0,940.0,1907.0,703.0,2063.0,921.0,804.0,621.0,960.0,837.0
60045,33:08.000,33:08.027,3,1212.0,750.0,1397.0,984.0,803.0,660.0,957.0,876.0,1896.0,744.0,2047.0,958.0
60060,33:08.500,33:08.527,3,1193.0,717.0,1377.0,951.0,784.0,626.0,941.0,848.0,1859.0,709.0,2006.0,923.0
60075,33:09.000,33:09.027,3,1213.0,707.0,1394.0,939.0,795.0,617.0,954.0,837.0,1864.0,701.0,2015.0,919.0
60090,33:09.500,33:09.528,3,1218.0,741.0,1400.0,970.0,801.0,654.0,955.0,878.0,1880.0,726.0,2032.0,951.0
60105,33:10.000,33:10.028,3,1228.0,742.0,1410.0,976.0,813.0,665.0,969.0,883.0,1899.0,728.0,2051.0,940.0
60120,33:10.500,33:10.528,3,1227.0,708.0,1413.0,942.0,1914.0,684.0,2066.0,902.0,826.0,630.0,979.0,849.0
60135,33:11.000,33:11.028,3,1155.0,863.0,1336.0,1094.0,766.0,772.0,923.0,992.0,1841.0,864.0,1989.0,1075.0
60150,33:11.500,33:11.528,3,1137.0,945.0,1320.0,1185.0,738.0,851.0,899.0,1065.0,1811.0,955.0,1957.0,1170.0
60165,33:12.000,33:12.028,3,1164.0,826.0,1347.0,1063.0,762.0,740.0,920.0,958.0,1838.0,831.0,1986.0,1042.0
60180,33:12.500,33:12.528,3,1147.0,754.0,1327.0,987.0,733.0,665.0,891.0,886.0,1813.0,759.0,1959.0,969.0
60195,33:13.000,33:13.028,3,1147.0,721.0,1328.0,955.0,732.0,633.0,893.0,851.0,1816.0,728.0,1963.0,939.0
60210,33:13.500,33:13.530,3,1148.0,683.0,1331.0,917.0,734.0,597.0,894.0,814.0,1818.0,685.0,1967.0,901.0
60225,33:14.000,33:14.030,3,1143.0,678.0,1326.0,913.0,726.0,590.0,886.0,808.0,1809.0,684.0,1955.0,900.0
60240,33:14.500,33:14.530,3,1151.0,681.0,1334.0,914.0,733.0,592.0,891.0,812.0,1816.0,682.0,1965.0,899.0
60255,33:15.000,33:15.030,3,1153.0,680.0,1336.0,912.0,730.0,597.0,888.0,812.0,1813.0,681.0,1961.0,896.0
60270,33:15.500,33:15.530,3,1153.0,655.0,1332.0,891.0,721.0,563.0,880.0,790.0,1803.0,662.0,1948.0,878.0
60285,33:16.000,33:16.030,3,1142.0,651.0,1319.0,883.0,710.0,561.0,870.0,781.0,1790.0,656.0,1934.0,870.0
60300,33:16.500,33:16.530,3,1140.0,631.0,1315.0,865.0,709.0,545.0,869.0,769.0,1788.0,644.0,1930.0,855.0
60315,33:17.000,33:17.030,3,1145.0,636.0,1321.0,870.0,712.0,543.0,870.0,769.0,1793.0,645.0,1936.0,856.0
60330,33:17.500,33:17.530,3,1163.0,621.0,1339.0,852.0,717.0,534.0,877.0,759.0,1798.0,631.0,1944.0,845.0
60345,33:18.000,33:18.032,3,1162.0,619.0,1338.0,852.0,712.0,532.0,871.0,759.0,1796.0,626.0,1942.0,841.0
60360,33:18.500,33:18.532,3,1170.0,584.0,1347.0,821.0,720.0,485.0,881.0,717.0,1810.0,586.0,1961.0,804.0
60375,33:19.000,33:19.032,3,1159.0,596.0,1335.0,831.0,728.0,501.0,889.0,732.0,1807.0,599.0,1953.0,811.0
60390,33:19.500,33:19.532,3,1164.0,584.0,1342.0,821.0,727.0,489.0,886.0,722.0,1806.0,585.0,1957.0,802.0
60405,33:20.000,33:20.032,3,1172.0,594.0,1350.0,830.0,1816.0,602.0,1967.0,814.0,738.0,510.0,900.0,733.0
60420,33:20.500,33:20.532,3,1163.0,598.0,1343.0,835.0,731.0,510.0,893.0,735.0,1812.0,605.0,1960.0,817.0
60435,33:21.000,33:21.032,3,1165.0,594.0,1343.0,830.0,731.0,504.0,892.0,731.0,1809.0,601.0,1957.0,815.0
60450,33:21.500,33:21.532,3,1167.0,578.0,1347.0,816.0,733.0,487.0,897.0,715.0,1814.0,589.0,1966.0,805.0
60464,33:22.000,33:22.000,3,1180.0,613.0,1356.0,847.0,738.0,527.0,899.0,749.0,1821.0,621.0,1973.0,840.0
60479,33:22.500,33:22.500,3,1164.0,631.0,1340.0,863.0,727.0,536.0,885.0,761.0,1808.0,643.0,1954.0,856.0
60494,33:23.000,33:23.000,3,1158.0,608.0,1335.0,846.0,716.0,518.0,876.0,745.0,1796.0,621.0,1944.0,834.0
60509,33:23.500,33:23.500,3,1180.0,593.0,1354.0,830.0,724.0,504.0,883.0,732.0,1810.0,606.0,1960.0,824.0
60524,33:24.000,33:24.000,3,1176.0,588.0,1350.0,824.0,716.0,503.0,877.0,731.0,1792.0,599.0,1938.0,815.0
60539,33:24.500,33:24.500,3,1152.0,566.0,1325.0,805.0,721.0,483.0,882.0,712.0,1788.0,575.0,1931.0,795.0
60554,33:25.000,33:25.000,3,1169.0,562.0,1339.0,799.0,727.0,475.0,888.0,700.0,1800.0,574.0,1949.0,790.0
60569,33:25.500,33:25.500,3,1183.0,551.0,1353.0,791.0,734.0,482.0,899.0,705.0,1812.0,572.0,1962.0,788.0
60584,33:26.000,33:26.000,3,1187.0,549.0,1356.0,790.0,735.0,479.0,900.0,701.0,1811.0,569.0,1962.0,790.0
60599,33:26.500,33:26.502,3,1185.0,548.0,1355.0,786.0,735.0,470.0,901.0,694.0,1813.0,559.0,1968.0,778.0
60614,33:27.000,33:27.002,3,1183.0,537.0,1353.0,776.0,729.0,464.0,894.0,692.0,1810.0,554.0,1965.0,772.0
60629,33:27.500,33:27.502,3,1226.0,534.0,1399.0,774.0,737.0,463.0,902.0,687.0,1815.0,551.0,1971.0,771.0
60645,33:28.000,33:28.027,3,1242.0,541.0,1416.0,780.0,741.0,466.0,906.0,687.0,1820.0,551.0,1976.0,775.0
60660,33:28.500,33:28.527,3,1146.0,541.0,1322.0,779.0,730.0,459.0,896.0,687.0,1813.0,551.0,1965.0,768.0
60675,33:29.000,33:29.027,3,1163.0,520.0,1335.0,758.0,728.0,444.0,893.0,670.0,1812.0,539.0,1963.0,752.0
60690,33:29.500,33:29.527,3,1168.0,514.0,1341.0,754.0,724.0,438.0,890.0,663.0,1809.0,531.0,1961.0,750.0
60705,33:30.000,33:30.027,3,1182.0,508.0,1355.0,746.0,733.0,424.0,897.0,650.0,1819.0,530.0,1976.0,744.0
60720,33:30.500,33:30.528,3,1192.0,511.0,1365.0,750.0,747.0,421.0,910.0,649.0,1830.0,532.0,1987.0,758.0
60735,33:31.000,33:31.028,3,1181.0,532.0,1353.0,770.0,741.0,450.0,907.0,671.0,1821.0,550.0,1979.0,773.0
60750,33:31.500,33:31.528,3,1165.0,538.0,1342.0,777.0,1810.0,554.0,1965.0,772.0,727.0,455.0,890.0,678.0
60765,33:32.000,33:32.028,3,1168.0,537.0,1345.0,776.0,724.0,455.0,887.0,680.0,1809.0,547.0,1963.0,766.0
60780,33:32.500,33:32.528,3,1155.0,540.0,1330.0,780.0,1787.0,551.0,1939.0,771.0,699.0,456.0,863.0,686.0
60795,33:33.000,33:33.028,3,1153.0,540.0,1327.0,778.0,678.0,465.0,843.0,696.0,1785.0,551.0,1935.0,769.0
60810,33:33.500,33:33.528,3,1134.0,616.0,1306.0,847.0,665.0,536.0,824.0,765.0,1758.0,624.0,1907.0,840.0
60825,33:34.000,33:34.028,3,1073.0,639.0,1246.0,870.0,625.0,575.0,789.0,802.0,1716.0,640.0,1857.0,848.0
60840,33:34.500,33:34.530,3,1043.0,643.0,1214.0,876.0,583.0,577.0,751.0,806.0,1676.0,656.0,1816.0,864.0
60855,33:35.000,33:35.030,3,1118.0,641.0,1290.0,873.0,651.0,570.0,813.0,798.0,1741.0,652.0,1884.0,864.0
60870,33:35.500,33:35.530,3,591.0,618.0,755.0,843.0,1065.0,692.0,1237.0,927.0,1676.0,690.0,1817.0,899.0
60885,33:36.000,33:36.030,3,1092.0,663.0,1263.0,897.0,601.0,592.0,767.0,818.0,1682.0,680.0,1825.0,887.0
60900,33:36.500,33:36.530,3,1090.0,653.0,1261.0,888.0,609.0,587.0,776.0,810.0,1683.0,660.0,1822.0,864.0
60915,33:37.000,33:37.030,3,1072.0,644.0,1244.0,880.0,605.0,582.0,772.0,805.0,1671.0,654.0,1808.0,862.0
60930,33:37.500,33:37.530,3,1071.0,787.0,1244.0,1023.0,608.0,730.0,774.0,953.0,1676.0,779.0,1811.0,987.0
60945,33:38.000,33:38.030,3,1037.0,770.0,1207.0,1004.0,549.0,709.0,720.0,935.0,1621.0,761.0,1755.0,965.0
60960,33:38.500,33:38.532,3,1024.0,678.0,1196.0,912.0,538.0,611.0,712.0,842.0,1604.0,671.0,1739.0,876.0
60975,33:39.000,33:39.032,3,1148.0,742.0,1319.0,976.0,692.0,684.0,855.0,902.0,1758.0,731.0,1902.0,942.0
60990,33:39.500,33:39.532,3,1178.0,735.0,1349.0,968.0,722.0,669.0,882.0,892.0,1802.0,731.0,1948.0,940.0
61005,33:40.000,33:40.032,3,1179.0,678.0,1349.0,912.0,721.0,618.0,880.0,840.0,1808.0,671.0,1955.0,884.0
61020,33:40.500,33:40.532,3,1188.0,653.0,1358.0,891.0,718.0,598.0,877.0,819.0,1801.0,650.0,1944.0,866.0
61035,33:41.000,33:41.032,3,1176.0,641.0,1347.0,875.0,709.0,583.0,870.0,803.0,1780.0,633.0,1923.0,852.0
61050,33:41.500,33:41.532,3,1145.0,646.0,1318.0,881.0,689.0,584.0,854.0,806.0,1749.0,641.0,1890.0,852.0
61065,33:42.000,33:42.032,3,1120.0,657.0,1291.0,889.0,673.0,568.0,837.0,796.0,1731.0,644.0,1868.0,856.0
61080,33:42.500,33:42.532,3,1125.0,645.0,1293.0,875.0,667.0,574.0,834.0,801.0,1722.0,637.0,1863.0,849.0
61094,33:43.000,33:43.000,3,679.0,584.0,848.0,809.0,1130.0,642.0,1297.0,867.0,1734.0,631.0,1873.0,843.0
61109,33:43.500,33:43.500,3,1123.0,670.0,1292.0,900.0,661.0,613.0,827.0,840.0,1719.0,661.0,1858.0,872.0
61124,33:44.000,33:44.000,3,660.0,586.0,826.0,813.0,1126.0,643.0,1293.0,875.0,1722.0,628.0,1863.0,838.0
61139,33:44.500,33:44.500,3,1131.0,689.0,1299.0,925.0,679.0,632.0,844.0,863.0,1742.0,677.0,1883.0,891.0
61154,33:45.000,33:45.000,3,1137.0,659.0,1305.0,895.0,665.0,595.0,830.0,821.0,1771.0,642.0,1912.0,851.0
61169,33:45.500,33:45.500,3,638.0,554.0,804.0,783.0,1109.0,630.0,1279.0,864.0,1769.0,630.0,1909.0,841.0
61184,33:46.000,33:46.000,3,444.0,584.0,626.0,816.0,941.0,638.0,1113.0,873.0,1593.0,636.0,1727.0,838.0
61199,33:46.500,33:46.500,3,904.0,732.0,1077.0,964.0,399.0,672.0,582.0,909.0,1552.0,713.0,1680.0,912.0
61214,33:47.000,33:47.002,3,472.0,828.0,647.0,1066.0,955.0,883.0,1127.0,1121.0,1617.0,863.0,1746.0,1060.0
61229,33:47.500,33:47.502,3,1006.0,901.0,1179.0,1138.0,531.0,831.0,701.0,1065.0,1672.0,892.0,1805.0,1093.0
61245,33:48.000,33:48.027,3,588.0,735.0,755.0,962.0,1073.0,808.0,1241.0,1043.0,1708.0,806.0,1845.0,1010.0
61260,33:48.500,33:48.527,3,1151.0,753.0,1324.0,986.0,660.0,678.0,822.0,902.0,1770.0,753.0,1911.0,958.0
61275,33:49.000,33:49.027,3,1245.0,801.0,1416.0,1032.0,763.0,727.0,918.0,947.0,1884.0,799.0,2034.0,1015.0
61290,33:49.500,33:49.527,3,1269.0,763.0,1444.0,996.0,786.0,681.0,941.0,901.0,1920.0,775.0,2070.0,987.0
61305,33:50.000,33:50.027,3,1251.0,706.0,1420.0,942.0,766.0,629.0,924.0,847.0,1901.0,723.0,2050.0,933.0
61320,33:50.500,33:50.527,3,1236.0,695.0,1405.0,927.0,750.0,609.0,910.0,830.0,1881.0,710.0,2032.0,918.0
61335,33:51.000,33:51.028,3,1207.0,692.0,1375.0,926.0,732.0,606.0,891.0,829.0,1852.0,703.0,1997.0,914.0
61350,33:51.500,33:51.528,3,1196.0,692.0,1365.0,927.0,730.0,606.0,890.0,830.0,1824.0,696.0,1968.0,906.0
61365,33:52.000,33:52.028,3,1187.0,721.0,1353.0,950.0,710.0,636.0,873.0,856.0,1790.0,731.0,1929.0,941.0
61380,33:52.500,33:52.528,3,697.0,611.0,860.0,838.0,1180.0,709.0,1345.0,932.0,1773.0,722.0,1913.0,933.0
61395,33:53.000,33:53.028,3,1201.0,708.0,1365.0,933.0,707.0,617.0,869.0,841.0,1778.0,724.0,1917.0,932.0
61410,33:53.500,33:53.528,3,725.0,614.0,887.0,837.0,1220.0,704.0,1388.0,928.0,1800.0,721.0,1939.0,930.0
61425,33:54.000,33:54.028,3,731.0,596.0,892.0,814.0,1228.0,683.0,1396.0,908.0,1808.0,706.0,1949.0,913.0
61440,33:54.500,33:54.528,3,1232.0,677.0,1396.0,903.0,733.0,596.0,894.0,812.0,1817.0,704.0,1957.0,910.0
61455,33:55.000,33:55.028,3,1220.0,663.0,1387.0,895.0,721.0,586.0,884.0,806.0,1810.0,698.0,1952.0,906.0
61470,33:55.500,33:55.530,3,1087.0,658.0,1256.0,887.0,582.0,576.0,752.0,797.0,1679.0,690.0,1814.0,894.0
61485,33:56.000,33:56.030,3,1067.0,675.0,1232.0,903.0,557.0,580.0,729.0,808.0,1655.0,704.0,1794.0,910.0
61500,33:56.500,33:56.530,3,1087.0,724.0,1257.0,952.0,583.0,628.0,753.0,849.0,1681.0,745.0,1819.0,953.0
61515,33:57.000,33:57.030,3,1088.0,716.0,1258.0,949.0,581.0,612.0,752.0,840.0,1694.0,733.0,1831.0,938.0
61530,33:57.500,33:57.530,3,1132.0,787.0,1297.0,1018.0,632.0,678.0,801.0,906.0,1734.0,817.0,1874.0,1025.0
61545,33:58.000,33:58.030,3,636.0,649.0,805.0,878.0,1132.0,753.0,1300.0,983.0,1744.0,787.0,1888.0,993.0
61560,33:58.500,33:58.530,3,1135.0,729.0,1302.0,961.0,652.0,621.0,816.0,850.0,1767.0,768.0,1914.0,972.0
61575,33:59.000,33:59.030,3,659.0,581.0,823.0,809.0,1135.0,686.0,1303.0,922.0,1772.0,722.0,1919.0,927.0
61590,33:59.500,33:59.532,3,1146.0,681.0,1320.0,918.0,668.0,579.0,834.0,807.0,1787.0,724.0,1933.0,927.0
61605,34:00.000,34:00.032,3,1158.0,680.0,1329.0,914.0,677.0,578.0,841.0,804.0,1790.0,720.0,1937.0,925.0
61620,34:00.500,34:00.532,3,1178.0,679.0,1344.0,914.0,668.0,578.0,831.0,810.0,1785.0,717.0,1930.0,922.0
61635,34:01.000,34:01.032,3,1166.0,677.0,1334.0,907.0,667.0,578.0,831.0,807.0,1787.0,713.0,1937.0,922.0
61650,34:01.500,34:01.532,3,1164.0,676.0,1332.0,906.0,671.0,586.0,834.0,809.0,1793.0,718.0,1940.0,925.0
61665,34:02.000,34:02.032,3,1168.0,685.0,1336.0,916.0,679.0,593.0,843.0,816.0,1798.0,729.0,1947.0,934.0
61680,34:02.500,34:02.532,3,1166.0,689.0,1334.0,920.0,685.0,600.0,846.0,819.0,1799.0,735.0,1947.0,940.0
61695,34:03.000,34:03.032,3,1166.0,698.0,1334.0,930.0,682.0,601.0,844.0,824.0,1796.0,739.0,1946.0,950.0
61710,34:03.500,34:03.533,3,1207.0,761.0,1378.0,991.0,704.0,664.0,866.0,883.0,1828.0,795.0,1977.0,1007.0
61724,34:04.000,34:04.000,3,667.0,650.0,834.0,882.0,1183.0,753.0,1352.0,980.0,1779.0,780.0,1919.0,987.0
61739,34:04.500,34:04.500,3,1154.0,757.0,1324.0,987.0,663.0,660.0,830.0,892.0,1759.0,790.0,1902.0,996.0
61754,34:05.000,34:05.000,3,649.0,670.0,815.0,899.0,1143.0,742.0,1311.0,971.0,1742.0,765.0,1884.0,971.0
61769,34:05.500,34:05.500,3,624.0,647.0,796.0,874.0,1125.0,705.0,1292.0,936.0,1702.0,721.0,1834.0,932.0
61784,34:06.000,34:06.000,3,623.0,641.0,796.0,867.0,1116.0,710.0,1282.0,941.0,1722.0,728.0,1860.0,936.0
61799,34:06.500,34:06.500,3,640.0,656.0,808.0,886.0,1136.0,745.0,1299.0,972.0,1697.0,759.0,1833.0,977.0
61814,34:07.000,34:07.000,3,1137.0,734.0,1302.0,963.0,637.0,649.0,805.0,874.0,1702.0,743.0,1839.0,953.0
61829,34:07.500,34:07.500,3,1151.0,739.0,1320.0,970.0,649.0,644.0,816.0,874.0,1756.0,749.0,1899.0,963.0
61844,34:08.000,34:08.002,3,600.0,637.0,770.0,863.0,1118.0,739.0,1284.0,967.0,1718.0,744.0,1856.0,950.0
61860,34:08.500,34:08.527,3,652.0,578.0,819.0,807.0,1171.0,689.0,1342.0,920.0,1777.0,699.0,1920.0,908.0
61875,34:09.000,34:09.027,3,1183.0,699.0,1354.0,930.0,660.0,620.0,825.0,840.0,1791.0,714.0,1933.0,916.0
61890,34:09.500,34:09.527,3,1190.0,669.0,1358.0,900.0,1796.0,674.0,1939.0,880.0,666.0,654.0,829.0,850.0
61905,34:10.000,34:10.027,3,1193.0,656.0,1363.0,888.0,1802.0,666.0,1945.0,876.0,677.0,673.0,846.0,859.0
61920,34:10.500,34:10.527,3,1191.0,657.0,1357.0,886.0,1814.0,665.0,1966.0,888.0,692.0,675.0,865.0,867.0
61935,34:11.000,34:11.027,3,1164.0,661.0,1333.0,893.0,708.0,614.0,885.0,835.0,1801.0,669.0,1948.0,877.0
61950,34:11.500,34:11.527,3,1161.0,661.0,1327.0,892.0,692.0,557.0,861.0,778.0,1775.0,654.0,1916.0,838.0
61965,34:12.000,34:12.028,3,673.0,549.0,838.0,778.0,1177.0,655.0,1344.0,880.0,1775.0,664.0,1915.0,844.0
61980,34:12.500,34:12.528,3,664.0,551.0,832.0,781.0,1178.0,627.0,1340.0,849.0,1778.0,680.0,1920.0,890.0
61995,34:13.000,34:13.028,3,646.0,550.0,812.0,780.0,1138.0,619.0,1300.0,838.0,1759.0,690.0,1907.0,904.0
62010,34:13.500,34:13.528,3,605.0,581.0,774.0,808.0,1154.0,649.0,1323.0,877.0,1727.0,699.0,1870.0,908.0
62025,34:14.000,34:14.028,3,593.0,631.0,761.0,861.0,1155.0,701.0,1322.0,927.0,1712.0,733.0,1853.0,943.0
62040,34:14.500,34:14.528,3,315.0,842.0,509.0,1085.0,915.0,822.0,1088.0,1056.0,1477.0,770.0,1600.0,969.0
62055,34:15.000,34:15.028,2,229.0,689.0,466.0,944.0,877.0,529.0,1005.0,720.0,,,,
62070,34:15.500,34:15.528,2,232.0,606.0,468.0,870.0,900.0,485.0,1028.0,687.0,,,,
62085,34:16.000,34:16.028,3,169.0,342.0,395.0,610.0,801.0,273.0,1000.0,532.0,1421.0,155.0,1553.0,381.0
62100,34:16.500,34:16.530,3,1385.0,170.0,1573.0,422.0,2070.0,112.0,2260.0,359.0,809.0,140.0,978.0,393.0
62115,34:17.000,34:17.030,2,1584.0,246.0,1783.0,505.0,1019.0,189.0,1179.0,433.0,,,,
62130,34:17.500,34:17.530,3,1533.0,575.0,1717.0,815.0,1002.0,532.0,1151.0,750.0,2234.0,586.0,2433.0,829.0
62145,34:18.000,34:18.030,3,1522.0,692.0,1704.0,931.0,2219.0,713.0,2420.0,954.0,990.0,641.0,1142.0,853.0
62160,34:18.500,34:18.530,3,1388.0,601.0,1563.0,839.0,2046.0,616.0,2219.0,845.0,848.0,551.0,1001.0,770.0
62175,34:19.000,34:19.030,3,1385.0,573.0,1564.0,815.0,2014.0,580.0,2177.0,806.0,868.0,524.0,1024.0,750.0
62190,34:19.500,34:19.530,3,1398.0,594.0,1574.0,830.0,1999.0,593.0,2159.0,828.0,870.0,544.0,1025.0,767.0
62205,34:20.000,34:20.030,3,1289.0,542.0,1462.0,774.0,739.0,476.0,903.0,704.0,1847.0,553.0,1992.0,773.0
62220,34:20.500,34:20.532,3,576.0,534.0,748.0,770.0,1140.0,620.0,1305.0,853.0,1661.0,637.0,1796.0,848.0
62235,34:21.000,34:21.032,3,517.0,609.0,695.0,846.0,1102.0,681.0,1269.0,913.0,1611.0,695.0,1740.0,896.0
62250,34:21.500,34:21.532,3,607.0,585.0,775.0,814.0,1168.0,645.0,1336.0,875.0,1702.0,656.0,1838.0,862.0
62265,34:22.000,34:22.032,3,638.0,555.0,806.0,783.0,1179.0,619.0,1347.0,848.0,1744.0,633.0,1886.0,842.0
62280,34:22.500,34:22.532,3,417.0,351.0,606.0,609.0,1016.0,428.0,1189.0,671.0,1592.0,443.0,1731.0,663.0
62295,34:23.000,34:23.032,2,818.0,99.0,1017.0,357.0,95.0,36.0,344.0,350.0,,,,
62310,34:23.500,34:23.532,3,187.0,152.0,415.0,439.0,870.0,158.0,1060.0,418.0,1470.0,93.0,1615.0,310.0
62325,34:24.000,34:24.032,3,913.0,167.0,1101.0,425.0,230.0,135.0,451.0,423.0,1501.0,124.0,1642.0,360.0
62340,34:24.500,34:24.533,3,923.0,224.0,1105.0,480.0,245.0,190.0,463.0,464.0,1498.0,203.0,1635.0,424.0
62354,34:25.000,34:25.000,3,315.0,289.0,520.0,547.0,970.0,333.0,1150.0,580.0,1528.0,322.0,1667.0,540.0
62369,34:25.500,34:25.500,3,297.0,412.0,495.0,672.0,951.0,492.0,1124.0,727.0,1481.0,508.0,1612.0,705.0
62384,34:26.000,34:26.000,3,169.0,619.0,381.0,873.0,839.0,702.0,1010.0,938.0,1374.0,727.0,1500.0,921.0
62399,34:26.500,34:26.500,3,306.0,664.0,505.0,917.0,936.0,755.0,1107.0,987.0,1468.0,776.0,1596.0,971.0
62414,34:27.000,34:27.000,3,256.0,685.0,460.0,937.0,898.0,782.0,1069.0,1017.0,1432.0,808.0,1560.0,1008.0
62429,34:27.500,34:27.500,3,907.0,791.0,1077.0,1024.0,273.0,699.0,474.0,952.0,1443.0,807.0,1564.0,1005.0
62444,34:28.000,34:28.000,3,926.0,835.0,1100.0,1074.0,306.0,758.0,505.0,1009.0,1468.0,853.0,1592.0,1053.0
62460,34:28.500,34:28.525,3,246.0,770.0,451.0,1030.0,893.0,843.0,1063.0,1081.0,1422.0,854.0,1546.0,1056.0
62475,34:29.000,34:29.027,3,1110.0,810.0,1281.0,1043.0,529.0,760.0,703.0,994.0,1653.0,800.0,1784.0,1005.0
62490,34:29.500,34:29.527,3,1089.0,726.0,1262.0,960.0,479.0,678.0,659.0,919.0,1613.0,723.0,1743.0,926.0
62505,34:30.000,34:30.027,3,358.0,683.0,550.0,928.0,995.0,739.0,1167.0,972.0,1513.0,746.0,1642.0,944.0
62520,34:30.500,34:30.527,3,381.0,651.0,571.0,896.0,1009.0,703.0,1179.0,940.0,1533.0,722.0,1660.0,925.0
62535,34:31.000,34:31.027,3,419.0,636.0,603.0,878.0,1018.0,694.0,1187.0,928.0,1558.0,707.0,1688.0,914.0
62550,34:31.500,34:31.527,3,1023.0,680.0,1189.0,909.0,418.0,621.0,601.0,864.0,1560.0,691.0,1689.0,902.0
62565,34:32.000,34:32.027,3,416.0,594.0,600.0,836.0,1022.0,654.0,1189.0,885.0,1565.0,672.0,1697.0,879.0
62580,34:32.500,34:32.527,3,414.0,586.0,599.0,827.0,1003.0,645.0,1171.0,875.0,1565.0,662.0,1694.0,870.0
62595,34:33.000,34:33.028,3,986.0,650.0,1157.0,881.0,415.0,592.0,600.0,832.0,1564.0,661.0,1695.0,874.0
62610,34:33.500,34:33.528,3,416.0,594.0,599.0,835.0,978.0,648.0,1148.0,877.0,1563.0,664.0,1692.0,869.0
62625,34:34.000,34:34.028,3,418.0,594.0,602.0,835.0,987.0,648.0,1158.0,876.0,1565.0,668.0,1695.0,872.0
62640,34:34.500,34:34.528,3,417.0,595.0,600.0,833.0,976.0,643.0,1150.0,877.0,1565.0,662.0,1696.0,867.0
62655,34:35.000,34:35.028,3,419.0,594.0,603.0,836.0,979.0,658.0,1150.0,888.0,1566.0,666.0,1697.0,871.0
62670,34:35.500,34:35.528,3,444.0,616.0,627.0,854.0,1009.0,685.0,1177.0,912.0,1583.0,695.0,1713.0,901.0
62685,34:36.000,34:36.028,3,441.0,624.0,624.0,863.0,997.0,694.0,1170.0,927.0,1581.0,710.0,1715.0,918.0
62700,34:36.500,34:36.528,3,432.0,710.0,614.0,939.0,1002.0,749.0,1173.0,980.0,1588.0,758.0,1721.0,961.0
62715,34:37.000,34:37.030,3,1015.0,716.0,1188.0,953.0,423.0,702.0,607.0,931.0,1600.0,732.0,1732.0,936.0
62730,34:37.500,34:37.530,3,431.0,657.0,614.0,902.0,1021.0,710.0,1191.0,944.0,1599.0,727.0,1731.0,933.0
62745,34:38.000,34:38.030,3,436.0,636.0,619.0,878.0,1020.0,694.0,1190.0,928.0,1597.0,707.0,1730.0,917.0
62760,34:38.500,34:38.530,3,437.0,634.0,620.0,875.0,1023.0,695.0,1195.0,932.0,1596.0,712.0,1732.0,920.0
62775,34:39.000,34:39.030,3,1022.0,684.0,1195.0,916.0,443.0,627.0,625.0,858.0,1596.0,697.0,1728.0,901.0
62790,34:39.500,34:39.530,3,1029.0,681.0,1201.0,912.0,450.0,617.0,629.0,858.0,1600.0,700.0,1734.0,909.0
62805,34:40.000,34:40.030,3,460.0,612.0,640.0,852.0,1045.0,673.0,1215.0,903.0,1611.0,697.0,1742.0,901.0
62820,34:40.500,34:40.530,3,465.0,627.0,647.0,870.0,1046.0,687.0,1216.0,920.0,1612.0,709.0,1744.0,921.0
62835,34:41.000,34:41.030,3,455.0,626.0,635.0,868.0,1047.0,684.0,1216.0,917.0,1604.0,699.0,1736.0,902.0
62850,34:41.500,34:41.532,3,1056.0,659.0,1228.0,892.0,474.0,602.0,654.0,839.0,1620.0,679.0,1754.0,884.0
62865,34:42.000,34:42.032,3,1225.0,719.0,1397.0,953.0,667.0,661.0,830.0,893.0,1802.0,739.0,1948.0,953.0
62880,34:42.500,34:42.532,3,1288.0,691.0,1461.0,923.0,727.0,643.0,888.0,867.0,1869.0,697.0,2019.0,912.0
62895,34:43.000,34:43.032,3,1280.0,702.0,1456.0,934.0,727.0,649.0,884.0,877.0,1855.0,702.0,2003.0,917.0
62910,34:43.500,34:43.532,3,1273.0,719.0,1447.0,948.0,705.0,673.0,868.0,895.0,1842.0,720.0,1988.0,933.0
62925,34:44.000,34:44.032,3,1242.0,710.0,1413.0,940.0,680.0,674.0,842.0,900.0,1812.0,709.0,1957.0,926.0
62940,34:44.500,34:44.532,3,1164.0,715.0,1330.0,947.0,611.0,673.0,780.0,902.0,1744.0,719.0,1884.0,937.0
62955,34:45.000,34:45.032,3,1134.0,713.0,1301.0,941.0,570.0,672.0,739.0,903.0,1721.0,712.0,1859.0,926.0
62969,34:45.500,34:45.500,3,521.0,652.0,695.0,885.0,1120.0,687.0,1288.0,916.0,1699.0,684.0,1835.0,897.0
62984,34:46.000,34:46.000,3,508.0,653.0,683.0,882.0,1121.0,688.0,1290.0,918.0,1702.0,682.0,1838.0,891.0
62999,34:46.500,34:46.500,3,1108.0,640.0,1278.0,871.0,534.0,588.0,707.0,821.0,1697.0,637.0,1833.0,850.0
63014,34:47.000,34:47.000,3,558.0,588.0,731.0,815.0,1099.0,642.0,1270.0,876.0,1687.0,642.0,1826.0,854.0
63029,34:47.500,34:47.500,3,566.0,585.0,738.0,808.0,1098.0,636.0,1270.0,868.0,1686.0,635.0,1824.0,845.0
63044,34:48.000,34:48.000,3,1108.0,637.0,1278.0,866.0,577.0,581.0,750.0,808.0,1698.0,633.0,1835.0,843.0
63060,34:48.500,34:48.525,3,568.0,586.0,739.0,812.0,1110.0,637.0,1280.0,867.0,1692.0,633.0,1831.0,842.0
63075,34:49.000,34:49.025,3,568.0,588.0,741.0,818.0,1098.0,644.0,1270.0,878.0,1692.0,638.0,1832.0,847.0
63090,34:49.500,34:49.527,3,1114.0,620.0,1286.0,851.0,574.0,558.0,746.0,787.0,1702.0,609.0,1842.0,820.0
63105,34:50.000,34:50.027,3,573.0,578.0,746.0,800.0,1105.0,645.0,1277.0,870.0,1700.0,624.0,1837.0,833.0
63120,34:50.500,34:50.527,3,1079.0,654.0,1252.0,873.0,565.0,580.0,734.0,799.0,1692.0,624.0,1830.0,832.0
63135,34:51.000,34:51.027,3,558.0,574.0,731.0,794.0,1080.0,647.0,1249.0,867.0,1677.0,616.0,1812.0,824.0
63150,34:51.500,34:51.527,3,1116.0,632.0,1287.0,859.0,556.0,578.0,730.0,800.0,1676.0,622.0,1809.0,836.0
63165,34:52.000,34:52.027,3,1107.0,610.0,1279.0,840.0,565.0,564.0,737.0,788.0,1680.0,610.0,1814.0,818.0
63180,34:52.500,34:52.527,3,1107.0,614.0,1281.0,845.0,570.0,562.0,744.0,788.0,1695.0,609.0,1832.0,817.0
63195,34:53.000,34:53.027,3,1104.0,621.0,1278.0,853.0,569.0,574.0,743.0,797.0,1691.0,613.0,1829.0,822.0
63210,34:53.500,34:53.527,3,1102.0,619.0,1276.0,851.0,566.0,573.0,739.0,798.0,1694.0,608.0,1829.0,819.0
63225,34:54.000,34:54.028,3,566.0,587.0,739.0,816.0,1104.0,634.0,1276.0,867.0,1689.0,624.0,1826.0,833.0
63240,34:54.500,34:54.528,3,567.0,598.0,738.0,830.0,1104.0,650.0,1276.0,885.0,1689.0,645.0,1826.0,859.0
63255,34:55.000,34:55.028,3,535.0,650.0,708.0,877.0,1078.0,694.0,1250.0,927.0,1641.0,679.0,1777.0,887.0
63270,34:55.500,34:55.528,3,514.0,710.0,690.0,945.0,1058.0,748.0,1232.0,982.0,1603.0,719.0,1736.0,927.0
63285,34:56.000,34:56.028,3,1035.0,772.0,1209.0,1005.0,496.0,741.0,674.0,972.0,1589.0,738.0,1721.0,944.0
63300,34:56.500,34:56.528,3,1051.0,721.0,1223.0,954.0,508.0,688.0,685.0,920.0,1593.0,685.0,1730.0,896.0
63315,34:57.000,34:57.028,3,482.0,654.0,659.0,894.0,1031.0,695.0,1205.0,930.0,1567.0,664.0,1705.0,874.0
63330,34:57.500,34:57.528,3,1012.0,668.0,1185.0,902.0,465.0,629.0,646.0,868.0,1576.0,639.0,1710.0,839.0
63345,34:58.000,34:58.030,3,474.0,634.0,653.0,871.0,1024.0,683.0,1197.0,911.0,1595.0,656.0,1725.0,856.0
63360,34:58.500,34:58.530,3,426.0,594.0,609.0,843.0,1026.0,640.0,1194.0,870.0,1561.0,611.0,1688.0,812.0
63375,34:59.000,34:59.030,3,512.0,649.0,687.0,887.0,1126.0,697.0,1289.0,918.0,1629.0,625.0,1761.0,823.0
63390,34:59.500,34:59.530,3,505.0,655.0,681.0,891.0,1077.0,707.0,1246.0,931.0,1616.0,633.0,1748.0,834.0
63405,35:00.000,35:00.030,3,475.0,640.0,654.0,877.0,1051.0,675.0,1223.0,904.0,1605.0,608.0,1736.0,813.0
63420,35:00.500,35:00.530,3,1033.0,641.0,1206.0,874.0,434.0,663.0,618.0,886.0,1591.0,593.0,1720.0,801.0
63435,35:01.000,35:01.030,3,1042.0,598.0,1212.0,834.0,448.0,654.0,630.0,865.0,1596.0,568.0,1728.0,778.0
63450,35:01.500,35:01.530,3,1043.0,583.0,1214.0,820.0,473.0,641.0,653.0,858.0,1606.0,557.0,1739.0,765.0
63465,35:02.000,35:02.032,3,469.0,572.0,649.0,809.0,1050.0,572.0,1222.0,809.0,1620.0,554.0,1752.0,756.0
63480,35:02.500,35:02.532,3,1044.0,551.0,1217.0,788.0,444.0,492.0,624.0,728.0,1623.0,522.0,1757.0,724.0
63495,35:03.000,35:03.032,3,448.0,518.0,632.0,757.0,1020.0,572.0,1194.0,810.0,1621.0,551.0,1753.0,754.0
63510,35:03.500,35:03.532,3,1017.0,539.0,1191.0,776.0,437.0,488.0,619.0,728.0,1606.0,517.0,1738.0,722.0
63525,35:04.000,35:04.032,3,1003.0,546.0,1176.0,783.0,416.0,505.0,602.0,749.0,1593.0,522.0,1723.0,726.0
63540,35:04.500,35:04.532,3,1025.0,536.0,1198.0,774.0,445.0,491.0,625.0,734.0,1619.0,515.0,1750.0,725.0
63555,35:05.000,35:05.032,3,443.0,474.0,626.0,720.0,1026.0,519.0,1203.0,762.0,1609.0,492.0,1741.0,695.0
63570,35:05.500,35:05.532,3,448.0,479.0,629.0,725.0,1023.0,527.0,1197.0,768.0,1608.0,502.0,1740.0,709.0
63585,35:06.000,35:06.032,3,471.0,487.0,652.0,734.0,1038.0,542.0,1209.0,777.0,1627.0,518.0,1759.0,719.0
63599,35:06.500,35:06.500,3,468.0,472.0,653.0,723.0,1040.0,527.0,1212.0,764.0,1635.0,503.0,1769.0,708.0
63614,35:07.000,35:07.000,3,464.0,483.0,647.0,730.0,1033.0,535.0,1206.0,772.0,1640.0,514.0,1770.0,717.0
63629,35:07.500,35:07.500,3,1027.0,559.0,1202.0,795.0,461.0,506.0,644.0,755.0,1614.0,513.0,1743.0,706.0
63644,35:08.000,35:08.000,3,462.0,483.0,645.0,735.0,1024.0,529.0,1199.0,768.0,1596.0,498.0,1729.0,715.0
63660,35:08.500,35:08.525,3,476.0,518.0,657.0,769.0,1032.0,569.0,1206.0,801.0,1592.0,540.0,1726.0,751.0
63675,35:09.000,35:09.025,3,478.0,518.0,659.0,768.0,1037.0,555.0,1210.0,786.0,1592.0,525.0,1724.0,740.0
63690,35:09.500,35:09.525,3,1041.0,546.0,1213.0,780.0,466.0,517.0,647.0,769.0,1593.0,519.0,1725.0,730.0
63705,35:10.000,35:10.025,3,1048.0,541.0,1220.0,777.0,472.0,508.0,655.0,760.0,1599.0,518.0,1732.0,728.0
63720,35:10.500,35:10.527,3,1062.0,539.0,1232.0,775.0,475.0,500.0,658.0,757.0,1615.0,514.0,1745.0,720.0
63735,35:11.000,35:11.027,3,1064.0,537.0,1234.0,771.0,469.0,501.0,651.0,756.0,1625.0,517.0,1759.0,718.0
63750,35:11.500,35:11.527,3,1067.0,536.0,1236.0,771.0,467.0,507.0,649.0,758.0,1630.0,510.0,1766.0,717.0
63765,35:12.000,35:12.027,3,463.0,473.0,648.0,723.0,1068.0,506.0,1239.0,743.0,1643.0,480.0,1777.0,689.0
63780,35:12.500,35:12.527,3,466.0,484.0,648.0,737.0,1069.0,517.0,1240.0,756.0,1638.0,494.0,1772.0,700.0
63795,35:13.000,35:13.027,3,469.0,458.0,649.0,710.0,1083.0,505.0,1256.0,746.0,1646.0,477.0,1779.0,688.0
63810,35:13.500,35:13.527,3,547.0,534.0,721.0,775.0,1146.0,578.0,1317.0,809.0,1695.0,531.0,1831.0,739.0
63825,35:14.000,35:14.027,3,1307.0,612.0,1479.0,844.0,744.0,621.0,906.0,850.0,1879.0,524.0,2029.0,735.0
63840,35:14.500,35:14.527,3,1288.0,559.0,1461.0,791.0,725.0,599.0,887.0,828.0,1868.0,465.0,2017.0,677.0
63855,35:15.000,35:15.028,3,1253.0,585.0,1425.0,817.0,690.0,626.0,854.0,853.0,1836.0,495.0,1983.0,705.0
63870,35:15.500,35:15.528,3,674.0,653.0,838.0,878.0,1221.0,630.0,1392.0,852.0,1818.0,518.0,1963.0,732.0
63885,35:16.000,35:16.028,3,1212.0,655.0,1384.0,883.0,661.0,685.0,826.0,908.0,1802.0,544.0,1944.0,753.0
63900,35:16.500,35:16.528,3,1202.0,674.0,1375.0,905.0,649.0,706.0,815.0,933.0,1777.0,561.0,1919.0,771.0
63915,35:17.000,35:17.028,3,604.0,647.0,777.0,882.0,1178.0,624.0,1349.0,849.0,1750.0,522.0,1889.0,732.0
63930,35:17.500,35:17.528,3,1182.0,622.0,1354.0,849.0,593.0,650.0,767.0,885.0,1746.0,529.0,1886.0,746.0
63945,35:18.000,35:18.028,3,1201.0,591.0,1372.0,824.0,583.0,638.0,758.0,866.0,1752.0,516.0,1892.0,727.0
63960,35:18.500,35:18.528,3,1198.0,585.0,1371.0,818.0,576.0,620.0,757.0,853.0,1744.0,507.0,1884.0,716.0
63975,35:19.000,35:19.030,3,1190.0,601.0,1362.0,834.0,590.0,616.0,770.0,853.0,1734.0,519.0,1867.0,738.0
63990,35:19.500,35:19.530,3,575.0,599.0,755.0,842.0,1142.0,608.0,1316.0,837.0,1719.0,500.0,1857.0,713.0
64005,35:20.000,35:20.030,3,564.0,588.0,747.0,823.0,1131.0,583.0,1303.0,817.0,1715.0,477.0,1852.0,690.0
64020,35:20.500,35:20.530,3,535.0,663.0,717.0,899.0,1105.0,654.0,1277.0,885.0,1688.0,553.0,1821.0,760.0
64035,35:21.000,35:21.030,3,501.0,639.0,688.0,877.0,1082.0,618.0,1257.0,847.0,1651.0,502.0,1784.0,704.0
64050,35:21.500,35:21.530,3,1073.0,537.0,1248.0,774.0,496.0,563.0,682.0,800.0,1653.0,432.0,1788.0,633.0
64065,35:22.000,35:22.030,3,1082.0,543.0,1256.0,777.0,511.0,568.0,696.0,811.0,1667.0,439.0,1805.0,647.0
64080,35:22.500,35:22.530,3,1091.0,534.0,1263.0,771.0,529.0,571.0,709.0,812.0,1680.0,436.0,1817.0,643.0
64095,35:23.000,35:23.032,3,512.0,553.0,695.0,795.0,1088.0,510.0,1262.0,747.0,1669.0,418.0,1803.0,630.0
64110,35:23.500,35:23.532,3,1079.0,527.0,1252.0,761.0,509.0,568.0,694.0,810.0,1661.0,436.0,1799.0,642.0
64125,35:24.000,35:24.032,3,1068.0,525.0,1241.0,762.0,508.0,572.0,692.0,810.0,1670.0,439.0,1805.0,654.0
64140,35:24.500,35:24.532,3,1009.0,541.0,1195.0,781.0,510.0,572.0,693.0,810.0,1667.0,440.0,1804.0,655.0
64155,35:25.000,35:25.032,3,965.0,567.0,1158.0,796.0,506.0,569.0,692.0,800.0,1659.0,437.0,1797.0,650.0
64170,35:25.500,35:25.532,3,501.0,572.0,688.0,806.0,968.0,575.0,1159.0,808.0,1622.0,464.0,1759.0,669.0
64185,35:26.000,35:26.032,3,494.0,590.0,677.0,830.0,975.0,604.0,1165.0,838.0,1610.0,493.0,1750.0,701.0
64200,35:26.500,35:26.532,3,495.0,584.0,681.0,823.0,984.0,597.0,1174.0,831.0,1625.0,482.0,1763.0,688.0
64215,35:27.000,35:27.032,3,496.0,581.0,682.0,820.0,989.0,597.0,1175.0,830.0,1639.0,478.0,1777.0,687.0
64229,35:27.500,35:27.500,3,494.0,577.0,680.0,818.0,1000.0,597.0,1184.0,836.0,1646.0,485.0,1781.0,692.0
64244,35:28.000,35:28.000,3,479.0,576.0,666.0,816.0,983.0,601.0,1166.0,839.0,1636.0,482.0,1770.0,686.0
64260,35:28.500,35:28.525,3,471.0,581.0,661.0,825.0,965.0,595.0,1149.0,836.0,1620.0,473.0,1756.0,677.0
64275,35:29.000,35:29.025,3,435.0,547.0,622.0,793.0,936.0,568.0,1119.0,812.0,1592.0,440.0,1725.0,653.0
64290,35:29.500,35:29.525,3,453.0,579.0,639.0,825.0,956.0,591.0,1140.0,828.0,1597.0,467.0,1733.0,675.0
64305,35:30.000,35:30.025,3,466.0,578.0,648.0,813.0,963.0,565.0,1146.0,807.0,1595.0,434.0,1729.0,656.0
64320,35:30.500,35:30.525,3,491.0,638.0,672.0,860.0,969.0,564.0,1151.0,809.0,1607.0,446.0,1741.0,667.0
64335,35:31.000,35:31.025,3,964.0,546.0,1148.0,793.0,474.0,576.0,659.0,815.0,1606.0,432.0,1743.0,647.0
64350,35:31.500,35:31.527,3,437.0,502.0,629.0,742.0,960.0,517.0,1147.0,758.0,1615.0,404.0,1752.0,614.0
64365,35:32.000,35:32.027,3,454.0,468.0,646.0,719.0,970.0,503.0,1155.0,744.0,1629.0,393.0,1768.0,604.0
64380,35:32.500,35:32.527,3,470.0,489.0,659.0,737.0,980.0,520.0,1167.0,767.0,1640.0,417.0,1773.0,632.0
64395,35:33.000,35:33.027,3,463.0,487.0,653.0,735.0,975.0,519.0,1161.0,763.0,1634.0,414.0,1768.0,624.0
64410,35:33.500,35:33.527,3,472.0,518.0,662.0,766.0,978.0,553.0,1160.0,797.0,1628.0,448.0,1764.0,662.0
64425,35:34.000,35:34.027,3,464.0,509.0,651.0,758.0,970.0,547.0,1152.0,791.0,1622.0,441.0,1758.0,656.0
64440,35:34.500,35:34.527,3,468.0,512.0,659.0,765.0,972.0,556.0,1155.0,800.0,1625.0,454.0,1755.0,672.0
64455,35:35.000,35:35.027,3,464.0,548.0,650.0,796.0,966.0,590.0,1148.0,831.0,1616.0,487.0,1750.0,695.0
64470,35:35.500,35:35.528,3,588.0,616.0,763.0,859.0,1071.0,656.0,1250.0,896.0,1728.0,547.0,1867.0,756.0
64485,35:36.000,35:36.028,3,1306.0,791.0,1486.0,1034.0,853.0,724.0,1007.0,950.0,2021.0,727.0,2182.0,947.0
64500,35:36.500,35:36.528,3,2145.0,767.0,2317.0,996.0,941.0,724.0,1092.0,950.0,1392.0,804.0,1574.0,1045.0
64515,35:37.000,35:37.028,3,2117.0,768.0,2290.0,992.0,1377.0,803.0,1556.0,1048.0,923.0,721.0,1076.0,940.0
64530,35:37.500,35:37.528,3,2092.0,715.0,2264.0,938.0,1348.0,763.0,1531.0,1004.0,898.0,686.0,1050.0,906.0
64545,35:38.000,35:38.028,3,2057.0,722.0,2225.0,952.0,1323.0,770.0,1503.0,1010.0,879.0,688.0,1033.0,909.0
64560,35:38.500,35:38.528,3,2043.0,698.0,2210.0,922.0,887.0,661.0,1042.0,879.0,1319.0,748.0,1500.0,988.0
64575,35:39.000,35:39.028,3,1278.0,712.0,1459.0,956.0,843.0,644.0,1000.0,862.0,1978.0,659.0,2134.0,881.0
64590,35:39.500,35:39.528,3,840.0,646.0,998.0,868.0,1967.0,663.0,2122.0,884.0,1266.0,712.0,1446.0,956.0
64605,35:40.000,35:40.030,3,775.0,655.0,935.0,880.0,1209.0,722.0,1387.0,965.0,1888.0,672.0,2037.0,889.0
64620,35:40.500,35:40.530,3,746.0,662.0,907.0,887.0,1188.0,725.0,1366.0,969.0,1862.0,672.0,2011.0,886.0
64635,35:41.000,35:41.030,3,732.0,666.0,893.0,892.0,1185.0,724.0,1364.0,968.0,1848.0,666.0,1993.0,878.0
64650,35:41.500,35:41.530,3,722.0,670.0,883.0,897.0,1174.0,731.0,1352.0,971.0,1833.0,661.0,1977.0,871.0
64665,35:42.000,35:42.030,3,721.0,646.0,882.0,875.0,1176.0,717.0,1353.0,949.0,1835.0,635.0,1979.0,853.0
64680,35:42.500,35:42.530,3,722.0,622.0,883.0,850.0,1176.0,683.0,1354.0,918.0,1840.0,601.0,1985.0,811.0
64695,35:43.000,35:43.030,3,717.0,643.0,879.0,866.0,1176.0,702.0,1353.0,936.0,1839.0,619.0,1987.0,832.0
64710,35:43.500,35:43.530,3,715.0,646.0,877.0,871.0,1179.0,706.0,1355.0,942.0,1841.0,625.0,1987.0,838.0
64725,35:44.000,35:44.032,3,700.0,662.0,862.0,890.0,1162.0,712.0,1340.0,953.0,1825.0,641.0,1971.0,850.0
64740,35:44.500,35:44.532,3,728.0,592.0,891.0,820.0,1192.0,641.0,1372.0,885.0,1862.0,557.0,2012.0,776.0
64755,35:45.000,35:45.032,3,1175.0,666.0,1355.0,910.0,717.0,604.0,879.0,833.0,1813.0,602.0,1956.0,821.0
64770,35:45.500,35:45.532,3,682.0,579.0,846.0,800.0,1146.0,636.0,1323.0,874.0,1785.0,558.0,1927.0,776.0
64785,35:46.000,35:46.032,3,1798.0,553.0,1946.0,775.0,1152.0,629.0,1331.0,866.0,692.0,564.0,855.0,787.0
64800,35:46.500,35:46.532,3,658.0,580.0,824.0,803.0,1124.0,644.0,1301.0,884.0,1763.0,580.0,1903.0,795.0
64815,35:47.000,35:47.032,3,668.0,561.0,831.0,784.0,1135.0,625.0,1311.0,866.0,1776.0,559.0,1917.0,777.0
64830,35:47.500,35:47.532,3,1153.0,668.0,1332.0,909.0,693.0,600.0,854.0,822.0,1797.0,612.0,1944.0,828.0
64844,35:48.000,35:48.000,3,715.0,616.0,875.0,841.0,1175.0,699.0,1350.0,941.0,1818.0,665.0,1962.0,881.0
64859,35:48.500,35:48.500,3,1142.0,674.0,1318.0,915.0,673.0,589.0,839.0,819.0,1792.0,629.0,1935.0,845.0
64875,35:49.000,35:49.025,3,682.0,589.0,847.0,820.0,1138.0,681.0,1315.0,922.0,1800.0,639.0,1942.0,848.0
64890,35:49.500,35:49.525,3,1143.0,677.0,1319.0,917.0,688.0,589.0,853.0,819.0,1810.0,626.0,1956.0,841.0
64905,35:50.000,35:50.025,3,538.0,695.0,710.0,922.0,1013.0,771.0,1192.0,1012.0,1657.0,717.0,1794.0,925.0
64920,35:50.500,35:50.525,3,555.0,710.0,728.0,942.0,1027.0,803.0,1205.0,1041.0,1673.0,762.0,1808.0,967.0
64935,35:51.000,35:51.025,3,577.0,707.0,748.0,934.0,1044.0,797.0,1221.0,1040.0,1691.0,768.0,1830.0,976.0
64950,35:51.500,35:51.525,3,574.0,669.0,746.0,900.0,1044.0,769.0,1221.0,1008.0,1691.0,742.0,1829.0,948.0
64965,35:52.000,35:52.025,3,575.0,642.0,746.0,873.0,1046.0,733.0,1224.0,977.0,1694.0,700.0,1832.0,907.0
64980,35:52.500,35:52.527,3,585.0,650.0,755.0,881.0,1052.0,742.0,1231.0,987.0,1701.0,717.0,1840.0,924.0
64995,35:53.000,35:53.027,3,573.0,615.0,746.0,843.0,1046.0,708.0,1223.0,947.0,1697.0,678.0,1834.0,886.0
65010,35:53.500,35:53.527,3,578.0,606.0,749.0,837.0,1050.0,701.0,1227.0,942.0,1700.0,671.0,1840.0,878.0
65025,35:54.000,35:54.027,3,576.0,585.0,747.0,813.0,1051.0,677.0,1228.0,920.0,1702.0,644.0,1842.0,853.0
65040,35:54.500,35:54.527,3,582.0,584.0,753.0,814.0,1056.0,680.0,1235.0,923.0,1712.0,657.0,1852.0,859.0
65055,35:55.000,35:55.027,3,1059.0,663.0,1237.0,906.0,582.0,573.0,752.0,803.0,1711.0,642.0,1852.0,848.0
65070,35:55.500,35:55.527,3,617.0,585.0,786.0,811.0,1093.0,657.0,1270.0,901.0,1749.0,645.0,1892.0,852.0
65085,35:56.000,35:56.027,3,1098.0,650.0,1275.0,889.0,625.0,573.0,792.0,800.0,1756.0,639.0,1899.0,845.0
65100,35:56.500,35:56.528,3,1103.0,646.0,1278.0,883.0,626.0,568.0,792.0,796.0,1758.0,634.0,1903.0,841.0
65115,35:57.000,35:57.028,3,1111.0,643.0,1287.0,883.0,636.0,569.0,801.0,797.0,1768.0,634.0,1913.0,840.0
65130,35:57.500,35:57.528,3,1117.0,648.0,1293.0,886.0,638.0,579.0,804.0,806.0,1781.0,644.0,1923.0,849.0
65145,35:58.000,35:58.028,3,1114.0,637.0,1291.0,870.0,639.0,577.0,805.0,804.0,1782.0,626.0,1924.0,834.0
65160,35:58.500,35:58.528,3,1121.0,636.0,1297.0,870.0,650.0,577.0,815.0,801.0,1781.0,629.0,1922.0,834.0
65175,35:59.000,35:59.028,3,1118.0,630.0,1294.0,863.0,640.0,564.0,805.0,793.0,1772.0,623.0,1914.0,834.0
65190,35:59.500,35:59.528,3,1123.0,638.0,1298.0,870.0,643.0,575.0,809.0,802.0,1773.0,631.0,1915.0,838.0
65205,36:00.000,36:00.028,3,1116.0,633.0,1292.0,864.0,640.0,557.0,806.0,789.0,1768.0,618.0,1912.0,828.0
