frame,time,actual_video_time,faces_detected_count,face_0_tl_x,face_0_tl_y,face_0_br_x,face_0_br_y,face_1_tl_x,face_1_tl_y,face_1_br_x,face_1_br_y
21415,11:34.000,11:34.000,1,728.0,992.0,843.0,1136.0,,,,
21430,11:34.500,11:34.500,2,216.0,976.0,427.0,1239.0,1925.0,826.0,2108.0,1063.0
21445,11:35.000,11:35.000,2,291.0,886.0,489.0,1141.0,1987.0,757.0,2181.0,1003.0
21460,11:35.500,11:35.500,2,421.0,714.0,605.0,957.0,2130.0,620.0,2336.0,861.0
21475,11:36.000,11:36.000,2,440.0,668.0,625.0,913.0,2172.0,592.0,2397.0,838.0
21490,11:36.500,11:36.500,2,412.0,662.0,595.0,909.0,2143.0,573.0,2372.0,828.0
21505,11:37.000,11:37.000,1,567.0,640.0,740.0,873.0,,,,
21520,11:37.500,11:37.500,1,594.0,608.0,763.0,839.0,,,,
21535,11:38.000,11:38.002,1,541.0,613.0,728.0,852.0,,,,
21550,11:38.500,11:38.502,2,413.0,600.0,615.0,847.0,2188.0,522.0,2390.0,770.0
21565,11:39.000,11:39.002,2,360.0,615.0,566.0,860.0,2126.0,540.0,2332.0,782.0
21581,11:39.500,11:39.527,2,222.0,656.0,442.0,916.0,1986.0,628.0,2177.0,867.0
21596,11:40.000,11:40.027,2,186.0,642.0,407.0,906.0,1947.0,625.0,2135.0,860.0
21611,11:40.500,11:40.527,2,196.0,623.0,415.0,889.0,1960.0,598.0,2151.0,833.0
21626,11:41.000,11:41.027,2,239.0,628.0,457.0,889.0,1999.0,598.0,2191.0,833.0
21641,11:41.500,11:41.527,2,315.0,602.0,523.0,868.0,2067.0,574.0,2267.0,817.0
21656,11:42.000,11:42.028,2,340.0,584.0,544.0,840.0,2098.0,557.0,2301.0,803.0
21671,11:42.500,11:42.528,2,377.0,530.0,575.0,784.0,2146.0,498.0,2361.0,747.0
21686,11:43.000,11:43.028,0,,,,,,,,
21701,11:43.500,11:43.528,0,,,,,,,,
21716,11:44.000,11:44.028,0,,,,,,,,
21731,11:44.500,11:44.528,0,,,,,,,,
21746,11:45.000,11:45.028,0,,,,,,,,
21761,11:45.500,11:45.528,0,,,,,,,,
21776,11:46.000,11:46.030,0,,,,,,,,
21791,11:46.500,11:46.530,0,,,,,,,,
21805,11:47.000,11:47.113,0,,,,,,,,
21818,11:47.500,11:47.538,0,,,,,,,,
21833,11:48.000,11:48.030,0,,,,,,,,
21848,11:48.500,11:48.530,0,,,,,,,,
21863,11:49.000,11:49.030,0,,,,,,,,
21878,11:49.500,11:49.530,1,428.0,62.0,636.0,328.0,,,,
21893,11:50.000,11:50.032,1,441.0,178.0,638.0,440.0,,,,
21908,11:50.500,11:50.532,1,440.0,366.0,625.0,610.0,,,,
21923,11:51.000,11:51.032,2,321.0,699.0,519.0,948.0,2073.0,730.0,2286.0,958.0
21938,11:51.500,11:51.532,2,254.0,807.0,470.0,1066.0,2022.0,796.0,2227.0,1022.0
21953,11:52.000,11:52.032,2,325.0,841.0,526.0,1098.0,2057.0,747.0,2267.0,983.0
21968,11:52.500,11:52.532,2,2044.0,739.0,2241.0,969.0,366.0,866.0,552.0,1114.0
21983,11:53.000,11:53.032,2,360.0,841.0,547.0,1085.0,2046.0,736.0,2232.0,965.0
21998,11:53.500,11:53.532,2,374.0,818.0,554.0,1060.0,2064.0,709.0,2253.0,942.0
22012,11:54.000,11:54.000,2,322.0,811.0,510.0,1056.0,2017.0,687.0,2210.0,921.0
22027,11:54.500,11:54.500,2,301.0,800.0,490.0,1049.0,2007.0,665.0,2193.0,899.0
22042,11:55.000,11:55.000,2,288.0,784.0,480.0,1028.0,2005.0,659.0,2191.0,896.0
22057,11:55.500,11:55.500,2,259.0,826.0,453.0,1073.0,1973.0,701.0,2161.0,930.0
22072,11:56.000,11:56.000,2,203.0,833.0,404.0,1088.0,1938.0,735.0,2124.0,970.0
22087,11:56.500,11:56.500,2,139.0,767.0,353.0,1026.0,1891.0,682.0,2074.0,910.0
22102,11:57.000,11:57.000,2,154.0,752.0,366.0,1008.0,1909.0,654.0,2089.0,883.0
22117,11:57.500,11:57.500,2,170.0,742.0,382.0,996.0,1919.0,642.0,2104.0,875.0
22132,11:58.000,11:58.002,2,1931.0,631.0,2121.0,862.0,185.0,733.0,395.0,988.0
22147,11:58.500,11:58.502,2,212.0,746.0,427.0,999.0,1942.0,628.0,2132.0,862.0
22162,11:59.000,11:59.002,2,216.0,749.0,430.0,1002.0,1942.0,629.0,2132.0,861.0
22178,11:59.500,11:59.527,2,238.0,757.0,447.0,1011.0,1955.0,623.0,2147.0,858.0
22193,12:00.000,12:00.027,2,1973.0,620.0,2173.0,855.0,241.0,757.0,449.0,1008.0
22208,12:00.500,12:00.527,2,1980.0,624.0,2184.0,861.0,245.0,763.0,452.0,1013.0
22223,12:01.000,12:01.027,2,1965.0,629.0,2167.0,868.0,242.0,773.0,439.0,1025.0
22238,12:01.500,12:01.527,2,1930.0,633.0,2119.0,868.0,304.0,789.0,464.0,1034.0
22253,12:02.000,12:02.028,2,255.0,766.0,458.0,1022.0,1957.0,623.0,2136.0,861.0
22268,12:02.500,12:02.528,2,297.0,775.0,498.0,1029.0,1983.0,625.0,2161.0,858.0
22283,12:03.000,12:03.028,2,340.0,766.0,538.0,1018.0,2017.0,609.0,2203.0,853.0
22298,12:03.500,12:03.528,2,337.0,753.0,541.0,1006.0,2043.0,606.0,2229.0,849.0
22313,12:04.000,12:04.028,2,292.0,747.0,514.0,1008.0,2034.0,599.0,2219.0,838.0
22328,12:04.500,12:04.528,2,2040.0,577.0,2245.0,819.0,293.0,746.0,513.0,1005.0
22343,12:05.000,12:05.028,2,2035.0,576.0,2242.0,817.0,282.0,747.0,503.0,1004.0
22358,12:05.500,12:05.528,2,2031.0,579.0,2240.0,821.0,286.0,751.0,507.0,1008.0
22373,12:06.000,12:06.030,2,2033.0,588.0,2241.0,831.0,292.0,754.0,512.0,1015.0
22388,12:06.500,12:06.530,2,48.0,777.0,291.0,1049.0,1821.0,623.0,2004.0,840.0
22403,12:07.000,12:07.030,1,827.0,703.0,981.0,901.0,,,,
22418,12:07.500,12:07.530,0,,,,,,,,
22433,12:08.000,12:08.030,1,409.0,649.0,595.0,871.0,,,,
22448,12:08.500,12:08.530,1,792.0,740.0,959.0,959.0,,,,
22463,12:09.000,12:09.030,1,604.0,718.0,784.0,947.0,,,,
22478,12:09.500,12:09.532,1,568.0,729.0,753.0,963.0,,,,
22493,12:10.000,12:10.032,2,434.0,712.0,632.0,953.0,2202.0,559.0,2413.0,808.0
22508,12:10.500,12:10.532,2,525.0,681.0,709.0,921.0,2289.0,551.0,2459.0,779.0
22523,12:11.000,12:11.032,2,543.0,670.0,719.0,909.0,2293.0,537.0,2460.0,769.0
22538,12:11.500,12:11.532,2,329.0,668.0,524.0,918.0,2059.0,528.0,2260.0,776.0
22553,12:12.000,12:12.032,1,1595.0,563.0,1759.0,772.0,,,,
22568,12:12.500,12:12.532,1,1605.0,551.0,1773.0,765.0,,,,
22583,12:13.000,12:13.032,1,1625.0,552.0,1791.0,760.0,,,,
22597,12:13.500,12:13.500,1,1638.0,543.0,1806.0,758.0,,,,
22612,12:14.000,12:14.000,1,1671.0,544.0,1839.0,762.0,,,,
22627,12:14.500,12:14.500,1,1690.0,534.0,1862.0,744.0,,,,
22642,12:15.000,12:15.000,2,1968.0,615.0,2168.0,853.0,251.0,702.0,443.0,948.0
22657,12:15.500,12:15.500,2,1987.0,624.0,2188.0,864.0,253.0,696.0,464.0,946.0
22672,12:16.000,12:16.000,2,1698.0,622.0,1863.0,828.0,-97.0,680.0,123.0,950.0
22687,12:16.500,12:16.500,1,1637.0,595.0,1801.0,805.0,,,,
22702,12:17.000,12:17.000,1,1465.0,741.0,1635.0,962.0,,,,
22717,12:17.500,12:17.500,0,,,,,,,,
22732,12:18.000,12:18.002,0,,,,,,,,
22748,12:18.500,12:18.527,0,,,,,,,,
22763,12:19.000,12:19.027,1,2227.0,687.0,2475.0,968.0,,,,
22778,12:19.500,12:19.527,1,2179.0,680.0,2410.0,950.0,,,,
22793,12:20.000,12:20.027,1,2141.0,688.0,2352.0,953.0,,,,
22808,12:20.500,12:20.527,1,2139.0,685.0,2356.0,956.0,,,,
22823,12:21.000,12:21.027,1,1941.0,749.0,2146.0,1005.0,,,,
22838,12:21.500,12:21.528,1,769.0,1187.0,950.0,1453.0,,,,
22853,12:22.000,12:22.028,1,2233.0,1337.0,2451.0,1579.0,,,,
22868,12:22.500,12:22.528,0,,,,,,,,
22883,12:23.000,12:23.028,0,,,,,,,,
22896,12:23.500,12:24.037,2,2127.0,1188.0,2364.0,1488.0,333.0,1327.0,528.0,1512.0
22897,12:24.000,12:24.053,2,2111.0,1150.0,2342.0,1438.0,322.0,1278.0,511.0,1514.0
22900,12:24.500,12:24.587,2,2095.0,1092.0,2325.0,1381.0,314.0,1237.0,498.0,1502.0
22903,12:25.000,12:25.062,2,2021.0,814.0,2229.0,1072.0,284.0,998.0,465.0,1254.0
22912,12:25.500,12:25.538,1,456.0,347.0,652.0,588.0,,,,
22922,12:26.000,12:26.197,0,,,,,,,,
22932,12:26.500,12:26.538,0,,,,,,,,
22940,12:27.000,12:27.063,0,,,,,,,,
22945,12:27.500,12:27.647,0,,,,,,,,
22950,12:28.000,12:28.022,0,,,,,,,,
22956,12:28.500,12:28.655,0,,,,,,,,
22957,12:29.000,12:29.005,0,,,,,,,,
22958,12:29.500,12:30.048,0,,,,,,,,
22959,12:30.000,12:30.065,0,,,,,,,,
22963,12:30.500,12:30.748,1,577.0,503.0,748.0,738.0,,,,
22971,12:31.000,12:31.032,2,517.0,641.0,694.0,875.0,2267.0,587.0,2454.0,833.0
22986,12:31.500,12:31.532,2,456.0,740.0,639.0,977.0,2178.0,701.0,2387.0,950.0
23001,12:32.000,12:32.032,2,416.0,737.0,602.0,975.0,2134.0,687.0,2352.0,937.0
23016,12:32.500,12:32.532,2,425.0,732.0,611.0,974.0,2150.0,681.0,2367.0,934.0
23031,12:33.000,12:33.032,2,400.0,750.0,591.0,994.0,2127.0,687.0,2342.0,936.0
23040,12:33.500,12:33.842,2,392.0,793.0,580.0,1041.0,2118.0,716.0,2332.0,958.0
23045,12:34.000,12:34.017,2,386.0,792.0,577.0,1039.0,2122.0,704.0,2335.0,952.0
23049,12:34.500,12:34.550,2,389.0,785.0,581.0,1030.0,2132.0,690.0,2346.0,940.0
23060,12:35.000,12:35.000,2,388.0,775.0,582.0,1014.0,2132.0,662.0,2343.0,908.0
23067,12:35.500,12:35.675,2,395.0,768.0,592.0,1008.0,2129.0,645.0,2342.0,895.0
23070,12:36.000,12:36.467,2,400.0,763.0,595.0,1003.0,2128.0,637.0,2342.0,887.0
23071,12:36.500,12:36.525,2,398.0,762.0,594.0,1002.0,2128.0,636.0,2341.0,885.0
23080,12:37.000,12:37.208,2,395.0,743.0,589.0,988.0,2125.0,616.0,2338.0,860.0
23086,12:37.500,12:37.560,2,397.0,746.0,593.0,988.0,2132.0,616.0,2344.0,860.0
23098,12:38.000,12:38.035,2,398.0,746.0,593.0,990.0,2130.0,619.0,2344.0,863.0
23103,12:38.500,12:38.518,2,402.0,756.0,596.0,998.0,2132.0,622.0,2343.0,867.0
23112,12:39.000,12:39.027,2,399.0,756.0,595.0,998.0,2144.0,623.0,2367.0,880.0
23120,12:39.500,12:39.502,2,387.0,752.0,576.0,995.0,2145.0,628.0,2369.0,884.0
23128,12:40.000,12:40.035,2,373.0,747.0,559.0,987.0,2137.0,629.0,2358.0,887.0
23135,12:40.500,12:40.502,2,360.0,750.0,549.0,991.0,2114.0,638.0,2332.0,887.0
23140,12:41.000,12:41.110,2,353.0,751.0,544.0,991.0,2108.0,637.0,2324.0,886.0
23145,12:41.500,12:41.695,2,349.0,758.0,539.0,997.0,2102.0,645.0,2312.0,890.0
23147,12:42.000,12:42.128,2,2105.0,648.0,2315.0,894.0,349.0,758.0,539.0,1001.0
23153,12:42.500,12:42.753,2,330.0,759.0,530.0,1003.0,2099.0,651.0,2308.0,897.0
23162,12:43.000,12:43.028,2,347.0,754.0,546.0,995.0,2111.0,645.0,2322.0,894.0
23177,12:43.500,12:43.528,2,342.0,755.0,540.0,997.0,2105.0,645.0,2317.0,894.0
23192,12:44.000,12:44.028,2,2108.0,640.0,2319.0,891.0,363.0,754.0,553.0,998.0
23207,12:44.500,12:44.528,2,376.0,760.0,560.0,1001.0,2109.0,642.0,2318.0,891.0
23222,12:45.000,12:45.028,2,370.0,762.0,555.0,1007.0,2105.0,646.0,2310.0,890.0
23237,12:45.500,12:45.530,2,365.0,764.0,549.0,1008.0,2097.0,639.0,2304.0,887.0
23252,12:46.000,12:46.030,2,362.0,760.0,547.0,1005.0,2095.0,640.0,2304.0,885.0
23264,12:46.500,12:46.605,2,356.0,746.0,543.0,985.0,2091.0,624.0,2300.0,868.0
23275,12:47.000,12:47.030,2,364.0,730.0,551.0,973.0,2102.0,609.0,2311.0,859.0
23289,12:47.500,12:47.530,2,363.0,732.0,550.0,975.0,2101.0,613.0,2307.0,856.0
23304,12:48.000,12:48.030,2,365.0,726.0,553.0,971.0,2105.0,607.0,2316.0,850.0
23319,12:48.500,12:48.530,2,365.0,726.0,553.0,972.0,2107.0,606.0,2318.0,850.0
23334,12:49.000,12:49.030,2,336.0,725.0,543.0,976.0,2113.0,603.0,2330.0,853.0
23347,12:49.500,12:49.532,2,1918.0,609.0,2112.0,825.0,110.0,723.0,345.0,977.0
23359,12:50.000,12:50.032,1,1071.0,572.0,1220.0,747.0,,,,
23374,12:50.500,12:50.532,1,300.0,644.0,499.0,871.0,,,,
23389,12:51.000,12:51.032,1,-43.0,703.0,189.0,975.0,,,,
23404,12:51.500,12:51.532,1,590.0,661.0,771.0,877.0,,,,
23419,12:52.000,12:52.032,2,391.0,624.0,605.0,865.0,2254.0,446.0,2469.0,695.0
23428,12:52.500,12:52.532,2,326.0,581.0,544.0,828.0,2172.0,466.0,2407.0,728.0
23440,12:53.000,12:53.048,2,1811.0,500.0,2000.0,729.0,-34.0,560.0,210.0,837.0
23453,12:53.500,12:53.500,1,534.0,556.0,702.0,798.0,,,,
23468,12:54.000,12:54.000,2,478.0,581.0,653.0,821.0,2275.0,444.0,2486.0,702.0
23483,12:54.500,12:54.500,1,543.0,596.0,713.0,838.0,,,,
23498,12:55.000,12:55.000,1,1528.0,663.0,1691.0,893.0,,,,
23513,12:55.500,12:55.500,1,2108.0,674.0,2338.0,945.0,,,,
23528,12:56.000,12:56.000,0,,,,,,,,
23543,12:56.500,12:56.500,0,,,,,,,,
23559,12:57.000,12:57.025,1,1844.0,671.0,2024.0,928.0,,,,
23574,12:57.500,12:57.527,1,1649.0,633.0,1817.0,866.0,,,,
23589,12:58.000,12:58.027,1,1567.0,600.0,1749.0,838.0,,,,
23601,12:58.500,12:58.510,1,1028.0,580.0,1191.0,803.0,,,,
23612,12:59.000,12:59.027,1,600.0,590.0,781.0,823.0,,,,
23625,12:59.500,12:59.527,1,445.0,590.0,642.0,831.0,,,,
23640,13:00.000,13:00.027,2,1988.0,510.0,2198.0,750.0,113.0,628.0,354.0,899.0
23655,13:00.500,13:00.527,2,2027.0,598.0,2241.0,835.0,160.0,608.0,392.0,874.0
23670,13:01.000,13:01.027,2,137.0,682.0,375.0,941.0,2005.0,654.0,2215.0,897.0
23685,13:01.500,13:01.528,2,1975.0,707.0,2182.0,950.0,113.0,743.0,353.0,1009.0
23700,13:02.000,13:02.028,2,1894.0,684.0,2087.0,907.0,14.0,729.0,266.0,1005.0
23715,13:02.500,13:02.528,2,1872.0,647.0,2068.0,874.0,42.0,727.0,265.0,995.0
23730,13:03.000,13:03.028,2,1912.0,616.0,2109.0,853.0,52.0,708.0,290.0,978.0
23745,13:03.500,13:03.528,2,1929.0,630.0,2129.0,866.0,65.0,717.0,304.0,987.0
23760,13:04.000,13:04.028,2,1952.0,663.0,2153.0,903.0,98.0,775.0,336.0,1045.0
23771,13:04.500,13:04.528,2,1951.0,656.0,2152.0,894.0,107.0,775.0,341.0,1043.0
23783,13:05.000,13:05.128,2,1958.0,673.0,2160.0,910.0,118.0,804.0,354.0,1071.0
23796,13:05.500,13:05.530,2,1959.0,668.0,2162.0,894.0,119.0,804.0,354.0,1067.0
23811,13:06.000,13:06.030,2,109.0,816.0,348.0,1082.0,1950.0,683.0,2145.0,906.0
23826,13:06.500,13:06.530,2,93.0,812.0,335.0,1067.0,1940.0,676.0,2136.0,901.0
23841,13:07.000,13:07.030,2,1951.0,670.0,2150.0,895.0,114.0,803.0,349.0,1055.0
23856,13:07.500,13:07.530,2,1946.0,655.0,2143.0,879.0,108.0,789.0,342.0,1044.0
23871,13:08.000,13:08.030,2,133.0,773.0,362.0,1030.0,1961.0,631.0,2163.0,868.0
23886,13:08.500,13:08.530,2,137.0,777.0,367.0,1036.0,1958.0,633.0,2155.0,861.0
23901,13:09.000,13:09.030,2,129.0,802.0,361.0,1054.0,1928.0,657.0,2114.0,877.0
23916,13:09.500,13:09.532,2,129.0,819.0,362.0,1077.0,1941.0,668.0,2132.0,891.0
23931,13:10.000,13:10.032,2,122.0,827.0,357.0,1090.0,1938.0,680.0,2131.0,904.0
23946,13:10.500,13:10.532,2,126.0,826.0,361.0,1089.0,1942.0,680.0,2140.0,907.0
23958,13:11.000,13:11.007,2,124.0,824.0,360.0,1085.0,1939.0,674.0,2137.0,898.0
23971,13:11.500,13:11.507,2,118.0,831.0,360.0,1092.0,1940.0,681.0,2138.0,910.0
23987,13:12.000,13:12.032,2,49.0,1106.0,304.0,1382.0,1937.0,928.0,2137.0,1165.0
24002,13:12.500,13:12.532,2,150.0,1096.0,392.0,1370.0,2051.0,959.0,2267.0,1209.0
24017,13:13.000,13:13.032,2,231.0,1167.0,462.0,1440.0,2114.0,1009.0,2344.0,1270.0
24031,13:13.500,13:13.500,2,2083.0,1054.0,2314.0,1319.0,215.0,1265.0,444.0,1516.0
24046,13:14.000,13:14.000,1,1862.0,1108.0,2067.0,1360.0,,,,
24061,13:14.500,13:14.500,1,1867.0,1073.0,2076.0,1330.0,,,,
24076,13:15.000,13:15.000,1,1986.0,1095.0,2208.0,1359.0,,,,
24091,13:15.500,13:15.500,2,1984.0,913.0,2195.0,1160.0,231.0,1187.0,432.0,1459.0
24106,13:16.000,13:16.000,2,211.0,1183.0,417.0,1464.0,1937.0,982.0,2121.0,1237.0
24121,13:16.500,13:16.817,2,1969.0,907.0,2176.0,1157.0,253.0,1099.0,450.0,1368.0
24125,13:17.000,13:17.117,2,177.0,1045.0,395.0,1324.0,1976.0,980.0,2180.0,1227.0
24139,13:17.500,13:17.527,2,1765.0,647.0,1952.0,873.0,-98.0,867.0,125.0,1161.0
24148,13:18.000,13:18.010,1,1615.0,647.0,1784.0,866.0,,,,
24164,13:18.500,13:18.527,2,1744.0,568.0,1934.0,794.0,-100.0,864.0,118.0,1154.0
24179,13:19.000,13:19.027,2,1792.0,573.0,1986.0,813.0,-58.0,828.0,178.0,1101.0
24194,13:19.500,13:19.527,2,1807.0,580.0,2001.0,814.0,-41.0,717.0,185.0,972.0
24209,13:20.000,13:20.027,2,1826.0,563.0,2021.0,794.0,-31.0,678.0,195.0,927.0
24224,13:20.500,13:20.527,2,1785.0,706.0,1973.0,933.0,-74.0,683.0,150.0,955.0
24239,13:21.000,13:21.027,1,1659.0,787.0,1838.0,1007.0,,,,
24254,13:21.500,13:21.528,1,1679.0,752.0,1859.0,968.0,,,,
24269,13:22.000,13:22.028,1,1689.0,727.0,1859.0,940.0,,,,
24282,13:22.500,13:22.512,1,1710.0,578.0,1883.0,800.0,,,,
24297,13:23.000,13:23.028,1,1716.0,575.0,1891.0,796.0,,,,
24312,13:23.500,13:23.528,2,1841.0,529.0,2030.0,752.0,-65.0,533.0,181.0,812.0
24327,13:24.000,13:24.028,2,2047.0,493.0,2265.0,739.0,173.0,571.0,409.0,820.0
24342,13:24.500,13:24.528,2,2091.0,406.0,2320.0,665.0,226.0,628.0,459.0,874.0
24357,13:25.000,13:25.028,2,1962.0,422.0,2177.0,666.0,79.0,667.0,334.0,922.0
24372,13:25.500,13:25.530,2,1969.0,421.0,2184.0,668.0,86.0,641.0,346.0,902.0
24385,13:26.000,13:26.030,2,1850.0,424.0,2048.0,658.0,-57.0,587.0,198.0,862.0
24400,13:26.500,13:26.530,2,1854.0,401.0,2056.0,644.0,-79.0,507.0,172.0,785.0
24415,13:27.000,13:27.030,1,459.0,557.0,664.0,793.0,,,,
24430,13:27.500,13:27.530,1,1722.0,503.0,1909.0,735.0,,,,
24445,13:28.000,13:28.030,1,1481.0,489.0,1650.0,705.0,,,,
24454,13:28.500,13:28.572,1,1305.0,458.0,1466.0,674.0,,,,
24470,13:29.000,13:29.030,1,1404.0,478.0,1573.0,696.0,,,,
24485,13:29.500,13:29.532,1,1431.0,474.0,1600.0,693.0,,,,
24500,13:30.000,13:30.032,1,1463.0,463.0,1633.0,680.0,,,,
24515,13:30.500,13:30.532,1,1524.0,472.0,1697.0,691.0,,,,
24530,13:31.000,13:31.032,1,1530.0,474.0,1705.0,689.0,,,,
24545,13:31.500,13:31.582,1,1539.0,464.0,1714.0,685.0,,,,
24557,13:32.000,13:32.032,1,1750.0,220.0,1952.0,472.0,,,,
24572,13:32.500,13:32.532,0,,,,,,,,
24587,13:33.000,13:33.032,0,,,,,,,,
24601,13:33.500,13:33.500,0,,,,,,,,
24616,13:34.000,13:34.000,0,,,,,,,,
24630,13:34.500,13:34.517,0,,,,,,,,
24645,13:35.000,13:35.000,2,184.0,175.0,398.0,451.0,2056.0,221.0,2286.0,490.0
24661,13:35.500,13:35.525,1,1756.0,485.0,1936.0,707.0,,,,
24676,13:36.000,13:36.025,1,1555.0,535.0,1720.0,734.0,,,,
24691,13:36.500,13:36.525,1,1706.0,564.0,1882.0,780.0,,,,
24706,13:37.000,13:37.025,2,2082.0,599.0,2299.0,838.0,315.0,485.0,508.0,743.0
24721,13:37.500,13:37.593,2,404.0,496.0,590.0,743.0,2161.0,639.0,2381.0,885.0
24732,13:38.000,13:38.027,1,1658.0,578.0,1830.0,794.0,,,,
24747,13:38.500,13:38.527,1,1731.0,554.0,1909.0,778.0,,,,
24762,13:39.000,13:39.027,1,1776.0,541.0,1961.0,771.0,,,,
24777,13:39.500,13:39.527,2,13.0,446.0,272.0,718.0,1908.0,541.0,2107.0,783.0
24792,13:40.000,13:40.027,1,606.0,549.0,789.0,781.0,,,,
24806,13:40.500,13:40.668,1,580.0,543.0,762.0,779.0,,,,
24818,13:41.000,13:41.028,0,,,,,,,,
24833,13:41.500,13:41.528,1,1493.0,557.0,1628.0,733.0,,,,
24848,13:42.000,13:42.028,1,1496.0,536.0,1631.0,712.0,,,,
24863,13:42.500,13:42.528,1,1494.0,577.0,1622.0,745.0,,,,
24878,13:43.000,13:43.028,1,1510.0,579.0,1639.0,749.0,,,,
24893,13:43.500,13:43.587,1,1534.0,575.0,1669.0,748.0,,,,
24905,13:44.000,13:44.028,1,1561.0,562.0,1693.0,735.0,,,,
24920,13:44.500,13:44.528,2,-49.0,560.0,173.0,838.0,1802.0,508.0,1955.0,699.0
24935,13:45.000,13:45.028,2,98.0,564.0,327.0,828.0,1948.0,500.0,2118.0,706.0
24950,13:45.500,13:45.530,2,39.0,750.0,280.0,1018.0,1891.0,704.0,2055.0,898.0
24965,13:46.000,13:46.030,2,29.0,1007.0,279.0,1288.0,1900.0,836.0,2061.0,1041.0
24976,13:46.500,13:46.555,2,94.0,1058.0,335.0,1333.0,1925.0,835.0,2086.0,1034.0
24989,13:47.000,13:47.030,2,100.0,1079.0,336.0,1356.0,1953.0,920.0,2118.0,1123.0
25004,13:47.500,13:47.530,2,114.0,955.0,341.0,1227.0,1923.0,750.0,2081.0,948.0
25019,13:48.000,13:48.030,2,156.0,917.0,377.0,1185.0,1954.0,742.0,2115.0,944.0
25034,13:48.500,13:48.530,2,183.0,935.0,396.0,1201.0,1965.0,737.0,2129.0,942.0
25049,13:49.000,13:49.032,2,199.0,945.0,412.0,1213.0,1977.0,790.0,2143.0,995.0
25064,13:49.500,13:49.615,2,211.0,890.0,424.0,1149.0,1993.0,763.0,2166.0,967.0
25071,13:50.000,13:50.040,2,210.0,887.0,424.0,1146.0,1995.0,755.0,2169.0,959.0
25087,13:50.500,13:50.532,1,1535.0,687.0,1676.0,867.0,,,,
25102,13:51.000,13:51.032,1,1512.0,650.0,1649.0,826.0,,,,
25117,13:51.500,13:51.532,1,1528.0,642.0,1667.0,816.0,,,,
25132,13:52.000,13:52.032,1,1536.0,626.0,1674.0,800.0,,,,
25144,13:52.500,13:52.590,1,1534.0,629.0,1668.0,800.0,,,,
25157,13:53.000,13:53.000,1,1544.0,638.0,1674.0,808.0,,,,
25172,13:53.500,13:53.500,2,495.0,632.0,671.0,869.0,2292.0,449.0,2441.0,671.0
25187,13:54.000,13:54.000,1,620.0,585.0,780.0,809.0,,,,
25202,13:54.500,13:54.500,1,583.0,507.0,750.0,738.0,,,,
25218,13:55.000,13:55.025,1,521.0,488.0,704.0,728.0,,,,
25233,13:55.500,13:55.583,1,475.0,482.0,667.0,721.0,,,,
25244,13:56.000,13:56.025,1,487.0,483.0,653.0,715.0,,,,
25259,13:56.500,13:56.525,2,251.0,490.0,432.0,741.0,2031.0,415.0,2203.0,617.0
25274,13:57.000,13:57.027,1,1627.0,506.0,1763.0,681.0,,,,
25289,13:57.500,13:57.527,1,1637.0,568.0,1773.0,745.0,,,,
25304,13:58.000,13:58.027,1,1653.0,577.0,1791.0,751.0,,,,
25314,13:58.500,13:58.585,1,1660.0,584.0,1798.0,760.0,,,,
25329,13:59.000,13:59.027,2,432.0,622.0,603.0,862.0,2192.0,541.0,2380.0,746.0
25344,13:59.500,13:59.527,2,487.0,629.0,652.0,865.0,2251.0,556.0,2425.0,765.0
25359,14:00.000,14:00.027,2,452.0,624.0,622.0,860.0,2207.0,552.0,2385.0,761.0
25374,14:00.500,14:00.527,2,448.0,628.0,618.0,868.0,2199.0,550.0,2381.0,758.0
25389,14:01.000,14:01.028,2,381.0,622.0,555.0,867.0,2140.0,545.0,2317.0,755.0
25404,14:01.500,14:01.545,1,1627.0,611.0,1763.0,784.0,,,,
25415,14:02.000,14:02.028,1,1625.0,611.0,1763.0,781.0,,,,
25430,14:02.500,14:02.528,1,1682.0,627.0,1824.0,796.0,,,,
25445,14:03.000,14:03.028,1,1695.0,633.0,1838.0,801.0,,,,
25460,14:03.500,14:03.528,1,1716.0,621.0,1848.0,790.0,,,,
25475,14:04.000,14:04.028,2,1739.0,590.0,1877.0,762.0,-84.0,596.0,104.0,869.0
25485,14:04.500,14:04.553,2,1740.0,586.0,1880.0,760.0,-79.0,597.0,109.0,870.0
25501,14:05.000,14:05.030,2,1751.0,589.0,1893.0,766.0,-73.0,600.0,134.0,888.0
25516,14:05.500,14:05.530,2,1759.0,594.0,1900.0,770.0,-70.0,600.0,141.0,887.0
25531,14:06.000,14:06.030,2,1760.0,597.0,1905.0,775.0,-69.0,603.0,144.0,888.0
25546,14:06.500,14:06.530,2,23.0,457.0,250.0,734.0,1867.0,427.0,2019.0,623.0
25561,14:07.000,14:07.030,1,380.0,176.0,576.0,441.0,,,,
25576,14:07.500,14:07.530,1,392.0,177.0,584.0,440.0,,,,
25586,14:08.000,14:08.030,1,389.0,175.0,582.0,441.0,,,,
25601,14:08.500,14:08.530,1,379.0,174.0,573.0,441.0,,,,
25616,14:09.000,14:09.032,1,378.0,180.0,573.0,447.0,,,,
25631,14:09.500,14:09.532,1,376.0,183.0,571.0,453.0,,,,
25646,14:10.000,14:10.032,1,375.0,192.0,569.0,462.0,,,,
25661,14:10.500,14:10.532,1,377.0,193.0,573.0,465.0,,,,
25676,14:11.000,14:11.032,1,373.0,209.0,570.0,478.0,,,,
25691,14:11.500,14:11.532,2,361.0,242.0,555.0,505.0,2292.0,152.0,2451.0,378.0
25706,14:12.000,14:12.032,2,349.0,257.0,545.0,520.0,2275.0,163.0,2443.0,379.0
25721,14:12.500,14:12.532,2,338.0,264.0,536.0,530.0,2258.0,164.0,2433.0,385.0
25735,14:13.000,14:13.000,2,341.0,270.0,537.0,534.0,2258.0,168.0,2433.0,390.0
25750,14:13.500,14:13.500,2,316.0,269.0,525.0,534.0,2254.0,171.0,2431.0,392.0
25761,14:14.000,14:14.000,2,317.0,276.0,526.0,540.0,2254.0,173.0,2434.0,398.0
25776,14:14.500,14:14.500,2,326.0,289.0,531.0,548.0,2248.0,177.0,2433.0,408.0
25791,14:15.000,14:15.000,2,329.0,341.0,536.0,589.0,2246.0,219.0,2429.0,445.0
25806,14:15.500,14:15.500,2,345.0,425.0,557.0,681.0,2220.0,306.0,2399.0,535.0
25822,14:16.000,14:16.025,2,318.0,452.0,537.0,718.0,2194.0,347.0,2384.0,565.0
25836,14:16.500,14:16.575,2,306.0,507.0,525.0,769.0,2181.0,387.0,2381.0,609.0
25847,14:17.000,14:17.027,2,147.0,679.0,367.0,945.0,1973.0,629.0,2141.0,834.0
25862,14:17.500,14:17.527,2,240.0,692.0,434.0,951.0,2018.0,632.0,2195.0,843.0
25877,14:18.000,14:18.027,2,188.0,705.0,388.0,970.0,1973.0,632.0,2142.0,835.0
25892,14:18.500,14:18.527,2,132.0,709.0,334.0,977.0,1902.0,611.0,2066.0,809.0
25907,14:19.000,14:19.027,2,317.0,715.0,503.0,975.0,2074.0,634.0,2250.0,830.0
25922,14:19.500,14:19.527,2,2110.0,621.0,2292.0,829.0,361.0,708.0,538.0,959.0
25931,14:20.000,14:20.002,2,348.0,701.0,529.0,951.0,2108.0,614.0,2288.0,820.0
25947,14:20.500,14:20.527,2,178.0,741.0,383.0,1002.0,1954.0,650.0,2118.0,838.0
25962,14:21.000,14:21.028,2,153.0,705.0,354.0,962.0,1913.0,505.0,2073.0,701.0
25977,14:21.500,14:21.528,2,335.0,276.0,521.0,538.0,2181.0,207.0,2383.0,438.0
25990,14:22.000,14:22.012,1,408.0,138.0,597.0,399.0,,,,
26002,14:22.500,14:23.037,1,461.0,190.0,641.0,459.0,,,,
26003,14:23.000,14:23.053,1,475.0,217.0,653.0,477.0,,,,
26019,14:23.500,14:23.528,2,292.0,219.0,520.0,500.0,2229.0,175.0,2425.0,400.0
26034,14:24.000,14:24.028,2,244.0,255.0,483.0,531.0,2192.0,222.0,2393.0,458.0
26049,14:24.500,14:24.528,2,187.0,289.0,435.0,562.0,2144.0,246.0,2338.0,471.0
26064,14:25.000,14:25.030,2,191.0,280.0,442.0,548.0,2158.0,230.0,2360.0,469.0
26079,14:25.500,14:25.730,2,188.0,271.0,439.0,542.0,2162.0,217.0,2365.0,453.0
26085,14:26.000,14:26.030,2,2123.0,223.0,2318.0,450.0,144.0,283.0,403.0,554.0
26100,14:26.500,14:26.530,2,147.0,280.0,408.0,549.0,2125.0,232.0,2322.0,459.0
26115,14:27.000,14:27.030,2,172.0,314.0,428.0,579.0,2132.0,232.0,2330.0,461.0
26130,14:27.500,14:27.530,2,282.0,386.0,513.0,653.0,2180.0,291.0,2378.0,516.0
26145,14:28.000,14:28.030,2,287.0,439.0,514.0,699.0,2177.0,321.0,2376.0,544.0
26156,14:28.500,14:28.513,2,297.0,494.0,517.0,752.0,2167.0,387.0,2362.0,605.0
26167,14:29.000,14:29.032,2,274.0,562.0,497.0,817.0,2134.0,461.0,2322.0,679.0
26182,14:29.500,14:29.532,2,286.0,596.0,507.0,859.0,2130.0,502.0,2317.0,719.0
26197,14:30.000,14:30.032,2,278.0,580.0,499.0,837.0,2121.0,460.0,2307.0,679.0
26212,14:30.500,14:30.532,2,291.0,595.0,512.0,849.0,2130.0,474.0,2318.0,691.0
26227,14:31.000,14:31.032,1,446.0,599.0,648.0,841.0,,,,
26242,14:31.500,14:31.532,1,851.0,558.0,1024.0,782.0,,,,
26257,14:32.000,14:32.032,1,834.0,541.0,1006.0,769.0,,,,
26272,14:32.500,14:32.532,1,813.0,540.0,987.0,771.0,,,,
26286,14:33.000,14:33.000,1,790.0,540.0,963.0,771.0,,,,
26301,14:33.500,14:33.500,2,421.0,572.0,631.0,820.0,2266.0,452.0,2433.0,665.0
26315,14:34.000,14:34.000,1,1404.0,581.0,1526.0,748.0,,,,
26329,14:34.500,14:34.525,1,1273.0,630.0,1396.0,794.0,,,,
26343,14:35.000,14:35.000,1,1335.0,600.0,1459.0,767.0,,,,
26353,14:35.500,14:35.608,1,1352.0,570.0,1477.0,733.0,,,,
26361,14:36.000,14:36.083,1,1329.0,571.0,1455.0,737.0,,,,
26370,14:36.500,14:36.617,1,1343.0,555.0,1467.0,715.0,,,,
26383,14:37.000,14:37.027,1,1364.0,544.0,1492.0,705.0,,,,
26398,14:37.500,14:37.527,1,1382.0,542.0,1509.0,706.0,,,,
26413,14:38.000,14:38.027,1,1389.0,543.0,1515.0,702.0,,,,
26425,14:38.500,14:38.502,1,1467.0,526.0,1598.0,696.0,,,,
26441,14:39.000,14:39.027,1,1517.0,523.0,1652.0,696.0,,,,
26456,14:39.500,14:39.527,1,1523.0,541.0,1657.0,711.0,,,,
26471,14:40.000,14:40.027,1,1482.0,560.0,1616.0,728.0,,,,
26486,14:40.500,14:40.527,1,1499.0,559.0,1630.0,729.0,,,,
26501,14:41.000,14:41.028,1,1518.0,555.0,1651.0,724.0,,,,
26516,14:41.500,14:41.528,2,1795.0,482.0,1948.0,667.0,-99.0,512.0,114.0,784.0
26531,14:42.000,14:42.028,1,471.0,264.0,685.0,514.0,,,,
26546,14:42.500,14:42.528,1,441.0,246.0,655.0,506.0,,,,
26561,14:43.000,14:43.028,1,446.0,305.0,623.0,552.0,,,,
26573,14:43.500,14:43.512,2,2194.0,415.0,2387.0,632.0,395.0,501.0,571.0,743.0
26582,14:44.000,14:44.003,2,381.0,652.0,561.0,893.0,2151.0,488.0,2338.0,706.0
26595,14:44.500,14:44.528,2,386.0,526.0,570.0,772.0,2200.0,453.0,2391.0,664.0
26610,14:45.000,14:45.030,2,369.0,470.0,557.0,718.0,2186.0,408.0,2382.0,626.0
26625,14:45.500,14:45.530,2,326.0,484.0,519.0,733.0,2132.0,429.0,2316.0,643.0
26640,14:46.000,14:46.030,2,274.0,487.0,482.0,744.0,2097.0,419.0,2276.0,628.0
26655,14:46.500,14:46.530,2,295.0,497.0,504.0,752.0,2124.0,423.0,2311.0,650.0
26670,14:47.000,14:47.030,2,283.0,482.0,495.0,739.0,2126.0,412.0,2315.0,636.0
26685,14:47.500,14:47.530,2,263.0,461.0,486.0,724.0,2130.0,351.0,2319.0,569.0
26700,14:48.000,14:48.030,2,254.0,427.0,469.0,686.0,2105.0,339.0,2288.0,547.0
26715,14:48.500,14:48.530,2,246.0,424.0,457.0,681.0,2092.0,330.0,2276.0,538.0
26730,14:49.000,14:49.032,2,254.0,270.0,467.0,531.0,2144.0,162.0,2336.0,388.0
26742,14:49.500,14:49.632,2,248.0,307.0,461.0,567.0,2122.0,213.0,2313.0,437.0
26752,14:50.000,14:50.073,2,201.0,459.0,411.0,718.0,2025.0,397.0,2196.0,599.0
26766,14:50.500,14:50.532,2,95.0,588.0,324.0,847.0,1915.0,509.0,2076.0,701.0
26781,14:51.000,14:51.032,1,1570.0,600.0,1702.0,769.0,,,,
26796,14:51.500,14:51.532,1,1590.0,625.0,1725.0,797.0,,,,
26811,14:52.000,14:52.032,1,1600.0,617.0,1735.0,794.0,,,,
26826,14:52.500,14:52.532,1,1592.0,631.0,1727.0,807.0,,,,
26840,14:53.000,14:53.000,1,1397.0,675.0,1520.0,835.0,,,,
26855,14:53.500,14:53.500,1,1545.0,655.0,1671.0,821.0,,,,
26870,14:54.000,14:54.000,1,1725.0,595.0,1867.0,772.0,,,,
26886,14:54.500,14:54.525,1,1718.0,511.0,1865.0,691.0,,,,
26901,14:55.000,14:55.025,2,1813.0,532.0,1965.0,714.0,-98.0,476.0,123.0,749.0
26916,14:55.500,14:55.525,1,1598.0,562.0,1730.0,732.0,,,,
26931,14:56.000,14:56.025,1,1546.0,608.0,1679.0,777.0,,,,
26946,14:56.500,14:56.525,1,1506.0,606.0,1638.0,769.0,,,,
26961,14:57.000,14:57.027,1,1563.0,568.0,1697.0,737.0,,,,
26976,14:57.500,14:57.527,1,1626.0,537.0,1763.0,704.0,,,,
26991,14:58.000,14:58.027,1,1658.0,502.0,1798.0,682.0,,,,
27002,14:58.500,14:58.552,2,-30.0,339.0,217.0,613.0,1896.0,382.0,2059.0,577.0
27017,14:59.000,14:59.027,1,194.0,92.0,443.0,376.0,,,,
27030,14:59.500,14:59.527,0,,,,,,,,
27045,15:00.000,15:00.027,0,,,,,,,,
27060,15:00.500,15:00.527,0,,,,,,,,
27075,15:01.000,15:01.028,0,,,,,,,,
27090,15:01.500,15:01.528,0,,,,,,,,
27105,15:02.000,15:02.028,0,,,,,,,,
27120,15:02.500,15:02.528,0,,,,,,,,
27135,15:03.000,15:03.028,0,,,,,,,,
27150,15:03.500,15:03.528,0,,,,,,,,
27165,15:04.000,15:04.028,0,,,,,,,,
27179,15:04.500,15:04.528,0,,,,,,,,
27194,15:05.000,15:05.030,0,,,,,,,,
27209,15:05.500,15:05.530,1,-26.0,64.0,238.0,341.0,,,,
27224,15:06.000,15:06.030,1,19.0,61.0,281.0,337.0,,,,
27239,15:06.500,15:06.530,1,-8.0,102.0,266.0,383.0,,,,
27254,15:07.000,15:07.030,2,-7.0,191.0,271.0,459.0,2024.0,83.0,2214.0,313.0
27269,15:07.500,15:07.530,2,1987.0,232.0,2165.0,449.0,28.0,363.0,295.0,627.0
27279,15:08.000,15:08.030,1,1793.0,477.0,1945.0,664.0,,,,
27294,15:08.500,15:08.532,1,1563.0,544.0,1700.0,723.0,,,,
27309,15:09.000,15:09.032,1,1541.0,554.0,1676.0,724.0,,,,
27324,15:09.500,15:09.532,1,1634.0,611.0,1773.0,792.0,,,,
27339,15:10.000,15:10.032,2,467.0,804.0,649.0,1027.0,2230.0,660.0,2397.0,863.0
27351,15:10.500,15:10.840,1,530.0,754.0,711.0,977.0,,,,
27358,15:11.000,15:11.032,1,542.0,788.0,715.0,1016.0,,,,
27373,15:11.500,15:11.532,2,392.0,868.0,583.0,1115.0,2179.0,796.0,2360.0,1005.0
27388,15:12.000,15:12.032,2,246.0,954.0,474.0,1244.0,2073.0,892.0,2245.0,1096.0
27403,15:12.500,15:12.532,2,372.0,753.0,594.0,1044.0,2065.0,823.0,2232.0,1021.0
27417,15:13.000,15:13.000,2,214.0,666.0,426.0,956.0,1950.0,760.0,2105.0,948.0
27432,15:13.500,15:13.500,2,292.0,629.0,487.0,885.0,2039.0,714.0,2204.0,907.0
27442,15:14.000,15:14.025,2,223.0,586.0,444.0,836.0,1999.0,666.0,2163.0,861.0
27457,15:14.500,15:14.525,2,237.0,593.0,456.0,846.0,1993.0,665.0,2153.0,852.0
27472,15:15.000,15:15.025,2,287.0,612.0,478.0,860.0,1980.0,660.0,2137.0,852.0
27487,15:15.500,15:15.525,2,299.0,618.0,472.0,856.0,1975.0,659.0,2134.0,847.0
27502,15:16.000,15:16.025,2,292.0,574.0,474.0,818.0,1989.0,607.0,2151.0,803.0
27517,15:16.500,15:16.525,2,332.0,543.0,514.0,797.0,2038.0,596.0,2203.0,791.0
27529,15:17.000,15:17.027,2,319.0,551.0,501.0,799.0,2019.0,586.0,2185.0,783.0
27544,15:17.500,15:17.527,2,288.0,563.0,477.0,804.0,2000.0,591.0,2166.0,783.0
27559,15:18.000,15:18.027,2,222.0,559.0,419.0,810.0,1939.0,589.0,2099.0,776.0
27574,15:18.500,15:18.527,2,238.0,549.0,441.0,806.0,1961.0,591.0,2124.0,778.0
27589,15:19.000,15:19.027,2,245.0,572.0,450.0,823.0,1967.0,601.0,2129.0,789.0
27604,15:19.500,15:19.527,2,256.0,552.0,456.0,809.0,1976.0,582.0,2136.0,774.0
27612,15:20.000,15:20.027,2,254.0,537.0,457.0,798.0,1978.0,569.0,2142.0,766.0
27627,15:20.500,15:20.528,2,257.0,528.0,459.0,787.0,1981.0,563.0,2145.0,759.0
27642,15:21.000,15:21.028,2,251.0,522.0,456.0,778.0,1985.0,556.0,2148.0,748.0
27657,15:21.500,15:21.528,2,249.0,522.0,456.0,778.0,1985.0,554.0,2150.0,746.0
27672,15:22.000,15:22.028,2,260.0,523.0,461.0,779.0,1990.0,555.0,2157.0,746.0
27683,15:22.500,15:22.653,2,259.0,522.0,462.0,776.0,1990.0,555.0,2157.0,746.0
27695,15:23.000,15:23.028,2,263.0,519.0,467.0,772.0,1995.0,545.0,2163.0,739.0
27710,15:23.500,15:23.528,2,262.0,527.0,464.0,782.0,1990.0,548.0,2160.0,743.0
27725,15:24.000,15:24.028,2,263.0,527.0,465.0,780.0,1994.0,548.0,2160.0,741.0
27740,15:24.500,15:24.530,2,263.0,526.0,464.0,782.0,1997.0,547.0,2164.0,733.0
27755,15:25.000,15:25.030,2,253.0,524.0,455.0,782.0,1995.0,544.0,2163.0,723.0
27770,15:25.500,15:25.530,2,247.0,531.0,452.0,791.0,1990.0,554.0,2158.0,730.0
27779,15:26.000,15:26.072,2,247.0,530.0,452.0,788.0,1989.0,551.0,2157.0,732.0
27794,15:26.500,15:26.530,2,247.0,532.0,452.0,790.0,1986.0,552.0,2152.0,739.0
27809,15:27.000,15:27.030,2,250.0,527.0,454.0,786.0,1991.0,547.0,2162.0,738.0
27824,15:27.500,15:27.530,2,254.0,526.0,458.0,782.0,1997.0,544.0,2168.0,735.0
27839,15:28.000,15:28.030,2,246.0,521.0,451.0,778.0,1990.0,543.0,2159.0,727.0
27853,15:28.500,15:28.507,2,245.0,521.0,450.0,780.0,1990.0,544.0,2158.0,728.0
27868,15:29.000,15:29.032,2,265.0,568.0,469.0,820.0,2002.0,568.0,2170.0,761.0
27883,15:29.500,15:29.532,2,529.0,664.0,705.0,915.0,2274.0,662.0,2436.0,860.0
27898,15:30.000,15:30.032,1,695.0,664.0,862.0,894.0,,,,
27913,15:30.500,15:30.532,2,288.0,757.0,493.0,1013.0,2011.0,774.0,2180.0,971.0
27928,15:31.000,15:31.032,2,96.0,799.0,339.0,1068.0,1889.0,784.0,2049.0,972.0
27943,15:31.500,15:31.532,2,181.0,754.0,413.0,1025.0,1970.0,794.0,2138.0,989.0
27955,15:32.000,15:32.065,2,98.0,820.0,343.0,1091.0,1907.0,810.0,2068.0,1008.0
27969,15:32.500,15:32.500,2,174.0,714.0,405.0,983.0,1963.0,710.0,2130.0,907.0
27984,15:33.000,15:33.000,2,160.0,686.0,397.0,947.0,1957.0,678.0,2118.0,872.0
28000,15:33.500,15:33.525,2,36.0,613.0,289.0,893.0,1871.0,641.0,2018.0,822.0
28015,15:34.000,15:34.025,2,299.0,616.0,509.0,868.0,2074.0,585.0,2243.0,777.0
28030,15:34.500,15:34.550,1,632.0,585.0,802.0,812.0,,,,
28042,15:35.000,15:35.025,1,674.0,403.0,843.0,637.0,,,,
28057,15:35.500,15:35.525,0,,,,,,,,
28072,15:36.000,15:36.025,0,,,,,,,,
28087,15:36.500,15:36.527,0,,,,,,,,
28102,15:37.000,15:37.027,0,,,,,,,,
28117,15:37.500,15:37.602,0,,,,,,,,
28126,15:38.000,15:38.018,1,386.0,59.0,587.0,303.0,,,,
28142,15:38.500,15:38.527,1,382.0,59.0,588.0,332.0,,,,
28157,15:39.000,15:39.027,1,496.0,212.0,684.0,473.0,,,,
28172,15:39.500,15:39.527,1,470.0,219.0,659.0,483.0,,,,
28187,15:40.000,15:40.027,1,427.0,201.0,622.0,465.0,,,,
28199,15:40.500,15:40.512,1,428.0,195.0,621.0,456.0,,,,
28213,15:41.000,15:41.028,1,423.0,185.0,620.0,446.0,,,,
28228,15:41.500,15:41.528,1,427.0,187.0,622.0,447.0,,,,
28243,15:42.000,15:42.028,1,428.0,190.0,622.0,452.0,,,,
28258,15:42.500,15:42.528,1,433.0,191.0,625.0,463.0,,,,
28273,15:43.000,15:43.028,1,423.0,193.0,620.0,466.0,,,,
28288,15:43.500,15:43.528,1,428.0,193.0,623.0,459.0,,,,
28303,15:44.000,15:44.028,1,420.0,193.0,621.0,458.0,,,,
28318,15:44.500,15:44.530,2,414.0,209.0,613.0,470.0,2292.0,195.0,2453.0,411.0
28333,15:45.000,15:45.030,2,407.0,230.0,607.0,487.0,2291.0,214.0,2446.0,435.0
28348,15:45.500,15:45.530,2,406.0,229.0,606.0,492.0,2289.0,215.0,2444.0,435.0
28363,15:46.000,15:46.030,2,397.0,223.0,598.0,485.0,2282.0,199.0,2446.0,419.0
28374,15:46.500,15:46.697,2,401.0,222.0,600.0,484.0,2283.0,199.0,2446.0,417.0
28381,15:47.000,15:47.013,2,389.0,221.0,592.0,482.0,2278.0,196.0,2443.0,417.0
28393,15:47.500,15:47.605,2,396.0,221.0,596.0,484.0,2280.0,195.0,2444.0,416.0
28407,15:48.000,15:48.030,2,398.0,219.0,599.0,484.0,2279.0,197.0,2445.0,419.0
28422,15:48.500,15:48.532,2,403.0,223.0,603.0,486.0,2281.0,200.0,2448.0,423.0
28437,15:49.000,15:49.032,2,400.0,221.0,600.0,483.0,2281.0,197.0,2444.0,418.0
28452,15:49.500,15:49.532,2,417.0,228.0,611.0,493.0,2281.0,199.0,2447.0,423.0
28467,15:50.000,15:50.032,2,404.0,249.0,598.0,513.0,2255.0,219.0,2433.0,447.0
28482,15:50.500,15:50.532,2,13.0,480.0,244.0,760.0,1829.0,606.0,1978.0,786.0
28497,15:51.000,15:51.032,1,1598.0,686.0,1732.0,856.0,,,,
28512,15:51.500,15:51.532,1,1664.0,701.0,1800.0,877.0,,,,
28527,15:52.000,15:52.032,2,-64.0,541.0,157.0,826.0,1745.0,671.0,1886.0,843.0
28540,15:52.500,15:52.625,2,-19.0,515.0,186.0,798.0,1769.0,653.0,1912.0,827.0
28549,15:53.000,15:53.025,2,-12.0,488.0,203.0,772.0,1783.0,629.0,1925.0,805.0
28564,15:53.500,15:53.525,2,-18.0,478.0,194.0,760.0,1783.0,612.0,1929.0,794.0
28579,15:54.000,15:54.025,2,-14.0,462.0,198.0,741.0,1780.0,603.0,1924.0,779.0
28594,15:54.500,15:54.525,2,-3.0,453.0,217.0,735.0,1793.0,599.0,1939.0,775.0
28609,15:55.000,15:55.025,2,73.0,430.0,296.0,705.0,1864.0,564.0,2018.0,745.0
28624,15:55.500,15:55.617,2,137.0,403.0,351.0,674.0,1920.0,526.0,2076.0,712.0
28634,15:56.000,15:56.025,2,262.0,344.0,463.0,603.0,2049.0,419.0,2224.0,619.0
28649,15:56.500,15:56.527,2,260.0,326.0,461.0,591.0,2051.0,400.0,2225.0,601.0
28664,15:57.000,15:57.027,2,266.0,317.0,469.0,584.0,2057.0,390.0,2234.0,592.0
28679,15:57.500,15:57.527,2,263.0,315.0,465.0,582.0,2061.0,381.0,2236.0,583.0
28694,15:58.000,15:58.027,2,274.0,330.0,473.0,591.0,2065.0,387.0,2241.0,588.0
28707,15:58.500,15:58.518,2,297.0,358.0,492.0,617.0,2077.0,412.0,2255.0,611.0
28718,15:59.000,15:59.027,2,293.0,382.0,490.0,640.0,2067.0,424.0,2243.0,626.0
28733,15:59.500,15:59.527,2,289.0,398.0,489.0,656.0,2062.0,431.0,2233.0,627.0
28748,16:00.000,16:00.027,2,340.0,454.0,529.0,710.0,2089.0,460.0,2265.0,665.0
28763,16:00.500,16:00.528,2,347.0,563.0,534.0,808.0,2068.0,536.0,2238.0,729.0
28778,16:01.000,16:01.028,1,1656.0,583.0,1798.0,763.0,,,,
28793,16:01.500,16:01.528,1,1428.0,666.0,1556.0,830.0,,,,
28805,16:02.000,16:02.028,1,1543.0,610.0,1681.0,785.0,,,,
28820,16:02.500,16:02.528,1,1540.0,695.0,1675.0,865.0,,,,
28835,16:03.000,16:03.028,1,1536.0,685.0,1668.0,851.0,,,,
28850,16:03.500,16:03.528,1,1547.0,681.0,1676.0,852.0,,,,
28865,16:04.000,16:04.028,1,1596.0,709.0,1722.0,874.0,,,,
28877,16:04.500,16:04.513,1,1633.0,743.0,1762.0,908.0,,,,
28887,16:05.000,16:05.030,1,1691.0,760.0,1822.0,927.0,,,,
28902,16:05.500,16:05.530,2,346.0,580.0,544.0,831.0,1989.0,738.0,2148.0,925.0
28917,16:06.000,16:06.030,2,464.0,541.0,647.0,780.0,2122.0,734.0,2293.0,928.0
28932,16:06.500,16:06.530,2,453.0,496.0,642.0,744.0,2129.0,693.0,2307.0,893.0
28947,16:07.000,16:07.030,2,453.0,427.0,638.0,682.0,2161.0,631.0,2340.0,831.0
28962,16:07.500,16:07.530,2,509.0,291.0,684.0,549.0,2274.0,462.0,2433.0,673.0
28972,16:08.000,16:08.030,0,,,,,,,,
28987,16:08.500,16:08.532,0,,,,,,,,
29002,16:09.000,16:09.032,0,,,,,,,,
29017,16:09.500,16:09.532,0,,,,,,,,
29032,16:10.000,16:10.032,0,,,,,,,,
29047,16:10.500,16:10.623,0,,,,,,,,
29058,16:11.000,16:11.032,0,,,,,,,,
29073,16:11.500,16:11.532,0,,,,,,,,
29088,16:12.000,16:12.032,0,,,,,,,,
29103,16:12.500,16:12.525,0,,,,,,,,
29118,16:13.000,16:13.025,0,,,,,,,,
29133,16:13.500,16:13.525,0,,,,,,,,
29142,16:14.000,16:14.025,0,,,,,,,,
29157,16:14.500,16:14.525,0,,,,,,,,
29172,16:15.000,16:15.025,0,,,,,,,,
29187,16:15.500,16:15.525,0,,,,,,,,
29202,16:16.000,16:16.025,0,,,,,,,,
29215,16:16.500,16:16.535,1,1898.0,282.0,2062.0,479.0,,,,
29227,16:17.000,16:17.027,2,-69.0,478.0,173.0,782.0,1765.0,641.0,1907.0,813.0
29242,16:17.500,16:17.527,2,452.0,581.0,646.0,832.0,2206.0,655.0,2383.0,849.0
29257,16:18.000,16:18.027,2,414.0,568.0,613.0,825.0,2164.0,645.0,2345.0,848.0
29272,16:18.500,16:18.527,2,388.0,571.0,589.0,826.0,2138.0,638.0,2318.0,841.0
29287,16:19.000,16:19.027,2,386.0,703.0,588.0,952.0,2126.0,724.0,2305.0,925.0
29302,16:19.500,16:19.527,1,791.0,1178.0,969.0,1440.0,,,,
29308,16:20.000,16:20.010,0,,,,,,,,
29324,16:20.500,16:20.528,0,,,,,,,,
29339,16:21.000,16:21.028,0,,,,,,,,
29354,16:21.500,16:21.528,0,,,,,,,,
29369,16:22.000,16:22.028,0,,,,,,,,
29382,16:22.500,16:22.537,0,,,,,,,,
29391,16:23.000,16:23.003,0,,,,,,,,
29407,16:23.500,16:23.528,0,,,,,,,,
29422,16:24.000,16:24.028,0,,,,,,,,
29437,16:24.500,16:24.530,0,,,,,,,,
29452,16:25.000,16:25.030,0,,,,,,,,
29467,16:25.500,16:25.530,0,,,,,,,,
29471,16:26.000,16:26.038,0,,,,,,,,
29487,16:26.500,16:26.530,0,,,,,,,,
29502,16:27.000,16:27.030,0,,,,,,,,
29517,16:27.500,16:27.530,2,336.0,1087.0,553.0,1354.0,2120.0,757.0,2301.0,959.0
29530,16:28.000,16:28.005,2,408.0,617.0,611.0,858.0,2234.0,448.0,2408.0,656.0
29546,16:28.500,16:28.548,1,434.0,254.0,642.0,513.0,,,,
29552,16:29.000,16:29.032,1,406.0,131.0,622.0,397.0,,,,
29567,16:29.500,16:29.532,1,406.0,94.0,631.0,370.0,,,,
29582,16:30.000,16:30.032,1,377.0,109.0,601.0,390.0,,,,
29597,16:30.500,16:30.532,1,376.0,127.0,599.0,403.0,,,,
29612,16:31.000,16:31.032,1,369.0,140.0,590.0,414.0,,,,
29627,16:31.500,16:31.532,1,370.0,148.0,591.0,423.0,,,,
29642,16:32.000,16:32.023,1,352.0,163.0,574.0,444.0,,,,
29657,16:32.500,16:32.525,1,327.0,167.0,556.0,445.0,,,,
29672,16:33.000,16:33.025,1,310.0,176.0,539.0,455.0,,,,
29687,16:33.500,16:33.525,1,348.0,154.0,566.0,436.0,,,,
29702,16:34.000,16:34.025,2,343.0,161.0,560.0,450.0,2288.0,145.0,2442.0,355.0
29717,16:34.500,16:34.567,2,334.0,183.0,541.0,460.0,2263.0,167.0,2436.0,384.0
29720,16:35.000,16:35.042,2,313.0,200.0,508.0,474.0,2208.0,198.0,2398.0,431.0
29731,16:35.500,16:35.525,1,228.0,59.0,437.0,320.0,,,,
29746,16:36.000,16:36.025,1,270.0,75.0,470.0,341.0,,,,
29761,16:36.500,16:36.527,2,280.0,99.0,479.0,369.0,2231.0,86.0,2410.0,309.0
29777,16:37.000,16:37.010,2,272.0,137.0,479.0,399.0,2213.0,106.0,2410.0,351.0
29807,16:37.500,16:37.510,2,237.0,182.0,463.0,442.0,2197.0,168.0,2389.0,392.0
29837,16:38.000,16:38.010,2,196.0,215.0,446.0,480.0,2180.0,193.0,2378.0,427.0
29867,16:38.500,16:38.510,2,201.0,228.0,447.0,493.0,2173.0,220.0,2371.0,449.0
29897,16:39.000,16:39.010,2,2165.0,246.0,2359.0,476.0,216.0,257.0,453.0,518.0
29927,16:39.500,16:39.510,2,204.0,275.0,444.0,538.0,2153.0,260.0,2340.0,486.0
29957,16:40.000,16:40.012,2,218.0,280.0,452.0,540.0,2154.0,263.0,2343.0,488.0
29987,16:40.500,16:40.512,2,222.0,279.0,455.0,539.0,2151.0,263.0,2343.0,490.0
30017,16:41.000,16:41.012,2,262.0,288.0,492.0,552.0,2151.0,268.0,2341.0,494.0
30047,16:41.500,16:41.512,2,291.0,290.0,503.0,556.0,2156.0,270.0,2344.0,493.0
30077,16:42.000,16:42.012,2,286.0,317.0,492.0,587.0,2157.0,273.0,2345.0,494.0
30107,16:42.500,16:42.512,2,283.0,334.0,488.0,596.0,2157.0,278.0,2344.0,501.0
30137,16:43.000,16:43.012,2,292.0,360.0,499.0,618.0,2152.0,283.0,2340.0,505.0
30167,16:43.500,16:43.512,2,294.0,410.0,507.0,655.0,2151.0,307.0,2338.0,520.0
30197,16:44.000,16:44.013,2,2145.0,316.0,2333.0,532.0,302.0,450.0,520.0,684.0
30227,16:44.500,16:44.513,2,335.0,475.0,547.0,700.0,2142.0,320.0,2331.0,538.0
30254,16:45.000,16:45.030,2,2157.0,280.0,2346.0,505.0,351.0,453.0,563.0,673.0
30269,16:45.500,16:45.530,2,368.0,416.0,576.0,638.0,2185.0,234.0,2381.0,466.0
30284,16:46.000,16:46.038,2,384.0,448.0,592.0,669.0,2197.0,282.0,2386.0,499.0
30299,16:46.500,16:46.530,2,2198.0,314.0,2384.0,529.0,392.0,470.0,597.0,699.0
30314,16:47.000,16:47.030,2,2161.0,367.0,2346.0,577.0,371.0,525.0,582.0,744.0
30329,16:47.500,16:47.530,2,314.0,749.0,532.0,972.0,2067.0,632.0,2238.0,825.0
30344,16:48.000,16:48.030,2,2081.0,632.0,2252.0,827.0,334.0,750.0,548.0,972.0
30359,16:48.500,16:48.532,2,2089.0,616.0,2263.0,817.0,347.0,740.0,558.0,958.0
30374,16:49.000,16:49.032,2,2084.0,615.0,2257.0,813.0,338.0,741.0,549.0,960.0
30388,16:49.500,16:49.507,2,2088.0,616.0,2261.0,816.0,342.0,738.0,554.0,957.0
30400,16:50.000,16:50.032,2,2089.0,611.0,2262.0,811.0,342.0,739.0,556.0,954.0
30414,16:50.500,16:50.532,2,2083.0,616.0,2261.0,819.0,336.0,746.0,550.0,967.0
30429,16:51.000,16:51.032,2,284.0,638.0,487.0,894.0,2086.0,614.0,2262.0,816.0
30444,16:51.500,16:51.523,2,299.0,616.0,499.0,846.0,2083.0,613.0,2256.0,810.0
30458,16:52.000,16:52.050,2,316.0,607.0,508.0,846.0,2104.0,602.0,2275.0,803.0
30473,16:52.500,16:52.525,2,281.0,602.0,479.0,818.0,2102.0,595.0,2274.0,796.0
30488,16:53.000,16:53.025,2,325.0,596.0,502.0,826.0,2093.0,588.0,2265.0,789.0
30503,16:53.500,16:53.525,2,313.0,572.0,493.0,802.0,2093.0,548.0,2266.0,749.0
30518,16:54.000,16:54.025,2,330.0,260.0,508.0,506.0,2203.0,193.0,2392.0,430.0
30533,16:54.500,16:54.525,2,319.0,240.0,505.0,489.0,2205.0,188.0,2394.0,423.0
30548,16:55.000,16:55.025,2,324.0,247.0,510.0,500.0,2204.0,217.0,2392.0,444.0
30562,16:55.500,16:55.500,2,333.0,266.0,514.0,518.0,2201.0,236.0,2389.0,467.0
30575,16:56.000,16:56.027,2,291.0,323.0,479.0,570.0,2143.0,294.0,2331.0,510.0
30590,16:56.500,16:56.527,2,284.0,327.0,475.0,573.0,2133.0,290.0,2319.0,506.0
30605,16:57.000,16:57.027,2,2126.0,286.0,2312.0,505.0,281.0,326.0,469.0,574.0
30620,16:57.500,16:57.527,2,2120.0,288.0,2304.0,509.0,278.0,330.0,465.0,578.0
30635,16:58.000,16:58.027,2,2120.0,297.0,2305.0,515.0,279.0,339.0,466.0,582.0
30648,16:58.500,16:58.527,2,2125.0,300.0,2310.0,519.0,284.0,341.0,470.0,584.0
30663,16:59.000,16:59.027,2,2123.0,314.0,2309.0,531.0,286.0,351.0,473.0,591.0
30678,16:59.500,16:59.527,2,226.0,382.0,418.0,629.0,2053.0,391.0,2228.0,592.0
30693,17:00.000,17:00.028,2,2070.0,319.0,2249.0,531.0,230.0,345.0,422.0,591.0
30705,17:00.500,17:00.537,2,2089.0,304.0,2267.0,513.0,245.0,327.0,435.0,579.0
30719,17:01.000,17:01.028,2,2093.0,289.0,2274.0,505.0,245.0,320.0,435.0,572.0
30732,17:01.500,17:01.528,2,2088.0,311.0,2266.0,524.0,239.0,339.0,435.0,593.0
30743,17:02.000,17:02.028,2,48.0,422.0,280.0,693.0,1904.0,466.0,2064.0,650.0
30757,17:02.500,17:02.503,2,15.0,482.0,264.0,755.0,1875.0,542.0,2033.0,717.0
30770,17:03.000,17:03.028,2,203.0,483.0,429.0,747.0,2021.0,529.0,2191.0,713.0
30784,17:03.500,17:03.528,2,135.0,552.0,365.0,816.0,1952.0,597.0,2117.0,776.0
30799,17:04.000,17:04.030,2,166.0,592.0,387.0,849.0,1975.0,635.0,2139.0,825.0
30814,17:04.500,17:04.530,2,192.0,648.0,408.0,899.0,1989.0,664.0,2155.0,845.0
30829,17:05.000,17:05.030,2,236.0,678.0,451.0,929.0,2033.0,677.0,2201.0,868.0
30844,17:05.500,17:05.530,2,237.0,687.0,452.0,936.0,2032.0,679.0,2201.0,884.0
30859,17:06.000,17:06.030,2,228.0,658.0,436.0,909.0,2016.0,654.0,2184.0,849.0
30874,17:06.500,17:06.530,2,208.0,652.0,422.0,902.0,2002.0,647.0,2166.0,837.0
30889,17:07.000,17:07.030,2,214.0,647.0,428.0,895.0,2007.0,639.0,2170.0,832.0
30904,17:07.500,17:07.530,2,199.0,635.0,415.0,885.0,2002.0,624.0,2166.0,819.0
30919,17:08.000,17:08.032,2,202.0,603.0,418.0,858.0,2006.0,592.0,2170.0,783.0
30934,17:08.500,17:08.532,2,197.0,619.0,412.0,873.0,1997.0,595.0,2161.0,793.0
30949,17:09.000,17:09.032,2,203.0,606.0,419.0,860.0,2006.0,588.0,2168.0,780.0
30964,17:09.500,17:09.532,2,185.0,595.0,402.0,852.0,1989.0,574.0,2153.0,766.0
30979,17:10.000,17:10.032,2,184.0,592.0,400.0,847.0,1986.0,573.0,2142.0,765.0
30994,17:10.500,17:10.523,2,180.0,575.0,399.0,828.0,1985.0,566.0,2144.0,763.0
31009,17:11.000,17:11.023,2,184.0,572.0,404.0,822.0,1987.0,557.0,2144.0,755.0
31024,17:11.500,17:11.523,2,194.0,572.0,409.0,819.0,1996.0,560.0,2158.0,752.0
31039,17:12.000,17:12.025,2,197.0,576.0,411.0,820.0,2000.0,562.0,2161.0,757.0
31054,17:12.500,17:12.525,2,208.0,577.0,419.0,819.0,2008.0,568.0,2171.0,761.0
31070,17:13.000,17:13.025,2,153.0,620.0,372.0,873.0,1959.0,614.0,2117.0,804.0
31085,17:13.500,17:13.525,2,92.0,660.0,321.0,919.0,1922.0,535.0,2076.0,725.0
31100,17:14.000,17:14.025,2,229.0,442.0,448.0,696.0,2089.0,298.0,2267.0,514.0
31115,17:14.500,17:14.525,2,207.0,349.0,428.0,610.0,2097.0,289.0,2275.0,504.0
31130,17:15.000,17:15.025,2,201.0,277.0,425.0,547.0,2120.0,287.0,2309.0,511.0
31145,17:15.500,17:15.525,2,2170.0,179.0,2373.0,416.0,223.0,174.0,446.0,442.0
31160,17:16.000,17:16.027,2,249.0,147.0,472.0,420.0,2215.0,169.0,2402.0,391.0
31175,17:16.500,17:16.527,2,260.0,155.0,478.0,421.0,2231.0,118.0,2422.0,354.0
31190,17:17.000,17:17.027,2,245.0,113.0,475.0,398.0,2232.0,98.0,2424.0,336.0
31205,17:17.500,17:17.527,2,237.0,109.0,466.0,398.0,2218.0,95.0,2407.0,331.0
31220,17:18.000,17:18.027,2,236.0,113.0,465.0,401.0,2217.0,98.0,2406.0,335.0
31235,17:18.500,17:18.527,2,237.0,114.0,466.0,402.0,2219.0,99.0,2408.0,340.0
31250,17:19.000,17:19.027,2,237.0,114.0,466.0,401.0,2219.0,99.0,2411.0,337.0
31265,17:19.500,17:19.527,2,233.0,118.0,464.0,405.0,2214.0,98.0,2406.0,335.0
31280,17:20.000,17:20.028,2,233.0,115.0,465.0,404.0,2212.0,97.0,2405.0,337.0
31295,17:20.500,17:20.528,2,236.0,136.0,462.0,415.0,2207.0,102.0,2404.0,345.0
31310,17:21.000,17:21.028,2,238.0,144.0,463.0,421.0,2205.0,103.0,2406.0,349.0
31325,17:21.500,17:21.528,2,247.0,168.0,470.0,435.0,2202.0,125.0,2400.0,358.0
31340,17:22.000,17:22.028,2,242.0,174.0,465.0,440.0,2194.0,131.0,2393.0,363.0
31355,17:22.500,17:22.528,2,240.0,185.0,463.0,453.0,2188.0,147.0,2385.0,371.0
31370,17:23.000,17:23.028,2,240.0,184.0,461.0,454.0,2185.0,150.0,2383.0,375.0
31385,17:23.500,17:23.528,2,242.0,184.0,463.0,456.0,2186.0,152.0,2384.0,376.0
31400,17:24.000,17:24.030,2,245.0,181.0,467.0,452.0,2191.0,154.0,2385.0,376.0
31415,17:24.500,17:24.530,2,248.0,183.0,470.0,455.0,2195.0,154.0,2389.0,378.0
31430,17:25.000,17:25.030,2,249.0,187.0,471.0,458.0,2195.0,157.0,2389.0,381.0
31445,17:25.500,17:25.530,2,246.0,192.0,466.0,462.0,2189.0,159.0,2385.0,383.0
31460,17:26.000,17:26.030,2,240.0,193.0,465.0,464.0,2184.0,159.0,2382.0,382.0
31475,17:26.500,17:26.530,2,247.0,203.0,468.0,475.0,2182.0,165.0,2381.0,392.0
31490,17:27.000,17:27.030,2,249.0,215.0,467.0,486.0,2179.0,171.0,2378.0,403.0
31505,17:27.500,17:27.530,2,253.0,233.0,471.0,505.0,2172.0,185.0,2374.0,418.0
31520,17:28.000,17:28.032,2,257.0,295.0,475.0,557.0,2152.0,226.0,2347.0,459.0
31535,17:28.500,17:28.532,2,240.0,401.0,454.0,662.0,2096.0,310.0,2280.0,525.0
31550,17:29.000,17:29.032,2,244.0,397.0,458.0,656.0,2101.0,315.0,2283.0,526.0
31565,17:29.500,17:29.532,2,237.0,393.0,453.0,650.0,2097.0,309.0,2281.0,523.0
31580,17:30.000,17:30.023,2,2096.0,302.0,2281.0,515.0,234.0,387.0,453.0,642.0
31595,17:30.500,17:30.523,2,235.0,393.0,451.0,650.0,2101.0,303.0,2288.0,508.0
31610,17:31.000,17:31.023,2,2068.0,485.0,2251.0,685.0,240.0,559.0,448.0,805.0
31625,17:31.500,17:31.523,1,540.0,753.0,718.0,982.0,,,,
31640,17:32.000,17:32.025,2,309.0,874.0,513.0,1119.0,2113.0,770.0,2296.0,979.0
31655,17:32.500,17:32.525,2,69.0,817.0,298.0,1082.0,1925.0,811.0,2089.0,1006.0
31670,17:33.000,17:33.025,2,1778.0,762.0,1926.0,947.0,-84.0,773.0,128.0,1045.0
31685,17:33.500,17:33.525,2,-62.0,739.0,166.0,1014.0,1802.0,729.0,1954.0,917.0
31700,17:34.000,17:34.025,2,115.0,722.0,339.0,979.0,1941.0,696.0,2107.0,897.0
31715,17:34.500,17:34.525,2,204.0,700.0,414.0,947.0,2010.0,644.0,2182.0,852.0
31730,17:35.000,17:35.025,2,225.0,672.0,433.0,916.0,2031.0,614.0,2205.0,825.0
31745,17:35.500,17:35.525,2,236.0,651.0,447.0,900.0,2044.0,598.0,2219.0,802.0
31760,17:36.000,17:36.027,2,240.0,631.0,451.0,875.0,2055.0,571.0,2231.0,775.0
31775,17:36.500,17:36.527,2,262.0,559.0,468.0,802.0,2086.0,499.0,2270.0,706.0
31790,17:37.000,17:37.027,2,292.0,511.0,500.0,759.0,2123.0,464.0,2311.0,682.0
31805,17:37.500,17:37.527,2,279.0,496.0,486.0,741.0,2118.0,454.0,2307.0,670.0
31820,17:38.000,17:38.027,2,436.0,537.0,622.0,774.0,2274.0,541.0,2434.0,751.0
31835,17:38.500,17:38.527,2,357.0,563.0,555.0,804.0,2180.0,538.0,2373.0,758.0
31850,17:39.000,17:39.027,2,343.0,556.0,539.0,795.0,2164.0,521.0,2353.0,741.0
31865,17:39.500,17:39.527,2,279.0,596.0,483.0,840.0,2101.0,577.0,2282.0,781.0
31880,17:40.000,17:40.028,2,224.0,664.0,435.0,915.0,2034.0,663.0,2206.0,864.0
31895,17:40.500,17:40.528,2,238.0,635.0,450.0,888.0,2052.0,633.0,2228.0,834.0
31910,17:41.000,17:41.028,2,241.0,633.0,452.0,880.0,2054.0,619.0,2230.0,824.0
31925,17:41.500,17:41.528,2,258.0,623.0,465.0,873.0,2065.0,608.0,2244.0,813.0
31940,17:42.000,17:42.028,2,256.0,613.0,461.0,859.0,2064.0,590.0,2245.0,792.0
31955,17:42.500,17:42.528,2,252.0,600.0,459.0,852.0,2060.0,585.0,2237.0,786.0
31970,17:43.000,17:43.028,2,258.0,590.0,463.0,838.0,2070.0,574.0,2248.0,774.0
31985,17:43.500,17:43.528,2,257.0,591.0,463.0,838.0,2072.0,567.0,2249.0,771.0
32000,17:44.000,17:44.030,2,259.0,588.0,467.0,833.0,2076.0,558.0,2256.0,765.0
32015,17:44.500,17:44.530,2,257.0,586.0,465.0,831.0,2081.0,553.0,2263.0,764.0
32030,17:45.000,17:45.030,2,262.0,582.0,470.0,827.0,2079.0,553.0,2260.0,760.0
32045,17:45.500,17:45.530,2,264.0,578.0,472.0,824.0,2084.0,548.0,2262.0,748.0
32060,17:46.000,17:46.030,2,259.0,579.0,467.0,827.0,2077.0,549.0,2258.0,751.0
32075,17:46.500,17:46.530,2,260.0,585.0,468.0,830.0,2077.0,550.0,2257.0,753.0
32090,17:47.000,17:47.030,2,258.0,587.0,466.0,833.0,2075.0,552.0,2255.0,755.0
32105,17:47.500,17:47.530,2,257.0,588.0,464.0,835.0,2072.0,556.0,2253.0,758.0
32120,17:48.000,17:48.032,2,257.0,589.0,463.0,835.0,2071.0,554.0,2251.0,757.0
32135,17:48.500,17:48.532,2,259.0,585.0,466.0,829.0,2076.0,552.0,2257.0,754.0
32150,17:49.000,17:49.032,2,259.0,582.0,466.0,826.0,2076.0,547.0,2257.0,750.0
32165,17:49.500,17:49.523,2,257.0,584.0,464.0,830.0,2074.0,546.0,2254.0,752.0
32180,17:50.000,17:50.023,2,258.0,590.0,463.0,835.0,2072.0,554.0,2253.0,758.0
32195,17:50.500,17:50.523,2,262.0,594.0,465.0,837.0,2074.0,559.0,2254.0,761.0
32210,17:51.000,17:51.023,2,262.0,592.0,466.0,835.0,2070.0,549.0,2252.0,756.0
32225,17:51.500,17:51.523,2,270.0,588.0,466.0,825.0,2071.0,553.0,2252.0,757.0
32240,17:52.000,17:52.025,2,2069.0,545.0,2246.0,748.0,290.0,582.0,468.0,815.0
32255,17:52.500,17:52.525,2,290.0,594.0,472.0,842.0,2061.0,548.0,2230.0,745.0
32270,17:53.000,17:53.025,2,306.0,594.0,503.0,845.0,2067.0,549.0,2239.0,743.0
32285,17:53.500,17:53.525,2,307.0,593.0,500.0,843.0,2069.0,546.0,2241.0,743.0
32300,17:54.000,17:54.025,2,298.0,580.0,490.0,829.0,2059.0,532.0,2229.0,731.0
32315,17:54.500,17:54.525,2,293.0,574.0,483.0,824.0,2059.0,531.0,2230.0,728.0
32330,17:55.000,17:55.025,2,283.0,580.0,477.0,828.0,2051.0,544.0,2223.0,743.0
32345,17:55.500,17:55.525,2,320.0,592.0,506.0,838.0,2082.0,573.0,2258.0,776.0
32360,17:56.000,17:56.027,2,217.0,600.0,417.0,858.0,1997.0,572.0,2169.0,773.0
32375,17:56.500,17:56.527,2,264.0,619.0,450.0,865.0,2021.0,579.0,2195.0,784.0
32390,17:57.000,17:57.027,2,262.0,632.0,454.0,879.0,2026.0,588.0,2201.0,796.0
32405,17:57.500,17:57.527,2,288.0,735.0,490.0,989.0,2066.0,698.0,2243.0,904.0
32420,17:58.000,17:58.027,2,243.0,732.0,460.0,989.0,2031.0,698.0,2203.0,911.0
32435,17:58.500,17:58.527,2,243.0,701.0,458.0,955.0,2029.0,670.0,2199.0,873.0
32450,17:59.000,17:59.027,2,244.0,703.0,455.0,951.0,2024.0,659.0,2196.0,862.0
32465,17:59.500,17:59.527,2,237.0,698.0,453.0,949.0,2025.0,652.0,2193.0,850.0
32480,18:00.000,18:00.028,2,242.0,677.0,454.0,933.0,2032.0,630.0,2200.0,834.0
32495,18:00.500,18:00.528,2,245.0,671.0,456.0,930.0,2034.0,618.0,2206.0,823.0
32511,18:01.000,18:01.028,2,242.0,666.0,452.0,923.0,2033.0,610.0,2205.0,813.0
32526,18:01.500,18:01.528,2,243.0,662.0,452.0,920.0,2034.0,606.0,2208.0,811.0
32541,18:02.000,18:02.028,2,165.0,669.0,381.0,929.0,1958.0,609.0,2127.0,809.0
32556,18:02.500,18:02.528,1,1478.0,676.0,1610.0,847.0,,,,
32571,18:03.000,18:03.028,1,1354.0,663.0,1481.0,824.0,,,,
32586,18:03.500,18:03.528,1,1618.0,595.0,1758.0,768.0,,,,
32601,18:04.000,18:04.030,2,203.0,601.0,426.0,862.0,2019.0,526.0,2195.0,729.0
32616,18:04.500,18:04.530,2,152.0,675.0,381.0,937.0,1968.0,569.0,2135.0,767.0
32631,18:05.000,18:05.030,2,182.0,714.0,406.0,978.0,1986.0,620.0,2154.0,820.0
32646,18:05.500,18:05.530,2,174.0,733.0,402.0,999.0,1976.0,633.0,2142.0,830.0
32661,18:06.000,18:06.030,2,170.0,758.0,398.0,1021.0,1970.0,647.0,2137.0,840.0
32677,18:06.500,18:06.530,2,181.0,777.0,404.0,1042.0,1976.0,653.0,2143.0,846.0
32692,18:07.000,18:07.030,2,185.0,869.0,408.0,1138.0,1977.0,720.0,2144.0,924.0
32707,18:07.500,18:07.530,2,198.0,860.0,423.0,1122.0,1988.0,708.0,2157.0,909.0
32722,18:08.000,18:08.032,2,206.0,849.0,429.0,1111.0,1996.0,702.0,2167.0,904.0
32737,18:08.500,18:08.532,2,194.0,924.0,419.0,1194.0,1991.0,806.0,2161.0,1008.0
32752,18:09.000,18:09.023,2,-57.0,935.0,180.0,1227.0,1777.0,791.0,1928.0,976.0
32767,18:09.500,18:09.523,1,1649.0,724.0,1791.0,897.0,,,,
32783,18:10.000,18:10.023,2,118.0,644.0,339.0,913.0,1930.0,652.0,2089.0,833.0
32798,18:10.500,18:10.523,2,417.0,602.0,607.0,854.0,2185.0,487.0,2374.0,700.0
32813,18:11.000,18:11.023,2,423.0,452.0,612.0,709.0,2246.0,240.0,2429.0,467.0
32828,18:11.500,18:11.523,1,480.0,329.0,659.0,576.0,,,,
32843,18:12.000,18:12.025,1,436.0,311.0,619.0,563.0,,,,
32858,18:12.500,18:12.525,2,421.0,318.0,606.0,573.0,2297.0,151.0,2458.0,381.0
32873,18:13.000,18:13.025,2,375.0,538.0,566.0,787.0,2190.0,423.0,2385.0,638.0
32889,18:13.500,18:13.525,2,269.0,680.0,477.0,934.0,2073.0,615.0,2255.0,825.0
32904,18:14.000,18:14.025,2,253.0,684.0,473.0,941.0,2084.0,657.0,2265.0,859.0
32919,18:14.500,18:14.525,2,322.0,638.0,532.0,891.0,2158.0,608.0,2351.0,826.0
32934,18:15.000,18:15.025,2,325.0,644.0,531.0,897.0,2152.0,622.0,2343.0,836.0
32949,18:15.500,18:15.525,2,2139.0,612.0,2328.0,829.0,319.0,628.0,525.0,876.0
32964,18:16.000,18:16.027,2,368.0,594.0,566.0,843.0,2185.0,592.0,2380.0,809.0
32979,18:16.500,18:16.527,2,399.0,573.0,594.0,820.0,2223.0,557.0,2415.0,777.0
32995,18:17.000,18:17.027,2,401.0,567.0,593.0,813.0,2218.0,543.0,2403.0,752.0
33010,18:17.500,18:17.527,2,2105.0,497.0,2293.0,712.0,294.0,516.0,499.0,769.0
33025,18:18.000,18:18.027,2,2126.0,378.0,2320.0,602.0,281.0,396.0,489.0,652.0
33040,18:18.500,18:18.527,2,2173.0,366.0,2373.0,585.0,313.0,374.0,517.0,632.0
33055,18:19.000,18:19.027,2,317.0,386.0,521.0,643.0,2171.0,378.0,2372.0,601.0
33070,18:19.500,18:19.528,2,2167.0,369.0,2370.0,593.0,312.0,373.0,515.0,632.0
33085,18:20.000,18:20.028,2,2158.0,372.0,2359.0,596.0,304.0,374.0,510.0,636.0
33100,18:20.500,18:20.528,2,2161.0,371.0,2359.0,594.0,302.0,377.0,508.0,638.0
33115,18:21.000,18:21.028,2,2153.0,363.0,2349.0,587.0,290.0,381.0,500.0,643.0
33130,18:21.500,18:21.528,2,2101.0,394.0,2291.0,601.0,254.0,437.0,464.0,700.0
33145,18:22.000,18:22.028,2,269.0,438.0,477.0,700.0,2121.0,393.0,2312.0,609.0
33160,18:22.500,18:22.528,1,533.0,339.0,721.0,589.0,,,,
33175,18:23.000,18:23.028,1,512.0,379.0,698.0,627.0,,,,
33190,18:23.500,18:23.530,1,508.0,404.0,693.0,646.0,,,,
33205,18:24.000,18:24.030,1,542.0,300.0,726.0,551.0,,,,
33220,18:24.500,18:24.530,1,461.0,198.0,656.0,462.0,,,,
33235,18:25.000,18:25.030,1,452.0,207.0,646.0,471.0,,,,
33250,18:25.500,18:25.530,2,399.0,273.0,594.0,533.0,2266.0,259.0,2447.0,483.0
33265,18:26.000,18:26.030,2,384.0,335.0,584.0,589.0,2235.0,300.0,2423.0,513.0
33280,18:26.500,18:26.530,2,349.0,447.0,548.0,709.0,2175.0,433.0,2375.0,644.0
33295,18:27.000,18:27.030,2,362.0,513.0,560.0,766.0,2161.0,490.0,2352.0,701.0
33310,18:27.500,18:27.532,2,360.0,516.0,559.0,771.0,2160.0,497.0,2349.0,706.0
33325,18:28.000,18:28.032,2,371.0,507.0,568.0,755.0,2163.0,481.0,2353.0,688.0
33340,18:28.500,18:28.523,2,365.0,473.0,561.0,729.0,2185.0,438.0,2383.0,655.0
33355,18:29.000,18:29.023,2,352.0,453.0,555.0,711.0,2190.0,426.0,2394.0,646.0
33370,18:29.500,18:29.523,2,383.0,432.0,580.0,693.0,2187.0,400.0,2388.0,623.0
33385,18:30.000,18:30.023,2,343.0,414.0,543.0,665.0,2179.0,379.0,2380.0,598.0
33400,18:30.500,18:30.523,2,298.0,396.0,508.0,645.0,2172.0,364.0,2372.0,581.0
33415,18:31.000,18:31.023,2,301.0,401.0,504.0,649.0,2163.0,356.0,2362.0,573.0
33430,18:31.500,18:31.525,2,310.0,417.0,509.0,666.0,2157.0,360.0,2352.0,578.0
33445,18:32.000,18:32.025,2,277.0,487.0,484.0,734.0,2127.0,433.0,2318.0,647.0
33460,18:32.500,18:32.525,2,278.0,474.0,485.0,721.0,2127.0,431.0,2318.0,646.0
33475,18:33.000,18:33.025,2,289.0,488.0,500.0,738.0,2116.0,459.0,2300.0,669.0
33490,18:33.500,18:33.525,2,127.0,621.0,360.0,875.0,1956.0,552.0,2124.0,747.0
33505,18:34.000,18:34.025,2,59.0,703.0,302.0,974.0,1902.0,617.0,2065.0,814.0
33520,18:34.500,18:34.525,2,253.0,639.0,465.0,895.0,2039.0,666.0,2209.0,862.0
33535,18:35.000,18:35.025,2,417.0,589.0,619.0,833.0,2232.0,627.0,2408.0,836.0
33550,18:35.500,18:35.527,2,379.0,547.0,582.0,799.0,2193.0,571.0,2380.0,779.0
33565,18:36.000,18:36.027,2,333.0,512.0,548.0,765.0,2169.0,512.0,2357.0,720.0
33580,18:36.500,18:36.527,2,225.0,432.0,457.0,692.0,2092.0,423.0,2271.0,628.0
33595,18:37.000,18:37.027,1,594.0,483.0,792.0,718.0,,,,
33610,18:37.500,18:37.527,2,363.0,429.0,584.0,680.0,2266.0,208.0,2449.0,440.0
33625,18:38.000,18:38.027,2,114.0,353.0,372.0,628.0,2036.0,235.0,2221.0,455.0
33640,18:38.500,18:38.527,2,347.0,348.0,580.0,606.0,2272.0,218.0,2450.0,441.0
33655,18:39.000,18:39.027,2,257.0,338.0,507.0,599.0,2181.0,189.0,2384.0,425.0
33670,18:39.500,18:39.528,2,2076.0,199.0,2267.0,429.0,155.0,360.0,419.0,634.0
33685,18:40.000,18:40.028,2,181.0,353.0,430.0,627.0,2074.0,190.0,2267.0,421.0
33700,18:40.500,18:40.528,2,224.0,357.0,467.0,622.0,2108.0,186.0,2309.0,426.0
33715,18:41.000,18:41.028,2,388.0,345.0,593.0,602.0,2213.0,195.0,2415.0,436.0
33730,18:41.500,18:41.528,2,401.0,377.0,608.0,640.0,2254.0,362.0,2438.0,587.0
33745,18:42.000,18:42.028,2,359.0,475.0,570.0,736.0,2172.0,585.0,2372.0,801.0
33760,18:42.500,18:42.528,2,121.0,329.0,376.0,619.0,2020.0,519.0,2203.0,731.0
33775,18:43.000,18:43.028,2,314.0,383.0,539.0,661.0,2173.0,559.0,2372.0,774.0
33790,18:43.500,18:43.530,2,178.0,394.0,420.0,677.0,2039.0,663.0,2220.0,859.0
33805,18:44.000,18:44.030,1,1784.0,579.0,1939.0,763.0,,,,
33820,18:44.500,18:44.530,0,,,,,,,,
33835,18:45.000,18:45.030,0,,,,,,,,
33850,18:45.500,18:45.530,0,,,,,,,,
33865,18:46.000,18:46.030,0,,,,,,,,
33880,18:46.500,18:46.530,1,1935.0,474.0,2109.0,663.0,,,,
33895,18:47.000,18:47.022,1,1519.0,530.0,1660.0,710.0,,,,
33910,18:47.500,18:47.523,1,1409.0,629.0,1541.0,798.0,,,,
33925,18:48.000,18:48.023,1,1145.0,723.0,1269.0,885.0,,,,
33940,18:48.500,18:48.523,1,998.0,930.0,1125.0,1095.0,,,,
33955,18:49.000,18:49.023,1,1194.0,1109.0,1324.0,1286.0,,,,
33970,18:49.500,18:49.523,1,1407.0,1216.0,1546.0,1402.0,,,,
33985,18:50.000,18:50.023,1,1486.0,1212.0,1627.0,1401.0,,,,
34000,18:50.500,18:50.523,1,1450.0,1143.0,1585.0,1319.0,,,,
34015,18:51.000,18:51.023,1,1376.0,1064.0,1509.0,1239.0,,,,
34030,18:51.500,18:51.525,1,1335.0,1073.0,1467.0,1243.0,,,,
34045,18:52.000,18:52.025,1,1317.0,1036.0,1447.0,1203.0,,,,
34060,18:52.500,18:52.525,1,1347.0,1041.0,1479.0,1212.0,,,,
34075,18:53.000,18:53.025,1,1415.0,1029.0,1549.0,1191.0,,,,
34090,18:53.500,18:53.525,1,1536.0,1016.0,1672.0,1189.0,,,,
34105,18:54.000,18:54.025,1,1558.0,986.0,1696.0,1163.0,,,,
34120,18:54.500,18:54.525,1,1672.0,967.0,1817.0,1148.0,,,,
34135,18:55.000,18:55.025,2,-90.0,327.0,168.0,624.0,1743.0,878.0,1894.0,1058.0
34150,18:55.500,18:55.527,2,94.0,259.0,344.0,544.0,1881.0,828.0,2042.0,1013.0
34165,18:56.000,18:56.027,2,1751.0,771.0,1899.0,946.0,-87.0,186.0,173.0,496.0
34180,18:56.500,18:56.527,1,1657.0,773.0,1797.0,946.0,,,,
34195,18:57.000,18:57.027,2,-35.0,122.0,181.0,397.0,1706.0,757.0,1851.0,924.0
34210,18:57.500,18:57.527,2,283.0,194.0,480.0,454.0,1930.0,787.0,2093.0,965.0
34225,18:58.000,18:58.027,2,337.0,249.0,511.0,503.0,1977.0,764.0,2146.0,942.0
34240,18:58.500,18:58.527,2,348.0,231.0,537.0,484.0,2009.0,650.0,2184.0,816.0
34255,18:59.000,18:59.027,0,,,,,,,,
34270,18:59.500,18:59.528,1,994.0,421.0,1140.0,640.0,,,,
34285,19:00.000,19:00.028,2,197.0,478.0,393.0,732.0,2002.0,406.0,2177.0,611.0
34300,19:00.500,19:00.528,1,1421.0,690.0,1548.0,858.0,,,,
34315,19:01.000,19:01.028,2,1911.0,1180.0,2075.0,1388.0,0.0,1309.0,230.0,1519.0
34330,19:01.500,19:01.528,2,2072.0,1227.0,2252.0,1450.0,170.0,1288.0,391.0,1516.0
34345,19:02.000,19:02.028,2,2063.0,1241.0,2244.0,1464.0,142.0,1327.0,364.0,1509.0
34360,19:02.500,19:02.528,2,2058.0,1194.0,2236.0,1421.0,135.0,1287.0,364.0,1511.0
34375,19:03.000,19:03.028,2,148.0,1219.0,379.0,1500.0,2042.0,1141.0,2215.0,1349.0
34390,19:03.500,19:03.530,2,210.0,1169.0,427.0,1443.0,2075.0,1083.0,2253.0,1305.0
34405,19:04.000,19:04.030,2,221.0,1163.0,439.0,1436.0,2065.0,1070.0,2245.0,1288.0
34420,19:04.500,19:04.530,2,204.0,1105.0,425.0,1380.0,2048.0,1022.0,2223.0,1230.0
34435,19:05.000,19:05.030,2,256.0,1040.0,477.0,1299.0,2108.0,994.0,2291.0,1209.0
34450,19:05.500,19:05.530,2,315.0,965.0,528.0,1220.0,2144.0,952.0,2332.0,1166.0
34465,19:06.000,19:06.030,2,315.0,964.0,526.0,1217.0,2139.0,957.0,2325.0,1169.0
34480,19:06.500,19:06.522,2,388.0,949.0,591.0,1197.0,2202.0,945.0,2392.0,1160.0
34495,19:07.000,19:07.022,2,419.0,1006.0,618.0,1256.0,2244.0,1010.0,2424.0,1223.0
34510,19:07.500,19:07.523,2,433.0,944.0,631.0,1187.0,2240.0,956.0,2420.0,1168.0
34525,19:08.000,19:08.023,2,395.0,890.0,594.0,1129.0,2159.0,888.0,2340.0,1086.0
34540,19:08.500,19:08.523,1,1457.0,740.0,1584.0,896.0,,,,
34555,19:09.000,19:09.023,1,1487.0,792.0,1612.0,957.0,,,,
34570,19:09.500,19:09.523,1,1378.0,885.0,1505.0,1056.0,,,,
34585,19:10.000,19:10.023,1,1149.0,670.0,1276.0,835.0,,,,
34600,19:10.500,19:10.523,1,1229.0,448.0,1362.0,628.0,,,,
34615,19:11.000,19:11.023,0,,,,,,,,
34630,19:11.500,19:11.525,0,,,,,,,,
34645,19:12.000,19:12.025,0,,,,,,,,
34660,19:12.500,19:12.525,0,,,,,,,,
34675,19:13.000,19:13.025,0,,,,,,,,
34690,19:13.500,19:13.525,0,,,,,,,,
34705,19:14.000,19:14.025,0,,,,,,,,
34720,19:14.500,19:14.525,0,,,,,,,,
34735,19:15.000,19:15.025,0,,,,,,,,
34750,19:15.500,19:15.527,0,,,,,,,,
34765,19:16.000,19:16.027,0,,,,,,,,
34780,19:16.500,19:16.527,0,,,,,,,,
34795,19:17.000,19:17.027,0,,,,,,,,
34810,19:17.500,19:17.527,0,,,,,,,,
34825,19:18.000,19:18.027,0,,,,,,,,
34840,19:18.500,19:18.527,0,,,,,,,,
34855,19:19.000,19:19.027,0,,,,,,,,
34870,19:19.500,19:19.528,0,,,,,,,,
34885,19:20.000,19:20.020,1,1737.0,86.0,1908.0,301.0,,,,
34901,19:20.500,19:20.528,2,415.0,1054.0,621.0,1298.0,2060.0,407.0,2245.0,611.0
34916,19:21.000,19:21.028,2,2174.0,570.0,2377.0,774.0,568.0,1329.0,770.0,1520.0
34931,19:21.500,19:21.528,2,2102.0,566.0,2290.0,762.0,540.0,1332.0,745.0,1514.0
34946,19:22.000,19:22.028,2,466.0,1238.0,666.0,1500.0,2030.0,516.0,2212.0,712.0
34961,19:22.500,19:22.528,2,1978.0,491.0,2154.0,687.0,414.0,1206.0,612.0,1473.0
34976,19:23.000,19:23.028,2,385.0,1184.0,589.0,1454.0,1959.0,482.0,2139.0,674.0
34991,19:23.500,19:23.530,2,387.0,1165.0,588.0,1429.0,1955.0,460.0,2132.0,653.0
35006,19:24.000,19:24.030,2,384.0,1151.0,584.0,1416.0,1951.0,453.0,2125.0,640.0
35021,19:24.500,19:24.530,2,365.0,1132.0,562.0,1397.0,1929.0,429.0,2104.0,622.0
35036,19:25.000,19:25.030,2,351.0,1126.0,551.0,1388.0,1914.0,423.0,2084.0,617.0
35051,19:25.500,19:25.530,2,336.0,1117.0,537.0,1374.0,1900.0,402.0,2074.0,597.0
35066,19:26.000,19:26.030,2,333.0,1122.0,533.0,1381.0,1900.0,409.0,2076.0,604.0
35081,19:26.500,19:26.522,2,322.0,1119.0,527.0,1384.0,1897.0,409.0,2070.0,606.0
35096,19:27.000,19:27.022,2,323.0,1118.0,526.0,1384.0,1917.0,395.0,2084.0,589.0
35111,19:27.500,19:27.523,2,316.0,1119.0,521.0,1384.0,1916.0,394.0,2083.0,587.0
35126,19:28.000,19:28.023,2,317.0,1117.0,521.0,1382.0,1898.0,395.0,2068.0,594.0
35141,19:28.500,19:28.523,2,308.0,1113.0,512.0,1378.0,1886.0,397.0,2058.0,594.0
35156,19:29.000,19:29.023,2,302.0,1112.0,506.0,1376.0,1876.0,392.0,2045.0,590.0
35171,19:29.500,19:29.523,2,295.0,1117.0,500.0,1380.0,1868.0,393.0,2036.0,591.0
35186,19:30.000,19:30.023,2,293.0,1119.0,498.0,1383.0,1866.0,399.0,2036.0,595.0
35201,19:30.500,19:30.523,2,278.0,1154.0,488.0,1438.0,1871.0,484.0,2037.0,676.0
35216,19:31.000,19:31.023,2,376.0,1172.0,573.0,1443.0,1960.0,509.0,2136.0,708.0
35231,19:31.500,19:31.525,1,1172.0,692.0,1299.0,858.0,,,,
35246,19:32.000,19:32.025,1,470.0,673.0,621.0,856.0,,,,
35261,19:32.500,19:32.525,1,464.0,642.0,616.0,822.0,,,,
35276,19:33.000,19:33.025,1,457.0,600.0,610.0,781.0,,,,
35291,19:33.500,19:33.525,1,487.0,597.0,636.0,776.0,,,,
35306,19:34.000,19:34.025,1,501.0,599.0,650.0,775.0,,,,
35321,19:34.500,19:34.525,1,531.0,604.0,677.0,782.0,,,,
35336,19:35.000,19:35.025,1,552.0,630.0,699.0,808.0,,,,
35351,19:35.500,19:35.527,1,974.0,591.0,1102.0,758.0,,,,
35366,19:36.000,19:36.027,1,787.0,590.0,918.0,759.0,,,,
35381,19:36.500,19:36.527,1,421.0,654.0,574.0,835.0,,,,
35396,19:37.000,19:37.027,1,393.0,607.0,552.0,791.0,,,,
35411,19:37.500,19:37.527,1,427.0,596.0,582.0,774.0,,,,
35426,19:38.000,19:38.027,1,460.0,571.0,611.0,755.0,,,,
35441,19:38.500,19:38.527,1,484.0,568.0,634.0,746.0,,,,
35456,19:39.000,19:39.028,1,493.0,572.0,642.0,750.0,,,,
35471,19:39.500,19:39.528,1,505.0,580.0,652.0,756.0,,,,
35486,19:40.000,19:40.028,1,518.0,577.0,666.0,756.0,,,,
35501,19:40.500,19:40.528,1,529.0,577.0,675.0,755.0,,,,
35516,19:41.000,19:41.028,1,538.0,590.0,683.0,766.0,,,,
35531,19:41.500,19:41.528,1,537.0,582.0,683.0,759.0,,,,
35546,19:42.000,19:42.028,1,547.0,570.0,693.0,747.0,,,,
35561,19:42.500,19:42.528,1,624.0,516.0,763.0,689.0,,,,
35576,19:43.000,19:43.028,0,,,,,,,,
35591,19:43.500,19:43.530,1,609.0,341.0,801.0,560.0,,,,
35606,19:44.000,19:44.030,1,762.0,341.0,945.0,553.0,,,,
35621,19:44.500,19:44.530,1,701.0,377.0,882.0,597.0,,,,
35636,19:45.000,19:45.030,1,681.0,391.0,864.0,613.0,,,,
35651,19:45.500,19:45.530,1,698.0,373.0,899.0,632.0,,,,
35666,19:46.000,19:46.030,1,763.0,304.0,959.0,587.0,,,,
35681,19:46.500,19:46.530,1,792.0,298.0,992.0,581.0,,,,
35696,19:47.000,19:47.022,0,,,,,,,,
35711,19:47.500,19:47.523,0,,,,,,,,
35726,19:48.000,19:48.023,0,,,,,,,,
35741,19:48.500,19:48.523,0,,,,,,,,
35756,19:49.000,19:49.023,0,,,,,,,,
35771,19:49.500,19:49.523,0,,,,,,,,
35786,19:50.000,19:50.023,0,,,,,,,,
35801,19:50.500,19:50.523,0,,,,,,,,
35816,19:51.000,19:51.023,0,,,,,,,,
35831,19:51.500,19:51.525,0,,,,,,,,
35846,19:52.000,19:52.025,0,,,,,,,,
35861,19:52.500,19:52.525,0,,,,,,,,
35876,19:53.000,19:53.025,0,,,,,,,,
35891,19:53.500,19:53.525,0,,,,,,,,
35906,19:54.000,19:54.025,0,,,,,,,,
35921,19:54.500,19:54.525,0,,,,,,,,
35936,19:55.000,19:55.027,0,,,,,,,,
35951,19:55.500,19:55.527,0,,,,,,,,
35966,19:56.000,19:56.027,0,,,,,,,,
35981,19:56.500,19:56.527,0,,,,,,,,
35996,19:57.000,19:57.027,0,,,,,,,,
36011,19:57.500,19:57.527,0,,,,,,,,
36026,19:58.000,19:58.027,0,,,,,,,,
36041,19:58.500,19:58.527,0,,,,,,,,
36056,19:59.000,19:59.028,0,,,,,,,,
36071,19:59.500,19:59.528,0,,,,,,,,
36086,20:00.000,20:00.028,0,,,,,,,,
36101,20:00.500,20:00.528,0,,,,,,,,
36116,20:01.000,20:01.028,0,,,,,,,,
36131,20:01.500,20:01.528,0,,,,,,,,
36146,20:02.000,20:02.028,0,,,,,,,,
36161,20:02.500,20:02.528,1,433.0,58.0,635.0,302.0,,,,
36176,20:03.000,20:03.030,1,437.0,56.0,643.0,300.0,,,,
36191,20:03.500,20:03.530,1,418.0,60.0,628.0,317.0,,,,
36206,20:04.000,20:04.030,1,420.0,58.0,631.0,314.0,,,,
36221,20:04.500,20:04.530,1,428.0,61.0,637.0,321.0,,,,
36236,20:05.000,20:05.030,2,402.0,147.0,621.0,421.0,2234.0,137.0,2413.0,361.0
36251,20:05.500,20:05.530,2,107.0,489.0,347.0,754.0,1890.0,638.0,2046.0,823.0
36266,20:06.000,20:06.030,2,195.0,621.0,426.0,882.0,1982.0,744.0,2150.0,941.0
36281,20:06.500,20:06.530,2,169.0,574.0,434.0,837.0,2017.0,689.0,2189.0,887.0
36296,20:07.000,20:07.023,2,78.0,484.0,379.0,758.0,2034.0,576.0,2209.0,775.0
36311,20:07.500,20:07.523,2,2051.0,530.0,2228.0,729.0,84.0,461.0,394.0,732.0
36326,20:08.000,20:08.023,2,2067.0,480.0,2249.0,683.0,146.0,445.0,420.0,690.0
36341,20:08.500,20:08.523,2,2085.0,493.0,2267.0,702.0,186.0,486.0,454.0,736.0
36356,20:09.000,20:09.023,2,209.0,594.0,462.0,833.0,2065.0,612.0,2242.0,805.0
36371,20:09.500,20:09.523,2,210.0,664.0,462.0,895.0,2052.0,664.0,2227.0,863.0
36386,20:10.000,20:10.023,1,261.0,157.0,534.0,401.0,,,,
36401,20:10.500,20:10.523,0,,,,,,,,
36416,20:11.000,20:11.025,0,,,,,,,,
36431,20:11.500,20:11.525,0,,,,,,,,
36446,20:12.000,20:12.025,0,,,,,,,,
36461,20:12.500,20:12.525,0,,,,,,,,
36476,20:13.000,20:13.025,0,,,,,,,,
36491,20:13.500,20:13.525,0,,,,,,,,
36506,20:14.000,20:14.025,0,,,,,,,,
36521,20:14.500,20:14.525,0,,,,,,,,
36536,20:15.000,20:15.027,0,,,,,,,,
36551,20:15.500,20:15.527,0,,,,,,,,
36566,20:16.000,20:16.027,0,,,,,,,,
36581,20:16.500,20:16.527,0,,,,,,,,
36596,20:17.000,20:17.027,0,,,,,,,,
36611,20:17.500,20:17.527,0,,,,,,,,
36626,20:18.000,20:18.027,0,,,,,,,,
36641,20:18.500,20:18.527,0,,,,,,,,
36656,20:19.000,20:19.028,0,,,,,,,,
36671,20:19.500,20:19.528,0,,,,,,,,
36686,20:20.000,20:20.028,0,,,,,,,,
36701,20:20.500,20:20.528,0,,,,,,,,
36716,20:21.000,20:21.028,0,,,,,,,,
36731,20:21.500,20:21.528,0,,,,,,,,
36746,20:22.000,20:22.028,0,,,,,,,,
36761,20:22.500,20:22.528,0,,,,,,,,
36776,20:23.000,20:23.030,0,,,,,,,,
36791,20:23.500,20:23.530,0,,,,,,,,
36806,20:24.000,20:24.030,0,,,,,,,,
36821,20:24.500,20:24.530,0,,,,,,,,
36836,20:25.000,20:25.030,0,,,,,,,,
36851,20:25.500,20:25.530,0,,,,,,,,
36866,20:26.000,20:26.030,0,,,,,,,,
36881,20:26.500,20:26.530,2,305.0,189.0,541.0,474.0,2214.0,188.0,2419.0,442.0
36896,20:27.000,20:27.023,2,2102.0,413.0,2298.0,642.0,367.0,407.0,557.0,668.0
36911,20:27.500,20:27.523,2,2167.0,521.0,2370.0,747.0,469.0,521.0,651.0,771.0
36926,20:28.000,20:28.023,2,2100.0,622.0,2290.0,837.0,429.0,609.0,615.0,861.0
36941,20:28.500,20:28.523,1,1515.0,638.0,1650.0,806.0,,,,
36956,20:29.000,20:29.023,1,1586.0,636.0,1723.0,805.0,,,,
36971,20:29.500,20:29.523,1,437.0,230.0,630.0,464.0,,,,
36986,20:30.000,20:30.023,1,495.0,60.0,693.0,316.0,,,,
37001,20:30.500,20:30.523,0,,,,,,,,
37016,20:31.000,20:31.025,0,,,,,,,,
37031,20:31.500,20:31.525,0,,,,,,,,
37046,20:32.000,20:32.025,0,,,,,,,,
37061,20:32.500,20:32.525,2,2000.0,228.0,2186.0,455.0,45.0,163.0,329.0,451.0
37076,20:33.000,20:33.025,1,1644.0,505.0,1789.0,691.0,,,,
37091,20:33.500,20:33.525,1,1624.0,535.0,1764.0,710.0,,,,
37106,20:34.000,20:34.025,2,6.0,531.0,213.0,809.0,1770.0,593.0,1923.0,778.0
37121,20:34.500,20:34.525,2,252.0,788.0,443.0,1042.0,1927.0,715.0,2085.0,902.0
37136,20:35.000,20:35.027,2,270.0,950.0,458.0,1221.0,1947.0,828.0,2106.0,1023.0
37151,20:35.500,20:35.527,2,324.0,959.0,502.0,1217.0,2037.0,916.0,2206.0,1113.0
37166,20:36.000,20:36.027,2,337.0,928.0,523.0,1167.0,2076.0,921.0,2250.0,1126.0
37181,20:36.500,20:36.527,2,345.0,854.0,525.0,1092.0,2075.0,850.0,2251.0,1056.0
37196,20:37.000,20:37.027,2,322.0,812.0,506.0,1055.0,2055.0,828.0,2225.0,1027.0
37211,20:37.500,20:37.527,2,412.0,553.0,586.0,789.0,2157.0,584.0,2341.0,787.0
37226,20:38.000,20:38.027,2,486.0,396.0,658.0,630.0,2291.0,431.0,2450.0,643.0
37241,20:38.500,20:38.527,1,522.0,356.0,689.0,593.0,,,,
37256,20:39.000,20:39.028,1,484.0,340.0,665.0,581.0,,,,
37271,20:39.500,20:39.528,1,383.0,331.0,608.0,566.0,,,,
37286,20:40.000,20:40.028,2,310.0,356.0,571.0,601.0,2289.0,384.0,2455.0,598.0
37301,20:40.500,20:40.528,2,303.0,363.0,560.0,610.0,2269.0,381.0,2438.0,592.0
37316,20:41.000,20:41.028,2,306.0,402.0,557.0,648.0,2242.0,426.0,2412.0,627.0
37331,20:41.500,20:41.528,2,298.0,432.0,551.0,672.0,2220.0,436.0,2397.0,634.0
37346,20:42.000,20:42.028,2,296.0,428.0,551.0,673.0,2208.0,429.0,2391.0,626.0
37361,20:42.500,20:42.528,2,288.0,423.0,546.0,671.0,2208.0,427.0,2391.0,627.0
37376,20:43.000,20:43.030,2,285.0,405.0,548.0,659.0,2235.0,400.0,2422.0,605.0
37391,20:43.500,20:43.530,1,353.0,381.0,603.0,631.0,,,,
37406,20:44.000,20:44.030,1,448.0,363.0,693.0,611.0,,,,
37421,20:44.500,20:44.530,1,590.0,371.0,792.0,616.0,,,,
37436,20:45.000,20:45.030,1,589.0,341.0,773.0,588.0,,,,
37451,20:45.500,20:45.530,1,584.0,322.0,748.0,556.0,,,,
37466,20:46.000,20:46.030,1,545.0,336.0,704.0,564.0,,,,
37481,20:46.500,20:46.530,2,2106.0,508.0,2285.0,704.0,368.0,423.0,538.0,662.0
37496,20:47.000,20:47.023,2,438.0,417.0,601.0,652.0,2181.0,467.0,2371.0,668.0
37511,20:47.500,20:47.523,2,527.0,409.0,685.0,638.0,2293.0,432.0,2443.0,635.0
37526,20:48.000,20:48.023,2,522.0,374.0,676.0,608.0,2282.0,379.0,2438.0,592.0
37541,20:48.500,20:48.523,2,481.0,375.0,643.0,614.0,2248.0,376.0,2418.0,582.0
37556,20:49.000,20:49.023,2,473.0,371.0,640.0,617.0,2245.0,382.0,2424.0,598.0
37571,20:49.500,20:49.523,2,460.0,365.0,623.0,611.0,2231.0,377.0,2409.0,591.0
37586,20:50.000,20:50.023,2,453.0,279.0,625.0,529.0,2264.0,297.0,2434.0,515.0
37601,20:50.500,20:50.523,1,483.0,173.0,655.0,425.0,,,,
37616,20:51.000,20:51.025,0,,,,,,,,
37631,20:51.500,20:51.525,0,,,,,,,,
37646,20:52.000,20:52.025,0,,,,,,,,
37661,20:52.500,20:52.525,0,,,,,,,,
37676,20:53.000,20:53.025,1,483.0,103.0,668.0,364.0,,,,
37691,20:53.500,20:53.525,0,,,,,,,,
37706,20:54.000,20:54.025,1,2194.0,83.0,2400.0,323.0,,,,
37721,20:54.500,20:54.525,1,440.0,223.0,629.0,480.0,,,,
37736,20:55.000,20:55.027,2,380.0,280.0,591.0,540.0,2270.0,310.0,2446.0,529.0
37751,20:55.500,20:55.527,2,227.0,352.0,463.0,620.0,2101.0,434.0,2285.0,646.0
37766,20:56.000,20:56.027,1,1632.0,490.0,1777.0,666.0,,,,
37781,20:56.500,20:56.527,1,1667.0,537.0,1810.0,710.0,,,,
37796,20:57.000,20:57.027,2,-1.0,497.0,266.0,774.0,1886.0,520.0,2048.0,716.0
37811,20:57.500,20:57.527,1,1741.0,593.0,1890.0,769.0,,,,
37826,20:58.000,20:58.027,2,23.0,509.0,280.0,789.0,1848.0,561.0,2001.0,741.0
37842,20:58.500,20:58.527,2,53.0,452.0,317.0,743.0,1915.0,499.0,2077.0,689.0
37857,20:59.000,20:59.028,2,24.0,457.0,297.0,744.0,1919.0,492.0,2082.0,683.0
37872,20:59.500,20:59.528,2,121.0,432.0,382.0,710.0,2010.0,459.0,2183.0,659.0
37887,21:00.000,21:00.028,2,121.0,438.0,382.0,718.0,2005.0,454.0,2177.0,653.0
37902,21:00.500,21:00.528,2,143.0,455.0,400.0,728.0,2018.0,458.0,2193.0,660.0
37917,21:01.000,21:01.028,2,2042.0,432.0,2218.0,638.0,158.0,427.0,410.0,701.0
37932,21:01.500,21:01.528,2,203.0,520.0,445.0,789.0,2045.0,502.0,2221.0,704.0
37947,21:02.000,21:02.028,2,228.0,440.0,469.0,708.0,2094.0,438.0,2276.0,644.0
37962,21:02.500,21:02.528,2,213.0,429.0,460.0,700.0,2085.0,428.0,2265.0,633.0
37977,21:03.000,21:03.030,2,217.0,424.0,460.0,693.0,2078.0,423.0,2257.0,619.0
37992,21:03.500,21:03.530,2,91.0,485.0,341.0,753.0,1928.0,500.0,2087.0,685.0
38007,21:04.000,21:04.030,2,207.0,506.0,408.0,760.0,1948.0,516.0,2108.0,704.0
38022,21:04.500,21:04.530,2,238.0,525.0,436.0,775.0,1975.0,520.0,2142.0,705.0
38037,21:05.000,21:05.030,2,245.0,531.0,444.0,782.0,1964.0,535.0,2134.0,735.0
38052,21:05.500,21:05.530,2,259.0,522.0,460.0,772.0,1988.0,525.0,2161.0,722.0
38067,21:06.000,21:06.030,2,246.0,510.0,447.0,762.0,1998.0,525.0,2168.0,715.0
38082,21:06.500,21:06.522,2,245.0,483.0,445.0,736.0,2000.0,522.0,2173.0,719.0
38097,21:07.000,21:07.023,2,251.0,462.0,458.0,718.0,2019.0,505.0,2193.0,702.0
38112,21:07.500,21:07.523,1,473.0,206.0,691.0,463.0,,,,
38127,21:08.000,21:08.023,1,522.0,114.0,741.0,380.0,,,,
38142,21:08.500,21:08.523,2,396.0,258.0,609.0,510.0,2252.0,404.0,2435.0,620.0
38157,21:09.000,21:09.023,2,286.0,259.0,507.0,514.0,2140.0,347.0,2332.0,561.0
38172,21:09.500,21:09.523,2,235.0,298.0,460.0,547.0,2098.0,378.0,2284.0,585.0
38187,21:10.000,21:10.023,2,366.0,729.0,568.0,962.0,2176.0,717.0,2368.0,933.0
38202,21:10.500,21:10.525,2,432.0,770.0,625.0,1003.0,2237.0,757.0,2420.0,969.0
38217,21:11.000,21:11.025,2,419.0,742.0,614.0,972.0,2233.0,750.0,2418.0,958.0
38232,21:11.500,21:11.525,2,344.0,746.0,545.0,980.0,2159.0,749.0,2350.0,961.0
38247,21:12.000,21:12.025,2,328.0,641.0,535.0,878.0,2158.0,654.0,2345.0,865.0
38262,21:12.500,21:12.525,2,337.0,633.0,540.0,873.0,2158.0,655.0,2345.0,863.0
38277,21:13.000,21:13.025,2,338.0,616.0,541.0,850.0,2151.0,638.0,2338.0,848.0
38292,21:13.500,21:13.525,2,275.0,585.0,486.0,814.0,2111.0,627.0,2293.0,829.0
38307,21:14.000,21:14.025,2,268.0,584.0,480.0,809.0,2112.0,626.0,2295.0,825.0
38322,21:14.500,21:14.527,2,274.0,583.0,484.0,805.0,2110.0,617.0,2291.0,813.0
38337,21:15.000,21:15.027,2,265.0,579.0,481.0,814.0,2109.0,613.0,2293.0,809.0
38352,21:15.500,21:15.527,2,253.0,571.0,472.0,818.0,2108.0,602.0,2295.0,803.0
38367,21:16.000,21:16.027,2,277.0,565.0,485.0,809.0,2109.0,600.0,2292.0,799.0
38382,21:16.500,21:16.527,2,279.0,565.0,486.0,814.0,2107.0,607.0,2292.0,803.0
38397,21:17.000,21:17.027,2,285.0,561.0,492.0,814.0,2112.0,606.0,2295.0,799.0
38412,21:17.500,21:17.527,2,280.0,558.0,488.0,806.0,2112.0,599.0,2295.0,792.0
38427,21:18.000,21:18.027,2,282.0,552.0,488.0,801.0,2107.0,591.0,2289.0,788.0
38442,21:18.500,21:18.528,2,289.0,548.0,492.0,799.0,2108.0,584.0,2290.0,785.0
38457,21:19.000,21:19.028,2,288.0,552.0,492.0,799.0,2110.0,580.0,2294.0,782.0
38472,21:19.500,21:19.528,2,290.0,548.0,494.0,796.0,2111.0,577.0,2296.0,778.0
38487,21:20.000,21:20.028,2,289.0,541.0,493.0,793.0,2111.0,572.0,2295.0,773.0
38502,21:20.500,21:20.528,2,285.0,534.0,491.0,789.0,2110.0,567.0,2293.0,770.0
38517,21:21.000,21:21.028,2,288.0,532.0,494.0,786.0,2111.0,563.0,2294.0,768.0
38532,21:21.500,21:21.528,2,283.0,529.0,492.0,783.0,2111.0,557.0,2294.0,765.0
38547,21:22.000,21:22.028,2,290.0,529.0,495.0,783.0,2112.0,557.0,2296.0,766.0
38562,21:22.500,21:22.530,2,291.0,520.0,497.0,774.0,2115.0,547.0,2299.0,759.0
38577,21:23.000,21:23.030,2,278.0,536.0,485.0,793.0,2099.0,577.0,2281.0,779.0
38592,21:23.500,21:23.530,2,297.0,589.0,498.0,842.0,2108.0,628.0,2289.0,833.0
38607,21:24.000,21:24.030,2,329.0,597.0,528.0,847.0,2136.0,638.0,2325.0,848.0
38622,21:24.500,21:24.530,2,187.0,530.0,403.0,795.0,2013.0,577.0,2190.0,783.0
38637,21:25.000,21:25.022,2,0.0,509.0,232.0,787.0,1864.0,612.0,2023.0,801.0
38652,21:25.500,21:25.522,2,-49.0,504.0,174.0,785.0,1819.0,622.0,1976.0,809.0
38667,21:26.000,21:26.022,2,-35.0,500.0,182.0,779.0,1824.0,606.0,1982.0,800.0
38682,21:26.500,21:26.523,2,-12.0,494.0,212.0,774.0,1849.0,595.0,2006.0,782.0
38697,21:27.000,21:27.023,1,531.0,541.0,709.0,779.0,,,,
38712,21:27.500,21:27.523,2,2159.0,396.0,2356.0,620.0,299.0,484.0,507.0,739.0
38727,21:28.000,21:28.023,2,1880.0,500.0,2044.0,694.0,-77.0,440.0,181.0,738.0
38742,21:28.500,21:28.523,2,222.0,457.0,462.0,729.0,2116.0,427.0,2308.0,649.0
38758,21:29.000,21:29.023,2,181.0,390.0,431.0,667.0,2086.0,378.0,2271.0,590.0
38773,21:29.500,21:29.523,2,147.0,358.0,402.0,642.0,2042.0,366.0,2222.0,571.0
38788,21:30.000,21:30.023,2,174.0,338.0,422.0,623.0,2056.0,336.0,2234.0,545.0
38803,21:30.500,21:30.525,2,223.0,350.0,464.0,634.0,2090.0,316.0,2272.0,532.0
38818,21:31.000,21:31.025,2,300.0,342.0,507.0,612.0,2111.0,303.0,2302.0,533.0
38833,21:31.500,21:31.525,2,2055.0,329.0,2245.0,560.0,284.0,361.0,485.0,631.0
38848,21:32.000,21:32.025,2,2069.0,347.0,2264.0,582.0,183.0,397.0,427.0,688.0
38863,21:32.500,21:32.525,2,2020.0,399.0,2201.0,623.0,79.0,455.0,352.0,749.0
38878,21:33.000,21:33.025,2,88.0,431.0,354.0,723.0,1988.0,420.0,2167.0,643.0
38893,21:33.500,21:33.525,2,173.0,281.0,425.0,568.0,2124.0,307.0,2324.0,546.0
38908,21:34.000,21:34.025,0,,,,,,,,
38923,21:34.500,21:34.527,0,,,,,,,,
38938,21:35.000,21:35.027,0,,,,,,,,
38953,21:35.500,21:35.527,0,,,,,,,,
38968,21:36.000,21:36.027,0,,,,,,,,
38983,21:36.500,21:36.527,1,520.0,74.0,673.0,331.0,,,,
38998,21:37.000,21:37.027,1,425.0,66.0,614.0,342.0,,,,
39013,21:37.500,21:37.527,2,363.0,90.0,582.0,385.0,2288.0,160.0,2463.0,380.0
39028,21:38.000,21:38.027,2,365.0,201.0,577.0,482.0,2213.0,288.0,2406.0,513.0
39043,21:38.500,21:38.528,2,331.0,334.0,541.0,607.0,2138.0,419.0,2326.0,635.0
39058,21:39.000,21:39.028,2,210.0,381.0,437.0,660.0,2020.0,456.0,2192.0,658.0
39073,21:39.500,21:39.528,2,131.0,392.0,375.0,671.0,1965.0,454.0,2133.0,654.0
39088,21:40.000,21:40.028,2,112.0,385.0,364.0,661.0,1951.0,441.0,2113.0,643.0
39103,21:40.500,21:40.528,2,213.0,371.0,414.0,638.0,1983.0,421.0,2155.0,620.0
39118,21:41.000,21:41.028,2,2017.0,421.0,2196.0,629.0,276.0,386.0,461.0,647.0
39133,21:41.500,21:41.528,2,1985.0,558.0,2156.0,764.0,325.0,509.0,474.0,752.0
39148,21:42.000,21:42.028,2,281.0,536.0,474.0,793.0,1968.0,578.0,2135.0,778.0
39163,21:42.500,21:42.530,2,243.0,478.0,463.0,742.0,2003.0,530.0,2178.0,733.0
39178,21:43.000,21:43.030,2,2017.0,485.0,2195.0,694.0,216.0,438.0,448.0,699.0
39193,21:43.500,21:43.530,2,2025.0,467.0,2200.0,670.0,211.0,418.0,444.0,680.0
39208,21:44.000,21:44.030,2,206.0,402.0,435.0,664.0,2047.0,449.0,2224.0,655.0
39223,21:44.500,21:44.522,2,196.0,394.0,427.0,650.0,2055.0,440.0,2232.0,646.0
39238,21:45.000,21:45.022,2,205.0,387.0,433.0,643.0,2063.0,431.0,2240.0,641.0
39253,21:45.500,21:45.522,2,202.0,415.0,425.0,670.0,2054.0,456.0,2228.0,662.0
39268,21:46.000,21:46.022,2,203.0,456.0,423.0,712.0,2040.0,491.0,2212.0,689.0
39283,21:46.500,21:46.523,2,203.0,476.0,426.0,728.0,2033.0,503.0,2207.0,705.0
39298,21:47.000,21:47.023,2,191.0,493.0,415.0,747.0,2022.0,530.0,2193.0,729.0
39313,21:47.500,21:47.523,2,182.0,495.0,407.0,752.0,2014.0,527.0,2184.0,724.0
39328,21:48.000,21:48.023,2,181.0,486.0,406.0,743.0,2015.0,513.0,2186.0,714.0
39343,21:48.500,21:48.523,2,187.0,453.0,410.0,707.0,2026.0,485.0,2198.0,685.0
39358,21:49.000,21:49.023,2,186.0,447.0,410.0,703.0,2030.0,475.0,2200.0,671.0
39373,21:49.500,21:49.523,2,191.0,448.0,415.0,701.0,2034.0,468.0,2206.0,668.0
39388,21:50.000,21:50.023,2,196.0,443.0,420.0,697.0,2037.0,468.0,2205.0,663.0
39403,21:50.500,21:50.525,2,207.0,435.0,430.0,697.0,2038.0,464.0,2207.0,660.0
39418,21:51.000,21:51.025,2,180.0,425.0,416.0,682.0,2033.0,458.0,2203.0,657.0
39433,21:51.500,21:51.525,2,155.0,438.0,388.0,680.0,2040.0,460.0,2211.0,658.0
39448,21:52.000,21:52.025,2,150.0,430.0,379.0,664.0,2043.0,455.0,2215.0,652.0
39463,21:52.500,21:52.525,2,139.0,431.0,368.0,665.0,2042.0,452.0,2215.0,650.0
39478,21:53.000,21:53.025,2,139.0,429.0,368.0,662.0,2040.0,449.0,2213.0,649.0
39493,21:53.500,21:53.525,1,498.0,72.0,695.0,312.0,,,,
39508,21:54.000,21:54.025,0,,,,,,,,
39523,21:54.500,21:54.527,0,,,,,,,,
39538,21:55.000,21:55.027,0,,,,,,,,
39553,21:55.500,21:55.527,1,412.0,62.0,613.0,318.0,,,,
39568,21:56.000,21:56.027,2,254.0,203.0,465.0,481.0,2134.0,277.0,2328.0,495.0
39583,21:56.500,21:56.527,2,189.0,304.0,399.0,582.0,2034.0,399.0,2210.0,606.0
39598,21:57.000,21:57.027,2,73.0,349.0,300.0,627.0,1926.0,454.0,2092.0,648.0
39613,21:57.500,21:57.527,2,83.0,397.0,307.0,669.0,1913.0,480.0,2076.0,668.0
39628,21:58.000,21:58.027,2,131.0,424.0,350.0,698.0,1939.0,503.0,2104.0,693.0
39643,21:58.500,21:58.528,2,131.0,435.0,347.0,710.0,1941.0,503.0,2106.0,698.0
39658,21:59.000,21:59.028,2,125.0,438.0,345.0,712.0,1945.0,500.0,2109.0,696.0
39673,21:59.500,21:59.528,2,125.0,442.0,346.0,715.0,1944.0,498.0,2108.0,690.0
39688,22:00.000,22:00.028,2,129.0,441.0,349.0,714.0,1949.0,490.0,2112.0,682.0
39703,22:00.500,22:00.528,2,180.0,412.0,397.0,685.0,1991.0,445.0,2163.0,644.0
39718,22:01.000,22:01.028,2,201.0,407.0,417.0,678.0,2017.0,429.0,2191.0,632.0
39733,22:01.500,22:01.528,2,195.0,418.0,412.0,689.0,2010.0,433.0,2184.0,635.0
39748,22:02.000,22:02.028,2,195.0,427.0,412.0,695.0,2004.0,436.0,2174.0,637.0
39763,22:02.500,22:02.530,2,206.0,450.0,428.0,708.0,2002.0,432.0,2172.0,632.0
39778,22:03.000,22:03.030,2,205.0,444.0,426.0,707.0,2005.0,431.0,2176.0,632.0
39793,22:03.500,22:03.530,2,199.0,448.0,419.0,714.0,2001.0,428.0,2174.0,626.0
39808,22:04.000,22:04.030,2,204.0,451.0,425.0,720.0,2032.0,430.0,2211.0,614.0
39823,22:04.500,22:04.522,2,2061.0,431.0,2247.0,628.0,183.0,430.0,407.0,699.0
39838,22:05.000,22:05.022,2,190.0,433.0,412.0,699.0,2083.0,437.0,2246.0,622.0
39853,22:05.500,22:05.522,2,132.0,206.0,369.0,497.0,2067.0,325.0,2232.0,515.0
39868,22:06.000,22:06.022,1,2194.0,376.0,2367.0,569.0,,,,
39883,22:06.500,22:06.523,1,2007.0,402.0,2167.0,586.0,,,,
39898,22:07.000,22:07.023,1,1937.0,482.0,2094.0,659.0,,,,
39913,22:07.500,22:07.523,1,2137.0,364.0,2321.0,557.0,,,,
39928,22:08.000,22:08.023,1,2254.0,275.0,2447.0,486.0,,,,
39943,22:08.500,22:08.523,1,2173.0,256.0,2405.0,457.0,,,,
39958,22:09.000,22:09.023,1,2114.0,333.0,2327.0,518.0,,,,
39973,22:09.500,22:09.523,1,2118.0,380.0,2328.0,565.0,,,,
39988,22:10.000,22:10.023,1,2118.0,383.0,2331.0,566.0,,,,
40003,22:10.500,22:10.525,1,2116.0,380.0,2323.0,565.0,,,,
40018,22:11.000,22:11.025,1,2143.0,375.0,2352.0,569.0,,,,
40033,22:11.500,22:11.525,1,2131.0,372.0,2335.0,568.0,,,,
40048,22:12.000,22:12.025,1,2111.0,376.0,2311.0,571.0,,,,
40063,22:12.500,22:12.525,1,2099.0,407.0,2299.0,603.0,,,,
40078,22:13.000,22:13.025,1,2056.0,428.0,2242.0,613.0,,,,
40093,22:13.500,22:13.525,1,1981.0,408.0,2157.0,592.0,,,,
40108,22:14.000,22:14.025,1,1978.0,400.0,2155.0,591.0,,,,
40123,22:14.500,22:14.527,1,1993.0,477.0,2171.0,669.0,,,,
40138,22:15.000,22:15.027,2,2049.0,850.0,2235.0,1048.0,365.0,430.0,528.0,679.0
40153,22:15.500,22:15.527,2,69.0,482.0,326.0,754.0,1800.0,1118.0,1966.0,1297.0
40168,22:16.000,22:16.027,2,16.0,449.0,269.0,713.0,1761.0,1122.0,1917.0,1295.0
40183,22:16.500,22:16.527,2,-12.0,394.0,237.0,665.0,1748.0,1089.0,1896.0,1251.0
40198,22:17.000,22:17.027,2,-16.0,386.0,231.0,659.0,1704.0,1063.0,1828.0,1214.0
40213,22:17.500,22:17.527,2,-13.0,354.0,233.0,622.0,1701.0,1042.0,1804.0,1190.0
40228,22:18.000,22:18.027,2,-20.0,343.0,229.0,612.0,1697.0,1032.0,1805.0,1181.0
40243,22:18.500,22:18.528,2,-22.0,333.0,227.0,603.0,1701.0,1025.0,1809.0,1176.0
40258,22:19.000,22:19.028,2,5.0,332.0,265.0,627.0,1725.0,1023.0,1857.0,1158.0
40273,22:19.500,22:19.528,2,80.0,390.0,315.0,670.0,1758.0,1035.0,1912.0,1179.0
40288,22:20.000,22:20.028,2,120.0,397.0,348.0,673.0,1760.0,1027.0,1911.0,1171.0
40303,22:20.500,22:20.528,2,125.0,422.0,351.0,689.0,1750.0,1022.0,1893.0,1172.0
40318,22:21.000,22:21.028,2,132.0,439.0,362.0,704.0,1752.0,1031.0,1892.0,1178.0
40333,22:21.500,22:21.528,2,59.0,447.0,320.0,716.0,1752.0,1014.0,1894.0,1154.0
40348,22:22.000,22:22.028,2,56.0,453.0,313.0,730.0,1765.0,1024.0,1911.0,1159.0
40363,22:22.500,22:22.530,2,54.0,461.0,309.0,735.0,1783.0,1032.0,1949.0,1151.0
40378,22:23.000,22:23.030,2,65.0,463.0,327.0,732.0,1802.0,1039.0,1969.0,1147.0
40393,22:23.500,22:23.530,2,85.0,505.0,349.0,748.0,1812.0,1034.0,1987.0,1141.0
40408,22:24.000,22:24.022,2,51.0,514.0,321.0,738.0,1787.0,1011.0,1962.0,1126.0
40423,22:24.500,22:24.522,2,70.0,525.0,339.0,736.0,1755.0,988.0,1895.0,1118.0
40438,22:25.000,22:25.022,2,86.0,525.0,351.0,735.0,1744.0,956.0,1879.0,1091.0
40453,22:25.500,22:25.522,2,1639.0,887.0,1759.0,1024.0,-80.0,443.0,212.0,672.0
40468,22:26.000,22:26.022,1,1398.0,762.0,1493.0,907.0,,,,
40483,22:26.500,22:26.523,1,1331.0,749.0,1424.0,892.0,,,,
40498,22:27.000,22:27.023,1,1505.0,771.0,1605.0,910.0,,,,
40513,22:27.500,22:27.523,1,1613.0,774.0,1720.0,919.0,,,,
40528,22:28.000,22:28.023,1,1676.0,782.0,1787.0,931.0,,,,
40543,22:28.500,22:28.523,1,1692.0,772.0,1804.0,914.0,,,,
40558,22:29.000,22:29.023,1,1709.0,773.0,1838.0,918.0,,,,
40573,22:29.500,22:29.523,2,1750.0,776.0,1895.0,929.0,0.0,337.0,172.0,626.0
40589,22:30.000,22:30.025,2,59.0,361.0,229.0,646.0,1796.0,796.0,1953.0,977.0
40604,22:30.500,22:30.525,2,61.0,392.0,279.0,684.0,1839.0,891.0,2003.0,1064.0
40619,22:31.000,22:31.025,2,1742.0,928.0,1899.0,1104.0,-65.0,422.0,180.0,724.0
40634,22:31.500,22:31.525,1,1531.0,962.0,1666.0,1129.0,,,,
40649,22:32.000,22:32.025,1,1661.0,967.0,1804.0,1135.0,,,,
40664,22:32.500,22:32.525,2,-34.0,441.0,203.0,729.0,1748.0,919.0,1904.0,1090.0
40679,22:33.000,22:33.025,2,46.0,373.0,299.0,671.0,1818.0,893.0,1974.0,1047.0
40694,22:33.500,22:33.525,2,24.0,343.0,274.0,621.0,1814.0,862.0,1964.0,1002.0
40709,22:34.000,22:34.027,2,58.0,324.0,305.0,602.0,1832.0,828.0,1977.0,976.0
40724,22:34.500,22:34.527,2,178.0,311.0,410.0,584.0,1907.0,732.0,2050.0,874.0
40739,22:35.000,22:35.027,1,1985.0,212.0,2127.0,400.0,,,,
40754,22:35.500,22:35.527,0,,,,,,,,
40769,22:36.000,22:36.027,0,,,,,,,,
40784,22:36.500,22:36.527,0,,,,,,,,
40799,22:37.000,22:37.027,0,,,,,,,,
40814,22:37.500,22:37.527,0,,,,,,,,
40829,22:38.000,22:38.028,0,,,,,,,,
40844,22:38.500,22:38.528,0,,,,,,,,
40859,22:39.000,22:39.028,0,,,,,,,,
40874,22:39.500,22:39.528,0,,,,,,,,
40889,22:40.000,22:40.028,0,,,,,,,,
40904,22:40.500,22:40.528,1,259.0,295.0,472.0,567.0,,,,
40919,22:41.000,22:41.028,1,194.0,584.0,414.0,849.0,,,,
40934,22:41.500,22:41.528,0,,,,,,,,
40949,22:42.000,22:42.030,0,,,,,,,,
40964,22:42.500,22:42.530,0,,,,,,,,
40979,22:43.000,22:43.030,0,,,,,,,,
40994,22:43.500,22:43.522,0,,,,,,,,
41009,22:44.000,22:44.022,0,,,,,,,,
41024,22:44.500,22:44.522,0,,,,,,,,
41039,22:45.000,22:45.022,0,,,,,,,,
41054,22:45.500,22:45.522,0,,,,,,,,
41069,22:46.000,22:46.023,1,786.0,868.0,890.0,1000.0,,,,
41084,22:46.500,22:46.523,1,836.0,815.0,937.0,965.0,,,,
41099,22:47.000,22:47.023,1,938.0,768.0,1046.0,921.0,,,,
41114,22:47.500,22:47.523,1,1484.0,623.0,1607.0,779.0,,,,
41129,22:48.000,22:48.023,2,236.0,436.0,446.0,699.0,1975.0,422.0,2136.0,607.0
41144,22:48.500,22:48.523,2,239.0,419.0,448.0,681.0,1986.0,389.0,2154.0,582.0
41159,22:49.000,22:49.023,2,231.0,392.0,440.0,655.0,1997.0,355.0,2167.0,554.0
41174,22:49.500,22:49.523,2,241.0,428.0,444.0,685.0,1989.0,376.0,2154.0,566.0
41189,22:50.000,22:50.025,2,217.0,548.0,427.0,797.0,1937.0,503.0,2094.0,685.0
41204,22:50.500,22:50.525,2,218.0,611.0,432.0,860.0,1928.0,575.0,2084.0,761.0
41219,22:51.000,22:51.025,2,199.0,624.0,415.0,875.0,1911.0,581.0,2065.0,767.0
41234,22:51.500,22:51.525,2,150.0,650.0,372.0,904.0,1870.0,605.0,2024.0,782.0
41249,22:52.000,22:52.025,2,160.0,843.0,389.0,1102.0,1877.0,771.0,2032.0,944.0
41264,22:52.500,22:52.525,2,203.0,1000.0,426.0,1259.0,1927.0,880.0,2091.0,1049.0
41279,22:53.000,22:53.025,2,277.0,897.0,483.0,1147.0,1979.0,764.0,2145.0,943.0
41294,22:53.500,22:53.525,2,264.0,876.0,477.0,1131.0,1966.0,754.0,2133.0,930.0
41309,22:54.000,22:54.027,2,255.0,853.0,469.0,1109.0,1965.0,727.0,2128.0,902.0
41324,22:54.500,22:54.527,2,251.0,817.0,464.0,1066.0,1961.0,696.0,2127.0,870.0
41339,22:55.000,22:55.027,2,291.0,642.0,492.0,890.0,1997.0,530.0,2166.0,715.0
41354,22:55.500,22:55.527,2,262.0,631.0,469.0,879.0,1968.0,516.0,2131.0,706.0
41369,22:56.000,22:56.027,2,250.0,628.0,460.0,879.0,1959.0,521.0,2120.0,707.0
41384,22:56.500,22:56.527,2,236.0,620.0,447.0,874.0,1947.0,515.0,2108.0,700.0
41399,22:57.000,22:57.027,2,230.0,618.0,442.0,872.0,1943.0,509.0,2106.0,695.0
41414,22:57.500,22:57.527,2,226.0,615.0,434.0,867.0,1932.0,504.0,2090.0,689.0
41429,22:58.000,22:58.028,2,227.0,612.0,432.0,866.0,1926.0,499.0,2080.0,686.0
41444,22:58.500,22:58.528,2,223.0,618.0,430.0,872.0,1922.0,500.0,2076.0,689.0
41459,22:59.000,22:59.028,2,223.0,619.0,430.0,872.0,1931.0,501.0,2090.0,690.0
41474,22:59.500,22:59.528,2,220.0,621.0,429.0,877.0,1931.0,498.0,2091.0,690.0
41489,23:00.000,23:00.028,2,218.0,620.0,425.0,875.0,1932.0,500.0,2092.0,690.0
41504,23:00.500,23:00.528,2,205.0,618.0,415.0,875.0,1927.0,501.0,2085.0,690.0
41519,23:01.000,23:01.028,2,185.0,602.0,391.0,865.0,1920.0,492.0,2077.0,684.0
41534,23:01.500,23:01.528,2,183.0,612.0,388.0,870.0,1909.0,500.0,2069.0,690.0
41549,23:02.000,23:02.030,2,188.0,614.0,388.0,871.0,1908.0,501.0,2066.0,695.0
41564,23:02.500,23:02.522,2,181.0,614.0,386.0,871.0,1906.0,502.0,2064.0,693.0
41579,23:03.000,23:03.022,2,184.0,616.0,391.0,877.0,1910.0,509.0,2067.0,700.0
41594,23:03.500,23:03.522,2,152.0,623.0,368.0,878.0,1913.0,512.0,2070.0,702.0
41609,23:04.000,23:04.022,2,170.0,632.0,400.0,903.0,1908.0,532.0,2063.0,716.0
41624,23:04.500,23:04.522,2,144.0,706.0,367.0,966.0,1881.0,598.0,2032.0,777.0
41639,23:05.000,23:05.022,2,144.0,752.0,365.0,1014.0,1866.0,635.0,2014.0,816.0
41654,23:05.500,23:05.522,2,170.0,697.0,393.0,965.0,1908.0,717.0,2062.0,899.0
41669,23:06.000,23:06.023,1,1626.0,687.0,1758.0,848.0,,,,
41684,23:06.500,23:06.523,1,1678.0,567.0,1819.0,737.0,,,,
41699,23:07.000,23:07.023,1,102.0,60.0,357.0,341.0,,,,
41714,23:07.500,23:07.523,0,,,,,,,,
41729,23:08.000,23:08.023,0,,,,,,,,
41744,23:08.500,23:08.523,0,,,,,,,,
41759,23:09.000,23:09.023,0,,,,,,,,
41774,23:09.500,23:09.523,0,,,,,,,,
41789,23:10.000,23:10.025,1,1770.0,274.0,1933.0,479.0,,,,
41804,23:10.500,23:10.525,1,1457.0,709.0,1586.0,869.0,,,,
41819,23:11.000,23:11.025,1,1493.0,763.0,1625.0,927.0,,,,
41834,23:11.500,23:11.525,1,1489.0,797.0,1622.0,958.0,,,,
41849,23:12.000,23:12.025,1,1509.0,767.0,1641.0,929.0,,,,
41864,23:12.500,23:12.525,1,1538.0,733.0,1675.0,902.0,,,,
41879,23:13.000,23:13.025,2,103.0,848.0,334.0,1119.0,1871.0,737.0,2028.0,923.0
41894,23:13.500,23:13.525,2,127.0,948.0,353.0,1229.0,1890.0,811.0,2047.0,999.0
41909,23:14.000,23:14.027,2,159.0,981.0,382.0,1257.0,1911.0,832.0,2072.0,1021.0
41924,23:14.500,23:14.527,2,125.0,951.0,352.0,1230.0,1881.0,821.0,2041.0,1006.0
41939,23:15.000,23:15.027,2,179.0,871.0,399.0,1142.0,1918.0,786.0,2076.0,976.0
41954,23:15.500,23:15.527,2,198.0,848.0,412.0,1113.0,1918.0,698.0,2079.0,894.0
41969,23:16.000,23:16.027,2,19.0,797.0,256.0,1070.0,1797.0,700.0,1946.0,881.0
41984,23:16.500,23:16.527,2,-12.0,752.0,220.0,1029.0,1789.0,665.0,1939.0,845.0
41999,23:17.000,23:17.027,2,-29.0,717.0,202.0,990.0,1771.0,632.0,1919.0,810.0
42014,23:17.500,23:17.527,2,-4.0,730.0,231.0,1001.0,1787.0,621.0,1936.0,799.0
42029,23:18.000,23:18.028,2,4.0,743.0,243.0,1020.0,1777.0,631.0,1926.0,811.0
42044,23:18.500,23:18.528,2,-41.0,714.0,181.0,992.0,1749.0,598.0,1897.0,771.0
42059,23:19.000,23:19.028,2,-37.0,717.0,189.0,995.0,1757.0,609.0,1906.0,786.0
42074,23:19.500,23:19.528,2,-14.0,726.0,207.0,1005.0,1763.0,617.0,1910.0,793.0
42089,23:20.000,23:20.028,2,1740.0,624.0,1885.0,796.0,-54.0,728.0,167.0,1004.0
42104,23:20.500,23:20.528,1,1661.0,604.0,1801.0,771.0,,,,
42120,23:21.000,23:21.028,1,1730.0,129.0,1894.0,343.0,,,,
42135,23:21.500,23:21.528,2,-44.0,330.0,212.0,630.0,1923.0,83.0,2099.0,299.0
42150,23:22.000,23:22.022,0,,,,,,,,
42165,23:22.500,23:22.522,0,,,,,,,,
42180,23:23.000,23:23.022,0,,,,,,,,
42195,23:23.500,23:23.522,0,,,,,,,,
42210,23:24.000,23:24.022,0,,,,,,,,
42225,23:24.500,23:24.522,0,,,,,,,,
42240,23:25.000,23:25.022,0,,,,,,,,
42255,23:25.500,23:25.522,0,,,,,,,,
42270,23:26.000,23:26.023,0,,,,,,,,
42285,23:26.500,23:26.523,0,,,,,,,,
42300,23:27.000,23:27.023,0,,,,,,,,
42315,23:27.500,23:27.523,0,,,,,,,,
42330,23:28.000,23:28.023,0,,,,,,,,
42345,23:28.500,23:28.523,0,,,,,,,,
42360,23:29.000,23:29.023,0,,,,,,,,
42375,23:29.500,23:29.523,0,,,,,,,,
42390,23:30.000,23:30.025,0,,,,,,,,
42405,23:30.500,23:30.525,0,,,,,,,,
42420,23:31.000,23:31.025,0,,,,,,,,
42435,23:31.500,23:31.525,0,,,,,,,,
42450,23:32.000,23:32.025,0,,,,,,,,
42465,23:32.500,23:32.525,0,,,,,,,,
42480,23:33.000,23:33.025,0,,,,,,,,
42495,23:33.500,23:33.525,0,,,,,,,,
42510,23:34.000,23:34.027,0,,,,,,,,
42525,23:34.500,23:34.527,0,,,,,,,,
42540,23:35.000,23:35.027,0,,,,,,,,
42555,23:35.500,23:35.527,0,,,,,,,,
42570,23:36.000,23:36.027,0,,,,,,,,
42585,23:36.500,23:36.527,0,,,,,,,,
42600,23:37.000,23:37.027,0,,,,,,,,
42615,23:37.500,23:37.527,0,,,,,,,,
42630,23:38.000,23:38.028,0,,,,,,,,
42645,23:38.500,23:38.528,0,,,,,,,,
42660,23:39.000,23:39.028,0,,,,,,,,
42675,23:39.500,23:39.528,0,,,,,,,,
42690,23:40.000,23:40.028,0,,,,,,,,
42705,23:40.500,23:40.528,0,,,,,,,,
42720,23:41.000,23:41.028,0,,,,,,,,
42735,23:41.500,23:41.520,2,0.0,317.0,223.0,603.0,1881.0,118.0,2060.0,348.0
42750,23:42.000,23:42.022,1,1467.0,734.0,1601.0,901.0,,,,
42765,23:42.500,23:42.522,1,1506.0,787.0,1642.0,953.0,,,,
42780,23:43.000,23:43.022,1,1641.0,834.0,1782.0,1008.0,,,,
42795,23:43.500,23:43.522,2,193.0,993.0,405.0,1258.0,1926.0,806.0,2088.0,999.0
42810,23:44.000,23:44.022,2,191.0,980.0,403.0,1247.0,1933.0,805.0,2093.0,992.0
42825,23:44.500,23:44.522,2,206.0,980.0,422.0,1244.0,1943.0,809.0,2102.0,1002.0
42840,23:45.000,23:45.022,2,248.0,954.0,451.0,1220.0,1972.0,807.0,2135.0,1001.0
42855,23:45.500,23:45.522,2,275.0,948.0,473.0,1209.0,1988.0,800.0,2153.0,994.0
42870,23:46.000,23:46.023,2,319.0,915.0,504.0,1164.0,2018.0,772.0,2186.0,967.0
42885,23:46.500,23:46.523,2,306.0,785.0,495.0,1032.0,1992.0,687.0,2162.0,878.0
42900,23:47.000,23:47.023,2,334.0,751.0,520.0,991.0,2022.0,641.0,2191.0,836.0
42915,23:47.500,23:47.523,2,328.0,753.0,514.0,993.0,2018.0,633.0,2187.0,827.0
42930,23:48.000,23:48.023,2,301.0,749.0,489.0,993.0,1994.0,627.0,2163.0,817.0
42945,23:48.500,23:48.523,2,305.0,722.0,493.0,972.0,2005.0,594.0,2174.0,784.0
42960,23:49.000,23:49.023,2,306.0,702.0,491.0,951.0,2014.0,582.0,2182.0,767.0
42975,23:49.500,23:49.523,2,300.0,693.0,490.0,947.0,2007.0,575.0,2176.0,767.0
42990,23:50.000,23:50.025,2,310.0,693.0,501.0,947.0,2002.0,580.0,2166.0,771.0
43005,23:50.500,23:50.525,2,298.0,688.0,491.0,946.0,2011.0,575.0,2175.0,764.0
43020,23:51.000,23:51.025,2,293.0,685.0,487.0,942.0,2007.0,578.0,2173.0,765.0
43035,23:51.500,23:51.525,2,286.0,692.0,481.0,947.0,2006.0,578.0,2172.0,768.0
43050,23:52.000,23:52.025,2,289.0,704.0,483.0,959.0,2017.0,581.0,2187.0,768.0
43065,23:52.500,23:52.525,2,289.0,703.0,483.0,960.0,2019.0,579.0,2190.0,772.0
43080,23:53.000,23:53.025,2,297.0,694.0,490.0,952.0,2020.0,577.0,2190.0,771.0
43095,23:53.500,23:53.525,2,298.0,699.0,489.0,952.0,2018.0,574.0,2186.0,765.0
43110,23:54.000,23:54.027,2,305.0,705.0,493.0,956.0,2016.0,577.0,2185.0,772.0
43125,23:54.500,23:54.527,2,305.0,713.0,493.0,965.0,2015.0,584.0,2183.0,776.0
43140,23:55.000,23:55.027,2,290.0,718.0,481.0,971.0,2004.0,586.0,2172.0,777.0
43155,23:55.500,23:55.527,2,279.0,720.0,472.0,976.0,1987.0,596.0,2151.0,785.0
43170,23:56.000,23:56.027,2,284.0,719.0,475.0,972.0,1995.0,595.0,2160.0,781.0
43185,23:56.500,23:56.527,2,278.0,704.0,470.0,955.0,2004.0,580.0,2168.0,770.0
43200,23:57.000,23:57.027,2,268.0,693.0,460.0,944.0,2002.0,563.0,2163.0,750.0
43215,23:57.500,23:57.527,2,270.0,674.0,470.0,932.0,1997.0,548.0,2160.0,736.0
43230,23:58.000,23:58.028,2,253.0,658.0,453.0,917.0,2002.0,525.0,2171.0,721.0
43245,23:58.500,23:58.528,2,246.0,645.0,458.0,900.0,2009.0,514.0,2180.0,716.0
43260,23:59.000,23:59.028,2,235.0,625.0,458.0,882.0,2022.0,506.0,2201.0,718.0
43275,23:59.500,23:59.528,2,258.0,617.0,467.0,869.0,2033.0,508.0,2211.0,717.0
43290,24:00.000,24:00.028,2,235.0,641.0,432.0,881.0,1988.0,493.0,2160.0,700.0
43305,24:00.500,24:00.528,2,110.0,550.0,328.0,804.0,1894.0,348.0,2058.0,554.0
43320,24:01.000,24:01.020,1,194.0,52.0,411.0,321.0,,,,
43335,24:01.500,24:01.522,0,,,,,,,,
43350,24:02.000,24:02.022,0,,,,,,,,
43365,24:02.500,24:02.522,0,,,,,,,,
43380,24:03.000,24:03.022,0,,,,,,,,
43395,24:03.500,24:03.522,0,,,,,,,,
43410,24:04.000,24:04.022,0,,,,,,,,
43425,24:04.500,24:04.522,0,,,,,,,,
43440,24:05.000,24:05.022,0,,,,,,,,
43455,24:05.500,24:05.523,0,,,,,,,,
43470,24:06.000,24:06.023,0,,,,,,,,
43485,24:06.500,24:06.523,0,,,,,,,,
43500,24:07.000,24:07.023,0,,,,,,,,
43515,24:07.500,24:07.523,0,,,,,,,,
43530,24:08.000,24:08.023,0,,,,,,,,
43545,24:08.500,24:08.523,0,,,,,,,,
43560,24:09.000,24:09.023,0,,,,,,,,
43575,24:09.500,24:09.525,1,98.0,40.0,352.0,325.0,,,,
43590,24:10.000,24:10.025,1,100.0,52.0,360.0,339.0,,,,
43605,24:10.500,24:10.525,1,148.0,72.0,394.0,354.0,,,,
43620,24:11.000,24:11.025,1,156.0,89.0,399.0,372.0,,,,
43635,24:11.500,24:11.525,1,156.0,89.0,403.0,378.0,,,,
43650,24:12.000,24:12.025,1,143.0,96.0,394.0,386.0,,,,
43665,24:12.500,24:12.525,1,140.0,116.0,390.0,400.0,,,,
43680,24:13.000,24:13.025,1,156.0,193.0,396.0,451.0,,,,
43695,24:13.500,24:13.527,1,184.0,259.0,410.0,527.0,,,,
43710,24:14.000,24:14.027,2,205.0,398.0,418.0,649.0,2053.0,211.0,2237.0,432.0
43725,24:14.500,24:14.527,2,111.0,625.0,329.0,876.0,1903.0,484.0,2064.0,677.0
43740,24:15.000,24:15.027,2,49.0,832.0,267.0,1091.0,1835.0,716.0,1990.0,907.0
43755,24:15.500,24:15.527,1,1687.0,803.0,1828.0,982.0,,,,
43770,24:16.000,24:16.027,1,1660.0,760.0,1802.0,937.0,,,,
43785,24:16.500,24:16.527,1,1668.0,774.0,1810.0,947.0,,,,
43800,24:17.000,24:17.027,1,1674.0,782.0,1814.0,955.0,,,,
43815,24:17.500,24:17.528,1,1512.0,813.0,1643.0,979.0,,,,
43830,24:18.000,24:18.028,1,1536.0,803.0,1667.0,975.0,,,,
43845,24:18.500,24:18.528,1,1516.0,823.0,1652.0,995.0,,,,
43860,24:19.000,24:19.028,1,1586.0,786.0,1724.0,957.0,,,,
43875,24:19.500,24:19.528,1,1602.0,763.0,1741.0,936.0,,,,
43890,24:20.000,24:20.028,2,1715.0,747.0,1860.0,929.0,-63.0,847.0,147.0,1119.0
43905,24:20.500,24:20.520,2,7.0,811.0,230.0,1078.0,1784.0,716.0,1931.0,898.0
43920,24:21.000,24:21.020,2,11.0,813.0,237.0,1079.0,1777.0,716.0,1920.0,900.0
43935,24:21.500,24:21.522,2,6.0,808.0,232.0,1074.0,1779.0,711.0,1925.0,894.0
43950,24:22.000,24:22.022,2,-18.0,819.0,195.0,1090.0,1749.0,724.0,1892.0,905.0
43965,24:22.500,24:22.522,2,8.0,817.0,220.0,1089.0,1761.0,719.0,1902.0,905.0
43980,24:23.000,24:23.022,2,13.0,837.0,225.0,1109.0,1756.0,734.0,1898.0,914.0
43995,24:23.500,24:23.522,2,-5.0,866.0,206.0,1146.0,1730.0,762.0,1872.0,942.0
44010,24:24.000,24:24.022,2,-18.0,840.0,172.0,1113.0,1724.0,742.0,1869.0,916.0
44025,24:24.500,24:24.522,2,1720.0,716.0,1867.0,890.0,-33.0,812.0,162.0,1077.0
44040,24:25.000,24:25.022,2,-50.0,789.0,149.0,1058.0,1719.0,696.0,1867.0,875.0
44055,24:25.500,24:25.523,2,-16.0,777.0,174.0,1046.0,1736.0,694.0,1881.0,871.0
44070,24:26.000,24:26.023,2,-13.0,782.0,178.0,1053.0,1730.0,699.0,1868.0,879.0
44085,24:26.500,24:26.523,2,-9.0,782.0,189.0,1052.0,1745.0,694.0,1884.0,878.0
44100,24:27.000,24:27.023,2,-9.0,785.0,191.0,1056.0,1747.0,703.0,1885.0,882.0
44115,24:27.500,24:27.523,2,-14.0,784.0,183.0,1053.0,1740.0,698.0,1879.0,878.0
44130,24:28.000,24:28.023,2,-28.0,782.0,173.0,1055.0,1730.0,696.0,1866.0,869.0
44145,24:28.500,24:28.523,2,-7.0,781.0,190.0,1048.0,1735.0,697.0,1870.0,878.0
44160,24:29.000,24:29.023,2,-6.0,777.0,195.0,1050.0,1737.0,696.0,1879.0,879.0
44175,24:29.500,24:29.525,2,0.0,782.0,204.0,1050.0,1749.0,703.0,1888.0,884.0
44190,24:30.000,24:30.025,2,-2.0,789.0,203.0,1055.0,1747.0,705.0,1887.0,886.0
44205,24:30.500,24:30.525,2,-11.0,794.0,191.0,1060.0,1737.0,710.0,1878.0,888.0
44220,24:31.000,24:31.025,2,-7.0,776.0,194.0,1042.0,1766.0,684.0,1915.0,870.0
44235,24:31.500,24:31.525,2,1.0,771.0,208.0,1041.0,1758.0,678.0,1897.0,861.0
44250,24:32.000,24:32.025,2,-6.0,768.0,197.0,1035.0,1757.0,678.0,1900.0,862.0
44265,24:32.500,24:32.525,2,-12.0,760.0,194.0,1026.0,1751.0,677.0,1894.0,856.0
44280,24:33.000,24:33.025,2,-15.0,746.0,200.0,1009.0,1761.0,668.0,1904.0,850.0
44295,24:33.500,24:33.527,2,51.0,744.0,266.0,1005.0,1811.0,701.0,1955.0,881.0
44310,24:34.000,24:34.027,2,81.0,915.0,297.0,1184.0,1828.0,810.0,1975.0,991.0
44325,24:34.500,24:34.527,2,148.0,1223.0,391.0,1502.0,1903.0,1091.0,2064.0,1300.0
44340,24:35.000,24:35.027,2,1898.0,1187.0,2063.0,1398.0,57.0,1325.0,315.0,1547.0
44355,24:35.500,24:35.527,1,1968.0,1239.0,2134.0,1448.0,,,,
44370,24:36.000,24:36.027,1,2043.0,1281.0,2214.0,1495.0,,,,
44385,24:36.500,24:36.527,1,2089.0,1271.0,2270.0,1492.0,,,,
44400,24:37.000,24:37.027,1,2103.0,1286.0,2284.0,1501.0,,,,
44415,24:37.500,24:37.528,1,2227.0,1304.0,2387.0,1504.0,,,,
44430,24:38.000,24:38.028,0,,,,,,,,
44445,24:38.500,24:38.528,0,,,,,,,,
44459,24:39.000,24:39.028,0,,,,,,,,
