frame,time,faces_detected_count,face_0_tl_x,face_0_tl_y,face_0_br_x,face_0_br_y,face_1_tl_x,face_1_tl_y,face_1_br_x,face_1_br_y,face_2_tl_x,face_2_tl_y,face_2_br_x,face_2_br_y
8117,07:23.333,1,1254.0,830.0,1360.0,976.0,,,,,,,,
8118,08:53.932,1,1251.0,828.0,1356.0,973.0,,,,,,,,
8119,08:53.965,1,1249.0,825.0,1354.0,972.0,,,,,,,,
8120,08:53.998,1,1247.0,825.0,1353.0,971.0,,,,,,,,
8121,08:54.032,1,1245.0,827.0,1352.0,974.0,,,,,,,,
8122,08:54.065,1,1244.0,830.0,1351.0,975.0,,,,,,,,
8123,08:54.098,1,1243.0,829.0,1350.0,974.0,,,,,,,,
8124,08:54.132,1,1242.0,829.0,1348.0,974.0,,,,,,,,
8125,08:54.165,1,1241.0,830.0,1348.0,974.0,,,,,,,,
8126,08:54.198,1,1241.0,830.0,1347.0,974.0,,,,,,,,
8127,08:54.232,2,1240.0,831.0,1347.0,975.0,-95.0,668.0,105.0,964.0,,,,
8128,08:54.265,2,1239.0,831.0,1346.0,977.0,-89.0,673.0,113.0,963.0,,,,
8129,08:54.298,2,1239.0,832.0,1345.0,976.0,-88.0,674.0,112.0,963.0,,,,
8130,08:54.332,2,1239.0,832.0,1345.0,976.0,-81.0,671.0,118.0,962.0,,,,
8131,08:54.365,2,1240.0,833.0,1347.0,975.0,-80.0,677.0,117.0,963.0,,,,
8132,08:54.398,2,1237.0,833.0,1344.0,975.0,-80.0,677.0,115.0,962.0,,,,
8133,08:54.432,2,1234.0,832.0,1339.0,974.0,-82.0,678.0,111.0,962.0,,,,
8134,08:54.465,2,1231.0,830.0,1335.0,973.0,-86.0,678.0,107.0,964.0,,,,
8135,08:54.498,2,1225.0,830.0,1331.0,974.0,-89.0,679.0,101.0,965.0,,,,
8136,08:54.532,1,1223.0,830.0,1329.0,973.0,,,,,,,,
8137,08:54.565,1,1222.0,828.0,1329.0,972.0,,,,,,,,
8138,08:54.598,1,1221.0,828.0,1326.0,969.0,,,,,,,,
8139,08:54.632,1,1220.0,828.0,1325.0,969.0,,,,,,,,
8140,08:54.665,1,1219.0,829.0,1325.0,970.0,,,,,,,,
8141,08:54.698,1,1219.0,829.0,1325.0,971.0,,,,,,,,
8142,08:54.733,1,1218.0,830.0,1323.0,972.0,,,,,,,,
8143,08:54.767,1,1216.0,833.0,1321.0,974.0,,,,,,,,
8144,08:54.800,1,1213.0,832.0,1320.0,975.0,,,,,,,,
8145,08:54.833,1,1210.0,833.0,1315.0,974.0,,,,,,,,
8146,08:54.867,1,1207.0,834.0,1314.0,974.0,,,,,,,,
8147,08:54.900,1,1206.0,834.0,1312.0,974.0,,,,,,,,
8148,08:54.933,1,1205.0,833.0,1312.0,973.0,,,,,,,,
8149,08:54.967,1,1205.0,830.0,1311.0,969.0,,,,,,,,
8150,08:55.000,1,1204.0,824.0,1310.0,963.0,,,,,,,,
8151,08:55.033,1,1202.0,821.0,1307.0,962.0,,,,,,,,
8152,08:55.067,1,1198.0,820.0,1304.0,961.0,,,,,,,,
8153,08:55.100,1,1196.0,822.0,1302.0,963.0,,,,,,,,
8154,08:55.133,1,1195.0,829.0,1300.0,966.0,,,,,,,,
8155,08:55.167,1,1191.0,831.0,1296.0,971.0,,,,,,,,
8156,08:55.200,1,1187.0,834.0,1291.0,974.0,,,,,,,,
8157,08:55.233,1,1182.0,839.0,1288.0,978.0,,,,,,,,
8158,08:55.267,1,1175.0,844.0,1282.0,983.0,,,,,,,,
8159,08:55.300,1,1171.0,838.0,1275.0,981.0,,,,,,,,
8160,08:55.333,1,1162.0,835.0,1268.0,978.0,,,,,,,,
8161,08:55.367,1,1157.0,839.0,1261.0,978.0,,,,,,,,
8162,08:55.400,1,1152.0,833.0,1258.0,975.0,,,,,,,,
8163,08:55.433,1,1148.0,826.0,1255.0,968.0,,,,,,,,
8164,08:55.467,1,1146.0,820.0,1253.0,962.0,,,,,,,,
8165,08:55.500,1,1147.0,817.0,1253.0,959.0,,,,,,,,
8166,08:55.533,1,1149.0,820.0,1255.0,962.0,,,,,,,,
8167,08:55.567,1,1152.0,821.0,1258.0,963.0,,,,,,,,
8168,08:55.600,1,1155.0,822.0,1260.0,965.0,,,,,,,,
8169,08:55.633,1,1155.0,826.0,1262.0,968.0,,,,,,,,
8170,08:55.667,1,1157.0,832.0,1262.0,975.0,,,,,,,,
8171,08:55.700,1,1157.0,832.0,1262.0,976.0,,,,,,,,
8172,08:55.733,1,1156.0,834.0,1262.0,977.0,,,,,,,,
8173,08:55.767,1,1152.0,833.0,1259.0,976.0,,,,,,,,
8174,08:55.800,1,1149.0,832.0,1254.0,975.0,,,,,,,,
8175,08:55.833,1,1145.0,832.0,1249.0,974.0,,,,,,,,
8176,08:55.867,1,1139.0,832.0,1244.0,974.0,,,,,,,,
8177,08:55.900,1,1133.0,831.0,1238.0,973.0,,,,,,,,
8178,08:55.933,1,1124.0,831.0,1230.0,975.0,,,,,,,,
8179,08:55.967,1,1107.0,834.0,1212.0,974.0,,,,,,,,
8180,08:56.000,1,1077.0,838.0,1183.0,979.0,,,,,,,,
8181,08:56.033,2,1029.0,842.0,1135.0,984.0,2245.0,680.0,2482.0,949.0,,,,
8182,08:56.067,2,964.0,848.0,1072.0,991.0,2148.0,660.0,2392.0,934.0,,,,
8183,08:56.100,2,887.0,854.0,997.0,996.0,2044.0,657.0,2273.0,923.0,,,,
8184,08:56.133,2,1938.0,662.0,2153.0,913.0,804.0,858.0,917.0,1002.0,,,,
8185,08:56.167,2,1847.0,658.0,2049.0,910.0,726.0,862.0,842.0,1009.0,,,,
8186,08:56.200,2,1766.0,659.0,1962.0,904.0,652.0,868.0,771.0,1018.0,,,,
8187,08:56.233,2,1703.0,659.0,1890.0,897.0,587.0,872.0,711.0,1025.0,,,,
8188,08:56.267,2,535.0,881.0,660.0,1033.0,1649.0,656.0,1834.0,893.0,,,,
8189,08:56.300,2,493.0,883.0,622.0,1037.0,1614.0,654.0,1793.0,886.0,,,,
8190,08:56.333,2,461.0,883.0,592.0,1044.0,1585.0,652.0,1763.0,883.0,,,,
8191,08:56.367,2,1562.0,648.0,1739.0,881.0,436.0,890.0,568.0,1049.0,,,,
8192,08:56.400,2,418.0,899.0,551.0,1059.0,1546.0,653.0,1721.0,882.0,,,,
8193,08:56.433,2,400.0,906.0,538.0,1069.0,1532.0,653.0,1708.0,884.0,,,,
8194,08:56.467,2,1523.0,658.0,1698.0,888.0,390.0,918.0,527.0,1081.0,,,,
8195,08:56.500,2,1512.0,656.0,1688.0,887.0,381.0,923.0,517.0,1088.0,,,,
8196,08:56.533,2,1505.0,653.0,1679.0,885.0,369.0,922.0,509.0,1088.0,,,,
8197,08:56.567,2,1500.0,651.0,1672.0,878.0,366.0,917.0,503.0,1082.0,,,,
8198,08:56.600,2,1497.0,642.0,1670.0,870.0,364.0,909.0,502.0,1075.0,,,,
8199,08:56.633,2,1496.0,642.0,1669.0,870.0,363.0,909.0,501.0,1073.0,,,,
8200,08:56.667,2,1494.0,642.0,1667.0,870.0,360.0,908.0,499.0,1074.0,,,,
8201,08:56.700,2,1495.0,645.0,1668.0,872.0,361.0,913.0,500.0,1078.0,,,,
8202,08:56.733,2,1496.0,643.0,1669.0,871.0,363.0,912.0,502.0,1079.0,,,,
8203,08:56.767,2,1498.0,648.0,1671.0,872.0,366.0,914.0,504.0,1081.0,,,,
8204,08:56.800,2,1499.0,645.0,1672.0,872.0,368.0,913.0,506.0,1080.0,,,,
8205,08:56.833,2,1497.0,641.0,1670.0,871.0,368.0,912.0,506.0,1080.0,,,,
8206,08:56.867,2,1495.0,643.0,1668.0,872.0,366.0,913.0,504.0,1080.0,,,,
8207,08:56.900,2,1495.0,646.0,1668.0,873.0,367.0,916.0,503.0,1081.0,,,,
8208,08:56.933,2,1494.0,646.0,1667.0,875.0,366.0,918.0,504.0,1083.0,,,,
8209,08:56.967,2,1496.0,648.0,1667.0,876.0,367.0,920.0,504.0,1085.0,,,,
8210,08:57.000,2,1498.0,650.0,1669.0,878.0,368.0,920.0,507.0,1086.0,,,,
8211,08:57.033,2,1501.0,652.0,1672.0,878.0,371.0,921.0,510.0,1085.0,,,,
8212,08:57.067,2,1504.0,650.0,1677.0,878.0,376.0,919.0,513.0,1081.0,,,,
8213,08:57.100,2,1506.0,651.0,1678.0,878.0,379.0,918.0,515.0,1080.0,,,,
8214,08:57.133,2,1508.0,648.0,1682.0,877.0,384.0,913.0,519.0,1076.0,,,,
8215,08:57.167,2,1509.0,648.0,1683.0,875.0,385.0,913.0,521.0,1076.0,,,,
8216,08:57.200,2,1509.0,648.0,1683.0,875.0,386.0,913.0,522.0,1075.0,,,,
8217,08:57.233,2,1509.0,647.0,1682.0,874.0,387.0,912.0,522.0,1075.0,,,,
8218,08:57.267,2,1509.0,649.0,1682.0,874.0,387.0,912.0,522.0,1075.0,,,,
8219,08:57.300,2,1509.0,647.0,1682.0,873.0,386.0,910.0,522.0,1073.0,,,,
8220,08:57.333,2,1509.0,646.0,1682.0,871.0,387.0,907.0,523.0,1070.0,,,,
8221,08:57.367,2,1510.0,646.0,1682.0,871.0,389.0,906.0,525.0,1068.0,,,,
8222,08:57.400,2,1512.0,645.0,1684.0,871.0,390.0,905.0,525.0,1067.0,,,,
8223,08:57.433,2,392.0,902.0,528.0,1065.0,1514.0,643.0,1686.0,870.0,,,,
8224,08:57.467,2,1516.0,642.0,1687.0,868.0,394.0,898.0,529.0,1063.0,,,,
8225,08:57.500,2,1518.0,640.0,1690.0,866.0,395.0,894.0,530.0,1058.0,,,,
8226,08:57.533,2,400.0,886.0,534.0,1047.0,1523.0,631.0,1694.0,855.0,,,,
8227,08:57.567,2,401.0,880.0,536.0,1042.0,1527.0,627.0,1697.0,852.0,,,,
8228,08:57.600,2,407.0,877.0,540.0,1038.0,1533.0,628.0,1700.0,851.0,,,,
8229,08:57.633,2,413.0,882.0,542.0,1042.0,1537.0,637.0,1705.0,858.0,,,,
8230,08:57.667,2,1538.0,640.0,1709.0,863.0,414.0,888.0,544.0,1045.0,,,,
8231,08:57.700,2,415.0,887.0,545.0,1045.0,1540.0,639.0,1711.0,864.0,,,,
8232,08:57.733,2,415.0,884.0,547.0,1043.0,1543.0,641.0,1712.0,864.0,,,,
8233,08:57.767,2,418.0,880.0,549.0,1039.0,1544.0,641.0,1714.0,864.0,,,,
8234,08:57.800,2,422.0,880.0,551.0,1037.0,1548.0,641.0,1717.0,863.0,,,,
8235,08:57.833,2,1552.0,641.0,1721.0,866.0,425.0,879.0,555.0,1037.0,,,,
8236,08:57.867,2,428.0,877.0,558.0,1036.0,1556.0,639.0,1723.0,865.0,,,,
8237,08:57.900,2,431.0,875.0,562.0,1033.0,1558.0,637.0,1726.0,863.0,,,,
8238,08:57.933,2,1563.0,636.0,1732.0,860.0,435.0,866.0,567.0,1027.0,,,,
8239,08:57.967,2,447.0,856.0,577.0,1015.0,1573.0,630.0,1744.0,850.0,,,,
8240,08:58.000,2,483.0,850.0,610.0,1006.0,1604.0,627.0,1777.0,852.0,,,,
8241,08:58.033,2,552.0,848.0,676.0,999.0,1668.0,631.0,1846.0,857.0,,,,
8242,08:58.067,2,657.0,840.0,773.0,991.0,1768.0,627.0,1953.0,861.0,,,,
8243,08:58.100,2,778.0,833.0,890.0,978.0,1902.0,620.0,2105.0,864.0,,,,
8244,08:58.133,2,903.0,823.0,1012.0,967.0,2055.0,603.0,2285.0,865.0,,,,
8245,08:58.158,2,1027.0,814.0,1134.0,958.0,2235.0,605.0,2459.0,872.0,,,,
8246,08:58.192,1,1147.0,811.0,1253.0,954.0,,,,,,,,
8247,08:58.225,1,1259.0,810.0,1365.0,954.0,,,,,,,,
8248,08:58.258,2,13.0,702.0,272.0,985.0,1361.0,812.0,1469.0,958.0,,,,
8249,08:58.292,2,166.0,695.0,401.0,964.0,1456.0,815.0,1566.0,962.0,,,,
8250,08:58.325,2,290.0,690.0,507.0,945.0,1541.0,814.0,1654.0,965.0,,,,
8251,08:58.358,2,391.0,683.0,596.0,932.0,1618.0,816.0,1733.0,968.0,,,,
8252,08:58.392,2,469.0,677.0,667.0,924.0,1682.0,818.0,1802.0,974.0,,,,
8253,08:58.425,2,531.0,675.0,724.0,921.0,1737.0,829.0,1859.0,980.0,,,,
8254,08:58.458,2,579.0,677.0,768.0,916.0,1781.0,834.0,1906.0,989.0,,,,
8255,08:58.492,2,615.0,675.0,799.0,911.0,1815.0,837.0,1941.0,994.0,,,,
8256,08:58.525,2,640.0,668.0,822.0,907.0,1839.0,841.0,1970.0,998.0,,,,
8257,08:58.558,2,656.0,665.0,840.0,901.0,1859.0,848.0,1988.0,1003.0,,,,
8258,08:58.592,2,669.0,659.0,850.0,898.0,1870.0,849.0,2001.0,1007.0,,,,
8259,08:58.625,2,676.0,661.0,857.0,898.0,1877.0,854.0,2009.0,1011.0,,,,
8260,08:58.658,2,679.0,661.0,861.0,897.0,1882.0,854.0,2014.0,1011.0,,,,
8261,08:58.693,2,679.0,660.0,863.0,896.0,1882.0,853.0,2015.0,1011.0,,,,
8262,08:58.727,2,677.0,659.0,860.0,895.0,1879.0,854.0,2012.0,1010.0,,,,
8263,08:58.760,2,675.0,661.0,857.0,895.0,1877.0,852.0,2007.0,1010.0,,,,
8264,08:58.793,2,671.0,660.0,853.0,895.0,1874.0,850.0,2003.0,1009.0,,,,
8265,08:58.827,2,1867.0,851.0,1998.0,1007.0,665.0,659.0,849.0,894.0,,,,
8266,08:58.860,2,660.0,665.0,843.0,899.0,1862.0,855.0,1994.0,1009.0,,,,
8267,08:58.893,2,657.0,665.0,840.0,900.0,1860.0,854.0,1991.0,1010.0,,,,
8268,08:58.927,2,654.0,664.0,837.0,899.0,1858.0,851.0,1988.0,1007.0,,,,
8269,08:58.960,2,651.0,656.0,836.0,896.0,1859.0,849.0,1989.0,1004.0,,,,
8270,08:58.993,2,651.0,653.0,836.0,894.0,1858.0,847.0,1989.0,1002.0,,,,
8271,08:59.027,2,650.0,653.0,835.0,893.0,1860.0,850.0,1991.0,1005.0,,,,
8272,08:59.060,2,649.0,650.0,834.0,892.0,1858.0,851.0,1989.0,1005.0,,,,
8273,08:59.093,2,649.0,650.0,834.0,889.0,1860.0,852.0,1991.0,1004.0,,,,
8274,08:59.127,2,649.0,649.0,834.0,889.0,1860.0,853.0,1991.0,1005.0,,,,
8275,08:59.160,2,646.0,645.0,832.0,884.0,1857.0,849.0,1989.0,1003.0,,,,
8276,08:59.193,2,644.0,645.0,829.0,885.0,1854.0,849.0,1985.0,1003.0,,,,
8277,08:59.227,2,640.0,647.0,825.0,891.0,1848.0,856.0,1980.0,1010.0,,,,
8278,08:59.260,2,637.0,654.0,821.0,896.0,1847.0,861.0,1978.0,1016.0,,,,
8279,08:59.293,2,638.0,656.0,821.0,899.0,1847.0,864.0,1978.0,1018.0,,,,
8280,08:59.327,2,642.0,658.0,824.0,900.0,1849.0,868.0,1984.0,1021.0,,,,
8281,08:59.360,2,647.0,661.0,831.0,902.0,1856.0,872.0,1989.0,1025.0,,,,
8282,08:59.393,2,654.0,663.0,836.0,901.0,1861.0,871.0,1994.0,1024.0,,,,
8283,08:59.427,2,659.0,657.0,843.0,897.0,1868.0,869.0,2001.0,1021.0,,,,
8284,08:59.460,2,663.0,654.0,846.0,893.0,1872.0,861.0,2005.0,1018.0,,,,
8285,08:59.493,2,666.0,653.0,848.0,891.0,1874.0,861.0,2006.0,1017.0,,,,
8286,08:59.527,2,667.0,653.0,849.0,891.0,1874.0,862.0,2007.0,1018.0,,,,
8287,08:59.560,2,667.0,654.0,849.0,892.0,1874.0,864.0,2007.0,1019.0,,,,
8288,08:59.593,2,667.0,653.0,850.0,895.0,1875.0,868.0,2007.0,1021.0,,,,
8289,08:59.627,2,668.0,655.0,850.0,895.0,1875.0,869.0,2009.0,1023.0,,,,
8290,08:59.660,2,670.0,656.0,851.0,897.0,1877.0,869.0,2010.0,1023.0,,,,
8291,08:59.693,2,671.0,660.0,850.0,901.0,1876.0,871.0,2011.0,1025.0,,,,
8292,08:59.727,2,671.0,660.0,850.0,903.0,1876.0,871.0,2011.0,1025.0,,,,
8293,08:59.760,2,672.0,662.0,851.0,908.0,1876.0,872.0,2011.0,1026.0,,,,
8294,08:59.793,2,671.0,663.0,851.0,911.0,1876.0,873.0,2009.0,1026.0,,,,
8295,08:59.827,2,670.0,667.0,850.0,914.0,1875.0,872.0,2008.0,1027.0,,,,
8296,08:59.860,2,669.0,668.0,850.0,916.0,1873.0,873.0,2007.0,1027.0,,,,
8297,08:59.893,2,668.0,669.0,848.0,918.0,1871.0,873.0,2005.0,1028.0,,,,
8298,08:59.927,2,666.0,670.0,848.0,920.0,1869.0,874.0,2004.0,1026.0,,,,
8299,08:59.960,2,664.0,668.0,846.0,921.0,1867.0,873.0,2001.0,1024.0,,,,
8300,08:59.993,2,662.0,669.0,844.0,922.0,1866.0,871.0,2000.0,1022.0,,,,
8301,09:00.027,2,662.0,669.0,844.0,921.0,1864.0,870.0,1996.0,1021.0,,,,
8302,09:00.060,2,661.0,668.0,844.0,920.0,1863.0,871.0,1995.0,1021.0,,,,
8303,09:00.093,2,662.0,667.0,845.0,919.0,1864.0,870.0,1995.0,1021.0,,,,
8304,09:00.127,2,665.0,666.0,848.0,917.0,1864.0,869.0,1995.0,1020.0,,,,
8305,09:00.160,2,665.0,665.0,849.0,916.0,1864.0,869.0,1995.0,1020.0,,,,
8306,09:00.193,2,664.0,665.0,848.0,916.0,1864.0,869.0,1994.0,1021.0,,,,
8307,09:00.227,2,662.0,667.0,848.0,916.0,1863.0,872.0,1994.0,1022.0,,,,
8308,09:00.260,2,661.0,665.0,847.0,915.0,1863.0,871.0,1993.0,1022.0,,,,
8309,09:00.293,2,661.0,668.0,847.0,918.0,1861.0,874.0,1993.0,1024.0,,,,
8310,09:00.327,2,659.0,668.0,845.0,920.0,1862.0,875.0,1993.0,1027.0,,,,
8311,09:00.360,2,658.0,668.0,844.0,921.0,1861.0,877.0,1993.0,1028.0,,,,
8312,09:00.393,2,656.0,667.0,843.0,921.0,1860.0,878.0,1992.0,1028.0,,,,
8313,09:00.427,2,656.0,671.0,842.0,923.0,1861.0,878.0,1992.0,1030.0,,,,
8314,09:00.460,2,655.0,668.0,842.0,918.0,1861.0,877.0,1992.0,1031.0,,,,
8315,09:00.493,2,655.0,672.0,840.0,916.0,1861.0,880.0,1993.0,1034.0,,,,
8316,09:00.527,2,654.0,672.0,840.0,914.0,1862.0,886.0,1992.0,1038.0,,,,
8317,09:00.560,2,654.0,672.0,840.0,912.0,1862.0,887.0,1994.0,1040.0,,,,
8318,09:00.593,2,655.0,671.0,841.0,910.0,1864.0,888.0,1994.0,1040.0,,,,
8319,09:00.627,2,657.0,669.0,842.0,909.0,1865.0,885.0,1997.0,1039.0,,,,
8320,09:00.660,2,658.0,666.0,843.0,907.0,1866.0,883.0,1998.0,1037.0,,,,
8321,09:00.693,2,660.0,668.0,845.0,907.0,1867.0,884.0,2000.0,1037.0,,,,
8322,09:00.727,2,662.0,667.0,847.0,905.0,1870.0,884.0,2003.0,1038.0,,,,
8323,09:00.760,2,1873.0,884.0,2004.0,1040.0,667.0,668.0,850.0,903.0,,,,
8324,09:00.793,2,672.0,669.0,853.0,904.0,1875.0,888.0,2007.0,1042.0,,,,
8325,09:00.827,2,677.0,671.0,857.0,906.0,1879.0,889.0,2012.0,1043.0,,,,
8326,09:00.860,2,681.0,673.0,862.0,907.0,1884.0,890.0,2018.0,1046.0,,,,
8327,09:00.893,2,686.0,674.0,868.0,907.0,1890.0,891.0,2022.0,1046.0,,,,
8328,09:00.927,2,692.0,674.0,873.0,906.0,1893.0,889.0,2025.0,1045.0,,,,
8329,09:00.960,2,698.0,674.0,878.0,908.0,1895.0,889.0,2030.0,1045.0,,,,
8330,09:00.993,2,701.0,676.0,881.0,908.0,1900.0,887.0,2034.0,1045.0,,,,
8331,09:01.027,2,704.0,676.0,884.0,910.0,1905.0,886.0,2036.0,1043.0,,,,
8332,09:01.060,2,713.0,667.0,892.0,909.0,1911.0,881.0,2046.0,1039.0,,,,
8333,09:01.093,2,723.0,671.0,902.0,907.0,1921.0,878.0,2058.0,1037.0,,,,
8334,09:01.127,2,737.0,669.0,914.0,906.0,1935.0,874.0,2073.0,1036.0,,,,
8335,09:01.160,2,749.0,668.0,926.0,903.0,1949.0,875.0,2090.0,1034.0,,,,
8336,09:01.193,2,763.0,665.0,939.0,902.0,1967.0,870.0,2109.0,1034.0,,,,
8337,09:01.227,2,777.0,663.0,953.0,898.0,1982.0,868.0,2130.0,1032.0,,,,
8338,09:01.260,2,793.0,664.0,968.0,897.0,2004.0,867.0,2150.0,1032.0,,,,
8339,09:01.293,2,806.0,665.0,981.0,896.0,2021.0,863.0,2170.0,1030.0,,,,
8340,09:01.327,2,819.0,663.0,994.0,895.0,2037.0,860.0,2187.0,1028.0,,,,
8341,09:01.360,2,829.0,661.0,1004.0,893.0,2052.0,854.0,2203.0,1023.0,,,,
8342,09:01.393,2,839.0,652.0,1010.0,886.0,2062.0,850.0,2213.0,1021.0,,,,
8343,09:01.427,2,846.0,646.0,1017.0,879.0,2070.0,845.0,2221.0,1017.0,,,,
8344,09:01.460,2,849.0,642.0,1022.0,872.0,2073.0,840.0,2227.0,1014.0,,,,
8345,09:01.493,2,853.0,634.0,1025.0,864.0,2077.0,837.0,2230.0,1012.0,,,,
8346,09:01.527,2,854.0,631.0,1027.0,860.0,2077.0,833.0,2231.0,1010.0,,,,
8347,09:01.560,2,855.0,629.0,1027.0,860.0,2078.0,835.0,2232.0,1011.0,,,,
8348,09:01.593,2,856.0,628.0,1029.0,859.0,2080.0,834.0,2232.0,1011.0,,,,
8349,09:01.627,2,858.0,628.0,1030.0,857.0,2080.0,833.0,2233.0,1011.0,,,,
8350,09:01.660,2,859.0,627.0,1031.0,857.0,2082.0,834.0,2234.0,1010.0,,,,
8351,09:01.693,2,860.0,621.0,1032.0,853.0,2084.0,833.0,2236.0,1005.0,,,,
8352,09:01.727,2,861.0,621.0,1033.0,849.0,2085.0,829.0,2238.0,999.0,,,,
8353,09:01.760,2,863.0,618.0,1035.0,848.0,2086.0,827.0,2240.0,997.0,,,,
8354,09:01.793,2,864.0,618.0,1036.0,847.0,2088.0,823.0,2239.0,995.0,,,,
8355,09:01.827,2,864.0,615.0,1036.0,845.0,2089.0,819.0,2240.0,992.0,,,,
8356,09:01.860,2,865.0,613.0,1036.0,845.0,2089.0,818.0,2241.0,989.0,,,,
8357,09:01.893,2,863.0,610.0,1035.0,842.0,2089.0,815.0,2241.0,988.0,,,,
8358,09:01.927,2,862.0,608.0,1035.0,841.0,2087.0,812.0,2239.0,985.0,,,,
8359,09:01.960,2,860.0,608.0,1033.0,841.0,2085.0,810.0,2238.0,983.0,,,,
8360,09:01.993,2,857.0,608.0,1030.0,843.0,2082.0,807.0,2234.0,980.0,,,,
8361,09:02.027,2,856.0,612.0,1027.0,843.0,2079.0,803.0,2231.0,979.0,,,,
8362,09:02.060,2,854.0,608.0,1025.0,840.0,2075.0,799.0,2229.0,974.0,,,,
8363,09:02.093,2,853.0,608.0,1023.0,839.0,2071.0,798.0,2225.0,970.0,,,,
8364,09:02.127,2,851.0,610.0,1021.0,838.0,2067.0,795.0,2222.0,969.0,,,,
8365,09:02.160,2,849.0,610.0,1019.0,837.0,2067.0,794.0,2218.0,966.0,,,,
8366,09:02.193,2,847.0,612.0,1018.0,838.0,2064.0,792.0,2216.0,963.0,,,,
8367,09:02.227,2,847.0,614.0,1016.0,843.0,2064.0,792.0,2214.0,963.0,,,,
8368,09:02.260,2,847.0,614.0,1015.0,845.0,2064.0,788.0,2215.0,961.0,,,,
8369,09:02.293,2,844.0,614.0,1011.0,846.0,2064.0,788.0,2214.0,960.0,,,,
8370,09:02.327,2,841.0,615.0,1006.0,849.0,2061.0,786.0,2212.0,960.0,,,,
8371,09:02.360,2,834.0,615.0,1003.0,848.0,2058.0,785.0,2210.0,959.0,,,,
8372,09:02.393,2,829.0,615.0,999.0,847.0,2056.0,784.0,2207.0,958.0,,,,
8373,09:02.427,2,824.0,615.0,996.0,847.0,2054.0,785.0,2203.0,958.0,,,,
8374,09:02.460,2,820.0,613.0,993.0,847.0,2053.0,786.0,2201.0,957.0,,,,
8375,09:02.493,2,813.0,615.0,989.0,847.0,2051.0,784.0,2201.0,956.0,,,,
8376,09:02.527,2,808.0,614.0,984.0,845.0,2050.0,783.0,2199.0,954.0,,,,
8377,09:02.560,2,802.0,612.0,978.0,843.0,2047.0,779.0,2197.0,952.0,,,,
8378,09:02.593,2,798.0,613.0,976.0,843.0,2044.0,779.0,2194.0,952.0,,,,
8379,09:02.627,2,794.0,612.0,972.0,844.0,2041.0,781.0,2191.0,952.0,,,,
8380,09:02.662,2,791.0,615.0,968.0,848.0,2042.0,787.0,2190.0,956.0,,,,
8381,09:02.695,2,790.0,619.0,969.0,853.0,2043.0,792.0,2191.0,962.0,,,,
8382,09:02.728,2,793.0,634.0,970.0,863.0,2045.0,802.0,2196.0,973.0,,,,
8383,09:02.762,2,796.0,641.0,973.0,870.0,2051.0,804.0,2200.0,979.0,,,,
8384,09:02.795,2,799.0,644.0,979.0,872.0,2055.0,805.0,2204.0,980.0,,,,
8385,09:02.828,2,802.0,647.0,981.0,874.0,2056.0,806.0,2209.0,982.0,,,,
8386,09:02.862,2,805.0,647.0,984.0,874.0,2059.0,809.0,2212.0,984.0,,,,
8387,09:02.895,2,807.0,649.0,985.0,876.0,2062.0,813.0,2212.0,986.0,,,,
8388,09:02.928,2,810.0,651.0,986.0,878.0,2062.0,815.0,2212.0,988.0,,,,
8389,09:02.962,2,812.0,651.0,988.0,878.0,2062.0,815.0,2212.0,988.0,,,,
8390,09:02.995,2,813.0,653.0,988.0,879.0,2061.0,815.0,2210.0,989.0,,,,
8391,09:03.028,2,815.0,654.0,990.0,882.0,2060.0,816.0,2210.0,989.0,,,,
8392,09:03.062,2,816.0,654.0,992.0,884.0,2058.0,813.0,2209.0,988.0,,,,
8393,09:03.095,2,817.0,656.0,991.0,888.0,2057.0,811.0,2207.0,987.0,,,,
8394,09:03.128,2,817.0,659.0,990.0,888.0,2054.0,812.0,2203.0,985.0,,,,
8395,09:03.162,2,815.0,658.0,987.0,890.0,2049.0,811.0,2199.0,983.0,,,,
8396,09:03.195,2,811.0,659.0,985.0,890.0,2043.0,805.0,2193.0,979.0,,,,
8397,09:03.228,2,808.0,657.0,982.0,890.0,2038.0,804.0,2188.0,976.0,,,,
8398,09:03.262,2,805.0,654.0,980.0,889.0,2033.0,801.0,2184.0,974.0,,,,
8399,09:03.295,2,804.0,646.0,978.0,878.0,2032.0,795.0,2179.0,962.0,,,,
8400,09:03.328,2,802.0,626.0,978.0,859.0,2028.0,772.0,2177.0,943.0,,,,
8401,09:03.362,2,802.0,621.0,977.0,856.0,2028.0,770.0,2177.0,938.0,,,,
8402,09:03.395,2,800.0,619.0,977.0,853.0,2028.0,767.0,2176.0,934.0,,,,
8403,09:03.428,2,801.0,611.0,976.0,842.0,2027.0,759.0,2175.0,928.0,,,,
8404,09:03.462,2,802.0,611.0,976.0,843.0,2028.0,758.0,2176.0,929.0,,,,
8405,09:03.495,2,802.0,611.0,976.0,843.0,2029.0,759.0,2177.0,929.0,,,,
8406,09:03.528,2,802.0,610.0,977.0,839.0,2030.0,758.0,2178.0,928.0,,,,
8407,09:03.562,2,803.0,608.0,978.0,838.0,2032.0,758.0,2180.0,928.0,,,,
8408,09:03.595,2,804.0,607.0,979.0,837.0,2035.0,759.0,2182.0,928.0,,,,
8409,09:03.628,2,806.0,604.0,982.0,836.0,2037.0,758.0,2184.0,926.0,,,,
8410,09:03.662,2,807.0,606.0,982.0,837.0,2040.0,758.0,2187.0,927.0,,,,
8411,09:03.695,2,808.0,607.0,983.0,838.0,2041.0,757.0,2189.0,927.0,,,,
8412,09:03.728,2,808.0,607.0,983.0,840.0,2043.0,759.0,2190.0,929.0,,,,
8413,09:03.762,2,808.0,609.0,983.0,845.0,2044.0,760.0,2191.0,929.0,,,,
8414,09:03.795,2,808.0,610.0,983.0,848.0,2045.0,761.0,2192.0,930.0,,,,
8415,09:03.828,2,807.0,613.0,983.0,849.0,2044.0,762.0,2192.0,930.0,,,,
8416,09:03.862,2,806.0,614.0,983.0,850.0,2044.0,764.0,2192.0,931.0,,,,
8417,09:03.895,2,806.0,616.0,984.0,851.0,2044.0,762.0,2192.0,930.0,,,,
8418,09:03.928,2,806.0,618.0,984.0,851.0,2044.0,761.0,2192.0,930.0,,,,
8419,09:03.962,2,806.0,622.0,984.0,853.0,2046.0,761.0,2193.0,929.0,,,,
8420,09:03.995,2,808.0,624.0,985.0,854.0,2048.0,758.0,2196.0,928.0,,,,
8421,09:04.028,2,810.0,624.0,986.0,855.0,2049.0,757.0,2199.0,927.0,,,,
8422,09:04.062,2,811.0,627.0,986.0,856.0,2051.0,753.0,2201.0,925.0,,,,
8423,09:04.095,2,810.0,626.0,986.0,855.0,2051.0,749.0,2200.0,923.0,,,,
8424,09:04.128,2,809.0,626.0,985.0,856.0,2050.0,750.0,2199.0,923.0,,,,
8425,09:04.162,2,808.0,625.0,985.0,855.0,2049.0,748.0,2199.0,921.0,,,,
8426,09:04.195,2,808.0,623.0,985.0,854.0,2049.0,747.0,2199.0,920.0,,,,
8427,09:04.228,2,808.0,623.0,985.0,854.0,2048.0,742.0,2200.0,917.0,,,,
8428,09:04.262,2,808.0,623.0,985.0,854.0,2048.0,740.0,2199.0,914.0,,,,
8429,09:04.295,2,808.0,623.0,984.0,854.0,2048.0,739.0,2198.0,912.0,,,,
8430,09:04.328,2,808.0,622.0,984.0,855.0,2045.0,739.0,2198.0,911.0,,,,
8431,09:04.362,2,807.0,623.0,984.0,855.0,2052.0,738.0,2198.0,910.0,,,,
8432,09:04.395,2,808.0,623.0,984.0,854.0,2044.0,737.0,2196.0,910.0,,,,
8433,09:04.428,2,808.0,626.0,985.0,854.0,2045.0,738.0,2196.0,911.0,,,,
8434,09:04.462,2,808.0,626.0,984.0,854.0,2042.0,739.0,2193.0,911.0,,,,
8435,09:04.495,2,807.0,624.0,985.0,853.0,2042.0,738.0,2193.0,910.0,,,,
8436,09:04.528,2,806.0,625.0,984.0,854.0,2040.0,737.0,2191.0,910.0,,,,
8437,09:04.562,2,805.0,624.0,982.0,854.0,2039.0,735.0,2188.0,908.0,,,,
8438,09:04.595,2,804.0,622.0,981.0,852.0,2039.0,736.0,2184.0,906.0,,,,
8439,09:04.628,2,802.0,623.0,980.0,852.0,2037.0,734.0,2181.0,904.0,,,,
8440,09:04.662,2,800.0,624.0,978.0,853.0,2035.0,733.0,2178.0,904.0,,,,
8441,09:04.695,2,799.0,626.0,977.0,853.0,2031.0,733.0,2176.0,903.0,,,,
8442,09:04.728,2,797.0,626.0,974.0,855.0,2028.0,733.0,2174.0,901.0,,,,
8443,09:04.762,2,794.0,625.0,971.0,856.0,2025.0,731.0,2170.0,900.0,,,,
8444,09:04.795,2,791.0,624.0,969.0,856.0,2022.0,730.0,2165.0,898.0,,,,
8445,09:04.828,2,788.0,625.0,966.0,858.0,2017.0,729.0,2160.0,899.0,,,,
8446,09:04.862,2,783.0,623.0,963.0,858.0,2011.0,726.0,2155.0,898.0,,,,
8447,09:04.895,2,781.0,626.0,959.0,858.0,2007.0,728.0,2149.0,897.0,,,,
8448,09:04.928,2,775.0,629.0,955.0,861.0,2001.0,731.0,2143.0,897.0,,,,
8449,09:04.962,2,771.0,631.0,949.0,863.0,1996.0,735.0,2137.0,898.0,,,,
8450,09:04.995,2,766.0,632.0,944.0,864.0,1990.0,734.0,2129.0,898.0,,,,
8451,09:05.028,2,760.0,631.0,938.0,867.0,1983.0,735.0,2122.0,898.0,,,,
8452,09:05.062,2,755.0,632.0,933.0,868.0,1976.0,732.0,2116.0,896.0,,,,
8453,09:05.095,2,746.0,633.0,926.0,868.0,1969.0,731.0,2108.0,893.0,,,,
8454,09:05.128,2,1957.0,730.0,2095.0,892.0,737.0,641.0,917.0,871.0,,,,
8455,09:05.162,2,725.0,641.0,904.0,875.0,1944.0,728.0,2080.0,889.0,,,,
8456,09:05.195,2,711.0,646.0,892.0,877.0,1928.0,726.0,2064.0,890.0,,,,
8457,09:05.228,2,699.0,645.0,880.0,881.0,1916.0,727.0,2049.0,888.0,,,,
8458,09:05.262,2,1904.0,727.0,2037.0,888.0,689.0,649.0,871.0,883.0,,,,
8459,09:05.295,2,679.0,646.0,865.0,886.0,1893.0,726.0,2028.0,886.0,,,,
8460,09:05.328,2,673.0,652.0,857.0,890.0,1888.0,729.0,2020.0,884.0,,,,
8461,09:05.362,2,669.0,654.0,852.0,893.0,1884.0,726.0,2015.0,883.0,,,,
8462,09:05.395,2,665.0,660.0,849.0,895.0,1878.0,725.0,2012.0,882.0,,,,
8463,09:05.428,2,658.0,668.0,844.0,904.0,1870.0,725.0,2002.0,884.0,,,,
8464,09:05.462,2,644.0,688.0,833.0,921.0,1859.0,732.0,1989.0,887.0,,,,
8465,09:05.495,2,1833.0,730.0,1964.0,891.0,620.0,706.0,809.0,943.0,,,,
8466,09:05.528,2,584.0,737.0,777.0,977.0,1799.0,740.0,1926.0,896.0,,,,
8467,09:05.562,2,535.0,766.0,734.0,1013.0,1752.0,749.0,1876.0,903.0,,,,
8468,09:05.595,2,1696.0,751.0,1816.0,905.0,474.0,805.0,678.0,1045.0,,,,
8469,09:05.628,2,1630.0,764.0,1749.0,909.0,402.0,838.0,609.0,1083.0,,,,
8470,09:05.662,2,1566.0,761.0,1681.0,911.0,316.0,869.0,539.0,1121.0,,,,
8471,09:05.695,2,1500.0,765.0,1614.0,912.0,229.0,904.0,463.0,1163.0,,,,
8472,09:05.728,2,1438.0,772.0,1551.0,918.0,141.0,942.0,392.0,1211.0,,,,
8473,09:05.762,2,1384.0,782.0,1497.0,926.0,59.0,983.0,324.0,1265.0,,,,
8474,09:05.795,2,1341.0,794.0,1450.0,935.0,-15.0,1038.0,265.0,1322.0,,,,
8475,09:05.828,2,1298.0,809.0,1410.0,951.0,-67.0,1092.0,206.0,1383.0,,,,
8476,09:05.862,2,1258.0,824.0,1370.0,968.0,-110.0,1148.0,143.0,1455.0,,,,
8477,09:05.895,1,1204.0,849.0,1317.0,992.0,,,,,,,,
8478,09:05.928,2,1150.0,872.0,1262.0,1010.0,2255.0,235.0,2494.0,535.0,,,,
8479,09:05.962,2,1095.0,887.0,1207.0,1030.0,2165.0,254.0,2398.0,539.0,,,,
8480,09:05.995,2,1046.0,899.0,1160.0,1044.0,2082.0,279.0,2329.0,557.0,,,,
8481,09:06.028,2,1009.0,911.0,1124.0,1053.0,2031.0,299.0,2264.0,563.0,,,,
8482,09:06.062,2,980.0,913.0,1094.0,1056.0,1985.0,307.0,2213.0,562.0,,,,
8483,09:06.095,2,960.0,910.0,1075.0,1059.0,1956.0,309.0,2178.0,562.0,,,,
8484,09:06.128,2,947.0,913.0,1063.0,1056.0,1942.0,312.0,2166.0,568.0,,,,
8485,09:06.162,2,937.0,915.0,1053.0,1060.0,1928.0,323.0,2142.0,573.0,,,,
8486,09:06.195,2,924.0,920.0,1040.0,1064.0,1910.0,337.0,2121.0,584.0,,,,
8487,09:06.237,2,893.0,931.0,1012.0,1078.0,1877.0,347.0,2080.0,596.0,,,,
8488,09:06.262,2,853.0,944.0,972.0,1093.0,1823.0,351.0,2020.0,605.0,,,,
8489,09:06.295,2,805.0,961.0,924.0,1107.0,1763.0,363.0,1957.0,614.0,,,,
8490,09:06.328,2,750.0,981.0,873.0,1127.0,1697.0,379.0,1883.0,621.0,,,,
8491,09:06.362,2,697.0,997.0,824.0,1142.0,1641.0,394.0,1822.0,630.0,,,,
8492,09:06.395,2,656.0,1006.0,785.0,1154.0,1592.0,397.0,1770.0,629.0,,,,
8493,09:06.428,2,631.0,1012.0,762.0,1163.0,1560.0,397.0,1732.0,629.0,,,,
8494,09:06.462,2,618.0,1016.0,748.0,1174.0,1540.0,399.0,1716.0,625.0,,,,
8495,09:06.495,2,619.0,1025.0,751.0,1184.0,1537.0,401.0,1711.0,629.0,,,,
8496,09:06.528,2,634.0,1031.0,768.0,1189.0,1552.0,408.0,1719.0,632.0,,,,
8497,09:06.562,2,1574.0,415.0,1743.0,641.0,661.0,1040.0,791.0,1194.0,,,,
8498,09:06.595,2,684.0,1053.0,813.0,1202.0,1600.0,426.0,1767.0,650.0,,,,
8499,09:06.628,2,708.0,1048.0,835.0,1210.0,1626.0,439.0,1792.0,665.0,,,,
8500,09:06.662,2,737.0,1055.0,862.0,1209.0,1653.0,441.0,1824.0,671.0,,,,
8501,09:06.695,2,775.0,1053.0,899.0,1203.0,1690.0,435.0,1865.0,667.0,,,,
8502,09:06.728,2,1742.0,420.0,1919.0,662.0,819.0,1042.0,944.0,1193.0,,,,
8503,09:06.762,2,863.0,1035.0,983.0,1184.0,1793.0,415.0,1976.0,656.0,,,,
8504,09:06.797,2,893.0,1023.0,1014.0,1176.0,1833.0,408.0,2020.0,650.0,,,,
8505,09:06.830,2,1853.0,399.0,2042.0,643.0,909.0,1017.0,1030.0,1161.0,,,,
8506,09:06.863,2,916.0,1007.0,1033.0,1148.0,1864.0,389.0,2053.0,630.0,,,,
8507,09:06.897,2,918.0,997.0,1037.0,1138.0,1872.0,380.0,2061.0,621.0,,,,
8508,09:06.930,2,1880.0,364.0,2071.0,612.0,924.0,987.0,1043.0,1125.0,,,,
8509,09:06.963,2,928.0,973.0,1047.0,1115.0,1890.0,354.0,2080.0,601.0,,,,
8510,09:06.997,2,932.0,963.0,1052.0,1106.0,1899.0,351.0,2089.0,596.0,,,,
8511,09:07.030,2,936.0,958.0,1054.0,1102.0,1903.0,348.0,2099.0,596.0,,,,
8512,09:07.063,2,1911.0,347.0,2104.0,596.0,938.0,956.0,1057.0,1099.0,,,,
8513,09:07.097,2,1913.0,347.0,2107.0,593.0,940.0,955.0,1058.0,1096.0,,,,
8514,09:07.130,2,940.0,949.0,1059.0,1091.0,1915.0,345.0,2110.0,590.0,,,,
8515,09:07.163,2,943.0,938.0,1060.0,1083.0,1917.0,338.0,2120.0,585.0,,,,
8516,09:07.197,2,945.0,930.0,1060.0,1078.0,1923.0,336.0,2127.0,583.0,,,,
8517,09:07.230,2,948.0,922.0,1067.0,1067.0,1932.0,328.0,2141.0,573.0,,,,
8518,09:07.263,2,962.0,910.0,1076.0,1055.0,1958.0,321.0,2169.0,567.0,,,,
8519,09:07.297,2,987.0,894.0,1100.0,1035.0,1999.0,317.0,2217.0,562.0,,,,
8520,09:07.330,2,1030.0,873.0,1143.0,1014.0,2077.0,291.0,2307.0,560.0,,,,
8521,09:07.372,2,1095.0,843.0,1206.0,985.0,2194.0,283.0,2412.0,551.0,,,,
8522,09:07.397,1,1178.0,812.0,1289.0,956.0,,,,,,,,
8523,09:07.430,2,1266.0,788.0,1378.0,930.0,-1.0,1028.0,201.0,1293.0,,,,
8524,09:07.463,2,1355.0,763.0,1468.0,913.0,136.0,966.0,332.0,1216.0,,,,
8525,09:07.497,2,1438.0,755.0,1550.0,902.0,253.0,912.0,438.0,1162.0,,,,
8526,09:07.530,2,1514.0,743.0,1629.0,892.0,361.0,877.0,529.0,1116.0,,,,
8527,09:07.563,2,1585.0,738.0,1700.0,888.0,450.0,847.0,610.0,1084.0,,,,
8528,09:07.597,2,1645.0,740.0,1763.0,892.0,517.0,822.0,672.0,1057.0,,,,
8529,09:07.630,2,1701.0,744.0,1822.0,900.0,582.0,793.0,729.0,1029.0,,,,
8530,09:07.663,2,1754.0,748.0,1879.0,905.0,638.0,767.0,776.0,1002.0,,,,
8531,09:07.697,2,1799.0,746.0,1928.0,907.0,681.0,740.0,822.0,974.0,,,,
8532,09:07.730,2,1837.0,742.0,1968.0,903.0,717.0,716.0,853.0,945.0,,,,
8533,09:07.763,2,1864.0,735.0,1995.0,893.0,739.0,699.0,878.0,927.0,,,,
8534,09:07.797,2,1876.0,715.0,2010.0,878.0,749.0,679.0,889.0,911.0,,,,
8535,09:07.830,2,1872.0,703.0,2002.0,866.0,743.0,668.0,883.0,898.0,,,,
8536,09:07.863,2,1854.0,703.0,1985.0,864.0,725.0,660.0,865.0,890.0,,,,
8537,09:07.897,2,1823.0,709.0,1951.0,871.0,692.0,654.0,838.0,889.0,,,,
8538,09:07.930,2,1773.0,715.0,1900.0,871.0,646.0,648.0,794.0,884.0,,,,
8539,09:07.963,2,575.0,642.0,729.0,883.0,1710.0,712.0,1834.0,868.0,,,,
8540,09:07.997,2,1637.0,713.0,1754.0,863.0,489.0,638.0,651.0,883.0,,,,
8541,09:08.030,2,1559.0,707.0,1673.0,857.0,396.0,630.0,565.0,883.0,,,,
8542,09:08.063,2,1484.0,708.0,1595.0,856.0,288.0,626.0,471.0,886.0,,,,
8543,09:08.097,2,1414.0,704.0,1524.0,852.0,181.0,624.0,380.0,893.0,,,,
8544,09:08.130,2,1350.0,707.0,1456.0,852.0,70.0,619.0,283.0,898.0,,,,
8545,09:08.163,2,1294.0,709.0,1400.0,855.0,-9.0,622.0,199.0,900.0,,,,
8546,09:08.197,2,1244.0,708.0,1349.0,856.0,-88.0,619.0,115.0,904.0,,,,
8547,09:08.230,1,1197.0,713.0,1301.0,857.0,,,,,,,,
8548,09:08.263,1,1156.0,716.0,1259.0,860.0,,,,,,,,
8549,09:08.297,1,1113.0,720.0,1218.0,865.0,,,,,,,,
8550,09:08.330,1,1072.0,727.0,1178.0,869.0,,,,,,,,
8551,09:08.363,2,1035.0,732.0,1140.0,875.0,2237.0,559.0,2445.0,821.0,,,,
8552,09:08.397,2,1000.0,733.0,1107.0,879.0,2184.0,558.0,2394.0,822.0,,,,
8553,09:08.430,2,965.0,736.0,1073.0,882.0,2134.0,552.0,2363.0,820.0,,,,
8554,09:08.463,2,933.0,742.0,1040.0,884.0,2085.0,550.0,2313.0,821.0,,,,
8555,09:08.497,2,898.0,745.0,1005.0,889.0,2040.0,557.0,2256.0,821.0,,,,
8556,09:08.530,2,1985.0,567.0,2197.0,824.0,857.0,750.0,967.0,897.0,,,,
8557,09:08.563,2,808.0,762.0,919.0,905.0,1925.0,583.0,2130.0,828.0,,,,
8558,09:08.597,2,741.0,772.0,855.0,920.0,1850.0,589.0,2040.0,832.0,,,,
8559,09:08.630,2,1767.0,596.0,1950.0,837.0,664.0,784.0,783.0,935.0,,,,
8560,09:08.663,2,585.0,792.0,707.0,947.0,1687.0,606.0,1862.0,839.0,,,,
8561,09:08.697,2,1612.0,613.0,1783.0,842.0,503.0,802.0,630.0,959.0,,,,
8562,09:08.730,2,1550.0,621.0,1714.0,844.0,429.0,808.0,563.0,971.0,,,,
8563,09:08.763,2,367.0,818.0,506.0,985.0,1497.0,623.0,1660.0,847.0,,,,
8564,09:08.797,2,1457.0,631.0,1621.0,852.0,317.0,829.0,461.0,997.0,,,,
8565,09:08.830,2,1425.0,631.0,1586.0,852.0,276.0,828.0,426.0,1001.0,,,,
8566,09:08.863,2,1404.0,632.0,1564.0,849.0,246.0,828.0,398.0,1002.0,,,,
8567,09:08.897,2,1389.0,627.0,1549.0,846.0,235.0,823.0,386.0,997.0,,,,
8568,09:08.930,2,1386.0,619.0,1543.0,836.0,233.0,818.0,383.0,992.0,,,,
8569,09:08.963,2,1387.0,609.0,1545.0,828.0,235.0,809.0,386.0,981.0,,,,
8570,09:08.997,2,1391.0,596.0,1552.0,818.0,251.0,799.0,398.0,972.0,,,,
8571,09:09.030,2,1403.0,594.0,1562.0,811.0,265.0,795.0,410.0,964.0,,,,
8572,09:09.063,2,1411.0,593.0,1568.0,811.0,280.0,797.0,423.0,964.0,,,,
8573,09:09.097,2,1416.0,593.0,1575.0,811.0,286.0,796.0,432.0,963.0,,,,
8574,09:09.130,2,1418.0,593.0,1579.0,810.0,294.0,796.0,437.0,962.0,,,,
8575,09:09.163,2,1422.0,594.0,1583.0,813.0,298.0,795.0,440.0,962.0,,,,
8576,09:09.197,2,1428.0,598.0,1588.0,816.0,306.0,795.0,444.0,962.0,,,,
8577,09:09.230,2,1434.0,602.0,1594.0,819.0,311.0,796.0,452.0,960.0,,,,
8578,09:09.263,2,1444.0,605.0,1601.0,824.0,321.0,795.0,461.0,960.0,,,,
8579,09:09.297,2,1453.0,602.0,1614.0,823.0,336.0,791.0,472.0,956.0,,,,
8580,09:09.330,2,1465.0,601.0,1629.0,822.0,349.0,787.0,488.0,951.0,,,,
8581,09:09.363,2,367.0,785.0,502.0,946.0,1482.0,602.0,1646.0,822.0,,,,
8582,09:09.397,2,388.0,784.0,522.0,945.0,1499.0,603.0,1663.0,825.0,,,,
8583,09:09.430,2,409.0,779.0,544.0,941.0,1517.0,598.0,1684.0,822.0,,,,
8584,09:09.463,2,1541.0,596.0,1710.0,817.0,435.0,772.0,568.0,933.0,,,,
8585,09:09.497,2,1568.0,590.0,1739.0,816.0,467.0,769.0,597.0,925.0,,,,
8586,09:09.530,2,514.0,766.0,640.0,919.0,1607.0,589.0,1783.0,815.0,,,,
8587,09:09.563,2,578.0,763.0,699.0,915.0,1666.0,589.0,1845.0,815.0,,,,
8588,09:09.597,2,1745.0,582.0,1932.0,818.0,657.0,756.0,773.0,905.0,,,,
8589,09:09.630,2,748.0,750.0,861.0,900.0,1841.0,575.0,2041.0,817.0,,,,
8590,09:09.663,2,845.0,743.0,954.0,890.0,1956.0,565.0,2170.0,816.0,,,,
8591,09:09.697,2,941.0,739.0,1049.0,879.0,2082.0,553.0,2314.0,817.0,,,,
8592,09:09.730,2,1037.0,729.0,1141.0,871.0,2222.0,554.0,2443.0,817.0,,,,
8593,09:09.763,1,1127.0,726.0,1230.0,868.0,,,,,,,,
8594,09:09.797,1,1215.0,729.0,1318.0,869.0,,,,,,,,
8595,09:09.830,2,1304.0,736.0,1409.0,879.0,-11.0,580.0,202.0,857.0,,,,
8596,09:09.863,2,104.0,579.0,336.0,848.0,1395.0,750.0,1504.0,895.0,,,,
8597,09:09.897,2,1491.0,763.0,1601.0,906.0,250.0,579.0,463.0,838.0,,,,
8598,09:09.930,2,357.0,583.0,568.0,836.0,1582.0,780.0,1697.0,929.0,,,,
8599,09:09.963,2,462.0,589.0,660.0,837.0,1666.0,801.0,1786.0,950.0,,,,
8600,09:09.997,2,1741.0,822.0,1865.0,978.0,548.0,600.0,737.0,840.0,,,,
8601,09:10.030,2,613.0,597.0,799.0,839.0,1803.0,834.0,1933.0,995.0,,,,
8602,09:10.063,2,664.0,601.0,846.0,837.0,1857.0,858.0,1989.0,1017.0,,,,
8603,09:10.097,2,699.0,607.0,879.0,844.0,1894.0,873.0,2030.0,1035.0,,,,
8604,09:10.130,2,722.0,608.0,903.0,845.0,1921.0,887.0,2060.0,1050.0,,,,
8605,09:10.163,2,740.0,607.0,918.0,845.0,1942.0,891.0,2082.0,1060.0,,,,
8606,09:10.197,2,753.0,603.0,932.0,844.0,1955.0,894.0,2100.0,1063.0,,,,
8607,09:10.230,2,758.0,599.0,937.0,837.0,1962.0,892.0,2107.0,1062.0,,,,
8608,09:10.263,2,760.0,599.0,938.0,835.0,1964.0,893.0,2108.0,1063.0,,,,
8609,09:10.297,2,757.0,596.0,935.0,834.0,1960.0,894.0,2105.0,1063.0,,,,
8610,09:10.330,2,748.0,593.0,929.0,832.0,1950.0,893.0,2095.0,1062.0,,,,
8611,09:10.363,2,740.0,599.0,919.0,835.0,1943.0,899.0,2084.0,1065.0,,,,
8612,09:10.397,2,731.0,601.0,910.0,836.0,1931.0,898.0,2073.0,1062.0,,,,
8613,09:10.430,2,720.0,602.0,901.0,837.0,1920.0,895.0,2061.0,1061.0,,,,
8614,09:10.463,2,710.0,612.0,891.0,844.0,1911.0,898.0,2049.0,1061.0,,,,
8615,09:10.497,2,696.0,612.0,876.0,849.0,1893.0,891.0,2032.0,1055.0,,,,
8616,09:10.530,2,668.0,614.0,851.0,850.0,1866.0,892.0,2001.0,1048.0,,,,
8617,09:10.563,2,1825.0,878.0,1955.0,1034.0,623.0,610.0,810.0,852.0,,,,
8618,09:10.597,2,563.0,612.0,753.0,853.0,1767.0,865.0,1893.0,1019.0,,,,
8619,09:10.630,2,1698.0,857.0,1820.0,1008.0,485.0,609.0,683.0,859.0,,,,
8620,09:10.663,2,391.0,614.0,600.0,870.0,1624.0,855.0,1742.0,1002.0,,,,
8621,09:10.698,2,1549.0,848.0,1662.0,995.0,292.0,615.0,510.0,879.0,,,,
8622,09:10.732,2,1473.0,848.0,1585.0,992.0,178.0,618.0,413.0,890.0,,,,
8623,09:10.765,2,1405.0,845.0,1513.0,992.0,63.0,627.0,316.0,907.0,,,,
8624,09:10.798,2,1341.0,850.0,1446.0,993.0,-34.0,638.0,219.0,925.0,,,,
8625,09:10.832,2,1284.0,850.0,1386.0,992.0,-104.0,647.0,125.0,945.0,,,,
8626,09:10.865,1,1231.0,848.0,1334.0,991.0,,,,,,,,
8627,09:10.898,1,1182.0,848.0,1285.0,988.0,,,,,,,,
8628,09:10.932,2,1133.0,841.0,1238.0,984.0,2263.0,738.0,2436.0,993.0,,,,
8629,09:10.965,2,1090.0,839.0,1192.0,981.0,2186.0,712.0,2354.0,977.0,,,,
8630,09:10.998,2,1046.0,838.0,1149.0,980.0,2115.0,710.0,2295.0,968.0,,,,
8631,09:11.032,2,1003.0,838.0,1107.0,981.0,2053.0,702.0,2215.0,959.0,,,,
8632,09:11.065,2,959.0,839.0,1065.0,983.0,1991.0,697.0,2152.0,948.0,,,,
8633,09:11.098,2,911.0,843.0,1018.0,986.0,1927.0,699.0,2081.0,944.0,,,,
8634,09:11.132,2,861.0,849.0,969.0,993.0,1866.0,700.0,2009.0,936.0,,,,
8635,09:11.165,2,810.0,860.0,921.0,1004.0,1806.0,702.0,1948.0,937.0,,,,
8636,09:11.198,2,765.0,866.0,876.0,1012.0,1752.0,703.0,1889.0,936.0,,,,
8637,09:11.232,2,722.0,870.0,837.0,1020.0,1706.0,706.0,1845.0,936.0,,,,
8638,09:11.265,2,688.0,882.0,802.0,1027.0,1669.0,706.0,1805.0,937.0,,,,
8639,09:11.298,2,659.0,886.0,779.0,1033.0,1637.0,707.0,1770.0,932.0,,,,
8640,09:11.332,2,636.0,887.0,755.0,1038.0,1611.0,704.0,1744.0,932.0,,,,
8641,09:11.365,2,615.0,895.0,738.0,1047.0,1590.0,708.0,1722.0,930.0,,,,
8642,09:11.398,2,601.0,901.0,724.0,1052.0,1574.0,710.0,1703.0,931.0,,,,
8643,09:11.432,2,587.0,906.0,711.0,1062.0,1561.0,710.0,1688.0,933.0,,,,
8644,09:11.465,2,578.0,914.0,700.0,1066.0,1547.0,711.0,1672.0,935.0,,,,
8645,09:11.498,2,566.0,918.0,691.0,1073.0,1536.0,713.0,1664.0,936.0,,,,
8646,09:11.532,2,559.0,924.0,683.0,1076.0,1530.0,716.0,1657.0,936.0,,,,
8647,09:11.565,2,553.0,923.0,679.0,1078.0,1524.0,714.0,1650.0,934.0,,,,
8648,09:11.598,2,550.0,924.0,675.0,1080.0,1521.0,716.0,1645.0,937.0,,,,
8649,09:11.632,2,549.0,926.0,675.0,1082.0,1519.0,717.0,1645.0,937.0,,,,
8650,09:11.665,2,551.0,925.0,678.0,1081.0,1523.0,719.0,1649.0,937.0,,,,
8651,09:11.698,2,559.0,927.0,683.0,1078.0,1532.0,719.0,1660.0,938.0,,,,
8652,09:11.732,2,573.0,920.0,696.0,1073.0,1546.0,720.0,1671.0,939.0,,,,
8653,09:11.765,2,599.0,911.0,720.0,1063.0,1570.0,719.0,1697.0,938.0,,,,
8654,09:11.798,2,636.0,906.0,755.0,1056.0,1606.0,717.0,1733.0,939.0,,,,
8655,09:11.832,2,678.0,897.0,795.0,1043.0,1650.0,715.0,1782.0,938.0,,,,
8656,09:11.865,2,725.0,884.0,841.0,1032.0,1699.0,715.0,1832.0,939.0,,,,
8657,09:11.898,2,773.0,884.0,885.0,1026.0,1748.0,717.0,1887.0,942.0,,,,
8658,09:11.932,2,816.0,883.0,928.0,1026.0,1798.0,719.0,1938.0,951.0,,,,
8659,09:11.965,2,859.0,887.0,967.0,1026.0,1847.0,731.0,1993.0,968.0,,,,
8660,09:11.998,2,901.0,881.0,1009.0,1023.0,1904.0,746.0,2054.0,983.0,,,,
8661,09:12.032,2,942.0,873.0,1051.0,1018.0,1962.0,754.0,2117.0,998.0,,,,
8662,09:12.065,2,989.0,865.0,1095.0,1007.0,2023.0,764.0,2189.0,1008.0,,,,
8663,09:12.098,2,1039.0,856.0,1143.0,997.0,2092.0,770.0,2265.0,1023.0,,,,
8664,09:12.132,2,1088.0,845.0,1194.0,988.0,2168.0,778.0,2345.0,1034.0,,,,
8665,09:12.165,2,1137.0,843.0,1242.0,987.0,2245.0,806.0,2419.0,1052.0,,,,
8666,09:12.198,1,1181.0,848.0,1286.0,990.0,,,,,,,,
8667,09:12.232,1,1226.0,860.0,1330.0,1003.0,,,,,,,,
8668,09:12.265,2,1269.0,874.0,1376.0,1016.0,-71.0,618.0,158.0,905.0,,,,
8669,09:12.298,2,1303.0,886.0,1410.0,1029.0,-16.0,620.0,211.0,904.0,,,,
8670,09:12.332,2,1327.0,891.0,1432.0,1034.0,9.0,616.0,253.0,904.0,,,,
8671,09:12.365,2,1335.0,888.0,1439.0,1029.0,18.0,609.0,263.0,896.0,,,,
8672,09:12.398,2,1327.0,878.0,1434.0,1022.0,8.0,602.0,251.0,891.0,,,,
8673,09:12.432,2,-4.0,591.0,230.0,880.0,1313.0,868.0,1419.0,1012.0,,,,
8674,09:12.465,2,1292.0,865.0,1397.0,1007.0,-30.0,584.0,196.0,869.0,,,,
8675,09:12.498,2,1265.0,863.0,1369.0,1006.0,-82.0,577.0,155.0,871.0,,,,
8676,09:12.532,1,1230.0,861.0,1334.0,1004.0,,,,,,,,
8677,09:12.565,1,1184.0,858.0,1288.0,1001.0,,,,,,,,
8678,09:12.598,2,1125.0,853.0,1229.0,998.0,2264.0,882.0,2466.0,1150.0,,,,
8679,09:12.632,2,1044.0,858.0,1148.0,996.0,2145.0,855.0,2379.0,1125.0,,,,
8680,09:12.665,2,957.0,851.0,1064.0,999.0,2026.0,841.0,2254.0,1107.0,,,,
8681,09:12.698,2,1921.0,829.0,2134.0,1084.0,872.0,855.0,981.0,1000.0,,,,
8682,09:12.732,2,790.0,854.0,902.0,1000.0,1824.0,814.0,2027.0,1058.0,,,,
8683,09:12.765,2,724.0,855.0,838.0,1004.0,1751.0,795.0,1945.0,1040.0,,,,
8684,09:12.798,2,1694.0,791.0,1884.0,1031.0,671.0,865.0,788.0,1014.0,,,,
8685,09:12.832,2,1645.0,781.0,1834.0,1024.0,624.0,876.0,742.0,1025.0,,,,
8686,09:12.865,2,1614.0,785.0,1801.0,1020.0,593.0,890.0,713.0,1043.0,,,,
8687,09:12.898,2,1595.0,774.0,1779.0,1010.0,574.0,900.0,698.0,1052.0,,,,
8688,09:12.940,2,1579.0,754.0,1765.0,990.0,560.0,898.0,683.0,1051.0,,,,
8689,09:12.965,2,1567.0,730.0,1751.0,969.0,546.0,885.0,672.0,1039.0,,,,
8690,09:12.998,2,1553.0,713.0,1735.0,949.0,532.0,875.0,658.0,1027.0,,,,
8691,09:13.032,2,1538.0,705.0,1721.0,937.0,516.0,864.0,643.0,1019.0,,,,
8706,09:13.532,2,1665.0,622.0,1853.0,858.0,659.0,806.0,777.0,958.0,,,,
8721,09:14.032,2,495.0,519.0,693.0,772.0,1739.0,704.0,1864.0,862.0,,,,
8736,09:14.532,2,647.0,475.0,834.0,722.0,1880.0,743.0,2018.0,903.0,,,,
8750,09:15.000,2,333.0,489.0,552.0,752.0,1626.0,682.0,1747.0,840.0,,,,
8765,09:15.500,2,1371.0,643.0,1482.0,794.0,-61.0,538.0,213.0,833.0,,,,
8780,09:16.000,1,1255.0,645.0,1363.0,792.0,,,,,,,,
8795,09:16.500,2,691.0,854.0,810.0,1000.0,1666.0,686.0,1825.0,913.0,,,,
8810,09:17.000,2,977.0,773.0,1087.0,918.0,2000.0,649.0,2185.0,899.0,,,,
8825,09:17.500,1,1256.0,714.0,1363.0,860.0,,,,,,,,
8841,09:18.025,2,1305.0,711.0,1412.0,858.0,-51.0,535.0,161.0,818.0,,,,
8856,09:18.525,2,709.0,578.0,877.0,814.0,1918.0,714.0,2057.0,884.0,,,,
8871,09:19.027,2,797.0,566.0,962.0,796.0,2027.0,746.0,2179.0,922.0,,,,
8886,09:19.527,2,787.0,582.0,950.0,810.0,2011.0,764.0,2163.0,938.0,,,,
8901,09:20.027,2,1991.0,752.0,2136.0,921.0,767.0,576.0,930.0,807.0,,,,
8916,09:20.527,2,782.0,572.0,946.0,798.0,1999.0,756.0,2142.0,924.0,,,,
8931,09:21.027,2,1979.0,753.0,2122.0,925.0,765.0,573.0,927.0,808.0,,,,
8946,09:21.527,2,1436.0,660.0,1586.0,881.0,360.0,817.0,497.0,985.0,,,,
8961,09:22.027,2,1225.0,661.0,1377.0,878.0,70.0,906.0,232.0,1090.0,,,,
8975,09:22.502,2,1330.0,658.0,1491.0,880.0,193.0,886.0,347.0,1063.0,,,,
8991,09:23.028,2,1405.0,669.0,1573.0,893.0,251.0,895.0,398.0,1069.0,,,,
9006,09:23.528,2,1410.0,711.0,1577.0,933.0,267.0,939.0,411.0,1111.0,,,,
9021,09:24.028,2,1445.0,640.0,1607.0,861.0,327.0,845.0,469.0,1016.0,,,,
9034,09:24.503,2,1763.0,592.0,1951.0,832.0,691.0,802.0,809.0,954.0,,,,
9051,09:25.028,1,1234.0,677.0,1341.0,825.0,,,,,,,,
9066,09:25.528,1,1307.0,607.0,1415.0,756.0,,,,,,,,
9081,09:26.028,2,1310.0,612.0,1416.0,758.0,-89.0,417.0,118.0,700.0,,,,
9096,09:26.528,1,1239.0,685.0,1347.0,831.0,,,,,,,,
9111,09:27.030,1,1201.0,743.0,1307.0,886.0,,,,,,,,
9126,09:27.530,1,1206.0,740.0,1313.0,882.0,,,,,,,,
9141,09:28.030,1,1215.0,745.0,1320.0,889.0,,,,,,,,
9156,09:28.530,2,404.0,626.0,608.0,875.0,1684.0,787.0,1807.0,941.0,,,,
9171,09:29.030,2,2.0,634.0,255.0,922.0,1406.0,812.0,1514.0,959.0,,,,
9186,09:29.530,1,1265.0,821.0,1370.0,963.0,,,,,,,,
9201,09:30.030,2,1574.0,668.0,1759.0,903.0,530.0,911.0,657.0,1067.0,,,,
9216,09:30.532,2,2066.0,565.0,2305.0,833.0,957.0,753.0,1065.0,897.0,,,,
9231,09:31.032,1,1174.0,841.0,1279.0,984.0,,,,,,,,
9246,09:31.532,1,1191.0,781.0,1297.0,923.0,,,,,,,,
9261,09:32.032,1,1269.0,758.0,1376.0,896.0,,,,,,,,
9276,09:32.532,1,1245.0,778.0,1352.0,921.0,,,,,,,,
9291,09:33.032,1,1224.0,800.0,1329.0,939.0,,,,,,,,
9306,09:33.532,2,1279.0,762.0,1384.0,902.0,-83.0,605.0,108.0,884.0,,,,
9321,09:34.032,2,20.0,599.0,223.0,873.0,1357.0,748.0,1464.0,888.0,,,,
9335,09:34.500,2,1800.0,693.0,1928.0,854.0,600.0,639.0,753.0,866.0,,,,
9350,09:35.000,2,1496.0,745.0,1608.0,891.0,238.0,687.0,416.0,934.0,,,,
9365,09:35.500,1,1269.0,838.0,1377.0,983.0,,,,,,,,
9380,09:36.000,2,1155.0,887.0,1261.0,1026.0,2285.0,578.0,2458.0,832.0,,,,
9395,09:36.500,1,1162.0,854.0,1268.0,997.0,,,,,,,,
9410,09:37.000,1,1179.0,849.0,1285.0,992.0,,,,,,,,
9426,09:37.525,1,1191.0,828.0,1296.0,971.0,,,,,,,,
9441,09:38.025,1,1227.0,802.0,1334.0,947.0,,,,,,,,
9456,09:38.527,1,1238.0,799.0,1345.0,945.0,,,,,,,,
9471,09:39.027,1,1208.0,882.0,1315.0,1025.0,,,,,,,,
9486,09:39.527,2,1186.0,867.0,1291.0,1010.0,2143.0,815.0,2322.0,1097.0,,,,
9501,09:40.027,2,1141.0,869.0,1247.0,1013.0,2055.0,776.0,2227.0,1067.0,,,,
9516,09:40.527,1,1190.0,772.0,1297.0,917.0,,,,,,,,
9531,09:41.027,2,1303.0,717.0,1411.0,866.0,-94.0,419.0,126.0,717.0,,,,
9546,09:41.527,2,1364.0,759.0,1473.0,905.0,24.0,553.0,237.0,832.0,,,,
9561,09:42.027,1,1186.0,775.0,1291.0,917.0,,,,,,,,
9576,09:42.528,2,1144.0,797.0,1252.0,944.0,2234.0,648.0,2417.0,923.0,,,,
9591,09:43.028,2,1062.0,709.0,1170.0,856.0,2131.0,500.0,2321.0,795.0,,,,
9606,09:43.528,2,923.0,733.0,1033.0,882.0,1953.0,557.0,2124.0,841.0,,,,
9621,09:44.028,2,901.0,753.0,1009.0,900.0,1933.0,548.0,2109.0,822.0,,,,
9636,09:44.528,2,533.0,821.0,660.0,980.0,1533.0,610.0,1680.0,858.0,,,,
9651,09:45.028,2,567.0,784.0,691.0,942.0,1561.0,583.0,1701.0,825.0,,,,
9666,09:45.528,2,987.0,908.0,1094.0,1052.0,2019.0,724.0,2206.0,1010.0,,,,
9681,09:46.028,2,1151.0,836.0,1257.0,979.0,2254.0,703.0,2444.0,988.0,,,,
9696,09:46.530,1,1207.0,771.0,1314.0,914.0,,,,,,,,
9711,09:47.030,1,1250.0,818.0,1357.0,964.0,,,,,,,,
9726,09:47.530,1,1276.0,697.0,1384.0,849.0,,,,,,,,
9741,09:48.030,1,1230.0,749.0,1335.0,896.0,,,,,,,,
9756,09:48.530,1,1206.0,762.0,1311.0,903.0,,,,,,,,
9771,09:49.030,1,1194.0,750.0,1301.0,894.0,,,,,,,,
9786,09:49.530,1,1190.0,742.0,1296.0,892.0,,,,,,,,
9801,09:50.030,1,1195.0,733.0,1302.0,877.0,,,,,,,,
9816,09:50.532,1,1214.0,745.0,1322.0,897.0,,,,,,,,
9831,09:51.032,1,1220.0,818.0,1327.0,966.0,,,,,,,,
9846,09:51.532,1,1170.0,793.0,1275.0,939.0,,,,,,,,
9861,09:52.032,1,1173.0,794.0,1279.0,944.0,,,,,,,,
9876,09:52.532,1,1150.0,808.0,1257.0,959.0,,,,,,,,
9891,09:53.032,1,1218.0,787.0,1324.0,937.0,,,,,,,,
9906,09:53.532,1,1226.0,896.0,1336.0,1039.0,,,,,,,,
9921,09:54.032,1,1227.0,814.0,1335.0,962.0,,,,,,,,
9935,09:54.500,1,1222.0,813.0,1332.0,962.0,,,,,,,,
9950,09:55.000,1,1162.0,860.0,1272.0,1004.0,,,,,,,,
9965,09:55.500,1,1209.0,798.0,1317.0,944.0,,,,,,,,
9980,09:56.000,1,1147.0,797.0,1256.0,944.0,,,,,,,,
9995,09:56.500,1,1168.0,668.0,1276.0,822.0,,,,,,,,
10010,09:57.000,1,1210.0,672.0,1321.0,828.0,,,,,,,,
10026,09:57.525,2,1377.0,926.0,1486.0,1079.0,66.0,824.0,269.0,1105.0,,,,
10041,09:58.025,1,1238.0,988.0,1347.0,1134.0,,,,,,,,
10056,09:58.527,1,1237.0,912.0,1346.0,1062.0,,,,,,,,
10071,09:59.027,1,1213.0,562.0,1323.0,720.0,,,,,,,,
10086,09:59.527,1,1161.0,509.0,1271.0,664.0,,,,,,,,
10101,10:00.027,1,1143.0,612.0,1254.0,764.0,,,,,,,,
10116,10:00.527,1,1205.0,816.0,1313.0,962.0,,,,,,,,
10131,10:01.027,2,1123.0,825.0,1229.0,970.0,2269.0,620.0,2465.0,930.0,,,,
10146,10:01.527,1,1127.0,781.0,1234.0,929.0,,,,,,,,
10161,10:02.027,1,1126.0,768.0,1234.0,917.0,,,,,,,,
10176,10:02.528,1,1117.0,764.0,1224.0,911.0,,,,,,,,
10191,10:03.028,2,996.0,815.0,1105.0,961.0,2086.0,649.0,2291.0,958.0,,,,
10206,10:03.528,2,1089.0,745.0,1198.0,890.0,2236.0,635.0,2442.0,932.0,,,,
10221,10:04.028,1,1139.0,768.0,1247.0,913.0,,,,,,,,
10236,10:04.528,2,1101.0,817.0,1209.0,962.0,2216.0,665.0,2412.0,968.0,,,,
10251,10:05.028,2,1106.0,836.0,1214.0,983.0,2204.0,683.0,2405.0,997.0,,,,
10266,10:05.528,2,1129.0,857.0,1238.0,1003.0,2209.0,779.0,2407.0,1101.0,,,,
10281,10:06.028,1,1200.0,868.0,1306.0,1013.0,,,,,,,,
10296,10:06.530,1,1210.0,846.0,1319.0,995.0,,,,,,,,
10311,10:07.030,2,1370.0,827.0,1481.0,970.0,-86.0,537.0,179.0,853.0,,,,
10326,10:07.530,2,851.0,563.0,1030.0,802.0,2169.0,809.0,2337.0,986.0,,,,
10341,10:08.030,2,859.0,631.0,1036.0,870.0,2188.0,856.0,2357.0,1037.0,,,,
10356,10:08.530,2,870.0,727.0,1047.0,963.0,2190.0,1069.0,2365.0,1257.0,,,,
10371,10:09.030,2,871.0,704.0,1047.0,937.0,2156.0,1081.0,2325.0,1269.0,,,,
10386,10:09.530,2,873.0,781.0,1047.0,1016.0,2146.0,1119.0,2307.0,1305.0,,,,
10401,10:10.030,2,959.0,653.0,1132.0,893.0,2285.0,913.0,2445.0,1106.0,,,,
10417,10:10.532,2,937.0,623.0,1112.0,865.0,2162.0,1087.0,2326.0,1268.0,,,,
10433,10:11.032,2,967.0,704.0,1144.0,944.0,2219.0,1152.0,2382.0,1337.0,,,,
10448,10:11.532,2,874.0,586.0,1052.0,823.0,2083.0,988.0,2236.0,1164.0,,,,
10464,10:12.032,2,875.0,600.0,1054.0,835.0,2086.0,1018.0,2239.0,1195.0,,,,
10480,10:12.532,2,853.0,600.0,1031.0,839.0,2099.0,947.0,2254.0,1125.0,,,,
10496,10:13.032,2,877.0,621.0,1053.0,860.0,2126.0,960.0,2284.0,1141.0,,,,
10512,10:13.532,2,895.0,590.0,1072.0,825.0,2135.0,914.0,2294.0,1094.0,,,,
10527,10:14.032,2,875.0,654.0,1049.0,888.0,2129.0,947.0,2287.0,1127.0,,,,
10542,10:14.500,2,770.0,831.0,947.0,1056.0,2025.0,1000.0,2173.0,1173.0,,,,
10557,10:15.000,2,392.0,829.0,607.0,1087.0,1699.0,1004.0,1824.0,1161.0,,,,
10572,10:15.500,2,1288.0,813.0,1395.0,958.0,-108.0,712.0,128.0,1026.0,,,,
10587,10:16.000,2,820.0,860.0,935.0,1009.0,1964.0,445.0,2244.0,775.0,,,,
10602,10:16.500,1,1045.0,869.0,1153.0,1014.0,,,,,,,,
10618,10:17.025,2,783.0,736.0,959.0,966.0,2033.0,916.0,2183.0,1089.0,,,,
10633,10:17.525,2,902.0,682.0,1077.0,916.0,2149.0,1018.0,2312.0,1198.0,,,,
10648,10:18.025,2,707.0,710.0,889.0,938.0,1914.0,1003.0,2053.0,1164.0,,,,
10663,10:18.527,2,1733.0,940.0,1857.0,1097.0,512.0,687.0,708.0,933.0,,,,
10678,10:19.027,2,375.0,793.0,584.0,1048.0,1619.0,1021.0,1737.0,1171.0,,,,
10693,10:19.527,2,1395.0,1059.0,1505.0,1205.0,36.0,894.0,294.0,1183.0,,,,
10708,10:20.027,2,169.0,868.0,406.0,1142.0,1477.0,1042.0,1588.0,1189.0,,,,
10723,10:20.527,2,178.0,768.0,411.0,1032.0,1487.0,953.0,1600.0,1100.0,,,,
10738,10:21.027,2,650.0,730.0,832.0,958.0,1860.0,965.0,1992.0,1122.0,,,,
10753,10:21.527,2,1822.0,878.0,1951.0,1043.0,601.0,656.0,787.0,899.0,,,,
10768,10:22.027,2,393.0,566.0,598.0,819.0,1637.0,809.0,1756.0,961.0,,,,
10783,10:22.528,1,1114.0,443.0,1224.0,601.0,,,,,,,,
10798,10:23.028,1,992.0,393.0,1107.0,556.0,,,,,,,,
10813,10:23.528,1,902.0,358.0,1091.0,606.0,,,,,,,,
10828,10:24.028,1,909.0,413.0,1100.0,656.0,,,,,,,,
10843,10:24.528,2,978.0,589.0,1150.0,821.0,2303.0,801.0,2455.0,992.0,,,,
10858,10:25.028,2,929.0,609.0,1101.0,839.0,2235.0,834.0,2395.0,1020.0,,,,
10873,10:25.528,2,860.0,691.0,1033.0,919.0,2128.0,942.0,2289.0,1119.0,,,,
10888,10:26.028,2,760.0,760.0,935.0,985.0,2006.0,921.0,2147.0,1091.0,,,,
10903,10:26.530,2,1924.0,847.0,2054.0,1006.0,693.0,756.0,874.0,980.0,,,,
10918,10:27.030,2,1942.0,899.0,2076.0,1068.0,756.0,789.0,925.0,1014.0,,,,
10933,10:27.530,2,740.0,730.0,920.0,963.0,1981.0,857.0,2128.0,1029.0,,,,
10948,10:28.030,2,1437.0,741.0,1550.0,891.0,63.0,728.0,317.0,1013.0,,,,
10963,10:28.530,2,1418.0,762.0,1531.0,908.0,49.0,730.0,306.0,1018.0,,,,
10978,10:29.030,2,681.0,703.0,870.0,948.0,1926.0,891.0,2069.0,1058.0,,,,
10993,10:29.530,2,128.0,707.0,368.0,989.0,1462.0,905.0,1573.0,1053.0,,,,
11007,10:30.005,2,1412.0,484.0,1614.0,762.0,178.0,816.0,335.0,1001.0,,,,
11023,10:30.532,2,1362.0,472.0,1558.0,743.0,123.0,786.0,284.0,971.0,,,,
11038,10:31.032,2,207.0,693.0,435.0,962.0,1504.0,837.0,1620.0,988.0,,,,
11053,10:31.532,2,844.0,681.0,1019.0,926.0,2108.0,955.0,2272.0,1133.0,,,,
11068,10:32.032,2,853.0,703.0,1030.0,944.0,2055.0,983.0,2209.0,1165.0,,,,
11083,10:32.532,2,745.0,736.0,924.0,973.0,1905.0,998.0,2039.0,1169.0,,,,
11098,10:33.032,2,678.0,748.0,861.0,986.0,1812.0,1059.0,1939.0,1230.0,,,,
11113,10:33.532,2,663.0,787.0,848.0,1020.0,1801.0,1094.0,1930.0,1263.0,,,,
11128,10:34.032,2,816.0,656.0,993.0,895.0,1978.0,903.0,2117.0,1073.0,,,,
11142,10:34.500,2,690.0,563.0,878.0,812.0,1923.0,804.0,2057.0,977.0,,,,
11157,10:35.000,2,1460.0,606.0,1665.0,875.0,395.0,814.0,529.0,984.0,,,,
11172,10:35.500,2,1359.0,641.0,1556.0,897.0,357.0,885.0,496.0,1062.0,,,,
11187,10:36.000,2,816.0,739.0,929.0,892.0,1760.0,568.0,1959.0,812.0,,,,
11202,10:36.500,2,1163.0,765.0,1268.0,910.0,2231.0,629.0,2472.0,909.0,,,,
11218,10:37.025,2,429.0,530.0,641.0,790.0,1677.0,743.0,1796.0,902.0,,,,
11232,10:37.500,2,705.0,490.0,895.0,744.0,1920.0,759.0,2057.0,925.0,,,,
11248,10:38.025,2,682.0,613.0,867.0,854.0,1871.0,818.0,2003.0,977.0,,,,
11263,10:38.527,2,967.0,756.0,1137.0,984.0,2223.0,933.0,2384.0,1116.0,,,,
11278,10:39.027,2,946.0,767.0,1092.0,992.0,2145.0,893.0,2305.0,1071.0,,,,
11293,10:39.527,2,1141.0,806.0,1246.0,952.0,2204.0,616.0,2443.0,898.0,,,,
11308,10:40.027,2,1581.0,544.0,1765.0,784.0,634.0,799.0,756.0,951.0,,,,
11323,10:40.527,2,565.0,800.0,688.0,957.0,1522.0,585.0,1677.0,810.0,,,,
11336,10:41.010,2,809.0,774.0,922.0,922.0,1763.0,605.0,1926.0,843.0,,,,
11352,10:41.527,2,527.0,646.0,708.0,897.0,1709.0,835.0,1833.0,991.0,,,,
11367,10:42.027,2,670.0,641.0,857.0,885.0,1901.0,832.0,2041.0,1000.0,,,,
11382,10:42.528,2,625.0,623.0,815.0,869.0,1868.0,800.0,2003.0,966.0,,,,
11396,10:43.012,2,1508.0,616.0,1689.0,851.0,529.0,814.0,657.0,972.0,,,,
11412,10:43.528,2,479.0,813.0,609.0,972.0,1440.0,623.0,1590.0,845.0,,,,
11427,10:44.028,2,556.0,796.0,681.0,951.0,1476.0,635.0,1622.0,857.0,,,,
11442,10:44.528,2,535.0,862.0,661.0,1018.0,1435.0,640.0,1569.0,858.0,,,,
11457,10:45.028,2,551.0,842.0,677.0,994.0,1464.0,618.0,1582.0,839.0,,,,
11472,10:45.528,2,565.0,847.0,689.0,996.0,1486.0,621.0,1598.0,838.0,,,,
11487,10:46.028,2,893.0,796.0,1005.0,943.0,1814.0,599.0,1941.0,826.0,,,,
11502,10:46.530,2,624.0,629.0,811.0,865.0,1875.0,741.0,2013.0,903.0,,,,
11517,10:47.030,2,645.0,618.0,830.0,856.0,1922.0,754.0,2060.0,920.0,,,,
11532,10:47.530,2,1702.0,756.0,1825.0,912.0,444.0,644.0,643.0,887.0,,,,
11547,10:48.030,2,1508.0,619.0,1690.0,857.0,549.0,809.0,676.0,964.0,,,,
11562,10:48.530,2,1301.0,620.0,1477.0,851.0,308.0,852.0,451.0,1018.0,,,,
11577,10:49.030,2,1296.0,653.0,1470.0,883.0,308.0,885.0,448.0,1051.0,,,,
11592,10:49.530,2,1300.0,639.0,1472.0,867.0,327.0,904.0,469.0,1069.0,,,,
11607,10:50.030,2,1311.0,651.0,1483.0,874.0,327.0,904.0,472.0,1074.0,,,,
11622,10:50.515,2,1313.0,662.0,1482.0,888.0,329.0,921.0,473.0,1091.0,,,,
11637,10:51.032,2,2098.0,460.0,2353.0,749.0,713.0,761.0,809.0,884.0,,,,
11652,10:51.532,2,882.0,733.0,971.0,848.0,1541.0,684.0,1631.0,814.0,,,,
11667,10:52.032,1,1915.0,698.0,2025.0,838.0,,,,,,,,
11682,10:52.532,2,2181.0,700.0,2311.0,852.0,1407.0,702.0,1494.0,825.0,,,,
11697,10:53.032,2,1354.0,722.0,1441.0,840.0,2115.0,708.0,2239.0,863.0,,,,
11712,10:53.532,2,1360.0,654.0,1447.0,781.0,2133.0,653.0,2261.0,806.0,,,,
11727,10:54.032,2,2104.0,668.0,2234.0,820.0,1338.0,672.0,1425.0,794.0,,,,
11741,10:54.500,2,2110.0,665.0,2244.0,817.0,1341.0,671.0,1428.0,795.0,,,,
11756,10:55.000,2,1304.0,658.0,1392.0,780.0,2064.0,652.0,2192.0,798.0,,,,
11771,10:55.500,2,1790.0,652.0,1893.0,788.0,1090.0,675.0,1178.0,796.0,,,,
11787,10:56.025,2,971.0,721.0,1058.0,839.0,1619.0,699.0,1712.0,826.0,,,,
11802,10:56.525,2,1747.0,813.0,1841.0,937.0,1105.0,773.0,1189.0,891.0,,,,
11817,10:57.025,2,1720.0,809.0,1819.0,938.0,1085.0,800.0,1169.0,919.0,,,,
11832,10:57.525,2,856.0,859.0,948.0,973.0,1478.0,808.0,1568.0,929.0,,,,
11847,10:58.025,3,1084.0,825.0,1169.0,935.0,398.0,900.0,512.0,1027.0,1769.0,529.0,1914.0,781.0
11862,10:58.527,3,893.0,859.0,981.0,974.0,115.0,918.0,246.0,1056.0,1583.0,607.0,1721.0,854.0
11877,10:59.027,2,1035.0,758.0,1121.0,875.0,1671.0,787.0,1764.0,910.0,,,,
11892,10:59.527,2,1340.0,711.0,1425.0,832.0,2024.0,823.0,2137.0,964.0,,,,
11907,11:00.027,2,2026.0,767.0,2140.0,909.0,1336.0,677.0,1419.0,795.0,,,,
11922,11:00.527,2,1252.0,660.0,1336.0,772.0,1929.0,657.0,2038.0,796.0,,,,
11937,11:01.027,2,1832.0,667.0,1937.0,802.0,1174.0,674.0,1259.0,789.0,,,,
11952,11:01.527,2,1156.0,670.0,1242.0,784.0,1811.0,658.0,1912.0,794.0,,,,
11967,11:02.028,2,1101.0,631.0,1187.0,745.0,1746.0,624.0,1842.0,756.0,,,,
11982,11:02.528,2,1797.0,627.0,1899.0,761.0,1143.0,630.0,1229.0,743.0,,,,
11997,11:03.028,2,1835.0,650.0,1938.0,784.0,1176.0,646.0,1261.0,762.0,,,,
12012,11:03.528,2,1839.0,650.0,1942.0,783.0,1178.0,647.0,1264.0,768.0,,,,
12027,11:04.028,2,1826.0,676.0,1926.0,809.0,1169.0,676.0,1254.0,794.0,,,,
12042,11:04.528,2,1836.0,689.0,1938.0,822.0,1177.0,691.0,1262.0,806.0,,,,
12057,11:05.028,2,1182.0,690.0,1268.0,806.0,1845.0,688.0,1949.0,823.0,,,,
12072,11:05.528,2,1188.0,687.0,1273.0,802.0,1848.0,684.0,1952.0,820.0,,,,
12087,11:06.030,2,1860.0,677.0,1964.0,813.0,1196.0,676.0,1283.0,798.0,,,,
12102,11:06.530,2,1865.0,680.0,1968.0,815.0,1202.0,678.0,1286.0,797.0,,,,
12117,11:07.030,2,1862.0,677.0,1966.0,811.0,1202.0,677.0,1287.0,792.0,,,,
12132,11:07.530,2,1862.0,684.0,1967.0,816.0,1202.0,683.0,1288.0,798.0,,,,
12147,11:08.030,2,1864.0,687.0,1969.0,819.0,1205.0,690.0,1289.0,802.0,,,,
12162,11:08.530,2,1209.0,676.0,1296.0,790.0,1871.0,677.0,1977.0,810.0,,,,
12177,11:09.030,2,1867.0,675.0,1971.0,808.0,1205.0,676.0,1290.0,789.0,,,,
12192,11:09.530,2,1210.0,671.0,1296.0,783.0,1874.0,673.0,1981.0,804.0,,,,
12207,11:10.032,2,1875.0,681.0,1981.0,812.0,1210.0,675.0,1300.0,793.0,,,,
12222,11:10.532,2,1875.0,680.0,1981.0,814.0,1210.0,678.0,1298.0,794.0,,,,
12237,11:11.032,2,1879.0,676.0,1982.0,810.0,1215.0,675.0,1299.0,789.0,,,,
12252,11:11.532,2,1214.0,668.0,1299.0,783.0,1878.0,671.0,1983.0,804.0,,,,
12267,11:12.032,2,1215.0,659.0,1299.0,777.0,1878.0,663.0,1983.0,798.0,,,,
12282,11:12.532,2,1879.0,660.0,1992.0,796.0,1211.0,657.0,1297.0,774.0,,,,
12297,11:13.032,2,1215.0,659.0,1299.0,775.0,1887.0,663.0,2001.0,799.0,,,,
12312,11:13.532,2,1218.0,664.0,1304.0,779.0,1883.0,673.0,1998.0,806.0,,,,
12326,11:14.000,2,1884.0,668.0,1997.0,800.0,1221.0,655.0,1305.0,769.0,,,,
12341,11:14.500,2,1884.0,665.0,1997.0,797.0,1220.0,655.0,1305.0,769.0,,,,
12356,11:15.000,2,1884.0,667.0,1998.0,798.0,1219.0,655.0,1304.0,770.0,,,,
12372,11:15.525,2,1886.0,663.0,2000.0,794.0,1220.0,652.0,1306.0,766.0,,,,
12387,11:16.025,2,1882.0,674.0,1989.0,806.0,1223.0,660.0,1308.0,774.0,,,,
12402,11:16.525,2,1879.0,680.0,1984.0,809.0,1226.0,661.0,1311.0,773.0,,,,
12417,11:17.025,2,1885.0,668.0,1991.0,800.0,1231.0,650.0,1316.0,765.0,,,,
12432,11:17.525,2,1885.0,666.0,1990.0,797.0,1231.0,651.0,1316.0,765.0,,,,
12447,11:18.027,2,1229.0,646.0,1314.0,758.0,1882.0,662.0,1986.0,794.0,,,,
12462,11:18.527,2,1885.0,657.0,1991.0,790.0,1233.0,642.0,1319.0,754.0,,,,
12477,11:19.027,2,1888.0,667.0,1996.0,797.0,1237.0,648.0,1322.0,763.0,,,,
12492,11:19.527,2,1243.0,648.0,1327.0,758.0,1898.0,667.0,2004.0,796.0,,,,
12507,11:20.027,2,1238.0,638.0,1324.0,751.0,1896.0,659.0,2002.0,790.0,,,,
12522,11:20.527,2,1896.0,656.0,2003.0,786.0,1241.0,635.0,1326.0,749.0,,,,
12537,11:21.027,2,1241.0,637.0,1326.0,750.0,1896.0,659.0,2003.0,790.0,,,,
12552,11:21.527,2,1242.0,632.0,1327.0,747.0,1898.0,655.0,2005.0,785.0,,,,
12567,11:22.028,2,1249.0,640.0,1333.0,752.0,1906.0,665.0,2013.0,797.0,,,,
12582,11:22.528,2,1248.0,640.0,1333.0,752.0,1904.0,665.0,2012.0,798.0,,,,
12597,11:23.028,2,1909.0,653.0,2014.0,783.0,1250.0,626.0,1335.0,741.0,,,,
12612,11:23.528,2,1912.0,650.0,2017.0,780.0,1251.0,623.0,1335.0,737.0,,,,
12627,11:24.028,2,1912.0,648.0,2018.0,780.0,1249.0,622.0,1334.0,735.0,,,,
12642,11:24.528,2,1915.0,650.0,2020.0,782.0,1253.0,624.0,1337.0,736.0,,,,
12657,11:25.028,2,1920.0,650.0,2025.0,784.0,1256.0,627.0,1340.0,738.0,,,,
12672,11:25.528,2,1255.0,637.0,1340.0,748.0,1915.0,659.0,2024.0,794.0,,,,
12687,11:26.030,2,1253.0,639.0,1337.0,750.0,1914.0,661.0,2020.0,795.0,,,,
12702,11:26.530,2,1917.0,653.0,2023.0,789.0,1255.0,632.0,1339.0,742.0,,,,
12717,11:27.030,2,1257.0,633.0,1342.0,744.0,1921.0,654.0,2026.0,789.0,,,,
12733,11:27.513,2,1919.0,655.0,2026.0,791.0,1257.0,634.0,1342.0,746.0,,,,
12749,11:28.030,2,1910.0,648.0,2015.0,786.0,1249.0,624.0,1334.0,739.0,,,,
12764,11:28.530,2,1915.0,654.0,2020.0,786.0,1254.0,630.0,1338.0,743.0,,,,
12780,11:29.030,2,1926.0,644.0,2033.0,780.0,1262.0,618.0,1346.0,732.0,,,,
12795,11:29.530,2,1929.0,645.0,2037.0,781.0,1264.0,619.0,1348.0,733.0,,,,
12811,11:30.032,2,1263.0,616.0,1347.0,730.0,1927.0,639.0,2035.0,778.0,,,,
12826,11:30.532,2,1934.0,650.0,2042.0,785.0,1269.0,620.0,1354.0,736.0,,,,
12842,11:31.032,2,1932.0,647.0,2040.0,784.0,1267.0,618.0,1352.0,735.0,,,,
12857,11:31.532,2,1936.0,643.0,2043.0,778.0,1269.0,616.0,1354.0,726.0,,,,
12872,11:32.032,2,1943.0,643.0,2050.0,779.0,1273.0,611.0,1358.0,725.0,,,,
12887,11:32.532,2,1938.0,646.0,2045.0,783.0,1271.0,616.0,1355.0,730.0,,,,
12902,11:33.032,2,1936.0,644.0,2043.0,781.0,1268.0,613.0,1353.0,726.0,,,,
12917,11:33.532,2,1925.0,656.0,2031.0,791.0,1260.0,621.0,1345.0,737.0,,,,
12931,11:34.000,2,1923.0,659.0,2031.0,796.0,1260.0,628.0,1343.0,743.0,,,,
12946,11:34.500,2,1263.0,629.0,1348.0,742.0,1926.0,660.0,2034.0,797.0,,,,
12962,11:35.025,2,1907.0,679.0,2013.0,813.0,1250.0,646.0,1333.0,761.0,,,,
12977,11:35.525,2,1231.0,701.0,1313.0,811.0,1873.0,724.0,1980.0,855.0,,,,
12992,11:36.025,2,1272.0,714.0,1357.0,827.0,1931.0,710.0,2039.0,842.0,,,,
13007,11:36.525,2,1264.0,729.0,1348.0,838.0,1919.0,723.0,2028.0,858.0,,,,
13022,11:37.025,2,1275.0,717.0,1358.0,830.0,1931.0,717.0,2040.0,852.0,,,,
13037,11:37.525,2,1929.0,714.0,2037.0,849.0,1270.0,715.0,1358.0,829.0,,,,
13052,11:38.027,2,1928.0,711.0,2037.0,844.0,1269.0,707.0,1356.0,823.0,,,,
13067,11:38.527,2,1284.0,696.0,1369.0,810.0,1947.0,707.0,2054.0,838.0,,,,
13082,11:39.027,2,1953.0,711.0,2061.0,844.0,1289.0,707.0,1373.0,818.0,,,,
13097,11:39.527,2,1959.0,714.0,2070.0,848.0,1295.0,706.0,1379.0,818.0,,,,
13112,11:40.027,2,1964.0,717.0,2075.0,852.0,1298.0,706.0,1383.0,820.0,,,,
13127,11:40.527,2,1966.0,714.0,2077.0,849.0,1300.0,704.0,1385.0,815.0,,,,
13142,11:41.027,2,1970.0,717.0,2080.0,853.0,1304.0,706.0,1389.0,820.0,,,,
13157,11:41.527,2,1972.0,717.0,2085.0,857.0,1306.0,705.0,1391.0,821.0,,,,
13172,11:42.028,2,1973.0,712.0,2083.0,849.0,1305.0,700.0,1389.0,812.0,,,,
13187,11:42.528,2,1306.0,692.0,1391.0,810.0,1975.0,706.0,2084.0,844.0,,,,
13202,11:43.028,2,1975.0,706.0,2083.0,843.0,1305.0,692.0,1390.0,809.0,,,,
13217,11:43.528,2,1974.0,707.0,2084.0,842.0,1304.0,690.0,1389.0,807.0,,,,
13232,11:44.028,2,1972.0,707.0,2081.0,844.0,1302.0,692.0,1387.0,809.0,,,,
13247,11:44.528,2,889.0,745.0,977.0,856.0,1497.0,730.0,1591.0,855.0,,,,
13262,11:45.028,3,798.0,773.0,889.0,886.0,1405.0,725.0,1495.0,845.0,2251.0,423.0,2466.0,726.0
13277,11:45.528,2,1431.0,724.0,1521.0,841.0,823.0,763.0,914.0,877.0,,,,
13292,11:46.030,2,860.0,749.0,949.0,861.0,1467.0,714.0,1556.0,834.0,,,,
13307,11:46.530,2,1518.0,693.0,1609.0,811.0,909.0,713.0,998.0,826.0,,,,
13322,11:47.030,2,925.0,705.0,1012.0,817.0,1534.0,683.0,1623.0,804.0,,,,
13337,11:47.530,2,1538.0,682.0,1630.0,800.0,929.0,702.0,1017.0,814.0,,,,
13352,11:48.030,2,1538.0,680.0,1629.0,800.0,928.0,703.0,1016.0,815.0,,,,
13367,11:48.530,2,1541.0,676.0,1632.0,795.0,930.0,699.0,1018.0,810.0,,,,
13382,11:49.030,2,929.0,694.0,1018.0,809.0,1540.0,674.0,1631.0,794.0,,,,
13397,11:49.530,2,933.0,695.0,1022.0,807.0,1545.0,673.0,1635.0,790.0,,,,
13412,11:50.032,2,938.0,693.0,1027.0,806.0,1548.0,673.0,1641.0,791.0,,,,
13427,11:50.532,2,947.0,697.0,1035.0,811.0,1559.0,684.0,1650.0,801.0,,,,
13442,11:51.032,2,1562.0,667.0,1653.0,789.0,949.0,684.0,1038.0,798.0,,,,
13457,11:51.532,2,948.0,678.0,1036.0,792.0,1560.0,658.0,1650.0,784.0,,,,
13472,11:52.032,2,949.0,675.0,1036.0,786.0,1560.0,649.0,1652.0,778.0,,,,
13487,11:52.532,2,1570.0,647.0,1661.0,773.0,957.0,669.0,1041.0,779.0,,,,
13502,11:53.032,2,1580.0,642.0,1672.0,765.0,966.0,655.0,1053.0,769.0,,,,
13517,11:53.523,2,1579.0,641.0,1671.0,763.0,966.0,657.0,1053.0,769.0,,,,
13532,11:54.025,2,1579.0,640.0,1671.0,762.0,965.0,657.0,1052.0,768.0,,,,
13547,11:54.525,2,961.0,660.0,1049.0,771.0,1575.0,641.0,1668.0,767.0,,,,
13562,11:55.025,2,1583.0,634.0,1675.0,761.0,967.0,647.0,1057.0,762.0,,,,
13577,11:55.525,2,1600.0,626.0,1692.0,753.0,982.0,637.0,1070.0,748.0,,,,
13592,11:56.025,2,1603.0,618.0,1695.0,746.0,986.0,628.0,1071.0,741.0,,,,
13607,11:56.525,2,1000.0,612.0,1086.0,722.0,1621.0,606.0,1715.0,733.0,,,,
13622,11:57.025,2,1626.0,598.0,1718.0,724.0,1005.0,602.0,1091.0,718.0,,,,
13637,11:57.525,2,1631.0,594.0,1725.0,721.0,1009.0,600.0,1095.0,712.0,,,,
13652,11:58.027,2,1673.0,625.0,1768.0,751.0,1048.0,626.0,1133.0,740.0,,,,
13667,11:58.527,2,1743.0,589.0,1840.0,723.0,1108.0,582.0,1193.0,694.0,,,,
13682,11:59.027,2,1127.0,583.0,1213.0,695.0,1765.0,597.0,1864.0,730.0,,,,
13697,11:59.527,2,1770.0,589.0,1868.0,721.0,1131.0,570.0,1216.0,683.0,,,,
13712,12:00.027,2,1130.0,562.0,1216.0,677.0,1770.0,578.0,1869.0,709.0,,,,
13727,12:00.527,2,1132.0,557.0,1218.0,671.0,1772.0,574.0,1872.0,703.0,,,,
13742,12:01.027,2,1135.0,559.0,1220.0,673.0,1774.0,574.0,1874.0,705.0,,,,
13757,12:01.527,2,1137.0,561.0,1222.0,677.0,1777.0,576.0,1878.0,708.0,,,,
13772,12:02.028,2,1143.0,561.0,1229.0,675.0,1783.0,579.0,1883.0,709.0,,,,
13787,12:02.528,2,1786.0,585.0,1887.0,716.0,1145.0,566.0,1231.0,679.0,,,,
13802,12:03.028,2,1149.0,561.0,1236.0,675.0,1792.0,583.0,1892.0,714.0,,,,
13817,12:03.528,2,1152.0,559.0,1239.0,674.0,1790.0,579.0,1891.0,710.0,,,,
13832,12:04.028,2,1155.0,558.0,1240.0,670.0,1794.0,576.0,1895.0,707.0,,,,
13847,12:04.528,2,1157.0,550.0,1241.0,663.0,1797.0,569.0,1898.0,701.0,,,,
13862,12:05.028,2,1158.0,549.0,1243.0,664.0,1798.0,569.0,1899.0,701.0,,,,
13877,12:05.528,2,1158.0,555.0,1243.0,667.0,1798.0,572.0,1899.0,703.0,,,,
13892,12:06.030,2,1158.0,554.0,1242.0,667.0,1797.0,574.0,1897.0,704.0,,,,
13907,12:06.530,2,1157.0,544.0,1241.0,659.0,1798.0,562.0,1897.0,695.0,,,,
13922,12:07.030,2,1160.0,542.0,1245.0,657.0,1802.0,563.0,1901.0,695.0,,,,
13937,12:07.530,2,1162.0,544.0,1248.0,660.0,1803.0,566.0,1903.0,698.0,,,,
13952,12:08.030,2,1158.0,544.0,1244.0,659.0,1799.0,562.0,1899.0,699.0,,,,
13967,12:08.530,2,1811.0,628.0,1909.0,760.0,1174.0,588.0,1257.0,703.0,,,,
13982,12:09.030,2,1857.0,650.0,1958.0,785.0,1213.0,601.0,1296.0,717.0,,,,
13997,12:09.530,2,1229.0,584.0,1311.0,697.0,1876.0,635.0,1979.0,770.0,,,,
14012,12:10.032,2,1223.0,584.0,1307.0,702.0,1871.0,637.0,1973.0,773.0,,,,
14027,12:10.532,2,1220.0,583.0,1304.0,696.0,1869.0,631.0,1970.0,766.0,,,,
14042,12:11.032,2,1218.0,586.0,1303.0,702.0,1866.0,634.0,1969.0,768.0,,,,
14057,12:11.532,2,1226.0,584.0,1310.0,696.0,1874.0,630.0,1978.0,766.0,,,,
14072,12:12.032,2,1223.0,592.0,1307.0,707.0,1872.0,643.0,1974.0,776.0,,,,
14087,12:12.532,2,1222.0,588.0,1306.0,703.0,1870.0,633.0,1972.0,771.0,,,,
14102,12:13.032,2,1225.0,586.0,1308.0,702.0,1873.0,635.0,1975.0,771.0,,,,
14117,12:13.532,2,1225.0,583.0,1309.0,697.0,1874.0,632.0,1978.0,767.0,,,,
14132,12:14.025,2,1879.0,641.0,1981.0,774.0,1229.0,588.0,1314.0,705.0,,,,
14147,12:14.525,2,1881.0,632.0,1984.0,769.0,1231.0,584.0,1314.0,701.0,,,,
14162,12:15.025,2,1875.0,631.0,1978.0,767.0,1225.0,586.0,1310.0,702.0,,,,
14177,12:15.525,2,1888.0,625.0,1991.0,762.0,1235.0,578.0,1318.0,691.0,,,,
14192,12:16.025,2,1881.0,698.0,1984.0,827.0,1231.0,646.0,1315.0,764.0,,,,
14207,12:16.525,2,1201.0,647.0,1285.0,764.0,1842.0,692.0,1943.0,825.0,,,,
14222,12:17.025,2,1189.0,658.0,1273.0,774.0,1827.0,703.0,1926.0,831.0,,,,
14237,12:17.525,2,1839.0,693.0,1941.0,823.0,1198.0,644.0,1284.0,763.0,,,,
14252,12:18.027,2,1840.0,695.0,1940.0,825.0,1201.0,647.0,1284.0,758.0,,,,
14267,12:18.527,2,1826.0,687.0,1927.0,819.0,1186.0,643.0,1269.0,758.0,,,,
14282,12:19.027,2,1188.0,630.0,1270.0,744.0,1828.0,673.0,1926.0,806.0,,,,
14297,12:19.527,2,1185.0,638.0,1269.0,753.0,1825.0,685.0,1925.0,815.0,,,,
14312,12:20.027,2,1174.0,636.0,1258.0,750.0,1811.0,681.0,1910.0,812.0,,,,
14327,12:20.527,2,1168.0,632.0,1254.0,748.0,1807.0,674.0,1906.0,805.0,,,,
14342,12:21.027,2,1171.0,634.0,1257.0,749.0,1811.0,671.0,1910.0,801.0,,,,
14357,12:21.528,2,1163.0,639.0,1249.0,752.0,1803.0,674.0,1901.0,801.0,,,,
14372,12:22.028,2,1173.0,637.0,1258.0,749.0,1815.0,672.0,1914.0,804.0,,,,
14387,12:22.528,2,1825.0,663.0,1923.0,794.0,1181.0,624.0,1266.0,738.0,,,,
14402,12:23.028,2,1179.0,621.0,1265.0,737.0,1821.0,661.0,1920.0,796.0,,,,
14417,12:23.528,2,1179.0,621.0,1265.0,737.0,1823.0,663.0,1922.0,794.0,,,,
14432,12:24.028,2,1182.0,626.0,1266.0,741.0,1825.0,667.0,1924.0,796.0,,,,
14447,12:24.528,2,1183.0,635.0,1268.0,749.0,1826.0,674.0,1925.0,806.0,,,,
14462,12:25.028,2,1183.0,633.0,1267.0,746.0,1827.0,672.0,1925.0,801.0,,,,
14477,12:25.530,2,1184.0,625.0,1269.0,740.0,1828.0,667.0,1926.0,796.0,,,,
14492,12:26.030,2,1186.0,626.0,1270.0,740.0,1829.0,666.0,1927.0,797.0,,,,
14507,12:26.530,2,1186.0,624.0,1269.0,739.0,1828.0,663.0,1927.0,795.0,,,,
14522,12:27.030,2,1173.0,623.0,1258.0,736.0,1814.0,655.0,1914.0,793.0,,,,
14537,12:27.530,2,1800.0,706.0,1904.0,832.0,1168.0,673.0,1252.0,786.0,,,,
14552,12:28.030,2,1118.0,646.0,1205.0,757.0,1745.0,667.0,1848.0,797.0,,,,
14567,12:28.530,3,570.0,760.0,669.0,882.0,1932.0,535.0,2154.0,821.0,1200.0,757.0,1291.0,877.0
14582,12:29.030,3,1027.0,789.0,1118.0,896.0,363.0,807.0,475.0,939.0,1708.0,544.0,1869.0,807.0
14597,12:29.532,3,457.0,787.0,564.0,914.0,1093.0,769.0,1180.0,881.0,1767.0,567.0,1912.0,816.0
14612,12:30.032,3,1433.0,745.0,1522.0,856.0,846.0,728.0,935.0,843.0,2257.0,546.0,2445.0,831.0
14627,12:30.532,2,1184.0,691.0,1267.0,810.0,1792.0,818.0,1890.0,941.0,,,,
14642,12:31.032,2,1276.0,679.0,1360.0,799.0,1901.0,850.0,2005.0,981.0,,,,
14657,12:31.532,2,1286.0,681.0,1370.0,800.0,1915.0,846.0,2018.0,976.0,,,,
14672,12:32.032,2,1926.0,842.0,2030.0,973.0,1291.0,671.0,1375.0,790.0,,,,
14687,12:32.532,2,1932.0,835.0,2037.0,967.0,1299.0,653.0,1383.0,773.0,,,,
14702,12:33.032,2,1302.0,635.0,1385.0,753.0,1939.0,812.0,2042.0,949.0,,,,
14717,12:33.525,2,1297.0,629.0,1381.0,749.0,1935.0,806.0,2038.0,941.0,,,,
14732,12:34.025,2,1298.0,626.0,1383.0,747.0,1936.0,808.0,2041.0,942.0,,,,
14747,12:34.525,2,1309.0,603.0,1393.0,724.0,1947.0,787.0,2052.0,921.0,,,,
14762,12:35.025,2,1309.0,600.0,1393.0,718.0,1948.0,781.0,2055.0,918.0,,,,
14777,12:35.525,2,1945.0,773.0,2050.0,909.0,1303.0,593.0,1388.0,712.0,,,,
14792,12:36.025,2,1933.0,762.0,2038.0,895.0,1293.0,586.0,1377.0,706.0,,,,
14807,12:36.525,2,1932.0,766.0,2037.0,898.0,1294.0,587.0,1378.0,706.0,,,,
14822,12:37.025,2,1934.0,766.0,2039.0,897.0,1295.0,585.0,1379.0,706.0,,,,
14837,12:37.527,2,1930.0,768.0,2036.0,901.0,1293.0,593.0,1377.0,712.0,,,,
14852,12:38.027,2,1932.0,770.0,2038.0,902.0,1295.0,596.0,1378.0,714.0,,,,
14867,12:38.527,2,1929.0,764.0,2035.0,899.0,1290.0,592.0,1374.0,713.0,,,,
14882,12:39.027,2,1290.0,589.0,1374.0,707.0,1931.0,764.0,2036.0,895.0,,,,
14897,12:39.527,2,1288.0,588.0,1373.0,707.0,1932.0,760.0,2036.0,892.0,,,,
14912,12:40.027,2,1289.0,590.0,1372.0,708.0,1930.0,762.0,2034.0,893.0,,,,
14927,12:40.527,2,1284.0,597.0,1366.0,711.0,1925.0,762.0,2029.0,894.0,,,,
14942,12:41.027,2,1284.0,600.0,1366.0,717.0,1926.0,762.0,2030.0,897.0,,,,
14957,12:41.528,2,1285.0,595.0,1366.0,709.0,1925.0,757.0,2029.0,888.0,,,,
14972,12:42.028,2,1283.0,593.0,1364.0,709.0,1922.0,754.0,2027.0,887.0,,,,
14987,12:42.528,2,1921.0,753.0,2026.0,884.0,1282.0,589.0,1362.0,706.0,,,,
15002,12:43.028,2,1921.0,750.0,2026.0,882.0,1282.0,588.0,1362.0,705.0,,,,
15017,12:43.528,2,1922.0,751.0,2027.0,883.0,1283.0,589.0,1364.0,705.0,,,,
15032,12:44.028,2,1280.0,593.0,1361.0,709.0,1920.0,755.0,2025.0,886.0,,,,
15047,12:44.528,2,1272.0,597.0,1356.0,717.0,1913.0,759.0,2016.0,890.0,,,,
15062,12:45.028,2,1203.0,601.0,1287.0,717.0,1832.0,736.0,1930.0,870.0,,,,
15077,12:45.530,2,830.0,633.0,918.0,749.0,1441.0,707.0,1525.0,826.0,,,,
15092,12:46.030,3,690.0,653.0,782.0,770.0,1315.0,697.0,1398.0,815.0,2073.0,548.0,2245.0,839.0
15107,12:46.530,3,687.0,657.0,781.0,776.0,1314.0,703.0,1395.0,817.0,2066.0,552.0,2235.0,841.0
15122,12:47.030,3,1321.0,695.0,1405.0,812.0,694.0,646.0,788.0,768.0,2081.0,539.0,2248.0,838.0
15137,12:47.530,3,706.0,642.0,797.0,759.0,1328.0,689.0,1412.0,809.0,2093.0,535.0,2267.0,833.0
15152,12:48.030,3,714.0,637.0,805.0,753.0,1329.0,683.0,1414.0,807.0,2095.0,523.0,2298.0,829.0
15167,12:48.530,3,702.0,639.0,793.0,757.0,2083.0,522.0,2313.0,833.0,1320.0,685.0,1402.0,806.0
15182,12:49.030,3,697.0,646.0,790.0,764.0,1316.0,689.0,1400.0,809.0,2064.0,535.0,2236.0,833.0
15197,12:49.532,3,1312.0,690.0,1395.0,809.0,695.0,645.0,787.0,763.0,2058.0,538.0,2232.0,832.0
15212,12:50.032,3,693.0,640.0,785.0,754.0,1310.0,681.0,1392.0,800.0,2059.0,528.0,2238.0,825.0
15227,12:50.532,3,693.0,634.0,785.0,749.0,2063.0,522.0,2243.0,817.0,1314.0,673.0,1395.0,794.0
15242,12:51.032,3,686.0,634.0,779.0,748.0,2055.0,515.0,2240.0,810.0,1308.0,671.0,1390.0,790.0
15257,12:51.532,3,689.0,638.0,781.0,751.0,2059.0,518.0,2284.0,826.0,1312.0,677.0,1393.0,796.0
15272,12:52.032,3,1031.0,724.0,1112.0,841.0,1702.0,579.0,1887.0,835.0,342.0,694.0,455.0,825.0
15287,12:52.532,3,919.0,768.0,1004.0,885.0,1587.0,597.0,1781.0,859.0,197.0,751.0,317.0,888.0
15302,12:53.023,3,918.0,787.0,1001.0,902.0,193.0,769.0,315.0,905.0,1586.0,613.0,1783.0,875.0
15317,12:53.525,3,915.0,788.0,999.0,904.0,189.0,774.0,311.0,913.0,1585.0,615.0,1778.0,873.0
15332,12:54.025,3,213.0,769.0,333.0,909.0,1607.0,605.0,1798.0,870.0,932.0,790.0,1017.0,903.0
15347,12:54.525,3,386.0,765.0,495.0,893.0,1750.0,609.0,1957.0,882.0,1058.0,785.0,1141.0,903.0
15362,12:55.025,2,1834.0,802.0,1932.0,933.0,1200.0,711.0,1282.0,826.0,,,,
15377,12:55.525,2,1539.0,721.0,1627.0,842.0,2266.0,930.0,2384.0,1078.0,,,,
15392,12:56.025,0,,,,,,,,,,,,
15407,12:56.525,0,,,,,,,,,,,,
15422,12:57.025,0,,,,,,,,,,,,
15437,12:57.527,0,,,,,,,,,,,,
15452,12:58.027,0,,,,,,,,,,,,
15467,12:58.527,0,,,,,,,,,,,,
15482,12:59.027,0,,,,,,,,,,,,
15497,12:59.527,3,723.0,807.0,817.0,922.0,1342.0,819.0,1426.0,938.0,2137.0,594.0,2356.0,916.0
15512,13:00.027,3,692.0,772.0,785.0,891.0,1313.0,812.0,1395.0,932.0,2094.0,633.0,2316.0,942.0
15527,13:00.527,3,686.0,826.0,779.0,943.0,2071.0,688.0,2288.0,992.0,1316.0,856.0,1395.0,974.0
15542,13:01.027,3,681.0,858.0,775.0,976.0,1383.0,871.0,1468.0,993.0,2060.0,721.0,2274.0,1025.0
15557,13:01.528,3,809.0,803.0,898.0,918.0,1521.0,850.0,1615.0,978.0,2244.0,712.0,2456.0,1016.0
15572,13:02.028,2,1210.0,782.0,1293.0,897.0,1978.0,890.0,2089.0,1026.0,,,,
15587,13:02.528,2,1280.0,750.0,1364.0,871.0,2043.0,912.0,2157.0,1055.0,,,,
15602,13:03.028,2,2022.0,911.0,2135.0,1056.0,1266.0,742.0,1350.0,859.0,,,,
15617,13:03.528,2,1259.0,730.0,1342.0,842.0,2005.0,903.0,2117.0,1043.0,,,,
15632,13:04.028,2,1248.0,721.0,1333.0,839.0,1992.0,894.0,2102.0,1034.0,,,,
15647,13:04.528,2,1235.0,725.0,1320.0,839.0,1977.0,886.0,2088.0,1027.0,,,,
15662,13:05.028,2,1236.0,729.0,1320.0,844.0,1978.0,889.0,2090.0,1029.0,,,,
15677,13:05.530,2,1972.0,895.0,2082.0,1034.0,1230.0,738.0,1315.0,854.0,,,,
15692,13:06.030,2,1974.0,895.0,2083.0,1033.0,1230.0,736.0,1316.0,855.0,,,,
15707,13:06.530,2,1194.0,726.0,1277.0,841.0,1926.0,866.0,2034.0,1005.0,,,,
15722,13:07.030,2,1512.0,824.0,1601.0,949.0,816.0,737.0,903.0,850.0,,,,
15737,13:07.530,3,1016.0,897.0,1102.0,1015.0,1612.0,684.0,1808.0,951.0,195.0,870.0,321.0,1012.0
15752,13:08.030,2,792.0,946.0,884.0,1062.0,1364.0,709.0,1541.0,960.0,,,,
15767,13:08.530,3,610.0,850.0,709.0,971.0,1325.0,861.0,1414.0,981.0,1981.0,630.0,2218.0,918.0
15782,13:09.030,1,1863.0,744.0,1970.0,874.0,,,,,,,,
15797,13:09.532,1,1888.0,706.0,1997.0,843.0,,,,,,,,
15812,13:10.032,1,1860.0,706.0,1967.0,836.0,,,,,,,,
15827,13:10.532,1,1572.0,856.0,1668.0,975.0,,,,,,,,
15842,13:11.032,2,1280.0,500.0,1371.0,619.0,2084.0,533.0,2206.0,688.0,,,,
15857,13:11.532,2,2006.0,854.0,2124.0,994.0,1227.0,810.0,1314.0,926.0,,,,
15872,13:12.023,2,870.0,698.0,959.0,815.0,1590.0,757.0,1685.0,888.0,,,,
15887,13:12.523,3,1435.0,814.0,1523.0,940.0,712.0,763.0,806.0,880.0,2136.0,565.0,2379.0,871.0
15902,13:13.023,3,777.0,789.0,866.0,900.0,1490.0,827.0,1581.0,955.0,2222.0,571.0,2438.0,881.0
15917,13:13.525,2,826.0,747.0,916.0,865.0,1541.0,807.0,1631.0,932.0,,,,
15932,13:14.025,2,833.0,754.0,922.0,868.0,1547.0,809.0,1639.0,936.0,,,,
15947,13:14.525,2,818.0,759.0,906.0,873.0,1531.0,811.0,1624.0,937.0,,,,
15962,13:15.025,2,814.0,758.0,903.0,871.0,1530.0,806.0,1620.0,931.0,,,,
15977,13:15.525,2,814.0,754.0,903.0,869.0,1531.0,802.0,1621.0,928.0,,,,
15992,13:16.025,2,811.0,747.0,901.0,864.0,1527.0,796.0,1619.0,919.0,,,,
16007,13:16.525,2,819.0,740.0,909.0,857.0,1537.0,787.0,1627.0,911.0,,,,
16022,13:17.025,2,1537.0,787.0,1629.0,908.0,819.0,739.0,911.0,857.0,,,,
16037,13:17.527,2,821.0,742.0,912.0,861.0,1539.0,788.0,1631.0,913.0,,,,
16052,13:18.027,2,823.0,748.0,912.0,868.0,1541.0,792.0,1632.0,918.0,,,,
16067,13:18.527,2,818.0,749.0,908.0,868.0,1536.0,793.0,1629.0,917.0,,,,
16082,13:19.027,2,818.0,746.0,907.0,865.0,1534.0,790.0,1627.0,915.0,,,,
16097,13:19.527,2,1544.0,784.0,1633.0,911.0,827.0,737.0,917.0,858.0,,,,
16112,13:20.027,2,1547.0,784.0,1636.0,907.0,829.0,734.0,920.0,854.0,,,,
16127,13:20.527,2,1550.0,779.0,1640.0,904.0,833.0,732.0,924.0,850.0,,,,
16142,13:21.027,2,1551.0,778.0,1641.0,902.0,834.0,732.0,924.0,848.0,,,,
16157,13:21.528,2,1549.0,779.0,1638.0,902.0,832.0,735.0,923.0,853.0,,,,
16172,13:22.028,2,1545.0,774.0,1636.0,901.0,829.0,733.0,920.0,850.0,,,,
16187,13:22.528,2,829.0,727.0,918.0,845.0,1545.0,770.0,1637.0,898.0,,,,
16203,13:23.028,2,833.0,723.0,923.0,839.0,1550.0,769.0,1643.0,894.0,,,,
16218,13:23.528,2,842.0,726.0,933.0,841.0,1561.0,772.0,1652.0,897.0,,,,
16233,13:24.028,2,1559.0,780.0,1650.0,905.0,841.0,734.0,932.0,854.0,,,,
16248,13:24.528,2,840.0,740.0,932.0,859.0,1558.0,786.0,1649.0,911.0,,,,
16263,13:25.028,2,838.0,748.0,926.0,865.0,1554.0,791.0,1644.0,916.0,,,,
16278,13:25.530,2,838.0,745.0,928.0,863.0,1554.0,787.0,1644.0,912.0,,,,
16293,13:26.030,2,1572.0,780.0,1663.0,904.0,855.0,736.0,944.0,851.0,,,,
16309,13:26.530,2,846.0,731.0,936.0,844.0,1565.0,772.0,1657.0,899.0,,,,
16326,13:27.030,2,842.0,724.0,931.0,839.0,1560.0,763.0,1653.0,893.0,,,,
16342,13:27.530,2,919.0,737.0,1006.0,851.0,1639.0,782.0,1734.0,909.0,,,,
16358,13:28.030,2,1086.0,750.0,1172.0,867.0,1825.0,814.0,1929.0,951.0,,,,
16374,13:28.513,2,1039.0,763.0,1125.0,877.0,1769.0,811.0,1871.0,943.0,,,,
16390,13:29.030,1,602.0,936.0,717.0,1079.0,,,,,,,,
16405,13:29.532,2,1863.0,512.0,2066.0,756.0,720.0,842.0,832.0,986.0,,,,
16420,13:30.032,1,1061.0,703.0,1163.0,843.0,,,,,,,,
16435,13:30.532,2,222.0,451.0,455.0,719.0,1536.0,768.0,1638.0,910.0,,,,
16450,13:31.032,2,726.0,531.0,907.0,770.0,1945.0,916.0,2080.0,1077.0,,,,
16465,13:31.523,2,280.0,579.0,499.0,836.0,1544.0,932.0,1654.0,1076.0,,,,
16480,13:32.023,1,1240.0,949.0,1341.0,1086.0,,,,,,,,
16495,13:32.523,2,1871.0,608.0,2073.0,855.0,762.0,970.0,871.0,1112.0,,,,
16510,13:33.023,2,1609.0,595.0,1792.0,823.0,512.0,1032.0,637.0,1183.0,,,,
16525,13:33.525,2,1549.0,532.0,1732.0,758.0,460.0,1010.0,589.0,1159.0,,,,
16540,13:34.025,2,1511.0,510.0,1690.0,730.0,429.0,1004.0,561.0,1158.0,,,,
16555,13:34.525,2,1761.0,473.0,1957.0,721.0,670.0,919.0,785.0,1062.0,,,,
16570,13:35.025,1,1125.0,787.0,1226.0,925.0,,,,,,,,
16585,13:35.525,2,691.0,565.0,872.0,801.0,1904.0,922.0,2035.0,1083.0,,,,
16600,13:36.025,2,135.0,534.0,373.0,807.0,1466.0,832.0,1569.0,975.0,,,,
16615,13:36.525,2,1312.0,834.0,1415.0,974.0,-81.0,559.0,157.0,846.0,,,,
16631,13:37.025,1,1204.0,856.0,1305.0,995.0,,,,,,,,
16646,13:37.527,2,936.0,888.0,1042.0,1026.0,2123.0,538.0,2359.0,806.0,,,,
16661,13:38.027,2,1678.0,576.0,1860.0,803.0,566.0,938.0,686.0,1089.0,,,,
16677,13:38.527,2,982.0,852.0,1085.0,991.0,2184.0,515.0,2404.0,784.0,,,,
16692,13:39.027,2,920.0,831.0,1025.0,972.0,2106.0,522.0,2340.0,784.0,,,,
16707,13:39.527,2,1573.0,579.0,1745.0,799.0,455.0,949.0,583.0,1102.0,,,,
16722,13:40.027,2,1569.0,581.0,1747.0,803.0,451.0,961.0,580.0,1112.0,,,,
16737,13:40.527,2,1551.0,606.0,1726.0,832.0,427.0,997.0,555.0,1150.0,,,,
16752,13:41.027,2,1538.0,616.0,1711.0,841.0,408.0,994.0,540.0,1150.0,,,,
16767,13:41.528,2,1552.0,610.0,1726.0,837.0,427.0,982.0,556.0,1137.0,,,,
16782,13:42.028,2,1553.0,606.0,1727.0,842.0,436.0,975.0,566.0,1128.0,,,,
16797,13:42.528,2,1572.0,607.0,1748.0,841.0,463.0,974.0,591.0,1124.0,,,,
16812,13:43.028,2,1599.0,600.0,1774.0,831.0,498.0,964.0,622.0,1111.0,,,,
16827,13:43.528,2,1592.0,597.0,1768.0,835.0,491.0,967.0,617.0,1116.0,,,,
16842,13:44.028,2,485.0,971.0,609.0,1121.0,1584.0,598.0,1758.0,830.0,,,,
16857,13:44.528,2,1580.0,595.0,1755.0,826.0,483.0,967.0,607.0,1117.0,,,,
16872,13:45.028,2,1584.0,596.0,1768.0,830.0,487.0,975.0,611.0,1125.0,,,,
16887,13:45.530,2,1679.0,588.0,1863.0,822.0,588.0,954.0,707.0,1099.0,,,,
16902,13:46.030,2,1957.0,599.0,2170.0,850.0,818.0,883.0,923.0,1020.0,,,,
16917,13:46.530,2,1640.0,593.0,1822.0,826.0,542.0,959.0,664.0,1107.0,,,,
16932,13:47.030,2,1583.0,589.0,1767.0,821.0,495.0,987.0,620.0,1139.0,,,,
16947,13:47.530,2,580.0,885.0,700.0,1030.0,1656.0,476.0,1840.0,716.0,,,,
16962,13:48.030,2,435.0,906.0,565.0,1057.0,1528.0,518.0,1702.0,745.0,,,,
16977,13:48.530,2,291.0,970.0,430.0,1128.0,1394.0,553.0,1561.0,770.0,,,,
16992,13:49.032,2,1430.0,557.0,1597.0,785.0,338.0,940.0,474.0,1095.0,,,,
17007,13:49.532,2,1446.0,577.0,1617.0,800.0,356.0,925.0,490.0,1081.0,,,,
17022,13:50.032,2,1439.0,588.0,1611.0,807.0,348.0,934.0,482.0,1088.0,,,,
17037,13:50.532,2,1445.0,585.0,1616.0,815.0,361.0,925.0,492.0,1080.0,,,,
17052,13:51.023,2,1459.0,593.0,1628.0,815.0,370.0,923.0,502.0,1078.0,,,,
17066,13:51.523,2,1983.0,565.0,2203.0,828.0,885.0,872.0,988.0,1010.0,,,,
17081,13:52.023,2,1329.0,797.0,1431.0,933.0,-35.0,500.0,194.0,788.0,,,,
17096,13:52.523,2,97.0,511.0,337.0,787.0,1434.0,812.0,1535.0,950.0,,,,
17111,13:53.025,2,726.0,584.0,903.0,818.0,1948.0,866.0,2081.0,1025.0,,,,
17126,13:53.525,2,681.0,604.0,859.0,837.0,1905.0,866.0,2034.0,1024.0,,,,
17141,13:54.025,2,738.0,610.0,914.0,842.0,1958.0,902.0,2093.0,1064.0,,,,
17156,13:54.525,2,527.0,606.0,717.0,846.0,1747.0,892.0,1864.0,1040.0,,,,
17171,13:55.025,2,1304.0,852.0,1406.0,992.0,-85.0,606.0,143.0,898.0,,,,
17186,13:55.525,2,106.0,637.0,342.0,908.0,1441.0,869.0,1545.0,1009.0,,,,
17201,13:56.025,2,577.0,619.0,760.0,854.0,1789.0,906.0,1910.0,1061.0,,,,
17216,13:56.525,2,622.0,633.0,803.0,867.0,1827.0,931.0,1949.0,1083.0,,,,
17231,13:57.027,2,637.0,625.0,817.0,862.0,1834.0,929.0,1957.0,1084.0,,,,
17246,13:57.527,2,619.0,632.0,798.0,865.0,1816.0,920.0,1938.0,1073.0,,,,
17261,13:58.027,2,276.0,682.0,486.0,935.0,1543.0,864.0,1653.0,1006.0,,,,
17276,13:58.527,2,632.0,663.0,812.0,895.0,1849.0,861.0,1972.0,1013.0,,,,
17291,13:59.027,2,1851.0,851.0,1975.0,1008.0,635.0,635.0,814.0,869.0,,,,
17306,13:59.527,2,614.0,616.0,796.0,852.0,1829.0,835.0,1951.0,989.0,,,,
17321,14:00.027,2,594.0,616.0,777.0,861.0,1809.0,825.0,1929.0,978.0,,,,
17336,14:00.527,2,285.0,707.0,498.0,956.0,1537.0,954.0,1643.0,1099.0,,,,
17351,14:01.028,1,1240.0,1005.0,1341.0,1145.0,,,,,,,,
17366,14:01.528,1,1189.0,960.0,1290.0,1100.0,,,,,,,,
17381,14:02.028,1,1218.0,945.0,1318.0,1083.0,,,,,,,,
17396,14:02.528,1,1226.0,940.0,1327.0,1079.0,,,,,,,,
17411,14:03.028,2,1537.0,994.0,1645.0,1139.0,365.0,764.0,532.0,1005.0,,,,
17426,14:03.528,2,1434.0,905.0,1537.0,1046.0,223.0,657.0,406.0,910.0,,,,
17441,14:04.028,1,1206.0,947.0,1307.0,1085.0,,,,,,,,
17456,14:04.528,1,1226.0,939.0,1329.0,1075.0,,,,,,,,
17471,14:05.030,1,1233.0,933.0,1334.0,1073.0,,,,,,,,
17486,14:05.530,2,1232.0,928.0,1333.0,1066.0,-83.0,742.0,99.0,1019.0,,,,
17501,14:06.030,1,1225.0,926.0,1325.0,1064.0,,,,,,,,
17516,14:06.530,1,1229.0,918.0,1329.0,1052.0,,,,,,,,
17531,14:07.030,2,1937.0,666.0,2117.0,919.0,850.0,938.0,957.0,1080.0,,,,
17546,14:07.530,2,621.0,983.0,736.0,1130.0,1683.0,657.0,1841.0,893.0,,,,
17561,14:08.030,2,880.0,968.0,986.0,1111.0,1964.0,621.0,2161.0,874.0,,,,
17576,14:08.530,2,1036.0,819.0,1137.0,960.0,2181.0,528.0,2377.0,799.0,,,,
17591,14:09.032,2,1051.0,780.0,1153.0,923.0,2219.0,587.0,2403.0,850.0,,,,
17606,14:09.532,2,686.0,828.0,798.0,969.0,1770.0,563.0,1933.0,803.0,,,,
17621,14:10.032,2,1080.0,657.0,1179.0,798.0,2289.0,524.0,2466.0,777.0,,,,
17636,14:10.523,1,1136.0,666.0,1240.0,808.0,,,,,,,,
17651,14:11.023,1,1125.0,699.0,1229.0,834.0,,,,,,,,
17666,14:11.523,1,1135.0,710.0,1236.0,848.0,,,,,,,,
17681,14:12.023,1,1144.0,916.0,1245.0,1053.0,,,,,,,,
17696,14:12.523,2,989.0,953.0,1090.0,1095.0,2144.0,826.0,2357.0,1092.0,,,,
17711,14:13.025,2,2148.0,777.0,2386.0,1051.0,993.0,942.0,1099.0,1081.0,,,,
17726,14:13.525,2,1694.0,649.0,1874.0,889.0,635.0,939.0,750.0,1083.0,,,,
17741,14:14.025,2,754.0,917.0,864.0,1061.0,1810.0,623.0,1996.0,874.0,,,,
17756,14:14.525,2,1921.0,595.0,2112.0,849.0,850.0,890.0,957.0,1029.0,,,,
17771,14:15.025,2,917.0,883.0,1020.0,1021.0,2016.0,623.0,2225.0,884.0,,,,
17786,14:15.525,2,971.0,882.0,1073.0,1021.0,2094.0,653.0,2316.0,923.0,,,,
17801,14:16.025,2,1859.0,622.0,2056.0,871.0,798.0,896.0,906.0,1037.0,,,,
17816,14:16.525,2,1717.0,622.0,1900.0,856.0,686.0,964.0,800.0,1108.0,,,,
17831,14:17.027,2,1805.0,512.0,1997.0,755.0,785.0,897.0,896.0,1036.0,,,,
17846,14:17.527,1,1188.0,859.0,1290.0,1000.0,,,,,,,,
17861,14:18.027,2,2079.0,907.0,2223.0,1077.0,932.0,641.0,1064.0,863.0,,,,
17876,14:18.527,2,2054.0,884.0,2193.0,1050.0,914.0,612.0,1049.0,826.0,,,,
17891,14:19.027,2,1654.0,819.0,1766.0,965.0,529.0,575.0,682.0,816.0,,,,
17906,14:19.527,2,18.0,608.0,213.0,881.0,1293.0,788.0,1394.0,928.0,,,,
17921,14:20.027,2,1245.0,792.0,1345.0,933.0,-67.0,623.0,119.0,896.0,,,,
17936,14:20.527,2,1282.0,799.0,1382.0,941.0,-96.0,603.0,119.0,893.0,,,,
17951,14:21.028,2,667.0,638.0,844.0,876.0,1854.0,884.0,1976.0,1040.0,,,,
17966,14:21.528,2,1868.0,900.0,1994.0,1058.0,688.0,632.0,863.0,862.0,,,,
17981,14:22.028,2,429.0,646.0,626.0,891.0,1640.0,890.0,1751.0,1032.0,,,,
17996,14:22.528,2,495.0,655.0,687.0,899.0,1689.0,950.0,1803.0,1099.0,,,,
18011,14:23.028,2,147.0,584.0,375.0,853.0,1425.0,918.0,1527.0,1061.0,,,,
18026,14:23.528,2,1402.0,921.0,1504.0,1061.0,102.0,597.0,338.0,874.0,,,,
18041,14:24.028,2,1395.0,917.0,1497.0,1052.0,82.0,601.0,320.0,877.0,,,,
18056,14:24.528,2,1376.0,919.0,1479.0,1054.0,44.0,616.0,288.0,898.0,,,,
18071,14:25.030,2,1309.0,907.0,1408.0,1044.0,-64.0,631.0,179.0,920.0,,,,
18086,14:25.530,1,1246.0,900.0,1346.0,1036.0,,,,,,,,
18100,14:26.005,2,1596.0,648.0,1781.0,889.0,518.0,989.0,640.0,1139.0,,,,
18116,14:26.530,2,514.0,976.0,637.0,1127.0,1593.0,642.0,1775.0,879.0,,,,
18131,14:27.030,2,1987.0,562.0,2217.0,832.0,914.0,995.0,1021.0,1130.0,,,,
18146,14:27.530,2,909.0,979.0,1017.0,1117.0,1982.0,556.0,2214.0,822.0,,,,
18161,14:28.030,2,1979.0,543.0,2212.0,810.0,907.0,969.0,1014.0,1102.0,,,,
18176,14:28.530,2,1977.0,536.0,2207.0,803.0,904.0,956.0,1012.0,1095.0,,,,
18191,14:29.032,2,1979.0,527.0,2205.0,791.0,918.0,943.0,1022.0,1081.0,,,,
18206,14:29.532,2,1984.0,533.0,2204.0,796.0,926.0,940.0,1030.0,1075.0,,,,
18221,14:30.032,2,1990.0,534.0,2214.0,799.0,929.0,938.0,1034.0,1076.0,,,,
18236,14:30.523,2,1984.0,535.0,2199.0,800.0,925.0,939.0,1030.0,1075.0,,,,
18251,14:31.023,2,856.0,947.0,963.0,1085.0,1872.0,562.0,2043.0,808.0,,,,
18266,14:31.523,2,1861.0,550.0,2037.0,805.0,843.0,936.0,951.0,1074.0,,,,
18281,14:32.023,2,881.0,941.0,986.0,1080.0,1917.0,583.0,2098.0,831.0,,,,
18296,14:32.523,2,1084.0,933.0,1184.0,1070.0,2243.0,709.0,2434.0,969.0,,,,
18311,14:33.025,2,1289.0,872.0,1390.0,1013.0,-79.0,549.0,145.0,836.0,,,,
18326,14:33.525,2,429.0,900.0,558.0,1055.0,1512.0,680.0,1676.0,917.0,,,,
18341,14:34.025,2,1378.0,662.0,1546.0,900.0,251.0,929.0,393.0,1094.0,,,,
18356,14:34.525,2,1384.0,657.0,1547.0,890.0,266.0,928.0,406.0,1093.0,,,,
18371,14:35.025,2,1529.0,578.0,1711.0,815.0,464.0,935.0,592.0,1089.0,,,,
18386,14:35.525,2,775.0,713.0,888.0,857.0,1877.0,402.0,2092.0,683.0,,,,
18401,14:36.025,2,1056.0,745.0,1158.0,887.0,2256.0,573.0,2450.0,844.0,,,,
18416,14:36.525,1,1154.0,781.0,1255.0,920.0,,,,,,,,
18431,14:37.027,1,1182.0,794.0,1284.0,932.0,,,,,,,,
18446,14:37.527,1,1177.0,793.0,1278.0,932.0,,,,,,,,
18461,14:38.027,1,1181.0,787.0,1282.0,926.0,,,,,,,,
18476,14:38.527,1,1090.0,877.0,1192.0,1017.0,,,,,,,,
18491,14:39.027,2,1587.0,703.0,1764.0,945.0,502.0,984.0,625.0,1140.0,,,,
18506,14:39.527,2,1513.0,693.0,1700.0,936.0,411.0,1003.0,541.0,1162.0,,,,
18521,14:40.027,2,1592.0,649.0,1777.0,893.0,505.0,965.0,630.0,1116.0,,,,
18535,14:40.527,1,1083.0,807.0,1184.0,947.0,,,,,,,,
18550,14:41.028,2,1806.0,624.0,1995.0,875.0,718.0,834.0,830.0,976.0,,,,
18565,14:41.528,2,462.0,891.0,589.0,1040.0,1537.0,631.0,1688.0,865.0,,,,
18580,14:42.028,2,539.0,870.0,658.0,1020.0,1615.0,627.0,1773.0,858.0,,,,
18595,14:42.528,2,528.0,733.0,711.0,963.0,1754.0,906.0,1874.0,1057.0,,,,
18610,14:43.028,2,691.0,687.0,868.0,911.0,1888.0,961.0,2018.0,1124.0,,,,
18625,14:43.528,2,690.0,660.0,866.0,893.0,1875.0,949.0,2005.0,1111.0,,,,
18640,14:44.028,2,442.0,678.0,642.0,922.0,1643.0,896.0,1760.0,1049.0,,,,
18655,14:44.528,1,1243.0,914.0,1346.0,1062.0,,,,,,,,
18670,14:45.030,2,1263.0,891.0,1366.0,1033.0,-99.0,639.0,119.0,935.0,,,,
18685,14:45.530,2,1268.0,894.0,1371.0,1036.0,-100.0,651.0,125.0,945.0,,,,
18700,14:46.030,2,1308.0,906.0,1411.0,1047.0,-64.0,649.0,191.0,942.0,,,,
18715,14:46.530,2,1297.0,894.0,1400.0,1040.0,-81.0,642.0,165.0,937.0,,,,
18730,14:47.030,2,-13.0,620.0,228.0,912.0,1332.0,888.0,1435.0,1031.0,,,,
18745,14:47.530,2,1363.0,862.0,1465.0,1007.0,2.0,600.0,251.0,890.0,,,,
18760,14:48.030,2,2.0,611.0,255.0,901.0,1360.0,866.0,1465.0,1010.0,,,,
18775,14:48.530,2,600.0,644.0,786.0,891.0,1788.0,955.0,1914.0,1112.0,,,,
18790,14:49.032,2,562.0,637.0,749.0,876.0,1750.0,952.0,1872.0,1108.0,,,,
18805,14:49.532,2,1755.0,940.0,1876.0,1098.0,565.0,636.0,751.0,876.0,,,,
18820,14:50.032,2,2013.0,781.0,2243.0,1058.0,849.0,896.0,957.0,1044.0,,,,
18835,14:50.523,2,1419.0,744.0,1593.0,981.0,236.0,979.0,382.0,1154.0,,,,
18850,14:51.023,2,1474.0,720.0,1650.0,963.0,312.0,948.0,449.0,1115.0,,,,
18865,14:51.523,2,758.0,911.0,870.0,1060.0,1885.0,722.0,2096.0,984.0,,,,
18880,14:52.023,1,1256.0,866.0,1359.0,1009.0,,,,,,,,
18895,14:52.523,2,882.0,632.0,1050.0,858.0,2104.0,942.0,2255.0,1111.0,,,,
18910,14:53.025,2,826.0,622.0,996.0,852.0,2035.0,911.0,2178.0,1080.0,,,,
18925,14:53.525,2,290.0,588.0,506.0,843.0,1525.0,870.0,1632.0,1017.0,,,,
18940,14:54.025,2,1431.0,760.0,1536.0,903.0,113.0,538.0,351.0,813.0,,,,
18955,14:54.525,2,2091.0,627.0,2334.0,904.0,904.0,771.0,1010.0,914.0,,,,
18970,14:55.025,2,1359.0,600.0,1530.0,838.0,144.0,829.0,298.0,1009.0,,,,
18985,14:55.525,2,1449.0,582.0,1625.0,827.0,277.0,796.0,419.0,966.0,,,,
19000,14:56.025,2,1432.0,560.0,1608.0,803.0,229.0,804.0,374.0,980.0,,,,
19015,14:56.525,2,1396.0,557.0,1571.0,801.0,203.0,822.0,350.0,995.0,,,,
19030,14:57.027,2,1536.0,610.0,1715.0,851.0,385.0,864.0,518.0,1029.0,,,,
19045,14:57.527,2,1757.0,615.0,1953.0,870.0,624.0,830.0,741.0,980.0,,,,
19060,14:58.027,2,1499.0,596.0,1682.0,839.0,346.0,884.0,481.0,1050.0,,,,
19075,14:58.527,1,1199.0,837.0,1303.0,978.0,,,,,,,,
19090,14:59.027,2,713.0,755.0,891.0,977.0,1938.0,857.0,2073.0,1017.0,,,,
19105,14:59.527,2,704.0,757.0,879.0,979.0,1931.0,879.0,2065.0,1036.0,,,,
19120,15:00.027,2,1622.0,844.0,1737.0,992.0,369.0,706.0,575.0,947.0,,,,
19135,15:00.527,1,1049.0,822.0,1151.0,964.0,,,,,,,,
19150,15:01.028,2,582.0,882.0,701.0,1034.0,1693.0,633.0,1889.0,882.0,,,,
19165,15:01.528,2,1667.0,658.0,1853.0,904.0,562.0,926.0,684.0,1080.0,,,,
19180,15:02.028,2,1704.0,652.0,1898.0,904.0,594.0,920.0,714.0,1072.0,,,,
19195,15:02.528,2,1903.0,684.0,2121.0,948.0,778.0,917.0,889.0,1059.0,,,,
19210,15:03.028,1,1100.0,852.0,1202.0,992.0,,,,,,,,
19225,15:03.528,1,1094.0,878.0,1197.0,1014.0,,,,,,,,
19240,15:04.028,1,1116.0,818.0,1219.0,957.0,,,,,,,,
19255,15:04.528,1,1121.0,814.0,1224.0,955.0,,,,,,,,
19270,15:05.030,2,999.0,713.0,1103.0,858.0,2213.0,533.0,2434.0,812.0,,,,
19285,15:05.530,2,1674.0,358.0,1872.0,616.0,556.0,655.0,679.0,812.0,,,,
19300,15:06.030,1,1069.0,781.0,1171.0,923.0,,,,,,,,
19314,15:06.530,2,1748.0,816.0,1869.0,969.0,555.0,690.0,738.0,920.0,,,,
19329,15:07.030,2,31.0,535.0,286.0,813.0,1384.0,720.0,1488.0,862.0,,,,
19344,15:07.530,2,1839.0,758.0,1967.0,917.0,628.0,601.0,812.0,836.0,,,,
19359,15:08.030,2,710.0,593.0,887.0,822.0,1914.0,770.0,2045.0,930.0,,,,
19374,15:08.530,2,681.0,608.0,860.0,838.0,1883.0,793.0,2013.0,950.0,,,,
19389,15:09.032,2,103.0,522.0,339.0,802.0,1392.0,816.0,1497.0,960.0,,,,
19404,15:09.523,2,1284.0,842.0,1387.0,984.0,-77.0,616.0,165.0,912.0,,,,
19419,15:10.023,2,1425.0,685.0,1605.0,925.0,270.0,970.0,415.0,1138.0,,,,
19433,15:10.515,2,2145.0,730.0,2393.0,1023.0,975.0,962.0,1079.0,1103.0,,,,
19449,15:11.023,2,615.0,707.0,798.0,941.0,1764.0,1028.0,1884.0,1184.0,,,,
19464,15:11.523,2,591.0,679.0,773.0,908.0,1743.0,983.0,1863.0,1138.0,,,,
19479,15:12.057,2,542.0,682.0,729.0,920.0,1707.0,954.0,1822.0,1106.0,,,,
19494,15:12.523,2,409.0,690.0,604.0,932.0,1599.0,939.0,1710.0,1085.0,,,,
19509,15:13.025,2,306.0,664.0,513.0,914.0,1525.0,895.0,1632.0,1039.0,,,,
19524,15:13.525,2,1406.0,879.0,1510.0,1017.0,118.0,655.0,348.0,924.0,,,,
19539,15:14.025,2,1444.0,672.0,1619.0,904.0,311.0,940.0,450.0,1104.0,,,,
19554,15:14.525,2,1278.0,680.0,1417.0,904.0,132.0,970.0,285.0,1148.0,,,,
19569,15:15.025,2,171.0,961.0,318.0,1132.0,1303.0,664.0,1444.0,887.0,,,,
19584,15:15.525,2,1313.0,643.0,1472.0,871.0,178.0,946.0,325.0,1118.0,,,,
19599,15:16.025,2,1353.0,678.0,1529.0,907.0,235.0,1021.0,377.0,1199.0,,,,
19614,15:16.527,2,1618.0,612.0,1805.0,861.0,531.0,954.0,654.0,1106.0,,,,
19629,15:17.027,2,1535.0,550.0,1716.0,792.0,446.0,898.0,575.0,1057.0,,,,
19643,15:17.510,2,1991.0,530.0,2222.0,811.0,863.0,787.0,969.0,932.0,,,,
19659,15:18.027,2,1864.0,577.0,2074.0,843.0,727.0,688.0,845.0,837.0,,,,
19674,15:18.527,2,1584.0,547.0,1771.0,791.0,469.0,746.0,594.0,907.0,,,,
19689,15:19.027,2,2014.0,538.0,2245.0,809.0,864.0,688.0,970.0,838.0,,,,
19704,15:19.527,2,841.0,686.0,949.0,830.0,1968.0,548.0,2168.0,810.0,,,,
19719,15:20.027,2,853.0,679.0,960.0,826.0,1959.0,550.0,2146.0,809.0,,,,
19734,15:20.528,2,850.0,854.0,958.0,999.0,1979.0,686.0,2179.0,945.0,,,,
19749,15:21.028,2,932.0,996.0,1039.0,1143.0,2112.0,735.0,2335.0,1011.0,,,,
19764,15:21.528,2,2029.0,979.0,2178.0,1155.0,861.0,679.0,1006.0,897.0,,,,
19779,15:22.028,2,1714.0,909.0,1835.0,1068.0,598.0,607.0,749.0,836.0,,,,
19794,15:22.528,2,1263.0,838.0,1368.0,982.0,-30.0,595.0,148.0,863.0,,,,
19809,15:23.028,2,805.0,938.0,916.0,1083.0,1931.0,789.0,2126.0,1047.0,,,,
19824,15:23.528,2,1579.0,708.0,1746.0,941.0,475.0,927.0,599.0,1080.0,,,,
19839,15:24.028,2,467.0,911.0,595.0,1068.0,1587.0,695.0,1767.0,930.0,,,,
19854,15:24.530,2,1571.0,672.0,1751.0,903.0,424.0,917.0,554.0,1078.0,,,,
19869,15:25.030,2,1540.0,666.0,1718.0,906.0,395.0,916.0,528.0,1081.0,,,,
19884,15:25.530,2,1549.0,648.0,1724.0,887.0,414.0,885.0,546.0,1050.0,,,,
19898,15:26.030,2,1032.0,849.0,1132.0,990.0,2242.0,658.0,2461.0,936.0,,,,
19913,15:26.530,1,1208.0,815.0,1313.0,953.0,,,,,,,,
19928,15:27.030,2,1247.0,819.0,1351.0,958.0,-91.0,596.0,114.0,880.0,,,,
19943,15:27.530,2,1752.0,636.0,1951.0,888.0,631.0,867.0,746.0,1019.0,,,,
19958,15:28.030,2,1521.0,632.0,1706.0,873.0,382.0,922.0,515.0,1081.0,,,,
19973,15:28.532,2,1777.0,694.0,1980.0,951.0,656.0,947.0,773.0,1098.0,,,,
19988,15:29.023,2,296.0,646.0,508.0,901.0,1522.0,893.0,1630.0,1035.0,,,,
20003,15:29.523,2,288.0,643.0,500.0,898.0,1524.0,876.0,1632.0,1021.0,,,,
20018,15:30.023,2,209.0,662.0,431.0,920.0,1477.0,894.0,1584.0,1038.0,,,,
20033,15:30.523,2,149.0,643.0,375.0,906.0,1438.0,869.0,1544.0,1014.0,,,,
20048,15:31.023,2,1380.0,848.0,1485.0,991.0,50.0,627.0,295.0,900.0,,,,
20063,15:31.523,2,1325.0,835.0,1429.0,976.0,-32.0,625.0,209.0,906.0,,,,
20078,15:32.023,2,1320.0,831.0,1424.0,973.0,-42.0,627.0,203.0,908.0,,,,
20093,15:32.525,2,1321.0,833.0,1424.0,974.0,-43.0,626.0,205.0,913.0,,,,
20108,15:33.025,2,1320.0,835.0,1423.0,976.0,-41.0,631.0,204.0,916.0,,,,
20123,15:33.525,2,-4.0,644.0,240.0,929.0,1336.0,867.0,1440.0,1011.0,,,,
20138,15:34.025,2,1378.0,849.0,1482.0,992.0,53.0,613.0,296.0,890.0,,,,
20153,15:34.525,2,1312.0,881.0,1414.0,1018.0,-43.0,662.0,201.0,949.0,,,,
20168,15:35.025,1,1261.0,877.0,1362.0,1016.0,,,,,,,,
20183,15:35.525,1,1231.0,887.0,1331.0,1023.0,,,,,,,,
20198,15:36.025,1,1109.0,851.0,1211.0,993.0,,,,,,,,
20213,15:36.527,1,1233.0,814.0,1335.0,956.0,,,,,,,,
20228,15:37.027,2,546.0,549.0,733.0,788.0,1716.0,865.0,1838.0,1017.0,,,,
20243,15:37.527,2,579.0,562.0,763.0,802.0,1734.0,918.0,1854.0,1068.0,,,,
20258,15:38.027,2,1699.0,850.0,1817.0,1004.0,555.0,493.0,743.0,731.0,,,,
20273,15:38.527,2,330.0,493.0,538.0,752.0,1522.0,833.0,1633.0,982.0,,,,
20288,15:39.027,2,1382.0,766.0,1485.0,905.0,91.0,487.0,331.0,767.0,,,,
20303,15:39.527,2,1324.0,772.0,1426.0,914.0,1.0,524.0,248.0,811.0,,,,
20318,15:40.027,2,893.0,777.0,999.0,919.0,2082.0,558.0,2319.0,833.0,,,,
20333,15:40.528,2,1472.0,605.0,1636.0,834.0,323.0,907.0,461.0,1074.0,,,,
20348,15:41.028,2,1470.0,620.0,1630.0,846.0,328.0,912.0,464.0,1078.0,,,,
20363,15:41.528,2,379.0,895.0,509.0,1054.0,1510.0,619.0,1660.0,839.0,,,,
20378,15:42.028,2,458.0,879.0,584.0,1038.0,1574.0,616.0,1725.0,843.0,,,,
20393,15:42.528,2,523.0,853.0,646.0,1005.0,1641.0,605.0,1802.0,838.0,,,,
20408,15:43.028,2,521.0,850.0,643.0,1003.0,1641.0,598.0,1802.0,829.0,,,,
20423,15:43.528,2,544.0,852.0,664.0,1002.0,1675.0,600.0,1858.0,838.0,,,,
20438,15:44.028,0,,,,,,,,,,,,
20453,15:44.530,0,,,,,,,,,,,,
20468,15:45.030,0,,,,,,,,,,,,
20483,15:45.530,1,1039.0,502.0,1144.0,650.0,,,,,,,,
20497,15:46.022,2,1487.0,558.0,1666.0,795.0,321.0,786.0,457.0,951.0,,,,
20513,15:46.530,2,1375.0,573.0,1544.0,797.0,179.0,816.0,327.0,985.0,,,,
20528,15:47.030,2,1433.0,567.0,1608.0,798.0,275.0,814.0,415.0,978.0,,,,
20542,15:47.505,2,648.0,763.0,765.0,911.0,1761.0,572.0,1959.0,822.0,,,,
20558,15:48.030,1,1149.0,758.0,1250.0,894.0,,,,,,,,
20573,15:48.532,2,279.0,528.0,486.0,788.0,1498.0,809.0,1606.0,953.0,,,,
20588,15:49.032,2,1561.0,831.0,1669.0,977.0,361.0,552.0,561.0,800.0,,,,
20603,15:49.523,2,348.0,567.0,548.0,818.0,1543.0,825.0,1651.0,972.0,,,,
20618,15:50.023,2,329.0,577.0,529.0,829.0,1530.0,824.0,1637.0,971.0,,,,
20633,15:50.523,2,337.0,591.0,538.0,844.0,1536.0,839.0,1644.0,984.0,,,,
20648,15:51.023,2,342.0,606.0,543.0,861.0,1536.0,853.0,1644.0,994.0,,,,
20663,15:51.523,2,347.0,602.0,547.0,857.0,1540.0,846.0,1647.0,993.0,,,,
20678,15:52.023,2,343.0,604.0,544.0,860.0,1540.0,842.0,1649.0,989.0,,,,
20693,15:52.525,2,326.0,602.0,526.0,850.0,1531.0,833.0,1638.0,977.0,,,,
20708,15:53.025,2,299.0,587.0,506.0,842.0,1518.0,817.0,1626.0,962.0,,,,
20723,15:53.525,2,1531.0,798.0,1637.0,944.0,302.0,570.0,511.0,821.0,,,,
20738,15:54.025,2,1519.0,791.0,1626.0,933.0,291.0,572.0,500.0,823.0,,,,
20753,15:54.525,2,326.0,574.0,523.0,820.0,1529.0,786.0,1636.0,932.0,,,,
20768,15:55.025,2,312.0,583.0,508.0,829.0,1513.0,785.0,1617.0,929.0,,,,
20783,15:55.525,2,1501.0,775.0,1607.0,920.0,283.0,576.0,489.0,824.0,,,,
20798,15:56.025,2,1500.0,772.0,1606.0,916.0,276.0,570.0,479.0,824.0,,,,
20813,15:56.527,2,1510.0,774.0,1616.0,918.0,295.0,572.0,496.0,824.0,,,,
20828,15:57.027,2,291.0,577.0,494.0,831.0,1509.0,778.0,1617.0,923.0,,,,
20843,15:57.527,2,287.0,581.0,490.0,834.0,1508.0,781.0,1616.0,926.0,,,,
20858,15:58.027,2,279.0,579.0,483.0,833.0,1511.0,782.0,1617.0,927.0,,,,
20873,15:58.527,2,1497.0,775.0,1604.0,921.0,258.0,585.0,465.0,835.0,,,,
20888,15:59.027,2,1496.0,772.0,1601.0,915.0,245.0,578.0,457.0,834.0,,,,
20903,15:59.527,2,1498.0,772.0,1604.0,915.0,240.0,576.0,459.0,829.0,,,,
20918,16:00.027,2,242.0,585.0,457.0,844.0,1493.0,777.0,1600.0,923.0,,,,
20933,16:00.528,2,265.0,594.0,475.0,846.0,1502.0,783.0,1611.0,927.0,,,,
20948,16:01.028,2,339.0,608.0,515.0,848.0,1508.0,785.0,1616.0,932.0,,,,
20963,16:01.528,2,1488.0,775.0,1595.0,916.0,316.0,604.0,489.0,846.0,,,,
20978,16:02.028,2,1486.0,765.0,1594.0,907.0,321.0,602.0,492.0,840.0,,,,
20993,16:02.528,2,1476.0,765.0,1584.0,906.0,310.0,602.0,481.0,846.0,,,,
21008,16:03.028,1,1189.0,774.0,1291.0,914.0,,,,,,,,
21023,16:03.528,2,960.0,801.0,1065.0,942.0,2127.0,510.0,2355.0,782.0,,,,
21037,16:04.003,2,1578.0,580.0,1758.0,816.0,474.0,865.0,601.0,1022.0,,,,
21053,16:04.530,2,1402.0,639.0,1573.0,868.0,239.0,931.0,384.0,1097.0,,,,
21068,16:05.030,2,1428.0,659.0,1597.0,889.0,273.0,958.0,416.0,1123.0,,,,
21083,16:05.530,2,2047.0,1163.0,2199.0,1342.0,873.0,949.0,1012.0,1155.0,,,,
21098,16:06.030,1,1109.0,1002.0,1246.0,1209.0,,,,,,,,
21113,16:06.530,1,1104.0,1008.0,1241.0,1215.0,,,,,,,,
21128,16:07.030,1,1093.0,1010.0,1229.0,1215.0,,,,,,,,
21143,16:07.530,1,1074.0,1005.0,1209.0,1214.0,,,,,,,,
21158,16:08.030,2,1637.0,1024.0,1751.0,1173.0,469.0,866.0,626.0,1094.0,,,,
21173,16:08.532,2,1649.0,973.0,1765.0,1123.0,483.0,864.0,645.0,1089.0,,,,
21188,16:09.023,2,1619.0,990.0,1733.0,1136.0,444.0,885.0,609.0,1116.0,,,,
21203,16:09.523,2,1644.0,1011.0,1759.0,1156.0,405.0,899.0,604.0,1135.0,,,,
21218,16:10.023,2,1684.0,1006.0,1801.0,1154.0,435.0,881.0,633.0,1115.0,,,,
21233,16:10.523,2,1508.0,975.0,1616.0,1120.0,208.0,866.0,430.0,1116.0,,,,
21248,16:11.023,2,1450.0,955.0,1558.0,1098.0,127.0,863.0,359.0,1120.0,,,,
21263,16:11.523,2,191.0,845.0,413.0,1099.0,1481.0,953.0,1591.0,1097.0,,,,
21278,16:12.023,2,1496.0,921.0,1603.0,1064.0,225.0,819.0,444.0,1064.0,,,,
21293,16:12.525,2,659.0,811.0,836.0,1031.0,1867.0,891.0,1995.0,1042.0,,,,
21308,16:13.025,2,641.0,760.0,817.0,983.0,1854.0,822.0,1983.0,981.0,,,,
21323,16:13.525,2,590.0,779.0,774.0,1003.0,1809.0,835.0,1933.0,990.0,,,,
21338,16:14.025,2,937.0,613.0,1045.0,756.0,2169.0,246.0,2419.0,549.0,,,,
21353,16:14.525,2,637.0,478.0,763.0,639.0,1832.0,122.0,2066.0,340.0,,,,
21368,16:15.025,2,1530.0,366.0,1723.0,623.0,363.0,701.0,500.0,866.0,,,,
21383,16:15.525,2,926.0,739.0,1031.0,881.0,2140.0,419.0,2397.0,714.0,,,,
21398,16:16.025,2,55.0,828.0,303.0,1097.0,1400.0,938.0,1506.0,1078.0,,,,
21413,16:16.527,2,161.0,882.0,394.0,1148.0,1453.0,1042.0,1561.0,1183.0,,,,
21428,16:17.027,2,18.0,996.0,276.0,1282.0,1377.0,1165.0,1485.0,1312.0,,,,
21443,16:17.527,2,1297.0,1112.0,1403.0,1258.0,-83.0,969.0,162.0,1272.0,,,,
21458,16:18.027,0,,,,,,,,,,,,
21473,16:18.527,0,,,,,,,,,,,,
21488,16:19.027,0,,,,,,,,,,,,
21503,16:19.527,0,,,,,,,,,,,,
21518,16:20.027,0,,,,,,,,,,,,
21533,16:20.528,0,,,,,,,,,,,,
21548,16:21.028,0,,,,,,,,,,,,
21563,16:21.528,0,,,,,,,,,,,,
21578,16:22.028,0,,,,,,,,,,,,
21593,16:22.528,1,991.0,419.0,1098.0,575.0,,,,,,,,
21608,16:23.028,2,1624.0,358.0,1817.0,614.0,444.0,604.0,572.0,768.0,,,,
21623,16:23.528,2,426.0,490.0,624.0,738.0,1657.0,698.0,1773.0,852.0,,,,
21638,16:24.028,2,775.0,397.0,948.0,642.0,1986.0,689.0,2129.0,858.0,,,,
21653,16:24.530,2,1951.0,1022.0,2089.0,1186.0,722.0,871.0,892.0,1095.0,,,,
21668,16:25.030,2,676.0,1047.0,850.0,1275.0,1932.0,1151.0,2071.0,1319.0,,,,
21683,16:25.530,2,592.0,1071.0,775.0,1310.0,1850.0,1164.0,1982.0,1334.0,,,,
21698,16:26.030,2,602.0,1053.0,785.0,1289.0,1820.0,1102.0,1950.0,1263.0,,,,
21713,16:26.530,2,617.0,1035.0,795.0,1268.0,1820.0,1106.0,1952.0,1267.0,,,,
21728,16:27.030,2,608.0,1014.0,790.0,1247.0,1817.0,1093.0,1949.0,1251.0,,,,
21743,16:27.530,2,619.0,997.0,788.0,1224.0,1816.0,1066.0,1946.0,1229.0,,,,
21758,16:28.030,2,1821.0,1049.0,1950.0,1208.0,677.0,981.0,821.0,1205.0,,,,
21773,16:28.523,2,1820.0,1049.0,1950.0,1204.0,673.0,977.0,817.0,1201.0,,,,
21788,16:29.023,2,1815.0,1041.0,1945.0,1199.0,669.0,973.0,812.0,1197.0,,,,
21803,16:29.523,2,1801.0,1019.0,1928.0,1183.0,632.0,961.0,786.0,1182.0,,,,
21818,16:30.023,2,1796.0,1002.0,1922.0,1156.0,621.0,951.0,777.0,1176.0,,,,
21833,16:30.523,2,1794.0,992.0,1920.0,1150.0,635.0,949.0,781.0,1168.0,,,,
21848,16:31.023,2,1783.0,980.0,1909.0,1136.0,606.0,946.0,765.0,1163.0,,,,
21863,16:31.523,2,1783.0,973.0,1909.0,1129.0,616.0,944.0,771.0,1159.0,,,,
21878,16:32.023,2,1779.0,969.0,1905.0,1125.0,609.0,942.0,766.0,1159.0,,,,
21893,16:32.525,2,1774.0,971.0,1900.0,1127.0,610.0,941.0,766.0,1159.0,,,,
21908,16:33.025,2,1777.0,963.0,1905.0,1121.0,613.0,940.0,771.0,1160.0,,,,
21923,16:33.525,2,1788.0,959.0,1914.0,1118.0,635.0,937.0,789.0,1151.0,,,,
21938,16:34.025,2,1797.0,956.0,1920.0,1111.0,637.0,931.0,788.0,1148.0,,,,
21953,16:34.525,2,1788.0,951.0,1917.0,1108.0,633.0,925.0,783.0,1146.0,,,,
21968,16:35.025,2,1771.0,951.0,1894.0,1108.0,633.0,924.0,784.0,1145.0,,,,
21983,16:35.525,2,1776.0,954.0,1901.0,1114.0,637.0,919.0,787.0,1142.0,,,,
21998,16:36.025,2,1773.0,959.0,1898.0,1124.0,623.0,925.0,781.0,1146.0,,,,
22013,16:36.527,2,1772.0,956.0,1899.0,1113.0,614.0,927.0,776.0,1148.0,,,,
22028,16:37.027,2,1766.0,947.0,1895.0,1102.0,617.0,928.0,775.0,1154.0,,,,
22043,16:37.527,2,1761.0,939.0,1888.0,1096.0,625.0,915.0,778.0,1139.0,,,,
22058,16:38.027,2,1764.0,943.0,1889.0,1099.0,598.0,911.0,762.0,1137.0,,,,
22073,16:38.527,2,1763.0,937.0,1887.0,1092.0,593.0,910.0,757.0,1132.0,,,,
22088,16:39.027,2,1766.0,942.0,1889.0,1097.0,598.0,914.0,761.0,1135.0,,,,
22103,16:39.527,2,1769.0,951.0,1894.0,1110.0,604.0,918.0,767.0,1138.0,,,,
22118,16:40.027,2,1769.0,939.0,1893.0,1095.0,599.0,911.0,766.0,1131.0,,,,
22133,16:40.528,2,1744.0,928.0,1868.0,1084.0,585.0,906.0,749.0,1128.0,,,,
22148,16:41.028,2,906.0,878.0,1019.0,1031.0,2127.0,690.0,2342.0,958.0,,,,
22163,16:41.528,2,1367.0,732.0,1514.0,959.0,79.0,875.0,240.0,1058.0,,,,
22178,16:42.028,2,1301.0,767.0,1445.0,990.0,-13.0,986.0,152.0,1181.0,,,,
22193,16:42.528,2,1319.0,780.0,1482.0,1012.0,-11.0,1028.0,153.0,1224.0,,,,
22208,16:43.028,2,1333.0,780.0,1501.0,1009.0,0.0,1035.0,166.0,1228.0,,,,
22223,16:43.528,2,1335.0,783.0,1502.0,1017.0,13.0,1028.0,183.0,1222.0,,,,
22238,16:44.028,2,1332.0,793.0,1494.0,1021.0,32.0,1039.0,201.0,1232.0,,,,
22253,16:44.530,2,1339.0,788.0,1485.0,1012.0,67.0,1022.0,231.0,1206.0,,,,
22268,16:45.030,2,1361.0,781.0,1511.0,1008.0,97.0,1006.0,255.0,1191.0,,,,
22283,16:45.530,2,1369.0,782.0,1520.0,1011.0,105.0,1002.0,263.0,1187.0,,,,
22298,16:46.030,2,1374.0,781.0,1522.0,1010.0,116.0,994.0,274.0,1180.0,,,,
22313,16:46.530,2,1399.0,758.0,1549.0,986.0,145.0,948.0,304.0,1129.0,,,,
22328,16:47.030,2,173.0,929.0,324.0,1107.0,1418.0,749.0,1567.0,976.0,,,,
22343,16:47.530,2,1425.0,749.0,1576.0,977.0,183.0,917.0,335.0,1097.0,,,,
22358,16:48.023,2,180.0,921.0,333.0,1102.0,1420.0,748.0,1569.0,979.0,,,,
22373,16:48.523,2,1430.0,754.0,1578.0,988.0,192.0,919.0,344.0,1099.0,,,,
22388,16:49.023,2,1441.0,742.0,1593.0,971.0,210.0,904.0,360.0,1080.0,,,,
22403,16:49.523,2,1444.0,721.0,1593.0,964.0,212.0,886.0,364.0,1066.0,,,,
22418,16:50.023,2,1450.0,721.0,1602.0,953.0,222.0,881.0,372.0,1060.0,,,,
22433,16:50.548,2,698.0,850.0,814.0,1005.0,1870.0,702.0,2057.0,949.0,,,,
22448,16:51.023,2,843.0,742.0,994.0,957.0,2000.0,932.0,2149.0,1105.0,,,,
22463,16:51.523,2,893.0,724.0,1038.0,937.0,2052.0,970.0,2202.0,1144.0,,,,
22478,16:52.025,2,2026.0,963.0,2172.0,1137.0,863.0,732.0,1011.0,944.0,,,,
22493,16:52.525,2,856.0,737.0,1002.0,945.0,2009.0,972.0,2156.0,1142.0,,,,
22508,16:53.025,2,858.0,738.0,1005.0,946.0,2004.0,976.0,2153.0,1146.0,,,,
22523,16:53.525,2,837.0,740.0,993.0,954.0,2005.0,984.0,2152.0,1156.0,,,,
22538,16:54.025,2,837.0,745.0,993.0,957.0,2004.0,990.0,2150.0,1163.0,,,,
22553,16:54.525,2,828.0,750.0,984.0,962.0,2000.0,993.0,2145.0,1164.0,,,,
22568,16:55.025,2,1995.0,983.0,2138.0,1151.0,823.0,738.0,978.0,954.0,,,,
22583,16:55.525,2,1990.0,986.0,2135.0,1155.0,823.0,744.0,977.0,958.0,,,,
22598,16:56.027,2,1986.0,987.0,2131.0,1154.0,822.0,745.0,974.0,960.0,,,,
22613,16:56.527,2,1997.0,997.0,2142.0,1166.0,834.0,749.0,988.0,962.0,,,,
22628,16:57.027,2,836.0,751.0,991.0,964.0,1997.0,1000.0,2141.0,1169.0,,,,
22643,16:57.527,2,1996.0,995.0,2140.0,1163.0,830.0,749.0,985.0,966.0,,,,
22658,16:58.027,2,1992.0,988.0,2136.0,1156.0,834.0,747.0,990.0,961.0,,,,
22673,16:58.527,2,838.0,732.0,996.0,947.0,2001.0,969.0,2147.0,1141.0,,,,
22688,16:59.027,1,1821.0,911.0,1998.0,1146.0,,,,,,,,
22703,16:59.527,0,,,,,,,,,,,,
22718,17:00.028,0,,,,,,,,,,,,
22733,17:00.528,0,,,,,,,,,,,,
22748,17:01.028,0,,,,,,,,,,,,
22763,17:01.528,2,981.0,955.0,1095.0,1107.0,2231.0,477.0,2455.0,752.0,,,,
22778,17:02.028,1,1064.0,926.0,1176.0,1068.0,,,,,,,,
22793,17:02.528,2,1921.0,839.0,2063.0,1007.0,764.0,800.0,917.0,1018.0,,,,
22808,17:03.028,2,1891.0,715.0,2028.0,888.0,727.0,701.0,887.0,919.0,,,,
22823,17:03.528,2,1836.0,657.0,1971.0,827.0,670.0,641.0,834.0,868.0,,,,
22838,17:04.030,2,1761.0,594.0,1890.0,759.0,594.0,575.0,757.0,807.0,,,,
22853,17:04.530,2,587.0,561.0,743.0,791.0,1742.0,590.0,1871.0,754.0,,,,
22868,17:05.030,2,1763.0,578.0,1893.0,745.0,602.0,544.0,763.0,777.0,,,,
22883,17:05.530,2,1775.0,567.0,1907.0,737.0,610.0,531.0,770.0,765.0,,,,
22898,17:06.030,2,604.0,522.0,770.0,754.0,1788.0,556.0,1920.0,726.0,,,,
22913,17:06.530,2,569.0,523.0,748.0,759.0,1788.0,558.0,1917.0,727.0,,,,
22928,17:07.022,2,1784.0,548.0,1916.0,715.0,561.0,520.0,739.0,751.0,,,,
22943,17:07.522,2,1778.0,551.0,1910.0,717.0,555.0,521.0,733.0,755.0,,,,
22958,17:08.023,2,1778.0,546.0,1911.0,716.0,558.0,521.0,736.0,752.0,,,,
22973,17:08.523,2,1777.0,542.0,1911.0,711.0,549.0,519.0,730.0,751.0,,,,
22988,17:09.023,2,1774.0,550.0,1906.0,718.0,552.0,523.0,731.0,759.0,,,,
23003,17:09.523,2,550.0,528.0,731.0,766.0,1765.0,556.0,1894.0,723.0,,,,
23018,17:10.023,2,567.0,522.0,741.0,755.0,1771.0,541.0,1901.0,712.0,,,,
23033,17:10.523,2,1769.0,545.0,1898.0,713.0,572.0,520.0,743.0,754.0,,,,
23048,17:11.023,1,1175.0,682.0,1281.0,830.0,,,,,,,,
23062,17:11.532,2,1276.0,661.0,1426.0,898.0,-64.0,954.0,97.0,1151.0,,,,
23078,17:12.025,1,1254.0,674.0,1408.0,906.0,,,,,,,,
23093,17:12.525,2,1284.0,661.0,1435.0,890.0,-26.0,1003.0,134.0,1199.0,,,,
23106,17:13.000,2,498.0,880.0,627.0,1046.0,1687.0,625.0,1858.0,871.0,,,,
23123,17:13.525,1,1155.0,831.0,1262.0,981.0,,,,,,,,
23138,17:14.025,2,1260.0,859.0,1367.0,1008.0,-24.0,479.0,183.0,762.0,,,,
23153,17:14.525,2,1251.0,868.0,1360.0,1013.0,-8.0,495.0,193.0,771.0,,,,
23168,17:15.025,2,1252.0,873.0,1361.0,1021.0,-8.0,507.0,191.0,780.0,,,,
23183,17:15.525,2,1245.0,878.0,1357.0,1027.0,-14.0,514.0,188.0,786.0,,,,
23198,17:16.027,2,1266.0,884.0,1377.0,1031.0,1.0,508.0,206.0,783.0,,,,
23213,17:16.527,2,1257.0,879.0,1369.0,1021.0,-27.0,508.0,177.0,784.0,,,,
23228,17:17.027,2,1265.0,871.0,1377.0,1024.0,0.0,486.0,204.0,760.0,,,,
23243,17:17.527,2,1284.0,878.0,1393.0,1025.0,27.0,470.0,241.0,746.0,,,,
23258,17:18.027,2,1285.0,883.0,1395.0,1027.0,10.0,477.0,227.0,760.0,,,,
23273,17:18.527,2,1261.0,890.0,1370.0,1035.0,-30.0,494.0,180.0,780.0,,,,
23288,17:19.027,2,1927.0,777.0,2123.0,1034.0,741.0,938.0,858.0,1087.0,,,,
23303,17:19.527,2,1478.0,737.0,1635.0,969.0,312.0,1086.0,453.0,1257.0,,,,
23318,17:20.028,2,1475.0,705.0,1634.0,934.0,306.0,1059.0,446.0,1231.0,,,,
23333,17:20.528,2,1630.0,658.0,1795.0,897.0,496.0,980.0,623.0,1143.0,,,,
23348,17:21.028,1,1034.0,836.0,1145.0,986.0,,,,,,,,
23363,17:21.528,2,1474.0,854.0,1592.0,1007.0,308.0,546.0,489.0,800.0,,,,
23378,17:22.028,2,1449.0,863.0,1565.0,1013.0,273.0,563.0,459.0,820.0,,,,
23393,17:22.528,2,1430.0,862.0,1544.0,1014.0,248.0,570.0,436.0,825.0,,,,
23408,17:23.028,2,1404.0,841.0,1517.0,992.0,210.0,586.0,400.0,840.0,,,,
23423,17:23.528,2,1390.0,840.0,1504.0,995.0,197.0,595.0,385.0,854.0,,,,
23438,17:24.030,2,1369.0,815.0,1478.0,964.0,169.0,584.0,362.0,844.0,,,,
23453,17:24.530,2,1359.0,807.0,1468.0,959.0,123.0,581.0,340.0,845.0,,,,
23468,17:25.030,2,1385.0,814.0,1498.0,965.0,155.0,586.0,366.0,853.0,,,,
23483,17:25.530,2,576.0,648.0,744.0,882.0,1719.0,859.0,1845.0,1023.0,,,,
23498,17:26.030,2,1694.0,882.0,1818.0,1042.0,549.0,660.0,721.0,895.0,,,,
23513,17:26.522,2,642.0,879.0,764.0,1038.0,1822.0,690.0,1998.0,951.0,,,,
23528,17:27.022,2,1383.0,712.0,1535.0,950.0,116.0,979.0,274.0,1168.0,,,,
23543,17:27.522,2,1387.0,709.0,1534.0,946.0,120.0,987.0,279.0,1172.0,,,,
23558,17:28.023,2,1390.0,706.0,1546.0,951.0,126.0,998.0,284.0,1186.0,,,,
23573,17:28.523,2,1402.0,696.0,1559.0,935.0,143.0,995.0,301.0,1180.0,,,,
23588,17:29.023,2,468.0,957.0,599.0,1127.0,1663.0,684.0,1836.0,932.0,,,,
23603,17:29.523,1,1033.0,863.0,1141.0,1010.0,,,,,,,,
23618,17:30.023,2,1939.0,662.0,2138.0,932.0,731.0,898.0,847.0,1050.0,,,,
23633,17:30.523,2,1694.0,683.0,1870.0,938.0,516.0,978.0,641.0,1139.0,,,,
23648,17:31.023,2,1723.0,664.0,1937.0,930.0,519.0,980.0,648.0,1146.0,,,,
23663,17:31.523,2,1671.0,697.0,1874.0,950.0,481.0,1011.0,609.0,1177.0,,,,
23678,17:32.025,2,478.0,993.0,608.0,1157.0,1663.0,666.0,1863.0,919.0,,,,
23692,17:32.525,2,798.0,898.0,910.0,1045.0,2005.0,614.0,2242.0,889.0,,,,
23707,17:33.025,2,1691.0,792.0,1867.0,1041.0,507.0,1069.0,636.0,1232.0,,,,
23722,17:33.525,2,1613.0,735.0,1798.0,986.0,445.0,1096.0,578.0,1264.0,,,,
23737,17:34.025,2,1579.0,676.0,1779.0,932.0,400.0,1083.0,536.0,1253.0,,,,
23752,17:34.525,2,1566.0,695.0,1739.0,946.0,397.0,1066.0,532.0,1239.0,,,,
23767,17:35.025,2,403.0,1055.0,539.0,1223.0,1569.0,682.0,1727.0,914.0,,,,
23782,17:35.525,2,401.0,1058.0,537.0,1227.0,1568.0,671.0,1729.0,907.0,,,,
23797,17:36.027,2,400.0,1054.0,536.0,1224.0,1579.0,655.0,1744.0,898.0,,,,
23812,17:36.527,2,1595.0,653.0,1768.0,889.0,391.0,1068.0,526.0,1240.0,,,,
23827,17:37.027,2,1578.0,659.0,1743.0,896.0,386.0,1063.0,521.0,1234.0,,,,
23842,17:37.527,2,390.0,1052.0,526.0,1218.0,1578.0,655.0,1739.0,893.0,,,,
23857,17:38.027,2,1660.0,637.0,1830.0,877.0,476.0,1006.0,607.0,1173.0,,,,
23872,17:38.527,2,913.0,890.0,1022.0,1037.0,2207.0,638.0,2409.0,911.0,,,,
23887,17:39.027,1,1012.0,846.0,1121.0,996.0,,,,,,,,
23902,17:39.527,2,1330.0,867.0,1438.0,1013.0,-15.0,662.0,229.0,939.0,,,,
23917,17:40.028,2,518.0,910.0,644.0,1071.0,1728.0,627.0,1911.0,867.0,,,,
23932,17:40.528,2,408.0,955.0,545.0,1125.0,1615.0,626.0,1786.0,861.0,,,,
23947,17:41.028,1,1018.0,811.0,1125.0,959.0,,,,,,,,
23962,17:41.528,2,668.0,675.0,849.0,908.0,1850.0,870.0,1984.0,1038.0,,,,
23977,17:42.028,2,668.0,691.0,846.0,921.0,1838.0,887.0,1972.0,1054.0,,,,
23992,17:42.528,2,682.0,704.0,858.0,931.0,1855.0,903.0,1990.0,1071.0,,,,
24007,17:43.028,2,636.0,699.0,817.0,929.0,1812.0,881.0,1942.0,1048.0,,,,
24022,17:43.528,2,643.0,706.0,821.0,934.0,1819.0,885.0,1951.0,1053.0,,,,
24037,17:44.030,2,649.0,712.0,828.0,942.0,1821.0,892.0,1951.0,1059.0,,,,
24052,17:44.530,2,434.0,726.0,632.0,967.0,1624.0,896.0,1744.0,1049.0,,,,
24067,17:45.030,2,1880.0,612.0,2086.0,871.0,681.0,980.0,800.0,1135.0,,,,
24082,17:45.522,2,1600.0,602.0,1774.0,843.0,438.0,1066.0,572.0,1232.0,,,,
24097,17:46.022,2,1617.0,571.0,1794.0,805.0,460.0,1038.0,592.0,1203.0,,,,
24112,17:46.522,2,478.0,1028.0,609.0,1188.0,1626.0,546.0,1806.0,786.0,,,,
24127,17:47.022,2,500.0,1014.0,630.0,1178.0,1653.0,538.0,1829.0,783.0,,,,
24142,17:47.522,2,409.0,984.0,545.0,1154.0,1618.0,621.0,1792.0,859.0,,,,
24157,17:48.023,2,415.0,1025.0,549.0,1193.0,1649.0,773.0,1824.0,1020.0,,,,
24172,17:48.523,2,1532.0,772.0,1710.0,1014.0,295.0,1146.0,440.0,1324.0,,,,
24187,17:49.023,2,1525.0,754.0,1714.0,990.0,291.0,1165.0,438.0,1347.0,,,,
24201,17:49.523,2,2094.0,520.0,2347.0,797.0,844.0,869.0,954.0,1018.0,,,,
24216,17:50.023,1,965.0,739.0,1075.0,892.0,,,,,,,,
24231,17:50.523,2,1637.0,446.0,1835.0,706.0,386.0,785.0,524.0,955.0,,,,
24246,17:51.023,2,493.0,927.0,624.0,1095.0,1704.0,585.0,1885.0,826.0,,,,
24260,17:51.523,2,544.0,719.0,736.0,957.0,1719.0,828.0,1844.0,994.0,,,,
24275,17:52.025,2,1949.0,861.0,2091.0,1037.0,790.0,687.0,961.0,912.0,,,,
24290,17:52.525,2,814.0,713.0,984.0,932.0,1959.0,962.0,2102.0,1133.0,,,,
24305,17:53.025,2,875.0,741.0,1039.0,959.0,2041.0,949.0,2192.0,1129.0,,,,
24320,17:53.525,2,871.0,738.0,1036.0,960.0,2036.0,938.0,2186.0,1110.0,,,,
24335,17:54.025,2,738.0,746.0,911.0,971.0,1887.0,914.0,2012.0,1078.0,,,,
24350,17:54.525,1,1183.0,889.0,1294.0,1034.0,,,,,,,,
24365,17:55.025,2,1616.0,654.0,1775.0,886.0,411.0,1016.0,552.0,1174.0,,,,
24380,17:55.525,2,1755.0,649.0,1929.0,890.0,530.0,922.0,665.0,1076.0,,,,
24395,17:56.027,1,1202.0,812.0,1309.0,957.0,,,,,,,,
24410,17:56.527,2,733.0,661.0,908.0,890.0,1891.0,887.0,2025.0,1052.0,,,,
24425,17:57.027,2,1923.0,877.0,2061.0,1044.0,757.0,697.0,928.0,924.0,,,,
24440,17:57.527,2,809.0,694.0,983.0,922.0,1982.0,945.0,2127.0,1113.0,,,,
24455,17:58.027,2,798.0,657.0,973.0,891.0,1971.0,942.0,2117.0,1112.0,,,,
24470,17:58.535,2,519.0,655.0,715.0,902.0,1700.0,836.0,1824.0,1000.0,,,,
24485,17:59.027,1,1103.0,817.0,1210.0,964.0,,,,,,,,
24500,17:59.527,2,1559.0,577.0,1758.0,819.0,394.0,873.0,536.0,1043.0,,,,
24514,18:00.028,2,866.0,698.0,978.0,852.0,2108.0,463.0,2396.0,765.0,,,,
24529,18:00.528,1,1187.0,707.0,1294.0,858.0,,,,,,,,
24544,18:01.028,2,658.0,568.0,838.0,810.0,1780.0,888.0,1911.0,1054.0,,,,
24559,18:01.528,2,148.0,695.0,379.0,958.0,1407.0,874.0,1516.0,1023.0,,,,
24574,18:02.028,2,1523.0,699.0,1708.0,941.0,268.0,1031.0,419.0,1211.0,,,,
24587,18:02.512,2,885.0,874.0,996.0,1026.0,2174.0,645.0,2403.0,930.0,,,,
24603,18:03.028,2,1649.0,851.0,1768.0,1012.0,502.0,642.0,693.0,884.0,,,,
24618,18:03.530,2,463.0,643.0,660.0,893.0,1627.0,798.0,1745.0,956.0,,,,
24633,18:04.030,2,331.0,603.0,543.0,863.0,1511.0,753.0,1625.0,907.0,,,,
24648,18:04.530,2,1217.0,751.0,1323.0,905.0,-92.0,660.0,126.0,959.0,,,,
24663,18:05.022,1,1043.0,776.0,1152.0,923.0,,,,,,,,
24678,18:05.522,2,1229.0,758.0,1337.0,911.0,-83.0,740.0,148.0,1023.0,,,,
24693,18:06.022,2,741.0,603.0,910.0,836.0,1882.0,616.0,2019.0,786.0,,,,
24708,18:06.522,2,1848.0,629.0,1983.0,799.0,712.0,592.0,884.0,821.0,,,,
24723,18:07.022,2,659.0,592.0,843.0,826.0,1820.0,650.0,1952.0,821.0,,,,
24738,18:07.523,2,1836.0,664.0,1968.0,830.0,664.0,589.0,848.0,825.0,,,,
24753,18:08.023,2,501.0,614.0,693.0,854.0,1677.0,676.0,1799.0,839.0,,,,
24768,18:08.523,2,1280.0,741.0,1390.0,893.0,-42.0,708.0,199.0,990.0,,,,
24783,18:09.023,2,1567.0,597.0,1742.0,837.0,360.0,915.0,499.0,1087.0,,,,
24798,18:09.523,2,1514.0,580.0,1685.0,814.0,294.0,906.0,438.0,1079.0,,,,
24813,18:10.023,2,1625.0,443.0,1808.0,691.0,426.0,776.0,563.0,943.0,,,,
24828,18:10.523,2,349.0,841.0,491.0,1014.0,1546.0,468.0,1722.0,703.0,,,,
24843,18:11.023,2,1490.0,507.0,1664.0,747.0,294.0,912.0,439.0,1084.0,,,,
24858,18:11.525,2,1493.0,476.0,1662.0,715.0,287.0,875.0,434.0,1052.0,,,,
24873,18:12.025,2,535.0,771.0,665.0,929.0,1727.0,418.0,1913.0,669.0,,,,
24888,18:12.525,2,798.0,707.0,916.0,858.0,2087.0,415.0,2318.0,703.0,,,,
24903,18:13.025,2,811.0,712.0,927.0,862.0,2106.0,459.0,2332.0,738.0,,,,
24918,18:13.525,2,841.0,728.0,957.0,884.0,2134.0,463.0,2363.0,744.0,,,,
24933,18:14.025,2,931.0,711.0,1044.0,860.0,2279.0,486.0,2470.0,761.0,,,,
24948,18:14.525,2,931.0,714.0,1044.0,864.0,2281.0,484.0,2472.0,759.0,,,,
24963,18:15.025,1,1001.0,716.0,1113.0,870.0,,,,,,,,
24978,18:15.525,1,1049.0,726.0,1158.0,878.0,,,,,,,,
24993,18:16.027,1,1081.0,740.0,1190.0,888.0,,,,,,,,
25008,18:16.527,1,1086.0,740.0,1195.0,886.0,,,,,,,,
25023,18:17.027,2,1324.0,728.0,1434.0,878.0,68.0,537.0,310.0,814.0,,,,
25038,18:17.527,2,1247.0,761.0,1356.0,915.0,-33.0,550.0,199.0,839.0,,,,
25053,18:18.027,2,290.0,932.0,438.0,1104.0,1546.0,663.0,1711.0,904.0,,,,
25068,18:18.527,2,312.0,930.0,459.0,1099.0,1557.0,660.0,1713.0,893.0,,,,
25081,18:19.027,2,1197.0,847.0,1305.0,995.0,-68.0,708.0,154.0,998.0,,,,
25096,18:19.528,2,1399.0,671.0,1509.0,823.0,220.0,435.0,437.0,704.0,,,,
25111,18:20.028,2,1271.0,803.0,1379.0,948.0,84.0,556.0,293.0,828.0,,,,
25126,18:20.528,1,1152.0,741.0,1257.0,891.0,,,,,,,,
25141,18:21.028,2,897.0,810.0,1007.0,960.0,2187.0,643.0,2389.0,927.0,,,,
25156,18:21.528,2,934.0,826.0,1045.0,977.0,2255.0,627.0,2442.0,902.0,,,,
25171,18:22.028,2,1312.0,738.0,1421.0,894.0,115.0,535.0,329.0,804.0,,,,
25186,18:22.528,2,1326.0,731.0,1435.0,885.0,101.0,498.0,330.0,773.0,,,,
25201,18:23.028,2,1336.0,735.0,1445.0,888.0,114.0,510.0,342.0,784.0,,,,
25216,18:23.530,2,1279.0,735.0,1386.0,887.0,18.0,520.0,253.0,805.0,,,,
25230,18:24.030,2,330.0,925.0,477.0,1100.0,1558.0,684.0,1715.0,919.0,,,,
25245,18:24.530,2,455.0,935.0,589.0,1100.0,1667.0,677.0,1846.0,928.0,,,,
25259,18:25.022,1,1033.0,808.0,1142.0,957.0,,,,,,,,
25274,18:25.522,1,1033.0,787.0,1140.0,934.0,,,,,,,,
25289,18:26.022,1,1056.0,782.0,1163.0,930.0,,,,,,,,
25304,18:26.522,2,211.0,653.0,436.0,917.0,1428.0,897.0,1538.0,1047.0,,,,
25319,18:27.022,2,1497.0,777.0,1651.0,1017.0,197.0,1132.0,360.0,1316.0,,,,
25334,18:27.523,2,1528.0,771.0,1687.0,1008.0,227.0,1096.0,388.0,1279.0,,,,
25349,18:28.023,2,1498.0,778.0,1651.0,1016.0,200.0,1154.0,364.0,1339.0,,,,
25364,18:28.523,2,1488.0,777.0,1644.0,1012.0,186.0,1160.0,352.0,1349.0,,,,
25379,18:29.023,2,402.0,1080.0,543.0,1248.0,1640.0,723.0,1814.0,966.0,,,,
25393,18:29.523,2,52.0,569.0,303.0,847.0,1318.0,819.0,1426.0,966.0,,,,
25408,18:30.023,2,1578.0,856.0,1695.0,1010.0,480.0,533.0,675.0,788.0,,,,
25423,18:30.523,2,298.0,575.0,518.0,835.0,1441.0,893.0,1552.0,1047.0,,,,
25438,18:31.023,2,1180.0,897.0,1289.0,1046.0,-105.0,623.0,128.0,925.0,,,,
25453,18:31.525,2,1857.0,787.0,2066.0,1047.0,603.0,1045.0,731.0,1205.0,,,,
25468,18:32.025,2,1692.0,767.0,1897.0,1022.0,435.0,1077.0,573.0,1247.0,,,,
25483,18:32.525,2,1648.0,761.0,1841.0,1004.0,393.0,1071.0,536.0,1239.0,,,,
25498,18:33.025,2,1595.0,795.0,1781.0,1032.0,326.0,1086.0,474.0,1264.0,,,,
25513,18:33.525,2,1818.0,785.0,2020.0,1045.0,558.0,974.0,686.0,1139.0,,,,
25527,18:34.025,2,1223.0,1018.0,1333.0,1173.0,-80.0,869.0,165.0,1161.0,,,,
25542,18:34.525,2,825.0,897.0,996.0,1115.0,1934.0,1067.0,2081.0,1248.0,,,,
25557,18:35.025,2,870.0,848.0,1038.0,1071.0,1950.0,1087.0,2098.0,1264.0,,,,
25572,18:35.527,2,883.0,845.0,1051.0,1065.0,1965.0,1086.0,2113.0,1266.0,,,,
25587,18:36.027,2,879.0,844.0,1049.0,1063.0,1968.0,1088.0,2114.0,1268.0,,,,
25602,18:36.527,2,992.0,792.0,1156.0,1011.0,2108.0,1061.0,2272.0,1253.0,,,,
25617,18:37.027,1,1230.0,589.0,1398.0,818.0,,,,,,,,
25632,18:37.527,1,1217.0,540.0,1388.0,772.0,,,,,,,,
25647,18:38.027,1,1207.0,530.0,1378.0,770.0,,,,,,,,
25662,18:38.527,1,1208.0,530.0,1377.0,770.0,,,,,,,,
25677,18:39.027,1,1185.0,526.0,1357.0,766.0,,,,,,,,
25692,18:39.528,1,1142.0,515.0,1316.0,752.0,,,,,,,,
25707,18:40.028,2,1107.0,502.0,1282.0,742.0,2300.0,772.0,2459.0,975.0,,,,
25722,18:40.528,2,819.0,505.0,997.0,749.0,1926.0,727.0,2072.0,899.0,,,,
25737,18:41.028,2,1322.0,746.0,1439.0,898.0,78.0,606.0,337.0,882.0,,,,
25752,18:41.528,2,1266.0,778.0,1381.0,923.0,-34.0,680.0,232.0,967.0,,,,
25767,18:42.028,2,-17.0,688.0,247.0,975.0,1268.0,780.0,1383.0,926.0,,,,
25782,18:42.528,2,699.0,877.0,827.0,1036.0,1985.0,565.0,2195.0,836.0,,,,
25797,18:43.028,2,597.0,969.0,729.0,1126.0,1844.0,590.0,2040.0,847.0,,,,
25812,18:43.530,2,805.0,752.0,979.0,979.0,1890.0,947.0,2033.0,1121.0,,,,
25827,18:44.030,2,938.0,712.0,1105.0,932.0,2025.0,998.0,2176.0,1182.0,,,,
25842,18:44.522,2,912.0,761.0,1083.0,985.0,1994.0,1076.0,2146.0,1260.0,,,,
25857,18:45.022,2,941.0,668.0,1111.0,891.0,2016.0,999.0,2166.0,1177.0,,,,
25872,18:45.522,2,1002.0,543.0,1170.0,777.0,2109.0,844.0,2268.0,1029.0,,,,
25887,18:46.022,2,959.0,477.0,1130.0,719.0,2073.0,741.0,2229.0,926.0,,,,
25902,18:46.522,2,1594.0,728.0,1718.0,892.0,497.0,516.0,694.0,770.0,,,,
25917,18:47.022,2,689.0,879.0,816.0,1037.0,1971.0,582.0,2167.0,844.0,,,,
25932,18:47.523,2,1431.0,633.0,1587.0,865.0,112.0,1061.0,290.0,1246.0,,,,
25947,18:48.023,2,1394.0,636.0,1552.0,869.0,101.0,1085.0,282.0,1264.0,,,,
25962,18:48.523,2,1387.0,603.0,1549.0,841.0,108.0,1074.0,287.0,1258.0,,,,
25977,18:49.023,2,1400.0,598.0,1552.0,829.0,142.0,1058.0,316.0,1237.0,,,,
25992,18:49.523,2,1602.0,654.0,1789.0,905.0,381.0,1061.0,528.0,1232.0,,,,
26007,18:50.023,2,927.0,948.0,1042.0,1097.0,2266.0,686.0,2481.0,986.0,,,,
26022,18:50.523,1,1003.0,848.0,1116.0,999.0,,,,,,,,
26037,18:51.023,1,943.0,847.0,1055.0,995.0,,,,,,,,
26052,18:51.525,1,937.0,847.0,1051.0,997.0,,,,,,,,
26067,18:52.025,1,938.0,836.0,1053.0,984.0,,,,,,,,
26082,18:52.525,1,942.0,842.0,1057.0,990.0,,,,,,,,
26097,18:53.025,1,936.0,847.0,1049.0,996.0,,,,,,,,
26112,18:53.525,1,973.0,865.0,1085.0,1013.0,,,,,,,,
26127,18:54.025,2,774.0,939.0,892.0,1090.0,2034.0,671.0,2252.0,942.0,,,,
26142,18:54.525,2,444.0,992.0,580.0,1159.0,1662.0,681.0,1855.0,924.0,,,,
26157,18:55.025,2,1540.0,700.0,1737.0,944.0,288.0,1113.0,440.0,1297.0,,,,
26172,18:55.527,2,1495.0,597.0,1680.0,835.0,253.0,1059.0,407.0,1236.0,,,,
26187,18:56.027,2,1701.0,545.0,1910.0,805.0,487.0,948.0,619.0,1113.0,,,,
26202,18:56.527,2,1965.0,528.0,2204.0,813.0,721.0,856.0,838.0,1010.0,,,,
26217,18:57.027,1,1018.0,728.0,1127.0,878.0,,,,,,,,
26232,18:57.527,1,1112.0,553.0,1221.0,704.0,,,,,,,,
26247,18:58.027,2,673.0,523.0,850.0,763.0,1792.0,746.0,1919.0,908.0,,,,
26262,18:58.527,2,1970.0,652.0,2172.0,920.0,710.0,779.0,828.0,935.0,,,,
26277,18:59.027,2,1456.0,693.0,1614.0,922.0,149.0,932.0,307.0,1112.0,,,,
26292,18:59.528,2,1466.0,724.0,1628.0,960.0,197.0,1059.0,354.0,1242.0,,,,
26307,19:00.028,2,1477.0,728.0,1635.0,964.0,209.0,1056.0,361.0,1238.0,,,,
26322,19:00.528,2,1477.0,720.0,1639.0,958.0,205.0,1041.0,361.0,1224.0,,,,
26337,19:01.028,2,1471.0,709.0,1635.0,944.0,200.0,1029.0,356.0,1210.0,,,,
26352,19:01.528,2,1479.0,703.0,1644.0,934.0,207.0,1014.0,362.0,1196.0,,,,
26367,19:02.028,2,1483.0,703.0,1649.0,938.0,221.0,998.0,372.0,1179.0,,,,
26382,19:02.528,2,1484.0,694.0,1651.0,926.0,223.0,977.0,373.0,1157.0,,,,
26397,19:03.028,2,1491.0,683.0,1656.0,913.0,228.0,968.0,380.0,1151.0,,,,
26412,19:03.530,2,1521.0,664.0,1682.0,902.0,264.0,936.0,411.0,1111.0,,,,
26427,19:04.022,2,1513.0,659.0,1679.0,898.0,251.0,937.0,399.0,1108.0,,,,
26442,19:04.522,2,277.0,934.0,424.0,1107.0,1536.0,663.0,1698.0,901.0,,,,
26457,19:05.022,2,1543.0,778.0,1707.0,1018.0,294.0,1125.0,441.0,1308.0,,,,
26472,19:05.522,2,1544.0,731.0,1721.0,972.0,299.0,1058.0,444.0,1238.0,,,,
26487,19:06.022,2,1543.0,714.0,1728.0,957.0,290.0,1052.0,436.0,1226.0,,,,
26502,19:06.522,2,1505.0,725.0,1682.0,959.0,292.0,1042.0,438.0,1218.0,,,,
26517,19:07.022,2,1484.0,746.0,1659.0,981.0,288.0,1062.0,437.0,1242.0,,,,
26532,19:07.523,2,1506.0,844.0,1684.0,1085.0,304.0,1159.0,451.0,1344.0,,,,
26547,19:08.023,2,589.0,1075.0,714.0,1243.0,1756.0,831.0,1946.0,1081.0,,,,
26562,19:08.523,2,1815.0,825.0,2024.0,1085.0,608.0,1031.0,734.0,1193.0,,,,
26577,19:09.023,2,1534.0,772.0,1716.0,1016.0,339.0,1125.0,485.0,1305.0,,,,
26592,19:09.523,2,1502.0,834.0,1675.0,1070.0,308.0,1207.0,455.0,1390.0,,,,
26607,19:10.023,2,1476.0,779.0,1647.0,1017.0,272.0,1149.0,422.0,1332.0,,,,
26622,19:10.523,2,1477.0,763.0,1653.0,1001.0,284.0,1130.0,434.0,1311.0,,,,
26637,19:11.023,2,1470.0,751.0,1642.0,988.0,279.0,1139.0,430.0,1319.0,,,,
26652,19:11.525,2,1476.0,725.0,1648.0,970.0,280.0,1113.0,429.0,1293.0,,,,
26667,19:12.025,2,1477.0,737.0,1654.0,970.0,292.0,1115.0,442.0,1300.0,,,,
26682,19:12.525,2,498.0,1032.0,627.0,1199.0,1685.0,886.0,1862.0,1131.0,,,,
26696,19:13.025,2,464.0,522.0,664.0,774.0,1543.0,934.0,1662.0,1090.0,,,,
26711,19:13.525,2,1714.0,872.0,1840.0,1035.0,606.0,560.0,796.0,800.0,,,,
26726,19:14.025,2,753.0,538.0,931.0,773.0,1911.0,734.0,2048.0,904.0,,,,
26741,19:14.525,2,646.0,576.0,834.0,810.0,1821.0,754.0,1955.0,924.0,,,,
26756,19:15.025,1,1036.0,631.0,1145.0,783.0,,,,,,,,
26771,19:15.527,2,1545.0,335.0,1741.0,598.0,290.0,664.0,445.0,845.0,,,,
26786,19:16.027,2,629.0,692.0,756.0,853.0,1833.0,290.0,2058.0,577.0,,,,
26800,19:16.527,2,503.0,558.0,690.0,802.0,1644.0,747.0,1764.0,906.0,,,,
26815,19:17.027,2,594.0,595.0,777.0,835.0,1710.0,802.0,1834.0,963.0,,,,
26830,19:17.527,2,1672.0,793.0,1795.0,954.0,558.0,583.0,743.0,820.0,,,,
26845,19:18.027,2,199.0,513.0,421.0,786.0,1419.0,660.0,1530.0,812.0,,,,
26860,19:18.527,2,929.0,724.0,1040.0,875.0,2039.0,430.0,2267.0,694.0,,,,
26875,19:19.027,2,1789.0,485.0,2000.0,730.0,761.0,874.0,884.0,1030.0,,,,
26890,19:19.528,1,1204.0,769.0,1313.0,919.0,,,,,,,,
26905,19:20.028,1,1105.0,777.0,1212.0,927.0,,,,,,,,
26920,19:20.528,2,1676.0,400.0,1872.0,663.0,522.0,706.0,655.0,868.0,,,,
26935,19:21.028,2,888.0,607.0,1002.0,767.0,2101.0,383.0,2331.0,664.0,,,,
26950,19:21.528,2,1638.0,698.0,1757.0,860.0,511.0,524.0,683.0,767.0,,,,
26965,19:22.028,2,1337.0,716.0,1447.0,867.0,170.0,491.0,362.0,761.0,,,,
26980,19:22.528,2,1181.0,731.0,1286.0,881.0,-78.0,547.0,116.0,823.0,,,,
26995,19:23.020,2,1181.0,743.0,1286.0,898.0,-74.0,517.0,120.0,796.0,,,,
27010,19:23.522,2,917.0,937.0,1027.0,1088.0,2140.0,718.0,2350.0,999.0,,,,
27026,19:24.022,2,841.0,831.0,953.0,985.0,2037.0,607.0,2258.0,882.0,,,,
27041,19:24.522,2,2103.0,583.0,2359.0,875.0,867.0,778.0,979.0,935.0,,,,
27056,19:25.022,2,1705.0,538.0,1901.0,791.0,576.0,916.0,707.0,1079.0,,,,
27071,19:25.522,2,830.0,898.0,945.0,1051.0,1978.0,619.0,2181.0,881.0,,,,
27086,19:26.022,2,1239.0,840.0,1346.0,993.0,-13.0,626.0,182.0,899.0,,,,
27101,19:26.522,2,1192.0,920.0,1300.0,1072.0,-72.0,639.0,133.0,917.0,,,,
27116,19:27.022,2,993.0,914.0,1104.0,1062.0,2276.0,732.0,2484.0,1011.0,,,,
27131,19:27.523,2,905.0,873.0,1016.0,1029.0,2125.0,651.0,2373.0,927.0,,,,
27146,19:28.023,2,724.0,869.0,840.0,1030.0,1879.0,568.0,2096.0,830.0,,,,
27161,19:28.523,2,1463.0,803.0,1575.0,952.0,255.0,569.0,467.0,829.0,,,,
27176,19:29.023,2,589.0,626.0,780.0,864.0,1741.0,940.0,1869.0,1098.0,,,,
27191,19:29.523,2,692.0,633.0,877.0,869.0,1871.0,869.0,2006.0,1034.0,,,,
27206,19:30.023,2,701.0,596.0,886.0,835.0,1860.0,896.0,1997.0,1066.0,,,,
27219,19:30.523,2,1282.0,784.0,1388.0,931.0,-54.0,591.0,197.0,890.0,,,,
27234,19:31.023,2,588.0,888.0,711.0,1044.0,1654.0,667.0,1828.0,914.0,,,,
27249,19:31.525,2,625.0,868.0,743.0,1025.0,1685.0,650.0,1852.0,892.0,,,,
27264,19:32.025,2,859.0,733.0,969.0,884.0,1990.0,649.0,2187.0,909.0,,,,
27279,19:32.525,2,343.0,734.0,482.0,906.0,1470.0,603.0,1622.0,843.0,,,,
27294,19:33.025,2,347.0,778.0,485.0,949.0,1468.0,626.0,1621.0,860.0,,,,
27309,19:33.525,2,1561.0,604.0,1739.0,844.0,436.0,769.0,568.0,936.0,,,,
27324,19:34.025,2,2155.0,624.0,2390.0,900.0,969.0,776.0,1074.0,923.0,,,,
27339,19:34.525,2,498.0,690.0,686.0,931.0,1632.0,919.0,1750.0,1076.0,,,,
27354,19:35.027,2,1608.0,949.0,1726.0,1101.0,481.0,667.0,674.0,912.0,,,,
27369,19:35.527,2,1329.0,896.0,1438.0,1038.0,91.0,598.0,330.0,868.0,,,,
27384,19:36.027,1,1055.0,842.0,1163.0,988.0,,,,,,,,
27399,19:36.527,1,1094.0,887.0,1200.0,1027.0,,,,,,,,
27414,19:37.027,1,1086.0,884.0,1192.0,1025.0,,,,,,,,
27429,19:37.527,1,1072.0,900.0,1179.0,1038.0,,,,,,,,
27444,19:38.027,0,,,,,,,,,,,,
27459,19:38.527,0,,,,,,,,,,,,
27474,19:39.028,0,,,,,,,,,,,,
27489,19:39.528,1,467.0,617.0,652.0,860.0,,,,,,,,
27504,19:40.028,1,797.0,612.0,963.0,839.0,,,,,,,,
27519,19:40.528,1,36.0,577.0,267.0,848.0,,,,,,,,
27534,19:41.028,0,,,,,,,,,,,,
27549,19:41.528,0,,,,,,,,,,,,
27564,19:42.028,0,,,,,,,,,,,,
27579,19:42.528,0,,,,,,,,,,,,
27594,19:43.022,0,,,,,,,,,,,,
27609,19:43.522,0,,,,,,,,,,,,
27624,19:44.022,0,,,,,,,,,,,,
27639,19:44.522,0,,,,,,,,,,,,
27654,19:45.030,1,1537.0,537.0,1725.0,781.0,,,,,,,,
27669,19:45.522,1,1546.0,587.0,1729.0,824.0,,,,,,,,
27683,19:46.022,1,0.0,702.0,236.0,978.0,,,,,,,,
27698,19:46.522,1,774.0,657.0,946.0,885.0,,,,,,,,
27713,19:47.023,1,-64.0,602.0,180.0,890.0,,,,,,,,
27728,19:47.523,1,1610.0,728.0,1796.0,970.0,,,,,,,,
27743,19:48.023,1,1585.0,706.0,1769.0,950.0,,,,,,,,
27758,19:48.523,1,1542.0,738.0,1721.0,970.0,,,,,,,,
27773,19:49.023,1,1572.0,731.0,1746.0,969.0,,,,,,,,
27788,19:49.523,1,1564.0,729.0,1736.0,966.0,,,,,,,,
27803,19:50.023,1,1451.0,776.0,1622.0,1008.0,,,,,,,,
27818,19:50.523,1,1430.0,722.0,1604.0,960.0,,,,,,,,
27833,19:51.025,1,1834.0,679.0,2038.0,935.0,,,,,,,,
27848,19:51.525,0,,,,,,,,,,,,
27863,19:52.025,1,-8.0,473.0,249.0,771.0,,,,,,,,
27878,19:52.525,1,733.0,612.0,913.0,852.0,,,,,,,,
27893,19:53.025,1,317.0,493.0,535.0,750.0,,,,,,,,
27908,19:53.525,0,,,,,,,,,,,,
27923,19:54.025,1,2256.0,681.0,2465.0,959.0,,,,,,,,
27938,19:54.525,1,2213.0,618.0,2447.0,906.0,,,,,,,,
27953,19:55.027,0,,,,,,,,,,,,
27968,19:55.527,1,-9.0,463.0,239.0,754.0,,,,,,,,
27983,19:56.027,0,,,,,,,,,,,,
27998,19:56.527,0,,,,,,,,,,,,
28013,19:57.027,0,,,,,,,,,,,,
28028,19:57.527,0,,,,,,,,,,,,
28043,19:58.027,0,,,,,,,,,,,,
28058,19:58.527,0,,,,,,,,,,,,
28073,19:59.028,0,,,,,,,,,,,,
28088,19:59.528,1,-105.0,499.0,127.0,799.0,,,,,,,,
28103,20:00.028,1,108.0,468.0,349.0,742.0,,,,,,,,
28118,20:00.528,1,441.0,555.0,643.0,803.0,,,,,,,,
28133,20:01.028,1,749.0,571.0,927.0,802.0,,,,,,,,
28148,20:01.528,1,654.0,406.0,842.0,652.0,,,,,,,,
28163,20:02.028,1,879.0,498.0,1048.0,728.0,,,,,,,,
28178,20:02.520,1,884.0,504.0,1055.0,732.0,,,,,,,,
28193,20:03.022,1,767.0,517.0,942.0,749.0,,,,,,,,
28208,20:03.522,1,2246.0,619.0,2471.0,909.0,,,,,,,,
28223,20:04.022,1,1619.0,562.0,1813.0,801.0,,,,,,,,
28238,20:04.522,1,1454.0,550.0,1636.0,794.0,,,,,,,,
28253,20:05.022,1,1420.0,544.0,1606.0,785.0,,,,,,,,
28268,20:05.522,1,1384.0,577.0,1568.0,810.0,,,,,,,,
28283,20:06.022,1,1370.0,570.0,1552.0,801.0,,,,,,,,
28298,20:06.522,1,1406.0,543.0,1589.0,781.0,,,,,,,,
28313,20:07.023,1,1428.0,549.0,1614.0,787.0,,,,,,,,
28328,20:07.523,1,1586.0,522.0,1779.0,774.0,,,,,,,,
28343,20:08.023,1,1620.0,545.0,1811.0,790.0,,,,,,,,
28357,20:08.507,1,1731.0,538.0,1932.0,789.0,,,,,,,,
28373,20:09.023,1,1779.0,529.0,1987.0,789.0,,,,,,,,
28388,20:09.523,1,1678.0,557.0,1866.0,793.0,,,,,,,,
28403,20:10.023,1,2034.0,659.0,2279.0,941.0,,,,,,,,
28418,20:10.523,1,-69.0,647.0,177.0,946.0,,,,,,,,
28433,20:11.025,2,1259.0,974.0,1364.0,1120.0,-26.0,653.0,218.0,945.0,,,,
28448,20:11.525,1,1163.0,756.0,1266.0,901.0,,,,,,,,
28463,20:12.025,1,1161.0,797.0,1266.0,943.0,,,,,,,,
28478,20:12.525,1,1123.0,814.0,1228.0,962.0,,,,,,,,
28493,20:13.025,1,1107.0,804.0,1211.0,951.0,,,,,,,,
28508,20:13.525,1,1111.0,781.0,1219.0,928.0,,,,,,,,
28523,20:14.025,2,1701.0,738.0,1823.0,898.0,555.0,456.0,747.0,703.0,,,,
28538,20:14.525,2,1783.0,719.0,1912.0,884.0,656.0,376.0,839.0,623.0,,,,
28553,20:15.027,2,728.0,409.0,908.0,656.0,1860.0,756.0,1991.0,919.0,,,,
28568,20:15.527,2,1849.0,762.0,1982.0,922.0,719.0,418.0,900.0,667.0,,,,
28583,20:16.027,2,704.0,411.0,883.0,659.0,1822.0,742.0,1955.0,910.0,,,,
28598,20:16.527,2,614.0,385.0,805.0,631.0,1751.0,706.0,1876.0,867.0,,,,
28613,20:17.027,2,492.0,401.0,691.0,658.0,1653.0,702.0,1773.0,859.0,,,,
28628,20:17.527,2,1651.0,707.0,1769.0,862.0,491.0,407.0,690.0,667.0,,,,
28643,20:18.027,2,497.0,428.0,693.0,681.0,1649.0,717.0,1769.0,873.0,,,,
28658,20:18.527,2,1488.0,665.0,1597.0,815.0,283.0,392.0,499.0,660.0,,,,
28673,20:19.028,2,1244.0,743.0,1351.0,890.0,-73.0,504.0,173.0,804.0,,,,
28688,20:19.528,2,1503.0,660.0,1662.0,891.0,397.0,860.0,534.0,1030.0,,,,
28703,20:20.028,2,1471.0,635.0,1633.0,857.0,369.0,859.0,507.0,1027.0,,,,
28718,20:20.528,2,1630.0,604.0,1804.0,842.0,548.0,816.0,674.0,975.0,,,,
28733,20:21.028,2,1594.0,594.0,1786.0,840.0,486.0,820.0,616.0,983.0,,,,
28748,20:21.528,2,1654.0,595.0,1844.0,834.0,548.0,798.0,675.0,958.0,,,,
28763,20:22.020,2,1618.0,845.0,1734.0,1004.0,492.0,640.0,679.0,888.0,,,,
28778,20:22.520,2,608.0,587.0,793.0,830.0,1724.0,860.0,1847.0,1028.0,,,,
28793,20:23.022,2,1869.0,761.0,1999.0,924.0,745.0,467.0,923.0,705.0,,,,
28808,20:23.522,2,1849.0,753.0,1978.0,917.0,750.0,428.0,929.0,666.0,,,,
28823,20:24.022,2,1233.0,752.0,1335.0,902.0,-77.0,477.0,167.0,769.0,,,,
28838,20:24.522,2,1220.0,795.0,1323.0,937.0,-101.0,584.0,133.0,889.0,,,,
28853,20:25.022,2,1401.0,787.0,1507.0,931.0,170.0,578.0,402.0,846.0,,,,
28868,20:25.522,2,809.0,645.0,981.0,876.0,1975.0,822.0,2115.0,990.0,,,,
28883,20:26.022,2,888.0,593.0,1061.0,824.0,2074.0,776.0,2227.0,952.0,,,,
28898,20:26.522,2,853.0,617.0,1025.0,851.0,2017.0,795.0,2165.0,971.0,,,,
28913,20:27.023,2,809.0,649.0,982.0,881.0,1966.0,815.0,2107.0,983.0,,,,
28928,20:27.523,2,796.0,662.0,967.0,897.0,1948.0,825.0,2088.0,994.0,,,,
28943,20:28.023,2,783.0,667.0,953.0,894.0,1921.0,830.0,2058.0,999.0,,,,
28958,20:28.523,2,1925.0,836.0,2063.0,1007.0,793.0,670.0,963.0,894.0,,,,
28973,20:29.023,2,1920.0,837.0,2057.0,1006.0,790.0,675.0,958.0,900.0,,,,
28988,20:29.523,2,795.0,685.0,964.0,910.0,1921.0,857.0,2059.0,1026.0,,,,
29003,20:30.023,2,732.0,691.0,911.0,918.0,1890.0,860.0,2024.0,1027.0,,,,
29018,20:30.523,2,599.0,698.0,789.0,938.0,1758.0,857.0,1882.0,1017.0,,,,
29033,20:31.025,2,1238.0,816.0,1346.0,966.0,-114.0,746.0,127.0,1056.0,,,,
29048,20:31.525,2,1838.0,629.0,2061.0,884.0,742.0,907.0,858.0,1062.0,,,,
29063,20:32.025,2,1535.0,651.0,1728.0,889.0,442.0,987.0,576.0,1156.0,,,,
29077,20:32.525,2,286.0,738.0,506.0,994.0,1505.0,863.0,1618.0,1018.0,,,,
29092,20:33.025,2,699.0,630.0,881.0,876.0,1859.0,877.0,1991.0,1041.0,,,,
29107,20:33.525,2,728.0,607.0,908.0,845.0,1884.0,846.0,2018.0,1011.0,,,,
29122,20:34.025,2,679.0,576.0,858.0,815.0,1821.0,767.0,1951.0,933.0,,,,
29137,20:34.525,2,1276.0,712.0,1389.0,861.0,-8.0,711.0,232.0,996.0,,,,
29152,20:35.027,2,1231.0,731.0,1343.0,881.0,-74.0,800.0,172.0,1088.0,,,,
29167,20:35.527,2,536.0,692.0,729.0,928.0,1677.0,719.0,1800.0,875.0,,,,
29182,20:36.027,2,704.0,637.0,881.0,874.0,1790.0,933.0,1918.0,1097.0,,,,
29197,20:36.527,2,848.0,618.0,1022.0,847.0,1888.0,1032.0,2023.0,1206.0,,,,
29212,20:37.027,2,137.0,588.0,370.0,863.0,1307.0,954.0,1416.0,1102.0,,,,
29227,20:37.527,2,1805.0,894.0,2008.0,1144.0,694.0,989.0,809.0,1143.0,,,,
29242,20:38.027,1,1090.0,956.0,1197.0,1105.0,,,,,,,,
29257,20:38.543,2,1609.0,932.0,1729.0,1089.0,623.0,460.0,812.0,691.0,,,,
29272,20:39.045,2,478.0,497.0,677.0,732.0,1501.0,929.0,1615.0,1083.0,,,,
29287,20:39.528,2,1503.0,842.0,1678.0,1077.0,349.0,890.0,485.0,1064.0,,,,
29302,20:40.028,2,1473.0,761.0,1648.0,989.0,318.0,876.0,458.0,1049.0,,,,
29317,20:40.528,2,1504.0,736.0,1679.0,968.0,353.0,861.0,491.0,1034.0,,,,
29331,20:41.028,2,2019.0,707.0,2246.0,976.0,861.0,831.0,971.0,979.0,,,,
29346,20:41.520,2,1017.0,840.0,1123.0,988.0,2225.0,746.0,2450.0,1023.0,,,,
29361,20:42.020,2,1923.0,746.0,2136.0,1002.0,794.0,898.0,905.0,1046.0,,,,
29376,20:42.520,2,1538.0,743.0,1714.0,975.0,426.0,949.0,559.0,1111.0,,,,
29391,20:43.022,2,1577.0,714.0,1752.0,950.0,466.0,915.0,594.0,1074.0,,,,
29406,20:43.522,2,1568.0,687.0,1750.0,922.0,457.0,889.0,584.0,1052.0,,,,
29421,20:44.022,2,1656.0,666.0,1844.0,911.0,545.0,868.0,666.0,1027.0,,,,
29436,20:44.522,2,506.0,874.0,631.0,1036.0,1619.0,666.0,1802.0,904.0,,,,
29451,20:45.022,2,1693.0,662.0,1880.0,904.0,581.0,856.0,703.0,1015.0,,,,
29465,20:45.522,2,1013.0,770.0,1118.0,917.0,2224.0,623.0,2447.0,897.0,,,,
29480,20:46.022,2,1215.0,738.0,1319.0,883.0,-65.0,544.0,153.0,830.0,,,,
29495,20:46.522,2,1190.0,738.0,1295.0,886.0,-82.0,555.0,125.0,839.0,,,,
29510,20:47.023,2,1911.0,672.0,2130.0,933.0,747.0,865.0,863.0,1021.0,,,,
29525,20:47.523,2,1503.0,643.0,1688.0,873.0,325.0,922.0,468.0,1096.0,,,,
29538,20:48.023,2,1504.0,823.0,1620.0,977.0,387.0,735.0,573.0,972.0,,,,
29553,20:48.523,2,1919.0,844.0,2055.0,1011.0,833.0,680.0,991.0,898.0,,,,
29568,20:49.023,2,831.0,647.0,992.0,869.0,1921.0,832.0,2058.0,1003.0,,,,
29583,20:49.523,2,1891.0,802.0,2025.0,970.0,803.0,621.0,964.0,845.0,,,,
29598,20:50.023,2,746.0,595.0,910.0,824.0,1833.0,763.0,1966.0,933.0,,,,
29613,20:50.523,2,1617.0,783.0,1734.0,941.0,499.0,581.0,684.0,821.0,,,,
29628,20:51.025,2,398.0,622.0,588.0,868.0,1540.0,803.0,1653.0,957.0,,,,
29643,20:51.525,2,362.0,605.0,554.0,857.0,1507.0,776.0,1620.0,932.0,,,,
29658,20:52.025,2,458.0,619.0,645.0,865.0,1595.0,781.0,1712.0,939.0,,,,
29673,20:52.525,2,1705.0,813.0,1825.0,974.0,586.0,621.0,762.0,858.0,,,,
29688,20:53.025,2,1320.0,814.0,1428.0,965.0,54.0,670.0,290.0,937.0,,,,
29702,20:53.508,2,401.0,940.0,537.0,1100.0,1579.0,696.0,1764.0,935.0,,,,
29718,20:54.025,2,1539.0,662.0,1718.0,902.0,378.0,968.0,517.0,1134.0,,,,
29732,20:54.500,2,1522.0,659.0,1701.0,897.0,387.0,1024.0,526.0,1191.0,,,,
29748,20:55.110,2,825.0,940.0,937.0,1087.0,1950.0,568.0,2181.0,833.0,,,,
29762,20:55.527,2,573.0,963.0,751.0,1190.0,1689.0,839.0,1814.0,993.0,,,,
29777,20:56.027,2,1764.0,827.0,1892.0,985.0,648.0,902.0,822.0,1121.0,,,,
29792,20:56.527,2,1670.0,796.0,1796.0,951.0,548.0,907.0,732.0,1133.0,,,,
29807,20:57.027,2,258.0,1040.0,472.0,1280.0,1426.0,814.0,1542.0,958.0,,,,
29822,20:57.527,1,1169.0,889.0,1279.0,1029.0,,,,,,,,
29837,20:58.027,2,1617.0,591.0,1808.0,832.0,510.0,999.0,642.0,1162.0,,,,
29852,20:58.527,2,1634.0,613.0,1829.0,855.0,533.0,1011.0,661.0,1176.0,,,,
29867,20:59.028,2,896.0,819.0,1003.0,965.0,2088.0,589.0,2329.0,869.0,,,,
29882,20:59.528,2,1006.0,704.0,1113.0,854.0,2243.0,705.0,2456.0,971.0,,,,
29897,21:00.028,1,1042.0,698.0,1147.0,844.0,,,,,,,,
29912,21:00.528,1,1032.0,734.0,1137.0,884.0,,,,,,,,
29927,21:01.020,2,886.0,763.0,994.0,914.0,2083.0,672.0,2323.0,949.0,,,,
29942,21:01.520,2,1773.0,649.0,1973.0,898.0,633.0,828.0,753.0,986.0,,,,
29957,21:02.020,2,1786.0,634.0,1986.0,888.0,649.0,806.0,767.0,964.0,,,,
29972,21:02.522,2,1793.0,644.0,1985.0,891.0,664.0,809.0,780.0,965.0,,,,
29987,21:03.022,2,962.0,768.0,1068.0,916.0,2161.0,653.0,2370.0,919.0,,,,
30002,21:03.522,2,1210.0,763.0,1316.0,907.0,-96.0,476.0,127.0,781.0,,,,
30017,21:04.022,2,132.0,546.0,359.0,816.0,1360.0,832.0,1471.0,980.0,,,,
30032,21:04.522,2,614.0,545.0,794.0,780.0,1726.0,830.0,1850.0,992.0,,,,
30047,21:05.022,2,597.0,565.0,778.0,799.0,1712.0,831.0,1834.0,990.0,,,,
30062,21:05.522,2,610.0,563.0,791.0,797.0,1719.0,833.0,1844.0,997.0,,,,
30077,21:06.022,2,1714.0,843.0,1837.0,1007.0,611.0,565.0,791.0,799.0,,,,
30092,21:06.523,2,1700.0,849.0,1819.0,1008.0,600.0,568.0,781.0,802.0,,,,
30107,21:07.023,2,484.0,542.0,674.0,783.0,1598.0,833.0,1716.0,989.0,,,,
30122,21:07.523,2,1569.0,848.0,1685.0,1002.0,446.0,564.0,638.0,806.0,,,,
30137,21:08.023,2,1551.0,846.0,1664.0,998.0,409.0,557.0,607.0,804.0,,,,
30152,21:08.523,2,408.0,548.0,606.0,798.0,1555.0,841.0,1667.0,992.0,,,,
30167,21:09.023,2,403.0,550.0,600.0,802.0,1548.0,836.0,1662.0,990.0,,,,
30182,21:09.523,2,426.0,544.0,624.0,795.0,1565.0,839.0,1680.0,992.0,,,,
30197,21:10.023,2,789.0,643.0,956.0,875.0,1906.0,930.0,2042.0,1100.0,,,,
30212,21:10.525,2,1005.0,722.0,1168.0,943.0,2149.0,1087.0,2308.0,1278.0,,,,
30227,21:11.025,2,982.0,749.0,1145.0,969.0,2102.0,1104.0,2256.0,1292.0,,,,
30242,21:11.525,2,1316.0,348.0,1429.0,513.0,-58.0,191.0,205.0,507.0,,,,
30257,21:12.025,1,1137.0,339.0,1249.0,499.0,,,,,,,,
30272,21:12.525,1,1129.0,314.0,1243.0,476.0,,,,,,,,
30287,21:13.025,1,1134.0,313.0,1247.0,475.0,,,,,,,,
30302,21:13.525,1,1129.0,345.0,1242.0,506.0,,,,,,,,
30317,21:14.025,1,1064.0,356.0,1177.0,519.0,,,,,,,,
30332,21:14.543,2,1518.0,474.0,1704.0,722.0,335.0,697.0,475.0,870.0,,,,
30347,21:15.027,2,1462.0,489.0,1644.0,732.0,278.0,726.0,422.0,902.0,,,,
30362,21:15.527,2,1453.0,486.0,1635.0,725.0,270.0,734.0,414.0,914.0,,,,
30377,21:16.027,2,1508.0,492.0,1691.0,739.0,336.0,734.0,478.0,913.0,,,,
30391,21:16.527,2,810.0,707.0,921.0,859.0,1989.0,524.0,2219.0,794.0,,,,
30406,21:17.027,2,1893.0,484.0,2114.0,749.0,729.0,713.0,843.0,870.0,,,,
30421,21:17.527,2,1386.0,737.0,1492.0,887.0,107.0,684.0,346.0,946.0,,,,
30436,21:18.027,2,795.0,649.0,967.0,884.0,1953.0,800.0,2094.0,969.0,,,,
30451,21:18.528,2,1869.0,854.0,2001.0,1017.0,723.0,693.0,898.0,922.0,,,,
30466,21:19.028,2,1640.0,791.0,1757.0,944.0,475.0,631.0,669.0,872.0,,,,
30481,21:19.528,2,312.0,657.0,520.0,906.0,1513.0,784.0,1625.0,933.0,,,,
30497,21:20.028,2,346.0,663.0,552.0,911.0,1538.0,787.0,1651.0,937.0,,,,
30512,21:20.520,2,1510.0,790.0,1621.0,938.0,308.0,659.0,518.0,909.0,,,,
30528,21:21.020,2,197.0,656.0,421.0,918.0,1430.0,784.0,1541.0,932.0,,,,
30543,21:21.520,1,1152.0,554.0,1258.0,701.0,,,,,,,,
30558,21:22.020,1,1003.0,421.0,1114.0,576.0,,,,,,,,
30573,21:22.522,1,999.0,456.0,1108.0,609.0,,,,,,,,
30588,21:23.022,2,948.0,557.0,1056.0,705.0,2206.0,305.0,2441.0,607.0,,,,
30603,21:23.522,2,955.0,618.0,1063.0,769.0,2203.0,403.0,2442.0,694.0,,,,
30618,21:24.022,2,958.0,661.0,1065.0,809.0,2197.0,523.0,2432.0,805.0,,,,
30633,21:24.522,2,985.0,658.0,1091.0,807.0,2250.0,544.0,2481.0,819.0,,,,
30648,21:25.022,1,1067.0,678.0,1173.0,822.0,,,,,,,,
30663,21:25.522,2,640.0,532.0,819.0,771.0,1777.0,770.0,1905.0,931.0,,,,
30678,21:26.022,2,614.0,520.0,796.0,759.0,1753.0,774.0,1877.0,931.0,,,,
30693,21:26.523,2,415.0,569.0,612.0,815.0,1583.0,777.0,1698.0,929.0,,,,
30708,21:27.023,2,512.0,386.0,704.0,642.0,1687.0,591.0,1810.0,753.0,,,,
30723,21:27.523,2,1734.0,719.0,1858.0,882.0,596.0,495.0,779.0,734.0,,,,
30738,21:28.023,2,632.0,469.0,814.0,706.0,1776.0,683.0,1904.0,845.0,,,,
30753,21:28.523,2,625.0,482.0,807.0,716.0,1773.0,690.0,1901.0,854.0,,,,
30764,21:29.023,2,510.0,502.0,701.0,748.0,1665.0,720.0,1786.0,880.0,,,,
30779,21:29.523,2,1402.0,734.0,1510.0,884.0,160.0,555.0,387.0,818.0,,,,
30794,21:30.023,2,1873.0,695.0,2090.0,952.0,717.0,862.0,832.0,1015.0,,,,
30809,21:30.525,2,1323.0,767.0,1502.0,997.0,70.0,1060.0,236.0,1247.0,,,,
30824,21:31.025,2,1457.0,843.0,1638.0,1082.0,250.0,1080.0,399.0,1261.0,,,,
30839,21:31.525,2,1455.0,832.0,1637.0,1064.0,251.0,1065.0,400.0,1246.0,,,,
30854,21:32.025,2,1237.0,853.0,1342.0,999.0,-74.0,670.0,157.0,956.0,,,,
30870,21:32.525,2,760.0,588.0,930.0,815.0,1885.0,856.0,2019.0,1020.0,,,,
30885,21:33.025,2,758.0,588.0,928.0,814.0,1879.0,859.0,2014.0,1022.0,,,,
30900,21:33.525,2,739.0,587.0,911.0,813.0,1860.0,846.0,1991.0,1012.0,,,,
30915,21:34.025,2,1816.0,848.0,1947.0,1011.0,694.0,598.0,867.0,829.0,,,,
30930,21:34.527,2,1806.0,849.0,1935.0,1009.0,678.0,597.0,853.0,831.0,,,,
30945,21:35.027,2,672.0,588.0,847.0,821.0,1802.0,837.0,1931.0,998.0,,,,
30960,21:35.527,2,680.0,586.0,854.0,817.0,1805.0,833.0,1934.0,998.0,,,,
30975,21:36.027,2,677.0,590.0,852.0,819.0,1803.0,831.0,1932.0,995.0,,,,
30990,21:36.527,2,1763.0,820.0,1888.0,978.0,629.0,597.0,808.0,827.0,,,,
31005,21:37.027,2,1865.0,726.0,2079.0,984.0,704.0,880.0,818.0,1037.0,,,,
31020,21:37.527,2,1571.0,714.0,1760.0,957.0,416.0,967.0,549.0,1135.0,,,,
31035,21:38.027,2,1647.0,690.0,1841.0,931.0,505.0,922.0,631.0,1085.0,,,,
31049,21:38.528,2,1259.0,596.0,1366.0,750.0,-91.0,356.0,155.0,666.0,,,,
31064,21:39.028,2,1364.0,719.0,1471.0,868.0,94.0,489.0,333.0,763.0,,,,
31079,21:39.528,2,1583.0,728.0,1700.0,887.0,411.0,527.0,611.0,776.0,,,,
31094,21:40.028,2,668.0,555.0,844.0,784.0,1804.0,778.0,1933.0,945.0,,,,
31109,21:40.520,2,562.0,533.0,745.0,771.0,1711.0,740.0,1832.0,900.0,,,,
31124,21:41.020,2,506.0,517.0,697.0,759.0,1662.0,715.0,1783.0,876.0,,,,
31139,21:41.520,2,1654.0,696.0,1773.0,856.0,495.0,514.0,686.0,756.0,,,,
31154,21:42.020,2,425.0,539.0,620.0,787.0,1595.0,714.0,1710.0,870.0,,,,
31169,21:42.522,2,1418.0,734.0,1527.0,885.0,182.0,592.0,403.0,858.0,,,,
31184,21:43.022,2,501.0,782.0,689.0,1016.0,1642.0,985.0,1760.0,1139.0,,,,
31199,21:43.522,2,640.0,460.0,821.0,699.0,1800.0,665.0,1930.0,829.0,,,,
31214,21:44.022,2,655.0,559.0,832.0,789.0,1800.0,771.0,1931.0,936.0,,,,
31229,21:44.522,2,1302.0,626.0,1408.0,773.0,-36.0,485.0,203.0,772.0,,,,
31244,21:45.022,1,1110.0,631.0,1214.0,783.0,,,,,,,,
31259,21:45.522,1,1086.0,649.0,1192.0,798.0,,,,,,,,
31274,21:46.022,1,1091.0,671.0,1195.0,817.0,,,,,,,,
31289,21:46.523,1,1091.0,667.0,1194.0,816.0,,,,,,,,
31304,21:47.023,1,1086.0,667.0,1189.0,812.0,,,,,,,,
31319,21:47.523,1,1068.0,684.0,1170.0,832.0,,,,,,,,
31334,21:48.023,1,1064.0,698.0,1167.0,846.0,,,,,,,,
31349,21:48.523,2,2005.0,459.0,2208.0,727.0,857.0,721.0,964.0,870.0,,,,
31364,21:49.023,2,1698.0,507.0,1873.0,747.0,622.0,834.0,740.0,990.0,,,,
31379,21:49.523,2,1865.0,469.0,2053.0,719.0,764.0,782.0,876.0,936.0,,,,
31394,21:50.023,2,772.0,785.0,880.0,933.0,1877.0,462.0,2067.0,715.0,,,,
31409,21:50.525,2,1833.0,458.0,2050.0,727.0,711.0,821.0,823.0,972.0,,,,
31424,21:51.025,2,1671.0,518.0,1866.0,766.0,561.0,885.0,680.0,1041.0,,,,
31439,21:51.525,2,566.0,876.0,686.0,1029.0,1657.0,532.0,1835.0,769.0,,,,
31454,21:52.025,2,567.0,850.0,688.0,1004.0,1656.0,515.0,1821.0,752.0,,,,
31469,21:52.525,2,731.0,832.0,843.0,979.0,1838.0,521.0,2017.0,764.0,,,,
31484,21:53.025,2,884.0,847.0,993.0,996.0,2066.0,595.0,2289.0,866.0,,,,
31499,21:53.533,2,1771.0,627.0,1975.0,875.0,639.0,906.0,757.0,1060.0,,,,
31514,21:54.025,2,759.0,855.0,874.0,1011.0,1922.0,591.0,2151.0,856.0,,,,
31529,21:54.527,1,1019.0,870.0,1125.0,1021.0,,,,,,,,
31544,21:55.027,1,1061.0,882.0,1166.0,1029.0,,,,,,,,
31559,21:55.527,2,334.0,664.0,545.0,915.0,1535.0,897.0,1648.0,1047.0,,,,
31574,21:56.027,2,701.0,658.0,879.0,891.0,1849.0,947.0,1979.0,1112.0,,,,
31589,21:56.527,2,1595.0,895.0,1710.0,1047.0,414.0,660.0,614.0,907.0,,,,
31604,21:57.027,2,1430.0,847.0,1537.0,992.0,179.0,639.0,407.0,900.0,,,,
31619,21:57.527,2,1374.0,842.0,1480.0,989.0,86.0,686.0,331.0,950.0,,,,
31634,21:58.027,1,1027.0,597.0,1134.0,747.0,,,,,,,,
31649,21:58.528,2,602.0,626.0,724.0,785.0,1750.0,332.0,1955.0,590.0,,,,
31664,21:59.028,2,803.0,616.0,916.0,772.0,1981.0,265.0,2217.0,553.0,,,,
31679,21:59.528,2,1755.0,338.0,1974.0,615.0,595.0,630.0,716.0,789.0,,,,
31694,22:00.020,2,1380.0,492.0,1525.0,722.0,229.0,731.0,377.0,911.0,,,,
31709,22:00.570,2,792.0,760.0,904.0,911.0,1917.0,524.0,2091.0,773.0,,,,
31723,22:01.020,2,1018.0,795.0,1124.0,942.0,2225.0,605.0,2409.0,870.0,,,,
31738,22:01.520,2,1366.0,649.0,1473.0,801.0,150.0,577.0,352.0,837.0,,,,
31753,22:02.020,2,540.0,534.0,733.0,779.0,1695.0,801.0,1817.0,961.0,,,,
31768,22:02.522,2,1204.0,764.0,1310.0,909.0,2270.0,676.0,2465.0,972.0,,,,
31783,22:03.022,2,1113.0,666.0,1220.0,816.0,2239.0,510.0,2473.0,823.0,,,,
31798,22:03.522,2,1320.0,709.0,1428.0,856.0,7.0,651.0,258.0,930.0,,,,
31813,22:04.022,2,541.0,617.0,729.0,855.0,1670.0,807.0,1790.0,963.0,,,,
31828,22:04.522,2,188.0,587.0,409.0,853.0,1381.0,784.0,1490.0,930.0,,,,
31843,22:05.022,2,621.0,701.0,785.0,926.0,1703.0,834.0,1823.0,994.0,,,,
31858,22:05.522,2,1908.0,685.0,2145.0,971.0,893.0,840.0,1001.0,985.0,,,,
31873,22:06.022,2,1387.0,670.0,1571.0,925.0,277.0,970.0,421.0,1145.0,,,,
31888,22:06.523,2,1356.0,611.0,1533.0,832.0,301.0,1086.0,448.0,1260.0,,,,
31903,22:07.023,2,1317.0,603.0,1479.0,824.0,277.0,1080.0,428.0,1254.0,,,,
31918,22:07.523,2,1318.0,581.0,1499.0,810.0,301.0,1114.0,451.0,1288.0,,,,
31933,22:08.023,2,1293.0,634.0,1475.0,878.0,243.0,1119.0,393.0,1294.0,,,,
31948,22:08.523,2,1269.0,632.0,1453.0,879.0,299.0,1114.0,447.0,1287.0,,,,
31963,22:09.023,2,1324.0,639.0,1476.0,878.0,347.0,1043.0,489.0,1212.0,,,,
31978,22:09.565,2,1252.0,953.0,1355.0,1096.0,-58.0,962.0,157.0,1236.0,,,,
31993,22:10.023,2,523.0,749.0,701.0,985.0,1624.0,1054.0,1744.0,1209.0,,,,
32008,22:10.525,2,551.0,675.0,732.0,907.0,1645.0,1020.0,1765.0,1175.0,,,,
32023,22:11.025,2,358.0,590.0,556.0,837.0,1493.0,930.0,1607.0,1079.0,,,,
32038,22:11.525,2,1493.0,949.0,1606.0,1097.0,360.0,605.0,557.0,851.0,,,,
32053,22:12.025,2,1575.0,970.0,1692.0,1124.0,446.0,612.0,641.0,859.0,,,,
32068,22:12.525,2,513.0,570.0,707.0,815.0,1654.0,949.0,1777.0,1108.0,,,,
32083,22:13.025,2,440.0,580.0,643.0,823.0,1602.0,923.0,1720.0,1077.0,,,,
32098,22:13.525,2,408.0,566.0,611.0,817.0,1580.0,908.0,1697.0,1057.0,,,,
32113,22:14.025,2,480.0,568.0,680.0,817.0,1638.0,917.0,1757.0,1070.0,,,,
32128,22:14.527,2,467.0,578.0,668.0,826.0,1626.0,921.0,1746.0,1079.0,,,,
32143,22:15.027,2,463.0,584.0,664.0,831.0,1622.0,925.0,1740.0,1081.0,,,,
32158,22:15.527,2,430.0,590.0,631.0,836.0,1590.0,925.0,1707.0,1078.0,,,,
32173,22:16.027,2,437.0,592.0,639.0,838.0,1596.0,921.0,1713.0,1075.0,,,,
32188,22:16.527,2,429.0,595.0,630.0,840.0,1589.0,925.0,1705.0,1079.0,,,,
32203,22:17.027,2,420.0,593.0,624.0,842.0,1583.0,921.0,1699.0,1074.0,,,,
32218,22:17.527,2,419.0,599.0,618.0,845.0,1581.0,924.0,1696.0,1079.0,,,,
32233,22:18.027,2,406.0,600.0,604.0,847.0,1578.0,929.0,1694.0,1082.0,,,,
32248,22:18.528,2,412.0,589.0,613.0,838.0,1585.0,925.0,1701.0,1079.0,,,,
32263,22:19.028,2,426.0,598.0,627.0,844.0,1590.0,930.0,1708.0,1087.0,,,,
32278,22:19.520,2,1294.0,911.0,1401.0,1055.0,-17.0,575.0,229.0,863.0,,,,
32293,22:20.020,2,1256.0,849.0,1437.0,1105.0,171.0,1093.0,323.0,1275.0,,,,
32307,22:20.578,2,1073.0,948.0,1178.0,1093.0,2157.0,774.0,2403.0,1085.0,,,,
32321,22:21.020,2,1473.0,874.0,1582.0,1027.0,243.0,706.0,458.0,950.0,,,,
32336,22:21.520,2,1447.0,705.0,1638.0,965.0,432.0,897.0,562.0,1059.0,,,,
32351,22:22.020,2,1861.0,616.0,2080.0,891.0,847.0,742.0,957.0,891.0,,,,
32366,22:22.522,2,1079.0,682.0,1183.0,830.0,2125.0,647.0,2336.0,934.0,,,,
32381,22:23.022,2,1156.0,652.0,1261.0,800.0,2235.0,667.0,2446.0,950.0,,,,
32396,22:23.522,3,1169.0,620.0,1273.0,764.0,2264.0,644.0,2467.0,921.0,-84.0,267.0,100.0,547.0
32411,22:24.022,2,1178.0,591.0,1285.0,741.0,-56.0,241.0,131.0,522.0,,,,
32426,22:24.522,2,1177.0,580.0,1283.0,728.0,-78.0,246.0,115.0,533.0,,,,
32441,22:25.022,2,1164.0,586.0,1268.0,730.0,-88.0,267.0,96.0,552.0,,,,
32456,22:25.522,2,1152.0,590.0,1258.0,740.0,2281.0,554.0,2472.0,835.0,,,,
32471,22:26.022,2,1054.0,849.0,1157.0,995.0,2108.0,766.0,2339.0,1049.0,,,,
32486,22:26.523,2,999.0,870.0,1103.0,1014.0,2032.0,753.0,2253.0,1035.0,,,,
32501,22:27.023,2,986.0,961.0,1091.0,1109.0,2010.0,850.0,2234.0,1137.0,,,,
32516,22:27.523,2,1019.0,918.0,1124.0,1064.0,2063.0,807.0,2294.0,1098.0,,,,
32531,22:28.023,2,1027.0,882.0,1133.0,1025.0,2083.0,784.0,2326.0,1082.0,,,,
32546,22:28.523,2,2049.0,770.0,2289.0,1061.0,1002.0,874.0,1106.0,1018.0,,,,
32561,22:29.023,2,963.0,852.0,1071.0,1003.0,2029.0,745.0,2263.0,1034.0,,,,
32576,22:29.523,2,963.0,860.0,1072.0,1009.0,2041.0,740.0,2278.0,1035.0,,,,
32591,22:30.023,2,1106.0,832.0,1211.0,981.0,2245.0,777.0,2457.0,1071.0,,,,
32605,22:30.500,2,1156.0,909.0,1261.0,1052.0,-39.0,592.0,144.0,854.0,,,,
32621,22:31.025,2,1205.0,900.0,1314.0,1053.0,39.0,548.0,245.0,815.0,,,,
32636,22:31.525,2,1172.0,812.0,1281.0,962.0,-20.0,480.0,179.0,756.0,,,,
32651,22:32.025,2,1156.0,788.0,1263.0,935.0,-65.0,485.0,128.0,758.0,,,,
32666,22:32.525,2,1183.0,777.0,1285.0,921.0,-72.0,471.0,123.0,740.0,,,,
32681,22:33.025,1,1183.0,791.0,1287.0,935.0,,,,,,,,
32695,22:33.500,2,933.0,826.0,1039.0,971.0,1951.0,664.0,2181.0,948.0,,,,
32711,22:34.025,2,598.0,861.0,718.0,1016.0,1550.0,622.0,1736.0,882.0,,,,
32726,22:34.527,2,1542.0,584.0,1716.0,836.0,590.0,806.0,712.0,963.0,,,,
32741,22:35.027,2,1540.0,587.0,1719.0,837.0,558.0,804.0,681.0,958.0,,,,
32756,22:35.527,2,914.0,762.0,1021.0,914.0,1924.0,564.0,2151.0,851.0,,,,
32771,22:36.027,2,496.0,701.0,675.0,942.0,1660.0,899.0,1779.0,1055.0,,,,
32786,22:36.527,2,701.0,733.0,867.0,959.0,1851.0,981.0,1980.0,1147.0,,,,
32801,22:37.027,2,1891.0,962.0,2023.0,1128.0,732.0,727.0,898.0,951.0,,,,
32816,22:37.527,2,732.0,728.0,903.0,954.0,1894.0,977.0,2027.0,1145.0,,,,
32831,22:38.028,2,730.0,724.0,906.0,948.0,1916.0,978.0,2050.0,1146.0,,,,
32846,22:38.520,2,587.0,734.0,770.0,968.0,1747.0,1039.0,1873.0,1204.0,,,,
32861,22:39.020,2,1293.0,911.0,1399.0,1056.0,-61.0,715.0,189.0,1006.0,,,,
32877,22:39.520,2,1112.0,1003.0,1217.0,1140.0,2099.0,673.0,2375.0,967.0,,,,
32892,22:40.020,2,960.0,977.0,1067.0,1119.0,1935.0,683.0,2189.0,973.0,,,,
32907,22:40.520,2,1950.0,628.0,2208.0,930.0,936.0,904.0,1044.0,1046.0,,,,
32922,22:41.020,2,1947.0,581.0,2197.0,874.0,921.0,826.0,1028.0,971.0,,,,
32937,22:41.520,2,900.0,793.0,1008.0,942.0,1924.0,538.0,2175.0,827.0,,,,
32952,22:42.022,2,1730.0,589.0,1957.0,862.0,733.0,836.0,848.0,988.0,,,,
32967,22:42.522,2,1683.0,580.0,1909.0,855.0,684.0,845.0,800.0,997.0,,,,
32982,22:43.022,2,1687.0,581.0,1908.0,849.0,686.0,841.0,802.0,990.0,,,,
32997,22:43.522,2,1782.0,538.0,2010.0,815.0,758.0,774.0,872.0,930.0,,,,
33012,22:44.022,2,745.0,721.0,860.0,880.0,1778.0,492.0,2008.0,770.0,,,,
33027,22:44.522,2,626.0,765.0,746.0,922.0,1641.0,502.0,1856.0,775.0,,,,
33042,22:45.022,2,1668.0,531.0,1884.0,805.0,652.0,801.0,772.0,954.0,,,,
33057,22:45.522,2,527.0,684.0,717.0,922.0,1709.0,898.0,1834.0,1053.0,,,,
33072,22:46.023,2,1548.0,892.0,1664.0,1039.0,350.0,605.0,556.0,860.0,,,,
33087,22:46.523,2,340.0,615.0,549.0,874.0,1516.0,893.0,1635.0,1048.0,,,,
33102,22:47.023,2,1472.0,819.0,1589.0,973.0,246.0,560.0,466.0,824.0,,,,
33117,22:47.523,2,1443.0,651.0,1557.0,798.0,109.0,400.0,352.0,678.0,,,,
33132,22:48.023,2,1331.0,697.0,1440.0,845.0,-16.0,482.0,229.0,770.0,,,,
33147,22:48.523,1,1120.0,591.0,1227.0,739.0,,,,,,,,
33162,22:49.023,1,1135.0,668.0,1240.0,811.0,,,,,,,,
33177,22:49.523,1,1160.0,726.0,1264.0,873.0,,,,,,,,
33192,22:50.025,2,664.0,451.0,848.0,692.0,1860.0,677.0,1992.0,838.0,,,,
33207,22:50.525,2,796.0,472.0,972.0,710.0,2004.0,708.0,2152.0,881.0,,,,
33222,22:51.025,2,791.0,486.0,963.0,724.0,1997.0,715.0,2141.0,889.0,,,,
33237,22:51.525,2,764.0,484.0,942.0,717.0,1971.0,711.0,2117.0,888.0,,,,
33252,22:52.025,2,1497.0,691.0,1617.0,851.0,151.0,495.0,384.0,767.0,,,,
33267,22:52.525,2,1179.0,734.0,1281.0,882.0,2265.0,481.0,2453.0,769.0,,,,
33282,22:53.025,1,1141.0,725.0,1243.0,870.0,,,,,,,,
33297,22:53.525,1,1100.0,752.0,1202.0,902.0,,,,,,,,
33312,22:54.027,2,799.0,718.0,908.0,871.0,1804.0,393.0,1978.0,664.0,,,,
33327,22:54.527,2,1042.0,736.0,1150.0,887.0,2130.0,460.0,2337.0,751.0,,,,
33342,22:55.035,2,79.0,524.0,335.0,805.0,1414.0,623.0,1526.0,779.0,,,,
33357,22:55.527,2,1436.0,707.0,1548.0,859.0,141.0,538.0,382.0,810.0,,,,
33371,22:56.027,2,955.0,788.0,1065.0,935.0,2045.0,476.0,2335.0,805.0,,,,
33387,22:56.527,2,1624.0,556.0,1843.0,824.0,610.0,885.0,734.0,1044.0,,,,
33402,22:57.027,2,322.0,564.0,539.0,824.0,1560.0,712.0,1679.0,871.0,,,,
33417,22:57.527,2,713.0,582.0,896.0,820.0,1860.0,859.0,1992.0,1024.0,,,,
33431,22:58.028,2,172.0,573.0,405.0,848.0,1421.0,799.0,1531.0,949.0,,,,
33446,22:58.520,2,1473.0,839.0,1587.0,995.0,228.0,671.0,452.0,933.0,,,,
33461,22:59.020,2,99.0,686.0,341.0,953.0,1392.0,865.0,1501.0,1011.0,,,,
33476,22:59.520,2,1335.0,711.0,1443.0,862.0,-2.0,530.0,254.0,818.0,,,,
33491,23:00.020,2,1356.0,767.0,1464.0,918.0,21.0,590.0,279.0,868.0,,,,
33506,23:00.520,2,937.0,846.0,1045.0,993.0,2057.0,610.0,2318.0,921.0,,,,
33521,23:01.020,2,579.0,843.0,702.0,999.0,1634.0,606.0,1841.0,880.0,,,,
33536,23:01.520,2,1862.0,584.0,2088.0,864.0,783.0,787.0,895.0,933.0,,,,
33551,23:02.022,2,1676.0,531.0,1882.0,799.0,610.0,772.0,729.0,928.0,,,,
33566,23:02.522,2,529.0,782.0,656.0,942.0,1589.0,515.0,1794.0,782.0,,,,
33581,23:03.022,2,516.0,789.0,642.0,947.0,1583.0,494.0,1803.0,772.0,,,,
33596,23:03.522,2,1662.0,500.0,1889.0,775.0,599.0,775.0,721.0,932.0,,,,
33611,23:04.022,2,1036.0,724.0,1142.0,869.0,2200.0,494.0,2453.0,814.0,,,,
33626,23:04.522,2,1033.0,736.0,1140.0,880.0,2189.0,509.0,2440.0,826.0,,,,
33641,23:05.022,2,933.0,754.0,1039.0,903.0,2050.0,482.0,2319.0,802.0,,,,
33656,23:05.522,2,896.0,758.0,1005.0,907.0,2024.0,452.0,2292.0,758.0,,,,
33671,23:06.023,2,1982.0,470.0,2226.0,758.0,886.0,753.0,996.0,902.0,,,,
33686,23:06.523,2,941.0,752.0,1049.0,898.0,1998.0,455.0,2249.0,756.0,,,,
33701,23:07.023,2,1118.0,712.0,1224.0,859.0,2153.0,461.0,2421.0,800.0,,,,
33716,23:07.523,1,1216.0,708.0,1322.0,854.0,,,,,,,,
33731,23:08.023,2,888.0,779.0,997.0,929.0,1952.0,571.0,2184.0,850.0,,,,
33746,23:08.523,2,1820.0,439.0,2036.0,717.0,783.0,714.0,896.0,869.0,,,,
33762,23:09.023,2,1674.0,512.0,1884.0,776.0,656.0,781.0,775.0,941.0,,,,
33777,23:09.523,2,1497.0,513.0,1691.0,771.0,469.0,818.0,601.0,983.0,,,,
33792,23:10.025,2,1471.0,536.0,1664.0,791.0,457.0,884.0,589.0,1053.0,,,,
33807,23:10.525,2,1512.0,610.0,1703.0,860.0,482.0,863.0,612.0,1029.0,,,,
33822,23:11.025,2,1855.0,703.0,2069.0,975.0,814.0,897.0,927.0,1048.0,,,,
33837,23:11.525,2,1236.0,874.0,1343.0,1018.0,-105.0,564.0,127.0,874.0,,,,
33852,23:12.025,2,1660.0,752.0,1859.0,1005.0,641.0,953.0,760.0,1108.0,,,,
33867,23:12.525,2,1549.0,715.0,1740.0,958.0,545.0,978.0,669.0,1136.0,,,,
33882,23:13.025,2,1535.0,701.0,1735.0,955.0,527.0,955.0,653.0,1110.0,,,,
33897,23:13.525,2,1485.0,684.0,1685.0,939.0,464.0,964.0,590.0,1124.0,,,,
33912,23:14.027,2,1444.0,679.0,1632.0,924.0,438.0,956.0,568.0,1119.0,,,,
33926,23:14.527,2,883.0,827.0,993.0,975.0,1924.0,664.0,2153.0,943.0,,,,
33941,23:15.027,2,1735.0,525.0,1932.0,793.0,700.0,680.0,817.0,832.0,,,,
33956,23:15.527,2,1932.0,172.0,2175.0,476.0,824.0,384.0,939.0,544.0,,,,
33971,23:16.027,0,,,,,,,,,,,,
33986,23:16.527,0,,,,,,,,,,,,
34001,23:17.027,0,,,,,,,,,,,,
34016,23:17.527,0,,,,,,,,,,,,
34031,23:18.028,0,,,,,,,,,,,,
34046,23:18.528,0,,,,,,,,,,,,
34061,23:19.020,0,,,,,,,,,,,,
34076,23:19.520,0,,,,,,,,,,,,
34091,23:20.020,0,,,,,,,,,,,,
34106,23:20.520,0,,,,,,,,,,,,
34121,23:21.020,0,,,,,,,,,,,,
34136,23:21.520,0,,,,,,,,,,,,
34151,23:22.022,0,,,,,,,,,,,,
34166,23:22.522,0,,,,,,,,,,,,
34181,23:23.022,0,,,,,,,,,,,,
34196,23:23.522,0,,,,,,,,,,,,
34211,23:24.022,0,,,,,,,,,,,,
34226,23:24.522,0,,,,,,,,,,,,
34241,23:25.022,0,,,,,,,,,,,,
34256,23:25.522,0,,,,,,,,,,,,
34271,23:26.023,0,,,,,,,,,,,,
34286,23:26.523,0,,,,,,,,,,,,
34301,23:27.023,0,,,,,,,,,,,,
34316,23:27.523,1,1180.0,322.0,1292.0,484.0,,,,,,,,
34331,23:28.023,2,276.0,534.0,497.0,786.0,1549.0,567.0,1665.0,722.0,,,,
34346,23:28.523,2,615.0,643.0,801.0,869.0,1825.0,655.0,1956.0,821.0,,,,
34361,23:29.023,1,1224.0,757.0,1329.0,904.0,,,,,,,,
34376,23:29.523,1,1196.0,769.0,1303.0,918.0,,,,,,,,
34391,23:30.025,1,1161.0,909.0,1265.0,1053.0,,,,,,,,
34406,23:30.525,2,982.0,725.0,1090.0,874.0,2013.0,641.0,2303.0,872.0,,,,
34421,23:31.025,1,1038.0,705.0,1145.0,856.0,,,,,,,,
34436,23:31.525,1,1068.0,810.0,1175.0,955.0,,,,,,,,
34451,23:32.025,1,1117.0,764.0,1223.0,912.0,,,,,,,,
34466,23:32.525,1,1120.0,759.0,1230.0,914.0,,,,,,,,
34481,23:33.025,1,1125.0,743.0,1232.0,893.0,,,,,,,,
34496,23:33.525,1,1158.0,515.0,1266.0,668.0,,,,,,,,
34511,23:34.027,1,1170.0,431.0,1279.0,589.0,,,,,,,,
34526,23:34.527,0,,,,,,,,,,,,
34541,23:35.027,0,,,,,,,,,,,,
34556,23:35.527,0,,,,,,,,,,,,
34571,23:36.027,0,,,,,,,,,,,,
34586,23:36.527,0,,,,,,,,,,,,
34601,23:37.027,0,,,,,,,,,,,,
34616,23:37.527,0,,,,,,,,,,,,
34631,23:38.028,0,,,,,,,,,,,,
34646,23:38.520,0,,,,,,,,,,,,
34661,23:39.020,0,,,,,,,,,,,,
34676,23:39.520,0,,,,,,,,,,,,
34691,23:40.020,0,,,,,,,,,,,,
34706,23:40.520,0,,,,,,,,,,,,
34721,23:41.020,0,,,,,,,,,,,,
34736,23:41.520,0,,,,,,,,,,,,
34751,23:42.022,0,,,,,,,,,,,,
34766,23:42.522,0,,,,,,,,,,,,
34781,23:43.022,0,,,,,,,,,,,,
34796,23:43.522,0,,,,,,,,,,,,
34811,23:44.022,0,,,,,,,,,,,,
34826,23:44.522,0,,,,,,,,,,,,
34841,23:45.022,0,,,,,,,,,,,,
34856,23:45.522,0,,,,,,,,,,,,
34871,23:46.023,0,,,,,,,,,,,,
34886,23:46.523,0,,,,,,,,,,,,
34901,23:47.023,0,,,,,,,,,,,,
34916,23:47.523,0,,,,,,,,,,,,
34931,23:48.023,0,,,,,,,,,,,,
34946,23:48.523,1,1112.0,417.0,1225.0,579.0,,,,,,,,
34961,23:49.023,1,1163.0,447.0,1271.0,605.0,,,,,,,,
34976,23:49.523,2,450.0,434.0,664.0,687.0,1709.0,588.0,1834.0,759.0,,,,
34991,23:50.025,2,658.0,354.0,851.0,606.0,1891.0,585.0,2032.0,760.0,,,,
35006,23:50.525,2,915.0,477.0,1090.0,715.0,2177.0,668.0,2346.0,855.0,,,,
35021,23:51.025,2,799.0,676.0,978.0,913.0,2039.0,725.0,2193.0,900.0,,,,
35036,23:51.525,2,708.0,653.0,893.0,885.0,1933.0,663.0,2075.0,836.0,,,,
35051,23:52.025,2,654.0,642.0,847.0,882.0,1884.0,623.0,2021.0,794.0,,,,
35066,23:52.525,2,761.0,381.0,947.0,631.0,2003.0,570.0,2154.0,749.0,,,,
35081,23:53.025,2,901.0,383.0,1082.0,632.0,2147.0,654.0,2311.0,843.0,,,,
35096,23:53.525,2,1000.0,461.0,1175.0,699.0,2268.0,758.0,2439.0,945.0,,,,
35111,23:54.027,2,924.0,632.0,1096.0,854.0,2184.0,765.0,2348.0,949.0,,,,
35126,23:54.527,2,838.0,630.0,1015.0,859.0,2075.0,750.0,2231.0,927.0,,,,
35141,23:55.027,2,623.0,559.0,816.0,804.0,1831.0,672.0,1964.0,835.0,,,,
35156,23:55.527,2,562.0,486.0,762.0,734.0,1792.0,541.0,1923.0,706.0,,,,
35171,23:56.027,2,600.0,488.0,798.0,741.0,1823.0,569.0,1956.0,737.0,,,,
35186,23:56.527,2,582.0,537.0,779.0,788.0,1795.0,632.0,1925.0,797.0,,,,
35201,23:57.018,2,1974.0,574.0,2236.0,866.0,889.0,780.0,1002.0,930.0,,,,
35216,23:57.518,2,1783.0,570.0,2003.0,839.0,726.0,832.0,846.0,987.0,,,,
35231,23:58.020,2,891.0,690.0,1004.0,843.0,1992.0,415.0,2241.0,718.0,,,,
35246,23:58.520,1,1107.0,596.0,1216.0,750.0,,,,,,,,
35261,23:59.020,2,1369.0,622.0,1482.0,773.0,-23.0,341.0,242.0,649.0,,,,
35276,23:59.520,2,287.0,461.0,520.0,728.0,1566.0,653.0,1686.0,810.0,,,,
35291,24:00.020,2,824.0,526.0,1003.0,763.0,2037.0,784.0,2187.0,962.0,,,,
35306,24:00.520,2,788.0,685.0,968.0,918.0,1990.0,832.0,2137.0,1001.0,,,,
35321,24:01.020,2,682.0,813.0,871.0,1047.0,1880.0,1065.0,2020.0,1238.0,,,,
35336,24:01.520,2,1444.0,999.0,1559.0,1153.0,182.0,772.0,413.0,1039.0,,,,
35351,24:02.022,2,1051.0,1112.0,1164.0,1263.0,2220.0,853.0,2490.0,1189.0,,,,
35366,24:02.522,2,643.0,795.0,823.0,1029.0,1782.0,1098.0,1915.0,1267.0,,,,
35381,24:03.022,2,690.0,530.0,872.0,772.0,1851.0,801.0,1988.0,970.0,,,,
35396,24:03.522,2,658.0,580.0,848.0,834.0,1859.0,712.0,1999.0,883.0,,,,
35411,24:04.022,2,760.0,536.0,943.0,788.0,1954.0,730.0,2100.0,906.0,,,,
35426,24:04.522,2,737.0,482.0,920.0,725.0,1920.0,678.0,2062.0,852.0,,,,
35441,24:05.022,2,729.0,470.0,912.0,713.0,1897.0,707.0,2038.0,880.0,,,,
35456,24:05.522,2,714.0,522.0,893.0,759.0,1886.0,716.0,2024.0,886.0,,,,
35471,24:06.023,2,715.0,507.0,895.0,746.0,1882.0,711.0,2020.0,881.0,,,,
35486,24:06.523,2,710.0,559.0,887.0,790.0,1883.0,680.0,2023.0,852.0,,,,
35501,24:07.023,2,697.0,544.0,875.0,786.0,1890.0,647.0,2029.0,819.0,,,,
35516,24:07.523,2,1897.0,638.0,2035.0,807.0,693.0,527.0,872.0,768.0,,,,
35531,24:08.023,2,683.0,530.0,862.0,772.0,1881.0,638.0,2020.0,805.0,,,,
35546,24:08.523,2,714.0,566.0,891.0,804.0,1919.0,671.0,2060.0,841.0,,,,
35561,24:09.023,2,688.0,570.0,864.0,817.0,1868.0,717.0,2005.0,886.0,,,,
35576,24:09.525,2,656.0,601.0,834.0,835.0,1822.0,774.0,1955.0,939.0,,,,
35591,24:10.025,2,1789.0,813.0,1918.0,980.0,647.0,592.0,827.0,828.0,,,,
35606,24:10.525,2,780.0,600.0,948.0,833.0,1942.0,783.0,2081.0,955.0,,,,
35621,24:11.025,2,826.0,580.0,1001.0,813.0,2025.0,711.0,2176.0,889.0,,,,
35636,24:11.525,2,703.0,587.0,883.0,819.0,1908.0,611.0,2049.0,785.0,,,,
35651,24:12.025,2,564.0,587.0,753.0,826.0,1760.0,675.0,1890.0,842.0,,,,
35666,24:12.525,2,618.0,541.0,802.0,788.0,1797.0,716.0,1930.0,883.0,,,,
35681,24:13.025,2,657.0,544.0,838.0,780.0,1827.0,728.0,1961.0,896.0,,,,
35696,24:13.527,2,1838.0,724.0,1973.0,897.0,664.0,529.0,844.0,771.0,,,,
35711,24:14.027,2,676.0,520.0,854.0,767.0,1851.0,729.0,1986.0,899.0,,,,
35726,24:14.527,2,658.0,524.0,838.0,765.0,1830.0,717.0,1965.0,890.0,,,,
35741,24:15.027,2,630.0,502.0,812.0,757.0,1810.0,703.0,1939.0,867.0,,,,
35756,24:15.527,2,631.0,510.0,811.0,752.0,1807.0,707.0,1937.0,871.0,,,,
35771,24:16.018,2,625.0,497.0,807.0,740.0,1803.0,708.0,1931.0,871.0,,,,
35786,24:16.518,2,648.0,507.0,825.0,746.0,1827.0,710.0,1960.0,876.0,,,,
35801,24:17.018,1,657.0,508.0,836.0,744.0,,,,,,,,
35816,24:17.520,1,654.0,499.0,833.0,740.0,,,,,,,,
35831,24:18.020,1,643.0,485.0,820.0,729.0,,,,,,,,
35846,24:18.520,1,638.0,479.0,819.0,726.0,,,,,,,,
35861,24:19.020,1,634.0,479.0,816.0,719.0,,,,,,,,
35876,24:19.520,1,636.0,478.0,815.0,717.0,,,,,,,,
35891,24:20.020,1,641.0,477.0,819.0,717.0,,,,,,,,
35906,24:20.520,1,636.0,477.0,814.0,719.0,,,,,,,,
35921,24:21.020,1,635.0,479.0,814.0,721.0,,,,,,,,
35936,24:21.522,1,637.0,470.0,815.0,709.0,,,,,,,,
35951,24:22.022,1,628.0,502.0,808.0,748.0,,,,,,,,
35966,24:22.522,1,602.0,529.0,784.0,772.0,,,,,,,,
35981,24:23.022,1,594.0,498.0,776.0,740.0,,,,,,,,
35996,24:23.522,1,590.0,501.0,772.0,741.0,,,,,,,,
36011,24:24.022,1,586.0,498.0,769.0,738.0,,,,,,,,
36026,24:24.522,1,588.0,497.0,769.0,744.0,,,,,,,,
36041,24:25.022,1,596.0,492.0,781.0,735.0,,,,,,,,
36056,24:25.523,1,598.0,493.0,781.0,734.0,,,,,,,,
36071,24:26.023,1,595.0,487.0,780.0,734.0,,,,,,,,
36086,24:26.523,1,598.0,487.0,782.0,730.0,,,,,,,,
36101,24:27.023,1,595.0,491.0,776.0,735.0,,,,,,,,
36116,24:27.523,1,583.0,495.0,765.0,745.0,,,,,,,,
36131,24:28.023,1,584.0,491.0,768.0,734.0,,,,,,,,
36146,24:28.523,1,581.0,488.0,765.0,730.0,,,,,,,,
36161,24:29.023,1,583.0,485.0,765.0,735.0,,,,,,,,
36176,24:29.525,1,579.0,483.0,769.0,729.0,,,,,,,,
36191,24:30.025,1,571.0,490.0,762.0,734.0,,,,,,,,
36206,24:30.525,1,584.0,477.0,776.0,726.0,,,,,,,,
36221,24:31.025,1,572.0,540.0,762.0,783.0,,,,,,,,
36236,24:31.525,1,569.0,495.0,760.0,744.0,,,,,,,,
36251,24:32.025,1,566.0,490.0,757.0,738.0,,,,,,,,
36266,24:32.525,1,171.0,548.0,402.0,816.0,,,,,,,,
36281,24:33.025,0,,,,,,,,,,,,
36296,24:33.527,1,1662.0,561.0,1891.0,828.0,,,,,,,,
36311,24:34.027,1,1575.0,571.0,1791.0,837.0,,,,,,,,
36326,24:34.527,1,1687.0,585.0,1896.0,853.0,,,,,,,,
36340,24:35.018,1,809.0,701.0,981.0,921.0,,,,,,,,
36355,24:35.518,1,866.0,675.0,1035.0,898.0,,,,,,,,
36370,24:36.018,1,855.0,666.0,1026.0,892.0,,,,,,,,
36385,24:36.518,1,849.0,662.0,1019.0,896.0,,,,,,,,
36400,24:37.018,1,842.0,664.0,1014.0,889.0,,,,,,,,
36415,24:37.520,1,840.0,663.0,1010.0,888.0,,,,,,,,
36430,24:38.020,1,823.0,658.0,996.0,883.0,,,,,,,,
36445,24:38.520,1,787.0,660.0,960.0,893.0,,,,,,,,
36460,24:39.020,1,785.0,667.0,953.0,894.0,,,,,,,,
36475,24:39.520,1,770.0,671.0,941.0,898.0,,,,,,,,
36490,24:40.020,1,751.0,680.0,924.0,906.0,,,,,,,,
36505,24:40.520,1,754.0,673.0,927.0,905.0,,,,,,,,
36520,24:41.020,1,747.0,679.0,918.0,909.0,,,,,,,,
36535,24:41.522,1,748.0,677.0,920.0,901.0,,,,,,,,
36550,24:42.022,1,754.0,674.0,927.0,898.0,,,,,,,,
36565,24:42.522,1,726.0,688.0,902.0,920.0,,,,,,,,
36580,24:43.022,2,1320.0,659.0,1427.0,811.0,-65.0,574.0,178.0,865.0,,,,
36595,24:43.522,0,,,,,,,,,,,,
36610,24:44.022,0,,,,,,,,,,,,
36625,24:44.522,0,,,,,,,,,,,,
36640,24:45.022,0,,,,,,,,,,,,
36655,24:45.523,0,,,,,,,,,,,,
36670,24:46.023,0,,,,,,,,,,,,
36685,24:46.523,0,,,,,,,,,,,,
36700,24:47.023,1,1118.0,138.0,1240.0,267.0,,,,,,,,
36715,24:47.523,1,1143.0,144.0,1261.0,281.0,,,,,,,,
36730,24:48.023,0,,,,,,,,,,,,
36745,24:48.523,0,,,,,,,,,,,,
36760,24:49.023,0,,,,,,,,,,,,
36775,24:49.525,0,,,,,,,,,,,,
36790,24:50.025,0,,,,,,,,,,,,
36805,24:50.525,0,,,,,,,,,,,,
36820,24:51.025,0,,,,,,,,,,,,
36835,24:51.525,0,,,,,,,,,,,,
36850,24:52.025,0,,,,,,,,,,,,
36865,24:52.525,0,,,,,,,,,,,,
36880,24:53.025,0,,,,,,,,,,,,
36895,24:53.527,0,,,,,,,,,,,,
36910,24:54.018,0,,,,,,,,,,,,
36925,24:54.518,0,,,,,,,,,,,,
36940,24:55.018,0,,,,,,,,,,,,
36955,24:55.518,0,,,,,,,,,,,,
36970,24:56.018,0,,,,,,,,,,,,
36985,24:56.518,0,,,,,,,,,,,,
37000,24:57.018,0,,,,,,,,,,,,
37015,24:57.520,0,,,,,,,,,,,,
37030,24:58.020,0,,,,,,,,,,,,
37045,24:58.520,0,,,,,,,,,,,,
37060,24:59.020,0,,,,,,,,,,,,
37075,24:59.520,0,,,,,,,,,,,,
37090,25:00.020,2,157.0,165.0,421.0,414.0,1615.0,147.0,1746.0,291.0,,,,
37105,25:00.520,2,663.0,347.0,868.0,602.0,2020.0,242.0,2185.0,438.0,,,,
37120,25:01.020,1,1293.0,525.0,1405.0,675.0,,,,,,,,
37135,25:01.522,2,1268.0,419.0,1484.0,707.0,33.0,690.0,206.0,876.0,,,,
37150,25:02.022,2,1234.0,451.0,1450.0,732.0,-1.0,732.0,170.0,925.0,,,,
37165,25:02.522,2,1237.0,494.0,1453.0,775.0,14.0,846.0,192.0,1038.0,,,,
37180,25:03.022,2,1399.0,403.0,1630.0,694.0,264.0,770.0,418.0,953.0,,,,
37195,25:03.522,1,1210.0,633.0,1324.0,784.0,,,,,,,,
37210,25:04.022,2,258.0,335.0,492.0,621.0,1609.0,537.0,1734.0,699.0,,,,
37225,25:04.522,2,697.0,341.0,890.0,611.0,2000.0,531.0,2158.0,717.0,,,,
37240,25:05.022,2,551.0,400.0,753.0,669.0,1833.0,594.0,1973.0,767.0,,,,
37255,25:05.523,2,779.0,679.0,894.0,841.0,1919.0,483.0,2189.0,800.0,,,,
37270,25:06.023,2,1349.0,563.0,1558.0,841.0,159.0,749.0,318.0,931.0,,,,
37285,25:06.523,2,1353.0,520.0,1569.0,798.0,160.0,712.0,318.0,895.0,,,,
37300,25:07.023,2,1356.0,489.0,1571.0,774.0,148.0,689.0,311.0,871.0,,,,
37315,25:07.523,2,1687.0,476.0,1921.0,783.0,558.0,649.0,687.0,815.0,,,,
37330,25:08.023,2,989.0,628.0,1101.0,783.0,2211.0,498.0,2465.0,830.0,,,,
37345,25:08.523,1,1041.0,627.0,1150.0,777.0,,,,,,,,
37360,25:09.023,1,1047.0,631.0,1157.0,785.0,,,,,,,,
37375,25:09.525,1,1066.0,602.0,1177.0,755.0,,,,,,,,
37390,25:10.025,1,1063.0,538.0,1174.0,689.0,,,,,,,,
37405,25:10.525,1,1083.0,488.0,1194.0,643.0,,,,,,,,
37420,25:11.025,1,1062.0,439.0,1175.0,595.0,,,,,,,,
37435,25:11.525,1,1022.0,407.0,1135.0,564.0,,,,,,,,
37450,25:12.025,1,1201.0,371.0,1318.0,532.0,,,,,,,,
37465,25:12.525,2,638.0,263.0,840.0,530.0,1998.0,326.0,2155.0,513.0,,,,
37480,25:13.025,2,707.0,351.0,902.0,609.0,2049.0,406.0,2210.0,595.0,,,,
37495,25:13.518,2,734.0,398.0,924.0,647.0,2062.0,478.0,2223.0,661.0,,,,
37510,25:14.018,2,720.0,428.0,910.0,675.0,2037.0,526.0,2194.0,709.0,,,,
37525,25:14.518,2,717.0,439.0,906.0,682.0,2036.0,535.0,2192.0,721.0,,,,
37540,25:15.018,2,702.0,442.0,891.0,688.0,2014.0,544.0,2168.0,727.0,,,,
37555,25:15.518,2,489.0,406.0,694.0,662.0,1784.0,533.0,1918.0,708.0,,,,
37570,25:16.018,2,293.0,395.0,523.0,659.0,1631.0,501.0,1755.0,664.0,,,,
37585,25:16.518,2,1609.0,496.0,1731.0,660.0,256.0,377.0,490.0,645.0,,,,
37600,25:17.018,2,1406.0,515.0,1521.0,666.0,-37.0,402.0,223.0,692.0,,,,
37615,25:17.520,1,1269.0,535.0,1384.0,690.0,,,,,,,,
37630,25:18.020,1,1011.0,845.0,1122.0,1003.0,,,,,,,,
37645,25:18.520,2,479.0,984.0,615.0,1160.0,1704.0,698.0,1958.0,1012.0,,,,
37660,25:19.020,2,1539.0,699.0,1760.0,986.0,350.0,995.0,492.0,1177.0,,,,
37675,25:19.520,2,351.0,891.0,495.0,1071.0,1533.0,603.0,1750.0,892.0,,,,
37690,25:20.020,2,416.0,772.0,554.0,946.0,1602.0,500.0,1822.0,795.0,,,,
37705,25:20.520,2,700.0,733.0,820.0,893.0,1885.0,433.0,2143.0,757.0,,,,
37720,25:21.020,1,1015.0,684.0,1125.0,840.0,,,,,,,,
37735,25:21.522,1,1041.0,683.0,1149.0,836.0,,,,,,,,
37750,25:22.022,2,1773.0,499.0,2019.0,817.0,599.0,793.0,726.0,957.0,,,,
37765,25:22.522,2,1372.0,576.0,1579.0,855.0,155.0,923.0,316.0,1107.0,,,,
37780,25:23.022,2,1349.0,582.0,1555.0,863.0,139.0,950.0,300.0,1137.0,,,,
37795,25:23.522,2,1355.0,603.0,1570.0,889.0,169.0,979.0,328.0,1165.0,,,,
37809,25:24.022,2,826.0,979.0,940.0,1130.0,1980.0,678.0,2272.0,1016.0,,,,
37824,25:24.522,2,974.0,1050.0,1086.0,1204.0,2229.0,916.0,2500.0,1270.0,,,,
37839,25:25.022,2,807.0,1196.0,926.0,1363.0,2025.0,1080.0,2318.0,1444.0,,,,
37854,25:25.523,2,1281.0,1049.0,1391.0,1200.0,-79.0,687.0,160.0,980.0,,,,
37869,25:26.023,2,-14.0,466.0,229.0,752.0,1334.0,841.0,1443.0,991.0,,,,
37884,25:26.523,1,1093.0,328.0,1208.0,498.0,,,,,,,,
37899,25:27.023,1,1085.0,155.0,1204.0,310.0,,,,,,,,
37914,25:27.523,1,1122.0,140.0,1244.0,262.0,,,,,,,,
37929,25:28.023,1,1140.0,140.0,1262.0,269.0,,,,,,,,
37944,25:28.523,1,1168.0,156.0,1289.0,307.0,,,,,,,,
37959,25:29.023,1,1181.0,151.0,1303.0,299.0,,,,,,,,
37974,25:29.525,1,1186.0,151.0,1308.0,256.0,,,,,,,,
37989,25:30.025,1,1154.0,148.0,1276.0,297.0,,,,,,,,
38004,25:30.525,1,1125.0,175.0,1246.0,355.0,,,,,,,,
38019,25:31.025,1,1109.0,186.0,1230.0,362.0,,,,,,,,
38034,25:31.525,1,1102.0,290.0,1218.0,458.0,,,,,,,,
38049,25:32.025,2,898.0,512.0,1012.0,669.0,2179.0,327.0,2422.0,672.0,,,,
38064,25:32.525,2,605.0,514.0,733.0,679.0,1851.0,406.0,2102.0,734.0,,,,
38079,25:33.025,2,1488.0,541.0,1699.0,829.0,229.0,687.0,383.0,872.0,,,,
38094,25:33.527,2,1449.0,596.0,1655.0,871.0,214.0,804.0,366.0,985.0,,,,
38109,25:34.027,2,1542.0,524.0,1754.0,813.0,325.0,722.0,470.0,898.0,,,,
38124,25:34.518,1,1044.0,845.0,1152.0,994.0,,,,,,,,
38139,25:35.018,1,1099.0,870.0,1207.0,1016.0,,,,,,,,
38154,25:35.518,1,1053.0,870.0,1162.0,1015.0,,,,,,,,
38169,25:36.018,1,1029.0,852.0,1138.0,1001.0,,,,,,,,
38184,25:36.518,1,1017.0,836.0,1128.0,987.0,,,,,,,,
38199,25:37.020,1,1007.0,832.0,1118.0,981.0,,,,,,,,
38214,25:37.520,1,1105.0,441.0,1217.0,596.0,,,,,,,,
38229,25:38.020,1,1305.0,290.0,1424.0,457.0,,,,,,,,
38244,25:38.520,0,,,,,,,,,,,,
38259,25:39.020,0,,,,,,,,,,,,
38274,25:39.520,0,,,,,,,,,,,,
38289,25:40.020,1,1245.0,145.0,1370.0,260.0,,,,,,,,
38304,25:40.520,1,1204.0,154.0,1332.0,245.0,,,,,,,,
38319,25:41.022,1,1209.0,151.0,1340.0,244.0,,,,,,,,
38334,25:41.522,1,1216.0,144.0,1341.0,265.0,,,,,,,,
38349,25:42.022,1,1208.0,143.0,1329.0,274.0,,,,,,,,
38364,25:42.522,1,1177.0,228.0,1296.0,401.0,,,,,,,,
38379,25:43.038,2,895.0,418.0,1011.0,580.0,2216.0,285.0,2478.0,646.0,,,,
38394,25:43.522,2,1613.0,428.0,1850.0,737.0,390.0,557.0,533.0,736.0,,,,
38409,25:44.022,2,867.0,594.0,981.0,753.0,2116.0,439.0,2403.0,783.0,,,,
38424,25:44.522,2,718.0,566.0,840.0,729.0,1933.0,433.0,2212.0,767.0,,,,
38439,25:45.023,2,1865.0,493.0,2127.0,808.0,677.0,654.0,801.0,814.0,,,,
38454,25:45.523,2,578.0,683.0,708.0,847.0,1758.0,534.0,2006.0,839.0,,,,
38469,25:46.023,2,1686.0,523.0,1929.0,824.0,506.0,678.0,638.0,843.0,,,,
38484,25:46.523,2,1769.0,504.0,2024.0,816.0,591.0,681.0,718.0,843.0,,,,
38499,25:47.023,2,352.0,541.0,565.0,797.0,1642.0,720.0,1765.0,877.0,,,,
38514,25:47.523,2,432.0,523.0,636.0,776.0,1705.0,727.0,1833.0,886.0,,,,
38529,25:48.023,1,-26.0,518.0,229.0,811.0,,,,,,,,
38544,25:48.523,0,,,,,,,,,,,,
38559,25:49.025,0,,,,,,,,,,,,
38574,25:49.525,0,,,,,,,,,,,,
38589,25:50.025,0,,,,,,,,,,,,
38604,25:50.525,0,,,,,,,,,,,,
38619,25:51.025,0,,,,,,,,,,,,
38634,25:51.525,1,622.0,385.0,811.0,638.0,,,,,,,,
38649,25:52.025,1,910.0,460.0,1082.0,697.0,,,,,,,,
38664,25:52.525,1,889.0,490.0,1061.0,720.0,,,,,,,,
38679,25:53.027,1,854.0,485.0,1027.0,717.0,,,,,,,,
38694,25:53.527,1,790.0,453.0,968.0,693.0,,,,,,,,
38709,25:54.018,1,757.0,481.0,933.0,717.0,,,,,,,,
38724,25:54.518,1,725.0,467.0,905.0,709.0,,,,,,,,
38739,25:55.018,1,728.0,482.0,908.0,721.0,,,,,,,,
38754,25:55.518,1,380.0,455.0,592.0,713.0,,,,,,,,
38769,25:56.018,0,,,,,,,,,,,,
38784,25:56.518,1,1897.0,608.0,2091.0,888.0,,,,,,,,
38799,25:57.020,1,1788.0,642.0,1935.0,876.0,,,,,,,,
38814,25:57.520,1,2272.0,594.0,2436.0,858.0,,,,,,,,
38829,25:58.020,1,749.0,703.0,924.0,935.0,,,,,,,,
38844,25:58.520,1,773.0,678.0,947.0,907.0,,,,,,,,
38859,25:59.020,1,704.0,665.0,885.0,896.0,,,,,,,,
38874,25:59.520,0,,,,,,,,,,,,
38889,26:00.020,1,1432.0,586.0,1626.0,827.0,,,,,,,,
38904,26:00.520,1,1417.0,592.0,1597.0,822.0,,,,,,,,
38919,26:01.022,1,1417.0,606.0,1593.0,833.0,,,,,,,,
38934,26:01.522,1,1421.0,595.0,1600.0,820.0,,,,,,,,
38949,26:02.022,1,1438.0,608.0,1615.0,836.0,,,,,,,,
38964,26:02.522,1,1412.0,631.0,1584.0,855.0,,,,,,,,
38979,26:03.022,1,1320.0,644.0,1490.0,864.0,,,,,,,,
38994,26:03.522,1,1312.0,636.0,1487.0,852.0,,,,,,,,
39009,26:04.022,1,1363.0,623.0,1537.0,843.0,,,,,,,,
39024,26:04.522,1,1503.0,613.0,1676.0,837.0,,,,,,,,
39039,26:05.023,1,1387.0,597.0,1558.0,817.0,,,,,,,,
39054,26:05.523,1,1429.0,641.0,1602.0,860.0,,,,,,,,
39069,26:06.023,1,1338.0,614.0,1512.0,839.0,,,,,,,,
39084,26:06.523,1,1279.0,590.0,1451.0,809.0,,,,,,,,
39099,26:07.023,1,1252.0,577.0,1422.0,797.0,,,,,,,,
39114,26:07.523,1,1245.0,544.0,1414.0,765.0,,,,,,,,
39129,26:08.023,1,1262.0,516.0,1431.0,740.0,,,,,,,,
39144,26:08.523,1,1315.0,558.0,1490.0,785.0,,,,,,,,
39159,26:09.025,0,,,,,,,,,,,,
39175,26:09.525,1,478.0,485.0,681.0,742.0,,,,,,,,
39190,26:10.025,1,724.0,588.0,906.0,823.0,,,,,,,,
39205,26:10.525,1,692.0,609.0,874.0,848.0,,,,,,,,
39219,26:11.025,1,88.0,569.0,339.0,845.0,,,,,,,,
39234,26:11.525,1,1486.0,559.0,1661.0,787.0,,,,,,,,
39249,26:12.025,1,1411.0,563.0,1588.0,788.0,,,,,,,,
39264,26:12.525,1,1389.0,549.0,1560.0,770.0,,,,,,,,
39279,26:13.027,1,1403.0,542.0,1572.0,765.0,,,,,,,,
39294,26:13.518,1,1354.0,548.0,1533.0,769.0,,,,,,,,
39309,26:14.018,1,1298.0,578.0,1469.0,773.0,,,,,,,,
39324,26:14.518,1,1345.0,665.0,1513.0,857.0,,,,,,,,
39339,26:15.018,1,1449.0,712.0,1635.0,942.0,,,,,,,,
39354,26:15.518,1,1336.0,700.0,1517.0,931.0,,,,,,,,
39369,26:16.018,1,1315.0,682.0,1496.0,914.0,,,,,,,,
39384,26:16.518,1,1404.0,626.0,1581.0,868.0,,,,,,,,
39399,26:17.020,1,480.0,540.0,675.0,790.0,,,,,,,,
39414,26:17.520,1,983.0,355.0,1158.0,595.0,,,,,,,,
39429,26:18.020,1,918.0,376.0,1093.0,613.0,,,,,,,,
39444,26:18.520,1,743.0,301.0,931.0,557.0,,,,,,,,
39459,26:19.020,1,941.0,639.0,1110.0,866.0,,,,,,,,
39474,26:19.520,1,482.0,773.0,681.0,1025.0,,,,,,,,
39489,26:20.020,1,-27.0,684.0,214.0,964.0,,,,,,,,
39504,26:20.520,1,45.0,587.0,290.0,867.0,,,,,,,,
39519,26:21.022,1,586.0,582.0,761.0,821.0,,,,,,,,
39534,26:21.522,1,599.0,537.0,784.0,783.0,,,,,,,,
39549,26:22.022,1,593.0,552.0,780.0,796.0,,,,,,,,
39564,26:22.522,1,333.0,809.0,544.0,1060.0,,,,,,,,
39579,26:23.022,1,1230.0,774.0,1395.0,988.0,,,,,,,,
39594,26:23.522,1,2022.0,777.0,2253.0,1029.0,,,,,,,,
39609,26:24.022,1,1933.0,811.0,2151.0,1056.0,,,,,,,,
39624,26:24.522,1,1618.0,897.0,1802.0,1116.0,,,,,,,,
39636,26:25.023,1,1295.0,1122.0,1475.0,1277.0,,,,,,,,
39651,26:25.523,1,1190.0,1134.0,1369.0,1281.0,,,,,,,,
39666,26:26.023,1,1177.0,1096.0,1343.0,1253.0,,,,,,,,
39681,26:26.523,1,1147.0,1035.0,1305.0,1234.0,,,,,,,,
39694,26:27.023,1,2063.0,619.0,2267.0,884.0,,,,,,,,
39709,26:27.523,1,1757.0,328.0,1928.0,590.0,,,,,,,,
39724,26:28.023,1,1765.0,294.0,1937.0,567.0,,,,,,,,
39739,26:28.523,1,1818.0,310.0,1992.0,577.0,,,,,,,,
39754,26:29.025,1,2056.0,377.0,2253.0,661.0,,,,,,,,
39769,26:29.525,1,2076.0,397.0,2280.0,676.0,,,,,,,,
39784,26:30.025,1,2130.0,398.0,2340.0,678.0,,,,,,,,
39799,26:30.525,1,644.0,632.0,801.0,852.0,,,,,,,,
39814,26:31.025,1,1153.0,719.0,1297.0,931.0,,,,,,,,
39829,26:31.525,1,1108.0,714.0,1250.0,913.0,,,,,,,,
39844,26:32.025,1,1022.0,488.0,1170.0,716.0,,,,,,,,
39859,26:32.517,1,1049.0,519.0,1196.0,745.0,,,,,,,,
39874,26:33.018,1,974.0,528.0,1132.0,756.0,,,,,,,,
39889,26:33.518,1,957.0,452.0,1131.0,686.0,,,,,,,,
39904,26:34.018,1,936.0,419.0,1112.0,655.0,,,,,,,,
39920,26:34.518,1,906.0,476.0,1083.0,709.0,,,,,,,,
39936,26:35.002,1,779.0,535.0,959.0,770.0,,,,,,,,
39952,26:35.518,1,311.0,540.0,537.0,805.0,,,,,,,,
39967,26:36.018,0,,,,,,,,,,,,
39983,26:36.518,0,,,,,,,,,,,,
39998,26:37.020,1,-34.0,573.0,233.0,843.0,,,,,,,,
40013,26:37.520,1,801.0,490.0,977.0,723.0,,,,,,,,
40028,26:38.020,1,848.0,653.0,1023.0,878.0,,,,,,,,
40043,26:38.520,1,869.0,614.0,1038.0,835.0,,,,,,,,
40058,26:39.020,1,837.0,534.0,1009.0,763.0,,,,,,,,
40073,26:39.520,1,858.0,498.0,1032.0,730.0,,,,,,,,
40088,26:40.003,1,832.0,542.0,1005.0,767.0,,,,,,,,
40104,26:40.520,1,837.0,535.0,1009.0,763.0,,,,,,,,
40120,26:41.038,1,846.0,531.0,1018.0,763.0,,,,,,,,
40136,26:41.522,0,,,,,,,,,,,,
40151,26:42.022,1,66.0,527.0,323.0,836.0,,,,,,,,
40166,26:42.522,1,2.0,552.0,266.0,870.0,,,,,,,,
40181,26:43.022,0,,,,,,,,,,,,
40196,26:43.522,0,,,,,,,,,,,,
40211,26:44.022,0,,,,,,,,,,,,
40226,26:44.522,0,,,,,,,,,,,,
40241,26:45.023,0,,,,,,,,,,,,
40256,26:45.523,0,,,,,,,,,,,,
40271,26:46.023,0,,,,,,,,,,,,
40286,26:46.523,0,,,,,,,,,,,,
40301,26:47.023,0,,,,,,,,,,,,
40316,26:47.523,0,,,,,,,,,,,,
40331,26:48.023,0,,,,,,,,,,,,
40346,26:48.523,0,,,,,,,,,,,,
40361,26:49.025,0,,,,,,,,,,,,
40376,26:49.525,0,,,,,,,,,,,,
40391,26:50.025,0,,,,,,,,,,,,
40406,26:50.525,0,,,,,,,,,,,,
40421,26:51.025,0,,,,,,,,,,,,
40436,26:51.525,1,1573.0,619.0,1800.0,921.0,,,,,,,,
40451,26:52.025,1,1160.0,690.0,1360.0,970.0,,,,,,,,
40466,26:52.525,1,771.0,713.0,977.0,997.0,,,,,,,,
40481,26:53.018,1,729.0,710.0,937.0,999.0,,,,,,,,
40496,26:53.518,1,888.0,709.0,1086.0,995.0,,,,,,,,
40511,26:54.018,0,,,,,,,,,,,,
40526,26:54.518,1,1088.0,650.0,1233.0,900.0,,,,,,,,
40541,26:55.018,1,1001.0,661.0,1149.0,914.0,,,,,,,,
40556,26:55.518,1,999.0,671.0,1142.0,925.0,,,,,,,,
40571,26:56.018,1,973.0,681.0,1119.0,933.0,,,,,,,,
40586,26:56.518,1,965.0,684.0,1112.0,934.0,,,,,,,,
40601,26:57.020,1,964.0,681.0,1109.0,931.0,,,,,,,,
40616,26:57.520,1,959.0,682.0,1103.0,931.0,,,,,,,,
40632,26:58.020,1,958.0,682.0,1101.0,933.0,,,,,,,,
40647,26:58.520,1,959.0,681.0,1105.0,933.0,,,,,,,,
40662,26:59.020,1,952.0,682.0,1098.0,934.0,,,,,,,,
40677,26:59.520,1,945.0,690.0,1092.0,946.0,,,,,,,,
40692,27:00.020,1,943.0,700.0,1088.0,949.0,,,,,,,,
40707,27:00.520,1,932.0,688.0,1078.0,946.0,,,,,,,,
40722,27:01.022,1,927.0,684.0,1075.0,943.0,,,,,,,,
40737,27:01.522,1,926.0,680.0,1076.0,936.0,,,,,,,,
40752,27:02.022,1,919.0,678.0,1068.0,935.0,,,,,,,,
40767,27:02.522,1,913.0,680.0,1066.0,936.0,,,,,,,,
40782,27:03.022,1,907.0,680.0,1061.0,934.0,,,,,,,,
40797,27:03.522,1,902.0,680.0,1055.0,945.0,,,,,,,,
40812,27:04.022,1,888.0,678.0,1038.0,936.0,,,,,,,,
40827,27:04.523,1,867.0,681.0,1020.0,940.0,,,,,,,,
40842,27:05.023,1,527.0,633.0,699.0,908.0,,,,,,,,
40855,27:05.507,0,,,,,,,,,,,,
40871,27:06.023,1,2028.0,193.0,2326.0,525.0,,,,,,,,
40886,27:06.523,1,1233.0,506.0,1440.0,784.0,,,,,,,,
40901,27:07.023,1,1129.0,551.0,1330.0,822.0,,,,,,,,
40915,27:07.523,1,1147.0,540.0,1348.0,811.0,,,,,,,,
40931,27:08.073,1,920.0,573.0,1090.0,790.0,,,,,,,,
40945,27:08.525,1,1336.0,604.0,1503.0,826.0,,,,,,,,
40960,27:09.025,1,1154.0,559.0,1320.0,785.0,,,,,,,,
40975,27:09.525,1,1109.0,538.0,1276.0,769.0,,,,,,,,
40990,27:10.025,1,1097.0,558.0,1263.0,787.0,,,,,,,,
41005,27:10.525,1,969.0,581.0,1138.0,808.0,,,,,,,,
41020,27:11.025,2,1749.0,587.0,1925.0,800.0,-103.0,589.0,145.0,895.0,,,,
41035,27:11.525,1,1273.0,624.0,1422.0,815.0,,,,,,,,
41051,27:12.025,2,1846.0,529.0,2027.0,749.0,45.0,591.0,285.0,870.0,,,,
41066,27:12.518,1,917.0,561.0,1091.0,788.0,,,,,,,,
41082,27:13.018,1,1022.0,558.0,1186.0,787.0,,,,,,,,
41097,27:13.518,1,938.0,530.0,1106.0,766.0,,,,,,,,
41112,27:14.018,2,1752.0,494.0,1920.0,708.0,-104.0,461.0,128.0,775.0,,,,
41127,27:14.518,2,1838.0,416.0,2017.0,631.0,-18.0,421.0,230.0,720.0,,,,
41143,27:15.018,1,515.0,387.0,714.0,658.0,,,,,,,,
41158,27:15.518,1,645.0,330.0,841.0,591.0,,,,,,,,
41174,27:16.018,1,720.0,378.0,903.0,653.0,,,,,,,,
41191,27:16.520,1,685.0,761.0,865.0,1027.0,,,,,,,,
41212,27:17.003,0,,,,,,,,,,,,
41226,27:17.537,0,,,,,,,,,,,,
41253,27:18.003,0,,,,,,,,,,,,
41283,27:18.512,0,,,,,,,,,,,,
